// Generated from: background.png
// Format: RGB565_BE
// Original size: 320x240 = 153600 bytes

const uint16_t background_width = 320;
const uint16_t background_height = 240;

const uint8_t background_data[] PROGMEM = {
    0x2A, 0x1A, 0x2A, 0x1A, 0x2A, 0x1A, 0x2A, 0x1A, 0x2A, 0x1A, 0x2A, 0x1A, 0x2A, 0x1A, 0x2A, 0x1A,
    0x2A, 0x1A, 0x2A, 0x1A, 0x2A, 0x1A, 0x2A, 0x1A, 0x2A, 0x1A, 0x2A, 0x1A, 0x2A, 0x1A, 0x2A, 0x1A,
    0x2A, 0x1A, 0x2A, 0x1A, 0x2A, 0x1A, 0x2A, 0x1A, 0x2A, 0x1A, 0x2A, 0x1A, 0x2A, 0x1A, 0x2A, 0x1A,
    0x2A, 0x1A, 0x2A, 0x1A, 0x2A, 0x1A, 0x2A, 0x1A, 0x2A, 0x1A, 0x2A, 0x1A, 0x2A, 0x1A, 0x2A, 0x1A,
    0x2A, 0x1A, 0x2A, 0x1A, 0x2A, 0x1A, 0x2A, 0x1A, 0x2A, 0x1A, 0x2A, 0x1A, 0x2A, 0x1A, 0x2A, 0x1A,
    0x2A, 0x1A, 0x2A, 0x1A, 0x2A, 0x1A, 0x2A, 0x1A, 0x2A, 0x1A, 0x2A, 0x1A, 0x2A, 0x1A, 0x2A, 0x1A,
    0x2A, 0x1A, 0x2A, 0x1A, 0x2A, 0x1A, 0x2A, 0x1A, 0x2A, 0x1A, 0x2A, 0x1A, 0x2A, 0x1A, 0x2A, 0x1A,
    0x2A, 0x1A, 0x2A, 0x1A, 0x2A, 0x1A, 0x2A, 0x1A, 0x2A, 0x1A, 0x2A, 0x1A, 0x2A, 0x1A, 0x2A, 0x1A,
    0x2A, 0x1A, 0x2A, 0x1A, 0x2A, 0x1A, 0x2A, 0x1A, 0x2A, 0x1A, 0x2A, 0x1A, 0x2A, 0x1A, 0x2A, 0x1A,
    0x2A, 0x1A, 0x2A, 0x1A, 0x2A, 0x1A, 0x2A, 0x1A, 0x2A, 0x1A, 0x2A, 0x1A, 0x2A, 0x1A, 0x2A, 0x1A,
    0x2A, 0x1A, 0x2A, 0x1A, 0x2A, 0x1A, 0x2A, 0x1A, 0x2A, 0x1A, 0x2A, 0x1A, 0x2A, 0x1A, 0x2A, 0x1A,
    0x2A, 0x1A, 0x2A, 0x1A, 0x2A, 0x1A, 0x2A, 0x1A, 0x2A, 0x1A, 0x2A, 0x1A, 0x2A, 0x1A, 0x2A, 0x1A,
    0x2A, 0x1A, 0x2A, 0x1A, 0x2A, 0x1A, 0x2A, 0x1A, 0x2A, 0x1A, 0x2A, 0x1A, 0x2A, 0x1A, 0x2A, 0x1A,
    0x2A, 0x1A, 0x2A, 0x1A, 0x2A, 0x1A, 0x2A, 0x1A, 0x2A, 0x1A, 0x2A, 0x1A, 0x2A, 0x1A, 0x2A, 0x1A,
    0x2A, 0x1A, 0x2A, 0x1A, 0x2A, 0x1A, 0x2A, 0x1A, 0x2A, 0x1A, 0x2A, 0x1A, 0x2A, 0x1A, 0x2A, 0x1A,
    0x2A, 0x1A, 0x2A, 0x1A, 0x2A, 0x1A, 0x2A, 0x1A, 0x2A, 0x1A, 0x2A, 0x1A, 0x2A, 0x1A, 0x2A, 0x1A,
    0x2A, 0x1A, 0x2A, 0x1A, 0x2A, 0x1A, 0x2A, 0x1A, 0x2A, 0x1A, 0x2A, 0x1A, 0x2A, 0x1A, 0x2A, 0x1A,
    0x2A, 0x1A, 0x2A, 0x1A, 0x2A, 0x1A, 0x2A, 0x1A, 0x2A, 0x1A, 0x2A, 0x1A, 0x2A, 0x1A, 0x2A, 0x1A,
    0x2A, 0x1A, 0x2A, 0x1A, 0x2A, 0x1A, 0x2A, 0x1A, 0x2A, 0x1A, 0x2A, 0x1A, 0x2A, 0x1A, 0x2A, 0x1A,
    0x2A, 0x1A, 0x2A, 0x1A, 0x2A, 0x1A, 0x2A, 0x1A, 0x2A, 0x1A, 0x2A, 0x1A, 0x2A, 0x1A, 0x2A, 0x1A,
    0x2A, 0x1A, 0x2A, 0x1A, 0x2A, 0x1A, 0x2A, 0x1A, 0x2A, 0x1A, 0x2A, 0x1A, 0x2A, 0x1A, 0x2A, 0x1A,
    0x2A, 0x1A, 0x2A, 0x1A, 0x2A, 0x1A, 0x2A, 0x1A, 0x2A, 0x1A, 0x2A, 0x1A, 0x2A, 0x1A, 0x2A, 0x1A,
    0x2A, 0x1A, 0x2A, 0x1A, 0x2A, 0x1A, 0x2A, 0x1A, 0x2A, 0x1A, 0x2A, 0x1A, 0x2A, 0x1A, 0x2A, 0x1A,
    0x2A, 0x1A, 0x2A, 0x1A, 0x2A, 0x1A, 0x2A, 0x1A, 0x2A, 0x1A, 0x2A, 0x1A, 0x2A, 0x1A, 0x2A, 0x1A,
    0x2A, 0x1A, 0x2A, 0x1A, 0x2A, 0x1A, 0x2A, 0x1A, 0x2A, 0x1A, 0x2A, 0x1A, 0x2A, 0x1A, 0x2A, 0x1A,
    0x2A, 0x1A, 0x2A, 0x1A, 0x2A, 0x1A, 0x2A, 0x1A, 0x2A, 0x1A, 0x2A, 0x1A, 0x2A, 0x1A, 0x2A, 0x1A,
    0x2A, 0x1A, 0x2A, 0x1A, 0x2A, 0x1A, 0x2A, 0x1A, 0x2A, 0x1A, 0x2A, 0x1A, 0x2A, 0x1A, 0x2A, 0x1A,
    0x2A, 0x1A, 0x2A, 0x1A, 0x2A, 0x1A, 0x2A, 0x1A, 0x2A, 0x1A, 0x2A, 0x1A, 0x2A, 0x1A, 0x2A, 0x1A,
    0x2A, 0x1A, 0x2A, 0x1A, 0x2A, 0x1A, 0x2A, 0x1A, 0x2A, 0x1A, 0x2A, 0x1A, 0x2A, 0x1A, 0x2A, 0x1A,
    0x2A, 0x1A, 0x2A, 0x1A, 0x2A, 0x1A, 0x2A, 0x1A, 0x21, 0xB5, 0x00, 0x00, 0x53, 0x3A, 0x6B, 0xDF,
    0x6B, 0xDF, 0x6B, 0xDF, 0x63, 0xDF, 0x63, 0xDF, 0x63, 0xDF, 0x6B, 0xDF, 0x6B, 0xDF, 0x6B, 0xDF,
    0x6B, 0xDF, 0x6B, 0xDF, 0x6B, 0xFF, 0x6B, 0xFF, 0x6B, 0xFF, 0x6B, 0xFF, 0x6B, 0xFF, 0x6B, 0xFF,
    0x6B, 0xFF, 0x6B, 0xFF, 0x6B, 0xDF, 0x6B, 0xDF, 0x6B, 0xDF, 0x6B, 0xDF, 0x6B, 0xDF, 0x63, 0xDF,
    0x63, 0xDF, 0x6B, 0xDF, 0x6B, 0xDF, 0x6B, 0xDF, 0x6B, 0xDF, 0x6B, 0xDF, 0x6B, 0xDF, 0x6B, 0xFF,
    0x6B, 0xFF, 0x6B, 0xFF, 0x6B, 0xFF, 0x6B, 0xFF, 0x6B, 0xFF, 0x6B, 0xFF, 0x6B, 0xFF, 0x6B, 0xFF,
    0x6B, 0xDF, 0x6B, 0xDF, 0x6B, 0xDF, 0x63, 0xDF, 0x63, 0xDF, 0x63, 0xDF, 0x6B, 0xDF, 0x6B, 0xDF,
    0x6B, 0xDF, 0x6B, 0xDF, 0x6B, 0xDF, 0x6B, 0xFF, 0x6B, 0xFF, 0x6B, 0xFF, 0x6B, 0xFF, 0x6B, 0xFF,
    0x6B, 0xFF, 0x6B, 0xFF, 0x6B, 0xFF, 0x6B, 0xDF, 0x6B, 0xDF, 0x6B, 0xDF, 0x6B, 0xDF, 0x6B, 0xDF,
    0x63, 0xDF, 0x63, 0xDF, 0x6B, 0xDF, 0x6B, 0xDF, 0x6B, 0xDF, 0x6B, 0xDF, 0x6B, 0xDF, 0x6B, 0xDF,
    0x6B, 0xFF, 0x6B, 0xFF, 0x6B, 0xFF, 0x6B, 0xFF, 0x6B, 0xFF, 0x6B, 0xFF, 0x6B, 0xFF, 0x6B, 0xFF,
    0x2A, 0x1A, 0x2A, 0x1A, 0x2A, 0x1A, 0x2A, 0x1A, 0x29, 0xF9, 0x29, 0xF9, 0x29, 0xF9, 0x2A, 0x1A,
    0x2A, 0x1A, 0x2A, 0x1B, 0x2A, 0x1A, 0x2A, 0x1A, 0x2A, 0x1A, 0x29, 0xF9, 0x29, 0xF9, 0x2A, 0x1A,
    0x32, 0x3B, 0x32, 0x3C, 0x32, 0x3C, 0x32, 0x3B, 0x2A, 0x1B, 0x2A, 0x1A, 0x2A, 0x1B, 0x2A, 0x1A,
    0x29, 0xF9, 0x29, 0xF9, 0x29, 0xFA, 0x2A, 0x1A, 0x2A, 0x1A, 0x2A, 0x1A, 0x2A, 0x1A, 0x2A, 0x1A,
    0x2A, 0x1A, 0x2A, 0x1B, 0x32, 0x3C, 0x32, 0x3B, 0x2A, 0x1A, 0x29, 0xF9, 0x29, 0xF9, 0x2A, 0x19,
    0x2A, 0x1A, 0x2A, 0x1A, 0x2A, 0x1B, 0x32, 0x1A, 0x2A, 0x19, 0x2A, 0x19, 0x32, 0x3A, 0x2A, 0x3B,
    0x32, 0x3C, 0x2A, 0x3B, 0x2A, 0x1B, 0x2A, 0x1B, 0x2A, 0x1B, 0x2A, 0x1B, 0x2A, 0x3B, 0x32, 0x3B,
    0x2A, 0x1B, 0x29, 0xF9, 0x2A, 0x1A, 0x2A, 0x1B, 0x2A, 0x1B, 0x2A, 0x1A, 0x29, 0xF9, 0x29, 0xF9,
    0x29, 0xF8, 0x29, 0xF8, 0x29, 0xF9, 0x29, 0xFA, 0x2A, 0x1A, 0x2A, 0x1A, 0x2A, 0x1A, 0x2A, 0x19,
    0x2A, 0x1A, 0x2A, 0x1A, 0x29, 0xF9, 0x29, 0xF9, 0x29, 0xF8, 0x2A, 0x19, 0x2A, 0x1A, 0x2A, 0x1B,
    0x2A, 0x1A, 0x2A, 0x1A, 0x2A, 0x1A, 0x29, 0xF9, 0x29, 0xF9, 0x2A, 0x1A, 0x32, 0x3C, 0x32, 0x3C,
    0x32, 0x3C, 0x32, 0x3C, 0x2A, 0x1B, 0x2A, 0x1B, 0x2A, 0x3B, 0x2A, 0x1A, 0x2A, 0x1A, 0x2A, 0x1A,
    0x2A, 0x1A, 0x2A, 0x1A, 0x2A, 0x1A, 0x2A, 0x1A, 0x2A, 0x1A, 0x2A, 0x1A, 0x2A, 0x1A, 0x32, 0x3B,
    0x32, 0x3C, 0x32, 0x3C, 0x2A, 0x1A, 0x29, 0xF9, 0x29, 0xF9, 0x2A, 0x19, 0x2A, 0x1A, 0x2A, 0x1A,
    0x2A, 0x1B, 0x2A, 0x1A, 0x29, 0xF9, 0x29, 0xF9, 0x2A, 0x1A, 0x2A, 0x1B, 0x32, 0x3B, 0x2A, 0x1B,
    0x2A, 0x1B, 0x2A, 0x1A, 0x2A, 0x1B, 0x2A, 0x1B, 0x2A, 0x1B, 0x32, 0x3B, 0x2A, 0x1A, 0x29, 0xF9,
    0x2A, 0x1A, 0x2A, 0x1B, 0x2A, 0x1B, 0x2A, 0x1A, 0x29, 0xF9, 0x29, 0xF9, 0x29, 0xF8, 0x29, 0xF8,
    0x29, 0xF8, 0x29, 0xF9, 0x2A, 0x1A, 0x2A, 0x1A, 0x2A, 0x1A, 0x2A, 0x1A, 0x2A, 0x1A, 0x2A, 0x1A,
    0x29, 0xF9, 0x29, 0xF9, 0x29, 0xF9, 0x2A, 0x1A, 0x2A, 0x1A, 0x2A, 0x1B, 0x2A, 0x1B, 0x2A, 0x1A,
    0x2A, 0x1A, 0x2A, 0x1A, 0x29, 0xF9, 0x2A, 0x1A, 0x32, 0x3C, 0x32, 0x3C, 0x32, 0x3D, 0x32, 0x3C,
    0x2A, 0x3B, 0x2A, 0x1B, 0x32, 0x3B, 0x32, 0x3B, 0x2A, 0x1A, 0x2A, 0x1A, 0x2A, 0x1A, 0x2A, 0x1A,
    0x2A, 0x1A, 0x2A, 0x1A, 0x2A, 0x1A, 0x2A, 0x1A, 0x2A, 0x1A, 0x2A, 0x1B, 0x32, 0x3C, 0x32, 0x3B,
    0x2A, 0x1A, 0x29, 0xF9, 0x29, 0xF9, 0x29, 0xF9, 0x2A, 0x1A, 0x2A, 0x1A, 0x2A, 0x1B, 0x2A, 0x1A,
    0x29, 0xF9, 0x29, 0xF8, 0x2A, 0x1A, 0x2A, 0x3B, 0x32, 0x3B, 0x2A, 0x1B, 0x2A, 0x1A, 0x2A, 0x1A,
    0x2A, 0x1A, 0x2A, 0x1A, 0x2A, 0x1B, 0x32, 0x3B, 0x2A, 0x1A, 0x29, 0xF9, 0x2A, 0x1A, 0x2A, 0x1B,
    0x2A, 0x1B, 0x2A, 0x1A, 0x29, 0xF9, 0x29, 0xF9, 0x29, 0xF8, 0x29, 0xF8, 0x29, 0xF9, 0x29, 0xFA,
    0x2A, 0x1A, 0x2A, 0x1A, 0x2A, 0x1A, 0x2A, 0x1A, 0x2A, 0x1A, 0x2A, 0x1A, 0x2A, 0x1A, 0x29, 0xF9,
    0x29, 0xF9, 0x2A, 0x1A, 0x2A, 0x1A, 0x2A, 0x3B, 0x2A, 0x1B, 0x32, 0x1A, 0x32, 0x1A, 0x2A, 0x1A,
    0x29, 0xF9, 0x2A, 0x1A, 0x32, 0x3C, 0x32, 0x3C, 0x32, 0x3D, 0x32, 0x3C, 0x2A, 0x3B, 0x2A, 0x1B,
    0x2A, 0x3B, 0x2A, 0x1A, 0x29, 0xF9, 0x29, 0xF9, 0x21, 0xB5, 0x00, 0x00, 0x53, 0x3A, 0x63, 0xDF,
    0x63, 0xDF, 0x63, 0xDF, 0x63, 0xDF, 0x63, 0xBF, 0x63, 0xDF, 0x63, 0xDF, 0x6B, 0xDF, 0x6B, 0xFF,
    0x6B, 0xFF, 0x6B, 0xFF, 0x63, 0xFF, 0x6B, 0xFF, 0x6B, 0xDF, 0x6C, 0x1F, 0x6C, 0x1F, 0x6C, 0x1F,
    0x6C, 0x1F, 0x6C, 0x1F, 0x6B, 0xFF, 0x6B, 0xFF, 0x6B, 0xFF, 0x6B, 0xDF, 0x63, 0xDF, 0x63, 0xDF,
    0x63, 0xDF, 0x63, 0xDF, 0x6B, 0xDF, 0x6B, 0xDF, 0x63, 0xDF, 0x63, 0xDF, 0x63, 0xDF, 0x6B, 0xFF,
    0x6C, 0x1F, 0x6C, 0x1F, 0x6B, 0xFF, 0x6B, 0xDF, 0x6B, 0xDF, 0x6B, 0xDF, 0x63, 0xDF, 0x63, 0xDF,
    0x6B, 0xFF, 0x6B, 0xDF, 0x63, 0xBF, 0x63, 0xDF, 0x63, 0xDF, 0x6B, 0xFF, 0x6B, 0xFF, 0x6B, 0xFF,
    0x6B, 0xFF, 0x6B, 0xDF, 0x6B, 0xFF, 0x6B, 0xFF, 0x6B, 0xFF, 0x6C, 0x1F, 0x6C, 0x1F, 0x6B, 0xFF,
    0x6B, 0xFF, 0x6B, 0xFF, 0x6B, 0xFF, 0x63, 0xFF, 0x63, 0xDF, 0x63, 0xDF, 0x63, 0xBF, 0x63, 0xBF,
    0x63, 0xBF, 0x63, 0xDF, 0x63, 0xDF, 0x6B, 0xFF, 0x6B, 0xDF, 0x63, 0xDF, 0x63, 0xDF, 0x63, 0xFF,
    0x6B, 0xDF, 0x63, 0xDF, 0x63, 0xDF, 0x6B, 0xFF, 0x6B, 0xFF, 0x6B, 0xFF, 0x6B, 0xFF, 0x6B, 0xFF,
    0x2A, 0x1A, 0x2A, 0x1A, 0x2A, 0x1A, 0x2A, 0x1A, 0x2A, 0x1A, 0x2A, 0x1A, 0x2A, 0x1B, 0x2A, 0x1B,
    0x2A, 0x1B, 0x2A, 0x1B, 0x2A, 0x1B, 0x2A, 0x1A, 0x29, 0xFA, 0x29, 0xF9, 0x29, 0xF9, 0x2A, 0x1B,
    0x32, 0x3B, 0x2A, 0x1B, 0x2A, 0x1B, 0x2A, 0x1A, 0x29, 0xF9, 0x29, 0xF9, 0x2A, 0x1A, 0x2A, 0x1A,
    0x29, 0xF9, 0x2A, 0x1A, 0x2A, 0x1B, 0x2A, 0x3B, 0x2A, 0x3B, 0x32, 0x3B, 0x2A, 0x1B, 0x2A, 0x1B,
    0x2A, 0x3B, 0x2A, 0x3B, 0x32, 0x3C, 0x2A, 0x1B, 0x2A, 0x19, 0x2A, 0x19, 0x2A, 0x1A, 0x2A, 0x1A,
    0x2A, 0x1A, 0x2A, 0x1A, 0x32, 0x1A, 0x32, 0x3B, 0x32, 0x1A, 0x32, 0x3A, 0x32, 0x3B, 0x32, 0x3C,
    0x32, 0x3B, 0x32, 0x3B, 0x32, 0x1A, 0x2A, 0x1A, 0x2A, 0x1B, 0x32, 0x3B, 0x2A, 0x3B, 0x2A, 0x1B,
    0x2A, 0x1A, 0x2A, 0x1A, 0x2A, 0x1B, 0x2A, 0x1B, 0x2A, 0x1A, 0x29, 0xF9, 0x29, 0xF9, 0x2A, 0x19,
    0x2A, 0x19, 0x29, 0xF9, 0x29, 0xF9, 0x2A, 0x1A, 0x2A, 0x1A, 0x2A, 0x1A, 0x2A, 0x1A, 0x2A, 0x1A,
    0x2A, 0x1A, 0x2A, 0x1A, 0x2A, 0x1A, 0x2A, 0x1A, 0x2A, 0x1B, 0x2A, 0x1B, 0x2A, 0x1B, 0x2A, 0x1B,
    0x2A, 0x1B, 0x2A, 0x1A, 0x29, 0xFA, 0x29, 0xF9, 0x2A, 0x1A, 0x2A, 0x1B, 0x32, 0x3B, 0x2A, 0x3B,
    0x2A, 0x1B, 0x2A, 0x1A, 0x29, 0xF9, 0x2A, 0x19, 0x2A, 0x1A, 0x2A, 0x1A, 0x2A, 0x1A, 0x2A, 0x1A,
    0x2A, 0x1B, 0x2A, 0x3B, 0x32, 0x3B, 0x32, 0x3B, 0x32, 0x3B, 0x32, 0x3B, 0x32, 0x3B, 0x32, 0x5B,
    0x32, 0x5C, 0x32, 0x3B, 0x2A, 0x19, 0x2A, 0x19, 0x2A, 0x1A, 0x2A, 0x1A, 0x2A, 0x1A, 0x2A, 0x1A,
    0x2A, 0x1A, 0x2A, 0x1B, 0x2A, 0x1A, 0x2A, 0x1A, 0x2A, 0x3B, 0x32, 0x3C, 0x2A, 0x3B, 0x2A, 0x1B,
    0x2A, 0x1A, 0x2A, 0x1A, 0x32, 0x3B, 0x2A, 0x1B, 0x2A, 0x1B, 0x2A, 0x1B, 0x29, 0xFA, 0x29, 0xFA,
    0x2A, 0x1B, 0x2A, 0x1B, 0x2A, 0x1A, 0x29, 0xF9, 0x29, 0xF9, 0x29, 0xF9, 0x29, 0xF9, 0x29, 0xF9,
    0x29, 0xF9, 0x2A, 0x1A, 0x2A, 0x1A, 0x2A, 0x1A, 0x2A, 0x1A, 0x2A, 0x1A, 0x2A, 0x1A, 0x2A, 0x1A,
    0x2A, 0x1A, 0x2A, 0x1A, 0x2A, 0x3B, 0x2A, 0x3B, 0x2A, 0x3B, 0x2A, 0x1B, 0x2A, 0x1B, 0x2A, 0x1A,
    0x2A, 0x1A, 0x29, 0xF9, 0x2A, 0x1A, 0x2A, 0x1B, 0x32, 0x3C, 0x32, 0x3B, 0x2A, 0x1B, 0x32, 0x1A,
    0x2A, 0x19, 0x2A, 0x19, 0x32, 0x3A, 0x2A, 0x1A, 0x2A, 0x1A, 0x32, 0x3A, 0x32, 0x3B, 0x32, 0x3B,
    0x2A, 0x3B, 0x32, 0x3B, 0x32, 0x3B, 0x2A, 0x1B, 0x2A, 0x3B, 0x2A, 0x3B, 0x32, 0x3C, 0x2A, 0x1B,
    0x29, 0xF9, 0x2A, 0x19, 0x2A, 0x1A, 0x2A, 0x1A, 0x2A, 0x1A, 0x2A, 0x1A, 0x2A, 0x1A, 0x2A, 0x1B,
    0x29, 0xF9, 0x2A, 0x1A, 0x2A, 0x1B, 0x32, 0x3B, 0x2A, 0x1B, 0x2A, 0x1A, 0x2A, 0x1A, 0x2A, 0x1A,
    0x2A, 0x1B, 0x2A, 0x3B, 0x2A, 0x1B, 0x2A, 0x1B, 0x29, 0xFA, 0x29, 0xFA, 0x2A, 0x1B, 0x2A, 0x1B,
    0x2A, 0x1A, 0x29, 0xF9, 0x29, 0xF9, 0x29, 0xF9, 0x2A, 0x19, 0x29, 0xF9, 0x2A, 0x1A, 0x2A, 0x1A,
    0x2A, 0x1B, 0x2A, 0x1B, 0x2A, 0x1A, 0x2A, 0x1A, 0x2A, 0x1A, 0x2A, 0x1A, 0x2A, 0x1A, 0x32, 0x1A,
    0x2A, 0x3B, 0x32, 0x3B, 0x32, 0x3B, 0x32, 0x3B, 0x32, 0x3B, 0x32, 0x1A, 0x2A, 0x1A, 0x32, 0x19,
    0x2A, 0x1A, 0x32, 0x3B, 0x32, 0x3C, 0x32, 0x3B, 0x32, 0x3B, 0x32, 0x1A, 0x29, 0xF9, 0x2A, 0x19,
    0x2A, 0x1A, 0x2A, 0x1A, 0x2A, 0x1A, 0x2A, 0x1A, 0x21, 0xB6, 0x00, 0x00, 0x53, 0x3A, 0x63, 0xDF,
    0x6B, 0xDF, 0x6B, 0xDF, 0x63, 0xDF, 0x6B, 0xDF, 0x6B, 0xFF, 0x6B, 0xFF, 0x6B, 0xFF, 0x6B, 0xFF,
    0x6B, 0xFF, 0x63, 0xFF, 0x6B, 0xFF, 0x6B, 0xFF, 0x6B, 0xFF, 0x6C, 0x1F, 0x6C, 0x1F, 0x6C, 0x1F,
    0x6C, 0x1F, 0x6B, 0xFF, 0x63, 0xDF, 0x63, 0xDF, 0x63, 0xFF, 0x63, 0xDF, 0x63, 0xDF, 0x63, 0xDF,
    0x6B, 0xFF, 0x6B, 0xFF, 0x6B, 0xFF, 0x6B, 0xFF, 0x6B, 0xFF, 0x6B, 0xFF, 0x6B, 0xFF, 0x6C, 0x1F,
    0x6C, 0x1F, 0x6C, 0x1F, 0x6B, 0xFF, 0x6B, 0xFF, 0x6B, 0xFF, 0x6B, 0xFF, 0x6B, 0xFF, 0x63, 0xDF,
    0x6B, 0xFF, 0x6B, 0xDF, 0x63, 0xDF, 0x63, 0xDF, 0x6B, 0xFF, 0x6B, 0xFF, 0x6B, 0xFF, 0x6B, 0xFF,
    0x6B, 0xFF, 0x6B, 0xFF, 0x6B, 0xFF, 0x6B, 0xFF, 0x6C, 0x1F, 0x6C, 0x1F, 0x6B, 0xFF, 0x6B, 0xFF,
    0x6C, 0x1F, 0x6C, 0x1F, 0x6B, 0xFF, 0x63, 0xDF, 0x63, 0xDF, 0x63, 0xDF, 0x63, 0xDF, 0x63, 0xDF,
    0x63, 0xDF, 0x6B, 0xDF, 0x6B, 0xDF, 0x6B, 0xFF, 0x6B, 0xDF, 0x63, 0xDF, 0x6B, 0xFF, 0x6B, 0xFF,
    0x6B, 0xFF, 0x6C, 0x1F, 0x6C, 0x1F, 0x6C, 0x1F, 0x6C, 0x1F, 0x6C, 0x1F, 0x6B, 0xFF, 0x6B, 0xFF,
    0x2A, 0x1A, 0x32, 0x1A, 0x32, 0x1A, 0x2A, 0x1A, 0x2A, 0x1A, 0x2A, 0x1B, 0x2A, 0x3B, 0x2A, 0x3B,
    0x2A, 0x1B, 0x2A, 0x1A, 0x2A, 0x1B, 0x2A, 0x1B, 0x2A, 0x1A, 0x2A, 0x1A, 0x2A, 0x1A, 0x2A, 0x1B,
    0x2A, 0x1B, 0x2A, 0x1A, 0x29, 0xF9, 0x29, 0xF9, 0x29, 0xF8, 0x29, 0xF9, 0x2A, 0x1A, 0x2A, 0x1A,
    0x2A, 0x1A, 0x2A, 0x1A, 0x2A, 0x3B, 0x32, 0x3C, 0x2A, 0x3B, 0x32, 0x3B, 0x32, 0x3B, 0x2A, 0x3B,
    0x32, 0x3C, 0x32, 0x3B, 0x32, 0x1A, 0x2A, 0x19, 0x2A, 0x19, 0x2A, 0x1A, 0x32, 0x1A, 0x32, 0x3B,
    0x2A, 0x1A, 0x2A, 0x1A, 0x32, 0x3A, 0x32, 0x3A, 0x32, 0x19, 0x32, 0x3A, 0x32, 0x5B, 0x32, 0x3B,
    0x2A, 0x1A, 0x2A, 0x1A, 0x2A, 0x1A, 0x2A, 0x19, 0x2A, 0x1A, 0x32, 0x1A, 0x2A, 0x1A, 0x2A, 0x19,
    0x2A, 0x1A, 0x32, 0x3B, 0x32, 0x3B, 0x32, 0x3B, 0x2A, 0x1A, 0x2A, 0x1A, 0x2A, 0x1A, 0x2A, 0x1A,
    0x2A, 0x1A, 0x2A, 0x1A, 0x2A, 0x1A, 0x2A, 0x1B, 0x2A, 0x1B, 0x2A, 0x1B, 0x2A, 0x1A, 0x2A, 0x1A,
    0x2A, 0x1A, 0x2A, 0x1A, 0x2A, 0x1A, 0x2A, 0x1A, 0x2A, 0x1B, 0x2A, 0x3B, 0x2A, 0x1B, 0x2A, 0x1A,
    0x2A, 0x1B, 0x2A, 0x1B, 0x2A, 0x1A, 0x2A, 0x1A, 0x2A, 0x1A, 0x2A, 0x1B, 0x2A, 0x1B, 0x2A, 0x1A,
    0x2A, 0x19, 0x29, 0xF9, 0x29, 0xF8, 0x2A, 0x19, 0x32, 0x1A, 0x32, 0x1A, 0x2A, 0x1A, 0x32, 0x1A,
    0x32, 0x3B, 0x32, 0x3C, 0x32, 0x3B, 0x32, 0x3B, 0x32, 0x3B, 0x32, 0x5B, 0x32, 0x5C, 0x32, 0x5B,
    0x32, 0x3A, 0x32, 0x19, 0x32, 0x19, 0x2A, 0x1A, 0x32, 0x3A, 0x32, 0x3B, 0x2A, 0x1A, 0x2A, 0x1A,
    0x32, 0x1A, 0x32, 0x1A, 0x2A, 0x19, 0x2A, 0x1A, 0x32, 0x3B, 0x32, 0x3B, 0x2A, 0x1A, 0x2A, 0x1A,
    0x2A, 0x1A, 0x2A, 0x19, 0x2A, 0x1A, 0x2A, 0x1A, 0x2A, 0x1A, 0x2A, 0x19, 0x2A, 0x1A, 0x2A, 0x1B,
    0x2A, 0x3B, 0x2A, 0x1B, 0x2A, 0x1A, 0x2A, 0x1A, 0x2A, 0x1A, 0x2A, 0x1A, 0x2A, 0x1A, 0x2A, 0x1A,
    0x2A, 0x1A, 0x2A, 0x1B, 0x2A, 0x1B, 0x2A, 0x1B, 0x32, 0x1A, 0x2A, 0x1A, 0x2A, 0x1A, 0x2A, 0x1A,
    0x2A, 0x1A, 0x2A, 0x1B, 0x32, 0x3B, 0x2A, 0x3B, 0x2A, 0x1B, 0x32, 0x1A, 0x32, 0x3B, 0x32, 0x3B,
    0x2A, 0x1A, 0x2A, 0x1A, 0x32, 0x1A, 0x32, 0x3B, 0x32, 0x3B, 0x2A, 0x1A, 0x2A, 0x19, 0x2A, 0x19,
    0x2A, 0x18, 0x32, 0x19, 0x32, 0x3A, 0x32, 0x3A, 0x32, 0x3A, 0x32, 0x3A, 0x32, 0x5B, 0x32, 0x5C,
    0x32, 0x5B, 0x32, 0x3B, 0x32, 0x3B, 0x32, 0x3B, 0x32, 0x3C, 0x32, 0x3B, 0x32, 0x1A, 0x2A, 0x19,
    0x2A, 0x19, 0x2A, 0x1A, 0x2A, 0x1A, 0x2A, 0x1B, 0x2A, 0x1A, 0x2A, 0x1A, 0x2A, 0x1A, 0x2A, 0x1A,
    0x29, 0xF9, 0x2A, 0x1A, 0x2A, 0x3B, 0x2A, 0x1B, 0x2A, 0x1A, 0x2A, 0x1A, 0x2A, 0x1A, 0x2A, 0x19,
    0x2A, 0x1A, 0x2A, 0x1A, 0x2A, 0x1A, 0x2A, 0x19, 0x2A, 0x1A, 0x2A, 0x1B, 0x2A, 0x3B, 0x2A, 0x1B,
    0x2A, 0x1A, 0x2A, 0x1A, 0x2A, 0x1A, 0x2A, 0x1A, 0x2A, 0x1A, 0x2A, 0x1A, 0x2A, 0x1A, 0x32, 0x3B,
    0x32, 0x3B, 0x32, 0x3B, 0x32, 0x1A, 0x32, 0x1A, 0x32, 0x1A, 0x32, 0x1A, 0x2A, 0x1A, 0x32, 0x3B,
    0x32, 0x3B, 0x32, 0x3B, 0x32, 0x3B, 0x32, 0x1A, 0x32, 0x3B, 0x32, 0x3B, 0x32, 0x3A, 0x32, 0x3A,
    0x32, 0x3A, 0x32, 0x3B, 0x32, 0x3B, 0x2A, 0x1A, 0x2A, 0x19, 0x29, 0xF9, 0x29, 0xF8, 0x2A, 0x19,
    0x32, 0x1A, 0x32, 0x1A, 0x2A, 0x1A, 0x32, 0x1A, 0x21, 0xB6, 0x00, 0x00, 0x53, 0x3A, 0x6B, 0xFF,
    0x6B, 0xFF, 0x6B, 0xDF, 0x63, 0xDF, 0x6B, 0xFF, 0x63, 0xDE, 0x42, 0x71, 0x39, 0xEC, 0x39, 0xEC,
    0x39, 0xEC, 0x39, 0xEC, 0x3A, 0x0C, 0x3A, 0x0C, 0x3A, 0x0C, 0x3A, 0x0C, 0x42, 0x91, 0x5B, 0x59,
    0x63, 0xBE, 0x6B, 0xDF, 0x63, 0xDF, 0x63, 0xDF, 0x63, 0xFF, 0x63, 0xDF, 0x63, 0xDF, 0x6B, 0xDF,
    0x6B, 0xFF, 0x6B, 0xFF, 0x6B, 0xFF, 0x6B, 0xFF, 0x6B, 0xFF, 0x6B, 0xFF, 0x6C, 0x1F, 0x6C, 0x1F,
    0x6C, 0x1F, 0x4A, 0xD4, 0x39, 0xEC, 0x3A, 0x2E, 0x63, 0xBC, 0x6C, 0x1F, 0x6B, 0xFF, 0x6B, 0xFF,
    0x6B, 0xFF, 0x63, 0xFF, 0x63, 0xDF, 0x63, 0xDF, 0x6B, 0xFF, 0x6B, 0xFF, 0x63, 0xBE, 0x4A, 0xD5,
    0x4A, 0xB4, 0x53, 0x17, 0x6B, 0xDF, 0x6B, 0xFF, 0x6B, 0xFF, 0x6B, 0xFF, 0x6B, 0xFF, 0x6C, 0x1F,
    0x6C, 0x1F, 0x6C, 0x1F, 0x6B, 0xFF, 0x6B, 0xDF, 0x4A, 0xD4, 0x39, 0xEC, 0x3A, 0x0D, 0x53, 0x38,
    0x63, 0xDF, 0x6B, 0xFF, 0x6B, 0xFF, 0x6B, 0xDF, 0x63, 0xFF, 0x6B, 0xFF, 0x6B, 0xFF, 0x6B, 0xFF,
    0x6B, 0xFF, 0x6C, 0x1F, 0x6C, 0x1F, 0x6C, 0x1F, 0x6C, 0x1F, 0x6C, 0x1F, 0x6C, 0x1F, 0x6B, 0xFF,
    0x32, 0x1A, 0x32, 0x1A, 0x2A, 0x1A, 0x2A, 0x1A, 0x2A, 0x1A, 0x32, 0x1A, 0x32, 0x3B, 0x32, 0x3A,
    0x2A, 0x1A, 0x32, 0x1A, 0x2A, 0x3B, 0x2A, 0x1B, 0x2A, 0x1A, 0x2A, 0x1A, 0x2A, 0x1A, 0x2A, 0x1B,
    0x2A, 0x1B, 0x2A, 0x1A, 0x2A, 0x19, 0x2A, 0x19, 0x2A, 0x1A, 0x2A, 0x1A, 0x32, 0x3B, 0x32, 0x3A,
    0x2A, 0x1A, 0x2A, 0x1A, 0x32, 0x1A, 0x32, 0x3B, 0x2A, 0x1A, 0x2A, 0x19, 0x2A, 0x1A, 0x32, 0x3B,
    0x32, 0x3B, 0x32, 0x3A, 0x2A, 0x19, 0x32, 0x19, 0x32, 0x3A, 0x32, 0x3A, 0x32, 0x3A, 0x32, 0x3A,
    0x32, 0x19, 0x32, 0x1A, 0x32, 0x3B, 0x32, 0x3A, 0x32, 0x19, 0x32, 0x1A, 0x32, 0x3B, 0x32, 0x3B,
    0x32, 0x3A, 0x32, 0x3A, 0x32, 0x3A, 0x32, 0x19, 0x32, 0x3A, 0x32, 0x3A, 0x32, 0x19, 0x2A, 0x1A,
    0x32, 0x3B, 0x32, 0x5C, 0x32, 0x3B, 0x32, 0x1A, 0x2A, 0x1A, 0x2A, 0x1A, 0x2A, 0x1A, 0x2A, 0x1A,
    0x2A, 0x1A, 0x32, 0x1A, 0x32, 0x1A, 0x32, 0x3B, 0x32, 0x3B, 0x2A, 0x1A, 0x32, 0x3A, 0x2A, 0x1A,
    0x2A, 0x1A, 0x2A, 0x1A, 0x2A, 0x1A, 0x2A, 0x1A, 0x2A, 0x1B, 0x2A, 0x1A, 0x2A, 0x1A, 0x2A, 0x1A,
    0x32, 0x3B, 0x32, 0x3B, 0x2A, 0x1A, 0x2A, 0x1A, 0x32, 0x1A, 0x32, 0x3B, 0x32, 0x3B, 0x2A, 0x1A,
    0x2A, 0x19, 0x2A, 0x19, 0x2A, 0x1A, 0x32, 0x3A, 0x32, 0x3B, 0x32, 0x3A, 0x32, 0x1A, 0x32, 0x3A,
    0x32, 0x3A, 0x32, 0x3B, 0x32, 0x3A, 0x32, 0x19, 0x32, 0x3A, 0x32, 0x3B, 0x32, 0x3B, 0x32, 0x3A,
    0x32, 0x19, 0x32, 0x19, 0x32, 0x3A, 0x32, 0x3A, 0x32, 0x3A, 0x32, 0x3A, 0x32, 0x19, 0x32, 0x1A,
    0x32, 0x3A, 0x32, 0x3A, 0x2A, 0x19, 0x32, 0x1A, 0x32, 0x3B, 0x32, 0x1A, 0x2A, 0x1A, 0x2A, 0x1A,
    0x2A, 0x1A, 0x2A, 0x19, 0x2A, 0x1A, 0x2A, 0x1A, 0x2A, 0x19, 0x2A, 0x1A, 0x32, 0x3B, 0x32, 0x3C,
    0x32, 0x3B, 0x32, 0x1A, 0x2A, 0x1A, 0x2A, 0x1A, 0x2A, 0x1A, 0x2A, 0x1A, 0x2A, 0x1A, 0x2A, 0x1A,
    0x2A, 0x1A, 0x2A, 0x1B, 0x2A, 0x1B, 0x32, 0x1A, 0x32, 0x1A, 0x32, 0x1A, 0x32, 0x3A, 0x2A, 0x1A,
    0x2A, 0x1A, 0x32, 0x1A, 0x32, 0x3B, 0x32, 0x1A, 0x2A, 0x1A, 0x32, 0x1A, 0x32, 0x3B, 0x32, 0x3B,
    0x32, 0x3A, 0x32, 0x3A, 0x32, 0x3A, 0x32, 0x3B, 0x32, 0x3B, 0x32, 0x3A, 0x32, 0x19, 0x32, 0x19,
    0x32, 0x3A, 0x32, 0x3B, 0x32, 0x3B, 0x32, 0x3A, 0x32, 0x1A, 0x32, 0x3A, 0x32, 0x3A, 0x32, 0x3B,
    0x32, 0x3A, 0x32, 0x19, 0x32, 0x3A, 0x32, 0x3B, 0x32, 0x3B, 0x32, 0x3A, 0x32, 0x19, 0x2A, 0x19,
    0x2A, 0x1A, 0x32, 0x1A, 0x32, 0x1A, 0x2A, 0x1A, 0x2A, 0x19, 0x2A, 0x1A, 0x32, 0x1A, 0x32, 0x1A,
    0x2A, 0x19, 0x2A, 0x1A, 0x32, 0x3B, 0x32, 0x1A, 0x2A, 0x1A, 0x2A, 0x1A, 0x2A, 0x1A, 0x29, 0xF9,
    0x2A, 0x1A, 0x2A, 0x1A, 0x29, 0xF9, 0x2A, 0x1A, 0x2A, 0x3B, 0x32, 0x3C, 0x32, 0x3B, 0x2A, 0x1A,
    0x2A, 0x1A, 0x2A, 0x1A, 0x2A, 0x1A, 0x2A, 0x1A, 0x2A, 0x1A, 0x32, 0x1A, 0x32, 0x1A, 0x32, 0x3B,
    0x32, 0x3B, 0x32, 0x1A, 0x32, 0x3B, 0x32, 0x3A, 0x32, 0x3A, 0x32, 0x3A, 0x32, 0x3A, 0x32, 0x3A,
    0x32, 0x3B, 0x32, 0x3A, 0x32, 0x3A, 0x32, 0x3A, 0x32, 0x5B, 0x32, 0x3B, 0x32, 0x3A, 0x32, 0x3A,
    0x32, 0x3B, 0x32, 0x3B, 0x32, 0x3B, 0x32, 0x3A, 0x32, 0x19, 0x32, 0x19, 0x32, 0x3A, 0x32, 0x3A,
    0x32, 0x3B, 0x32, 0x3A, 0x2A, 0x1A, 0x2A, 0x1A, 0x21, 0xB6, 0x00, 0x00, 0x5B, 0x5A, 0x6B, 0xFF,
    0x6B, 0xFF, 0x6B, 0xFF, 0x63, 0xDF, 0x63, 0xDF, 0x5B, 0x7B, 0x21, 0x25, 0x29, 0x45, 0x29, 0x66,
    0x29, 0x66, 0x29, 0x66, 0x29, 0x66, 0x29, 0x66, 0x29, 0x66, 0x29, 0x66, 0x29, 0x86, 0x21, 0x45,
    0x31, 0x89, 0x5B, 0x38, 0x6B, 0xFF, 0x6C, 0x1F, 0x6B, 0xFF, 0x6B, 0xFF, 0x63, 0xDF, 0x63, 0xDF,
    0x6B, 0xDF, 0x6B, 0xFF, 0x6B, 0xFF, 0x6B, 0xDF, 0x6B, 0xFF, 0x6C, 0x1F, 0x6C, 0x1F, 0x6B, 0xFF,
    0x63, 0xBE, 0x29, 0x67, 0x29, 0x45, 0x21, 0x24, 0x4A, 0xD4, 0x6B, 0xFF, 0x6B, 0xFF, 0x6B, 0xFF,
    0x6B, 0xFF, 0x6B, 0xFF, 0x6B, 0xDF, 0x63, 0xDF, 0x6B, 0xDF, 0x6B, 0xFF, 0x4A, 0xD5, 0x21, 0x04,
    0x21, 0x25, 0x21, 0x25, 0x5B, 0x7B, 0x6B, 0xFF, 0x6B, 0xFF, 0x6C, 0x1F, 0x74, 0x3F, 0x74, 0x3F,
    0x74, 0x3F, 0x6C, 0x1F, 0x6B, 0xFF, 0x63, 0xDE, 0x29, 0x67, 0x29, 0x45, 0x21, 0x24, 0x3A, 0x0D,
    0x63, 0xDF, 0x6B, 0xFF, 0x6B, 0xFF, 0x6B, 0xFF, 0x6B, 0xFF, 0x6B, 0xFF, 0x6B, 0xFF, 0x6B, 0xFF,
    0x6B, 0xFF, 0x6B, 0xFF, 0x6C, 0x1F, 0x74, 0x3F, 0x6C, 0x1F, 0x6C, 0x1F, 0x6C, 0x1F, 0x6C, 0x1F,
    0x32, 0x3A, 0x32, 0x3A, 0x32, 0x1A, 0x32, 0x19, 0x2A, 0x1A, 0x32, 0x3A, 0x32, 0x3B, 0x32, 0x1A,
    0x2A, 0x1A, 0x32, 0x3B, 0x32, 0x3B, 0x32, 0x3B, 0x2A, 0x1A, 0x32, 0x1A, 0x32, 0x3B, 0x32, 0x3B,
    0x32, 0x3B, 0x32, 0x1A, 0x32, 0x3A, 0x32, 0x1A, 0x32, 0x1A, 0x32, 0x3B, 0x32, 0x1A, 0x2A, 0x1A,
    0x2A, 0x19, 0x32, 0x19, 0x32, 0x3A, 0x32, 0x19, 0x32, 0x19, 0x2A, 0x19, 0x32, 0x3A, 0x32, 0x3B,
    0x32, 0x3A, 0x32, 0x19, 0x2A, 0x19, 0x32, 0x3A, 0x32, 0x3B, 0x32, 0x3A, 0x32, 0x1A, 0x2A, 0x19,
    0x2A, 0x19, 0x32, 0x3A, 0x32, 0x3B, 0x32, 0x5A, 0x32, 0x3A, 0x32, 0x5A, 0x32, 0x5B, 0x32, 0x3B,
    0x32, 0x3A, 0x32, 0x3B, 0x32, 0x3B, 0x32, 0x3A, 0x32, 0x3A, 0x32, 0x5A, 0x32, 0x3A, 0x32, 0x5B,
    0x32, 0x5B, 0x32, 0x5B, 0x32, 0x3A, 0x32, 0x3A, 0x32, 0x19, 0x32, 0x19, 0x32, 0x1A, 0x32, 0x3A,
    0x32, 0x3A, 0x32, 0x3B, 0x32, 0x3B, 0x32, 0x3B, 0x32, 0x3B, 0x32, 0x3B, 0x32, 0x1A, 0x2A, 0x1A,
    0x2A, 0x1A, 0x2A, 0x19, 0x2A, 0x1A, 0x2A, 0x1A, 0x32, 0x3B, 0x32, 0x1A, 0x2A, 0x1A, 0x32, 0x3B,
    0x32, 0x3B, 0x32, 0x3B, 0x2A, 0x1A, 0x32, 0x3A, 0x32, 0x3B, 0x32, 0x3B, 0x32, 0x3B, 0x32, 0x3A,
    0x32, 0x3A, 0x32, 0x3A, 0x32, 0x3A, 0x32, 0x3B, 0x32, 0x3A, 0x32, 0x1A, 0x32, 0x19, 0x32, 0x19,
    0x32, 0x3A, 0x32, 0x1A, 0x32, 0x19, 0x2A, 0x19, 0x32, 0x3A, 0x32, 0x3B, 0x32, 0x3A, 0x32, 0x39,
    0x32, 0x19, 0x32, 0x3A, 0x32, 0x3B, 0x32, 0x3A, 0x32, 0x1A, 0x2A, 0x19, 0x2A, 0x19, 0x32, 0x3A,
    0x32, 0x3B, 0x32, 0x3A, 0x32, 0x3A, 0x32, 0x3A, 0x32, 0x5B, 0x32, 0x3B, 0x32, 0x3A, 0x32, 0x3A,
    0x32, 0x3A, 0x32, 0x3A, 0x32, 0x3A, 0x32, 0x3A, 0x2A, 0x1A, 0x32, 0x3B, 0x32, 0x3B, 0x32, 0x3B,
    0x32, 0x1A, 0x2A, 0x1A, 0x2A, 0x19, 0x2A, 0x19, 0x2A, 0x1A, 0x2A, 0x1A, 0x32, 0x1A, 0x32, 0x3B,
    0x32, 0x3B, 0x32, 0x3B, 0x32, 0x3B, 0x32, 0x3B, 0x32, 0x1A, 0x2A, 0x1A, 0x32, 0x1A, 0x32, 0x19,
    0x2A, 0x1A, 0x32, 0x3A, 0x32, 0x3B, 0x32, 0x3A, 0x32, 0x3A, 0x32, 0x3B, 0x32, 0x5B, 0x32, 0x3B,
    0x32, 0x3A, 0x32, 0x3A, 0x32, 0x3B, 0x32, 0x3B, 0x32, 0x3B, 0x32, 0x3B, 0x32, 0x3A, 0x32, 0x5A,
    0x32, 0x3B, 0x32, 0x5B, 0x32, 0x3A, 0x32, 0x3A, 0x32, 0x19, 0x32, 0x3A, 0x32, 0x3A, 0x32, 0x1A,
    0x32, 0x19, 0x2A, 0x19, 0x32, 0x3A, 0x32, 0x3B, 0x32, 0x3A, 0x32, 0x19, 0x2A, 0x19, 0x32, 0x3A,
    0x32, 0x3A, 0x32, 0x3A, 0x32, 0x19, 0x2A, 0x19, 0x2A, 0x19, 0x32, 0x3A, 0x32, 0x3A, 0x32, 0x1A,
    0x32, 0x3A, 0x32, 0x1A, 0x32, 0x3B, 0x32, 0x3B, 0x2A, 0x1A, 0x32, 0x1A, 0x32, 0x1A, 0x2A, 0x1A,
    0x32, 0x1A, 0x32, 0x1A, 0x2A, 0x1A, 0x32, 0x3B, 0x32, 0x3B, 0x32, 0x3B, 0x32, 0x1A, 0x2A, 0x1A,
    0x32, 0x1A, 0x32, 0x19, 0x2A, 0x1A, 0x32, 0x3A, 0x32, 0x3A, 0x32, 0x3B, 0x32, 0x3B, 0x32, 0x3B,
    0x32, 0x3B, 0x32, 0x3B, 0x32, 0x3A, 0x32, 0x3A, 0x32, 0x1A, 0x32, 0x19, 0x32, 0x1A, 0x32, 0x3A,
    0x32, 0x3B, 0x32, 0x3B, 0x32, 0x3A, 0x32, 0x5B, 0x32, 0x5B, 0x32, 0x3B, 0x32, 0x3A, 0x32, 0x5A,
    0x32, 0x5B, 0x32, 0x3B, 0x32, 0x3B, 0x32, 0x3B, 0x32, 0x3A, 0x32, 0x3A, 0x32, 0x3B, 0x32, 0x3B,
    0x32, 0x3A, 0x32, 0x1A, 0x32, 0x19, 0x32, 0x19, 0x29, 0xD6, 0x00, 0x00, 0x5B, 0x5A, 0x6B, 0xFF,
    0x6B, 0xFF, 0x6B, 0xDF, 0x63, 0xDF, 0x63, 0xDF, 0x5B, 0x7A, 0x21, 0x25, 0x39, 0xC7, 0x31, 0xA6,
    0x29, 0x87, 0x29, 0x87, 0x29, 0x87, 0x29, 0x87, 0x31, 0x87, 0x31, 0x87, 0x31, 0x86, 0x31, 0xA6,
    0x31, 0x86, 0x29, 0x88, 0x63, 0xBC, 0x6C, 0x1F, 0x6B, 0xFF, 0x6B, 0xFF, 0x6B, 0xDF, 0x63, 0xDF,
    0x63, 0xDF, 0x6B, 0xDF, 0x63, 0xDF, 0x6B, 0xFF, 0x6B, 0xFF, 0x6C, 0x1F, 0x6C, 0x1F, 0x6B, 0xFF,
    0x63, 0xDE, 0x29, 0x67, 0x31, 0x86, 0x21, 0x45, 0x4A, 0xD4, 0x6B, 0xFF, 0x6B, 0xFF, 0x6B, 0xFF,
    0x6C, 0x1F, 0x6B, 0xFF, 0x6B, 0xFF, 0x63, 0xFF, 0x6B, 0xFF, 0x6B, 0xFF, 0x4A, 0xB4, 0x21, 0x25,
    0x31, 0x86, 0x21, 0x25, 0x5B, 0x7A, 0x6C, 0x1F, 0x6C, 0x1F, 0x74, 0x3F, 0x74, 0x3F, 0x74, 0x3F,
    0x6C, 0x1F, 0x6C, 0x1F, 0x6C, 0x1F, 0x63, 0xDE, 0x29, 0x67, 0x31, 0xA6, 0x29, 0x66, 0x39, 0xEC,
    0x6B, 0xFF, 0x6B, 0xFF, 0x6B, 0xFF, 0x6B, 0xFF, 0x6C, 0x1F, 0x6B, 0xFF, 0x6B, 0xFF, 0x6B, 0xFF,
    0x6C, 0x1F, 0x6C, 0x1F, 0x74, 0x3F, 0x74, 0x3F, 0x74, 0x3F, 0x6C, 0x1F, 0x74, 0x3F, 0x6C, 0x1F,
    0x32, 0x3B, 0x32, 0x19, 0x32, 0x19, 0x32, 0x3A, 0x32, 0x3B, 0x32, 0x5B, 0x32, 0x5B, 0x32, 0x3B,
    0x32, 0x3A, 0x32, 0x3B, 0x32, 0x3B, 0x32, 0x3A, 0x32, 0x3A, 0x32, 0x3B, 0x32, 0x5B, 0x32, 0x5B,
    0x32, 0x3B, 0x32, 0x3A, 0x32, 0x3A, 0x32, 0x3A, 0x32, 0x3A, 0x32, 0x3A, 0x32, 0x3A, 0x32, 0x3A,
    0x32, 0x3B, 0x32, 0x5B, 0x32, 0x3B, 0x32, 0x3A, 0x32, 0x3A, 0x32, 0x3A, 0x32, 0x3B, 0x32, 0x3B,
    0x32, 0x3A, 0x32, 0x19, 0x32, 0x1A, 0x32, 0x3B, 0x32, 0x3B, 0x32, 0x3A, 0x32, 0x19, 0x32, 0x39,
    0x32, 0x3A, 0x32, 0x5B, 0x32, 0x5B, 0x32, 0x5B, 0x32, 0x5B, 0x32, 0x5B, 0x32, 0x5C, 0x32, 0x5B,
    0x32, 0x3A, 0x32, 0x3A, 0x32, 0x3B, 0x32, 0x3A, 0x32, 0x3B, 0x32, 0x3A, 0x32, 0x3B, 0x32, 0x5B,
    0x32, 0x3B, 0x32, 0x1A, 0x32, 0x1A, 0x32, 0x19, 0x32, 0x19, 0x32, 0x1A, 0x32, 0x3A, 0x32, 0x3B,
    0x32, 0x3B, 0x32, 0x3B, 0x32, 0x3B, 0x32, 0x3B, 0x32, 0x3A, 0x32, 0x3A, 0x32, 0x3A, 0x32, 0x1A,
    0x32, 0x19, 0x32, 0x3A, 0x32, 0x3B, 0x32, 0x5B, 0x32, 0x5B, 0x32, 0x3B, 0x32, 0x3A, 0x32, 0x3B,
    0x32, 0x3B, 0x32, 0x3A, 0x32, 0x3A, 0x32, 0x3B, 0x32, 0x5B, 0x32, 0x5B, 0x32, 0x3B, 0x32, 0x3B,
    0x32, 0x3B, 0x32, 0x3B, 0x32, 0x5B, 0x32, 0x3A, 0x32, 0x3A, 0x32, 0x3A, 0x32, 0x3B, 0x32, 0x5B,
    0x32, 0x3B, 0x32, 0x3A, 0x32, 0x3A, 0x32, 0x5A, 0x32, 0x5B, 0x32, 0x5B, 0x32, 0x3A, 0x32, 0x39,
    0x32, 0x3A, 0x32, 0x5B, 0x32, 0x5B, 0x32, 0x3A, 0x32, 0x39, 0x32, 0x39, 0x32, 0x3A, 0x32, 0x3B,
    0x32, 0x3B, 0x32, 0x3B, 0x32, 0x3B, 0x32, 0x3B, 0x32, 0x5C, 0x32, 0x5B, 0x32, 0x3A, 0x32, 0x3A,
    0x32, 0x3B, 0x32, 0x3A, 0x32, 0x3A, 0x32, 0x3A, 0x32, 0x3A, 0x32, 0x5B, 0x32, 0x3A, 0x32, 0x19,
    0x32, 0x19, 0x32, 0x19, 0x32, 0x19, 0x2A, 0x1A, 0x32, 0x3A, 0x32, 0x3B, 0x32, 0x3B, 0x32, 0x3B,
    0x32, 0x3B, 0x32, 0x3B, 0x32, 0x3A, 0x32, 0x3A, 0x32, 0x3A, 0x32, 0x19, 0x32, 0x19, 0x32, 0x3A,
    0x32, 0x3B, 0x32, 0x5B, 0x32, 0x5C, 0x32, 0x3B, 0x32, 0x3B, 0x32, 0x3B, 0x32, 0x3B, 0x32, 0x3B,
    0x32, 0x3A, 0x32, 0x3B, 0x32, 0x5C, 0x32, 0x5C, 0x32, 0x3B, 0x32, 0x3B, 0x32, 0x5B, 0x32, 0x5B,
    0x32, 0x5B, 0x32, 0x5A, 0x32, 0x3A, 0x32, 0x3A, 0x32, 0x5B, 0x32, 0x5B, 0x32, 0x5B, 0x32, 0x5A,
    0x32, 0x3A, 0x32, 0x3A, 0x32, 0x3B, 0x32, 0x3B, 0x32, 0x3A, 0x32, 0x19, 0x32, 0x1A, 0x32, 0x3B,
    0x32, 0x3B, 0x32, 0x3A, 0x32, 0x19, 0x32, 0x19, 0x32, 0x3A, 0x32, 0x3B, 0x32, 0x3A, 0x32, 0x3A,
    0x32, 0x3A, 0x32, 0x3B, 0x32, 0x5B, 0x32, 0x5B, 0x32, 0x3A, 0x32, 0x3A, 0x32, 0x3A, 0x32, 0x3A,
    0x32, 0x3A, 0x32, 0x3A, 0x32, 0x3A, 0x32, 0x5B, 0x32, 0x3A, 0x32, 0x19, 0x32, 0x19, 0x32, 0x19,
    0x32, 0x19, 0x32, 0x1A, 0x32, 0x3A, 0x32, 0x3B, 0x32, 0x3B, 0x32, 0x3B, 0x32, 0x3B, 0x32, 0x3B,
    0x32, 0x3B, 0x32, 0x5B, 0x32, 0x3A, 0x32, 0x1A, 0x32, 0x19, 0x32, 0x3A, 0x32, 0x3B, 0x32, 0x5B,
    0x32, 0x5C, 0x32, 0x5B, 0x32, 0x5B, 0x32, 0x5B, 0x32, 0x5B, 0x32, 0x5B, 0x32, 0x3A, 0x32, 0x5B,
    0x32, 0x5C, 0x32, 0x5C, 0x32, 0x5B, 0x32, 0x5B, 0x32, 0x3B, 0x32, 0x3B, 0x32, 0x3B, 0x32, 0x3A,
    0x32, 0x3A, 0x32, 0x3A, 0x32, 0x3B, 0x32, 0x5B, 0x29, 0xD6, 0x00, 0x00, 0x5B, 0x5A, 0x6B, 0xFF,
    0x6B, 0xFF, 0x6B, 0xFF, 0x6B, 0xFF, 0x6B, 0xFF, 0x5B, 0x7A, 0x21, 0x25, 0x39, 0xC7, 0x21, 0x45,
    0x31, 0xAA, 0x3A, 0x2E, 0x3A, 0x2E, 0x3A, 0x2E, 0x3A, 0x2E, 0x42, 0x6F, 0x29, 0x88, 0x29, 0x45,
    0x39, 0xE7, 0x29, 0x46, 0x4A, 0x92, 0x6B, 0xFF, 0x6B, 0xFF, 0x6B, 0xFF, 0x6B, 0xFF, 0x6B, 0xFF,
    0x6B, 0xFF, 0x6B, 0xFF, 0x6B, 0xFF, 0x6B, 0xFF, 0x6C, 0x1F, 0x6C, 0x1F, 0x6C, 0x1F, 0x6C, 0x1F,
    0x6B, 0xFE, 0x29, 0x67, 0x31, 0x86, 0x21, 0x45, 0x4A, 0xD4, 0x6C, 0x1F, 0x6C, 0x1F, 0x6C, 0x1F,
    0x6C, 0x1F, 0x6C, 0x1F, 0x6C, 0x1F, 0x6B, 0xFF, 0x6C, 0x1F, 0x6B, 0xFF, 0x53, 0x17, 0x29, 0x68,
    0x29, 0x88, 0x31, 0xA9, 0x63, 0xBC, 0x74, 0x3F, 0x74, 0x3F, 0x74, 0x3F, 0x74, 0x3F, 0x74, 0x1F,
    0x6C, 0x1F, 0x6C, 0x1F, 0x6B, 0xFF, 0x6B, 0xDE, 0x29, 0x67, 0x31, 0xA6, 0x29, 0x66, 0x39, 0xEC,
    0x6B, 0xFF, 0x6B, 0xFF, 0x6B, 0xFF, 0x6C, 0x1F, 0x6B, 0xFF, 0x6B, 0xFF, 0x6B, 0xFF, 0x6C, 0x1F,
    0x74, 0x3F, 0x74, 0x3F, 0x74, 0x5F, 0x74, 0x3F, 0x74, 0x3F, 0x74, 0x3F, 0x74, 0x3F, 0x6C, 0x1F,
    0x32, 0x3B, 0x32, 0x1A, 0x32, 0x3B, 0x3A, 0x7C, 0x32, 0x5C, 0x32, 0x5C, 0x32, 0x5B, 0x32, 0x3B,
    0x32, 0x3B, 0x32, 0x3B, 0x32, 0x3B, 0x32, 0x3A, 0x32, 0x1A, 0x32, 0x3B, 0x32, 0x3B, 0x32, 0x3B,
    0x32, 0x3B, 0x32, 0x3B, 0x32, 0x3B, 0x32, 0x3A, 0x32, 0x3A, 0x32, 0x3A, 0x32, 0x3B, 0x32, 0x5B,
    0x32, 0x5C, 0x32, 0x5C, 0x32, 0x5B, 0x32, 0x3B, 0x32, 0x3B, 0x32, 0x5C, 0x32, 0x5C, 0x32, 0x5B,
    0x32, 0x3A, 0x32, 0x1A, 0x32, 0x5B, 0x32, 0x5C, 0x32, 0x5B, 0x32, 0x3A, 0x32, 0x3A, 0x32, 0x5B,
    0x3A, 0x7B, 0x32, 0x5B, 0x32, 0x5B, 0x3A, 0x5B, 0x3A, 0x7B, 0x3A, 0x7B, 0x3A, 0x7B, 0x3A, 0x7B,
    0x32, 0x5A, 0x32, 0x5A, 0x32, 0x5B, 0x32, 0x3A, 0x32, 0x3A, 0x32, 0x3A, 0x32, 0x3A, 0x32, 0x5A,
    0x32, 0x1A, 0x32, 0x3A, 0x32, 0x3A, 0x32, 0x3A, 0x32, 0x3A, 0x32, 0x3B, 0x32, 0x3B, 0x32, 0x3B,
    0x32, 0x3B, 0x32, 0x3B, 0x32, 0x3B, 0x32, 0x3A, 0x32, 0x3A, 0x32, 0x19, 0x32, 0x19, 0x32, 0x1A,
    0x32, 0x3B, 0x32, 0x5C, 0x32, 0x5C, 0x32, 0x5C, 0x32, 0x5B, 0x32, 0x3B, 0x32, 0x3A, 0x32, 0x3B,
    0x32, 0x5B, 0x32, 0x3A, 0x32, 0x1A, 0x32, 0x3B, 0x32, 0x3B, 0x32, 0x3B, 0x32, 0x3B, 0x32, 0x3B,
    0x32, 0x3B, 0x32, 0x3B, 0x32, 0x5B, 0x32, 0x3A, 0x32, 0x3B, 0x32, 0x5B, 0x32, 0x5C, 0x32, 0x5C,
    0x32, 0x5B, 0x32, 0x5B, 0x32, 0x5B, 0x3A, 0x7C, 0x3A, 0x7C, 0x3A, 0x7B, 0x32, 0x5A, 0x32, 0x5A,
    0x32, 0x5B, 0x3A, 0x7C, 0x3A, 0x7B, 0x32, 0x5A, 0x32, 0x5A, 0x32, 0x5B, 0x32, 0x5B, 0x32, 0x5B,
    0x32, 0x5B, 0x32, 0x5B, 0x32, 0x5B, 0x32, 0x5B, 0x32, 0x5B, 0x32, 0x3B, 0x32, 0x1A, 0x32, 0x1A,
    0x32, 0x3B, 0x32, 0x3A, 0x32, 0x3A, 0x32, 0x1A, 0x32, 0x3A, 0x32, 0x3A, 0x32, 0x1A, 0x32, 0x1A,
    0x32, 0x3A, 0x32, 0x3A, 0x32, 0x3A, 0x32, 0x3B, 0x32, 0x3B, 0x32, 0x3B, 0x32, 0x3B, 0x32, 0x3B,
    0x32, 0x3B, 0x32, 0x3A, 0x32, 0x3A, 0x32, 0x19, 0x32, 0x19, 0x32, 0x1A, 0x32, 0x3B, 0x32, 0x5C,
    0x32, 0x5C, 0x32, 0x5C, 0x32, 0x5B, 0x32, 0x3B, 0x32, 0x3B, 0x32, 0x3B, 0x32, 0x3B, 0x32, 0x3A,
    0x32, 0x3A, 0x32, 0x5B, 0x32, 0x5B, 0x32, 0x5B, 0x32, 0x5B, 0x32, 0x5B, 0x32, 0x5B, 0x32, 0x5B,
    0x32, 0x5B, 0x32, 0x5A, 0x3A, 0x7B, 0x3A, 0x7B, 0x3A, 0x7C, 0x3A, 0x7C, 0x3A, 0x7B, 0x32, 0x5B,
    0x32, 0x5B, 0x32, 0x7C, 0x32, 0x5C, 0x32, 0x5B, 0x32, 0x3A, 0x32, 0x3A, 0x32, 0x5B, 0x32, 0x5C,
    0x32, 0x5B, 0x32, 0x3A, 0x32, 0x1A, 0x32, 0x3B, 0x32, 0x3B, 0x32, 0x5B, 0x32, 0x3B, 0x32, 0x3B,
    0x32, 0x3B, 0x32, 0x3B, 0x32, 0x5B, 0x32, 0x3B, 0x32, 0x1A, 0x32, 0x1A, 0x32, 0x3B, 0x32, 0x3A,
    0x32, 0x3A, 0x32, 0x1A, 0x32, 0x3A, 0x32, 0x3A, 0x32, 0x1A, 0x32, 0x1A, 0x32, 0x3A, 0x32, 0x3A,
    0x32, 0x3A, 0x32, 0x3B, 0x32, 0x3B, 0x32, 0x3B, 0x32, 0x3B, 0x32, 0x3B, 0x32, 0x3B, 0x32, 0x3A,
    0x32, 0x3A, 0x32, 0x19, 0x32, 0x39, 0x32, 0x3A, 0x32, 0x5B, 0x3A, 0x7C, 0x3A, 0x7C, 0x32, 0x5C,
    0x32, 0x5B, 0x3A, 0x5B, 0x32, 0x5B, 0x3A, 0x5B, 0x3A, 0x5B, 0x32, 0x5A, 0x32, 0x5A, 0x32, 0x5B,
    0x3A, 0x7B, 0x3A, 0x7B, 0x3A, 0x7B, 0x3A, 0x5B, 0x32, 0x5B, 0x32, 0x5B, 0x32, 0x5B, 0x32, 0x5A,
    0x32, 0x5B, 0x32, 0x5B, 0x32, 0x5C, 0x32, 0x5C, 0x29, 0xD6, 0x00, 0x00, 0x5B, 0x5A, 0x6C, 0x1F,
    0x6C, 0x1F, 0x74, 0x3F, 0x74, 0x3F, 0x6C, 0x1F, 0x63, 0x9A, 0x21, 0x25, 0x39, 0xC7, 0x21, 0x45,
    0x4A, 0xD4, 0x6C, 0x1F, 0x6C, 0x1F, 0x74, 0x3F, 0x74, 0x3F, 0x74, 0x3F, 0x6B, 0xDB, 0x29, 0x67,
    0x31, 0xA6, 0x31, 0x86, 0x29, 0x88, 0x6B, 0xFE, 0x74, 0x1F, 0x6C, 0x1F, 0x6C, 0x1F, 0x6C, 0x1F,
    0x6C, 0x1F, 0x6C, 0x1F, 0x6C, 0x1F, 0x6C, 0x1F, 0x74, 0x3F, 0x74, 0x3F, 0x74, 0x3F, 0x74, 0x1F,
    0x6C, 0x1E, 0x29, 0x67, 0x31, 0x86, 0x21, 0x45, 0x52, 0xD4, 0x74, 0x3F, 0x74, 0x3F, 0x6C, 0x1F,
    0x6C, 0x1F, 0x6C, 0x1F, 0x74, 0x3F, 0x6C, 0x1F, 0x6C, 0x1F, 0x6C, 0x1F, 0x6C, 0x1F, 0x63, 0xDE,
    0x6B, 0xFE, 0x6B, 0xFE, 0x6C, 0x1F, 0x6C, 0x1F, 0x74, 0x3F, 0x74, 0x3F, 0x74, 0x1F, 0x74, 0x1F,
    0x74, 0x3F, 0x74, 0x3F, 0x74, 0x1F, 0x6B, 0xFE, 0x29, 0x67, 0x31, 0xA6, 0x29, 0x66, 0x3A, 0x0C,
    0x6C, 0x1F, 0x6B, 0xFF, 0x6B, 0xFF, 0x6B, 0xFF, 0x6B, 0xFF, 0x6C, 0x1F, 0x6C, 0x1F, 0x74, 0x5F,
    0x74, 0x5F, 0x74, 0x5F, 0x74, 0x5F, 0x74, 0x3F, 0x74, 0x3F, 0x74, 0x3F, 0x74, 0x3F, 0x74, 0x3F,
    0x32, 0x5B, 0x32, 0x5B, 0x3A, 0x7C, 0x3A, 0x7D, 0x3A, 0x7C, 0x32, 0x5A, 0x32, 0x3A, 0x32, 0x3A,
    0x32, 0x3A, 0x32, 0x3B, 0x32, 0x3B, 0x32, 0x1A, 0x32, 0x39, 0x32, 0x3A, 0x32, 0x1A, 0x32, 0x1A,
    0x32, 0x3A, 0x32, 0x3A, 0x32, 0x19, 0x32, 0x19, 0x32, 0x19, 0x32, 0x1A, 0x32, 0x5B, 0x32, 0x3B,
    0x32, 0x5A, 0x32, 0x3A, 0x32, 0x39, 0x32, 0x39, 0x32, 0x5B, 0x32, 0x5C, 0x32, 0x5B, 0x32, 0x5A,
    0x32, 0x3A, 0x32, 0x3A, 0x32, 0x5B, 0x3A, 0x7B, 0x32, 0x5B, 0x32, 0x5A, 0x32, 0x5A, 0x3A, 0x5B,
    0x3A, 0x7B, 0x3A, 0x5B, 0x3A, 0x7C, 0x3A, 0x9C, 0x3A, 0x7C, 0x3A, 0x7B, 0x3A, 0x7B, 0x3A, 0x7B,
    0x32, 0x5A, 0x3A, 0x5A, 0x3A, 0x7B, 0x3A, 0x7B, 0x32, 0x5B, 0x32, 0x5B, 0x32, 0x5B, 0x32, 0x5B,
    0x32, 0x5B, 0x32, 0x5C, 0x32, 0x7C, 0x32, 0x5B, 0x32, 0x5B, 0x32, 0x5B, 0x32, 0x5B, 0x32, 0x5B,
    0x3A, 0x5B, 0x32, 0x5B, 0x32, 0x5C, 0x32, 0x3B, 0x32, 0x3A, 0x32, 0x1A, 0x32, 0x3A, 0x32, 0x5B,
    0x32, 0x5C, 0x3A, 0x7D, 0x32, 0x5C, 0x32, 0x5A, 0x32, 0x3A, 0x32, 0x3A, 0x32, 0x3A, 0x32, 0x3B,
    0x00, 0x00, 0x00, 0x00, 0x00, 0x00, 0x00, 0x00, 0x00, 0x00, 0x00, 0x00, 0x00, 0x00, 0x00, 0x00,
    0x00, 0x00, 0x00, 0x00, 0x00, 0x00, 0x00, 0x00, 0x00, 0x00, 0x00, 0x00, 0x00, 0x00, 0x00, 0x00,
    0x00, 0x00, 0x00, 0x00, 0x00, 0x00, 0x00, 0x00, 0x00, 0x00, 0x00, 0x00, 0x00, 0x00, 0x00, 0x00,
    0x00, 0x00, 0x00, 0x00, 0x00, 0x00, 0x00, 0x00, 0x00, 0x00, 0x00, 0x00, 0x00, 0x00, 0x00, 0x00,
    0x00, 0x00, 0x00, 0x00, 0x00, 0x00, 0x00, 0x00, 0x00, 0x00, 0x00, 0x00, 0x00, 0x00, 0x00, 0x00,
    0x00, 0x00, 0x00, 0x00, 0x00, 0x00, 0x00, 0x00, 0x00, 0x00, 0x00, 0x00, 0x00, 0x00, 0x00, 0x00,
    0x00, 0x00, 0x00, 0x00, 0x00, 0x00, 0x00, 0x00, 0x00, 0x00, 0x00, 0x00, 0x00, 0x00, 0x00, 0x00,
    0x00, 0x00, 0x00, 0x00, 0x00, 0x00, 0x00, 0x00, 0x00, 0x00, 0x00, 0x00, 0x00, 0x00, 0x00, 0x00,
    0x00, 0x00, 0x00, 0x00, 0x00, 0x00, 0x00, 0x00, 0x00, 0x00, 0x00, 0x00, 0x00, 0x00, 0x00, 0x00,
    0x00, 0x00, 0x00, 0x00, 0x00, 0x00, 0x00, 0x00, 0x32, 0x5A, 0x32, 0x5A, 0x32, 0x39, 0x32, 0x39,
    0x32, 0x59, 0x32, 0x5A, 0x3A, 0x7B, 0x3A, 0x7B, 0x3A, 0x5A, 0x32, 0x5A, 0x32, 0x59, 0x32, 0x39,
    0x3A, 0x5B, 0x3A, 0x7C, 0x32, 0x5B, 0x32, 0x5A, 0x32, 0x5A, 0x32, 0x3A, 0x32, 0x5B, 0x32, 0x5B,
    0x32, 0x5B, 0x32, 0x3A, 0x32, 0x3A, 0x32, 0x5B, 0x32, 0x5B, 0x32, 0x5B, 0x32, 0x5C, 0x32, 0x5C,
    0x32, 0x5C, 0x32, 0x5B, 0x32, 0x3B, 0x32, 0x3B, 0x32, 0x3A, 0x32, 0x3A, 0x32, 0x5B, 0x3A, 0x7B,
    0x32, 0x3B, 0x32, 0x3B, 0x32, 0x3B, 0x32, 0x5B, 0x32, 0x3B, 0x32, 0x5C, 0x32, 0x5C, 0x32, 0x5B,
    0x32, 0x5B, 0x32, 0x5B, 0x32, 0x5B, 0x32, 0x5B, 0x32, 0x5B, 0x32, 0x5B, 0x32, 0x5C, 0x32, 0x5B,
    0x32, 0x3A, 0x32, 0x3A, 0x32, 0x3A, 0x32, 0x5B, 0x3A, 0x7C, 0x3A, 0x9D, 0x3A, 0x7C, 0x32, 0x5A,
    0x32, 0x5A, 0x32, 0x5A, 0x32, 0x5A, 0x3A, 0x5B, 0x32, 0x5B, 0x32, 0x5A, 0x32, 0x59, 0x3A, 0x5A,
    0x32, 0x5A, 0x32, 0x5A, 0x32, 0x5A, 0x32, 0x5A, 0x32, 0x39, 0x32, 0x39, 0x32, 0x39, 0x32, 0x3A,
    0x32, 0x5B, 0x32, 0x5B, 0x32, 0x5A, 0x32, 0x3A, 0x29, 0xD6, 0x00, 0x00, 0x5B, 0x7A, 0x74, 0x3F,
    0x74, 0x3F, 0x74, 0x5F, 0x6C, 0x3F, 0x6B, 0xFF, 0x5B, 0x7A, 0x21, 0x25, 0x39, 0xC7, 0x21, 0x45,
    0x52, 0xF4, 0x74, 0x1F, 0x74, 0x1F, 0x74, 0x3F, 0x74, 0x1F, 0x74, 0x3F, 0x74, 0x3F, 0x39, 0xEC,
    0x31, 0x86, 0x31, 0xA6, 0x29, 0x67, 0x6B, 0xFE, 0x6B, 0xDD, 0x63, 0x9A, 0x63, 0x9B, 0x6B, 0xDE,
    0x6B, 0xFF, 0x6B, 0xFF, 0x6C, 0x1F, 0x74, 0x3F, 0x6B, 0xFD, 0x63, 0x9A, 0x63, 0xBB, 0x74, 0x1F,
    0x74, 0x1E, 0x29, 0x67, 0x31, 0x86, 0x21, 0x45, 0x52, 0xD4, 0x6B, 0xFD, 0x5B, 0x58, 0x53, 0x36,
    0x6B, 0xFD, 0x74, 0x3F, 0x74, 0x3F, 0x6C, 0x1F, 0x6C, 0x1F, 0x6C, 0x1F, 0x6B, 0xFF, 0x63, 0x9B,
    0x63, 0x9A, 0x6B, 0xDC, 0x74, 0x3F, 0x74, 0x3F, 0x74, 0x3F, 0x74, 0x3F, 0x74, 0x5F, 0x74, 0x5F,
    0x63, 0xBA, 0x53, 0x15, 0x63, 0xBB, 0x6C, 0x1E, 0x29, 0x67, 0x31, 0xA6, 0x29, 0x66, 0x3A, 0x0C,
    0x6C, 0x1F, 0x6C, 0x1F, 0x6B, 0xFF, 0x6C, 0x1F, 0x6C, 0x1F, 0x63, 0xDC, 0x63, 0xBA, 0x63, 0xDA,
    0x6C, 0x1D, 0x74, 0x3F, 0x74, 0x3F, 0x74, 0x3F, 0x74, 0x5F, 0x74, 0x3F, 0x74, 0x3F, 0x74, 0x3F,
    0x32, 0x5B, 0x3A, 0x9C, 0x3A, 0x7D, 0x3A, 0x7C, 0x32, 0x5A, 0x32, 0x19, 0x32, 0x39, 0x32, 0x5A,
    0x32, 0x5B, 0x32, 0x5B, 0x32, 0x3A, 0x32, 0x39, 0x32, 0x3A, 0x32, 0x5B, 0x32, 0x5A, 0x32, 0x3A,
    0x32, 0x3A, 0x32, 0x19, 0x32, 0x18, 0x32, 0x39, 0x32, 0x39, 0x32, 0x3A, 0x32, 0x5B, 0x32, 0x5B,
    0x32, 0x39, 0x32, 0x39, 0x32, 0x3A, 0x32, 0x5A, 0x3A, 0x5B, 0x3A, 0x7B, 0x32, 0x5A, 0x32, 0x38,
    0x32, 0x39, 0x32, 0x5A, 0x32, 0x5B, 0x32, 0x5A, 0x32, 0x5A, 0x32, 0x5A, 0x3A, 0x5A, 0x3A, 0x7B,
    0x3A, 0x7B, 0x3A, 0x7C, 0x3A, 0x9C, 0x3A, 0x9D, 0x3A, 0x7C, 0x3A, 0x7B, 0x3A, 0x7B, 0x3A, 0x7B,
    0x3A, 0x7B, 0x3A, 0x5A, 0x3A, 0x7B, 0x3A, 0x7C, 0x3A, 0x7B, 0x3A, 0x7C, 0x3A, 0x7C, 0x3A, 0x9D,
    0x3A, 0x9D, 0x3A, 0x9D, 0x3A, 0x7C, 0x3A, 0x7B, 0x32, 0x5B, 0x3A, 0x7B, 0x3A, 0x5B, 0x32, 0x5B,
    0x32, 0x5B, 0x32, 0x5B, 0x32, 0x5B, 0x32, 0x5A, 0x32, 0x3A, 0x32, 0x5B, 0x32, 0x5B, 0x3A, 0x7C,
    0x3A, 0x7D, 0x32, 0x7C, 0x32, 0x5A, 0x32, 0x19, 0x32, 0x39, 0x32, 0x5A, 0x32, 0x5B, 0x00, 0x00,
    0xE7, 0x3C, 0xAD, 0x55, 0xAD, 0x55, 0xAD, 0x55, 0xAD, 0x55, 0xAD, 0x55, 0xAD, 0x55, 0xAD, 0x55,
    0xAD, 0x55, 0xAD, 0x55, 0xAD, 0x55, 0xAD, 0x55, 0xAD, 0x55, 0xAD, 0x55, 0xAD, 0x55, 0xAD, 0x55,
    0xAD, 0x55, 0xAD, 0x55, 0xAD, 0x55, 0xAD, 0x55, 0xAD, 0x55, 0xAD, 0x55, 0xAD, 0x55, 0xAD, 0x55,
    0xAD, 0x55, 0xAD, 0x55, 0xAD, 0x55, 0xAD, 0x55, 0xAD, 0x55, 0xAD, 0x55, 0xAD, 0x55, 0xAD, 0x55,
    0xAD, 0x55, 0xAD, 0x55, 0xAD, 0x55, 0xAD, 0x55, 0xAD, 0x55, 0xAD, 0x55, 0xAD, 0x55, 0xAD, 0x55,
    0xAD, 0x55, 0xAD, 0x55, 0xAD, 0x55, 0xAD, 0x55, 0xAD, 0x55, 0xAD, 0x55, 0xAD, 0x55, 0xAD, 0x55,
    0xAD, 0x55, 0xAD, 0x55, 0xAD, 0x55, 0xAD, 0x55, 0xAD, 0x55, 0xAD, 0x55, 0xAD, 0x55, 0xAD, 0x55,
    0xAD, 0x55, 0xAD, 0x55, 0xAD, 0x55, 0xAD, 0x55, 0xAD, 0x55, 0xAD, 0x55, 0xAD, 0x55, 0xAD, 0x55,
    0xAD, 0x55, 0xAD, 0x55, 0xAD, 0x55, 0xAD, 0x55, 0xAD, 0x55, 0xAD, 0x55, 0xAD, 0x55, 0xAD, 0x55,
    0xAD, 0x55, 0xAD, 0x55, 0xAD, 0x55, 0xE7, 0x3C, 0x00, 0x00, 0x32, 0x39, 0x32, 0x38, 0x32, 0x59,
    0x32, 0x59, 0x32, 0x5A, 0x3A, 0x7B, 0x3A, 0x7B, 0x3A, 0x59, 0x32, 0x39, 0x32, 0x5A, 0x3A, 0x5A,
    0x3A, 0x7B, 0x3A, 0x7B, 0x32, 0x5A, 0x32, 0x38, 0x32, 0x39, 0x32, 0x5A, 0x32, 0x5B, 0x32, 0x5A,
    0x32, 0x5A, 0x32, 0x5A, 0x32, 0x5A, 0x3A, 0x7B, 0x32, 0x5B, 0x32, 0x5C, 0x3A, 0x7C, 0x3A, 0x7D,
    0x32, 0x5C, 0x32, 0x5B, 0x32, 0x5B, 0x32, 0x5B, 0x32, 0x5B, 0x32, 0x5A, 0x32, 0x5B, 0x32, 0x5C,
    0x32, 0x5B, 0x32, 0x5C, 0x32, 0x7C, 0x3A, 0x7D, 0x3A, 0x7D, 0x3A, 0x7D, 0x3A, 0x7C, 0x32, 0x5B,
    0x32, 0x5B, 0x32, 0x5B, 0x32, 0x5B, 0x32, 0x5B, 0x32, 0x5B, 0x32, 0x5B, 0x3A, 0x7B, 0x32, 0x5A,
    0x32, 0x5A, 0x32, 0x5B, 0x3A, 0x7B, 0x3A, 0x9C, 0x3A, 0x9D, 0x3A, 0x7C, 0x3A, 0x5A, 0x32, 0x39,
    0x32, 0x59, 0x3A, 0x5A, 0x3A, 0x7B, 0x3A, 0x7B, 0x32, 0x5A, 0x32, 0x39, 0x32, 0x5A, 0x3A, 0x7B,
    0x3A, 0x5A, 0x32, 0x5A, 0x32, 0x5A, 0x32, 0x39, 0x32, 0x38, 0x32, 0x59, 0x32, 0x59, 0x32, 0x5A,
    0x32, 0x5B, 0x32, 0x5B, 0x32, 0x39, 0x32, 0x39, 0x29, 0xF6, 0x00, 0x00, 0x5B, 0x7A, 0x74, 0x5F,
    0x74, 0x5F, 0x74, 0x5F, 0x6C, 0x1F, 0x6B, 0xDF, 0x5B, 0x7A, 0x21, 0x25, 0x39, 0xC7, 0x21, 0x45,
    0x52, 0xD4, 0x74, 0x1F, 0x74, 0x1F, 0x74, 0x5F, 0x74, 0x5F, 0x74, 0x5F, 0x6B, 0xFD, 0x29, 0x67,
    0x29, 0x65, 0x31, 0xA6, 0x29, 0x88, 0x6B, 0xFD, 0x31, 0xCB, 0x21, 0x25, 0x21, 0x25, 0x42, 0x71,
    0x6C, 0x1F, 0x6C, 0x1F, 0x74, 0x3F, 0x6C, 0x1F, 0x31, 0xCB, 0x21, 0x25, 0x21, 0x25, 0x5B, 0x37,
    0x74, 0x1E, 0x29, 0x67, 0x31, 0x86, 0x29, 0x45, 0x31, 0xCB, 0x29, 0x67, 0x29, 0x45, 0x29, 0x45,
    0x29, 0x46, 0x3A, 0x0C, 0x5B, 0x79, 0x6C, 0x1F, 0x6C, 0x1F, 0x74, 0x1F, 0x5B, 0x37, 0x21, 0x25,
    0x21, 0x25, 0x29, 0x67, 0x6B, 0xDC, 0x74, 0x5F, 0x7C, 0x7F, 0x74, 0x5E, 0x5B, 0x56, 0x31, 0xCA,
    0x21, 0x25, 0x21, 0x25, 0x29, 0x46, 0x3A, 0x0C, 0x21, 0x46, 0x31, 0xA6, 0x29, 0x66, 0x3A, 0x0C,
    0x74, 0x3F, 0x6C, 0x1F, 0x6C, 0x1F, 0x5B, 0x79, 0x3A, 0x0D, 0x29, 0x46, 0x29, 0x66, 0x29, 0x66,
    0x29, 0x67, 0x3A, 0x0D, 0x63, 0x79, 0x74, 0x5F, 0x74, 0x5F, 0x74, 0x5F, 0x74, 0x1F, 0x74, 0x3F,
    0x3A, 0x7B, 0x3A, 0x9D, 0x3A, 0x7C, 0x32, 0x5B, 0x32, 0x39, 0x32, 0x38, 0x32, 0x39, 0x3A, 0x5B,
    0x3A, 0x7B, 0x32, 0x5B, 0x32, 0x5A, 0x32, 0x5A, 0x32, 0x5B, 0x3A, 0x7C, 0x3A, 0x7B, 0x3A, 0x7B,
    0x3A, 0x7B, 0x32, 0x5A, 0x32, 0x5A, 0x32, 0x5B, 0x3A, 0x7B, 0x3A, 0x7C, 0x3A, 0x7C, 0x3A, 0x7C,
    0x3A, 0x7B, 0x3A, 0x7B, 0x3A, 0x7C, 0x3A, 0x7C, 0x3A, 0x7C, 0x3A, 0x7B, 0x32, 0x5A, 0x32, 0x39,
    0x32, 0x5A, 0x3A, 0x7B, 0x3A, 0x7B, 0x3A, 0x7B, 0x3A, 0x7C, 0x3A, 0x7C, 0x3A, 0x7B, 0x3A, 0x9C,
    0x3A, 0x9C, 0x3A, 0x9C, 0x3A, 0x7C, 0x3A, 0x7B, 0x3A, 0x5A, 0x3A, 0x5A, 0x3A, 0x7B, 0x3A, 0x7C,
    0x3A, 0x7B, 0x3A, 0x5A, 0x3A, 0x7B, 0x3A, 0x7B, 0x3A, 0x7B, 0x3A, 0x7B, 0x3A, 0x7C, 0x3A, 0x7C,
    0x3A, 0x7C, 0x3A, 0x7B, 0x32, 0x5A, 0x32, 0x59, 0x32, 0x5A, 0x32, 0x5B, 0x32, 0x5A, 0x3A, 0x5B,
    0x3A, 0x7B, 0x32, 0x5B, 0x32, 0x5A, 0x32, 0x39, 0x32, 0x5A, 0x3A, 0x7B, 0x3A, 0x9C, 0x3A, 0x9D,
    0x3A, 0x7C, 0x32, 0x5B, 0x32, 0x39, 0x32, 0x38, 0x32, 0x39, 0x3A, 0x5B, 0x3A, 0x7B, 0x00, 0x00,
    0xAD, 0x75, 0x84, 0x10, 0x84, 0x10, 0x00, 0x00, 0x00, 0x00, 0x00, 0x00, 0x00, 0x00, 0x00, 0x00,
    0x00, 0x00, 0x00, 0x00, 0x00, 0x00, 0x00, 0x00, 0x00, 0x00, 0x00, 0x00, 0x00, 0x00, 0x00, 0x00,
    0x00, 0x00, 0x00, 0x00, 0x00, 0x00, 0x00, 0x00, 0x00, 0x00, 0x00, 0x00, 0x00, 0x00, 0x00, 0x00,
    0x00, 0x00, 0x00, 0x00, 0x00, 0x00, 0x00, 0x00, 0x00, 0x00, 0x00, 0x00, 0x00, 0x00, 0x00, 0x00,
    0x00, 0x00, 0x00, 0x00, 0x00, 0x00, 0x00, 0x00, 0x00, 0x00, 0x00, 0x00, 0x00, 0x00, 0x00, 0x00,
    0x00, 0x00, 0x00, 0x00, 0x00, 0x00, 0x00, 0x00, 0x00, 0x00, 0x00, 0x00, 0x00, 0x00, 0x00, 0x00,
    0x00, 0x00, 0x00, 0x00, 0x00, 0x00, 0x00, 0x00, 0x00, 0x00, 0x00, 0x00, 0x00, 0x00, 0x00, 0x00,
    0x00, 0x00, 0x00, 0x00, 0x00, 0x00, 0x00, 0x00, 0x00, 0x00, 0x00, 0x00, 0x00, 0x00, 0x00, 0x00,
    0x00, 0x00, 0x00, 0x00, 0x00, 0x00, 0x00, 0x00, 0x00, 0x00, 0x00, 0x00, 0x00, 0x00, 0x00, 0x00,
    0x21, 0x04, 0x84, 0x10, 0x84, 0x10, 0xAD, 0x75, 0x00, 0x00, 0x3A, 0x5A, 0x3A, 0x5A, 0x3A, 0x7B,
    0x3A, 0x7B, 0x3A, 0x7C, 0x3A, 0x9C, 0x3A, 0x9C, 0x3A, 0x7B, 0x3A, 0x7B, 0x3A, 0x9C, 0x3A, 0x9C,
    0x3A, 0x7C, 0x3A, 0x7B, 0x3A, 0x5A, 0x32, 0x39, 0x32, 0x5A, 0x3A, 0x7B, 0x3A, 0x7B, 0x3A, 0x7B,
    0x3A, 0x7C, 0x3A, 0x7C, 0x3A, 0x7B, 0x3A, 0x7C, 0x3A, 0x9C, 0x3A, 0x7C, 0x3A, 0x7C, 0x3A, 0x7B,
    0x32, 0x5A, 0x32, 0x5A, 0x3A, 0x7B, 0x3A, 0x7C, 0x3A, 0x5B, 0x32, 0x5A, 0x32, 0x5B, 0x3A, 0x7B,
    0x3A, 0x7B, 0x3A, 0x7B, 0x3A, 0x7C, 0x3A, 0x7C, 0x3A, 0x7C, 0x3A, 0x7B, 0x32, 0x5A, 0x32, 0x39,
    0x32, 0x5A, 0x32, 0x5B, 0x32, 0x5A, 0x3A, 0x5B, 0x3A, 0x7B, 0x32, 0x5B, 0x32, 0x5A, 0x32, 0x39,
    0x32, 0x5A, 0x3A, 0x7B, 0x3A, 0x9C, 0x3A, 0x9D, 0x3A, 0x9C, 0x3A, 0x7B, 0x32, 0x39, 0x32, 0x38,
    0x32, 0x59, 0x3A, 0x7B, 0x3A, 0x7B, 0x3A, 0x7B, 0x3A, 0x5A, 0x3A, 0x5A, 0x3A, 0x7B, 0x3A, 0x7C,
    0x3A, 0x7B, 0x3A, 0x7B, 0x3A, 0x7B, 0x3A, 0x5A, 0x3A, 0x5A, 0x3A, 0x7B, 0x3A, 0x7B, 0x3A, 0x7C,
    0x3A, 0x9C, 0x3A, 0x9C, 0x3A, 0x7B, 0x3A, 0x7B, 0x29, 0xF6, 0x00, 0x00, 0x5B, 0x7A, 0x74, 0x5F,
    0x74, 0x5F, 0x74, 0x3F, 0x6C, 0x1F, 0x6B, 0xFF, 0x63, 0x9A, 0x21, 0x25, 0x39, 0xC7, 0x21, 0x45,
    0x3A, 0x2D, 0x52, 0xD4, 0x52, 0xF4, 0x53, 0x14, 0x53, 0x14, 0x53, 0x14, 0x3A, 0x2D, 0x21, 0x45,
    0x39, 0xC7, 0x29, 0x66, 0x4A, 0x91, 0x74, 0x1E, 0x29, 0x67, 0x31, 0x86, 0x29, 0x45, 0x3A, 0x0C,
    0x74, 0x5F, 0x74, 0x5F, 0x74, 0x5F, 0x74, 0x1E, 0x29, 0x67, 0x29, 0x65, 0x21, 0x25, 0x52, 0xF4,
    0x74, 0x3E, 0x29, 0x67, 0x31, 0x86, 0x29, 0x45, 0x21, 0x25, 0x29, 0x45, 0x29, 0x66, 0x29, 0x65,
    0x29, 0x65, 0x29, 0x65, 0x29, 0x46, 0x63, 0x7A, 0x74, 0x3F, 0x74, 0x3F, 0x52, 0xF4, 0x21, 0x25,
    0x31, 0xA6, 0x21, 0x25, 0x63, 0xBA, 0x7C, 0x5F, 0x7C, 0x5F, 0x4A, 0x90, 0x21, 0x25, 0x29, 0x65,
    0x29, 0x65, 0x29, 0x45, 0x29, 0x45, 0x21, 0x24, 0x21, 0x04, 0x31, 0xA6, 0x29, 0x66, 0x3A, 0x0C,
    0x74, 0x1F, 0x6C, 0x1F, 0x52, 0xF5, 0x29, 0x46, 0x29, 0x66, 0x31, 0x86, 0x31, 0x86, 0x31, 0x86,
    0x31, 0x86, 0x29, 0x45, 0x29, 0x46, 0x5B, 0x57, 0x7C, 0x5F, 0x74, 0x5F, 0x74, 0x3F, 0x74, 0x3F,
    0x3A, 0x7B, 0x3A, 0x7B, 0x3A, 0x5A, 0x32, 0x59, 0x32, 0x39, 0x32, 0x59, 0x32, 0x5A, 0x3A, 0x7B,
    0x3A, 0x5A, 0x3A, 0x5A, 0x3A, 0x7B, 0x3A, 0x7B, 0x3A, 0x7C, 0x3A, 0x9C, 0x3A, 0x7C, 0x3A, 0x7C,
    0x3A, 0x7B, 0x3A, 0x5B, 0x3A, 0x7B, 0x3A, 0x7C, 0x3A, 0x9C, 0x3A, 0x9C, 0x3A, 0x9C, 0x3A, 0x9C,
    0x3A, 0x7B, 0x3A, 0x7C, 0x3A, 0x7C, 0x3A, 0x7B, 0x3A, 0x7B, 0x3A, 0x7B, 0x3A, 0x7B, 0x3A, 0x7B,
    0x3A, 0x7C, 0x3A, 0x9C, 0x3A, 0x7C, 0x3A, 0x7B, 0x3A, 0x7C, 0x3A, 0x7B, 0x3A, 0x7B, 0x3A, 0x7B,
    0x3A, 0x7B, 0x3A, 0x5A, 0x3A, 0x7A, 0x3A, 0x59, 0x3A, 0x59, 0x3A, 0x7A, 0x3A, 0x9B, 0x3A, 0x9B,
    0x3A, 0x7A, 0x3A, 0x5A, 0x3A, 0x5A, 0x3A, 0x7B, 0x3A, 0x7B, 0x3A, 0x7B, 0x3A, 0x7B, 0x3A, 0x5A,
    0x32, 0x59, 0x32, 0x59, 0x32, 0x39, 0x32, 0x59, 0x3A, 0x7B, 0x3A, 0x5A, 0x32, 0x5A, 0x3A, 0x5A,
    0x3A, 0x7B, 0x3A, 0x5A, 0x32, 0x5A, 0x32, 0x5A, 0x3A, 0x7B, 0x3A, 0x7C, 0x3A, 0x9C, 0x3A, 0x7B,
    0x32, 0x5A, 0x32, 0x39, 0x32, 0x39, 0x32, 0x39, 0x32, 0x5A, 0x3A, 0x7B, 0x3A, 0x5A, 0x00, 0x00,
    0xAD, 0x55, 0x84, 0x10, 0x00, 0x00, 0x00, 0x00, 0x00, 0x00, 0x00, 0x00, 0x00, 0x00, 0x00, 0x00,
    0x00, 0x00, 0x00, 0x00, 0x00, 0x00, 0x00, 0x00, 0x00, 0x00, 0x00, 0x00, 0x00, 0x00, 0x00, 0x00,
    0x00, 0x00, 0x00, 0x00, 0x00, 0x00, 0x00, 0x00, 0x00, 0x00, 0x00, 0x00, 0x00, 0x00, 0x00, 0x00,
    0x00, 0x00, 0x00, 0x00, 0x00, 0x00, 0x00, 0x00, 0x00, 0x00, 0x00, 0x00, 0x00, 0x00, 0x00, 0x00,
    0x00, 0x00, 0x00, 0x00, 0x00, 0x00, 0x00, 0x00, 0x00, 0x00, 0x00, 0x00, 0x00, 0x00, 0x00, 0x00,
    0x00, 0x00, 0x00, 0x00, 0x00, 0x00, 0x00, 0x00, 0x00, 0x00, 0x00, 0x00, 0x00, 0x00, 0x00, 0x00,
    0x00, 0x00, 0x00, 0x00, 0x00, 0x00, 0x00, 0x00, 0x00, 0x00, 0x00, 0x00, 0x00, 0x00, 0x00, 0x00,
    0x00, 0x00, 0x00, 0x00, 0x00, 0x00, 0x00, 0x00, 0x00, 0x00, 0x00, 0x00, 0x00, 0x00, 0x00, 0x00,
    0x00, 0x00, 0x00, 0x00, 0x00, 0x00, 0x00, 0x00, 0x00, 0x00, 0x00, 0x00, 0x00, 0x00, 0x00, 0x00,
    0x00, 0x00, 0x21, 0x04, 0x84, 0x10, 0xAD, 0x75, 0x00, 0x00, 0x3A, 0x7B, 0x3A, 0x7B, 0x3A, 0x9C,
    0x42, 0x9C, 0x3A, 0x9C, 0x42, 0xBC, 0x3A, 0x9C, 0x3A, 0x9B, 0x3A, 0x9C, 0x3A, 0x7C, 0x3A, 0x9B,
    0x3A, 0x7B, 0x3A, 0x7B, 0x3A, 0x7B, 0x3A, 0x7B, 0x3A, 0x7C, 0x3A, 0x9C, 0x3A, 0x7C, 0x3A, 0x7B,
    0x3A, 0x7C, 0x3A, 0x7B, 0x3A, 0x7B, 0x3A, 0x7B, 0x3A, 0x7B, 0x3A, 0x5A, 0x32, 0x5A, 0x32, 0x59,
    0x32, 0x59, 0x32, 0x5A, 0x3A, 0x7B, 0x3A, 0x7B, 0x32, 0x5A, 0x32, 0x5A, 0x32, 0x5A, 0x3A, 0x7B,
    0x3A, 0x7B, 0x3A, 0x5B, 0x3A, 0x7B, 0x32, 0x5A, 0x32, 0x59, 0x32, 0x59, 0x32, 0x39, 0x32, 0x59,
    0x3A, 0x7B, 0x3A, 0x5A, 0x32, 0x5A, 0x3A, 0x5A, 0x3A, 0x7B, 0x3A, 0x5A, 0x32, 0x5A, 0x32, 0x5A,
    0x3A, 0x7B, 0x3A, 0x7C, 0x3A, 0x9C, 0x3A, 0x7B, 0x3A, 0x5A, 0x32, 0x59, 0x32, 0x39, 0x32, 0x59,
    0x3A, 0x5A, 0x3A, 0x7B, 0x3A, 0x7A, 0x3A, 0x5A, 0x3A, 0x7B, 0x3A, 0x7B, 0x3A, 0x9C, 0x42, 0x9C,
    0x3A, 0x7C, 0x3A, 0x9C, 0x3A, 0x9B, 0x3A, 0x7B, 0x3A, 0x7B, 0x3A, 0x7C, 0x3A, 0x9C, 0x3A, 0x9C,
    0x3A, 0x9C, 0x3A, 0x9C, 0x3A, 0x9B, 0x3A, 0x7C, 0x29, 0xF6, 0x00, 0x00, 0x63, 0x7A, 0x74, 0x5F,
    0x74, 0x3F, 0x6C, 0x1F, 0x6C, 0x1F, 0x6C, 0x1F, 0x63, 0x9A, 0x21, 0x25, 0x39, 0xC7, 0x31, 0x86,
    0x31, 0x87, 0x31, 0x87, 0x31, 0x87, 0x31, 0x87, 0x31, 0x87, 0x31, 0x87, 0x29, 0x86, 0x31, 0xA6,
    0x31, 0x86, 0x29, 0x66, 0x6B, 0xDB, 0x74, 0x3E, 0x29, 0x67, 0x31, 0xA6, 0x29, 0x66, 0x3A, 0x0C,
    0x74, 0x5F, 0x74, 0x5F, 0x74, 0x3F, 0x74, 0x1E, 0x29, 0x67, 0x31, 0x86, 0x29, 0x45, 0x53, 0x14,
    0x74, 0x3E, 0x29, 0x67, 0x31, 0xA6, 0x39, 0xC7, 0x29, 0x65, 0x29, 0x66, 0x3A, 0x0C, 0x31, 0xCA,
    0x21, 0x25, 0x31, 0x86, 0x29, 0x45, 0x39, 0xEB, 0x74, 0x3F, 0x74, 0x3F, 0x52, 0xD4, 0x21, 0x45,
    0x39, 0xC7, 0x21, 0x25, 0x6B, 0xBA, 0x7C, 0x5F, 0x6B, 0xFC, 0x29, 0x46, 0x31, 0x86, 0x29, 0x66,
    0x21, 0x25, 0x42, 0x4F, 0x31, 0xCA, 0x21, 0x24, 0x31, 0x86, 0x39, 0xE7, 0x29, 0x66, 0x3A, 0x0C,
    0x74, 0x3F, 0x6B, 0xFD, 0x29, 0x67, 0x31, 0x86, 0x31, 0x86, 0x29, 0x67, 0x31, 0xAA, 0x31, 0xA9,
    0x29, 0x66, 0x31, 0x86, 0x29, 0x66, 0x31, 0x88, 0x74, 0x3E, 0x7C, 0x5F, 0x74, 0x5F, 0x74, 0x5F,
    0x3A, 0x7B, 0x3A, 0x5A, 0x32, 0x39, 0x32, 0x39, 0x32, 0x59, 0x3A, 0x5A, 0x3A, 0x5A, 0x3A, 0x7B,
    0x3A, 0x7B, 0x3A, 0x7B, 0x3A, 0x7B, 0x3A, 0x7B, 0x3A, 0x7B, 0x3A, 0x7C, 0x3A, 0x7B, 0x3A, 0x5A,
    0x32, 0x5A, 0x32, 0x5A, 0x3A, 0x7B, 0x3A, 0x7C, 0x3A, 0x7C, 0x3A, 0x7B, 0x3A, 0x7B, 0x3A, 0x5A,
    0x3A, 0x5A, 0x32, 0x59, 0x32, 0x59, 0x32, 0x59, 0x3A, 0x5A, 0x3A, 0x7B, 0x3A, 0x7B, 0x3A, 0x7B,
    0x3A, 0x7B, 0x3A, 0x9B, 0x3A, 0x7B, 0x3A, 0x7A, 0x3A, 0x7B, 0x3A, 0x7A, 0x3A, 0x7A, 0x3A, 0x7A,
    0x3A, 0x59, 0x3A, 0x59, 0x3A, 0x59, 0x3A, 0x7A, 0x3A, 0x7A, 0x3A, 0x7A, 0x3A, 0x7B, 0x3A, 0x7A,
    0x32, 0x58, 0x3A, 0x59, 0x3A, 0x7A, 0x3A, 0x7B, 0x3A, 0x9C, 0x3A, 0x7B, 0x3A, 0x7A, 0x3A, 0x7A,
    0x3A, 0x5A, 0x3A, 0x7A, 0x3A, 0x5A, 0x3A, 0x7B, 0x3A, 0x7C, 0x3A, 0x7B, 0x32, 0x39, 0x3A, 0x5A,
    0x3A, 0x5A, 0x3A, 0x5A, 0x3A, 0x5A, 0x3A, 0x7B, 0x3A, 0x7B, 0x3A, 0x7C, 0x3A, 0x7B, 0x32, 0x5A,
    0x32, 0x39, 0x32, 0x39, 0x32, 0x59, 0x32, 0x5A, 0x32, 0x5A, 0x3A, 0x7B, 0x3A, 0x7B, 0x00, 0x00,
    0xAD, 0x55, 0x00, 0x00, 0x00, 0x00, 0x00, 0x00, 0x00, 0x00, 0x00, 0x00, 0x00, 0x00, 0x00, 0x00,
    0x00, 0x00, 0x00, 0x00, 0x00, 0x00, 0x00, 0x00, 0x00, 0x00, 0x00, 0x00, 0x00, 0x00, 0x00, 0x00,
    0x00, 0x00, 0x00, 0x00, 0x00, 0x00, 0x00, 0x00, 0x00, 0x00, 0x00, 0x00, 0x00, 0x00, 0x00, 0x00,
    0x00, 0x00, 0x00, 0x00, 0x00, 0x00, 0x00, 0x00, 0x00, 0x00, 0x00, 0x00, 0x00, 0x00, 0x00, 0x00,
    0x00, 0x00, 0x00, 0x00, 0x00, 0x00, 0x00, 0x00, 0x00, 0x00, 0x00, 0x00, 0x00, 0x00, 0x00, 0x00,
    0x00, 0x00, 0x00, 0x00, 0x00, 0x00, 0x00, 0x00, 0x00, 0x00, 0x00, 0x00, 0x00, 0x00, 0x00, 0x00,
    0x00, 0x00, 0x00, 0x00, 0x00, 0x00, 0x00, 0x00, 0x00, 0x00, 0x00, 0x00, 0x00, 0x00, 0x00, 0x00,
    0x00, 0x00, 0x00, 0x00, 0x00, 0x00, 0x00, 0x00, 0x00, 0x00, 0x00, 0x00, 0x00, 0x00, 0x00, 0x00,
    0x00, 0x00, 0x00, 0x00, 0x00, 0x00, 0x00, 0x00, 0x00, 0x00, 0x00, 0x00, 0x00, 0x00, 0x00, 0x00,
    0x00, 0x00, 0x00, 0x00, 0x21, 0x04, 0xAD, 0x75, 0x00, 0x00, 0x3A, 0x7A, 0x3A, 0x7B, 0x42, 0x9C,
    0x42, 0x9C, 0x3A, 0x9B, 0x3A, 0x9B, 0x3A, 0x7B, 0x3A, 0x7A, 0x3A, 0x7A, 0x3A, 0x59, 0x3A, 0x59,
    0x3A, 0x7A, 0x3A, 0x7B, 0x3A, 0x7B, 0x3A, 0x7B, 0x3A, 0x9B, 0x3A, 0x9B, 0x3A, 0x7B, 0x3A, 0x5A,
    0x3A, 0x7B, 0x3A, 0x5A, 0x3A, 0x5A, 0x3A, 0x5A, 0x32, 0x59, 0x32, 0x39, 0x32, 0x38, 0x32, 0x59,
    0x3A, 0x5A, 0x3A, 0x5A, 0x3A, 0x7B, 0x3A, 0x5A, 0x32, 0x38, 0x32, 0x39, 0x32, 0x5A, 0x3A, 0x7B,
    0x3A, 0x7C, 0x3A, 0x7B, 0x32, 0x5A, 0x32, 0x5A, 0x32, 0x5A, 0x3A, 0x5A, 0x3A, 0x5A, 0x3A, 0x7B,
    0x3A, 0x7C, 0x3A, 0x7B, 0x32, 0x39, 0x3A, 0x5A, 0x3A, 0x5A, 0x3A, 0x5A, 0x3A, 0x5A, 0x3A, 0x7B,
    0x3A, 0x7B, 0x3A, 0x7C, 0x3A, 0x7B, 0x3A, 0x5A, 0x3A, 0x59, 0x3A, 0x59, 0x3A, 0x59, 0x3A, 0x7A,
    0x3A, 0x7A, 0x3A, 0x7B, 0x3A, 0x9B, 0x3A, 0x9C, 0x3A, 0x9B, 0x3A, 0x9B, 0x3A, 0x9B, 0x3A, 0x9C,
    0x3A, 0x9B, 0x3A, 0x7B, 0x3A, 0x7A, 0x3A, 0x7A, 0x3A, 0x7B, 0x3A, 0x9C, 0x3A, 0x9C, 0x3A, 0x9B,
    0x3A, 0x7B, 0x3A, 0x7A, 0x3A, 0x5A, 0x32, 0x59, 0x31, 0xF6, 0x00, 0x00, 0x63, 0x9A, 0x74, 0x3F,
    0x74, 0x1F, 0x74, 0x1F, 0x74, 0x1F, 0x74, 0x3F, 0x63, 0x9A, 0x21, 0x25, 0x39, 0xC7, 0x39, 0xC7,
    0x31, 0xA7, 0x31, 0xA7, 0x31, 0xA7, 0x31, 0xA7, 0x31, 0xA7, 0x39, 0xE7, 0x39, 0xC7, 0x29, 0x46,
    0x29, 0x87, 0x5B, 0x56, 0x7C, 0x7F, 0x74, 0x3E, 0x29, 0x67, 0x31, 0xA6, 0x29, 0x66, 0x3A, 0x0C,
    0x6C, 0x1F, 0x74, 0x1F, 0x74, 0x3F, 0x74, 0x3E, 0x29, 0x67, 0x31, 0x86, 0x29, 0x45, 0x53, 0x14,
    0x74, 0x3E, 0x29, 0x67, 0x31, 0xA6, 0x31, 0xA7, 0x29, 0x67, 0x63, 0x99, 0x74, 0x3F, 0x6B, 0xFE,
    0x42, 0x2E, 0x29, 0x46, 0x31, 0x86, 0x21, 0x25, 0x63, 0xBB, 0x74, 0x1F, 0x4A, 0xD4, 0x21, 0x45,
    0x39, 0xC7, 0x21, 0x25, 0x6B, 0xDA, 0x7C, 0x7F, 0x4A, 0xB1, 0x29, 0x45, 0x31, 0xA6, 0x21, 0x04,
    0x5B, 0x56, 0x7C, 0x7F, 0x74, 0x5E, 0x42, 0x4E, 0x29, 0x66, 0x39, 0xE7, 0x29, 0x66, 0x3A, 0x0C,
    0x74, 0x3F, 0x52, 0xF4, 0x29, 0x45, 0x31, 0xA6, 0x21, 0x25, 0x5B, 0x16, 0x74, 0x1E, 0x74, 0x1E,
    0x52, 0xD3, 0x29, 0x46, 0x39, 0xC7, 0x29, 0x45, 0x53, 0x14, 0x7C, 0x7F, 0x7C, 0x7F, 0x74, 0x5F,
    0x3A, 0x7B, 0x3A, 0x59, 0x3A, 0x59, 0x3A, 0x59, 0x3A, 0x7A, 0x3A, 0x7B, 0x3A, 0x7B, 0x3A, 0x7C,
    0x3A, 0x9C, 0x3A, 0x9C, 0x3A, 0x7B, 0x3A, 0x5A, 0x3A, 0x5A, 0x3A, 0x7B, 0x3A, 0x5A, 0x32, 0x39,
    0x32, 0x59, 0x3A, 0x5A, 0x3A, 0x7B, 0x3A, 0x7B, 0x3A, 0x7B, 0x3A, 0x5A, 0x3A, 0x5A, 0x3A, 0x5A,
    0x3A, 0x59, 0x3A, 0x59, 0x3A, 0x59, 0x3A, 0x7A, 0x3A, 0x7B, 0x3A, 0x9B, 0x3A, 0x7B, 0x3A, 0x59,
    0x3A, 0x5A, 0x3A, 0x7A, 0x3A, 0x7A, 0x3A, 0x9B, 0x3A, 0x9B, 0x3A, 0x7B, 0x3A, 0x7A, 0x3A, 0x7B,
    0x3A, 0x7A, 0x3A, 0x59, 0x3A, 0x7A, 0x3A, 0x9B, 0x42, 0x9B, 0x42, 0x9B, 0x3A, 0x9B, 0x3A, 0x59,
    0x3A, 0x59, 0x3A, 0x7A, 0x3A, 0x9B, 0x3A, 0x9B, 0x3A, 0x9B, 0x3A, 0x7A, 0x3A, 0x7A, 0x3A, 0x5A,
    0x3A, 0x7A, 0x3A, 0x7B, 0x3A, 0x9B, 0x3A, 0x9B, 0x3A, 0x9B, 0x3A, 0x7A, 0x32, 0x58, 0x3A, 0x59,
    0x3A, 0x7B, 0x3A, 0x7A, 0x3A, 0x5A, 0x3A, 0x7B, 0x3A, 0x5A, 0x3A, 0x5A, 0x3A, 0x5A, 0x32, 0x59,
    0x32, 0x59, 0x32, 0x59, 0x3A, 0x5A, 0x3A, 0x7B, 0x3A, 0x7B, 0x3A, 0x7C, 0x3A, 0x9C, 0x00, 0x00,
    0xAD, 0x75, 0x00, 0x00, 0x00, 0x00, 0x00, 0x00, 0x00, 0x00, 0x00, 0x00, 0x00, 0x00, 0x00, 0x00,
    0x00, 0x00, 0x00, 0x00, 0x00, 0x00, 0x00, 0x00, 0x00, 0x00, 0x00, 0x00, 0x00, 0x00, 0x00, 0x00,
    0x00, 0x00, 0x00, 0x00, 0x00, 0x00, 0x00, 0x00, 0x00, 0x00, 0x00, 0x00, 0x00, 0x00, 0x00, 0x00,
    0x00, 0x00, 0x00, 0x00, 0x00, 0x00, 0x00, 0x00, 0x00, 0x00, 0x00, 0x00, 0x00, 0x00, 0x00, 0x00,
    0x00, 0x00, 0x00, 0x00, 0x00, 0x00, 0x00, 0x00, 0x00, 0x00, 0x00, 0x00, 0x00, 0x00, 0x00, 0x00,
    0x00, 0x00, 0x00, 0x00, 0x00, 0x00, 0x00, 0x00, 0x00, 0x00, 0x00, 0x00, 0x00, 0x00, 0x00, 0x00,
    0x00, 0x00, 0x00, 0x00, 0x00, 0x00, 0x00, 0x00, 0x00, 0x00, 0x00, 0x00, 0x00, 0x00, 0x00, 0x00,
    0x00, 0x00, 0x00, 0x00, 0x00, 0x00, 0x00, 0x00, 0x00, 0x00, 0x00, 0x00, 0x00, 0x00, 0x00, 0x00,
    0x00, 0x00, 0x00, 0x00, 0x00, 0x00, 0x00, 0x00, 0x00, 0x00, 0x00, 0x00, 0x00, 0x00, 0x00, 0x00,
    0x00, 0x00, 0x00, 0x00, 0x00, 0x00, 0xAD, 0x75, 0x00, 0x00, 0x3A, 0x7A, 0x3A, 0x9B, 0x3A, 0x9B,
    0x42, 0x9B, 0x3A, 0x9A, 0x3A, 0x7A, 0x3A, 0x9A, 0x3A, 0x79, 0x3A, 0x59, 0x3A, 0x79, 0x3A, 0x9A,
    0x3A, 0x9B, 0x3A, 0x9C, 0x3A, 0x7B, 0x3A, 0x7A, 0x3A, 0x5A, 0x3A, 0x7A, 0x3A, 0x7A, 0x3A, 0x7B,
    0x3A, 0x9B, 0x3A, 0x7A, 0x3A, 0x7A, 0x3A, 0x7B, 0x3A, 0x7A, 0x3A, 0x59, 0x3A, 0x59, 0x3A, 0x5A,
    0x3A, 0x7B, 0x3A, 0x7B, 0x3A, 0x5A, 0x32, 0x59, 0x32, 0x39, 0x3A, 0x5A, 0x3A, 0x7B, 0x3A, 0x7B,
    0x3A, 0x7B, 0x3A, 0x5A, 0x3A, 0x5A, 0x3A, 0x5A, 0x3A, 0x5A, 0x3A, 0x7B, 0x3A, 0x7B, 0x3A, 0x7B,
    0x3A, 0x9B, 0x3A, 0x5A, 0x32, 0x38, 0x3A, 0x59, 0x3A, 0x7B, 0x3A, 0x7A, 0x3A, 0x7A, 0x3A, 0x7B,
    0x3A, 0x7A, 0x3A, 0x7A, 0x3A, 0x7A, 0x3A, 0x59, 0x3A, 0x59, 0x3A, 0x59, 0x3A, 0x7A, 0x3A, 0x7B,
    0x3A, 0x7B, 0x42, 0x9C, 0x42, 0xBD, 0x42, 0xBC, 0x3A, 0x9B, 0x3A, 0x9A, 0x3A, 0x9A, 0x3A, 0x7B,
    0x3A, 0x9B, 0x3A, 0x79, 0x3A, 0x59, 0x3A, 0x7A, 0x3A, 0x9B, 0x3A, 0x9B, 0x3A, 0x9B, 0x3A, 0x7A,
    0x3A, 0x7A, 0x3A, 0x7A, 0x3A, 0x59, 0x3A, 0x59, 0x32, 0x16, 0x00, 0x00, 0x63, 0x9A, 0x74, 0x3F,
    0x74, 0x3F, 0x74, 0x3F, 0x74, 0x3F, 0x74, 0x3F, 0x63, 0xBA, 0x21, 0x25, 0x39, 0xC7, 0x29, 0x45,
    0x29, 0x46, 0x29, 0x88, 0x29, 0x88, 0x29, 0x88, 0x29, 0x46, 0x29, 0x65, 0x39, 0xC7, 0x29, 0x46,
    0x5B, 0x57, 0x7C, 0x7F, 0x7C, 0x7F, 0x74, 0x1E, 0x29, 0x67, 0x31, 0xA6, 0x29, 0x66, 0x3A, 0x0C,
    0x74, 0x1F, 0x74, 0x3F, 0x74, 0x5F, 0x74, 0x3E, 0x29, 0x67, 0x31, 0x86, 0x29, 0x45, 0x53, 0x14,
    0x74, 0x3E, 0x29, 0x67, 0x31, 0xA6, 0x29, 0x86, 0x42, 0x2D, 0x7C, 0x7F, 0x7C, 0x5F, 0x74, 0x3F,
    0x63, 0xBB, 0x21, 0x25, 0x31, 0x86, 0x21, 0x25, 0x52, 0xF5, 0x74, 0x1F, 0x52, 0xD4, 0x29, 0x45,
    0x39, 0xC7, 0x21, 0x25, 0x6B, 0xDA, 0x74, 0x3E, 0x31, 0x88, 0x31, 0x86, 0x29, 0x65, 0x31, 0xA8,
    0x74, 0x5E, 0x7C, 0x7F, 0x7C, 0x7F, 0x6B, 0xDB, 0x29, 0x46, 0x39, 0xC7, 0x29, 0x66, 0x3A, 0x0C,
    0x6C, 0x1E, 0x31, 0xA9, 0x31, 0x86, 0x31, 0x86, 0x39, 0xEB, 0x74, 0x1F, 0x74, 0x3F, 0x74, 0x5F,
    0x74, 0x3E, 0x31, 0xA9, 0x31, 0xA7, 0x31, 0x86, 0x31, 0xC9, 0x7C, 0x7F, 0x7C, 0x7F, 0x7C, 0x7F,
    0x3A, 0x7B, 0x3A, 0x7A, 0x3A, 0x7A, 0x3A, 0x7B, 0x3A, 0x7B, 0x3A, 0x7B, 0x42, 0xBC, 0x3A, 0x9C,
    0x3A, 0x9C, 0x3A, 0x7B, 0x3A, 0x7A, 0x3A, 0x7A, 0x3A, 0x7B, 0x3A, 0x7B, 0x3A, 0x7A, 0x3A, 0x5A,
    0x3A, 0x7B, 0x42, 0x9C, 0x3A, 0x9B, 0x3A, 0x7B, 0x3A, 0x7A, 0x3A, 0x7A, 0x3A, 0x7B, 0x3A, 0x7B,
    0x3A, 0x7A, 0x3A, 0x7A, 0x3A, 0x7B, 0x3A, 0x9B, 0x3A, 0x9B, 0x3A, 0x9B, 0x3A, 0x7A, 0x3A, 0x59,
    0x3A, 0x7A, 0x3A, 0x9B, 0x3A, 0x7B, 0x3A, 0x9B, 0x42, 0x9B, 0x3A, 0x7A, 0x3A, 0x9A, 0x42, 0x9B,
    0x3A, 0x9A, 0x3A, 0x9A, 0x42, 0x9B, 0x42, 0x9B, 0x42, 0x9B, 0x42, 0x9B, 0x42, 0x9B, 0x3A, 0x9B,
    0x3A, 0x9B, 0x42, 0xBC, 0x42, 0xBC, 0x3A, 0x9B, 0x3A, 0x7A, 0x3A, 0x7A, 0x3A, 0x7A, 0x3A, 0x59,
    0x3A, 0x7A, 0x3A, 0x7B, 0x3A, 0x9B, 0x3A, 0x7A, 0x3A, 0x7A, 0x3A, 0x59, 0x32, 0x58, 0x3A, 0x5A,
    0x3A, 0x7B, 0x3A, 0x7B, 0x3A, 0x7A, 0x3A, 0x7A, 0x3A, 0x7A, 0x3A, 0x7A, 0x3A, 0x5A, 0x3A, 0x59,
    0x3A, 0x7A, 0x3A, 0x7B, 0x3A, 0x7B, 0x3A, 0x7B, 0x3A, 0x9C, 0x3A, 0x9C, 0x3A, 0x9C, 0x00, 0x00,
    0xAD, 0x75, 0x00, 0x00, 0x00, 0x00, 0x00, 0x00, 0x00, 0x00, 0x00, 0x00, 0x00, 0x00, 0x00, 0x00,
    0x00, 0x00, 0x00, 0x00, 0x00, 0x00, 0x00, 0x00, 0x00, 0x00, 0x00, 0x00, 0x00, 0x00, 0x00, 0x00,
    0x00, 0x00, 0x00, 0x00, 0x00, 0x00, 0x00, 0x00, 0x00, 0x00, 0x00, 0x00, 0x00, 0x00, 0x00, 0x00,
    0x00, 0x00, 0x00, 0x00, 0x00, 0x00, 0x00, 0x00, 0x00, 0x00, 0x00, 0x00, 0x00, 0x00, 0x00, 0x00,
    0x00, 0x00, 0x00, 0x00, 0x00, 0x00, 0x00, 0x00, 0x00, 0x00, 0x00, 0x00, 0x00, 0x00, 0x00, 0x00,
    0x00, 0x00, 0x00, 0x00, 0x00, 0x00, 0x00, 0x00, 0x00, 0x00, 0x00, 0x00, 0x00, 0x00, 0x00, 0x00,
    0x00, 0x00, 0x00, 0x00, 0x00, 0x00, 0x00, 0x00, 0x00, 0x00, 0x00, 0x00, 0x00, 0x00, 0x00, 0x00,
    0x00, 0x00, 0x00, 0x00, 0x00, 0x00, 0x00, 0x00, 0x00, 0x00, 0x00, 0x00, 0x00, 0x00, 0x00, 0x00,
    0x00, 0x00, 0x00, 0x00, 0x00, 0x00, 0x00, 0x00, 0x00, 0x00, 0x00, 0x00, 0x00, 0x00, 0x00, 0x00,
    0x00, 0x00, 0x00, 0x00, 0x00, 0x00, 0xAD, 0x75, 0x00, 0x00, 0x42, 0xBC, 0x42, 0xBB, 0x42, 0x9B,
    0x3A, 0x9A, 0x3A, 0x9A, 0x42, 0x9B, 0x3A, 0x9B, 0x3A, 0x9A, 0x3A, 0x9A, 0x42, 0x9B, 0x42, 0xBB,
    0x42, 0xBB, 0x42, 0x9B, 0x3A, 0x7A, 0x3A, 0x59, 0x3A, 0x7A, 0x3A, 0x9B, 0x3A, 0x7B, 0x3A, 0x9B,
    0x3A, 0x9B, 0x3A, 0x9A, 0x3A, 0x7A, 0x3A, 0x7B, 0x3A, 0x7A, 0x3A, 0x7A, 0x3A, 0x7B, 0x3A, 0x9B,
    0x3A, 0x7B, 0x3A, 0x7B, 0x3A, 0x7B, 0x3A, 0x7B, 0x3A, 0x7B, 0x3A, 0x9C, 0x3A, 0x9C, 0x3A, 0x7B,
    0x3A, 0x7A, 0x3A, 0x7A, 0x3A, 0x59, 0x3A, 0x59, 0x3A, 0x59, 0x3A, 0x7B, 0x3A, 0x7B, 0x3A, 0x7A,
    0x3A, 0x7A, 0x3A, 0x59, 0x32, 0x38, 0x3A, 0x5A, 0x3A, 0x7B, 0x3A, 0x7B, 0x3A, 0x7A, 0x3A, 0x7B,
    0x3A, 0x7A, 0x3A, 0x7A, 0x3A, 0x7A, 0x3A, 0x7A, 0x3A, 0x7A, 0x3A, 0x7B, 0x3A, 0x7B, 0x3A, 0x9B,
    0x42, 0xBC, 0x42, 0xBC, 0x42, 0xBC, 0x42, 0x9B, 0x3A, 0x9A, 0x3A, 0x7A, 0x42, 0xBB, 0x42, 0x9B,
    0x3A, 0x9B, 0x3A, 0x7A, 0x3A, 0x9B, 0x42, 0xBC, 0x42, 0xBB, 0x3A, 0x9B, 0x3A, 0x7A, 0x3A, 0x7A,
    0x3A, 0x7B, 0x3A, 0x7B, 0x3A, 0x7A, 0x3A, 0x7A, 0x32, 0x16, 0x00, 0x00, 0x63, 0x9A, 0x74, 0x5F,
    0x7C, 0x5F, 0x74, 0x5F, 0x74, 0x5F, 0x74, 0x5F, 0x6B, 0xDA, 0x21, 0x25, 0x39, 0xC7, 0x29, 0x45,
    0x52, 0xF3, 0x74, 0x3E, 0x74, 0x3E, 0x7C, 0x5E, 0x6B, 0xB9, 0x29, 0x46, 0x39, 0xC7, 0x31, 0x86,
    0x3A, 0x0B, 0x7C, 0x5E, 0x7C, 0x5F, 0x74, 0x3E, 0x29, 0x67, 0x31, 0xA6, 0x29, 0x66, 0x3A, 0x0C,
    0x74, 0x5F, 0x7C, 0x5F, 0x7C, 0x5F, 0x74, 0x3E, 0x29, 0x67, 0x31, 0x86, 0x29, 0x45, 0x53, 0x14,
    0x74, 0x5E, 0x29, 0x67, 0x31, 0x86, 0x29, 0x45, 0x52, 0xF4, 0x7C, 0x7F, 0x7C, 0x7F, 0x7C, 0x5F,
    0x74, 0x3E, 0x29, 0x67, 0x31, 0x86, 0x29, 0x45, 0x42, 0x2E, 0x74, 0x5F, 0x52, 0xF4, 0x29, 0x45,
    0x39, 0xC7, 0x21, 0x25, 0x6B, 0xDA, 0x74, 0x3E, 0x29, 0x67, 0x31, 0xA6, 0x29, 0x66, 0x3A, 0x2C,
    0x7C, 0x7F, 0x7C, 0x7F, 0x7C, 0x7F, 0x74, 0x3F, 0x31, 0xA9, 0x31, 0x86, 0x29, 0x66, 0x3A, 0x0C,
    0x6B, 0xBB, 0x21, 0x25, 0x31, 0xA6, 0x29, 0x46, 0x52, 0xF4, 0x74, 0x5F, 0x7C, 0x5F, 0x7C, 0x7F,
    0x7C, 0x7F, 0x4A, 0x8F, 0x29, 0x45, 0x31, 0xA6, 0x29, 0x45, 0x74, 0x1C, 0x7C, 0x5F, 0x7C, 0x7F,
    0x3A, 0x7B, 0x3A, 0x9B, 0x3A, 0x9C, 0x42, 0x9C, 0x3A, 0x9B, 0x3A, 0x9B, 0x42, 0x9C, 0x3A, 0x9B,
    0x3A, 0x7A, 0x3A, 0x59, 0x3A, 0x59, 0x3A, 0x7A, 0x3A, 0x9B, 0x3A, 0x9B, 0x3A, 0x7B, 0x3A, 0x7A,
    0x3A, 0x9B, 0x3A, 0x9C, 0x3A, 0x9B, 0x3A, 0x9A, 0x3A, 0x7B, 0x3A, 0x9B, 0x3A, 0x9B, 0x3A, 0x7B,
    0x3A, 0x7A, 0x3A, 0x7B, 0x42, 0x9B, 0x3A, 0x9B, 0x3A, 0x7B, 0x3A, 0x7A, 0x3A, 0x7A, 0x3A, 0x9A,
    0x42, 0x9B, 0x42, 0xBC, 0x42, 0x9B, 0x3A, 0x9A, 0x3A, 0x9B, 0x3A, 0x7A, 0x3A, 0x7A, 0x3A, 0x9A,
    0x3A, 0x9A, 0x3A, 0x9A, 0x3A, 0x9B, 0x42, 0xBB, 0x42, 0x9B, 0x3A, 0x9B, 0x42, 0xBB, 0x42, 0xBB,
    0x42, 0xBB, 0x42, 0xBC, 0x42, 0xBC, 0x3A, 0x9A, 0x3A, 0x9A, 0x42, 0x9B, 0x3A, 0x9B, 0x3A, 0x9A,
    0x3A, 0x9A, 0x3A, 0x7B, 0x3A, 0x9B, 0x3A, 0x7A, 0x3A, 0x7A, 0x3A, 0x59, 0x3A, 0x59, 0x3A, 0x7A,
    0x3A, 0x9B, 0x3A, 0x9B, 0x3A, 0x7B, 0x3A, 0x9B, 0x3A, 0x7B, 0x3A, 0x7B, 0x3A, 0x7B, 0x3A, 0x9B,
    0x3A, 0x9C, 0x42, 0x9C, 0x3A, 0x9B, 0x3A, 0x9B, 0x42, 0x9C, 0x3A, 0x9B, 0x3A, 0x7A, 0x00, 0x00,
    0xAD, 0x75, 0x00, 0x00, 0x00, 0x00, 0x00, 0x00, 0x00, 0x00, 0x00, 0x00, 0x00, 0x00, 0x00, 0x00,
    0x00, 0x00, 0x00, 0x00, 0x00, 0x00, 0x00, 0x00, 0x00, 0x00, 0x00, 0x00, 0x00, 0x00, 0x00, 0x00,
    0x00, 0x00, 0x00, 0x00, 0x00, 0x00, 0x00, 0x00, 0x00, 0x00, 0x00, 0x00, 0x00, 0x00, 0x00, 0x00,
    0x00, 0x00, 0x00, 0x00, 0x00, 0x00, 0x00, 0x00, 0x00, 0x00, 0x00, 0x00, 0x00, 0x00, 0x00, 0x00,
    0x00, 0x00, 0x00, 0x00, 0x00, 0x00, 0x00, 0x00, 0x00, 0x00, 0x00, 0x00, 0x00, 0x00, 0x00, 0x00,
    0x00, 0x00, 0x00, 0x00, 0x00, 0x00, 0x00, 0x00, 0x00, 0x00, 0x00, 0x00, 0x00, 0x00, 0x00, 0x00,
    0x00, 0x00, 0x00, 0x00, 0x00, 0x00, 0x00, 0x00, 0x00, 0x00, 0x00, 0x00, 0x00, 0x00, 0x00, 0x00,
    0x00, 0x00, 0x00, 0x00, 0x00, 0x00, 0x00, 0x00, 0x00, 0x00, 0x00, 0x00, 0x00, 0x00, 0x00, 0x00,
    0x00, 0x00, 0x00, 0x00, 0x00, 0x00, 0x00, 0x00, 0x00, 0x00, 0x00, 0x00, 0x00, 0x00, 0x00, 0x00,
    0x00, 0x00, 0x00, 0x00, 0x00, 0x00, 0xAD, 0x75, 0x00, 0x00, 0x42, 0xBC, 0x42, 0xBB, 0x3A, 0x9B,
    0x42, 0x9B, 0x42, 0xBB, 0x42, 0xBB, 0x3A, 0x9B, 0x3A, 0x9A, 0x42, 0x9B, 0x42, 0xBB, 0x42, 0xBB,
    0x3A, 0x9B, 0x3A, 0x9A, 0x3A, 0x9A, 0x3A, 0x9A, 0x42, 0x9B, 0x42, 0xBC, 0x42, 0x9B, 0x3A, 0x9A,
    0x3A, 0x9B, 0x3A, 0x7A, 0x3A, 0x7A, 0x3A, 0x7A, 0x3A, 0x7A, 0x3A, 0x7A, 0x3A, 0x7B, 0x3A, 0x9B,
    0x3A, 0x7B, 0x3A, 0x7B, 0x3A, 0x9B, 0x3A, 0x9B, 0x3A, 0x9B, 0x3A, 0x9C, 0x3A, 0x9C, 0x3A, 0x7A,
    0x3A, 0x7A, 0x3A, 0x9B, 0x3A, 0x7B, 0x3A, 0x7A, 0x3A, 0x7A, 0x3A, 0x7B, 0x3A, 0x7B, 0x3A, 0x7A,
    0x3A, 0x7A, 0x3A, 0x59, 0x3A, 0x59, 0x3A, 0x7A, 0x3A, 0x9B, 0x3A, 0x9B, 0x3A, 0x7B, 0x3A, 0x9B,
    0x3A, 0x7B, 0x42, 0x9B, 0x42, 0x9B, 0x42, 0x9B, 0x42, 0xBC, 0x42, 0xBC, 0x42, 0x9B, 0x42, 0x9B,
    0x42, 0xBC, 0x42, 0xBB, 0x3A, 0x9A, 0x3A, 0x79, 0x3A, 0x79, 0x3A, 0x9A, 0x42, 0xBB, 0x42, 0xBB,
    0x3A, 0x9B, 0x3A, 0x9B, 0x42, 0xBB, 0x42, 0xBC, 0x42, 0xBB, 0x3A, 0x9A, 0x42, 0x9B, 0x42, 0x9B,
    0x42, 0x9B, 0x3A, 0x9B, 0x3A, 0x9A, 0x3A, 0x7B, 0x32, 0x16, 0x00, 0x00, 0x63, 0xBA, 0x7C, 0x7F,
    0x7C, 0x7F, 0x7C, 0x7F, 0x7C, 0x7F, 0x7C, 0x5F, 0x6B, 0xDA, 0x21, 0x25, 0x39, 0xC7, 0x29, 0x45,
    0x52, 0xF4, 0x7C, 0x7F, 0x7C, 0x7F, 0x84, 0x9F, 0x7C, 0x7F, 0x42, 0x4E, 0x29, 0x45, 0x39, 0xC7,
    0x21, 0x45, 0x5B, 0x36, 0x7C, 0x7F, 0x74, 0x5E, 0x29, 0x67, 0x31, 0xA6, 0x29, 0x66, 0x3A, 0x0C,
    0x7C, 0x5F, 0x7C, 0x7F, 0x7C, 0x7F, 0x63, 0xBA, 0x21, 0x25, 0x31, 0xA6, 0x29, 0x45, 0x5B, 0x34,
    0x7C, 0x5E, 0x29, 0x67, 0x31, 0x86, 0x29, 0x45, 0x4A, 0xB2, 0x7C, 0x7F, 0x7C, 0x7F, 0x74, 0x5F,
    0x74, 0x3E, 0x29, 0x66, 0x31, 0x86, 0x29, 0x45, 0x42, 0x70, 0x7C, 0x5F, 0x53, 0x14, 0x29, 0x45,
    0x39, 0xC7, 0x21, 0x25, 0x6B, 0xDA, 0x7C, 0x5E, 0x29, 0x87, 0x31, 0x86, 0x29, 0x65, 0x3A, 0x0C,
    0x7C, 0x7F, 0x7C, 0x7F, 0x7C, 0x5F, 0x74, 0x3E, 0x29, 0x88, 0x31, 0x86, 0x29, 0x66, 0x3A, 0x2C,
    0x6B, 0xDC, 0x21, 0x46, 0x31, 0xA6, 0x29, 0x45, 0x52, 0xD2, 0x7C, 0x7F, 0x7C, 0x9F, 0x7C, 0x9F,
    0x7C, 0x9F, 0x42, 0x4D, 0x29, 0x66, 0x31, 0xA6, 0x29, 0x46, 0x74, 0x1D, 0x7C, 0x5F, 0x7C, 0x7F,
    0x3A, 0x7B, 0x42, 0x9C, 0x42, 0x9C, 0x3A, 0x9C, 0x3A, 0x7B, 0x3A, 0x7B, 0x42, 0x9B, 0x3A, 0x7A,
    0x3A, 0x59, 0x3A, 0x59, 0x3A, 0x7A, 0x3A, 0x7B, 0x3A, 0x7B, 0x3A, 0x7B, 0x3A, 0x7A, 0x3A, 0x7A,
    0x3A, 0x5A, 0x3A, 0x7B, 0x3A, 0x7A, 0x3A, 0x7A, 0x3A, 0x7B, 0x3A, 0x7B, 0x3A, 0x7B, 0x3A, 0x7A,
    0x3A, 0x7A, 0x3A, 0x7B, 0x3A, 0x7B, 0x3A, 0x7A, 0x3A, 0x7B, 0x3A, 0x7B, 0x3A, 0x9B, 0x3A, 0x9C,
    0x42, 0x9C, 0x42, 0x9C, 0x3A, 0x7A, 0x3A, 0x59, 0x3A, 0x9A, 0x3A, 0x7A, 0x3A, 0x7A, 0x3A, 0x7A,
    0x3A, 0x7A, 0x3A, 0x79, 0x3A, 0x9A, 0x42, 0x9B, 0x42, 0x9B, 0x3A, 0x9A, 0x3A, 0x9A, 0x3A, 0x9A,
    0x3A, 0x79, 0x3A, 0x9A, 0x42, 0x9B, 0x3A, 0x9A, 0x3A, 0x7A, 0x3A, 0x9B, 0x3A, 0x7B, 0x3A, 0x7B,
    0x3A, 0x9B, 0x3A, 0x9C, 0x3A, 0x9C, 0x3A, 0x7B, 0x3A, 0x7A, 0x3A, 0x7A, 0x3A, 0x7A, 0x3A, 0x7B,
    0x3A, 0x7B, 0x3A, 0x7A, 0x3A, 0x7A, 0x3A, 0x7B, 0x3A, 0x9B, 0x3A, 0x9C, 0x3A, 0x9C, 0x3A, 0x9C,
    0x3A, 0x9C, 0x3A, 0x7B, 0x3A, 0x7B, 0x3A, 0x7B, 0x3A, 0x7B, 0x3A, 0x7A, 0x3A, 0x59, 0x00, 0x00,
    0xAD, 0x75, 0x00, 0x00, 0x00, 0x00, 0x00, 0x00, 0x00, 0x00, 0x00, 0x00, 0x00, 0x00, 0x00, 0x00,
    0x00, 0x00, 0x00, 0x00, 0x00, 0x00, 0x00, 0x00, 0x00, 0x00, 0x00, 0x00, 0x00, 0x00, 0x00, 0x00,
    0x00, 0x00, 0x00, 0x00, 0x00, 0x00, 0x00, 0x00, 0x00, 0x00, 0x00, 0x00, 0x00, 0x00, 0x00, 0x00,
    0x00, 0x00, 0x00, 0x00, 0x00, 0x00, 0x00, 0x00, 0x00, 0x00, 0x00, 0x00, 0x00, 0x00, 0x00, 0x00,
    0x00, 0x00, 0x00, 0x00, 0x00, 0x00, 0x00, 0x00, 0x00, 0x00, 0x00, 0x00, 0x00, 0x00, 0x00, 0x00,
    0x00, 0x00, 0x00, 0x00, 0x00, 0x00, 0x00, 0x00, 0x00, 0x00, 0x00, 0x00, 0x00, 0x00, 0x00, 0x00,
    0x00, 0x00, 0x00, 0x00, 0x00, 0x00, 0x00, 0x00, 0x00, 0x00, 0x00, 0x00, 0x00, 0x00, 0x00, 0x00,
    0x00, 0x00, 0x00, 0x00, 0x00, 0x00, 0x00, 0x00, 0x00, 0x00, 0x00, 0x00, 0x00, 0x00, 0x00, 0x00,
    0x00, 0x00, 0x00, 0x00, 0x00, 0x00, 0x00, 0x00, 0x00, 0x00, 0x00, 0x00, 0x00, 0x00, 0x00, 0x00,
    0x00, 0x00, 0x00, 0x00, 0x00, 0x00, 0xAD, 0x75, 0x00, 0x00, 0x3A, 0x9B, 0x3A, 0x9A, 0x3A, 0x9A,
    0x42, 0x9B, 0x42, 0x9B, 0x3A, 0x9B, 0x3A, 0x9A, 0x3A, 0x9A, 0x42, 0x9B, 0x42, 0x9B, 0x3A, 0x9B,
    0x3A, 0x9B, 0x42, 0x9B, 0x3A, 0x9B, 0x3A, 0x9C, 0x42, 0x9C, 0x42, 0x9C, 0x3A, 0x7A, 0x3A, 0x59,
    0x3A, 0x7A, 0x3A, 0x9A, 0x3A, 0x7A, 0x3A, 0x7A, 0x3A, 0x5A, 0x3A, 0x59, 0x3A, 0x7A, 0x3A, 0x7B,
    0x3A, 0x7B, 0x3A, 0x7A, 0x3A, 0x7A, 0x3A, 0x7A, 0x3A, 0x59, 0x3A, 0x7A, 0x3A, 0x7B, 0x3A, 0x7A,
    0x3A, 0x7A, 0x3A, 0x7B, 0x3A, 0x7B, 0x3A, 0x7A, 0x3A, 0x7B, 0x3A, 0x9B, 0x3A, 0x9B, 0x3A, 0x7A,
    0x3A, 0x5A, 0x3A, 0x59, 0x3A, 0x7A, 0x3A, 0x7B, 0x3A, 0x7B, 0x3A, 0x7A, 0x3A, 0x7A, 0x3A, 0x9B,
    0x3A, 0x9C, 0x42, 0x9C, 0x42, 0x9C, 0x42, 0x9C, 0x42, 0x9C, 0x3A, 0x9C, 0x3A, 0x7B, 0x3A, 0x9B,
    0x42, 0x9B, 0x3A, 0x9A, 0x3A, 0x79, 0x3A, 0x79, 0x3A, 0x9A, 0x42, 0x9B, 0x42, 0xBB, 0x42, 0x9B,
    0x3A, 0x9B, 0x3A, 0x9A, 0x3A, 0x9A, 0x3A, 0x9B, 0x3A, 0x9A, 0x3A, 0x7A, 0x3A, 0x9B, 0x3A, 0x9B,
    0x3A, 0x7B, 0x3A, 0x7A, 0x3A, 0x7A, 0x3A, 0x9B, 0x32, 0x16, 0x00, 0x00, 0x63, 0x9A, 0x7C, 0x9F,
    0x7C, 0x9F, 0x7C, 0x7F, 0x74, 0x5F, 0x74, 0x5F, 0x63, 0xBA, 0x21, 0x25, 0x39, 0xC7, 0x29, 0x45,
    0x52, 0xF4, 0x7C, 0x7F, 0x7C, 0x7F, 0x7C, 0x7F, 0x7C, 0x7F, 0x6B, 0xDB, 0x21, 0x45, 0x31, 0xA6,
    0x31, 0x86, 0x31, 0xA9, 0x74, 0x3E, 0x74, 0x3E, 0x29, 0x67, 0x31, 0xA6, 0x29, 0x66, 0x3A, 0x0C,
    0x74, 0x5F, 0x74, 0x5F, 0x74, 0x5F, 0x42, 0x4F, 0x29, 0x46, 0x39, 0xE7, 0x29, 0x45, 0x53, 0x14,
    0x74, 0x3E, 0x29, 0x67, 0x31, 0xA6, 0x31, 0x86, 0x31, 0xCA, 0x74, 0x5F, 0x74, 0x5F, 0x74, 0x5F,
    0x63, 0x98, 0x29, 0x46, 0x31, 0xA6, 0x21, 0x25, 0x5B, 0x36, 0x74, 0x3F, 0x52, 0xF4, 0x29, 0x45,
    0x39, 0xC7, 0x21, 0x25, 0x6B, 0xDA, 0x7C, 0x7F, 0x39, 0xEB, 0x29, 0x65, 0x31, 0xA6, 0x29, 0x87,
    0x74, 0x3C, 0x7C, 0x7F, 0x7C, 0x5F, 0x63, 0x78, 0x29, 0x46, 0x39, 0xC7, 0x29, 0x66, 0x3A, 0x0C,
    0x74, 0x3F, 0x39, 0xEB, 0x29, 0x65, 0x29, 0x66, 0x31, 0xA9, 0x7C, 0x5E, 0x7C, 0x9F, 0x7C, 0x7F,
    0x6B, 0xFC, 0x29, 0x46, 0x31, 0xA6, 0x29, 0x65, 0x39, 0xEB, 0x74, 0x5F, 0x7C, 0x5F, 0x7C, 0x7F,
    0x3A, 0x7B, 0x3A, 0x7B, 0x3A, 0x7B, 0x3A, 0x7A, 0x3A, 0x5A, 0x3A, 0x7A, 0x3A, 0x7A, 0x32, 0x59,
    0x32, 0x39, 0x3A, 0x5A, 0x3A, 0x7B, 0x3A, 0x7C, 0x3A, 0x7B, 0x3A, 0x7B, 0x3A, 0x5A, 0x3A, 0x5A,
    0x3A, 0x5A, 0x3A, 0x7B, 0x3A, 0x7B, 0x3A, 0x5A, 0x3A, 0x7B, 0x3A, 0x7B, 0x3A, 0x5A, 0x3A, 0x5A,
    0x3A, 0x7B, 0x3A, 0x9C, 0x3A, 0x9C, 0x3A, 0x7B, 0x3A, 0x7B, 0x3A, 0x7A, 0x3A, 0x7B, 0x3A, 0x7B,
    0x3A, 0x7B, 0x3A, 0x7A, 0x3A, 0x59, 0x3A, 0x59, 0x3A, 0x7A, 0x3A, 0x7A, 0x3A, 0x59, 0x3A, 0x7A,
    0x3A, 0x7B, 0x3A, 0x9B, 0x3A, 0x9B, 0x42, 0xBC, 0x42, 0x9B, 0x3A, 0x9A, 0x3A, 0x9A, 0x3A, 0x7A,
    0x3A, 0x7A, 0x3A, 0x7A, 0x3A, 0x9B, 0x3A, 0x7A, 0x3A, 0x59, 0x3A, 0x59, 0x3A, 0x7A, 0x3A, 0x7B,
    0x3A, 0x7B, 0x3A, 0x9B, 0x3A, 0x9B, 0x3A, 0x7B, 0x3A, 0x5A, 0x3A, 0x7A, 0x3A, 0x7B, 0x3A, 0x7B,
    0x3A, 0x7B, 0x3A, 0x7A, 0x3A, 0x7B, 0x3A, 0x9C, 0x3A, 0x7C, 0x3A, 0x7C, 0x3A, 0x7C, 0x3A, 0x7B,
    0x3A, 0x7B, 0x3A, 0x5A, 0x3A, 0x5A, 0x3A, 0x5A, 0x3A, 0x5A, 0x32, 0x59, 0x32, 0x39, 0x00, 0x00,
    0xAD, 0x75, 0x00, 0x00, 0x00, 0x00, 0x00, 0x00, 0x00, 0x00, 0x00, 0x00, 0x00, 0x00, 0x00, 0x00,
    0x00, 0x00, 0x00, 0x00, 0x00, 0x00, 0x00, 0x00, 0x00, 0x00, 0x00, 0x00, 0x00, 0x00, 0x00, 0x00,
    0x00, 0x00, 0x00, 0x00, 0x00, 0x00, 0x00, 0x00, 0x00, 0x00, 0x00, 0x00, 0x00, 0x00, 0x00, 0x00,
    0x00, 0x00, 0x00, 0x00, 0x00, 0x00, 0x00, 0x00, 0x00, 0x00, 0x00, 0x00, 0x00, 0x00, 0x00, 0x00,
    0x00, 0x00, 0x00, 0x00, 0x00, 0x00, 0x00, 0x00, 0x00, 0x00, 0x00, 0x00, 0x00, 0x00, 0x00, 0x00,
    0x00, 0x00, 0x00, 0x00, 0x00, 0x00, 0x00, 0x00, 0x00, 0x00, 0x00, 0x00, 0x00, 0x00, 0x00, 0x00,
    0x00, 0x00, 0x00, 0x00, 0x00, 0x00, 0x00, 0x00, 0x00, 0x00, 0x00, 0x00, 0x00, 0x00, 0x00, 0x00,
    0x00, 0x00, 0x00, 0x00, 0x00, 0x00, 0x00, 0x00, 0x00, 0x00, 0x00, 0x00, 0x00, 0x00, 0x00, 0x00,
    0x00, 0x00, 0x00, 0x00, 0x00, 0x00, 0x00, 0x00, 0x00, 0x00, 0x00, 0x00, 0x00, 0x00, 0x00, 0x00,
    0x00, 0x00, 0x00, 0x00, 0x00, 0x00, 0xAD, 0x75, 0x00, 0x00, 0x3A, 0x9B, 0x3A, 0x9B, 0x3A, 0x7A,
    0x42, 0x9B, 0x42, 0x9B, 0x3A, 0x7A, 0x3A, 0x9A, 0x42, 0x9B, 0x42, 0x9C, 0x42, 0xBC, 0x3A, 0x9B,
    0x3A, 0x9B, 0x3A, 0x7B, 0x3A, 0x9B, 0x3A, 0x9B, 0x3A, 0x7B, 0x3A, 0x7A, 0x3A, 0x59, 0x3A, 0x59,
    0x3A, 0x7A, 0x3A, 0x7A, 0x3A, 0x59, 0x3A, 0x7A, 0x3A, 0x7B, 0x3A, 0x7B, 0x3A, 0x9B, 0x3A, 0x7B,
    0x3A, 0x7B, 0x3A, 0x7A, 0x3A, 0x5A, 0x3A, 0x5A, 0x32, 0x59, 0x3A, 0x5A, 0x3A, 0x7B, 0x3A, 0x5A,
    0x32, 0x39, 0x32, 0x59, 0x3A, 0x5A, 0x3A, 0x7B, 0x3A, 0x7B, 0x3A, 0x7B, 0x3A, 0x7B, 0x3A, 0x7B,
    0x3A, 0x5A, 0x3A, 0x5A, 0x3A, 0x7B, 0x3A, 0x7B, 0x3A, 0x7B, 0x3A, 0x7A, 0x3A, 0x7B, 0x3A, 0x9C,
    0x3A, 0x9C, 0x3A, 0x9C, 0x3A, 0x9C, 0x3A, 0x7B, 0x3A, 0x7B, 0x3A, 0x7A, 0x3A, 0x7A, 0x3A, 0x7A,
    0x3A, 0x7A, 0x3A, 0x59, 0x3A, 0x59, 0x3A, 0x7A, 0x3A, 0x9B, 0x42, 0xBC, 0x42, 0xBB, 0x3A, 0x9B,
    0x3A, 0x9A, 0x3A, 0x9A, 0x3A, 0x7B, 0x3A, 0x9B, 0x3A, 0x9B, 0x3A, 0x7A, 0x3A, 0x9B, 0x3A, 0x7B,
    0x3A, 0x7A, 0x3A, 0x7A, 0x3A, 0x7B, 0x3A, 0x9C, 0x32, 0x16, 0x00, 0x00, 0x63, 0x9A, 0x7C, 0x5F,
    0x74, 0x5F, 0x74, 0x3F, 0x74, 0x1F, 0x74, 0x3F, 0x63, 0x9A, 0x21, 0x25, 0x39, 0xC7, 0x29, 0x45,
    0x53, 0x14, 0x7C, 0x7F, 0x7C, 0x7F, 0x7C, 0x7F, 0x7C, 0x5F, 0x7C, 0x7F, 0x42, 0x4E, 0x29, 0x45,
    0x39, 0xC7, 0x21, 0x25, 0x52, 0xF4, 0x74, 0x3E, 0x29, 0x88, 0x31, 0x86, 0x31, 0x86, 0x31, 0x88,
    0x6B, 0xDC, 0x74, 0x1D, 0x53, 0x14, 0x21, 0x25, 0x29, 0x65, 0x39, 0xE7, 0x29, 0x45, 0x53, 0x14,
    0x74, 0x1E, 0x29, 0x67, 0x31, 0xA6, 0x39, 0xC7, 0x29, 0x46, 0x4A, 0x90, 0x63, 0xB9, 0x63, 0x78,
    0x31, 0xCA, 0x31, 0x86, 0x31, 0x86, 0x29, 0x46, 0x6B, 0xDD, 0x74, 0x3F, 0x52, 0xF4, 0x21, 0x45,
    0x39, 0xC7, 0x21, 0x25, 0x63, 0xBA, 0x74, 0x5F, 0x53, 0x14, 0x29, 0x45, 0x39, 0xC7, 0x29, 0x46,
    0x42, 0x4D, 0x63, 0xB9, 0x63, 0x78, 0x31, 0xA9, 0x31, 0x86, 0x42, 0x08, 0x29, 0x66, 0x3A, 0x0C,
    0x74, 0x3F, 0x5B, 0x58, 0x29, 0x45, 0x31, 0xA6, 0x29, 0x45, 0x42, 0x90, 0x63, 0xB9, 0x63, 0x99,
    0x3A, 0x2D, 0x21, 0x25, 0x31, 0xA6, 0x29, 0x45, 0x63, 0x78, 0x7C, 0x5F, 0x7C, 0x7F, 0x7C, 0x7F,
    0x3A, 0x7B, 0x32, 0x59, 0x32, 0x59, 0x32, 0x59, 0x32, 0x59, 0x3A, 0x5A, 0x3A, 0x5A, 0x3A, 0x5A,
    0x3A, 0x7B, 0x3A, 0x7B, 0x3A, 0x7C, 0x3A, 0x7C, 0x3A, 0x7B, 0x3A, 0x7B, 0x3A, 0x5A, 0x3A, 0x5A,
    0x3A, 0x7B, 0x3A, 0x7B, 0x3A, 0x7B, 0x3A, 0x7B, 0x3A, 0x7B, 0x3A, 0x7B, 0x3A, 0x7B, 0x3A, 0x7C,
    0x3A, 0x9C, 0x3A, 0x9C, 0x3A, 0x7B, 0x32, 0x59, 0x3A, 0x5A, 0x3A, 0x5A, 0x3A, 0x5A, 0x3A, 0x7B,
    0x3A, 0x5A, 0x3A, 0x59, 0x3A, 0x59, 0x3A, 0x7A, 0x3A, 0x9B, 0x3A, 0x9B, 0x3A, 0x7B, 0x3A, 0x7A,
    0x3A, 0x9B, 0x3A, 0x9C, 0x3A, 0x9C, 0x3A, 0x9C, 0x3A, 0x9B, 0x3A, 0x7A, 0x3A, 0x7B, 0x42, 0x9C,
    0x3A, 0x9C, 0x3A, 0x9B, 0x3A, 0x9B, 0x3A, 0x7A, 0x3A, 0x59, 0x3A, 0x59, 0x3A, 0x7B, 0x3A, 0x9B,
    0x3A, 0x7B, 0x3A, 0x7B, 0x3A, 0x5A, 0x32, 0x59, 0x32, 0x59, 0x3A, 0x5A, 0x3A, 0x7B, 0x3A, 0x7B,
    0x3A, 0x7B, 0x3A, 0x7B, 0x3A, 0x7C, 0x3A, 0x9C, 0x3A, 0x9C, 0x3A, 0x7B, 0x32, 0x5A, 0x32, 0x59,
    0x32, 0x59, 0x32, 0x59, 0x32, 0x59, 0x32, 0x5A, 0x3A, 0x5A, 0x32, 0x5A, 0x3A, 0x7B, 0x00, 0x00,
    0xAD, 0x75, 0x00, 0x00, 0x00, 0x00, 0x00, 0x00, 0x00, 0x00, 0x00, 0x00, 0x00, 0x00, 0x00, 0x00,
    0x00, 0x00, 0x00, 0x00, 0x00, 0x00, 0x00, 0x00, 0x00, 0x00, 0x00, 0x00, 0x00, 0x00, 0x00, 0x00,
    0x00, 0x00, 0x00, 0x00, 0x00, 0x00, 0x00, 0x00, 0x00, 0x00, 0x00, 0x00, 0x00, 0x00, 0x00, 0x00,
    0x00, 0x00, 0x00, 0x00, 0x00, 0x00, 0x00, 0x00, 0x00, 0x00, 0x00, 0x00, 0x00, 0x00, 0x00, 0x00,
    0x00, 0x00, 0x00, 0x00, 0x00, 0x00, 0x00, 0x00, 0x00, 0x00, 0x00, 0x00, 0x00, 0x00, 0x00, 0x00,
    0x00, 0x00, 0x00, 0x00, 0x00, 0x00, 0x00, 0x00, 0x00, 0x00, 0x00, 0x00, 0x00, 0x00, 0x00, 0x00,
    0x00, 0x00, 0x00, 0x00, 0x00, 0x00, 0x00, 0x00, 0x00, 0x00, 0x00, 0x00, 0x00, 0x00, 0x00, 0x00,
    0x00, 0x00, 0x00, 0x00, 0x00, 0x00, 0x00, 0x00, 0x00, 0x00, 0x00, 0x00, 0x00, 0x00, 0x00, 0x00,
    0x00, 0x00, 0x00, 0x00, 0x00, 0x00, 0x00, 0x00, 0x00, 0x00, 0x00, 0x00, 0x00, 0x00, 0x00, 0x00,
    0x00, 0x00, 0x00, 0x00, 0x00, 0x00, 0xAD, 0x75, 0x00, 0x00, 0x3A, 0x7B, 0x3A, 0x9B, 0x3A, 0x9B,
    0x3A, 0x9B, 0x3A, 0x9B, 0x3A, 0x9B, 0x3A, 0x9C, 0x42, 0xBC, 0x42, 0xBD, 0x3A, 0x9B, 0x3A, 0x59,
    0x3A, 0x7A, 0x3A, 0x7A, 0x3A, 0x7A, 0x3A, 0x7B, 0x3A, 0x7A, 0x3A, 0x59, 0x3A, 0x59, 0x3A, 0x5A,
    0x3A, 0x7B, 0x3A, 0x7B, 0x3A, 0x7B, 0x3A, 0x5A, 0x3A, 0x7B, 0x3A, 0x7C, 0x3A, 0x7B, 0x3A, 0x7C,
    0x3A, 0x7B, 0x3A, 0x5A, 0x3A, 0x5A, 0x3A, 0x7C, 0x3A, 0x7C, 0x3A, 0x7B, 0x3A, 0x7B, 0x32, 0x5A,
    0x32, 0x39, 0x32, 0x59, 0x3A, 0x7B, 0x3A, 0x7B, 0x3A, 0x7B, 0x3A, 0x7B, 0x3A, 0x5A, 0x32, 0x59,
    0x32, 0x59, 0x3A, 0x5A, 0x3A, 0x7B, 0x3A, 0x7B, 0x3A, 0x7B, 0x3A, 0x7B, 0x3A, 0x7C, 0x3A, 0x9C,
    0x3A, 0x9C, 0x3A, 0x7B, 0x3A, 0x5A, 0x3A, 0x59, 0x3A, 0x59, 0x3A, 0x59, 0x3A, 0x59, 0x3A, 0x7A,
    0x3A, 0x7A, 0x3A, 0x7A, 0x3A, 0x7B, 0x3A, 0x9C, 0x42, 0x9C, 0x42, 0x9C, 0x3A, 0x9B, 0x3A, 0x7B,
    0x3A, 0x7A, 0x3A, 0x7A, 0x3A, 0x7B, 0x3A, 0x7B, 0x3A, 0x9B, 0x3A, 0x7B, 0x3A, 0x7B, 0x3A, 0x7B,
    0x3A, 0x7B, 0x3A, 0x9C, 0x3A, 0x9C, 0x3A, 0x9C, 0x31, 0xF6, 0x00, 0x00, 0x63, 0x9A, 0x74, 0x3F,
    0x74, 0x1F, 0x74, 0x1F, 0x74, 0x1F, 0x74, 0x3F, 0x63, 0x9A, 0x21, 0x25, 0x39, 0xC7, 0x29, 0x45,
    0x53, 0x14, 0x7C, 0x7F, 0x7C, 0x7F, 0x7C, 0x7F, 0x7C, 0x7F, 0x7C, 0x7F, 0x6B, 0xDB, 0x29, 0x46,
    0x31, 0x86, 0x29, 0x66, 0x29, 0x67, 0x6B, 0xFC, 0x4A, 0xB1, 0x29, 0x45, 0x31, 0xA6, 0x29, 0x45,
    0x29, 0x67, 0x29, 0x67, 0x21, 0x04, 0x21, 0x04, 0x21, 0x04, 0x31, 0xA6, 0x29, 0x45, 0x52, 0xF4,
    0x74, 0x1E, 0x29, 0x67, 0x31, 0x86, 0x31, 0xA6, 0x29, 0x65, 0x29, 0x45, 0x29, 0x67, 0x29, 0x66,
    0x31, 0x87, 0x31, 0xA6, 0x21, 0x45, 0x42, 0x70, 0x74, 0x3F, 0x74, 0x5F, 0x52, 0xF4, 0x29, 0x45,
    0x39, 0xC7, 0x21, 0x25, 0x63, 0x9A, 0x74, 0x5F, 0x74, 0x3E, 0x31, 0xC9, 0x29, 0x65, 0x31, 0xA7,
    0x31, 0x87, 0x29, 0x67, 0x29, 0x66, 0x29, 0x45, 0x29, 0x65, 0x39, 0xC7, 0x29, 0x66, 0x3A, 0x0C,
    0x74, 0x5F, 0x74, 0x3E, 0x31, 0xC9, 0x29, 0x66, 0x31, 0x86, 0x29, 0x46, 0x29, 0x67, 0x29, 0x66,
    0x29, 0x45, 0x31, 0x86, 0x29, 0x45, 0x39, 0xEB, 0x74, 0x5F, 0x7C, 0x7F, 0x7C, 0x9F, 0x74, 0x5F,
    0x3A, 0x7B, 0x32, 0x39, 0x32, 0x39, 0x32, 0x39, 0x32, 0x5A, 0x3A, 0x7B, 0x3A, 0x7B, 0x3A, 0x7B,
    0x3A, 0x7B, 0x3A, 0x9C, 0x3A, 0x7C, 0x3A, 0x7B, 0x3A, 0x5A, 0x32, 0x5A, 0x32, 0x5A, 0x32, 0x5A,
    0x32, 0x5A, 0x3A, 0x5B, 0x3A, 0x7B, 0x3A, 0x7B, 0x3A, 0x7B, 0x3A, 0x7B, 0x3A, 0x7B, 0x3A, 0x7C,
    0x3A, 0x7B, 0x3A, 0x7B, 0x32, 0x39, 0x32, 0x38, 0x32, 0x59, 0x3A, 0x7B, 0x3A, 0x7B, 0x3A, 0x7C,
    0x3A, 0x5A, 0x32, 0x39, 0x3A, 0x5A, 0x3A, 0x7C, 0x3A, 0x7C, 0x3A, 0x7B, 0x3A, 0x7B, 0x3A, 0x7B,
    0x3A, 0x7B, 0x3A, 0x7B, 0x3A, 0x7A, 0x3A, 0x7B, 0x3A, 0x7B, 0x3A, 0x7A, 0x3A, 0x7B, 0x42, 0x9C,
    0x3A, 0x9C, 0x3A, 0x5A, 0x3A, 0x5A, 0x32, 0x59, 0x3A, 0x5A, 0x3A, 0x7B, 0x3A, 0x7C, 0x3A, 0x7C,
    0x3A, 0x7B, 0x32, 0x5A, 0x32, 0x59, 0x32, 0x5A, 0x32, 0x5A, 0x3A, 0x7B, 0x3A, 0x7B, 0x3A, 0x7B,
    0x3A, 0x7B, 0x3A, 0x7B, 0x3A, 0x7C, 0x3A, 0x7C, 0x3A, 0x7C, 0x32, 0x5A, 0x32, 0x59, 0x32, 0x39,
    0x32, 0x39, 0x32, 0x39, 0x32, 0x5A, 0x3A, 0x5B, 0x3A, 0x7B, 0x3A, 0x7B, 0x3A, 0x7B, 0x00, 0x00,
    0xAD, 0x75, 0x00, 0x00, 0x00, 0x00, 0x00, 0x00, 0x00, 0x00, 0x00, 0x00, 0x00, 0x00, 0x00, 0x00,
    0x00, 0x00, 0x00, 0x00, 0x00, 0x00, 0x00, 0x00, 0x00, 0x00, 0x00, 0x00, 0x00, 0x00, 0x00, 0x00,
    0x00, 0x00, 0x00, 0x00, 0x00, 0x00, 0x00, 0x00, 0x00, 0x00, 0x00, 0x00, 0x00, 0x00, 0x00, 0x00,
    0x00, 0x00, 0x00, 0x00, 0x00, 0x00, 0x00, 0x00, 0x00, 0x00, 0x00, 0x00, 0x00, 0x00, 0x00, 0x00,
    0x00, 0x00, 0x00, 0x00, 0x00, 0x00, 0x00, 0x00, 0x00, 0x00, 0x00, 0x00, 0x00, 0x00, 0x00, 0x00,
    0x00, 0x00, 0x00, 0x00, 0x00, 0x00, 0x00, 0x00, 0x00, 0x00, 0x00, 0x00, 0x00, 0x00, 0x00, 0x00,
    0x00, 0x00, 0x00, 0x00, 0x00, 0x00, 0x00, 0x00, 0x00, 0x00, 0x00, 0x00, 0x00, 0x00, 0x00, 0x00,
    0x00, 0x00, 0x00, 0x00, 0x00, 0x00, 0x00, 0x00, 0x00, 0x00, 0x00, 0x00, 0x00, 0x00, 0x00, 0x00,
    0x00, 0x00, 0x00, 0x00, 0x00, 0x00, 0x00, 0x00, 0x00, 0x00, 0x00, 0x00, 0x00, 0x00, 0x00, 0x00,
    0x00, 0x00, 0x00, 0x00, 0x00, 0x00, 0xAD, 0x75, 0x00, 0x00, 0x3A, 0x7B, 0x3A, 0x7B, 0x3A, 0x7B,
    0x3A, 0x7B, 0x3A, 0x7B, 0x3A, 0x9B, 0x3A, 0x9C, 0x3A, 0x9B, 0x3A, 0x7B, 0x32, 0x39, 0x32, 0x38,
    0x32, 0x59, 0x3A, 0x7B, 0x3A, 0x7B, 0x3A, 0x7C, 0x3A, 0x5A, 0x32, 0x39, 0x3A, 0x5A, 0x3A, 0x7C,
    0x3A, 0x7C, 0x3A, 0x7B, 0x3A, 0x7B, 0x3A, 0x7B, 0x3A, 0x7B, 0x3A, 0x7B, 0x32, 0x5A, 0x3A, 0x7B,
    0x3A, 0x7B, 0x3A, 0x5A, 0x3A, 0x7B, 0x3A, 0x7C, 0x3A, 0x7C, 0x3A, 0x5A, 0x32, 0x5A, 0x32, 0x59,
    0x32, 0x5A, 0x3A, 0x5B, 0x3A, 0x7C, 0x3A, 0x7C, 0x3A, 0x7B, 0x32, 0x5A, 0x32, 0x59, 0x32, 0x5A,
    0x32, 0x5A, 0x3A, 0x7B, 0x3A, 0x7B, 0x3A, 0x7B, 0x3A, 0x7B, 0x3A, 0x7B, 0x3A, 0x7C, 0x3A, 0x7C,
    0x3A, 0x7C, 0x32, 0x5A, 0x32, 0x59, 0x32, 0x39, 0x32, 0x39, 0x32, 0x39, 0x3A, 0x5A, 0x3A, 0x7B,
    0x3A, 0x7B, 0x3A, 0x7B, 0x3A, 0x9B, 0x3A, 0x9C, 0x3A, 0x9C, 0x3A, 0x9B, 0x3A, 0x7A, 0x3A, 0x5A,
    0x3A, 0x5A, 0x3A, 0x7A, 0x3A, 0x7A, 0x3A, 0x7B, 0x3A, 0x7B, 0x3A, 0x7B, 0x3A, 0x7B, 0x3A, 0x7B,
    0x3A, 0x7B, 0x3A, 0x7C, 0x3A, 0x9B, 0x3A, 0x7B, 0x29, 0xF6, 0x00, 0x00, 0x63, 0x7A, 0x74, 0x1F,
    0x74, 0x1F, 0x6C, 0x1F, 0x74, 0x3F, 0x74, 0x3F, 0x63, 0xBB, 0x21, 0x25, 0x29, 0x66, 0x21, 0x04,
    0x53, 0x14, 0x7C, 0x5F, 0x74, 0x5F, 0x74, 0x3F, 0x74, 0x3F, 0x7C, 0x5F, 0x7C, 0x5F, 0x42, 0x4F,
    0x21, 0x25, 0x29, 0x66, 0x21, 0x04, 0x52, 0xF4, 0x6B, 0xFD, 0x29, 0x88, 0x21, 0x25, 0x29, 0x45,
    0x31, 0x86, 0x29, 0x45, 0x21, 0x04, 0x29, 0x67, 0x21, 0x25, 0x29, 0x45, 0x21, 0x04, 0x52, 0xF4,
    0x74, 0x1E, 0x29, 0x87, 0x29, 0x45, 0x21, 0x24, 0x21, 0x24, 0x21, 0x25, 0x29, 0x66, 0x31, 0x86,
    0x29, 0x65, 0x21, 0x25, 0x31, 0xEB, 0x6B, 0xFE, 0x74, 0x3F, 0x74, 0x5F, 0x53, 0x14, 0x21, 0x04,
    0x29, 0x66, 0x21, 0x25, 0x63, 0xBB, 0x7C, 0x5F, 0x7C, 0x7F, 0x6B, 0xDA, 0x31, 0xC9, 0x29, 0x45,
    0x31, 0x86, 0x31, 0x86, 0x29, 0x45, 0x21, 0x24, 0x21, 0x04, 0x29, 0x45, 0x21, 0x25, 0x3A, 0x2D,
    0x74, 0x5F, 0x74, 0x5F, 0x63, 0xBB, 0x31, 0xEB, 0x21, 0x45, 0x29, 0x45, 0x29, 0x66, 0x31, 0x86,
    0x29, 0x45, 0x21, 0x25, 0x39, 0xEB, 0x6B, 0xFB, 0x7C, 0x7F, 0x7C, 0x9F, 0x7C, 0x7F, 0x74, 0x5F,
    0x3A, 0x7B, 0x32, 0x39, 0x32, 0x5A, 0x32, 0x5A, 0x3A, 0x7B, 0x3A, 0x7C, 0x3A, 0x7B, 0x32, 0x5A,
    0x32, 0x5A, 0x3A, 0x7B, 0x3A, 0x5B, 0x32, 0x5A, 0x32, 0x39, 0x32, 0x39, 0x32, 0x5A, 0x32, 0x5A,
    0x32, 0x5B, 0x3A, 0x7C, 0x3A, 0x7C, 0x3A, 0x7B, 0x3A, 0x7C, 0x3A, 0x7C, 0x3A, 0x7C, 0x32, 0x5B,
    0x32, 0x5A, 0x32, 0x38, 0x32, 0x38, 0x32, 0x39, 0x32, 0x5A, 0x3A, 0x5B, 0x3A, 0x7B, 0x3A, 0x7B,
    0x32, 0x5A, 0x32, 0x39, 0x3A, 0x7B, 0x3A, 0x7C, 0x3A, 0x7B, 0x32, 0x5A, 0x3A, 0x7B, 0x3A, 0x7B,
    0x3A, 0x7B, 0x3A, 0x7B, 0x3A, 0x5A, 0x3A, 0x7B, 0x3A, 0x7B, 0x3A, 0x5A, 0x3A, 0x5A, 0x3A, 0x7B,
    0x3A, 0x5A, 0x32, 0x39, 0x32, 0x39, 0x3A, 0x5A, 0x3A, 0x7B, 0x3A, 0x7C, 0x3A, 0x7C, 0x3A, 0x7C,
    0x3A, 0x7B, 0x32, 0x5A, 0x3A, 0x5A, 0x3A, 0x7B, 0x3A, 0x7C, 0x3A, 0x7C, 0x3A, 0x7B, 0x32, 0x5A,
    0x32, 0x5A, 0x3A, 0x7B, 0x3A, 0x7C, 0x3A, 0x7B, 0x32, 0x5B, 0x32, 0x5A, 0x32, 0x39, 0x32, 0x39,
    0x32, 0x5A, 0x32, 0x5A, 0x3A, 0x7B, 0x3A, 0x7C, 0x3A, 0x7B, 0x32, 0x5A, 0x32, 0x5A, 0x00, 0x00,
    0xAD, 0x75, 0x00, 0x00, 0x00, 0x00, 0x00, 0x00, 0x00, 0x00, 0x00, 0x00, 0x00, 0x00, 0x00, 0x00,
    0x00, 0x00, 0x00, 0x00, 0x00, 0x00, 0x00, 0x00, 0x00, 0x00, 0x00, 0x00, 0x00, 0x00, 0x00, 0x00,
    0x00, 0x00, 0x00, 0x00, 0x00, 0x00, 0x00, 0x00, 0x00, 0x00, 0x00, 0x00, 0x00, 0x00, 0x00, 0x00,
    0x00, 0x00, 0x00, 0x00, 0x00, 0x00, 0x00, 0x00, 0x00, 0x00, 0x00, 0x00, 0x00, 0x00, 0x00, 0x00,
    0x00, 0x00, 0x00, 0x00, 0x00, 0x00, 0x00, 0x00, 0x00, 0x00, 0x00, 0x00, 0x00, 0x00, 0x00, 0x00,
    0x00, 0x00, 0x00, 0x00, 0x00, 0x00, 0x00, 0x00, 0x00, 0x00, 0x00, 0x00, 0x00, 0x00, 0x00, 0x00,
    0x00, 0x00, 0x00, 0x00, 0x00, 0x00, 0x00, 0x00, 0x00, 0x00, 0x00, 0x00, 0x00, 0x00, 0x00, 0x00,
    0x00, 0x00, 0x00, 0x00, 0x00, 0x00, 0x00, 0x00, 0x00, 0x00, 0x00, 0x00, 0x00, 0x00, 0x00, 0x00,
    0x00, 0x00, 0x00, 0x00, 0x00, 0x00, 0x00, 0x00, 0x00, 0x00, 0x00, 0x00, 0x00, 0x00, 0x00, 0x00,
    0x00, 0x00, 0x00, 0x00, 0x00, 0x00, 0xAD, 0x75, 0x00, 0x00, 0x3A, 0x7C, 0x3A, 0x7C, 0x3A, 0x7B,
    0x3A, 0x7C, 0x3A, 0x7C, 0x3A, 0x7C, 0x3A, 0x7B, 0x3A, 0x5A, 0x32, 0x38, 0x32, 0x38, 0x32, 0x59,
    0x3A, 0x5A, 0x3A, 0x7B, 0x3A, 0x7B, 0x3A, 0x7B, 0x32, 0x5A, 0x32, 0x39, 0x3A, 0x7B, 0x3A, 0x7C,
    0x3A, 0x7B, 0x32, 0x5A, 0x32, 0x5B, 0x3A, 0x7B, 0x3A, 0x7B, 0x32, 0x5B, 0x32, 0x5A, 0x32, 0x5B,
    0x3A, 0x5B, 0x32, 0x5A, 0x32, 0x5A, 0x3A, 0x5B, 0x32, 0x5A, 0x32, 0x39, 0x32, 0x39, 0x32, 0x5A,
    0x3A, 0x7B, 0x3A, 0x7C, 0x3A, 0x7C, 0x3A, 0x7C, 0x3A, 0x7B, 0x32, 0x5A, 0x32, 0x5A, 0x3A, 0x7B,
    0x3A, 0x7C, 0x3A, 0x7C, 0x3A, 0x7B, 0x32, 0x5A, 0x32, 0x5A, 0x3A, 0x7B, 0x3A, 0x7C, 0x3A, 0x7B,
    0x32, 0x5B, 0x32, 0x5A, 0x32, 0x39, 0x32, 0x59, 0x32, 0x5A, 0x3A, 0x5A, 0x3A, 0x7B, 0x3A, 0x7C,
    0x3A, 0x7B, 0x3A, 0x5A, 0x3A, 0x5A, 0x3A, 0x7B, 0x3A, 0x7B, 0x3A, 0x5A, 0x32, 0x59, 0x32, 0x59,
    0x3A, 0x5A, 0x3A, 0x5A, 0x3A, 0x7B, 0x3A, 0x7C, 0x3A, 0x7C, 0x3A, 0x7B, 0x3A, 0x7C, 0x3A, 0x7C,
    0x3A, 0x7C, 0x3A, 0x7B, 0x32, 0x5A, 0x32, 0x38, 0x29, 0xF6, 0x00, 0x00, 0x5B, 0x7A, 0x6C, 0x1F,
    0x74, 0x3F, 0x74, 0x3F, 0x74, 0x3F, 0x74, 0x5F, 0x74, 0x1E, 0x53, 0x16, 0x52, 0xF4, 0x52, 0xF4,
    0x6B, 0xDC, 0x74, 0x3F, 0x74, 0x3F, 0x74, 0x3F, 0x74, 0x3F, 0x74, 0x3F, 0x74, 0x5F, 0x6C, 0x1C,
    0x53, 0x14, 0x52, 0xF4, 0x52, 0xF4, 0x63, 0xDB, 0x74, 0x5F, 0x6B, 0xDC, 0x4A, 0xB2, 0x3A, 0x0D,
    0x39, 0xEC, 0x3A, 0x0D, 0x52, 0xF4, 0x6C, 0x1E, 0x5B, 0x57, 0x52, 0xF4, 0x52, 0xF4, 0x6B, 0xDC,
    0x74, 0x5F, 0x63, 0x77, 0x53, 0x14, 0x53, 0x14, 0x63, 0x78, 0x52, 0xD2, 0x3A, 0x2D, 0x3A, 0x0D,
    0x4A, 0xB2, 0x5B, 0x37, 0x6B, 0xFE, 0x74, 0x1F, 0x74, 0x3F, 0x74, 0x3F, 0x6B, 0xDC, 0x52, 0xD4,
    0x4A, 0xD4, 0x53, 0x16, 0x74, 0x3E, 0x7C, 0x5F, 0x7C, 0x5F, 0x7C, 0x7F, 0x74, 0x3E, 0x53, 0x15,
    0x3A, 0x2D, 0x3A, 0x0C, 0x42, 0x4E, 0x53, 0x15, 0x5B, 0x37, 0x52, 0xD4, 0x52, 0xF4, 0x63, 0x9A,
    0x74, 0x3F, 0x74, 0x3F, 0x74, 0x3F, 0x6C, 0x1F, 0x5B, 0x59, 0x42, 0x70, 0x3A, 0x0C, 0x3A, 0x2D,
    0x4A, 0xB2, 0x63, 0xB9, 0x74, 0x5F, 0x7C, 0x5F, 0x74, 0x5F, 0x74, 0x5F, 0x74, 0x5F, 0x74, 0x3F,
    0x32, 0x5B, 0x32, 0x5A, 0x32, 0x5B, 0x3A, 0x7C, 0x3A, 0x7C, 0x3A, 0x7C, 0x32, 0x5B, 0x32, 0x3A,
    0x32, 0x3A, 0x32, 0x5B, 0x32, 0x3A, 0x32, 0x39, 0x32, 0x39, 0x32, 0x39, 0x32, 0x5A, 0x32, 0x5B,
    0x32, 0x5B, 0x32, 0x7C, 0x32, 0x7C, 0x32, 0x7C, 0x32, 0x7C, 0x32, 0x5B, 0x32, 0x5B, 0x32, 0x3A,
    0x32, 0x39, 0x32, 0x39, 0x32, 0x3A, 0x32, 0x5A, 0x32, 0x5B, 0x32, 0x5B, 0x3A, 0x7B, 0x32, 0x5A,
    0x32, 0x39, 0x32, 0x39, 0x3A, 0x5B, 0x3A, 0x5B, 0x32, 0x39, 0x32, 0x59, 0x3A, 0x7B, 0x3A, 0x7B,
    0x3A, 0x5A, 0x32, 0x5A, 0x32, 0x5A, 0x3A, 0x7B, 0x3A, 0x7B, 0x32, 0x5A, 0x32, 0x5A, 0x3A, 0x5A,
    0x32, 0x5A, 0x32, 0x5A, 0x3A, 0x5A, 0x3A, 0x7C, 0x3A, 0x9D, 0x3A, 0x9D, 0x3A, 0x7C, 0x3A, 0x7C,
    0x3A, 0x7C, 0x3A, 0x7B, 0x3A, 0x7C, 0x3A, 0x7C, 0x32, 0x5C, 0x3A, 0x7B, 0x32, 0x5A, 0x32, 0x3A,
    0x32, 0x5C, 0x3A, 0x7D, 0x3A, 0x7C, 0x32, 0x5B, 0x32, 0x3A, 0x32, 0x39, 0x32, 0x39, 0x32, 0x3A,
    0x32, 0x5B, 0x32, 0x5C, 0x3A, 0x7C, 0x3A, 0x7C, 0x32, 0x5B, 0x32, 0x3A, 0x32, 0x3A, 0x00, 0x00,
    0xAD, 0x75, 0x00, 0x00, 0x00, 0x00, 0x00, 0x00, 0x00, 0x00, 0x00, 0x00, 0x00, 0x00, 0x00, 0x00,
    0x00, 0x00, 0x00, 0x00, 0x00, 0x00, 0x00, 0x00, 0x00, 0x00, 0x00, 0x00, 0x00, 0x00, 0x00, 0x00,
    0x00, 0x00, 0x00, 0x00, 0x00, 0x00, 0x00, 0x00, 0x00, 0x00, 0x00, 0x00, 0x00, 0x00, 0x00, 0x00,
    0x00, 0x00, 0x00, 0x00, 0x00, 0x00, 0x00, 0x00, 0x00, 0x00, 0x00, 0x00, 0x00, 0x00, 0x00, 0x00,
    0x00, 0x00, 0x00, 0x00, 0x00, 0x00, 0x00, 0x00, 0x00, 0x00, 0x00, 0x00, 0x00, 0x00, 0x00, 0x00,
    0x00, 0x00, 0x00, 0x00, 0x00, 0x00, 0x00, 0x00, 0x00, 0x00, 0x00, 0x00, 0x00, 0x00, 0x00, 0x00,
    0x00, 0x00, 0x00, 0x00, 0x00, 0x00, 0x00, 0x00, 0x00, 0x00, 0x00, 0x00, 0x00, 0x00, 0x00, 0x00,
    0x00, 0x00, 0x00, 0x00, 0x00, 0x00, 0x00, 0x00, 0x00, 0x00, 0x00, 0x00, 0x00, 0x00, 0x00, 0x00,
    0x00, 0x00, 0x00, 0x00, 0x00, 0x00, 0x00, 0x00, 0x00, 0x00, 0x00, 0x00, 0x00, 0x00, 0x00, 0x00,
    0x00, 0x00, 0x00, 0x00, 0x00, 0x00, 0xAD, 0x75, 0x00, 0x00, 0x3A, 0x7C, 0x3A, 0x7C, 0x3A, 0x7C,
    0x3A, 0x7C, 0x3A, 0x7B, 0x3A, 0x7B, 0x32, 0x5A, 0x3A, 0x59, 0x32, 0x59, 0x32, 0x5A, 0x3A, 0x5A,
    0x3A, 0x7B, 0x3A, 0x7B, 0x3A, 0x7B, 0x32, 0x5A, 0x32, 0x39, 0x32, 0x39, 0x3A, 0x5B, 0x3A, 0x5B,
    0x32, 0x39, 0x32, 0x39, 0x3A, 0x5B, 0x3A, 0x7B, 0x32, 0x5A, 0x32, 0x3A, 0x32, 0x5A, 0x32, 0x5B,
    0x32, 0x5B, 0x32, 0x3A, 0x32, 0x3A, 0x32, 0x3A, 0x32, 0x3A, 0x32, 0x3A, 0x32, 0x3A, 0x32, 0x5C,
    0x3A, 0x7D, 0x3A, 0x7D, 0x32, 0x5C, 0x32, 0x5C, 0x32, 0x7C, 0x32, 0x5B, 0x3A, 0x7C, 0x32, 0x5C,
    0x32, 0x5C, 0x32, 0x5B, 0x32, 0x3A, 0x32, 0x3A, 0x32, 0x5C, 0x3A, 0x7D, 0x3A, 0x7C, 0x3A, 0x5B,
    0x32, 0x5A, 0x32, 0x39, 0x32, 0x39, 0x32, 0x5A, 0x3A, 0x7B, 0x3A, 0x7C, 0x3A, 0x9C, 0x3A, 0x9C,
    0x3A, 0x7B, 0x32, 0x5A, 0x32, 0x5A, 0x3A, 0x7B, 0x32, 0x5A, 0x32, 0x59, 0x32, 0x59, 0x32, 0x59,
    0x32, 0x5A, 0x3A, 0x7B, 0x3A, 0x7B, 0x3A, 0x7C, 0x3A, 0x7C, 0x3A, 0x7C, 0x3A, 0x7C, 0x3A, 0x7B,
    0x32, 0x5B, 0x32, 0x5A, 0x32, 0x39, 0x32, 0x39, 0x29, 0xF6, 0x00, 0x00, 0x5B, 0x7A, 0x74, 0x3F,
    0x74, 0x3F, 0x74, 0x5F, 0x74, 0x3F, 0x6C, 0x3F, 0x74, 0x3F, 0x6C, 0x1F, 0x74, 0x1F, 0x74, 0x3F,
    0x74, 0x3F, 0x74, 0x1F, 0x74, 0x1F, 0x74, 0x3F, 0x74, 0x3F, 0x74, 0x5F, 0x7C, 0x7F, 0x7C, 0x7F,
    0x74, 0x5F, 0x74, 0x5F, 0x74, 0x5F, 0x74, 0x5F, 0x74, 0x3F, 0x6C, 0x1F, 0x6B, 0xFF, 0x6B, 0xFF,
    0x6C, 0x1F, 0x6C, 0x1F, 0x74, 0x3F, 0x74, 0x3F, 0x74, 0x3F, 0x74, 0x3F, 0x74, 0x1F, 0x74, 0x1F,
    0x74, 0x5F, 0x74, 0x5F, 0x74, 0x3F, 0x74, 0x3F, 0x74, 0x5F, 0x74, 0x3F, 0x74, 0x3F, 0x74, 0x3F,
    0x74, 0x1F, 0x74, 0x3F, 0x74, 0x3F, 0x6C, 0x1F, 0x6B, 0xFF, 0x6C, 0x1F, 0x6C, 0x1F, 0x74, 0x1F,
    0x74, 0x3F, 0x74, 0x5F, 0x7C, 0x5F, 0x7C, 0x5F, 0x7C, 0x5F, 0x7C, 0x7F, 0x7C, 0x7F, 0x7C, 0x5F,
    0x7C, 0x5F, 0x74, 0x5F, 0x74, 0x5F, 0x74, 0x5F, 0x74, 0x3F, 0x74, 0x1F, 0x74, 0x3F, 0x74, 0x5F,
    0x74, 0x3F, 0x6C, 0x1F, 0x6C, 0x1F, 0x6C, 0x1F, 0x6C, 0x1F, 0x74, 0x3F, 0x74, 0x5F, 0x74, 0x5F,
    0x74, 0x5F, 0x7C, 0x7F, 0x74, 0x5F, 0x74, 0x5F, 0x74, 0x3F, 0x74, 0x5F, 0x74, 0x3F, 0x74, 0x3F,
    0x32, 0x5B, 0x32, 0x5B, 0x32, 0x5C, 0x32, 0x5C, 0x32, 0x5C, 0x32, 0x5B, 0x32, 0x3A, 0x32, 0x3A,
    0x32, 0x1A, 0x32, 0x3A, 0x32, 0x3A, 0x32, 0x1A, 0x32, 0x3A, 0x32, 0x3A, 0x32, 0x3B, 0x32, 0x5B,
    0x32, 0x5B, 0x32, 0x5C, 0x32, 0x5C, 0x32, 0x5C, 0x32, 0x3B, 0x32, 0x19, 0x32, 0x39, 0x32, 0x19,
    0x32, 0x39, 0x32, 0x3A, 0x32, 0x3A, 0x32, 0x5B, 0x32, 0x5B, 0x32, 0x3A, 0x32, 0x5B, 0x32, 0x3A,
    0x32, 0x39, 0x32, 0x3A, 0x32, 0x5C, 0x3A, 0x7C, 0x32, 0x39, 0x32, 0x5B, 0x3A, 0x7C, 0x3A, 0x5B,
    0x32, 0x39, 0x32, 0x39, 0x32, 0x5A, 0x3A, 0x5A, 0x3A, 0x7B, 0x3A, 0x7B, 0x3A, 0x7B, 0x3A, 0x7B,
    0x3A, 0x7C, 0x3A, 0x9C, 0x3A, 0x7C, 0x3A, 0x7C, 0x3A, 0x9D, 0x3A, 0x7D, 0x32, 0x5C, 0x32, 0x5C,
    0x32, 0x5C, 0x32, 0x5B, 0x32, 0x5B, 0x32, 0x5B, 0x32, 0x5B, 0x32, 0x5A, 0x32, 0x5A, 0x32, 0x5B,
    0x3A, 0x9C, 0x3A, 0x7D, 0x32, 0x5C, 0x32, 0x3A, 0x32, 0x19, 0x32, 0x3A, 0x32, 0x3A, 0x32, 0x5B,
    0x32, 0x5C, 0x32, 0x5C, 0x32, 0x5C, 0x32, 0x5B, 0x32, 0x3A, 0x32, 0x3A, 0x32, 0x1A, 0x00, 0x00,
    0xAD, 0x75, 0x00, 0x00, 0x00, 0x00, 0x00, 0x00, 0x00, 0x00, 0x00, 0x00, 0x00, 0x00, 0x00, 0x00,
    0x00, 0x00, 0x00, 0x00, 0x00, 0x00, 0x00, 0x00, 0x00, 0x00, 0x00, 0x00, 0x00, 0x00, 0x00, 0x00,
    0x00, 0x00, 0x00, 0x00, 0x00, 0x00, 0x00, 0x00, 0x00, 0x00, 0x00, 0x00, 0x00, 0x00, 0x00, 0x00,
    0x00, 0x00, 0x00, 0x00, 0x00, 0x00, 0x00, 0x00, 0x00, 0x00, 0x00, 0x00, 0x00, 0x00, 0x00, 0x00,
    0x00, 0x00, 0x00, 0x00, 0x00, 0x00, 0x00, 0x00, 0x00, 0x00, 0x00, 0x00, 0x00, 0x00, 0x00, 0x00,
    0x00, 0x00, 0x00, 0x00, 0x00, 0x00, 0x00, 0x00, 0x00, 0x00, 0x00, 0x00, 0x00, 0x00, 0x00, 0x00,
    0x00, 0x00, 0x00, 0x00, 0x00, 0x00, 0x00, 0x00, 0x00, 0x00, 0x00, 0x00, 0x00, 0x00, 0x00, 0x00,
    0x00, 0x00, 0x00, 0x00, 0x00, 0x00, 0x00, 0x00, 0x00, 0x00, 0x00, 0x00, 0x00, 0x00, 0x00, 0x00,
    0x00, 0x00, 0x00, 0x00, 0x00, 0x00, 0x00, 0x00, 0x00, 0x00, 0x00, 0x00, 0x00, 0x00, 0x00, 0x00,
    0x00, 0x00, 0x00, 0x00, 0x00, 0x00, 0xAD, 0x75, 0x00, 0x00, 0x3A, 0x7C, 0x3A, 0x7C, 0x3A, 0x7C,
    0x3A, 0x7B, 0x32, 0x39, 0x32, 0x39, 0x32, 0x59, 0x32, 0x59, 0x32, 0x5A, 0x3A, 0x5A, 0x3A, 0x5B,
    0x32, 0x5B, 0x32, 0x5A, 0x32, 0x5B, 0x32, 0x5A, 0x32, 0x39, 0x32, 0x3A, 0x32, 0x5C, 0x32, 0x5C,
    0x32, 0x39, 0x32, 0x5B, 0x32, 0x5C, 0x32, 0x5B, 0x32, 0x39, 0x32, 0x39, 0x32, 0x3A, 0x32, 0x3A,
    0x32, 0x5B, 0x32, 0x5B, 0x32, 0x5B, 0x32, 0x5B, 0x32, 0x5C, 0x32, 0x5C, 0x32, 0x5C, 0x3A, 0x7C,
    0x32, 0x7D, 0x32, 0x5D, 0x32, 0x5C, 0x32, 0x5C, 0x32, 0x5C, 0x32, 0x5B, 0x32, 0x3B, 0x32, 0x5B,
    0x32, 0x5B, 0x32, 0x3A, 0x32, 0x5A, 0x32, 0x5B, 0x3A, 0x7C, 0x3A, 0x7D, 0x32, 0x5C, 0x32, 0x3A,
    0x32, 0x39, 0x32, 0x3A, 0x32, 0x5A, 0x32, 0x5B, 0x32, 0x5C, 0x3A, 0x7C, 0x3A, 0x7C, 0x32, 0x5B,
    0x32, 0x5A, 0x32, 0x5A, 0x32, 0x5A, 0x32, 0x5A, 0x32, 0x5A, 0x32, 0x5A, 0x32, 0x5A, 0x3A, 0x5A,
    0x3A, 0x7B, 0x3A, 0x7B, 0x3A, 0x7B, 0x3A, 0x7C, 0x3A, 0x7C, 0x3A, 0x7C, 0x32, 0x5B, 0x32, 0x39,
    0x32, 0x19, 0x32, 0x39, 0x32, 0x39, 0x32, 0x3A, 0x29, 0xD6, 0x00, 0x00, 0x5B, 0x7A, 0x74, 0x3F,
    0x74, 0x3F, 0x74, 0x3F, 0x6C, 0x1F, 0x6C, 0x1F, 0x6B, 0xFF, 0x6C, 0x1F, 0x6C, 0x1F, 0x6C, 0x1F,
    0x74, 0x3F, 0x74, 0x1F, 0x74, 0x1F, 0x74, 0x3F, 0x74, 0x3F, 0x7C, 0x5F, 0x7C, 0x5F, 0x74, 0x5F,
    0x74, 0x5F, 0x74, 0x5F, 0x74, 0x3F, 0x6C, 0x1F, 0x6B, 0xFF, 0x6B, 0xFF, 0x6B, 0xFF, 0x6B, 0xFF,
    0x6C, 0x1F, 0x6C, 0x1F, 0x6C, 0x1F, 0x6C, 0x1F, 0x74, 0x3F, 0x74, 0x3F, 0x6C, 0x1F, 0x74, 0x3F,
    0x74, 0x5F, 0x7C, 0x5F, 0x74, 0x3F, 0x74, 0x5F, 0x74, 0x5F, 0x74, 0x3F, 0x6C, 0x1F, 0x6C, 0x1F,
    0x6C, 0x1F, 0x6C, 0x1F, 0x6C, 0x1F, 0x6C, 0x1F, 0x6C, 0x1F, 0x6C, 0x1F, 0x74, 0x3F, 0x74, 0x3F,
    0x74, 0x3F, 0x74, 0x5F, 0x74, 0x7F, 0x74, 0x5F, 0x74, 0x5F, 0x74, 0x5F, 0x7C, 0x7F, 0x74, 0x5F,
    0x74, 0x3F, 0x74, 0x5F, 0x74, 0x3F, 0x74, 0x3F, 0x74, 0x3F, 0x74, 0x1F, 0x74, 0x3F, 0x74, 0x5F,
    0x6C, 0x1F, 0x6C, 0x1F, 0x6B, 0xFF, 0x6C, 0x1F, 0x6C, 0x1F, 0x74, 0x3F, 0x74, 0x5F, 0x74, 0x5F,
    0x74, 0x5F, 0x74, 0x3F, 0x74, 0x3F, 0x74, 0x3F, 0x74, 0x3F, 0x74, 0x3F, 0x74, 0x3F, 0x74, 0x3F,
    0x32, 0x3B, 0x32, 0x3B, 0x32, 0x3B, 0x32, 0x5B, 0x32, 0x3A, 0x32, 0x3A, 0x32, 0x19, 0x32, 0x19,
    0x32, 0x1A, 0x32, 0x3A, 0x32, 0x3A, 0x32, 0x3A, 0x32, 0x3A, 0x32, 0x3A, 0x32, 0x3B, 0x32, 0x5B,
    0x32, 0x3B, 0x32, 0x3B, 0x32, 0x3B, 0x32, 0x3A, 0x32, 0x19, 0x2A, 0x19, 0x32, 0x19, 0x32, 0x19,
    0x32, 0x1A, 0x32, 0x3A, 0x32, 0x3A, 0x32, 0x3B, 0x32, 0x3A, 0x32, 0x19, 0x32, 0x3A, 0x32, 0x5B,
    0x32, 0x3A, 0x32, 0x3B, 0x3A, 0x7C, 0x3A, 0x7C, 0x32, 0x5B, 0x3A, 0x7C, 0x3A, 0x7C, 0x32, 0x3A,
    0x32, 0x39, 0x32, 0x5A, 0x3A, 0x7B, 0x3A, 0x7C, 0x3A, 0x9C, 0x3A, 0x9D, 0x3A, 0x9D, 0x3A, 0x7C,
    0x3A, 0x7C, 0x3A, 0x7C, 0x32, 0x5C, 0x32, 0x5C, 0x3A, 0x7C, 0x32, 0x5C, 0x32, 0x5B, 0x32, 0x3A,
    0x32, 0x3A, 0x32, 0x39, 0x32, 0x3A, 0x32, 0x3B, 0x32, 0x1A, 0x32, 0x3A, 0x32, 0x3B, 0x32, 0x3B,
    0x32, 0x5B, 0x32, 0x3B, 0x32, 0x3A, 0x2A, 0x19, 0x2A, 0x19, 0x32, 0x3A, 0x32, 0x3B, 0x32, 0x3B,
    0x32, 0x3B, 0x32, 0x3B, 0x32, 0x3A, 0x32, 0x3A, 0x32, 0x19, 0x32, 0x19, 0x32, 0x1A, 0x00, 0x00,
    0xAD, 0x75, 0x00, 0x00, 0x00, 0x00, 0x00, 0x00, 0x00, 0x00, 0x00, 0x00, 0x00, 0x00, 0x00, 0x00,
    0x00, 0x00, 0x00, 0x00, 0x00, 0x00, 0x00, 0x00, 0x00, 0x00, 0x00, 0x00, 0x00, 0x00, 0x00, 0x00,
    0x00, 0x00, 0x00, 0x00, 0x00, 0x00, 0x00, 0x00, 0x00, 0x00, 0x00, 0x00, 0x00, 0x00, 0x00, 0x00,
    0x00, 0x00, 0x00, 0x00, 0x00, 0x00, 0x00, 0x00, 0x00, 0x00, 0x00, 0x00, 0x00, 0x00, 0x00, 0x00,
    0x00, 0x00, 0x00, 0x00, 0x00, 0x00, 0x00, 0x00, 0x00, 0x00, 0x00, 0x00, 0x00, 0x00, 0x00, 0x00,
    0x00, 0x00, 0x00, 0x00, 0x00, 0x00, 0x00, 0x00, 0x00, 0x00, 0x00, 0x00, 0x00, 0x00, 0x00, 0x00,
    0x00, 0x00, 0x00, 0x00, 0x00, 0x00, 0x00, 0x00, 0x00, 0x00, 0x00, 0x00, 0x00, 0x00, 0x00, 0x00,
    0x00, 0x00, 0x00, 0x00, 0x00, 0x00, 0x00, 0x00, 0x00, 0x00, 0x00, 0x00, 0x00, 0x00, 0x00, 0x00,
    0x00, 0x00, 0x00, 0x00, 0x00, 0x00, 0x00, 0x00, 0x00, 0x00, 0x00, 0x00, 0x00, 0x00, 0x00, 0x00,
    0x00, 0x00, 0x00, 0x00, 0x00, 0x00, 0xAD, 0x75, 0x00, 0x00, 0x32, 0x5B, 0x3A, 0x7B, 0x32, 0x5A,
    0x32, 0x39, 0x32, 0x39, 0x32, 0x39, 0x32, 0x39, 0x32, 0x5A, 0x32, 0x5A, 0x32, 0x5A, 0x32, 0x5B,
    0x32, 0x3A, 0x32, 0x39, 0x32, 0x5A, 0x32, 0x5B, 0x32, 0x3A, 0x32, 0x5B, 0x3A, 0x7C, 0x3A, 0x7C,
    0x32, 0x3B, 0x32, 0x5C, 0x32, 0x5C, 0x32, 0x3A, 0x2A, 0x19, 0x32, 0x3A, 0x32, 0x3B, 0x32, 0x5C,
    0x32, 0x5C, 0x32, 0x5D, 0x32, 0x5D, 0x32, 0x5C, 0x32, 0x5C, 0x32, 0x5C, 0x32, 0x5C, 0x32, 0x5C,
    0x32, 0x5C, 0x32, 0x5C, 0x32, 0x3B, 0x32, 0x3A, 0x32, 0x3A, 0x32, 0x19, 0x32, 0x3A, 0x32, 0x3B,
    0x32, 0x1A, 0x32, 0x3A, 0x32, 0x3B, 0x32, 0x3B, 0x32, 0x5B, 0x32, 0x3B, 0x32, 0x3A, 0x2A, 0x19,
    0x2A, 0x19, 0x32, 0x3A, 0x32, 0x5B, 0x32, 0x5B, 0x32, 0x5B, 0x32, 0x5B, 0x32, 0x5A, 0x32, 0x3A,
    0x32, 0x39, 0x32, 0x39, 0x32, 0x5A, 0x32, 0x5A, 0x32, 0x5A, 0x32, 0x5A, 0x32, 0x5A, 0x32, 0x5A,
    0x3A, 0x7B, 0x3A, 0x7B, 0x3A, 0x7B, 0x3A, 0x5B, 0x32, 0x5B, 0x32, 0x5A, 0x32, 0x39, 0x32, 0x39,
    0x32, 0x39, 0x32, 0x39, 0x32, 0x3A, 0x32, 0x3A, 0x29, 0xD6, 0x00, 0x00, 0x5B, 0x5A, 0x6C, 0x1F,
    0x6C, 0x1F, 0x6C, 0x1F, 0x6B, 0xFF, 0x6B, 0xFF, 0x6B, 0xFF, 0x6B, 0xFF, 0x6B, 0xFF, 0x6C, 0x1F,
    0x6C, 0x1F, 0x6C, 0x1F, 0x74, 0x1F, 0x74, 0x3F, 0x74, 0x3F, 0x74, 0x5F, 0x74, 0x3F, 0x74, 0x3F,
    0x74, 0x3F, 0x74, 0x3F, 0x6B, 0xFF, 0x6B, 0xFF, 0x6B, 0xFF, 0x6B, 0xFF, 0x6B, 0xFF, 0x6B, 0xFF,
    0x6B, 0xFF, 0x6C, 0x1F, 0x6B, 0xFF, 0x6B, 0xFF, 0x6C, 0x1F, 0x74, 0x3F, 0x74, 0x3F, 0x74, 0x3F,
    0x74, 0x5F, 0x74, 0x5F, 0x74, 0x3F, 0x74, 0x5F, 0x74, 0x5F, 0x74, 0x3F, 0x6C, 0x1F, 0x6C, 0x1F,
    0x74, 0x1F, 0x6C, 0x1F, 0x74, 0x3F, 0x74, 0x3F, 0x74, 0x3F, 0x6C, 0x1F, 0x74, 0x3F, 0x6C, 0x3F,
    0x74, 0x3F, 0x74, 0x3F, 0x74, 0x3F, 0x74, 0x5F, 0x74, 0x3F, 0x74, 0x3F, 0x74, 0x3F, 0x74, 0x1F,
    0x74, 0x3F, 0x74, 0x3F, 0x6C, 0x1F, 0x6C, 0x1F, 0x6C, 0x1F, 0x74, 0x3F, 0x6C, 0x1F, 0x6C, 0x1F,
    0x6B, 0xFF, 0x6B, 0xFF, 0x6B, 0xFF, 0x6B, 0xFF, 0x6C, 0x1F, 0x6C, 0x1F, 0x6C, 0x1F, 0x74, 0x3F,
    0x74, 0x3F, 0x74, 0x3F, 0x74, 0x1F, 0x74, 0x1F, 0x74, 0x1F, 0x74, 0x3F, 0x74, 0x3F, 0x74, 0x3F,
    0x32, 0x3B, 0x32, 0x3A, 0x32, 0x3A, 0x32, 0x3A, 0x32, 0x1A, 0x32, 0x19, 0x32, 0x19, 0x32, 0x3A,
    0x32, 0x3A, 0x32, 0x3B, 0x32, 0x3B, 0x32, 0x5B, 0x32, 0x3B, 0x32, 0x5B, 0x32, 0x5B, 0x32, 0x3B,
    0x32, 0x3B, 0x32, 0x3B, 0x32, 0x3A, 0x32, 0x3A, 0x2A, 0x19, 0x32, 0x19, 0x32, 0x19, 0x32, 0x1A,
    0x32, 0x3A, 0x32, 0x3B, 0x32, 0x3B, 0x32, 0x3B, 0x32, 0x3A, 0x32, 0x3A, 0x32, 0x5B, 0x32, 0x5C,
    0x32, 0x3B, 0x32, 0x3B, 0x32, 0x5B, 0x32, 0x3B, 0x32, 0x3B, 0x32, 0x5C, 0x32, 0x5C, 0x32, 0x3A,
    0x32, 0x3A, 0x32, 0x7C, 0x3A, 0x7D, 0x3A, 0x7C, 0x3A, 0x7C, 0x3A, 0x7C, 0x32, 0x5C, 0x32, 0x5B,
    0x32, 0x3A, 0x32, 0x3A, 0x32, 0x1A, 0x32, 0x3A, 0x32, 0x3B, 0x32, 0x3A, 0x2A, 0x18, 0x29, 0xF8,
    0x2A, 0x19, 0x2A, 0x19, 0x32, 0x3A, 0x32, 0x5B, 0x32, 0x1A, 0x32, 0x3A, 0x32, 0x3B, 0x32, 0x3B,
    0x32, 0x3A, 0x32, 0x19, 0x32, 0x19, 0x32, 0x19, 0x32, 0x19, 0x32, 0x3A, 0x32, 0x3A, 0x32, 0x3A,
    0x32, 0x3A, 0x32, 0x3A, 0x32, 0x1A, 0x32, 0x19, 0x32, 0x19, 0x32, 0x3A, 0x32, 0x3A, 0x00, 0x00,
    0xAD, 0x75, 0x00, 0x00, 0x00, 0x00, 0x00, 0x00, 0x00, 0x00, 0x00, 0x00, 0x00, 0x00, 0x00, 0x00,
    0x00, 0x00, 0x00, 0x00, 0x00, 0x00, 0x00, 0x00, 0x00, 0x00, 0x00, 0x00, 0x00, 0x00, 0x00, 0x00,
    0x00, 0x00, 0x00, 0x00, 0x00, 0x00, 0x00, 0x00, 0x00, 0x00, 0x00, 0x00, 0x00, 0x00, 0x00, 0x00,
    0x00, 0x00, 0x00, 0x00, 0x00, 0x00, 0x00, 0x00, 0x00, 0x00, 0x00, 0x00, 0x00, 0x00, 0x00, 0x00,
    0x00, 0x00, 0x00, 0x00, 0x00, 0x00, 0x00, 0x00, 0x00, 0x00, 0x00, 0x00, 0x00, 0x00, 0x00, 0x00,
    0x00, 0x00, 0x00, 0x00, 0x00, 0x00, 0x00, 0x00, 0x00, 0x00, 0x00, 0x00, 0x00, 0x00, 0x00, 0x00,
    0x00, 0x00, 0x00, 0x00, 0x00, 0x00, 0x00, 0x00, 0x00, 0x00, 0x00, 0x00, 0x00, 0x00, 0x00, 0x00,
    0x00, 0x00, 0x00, 0x00, 0x00, 0x00, 0x00, 0x00, 0x00, 0x00, 0x00, 0x00, 0x00, 0x00, 0x00, 0x00,
    0x00, 0x00, 0x00, 0x00, 0x00, 0x00, 0x00, 0x00, 0x00, 0x00, 0x00, 0x00, 0x00, 0x00, 0x00, 0x00,
    0x00, 0x00, 0x00, 0x00, 0x00, 0x00, 0xAD, 0x75, 0x00, 0x00, 0x32, 0x3B, 0x32, 0x5B, 0x32, 0x3A,
    0x32, 0x39, 0x32, 0x39, 0x32, 0x39, 0x32, 0x3A, 0x32, 0x5A, 0x32, 0x5B, 0x32, 0x5B, 0x32, 0x5B,
    0x32, 0x5A, 0x32, 0x3A, 0x32, 0x5B, 0x32, 0x5C, 0x32, 0x3B, 0x32, 0x3B, 0x32, 0x5B, 0x32, 0x3B,
    0x32, 0x3B, 0x32, 0x5C, 0x32, 0x5C, 0x32, 0x3A, 0x32, 0x3A, 0x32, 0x5C, 0x32, 0x5C, 0x32, 0x5C,
    0x32, 0x5C, 0x32, 0x5C, 0x32, 0x5B, 0x32, 0x3A, 0x32, 0x1A, 0x32, 0x3A, 0x32, 0x1A, 0x32, 0x3A,
    0x32, 0x3B, 0x32, 0x3A, 0x2A, 0x18, 0x29, 0xF8, 0x2A, 0x18, 0x2A, 0x19, 0x32, 0x3A, 0x32, 0x5B,
    0x32, 0x1A, 0x32, 0x3A, 0x32, 0x3B, 0x32, 0x3B, 0x32, 0x3A, 0x32, 0x19, 0x32, 0x19, 0x32, 0x19,
    0x32, 0x19, 0x32, 0x3A, 0x32, 0x3B, 0x32, 0x3A, 0x32, 0x3A, 0x32, 0x3A, 0x32, 0x1A, 0x32, 0x19,
    0x32, 0x19, 0x32, 0x3A, 0x32, 0x5B, 0x32, 0x5B, 0x32, 0x5B, 0x32, 0x5B, 0x32, 0x5B, 0x32, 0x5B,
    0x32, 0x5B, 0x32, 0x5B, 0x32, 0x5B, 0x32, 0x5B, 0x32, 0x3B, 0x32, 0x3A, 0x2A, 0x19, 0x32, 0x19,
    0x32, 0x19, 0x32, 0x1A, 0x32, 0x3A, 0x32, 0x3B, 0x29, 0xD6, 0x00, 0x00, 0x5B, 0x5A, 0x6B, 0xFF,
    0x6B, 0xFF, 0x6B, 0xFF, 0x6B, 0xDF, 0x63, 0xDF, 0x63, 0xDF, 0x6B, 0xFF, 0x6C, 0x1F, 0x6C, 0x1F,
    0x6C, 0x1F, 0x74, 0x3F, 0x74, 0x3F, 0x74, 0x3F, 0x74, 0x3F, 0x74, 0x3F, 0x74, 0x3F, 0x74, 0x3F,
    0x74, 0x3F, 0x6C, 0x1F, 0x6B, 0xFF, 0x6B, 0xFF, 0x6B, 0xFF, 0x6B, 0xFF, 0x6B, 0xFF, 0x6B, 0xFF,
    0x6B, 0xFF, 0x6B, 0xFF, 0x6B, 0xFF, 0x6B, 0xFF, 0x6C, 0x1F, 0x6C, 0x3F, 0x6C, 0x1F, 0x74, 0x3F,
    0x74, 0x3F, 0x74, 0x3F, 0x74, 0x3F, 0x74, 0x5F, 0x74, 0x5F, 0x74, 0x1F, 0x6C, 0x1F, 0x6C, 0x1F,
    0x74, 0x3F, 0x74, 0x3F, 0x6C, 0x3F, 0x6C, 0x1F, 0x6C, 0x1F, 0x6B, 0xFF, 0x6B, 0xFF, 0x6B, 0xFF,
    0x6B, 0xFF, 0x6B, 0xFF, 0x6C, 0x1F, 0x74, 0x1F, 0x6B, 0xFF, 0x6B, 0xFF, 0x6C, 0x1F, 0x6C, 0x1F,
    0x74, 0x3F, 0x74, 0x3F, 0x6C, 0x1F, 0x6C, 0x1F, 0x6C, 0x1F, 0x6C, 0x1F, 0x6B, 0xFF, 0x6B, 0xDF,
    0x63, 0xDF, 0x63, 0xDF, 0x6B, 0xDF, 0x6B, 0xFF, 0x6C, 0x1F, 0x6B, 0xFF, 0x6B, 0xFF, 0x6C, 0x1F,
    0x6C, 0x1F, 0x6C, 0x1F, 0x6C, 0x1F, 0x74, 0x3F, 0x74, 0x3F, 0x74, 0x3F, 0x74, 0x3F, 0x6C, 0x1F,
    0x32, 0x3A, 0x32, 0x3A, 0x32, 0x3A, 0x32, 0x3A, 0x2A, 0x1A, 0x32, 0x3A, 0x32, 0x3A, 0x32, 0x3B,
    0x32, 0x3B, 0x32, 0x3B, 0x32, 0x3B, 0x32, 0x3C, 0x32, 0x3C, 0x32, 0x3C, 0x32, 0x3B, 0x32, 0x3B,
    0x32, 0x3B, 0x32, 0x3B, 0x32, 0x3B, 0x32, 0x1A, 0x2A, 0x1A, 0x2A, 0x1A, 0x2A, 0x1A, 0x32, 0x1A,
    0x32, 0x3B, 0x32, 0x5B, 0x32, 0x3B, 0x32, 0x3A, 0x32, 0x3B, 0x32, 0x3B, 0x32, 0x5C, 0x32, 0x5D,
    0x32, 0x5B, 0x32, 0x3B, 0x32, 0x5C, 0x32, 0x5B, 0x32, 0x3B, 0x32, 0x3B, 0x32, 0x19, 0x29, 0xF8,
    0x32, 0x3A, 0x32, 0x5C, 0x32, 0x5C, 0x32, 0x5B, 0x32, 0x3A, 0x32, 0x39, 0x32, 0x19, 0x29, 0xF8,
    0x2A, 0x18, 0x2A, 0x19, 0x2A, 0x19, 0x32, 0x19, 0x32, 0x19, 0x32, 0x18, 0x29, 0xF7, 0x29, 0xF8,
    0x32, 0x19, 0x32, 0x3A, 0x32, 0x5B, 0x32, 0x5B, 0x32, 0x3A, 0x32, 0x3A, 0x32, 0x5B, 0x32, 0x5B,
    0x32, 0x3A, 0x2A, 0x19, 0x2A, 0x1A, 0x32, 0x1A, 0x2A, 0x1A, 0x2A, 0x1A, 0x32, 0x1A, 0x32, 0x1A,
    0x2A, 0x1A, 0x2A, 0x1A, 0x2A, 0x1A, 0x2A, 0x1A, 0x2A, 0x1A, 0x32, 0x3B, 0x32, 0x3B, 0x00, 0x00,
    0xAD, 0x75, 0x00, 0x00, 0x00, 0x00, 0x00, 0x00, 0x00, 0x00, 0x00, 0x00, 0x00, 0x00, 0x00, 0x00,
    0x00, 0x00, 0x00, 0x00, 0x00, 0x00, 0x00, 0x00, 0x00, 0x00, 0x00, 0x00, 0x00, 0x00, 0x00, 0x00,
    0x00, 0x00, 0x00, 0x00, 0x00, 0x00, 0x00, 0x00, 0x00, 0x00, 0x00, 0x00, 0x00, 0x00, 0x00, 0x00,
    0x00, 0x00, 0x00, 0x00, 0x00, 0x00, 0x00, 0x00, 0x00, 0x00, 0x00, 0x00, 0x00, 0x00, 0x00, 0x00,
    0x00, 0x00, 0x00, 0x00, 0x00, 0x00, 0x00, 0x00, 0x00, 0x00, 0x00, 0x00, 0x00, 0x00, 0x00, 0x00,
    0x00, 0x00, 0x00, 0x00, 0x00, 0x00, 0x00, 0x00, 0x00, 0x00, 0x00, 0x00, 0x00, 0x00, 0x00, 0x00,
    0x00, 0x00, 0x00, 0x00, 0x00, 0x00, 0x00, 0x00, 0x00, 0x00, 0x00, 0x00, 0x00, 0x00, 0x00, 0x00,
    0x00, 0x00, 0x00, 0x00, 0x00, 0x00, 0x00, 0x00, 0x00, 0x00, 0x00, 0x00, 0x00, 0x00, 0x00, 0x00,
    0x00, 0x00, 0x00, 0x00, 0x00, 0x00, 0x00, 0x00, 0x00, 0x00, 0x00, 0x00, 0x00, 0x00, 0x00, 0x00,
    0x00, 0x00, 0x00, 0x00, 0x00, 0x00, 0xAD, 0x75, 0x00, 0x00, 0x32, 0x3B, 0x32, 0x3B, 0x32, 0x5B,
    0x32, 0x3A, 0x32, 0x3A, 0x32, 0x3A, 0x32, 0x5B, 0x32, 0x3B, 0x32, 0x5B, 0x32, 0x3B, 0x32, 0x3B,
    0x32, 0x3B, 0x32, 0x3B, 0x32, 0x5C, 0x32, 0x5D, 0x32, 0x5B, 0x32, 0x3B, 0x32, 0x5C, 0x32, 0x5B,
    0x32, 0x3B, 0x32, 0x3B, 0x32, 0x19, 0x29, 0xF8, 0x32, 0x3A, 0x32, 0x5C, 0x32, 0x5B, 0x32, 0x1A,
    0x32, 0x19, 0x29, 0xF9, 0x29, 0xF8, 0x29, 0xF8, 0x29, 0xF8, 0x29, 0xF8, 0x29, 0xF8, 0x2A, 0x19,
    0x2A, 0x19, 0x29, 0xF8, 0x29, 0xD7, 0x29, 0xF8, 0x2A, 0x19, 0x32, 0x1A, 0x32, 0x3B, 0x32, 0x3B,
    0x32, 0x3A, 0x32, 0x3A, 0x32, 0x3B, 0x32, 0x5B, 0x32, 0x3A, 0x32, 0x19, 0x32, 0x3A, 0x32, 0x3A,
    0x32, 0x3A, 0x32, 0x3A, 0x32, 0x3A, 0x32, 0x3A, 0x32, 0x3A, 0x32, 0x3A, 0x32, 0x3A, 0x32, 0x3A,
    0x32, 0x3A, 0x32, 0x3B, 0x32, 0x5C, 0x32, 0x5C, 0x32, 0x5C, 0x32, 0x5C, 0x3A, 0x7C, 0x32, 0x7C,
    0x32, 0x5B, 0x32, 0x3B, 0x32, 0x3B, 0x32, 0x3B, 0x32, 0x3B, 0x32, 0x3B, 0x32, 0x3A, 0x32, 0x3A,
    0x32, 0x3A, 0x32, 0x3A, 0x32, 0x3B, 0x32, 0x5B, 0x29, 0xD6, 0x00, 0x00, 0x4A, 0xB5, 0x5B, 0x5A,
    0x5B, 0x5A, 0x53, 0x3A, 0x53, 0x3A, 0x53, 0x3A, 0x53, 0x3A, 0x5B, 0x5A, 0x5B, 0x5A, 0x5B, 0x5A,
    0x5B, 0x5A, 0x5B, 0x5A, 0x5B, 0x7A, 0x5B, 0x7A, 0x5B, 0x7A, 0x5B, 0x7A, 0x5B, 0x7A, 0x5B, 0x5A,
    0x5B, 0x5A, 0x5B, 0x5A, 0x5B, 0x5A, 0x5B, 0x3A, 0x5B, 0x5A, 0x5B, 0x5A, 0x5B, 0x5A, 0x53, 0x3A,
    0x53, 0x3A, 0x53, 0x3A, 0x5B, 0x3A, 0x5B, 0x5A, 0x5B, 0x5A, 0x5B, 0x7A, 0x5B, 0x7A, 0x5B, 0x5A,
    0x5B, 0x7A, 0x5B, 0x7A, 0x5B, 0x7A, 0x5B, 0x7A, 0x5B, 0x3A, 0x53, 0x3A, 0x5B, 0x3A, 0x5B, 0x5A,
    0x5B, 0x5A, 0x5B, 0x5A, 0x53, 0x3A, 0x53, 0x1A, 0x53, 0x1A, 0x53, 0x19, 0x53, 0x1A, 0x53, 0x3A,
    0x53, 0x3A, 0x53, 0x3A, 0x53, 0x3A, 0x53, 0x39, 0x53, 0x19, 0x53, 0x39, 0x5B, 0x5A, 0x5B, 0x7A,
    0x5B, 0x7A, 0x5B, 0x7A, 0x5B, 0x5A, 0x5B, 0x5A, 0x5B, 0x5A, 0x5B, 0x5A, 0x5B, 0x5A, 0x53, 0x3A,
    0x53, 0x3A, 0x53, 0x3A, 0x53, 0x3A, 0x53, 0x3A, 0x5B, 0x5A, 0x5B, 0x5A, 0x5B, 0x5A, 0x5B, 0x5A,
    0x5B, 0x5A, 0x5B, 0x5A, 0x5B, 0x5A, 0x5B, 0x7A, 0x5B, 0x7A, 0x5B, 0x7A, 0x5B, 0x7A, 0x5B, 0x5A,
    0x32, 0x1A, 0x32, 0x1A, 0x32, 0x1A, 0x2A, 0x1A, 0x2A, 0x1A, 0x32, 0x1A, 0x32, 0x3B, 0x32, 0x5C,
    0x32, 0x3B, 0x32, 0x3B, 0x2A, 0x1B, 0x2A, 0x3B, 0x2A, 0x1B, 0x2A, 0x1B, 0x2A, 0x1A, 0x2A, 0x1A,
    0x2A, 0x1B, 0x2A, 0x1B, 0x2A, 0x1B, 0x32, 0x3B, 0x2A, 0x1A, 0x2A, 0x1A, 0x32, 0x3B, 0x32, 0x3B,
    0x32, 0x3B, 0x32, 0x1A, 0x2A, 0x1A, 0x2A, 0x1A, 0x32, 0x3B, 0x32, 0x3B, 0x32, 0x3B, 0x32, 0x3B,
    0x32, 0x3B, 0x32, 0x3B, 0x32, 0x3C, 0x32, 0x5B, 0x32, 0x3B, 0x32, 0x3A, 0x29, 0xF8, 0x29, 0xF7,
    0x32, 0x3A, 0x32, 0x3B, 0x32, 0x3A, 0x32, 0x19, 0x2A, 0x19, 0x2A, 0x18, 0x2A, 0x18, 0x2A, 0x18,
    0x2A, 0x18, 0x32, 0x19, 0x32, 0x19, 0x32, 0x1A, 0x32, 0x19, 0x29, 0xF8, 0x2A, 0x18, 0x32, 0x1A,
    0x32, 0x5C, 0x32, 0x5C, 0x32, 0x3C, 0x32, 0x3B, 0x2A, 0x1A, 0x2A, 0x1A, 0x32, 0x3B, 0x32, 0x3B,
    0x2A, 0x1A, 0x2A, 0x19, 0x32, 0x1A, 0x32, 0x3B, 0x32, 0x1A, 0x2A, 0x1A, 0x32, 0x3B, 0x2A, 0x1A,
    0x2A, 0x1A, 0x2A, 0x1A, 0x2A, 0x1A, 0x2A, 0x1A, 0x2A, 0x1B, 0x32, 0x3C, 0x2A, 0x3B, 0x00, 0x00,
    0xAD, 0x75, 0x00, 0x00, 0x00, 0x00, 0x00, 0x00, 0x00, 0x00, 0x00, 0x00, 0x00, 0x00, 0x00, 0x00,
    0x00, 0x00, 0x00, 0x00, 0x00, 0x00, 0x00, 0x00, 0x00, 0x00, 0x00, 0x00, 0x00, 0x00, 0x00, 0x00,
    0x00, 0x00, 0x00, 0x00, 0x00, 0x00, 0x00, 0x00, 0x00, 0x00, 0x00, 0x00, 0x00, 0x00, 0x00, 0x00,
    0x00, 0x00, 0x00, 0x00, 0x00, 0x00, 0x00, 0x00, 0x00, 0x00, 0x00, 0x00, 0x00, 0x00, 0x00, 0x00,
    0x00, 0x00, 0x00, 0x00, 0x00, 0x00, 0x00, 0x00, 0x00, 0x00, 0x00, 0x00, 0x00, 0x00, 0x00, 0x00,
    0x00, 0x00, 0x00, 0x00, 0x00, 0x00, 0x00, 0x00, 0x00, 0x00, 0x00, 0x00, 0x00, 0x00, 0x00, 0x00,
    0x00, 0x00, 0x00, 0x00, 0x00, 0x00, 0x00, 0x00, 0x00, 0x00, 0x00, 0x00, 0x00, 0x00, 0x00, 0x00,
    0x00, 0x00, 0x00, 0x00, 0x00, 0x00, 0x00, 0x00, 0x00, 0x00, 0x00, 0x00, 0x00, 0x00, 0x00, 0x00,
    0x00, 0x00, 0x00, 0x00, 0x00, 0x00, 0x00, 0x00, 0x00, 0x00, 0x00, 0x00, 0x00, 0x00, 0x00, 0x00,
    0x00, 0x00, 0x00, 0x00, 0x00, 0x00, 0xAD, 0x75, 0x00, 0x00, 0x32, 0x3B, 0x32, 0x3B, 0x32, 0x3B,
    0x32, 0x3B, 0x32, 0x3A, 0x32, 0x3B, 0x32, 0x3B, 0x32, 0x3B, 0x32, 0x3A, 0x32, 0x3A, 0x32, 0x3A,
    0x32, 0x3B, 0x32, 0x5B, 0x32, 0x5B, 0x32, 0x5B, 0x32, 0x3B, 0x32, 0x3B, 0x32, 0x5C, 0x32, 0x3B,
    0x32, 0x3B, 0x2A, 0x1A, 0x29, 0xF8, 0x29, 0xD7, 0x2A, 0x1A, 0x32, 0x3B, 0x2A, 0x1A, 0x2A, 0x19,
    0x29, 0xF8, 0x29, 0xF8, 0x29, 0xF8, 0x29, 0xF8, 0x29, 0xF8, 0x29, 0xF9, 0x29, 0xF9, 0x2A, 0x1A,
    0x29, 0xF9, 0x29, 0xD8, 0x29, 0xF8, 0x2A, 0x1A, 0x32, 0x3C, 0x32, 0x5C, 0x32, 0x3C, 0x2A, 0x3B,
    0x2A, 0x1A, 0x2A, 0x1A, 0x32, 0x3B, 0x32, 0x3B, 0x2A, 0x1A, 0x2A, 0x19, 0x32, 0x1A, 0x32, 0x3B,
    0x32, 0x1A, 0x32, 0x1A, 0x32, 0x3B, 0x32, 0x3A, 0x32, 0x3A, 0x32, 0x3A, 0x32, 0x3A, 0x32, 0x3A,
    0x32, 0x3B, 0x32, 0x5C, 0x32, 0x5B, 0x32, 0x3B, 0x32, 0x3B, 0x32, 0x5B, 0x32, 0x3B, 0x32, 0x3B,
    0x32, 0x3A, 0x32, 0x3A, 0x32, 0x3B, 0x32, 0x3B, 0x32, 0x3B, 0x32, 0x3B, 0x32, 0x3A, 0x32, 0x3A,
    0x32, 0x3B, 0x32, 0x3B, 0x32, 0x3B, 0x32, 0x1A, 0x21, 0xB6, 0x00, 0x00, 0x10, 0xC6, 0x18, 0xE7,
    0x18, 0xE7, 0x18, 0xE7, 0x18, 0xE7, 0x18, 0xE7, 0x18, 0xE7, 0x18, 0xE7, 0x18, 0xE7, 0x18, 0xE7,
    0x18, 0xE7, 0x18, 0xE7, 0x18, 0xE7, 0x18, 0xE7, 0x18, 0xE7, 0x18, 0xE7, 0x18, 0xE7, 0x18, 0xE7,
    0x18, 0xE7, 0x18, 0xE7, 0x18, 0xE7, 0x18, 0xE7, 0x18, 0xE7, 0x18, 0xE7, 0x18, 0xE7, 0x18, 0xE7,
    0x18, 0xE7, 0x18, 0xE7, 0x18, 0xE7, 0x18, 0xE7, 0x18, 0xE7, 0x18, 0xE7, 0x18, 0xE7, 0x18, 0xE7,
    0x18, 0xE7, 0x18, 0xE7, 0x18, 0xE7, 0x18, 0xE7, 0x18, 0xE7, 0x18, 0xE7, 0x18, 0xE7, 0x18, 0xE7,
    0x18, 0xE7, 0x18, 0xE7, 0x18, 0xE7, 0x10, 0xE7, 0x10, 0xC7, 0x10, 0xC7, 0x10, 0xE7, 0x18, 0xE7,
    0x18, 0xE7, 0x18, 0xE7, 0x18, 0xE7, 0x18, 0xE7, 0x18, 0xE7, 0x18, 0xE7, 0x19, 0x07, 0x18, 0xE7,
    0x18, 0xE7, 0x18, 0xE7, 0x18, 0xE7, 0x18, 0xE7, 0x18, 0xE7, 0x18, 0xE7, 0x18, 0xE7, 0x18, 0xE7,
    0x18, 0xE7, 0x18, 0xE7, 0x18, 0xE7, 0x18, 0xE7, 0x18, 0xE7, 0x18, 0xE7, 0x18, 0xE7, 0x18, 0xE7,
    0x18, 0xE7, 0x18, 0xE7, 0x18, 0xE7, 0x18, 0xE7, 0x18, 0xE7, 0x18, 0xE7, 0x18, 0xE7, 0x18, 0xE7,
    0x2A, 0x1A, 0x2A, 0x1A, 0x2A, 0x1A, 0x2A, 0x1A, 0x2A, 0x1A, 0x2A, 0x1B, 0x2A, 0x1B, 0x2A, 0x3B,
    0x2A, 0x1B, 0x2A, 0x1A, 0x2A, 0x1A, 0x2A, 0x1B, 0x2A, 0x1A, 0x29, 0xFA, 0x29, 0xF9, 0x29, 0xFA,
    0x2A, 0x1B, 0x2A, 0x1B, 0x2A, 0x1A, 0x2A, 0x1A, 0x2A, 0x1A, 0x2A, 0x1A, 0x2A, 0x1A, 0x2A, 0x1A,
    0x29, 0xF9, 0x29, 0xF9, 0x2A, 0x1A, 0x2A, 0x1A, 0x2A, 0x1B, 0x32, 0x3B, 0x32, 0x3B, 0x2A, 0x1A,
    0x2A, 0x1A, 0x2A, 0x1A, 0x2A, 0x1A, 0x29, 0xF9, 0x29, 0xF8, 0x29, 0xF9, 0x2A, 0x19, 0x32, 0x1A,
    0x32, 0x3C, 0x32, 0x3C, 0x32, 0x3B, 0x32, 0x3A, 0x32, 0x3A, 0x32, 0x3A, 0x32, 0x3B, 0x32, 0x3B,
    0x32, 0x1A, 0x32, 0x1A, 0x2A, 0x1A, 0x2A, 0x1A, 0x32, 0x3B, 0x32, 0x1A, 0x32, 0x1A, 0x32, 0x3C,
    0x32, 0x5D, 0x32, 0x5C, 0x32, 0x1A, 0x2A, 0x19, 0x29, 0xF9, 0x29, 0xF9, 0x2A, 0x1A, 0x2A, 0x19,
    0x29, 0xF9, 0x29, 0xF9, 0x2A, 0x1A, 0x2A, 0x3B, 0x2A, 0x1B, 0x2A, 0x1A, 0x2A, 0x1A, 0x2A, 0x1A,
    0x2A, 0x1A, 0x2A, 0x1A, 0x2A, 0x1A, 0x2A, 0x1B, 0x2A, 0x1B, 0x2A, 0x3B, 0x2A, 0x1B, 0x00, 0x00,
    0xAD, 0x75, 0x00, 0x00, 0x00, 0x00, 0x00, 0x00, 0x00, 0x00, 0x00, 0x00, 0x00, 0x00, 0x00, 0x00,
    0x00, 0x00, 0x00, 0x00, 0x00, 0x00, 0x00, 0x00, 0x00, 0x00, 0x00, 0x00, 0x00, 0x00, 0x00, 0x00,
    0x00, 0x00, 0x00, 0x00, 0x00, 0x00, 0x00, 0x00, 0x00, 0x00, 0x00, 0x00, 0x00, 0x00, 0x00, 0x00,
    0x00, 0x00, 0x00, 0x00, 0x00, 0x00, 0x00, 0x00, 0x00, 0x00, 0x00, 0x00, 0x00, 0x00, 0x00, 0x00,
    0x00, 0x00, 0x00, 0x00, 0x00, 0x00, 0x00, 0x00, 0x00, 0x00, 0x00, 0x00, 0x00, 0x00, 0x00, 0x00,
    0x00, 0x00, 0x00, 0x00, 0x00, 0x00, 0x00, 0x00, 0x00, 0x00, 0x00, 0x00, 0x00, 0x00, 0x00, 0x00,
    0x00, 0x00, 0x00, 0x00, 0x00, 0x00, 0x00, 0x00, 0x00, 0x00, 0x00, 0x00, 0x00, 0x00, 0x00, 0x00,
    0x00, 0x00, 0x00, 0x00, 0x00, 0x00, 0x00, 0x00, 0x00, 0x00, 0x00, 0x00, 0x00, 0x00, 0x00, 0x00,
    0x00, 0x00, 0x00, 0x00, 0x00, 0x00, 0x00, 0x00, 0x00, 0x00, 0x00, 0x00, 0x00, 0x00, 0x00, 0x00,
    0x00, 0x00, 0x00, 0x00, 0x00, 0x00, 0xAD, 0x75, 0x00, 0x00, 0x32, 0x3B, 0x32, 0x1A, 0x32, 0x3A,
    0x32, 0x3A, 0x32, 0x3A, 0x32, 0x3A, 0x32, 0x1A, 0x32, 0x19, 0x32, 0x19, 0x32, 0x3A, 0x32, 0x3A,
    0x32, 0x3B, 0x32, 0x3B, 0x32, 0x3B, 0x32, 0x1A, 0x2A, 0x1A, 0x2A, 0x1A, 0x2A, 0x1A, 0x29, 0xF9,
    0x29, 0xF8, 0x29, 0xF9, 0x2A, 0x19, 0x2A, 0x1A, 0x32, 0x3C, 0x32, 0x3C, 0x2A, 0x1B, 0x2A, 0x1A,
    0x2A, 0x1A, 0x2A, 0x1A, 0x2A, 0x1B, 0x2A, 0x1B, 0x2A, 0x1A, 0x2A, 0x1A, 0x2A, 0x1A, 0x2A, 0x1A,
    0x2A, 0x1A, 0x2A, 0x1A, 0x2A, 0x1A, 0x32, 0x3C, 0x32, 0x3D, 0x32, 0x3C, 0x2A, 0x1A, 0x29, 0xF9,
    0x29, 0xF9, 0x29, 0xF9, 0x2A, 0x1A, 0x2A, 0x19, 0x29, 0xF9, 0x29, 0xF9, 0x2A, 0x1A, 0x32, 0x3B,
    0x32, 0x3B, 0x32, 0x1A, 0x32, 0x1A, 0x2A, 0x1A, 0x2A, 0x1A, 0x2A, 0x1A, 0x32, 0x1A, 0x32, 0x3B,
    0x32, 0x3B, 0x32, 0x3B, 0x32, 0x3B, 0x2A, 0x1A, 0x32, 0x3B, 0x32, 0x3B, 0x32, 0x3A, 0x32, 0x3A,
    0x32, 0x19, 0x32, 0x3A, 0x32, 0x3B, 0x32, 0x3B, 0x32, 0x1A, 0x32, 0x1A, 0x2A, 0x1A, 0x2A, 0x1A,
    0x32, 0x1A, 0x2A, 0x1A, 0x2A, 0x19, 0x2A, 0x19, 0x21, 0xB6, 0x00, 0x00, 0x53, 0x18, 0x63, 0xBE,
    0x63, 0xBE, 0x63, 0xBE, 0x63, 0xBE, 0x63, 0xBE, 0x63, 0xBE, 0x63, 0xBE, 0x63, 0xBE, 0x63, 0xBE,
    0x63, 0xBE, 0x63, 0xDE, 0x63, 0xDE, 0x63, 0xDE, 0x63, 0xBE, 0x63, 0xDE, 0x63, 0xDE, 0x63, 0xDE,
    0x63, 0xDE, 0x63, 0xDE, 0x63, 0xBE, 0x63, 0xBE, 0x63, 0xBE, 0x63, 0x9E, 0x63, 0x9E, 0x63, 0x9E,
    0x63, 0x9E, 0x63, 0xBE, 0x63, 0xBE, 0x63, 0xBE, 0x63, 0xDE, 0x63, 0xBE, 0x63, 0xBE, 0x63, 0xDE,
    0x63, 0xDE, 0x63, 0xBE, 0x63, 0xBE, 0x63, 0xBE, 0x63, 0xBE, 0x63, 0xDE, 0x63, 0xDE, 0x63, 0xDE,
    0x63, 0xDE, 0x63, 0xBE, 0x63, 0xBE, 0x63, 0xBE, 0x63, 0xBE, 0x63, 0xBE, 0x63, 0xBE, 0x63, 0xBE,
    0x63, 0xBE, 0x63, 0xBE, 0x63, 0xDE, 0x63, 0xDE, 0x63, 0xDE, 0x6B, 0xFE, 0x6C, 0x1E, 0x6B, 0xFE,
    0x63, 0xDE, 0x63, 0xBE, 0x63, 0xBE, 0x63, 0xBE, 0x63, 0xBE, 0x63, 0xBE, 0x5B, 0x9E, 0x63, 0x9E,
    0x63, 0xBE, 0x63, 0xBE, 0x63, 0xBE, 0x63, 0xBE, 0x63, 0xBE, 0x63, 0xBE, 0x63, 0xBE, 0x63, 0xBE,
    0x63, 0xDE, 0x63, 0xDE, 0x63, 0xDE, 0x6B, 0xDE, 0x63, 0xDE, 0x63, 0xDE, 0x63, 0xDE, 0x63, 0xBE,
    0x2A, 0x1A, 0x2A, 0x1A, 0x2A, 0x1B, 0x2A, 0x1B, 0x2A, 0x3B, 0x2A, 0x3B, 0x2A, 0x1B, 0x2A, 0x1B,
    0x2A, 0x1A, 0x29, 0xF9, 0x2A, 0x1A, 0x2A, 0x1B, 0x2A, 0x1A, 0x2A, 0x1A, 0x2A, 0x1A, 0x2A, 0x1A,
    0x2A, 0x1A, 0x2A, 0x1A, 0x2A, 0x1A, 0x29, 0xFA, 0x29, 0xF9, 0x29, 0xF9, 0x2A, 0x1A, 0x2A, 0x1A,
    0x2A, 0x1A, 0x2A, 0x1B, 0x2A, 0x1B, 0x2A, 0x3B, 0x2A, 0x1B, 0x32, 0x3B, 0x2A, 0x1B, 0x2A, 0x1A,
    0x2A, 0x19, 0x2A, 0x1A, 0x29, 0xF9, 0x29, 0xD7, 0x29, 0xF8, 0x2A, 0x1A, 0x2A, 0x1B, 0x32, 0x3B,
    0x32, 0x3C, 0x32, 0x3B, 0x32, 0x1A, 0x32, 0x3A, 0x32, 0x3A, 0x32, 0x3A, 0x32, 0x3B, 0x32, 0x3B,
    0x32, 0x3B, 0x32, 0x3B, 0x2A, 0x1A, 0x2A, 0x19, 0x2A, 0x3B, 0x32, 0x3C, 0x2A, 0x3B, 0x32, 0x3C,
    0x32, 0x3C, 0x2A, 0x1A, 0x29, 0xF8, 0x29, 0xD7, 0x29, 0xF8, 0x29, 0xF9, 0x2A, 0x1A, 0x2A, 0x1A,
    0x2A, 0x19, 0x29, 0xFA, 0x2A, 0x1A, 0x2A, 0x1B, 0x2A, 0x1B, 0x29, 0xFA, 0x29, 0xF9, 0x29, 0xF9,
    0x2A, 0x1A, 0x2A, 0x1B, 0x2A, 0x1B, 0x2A, 0x1B, 0x2A, 0x1B, 0x2A, 0x1B, 0x2A, 0x1A, 0x00, 0x00,
    0xAD, 0x75, 0x00, 0x00, 0x00, 0x00, 0x00, 0x00, 0x00, 0x00, 0x00, 0x00, 0x00, 0x00, 0x00, 0x00,
    0x00, 0x00, 0x00, 0x00, 0x00, 0x00, 0x00, 0x00, 0x00, 0x00, 0x00, 0x00, 0x00, 0x00, 0x00, 0x00,
    0x00, 0x00, 0x00, 0x00, 0x00, 0x00, 0x00, 0x00, 0x00, 0x00, 0x00, 0x00, 0x00, 0x00, 0x00, 0x00,
    0x00, 0x00, 0x00, 0x00, 0x00, 0x00, 0x00, 0x00, 0x00, 0x00, 0x00, 0x00, 0x00, 0x00, 0x00, 0x00,
    0x00, 0x00, 0x00, 0x00, 0x00, 0x00, 0x00, 0x00, 0x00, 0x00, 0x00, 0x00, 0x00, 0x00, 0x00, 0x00,
    0x00, 0x00, 0x00, 0x00, 0x00, 0x00, 0x00, 0x00, 0x00, 0x00, 0x00, 0x00, 0x00, 0x00, 0x00, 0x00,
    0x00, 0x00, 0x00, 0x00, 0x00, 0x00, 0x00, 0x00, 0x00, 0x00, 0x00, 0x00, 0x00, 0x00, 0x00, 0x00,
    0x00, 0x00, 0x00, 0x00, 0x00, 0x00, 0x00, 0x00, 0x00, 0x00, 0x00, 0x00, 0x00, 0x00, 0x00, 0x00,
    0x00, 0x00, 0x00, 0x00, 0x00, 0x00, 0x00, 0x00, 0x00, 0x00, 0x00, 0x00, 0x00, 0x00, 0x00, 0x00,
    0x00, 0x00, 0x00, 0x00, 0x00, 0x00, 0xAD, 0x75, 0x00, 0x00, 0x2A, 0x1A, 0x2A, 0x1A, 0x2A, 0x1A,
    0x2A, 0x1A, 0x2A, 0x19, 0x32, 0x3A, 0x2A, 0x1A, 0x2A, 0x1A, 0x32, 0x3B, 0x32, 0x3B, 0x32, 0x3B,
    0x2A, 0x1B, 0x32, 0x3B, 0x32, 0x3B, 0x2A, 0x1A, 0x2A, 0x19, 0x2A, 0x1A, 0x29, 0xF9, 0x29, 0xD7,
    0x29, 0xF8, 0x2A, 0x1A, 0x2A, 0x1B, 0x2A, 0x3B, 0x32, 0x3C, 0x2A, 0x3B, 0x2A, 0x1A, 0x2A, 0x1A,
    0x2A, 0x1A, 0x2A, 0x1A, 0x2A, 0x1B, 0x2A, 0x1B, 0x2A, 0x1A, 0x2A, 0x1A, 0x2A, 0x1A, 0x29, 0xF9,
    0x2A, 0x1B, 0x32, 0x3C, 0x2A, 0x1B, 0x32, 0x3C, 0x32, 0x3C, 0x2A, 0x1A, 0x29, 0xD8, 0x29, 0xD7,
    0x29, 0xF8, 0x29, 0xF9, 0x2A, 0x1A, 0x29, 0xFA, 0x2A, 0x19, 0x2A, 0x1A, 0x2A, 0x1B, 0x2A, 0x3B,
    0x2A, 0x3B, 0x2A, 0x1A, 0x2A, 0x19, 0x2A, 0x1A, 0x2A, 0x1B, 0x2A, 0x3B, 0x2A, 0x3B, 0x32, 0x3B,
    0x2A, 0x3B, 0x32, 0x3B, 0x32, 0x1A, 0x2A, 0x1A, 0x32, 0x3A, 0x32, 0x3B, 0x2A, 0x1A, 0x32, 0x3A,
    0x32, 0x1A, 0x32, 0x1A, 0x2A, 0x1A, 0x2A, 0x1A, 0x2A, 0x1A, 0x2A, 0x1A, 0x2A, 0x1A, 0x29, 0xF9,
    0x2A, 0x1A, 0x2A, 0x1A, 0x2A, 0x1A, 0x2A, 0x1B, 0x21, 0xB6, 0x00, 0x00, 0x53, 0x3A, 0x63, 0xDF,
    0x6B, 0xDF, 0x6B, 0xFF, 0x6B, 0xFF, 0x6B, 0xFF, 0x6B, 0xFF, 0x6B, 0xFF, 0x6B, 0xDF, 0x63, 0xDF,
    0x63, 0xFF, 0x6B, 0xFF, 0x6B, 0xFF, 0x6B, 0xFF, 0x6C, 0x1F, 0x6B, 0xFF, 0x6B, 0xFF, 0x6B, 0xFF,
    0x6B, 0xFF, 0x6B, 0xFF, 0x63, 0xDF, 0x63, 0xDF, 0x63, 0xDF, 0x63, 0xDF, 0x63, 0xDF, 0x6B, 0xFF,
    0x6B, 0xFF, 0x6B, 0xFF, 0x6B, 0xFF, 0x6B, 0xFF, 0x6B, 0xFF, 0x63, 0xDF, 0x6B, 0xDF, 0x6B, 0xDF,
    0x6B, 0xDF, 0x63, 0xBE, 0x63, 0xDF, 0x6B, 0xFF, 0x6C, 0x1F, 0x6C, 0x1F, 0x6C, 0x1F, 0x6B, 0xFF,
    0x63, 0xFF, 0x6B, 0xDF, 0x63, 0xDF, 0x63, 0xDF, 0x6B, 0xFF, 0x6B, 0xFF, 0x6B, 0xFF, 0x6B, 0xDF,
    0x63, 0xDF, 0x63, 0xDF, 0x6B, 0xFF, 0x6C, 0x1F, 0x6C, 0x1F, 0x6C, 0x3F, 0x74, 0x3F, 0x6C, 0x1F,
    0x63, 0xDF, 0x63, 0xDF, 0x63, 0xDF, 0x63, 0xDF, 0x63, 0xDF, 0x63, 0xDF, 0x63, 0xDF, 0x63, 0xDF,
    0x6B, 0xFF, 0x6B, 0xFF, 0x6B, 0xFF, 0x63, 0xDF, 0x63, 0xDF, 0x63, 0xDF, 0x6B, 0xFF, 0x6C, 0x1F,
    0x6C, 0x1F, 0x6C, 0x1F, 0x6C, 0x1F, 0x6C, 0x1F, 0x6C, 0x1F, 0x6B, 0xFF, 0x6B, 0xFF, 0x6B, 0xFF,
    0x2A, 0x1A, 0x2A, 0x1A, 0x2A, 0x1B, 0x32, 0x3C, 0x2A, 0x1B, 0x2A, 0x1B, 0x2A, 0x1B, 0x2A, 0x1A,
    0x2A, 0x1A, 0x29, 0xF9, 0x29, 0xF9, 0x29, 0xFA, 0x29, 0xF9, 0x29, 0xF8, 0x2A, 0x1A, 0x2A, 0x19,
    0x29, 0xF9, 0x29, 0xF9, 0x2A, 0x1B, 0x2A, 0x1A, 0x2A, 0x1A, 0x2A, 0x1A, 0x2A, 0x1A, 0x2A, 0x1B,
    0x32, 0x3B, 0x32, 0x3C, 0x32, 0x3C, 0x2A, 0x1B, 0x2A, 0x1B, 0x2A, 0x1A, 0x2A, 0x1A, 0x29, 0xF9,
    0x29, 0xF9, 0x2A, 0x1A, 0x2A, 0x1A, 0x29, 0xFA, 0x2A, 0x3B, 0x32, 0x3C, 0x32, 0x3C, 0x2A, 0x1A,
    0x29, 0xF9, 0x29, 0xF8, 0x29, 0xF8, 0x29, 0xF9, 0x2A, 0x19, 0x29, 0xF9, 0x32, 0x3A, 0x2A, 0x1A,
    0x29, 0xF9, 0x2A, 0x19, 0x2A, 0x1A, 0x2A, 0x1B, 0x32, 0x3C, 0x32, 0x3C, 0x2A, 0x1B, 0x2A, 0x1A,
    0x2A, 0x1B, 0x29, 0xF9, 0x29, 0xD7, 0x29, 0xD8, 0x2A, 0x1A, 0x2A, 0x1B, 0x2A, 0x1B, 0x2A, 0x1B,
    0x2A, 0x1A, 0x2A, 0x1B, 0x2A, 0x1B, 0x32, 0x3C, 0x2A, 0x1B, 0x29, 0xF9, 0x29, 0xF9, 0x2A, 0x1A,
    0x2A, 0x1B, 0x32, 0x3B, 0x2A, 0x1B, 0x2A, 0x1B, 0x2A, 0x1A, 0x2A, 0x1A, 0x2A, 0x1A, 0x00, 0x00,
    0xAD, 0x75, 0x00, 0x00, 0x00, 0x00, 0x00, 0x00, 0x00, 0x00, 0x00, 0x00, 0x00, 0x00, 0x00, 0x00,
    0x00, 0x00, 0x00, 0x00, 0x00, 0x00, 0x00, 0x00, 0x00, 0x00, 0x00, 0x00, 0x00, 0x00, 0x00, 0x00,
    0x00, 0x00, 0x00, 0x00, 0x00, 0x00, 0x00, 0x00, 0x00, 0x00, 0x00, 0x00, 0x00, 0x00, 0x00, 0x00,
    0x00, 0x00, 0x00, 0x00, 0x00, 0x00, 0x00, 0x00, 0x00, 0x00, 0x00, 0x00, 0x00, 0x00, 0x00, 0x00,
    0x00, 0x00, 0x00, 0x00, 0x00, 0x00, 0x00, 0x00, 0x00, 0x00, 0x00, 0x00, 0x00, 0x00, 0x00, 0x00,
    0x00, 0x00, 0x00, 0x00, 0x00, 0x00, 0x00, 0x00, 0x00, 0x00, 0x00, 0x00, 0x00, 0x00, 0x00, 0x00,
    0x00, 0x00, 0x00, 0x00, 0x00, 0x00, 0x00, 0x00, 0x00, 0x00, 0x00, 0x00, 0x00, 0x00, 0x00, 0x00,
    0x00, 0x00, 0x00, 0x00, 0x00, 0x00, 0x00, 0x00, 0x00, 0x00, 0x00, 0x00, 0x00, 0x00, 0x00, 0x00,
    0x00, 0x00, 0x00, 0x00, 0x00, 0x00, 0x00, 0x00, 0x00, 0x00, 0x00, 0x00, 0x00, 0x00, 0x00, 0x00,
    0x00, 0x00, 0x00, 0x00, 0x00, 0x00, 0xAD, 0x75, 0x00, 0x00, 0x2A, 0x1A, 0x2A, 0x3B, 0x2A, 0x1B,
    0x2A, 0x1A, 0x2A, 0x1A, 0x32, 0x1A, 0x32, 0x3B, 0x32, 0x3C, 0x32, 0x3C, 0x32, 0x3C, 0x2A, 0x3B,
    0x2A, 0x1B, 0x2A, 0x1B, 0x2A, 0x1A, 0x2A, 0x1A, 0x29, 0xF9, 0x2A, 0x1A, 0x29, 0xF9, 0x29, 0xFA,
    0x2A, 0x1B, 0x32, 0x3C, 0x32, 0x3B, 0x2A, 0x1A, 0x29, 0xF9, 0x29, 0xD8, 0x29, 0xD8, 0x29, 0xF8,
    0x29, 0xF9, 0x29, 0xF8, 0x29, 0xF9, 0x2A, 0x1A, 0x29, 0xF8, 0x29, 0xF9, 0x2A, 0x19, 0x2A, 0x1A,
    0x32, 0x3B, 0x32, 0x3B, 0x2A, 0x1A, 0x2A, 0x1A, 0x2A, 0x1A, 0x29, 0xF9, 0x29, 0xD7, 0x29, 0xD8,
    0x2A, 0x19, 0x2A, 0x1B, 0x2A, 0x1B, 0x2A, 0x3B, 0x2A, 0x1A, 0x2A, 0x1B, 0x2A, 0x1B, 0x32, 0x3C,
    0x2A, 0x1B, 0x29, 0xF9, 0x29, 0xF9, 0x2A, 0x1A, 0x2A, 0x3B, 0x32, 0x3C, 0x2A, 0x3B, 0x2A, 0x1B,
    0x2A, 0x1B, 0x2A, 0x1B, 0x2A, 0x1A, 0x29, 0xF9, 0x2A, 0x19, 0x2A, 0x1A, 0x2A, 0x19, 0x2A, 0x19,
    0x2A, 0x1B, 0x2A, 0x1A, 0x29, 0xF9, 0x2A, 0x1A, 0x2A, 0x3B, 0x2A, 0x1B, 0x2A, 0x1A, 0x2A, 0x1A,
    0x2A, 0x1A, 0x2A, 0x1B, 0x32, 0x3B, 0x32, 0x3C, 0x21, 0xB5, 0x00, 0x00, 0x53, 0x3A, 0x63, 0xDF,
    0x6B, 0xFF, 0x6B, 0xFF, 0x6B, 0xFF, 0x6B, 0xFF, 0x6B, 0xFF, 0x6B, 0xDF, 0x63, 0xDF, 0x63, 0xDF,
    0x63, 0xDF, 0x63, 0xDF, 0x63, 0xDF, 0x63, 0xDF, 0x6B, 0xFF, 0x6B, 0xFF, 0x6B, 0xFF, 0x6B, 0xFF,
    0x6B, 0xFF, 0x6B, 0xFF, 0x63, 0xFF, 0x63, 0xDF, 0x6B, 0xDF, 0x6B, 0xFF, 0x6B, 0xFF, 0x6B, 0xFF,
    0x6B, 0xFF, 0x6B, 0xFF, 0x6B, 0xFF, 0x6B, 0xDF, 0x6B, 0xDF, 0x63, 0xDF, 0x63, 0xDF, 0x6B, 0xDF,
    0x6B, 0xDF, 0x6B, 0xFF, 0x6C, 0x1F, 0x6C, 0x1F, 0x6C, 0x1F, 0x6B, 0xFF, 0x63, 0xDF, 0x63, 0xBF,
    0x63, 0xBF, 0x63, 0xBF, 0x63, 0xBF, 0x63, 0xBF, 0x63, 0xDF, 0x63, 0xDF, 0x63, 0xBF, 0x63, 0xDF,
    0x63, 0xDF, 0x6B, 0xDF, 0x6B, 0xFF, 0x6C, 0x1F, 0x6B, 0xFF, 0x6B, 0xFF, 0x6C, 0x1F, 0x6B, 0xFF,
    0x63, 0xBF, 0x63, 0xDF, 0x63, 0xDF, 0x6B, 0xFF, 0x6B, 0xFF, 0x6B, 0xFF, 0x6B, 0xFF, 0x6B, 0xFF,
    0x6B, 0xFF, 0x6B, 0xFF, 0x6B, 0xFF, 0x63, 0xDF, 0x63, 0xDF, 0x63, 0xDF, 0x6B, 0xFF, 0x6C, 0x1F,
    0x6C, 0x1F, 0x6B, 0xFF, 0x6B, 0xFF, 0x6C, 0x1F, 0x6B, 0xFF, 0x6B, 0xDF, 0x6B, 0xDF, 0x6B, 0xFF,
    0x2A, 0x1A, 0x2A, 0x1A, 0x2A, 0x1B, 0x2A, 0x1B, 0x2A, 0x1A, 0x29, 0xF9, 0x2A, 0x19, 0x29, 0xF9,
    0x29, 0xF9, 0x29, 0xF8, 0x29, 0xF9, 0x2A, 0x19, 0x29, 0xF9, 0x29, 0xF9, 0x2A, 0x1A, 0x2A, 0x19,
    0x29, 0xF8, 0x2A, 0x1A, 0x32, 0x3B, 0x32, 0x3B, 0x2A, 0x19, 0x2A, 0x1A, 0x2A, 0x1A, 0x2A, 0x1A,
    0x2A, 0x1A, 0x2A, 0x1B, 0x2A, 0x1A, 0x2A, 0x1A, 0x2A, 0x19, 0x2A, 0x19, 0x2A, 0x19, 0x2A, 0x1A,
    0x2A, 0x19, 0x2A, 0x1A, 0x2A, 0x1A, 0x2A, 0x1A, 0x32, 0x3B, 0x32, 0x3B, 0x2A, 0x1A, 0x29, 0xF8,
    0x29, 0xD8, 0x29, 0xF8, 0x29, 0xF9, 0x2A, 0x1A, 0x2A, 0x1A, 0x2A, 0x1A, 0x2A, 0x1A, 0x29, 0xFA,
    0x29, 0xF9, 0x2A, 0x1A, 0x32, 0x3B, 0x32, 0x3C, 0x32, 0x3C, 0x32, 0x3C, 0x2A, 0x1A, 0x29, 0xFA,
    0x2A, 0x1A, 0x2A, 0x1A, 0x29, 0xF8, 0x29, 0xF9, 0x2A, 0x1B, 0x32, 0x3B, 0x32, 0x3B, 0x2A, 0x1B,
    0x2A, 0x1A, 0x2A, 0x1A, 0x2A, 0x1A, 0x2A, 0x1B, 0x2A, 0x1A, 0x29, 0xF9, 0x29, 0xF9, 0x2A, 0x1A,
    0x2A, 0x1B, 0x2A, 0x1B, 0x2A, 0x1A, 0x29, 0xF9, 0x2A, 0x1A, 0x29, 0xF9, 0x29, 0xF9, 0x00, 0x00,
    0xAD, 0x75, 0x00, 0x00, 0x00, 0x00, 0x00, 0x00, 0x00, 0x00, 0x00, 0x00, 0x00, 0x00, 0x00, 0x00,
    0x00, 0x00, 0x00, 0x00, 0x00, 0x00, 0x00, 0x00, 0x00, 0x00, 0x00, 0x00, 0x00, 0x00, 0x00, 0x00,
    0x00, 0x00, 0x00, 0x00, 0x00, 0x00, 0x00, 0x00, 0x00, 0x00, 0x00, 0x00, 0x00, 0x00, 0x00, 0x00,
    0x00, 0x00, 0x00, 0x00, 0x00, 0x00, 0x00, 0x00, 0x00, 0x00, 0x00, 0x00, 0x00, 0x00, 0x00, 0x00,
    0x00, 0x00, 0x00, 0x00, 0x00, 0x00, 0x00, 0x00, 0x00, 0x00, 0x00, 0x00, 0x00, 0x00, 0x00, 0x00,
    0x00, 0x00, 0x00, 0x00, 0x00, 0x00, 0x00, 0x00, 0x00, 0x00, 0x00, 0x00, 0x00, 0x00, 0x00, 0x00,
    0x00, 0x00, 0x00, 0x00, 0x00, 0x00, 0x00, 0x00, 0x00, 0x00, 0x00, 0x00, 0x00, 0x00, 0x00, 0x00,
    0x00, 0x00, 0x00, 0x00, 0x00, 0x00, 0x00, 0x00, 0x00, 0x00, 0x00, 0x00, 0x00, 0x00, 0x00, 0x00,
    0x00, 0x00, 0x00, 0x00, 0x00, 0x00, 0x00, 0x00, 0x00, 0x00, 0x00, 0x00, 0x00, 0x00, 0x00, 0x00,
    0x00, 0x00, 0x00, 0x00, 0x00, 0x00, 0xAD, 0x75, 0x00, 0x00, 0x2A, 0x1A, 0x32, 0x3C, 0x32, 0x3B,
    0x2A, 0x1A, 0x2A, 0x1A, 0x2A, 0x1A, 0x2A, 0x1B, 0x2A, 0x1B, 0x2A, 0x1B, 0x2A, 0x1B, 0x2A, 0x1A,
    0x2A, 0x1A, 0x2A, 0x1A, 0x2A, 0x1A, 0x2A, 0x1A, 0x2A, 0x1A, 0x2A, 0x1A, 0x2A, 0x1A, 0x2A, 0x1A,
    0x32, 0x3B, 0x32, 0x3B, 0x2A, 0x19, 0x29, 0xF8, 0x29, 0xD8, 0x29, 0xF8, 0x29, 0xF9, 0x2A, 0x19,
    0x2A, 0x1A, 0x29, 0xF9, 0x29, 0xF9, 0x29, 0xF9, 0x29, 0xF9, 0x2A, 0x1A, 0x32, 0x3B, 0x32, 0x3B,
    0x32, 0x3C, 0x32, 0x3B, 0x2A, 0x1A, 0x29, 0xF9, 0x2A, 0x19, 0x2A, 0x1A, 0x29, 0xF8, 0x29, 0xF9,
    0x2A, 0x1B, 0x32, 0x3B, 0x32, 0x3B, 0x2A, 0x1B, 0x2A, 0x1A, 0x2A, 0x1A, 0x2A, 0x1A, 0x2A, 0x1B,
    0x2A, 0x1A, 0x29, 0xF9, 0x29, 0xFA, 0x2A, 0x1B, 0x2A, 0x1B, 0x2A, 0x3B, 0x2A, 0x1A, 0x29, 0xFA,
    0x2A, 0x1A, 0x29, 0xF9, 0x29, 0xF9, 0x29, 0xF9, 0x29, 0xF9, 0x2A, 0x1A, 0x2A, 0x1A, 0x29, 0xF9,
    0x2A, 0x1B, 0x2A, 0x1A, 0x29, 0xF8, 0x2A, 0x1A, 0x32, 0x3C, 0x32, 0x3B, 0x2A, 0x1A, 0x2A, 0x1A,
    0x2A, 0x1A, 0x2A, 0x1A, 0x2A, 0x1B, 0x2A, 0x1B, 0x21, 0xB5, 0x00, 0x00, 0x53, 0x3A, 0x6B, 0xFF,
    0x6B, 0xFF, 0x6B, 0xFF, 0x63, 0xDF, 0x63, 0xDF, 0x63, 0xDF, 0x63, 0xDF, 0x63, 0xDF, 0x63, 0xBF,
    0x63, 0xDF, 0x63, 0xDF, 0x63, 0xDF, 0x63, 0xDF, 0x6B, 0xFF, 0x6B, 0xFF, 0x63, 0xDF, 0x63, 0xFF,
    0x6C, 0x1F, 0x6B, 0xFF, 0x63, 0xDF, 0x63, 0xDF, 0x63, 0xDF, 0x6B, 0xFF, 0x6B, 0xFF, 0x6B, 0xFF,
    0x63, 0xDF, 0x63, 0xDF, 0x63, 0xDF, 0x63, 0xDF, 0x63, 0xDF, 0x63, 0xDF, 0x63, 0xDF, 0x63, 0xDF,
    0x63, 0xFF, 0x6B, 0xFF, 0x6C, 0x1F, 0x6C, 0x1F, 0x63, 0xDF, 0x63, 0xBF, 0x63, 0xBF, 0x63, 0xDF,
    0x63, 0xDF, 0x63, 0xDF, 0x63, 0xDF, 0x63, 0xDF, 0x63, 0xDF, 0x63, 0xDF, 0x63, 0xDF, 0x63, 0xDF,
    0x6B, 0xFF, 0x6B, 0xFF, 0x6C, 0x1F, 0x6C, 0x1F, 0x6B, 0xFF, 0x63, 0xDF, 0x6B, 0xFF, 0x6B, 0xFF,
    0x63, 0xDF, 0x63, 0xDF, 0x6B, 0xFF, 0x6B, 0xFF, 0x6B, 0xFF, 0x6B, 0xFF, 0x6B, 0xFF, 0x6B, 0xDF,
    0x63, 0xDF, 0x63, 0xDF, 0x6B, 0xFF, 0x63, 0xDF, 0x63, 0xDF, 0x6B, 0xFF, 0x6B, 0xFF, 0x6B, 0xFF,
    0x63, 0xFF, 0x63, 0xDF, 0x6B, 0xFF, 0x6B, 0xFF, 0x6B, 0xDF, 0x63, 0xDF, 0x63, 0xDF, 0x6B, 0xFF,
    0x2A, 0x1A, 0x2A, 0x1A, 0x2A, 0x1A, 0x2A, 0x1A, 0x29, 0xF9, 0x29, 0xF9, 0x29, 0xF9, 0x29, 0xF9,
    0x29, 0xF8, 0x29, 0xF9, 0x2A, 0x1A, 0x2A, 0x1A, 0x2A, 0x1A, 0x2A, 0x1A, 0x2A, 0x1A, 0x2A, 0x1A,
    0x29, 0xF9, 0x2A, 0x1A, 0x32, 0x3B, 0x29, 0xF9, 0x29, 0xD7, 0x29, 0xF8, 0x29, 0xF9, 0x29, 0xF9,
    0x2A, 0x1A, 0x2A, 0x1A, 0x29, 0xF8, 0x29, 0xD7, 0x29, 0xD7, 0x29, 0xD8, 0x29, 0xF8, 0x29, 0xF9,
    0x2A, 0x1A, 0x29, 0xF9, 0x29, 0xF9, 0x29, 0xF9, 0x2A, 0x19, 0x29, 0xF9, 0x29, 0xF8, 0x29, 0xD7,
    0x2A, 0x1A, 0x32, 0x3C, 0x32, 0x3C, 0x32, 0x3C, 0x32, 0x3C, 0x2A, 0x1B, 0x2A, 0x1B, 0x2A, 0x1B,
    0x2A, 0x1B, 0x32, 0x3C, 0x32, 0x3C, 0x32, 0x3B, 0x32, 0x3B, 0x2A, 0x1A, 0x2A, 0x1A, 0x2A, 0x1A,
    0x2A, 0x19, 0x2A, 0x1A, 0x29, 0xF9, 0x29, 0xF9, 0x2A, 0x1B, 0x32, 0x3B, 0x2A, 0x1B, 0x2A, 0x1A,
    0x2A, 0x19, 0x29, 0xF9, 0x29, 0xF9, 0x29, 0xF9, 0x29, 0xF9, 0x29, 0xF9, 0x29, 0xF9, 0x2A, 0x1A,
    0x2A, 0x1A, 0x2A, 0x1A, 0x29, 0xF9, 0x29, 0xF9, 0x29, 0xF9, 0x29, 0xF9, 0x29, 0xF8, 0x00, 0x00,
    0xAD, 0x75, 0x00, 0x00, 0x00, 0x00, 0x00, 0x00, 0x00, 0x00, 0x00, 0x00, 0x00, 0x00, 0x00, 0x00,
    0x00, 0x00, 0x00, 0x00, 0x00, 0x00, 0x00, 0x00, 0x00, 0x00, 0x00, 0x00, 0x00, 0x00, 0x00, 0x00,
    0x00, 0x00, 0x00, 0x00, 0x00, 0x00, 0x00, 0x00, 0x00, 0x00, 0x00, 0x00, 0x00, 0x00, 0x00, 0x00,
    0x00, 0x00, 0x00, 0x00, 0x00, 0x00, 0x00, 0x00, 0x00, 0x00, 0x00, 0x00, 0x00, 0x00, 0x00, 0x00,
    0x00, 0x00, 0x00, 0x00, 0x00, 0x00, 0x00, 0x00, 0x00, 0x00, 0x00, 0x00, 0x00, 0x00, 0x00, 0x00,
    0x00, 0x00, 0x00, 0x00, 0x00, 0x00, 0x00, 0x00, 0x00, 0x00, 0x00, 0x00, 0x00, 0x00, 0x00, 0x00,
    0x00, 0x00, 0x00, 0x00, 0x00, 0x00, 0x00, 0x00, 0x00, 0x00, 0x00, 0x00, 0x00, 0x00, 0x00, 0x00,
    0x00, 0x00, 0x00, 0x00, 0x00, 0x00, 0x00, 0x00, 0x00, 0x00, 0x00, 0x00, 0x00, 0x00, 0x00, 0x00,
    0x00, 0x00, 0x00, 0x00, 0x00, 0x00, 0x00, 0x00, 0x00, 0x00, 0x00, 0x00, 0x00, 0x00, 0x00, 0x00,
    0x00, 0x00, 0x00, 0x00, 0x00, 0x00, 0xAD, 0x75, 0x00, 0x00, 0x2A, 0x1B, 0x32, 0x3B, 0x29, 0xF9,
    0x29, 0xD7, 0x29, 0xF9, 0x29, 0xF9, 0x29, 0xFA, 0x2A, 0x1A, 0x2A, 0x1A, 0x29, 0xF9, 0x29, 0xD8,
    0x29, 0xD8, 0x29, 0xD8, 0x29, 0xF8, 0x29, 0xF9, 0x2A, 0x1A, 0x29, 0xF9, 0x29, 0xF9, 0x29, 0xF9,
    0x2A, 0x19, 0x29, 0xF9, 0x29, 0xF8, 0x29, 0xD7, 0x2A, 0x19, 0x32, 0x3B, 0x32, 0x3C, 0x32, 0x3C,
    0x32, 0x3B, 0x2A, 0x1B, 0x2A, 0x1A, 0x2A, 0x1B, 0x2A, 0x1B, 0x32, 0x3B, 0x32, 0x3C, 0x32, 0x3B,
    0x32, 0x3B, 0x2A, 0x1A, 0x2A, 0x1A, 0x2A, 0x1A, 0x2A, 0x19, 0x2A, 0x1A, 0x29, 0xF9, 0x29, 0xF9,
    0x2A, 0x1B, 0x32, 0x3B, 0x2A, 0x1B, 0x2A, 0x1A, 0x2A, 0x19, 0x29, 0xF9, 0x29, 0xF9, 0x29, 0xF9,
    0x29, 0xF9, 0x29, 0xF9, 0x29, 0xF9, 0x2A, 0x1A, 0x2A, 0x1B, 0x2A, 0x1A, 0x29, 0xF9, 0x29, 0xF9,
    0x29, 0xF9, 0x29, 0xF9, 0x29, 0xF9, 0x29, 0xF9, 0x2A, 0x1A, 0x2A, 0x1B, 0x2A, 0x1B, 0x2A, 0x1B,
    0x2A, 0x1B, 0x2A, 0x1A, 0x29, 0xF9, 0x2A, 0x3B, 0x32, 0x3B, 0x29, 0xF9, 0x29, 0xD7, 0x29, 0xF8,
    0x29, 0xF9, 0x29, 0xF9, 0x2A, 0x1A, 0x2A, 0x1A, 0x21, 0xB5, 0x00, 0x00, 0x53, 0x3A, 0x6B, 0xDF,
    0x63, 0xDF, 0x63, 0xDF, 0x63, 0xDF, 0x63, 0xDF, 0x63, 0xDF, 0x63, 0xBF, 0x63, 0xBF, 0x63, 0xDF,
    0x63, 0xDF, 0x6B, 0xFF, 0x6B, 0xFF, 0x6B, 0xFF, 0x6B, 0xFF, 0x6B, 0xFF, 0x63, 0xDF, 0x6B, 0xFF,
    0x6B, 0xFF, 0x63, 0xDF, 0x63, 0x9E, 0x63, 0xBF, 0x63, 0xDF, 0x63, 0xDF, 0x63, 0xDF, 0x63, 0xDF,
    0x63, 0xBF, 0x63, 0x9E, 0x63, 0xBE, 0x63, 0xBF, 0x63, 0xBF, 0x63, 0xDF, 0x63, 0xDF, 0x63, 0xDF,
    0x63, 0xDF, 0x63, 0xDF, 0x6B, 0xFF, 0x63, 0xDF, 0x63, 0xBF, 0x63, 0xBF, 0x63, 0xDF, 0x6B, 0xFF,
    0x6B, 0xFF, 0x6B, 0xFF, 0x6B, 0xFF, 0x63, 0xDF, 0x63, 0xDF, 0x63, 0xDF, 0x63, 0xDF, 0x6B, 0xFF,
    0x6C, 0x1F, 0x6B, 0xFF, 0x6B, 0xFF, 0x6B, 0xFF, 0x6B, 0xDF, 0x63, 0xFF, 0x6B, 0xFF, 0x63, 0xFF,
    0x63, 0xDF, 0x63, 0xDF, 0x6B, 0xFF, 0x6B, 0xFF, 0x6B, 0xFF, 0x6B, 0xDF, 0x63, 0xDF, 0x63, 0xDF,
    0x63, 0xBF, 0x63, 0xDF, 0x63, 0xDF, 0x63, 0xDF, 0x63, 0xDF, 0x6B, 0xDF, 0x6B, 0xFF, 0x63, 0xDF,
    0x63, 0xDF, 0x63, 0xDF, 0x63, 0xDF, 0x6B, 0xDF, 0x63, 0xDF, 0x63, 0xDF, 0x63, 0xDF, 0x6B, 0xDF,
    0x2A, 0x1A, 0x29, 0xF9, 0x2A, 0x1A, 0x2A, 0x1A, 0x2A, 0x19, 0x29, 0xF9, 0x29, 0xF9, 0x29, 0xF9,
    0x29, 0xF9, 0x2A, 0x1A, 0x2A, 0x1A, 0x2A, 0x1B, 0x2A, 0x1A, 0x2A, 0x1A, 0x2A, 0x1A, 0x2A, 0x1A,
    0x2A, 0x1A, 0x2A, 0x1A, 0x2A, 0x1A, 0x29, 0xF8, 0x29, 0xD7, 0x29, 0xF9, 0x2A, 0x19, 0x29, 0xF9,
    0x2A, 0x1A, 0x2A, 0x1A, 0x29, 0xF8, 0x29, 0xD7, 0x29, 0xF8, 0x29, 0xF8, 0x29, 0xF8, 0x29, 0xF9,
    0x29, 0xF9, 0x29, 0xF8, 0x29, 0xF8, 0x2A, 0x19, 0x2A, 0x1A, 0x2A, 0x1A, 0x2A, 0x19, 0x29, 0xF9,
    0x32, 0x3B, 0x32, 0x3C, 0x32, 0x3C, 0x2A, 0x1B, 0x2A, 0x1B, 0x2A, 0x1A, 0x2A, 0x1A, 0x2A, 0x1A,
    0x2A, 0x1A, 0x2A, 0x1B, 0x2A, 0x1B, 0x2A, 0x1A, 0x29, 0xF9, 0x29, 0xF9, 0x29, 0xF9, 0x2A, 0x1A,
    0x29, 0xF9, 0x29, 0xF8, 0x29, 0xF8, 0x29, 0xF8, 0x2A, 0x1A, 0x2A, 0x1B, 0x2A, 0x1A, 0x29, 0xF9,
    0x29, 0xF9, 0x29, 0xF9, 0x29, 0xF9, 0x2A, 0x1A, 0x2A, 0x1A, 0x29, 0xF9, 0x29, 0xF9, 0x29, 0xF9,
    0x29, 0xF9, 0x2A, 0x1A, 0x2A, 0x19, 0x29, 0xF9, 0x29, 0xF9, 0x29, 0xF9, 0x29, 0xF9, 0x00, 0x00,
    0xAD, 0x75, 0x00, 0x00, 0x00, 0x00, 0x00, 0x00, 0x00, 0x00, 0x00, 0x00, 0x00, 0x00, 0x00, 0x00,
    0x00, 0x00, 0x00, 0x00, 0x00, 0x00, 0x00, 0x00, 0x00, 0x00, 0x00, 0x00, 0x00, 0x00, 0x00, 0x00,
    0x00, 0x00, 0x00, 0x00, 0x00, 0x00, 0x00, 0x00, 0x00, 0x00, 0x00, 0x00, 0x00, 0x00, 0x00, 0x00,
    0x00, 0x00, 0x00, 0x00, 0x00, 0x00, 0x00, 0x00, 0x00, 0x00, 0x00, 0x00, 0x00, 0x00, 0x00, 0x00,
    0x00, 0x00, 0x00, 0x00, 0x00, 0x00, 0x00, 0x00, 0x00, 0x00, 0x00, 0x00, 0x00, 0x00, 0x00, 0x00,
    0x00, 0x00, 0x00, 0x00, 0x00, 0x00, 0x00, 0x00, 0x00, 0x00, 0x00, 0x00, 0x00, 0x00, 0x00, 0x00,
    0x00, 0x00, 0x00, 0x00, 0x00, 0x00, 0x00, 0x00, 0x00, 0x00, 0x00, 0x00, 0x00, 0x00, 0x00, 0x00,
    0x00, 0x00, 0x00, 0x00, 0x00, 0x00, 0x00, 0x00, 0x00, 0x00, 0x00, 0x00, 0x00, 0x00, 0x00, 0x00,
    0x00, 0x00, 0x00, 0x00, 0x00, 0x00, 0x00, 0x00, 0x00, 0x00, 0x00, 0x00, 0x00, 0x00, 0x00, 0x00,
    0x00, 0x00, 0x00, 0x00, 0x00, 0x00, 0xAD, 0x75, 0x00, 0x00, 0x2A, 0x1A, 0x2A, 0x1A, 0x29, 0xF8,
    0x29, 0xD7, 0x29, 0xF9, 0x2A, 0x19, 0x29, 0xF9, 0x2A, 0x1B, 0x2A, 0x1B, 0x29, 0xF8, 0x29, 0xD7,
    0x29, 0xF8, 0x29, 0xF8, 0x29, 0xF8, 0x29, 0xF9, 0x29, 0xF9, 0x29, 0xF8, 0x29, 0xF8, 0x2A, 0x19,
    0x2A, 0x1A, 0x2A, 0x1A, 0x2A, 0x19, 0x29, 0xF9, 0x32, 0x3B, 0x32, 0x3C, 0x32, 0x3C, 0x2A, 0x1B,
    0x2A, 0x1A, 0x2A, 0x1A, 0x2A, 0x1A, 0x2A, 0x1A, 0x2A, 0x1A, 0x2A, 0x1A, 0x2A, 0x1B, 0x2A, 0x1A,
    0x29, 0xF9, 0x29, 0xF8, 0x29, 0xF9, 0x2A, 0x1A, 0x29, 0xF9, 0x29, 0xF8, 0x29, 0xF8, 0x29, 0xF8,
    0x2A, 0x1A, 0x2A, 0x1B, 0x2A, 0x1A, 0x29, 0xF9, 0x29, 0xF9, 0x29, 0xF9, 0x29, 0xF9, 0x2A, 0x1A,
    0x2A, 0x1A, 0x29, 0xF9, 0x29, 0xF9, 0x29, 0xF9, 0x2A, 0x1A, 0x2A, 0x1A, 0x2A, 0x19, 0x29, 0xF9,
    0x29, 0xF9, 0x29, 0xF9, 0x29, 0xF9, 0x2A, 0x1A, 0x2A, 0x1B, 0x2A, 0x1B, 0x2A, 0x1B, 0x2A, 0x1B,
    0x2A, 0x1B, 0x2A, 0x1A, 0x2A, 0x1A, 0x2A, 0x1A, 0x2A, 0x1A, 0x29, 0xF8, 0x29, 0xD7, 0x29, 0xF9,
    0x2A, 0x19, 0x29, 0xF9, 0x2A, 0x1B, 0x2A, 0x1B, 0x21, 0xB5, 0x00, 0x00, 0x53, 0x3A, 0x63, 0xBF,
    0x63, 0xDF, 0x63, 0xDF, 0x63, 0xDF, 0x63, 0xDF, 0x63, 0xDF, 0x63, 0xDF, 0x63, 0xDF, 0x63, 0xDF,
    0x6B, 0xFF, 0x6B, 0xFF, 0x6B, 0xFF, 0x6B, 0xFF, 0x6B, 0xFF, 0x6B, 0xFF, 0x63, 0xDF, 0x6B, 0xFF,
    0x6B, 0xDF, 0x63, 0xBF, 0x63, 0xBE, 0x63, 0xDF, 0x63, 0xDF, 0x63, 0xDF, 0x63, 0xDF, 0x63, 0xDF,
    0x63, 0xBF, 0x63, 0x9E, 0x63, 0xBF, 0x63, 0xBF, 0x63, 0xDF, 0x63, 0xDF, 0x63, 0xDF, 0x63, 0xBF,
    0x63, 0xBF, 0x63, 0xDF, 0x6B, 0xFF, 0x6B, 0xFF, 0x63, 0xDF, 0x63, 0xDF, 0x6B, 0xFF, 0x6C, 0x1F,
    0x6B, 0xFF, 0x6B, 0xFF, 0x6B, 0xFF, 0x63, 0xDF, 0x63, 0xDF, 0x63, 0xDF, 0x63, 0xDF, 0x63, 0xDF,
    0x6B, 0xFF, 0x6B, 0xDF, 0x63, 0xDF, 0x63, 0xDF, 0x63, 0xDF, 0x6B, 0xDF, 0x63, 0xDF, 0x63, 0xDF,
    0x63, 0xBF, 0x63, 0xBF, 0x6B, 0xFF, 0x6B, 0xFF, 0x63, 0xDF, 0x63, 0xDF, 0x63, 0xDF, 0x63, 0xBF,
    0x63, 0xDF, 0x63, 0xDF, 0x63, 0xDF, 0x63, 0xDF, 0x63, 0xDF, 0x63, 0xDF, 0x63, 0xDF, 0x6B, 0xDF,
    0x63, 0xDF, 0x63, 0xDF, 0x63, 0xDF, 0x63, 0xDF, 0x63, 0xDF, 0x63, 0xDF, 0x6B, 0xFF, 0x6B, 0xDF,
    0x2A, 0x1A, 0x2A, 0x1A, 0x2A, 0x1A, 0x2A, 0x1A, 0x2A, 0x1A, 0x29, 0xF9, 0x29, 0xF9, 0x2A, 0x1A,
    0x2A, 0x1A, 0x2A, 0x1A, 0x2A, 0x1A, 0x2A, 0x1B, 0x2A, 0x1B, 0x2A, 0x1A, 0x2A, 0x1A, 0x2A, 0x1A,
    0x29, 0xF9, 0x29, 0xF9, 0x29, 0xF9, 0x29, 0xF9, 0x2A, 0x1A, 0x2A, 0x1B, 0x2A, 0x1A, 0x29, 0xF9,
    0x2A, 0x1A, 0x2A, 0x1A, 0x29, 0xF8, 0x29, 0xF8, 0x2A, 0x1A, 0x2A, 0x1A, 0x2A, 0x1A, 0x32, 0x3B,
    0x2A, 0x1B, 0x2A, 0x1A, 0x2A, 0x1A, 0x32, 0x3B, 0x32, 0x3C, 0x32, 0x3C, 0x2A, 0x1A, 0x2A, 0x19,
    0x32, 0x3B, 0x32, 0x3C, 0x2A, 0x1A, 0x29, 0xF8, 0x29, 0xF9, 0x29, 0xF9, 0x29, 0xF9, 0x2A, 0x19,
    0x2A, 0x1A, 0x2A, 0x1A, 0x2A, 0x1A, 0x2A, 0x1A, 0x29, 0xF9, 0x29, 0xF8, 0x29, 0xF9, 0x2A, 0x1A,
    0x29, 0xF9, 0x29, 0xF8, 0x29, 0xF9, 0x29, 0xF9, 0x2A, 0x1A, 0x32, 0x3B, 0x2A, 0x1A, 0x29, 0xF9,
    0x29, 0xF9, 0x29, 0xF9, 0x29, 0xF9, 0x2A, 0x1A, 0x2A, 0x1A, 0x29, 0xF9, 0x29, 0xF9, 0x29, 0xF9,
    0x2A, 0x1A, 0x2A, 0x1A, 0x2A, 0x1A, 0x29, 0xF9, 0x29, 0xF9, 0x2A, 0x1A, 0x2A, 0x1A, 0x00, 0x00,
    0xAD, 0x75, 0x00, 0x00, 0x00, 0x00, 0x00, 0x00, 0x00, 0x00, 0x00, 0x00, 0x00, 0x00, 0x00, 0x00,
    0x00, 0x00, 0x00, 0x00, 0x00, 0x00, 0x00, 0x00, 0x00, 0x00, 0x00, 0x00, 0x00, 0x00, 0x00, 0x00,
    0x00, 0x00, 0x00, 0x00, 0x00, 0x00, 0x00, 0x00, 0x00, 0x00, 0x00, 0x00, 0x00, 0x00, 0x00, 0x00,
    0x00, 0x00, 0x00, 0x00, 0x00, 0x00, 0x00, 0x00, 0x00, 0x00, 0x00, 0x00, 0x00, 0x00, 0x00, 0x00,
    0x00, 0x00, 0x00, 0x00, 0x00, 0x00, 0x00, 0x00, 0x00, 0x00, 0x00, 0x00, 0x00, 0x00, 0x00, 0x00,
    0x00, 0x00, 0x00, 0x00, 0x00, 0x00, 0x00, 0x00, 0x00, 0x00, 0x00, 0x00, 0x00, 0x00, 0x00, 0x00,
    0x00, 0x00, 0x00, 0x00, 0x00, 0x00, 0x00, 0x00, 0x00, 0x00, 0x00, 0x00, 0x00, 0x00, 0x00, 0x00,
    0x00, 0x00, 0x00, 0x00, 0x00, 0x00, 0x00, 0x00, 0x00, 0x00, 0x00, 0x00, 0x00, 0x00, 0x00, 0x00,
    0x00, 0x00, 0x00, 0x00, 0x00, 0x00, 0x00, 0x00, 0x00, 0x00, 0x00, 0x00, 0x00, 0x00, 0x00, 0x00,
    0x00, 0x00, 0x00, 0x00, 0x00, 0x00, 0xAD, 0x75, 0x00, 0x00, 0x2A, 0x19, 0x2A, 0x1A, 0x29, 0xF9,
    0x2A, 0x1A, 0x32, 0x3B, 0x2A, 0x1B, 0x29, 0xF9, 0x2A, 0x1A, 0x2A, 0x1A, 0x29, 0xF8, 0x29, 0xF8,
    0x2A, 0x1A, 0x2A, 0x1A, 0x2A, 0x1B, 0x32, 0x3B, 0x2A, 0x1B, 0x2A, 0x1A, 0x2A, 0x1A, 0x32, 0x3B,
    0x32, 0x3C, 0x32, 0x3C, 0x2A, 0x1A, 0x2A, 0x19, 0x2A, 0x1B, 0x2A, 0x3B, 0x2A, 0x1A, 0x29, 0xF8,
    0x29, 0xF8, 0x29, 0xF9, 0x29, 0xF9, 0x29, 0xF9, 0x29, 0xF9, 0x29, 0xF9, 0x2A, 0x1A, 0x29, 0xF9,
    0x29, 0xF9, 0x29, 0xF8, 0x29, 0xF9, 0x29, 0xF9, 0x29, 0xF9, 0x29, 0xF8, 0x29, 0xF8, 0x29, 0xF9,
    0x2A, 0x1A, 0x2A, 0x1B, 0x2A, 0x1A, 0x29, 0xF9, 0x29, 0xF9, 0x29, 0xF9, 0x2A, 0x1A, 0x2A, 0x1A,
    0x2A, 0x1A, 0x2A, 0x1A, 0x2A, 0x1A, 0x2A, 0x1A, 0x2A, 0x1A, 0x2A, 0x1B, 0x2A, 0x1A, 0x2A, 0x19,
    0x2A, 0x19, 0x2A, 0x1A, 0x2A, 0x1A, 0x2A, 0x1A, 0x2A, 0x1B, 0x2A, 0x1B, 0x2A, 0x1B, 0x2A, 0x1B,
    0x2A, 0x1B, 0x2A, 0x1A, 0x29, 0xF9, 0x2A, 0x19, 0x2A, 0x1A, 0x29, 0xF9, 0x2A, 0x1A, 0x32, 0x3B,
    0x2A, 0x1B, 0x29, 0xF9, 0x2A, 0x1A, 0x2A, 0x1A, 0x21, 0xB5, 0x00, 0x00, 0x53, 0x3A, 0x63, 0xDF,
    0x63, 0xDF, 0x6B, 0xFF, 0x63, 0xDF, 0x63, 0xDF, 0x63, 0xDF, 0x63, 0xDF, 0x63, 0xDF, 0x63, 0xDF,
    0x6B, 0xFF, 0x6B, 0xFF, 0x6B, 0xFF, 0x6B, 0xFF, 0x6B, 0xFF, 0x6B, 0xFF, 0x63, 0xDF, 0x63, 0xDF,
    0x63, 0xDF, 0x63, 0xDF, 0x63, 0xDF, 0x6B, 0xFF, 0x63, 0xDF, 0x63, 0xDF, 0x63, 0xDF, 0x63, 0xDF,
    0x63, 0xBF, 0x63, 0xBF, 0x63, 0xDF, 0x63, 0xDF, 0x6B, 0xFF, 0x6B, 0xFF, 0x6B, 0xFF, 0x6B, 0xDF,
    0x6B, 0xFF, 0x6B, 0xFF, 0x6C, 0x1F, 0x6C, 0x1F, 0x6B, 0xFF, 0x63, 0xDF, 0x6B, 0xFF, 0x6B, 0xFF,
    0x63, 0xDF, 0x63, 0xBF, 0x63, 0xBF, 0x63, 0xDF, 0x63, 0xBF, 0x63, 0xBF, 0x63, 0xDF, 0x63, 0xDF,
    0x63, 0xDF, 0x63, 0xDF, 0x63, 0xBF, 0x63, 0xBF, 0x63, 0xDF, 0x63, 0xDF, 0x63, 0xDF, 0x63, 0xBF,
    0x63, 0xDF, 0x63, 0xDF, 0x6B, 0xFF, 0x6B, 0xFF, 0x63, 0xDF, 0x63, 0xDF, 0x63, 0xBF, 0x63, 0xDF,
    0x63, 0xDF, 0x63, 0xDF, 0x63, 0xDF, 0x63, 0xDF, 0x63, 0xDF, 0x63, 0xDF, 0x63, 0xDF, 0x6B, 0xFF,
    0x6B, 0xDF, 0x63, 0xDF, 0x63, 0xDF, 0x6B, 0xDF, 0x6B, 0xFF, 0x6B, 0xFF, 0x6B, 0xFF, 0x63, 0xDF,
    0x2A, 0x1A, 0x2A, 0x1B, 0x2A, 0x1B, 0x2A, 0x1B, 0x2A, 0x19, 0x29, 0xF9, 0x29, 0xF9, 0x2A, 0x1A,
    0x2A, 0x1A, 0x2A, 0x1A, 0x2A, 0x1A, 0x2A, 0x1A, 0x2A, 0x1A, 0x2A, 0x1A, 0x2A, 0x19, 0x29, 0xF8,
    0x29, 0xF8, 0x29, 0xF9, 0x2A, 0x1A, 0x2A, 0x19, 0x2A, 0x1A, 0x2A, 0x1B, 0x2A, 0x19, 0x29, 0xF9,
    0x2A, 0x1A, 0x2A, 0x1A, 0x29, 0xF8, 0x29, 0xF9, 0x2A, 0x1A, 0x2A, 0x1A, 0x2A, 0x1B, 0x2A, 0x1B,
    0x2A, 0x1B, 0x2A, 0x1B, 0x2A, 0x1B, 0x2A, 0x3B, 0x2A, 0x3B, 0x32, 0x3B, 0x2A, 0x1A, 0x29, 0xF9,
    0x2A, 0x1A, 0x2A, 0x1A, 0x29, 0xF8, 0x29, 0xD7, 0x29, 0xF9, 0x2A, 0x1A, 0x2A, 0x19, 0x2A, 0x1A,
    0x32, 0x3B, 0x2A, 0x1B, 0x32, 0x3B, 0x2A, 0x1B, 0x2A, 0x1A, 0x29, 0xF9, 0x2A, 0x1A, 0x2A, 0x1A,
    0x29, 0xF9, 0x29, 0xF9, 0x2A, 0x1A, 0x2A, 0x1B, 0x2A, 0x1B, 0x2A, 0x3B, 0x2A, 0x1B, 0x29, 0xF9,
    0x29, 0xF8, 0x29, 0xF9, 0x2A, 0x19, 0x2A, 0x1A, 0x2A, 0x19, 0x2A, 0x1A, 0x2A, 0x1B, 0x2A, 0x1B,
    0x2A, 0x1B, 0x2A, 0x1A, 0x2A, 0x19, 0x29, 0xF9, 0x29, 0xF9, 0x2A, 0x1A, 0x2A, 0x1A, 0x00, 0x00,
    0xAD, 0x75, 0x00, 0x00, 0x00, 0x00, 0x00, 0x00, 0x00, 0x00, 0x00, 0x00, 0x00, 0x00, 0x00, 0x00,
    0x00, 0x00, 0x00, 0x00, 0x00, 0x00, 0x00, 0x00, 0x00, 0x00, 0x00, 0x00, 0x00, 0x00, 0x00, 0x00,
    0x00, 0x00, 0x00, 0x00, 0x00, 0x00, 0x00, 0x00, 0x00, 0x00, 0x00, 0x00, 0x00, 0x00, 0x00, 0x00,
    0x00, 0x00, 0x00, 0x00, 0x00, 0x00, 0x00, 0x00, 0x00, 0x00, 0x00, 0x00, 0x00, 0x00, 0x00, 0x00,
    0x00, 0x00, 0x00, 0x00, 0x00, 0x00, 0x00, 0x00, 0x00, 0x00, 0x00, 0x00, 0x00, 0x00, 0x00, 0x00,
    0x00, 0x00, 0x00, 0x00, 0x00, 0x00, 0x00, 0x00, 0x00, 0x00, 0x00, 0x00, 0x00, 0x00, 0x00, 0x00,
    0x00, 0x00, 0x00, 0x00, 0x00, 0x00, 0x00, 0x00, 0x00, 0x00, 0x00, 0x00, 0x00, 0x00, 0x00, 0x00,
    0x00, 0x00, 0x00, 0x00, 0x00, 0x00, 0x00, 0x00, 0x00, 0x00, 0x00, 0x00, 0x00, 0x00, 0x00, 0x00,
    0x00, 0x00, 0x00, 0x00, 0x00, 0x00, 0x00, 0x00, 0x00, 0x00, 0x00, 0x00, 0x00, 0x00, 0x00, 0x00,
    0x00, 0x00, 0x00, 0x00, 0x00, 0x00, 0xAD, 0x75, 0x00, 0x00, 0x2A, 0x1A, 0x2A, 0x1A, 0x2A, 0x1A,
    0x2A, 0x1A, 0x32, 0x3B, 0x2A, 0x1A, 0x2A, 0x1A, 0x2A, 0x1B, 0x2A, 0x1B, 0x29, 0xF8, 0x29, 0xF9,
    0x2A, 0x1A, 0x2A, 0x1A, 0x2A, 0x1B, 0x2A, 0x1B, 0x2A, 0x1B, 0x2A, 0x1B, 0x2A, 0x1B, 0x2A, 0x3B,
    0x2A, 0x3B, 0x2A, 0x1B, 0x2A, 0x1A, 0x29, 0xF8, 0x2A, 0x19, 0x2A, 0x1A, 0x29, 0xF8, 0x29, 0xD7,
    0x29, 0xF8, 0x2A, 0x19, 0x29, 0xF9, 0x2A, 0x1A, 0x2A, 0x1A, 0x2A, 0x1A, 0x2A, 0x1A, 0x2A, 0x1A,
    0x29, 0xF9, 0x29, 0xF9, 0x2A, 0x19, 0x2A, 0x1A, 0x29, 0xF9, 0x29, 0xF8, 0x2A, 0x19, 0x2A, 0x1A,
    0x2A, 0x1B, 0x2A, 0x3B, 0x2A, 0x1A, 0x29, 0xF9, 0x29, 0xF8, 0x29, 0xF9, 0x2A, 0x1A, 0x2A, 0x1A,
    0x2A, 0x1A, 0x2A, 0x1A, 0x2A, 0x1B, 0x2A, 0x1B, 0x2A, 0x1B, 0x2A, 0x1B, 0x2A, 0x1A, 0x2A, 0x19,
    0x2A, 0x1A, 0x2A, 0x1A, 0x2A, 0x1A, 0x2A, 0x1A, 0x2A, 0x1A, 0x2A, 0x1B, 0x2A, 0x1B, 0x2A, 0x1A,
    0x2A, 0x1A, 0x29, 0xF9, 0x29, 0xF8, 0x2A, 0x1A, 0x2A, 0x1A, 0x2A, 0x1A, 0x2A, 0x1A, 0x2A, 0x1B,
    0x2A, 0x1A, 0x29, 0xF9, 0x2A, 0x1B, 0x2A, 0x1A, 0x21, 0xB5, 0x00, 0x00, 0x53, 0x3A, 0x6B, 0xFF,
    0x6B, 0xFF, 0x6B, 0xDF, 0x63, 0xDF, 0x63, 0xBF, 0x63, 0xDF, 0x63, 0xDF, 0x63, 0xDF, 0x63, 0xDF,
    0x63, 0xDF, 0x6B, 0xFF, 0x6B, 0xFF, 0x63, 0xDF, 0x6B, 0xDF, 0x63, 0xDF, 0x63, 0xBF, 0x63, 0xDF,
    0x63, 0xDF, 0x63, 0xDF, 0x6B, 0xFF, 0x6B, 0xFF, 0x63, 0xDF, 0x63, 0xDF, 0x6B, 0xDF, 0x63, 0xDF,
    0x63, 0xBE, 0x63, 0xBF, 0x63, 0xDF, 0x6B, 0xFF, 0x6B, 0xFF, 0x6B, 0xFF, 0x6B, 0xFF, 0x6B, 0xFF,
    0x6B, 0xFF, 0x6C, 0x1F, 0x6B, 0xFF, 0x6B, 0xFF, 0x6B, 0xDF, 0x63, 0xBF, 0x63, 0xDF, 0x63, 0xDF,
    0x63, 0xBF, 0x63, 0x9E, 0x63, 0xBF, 0x63, 0xDF, 0x63, 0xDF, 0x63, 0xDF, 0x6B, 0xDF, 0x6B, 0xFF,
    0x6B, 0xFF, 0x6B, 0xFF, 0x63, 0xDF, 0x63, 0xDF, 0x63, 0xDF, 0x6B, 0xFF, 0x63, 0xDF, 0x63, 0xDF,
    0x6B, 0xFF, 0x6B, 0xFF, 0x6B, 0xFF, 0x6B, 0xFF, 0x6B, 0xFF, 0x63, 0xDF, 0x63, 0xBF, 0x63, 0xBF,
    0x63, 0xDF, 0x63, 0xDF, 0x63, 0xDF, 0x63, 0xDF, 0x6B, 0xFF, 0x6B, 0xFF, 0x6B, 0xFF, 0x6B, 0xFF,
    0x63, 0xDF, 0x63, 0xDF, 0x63, 0xDF, 0x6B, 0xFF, 0x6B, 0xFF, 0x6B, 0xFF, 0x63, 0xDF, 0x63, 0xDF,
    0x2A, 0x19, 0x2A, 0x1A, 0x2A, 0x19, 0x29, 0xF9, 0x29, 0xF8, 0x29, 0xF8, 0x29, 0xF9, 0x29, 0xF9,
    0x29, 0xF9, 0x29, 0xF8, 0x29, 0xF9, 0x2A, 0x19, 0x2A, 0x19, 0x29, 0xF8, 0x29, 0xD7, 0x29, 0xD7,
    0x29, 0xF8, 0x29, 0xF9, 0x2A, 0x19, 0x29, 0xF8, 0x29, 0xF9, 0x2A, 0x19, 0x29, 0xF9, 0x29, 0xF9,
    0x2A, 0x1A, 0x2A, 0x1A, 0x29, 0xF8, 0x2A, 0x1A, 0x2A, 0x1B, 0x2A, 0x1A, 0x2A, 0x1A, 0x2A, 0x1A,
    0x2A, 0x1A, 0x29, 0xF9, 0x2A, 0x19, 0x29, 0xF9, 0x29, 0xF8, 0x29, 0xF8, 0x29, 0xF8, 0x29, 0xF8,
    0x2A, 0x19, 0x29, 0xF9, 0x29, 0xF8, 0x29, 0xF8, 0x2A, 0x1A, 0x2A, 0x1A, 0x2A, 0x1A, 0x2A, 0x1A,
    0x2A, 0x1B, 0x2A, 0x1B, 0x2A, 0x1B, 0x2A, 0x1A, 0x29, 0xF9, 0x29, 0xF9, 0x2A, 0x1A, 0x2A, 0x1A,
    0x29, 0xF9, 0x29, 0xF9, 0x2A, 0x1A, 0x2A, 0x3B, 0x2A, 0x3B, 0x2A, 0x1B, 0x2A, 0x19, 0x29, 0xD7,
    0x29, 0xD7, 0x29, 0xF9, 0x2A, 0x1A, 0x2A, 0x19, 0x2A, 0x1A, 0x2A, 0x1A, 0x2A, 0x1A, 0x2A, 0x1A,
    0x2A, 0x19, 0x29, 0xF9, 0x29, 0xF8, 0x29, 0xF8, 0x29, 0xF8, 0x29, 0xF9, 0x29, 0xF9, 0x00, 0x00,
    0xAD, 0x75, 0x00, 0x00, 0x00, 0x00, 0x00, 0x00, 0x00, 0x00, 0x00, 0x00, 0x00, 0x00, 0x00, 0x00,
    0x00, 0x00, 0x00, 0x00, 0x00, 0x00, 0x00, 0x00, 0x00, 0x00, 0x00, 0x00, 0x00, 0x00, 0x00, 0x00,
    0x00, 0x00, 0x00, 0x00, 0x00, 0x00, 0x00, 0x00, 0x00, 0x00, 0x00, 0x00, 0x00, 0x00, 0x00, 0x00,
    0x00, 0x00, 0x00, 0x00, 0x00, 0x00, 0x00, 0x00, 0x00, 0x00, 0x00, 0x00, 0x00, 0x00, 0x00, 0x00,
    0x00, 0x00, 0x00, 0x00, 0x00, 0x00, 0x00, 0x00, 0x00, 0x00, 0x00, 0x00, 0x00, 0x00, 0x00, 0x00,
    0x00, 0x00, 0x00, 0x00, 0x00, 0x00, 0x00, 0x00, 0x00, 0x00, 0x00, 0x00, 0x00, 0x00, 0x00, 0x00,
    0x00, 0x00, 0x00, 0x00, 0x00, 0x00, 0x00, 0x00, 0x00, 0x00, 0x00, 0x00, 0x00, 0x00, 0x00, 0x00,
    0x00, 0x00, 0x00, 0x00, 0x00, 0x00, 0x00, 0x00, 0x00, 0x00, 0x00, 0x00, 0x00, 0x00, 0x00, 0x00,
    0x00, 0x00, 0x00, 0x00, 0x00, 0x00, 0x00, 0x00, 0x00, 0x00, 0x00, 0x00, 0x00, 0x00, 0x00, 0x00,
    0x00, 0x00, 0x00, 0x00, 0x00, 0x00, 0xAD, 0x75, 0x00, 0x00, 0x29, 0xF9, 0x2A, 0x1A, 0x29, 0xF9,
    0x2A, 0x19, 0x2A, 0x1A, 0x2A, 0x19, 0x2A, 0x1A, 0x32, 0x3B, 0x2A, 0x1A, 0x29, 0xF9, 0x2A, 0x1A,
    0x2A, 0x1B, 0x2A, 0x1A, 0x2A, 0x1A, 0x2A, 0x1A, 0x2A, 0x1A, 0x29, 0xF9, 0x2A, 0x1A, 0x29, 0xF9,
    0x29, 0xF8, 0x29, 0xF8, 0x29, 0xF8, 0x29, 0xF8, 0x29, 0xF9, 0x29, 0xF9, 0x29, 0xF8, 0x29, 0xF8,
    0x29, 0xF9, 0x2A, 0x1A, 0x2A, 0x19, 0x2A, 0x1A, 0x2A, 0x1A, 0x2A, 0x1A, 0x2A, 0x1A, 0x2A, 0x1A,
    0x29, 0xF8, 0x29, 0xF8, 0x2A, 0x19, 0x2A, 0x19, 0x29, 0xF9, 0x29, 0xF8, 0x2A, 0x1A, 0x2A, 0x3B,
    0x2A, 0x3B, 0x2A, 0x1A, 0x2A, 0x19, 0x29, 0xD7, 0x29, 0xD7, 0x29, 0xF9, 0x2A, 0x1A, 0x2A, 0x1A,
    0x2A, 0x1A, 0x2A, 0x1A, 0x2A, 0x1B, 0x2A, 0x1A, 0x2A, 0x19, 0x29, 0xF9, 0x29, 0xF9, 0x29, 0xF9,
    0x29, 0xF9, 0x29, 0xF9, 0x2A, 0x1A, 0x29, 0xF9, 0x2A, 0x1A, 0x2A, 0x1A, 0x2A, 0x1A, 0x29, 0xF9,
    0x29, 0xF8, 0x29, 0xD7, 0x29, 0xF8, 0x29, 0xF9, 0x2A, 0x1A, 0x29, 0xF9, 0x29, 0xF9, 0x2A, 0x19,
    0x29, 0xF9, 0x29, 0xF9, 0x2A, 0x1A, 0x2A, 0x1A, 0x21, 0xB5, 0x00, 0x00, 0x53, 0x3A, 0x6B, 0xFF,
    0x63, 0xDF, 0x63, 0xBF, 0x63, 0xBF, 0x63, 0xBF, 0x63, 0xBF, 0x63, 0xDF, 0x63, 0xDF, 0x63, 0xBF,
    0x63, 0xDF, 0x63, 0xDF, 0x63, 0xDF, 0x63, 0xDF, 0x63, 0xBF, 0x63, 0xBF, 0x63, 0xBF, 0x63, 0xDF,
    0x63, 0xDF, 0x63, 0xDF, 0x63, 0xDF, 0x63, 0xDF, 0x63, 0xBF, 0x63, 0xDF, 0x6B, 0xDF, 0x63, 0xDF,
    0x63, 0xBF, 0x63, 0xDF, 0x6B, 0xFF, 0x6B, 0xDF, 0x63, 0xDF, 0x6B, 0xFF, 0x63, 0xDF, 0x63, 0xDF,
    0x6B, 0xDF, 0x63, 0xDF, 0x63, 0xDF, 0x63, 0xDF, 0x63, 0xBF, 0x63, 0xBF, 0x63, 0xDF, 0x63, 0xDF,
    0x63, 0xBF, 0x63, 0xBF, 0x63, 0xDF, 0x6B, 0xDF, 0x63, 0xDF, 0x63, 0xDF, 0x6B, 0xFF, 0x6B, 0xFF,
    0x6B, 0xDF, 0x6B, 0xFF, 0x63, 0xDF, 0x63, 0xDF, 0x63, 0xDF, 0x6B, 0xFF, 0x63, 0xDF, 0x63, 0xDF,
    0x6B, 0xFF, 0x6B, 0xFF, 0x6B, 0xFF, 0x6B, 0xFF, 0x63, 0xDF, 0x63, 0x9E, 0x63, 0x9E, 0x63, 0xDF,
    0x63, 0xDF, 0x63, 0xDF, 0x63, 0xDF, 0x6B, 0xDF, 0x6B, 0xFF, 0x6B, 0xFF, 0x63, 0xDF, 0x63, 0xDF,
    0x63, 0xDF, 0x63, 0xDF, 0x63, 0xDF, 0x63, 0xDF, 0x63, 0xDF, 0x63, 0xDF, 0x63, 0xDF, 0x63, 0xDF,
    0x2A, 0x19, 0x29, 0xF8, 0x29, 0xF8, 0x29, 0xF8, 0x29, 0xF8, 0x29, 0xF8, 0x29, 0xF8, 0x2A, 0x19,
    0x2A, 0x19, 0x29, 0xF9, 0x29, 0xF9, 0x29, 0xF9, 0x29, 0xF9, 0x29, 0xF8, 0x29, 0xD7, 0x29, 0xD7,
    0x29, 0xF8, 0x29, 0xF9, 0x29, 0xF8, 0x29, 0xF8, 0x29, 0xF8, 0x29, 0xF8, 0x29, 0xF9, 0x29, 0xF9,
    0x2A, 0x19, 0x29, 0xF9, 0x29, 0xF8, 0x2A, 0x1A, 0x2A, 0x1A, 0x29, 0xF9, 0x29, 0xF9, 0x2A, 0x1A,
    0x2A, 0x1A, 0x2A, 0x1A, 0x2A, 0x19, 0x29, 0xF9, 0x29, 0xF8, 0x29, 0xF8, 0x29, 0xF9, 0x29, 0xF9,
    0x29, 0xF9, 0x29, 0xF9, 0x29, 0xF9, 0x2A, 0x1A, 0x2A, 0x1B, 0x2A, 0x1B, 0x2A, 0x1A, 0x2A, 0x1A,
    0x2A, 0x1A, 0x29, 0xF9, 0x29, 0xF9, 0x29, 0xF9, 0x29, 0xF8, 0x29, 0xF8, 0x29, 0xF9, 0x29, 0xF9,
    0x29, 0xF8, 0x29, 0xF9, 0x2A, 0x1A, 0x2A, 0x1A, 0x2A, 0x19, 0x2A, 0x19, 0x29, 0xF8, 0x29, 0xD7,
    0x29, 0xF8, 0x2A, 0x1A, 0x2A, 0x1A, 0x2A, 0x1A, 0x2A, 0x1A, 0x2A, 0x1A, 0x29, 0xF9, 0x29, 0xF8,
    0x29, 0xD8, 0x29, 0xF8, 0x29, 0xF8, 0x29, 0xF8, 0x29, 0xF8, 0x2A, 0x19, 0x29, 0xF9, 0x00, 0x00,
    0xAD, 0x75, 0x00, 0x00, 0x00, 0x00, 0x00, 0x00, 0x00, 0x00, 0x00, 0x00, 0x00, 0x00, 0x00, 0x00,
    0x00, 0x00, 0x00, 0x00, 0x00, 0x00, 0x00, 0x00, 0x00, 0x00, 0x00, 0x00, 0x00, 0x00, 0x00, 0x00,
    0x00, 0x00, 0x00, 0x00, 0x00, 0x00, 0x00, 0x00, 0x00, 0x00, 0x00, 0x00, 0x00, 0x00, 0x00, 0x00,
    0x00, 0x00, 0x00, 0x00, 0x00, 0x00, 0x00, 0x00, 0x00, 0x00, 0x00, 0x00, 0x00, 0x00, 0x00, 0x00,
    0x00, 0x00, 0x00, 0x00, 0x00, 0x00, 0x00, 0x00, 0x00, 0x00, 0x00, 0x00, 0x00, 0x00, 0x00, 0x00,
    0x00, 0x00, 0x00, 0x00, 0x00, 0x00, 0x00, 0x00, 0x00, 0x00, 0x00, 0x00, 0x00, 0x00, 0x00, 0x00,
    0x00, 0x00, 0x00, 0x00, 0x00, 0x00, 0x00, 0x00, 0x00, 0x00, 0x00, 0x00, 0x00, 0x00, 0x00, 0x00,
    0x00, 0x00, 0x00, 0x00, 0x00, 0x00, 0x00, 0x00, 0x00, 0x00, 0x00, 0x00, 0x00, 0x00, 0x00, 0x00,
    0x00, 0x00, 0x00, 0x00, 0x00, 0x00, 0x00, 0x00, 0x00, 0x00, 0x00, 0x00, 0x00, 0x00, 0x00, 0x00,
    0x00, 0x00, 0x00, 0x00, 0x00, 0x00, 0xAD, 0x75, 0x00, 0x00, 0x29, 0xF9, 0x29, 0xF9, 0x29, 0xF8,
    0x29, 0xF8, 0x29, 0xF9, 0x29, 0xF9, 0x29, 0xF9, 0x2A, 0x1A, 0x29, 0xF9, 0x29, 0xF9, 0x2A, 0x1B,
    0x2A, 0x1B, 0x29, 0xF9, 0x29, 0xF9, 0x2A, 0x1A, 0x2A, 0x1A, 0x2A, 0x1A, 0x2A, 0x19, 0x29, 0xF9,
    0x29, 0xF8, 0x29, 0xF8, 0x29, 0xF9, 0x29, 0xF8, 0x29, 0xF8, 0x29, 0xF9, 0x29, 0xF9, 0x2A, 0x19,
    0x2A, 0x1A, 0x2A, 0x1A, 0x2A, 0x19, 0x2A, 0x19, 0x2A, 0x1A, 0x29, 0xF9, 0x29, 0xF8, 0x29, 0xF9,
    0x29, 0xF8, 0x29, 0xF8, 0x29, 0xF9, 0x29, 0xF9, 0x29, 0xD8, 0x29, 0xF8, 0x2A, 0x1A, 0x2A, 0x1A,
    0x2A, 0x19, 0x2A, 0x19, 0x29, 0xF8, 0x29, 0xD7, 0x29, 0xF8, 0x2A, 0x1A, 0x2A, 0x1A, 0x2A, 0x1A,
    0x2A, 0x1A, 0x2A, 0x1A, 0x2A, 0x19, 0x29, 0xF9, 0x29, 0xF8, 0x29, 0xF8, 0x29, 0xF8, 0x29, 0xF9,
    0x29, 0xF9, 0x2A, 0x19, 0x2A, 0x1A, 0x29, 0xF9, 0x29, 0xF9, 0x29, 0xF9, 0x29, 0xF9, 0x29, 0xF8,
    0x29, 0xD8, 0x29, 0xF8, 0x29, 0xF9, 0x29, 0xF9, 0x29, 0xF9, 0x29, 0xF8, 0x29, 0xF8, 0x29, 0xF9,
    0x29, 0xF9, 0x29, 0xF9, 0x2A, 0x1A, 0x29, 0xF9, 0x21, 0xB5, 0x00, 0x00, 0x53, 0x1A, 0x63, 0xBF,
    0x63, 0xBE, 0x63, 0xBF, 0x63, 0xBF, 0x63, 0xBF, 0x63, 0xBF, 0x63, 0xBF, 0x63, 0xDF, 0x63, 0xBF,
    0x63, 0xDF, 0x63, 0xDF, 0x63, 0xDF, 0x63, 0xBF, 0x63, 0xBF, 0x63, 0xBF, 0x63, 0xDF, 0x63, 0xDF,
    0x63, 0xDF, 0x63, 0xBF, 0x63, 0xBF, 0x63, 0xBF, 0x63, 0xBF, 0x63, 0xBF, 0x63, 0xDF, 0x63, 0xBF,
    0x63, 0xBF, 0x63, 0xDF, 0x6B, 0xFF, 0x63, 0xDF, 0x63, 0xDF, 0x63, 0xDF, 0x63, 0xDF, 0x63, 0xDF,
    0x63, 0xDF, 0x63, 0xDF, 0x63, 0xBF, 0x63, 0xBF, 0x63, 0xDF, 0x63, 0xDF, 0x63, 0xDF, 0x63, 0xDF,
    0x63, 0xDF, 0x63, 0xDF, 0x63, 0xDF, 0x6B, 0xDF, 0x63, 0xDF, 0x63, 0xDF, 0x63, 0xDF, 0x63, 0xDF,
    0x63, 0xBF, 0x63, 0xDF, 0x63, 0xBF, 0x63, 0xBF, 0x63, 0xDF, 0x63, 0xDF, 0x63, 0xBF, 0x63, 0xDF,
    0x63, 0xDF, 0x6B, 0xFF, 0x63, 0xDF, 0x63, 0xDF, 0x63, 0xBF, 0x63, 0x9E, 0x63, 0xBE, 0x63, 0xDF,
    0x63, 0xDF, 0x63, 0xDF, 0x63, 0xDF, 0x63, 0xDF, 0x63, 0xDF, 0x63, 0xBF, 0x63, 0xBF, 0x63, 0xBF,
    0x63, 0xDF, 0x63, 0xDF, 0x63, 0xDF, 0x6B, 0xDF, 0x63, 0xDF, 0x63, 0xDF, 0x63, 0xDF, 0x63, 0xDF,
    0x2A, 0x19, 0x29, 0xF8, 0x29, 0xF8, 0x29, 0xF8, 0x29, 0xF9, 0x29, 0xF9, 0x29, 0xF9, 0x2A, 0x1A,
    0x2A, 0x19, 0x29, 0xF9, 0x29, 0xF9, 0x29, 0xF9, 0x29, 0xF9, 0x29, 0xF9, 0x29, 0xF8, 0x29, 0xF9,
    0x29, 0xF9, 0x29, 0xF9, 0x29, 0xF9, 0x2A, 0x19, 0x29, 0xF9, 0x29, 0xF9, 0x29, 0xF9, 0x29, 0xF9,
    0x29, 0xF9, 0x29, 0xF9, 0x29, 0xF9, 0x2A, 0x1A, 0x2A, 0x19, 0x29, 0xF8, 0x29, 0xF8, 0x2A, 0x1A,
    0x2A, 0x1A, 0x2A, 0x1A, 0x2A, 0x1A, 0x2A, 0x19, 0x29, 0xF9, 0x2A, 0x1A, 0x2A, 0x1A, 0x2A, 0x19,
    0x29, 0xF8, 0x2A, 0x19, 0x2A, 0x1A, 0x2A, 0x1A, 0x2A, 0x3B, 0x2A, 0x3B, 0x2A, 0x19, 0x29, 0xF9,
    0x2A, 0x19, 0x29, 0xF8, 0x29, 0xF8, 0x29, 0xF8, 0x29, 0xF8, 0x29, 0xF8, 0x2A, 0x19, 0x29, 0xF9,
    0x29, 0xF8, 0x2A, 0x19, 0x2A, 0x1A, 0x29, 0xF9, 0x29, 0xF8, 0x29, 0xF8, 0x29, 0xF8, 0x29, 0xF8,
    0x2A, 0x1A, 0x32, 0x3B, 0x2A, 0x1B, 0x2A, 0x1A, 0x2A, 0x1A, 0x29, 0xF9, 0x29, 0xF9, 0x29, 0xF8,
    0x29, 0xF8, 0x29, 0xF8, 0x29, 0xF9, 0x29, 0xF9, 0x29, 0xF9, 0x2A, 0x1A, 0x2A, 0x19, 0x00, 0x00,
    0xAD, 0x75, 0x00, 0x00, 0x00, 0x00, 0x00, 0x00, 0x00, 0x00, 0x00, 0x00, 0x00, 0x00, 0x00, 0x00,
    0x00, 0x00, 0x00, 0x00, 0x00, 0x00, 0x00, 0x00, 0x00, 0x00, 0x00, 0x00, 0x00, 0x00, 0x00, 0x00,
    0x00, 0x00, 0x00, 0x00, 0x00, 0x00, 0x00, 0x00, 0x00, 0x00, 0x00, 0x00, 0x00, 0x00, 0x00, 0x00,
    0x00, 0x00, 0x00, 0x00, 0x00, 0x00, 0x00, 0x00, 0x00, 0x00, 0x00, 0x00, 0x00, 0x00, 0x00, 0x00,
    0x00, 0x00, 0x00, 0x00, 0x00, 0x00, 0x00, 0x00, 0x00, 0x00, 0x00, 0x00, 0x00, 0x00, 0x00, 0x00,
    0x00, 0x00, 0x00, 0x00, 0x00, 0x00, 0x00, 0x00, 0x00, 0x00, 0x00, 0x00, 0x00, 0x00, 0x00, 0x00,
    0x00, 0x00, 0x00, 0x00, 0x00, 0x00, 0x00, 0x00, 0x00, 0x00, 0x00, 0x00, 0x00, 0x00, 0x00, 0x00,
    0x00, 0x00, 0x00, 0x00, 0x00, 0x00, 0x00, 0x00, 0x00, 0x00, 0x00, 0x00, 0x00, 0x00, 0x00, 0x00,
    0x00, 0x00, 0x00, 0x00, 0x00, 0x00, 0x00, 0x00, 0x00, 0x00, 0x00, 0x00, 0x00, 0x00, 0x00, 0x00,
    0x00, 0x00, 0x00, 0x00, 0x00, 0x00, 0xAD, 0x75, 0x00, 0x00, 0x29, 0xF9, 0x29, 0xF9, 0x2A, 0x1A,
    0x2A, 0x19, 0x29, 0xF9, 0x29, 0xF9, 0x29, 0xF9, 0x29, 0xF9, 0x2A, 0x19, 0x2A, 0x19, 0x2A, 0x1A,
    0x2A, 0x19, 0x29, 0xF8, 0x29, 0xF8, 0x2A, 0x1A, 0x2A, 0x1A, 0x2A, 0x1A, 0x2A, 0x1A, 0x2A, 0x19,
    0x29, 0xF9, 0x2A, 0x1A, 0x2A, 0x1A, 0x29, 0xF9, 0x29, 0xF8, 0x2A, 0x19, 0x2A, 0x1A, 0x2A, 0x1A,
    0x2A, 0x1B, 0x2A, 0x1A, 0x29, 0xF9, 0x29, 0xF9, 0x29, 0xF9, 0x29, 0xF8, 0x29, 0xD7, 0x29, 0xF8,
    0x29, 0xF8, 0x29, 0xF8, 0x29, 0xF9, 0x29, 0xF9, 0x29, 0xF8, 0x29, 0xF9, 0x2A, 0x1A, 0x29, 0xF9,
    0x29, 0xD8, 0x29, 0xD8, 0x29, 0xF8, 0x29, 0xF8, 0x2A, 0x1A, 0x32, 0x3B, 0x2A, 0x1B, 0x2A, 0x1A,
    0x2A, 0x1A, 0x2A, 0x19, 0x29, 0xF9, 0x29, 0xF8, 0x29, 0xF8, 0x29, 0xF8, 0x2A, 0x19, 0x2A, 0x19,
    0x2A, 0x19, 0x2A, 0x1A, 0x2A, 0x1A, 0x29, 0xF9, 0x2A, 0x19, 0x2A, 0x1A, 0x2A, 0x19, 0x29, 0xF9,
    0x29, 0xF9, 0x29, 0xF9, 0x2A, 0x19, 0x29, 0xF9, 0x29, 0xF9, 0x2A, 0x19, 0x2A, 0x19, 0x29, 0xF9,
    0x29, 0xF9, 0x29, 0xF9, 0x29, 0xF9, 0x2A, 0x19, 0x21, 0xB4, 0x00, 0x00, 0x53, 0x1A, 0x63, 0xBF,
    0x63, 0xBF, 0x63, 0xBF, 0x63, 0xBF, 0x63, 0xDF, 0x63, 0xDF, 0x63, 0xDF, 0x63, 0xDF, 0x63, 0xDF,
    0x63, 0xDF, 0x63, 0xDF, 0x63, 0xDF, 0x63, 0xDF, 0x63, 0xDF, 0x63, 0xDF, 0x63, 0xDF, 0x63, 0xDF,
    0x63, 0xDF, 0x63, 0xDF, 0x63, 0xDF, 0x63, 0xDF, 0x63, 0xBF, 0x63, 0xBF, 0x63, 0xBF, 0x63, 0xDF,
    0x63, 0xDF, 0x63, 0xDF, 0x63, 0xBF, 0x63, 0xBE, 0x63, 0xBF, 0x63, 0xDF, 0x63, 0xDF, 0x6B, 0xFF,
    0x6B, 0xFF, 0x63, 0xDF, 0x63, 0xDF, 0x63, 0xDF, 0x6B, 0xFF, 0x63, 0xDF, 0x63, 0xBF, 0x63, 0xDF,
    0x6B, 0xDF, 0x63, 0xDF, 0x6B, 0xFF, 0x6B, 0xDF, 0x63, 0xBF, 0x63, 0xBF, 0x63, 0xBF, 0x63, 0xBF,
    0x63, 0xBE, 0x63, 0xBF, 0x63, 0xBF, 0x63, 0xDF, 0x63, 0xDF, 0x63, 0xDF, 0x63, 0xDF, 0x63, 0xDF,
    0x6B, 0xFF, 0x63, 0xDF, 0x63, 0xBF, 0x63, 0xBF, 0x63, 0xBF, 0x63, 0xBF, 0x63, 0xDF, 0x6B, 0xFF,
    0x6B, 0xFF, 0x63, 0xDF, 0x63, 0xDF, 0x63, 0xDF, 0x63, 0xBF, 0x63, 0xBF, 0x63, 0xBF, 0x63, 0xBF,
    0x63, 0xDF, 0x63, 0xDF, 0x63, 0xDF, 0x63, 0xDF, 0x63, 0xDF, 0x63, 0xDF, 0x63, 0xDF, 0x63, 0xDF,
    0x29, 0xF9, 0x29, 0xF9, 0x29, 0xF9, 0x29, 0xF9, 0x29, 0xF9, 0x2A, 0x19, 0x29, 0xF9, 0x29, 0xF9,
    0x29, 0xF9, 0x29, 0xF8, 0x29, 0xF9, 0x2A, 0x19, 0x29, 0xF9, 0x29, 0xF9, 0x29, 0xF9, 0x29, 0xF8,
    0x2A, 0x19, 0x2A, 0x1A, 0x2A, 0x1A, 0x32, 0x1B, 0x2A, 0x1A, 0x29, 0xF8, 0x2A, 0x19, 0x2A, 0x19,
    0x29, 0xF9, 0x2A, 0x1A, 0x2A, 0x1A, 0x2A, 0x19, 0x29, 0xF9, 0x29, 0xF9, 0x2A, 0x1A, 0x2A, 0x1A,
    0x2A, 0x19, 0x29, 0xF9, 0x29, 0xF9, 0x29, 0xD8, 0x29, 0xF7, 0x29, 0xF8, 0x29, 0xF8, 0x29, 0xF7,
    0x29, 0xF8, 0x2A, 0x19, 0x2A, 0x1A, 0x2A, 0x1A, 0x2A, 0x1A, 0x2A, 0x1A, 0x29, 0xF8, 0x29, 0xF8,
    0x29, 0xF9, 0x29, 0xF9, 0x29, 0xF8, 0x29, 0xF9, 0x29, 0xF9, 0x29, 0xF9, 0x2A, 0x19, 0x2A, 0x19,
    0x29, 0xF9, 0x2A, 0x1A, 0x2A, 0x1A, 0x29, 0xF8, 0x29, 0xD8, 0x29, 0xF8, 0x29, 0xF9, 0x29, 0xF9,
    0x2A, 0x1A, 0x2A, 0x1A, 0x2A, 0x1A, 0x29, 0xF9, 0x29, 0xF9, 0x29, 0xF8, 0x29, 0xF8, 0x29, 0xF8,
    0x29, 0xF8, 0x29, 0xF8, 0x29, 0xF9, 0x2A, 0x19, 0x29, 0xF9, 0x29, 0xF9, 0x29, 0xF9, 0x00, 0x00,
    0xAD, 0x75, 0x00, 0x00, 0x00, 0x00, 0x00, 0x00, 0x00, 0x00, 0x00, 0x00, 0x00, 0x00, 0x00, 0x00,
    0x00, 0x00, 0x00, 0x00, 0x00, 0x00, 0x00, 0x00, 0x00, 0x00, 0x00, 0x00, 0x00, 0x00, 0x00, 0x00,
    0x00, 0x00, 0x00, 0x00, 0x00, 0x00, 0x00, 0x00, 0x00, 0x00, 0x00, 0x00, 0x00, 0x00, 0x00, 0x00,
    0x00, 0x00, 0x00, 0x00, 0x00, 0x00, 0x00, 0x00, 0x00, 0x00, 0x00, 0x00, 0x00, 0x00, 0x00, 0x00,
    0x00, 0x00, 0x00, 0x00, 0x00, 0x00, 0x00, 0x00, 0x00, 0x00, 0x00, 0x00, 0x00, 0x00, 0x00, 0x00,
    0x00, 0x00, 0x00, 0x00, 0x00, 0x00, 0x00, 0x00, 0x00, 0x00, 0x00, 0x00, 0x00, 0x00, 0x00, 0x00,
    0x00, 0x00, 0x00, 0x00, 0x00, 0x00, 0x00, 0x00, 0x00, 0x00, 0x00, 0x00, 0x00, 0x00, 0x00, 0x00,
    0x00, 0x00, 0x00, 0x00, 0x00, 0x00, 0x00, 0x00, 0x00, 0x00, 0x00, 0x00, 0x00, 0x00, 0x00, 0x00,
    0x00, 0x00, 0x00, 0x00, 0x00, 0x00, 0x00, 0x00, 0x00, 0x00, 0x00, 0x00, 0x00, 0x00, 0x00, 0x00,
    0x00, 0x00, 0x00, 0x00, 0x00, 0x00, 0xAD, 0x75, 0x00, 0x00, 0x2A, 0x1A, 0x2A, 0x1A, 0x32, 0x3B,
    0x2A, 0x1A, 0x29, 0xF9, 0x2A, 0x19, 0x2A, 0x1A, 0x2A, 0x19, 0x2A, 0x1A, 0x2A, 0x1A, 0x2A, 0x19,
    0x29, 0xF9, 0x29, 0xF9, 0x2A, 0x1A, 0x2A, 0x1A, 0x2A, 0x19, 0x29, 0xF9, 0x29, 0xF9, 0x29, 0xD8,
    0x29, 0xD7, 0x29, 0xF8, 0x29, 0xF8, 0x29, 0xD7, 0x29, 0xF8, 0x29, 0xF9, 0x2A, 0x1A, 0x2A, 0x1A,
    0x2A, 0x1A, 0x29, 0xF9, 0x29, 0xF7, 0x29, 0xF8, 0x29, 0xF8, 0x29, 0xF8, 0x29, 0xF8, 0x29, 0xF8,
    0x29, 0xF9, 0x29, 0xF9, 0x2A, 0x19, 0x2A, 0x19, 0x29, 0xF9, 0x2A, 0x1A, 0x2A, 0x19, 0x29, 0xF8,
    0x29, 0xD7, 0x29, 0xF8, 0x29, 0xF9, 0x29, 0xF9, 0x2A, 0x1A, 0x2A, 0x1A, 0x2A, 0x1A, 0x29, 0xF9,
    0x29, 0xF9, 0x29, 0xF9, 0x29, 0xF8, 0x29, 0xF9, 0x29, 0xF9, 0x29, 0xF9, 0x2A, 0x19, 0x2A, 0x19,
    0x2A, 0x19, 0x2A, 0x19, 0x2A, 0x19, 0x29, 0xF9, 0x2A, 0x19, 0x2A, 0x1A, 0x2A, 0x19, 0x2A, 0x19,
    0x2A, 0x19, 0x29, 0xF9, 0x2A, 0x1A, 0x2A, 0x1A, 0x2A, 0x1A, 0x32, 0x3B, 0x2A, 0x1A, 0x29, 0xF9,
    0x2A, 0x19, 0x2A, 0x1A, 0x29, 0xF9, 0x2A, 0x1A, 0x21, 0x94, 0x00, 0x00, 0x53, 0x1A, 0x63, 0xBF,
    0x63, 0xBF, 0x63, 0xBF, 0x63, 0xDF, 0x63, 0xDF, 0x63, 0xDF, 0x63, 0xDF, 0x63, 0xDF, 0x63, 0xBF,
    0x63, 0xDF, 0x6B, 0xDF, 0x63, 0xDF, 0x63, 0xDF, 0x63, 0xDF, 0x63, 0xDF, 0x63, 0xDF, 0x6B, 0xFF,
    0x6B, 0xFF, 0x6B, 0xFF, 0x6B, 0xDF, 0x63, 0xBF, 0x63, 0xDF, 0x63, 0xDF, 0x63, 0xDF, 0x63, 0xDF,
    0x63, 0xDF, 0x63, 0xDF, 0x63, 0xBF, 0x63, 0xBF, 0x63, 0xDF, 0x6B, 0xFF, 0x63, 0xDF, 0x63, 0xDF,
    0x63, 0xDF, 0x63, 0xBF, 0x63, 0xBF, 0x63, 0xDF, 0x63, 0xBF, 0x63, 0xBF, 0x63, 0xBF, 0x63, 0xDF,
    0x63, 0xDF, 0x63, 0xDF, 0x63, 0xDF, 0x63, 0xDF, 0x63, 0xBE, 0x63, 0xBE, 0x63, 0xBF, 0x63, 0xBF,
    0x63, 0xBF, 0x63, 0xBF, 0x63, 0xDF, 0x63, 0xDF, 0x63, 0xDF, 0x63, 0xDF, 0x63, 0xDF, 0x6B, 0xFF,
    0x63, 0xDF, 0x63, 0xBF, 0x63, 0xBF, 0x63, 0xBF, 0x63, 0xDF, 0x63, 0xDF, 0x63, 0xDF, 0x63, 0xDF,
    0x63, 0xDF, 0x63, 0xBF, 0x63, 0xBF, 0x63, 0xBF, 0x63, 0xBF, 0x63, 0xBF, 0x63, 0xBF, 0x63, 0xDF,
    0x63, 0xDF, 0x63, 0xDF, 0x63, 0xDF, 0x63, 0xDF, 0x63, 0xDF, 0x63, 0xDF, 0x63, 0xDF, 0x63, 0xDF,
    0x29, 0xF9, 0x29, 0xF8, 0x29, 0xF9, 0x29, 0xF9, 0x29, 0xF9, 0x29, 0xF9, 0x29, 0xF8, 0x29, 0xF8,
    0x29, 0xF8, 0x29, 0xF8, 0x29, 0xF9, 0x29, 0xF9, 0x29, 0xF8, 0x29, 0xF8, 0x29, 0xF9, 0x29, 0xF8,
    0x29, 0xF9, 0x2A, 0x1A, 0x2A, 0x1A, 0x2A, 0x1A, 0x29, 0xF9, 0x29, 0xD7, 0x29, 0xF9, 0x2A, 0x1A,
    0x29, 0xF9, 0x29, 0xF9, 0x2A, 0x19, 0x29, 0xF9, 0x29, 0xF9, 0x2A, 0x1A, 0x2A, 0x1A, 0x2A, 0x19,
    0x29, 0xF9, 0x29, 0xF9, 0x29, 0xF8, 0x29, 0xD7, 0x29, 0xD6, 0x29, 0xD7, 0x29, 0xD7, 0x29, 0xD7,
    0x29, 0xF8, 0x2A, 0x19, 0x2A, 0x1A, 0x2A, 0x1A, 0x2A, 0x1A, 0x29, 0xF9, 0x29, 0xF8, 0x29, 0xF9,
    0x2A, 0x1A, 0x2A, 0x1A, 0x29, 0xF9, 0x2A, 0x1A, 0x2A, 0x1A, 0x2A, 0x1A, 0x29, 0xF9, 0x29, 0xF9,
    0x29, 0xF9, 0x29, 0xF9, 0x29, 0xF8, 0x29, 0xD7, 0x29, 0xF8, 0x2A, 0x1A, 0x2A, 0x1A, 0x29, 0xF9,
    0x29, 0xF8, 0x29, 0xF8, 0x29, 0xF8, 0x29, 0xF8, 0x29, 0xF8, 0x29, 0xD8, 0x29, 0xF8, 0x29, 0xF8,
    0x29, 0xF9, 0x29, 0xF9, 0x29, 0xF9, 0x29, 0xF8, 0x29, 0xF8, 0x29, 0xF8, 0x29, 0xF8, 0x00, 0x00,
    0xAD, 0x75, 0x00, 0x00, 0x00, 0x00, 0x00, 0x00, 0x00, 0x00, 0x00, 0x00, 0x00, 0x00, 0x00, 0x00,
    0x00, 0x00, 0x00, 0x00, 0x00, 0x00, 0x00, 0x00, 0x00, 0x00, 0x00, 0x00, 0x00, 0x00, 0x00, 0x00,
    0x00, 0x00, 0x00, 0x00, 0x00, 0x00, 0x00, 0x00, 0x00, 0x00, 0x00, 0x00, 0x00, 0x00, 0x00, 0x00,
    0x00, 0x00, 0x00, 0x00, 0x00, 0x00, 0x00, 0x00, 0x00, 0x00, 0x00, 0x00, 0x00, 0x00, 0x00, 0x00,
    0x00, 0x00, 0x00, 0x00, 0x00, 0x00, 0x00, 0x00, 0x00, 0x00, 0x00, 0x00, 0x00, 0x00, 0x00, 0x00,
    0x00, 0x00, 0x00, 0x00, 0x00, 0x00, 0x00, 0x00, 0x00, 0x00, 0x00, 0x00, 0x00, 0x00, 0x00, 0x00,
    0x00, 0x00, 0x00, 0x00, 0x00, 0x00, 0x00, 0x00, 0x00, 0x00, 0x00, 0x00, 0x00, 0x00, 0x00, 0x00,
    0x00, 0x00, 0x00, 0x00, 0x00, 0x00, 0x00, 0x00, 0x00, 0x00, 0x00, 0x00, 0x00, 0x00, 0x00, 0x00,
    0x00, 0x00, 0x00, 0x00, 0x00, 0x00, 0x00, 0x00, 0x00, 0x00, 0x00, 0x00, 0x00, 0x00, 0x00, 0x00,
    0x00, 0x00, 0x00, 0x00, 0x00, 0x00, 0xAD, 0x75, 0x00, 0x00, 0x2A, 0x1B, 0x2A, 0x1A, 0x2A, 0x1A,
    0x2A, 0x19, 0x29, 0xF8, 0x2A, 0x19, 0x2A, 0x1A, 0x2A, 0x19, 0x2A, 0x19, 0x2A, 0x1A, 0x29, 0xF9,
    0x29, 0xF9, 0x2A, 0x1A, 0x2A, 0x1A, 0x2A, 0x1A, 0x29, 0xF9, 0x29, 0xF9, 0x29, 0xF8, 0x29, 0xD6,
    0x29, 0xD6, 0x29, 0xD7, 0x29, 0xD7, 0x29, 0xD6, 0x29, 0xD7, 0x29, 0xF9, 0x2A, 0x1A, 0x2A, 0x1A,
    0x2A, 0x19, 0x29, 0xF8, 0x29, 0xD7, 0x29, 0xF8, 0x29, 0xF9, 0x29, 0xF9, 0x29, 0xF9, 0x29, 0xF9,
    0x29, 0xF9, 0x29, 0xF9, 0x29, 0xF9, 0x29, 0xF9, 0x29, 0xF8, 0x29, 0xF8, 0x29, 0xF8, 0x29, 0xD7,
    0x29, 0xF9, 0x2A, 0x1A, 0x2A, 0x1A, 0x29, 0xF9, 0x29, 0xF8, 0x29, 0xF8, 0x29, 0xF8, 0x29, 0xF8,
    0x29, 0xF8, 0x29, 0xF8, 0x29, 0xF8, 0x29, 0xF9, 0x29, 0xF9, 0x29, 0xF9, 0x29, 0xF9, 0x29, 0xF9,
    0x29, 0xF9, 0x29, 0xF8, 0x29, 0xF9, 0x29, 0xF9, 0x2A, 0x1A, 0x2A, 0x1A, 0x29, 0xF9, 0x29, 0xF9,
    0x2A, 0x19, 0x29, 0xF9, 0x2A, 0x1A, 0x2A, 0x1B, 0x2A, 0x1A, 0x2A, 0x1A, 0x29, 0xF9, 0x29, 0xF8,
    0x29, 0xF9, 0x2A, 0x1A, 0x29, 0xF9, 0x29, 0xF9, 0x21, 0x94, 0x00, 0x00, 0x53, 0x1A, 0x63, 0xBF,
    0x63, 0xDF, 0x63, 0xDF, 0x63, 0xDF, 0x63, 0xBF, 0x63, 0xBF, 0x63, 0xBF, 0x63, 0xBF, 0x63, 0xBF,
    0x63, 0xDF, 0x63, 0xDF, 0x63, 0xBF, 0x63, 0xDF, 0x63, 0xDF, 0x63, 0xDF, 0x6B, 0xDF, 0x6B, 0xFF,
    0x6B, 0xFF, 0x63, 0xDF, 0x63, 0xDF, 0x63, 0xBF, 0x63, 0xDF, 0x63, 0xDF, 0x63, 0xDF, 0x63, 0xBF,
    0x63, 0xDF, 0x63, 0xDF, 0x63, 0xBF, 0x63, 0xDF, 0x6B, 0xDF, 0x63, 0xDF, 0x63, 0xBF, 0x63, 0xDF,
    0x63, 0xBF, 0x63, 0x9E, 0x63, 0x9D, 0x63, 0x9E, 0x63, 0xBE, 0x63, 0x9E, 0x63, 0xBE, 0x63, 0xDF,
    0x63, 0xDF, 0x63, 0xDF, 0x63, 0xDF, 0x63, 0xBF, 0x63, 0x9E, 0x63, 0xBF, 0x63, 0xDF, 0x63, 0xDF,
    0x63, 0xDF, 0x63, 0xDF, 0x63, 0xDF, 0x63, 0xDF, 0x63, 0xDF, 0x63, 0xDF, 0x63, 0xDF, 0x63, 0xDF,
    0x63, 0xBF, 0x63, 0xBF, 0x63, 0xBF, 0x63, 0xDF, 0x63, 0xDF, 0x63, 0xDF, 0x63, 0xBF, 0x63, 0xBF,
    0x63, 0xBF, 0x63, 0xBE, 0x63, 0xBF, 0x63, 0xBF, 0x63, 0xBF, 0x63, 0xBF, 0x63, 0xDF, 0x63, 0xDF,
    0x63, 0xDF, 0x63, 0xDF, 0x63, 0xBF, 0x63, 0xDF, 0x63, 0xBF, 0x63, 0xDF, 0x63, 0xDF, 0x63, 0xBF,
    0x29, 0xF8, 0x29, 0xF9, 0x29, 0xF9, 0x29, 0xF8, 0x29, 0xF8, 0x29, 0xF8, 0x29, 0xF8, 0x29, 0xF8,
    0x29, 0xF8, 0x29, 0xF9, 0x29, 0xF9, 0x2A, 0x19, 0x29, 0xF8, 0x29, 0xF8, 0x29, 0xF8, 0x29, 0xF8,
    0x29, 0xF9, 0x29, 0xF9, 0x29, 0xF8, 0x29, 0xD8, 0x29, 0xD7, 0x21, 0xD6, 0x29, 0xF8, 0x29, 0xF9,
    0x29, 0xF8, 0x29, 0xF9, 0x2A, 0x1A, 0x29, 0xF9, 0x29, 0xF8, 0x29, 0xF9, 0x29, 0xF8, 0x29, 0xD7,
    0x29, 0xD7, 0x29, 0xD7, 0x29, 0xD7, 0x29, 0xF7, 0x29, 0xF8, 0x29, 0xF9, 0x2A, 0x19, 0x29, 0xF9,
    0x2A, 0x19, 0x2A, 0x1B, 0x32, 0x1B, 0x2A, 0x1A, 0x2A, 0x19, 0x29, 0xF8, 0x29, 0xF8, 0x29, 0xF9,
    0x2A, 0x1A, 0x2A, 0x19, 0x29, 0xF9, 0x29, 0xF9, 0x2A, 0x19, 0x29, 0xF9, 0x29, 0xF8, 0x29, 0xF8,
    0x29, 0xF8, 0x29, 0xD7, 0x29, 0xD7, 0x29, 0xF8, 0x2A, 0x1A, 0x2A, 0x1A, 0x2A, 0x1A, 0x29, 0xF8,
    0x29, 0xD8, 0x29, 0xF8, 0x29, 0xF8, 0x29, 0xF8, 0x29, 0xF8, 0x29, 0xF8, 0x29, 0xF8, 0x29, 0xF9,
    0x29, 0xF8, 0x29, 0xF8, 0x29, 0xF8, 0x29, 0xF8, 0x29, 0xF8, 0x29, 0xF8, 0x29, 0xF8, 0x00, 0x00,
    0xAD, 0x75, 0x00, 0x00, 0x00, 0x00, 0x00, 0x00, 0x00, 0x00, 0x00, 0x00, 0x00, 0x00, 0x00, 0x00,
    0x00, 0x00, 0x00, 0x00, 0x00, 0x00, 0x00, 0x00, 0x00, 0x00, 0x00, 0x00, 0x00, 0x00, 0x00, 0x00,
    0x00, 0x00, 0x00, 0x00, 0x00, 0x00, 0x00, 0x00, 0x00, 0x00, 0x00, 0x00, 0x00, 0x00, 0x00, 0x00,
    0x00, 0x00, 0x00, 0x00, 0x00, 0x00, 0x00, 0x00, 0x00, 0x00, 0x00, 0x00, 0x00, 0x00, 0x00, 0x00,
    0x00, 0x00, 0x00, 0x00, 0x00, 0x00, 0x00, 0x00, 0x00, 0x00, 0x00, 0x00, 0x00, 0x00, 0x00, 0x00,
    0x00, 0x00, 0x00, 0x00, 0x00, 0x00, 0x00, 0x00, 0x00, 0x00, 0x00, 0x00, 0x00, 0x00, 0x00, 0x00,
    0x00, 0x00, 0x00, 0x00, 0x00, 0x00, 0x00, 0x00, 0x00, 0x00, 0x00, 0x00, 0x00, 0x00, 0x00, 0x00,
    0x00, 0x00, 0x00, 0x00, 0x00, 0x00, 0x00, 0x00, 0x00, 0x00, 0x00, 0x00, 0x00, 0x00, 0x00, 0x00,
    0x00, 0x00, 0x00, 0x00, 0x00, 0x00, 0x00, 0x00, 0x00, 0x00, 0x00, 0x00, 0x00, 0x00, 0x00, 0x00,
    0x00, 0x00, 0x00, 0x00, 0x00, 0x00, 0xAD, 0x75, 0x00, 0x00, 0x2A, 0x19, 0x29, 0xF8, 0x29, 0xF8,
    0x29, 0xD8, 0x29, 0xD7, 0x29, 0xF8, 0x29, 0xF9, 0x29, 0xF9, 0x2A, 0x19, 0x2A, 0x1A, 0x2A, 0x1A,
    0x29, 0xF9, 0x29, 0xF9, 0x29, 0xF8, 0x29, 0xD7, 0x29, 0xD7, 0x29, 0xD7, 0x29, 0xD7, 0x29, 0xF7,
    0x29, 0xF8, 0x29, 0xF9, 0x29, 0xF9, 0x29, 0xF8, 0x2A, 0x19, 0x2A, 0x1A, 0x2A, 0x1A, 0x2A, 0x1A,
    0x29, 0xF9, 0x29, 0xD8, 0x29, 0xD8, 0x29, 0xF8, 0x29, 0xF9, 0x29, 0xF9, 0x29, 0xF8, 0x29, 0xF9,
    0x29, 0xF9, 0x29, 0xF8, 0x29, 0xF8, 0x29, 0xD8, 0x29, 0xD7, 0x29, 0xD7, 0x29, 0xD7, 0x29, 0xF8,
    0x2A, 0x19, 0x2A, 0x1A, 0x2A, 0x1A, 0x29, 0xF8, 0x29, 0xD8, 0x29, 0xF8, 0x29, 0xF8, 0x29, 0xF8,
    0x29, 0xF8, 0x29, 0xF8, 0x29, 0xF8, 0x29, 0xF9, 0x29, 0xF9, 0x29, 0xF9, 0x29, 0xF9, 0x29, 0xF8,
    0x29, 0xF9, 0x29, 0xF9, 0x29, 0xF9, 0x29, 0xF9, 0x2A, 0x1A, 0x2A, 0x1A, 0x29, 0xF9, 0x29, 0xF8,
    0x29, 0xF9, 0x29, 0xF9, 0x2A, 0x19, 0x2A, 0x19, 0x29, 0xF8, 0x29, 0xF8, 0x29, 0xD7, 0x29, 0xD6,
    0x29, 0xF8, 0x29, 0xF9, 0x29, 0xF8, 0x2A, 0x19, 0x21, 0x94, 0x00, 0x00, 0x53, 0x1A, 0x63, 0xDF,
    0x63, 0xDF, 0x63, 0xBF, 0x63, 0xBF, 0x63, 0xBF, 0x63, 0xBF, 0x63, 0xBF, 0x63, 0xBF, 0x63, 0xDF,
    0x63, 0xDF, 0x63, 0xDF, 0x63, 0xBF, 0x63, 0xBF, 0x63, 0xDF, 0x63, 0xDF, 0x63, 0xDF, 0x63, 0xDF,
    0x63, 0xBF, 0x63, 0xBF, 0x63, 0xBE, 0x63, 0x9D, 0x63, 0xBF, 0x63, 0xBF, 0x63, 0xBF, 0x63, 0xBF,
    0x63, 0xDF, 0x63, 0xDF, 0x63, 0xBF, 0x63, 0xDF, 0x63, 0xBF, 0x63, 0x9E, 0x63, 0x9E, 0x63, 0xBE,
    0x63, 0xBE, 0x63, 0xBF, 0x63, 0xDF, 0x63, 0xDF, 0x63, 0xDF, 0x63, 0xBF, 0x63, 0xDF, 0x6B, 0xFF,
    0x6B, 0xFF, 0x6B, 0xDF, 0x63, 0xBF, 0x63, 0xBE, 0x63, 0x9E, 0x63, 0xBF, 0x63, 0xDF, 0x63, 0xDF,
    0x63, 0xBF, 0x63, 0xDF, 0x63, 0xDF, 0x63, 0xDF, 0x63, 0xBF, 0x63, 0xBF, 0x63, 0xBF, 0x63, 0xBE,
    0x63, 0xBE, 0x63, 0xBF, 0x63, 0xDF, 0x6B, 0xDF, 0x63, 0xDF, 0x63, 0xBF, 0x63, 0xBE, 0x63, 0xBE,
    0x63, 0xBF, 0x63, 0xBF, 0x63, 0xBF, 0x63, 0xBF, 0x63, 0xBF, 0x63, 0xDF, 0x63, 0xDF, 0x63, 0xBF,
    0x63, 0xBF, 0x63, 0xDF, 0x63, 0xDF, 0x63, 0xDF, 0x63, 0xDF, 0x63, 0xDF, 0x63, 0xDF, 0x63, 0xBF,
    0x29, 0xF8, 0x29, 0xF8, 0x29, 0xF8, 0x29, 0xD7, 0x29, 0xD7, 0x29, 0xF8, 0x29, 0xF8, 0x29, 0xF8,
    0x29, 0xF8, 0x29, 0xF8, 0x29, 0xF8, 0x29, 0xF8, 0x29, 0xD7, 0x29, 0xD7, 0x29, 0xF8, 0x29, 0xF8,
    0x29, 0xF8, 0x29, 0xF8, 0x29, 0xF8, 0x29, 0xD7, 0x29, 0xD7, 0x21, 0xB6, 0x29, 0xD7, 0x29, 0xF9,
    0x2A, 0x19, 0x2A, 0x1A, 0x2A, 0x1A, 0x29, 0xF9, 0x29, 0xD7, 0x29, 0xD7, 0x21, 0xB6, 0x21, 0xB6,
    0x29, 0xD7, 0x29, 0xD7, 0x29, 0xD7, 0x29, 0xF8, 0x2A, 0x1A, 0x2A, 0x1A, 0x2A, 0x1A, 0x2A, 0x1A,
    0x2A, 0x1A, 0x32, 0x3B, 0x32, 0x3B, 0x2A, 0x19, 0x29, 0xF8, 0x29, 0xD7, 0x29, 0xD7, 0x29, 0xF8,
    0x29, 0xF8, 0x29, 0xF8, 0x29, 0xD7, 0x29, 0xD7, 0x29, 0xD8, 0x29, 0xF8, 0x29, 0xD7, 0x29, 0xD7,
    0x29, 0xD7, 0x29, 0xD7, 0x29, 0xD8, 0x2A, 0x19, 0x2A, 0x1A, 0x2A, 0x19, 0x29, 0xF8, 0x29, 0xF8,
    0x29, 0xD7, 0x29, 0xF8, 0x29, 0xF8, 0x29, 0xF8, 0x29, 0xF8, 0x29, 0xF8, 0x29, 0xF8, 0x29, 0xF8,
    0x29, 0xF8, 0x29, 0xD7, 0x29, 0xD7, 0x29, 0xF8, 0x29, 0xF8, 0x29, 0xF8, 0x29, 0xF8, 0x00, 0x00,
    0xAD, 0x75, 0x00, 0x00, 0x00, 0x00, 0x00, 0x00, 0x00, 0x00, 0x00, 0x00, 0x00, 0x00, 0x00, 0x00,
    0x00, 0x00, 0x00, 0x00, 0x00, 0x00, 0x00, 0x00, 0x00, 0x00, 0x00, 0x00, 0x00, 0x00, 0x00, 0x00,
    0x00, 0x00, 0x00, 0x00, 0x00, 0x00, 0x00, 0x00, 0x00, 0x00, 0x00, 0x00, 0x00, 0x00, 0x00, 0x00,
    0x00, 0x00, 0x00, 0x00, 0x00, 0x00, 0x00, 0x00, 0x00, 0x00, 0x00, 0x00, 0x00, 0x00, 0x00, 0x00,
    0x00, 0x00, 0x00, 0x00, 0x00, 0x00, 0x00, 0x00, 0x00, 0x00, 0x00, 0x00, 0x00, 0x00, 0x00, 0x00,
    0x00, 0x00, 0x00, 0x00, 0x00, 0x00, 0x00, 0x00, 0x00, 0x00, 0x00, 0x00, 0x00, 0x00, 0x00, 0x00,
    0x00, 0x00, 0x00, 0x00, 0x00, 0x00, 0x00, 0x00, 0x00, 0x00, 0x00, 0x00, 0x00, 0x00, 0x00, 0x00,
    0x00, 0x00, 0x00, 0x00, 0x00, 0x00, 0x00, 0x00, 0x00, 0x00, 0x00, 0x00, 0x00, 0x00, 0x00, 0x00,
    0x00, 0x00, 0x00, 0x00, 0x00, 0x00, 0x00, 0x00, 0x00, 0x00, 0x00, 0x00, 0x00, 0x00, 0x00, 0x00,
    0x00, 0x00, 0x00, 0x00, 0x00, 0x00, 0xAD, 0x75, 0x00, 0x00, 0x29, 0xF9, 0x29, 0xF8, 0x29, 0xD7,
    0x29, 0xD7, 0x29, 0xD6, 0x29, 0xF8, 0x2A, 0x19, 0x2A, 0x1A, 0x32, 0x1B, 0x32, 0x3B, 0x2A, 0x19,
    0x29, 0xD7, 0x29, 0xD7, 0x29, 0xD6, 0x21, 0xB6, 0x29, 0xD7, 0x29, 0xD7, 0x29, 0xD7, 0x29, 0xF8,
    0x2A, 0x1A, 0x2A, 0x1A, 0x2A, 0x1A, 0x2A, 0x1A, 0x2A, 0x1A, 0x32, 0x3B, 0x2A, 0x1B, 0x29, 0xF9,
    0x29, 0xD7, 0x29, 0xD6, 0x29, 0xD7, 0x29, 0xF8, 0x29, 0xF8, 0x29, 0xD7, 0x29, 0xD7, 0x29, 0xD7,
    0x29, 0xD7, 0x29, 0xD7, 0x29, 0xD7, 0x29, 0xD7, 0x29, 0xD7, 0x29, 0xD7, 0x29, 0xD7, 0x2A, 0x19,
    0x2A, 0x1A, 0x2A, 0x19, 0x29, 0xF9, 0x29, 0xF8, 0x29, 0xD7, 0x29, 0xF8, 0x29, 0xF8, 0x29, 0xF8,
    0x29, 0xF8, 0x29, 0xF8, 0x29, 0xF8, 0x29, 0xF9, 0x29, 0xF8, 0x29, 0xD8, 0x29, 0xD8, 0x29, 0xF8,
    0x29, 0xF9, 0x29, 0xF9, 0x29, 0xF9, 0x29, 0xF9, 0x29, 0xF9, 0x29, 0xF9, 0x29, 0xF8, 0x29, 0xF8,
    0x29, 0xF9, 0x29, 0xF9, 0x29, 0xF9, 0x29, 0xF9, 0x29, 0xF8, 0x29, 0xD7, 0x29, 0xD7, 0x21, 0xB6,
    0x29, 0xD7, 0x29, 0xF9, 0x2A, 0x1A, 0x2A, 0x1A, 0x21, 0x94, 0x00, 0x00, 0x53, 0x1A, 0x63, 0xBF,
    0x63, 0xBF, 0x63, 0x9E, 0x63, 0x9E, 0x63, 0xBE, 0x63, 0xBF, 0x63, 0xBF, 0x63, 0xBF, 0x63, 0xBF,
    0x63, 0xDF, 0x63, 0xDF, 0x63, 0xBF, 0x63, 0xBF, 0x63, 0xDF, 0x63, 0xDF, 0x63, 0xDF, 0x63, 0xBF,
    0x63, 0xBF, 0x63, 0xBE, 0x63, 0x9E, 0x63, 0x9D, 0x63, 0xBE, 0x63, 0xDF, 0x63, 0xDF, 0x63, 0xDF,
    0x63, 0xDF, 0x63, 0xBF, 0x63, 0x9E, 0x63, 0x9D, 0x63, 0x9D, 0x63, 0x9D, 0x63, 0x9E, 0x63, 0x9E,
    0x63, 0xBE, 0x63, 0xDF, 0x6B, 0xDF, 0x6B, 0xFF, 0x6B, 0xFF, 0x6B, 0xFF, 0x6B, 0xFF, 0x6B, 0xFF,
    0x6B, 0xFF, 0x63, 0xDF, 0x63, 0x9E, 0x63, 0x9D, 0x63, 0x9D, 0x63, 0xBE, 0x63, 0xBF, 0x63, 0xBE,
    0x63, 0xBE, 0x63, 0xBE, 0x63, 0xBE, 0x63, 0xBF, 0x63, 0x9E, 0x63, 0xBE, 0x63, 0xBF, 0x63, 0xBE,
    0x63, 0xBF, 0x63, 0xDF, 0x6B, 0xDF, 0x63, 0xDF, 0x63, 0xDF, 0x63, 0xBF, 0x63, 0xBE, 0x63, 0x9E,
    0x63, 0xBE, 0x63, 0xBE, 0x63, 0xBF, 0x63, 0xBF, 0x63, 0xBF, 0x63, 0xBF, 0x63, 0xBF, 0x63, 0xBF,
    0x63, 0xBF, 0x63, 0xBF, 0x63, 0xDF, 0x63, 0xDF, 0x63, 0xDF, 0x63, 0xBF, 0x63, 0xDF, 0x63, 0xBF,
    0x29, 0xF8, 0x29, 0xD7, 0x29, 0xD7, 0x29, 0xF8, 0x29, 0xF8, 0x29, 0xF8, 0x29, 0xF8, 0x29, 0xF8,
    0x29, 0xD7, 0x29, 0xD7, 0x29, 0xF8, 0x29, 0xF8, 0x29, 0xF8, 0x29, 0xF8, 0x29, 0xF8, 0x29, 0xF8,
    0x29, 0xF8, 0x29, 0xF8, 0x29, 0xF8, 0x29, 0xD7, 0x29, 0xD7, 0x29, 0xD7, 0x29, 0xF8, 0x2A, 0x1A,
    0x2A, 0x1A, 0x2A, 0x1A, 0x29, 0xF8, 0x29, 0xD6, 0x21, 0xB5, 0x29, 0xD6, 0x29, 0xD7, 0x29, 0xD7,
    0x29, 0xF8, 0x29, 0xF8, 0x29, 0xF9, 0x2A, 0x1A, 0x2A, 0x1A, 0x29, 0xF9, 0x29, 0xF9, 0x2A, 0x1A,
    0x2A, 0x1A, 0x2A, 0x1A, 0x29, 0xF9, 0x29, 0xD7, 0x29, 0xD7, 0x29, 0xD6, 0x29, 0xF7, 0x29, 0xF8,
    0x29, 0xF8, 0x29, 0xF8, 0x29, 0xD8, 0x29, 0xF8, 0x29, 0xF8, 0x29, 0xD8, 0x29, 0xD7, 0x29, 0xD7,
    0x29, 0xF8, 0x29, 0xF8, 0x29, 0xF8, 0x2A, 0x1A, 0x2A, 0x1A, 0x29, 0xF9, 0x29, 0xF8, 0x29, 0xF7,
    0x29, 0xF7, 0x29, 0xF8, 0x29, 0xF8, 0x29, 0xF8, 0x29, 0xF8, 0x29, 0xF8, 0x29, 0xD7, 0x29, 0xD7,
    0x29, 0xD7, 0x29, 0xF7, 0x29, 0xF8, 0x29, 0xF8, 0x29, 0xF8, 0x29, 0xF8, 0x29, 0xD7, 0x00, 0x00,
    0xAD, 0x75, 0x00, 0x00, 0x00, 0x00, 0x00, 0x00, 0x00, 0x00, 0x00, 0x00, 0x00, 0x00, 0x00, 0x00,
    0x00, 0x00, 0x00, 0x00, 0x00, 0x00, 0x00, 0x00, 0x00, 0x00, 0x00, 0x00, 0x00, 0x00, 0x00, 0x00,
    0x00, 0x00, 0x00, 0x00, 0x00, 0x00, 0x00, 0x00, 0x00, 0x00, 0x00, 0x00, 0x00, 0x00, 0x00, 0x00,
    0x00, 0x00, 0x00, 0x00, 0x00, 0x00, 0x00, 0x00, 0x00, 0x00, 0x00, 0x00, 0x00, 0x00, 0x00, 0x00,
    0x00, 0x00, 0x00, 0x00, 0x00, 0x00, 0x00, 0x00, 0x00, 0x00, 0x00, 0x00, 0x00, 0x00, 0x00, 0x00,
    0x00, 0x00, 0x00, 0x00, 0x00, 0x00, 0x00, 0x00, 0x00, 0x00, 0x00, 0x00, 0x00, 0x00, 0x00, 0x00,
    0x00, 0x00, 0x00, 0x00, 0x00, 0x00, 0x00, 0x00, 0x00, 0x00, 0x00, 0x00, 0x00, 0x00, 0x00, 0x00,
    0x00, 0x00, 0x00, 0x00, 0x00, 0x00, 0x00, 0x00, 0x00, 0x00, 0x00, 0x00, 0x00, 0x00, 0x00, 0x00,
    0x00, 0x00, 0x00, 0x00, 0x00, 0x00, 0x00, 0x00, 0x00, 0x00, 0x00, 0x00, 0x00, 0x00, 0x00, 0x00,
    0x00, 0x00, 0x00, 0x00, 0x00, 0x00, 0xAD, 0x75, 0x00, 0x00, 0x29, 0xF8, 0x29, 0xF8, 0x29, 0xD7,
    0x29, 0xD7, 0x29, 0xF8, 0x2A, 0x19, 0x32, 0x1B, 0x32, 0x3B, 0x2A, 0x1A, 0x29, 0xF9, 0x29, 0xD7,
    0x21, 0xB6, 0x29, 0xD7, 0x29, 0xD7, 0x29, 0xD7, 0x29, 0xF8, 0x29, 0xF8, 0x29, 0xF9, 0x2A, 0x1A,
    0x2A, 0x1A, 0x29, 0xF8, 0x29, 0xF9, 0x2A, 0x1A, 0x2A, 0x19, 0x2A, 0x19, 0x29, 0xF8, 0x29, 0xD7,
    0x21, 0xD6, 0x21, 0xB6, 0x29, 0xD7, 0x29, 0xF8, 0x29, 0xF8, 0x29, 0xF7, 0x29, 0xD7, 0x29, 0xF7,
    0x29, 0xF8, 0x29, 0xD7, 0x29, 0xD6, 0x29, 0xD6, 0x29, 0xF8, 0x29, 0xF8, 0x29, 0xF8, 0x2A, 0x1A,
    0x2A, 0x1A, 0x29, 0xF8, 0x29, 0xF8, 0x29, 0xF7, 0x29, 0xF7, 0x29, 0xF8, 0x29, 0xF8, 0x29, 0xF8,
    0x29, 0xF8, 0x29, 0xF8, 0x29, 0xD7, 0x29, 0xD7, 0x29, 0xD8, 0x29, 0xF8, 0x29, 0xF8, 0x29, 0xF9,
    0x29, 0xF9, 0x29, 0xF8, 0x29, 0xD8, 0x29, 0xD7, 0x29, 0xF8, 0x29, 0xF9, 0x29, 0xF8, 0x29, 0xF8,
    0x29, 0xF9, 0x29, 0xF8, 0x29, 0xF8, 0x29, 0xF8, 0x29, 0xF8, 0x29, 0xD7, 0x29, 0xD7, 0x29, 0xD7,
    0x29, 0xF9, 0x2A, 0x1A, 0x2A, 0x1A, 0x2A, 0x1A, 0x21, 0x94, 0x00, 0x00, 0x53, 0x19, 0x63, 0xBE,
    0x63, 0x9E, 0x63, 0x9E, 0x63, 0xBF, 0x63, 0xBF, 0x63, 0xBF, 0x63, 0xBF, 0x63, 0x9E, 0x63, 0xBE,
    0x63, 0xBF, 0x63, 0xBF, 0x63, 0xBF, 0x63, 0xBF, 0x63, 0xDF, 0x63, 0xBF, 0x63, 0xBF, 0x63, 0xBF,
    0x63, 0xBF, 0x63, 0xBE, 0x63, 0x9E, 0x63, 0xBE, 0x63, 0xBF, 0x63, 0xDF, 0x63, 0xDF, 0x63, 0xDF,
    0x63, 0xBF, 0x63, 0x9D, 0x5B, 0x7C, 0x63, 0x9D, 0x63, 0x9E, 0x63, 0x9E, 0x63, 0xBF, 0x63, 0xBF,
    0x63, 0xDF, 0x6B, 0xFF, 0x6B, 0xDF, 0x63, 0xDF, 0x63, 0xDF, 0x6B, 0xDF, 0x63, 0xDF, 0x63, 0xDF,
    0x63, 0xBF, 0x63, 0x9D, 0x63, 0x9D, 0x63, 0x7C, 0x63, 0x9D, 0x63, 0xBF, 0x63, 0xBF, 0x63, 0x9E,
    0x63, 0xBE, 0x63, 0xBE, 0x63, 0xBF, 0x63, 0xBE, 0x63, 0x9E, 0x63, 0x9E, 0x63, 0xBF, 0x63, 0xBF,
    0x63, 0xDF, 0x6B, 0xDF, 0x6B, 0xDF, 0x63, 0xDF, 0x63, 0xBF, 0x63, 0x9E, 0x63, 0x9E, 0x63, 0xBE,
    0x63, 0xBF, 0x63, 0x9E, 0x63, 0xBF, 0x63, 0xBF, 0x63, 0x9E, 0x63, 0xBE, 0x63, 0xBE, 0x63, 0xBF,
    0x63, 0xBF, 0x63, 0xDF, 0x63, 0xDF, 0x63, 0xBF, 0x63, 0xBF, 0x63, 0xBE, 0x63, 0xBF, 0x63, 0xBF,
    0x29, 0xF8, 0x29, 0xD7, 0x29, 0xF8, 0x29, 0xF8, 0x2A, 0x19, 0x2A, 0x19, 0x29, 0xF8, 0x29, 0xF8,
    0x29, 0xD7, 0x29, 0xD7, 0x29, 0xF8, 0x2A, 0x19, 0x29, 0xF9, 0x29, 0xF8, 0x29, 0xF8, 0x29, 0xF8,
    0x29, 0xF8, 0x29, 0xF8, 0x29, 0xD8, 0x29, 0xD6, 0x21, 0xD6, 0x29, 0xF8, 0x2A, 0x1A, 0x2A, 0x1A,
    0x29, 0xF9, 0x29, 0xF7, 0x21, 0xB6, 0x21, 0xB5, 0x21, 0xB6, 0x29, 0xF8, 0x29, 0xF8, 0x29, 0xF8,
    0x29, 0xF8, 0x29, 0xF8, 0x2A, 0x19, 0x2A, 0x1A, 0x29, 0xF8, 0x29, 0xD7, 0x29, 0xF8, 0x29, 0xF8,
    0x29, 0xD7, 0x29, 0xD6, 0x21, 0xD6, 0x21, 0xB6, 0x21, 0xB6, 0x29, 0xD7, 0x29, 0xF8, 0x29, 0xF9,
    0x29, 0xF8, 0x29, 0xF8, 0x29, 0xF8, 0x29, 0xF8, 0x29, 0xF9, 0x29, 0xF8, 0x29, 0xD7, 0x29, 0xF8,
    0x29, 0xF9, 0x2A, 0x19, 0x29, 0xF8, 0x2A, 0x19, 0x29, 0xF9, 0x29, 0xF8, 0x29, 0xD7, 0x29, 0xD7,
    0x29, 0xD7, 0x29, 0xD7, 0x29, 0xD8, 0x29, 0xF8, 0x29, 0xF8, 0x29, 0xF8, 0x29, 0xD7, 0x29, 0xD7,
    0x29, 0xF8, 0x29, 0xF8, 0x29, 0xF9, 0x2A, 0x19, 0x29, 0xF8, 0x29, 0xF8, 0x29, 0xD7, 0x00, 0x00,
    0xAD, 0x75, 0x00, 0x00, 0x00, 0x00, 0x00, 0x00, 0x00, 0x00, 0x00, 0x00, 0x00, 0x00, 0x00, 0x00,
    0x00, 0x00, 0x00, 0x00, 0x00, 0x00, 0x00, 0x00, 0x00, 0x00, 0x00, 0x00, 0x00, 0x00, 0x00, 0x00,
    0x00, 0x00, 0x00, 0x00, 0x00, 0x00, 0x00, 0x00, 0x00, 0x00, 0x00, 0x00, 0x00, 0x00, 0x00, 0x00,
    0x00, 0x00, 0x00, 0x00, 0x00, 0x00, 0x00, 0x00, 0x00, 0x00, 0x00, 0x00, 0x00, 0x00, 0x00, 0x00,
    0x00, 0x00, 0x00, 0x00, 0x00, 0x00, 0x00, 0x00, 0x00, 0x00, 0x00, 0x00, 0x00, 0x00, 0x00, 0x00,
    0x00, 0x00, 0x00, 0x00, 0x00, 0x00, 0x00, 0x00, 0x00, 0x00, 0x00, 0x00, 0x00, 0x00, 0x00, 0x00,
    0x00, 0x00, 0x00, 0x00, 0x00, 0x00, 0x00, 0x00, 0x00, 0x00, 0x00, 0x00, 0x00, 0x00, 0x00, 0x00,
    0x00, 0x00, 0x00, 0x00, 0x00, 0x00, 0x00, 0x00, 0x00, 0x00, 0x00, 0x00, 0x00, 0x00, 0x00, 0x00,
    0x00, 0x00, 0x00, 0x00, 0x00, 0x00, 0x00, 0x00, 0x00, 0x00, 0x00, 0x00, 0x00, 0x00, 0x00, 0x00,
    0x00, 0x00, 0x00, 0x00, 0x00, 0x00, 0xAD, 0x75, 0x00, 0x00, 0x29, 0xF8, 0x29, 0xF8, 0x29, 0xD7,
    0x29, 0xD7, 0x29, 0xF9, 0x2A, 0x1A, 0x2A, 0x1A, 0x2A, 0x1A, 0x29, 0xF8, 0x21, 0xB6, 0x21, 0xB5,
    0x21, 0xB6, 0x29, 0xF8, 0x29, 0xF8, 0x29, 0xF8, 0x29, 0xF9, 0x29, 0xF9, 0x2A, 0x19, 0x2A, 0x1A,
    0x29, 0xF8, 0x29, 0xD7, 0x29, 0xF7, 0x29, 0xF8, 0x29, 0xD7, 0x29, 0xD6, 0x21, 0xD6, 0x21, 0xB5,
    0x21, 0xB6, 0x21, 0xD6, 0x29, 0xD7, 0x29, 0xF8, 0x29, 0xF8, 0x29, 0xF8, 0x29, 0xF7, 0x29, 0xF8,
    0x29, 0xF8, 0x29, 0xF8, 0x29, 0xD7, 0x29, 0xF8, 0x29, 0xF9, 0x29, 0xF9, 0x29, 0xF8, 0x29, 0xF9,
    0x29, 0xF9, 0x29, 0xF8, 0x29, 0xD7, 0x29, 0xD7, 0x29, 0xD7, 0x29, 0xD7, 0x29, 0xF8, 0x29, 0xF8,
    0x29, 0xF8, 0x29, 0xF8, 0x29, 0xD7, 0x29, 0xD7, 0x29, 0xF8, 0x29, 0xF9, 0x2A, 0x19, 0x2A, 0x19,
    0x29, 0xF9, 0x29, 0xF8, 0x29, 0xD7, 0x29, 0xD8, 0x29, 0xF9, 0x2A, 0x19, 0x29, 0xF9, 0x29, 0xF9,
    0x29, 0xF9, 0x29, 0xF8, 0x29, 0xF8, 0x29, 0xF8, 0x29, 0xF8, 0x29, 0xD7, 0x29, 0xD7, 0x29, 0xF9,
    0x2A, 0x1A, 0x2A, 0x1A, 0x2A, 0x19, 0x29, 0xF7, 0x21, 0x94, 0x00, 0x00, 0x53, 0x19, 0x63, 0x9E,
    0x63, 0xBF, 0x63, 0xBF, 0x63, 0xBF, 0x63, 0xBF, 0x63, 0xBF, 0x63, 0xBF, 0x63, 0x9E, 0x63, 0x9E,
    0x63, 0xBF, 0x63, 0xDF, 0x63, 0xDF, 0x63, 0xDF, 0x63, 0xDF, 0x63, 0xBF, 0x63, 0xBF, 0x63, 0xBF,
    0x63, 0xBF, 0x63, 0x9E, 0x63, 0x9D, 0x63, 0xBF, 0x63, 0xDF, 0x63, 0xDF, 0x63, 0xDF, 0x63, 0x9E,
    0x5B, 0x7C, 0x5B, 0x7B, 0x63, 0x7C, 0x63, 0xBE, 0x63, 0xBF, 0x63, 0xBF, 0x63, 0xBF, 0x63, 0xDF,
    0x63, 0xDF, 0x6B, 0xDF, 0x63, 0xDF, 0x63, 0xBE, 0x63, 0xBF, 0x63, 0xBF, 0x63, 0x9E, 0x63, 0x9D,
    0x63, 0x9D, 0x5B, 0x7C, 0x63, 0x7C, 0x63, 0x9D, 0x63, 0x9E, 0x63, 0xBF, 0x63, 0xBF, 0x63, 0xBE,
    0x63, 0x9E, 0x63, 0xBF, 0x63, 0xBF, 0x63, 0xBF, 0x63, 0xBE, 0x63, 0xBF, 0x63, 0xDF, 0x63, 0xDF,
    0x63, 0xDF, 0x63, 0xDF, 0x63, 0xDF, 0x63, 0xBF, 0x63, 0x9E, 0x63, 0x9D, 0x63, 0x9D, 0x63, 0x9E,
    0x63, 0x9E, 0x63, 0x9E, 0x63, 0xBF, 0x63, 0xBF, 0x63, 0x9E, 0x63, 0x9E, 0x63, 0xBF, 0x63, 0xBF,
    0x63, 0xDF, 0x63, 0xDF, 0x63, 0xDF, 0x63, 0xBF, 0x63, 0xBF, 0x63, 0xBE, 0x63, 0xDF, 0x63, 0xBF,
    0x29, 0xF8, 0x29, 0xF8, 0x29, 0xF9, 0x29, 0xF9, 0x29, 0xF9, 0x29, 0xF8, 0x29, 0xF8, 0x29, 0xD7,
    0x29, 0xD7, 0x29, 0xF8, 0x29, 0xF9, 0x2A, 0x19, 0x29, 0xF8, 0x29, 0xD7, 0x29, 0xD7, 0x29, 0xD7,
    0x29, 0xF8, 0x29, 0xF8, 0x29, 0xD7, 0x21, 0xD6, 0x29, 0xD7, 0x2A, 0x1A, 0x2A, 0x1A, 0x29, 0xF9,
    0x29, 0xD7, 0x21, 0xB6, 0x21, 0xB6, 0x21, 0xB6, 0x29, 0xD7, 0x29, 0xF8, 0x29, 0xF8, 0x29, 0xD7,
    0x29, 0xF8, 0x2A, 0x19, 0x29, 0xF9, 0x29, 0xF8, 0x29, 0xD6, 0x21, 0xB6, 0x29, 0xD7, 0x29, 0xF8,
    0x29, 0xD7, 0x21, 0xD6, 0x21, 0xD6, 0x21, 0xB6, 0x29, 0xD7, 0x29, 0xD7, 0x29, 0xF8, 0x29, 0xF8,
    0x29, 0xF8, 0x29, 0xD7, 0x29, 0xD7, 0x29, 0xF8, 0x29, 0xF9, 0x29, 0xF8, 0x29, 0xF7, 0x29, 0xF8,
    0x2A, 0x19, 0x2A, 0x19, 0x29, 0xF8, 0x29, 0xF8, 0x29, 0xF8, 0x29, 0xD7, 0x21, 0xD6, 0x21, 0xD6,
    0x21, 0xD6, 0x29, 0xD7, 0x29, 0xF8, 0x29, 0xF8, 0x29, 0xF8, 0x29, 0xF8, 0x29, 0xF8, 0x29, 0xF8,
    0x29, 0xF9, 0x29, 0xF9, 0x29, 0xF9, 0x29, 0xF8, 0x29, 0xF8, 0x29, 0xD7, 0x29, 0xD7, 0x00, 0x00,
    0xAD, 0x75, 0x00, 0x00, 0x00, 0x00, 0x00, 0x00, 0x00, 0x00, 0x00, 0x00, 0x00, 0x00, 0x00, 0x00,
    0x00, 0x00, 0x00, 0x00, 0x00, 0x00, 0x00, 0x00, 0x00, 0x00, 0x00, 0x00, 0x00, 0x00, 0x00, 0x00,
    0x00, 0x00, 0x00, 0x00, 0x00, 0x00, 0x00, 0x00, 0x00, 0x00, 0x00, 0x00, 0x00, 0x00, 0x00, 0x00,
    0x00, 0x00, 0x00, 0x00, 0x00, 0x00, 0x00, 0x00, 0x00, 0x00, 0x00, 0x00, 0x00, 0x00, 0x00, 0x00,
    0x00, 0x00, 0x00, 0x00, 0x00, 0x00, 0x00, 0x00, 0x00, 0x00, 0x00, 0x00, 0x00, 0x00, 0x00, 0x00,
    0x00, 0x00, 0x00, 0x00, 0x00, 0x00, 0x00, 0x00, 0x00, 0x00, 0x00, 0x00, 0x00, 0x00, 0x00, 0x00,
    0x00, 0x00, 0x00, 0x00, 0x00, 0x00, 0x00, 0x00, 0x00, 0x00, 0x00, 0x00, 0x00, 0x00, 0x00, 0x00,
    0x00, 0x00, 0x00, 0x00, 0x00, 0x00, 0x00, 0x00, 0x00, 0x00, 0x00, 0x00, 0x00, 0x00, 0x00, 0x00,
    0x00, 0x00, 0x00, 0x00, 0x00, 0x00, 0x00, 0x00, 0x00, 0x00, 0x00, 0x00, 0x00, 0x00, 0x00, 0x00,
    0x00, 0x00, 0x00, 0x00, 0x00, 0x00, 0xAD, 0x75, 0x00, 0x00, 0x29, 0xF8, 0x29, 0xF8, 0x29, 0xD7,
    0x29, 0xF8, 0x2A, 0x1A, 0x2A, 0x1B, 0x2A, 0x19, 0x29, 0xF8, 0x29, 0xD6, 0x21, 0xB6, 0x29, 0xD6,
    0x29, 0xF8, 0x29, 0xF9, 0x29, 0xF8, 0x29, 0xF7, 0x29, 0xF8, 0x2A, 0x19, 0x29, 0xF9, 0x29, 0xF8,
    0x21, 0xD6, 0x21, 0xB5, 0x29, 0xD7, 0x29, 0xF8, 0x29, 0xD7, 0x21, 0xB6, 0x21, 0xB6, 0x21, 0xB6,
    0x21, 0xD6, 0x29, 0xD7, 0x29, 0xD7, 0x29, 0xF8, 0x29, 0xF8, 0x29, 0xD7, 0x29, 0xD7, 0x29, 0xF8,
    0x29, 0xF8, 0x29, 0xF8, 0x29, 0xD7, 0x29, 0xF8, 0x29, 0xF9, 0x29, 0xF9, 0x29, 0xF8, 0x29, 0xF8,
    0x29, 0xF8, 0x29, 0xD7, 0x21, 0xD6, 0x21, 0xD6, 0x21, 0xD6, 0x29, 0xD7, 0x29, 0xF8, 0x29, 0xF8,
    0x29, 0xF8, 0x29, 0xF8, 0x29, 0xF8, 0x29, 0xF8, 0x2A, 0x19, 0x2A, 0x19, 0x29, 0xF9, 0x29, 0xF8,
    0x29, 0xF8, 0x29, 0xF7, 0x29, 0xF8, 0x29, 0xF8, 0x2A, 0x19, 0x2A, 0x1A, 0x29, 0xF9, 0x29, 0xF8,
    0x29, 0xD7, 0x29, 0xF8, 0x29, 0xF8, 0x29, 0xF8, 0x29, 0xF8, 0x29, 0xD7, 0x29, 0xF8, 0x2A, 0x1A,
    0x2A, 0x1A, 0x2A, 0x19, 0x29, 0xD7, 0x21, 0xB6, 0x21, 0x93, 0x00, 0x00, 0x53, 0x19, 0x63, 0xBF,
    0x63, 0xBF, 0x63, 0xBF, 0x63, 0xBF, 0x63, 0xBF, 0x63, 0x9E, 0x63, 0x9E, 0x63, 0x9E, 0x63, 0xBF,
    0x63, 0xDF, 0x63, 0xDF, 0x63, 0xBF, 0x63, 0xBE, 0x63, 0xBE, 0x63, 0xBF, 0x63, 0xBF, 0x63, 0xBF,
    0x63, 0xBE, 0x63, 0x9E, 0x63, 0xBF, 0x63, 0xDF, 0x6B, 0xDF, 0x63, 0xBF, 0x63, 0x9E, 0x5B, 0x7C,
    0x5B, 0x7C, 0x5B, 0x7C, 0x63, 0x9E, 0x63, 0xBF, 0x63, 0xBF, 0x63, 0x9E, 0x63, 0xBF, 0x63, 0xDF,
    0x63, 0xDF, 0x63, 0xDF, 0x63, 0x9E, 0x63, 0x9D, 0x63, 0xBE, 0x63, 0xBF, 0x63, 0x9E, 0x63, 0x9D,
    0x63, 0x9D, 0x5B, 0x7C, 0x63, 0x9D, 0x63, 0x9D, 0x63, 0x9E, 0x63, 0xBE, 0x63, 0x9E, 0x63, 0x9D,
    0x63, 0x9E, 0x63, 0xBF, 0x63, 0xBF, 0x63, 0xBF, 0x63, 0xBF, 0x63, 0xDF, 0x63, 0xDF, 0x63, 0xDF,
    0x63, 0xBF, 0x63, 0xBF, 0x63, 0xBF, 0x63, 0x9D, 0x63, 0x9D, 0x63, 0x9D, 0x63, 0x9D, 0x63, 0x9D,
    0x63, 0x9E, 0x63, 0xBE, 0x63, 0xBE, 0x63, 0xBF, 0x63, 0xBF, 0x63, 0xBF, 0x63, 0xDF, 0x63, 0xDF,
    0x63, 0xDF, 0x63, 0xBF, 0x63, 0xBF, 0x63, 0xBF, 0x63, 0xBF, 0x63, 0xBF, 0x63, 0xDF, 0x63, 0xBF,
    0x29, 0xF8, 0x29, 0xF9, 0x29, 0xF9, 0x29, 0xF8, 0x29, 0xF8, 0x29, 0xD7, 0x29, 0xD7, 0x29, 0xD7,
    0x29, 0xD7, 0x29, 0xF8, 0x29, 0xF8, 0x29, 0xF8, 0x29, 0xD7, 0x21, 0xB6, 0x21, 0xB6, 0x29, 0xD7,
    0x29, 0xF8, 0x29, 0xD7, 0x29, 0xD7, 0x29, 0xD7, 0x29, 0xF9, 0x2A, 0x1A, 0x29, 0xF9, 0x29, 0xD7,
    0x21, 0xB6, 0x21, 0xB6, 0x29, 0xD7, 0x29, 0xD7, 0x29, 0xF8, 0x29, 0xF8, 0x29, 0xD7, 0x29, 0xD7,
    0x29, 0xF8, 0x29, 0xF9, 0x29, 0xF9, 0x29, 0xF8, 0x29, 0xD7, 0x29, 0xF7, 0x29, 0xF8, 0x29, 0xF8,
    0x29, 0xF7, 0x29, 0xD6, 0x29, 0xD6, 0x29, 0xD7, 0x29, 0xF8, 0x29, 0xF8, 0x29, 0xF8, 0x29, 0xF9,
    0x29, 0xF8, 0x29, 0xD7, 0x29, 0xF8, 0x2A, 0x19, 0x29, 0xF9, 0x29, 0xF8, 0x29, 0xD7, 0x29, 0xF8,
    0x29, 0xF9, 0x29, 0xF8, 0x29, 0xD7, 0x29, 0xD7, 0x29, 0xD7, 0x29, 0xD6, 0x29, 0xD6, 0x29, 0xD7,
    0x29, 0xD7, 0x29, 0xD8, 0x29, 0xF8, 0x29, 0xF8, 0x29, 0xD8, 0x29, 0xF8, 0x29, 0xF8, 0x29, 0xF8,
    0x29, 0xF8, 0x29, 0xF8, 0x29, 0xF8, 0x29, 0xD7, 0x29, 0xD7, 0x29, 0xD7, 0x29, 0xD7, 0x00, 0x00,
    0xAD, 0x75, 0x00, 0x00, 0x00, 0x00, 0x00, 0x00, 0x00, 0x00, 0x00, 0x00, 0x00, 0x00, 0x00, 0x00,
    0x00, 0x00, 0x00, 0x00, 0x00, 0x00, 0x00, 0x00, 0x00, 0x00, 0x00, 0x00, 0x00, 0x00, 0x00, 0x00,
    0x00, 0x00, 0x00, 0x00, 0x00, 0x00, 0x00, 0x00, 0x00, 0x00, 0x00, 0x00, 0x00, 0x00, 0x00, 0x00,
    0x00, 0x00, 0x00, 0x00, 0x00, 0x00, 0x00, 0x00, 0x00, 0x00, 0x00, 0x00, 0x00, 0x00, 0x00, 0x00,
    0x00, 0x00, 0x00, 0x00, 0x00, 0x00, 0x00, 0x00, 0x00, 0x00, 0x00, 0x00, 0x00, 0x00, 0x00, 0x00,
    0x00, 0x00, 0x00, 0x00, 0x00, 0x00, 0x00, 0x00, 0x00, 0x00, 0x00, 0x00, 0x00, 0x00, 0x00, 0x00,
    0x00, 0x00, 0x00, 0x00, 0x00, 0x00, 0x00, 0x00, 0x00, 0x00, 0x00, 0x00, 0x00, 0x00, 0x00, 0x00,
    0x00, 0x00, 0x00, 0x00, 0x00, 0x00, 0x00, 0x00, 0x00, 0x00, 0x00, 0x00, 0x00, 0x00, 0x00, 0x00,
    0x00, 0x00, 0x00, 0x00, 0x00, 0x00, 0x00, 0x00, 0x00, 0x00, 0x00, 0x00, 0x00, 0x00, 0x00, 0x00,
    0x00, 0x00, 0x00, 0x00, 0x00, 0x00, 0xAD, 0x75, 0x00, 0x00, 0x29, 0xF8, 0x29, 0xD7, 0x29, 0xF8,
    0x2A, 0x19, 0x2A, 0x1A, 0x2A, 0x1A, 0x29, 0xF8, 0x29, 0xD7, 0x29, 0xD6, 0x29, 0xD7, 0x29, 0xF8,
    0x29, 0xF9, 0x29, 0xF9, 0x29, 0xF8, 0x29, 0xD7, 0x29, 0xF8, 0x29, 0xF9, 0x29, 0xF9, 0x29, 0xF8,
    0x29, 0xD7, 0x29, 0xD7, 0x29, 0xF8, 0x29, 0xF8, 0x29, 0xD7, 0x21, 0xB6, 0x21, 0xB6, 0x29, 0xD6,
    0x29, 0xD7, 0x29, 0xD7, 0x29, 0xD7, 0x29, 0xF8, 0x29, 0xD8, 0x29, 0xD7, 0x29, 0xD8, 0x29, 0xF8,
    0x29, 0xF8, 0x29, 0xD7, 0x29, 0xD7, 0x29, 0xF8, 0x29, 0xF9, 0x29, 0xD8, 0x29, 0xD7, 0x29, 0xD7,
    0x29, 0xD7, 0x29, 0xD6, 0x29, 0xD6, 0x29, 0xD7, 0x29, 0xD7, 0x29, 0xD8, 0x29, 0xF8, 0x29, 0xF8,
    0x29, 0xF8, 0x29, 0xF9, 0x29, 0xF9, 0x29, 0xF9, 0x29, 0xF9, 0x2A, 0x19, 0x29, 0xF9, 0x29, 0xF8,
    0x29, 0xF7, 0x29, 0xD7, 0x29, 0xF7, 0x29, 0xF8, 0x29, 0xF9, 0x29, 0xF9, 0x29, 0xD7, 0x29, 0xD6,
    0x29, 0xD7, 0x29, 0xF7, 0x29, 0xF8, 0x29, 0xF8, 0x29, 0xD7, 0x29, 0xF8, 0x2A, 0x19, 0x2A, 0x1A,
    0x2A, 0x1A, 0x29, 0xD7, 0x21, 0xD6, 0x21, 0xD6, 0x21, 0x93, 0x00, 0x00, 0x53, 0x19, 0x63, 0xBF,
    0x63, 0xBF, 0x63, 0xBF, 0x63, 0xBF, 0x63, 0x9E, 0x63, 0x9E, 0x63, 0x9D, 0x63, 0x9E, 0x63, 0xBF,
    0x63, 0xBF, 0x63, 0xBF, 0x63, 0x9E, 0x63, 0x9D, 0x63, 0x9E, 0x63, 0xBF, 0x63, 0xBF, 0x63, 0xBF,
    0x63, 0x9E, 0x63, 0xBE, 0x63, 0xDF, 0x6B, 0xDF, 0x63, 0xDF, 0x63, 0x9E, 0x63, 0x9D, 0x63, 0x9D,
    0x63, 0x9D, 0x63, 0x9E, 0x63, 0xBF, 0x63, 0xBF, 0x63, 0xBE, 0x63, 0x9E, 0x63, 0xBF, 0x63, 0xDF,
    0x63, 0xDF, 0x63, 0xDF, 0x63, 0xBE, 0x63, 0xBF, 0x63, 0xBF, 0x63, 0xBF, 0x63, 0x9E, 0x63, 0x9D,
    0x63, 0x9D, 0x63, 0x9D, 0x63, 0x9E, 0x63, 0x9E, 0x63, 0x9E, 0x63, 0xBF, 0x63, 0xBE, 0x63, 0x9E,
    0x63, 0xBF, 0x63, 0xBF, 0x63, 0xBF, 0x63, 0xBF, 0x63, 0xBE, 0x63, 0xDF, 0x63, 0xDF, 0x63, 0xDF,
    0x63, 0xBE, 0x63, 0x9E, 0x63, 0x9E, 0x63, 0x9E, 0x63, 0x9D, 0x63, 0x9E, 0x63, 0x9E, 0x63, 0xBE,
    0x63, 0xBF, 0x63, 0xBF, 0x63, 0xBE, 0x63, 0xBF, 0x63, 0xBF, 0x63, 0xBF, 0x63, 0xBF, 0x63, 0xBF,
    0x63, 0xBF, 0x63, 0xBF, 0x63, 0xBF, 0x63, 0xBE, 0x63, 0xBF, 0x63, 0xBF, 0x63, 0xBF, 0x63, 0xBF,
    0x29, 0xF8, 0x29, 0xF8, 0x29, 0xF8, 0x29, 0xF8, 0x29, 0xF8, 0x29, 0xD8, 0x29, 0xD7, 0x29, 0xD7,
    0x29, 0xF8, 0x29, 0xF8, 0x29, 0xF8, 0x29, 0xF8, 0x29, 0xD7, 0x29, 0xD7, 0x29, 0xD7, 0x29, 0xF8,
    0x29, 0xF8, 0x29, 0xD7, 0x29, 0xD7, 0x29, 0xF8, 0x29, 0xF9, 0x29, 0xF9, 0x29, 0xD7, 0x21, 0xB5,
    0x21, 0xB5, 0x21, 0xD6, 0x29, 0xD7, 0x29, 0xF8, 0x29, 0xF8, 0x29, 0xF8, 0x29, 0xD7, 0x29, 0xD7,
    0x29, 0xF9, 0x2A, 0x19, 0x29, 0xF9, 0x29, 0xF8, 0x29, 0xF8, 0x29, 0xF9, 0x2A, 0x19, 0x29, 0xF9,
    0x29, 0xF8, 0x29, 0xD7, 0x29, 0xD7, 0x29, 0xF8, 0x29, 0xF9, 0x29, 0xF9, 0x2A, 0x19, 0x2A, 0x19,
    0x2A, 0x19, 0x29, 0xF9, 0x2A, 0x1A, 0x2A, 0x1A, 0x29, 0xF9, 0x29, 0xF7, 0x29, 0xF8, 0x29, 0xF9,
    0x2A, 0x19, 0x29, 0xF8, 0x29, 0xD7, 0x29, 0xF8, 0x29, 0xF8, 0x29, 0xF8, 0x29, 0xF8, 0x29, 0xF8,
    0x29, 0xF8, 0x29, 0xF9, 0x29, 0xF9, 0x29, 0xF9, 0x29, 0xF8, 0x29, 0xF8, 0x29, 0xF9, 0x29, 0xF8,
    0x29, 0xF8, 0x29, 0xF8, 0x29, 0xF8, 0x29, 0xD8, 0x29, 0xD7, 0x29, 0xD7, 0x29, 0xF8, 0x00, 0x00,
    0xAD, 0x75, 0x00, 0x00, 0x00, 0x00, 0x00, 0x00, 0x00, 0x00, 0x00, 0x00, 0x00, 0x00, 0x00, 0x00,
    0x00, 0x00, 0x00, 0x00, 0x00, 0x00, 0x00, 0x00, 0x00, 0x00, 0x00, 0x00, 0x00, 0x00, 0x00, 0x00,
    0x00, 0x00, 0x00, 0x00, 0x00, 0x00, 0x00, 0x00, 0x00, 0x00, 0x00, 0x00, 0x00, 0x00, 0x00, 0x00,
    0x00, 0x00, 0x00, 0x00, 0x00, 0x00, 0x00, 0x00, 0x00, 0x00, 0x00, 0x00, 0x00, 0x00, 0x00, 0x00,
    0x00, 0x00, 0x00, 0x00, 0x00, 0x00, 0x00, 0x00, 0x00, 0x00, 0x00, 0x00, 0x00, 0x00, 0x00, 0x00,
    0x00, 0x00, 0x00, 0x00, 0x00, 0x00, 0x00, 0x00, 0x00, 0x00, 0x00, 0x00, 0x00, 0x00, 0x00, 0x00,
    0x00, 0x00, 0x00, 0x00, 0x00, 0x00, 0x00, 0x00, 0x00, 0x00, 0x00, 0x00, 0x00, 0x00, 0x00, 0x00,
    0x00, 0x00, 0x00, 0x00, 0x00, 0x00, 0x00, 0x00, 0x00, 0x00, 0x00, 0x00, 0x00, 0x00, 0x00, 0x00,
    0x00, 0x00, 0x00, 0x00, 0x00, 0x00, 0x00, 0x00, 0x00, 0x00, 0x00, 0x00, 0x00, 0x00, 0x00, 0x00,
    0x00, 0x00, 0x00, 0x00, 0x00, 0x00, 0xAD, 0x75, 0x00, 0x00, 0x29, 0xF8, 0x29, 0xD7, 0x29, 0xF8,
    0x2A, 0x19, 0x2A, 0x19, 0x29, 0xF8, 0x21, 0xB5, 0x21, 0xB6, 0x29, 0xD7, 0x29, 0xF8, 0x29, 0xF8,
    0x29, 0xF8, 0x29, 0xF8, 0x29, 0xD7, 0x29, 0xF7, 0x29, 0xF9, 0x2A, 0x19, 0x29, 0xF9, 0x29, 0xF8,
    0x29, 0xF8, 0x29, 0xF9, 0x29, 0xF9, 0x29, 0xF9, 0x29, 0xF8, 0x29, 0xD7, 0x29, 0xD7, 0x29, 0xF8,
    0x29, 0xF8, 0x29, 0xF9, 0x29, 0xF9, 0x29, 0xF9, 0x29, 0xF9, 0x29, 0xF8, 0x2A, 0x19, 0x2A, 0x1A,
    0x29, 0xF8, 0x29, 0xD7, 0x29, 0xD7, 0x29, 0xF9, 0x29, 0xF9, 0x29, 0xF8, 0x29, 0xD7, 0x29, 0xF8,
    0x29, 0xF8, 0x29, 0xF8, 0x29, 0xF8, 0x29, 0xF8, 0x29, 0xF8, 0x29, 0xF9, 0x29, 0xF9, 0x29, 0xF9,
    0x29, 0xF8, 0x29, 0xF8, 0x29, 0xF9, 0x29, 0xF8, 0x29, 0xF8, 0x29, 0xF8, 0x29, 0xF8, 0x29, 0xF8,
    0x29, 0xD7, 0x29, 0xD7, 0x29, 0xF8, 0x29, 0xF9, 0x29, 0xF9, 0x29, 0xF8, 0x29, 0xF8, 0x29, 0xD7,
    0x29, 0xF8, 0x29, 0xF8, 0x29, 0xF8, 0x29, 0xF8, 0x29, 0xD7, 0x29, 0xF8, 0x2A, 0x19, 0x2A, 0x19,
    0x29, 0xF7, 0x21, 0xB5, 0x21, 0xB5, 0x21, 0xD6, 0x21, 0x93, 0x00, 0x00, 0x53, 0x19, 0x63, 0xBF,
    0x63, 0x9E, 0x63, 0x9E, 0x63, 0xBE, 0x63, 0x9E, 0x63, 0x9D, 0x63, 0x9D, 0x63, 0x9E, 0x63, 0xBF,
    0x63, 0xBF, 0x63, 0xBF, 0x63, 0xBE, 0x63, 0x9E, 0x63, 0xBF, 0x63, 0xBF, 0x63, 0xDF, 0x63, 0xBF,
    0x63, 0xBE, 0x63, 0xBF, 0x63, 0xDF, 0x63, 0xDF, 0x63, 0x9E, 0x5B, 0x7C, 0x5B, 0x7B, 0x63, 0x9D,
    0x63, 0x9E, 0x63, 0xBE, 0x63, 0xBF, 0x63, 0xBF, 0x63, 0x9E, 0x63, 0x9E, 0x63, 0xDF, 0x63, 0xDF,
    0x63, 0xDF, 0x63, 0xBF, 0x63, 0xBF, 0x63, 0xDF, 0x63, 0xDF, 0x63, 0xDF, 0x63, 0xBF, 0x63, 0x9E,
    0x63, 0x9E, 0x63, 0x9E, 0x63, 0xBF, 0x63, 0xBF, 0x63, 0xBF, 0x63, 0xBF, 0x63, 0xBF, 0x63, 0xBF,
    0x63, 0xDF, 0x63, 0xDF, 0x63, 0xBF, 0x63, 0xBE, 0x63, 0xBF, 0x63, 0xDF, 0x63, 0xDF, 0x63, 0xBF,
    0x63, 0xBE, 0x63, 0xBF, 0x63, 0xBF, 0x63, 0xBF, 0x63, 0xBF, 0x63, 0xBF, 0x63, 0xBF, 0x63, 0xBF,
    0x63, 0xBF, 0x63, 0xBF, 0x63, 0x9E, 0x63, 0xBF, 0x63, 0xBF, 0x63, 0xBF, 0x63, 0xBF, 0x63, 0xBF,
    0x63, 0xBF, 0x63, 0xBF, 0x63, 0xBE, 0x63, 0xBF, 0x63, 0xBF, 0x63, 0xBF, 0x63, 0xBF, 0x63, 0xBF,
    0x29, 0xF8, 0x29, 0xF7, 0x29, 0xD7, 0x29, 0xD7, 0x29, 0xF8, 0x29, 0xD7, 0x29, 0xD6, 0x29, 0xD7,
    0x29, 0xF8, 0x29, 0xF8, 0x29, 0xF8, 0x29, 0xF8, 0x29, 0xD7, 0x29, 0xD7, 0x29, 0xF8, 0x29, 0xF8,
    0x29, 0xF8, 0x29, 0xF7, 0x29, 0xD7, 0x29, 0xF8, 0x29, 0xF8, 0x29, 0xD7, 0x21, 0xB5, 0x21, 0xB5,
    0x21, 0xB6, 0x29, 0xD7, 0x29, 0xF8, 0x29, 0xF8, 0x29, 0xF8, 0x29, 0xF8, 0x29, 0xF8, 0x29, 0xF8,
    0x2A, 0x19, 0x2A, 0x19, 0x29, 0xF8, 0x29, 0xD7, 0x29, 0xD7, 0x29, 0xF8, 0x29, 0xF8, 0x29, 0xF8,
    0x29, 0xF8, 0x29, 0xF8, 0x29, 0xF8, 0x2A, 0x19, 0x2A, 0x1A, 0x2A, 0x1A, 0x2A, 0x1A, 0x2A, 0x1A,
    0x29, 0xF9, 0x29, 0xF9, 0x2A, 0x19, 0x29, 0xF9, 0x29, 0xD7, 0x29, 0xD6, 0x29, 0xF8, 0x29, 0xF9,
    0x29, 0xF8, 0x29, 0xD7, 0x29, 0xD7, 0x29, 0xF8, 0x29, 0xF9, 0x29, 0xF8, 0x2A, 0x19, 0x29, 0xF9,
    0x29, 0xF9, 0x2A, 0x19, 0x29, 0xF9, 0x29, 0xF8, 0x29, 0xF8, 0x29, 0xF8, 0x29, 0xF8, 0x29, 0xD7,
    0x29, 0xD7, 0x29, 0xD7, 0x29, 0xF8, 0x29, 0xD7, 0x21, 0xD6, 0x29, 0xD7, 0x29, 0xF8, 0x00, 0x00,
    0xAD, 0x75, 0x00, 0x00, 0x00, 0x00, 0x00, 0x00, 0x00, 0x00, 0x00, 0x00, 0x00, 0x00, 0x00, 0x00,
    0x00, 0x00, 0x00, 0x00, 0x00, 0x00, 0x00, 0x00, 0x00, 0x00, 0x00, 0x00, 0x00, 0x00, 0x00, 0x00,
    0x00, 0x00, 0x00, 0x00, 0x00, 0x00, 0x00, 0x00, 0x00, 0x00, 0x00, 0x00, 0x00, 0x00, 0x00, 0x00,
    0x00, 0x00, 0x00, 0x00, 0x00, 0x00, 0x00, 0x00, 0x00, 0x00, 0x00, 0x00, 0x00, 0x00, 0x00, 0x00,
    0x00, 0x00, 0x00, 0x00, 0x00, 0x00, 0x00, 0x00, 0x00, 0x00, 0x00, 0x00, 0x00, 0x00, 0x00, 0x00,
    0x00, 0x00, 0x00, 0x00, 0x00, 0x00, 0x00, 0x00, 0x00, 0x00, 0x00, 0x00, 0x00, 0x00, 0x00, 0x00,
    0x00, 0x00, 0x00, 0x00, 0x00, 0x00, 0x00, 0x00, 0x00, 0x00, 0x00, 0x00, 0x00, 0x00, 0x00, 0x00,
    0x00, 0x00, 0x00, 0x00, 0x00, 0x00, 0x00, 0x00, 0x00, 0x00, 0x00, 0x00, 0x00, 0x00, 0x00, 0x00,
    0x00, 0x00, 0x00, 0x00, 0x00, 0x00, 0x00, 0x00, 0x00, 0x00, 0x00, 0x00, 0x00, 0x00, 0x00, 0x00,
    0x00, 0x00, 0x00, 0x00, 0x00, 0x00, 0xAD, 0x75, 0x00, 0x00, 0x29, 0xF8, 0x29, 0xD7, 0x29, 0xF8,
    0x29, 0xF9, 0x29, 0xD7, 0x21, 0xB6, 0x21, 0xB5, 0x21, 0xD6, 0x29, 0xD8, 0x29, 0xF8, 0x29, 0xF8,
    0x29, 0xF8, 0x29, 0xF8, 0x29, 0xF8, 0x29, 0xF9, 0x2A, 0x19, 0x2A, 0x19, 0x29, 0xF8, 0x29, 0xD7,
    0x29, 0xD7, 0x29, 0xF8, 0x29, 0xF7, 0x29, 0xF7, 0x29, 0xF8, 0x29, 0xF8, 0x29, 0xF8, 0x29, 0xF8,
    0x2A, 0x19, 0x2A, 0x1A, 0x2A, 0x19, 0x29, 0xF9, 0x29, 0xF9, 0x29, 0xF9, 0x2A, 0x19, 0x29, 0xF8,
    0x29, 0xD7, 0x29, 0xD6, 0x29, 0xD7, 0x29, 0xF9, 0x29, 0xF8, 0x29, 0xD7, 0x29, 0xD7, 0x29, 0xF8,
    0x29, 0xF9, 0x29, 0xF8, 0x29, 0xF9, 0x29, 0xF9, 0x29, 0xF9, 0x2A, 0x19, 0x2A, 0x19, 0x29, 0xF9,
    0x29, 0xF8, 0x29, 0xF8, 0x29, 0xF8, 0x29, 0xF7, 0x29, 0xD7, 0x29, 0xD7, 0x29, 0xF8, 0x29, 0xD7,
    0x29, 0xD7, 0x29, 0xD7, 0x29, 0xF8, 0x29, 0xF9, 0x29, 0xF8, 0x29, 0xF8, 0x29, 0xF8, 0x29, 0xF8,
    0x29, 0xF8, 0x29, 0xF9, 0x29, 0xF8, 0x29, 0xF8, 0x29, 0xD7, 0x29, 0xF8, 0x29, 0xF8, 0x29, 0xD7,
    0x21, 0xB5, 0x21, 0xB5, 0x21, 0xD6, 0x29, 0xD7, 0x21, 0x94, 0x00, 0x00, 0x53, 0x19, 0x63, 0x9E,
    0x63, 0x9D, 0x63, 0x9E, 0x63, 0x9E, 0x63, 0x9E, 0x63, 0x9D, 0x63, 0x9E, 0x63, 0xBF, 0x63, 0xBF,
    0x63, 0xBF, 0x63, 0xBF, 0x63, 0xBF, 0x63, 0xBF, 0x63, 0xBF, 0x63, 0xDF, 0x63, 0xDF, 0x63, 0xBF,
    0x63, 0xBE, 0x63, 0xBF, 0x63, 0xBF, 0x63, 0x9D, 0x5B, 0x7C, 0x5B, 0x7C, 0x63, 0x9D, 0x63, 0x9E,
    0x63, 0x9E, 0x63, 0xBF, 0x63, 0xBE, 0x63, 0xBE, 0x63, 0xBE, 0x63, 0xBF, 0x63, 0xDF, 0x63, 0xDF,
    0x63, 0xBF, 0x63, 0xBF, 0x63, 0xBF, 0x63, 0xBF, 0x63, 0xBF, 0x63, 0xBF, 0x63, 0xBF, 0x63, 0xBF,
    0x63, 0xBF, 0x63, 0xBF, 0x63, 0xDF, 0x63, 0xDF, 0x63, 0xDF, 0x63, 0xBF, 0x63, 0xBF, 0x63, 0xBF,
    0x63, 0xDF, 0x63, 0xBF, 0x63, 0x9E, 0x63, 0x9D, 0x63, 0xBF, 0x63, 0xDF, 0x63, 0xDF, 0x63, 0xBF,
    0x63, 0xBE, 0x63, 0xDF, 0x63, 0xDF, 0x63, 0xBF, 0x63, 0xBF, 0x63, 0xBF, 0x63, 0xBF, 0x63, 0xDF,
    0x63, 0xBF, 0x63, 0xBF, 0x63, 0xBF, 0x63, 0xBF, 0x63, 0xBF, 0x63, 0x9E, 0x63, 0x9E, 0x63, 0xBE,
    0x63, 0xBF, 0x63, 0xBE, 0x63, 0x9E, 0x63, 0xBE, 0x63, 0xBF, 0x63, 0xDF, 0x63, 0xBF, 0x63, 0xBF,
    0x29, 0xF8, 0x29, 0xF8, 0x29, 0xD7, 0x29, 0xD7, 0x29, 0xF8, 0x29, 0xD7, 0x29, 0xD6, 0x29, 0xD7,
    0x29, 0xF8, 0x29, 0xF8, 0x29, 0xF8, 0x29, 0xD7, 0x29, 0xD7, 0x29, 0xD7, 0x29, 0xD7, 0x29, 0xF8,
    0x29, 0xF8, 0x29, 0xD7, 0x29, 0xD7, 0x29, 0xF8, 0x29, 0xF8, 0x29, 0xD7, 0x29, 0xD6, 0x29, 0xD7,
    0x29, 0xF8, 0x29, 0xF9, 0x29, 0xF9, 0x29, 0xF8, 0x29, 0xF8, 0x29, 0xF8, 0x29, 0xF9, 0x2A, 0x19,
    0x2A, 0x19, 0x2A, 0x19, 0x29, 0xF8, 0x29, 0xF8, 0x29, 0xF8, 0x29, 0xF8, 0x29, 0xD7, 0x29, 0xD8,
    0x29, 0xF9, 0x29, 0xF9, 0x29, 0xF8, 0x2A, 0x19, 0x2A, 0x1A, 0x2A, 0x1A, 0x2A, 0x19, 0x29, 0xF9,
    0x29, 0xF8, 0x29, 0xF9, 0x29, 0xF8, 0x29, 0xD7, 0x21, 0xB5, 0x21, 0xD6, 0x29, 0xF8, 0x29, 0xF9,
    0x29, 0xF8, 0x29, 0xD7, 0x29, 0xD7, 0x29, 0xF9, 0x29, 0xF9, 0x29, 0xF8, 0x29, 0xF8, 0x29, 0xF9,
    0x29, 0xF8, 0x29, 0xF8, 0x29, 0xF8, 0x29, 0xF8, 0x29, 0xF8, 0x29, 0xF8, 0x29, 0xF8, 0x29, 0xF8,
    0x29, 0xD7, 0x29, 0xD7, 0x29, 0xF8, 0x29, 0xD7, 0x29, 0xD6, 0x29, 0xD7, 0x29, 0xF8, 0x00, 0x00,
    0xAD, 0x75, 0x00, 0x00, 0x00, 0x00, 0x00, 0x00, 0x00, 0x00, 0x00, 0x00, 0x00, 0x00, 0x00, 0x00,
    0x00, 0x00, 0x00, 0x00, 0x00, 0x00, 0x00, 0x00, 0x00, 0x00, 0x00, 0x00, 0x00, 0x00, 0x00, 0x00,
    0x00, 0x00, 0x00, 0x00, 0x00, 0x00, 0x00, 0x00, 0x00, 0x00, 0x00, 0x00, 0x00, 0x00, 0x00, 0x00,
    0x00, 0x00, 0x00, 0x00, 0x00, 0x00, 0x00, 0x00, 0x00, 0x00, 0x00, 0x00, 0x00, 0x00, 0x00, 0x00,
    0x00, 0x00, 0x00, 0x00, 0x00, 0x00, 0x00, 0x00, 0x00, 0x00, 0x00, 0x00, 0x00, 0x00, 0x00, 0x00,
    0x00, 0x00, 0x00, 0x00, 0x00, 0x00, 0x00, 0x00, 0x00, 0x00, 0x00, 0x00, 0x00, 0x00, 0x00, 0x00,
    0x00, 0x00, 0x00, 0x00, 0x00, 0x00, 0x00, 0x00, 0x00, 0x00, 0x00, 0x00, 0x00, 0x00, 0x00, 0x00,
    0x00, 0x00, 0x00, 0x00, 0x00, 0x00, 0x00, 0x00, 0x00, 0x00, 0x00, 0x00, 0x00, 0x00, 0x00, 0x00,
    0x00, 0x00, 0x00, 0x00, 0x00, 0x00, 0x00, 0x00, 0x00, 0x00, 0x00, 0x00, 0x00, 0x00, 0x00, 0x00,
    0x00, 0x00, 0x00, 0x00, 0x00, 0x00, 0xAD, 0x75, 0x00, 0x00, 0x29, 0xD8, 0x29, 0xD7, 0x29, 0xF8,
    0x29, 0xF8, 0x29, 0xD8, 0x29, 0xD7, 0x29, 0xF8, 0x29, 0xF8, 0x2A, 0x19, 0x29, 0xF9, 0x29, 0xF9,
    0x29, 0xF8, 0x29, 0xF9, 0x29, 0xF9, 0x2A, 0x19, 0x2A, 0x1A, 0x29, 0xF9, 0x29, 0xF8, 0x29, 0xF8,
    0x29, 0xF8, 0x29, 0xF8, 0x29, 0xD7, 0x29, 0xD7, 0x29, 0xF9, 0x29, 0xF9, 0x29, 0xF8, 0x29, 0xF9,
    0x2A, 0x1A, 0x2A, 0x1A, 0x29, 0xF9, 0x29, 0xF8, 0x29, 0xF8, 0x29, 0xF8, 0x29, 0xF8, 0x29, 0xD6,
    0x21, 0xB5, 0x21, 0xD6, 0x29, 0xF8, 0x29, 0xF8, 0x29, 0xF7, 0x29, 0xD6, 0x29, 0xD7, 0x29, 0xF8,
    0x29, 0xF9, 0x29, 0xF8, 0x29, 0xF8, 0x29, 0xF9, 0x29, 0xF8, 0x29, 0xF8, 0x29, 0xF8, 0x29, 0xF8,
    0x29, 0xF8, 0x29, 0xF8, 0x29, 0xF8, 0x29, 0xF8, 0x29, 0xD7, 0x29, 0xD8, 0x29, 0xF8, 0x29, 0xD8,
    0x29, 0xD7, 0x29, 0xD7, 0x29, 0xF8, 0x29, 0xF9, 0x29, 0xF8, 0x29, 0xF8, 0x29, 0xF7, 0x29, 0xF7,
    0x29, 0xF8, 0x29, 0xF8, 0x29, 0xF8, 0x29, 0xD8, 0x29, 0xD7, 0x29, 0xF8, 0x29, 0xF8, 0x29, 0xD7,
    0x29, 0xD7, 0x29, 0xD7, 0x29, 0xF8, 0x29, 0xF9, 0x21, 0x94, 0x00, 0x00, 0x53, 0x19, 0x63, 0xBF,
    0x63, 0x9E, 0x63, 0x9E, 0x63, 0xBF, 0x63, 0x9E, 0x63, 0x9D, 0x63, 0x9E, 0x63, 0xBF, 0x63, 0xBF,
    0x63, 0xBF, 0x63, 0xBE, 0x63, 0xBE, 0x63, 0xBE, 0x63, 0xBF, 0x63, 0xBF, 0x63, 0xBF, 0x63, 0xBF,
    0x63, 0xBE, 0x63, 0xBF, 0x63, 0xBF, 0x63, 0x9E, 0x63, 0x9D, 0x63, 0x9E, 0x63, 0xBF, 0x63, 0xBF,
    0x63, 0xBF, 0x63, 0xBF, 0x63, 0xBF, 0x63, 0xBF, 0x63, 0xDF, 0x63, 0xDF, 0x63, 0xDF, 0x63, 0xDF,
    0x63, 0xBF, 0x63, 0xBF, 0x63, 0xBF, 0x63, 0xBF, 0x63, 0xBE, 0x63, 0xBF, 0x63, 0xDF, 0x63, 0xDF,
    0x63, 0xBF, 0x63, 0xBF, 0x63, 0xDF, 0x63, 0xDF, 0x63, 0xBF, 0x63, 0xBF, 0x63, 0xBF, 0x63, 0xBF,
    0x63, 0xBF, 0x63, 0x9E, 0x63, 0x9C, 0x63, 0x9D, 0x63, 0xBF, 0x63, 0xDF, 0x63, 0xBF, 0x63, 0x9E,
    0x63, 0xBE, 0x63, 0xDF, 0x63, 0xDF, 0x63, 0xBF, 0x63, 0xBF, 0x63, 0xBF, 0x63, 0xBF, 0x63, 0xBF,
    0x63, 0xBF, 0x63, 0x9E, 0x63, 0xBF, 0x63, 0xBF, 0x63, 0xBF, 0x63, 0xBF, 0x63, 0xBE, 0x63, 0xBE,
    0x63, 0xBF, 0x63, 0xBF, 0x63, 0x9E, 0x63, 0xBF, 0x63, 0xBF, 0x63, 0xDF, 0x63, 0xBF, 0x63, 0xBF,
    0x29, 0xF8, 0x29, 0xF8, 0x29, 0xF8, 0x29, 0xF8, 0x29, 0xF8, 0x29, 0xF8, 0x29, 0xD7, 0x29, 0xD7,
    0x29, 0xF9, 0x29, 0xF9, 0x29, 0xF8, 0x29, 0xF8, 0x29, 0xF8, 0x29, 0xF8, 0x29, 0xF8, 0x29, 0xF8,
    0x29, 0xF8, 0x29, 0xF8, 0x29, 0xF8, 0x2A, 0x19, 0x2A, 0x19, 0x29, 0xF8, 0x2A, 0x19, 0x2A, 0x1A,
    0x2A, 0x19, 0x2A, 0x1A, 0x2A, 0x1A, 0x2A, 0x19, 0x29, 0xF9, 0x29, 0xF9, 0x2A, 0x1A, 0x29, 0xF9,
    0x29, 0xF9, 0x29, 0xF8, 0x29, 0xD7, 0x29, 0xF8, 0x29, 0xF8, 0x29, 0xF8, 0x29, 0xD7, 0x29, 0xF9,
    0x2A, 0x1A, 0x2A, 0x19, 0x29, 0xF8, 0x29, 0xF8, 0x2A, 0x1A, 0x29, 0xF9, 0x29, 0xF8, 0x29, 0xF7,
    0x29, 0xF8, 0x29, 0xF9, 0x29, 0xF8, 0x29, 0xD7, 0x21, 0xD6, 0x29, 0xF8, 0x29, 0xF9, 0x29, 0xF9,
    0x29, 0xF8, 0x29, 0xF8, 0x29, 0xF9, 0x29, 0xF9, 0x29, 0xF8, 0x29, 0xF8, 0x29, 0xF8, 0x29, 0xF8,
    0x29, 0xF8, 0x29, 0xF8, 0x29, 0xF8, 0x29, 0xD7, 0x29, 0xF8, 0x29, 0xF8, 0x29, 0xF8, 0x29, 0xF8,
    0x29, 0xF8, 0x29, 0xF8, 0x29, 0xF8, 0x29, 0xF8, 0x29, 0xD7, 0x29, 0xD7, 0x29, 0xF9, 0x00, 0x00,
    0xAD, 0x75, 0x00, 0x00, 0x00, 0x00, 0x00, 0x00, 0x00, 0x00, 0x00, 0x00, 0x00, 0x00, 0x00, 0x00,
    0x00, 0x00, 0x00, 0x00, 0x00, 0x00, 0x00, 0x00, 0x00, 0x00, 0x00, 0x00, 0x00, 0x00, 0x00, 0x00,
    0x00, 0x00, 0x00, 0x00, 0x00, 0x00, 0x00, 0x00, 0x00, 0x00, 0x00, 0x00, 0x00, 0x00, 0x00, 0x00,
    0x00, 0x00, 0x00, 0x00, 0x00, 0x00, 0x00, 0x00, 0x00, 0x00, 0x00, 0x00, 0x00, 0x00, 0x00, 0x00,
    0x00, 0x00, 0x00, 0x00, 0x00, 0x00, 0x00, 0x00, 0x00, 0x00, 0x00, 0x00, 0x00, 0x00, 0x00, 0x00,
    0x00, 0x00, 0x00, 0x00, 0x00, 0x00, 0x00, 0x00, 0x00, 0x00, 0x00, 0x00, 0x00, 0x00, 0x00, 0x00,
    0x00, 0x00, 0x00, 0x00, 0x00, 0x00, 0x00, 0x00, 0x00, 0x00, 0x00, 0x00, 0x00, 0x00, 0x00, 0x00,
    0x00, 0x00, 0x00, 0x00, 0x00, 0x00, 0x00, 0x00, 0x00, 0x00, 0x00, 0x00, 0x00, 0x00, 0x00, 0x00,
    0x00, 0x00, 0x00, 0x00, 0x00, 0x00, 0x00, 0x00, 0x00, 0x00, 0x00, 0x00, 0x00, 0x00, 0x00, 0x00,
    0x00, 0x00, 0x00, 0x00, 0x00, 0x00, 0xAD, 0x75, 0x00, 0x00, 0x29, 0xF8, 0x29, 0xF9, 0x2A, 0x1A,
    0x2A, 0x1A, 0x29, 0xF9, 0x2A, 0x1A, 0x2A, 0x1A, 0x2A, 0x1A, 0x2A, 0x1A, 0x2A, 0x1A, 0x2A, 0x1A,
    0x2A, 0x19, 0x2A, 0x1A, 0x2A, 0x1A, 0x29, 0xF9, 0x29, 0xF9, 0x29, 0xF8, 0x29, 0xD7, 0x29, 0xF8,
    0x29, 0xF8, 0x29, 0xF8, 0x29, 0xD7, 0x29, 0xF8, 0x2A, 0x19, 0x29, 0xF9, 0x29, 0xD7, 0x29, 0xF8,
    0x29, 0xF9, 0x29, 0xF8, 0x29, 0xF8, 0x29, 0xD7, 0x29, 0xF8, 0x29, 0xF8, 0x29, 0xF8, 0x29, 0xD6,
    0x21, 0xD6, 0x29, 0xD7, 0x29, 0xF9, 0x29, 0xF9, 0x29, 0xF8, 0x29, 0xF8, 0x29, 0xF8, 0x29, 0xF9,
    0x29, 0xF8, 0x29, 0xF8, 0x29, 0xF8, 0x29, 0xF8, 0x29, 0xF8, 0x29, 0xF8, 0x29, 0xF8, 0x29, 0xD8,
    0x29, 0xF8, 0x29, 0xF8, 0x29, 0xF8, 0x29, 0xF8, 0x29, 0xF8, 0x29, 0xF8, 0x29, 0xF9, 0x29, 0xF8,
    0x29, 0xD7, 0x29, 0xF8, 0x29, 0xF9, 0x2A, 0x19, 0x29, 0xF9, 0x29, 0xF8, 0x29, 0xF8, 0x29, 0xF9,
    0x29, 0xF8, 0x29, 0xF8, 0x29, 0xF8, 0x29, 0xF8, 0x29, 0xF9, 0x2A, 0x1A, 0x2A, 0x1A, 0x29, 0xF9,
    0x2A, 0x1A, 0x2A, 0x1A, 0x2A, 0x1A, 0x2A, 0x1A, 0x21, 0x94, 0x00, 0x00, 0x53, 0x1A, 0x63, 0xBF,
    0x63, 0xBF, 0x63, 0x9E, 0x63, 0xBF, 0x63, 0xBE, 0x63, 0x9D, 0x63, 0x9E, 0x63, 0xBF, 0x63, 0xDF,
    0x63, 0xDF, 0x63, 0xBF, 0x63, 0xBF, 0x63, 0xBF, 0x63, 0xDF, 0x63, 0xBF, 0x63, 0xBF, 0x63, 0xBF,
    0x63, 0xDF, 0x63, 0xDF, 0x63, 0xDF, 0x63, 0xDF, 0x63, 0xDF, 0x63, 0xDF, 0x63, 0xDF, 0x63, 0xDF,
    0x63, 0xDF, 0x63, 0xBF, 0x63, 0xBF, 0x63, 0xDF, 0x63, 0xDF, 0x63, 0xDF, 0x63, 0xDF, 0x63, 0xBF,
    0x63, 0xBF, 0x63, 0xBF, 0x63, 0xBF, 0x63, 0xBF, 0x63, 0xBF, 0x63, 0xBF, 0x63, 0xDF, 0x63, 0xDF,
    0x63, 0xBE, 0x63, 0xBF, 0x63, 0xBF, 0x63, 0xBF, 0x63, 0x9E, 0x63, 0x9E, 0x63, 0x9E, 0x63, 0xBF,
    0x63, 0xBF, 0x63, 0x9D, 0x63, 0x9D, 0x63, 0xBF, 0x63, 0xDF, 0x6B, 0xDF, 0x63, 0xDF, 0x63, 0xDF,
    0x63, 0xDF, 0x63, 0xDF, 0x63, 0xDF, 0x63, 0xBF, 0x63, 0xBF, 0x63, 0xDF, 0x63, 0xBF, 0x63, 0xBF,
    0x63, 0x9E, 0x63, 0x9E, 0x63, 0x9E, 0x63, 0xBF, 0x63, 0xBF, 0x63, 0xBF, 0x63, 0xBF, 0x63, 0xBF,
    0x63, 0xDF, 0x63, 0xBF, 0x63, 0xBE, 0x63, 0xBF, 0x63, 0xDF, 0x63, 0xDF, 0x63, 0xDF, 0x63, 0xBF,
    0x29, 0xF8, 0x29, 0xF8, 0x29, 0xD7, 0x29, 0xF8, 0x29, 0xF9, 0x29, 0xF9, 0x29, 0xF8, 0x29, 0xF8,
    0x2A, 0x19, 0x2A, 0x19, 0x29, 0xF9, 0x29, 0xF8, 0x29, 0xF8, 0x29, 0xF8, 0x29, 0xF9, 0x29, 0xF8,
    0x29, 0xF8, 0x29, 0xF9, 0x2A, 0x1A, 0x2A, 0x1B, 0x2A, 0x1A, 0x29, 0xF9, 0x2A, 0x1A, 0x2A, 0x1A,
    0x2A, 0x1A, 0x2A, 0x1A, 0x2A, 0x1A, 0x2A, 0x1A, 0x2A, 0x19, 0x2A, 0x1A, 0x2A, 0x19, 0x29, 0xF9,
    0x29, 0xF8, 0x29, 0xF8, 0x29, 0xF7, 0x29, 0xF8, 0x29, 0xD7, 0x29, 0xF7, 0x29, 0xF8, 0x29, 0xF9,
    0x2A, 0x1A, 0x29, 0xF9, 0x29, 0xD7, 0x29, 0xF8, 0x29, 0xF9, 0x29, 0xF8, 0x29, 0xF8, 0x29, 0xF8,
    0x29, 0xF8, 0x29, 0xF8, 0x29, 0xF7, 0x29, 0xD7, 0x29, 0xF8, 0x2A, 0x19, 0x2A, 0x1A, 0x2A, 0x19,
    0x2A, 0x19, 0x2A, 0x1A, 0x2A, 0x1A, 0x29, 0xF9, 0x29, 0xF8, 0x29, 0xD7, 0x29, 0xF8, 0x29, 0xF8,
    0x29, 0xF8, 0x29, 0xF8, 0x29, 0xD7, 0x29, 0xD7, 0x29, 0xF8, 0x29, 0xF9, 0x29, 0xF8, 0x29, 0xD7,
    0x29, 0xD7, 0x29, 0xF8, 0x29, 0xF9, 0x29, 0xF9, 0x29, 0xF8, 0x29, 0xF8, 0x2A, 0x19, 0x00, 0x00,
    0xAD, 0x75, 0x00, 0x00, 0x00, 0x00, 0x00, 0x00, 0x00, 0x00, 0x00, 0x00, 0x00, 0x00, 0x00, 0x00,
    0x00, 0x00, 0x00, 0x00, 0x00, 0x00, 0x00, 0x00, 0x00, 0x00, 0x00, 0x00, 0x00, 0x00, 0x00, 0x00,
    0x00, 0x00, 0x00, 0x00, 0x00, 0x00, 0x00, 0x00, 0x00, 0x00, 0x00, 0x00, 0x00, 0x00, 0x00, 0x00,
    0x00, 0x00, 0x00, 0x00, 0x00, 0x00, 0x00, 0x00, 0x00, 0x00, 0x00, 0x00, 0x00, 0x00, 0x00, 0x00,
    0x00, 0x00, 0x00, 0x00, 0x00, 0x00, 0x00, 0x00, 0x00, 0x00, 0x00, 0x00, 0x00, 0x00, 0x00, 0x00,
    0x00, 0x00, 0x00, 0x00, 0x00, 0x00, 0x00, 0x00, 0x00, 0x00, 0x00, 0x00, 0x00, 0x00, 0x00, 0x00,
    0x00, 0x00, 0x00, 0x00, 0x00, 0x00, 0x00, 0x00, 0x00, 0x00, 0x00, 0x00, 0x00, 0x00, 0x00, 0x00,
    0x00, 0x00, 0x00, 0x00, 0x00, 0x00, 0x00, 0x00, 0x00, 0x00, 0x00, 0x00, 0x00, 0x00, 0x00, 0x00,
    0x00, 0x00, 0x00, 0x00, 0x00, 0x00, 0x00, 0x00, 0x00, 0x00, 0x00, 0x00, 0x00, 0x00, 0x00, 0x00,
    0x00, 0x00, 0x00, 0x00, 0x00, 0x00, 0xAD, 0x75, 0x00, 0x00, 0x2A, 0x1A, 0x32, 0x1B, 0x32, 0x3B,
    0x2A, 0x1A, 0x2A, 0x1A, 0x2A, 0x1B, 0x32, 0x3B, 0x2A, 0x1A, 0x2A, 0x1A, 0x2A, 0x1B, 0x2A, 0x1A,
    0x2A, 0x1A, 0x2A, 0x1A, 0x2A, 0x19, 0x29, 0xF9, 0x29, 0xF8, 0x29, 0xF8, 0x29, 0xF7, 0x29, 0xF8,
    0x29, 0xD7, 0x29, 0xF7, 0x29, 0xF8, 0x29, 0xF9, 0x2A, 0x1A, 0x29, 0xF8, 0x29, 0xD7, 0x29, 0xD8,
    0x29, 0xF9, 0x29, 0xF8, 0x29, 0xD7, 0x29, 0xD7, 0x29, 0xD8, 0x29, 0xF8, 0x29, 0xD7, 0x29, 0xD7,
    0x29, 0xF8, 0x29, 0xF9, 0x2A, 0x19, 0x29, 0xF9, 0x29, 0xF9, 0x2A, 0x1A, 0x2A, 0x19, 0x29, 0xF9,
    0x29, 0xF8, 0x29, 0xD7, 0x29, 0xF8, 0x29, 0xF8, 0x29, 0xF8, 0x29, 0xF8, 0x29, 0xD7, 0x29, 0xF7,
    0x29, 0xF8, 0x29, 0xF9, 0x29, 0xF8, 0x29, 0xF8, 0x29, 0xD7, 0x29, 0xF8, 0x29, 0xF9, 0x29, 0xF9,
    0x29, 0xF8, 0x29, 0xF8, 0x2A, 0x1A, 0x2A, 0x1A, 0x29, 0xF9, 0x29, 0xF9, 0x29, 0xF8, 0x29, 0xF9,
    0x29, 0xF9, 0x29, 0xF9, 0x29, 0xF9, 0x2A, 0x1A, 0x32, 0x1B, 0x32, 0x3B, 0x2A, 0x1A, 0x2A, 0x19,
    0x2A, 0x1A, 0x32, 0x3B, 0x2A, 0x1A, 0x2A, 0x1A, 0x21, 0x94, 0x00, 0x00, 0x53, 0x1A, 0x63, 0xBF,
    0x63, 0xBE, 0x63, 0xBF, 0x63, 0xBF, 0x63, 0xBF, 0x63, 0xBE, 0x63, 0xBF, 0x63, 0xDF, 0x63, 0xDF,
    0x63, 0xDF, 0x63, 0xBF, 0x63, 0xBF, 0x63, 0xDF, 0x63, 0xDF, 0x63, 0xDF, 0x63, 0xDF, 0x6B, 0xDF,
    0x6B, 0xFF, 0x6B, 0xFF, 0x6B, 0xDF, 0x63, 0xDF, 0x6B, 0xDF, 0x63, 0xDF, 0x63, 0xDF, 0x63, 0xDF,
    0x63, 0xDF, 0x63, 0xDF, 0x63, 0xDF, 0x63, 0xDF, 0x63, 0xDF, 0x63, 0xBF, 0x63, 0xBF, 0x63, 0xBF,
    0x63, 0xBF, 0x63, 0xBF, 0x63, 0xBF, 0x63, 0xBF, 0x63, 0xBF, 0x63, 0xDF, 0x63, 0xDF, 0x63, 0xBF,
    0x63, 0x9E, 0x63, 0xBE, 0x63, 0xBF, 0x63, 0xBF, 0x63, 0x9E, 0x63, 0x9E, 0x63, 0xBE, 0x63, 0xBF,
    0x63, 0xBE, 0x63, 0x9E, 0x63, 0xBF, 0x63, 0xDF, 0x63, 0xDF, 0x6B, 0xDF, 0x63, 0xDF, 0x6B, 0xFF,
    0x6B, 0xDF, 0x63, 0xDF, 0x63, 0xBF, 0x63, 0xBE, 0x63, 0xBF, 0x63, 0xBF, 0x63, 0xBF, 0x63, 0xBE,
    0x63, 0xBE, 0x63, 0x9E, 0x63, 0xBF, 0x63, 0xBF, 0x63, 0xBF, 0x63, 0xBE, 0x63, 0xBE, 0x63, 0xBF,
    0x63, 0xDF, 0x63, 0xDF, 0x63, 0xBF, 0x63, 0xDF, 0x6B, 0xDF, 0x6B, 0xDF, 0x63, 0xDF, 0x63, 0xBF,
    0x29, 0xF9, 0x29, 0xD7, 0x29, 0xD7, 0x29, 0xF8, 0x29, 0xF9, 0x29, 0xF9, 0x29, 0xF8, 0x29, 0xF9,
    0x2A, 0x1A, 0x2A, 0x1A, 0x29, 0xF9, 0x29, 0xF8, 0x29, 0xD8, 0x29, 0xF8, 0x2A, 0x19, 0x29, 0xF9,
    0x2A, 0x1A, 0x2A, 0x1B, 0x2A, 0x1B, 0x2A, 0x1A, 0x29, 0xF8, 0x29, 0xD8, 0x2A, 0x19, 0x2A, 0x19,
    0x29, 0xF8, 0x29, 0xF8, 0x2A, 0x19, 0x2A, 0x19, 0x2A, 0x19, 0x2A, 0x1A, 0x2A, 0x19, 0x29, 0xF9,
    0x29, 0xF9, 0x29, 0xF8, 0x29, 0xF8, 0x29, 0xF9, 0x29, 0xF9, 0x29, 0xF9, 0x2A, 0x1A, 0x2A, 0x1A,
    0x2A, 0x1A, 0x29, 0xF8, 0x29, 0xF7, 0x2A, 0x19, 0x2A, 0x1A, 0x2A, 0x19, 0x29, 0xF8, 0x29, 0xF9,
    0x29, 0xF9, 0x29, 0xF9, 0x29, 0xF8, 0x29, 0xD7, 0x29, 0xF9, 0x2A, 0x1A, 0x2A, 0x1A, 0x2A, 0x1A,
    0x2A, 0x1A, 0x2A, 0x1A, 0x29, 0xF9, 0x29, 0xD7, 0x29, 0xD7, 0x29, 0xF7, 0x29, 0xF9, 0x29, 0xF8,
    0x29, 0xF8, 0x29, 0xF8, 0x29, 0xD7, 0x29, 0xF8, 0x29, 0xF9, 0x29, 0xF9, 0x29, 0xF8, 0x29, 0xD7,
    0x29, 0xD7, 0x29, 0xF8, 0x29, 0xF9, 0x29, 0xF9, 0x29, 0xF8, 0x29, 0xF9, 0x2A, 0x1A, 0x00, 0x00,
    0xAD, 0x75, 0x00, 0x00, 0x00, 0x00, 0x00, 0x00, 0x00, 0x00, 0x00, 0x00, 0x00, 0x00, 0x00, 0x00,
    0x00, 0x00, 0x00, 0x00, 0x00, 0x00, 0x00, 0x00, 0x00, 0x00, 0x00, 0x00, 0x00, 0x00, 0x00, 0x00,
    0x00, 0x00, 0x00, 0x00, 0x00, 0x00, 0x00, 0x00, 0x00, 0x00, 0x00, 0x00, 0x00, 0x00, 0x00, 0x00,
    0x00, 0x00, 0x00, 0x00, 0x00, 0x00, 0x00, 0x00, 0x00, 0x00, 0x00, 0x00, 0x00, 0x00, 0x00, 0x00,
    0x00, 0x00, 0x00, 0x00, 0x00, 0x00, 0x00, 0x00, 0x00, 0x00, 0x00, 0x00, 0x00, 0x00, 0x00, 0x00,
    0x00, 0x00, 0x00, 0x00, 0x00, 0x00, 0x00, 0x00, 0x00, 0x00, 0x00, 0x00, 0x00, 0x00, 0x00, 0x00,
    0x00, 0x00, 0x00, 0x00, 0x00, 0x00, 0x00, 0x00, 0x00, 0x00, 0x00, 0x00, 0x00, 0x00, 0x00, 0x00,
    0x00, 0x00, 0x00, 0x00, 0x00, 0x00, 0x00, 0x00, 0x00, 0x00, 0x00, 0x00, 0x00, 0x00, 0x00, 0x00,
    0x00, 0x00, 0x00, 0x00, 0x00, 0x00, 0x00, 0x00, 0x00, 0x00, 0x00, 0x00, 0x00, 0x00, 0x00, 0x00,
    0x00, 0x00, 0x00, 0x00, 0x00, 0x00, 0xAD, 0x75, 0x00, 0x00, 0x32, 0x3B, 0x32, 0x3B, 0x2A, 0x1B,
    0x29, 0xF9, 0x29, 0xF8, 0x2A, 0x19, 0x2A, 0x1A, 0x29, 0xF8, 0x29, 0xF9, 0x2A, 0x1A, 0x2A, 0x19,
    0x2A, 0x1A, 0x2A, 0x1A, 0x2A, 0x1A, 0x29, 0xF9, 0x29, 0xF9, 0x29, 0xF8, 0x29, 0xF8, 0x29, 0xF8,
    0x29, 0xF8, 0x29, 0xF9, 0x2A, 0x19, 0x2A, 0x1A, 0x2A, 0x19, 0x29, 0xF8, 0x29, 0xD7, 0x29, 0xF9,
    0x2A, 0x1A, 0x29, 0xF9, 0x29, 0xF8, 0x29, 0xF8, 0x29, 0xF8, 0x29, 0xF8, 0x29, 0xD7, 0x29, 0xD7,
    0x29, 0xF9, 0x29, 0xF9, 0x29, 0xF9, 0x2A, 0x19, 0x2A, 0x19, 0x2A, 0x1A, 0x29, 0xF9, 0x29, 0xD7,
    0x29, 0xD7, 0x29, 0xF7, 0x29, 0xF8, 0x29, 0xF8, 0x29, 0xF8, 0x29, 0xF8, 0x29, 0xD7, 0x29, 0xF8,
    0x29, 0xF9, 0x29, 0xF9, 0x29, 0xF8, 0x29, 0xD7, 0x29, 0xD7, 0x29, 0xF8, 0x29, 0xF9, 0x29, 0xF9,
    0x29, 0xF9, 0x29, 0xF9, 0x2A, 0x1A, 0x2A, 0x1A, 0x2A, 0x19, 0x29, 0xF9, 0x29, 0xF8, 0x29, 0xF9,
    0x2A, 0x1A, 0x2A, 0x1A, 0x2A, 0x1A, 0x32, 0x3B, 0x32, 0x3B, 0x2A, 0x1B, 0x29, 0xF9, 0x29, 0xF8,
    0x2A, 0x19, 0x2A, 0x1A, 0x29, 0xF8, 0x29, 0xF9, 0x21, 0x94, 0x00, 0x00, 0x53, 0x1A, 0x63, 0x9E,
    0x63, 0x9E, 0x63, 0xBF, 0x63, 0xDF, 0x63, 0xBF, 0x63, 0xBF, 0x63, 0xDF, 0x6B, 0xDF, 0x63, 0xDF,
    0x63, 0xDF, 0x63, 0xBF, 0x63, 0xBF, 0x63, 0xDF, 0x6B, 0xDF, 0x6B, 0xFF, 0x6B, 0xFF, 0x6B, 0xFF,
    0x6B, 0xFF, 0x6B, 0xFF, 0x63, 0xBF, 0x63, 0xBF, 0x63, 0xDF, 0x63, 0xDF, 0x63, 0xBF, 0x63, 0xBF,
    0x63, 0xDF, 0x63, 0xDF, 0x63, 0xDF, 0x63, 0xDF, 0x63, 0xDF, 0x63, 0xBF, 0x63, 0xBF, 0x63, 0xBF,
    0x63, 0xBF, 0x63, 0xDF, 0x63, 0xDF, 0x63, 0xDF, 0x63, 0xDF, 0x6B, 0xDF, 0x63, 0xDF, 0x63, 0xBF,
    0x63, 0xBE, 0x63, 0xBF, 0x63, 0xDF, 0x63, 0xBF, 0x63, 0xBF, 0x63, 0xBF, 0x63, 0xBF, 0x63, 0xBF,
    0x63, 0xBE, 0x63, 0x9E, 0x63, 0xDF, 0x63, 0xDF, 0x6B, 0xDF, 0x6B, 0xDF, 0x6B, 0xFF, 0x6B, 0xDF,
    0x63, 0xDF, 0x63, 0xBE, 0x63, 0x9E, 0x63, 0xBF, 0x63, 0xBF, 0x63, 0xBF, 0x63, 0xBE, 0x63, 0xBE,
    0x63, 0x9E, 0x63, 0xBE, 0x63, 0xDF, 0x63, 0xDF, 0x63, 0xBF, 0x63, 0x9E, 0x63, 0x9E, 0x63, 0xBF,
    0x63, 0xDF, 0x63, 0xDF, 0x63, 0xBF, 0x63, 0xDF, 0x6B, 0xFF, 0x6B, 0xDF, 0x63, 0xDF, 0x63, 0xBF,
    0x29, 0xF9, 0x29, 0xD7, 0x29, 0xF8, 0x29, 0xF9, 0x29, 0xF9, 0x29, 0xF9, 0x29, 0xF9, 0x29, 0xF9,
    0x2A, 0x1A, 0x2A, 0x19, 0x29, 0xF8, 0x29, 0xF8, 0x29, 0xF8, 0x2A, 0x19, 0x2A, 0x1A, 0x2A, 0x1A,
    0x2A, 0x1A, 0x32, 0x3B, 0x32, 0x1B, 0x29, 0xF9, 0x29, 0xD7, 0x29, 0xD7, 0x29, 0xF9, 0x29, 0xF9,
    0x29, 0xF7, 0x29, 0xF8, 0x29, 0xF8, 0x29, 0xF8, 0x29, 0xD8, 0x29, 0xF8, 0x29, 0xF8, 0x29, 0xD8,
    0x29, 0xF8, 0x29, 0xF8, 0x29, 0xF8, 0x29, 0xF9, 0x2A, 0x19, 0x2A, 0x1A, 0x2A, 0x3B, 0x2A, 0x1A,
    0x2A, 0x19, 0x29, 0xF8, 0x29, 0xF8, 0x2A, 0x1A, 0x2A, 0x3B, 0x2A, 0x1A, 0x29, 0xF9, 0x29, 0xF9,
    0x2A, 0x19, 0x2A, 0x1A, 0x2A, 0x19, 0x2A, 0x19, 0x2A, 0x1A, 0x2A, 0x1A, 0x2A, 0x1A, 0x2A, 0x1A,
    0x2A, 0x1A, 0x29, 0xF9, 0x29, 0xF8, 0x29, 0xD7, 0x29, 0xF8, 0x29, 0xF9, 0x2A, 0x19, 0x29, 0xF9,
    0x29, 0xF9, 0x29, 0xF8, 0x29, 0xF8, 0x29, 0xF8, 0x29, 0xF9, 0x29, 0xF9, 0x29, 0xD7, 0x29, 0xD7,
    0x29, 0xF8, 0x29, 0xF9, 0x29, 0xF9, 0x29, 0xF8, 0x29, 0xF8, 0x29, 0xF9, 0x2A, 0x1A, 0x00, 0x00,
    0xAD, 0x75, 0x00, 0x00, 0x00, 0x00, 0x00, 0x00, 0x00, 0x00, 0x00, 0x00, 0x00, 0x00, 0x00, 0x00,
    0x00, 0x00, 0x00, 0x00, 0x00, 0x00, 0x00, 0x00, 0x00, 0x00, 0x00, 0x00, 0x00, 0x00, 0x00, 0x00,
    0x00, 0x00, 0x00, 0x00, 0x00, 0x00, 0x00, 0x00, 0x00, 0x00, 0x00, 0x00, 0x00, 0x00, 0x00, 0x00,
    0x00, 0x00, 0x00, 0x00, 0x00, 0x00, 0x00, 0x00, 0x00, 0x00, 0x00, 0x00, 0x00, 0x00, 0x00, 0x00,
    0x00, 0x00, 0x00, 0x00, 0x00, 0x00, 0x00, 0x00, 0x00, 0x00, 0x00, 0x00, 0x00, 0x00, 0x00, 0x00,
    0x00, 0x00, 0x00, 0x00, 0x00, 0x00, 0x00, 0x00, 0x00, 0x00, 0x00, 0x00, 0x00, 0x00, 0x00, 0x00,
    0x00, 0x00, 0x00, 0x00, 0x00, 0x00, 0x00, 0x00, 0x00, 0x00, 0x00, 0x00, 0x00, 0x00, 0x00, 0x00,
    0x00, 0x00, 0x00, 0x00, 0x00, 0x00, 0x00, 0x00, 0x00, 0x00, 0x00, 0x00, 0x00, 0x00, 0x00, 0x00,
    0x00, 0x00, 0x00, 0x00, 0x00, 0x00, 0x00, 0x00, 0x00, 0x00, 0x00, 0x00, 0x00, 0x00, 0x00, 0x00,
    0x00, 0x00, 0x00, 0x00, 0x00, 0x00, 0xAD, 0x75, 0x00, 0x00, 0x32, 0x3B, 0x32, 0x3B, 0x2A, 0x19,
    0x29, 0xD7, 0x29, 0xF8, 0x2A, 0x19, 0x2A, 0x1A, 0x29, 0xF8, 0x29, 0xF8, 0x29, 0xF8, 0x29, 0xF8,
    0x29, 0xF8, 0x29, 0xF8, 0x29, 0xF8, 0x29, 0xF8, 0x29, 0xF8, 0x29, 0xF8, 0x29, 0xF8, 0x29, 0xF9,
    0x2A, 0x19, 0x2A, 0x1A, 0x2A, 0x1B, 0x2A, 0x1A, 0x29, 0xF9, 0x29, 0xF8, 0x29, 0xF8, 0x2A, 0x1A,
    0x2A, 0x1A, 0x2A, 0x19, 0x29, 0xF8, 0x29, 0xF8, 0x29, 0xF9, 0x2A, 0x1A, 0x2A, 0x19, 0x29, 0xF9,
    0x2A, 0x1A, 0x2A, 0x1A, 0x2A, 0x1A, 0x2A, 0x1A, 0x2A, 0x1A, 0x29, 0xF9, 0x29, 0xF8, 0x29, 0xD7,
    0x29, 0xF8, 0x29, 0xF9, 0x2A, 0x19, 0x29, 0xF9, 0x29, 0xF9, 0x29, 0xF9, 0x29, 0xF8, 0x29, 0xF8,
    0x29, 0xF9, 0x29, 0xF9, 0x29, 0xD8, 0x29, 0xD7, 0x29, 0xF8, 0x29, 0xF9, 0x2A, 0x19, 0x29, 0xF9,
    0x29, 0xF9, 0x2A, 0x19, 0x2A, 0x1A, 0x2A, 0x1A, 0x29, 0xF9, 0x29, 0xF9, 0x29, 0xF9, 0x2A, 0x1A,
    0x2A, 0x1B, 0x2A, 0x1A, 0x2A, 0x3A, 0x32, 0x3B, 0x32, 0x3B, 0x2A, 0x19, 0x29, 0xD7, 0x29, 0xF7,
    0x29, 0xF9, 0x29, 0xF9, 0x29, 0xF8, 0x29, 0xF8, 0x21, 0x94, 0x00, 0x00, 0x53, 0x1A, 0x63, 0x9E,
    0x63, 0xBF, 0x63, 0xBF, 0x63, 0xDF, 0x63, 0xBF, 0x63, 0xBF, 0x63, 0xDF, 0x63, 0xDF, 0x63, 0xDF,
    0x63, 0xBF, 0x63, 0xDF, 0x63, 0xBF, 0x63, 0xDF, 0x6B, 0xFF, 0x6B, 0xFF, 0x6B, 0xFF, 0x6B, 0xFF,
    0x6B, 0xFF, 0x63, 0xDF, 0x63, 0xBE, 0x63, 0x9E, 0x63, 0xDF, 0x63, 0xDF, 0x63, 0xBE, 0x63, 0xBE,
    0x63, 0xBF, 0x63, 0xBE, 0x63, 0xBE, 0x63, 0xBF, 0x63, 0xBF, 0x63, 0xBF, 0x63, 0xBF, 0x63, 0xBF,
    0x63, 0xBF, 0x63, 0xDF, 0x63, 0xDF, 0x6B, 0xFF, 0x6B, 0xFF, 0x6B, 0xDF, 0x63, 0xDF, 0x63, 0xBF,
    0x63, 0xBF, 0x63, 0xDF, 0x6B, 0xDF, 0x63, 0xDF, 0x63, 0xBF, 0x63, 0xBF, 0x63, 0xDF, 0x63, 0xDF,
    0x63, 0xDF, 0x63, 0xDF, 0x6B, 0xFF, 0x6B, 0xFF, 0x6B, 0xDF, 0x6B, 0xFF, 0x6B, 0xFF, 0x63, 0xDF,
    0x63, 0xBF, 0x63, 0xBE, 0x63, 0xBF, 0x63, 0xDF, 0x63, 0xDF, 0x63, 0xDF, 0x63, 0xBF, 0x63, 0xBF,
    0x63, 0xBE, 0x63, 0xBF, 0x63, 0xDF, 0x63, 0xBF, 0x63, 0xBE, 0x63, 0x9E, 0x63, 0xBF, 0x63, 0xDF,
    0x63, 0xDF, 0x63, 0xDF, 0x63, 0xDF, 0x63, 0xDF, 0x6B, 0xFF, 0x63, 0xDF, 0x63, 0xDF, 0x63, 0xDF,
    0x2A, 0x19, 0x29, 0xF9, 0x2A, 0x19, 0x2A, 0x19, 0x29, 0xF9, 0x29, 0xF9, 0x29, 0xF9, 0x29, 0xF9,
    0x29, 0xF9, 0x29, 0xF8, 0x29, 0xF8, 0x29, 0xF9, 0x29, 0xF9, 0x2A, 0x1A, 0x2A, 0x1A, 0x2A, 0x1A,
    0x2A, 0x19, 0x2A, 0x1A, 0x29, 0xF9, 0x29, 0xF8, 0x29, 0xD7, 0x29, 0xF8, 0x2A, 0x1A, 0x29, 0xF9,
    0x29, 0xD8, 0x29, 0xD7, 0x29, 0xD8, 0x29, 0xD7, 0x29, 0xD7, 0x29, 0xD7, 0x29, 0xD6, 0x21, 0xD6,
    0x29, 0xF7, 0x29, 0xF8, 0x29, 0xF9, 0x29, 0xF9, 0x2A, 0x19, 0x2A, 0x1A, 0x2A, 0x1A, 0x2A, 0x19,
    0x29, 0xF9, 0x29, 0xF9, 0x2A, 0x1A, 0x32, 0x3B, 0x2A, 0x3B, 0x2A, 0x19, 0x29, 0xF9, 0x2A, 0x19,
    0x2A, 0x1A, 0x2A, 0x3B, 0x2A, 0x3B, 0x2A, 0x1A, 0x2A, 0x3B, 0x2A, 0x3B, 0x2A, 0x1A, 0x2A, 0x1A,
    0x2A, 0x19, 0x29, 0xF8, 0x29, 0xF7, 0x29, 0xF8, 0x2A, 0x19, 0x2A, 0x1A, 0x2A, 0x1A, 0x2A, 0x1A,
    0x2A, 0x1A, 0x2A, 0x1A, 0x29, 0xF9, 0x2A, 0x1A, 0x2A, 0x1A, 0x29, 0xF9, 0x29, 0xF9, 0x29, 0xF9,
    0x29, 0xF9, 0x2A, 0x19, 0x29, 0xF9, 0x29, 0xF9, 0x29, 0xF9, 0x29, 0xF9, 0x29, 0xF9, 0x00, 0x00,
    0xAD, 0x75, 0x00, 0x00, 0x00, 0x00, 0x00, 0x00, 0x00, 0x00, 0x00, 0x00, 0x00, 0x00, 0x00, 0x00,
    0x00, 0x00, 0x00, 0x00, 0x00, 0x00, 0x00, 0x00, 0x00, 0x00, 0x00, 0x00, 0x00, 0x00, 0x00, 0x00,
    0x00, 0x00, 0x00, 0x00, 0x00, 0x00, 0x00, 0x00, 0x00, 0x00, 0x00, 0x00, 0x00, 0x00, 0x00, 0x00,
    0x00, 0x00, 0x00, 0x00, 0x00, 0x00, 0x00, 0x00, 0x00, 0x00, 0x00, 0x00, 0x00, 0x00, 0x00, 0x00,
    0x00, 0x00, 0x00, 0x00, 0x00, 0x00, 0x00, 0x00, 0x00, 0x00, 0x00, 0x00, 0x00, 0x00, 0x00, 0x00,
    0x00, 0x00, 0x00, 0x00, 0x00, 0x00, 0x00, 0x00, 0x00, 0x00, 0x00, 0x00, 0x00, 0x00, 0x00, 0x00,
    0x00, 0x00, 0x00, 0x00, 0x00, 0x00, 0x00, 0x00, 0x00, 0x00, 0x00, 0x00, 0x00, 0x00, 0x00, 0x00,
    0x00, 0x00, 0x00, 0x00, 0x00, 0x00, 0x00, 0x00, 0x00, 0x00, 0x00, 0x00, 0x00, 0x00, 0x00, 0x00,
    0x00, 0x00, 0x00, 0x00, 0x00, 0x00, 0x00, 0x00, 0x00, 0x00, 0x00, 0x00, 0x00, 0x00, 0x00, 0x00,
    0x00, 0x00, 0x00, 0x00, 0x00, 0x00, 0xAD, 0x75, 0x00, 0x00, 0x2A, 0x1A, 0x2A, 0x19, 0x29, 0xF8,
    0x29, 0xD7, 0x29, 0xF8, 0x2A, 0x1A, 0x2A, 0x19, 0x29, 0xF8, 0x29, 0xF8, 0x29, 0xF8, 0x29, 0xD7,
    0x29, 0xD7, 0x29, 0xD7, 0x29, 0xD6, 0x21, 0xD6, 0x29, 0xF7, 0x29, 0xF8, 0x29, 0xF9, 0x29, 0xF9,
    0x2A, 0x19, 0x2A, 0x1A, 0x2A, 0x1A, 0x29, 0xF9, 0x29, 0xF8, 0x29, 0xF9, 0x2A, 0x1A, 0x32, 0x1B,
    0x2A, 0x1B, 0x29, 0xF9, 0x29, 0xF8, 0x29, 0xF9, 0x2A, 0x1A, 0x2A, 0x1B, 0x2A, 0x1A, 0x2A, 0x1A,
    0x2A, 0x1A, 0x2A, 0x1B, 0x2A, 0x1A, 0x2A, 0x1A, 0x29, 0xF9, 0x29, 0xF8, 0x29, 0xD7, 0x29, 0xD8,
    0x29, 0xF9, 0x2A, 0x1A, 0x2A, 0x1A, 0x2A, 0x1A, 0x2A, 0x1A, 0x2A, 0x1A, 0x29, 0xF9, 0x2A, 0x1A,
    0x2A, 0x1A, 0x2A, 0x19, 0x29, 0xF9, 0x29, 0xF9, 0x2A, 0x19, 0x2A, 0x19, 0x2A, 0x19, 0x2A, 0x19,
    0x2A, 0x19, 0x2A, 0x1A, 0x2A, 0x19, 0x29, 0xF9, 0x29, 0xF8, 0x29, 0xF9, 0x2A, 0x1A, 0x2A, 0x1B,
    0x2A, 0x3B, 0x2A, 0x1A, 0x2A, 0x1A, 0x2A, 0x1A, 0x2A, 0x19, 0x29, 0xF8, 0x29, 0xD7, 0x29, 0xF8,
    0x2A, 0x1A, 0x2A, 0x19, 0x29, 0xF8, 0x29, 0xF7, 0x21, 0xB4, 0x00, 0x00, 0x53, 0x1A, 0x63, 0xDF,
    0x63, 0xDF, 0x63, 0xDF, 0x63, 0xDF, 0x63, 0xBF, 0x63, 0xDF, 0x63, 0xDF, 0x63, 0xDF, 0x63, 0xBF,
    0x63, 0xBF, 0x63, 0xBF, 0x63, 0xDF, 0x6B, 0xFF, 0x6B, 0xFF, 0x6B, 0xFF, 0x63, 0xDF, 0x6B, 0xFF,
    0x63, 0xDF, 0x63, 0xBF, 0x63, 0xBE, 0x63, 0xBF, 0x63, 0xDF, 0x63, 0xDF, 0x63, 0xBE, 0x63, 0xBE,
    0x63, 0xBE, 0x63, 0x9D, 0x63, 0x9E, 0x63, 0x9E, 0x63, 0x9D, 0x63, 0x9D, 0x63, 0xBF, 0x63, 0xDF,
    0x63, 0xDF, 0x63, 0xDF, 0x63, 0xDF, 0x6B, 0xFF, 0x6B, 0xFF, 0x63, 0xDF, 0x63, 0xBF, 0x63, 0xDF,
    0x6B, 0xDF, 0x6B, 0xFF, 0x6B, 0xDF, 0x63, 0xBF, 0x63, 0xBF, 0x63, 0xBF, 0x63, 0xDF, 0x6B, 0xFF,
    0x6B, 0xFF, 0x6B, 0xDF, 0x6B, 0xFF, 0x6B, 0xFF, 0x6B, 0xFF, 0x6B, 0xFF, 0x63, 0xDF, 0x63, 0xBF,
    0x63, 0xBF, 0x63, 0xBF, 0x63, 0xDF, 0x6B, 0xFF, 0x6B, 0xDF, 0x63, 0xDF, 0x63, 0xDF, 0x63, 0xDF,
    0x63, 0xDF, 0x63, 0xDF, 0x63, 0xDF, 0x63, 0xDF, 0x63, 0xBF, 0x63, 0xDF, 0x63, 0xDF, 0x63, 0xDF,
    0x63, 0xDF, 0x63, 0xDF, 0x63, 0xDF, 0x63, 0xDF, 0x63, 0xDF, 0x63, 0xDF, 0x63, 0xBF, 0x63, 0xDF,
    0x2A, 0x19, 0x2A, 0x1A, 0x2A, 0x1A, 0x2A, 0x1A, 0x2A, 0x1A, 0x2A, 0x1A, 0x2A, 0x1A, 0x2A, 0x19,
    0x29, 0xF9, 0x29, 0xF8, 0x29, 0xF9, 0x29, 0xF9, 0x2A, 0x1A, 0x2A, 0x1A, 0x29, 0xF9, 0x29, 0xF8,
    0x29, 0xF8, 0x29, 0xF8, 0x29, 0xF8, 0x29, 0xF7, 0x29, 0xD8, 0x29, 0xF9, 0x2A, 0x19, 0x29, 0xF8,
    0x29, 0xF7, 0x29, 0xF8, 0x29, 0xF8, 0x29, 0xF8, 0x2A, 0x19, 0x29, 0xF9, 0x29, 0xF8, 0x29, 0xF8,
    0x29, 0xF9, 0x2A, 0x1A, 0x2A, 0x1A, 0x2A, 0x1A, 0x2A, 0x1A, 0x2A, 0x1B, 0x2A, 0x1A, 0x29, 0xF9,
    0x29, 0xF9, 0x2A, 0x1B, 0x32, 0x3C, 0x32, 0x3C, 0x2A, 0x1A, 0x29, 0xF9, 0x29, 0xF9, 0x2A, 0x1A,
    0x2A, 0x1B, 0x32, 0x3C, 0x2A, 0x3B, 0x2A, 0x1A, 0x2A, 0x1A, 0x2A, 0x1A, 0x2A, 0x19, 0x2A, 0x19,
    0x29, 0xF9, 0x29, 0xF8, 0x29, 0xD7, 0x29, 0xF8, 0x2A, 0x1A, 0x2A, 0x1A, 0x2A, 0x1A, 0x2A, 0x1A,
    0x2A, 0x1B, 0x2A, 0x1A, 0x2A, 0x1A, 0x2A, 0x1A, 0x2A, 0x1A, 0x2A, 0x19, 0x2A, 0x19, 0x2A, 0x1A,
    0x2A, 0x1A, 0x2A, 0x1A, 0x2A, 0x1A, 0x2A, 0x1A, 0x2A, 0x1A, 0x2A, 0x19, 0x29, 0xF8, 0x00, 0x00,
    0xAD, 0x75, 0x00, 0x00, 0x00, 0x00, 0x00, 0x00, 0x00, 0x00, 0x00, 0x00, 0x00, 0x00, 0x00, 0x00,
    0x00, 0x00, 0x00, 0x00, 0x00, 0x00, 0x00, 0x00, 0x00, 0x00, 0x00, 0x00, 0x00, 0x00, 0x00, 0x00,
    0x00, 0x00, 0x00, 0x00, 0x00, 0x00, 0x00, 0x00, 0x00, 0x00, 0x00, 0x00, 0x00, 0x00, 0x00, 0x00,
    0x00, 0x00, 0x00, 0x00, 0x00, 0x00, 0x00, 0x00, 0x00, 0x00, 0x00, 0x00, 0x00, 0x00, 0x00, 0x00,
    0x00, 0x00, 0x00, 0x00, 0x00, 0x00, 0x00, 0x00, 0x00, 0x00, 0x00, 0x00, 0x00, 0x00, 0x00, 0x00,
    0x00, 0x00, 0x00, 0x00, 0x00, 0x00, 0x00, 0x00, 0x00, 0x00, 0x00, 0x00, 0x00, 0x00, 0x00, 0x00,
    0x00, 0x00, 0x00, 0x00, 0x00, 0x00, 0x00, 0x00, 0x00, 0x00, 0x00, 0x00, 0x00, 0x00, 0x00, 0x00,
    0x00, 0x00, 0x00, 0x00, 0x00, 0x00, 0x00, 0x00, 0x00, 0x00, 0x00, 0x00, 0x00, 0x00, 0x00, 0x00,
    0x00, 0x00, 0x00, 0x00, 0x00, 0x00, 0x00, 0x00, 0x00, 0x00, 0x00, 0x00, 0x00, 0x00, 0x00, 0x00,
    0x00, 0x00, 0x00, 0x00, 0x00, 0x00, 0xAD, 0x75, 0x00, 0x00, 0x29, 0xF9, 0x29, 0xF8, 0x29, 0xF8,
    0x29, 0xF8, 0x29, 0xF9, 0x2A, 0x1A, 0x29, 0xF9, 0x29, 0xF8, 0x29, 0xF8, 0x29, 0xF9, 0x29, 0xF9,
    0x2A, 0x1A, 0x29, 0xF9, 0x29, 0xF8, 0x29, 0xF8, 0x29, 0xF9, 0x2A, 0x1A, 0x2A, 0x1A, 0x2A, 0x1A,
    0x2A, 0x1A, 0x2A, 0x1A, 0x2A, 0x1A, 0x29, 0xF9, 0x29, 0xF9, 0x2A, 0x1A, 0x32, 0x3B, 0x32, 0x3B,
    0x2A, 0x1A, 0x29, 0xF8, 0x29, 0xF9, 0x2A, 0x1A, 0x2A, 0x1A, 0x32, 0x3B, 0x2A, 0x1A, 0x29, 0xF9,
    0x2A, 0x19, 0x2A, 0x1A, 0x29, 0xF9, 0x29, 0xF9, 0x29, 0xF9, 0x29, 0xF8, 0x29, 0xD7, 0x29, 0xF8,
    0x2A, 0x1A, 0x2A, 0x1A, 0x2A, 0x1A, 0x2A, 0x1A, 0x2A, 0x1A, 0x2A, 0x1A, 0x2A, 0x1A, 0x2A, 0x1B,
    0x2A, 0x1A, 0x2A, 0x19, 0x2A, 0x1A, 0x2A, 0x1A, 0x2A, 0x1A, 0x2A, 0x1A, 0x2A, 0x1A, 0x2A, 0x1A,
    0x2A, 0x1B, 0x2A, 0x1A, 0x29, 0xF9, 0x29, 0xF9, 0x29, 0xF9, 0x2A, 0x1A, 0x2A, 0x1B, 0x2A, 0x1B,
    0x2A, 0x1A, 0x29, 0xF9, 0x29, 0xF9, 0x29, 0xF9, 0x29, 0xF8, 0x29, 0xF8, 0x29, 0xF8, 0x29, 0xF9,
    0x2A, 0x19, 0x29, 0xF9, 0x29, 0xF8, 0x29, 0xF8, 0x21, 0xB5, 0x00, 0x00, 0x53, 0x1A, 0x6B, 0xDF,
    0x6B, 0xDF, 0x63, 0xDF, 0x63, 0xDF, 0x63, 0xDF, 0x63, 0xDF, 0x63, 0xDF, 0x63, 0xBF, 0x63, 0xBF,
    0x63, 0xBF, 0x63, 0xDF, 0x6B, 0xFF, 0x6B, 0xFF, 0x63, 0xDF, 0x63, 0xDF, 0x63, 0xBF, 0x63, 0xDF,
    0x63, 0xBF, 0x63, 0xBF, 0x63, 0xBF, 0x63, 0xBF, 0x63, 0xDF, 0x63, 0xBF, 0x63, 0xBE, 0x63, 0xBE,
    0x63, 0xBF, 0x63, 0xBF, 0x63, 0xDF, 0x63, 0xBF, 0x63, 0xBF, 0x63, 0xBF, 0x63, 0xDF, 0x6B, 0xFF,
    0x63, 0xDF, 0x63, 0xDF, 0x6B, 0xFF, 0x6B, 0xFF, 0x6B, 0xFF, 0x63, 0xDF, 0x63, 0xDF, 0x6B, 0xFF,
    0x6B, 0xFF, 0x6B, 0xFF, 0x63, 0xDF, 0x63, 0xBF, 0x63, 0xBF, 0x63, 0xDF, 0x6B, 0xDF, 0x6B, 0xFF,
    0x6B, 0xFF, 0x63, 0xDF, 0x63, 0xDF, 0x6B, 0xFF, 0x63, 0xDF, 0x63, 0xDF, 0x63, 0xDF, 0x63, 0xBF,
    0x63, 0xBF, 0x63, 0xDF, 0x63, 0xDF, 0x6B, 0xFF, 0x6B, 0xDF, 0x6B, 0xDF, 0x6B, 0xFF, 0x63, 0xDF,
    0x63, 0xDF, 0x63, 0xDF, 0x63, 0xDF, 0x63, 0xDF, 0x63, 0xDF, 0x6B, 0xDF, 0x6B, 0xDF, 0x6B, 0xFF,
    0x6B, 0xFF, 0x6B, 0xFF, 0x6B, 0xFF, 0x6B, 0xFF, 0x63, 0xDF, 0x63, 0xDF, 0x63, 0xDF, 0x63, 0xDF,
    0x2A, 0x19, 0x2A, 0x1A, 0x2A, 0x1A, 0x2A, 0x1A, 0x2A, 0x1A, 0x2A, 0x1B, 0x2A, 0x1B, 0x2A, 0x19,
    0x29, 0xF8, 0x2A, 0x19, 0x2A, 0x1A, 0x2A, 0x1A, 0x2A, 0x1A, 0x2A, 0x19, 0x29, 0xF7, 0x29, 0xD7,
    0x29, 0xF8, 0x29, 0xF8, 0x29, 0xD7, 0x29, 0xD7, 0x29, 0xF7, 0x29, 0xF8, 0x29, 0xF8, 0x29, 0xF9,
    0x29, 0xF9, 0x2A, 0x19, 0x2A, 0x19, 0x2A, 0x1A, 0x2A, 0x1B, 0x2A, 0x1A, 0x29, 0xF9, 0x2A, 0x1A,
    0x2A, 0x3B, 0x2A, 0x3B, 0x2A, 0x1A, 0x2A, 0x1B, 0x2A, 0x3B, 0x2A, 0x3B, 0x2A, 0x1B, 0x2A, 0x1A,
    0x2A, 0x1A, 0x2A, 0x1B, 0x32, 0x3B, 0x2A, 0x1A, 0x29, 0xF8, 0x29, 0xF8, 0x29, 0xF9, 0x2A, 0x1A,
    0x2A, 0x1A, 0x2A, 0x1A, 0x29, 0xF9, 0x29, 0xF8, 0x29, 0xF8, 0x29, 0xF8, 0x29, 0xF8, 0x29, 0xF8,
    0x29, 0xF9, 0x29, 0xF9, 0x29, 0xF8, 0x2A, 0x19, 0x2A, 0x1A, 0x2A, 0x1A, 0x2A, 0x1A, 0x2A, 0x1A,
    0x2A, 0x1A, 0x2A, 0x1A, 0x2A, 0x19, 0x2A, 0x1A, 0x2A, 0x1A, 0x29, 0xF9, 0x2A, 0x19, 0x2A, 0x1A,
    0x2A, 0x1A, 0x2A, 0x1A, 0x2A, 0x1A, 0x2A, 0x1B, 0x2A, 0x1A, 0x2A, 0x19, 0x29, 0xF8, 0x00, 0x00,
    0xAD, 0x75, 0x00, 0x00, 0x00, 0x00, 0x00, 0x00, 0x00, 0x00, 0x00, 0x00, 0x00, 0x00, 0x00, 0x00,
    0x00, 0x00, 0x00, 0x00, 0x00, 0x00, 0x00, 0x00, 0x00, 0x00, 0x00, 0x00, 0x00, 0x00, 0x00, 0x00,
    0x00, 0x00, 0x00, 0x00, 0x00, 0x00, 0x00, 0x00, 0x00, 0x00, 0x00, 0x00, 0x00, 0x00, 0x00, 0x00,
    0x00, 0x00, 0x00, 0x00, 0x00, 0x00, 0x00, 0x00, 0x00, 0x00, 0x00, 0x00, 0x00, 0x00, 0x00, 0x00,
    0x00, 0x00, 0x00, 0x00, 0x00, 0x00, 0x00, 0x00, 0x00, 0x00, 0x00, 0x00, 0x00, 0x00, 0x00, 0x00,
    0x00, 0x00, 0x00, 0x00, 0x00, 0x00, 0x00, 0x00, 0x00, 0x00, 0x00, 0x00, 0x00, 0x00, 0x00, 0x00,
    0x00, 0x00, 0x00, 0x00, 0x00, 0x00, 0x00, 0x00, 0x00, 0x00, 0x00, 0x00, 0x00, 0x00, 0x00, 0x00,
    0x00, 0x00, 0x00, 0x00, 0x00, 0x00, 0x00, 0x00, 0x00, 0x00, 0x00, 0x00, 0x00, 0x00, 0x00, 0x00,
    0x00, 0x00, 0x00, 0x00, 0x00, 0x00, 0x00, 0x00, 0x00, 0x00, 0x00, 0x00, 0x00, 0x00, 0x00, 0x00,
    0x00, 0x00, 0x00, 0x00, 0x00, 0x00, 0xAD, 0x75, 0x00, 0x00, 0x29, 0xF8, 0x29, 0xD8, 0x29, 0xD7,
    0x29, 0xF8, 0x29, 0xF9, 0x29, 0xF9, 0x2A, 0x19, 0x2A, 0x1A, 0x2A, 0x1A, 0x2A, 0x1A, 0x2A, 0x1B,
    0x2A, 0x1B, 0x2A, 0x1A, 0x29, 0xF9, 0x2A, 0x1A, 0x2A, 0x3B, 0x2A, 0x3B, 0x2A, 0x1B, 0x2A, 0x1A,
    0x2A, 0x3B, 0x2A, 0x3B, 0x2A, 0x1A, 0x2A, 0x19, 0x2A, 0x19, 0x2A, 0x1B, 0x2A, 0x1B, 0x29, 0xF9,
    0x29, 0xD7, 0x29, 0xD7, 0x29, 0xF8, 0x2A, 0x19, 0x2A, 0x19, 0x2A, 0x1A, 0x29, 0xF9, 0x29, 0xF8,
    0x29, 0xF8, 0x29, 0xF8, 0x29, 0xF8, 0x29, 0xF8, 0x29, 0xF9, 0x29, 0xF8, 0x29, 0xF8, 0x2A, 0x19,
    0x2A, 0x1A, 0x2A, 0x1A, 0x2A, 0x1A, 0x2A, 0x1A, 0x2A, 0x1A, 0x2A, 0x1A, 0x2A, 0x1A, 0x2A, 0x1A,
    0x2A, 0x1A, 0x29, 0xF9, 0x2A, 0x1A, 0x2A, 0x1A, 0x2A, 0x1A, 0x2A, 0x1A, 0x2A, 0x1B, 0x2A, 0x1B,
    0x2A, 0x1B, 0x2A, 0x1A, 0x29, 0xF9, 0x2A, 0x1A, 0x32, 0x3B, 0x32, 0x3B, 0x32, 0x3B, 0x2A, 0x1A,
    0x29, 0xF8, 0x29, 0xD7, 0x29, 0xF8, 0x29, 0xF8, 0x29, 0xD8, 0x29, 0xD7, 0x29, 0xF8, 0x29, 0xF8,
    0x29, 0xF9, 0x29, 0xF9, 0x29, 0xF9, 0x2A, 0x19, 0x21, 0xB5, 0x00, 0x00, 0x53, 0x3A, 0x6B, 0xFF,
    0x6B, 0xDF, 0x6B, 0xDF, 0x6B, 0xDF, 0x6B, 0xFF, 0x6B, 0xFF, 0x63, 0xDF, 0x63, 0xBF, 0x63, 0xDF,
    0x6B, 0xFF, 0x6B, 0xFF, 0x6B, 0xFF, 0x63, 0xDF, 0x63, 0xBF, 0x63, 0xBF, 0x63, 0xBF, 0x63, 0xBF,
    0x63, 0xBF, 0x63, 0xBE, 0x63, 0xBF, 0x63, 0xBF, 0x63, 0xBF, 0x63, 0xDF, 0x63, 0xDF, 0x63, 0xDF,
    0x63, 0xDF, 0x6B, 0xDF, 0x6B, 0xFF, 0x63, 0xDF, 0x63, 0xDF, 0x6B, 0xFF, 0x6B, 0xFF, 0x6B, 0xFF,
    0x6B, 0xFF, 0x6B, 0xFF, 0x6B, 0xFF, 0x6C, 0x1F, 0x6B, 0xFF, 0x63, 0xDF, 0x63, 0xDF, 0x6B, 0xFF,
    0x6B, 0xFF, 0x63, 0xDF, 0x63, 0xBE, 0x63, 0xBE, 0x63, 0xBF, 0x63, 0xDF, 0x63, 0xDF, 0x63, 0xDF,
    0x63, 0xDF, 0x63, 0xBF, 0x63, 0xBF, 0x63, 0xBF, 0x63, 0xBF, 0x63, 0xDF, 0x63, 0xDF, 0x63, 0xDF,
    0x63, 0xBF, 0x63, 0xDF, 0x6B, 0xFF, 0x6B, 0xFF, 0x63, 0xDF, 0x63, 0xDF, 0x6B, 0xDF, 0x6B, 0xDF,
    0x63, 0xDF, 0x63, 0xDF, 0x63, 0xDF, 0x63, 0xDF, 0x63, 0xDF, 0x6B, 0xFF, 0x6B, 0xFF, 0x6B, 0xFF,
    0x6B, 0xFF, 0x6B, 0xFF, 0x6B, 0xFF, 0x6B, 0xFF, 0x63, 0xDF, 0x63, 0xDF, 0x6B, 0xFF, 0x63, 0xDF,
    0x2A, 0x1A, 0x2A, 0x1A, 0x29, 0xF9, 0x29, 0xF9, 0x2A, 0x19, 0x2A, 0x1A, 0x2A, 0x1A, 0x29, 0xF9,
    0x29, 0xF8, 0x2A, 0x1A, 0x2A, 0x3B, 0x2A, 0x1A, 0x29, 0xF9, 0x29, 0xF8, 0x29, 0xD7, 0x29, 0xF8,
    0x29, 0xF9, 0x29, 0xF9, 0x29, 0xF9, 0x29, 0xF8, 0x29, 0xF8, 0x29, 0xF9, 0x2A, 0x1A, 0x2A, 0x1A,
    0x2A, 0x1A, 0x2A, 0x19, 0x2A, 0x19, 0x2A, 0x1A, 0x2A, 0x1A, 0x29, 0xF9, 0x29, 0xF9, 0x2A, 0x1B,
    0x2A, 0x1B, 0x2A, 0x1A, 0x2A, 0x1A, 0x2A, 0x1A, 0x2A, 0x1A, 0x2A, 0x1A, 0x29, 0xF9, 0x29, 0xF8,
    0x29, 0xF8, 0x29, 0xF9, 0x29, 0xF8, 0x29, 0xD7, 0x21, 0xB6, 0x29, 0xD7, 0x29, 0xF9, 0x29, 0xF9,
    0x29, 0xF8, 0x29, 0xD7, 0x29, 0xD7, 0x29, 0xD7, 0x29, 0xD7, 0x29, 0xD8, 0x29, 0xF8, 0x29, 0xF8,
    0x29, 0xF9, 0x29, 0xF8, 0x29, 0xF8, 0x2A, 0x1A, 0x2A, 0x1B, 0x2A, 0x1B, 0x2A, 0x1A, 0x29, 0xF9,
    0x29, 0xF8, 0x29, 0xF9, 0x29, 0xF8, 0x29, 0xF8, 0x29, 0xF8, 0x29, 0xF8, 0x29, 0xF9, 0x2A, 0x19,
    0x29, 0xF9, 0x29, 0xF9, 0x2A, 0x19, 0x2A, 0x1A, 0x2A, 0x1A, 0x29, 0xF9, 0x29, 0xF8, 0x00, 0x00,
    0xAD, 0x75, 0x00, 0x00, 0x00, 0x00, 0x00, 0x00, 0x00, 0x00, 0x00, 0x00, 0x00, 0x00, 0x00, 0x00,
    0x00, 0x00, 0x00, 0x00, 0x00, 0x00, 0x00, 0x00, 0x00, 0x00, 0x00, 0x00, 0x00, 0x00, 0x00, 0x00,
    0x00, 0x00, 0x00, 0x00, 0x00, 0x00, 0x00, 0x00, 0x00, 0x00, 0x00, 0x00, 0x00, 0x00, 0x00, 0x00,
    0x00, 0x00, 0x00, 0x00, 0x00, 0x00, 0x00, 0x00, 0x00, 0x00, 0x00, 0x00, 0x00, 0x00, 0x00, 0x00,
    0x00, 0x00, 0x00, 0x00, 0x00, 0x00, 0x00, 0x00, 0x00, 0x00, 0x00, 0x00, 0x00, 0x00, 0x00, 0x00,
    0x00, 0x00, 0x00, 0x00, 0x00, 0x00, 0x00, 0x00, 0x00, 0x00, 0x00, 0x00, 0x00, 0x00, 0x00, 0x00,
    0x00, 0x00, 0x00, 0x00, 0x00, 0x00, 0x00, 0x00, 0x00, 0x00, 0x00, 0x00, 0x00, 0x00, 0x00, 0x00,
    0x00, 0x00, 0x00, 0x00, 0x00, 0x00, 0x00, 0x00, 0x00, 0x00, 0x00, 0x00, 0x00, 0x00, 0x00, 0x00,
    0x00, 0x00, 0x00, 0x00, 0x00, 0x00, 0x00, 0x00, 0x00, 0x00, 0x00, 0x00, 0x00, 0x00, 0x00, 0x00,
    0x00, 0x00, 0x00, 0x00, 0x00, 0x00, 0xAD, 0x75, 0x00, 0x00, 0x2A, 0x19, 0x29, 0xF9, 0x29, 0xF8,
    0x29, 0xF9, 0x2A, 0x1A, 0x2A, 0x1A, 0x2A, 0x1B, 0x2A, 0x1B, 0x2A, 0x1A, 0x2A, 0x1A, 0x2A, 0x1A,
    0x2A, 0x1A, 0x29, 0xF9, 0x2A, 0x1A, 0x2A, 0x1B, 0x2A, 0x1B, 0x2A, 0x1A, 0x2A, 0x1A, 0x2A, 0x1A,
    0x2A, 0x1A, 0x2A, 0x1A, 0x29, 0xF9, 0x29, 0xF8, 0x29, 0xF8, 0x29, 0xF9, 0x29, 0xF8, 0x21, 0xD6,
    0x21, 0xB5, 0x29, 0xD7, 0x29, 0xF8, 0x29, 0xF8, 0x29, 0xF8, 0x29, 0xD7, 0x29, 0xD6, 0x29, 0xD6,
    0x29, 0xD7, 0x29, 0xD7, 0x29, 0xF8, 0x29, 0xF8, 0x29, 0xF8, 0x29, 0xF8, 0x29, 0xF8, 0x2A, 0x19,
    0x2A, 0x1B, 0x2A, 0x1A, 0x2A, 0x1A, 0x29, 0xF9, 0x29, 0xF8, 0x29, 0xF9, 0x29, 0xF9, 0x29, 0xF9,
    0x29, 0xF9, 0x29, 0xF8, 0x29, 0xF9, 0x2A, 0x1A, 0x29, 0xF9, 0x29, 0xF9, 0x2A, 0x1A, 0x2A, 0x1B,
    0x2A, 0x1B, 0x2A, 0x1A, 0x29, 0xF9, 0x2A, 0x1A, 0x32, 0x3B, 0x2A, 0x1B, 0x2A, 0x1A, 0x29, 0xF8,
    0x29, 0xF8, 0x29, 0xF9, 0x29, 0xF9, 0x2A, 0x19, 0x29, 0xF9, 0x29, 0xF8, 0x29, 0xF9, 0x29, 0xF9,
    0x2A, 0x1A, 0x2A, 0x1A, 0x2A, 0x1A, 0x2A, 0x1A, 0x21, 0xB5, 0x00, 0x00, 0x53, 0x3A, 0x63, 0xDF,
    0x63, 0xDF, 0x63, 0xBF, 0x63, 0xDF, 0x6B, 0xDF, 0x6B, 0xDF, 0x63, 0xDF, 0x63, 0xDF, 0x63, 0xDF,
    0x6B, 0xFF, 0x6B, 0xFF, 0x63, 0xDF, 0x63, 0xBF, 0x63, 0xBF, 0x63, 0xDF, 0x63, 0xDF, 0x63, 0xDF,
    0x63, 0xDF, 0x63, 0xBF, 0x63, 0xDF, 0x63, 0xDF, 0x63, 0xDF, 0x6B, 0xFF, 0x6B, 0xDF, 0x63, 0xDF,
    0x63, 0xDF, 0x63, 0xDF, 0x63, 0xDF, 0x63, 0xBF, 0x63, 0xDF, 0x6B, 0xFF, 0x6B, 0xFF, 0x6B, 0xFF,
    0x6B, 0xDF, 0x6B, 0xDF, 0x6B, 0xFF, 0x6B, 0xFF, 0x63, 0xDF, 0x63, 0xBF, 0x63, 0xBF, 0x63, 0xDF,
    0x63, 0xBF, 0x63, 0x9D, 0x63, 0x7C, 0x63, 0x9E, 0x63, 0xBF, 0x63, 0xBF, 0x63, 0xBF, 0x63, 0xBE,
    0x63, 0x9D, 0x63, 0x9E, 0x63, 0xBE, 0x63, 0xBF, 0x63, 0xBF, 0x63, 0xBF, 0x63, 0xDF, 0x63, 0xDF,
    0x63, 0xDF, 0x63, 0xDF, 0x6B, 0xFF, 0x6B, 0xFF, 0x63, 0xDF, 0x63, 0xDF, 0x63, 0xDF, 0x63, 0xBF,
    0x63, 0xBF, 0x63, 0xBF, 0x63, 0xBF, 0x63, 0xBF, 0x63, 0xDF, 0x63, 0xDF, 0x63, 0xDF, 0x63, 0xDF,
    0x63, 0xDF, 0x6B, 0xFF, 0x6B, 0xFF, 0x63, 0xDF, 0x63, 0xDF, 0x6B, 0xFF, 0x6B, 0xFF, 0x63, 0xDF,
    0x2A, 0x1A, 0x29, 0xF8, 0x29, 0xD8, 0x29, 0xF8, 0x29, 0xF9, 0x2A, 0x1A, 0x29, 0xF9, 0x29, 0xF9,
    0x29, 0xF9, 0x2A, 0x1A, 0x2A, 0x1A, 0x29, 0xF9, 0x29, 0xD8, 0x29, 0xF8, 0x29, 0xF9, 0x2A, 0x1A,
    0x2A, 0x1A, 0x2A, 0x1B, 0x2A, 0x1B, 0x2A, 0x1A, 0x2A, 0x1A, 0x2A, 0x3B, 0x2A, 0x1B, 0x2A, 0x1A,
    0x29, 0xF9, 0x29, 0xF8, 0x29, 0xF8, 0x29, 0xF8, 0x29, 0xF8, 0x29, 0xF8, 0x2A, 0x19, 0x2A, 0x1A,
    0x2A, 0x1A, 0x29, 0xF9, 0x29, 0xF8, 0x29, 0xF8, 0x29, 0xF8, 0x29, 0xD7, 0x29, 0xD7, 0x29, 0xD7,
    0x29, 0xD7, 0x29, 0xF8, 0x29, 0xD8, 0x29, 0xD7, 0x29, 0xD7, 0x29, 0xF9, 0x2A, 0x1A, 0x2A, 0x1A,
    0x29, 0xF9, 0x29, 0xF8, 0x29, 0xF8, 0x29, 0xF8, 0x29, 0xF8, 0x29, 0xF8, 0x29, 0xF9, 0x29, 0xF9,
    0x2A, 0x19, 0x29, 0xF9, 0x29, 0xF9, 0x2A, 0x1A, 0x2A, 0x1B, 0x2A, 0x1A, 0x2A, 0x1A, 0x29, 0xF8,
    0x29, 0xF8, 0x29, 0xF8, 0x29, 0xF8, 0x29, 0xF8, 0x29, 0xF8, 0x29, 0xF8, 0x29, 0xF8, 0x29, 0xF8,
    0x29, 0xD8, 0x29, 0xF8, 0x29, 0xF9, 0x2A, 0x1A, 0x29, 0xF9, 0x29, 0xF9, 0x29, 0xF9, 0x00, 0x00,
    0xAD, 0x75, 0x00, 0x00, 0x00, 0x00, 0x00, 0x00, 0x00, 0x00, 0x00, 0x00, 0x00, 0x00, 0x00, 0x00,
    0x00, 0x00, 0x00, 0x00, 0x00, 0x00, 0x00, 0x00, 0x00, 0x00, 0x00, 0x00, 0x00, 0x00, 0x00, 0x00,
    0x00, 0x00, 0x00, 0x00, 0x00, 0x00, 0x00, 0x00, 0x00, 0x00, 0x00, 0x00, 0x00, 0x00, 0x00, 0x00,
    0x00, 0x00, 0x00, 0x00, 0x00, 0x00, 0x00, 0x00, 0x00, 0x00, 0x00, 0x00, 0x00, 0x00, 0x00, 0x00,
    0x00, 0x00, 0x00, 0x00, 0x00, 0x00, 0x00, 0x00, 0x00, 0x00, 0x00, 0x00, 0x00, 0x00, 0x00, 0x00,
    0x00, 0x00, 0x00, 0x00, 0x00, 0x00, 0x00, 0x00, 0x00, 0x00, 0x00, 0x00, 0x00, 0x00, 0x00, 0x00,
    0x00, 0x00, 0x00, 0x00, 0x00, 0x00, 0x00, 0x00, 0x00, 0x00, 0x00, 0x00, 0x00, 0x00, 0x00, 0x00,
    0x00, 0x00, 0x00, 0x00, 0x00, 0x00, 0x00, 0x00, 0x00, 0x00, 0x00, 0x00, 0x00, 0x00, 0x00, 0x00,
    0x00, 0x00, 0x00, 0x00, 0x00, 0x00, 0x00, 0x00, 0x00, 0x00, 0x00, 0x00, 0x00, 0x00, 0x00, 0x00,
    0x00, 0x00, 0x00, 0x00, 0x00, 0x00, 0xAD, 0x75, 0x00, 0x00, 0x2A, 0x1B, 0x32, 0x3B, 0x2A, 0x1B,
    0x2A, 0x1B, 0x32, 0x3C, 0x32, 0x3C, 0x2A, 0x1A, 0x2A, 0x19, 0x29, 0xF9, 0x29, 0xF8, 0x29, 0xF9,
    0x29, 0xF8, 0x29, 0xF8, 0x2A, 0x19, 0x2A, 0x1A, 0x2A, 0x1A, 0x29, 0xF9, 0x29, 0xF8, 0x29, 0xF8,
    0x29, 0xF8, 0x29, 0xD7, 0x29, 0xD7, 0x29, 0xD7, 0x29, 0xD7, 0x29, 0xD8, 0x29, 0xD7, 0x21, 0xD6,
    0x29, 0xD7, 0x29, 0xF9, 0x2A, 0x1A, 0x2A, 0x1A, 0x29, 0xF8, 0x29, 0xF8, 0x29, 0xF8, 0x29, 0xF8,
    0x29, 0xF8, 0x29, 0xF8, 0x29, 0xF9, 0x29, 0xF9, 0x29, 0xF9, 0x29, 0xF9, 0x29, 0xF8, 0x2A, 0x1A,
    0x2A, 0x1B, 0x2A, 0x1A, 0x2A, 0x1A, 0x29, 0xF8, 0x29, 0xF8, 0x29, 0xF8, 0x29, 0xF9, 0x29, 0xF9,
    0x29, 0xF9, 0x29, 0xF8, 0x29, 0xF9, 0x29, 0xF8, 0x29, 0xF8, 0x29, 0xF8, 0x29, 0xF9, 0x2A, 0x1A,
    0x2A, 0x1A, 0x29, 0xF9, 0x29, 0xF9, 0x2A, 0x1A, 0x2A, 0x1B, 0x2A, 0x19, 0x29, 0xF8, 0x29, 0xF8,
    0x29, 0xF9, 0x2A, 0x1A, 0x2A, 0x1A, 0x2A, 0x1B, 0x32, 0x3B, 0x2A, 0x1B, 0x2A, 0x1B, 0x32, 0x3B,
    0x32, 0x3B, 0x2A, 0x1A, 0x2A, 0x19, 0x29, 0xF9, 0x21, 0xB5, 0x00, 0x00, 0x53, 0x3A, 0x63, 0xBF,
    0x63, 0xBE, 0x63, 0xBF, 0x63, 0xDF, 0x63, 0xDF, 0x63, 0xDF, 0x63, 0xDF, 0x63, 0xBF, 0x63, 0xDF,
    0x6B, 0xFF, 0x63, 0xDF, 0x63, 0xBF, 0x63, 0xBF, 0x63, 0xDF, 0x6B, 0xDF, 0x6B, 0xFF, 0x6B, 0xFF,
    0x6B, 0xFF, 0x6B, 0xFF, 0x6B, 0xFF, 0x6B, 0xFF, 0x6B, 0xFF, 0x63, 0xDF, 0x63, 0xDF, 0x63, 0xBF,
    0x63, 0xBF, 0x63, 0xBF, 0x63, 0xBF, 0x63, 0xBE, 0x63, 0xDF, 0x63, 0xDF, 0x63, 0xDF, 0x63, 0xDF,
    0x63, 0xBF, 0x63, 0xBF, 0x63, 0xBF, 0x63, 0xBF, 0x63, 0xBE, 0x63, 0xBE, 0x63, 0x9E, 0x63, 0xBF,
    0x63, 0xBE, 0x63, 0x9D, 0x63, 0x9E, 0x63, 0xDF, 0x63, 0xDF, 0x63, 0xDF, 0x63, 0xBF, 0x63, 0xBF,
    0x63, 0xBF, 0x63, 0xBF, 0x63, 0xBF, 0x63, 0xBF, 0x63, 0xDF, 0x63, 0xDF, 0x63, 0xDF, 0x63, 0xDF,
    0x63, 0xDF, 0x6B, 0xDF, 0x6B, 0xFF, 0x6B, 0xFF, 0x63, 0xDF, 0x63, 0xBF, 0x63, 0xBF, 0x63, 0xBF,
    0x63, 0xBF, 0x63, 0xBF, 0x63, 0xBF, 0x63, 0xBF, 0x63, 0xBF, 0x63, 0xBF, 0x63, 0xBF, 0x63, 0xBF,
    0x63, 0xDF, 0x6B, 0xDF, 0x63, 0xDF, 0x63, 0xDF, 0x63, 0xDF, 0x6B, 0xFF, 0x6B, 0xFF, 0x63, 0xDF,
    0x2A, 0x1A, 0x2A, 0x19, 0x2A, 0x19, 0x2A, 0x1A, 0x2A, 0x1A, 0x2A, 0x19, 0x29, 0xF9, 0x29, 0xF9,
    0x29, 0xF8, 0x2A, 0x19, 0x2A, 0x1A, 0x29, 0xF9, 0x29, 0xF8, 0x29, 0xF9, 0x2A, 0x1A, 0x2A, 0x1A,
    0x2A, 0x1A, 0x2A, 0x1A, 0x32, 0x3B, 0x32, 0x3B, 0x2A, 0x1A, 0x2A, 0x1B, 0x2A, 0x1A, 0x29, 0xF8,
    0x29, 0xD7, 0x29, 0xD7, 0x29, 0xF8, 0x29, 0xF9, 0x29, 0xF9, 0x2A, 0x1A, 0x2A, 0x1B, 0x2A, 0x1A,
    0x29, 0xF9, 0x29, 0xF8, 0x29, 0xF8, 0x29, 0xF9, 0x29, 0xF9, 0x29, 0xF8, 0x29, 0xF8, 0x29, 0xF9,
    0x29, 0xF9, 0x29, 0xF9, 0x29, 0xF9, 0x29, 0xF9, 0x2A, 0x1A, 0x32, 0x3B, 0x32, 0x3C, 0x32, 0x3B,
    0x2A, 0x1A, 0x2A, 0x1A, 0x2A, 0x1B, 0x2A, 0x1B, 0x2A, 0x1B, 0x2A, 0x1A, 0x2A, 0x1A, 0x2A, 0x1A,
    0x2A, 0x1A, 0x2A, 0x1A, 0x2A, 0x1A, 0x2A, 0x1B, 0x2A, 0x1B, 0x2A, 0x1A, 0x29, 0xF9, 0x29, 0xF9,
    0x29, 0xF9, 0x2A, 0x19, 0x2A, 0x1A, 0x2A, 0x19, 0x29, 0xF9, 0x29, 0xF9, 0x2A, 0x19, 0x2A, 0x19,
    0x29, 0xF9, 0x2A, 0x1A, 0x2A, 0x1A, 0x29, 0xF9, 0x29, 0xF9, 0x29, 0xF9, 0x29, 0xF8, 0x00, 0x00,
    0xAD, 0x75, 0x00, 0x00, 0x00, 0x00, 0x00, 0x00, 0x00, 0x00, 0x00, 0x00, 0x00, 0x00, 0x00, 0x00,
    0x00, 0x00, 0x00, 0x00, 0x00, 0x00, 0x00, 0x00, 0x00, 0x00, 0x00, 0x00, 0x00, 0x00, 0x00, 0x00,
    0x00, 0x00, 0x00, 0x00, 0x00, 0x00, 0x00, 0x00, 0x00, 0x00, 0x00, 0x00, 0x00, 0x00, 0x00, 0x00,
    0x00, 0x00, 0x00, 0x00, 0x00, 0x00, 0x00, 0x00, 0x00, 0x00, 0x00, 0x00, 0x00, 0x00, 0x00, 0x00,
    0x00, 0x00, 0x00, 0x00, 0x00, 0x00, 0x00, 0x00, 0x00, 0x00, 0x00, 0x00, 0x00, 0x00, 0x00, 0x00,
    0x00, 0x00, 0x00, 0x00, 0x00, 0x00, 0x00, 0x00, 0x00, 0x00, 0x00, 0x00, 0x00, 0x00, 0x00, 0x00,
    0x00, 0x00, 0x00, 0x00, 0x00, 0x00, 0x00, 0x00, 0x00, 0x00, 0x00, 0x00, 0x00, 0x00, 0x00, 0x00,
    0x00, 0x00, 0x00, 0x00, 0x00, 0x00, 0x00, 0x00, 0x00, 0x00, 0x00, 0x00, 0x00, 0x00, 0x00, 0x00,
    0x00, 0x00, 0x00, 0x00, 0x00, 0x00, 0x00, 0x00, 0x00, 0x00, 0x00, 0x00, 0x00, 0x00, 0x00, 0x00,
    0x00, 0x00, 0x00, 0x00, 0x00, 0x00, 0xAD, 0x75, 0x00, 0x00, 0x2A, 0x1B, 0x32, 0x3B, 0x32, 0x3B,
    0x2A, 0x1B, 0x2A, 0x1B, 0x2A, 0x1A, 0x29, 0xF8, 0x29, 0xD8, 0x29, 0xD8, 0x29, 0xF8, 0x29, 0xF9,
    0x29, 0xF9, 0x2A, 0x1A, 0x2A, 0x1B, 0x2A, 0x1A, 0x29, 0xF9, 0x29, 0xF8, 0x29, 0xF8, 0x29, 0xF9,
    0x29, 0xF9, 0x29, 0xF8, 0x29, 0xF8, 0x29, 0xF9, 0x29, 0xF9, 0x29, 0xF9, 0x29, 0xF9, 0x29, 0xF9,
    0x2A, 0x1A, 0x32, 0x3B, 0x32, 0x3B, 0x32, 0x3B, 0x2A, 0x1A, 0x2A, 0x1A, 0x2A, 0x1A, 0x2A, 0x1B,
    0x2A, 0x1A, 0x2A, 0x1A, 0x2A, 0x1A, 0x2A, 0x1A, 0x2A, 0x1A, 0x2A, 0x1A, 0x2A, 0x1A, 0x2A, 0x1A,
    0x2A, 0x1A, 0x2A, 0x1A, 0x29, 0xF9, 0x29, 0xF9, 0x29, 0xF9, 0x2A, 0x19, 0x2A, 0x1A, 0x2A, 0x19,
    0x29, 0xF9, 0x29, 0xF9, 0x2A, 0x19, 0x2A, 0x19, 0x2A, 0x19, 0x2A, 0x1A, 0x2A, 0x1A, 0x2A, 0x19,
    0x29, 0xF9, 0x29, 0xF9, 0x29, 0xF8, 0x2A, 0x19, 0x2A, 0x1A, 0x29, 0xF9, 0x29, 0xF9, 0x29, 0xF9,
    0x2A, 0x1A, 0x2A, 0x1A, 0x2A, 0x1A, 0x2A, 0x1B, 0x32, 0x3B, 0x32, 0x3B, 0x2A, 0x1B, 0x2A, 0x1B,
    0x2A, 0x1A, 0x29, 0xF8, 0x29, 0xD8, 0x29, 0xD8, 0x21, 0xB5, 0x00, 0x00, 0x53, 0x3A, 0x63, 0xDF,
    0x63, 0xDF, 0x63, 0xDF, 0x63, 0xDF, 0x63, 0xDF, 0x63, 0xDF, 0x63, 0xBF, 0x63, 0xBF, 0x63, 0xDF,
    0x63, 0xDF, 0x63, 0xDF, 0x63, 0xDF, 0x63, 0xDF, 0x6B, 0xDF, 0x6B, 0xFF, 0x6B, 0xFF, 0x6B, 0xFF,
    0x6B, 0xFF, 0x6B, 0xFF, 0x6B, 0xFF, 0x6B, 0xFF, 0x63, 0xDF, 0x63, 0xBF, 0x63, 0xBE, 0x63, 0xBE,
    0x63, 0xBE, 0x63, 0xBF, 0x63, 0xDF, 0x63, 0xDF, 0x6B, 0xFF, 0x6B, 0xFF, 0x63, 0xDF, 0x63, 0xBF,
    0x63, 0xBF, 0x63, 0xDF, 0x63, 0xBF, 0x63, 0xBF, 0x63, 0xBF, 0x63, 0xDF, 0x63, 0xDF, 0x63, 0xDF,
    0x63, 0xDF, 0x63, 0xDF, 0x63, 0xDF, 0x6B, 0xFF, 0x6B, 0xFF, 0x6B, 0xFF, 0x63, 0xDF, 0x63, 0xDF,
    0x63, 0xDF, 0x6B, 0xFF, 0x6B, 0xFF, 0x6B, 0xDF, 0x6B, 0xDF, 0x6B, 0xFF, 0x6B, 0xFF, 0x63, 0xDF,
    0x63, 0xDF, 0x6B, 0xFF, 0x6B, 0xFF, 0x63, 0xDF, 0x63, 0xDF, 0x63, 0xBF, 0x63, 0xBF, 0x63, 0xDF,
    0x63, 0xDF, 0x63, 0xDF, 0x63, 0xDF, 0x63, 0xDF, 0x63, 0xDF, 0x63, 0xDF, 0x63, 0xDF, 0x63, 0xDF,
    0x6B, 0xDF, 0x63, 0xDF, 0x63, 0xDF, 0x63, 0xDF, 0x63, 0xBF, 0x63, 0xDF, 0x63, 0xDF, 0x6B, 0xDF,
    0x2A, 0x1A, 0x2A, 0x1A, 0x2A, 0x1B, 0x2A, 0x1B, 0x2A, 0x1A, 0x2A, 0x1A, 0x2A, 0x1A, 0x29, 0xF9,
    0x29, 0xF9, 0x29, 0xF9, 0x2A, 0x19, 0x2A, 0x1A, 0x2A, 0x1A, 0x2A, 0x1A, 0x2A, 0x1A, 0x2A, 0x1A,
    0x2A, 0x1A, 0x2A, 0x1A, 0x2A, 0x1A, 0x29, 0xF9, 0x29, 0xF8, 0x29, 0xF8, 0x29, 0xD8, 0x29, 0xD7,
    0x29, 0xF8, 0x29, 0xF9, 0x2A, 0x19, 0x2A, 0x1A, 0x2A, 0x1B, 0x32, 0x3B, 0x32, 0x3B, 0x2A, 0x19,
    0x29, 0xF8, 0x29, 0xF9, 0x2A, 0x1A, 0x2A, 0x1B, 0x2A, 0x1A, 0x2A, 0x1A, 0x2A, 0x1B, 0x32, 0x3B,
    0x2A, 0x1B, 0x2A, 0x1A, 0x2A, 0x1A, 0x2A, 0x1B, 0x32, 0x3B, 0x32, 0x3B, 0x2A, 0x1B, 0x2A, 0x1B,
    0x2A, 0x1A, 0x2A, 0x1A, 0x2A, 0x1A, 0x2A, 0x1B, 0x2A, 0x1B, 0x2A, 0x1B, 0x2A, 0x1A, 0x2A, 0x1B,
    0x2A, 0x1B, 0x2A, 0x1A, 0x2A, 0x1A, 0x2A, 0x1B, 0x2A, 0x1B, 0x2A, 0x1A, 0x2A, 0x1A, 0x2A, 0x19,
    0x2A, 0x19, 0x2A, 0x1A, 0x2A, 0x1A, 0x2A, 0x1A, 0x29, 0xF9, 0x29, 0xF9, 0x2A, 0x1A, 0x2A, 0x1A,
    0x2A, 0x1A, 0x2A, 0x1A, 0x2A, 0x1A, 0x2A, 0x1A, 0x2A, 0x1A, 0x29, 0xF9, 0x29, 0xF9, 0x00, 0x00,
    0xAD, 0x75, 0x00, 0x00, 0x00, 0x00, 0x00, 0x00, 0x00, 0x00, 0x00, 0x00, 0x00, 0x00, 0x00, 0x00,
    0x00, 0x00, 0x00, 0x00, 0x00, 0x00, 0x00, 0x00, 0x00, 0x00, 0x00, 0x00, 0x00, 0x00, 0x00, 0x00,
    0x00, 0x00, 0x00, 0x00, 0x00, 0x00, 0x00, 0x00, 0x00, 0x00, 0x00, 0x00, 0x00, 0x00, 0x00, 0x00,
    0x00, 0x00, 0x00, 0x00, 0x00, 0x00, 0x00, 0x00, 0x00, 0x00, 0x00, 0x00, 0x00, 0x00, 0x00, 0x00,
    0x00, 0x00, 0x00, 0x00, 0x00, 0x00, 0x00, 0x00, 0x00, 0x00, 0x00, 0x00, 0x00, 0x00, 0x00, 0x00,
    0x00, 0x00, 0x00, 0x00, 0x00, 0x00, 0x00, 0x00, 0x00, 0x00, 0x00, 0x00, 0x00, 0x00, 0x00, 0x00,
    0x00, 0x00, 0x00, 0x00, 0x00, 0x00, 0x00, 0x00, 0x00, 0x00, 0x00, 0x00, 0x00, 0x00, 0x00, 0x00,
    0x00, 0x00, 0x00, 0x00, 0x00, 0x00, 0x00, 0x00, 0x00, 0x00, 0x00, 0x00, 0x00, 0x00, 0x00, 0x00,
    0x00, 0x00, 0x00, 0x00, 0x00, 0x00, 0x00, 0x00, 0x00, 0x00, 0x00, 0x00, 0x00, 0x00, 0x00, 0x00,
    0x00, 0x00, 0x00, 0x00, 0x00, 0x00, 0xAD, 0x75, 0x00, 0x00, 0x2A, 0x1A, 0x2A, 0x1A, 0x29, 0xF9,
    0x29, 0xF8, 0x29, 0xF8, 0x29, 0xD8, 0x29, 0xD7, 0x29, 0xF8, 0x29, 0xF9, 0x2A, 0x1A, 0x2A, 0x1A,
    0x2A, 0x1B, 0x32, 0x3C, 0x32, 0x3B, 0x2A, 0x19, 0x29, 0xF8, 0x29, 0xF9, 0x2A, 0x1A, 0x2A, 0x1B,
    0x2A, 0x1A, 0x2A, 0x1A, 0x2A, 0x1B, 0x32, 0x3B, 0x2A, 0x1B, 0x2A, 0x1A, 0x2A, 0x1A, 0x2A, 0x1A,
    0x32, 0x3B, 0x32, 0x3B, 0x2A, 0x1B, 0x2A, 0x1A, 0x2A, 0x19, 0x2A, 0x1A, 0x2A, 0x1A, 0x2A, 0x1B,
    0x2A, 0x1B, 0x2A, 0x1A, 0x2A, 0x1A, 0x2A, 0x1B, 0x2A, 0x1B, 0x2A, 0x1A, 0x2A, 0x1A, 0x2A, 0x1B,
    0x2A, 0x1B, 0x2A, 0x1A, 0x2A, 0x1A, 0x2A, 0x19, 0x2A, 0x19, 0x2A, 0x1A, 0x2A, 0x1A, 0x2A, 0x1A,
    0x29, 0xF9, 0x29, 0xF9, 0x2A, 0x1A, 0x2A, 0x1A, 0x2A, 0x1B, 0x2A, 0x1B, 0x2A, 0x1A, 0x2A, 0x1A,
    0x2A, 0x1A, 0x29, 0xF9, 0x29, 0xF9, 0x29, 0xF9, 0x2A, 0x1A, 0x2A, 0x1A, 0x2A, 0x1A, 0x2A, 0x1B,
    0x2A, 0x1A, 0x2A, 0x1A, 0x2A, 0x1A, 0x2A, 0x1A, 0x2A, 0x1A, 0x29, 0xF9, 0x29, 0xF8, 0x29, 0xF8,
    0x29, 0xD8, 0x29, 0xD7, 0x29, 0xF8, 0x29, 0xF9, 0x21, 0xB5, 0x00, 0x00, 0x53, 0x3A, 0x6B, 0xFF,
    0x63, 0xDF, 0x6B, 0xFF, 0x63, 0xDF, 0x63, 0xDF, 0x63, 0xDF, 0x63, 0xDF, 0x63, 0xBF, 0x63, 0xDF,
    0x63, 0xDF, 0x63, 0xDF, 0x6B, 0xFF, 0x6B, 0xFF, 0x6B, 0xFF, 0x6B, 0xFF, 0x63, 0xFF, 0x63, 0xFF,
    0x63, 0xDF, 0x63, 0xDF, 0x63, 0xBF, 0x63, 0xBF, 0x63, 0xBF, 0x63, 0x9E, 0x63, 0xBF, 0x63, 0xBF,
    0x63, 0xDF, 0x63, 0xDF, 0x6B, 0xFF, 0x6B, 0xFF, 0x6B, 0xFF, 0x63, 0xDF, 0x63, 0xBF, 0x63, 0xDF,
    0x6B, 0xDF, 0x6B, 0xFF, 0x6B, 0xFF, 0x6B, 0xFF, 0x6B, 0xFF, 0x6B, 0xFF, 0x6B, 0xFF, 0x63, 0xDF,
    0x63, 0xDF, 0x63, 0xDF, 0x6B, 0xFF, 0x6B, 0xFF, 0x6B, 0xFF, 0x63, 0xDF, 0x63, 0xDF, 0x63, 0xDF,
    0x6B, 0xFF, 0x6B, 0xFF, 0x6B, 0xFF, 0x6B, 0xFF, 0x6B, 0xFF, 0x6B, 0xFF, 0x6C, 0x1F, 0x6B, 0xFF,
    0x6B, 0xFF, 0x6B, 0xFF, 0x6B, 0xFF, 0x63, 0xDF, 0x63, 0xDF, 0x63, 0xDF, 0x63, 0xDF, 0x63, 0xDF,
    0x63, 0xDF, 0x63, 0xDF, 0x63, 0xDF, 0x63, 0xDF, 0x63, 0xDF, 0x6B, 0xFF, 0x6B, 0xFF, 0x6B, 0xFF,
    0x6B, 0xFF, 0x6B, 0xDF, 0x63, 0xFF, 0x6B, 0xDF, 0x63, 0xDF, 0x63, 0xDF, 0x63, 0xDF, 0x6B, 0xDF,
    0x2A, 0x1A, 0x2A, 0x1A, 0x2A, 0x1A, 0x2A, 0x1A, 0x2A, 0x1A, 0x2A, 0x1A, 0x2A, 0x1A, 0x2A, 0x1A,
    0x2A, 0x1A, 0x2A, 0x1A, 0x2A, 0x1A, 0x2A, 0x1A, 0x2A, 0x1A, 0x2A, 0x1A, 0x29, 0xF9, 0x29, 0xF9,
    0x29, 0xF9, 0x29, 0xF9, 0x29, 0xF9, 0x29, 0xF8, 0x29, 0xD7, 0x29, 0xF8, 0x29, 0xF9, 0x29, 0xF9,
    0x2A, 0x1A, 0x2A, 0x1B, 0x2A, 0x1B, 0x2A, 0x1B, 0x2A, 0x1B, 0x2A, 0x1B, 0x29, 0xF9, 0x29, 0xF8,
    0x29, 0xF8, 0x2A, 0x1B, 0x32, 0x3C, 0x32, 0x3C, 0x2A, 0x1B, 0x2A, 0x1B, 0x32, 0x3B, 0x32, 0x3C,
    0x32, 0x3C, 0x29, 0xF9, 0x2A, 0x1A, 0x2A, 0x3B, 0x2A, 0x3B, 0x2A, 0x1A, 0x29, 0xF9, 0x29, 0xF9,
    0x29, 0xF9, 0x29, 0xF9, 0x2A, 0x1A, 0x2A, 0x1A, 0x2A, 0x1B, 0x2A, 0x1A, 0x2A, 0x1A, 0x2A, 0x1B,
    0x2A, 0x1B, 0x2A, 0x1A, 0x2A, 0x1B, 0x32, 0x3B, 0x2A, 0x1A, 0x2A, 0x1A, 0x2A, 0x1A, 0x2A, 0x1A,
    0x29, 0xF9, 0x29, 0xF9, 0x2A, 0x1A, 0x2A, 0x1A, 0x29, 0xF9, 0x29, 0xF9, 0x2A, 0x1A, 0x2A, 0x1A,
    0x2A, 0x1A, 0x2A, 0x1A, 0x2A, 0x1A, 0x2A, 0x1A, 0x2A, 0x1B, 0x2A, 0x1A, 0x2A, 0x1A, 0x00, 0x00,
    0xAD, 0x75, 0x00, 0x00, 0x00, 0x00, 0x00, 0x00, 0x00, 0x00, 0x00, 0x00, 0x00, 0x00, 0x00, 0x00,
    0x00, 0x00, 0x00, 0x00, 0x00, 0x00, 0x00, 0x00, 0x00, 0x00, 0x00, 0x00, 0x00, 0x00, 0x00, 0x00,
    0x00, 0x00, 0x00, 0x00, 0x00, 0x00, 0x00, 0x00, 0x00, 0x00, 0x00, 0x00, 0x00, 0x00, 0x00, 0x00,
    0x00, 0x00, 0x00, 0x00, 0x00, 0x00, 0x00, 0x00, 0x00, 0x00, 0x00, 0x00, 0x00, 0x00, 0x00, 0x00,
    0x00, 0x00, 0x00, 0x00, 0x00, 0x00, 0x00, 0x00, 0x00, 0x00, 0x00, 0x00, 0x00, 0x00, 0x00, 0x00,
    0x00, 0x00, 0x00, 0x00, 0x00, 0x00, 0x00, 0x00, 0x00, 0x00, 0x00, 0x00, 0x00, 0x00, 0x00, 0x00,
    0x00, 0x00, 0x00, 0x00, 0x00, 0x00, 0x00, 0x00, 0x00, 0x00, 0x00, 0x00, 0x00, 0x00, 0x00, 0x00,
    0x00, 0x00, 0x00, 0x00, 0x00, 0x00, 0x00, 0x00, 0x00, 0x00, 0x00, 0x00, 0x00, 0x00, 0x00, 0x00,
    0x00, 0x00, 0x00, 0x00, 0x00, 0x00, 0x00, 0x00, 0x00, 0x00, 0x00, 0x00, 0x00, 0x00, 0x00, 0x00,
    0x00, 0x00, 0x00, 0x00, 0x00, 0x00, 0xAD, 0x75, 0x00, 0x00, 0x29, 0xF9, 0x29, 0xF9, 0x29, 0xF8,
    0x29, 0xF8, 0x29, 0xF8, 0x29, 0xF9, 0x2A, 0x1A, 0x2A, 0x1B, 0x2A, 0x1B, 0x2A, 0x3B, 0x2A, 0x1B,
    0x2A, 0x1B, 0x2A, 0x1B, 0x29, 0xF9, 0x29, 0xF8, 0x29, 0xF9, 0x2A, 0x1B, 0x32, 0x3C, 0x32, 0x3C,
    0x2A, 0x1B, 0x2A, 0x1B, 0x32, 0x3B, 0x32, 0x3C, 0x32, 0x3B, 0x29, 0xF9, 0x2A, 0x1A, 0x2A, 0x1B,
    0x2A, 0x1B, 0x2A, 0x19, 0x29, 0xF9, 0x29, 0xF8, 0x29, 0xF8, 0x29, 0xF8, 0x2A, 0x1A, 0x2A, 0x1A,
    0x2A, 0x1A, 0x2A, 0x1A, 0x2A, 0x1A, 0x2A, 0x1A, 0x2A, 0x1B, 0x2A, 0x1A, 0x2A, 0x1B, 0x32, 0x3B,
    0x2A, 0x1A, 0x2A, 0x1A, 0x2A, 0x1A, 0x2A, 0x1A, 0x29, 0xF9, 0x29, 0xF9, 0x2A, 0x1A, 0x2A, 0x1A,
    0x29, 0xF9, 0x29, 0xF9, 0x2A, 0x1A, 0x2A, 0x1B, 0x2A, 0x1A, 0x2A, 0x1A, 0x2A, 0x1A, 0x2A, 0x1A,
    0x2A, 0x1B, 0x2A, 0x1B, 0x2A, 0x1A, 0x2A, 0x1A, 0x2A, 0x1A, 0x2A, 0x1B, 0x2A, 0x1B, 0x2A, 0x1B,
    0x2A, 0x19, 0x29, 0xF9, 0x29, 0xF9, 0x29, 0xF9, 0x29, 0xF9, 0x29, 0xF8, 0x29, 0xD8, 0x29, 0xF8,
    0x29, 0xF9, 0x29, 0xF9, 0x2A, 0x1A, 0x2A, 0x1B, 0x21, 0xB5, 0x00, 0x00, 0x53, 0x3A, 0x6B, 0xFF,
    0x6B, 0xDF, 0x63, 0xDF, 0x63, 0xDF, 0x63, 0xDF, 0x63, 0xDF, 0x6B, 0xFF, 0x63, 0xDF, 0x6B, 0xDF,
    0x6B, 0xDF, 0x6B, 0xDF, 0x6B, 0xFF, 0x6B, 0xFF, 0x63, 0xDF, 0x6B, 0xDF, 0x6B, 0xDF, 0x63, 0xDF,
    0x63, 0xDF, 0x63, 0xBF, 0x63, 0xBF, 0x63, 0xBF, 0x63, 0xDF, 0x63, 0xDF, 0x6B, 0xDF, 0x6B, 0xFF,
    0x6B, 0xFF, 0x6B, 0xFF, 0x6B, 0xFF, 0x6B, 0xFF, 0x63, 0xDF, 0x63, 0xBF, 0x63, 0xDF, 0x6B, 0xFF,
    0x6C, 0x1F, 0x6C, 0x1F, 0x6C, 0x1F, 0x6B, 0xFF, 0x6B, 0xFF, 0x6C, 0x1F, 0x6C, 0x1F, 0x63, 0xDF,
    0x63, 0xDF, 0x6B, 0xFF, 0x6B, 0xFF, 0x63, 0xDF, 0x63, 0xBF, 0x63, 0xBF, 0x63, 0xBF, 0x63, 0xDF,
    0x63, 0xDF, 0x6B, 0xFF, 0x6B, 0xFF, 0x6B, 0xFF, 0x6B, 0xFF, 0x6B, 0xFF, 0x6C, 0x1F, 0x6B, 0xFF,
    0x6B, 0xFF, 0x6B, 0xFF, 0x6B, 0xFF, 0x6B, 0xDF, 0x6B, 0xFF, 0x63, 0xDF, 0x63, 0xDF, 0x63, 0xDF,
    0x63, 0xDF, 0x63, 0xDF, 0x63, 0xDF, 0x63, 0xDF, 0x6B, 0xDF, 0x6B, 0xFF, 0x6B, 0xDF, 0x63, 0xDF,
    0x63, 0xFF, 0x6B, 0xFF, 0x6B, 0xFF, 0x6B, 0xFF, 0x6B, 0xFF, 0x6B, 0xFF, 0x6B, 0xFF, 0x6B, 0xFF,
    0x2A, 0x1A, 0x2A, 0x1B, 0x2A, 0x1A, 0x29, 0xFA, 0x2A, 0x1A, 0x2A, 0x1A, 0x2A, 0x1B, 0x2A, 0x1B,
    0x2A, 0x1A, 0x2A, 0x19, 0x2A, 0x1A, 0x2A, 0x1A, 0x2A, 0x1A, 0x29, 0xF9, 0x29, 0xF8, 0x29, 0xF8,
    0x29, 0xF9, 0x2A, 0x19, 0x29, 0xF9, 0x29, 0xF9, 0x29, 0xF9, 0x2A, 0x1A, 0x2A, 0x1B, 0x32, 0x3B,
    0x32, 0x3B, 0x32, 0x3B, 0x2A, 0x1B, 0x2A, 0x1B, 0x32, 0x3B, 0x2A, 0x1B, 0x29, 0xF9, 0x29, 0xF9,
    0x2A, 0x1B, 0x32, 0x3C, 0x32, 0x3C, 0x2A, 0x1B, 0x2A, 0x1B, 0x2A, 0x1B, 0x32, 0x3C, 0x32, 0x3C,
    0x2A, 0x3B, 0x29, 0xF9, 0x2A, 0x1A, 0x32, 0x3C, 0x32, 0x3B, 0x2A, 0x19, 0x32, 0x19, 0x2A, 0x1A,
    0x2A, 0x1A, 0x2A, 0x1A, 0x2A, 0x3B, 0x2A, 0x3B, 0x2A, 0x1B, 0x2A, 0x1A, 0x2A, 0x1A, 0x2A, 0x1A,
    0x2A, 0x1B, 0x2A, 0x1A, 0x2A, 0x1B, 0x2A, 0x1B, 0x2A, 0x1A, 0x29, 0xF9, 0x29, 0xFA, 0x29, 0xF9,
    0x29, 0xF9, 0x29, 0xF9, 0x2A, 0x1A, 0x2A, 0x1A, 0x29, 0xF9, 0x2A, 0x19, 0x2A, 0x1A, 0x2A, 0x1A,
    0x2A, 0x1A, 0x29, 0xF9, 0x2A, 0x19, 0x2A, 0x1A, 0x2A, 0x1A, 0x2A, 0x1A, 0x2A, 0x1A, 0x00, 0x00,
    0xAD, 0x75, 0x00, 0x00, 0x00, 0x00, 0x00, 0x00, 0x00, 0x00, 0x00, 0x00, 0x00, 0x00, 0x00, 0x00,
    0x00, 0x00, 0x00, 0x00, 0x00, 0x00, 0x00, 0x00, 0x00, 0x00, 0x00, 0x00, 0x00, 0x00, 0x00, 0x00,
    0x00, 0x00, 0x00, 0x00, 0x00, 0x00, 0x00, 0x00, 0x00, 0x00, 0x00, 0x00, 0x00, 0x00, 0x00, 0x00,
    0x00, 0x00, 0x00, 0x00, 0x00, 0x00, 0x00, 0x00, 0x00, 0x00, 0x00, 0x00, 0x00, 0x00, 0x00, 0x00,
    0x00, 0x00, 0x00, 0x00, 0x00, 0x00, 0x00, 0x00, 0x00, 0x00, 0x00, 0x00, 0x00, 0x00, 0x00, 0x00,
    0x00, 0x00, 0x00, 0x00, 0x00, 0x00, 0x00, 0x00, 0x00, 0x00, 0x00, 0x00, 0x00, 0x00, 0x00, 0x00,
    0x00, 0x00, 0x00, 0x00, 0x00, 0x00, 0x00, 0x00, 0x00, 0x00, 0x00, 0x00, 0x00, 0x00, 0x00, 0x00,
    0x00, 0x00, 0x00, 0x00, 0x00, 0x00, 0x00, 0x00, 0x00, 0x00, 0x00, 0x00, 0x00, 0x00, 0x00, 0x00,
    0x00, 0x00, 0x00, 0x00, 0x00, 0x00, 0x00, 0x00, 0x00, 0x00, 0x00, 0x00, 0x00, 0x00, 0x00, 0x00,
    0x00, 0x00, 0x00, 0x00, 0x00, 0x00, 0xAD, 0x75, 0x00, 0x00, 0x2A, 0x1A, 0x2A, 0x1A, 0x2A, 0x1A,
    0x2A, 0x1A, 0x2A, 0x1B, 0x32, 0x3B, 0x32, 0x3C, 0x32, 0x3C, 0x32, 0x3C, 0x2A, 0x3B, 0x2A, 0x3B,
    0x32, 0x3C, 0x2A, 0x1B, 0x29, 0xF9, 0x29, 0xF9, 0x2A, 0x1B, 0x32, 0x3C, 0x32, 0x3C, 0x2A, 0x1B,
    0x2A, 0x1A, 0x2A, 0x1B, 0x32, 0x3B, 0x32, 0x3C, 0x2A, 0x1B, 0x29, 0xF9, 0x29, 0xFA, 0x32, 0x3C,
    0x2A, 0x1B, 0x29, 0xF9, 0x29, 0xF9, 0x2A, 0x1A, 0x2A, 0x1A, 0x2A, 0x1A, 0x2A, 0x1B, 0x2A, 0x1B,
    0x2A, 0x1A, 0x2A, 0x1A, 0x29, 0xF9, 0x2A, 0x19, 0x2A, 0x1A, 0x2A, 0x1A, 0x2A, 0x1B, 0x2A, 0x1B,
    0x2A, 0x19, 0x29, 0xF9, 0x29, 0xFA, 0x2A, 0x1A, 0x29, 0xF9, 0x29, 0xF9, 0x2A, 0x1A, 0x2A, 0x1A,
    0x29, 0xFA, 0x2A, 0x1A, 0x2A, 0x1A, 0x2A, 0x1B, 0x2A, 0x1A, 0x2A, 0x1A, 0x2A, 0x1A, 0x2A, 0x1A,
    0x2A, 0x1B, 0x2A, 0x1B, 0x2A, 0x1A, 0x2A, 0x1A, 0x2A, 0x1A, 0x32, 0x1A, 0x32, 0x1A, 0x2A, 0x19,
    0x29, 0xF8, 0x29, 0xF9, 0x2A, 0x1A, 0x2A, 0x1A, 0x2A, 0x1A, 0x2A, 0x1A, 0x2A, 0x1A, 0x2A, 0x1B,
    0x2A, 0x3B, 0x32, 0x3B, 0x32, 0x3B, 0x32, 0x3B, 0x21, 0xB5, 0x00, 0x00, 0x53, 0x3A, 0x6B, 0xFF,
    0x63, 0xDF, 0x63, 0xDF, 0x63, 0xDF, 0x6B, 0xDF, 0x6B, 0xFF, 0x6B, 0xFF, 0x63, 0xDF, 0x63, 0xDF,
    0x63, 0xDF, 0x63, 0xFF, 0x63, 0xFF, 0x6B, 0xDF, 0x63, 0xDF, 0x6B, 0xFF, 0x6B, 0xFF, 0x6B, 0xFF,
    0x6B, 0xFF, 0x63, 0xDF, 0x63, 0xDF, 0x6B, 0xDF, 0x6B, 0xFF, 0x6B, 0xFF, 0x6B, 0xFF, 0x6B, 0xFF,
    0x6B, 0xFF, 0x6B, 0xFF, 0x6B, 0xFF, 0x6B, 0xFF, 0x63, 0xDF, 0x63, 0xBF, 0x6B, 0xFF, 0x6C, 0x1F,
    0x6C, 0x1F, 0x6B, 0xFF, 0x6C, 0x1F, 0x6B, 0xFF, 0x6C, 0x1F, 0x6C, 0x1F, 0x6B, 0xFF, 0x63, 0xBF,
    0x63, 0xDF, 0x6B, 0xFF, 0x6B, 0xFF, 0x63, 0xDF, 0x63, 0xDF, 0x63, 0xDF, 0x63, 0xDF, 0x6B, 0xDF,
    0x6B, 0xFF, 0x6B, 0xFF, 0x6B, 0xFF, 0x63, 0xFF, 0x6B, 0xFF, 0x6B, 0xFF, 0x6C, 0x1F, 0x6C, 0x1F,
    0x6B, 0xFF, 0x6B, 0xFF, 0x63, 0xDF, 0x63, 0xDF, 0x63, 0xDF, 0x63, 0xDF, 0x63, 0xBF, 0x63, 0xDF,
    0x63, 0xDF, 0x63, 0xDF, 0x63, 0xDF, 0x63, 0xDF, 0x6B, 0xDF, 0x6B, 0xFF, 0x63, 0xDF, 0x63, 0xDF,
    0x6B, 0xFF, 0x6B, 0xFF, 0x6B, 0xFF, 0x6C, 0x1F, 0x6B, 0xFF, 0x6B, 0xFF, 0x6B, 0xFF, 0x6B, 0xFF,
    0x2A, 0x1A, 0x2A, 0x1B, 0x2A, 0x1A, 0x2A, 0x1A, 0x2A, 0x1A, 0x2A, 0x1B, 0x2A, 0x1A, 0x2A, 0x1A,
    0x29, 0xF9, 0x29, 0xF9, 0x29, 0xFA, 0x2A, 0x1A, 0x2A, 0x1A, 0x29, 0xF9, 0x29, 0xF8, 0x29, 0xF9,
    0x2A, 0x1B, 0x32, 0x3B, 0x2A, 0x1B, 0x2A, 0x1A, 0x2A, 0x1B, 0x32, 0x3C, 0x32, 0x3C, 0x32, 0x3C,
    0x32, 0x3B, 0x2A, 0x1B, 0x2A, 0x1B, 0x32, 0x3C, 0x32, 0x3C, 0x32, 0x3B, 0x2A, 0x1A, 0x2A, 0x3B,
    0x32, 0x3D, 0x32, 0x5D, 0x32, 0x3C, 0x2A, 0x1A, 0x2A, 0x1A, 0x2A, 0x1A, 0x2A, 0x1B, 0x32, 0x1A,
    0x2A, 0x19, 0x29, 0xF9, 0x2A, 0x1A, 0x32, 0x5C, 0x32, 0x3B, 0x32, 0x3A, 0x32, 0x1A, 0x32, 0x3C,
    0x32, 0x3C, 0x32, 0x3B, 0x32, 0x3B, 0x2A, 0x3B, 0x2A, 0x1A, 0x2A, 0x1A, 0x2A, 0x1A, 0x2A, 0x1A,
    0x2A, 0x1A, 0x2A, 0x1A, 0x2A, 0x1A, 0x2A, 0x1A, 0x29, 0xF9, 0x29, 0xF8, 0x29, 0xF9, 0x2A, 0x1A,
    0x2A, 0x1A, 0x2A, 0x1A, 0x2A, 0x1B, 0x2A, 0x1A, 0x2A, 0x1A, 0x2A, 0x1A, 0x2A, 0x1A, 0x2A, 0x1A,
    0x2A, 0x1A, 0x2A, 0x1A, 0x2A, 0x1A, 0x2A, 0x1B, 0x2A, 0x1A, 0x2A, 0x1A, 0x29, 0xF9, 0x00, 0x00,
    0xAD, 0x75, 0x00, 0x00, 0x00, 0x00, 0x00, 0x00, 0x00, 0x00, 0x00, 0x00, 0x00, 0x00, 0x00, 0x00,
    0x00, 0x00, 0x00, 0x00, 0x00, 0x00, 0x00, 0x00, 0x00, 0x00, 0x00, 0x00, 0x00, 0x00, 0x00, 0x00,
    0x00, 0x00, 0x00, 0x00, 0x00, 0x00, 0x00, 0x00, 0x00, 0x00, 0x00, 0x00, 0x00, 0x00, 0x00, 0x00,
    0x00, 0x00, 0x00, 0x00, 0x00, 0x00, 0x00, 0x00, 0x00, 0x00, 0x00, 0x00, 0x00, 0x00, 0x00, 0x00,
    0x00, 0x00, 0x00, 0x00, 0x00, 0x00, 0x00, 0x00, 0x00, 0x00, 0x00, 0x00, 0x00, 0x00, 0x00, 0x00,
    0x00, 0x00, 0x00, 0x00, 0x00, 0x00, 0x00, 0x00, 0x00, 0x00, 0x00, 0x00, 0x00, 0x00, 0x00, 0x00,
    0x00, 0x00, 0x00, 0x00, 0x00, 0x00, 0x00, 0x00, 0x00, 0x00, 0x00, 0x00, 0x00, 0x00, 0x00, 0x00,
    0x00, 0x00, 0x00, 0x00, 0x00, 0x00, 0x00, 0x00, 0x00, 0x00, 0x00, 0x00, 0x00, 0x00, 0x00, 0x00,
    0x00, 0x00, 0x00, 0x00, 0x00, 0x00, 0x00, 0x00, 0x00, 0x00, 0x00, 0x00, 0x00, 0x00, 0x00, 0x00,
    0x00, 0x00, 0x00, 0x00, 0x00, 0x00, 0xAD, 0x75, 0x00, 0x00, 0x32, 0x3C, 0x2A, 0x3B, 0x32, 0x1A,
    0x32, 0x3B, 0x32, 0x3C, 0x32, 0x5D, 0x32, 0x3C, 0x32, 0x3C, 0x32, 0x3B, 0x32, 0x3B, 0x32, 0x3C,
    0x32, 0x3C, 0x32, 0x3B, 0x2A, 0x1A, 0x2A, 0x3B, 0x32, 0x3D, 0x32, 0x5D, 0x32, 0x3C, 0x2A, 0x1A,
    0x2A, 0x1A, 0x2A, 0x1A, 0x2A, 0x1B, 0x2A, 0x1A, 0x2A, 0x19, 0x29, 0xF9, 0x2A, 0x1A, 0x32, 0x3C,
    0x2A, 0x1A, 0x29, 0xF9, 0x2A, 0x1A, 0x32, 0x3B, 0x32, 0x3C, 0x2A, 0x1B, 0x2A, 0x1B, 0x2A, 0x1B,
    0x2A, 0x1A, 0x2A, 0x1A, 0x29, 0xF9, 0x29, 0xFA, 0x2A, 0x1A, 0x2A, 0x1A, 0x2A, 0x1A, 0x2A, 0x1A,
    0x29, 0xF8, 0x29, 0xD8, 0x29, 0xF9, 0x29, 0xF9, 0x2A, 0x1A, 0x2A, 0x1A, 0x2A, 0x1B, 0x2A, 0x1A,
    0x2A, 0x1A, 0x2A, 0x1A, 0x2A, 0x1A, 0x2A, 0x1B, 0x2A, 0x1A, 0x2A, 0x1A, 0x2A, 0x1A, 0x32, 0x3B,
    0x2A, 0x1B, 0x32, 0x1A, 0x2A, 0x1A, 0x2A, 0x19, 0x32, 0x3A, 0x32, 0x1A, 0x2A, 0x1A, 0x32, 0x19,
    0x29, 0xF9, 0x2A, 0x1A, 0x32, 0x3B, 0x32, 0x3C, 0x32, 0x3B, 0x32, 0x1A, 0x2A, 0x1B, 0x32, 0x3C,
    0x32, 0x3D, 0x32, 0x3C, 0x32, 0x3C, 0x2A, 0x1B, 0x21, 0xB6, 0x00, 0x00, 0x53, 0x3A, 0x6B, 0xFF,
    0x6B, 0xDF, 0x63, 0xDF, 0x6B, 0xDF, 0x6B, 0xFF, 0x6B, 0xFF, 0x6B, 0xDF, 0x63, 0xDF, 0x63, 0xDF,
    0x63, 0xDF, 0x63, 0xFF, 0x6B, 0xFF, 0x6B, 0xFF, 0x6B, 0xDF, 0x6B, 0xFF, 0x6C, 0x1F, 0x6C, 0x1F,
    0x6C, 0x1F, 0x6B, 0xFF, 0x6B, 0xFF, 0x6C, 0x1F, 0x6C, 0x1F, 0x6B, 0xFF, 0x6B, 0xFF, 0x6B, 0xFF,
    0x6B, 0xFF, 0x6B, 0xFF, 0x6B, 0xFF, 0x6B, 0xFF, 0x63, 0xDF, 0x6B, 0xFF, 0x6C, 0x1F, 0x6C, 0x1F,
    0x6C, 0x1F, 0x6B, 0xFF, 0x6B, 0xFF, 0x6C, 0x1F, 0x6C, 0x1F, 0x6B, 0xFF, 0x6B, 0xDF, 0x63, 0xDF,
    0x63, 0xDF, 0x6B, 0xFF, 0x6B, 0xFF, 0x63, 0xDF, 0x6B, 0xDF, 0x6B, 0xFF, 0x6B, 0xFF, 0x6B, 0xFF,
    0x6B, 0xFF, 0x6B, 0xFF, 0x63, 0xDF, 0x6B, 0xDF, 0x6B, 0xFF, 0x6B, 0xFF, 0x6C, 0x1F, 0x6C, 0x1F,
    0x6B, 0xFF, 0x6B, 0xFF, 0x63, 0xDF, 0x63, 0xBF, 0x63, 0xDF, 0x63, 0xDF, 0x63, 0xDF, 0x63, 0xDF,
    0x6B, 0xFF, 0x63, 0xDF, 0x63, 0xDF, 0x63, 0xDF, 0x63, 0xDF, 0x6B, 0xFF, 0x6B, 0xFF, 0x6B, 0xFF,
    0x6B, 0xFF, 0x6C, 0x1F, 0x6C, 0x1F, 0x6C, 0x1F, 0x6B, 0xFF, 0x6B, 0xFF, 0x6B, 0xFF, 0x6B, 0xFF,
    0x2A, 0x1A, 0x32, 0x3B, 0x32, 0x3B, 0x2A, 0x1B, 0x2A, 0x1B, 0x2A, 0x1B, 0x2A, 0x1B, 0x2A, 0x1A,
    0x2A, 0x1A, 0x2A, 0x1A, 0x2A, 0x1A, 0x2A, 0x1B, 0x2A, 0x1B, 0x2A, 0x1A, 0x2A, 0x1A, 0x2A, 0x1B,
    0x32, 0x3C, 0x32, 0x3C, 0x2A, 0x3B, 0x2A, 0x1B, 0x32, 0x3C, 0x32, 0x5D, 0x32, 0x3D, 0x2A, 0x3B,
    0x2A, 0x1B, 0x2A, 0x1B, 0x2A, 0x1B, 0x32, 0x3C, 0x2A, 0x3B, 0x2A, 0x1A, 0x2A, 0x1A, 0x32, 0x3C,
    0x32, 0x5C, 0x32, 0x3C, 0x32, 0x3B, 0x2A, 0x1A, 0x32, 0x1A, 0x32, 0x3B, 0x32, 0x3B, 0x2A, 0x1A,
    0x2A, 0x19, 0x2A, 0x1A, 0x32, 0x3B, 0x32, 0x5C, 0x32, 0x3B, 0x32, 0x3A, 0x32, 0x3B, 0x32, 0x5C,
    0x32, 0x3C, 0x32, 0x3B, 0x2A, 0x1A, 0x2A, 0x1A, 0x2A, 0x19, 0x2A, 0x19, 0x2A, 0x1A, 0x2A, 0x1A,
    0x2A, 0x1A, 0x2A, 0x1A, 0x2A, 0x19, 0x2A, 0x19, 0x29, 0xF9, 0x29, 0xF9, 0x2A, 0x1B, 0x2A, 0x3B,
    0x2A, 0x1B, 0x2A, 0x1B, 0x2A, 0x1B, 0x2A, 0x1B, 0x2A, 0x1A, 0x2A, 0x1A, 0x2A, 0x1A, 0x2A, 0x1B,
    0x2A, 0x1B, 0x2A, 0x1B, 0x2A, 0x1B, 0x2A, 0x1B, 0x2A, 0x1A, 0x2A, 0x1A, 0x2A, 0x1A, 0x00, 0x00,
    0xAD, 0x75, 0x00, 0x00, 0x00, 0x00, 0x00, 0x00, 0x00, 0x00, 0x00, 0x00, 0x00, 0x00, 0x00, 0x00,
    0x00, 0x00, 0x00, 0x00, 0x00, 0x00, 0x00, 0x00, 0x00, 0x00, 0x00, 0x00, 0x00, 0x00, 0x00, 0x00,
    0x00, 0x00, 0x00, 0x00, 0x00, 0x00, 0x00, 0x00, 0x00, 0x00, 0x00, 0x00, 0x00, 0x00, 0x00, 0x00,
    0x00, 0x00, 0x00, 0x00, 0x00, 0x00, 0x00, 0x00, 0x00, 0x00, 0x00, 0x00, 0x00, 0x00, 0x00, 0x00,
    0x00, 0x00, 0x00, 0x00, 0x00, 0x00, 0x00, 0x00, 0x00, 0x00, 0x00, 0x00, 0x00, 0x00, 0x00, 0x00,
    0x00, 0x00, 0x00, 0x00, 0x00, 0x00, 0x00, 0x00, 0x00, 0x00, 0x00, 0x00, 0x00, 0x00, 0x00, 0x00,
    0x00, 0x00, 0x00, 0x00, 0x00, 0x00, 0x00, 0x00, 0x00, 0x00, 0x00, 0x00, 0x00, 0x00, 0x00, 0x00,
    0x00, 0x00, 0x00, 0x00, 0x00, 0x00, 0x00, 0x00, 0x00, 0x00, 0x00, 0x00, 0x00, 0x00, 0x00, 0x00,
    0x00, 0x00, 0x00, 0x00, 0x00, 0x00, 0x00, 0x00, 0x00, 0x00, 0x00, 0x00, 0x00, 0x00, 0x00, 0x00,
    0x00, 0x00, 0x00, 0x00, 0x00, 0x00, 0xAD, 0x75, 0x00, 0x00, 0x32, 0x5C, 0x32, 0x3B, 0x32, 0x3B,
    0x32, 0x5C, 0x32, 0x7D, 0x32, 0x5D, 0x32, 0x5B, 0x32, 0x3B, 0x32, 0x3B, 0x32, 0x3B, 0x32, 0x5C,
    0x32, 0x5B, 0x2A, 0x1A, 0x2A, 0x1A, 0x32, 0x3C, 0x32, 0x5C, 0x32, 0x3C, 0x32, 0x3B, 0x2A, 0x1A,
    0x32, 0x1A, 0x32, 0x3B, 0x2A, 0x1B, 0x2A, 0x1A, 0x2A, 0x19, 0x2A, 0x1A, 0x2A, 0x1B, 0x32, 0x3C,
    0x2A, 0x1B, 0x2A, 0x1A, 0x2A, 0x1B, 0x32, 0x3C, 0x32, 0x3C, 0x2A, 0x1B, 0x2A, 0x1A, 0x2A, 0x1A,
    0x29, 0xF9, 0x29, 0xF9, 0x2A, 0x1A, 0x2A, 0x1A, 0x2A, 0x1A, 0x2A, 0x1A, 0x29, 0xF9, 0x29, 0xF9,
    0x29, 0xF9, 0x29, 0xF9, 0x2A, 0x1B, 0x2A, 0x3B, 0x2A, 0x1B, 0x2A, 0x1B, 0x2A, 0x1B, 0x32, 0x3B,
    0x32, 0x1A, 0x32, 0x1A, 0x32, 0x1A, 0x32, 0x3B, 0x32, 0x3B, 0x32, 0x3B, 0x32, 0x3B, 0x32, 0x3B,
    0x32, 0x3B, 0x32, 0x1A, 0x32, 0x3A, 0x2A, 0x1A, 0x32, 0x3B, 0x32, 0x3B, 0x32, 0x3B, 0x32, 0x3A,
    0x32, 0x3B, 0x32, 0x5B, 0x32, 0x5C, 0x32, 0x5C, 0x32, 0x3B, 0x32, 0x3B, 0x32, 0x3C, 0x32, 0x5D,
    0x32, 0x5D, 0x32, 0x3B, 0x32, 0x3B, 0x32, 0x3B, 0x21, 0xB6, 0x00, 0x00, 0x53, 0x3A, 0x6B, 0xFF,
    0x6B, 0xFF, 0x6B, 0xFF, 0x6B, 0xDF, 0x6B, 0xFF, 0x6B, 0xDF, 0x6B, 0xDF, 0x63, 0xDF, 0x63, 0xDF,
    0x6B, 0xFF, 0x6B, 0xFF, 0x6C, 0x1F, 0x6C, 0x1F, 0x6C, 0x1F, 0x6C, 0x1F, 0x74, 0x3F, 0x74, 0x3F,
    0x6C, 0x1F, 0x6C, 0x1F, 0x6C, 0x1F, 0x6C, 0x1F, 0x6C, 0x1F, 0x6B, 0xFF, 0x6B, 0xFF, 0x6B, 0xDF,
    0x6B, 0xDF, 0x6B, 0xFF, 0x6B, 0xFF, 0x63, 0xDF, 0x6B, 0xFF, 0x6C, 0x1F, 0x6C, 0x1F, 0x6C, 0x1F,
    0x6C, 0x1F, 0x6B, 0xFF, 0x6B, 0xFF, 0x6C, 0x1F, 0x6C, 0x1F, 0x6B, 0xFF, 0x63, 0xDF, 0x6B, 0xDF,
    0x6B, 0xFF, 0x6B, 0xFF, 0x6B, 0xFF, 0x63, 0xDF, 0x6B, 0xFF, 0x6B, 0xFF, 0x6B, 0xFF, 0x6B, 0xFF,
    0x63, 0xDF, 0x6B, 0xDF, 0x63, 0xDF, 0x6B, 0xFF, 0x6B, 0xFF, 0x6B, 0xFF, 0x6B, 0xFF, 0x6B, 0xFF,
    0x6B, 0xFF, 0x6B, 0xFF, 0x6B, 0xDF, 0x63, 0xDF, 0x6B, 0xFF, 0x6B, 0xFF, 0x6B, 0xFF, 0x6B, 0xFF,
    0x6B, 0xFF, 0x6B, 0xDF, 0x63, 0xDF, 0x6B, 0xDF, 0x63, 0xFF, 0x6B, 0xFF, 0x6B, 0xFF, 0x6B, 0xFF,
    0x6C, 0x1F, 0x6C, 0x1F, 0x6C, 0x1F, 0x6C, 0x1F, 0x6B, 0xFF, 0x6B, 0xFF, 0x6C, 0x1F, 0x6B, 0xFF,
    0x32, 0x1A, 0x32, 0x3C, 0x32, 0x3C, 0x32, 0x3B, 0x32, 0x3B, 0x32, 0x3B, 0x32, 0x3B, 0x32, 0x3B,
    0x32, 0x3B, 0x32, 0x1A, 0x2A, 0x1B, 0x2A, 0x3B, 0x2A, 0x1B, 0x2A, 0x1B, 0x32, 0x3C, 0x32, 0x3C,
    0x32, 0x3C, 0x32, 0x3C, 0x2A, 0x1A, 0x32, 0x1A, 0x32, 0x3C, 0x32, 0x3C, 0x32, 0x3B, 0x32, 0x1A,
    0x2A, 0x19, 0x2A, 0x1A, 0x2A, 0x1A, 0x32, 0x3B, 0x2A, 0x1A, 0x29, 0xF8, 0x2A, 0x19, 0x32, 0x3B,
    0x32, 0x3B, 0x32, 0x19, 0x2A, 0x19, 0x32, 0x3A, 0x32, 0x3A, 0x32, 0x3B, 0x32, 0x3A, 0x32, 0x3A,
    0x32, 0x3A, 0x32, 0x3B, 0x32, 0x3B, 0x32, 0x5C, 0x32, 0x3B, 0x32, 0x3A, 0x32, 0x3B, 0x32, 0x5B,
    0x32, 0x3B, 0x32, 0x3A, 0x32, 0x19, 0x32, 0x1A, 0x32, 0x3A, 0x32, 0x3A, 0x32, 0x3B, 0x32, 0x1A,
    0x2A, 0x1A, 0x32, 0x3A, 0x2A, 0x1A, 0x2A, 0x1A, 0x2A, 0x1A, 0x32, 0x3B, 0x32, 0x3C, 0x32, 0x3C,
    0x32, 0x3B, 0x32, 0x1A, 0x32, 0x3B, 0x32, 0x3B, 0x32, 0x3B, 0x2A, 0x3B, 0x32, 0x5B, 0x32, 0x3C,
    0x32, 0x3C, 0x2A, 0x3B, 0x2A, 0x1B, 0x2A, 0x1B, 0x2A, 0x1B, 0x2A, 0x1B, 0x2A, 0x1B, 0x00, 0x00,
    0xAD, 0x75, 0x00, 0x00, 0x00, 0x00, 0x00, 0x00, 0x00, 0x00, 0x00, 0x00, 0x00, 0x00, 0x00, 0x00,
    0x00, 0x00, 0x00, 0x00, 0x00, 0x00, 0x00, 0x00, 0x00, 0x00, 0x00, 0x00, 0x00, 0x00, 0x00, 0x00,
    0x00, 0x00, 0x00, 0x00, 0x00, 0x00, 0x00, 0x00, 0x00, 0x00, 0x00, 0x00, 0x00, 0x00, 0x00, 0x00,
    0x00, 0x00, 0x00, 0x00, 0x00, 0x00, 0x00, 0x00, 0x00, 0x00, 0x00, 0x00, 0x00, 0x00, 0x00, 0x00,
    0x00, 0x00, 0x00, 0x00, 0x00, 0x00, 0x00, 0x00, 0x00, 0x00, 0x00, 0x00, 0x00, 0x00, 0x00, 0x00,
    0x00, 0x00, 0x00, 0x00, 0x00, 0x00, 0x00, 0x00, 0x00, 0x00, 0x00, 0x00, 0x00, 0x00, 0x00, 0x00,
    0x00, 0x00, 0x00, 0x00, 0x00, 0x00, 0x00, 0x00, 0x00, 0x00, 0x00, 0x00, 0x00, 0x00, 0x00, 0x00,
    0x00, 0x00, 0x00, 0x00, 0x00, 0x00, 0x00, 0x00, 0x00, 0x00, 0x00, 0x00, 0x00, 0x00, 0x00, 0x00,
    0x00, 0x00, 0x00, 0x00, 0x00, 0x00, 0x00, 0x00, 0x00, 0x00, 0x00, 0x00, 0x00, 0x00, 0x00, 0x00,
    0x00, 0x00, 0x00, 0x00, 0x00, 0x00, 0xAD, 0x75, 0x00, 0x00, 0x32, 0x5C, 0x32, 0x3A, 0x32, 0x3A,
    0x32, 0x5C, 0x32, 0x5C, 0x32, 0x3B, 0x32, 0x1A, 0x32, 0x1A, 0x32, 0x1A, 0x32, 0x3A, 0x32, 0x3B,
    0x32, 0x1A, 0x2A, 0x18, 0x32, 0x19, 0x32, 0x3B, 0x32, 0x3B, 0x32, 0x19, 0x32, 0x19, 0x2A, 0x1A,
    0x2A, 0x1A, 0x32, 0x3B, 0x32, 0x1A, 0x2A, 0x1A, 0x32, 0x1A, 0x32, 0x3B, 0x32, 0x3B, 0x32, 0x3B,
    0x32, 0x3B, 0x2A, 0x1A, 0x32, 0x3B, 0x32, 0x3B, 0x2A, 0x1B, 0x2A, 0x1A, 0x29, 0xF9, 0x2A, 0x1A,
    0x2A, 0x1A, 0x2A, 0x1A, 0x2A, 0x1B, 0x2A, 0x1A, 0x2A, 0x1A, 0x2A, 0x1A, 0x2A, 0x1A, 0x2A, 0x1A,
    0x2A, 0x1A, 0x32, 0x3B, 0x32, 0x3C, 0x32, 0x3C, 0x32, 0x3B, 0x32, 0x1A, 0x32, 0x3B, 0x32, 0x3B,
    0x32, 0x3B, 0x32, 0x3B, 0x32, 0x5B, 0x32, 0x5C, 0x32, 0x5C, 0x32, 0x5B, 0x32, 0x3B, 0x32, 0x3B,
    0x32, 0x3B, 0x32, 0x3B, 0x32, 0x3B, 0x32, 0x3A, 0x32, 0x3B, 0x32, 0x5B, 0x32, 0x3B, 0x32, 0x3B,
    0x32, 0x5C, 0x32, 0x5C, 0x32, 0x5C, 0x32, 0x5C, 0x32, 0x3A, 0x32, 0x3A, 0x32, 0x5C, 0x32, 0x5C,
    0x32, 0x3B, 0x32, 0x1A, 0x2A, 0x19, 0x2A, 0x1A, 0x21, 0xB6, 0x00, 0x00, 0x5B, 0x5A, 0x6C, 0x1F,
    0x6C, 0x1F, 0x6C, 0x1F, 0x6B, 0xFF, 0x6B, 0xDF, 0x6B, 0xFF, 0x6B, 0xFF, 0x6B, 0xFF, 0x6B, 0xFF,
    0x6C, 0x1F, 0x6C, 0x1F, 0x6C, 0x1F, 0x6C, 0x1F, 0x74, 0x3F, 0x74, 0x5F, 0x74, 0x3F, 0x74, 0x3F,
    0x6C, 0x1F, 0x6C, 0x1F, 0x6C, 0x1F, 0x6C, 0x3F, 0x6B, 0xFF, 0x6B, 0xDF, 0x63, 0xDF, 0x63, 0xDF,
    0x63, 0xDF, 0x6B, 0xFF, 0x6B, 0xDF, 0x63, 0xDF, 0x63, 0xDF, 0x6C, 0x1F, 0x6C, 0x1F, 0x6B, 0xFF,
    0x6B, 0xFF, 0x6C, 0x1F, 0x74, 0x3F, 0x6C, 0x1F, 0x6C, 0x1F, 0x6B, 0xFF, 0x6C, 0x1F, 0x6C, 0x1F,
    0x6B, 0xFF, 0x6C, 0x1F, 0x6B, 0xFF, 0x63, 0xDF, 0x6B, 0xFF, 0x6B, 0xFF, 0x6B, 0xFF, 0x6B, 0xFF,
    0x6B, 0xDF, 0x6B, 0xFF, 0x6B, 0xFF, 0x6B, 0xFF, 0x6C, 0x1F, 0x6C, 0x1F, 0x74, 0x1F, 0x6C, 0x1F,
    0x6C, 0x1F, 0x6B, 0xFF, 0x6B, 0xFF, 0x6C, 0x1F, 0x6C, 0x1F, 0x6C, 0x1F, 0x6B, 0xFF, 0x6B, 0xFF,
    0x6B, 0xFF, 0x6B, 0xFF, 0x6B, 0xFF, 0x6B, 0xFF, 0x6B, 0xFF, 0x6C, 0x1F, 0x6C, 0x3F, 0x6C, 0x1F,
    0x6C, 0x1F, 0x6C, 0x1F, 0x74, 0x1F, 0x74, 0x3F, 0x6C, 0x1F, 0x6B, 0xFF, 0x6C, 0x1F, 0x6C, 0x1F,
    0x32, 0x3A, 0x32, 0x5C, 0x32, 0x5C, 0x32, 0x3B, 0x2A, 0x1A, 0x32, 0x3A, 0x32, 0x3B, 0x32, 0x3B,
    0x32, 0x3B, 0x32, 0x1A, 0x32, 0x1A, 0x32, 0x3B, 0x32, 0x3B, 0x32, 0x1A, 0x32, 0x3B, 0x32, 0x3B,
    0x32, 0x3B, 0x2A, 0x1A, 0x32, 0x19, 0x2A, 0x19, 0x2A, 0x1A, 0x2A, 0x1A, 0x29, 0xF9, 0x29, 0xF8,
    0x29, 0xF8, 0x2A, 0x19, 0x32, 0x19, 0x32, 0x1A, 0x32, 0x19, 0x2A, 0x18, 0x32, 0x1A, 0x32, 0x3A,
    0x32, 0x3A, 0x2A, 0x19, 0x32, 0x19, 0x32, 0x3A, 0x32, 0x19, 0x32, 0x3A, 0x32, 0x3B, 0x32, 0x3B,
    0x32, 0x3B, 0x32, 0x3B, 0x32, 0x3B, 0x32, 0x5B, 0x32, 0x5B, 0x32, 0x39, 0x32, 0x5A, 0x32, 0x3B,
    0x32, 0x3A, 0x32, 0x1A, 0x32, 0x19, 0x32, 0x3B, 0x32, 0x5C, 0x3A, 0x7C, 0x32, 0x5C, 0x32, 0x5B,
    0x32, 0x5B, 0x32, 0x5C, 0x32, 0x5C, 0x32, 0x5B, 0x32, 0x3B, 0x32, 0x5B, 0x32, 0x5B, 0x32, 0x3B,
    0x32, 0x3A, 0x32, 0x1A, 0x32, 0x3B, 0x32, 0x3C, 0x32, 0x3B, 0x32, 0x3B, 0x32, 0x3B, 0x32, 0x3C,
    0x32, 0x3C, 0x32, 0x3B, 0x2A, 0x1A, 0x32, 0x1A, 0x32, 0x3B, 0x32, 0x3B, 0x32, 0x3B, 0x00, 0x00,
    0xAD, 0x75, 0x00, 0x00, 0x00, 0x00, 0x00, 0x00, 0x00, 0x00, 0x00, 0x00, 0x00, 0x00, 0x00, 0x00,
    0x00, 0x00, 0x00, 0x00, 0x00, 0x00, 0x00, 0x00, 0x00, 0x00, 0x00, 0x00, 0x00, 0x00, 0x00, 0x00,
    0x00, 0x00, 0x00, 0x00, 0x00, 0x00, 0x00, 0x00, 0x00, 0x00, 0x00, 0x00, 0x00, 0x00, 0x00, 0x00,
    0x00, 0x00, 0x00, 0x00, 0x00, 0x00, 0x00, 0x00, 0x00, 0x00, 0x00, 0x00, 0x00, 0x00, 0x00, 0x00,
    0x00, 0x00, 0x00, 0x00, 0x00, 0x00, 0x00, 0x00, 0x00, 0x00, 0x00, 0x00, 0x00, 0x00, 0x00, 0x00,
    0x00, 0x00, 0x00, 0x00, 0x00, 0x00, 0x00, 0x00, 0x00, 0x00, 0x00, 0x00, 0x00, 0x00, 0x00, 0x00,
    0x00, 0x00, 0x00, 0x00, 0x00, 0x00, 0x00, 0x00, 0x00, 0x00, 0x00, 0x00, 0x00, 0x00, 0x00, 0x00,
    0x00, 0x00, 0x00, 0x00, 0x00, 0x00, 0x00, 0x00, 0x00, 0x00, 0x00, 0x00, 0x00, 0x00, 0x00, 0x00,
    0x00, 0x00, 0x00, 0x00, 0x00, 0x00, 0x00, 0x00, 0x00, 0x00, 0x00, 0x00, 0x00, 0x00, 0x00, 0x00,
    0x00, 0x00, 0x00, 0x00, 0x00, 0x00, 0xAD, 0x75, 0x00, 0x00, 0x32, 0x1A, 0x32, 0x19, 0x32, 0x39,
    0x32, 0x3A, 0x32, 0x3A, 0x2A, 0x19, 0x32, 0x18, 0x2A, 0x18, 0x32, 0x19, 0x32, 0x19, 0x32, 0x1A,
    0x32, 0x19, 0x2A, 0x18, 0x32, 0x1A, 0x32, 0x3B, 0x32, 0x3A, 0x2A, 0x19, 0x32, 0x19, 0x32, 0x3A,
    0x32, 0x19, 0x32, 0x3A, 0x32, 0x3A, 0x32, 0x3A, 0x32, 0x3B, 0x32, 0x3B, 0x32, 0x3B, 0x32, 0x3B,
    0x32, 0x3A, 0x2A, 0x19, 0x32, 0x1A, 0x32, 0x3B, 0x2A, 0x1A, 0x2A, 0x1A, 0x2A, 0x19, 0x32, 0x3B,
    0x32, 0x3C, 0x32, 0x3C, 0x32, 0x3C, 0x32, 0x3B, 0x32, 0x3B, 0x32, 0x3C, 0x32, 0x3C, 0x32, 0x3B,
    0x32, 0x3B, 0x32, 0x5B, 0x32, 0x3B, 0x32, 0x3B, 0x32, 0x3A, 0x32, 0x3A, 0x32, 0x5B, 0x32, 0x5C,
    0x32, 0x5B, 0x32, 0x5B, 0x32, 0x5B, 0x32, 0x5C, 0x32, 0x5C, 0x32, 0x3B, 0x32, 0x3A, 0x32, 0x3B,
    0x32, 0x3B, 0x32, 0x5B, 0x32, 0x3B, 0x32, 0x5A, 0x32, 0x3B, 0x32, 0x3B, 0x32, 0x5B, 0x32, 0x5B,
    0x32, 0x5B, 0x32, 0x5B, 0x32, 0x3B, 0x32, 0x1A, 0x32, 0x19, 0x32, 0x19, 0x32, 0x3A, 0x32, 0x3A,
    0x2A, 0x19, 0x2A, 0x18, 0x2A, 0x18, 0x2A, 0x19, 0x29, 0xD6, 0x00, 0x00, 0x5B, 0x5A, 0x6C, 0x3F,
    0x6C, 0x3F, 0x6B, 0xFF, 0x63, 0xDF, 0x6B, 0xFF, 0x6B, 0xFF, 0x6B, 0xFF, 0x6C, 0x1F, 0x6B, 0xFF,
    0x6C, 0x1F, 0x6C, 0x1F, 0x6C, 0x1F, 0x6C, 0x1F, 0x74, 0x3F, 0x74, 0x3F, 0x74, 0x3F, 0x6C, 0x1F,
    0x6B, 0xFF, 0x6B, 0xFF, 0x6B, 0xFF, 0x6B, 0xFF, 0x6B, 0xDF, 0x6B, 0xDF, 0x63, 0xDF, 0x63, 0xDF,
    0x63, 0xDF, 0x6B, 0xDF, 0x63, 0xDF, 0x6B, 0xDF, 0x6B, 0xFF, 0x6C, 0x1F, 0x6C, 0x1F, 0x6B, 0xFF,
    0x6B, 0xFF, 0x74, 0x1F, 0x6C, 0x1F, 0x74, 0x1F, 0x6C, 0x1F, 0x6C, 0x1F, 0x6C, 0x1F, 0x6C, 0x1F,
    0x6C, 0x1F, 0x6C, 0x1F, 0x6B, 0xFF, 0x63, 0xDF, 0x63, 0xFF, 0x6B, 0xFF, 0x6B, 0xFF, 0x6B, 0xFF,
    0x6B, 0xFF, 0x6C, 0x1F, 0x6C, 0x1F, 0x74, 0x3F, 0x74, 0x3F, 0x74, 0x3F, 0x74, 0x3F, 0x74, 0x5F,
    0x74, 0x3F, 0x74, 0x3F, 0x74, 0x3F, 0x6C, 0x1F, 0x6C, 0x1F, 0x6C, 0x1F, 0x6B, 0xFF, 0x6B, 0xFF,
    0x6B, 0xFF, 0x6B, 0xFF, 0x6C, 0x1F, 0x6B, 0xFF, 0x6C, 0x1F, 0x6C, 0x3F, 0x6C, 0x3F, 0x74, 0x3F,
    0x6C, 0x1F, 0x6C, 0x1F, 0x74, 0x3F, 0x74, 0x3F, 0x74, 0x3F, 0x6C, 0x1F, 0x6C, 0x1F, 0x6C, 0x1F,
    0x32, 0x3B, 0x32, 0x3B, 0x32, 0x3B, 0x32, 0x19, 0x32, 0x19, 0x32, 0x3A, 0x32, 0x3B, 0x32, 0x3B,
    0x32, 0x3A, 0x32, 0x19, 0x32, 0x3A, 0x32, 0x3A, 0x32, 0x3A, 0x32, 0x3B, 0x32, 0x5B, 0x32, 0x3B,
    0x32, 0x3A, 0x32, 0x19, 0x32, 0x19, 0x32, 0x3A, 0x32, 0x3A, 0x32, 0x19, 0x32, 0x19, 0x32, 0x19,
    0x32, 0x19, 0x32, 0x1A, 0x32, 0x3A, 0x32, 0x3A, 0x32, 0x3A, 0x32, 0x3A, 0x32, 0x3B, 0x32, 0x3B,
    0x32, 0x3A, 0x32, 0x1A, 0x32, 0x3A, 0x32, 0x3B, 0x32, 0x3B, 0x32, 0x3B, 0x32, 0x3B, 0x32, 0x5B,
    0x32, 0x5B, 0x32, 0x5B, 0x32, 0x3A, 0x32, 0x3A, 0x32, 0x39, 0x32, 0x39, 0x32, 0x3A, 0x32, 0x5B,
    0x32, 0x3A, 0x32, 0x3A, 0x32, 0x3A, 0x32, 0x5B, 0x32, 0x5C, 0x32, 0x5C, 0x32, 0x3B, 0x32, 0x3B,
    0x32, 0x5B, 0x32, 0x5C, 0x32, 0x5C, 0x32, 0x3B, 0x32, 0x3B, 0x32, 0x3B, 0x32, 0x3A, 0x32, 0x3A,
    0x32, 0x3A, 0x32, 0x3B, 0x32, 0x5B, 0x32, 0x5B, 0x32, 0x3B, 0x32, 0x3A, 0x32, 0x3A, 0x32, 0x3B,
    0x32, 0x3A, 0x32, 0x19, 0x32, 0x19, 0x32, 0x3A, 0x32, 0x3B, 0x32, 0x3B, 0x32, 0x3A, 0x00, 0x00,
    0xAD, 0x75, 0x00, 0x00, 0x00, 0x00, 0x00, 0x00, 0x00, 0x00, 0x00, 0x00, 0x00, 0x00, 0x00, 0x00,
    0x00, 0x00, 0x00, 0x00, 0x00, 0x00, 0x00, 0x00, 0x00, 0x00, 0x00, 0x00, 0x00, 0x00, 0x00, 0x00,
    0x00, 0x00, 0x00, 0x00, 0x00, 0x00, 0x00, 0x00, 0x00, 0x00, 0x00, 0x00, 0x00, 0x00, 0x00, 0x00,
    0x00, 0x00, 0x00, 0x00, 0x00, 0x00, 0x00, 0x00, 0x00, 0x00, 0x00, 0x00, 0x00, 0x00, 0x00, 0x00,
    0x00, 0x00, 0x00, 0x00, 0x00, 0x00, 0x00, 0x00, 0x00, 0x00, 0x00, 0x00, 0x00, 0x00, 0x00, 0x00,
    0x00, 0x00, 0x00, 0x00, 0x00, 0x00, 0x00, 0x00, 0x00, 0x00, 0x00, 0x00, 0x00, 0x00, 0x00, 0x00,
    0x00, 0x00, 0x00, 0x00, 0x00, 0x00, 0x00, 0x00, 0x00, 0x00, 0x00, 0x00, 0x00, 0x00, 0x00, 0x00,
    0x00, 0x00, 0x00, 0x00, 0x00, 0x00, 0x00, 0x00, 0x00, 0x00, 0x00, 0x00, 0x00, 0x00, 0x00, 0x00,
    0x00, 0x00, 0x00, 0x00, 0x00, 0x00, 0x00, 0x00, 0x00, 0x00, 0x00, 0x00, 0x00, 0x00, 0x00, 0x00,
    0x00, 0x00, 0x00, 0x00, 0x00, 0x00, 0xAD, 0x75, 0x00, 0x00, 0x32, 0x19, 0x32, 0x39, 0x32, 0x3A,
    0x32, 0x3A, 0x32, 0x3A, 0x32, 0x39, 0x32, 0x39, 0x32, 0x39, 0x32, 0x3A, 0x32, 0x5B, 0x32, 0x5B,
    0x32, 0x3A, 0x32, 0x3A, 0x32, 0x3B, 0x32, 0x3B, 0x32, 0x3A, 0x32, 0x1A, 0x32, 0x3A, 0x32, 0x3B,
    0x32, 0x3B, 0x32, 0x3B, 0x32, 0x3B, 0x32, 0x3A, 0x32, 0x3B, 0x32, 0x3B, 0x32, 0x3A, 0x32, 0x3A,
    0x32, 0x19, 0x2A, 0x19, 0x32, 0x3A, 0x32, 0x3B, 0x32, 0x3A, 0x32, 0x19, 0x32, 0x3A, 0x32, 0x5B,
    0x32, 0x5C, 0x32, 0x5C, 0x32, 0x3B, 0x32, 0x3A, 0x32, 0x5B, 0x32, 0x5C, 0x32, 0x5C, 0x32, 0x3B,
    0x32, 0x3A, 0x32, 0x3B, 0x32, 0x3A, 0x32, 0x3A, 0x32, 0x3A, 0x32, 0x3B, 0x32, 0x5B, 0x32, 0x5B,
    0x32, 0x3B, 0x32, 0x3A, 0x32, 0x3B, 0x32, 0x3B, 0x32, 0x3B, 0x32, 0x19, 0x32, 0x19, 0x32, 0x3B,
    0x32, 0x3B, 0x32, 0x5B, 0x32, 0x3A, 0x32, 0x3A, 0x32, 0x3A, 0x32, 0x3A, 0x32, 0x5B, 0x32, 0x5B,
    0x32, 0x5B, 0x32, 0x5B, 0x32, 0x3A, 0x32, 0x39, 0x32, 0x19, 0x32, 0x3A, 0x32, 0x3A, 0x32, 0x1A,
    0x32, 0x19, 0x32, 0x19, 0x32, 0x19, 0x32, 0x1A, 0x29, 0xD6, 0x00, 0x00, 0x5B, 0x5A, 0x6C, 0x1F,
    0x6C, 0x1F, 0x6B, 0xFF, 0x63, 0xDF, 0x6B, 0xFF, 0x6B, 0xFF, 0x6C, 0x1F, 0x6B, 0xFF, 0x6B, 0xFF,
    0x6B, 0xFF, 0x6C, 0x1F, 0x74, 0x3F, 0x74, 0x3F, 0x74, 0x3F, 0x74, 0x3F, 0x74, 0x3F, 0x6C, 0x1F,
    0x6C, 0x1F, 0x6C, 0x1F, 0x6C, 0x1F, 0x6B, 0xFF, 0x6B, 0xFF, 0x6B, 0xFF, 0x6B, 0xDF, 0x6B, 0xDF,
    0x6B, 0xFF, 0x6B, 0xFF, 0x6B, 0xFF, 0x6B, 0xFF, 0x6C, 0x1F, 0x6C, 0x1F, 0x6C, 0x1F, 0x6C, 0x1F,
    0x74, 0x1F, 0x74, 0x3F, 0x74, 0x3F, 0x74, 0x3F, 0x74, 0x3F, 0x74, 0x3F, 0x6C, 0x1F, 0x6C, 0x1F,
    0x6B, 0xFF, 0x6B, 0xFF, 0x6B, 0xFF, 0x63, 0xDF, 0x6B, 0xFF, 0x6B, 0xFF, 0x6B, 0xFF, 0x6B, 0xFF,
    0x6B, 0xFF, 0x6C, 0x1F, 0x74, 0x3F, 0x74, 0x5F, 0x74, 0x3F, 0x74, 0x3F, 0x74, 0x5F, 0x74, 0x5F,
    0x74, 0x5F, 0x74, 0x3F, 0x6C, 0x1F, 0x6C, 0x1F, 0x6C, 0x1F, 0x6B, 0xFF, 0x6C, 0x1F, 0x6B, 0xFF,
    0x6B, 0xFF, 0x6B, 0xFF, 0x6B, 0xFF, 0x6B, 0xFF, 0x6C, 0x1F, 0x6C, 0x1F, 0x6C, 0x1F, 0x6B, 0xFF,
    0x6C, 0x1F, 0x74, 0x3F, 0x74, 0x3F, 0x74, 0x3F, 0x74, 0x3F, 0x6C, 0x1F, 0x74, 0x1F, 0x6C, 0x1F,
    0x32, 0x3B, 0x32, 0x3A, 0x32, 0x1A, 0x32, 0x39, 0x32, 0x3A, 0x32, 0x3B, 0x32, 0x3B, 0x32, 0x3A,
    0x32, 0x3A, 0x32, 0x3A, 0x32, 0x3A, 0x32, 0x1A, 0x32, 0x3B, 0x32, 0x5C, 0x32, 0x5C, 0x32, 0x3B,
    0x32, 0x1A, 0x2A, 0x19, 0x32, 0x19, 0x32, 0x3A, 0x32, 0x3B, 0x32, 0x3B, 0x32, 0x3B, 0x32, 0x3B,
    0x32, 0x3A, 0x32, 0x3B, 0x32, 0x5C, 0x32, 0x5B, 0x32, 0x3A, 0x32, 0x3A, 0x32, 0x3B, 0x32, 0x5B,
    0x32, 0x5A, 0x32, 0x3A, 0x32, 0x5B, 0x32, 0x5B, 0x32, 0x5C, 0x32, 0x5B, 0x32, 0x5B, 0x32, 0x3A,
    0x3A, 0x5B, 0x32, 0x5A, 0x32, 0x39, 0x32, 0x39, 0x32, 0x39, 0x32, 0x39, 0x32, 0x5A, 0x3A, 0x5B,
    0x32, 0x5A, 0x32, 0x5A, 0x32, 0x5B, 0x32, 0x5C, 0x32, 0x5C, 0x32, 0x5B, 0x32, 0x39, 0x32, 0x3A,
    0x32, 0x3B, 0x32, 0x5B, 0x32, 0x3A, 0x32, 0x19, 0x32, 0x19, 0x32, 0x3A, 0x32, 0x3B, 0x32, 0x3B,
    0x32, 0x5B, 0x32, 0x5C, 0x32, 0x3B, 0x32, 0x3B, 0x32, 0x3A, 0x32, 0x1A, 0x32, 0x3A, 0x32, 0x3A,
    0x32, 0x1A, 0x32, 0x19, 0x32, 0x3A, 0x32, 0x3B, 0x32, 0x3B, 0x32, 0x3A, 0x32, 0x3A, 0x00, 0x00,
    0xAD, 0x75, 0x00, 0x00, 0x00, 0x00, 0x00, 0x00, 0x00, 0x00, 0x00, 0x00, 0x00, 0x00, 0x00, 0x00,
    0x00, 0x00, 0x00, 0x00, 0x00, 0x00, 0x00, 0x00, 0x00, 0x00, 0x00, 0x00, 0x00, 0x00, 0x00, 0x00,
    0x00, 0x00, 0x00, 0x00, 0x00, 0x00, 0x00, 0x00, 0x00, 0x00, 0x00, 0x00, 0x00, 0x00, 0x00, 0x00,
    0x00, 0x00, 0x00, 0x00, 0x00, 0x00, 0x00, 0x00, 0x00, 0x00, 0x00, 0x00, 0x00, 0x00, 0x00, 0x00,
    0x00, 0x00, 0x00, 0x00, 0x00, 0x00, 0x00, 0x00, 0x00, 0x00, 0x00, 0x00, 0x00, 0x00, 0x00, 0x00,
    0x00, 0x00, 0x00, 0x00, 0x00, 0x00, 0x00, 0x00, 0x00, 0x00, 0x00, 0x00, 0x00, 0x00, 0x00, 0x00,
    0x00, 0x00, 0x00, 0x00, 0x00, 0x00, 0x00, 0x00, 0x00, 0x00, 0x00, 0x00, 0x00, 0x00, 0x00, 0x00,
    0x00, 0x00, 0x00, 0x00, 0x00, 0x00, 0x00, 0x00, 0x00, 0x00, 0x00, 0x00, 0x00, 0x00, 0x00, 0x00,
    0x00, 0x00, 0x00, 0x00, 0x00, 0x00, 0x00, 0x00, 0x00, 0x00, 0x00, 0x00, 0x00, 0x00, 0x00, 0x00,
    0x00, 0x00, 0x00, 0x00, 0x00, 0x00, 0xAD, 0x75, 0x00, 0x00, 0x32, 0x19, 0x32, 0x39, 0x32, 0x5B,
    0x3A, 0x7B, 0x32, 0x5B, 0x3A, 0x5B, 0x3A, 0x5B, 0x32, 0x5A, 0x32, 0x5B, 0x3A, 0x7C, 0x3A, 0x7B,
    0x32, 0x3A, 0x32, 0x3A, 0x32, 0x5B, 0x32, 0x5B, 0x32, 0x5A, 0x32, 0x5A, 0x32, 0x5B, 0x32, 0x5B,
    0x32, 0x5C, 0x32, 0x5B, 0x32, 0x3B, 0x32, 0x3A, 0x32, 0x3B, 0x32, 0x3A, 0x32, 0x19, 0x32, 0x19,
    0x32, 0x19, 0x32, 0x19, 0x32, 0x3A, 0x32, 0x3B, 0x32, 0x3A, 0x32, 0x1A, 0x32, 0x3B, 0x32, 0x5C,
    0x32, 0x5C, 0x32, 0x3B, 0x32, 0x19, 0x32, 0x1A, 0x32, 0x3B, 0x32, 0x3B, 0x32, 0x3A, 0x32, 0x19,
    0x32, 0x19, 0x32, 0x3A, 0x32, 0x3B, 0x32, 0x3B, 0x32, 0x5B, 0x32, 0x5C, 0x32, 0x3B, 0x32, 0x3B,
    0x32, 0x3A, 0x32, 0x1A, 0x32, 0x3A, 0x32, 0x5A, 0x32, 0x3A, 0x32, 0x39, 0x32, 0x3A, 0x32, 0x5B,
    0x32, 0x5B, 0x32, 0x5A, 0x32, 0x5A, 0x32, 0x5A, 0x32, 0x5A, 0x32, 0x5A, 0x32, 0x5B, 0x3A, 0x7C,
    0x3A, 0x7C, 0x32, 0x5B, 0x32, 0x5A, 0x32, 0x39, 0x32, 0x39, 0x32, 0x5B, 0x32, 0x5B, 0x32, 0x5B,
    0x32, 0x5B, 0x32, 0x5B, 0x32, 0x5A, 0x32, 0x3B, 0x29, 0xD6, 0x00, 0x00, 0x5B, 0x5A, 0x6C, 0x1F,
    0x6B, 0xFF, 0x6B, 0xFF, 0x6B, 0xFF, 0x6C, 0x1F, 0x6C, 0x1F, 0x6C, 0x1F, 0x6B, 0xFF, 0x6C, 0x1F,
    0x6C, 0x1F, 0x6C, 0x1F, 0x74, 0x3F, 0x74, 0x5F, 0x74, 0x5F, 0x74, 0x3F, 0x74, 0x1F, 0x74, 0x1F,
    0x6C, 0x1F, 0x74, 0x3F, 0x74, 0x1F, 0x6C, 0x1F, 0x6C, 0x1F, 0x6C, 0x1F, 0x6B, 0xFF, 0x6C, 0x1F,
    0x6C, 0x1F, 0x6C, 0x1F, 0x6B, 0xFF, 0x6B, 0xFF, 0x74, 0x1F, 0x74, 0x3F, 0x74, 0x3F, 0x74, 0x3F,
    0x74, 0x3F, 0x74, 0x5F, 0x74, 0x5F, 0x74, 0x5F, 0x74, 0x3F, 0x74, 0x3F, 0x74, 0x3F, 0x6C, 0x1F,
    0x6B, 0xFF, 0x6B, 0xFF, 0x6B, 0xFF, 0x6B, 0xFF, 0x6B, 0xFF, 0x6C, 0x1F, 0x6C, 0x1F, 0x6B, 0xFF,
    0x6C, 0x1F, 0x74, 0x3F, 0x74, 0x3F, 0x74, 0x3F, 0x74, 0x1F, 0x74, 0x1F, 0x74, 0x3F, 0x74, 0x3F,
    0x74, 0x3F, 0x6C, 0x1F, 0x6C, 0x1F, 0x6C, 0x1F, 0x6C, 0x1F, 0x6C, 0x1F, 0x6C, 0x1F, 0x6C, 0x1F,
    0x6C, 0x1F, 0x6C, 0x1F, 0x6B, 0xFF, 0x6B, 0xFF, 0x6B, 0xFF, 0x6C, 0x1F, 0x6C, 0x1F, 0x6C, 0x1F,
    0x74, 0x3F, 0x74, 0x3F, 0x74, 0x3F, 0x74, 0x3F, 0x74, 0x3F, 0x74, 0x3F, 0x74, 0x1F, 0x74, 0x3F,
    0x32, 0x5B, 0x32, 0x3A, 0x32, 0x3A, 0x32, 0x5B, 0x32, 0x5B, 0x32, 0x5C, 0x32, 0x5B, 0x32, 0x3A,
    0x32, 0x3A, 0x32, 0x3B, 0x32, 0x3A, 0x32, 0x3A, 0x32, 0x5B, 0x32, 0x5C, 0x32, 0x3A, 0x2A, 0x18,
    0x32, 0x18, 0x32, 0x39, 0x32, 0x1A, 0x32, 0x3B, 0x32, 0x3B, 0x32, 0x3A, 0x3A, 0x5B, 0x32, 0x3B,
    0x32, 0x3A, 0x32, 0x5B, 0x32, 0x5C, 0x32, 0x5B, 0x32, 0x39, 0x32, 0x3A, 0x32, 0x5B, 0x32, 0x5B,
    0x32, 0x3A, 0x32, 0x5A, 0x32, 0x5B, 0x3A, 0x7C, 0x32, 0x5C, 0x3A, 0x7B, 0x32, 0x5B, 0x32, 0x5B,
    0x32, 0x5B, 0x32, 0x5A, 0x32, 0x5A, 0x3A, 0x7B, 0x3A, 0x7B, 0x3A, 0x7B, 0x3A, 0x7B, 0x3A, 0x7B,
    0x32, 0x5A, 0x3A, 0x5A, 0x3A, 0x7B, 0x3A, 0x7C, 0x3A, 0x7B, 0x32, 0x3A, 0x32, 0x39, 0x32, 0x3A,
    0x32, 0x5B, 0x32, 0x5B, 0x32, 0x39, 0x32, 0x19, 0x32, 0x3A, 0x32, 0x5B, 0x32, 0x5C, 0x32, 0x5C,
    0x3A, 0x7C, 0x32, 0x5C, 0x32, 0x3B, 0x32, 0x3A, 0x32, 0x3A, 0x32, 0x3A, 0x32, 0x3A, 0x32, 0x3A,
    0x32, 0x3A, 0x32, 0x5B, 0x32, 0x5B, 0x32, 0x5C, 0x32, 0x3B, 0x32, 0x3A, 0x32, 0x3A, 0x00, 0x00,
    0xAD, 0x75, 0x00, 0x00, 0x00, 0x00, 0x00, 0x00, 0x00, 0x00, 0x00, 0x00, 0x00, 0x00, 0x00, 0x00,
    0x00, 0x00, 0x00, 0x00, 0x00, 0x00, 0x00, 0x00, 0x00, 0x00, 0x00, 0x00, 0x00, 0x00, 0x00, 0x00,
    0x00, 0x00, 0x00, 0x00, 0x00, 0x00, 0x00, 0x00, 0x00, 0x00, 0x00, 0x00, 0x00, 0x00, 0x00, 0x00,
    0x00, 0x00, 0x00, 0x00, 0x00, 0x00, 0x00, 0x00, 0x00, 0x00, 0x00, 0x00, 0x00, 0x00, 0x00, 0x00,
    0x00, 0x00, 0x00, 0x00, 0x00, 0x00, 0x00, 0x00, 0x00, 0x00, 0x00, 0x00, 0x00, 0x00, 0x00, 0x00,
    0x00, 0x00, 0x00, 0x00, 0x00, 0x00, 0x00, 0x00, 0x00, 0x00, 0x00, 0x00, 0x00, 0x00, 0x00, 0x00,
    0x00, 0x00, 0x00, 0x00, 0x00, 0x00, 0x00, 0x00, 0x00, 0x00, 0x00, 0x00, 0x00, 0x00, 0x00, 0x00,
    0x00, 0x00, 0x00, 0x00, 0x00, 0x00, 0x00, 0x00, 0x00, 0x00, 0x00, 0x00, 0x00, 0x00, 0x00, 0x00,
    0x00, 0x00, 0x00, 0x00, 0x00, 0x00, 0x00, 0x00, 0x00, 0x00, 0x00, 0x00, 0x00, 0x00, 0x00, 0x00,
    0x00, 0x00, 0x00, 0x00, 0x00, 0x00, 0xAD, 0x75, 0x00, 0x00, 0x32, 0x39, 0x32, 0x5A, 0x32, 0x5B,
    0x3A, 0x7B, 0x32, 0x5A, 0x3A, 0x7B, 0x3A, 0x7B, 0x32, 0x5A, 0x32, 0x5B, 0x3A, 0x7C, 0x3A, 0x7B,
    0x32, 0x39, 0x32, 0x5A, 0x32, 0x5B, 0x3A, 0x7B, 0x32, 0x5A, 0x32, 0x5A, 0x32, 0x5B, 0x32, 0x5C,
    0x32, 0x5C, 0x32, 0x5B, 0x32, 0x5B, 0x32, 0x5B, 0x32, 0x5B, 0x32, 0x3A, 0x32, 0x3A, 0x32, 0x3B,
    0x32, 0x5B, 0x32, 0x5B, 0x32, 0x3B, 0x32, 0x3B, 0x32, 0x3A, 0x32, 0x3A, 0x32, 0x5B, 0x3A, 0x7C,
    0x32, 0x5B, 0x32, 0x3A, 0x32, 0x19, 0x32, 0x3A, 0x32, 0x3B, 0x32, 0x5B, 0x32, 0x19, 0x2A, 0x19,
    0x32, 0x3A, 0x32, 0x5B, 0x32, 0x5C, 0x32, 0x5C, 0x32, 0x7C, 0x32, 0x5C, 0x32, 0x5B, 0x32, 0x5A,
    0x32, 0x3A, 0x32, 0x3A, 0x32, 0x3A, 0x32, 0x3A, 0x32, 0x3A, 0x32, 0x5B, 0x3A, 0x7B, 0x32, 0x5C,
    0x3A, 0x5B, 0x32, 0x5A, 0x32, 0x5A, 0x32, 0x5B, 0x32, 0x5A, 0x32, 0x5A, 0x3A, 0x7B, 0x3A, 0x7C,
    0x3A, 0x5A, 0x32, 0x38, 0x32, 0x38, 0x32, 0x39, 0x32, 0x5A, 0x32, 0x5B, 0x3A, 0x5B, 0x32, 0x5A,
    0x32, 0x5B, 0x32, 0x5B, 0x32, 0x3A, 0x32, 0x5B, 0x29, 0xD6, 0x00, 0x00, 0x5B, 0x7A, 0x74, 0x3F,
    0x6C, 0x1F, 0x6C, 0x1F, 0x6C, 0x1F, 0x6C, 0x1F, 0x6C, 0x1F, 0x6C, 0x1F, 0x6C, 0x1F, 0x6C, 0x1F,
    0x74, 0x3F, 0x74, 0x3F, 0x74, 0x3F, 0x74, 0x5F, 0x74, 0x3F, 0x74, 0x1F, 0x74, 0x1F, 0x74, 0x1F,
    0x74, 0x1F, 0x74, 0x3F, 0x74, 0x3F, 0x74, 0x3F, 0x6C, 0x1F, 0x6C, 0x1F, 0x6C, 0x1F, 0x6C, 0x1F,
    0x74, 0x3F, 0x6C, 0x1F, 0x6B, 0xFF, 0x6C, 0x1F, 0x74, 0x3F, 0x74, 0x3F, 0x74, 0x3F, 0x74, 0x3F,
    0x74, 0x3F, 0x7C, 0x5F, 0x7C, 0x7F, 0x74, 0x5F, 0x74, 0x3F, 0x74, 0x3F, 0x74, 0x3F, 0x74, 0x1F,
    0x74, 0x1F, 0x6C, 0x1F, 0x74, 0x1F, 0x6C, 0x1F, 0x6C, 0x1F, 0x6C, 0x1F, 0x6C, 0x1F, 0x6C, 0x1F,
    0x74, 0x3F, 0x74, 0x3F, 0x74, 0x5F, 0x74, 0x3F, 0x74, 0x1F, 0x74, 0x3F, 0x74, 0x5F, 0x74, 0x5F,
    0x74, 0x1F, 0x6C, 0x1F, 0x74, 0x3F, 0x74, 0x5F, 0x74, 0x3F, 0x74, 0x3F, 0x74, 0x3F, 0x74, 0x3F,
    0x6C, 0x1F, 0x6C, 0x1F, 0x6B, 0xFF, 0x6C, 0x1F, 0x6C, 0x1F, 0x74, 0x3F, 0x74, 0x3F, 0x74, 0x3F,
    0x74, 0x5F, 0x74, 0x5F, 0x74, 0x5F, 0x74, 0x3F, 0x74, 0x3F, 0x74, 0x3F, 0x74, 0x3F, 0x74, 0x3F,
    0x32, 0x5B, 0x32, 0x5A, 0x32, 0x3A, 0x3A, 0x7B, 0x32, 0x5B, 0x32, 0x5B, 0x32, 0x3A, 0x32, 0x19,
    0x32, 0x39, 0x32, 0x5A, 0x32, 0x5B, 0x32, 0x5B, 0x32, 0x5C, 0x32, 0x5C, 0x32, 0x39, 0x2A, 0x18,
    0x32, 0x18, 0x32, 0x3A, 0x32, 0x5B, 0x32, 0x5B, 0x32, 0x5B, 0x32, 0x5A, 0x32, 0x5B, 0x32, 0x5B,
    0x32, 0x5B, 0x32, 0x5B, 0x32, 0x5B, 0x32, 0x5A, 0x32, 0x5A, 0x3A, 0x5B, 0x3A, 0x7C, 0x3A, 0x7B,
    0x32, 0x5A, 0x32, 0x5A, 0x3A, 0x7B, 0x3A, 0x7C, 0x3A, 0x7C, 0x3A, 0x7B, 0x3A, 0x7B, 0x3A, 0x5A,
    0x3A, 0x5A, 0x32, 0x5A, 0x3A, 0x7B, 0x3A, 0x7C, 0x3A, 0x7C, 0x3A, 0x7B, 0x3A, 0x5A, 0x3A, 0x7B,
    0x3A, 0x5A, 0x3A, 0x7B, 0x3A, 0x7B, 0x3A, 0x7B, 0x3A, 0x5A, 0x32, 0x59, 0x32, 0x39, 0x32, 0x5B,
    0x3A, 0x7B, 0x32, 0x5B, 0x32, 0x5A, 0x32, 0x5A, 0x32, 0x5C, 0x3A, 0x7C, 0x3A, 0x7C, 0x32, 0x5C,
    0x32, 0x5C, 0x32, 0x5B, 0x32, 0x3A, 0x32, 0x3A, 0x32, 0x3A, 0x32, 0x3A, 0x32, 0x5A, 0x32, 0x3A,
    0x32, 0x3A, 0x32, 0x5B, 0x32, 0x5B, 0x32, 0x5B, 0x32, 0x3A, 0x32, 0x19, 0x32, 0x39, 0x00, 0x00,
    0xAD, 0x75, 0x00, 0x00, 0x00, 0x00, 0x00, 0x00, 0x00, 0x00, 0x00, 0x00, 0x00, 0x00, 0x00, 0x00,
    0x00, 0x00, 0x00, 0x00, 0x00, 0x00, 0x00, 0x00, 0x00, 0x00, 0x00, 0x00, 0x00, 0x00, 0x00, 0x00,
    0x00, 0x00, 0x00, 0x00, 0x00, 0x00, 0x00, 0x00, 0x00, 0x00, 0x00, 0x00, 0x00, 0x00, 0x00, 0x00,
    0x00, 0x00, 0x00, 0x00, 0x00, 0x00, 0x00, 0x00, 0x00, 0x00, 0x00, 0x00, 0x00, 0x00, 0x00, 0x00,
    0x00, 0x00, 0x00, 0x00, 0x00, 0x00, 0x00, 0x00, 0x00, 0x00, 0x00, 0x00, 0x00, 0x00, 0x00, 0x00,
    0x00, 0x00, 0x00, 0x00, 0x00, 0x00, 0x00, 0x00, 0x00, 0x00, 0x00, 0x00, 0x00, 0x00, 0x00, 0x00,
    0x00, 0x00, 0x00, 0x00, 0x00, 0x00, 0x00, 0x00, 0x00, 0x00, 0x00, 0x00, 0x00, 0x00, 0x00, 0x00,
    0x00, 0x00, 0x00, 0x00, 0x00, 0x00, 0x00, 0x00, 0x00, 0x00, 0x00, 0x00, 0x00, 0x00, 0x00, 0x00,
    0x00, 0x00, 0x00, 0x00, 0x00, 0x00, 0x00, 0x00, 0x00, 0x00, 0x00, 0x00, 0x00, 0x00, 0x00, 0x00,
    0x00, 0x00, 0x00, 0x00, 0x00, 0x00, 0xAD, 0x75, 0x00, 0x00, 0x32, 0x5A, 0x3A, 0x7B, 0x3A, 0x7B,
    0x3A, 0x7B, 0x3A, 0x5A, 0x3A, 0x7B, 0x3A, 0x7B, 0x3A, 0x7B, 0x3A, 0x7B, 0x3A, 0x7B, 0x3A, 0x5A,
    0x32, 0x5A, 0x3A, 0x7B, 0x3A, 0x9C, 0x3A, 0x7B, 0x32, 0x5A, 0x32, 0x5A, 0x3A, 0x7B, 0x3A, 0x7C,
    0x3A, 0x7C, 0x3A, 0x7B, 0x32, 0x5B, 0x32, 0x5A, 0x32, 0x3A, 0x32, 0x3A, 0x3A, 0x7B, 0x32, 0x5C,
    0x32, 0x5C, 0x32, 0x5B, 0x32, 0x5A, 0x32, 0x5B, 0x32, 0x5A, 0x32, 0x5B, 0x32, 0x5B, 0x32, 0x5B,
    0x32, 0x3A, 0x32, 0x39, 0x32, 0x39, 0x32, 0x5B, 0x32, 0x5B, 0x32, 0x5B, 0x32, 0x5A, 0x32, 0x3A,
    0x32, 0x5C, 0x3A, 0x7C, 0x32, 0x5C, 0x32, 0x5C, 0x32, 0x5C, 0x32, 0x5B, 0x32, 0x5A, 0x32, 0x5A,
    0x32, 0x5A, 0x32, 0x5A, 0x32, 0x5A, 0x32, 0x5A, 0x32, 0x5A, 0x3A, 0x7B, 0x3A, 0x7B, 0x3A, 0x7B,
    0x32, 0x5A, 0x32, 0x39, 0x32, 0x59, 0x3A, 0x5A, 0x3A, 0x7B, 0x3A, 0x7B, 0x3A, 0x7C, 0x3A, 0x7C,
    0x32, 0x59, 0x32, 0x38, 0x32, 0x38, 0x32, 0x5A, 0x3A, 0x7B, 0x3A, 0x7B, 0x3A, 0x7B, 0x3A, 0x5A,
    0x3A, 0x5B, 0x3A, 0x5B, 0x32, 0x5B, 0x3A, 0x5B, 0x29, 0xF6, 0x00, 0x00, 0x5B, 0x7A, 0x74, 0x1F,
    0x74, 0x1F, 0x74, 0x3F, 0x74, 0x3F, 0x6C, 0x1F, 0x6C, 0x1F, 0x6B, 0xFF, 0x6C, 0x1F, 0x74, 0x3F,
    0x74, 0x3F, 0x74, 0x3F, 0x74, 0x5F, 0x7C, 0x5F, 0x74, 0x3F, 0x74, 0x1F, 0x74, 0x1F, 0x74, 0x3F,
    0x74, 0x3F, 0x74, 0x5F, 0x74, 0x3F, 0x74, 0x3F, 0x74, 0x3F, 0x74, 0x3F, 0x6C, 0x1F, 0x6C, 0x1F,
    0x6C, 0x1F, 0x6C, 0x1F, 0x6C, 0x1F, 0x74, 0x3F, 0x74, 0x5F, 0x74, 0x5F, 0x74, 0x3F, 0x74, 0x3F,
    0x74, 0x5F, 0x7C, 0x7F, 0x7C, 0x7F, 0x74, 0x5F, 0x74, 0x5F, 0x74, 0x3F, 0x74, 0x3F, 0x74, 0x3F,
    0x74, 0x3F, 0x74, 0x3F, 0x74, 0x3F, 0x6C, 0x1F, 0x6B, 0xFF, 0x6C, 0x1F, 0x6C, 0x1F, 0x74, 0x3F,
    0x74, 0x3F, 0x74, 0x3F, 0x74, 0x3F, 0x74, 0x1F, 0x74, 0x3F, 0x74, 0x5F, 0x7C, 0x5F, 0x74, 0x5F,
    0x74, 0x3F, 0x74, 0x3F, 0x74, 0x5F, 0x74, 0x5F, 0x74, 0x5F, 0x74, 0x5F, 0x74, 0x3F, 0x6C, 0x1F,
    0x6C, 0x1F, 0x6C, 0x1F, 0x6C, 0x1F, 0x74, 0x1F, 0x74, 0x3F, 0x74, 0x1F, 0x74, 0x3F, 0x74, 0x3F,
    0x74, 0x5F, 0x74, 0x5F, 0x74, 0x3F, 0x74, 0x3F, 0x74, 0x3F, 0x74, 0x5F, 0x74, 0x3F, 0x74, 0x3F,
    0x3A, 0x7B, 0x32, 0x5A, 0x32, 0x5A, 0x32, 0x5B, 0x32, 0x5A, 0x32, 0x39, 0x32, 0x38, 0x32, 0x38,
    0x32, 0x5A, 0x32, 0x5B, 0x3A, 0x5B, 0x3A, 0x5B, 0x3A, 0x7B, 0x3A, 0x7B, 0x32, 0x39, 0x32, 0x39,
    0x32, 0x5B, 0x3A, 0x7C, 0x3A, 0x7C, 0x3A, 0x7C, 0x3A, 0x7C, 0x3A, 0x7B, 0x3A, 0x7C, 0x3A, 0x7B,
    0x32, 0x5B, 0x32, 0x5B, 0x32, 0x5A, 0x32, 0x5A, 0x32, 0x5A, 0x3A, 0x5B, 0x3A, 0x7C, 0x3A, 0x7B,
    0x32, 0x5A, 0x3A, 0x7B, 0x3A, 0x9C, 0x3A, 0x9C, 0x3A, 0x7B, 0x3A, 0x5A, 0x3A, 0x5A, 0x3A, 0x5A,
    0x3A, 0x5A, 0x3A, 0x5A, 0x3A, 0x7B, 0x3A, 0x7B, 0x3A, 0x5A, 0x32, 0x59, 0x3A, 0x5A, 0x3A, 0x7B,
    0x3A, 0x7B, 0x3A, 0x7B, 0x3A, 0x7B, 0x3A, 0x5A, 0x32, 0x5A, 0x32, 0x59, 0x32, 0x5A, 0x3A, 0x7B,
    0x3A, 0x7B, 0x32, 0x5A, 0x32, 0x5A, 0x3A, 0x7B, 0x3A, 0x7C, 0x3A, 0x7C, 0x3A, 0x5B, 0x32, 0x5B,
    0x32, 0x5A, 0x32, 0x39, 0x32, 0x39, 0x32, 0x39, 0x32, 0x5A, 0x32, 0x5A, 0x32, 0x5B, 0x32, 0x5A,
    0x32, 0x5A, 0x32, 0x5B, 0x32, 0x5A, 0x32, 0x39, 0x32, 0x38, 0x32, 0x38, 0x32, 0x5A, 0x00, 0x00,
    0xAD, 0x75, 0x00, 0x00, 0x00, 0x00, 0x00, 0x00, 0x00, 0x00, 0x00, 0x00, 0x00, 0x00, 0x00, 0x00,
    0x00, 0x00, 0x00, 0x00, 0x00, 0x00, 0x00, 0x00, 0x00, 0x00, 0x00, 0x00, 0x00, 0x00, 0x00, 0x00,
    0x00, 0x00, 0x00, 0x00, 0x00, 0x00, 0x00, 0x00, 0x00, 0x00, 0x00, 0x00, 0x00, 0x00, 0x00, 0x00,
    0x00, 0x00, 0x00, 0x00, 0x00, 0x00, 0x00, 0x00, 0x00, 0x00, 0x00, 0x00, 0x00, 0x00, 0x00, 0x00,
    0x00, 0x00, 0x00, 0x00, 0x00, 0x00, 0x00, 0x00, 0x00, 0x00, 0x00, 0x00, 0x00, 0x00, 0x00, 0x00,
    0x00, 0x00, 0x00, 0x00, 0x00, 0x00, 0x00, 0x00, 0x00, 0x00, 0x00, 0x00, 0x00, 0x00, 0x00, 0x00,
    0x00, 0x00, 0x00, 0x00, 0x00, 0x00, 0x00, 0x00, 0x00, 0x00, 0x00, 0x00, 0x00, 0x00, 0x00, 0x00,
    0x00, 0x00, 0x00, 0x00, 0x00, 0x00, 0x00, 0x00, 0x00, 0x00, 0x00, 0x00, 0x00, 0x00, 0x00, 0x00,
    0x00, 0x00, 0x00, 0x00, 0x00, 0x00, 0x00, 0x00, 0x00, 0x00, 0x00, 0x00, 0x00, 0x00, 0x00, 0x00,
    0x00, 0x00, 0x00, 0x00, 0x00, 0x00, 0xAD, 0x75, 0x00, 0x00, 0x3A, 0x7C, 0x3A, 0x9C, 0x3A, 0x9C,
    0x3A, 0x7C, 0x3A, 0x7B, 0x3A, 0x7C, 0x3A, 0x7B, 0x3A, 0x7B, 0x3A, 0x7B, 0x3A, 0x5A, 0x3A, 0x5A,
    0x3A, 0x5A, 0x3A, 0x7B, 0x3A, 0x7C, 0x3A, 0x7B, 0x32, 0x5A, 0x3A, 0x7B, 0x3A, 0x9C, 0x3A, 0x9C,
    0x3A, 0x7B, 0x32, 0x5A, 0x32, 0x5A, 0x32, 0x5A, 0x32, 0x5A, 0x32, 0x5A, 0x3A, 0x7B, 0x3A, 0x5B,
    0x32, 0x5A, 0x32, 0x39, 0x32, 0x5A, 0x3A, 0x5B, 0x3A, 0x7B, 0x3A, 0x7B, 0x3A, 0x5B, 0x32, 0x5A,
    0x32, 0x5A, 0x32, 0x39, 0x32, 0x5A, 0x3A, 0x7B, 0x3A, 0x7B, 0x32, 0x5A, 0x32, 0x5A, 0x3A, 0x7B,
    0x3A, 0x7C, 0x3A, 0x7C, 0x3A, 0x5B, 0x32, 0x5B, 0x32, 0x5A, 0x32, 0x39, 0x32, 0x39, 0x32, 0x39,
    0x32, 0x5A, 0x32, 0x5A, 0x3A, 0x7B, 0x3A, 0x5A, 0x3A, 0x5A, 0x3A, 0x7B, 0x3A, 0x5A, 0x32, 0x39,
    0x32, 0x38, 0x32, 0x38, 0x3A, 0x5A, 0x3A, 0x7B, 0x3A, 0x7B, 0x3A, 0x7B, 0x3A, 0x7B, 0x3A, 0x7B,
    0x32, 0x59, 0x32, 0x59, 0x3A, 0x7B, 0x3A, 0x7C, 0x3A, 0x9C, 0x3A, 0x9C, 0x3A, 0x7C, 0x3A, 0x7B,
    0x3A, 0x7C, 0x3A, 0x7B, 0x3A, 0x7B, 0x3A, 0x7B, 0x29, 0xF6, 0x00, 0x00, 0x5B, 0x7A, 0x74, 0x3F,
    0x74, 0x3F, 0x74, 0x3F, 0x74, 0x1F, 0x6B, 0xFF, 0x6B, 0xFF, 0x6B, 0xFF, 0x74, 0x1F, 0x74, 0x3F,
    0x74, 0x3F, 0x74, 0x3F, 0x7C, 0x5F, 0x74, 0x5F, 0x74, 0x3F, 0x74, 0x3F, 0x74, 0x5F, 0x7C, 0x5F,
    0x7C, 0x7F, 0x7C, 0x7F, 0x74, 0x5F, 0x74, 0x5F, 0x74, 0x5F, 0x74, 0x3F, 0x74, 0x3F, 0x74, 0x3F,
    0x74, 0x3F, 0x74, 0x1F, 0x74, 0x3F, 0x74, 0x3F, 0x74, 0x5F, 0x74, 0x3F, 0x74, 0x3F, 0x74, 0x5F,
    0x7C, 0x7F, 0x7C, 0x7F, 0x7C, 0x7F, 0x74, 0x5F, 0x74, 0x3F, 0x74, 0x3F, 0x74, 0x3F, 0x74, 0x3F,
    0x74, 0x3F, 0x74, 0x3F, 0x6C, 0x1F, 0x6C, 0x1F, 0x6C, 0x1F, 0x74, 0x3F, 0x74, 0x3F, 0x74, 0x3F,
    0x74, 0x3F, 0x74, 0x3F, 0x74, 0x3F, 0x74, 0x3F, 0x74, 0x3F, 0x7C, 0x5F, 0x7C, 0x5F, 0x74, 0x5F,
    0x74, 0x3F, 0x74, 0x5F, 0x7C, 0x7F, 0x74, 0x5F, 0x74, 0x3F, 0x74, 0x3F, 0x74, 0x3F, 0x6C, 0x1F,
    0x6C, 0x1F, 0x6C, 0x1F, 0x6C, 0x1F, 0x74, 0x3F, 0x74, 0x3F, 0x74, 0x3F, 0x74, 0x3F, 0x74, 0x5F,
    0x74, 0x3F, 0x74, 0x1F, 0x74, 0x1F, 0x74, 0x3F, 0x74, 0x3F, 0x74, 0x5F, 0x74, 0x5F, 0x74, 0x3F,
    0x3A, 0x7B, 0x3A, 0x5A, 0x3A, 0x5A, 0x3A, 0x7B, 0x32, 0x5A, 0x32, 0x39, 0x32, 0x59, 0x32, 0x5A,
    0x3A, 0x7B, 0x3A, 0x7B, 0x3A, 0x7B, 0x3A, 0x7B, 0x3A, 0x7B, 0x32, 0x5A, 0x32, 0x39, 0x3A, 0x7B,
    0x3A, 0x9C, 0x3A, 0x9D, 0x3A, 0x9D, 0x3A, 0x9C, 0x3A, 0x7B, 0x3A, 0x7B, 0x3A, 0x7C, 0x3A, 0x7B,
    0x32, 0x5A, 0x32, 0x5A, 0x32, 0x5A, 0x3A, 0x7B, 0x3A, 0x7B, 0x3A, 0x7B, 0x3A, 0x5A, 0x3A, 0x5A,
    0x32, 0x5A, 0x3A, 0x7B, 0x3A, 0x9C, 0x3A, 0x7C, 0x3A, 0x5A, 0x32, 0x59, 0x32, 0x59, 0x3A, 0x5A,
    0x3A, 0x5A, 0x3A, 0x5A, 0x3A, 0x7B, 0x3A, 0x7B, 0x3A, 0x59, 0x3A, 0x59, 0x3A, 0x7B, 0x42, 0x9C,
    0x3A, 0x9C, 0x3A, 0x7C, 0x3A, 0x7B, 0x3A, 0x7B, 0x3A, 0x7B, 0x3A, 0x7B, 0x3A, 0x7B, 0x3A, 0x7C,
    0x3A, 0x7B, 0x32, 0x5A, 0x3A, 0x7B, 0x3A, 0x7B, 0x3A, 0x7B, 0x3A, 0x7B, 0x32, 0x59, 0x32, 0x59,
    0x32, 0x39, 0x32, 0x38, 0x32, 0x59, 0x32, 0x5A, 0x3A, 0x5A, 0x3A, 0x7B, 0x3A, 0x7B, 0x3A, 0x5A,
    0x32, 0x5A, 0x32, 0x5B, 0x32, 0x5A, 0x32, 0x39, 0x32, 0x59, 0x32, 0x5A, 0x3A, 0x7B, 0x00, 0x00,
    0xAD, 0x75, 0x00, 0x00, 0x00, 0x00, 0x00, 0x00, 0x00, 0x00, 0x00, 0x00, 0x00, 0x00, 0x00, 0x00,
    0x00, 0x00, 0x00, 0x00, 0x00, 0x00, 0x00, 0x00, 0x00, 0x00, 0x00, 0x00, 0x00, 0x00, 0x00, 0x00,
    0x00, 0x00, 0x00, 0x00, 0x00, 0x00, 0x00, 0x00, 0x00, 0x00, 0x00, 0x00, 0x00, 0x00, 0x00, 0x00,
    0x00, 0x00, 0x00, 0x00, 0x00, 0x00, 0x00, 0x00, 0x00, 0x00, 0x00, 0x00, 0x00, 0x00, 0x00, 0x00,
    0x00, 0x00, 0x00, 0x00, 0x00, 0x00, 0x00, 0x00, 0x00, 0x00, 0x00, 0x00, 0x00, 0x00, 0x00, 0x00,
    0x00, 0x00, 0x00, 0x00, 0x00, 0x00, 0x00, 0x00, 0x00, 0x00, 0x00, 0x00, 0x00, 0x00, 0x00, 0x00,
    0x00, 0x00, 0x00, 0x00, 0x00, 0x00, 0x00, 0x00, 0x00, 0x00, 0x00, 0x00, 0x00, 0x00, 0x00, 0x00,
    0x00, 0x00, 0x00, 0x00, 0x00, 0x00, 0x00, 0x00, 0x00, 0x00, 0x00, 0x00, 0x00, 0x00, 0x00, 0x00,
    0x00, 0x00, 0x00, 0x00, 0x00, 0x00, 0x00, 0x00, 0x00, 0x00, 0x00, 0x00, 0x00, 0x00, 0x00, 0x00,
    0x00, 0x00, 0x00, 0x00, 0x00, 0x00, 0xAD, 0x75, 0x00, 0x00, 0x3A, 0x9D, 0x3A, 0x9D, 0x42, 0x9C,
    0x3A, 0x9B, 0x3A, 0x9B, 0x3A, 0x9C, 0x3A, 0x7B, 0x3A, 0x7A, 0x3A, 0x7A, 0x3A, 0x5A, 0x3A, 0x7B,
    0x3A, 0x7B, 0x3A, 0x7B, 0x3A, 0x5A, 0x3A, 0x5A, 0x3A, 0x5A, 0x3A, 0x7B, 0x3A, 0x9C, 0x3A, 0x7C,
    0x32, 0x5A, 0x32, 0x59, 0x32, 0x59, 0x32, 0x5A, 0x32, 0x5A, 0x3A, 0x5A, 0x3A, 0x7B, 0x3A, 0x7B,
    0x32, 0x59, 0x32, 0x59, 0x3A, 0x7B, 0x3A, 0x7C, 0x3A, 0x7C, 0x3A, 0x7C, 0x3A, 0x7B, 0x3A, 0x7B,
    0x3A, 0x7B, 0x3A, 0x7B, 0x3A, 0x7B, 0x3A, 0x7C, 0x3A, 0x7B, 0x32, 0x5A, 0x3A, 0x7B, 0x3A, 0x7B,
    0x3A, 0x7B, 0x3A, 0x7B, 0x32, 0x59, 0x32, 0x59, 0x32, 0x39, 0x32, 0x38, 0x32, 0x59, 0x32, 0x5A,
    0x3A, 0x5A, 0x3A, 0x7B, 0x3A, 0x7B, 0x3A, 0x5A, 0x3A, 0x5A, 0x3A, 0x7B, 0x3A, 0x5A, 0x32, 0x39,
    0x32, 0x59, 0x3A, 0x5A, 0x3A, 0x7B, 0x3A, 0x7B, 0x3A, 0x9B, 0x3A, 0x7B, 0x3A, 0x7B, 0x3A, 0x7A,
    0x32, 0x59, 0x3A, 0x7B, 0x3A, 0x9C, 0x3A, 0x9D, 0x3A, 0x9D, 0x3A, 0x9C, 0x3A, 0x7B, 0x3A, 0x7B,
    0x3A, 0x7C, 0x3A, 0x7B, 0x3A, 0x7A, 0x32, 0x5A, 0x29, 0xF6, 0x00, 0x00, 0x63, 0x7A, 0x74, 0x3F,
    0x74, 0x3F, 0x74, 0x3F, 0x74, 0x1F, 0x6C, 0x1F, 0x6C, 0x1F, 0x74, 0x3F, 0x74, 0x3F, 0x74, 0x5F,
    0x74, 0x5F, 0x74, 0x5F, 0x74, 0x5F, 0x74, 0x3F, 0x74, 0x3F, 0x7C, 0x7F, 0x7C, 0x9F, 0x7C, 0x7F,
    0x7C, 0x9F, 0x7C, 0x7F, 0x7C, 0x5F, 0x74, 0x5F, 0x74, 0x5F, 0x74, 0x3F, 0x74, 0x3F, 0x74, 0x1F,
    0x74, 0x3F, 0x74, 0x3F, 0x74, 0x3F, 0x74, 0x3F, 0x74, 0x5F, 0x74, 0x3F, 0x74, 0x3F, 0x7C, 0x5F,
    0x7C, 0x7F, 0x7C, 0x9F, 0x7C, 0x5F, 0x74, 0x5F, 0x74, 0x5F, 0x74, 0x3F, 0x74, 0x3F, 0x74, 0x5F,
    0x74, 0x3F, 0x74, 0x3F, 0x6C, 0x1F, 0x6C, 0x1F, 0x74, 0x3F, 0x74, 0x5F, 0x74, 0x5F, 0x74, 0x5F,
    0x74, 0x3F, 0x74, 0x5F, 0x74, 0x5F, 0x7C, 0x5F, 0x7C, 0x5F, 0x7C, 0x7F, 0x7C, 0x7F, 0x7C, 0x5F,
    0x74, 0x5F, 0x7C, 0x5F, 0x7C, 0x5F, 0x74, 0x5F, 0x74, 0x3F, 0x74, 0x1F, 0x6C, 0x1F, 0x6C, 0x1F,
    0x6C, 0x1F, 0x74, 0x3F, 0x74, 0x3F, 0x74, 0x3F, 0x74, 0x3F, 0x74, 0x3F, 0x74, 0x5F, 0x74, 0x5F,
    0x74, 0x3F, 0x74, 0x3F, 0x74, 0x5F, 0x7C, 0x5F, 0x7C, 0x7F, 0x7C, 0x7F, 0x7C, 0x5F, 0x74, 0x5F,
    0x3A, 0x7B, 0x3A, 0x5A, 0x3A, 0x7B, 0x3A, 0x7B, 0x3A, 0x5A, 0x3A, 0x7B, 0x3A, 0x7B, 0x3A, 0x7C,
    0x3A, 0x7B, 0x3A, 0x7B, 0x3A, 0x7B, 0x3A, 0x7B, 0x32, 0x5A, 0x32, 0x59, 0x32, 0x5A, 0x3A, 0x7B,
    0x3A, 0x7C, 0x3A, 0x7C, 0x3A, 0x7B, 0x3A, 0x7B, 0x32, 0x59, 0x3A, 0x5A, 0x3A, 0x5A, 0x3A, 0x5A,
    0x3A, 0x5A, 0x3A, 0x5A, 0x3A, 0x7B, 0x3A, 0x7C, 0x3A, 0x7C, 0x3A, 0x7B, 0x3A, 0x7B, 0x3A, 0x7B,
    0x3A, 0x7B, 0x3A, 0x9C, 0x3A, 0x9C, 0x3A, 0x7B, 0x3A, 0x59, 0x3A, 0x5A, 0x3A, 0x7A, 0x3A, 0x7A,
    0x3A, 0x7A, 0x3A, 0x7A, 0x3A, 0x7B, 0x3A, 0x9B, 0x3A, 0x7A, 0x3A, 0x7A, 0x3A, 0x9C, 0x42, 0x9C,
    0x3A, 0x9C, 0x3A, 0x7B, 0x3A, 0x7B, 0x3A, 0x7B, 0x3A, 0x9B, 0x3A, 0x9B, 0x3A, 0x9B, 0x3A, 0x7B,
    0x3A, 0x5A, 0x3A, 0x7A, 0x3A, 0x7B, 0x3A, 0x7B, 0x3A, 0x5A, 0x32, 0x59, 0x32, 0x59, 0x3A, 0x5A,
    0x3A, 0x5A, 0x32, 0x59, 0x3A, 0x5A, 0x3A, 0x7B, 0x3A, 0x7B, 0x3A, 0x7B, 0x3A, 0x7B, 0x3A, 0x5A,
    0x3A, 0x7B, 0x3A, 0x7B, 0x32, 0x5A, 0x3A, 0x7B, 0x3A, 0x7B, 0x3A, 0x7C, 0x3A, 0x7B, 0x00, 0x00,
    0xAD, 0x75, 0x00, 0x00, 0x00, 0x00, 0x00, 0x00, 0x00, 0x00, 0x00, 0x00, 0x00, 0x00, 0x00, 0x00,
    0x00, 0x00, 0x00, 0x00, 0x00, 0x00, 0x00, 0x00, 0x00, 0x00, 0x00, 0x00, 0x00, 0x00, 0x00, 0x00,
    0x00, 0x00, 0x00, 0x00, 0x00, 0x00, 0x00, 0x00, 0x00, 0x00, 0x00, 0x00, 0x00, 0x00, 0x00, 0x00,
    0x00, 0x00, 0x00, 0x00, 0x00, 0x00, 0x00, 0x00, 0x00, 0x00, 0x00, 0x00, 0x00, 0x00, 0x00, 0x00,
    0x00, 0x00, 0x00, 0x00, 0x00, 0x00, 0x00, 0x00, 0x00, 0x00, 0x00, 0x00, 0x00, 0x00, 0x00, 0x00,
    0x00, 0x00, 0x00, 0x00, 0x00, 0x00, 0x00, 0x00, 0x00, 0x00, 0x00, 0x00, 0x00, 0x00, 0x00, 0x00,
    0x00, 0x00, 0x00, 0x00, 0x00, 0x00, 0x00, 0x00, 0x00, 0x00, 0x00, 0x00, 0x00, 0x00, 0x00, 0x00,
    0x00, 0x00, 0x00, 0x00, 0x00, 0x00, 0x00, 0x00, 0x00, 0x00, 0x00, 0x00, 0x00, 0x00, 0x00, 0x00,
    0x00, 0x00, 0x00, 0x00, 0x00, 0x00, 0x00, 0x00, 0x00, 0x00, 0x00, 0x00, 0x00, 0x00, 0x00, 0x00,
    0x00, 0x00, 0x00, 0x00, 0x00, 0x00, 0xAD, 0x75, 0x00, 0x00, 0x3A, 0x9C, 0x3A, 0x9B, 0x3A, 0x7B,
    0x3A, 0x7A, 0x3A, 0x7A, 0x3A, 0x7B, 0x3A, 0x7A, 0x3A, 0x7A, 0x3A, 0x7A, 0x3A, 0x9B, 0x42, 0x9C,
    0x3A, 0x9C, 0x3A, 0x9B, 0x3A, 0x9B, 0x3A, 0x7B, 0x3A, 0x9B, 0x3A, 0x9C, 0x3A, 0x9C, 0x3A, 0x7B,
    0x32, 0x59, 0x3A, 0x5A, 0x3A, 0x5A, 0x3A, 0x5A, 0x3A, 0x5A, 0x3A, 0x5A, 0x3A, 0x7B, 0x3A, 0x7B,
    0x3A, 0x5A, 0x3A, 0x5A, 0x3A, 0x7C, 0x3A, 0x7C, 0x3A, 0x7B, 0x3A, 0x7B, 0x3A, 0x7B, 0x3A, 0x7B,
    0x3A, 0x7B, 0x3A, 0x7B, 0x3A, 0x7B, 0x3A, 0x7B, 0x32, 0x5A, 0x3A, 0x5A, 0x3A, 0x7B, 0x3A, 0x7B,
    0x3A, 0x5A, 0x32, 0x59, 0x32, 0x59, 0x3A, 0x5A, 0x3A, 0x5A, 0x32, 0x59, 0x3A, 0x5A, 0x3A, 0x7B,
    0x3A, 0x7B, 0x3A, 0x7B, 0x3A, 0x7B, 0x3A, 0x7A, 0x3A, 0x7B, 0x3A, 0x7B, 0x3A, 0x7A, 0x3A, 0x7B,
    0x3A, 0x9B, 0x3A, 0x9C, 0x3A, 0x9B, 0x3A, 0x9B, 0x3A, 0x9B, 0x3A, 0x7B, 0x3A, 0x7A, 0x3A, 0x7A,
    0x3A, 0x7A, 0x3A, 0x9B, 0x42, 0x9C, 0x3A, 0x9C, 0x3A, 0x9B, 0x3A, 0x7B, 0x3A, 0x59, 0x3A, 0x5A,
    0x3A, 0x7A, 0x3A, 0x7A, 0x3A, 0x5A, 0x3A, 0x5A, 0x31, 0xF6, 0x00, 0x00, 0x63, 0x9A, 0x74, 0x3F,
    0x74, 0x3F, 0x74, 0x3F, 0x74, 0x3F, 0x74, 0x3F, 0x74, 0x5F, 0x74, 0x5F, 0x74, 0x5F, 0x74, 0x5F,
    0x7C, 0x5F, 0x74, 0x5F, 0x7C, 0x5F, 0x74, 0x5F, 0x7C, 0x5F, 0x7C, 0x7F, 0x7C, 0x9F, 0x7C, 0x9F,
    0x7C, 0x7F, 0x7C, 0x7F, 0x74, 0x3F, 0x74, 0x3F, 0x74, 0x5F, 0x74, 0x3F, 0x74, 0x3F, 0x74, 0x3F,
    0x74, 0x3F, 0x74, 0x5F, 0x74, 0x5F, 0x74, 0x5F, 0x74, 0x5F, 0x7C, 0x5F, 0x7C, 0x5F, 0x7C, 0x9F,
    0x7C, 0x9F, 0x7C, 0x7F, 0x74, 0x5F, 0x74, 0x5F, 0x7C, 0x5F, 0x7C, 0x5F, 0x74, 0x5F, 0x74, 0x5F,
    0x74, 0x5F, 0x74, 0x3F, 0x74, 0x1F, 0x74, 0x3F, 0x74, 0x5F, 0x74, 0x5F, 0x74, 0x5F, 0x74, 0x3F,
    0x74, 0x5F, 0x74, 0x5F, 0x7C, 0x5F, 0x7C, 0x7F, 0x7C, 0x7F, 0x7C, 0x7F, 0x7C, 0x5F, 0x7C, 0x5F,
    0x7C, 0x7F, 0x7C, 0x7F, 0x7C, 0x5F, 0x74, 0x3F, 0x74, 0x3F, 0x74, 0x3F, 0x74, 0x3F, 0x74, 0x1F,
    0x74, 0x3F, 0x74, 0x3F, 0x74, 0x3F, 0x74, 0x3F, 0x74, 0x5F, 0x74, 0x3F, 0x74, 0x5F, 0x74, 0x5F,
    0x7C, 0x7F, 0x7C, 0x7F, 0x7C, 0x7F, 0x7C, 0x9F, 0x7C, 0x7F, 0x7C, 0x7F, 0x7C, 0x7F, 0x74, 0x5F,
    0x3A, 0x7B, 0x3A, 0x7A, 0x3A, 0x7B, 0x3A, 0x7B, 0x3A, 0x7A, 0x3A, 0x7B, 0x3A, 0x9C, 0x3A, 0x7B,
    0x3A, 0x7B, 0x3A, 0x7B, 0x3A, 0x7B, 0x3A, 0x7B, 0x3A, 0x5A, 0x3A, 0x5A, 0x3A, 0x5A, 0x3A, 0x7B,
    0x3A, 0x7B, 0x3A, 0x5A, 0x32, 0x59, 0x32, 0x39, 0x32, 0x38, 0x32, 0x59, 0x3A, 0x5A, 0x3A, 0x5A,
    0x3A, 0x7A, 0x3A, 0x7B, 0x3A, 0x9C, 0x3A, 0x9C, 0x3A, 0x9C, 0x3A, 0x7B, 0x3A, 0x7B, 0x3A, 0x9B,
    0x3A, 0x9C, 0x3A, 0x9C, 0x3A, 0x7B, 0x3A, 0x7A, 0x3A, 0x59, 0x3A, 0x7A, 0x3A, 0x7B, 0x3A, 0x9B,
    0x3A, 0x7A, 0x3A, 0x7A, 0x3A, 0x7B, 0x3A, 0x9B, 0x3A, 0x7A, 0x3A, 0x9A, 0x42, 0xBB, 0x3A, 0x9B,
    0x3A, 0x7A, 0x3A, 0x7A, 0x3A, 0x7A, 0x3A, 0x7A, 0x3A, 0x7A, 0x3A, 0x7A, 0x3A, 0x7A, 0x3A, 0x5A,
    0x3A, 0x7A, 0x3A, 0x7B, 0x3A, 0x9B, 0x3A, 0x7B, 0x3A, 0x7A, 0x3A, 0x7A, 0x3A, 0x7A, 0x3A, 0x7A,
    0x3A, 0x7A, 0x3A, 0x7B, 0x3A, 0x7B, 0x3A, 0x9B, 0x3A, 0x7B, 0x3A, 0x7B, 0x3A, 0x5A, 0x3A, 0x5A,
    0x3A, 0x7B, 0x3A, 0x7B, 0x3A, 0x5A, 0x3A, 0x7B, 0x3A, 0x7C, 0x3A, 0x7B, 0x3A, 0x7B, 0x00, 0x00,
    0xAD, 0x75, 0x00, 0x00, 0x00, 0x00, 0x00, 0x00, 0x00, 0x00, 0x00, 0x00, 0x00, 0x00, 0x00, 0x00,
    0x00, 0x00, 0x00, 0x00, 0x00, 0x00, 0x00, 0x00, 0x00, 0x00, 0x00, 0x00, 0x00, 0x00, 0x00, 0x00,
    0x00, 0x00, 0x00, 0x00, 0x00, 0x00, 0x00, 0x00, 0x00, 0x00, 0x00, 0x00, 0x00, 0x00, 0x00, 0x00,
    0x00, 0x00, 0x00, 0x00, 0x00, 0x00, 0x00, 0x00, 0x00, 0x00, 0x00, 0x00, 0x00, 0x00, 0x00, 0x00,
    0x00, 0x00, 0x00, 0x00, 0x00, 0x00, 0x00, 0x00, 0x00, 0x00, 0x00, 0x00, 0x00, 0x00, 0x00, 0x00,
    0x00, 0x00, 0x00, 0x00, 0x00, 0x00, 0x00, 0x00, 0x00, 0x00, 0x00, 0x00, 0x00, 0x00, 0x00, 0x00,
    0x00, 0x00, 0x00, 0x00, 0x00, 0x00, 0x00, 0x00, 0x00, 0x00, 0x00, 0x00, 0x00, 0x00, 0x00, 0x00,
    0x00, 0x00, 0x00, 0x00, 0x00, 0x00, 0x00, 0x00, 0x00, 0x00, 0x00, 0x00, 0x00, 0x00, 0x00, 0x00,
    0x00, 0x00, 0x00, 0x00, 0x00, 0x00, 0x00, 0x00, 0x00, 0x00, 0x00, 0x00, 0x00, 0x00, 0x00, 0x00,
    0x00, 0x00, 0x00, 0x00, 0x00, 0x00, 0xAD, 0x75, 0x00, 0x00, 0x3A, 0x7A, 0x3A, 0x59, 0x3A, 0x59,
    0x3A, 0x59, 0x3A, 0x79, 0x3A, 0x7B, 0x3A, 0x9B, 0x3A, 0x9A, 0x3A, 0x7B, 0x42, 0xBC, 0x42, 0xBC,
    0x3A, 0x9C, 0x3A, 0x9B, 0x3A, 0x9B, 0x3A, 0x9B, 0x3A, 0x9C, 0x3A, 0x9C, 0x3A, 0x7B, 0x3A, 0x5A,
    0x3A, 0x59, 0x3A, 0x7A, 0x3A, 0x7B, 0x3A, 0x7B, 0x3A, 0x7A, 0x3A, 0x7A, 0x3A, 0x7A, 0x3A, 0x5A,
    0x3A, 0x59, 0x3A, 0x7A, 0x3A, 0x7B, 0x3A, 0x7B, 0x3A, 0x5A, 0x3A, 0x5A, 0x3A, 0x5A, 0x3A, 0x5A,
    0x3A, 0x5A, 0x3A, 0x5A, 0x3A, 0x5A, 0x3A, 0x5A, 0x3A, 0x5A, 0x3A, 0x7B, 0x3A, 0x7B, 0x3A, 0x7B,
    0x3A, 0x7A, 0x3A, 0x5A, 0x3A, 0x5A, 0x3A, 0x7A, 0x3A, 0x7A, 0x3A, 0x7B, 0x3A, 0x7B, 0x3A, 0x7B,
    0x3A, 0x9B, 0x3A, 0x7B, 0x3A, 0x7A, 0x3A, 0x7A, 0x3A, 0x7B, 0x3A, 0x7B, 0x3A, 0x7A, 0x3A, 0x7B,
    0x42, 0x9C, 0x3A, 0x9C, 0x3A, 0x9B, 0x3A, 0x7B, 0x3A, 0x9B, 0x42, 0x9B, 0x3A, 0x9A, 0x3A, 0x7A,
    0x3A, 0x9B, 0x42, 0x9B, 0x3A, 0x9B, 0x3A, 0x7A, 0x3A, 0x59, 0x3A, 0x59, 0x3A, 0x59, 0x3A, 0x59,
    0x3A, 0x7A, 0x3A, 0x7A, 0x3A, 0x7A, 0x3A, 0x7B, 0x32, 0x16, 0x00, 0x00, 0x63, 0x9A, 0x74, 0x5F,
    0x74, 0x5F, 0x74, 0x5F, 0x74, 0x3F, 0x74, 0x3F, 0x74, 0x5F, 0x7C, 0x5F, 0x74, 0x5F, 0x74, 0x5F,
    0x7C, 0x5F, 0x7C, 0x7F, 0x7C, 0x5F, 0x7C, 0x7F, 0x7C, 0x7F, 0x7C, 0x9F, 0x7C, 0x9F, 0x7C, 0x7F,
    0x74, 0x5F, 0x74, 0x3F, 0x74, 0x3F, 0x74, 0x3F, 0x74, 0x5F, 0x74, 0x5F, 0x74, 0x3F, 0x74, 0x3F,
    0x74, 0x5F, 0x7C, 0x7F, 0x7C, 0x5F, 0x74, 0x5F, 0x7C, 0x5F, 0x7C, 0x7F, 0x7C, 0x9F, 0x7C, 0x7F,
    0x7C, 0x7F, 0x7C, 0x5F, 0x7C, 0x5F, 0x7C, 0x7F, 0x7C, 0x7F, 0x7C, 0x7F, 0x7C, 0x5F, 0x74, 0x5F,
    0x74, 0x5F, 0x74, 0x5F, 0x74, 0x3F, 0x74, 0x3F, 0x74, 0x5F, 0x74, 0x3F, 0x74, 0x3F, 0x74, 0x3F,
    0x74, 0x5F, 0x74, 0x3F, 0x7C, 0x5F, 0x7C, 0x5F, 0x7C, 0x5F, 0x74, 0x5F, 0x7C, 0x7F, 0x7C, 0x7F,
    0x7C, 0x7F, 0x7C, 0x7F, 0x7C, 0x5F, 0x7C, 0x5F, 0x74, 0x5F, 0x74, 0x3F, 0x74, 0x5F, 0x74, 0x5F,
    0x74, 0x3F, 0x74, 0x3F, 0x74, 0x5F, 0x74, 0x5F, 0x74, 0x5F, 0x74, 0x5F, 0x7C, 0x7F, 0x7C, 0x7F,
    0x7C, 0x5F, 0x7C, 0x7F, 0x7C, 0x9F, 0x7C, 0x9F, 0x7C, 0x7F, 0x7C, 0x7F, 0x7C, 0x7F, 0x7C, 0x7F,
    0x3A, 0x7B, 0x3A, 0x7B, 0x3A, 0x7A, 0x3A, 0x7A, 0x3A, 0x7A, 0x3A, 0x7A, 0x42, 0x9B, 0x3A, 0x7B,
    0x3A, 0x7A, 0x3A, 0x7B, 0x3A, 0x9B, 0x3A, 0x9B, 0x3A, 0x7A, 0x3A, 0x7A, 0x3A, 0x7B, 0x3A, 0x9B,
    0x3A, 0x7B, 0x3A, 0x7A, 0x3A, 0x5A, 0x3A, 0x5A, 0x3A, 0x7A, 0x3A, 0x7B, 0x3A, 0x7B, 0x3A, 0x7A,
    0x3A, 0x7A, 0x3A, 0x7A, 0x3A, 0x7B, 0x3A, 0x7B, 0x3A, 0x7A, 0x3A, 0x7A, 0x3A, 0x7A, 0x3A, 0x9B,
    0x3A, 0x9B, 0x3A, 0x7A, 0x3A, 0x59, 0x3A, 0x7A, 0x3A, 0x9A, 0x3A, 0x7B, 0x3A, 0x9B, 0x3A, 0x9A,
    0x3A, 0x79, 0x3A, 0x7A, 0x3A, 0x9B, 0x3A, 0x9B, 0x3A, 0x7A, 0x3A, 0x7A, 0x42, 0x9B, 0x42, 0x9B,
    0x3A, 0x9A, 0x3A, 0x9A, 0x3A, 0x9A, 0x3A, 0x7A, 0x3A, 0x7A, 0x3A, 0x7A, 0x3A, 0x59, 0x3A, 0x7A,
    0x3A, 0x9B, 0x42, 0x9C, 0x3A, 0x9C, 0x3A, 0x7B, 0x3A, 0x7A, 0x3A, 0x7A, 0x3A, 0x7A, 0x3A, 0x7A,
    0x3A, 0x7A, 0x3A, 0x7B, 0x3A, 0x7B, 0x3A, 0x7B, 0x3A, 0x7B, 0x3A, 0x7B, 0x3A, 0x7B, 0x3A, 0x7B,
    0x3A, 0x7A, 0x3A, 0x5A, 0x3A, 0x7A, 0x3A, 0x7A, 0x3A, 0x7B, 0x3A, 0x7B, 0x3A, 0x7A, 0x00, 0x00,
    0xAD, 0x75, 0x00, 0x00, 0x00, 0x00, 0x00, 0x00, 0x00, 0x00, 0x00, 0x00, 0x00, 0x00, 0x00, 0x00,
    0x00, 0x00, 0x00, 0x00, 0x00, 0x00, 0x00, 0x00, 0x00, 0x00, 0x00, 0x00, 0x00, 0x00, 0x00, 0x00,
    0x00, 0x00, 0x00, 0x00, 0x00, 0x00, 0x00, 0x00, 0x00, 0x00, 0x00, 0x00, 0x00, 0x00, 0x00, 0x00,
    0x00, 0x00, 0x00, 0x00, 0x00, 0x00, 0x00, 0x00, 0x00, 0x00, 0x00, 0x00, 0x00, 0x00, 0x00, 0x00,
    0x00, 0x00, 0x00, 0x00, 0x00, 0x00, 0x00, 0x00, 0x00, 0x00, 0x00, 0x00, 0x00, 0x00, 0x00, 0x00,
    0x00, 0x00, 0x00, 0x00, 0x00, 0x00, 0x00, 0x00, 0x00, 0x00, 0x00, 0x00, 0x00, 0x00, 0x00, 0x00,
    0x00, 0x00, 0x00, 0x00, 0x00, 0x00, 0x00, 0x00, 0x00, 0x00, 0x00, 0x00, 0x00, 0x00, 0x00, 0x00,
    0x00, 0x00, 0x00, 0x00, 0x00, 0x00, 0x00, 0x00, 0x00, 0x00, 0x00, 0x00, 0x00, 0x00, 0x00, 0x00,
    0x00, 0x00, 0x00, 0x00, 0x00, 0x00, 0x00, 0x00, 0x00, 0x00, 0x00, 0x00, 0x00, 0x00, 0x00, 0x00,
    0x00, 0x00, 0x00, 0x00, 0x00, 0x00, 0xAD, 0x75, 0x00, 0x00, 0x3A, 0x9A, 0x3A, 0x7A, 0x3A, 0x7A,
    0x3A, 0x9A, 0x3A, 0x9B, 0x42, 0x9B, 0x3A, 0x9B, 0x3A, 0x7A, 0x3A, 0x9A, 0x42, 0x9B, 0x42, 0x9B,
    0x3A, 0x9A, 0x3A, 0x7A, 0x3A, 0x7A, 0x3A, 0x9B, 0x3A, 0x9B, 0x3A, 0x7A, 0x3A, 0x59, 0x3A, 0x7A,
    0x3A, 0x7A, 0x3A, 0x9B, 0x3A, 0x7B, 0x3A, 0x7A, 0x3A, 0x59, 0x3A, 0x7A, 0x3A, 0x7B, 0x3A, 0x7A,
    0x3A, 0x59, 0x3A, 0x7A, 0x3A, 0x7B, 0x3A, 0x7B, 0x3A, 0x7A, 0x3A, 0x7A, 0x3A, 0x7A, 0x3A, 0x59,
    0x3A, 0x7A, 0x3A, 0x7A, 0x3A, 0x59, 0x3A, 0x7A, 0x3A, 0x9B, 0x3A, 0x9C, 0x3A, 0x9B, 0x3A, 0x7B,
    0x3A, 0x7A, 0x3A, 0x7A, 0x3A, 0x7A, 0x3A, 0x7A, 0x3A, 0x7A, 0x3A, 0x7B, 0x3A, 0x7B, 0x3A, 0x9B,
    0x3A, 0x9B, 0x3A, 0x7B, 0x3A, 0x7B, 0x3A, 0x7B, 0x3A, 0x7A, 0x3A, 0x7A, 0x3A, 0x7A, 0x3A, 0x7B,
    0x42, 0x9B, 0x3A, 0x9B, 0x3A, 0x9A, 0x3A, 0x9B, 0x42, 0xBC, 0x42, 0x9B, 0x42, 0x9A, 0x3A, 0x9A,
    0x42, 0x9B, 0x42, 0x9B, 0x42, 0x9B, 0x3A, 0x9A, 0x3A, 0x7A, 0x3A, 0x7A, 0x3A, 0x7A, 0x3A, 0x7B,
    0x3A, 0x9B, 0x3A, 0x7B, 0x3A, 0x7A, 0x3A, 0x7A, 0x32, 0x16, 0x00, 0x00, 0x63, 0x9A, 0x7C, 0x7F,
    0x7C, 0x5F, 0x74, 0x5F, 0x74, 0x3F, 0x74, 0x5F, 0x74, 0x5F, 0x74, 0x5F, 0x74, 0x5F, 0x7C, 0x7F,
    0x7C, 0x7F, 0x7C, 0x9F, 0x7C, 0x7F, 0x7C, 0x7F, 0x7C, 0x7F, 0x84, 0x9F, 0x84, 0x9F, 0x7C, 0x7F,
    0x74, 0x5F, 0x7C, 0x5F, 0x7C, 0x5F, 0x7C, 0x7F, 0x7C, 0x7F, 0x74, 0x5F, 0x74, 0x3F, 0x74, 0x3F,
    0x74, 0x5F, 0x74, 0x5F, 0x74, 0x5F, 0x74, 0x5F, 0x7C, 0x5F, 0x7C, 0x7F, 0x7C, 0x7F, 0x7C, 0x7F,
    0x7C, 0x5F, 0x7C, 0x5F, 0x7C, 0x7F, 0x7C, 0x7F, 0x7C, 0x7F, 0x7C, 0x5F, 0x74, 0x5F, 0x7C, 0x5F,
    0x7C, 0x7F, 0x7C, 0x5F, 0x74, 0x3F, 0x74, 0x3F, 0x74, 0x5F, 0x74, 0x5F, 0x74, 0x3F, 0x74, 0x5F,
    0x7C, 0x5F, 0x74, 0x5F, 0x7C, 0x7F, 0x7C, 0x5F, 0x7C, 0x5F, 0x7C, 0x7F, 0x84, 0x9F, 0x84, 0x9F,
    0x7C, 0x9F, 0x7C, 0x7F, 0x7C, 0x7F, 0x7C, 0x5F, 0x7C, 0x5F, 0x7C, 0x5F, 0x74, 0x5F, 0x74, 0x5F,
    0x74, 0x5F, 0x74, 0x5F, 0x74, 0x5F, 0x74, 0x5F, 0x7C, 0x7F, 0x7C, 0x7F, 0x7C, 0x5F, 0x7C, 0x7F,
    0x7C, 0x5F, 0x7C, 0x7F, 0x7C, 0x7F, 0x7C, 0x7F, 0x7C, 0x7F, 0x7C, 0x7F, 0x7C, 0x7F, 0x7C, 0x7F,
    0x3A, 0x7B, 0x3A, 0x7A, 0x3A, 0x7A, 0x3A, 0x7A, 0x3A, 0x7A, 0x3A, 0x7A, 0x3A, 0x9B, 0x3A, 0x7B,
    0x3A, 0x7A, 0x3A, 0x9B, 0x3A, 0x9C, 0x3A, 0x9B, 0x3A, 0x7A, 0x3A, 0x7B, 0x3A, 0x9B, 0x3A, 0x9B,
    0x3A, 0x9B, 0x3A, 0x7B, 0x3A, 0x7A, 0x3A, 0x9B, 0x3A, 0x7B, 0x3A, 0x9B, 0x3A, 0x7B, 0x3A, 0x7A,
    0x3A, 0x7A, 0x3A, 0x7A, 0x3A, 0x9A, 0x3A, 0x7A, 0x3A, 0x59, 0x3A, 0x59, 0x3A, 0x7A, 0x42, 0x9B,
    0x3A, 0x9A, 0x3A, 0x79, 0x3A, 0x79, 0x3A, 0x9A, 0x42, 0x9B, 0x3A, 0x9A, 0x3A, 0x7A, 0x3A, 0x79,
    0x3A, 0x79, 0x3A, 0x9A, 0x42, 0x9B, 0x3A, 0x9B, 0x3A, 0x9A, 0x3A, 0x9B, 0x42, 0xBC, 0x42, 0xBB,
    0x3A, 0x9A, 0x3A, 0x9B, 0x3A, 0x9B, 0x3A, 0x9A, 0x42, 0x9B, 0x3A, 0x9B, 0x3A, 0x9A, 0x42, 0xBC,
    0x42, 0xBC, 0x3A, 0x9B, 0x3A, 0x9B, 0x3A, 0x7A, 0x3A, 0x7A, 0x3A, 0x7A, 0x3A, 0x7A, 0x3A, 0x7A,
    0x3A, 0x7B, 0x3A, 0x9B, 0x3A, 0x9B, 0x3A, 0x9B, 0x3A, 0x9B, 0x3A, 0x9B, 0x3A, 0x7B, 0x3A, 0x7A,
    0x3A, 0x7A, 0x3A, 0x7A, 0x3A, 0x7A, 0x3A, 0x7A, 0x3A, 0x9B, 0x3A, 0x7B, 0x3A, 0x7A, 0x00, 0x00,
    0xAD, 0x75, 0x00, 0x00, 0x00, 0x00, 0x00, 0x00, 0x00, 0x00, 0x00, 0x00, 0x00, 0x00, 0x00, 0x00,
    0x00, 0x00, 0x00, 0x00, 0x00, 0x00, 0x00, 0x00, 0x00, 0x00, 0x00, 0x00, 0x00, 0x00, 0x00, 0x00,
    0x00, 0x00, 0x00, 0x00, 0x00, 0x00, 0x00, 0x00, 0x00, 0x00, 0x00, 0x00, 0x00, 0x00, 0x00, 0x00,
    0x00, 0x00, 0x00, 0x00, 0x00, 0x00, 0x00, 0x00, 0x00, 0x00, 0x00, 0x00, 0x00, 0x00, 0x00, 0x00,
    0x00, 0x00, 0x00, 0x00, 0x00, 0x00, 0x00, 0x00, 0x00, 0x00, 0x00, 0x00, 0x00, 0x00, 0x00, 0x00,
    0x00, 0x00, 0x00, 0x00, 0x00, 0x00, 0x00, 0x00, 0x00, 0x00, 0x00, 0x00, 0x00, 0x00, 0x00, 0x00,
    0x00, 0x00, 0x00, 0x00, 0x00, 0x00, 0x00, 0x00, 0x00, 0x00, 0x00, 0x00, 0x00, 0x00, 0x00, 0x00,
    0x00, 0x00, 0x00, 0x00, 0x00, 0x00, 0x00, 0x00, 0x00, 0x00, 0x00, 0x00, 0x00, 0x00, 0x00, 0x00,
    0x00, 0x00, 0x00, 0x00, 0x00, 0x00, 0x00, 0x00, 0x00, 0x00, 0x00, 0x00, 0x00, 0x00, 0x00, 0x00,
    0x00, 0x00, 0x00, 0x00, 0x00, 0x00, 0xAD, 0x75, 0x00, 0x00, 0x3A, 0x9B, 0x3A, 0x9B, 0x3A, 0x9B,
    0x42, 0x9B, 0x42, 0xBB, 0x3A, 0x9B, 0x3A, 0x9A, 0x3A, 0x9A, 0x3A, 0x9A, 0x3A, 0x9A, 0x3A, 0x9A,
    0x3A, 0x79, 0x3A, 0x79, 0x3A, 0x9A, 0x42, 0x9B, 0x3A, 0x9A, 0x3A, 0x79, 0x3A, 0x79, 0x3A, 0x9A,
    0x42, 0x9B, 0x3A, 0x7A, 0x3A, 0x7A, 0x3A, 0x59, 0x3A, 0x59, 0x3A, 0x7A, 0x3A, 0x7B, 0x3A, 0x7B,
    0x3A, 0x7A, 0x3A, 0x7B, 0x3A, 0x9B, 0x3A, 0x9B, 0x3A, 0x7A, 0x3A, 0x7B, 0x3A, 0x7B, 0x3A, 0x7A,
    0x3A, 0x7B, 0x3A, 0x7B, 0x3A, 0x7A, 0x3A, 0x9C, 0x42, 0x9C, 0x3A, 0x9B, 0x3A, 0x7B, 0x3A, 0x7A,
    0x3A, 0x7A, 0x3A, 0x7A, 0x3A, 0x7A, 0x3A, 0x7A, 0x3A, 0x7B, 0x3A, 0x9B, 0x3A, 0x9B, 0x3A, 0x9B,
    0x3A, 0x9B, 0x42, 0x9B, 0x3A, 0x9B, 0x3A, 0x9A, 0x3A, 0x7A, 0x3A, 0x7A, 0x3A, 0x7A, 0x3A, 0x9A,
    0x42, 0x9B, 0x3A, 0x9B, 0x3A, 0x9B, 0x42, 0xBB, 0x42, 0xBC, 0x42, 0xBB, 0x3A, 0x9A, 0x3A, 0x9B,
    0x42, 0xBB, 0x42, 0xBB, 0x42, 0xBB, 0x3A, 0x9B, 0x3A, 0x9B, 0x3A, 0x9B, 0x42, 0x9B, 0x42, 0x9B,
    0x3A, 0x9B, 0x3A, 0x7A, 0x3A, 0x7A, 0x3A, 0x7A, 0x32, 0x16, 0x00, 0x00, 0x63, 0xBA, 0x7C, 0x7F,
    0x7C, 0x5F, 0x74, 0x5F, 0x7C, 0x5F, 0x74, 0x5F, 0x7C, 0x5F, 0x7C, 0x7F, 0x7C, 0x5F, 0x7C, 0x7F,
    0x7C, 0x7F, 0x7C, 0x9F, 0x7C, 0x7F, 0x7C, 0x7F, 0x7C, 0x9F, 0x84, 0x9F, 0x84, 0x9F, 0x7C, 0x7F,
    0x7C, 0x7F, 0x7C, 0x7F, 0x7C, 0x7F, 0x7C, 0x7F, 0x7C, 0x7F, 0x7C, 0x5F, 0x74, 0x5F, 0x74, 0x3F,
    0x74, 0x3F, 0x74, 0x5F, 0x74, 0x3F, 0x74, 0x3F, 0x7C, 0x7F, 0x7C, 0x7F, 0x7C, 0x7F, 0x7C, 0x5F,
    0x7C, 0x5F, 0x7C, 0x7F, 0x84, 0x9F, 0x7C, 0x7F, 0x7C, 0x7F, 0x7C, 0x5F, 0x7C, 0x5F, 0x7C, 0x7F,
    0x7C, 0x7F, 0x7C, 0x5F, 0x7C, 0x5F, 0x7C, 0x5F, 0x7C, 0x5F, 0x7C, 0x5F, 0x7C, 0x5F, 0x7C, 0x7F,
    0x7C, 0x7F, 0x7C, 0x7F, 0x7C, 0x7F, 0x7C, 0x7F, 0x7C, 0x7F, 0x84, 0x9F, 0x84, 0x9F, 0x84, 0x9F,
    0x7C, 0x7F, 0x7C, 0x7F, 0x7C, 0x5F, 0x7C, 0x5F, 0x7C, 0x5F, 0x7C, 0x7F, 0x7C, 0x5F, 0x7C, 0x7F,
    0x7C, 0x5F, 0x7C, 0x5F, 0x7C, 0x7F, 0x7C, 0x7F, 0x7C, 0x7F, 0x7C, 0x7F, 0x7C, 0x7F, 0x7C, 0x5F,
    0x7C, 0x7F, 0x7C, 0x7F, 0x7C, 0x9F, 0x84, 0x9F, 0x7C, 0x7F, 0x7C, 0x9F, 0x7C, 0x9F, 0x7C, 0x7F,
    0x3A, 0x7B, 0x3A, 0x7A, 0x3A, 0x7A, 0x3A, 0x7A, 0x3A, 0x9B, 0x3A, 0x9B, 0x42, 0xBC, 0x3A, 0x9B,
    0x3A, 0x7B, 0x3A, 0x7B, 0x3A, 0x7B, 0x3A, 0x7B, 0x3A, 0x7A, 0x3A, 0x7B, 0x3A, 0x9C, 0x3A, 0x9C,
    0x3A, 0x7B, 0x3A, 0x7B, 0x3A, 0x7B, 0x3A, 0x7B, 0x3A, 0x7B, 0x3A, 0x7A, 0x3A, 0x7A, 0x3A, 0x7A,
    0x3A, 0x7B, 0x3A, 0x9B, 0x3A, 0x7B, 0x3A, 0x7A, 0x3A, 0x7A, 0x3A, 0x7B, 0x3A, 0x9B, 0x3A, 0x9B,
    0x3A, 0x7A, 0x3A, 0x59, 0x3A, 0x7A, 0x3A, 0x7B, 0x42, 0x9B, 0x3A, 0x7A, 0x3A, 0x79, 0x3A, 0x7A,
    0x3A, 0x9A, 0x3A, 0x9B, 0x3A, 0x9B, 0x3A, 0x9B, 0x42, 0x9B, 0x42, 0x9B, 0x42, 0xBC, 0x42, 0xBB,
    0x3A, 0x9A, 0x3A, 0x9A, 0x3A, 0x9B, 0x3A, 0x9B, 0x3A, 0x7B, 0x3A, 0x7A, 0x3A, 0x7B, 0x3A, 0x9C,
    0x3A, 0x7B, 0x3A, 0x7A, 0x3A, 0x7A, 0x3A, 0x59, 0x3A, 0x59, 0x3A, 0x7A, 0x3A, 0x7B, 0x3A, 0x7B,
    0x3A, 0x7B, 0x3A, 0x7B, 0x3A, 0x7B, 0x3A, 0x7B, 0x3A, 0x7B, 0x3A, 0x7B, 0x3A, 0x7A, 0x3A, 0x5A,
    0x3A, 0x59, 0x3A, 0x5A, 0x3A, 0x9B, 0x3A, 0x9B, 0x3A, 0x9C, 0x3A, 0x9B, 0x3A, 0x7B, 0x00, 0x00,
    0xAD, 0x75, 0x00, 0x00, 0x00, 0x00, 0x00, 0x00, 0x00, 0x00, 0x00, 0x00, 0x00, 0x00, 0x00, 0x00,
    0x00, 0x00, 0x00, 0x00, 0x00, 0x00, 0x00, 0x00, 0x00, 0x00, 0x00, 0x00, 0x00, 0x00, 0x00, 0x00,
    0x00, 0x00, 0x00, 0x00, 0x00, 0x00, 0x00, 0x00, 0x00, 0x00, 0x00, 0x00, 0x00, 0x00, 0x00, 0x00,
    0x00, 0x00, 0x00, 0x00, 0x00, 0x00, 0x00, 0x00, 0x00, 0x00, 0x00, 0x00, 0x00, 0x00, 0x00, 0x00,
    0x00, 0x00, 0x00, 0x00, 0x00, 0x00, 0x00, 0x00, 0x00, 0x00, 0x00, 0x00, 0x00, 0x00, 0x00, 0x00,
    0x00, 0x00, 0x00, 0x00, 0x00, 0x00, 0x00, 0x00, 0x00, 0x00, 0x00, 0x00, 0x00, 0x00, 0x00, 0x00,
    0x00, 0x00, 0x00, 0x00, 0x00, 0x00, 0x00, 0x00, 0x00, 0x00, 0x00, 0x00, 0x00, 0x00, 0x00, 0x00,
    0x00, 0x00, 0x00, 0x00, 0x00, 0x00, 0x00, 0x00, 0x00, 0x00, 0x00, 0x00, 0x00, 0x00, 0x00, 0x00,
    0x00, 0x00, 0x00, 0x00, 0x00, 0x00, 0x00, 0x00, 0x00, 0x00, 0x00, 0x00, 0x00, 0x00, 0x00, 0x00,
    0x00, 0x00, 0x00, 0x00, 0x00, 0x00, 0xAD, 0x75, 0x00, 0x00, 0x42, 0x9B, 0x3A, 0x9B, 0x42, 0x9B,
    0x42, 0x9B, 0x3A, 0x9B, 0x3A, 0x9A, 0x3A, 0x9A, 0x42, 0x9B, 0x42, 0xBB, 0x42, 0x9B, 0x3A, 0x9B,
    0x3A, 0x9A, 0x3A, 0x9B, 0x3A, 0x9B, 0x3A, 0x9B, 0x3A, 0x7A, 0x3A, 0x59, 0x3A, 0x7A, 0x3A, 0x7B,
    0x3A, 0x9B, 0x3A, 0x9A, 0x3A, 0x59, 0x3A, 0x7A, 0x3A, 0x7A, 0x3A, 0x7B, 0x3A, 0x7B, 0x3A, 0x7B,
    0x3A, 0x7B, 0x3A, 0x7B, 0x3A, 0x9C, 0x3A, 0x9B, 0x3A, 0x7A, 0x3A, 0x7A, 0x3A, 0x7B, 0x3A, 0x7A,
    0x3A, 0x7B, 0x3A, 0x7A, 0x3A, 0x7B, 0x3A, 0x9B, 0x3A, 0x7B, 0x3A, 0x5A, 0x3A, 0x5A, 0x3A, 0x59,
    0x3A, 0x59, 0x3A, 0x7A, 0x3A, 0x7A, 0x3A, 0x7B, 0x3A, 0x7B, 0x3A, 0x7B, 0x3A, 0x9B, 0x3A, 0x9B,
    0x3A, 0x7B, 0x3A, 0x7B, 0x3A, 0x7A, 0x3A, 0x7A, 0x3A, 0x7A, 0x3A, 0x7A, 0x3A, 0x9B, 0x3A, 0x9C,
    0x42, 0xBC, 0x42, 0x9B, 0x42, 0x9B, 0x42, 0x9B, 0x42, 0x9B, 0x3A, 0x9B, 0x42, 0x9A, 0x42, 0x9B,
    0x42, 0xBC, 0x42, 0xBC, 0x42, 0x9B, 0x42, 0x9B, 0x3A, 0x9B, 0x3A, 0x7B, 0x3A, 0x7B, 0x3A, 0x7B,
    0x3A, 0x7A, 0x3A, 0x7A, 0x3A, 0x9B, 0x3A, 0x9B, 0x32, 0x16, 0x00, 0x00, 0x63, 0x9A, 0x74, 0x5F,
    0x74, 0x5F, 0x74, 0x5F, 0x74, 0x5F, 0x7C, 0x5F, 0x7C, 0x5F, 0x7C, 0x5F, 0x74, 0x5F, 0x7C, 0x7F,
    0x7C, 0x7F, 0x7C, 0x7F, 0x7C, 0x7F, 0x7C, 0x9F, 0x7C, 0x9F, 0x84, 0x9F, 0x84, 0x9F, 0x7C, 0x7F,
    0x7C, 0x7F, 0x7C, 0x7F, 0x7C, 0x7F, 0x7C, 0x5F, 0x7C, 0x5F, 0x74, 0x5F, 0x7C, 0x5F, 0x7C, 0x5F,
    0x74, 0x5F, 0x74, 0x5F, 0x74, 0x5F, 0x7C, 0x5F, 0x7C, 0x7F, 0x7C, 0x7F, 0x7C, 0x7F, 0x74, 0x5F,
    0x7C, 0x5F, 0x7C, 0x7F, 0x7C, 0x9F, 0x7C, 0x7F, 0x7C, 0x5F, 0x74, 0x5F, 0x7C, 0x7F, 0x7C, 0x7F,
    0x7C, 0x7F, 0x7C, 0x7F, 0x74, 0x5F, 0x74, 0x5F, 0x7C, 0x5F, 0x7C, 0x5F, 0x74, 0x3F, 0x74, 0x5F,
    0x7C, 0x7F, 0x7C, 0x5F, 0x7C, 0x7F, 0x7C, 0x7F, 0x7C, 0x7F, 0x7C, 0x9F, 0x7C, 0x7F, 0x7C, 0x7F,
    0x7C, 0x5F, 0x74, 0x5F, 0x7C, 0x5F, 0x7C, 0x5F, 0x7C, 0x5F, 0x7C, 0x7F, 0x7C, 0x5F, 0x7C, 0x5F,
    0x74, 0x5F, 0x74, 0x5F, 0x74, 0x5F, 0x74, 0x5F, 0x7C, 0x5F, 0x74, 0x5F, 0x74, 0x5F, 0x7C, 0x7F,
    0x7C, 0x7F, 0x7C, 0x9F, 0x7C, 0x9F, 0x84, 0x9F, 0x7C, 0x7F, 0x7C, 0x7F, 0x7C, 0x7F, 0x7C, 0x7F,
    0x3A, 0x7B, 0x3A, 0x7A, 0x3A, 0x7B, 0x3A, 0x9C, 0x42, 0xBC, 0x3A, 0x9C, 0x3A, 0x9B, 0x3A, 0x7B,
    0x3A, 0x7B, 0x3A, 0x7B, 0x3A, 0x7B, 0x3A, 0x5A, 0x3A, 0x5A, 0x3A, 0x7B, 0x3A, 0x7B, 0x3A, 0x7B,
    0x3A, 0x7B, 0x3A, 0x7B, 0x3A, 0x7B, 0x3A, 0x7B, 0x3A, 0x7B, 0x3A, 0x5A, 0x3A, 0x7B, 0x3A, 0x7B,
    0x3A, 0x9C, 0x3A, 0x9C, 0x3A, 0x9B, 0x3A, 0x7B, 0x3A, 0x9B, 0x3A, 0x9C, 0x3A, 0x9C, 0x3A, 0x9B,
    0x3A, 0x7A, 0x3A, 0x5A, 0x3A, 0x7B, 0x3A, 0x9C, 0x3A, 0x9B, 0x3A, 0x7A, 0x3A, 0x7A, 0x3A, 0x7B,
    0x3A, 0x9B, 0x3A, 0x7B, 0x3A, 0x7B, 0x42, 0x9B, 0x42, 0x9B, 0x42, 0x9B, 0x42, 0xBC, 0x3A, 0x9B,
    0x3A, 0x7A, 0x3A, 0x7A, 0x3A, 0x7B, 0x3A, 0x7A, 0x3A, 0x7A, 0x3A, 0x5A, 0x3A, 0x7A, 0x3A, 0x7A,
    0x3A, 0x7A, 0x3A, 0x7A, 0x3A, 0x7A, 0x3A, 0x7A, 0x3A, 0x7A, 0x3A, 0x7B, 0x3A, 0x9B, 0x3A, 0x9B,
    0x3A, 0x7B, 0x3A, 0x7B, 0x3A, 0x7B, 0x3A, 0x7B, 0x3A, 0x5A, 0x32, 0x59, 0x32, 0x59, 0x3A, 0x5A,
    0x3A, 0x7B, 0x3A, 0x9C, 0x3A, 0x9C, 0x3A, 0x7C, 0x3A, 0x7B, 0x3A, 0x7B, 0x3A, 0x7B, 0x00, 0x00,
    0xAD, 0x75, 0x00, 0x00, 0x00, 0x00, 0x00, 0x00, 0x00, 0x00, 0x00, 0x00, 0x00, 0x00, 0x00, 0x00,
    0x00, 0x00, 0x00, 0x00, 0x00, 0x00, 0x00, 0x00, 0x00, 0x00, 0x00, 0x00, 0x00, 0x00, 0x00, 0x00,
    0x00, 0x00, 0x00, 0x00, 0x00, 0x00, 0x00, 0x00, 0x00, 0x00, 0x00, 0x00, 0x00, 0x00, 0x00, 0x00,
    0x00, 0x00, 0x00, 0x00, 0x00, 0x00, 0x00, 0x00, 0x00, 0x00, 0x00, 0x00, 0x00, 0x00, 0x00, 0x00,
    0x00, 0x00, 0x00, 0x00, 0x00, 0x00, 0x00, 0x00, 0x00, 0x00, 0x00, 0x00, 0x00, 0x00, 0x00, 0x00,
    0x00, 0x00, 0x00, 0x00, 0x00, 0x00, 0x00, 0x00, 0x00, 0x00, 0x00, 0x00, 0x00, 0x00, 0x00, 0x00,
    0x00, 0x00, 0x00, 0x00, 0x00, 0x00, 0x00, 0x00, 0x00, 0x00, 0x00, 0x00, 0x00, 0x00, 0x00, 0x00,
    0x00, 0x00, 0x00, 0x00, 0x00, 0x00, 0x00, 0x00, 0x00, 0x00, 0x00, 0x00, 0x00, 0x00, 0x00, 0x00,
    0x00, 0x00, 0x00, 0x00, 0x00, 0x00, 0x00, 0x00, 0x00, 0x00, 0x00, 0x00, 0x00, 0x00, 0x00, 0x00,
    0x00, 0x00, 0x00, 0x00, 0x00, 0x00, 0xAD, 0x75, 0x00, 0x00, 0x3A, 0x9B, 0x3A, 0x7B, 0x3A, 0x7B,
    0x3A, 0x9B, 0x3A, 0x9B, 0x3A, 0x9B, 0x42, 0xBC, 0x42, 0xBC, 0x42, 0x9C, 0x42, 0xBB, 0x42, 0x9B,
    0x3A, 0x9B, 0x42, 0x9C, 0x42, 0x9C, 0x3A, 0x9B, 0x3A, 0x7A, 0x3A, 0x5A, 0x3A, 0x7B, 0x3A, 0x9C,
    0x3A, 0x9B, 0x3A, 0x7A, 0x3A, 0x5A, 0x3A, 0x7B, 0x3A, 0x7B, 0x3A, 0x7B, 0x3A, 0x7B, 0x3A, 0x7B,
    0x3A, 0x9B, 0x3A, 0x9B, 0x3A, 0x7B, 0x3A, 0x7B, 0x3A, 0x5A, 0x3A, 0x5A, 0x3A, 0x7B, 0x3A, 0x5A,
    0x3A, 0x5A, 0x3A, 0x5A, 0x3A, 0x5A, 0x3A, 0x5A, 0x3A, 0x5A, 0x3A, 0x5A, 0x3A, 0x5A, 0x3A, 0x5A,
    0x3A, 0x7A, 0x3A, 0x7B, 0x3A, 0x7B, 0x3A, 0x9B, 0x3A, 0x7B, 0x3A, 0x7B, 0x3A, 0x9B, 0x3A, 0x7A,
    0x3A, 0x7A, 0x3A, 0x59, 0x3A, 0x59, 0x3A, 0x7A, 0x3A, 0x7B, 0x42, 0xBC, 0x42, 0xBD, 0x3A, 0x9C,
    0x3A, 0x9C, 0x3A, 0x9B, 0x3A, 0x7B, 0x3A, 0x9B, 0x3A, 0x9B, 0x3A, 0x9A, 0x3A, 0x7A, 0x3A, 0x7B,
    0x42, 0x9B, 0x42, 0x9B, 0x3A, 0x9B, 0x3A, 0x9B, 0x3A, 0x7B, 0x3A, 0x7B, 0x3A, 0x7B, 0x3A, 0x7A,
    0x3A, 0x7B, 0x3A, 0x9B, 0x3A, 0x9C, 0x3A, 0x9C, 0x32, 0x16, 0x00, 0x00, 0x63, 0x9A, 0x74, 0x3F,
    0x74, 0x5F, 0x7C, 0x7F, 0x7C, 0x5F, 0x74, 0x5F, 0x74, 0x5F, 0x74, 0x5F, 0x74, 0x5F, 0x7C, 0x5F,
    0x7C, 0x5F, 0x7C, 0x5F, 0x74, 0x5F, 0x7C, 0x7F, 0x7C, 0x7F, 0x7C, 0x9F, 0x7C, 0x9F, 0x7C, 0x7F,
    0x7C, 0x7F, 0x7C, 0x7F, 0x7C, 0x7F, 0x74, 0x5F, 0x74, 0x5F, 0x7C, 0x5F, 0x7C, 0x5F, 0x74, 0x5F,
    0x74, 0x5F, 0x74, 0x5F, 0x74, 0x5F, 0x7C, 0x7F, 0x7C, 0x7F, 0x7C, 0x7F, 0x7C, 0x5F, 0x74, 0x5F,
    0x7C, 0x7F, 0x7C, 0x9F, 0x7C, 0x9F, 0x7C, 0x7F, 0x74, 0x5F, 0x7C, 0x7F, 0x7C, 0x7F, 0x74, 0x5F,
    0x74, 0x5F, 0x74, 0x5F, 0x74, 0x5F, 0x74, 0x3F, 0x74, 0x5F, 0x74, 0x3F, 0x74, 0x3F, 0x74, 0x3F,
    0x74, 0x5F, 0x74, 0x5F, 0x7C, 0x5F, 0x74, 0x5F, 0x7C, 0x5F, 0x7C, 0x7F, 0x7C, 0x7F, 0x7C, 0x7F,
    0x7C, 0x7F, 0x7C, 0x5F, 0x7C, 0x5F, 0x7C, 0x7F, 0x7C, 0x5F, 0x74, 0x5F, 0x74, 0x5F, 0x74, 0x5F,
    0x74, 0x3F, 0x74, 0x3F, 0x74, 0x3F, 0x74, 0x3F, 0x74, 0x3F, 0x74, 0x3F, 0x7C, 0x7F, 0x7C, 0x9F,
    0x7C, 0x9F, 0x7C, 0x9F, 0x7C, 0x9F, 0x7C, 0x7F, 0x7C, 0x7F, 0x7C, 0x7F, 0x7C, 0x7F, 0x7C, 0x7F,
    0x3A, 0x7B, 0x3A, 0x7B, 0x3A, 0x9C, 0x3A, 0x9D, 0x3A, 0x9C, 0x3A, 0x5A, 0x3A, 0x5A, 0x3A, 0x5A,
    0x3A, 0x5A, 0x3A, 0x7B, 0x3A, 0x7B, 0x32, 0x5A, 0x32, 0x59, 0x32, 0x5A, 0x32, 0x5A, 0x3A, 0x5A,
    0x32, 0x5A, 0x32, 0x5A, 0x32, 0x59, 0x32, 0x59, 0x32, 0x59, 0x3A, 0x5A, 0x3A, 0x7B, 0x3A, 0x7B,
    0x3A, 0x5A, 0x3A, 0x5A, 0x32, 0x59, 0x32, 0x59, 0x3A, 0x7B, 0x3A, 0x7C, 0x3A, 0x7B, 0x3A, 0x5A,
    0x3A, 0x5A, 0x3A, 0x7A, 0x3A, 0x7B, 0x3A, 0x9B, 0x3A, 0x7B, 0x3A, 0x7A, 0x3A, 0x7A, 0x3A, 0x7B,
    0x3A, 0x7B, 0x3A, 0x9B, 0x3A, 0x9C, 0x42, 0xBC, 0x42, 0x9C, 0x3A, 0x9B, 0x3A, 0x9B, 0x3A, 0x7B,
    0x3A, 0x7A, 0x3A, 0x7A, 0x3A, 0x9B, 0x3A, 0x7B, 0x3A, 0x7B, 0x3A, 0x7B, 0x3A, 0x7B, 0x3A, 0x9B,
    0x3A, 0x7B, 0x3A, 0x9C, 0x3A, 0x7C, 0x3A, 0x7B, 0x3A, 0x7B, 0x3A, 0x7B, 0x3A, 0x7B, 0x3A, 0x7B,
    0x3A, 0x7B, 0x3A, 0x7B, 0x3A, 0x7C, 0x3A, 0x7B, 0x3A, 0x5A, 0x32, 0x5A, 0x32, 0x5A, 0x3A, 0x7B,
    0x3A, 0x9C, 0x3A, 0x9D, 0x3A, 0x9C, 0x3A, 0x5A, 0x32, 0x5A, 0x32, 0x5A, 0x3A, 0x5A, 0x00, 0x00,
    0xAD, 0x75, 0x00, 0x00, 0x00, 0x00, 0x00, 0x00, 0x00, 0x00, 0x00, 0x00, 0x00, 0x00, 0x00, 0x00,
    0x00, 0x00, 0x00, 0x00, 0x00, 0x00, 0x00, 0x00, 0x00, 0x00, 0x00, 0x00, 0x00, 0x00, 0x00, 0x00,
    0x00, 0x00, 0x00, 0x00, 0x00, 0x00, 0x00, 0x00, 0x00, 0x00, 0x00, 0x00, 0x00, 0x00, 0x00, 0x00,
    0x00, 0x00, 0x00, 0x00, 0x00, 0x00, 0x00, 0x00, 0x00, 0x00, 0x00, 0x00, 0x00, 0x00, 0x00, 0x00,
    0x00, 0x00, 0x00, 0x00, 0x00, 0x00, 0x00, 0x00, 0x00, 0x00, 0x00, 0x00, 0x00, 0x00, 0x00, 0x00,
    0x00, 0x00, 0x00, 0x00, 0x00, 0x00, 0x00, 0x00, 0x00, 0x00, 0x00, 0x00, 0x00, 0x00, 0x00, 0x00,
    0x00, 0x00, 0x00, 0x00, 0x00, 0x00, 0x00, 0x00, 0x00, 0x00, 0x00, 0x00, 0x00, 0x00, 0x00, 0x00,
    0x00, 0x00, 0x00, 0x00, 0x00, 0x00, 0x00, 0x00, 0x00, 0x00, 0x00, 0x00, 0x00, 0x00, 0x00, 0x00,
    0x00, 0x00, 0x00, 0x00, 0x00, 0x00, 0x00, 0x00, 0x00, 0x00, 0x00, 0x00, 0x00, 0x00, 0x00, 0x00,
    0x00, 0x00, 0x00, 0x00, 0x00, 0x00, 0xAD, 0x75, 0x00, 0x00, 0x3A, 0x7A, 0x3A, 0x59, 0x3A, 0x7A,
    0x3A, 0x59, 0x3A, 0x7A, 0x3A, 0x7B, 0x3A, 0x9B, 0x3A, 0x7B, 0x3A, 0x7A, 0x3A, 0x59, 0x3A, 0x7A,
    0x3A, 0x7B, 0x3A, 0x9C, 0x3A, 0x9B, 0x3A, 0x7A, 0x3A, 0x7A, 0x3A, 0x7A, 0x3A, 0x7B, 0x3A, 0x7B,
    0x3A, 0x7B, 0x3A, 0x5A, 0x3A, 0x5A, 0x3A, 0x7B, 0x3A, 0x7B, 0x3A, 0x7B, 0x3A, 0x7C, 0x3A, 0x9C,
    0x3A, 0x7C, 0x3A, 0x7B, 0x3A, 0x7B, 0x3A, 0x7B, 0x3A, 0x5A, 0x32, 0x5A, 0x3A, 0x7B, 0x3A, 0x7B,
    0x3A, 0x7B, 0x3A, 0x7B, 0x3A, 0x7B, 0x3A, 0x7B, 0x3A, 0x7B, 0x3A, 0x7C, 0x3A, 0x7C, 0x3A, 0x7B,
    0x3A, 0x7B, 0x3A, 0x7B, 0x3A, 0x7B, 0x3A, 0x7B, 0x3A, 0x7B, 0x3A, 0x7B, 0x3A, 0x7C, 0x3A, 0x7B,
    0x3A, 0x5A, 0x3A, 0x5A, 0x3A, 0x5A, 0x3A, 0x7B, 0x3A, 0x9C, 0x42, 0xBD, 0x42, 0x9C, 0x3A, 0x7A,
    0x3A, 0x7A, 0x3A, 0x7A, 0x3A, 0x7A, 0x3A, 0x9B, 0x3A, 0x7B, 0x3A, 0x7A, 0x3A, 0x7A, 0x3A, 0x7A,
    0x3A, 0x7A, 0x3A, 0x7A, 0x3A, 0x7A, 0x3A, 0x7A, 0x3A, 0x59, 0x3A, 0x59, 0x3A, 0x59, 0x3A, 0x5A,
    0x3A, 0x7B, 0x3A, 0x7B, 0x3A, 0x5A, 0x3A, 0x5A, 0x31, 0xF6, 0x00, 0x00, 0x63, 0x9A, 0x74, 0x5F,
    0x74, 0x5F, 0x7C, 0x7F, 0x74, 0x5F, 0x74, 0x3F, 0x74, 0x3F, 0x74, 0x3F, 0x74, 0x3F, 0x74, 0x5F,
    0x74, 0x5F, 0x74, 0x3F, 0x74, 0x5F, 0x7C, 0x5F, 0x7C, 0x5F, 0x74, 0x5F, 0x7C, 0x5F, 0x7C, 0x5F,
    0x74, 0x5F, 0x74, 0x5F, 0x74, 0x3F, 0x74, 0x3F, 0x74, 0x5F, 0x74, 0x5F, 0x74, 0x3F, 0x74, 0x1F,
    0x6C, 0x1F, 0x74, 0x1F, 0x74, 0x3F, 0x7C, 0x7F, 0x7C, 0x5F, 0x74, 0x5F, 0x74, 0x5F, 0x7C, 0x5F,
    0x7C, 0x7F, 0x7C, 0x7F, 0x7C, 0x7F, 0x7C, 0x5F, 0x7C, 0x5F, 0x7C, 0x7F, 0x7C, 0x5F, 0x7C, 0x5F,
    0x7C, 0x5F, 0x74, 0x5F, 0x74, 0x5F, 0x74, 0x3F, 0x74, 0x3F, 0x74, 0x3F, 0x74, 0x3F, 0x74, 0x3F,
    0x74, 0x5F, 0x7C, 0x5F, 0x74, 0x5F, 0x7C, 0x7F, 0x7C, 0x7F, 0x7C, 0x7F, 0x7C, 0x7F, 0x7C, 0x9F,
    0x7C, 0x9F, 0x7C, 0x7F, 0x7C, 0x7F, 0x7C, 0x5F, 0x74, 0x5F, 0x74, 0x5F, 0x74, 0x5F, 0x74, 0x5F,
    0x74, 0x5F, 0x74, 0x3F, 0x74, 0x3F, 0x74, 0x1F, 0x74, 0x3F, 0x74, 0x5F, 0x7C, 0x7F, 0x7C, 0x9F,
    0x7C, 0x9F, 0x7C, 0x5F, 0x7C, 0x5F, 0x7C, 0x5F, 0x7C, 0x7F, 0x7C, 0x7F, 0x7C, 0x7F, 0x74, 0x5F,
    0x3A, 0x7B, 0x3A, 0x9C, 0x3A, 0x9D, 0x3A, 0x7C, 0x3A, 0x5A, 0x32, 0x39, 0x32, 0x59, 0x3A, 0x5A,
    0x3A, 0x7B, 0x3A, 0x7B, 0x32, 0x5A, 0x32, 0x39, 0x32, 0x5A, 0x3A, 0x7B, 0x32, 0x5A, 0x32, 0x5A,
    0x32, 0x5A, 0x32, 0x39, 0x32, 0x38, 0x32, 0x59, 0x32, 0x59, 0x32, 0x5A, 0x3A, 0x7B, 0x3A, 0x7B,
    0x32, 0x59, 0x32, 0x39, 0x32, 0x5A, 0x3A, 0x5A, 0x3A, 0x7B, 0x3A, 0x7B, 0x32, 0x5A, 0x32, 0x38,
    0x32, 0x39, 0x3A, 0x5A, 0x3A, 0x7B, 0x3A, 0x5A, 0x3A, 0x5A, 0x3A, 0x5A, 0x3A, 0x5A, 0x3A, 0x7B,
    0x3A, 0x7B, 0x3A, 0x7C, 0x42, 0x9C, 0x42, 0xBD, 0x3A, 0x9C, 0x3A, 0x9B, 0x3A, 0x7B, 0x3A, 0x9B,
    0x3A, 0x7B, 0x3A, 0x5A, 0x3A, 0x7B, 0x3A, 0x7C, 0x3A, 0x7B, 0x3A, 0x7C, 0x3A, 0x7C, 0x3A, 0x9D,
    0x3A, 0x9D, 0x3A, 0x9D, 0x3A, 0x7C, 0x3A, 0x7B, 0x3A, 0x7B, 0x3A, 0x7B, 0x3A, 0x7B, 0x3A, 0x7B,
    0x3A, 0x7B, 0x3A, 0x7B, 0x3A, 0x7B, 0x3A, 0x5A, 0x32, 0x5A, 0x3A, 0x7B, 0x3A, 0x7B, 0x3A, 0x9C,
    0x3A, 0x9D, 0x3A, 0x7C, 0x3A, 0x5A, 0x32, 0x39, 0x32, 0x59, 0x3A, 0x5A, 0x3A, 0x7B, 0x00, 0x00,
    0xAD, 0x75, 0x00, 0x00, 0x00, 0x00, 0x00, 0x00, 0x00, 0x00, 0x00, 0x00, 0x00, 0x00, 0x00, 0x00,
    0x00, 0x00, 0x00, 0x00, 0x00, 0x00, 0x00, 0x00, 0x00, 0x00, 0x00, 0x00, 0x00, 0x00, 0x00, 0x00,
    0x00, 0x00, 0x00, 0x00, 0x00, 0x00, 0x00, 0x00, 0x00, 0x00, 0x00, 0x00, 0x00, 0x00, 0x00, 0x00,
    0x00, 0x00, 0x00, 0x00, 0x00, 0x00, 0x00, 0x00, 0x00, 0x00, 0x00, 0x00, 0x00, 0x00, 0x00, 0x00,
    0x00, 0x00, 0x00, 0x00, 0x00, 0x00, 0x00, 0x00, 0x00, 0x00, 0x00, 0x00, 0x00, 0x00, 0x00, 0x00,
    0x00, 0x00, 0x00, 0x00, 0x00, 0x00, 0x00, 0x00, 0x00, 0x00, 0x00, 0x00, 0x00, 0x00, 0x00, 0x00,
    0x00, 0x00, 0x00, 0x00, 0x00, 0x00, 0x00, 0x00, 0x00, 0x00, 0x00, 0x00, 0x00, 0x00, 0x00, 0x00,
    0x00, 0x00, 0x00, 0x00, 0x00, 0x00, 0x00, 0x00, 0x00, 0x00, 0x00, 0x00, 0x00, 0x00, 0x00, 0x00,
    0x00, 0x00, 0x00, 0x00, 0x00, 0x00, 0x00, 0x00, 0x00, 0x00, 0x00, 0x00, 0x00, 0x00, 0x00, 0x00,
    0x00, 0x00, 0x00, 0x00, 0x00, 0x00, 0xAD, 0x75, 0x00, 0x00, 0x32, 0x39, 0x32, 0x38, 0x3A, 0x59,
    0x3A, 0x59, 0x3A, 0x5A, 0x3A, 0x7B, 0x3A, 0x7B, 0x3A, 0x59, 0x3A, 0x59, 0x3A, 0x5A, 0x3A, 0x7A,
    0x3A, 0x7B, 0x3A, 0x7B, 0x3A, 0x5A, 0x32, 0x38, 0x32, 0x39, 0x3A, 0x5A, 0x3A, 0x7B, 0x32, 0x5A,
    0x32, 0x5A, 0x32, 0x5A, 0x3A, 0x5A, 0x3A, 0x7B, 0x3A, 0x7B, 0x3A, 0x7C, 0x3A, 0x9C, 0x3A, 0x9D,
    0x3A, 0x7C, 0x3A, 0x7B, 0x3A, 0x7B, 0x3A, 0x7B, 0x3A, 0x7B, 0x3A, 0x5A, 0x3A, 0x7B, 0x3A, 0x7C,
    0x3A, 0x7B, 0x3A, 0x7C, 0x3A, 0x7C, 0x3A, 0x9D, 0x3A, 0x9D, 0x3A, 0x9D, 0x3A, 0x7C, 0x3A, 0x7B,
    0x3A, 0x7B, 0x3A, 0x7B, 0x3A, 0x7B, 0x3A, 0x7B, 0x3A, 0x7B, 0x3A, 0x7B, 0x3A, 0x7B, 0x3A, 0x5A,
    0x32, 0x5A, 0x3A, 0x7B, 0x3A, 0x7B, 0x3A, 0x9C, 0x3A, 0x9D, 0x3A, 0x7C, 0x3A, 0x5A, 0x32, 0x39,
    0x32, 0x59, 0x3A, 0x5A, 0x3A, 0x7B, 0x3A, 0x7B, 0x3A, 0x5A, 0x3A, 0x59, 0x3A, 0x5A, 0x3A, 0x7B,
    0x3A, 0x5A, 0x3A, 0x7A, 0x3A, 0x5A, 0x32, 0x39, 0x32, 0x38, 0x32, 0x59, 0x32, 0x59, 0x3A, 0x5A,
    0x3A, 0x7B, 0x3A, 0x7B, 0x3A, 0x59, 0x32, 0x39, 0x29, 0xF6, 0x00, 0x00, 0x63, 0x7A, 0x7C, 0x5F,
    0x7C, 0x7F, 0x74, 0x5F, 0x74, 0x3F, 0x6C, 0x1F, 0x6C, 0x1F, 0x74, 0x3F, 0x74, 0x3F, 0x74, 0x3F,
    0x74, 0x3F, 0x74, 0x3F, 0x74, 0x3F, 0x74, 0x5F, 0x74, 0x5F, 0x7C, 0x5F, 0x74, 0x5F, 0x74, 0x3F,
    0x74, 0x1F, 0x74, 0x3F, 0x74, 0x3F, 0x74, 0x3F, 0x74, 0x3F, 0x74, 0x3F, 0x74, 0x1F, 0x6C, 0x1F,
    0x74, 0x1F, 0x74, 0x3F, 0x74, 0x3F, 0x74, 0x3F, 0x74, 0x3F, 0x74, 0x1F, 0x74, 0x3F, 0x74, 0x5F,
    0x74, 0x5F, 0x7C, 0x5F, 0x7C, 0x5F, 0x7C, 0x5F, 0x7C, 0x5F, 0x7C, 0x5F, 0x7C, 0x5F, 0x7C, 0x5F,
    0x74, 0x5F, 0x7C, 0x5F, 0x74, 0x5F, 0x74, 0x3F, 0x74, 0x3F, 0x74, 0x3F, 0x74, 0x3F, 0x74, 0x3F,
    0x74, 0x3F, 0x7C, 0x5F, 0x7C, 0x5F, 0x7C, 0x7F, 0x7C, 0x7F, 0x7C, 0x7F, 0x7C, 0x9F, 0x7C, 0x9F,
    0x7C, 0x7F, 0x7C, 0x5F, 0x74, 0x5F, 0x74, 0x5F, 0x74, 0x5F, 0x74, 0x3F, 0x74, 0x3F, 0x74, 0x5F,
    0x74, 0x5F, 0x74, 0x3F, 0x74, 0x3F, 0x74, 0x3F, 0x74, 0x5F, 0x7C, 0x7F, 0x7C, 0x7F, 0x7C, 0x7F,
    0x74, 0x5F, 0x74, 0x3F, 0x74, 0x3F, 0x7C, 0x5F, 0x7C, 0x7F, 0x7C, 0x7F, 0x74, 0x3F, 0x74, 0x5F,
    0x3A, 0x7B, 0x3A, 0x9D, 0x3A, 0x7C, 0x32, 0x5B, 0x32, 0x39, 0x32, 0x38, 0x32, 0x39, 0x3A, 0x5B,
    0x00, 0x00, 0x00, 0x00, 0x00, 0x00, 0x00, 0x00, 0x00, 0x00, 0x00, 0x00, 0x00, 0x00, 0x00, 0x00,
    0x00, 0x00, 0x00, 0x00, 0x00, 0x00, 0x00, 0x00, 0x00, 0x00, 0x00, 0x00, 0x00, 0x00, 0x00, 0x00,
    0x00, 0x00, 0x00, 0x00, 0x00, 0x00, 0x00, 0x00, 0x00, 0x00, 0x00, 0x00, 0x00, 0x00, 0x00, 0x00,
    0x00, 0x00, 0x00, 0x00, 0x00, 0x00, 0x00, 0x00, 0x00, 0x00, 0x00, 0x00, 0x00, 0x00, 0x00, 0x00,
    0x00, 0x00, 0x00, 0x00, 0x00, 0x00, 0x00, 0x00, 0x00, 0x00, 0x00, 0x00, 0x00, 0x00, 0x00, 0x00,
    0x00, 0x00, 0x00, 0x00, 0x00, 0x00, 0x00, 0x00, 0x00, 0x00, 0x00, 0x00, 0x00, 0x00, 0x00, 0x00,
    0x00, 0x00, 0x00, 0x00, 0x00, 0x00, 0x00, 0x00, 0x00, 0x00, 0x00, 0x00, 0x00, 0x00, 0x00, 0x00,
    0x00, 0x00, 0x00, 0x00, 0x00, 0x00, 0x00, 0x00, 0x00, 0x00, 0x00, 0x00, 0x00, 0x00, 0x00, 0x00,
    0x00, 0x00, 0x00, 0x00, 0x00, 0x00, 0x00, 0x00, 0x00, 0x00, 0x00, 0x00, 0x00, 0x00, 0x00, 0x00,
    0xAD, 0x75, 0x00, 0x00, 0x00, 0x00, 0x00, 0x00, 0x00, 0x00, 0x00, 0x00, 0x00, 0x00, 0x00, 0x00,
    0x00, 0x00, 0x00, 0x00, 0x00, 0x00, 0x00, 0x00, 0x00, 0x00, 0x00, 0x00, 0x00, 0x00, 0x00, 0x00,
    0x00, 0x00, 0x00, 0x00, 0x00, 0x00, 0x00, 0x00, 0x00, 0x00, 0x00, 0x00, 0x00, 0x00, 0x00, 0x00,
    0x00, 0x00, 0x00, 0x00, 0x00, 0x00, 0x00, 0x00, 0x00, 0x00, 0x00, 0x00, 0x00, 0x00, 0x00, 0x00,
    0x00, 0x00, 0x00, 0x00, 0x00, 0x00, 0x00, 0x00, 0x00, 0x00, 0x00, 0x00, 0x00, 0x00, 0x00, 0x00,
    0x00, 0x00, 0x00, 0x00, 0x00, 0x00, 0x00, 0x00, 0x00, 0x00, 0x00, 0x00, 0x00, 0x00, 0x00, 0x00,
    0x00, 0x00, 0x00, 0x00, 0x00, 0x00, 0x00, 0x00, 0x00, 0x00, 0x00, 0x00, 0x00, 0x00, 0x00, 0x00,
    0x00, 0x00, 0x00, 0x00, 0x00, 0x00, 0x00, 0x00, 0x00, 0x00, 0x00, 0x00, 0x00, 0x00, 0x00, 0x00,
    0x00, 0x00, 0x00, 0x00, 0x00, 0x00, 0x00, 0x00, 0x00, 0x00, 0x00, 0x00, 0x00, 0x00, 0x00, 0x00,
    0x00, 0x00, 0x00, 0x00, 0x00, 0x00, 0xAD, 0x75, 0x21, 0x04, 0x00, 0x00, 0x00, 0x00, 0x00, 0x00,
    0x00, 0x00, 0x00, 0x00, 0x00, 0x00, 0x00, 0x00, 0x00, 0x00, 0x00, 0x00, 0x00, 0x00, 0x00, 0x00,
    0x00, 0x00, 0x00, 0x00, 0x00, 0x00, 0x00, 0x00, 0x00, 0x00, 0x00, 0x00, 0x00, 0x00, 0x00, 0x00,
    0x00, 0x00, 0x00, 0x00, 0x00, 0x00, 0x00, 0x00, 0x00, 0x00, 0x00, 0x00, 0x00, 0x00, 0x00, 0x00,
    0x00, 0x00, 0x00, 0x00, 0x00, 0x00, 0x00, 0x00, 0x00, 0x00, 0x00, 0x00, 0x00, 0x00, 0x00, 0x00,
    0x00, 0x00, 0x00, 0x00, 0x00, 0x00, 0x00, 0x00, 0x00, 0x00, 0x00, 0x00, 0x00, 0x00, 0x00, 0x00,
    0x00, 0x00, 0x00, 0x00, 0x00, 0x00, 0x00, 0x00, 0x00, 0x00, 0x00, 0x00, 0x00, 0x00, 0x00, 0x00,
    0x00, 0x00, 0x00, 0x00, 0x00, 0x00, 0x00, 0x00, 0x00, 0x00, 0x00, 0x00, 0x00, 0x00, 0x00, 0x00,
    0x00, 0x00, 0x00, 0x00, 0x00, 0x00, 0x00, 0x00, 0x00, 0x00, 0x00, 0x00, 0x00, 0x00, 0x00, 0x00,
    0x00, 0x00, 0x00, 0x00, 0x00, 0x00, 0x00, 0x00, 0x3A, 0x5A, 0x3A, 0x7B, 0x3A, 0x7B, 0x3A, 0x7C,
    0x3A, 0x9C, 0x3A, 0x9C, 0x3A, 0x7B, 0x3A, 0x7B, 0x29, 0xF6, 0x00, 0x00, 0x5B, 0x7A, 0x74, 0x5F,
    0x74, 0x5F, 0x74, 0x3F, 0x6C, 0x1F, 0x6B, 0xFF, 0x6C, 0x1F, 0x74, 0x3F, 0x74, 0x3F, 0x74, 0x3F,
    0x74, 0x3F, 0x74, 0x1F, 0x74, 0x5F, 0x7C, 0x5F, 0x7C, 0x5F, 0x7C, 0x7F, 0x7C, 0x5F, 0x74, 0x5F,
    0x74, 0x3F, 0x74, 0x5F, 0x74, 0x3F, 0x74, 0x5F, 0x74, 0x5F, 0x74, 0x5F, 0x74, 0x3F, 0x74, 0x3F,
    0x74, 0x5F, 0x74, 0x5F, 0x74, 0x5F, 0x74, 0x5F, 0x74, 0x3F, 0x74, 0x1F, 0x74, 0x3F, 0x74, 0x5F,
    0x74, 0x5F, 0x7C, 0x5F, 0x7C, 0x7F, 0x7C, 0x7F, 0x7C, 0x5F, 0x7C, 0x7F, 0x7C, 0x5F, 0x74, 0x5F,
    0x74, 0x5F, 0x74, 0x3F, 0x74, 0x3F, 0x74, 0x1F, 0x74, 0x3F, 0x74, 0x3F, 0x74, 0x3F, 0x74, 0x3F,
    0x74, 0x3F, 0x74, 0x5F, 0x74, 0x5F, 0x7C, 0x5F, 0x7C, 0x5F, 0x7C, 0x7F, 0x7C, 0x7F, 0x7C, 0x5F,
    0x74, 0x3F, 0x74, 0x3F, 0x74, 0x3F, 0x74, 0x3F, 0x74, 0x3F, 0x74, 0x3F, 0x74, 0x3F, 0x74, 0x3F,
    0x74, 0x1F, 0x6C, 0x1F, 0x6C, 0x1F, 0x74, 0x5F, 0x74, 0x5F, 0x74, 0x5F, 0x74, 0x5F, 0x74, 0x5F,
    0x74, 0x1F, 0x74, 0x1F, 0x74, 0x3F, 0x7C, 0x7F, 0x7C, 0x5F, 0x74, 0x5F, 0x74, 0x3F, 0x74, 0x3F,
    0x32, 0x5B, 0x3A, 0x7B, 0x32, 0x5A, 0x32, 0x39, 0x32, 0x19, 0x32, 0x39, 0x32, 0x3A, 0x00, 0x00,
    0xE7, 0x3C, 0xAD, 0x75, 0xAD, 0x75, 0xAD, 0x75, 0xAD, 0x75, 0xAD, 0x75, 0xAD, 0x75, 0xAD, 0x75,
    0xAD, 0x75, 0xAD, 0x75, 0xAD, 0x75, 0xAD, 0x75, 0xAD, 0x75, 0xAD, 0x75, 0xAD, 0x75, 0xAD, 0x75,
    0xAD, 0x75, 0xAD, 0x75, 0xAD, 0x75, 0xAD, 0x75, 0xAD, 0x75, 0xAD, 0x75, 0xAD, 0x75, 0xAD, 0x75,
    0xAD, 0x75, 0xAD, 0x75, 0xAD, 0x75, 0xAD, 0x75, 0xAD, 0x75, 0xAD, 0x75, 0xAD, 0x75, 0xAD, 0x75,
    0xAD, 0x75, 0xAD, 0x75, 0xAD, 0x75, 0xAD, 0x75, 0xAD, 0x75, 0xAD, 0x75, 0xAD, 0x75, 0xAD, 0x75,
    0xAD, 0x75, 0xAD, 0x75, 0xAD, 0x75, 0xAD, 0x75, 0xAD, 0x75, 0xAD, 0x75, 0xAD, 0x75, 0xAD, 0x75,
    0xAD, 0x75, 0xAD, 0x75, 0xAD, 0x75, 0xAD, 0x75, 0xAD, 0x75, 0xAD, 0x75, 0xAD, 0x75, 0xAD, 0x75,
    0xAD, 0x75, 0xAD, 0x75, 0xAD, 0x75, 0xAD, 0x75, 0xAD, 0x75, 0xAD, 0x75, 0xAD, 0x75, 0xAD, 0x75,
    0xAD, 0x75, 0xAD, 0x75, 0xAD, 0x75, 0xAD, 0x75, 0xAD, 0x75, 0xAD, 0x75, 0xAD, 0x75, 0xAD, 0x75,
    0xE7, 0x3C, 0x00, 0x00, 0x00, 0x00, 0x00, 0x00, 0x00, 0x00, 0x00, 0x00, 0x00, 0x00, 0x00, 0x00,
    0x00, 0x00, 0x00, 0x00, 0x00, 0x00, 0x00, 0x00, 0x00, 0x00, 0x00, 0x00, 0x00, 0x00, 0x00, 0x00,
    0x00, 0x00, 0x00, 0x00, 0x00, 0x00, 0x00, 0x00, 0x00, 0x00, 0x00, 0x00, 0x00, 0x00, 0x00, 0x00,
    0x00, 0x00, 0x00, 0x00, 0x00, 0x00, 0x00, 0x00, 0x00, 0x00, 0x00, 0x00, 0x00, 0x00, 0x00, 0x00,
    0x00, 0x00, 0x00, 0x00, 0x00, 0x00, 0x00, 0x00, 0x00, 0x00, 0x00, 0x00, 0x00, 0x00, 0x00, 0x00,
    0x00, 0x00, 0x00, 0x00, 0x00, 0x00, 0x00, 0x00, 0x00, 0x00, 0x00, 0x00, 0x00, 0x00, 0x00, 0x00,
    0x00, 0x00, 0x00, 0x00, 0x00, 0x00, 0x00, 0x00, 0x00, 0x00, 0x00, 0x00, 0x00, 0x00, 0x00, 0x00,
    0x00, 0x00, 0x00, 0x00, 0x00, 0x00, 0x00, 0x00, 0x00, 0x00, 0x00, 0x00, 0x00, 0x00, 0x00, 0x00,
    0x00, 0x00, 0x00, 0x00, 0x00, 0x00, 0x00, 0x00, 0x00, 0x00, 0x00, 0x00, 0x00, 0x00, 0x00, 0x00,
    0x00, 0x00, 0x00, 0x00, 0x00, 0x00, 0xFF, 0xFF, 0xAD, 0x75, 0xAD, 0x75, 0xAD, 0x75, 0xAD, 0x75,
    0xAD, 0x75, 0xAD, 0x75, 0xAD, 0x75, 0xAD, 0x75, 0xAD, 0x75, 0xAD, 0x75, 0xAD, 0x75, 0xAD, 0x75,
    0xAD, 0x75, 0xAD, 0x75, 0xAD, 0x75, 0xAD, 0x75, 0xAD, 0x75, 0xAD, 0x75, 0xAD, 0x75, 0xAD, 0x75,
    0xAD, 0x75, 0xAD, 0x75, 0xAD, 0x75, 0xAD, 0x75, 0xAD, 0x75, 0xAD, 0x75, 0xAD, 0x75, 0xAD, 0x75,
    0xAD, 0x75, 0xAD, 0x75, 0xAD, 0x75, 0xAD, 0x75, 0xAD, 0x75, 0xAD, 0x75, 0xAD, 0x75, 0xAD, 0x75,
    0xAD, 0x75, 0xAD, 0x75, 0xAD, 0x75, 0xAD, 0x75, 0xAD, 0x75, 0xAD, 0x75, 0xAD, 0x75, 0xAD, 0x75,
    0xAD, 0x75, 0xAD, 0x75, 0xAD, 0x75, 0xAD, 0x75, 0xAD, 0x75, 0xAD, 0x75, 0xAD, 0x75, 0xAD, 0x75,
    0xAD, 0x75, 0xAD, 0x75, 0xAD, 0x75, 0xAD, 0x75, 0xAD, 0x75, 0xAD, 0x75, 0xAD, 0x75, 0xAD, 0x75,
    0xAD, 0x75, 0xAD, 0x75, 0xAD, 0x75, 0xAD, 0x75, 0xAD, 0x75, 0xAD, 0x75, 0xAD, 0x75, 0xAD, 0x75,
    0xAD, 0x75, 0xAD, 0x75, 0xAD, 0x75, 0xE7, 0x3C, 0x00, 0x00, 0x3A, 0x7C, 0x3A, 0x9C, 0x3A, 0x9C,
    0x3A, 0x9C, 0x3A, 0x7C, 0x3A, 0x7B, 0x3A, 0x7C, 0x29, 0xF6, 0x00, 0x00, 0x5B, 0x7A, 0x74, 0x3F,
    0x74, 0x3F, 0x6C, 0x1F, 0x6B, 0xFF, 0x6B, 0xFF, 0x6C, 0x1F, 0x6C, 0x1F, 0x74, 0x3F, 0x74, 0x3F,
    0x74, 0x3F, 0x74, 0x3F, 0x74, 0x5F, 0x7C, 0x7F, 0x7C, 0x7F, 0x7C, 0x7F, 0x7C, 0x5F, 0x74, 0x5F,
    0x74, 0x3F, 0x74, 0x5F, 0x74, 0x5F, 0x74, 0x5F, 0x74, 0x5F, 0x74, 0x5F, 0x74, 0x3F, 0x74, 0x3F,
    0x74, 0x3F, 0x74, 0x3F, 0x74, 0x3F, 0x74, 0x3F, 0x74, 0x3F, 0x74, 0x3F, 0x74, 0x5F, 0x74, 0x5F,
    0x7C, 0x5F, 0x74, 0x5F, 0x7C, 0x7F, 0x7C, 0x5F, 0x74, 0x5F, 0x74, 0x5F, 0x74, 0x5F, 0x74, 0x3F,
    0x6C, 0x1F, 0x6C, 0x1F, 0x6C, 0x1F, 0x6C, 0x1F, 0x6C, 0x1F, 0x6C, 0x1F, 0x6C, 0x1F, 0x6C, 0x1F,
    0x74, 0x1F, 0x74, 0x3F, 0x74, 0x5F, 0x74, 0x3F, 0x74, 0x5F, 0x74, 0x3F, 0x74, 0x3F, 0x74, 0x3F,
    0x74, 0x1F, 0x74, 0x1F, 0x74, 0x3F, 0x74, 0x3F, 0x74, 0x1F, 0x74, 0x3F, 0x74, 0x3F, 0x6C, 0x1F,
    0x6C, 0x1F, 0x6C, 0x1F, 0x6C, 0x1F, 0x74, 0x5F, 0x74, 0x5F, 0x74, 0x3F, 0x74, 0x3F, 0x74, 0x1F,
    0x74, 0x1F, 0x74, 0x3F, 0x74, 0x3F, 0x74, 0x5F, 0x74, 0x5F, 0x74, 0x3F, 0x74, 0x3F, 0x74, 0x3F,
    0x32, 0x5B, 0x32, 0x3A, 0x32, 0x19, 0x32, 0x19, 0x32, 0x39, 0x32, 0x3A, 0x32, 0x3A, 0x00, 0x00,
    0xAD, 0x55, 0x84, 0x10, 0x84, 0x10, 0x00, 0x00, 0x00, 0x00, 0x00, 0x00, 0x00, 0x00, 0x00, 0x00,
    0x00, 0x00, 0x00, 0x00, 0x00, 0x00, 0x00, 0x00, 0x00, 0x00, 0x00, 0x00, 0x00, 0x00, 0x00, 0x00,
    0x00, 0x00, 0x00, 0x00, 0x00, 0x00, 0x00, 0x00, 0x00, 0x00, 0x00, 0x00, 0x00, 0x00, 0x00, 0x00,
    0x00, 0x00, 0x00, 0x00, 0x00, 0x00, 0x00, 0x00, 0x00, 0x00, 0x00, 0x00, 0x00, 0x00, 0x00, 0x00,
    0x00, 0x00, 0x00, 0x00, 0x00, 0x00, 0x00, 0x00, 0x00, 0x00, 0x00, 0x00, 0x00, 0x00, 0x00, 0x00,
    0x00, 0x00, 0x00, 0x00, 0x00, 0x00, 0x00, 0x00, 0x00, 0x00, 0x00, 0x00, 0x00, 0x00, 0x00, 0x00,
    0x00, 0x00, 0x00, 0x00, 0x00, 0x00, 0x00, 0x00, 0x00, 0x00, 0x00, 0x00, 0x00, 0x00, 0x00, 0x00,
    0x00, 0x00, 0x00, 0x00, 0x00, 0x00, 0x00, 0x00, 0x00, 0x00, 0x00, 0x00, 0x00, 0x00, 0x00, 0x00,
    0x00, 0x00, 0x00, 0x00, 0x00, 0x00, 0x00, 0x00, 0x00, 0x00, 0x00, 0x00, 0x00, 0x00, 0x00, 0x00,
    0x00, 0x00, 0x00, 0x00, 0x00, 0x00, 0x00, 0x00, 0x00, 0x00, 0x00, 0x00, 0x00, 0x00, 0x00, 0x00,
    0x00, 0x00, 0x00, 0x00, 0x00, 0x00, 0x00, 0x00, 0x00, 0x00, 0x00, 0x00, 0x00, 0x00, 0x00, 0x00,
    0x00, 0x00, 0x00, 0x00, 0x00, 0x00, 0x00, 0x00, 0x00, 0x00, 0x00, 0x00, 0x00, 0x00, 0x00, 0x00,
    0x00, 0x00, 0x00, 0x00, 0x00, 0x00, 0x00, 0x00, 0x00, 0x00, 0x00, 0x00, 0x00, 0x00, 0x00, 0x00,
    0x00, 0x00, 0x00, 0x00, 0x00, 0x00, 0x00, 0x00, 0x00, 0x00, 0x00, 0x00, 0x00, 0x00, 0x00, 0x00,
    0x00, 0x00, 0x00, 0x00, 0x00, 0x00, 0x00, 0x00, 0x00, 0x00, 0x00, 0x00, 0x00, 0x00, 0x00, 0x00,
    0x00, 0x00, 0x00, 0x00, 0x00, 0x00, 0x00, 0x00, 0x00, 0x00, 0x00, 0x00, 0x00, 0x00, 0x00, 0x00,
    0x00, 0x00, 0x00, 0x00, 0x00, 0x00, 0x00, 0x00, 0x00, 0x00, 0x00, 0x00, 0x00, 0x00, 0x00, 0x00,
    0x00, 0x00, 0x00, 0x00, 0x00, 0x00, 0x00, 0x00, 0x00, 0x00, 0x00, 0x00, 0x00, 0x00, 0x00, 0x00,
    0x00, 0x00, 0x00, 0x00, 0x10, 0x82, 0x00, 0x00, 0x00, 0x00, 0x00, 0x00, 0x00, 0x00, 0x00, 0x00,
    0x00, 0x00, 0x00, 0x00, 0x00, 0x00, 0x00, 0x00, 0x00, 0x00, 0x00, 0x00, 0x00, 0x00, 0x00, 0x00,
    0x00, 0x00, 0x00, 0x00, 0x00, 0x00, 0x00, 0x00, 0x00, 0x00, 0x00, 0x00, 0x00, 0x00, 0x00, 0x00,
    0x00, 0x00, 0x00, 0x00, 0x00, 0x00, 0x00, 0x00, 0x00, 0x00, 0x00, 0x00, 0x00, 0x00, 0x00, 0x00,
    0x00, 0x00, 0x00, 0x00, 0x00, 0x00, 0x00, 0x00, 0x00, 0x00, 0x00, 0x00, 0x00, 0x00, 0x00, 0x00,
    0x00, 0x00, 0x00, 0x00, 0x00, 0x00, 0x00, 0x00, 0x00, 0x00, 0x00, 0x00, 0x00, 0x00, 0x00, 0x00,
    0x00, 0x00, 0x00, 0x00, 0x00, 0x00, 0x00, 0x00, 0x00, 0x00, 0x00, 0x00, 0x00, 0x00, 0x00, 0x00,
    0x00, 0x00, 0x00, 0x00, 0x00, 0x00, 0x00, 0x00, 0x00, 0x00, 0x00, 0x00, 0x00, 0x00, 0x00, 0x00,
    0x00, 0x00, 0x00, 0x00, 0x00, 0x00, 0x00, 0x00, 0x00, 0x00, 0x00, 0x00, 0x00, 0x00, 0x00, 0x00,
    0x21, 0x04, 0x84, 0x10, 0x84, 0x10, 0xAD, 0x75, 0x00, 0x00, 0x3A, 0x7C, 0x3A, 0x7C, 0x32, 0x5B,
    0x32, 0x5B, 0x32, 0x5A, 0x32, 0x3A, 0x32, 0x39, 0x29, 0xD6, 0x00, 0x00, 0x5B, 0x7A, 0x6C, 0x1F,
    0x6B, 0xFF, 0x6B, 0xFF, 0x6B, 0xFF, 0x6B, 0xFF, 0x6B, 0xFF, 0x6C, 0x1F, 0x74, 0x3F, 0x74, 0x3F,
    0x74, 0x3F, 0x74, 0x3F, 0x74, 0x3F, 0x74, 0x5F, 0x74, 0x5F, 0x74, 0x5F, 0x74, 0x3F, 0x74, 0x3F,
    0x74, 0x3F, 0x74, 0x5F, 0x74, 0x5F, 0x74, 0x3F, 0x74, 0x1F, 0x6C, 0x1F, 0x6C, 0x1F, 0x6B, 0xFF,
    0x6B, 0xFF, 0x6B, 0xFF, 0x6C, 0x1F, 0x6C, 0x1F, 0x74, 0x3F, 0x74, 0x3F, 0x74, 0x3F, 0x74, 0x3F,
    0x74, 0x3F, 0x74, 0x5F, 0x74, 0x5F, 0x74, 0x3F, 0x74, 0x3F, 0x74, 0x3F, 0x74, 0x1F, 0x6B, 0xFF,
    0x6B, 0xFF, 0x6B, 0xFF, 0x6C, 0x1F, 0x6B, 0xFF, 0x6C, 0x1F, 0x6B, 0xFF, 0x6B, 0xDF, 0x6B, 0xFF,
    0x6C, 0x1F, 0x74, 0x3F, 0x74, 0x5F, 0x74, 0x3F, 0x74, 0x3F, 0x74, 0x3F, 0x74, 0x3F, 0x74, 0x3F,
    0x74, 0x3F, 0x74, 0x3F, 0x74, 0x5F, 0x74, 0x3F, 0x6C, 0x1F, 0x6C, 0x1F, 0x6C, 0x1F, 0x6C, 0x1F,
    0x6B, 0xFF, 0x6C, 0x1F, 0x6C, 0x1F, 0x74, 0x3F, 0x6C, 0x1F, 0x6C, 0x1F, 0x6C, 0x1F, 0x6C, 0x1F,
    0x6C, 0x1F, 0x74, 0x3F, 0x74, 0x3F, 0x74, 0x5F, 0x74, 0x5F, 0x74, 0x5F, 0x74, 0x5F, 0x74, 0x3F,
    0x32, 0x3B, 0x32, 0x19, 0x32, 0x19, 0x32, 0x39, 0x32, 0x3A, 0x32, 0x3B, 0x32, 0x3B, 0x00, 0x00,
    0xAD, 0x55, 0x84, 0x10, 0x00, 0x00, 0x00, 0x00, 0x00, 0x00, 0x00, 0x00, 0x00, 0x00, 0x00, 0x00,
    0x00, 0x00, 0x00, 0x00, 0x00, 0x00, 0x00, 0x00, 0x00, 0x00, 0x00, 0x00, 0x00, 0x00, 0x00, 0x00,
    0x00, 0x00, 0x00, 0x00, 0x00, 0x00, 0x00, 0x00, 0x00, 0x00, 0x00, 0x00, 0x00, 0x00, 0x00, 0x00,
    0x00, 0x00, 0x00, 0x00, 0x00, 0x00, 0x00, 0x00, 0x00, 0x00, 0x00, 0x00, 0x00, 0x00, 0x00, 0x00,
    0x00, 0x00, 0x00, 0x00, 0x00, 0x00, 0x00, 0x00, 0x00, 0x00, 0x00, 0x00, 0x00, 0x00, 0x00, 0x00,
    0x00, 0x00, 0x00, 0x00, 0x00, 0x00, 0x00, 0x00, 0x00, 0x00, 0x00, 0x00, 0x00, 0x00, 0x00, 0x00,
    0x00, 0x00, 0x00, 0x00, 0x00, 0x00, 0x00, 0x00, 0x00, 0x00, 0x00, 0x00, 0x00, 0x00, 0x00, 0x00,
    0x00, 0x00, 0x00, 0x00, 0x00, 0x00, 0x00, 0x00, 0x00, 0x00, 0x00, 0x00, 0x00, 0x00, 0x00, 0x00,
    0x00, 0x00, 0x00, 0x00, 0x00, 0x00, 0x00, 0x00, 0x00, 0x00, 0x00, 0x00, 0x00, 0x00, 0x00, 0x00,
    0x00, 0x00, 0x00, 0x00, 0x00, 0x00, 0x00, 0x00, 0x00, 0x00, 0x00, 0x00, 0x00, 0x00, 0x00, 0x00,
    0x00, 0x00, 0x00, 0x00, 0x00, 0x00, 0x00, 0x00, 0x00, 0x00, 0x00, 0x00, 0x00, 0x00, 0x00, 0x00,
    0x00, 0x00, 0x00, 0x00, 0x00, 0x00, 0x00, 0x00, 0x00, 0x00, 0x00, 0x00, 0x00, 0x00, 0x00, 0x00,
    0x00, 0x00, 0x00, 0x00, 0x00, 0x00, 0x00, 0x00, 0x00, 0x00, 0x00, 0x00, 0x00, 0x00, 0x00, 0x00,
    0x00, 0x00, 0x00, 0x00, 0x00, 0x00, 0x00, 0x00, 0x00, 0x00, 0x00, 0x00, 0x00, 0x00, 0x00, 0x00,
    0x00, 0x00, 0x00, 0x00, 0x00, 0x00, 0x00, 0x00, 0x00, 0x00, 0x00, 0x00, 0x00, 0x00, 0x00, 0x00,
    0x00, 0x00, 0x00, 0x00, 0x00, 0x00, 0x00, 0x00, 0x00, 0x00, 0x00, 0x00, 0x00, 0x00, 0x00, 0x00,
    0x00, 0x00, 0x00, 0x00, 0x00, 0x00, 0x00, 0x00, 0x00, 0x00, 0x00, 0x00, 0x00, 0x00, 0x00, 0x00,
    0x00, 0x00, 0x00, 0x00, 0x00, 0x00, 0x00, 0x00, 0x00, 0x00, 0x00, 0x00, 0x00, 0x00, 0x00, 0x00,
    0x00, 0x00, 0x00, 0x00, 0x00, 0x00, 0x00, 0x00, 0x00, 0x00, 0x00, 0x00, 0x00, 0x00, 0x00, 0x00,
    0x00, 0x00, 0x00, 0x00, 0x00, 0x00, 0x00, 0x00, 0x00, 0x00, 0x00, 0x00, 0x00, 0x00, 0x00, 0x00,
    0x00, 0x00, 0x00, 0x00, 0x00, 0x00, 0x00, 0x00, 0x00, 0x00, 0x00, 0x00, 0x00, 0x00, 0x00, 0x00,
    0x00, 0x00, 0x00, 0x00, 0x00, 0x00, 0x00, 0x00, 0x00, 0x00, 0x00, 0x00, 0x00, 0x00, 0x00, 0x00,
    0x00, 0x00, 0x00, 0x00, 0x00, 0x00, 0x00, 0x00, 0x00, 0x00, 0x00, 0x00, 0x00, 0x00, 0x00, 0x00,
    0x00, 0x00, 0x00, 0x00, 0x00, 0x00, 0x00, 0x00, 0x00, 0x00, 0x00, 0x00, 0x00, 0x00, 0x00, 0x00,
    0x00, 0x00, 0x00, 0x00, 0x00, 0x00, 0x00, 0x00, 0x00, 0x00, 0x00, 0x00, 0x00, 0x00, 0x00, 0x00,
    0x00, 0x00, 0x00, 0x00, 0x00, 0x00, 0x00, 0x00, 0x00, 0x00, 0x00, 0x00, 0x00, 0x00, 0x00, 0x00,
    0x00, 0x00, 0x00, 0x00, 0x00, 0x00, 0x00, 0x00, 0x00, 0x00, 0x00, 0x00, 0x00, 0x00, 0x00, 0x00,
    0x00, 0x00, 0x21, 0x04, 0x84, 0x10, 0xAD, 0x75, 0x00, 0x00, 0x32, 0x5B, 0x32, 0x5B, 0x32, 0x3A,
    0x32, 0x3A, 0x32, 0x3A, 0x32, 0x39, 0x2A, 0x19, 0x29, 0xD6, 0x00, 0x00, 0x5B, 0x5A, 0x6B, 0xFF,
    0x6B, 0xFF, 0x6B, 0xFF, 0x6B, 0xFF, 0x6C, 0x1F, 0x6C, 0x1F, 0x74, 0x3F, 0x74, 0x3F, 0x74, 0x3F,
    0x74, 0x1F, 0x6C, 0x1F, 0x74, 0x3F, 0x74, 0x3F, 0x74, 0x3F, 0x74, 0x1F, 0x74, 0x1F, 0x74, 0x3F,
    0x74, 0x3F, 0x74, 0x3F, 0x6C, 0x1F, 0x6C, 0x1F, 0x6C, 0x1F, 0x6B, 0xFF, 0x6B, 0xFF, 0x6B, 0xDF,
    0x6B, 0xFF, 0x6B, 0xFF, 0x6C, 0x1F, 0x6C, 0x1F, 0x6C, 0x1F, 0x6B, 0xFF, 0x6C, 0x1F, 0x74, 0x3F,
    0x74, 0x3F, 0x74, 0x3F, 0x74, 0x3F, 0x74, 0x3F, 0x74, 0x3F, 0x74, 0x3F, 0x6C, 0x1F, 0x6B, 0xFF,
    0x6B, 0xFF, 0x6B, 0xFF, 0x6C, 0x1F, 0x6C, 0x1F, 0x6B, 0xFF, 0x6B, 0xFF, 0x6B, 0xFF, 0x6B, 0xFF,
    0x6C, 0x1F, 0x6C, 0x1F, 0x6C, 0x1F, 0x6C, 0x1F, 0x74, 0x1F, 0x74, 0x1F, 0x74, 0x3F, 0x74, 0x3F,
    0x74, 0x5F, 0x74, 0x3F, 0x74, 0x3F, 0x6C, 0x1F, 0x6B, 0xFF, 0x6B, 0xFF, 0x6C, 0x1F, 0x6B, 0xFF,
    0x6B, 0xFF, 0x6C, 0x1F, 0x6B, 0xFF, 0x6B, 0xFF, 0x6B, 0xFF, 0x6B, 0xFF, 0x6B, 0xFF, 0x6C, 0x1F,
    0x74, 0x3F, 0x74, 0x3F, 0x74, 0x3F, 0x74, 0x5F, 0x7C, 0x5F, 0x74, 0x5F, 0x74, 0x3F, 0x74, 0x3F,
    0x32, 0x3B, 0x32, 0x19, 0x32, 0x3A, 0x32, 0x3A, 0x32, 0x3A, 0x32, 0x3B, 0x32, 0x5B, 0x00, 0x00,
    0xAD, 0x55, 0x00, 0x00, 0x00, 0x00, 0x00, 0x00, 0x00, 0x00, 0x00, 0x00, 0x00, 0x00, 0x00, 0x00,
    0x00, 0x00, 0x00, 0x00, 0x00, 0x00, 0x00, 0x00, 0x00, 0x00, 0x00, 0x00, 0x00, 0x00, 0x00, 0x00,
    0x00, 0x00, 0x00, 0x00, 0x00, 0x00, 0x00, 0x00, 0x00, 0x00, 0x00, 0x00, 0x00, 0x00, 0x00, 0x00,
    0x00, 0x00, 0x00, 0x00, 0x00, 0x00, 0x00, 0x00, 0x00, 0x00, 0x00, 0x00, 0x00, 0x00, 0x00, 0x00,
    0x00, 0x00, 0x00, 0x00, 0x00, 0x00, 0x00, 0x00, 0x00, 0x00, 0x00, 0x00, 0x00, 0x00, 0x00, 0x00,
    0x00, 0x00, 0x00, 0x00, 0x00, 0x00, 0x00, 0x00, 0x00, 0x00, 0x00, 0x00, 0x00, 0x00, 0x00, 0x00,
    0x00, 0x00, 0x00, 0x00, 0x00, 0x00, 0x00, 0x00, 0x00, 0x00, 0x00, 0x00, 0x00, 0x00, 0x00, 0x00,
    0x00, 0x00, 0x00, 0x00, 0x00, 0x00, 0x00, 0x00, 0x00, 0x00, 0x00, 0x00, 0x00, 0x00, 0x00, 0x00,
    0x00, 0x00, 0x00, 0x00, 0x00, 0x00, 0x00, 0x00, 0x00, 0x00, 0x00, 0x00, 0x00, 0x00, 0x00, 0x00,
    0x00, 0x00, 0x00, 0x00, 0x00, 0x00, 0x00, 0x00, 0x00, 0x00, 0x00, 0x00, 0x00, 0x00, 0x00, 0x00,
    0x00, 0x00, 0x00, 0x00, 0x00, 0x00, 0x00, 0x00, 0x00, 0x00, 0x00, 0x00, 0x00, 0x00, 0x00, 0x00,
    0x00, 0x00, 0x00, 0x00, 0x00, 0x00, 0x00, 0x00, 0x00, 0x00, 0x00, 0x00, 0x00, 0x00, 0x00, 0x00,
    0x00, 0x00, 0x00, 0x00, 0x00, 0x00, 0x00, 0x00, 0x00, 0x00, 0x00, 0x00, 0x00, 0x00, 0x00, 0x00,
    0x00, 0x00, 0x00, 0x00, 0x00, 0x00, 0x00, 0x00, 0x00, 0x00, 0x00, 0x00, 0x00, 0x00, 0x00, 0x00,
    0x00, 0x00, 0x00, 0x00, 0x00, 0x00, 0x00, 0x00, 0x00, 0x00, 0x00, 0x00, 0x00, 0x00, 0x00, 0x00,
    0x00, 0x00, 0x00, 0x00, 0x00, 0x00, 0x00, 0x00, 0x00, 0x00, 0x00, 0x00, 0x00, 0x00, 0x00, 0x00,
    0x00, 0x00, 0x00, 0x00, 0x00, 0x00, 0x00, 0x00, 0x00, 0x00, 0x00, 0x00, 0x00, 0x00, 0x00, 0x00,
    0x00, 0x00, 0x00, 0x00, 0x00, 0x00, 0x00, 0x00, 0x00, 0x00, 0x00, 0x00, 0x00, 0x00, 0x00, 0x00,
    0x00, 0x00, 0x00, 0x00, 0x00, 0x00, 0x00, 0x00, 0x00, 0x00, 0x00, 0x00, 0x00, 0x00, 0x00, 0x00,
    0x00, 0x00, 0x00, 0x00, 0x00, 0x00, 0x00, 0x00, 0x00, 0x00, 0x00, 0x00, 0x00, 0x00, 0x00, 0x00,
    0x00, 0x00, 0x00, 0x00, 0x00, 0x00, 0x00, 0x00, 0x00, 0x00, 0x00, 0x00, 0x00, 0x00, 0x00, 0x00,
    0x00, 0x00, 0x00, 0x00, 0x00, 0x00, 0x00, 0x00, 0x00, 0x00, 0x00, 0x00, 0x00, 0x00, 0x00, 0x00,
    0x00, 0x00, 0x00, 0x00, 0x00, 0x00, 0x00, 0x00, 0x00, 0x00, 0x00, 0x00, 0x00, 0x00, 0x00, 0x00,
    0x00, 0x00, 0x00, 0x00, 0x00, 0x00, 0x00, 0x00, 0x00, 0x00, 0x00, 0x00, 0x00, 0x00, 0x00, 0x00,
    0x00, 0x00, 0x00, 0x00, 0x00, 0x00, 0x00, 0x00, 0x00, 0x00, 0x00, 0x00, 0x00, 0x00, 0x00, 0x00,
    0x00, 0x00, 0x00, 0x00, 0x00, 0x00, 0x00, 0x00, 0x00, 0x00, 0x00, 0x00, 0x00, 0x00, 0x00, 0x00,
    0x00, 0x00, 0x00, 0x00, 0x00, 0x00, 0x00, 0x00, 0x00, 0x00, 0x00, 0x00, 0x00, 0x00, 0x00, 0x00,
    0x00, 0x00, 0x00, 0x00, 0x21, 0x04, 0xAD, 0x75, 0x00, 0x00, 0x32, 0x3B, 0x32, 0x3A, 0x32, 0x3A,
    0x32, 0x3B, 0x32, 0x3B, 0x32, 0x3A, 0x32, 0x3A, 0x29, 0xD6, 0x00, 0x00, 0x5B, 0x5A, 0x6B, 0xFF,
    0x6B, 0xFF, 0x6C, 0x1F, 0x6B, 0xFF, 0x6B, 0xFF, 0x6C, 0x1F, 0x6C, 0x1F, 0x6C, 0x1F, 0x6C, 0x1F,
    0x6B, 0xFF, 0x6C, 0x1F, 0x74, 0x3F, 0x74, 0x3F, 0x74, 0x3F, 0x74, 0x1F, 0x74, 0x3F, 0x74, 0x3F,
    0x74, 0x3F, 0x6C, 0x1F, 0x6C, 0x1F, 0x6B, 0xFF, 0x6C, 0x1F, 0x6C, 0x1F, 0x6B, 0xFF, 0x6B, 0xFF,
    0x6B, 0xFF, 0x6B, 0xFF, 0x6C, 0x1F, 0x6C, 0x1F, 0x6B, 0xFF, 0x6B, 0xDF, 0x6C, 0x1F, 0x74, 0x3F,
    0x74, 0x3F, 0x74, 0x3F, 0x74, 0x3F, 0x74, 0x3F, 0x74, 0x3F, 0x74, 0x3F, 0x6C, 0x1F, 0x6B, 0xFF,
    0x6C, 0x1F, 0x6C, 0x1F, 0x6C, 0x1F, 0x6B, 0xFF, 0x6B, 0xFF, 0x6B, 0xFF, 0x6C, 0x1F, 0x6C, 0x1F,
    0x6C, 0x1F, 0x6C, 0x1F, 0x6C, 0x1F, 0x6C, 0x1F, 0x6C, 0x1F, 0x6C, 0x1F, 0x74, 0x1F, 0x74, 0x3F,
    0x74, 0x3F, 0x74, 0x3F, 0x6C, 0x1F, 0x6B, 0xFF, 0x6B, 0xDF, 0x6B, 0xFF, 0x6C, 0x1F, 0x6B, 0xFF,
    0x6B, 0xFF, 0x6B, 0xFF, 0x6B, 0xFF, 0x6B, 0xFF, 0x6B, 0xFF, 0x6B, 0xFF, 0x6B, 0xFF, 0x6C, 0x1F,
    0x74, 0x3F, 0x74, 0x3F, 0x74, 0x5F, 0x74, 0x5F, 0x74, 0x5F, 0x74, 0x3F, 0x74, 0x1F, 0x6C, 0x1F,
    0x32, 0x3A, 0x32, 0x3B, 0x32, 0x5B, 0x32, 0x5B, 0x32, 0x3B, 0x32, 0x3B, 0x32, 0x5C, 0x00, 0x00,
    0xAD, 0x55, 0x00, 0x00, 0x00, 0x00, 0x00, 0x00, 0x00, 0x00, 0x00, 0x00, 0x00, 0x00, 0x00, 0x00,
    0x00, 0x00, 0x00, 0x00, 0x00, 0x00, 0x00, 0x00, 0x00, 0x00, 0x00, 0x00, 0x00, 0x00, 0x00, 0x00,
    0x00, 0x00, 0x00, 0x00, 0x00, 0x00, 0x00, 0x00, 0x00, 0x00, 0x00, 0x00, 0x00, 0x00, 0x00, 0x00,
    0x00, 0x00, 0x00, 0x00, 0x00, 0x00, 0x00, 0x00, 0x00, 0x00, 0x00, 0x00, 0x00, 0x00, 0x00, 0x00,
    0x00, 0x00, 0x00, 0x00, 0x00, 0x00, 0x00, 0x00, 0x00, 0x00, 0x00, 0x00, 0x00, 0x00, 0x00, 0x00,
    0x00, 0x00, 0x00, 0x00, 0x00, 0x00, 0x00, 0x00, 0x00, 0x00, 0x00, 0x00, 0x00, 0x00, 0x00, 0x00,
    0x00, 0x00, 0x00, 0x00, 0x00, 0x00, 0x00, 0x00, 0x00, 0x00, 0x00, 0x00, 0x00, 0x00, 0x00, 0x00,
    0x00, 0x00, 0x00, 0x00, 0x00, 0x00, 0x00, 0x00, 0x00, 0x00, 0x00, 0x00, 0x00, 0x00, 0x00, 0x00,
    0x00, 0x00, 0x00, 0x00, 0x00, 0x00, 0x00, 0x00, 0x00, 0x00, 0x00, 0x00, 0x00, 0x00, 0x00, 0x00,
    0x00, 0x00, 0x00, 0x00, 0x00, 0x00, 0x00, 0x00, 0x00, 0x00, 0x00, 0x00, 0x00, 0x00, 0x00, 0x00,
    0x00, 0x00, 0x00, 0x00, 0x00, 0x00, 0x00, 0x00, 0x00, 0x00, 0x00, 0x00, 0x00, 0x00, 0x00, 0x00,
    0x00, 0x00, 0x00, 0x00, 0x00, 0x00, 0x00, 0x00, 0x00, 0x00, 0x00, 0x00, 0x00, 0x00, 0x00, 0x00,
    0x00, 0x00, 0x00, 0x00, 0x00, 0x00, 0x00, 0x00, 0x00, 0x00, 0x00, 0x00, 0x00, 0x00, 0x00, 0x00,
    0x00, 0x00, 0x00, 0x00, 0x00, 0x00, 0x00, 0x00, 0x00, 0x00, 0x00, 0x00, 0x00, 0x00, 0x00, 0x00,
    0x00, 0x00, 0x00, 0x00, 0x00, 0x00, 0x00, 0x00, 0x00, 0x00, 0x00, 0x00, 0x00, 0x00, 0x00, 0x00,
    0x00, 0x00, 0x00, 0x00, 0x00, 0x00, 0x00, 0x00, 0x00, 0x00, 0x00, 0x00, 0x00, 0x00, 0x00, 0x00,
    0x00, 0x00, 0x00, 0x00, 0x00, 0x00, 0x00, 0x00, 0x00, 0x00, 0x00, 0x00, 0x00, 0x00, 0x00, 0x00,
    0x00, 0x00, 0x00, 0x00, 0x00, 0x00, 0x00, 0x00, 0x00, 0x00, 0x00, 0x00, 0x00, 0x00, 0x00, 0x00,
    0x00, 0x00, 0x00, 0x00, 0x00, 0x00, 0x00, 0x00, 0x00, 0x00, 0x00, 0x00, 0x00, 0x00, 0x00, 0x00,
    0x00, 0x00, 0x00, 0x00, 0x00, 0x00, 0x00, 0x00, 0x00, 0x00, 0x00, 0x00, 0x00, 0x00, 0x00, 0x00,
    0x00, 0x00, 0x00, 0x00, 0x00, 0x00, 0x00, 0x00, 0x00, 0x00, 0x00, 0x00, 0x00, 0x00, 0x00, 0x00,
    0x00, 0x00, 0x00, 0x00, 0x00, 0x00, 0x00, 0x00, 0x00, 0x00, 0x00, 0x00, 0x00, 0x00, 0x00, 0x00,
    0x00, 0x00, 0x00, 0x00, 0x00, 0x00, 0x00, 0x00, 0x00, 0x00, 0x00, 0x00, 0x00, 0x00, 0x00, 0x00,
    0x00, 0x00, 0x00, 0x00, 0x00, 0x00, 0x00, 0x00, 0x00, 0x00, 0x00, 0x00, 0x00, 0x00, 0x00, 0x00,
    0x00, 0x00, 0x00, 0x00, 0x00, 0x00, 0x00, 0x00, 0x00, 0x00, 0x00, 0x00, 0x00, 0x00, 0x00, 0x00,
    0x00, 0x00, 0x00, 0x00, 0x00, 0x00, 0x00, 0x00, 0x00, 0x00, 0x00, 0x00, 0x00, 0x00, 0x00, 0x00,
    0x00, 0x00, 0x00, 0x00, 0x00, 0x00, 0x00, 0x00, 0x00, 0x00, 0x00, 0x00, 0x00, 0x00, 0x00, 0x00,
    0x00, 0x00, 0x00, 0x00, 0x00, 0x00, 0xAD, 0x75, 0x00, 0x00, 0x32, 0x3A, 0x32, 0x3B, 0x32, 0x3B,
    0x32, 0x3B, 0x32, 0x3A, 0x32, 0x3A, 0x32, 0x3A, 0x29, 0xD6, 0x00, 0x00, 0x5B, 0x5A, 0x6C, 0x1F,
    0x6C, 0x1F, 0x6C, 0x1F, 0x6B, 0xFF, 0x6B, 0xFF, 0x6B, 0xFF, 0x6B, 0xFF, 0x6B, 0xFF, 0x6B, 0xFF,
    0x6B, 0xFF, 0x6B, 0xFF, 0x6C, 0x1F, 0x74, 0x3F, 0x6C, 0x1F, 0x74, 0x3F, 0x74, 0x3F, 0x74, 0x3F,
    0x6C, 0x1F, 0x6C, 0x1F, 0x6C, 0x1F, 0x6C, 0x1F, 0x6C, 0x1F, 0x6C, 0x1F, 0x6B, 0xFF, 0x6B, 0xFF,
    0x6B, 0xFF, 0x6B, 0xFF, 0x6B, 0xFF, 0x6B, 0xFF, 0x6B, 0xFF, 0x6B, 0xFF, 0x74, 0x3F, 0x74, 0x3F,
    0x6C, 0x1F, 0x74, 0x3F, 0x74, 0x3F, 0x6C, 0x1F, 0x6C, 0x1F, 0x6C, 0x1F, 0x6B, 0xFF, 0x6B, 0xFF,
    0x6C, 0x1F, 0x6C, 0x1F, 0x6B, 0xFF, 0x63, 0xFF, 0x6B, 0xFF, 0x6B, 0xFF, 0x6B, 0xFF, 0x6C, 0x1F,
    0x6C, 0x1F, 0x6B, 0xFF, 0x6B, 0xFF, 0x6C, 0x1F, 0x6C, 0x1F, 0x6C, 0x1F, 0x74, 0x1F, 0x74, 0x3F,
    0x6C, 0x1F, 0x6C, 0x1F, 0x6C, 0x1F, 0x6B, 0xDF, 0x6B, 0xDF, 0x6B, 0xFF, 0x6C, 0x1F, 0x6B, 0xFF,
    0x63, 0xFF, 0x6B, 0xFF, 0x6B, 0xFF, 0x6B, 0xFF, 0x6C, 0x1F, 0x6C, 0x1F, 0x6C, 0x1F, 0x74, 0x3F,
    0x74, 0x1F, 0x74, 0x3F, 0x74, 0x5F, 0x74, 0x3F, 0x74, 0x1F, 0x6B, 0xFF, 0x6B, 0xFF, 0x6C, 0x1F,
    0x32, 0x1A, 0x32, 0x3C, 0x32, 0x3C, 0x32, 0x3B, 0x32, 0x1A, 0x32, 0x3B, 0x32, 0x3B, 0x00, 0x00,
    0xAD, 0x55, 0x00, 0x00, 0x00, 0x00, 0x00, 0x00, 0x00, 0x00, 0x00, 0x00, 0x00, 0x00, 0x00, 0x00,
    0x00, 0x00, 0x00, 0x00, 0x00, 0x00, 0x00, 0x00, 0x00, 0x00, 0x00, 0x00, 0x00, 0x00, 0x00, 0x00,
    0x00, 0x00, 0x00, 0x00, 0x00, 0x00, 0x00, 0x00, 0x00, 0x00, 0x00, 0x00, 0x00, 0x00, 0x00, 0x00,
    0x00, 0x00, 0x00, 0x00, 0x00, 0x00, 0x00, 0x00, 0x00, 0x00, 0x00, 0x00, 0x00, 0x00, 0x00, 0x00,
    0x00, 0x00, 0x00, 0x00, 0x00, 0x00, 0x00, 0x00, 0x00, 0x00, 0x00, 0x00, 0x00, 0x00, 0x00, 0x00,
    0x00, 0x00, 0x00, 0x00, 0x00, 0x00, 0x00, 0x00, 0x00, 0x00, 0x00, 0x00, 0x00, 0x00, 0x00, 0x00,
    0x00, 0x00, 0x00, 0x00, 0x00, 0x00, 0x00, 0x00, 0x00, 0x00, 0x00, 0x00, 0x00, 0x00, 0x00, 0x00,
    0x00, 0x00, 0x00, 0x00, 0x00, 0x00, 0x00, 0x00, 0x00, 0x00, 0x00, 0x00, 0x00, 0x00, 0x00, 0x00,
    0x00, 0x00, 0x00, 0x00, 0x00, 0x00, 0x00, 0x00, 0x00, 0x00, 0x00, 0x00, 0x00, 0x00, 0x00, 0x00,
    0x00, 0x00, 0x00, 0x00, 0x00, 0x00, 0x00, 0x00, 0x00, 0x00, 0x00, 0x00, 0x00, 0x00, 0x00, 0x00,
    0x00, 0x00, 0x00, 0x00, 0x00, 0x00, 0x00, 0x00, 0x00, 0x00, 0x00, 0x00, 0x00, 0x00, 0x00, 0x00,
    0x00, 0x00, 0x00, 0x00, 0x00, 0x00, 0x00, 0x00, 0x00, 0x00, 0x00, 0x00, 0x00, 0x00, 0x00, 0x00,
    0x00, 0x00, 0x00, 0x00, 0x00, 0x00, 0x00, 0x00, 0x00, 0x00, 0x00, 0x00, 0x00, 0x00, 0x00, 0x00,
    0x00, 0x00, 0x00, 0x00, 0x00, 0x00, 0x00, 0x00, 0x00, 0x00, 0x00, 0x00, 0x00, 0x00, 0x00, 0x00,
    0x00, 0x00, 0x00, 0x00, 0x00, 0x00, 0x00, 0x00, 0x00, 0x00, 0x00, 0x00, 0x00, 0x00, 0x00, 0x00,
    0x00, 0x00, 0x00, 0x00, 0x00, 0x00, 0x00, 0x00, 0x00, 0x00, 0x00, 0x00, 0x00, 0x00, 0x00, 0x00,
    0x00, 0x00, 0x00, 0x00, 0x00, 0x00, 0x00, 0x00, 0x00, 0x00, 0x00, 0x00, 0x00, 0x00, 0x00, 0x00,
    0x00, 0x00, 0x00, 0x00, 0x00, 0x00, 0x00, 0x00, 0x00, 0x00, 0x00, 0x00, 0x00, 0x00, 0x00, 0x00,
    0x00, 0x00, 0x00, 0x00, 0x00, 0x00, 0x00, 0x00, 0x00, 0x00, 0x00, 0x00, 0x00, 0x00, 0x00, 0x00,
    0x00, 0x00, 0x00, 0x00, 0x00, 0x00, 0x00, 0x00, 0x00, 0x00, 0x00, 0x00, 0x00, 0x00, 0x00, 0x00,
    0x00, 0x00, 0x00, 0x00, 0x00, 0x00, 0x00, 0x00, 0x00, 0x00, 0x00, 0x00, 0x00, 0x00, 0x00, 0x00,
    0x00, 0x00, 0x00, 0x00, 0x00, 0x00, 0x00, 0x00, 0x00, 0x00, 0x00, 0x00, 0x00, 0x00, 0x00, 0x00,
    0x00, 0x00, 0x00, 0x00, 0x00, 0x00, 0x00, 0x00, 0x00, 0x00, 0x00, 0x00, 0x00, 0x00, 0x00, 0x00,
    0x00, 0x00, 0x00, 0x00, 0x00, 0x00, 0x00, 0x00, 0x00, 0x00, 0x00, 0x00, 0x00, 0x00, 0x00, 0x00,
    0x00, 0x00, 0x00, 0x00, 0x00, 0x00, 0x00, 0x00, 0x00, 0x00, 0x00, 0x00, 0x00, 0x00, 0x00, 0x00,
    0x00, 0x00, 0x00, 0x00, 0x00, 0x00, 0x00, 0x00, 0x00, 0x00, 0x00, 0x00, 0x00, 0x00, 0x00, 0x00,
    0x00, 0x00, 0x00, 0x00, 0x00, 0x00, 0x00, 0x00, 0x00, 0x00, 0x00, 0x00, 0x00, 0x00, 0x00, 0x00,
    0x00, 0x00, 0x00, 0x00, 0x00, 0x00, 0xAD, 0x75, 0x00, 0x00, 0x32, 0x3A, 0x32, 0x3B, 0x32, 0x3B,
    0x32, 0x3A, 0x32, 0x3A, 0x2A, 0x1A, 0x32, 0x3B, 0x21, 0xB6, 0x00, 0x00, 0x5B, 0x5A, 0x6C, 0x1F,
    0x6C, 0x1F, 0x6B, 0xFF, 0x63, 0xFF, 0x6B, 0xDF, 0x6B, 0xFF, 0x63, 0xDF, 0x63, 0xDF, 0x63, 0xDF,
    0x6B, 0xFF, 0x6C, 0x1F, 0x6C, 0x1F, 0x6C, 0x1F, 0x6C, 0x1F, 0x74, 0x1F, 0x6C, 0x1F, 0x6C, 0x1F,
    0x6B, 0xFF, 0x6B, 0xFF, 0x6C, 0x1F, 0x6C, 0x1F, 0x6B, 0xFF, 0x6B, 0xFF, 0x63, 0xDF, 0x6B, 0xFF,
    0x6B, 0xFF, 0x63, 0xFF, 0x6B, 0xFF, 0x6B, 0xFF, 0x6B, 0xFF, 0x6C, 0x1F, 0x6C, 0x1F, 0x6C, 0x1F,
    0x6B, 0xFF, 0x6B, 0xFF, 0x74, 0x1F, 0x6C, 0x1F, 0x6B, 0xFF, 0x6B, 0xFF, 0x6B, 0xFF, 0x6B, 0xFF,
    0x6B, 0xFF, 0x6B, 0xFF, 0x6B, 0xFF, 0x63, 0xDF, 0x63, 0xDF, 0x63, 0xDF, 0x63, 0xDF, 0x6B, 0xFF,
    0x6B, 0xFF, 0x6B, 0xFF, 0x6B, 0xFF, 0x6C, 0x1F, 0x6C, 0x1F, 0x6C, 0x1F, 0x74, 0x3F, 0x74, 0x3F,
    0x74, 0x3F, 0x6B, 0xFF, 0x6B, 0xFF, 0x6B, 0xFF, 0x6B, 0xFF, 0x6B, 0xFF, 0x6B, 0xFF, 0x63, 0xFF,
    0x63, 0xDF, 0x6B, 0xFF, 0x6B, 0xFF, 0x6C, 0x1F, 0x6C, 0x1F, 0x6C, 0x1F, 0x6C, 0x1F, 0x6C, 0x1F,
    0x6C, 0x1F, 0x6C, 0x1F, 0x74, 0x1F, 0x74, 0x1F, 0x6B, 0xFF, 0x6B, 0xFF, 0x6B, 0xFF, 0x6C, 0x1F,
    0x2A, 0x1A, 0x32, 0x3B, 0x32, 0x1A, 0x2A, 0x1A, 0x2A, 0x19, 0x2A, 0x1A, 0x2A, 0x1A, 0x00, 0x00,
    0xAD, 0x55, 0x00, 0x00, 0x00, 0x00, 0x00, 0x00, 0x00, 0x00, 0x00, 0x00, 0x00, 0x00, 0x00, 0x00,
    0x00, 0x00, 0x00, 0x00, 0x00, 0x00, 0x00, 0x00, 0x00, 0x00, 0x00, 0x00, 0x00, 0x00, 0x00, 0x00,
    0x00, 0x00, 0x00, 0x00, 0x00, 0x00, 0x00, 0x00, 0x00, 0x00, 0x00, 0x00, 0x00, 0x00, 0x00, 0x00,
    0x00, 0x00, 0x00, 0x00, 0x00, 0x00, 0x00, 0x00, 0x00, 0x00, 0x00, 0x00, 0x00, 0x00, 0x00, 0x00,
    0x00, 0x00, 0x00, 0x00, 0x00, 0x00, 0x00, 0x00, 0x00, 0x00, 0x00, 0x00, 0x00, 0x00, 0x00, 0x00,
    0x00, 0x00, 0x00, 0x00, 0x00, 0x00, 0x00, 0x00, 0x00, 0x00, 0x00, 0x00, 0x00, 0x00, 0x00, 0x00,
    0x00, 0x00, 0x00, 0x00, 0x00, 0x00, 0x00, 0x00, 0x00, 0x00, 0x00, 0x00, 0x00, 0x00, 0x00, 0x00,
    0x00, 0x00, 0x00, 0x00, 0x00, 0x00, 0x00, 0x00, 0x00, 0x00, 0x00, 0x00, 0x00, 0x00, 0x00, 0x00,
    0x00, 0x00, 0x00, 0x00, 0x00, 0x00, 0x00, 0x00, 0x00, 0x00, 0x00, 0x00, 0x00, 0x00, 0x00, 0x00,
    0x00, 0x00, 0x00, 0x00, 0x00, 0x00, 0x00, 0x00, 0x00, 0x00, 0x00, 0x00, 0x00, 0x00, 0x00, 0x00,
    0x00, 0x00, 0x00, 0x00, 0x00, 0x00, 0x00, 0x00, 0x00, 0x00, 0x00, 0x00, 0x00, 0x00, 0x00, 0x00,
    0x00, 0x00, 0x00, 0x00, 0x00, 0x00, 0x00, 0x00, 0x00, 0x00, 0x00, 0x00, 0x00, 0x00, 0x00, 0x00,
    0x00, 0x00, 0x00, 0x00, 0x00, 0x00, 0x00, 0x00, 0x00, 0x00, 0x00, 0x00, 0x00, 0x00, 0x00, 0x00,
    0x00, 0x00, 0x00, 0x00, 0x00, 0x00, 0x00, 0x00, 0x00, 0x00, 0x00, 0x00, 0x00, 0x00, 0x00, 0x00,
    0x00, 0x00, 0x00, 0x00, 0x00, 0x00, 0x00, 0x00, 0x00, 0x00, 0x00, 0x00, 0x00, 0x00, 0x00, 0x00,
    0x00, 0x00, 0x00, 0x00, 0x00, 0x00, 0x00, 0x00, 0x00, 0x00, 0x00, 0x00, 0x00, 0x00, 0x00, 0x00,
    0x00, 0x00, 0x00, 0x00, 0x00, 0x00, 0x00, 0x00, 0x00, 0x00, 0x00, 0x00, 0x00, 0x00, 0x00, 0x00,
    0x00, 0x00, 0x00, 0x00, 0x00, 0x00, 0x00, 0x00, 0x00, 0x00, 0x00, 0x00, 0x00, 0x00, 0x00, 0x00,
    0x00, 0x00, 0x00, 0x00, 0x00, 0x00, 0x00, 0x00, 0x00, 0x00, 0x00, 0x00, 0x00, 0x00, 0x00, 0x00,
    0x00, 0x00, 0x00, 0x00, 0x00, 0x00, 0x00, 0x00, 0x00, 0x00, 0x00, 0x00, 0x00, 0x00, 0x00, 0x00,
    0x00, 0x00, 0x00, 0x00, 0x00, 0x00, 0x00, 0x00, 0x00, 0x00, 0x00, 0x00, 0x00, 0x00, 0x00, 0x00,
    0x00, 0x00, 0x00, 0x00, 0x00, 0x00, 0x00, 0x00, 0x00, 0x00, 0x00, 0x00, 0x00, 0x00, 0x00, 0x00,
    0x00, 0x00, 0x00, 0x00, 0x00, 0x00, 0x00, 0x00, 0x00, 0x00, 0x00, 0x00, 0x00, 0x00, 0x00, 0x00,
    0x00, 0x00, 0x00, 0x00, 0x00, 0x00, 0x00, 0x00, 0x00, 0x00, 0x00, 0x00, 0x00, 0x00, 0x00, 0x00,
    0x00, 0x00, 0x00, 0x00, 0x00, 0x00, 0x00, 0x00, 0x00, 0x00, 0x00, 0x00, 0x00, 0x00, 0x00, 0x00,
    0x00, 0x00, 0x00, 0x00, 0x00, 0x00, 0x00, 0x00, 0x00, 0x00, 0x00, 0x00, 0x00, 0x00, 0x00, 0x00,
    0x00, 0x00, 0x00, 0x00, 0x00, 0x00, 0x00, 0x00, 0x00, 0x00, 0x00, 0x00, 0x00, 0x00, 0x00, 0x00,
    0x00, 0x00, 0x00, 0x00, 0x00, 0x00, 0xAD, 0x75, 0x00, 0x00, 0x2A, 0x1A, 0x32, 0x3B, 0x32, 0x1A,
    0x2A, 0x1A, 0x2A, 0x1A, 0x32, 0x3B, 0x32, 0x3C, 0x21, 0xB6, 0x00, 0x00, 0x53, 0x3A, 0x6B, 0xFF,
    0x6B, 0xFF, 0x63, 0xDF, 0x63, 0xDF, 0x63, 0xDF, 0x63, 0xDF, 0x63, 0xBF, 0x63, 0xDF, 0x63, 0xDF,
    0x6B, 0xFF, 0x6C, 0x1F, 0x6C, 0x1F, 0x6C, 0x1F, 0x6B, 0xFF, 0x6B, 0xFF, 0x6B, 0xFF, 0x6C, 0x1F,
    0x6C, 0x1F, 0x6B, 0xFF, 0x6B, 0xFF, 0x6B, 0xFF, 0x63, 0xDF, 0x63, 0xDF, 0x6B, 0xDF, 0x6B, 0xFF,
    0x6B, 0xFF, 0x63, 0xDF, 0x6B, 0xDF, 0x63, 0xFF, 0x6B, 0xFF, 0x6B, 0xFF, 0x6B, 0xFF, 0x6B, 0xFF,
    0x6B, 0xFF, 0x6B, 0xFF, 0x6B, 0xFF, 0x6B, 0xFF, 0x6B, 0xFF, 0x6B, 0xFF, 0x6B, 0xFF, 0x6B, 0xFF,
    0x6B, 0xFF, 0x6B, 0xFF, 0x6B, 0xDF, 0x63, 0xDF, 0x63, 0xDF, 0x63, 0xDF, 0x63, 0xDF, 0x63, 0xDF,
    0x6B, 0xFF, 0x6B, 0xDF, 0x63, 0xDF, 0x6B, 0xFF, 0x6B, 0xFF, 0x6C, 0x1F, 0x6C, 0x1F, 0x6C, 0x1F,
    0x6C, 0x1F, 0x6C, 0x1F, 0x6B, 0xFF, 0x6B, 0xFF, 0x6B, 0xFF, 0x6B, 0xFF, 0x6B, 0xDF, 0x63, 0xDF,
    0x6B, 0xDF, 0x6B, 0xFF, 0x6B, 0xFF, 0x6B, 0xFF, 0x6B, 0xFF, 0x6B, 0xFF, 0x6B, 0xFF, 0x6B, 0xFF,
    0x6B, 0xFF, 0x6B, 0xFF, 0x6B, 0xFF, 0x6B, 0xFF, 0x6B, 0xDF, 0x6B, 0xFF, 0x6C, 0x1F, 0x6B, 0xFF,
    0x2A, 0x1A, 0x29, 0xF9, 0x29, 0xF9, 0x29, 0xF9, 0x29, 0xF9, 0x2A, 0x1A, 0x2A, 0x1A, 0x00, 0x00,
    0xAD, 0x55, 0x00, 0x00, 0x00, 0x00, 0x00, 0x00, 0x00, 0x00, 0x00, 0x00, 0x00, 0x00, 0x00, 0x00,
    0x00, 0x00, 0x00, 0x00, 0x00, 0x00, 0x00, 0x00, 0x00, 0x00, 0x00, 0x00, 0x00, 0x00, 0x00, 0x00,
    0x00, 0x00, 0x00, 0x00, 0x00, 0x00, 0x00, 0x00, 0x00, 0x00, 0x00, 0x00, 0x00, 0x00, 0x00, 0x00,
    0x00, 0x00, 0x00, 0x00, 0x00, 0x00, 0x00, 0x00, 0x00, 0x00, 0x00, 0x00, 0x00, 0x00, 0x00, 0x00,
    0x00, 0x00, 0x00, 0x00, 0x00, 0x00, 0x00, 0x00, 0x00, 0x00, 0x00, 0x00, 0x00, 0x00, 0x00, 0x00,
    0x00, 0x00, 0x00, 0x00, 0x00, 0x00, 0x00, 0x00, 0x00, 0x00, 0x00, 0x00, 0x00, 0x00, 0x00, 0x00,
    0x00, 0x00, 0x00, 0x00, 0x00, 0x00, 0x00, 0x00, 0x00, 0x00, 0x00, 0x00, 0x00, 0x00, 0x00, 0x00,
    0x00, 0x00, 0x00, 0x00, 0x00, 0x00, 0x00, 0x00, 0x00, 0x00, 0x00, 0x00, 0x00, 0x00, 0x00, 0x00,
    0x00, 0x00, 0x00, 0x00, 0x00, 0x00, 0x00, 0x00, 0x00, 0x00, 0x00, 0x00, 0x00, 0x00, 0x00, 0x00,
    0x00, 0x00, 0x00, 0x00, 0x00, 0x00, 0x00, 0x00, 0x00, 0x00, 0x00, 0x00, 0x00, 0x00, 0x00, 0x00,
    0x00, 0x00, 0x00, 0x00, 0x00, 0x00, 0x00, 0x00, 0x00, 0x00, 0x00, 0x00, 0x00, 0x00, 0x00, 0x00,
    0x00, 0x00, 0x00, 0x00, 0x00, 0x00, 0x00, 0x00, 0x00, 0x00, 0x00, 0x00, 0x00, 0x00, 0x00, 0x00,
    0x00, 0x00, 0x00, 0x00, 0x00, 0x00, 0x00, 0x00, 0x00, 0x00, 0x00, 0x00, 0x00, 0x00, 0x00, 0x00,
    0x00, 0x00, 0x00, 0x00, 0x00, 0x00, 0x00, 0x00, 0x00, 0x00, 0x00, 0x00, 0x00, 0x00, 0x00, 0x00,
    0x00, 0x00, 0x00, 0x00, 0x00, 0x00, 0x00, 0x00, 0x00, 0x00, 0x00, 0x00, 0x00, 0x00, 0x00, 0x00,
    0x00, 0x00, 0x00, 0x00, 0x00, 0x00, 0x00, 0x00, 0x00, 0x00, 0x00, 0x00, 0x00, 0x00, 0x00, 0x00,
    0x00, 0x00, 0x00, 0x00, 0x00, 0x00, 0x00, 0x00, 0x00, 0x00, 0x00, 0x00, 0x00, 0x00, 0x00, 0x00,
    0x00, 0x00, 0x00, 0x00, 0x00, 0x00, 0x00, 0x00, 0x00, 0x00, 0x00, 0x00, 0x00, 0x00, 0x00, 0x00,
    0x00, 0x00, 0x00, 0x00, 0x00, 0x00, 0x00, 0x00, 0x00, 0x00, 0x00, 0x00, 0x00, 0x00, 0x00, 0x00,
    0x00, 0x00, 0x00, 0x00, 0x00, 0x00, 0x00, 0x00, 0x00, 0x00, 0x00, 0x00, 0x00, 0x00, 0x00, 0x00,
    0x00, 0x00, 0x00, 0x00, 0x00, 0x00, 0x00, 0x00, 0x00, 0x00, 0x00, 0x00, 0x00, 0x00, 0x00, 0x00,
    0x00, 0x00, 0x00, 0x00, 0x00, 0x00, 0x00, 0x00, 0x00, 0x00, 0x00, 0x00, 0x00, 0x00, 0x00, 0x00,
    0x00, 0x00, 0x00, 0x00, 0x00, 0x00, 0x00, 0x00, 0x00, 0x00, 0x00, 0x00, 0x00, 0x00, 0x00, 0x00,
    0x00, 0x00, 0x00, 0x00, 0x00, 0x00, 0x00, 0x00, 0x00, 0x00, 0x00, 0x00, 0x00, 0x00, 0x00, 0x00,
    0x00, 0x00, 0x00, 0x00, 0x00, 0x00, 0x00, 0x00, 0x00, 0x00, 0x00, 0x00, 0x00, 0x00, 0x00, 0x00,
    0x00, 0x00, 0x00, 0x00, 0x00, 0x00, 0x00, 0x00, 0x00, 0x00, 0x00, 0x00, 0x00, 0x00, 0x00, 0x00,
    0x00, 0x00, 0x00, 0x00, 0x00, 0x00, 0x00, 0x00, 0x00, 0x00, 0x00, 0x00, 0x00, 0x00, 0x00, 0x00,
    0x00, 0x00, 0x00, 0x00, 0x00, 0x00, 0xAD, 0x75, 0x00, 0x00, 0x32, 0x3B, 0x2A, 0x1B, 0x2A, 0x1B,
    0x2A, 0x1B, 0x2A, 0x3B, 0x32, 0x3C, 0x32, 0x3C, 0x21, 0xB6, 0x00, 0x00, 0x53, 0x3A, 0x63, 0xDF,
    0x63, 0xDF, 0x63, 0xDF, 0x63, 0xDF, 0x63, 0xDF, 0x63, 0xDF, 0x63, 0xDF, 0x63, 0xDF, 0x6B, 0xFF,
    0x6B, 0xFF, 0x6B, 0xFF, 0x6B, 0xFF, 0x6C, 0x1F, 0x6B, 0xFF, 0x6B, 0xFF, 0x6C, 0x1F, 0x6C, 0x1F,
    0x6C, 0x1F, 0x6B, 0xFF, 0x6B, 0xFF, 0x6B, 0xFF, 0x6B, 0xFF, 0x6B, 0xFF, 0x6B, 0xFF, 0x6B, 0xFF,
    0x6B, 0xFF, 0x63, 0xBF, 0x63, 0xDF, 0x63, 0xDF, 0x63, 0xFF, 0x6B, 0xFF, 0x6B, 0xFF, 0x63, 0xDF,
    0x6B, 0xDF, 0x6B, 0xFF, 0x6C, 0x1F, 0x6C, 0x1F, 0x6C, 0x1F, 0x6B, 0xFF, 0x6B, 0xFF, 0x6B, 0xFF,
    0x6B, 0xFF, 0x6B, 0xFF, 0x6B, 0xFF, 0x63, 0xDF, 0x63, 0xDF, 0x6B, 0xFF, 0x6B, 0xFF, 0x6B, 0xFF,
    0x6B, 0xFF, 0x63, 0xDF, 0x63, 0xBF, 0x63, 0xDF, 0x6C, 0x1F, 0x6C, 0x1F, 0x6C, 0x1F, 0x6C, 0x1F,
    0x6B, 0xFF, 0x6B, 0xFF, 0x63, 0xDF, 0x63, 0xDF, 0x6B, 0xFF, 0x6B, 0xFF, 0x6B, 0xFF, 0x6B, 0xFF,
    0x6B, 0xFF, 0x6B, 0xFF, 0x6B, 0xFF, 0x6B, 0xDF, 0x63, 0xDF, 0x63, 0xDF, 0x63, 0xDF, 0x63, 0xDF,
    0x6B, 0xDF, 0x6B, 0xFF, 0x6B, 0xFF, 0x6B, 0xFF, 0x6C, 0x1F, 0x6C, 0x1F, 0x6C, 0x1F, 0x6B, 0xFF,
    0x2A, 0x1A, 0x29, 0xF9, 0x29, 0xF8, 0x29, 0xF8, 0x29, 0xF9, 0x2A, 0x1A, 0x2A, 0x1B, 0x00, 0x00,
    0xAD, 0x55, 0x00, 0x00, 0x00, 0x00, 0x00, 0x00, 0x00, 0x00, 0x00, 0x00, 0x00, 0x00, 0x00, 0x00,
    0x00, 0x00, 0x00, 0x00, 0x00, 0x00, 0x00, 0x00, 0x00, 0x00, 0x00, 0x00, 0x00, 0x00, 0x00, 0x00,
    0x00, 0x00, 0x00, 0x00, 0x00, 0x00, 0x00, 0x00, 0x00, 0x00, 0x00, 0x00, 0x00, 0x00, 0x00, 0x00,
    0x00, 0x00, 0x00, 0x00, 0x00, 0x00, 0x00, 0x00, 0x00, 0x00, 0x00, 0x00, 0x00, 0x00, 0x00, 0x00,
    0x00, 0x00, 0x00, 0x00, 0x00, 0x00, 0x00, 0x00, 0x00, 0x00, 0x00, 0x00, 0x00, 0x00, 0x00, 0x00,
    0x00, 0x00, 0x00, 0x00, 0x00, 0x00, 0x00, 0x00, 0x00, 0x00, 0x00, 0x00, 0x00, 0x00, 0x00, 0x00,
    0x00, 0x00, 0x00, 0x00, 0x00, 0x00, 0x00, 0x00, 0x00, 0x00, 0x00, 0x00, 0x00, 0x00, 0x00, 0x00,
    0x00, 0x00, 0x00, 0x00, 0x00, 0x00, 0x00, 0x00, 0x00, 0x00, 0x00, 0x00, 0x00, 0x00, 0x00, 0x00,
    0x00, 0x00, 0x00, 0x00, 0x00, 0x00, 0x00, 0x00, 0x00, 0x00, 0x00, 0x00, 0x00, 0x00, 0x00, 0x00,
    0x00, 0x00, 0x00, 0x00, 0x00, 0x00, 0x00, 0x00, 0x00, 0x00, 0x00, 0x00, 0x00, 0x00, 0x00, 0x00,
    0x00, 0x00, 0x00, 0x00, 0x00, 0x00, 0x00, 0x00, 0x00, 0x00, 0x00, 0x00, 0x00, 0x00, 0x00, 0x00,
    0x00, 0x00, 0x00, 0x00, 0x00, 0x00, 0x00, 0x00, 0x00, 0x00, 0x00, 0x00, 0x00, 0x00, 0x00, 0x00,
    0x00, 0x00, 0x00, 0x00, 0x00, 0x00, 0x00, 0x00, 0x00, 0x00, 0x00, 0x00, 0x00, 0x00, 0x00, 0x00,
    0x00, 0x00, 0x00, 0x00, 0x00, 0x00, 0x00, 0x00, 0x00, 0x00, 0x00, 0x00, 0x00, 0x00, 0x00, 0x00,
    0x00, 0x00, 0x00, 0x00, 0x00, 0x00, 0x00, 0x00, 0x00, 0x00, 0x00, 0x00, 0x00, 0x00, 0x00, 0x00,
    0x00, 0x00, 0x00, 0x00, 0x00, 0x00, 0x00, 0x00, 0x00, 0x00, 0x00, 0x00, 0x00, 0x00, 0x00, 0x00,
    0x00, 0x00, 0x00, 0x00, 0x00, 0x00, 0x00, 0x00, 0x00, 0x00, 0x00, 0x00, 0x00, 0x00, 0x00, 0x00,
    0x00, 0x00, 0x00, 0x00, 0x00, 0x00, 0x00, 0x00, 0x00, 0x00, 0x00, 0x00, 0x00, 0x00, 0x00, 0x00,
    0x00, 0x00, 0x00, 0x00, 0x00, 0x00, 0x00, 0x00, 0x00, 0x00, 0x00, 0x00, 0x00, 0x00, 0x00, 0x00,
    0x00, 0x00, 0x00, 0x00, 0x00, 0x00, 0x00, 0x00, 0x00, 0x00, 0x00, 0x00, 0x00, 0x00, 0x00, 0x00,
    0x00, 0x00, 0x00, 0x00, 0x00, 0x00, 0x00, 0x00, 0x00, 0x00, 0x00, 0x00, 0x00, 0x00, 0x00, 0x00,
    0x00, 0x00, 0x00, 0x00, 0x00, 0x00, 0x00, 0x00, 0x00, 0x00, 0x00, 0x00, 0x00, 0x00, 0x00, 0x00,
    0x00, 0x00, 0x00, 0x00, 0x00, 0x00, 0x00, 0x00, 0x00, 0x00, 0x00, 0x00, 0x00, 0x00, 0x00, 0x00,
    0x00, 0x00, 0x00, 0x00, 0x00, 0x00, 0x00, 0x00, 0x00, 0x00, 0x00, 0x00, 0x00, 0x00, 0x00, 0x00,
    0x00, 0x00, 0x00, 0x00, 0x00, 0x00, 0x00, 0x00, 0x00, 0x00, 0x00, 0x00, 0x00, 0x00, 0x00, 0x00,
    0x00, 0x00, 0x00, 0x00, 0x00, 0x00, 0x00, 0x00, 0x00, 0x00, 0x00, 0x00, 0x00, 0x00, 0x00, 0x00,
    0x00, 0x00, 0x00, 0x00, 0x00, 0x00, 0x00, 0x00, 0x00, 0x00, 0x00, 0x00, 0x00, 0x00, 0x00, 0x00,
    0x00, 0x00, 0x00, 0x00, 0x00, 0x00, 0xAD, 0x75, 0x00, 0x00, 0x2A, 0x1B, 0x2A, 0x1A, 0x2A, 0x1B,
    0x2A, 0x3B, 0x2A, 0x1B, 0x2A, 0x1B, 0x2A, 0x1A, 0x21, 0xB5, 0x00, 0x00, 0x53, 0x3A, 0x63, 0xBF,
    0x63, 0xBF, 0x63, 0xBF, 0x63, 0xDF, 0x6B, 0xDF, 0x6B, 0xFF, 0x63, 0xDF, 0x6B, 0xFF, 0x6B, 0xFF,
    0x6B, 0xFF, 0x6B, 0xFF, 0x63, 0xFF, 0x6B, 0xDF, 0x6B, 0xFF, 0x6B, 0xFF, 0x6B, 0xFF, 0x6B, 0xFF,
    0x6B, 0xFF, 0x6B, 0xFF, 0x63, 0xFF, 0x6B, 0xFF, 0x6B, 0xFF, 0x6B, 0xFF, 0x6B, 0xFF, 0x63, 0xDF,
    0x63, 0xBF, 0x63, 0xBF, 0x63, 0xDF, 0x63, 0xDF, 0x6B, 0xFF, 0x6B, 0xFF, 0x63, 0xDF, 0x63, 0xDF,
    0x6B, 0xFF, 0x6C, 0x1F, 0x6C, 0x1F, 0x6B, 0xFF, 0x6B, 0xFF, 0x6B, 0xFF, 0x6B, 0xFF, 0x6B, 0xFF,
    0x63, 0xDF, 0x6B, 0xDF, 0x6B, 0xDF, 0x63, 0xDF, 0x6B, 0xDF, 0x6B, 0xFF, 0x6B, 0xFF, 0x63, 0xDF,
    0x63, 0xDF, 0x63, 0xDF, 0x63, 0xDF, 0x6B, 0xFF, 0x6C, 0x1F, 0x6C, 0x1F, 0x6C, 0x1F, 0x6B, 0xFF,
    0x6B, 0xDF, 0x6B, 0xDF, 0x63, 0xDF, 0x6B, 0xFF, 0x6B, 0xFF, 0x6B, 0xFF, 0x6B, 0xDF, 0x6B, 0xFF,
    0x6B, 0xFF, 0x6B, 0xFF, 0x6B, 0xFF, 0x63, 0xDF, 0x63, 0xBF, 0x63, 0xBF, 0x63, 0xBF, 0x63, 0xDF,
    0x6B, 0xFF, 0x6B, 0xFF, 0x6B, 0xFF, 0x6C, 0x1F, 0x6B, 0xFF, 0x6C, 0x1F, 0x6C, 0x1F, 0x6B, 0xFF,
    0x2A, 0x1A, 0x29, 0xF8, 0x29, 0xF9, 0x2A, 0x1A, 0x2A, 0x1B, 0x32, 0x3B, 0x2A, 0x1B, 0x00, 0x00,
    0xAD, 0x55, 0x00, 0x00, 0x00, 0x00, 0x00, 0x00, 0x00, 0x00, 0x00, 0x00, 0x00, 0x00, 0x00, 0x00,
    0x00, 0x00, 0x00, 0x00, 0x00, 0x00, 0x00, 0x00, 0x00, 0x00, 0x00, 0x00, 0x00, 0x00, 0x00, 0x00,
    0x00, 0x00, 0x00, 0x00, 0x00, 0x00, 0x00, 0x00, 0x00, 0x00, 0x00, 0x00, 0x00, 0x00, 0x00, 0x00,
    0x00, 0x00, 0x00, 0x00, 0x00, 0x00, 0x00, 0x00, 0x00, 0x00, 0x00, 0x00, 0x00, 0x00, 0x00, 0x00,
    0x00, 0x00, 0x00, 0x00, 0x00, 0x00, 0x00, 0x00, 0x00, 0x00, 0x00, 0x00, 0x00, 0x00, 0x00, 0x00,
    0x00, 0x00, 0x00, 0x00, 0x00, 0x00, 0x00, 0x00, 0x00, 0x00, 0x00, 0x00, 0x00, 0x00, 0x00, 0x00,
    0x00, 0x00, 0x00, 0x00, 0x00, 0x00, 0x00, 0x00, 0x00, 0x00, 0x00, 0x00, 0x00, 0x00, 0x00, 0x00,
    0x00, 0x00, 0x00, 0x00, 0x00, 0x00, 0x00, 0x00, 0x00, 0x00, 0x00, 0x00, 0x00, 0x00, 0x00, 0x00,
    0x00, 0x00, 0x00, 0x00, 0x00, 0x00, 0x00, 0x00, 0x00, 0x00, 0x00, 0x00, 0x00, 0x00, 0x00, 0x00,
    0x00, 0x00, 0x00, 0x00, 0x00, 0x00, 0x00, 0x00, 0x00, 0x00, 0x00, 0x00, 0x00, 0x00, 0x00, 0x00,
    0x00, 0x00, 0x00, 0x00, 0x00, 0x00, 0x00, 0x00, 0x00, 0x00, 0x00, 0x00, 0x00, 0x00, 0x00, 0x00,
    0x00, 0x00, 0x00, 0x00, 0x00, 0x00, 0x00, 0x00, 0x00, 0x00, 0x00, 0x00, 0x00, 0x00, 0x00, 0x00,
    0x00, 0x00, 0x00, 0x00, 0x00, 0x00, 0x00, 0x00, 0x00, 0x00, 0x00, 0x00, 0x00, 0x00, 0x00, 0x00,
    0x00, 0x00, 0x00, 0x00, 0x00, 0x00, 0x00, 0x00, 0x00, 0x00, 0x00, 0x00, 0x00, 0x00, 0x00, 0x00,
    0x00, 0x00, 0x00, 0x00, 0x00, 0x00, 0x00, 0x00, 0x00, 0x00, 0x00, 0x00, 0x00, 0x00, 0x00, 0x00,
    0x00, 0x00, 0x00, 0x00, 0x00, 0x00, 0x00, 0x00, 0x00, 0x00, 0x00, 0x00, 0x00, 0x00, 0x00, 0x00,
    0x00, 0x00, 0x00, 0x00, 0x00, 0x00, 0x00, 0x00, 0x00, 0x00, 0x00, 0x00, 0x00, 0x00, 0x00, 0x00,
    0x00, 0x00, 0x00, 0x00, 0x00, 0x00, 0x00, 0x00, 0x00, 0x00, 0x00, 0x00, 0x00, 0x00, 0x00, 0x00,
    0x00, 0x00, 0x00, 0x00, 0x00, 0x00, 0x00, 0x00, 0x00, 0x00, 0x00, 0x00, 0x00, 0x00, 0x00, 0x00,
    0x00, 0x00, 0x00, 0x00, 0x00, 0x00, 0x00, 0x00, 0x00, 0x00, 0x00, 0x00, 0x00, 0x00, 0x00, 0x00,
    0x00, 0x00, 0x00, 0x00, 0x00, 0x00, 0x00, 0x00, 0x00, 0x00, 0x00, 0x00, 0x00, 0x00, 0x00, 0x00,
    0x00, 0x00, 0x00, 0x00, 0x00, 0x00, 0x00, 0x00, 0x00, 0x00, 0x00, 0x00, 0x00, 0x00, 0x00, 0x00,
    0x00, 0x00, 0x00, 0x00, 0x00, 0x00, 0x00, 0x00, 0x00, 0x00, 0x00, 0x00, 0x00, 0x00, 0x00, 0x00,
    0x00, 0x00, 0x00, 0x00, 0x00, 0x00, 0x00, 0x00, 0x00, 0x00, 0x00, 0x00, 0x00, 0x00, 0x00, 0x00,
    0x00, 0x00, 0x00, 0x00, 0x00, 0x00, 0x00, 0x00, 0x00, 0x00, 0x00, 0x00, 0x00, 0x00, 0x00, 0x00,
    0x00, 0x00, 0x00, 0x00, 0x00, 0x00, 0x00, 0x00, 0x00, 0x00, 0x00, 0x00, 0x00, 0x00, 0x00, 0x00,
    0x00, 0x00, 0x00, 0x00, 0x00, 0x00, 0x00, 0x00, 0x00, 0x00, 0x00, 0x00, 0x00, 0x00, 0x00, 0x00,
    0x00, 0x00, 0x00, 0x00, 0x00, 0x00, 0xAD, 0x75, 0x00, 0x00, 0x2A, 0x1B, 0x32, 0x3B, 0x32, 0x3B,
    0x2A, 0x1B, 0x2A, 0x1A, 0x29, 0xF9, 0x29, 0xF8, 0x21, 0xB5, 0x00, 0x00, 0x53, 0x3A, 0x63, 0xDF,
    0x63, 0xDF, 0x63, 0xDF, 0x63, 0xDF, 0x6B, 0xFF, 0x6B, 0xFF, 0x63, 0xDF, 0x63, 0xDF, 0x6B, 0xFF,
    0x6B, 0xDF, 0x63, 0xDF, 0x63, 0xDF, 0x63, 0xDF, 0x63, 0xDF, 0x6B, 0xDF, 0x6B, 0xFF, 0x6B, 0xFF,
    0x6B, 0xFF, 0x6B, 0xFF, 0x6B, 0xFF, 0x6B, 0xFF, 0x6B, 0xFF, 0x6B, 0xDF, 0x63, 0xDF, 0x63, 0xBF,
    0x63, 0xBF, 0x63, 0xBF, 0x63, 0xDF, 0x6B, 0xFF, 0x6B, 0xFF, 0x6B, 0xFF, 0x63, 0xDF, 0x63, 0xBF,
    0x6B, 0xFF, 0x6C, 0x1F, 0x6B, 0xFF, 0x6B, 0xFF, 0x63, 0xFF, 0x6B, 0xFF, 0x6B, 0xFF, 0x63, 0xFF,
    0x63, 0xDF, 0x6B, 0xDF, 0x6B, 0xFF, 0x63, 0xDF, 0x63, 0xDF, 0x63, 0xDF, 0x63, 0xDF, 0x63, 0xBF,
    0x63, 0xBF, 0x63, 0xDF, 0x6B, 0xFF, 0x6B, 0xFF, 0x6B, 0xFF, 0x6B, 0xFF, 0x6B, 0xFF, 0x6B, 0xFF,
    0x63, 0xFF, 0x6B, 0xFF, 0x6B, 0xFF, 0x6B, 0xFF, 0x6B, 0xFF, 0x63, 0xDF, 0x63, 0xDF, 0x6B, 0xFF,
    0x6B, 0xFF, 0x63, 0xDF, 0x6B, 0xDF, 0x63, 0xDF, 0x63, 0xBF, 0x63, 0xDF, 0x63, 0xDF, 0x63, 0xDF,
    0x6B, 0xFF, 0x6B, 0xFF, 0x6B, 0xFF, 0x6B, 0xFF, 0x6B, 0xFF, 0x6B, 0xFF, 0x6B, 0xFF, 0x6B, 0xFF,
    0x2A, 0x1A, 0x2A, 0x19, 0x2A, 0x1B, 0x32, 0x3B, 0x32, 0x3B, 0x32, 0x3B, 0x2A, 0x1A, 0x00, 0x00,
    0xAD, 0x55, 0x00, 0x00, 0x00, 0x00, 0x00, 0x00, 0x00, 0x00, 0x00, 0x00, 0x00, 0x00, 0x00, 0x00,
    0x00, 0x00, 0x00, 0x00, 0x00, 0x00, 0x00, 0x00, 0x00, 0x00, 0x00, 0x00, 0x00, 0x00, 0x00, 0x00,
    0x00, 0x00, 0x00, 0x00, 0x00, 0x00, 0x00, 0x00, 0x00, 0x00, 0x00, 0x00, 0x00, 0x00, 0x00, 0x00,
    0x00, 0x00, 0x00, 0x00, 0x00, 0x00, 0x00, 0x00, 0x00, 0x00, 0x00, 0x00, 0x00, 0x00, 0x00, 0x00,
    0x00, 0x00, 0x00, 0x00, 0x00, 0x00, 0x00, 0x00, 0x00, 0x00, 0x00, 0x00, 0x00, 0x00, 0x00, 0x00,
    0x00, 0x00, 0x00, 0x00, 0x00, 0x00, 0x00, 0x00, 0x00, 0x00, 0x00, 0x00, 0x00, 0x00, 0x00, 0x00,
    0x00, 0x00, 0x00, 0x00, 0x00, 0x00, 0x00, 0x00, 0x00, 0x00, 0x00, 0x00, 0x00, 0x00, 0x00, 0x00,
    0x00, 0x00, 0x00, 0x00, 0x00, 0x00, 0x00, 0x00, 0x00, 0x00, 0x00, 0x00, 0x00, 0x00, 0x00, 0x00,
    0x00, 0x00, 0x00, 0x00, 0x00, 0x00, 0x00, 0x00, 0x00, 0x00, 0x00, 0x00, 0x00, 0x00, 0x00, 0x00,
    0x00, 0x00, 0x00, 0x00, 0x00, 0x00, 0x00, 0x00, 0x00, 0x00, 0x00, 0x00, 0x00, 0x00, 0x00, 0x00,
    0x00, 0x00, 0x00, 0x00, 0x00, 0x00, 0x00, 0x00, 0x00, 0x00, 0x00, 0x00, 0x00, 0x00, 0x00, 0x00,
    0x00, 0x00, 0x00, 0x00, 0x00, 0x00, 0x00, 0x00, 0x00, 0x00, 0x00, 0x00, 0x00, 0x00, 0x00, 0x00,
    0x00, 0x00, 0x00, 0x00, 0x00, 0x00, 0x00, 0x00, 0x00, 0x00, 0x00, 0x00, 0x00, 0x00, 0x00, 0x00,
    0x00, 0x00, 0x00, 0x00, 0x00, 0x00, 0x00, 0x00, 0x00, 0x00, 0x00, 0x00, 0x00, 0x00, 0x00, 0x00,
    0x00, 0x00, 0x00, 0x00, 0x00, 0x00, 0x00, 0x00, 0x00, 0x00, 0x00, 0x00, 0x00, 0x00, 0x00, 0x00,
    0x00, 0x00, 0x00, 0x00, 0x00, 0x00, 0x00, 0x00, 0x00, 0x00, 0x00, 0x00, 0x00, 0x00, 0x00, 0x00,
    0x00, 0x00, 0x00, 0x00, 0x00, 0x00, 0x00, 0x00, 0x00, 0x00, 0x00, 0x00, 0x00, 0x00, 0x00, 0x00,
    0x00, 0x00, 0x00, 0x00, 0x00, 0x00, 0x00, 0x00, 0x00, 0x00, 0x00, 0x00, 0x00, 0x00, 0x00, 0x00,
    0x00, 0x00, 0x00, 0x00, 0x00, 0x00, 0x00, 0x00, 0x00, 0x00, 0x00, 0x00, 0x00, 0x00, 0x00, 0x00,
    0x00, 0x00, 0x00, 0x00, 0x00, 0x00, 0x00, 0x00, 0x00, 0x00, 0x00, 0x00, 0x00, 0x00, 0x00, 0x00,
    0x00, 0x00, 0x00, 0x00, 0x00, 0x00, 0x00, 0x00, 0x00, 0x00, 0x00, 0x00, 0x00, 0x00, 0x00, 0x00,
    0x00, 0x00, 0x00, 0x00, 0x00, 0x00, 0x00, 0x00, 0x00, 0x00, 0x00, 0x00, 0x00, 0x00, 0x00, 0x00,
    0x00, 0x00, 0x00, 0x00, 0x00, 0x00, 0x00, 0x00, 0x00, 0x00, 0x00, 0x00, 0x00, 0x00, 0x00, 0x00,
    0x00, 0x00, 0x00, 0x00, 0x00, 0x00, 0x00, 0x00, 0x00, 0x00, 0x00, 0x00, 0x00, 0x00, 0x00, 0x00,
    0x00, 0x00, 0x00, 0x00, 0x00, 0x00, 0x00, 0x00, 0x00, 0x00, 0x00, 0x00, 0x00, 0x00, 0x00, 0x00,
    0x00, 0x00, 0x00, 0x00, 0x00, 0x00, 0x00, 0x00, 0x00, 0x00, 0x00, 0x00, 0x00, 0x00, 0x00, 0x00,
    0x00, 0x00, 0x00, 0x00, 0x00, 0x00, 0x00, 0x00, 0x00, 0x00, 0x00, 0x00, 0x00, 0x00, 0x00, 0x00,
    0x00, 0x00, 0x00, 0x00, 0x00, 0x00, 0xAD, 0x75, 0x00, 0x00, 0x32, 0x3B, 0x32, 0x3B, 0x2A, 0x1B,
    0x2A, 0x1A, 0x29, 0xF9, 0x29, 0xF8, 0x29, 0xF8, 0x21, 0xB5, 0x00, 0x00, 0x53, 0x3A, 0x63, 0xDF,
    0x63, 0xDF, 0x6B, 0xFF, 0x6B, 0xFF, 0x6B, 0xFF, 0x63, 0xDF, 0x63, 0xDF, 0x63, 0xDF, 0x63, 0xDF,
    0x63, 0xDF, 0x63, 0xDF, 0x63, 0xDF, 0x63, 0xDF, 0x63, 0xDF, 0x6B, 0xFF, 0x6B, 0xFF, 0x6B, 0xFF,
    0x6B, 0xFF, 0x6B, 0xFF, 0x6B, 0xFF, 0x6B, 0xFF, 0x6B, 0xDF, 0x63, 0xBF, 0x63, 0xBF, 0x63, 0xBF,
    0x63, 0xBF, 0x63, 0xDF, 0x63, 0xDF, 0x63, 0xDF, 0x6B, 0xFF, 0x63, 0xDF, 0x63, 0xBF, 0x63, 0xBF,
    0x6B, 0xFF, 0x6B, 0xFF, 0x63, 0xDF, 0x63, 0xDF, 0x6B, 0xDF, 0x6B, 0xFF, 0x63, 0xDF, 0x63, 0xDF,
    0x63, 0xDF, 0x63, 0xDF, 0x63, 0xDF, 0x63, 0xDF, 0x63, 0xDF, 0x63, 0xDF, 0x63, 0xDF, 0x63, 0xDF,
    0x63, 0xDF, 0x6B, 0xFF, 0x6C, 0x1F, 0x6C, 0x1F, 0x6B, 0xFF, 0x6B, 0xFF, 0x6C, 0x1F, 0x6B, 0xFF,
    0x6B, 0xFF, 0x6B, 0xFF, 0x6B, 0xFF, 0x6B, 0xFF, 0x63, 0xDF, 0x63, 0xDF, 0x6B, 0xFF, 0x6B, 0xFF,
    0x6B, 0xFF, 0x63, 0xDF, 0x63, 0xDF, 0x63, 0xBF, 0x63, 0xDF, 0x63, 0xDF, 0x6B, 0xFF, 0x6B, 0xFF,
    0x6B, 0xFF, 0x6B, 0xFF, 0x6B, 0xFF, 0x6B, 0xFF, 0x63, 0xDF, 0x63, 0xDF, 0x63, 0xDF, 0x6B, 0xDF,
    0x2A, 0x1A, 0x2A, 0x1A, 0x32, 0x3B, 0x32, 0x3B, 0x2A, 0x1B, 0x2A, 0x1A, 0x2A, 0x19, 0x00, 0x00,
    0xAD, 0x55, 0x00, 0x00, 0x00, 0x00, 0x00, 0x00, 0x00, 0x00, 0x00, 0x00, 0x00, 0x00, 0x00, 0x00,
    0x00, 0x00, 0x00, 0x00, 0x00, 0x00, 0x00, 0x00, 0x00, 0x00, 0x00, 0x00, 0x00, 0x00, 0x00, 0x00,
    0x00, 0x00, 0x00, 0x00, 0x00, 0x00, 0x00, 0x00, 0x00, 0x00, 0x00, 0x00, 0x00, 0x00, 0x00, 0x00,
    0x00, 0x00, 0x00, 0x00, 0x00, 0x00, 0x00, 0x00, 0x00, 0x00, 0x00, 0x00, 0x00, 0x00, 0x00, 0x00,
    0x00, 0x00, 0x00, 0x00, 0x00, 0x00, 0x00, 0x00, 0x00, 0x00, 0x00, 0x00, 0x00, 0x00, 0x00, 0x00,
    0x00, 0x00, 0x00, 0x00, 0x00, 0x00, 0x00, 0x00, 0x00, 0x00, 0x00, 0x00, 0x00, 0x00, 0x00, 0x00,
    0x00, 0x00, 0x00, 0x00, 0x00, 0x00, 0x00, 0x00, 0x00, 0x00, 0x00, 0x00, 0x00, 0x00, 0x00, 0x00,
    0x00, 0x00, 0x00, 0x00, 0x00, 0x00, 0x00, 0x00, 0x00, 0x00, 0x00, 0x00, 0x00, 0x00, 0x00, 0x00,
    0x00, 0x00, 0x00, 0x00, 0x00, 0x00, 0x00, 0x00, 0x00, 0x00, 0x00, 0x00, 0x00, 0x00, 0x00, 0x00,
    0x00, 0x00, 0x00, 0x00, 0x00, 0x00, 0x00, 0x00, 0x00, 0x00, 0x00, 0x00, 0x00, 0x00, 0x00, 0x00,
    0x00, 0x00, 0x00, 0x00, 0x00, 0x00, 0x00, 0x00, 0x00, 0x00, 0x00, 0x00, 0x00, 0x00, 0x00, 0x00,
    0x00, 0x00, 0x00, 0x00, 0x00, 0x00, 0x00, 0x00, 0x00, 0x00, 0x00, 0x00, 0x00, 0x00, 0x00, 0x00,
    0x00, 0x00, 0x00, 0x00, 0x00, 0x00, 0x00, 0x00, 0x00, 0x00, 0x00, 0x00, 0x00, 0x00, 0x00, 0x00,
    0x00, 0x00, 0x00, 0x00, 0x00, 0x00, 0x00, 0x00, 0x00, 0x00, 0x00, 0x00, 0x00, 0x00, 0x00, 0x00,
    0x00, 0x00, 0x00, 0x00, 0x00, 0x00, 0x00, 0x00, 0x00, 0x00, 0x00, 0x00, 0x00, 0x00, 0x00, 0x00,
    0x00, 0x00, 0x00, 0x00, 0x00, 0x00, 0x00, 0x00, 0x00, 0x00, 0x00, 0x00, 0x00, 0x00, 0x00, 0x00,
    0x00, 0x00, 0x00, 0x00, 0x00, 0x00, 0x00, 0x00, 0x00, 0x00, 0x00, 0x00, 0x00, 0x00, 0x00, 0x00,
    0x00, 0x00, 0x00, 0x00, 0x00, 0x00, 0x00, 0x00, 0x00, 0x00, 0x00, 0x00, 0x00, 0x00, 0x00, 0x00,
    0x00, 0x00, 0x00, 0x00, 0x00, 0x00, 0x00, 0x00, 0x00, 0x00, 0x00, 0x00, 0x00, 0x00, 0x00, 0x00,
    0x00, 0x00, 0x00, 0x00, 0x00, 0x00, 0x00, 0x00, 0x00, 0x00, 0x00, 0x00, 0x00, 0x00, 0x00, 0x00,
    0x00, 0x00, 0x00, 0x00, 0x00, 0x00, 0x00, 0x00, 0x00, 0x00, 0x00, 0x00, 0x00, 0x00, 0x00, 0x00,
    0x00, 0x00, 0x00, 0x00, 0x00, 0x00, 0x00, 0x00, 0x00, 0x00, 0x00, 0x00, 0x00, 0x00, 0x00, 0x00,
    0x00, 0x00, 0x00, 0x00, 0x00, 0x00, 0x00, 0x00, 0x00, 0x00, 0x00, 0x00, 0x00, 0x00, 0x00, 0x00,
    0x00, 0x00, 0x00, 0x00, 0x00, 0x00, 0x00, 0x00, 0x00, 0x00, 0x00, 0x00, 0x00, 0x00, 0x00, 0x00,
    0x00, 0x00, 0x00, 0x00, 0x00, 0x00, 0x00, 0x00, 0x00, 0x00, 0x00, 0x00, 0x00, 0x00, 0x00, 0x00,
    0x00, 0x00, 0x00, 0x00, 0x00, 0x00, 0x00, 0x00, 0x00, 0x00, 0x00, 0x00, 0x00, 0x00, 0x00, 0x00,
    0x00, 0x00, 0x00, 0x00, 0x00, 0x00, 0x00, 0x00, 0x00, 0x00, 0x00, 0x00, 0x00, 0x00, 0x00, 0x00,
    0x00, 0x00, 0x00, 0x00, 0x00, 0x00, 0xAD, 0x75, 0x00, 0x00, 0x2A, 0x1B, 0x2A, 0x1A, 0x29, 0xF9,
    0x29, 0xF8, 0x29, 0xF8, 0x29, 0xF8, 0x29, 0xF9, 0x21, 0xB5, 0x00, 0x00, 0x53, 0x3A, 0x63, 0xDF,
    0x6B, 0xFF, 0x6B, 0xFF, 0x6B, 0xFF, 0x63, 0xDF, 0x63, 0xDF, 0x63, 0xDF, 0x63, 0xDF, 0x63, 0xDF,
    0x63, 0xDF, 0x63, 0xDF, 0x63, 0xDF, 0x63, 0xDF, 0x6B, 0xDF, 0x6B, 0xFF, 0x6B, 0xFF, 0x6B, 0xFF,
    0x6B, 0xFF, 0x6B, 0xFF, 0x6B, 0xDF, 0x63, 0xDF, 0x63, 0xBF, 0x63, 0xBF, 0x63, 0xBF, 0x63, 0xBF,
    0x63, 0xDF, 0x63, 0xDF, 0x63, 0xDF, 0x63, 0xDF, 0x63, 0xDF, 0x63, 0xDF, 0x63, 0xDF, 0x63, 0xDF,
    0x6B, 0xFF, 0x6B, 0xFF, 0x63, 0xDF, 0x63, 0xDF, 0x6B, 0xFF, 0x6B, 0xDF, 0x63, 0xDF, 0x63, 0xBF,
    0x63, 0xDF, 0x63, 0xDF, 0x63, 0xDF, 0x63, 0xDF, 0x6B, 0xFF, 0x6B, 0xFF, 0x6B, 0xFF, 0x6B, 0xFF,
    0x6B, 0xFF, 0x6B, 0xFF, 0x6C, 0x1F, 0x6C, 0x1F, 0x6B, 0xFF, 0x6B, 0xFF, 0x6B, 0xFF, 0x6B, 0xDF,
    0x6B, 0xFF, 0x6B, 0xFF, 0x6B, 0xDF, 0x63, 0xDF, 0x63, 0xDF, 0x63, 0xDF, 0x6B, 0xFF, 0x6B, 0xFF,
    0x6B, 0xFF, 0x63, 0xDF, 0x63, 0xBF, 0x63, 0xDF, 0x63, 0xDF, 0x6B, 0xFF, 0x6B, 0xFF, 0x6B, 0xFF,
    0x6B, 0xFF, 0x6B, 0xFF, 0x63, 0xDF, 0x63, 0xDF, 0x63, 0xDF, 0x63, 0xDF, 0x63, 0xDF, 0x6B, 0xDF,
    0x2A, 0x1A, 0x2A, 0x1A, 0x2A, 0x1A, 0x29, 0xF9, 0x2A, 0x1A, 0x29, 0xF9, 0x29, 0xF8, 0x00, 0x00,
    0xAD, 0x55, 0x00, 0x00, 0x00, 0x00, 0x00, 0x00, 0x00, 0x00, 0x00, 0x00, 0x00, 0x00, 0x00, 0x00,
    0x00, 0x00, 0x00, 0x00, 0x00, 0x00, 0x00, 0x00, 0x00, 0x00, 0x00, 0x00, 0x00, 0x00, 0x00, 0x00,
    0x00, 0x00, 0x00, 0x00, 0x00, 0x00, 0x00, 0x00, 0x00, 0x00, 0x00, 0x00, 0x00, 0x00, 0x00, 0x00,
    0x00, 0x00, 0x00, 0x00, 0x00, 0x00, 0x00, 0x00, 0x00, 0x00, 0x00, 0x00, 0x00, 0x00, 0x00, 0x00,
    0x00, 0x00, 0x00, 0x00, 0x00, 0x00, 0x00, 0x00, 0x00, 0x00, 0x00, 0x00, 0x00, 0x00, 0x00, 0x00,
    0x00, 0x00, 0x00, 0x00, 0x00, 0x00, 0x00, 0x00, 0x00, 0x00, 0x00, 0x00, 0x00, 0x00, 0x00, 0x00,
    0x00, 0x00, 0x00, 0x00, 0x00, 0x00, 0x00, 0x00, 0x00, 0x00, 0x00, 0x00, 0x00, 0x00, 0x00, 0x00,
    0x00, 0x00, 0x00, 0x00, 0x00, 0x00, 0x00, 0x00, 0x00, 0x00, 0x00, 0x00, 0x00, 0x00, 0x00, 0x00,
    0x00, 0x00, 0x00, 0x00, 0x00, 0x00, 0x00, 0x00, 0x00, 0x00, 0x00, 0x00, 0x00, 0x00, 0x00, 0x00,
    0x00, 0x00, 0x00, 0x00, 0x00, 0x00, 0x00, 0x00, 0x00, 0x00, 0x00, 0x00, 0x00, 0x00, 0x00, 0x00,
    0x00, 0x00, 0x00, 0x00, 0x00, 0x00, 0x00, 0x00, 0x00, 0x00, 0x00, 0x00, 0x00, 0x00, 0x00, 0x00,
    0x00, 0x00, 0x00, 0x00, 0x00, 0x00, 0x00, 0x00, 0x00, 0x00, 0x00, 0x00, 0x00, 0x00, 0x00, 0x00,
    0x00, 0x00, 0x00, 0x00, 0x00, 0x00, 0x00, 0x00, 0x00, 0x00, 0x00, 0x00, 0x00, 0x00, 0x00, 0x00,
    0x00, 0x00, 0x00, 0x00, 0x00, 0x00, 0x00, 0x00, 0x00, 0x00, 0x00, 0x00, 0x00, 0x00, 0x00, 0x00,
    0x00, 0x00, 0x00, 0x00, 0x00, 0x00, 0x00, 0x00, 0x00, 0x00, 0x00, 0x00, 0x00, 0x00, 0x00, 0x00,
    0x00, 0x00, 0x00, 0x00, 0x00, 0x00, 0x00, 0x00, 0x00, 0x00, 0x00, 0x00, 0x00, 0x00, 0x00, 0x00,
    0x00, 0x00, 0x00, 0x00, 0x00, 0x00, 0x00, 0x00, 0x00, 0x00, 0x00, 0x00, 0x00, 0x00, 0x00, 0x00,
    0x00, 0x00, 0x00, 0x00, 0x00, 0x00, 0x00, 0x00, 0x00, 0x00, 0x00, 0x00, 0x00, 0x00, 0x00, 0x00,
    0x00, 0x00, 0x00, 0x00, 0x00, 0x00, 0x00, 0x00, 0x00, 0x00, 0x00, 0x00, 0x00, 0x00, 0x00, 0x00,
    0x00, 0x00, 0x00, 0x00, 0x00, 0x00, 0x00, 0x00, 0x00, 0x00, 0x00, 0x00, 0x00, 0x00, 0x00, 0x00,
    0x00, 0x00, 0x00, 0x00, 0x00, 0x00, 0x00, 0x00, 0x00, 0x00, 0x00, 0x00, 0x00, 0x00, 0x00, 0x00,
    0x00, 0x00, 0x00, 0x00, 0x00, 0x00, 0x00, 0x00, 0x00, 0x00, 0x00, 0x00, 0x00, 0x00, 0x00, 0x00,
    0x00, 0x00, 0x00, 0x00, 0x00, 0x00, 0x00, 0x00, 0x00, 0x00, 0x00, 0x00, 0x00, 0x00, 0x00, 0x00,
    0x00, 0x00, 0x00, 0x00, 0x00, 0x00, 0x00, 0x00, 0x00, 0x00, 0x00, 0x00, 0x00, 0x00, 0x00, 0x00,
    0x00, 0x00, 0x00, 0x00, 0x00, 0x00, 0x00, 0x00, 0x00, 0x00, 0x00, 0x00, 0x00, 0x00, 0x00, 0x00,
    0x00, 0x00, 0x00, 0x00, 0x00, 0x00, 0x00, 0x00, 0x00, 0x00, 0x00, 0x00, 0x00, 0x00, 0x00, 0x00,
    0x00, 0x00, 0x00, 0x00, 0x00, 0x00, 0x00, 0x00, 0x00, 0x00, 0x00, 0x00, 0x00, 0x00, 0x00, 0x00,
    0x00, 0x00, 0x00, 0x00, 0x00, 0x00, 0xAD, 0x75, 0x00, 0x00, 0x2A, 0x1A, 0x29, 0xF9, 0x29, 0xF8,
    0x29, 0xF8, 0x29, 0xF9, 0x29, 0xF9, 0x29, 0xF9, 0x21, 0xB5, 0x00, 0x00, 0x53, 0x3A, 0x63, 0xDF,
    0x63, 0xDF, 0x63, 0xDF, 0x63, 0xDF, 0x63, 0xBF, 0x63, 0xBF, 0x63, 0xBF, 0x63, 0xDF, 0x63, 0xDF,
    0x63, 0xDF, 0x63, 0xDF, 0x63, 0xDF, 0x63, 0xDF, 0x6B, 0xFF, 0x6B, 0xFF, 0x6B, 0xFF, 0x6B, 0xFF,
    0x6B, 0xFF, 0x63, 0xDF, 0x63, 0xBF, 0x63, 0xBF, 0x63, 0xBF, 0x63, 0xBF, 0x63, 0xDF, 0x63, 0xBF,
    0x63, 0xDF, 0x63, 0xDF, 0x63, 0xDF, 0x63, 0xBF, 0x63, 0xDF, 0x63, 0xDF, 0x63, 0xDF, 0x6B, 0xDF,
    0x6B, 0xFF, 0x6B, 0xFF, 0x6B, 0xFF, 0x6B, 0xFF, 0x6B, 0xFF, 0x63, 0xDF, 0x63, 0xBF, 0x63, 0xDF,
    0x63, 0xDF, 0x6B, 0xFF, 0x6B, 0xFF, 0x6B, 0xFF, 0x6B, 0xFF, 0x6B, 0xFF, 0x6B, 0xFF, 0x6B, 0xFF,
    0x6B, 0xFF, 0x6B, 0xFF, 0x6B, 0xFF, 0x6B, 0xFF, 0x6B, 0xDF, 0x63, 0xDF, 0x63, 0xDF, 0x63, 0xBF,
    0x63, 0xDF, 0x6B, 0xFF, 0x63, 0xDF, 0x63, 0xDF, 0x63, 0xDF, 0x63, 0xDF, 0x6B, 0xFF, 0x63, 0xDF,
    0x63, 0xBF, 0x63, 0xBF, 0x63, 0xBF, 0x63, 0xDF, 0x63, 0xDF, 0x63, 0xDF, 0x63, 0xDF, 0x63, 0xDF,
    0x63, 0xDF, 0x63, 0xDF, 0x63, 0xDF, 0x63, 0xDF, 0x63, 0xDF, 0x63, 0xDF, 0x63, 0xDF, 0x63, 0xDF,
    0x2A, 0x1A, 0x29, 0xF9, 0x29, 0xF9, 0x29, 0xF9, 0x29, 0xF8, 0x29, 0xF8, 0x29, 0xF8, 0x00, 0x00,
    0xAD, 0x55, 0x00, 0x00, 0x00, 0x00, 0x00, 0x00, 0x00, 0x00, 0x00, 0x00, 0x00, 0x00, 0x00, 0x00,
    0x00, 0x00, 0x00, 0x00, 0x00, 0x00, 0x00, 0x00, 0x00, 0x00, 0x00, 0x00, 0x00, 0x00, 0x00, 0x00,
    0x00, 0x00, 0x00, 0x00, 0x00, 0x00, 0x00, 0x00, 0x00, 0x00, 0x00, 0x00, 0x00, 0x00, 0x00, 0x00,
    0x00, 0x00, 0x00, 0x00, 0x00, 0x00, 0x00, 0x00, 0x00, 0x00, 0x00, 0x00, 0x00, 0x00, 0x00, 0x00,
    0x00, 0x00, 0x00, 0x00, 0x00, 0x00, 0x00, 0x00, 0x00, 0x00, 0x00, 0x00, 0x00, 0x00, 0x00, 0x00,
    0x00, 0x00, 0x00, 0x00, 0x00, 0x00, 0x00, 0x00, 0x00, 0x00, 0x00, 0x00, 0x00, 0x00, 0x00, 0x00,
    0x00, 0x00, 0x00, 0x00, 0x00, 0x00, 0x00, 0x00, 0x00, 0x00, 0x00, 0x00, 0x00, 0x00, 0x00, 0x00,
    0x00, 0x00, 0x00, 0x00, 0x00, 0x00, 0x00, 0x00, 0x00, 0x00, 0x00, 0x00, 0x00, 0x00, 0x00, 0x00,
    0x00, 0x00, 0x00, 0x00, 0x00, 0x00, 0x00, 0x00, 0x00, 0x00, 0x00, 0x00, 0x00, 0x00, 0x00, 0x00,
    0x00, 0x00, 0x00, 0x00, 0x00, 0x00, 0x00, 0x00, 0x00, 0x00, 0x00, 0x00, 0x00, 0x00, 0x00, 0x00,
    0x00, 0x00, 0x00, 0x00, 0x00, 0x00, 0x00, 0x00, 0x00, 0x00, 0x00, 0x00, 0x00, 0x00, 0x00, 0x00,
    0x00, 0x00, 0x00, 0x00, 0x00, 0x00, 0x00, 0x00, 0x00, 0x00, 0x00, 0x00, 0x00, 0x00, 0x00, 0x00,
    0x00, 0x00, 0x00, 0x00, 0x00, 0x00, 0x00, 0x00, 0x00, 0x00, 0x00, 0x00, 0x00, 0x00, 0x00, 0x00,
    0x00, 0x00, 0x00, 0x00, 0x00, 0x00, 0x00, 0x00, 0x00, 0x00, 0x00, 0x00, 0x00, 0x00, 0x00, 0x00,
    0x00, 0x00, 0x00, 0x00, 0x00, 0x00, 0x00, 0x00, 0x00, 0x00, 0x00, 0x00, 0x00, 0x00, 0x00, 0x00,
    0x00, 0x00, 0x00, 0x00, 0x00, 0x00, 0x00, 0x00, 0x00, 0x00, 0x00, 0x00, 0x00, 0x00, 0x00, 0x00,
    0x00, 0x00, 0x00, 0x00, 0x00, 0x00, 0x00, 0x00, 0x00, 0x00, 0x00, 0x00, 0x00, 0x00, 0x00, 0x00,
    0x00, 0x00, 0x00, 0x00, 0x00, 0x00, 0x00, 0x00, 0x00, 0x00, 0x00, 0x00, 0x00, 0x00, 0x00, 0x00,
    0x00, 0x00, 0x00, 0x00, 0x00, 0x00, 0x00, 0x00, 0x00, 0x00, 0x00, 0x00, 0x00, 0x00, 0x00, 0x00,
    0x00, 0x00, 0x00, 0x00, 0x00, 0x00, 0x00, 0x00, 0x00, 0x00, 0x00, 0x00, 0x00, 0x00, 0x00, 0x00,
    0x00, 0x00, 0x00, 0x00, 0x00, 0x00, 0x00, 0x00, 0x00, 0x00, 0x00, 0x00, 0x00, 0x00, 0x00, 0x00,
    0x00, 0x00, 0x00, 0x00, 0x00, 0x00, 0x00, 0x00, 0x00, 0x00, 0x00, 0x00, 0x00, 0x00, 0x00, 0x00,
    0x00, 0x00, 0x00, 0x00, 0x00, 0x00, 0x00, 0x00, 0x00, 0x00, 0x00, 0x00, 0x00, 0x00, 0x00, 0x00,
    0x00, 0x00, 0x00, 0x00, 0x00, 0x00, 0x00, 0x00, 0x00, 0x00, 0x00, 0x00, 0x00, 0x00, 0x00, 0x00,
    0x00, 0x00, 0x00, 0x00, 0x00, 0x00, 0x00, 0x00, 0x00, 0x00, 0x00, 0x00, 0x00, 0x00, 0x00, 0x00,
    0x00, 0x00, 0x00, 0x00, 0x00, 0x00, 0x00, 0x00, 0x00, 0x00, 0x00, 0x00, 0x00, 0x00, 0x00, 0x00,
    0x00, 0x00, 0x00, 0x00, 0x00, 0x00, 0x00, 0x00, 0x00, 0x00, 0x00, 0x00, 0x00, 0x00, 0x00, 0x00,
    0x00, 0x00, 0x00, 0x00, 0x00, 0x00, 0xAD, 0x75, 0x00, 0x00, 0x29, 0xF9, 0x29, 0xF8, 0x29, 0xF8,
    0x29, 0xF8, 0x29, 0xF9, 0x29, 0xF9, 0x2A, 0x1A, 0x21, 0xB5, 0x00, 0x00, 0x53, 0x3A, 0x63, 0xDF,
    0x63, 0xDF, 0x63, 0xBF, 0x63, 0xBF, 0x63, 0xBE, 0x63, 0xBF, 0x63, 0xBF, 0x63, 0xDF, 0x63, 0xDF,
    0x63, 0xDF, 0x63, 0xDF, 0x63, 0xDF, 0x63, 0xDF, 0x6B, 0xFF, 0x6B, 0xFF, 0x6B, 0xDF, 0x6B, 0xDF,
    0x63, 0xDF, 0x63, 0xDF, 0x63, 0xBF, 0x63, 0xBF, 0x63, 0xBF, 0x63, 0xDF, 0x63, 0xDF, 0x63, 0xDF,
    0x63, 0xDF, 0x63, 0xDF, 0x63, 0xDF, 0x63, 0xDF, 0x63, 0xDF, 0x6B, 0xFF, 0x63, 0xDF, 0x63, 0xDF,
    0x6B, 0xFF, 0x6B, 0xFF, 0x6B, 0xFF, 0x6B, 0xFF, 0x6B, 0xFF, 0x63, 0xDF, 0x63, 0xDF, 0x6B, 0xFF,
    0x6B, 0xFF, 0x6B, 0xFF, 0x6B, 0xFF, 0x6B, 0xFF, 0x6B, 0xDF, 0x63, 0xDF, 0x63, 0xBF, 0x63, 0xDF,
    0x63, 0xDF, 0x63, 0xDF, 0x63, 0xDF, 0x63, 0xDF, 0x63, 0xBF, 0x63, 0xBE, 0x63, 0xBF, 0x63, 0xBF,
    0x63, 0xDF, 0x63, 0xDF, 0x63, 0xDF, 0x63, 0xDF, 0x63, 0xDF, 0x63, 0xDF, 0x63, 0xDF, 0x63, 0xBF,
    0x63, 0xBF, 0x63, 0xBF, 0x63, 0xBF, 0x63, 0xDF, 0x63, 0xDF, 0x63, 0xDF, 0x63, 0xDF, 0x63, 0xDF,
    0x63, 0xDF, 0x63, 0xBF, 0x63, 0xDF, 0x63, 0xDF, 0x63, 0xDF, 0x6B, 0xDF, 0x63, 0xDF, 0x63, 0xDF,
    0x2A, 0x19, 0x29, 0xF9, 0x29, 0xF9, 0x29, 0xF9, 0x29, 0xF9, 0x29, 0xF9, 0x29, 0xF9, 0x00, 0x00,
    0xAD, 0x55, 0x00, 0x00, 0x00, 0x00, 0x00, 0x00, 0x00, 0x00, 0x00, 0x00, 0x00, 0x00, 0x00, 0x00,
    0x00, 0x00, 0x00, 0x00, 0x00, 0x00, 0x00, 0x00, 0x00, 0x00, 0x00, 0x00, 0x00, 0x00, 0x00, 0x00,
    0x00, 0x00, 0x00, 0x00, 0x00, 0x00, 0x00, 0x00, 0x00, 0x00, 0x00, 0x00, 0x00, 0x00, 0x00, 0x00,
    0x00, 0x00, 0x00, 0x00, 0x00, 0x00, 0x00, 0x00, 0x00, 0x00, 0x00, 0x00, 0x00, 0x00, 0x00, 0x00,
    0x00, 0x00, 0x00, 0x00, 0x00, 0x00, 0x00, 0x00, 0x00, 0x00, 0x00, 0x00, 0x00, 0x00, 0x00, 0x00,
    0x00, 0x00, 0x00, 0x00, 0x00, 0x00, 0x00, 0x00, 0x00, 0x00, 0x00, 0x00, 0x00, 0x00, 0x00, 0x00,
    0x00, 0x00, 0x00, 0x00, 0x00, 0x00, 0x00, 0x00, 0x00, 0x00, 0x00, 0x00, 0x00, 0x00, 0x00, 0x00,
    0x00, 0x00, 0x00, 0x00, 0x00, 0x00, 0x00, 0x00, 0x00, 0x00, 0x00, 0x00, 0x00, 0x00, 0x00, 0x00,
    0x00, 0x00, 0x00, 0x00, 0x00, 0x00, 0x00, 0x00, 0x00, 0x00, 0x00, 0x00, 0x00, 0x00, 0x00, 0x00,
    0x00, 0x00, 0x00, 0x00, 0x00, 0x00, 0x00, 0x00, 0x00, 0x00, 0x00, 0x00, 0x00, 0x00, 0x00, 0x00,
    0x00, 0x00, 0x00, 0x00, 0x00, 0x00, 0x00, 0x00, 0x00, 0x00, 0x00, 0x00, 0x00, 0x00, 0x00, 0x00,
    0x00, 0x00, 0x00, 0x00, 0x00, 0x00, 0x00, 0x00, 0x00, 0x00, 0x00, 0x00, 0x00, 0x00, 0x00, 0x00,
    0x00, 0x00, 0x00, 0x00, 0x00, 0x00, 0x00, 0x00, 0x00, 0x00, 0x00, 0x00, 0x00, 0x00, 0x00, 0x00,
    0x00, 0x00, 0x00, 0x00, 0x00, 0x00, 0x00, 0x00, 0x00, 0x00, 0x00, 0x00, 0x00, 0x00, 0x00, 0x00,
    0x00, 0x00, 0x00, 0x00, 0x00, 0x00, 0x00, 0x00, 0x00, 0x00, 0x00, 0x00, 0x00, 0x00, 0x00, 0x00,
    0x00, 0x00, 0x00, 0x00, 0x00, 0x00, 0x00, 0x00, 0x00, 0x00, 0x00, 0x00, 0x00, 0x00, 0x00, 0x00,
    0x00, 0x00, 0x00, 0x00, 0x00, 0x00, 0x00, 0x00, 0x00, 0x00, 0x00, 0x00, 0x00, 0x00, 0x00, 0x00,
    0x00, 0x00, 0x00, 0x00, 0x00, 0x00, 0x00, 0x00, 0x00, 0x00, 0x00, 0x00, 0x00, 0x00, 0x00, 0x00,
    0x00, 0x00, 0x00, 0x00, 0x00, 0x00, 0x00, 0x00, 0x00, 0x00, 0x00, 0x00, 0x00, 0x00, 0x00, 0x00,
    0x00, 0x00, 0x00, 0x00, 0x00, 0x00, 0x00, 0x00, 0x00, 0x00, 0x00, 0x00, 0x00, 0x00, 0x00, 0x00,
    0x00, 0x00, 0x00, 0x00, 0x00, 0x00, 0x00, 0x00, 0x00, 0x00, 0x00, 0x00, 0x00, 0x00, 0x00, 0x00,
    0x00, 0x00, 0x00, 0x00, 0x00, 0x00, 0x00, 0x00, 0x00, 0x00, 0x00, 0x00, 0x00, 0x00, 0x00, 0x00,
    0x00, 0x00, 0x00, 0x00, 0x00, 0x00, 0x00, 0x00, 0x00, 0x00, 0x00, 0x00, 0x00, 0x00, 0x00, 0x00,
    0x00, 0x00, 0x00, 0x00, 0x00, 0x00, 0x00, 0x00, 0x00, 0x00, 0x00, 0x00, 0x00, 0x00, 0x00, 0x00,
    0x00, 0x00, 0x00, 0x00, 0x00, 0x00, 0x00, 0x00, 0x00, 0x00, 0x00, 0x00, 0x00, 0x00, 0x00, 0x00,
    0x00, 0x00, 0x00, 0x00, 0x00, 0x00, 0x00, 0x00, 0x00, 0x00, 0x00, 0x00, 0x00, 0x00, 0x00, 0x00,
    0x00, 0x00, 0x00, 0x00, 0x00, 0x00, 0x00, 0x00, 0x00, 0x00, 0x00, 0x00, 0x00, 0x00, 0x00, 0x00,
    0x00, 0x00, 0x00, 0x00, 0x00, 0x00, 0xAD, 0x75, 0x00, 0x00, 0x2A, 0x1A, 0x29, 0xF9, 0x29, 0xF9,
    0x29, 0xF9, 0x2A, 0x1A, 0x2A, 0x1A, 0x2A, 0x1A, 0x21, 0xB5, 0x00, 0x00, 0x53, 0x3A, 0x63, 0xDF,
    0x63, 0xDF, 0x63, 0xBF, 0x63, 0xDF, 0x63, 0xBF, 0x63, 0xBF, 0x63, 0xDF, 0x6B, 0xDF, 0x6B, 0xDF,
    0x6B, 0xFF, 0x6B, 0xFF, 0x6B, 0xFF, 0x6B, 0xFF, 0x6B, 0xFF, 0x6B, 0xDF, 0x6B, 0xFF, 0x63, 0xDF,
    0x63, 0xDF, 0x63, 0xDF, 0x63, 0xDF, 0x63, 0xDF, 0x63, 0xBF, 0x63, 0xDF, 0x63, 0xDF, 0x6B, 0xDF,
    0x63, 0xDF, 0x63, 0xDF, 0x63, 0xDF, 0x63, 0xDF, 0x6B, 0xFF, 0x6B, 0xFF, 0x6B, 0xFF, 0x63, 0xDF,
    0x6B, 0xFF, 0x6B, 0xFF, 0x6B, 0xFF, 0x6B, 0xFF, 0x63, 0xBF, 0x63, 0xBE, 0x63, 0xDF, 0x6B, 0xFF,
    0x6B, 0xFF, 0x63, 0xDF, 0x63, 0xBF, 0x63, 0xBE, 0x63, 0xBE, 0x63, 0x9E, 0x63, 0x9E, 0x63, 0xBE,
    0x63, 0xBE, 0x63, 0xBF, 0x63, 0xBF, 0x63, 0x9E, 0x63, 0x9D, 0x63, 0xBE, 0x63, 0xDF, 0x63, 0xDF,
    0x6B, 0xFF, 0x6B, 0xFF, 0x63, 0xDF, 0x63, 0xDF, 0x6B, 0xFF, 0x6B, 0xDF, 0x63, 0xDF, 0x63, 0xBF,
    0x63, 0xBF, 0x63, 0xDF, 0x63, 0xBF, 0x63, 0xDF, 0x63, 0xDF, 0x63, 0xDF, 0x63, 0xDF, 0x63, 0xDF,
    0x63, 0xDF, 0x63, 0xDF, 0x63, 0xDF, 0x6B, 0xFF, 0x6B, 0xFF, 0x6B, 0xFF, 0x6B, 0xFF, 0x63, 0xDF,
    0x2A, 0x19, 0x2A, 0x19, 0x29, 0xF9, 0x29, 0xF9, 0x29, 0xF9, 0x29, 0xF9, 0x2A, 0x19, 0x00, 0x00,
    0xAD, 0x55, 0x00, 0x00, 0x00, 0x00, 0x00, 0x00, 0x00, 0x00, 0x00, 0x00, 0x00, 0x00, 0x00, 0x00,
    0x00, 0x00, 0x00, 0x00, 0x00, 0x00, 0x00, 0x00, 0x00, 0x00, 0x00, 0x00, 0x00, 0x00, 0x00, 0x00,
    0x00, 0x00, 0x00, 0x00, 0x00, 0x00, 0x00, 0x00, 0x00, 0x00, 0x00, 0x00, 0x00, 0x00, 0x00, 0x00,
    0x00, 0x00, 0x00, 0x00, 0x00, 0x00, 0x00, 0x00, 0x00, 0x00, 0x00, 0x00, 0x00, 0x00, 0x00, 0x00,
    0x00, 0x00, 0x00, 0x00, 0x00, 0x00, 0x00, 0x00, 0x00, 0x00, 0x00, 0x00, 0x00, 0x00, 0x00, 0x00,
    0x00, 0x00, 0x00, 0x00, 0x00, 0x00, 0x00, 0x00, 0x00, 0x00, 0x00, 0x00, 0x00, 0x00, 0x00, 0x00,
    0x00, 0x00, 0x00, 0x00, 0x00, 0x00, 0x00, 0x00, 0x00, 0x00, 0x00, 0x00, 0x00, 0x00, 0x00, 0x00,
    0x00, 0x00, 0x00, 0x00, 0x00, 0x00, 0x00, 0x00, 0x00, 0x00, 0x00, 0x00, 0x00, 0x00, 0x00, 0x00,
    0x00, 0x00, 0x00, 0x00, 0x00, 0x00, 0x00, 0x00, 0x00, 0x00, 0x00, 0x00, 0x00, 0x00, 0x00, 0x00,
    0x00, 0x00, 0x00, 0x00, 0x00, 0x00, 0x00, 0x00, 0x00, 0x00, 0x00, 0x00, 0x00, 0x00, 0x00, 0x00,
    0x00, 0x00, 0x00, 0x00, 0x00, 0x00, 0x00, 0x00, 0x00, 0x00, 0x00, 0x00, 0x00, 0x00, 0x00, 0x00,
    0x00, 0x00, 0x00, 0x00, 0x00, 0x00, 0x00, 0x00, 0x00, 0x00, 0x00, 0x00, 0x00, 0x00, 0x00, 0x00,
    0x00, 0x00, 0x00, 0x00, 0x00, 0x00, 0x00, 0x00, 0x00, 0x00, 0x00, 0x00, 0x00, 0x00, 0x00, 0x00,
    0x00, 0x00, 0x00, 0x00, 0x00, 0x00, 0x00, 0x00, 0x00, 0x00, 0x00, 0x00, 0x00, 0x00, 0x00, 0x00,
    0x00, 0x00, 0x00, 0x00, 0x00, 0x00, 0x00, 0x00, 0x00, 0x00, 0x00, 0x00, 0x00, 0x00, 0x00, 0x00,
    0x00, 0x00, 0x00, 0x00, 0x00, 0x00, 0x00, 0x00, 0x00, 0x00, 0x00, 0x00, 0x00, 0x00, 0x00, 0x00,
    0x00, 0x00, 0x00, 0x00, 0x00, 0x00, 0x00, 0x00, 0x00, 0x00, 0x00, 0x00, 0x00, 0x00, 0x00, 0x00,
    0x00, 0x00, 0x00, 0x00, 0x00, 0x00, 0x00, 0x00, 0x00, 0x00, 0x00, 0x00, 0x00, 0x00, 0x00, 0x00,
    0x00, 0x00, 0x00, 0x00, 0x00, 0x00, 0x00, 0x00, 0x00, 0x00, 0x00, 0x00, 0x00, 0x00, 0x00, 0x00,
    0x00, 0x00, 0x00, 0x00, 0x00, 0x00, 0x00, 0x00, 0x00, 0x00, 0x00, 0x00, 0x00, 0x00, 0x00, 0x00,
    0x00, 0x00, 0x00, 0x00, 0x00, 0x00, 0x00, 0x00, 0x00, 0x00, 0x00, 0x00, 0x00, 0x00, 0x00, 0x00,
    0x00, 0x00, 0x00, 0x00, 0x00, 0x00, 0x00, 0x00, 0x00, 0x00, 0x00, 0x00, 0x00, 0x00, 0x00, 0x00,
    0x00, 0x00, 0x00, 0x00, 0x00, 0x00, 0x00, 0x00, 0x00, 0x00, 0x00, 0x00, 0x00, 0x00, 0x00, 0x00,
    0x00, 0x00, 0x00, 0x00, 0x00, 0x00, 0x00, 0x00, 0x00, 0x00, 0x00, 0x00, 0x00, 0x00, 0x00, 0x00,
    0x00, 0x00, 0x00, 0x00, 0x00, 0x00, 0x00, 0x00, 0x00, 0x00, 0x00, 0x00, 0x00, 0x00, 0x00, 0x00,
    0x00, 0x00, 0x00, 0x00, 0x00, 0x00, 0x00, 0x00, 0x00, 0x00, 0x00, 0x00, 0x00, 0x00, 0x00, 0x00,
    0x00, 0x00, 0x00, 0x00, 0x00, 0x00, 0x00, 0x00, 0x00, 0x00, 0x00, 0x00, 0x00, 0x00, 0x00, 0x00,
    0x00, 0x00, 0x00, 0x00, 0x00, 0x00, 0xAD, 0x75, 0x00, 0x00, 0x2A, 0x1A, 0x2A, 0x19, 0x29, 0xF9,
    0x2A, 0x19, 0x2A, 0x19, 0x2A, 0x19, 0x29, 0xF9, 0x21, 0xB5, 0x00, 0x00, 0x53, 0x1A, 0x63, 0xDF,
    0x63, 0xDF, 0x63, 0xBF, 0x63, 0xBF, 0x63, 0xBF, 0x63, 0xDF, 0x63, 0xDF, 0x6B, 0xDF, 0x63, 0xDF,
    0x63, 0xDF, 0x63, 0xDF, 0x63, 0xDF, 0x63, 0xDF, 0x63, 0xDF, 0x63, 0xDF, 0x63, 0xDF, 0x63, 0xDF,
    0x63, 0xDF, 0x63, 0xDF, 0x63, 0xDF, 0x63, 0xDF, 0x63, 0xDF, 0x63, 0xDF, 0x63, 0xDF, 0x63, 0xBF,
    0x63, 0xBF, 0x63, 0xBF, 0x63, 0xDF, 0x63, 0xDF, 0x6B, 0xDF, 0x6B, 0xDF, 0x63, 0xDF, 0x63, 0xDF,
    0x6B, 0xFF, 0x6B, 0xFF, 0x6B, 0xDF, 0x63, 0xDF, 0x63, 0xBE, 0x63, 0x9D, 0x63, 0xDF, 0x63, 0xDF,
    0x63, 0xBF, 0x63, 0xBE, 0x63, 0x9E, 0x63, 0x9E, 0x63, 0x9D, 0x63, 0x9E, 0x63, 0x9E, 0x63, 0xBF,
    0x63, 0xBF, 0x63, 0xBF, 0x63, 0xBF, 0x63, 0x9E, 0x63, 0xBE, 0x63, 0xDF, 0x6B, 0xFF, 0x6B, 0xFF,
    0x6B, 0xFF, 0x6B, 0xFF, 0x63, 0xDF, 0x63, 0xDF, 0x6B, 0xDF, 0x63, 0xDF, 0x63, 0xBF, 0x63, 0xBF,
    0x63, 0xBF, 0x63, 0xDF, 0x63, 0xBF, 0x63, 0xDF, 0x63, 0xDF, 0x63, 0xDF, 0x63, 0xDF, 0x63, 0xDF,
    0x63, 0xDF, 0x63, 0xDF, 0x63, 0xDF, 0x6B, 0xFF, 0x6B, 0xFF, 0x63, 0xDF, 0x63, 0xDF, 0x63, 0xDF,
    0x2A, 0x19, 0x29, 0xF9, 0x29, 0xF9, 0x29, 0xF9, 0x29, 0xF9, 0x29, 0xF9, 0x2A, 0x19, 0x00, 0x00,
    0xAD, 0x55, 0x00, 0x00, 0x00, 0x00, 0x00, 0x00, 0x00, 0x00, 0x00, 0x00, 0x00, 0x00, 0x00, 0x00,
    0x00, 0x00, 0x00, 0x00, 0x00, 0x00, 0x00, 0x00, 0x00, 0x00, 0x00, 0x00, 0x00, 0x00, 0x00, 0x00,
    0x00, 0x00, 0x00, 0x00, 0x00, 0x00, 0x00, 0x00, 0x00, 0x00, 0x00, 0x00, 0x00, 0x00, 0x00, 0x00,
    0x00, 0x00, 0x00, 0x00, 0x00, 0x00, 0x00, 0x00, 0x00, 0x00, 0x00, 0x00, 0x00, 0x00, 0x00, 0x00,
    0x00, 0x00, 0x00, 0x00, 0x00, 0x00, 0x00, 0x00, 0x00, 0x00, 0x00, 0x00, 0x00, 0x00, 0x00, 0x00,
    0x00, 0x00, 0x00, 0x00, 0x00, 0x00, 0x00, 0x00, 0x00, 0x00, 0x00, 0x00, 0x00, 0x00, 0x00, 0x00,
    0x00, 0x00, 0x00, 0x00, 0x00, 0x00, 0x00, 0x00, 0x00, 0x00, 0x00, 0x00, 0x00, 0x00, 0x00, 0x00,
    0x00, 0x00, 0x00, 0x00, 0x00, 0x00, 0x00, 0x00, 0x00, 0x00, 0x00, 0x00, 0x00, 0x00, 0x00, 0x00,
    0x00, 0x00, 0x00, 0x00, 0x00, 0x00, 0x00, 0x00, 0x00, 0x00, 0x00, 0x00, 0x00, 0x00, 0x00, 0x00,
    0x00, 0x00, 0x00, 0x00, 0x00, 0x00, 0x00, 0x00, 0x00, 0x00, 0x00, 0x00, 0x00, 0x00, 0x00, 0x00,
    0x00, 0x00, 0x00, 0x00, 0x00, 0x00, 0x00, 0x00, 0x00, 0x00, 0x00, 0x00, 0x00, 0x00, 0x00, 0x00,
    0x00, 0x00, 0x00, 0x00, 0x00, 0x00, 0x00, 0x00, 0x00, 0x00, 0x00, 0x00, 0x00, 0x00, 0x00, 0x00,
    0x00, 0x00, 0x00, 0x00, 0x00, 0x00, 0x00, 0x00, 0x00, 0x00, 0x00, 0x00, 0x00, 0x00, 0x00, 0x00,
    0x00, 0x00, 0x00, 0x00, 0x00, 0x00, 0x00, 0x00, 0x00, 0x00, 0x00, 0x00, 0x00, 0x00, 0x00, 0x00,
    0x00, 0x00, 0x00, 0x00, 0x00, 0x00, 0x00, 0x00, 0x00, 0x00, 0x00, 0x00, 0x00, 0x00, 0x00, 0x00,
    0x00, 0x00, 0x00, 0x00, 0x00, 0x00, 0x00, 0x00, 0x00, 0x00, 0x00, 0x00, 0x00, 0x00, 0x00, 0x00,
    0x00, 0x00, 0x00, 0x00, 0x00, 0x00, 0x00, 0x00, 0x00, 0x00, 0x00, 0x00, 0x00, 0x00, 0x00, 0x00,
    0x00, 0x00, 0x00, 0x00, 0x00, 0x00, 0x00, 0x00, 0x00, 0x00, 0x00, 0x00, 0x00, 0x00, 0x00, 0x00,
    0x00, 0x00, 0x00, 0x00, 0x00, 0x00, 0x00, 0x00, 0x00, 0x00, 0x00, 0x00, 0x00, 0x00, 0x00, 0x00,
    0x00, 0x00, 0x00, 0x00, 0x00, 0x00, 0x00, 0x00, 0x00, 0x00, 0x00, 0x00, 0x00, 0x00, 0x00, 0x00,
    0x00, 0x00, 0x00, 0x00, 0x00, 0x00, 0x00, 0x00, 0x00, 0x00, 0x00, 0x00, 0x00, 0x00, 0x00, 0x00,
    0x00, 0x00, 0x00, 0x00, 0x00, 0x00, 0x00, 0x00, 0x00, 0x00, 0x00, 0x00, 0x00, 0x00, 0x00, 0x00,
    0x00, 0x00, 0x00, 0x00, 0x00, 0x00, 0x00, 0x00, 0x00, 0x00, 0x00, 0x00, 0x00, 0x00, 0x00, 0x00,
    0x00, 0x00, 0x00, 0x00, 0x00, 0x00, 0x00, 0x00, 0x00, 0x00, 0x00, 0x00, 0x00, 0x00, 0x00, 0x00,
    0x00, 0x00, 0x00, 0x00, 0x00, 0x00, 0x00, 0x00, 0x00, 0x00, 0x00, 0x00, 0x00, 0x00, 0x00, 0x00,
    0x00, 0x00, 0x00, 0x00, 0x00, 0x00, 0x00, 0x00, 0x00, 0x00, 0x00, 0x00, 0x00, 0x00, 0x00, 0x00,
    0x00, 0x00, 0x00, 0x00, 0x00, 0x00, 0x00, 0x00, 0x00, 0x00, 0x00, 0x00, 0x00, 0x00, 0x00, 0x00,
    0x00, 0x00, 0x00, 0x00, 0x00, 0x00, 0xAD, 0x75, 0x00, 0x00, 0x2A, 0x19, 0x29, 0xF9, 0x29, 0xF8,
    0x29, 0xF9, 0x29, 0xF8, 0x29, 0xF8, 0x29, 0xF8, 0x21, 0xB4, 0x00, 0x00, 0x53, 0x1A, 0x63, 0xDF,
    0x63, 0xBF, 0x63, 0xBF, 0x63, 0xBF, 0x63, 0xDF, 0x63, 0xDF, 0x63, 0xDF, 0x63, 0xDF, 0x63, 0xBF,
    0x63, 0xDF, 0x63, 0xDF, 0x63, 0xDF, 0x63, 0xDF, 0x63, 0xBF, 0x63, 0xDF, 0x63, 0xDF, 0x63, 0xDF,
    0x63, 0xDF, 0x63, 0xDF, 0x63, 0xBF, 0x63, 0xBF, 0x63, 0xBF, 0x63, 0xBF, 0x63, 0xBE, 0x63, 0xBE,
    0x63, 0xBF, 0x63, 0xBF, 0x63, 0xDF, 0x63, 0xDF, 0x63, 0xDF, 0x63, 0xDF, 0x63, 0xBF, 0x63, 0xDF,
    0x63, 0xDF, 0x63, 0xBF, 0x63, 0xBE, 0x63, 0xBF, 0x63, 0xBF, 0x63, 0xDF, 0x6B, 0xFF, 0x6B, 0xFF,
    0x63, 0xDF, 0x63, 0xBF, 0x63, 0xBF, 0x63, 0xBF, 0x63, 0xDF, 0x63, 0xDF, 0x63, 0xBF, 0x63, 0xBF,
    0x63, 0xDF, 0x63, 0xBF, 0x63, 0xDF, 0x63, 0xDF, 0x63, 0xDF, 0x6B, 0xFF, 0x6C, 0x1F, 0x6B, 0xFF,
    0x63, 0xDF, 0x63, 0xBF, 0x63, 0xBE, 0x63, 0xBF, 0x63, 0xBF, 0x63, 0xBF, 0x63, 0x9E, 0x63, 0xBE,
    0x63, 0xBF, 0x63, 0xDF, 0x63, 0xDF, 0x63, 0xBF, 0x63, 0xBF, 0x63, 0xDF, 0x63, 0xDF, 0x63, 0xDF,
    0x63, 0xDF, 0x63, 0xDF, 0x63, 0xDF, 0x6B, 0xFF, 0x63, 0xDF, 0x63, 0xDF, 0x63, 0xDF, 0x63, 0xDF,
    0x29, 0xF9, 0x29, 0xF8, 0x29, 0xF9, 0x2A, 0x1A, 0x2A, 0x1A, 0x2A, 0x1A, 0x2A, 0x1A, 0x00, 0x00,
    0xAD, 0x55, 0x00, 0x00, 0x00, 0x00, 0x00, 0x00, 0x00, 0x00, 0x00, 0x00, 0x00, 0x00, 0x00, 0x00,
    0x00, 0x00, 0x00, 0x00, 0x00, 0x00, 0x00, 0x00, 0x00, 0x00, 0x00, 0x00, 0x00, 0x00, 0x00, 0x00,
    0x00, 0x00, 0x00, 0x00, 0x00, 0x00, 0x00, 0x00, 0x00, 0x00, 0x00, 0x00, 0x00, 0x00, 0x00, 0x00,
    0x00, 0x00, 0x00, 0x00, 0x00, 0x00, 0x00, 0x00, 0x00, 0x00, 0x00, 0x00, 0x00, 0x00, 0x00, 0x00,
    0x00, 0x00, 0x00, 0x00, 0x00, 0x00, 0x00, 0x00, 0x00, 0x00, 0x00, 0x00, 0x00, 0x00, 0x00, 0x00,
    0x00, 0x00, 0x00, 0x00, 0x00, 0x00, 0x00, 0x00, 0x00, 0x00, 0x00, 0x00, 0x00, 0x00, 0x00, 0x00,
    0x00, 0x00, 0x00, 0x00, 0x00, 0x00, 0x00, 0x00, 0x00, 0x00, 0x00, 0x00, 0x00, 0x00, 0x00, 0x00,
    0x00, 0x00, 0x00, 0x00, 0x00, 0x00, 0x00, 0x00, 0x00, 0x00, 0x00, 0x00, 0x00, 0x00, 0x00, 0x00,
    0x00, 0x00, 0x00, 0x00, 0x00, 0x00, 0x00, 0x00, 0x00, 0x00, 0x00, 0x00, 0x00, 0x00, 0x00, 0x00,
    0x00, 0x00, 0x00, 0x00, 0x00, 0x00, 0x00, 0x00, 0x00, 0x00, 0x00, 0x00, 0x00, 0x00, 0x00, 0x00,
    0x00, 0x00, 0x00, 0x00, 0x00, 0x00, 0x00, 0x00, 0x00, 0x00, 0x00, 0x00, 0x00, 0x00, 0x00, 0x00,
    0x00, 0x00, 0x00, 0x00, 0x00, 0x00, 0x00, 0x00, 0x00, 0x00, 0x00, 0x00, 0x00, 0x00, 0x00, 0x00,
    0x00, 0x00, 0x00, 0x00, 0x00, 0x00, 0x00, 0x00, 0x00, 0x00, 0x00, 0x00, 0x00, 0x00, 0x00, 0x00,
    0x00, 0x00, 0x00, 0x00, 0x00, 0x00, 0x00, 0x00, 0x00, 0x00, 0x00, 0x00, 0x00, 0x00, 0x00, 0x00,
    0x00, 0x00, 0x00, 0x00, 0x00, 0x00, 0x00, 0x00, 0x00, 0x00, 0x00, 0x00, 0x00, 0x00, 0x00, 0x00,
    0x00, 0x00, 0x00, 0x00, 0x00, 0x00, 0x00, 0x00, 0x00, 0x00, 0x00, 0x00, 0x00, 0x00, 0x00, 0x00,
    0x00, 0x00, 0x00, 0x00, 0x00, 0x00, 0x00, 0x00, 0x00, 0x00, 0x00, 0x00, 0x00, 0x00, 0x00, 0x00,
    0x00, 0x00, 0x00, 0x00, 0x00, 0x00, 0x00, 0x00, 0x00, 0x00, 0x00, 0x00, 0x00, 0x00, 0x00, 0x00,
    0x00, 0x00, 0x00, 0x00, 0x00, 0x00, 0x00, 0x00, 0x00, 0x00, 0x00, 0x00, 0x00, 0x00, 0x00, 0x00,
    0x00, 0x00, 0x00, 0x00, 0x00, 0x00, 0x00, 0x00, 0x00, 0x00, 0x00, 0x00, 0x00, 0x00, 0x00, 0x00,
    0x00, 0x00, 0x00, 0x00, 0x00, 0x00, 0x00, 0x00, 0x00, 0x00, 0x00, 0x00, 0x00, 0x00, 0x00, 0x00,
    0x00, 0x00, 0x00, 0x00, 0x00, 0x00, 0x00, 0x00, 0x00, 0x00, 0x00, 0x00, 0x00, 0x00, 0x00, 0x00,
    0x00, 0x00, 0x00, 0x00, 0x00, 0x00, 0x00, 0x00, 0x00, 0x00, 0x00, 0x00, 0x00, 0x00, 0x00, 0x00,
    0x00, 0x00, 0x00, 0x00, 0x00, 0x00, 0x00, 0x00, 0x00, 0x00, 0x00, 0x00, 0x00, 0x00, 0x00, 0x00,
    0x00, 0x00, 0x00, 0x00, 0x00, 0x00, 0x00, 0x00, 0x00, 0x00, 0x00, 0x00, 0x00, 0x00, 0x00, 0x00,
    0x00, 0x00, 0x00, 0x00, 0x00, 0x00, 0x00, 0x00, 0x00, 0x00, 0x00, 0x00, 0x00, 0x00, 0x00, 0x00,
    0x00, 0x00, 0x00, 0x00, 0x00, 0x00, 0x00, 0x00, 0x00, 0x00, 0x00, 0x00, 0x00, 0x00, 0x00, 0x00,
    0x00, 0x00, 0x00, 0x00, 0x00, 0x00, 0xAD, 0x75, 0x00, 0x00, 0x29, 0xF8, 0x29, 0xF8, 0x29, 0xF8,
    0x29, 0xF9, 0x29, 0xF9, 0x29, 0xF9, 0x29, 0xF9, 0x21, 0x94, 0x00, 0x00, 0x53, 0x1A, 0x63, 0xBF,
    0x63, 0xDF, 0x63, 0xDF, 0x63, 0xDF, 0x63, 0xDF, 0x63, 0xDF, 0x63, 0xDF, 0x63, 0xBF, 0x63, 0xBF,
    0x63, 0xBF, 0x63, 0xDF, 0x63, 0xDF, 0x63, 0xBF, 0x63, 0xDF, 0x63, 0xDF, 0x63, 0xDF, 0x63, 0xBF,
    0x63, 0xBF, 0x63, 0xBF, 0x63, 0xBF, 0x63, 0xBF, 0x63, 0xBF, 0x63, 0xBF, 0x63, 0xBF, 0x63, 0xDF,
    0x63, 0xDF, 0x63, 0xDF, 0x63, 0xDF, 0x63, 0xDF, 0x63, 0xDF, 0x63, 0xBF, 0x63, 0xBF, 0x63, 0xBF,
    0x63, 0xBF, 0x63, 0x9D, 0x63, 0x9E, 0x63, 0xDF, 0x63, 0xDF, 0x6B, 0xDF, 0x6B, 0xFF, 0x6B, 0xDF,
    0x63, 0xBF, 0x63, 0xBF, 0x63, 0xBF, 0x63, 0xBF, 0x63, 0xDF, 0x63, 0xDF, 0x63, 0xDF, 0x63, 0xDF,
    0x63, 0xBF, 0x63, 0xBF, 0x63, 0xDF, 0x6B, 0xFF, 0x6B, 0xDF, 0x6B, 0xFF, 0x6B, 0xFF, 0x63, 0xDF,
    0x63, 0x9E, 0x63, 0x9D, 0x63, 0xBE, 0x63, 0xBF, 0x63, 0xBF, 0x63, 0xBF, 0x63, 0xBF, 0x63, 0xBF,
    0x63, 0xDF, 0x63, 0xDF, 0x63, 0xDF, 0x63, 0xBF, 0x63, 0xBF, 0x63, 0xBF, 0x63, 0xDF, 0x6B, 0xDF,
    0x6B, 0xDF, 0x6B, 0xDF, 0x6B, 0xFF, 0x6B, 0xFF, 0x63, 0xDF, 0x63, 0xBF, 0x63, 0xDF, 0x63, 0xDF,
    0x29, 0xF9, 0x29, 0xF9, 0x2A, 0x1A, 0x2A, 0x1A, 0x2A, 0x1A, 0x2A, 0x19, 0x29, 0xF9, 0x00, 0x00,
    0xAD, 0x55, 0x00, 0x00, 0x00, 0x00, 0x00, 0x00, 0x00, 0x00, 0x00, 0x00, 0x00, 0x00, 0x00, 0x00,
    0x00, 0x00, 0x00, 0x00, 0x00, 0x00, 0x00, 0x00, 0x00, 0x00, 0x00, 0x00, 0x00, 0x00, 0x00, 0x00,
    0x00, 0x00, 0x00, 0x00, 0x00, 0x00, 0x00, 0x00, 0x00, 0x00, 0x00, 0x00, 0x00, 0x00, 0x00, 0x00,
    0x00, 0x00, 0x00, 0x00, 0x00, 0x00, 0x00, 0x00, 0x00, 0x00, 0x00, 0x00, 0x00, 0x00, 0x00, 0x00,
    0x00, 0x00, 0x00, 0x00, 0x00, 0x00, 0x00, 0x00, 0x00, 0x00, 0x00, 0x00, 0x00, 0x00, 0x00, 0x00,
    0x00, 0x00, 0x00, 0x00, 0x00, 0x00, 0x00, 0x00, 0x00, 0x00, 0x00, 0x00, 0x00, 0x00, 0x00, 0x00,
    0x00, 0x00, 0x00, 0x00, 0x00, 0x00, 0x00, 0x00, 0x00, 0x00, 0x00, 0x00, 0x00, 0x00, 0x00, 0x00,
    0x00, 0x00, 0x00, 0x00, 0x00, 0x00, 0x00, 0x00, 0x00, 0x00, 0x00, 0x00, 0x00, 0x00, 0x00, 0x00,
    0x00, 0x00, 0x00, 0x00, 0x00, 0x00, 0x00, 0x00, 0x00, 0x00, 0x00, 0x00, 0x00, 0x00, 0x00, 0x00,
    0x00, 0x00, 0x00, 0x00, 0x00, 0x00, 0x00, 0x00, 0x00, 0x00, 0x00, 0x00, 0x00, 0x00, 0x00, 0x00,
    0x00, 0x00, 0x00, 0x00, 0x00, 0x00, 0x00, 0x00, 0x00, 0x00, 0x00, 0x00, 0x00, 0x00, 0x00, 0x00,
    0x00, 0x00, 0x00, 0x00, 0x00, 0x00, 0x00, 0x00, 0x00, 0x00, 0x00, 0x00, 0x00, 0x00, 0x00, 0x00,
    0x00, 0x00, 0x00, 0x00, 0x00, 0x00, 0x00, 0x00, 0x00, 0x00, 0x00, 0x00, 0x00, 0x00, 0x00, 0x00,
    0x00, 0x00, 0x00, 0x00, 0x00, 0x00, 0x00, 0x00, 0x00, 0x00, 0x00, 0x00, 0x00, 0x00, 0x00, 0x00,
    0x00, 0x00, 0x00, 0x00, 0x00, 0x00, 0x00, 0x00, 0x00, 0x00, 0x00, 0x00, 0x00, 0x00, 0x00, 0x00,
    0x00, 0x00, 0x00, 0x00, 0x00, 0x00, 0x00, 0x00, 0x00, 0x00, 0x00, 0x00, 0x00, 0x00, 0x00, 0x00,
    0x00, 0x00, 0x00, 0x00, 0x00, 0x00, 0x00, 0x00, 0x00, 0x00, 0x00, 0x00, 0x00, 0x00, 0x00, 0x00,
    0x00, 0x00, 0x00, 0x00, 0x00, 0x00, 0x00, 0x00, 0x00, 0x00, 0x00, 0x00, 0x00, 0x00, 0x00, 0x00,
    0x00, 0x00, 0x00, 0x00, 0x00, 0x00, 0x00, 0x00, 0x00, 0x00, 0x00, 0x00, 0x00, 0x00, 0x00, 0x00,
    0x00, 0x00, 0x00, 0x00, 0x00, 0x00, 0x00, 0x00, 0x00, 0x00, 0x00, 0x00, 0x00, 0x00, 0x00, 0x00,
    0x00, 0x00, 0x00, 0x00, 0x00, 0x00, 0x00, 0x00, 0x00, 0x00, 0x00, 0x00, 0x00, 0x00, 0x00, 0x00,
    0x00, 0x00, 0x00, 0x00, 0x00, 0x00, 0x00, 0x00, 0x00, 0x00, 0x00, 0x00, 0x00, 0x00, 0x00, 0x00,
    0x00, 0x00, 0x00, 0x00, 0x00, 0x00, 0x00, 0x00, 0x00, 0x00, 0x00, 0x00, 0x00, 0x00, 0x00, 0x00,
    0x00, 0x00, 0x00, 0x00, 0x00, 0x00, 0x00, 0x00, 0x00, 0x00, 0x00, 0x00, 0x00, 0x00, 0x00, 0x00,
    0x00, 0x00, 0x00, 0x00, 0x00, 0x00, 0x00, 0x00, 0x00, 0x00, 0x00, 0x00, 0x00, 0x00, 0x00, 0x00,
    0x00, 0x00, 0x00, 0x00, 0x00, 0x00, 0x00, 0x00, 0x00, 0x00, 0x00, 0x00, 0x00, 0x00, 0x00, 0x00,
    0x00, 0x00, 0x00, 0x00, 0x00, 0x00, 0x00, 0x00, 0x00, 0x00, 0x00, 0x00, 0x00, 0x00, 0x00, 0x00,
    0x00, 0x00, 0x00, 0x00, 0x00, 0x00, 0xAD, 0x75, 0x00, 0x00, 0x29, 0xF9, 0x29, 0xF9, 0x29, 0xF9,
    0x29, 0xF9, 0x2A, 0x1A, 0x2A, 0x1A, 0x2A, 0x1A, 0x21, 0x94, 0x00, 0x00, 0x53, 0x1A, 0x63, 0xBF,
    0x63, 0xDF, 0x63, 0xDF, 0x63, 0xDF, 0x63, 0xBF, 0x63, 0xDF, 0x63, 0xDF, 0x63, 0xBF, 0x63, 0xBE,
    0x63, 0xBF, 0x63, 0xBF, 0x63, 0xBF, 0x63, 0xBF, 0x63, 0xDF, 0x63, 0xDF, 0x63, 0xBF, 0x63, 0xBF,
    0x63, 0xDF, 0x63, 0xDF, 0x63, 0xBF, 0x63, 0xBF, 0x63, 0xBF, 0x63, 0xDF, 0x63, 0xDF, 0x63, 0xDF,
    0x63, 0xDF, 0x63, 0xDF, 0x63, 0xDF, 0x63, 0xDF, 0x63, 0xBF, 0x63, 0xBF, 0x63, 0xBF, 0x63, 0xBF,
    0x63, 0xBF, 0x63, 0xBF, 0x6B, 0xFF, 0x6B, 0xFF, 0x6B, 0xDF, 0x63, 0xDF, 0x63, 0xBE, 0x63, 0x9E,
    0x63, 0x9D, 0x63, 0x9E, 0x63, 0xBE, 0x63, 0xBE, 0x63, 0xBE, 0x63, 0xBF, 0x63, 0xBE, 0x63, 0xBE,
    0x63, 0xBF, 0x63, 0xDF, 0x63, 0xDF, 0x6B, 0xDF, 0x63, 0xDF, 0x63, 0xDF, 0x63, 0xDF, 0x63, 0xBF,
    0x63, 0x9D, 0x63, 0x9E, 0x63, 0xBF, 0x63, 0xDF, 0x63, 0xDF, 0x63, 0xDF, 0x63, 0xDF, 0x63, 0xDF,
    0x63, 0xDF, 0x63, 0xDF, 0x63, 0xDF, 0x63, 0xBF, 0x63, 0xBE, 0x63, 0xBF, 0x63, 0xDF, 0x63, 0xDF,
    0x6B, 0xDF, 0x63, 0xDF, 0x63, 0xDF, 0x63, 0xDF, 0x63, 0xDF, 0x63, 0xBF, 0x63, 0xBF, 0x63, 0xBF,
    0x29, 0xF8, 0x29, 0xF9, 0x2A, 0x19, 0x29, 0xF9, 0x29, 0xF8, 0x29, 0xF8, 0x29, 0xF8, 0x00, 0x00,
    0xAD, 0x55, 0x00, 0x00, 0x00, 0x00, 0x00, 0x00, 0x00, 0x00, 0x00, 0x00, 0x00, 0x00, 0x00, 0x00,
    0x00, 0x00, 0x00, 0x00, 0x00, 0x00, 0x00, 0x00, 0x00, 0x00, 0x00, 0x00, 0x00, 0x00, 0x00, 0x00,
    0x00, 0x00, 0x00, 0x00, 0x00, 0x00, 0x00, 0x00, 0x00, 0x00, 0x00, 0x00, 0x00, 0x00, 0x00, 0x00,
    0x00, 0x00, 0x00, 0x00, 0x00, 0x00, 0x00, 0x00, 0x00, 0x00, 0x00, 0x00, 0x00, 0x00, 0x00, 0x00,
    0x00, 0x00, 0x00, 0x00, 0x00, 0x00, 0x00, 0x00, 0x00, 0x00, 0x00, 0x00, 0x00, 0x00, 0x00, 0x00,
    0x00, 0x00, 0x00, 0x00, 0x00, 0x00, 0x00, 0x00, 0x00, 0x00, 0x00, 0x00, 0x00, 0x00, 0x00, 0x00,
    0x00, 0x00, 0x00, 0x00, 0x00, 0x00, 0x00, 0x00, 0x00, 0x00, 0x00, 0x00, 0x00, 0x00, 0x00, 0x00,
    0x00, 0x00, 0x00, 0x00, 0x00, 0x00, 0x00, 0x00, 0x00, 0x00, 0x00, 0x00, 0x00, 0x00, 0x00, 0x00,
    0x00, 0x00, 0x00, 0x00, 0x00, 0x00, 0x00, 0x00, 0x00, 0x00, 0x00, 0x00, 0x00, 0x00, 0x00, 0x00,
    0x00, 0x00, 0x00, 0x00, 0x00, 0x00, 0x00, 0x00, 0x00, 0x00, 0x00, 0x00, 0x00, 0x00, 0x00, 0x00,
    0x00, 0x00, 0x00, 0x00, 0x00, 0x00, 0x00, 0x00, 0x00, 0x00, 0x00, 0x00, 0x00, 0x00, 0x00, 0x00,
    0x00, 0x00, 0x00, 0x00, 0x00, 0x00, 0x00, 0x00, 0x00, 0x00, 0x00, 0x00, 0x00, 0x00, 0x00, 0x00,
    0x00, 0x00, 0x00, 0x00, 0x00, 0x00, 0x00, 0x00, 0x00, 0x00, 0x00, 0x00, 0x00, 0x00, 0x00, 0x00,
    0x00, 0x00, 0x00, 0x00, 0x00, 0x00, 0x00, 0x00, 0x00, 0x00, 0x00, 0x00, 0x00, 0x00, 0x00, 0x00,
    0x00, 0x00, 0x00, 0x00, 0x00, 0x00, 0x00, 0x00, 0x00, 0x00, 0x00, 0x00, 0x00, 0x00, 0x00, 0x00,
    0x00, 0x00, 0x00, 0x00, 0x00, 0x00, 0x00, 0x00, 0x00, 0x00, 0x00, 0x00, 0x00, 0x00, 0x00, 0x00,
    0x00, 0x00, 0x00, 0x00, 0x00, 0x00, 0x00, 0x00, 0x00, 0x00, 0x00, 0x00, 0x00, 0x00, 0x00, 0x00,
    0x00, 0x00, 0x00, 0x00, 0x00, 0x00, 0x00, 0x00, 0x00, 0x00, 0x00, 0x00, 0x00, 0x00, 0x00, 0x00,
    0x00, 0x00, 0x00, 0x00, 0x00, 0x00, 0x00, 0x00, 0x00, 0x00, 0x00, 0x00, 0x00, 0x00, 0x00, 0x00,
    0x00, 0x00, 0x00, 0x00, 0x00, 0x00, 0x00, 0x00, 0x00, 0x00, 0x00, 0x00, 0x00, 0x00, 0x00, 0x00,
    0x00, 0x00, 0x00, 0x00, 0x00, 0x00, 0x00, 0x00, 0x00, 0x00, 0x00, 0x00, 0x00, 0x00, 0x00, 0x00,
    0x00, 0x00, 0x00, 0x00, 0x00, 0x00, 0x00, 0x00, 0x00, 0x00, 0x00, 0x00, 0x00, 0x00, 0x00, 0x00,
    0x00, 0x00, 0x00, 0x00, 0x00, 0x00, 0x00, 0x00, 0x00, 0x00, 0x00, 0x00, 0x00, 0x00, 0x00, 0x00,
    0x00, 0x00, 0x00, 0x00, 0x00, 0x00, 0x00, 0x00, 0x00, 0x00, 0x00, 0x00, 0x00, 0x00, 0x00, 0x00,
    0x00, 0x00, 0x00, 0x00, 0x00, 0x00, 0x00, 0x00, 0x00, 0x00, 0x00, 0x00, 0x00, 0x00, 0x00, 0x00,
    0x00, 0x00, 0x00, 0x00, 0x00, 0x00, 0x00, 0x00, 0x00, 0x00, 0x00, 0x00, 0x00, 0x00, 0x00, 0x00,
    0x00, 0x00, 0x00, 0x00, 0x00, 0x00, 0x00, 0x00, 0x00, 0x00, 0x00, 0x00, 0x00, 0x00, 0x00, 0x00,
    0x00, 0x00, 0x00, 0x00, 0x00, 0x00, 0xAD, 0x75, 0x00, 0x00, 0x2A, 0x1A, 0x29, 0xF8, 0x29, 0xF9,
    0x29, 0xF8, 0x29, 0xF9, 0x2A, 0x19, 0x2A, 0x19, 0x21, 0x94, 0x00, 0x00, 0x53, 0x1A, 0x63, 0xDF,
    0x63, 0xDF, 0x63, 0xDF, 0x63, 0xBF, 0x63, 0x9E, 0x63, 0xBF, 0x63, 0xBE, 0x63, 0xBE, 0x63, 0xBE,
    0x63, 0xBF, 0x63, 0xBF, 0x63, 0xBF, 0x63, 0xBF, 0x63, 0xDF, 0x63, 0xBF, 0x63, 0xBF, 0x63, 0xDF,
    0x6B, 0xDF, 0x63, 0xDF, 0x63, 0xBF, 0x63, 0xBF, 0x63, 0xBF, 0x63, 0xBF, 0x63, 0xBF, 0x63, 0xDF,
    0x63, 0xBF, 0x63, 0xBF, 0x63, 0xBF, 0x63, 0xBF, 0x63, 0xBF, 0x63, 0xBF, 0x63, 0xBF, 0x63, 0xBF,
    0x63, 0xDF, 0x63, 0xDF, 0x6B, 0xDF, 0x6B, 0xDF, 0x63, 0xDF, 0x63, 0x9E, 0x63, 0x9D, 0x63, 0x9E,
    0x63, 0xBF, 0x63, 0xBF, 0x63, 0xBF, 0x63, 0xBE, 0x63, 0x9E, 0x63, 0xBF, 0x63, 0xBE, 0x63, 0xBF,
    0x63, 0xDF, 0x6B, 0xDF, 0x6B, 0xFF, 0x63, 0xDF, 0x63, 0xBF, 0x63, 0xBF, 0x63, 0xDF, 0x63, 0xDF,
    0x63, 0xBE, 0x63, 0xBF, 0x63, 0xDF, 0x6B, 0xDF, 0x6B, 0xDF, 0x63, 0xDF, 0x63, 0xBF, 0x63, 0xBF,
    0x63, 0xBF, 0x63, 0xDF, 0x63, 0xBF, 0x63, 0xBE, 0x63, 0xBF, 0x63, 0xDF, 0x63, 0xDF, 0x63, 0xDF,
    0x63, 0xBF, 0x63, 0xBF, 0x63, 0xBF, 0x63, 0xBF, 0x63, 0xBF, 0x63, 0xBE, 0x63, 0xBF, 0x63, 0xBF,
    0x29, 0xF8, 0x29, 0xF8, 0x29, 0xF9, 0x29, 0xF8, 0x29, 0xF8, 0x29, 0xD8, 0x29, 0xD7, 0x00, 0x00,
    0xAD, 0x55, 0x00, 0x00, 0x00, 0x00, 0x00, 0x00, 0x00, 0x00, 0x00, 0x00, 0x00, 0x00, 0x00, 0x00,
    0x00, 0x00, 0x00, 0x00, 0x00, 0x00, 0x00, 0x00, 0x00, 0x00, 0x00, 0x00, 0x00, 0x00, 0x00, 0x00,
    0x00, 0x00, 0x00, 0x00, 0x00, 0x00, 0x00, 0x00, 0x00, 0x00, 0x00, 0x00, 0x00, 0x00, 0x00, 0x00,
    0x00, 0x00, 0x00, 0x00, 0x00, 0x00, 0x00, 0x00, 0x00, 0x00, 0x00, 0x00, 0x00, 0x00, 0x00, 0x00,
    0x00, 0x00, 0x00, 0x00, 0x00, 0x00, 0x00, 0x00, 0x00, 0x00, 0x00, 0x00, 0x00, 0x00, 0x00, 0x00,
    0x00, 0x00, 0x00, 0x00, 0x00, 0x00, 0x00, 0x00, 0x00, 0x00, 0x00, 0x00, 0x00, 0x00, 0x00, 0x00,
    0x00, 0x00, 0x00, 0x00, 0x00, 0x00, 0x00, 0x00, 0x00, 0x00, 0x00, 0x00, 0x00, 0x00, 0x00, 0x00,
    0x00, 0x00, 0x00, 0x00, 0x00, 0x00, 0x00, 0x00, 0x00, 0x00, 0x00, 0x00, 0x00, 0x00, 0x00, 0x00,
    0x00, 0x00, 0x00, 0x00, 0x00, 0x00, 0x00, 0x00, 0x00, 0x00, 0x00, 0x00, 0x00, 0x00, 0x00, 0x00,
    0x00, 0x00, 0x00, 0x00, 0x00, 0x00, 0x00, 0x00, 0x00, 0x00, 0x00, 0x00, 0x00, 0x00, 0x00, 0x00,
    0x00, 0x00, 0x00, 0x00, 0x00, 0x00, 0x00, 0x00, 0x00, 0x00, 0x00, 0x00, 0x00, 0x00, 0x00, 0x00,
    0x00, 0x00, 0x00, 0x00, 0x00, 0x00, 0x00, 0x00, 0x00, 0x00, 0x00, 0x00, 0x00, 0x00, 0x00, 0x00,
    0x00, 0x00, 0x00, 0x00, 0x00, 0x00, 0x00, 0x00, 0x00, 0x00, 0x00, 0x00, 0x00, 0x00, 0x00, 0x00,
    0x00, 0x00, 0x00, 0x00, 0x00, 0x00, 0x00, 0x00, 0x00, 0x00, 0x00, 0x00, 0x00, 0x00, 0x00, 0x00,
    0x00, 0x00, 0x00, 0x00, 0x00, 0x00, 0x00, 0x00, 0x00, 0x00, 0x00, 0x00, 0x00, 0x00, 0x00, 0x00,
    0x00, 0x00, 0x00, 0x00, 0x00, 0x00, 0x00, 0x00, 0x00, 0x00, 0x00, 0x00, 0x00, 0x00, 0x00, 0x00,
    0x00, 0x00, 0x00, 0x00, 0x00, 0x00, 0x00, 0x00, 0x00, 0x00, 0x00, 0x00, 0x00, 0x00, 0x00, 0x00,
    0x00, 0x00, 0x00, 0x00, 0x00, 0x00, 0x00, 0x00, 0x00, 0x00, 0x00, 0x00, 0x00, 0x00, 0x00, 0x00,
    0x00, 0x00, 0x00, 0x00, 0x00, 0x00, 0x00, 0x00, 0x00, 0x00, 0x00, 0x00, 0x00, 0x00, 0x00, 0x00,
    0x00, 0x00, 0x00, 0x00, 0x00, 0x00, 0x00, 0x00, 0x00, 0x00, 0x00, 0x00, 0x00, 0x00, 0x00, 0x00,
    0x00, 0x00, 0x00, 0x00, 0x00, 0x00, 0x00, 0x00, 0x00, 0x00, 0x00, 0x00, 0x00, 0x00, 0x00, 0x00,
    0x00, 0x00, 0x00, 0x00, 0x00, 0x00, 0x00, 0x00, 0x00, 0x00, 0x00, 0x00, 0x00, 0x00, 0x00, 0x00,
    0x00, 0x00, 0x00, 0x00, 0x00, 0x00, 0x00, 0x00, 0x00, 0x00, 0x00, 0x00, 0x00, 0x00, 0x00, 0x00,
    0x00, 0x00, 0x00, 0x00, 0x00, 0x00, 0x00, 0x00, 0x00, 0x00, 0x00, 0x00, 0x00, 0x00, 0x00, 0x00,
    0x00, 0x00, 0x00, 0x00, 0x00, 0x00, 0x00, 0x00, 0x00, 0x00, 0x00, 0x00, 0x00, 0x00, 0x00, 0x00,
    0x00, 0x00, 0x00, 0x00, 0x00, 0x00, 0x00, 0x00, 0x00, 0x00, 0x00, 0x00, 0x00, 0x00, 0x00, 0x00,
    0x00, 0x00, 0x00, 0x00, 0x00, 0x00, 0x00, 0x00, 0x00, 0x00, 0x00, 0x00, 0x00, 0x00, 0x00, 0x00,
    0x00, 0x00, 0x00, 0x00, 0x00, 0x00, 0xAD, 0x75, 0x00, 0x00, 0x29, 0xF8, 0x21, 0xB6, 0x29, 0xD7,
    0x29, 0xF8, 0x29, 0xF8, 0x29, 0xF8, 0x29, 0xF8, 0x21, 0x94, 0x00, 0x00, 0x53, 0x1A, 0x63, 0xBF,
    0x63, 0xDF, 0x63, 0xBF, 0x63, 0x9E, 0x63, 0x9E, 0x63, 0x9E, 0x63, 0x9E, 0x63, 0x9E, 0x63, 0xBE,
    0x63, 0xBF, 0x63, 0xDF, 0x63, 0xDF, 0x63, 0xDF, 0x63, 0xDF, 0x63, 0xDF, 0x63, 0xBF, 0x63, 0xDF,
    0x63, 0xDF, 0x63, 0xBE, 0x63, 0x9C, 0x63, 0xBE, 0x63, 0xBF, 0x63, 0xBF, 0x63, 0xBF, 0x63, 0xBF,
    0x63, 0x9D, 0x63, 0x7C, 0x63, 0x9D, 0x63, 0x9D, 0x63, 0x9E, 0x63, 0xBF, 0x63, 0xBF, 0x63, 0xBE,
    0x63, 0xBF, 0x63, 0xBF, 0x63, 0xBF, 0x63, 0xBF, 0x63, 0x9E, 0x63, 0x9D, 0x63, 0xBF, 0x6B, 0xDF,
    0x6B, 0xDF, 0x6B, 0xDF, 0x63, 0xDF, 0x63, 0xBF, 0x63, 0xBF, 0x63, 0xBF, 0x63, 0xBF, 0x63, 0xDF,
    0x6B, 0xFF, 0x6B, 0xDF, 0x63, 0xDF, 0x63, 0xDF, 0x63, 0xBF, 0x63, 0xDF, 0x63, 0xBF, 0x63, 0xDF,
    0x63, 0xBF, 0x63, 0xBF, 0x63, 0xDF, 0x6B, 0xDF, 0x63, 0xDF, 0x63, 0xDF, 0x63, 0xBF, 0x63, 0x9E,
    0x63, 0x9E, 0x63, 0x9E, 0x63, 0x9E, 0x63, 0xBE, 0x63, 0xBF, 0x63, 0xBF, 0x63, 0xDF, 0x63, 0xBF,
    0x63, 0xBF, 0x63, 0xBF, 0x63, 0xBF, 0x63, 0xBF, 0x63, 0xBF, 0x63, 0xBF, 0x63, 0xBF, 0x63, 0xBF,
    0x29, 0xF8, 0x29, 0xD7, 0x29, 0xF8, 0x29, 0xF8, 0x29, 0xF8, 0x29, 0xF7, 0x29, 0xD7, 0x00, 0x00,
    0xAD, 0x55, 0x00, 0x00, 0x00, 0x00, 0x00, 0x00, 0x00, 0x00, 0x00, 0x00, 0x00, 0x00, 0x00, 0x00,
    0x00, 0x00, 0x00, 0x00, 0x00, 0x00, 0x00, 0x00, 0x00, 0x00, 0x00, 0x00, 0x00, 0x00, 0x00, 0x00,
    0x00, 0x00, 0x00, 0x00, 0x00, 0x00, 0x00, 0x00, 0x00, 0x00, 0x00, 0x00, 0x00, 0x00, 0x00, 0x00,
    0x00, 0x00, 0x00, 0x00, 0x00, 0x00, 0x00, 0x00, 0x00, 0x00, 0x00, 0x00, 0x00, 0x00, 0x00, 0x00,
    0x00, 0x00, 0x00, 0x00, 0x00, 0x00, 0x00, 0x00, 0x00, 0x00, 0x00, 0x00, 0x00, 0x00, 0x00, 0x00,
    0x00, 0x00, 0x00, 0x00, 0x00, 0x00, 0x00, 0x00, 0x00, 0x00, 0x00, 0x00, 0x00, 0x00, 0x00, 0x00,
    0x00, 0x00, 0x00, 0x00, 0x00, 0x00, 0x00, 0x00, 0x00, 0x00, 0x00, 0x00, 0x00, 0x00, 0x00, 0x00,
    0x00, 0x00, 0x00, 0x00, 0x00, 0x00, 0x00, 0x00, 0x00, 0x00, 0x00, 0x00, 0x00, 0x00, 0x00, 0x00,
    0x00, 0x00, 0x00, 0x00, 0x00, 0x00, 0x00, 0x00, 0x00, 0x00, 0x00, 0x00, 0x00, 0x00, 0x00, 0x00,
    0x00, 0x00, 0x00, 0x00, 0x00, 0x00, 0x00, 0x00, 0x00, 0x00, 0x00, 0x00, 0x00, 0x00, 0x00, 0x00,
    0x00, 0x00, 0x00, 0x00, 0x00, 0x00, 0x00, 0x00, 0x00, 0x00, 0x00, 0x00, 0x00, 0x00, 0x00, 0x00,
    0x00, 0x00, 0x00, 0x00, 0x00, 0x00, 0x00, 0x00, 0x00, 0x00, 0x00, 0x00, 0x00, 0x00, 0x00, 0x00,
    0x00, 0x00, 0x00, 0x00, 0x00, 0x00, 0x00, 0x00, 0x00, 0x00, 0x00, 0x00, 0x00, 0x00, 0x00, 0x00,
    0x00, 0x00, 0x00, 0x00, 0x00, 0x00, 0x00, 0x00, 0x00, 0x00, 0x00, 0x00, 0x00, 0x00, 0x00, 0x00,
    0x00, 0x00, 0x00, 0x00, 0x00, 0x00, 0x00, 0x00, 0x00, 0x00, 0x00, 0x00, 0x00, 0x00, 0x00, 0x00,
    0x00, 0x00, 0x00, 0x00, 0x00, 0x00, 0x00, 0x00, 0x00, 0x00, 0x00, 0x00, 0x00, 0x00, 0x00, 0x00,
    0x00, 0x00, 0x00, 0x00, 0x00, 0x00, 0x00, 0x00, 0x00, 0x00, 0x00, 0x00, 0x00, 0x00, 0x00, 0x00,
    0x00, 0x00, 0x00, 0x00, 0x00, 0x00, 0x00, 0x00, 0x00, 0x00, 0x00, 0x00, 0x00, 0x00, 0x00, 0x00,
    0x00, 0x00, 0x00, 0x00, 0x00, 0x00, 0x00, 0x00, 0x00, 0x00, 0x00, 0x00, 0x00, 0x00, 0x00, 0x00,
    0x00, 0x00, 0x00, 0x00, 0x00, 0x00, 0x00, 0x00, 0x00, 0x00, 0x00, 0x00, 0x00, 0x00, 0x00, 0x00,
    0x00, 0x00, 0x00, 0x00, 0x00, 0x00, 0x00, 0x00, 0x00, 0x00, 0x00, 0x00, 0x00, 0x00, 0x00, 0x00,
    0x00, 0x00, 0x00, 0x00, 0x00, 0x00, 0x00, 0x00, 0x00, 0x00, 0x00, 0x00, 0x00, 0x00, 0x00, 0x00,
    0x00, 0x00, 0x00, 0x00, 0x00, 0x00, 0x00, 0x00, 0x00, 0x00, 0x00, 0x00, 0x00, 0x00, 0x00, 0x00,
    0x00, 0x00, 0x00, 0x00, 0x00, 0x00, 0x00, 0x00, 0x00, 0x00, 0x00, 0x00, 0x00, 0x00, 0x00, 0x00,
    0x00, 0x00, 0x00, 0x00, 0x00, 0x00, 0x00, 0x00, 0x00, 0x00, 0x00, 0x00, 0x00, 0x00, 0x00, 0x00,
    0x00, 0x00, 0x00, 0x00, 0x00, 0x00, 0x00, 0x00, 0x00, 0x00, 0x00, 0x00, 0x00, 0x00, 0x00, 0x00,
    0x00, 0x00, 0x00, 0x00, 0x00, 0x00, 0x00, 0x00, 0x00, 0x00, 0x00, 0x00, 0x00, 0x00, 0x00, 0x00,
    0x00, 0x00, 0x00, 0x00, 0x00, 0x00, 0xAD, 0x75, 0x00, 0x00, 0x29, 0xD7, 0x21, 0xB6, 0x29, 0xD7,
    0x29, 0xF8, 0x29, 0xF8, 0x29, 0xF9, 0x29, 0xF9, 0x21, 0x94, 0x00, 0x00, 0x53, 0x19, 0x63, 0xBE,
    0x63, 0xBF, 0x63, 0xBF, 0x63, 0xBE, 0x63, 0x9E, 0x63, 0x9E, 0x63, 0x9E, 0x63, 0x9E, 0x63, 0xBF,
    0x63, 0xDF, 0x63, 0xDF, 0x63, 0xDF, 0x63, 0xDF, 0x63, 0xDF, 0x63, 0xDF, 0x63, 0xBF, 0x63, 0xDF,
    0x63, 0xDF, 0x63, 0x9D, 0x63, 0x9D, 0x63, 0xBE, 0x63, 0xBE, 0x63, 0x9E, 0x63, 0xBF, 0x63, 0xBF,
    0x63, 0x9D, 0x63, 0x7C, 0x63, 0x9D, 0x63, 0x9D, 0x63, 0x9E, 0x63, 0xBF, 0x63, 0xBF, 0x63, 0x9E,
    0x63, 0x9E, 0x63, 0xBF, 0x63, 0xDF, 0x63, 0xDF, 0x63, 0xBF, 0x63, 0xBF, 0x63, 0xDF, 0x6B, 0xFF,
    0x63, 0xDF, 0x63, 0xBF, 0x63, 0xBF, 0x63, 0xBF, 0x63, 0x9E, 0x63, 0xBF, 0x63, 0xBF, 0x63, 0xBF,
    0x63, 0xDF, 0x63, 0xBF, 0x63, 0xBF, 0x63, 0xBE, 0x63, 0xBF, 0x63, 0xBF, 0x63, 0xBF, 0x63, 0xBE,
    0x63, 0xBE, 0x63, 0xBE, 0x63, 0xDF, 0x63, 0xDF, 0x63, 0xBF, 0x63, 0x9E, 0x63, 0x9E, 0x63, 0x9E,
    0x63, 0x9E, 0x63, 0x9E, 0x63, 0xBF, 0x63, 0x9E, 0x63, 0x9E, 0x63, 0xBE, 0x63, 0xBF, 0x63, 0xBF,
    0x63, 0xBF, 0x63, 0xBF, 0x63, 0xBF, 0x63, 0xBF, 0x63, 0xBF, 0x63, 0xBF, 0x63, 0xDF, 0x63, 0xBF,
    0x29, 0xF8, 0x29, 0xF8, 0x29, 0xF9, 0x29, 0xF9, 0x29, 0xF8, 0x29, 0xF8, 0x29, 0xF8, 0x00, 0x00,
    0xAD, 0x55, 0x00, 0x00, 0x00, 0x00, 0x00, 0x00, 0x00, 0x00, 0x00, 0x00, 0x00, 0x00, 0x00, 0x00,
    0x00, 0x00, 0x00, 0x00, 0x00, 0x00, 0x00, 0x00, 0x00, 0x00, 0x00, 0x00, 0x00, 0x00, 0x00, 0x00,
    0x00, 0x00, 0x00, 0x00, 0x00, 0x00, 0x00, 0x00, 0x00, 0x00, 0x00, 0x00, 0x00, 0x00, 0x00, 0x00,
    0x00, 0x00, 0x00, 0x00, 0x00, 0x00, 0x00, 0x00, 0x00, 0x00, 0x00, 0x00, 0x00, 0x00, 0x00, 0x00,
    0x00, 0x00, 0x00, 0x00, 0x00, 0x00, 0x00, 0x00, 0x00, 0x00, 0x00, 0x00, 0x00, 0x00, 0x00, 0x00,
    0x00, 0x00, 0x00, 0x00, 0x00, 0x00, 0x00, 0x00, 0x00, 0x00, 0x00, 0x00, 0x00, 0x00, 0x00, 0x00,
    0x00, 0x00, 0x00, 0x00, 0x00, 0x00, 0x00, 0x00, 0x00, 0x00, 0x00, 0x00, 0x00, 0x00, 0x00, 0x00,
    0x00, 0x00, 0x00, 0x00, 0x00, 0x00, 0x00, 0x00, 0x00, 0x00, 0x00, 0x00, 0x00, 0x00, 0x00, 0x00,
    0x00, 0x00, 0x00, 0x00, 0x00, 0x00, 0x00, 0x00, 0x00, 0x00, 0x00, 0x00, 0x00, 0x00, 0x00, 0x00,
    0x00, 0x00, 0x00, 0x00, 0x00, 0x00, 0x00, 0x00, 0x00, 0x00, 0x00, 0x00, 0x00, 0x00, 0x00, 0x00,
    0x00, 0x00, 0x00, 0x00, 0x00, 0x00, 0x00, 0x00, 0x00, 0x00, 0x00, 0x00, 0x00, 0x00, 0x00, 0x00,
    0x00, 0x00, 0x00, 0x00, 0x00, 0x00, 0x00, 0x00, 0x00, 0x00, 0x00, 0x00, 0x00, 0x00, 0x00, 0x00,
    0x00, 0x00, 0x00, 0x00, 0x00, 0x00, 0x00, 0x00, 0x00, 0x00, 0x00, 0x00, 0x00, 0x00, 0x00, 0x00,
    0x00, 0x00, 0x00, 0x00, 0x00, 0x00, 0x00, 0x00, 0x00, 0x00, 0x00, 0x00, 0x00, 0x00, 0x00, 0x00,
    0x00, 0x00, 0x00, 0x00, 0x00, 0x00, 0x00, 0x00, 0x00, 0x00, 0x00, 0x00, 0x00, 0x00, 0x00, 0x00,
    0x00, 0x00, 0x00, 0x00, 0x00, 0x00, 0x00, 0x00, 0x00, 0x00, 0x00, 0x00, 0x00, 0x00, 0x00, 0x00,
    0x00, 0x00, 0x00, 0x00, 0x00, 0x00, 0x00, 0x00, 0x00, 0x00, 0x00, 0x00, 0x00, 0x00, 0x00, 0x00,
    0x00, 0x00, 0x00, 0x00, 0x00, 0x00, 0x00, 0x00, 0x00, 0x00, 0x00, 0x00, 0x00, 0x00, 0x00, 0x00,
    0x00, 0x00, 0x00, 0x00, 0x00, 0x00, 0x00, 0x00, 0x00, 0x00, 0x00, 0x00, 0x00, 0x00, 0x00, 0x00,
    0x00, 0x00, 0x00, 0x00, 0x00, 0x00, 0x00, 0x00, 0x00, 0x00, 0x00, 0x00, 0x00, 0x00, 0x00, 0x00,
    0x00, 0x00, 0x00, 0x00, 0x00, 0x00, 0x00, 0x00, 0x00, 0x00, 0x00, 0x00, 0x00, 0x00, 0x00, 0x00,
    0x00, 0x00, 0x00, 0x00, 0x00, 0x00, 0x00, 0x00, 0x00, 0x00, 0x00, 0x00, 0x00, 0x00, 0x00, 0x00,
    0x00, 0x00, 0x00, 0x00, 0x00, 0x00, 0x00, 0x00, 0x00, 0x00, 0x00, 0x00, 0x00, 0x00, 0x00, 0x00,
    0x00, 0x00, 0x00, 0x00, 0x00, 0x00, 0x00, 0x00, 0x00, 0x00, 0x00, 0x00, 0x00, 0x00, 0x00, 0x00,
    0x00, 0x00, 0x00, 0x00, 0x00, 0x00, 0x00, 0x00, 0x00, 0x00, 0x00, 0x00, 0x00, 0x00, 0x00, 0x00,
    0x00, 0x00, 0x00, 0x00, 0x00, 0x00, 0x00, 0x00, 0x00, 0x00, 0x00, 0x00, 0x00, 0x00, 0x00, 0x00,
    0x00, 0x00, 0x00, 0x00, 0x00, 0x00, 0x00, 0x00, 0x00, 0x00, 0x00, 0x00, 0x00, 0x00, 0x00, 0x00,
    0x00, 0x00, 0x00, 0x00, 0x00, 0x00, 0xAD, 0x75, 0x00, 0x00, 0x29, 0xF8, 0x29, 0xF8, 0x2A, 0x1A,
    0x29, 0xF9, 0x29, 0xF8, 0x29, 0xF8, 0x29, 0xF8, 0x21, 0x94, 0x00, 0x00, 0x53, 0x19, 0x63, 0xBF,
    0x63, 0xBF, 0x63, 0xBF, 0x63, 0xBF, 0x63, 0xBE, 0x63, 0x9E, 0x63, 0xBF, 0x63, 0xBF, 0x63, 0xBF,
    0x63, 0xBF, 0x63, 0xDF, 0x63, 0xDF, 0x63, 0xDF, 0x63, 0xDF, 0x63, 0xDF, 0x63, 0xBF, 0x63, 0xBF,
    0x63, 0xBF, 0x63, 0xBF, 0x63, 0xBF, 0x63, 0xDF, 0x63, 0xBF, 0x63, 0x9E, 0x63, 0xBF, 0x63, 0xBF,
    0x63, 0x9D, 0x63, 0x9D, 0x63, 0xBF, 0x63, 0xBF, 0x63, 0xBF, 0x63, 0xDF, 0x63, 0xDF, 0x63, 0xDF,
    0x63, 0xDF, 0x6B, 0xDF, 0x6B, 0xFF, 0x6B, 0xFF, 0x63, 0xDF, 0x63, 0xBF, 0x63, 0xDF, 0x63, 0xDF,
    0x63, 0xBF, 0x63, 0x9D, 0x63, 0x9E, 0x63, 0x9E, 0x63, 0x9E, 0x63, 0x9E, 0x63, 0xBF, 0x63, 0xBF,
    0x63, 0xBF, 0x63, 0xBF, 0x63, 0xBE, 0x63, 0xBE, 0x63, 0xBE, 0x63, 0xBF, 0x63, 0xBF, 0x63, 0xBE,
    0x63, 0xBE, 0x63, 0xBF, 0x63, 0xDF, 0x63, 0xDF, 0x63, 0xBF, 0x63, 0xBE, 0x63, 0x9E, 0x63, 0x9E,
    0x63, 0x9E, 0x63, 0xBF, 0x63, 0xBF, 0x63, 0xBF, 0x63, 0xBF, 0x63, 0xBF, 0x63, 0xDF, 0x63, 0xDF,
    0x63, 0xDF, 0x63, 0xBF, 0x63, 0xBF, 0x63, 0xDF, 0x63, 0xDF, 0x63, 0xDF, 0x63, 0xDF, 0x63, 0xBF,
    0x29, 0xF8, 0x29, 0xF9, 0x29, 0xF9, 0x29, 0xF9, 0x29, 0xF8, 0x29, 0xD7, 0x29, 0xF8, 0x00, 0x00,
    0xAD, 0x55, 0x00, 0x00, 0x00, 0x00, 0x00, 0x00, 0x00, 0x00, 0x00, 0x00, 0x00, 0x00, 0x00, 0x00,
    0x00, 0x00, 0x00, 0x00, 0x00, 0x00, 0x00, 0x00, 0x00, 0x00, 0x00, 0x00, 0x00, 0x00, 0x00, 0x00,
    0x00, 0x00, 0x00, 0x00, 0x00, 0x00, 0x00, 0x00, 0x00, 0x00, 0x00, 0x00, 0x00, 0x00, 0x00, 0x00,
    0x00, 0x00, 0x00, 0x00, 0x00, 0x00, 0x00, 0x00, 0x00, 0x00, 0x00, 0x00, 0x00, 0x00, 0x00, 0x00,
    0x00, 0x00, 0x00, 0x00, 0x00, 0x00, 0x00, 0x00, 0x00, 0x00, 0x00, 0x00, 0x00, 0x00, 0x00, 0x00,
    0x00, 0x00, 0x00, 0x00, 0x00, 0x00, 0x00, 0x00, 0x00, 0x00, 0x00, 0x00, 0x00, 0x00, 0x00, 0x00,
    0x00, 0x00, 0x00, 0x00, 0x00, 0x00, 0x00, 0x00, 0x00, 0x00, 0x00, 0x00, 0x00, 0x00, 0x00, 0x00,
    0x00, 0x00, 0x00, 0x00, 0x00, 0x00, 0x00, 0x00, 0x00, 0x00, 0x00, 0x00, 0x00, 0x00, 0x00, 0x00,
    0x00, 0x00, 0x00, 0x00, 0x00, 0x00, 0x00, 0x00, 0x00, 0x00, 0x00, 0x00, 0x00, 0x00, 0x00, 0x00,
    0x00, 0x00, 0x00, 0x00, 0x00, 0x00, 0x00, 0x00, 0x00, 0x00, 0x00, 0x00, 0x00, 0x00, 0x00, 0x00,
    0x00, 0x00, 0x00, 0x00, 0x00, 0x00, 0x00, 0x00, 0x00, 0x00, 0x00, 0x00, 0x00, 0x00, 0x00, 0x00,
    0x00, 0x00, 0x00, 0x00, 0x00, 0x00, 0x00, 0x00, 0x00, 0x00, 0x00, 0x00, 0x00, 0x00, 0x00, 0x00,
    0x00, 0x00, 0x00, 0x00, 0x00, 0x00, 0x00, 0x00, 0x00, 0x00, 0x00, 0x00, 0x00, 0x00, 0x00, 0x00,
    0x00, 0x00, 0x00, 0x00, 0x00, 0x00, 0x00, 0x00, 0x00, 0x00, 0x00, 0x00, 0x00, 0x00, 0x00, 0x00,
    0x00, 0x00, 0x00, 0x00, 0x00, 0x00, 0x00, 0x00, 0x00, 0x00, 0x00, 0x00, 0x00, 0x00, 0x00, 0x00,
    0x00, 0x00, 0x00, 0x00, 0x00, 0x00, 0x00, 0x00, 0x00, 0x00, 0x00, 0x00, 0x00, 0x00, 0x00, 0x00,
    0x00, 0x00, 0x00, 0x00, 0x00, 0x00, 0x00, 0x00, 0x00, 0x00, 0x00, 0x00, 0x00, 0x00, 0x00, 0x00,
    0x00, 0x00, 0x00, 0x00, 0x00, 0x00, 0x00, 0x00, 0x00, 0x00, 0x00, 0x00, 0x00, 0x00, 0x00, 0x00,
    0x00, 0x00, 0x00, 0x00, 0x00, 0x00, 0x00, 0x00, 0x00, 0x00, 0x00, 0x00, 0x00, 0x00, 0x00, 0x00,
    0x00, 0x00, 0x00, 0x00, 0x00, 0x00, 0x00, 0x00, 0x00, 0x00, 0x00, 0x00, 0x00, 0x00, 0x00, 0x00,
    0x00, 0x00, 0x00, 0x00, 0x00, 0x00, 0x00, 0x00, 0x00, 0x00, 0x00, 0x00, 0x00, 0x00, 0x00, 0x00,
    0x00, 0x00, 0x00, 0x00, 0x00, 0x00, 0x00, 0x00, 0x00, 0x00, 0x00, 0x00, 0x00, 0x00, 0x00, 0x00,
    0x00, 0x00, 0x00, 0x00, 0x00, 0x00, 0x00, 0x00, 0x00, 0x00, 0x00, 0x00, 0x00, 0x00, 0x00, 0x00,
    0x00, 0x00, 0x00, 0x00, 0x00, 0x00, 0x00, 0x00, 0x00, 0x00, 0x00, 0x00, 0x00, 0x00, 0x00, 0x00,
    0x00, 0x00, 0x00, 0x00, 0x00, 0x00, 0x00, 0x00, 0x00, 0x00, 0x00, 0x00, 0x00, 0x00, 0x00, 0x00,
    0x00, 0x00, 0x00, 0x00, 0x00, 0x00, 0x00, 0x00, 0x00, 0x00, 0x00, 0x00, 0x00, 0x00, 0x00, 0x00,
    0x00, 0x00, 0x00, 0x00, 0x00, 0x00, 0x00, 0x00, 0x00, 0x00, 0x00, 0x00, 0x00, 0x00, 0x00, 0x00,
    0x00, 0x00, 0x00, 0x00, 0x00, 0x00, 0xAD, 0x75, 0x00, 0x00, 0x29, 0xF8, 0x29, 0xF9, 0x2A, 0x19,
    0x29, 0xF8, 0x29, 0xF8, 0x29, 0xF9, 0x29, 0xF8, 0x21, 0x93, 0x00, 0x00, 0x53, 0x19, 0x63, 0xDF,
    0x63, 0xBF, 0x63, 0xBF, 0x63, 0xBE, 0x63, 0x9E, 0x63, 0x9E, 0x63, 0xBF, 0x63, 0xBF, 0x63, 0xBF,
    0x63, 0xBF, 0x63, 0xBF, 0x63, 0xDF, 0x63, 0xBF, 0x63, 0xBF, 0x63, 0xBF, 0x63, 0xBE, 0x63, 0xBF,
    0x63, 0xBF, 0x63, 0xBF, 0x63, 0xBF, 0x63, 0xDF, 0x63, 0xBF, 0x63, 0x9E, 0x63, 0xBF, 0x63, 0xBF,
    0x63, 0x9D, 0x63, 0x9D, 0x63, 0xBF, 0x63, 0xBF, 0x63, 0xBF, 0x63, 0xDF, 0x63, 0xDF, 0x63, 0xDF,
    0x63, 0xDF, 0x6B, 0xFF, 0x6B, 0xDF, 0x63, 0xDF, 0x63, 0xBF, 0x63, 0xBE, 0x63, 0xBF, 0x63, 0xBF,
    0x63, 0x9D, 0x5B, 0x7C, 0x63, 0x9E, 0x63, 0xBE, 0x63, 0x9E, 0x63, 0xBF, 0x63, 0xBF, 0x63, 0xBF,
    0x63, 0xDF, 0x63, 0xBF, 0x63, 0xBF, 0x63, 0xBF, 0x63, 0xBF, 0x63, 0xDF, 0x63, 0xBF, 0x63, 0xBE,
    0x63, 0xDF, 0x63, 0xDF, 0x63, 0xDF, 0x63, 0xDF, 0x63, 0xBF, 0x63, 0x9E, 0x63, 0x9D, 0x63, 0x9E,
    0x63, 0xBE, 0x63, 0xBF, 0x63, 0xBE, 0x63, 0xBF, 0x63, 0xDF, 0x63, 0xDF, 0x63, 0xDF, 0x63, 0xDF,
    0x63, 0xBF, 0x63, 0xBF, 0x63, 0xBF, 0x63, 0xDF, 0x63, 0xDF, 0x63, 0xBF, 0x63, 0xBF, 0x63, 0xBF,
    0x29, 0xF8, 0x29, 0xF9, 0x29, 0xF8, 0x29, 0xD7, 0x29, 0xD7, 0x29, 0xD7, 0x29, 0xD7, 0x00, 0x00,
    0xAD, 0x55, 0x00, 0x00, 0x00, 0x00, 0x00, 0x00, 0x00, 0x00, 0x00, 0x00, 0x00, 0x00, 0x00, 0x00,
    0x00, 0x00, 0x00, 0x00, 0x00, 0x00, 0x00, 0x00, 0x00, 0x00, 0x00, 0x00, 0x00, 0x00, 0x00, 0x00,
    0x00, 0x00, 0x00, 0x00, 0x00, 0x00, 0x00, 0x00, 0x00, 0x00, 0x00, 0x00, 0x00, 0x00, 0x00, 0x00,
    0x00, 0x00, 0x00, 0x00, 0x00, 0x00, 0x00, 0x00, 0x00, 0x00, 0x00, 0x00, 0x00, 0x00, 0x00, 0x00,
    0x00, 0x00, 0x00, 0x00, 0x00, 0x00, 0x00, 0x00, 0x00, 0x00, 0x00, 0x00, 0x00, 0x00, 0x00, 0x00,
    0x00, 0x00, 0x00, 0x00, 0x00, 0x00, 0x00, 0x00, 0x00, 0x00, 0x00, 0x00, 0x00, 0x00, 0x00, 0x00,
    0x00, 0x00, 0x00, 0x00, 0x00, 0x00, 0x00, 0x00, 0x00, 0x00, 0x00, 0x00, 0x00, 0x00, 0x00, 0x00,
    0x00, 0x00, 0x00, 0x00, 0x00, 0x00, 0x00, 0x00, 0x00, 0x00, 0x00, 0x00, 0x00, 0x00, 0x00, 0x00,
    0x00, 0x00, 0x00, 0x00, 0x00, 0x00, 0x00, 0x00, 0x00, 0x00, 0x00, 0x00, 0x00, 0x00, 0x00, 0x00,
    0x00, 0x00, 0x00, 0x00, 0x00, 0x00, 0x00, 0x00, 0x00, 0x00, 0x00, 0x00, 0x00, 0x00, 0x00, 0x00,
    0x00, 0x00, 0x00, 0x00, 0x00, 0x00, 0x00, 0x00, 0x00, 0x00, 0x00, 0x00, 0x00, 0x00, 0x00, 0x00,
    0x00, 0x00, 0x00, 0x00, 0x00, 0x00, 0x00, 0x00, 0x00, 0x00, 0x00, 0x00, 0x00, 0x00, 0x00, 0x00,
    0x00, 0x00, 0x00, 0x00, 0x00, 0x00, 0x00, 0x00, 0x00, 0x00, 0x00, 0x00, 0x00, 0x00, 0x00, 0x00,
    0x00, 0x00, 0x00, 0x00, 0x00, 0x00, 0x00, 0x00, 0x00, 0x00, 0x00, 0x00, 0x00, 0x00, 0x00, 0x00,
    0x00, 0x00, 0x00, 0x00, 0x00, 0x00, 0x00, 0x00, 0x00, 0x00, 0x00, 0x00, 0x00, 0x00, 0x00, 0x00,
    0x00, 0x00, 0x00, 0x00, 0x00, 0x00, 0x00, 0x00, 0x00, 0x00, 0x00, 0x00, 0x00, 0x00, 0x00, 0x00,
    0x00, 0x00, 0x00, 0x00, 0x00, 0x00, 0x00, 0x00, 0x00, 0x00, 0x00, 0x00, 0x00, 0x00, 0x00, 0x00,
    0x00, 0x00, 0x00, 0x00, 0x00, 0x00, 0x00, 0x00, 0x00, 0x00, 0x00, 0x00, 0x00, 0x00, 0x00, 0x00,
    0x00, 0x00, 0x00, 0x00, 0x00, 0x00, 0x00, 0x00, 0x00, 0x00, 0x00, 0x00, 0x00, 0x00, 0x00, 0x00,
    0x00, 0x00, 0x00, 0x00, 0x00, 0x00, 0x00, 0x00, 0x00, 0x00, 0x00, 0x00, 0x00, 0x00, 0x00, 0x00,
    0x00, 0x00, 0x00, 0x00, 0x00, 0x00, 0x00, 0x00, 0x00, 0x00, 0x00, 0x00, 0x00, 0x00, 0x00, 0x00,
    0x00, 0x00, 0x00, 0x00, 0x00, 0x00, 0x00, 0x00, 0x00, 0x00, 0x00, 0x00, 0x00, 0x00, 0x00, 0x00,
    0x00, 0x00, 0x00, 0x00, 0x00, 0x00, 0x00, 0x00, 0x00, 0x00, 0x00, 0x00, 0x00, 0x00, 0x00, 0x00,
    0x00, 0x00, 0x00, 0x00, 0x00, 0x00, 0x00, 0x00, 0x00, 0x00, 0x00, 0x00, 0x00, 0x00, 0x00, 0x00,
    0x00, 0x00, 0x00, 0x00, 0x00, 0x00, 0x00, 0x00, 0x00, 0x00, 0x00, 0x00, 0x00, 0x00, 0x00, 0x00,
    0x00, 0x00, 0x00, 0x00, 0x00, 0x00, 0x00, 0x00, 0x00, 0x00, 0x00, 0x00, 0x00, 0x00, 0x00, 0x00,
    0x00, 0x00, 0x00, 0x00, 0x00, 0x00, 0x00, 0x00, 0x00, 0x00, 0x00, 0x00, 0x00, 0x00, 0x00, 0x00,
    0x00, 0x00, 0x00, 0x00, 0x00, 0x00, 0xAD, 0x75, 0x00, 0x00, 0x29, 0xF7, 0x29, 0xF8, 0x29, 0xF8,
    0x29, 0xD7, 0x29, 0xF8, 0x29, 0xF9, 0x29, 0xF8, 0x21, 0x93, 0x00, 0x00, 0x53, 0x19, 0x63, 0xBF,
    0x63, 0xBF, 0x63, 0x9E, 0x63, 0x9D, 0x63, 0x9D, 0x63, 0x9E, 0x63, 0x9E, 0x63, 0x9E, 0x63, 0x9E,
    0x63, 0xBF, 0x63, 0xBF, 0x63, 0xBF, 0x63, 0x9E, 0x63, 0x9D, 0x63, 0x9D, 0x63, 0xBE, 0x63, 0xBF,
    0x63, 0xBF, 0x63, 0x9E, 0x63, 0xBE, 0x63, 0xBF, 0x63, 0xBE, 0x63, 0x9E, 0x63, 0xBF, 0x63, 0xBF,
    0x63, 0x9D, 0x63, 0xBF, 0x63, 0xBF, 0x63, 0xBF, 0x63, 0xBF, 0x63, 0xBF, 0x63, 0xBF, 0x63, 0xBF,
    0x63, 0xBF, 0x63, 0xBF, 0x63, 0xBE, 0x63, 0x9E, 0x63, 0x9E, 0x63, 0x9D, 0x63, 0xBF, 0x63, 0xBF,
    0x63, 0x9D, 0x63, 0x9D, 0x63, 0x9E, 0x63, 0xBF, 0x63, 0xBE, 0x63, 0xBF, 0x63, 0xBF, 0x63, 0xBF,
    0x63, 0xBF, 0x63, 0xBF, 0x63, 0x9E, 0x63, 0x9E, 0x63, 0xBF, 0x63, 0xBF, 0x63, 0xBF, 0x63, 0xBF,
    0x63, 0xDF, 0x63, 0xDF, 0x63, 0xDF, 0x63, 0xDF, 0x63, 0xBF, 0x63, 0x9D, 0x5B, 0x7C, 0x63, 0x9E,
    0x63, 0xBF, 0x63, 0xBF, 0x63, 0xBF, 0x63, 0xBF, 0x63, 0xBF, 0x63, 0xBF, 0x63, 0xBF, 0x63, 0xBE,
    0x63, 0x9E, 0x63, 0xBE, 0x63, 0xBF, 0x63, 0xBF, 0x63, 0xBF, 0x63, 0xBF, 0x63, 0xBF, 0x63, 0xBF,
    0x29, 0xF8, 0x29, 0xD7, 0x29, 0xD7, 0x29, 0xD7, 0x29, 0xD7, 0x29, 0xD7, 0x29, 0xD7, 0x00, 0x00,
    0xAD, 0x55, 0x00, 0x00, 0x00, 0x00, 0x00, 0x00, 0x00, 0x00, 0x00, 0x00, 0x00, 0x00, 0x00, 0x00,
    0x00, 0x00, 0x00, 0x00, 0x00, 0x00, 0x00, 0x00, 0x00, 0x00, 0x00, 0x00, 0x00, 0x00, 0x00, 0x00,
    0x00, 0x00, 0x00, 0x00, 0x00, 0x00, 0x00, 0x00, 0x00, 0x00, 0x00, 0x00, 0x00, 0x00, 0x00, 0x00,
    0x00, 0x00, 0x00, 0x00, 0x00, 0x00, 0x00, 0x00, 0x00, 0x00, 0x00, 0x00, 0x00, 0x00, 0x00, 0x00,
    0x00, 0x00, 0x00, 0x00, 0x00, 0x00, 0x00, 0x00, 0x00, 0x00, 0x00, 0x00, 0x00, 0x00, 0x00, 0x00,
    0x00, 0x00, 0x00, 0x00, 0x00, 0x00, 0x00, 0x00, 0x00, 0x00, 0x00, 0x00, 0x00, 0x00, 0x00, 0x00,
    0x00, 0x00, 0x00, 0x00, 0x00, 0x00, 0x00, 0x00, 0x00, 0x00, 0x00, 0x00, 0x00, 0x00, 0x00, 0x00,
    0x00, 0x00, 0x00, 0x00, 0x00, 0x00, 0x00, 0x00, 0x00, 0x00, 0x00, 0x00, 0x00, 0x00, 0x00, 0x00,
    0x00, 0x00, 0x00, 0x00, 0x00, 0x00, 0x00, 0x00, 0x00, 0x00, 0x00, 0x00, 0x00, 0x00, 0x00, 0x00,
    0x00, 0x00, 0x00, 0x00, 0x00, 0x00, 0x00, 0x00, 0x00, 0x00, 0x00, 0x00, 0x00, 0x00, 0x00, 0x00,
    0x00, 0x00, 0x00, 0x00, 0x00, 0x00, 0x00, 0x00, 0x00, 0x00, 0x00, 0x00, 0x00, 0x00, 0x00, 0x00,
    0x00, 0x00, 0x00, 0x00, 0x00, 0x00, 0x00, 0x00, 0x00, 0x00, 0x00, 0x00, 0x00, 0x00, 0x00, 0x00,
    0x00, 0x00, 0x00, 0x00, 0x00, 0x00, 0x00, 0x00, 0x00, 0x00, 0x00, 0x00, 0x00, 0x00, 0x00, 0x00,
    0x00, 0x00, 0x00, 0x00, 0x00, 0x00, 0x00, 0x00, 0x00, 0x00, 0x00, 0x00, 0x00, 0x00, 0x00, 0x00,
    0x00, 0x00, 0x00, 0x00, 0x00, 0x00, 0x00, 0x00, 0x00, 0x00, 0x00, 0x00, 0x00, 0x00, 0x00, 0x00,
    0x00, 0x00, 0x00, 0x00, 0x00, 0x00, 0x00, 0x00, 0x00, 0x00, 0x00, 0x00, 0x00, 0x00, 0x00, 0x00,
    0x00, 0x00, 0x00, 0x00, 0x00, 0x00, 0x00, 0x00, 0x00, 0x00, 0x00, 0x00, 0x00, 0x00, 0x00, 0x00,
    0x00, 0x00, 0x00, 0x00, 0x00, 0x00, 0x00, 0x00, 0x00, 0x00, 0x00, 0x00, 0x00, 0x00, 0x00, 0x00,
    0x00, 0x00, 0x00, 0x00, 0x00, 0x00, 0x00, 0x00, 0x00, 0x00, 0x00, 0x00, 0x00, 0x00, 0x00, 0x00,
    0x00, 0x00, 0x00, 0x00, 0x00, 0x00, 0x00, 0x00, 0x00, 0x00, 0x00, 0x00, 0x00, 0x00, 0x00, 0x00,
    0x00, 0x00, 0x00, 0x00, 0x00, 0x00, 0x00, 0x00, 0x00, 0x00, 0x00, 0x00, 0x00, 0x00, 0x00, 0x00,
    0x00, 0x00, 0x00, 0x00, 0x00, 0x00, 0x00, 0x00, 0x00, 0x00, 0x00, 0x00, 0x00, 0x00, 0x00, 0x00,
    0x00, 0x00, 0x00, 0x00, 0x00, 0x00, 0x00, 0x00, 0x00, 0x00, 0x00, 0x00, 0x00, 0x00, 0x00, 0x00,
    0x00, 0x00, 0x00, 0x00, 0x00, 0x00, 0x00, 0x00, 0x00, 0x00, 0x00, 0x00, 0x00, 0x00, 0x00, 0x00,
    0x00, 0x00, 0x00, 0x00, 0x00, 0x00, 0x00, 0x00, 0x00, 0x00, 0x00, 0x00, 0x00, 0x00, 0x00, 0x00,
    0x00, 0x00, 0x00, 0x00, 0x00, 0x00, 0x00, 0x00, 0x00, 0x00, 0x00, 0x00, 0x00, 0x00, 0x00, 0x00,
    0x00, 0x00, 0x00, 0x00, 0x00, 0x00, 0x00, 0x00, 0x00, 0x00, 0x00, 0x00, 0x00, 0x00, 0x00, 0x00,
    0x00, 0x00, 0x00, 0x00, 0x00, 0x00, 0xAD, 0x75, 0x00, 0x00, 0x29, 0xD7, 0x29, 0xD7, 0x29, 0xF7,
    0x29, 0xF8, 0x29, 0xF8, 0x29, 0xF8, 0x29, 0xF8, 0x21, 0x93, 0x00, 0x00, 0x53, 0x19, 0x63, 0x9E,
    0x63, 0x9D, 0x63, 0x9D, 0x63, 0x9D, 0x63, 0x9E, 0x63, 0x9E, 0x63, 0xBE, 0x63, 0xBF, 0x63, 0xBE,
    0x63, 0xBF, 0x63, 0xBF, 0x63, 0xBF, 0x63, 0x9E, 0x63, 0x9D, 0x63, 0xBE, 0x63, 0xBE, 0x63, 0xBF,
    0x63, 0xBE, 0x63, 0x9E, 0x63, 0x9E, 0x63, 0x9E, 0x63, 0xBE, 0x63, 0x9E, 0x63, 0xBF, 0x63, 0x9E,
    0x63, 0x9E, 0x63, 0xBF, 0x63, 0xBF, 0x63, 0xBF, 0x63, 0xBF, 0x63, 0xBF, 0x63, 0xBF, 0x63, 0xBF,
    0x63, 0xBF, 0x63, 0xBF, 0x63, 0xBE, 0x63, 0xBE, 0x63, 0xBF, 0x63, 0xBE, 0x63, 0xBE, 0x63, 0xBF,
    0x63, 0xBE, 0x63, 0xBF, 0x63, 0xBF, 0x63, 0xBF, 0x63, 0xBE, 0x63, 0xBE, 0x63, 0xBF, 0x63, 0x9E,
    0x63, 0x9E, 0x63, 0xBF, 0x63, 0x9E, 0x63, 0xBE, 0x63, 0xBF, 0x63, 0xBF, 0x63, 0xBE, 0x63, 0xBF,
    0x63, 0xDF, 0x63, 0xDF, 0x63, 0xBF, 0x63, 0xBF, 0x63, 0x9E, 0x63, 0x7C, 0x63, 0x9D, 0x63, 0xBF,
    0x63, 0xBF, 0x63, 0xBF, 0x63, 0xBF, 0x63, 0xBF, 0x63, 0xBF, 0x63, 0x9E, 0x63, 0x9D, 0x63, 0x9E,
    0x63, 0xBE, 0x63, 0xBE, 0x63, 0xBF, 0x63, 0xBF, 0x63, 0xBF, 0x63, 0xBF, 0x63, 0xBF, 0x63, 0xBF,
    0x29, 0xF8, 0x29, 0xD7, 0x29, 0xD7, 0x29, 0xD7, 0x29, 0xF8, 0x29, 0xF9, 0x29, 0xF8, 0x00, 0x00,
    0xAD, 0x55, 0x00, 0x00, 0x00, 0x00, 0x00, 0x00, 0x00, 0x00, 0x00, 0x00, 0x00, 0x00, 0x00, 0x00,
    0x00, 0x00, 0x00, 0x00, 0x00, 0x00, 0x00, 0x00, 0x00, 0x00, 0x00, 0x00, 0x00, 0x00, 0x00, 0x00,
    0x00, 0x00, 0x00, 0x00, 0x00, 0x00, 0x00, 0x00, 0x00, 0x00, 0x00, 0x00, 0x00, 0x00, 0x00, 0x00,
    0x00, 0x00, 0x00, 0x00, 0x00, 0x00, 0x00, 0x00, 0x00, 0x00, 0x00, 0x00, 0x00, 0x00, 0x00, 0x00,
    0x00, 0x00, 0x00, 0x00, 0x00, 0x00, 0x00, 0x00, 0x00, 0x00, 0x00, 0x00, 0x00, 0x00, 0x00, 0x00,
    0x00, 0x00, 0x00, 0x00, 0x00, 0x00, 0x00, 0x00, 0x00, 0x00, 0x00, 0x00, 0x00, 0x00, 0x00, 0x00,
    0x00, 0x00, 0x00, 0x00, 0x00, 0x00, 0x00, 0x00, 0x00, 0x00, 0x00, 0x00, 0x00, 0x00, 0x00, 0x00,
    0x00, 0x00, 0x00, 0x00, 0x00, 0x00, 0x00, 0x00, 0x00, 0x00, 0x00, 0x00, 0x00, 0x00, 0x00, 0x00,
    0x00, 0x00, 0x00, 0x00, 0x00, 0x00, 0x00, 0x00, 0x00, 0x00, 0x00, 0x00, 0x00, 0x00, 0x00, 0x00,
    0x00, 0x00, 0x00, 0x00, 0x00, 0x00, 0x00, 0x00, 0x00, 0x00, 0x00, 0x00, 0x00, 0x00, 0x00, 0x00,
    0x00, 0x00, 0x00, 0x00, 0x00, 0x00, 0x00, 0x00, 0x00, 0x00, 0x00, 0x00, 0x00, 0x00, 0x00, 0x00,
    0x00, 0x00, 0x00, 0x00, 0x00, 0x00, 0x00, 0x00, 0x00, 0x00, 0x00, 0x00, 0x00, 0x00, 0x00, 0x00,
    0x00, 0x00, 0x00, 0x00, 0x00, 0x00, 0x00, 0x00, 0x00, 0x00, 0x00, 0x00, 0x00, 0x00, 0x00, 0x00,
    0x00, 0x00, 0x00, 0x00, 0x00, 0x00, 0x00, 0x00, 0x00, 0x00, 0x00, 0x00, 0x00, 0x00, 0x00, 0x00,
    0x00, 0x00, 0x00, 0x00, 0x00, 0x00, 0x00, 0x00, 0x00, 0x00, 0x00, 0x00, 0x00, 0x00, 0x00, 0x00,
    0x00, 0x00, 0x00, 0x00, 0x00, 0x00, 0x00, 0x00, 0x00, 0x00, 0x00, 0x00, 0x00, 0x00, 0x00, 0x00,
    0x00, 0x00, 0x00, 0x00, 0x00, 0x00, 0x00, 0x00, 0x00, 0x00, 0x00, 0x00, 0x00, 0x00, 0x00, 0x00,
    0x00, 0x00, 0x00, 0x00, 0x00, 0x00, 0x00, 0x00, 0x00, 0x00, 0x00, 0x00, 0x00, 0x00, 0x00, 0x00,
    0x00, 0x00, 0x00, 0x00, 0x00, 0x00, 0x00, 0x00, 0x00, 0x00, 0x00, 0x00, 0x00, 0x00, 0x00, 0x00,
    0x00, 0x00, 0x00, 0x00, 0x00, 0x00, 0x00, 0x00, 0x00, 0x00, 0x00, 0x00, 0x00, 0x00, 0x00, 0x00,
    0x00, 0x00, 0x00, 0x00, 0x00, 0x00, 0x00, 0x00, 0x00, 0x00, 0x00, 0x00, 0x00, 0x00, 0x00, 0x00,
    0x00, 0x00, 0x00, 0x00, 0x00, 0x00, 0x00, 0x00, 0x00, 0x00, 0x00, 0x00, 0x00, 0x00, 0x00, 0x00,
    0x00, 0x00, 0x00, 0x00, 0x00, 0x00, 0x00, 0x00, 0x00, 0x00, 0x00, 0x00, 0x00, 0x00, 0x00, 0x00,
    0x00, 0x00, 0x00, 0x00, 0x00, 0x00, 0x00, 0x00, 0x00, 0x00, 0x00, 0x00, 0x00, 0x00, 0x00, 0x00,
    0x00, 0x00, 0x00, 0x00, 0x00, 0x00, 0x00, 0x00, 0x00, 0x00, 0x00, 0x00, 0x00, 0x00, 0x00, 0x00,
    0x00, 0x00, 0x00, 0x00, 0x00, 0x00, 0x00, 0x00, 0x00, 0x00, 0x00, 0x00, 0x00, 0x00, 0x00, 0x00,
    0x00, 0x00, 0x00, 0x00, 0x00, 0x00, 0x00, 0x00, 0x00, 0x00, 0x00, 0x00, 0x00, 0x00, 0x00, 0x00,
    0x00, 0x00, 0x00, 0x00, 0x00, 0x00, 0xAD, 0x75, 0x00, 0x00, 0x29, 0xF9, 0x29, 0xF8, 0x29, 0xF8,
    0x29, 0xF8, 0x29, 0xF8, 0x29, 0xF8, 0x29, 0xF8, 0x21, 0x94, 0x00, 0x00, 0x53, 0x19, 0x63, 0x9E,
    0x63, 0x9E, 0x63, 0x9E, 0x63, 0xBF, 0x63, 0xBF, 0x63, 0xBF, 0x63, 0xBF, 0x63, 0xBF, 0x63, 0xBF,
    0x63, 0xBF, 0x63, 0xBF, 0x63, 0xBF, 0x63, 0xBF, 0x63, 0xBF, 0x63, 0xBF, 0x63, 0xBF, 0x63, 0xBF,
    0x63, 0xBF, 0x63, 0xDF, 0x63, 0xBF, 0x63, 0xBF, 0x63, 0xBF, 0x63, 0xBE, 0x63, 0xBF, 0x63, 0xBF,
    0x63, 0xBF, 0x63, 0xBF, 0x63, 0xBF, 0x63, 0x9D, 0x63, 0x9E, 0x63, 0xDF, 0x63, 0xDF, 0x63, 0xDF,
    0x63, 0xDF, 0x63, 0xDF, 0x63, 0xBF, 0x63, 0xDF, 0x63, 0xDF, 0x63, 0xDF, 0x63, 0xBE, 0x63, 0xBF,
    0x63, 0xBF, 0x63, 0xDF, 0x63, 0xDF, 0x63, 0xBF, 0x63, 0xBF, 0x63, 0x9E, 0x63, 0xBF, 0x63, 0x9E,
    0x63, 0x9D, 0x63, 0x9E, 0x63, 0xBE, 0x63, 0xBF, 0x63, 0xDF, 0x63, 0xBF, 0x63, 0xBF, 0x63, 0xDF,
    0x63, 0xDF, 0x63, 0xBF, 0x63, 0xBE, 0x63, 0x9E, 0x63, 0x9E, 0x63, 0x9E, 0x63, 0xBF, 0x6B, 0xDF,
    0x63, 0xDF, 0x63, 0xBF, 0x63, 0xBF, 0x63, 0xBF, 0x63, 0xBE, 0x63, 0x9E, 0x63, 0x9E, 0x63, 0xBE,
    0x63, 0xBF, 0x63, 0xDF, 0x63, 0xDF, 0x63, 0xDF, 0x63, 0xDF, 0x63, 0xBF, 0x63, 0xDF, 0x63, 0xBF,
    0x29, 0xF8, 0x29, 0xF8, 0x29, 0xF8, 0x29, 0xF8, 0x29, 0xF8, 0x29, 0xF8, 0x29, 0xF8, 0x00, 0x00,
    0xAD, 0x55, 0x00, 0x00, 0x00, 0x00, 0x00, 0x00, 0x00, 0x00, 0x00, 0x00, 0x00, 0x00, 0x00, 0x00,
    0x00, 0x00, 0x00, 0x00, 0x00, 0x00, 0x00, 0x00, 0x00, 0x00, 0x00, 0x00, 0x00, 0x00, 0x00, 0x00,
    0x00, 0x00, 0x00, 0x00, 0x00, 0x00, 0x00, 0x00, 0x00, 0x00, 0x00, 0x00, 0x00, 0x00, 0x00, 0x00,
    0x00, 0x00, 0x00, 0x00, 0x00, 0x00, 0x00, 0x00, 0x00, 0x00, 0x00, 0x00, 0x00, 0x00, 0x00, 0x00,
    0x00, 0x00, 0x00, 0x00, 0x00, 0x00, 0x00, 0x00, 0x00, 0x00, 0x00, 0x00, 0x00, 0x00, 0x00, 0x00,
    0x00, 0x00, 0x00, 0x00, 0x00, 0x00, 0x00, 0x00, 0x00, 0x00, 0x00, 0x00, 0x00, 0x00, 0x00, 0x00,
    0x00, 0x00, 0x00, 0x00, 0x00, 0x00, 0x00, 0x00, 0x00, 0x00, 0x00, 0x00, 0x00, 0x00, 0x00, 0x00,
    0x00, 0x00, 0x00, 0x00, 0x00, 0x00, 0x00, 0x00, 0x00, 0x00, 0x00, 0x00, 0x00, 0x00, 0x00, 0x00,
    0x00, 0x00, 0x00, 0x00, 0x00, 0x00, 0x00, 0x00, 0x00, 0x00, 0x00, 0x00, 0x00, 0x00, 0x00, 0x00,
    0x00, 0x00, 0x00, 0x00, 0x00, 0x00, 0x00, 0x00, 0x00, 0x00, 0x00, 0x00, 0x00, 0x00, 0x00, 0x00,
    0x00, 0x00, 0x00, 0x00, 0x00, 0x00, 0x00, 0x00, 0x00, 0x00, 0x00, 0x00, 0x00, 0x00, 0x00, 0x00,
    0x00, 0x00, 0x00, 0x00, 0x00, 0x00, 0x00, 0x00, 0x00, 0x00, 0x00, 0x00, 0x00, 0x00, 0x00, 0x00,
    0x00, 0x00, 0x00, 0x00, 0x00, 0x00, 0x00, 0x00, 0x00, 0x00, 0x00, 0x00, 0x00, 0x00, 0x00, 0x00,
    0x00, 0x00, 0x00, 0x00, 0x00, 0x00, 0x00, 0x00, 0x00, 0x00, 0x00, 0x00, 0x00, 0x00, 0x00, 0x00,
    0x00, 0x00, 0x00, 0x00, 0x00, 0x00, 0x00, 0x00, 0x00, 0x00, 0x00, 0x00, 0x00, 0x00, 0x00, 0x00,
    0x00, 0x00, 0x00, 0x00, 0x00, 0x00, 0x00, 0x00, 0x00, 0x00, 0x00, 0x00, 0x00, 0x00, 0x00, 0x00,
    0x00, 0x00, 0x00, 0x00, 0x00, 0x00, 0x00, 0x00, 0x00, 0x00, 0x00, 0x00, 0x00, 0x00, 0x00, 0x00,
    0x00, 0x00, 0x00, 0x00, 0x00, 0x00, 0x00, 0x00, 0x00, 0x00, 0x00, 0x00, 0x00, 0x00, 0x00, 0x00,
    0x00, 0x00, 0x00, 0x00, 0x00, 0x00, 0x00, 0x00, 0x00, 0x00, 0x00, 0x00, 0x00, 0x00, 0x00, 0x00,
    0x00, 0x00, 0x00, 0x00, 0x00, 0x00, 0x00, 0x00, 0x00, 0x00, 0x00, 0x00, 0x00, 0x00, 0x00, 0x00,
    0x00, 0x00, 0x00, 0x00, 0x00, 0x00, 0x00, 0x00, 0x00, 0x00, 0x00, 0x00, 0x00, 0x00, 0x00, 0x00,
    0x00, 0x00, 0x00, 0x00, 0x00, 0x00, 0x00, 0x00, 0x00, 0x00, 0x00, 0x00, 0x00, 0x00, 0x00, 0x00,
    0x00, 0x00, 0x00, 0x00, 0x00, 0x00, 0x00, 0x00, 0x00, 0x00, 0x00, 0x00, 0x00, 0x00, 0x00, 0x00,
    0x00, 0x00, 0x00, 0x00, 0x00, 0x00, 0x00, 0x00, 0x00, 0x00, 0x00, 0x00, 0x00, 0x00, 0x00, 0x00,
    0x00, 0x00, 0x00, 0x00, 0x00, 0x00, 0x00, 0x00, 0x00, 0x00, 0x00, 0x00, 0x00, 0x00, 0x00, 0x00,
    0x00, 0x00, 0x00, 0x00, 0x00, 0x00, 0x00, 0x00, 0x00, 0x00, 0x00, 0x00, 0x00, 0x00, 0x00, 0x00,
    0x00, 0x00, 0x00, 0x00, 0x00, 0x00, 0x00, 0x00, 0x00, 0x00, 0x00, 0x00, 0x00, 0x00, 0x00, 0x00,
    0x00, 0x00, 0x00, 0x00, 0x00, 0x00, 0xAD, 0x75, 0x00, 0x00, 0x2A, 0x1A, 0x2A, 0x19, 0x29, 0xF8,
    0x29, 0xF9, 0x29, 0xF9, 0x29, 0xF9, 0x29, 0xF9, 0x21, 0x94, 0x00, 0x00, 0x53, 0x19, 0x63, 0xBF,
    0x63, 0xBE, 0x63, 0xBF, 0x63, 0xBF, 0x63, 0xBF, 0x63, 0xBF, 0x63, 0xBF, 0x63, 0xBF, 0x63, 0xBF,
    0x63, 0xBF, 0x63, 0xDF, 0x63, 0xDF, 0x63, 0xDF, 0x63, 0xDF, 0x63, 0xBF, 0x63, 0xDF, 0x63, 0xDF,
    0x6B, 0xDF, 0x6B, 0xFF, 0x63, 0xDF, 0x63, 0xBF, 0x63, 0xBF, 0x63, 0xBF, 0x63, 0xBF, 0x63, 0xBF,
    0x63, 0xBF, 0x63, 0xBF, 0x63, 0xBE, 0x63, 0xBF, 0x63, 0xDF, 0x63, 0xDF, 0x63, 0xDF, 0x63, 0xDF,
    0x63, 0xBF, 0x63, 0xBE, 0x63, 0x9E, 0x63, 0xBF, 0x63, 0xBF, 0x63, 0xBE, 0x63, 0xBE, 0x63, 0xBF,
    0x63, 0xDF, 0x63, 0xBF, 0x63, 0xDF, 0x63, 0xBF, 0x63, 0x9D, 0x63, 0x9E, 0x63, 0xBF, 0x63, 0xBE,
    0x63, 0xBE, 0x63, 0xBF, 0x63, 0xBF, 0x63, 0xDF, 0x63, 0xDF, 0x63, 0xDF, 0x63, 0xDF, 0x63, 0xDF,
    0x63, 0xDF, 0x63, 0xBE, 0x63, 0xBE, 0x63, 0xBF, 0x63, 0xBF, 0x63, 0xBF, 0x63, 0xBF, 0x63, 0xDF,
    0x63, 0xBF, 0x63, 0x9E, 0x63, 0xBF, 0x63, 0xBF, 0x63, 0x9E, 0x63, 0xBF, 0x63, 0xBF, 0x63, 0xBF,
    0x63, 0xDF, 0x63, 0xDF, 0x63, 0xDF, 0x63, 0xDF, 0x63, 0xDF, 0x63, 0xBF, 0x63, 0xDF, 0x63, 0xBF,
    0x29, 0xF8, 0x29, 0xF8, 0x29, 0xF9, 0x29, 0xF8, 0x29, 0xF8, 0x29, 0xF8, 0x29, 0xF8, 0x00, 0x00,
    0xAD, 0x55, 0x00, 0x00, 0x00, 0x00, 0x00, 0x00, 0x00, 0x00, 0x00, 0x00, 0x00, 0x00, 0x00, 0x00,
    0x00, 0x00, 0x00, 0x00, 0x00, 0x00, 0x00, 0x00, 0x00, 0x00, 0x00, 0x00, 0x00, 0x00, 0x00, 0x00,
    0x00, 0x00, 0x00, 0x00, 0x00, 0x00, 0x00, 0x00, 0x00, 0x00, 0x00, 0x00, 0x00, 0x00, 0x00, 0x00,
    0x00, 0x00, 0x00, 0x00, 0x00, 0x00, 0x00, 0x00, 0x00, 0x00, 0x00, 0x00, 0x00, 0x00, 0x00, 0x00,
    0x00, 0x00, 0x00, 0x00, 0x00, 0x00, 0x00, 0x00, 0x00, 0x00, 0x00, 0x00, 0x00, 0x00, 0x00, 0x00,
    0x00, 0x00, 0x00, 0x00, 0x00, 0x00, 0x00, 0x00, 0x00, 0x00, 0x00, 0x00, 0x00, 0x00, 0x00, 0x00,
    0x00, 0x00, 0x00, 0x00, 0x00, 0x00, 0x00, 0x00, 0x00, 0x00, 0x00, 0x00, 0x00, 0x00, 0x00, 0x00,
    0x00, 0x00, 0x00, 0x00, 0x00, 0x00, 0x00, 0x00, 0x00, 0x00, 0x00, 0x00, 0x00, 0x00, 0x00, 0x00,
    0x00, 0x00, 0x00, 0x00, 0x00, 0x00, 0x00, 0x00, 0x00, 0x00, 0x00, 0x00, 0x00, 0x00, 0x00, 0x00,
    0x00, 0x00, 0x00, 0x00, 0x00, 0x00, 0x00, 0x00, 0x00, 0x00, 0x00, 0x00, 0x00, 0x00, 0x00, 0x00,
    0x00, 0x00, 0x00, 0x00, 0x00, 0x00, 0x00, 0x00, 0x00, 0x00, 0x00, 0x00, 0x00, 0x00, 0x00, 0x00,
    0x00, 0x00, 0x00, 0x00, 0x00, 0x00, 0x00, 0x00, 0x00, 0x00, 0x00, 0x00, 0x00, 0x00, 0x00, 0x00,
    0x00, 0x00, 0x00, 0x00, 0x00, 0x00, 0x00, 0x00, 0x00, 0x00, 0x00, 0x00, 0x00, 0x00, 0x00, 0x00,
    0x00, 0x00, 0x00, 0x00, 0x00, 0x00, 0x00, 0x00, 0x00, 0x00, 0x00, 0x00, 0x00, 0x00, 0x00, 0x00,
    0x00, 0x00, 0x00, 0x00, 0x00, 0x00, 0x00, 0x00, 0x00, 0x00, 0x00, 0x00, 0x00, 0x00, 0x00, 0x00,
    0x00, 0x00, 0x00, 0x00, 0x00, 0x00, 0x00, 0x00, 0x00, 0x00, 0x00, 0x00, 0x00, 0x00, 0x00, 0x00,
    0x00, 0x00, 0x00, 0x00, 0x00, 0x00, 0x00, 0x00, 0x00, 0x00, 0x00, 0x00, 0x00, 0x00, 0x00, 0x00,
    0x00, 0x00, 0x00, 0x00, 0x00, 0x00, 0x00, 0x00, 0x00, 0x00, 0x00, 0x00, 0x00, 0x00, 0x00, 0x00,
    0x00, 0x00, 0x00, 0x00, 0x00, 0x00, 0x00, 0x00, 0x00, 0x00, 0x00, 0x00, 0x00, 0x00, 0x00, 0x00,
    0x00, 0x00, 0x00, 0x00, 0x00, 0x00, 0x00, 0x00, 0x00, 0x00, 0x00, 0x00, 0x00, 0x00, 0x00, 0x00,
    0x00, 0x00, 0x00, 0x00, 0x00, 0x00, 0x00, 0x00, 0x00, 0x00, 0x00, 0x00, 0x00, 0x00, 0x00, 0x00,
    0x00, 0x00, 0x00, 0x00, 0x00, 0x00, 0x00, 0x00, 0x00, 0x00, 0x00, 0x00, 0x00, 0x00, 0x00, 0x00,
    0x00, 0x00, 0x00, 0x00, 0x00, 0x00, 0x00, 0x00, 0x00, 0x00, 0x00, 0x00, 0x00, 0x00, 0x00, 0x00,
    0x00, 0x00, 0x00, 0x00, 0x00, 0x00, 0x00, 0x00, 0x00, 0x00, 0x00, 0x00, 0x00, 0x00, 0x00, 0x00,
    0x00, 0x00, 0x00, 0x00, 0x00, 0x00, 0x00, 0x00, 0x00, 0x00, 0x00, 0x00, 0x00, 0x00, 0x00, 0x00,
    0x00, 0x00, 0x00, 0x00, 0x00, 0x00, 0x00, 0x00, 0x00, 0x00, 0x00, 0x00, 0x00, 0x00, 0x00, 0x00,
    0x00, 0x00, 0x00, 0x00, 0x00, 0x00, 0x00, 0x00, 0x00, 0x00, 0x00, 0x00, 0x00, 0x00, 0x00, 0x00,
    0x00, 0x00, 0x00, 0x00, 0x00, 0x00, 0xAD, 0x75, 0x00, 0x00, 0x2A, 0x1A, 0x29, 0xF9, 0x29, 0xD7,
    0x29, 0xF9, 0x29, 0xF9, 0x29, 0xF9, 0x29, 0xF9, 0x21, 0x94, 0x00, 0x00, 0x53, 0x1A, 0x63, 0xBF,
    0x63, 0xDF, 0x63, 0xBF, 0x63, 0xBF, 0x63, 0xBF, 0x63, 0xBE, 0x63, 0x9E, 0x63, 0xBF, 0x63, 0xBF,
    0x63, 0xDF, 0x63, 0xDF, 0x63, 0xBF, 0x63, 0xBF, 0x63, 0xDF, 0x63, 0xDF, 0x6B, 0xDF, 0x6B, 0xFF,
    0x6B, 0xDF, 0x63, 0xDF, 0x63, 0xDF, 0x63, 0xBE, 0x63, 0xDF, 0x63, 0xDF, 0x63, 0xBF, 0x63, 0xBF,
    0x63, 0xBF, 0x63, 0xBF, 0x63, 0xBF, 0x63, 0xDF, 0x6B, 0xDF, 0x63, 0xDF, 0x63, 0xBF, 0x63, 0xBF,
    0x63, 0xBF, 0x63, 0x9E, 0x63, 0x9D, 0x63, 0x9E, 0x63, 0x9E, 0x63, 0x9D, 0x63, 0xBE, 0x63, 0xDF,
    0x63, 0xDF, 0x63, 0xDF, 0x63, 0xBF, 0x63, 0xBE, 0x63, 0x9D, 0x63, 0x9E, 0x63, 0xBF, 0x63, 0xDF,
    0x63, 0xDF, 0x63, 0xDF, 0x63, 0xDF, 0x63, 0xDF, 0x63, 0xDF, 0x63, 0xDF, 0x63, 0xDF, 0x63, 0xDF,
    0x63, 0xBF, 0x63, 0xBE, 0x63, 0xBF, 0x63, 0xDF, 0x63, 0xDF, 0x63, 0xDF, 0x63, 0xBF, 0x63, 0xBF,
    0x63, 0xBE, 0x63, 0x9E, 0x63, 0x9E, 0x63, 0xBE, 0x63, 0xBE, 0x63, 0xBF, 0x63, 0xDF, 0x63, 0xDF,
    0x63, 0xDF, 0x63, 0xBF, 0x63, 0xBF, 0x63, 0xBF, 0x63, 0xBF, 0x63, 0xBF, 0x63, 0xDF, 0x63, 0xBF,
    0x29, 0xF8, 0x29, 0xF9, 0x29, 0xF9, 0x29, 0xF8, 0x29, 0xF8, 0x29, 0xF8, 0x29, 0xF8, 0x00, 0x00,
    0xAD, 0x55, 0x00, 0x00, 0x00, 0x00, 0x00, 0x00, 0x00, 0x00, 0x00, 0x00, 0x00, 0x00, 0x00, 0x00,
    0x00, 0x00, 0x00, 0x00, 0x00, 0x00, 0x00, 0x00, 0x00, 0x00, 0x00, 0x00, 0x00, 0x00, 0x00, 0x00,
    0x00, 0x00, 0x00, 0x00, 0x00, 0x00, 0x00, 0x00, 0x00, 0x00, 0x00, 0x00, 0x00, 0x00, 0x00, 0x00,
    0x00, 0x00, 0x00, 0x00, 0x00, 0x00, 0x00, 0x00, 0x00, 0x00, 0x00, 0x00, 0x00, 0x00, 0x00, 0x00,
    0x00, 0x00, 0x00, 0x00, 0x00, 0x00, 0x00, 0x00, 0x00, 0x00, 0x00, 0x00, 0x00, 0x00, 0x00, 0x00,
    0x00, 0x00, 0x00, 0x00, 0x00, 0x00, 0x00, 0x00, 0x00, 0x00, 0x00, 0x00, 0x00, 0x00, 0x00, 0x00,
    0x00, 0x00, 0x00, 0x00, 0x00, 0x00, 0x00, 0x00, 0x00, 0x00, 0x00, 0x00, 0x00, 0x00, 0x00, 0x00,
    0x00, 0x00, 0x00, 0x00, 0x00, 0x00, 0x00, 0x00, 0x00, 0x00, 0x00, 0x00, 0x00, 0x00, 0x00, 0x00,
    0x00, 0x00, 0x00, 0x00, 0x00, 0x00, 0x00, 0x00, 0x00, 0x00, 0x00, 0x00, 0x00, 0x00, 0x00, 0x00,
    0x00, 0x00, 0x00, 0x00, 0x00, 0x00, 0x00, 0x00, 0x00, 0x00, 0x00, 0x00, 0x00, 0x00, 0x00, 0x00,
    0x00, 0x00, 0x00, 0x00, 0x00, 0x00, 0x00, 0x00, 0x00, 0x00, 0x00, 0x00, 0x00, 0x00, 0x00, 0x00,
    0x00, 0x00, 0x00, 0x00, 0x00, 0x00, 0x00, 0x00, 0x00, 0x00, 0x00, 0x00, 0x00, 0x00, 0x00, 0x00,
    0x00, 0x00, 0x00, 0x00, 0x00, 0x00, 0x00, 0x00, 0x00, 0x00, 0x00, 0x00, 0x00, 0x00, 0x00, 0x00,
    0x00, 0x00, 0x00, 0x00, 0x00, 0x00, 0x00, 0x00, 0x00, 0x00, 0x00, 0x00, 0x00, 0x00, 0x00, 0x00,
    0x00, 0x00, 0x00, 0x00, 0x00, 0x00, 0x00, 0x00, 0x00, 0x00, 0x00, 0x00, 0x00, 0x00, 0x00, 0x00,
    0x00, 0x00, 0x00, 0x00, 0x00, 0x00, 0x00, 0x00, 0x00, 0x00, 0x00, 0x00, 0x00, 0x00, 0x00, 0x00,
    0x00, 0x00, 0x00, 0x00, 0x00, 0x00, 0x00, 0x00, 0x00, 0x00, 0x00, 0x00, 0x00, 0x00, 0x00, 0x00,
    0x00, 0x00, 0x00, 0x00, 0x00, 0x00, 0x00, 0x00, 0x00, 0x00, 0x00, 0x00, 0x00, 0x00, 0x00, 0x00,
    0x00, 0x00, 0x00, 0x00, 0x00, 0x00, 0x00, 0x00, 0x00, 0x00, 0x00, 0x00, 0x00, 0x00, 0x00, 0x00,
    0x00, 0x00, 0x00, 0x00, 0x00, 0x00, 0x00, 0x00, 0x00, 0x00, 0x00, 0x00, 0x00, 0x00, 0x00, 0x00,
    0x00, 0x00, 0x00, 0x00, 0x00, 0x00, 0x00, 0x00, 0x00, 0x00, 0x00, 0x00, 0x00, 0x00, 0x00, 0x00,
    0x00, 0x00, 0x00, 0x00, 0x00, 0x00, 0x00, 0x00, 0x00, 0x00, 0x00, 0x00, 0x00, 0x00, 0x00, 0x00,
    0x00, 0x00, 0x00, 0x00, 0x00, 0x00, 0x00, 0x00, 0x00, 0x00, 0x00, 0x00, 0x00, 0x00, 0x00, 0x00,
    0x00, 0x00, 0x00, 0x00, 0x00, 0x00, 0x00, 0x00, 0x00, 0x00, 0x00, 0x00, 0x00, 0x00, 0x00, 0x00,
    0x00, 0x00, 0x00, 0x00, 0x00, 0x00, 0x00, 0x00, 0x00, 0x00, 0x00, 0x00, 0x00, 0x00, 0x00, 0x00,
    0x00, 0x00, 0x00, 0x00, 0x00, 0x00, 0x00, 0x00, 0x00, 0x00, 0x00, 0x00, 0x00, 0x00, 0x00, 0x00,
    0x00, 0x00, 0x00, 0x00, 0x00, 0x00, 0x00, 0x00, 0x00, 0x00, 0x00, 0x00, 0x00, 0x00, 0x00, 0x00,
    0x00, 0x00, 0x00, 0x00, 0x00, 0x00, 0xAD, 0x75, 0x00, 0x00, 0x29, 0xF8, 0x29, 0xD7, 0x29, 0xD6,
    0x29, 0xF8, 0x29, 0xF9, 0x29, 0xF8, 0x2A, 0x19, 0x21, 0x94, 0x00, 0x00, 0x53, 0x1A, 0x63, 0xDF,
    0x63, 0xDF, 0x63, 0xBF, 0x63, 0xBF, 0x63, 0xBF, 0x63, 0xBF, 0x63, 0xBF, 0x63, 0xBF, 0x63, 0xDF,
    0x63, 0xDF, 0x63, 0xDF, 0x63, 0xBF, 0x63, 0xBF, 0x63, 0xDF, 0x63, 0xDF, 0x63, 0xDF, 0x63, 0xDF,
    0x63, 0xBF, 0x63, 0xBF, 0x63, 0xBE, 0x63, 0x9D, 0x63, 0xBF, 0x63, 0xBF, 0x63, 0xBF, 0x63, 0xBF,
    0x63, 0xDF, 0x63, 0xDF, 0x63, 0xBF, 0x63, 0xDF, 0x63, 0xBF, 0x63, 0x9E, 0x63, 0x9E, 0x63, 0xBE,
    0x63, 0xBE, 0x63, 0xBF, 0x63, 0xDF, 0x63, 0xDF, 0x63, 0xDF, 0x63, 0xBF, 0x63, 0xDF, 0x6B, 0xFF,
    0x6B, 0xFF, 0x6B, 0xDF, 0x63, 0xBF, 0x63, 0xBE, 0x63, 0x9E, 0x63, 0xBF, 0x63, 0xDF, 0x63, 0xDF,
    0x63, 0xBF, 0x63, 0xDF, 0x63, 0xDF, 0x63, 0xDF, 0x63, 0xBF, 0x63, 0xBF, 0x63, 0xBF, 0x63, 0xBE,
    0x63, 0xBE, 0x63, 0xBF, 0x63, 0xDF, 0x6B, 0xDF, 0x63, 0xDF, 0x63, 0xBF, 0x63, 0xBE, 0x63, 0xBE,
    0x63, 0xBF, 0x63, 0xBF, 0x63, 0xBF, 0x63, 0xBF, 0x63, 0xBF, 0x63, 0xDF, 0x63, 0xDF, 0x63, 0xBF,
    0x63, 0xBF, 0x63, 0xDF, 0x63, 0xDF, 0x63, 0xDF, 0x63, 0xDF, 0x63, 0xDF, 0x63, 0xDF, 0x63, 0xBF,
    0x29, 0xF9, 0x29, 0xF9, 0x29, 0xF8, 0x29, 0xF8, 0x29, 0xF8, 0x29, 0xF8, 0x29, 0xF9, 0x00, 0x00,
    0xAD, 0x55, 0x00, 0x00, 0x00, 0x00, 0x00, 0x00, 0x00, 0x00, 0x00, 0x00, 0x00, 0x00, 0x00, 0x00,
    0x00, 0x00, 0x00, 0x00, 0x00, 0x00, 0x00, 0x00, 0x00, 0x00, 0x00, 0x00, 0x00, 0x00, 0x00, 0x00,
    0x00, 0x00, 0x00, 0x00, 0x00, 0x00, 0x00, 0x00, 0x00, 0x00, 0x00, 0x00, 0x00, 0x00, 0x00, 0x00,
    0x00, 0x00, 0x00, 0x00, 0x00, 0x00, 0x00, 0x00, 0x00, 0x00, 0x00, 0x00, 0x00, 0x00, 0x00, 0x00,
    0x00, 0x00, 0x00, 0x00, 0x00, 0x00, 0x00, 0x00, 0x00, 0x00, 0x00, 0x00, 0x00, 0x00, 0x00, 0x00,
    0x00, 0x00, 0x00, 0x00, 0x00, 0x00, 0x00, 0x00, 0x00, 0x00, 0x00, 0x00, 0x00, 0x00, 0x00, 0x00,
    0x00, 0x00, 0x00, 0x00, 0x00, 0x00, 0x00, 0x00, 0x00, 0x00, 0x00, 0x00, 0x00, 0x00, 0x00, 0x00,
    0x00, 0x00, 0x00, 0x00, 0x00, 0x00, 0x00, 0x00, 0x00, 0x00, 0x00, 0x00, 0x00, 0x00, 0x00, 0x00,
    0x00, 0x00, 0x00, 0x00, 0x00, 0x00, 0x00, 0x00, 0x00, 0x00, 0x00, 0x00, 0x00, 0x00, 0x00, 0x00,
    0x00, 0x00, 0x00, 0x00, 0x00, 0x00, 0x00, 0x00, 0x00, 0x00, 0x00, 0x00, 0x00, 0x00, 0x00, 0x00,
    0x00, 0x00, 0x00, 0x00, 0x00, 0x00, 0x00, 0x00, 0x00, 0x00, 0x00, 0x00, 0x00, 0x00, 0x00, 0x00,
    0x00, 0x00, 0x00, 0x00, 0x00, 0x00, 0x00, 0x00, 0x00, 0x00, 0x00, 0x00, 0x00, 0x00, 0x00, 0x00,
    0x00, 0x00, 0x00, 0x00, 0x00, 0x00, 0x00, 0x00, 0x00, 0x00, 0x00, 0x00, 0x00, 0x00, 0x00, 0x00,
    0x00, 0x00, 0x00, 0x00, 0x00, 0x00, 0x00, 0x00, 0x00, 0x00, 0x00, 0x00, 0x00, 0x00, 0x00, 0x00,
    0x00, 0x00, 0x00, 0x00, 0x00, 0x00, 0x00, 0x00, 0x00, 0x00, 0x00, 0x00, 0x00, 0x00, 0x00, 0x00,
    0x00, 0x00, 0x00, 0x00, 0x00, 0x00, 0x00, 0x00, 0x00, 0x00, 0x00, 0x00, 0x00, 0x00, 0x00, 0x00,
    0x00, 0x00, 0x00, 0x00, 0x00, 0x00, 0x00, 0x00, 0x00, 0x00, 0x00, 0x00, 0x00, 0x00, 0x00, 0x00,
    0x00, 0x00, 0x00, 0x00, 0x00, 0x00, 0x00, 0x00, 0x00, 0x00, 0x00, 0x00, 0x00, 0x00, 0x00, 0x00,
    0x00, 0x00, 0x00, 0x00, 0x00, 0x00, 0x00, 0x00, 0x00, 0x00, 0x00, 0x00, 0x00, 0x00, 0x00, 0x00,
    0x00, 0x00, 0x00, 0x00, 0x00, 0x00, 0x00, 0x00, 0x00, 0x00, 0x00, 0x00, 0x00, 0x00, 0x00, 0x00,
    0x00, 0x00, 0x00, 0x00, 0x00, 0x00, 0x00, 0x00, 0x00, 0x00, 0x00, 0x00, 0x00, 0x00, 0x00, 0x00,
    0x00, 0x00, 0x00, 0x00, 0x00, 0x00, 0x00, 0x00, 0x00, 0x00, 0x00, 0x00, 0x00, 0x00, 0x00, 0x00,
    0x00, 0x00, 0x00, 0x00, 0x00, 0x00, 0x00, 0x00, 0x00, 0x00, 0x00, 0x00, 0x00, 0x00, 0x00, 0x00,
    0x00, 0x00, 0x00, 0x00, 0x00, 0x00, 0x00, 0x00, 0x00, 0x00, 0x00, 0x00, 0x00, 0x00, 0x00, 0x00,
    0x00, 0x00, 0x00, 0x00, 0x00, 0x00, 0x00, 0x00, 0x00, 0x00, 0x00, 0x00, 0x00, 0x00, 0x00, 0x00,
    0x00, 0x00, 0x00, 0x00, 0x00, 0x00, 0x00, 0x00, 0x00, 0x00, 0x00, 0x00, 0x00, 0x00, 0x00, 0x00,
    0x00, 0x00, 0x00, 0x00, 0x00, 0x00, 0x00, 0x00, 0x00, 0x00, 0x00, 0x00, 0x00, 0x00, 0x00, 0x00,
    0x00, 0x00, 0x00, 0x00, 0x00, 0x00, 0xAD, 0x75, 0x00, 0x00, 0x29, 0xD8, 0x29, 0xD7, 0x29, 0xD7,
    0x29, 0xF8, 0x2A, 0x1A, 0x2A, 0x1A, 0x32, 0x1B, 0x21, 0x94, 0x00, 0x00, 0x53, 0x1A, 0x63, 0xBF,
    0x63, 0xBF, 0x63, 0xBE, 0x63, 0xBE, 0x63, 0xBF, 0x63, 0xDF, 0x63, 0xDF, 0x63, 0xBF, 0x63, 0xBF,
    0x63, 0xDF, 0x63, 0xDF, 0x63, 0xBF, 0x63, 0xBF, 0x63, 0xDF, 0x63, 0xDF, 0x63, 0xDF, 0x63, 0xDF,
    0x63, 0xBF, 0x63, 0xBE, 0x63, 0x9E, 0x63, 0x9D, 0x63, 0xBE, 0x63, 0xDF, 0x63, 0xDF, 0x63, 0xDF,
    0x63, 0xDF, 0x63, 0xDF, 0x63, 0xBE, 0x63, 0x9E, 0x63, 0x9D, 0x63, 0x9D, 0x63, 0x9E, 0x63, 0xBE,
    0x63, 0xBF, 0x63, 0xDF, 0x6B, 0xFF, 0x6B, 0xFF, 0x6B, 0xFF, 0x6B, 0xFF, 0x6B, 0xFF, 0x6B, 0xFF,
    0x6B, 0xFF, 0x63, 0xDF, 0x63, 0xBE, 0x63, 0x9D, 0x63, 0x9E, 0x63, 0xBF, 0x63, 0xBF, 0x63, 0xBE,
    0x63, 0xBE, 0x63, 0xBE, 0x63, 0xBF, 0x63, 0xBF, 0x63, 0xBE, 0x63, 0xBE, 0x63, 0xBF, 0x63, 0xBF,
    0x63, 0xBF, 0x6B, 0xDF, 0x6B, 0xDF, 0x63, 0xDF, 0x63, 0xDF, 0x63, 0xBF, 0x63, 0xBE, 0x63, 0xBF,
    0x63, 0xBF, 0x63, 0xBF, 0x63, 0xBF, 0x63, 0xBF, 0x63, 0xBF, 0x63, 0xBF, 0x63, 0xBF, 0x63, 0xBF,
    0x63, 0xBF, 0x63, 0xDF, 0x63, 0xDF, 0x63, 0xDF, 0x63, 0xDF, 0x63, 0xDF, 0x63, 0xDF, 0x63, 0xBF,
    0x29, 0xF9, 0x29, 0xF8, 0x29, 0xF8, 0x29, 0xF8, 0x29, 0xF9, 0x29, 0xF9, 0x29, 0xF9, 0x00, 0x00,
    0xAD, 0x55, 0x00, 0x00, 0x00, 0x00, 0x00, 0x00, 0x00, 0x00, 0x00, 0x00, 0x00, 0x00, 0x00, 0x00,
    0x00, 0x00, 0x00, 0x00, 0x00, 0x00, 0x00, 0x00, 0x00, 0x00, 0x00, 0x00, 0x00, 0x00, 0x00, 0x00,
    0x00, 0x00, 0x00, 0x00, 0x00, 0x00, 0x00, 0x00, 0x00, 0x00, 0x00, 0x00, 0x00, 0x00, 0x00, 0x00,
    0x00, 0x00, 0x00, 0x00, 0x00, 0x00, 0x00, 0x00, 0x00, 0x00, 0x00, 0x00, 0x00, 0x00, 0x00, 0x00,
    0x00, 0x00, 0x00, 0x00, 0x00, 0x00, 0x00, 0x00, 0x00, 0x00, 0x00, 0x00, 0x00, 0x00, 0x00, 0x00,
    0x00, 0x00, 0x00, 0x00, 0x00, 0x00, 0x00, 0x00, 0x00, 0x00, 0x00, 0x00, 0x00, 0x00, 0x00, 0x00,
    0x00, 0x00, 0x00, 0x00, 0x00, 0x00, 0x00, 0x00, 0x00, 0x00, 0x00, 0x00, 0x00, 0x00, 0x00, 0x00,
    0x00, 0x00, 0x00, 0x00, 0x00, 0x00, 0x00, 0x00, 0x00, 0x00, 0x00, 0x00, 0x00, 0x00, 0x00, 0x00,
    0x00, 0x00, 0x00, 0x00, 0x00, 0x00, 0x00, 0x00, 0x00, 0x00, 0x00, 0x00, 0x00, 0x00, 0x00, 0x00,
    0x00, 0x00, 0x00, 0x00, 0x00, 0x00, 0x00, 0x00, 0x00, 0x00, 0x00, 0x00, 0x00, 0x00, 0x00, 0x00,
    0x00, 0x00, 0x00, 0x00, 0x00, 0x00, 0x00, 0x00, 0x00, 0x00, 0x00, 0x00, 0x00, 0x00, 0x00, 0x00,
    0x00, 0x00, 0x00, 0x00, 0x00, 0x00, 0x00, 0x00, 0x00, 0x00, 0x00, 0x00, 0x00, 0x00, 0x00, 0x00,
    0x00, 0x00, 0x00, 0x00, 0x00, 0x00, 0x00, 0x00, 0x00, 0x00, 0x00, 0x00, 0x00, 0x00, 0x00, 0x00,
    0x00, 0x00, 0x00, 0x00, 0x00, 0x00, 0x00, 0x00, 0x00, 0x00, 0x00, 0x00, 0x00, 0x00, 0x00, 0x00,
    0x00, 0x00, 0x00, 0x00, 0x00, 0x00, 0x00, 0x00, 0x00, 0x00, 0x00, 0x00, 0x00, 0x00, 0x00, 0x00,
    0x00, 0x00, 0x00, 0x00, 0x00, 0x00, 0x00, 0x00, 0x00, 0x00, 0x00, 0x00, 0x00, 0x00, 0x00, 0x00,
    0x00, 0x00, 0x00, 0x00, 0x00, 0x00, 0x00, 0x00, 0x00, 0x00, 0x00, 0x00, 0x00, 0x00, 0x00, 0x00,
    0x00, 0x00, 0x00, 0x00, 0x00, 0x00, 0x00, 0x00, 0x00, 0x00, 0x00, 0x00, 0x00, 0x00, 0x00, 0x00,
    0x00, 0x00, 0x00, 0x00, 0x00, 0x00, 0x00, 0x00, 0x00, 0x00, 0x00, 0x00, 0x00, 0x00, 0x00, 0x00,
    0x00, 0x00, 0x00, 0x00, 0x00, 0x00, 0x00, 0x00, 0x00, 0x00, 0x00, 0x00, 0x00, 0x00, 0x00, 0x00,
    0x00, 0x00, 0x00, 0x00, 0x00, 0x00, 0x00, 0x00, 0x00, 0x00, 0x00, 0x00, 0x00, 0x00, 0x00, 0x00,
    0x00, 0x00, 0x00, 0x00, 0x00, 0x00, 0x00, 0x00, 0x00, 0x00, 0x00, 0x00, 0x00, 0x00, 0x00, 0x00,
    0x00, 0x00, 0x00, 0x00, 0x00, 0x00, 0x00, 0x00, 0x00, 0x00, 0x00, 0x00, 0x00, 0x00, 0x00, 0x00,
    0x00, 0x00, 0x00, 0x00, 0x00, 0x00, 0x00, 0x00, 0x00, 0x00, 0x00, 0x00, 0x00, 0x00, 0x00, 0x00,
    0x00, 0x00, 0x00, 0x00, 0x00, 0x00, 0x00, 0x00, 0x00, 0x00, 0x00, 0x00, 0x00, 0x00, 0x00, 0x00,
    0x00, 0x00, 0x00, 0x00, 0x00, 0x00, 0x00, 0x00, 0x00, 0x00, 0x00, 0x00, 0x00, 0x00, 0x00, 0x00,
    0x00, 0x00, 0x00, 0x00, 0x00, 0x00, 0x00, 0x00, 0x00, 0x00, 0x00, 0x00, 0x00, 0x00, 0x00, 0x00,
    0x00, 0x00, 0x00, 0x00, 0x00, 0x00, 0xAD, 0x75, 0x00, 0x00, 0x29, 0xF8, 0x29, 0xD7, 0x29, 0xF8,
    0x2A, 0x19, 0x32, 0x1B, 0x32, 0x3B, 0x2A, 0x1B, 0x21, 0x94, 0x00, 0x00, 0x53, 0x1A, 0x63, 0xBF,
    0x63, 0xBF, 0x63, 0xBF, 0x63, 0xBF, 0x63, 0xDF, 0x63, 0xDF, 0x63, 0xBF, 0x63, 0xBF, 0x63, 0xBF,
    0x63, 0xBF, 0x63, 0xDF, 0x63, 0xBF, 0x63, 0xDF, 0x63, 0xDF, 0x63, 0xDF, 0x63, 0xDF, 0x63, 0xDF,
    0x63, 0xDF, 0x63, 0xBF, 0x63, 0xBE, 0x63, 0xBF, 0x63, 0xDF, 0x6B, 0xFF, 0x6B, 0xFF, 0x6B, 0xDF,
    0x63, 0xDF, 0x63, 0x9E, 0x63, 0x9D, 0x63, 0x9E, 0x63, 0xBE, 0x63, 0xBF, 0x63, 0xBF, 0x63, 0xBF,
    0x63, 0xDF, 0x6B, 0xFF, 0x6B, 0xFF, 0x63, 0xDF, 0x6B, 0xDF, 0x6B, 0xFF, 0x6B, 0xFF, 0x6B, 0xFF,
    0x63, 0xDF, 0x63, 0xBE, 0x63, 0x9D, 0x63, 0x9D, 0x63, 0xBE, 0x63, 0xBF, 0x63, 0xBF, 0x63, 0xBF,
    0x63, 0xBF, 0x63, 0xBF, 0x63, 0xBF, 0x63, 0xBF, 0x63, 0xBE, 0x63, 0xBF, 0x63, 0xDF, 0x63, 0xDF,
    0x63, 0xDF, 0x6B, 0xFF, 0x6B, 0xFF, 0x63, 0xDF, 0x63, 0xBF, 0x63, 0xBF, 0x63, 0xBF, 0x63, 0xBF,
    0x63, 0xBF, 0x63, 0xBF, 0x63, 0xBF, 0x63, 0xBF, 0x63, 0xBF, 0x63, 0xBF, 0x63, 0xBF, 0x63, 0xBF,
    0x63, 0xDF, 0x63, 0xDF, 0x63, 0xDF, 0x63, 0xDF, 0x63, 0xDF, 0x63, 0xBF, 0x63, 0xBF, 0x63, 0xDF,
    0x2A, 0x19, 0x29, 0xF8, 0x29, 0xF9, 0x2A, 0x19, 0x2A, 0x1A, 0x2A, 0x1A, 0x29, 0xF9, 0x00, 0x00,
    0xAD, 0x55, 0x00, 0x00, 0x00, 0x00, 0x00, 0x00, 0x00, 0x00, 0x00, 0x00, 0x00, 0x00, 0x00, 0x00,
    0x00, 0x00, 0x00, 0x00, 0x00, 0x00, 0x00, 0x00, 0x00, 0x00, 0x00, 0x00, 0x00, 0x00, 0x00, 0x00,
    0x00, 0x00, 0x00, 0x00, 0x00, 0x00, 0x00, 0x00, 0x00, 0x00, 0x00, 0x00, 0x00, 0x00, 0x00, 0x00,
    0x00, 0x00, 0x00, 0x00, 0x00, 0x00, 0x00, 0x00, 0x00, 0x00, 0x00, 0x00, 0x00, 0x00, 0x00, 0x00,
    0x00, 0x00, 0x00, 0x00, 0x00, 0x00, 0x00, 0x00, 0x00, 0x00, 0x00, 0x00, 0x00, 0x00, 0x00, 0x00,
    0x00, 0x00, 0x00, 0x00, 0x00, 0x00, 0x00, 0x00, 0x00, 0x00, 0x00, 0x00, 0x00, 0x00, 0x00, 0x00,
    0x00, 0x00, 0x00, 0x00, 0x00, 0x00, 0x00, 0x00, 0x00, 0x00, 0x00, 0x00, 0x00, 0x00, 0x00, 0x00,
    0x00, 0x00, 0x00, 0x00, 0x00, 0x00, 0x00, 0x00, 0x00, 0x00, 0x00, 0x00, 0x00, 0x00, 0x00, 0x00,
    0x00, 0x00, 0x00, 0x00, 0x00, 0x00, 0x00, 0x00, 0x00, 0x00, 0x00, 0x00, 0x00, 0x00, 0x00, 0x00,
    0x00, 0x00, 0x00, 0x00, 0x00, 0x00, 0x00, 0x00, 0x00, 0x00, 0x00, 0x00, 0x00, 0x00, 0x00, 0x00,
    0x00, 0x00, 0x00, 0x00, 0x00, 0x00, 0x00, 0x00, 0x00, 0x00, 0x00, 0x00, 0x00, 0x00, 0x00, 0x00,
    0x00, 0x00, 0x00, 0x00, 0x00, 0x00, 0x00, 0x00, 0x00, 0x00, 0x00, 0x00, 0x00, 0x00, 0x00, 0x00,
    0x00, 0x00, 0x00, 0x00, 0x00, 0x00, 0x00, 0x00, 0x00, 0x00, 0x00, 0x00, 0x00, 0x00, 0x00, 0x00,
    0x00, 0x00, 0x00, 0x00, 0x00, 0x00, 0x00, 0x00, 0x00, 0x00, 0x00, 0x00, 0x00, 0x00, 0x00, 0x00,
    0x00, 0x00, 0x00, 0x00, 0x00, 0x00, 0x00, 0x00, 0x00, 0x00, 0x00, 0x00, 0x00, 0x00, 0x00, 0x00,
    0x00, 0x00, 0x00, 0x00, 0x00, 0x00, 0x00, 0x00, 0x00, 0x00, 0x00, 0x00, 0x00, 0x00, 0x00, 0x00,
    0x00, 0x00, 0x00, 0x00, 0x00, 0x00, 0x00, 0x00, 0x00, 0x00, 0x00, 0x00, 0x00, 0x00, 0x00, 0x00,
    0x00, 0x00, 0x00, 0x00, 0x00, 0x00, 0x00, 0x00, 0x00, 0x00, 0x00, 0x00, 0x00, 0x00, 0x00, 0x00,
    0x00, 0x00, 0x00, 0x00, 0x00, 0x00, 0x00, 0x00, 0x00, 0x00, 0x00, 0x00, 0x00, 0x00, 0x00, 0x00,
    0x00, 0x00, 0x00, 0x00, 0x00, 0x00, 0x00, 0x00, 0x00, 0x00, 0x00, 0x00, 0x00, 0x00, 0x00, 0x00,
    0x00, 0x00, 0x00, 0x00, 0x00, 0x00, 0x00, 0x00, 0x00, 0x00, 0x00, 0x00, 0x00, 0x00, 0x00, 0x00,
    0x00, 0x00, 0x00, 0x00, 0x00, 0x00, 0x00, 0x00, 0x00, 0x00, 0x00, 0x00, 0x00, 0x00, 0x00, 0x00,
    0x00, 0x00, 0x00, 0x00, 0x00, 0x00, 0x00, 0x00, 0x00, 0x00, 0x00, 0x00, 0x00, 0x00, 0x00, 0x00,
    0x00, 0x00, 0x00, 0x00, 0x00, 0x00, 0x00, 0x00, 0x00, 0x00, 0x00, 0x00, 0x00, 0x00, 0x00, 0x00,
    0x00, 0x00, 0x00, 0x00, 0x00, 0x00, 0x00, 0x00, 0x00, 0x00, 0x00, 0x00, 0x00, 0x00, 0x00, 0x00,
    0x00, 0x00, 0x00, 0x00, 0x00, 0x00, 0x00, 0x00, 0x00, 0x00, 0x00, 0x00, 0x00, 0x00, 0x00, 0x00,
    0x00, 0x00, 0x00, 0x00, 0x00, 0x00, 0x00, 0x00, 0x00, 0x00, 0x00, 0x00, 0x00, 0x00, 0x00, 0x00,
    0x00, 0x00, 0x00, 0x00, 0x00, 0x00, 0xAD, 0x75, 0x00, 0x00, 0x29, 0xD7, 0x29, 0xD7, 0x2A, 0x19,
    0x2A, 0x3B, 0x32, 0x3B, 0x2A, 0x1A, 0x29, 0xF8, 0x21, 0xB4, 0x00, 0x00, 0x53, 0x1A, 0x63, 0xBF,
    0x63, 0xBF, 0x63, 0xDF, 0x63, 0xDF, 0x63, 0xDF, 0x63, 0xDF, 0x63, 0xBF, 0x63, 0xBF, 0x63, 0xBF,
    0x63, 0xDF, 0x6B, 0xDF, 0x6B, 0xFF, 0x63, 0xDF, 0x63, 0xDF, 0x63, 0xDF, 0x63, 0xDF, 0x63, 0xDF,
    0x63, 0xDF, 0x63, 0xBE, 0x63, 0xBE, 0x63, 0xDF, 0x6B, 0xFF, 0x6B, 0xFF, 0x63, 0xDF, 0x63, 0xBF,
    0x63, 0x9D, 0x5B, 0x7C, 0x63, 0x9D, 0x63, 0xBF, 0x63, 0xDF, 0x63, 0xDF, 0x63, 0xDF, 0x63, 0xDF,
    0x6B, 0xFF, 0x6B, 0xFF, 0x63, 0xDF, 0x63, 0xBF, 0x63, 0xDF, 0x63, 0xDF, 0x63, 0xBF, 0x63, 0xBE,
    0x63, 0x9E, 0x63, 0x9D, 0x63, 0x9D, 0x63, 0x9E, 0x63, 0xBF, 0x63, 0xDF, 0x63, 0xBF, 0x63, 0xBF,
    0x63, 0xBF, 0x63, 0xDF, 0x63, 0xDF, 0x63, 0xDF, 0x63, 0xDF, 0x63, 0xDF, 0x6B, 0xFF, 0x6B, 0xFF,
    0x63, 0xDF, 0x6B, 0xFF, 0x6B, 0xDF, 0x63, 0xDF, 0x63, 0xBF, 0x63, 0xBE, 0x63, 0xBE, 0x63, 0xBF,
    0x63, 0xBF, 0x63, 0xBF, 0x63, 0xDF, 0x63, 0xDF, 0x63, 0xBF, 0x63, 0xBF, 0x63, 0xDF, 0x63, 0xDF,
    0x6B, 0xFF, 0x6B, 0xFF, 0x63, 0xDF, 0x63, 0xDF, 0x63, 0xDF, 0x63, 0xDF, 0x63, 0xDF, 0x63, 0xDF,
    0x2A, 0x19, 0x2A, 0x19, 0x2A, 0x1A, 0x2A, 0x1A, 0x2A, 0x1A, 0x2A, 0x19, 0x29, 0xF9, 0x00, 0x00,
    0xAD, 0x55, 0x00, 0x00, 0x00, 0x00, 0x00, 0x00, 0x00, 0x00, 0x00, 0x00, 0x00, 0x00, 0x00, 0x00,
    0x00, 0x00, 0x00, 0x00, 0x00, 0x00, 0x00, 0x00, 0x00, 0x00, 0x00, 0x00, 0x00, 0x00, 0x00, 0x00,
    0x00, 0x00, 0x00, 0x00, 0x00, 0x00, 0x00, 0x00, 0x00, 0x00, 0x00, 0x00, 0x00, 0x00, 0x00, 0x00,
    0x00, 0x00, 0x00, 0x00, 0x00, 0x00, 0x00, 0x00, 0x00, 0x00, 0x00, 0x00, 0x00, 0x00, 0x00, 0x00,
    0x00, 0x00, 0x00, 0x00, 0x00, 0x00, 0x00, 0x00, 0x00, 0x00, 0x00, 0x00, 0x00, 0x00, 0x00, 0x00,
    0x00, 0x00, 0x00, 0x00, 0x00, 0x00, 0x00, 0x00, 0x00, 0x00, 0x00, 0x00, 0x00, 0x00, 0x00, 0x00,
    0x00, 0x00, 0x00, 0x00, 0x00, 0x00, 0x00, 0x00, 0x00, 0x00, 0x00, 0x00, 0x00, 0x00, 0x00, 0x00,
    0x00, 0x00, 0x00, 0x00, 0x00, 0x00, 0x00, 0x00, 0x00, 0x00, 0x00, 0x00, 0x00, 0x00, 0x00, 0x00,
    0x00, 0x00, 0x00, 0x00, 0x00, 0x00, 0x00, 0x00, 0x00, 0x00, 0x00, 0x00, 0x00, 0x00, 0x00, 0x00,
    0x00, 0x00, 0x00, 0x00, 0x00, 0x00, 0x00, 0x00, 0x00, 0x00, 0x00, 0x00, 0x00, 0x00, 0x00, 0x00,
    0x00, 0x00, 0x00, 0x00, 0x00, 0x00, 0x00, 0x00, 0x00, 0x00, 0x00, 0x00, 0x00, 0x00, 0x00, 0x00,
    0x00, 0x00, 0x00, 0x00, 0x00, 0x00, 0x00, 0x00, 0x00, 0x00, 0x00, 0x00, 0x00, 0x00, 0x00, 0x00,
    0x00, 0x00, 0x00, 0x00, 0x00, 0x00, 0x00, 0x00, 0x00, 0x00, 0x00, 0x00, 0x00, 0x00, 0x00, 0x00,
    0x00, 0x00, 0x00, 0x00, 0x00, 0x00, 0x00, 0x00, 0x00, 0x00, 0x00, 0x00, 0x00, 0x00, 0x00, 0x00,
    0x00, 0x00, 0x00, 0x00, 0x00, 0x00, 0x00, 0x00, 0x00, 0x00, 0x00, 0x00, 0x00, 0x00, 0x00, 0x00,
    0x00, 0x00, 0x00, 0x00, 0x00, 0x00, 0x00, 0x00, 0x00, 0x00, 0x00, 0x00, 0x00, 0x00, 0x00, 0x00,
    0x00, 0x00, 0x00, 0x00, 0x00, 0x00, 0x00, 0x00, 0x00, 0x00, 0x00, 0x00, 0x00, 0x00, 0x00, 0x00,
    0x00, 0x00, 0x00, 0x00, 0x00, 0x00, 0x00, 0x00, 0x00, 0x00, 0x00, 0x00, 0x00, 0x00, 0x00, 0x00,
    0x00, 0x00, 0x00, 0x00, 0x00, 0x00, 0x00, 0x00, 0x00, 0x00, 0x00, 0x00, 0x00, 0x00, 0x00, 0x00,
    0x00, 0x00, 0x00, 0x00, 0x00, 0x00, 0x00, 0x00, 0x00, 0x00, 0x00, 0x00, 0x00, 0x00, 0x00, 0x00,
    0x00, 0x00, 0x00, 0x00, 0x00, 0x00, 0x00, 0x00, 0x00, 0x00, 0x00, 0x00, 0x00, 0x00, 0x00, 0x00,
    0x00, 0x00, 0x00, 0x00, 0x00, 0x00, 0x00, 0x00, 0x00, 0x00, 0x00, 0x00, 0x00, 0x00, 0x00, 0x00,
    0x00, 0x00, 0x00, 0x00, 0x00, 0x00, 0x00, 0x00, 0x00, 0x00, 0x00, 0x00, 0x00, 0x00, 0x00, 0x00,
    0x00, 0x00, 0x00, 0x00, 0x00, 0x00, 0x00, 0x00, 0x00, 0x00, 0x00, 0x00, 0x00, 0x00, 0x00, 0x00,
    0x00, 0x00, 0x00, 0x00, 0x00, 0x00, 0x00, 0x00, 0x00, 0x00, 0x00, 0x00, 0x00, 0x00, 0x00, 0x00,
    0x00, 0x00, 0x00, 0x00, 0x00, 0x00, 0x00, 0x00, 0x00, 0x00, 0x00, 0x00, 0x00, 0x00, 0x00, 0x00,
    0x00, 0x00, 0x00, 0x00, 0x00, 0x00, 0x00, 0x00, 0x00, 0x00, 0x00, 0x00, 0x00, 0x00, 0x00, 0x00,
    0x00, 0x00, 0x00, 0x00, 0x00, 0x00, 0xAD, 0x75, 0x00, 0x00, 0x29, 0xF8, 0x29, 0xF9, 0x32, 0x3B,
    0x32, 0x3C, 0x2A, 0x1A, 0x29, 0xF9, 0x29, 0xD7, 0x21, 0xB5, 0x00, 0x00, 0x53, 0x1A, 0x63, 0xDF,
    0x6B, 0xDF, 0x63, 0xDF, 0x63, 0xDF, 0x63, 0xDF, 0x63, 0xBF, 0x63, 0xBF, 0x63, 0xBF, 0x63, 0xDF,
    0x6B, 0xDF, 0x6B, 0xFF, 0x63, 0xDF, 0x63, 0xDF, 0x63, 0xBF, 0x63, 0xDF, 0x63, 0xDF, 0x63, 0xDF,
    0x63, 0xDF, 0x63, 0xBF, 0x63, 0xDF, 0x6B, 0xFF, 0x6B, 0xFF, 0x6B, 0xDF, 0x63, 0xBF, 0x63, 0x9E,
    0x63, 0x9D, 0x63, 0x9E, 0x63, 0xBF, 0x63, 0xDF, 0x63, 0xDF, 0x63, 0xBF, 0x63, 0xDF, 0x6B, 0xFF,
    0x6B, 0xFF, 0x63, 0xDF, 0x63, 0xBF, 0x63, 0x9E, 0x63, 0xBF, 0x63, 0xDF, 0x63, 0xBF, 0x63, 0x9E,
    0x63, 0x9E, 0x63, 0x9E, 0x63, 0x9E, 0x63, 0xBF, 0x63, 0xBF, 0x63, 0xDF, 0x63, 0xBF, 0x63, 0xBF,
    0x63, 0xBF, 0x63, 0xDF, 0x63, 0xDF, 0x63, 0xDF, 0x63, 0xDF, 0x63, 0xDF, 0x6B, 0xFF, 0x6B, 0xFF,
    0x63, 0xDF, 0x63, 0xDF, 0x63, 0xDF, 0x63, 0xBF, 0x63, 0xBE, 0x63, 0xBE, 0x63, 0xBE, 0x63, 0xBF,
    0x63, 0xBF, 0x63, 0xBF, 0x63, 0xDF, 0x63, 0xDF, 0x63, 0xDF, 0x63, 0xDF, 0x6B, 0xDF, 0x6B, 0xFF,
    0x6B, 0xFF, 0x63, 0xDF, 0x63, 0xDF, 0x63, 0xDF, 0x63, 0xDF, 0x63, 0xDF, 0x6B, 0xFF, 0x63, 0xDF,
    0x2A, 0x19, 0x2A, 0x1A, 0x2A, 0x1A, 0x2A, 0x1A, 0x2A, 0x1A, 0x29, 0xF9, 0x29, 0xF9, 0x00, 0x00,
    0xAD, 0x55, 0x00, 0x00, 0x00, 0x00, 0x00, 0x00, 0x00, 0x00, 0x00, 0x00, 0x00, 0x00, 0x00, 0x00,
    0x00, 0x00, 0x00, 0x00, 0x00, 0x00, 0x00, 0x00, 0x00, 0x00, 0x00, 0x00, 0x00, 0x00, 0x00, 0x00,
    0x00, 0x00, 0x00, 0x00, 0x00, 0x00, 0x00, 0x00, 0x00, 0x00, 0x00, 0x00, 0x00, 0x00, 0x00, 0x00,
    0x00, 0x00, 0x00, 0x00, 0x00, 0x00, 0x00, 0x00, 0x00, 0x00, 0x00, 0x00, 0x00, 0x00, 0x00, 0x00,
    0x00, 0x00, 0x00, 0x00, 0x00, 0x00, 0x00, 0x00, 0x00, 0x00, 0x00, 0x00, 0x00, 0x00, 0x00, 0x00,
    0x00, 0x00, 0x00, 0x00, 0x00, 0x00, 0x00, 0x00, 0x00, 0x00, 0x00, 0x00, 0x00, 0x00, 0x00, 0x00,
    0x00, 0x00, 0x00, 0x00, 0x00, 0x00, 0x00, 0x00, 0x00, 0x00, 0x00, 0x00, 0x00, 0x00, 0x00, 0x00,
    0x00, 0x00, 0x00, 0x00, 0x00, 0x00, 0x00, 0x00, 0x00, 0x00, 0x00, 0x00, 0x00, 0x00, 0x00, 0x00,
    0x00, 0x00, 0x00, 0x00, 0x00, 0x00, 0x00, 0x00, 0x00, 0x00, 0x00, 0x00, 0x00, 0x00, 0x00, 0x00,
    0x00, 0x00, 0x00, 0x00, 0x00, 0x00, 0x00, 0x00, 0x00, 0x00, 0x00, 0x00, 0x00, 0x00, 0x00, 0x00,
    0x00, 0x00, 0x00, 0x00, 0x00, 0x00, 0x00, 0x00, 0x00, 0x00, 0x00, 0x00, 0x00, 0x00, 0x00, 0x00,
    0x00, 0x00, 0x00, 0x00, 0x00, 0x00, 0x00, 0x00, 0x00, 0x00, 0x00, 0x00, 0x00, 0x00, 0x00, 0x00,
    0x00, 0x00, 0x00, 0x00, 0x00, 0x00, 0x00, 0x00, 0x00, 0x00, 0x00, 0x00, 0x00, 0x00, 0x00, 0x00,
    0x00, 0x00, 0x00, 0x00, 0x00, 0x00, 0x00, 0x00, 0x00, 0x00, 0x00, 0x00, 0x00, 0x00, 0x00, 0x00,
    0x00, 0x00, 0x00, 0x00, 0x00, 0x00, 0x00, 0x00, 0x00, 0x00, 0x00, 0x00, 0x00, 0x00, 0x00, 0x00,
    0x00, 0x00, 0x00, 0x00, 0x00, 0x00, 0x00, 0x00, 0x00, 0x00, 0x00, 0x00, 0x00, 0x00, 0x00, 0x00,
    0x00, 0x00, 0x00, 0x00, 0x00, 0x00, 0x00, 0x00, 0x00, 0x00, 0x00, 0x00, 0x00, 0x00, 0x00, 0x00,
    0x00, 0x00, 0x00, 0x00, 0x00, 0x00, 0x00, 0x00, 0x00, 0x00, 0x00, 0x00, 0x00, 0x00, 0x00, 0x00,
    0x00, 0x00, 0x00, 0x00, 0x00, 0x00, 0x00, 0x00, 0x00, 0x00, 0x00, 0x00, 0x00, 0x00, 0x00, 0x00,
    0x00, 0x00, 0x00, 0x00, 0x00, 0x00, 0x00, 0x00, 0x00, 0x00, 0x00, 0x00, 0x00, 0x00, 0x00, 0x00,
    0x00, 0x00, 0x00, 0x00, 0x00, 0x00, 0x00, 0x00, 0x00, 0x00, 0x00, 0x00, 0x00, 0x00, 0x00, 0x00,
    0x00, 0x00, 0x00, 0x00, 0x00, 0x00, 0x00, 0x00, 0x00, 0x00, 0x00, 0x00, 0x00, 0x00, 0x00, 0x00,
    0x00, 0x00, 0x00, 0x00, 0x00, 0x00, 0x00, 0x00, 0x00, 0x00, 0x00, 0x00, 0x00, 0x00, 0x00, 0x00,
    0x00, 0x00, 0x00, 0x00, 0x00, 0x00, 0x00, 0x00, 0x00, 0x00, 0x00, 0x00, 0x00, 0x00, 0x00, 0x00,
    0x00, 0x00, 0x00, 0x00, 0x00, 0x00, 0x00, 0x00, 0x00, 0x00, 0x00, 0x00, 0x00, 0x00, 0x00, 0x00,
    0x00, 0x00, 0x00, 0x00, 0x00, 0x00, 0x00, 0x00, 0x00, 0x00, 0x00, 0x00, 0x00, 0x00, 0x00, 0x00,
    0x00, 0x00, 0x00, 0x00, 0x00, 0x00, 0x00, 0x00, 0x00, 0x00, 0x00, 0x00, 0x00, 0x00, 0x00, 0x00,
    0x00, 0x00, 0x00, 0x00, 0x00, 0x00, 0xAD, 0x75, 0x00, 0x00, 0x29, 0xF9, 0x2A, 0x1B, 0x32, 0x3C,
    0x32, 0x3B, 0x29, 0xF9, 0x29, 0xD7, 0x29, 0xD7, 0x21, 0xB5, 0x00, 0x00, 0x53, 0x3A, 0x6B, 0xFF,
    0x6B, 0xDF, 0x6B, 0xDF, 0x63, 0xDF, 0x63, 0xDF, 0x63, 0xBF, 0x63, 0xBF, 0x63, 0xBF, 0x63, 0xDF,
    0x6B, 0xFF, 0x63, 0xDF, 0x63, 0xBF, 0x63, 0xBF, 0x63, 0xBF, 0x63, 0xDF, 0x63, 0xDF, 0x63, 0xDF,
    0x63, 0xDF, 0x63, 0xDF, 0x6B, 0xFF, 0x6C, 0x1F, 0x6B, 0xFF, 0x63, 0xBF, 0x63, 0xBE, 0x63, 0xBE,
    0x63, 0xBF, 0x63, 0xBF, 0x63, 0xDF, 0x63, 0xDF, 0x63, 0xDF, 0x63, 0xBF, 0x63, 0xDF, 0x6B, 0xFF,
    0x6B, 0xFF, 0x6B, 0xDF, 0x63, 0xDF, 0x63, 0xDF, 0x63, 0xDF, 0x63, 0xDF, 0x63, 0xDF, 0x63, 0xBE,
    0x63, 0xBE, 0x63, 0xBF, 0x63, 0xDF, 0x63, 0xDF, 0x63, 0xDF, 0x63, 0xDF, 0x63, 0xDF, 0x63, 0xBF,
    0x63, 0xDF, 0x6B, 0xFF, 0x6B, 0xFF, 0x63, 0xDF, 0x63, 0xDF, 0x6B, 0xFF, 0x6B, 0xFF, 0x6B, 0xFF,
    0x63, 0xDF, 0x63, 0xBF, 0x63, 0xDF, 0x63, 0xBF, 0x63, 0xBF, 0x63, 0xBF, 0x63, 0xBF, 0x63, 0xDF,
    0x6B, 0xDF, 0x63, 0xDF, 0x63, 0xDF, 0x6B, 0xDF, 0x6B, 0xDF, 0x6B, 0xFF, 0x6B, 0xFF, 0x6B, 0xFF,
    0x63, 0xDF, 0x63, 0xDF, 0x63, 0xDF, 0x63, 0xDF, 0x63, 0xDF, 0x63, 0xDF, 0x6B, 0xFF, 0x63, 0xDF,
    0x2A, 0x1A, 0x2A, 0x1A, 0x29, 0xF9, 0x29, 0xF9, 0x2A, 0x19, 0x29, 0xF9, 0x29, 0xF8, 0x00, 0x00,
    0xAD, 0x55, 0x00, 0x00, 0x00, 0x00, 0x00, 0x00, 0x00, 0x00, 0x00, 0x00, 0x00, 0x00, 0x00, 0x00,
    0x00, 0x00, 0x00, 0x00, 0x00, 0x00, 0x00, 0x00, 0x00, 0x00, 0x00, 0x00, 0x00, 0x00, 0x00, 0x00,
    0x00, 0x00, 0x00, 0x00, 0x00, 0x00, 0x00, 0x00, 0x00, 0x00, 0x00, 0x00, 0x00, 0x00, 0x00, 0x00,
    0x00, 0x00, 0x00, 0x00, 0x00, 0x00, 0x00, 0x00, 0x00, 0x00, 0x00, 0x00, 0x00, 0x00, 0x00, 0x00,
    0x00, 0x00, 0x00, 0x00, 0x00, 0x00, 0x00, 0x00, 0x00, 0x00, 0x00, 0x00, 0x00, 0x00, 0x00, 0x00,
    0x00, 0x00, 0x00, 0x00, 0x00, 0x00, 0x00, 0x00, 0x00, 0x00, 0x00, 0x00, 0x00, 0x00, 0x00, 0x00,
    0x00, 0x00, 0x00, 0x00, 0x00, 0x00, 0x00, 0x00, 0x00, 0x00, 0x00, 0x00, 0x00, 0x00, 0x00, 0x00,
    0x00, 0x00, 0x00, 0x00, 0x00, 0x00, 0x00, 0x00, 0x00, 0x00, 0x00, 0x00, 0x00, 0x00, 0x00, 0x00,
    0x00, 0x00, 0x00, 0x00, 0x00, 0x00, 0x00, 0x00, 0x00, 0x00, 0x00, 0x00, 0x00, 0x00, 0x00, 0x00,
    0x00, 0x00, 0x00, 0x00, 0x00, 0x00, 0x00, 0x00, 0x00, 0x00, 0x00, 0x00, 0x00, 0x00, 0x00, 0x00,
    0x00, 0x00, 0x00, 0x00, 0x00, 0x00, 0x00, 0x00, 0x00, 0x00, 0x00, 0x00, 0x00, 0x00, 0x00, 0x00,
    0x00, 0x00, 0x00, 0x00, 0x00, 0x00, 0x00, 0x00, 0x00, 0x00, 0x00, 0x00, 0x00, 0x00, 0x00, 0x00,
    0x00, 0x00, 0x00, 0x00, 0x00, 0x00, 0x00, 0x00, 0x00, 0x00, 0x00, 0x00, 0x00, 0x00, 0x00, 0x00,
    0x00, 0x00, 0x00, 0x00, 0x00, 0x00, 0x00, 0x00, 0x00, 0x00, 0x00, 0x00, 0x00, 0x00, 0x00, 0x00,
    0x00, 0x00, 0x00, 0x00, 0x00, 0x00, 0x00, 0x00, 0x00, 0x00, 0x00, 0x00, 0x00, 0x00, 0x00, 0x00,
    0x00, 0x00, 0x00, 0x00, 0x00, 0x00, 0x00, 0x00, 0x00, 0x00, 0x00, 0x00, 0x00, 0x00, 0x00, 0x00,
    0x00, 0x00, 0x00, 0x00, 0x00, 0x00, 0x00, 0x00, 0x00, 0x00, 0x00, 0x00, 0x00, 0x00, 0x00, 0x00,
    0x00, 0x00, 0x00, 0x00, 0x00, 0x00, 0x00, 0x00, 0x00, 0x00, 0x00, 0x00, 0x00, 0x00, 0x00, 0x00,
    0x00, 0x00, 0x00, 0x00, 0x00, 0x00, 0x00, 0x00, 0x00, 0x00, 0x00, 0x00, 0x00, 0x00, 0x00, 0x00,
    0x00, 0x00, 0x00, 0x00, 0x00, 0x00, 0x00, 0x00, 0x00, 0x00, 0x00, 0x00, 0x00, 0x00, 0x00, 0x00,
    0x00, 0x00, 0x00, 0x00, 0x00, 0x00, 0x00, 0x00, 0x00, 0x00, 0x00, 0x00, 0x00, 0x00, 0x00, 0x00,
    0x00, 0x00, 0x00, 0x00, 0x00, 0x00, 0x00, 0x00, 0x00, 0x00, 0x00, 0x00, 0x00, 0x00, 0x00, 0x00,
    0x00, 0x00, 0x00, 0x00, 0x00, 0x00, 0x00, 0x00, 0x00, 0x00, 0x00, 0x00, 0x00, 0x00, 0x00, 0x00,
    0x00, 0x00, 0x00, 0x00, 0x00, 0x00, 0x00, 0x00, 0x00, 0x00, 0x00, 0x00, 0x00, 0x00, 0x00, 0x00,
    0x00, 0x00, 0x00, 0x00, 0x00, 0x00, 0x00, 0x00, 0x00, 0x00, 0x00, 0x00, 0x00, 0x00, 0x00, 0x00,
    0x00, 0x00, 0x00, 0x00, 0x00, 0x00, 0x00, 0x00, 0x00, 0x00, 0x00, 0x00, 0x00, 0x00, 0x00, 0x00,
    0x00, 0x00, 0x00, 0x00, 0x00, 0x00, 0x00, 0x00, 0x00, 0x00, 0x00, 0x00, 0x00, 0x00, 0x00, 0x00,
    0x00, 0x00, 0x00, 0x00, 0x00, 0x00, 0xAD, 0x75, 0x00, 0x00, 0x2A, 0x1A, 0x32, 0x3B, 0x2A, 0x1B,
    0x29, 0xF9, 0x21, 0xD7, 0x21, 0xD7, 0x29, 0xF8, 0x21, 0xB5, 0x00, 0x00, 0x53, 0x3A, 0x63, 0xDF,
    0x63, 0xDF, 0x63, 0xDF, 0x63, 0xDF, 0x63, 0xDF, 0x63, 0xBF, 0x63, 0xBF, 0x63, 0xDF, 0x63, 0xDF,
    0x63, 0xDF, 0x63, 0xDF, 0x63, 0xDF, 0x63, 0xBF, 0x63, 0xDF, 0x6B, 0xDF, 0x6B, 0xFF, 0x63, 0xDF,
    0x63, 0xBF, 0x63, 0xDF, 0x6B, 0xFF, 0x6B, 0xFF, 0x63, 0xDF, 0x63, 0x9D, 0x63, 0x9D, 0x63, 0xBF,
    0x63, 0xBF, 0x63, 0xDF, 0x63, 0xDF, 0x63, 0xDF, 0x63, 0xDF, 0x63, 0xDF, 0x63, 0xDF, 0x6B, 0xFF,
    0x6B, 0xFF, 0x63, 0xDF, 0x63, 0xDF, 0x6B, 0xFF, 0x6B, 0xFF, 0x6B, 0xFF, 0x63, 0xDF, 0x63, 0xBF,
    0x63, 0xBF, 0x63, 0xDF, 0x63, 0xDF, 0x6B, 0xDF, 0x6B, 0xDF, 0x6B, 0xFF, 0x6B, 0xDF, 0x63, 0xDF,
    0x6B, 0xFF, 0x6B, 0xFF, 0x63, 0xDF, 0x63, 0xDF, 0x63, 0xDF, 0x6B, 0xFF, 0x6B, 0xFF, 0x63, 0xDF,
    0x63, 0xDF, 0x63, 0xDF, 0x63, 0xDF, 0x63, 0xDF, 0x63, 0xDF, 0x63, 0xDF, 0x63, 0xDF, 0x6B, 0xDF,
    0x6B, 0xFF, 0x6B, 0xDF, 0x63, 0xDF, 0x63, 0xDF, 0x6B, 0xFF, 0x63, 0xDF, 0x63, 0xDF, 0x63, 0xDF,
    0x63, 0xDF, 0x63, 0xDF, 0x63, 0xDF, 0x63, 0xDF, 0x63, 0xDF, 0x6B, 0xFF, 0x63, 0xDF, 0x63, 0xDF,
    0x2A, 0x1A, 0x29, 0xF9, 0x29, 0xF8, 0x29, 0xF9, 0x2A, 0x1A, 0x29, 0xF9, 0x29, 0xF8, 0x00, 0x00,
    0xAD, 0x55, 0x00, 0x00, 0x00, 0x00, 0x00, 0x00, 0x00, 0x00, 0x00, 0x00, 0x00, 0x00, 0x00, 0x00,
    0x00, 0x00, 0x00, 0x00, 0x00, 0x00, 0x00, 0x00, 0x00, 0x00, 0x00, 0x00, 0x00, 0x00, 0x00, 0x00,
    0x00, 0x00, 0x00, 0x00, 0x00, 0x00, 0x00, 0x00, 0x00, 0x00, 0x00, 0x00, 0x00, 0x00, 0x00, 0x00,
    0x00, 0x00, 0x00, 0x00, 0x00, 0x00, 0x00, 0x00, 0x00, 0x00, 0x00, 0x00, 0x00, 0x00, 0x00, 0x00,
    0x00, 0x00, 0x00, 0x00, 0x00, 0x00, 0x00, 0x00, 0x00, 0x00, 0x00, 0x00, 0x00, 0x00, 0x00, 0x00,
    0x00, 0x00, 0x00, 0x00, 0x00, 0x00, 0x00, 0x00, 0x00, 0x00, 0x00, 0x00, 0x00, 0x00, 0x00, 0x00,
    0x00, 0x00, 0x00, 0x00, 0x00, 0x00, 0x00, 0x00, 0x00, 0x00, 0x00, 0x00, 0x00, 0x00, 0x00, 0x00,
    0x00, 0x00, 0x00, 0x00, 0x00, 0x00, 0x00, 0x00, 0x00, 0x00, 0x00, 0x00, 0x00, 0x00, 0x00, 0x00,
    0x00, 0x00, 0x00, 0x00, 0x00, 0x00, 0x00, 0x00, 0x00, 0x00, 0x00, 0x00, 0x00, 0x00, 0x00, 0x00,
    0x00, 0x00, 0x00, 0x00, 0x00, 0x00, 0x00, 0x00, 0x00, 0x00, 0x00, 0x00, 0x00, 0x00, 0x00, 0x00,
    0x00, 0x00, 0x00, 0x00, 0x00, 0x00, 0x00, 0x00, 0x00, 0x00, 0x00, 0x00, 0x00, 0x00, 0x00, 0x00,
    0x00, 0x00, 0x00, 0x00, 0x00, 0x00, 0x00, 0x00, 0x00, 0x00, 0x00, 0x00, 0x00, 0x00, 0x00, 0x00,
    0x00, 0x00, 0x00, 0x00, 0x00, 0x00, 0x00, 0x00, 0x00, 0x00, 0x00, 0x00, 0x00, 0x00, 0x00, 0x00,
    0x00, 0x00, 0x00, 0x00, 0x00, 0x00, 0x00, 0x00, 0x00, 0x00, 0x00, 0x00, 0x00, 0x00, 0x00, 0x00,
    0x00, 0x00, 0x00, 0x00, 0x00, 0x00, 0x00, 0x00, 0x00, 0x00, 0x00, 0x00, 0x00, 0x00, 0x00, 0x00,
    0x00, 0x00, 0x00, 0x00, 0x00, 0x00, 0x00, 0x00, 0x00, 0x00, 0x00, 0x00, 0x00, 0x00, 0x00, 0x00,
    0x00, 0x00, 0x00, 0x00, 0x00, 0x00, 0x00, 0x00, 0x00, 0x00, 0x00, 0x00, 0x00, 0x00, 0x00, 0x00,
    0x00, 0x00, 0x00, 0x00, 0x00, 0x00, 0x00, 0x00, 0x00, 0x00, 0x00, 0x00, 0x00, 0x00, 0x00, 0x00,
    0x00, 0x00, 0x00, 0x00, 0x00, 0x00, 0x00, 0x00, 0x00, 0x00, 0x00, 0x00, 0x00, 0x00, 0x00, 0x00,
    0x00, 0x00, 0x00, 0x00, 0x00, 0x00, 0x00, 0x00, 0x00, 0x00, 0x00, 0x00, 0x00, 0x00, 0x00, 0x00,
    0x00, 0x00, 0x00, 0x00, 0x00, 0x00, 0x00, 0x00, 0x00, 0x00, 0x00, 0x00, 0x00, 0x00, 0x00, 0x00,
    0x00, 0x00, 0x00, 0x00, 0x00, 0x00, 0x00, 0x00, 0x00, 0x00, 0x00, 0x00, 0x00, 0x00, 0x00, 0x00,
    0x00, 0x00, 0x00, 0x00, 0x00, 0x00, 0x00, 0x00, 0x00, 0x00, 0x00, 0x00, 0x00, 0x00, 0x00, 0x00,
    0x00, 0x00, 0x00, 0x00, 0x00, 0x00, 0x00, 0x00, 0x00, 0x00, 0x00, 0x00, 0x00, 0x00, 0x00, 0x00,
    0x00, 0x00, 0x00, 0x00, 0x00, 0x00, 0x00, 0x00, 0x00, 0x00, 0x00, 0x00, 0x00, 0x00, 0x00, 0x00,
    0x00, 0x00, 0x00, 0x00, 0x00, 0x00, 0x00, 0x00, 0x00, 0x00, 0x00, 0x00, 0x00, 0x00, 0x00, 0x00,
    0x00, 0x00, 0x00, 0x00, 0x00, 0x00, 0x00, 0x00, 0x00, 0x00, 0x00, 0x00, 0x00, 0x00, 0x00, 0x00,
    0x00, 0x00, 0x00, 0x00, 0x00, 0x00, 0xAD, 0x75, 0x00, 0x00, 0x2A, 0x1A, 0x2A, 0x1A, 0x29, 0xF8,
    0x29, 0xD7, 0x29, 0xD6, 0x29, 0xD7, 0x29, 0xF9, 0x21, 0xB5, 0x00, 0x00, 0x53, 0x3A, 0x63, 0xDF,
    0x63, 0xBF, 0x63, 0xDF, 0x63, 0xDF, 0x63, 0xBF, 0x63, 0xBF, 0x63, 0xBF, 0x63, 0xDF, 0x63, 0xDF,
    0x63, 0xDF, 0x63, 0xDF, 0x63, 0xDF, 0x63, 0xDF, 0x63, 0xDF, 0x6B, 0xDF, 0x6B, 0xFF, 0x63, 0xDF,
    0x63, 0xDF, 0x6B, 0xDF, 0x63, 0xDF, 0x63, 0xBF, 0x63, 0x9D, 0x63, 0x9D, 0x63, 0xBE, 0x63, 0xBF,
    0x63, 0xDF, 0x63, 0xDF, 0x63, 0xDF, 0x63, 0xDF, 0x63, 0xDF, 0x63, 0xDF, 0x6B, 0xFF, 0x6B, 0xFF,
    0x63, 0xDF, 0x63, 0xDF, 0x63, 0xDF, 0x63, 0xDF, 0x63, 0xDF, 0x63, 0xDF, 0x63, 0xDF, 0x63, 0xDF,
    0x63, 0xDF, 0x63, 0xDF, 0x6B, 0xFF, 0x6B, 0xFF, 0x6B, 0xFF, 0x6B, 0xDF, 0x6B, 0xFF, 0x6B, 0xFF,
    0x6B, 0xFF, 0x63, 0xDF, 0x63, 0xBF, 0x63, 0xBF, 0x63, 0xDF, 0x6B, 0xFF, 0x6B, 0xFF, 0x63, 0xDF,
    0x63, 0xDF, 0x6B, 0xFF, 0x6B, 0xFF, 0x63, 0xDF, 0x6B, 0xFF, 0x6B, 0xFF, 0x63, 0xDF, 0x6B, 0xFF,
    0x6B, 0xFF, 0x63, 0xDF, 0x63, 0xDF, 0x63, 0xDF, 0x63, 0xDF, 0x63, 0xDF, 0x63, 0xBF, 0x63, 0xDF,
    0x63, 0xDF, 0x63, 0xDF, 0x63, 0xBF, 0x63, 0xDF, 0x63, 0xDF, 0x6B, 0xFF, 0x6B, 0xDF, 0x63, 0xDF,
    0x2A, 0x1A, 0x2A, 0x19, 0x29, 0xF9, 0x29, 0xF9, 0x2A, 0x1A, 0x29, 0xF9, 0x29, 0xF8, 0x00, 0x00,
    0xAD, 0x55, 0x00, 0x00, 0x00, 0x00, 0x00, 0x00, 0x00, 0x00, 0x00, 0x00, 0x00, 0x00, 0x00, 0x00,
    0x00, 0x00, 0x00, 0x00, 0x00, 0x00, 0x00, 0x00, 0x00, 0x00, 0x00, 0x00, 0x00, 0x00, 0x00, 0x00,
    0x00, 0x00, 0x00, 0x00, 0x00, 0x00, 0x00, 0x00, 0x00, 0x00, 0x00, 0x00, 0x00, 0x00, 0x00, 0x00,
    0x00, 0x00, 0x00, 0x00, 0x00, 0x00, 0x00, 0x00, 0x00, 0x00, 0x00, 0x00, 0x00, 0x00, 0x00, 0x00,
    0x00, 0x00, 0x00, 0x00, 0x00, 0x00, 0x00, 0x00, 0x00, 0x00, 0x00, 0x00, 0x00, 0x00, 0x00, 0x00,
    0x00, 0x00, 0x00, 0x00, 0x00, 0x00, 0x00, 0x00, 0x00, 0x00, 0x00, 0x00, 0x00, 0x00, 0x00, 0x00,
    0x00, 0x00, 0x00, 0x00, 0x00, 0x00, 0x00, 0x00, 0x00, 0x00, 0x00, 0x00, 0x00, 0x00, 0x00, 0x00,
    0x00, 0x00, 0x00, 0x00, 0x00, 0x00, 0x00, 0x00, 0x00, 0x00, 0x00, 0x00, 0x00, 0x00, 0x00, 0x00,
    0x00, 0x00, 0x00, 0x00, 0x00, 0x00, 0x00, 0x00, 0x00, 0x00, 0x00, 0x00, 0x00, 0x00, 0x00, 0x00,
    0x00, 0x00, 0x00, 0x00, 0x00, 0x00, 0x00, 0x00, 0x00, 0x00, 0x00, 0x00, 0x00, 0x00, 0x00, 0x00,
    0x00, 0x00, 0x00, 0x00, 0x00, 0x00, 0x00, 0x00, 0x00, 0x00, 0x00, 0x00, 0x00, 0x00, 0x00, 0x00,
    0x00, 0x00, 0x00, 0x00, 0x00, 0x00, 0x00, 0x00, 0x00, 0x00, 0x00, 0x00, 0x00, 0x00, 0x00, 0x00,
    0x00, 0x00, 0x00, 0x00, 0x00, 0x00, 0x00, 0x00, 0x00, 0x00, 0x00, 0x00, 0x00, 0x00, 0x00, 0x00,
    0x00, 0x00, 0x00, 0x00, 0x00, 0x00, 0x00, 0x00, 0x00, 0x00, 0x00, 0x00, 0x00, 0x00, 0x00, 0x00,
    0x00, 0x00, 0x00, 0x00, 0x00, 0x00, 0x00, 0x00, 0x00, 0x00, 0x00, 0x00, 0x00, 0x00, 0x00, 0x00,
    0x00, 0x00, 0x00, 0x00, 0x00, 0x00, 0x00, 0x00, 0x00, 0x00, 0x00, 0x00, 0x00, 0x00, 0x00, 0x00,
    0x00, 0x00, 0x00, 0x00, 0x00, 0x00, 0x00, 0x00, 0x00, 0x00, 0x00, 0x00, 0x00, 0x00, 0x00, 0x00,
    0x00, 0x00, 0x00, 0x00, 0x00, 0x00, 0x00, 0x00, 0x00, 0x00, 0x00, 0x00, 0x00, 0x00, 0x00, 0x00,
    0x00, 0x00, 0x00, 0x00, 0x00, 0x00, 0x00, 0x00, 0x00, 0x00, 0x00, 0x00, 0x00, 0x00, 0x00, 0x00,
    0x00, 0x00, 0x00, 0x00, 0x00, 0x00, 0x00, 0x00, 0x00, 0x00, 0x00, 0x00, 0x00, 0x00, 0x00, 0x00,
    0x00, 0x00, 0x00, 0x00, 0x00, 0x00, 0x00, 0x00, 0x00, 0x00, 0x00, 0x00, 0x00, 0x00, 0x00, 0x00,
    0x00, 0x00, 0x00, 0x00, 0x00, 0x00, 0x00, 0x00, 0x00, 0x00, 0x00, 0x00, 0x00, 0x00, 0x00, 0x00,
    0x00, 0x00, 0x00, 0x00, 0x00, 0x00, 0x00, 0x00, 0x00, 0x00, 0x00, 0x00, 0x00, 0x00, 0x00, 0x00,
    0x00, 0x00, 0x00, 0x00, 0x00, 0x00, 0x00, 0x00, 0x00, 0x00, 0x00, 0x00, 0x00, 0x00, 0x00, 0x00,
    0x00, 0x00, 0x00, 0x00, 0x00, 0x00, 0x00, 0x00, 0x00, 0x00, 0x00, 0x00, 0x00, 0x00, 0x00, 0x00,
    0x00, 0x00, 0x00, 0x00, 0x00, 0x00, 0x00, 0x00, 0x00, 0x00, 0x00, 0x00, 0x00, 0x00, 0x00, 0x00,
    0x00, 0x00, 0x00, 0x00, 0x00, 0x00, 0x00, 0x00, 0x00, 0x00, 0x00, 0x00, 0x00, 0x00, 0x00, 0x00,
    0x00, 0x00, 0x00, 0x00, 0x00, 0x00, 0xAD, 0x75, 0x00, 0x00, 0x2A, 0x1A, 0x2A, 0x1A, 0x29, 0xF8,
    0x29, 0xF8, 0x29, 0xF9, 0x2A, 0x1A, 0x2A, 0x1B, 0x21, 0xB5, 0x00, 0x00, 0x53, 0x3A, 0x63, 0xDF,
    0x63, 0xBF, 0x63, 0xDF, 0x63, 0xDF, 0x63, 0xBF, 0x63, 0xBE, 0x63, 0xBF, 0x63, 0xDF, 0x63, 0xDF,
    0x63, 0xDF, 0x63, 0xDF, 0x63, 0xDF, 0x63, 0xDF, 0x63, 0xDF, 0x63, 0xDF, 0x63, 0xDF, 0x63, 0xDF,
    0x63, 0xDF, 0x6B, 0xDF, 0x63, 0xDF, 0x63, 0xBF, 0x63, 0xBF, 0x63, 0xBF, 0x63, 0xDF, 0x63, 0xDF,
    0x6B, 0xFF, 0x63, 0xDF, 0x63, 0xDF, 0x63, 0xDF, 0x6B, 0xFF, 0x6B, 0xFF, 0x6B, 0xFF, 0x6B, 0xFF,
    0x63, 0xDF, 0x63, 0xDF, 0x63, 0xDF, 0x63, 0xDF, 0x63, 0xDF, 0x63, 0xDF, 0x6B, 0xFF, 0x6B, 0xFF,
    0x63, 0xDF, 0x63, 0xDF, 0x6B, 0xFF, 0x6B, 0xFF, 0x6B, 0xFF, 0x63, 0xDF, 0x63, 0xDF, 0x63, 0xDF,
    0x63, 0xDF, 0x63, 0xBF, 0x63, 0x9E, 0x63, 0xBF, 0x6B, 0xDF, 0x6B, 0xFF, 0x63, 0xDF, 0x63, 0xBF,
    0x63, 0xDF, 0x6B, 0xFF, 0x6B, 0xFF, 0x63, 0xDF, 0x6B, 0xFF, 0x6B, 0xFF, 0x63, 0xDF, 0x63, 0xDF,
    0x63, 0xDF, 0x63, 0xDF, 0x63, 0xDF, 0x63, 0xDF, 0x63, 0xDF, 0x63, 0xDF, 0x63, 0xDF, 0x63, 0xDF,
    0x63, 0xDF, 0x63, 0xDF, 0x63, 0xBF, 0x63, 0xDF, 0x6B, 0xDF, 0x6B, 0xDF, 0x63, 0xDF, 0x6B, 0xDF,
    0x2A, 0x1A, 0x2A, 0x1A, 0x29, 0xF9, 0x29, 0xF9, 0x2A, 0x1A, 0x2A, 0x19, 0x29, 0xF8, 0x00, 0x00,
    0xAD, 0x55, 0x00, 0x00, 0x00, 0x00, 0x00, 0x00, 0x00, 0x00, 0x00, 0x00, 0x00, 0x00, 0x00, 0x00,
    0x00, 0x00, 0x00, 0x00, 0x00, 0x00, 0x00, 0x00, 0x00, 0x00, 0x00, 0x00, 0x00, 0x00, 0x00, 0x00,
    0x00, 0x00, 0x00, 0x00, 0x00, 0x00, 0x00, 0x00, 0x00, 0x00, 0x00, 0x00, 0x00, 0x00, 0x00, 0x00,
    0x00, 0x00, 0x00, 0x00, 0x00, 0x00, 0x00, 0x00, 0x00, 0x00, 0x00, 0x00, 0x00, 0x00, 0x00, 0x00,
    0x00, 0x00, 0x00, 0x00, 0x00, 0x00, 0x00, 0x00, 0x00, 0x00, 0x00, 0x00, 0x00, 0x00, 0x00, 0x00,
    0x00, 0x00, 0x00, 0x00, 0x00, 0x00, 0x00, 0x00, 0x00, 0x00, 0x00, 0x00, 0x00, 0x00, 0x00, 0x00,
    0x00, 0x00, 0x00, 0x00, 0x00, 0x00, 0x00, 0x00, 0x00, 0x00, 0x00, 0x00, 0x00, 0x00, 0x00, 0x00,
    0x00, 0x00, 0x00, 0x00, 0x00, 0x00, 0x00, 0x00, 0x00, 0x00, 0x00, 0x00, 0x00, 0x00, 0x00, 0x00,
    0x00, 0x00, 0x00, 0x00, 0x00, 0x00, 0x00, 0x00, 0x00, 0x00, 0x00, 0x00, 0x00, 0x00, 0x00, 0x00,
    0x00, 0x00, 0x00, 0x00, 0x00, 0x00, 0x00, 0x00, 0x00, 0x00, 0x00, 0x00, 0x00, 0x00, 0x00, 0x00,
    0x00, 0x00, 0x00, 0x00, 0x00, 0x00, 0x00, 0x00, 0x00, 0x00, 0x00, 0x00, 0x00, 0x00, 0x00, 0x00,
    0x00, 0x00, 0x00, 0x00, 0x00, 0x00, 0x00, 0x00, 0x00, 0x00, 0x00, 0x00, 0x00, 0x00, 0x00, 0x00,
    0x00, 0x00, 0x00, 0x00, 0x00, 0x00, 0x00, 0x00, 0x00, 0x00, 0x00, 0x00, 0x00, 0x00, 0x00, 0x00,
    0x00, 0x00, 0x00, 0x00, 0x00, 0x00, 0x00, 0x00, 0x00, 0x00, 0x00, 0x00, 0x00, 0x00, 0x00, 0x00,
    0x00, 0x00, 0x00, 0x00, 0x00, 0x00, 0x00, 0x00, 0x00, 0x00, 0x00, 0x00, 0x00, 0x00, 0x00, 0x00,
    0x00, 0x00, 0x00, 0x00, 0x00, 0x00, 0x00, 0x00, 0x00, 0x00, 0x00, 0x00, 0x00, 0x00, 0x00, 0x00,
    0x00, 0x00, 0x00, 0x00, 0x00, 0x00, 0x00, 0x00, 0x00, 0x00, 0x00, 0x00, 0x00, 0x00, 0x00, 0x00,
    0x00, 0x00, 0x00, 0x00, 0x00, 0x00, 0x00, 0x00, 0x00, 0x00, 0x00, 0x00, 0x00, 0x00, 0x00, 0x00,
    0x00, 0x00, 0x00, 0x00, 0x00, 0x00, 0x00, 0x00, 0x00, 0x00, 0x00, 0x00, 0x00, 0x00, 0x00, 0x00,
    0x00, 0x00, 0x00, 0x00, 0x00, 0x00, 0x00, 0x00, 0x00, 0x00, 0x00, 0x00, 0x00, 0x00, 0x00, 0x00,
    0x00, 0x00, 0x00, 0x00, 0x00, 0x00, 0x00, 0x00, 0x00, 0x00, 0x00, 0x00, 0x00, 0x00, 0x00, 0x00,
    0x00, 0x00, 0x00, 0x00, 0x00, 0x00, 0x00, 0x00, 0x00, 0x00, 0x00, 0x00, 0x00, 0x00, 0x00, 0x00,
    0x00, 0x00, 0x00, 0x00, 0x00, 0x00, 0x00, 0x00, 0x00, 0x00, 0x00, 0x00, 0x00, 0x00, 0x00, 0x00,
    0x00, 0x00, 0x00, 0x00, 0x00, 0x00, 0x00, 0x00, 0x00, 0x00, 0x00, 0x00, 0x00, 0x00, 0x00, 0x00,
    0x00, 0x00, 0x00, 0x00, 0x00, 0x00, 0x00, 0x00, 0x00, 0x00, 0x00, 0x00, 0x00, 0x00, 0x00, 0x00,
    0x00, 0x00, 0x00, 0x00, 0x00, 0x00, 0x00, 0x00, 0x00, 0x00, 0x00, 0x00, 0x00, 0x00, 0x00, 0x00,
    0x00, 0x00, 0x00, 0x00, 0x00, 0x00, 0x00, 0x00, 0x00, 0x00, 0x00, 0x00, 0x00, 0x00, 0x00, 0x00,
    0x00, 0x00, 0x00, 0x00, 0x00, 0x00, 0xAD, 0x75, 0x00, 0x00, 0x32, 0x3B, 0x32, 0x3B, 0x2A, 0x1A,
    0x32, 0x3B, 0x32, 0x3C, 0x32, 0x3B, 0x32, 0x3B, 0x21, 0xB5, 0x00, 0x00, 0x53, 0x3A, 0x63, 0xDF,
    0x63, 0xDF, 0x63, 0xDF, 0x63, 0xDF, 0x63, 0xDF, 0x63, 0xBF, 0x63, 0xDF, 0x63, 0xDF, 0x6B, 0xFF,
    0x6B, 0xDF, 0x63, 0xDF, 0x63, 0xDF, 0x63, 0xDF, 0x63, 0xDF, 0x6B, 0xFF, 0x63, 0xDF, 0x63, 0xDF,
    0x6B, 0xFF, 0x6B, 0xFF, 0x6B, 0xFF, 0x6B, 0xFF, 0x6B, 0xFF, 0x6B, 0xFF, 0x6B, 0xFF, 0x6B, 0xFF,
    0x6B, 0xFF, 0x6B, 0xFF, 0x63, 0xDF, 0x6B, 0xFF, 0x6B, 0xFF, 0x6B, 0xFF, 0x6B, 0xFF, 0x63, 0xDF,
    0x63, 0xDF, 0x63, 0xDF, 0x6B, 0xFF, 0x63, 0xDF, 0x63, 0xDF, 0x63, 0xDF, 0x6B, 0xFF, 0x6B, 0xFF,
    0x63, 0xDF, 0x63, 0xDF, 0x6B, 0xFF, 0x63, 0xDF, 0x63, 0xDF, 0x63, 0xBF, 0x63, 0xDF, 0x63, 0xDF,
    0x63, 0xDF, 0x63, 0xBF, 0x63, 0xBF, 0x63, 0xDF, 0x6B, 0xFF, 0x6B, 0xFF, 0x6B, 0xFF, 0x63, 0xFF,
    0x6B, 0xFF, 0x6B, 0xFF, 0x6B, 0xFF, 0x63, 0xDF, 0x63, 0xDF, 0x6B, 0xFF, 0x63, 0xDF, 0x63, 0xDF,
    0x63, 0xDF, 0x63, 0xBF, 0x63, 0xDF, 0x63, 0xDF, 0x6B, 0xDF, 0x63, 0xDF, 0x63, 0xDF, 0x63, 0xDF,
    0x6B, 0xDF, 0x63, 0xDF, 0x63, 0xDF, 0x6B, 0xDF, 0x6B, 0xFF, 0x6B, 0xFF, 0x6B, 0xDF, 0x6B, 0xDF,
    0x2A, 0x1A, 0x29, 0xF9, 0x29, 0xF8, 0x29, 0xF9, 0x2A, 0x1A, 0x2A, 0x1A, 0x29, 0xF9, 0x00, 0x00,
    0xAD, 0x55, 0x00, 0x00, 0x00, 0x00, 0x00, 0x00, 0x00, 0x00, 0x00, 0x00, 0x00, 0x00, 0x00, 0x00,
    0x00, 0x00, 0x00, 0x00, 0x00, 0x00, 0x00, 0x00, 0x00, 0x00, 0x00, 0x00, 0x00, 0x00, 0x00, 0x00,
    0x00, 0x00, 0x00, 0x00, 0x00, 0x00, 0x00, 0x00, 0x00, 0x00, 0x00, 0x00, 0x00, 0x00, 0x00, 0x00,
    0x00, 0x00, 0x00, 0x00, 0x00, 0x00, 0x00, 0x00, 0x00, 0x00, 0x00, 0x00, 0x00, 0x00, 0x00, 0x00,
    0x00, 0x00, 0x00, 0x00, 0x00, 0x00, 0x00, 0x00, 0x00, 0x00, 0x00, 0x00, 0x00, 0x00, 0x00, 0x00,
    0x00, 0x00, 0x00, 0x00, 0x00, 0x00, 0x00, 0x00, 0x00, 0x00, 0x00, 0x00, 0x00, 0x00, 0x00, 0x00,
    0x00, 0x00, 0x00, 0x00, 0x00, 0x00, 0x00, 0x00, 0x00, 0x00, 0x00, 0x00, 0x00, 0x00, 0x00, 0x00,
    0x00, 0x00, 0x00, 0x00, 0x00, 0x00, 0x00, 0x00, 0x00, 0x00, 0x00, 0x00, 0x00, 0x00, 0x00, 0x00,
    0x00, 0x00, 0x00, 0x00, 0x00, 0x00, 0x00, 0x00, 0x00, 0x00, 0x00, 0x00, 0x00, 0x00, 0x00, 0x00,
    0x00, 0x00, 0x00, 0x00, 0x00, 0x00, 0x00, 0x00, 0x00, 0x00, 0x00, 0x00, 0x00, 0x00, 0x00, 0x00,
    0x00, 0x00, 0x00, 0x00, 0x00, 0x00, 0x00, 0x00, 0x00, 0x00, 0x00, 0x00, 0x00, 0x00, 0x00, 0x00,
    0x00, 0x00, 0x00, 0x00, 0x00, 0x00, 0x00, 0x00, 0x00, 0x00, 0x00, 0x00, 0x00, 0x00, 0x00, 0x00,
    0x00, 0x00, 0x00, 0x00, 0x00, 0x00, 0x00, 0x00, 0x00, 0x00, 0x00, 0x00, 0x00, 0x00, 0x00, 0x00,
    0x00, 0x00, 0x00, 0x00, 0x00, 0x00, 0x00, 0x00, 0x00, 0x00, 0x00, 0x00, 0x00, 0x00, 0x00, 0x00,
    0x00, 0x00, 0x00, 0x00, 0x00, 0x00, 0x00, 0x00, 0x00, 0x00, 0x00, 0x00, 0x00, 0x00, 0x00, 0x00,
    0x00, 0x00, 0x00, 0x00, 0x00, 0x00, 0x00, 0x00, 0x00, 0x00, 0x00, 0x00, 0x00, 0x00, 0x00, 0x00,
    0x00, 0x00, 0x00, 0x00, 0x00, 0x00, 0x00, 0x00, 0x00, 0x00, 0x00, 0x00, 0x00, 0x00, 0x00, 0x00,
    0x00, 0x00, 0x00, 0x00, 0x00, 0x00, 0x00, 0x00, 0x00, 0x00, 0x00, 0x00, 0x00, 0x00, 0x00, 0x00,
    0x00, 0x00, 0x00, 0x00, 0x00, 0x00, 0x00, 0x00, 0x00, 0x00, 0x00, 0x00, 0x00, 0x00, 0x00, 0x00,
    0x00, 0x00, 0x00, 0x00, 0x00, 0x00, 0x00, 0x00, 0x00, 0x00, 0x00, 0x00, 0x00, 0x00, 0x00, 0x00,
    0x00, 0x00, 0x00, 0x00, 0x00, 0x00, 0x00, 0x00, 0x00, 0x00, 0x00, 0x00, 0x00, 0x00, 0x00, 0x00,
    0x00, 0x00, 0x00, 0x00, 0x00, 0x00, 0x00, 0x00, 0x00, 0x00, 0x00, 0x00, 0x00, 0x00, 0x00, 0x00,
    0x00, 0x00, 0x00, 0x00, 0x00, 0x00, 0x00, 0x00, 0x00, 0x00, 0x00, 0x00, 0x00, 0x00, 0x00, 0x00,
    0x00, 0x00, 0x00, 0x00, 0x00, 0x00, 0x00, 0x00, 0x00, 0x00, 0x00, 0x00, 0x00, 0x00, 0x00, 0x00,
    0x00, 0x00, 0x00, 0x00, 0x00, 0x00, 0x00, 0x00, 0x00, 0x00, 0x00, 0x00, 0x00, 0x00, 0x00, 0x00,
    0x00, 0x00, 0x00, 0x00, 0x00, 0x00, 0x00, 0x00, 0x00, 0x00, 0x00, 0x00, 0x00, 0x00, 0x00, 0x00,
    0x00, 0x00, 0x00, 0x00, 0x00, 0x00, 0x00, 0x00, 0x00, 0x00, 0x00, 0x00, 0x00, 0x00, 0x00, 0x00,
    0x00, 0x00, 0x00, 0x00, 0x00, 0x00, 0xAD, 0x75, 0x00, 0x00, 0x32, 0x3C, 0x32, 0x3C, 0x2A, 0x1B,
    0x32, 0x3C, 0x32, 0x3C, 0x32, 0x3B, 0x32, 0x3B, 0x21, 0xB5, 0x00, 0x00, 0x53, 0x3A, 0x63, 0xDF,
    0x63, 0xDF, 0x63, 0xDF, 0x63, 0xDF, 0x63, 0xDF, 0x63, 0xDF, 0x63, 0xDF, 0x6B, 0xFF, 0x6B, 0xFF,
    0x6B, 0xFF, 0x63, 0xDF, 0x63, 0xDF, 0x6B, 0xFF, 0x6B, 0xFF, 0x6B, 0xFF, 0x6B, 0xFF, 0x6B, 0xFF,
    0x6C, 0x1F, 0x6C, 0x1F, 0x6B, 0xFF, 0x6B, 0xFF, 0x6B, 0xFF, 0x6C, 0x1F, 0x6B, 0xFF, 0x6B, 0xFF,
    0x6B, 0xFF, 0x6B, 0xFF, 0x6B, 0xFF, 0x6B, 0xFF, 0x6B, 0xFF, 0x63, 0xDF, 0x63, 0xDF, 0x63, 0xDF,
    0x63, 0xDF, 0x6B, 0xDF, 0x63, 0xDF, 0x6B, 0xDF, 0x63, 0xDF, 0x6B, 0xFF, 0x6B, 0xFF, 0x63, 0xFF,
    0x63, 0xBF, 0x63, 0xDF, 0x6B, 0xFF, 0x63, 0xDF, 0x63, 0xBF, 0x63, 0xBF, 0x63, 0xDF, 0x63, 0xDF,
    0x63, 0xDF, 0x63, 0xBF, 0x63, 0xDF, 0x6B, 0xFF, 0x6B, 0xFF, 0x6B, 0xFF, 0x6B, 0xFF, 0x6C, 0x1F,
    0x6B, 0xFF, 0x6B, 0xFF, 0x63, 0xDF, 0x63, 0xDF, 0x63, 0xDF, 0x63, 0xDF, 0x63, 0xDF, 0x63, 0xDF,
    0x63, 0xBF, 0x63, 0xBF, 0x63, 0xDF, 0x6B, 0xFF, 0x63, 0xDF, 0x63, 0xDF, 0x63, 0xDF, 0x63, 0xDF,
    0x6B, 0xFF, 0x6B, 0xFF, 0x6B, 0xFF, 0x6B, 0xFF, 0x6C, 0x1F, 0x6B, 0xFF, 0x6B, 0xFF, 0x6B, 0xFF,
    0x2A, 0x1A, 0x29, 0xF8, 0x29, 0xF8, 0x29, 0xFA, 0x2A, 0x1A, 0x2A, 0x1A, 0x2A, 0x1A, 0x00, 0x00,
    0xAD, 0x55, 0x00, 0x00, 0x00, 0x00, 0x00, 0x00, 0x00, 0x00, 0x00, 0x00, 0x00, 0x00, 0x00, 0x00,
    0x00, 0x00, 0x00, 0x00, 0x00, 0x00, 0x00, 0x00, 0x00, 0x00, 0x00, 0x00, 0x00, 0x00, 0x00, 0x00,
    0x00, 0x00, 0x00, 0x00, 0x00, 0x00, 0x00, 0x00, 0x00, 0x00, 0x00, 0x00, 0x00, 0x00, 0x00, 0x00,
    0x00, 0x00, 0x00, 0x00, 0x00, 0x00, 0x00, 0x00, 0x00, 0x00, 0x00, 0x00, 0x00, 0x00, 0x00, 0x00,
    0x00, 0x00, 0x00, 0x00, 0x00, 0x00, 0x00, 0x00, 0x00, 0x00, 0x00, 0x00, 0x00, 0x00, 0x00, 0x00,
    0x00, 0x00, 0x00, 0x00, 0x00, 0x00, 0x00, 0x00, 0x00, 0x00, 0x00, 0x00, 0x00, 0x00, 0x00, 0x00,
    0x00, 0x00, 0x00, 0x00, 0x00, 0x00, 0x00, 0x00, 0x00, 0x00, 0x00, 0x00, 0x00, 0x00, 0x00, 0x00,
    0x00, 0x00, 0x00, 0x00, 0x00, 0x00, 0x00, 0x00, 0x00, 0x00, 0x00, 0x00, 0x00, 0x00, 0x00, 0x00,
    0x00, 0x00, 0x00, 0x00, 0x00, 0x00, 0x00, 0x00, 0x00, 0x00, 0x00, 0x00, 0x00, 0x00, 0x00, 0x00,
    0x00, 0x00, 0x00, 0x00, 0x00, 0x00, 0x00, 0x00, 0x00, 0x00, 0x00, 0x00, 0x00, 0x00, 0x00, 0x00,
    0x00, 0x00, 0x00, 0x00, 0x00, 0x00, 0x00, 0x00, 0x00, 0x00, 0x00, 0x00, 0x00, 0x00, 0x00, 0x00,
    0x00, 0x00, 0x00, 0x00, 0x00, 0x00, 0x00, 0x00, 0x00, 0x00, 0x00, 0x00, 0x00, 0x00, 0x00, 0x00,
    0x00, 0x00, 0x00, 0x00, 0x00, 0x00, 0x00, 0x00, 0x00, 0x00, 0x00, 0x00, 0x00, 0x00, 0x00, 0x00,
    0x00, 0x00, 0x00, 0x00, 0x00, 0x00, 0x00, 0x00, 0x00, 0x00, 0x00, 0x00, 0x00, 0x00, 0x00, 0x00,
    0x00, 0x00, 0x00, 0x00, 0x00, 0x00, 0x00, 0x00, 0x00, 0x00, 0x00, 0x00, 0x00, 0x00, 0x00, 0x00,
    0x00, 0x00, 0x00, 0x00, 0x00, 0x00, 0x00, 0x00, 0x00, 0x00, 0x00, 0x00, 0x00, 0x00, 0x00, 0x00,
    0x00, 0x00, 0x00, 0x00, 0x00, 0x00, 0x00, 0x00, 0x00, 0x00, 0x00, 0x00, 0x00, 0x00, 0x00, 0x00,
    0x00, 0x00, 0x00, 0x00, 0x00, 0x00, 0x00, 0x00, 0x00, 0x00, 0x00, 0x00, 0x00, 0x00, 0x00, 0x00,
    0x00, 0x00, 0x00, 0x00, 0x00, 0x00, 0x00, 0x00, 0x00, 0x00, 0x00, 0x00, 0x00, 0x00, 0x00, 0x00,
    0x00, 0x00, 0x00, 0x00, 0x00, 0x00, 0x00, 0x00, 0x00, 0x00, 0x00, 0x00, 0x00, 0x00, 0x00, 0x00,
    0x00, 0x00, 0x00, 0x00, 0x00, 0x00, 0x00, 0x00, 0x00, 0x00, 0x00, 0x00, 0x00, 0x00, 0x00, 0x00,
    0x00, 0x00, 0x00, 0x00, 0x00, 0x00, 0x00, 0x00, 0x00, 0x00, 0x00, 0x00, 0x00, 0x00, 0x00, 0x00,
    0x00, 0x00, 0x00, 0x00, 0x00, 0x00, 0x00, 0x00, 0x00, 0x00, 0x00, 0x00, 0x00, 0x00, 0x00, 0x00,
    0x00, 0x00, 0x00, 0x00, 0x00, 0x00, 0x00, 0x00, 0x00, 0x00, 0x00, 0x00, 0x00, 0x00, 0x00, 0x00,
    0x00, 0x00, 0x00, 0x00, 0x00, 0x00, 0x00, 0x00, 0x00, 0x00, 0x00, 0x00, 0x00, 0x00, 0x00, 0x00,
    0x00, 0x00, 0x00, 0x00, 0x00, 0x00, 0x00, 0x00, 0x00, 0x00, 0x00, 0x00, 0x00, 0x00, 0x00, 0x00,
    0x00, 0x00, 0x00, 0x00, 0x00, 0x00, 0x00, 0x00, 0x00, 0x00, 0x00, 0x00, 0x00, 0x00, 0x00, 0x00,
    0x00, 0x00, 0x00, 0x00, 0x00, 0x00, 0xAD, 0x75, 0x00, 0x00, 0x32, 0x3C, 0x2A, 0x1A, 0x2A, 0x1A,
    0x2A, 0x1B, 0x2A, 0x1B, 0x29, 0xFA, 0x2A, 0x1A, 0x21, 0xB5, 0x00, 0x00, 0x53, 0x3A, 0x63, 0xBF,
    0x63, 0xBF, 0x63, 0xDF, 0x6B, 0xFF, 0x6B, 0xFF, 0x63, 0xDF, 0x6B, 0xDF, 0x6B, 0xFF, 0x6B, 0xFF,
    0x6B, 0xFF, 0x63, 0xFF, 0x63, 0xDF, 0x6B, 0xFF, 0x6C, 0x1F, 0x6C, 0x1F, 0x6C, 0x1F, 0x6C, 0x1F,
    0x6C, 0x3F, 0x6C, 0x1F, 0x63, 0xFF, 0x63, 0xDF, 0x6B, 0xFF, 0x6B, 0xFF, 0x63, 0xDF, 0x63, 0xDF,
    0x6B, 0xFF, 0x6B, 0xFF, 0x6B, 0xFF, 0x6B, 0xFF, 0x6B, 0xFF, 0x63, 0xDF, 0x63, 0xDF, 0x6B, 0xFF,
    0x6B, 0xFF, 0x6B, 0xFF, 0x6B, 0xFF, 0x6B, 0xFF, 0x6B, 0xFF, 0x6C, 0x1F, 0x6B, 0xFF, 0x63, 0xDF,
    0x63, 0xBF, 0x6B, 0xDF, 0x6B, 0xFF, 0x6B, 0xDF, 0x63, 0xDF, 0x63, 0xDF, 0x63, 0xDF, 0x63, 0xDF,
    0x63, 0xDF, 0x63, 0xBF, 0x6B, 0xFF, 0x6B, 0xFF, 0x6C, 0x1F, 0x6C, 0x1F, 0x6C, 0x1F, 0x6C, 0x1F,
    0x6B, 0xFF, 0x63, 0xDF, 0x63, 0xDF, 0x63, 0xDF, 0x63, 0xDF, 0x63, 0xDF, 0x63, 0xDF, 0x63, 0xDF,
    0x63, 0xDF, 0x63, 0xDF, 0x6B, 0xDF, 0x6B, 0xFF, 0x63, 0xDF, 0x63, 0xBF, 0x63, 0xBF, 0x63, 0xDF,
    0x6B, 0xFF, 0x6B, 0xFF, 0x6B, 0xFF, 0x6C, 0x1F, 0x6C, 0x1F, 0x6C, 0x1F, 0x6B, 0xFF, 0x6B, 0xFF,
    0x2A, 0x1A, 0x29, 0xF9, 0x2A, 0x1A, 0x2A, 0x1A, 0x2A, 0x1B, 0x2A, 0x1A, 0x2A, 0x1A, 0x00, 0x00,
    0xAD, 0x55, 0x00, 0x00, 0x00, 0x00, 0x00, 0x00, 0x00, 0x00, 0x00, 0x00, 0x00, 0x00, 0x00, 0x00,
    0x00, 0x00, 0x00, 0x00, 0x00, 0x00, 0x00, 0x00, 0x00, 0x00, 0x00, 0x00, 0x00, 0x00, 0x00, 0x00,
    0x00, 0x00, 0x00, 0x00, 0x00, 0x00, 0x00, 0x00, 0x00, 0x00, 0x00, 0x00, 0x00, 0x00, 0x00, 0x00,
    0x00, 0x00, 0x00, 0x00, 0x00, 0x00, 0x00, 0x00, 0x00, 0x00, 0x00, 0x00, 0x00, 0x00, 0x00, 0x00,
    0x00, 0x00, 0x00, 0x00, 0x00, 0x00, 0x00, 0x00, 0x00, 0x00, 0x00, 0x00, 0x00, 0x00, 0x00, 0x00,
    0x00, 0x00, 0x00, 0x00, 0x00, 0x00, 0x00, 0x00, 0x00, 0x00, 0x00, 0x00, 0x00, 0x00, 0x00, 0x00,
    0x00, 0x00, 0x00, 0x00, 0x00, 0x00, 0x00, 0x00, 0x00, 0x00, 0x00, 0x00, 0x00, 0x00, 0x00, 0x00,
    0x00, 0x00, 0x00, 0x00, 0x00, 0x00, 0x00, 0x00, 0x00, 0x00, 0x00, 0x00, 0x00, 0x00, 0x00, 0x00,
    0x00, 0x00, 0x00, 0x00, 0x00, 0x00, 0x00, 0x00, 0x00, 0x00, 0x00, 0x00, 0x00, 0x00, 0x00, 0x00,
    0x00, 0x00, 0x00, 0x00, 0x00, 0x00, 0x00, 0x00, 0x00, 0x00, 0x00, 0x00, 0x00, 0x00, 0x00, 0x00,
    0x00, 0x00, 0x00, 0x00, 0x00, 0x00, 0x00, 0x00, 0x00, 0x00, 0x00, 0x00, 0x00, 0x00, 0x00, 0x00,
    0x00, 0x00, 0x00, 0x00, 0x00, 0x00, 0x00, 0x00, 0x00, 0x00, 0x00, 0x00, 0x00, 0x00, 0x00, 0x00,
    0x00, 0x00, 0x00, 0x00, 0x00, 0x00, 0x00, 0x00, 0x00, 0x00, 0x00, 0x00, 0x00, 0x00, 0x00, 0x00,
    0x00, 0x00, 0x00, 0x00, 0x00, 0x00, 0x00, 0x00, 0x00, 0x00, 0x00, 0x00, 0x00, 0x00, 0x00, 0x00,
    0x00, 0x00, 0x00, 0x00, 0x00, 0x00, 0x00, 0x00, 0x00, 0x00, 0x00, 0x00, 0x00, 0x00, 0x00, 0x00,
    0x00, 0x00, 0x00, 0x00, 0x00, 0x00, 0x00, 0x00, 0x00, 0x00, 0x00, 0x00, 0x00, 0x00, 0x00, 0x00,
    0x00, 0x00, 0x00, 0x00, 0x00, 0x00, 0x00, 0x00, 0x00, 0x00, 0x00, 0x00, 0x00, 0x00, 0x00, 0x00,
    0x00, 0x00, 0x00, 0x00, 0x00, 0x00, 0x00, 0x00, 0x00, 0x00, 0x00, 0x00, 0x00, 0x00, 0x00, 0x00,
    0x00, 0x00, 0x00, 0x00, 0x00, 0x00, 0x00, 0x00, 0x00, 0x00, 0x00, 0x00, 0x00, 0x00, 0x00, 0x00,
    0x00, 0x00, 0x00, 0x00, 0x00, 0x00, 0x00, 0x00, 0x00, 0x00, 0x00, 0x00, 0x00, 0x00, 0x00, 0x00,
    0x00, 0x00, 0x00, 0x00, 0x00, 0x00, 0x00, 0x00, 0x00, 0x00, 0x00, 0x00, 0x00, 0x00, 0x00, 0x00,
    0x00, 0x00, 0x00, 0x00, 0x00, 0x00, 0x00, 0x00, 0x00, 0x00, 0x00, 0x00, 0x00, 0x00, 0x00, 0x00,
    0x00, 0x00, 0x00, 0x00, 0x00, 0x00, 0x00, 0x00, 0x00, 0x00, 0x00, 0x00, 0x00, 0x00, 0x00, 0x00,
    0x00, 0x00, 0x00, 0x00, 0x00, 0x00, 0x00, 0x00, 0x00, 0x00, 0x00, 0x00, 0x00, 0x00, 0x00, 0x00,
    0x00, 0x00, 0x00, 0x00, 0x00, 0x00, 0x00, 0x00, 0x00, 0x00, 0x00, 0x00, 0x00, 0x00, 0x00, 0x00,
    0x00, 0x00, 0x00, 0x00, 0x00, 0x00, 0x00, 0x00, 0x00, 0x00, 0x00, 0x00, 0x00, 0x00, 0x00, 0x00,
    0x00, 0x00, 0x00, 0x00, 0x00, 0x00, 0x00, 0x00, 0x00, 0x00, 0x00, 0x00, 0x00, 0x00, 0x00, 0x00,
    0x00, 0x00, 0x00, 0x00, 0x00, 0x00, 0xAD, 0x75, 0x00, 0x00, 0x32, 0x3B, 0x29, 0xF9, 0x29, 0xF9,
    0x2A, 0x1B, 0x2A, 0x1B, 0x29, 0xF9, 0x29, 0xF9, 0x21, 0xB6, 0x00, 0x00, 0x53, 0x3A, 0x63, 0xDF,
    0x63, 0xDF, 0x6B, 0xDF, 0x6B, 0xDF, 0x63, 0xDF, 0x63, 0xDF, 0x6B, 0xFF, 0x6B, 0xFF, 0x6B, 0xFF,
    0x63, 0xFF, 0x63, 0xDF, 0x6B, 0xFF, 0x6C, 0x1F, 0x6C, 0x3F, 0x6C, 0x1F, 0x6C, 0x3F, 0x74, 0x3F,
    0x74, 0x3F, 0x6B, 0xFF, 0x63, 0xDF, 0x63, 0xDF, 0x6B, 0xFF, 0x6B, 0xFF, 0x63, 0xDF, 0x63, 0xDF,
    0x63, 0xDF, 0x63, 0xDF, 0x63, 0xDF, 0x63, 0xDF, 0x63, 0xDF, 0x63, 0xDF, 0x6B, 0xDF, 0x6B, 0xFF,
    0x6B, 0xFF, 0x6C, 0x1F, 0x6C, 0x1F, 0x6C, 0x1F, 0x74, 0x3F, 0x6C, 0x1F, 0x6B, 0xFF, 0x63, 0xDF,
    0x63, 0xDF, 0x6B, 0xFF, 0x6B, 0xFF, 0x6B, 0xFF, 0x63, 0xDF, 0x63, 0xDF, 0x6B, 0xFF, 0x6B, 0xFF,
    0x6B, 0xFF, 0x6B, 0xFF, 0x6B, 0xFF, 0x6C, 0x1F, 0x6C, 0x1F, 0x6C, 0x1F, 0x6C, 0x1F, 0x6C, 0x1F,
    0x6B, 0xFF, 0x6B, 0xDF, 0x6B, 0xDF, 0x6B, 0xFF, 0x6B, 0xFF, 0x6B, 0xFF, 0x63, 0xDF, 0x63, 0xDF,
    0x63, 0xDF, 0x63, 0xDF, 0x6B, 0xDF, 0x6B, 0xDF, 0x63, 0xDF, 0x63, 0xDF, 0x63, 0xDF, 0x6B, 0xFF,
    0x6B, 0xFF, 0x6B, 0xFF, 0x6B, 0xFF, 0x6C, 0x1F, 0x6C, 0x1F, 0x6C, 0x1F, 0x6B, 0xFF, 0x6B, 0xFF,
    0x2A, 0x1A, 0x2A, 0x1A, 0x32, 0x3B, 0x2A, 0x1B, 0x2A, 0x1B, 0x2A, 0x1A, 0x2A, 0x1B, 0x00, 0x00,
    0xAD, 0x55, 0x00, 0x00, 0x00, 0x00, 0x00, 0x00, 0x00, 0x00, 0x00, 0x00, 0x00, 0x00, 0x00, 0x00,
    0x00, 0x00, 0x00, 0x00, 0x00, 0x00, 0x00, 0x00, 0x00, 0x00, 0x00, 0x00, 0x00, 0x00, 0x00, 0x00,
    0x00, 0x00, 0x00, 0x00, 0x00, 0x00, 0x00, 0x00, 0x00, 0x00, 0x00, 0x00, 0x00, 0x00, 0x00, 0x00,
    0x00, 0x00, 0x00, 0x00, 0x00, 0x00, 0x00, 0x00, 0x00, 0x00, 0x00, 0x00, 0x00, 0x00, 0x00, 0x00,
    0x00, 0x00, 0x00, 0x00, 0x00, 0x00, 0x00, 0x00, 0x00, 0x00, 0x00, 0x00, 0x00, 0x00, 0x00, 0x00,
    0x00, 0x00, 0x00, 0x00, 0x00, 0x00, 0x00, 0x00, 0x00, 0x00, 0x00, 0x00, 0x00, 0x00, 0x00, 0x00,
    0x00, 0x00, 0x00, 0x00, 0x00, 0x00, 0x00, 0x00, 0x00, 0x00, 0x00, 0x00, 0x00, 0x00, 0x00, 0x00,
    0x00, 0x00, 0x00, 0x00, 0x00, 0x00, 0x00, 0x00, 0x00, 0x00, 0x00, 0x00, 0x00, 0x00, 0x00, 0x00,
    0x00, 0x00, 0x00, 0x00, 0x00, 0x00, 0x00, 0x00, 0x00, 0x00, 0x00, 0x00, 0x00, 0x00, 0x00, 0x00,
    0x00, 0x00, 0x00, 0x00, 0x00, 0x00, 0x00, 0x00, 0x00, 0x00, 0x00, 0x00, 0x00, 0x00, 0x00, 0x00,
    0x00, 0x00, 0x00, 0x00, 0x00, 0x00, 0x00, 0x00, 0x00, 0x00, 0x00, 0x00, 0x00, 0x00, 0x00, 0x00,
    0x00, 0x00, 0x00, 0x00, 0x00, 0x00, 0x00, 0x00, 0x00, 0x00, 0x00, 0x00, 0x00, 0x00, 0x00, 0x00,
    0x00, 0x00, 0x00, 0x00, 0x00, 0x00, 0x00, 0x00, 0x00, 0x00, 0x00, 0x00, 0x00, 0x00, 0x00, 0x00,
    0x00, 0x00, 0x00, 0x00, 0x00, 0x00, 0x00, 0x00, 0x00, 0x00, 0x00, 0x00, 0x00, 0x00, 0x00, 0x00,
    0x00, 0x00, 0x00, 0x00, 0x00, 0x00, 0x00, 0x00, 0x00, 0x00, 0x00, 0x00, 0x00, 0x00, 0x00, 0x00,
    0x00, 0x00, 0x00, 0x00, 0x00, 0x00, 0x00, 0x00, 0x00, 0x00, 0x00, 0x00, 0x00, 0x00, 0x00, 0x00,
    0x00, 0x00, 0x00, 0x00, 0x00, 0x00, 0x00, 0x00, 0x00, 0x00, 0x00, 0x00, 0x00, 0x00, 0x00, 0x00,
    0x00, 0x00, 0x00, 0x00, 0x00, 0x00, 0x00, 0x00, 0x00, 0x00, 0x00, 0x00, 0x00, 0x00, 0x00, 0x00,
    0x00, 0x00, 0x00, 0x00, 0x00, 0x00, 0x00, 0x00, 0x00, 0x00, 0x00, 0x00, 0x00, 0x00, 0x00, 0x00,
    0x00, 0x00, 0x00, 0x00, 0x00, 0x00, 0x00, 0x00, 0x00, 0x00, 0x00, 0x00, 0x00, 0x00, 0x00, 0x00,
    0x00, 0x00, 0x00, 0x00, 0x00, 0x00, 0x00, 0x00, 0x00, 0x00, 0x00, 0x00, 0x00, 0x00, 0x00, 0x00,
    0x00, 0x00, 0x00, 0x00, 0x00, 0x00, 0x00, 0x00, 0x00, 0x00, 0x00, 0x00, 0x00, 0x00, 0x00, 0x00,
    0x00, 0x00, 0x00, 0x00, 0x00, 0x00, 0x00, 0x00, 0x00, 0x00, 0x00, 0x00, 0x00, 0x00, 0x00, 0x00,
    0x00, 0x00, 0x00, 0x00, 0x00, 0x00, 0x00, 0x00, 0x00, 0x00, 0x00, 0x00, 0x00, 0x00, 0x00, 0x00,
    0x00, 0x00, 0x00, 0x00, 0x00, 0x00, 0x00, 0x00, 0x00, 0x00, 0x00, 0x00, 0x00, 0x00, 0x00, 0x00,
    0x00, 0x00, 0x00, 0x00, 0x00, 0x00, 0x00, 0x00, 0x00, 0x00, 0x00, 0x00, 0x00, 0x00, 0x00, 0x00,
    0x00, 0x00, 0x00, 0x00, 0x00, 0x00, 0x00, 0x00, 0x00, 0x00, 0x00, 0x00, 0x00, 0x00, 0x00, 0x00,
    0x00, 0x00, 0x00, 0x00, 0x00, 0x00, 0xAD, 0x75, 0x00, 0x00, 0x2A, 0x19, 0x29, 0xF9, 0x2A, 0x1A,
    0x32, 0x3B, 0x32, 0x3B, 0x2A, 0x19, 0x29, 0xF9, 0x21, 0xB6, 0x00, 0x00, 0x53, 0x3A, 0x6B, 0xFF,
    0x6B, 0xFF, 0x6B, 0xFF, 0x6B, 0xFF, 0x6B, 0xDF, 0x6B, 0xDF, 0x6B, 0xFF, 0x6B, 0xFF, 0x63, 0xDF,
    0x6B, 0xDF, 0x6B, 0xFF, 0x6C, 0x1F, 0x6C, 0x1F, 0x6C, 0x3F, 0x6C, 0x1F, 0x6C, 0x1F, 0x6C, 0x1F,
    0x6C, 0x1F, 0x6B, 0xFF, 0x63, 0xDF, 0x6B, 0xDF, 0x6B, 0xFF, 0x6B, 0xDF, 0x63, 0xBF, 0x63, 0xBF,
    0x63, 0xBF, 0x63, 0xBF, 0x63, 0xBF, 0x63, 0xBF, 0x63, 0xBF, 0x63, 0xBF, 0x63, 0xDF, 0x6B, 0xFF,
    0x6B, 0xFF, 0x6B, 0xFF, 0x6C, 0x1F, 0x6C, 0x1F, 0x6C, 0x1F, 0x6C, 0x1F, 0x6B, 0xFF, 0x6B, 0xFF,
    0x6C, 0x1F, 0x6C, 0x1F, 0x6B, 0xFF, 0x6B, 0xDF, 0x63, 0xDF, 0x6B, 0xDF, 0x6B, 0xFF, 0x6C, 0x1F,
    0x6C, 0x1F, 0x6C, 0x1F, 0x6C, 0x1F, 0x74, 0x3F, 0x6C, 0x1F, 0x6C, 0x1F, 0x6C, 0x1F, 0x6B, 0xFF,
    0x6B, 0xFF, 0x6B, 0xFF, 0x6C, 0x1F, 0x6C, 0x1F, 0x6C, 0x1F, 0x6B, 0xFF, 0x6B, 0xFF, 0x6B, 0xFF,
    0x6B, 0xFF, 0x6B, 0xFF, 0x6B, 0xFF, 0x6B, 0xFF, 0x63, 0xDF, 0x6B, 0xFF, 0x6B, 0xFF, 0x6B, 0xFF,
    0x6C, 0x1F, 0x6C, 0x1F, 0x6C, 0x1F, 0x6C, 0x1F, 0x6C, 0x1F, 0x6B, 0xFF, 0x6B, 0xFF, 0x6B, 0xFF,
    0x32, 0x1A, 0x32, 0x3B, 0x32, 0x3B, 0x32, 0x3B, 0x32, 0x3B, 0x32, 0x3B, 0x32, 0x3C, 0x00, 0x00,
    0xAD, 0x55, 0x00, 0x00, 0x00, 0x00, 0x00, 0x00, 0x00, 0x00, 0x00, 0x00, 0x00, 0x00, 0x00, 0x00,
    0x00, 0x00, 0x00, 0x00, 0x00, 0x00, 0x00, 0x00, 0x00, 0x00, 0x00, 0x00, 0x00, 0x00, 0x00, 0x00,
    0x00, 0x00, 0x00, 0x00, 0x00, 0x00, 0x00, 0x00, 0x00, 0x00, 0x00, 0x00, 0x00, 0x00, 0x00, 0x00,
    0x00, 0x00, 0x00, 0x00, 0x00, 0x00, 0x00, 0x00, 0x00, 0x00, 0x00, 0x00, 0x00, 0x00, 0x00, 0x00,
    0x00, 0x00, 0x00, 0x00, 0x00, 0x00, 0x00, 0x00, 0x00, 0x00, 0x00, 0x00, 0x00, 0x00, 0x00, 0x00,
    0x00, 0x00, 0x00, 0x00, 0x00, 0x00, 0x00, 0x00, 0x00, 0x00, 0x00, 0x00, 0x00, 0x00, 0x00, 0x00,
    0x00, 0x00, 0x00, 0x00, 0x00, 0x00, 0x00, 0x00, 0x00, 0x00, 0x00, 0x00, 0x00, 0x00, 0x00, 0x00,
    0x00, 0x00, 0x00, 0x00, 0x00, 0x00, 0x00, 0x00, 0x00, 0x00, 0x00, 0x00, 0x00, 0x00, 0x00, 0x00,
    0x00, 0x00, 0x00, 0x00, 0x00, 0x00, 0x00, 0x00, 0x00, 0x00, 0x00, 0x00, 0x00, 0x00, 0x00, 0x00,
    0x00, 0x00, 0x00, 0x00, 0x00, 0x00, 0x00, 0x00, 0x00, 0x00, 0x00, 0x00, 0x00, 0x00, 0x00, 0x00,
    0x00, 0x00, 0x00, 0x00, 0x00, 0x00, 0x00, 0x00, 0x00, 0x00, 0x00, 0x00, 0x00, 0x00, 0x00, 0x00,
    0x00, 0x00, 0x00, 0x00, 0x00, 0x00, 0x00, 0x00, 0x00, 0x00, 0x00, 0x00, 0x00, 0x00, 0x00, 0x00,
    0x00, 0x00, 0x00, 0x00, 0x00, 0x00, 0x00, 0x00, 0x00, 0x00, 0x00, 0x00, 0x00, 0x00, 0x00, 0x00,
    0x00, 0x00, 0x00, 0x00, 0x00, 0x00, 0x00, 0x00, 0x00, 0x00, 0x00, 0x00, 0x00, 0x00, 0x00, 0x00,
    0x00, 0x00, 0x00, 0x00, 0x00, 0x00, 0x00, 0x00, 0x00, 0x00, 0x00, 0x00, 0x00, 0x00, 0x00, 0x00,
    0x00, 0x00, 0x00, 0x00, 0x00, 0x00, 0x00, 0x00, 0x00, 0x00, 0x00, 0x00, 0x00, 0x00, 0x00, 0x00,
    0x00, 0x00, 0x00, 0x00, 0x00, 0x00, 0x00, 0x00, 0x00, 0x00, 0x00, 0x00, 0x00, 0x00, 0x00, 0x00,
    0x00, 0x00, 0x00, 0x00, 0x00, 0x00, 0x00, 0x00, 0x00, 0x00, 0x00, 0x00, 0x00, 0x00, 0x00, 0x00,
    0x00, 0x00, 0x00, 0x00, 0x00, 0x00, 0x00, 0x00, 0x00, 0x00, 0x00, 0x00, 0x00, 0x00, 0x00, 0x00,
    0x00, 0x00, 0x00, 0x00, 0x00, 0x00, 0x00, 0x00, 0x00, 0x00, 0x00, 0x00, 0x00, 0x00, 0x00, 0x00,
    0x00, 0x00, 0x00, 0x00, 0x00, 0x00, 0x00, 0x00, 0x00, 0x00, 0x00, 0x00, 0x00, 0x00, 0x00, 0x00,
    0x00, 0x00, 0x00, 0x00, 0x00, 0x00, 0x00, 0x00, 0x00, 0x00, 0x00, 0x00, 0x00, 0x00, 0x00, 0x00,
    0x00, 0x00, 0x00, 0x00, 0x00, 0x00, 0x00, 0x00, 0x00, 0x00, 0x00, 0x00, 0x00, 0x00, 0x00, 0x00,
    0x00, 0x00, 0x00, 0x00, 0x00, 0x00, 0x00, 0x00, 0x00, 0x00, 0x00, 0x00, 0x00, 0x00, 0x00, 0x00,
    0x00, 0x00, 0x00, 0x00, 0x00, 0x00, 0x00, 0x00, 0x00, 0x00, 0x00, 0x00, 0x00, 0x00, 0x00, 0x00,
    0x00, 0x00, 0x00, 0x00, 0x00, 0x00, 0x00, 0x00, 0x00, 0x00, 0x00, 0x00, 0x00, 0x00, 0x00, 0x00,
    0x00, 0x00, 0x00, 0x00, 0x00, 0x00, 0x00, 0x00, 0x00, 0x00, 0x00, 0x00, 0x00, 0x00, 0x00, 0x00,
    0x00, 0x00, 0x00, 0x00, 0x00, 0x00, 0xAD, 0x75, 0x00, 0x00, 0x2A, 0x19, 0x32, 0x19, 0x32, 0x3A,
    0x32, 0x3A, 0x32, 0x3A, 0x29, 0xF9, 0x2A, 0x19, 0x21, 0xB6, 0x00, 0x00, 0x5B, 0x5A, 0x6C, 0x1F,
    0x6C, 0x1F, 0x6C, 0x1F, 0x6B, 0xFF, 0x6B, 0xFF, 0x6B, 0xFF, 0x6B, 0xFF, 0x6B, 0xFF, 0x6B, 0xDF,
    0x6B, 0xFF, 0x6C, 0x1F, 0x6C, 0x1F, 0x6C, 0x1F, 0x6C, 0x1F, 0x6C, 0x1F, 0x6C, 0x1F, 0x6C, 0x1F,
    0x6B, 0xFF, 0x6B, 0xDF, 0x6B, 0xFF, 0x6B, 0xFF, 0x6B, 0xFF, 0x6B, 0xFF, 0x63, 0xDF, 0x63, 0xDF,
    0x63, 0xDF, 0x63, 0xDF, 0x6B, 0xFF, 0x6B, 0xFF, 0x63, 0xDF, 0x6B, 0xFF, 0x6C, 0x1F, 0x6C, 0x1F,
    0x6C, 0x1F, 0x74, 0x3F, 0x74, 0x5F, 0x74, 0x3F, 0x6C, 0x1F, 0x6B, 0xFF, 0x6B, 0xFF, 0x6C, 0x1F,
    0x6C, 0x1F, 0x6C, 0x1F, 0x6B, 0xFF, 0x63, 0xDF, 0x63, 0xDF, 0x6B, 0xFF, 0x6C, 0x1F, 0x6C, 0x1F,
    0x6C, 0x1F, 0x6C, 0x1F, 0x6C, 0x1F, 0x6C, 0x1F, 0x6C, 0x1F, 0x6C, 0x1F, 0x74, 0x3F, 0x6B, 0xFF,
    0x6B, 0xFF, 0x6B, 0xFF, 0x6C, 0x1F, 0x6C, 0x1F, 0x6C, 0x1F, 0x6C, 0x1F, 0x6C, 0x1F, 0x6C, 0x1F,
    0x6B, 0xFF, 0x6B, 0xFF, 0x6C, 0x1F, 0x6B, 0xFF, 0x6B, 0xFF, 0x6C, 0x1F, 0x6C, 0x1F, 0x6C, 0x1F,
    0x6C, 0x1F, 0x6C, 0x1F, 0x74, 0x3F, 0x74, 0x3F, 0x6C, 0x1F, 0x6B, 0xFF, 0x6B, 0xFF, 0x6C, 0x1F,
    0x32, 0x3A, 0x32, 0x5C, 0x32, 0x5B, 0x32, 0x5B, 0x32, 0x3B, 0x32, 0x5C, 0x32, 0x5C, 0x00, 0x00,
    0xAD, 0x55, 0x00, 0x00, 0x00, 0x00, 0x00, 0x00, 0x00, 0x00, 0x00, 0x00, 0x00, 0x00, 0x00, 0x00,
    0x00, 0x00, 0x00, 0x00, 0x00, 0x00, 0x00, 0x00, 0x00, 0x00, 0x00, 0x00, 0x00, 0x00, 0x00, 0x00,
    0x00, 0x00, 0x00, 0x00, 0x00, 0x00, 0x00, 0x00, 0x00, 0x00, 0x00, 0x00, 0x00, 0x00, 0x00, 0x00,
    0x00, 0x00, 0x00, 0x00, 0x00, 0x00, 0x00, 0x00, 0x00, 0x00, 0x00, 0x00, 0x00, 0x00, 0x00, 0x00,
    0x00, 0x00, 0x00, 0x00, 0x00, 0x00, 0x00, 0x00, 0x00, 0x00, 0x00, 0x00, 0x00, 0x00, 0x00, 0x00,
    0x00, 0x00, 0x00, 0x00, 0x00, 0x00, 0x00, 0x00, 0x00, 0x00, 0x00, 0x00, 0x00, 0x00, 0x00, 0x00,
    0x00, 0x00, 0x00, 0x00, 0x00, 0x00, 0x00, 0x00, 0x00, 0x00, 0x00, 0x00, 0x00, 0x00, 0x00, 0x00,
    0x00, 0x00, 0x00, 0x00, 0x00, 0x00, 0x00, 0x00, 0x00, 0x00, 0x00, 0x00, 0x00, 0x00, 0x00, 0x00,
    0x00, 0x00, 0x00, 0x00, 0x00, 0x00, 0x00, 0x00, 0x00, 0x00, 0x00, 0x00, 0x00, 0x00, 0x00, 0x00,
    0x00, 0x00, 0x00, 0x00, 0x00, 0x00, 0x00, 0x00, 0x00, 0x00, 0x00, 0x00, 0x00, 0x00, 0x00, 0x00,
    0x00, 0x00, 0x00, 0x00, 0x00, 0x00, 0x00, 0x00, 0x00, 0x00, 0x00, 0x00, 0x00, 0x00, 0x00, 0x00,
    0x00, 0x00, 0x00, 0x00, 0x00, 0x00, 0x00, 0x00, 0x00, 0x00, 0x00, 0x00, 0x00, 0x00, 0x00, 0x00,
    0x00, 0x00, 0x00, 0x00, 0x00, 0x00, 0x00, 0x00, 0x00, 0x00, 0x00, 0x00, 0x00, 0x00, 0x00, 0x00,
    0x00, 0x00, 0x00, 0x00, 0x00, 0x00, 0x00, 0x00, 0x00, 0x00, 0x00, 0x00, 0x00, 0x00, 0x00, 0x00,
    0x00, 0x00, 0x00, 0x00, 0x00, 0x00, 0x00, 0x00, 0x00, 0x00, 0x00, 0x00, 0x00, 0x00, 0x00, 0x00,
    0x00, 0x00, 0x00, 0x00, 0x00, 0x00, 0x00, 0x00, 0x00, 0x00, 0x00, 0x00, 0x00, 0x00, 0x00, 0x00,
    0x00, 0x00, 0x00, 0x00, 0x00, 0x00, 0x00, 0x00, 0x00, 0x00, 0x00, 0x00, 0x00, 0x00, 0x00, 0x00,
    0x00, 0x00, 0x00, 0x00, 0x00, 0x00, 0x00, 0x00, 0x00, 0x00, 0x00, 0x00, 0x00, 0x00, 0x00, 0x00,
    0x00, 0x00, 0x00, 0x00, 0x00, 0x00, 0x00, 0x00, 0x00, 0x00, 0x00, 0x00, 0x00, 0x00, 0x00, 0x00,
    0x00, 0x00, 0x00, 0x00, 0x00, 0x00, 0x00, 0x00, 0x00, 0x00, 0x00, 0x00, 0x00, 0x00, 0x00, 0x00,
    0x00, 0x00, 0x00, 0x00, 0x00, 0x00, 0x00, 0x00, 0x00, 0x00, 0x00, 0x00, 0x00, 0x00, 0x00, 0x00,
    0x00, 0x00, 0x00, 0x00, 0x00, 0x00, 0x00, 0x00, 0x00, 0x00, 0x00, 0x00, 0x00, 0x00, 0x00, 0x00,
    0x00, 0x00, 0x00, 0x00, 0x00, 0x00, 0x00, 0x00, 0x00, 0x00, 0x00, 0x00, 0x00, 0x00, 0x00, 0x00,
    0x00, 0x00, 0x00, 0x00, 0x00, 0x00, 0x00, 0x00, 0x00, 0x00, 0x00, 0x00, 0x00, 0x00, 0x00, 0x00,
    0x00, 0x00, 0x00, 0x00, 0x00, 0x00, 0x00, 0x00, 0x00, 0x00, 0x00, 0x00, 0x00, 0x00, 0x00, 0x00,
    0x00, 0x00, 0x00, 0x00, 0x00, 0x00, 0x00, 0x00, 0x00, 0x00, 0x00, 0x00, 0x00, 0x00, 0x00, 0x00,
    0x00, 0x00, 0x00, 0x00, 0x00, 0x00, 0x00, 0x00, 0x00, 0x00, 0x00, 0x00, 0x00, 0x00, 0x00, 0x00,
    0x00, 0x00, 0x00, 0x00, 0x00, 0x00, 0xAD, 0x75, 0x00, 0x00, 0x2A, 0x18, 0x2A, 0x19, 0x32, 0x19,
    0x32, 0x3A, 0x32, 0x3A, 0x32, 0x3A, 0x32, 0x3A, 0x29, 0xD6, 0x00, 0x00, 0x5B, 0x5A, 0x6C, 0x1F,
    0x6C, 0x1F, 0x6B, 0xFF, 0x6B, 0xFF, 0x6C, 0x1F, 0x6C, 0x1F, 0x6B, 0xFF, 0x6B, 0xFF, 0x6C, 0x1F,
    0x6C, 0x1F, 0x6C, 0x1F, 0x74, 0x3F, 0x6C, 0x1F, 0x6B, 0xFF, 0x6B, 0xFF, 0x6C, 0x1F, 0x6B, 0xFF,
    0x6B, 0xFF, 0x6B, 0xFF, 0x6B, 0xDF, 0x6B, 0xFF, 0x6B, 0xFF, 0x6B, 0xFF, 0x6B, 0xFF, 0x6B, 0xFF,
    0x6B, 0xFF, 0x6C, 0x1F, 0x6C, 0x1F, 0x6C, 0x1F, 0x6B, 0xFF, 0x6C, 0x1F, 0x74, 0x3F, 0x74, 0x3F,
    0x74, 0x3F, 0x74, 0x3F, 0x74, 0x5F, 0x74, 0x5F, 0x74, 0x3F, 0x6C, 0x1F, 0x6C, 0x1F, 0x6C, 0x1F,
    0x6C, 0x3F, 0x6B, 0xFF, 0x63, 0xDF, 0x63, 0xDF, 0x63, 0xDF, 0x6B, 0xFF, 0x6B, 0xFF, 0x6C, 0x1F,
    0x6B, 0xFF, 0x6B, 0xFF, 0x6B, 0xFF, 0x6C, 0x1F, 0x6B, 0xFF, 0x6C, 0x1F, 0x74, 0x3F, 0x74, 0x1F,
    0x6C, 0x1F, 0x6C, 0x1F, 0x74, 0x3F, 0x6C, 0x1F, 0x6C, 0x1F, 0x6C, 0x1F, 0x6C, 0x1F, 0x6C, 0x1F,
    0x6B, 0xFF, 0x6B, 0xFF, 0x6B, 0xFF, 0x6B, 0xFF, 0x6C, 0x1F, 0x6C, 0x1F, 0x6C, 0x1F, 0x74, 0x3F,
    0x74, 0x3F, 0x74, 0x3F, 0x74, 0x5F, 0x74, 0x3F, 0x74, 0x1F, 0x6C, 0x1F, 0x74, 0x3F, 0x6C, 0x1F,
    0x32, 0x3B, 0x32, 0x3A, 0x32, 0x3A, 0x32, 0x3A, 0x32, 0x3B, 0x32, 0x5B, 0x32, 0x5B, 0x00, 0x00,
    0xAD, 0x55, 0x00, 0x00, 0x00, 0x00, 0x00, 0x00, 0x00, 0x00, 0x00, 0x00, 0x00, 0x00, 0x00, 0x00,
    0x00, 0x00, 0x00, 0x00, 0x00, 0x00, 0x00, 0x00, 0x00, 0x00, 0x00, 0x00, 0x00, 0x00, 0x00, 0x00,
    0x00, 0x00, 0x00, 0x00, 0x00, 0x00, 0x00, 0x00, 0x00, 0x00, 0x00, 0x00, 0x00, 0x00, 0x00, 0x00,
    0x00, 0x00, 0x00, 0x00, 0x00, 0x00, 0x00, 0x00, 0x00, 0x00, 0x00, 0x00, 0x00, 0x00, 0x00, 0x00,
    0x00, 0x00, 0x00, 0x00, 0x00, 0x00, 0x00, 0x00, 0x00, 0x00, 0x00, 0x00, 0x00, 0x00, 0x00, 0x00,
    0x00, 0x00, 0x00, 0x00, 0x00, 0x00, 0x00, 0x00, 0x00, 0x00, 0x00, 0x00, 0x00, 0x00, 0x00, 0x00,
    0x00, 0x00, 0x00, 0x00, 0x00, 0x00, 0x00, 0x00, 0x00, 0x00, 0x00, 0x00, 0x00, 0x00, 0x00, 0x00,
    0x00, 0x00, 0x00, 0x00, 0x00, 0x00, 0x00, 0x00, 0x00, 0x00, 0x00, 0x00, 0x00, 0x00, 0x00, 0x00,
    0x00, 0x00, 0x00, 0x00, 0x00, 0x00, 0x00, 0x00, 0x00, 0x00, 0x00, 0x00, 0x00, 0x00, 0x00, 0x00,
    0x00, 0x00, 0x00, 0x00, 0x00, 0x00, 0x00, 0x00, 0x00, 0x00, 0x00, 0x00, 0x00, 0x00, 0x00, 0x00,
    0x00, 0x00, 0x00, 0x00, 0x00, 0x00, 0x00, 0x00, 0x00, 0x00, 0x00, 0x00, 0x00, 0x00, 0x00, 0x00,
    0x00, 0x00, 0x00, 0x00, 0x00, 0x00, 0x00, 0x00, 0x00, 0x00, 0x00, 0x00, 0x00, 0x00, 0x00, 0x00,
    0x00, 0x00, 0x00, 0x00, 0x00, 0x00, 0x00, 0x00, 0x00, 0x00, 0x00, 0x00, 0x00, 0x00, 0x00, 0x00,
    0x00, 0x00, 0x00, 0x00, 0x00, 0x00, 0x00, 0x00, 0x00, 0x00, 0x00, 0x00, 0x00, 0x00, 0x00, 0x00,
    0x00, 0x00, 0x00, 0x00, 0x00, 0x00, 0x00, 0x00, 0x00, 0x00, 0x00, 0x00, 0x00, 0x00, 0x00, 0x00,
    0x00, 0x00, 0x00, 0x00, 0x00, 0x00, 0x00, 0x00, 0x00, 0x00, 0x00, 0x00, 0x00, 0x00, 0x00, 0x00,
    0x00, 0x00, 0x00, 0x00, 0x00, 0x00, 0x00, 0x00, 0x00, 0x00, 0x00, 0x00, 0x00, 0x00, 0x00, 0x00,
    0x00, 0x00, 0x00, 0x00, 0x00, 0x00, 0x00, 0x00, 0x00, 0x00, 0x00, 0x00, 0x00, 0x00, 0x00, 0x00,
    0x00, 0x00, 0x00, 0x00, 0x00, 0x00, 0x00, 0x00, 0x00, 0x00, 0x00, 0x00, 0x00, 0x00, 0x00, 0x00,
    0x00, 0x00, 0x00, 0x00, 0x00, 0x00, 0x00, 0x00, 0x00, 0x00, 0x00, 0x00, 0x00, 0x00, 0x00, 0x00,
    0x00, 0x00, 0x00, 0x00, 0x00, 0x00, 0x00, 0x00, 0x00, 0x00, 0x00, 0x00, 0x00, 0x00, 0x00, 0x00,
    0x00, 0x00, 0x00, 0x00, 0x00, 0x00, 0x00, 0x00, 0x00, 0x00, 0x00, 0x00, 0x00, 0x00, 0x00, 0x00,
    0x00, 0x00, 0x00, 0x00, 0x00, 0x00, 0x00, 0x00, 0x00, 0x00, 0x00, 0x00, 0x00, 0x00, 0x00, 0x00,
    0x00, 0x00, 0x00, 0x00, 0x00, 0x00, 0x00, 0x00, 0x00, 0x00, 0x00, 0x00, 0x00, 0x00, 0x00, 0x00,
    0x00, 0x00, 0x00, 0x00, 0x00, 0x00, 0x00, 0x00, 0x00, 0x00, 0x00, 0x00, 0x00, 0x00, 0x00, 0x00,
    0x00, 0x00, 0x00, 0x00, 0x00, 0x00, 0x00, 0x00, 0x00, 0x00, 0x00, 0x00, 0x00, 0x00, 0x00, 0x00,
    0x00, 0x00, 0x00, 0x00, 0x00, 0x00, 0x00, 0x00, 0x00, 0x00, 0x00, 0x00, 0x00, 0x00, 0x00, 0x00,
    0x00, 0x00, 0x00, 0x00, 0x00, 0x00, 0xAD, 0x75, 0x00, 0x00, 0x32, 0x19, 0x32, 0x1A, 0x32, 0x3B,
    0x32, 0x3B, 0x32, 0x5C, 0x32, 0x5B, 0x32, 0x3B, 0x29, 0xD6, 0x00, 0x00, 0x5B, 0x5A, 0x6C, 0x1F,
    0x6B, 0xFF, 0x6B, 0xFF, 0x6B, 0xFF, 0x6C, 0x1F, 0x6C, 0x1F, 0x6B, 0xFF, 0x6B, 0xFF, 0x6C, 0x1F,
    0x6C, 0x3F, 0x74, 0x3F, 0x74, 0x3F, 0x6C, 0x1F, 0x6B, 0xFF, 0x74, 0x1F, 0x74, 0x3F, 0x74, 0x3F,
    0x74, 0x1F, 0x6B, 0xFF, 0x6C, 0x1F, 0x6C, 0x1F, 0x6C, 0x1F, 0x6C, 0x1F, 0x6B, 0xFF, 0x6B, 0xFF,
    0x6B, 0xFF, 0x6B, 0xFF, 0x6C, 0x1F, 0x6B, 0xFF, 0x6B, 0xFF, 0x6C, 0x1F, 0x74, 0x3F, 0x74, 0x3F,
    0x74, 0x3F, 0x74, 0x3F, 0x74, 0x3F, 0x74, 0x3F, 0x74, 0x1F, 0x6C, 0x1F, 0x6B, 0xFF, 0x6B, 0xFF,
    0x6B, 0xFF, 0x63, 0xBE, 0x63, 0xBE, 0x63, 0xBF, 0x6B, 0xDF, 0x6B, 0xDF, 0x6B, 0xFF, 0x6B, 0xDF,
    0x63, 0xDF, 0x63, 0xDF, 0x6B, 0xDF, 0x6B, 0xFF, 0x6C, 0x1F, 0x6C, 0x1F, 0x74, 0x1F, 0x74, 0x1F,
    0x6C, 0x1F, 0x74, 0x3F, 0x74, 0x3F, 0x74, 0x3F, 0x6C, 0x1F, 0x6B, 0xFF, 0x6B, 0xFF, 0x6B, 0xFF,
    0x6B, 0xDF, 0x6B, 0xDF, 0x6B, 0xDF, 0x6B, 0xFF, 0x6B, 0xFF, 0x6C, 0x1F, 0x6B, 0xFF, 0x6C, 0x1F,
    0x74, 0x3F, 0x74, 0x3F, 0x74, 0x5F, 0x74, 0x3F, 0x74, 0x1F, 0x74, 0x3F, 0x74, 0x5F, 0x6C, 0x1F,
    0x32, 0x3B, 0x32, 0x19, 0x2A, 0x19, 0x32, 0x39, 0x32, 0x3A, 0x32, 0x3B, 0x32, 0x3B, 0x00, 0x00,
    0xAD, 0x55, 0x00, 0x00, 0x00, 0x00, 0x00, 0x00, 0x00, 0x00, 0x00, 0x00, 0x00, 0x00, 0x00, 0x00,
    0x00, 0x00, 0x00, 0x00, 0x00, 0x00, 0x00, 0x00, 0x00, 0x00, 0x00, 0x00, 0x00, 0x00, 0x00, 0x00,
    0x00, 0x00, 0x00, 0x00, 0x00, 0x00, 0x00, 0x00, 0x00, 0x00, 0x00, 0x00, 0x00, 0x00, 0x00, 0x00,
    0x00, 0x00, 0x00, 0x00, 0x00, 0x00, 0x00, 0x00, 0x00, 0x00, 0x00, 0x00, 0x00, 0x00, 0x00, 0x00,
    0x00, 0x00, 0x00, 0x00, 0x00, 0x00, 0x00, 0x00, 0x00, 0x00, 0x00, 0x00, 0x00, 0x00, 0x00, 0x00,
    0x00, 0x00, 0x00, 0x00, 0x00, 0x00, 0x00, 0x00, 0x00, 0x00, 0x00, 0x00, 0x00, 0x00, 0x00, 0x00,
    0x00, 0x00, 0x00, 0x00, 0x00, 0x00, 0x00, 0x00, 0x00, 0x00, 0x00, 0x00, 0x00, 0x00, 0x00, 0x00,
    0x00, 0x00, 0x00, 0x00, 0x00, 0x00, 0x00, 0x00, 0x00, 0x00, 0x00, 0x00, 0x00, 0x00, 0x00, 0x00,
    0x00, 0x00, 0x00, 0x00, 0x00, 0x00, 0x00, 0x00, 0x00, 0x00, 0x00, 0x00, 0x00, 0x00, 0x00, 0x00,
    0x00, 0x00, 0x00, 0x00, 0x00, 0x00, 0x00, 0x00, 0x00, 0x00, 0x00, 0x00, 0x00, 0x00, 0x00, 0x00,
    0x00, 0x00, 0x00, 0x00, 0x00, 0x00, 0x00, 0x00, 0x00, 0x00, 0x00, 0x00, 0x00, 0x00, 0x00, 0x00,
    0x00, 0x00, 0x00, 0x00, 0x00, 0x00, 0x00, 0x00, 0x00, 0x00, 0x00, 0x00, 0x00, 0x00, 0x00, 0x00,
    0x00, 0x00, 0x00, 0x00, 0x00, 0x00, 0x00, 0x00, 0x00, 0x00, 0x00, 0x00, 0x00, 0x00, 0x00, 0x00,
    0x00, 0x00, 0x00, 0x00, 0x00, 0x00, 0x00, 0x00, 0x00, 0x00, 0x00, 0x00, 0x00, 0x00, 0x00, 0x00,
    0x00, 0x00, 0x00, 0x00, 0x00, 0x00, 0x00, 0x00, 0x00, 0x00, 0x00, 0x00, 0x00, 0x00, 0x00, 0x00,
    0x00, 0x00, 0x00, 0x00, 0x00, 0x00, 0x00, 0x00, 0x00, 0x00, 0x00, 0x00, 0x00, 0x00, 0x00, 0x00,
    0x00, 0x00, 0x00, 0x00, 0x00, 0x00, 0x00, 0x00, 0x00, 0x00, 0x00, 0x00, 0x00, 0x00, 0x00, 0x00,
    0x00, 0x00, 0x00, 0x00, 0x00, 0x00, 0x00, 0x00, 0x00, 0x00, 0x00, 0x00, 0x00, 0x00, 0x00, 0x00,
    0x00, 0x00, 0x00, 0x00, 0x00, 0x00, 0x00, 0x00, 0x00, 0x00, 0x00, 0x00, 0x00, 0x00, 0x00, 0x00,
    0x00, 0x00, 0x00, 0x00, 0x00, 0x00, 0x00, 0x00, 0x00, 0x00, 0x00, 0x00, 0x00, 0x00, 0x00, 0x00,
    0x00, 0x00, 0x00, 0x00, 0x00, 0x00, 0x00, 0x00, 0x00, 0x00, 0x00, 0x00, 0x00, 0x00, 0x00, 0x00,
    0x00, 0x00, 0x00, 0x00, 0x00, 0x00, 0x00, 0x00, 0x00, 0x00, 0x00, 0x00, 0x00, 0x00, 0x00, 0x00,
    0x00, 0x00, 0x00, 0x00, 0x00, 0x00, 0x00, 0x00, 0x00, 0x00, 0x00, 0x00, 0x00, 0x00, 0x00, 0x00,
    0x00, 0x00, 0x00, 0x00, 0x00, 0x00, 0x00, 0x00, 0x00, 0x00, 0x00, 0x00, 0x00, 0x00, 0x00, 0x00,
    0x00, 0x00, 0x00, 0x00, 0x00, 0x00, 0x00, 0x00, 0x00, 0x00, 0x00, 0x00, 0x00, 0x00, 0x00, 0x00,
    0x00, 0x00, 0x00, 0x00, 0x00, 0x00, 0x00, 0x00, 0x00, 0x00, 0x00, 0x00, 0x00, 0x00, 0x00, 0x00,
    0x00, 0x00, 0x00, 0x00, 0x00, 0x00, 0x00, 0x00, 0x00, 0x00, 0x00, 0x00, 0x00, 0x00, 0x00, 0x00,
    0x00, 0x00, 0x00, 0x00, 0x00, 0x00, 0xAD, 0x75, 0x00, 0x00, 0x32, 0x5B, 0x32, 0x5C, 0x3A, 0x7C,
    0x3A, 0x7C, 0x32, 0x5B, 0x32, 0x3A, 0x32, 0x19, 0x29, 0xD6, 0x00, 0x00, 0x5B, 0x5A, 0x6B, 0xFF,
    0x6B, 0xDF, 0x6B, 0xFF, 0x6B, 0xFF, 0x6C, 0x1F, 0x6C, 0x1F, 0x6C, 0x1F, 0x6B, 0xFF, 0x6C, 0x1F,
    0x74, 0x3F, 0x6C, 0x1F, 0x6B, 0xFF, 0x6C, 0x1F, 0x74, 0x1F, 0x74, 0x3F, 0x74, 0x3F, 0x74, 0x5F,
    0x74, 0x5F, 0x74, 0x3F, 0x74, 0x3F, 0x74, 0x3F, 0x74, 0x3F, 0x6C, 0x1F, 0x6B, 0xFF, 0x6B, 0xFF,
    0x6B, 0xFF, 0x6B, 0xFF, 0x6B, 0xDF, 0x6B, 0xDF, 0x6C, 0x1F, 0x74, 0x3F, 0x74, 0x3F, 0x74, 0x1F,
    0x6C, 0x1F, 0x74, 0x1F, 0x6C, 0x1F, 0x6B, 0xFF, 0x6B, 0xFF, 0x6B, 0xFF, 0x6B, 0xFF, 0x6B, 0xFF,
    0x6B, 0xFF, 0x63, 0xBE, 0x6B, 0xDF, 0x6B, 0xFF, 0x6C, 0x1F, 0x6C, 0x1F, 0x6B, 0xFF, 0x6B, 0xDF,
    0x6B, 0xFF, 0x6B, 0xFF, 0x6B, 0xFF, 0x6C, 0x1F, 0x74, 0x1F, 0x74, 0x3F, 0x74, 0x3F, 0x74, 0x1F,
    0x74, 0x1F, 0x74, 0x3F, 0x74, 0x3F, 0x74, 0x3F, 0x6C, 0x1F, 0x6B, 0xFF, 0x6B, 0xDF, 0x6B, 0xFF,
    0x6B, 0xFF, 0x6B, 0xFF, 0x6B, 0xFF, 0x6B, 0xFF, 0x6B, 0xFF, 0x6B, 0xFF, 0x6B, 0xFF, 0x6C, 0x1F,
    0x74, 0x3F, 0x74, 0x3F, 0x74, 0x3F, 0x74, 0x3F, 0x74, 0x1F, 0x74, 0x3F, 0x74, 0x3F, 0x74, 0x3F,
    0x32, 0x5B, 0x32, 0x3A, 0x32, 0x3A, 0x32, 0x5B, 0x32, 0x5B, 0x32, 0x3A, 0x32, 0x3A, 0x00, 0x00,
    0xAD, 0x55, 0x00, 0x00, 0x00, 0x00, 0x00, 0x00, 0x00, 0x00, 0x00, 0x00, 0x00, 0x00, 0x00, 0x00,
    0x00, 0x00, 0x00, 0x00, 0x00, 0x00, 0x00, 0x00, 0x00, 0x00, 0x00, 0x00, 0x00, 0x00, 0x00, 0x00,
    0x00, 0x00, 0x00, 0x00, 0x00, 0x00, 0x00, 0x00, 0x00, 0x00, 0x00, 0x00, 0x00, 0x00, 0x00, 0x00,
    0x00, 0x00, 0x00, 0x00, 0x00, 0x00, 0x00, 0x00, 0x00, 0x00, 0x00, 0x00, 0x00, 0x00, 0x00, 0x00,
    0x00, 0x00, 0x00, 0x00, 0x00, 0x00, 0x00, 0x00, 0x00, 0x00, 0x00, 0x00, 0x00, 0x00, 0x00, 0x00,
    0x00, 0x00, 0x00, 0x00, 0x00, 0x00, 0x00, 0x00, 0x00, 0x00, 0x00, 0x00, 0x00, 0x00, 0x00, 0x00,
    0x00, 0x00, 0x00, 0x00, 0x00, 0x00, 0x00, 0x00, 0x00, 0x00, 0x00, 0x00, 0x00, 0x00, 0x00, 0x00,
    0x00, 0x00, 0x00, 0x00, 0x00, 0x00, 0x00, 0x00, 0x00, 0x00, 0x00, 0x00, 0x00, 0x00, 0x00, 0x00,
    0x00, 0x00, 0x00, 0x00, 0x00, 0x00, 0x00, 0x00, 0x00, 0x00, 0x00, 0x00, 0x00, 0x00, 0x00, 0x00,
    0x00, 0x00, 0x00, 0x00, 0x00, 0x00, 0x00, 0x00, 0x00, 0x00, 0x00, 0x00, 0x00, 0x00, 0x00, 0x00,
    0x00, 0x00, 0x00, 0x00, 0x00, 0x00, 0x00, 0x00, 0x00, 0x00, 0x00, 0x00, 0x00, 0x00, 0x00, 0x00,
    0x00, 0x00, 0x00, 0x00, 0x00, 0x00, 0x00, 0x00, 0x00, 0x00, 0x00, 0x00, 0x00, 0x00, 0x00, 0x00,
    0x00, 0x00, 0x00, 0x00, 0x00, 0x00, 0x00, 0x00, 0x00, 0x00, 0x00, 0x00, 0x00, 0x00, 0x00, 0x00,
    0x00, 0x00, 0x00, 0x00, 0x00, 0x00, 0x00, 0x00, 0x00, 0x00, 0x00, 0x00, 0x00, 0x00, 0x00, 0x00,
    0x00, 0x00, 0x00, 0x00, 0x00, 0x00, 0x00, 0x00, 0x00, 0x00, 0x00, 0x00, 0x00, 0x00, 0x00, 0x00,
    0x00, 0x00, 0x00, 0x00, 0x00, 0x00, 0x00, 0x00, 0x00, 0x00, 0x00, 0x00, 0x00, 0x00, 0x00, 0x00,
    0x00, 0x00, 0x00, 0x00, 0x00, 0x00, 0x00, 0x00, 0x00, 0x00, 0x00, 0x00, 0x00, 0x00, 0x00, 0x00,
    0x00, 0x00, 0x00, 0x00, 0x00, 0x00, 0x00, 0x00, 0x00, 0x00, 0x00, 0x00, 0x00, 0x00, 0x00, 0x00,
    0x00, 0x00, 0x00, 0x00, 0x00, 0x00, 0x00, 0x00, 0x00, 0x00, 0x00, 0x00, 0x00, 0x00, 0x00, 0x00,
    0x00, 0x00, 0x00, 0x00, 0x00, 0x00, 0x00, 0x00, 0x00, 0x00, 0x00, 0x00, 0x00, 0x00, 0x00, 0x00,
    0x00, 0x00, 0x00, 0x00, 0x00, 0x00, 0x00, 0x00, 0x00, 0x00, 0x00, 0x00, 0x00, 0x00, 0x00, 0x00,
    0x00, 0x00, 0x00, 0x00, 0x00, 0x00, 0x00, 0x00, 0x00, 0x00, 0x00, 0x00, 0x00, 0x00, 0x00, 0x00,
    0x00, 0x00, 0x00, 0x00, 0x00, 0x00, 0x00, 0x00, 0x00, 0x00, 0x00, 0x00, 0x00, 0x00, 0x00, 0x00,
    0x00, 0x00, 0x00, 0x00, 0x00, 0x00, 0x00, 0x00, 0x00, 0x00, 0x00, 0x00, 0x00, 0x00, 0x00, 0x00,
    0x00, 0x00, 0x00, 0x00, 0x00, 0x00, 0x00, 0x00, 0x00, 0x00, 0x00, 0x00, 0x00, 0x00, 0x00, 0x00,
    0x00, 0x00, 0x00, 0x00, 0x00, 0x00, 0x00, 0x00, 0x00, 0x00, 0x00, 0x00, 0x00, 0x00, 0x00, 0x00,
    0x00, 0x00, 0x00, 0x00, 0x00, 0x00, 0x00, 0x00, 0x00, 0x00, 0x00, 0x00, 0x00, 0x00, 0x00, 0x00,
    0x00, 0x00, 0x00, 0x00, 0x00, 0x00, 0xAD, 0x75, 0x00, 0x00, 0x3A, 0x7C, 0x3A, 0x7B, 0x32, 0x5C,
    0x32, 0x5B, 0x32, 0x19, 0x32, 0x18, 0x32, 0x18, 0x29, 0xD6, 0x00, 0x00, 0x5B, 0x7A, 0x74, 0x3F,
    0x6C, 0x1F, 0x6C, 0x1F, 0x6C, 0x1F, 0x6B, 0xFF, 0x6B, 0xFF, 0x6B, 0xFF, 0x6B, 0xFF, 0x6C, 0x1F,
    0x74, 0x3F, 0x74, 0x3F, 0x6C, 0x1F, 0x74, 0x3F, 0x74, 0x3F, 0x74, 0x5F, 0x74, 0x5F, 0x74, 0x5F,
    0x74, 0x5F, 0x74, 0x5F, 0x74, 0x5F, 0x74, 0x3F, 0x6C, 0x1F, 0x6B, 0xFF, 0x6B, 0xFF, 0x6B, 0xDF,
    0x6B, 0xFF, 0x6B, 0xFF, 0x6C, 0x1F, 0x6C, 0x1F, 0x74, 0x3F, 0x74, 0x3F, 0x74, 0x1F, 0x6C, 0x1F,
    0x74, 0x1F, 0x74, 0x3F, 0x74, 0x3F, 0x74, 0x1F, 0x74, 0x1F, 0x74, 0x3F, 0x74, 0x1F, 0x6C, 0x1F,
    0x74, 0x1F, 0x6C, 0x1F, 0x6C, 0x1F, 0x6C, 0x1F, 0x74, 0x3F, 0x6C, 0x1F, 0x6C, 0x1F, 0x6C, 0x1F,
    0x74, 0x3F, 0x74, 0x3F, 0x74, 0x5F, 0x74, 0x3F, 0x74, 0x3F, 0x74, 0x3F, 0x74, 0x5F, 0x74, 0x5F,
    0x74, 0x3F, 0x74, 0x5F, 0x74, 0x5F, 0x74, 0x3F, 0x74, 0x1F, 0x6B, 0xFF, 0x6B, 0xFF, 0x6C, 0x1F,
    0x6C, 0x1F, 0x6C, 0x1F, 0x6B, 0xFF, 0x6C, 0x1F, 0x6C, 0x1F, 0x74, 0x3F, 0x74, 0x3F, 0x74, 0x3F,
    0x74, 0x3F, 0x74, 0x3F, 0x74, 0x3F, 0x74, 0x3F, 0x74, 0x3F, 0x74, 0x3F, 0x74, 0x3F, 0x74, 0x3F,
    0x32, 0x5B, 0x3A, 0x7B, 0x32, 0x5B, 0x3A, 0x7B, 0x32, 0x5B, 0x32, 0x5B, 0x32, 0x5A, 0x00, 0x00,
    0xAD, 0x55, 0x00, 0x00, 0x00, 0x00, 0x00, 0x00, 0x00, 0x00, 0x00, 0x00, 0x00, 0x00, 0x00, 0x00,
    0x00, 0x00, 0x00, 0x00, 0x00, 0x00, 0x00, 0x00, 0x00, 0x00, 0x00, 0x00, 0x00, 0x00, 0x00, 0x00,
    0x00, 0x00, 0x00, 0x00, 0x00, 0x00, 0x00, 0x00, 0x00, 0x00, 0x00, 0x00, 0x00, 0x00, 0x00, 0x00,
    0x00, 0x00, 0x00, 0x00, 0x00, 0x00, 0x00, 0x00, 0x00, 0x00, 0x00, 0x00, 0x00, 0x00, 0x00, 0x00,
    0x00, 0x00, 0x00, 0x00, 0x00, 0x00, 0x00, 0x00, 0x00, 0x00, 0x00, 0x00, 0x00, 0x00, 0x00, 0x00,
    0x00, 0x00, 0x00, 0x00, 0x00, 0x00, 0x00, 0x00, 0x00, 0x00, 0x00, 0x00, 0x00, 0x00, 0x00, 0x00,
    0x00, 0x00, 0x00, 0x00, 0x00, 0x00, 0x00, 0x00, 0x00, 0x00, 0x00, 0x00, 0x00, 0x00, 0x00, 0x00,
    0x00, 0x00, 0x00, 0x00, 0x00, 0x00, 0x00, 0x00, 0x00, 0x00, 0x00, 0x00, 0x00, 0x00, 0x00, 0x00,
    0x00, 0x00, 0x00, 0x00, 0x00, 0x00, 0x00, 0x00, 0x00, 0x00, 0x00, 0x00, 0x00, 0x00, 0x00, 0x00,
    0x00, 0x00, 0x00, 0x00, 0x00, 0x00, 0x00, 0x00, 0x00, 0x00, 0x00, 0x00, 0x00, 0x00, 0x00, 0x00,
    0x00, 0x00, 0x00, 0x00, 0x00, 0x00, 0x00, 0x00, 0x00, 0x00, 0x00, 0x00, 0x00, 0x00, 0x00, 0x00,
    0x00, 0x00, 0x00, 0x00, 0x00, 0x00, 0x00, 0x00, 0x00, 0x00, 0x00, 0x00, 0x00, 0x00, 0x00, 0x00,
    0x00, 0x00, 0x00, 0x00, 0x00, 0x00, 0x00, 0x00, 0x00, 0x00, 0x00, 0x00, 0x00, 0x00, 0x00, 0x00,
    0x00, 0x00, 0x00, 0x00, 0x00, 0x00, 0x00, 0x00, 0x00, 0x00, 0x00, 0x00, 0x00, 0x00, 0x00, 0x00,
    0x00, 0x00, 0x00, 0x00, 0x00, 0x00, 0x00, 0x00, 0x00, 0x00, 0x00, 0x00, 0x00, 0x00, 0x00, 0x00,
    0x00, 0x00, 0x00, 0x00, 0x00, 0x00, 0x00, 0x00, 0x00, 0x00, 0x00, 0x00, 0x00, 0x00, 0x00, 0x00,
    0x00, 0x00, 0x00, 0x00, 0x00, 0x00, 0x00, 0x00, 0x00, 0x00, 0x00, 0x00, 0x00, 0x00, 0x00, 0x00,
    0x00, 0x00, 0x00, 0x00, 0x00, 0x00, 0x00, 0x00, 0x00, 0x00, 0x00, 0x00, 0x00, 0x00, 0x00, 0x00,
    0x00, 0x00, 0x00, 0x00, 0x00, 0x00, 0x00, 0x00, 0x00, 0x00, 0x00, 0x00, 0x00, 0x00, 0x00, 0x00,
    0x00, 0x00, 0x00, 0x00, 0x00, 0x00, 0x00, 0x00, 0x00, 0x00, 0x00, 0x00, 0x00, 0x00, 0x00, 0x00,
    0x00, 0x00, 0x00, 0x00, 0x00, 0x00, 0x00, 0x00, 0x00, 0x00, 0x00, 0x00, 0x00, 0x00, 0x00, 0x00,
    0x00, 0x00, 0x00, 0x00, 0x00, 0x00, 0x00, 0x00, 0x00, 0x00, 0x00, 0x00, 0x00, 0x00, 0x00, 0x00,
    0x00, 0x00, 0x00, 0x00, 0x00, 0x00, 0x00, 0x00, 0x00, 0x00, 0x00, 0x00, 0x00, 0x00, 0x00, 0x00,
    0x00, 0x00, 0x00, 0x00, 0x00, 0x00, 0x00, 0x00, 0x00, 0x00, 0x00, 0x00, 0x00, 0x00, 0x00, 0x00,
    0x00, 0x00, 0x00, 0x00, 0x00, 0x00, 0x00, 0x00, 0x00, 0x00, 0x00, 0x00, 0x00, 0x00, 0x00, 0x00,
    0x00, 0x00, 0x00, 0x00, 0x00, 0x00, 0x00, 0x00, 0x00, 0x00, 0x00, 0x00, 0x00, 0x00, 0x00, 0x00,
    0x00, 0x00, 0x00, 0x00, 0x00, 0x00, 0x00, 0x00, 0x00, 0x00, 0x00, 0x00, 0x00, 0x00, 0x00, 0x00,
    0x00, 0x00, 0x00, 0x00, 0x00, 0x00, 0xAD, 0x75, 0x00, 0x00, 0x32, 0x59, 0x32, 0x38, 0x32, 0x39,
    0x32, 0x38, 0x32, 0x18, 0x32, 0x38, 0x32, 0x39, 0x29, 0xF6, 0x00, 0x00, 0x5B, 0x7A, 0x74, 0x3F,
    0x74, 0x3F, 0x74, 0x3F, 0x74, 0x3F, 0x6C, 0x1F, 0x6C, 0x1F, 0x6C, 0x1F, 0x6C, 0x1F, 0x6C, 0x1F,
    0x74, 0x3F, 0x74, 0x3F, 0x74, 0x3F, 0x74, 0x5F, 0x74, 0x5F, 0x74, 0x5F, 0x74, 0x5F, 0x74, 0x5F,
    0x74, 0x3F, 0x74, 0x1F, 0x6C, 0x1F, 0x6C, 0x1F, 0x6B, 0xFF, 0x6B, 0xFF, 0x6B, 0xFF, 0x6B, 0xFF,
    0x6C, 0x1F, 0x6C, 0x1F, 0x74, 0x3F, 0x74, 0x5F, 0x74, 0x5F, 0x74, 0x3F, 0x74, 0x1F, 0x74, 0x1F,
    0x74, 0x5F, 0x7C, 0x5F, 0x7C, 0x5F, 0x74, 0x5F, 0x7C, 0x5F, 0x74, 0x5F, 0x74, 0x5F, 0x74, 0x3F,
    0x74, 0x3F, 0x74, 0x3F, 0x74, 0x5F, 0x74, 0x3F, 0x6C, 0x1F, 0x74, 0x1F, 0x6C, 0x1F, 0x74, 0x3F,
    0x74, 0x3F, 0x74, 0x5F, 0x74, 0x5F, 0x74, 0x5F, 0x74, 0x5F, 0x7C, 0x5F, 0x7C, 0x7F, 0x7C, 0x5F,
    0x74, 0x5F, 0x74, 0x5F, 0x74, 0x5F, 0x74, 0x3F, 0x74, 0x3F, 0x74, 0x3F, 0x74, 0x1F, 0x6C, 0x1F,
    0x6C, 0x1F, 0x6C, 0x1F, 0x6C, 0x1F, 0x6C, 0x1F, 0x74, 0x3F, 0x74, 0x3F, 0x74, 0x5F, 0x74, 0x5F,
    0x74, 0x3F, 0x74, 0x5F, 0x74, 0x5F, 0x74, 0x3F, 0x74, 0x3F, 0x74, 0x3F, 0x74, 0x3F, 0x74, 0x3F,
    0x3A, 0x7B, 0x3A, 0x7B, 0x3A, 0x5B, 0x32, 0x5A, 0x32, 0x5A, 0x32, 0x5B, 0x3A, 0x7B, 0x00, 0x00,
    0xAD, 0x55, 0x00, 0x00, 0x00, 0x00, 0x00, 0x00, 0x00, 0x00, 0x00, 0x00, 0x00, 0x00, 0x00, 0x00,
    0x00, 0x00, 0x00, 0x00, 0x00, 0x00, 0x00, 0x00, 0x00, 0x00, 0x00, 0x00, 0x00, 0x00, 0x00, 0x00,
    0x00, 0x00, 0x00, 0x00, 0x00, 0x00, 0x00, 0x00, 0x00, 0x00, 0x00, 0x00, 0x00, 0x00, 0x00, 0x00,
    0x00, 0x00, 0x00, 0x00, 0x00, 0x00, 0x00, 0x00, 0x00, 0x00, 0x00, 0x00, 0x00, 0x00, 0x00, 0x00,
    0x00, 0x00, 0x00, 0x00, 0x00, 0x00, 0x00, 0x00, 0x00, 0x00, 0x00, 0x00, 0x00, 0x00, 0x00, 0x00,
    0x00, 0x00, 0x00, 0x00, 0x00, 0x00, 0x00, 0x00, 0x00, 0x00, 0x00, 0x00, 0x00, 0x00, 0x00, 0x00,
    0x00, 0x00, 0x00, 0x00, 0x00, 0x00, 0x00, 0x00, 0x00, 0x00, 0x00, 0x00, 0x00, 0x00, 0x00, 0x00,
    0x00, 0x00, 0x00, 0x00, 0x00, 0x00, 0x00, 0x00, 0x00, 0x00, 0x00, 0x00, 0x00, 0x00, 0x00, 0x00,
    0x00, 0x00, 0x00, 0x00, 0x00, 0x00, 0x00, 0x00, 0x00, 0x00, 0x00, 0x00, 0x00, 0x00, 0x00, 0x00,
    0x00, 0x00, 0x00, 0x00, 0x00, 0x00, 0x00, 0x00, 0x00, 0x00, 0x00, 0x00, 0x00, 0x00, 0x00, 0x00,
    0x00, 0x00, 0x00, 0x00, 0x00, 0x00, 0x00, 0x00, 0x00, 0x00, 0x00, 0x00, 0x00, 0x00, 0x00, 0x00,
    0x00, 0x00, 0x00, 0x00, 0x00, 0x00, 0x00, 0x00, 0x00, 0x00, 0x00, 0x00, 0x00, 0x00, 0x00, 0x00,
    0x00, 0x00, 0x00, 0x00, 0x00, 0x00, 0x00, 0x00, 0x00, 0x00, 0x00, 0x00, 0x00, 0x00, 0x00, 0x00,
    0x00, 0x00, 0x00, 0x00, 0x00, 0x00, 0x00, 0x00, 0x00, 0x00, 0x00, 0x00, 0x00, 0x00, 0x00, 0x00,
    0x00, 0x00, 0x00, 0x00, 0x00, 0x00, 0x00, 0x00, 0x00, 0x00, 0x00, 0x00, 0x00, 0x00, 0x00, 0x00,
    0x00, 0x00, 0x00, 0x00, 0x00, 0x00, 0x00, 0x00, 0x00, 0x00, 0x00, 0x00, 0x00, 0x00, 0x00, 0x00,
    0x00, 0x00, 0x00, 0x00, 0x00, 0x00, 0x00, 0x00, 0x00, 0x00, 0x00, 0x00, 0x00, 0x00, 0x00, 0x00,
    0x00, 0x00, 0x00, 0x00, 0x00, 0x00, 0x00, 0x00, 0x00, 0x00, 0x00, 0x00, 0x00, 0x00, 0x00, 0x00,
    0x00, 0x00, 0x00, 0x00, 0x00, 0x00, 0x00, 0x00, 0x00, 0x00, 0x00, 0x00, 0x00, 0x00, 0x00, 0x00,
    0x00, 0x00, 0x00, 0x00, 0x00, 0x00, 0x00, 0x00, 0x00, 0x00, 0x00, 0x00, 0x00, 0x00, 0x00, 0x00,
    0x00, 0x00, 0x00, 0x00, 0x00, 0x00, 0x00, 0x00, 0x00, 0x00, 0x00, 0x00, 0x00, 0x00, 0x00, 0x00,
    0x00, 0x00, 0x00, 0x00, 0x00, 0x00, 0x00, 0x00, 0x00, 0x00, 0x00, 0x00, 0x00, 0x00, 0x00, 0x00,
    0x00, 0x00, 0x00, 0x00, 0x00, 0x00, 0x00, 0x00, 0x00, 0x00, 0x00, 0x00, 0x00, 0x00, 0x00, 0x00,
    0x00, 0x00, 0x00, 0x00, 0x00, 0x00, 0x00, 0x00, 0x00, 0x00, 0x00, 0x00, 0x00, 0x00, 0x00, 0x00,
    0x00, 0x00, 0x00, 0x00, 0x00, 0x00, 0x00, 0x00, 0x00, 0x00, 0x00, 0x00, 0x00, 0x00, 0x00, 0x00,
    0x00, 0x00, 0x00, 0x00, 0x00, 0x00, 0x00, 0x00, 0x00, 0x00, 0x00, 0x00, 0x00, 0x00, 0x00, 0x00,
    0x00, 0x00, 0x00, 0x00, 0x00, 0x00, 0x00, 0x00, 0x00, 0x00, 0x00, 0x00, 0x00, 0x00, 0x00, 0x00,
    0x00, 0x00, 0x00, 0x00, 0x00, 0x00, 0xAD, 0x75, 0x00, 0x00, 0x32, 0x39, 0x32, 0x38, 0x32, 0x39,
    0x32, 0x59, 0x32, 0x5A, 0x3A, 0x7B, 0x3A, 0x7B, 0x29, 0xF6, 0x00, 0x00, 0x5B, 0x7A, 0x74, 0x3F,
    0x74, 0x3F, 0x74, 0x3F, 0x74, 0x3F, 0x74, 0x3F, 0x74, 0x3F, 0x74, 0x3F, 0x74, 0x3F, 0x74, 0x3F,
    0x74, 0x3F, 0x74, 0x3F, 0x74, 0x5F, 0x74, 0x5F, 0x74, 0x3F, 0x74, 0x3F, 0x74, 0x3F, 0x74, 0x3F,
    0x74, 0x3F, 0x74, 0x1F, 0x6B, 0xFF, 0x6C, 0x1F, 0x74, 0x1F, 0x74, 0x3F, 0x74, 0x3F, 0x74, 0x3F,
    0x74, 0x3F, 0x74, 0x3F, 0x74, 0x5F, 0x74, 0x5F, 0x74, 0x3F, 0x6C, 0x1F, 0x74, 0x3F, 0x74, 0x5F,
    0x7C, 0x7F, 0x7C, 0x7F, 0x7C, 0x7F, 0x7C, 0x7F, 0x7C, 0x7F, 0x7C, 0x7F, 0x74, 0x5F, 0x74, 0x3F,
    0x74, 0x3F, 0x74, 0x5F, 0x74, 0x3F, 0x74, 0x3F, 0x6C, 0x1F, 0x6C, 0x1F, 0x6C, 0x1F, 0x6C, 0x1F,
    0x74, 0x3F, 0x74, 0x3F, 0x74, 0x3F, 0x74, 0x5F, 0x74, 0x5F, 0x7C, 0x5F, 0x7C, 0x7F, 0x7C, 0x5F,
    0x7C, 0x5F, 0x7C, 0x7F, 0x74, 0x5F, 0x74, 0x3F, 0x74, 0x3F, 0x74, 0x3F, 0x74, 0x1F, 0x74, 0x1F,
    0x74, 0x3F, 0x74, 0x3F, 0x74, 0x1F, 0x74, 0x3F, 0x74, 0x3F, 0x74, 0x3F, 0x74, 0x3F, 0x74, 0x5F,
    0x74, 0x5F, 0x74, 0x5F, 0x7C, 0x5F, 0x7C, 0x7F, 0x74, 0x5F, 0x74, 0x5F, 0x74, 0x5F, 0x74, 0x3F,
    0x3A, 0x7B, 0x3A, 0x7B, 0x3A, 0x7B, 0x32, 0x5A, 0x32, 0x5A, 0x3A, 0x7B, 0x3A, 0x7B, 0x00, 0x00,
    0xAD, 0x55, 0x00, 0x00, 0x00, 0x00, 0x00, 0x00, 0x00, 0x00, 0x00, 0x00, 0x00, 0x00, 0x00, 0x00,
    0x00, 0x00, 0x00, 0x00, 0x00, 0x00, 0x00, 0x00, 0x00, 0x00, 0x00, 0x00, 0x00, 0x00, 0x00, 0x00,
    0x00, 0x00, 0x00, 0x00, 0x00, 0x00, 0x00, 0x00, 0x00, 0x00, 0x00, 0x00, 0x00, 0x00, 0x00, 0x00,
    0x00, 0x00, 0x00, 0x00, 0x00, 0x00, 0x00, 0x00, 0x00, 0x00, 0x00, 0x00, 0x00, 0x00, 0x00, 0x00,
    0x00, 0x00, 0x00, 0x00, 0x00, 0x00, 0x00, 0x00, 0x00, 0x00, 0x00, 0x00, 0x00, 0x00, 0x00, 0x00,
    0x00, 0x00, 0x00, 0x00, 0x00, 0x00, 0x00, 0x00, 0x00, 0x00, 0x00, 0x00, 0x00, 0x00, 0x00, 0x00,
    0x00, 0x00, 0x00, 0x00, 0x00, 0x00, 0x00, 0x00, 0x00, 0x00, 0x00, 0x00, 0x00, 0x00, 0x00, 0x00,
    0x00, 0x00, 0x00, 0x00, 0x00, 0x00, 0x00, 0x00, 0x00, 0x00, 0x00, 0x00, 0x00, 0x00, 0x00, 0x00,
    0x00, 0x00, 0x00, 0x00, 0x00, 0x00, 0x00, 0x00, 0x00, 0x00, 0x00, 0x00, 0x00, 0x00, 0x00, 0x00,
    0x00, 0x00, 0x00, 0x00, 0x00, 0x00, 0x00, 0x00, 0x00, 0x00, 0x00, 0x00, 0x00, 0x00, 0x00, 0x00,
    0x00, 0x00, 0x00, 0x00, 0x00, 0x00, 0x00, 0x00, 0x00, 0x00, 0x00, 0x00, 0x00, 0x00, 0x00, 0x00,
    0x00, 0x00, 0x00, 0x00, 0x00, 0x00, 0x00, 0x00, 0x00, 0x00, 0x00, 0x00, 0x00, 0x00, 0x00, 0x00,
    0x00, 0x00, 0x00, 0x00, 0x00, 0x00, 0x00, 0x00, 0x00, 0x00, 0x00, 0x00, 0x00, 0x00, 0x00, 0x00,
    0x00, 0x00, 0x00, 0x00, 0x00, 0x00, 0x00, 0x00, 0x00, 0x00, 0x00, 0x00, 0x00, 0x00, 0x00, 0x00,
    0x00, 0x00, 0x00, 0x00, 0x00, 0x00, 0x00, 0x00, 0x00, 0x00, 0x00, 0x00, 0x00, 0x00, 0x00, 0x00,
    0x00, 0x00, 0x00, 0x00, 0x00, 0x00, 0x00, 0x00, 0x00, 0x00, 0x00, 0x00, 0x00, 0x00, 0x00, 0x00,
    0x00, 0x00, 0x00, 0x00, 0x00, 0x00, 0x00, 0x00, 0x00, 0x00, 0x00, 0x00, 0x00, 0x00, 0x00, 0x00,
    0x00, 0x00, 0x00, 0x00, 0x00, 0x00, 0x00, 0x00, 0x00, 0x00, 0x00, 0x00, 0x00, 0x00, 0x00, 0x00,
    0x00, 0x00, 0x00, 0x00, 0x00, 0x00, 0x00, 0x00, 0x00, 0x00, 0x00, 0x00, 0x00, 0x00, 0x00, 0x00,
    0x00, 0x00, 0x00, 0x00, 0x00, 0x00, 0x00, 0x00, 0x00, 0x00, 0x00, 0x00, 0x00, 0x00, 0x00, 0x00,
    0x00, 0x00, 0x00, 0x00, 0x00, 0x00, 0x00, 0x00, 0x00, 0x00, 0x00, 0x00, 0x00, 0x00, 0x00, 0x00,
    0x00, 0x00, 0x00, 0x00, 0x00, 0x00, 0x00, 0x00, 0x00, 0x00, 0x00, 0x00, 0x00, 0x00, 0x00, 0x00,
    0x00, 0x00, 0x00, 0x00, 0x00, 0x00, 0x00, 0x00, 0x00, 0x00, 0x00, 0x00, 0x00, 0x00, 0x00, 0x00,
    0x00, 0x00, 0x00, 0x00, 0x00, 0x00, 0x00, 0x00, 0x00, 0x00, 0x00, 0x00, 0x00, 0x00, 0x00, 0x00,
    0x00, 0x00, 0x00, 0x00, 0x00, 0x00, 0x00, 0x00, 0x00, 0x00, 0x00, 0x00, 0x00, 0x00, 0x00, 0x00,
    0x00, 0x00, 0x00, 0x00, 0x00, 0x00, 0x00, 0x00, 0x00, 0x00, 0x00, 0x00, 0x00, 0x00, 0x00, 0x00,
    0x00, 0x00, 0x00, 0x00, 0x00, 0x00, 0x00, 0x00, 0x00, 0x00, 0x00, 0x00, 0x00, 0x00, 0x00, 0x00,
    0x00, 0x00, 0x00, 0x00, 0x00, 0x00, 0xAD, 0x75, 0x00, 0x00, 0x3A, 0x5A, 0x3A, 0x5A, 0x3A, 0x7B,
    0x3A, 0x7C, 0x3A, 0x7C, 0x3A, 0x9C, 0x3A, 0x7C, 0x29, 0xF6, 0x00, 0x00, 0x63, 0x7A, 0x74, 0x3F,
    0x74, 0x3F, 0x74, 0x3F, 0x74, 0x3F, 0x74, 0x3F, 0x74, 0x3F, 0x74, 0x3F, 0x74, 0x3F, 0x74, 0x3F,
    0x74, 0x5F, 0x74, 0x5F, 0x74, 0x5F, 0x74, 0x3F, 0x74, 0x1F, 0x74, 0x5F, 0x7C, 0x5F, 0x74, 0x5F,
    0x74, 0x5F, 0x74, 0x3F, 0x74, 0x3F, 0x74, 0x5F, 0x74, 0x5F, 0x74, 0x5F, 0x74, 0x5F, 0x74, 0x5F,
    0x74, 0x5F, 0x74, 0x5F, 0x74, 0x5F, 0x74, 0x3F, 0x74, 0x3F, 0x74, 0x3F, 0x74, 0x5F, 0x7C, 0x7F,
    0x7C, 0x7F, 0x7C, 0x7F, 0x7C, 0x7F, 0x7C, 0x7F, 0x7C, 0x9F, 0x7C, 0x7F, 0x7C, 0x5F, 0x74, 0x3F,
    0x74, 0x3F, 0x74, 0x5F, 0x74, 0x5F, 0x74, 0x1F, 0x6C, 0x1F, 0x74, 0x3F, 0x74, 0x3F, 0x74, 0x3F,
    0x74, 0x5F, 0x7C, 0x5F, 0x74, 0x5F, 0x74, 0x5F, 0x74, 0x3F, 0x74, 0x5F, 0x7C, 0x7F, 0x7C, 0x7F,
    0x7C, 0x5F, 0x7C, 0x5F, 0x74, 0x3F, 0x74, 0x3F, 0x74, 0x3F, 0x74, 0x1F, 0x6C, 0x1F, 0x74, 0x1F,
    0x74, 0x3F, 0x74, 0x3F, 0x74, 0x3F, 0x74, 0x3F, 0x74, 0x3F, 0x74, 0x5F, 0x74, 0x5F, 0x74, 0x3F,
    0x74, 0x5F, 0x74, 0x5F, 0x7C, 0x7F, 0x7C, 0x7F, 0x7C, 0x7F, 0x7C, 0x5F, 0x74, 0x5F, 0x74, 0x5F,
    0x3A, 0x7B, 0x3A, 0x7B, 0x3A, 0x7B, 0x3A, 0x5A, 0x3A, 0x7B, 0x3A, 0x7B, 0x3A, 0x7B, 0x00, 0x00,
    0xAD, 0x55, 0x00, 0x00, 0x00, 0x00, 0x00, 0x00, 0x00, 0x00, 0x00, 0x00, 0x00, 0x00, 0x00, 0x00,
    0x00, 0x00, 0x00, 0x00, 0x00, 0x00, 0x00, 0x00, 0x00, 0x00, 0x00, 0x00, 0x00, 0x00, 0x00, 0x00,
    0x00, 0x00, 0x00, 0x00, 0x00, 0x00, 0x00, 0x00, 0x00, 0x00, 0x00, 0x00, 0x00, 0x00, 0x00, 0x00,
    0x00, 0x00, 0x00, 0x00, 0x00, 0x00, 0x00, 0x00, 0x00, 0x00, 0x00, 0x00, 0x00, 0x00, 0x00, 0x00,
    0x00, 0x00, 0x00, 0x00, 0x00, 0x00, 0x00, 0x00, 0x00, 0x00, 0x00, 0x00, 0x00, 0x00, 0x00, 0x00,
    0x00, 0x00, 0x00, 0x00, 0x00, 0x00, 0x00, 0x00, 0x00, 0x00, 0x00, 0x00, 0x00, 0x00, 0x00, 0x00,
    0x00, 0x00, 0x00, 0x00, 0x00, 0x00, 0x00, 0x00, 0x00, 0x00, 0x00, 0x00, 0x00, 0x00, 0x00, 0x00,
    0x00, 0x00, 0x00, 0x00, 0x00, 0x00, 0x00, 0x00, 0x00, 0x00, 0x00, 0x00, 0x00, 0x00, 0x00, 0x00,
    0x00, 0x00, 0x00, 0x00, 0x00, 0x00, 0x00, 0x00, 0x00, 0x00, 0x00, 0x00, 0x00, 0x00, 0x00, 0x00,
    0x00, 0x00, 0x00, 0x00, 0x00, 0x00, 0x00, 0x00, 0x00, 0x00, 0x00, 0x00, 0x00, 0x00, 0x00, 0x00,
    0x00, 0x00, 0x00, 0x00, 0x00, 0x00, 0x00, 0x00, 0x00, 0x00, 0x00, 0x00, 0x00, 0x00, 0x00, 0x00,
    0x00, 0x00, 0x00, 0x00, 0x00, 0x00, 0x00, 0x00, 0x00, 0x00, 0x00, 0x00, 0x00, 0x00, 0x00, 0x00,
    0x00, 0x00, 0x00, 0x00, 0x00, 0x00, 0x00, 0x00, 0x00, 0x00, 0x00, 0x00, 0x00, 0x00, 0x00, 0x00,
    0x00, 0x00, 0x00, 0x00, 0x00, 0x00, 0x00, 0x00, 0x00, 0x00, 0x00, 0x00, 0x00, 0x00, 0x00, 0x00,
    0x00, 0x00, 0x00, 0x00, 0x00, 0x00, 0x00, 0x00, 0x00, 0x00, 0x00, 0x00, 0x00, 0x00, 0x00, 0x00,
    0x00, 0x00, 0x00, 0x00, 0x00, 0x00, 0x00, 0x00, 0x00, 0x00, 0x00, 0x00, 0x00, 0x00, 0x00, 0x00,
    0x00, 0x00, 0x00, 0x00, 0x00, 0x00, 0x00, 0x00, 0x00, 0x00, 0x00, 0x00, 0x00, 0x00, 0x00, 0x00,
    0x00, 0x00, 0x00, 0x00, 0x00, 0x00, 0x00, 0x00, 0x00, 0x00, 0x00, 0x00, 0x00, 0x00, 0x00, 0x00,
    0x00, 0x00, 0x00, 0x00, 0x00, 0x00, 0x00, 0x00, 0x00, 0x00, 0x00, 0x00, 0x00, 0x00, 0x00, 0x00,
    0x00, 0x00, 0x00, 0x00, 0x00, 0x00, 0x00, 0x00, 0x00, 0x00, 0x00, 0x00, 0x00, 0x00, 0x00, 0x00,
    0x00, 0x00, 0x00, 0x00, 0x00, 0x00, 0x00, 0x00, 0x00, 0x00, 0x00, 0x00, 0x00, 0x00, 0x00, 0x00,
    0x00, 0x00, 0x00, 0x00, 0x00, 0x00, 0x00, 0x00, 0x00, 0x00, 0x00, 0x00, 0x00, 0x00, 0x00, 0x00,
    0x00, 0x00, 0x00, 0x00, 0x00, 0x00, 0x00, 0x00, 0x00, 0x00, 0x00, 0x00, 0x00, 0x00, 0x00, 0x00,
    0x00, 0x00, 0x00, 0x00, 0x00, 0x00, 0x00, 0x00, 0x00, 0x00, 0x00, 0x00, 0x00, 0x00, 0x00, 0x00,
    0x00, 0x00, 0x00, 0x00, 0x00, 0x00, 0x00, 0x00, 0x00, 0x00, 0x00, 0x00, 0x00, 0x00, 0x00, 0x00,
    0x00, 0x00, 0x00, 0x00, 0x00, 0x00, 0x00, 0x00, 0x00, 0x00, 0x00, 0x00, 0x00, 0x00, 0x00, 0x00,
    0x00, 0x00, 0x00, 0x00, 0x00, 0x00, 0x00, 0x00, 0x00, 0x00, 0x00, 0x00, 0x00, 0x00, 0x00, 0x00,
    0x00, 0x00, 0x00, 0x00, 0x00, 0x00, 0xAD, 0x75, 0x00, 0x00, 0x3A, 0x7B, 0x3A, 0x7B, 0x42, 0x9C,
    0x42, 0xBD, 0x42, 0x9C, 0x3A, 0x7C, 0x3A, 0x7B, 0x31, 0xF6, 0x00, 0x00, 0x63, 0x9A, 0x74, 0x5F,
    0x74, 0x3F, 0x74, 0x3F, 0x74, 0x3F, 0x74, 0x3F, 0x74, 0x3F, 0x74, 0x3F, 0x74, 0x1F, 0x74, 0x3F,
    0x74, 0x5F, 0x74, 0x5F, 0x7C, 0x5F, 0x74, 0x5F, 0x74, 0x5F, 0x7C, 0x5F, 0x7C, 0x7F, 0x7C, 0x9F,
    0x7C, 0x7F, 0x7C, 0x7F, 0x7C, 0x5F, 0x7C, 0x7F, 0x7C, 0x7F, 0x7C, 0x7F, 0x74, 0x5F, 0x74, 0x3F,
    0x74, 0x3F, 0x74, 0x5F, 0x74, 0x5F, 0x74, 0x5F, 0x74, 0x3F, 0x7C, 0x5F, 0x7C, 0x9F, 0x7C, 0xBF,
    0x7C, 0x9F, 0x7C, 0x7F, 0x7C, 0x5F, 0x7C, 0x7F, 0x7C, 0x7F, 0x7C, 0x7F, 0x74, 0x3F, 0x74, 0x3F,
    0x74, 0x3F, 0x74, 0x5F, 0x74, 0x3F, 0x74, 0x3F, 0x74, 0x3F, 0x74, 0x5F, 0x74, 0x5F, 0x74, 0x5F,
    0x7C, 0x5F, 0x7C, 0x5F, 0x74, 0x5F, 0x7C, 0x5F, 0x7C, 0x5F, 0x7C, 0x5F, 0x7C, 0x7F, 0x7C, 0x7F,
    0x7C, 0x7F, 0x7C, 0x5F, 0x74, 0x3F, 0x74, 0x1F, 0x74, 0x3F, 0x74, 0x3F, 0x74, 0x3F, 0x74, 0x3F,
    0x74, 0x3F, 0x74, 0x3F, 0x74, 0x3F, 0x74, 0x3F, 0x74, 0x5F, 0x74, 0x5F, 0x74, 0x5F, 0x74, 0x5F,
    0x7C, 0x7F, 0x7C, 0x7F, 0x7C, 0x7F, 0x7C, 0x7F, 0x7C, 0x5F, 0x74, 0x5F, 0x7C, 0x5F, 0x74, 0x5F,
    0x3A, 0x7B, 0x3A, 0x7B, 0x3A, 0x9B, 0x3A, 0x7B, 0x3A, 0x7B, 0x3A, 0x7B, 0x3A, 0x7B, 0x00, 0x00,
    0xAD, 0x55, 0x00, 0x00, 0x00, 0x00, 0x00, 0x00, 0x00, 0x00, 0x00, 0x00, 0x00, 0x00, 0x00, 0x00,
    0x00, 0x00, 0x00, 0x00, 0x00, 0x00, 0x00, 0x00, 0x00, 0x00, 0x00, 0x00, 0x00, 0x00, 0x00, 0x00,
    0x00, 0x00, 0x00, 0x00, 0x00, 0x00, 0x00, 0x00, 0x00, 0x00, 0x00, 0x00, 0x00, 0x00, 0x00, 0x00,
    0x00, 0x00, 0x00, 0x00, 0x00, 0x00, 0x00, 0x00, 0x00, 0x00, 0x00, 0x00, 0x00, 0x00, 0x00, 0x00,
    0x00, 0x00, 0x00, 0x00, 0x00, 0x00, 0x00, 0x00, 0x00, 0x00, 0x00, 0x00, 0x00, 0x00, 0x00, 0x00,
    0x00, 0x00, 0x00, 0x00, 0x00, 0x00, 0x00, 0x00, 0x00, 0x00, 0x00, 0x00, 0x00, 0x00, 0x00, 0x00,
    0x00, 0x00, 0x00, 0x00, 0x00, 0x00, 0x00, 0x00, 0x00, 0x00, 0x00, 0x00, 0x00, 0x00, 0x00, 0x00,
    0x00, 0x00, 0x00, 0x00, 0x00, 0x00, 0x00, 0x00, 0x00, 0x00, 0x00, 0x00, 0x00, 0x00, 0x00, 0x00,
    0x00, 0x00, 0x00, 0x00, 0x00, 0x00, 0x00, 0x00, 0x00, 0x00, 0x00, 0x00, 0x00, 0x00, 0x00, 0x00,
    0x00, 0x00, 0x00, 0x00, 0x00, 0x00, 0x00, 0x00, 0x00, 0x00, 0x00, 0x00, 0x00, 0x00, 0x00, 0x00,
    0x00, 0x00, 0x00, 0x00, 0x00, 0x00, 0x00, 0x00, 0x00, 0x00, 0x00, 0x00, 0x00, 0x00, 0x00, 0x00,
    0x00, 0x00, 0x00, 0x00, 0x00, 0x00, 0x00, 0x00, 0x00, 0x00, 0x00, 0x00, 0x00, 0x00, 0x00, 0x00,
    0x00, 0x00, 0x00, 0x00, 0x00, 0x00, 0x00, 0x00, 0x00, 0x00, 0x00, 0x00, 0x00, 0x00, 0x00, 0x00,
    0x00, 0x00, 0x00, 0x00, 0x00, 0x00, 0x00, 0x00, 0x00, 0x00, 0x00, 0x00, 0x00, 0x00, 0x00, 0x00,
    0x00, 0x00, 0x00, 0x00, 0x00, 0x00, 0x00, 0x00, 0x00, 0x00, 0x00, 0x00, 0x00, 0x00, 0x00, 0x00,
    0x00, 0x00, 0x00, 0x00, 0x00, 0x00, 0x00, 0x00, 0x00, 0x00, 0x00, 0x00, 0x00, 0x00, 0x00, 0x00,
    0x00, 0x00, 0x00, 0x00, 0x00, 0x00, 0x00, 0x00, 0x00, 0x00, 0x00, 0x00, 0x00, 0x00, 0x00, 0x00,
    0x00, 0x00, 0x00, 0x00, 0x00, 0x00, 0x00, 0x00, 0x00, 0x00, 0x00, 0x00, 0x00, 0x00, 0x00, 0x00,
    0x00, 0x00, 0x00, 0x00, 0x00, 0x00, 0x00, 0x00, 0x00, 0x00, 0x00, 0x00, 0x00, 0x00, 0x00, 0x00,
    0x00, 0x00, 0x00, 0x00, 0x00, 0x00, 0x00, 0x00, 0x00, 0x00, 0x00, 0x00, 0x00, 0x00, 0x00, 0x00,
    0x00, 0x00, 0x00, 0x00, 0x00, 0x00, 0x00, 0x00, 0x00, 0x00, 0x00, 0x00, 0x00, 0x00, 0x00, 0x00,
    0x00, 0x00, 0x00, 0x00, 0x00, 0x00, 0x00, 0x00, 0x00, 0x00, 0x00, 0x00, 0x00, 0x00, 0x00, 0x00,
    0x00, 0x00, 0x00, 0x00, 0x00, 0x00, 0x00, 0x00, 0x00, 0x00, 0x00, 0x00, 0x00, 0x00, 0x00, 0x00,
    0x00, 0x00, 0x00, 0x00, 0x00, 0x00, 0x00, 0x00, 0x00, 0x00, 0x00, 0x00, 0x00, 0x00, 0x00, 0x00,
    0x00, 0x00, 0x00, 0x00, 0x00, 0x00, 0x00, 0x00, 0x00, 0x00, 0x00, 0x00, 0x00, 0x00, 0x00, 0x00,
    0x00, 0x00, 0x00, 0x00, 0x00, 0x00, 0x00, 0x00, 0x00, 0x00, 0x00, 0x00, 0x00, 0x00, 0x00, 0x00,
    0x00, 0x00, 0x00, 0x00, 0x00, 0x00, 0x00, 0x00, 0x00, 0x00, 0x00, 0x00, 0x00, 0x00, 0x00, 0x00,
    0x00, 0x00, 0x00, 0x00, 0x00, 0x00, 0xAD, 0x75, 0x00, 0x00, 0x3A, 0x9B, 0x42, 0xBC, 0x42, 0xBD,
    0x42, 0xBD, 0x3A, 0x9B, 0x3A, 0x7B, 0x3A, 0x7B, 0x32, 0x16, 0x00, 0x00, 0x63, 0x9A, 0x7C, 0x5F,
    0x7C, 0x5F, 0x74, 0x5F, 0x74, 0x3F, 0x74, 0x3F, 0x74, 0x3F, 0x74, 0x5F, 0x74, 0x3F, 0x74, 0x3F,
    0x74, 0x5F, 0x7C, 0x7F, 0x7C, 0x7F, 0x7C, 0x7F, 0x7C, 0x7F, 0x7C, 0x9F, 0x84, 0xBF, 0x7C, 0x9F,
    0x7C, 0x7F, 0x7C, 0x7F, 0x7C, 0x9F, 0x7C, 0x9F, 0x7C, 0x7F, 0x7C, 0x5F, 0x74, 0x5F, 0x74, 0x3F,
    0x74, 0x3F, 0x7C, 0x7F, 0x7C, 0x5F, 0x74, 0x3F, 0x74, 0x3F, 0x7C, 0x9F, 0x7C, 0x9F, 0x7C, 0x9F,
    0x7C, 0x7F, 0x7C, 0x7F, 0x7C, 0x7F, 0x7C, 0x9F, 0x7C, 0x7F, 0x7C, 0x5F, 0x74, 0x5F, 0x74, 0x3F,
    0x7C, 0x5F, 0x7C, 0x7F, 0x74, 0x5F, 0x74, 0x3F, 0x74, 0x3F, 0x74, 0x5F, 0x7C, 0x7F, 0x74, 0x5F,
    0x74, 0x5F, 0x74, 0x3F, 0x74, 0x5F, 0x74, 0x5F, 0x7C, 0x5F, 0x7C, 0x5F, 0x7C, 0x7F, 0x7C, 0x7F,
    0x74, 0x5F, 0x74, 0x5F, 0x74, 0x3F, 0x74, 0x5F, 0x7C, 0x5F, 0x7C, 0x5F, 0x74, 0x5F, 0x74, 0x5F,
    0x74, 0x3F, 0x74, 0x3F, 0x74, 0x5F, 0x74, 0x5F, 0x74, 0x5F, 0x7C, 0x5F, 0x7C, 0x7F, 0x7C, 0x7F,
    0x7C, 0x7F, 0x7C, 0x7F, 0x7C, 0x7F, 0x7C, 0x7F, 0x7C, 0x7F, 0x7C, 0x5F, 0x7C, 0x7F, 0x7C, 0x7F,
    0x3A, 0x7B, 0x42, 0x9C, 0x42, 0xBC, 0x42, 0x9C, 0x3A, 0x7B, 0x3A, 0x7B, 0x42, 0x9B, 0x00, 0x00,
    0xAD, 0x55, 0x00, 0x00, 0x00, 0x00, 0x00, 0x00, 0x00, 0x00, 0x00, 0x00, 0x00, 0x00, 0x00, 0x00,
    0x00, 0x00, 0x00, 0x00, 0x00, 0x00, 0x00, 0x00, 0x00, 0x00, 0x00, 0x00, 0x00, 0x00, 0x00, 0x00,
    0x00, 0x00, 0x00, 0x00, 0x00, 0x00, 0x00, 0x00, 0x00, 0x00, 0x00, 0x00, 0x00, 0x00, 0x00, 0x00,
    0x00, 0x00, 0x00, 0x00, 0x00, 0x00, 0x00, 0x00, 0x00, 0x00, 0x00, 0x00, 0x00, 0x00, 0x00, 0x00,
    0x00, 0x00, 0x00, 0x00, 0x00, 0x00, 0x00, 0x00, 0x00, 0x00, 0x00, 0x00, 0x00, 0x00, 0x00, 0x00,
    0x00, 0x00, 0x00, 0x00, 0x00, 0x00, 0x00, 0x00, 0x00, 0x00, 0x00, 0x00, 0x00, 0x00, 0x00, 0x00,
    0x00, 0x00, 0x00, 0x00, 0x00, 0x00, 0x00, 0x00, 0x00, 0x00, 0x00, 0x00, 0x00, 0x00, 0x00, 0x00,
    0x00, 0x00, 0x00, 0x00, 0x00, 0x00, 0x00, 0x00, 0x00, 0x00, 0x00, 0x00, 0x00, 0x00, 0x00, 0x00,
    0x00, 0x00, 0x00, 0x00, 0x00, 0x00, 0x00, 0x00, 0x00, 0x00, 0x00, 0x00, 0x00, 0x00, 0x00, 0x00,
    0x00, 0x00, 0x00, 0x00, 0x00, 0x00, 0x00, 0x00, 0x00, 0x00, 0x00, 0x00, 0x00, 0x00, 0x00, 0x00,
    0x00, 0x00, 0x00, 0x00, 0x00, 0x00, 0x00, 0x00, 0x00, 0x00, 0x00, 0x00, 0x00, 0x00, 0x00, 0x00,
    0x00, 0x00, 0x00, 0x00, 0x00, 0x00, 0x00, 0x00, 0x00, 0x00, 0x00, 0x00, 0x00, 0x00, 0x00, 0x00,
    0x00, 0x00, 0x00, 0x00, 0x00, 0x00, 0x00, 0x00, 0x00, 0x00, 0x00, 0x00, 0x00, 0x00, 0x00, 0x00,
    0x00, 0x00, 0x00, 0x00, 0x00, 0x00, 0x00, 0x00, 0x00, 0x00, 0x00, 0x00, 0x00, 0x00, 0x00, 0x00,
    0x00, 0x00, 0x00, 0x00, 0x00, 0x00, 0x00, 0x00, 0x00, 0x00, 0x00, 0x00, 0x00, 0x00, 0x00, 0x00,
    0x00, 0x00, 0x00, 0x00, 0x00, 0x00, 0x00, 0x00, 0x00, 0x00, 0x00, 0x00, 0x00, 0x00, 0x00, 0x00,
    0x00, 0x00, 0x00, 0x00, 0x00, 0x00, 0x00, 0x00, 0x00, 0x00, 0x00, 0x00, 0x00, 0x00, 0x00, 0x00,
    0x00, 0x00, 0x00, 0x00, 0x00, 0x00, 0x00, 0x00, 0x00, 0x00, 0x00, 0x00, 0x00, 0x00, 0x00, 0x00,
    0x00, 0x00, 0x00, 0x00, 0x00, 0x00, 0x00, 0x00, 0x00, 0x00, 0x00, 0x00, 0x00, 0x00, 0x00, 0x00,
    0x00, 0x00, 0x00, 0x00, 0x00, 0x00, 0x00, 0x00, 0x00, 0x00, 0x00, 0x00, 0x00, 0x00, 0x00, 0x00,
    0x00, 0x00, 0x00, 0x00, 0x00, 0x00, 0x00, 0x00, 0x00, 0x00, 0x00, 0x00, 0x00, 0x00, 0x00, 0x00,
    0x00, 0x00, 0x00, 0x00, 0x00, 0x00, 0x00, 0x00, 0x00, 0x00, 0x00, 0x00, 0x00, 0x00, 0x00, 0x00,
    0x00, 0x00, 0x00, 0x00, 0x00, 0x00, 0x00, 0x00, 0x00, 0x00, 0x00, 0x00, 0x00, 0x00, 0x00, 0x00,
    0x00, 0x00, 0x00, 0x00, 0x00, 0x00, 0x00, 0x00, 0x00, 0x00, 0x00, 0x00, 0x00, 0x00, 0x00, 0x00,
    0x00, 0x00, 0x00, 0x00, 0x00, 0x00, 0x00, 0x00, 0x00, 0x00, 0x00, 0x00, 0x00, 0x00, 0x00, 0x00,
    0x00, 0x00, 0x00, 0x00, 0x00, 0x00, 0x00, 0x00, 0x00, 0x00, 0x00, 0x00, 0x00, 0x00, 0x00, 0x00,
    0x00, 0x00, 0x00, 0x00, 0x00, 0x00, 0x00, 0x00, 0x00, 0x00, 0x00, 0x00, 0x00, 0x00, 0x00, 0x00,
    0x00, 0x00, 0x00, 0x00, 0x00, 0x00, 0xAD, 0x75, 0x00, 0x00, 0x3A, 0x7B, 0x42, 0x9C, 0x42, 0xBC,
    0x3A, 0x9B, 0x3A, 0x7A, 0x3A, 0x7A, 0x3A, 0x7A, 0x32, 0x16, 0x00, 0x00, 0x63, 0x9A, 0x7C, 0x9F,
    0x7C, 0x9F, 0x7C, 0x7F, 0x74, 0x5F, 0x74, 0x5F, 0x74, 0x5F, 0x7C, 0x5F, 0x7C, 0x5F, 0x7C, 0x5F,
    0x7C, 0x7F, 0x7C, 0x9F, 0x7C, 0x7F, 0x7C, 0x9F, 0x7C, 0x9F, 0x84, 0xBF, 0x84, 0xBF, 0x7C, 0x9F,
    0x7C, 0x7F, 0x7C, 0x7F, 0x7C, 0x9F, 0x7C, 0x9F, 0x7C, 0x7F, 0x74, 0x3F, 0x74, 0x3F, 0x74, 0x3F,
    0x74, 0x3F, 0x74, 0x5F, 0x74, 0x3F, 0x74, 0x3F, 0x74, 0x3F, 0x7C, 0x7F, 0x7C, 0x7F, 0x74, 0x5F,
    0x7C, 0x5F, 0x7C, 0x7F, 0x7C, 0x7F, 0x7C, 0x7F, 0x7C, 0x7F, 0x7C, 0x7F, 0x7C, 0x7F, 0x7C, 0x7F,
    0x7C, 0x7F, 0x7C, 0x7F, 0x7C, 0x5F, 0x74, 0x3F, 0x74, 0x5F, 0x7C, 0x5F, 0x7C, 0x5F, 0x74, 0x5F,
    0x74, 0x5F, 0x7C, 0x5F, 0x7C, 0x7F, 0x7C, 0x7F, 0x7C, 0x7F, 0x7C, 0x7F, 0x7C, 0x7F, 0x7C, 0x7F,
    0x7C, 0x7F, 0x7C, 0x5F, 0x7C, 0x7F, 0x7C, 0x7F, 0x7C, 0x9F, 0x7C, 0x9F, 0x7C, 0x5F, 0x74, 0x5F,
    0x74, 0x5F, 0x74, 0x5F, 0x74, 0x5F, 0x7C, 0x5F, 0x7C, 0x7F, 0x7C, 0x9F, 0x7C, 0x9F, 0x7C, 0x9F,
    0x7C, 0x7F, 0x7C, 0x7F, 0x7C, 0x9F, 0x84, 0x9F, 0x7C, 0x7F, 0x7C, 0x7F, 0x7C, 0x7F, 0x7C, 0x7F,
    0x3A, 0x7B, 0x42, 0xBC, 0x42, 0xBC, 0x3A, 0x9B, 0x3A, 0x7A, 0x3A, 0x7B, 0x3A, 0x9B, 0x00, 0x00,
    0xAD, 0x55, 0x00, 0x00, 0x00, 0x00, 0x00, 0x00, 0x00, 0x00, 0x00, 0x00, 0x00, 0x00, 0x00, 0x00,
    0x00, 0x00, 0x00, 0x00, 0x00, 0x00, 0x00, 0x00, 0x00, 0x00, 0x00, 0x00, 0x00, 0x00, 0x00, 0x00,
    0x00, 0x00, 0x00, 0x00, 0x00, 0x00, 0x00, 0x00, 0x00, 0x00, 0x00, 0x00, 0x00, 0x00, 0x00, 0x00,
    0x00, 0x00, 0x00, 0x00, 0x00, 0x00, 0x00, 0x00, 0x00, 0x00, 0x00, 0x00, 0x00, 0x00, 0x00, 0x00,
    0x00, 0x00, 0x00, 0x00, 0x00, 0x00, 0x00, 0x00, 0x00, 0x00, 0x00, 0x00, 0x00, 0x00, 0x00, 0x00,
    0x00, 0x00, 0x00, 0x00, 0x00, 0x00, 0x00, 0x00, 0x00, 0x00, 0x00, 0x00, 0x00, 0x00, 0x00, 0x00,
    0x00, 0x00, 0x00, 0x00, 0x00, 0x00, 0x00, 0x00, 0x00, 0x00, 0x00, 0x00, 0x00, 0x00, 0x00, 0x00,
    0x00, 0x00, 0x00, 0x00, 0x00, 0x00, 0x00, 0x00, 0x00, 0x00, 0x00, 0x00, 0x00, 0x00, 0x00, 0x00,
    0x00, 0x00, 0x00, 0x00, 0x00, 0x00, 0x00, 0x00, 0x00, 0x00, 0x00, 0x00, 0x00, 0x00, 0x00, 0x00,
    0x00, 0x00, 0x00, 0x00, 0x00, 0x00, 0x00, 0x00, 0x00, 0x00, 0x00, 0x00, 0x00, 0x00, 0x00, 0x00,
    0x00, 0x00, 0x00, 0x00, 0x00, 0x00, 0x00, 0x00, 0x00, 0x00, 0x00, 0x00, 0x00, 0x00, 0x00, 0x00,
    0x00, 0x00, 0x00, 0x00, 0x00, 0x00, 0x00, 0x00, 0x00, 0x00, 0x00, 0x00, 0x00, 0x00, 0x00, 0x00,
    0x00, 0x00, 0x00, 0x00, 0x00, 0x00, 0x00, 0x00, 0x00, 0x00, 0x00, 0x00, 0x00, 0x00, 0x00, 0x00,
    0x00, 0x00, 0x00, 0x00, 0x00, 0x00, 0x00, 0x00, 0x00, 0x00, 0x00, 0x00, 0x00, 0x00, 0x00, 0x00,
    0x00, 0x00, 0x00, 0x00, 0x00, 0x00, 0x00, 0x00, 0x00, 0x00, 0x00, 0x00, 0x00, 0x00, 0x00, 0x00,
    0x00, 0x00, 0x00, 0x00, 0x00, 0x00, 0x00, 0x00, 0x00, 0x00, 0x00, 0x00, 0x00, 0x00, 0x00, 0x00,
    0x00, 0x00, 0x00, 0x00, 0x00, 0x00, 0x00, 0x00, 0x00, 0x00, 0x00, 0x00, 0x00, 0x00, 0x00, 0x00,
    0x00, 0x00, 0x00, 0x00, 0x00, 0x00, 0x00, 0x00, 0x00, 0x00, 0x00, 0x00, 0x00, 0x00, 0x00, 0x00,
    0x00, 0x00, 0x00, 0x00, 0x00, 0x00, 0x00, 0x00, 0x00, 0x00, 0x00, 0x00, 0x00, 0x00, 0x00, 0x00,
    0x00, 0x00, 0x00, 0x00, 0x00, 0x00, 0x00, 0x00, 0x00, 0x00, 0x00, 0x00, 0x00, 0x00, 0x00, 0x00,
    0x00, 0x00, 0x00, 0x00, 0x00, 0x00, 0x00, 0x00, 0x00, 0x00, 0x00, 0x00, 0x00, 0x00, 0x00, 0x00,
    0x00, 0x00, 0x00, 0x00, 0x00, 0x00, 0x00, 0x00, 0x00, 0x00, 0x00, 0x00, 0x00, 0x00, 0x00, 0x00,
    0x00, 0x00, 0x00, 0x00, 0x00, 0x00, 0x00, 0x00, 0x00, 0x00, 0x00, 0x00, 0x00, 0x00, 0x00, 0x00,
    0x00, 0x00, 0x00, 0x00, 0x00, 0x00, 0x00, 0x00, 0x00, 0x00, 0x00, 0x00, 0x00, 0x00, 0x00, 0x00,
    0x00, 0x00, 0x00, 0x00, 0x00, 0x00, 0x00, 0x00, 0x00, 0x00, 0x00, 0x00, 0x00, 0x00, 0x00, 0x00,
    0x00, 0x00, 0x00, 0x00, 0x00, 0x00, 0x00, 0x00, 0x00, 0x00, 0x00, 0x00, 0x00, 0x00, 0x00, 0x00,
    0x00, 0x00, 0x00, 0x00, 0x00, 0x00, 0x00, 0x00, 0x00, 0x00, 0x00, 0x00, 0x00, 0x00, 0x00, 0x00,
    0x00, 0x00, 0x00, 0x00, 0x00, 0x00, 0xAD, 0x75, 0x00, 0x00, 0x3A, 0x7A, 0x3A, 0x9A, 0x3A, 0x9A,
    0x3A, 0x79, 0x3A, 0x59, 0x3A, 0x59, 0x3A, 0x59, 0x32, 0x16, 0x00, 0x00, 0x63, 0xBA, 0x7C, 0x9F,
    0x7C, 0x9F, 0x7C, 0x7F, 0x7C, 0x5F, 0x74, 0x5F, 0x7C, 0x5F, 0x7C, 0x7F, 0x7C, 0x7F, 0x7C, 0x7F,
    0x7C, 0x7F, 0x7C, 0x9F, 0x7C, 0x7F, 0x7C, 0x7F, 0x84, 0x9F, 0x84, 0x9F, 0x7C, 0x9F, 0x7C, 0x7F,
    0x7C, 0x5F, 0x7C, 0x5F, 0x7C, 0x7F, 0x7C, 0x5F, 0x74, 0x5F, 0x74, 0x3F, 0x74, 0x3F, 0x74, 0x3F,
    0x74, 0x3F, 0x7C, 0x5F, 0x74, 0x3F, 0x74, 0x3F, 0x7C, 0x5F, 0x7C, 0x7F, 0x7C, 0x7F, 0x7C, 0x5F,
    0x7C, 0x7F, 0x7C, 0x7F, 0x7C, 0x7F, 0x7C, 0x7F, 0x7C, 0x7F, 0x7C, 0x7F, 0x7C, 0x9F, 0x7C, 0x7F,
    0x7C, 0x7F, 0x7C, 0x7F, 0x7C, 0x7F, 0x74, 0x5F, 0x74, 0x5F, 0x7C, 0x5F, 0x7C, 0x5F, 0x7C, 0x5F,
    0x74, 0x5F, 0x7C, 0x7F, 0x7C, 0x9F, 0x84, 0x9F, 0x84, 0xBF, 0x84, 0x9F, 0x84, 0x9F, 0x84, 0x9F,
    0x84, 0x9F, 0x84, 0x9F, 0x7C, 0x9F, 0x7C, 0x9F, 0x7C, 0x7F, 0x7C, 0x7F, 0x7C, 0x5F, 0x7C, 0x7F,
    0x7C, 0x7F, 0x7C, 0x7F, 0x7C, 0x7F, 0x7C, 0x7F, 0x7C, 0x7F, 0x7C, 0x9F, 0x84, 0x9F, 0x7C, 0x9F,
    0x7C, 0x7F, 0x7C, 0x7F, 0x84, 0x9F, 0x84, 0x9F, 0x7C, 0x9F, 0x7C, 0x7F, 0x7C, 0x7F, 0x7C, 0x7F,
    0x3A, 0x7B, 0x3A, 0x9B, 0x3A, 0x7B, 0x3A, 0x7A, 0x3A, 0x59, 0x3A, 0x7B, 0x42, 0x9B, 0x00, 0x00,
    0xAD, 0x55, 0x00, 0x00, 0x00, 0x00, 0x00, 0x00, 0x00, 0x00, 0x00, 0x00, 0x00, 0x00, 0x00, 0x00,
    0x00, 0x00, 0x00, 0x00, 0x00, 0x00, 0x00, 0x00, 0x00, 0x00, 0x00, 0x00, 0x00, 0x00, 0x00, 0x00,
    0x00, 0x00, 0x00, 0x00, 0x00, 0x00, 0x00, 0x00, 0x00, 0x00, 0x00, 0x00, 0x00, 0x00, 0x00, 0x00,
    0x00, 0x00, 0x00, 0x00, 0x00, 0x00, 0x00, 0x00, 0x00, 0x00, 0x00, 0x00, 0x00, 0x00, 0x00, 0x00,
    0x00, 0x00, 0x00, 0x00, 0x00, 0x00, 0x00, 0x00, 0x00, 0x00, 0x00, 0x00, 0x00, 0x00, 0x00, 0x00,
    0x00, 0x00, 0x00, 0x00, 0x00, 0x00, 0x00, 0x00, 0x00, 0x00, 0x00, 0x00, 0x00, 0x00, 0x00, 0x00,
    0x00, 0x00, 0x00, 0x00, 0x00, 0x00, 0x00, 0x00, 0x00, 0x00, 0x00, 0x00, 0x00, 0x00, 0x00, 0x00,
    0x00, 0x00, 0x00, 0x00, 0x00, 0x00, 0x00, 0x00, 0x00, 0x00, 0x00, 0x00, 0x00, 0x00, 0x00, 0x00,
    0x00, 0x00, 0x00, 0x00, 0x00, 0x00, 0x00, 0x00, 0x00, 0x00, 0x00, 0x00, 0x00, 0x00, 0x00, 0x00,
    0x00, 0x00, 0x00, 0x00, 0x00, 0x00, 0x00, 0x00, 0x00, 0x00, 0x00, 0x00, 0x00, 0x00, 0x00, 0x00,
    0x00, 0x00, 0x00, 0x00, 0x00, 0x00, 0x00, 0x00, 0x00, 0x00, 0x00, 0x00, 0x00, 0x00, 0x00, 0x00,
    0x00, 0x00, 0x00, 0x00, 0x00, 0x00, 0x00, 0x00, 0x00, 0x00, 0x00, 0x00, 0x00, 0x00, 0x00, 0x00,
    0x00, 0x00, 0x00, 0x00, 0x00, 0x00, 0x00, 0x00, 0x00, 0x00, 0x00, 0x00, 0x00, 0x00, 0x00, 0x00,
    0x00, 0x00, 0x00, 0x00, 0x00, 0x00, 0x00, 0x00, 0x00, 0x00, 0x00, 0x00, 0x00, 0x00, 0x00, 0x00,
    0x00, 0x00, 0x00, 0x00, 0x00, 0x00, 0x00, 0x00, 0x00, 0x00, 0x00, 0x00, 0x00, 0x00, 0x00, 0x00,
    0x00, 0x00, 0x00, 0x00, 0x00, 0x00, 0x00, 0x00, 0x00, 0x00, 0x00, 0x00, 0x00, 0x00, 0x00, 0x00,
    0x00, 0x00, 0x00, 0x00, 0x00, 0x00, 0x00, 0x00, 0x00, 0x00, 0x00, 0x00, 0x00, 0x00, 0x00, 0x00,
    0x00, 0x00, 0x00, 0x00, 0x00, 0x00, 0x00, 0x00, 0x00, 0x00, 0x00, 0x00, 0x00, 0x00, 0x00, 0x00,
    0x00, 0x00, 0x00, 0x00, 0x00, 0x00, 0x00, 0x00, 0x00, 0x00, 0x00, 0x00, 0x00, 0x00, 0x00, 0x00,
    0x00, 0x00, 0x00, 0x00, 0x00, 0x00, 0x00, 0x00, 0x00, 0x00, 0x00, 0x00, 0x00, 0x00, 0x00, 0x00,
    0x00, 0x00, 0x00, 0x00, 0x00, 0x00, 0x00, 0x00, 0x00, 0x00, 0x00, 0x00, 0x00, 0x00, 0x00, 0x00,
    0x00, 0x00, 0x00, 0x00, 0x00, 0x00, 0x00, 0x00, 0x00, 0x00, 0x00, 0x00, 0x00, 0x00, 0x00, 0x00,
    0x00, 0x00, 0x00, 0x00, 0x00, 0x00, 0x00, 0x00, 0x00, 0x00, 0x00, 0x00, 0x00, 0x00, 0x00, 0x00,
    0x00, 0x00, 0x00, 0x00, 0x00, 0x00, 0x00, 0x00, 0x00, 0x00, 0x00, 0x00, 0x00, 0x00, 0x00, 0x00,
    0x00, 0x00, 0x00, 0x00, 0x00, 0x00, 0x00, 0x00, 0x00, 0x00, 0x00, 0x00, 0x00, 0x00, 0x00, 0x00,
    0x00, 0x00, 0x00, 0x00, 0x00, 0x00, 0x00, 0x00, 0x00, 0x00, 0x00, 0x00, 0x00, 0x00, 0x00, 0x00,
    0x00, 0x00, 0x00, 0x00, 0x00, 0x00, 0x00, 0x00, 0x00, 0x00, 0x00, 0x00, 0x00, 0x00, 0x00, 0x00,
    0x00, 0x00, 0x00, 0x00, 0x00, 0x00, 0xAD, 0x75, 0x00, 0x00, 0x3A, 0x7A, 0x3A, 0x7A, 0x3A, 0x7A,
    0x3A, 0x7A, 0x3A, 0x7A, 0x3A, 0x7A, 0x3A, 0x7A, 0x32, 0x16, 0x00, 0x00, 0x63, 0x9A, 0x7C, 0x7F,
    0x7C, 0x7F, 0x74, 0x3F, 0x74, 0x3F, 0x74, 0x5F, 0x74, 0x5F, 0x7C, 0x5F, 0x74, 0x5F, 0x74, 0x5F,
    0x7C, 0x5F, 0x7C, 0x7F, 0x7C, 0x7F, 0x7C, 0x9F, 0x7C, 0x9F, 0x7C, 0x9F, 0x7C, 0x7F, 0x7C, 0x5F,
    0x74, 0x5F, 0x7C, 0x7F, 0x7C, 0x5F, 0x74, 0x5F, 0x74, 0x5F, 0x74, 0x3F, 0x74, 0x3F, 0x74, 0x3F,
    0x74, 0x5F, 0x74, 0x5F, 0x74, 0x5F, 0x7C, 0x5F, 0x7C, 0x7F, 0x7C, 0x7F, 0x7C, 0x7F, 0x74, 0x5F,
    0x7C, 0x7F, 0x7C, 0x7F, 0x7C, 0x9F, 0x7C, 0x7F, 0x7C, 0x7F, 0x7C, 0x7F, 0x7C, 0x7F, 0x7C, 0x7F,
    0x7C, 0x5F, 0x7C, 0x5F, 0x74, 0x3F, 0x74, 0x3F, 0x74, 0x3F, 0x74, 0x5F, 0x74, 0x3F, 0x74, 0x3F,
    0x7C, 0x5F, 0x7C, 0x7F, 0x84, 0x9F, 0x7C, 0x9F, 0x7C, 0x9F, 0x7C, 0x7F, 0x84, 0x9F, 0x84, 0xBF,
    0x7C, 0x9F, 0x7C, 0x7F, 0x7C, 0x7F, 0x7C, 0x7F, 0x7C, 0x7F, 0x7C, 0x5F, 0x74, 0x5F, 0x7C, 0x5F,
    0x7C, 0x5F, 0x7C, 0x5F, 0x74, 0x5F, 0x74, 0x5F, 0x7C, 0x7F, 0x7C, 0x7F, 0x7C, 0x7F, 0x74, 0x5F,
    0x74, 0x5F, 0x7C, 0x7F, 0x7C, 0x9F, 0x7C, 0x9F, 0x7C, 0x7F, 0x7C, 0x5F, 0x7C, 0x5F, 0x7C, 0x7F,
    0x3A, 0x7B, 0x3A, 0x7A, 0x3A, 0x5A, 0x3A, 0x59, 0x3A, 0x7A, 0x3A, 0x7B, 0x3A, 0x9B, 0x00, 0x00,
    0xAD, 0x55, 0x00, 0x00, 0x00, 0x00, 0x00, 0x00, 0x00, 0x00, 0x00, 0x00, 0x00, 0x00, 0x00, 0x00,
    0x00, 0x00, 0x00, 0x00, 0x00, 0x00, 0x00, 0x00, 0x00, 0x00, 0x00, 0x00, 0x00, 0x00, 0x00, 0x00,
    0x00, 0x00, 0x00, 0x00, 0x00, 0x00, 0x00, 0x00, 0x00, 0x00, 0x00, 0x00, 0x00, 0x00, 0x00, 0x00,
    0x00, 0x00, 0x00, 0x00, 0x00, 0x00, 0x00, 0x00, 0x00, 0x00, 0x00, 0x00, 0x00, 0x00, 0x00, 0x00,
    0x00, 0x00, 0x00, 0x00, 0x00, 0x00, 0x00, 0x00, 0x00, 0x00, 0x00, 0x00, 0x00, 0x00, 0x00, 0x00,
    0x00, 0x00, 0x00, 0x00, 0x00, 0x00, 0x00, 0x00, 0x00, 0x00, 0x00, 0x00, 0x00, 0x00, 0x00, 0x00,
    0x00, 0x00, 0x00, 0x00, 0x00, 0x00, 0x00, 0x00, 0x00, 0x00, 0x00, 0x00, 0x00, 0x00, 0x00, 0x00,
    0x00, 0x00, 0x00, 0x00, 0x00, 0x00, 0x00, 0x00, 0x00, 0x00, 0x00, 0x00, 0x00, 0x00, 0x00, 0x00,
    0x00, 0x00, 0x00, 0x00, 0x00, 0x00, 0x00, 0x00, 0x00, 0x00, 0x00, 0x00, 0x00, 0x00, 0x00, 0x00,
    0x00, 0x00, 0x00, 0x00, 0x00, 0x00, 0x00, 0x00, 0x00, 0x00, 0x00, 0x00, 0x00, 0x00, 0x00, 0x00,
    0x00, 0x00, 0x00, 0x00, 0x00, 0x00, 0x00, 0x00, 0x00, 0x00, 0x00, 0x00, 0x00, 0x00, 0x00, 0x00,
    0x00, 0x00, 0x00, 0x00, 0x00, 0x00, 0x00, 0x00, 0x00, 0x00, 0x00, 0x00, 0x00, 0x00, 0x00, 0x00,
    0x00, 0x00, 0x00, 0x00, 0x00, 0x00, 0x00, 0x00, 0x00, 0x00, 0x00, 0x00, 0x00, 0x00, 0x00, 0x00,
    0x00, 0x00, 0x00, 0x00, 0x00, 0x00, 0x00, 0x00, 0x00, 0x00, 0x00, 0x00, 0x00, 0x00, 0x00, 0x00,
    0x00, 0x00, 0x00, 0x00, 0x00, 0x00, 0x00, 0x00, 0x00, 0x00, 0x00, 0x00, 0x00, 0x00, 0x00, 0x00,
    0x00, 0x00, 0x00, 0x00, 0x00, 0x00, 0x00, 0x00, 0x00, 0x00, 0x00, 0x00, 0x00, 0x00, 0x00, 0x00,
    0x00, 0x00, 0x00, 0x00, 0x00, 0x00, 0x00, 0x00, 0x00, 0x00, 0x00, 0x00, 0x00, 0x00, 0x00, 0x00,
    0x00, 0x00, 0x00, 0x00, 0x00, 0x00, 0x00, 0x00, 0x00, 0x00, 0x00, 0x00, 0x00, 0x00, 0x00, 0x00,
    0x00, 0x00, 0x00, 0x00, 0x00, 0x00, 0x00, 0x00, 0x00, 0x00, 0x00, 0x00, 0x00, 0x00, 0x00, 0x00,
    0x00, 0x00, 0x00, 0x00, 0x00, 0x00, 0x00, 0x00, 0x00, 0x00, 0x00, 0x00, 0x00, 0x00, 0x00, 0x00,
    0x00, 0x00, 0x00, 0x00, 0x00, 0x00, 0x00, 0x00, 0x00, 0x00, 0x00, 0x00, 0x00, 0x00, 0x00, 0x00,
    0x00, 0x00, 0x00, 0x00, 0x00, 0x00, 0x00, 0x00, 0x00, 0x00, 0x00, 0x00, 0x00, 0x00, 0x00, 0x00,
    0x00, 0x00, 0x00, 0x00, 0x00, 0x00, 0x00, 0x00, 0x00, 0x00, 0x00, 0x00, 0x00, 0x00, 0x00, 0x00,
    0x00, 0x00, 0x00, 0x00, 0x00, 0x00, 0x00, 0x00, 0x00, 0x00, 0x00, 0x00, 0x00, 0x00, 0x00, 0x00,
    0x00, 0x00, 0x00, 0x00, 0x00, 0x00, 0x00, 0x00, 0x00, 0x00, 0x00, 0x00, 0x00, 0x00, 0x00, 0x00,
    0x00, 0x00, 0x00, 0x00, 0x00, 0x00, 0x00, 0x00, 0x00, 0x00, 0x00, 0x00, 0x00, 0x00, 0x00, 0x00,
    0x00, 0x00, 0x00, 0x00, 0x00, 0x00, 0x00, 0x00, 0x00, 0x00, 0x00, 0x00, 0x00, 0x00, 0x00, 0x00,
    0x00, 0x00, 0x00, 0x00, 0x00, 0x00, 0xAD, 0x75, 0x00, 0x00, 0x3A, 0x7B, 0x3A, 0x9B, 0x3A, 0x7B,
    0x3A, 0x7B, 0x3A, 0x7B, 0x3A, 0x7A, 0x3A, 0x7B, 0x32, 0x16, 0x00, 0x00, 0x63, 0x9A, 0x74, 0x5F,
    0x74, 0x3F, 0x74, 0x3F, 0x74, 0x3F, 0x74, 0x3F, 0x74, 0x3F, 0x74, 0x5F, 0x74, 0x3F, 0x74, 0x3F,
    0x74, 0x3F, 0x7C, 0x5F, 0x7C, 0x7F, 0x7C, 0x9F, 0x7C, 0x9F, 0x7C, 0x7F, 0x7C, 0x7F, 0x74, 0x5F,
    0x74, 0x3F, 0x7C, 0x7F, 0x7C, 0x7F, 0x74, 0x5F, 0x74, 0x5F, 0x74, 0x5F, 0x74, 0x5F, 0x74, 0x3F,
    0x74, 0x5F, 0x7C, 0x5F, 0x74, 0x3F, 0x74, 0x3F, 0x7C, 0x5F, 0x7C, 0x7F, 0x7C, 0x5F, 0x7C, 0x5F,
    0x7C, 0x7F, 0x7C, 0x9F, 0x7C, 0x9F, 0x7C, 0x9F, 0x7C, 0x7F, 0x7C, 0x5F, 0x7C, 0x7F, 0x74, 0x5F,
    0x74, 0x3F, 0x74, 0x3F, 0x74, 0x3F, 0x74, 0x1F, 0x74, 0x3F, 0x74, 0x3F, 0x74, 0x3F, 0x74, 0x3F,
    0x74, 0x5F, 0x7C, 0x7F, 0x7C, 0x9F, 0x7C, 0x7F, 0x74, 0x5F, 0x74, 0x5F, 0x7C, 0x7F, 0x7C, 0x7F,
    0x7C, 0x7F, 0x74, 0x3F, 0x74, 0x5F, 0x7C, 0x5F, 0x74, 0x5F, 0x74, 0x5F, 0x7C, 0x5F, 0x7C, 0x5F,
    0x74, 0x3F, 0x74, 0x3F, 0x74, 0x3F, 0x74, 0x3F, 0x74, 0x3F, 0x74, 0x5F, 0x74, 0x5F, 0x74, 0x5F,
    0x7C, 0x5F, 0x7C, 0x7F, 0x7C, 0x9F, 0x7C, 0x7F, 0x7C, 0x7F, 0x7C, 0x5F, 0x7C, 0x5F, 0x7C, 0x7F,
    0x3A, 0x7B, 0x3A, 0x5A, 0x3A, 0x5A, 0x3A, 0x7B, 0x3A, 0x7B, 0x3A, 0x7C, 0x3A, 0x7B, 0x00, 0x00,
    0xAD, 0x55, 0x00, 0x00, 0x00, 0x00, 0x00, 0x00, 0x00, 0x00, 0x00, 0x00, 0x00, 0x00, 0x00, 0x00,
    0x00, 0x00, 0x00, 0x00, 0x00, 0x00, 0x00, 0x00, 0x00, 0x00, 0x00, 0x00, 0x00, 0x00, 0x00, 0x00,
    0x00, 0x00, 0x00, 0x00, 0x00, 0x00, 0x00, 0x00, 0x00, 0x00, 0x00, 0x00, 0x00, 0x00, 0x00, 0x00,
    0x00, 0x00, 0x00, 0x00, 0x00, 0x00, 0x00, 0x00, 0x00, 0x00, 0x00, 0x00, 0x00, 0x00, 0x00, 0x00,
    0x00, 0x00, 0x00, 0x00, 0x00, 0x00, 0x00, 0x00, 0x00, 0x00, 0x00, 0x00, 0x00, 0x00, 0x00, 0x00,
    0x00, 0x00, 0x00, 0x00, 0x00, 0x00, 0x00, 0x00, 0x00, 0x00, 0x00, 0x00, 0x00, 0x00, 0x00, 0x00,
    0x00, 0x00, 0x00, 0x00, 0x00, 0x00, 0x00, 0x00, 0x00, 0x00, 0x00, 0x00, 0x00, 0x00, 0x00, 0x00,
    0x00, 0x00, 0x00, 0x00, 0x00, 0x00, 0x00, 0x00, 0x00, 0x00, 0x00, 0x00, 0x00, 0x00, 0x00, 0x00,
    0x00, 0x00, 0x00, 0x00, 0x00, 0x00, 0x00, 0x00, 0x00, 0x00, 0x00, 0x00, 0x00, 0x00, 0x00, 0x00,
    0x00, 0x00, 0x00, 0x00, 0x00, 0x00, 0x00, 0x00, 0x00, 0x00, 0x00, 0x00, 0x00, 0x00, 0x00, 0x00,
    0x00, 0x00, 0x00, 0x00, 0x00, 0x00, 0x00, 0x00, 0x00, 0x00, 0x00, 0x00, 0x00, 0x00, 0x00, 0x00,
    0x00, 0x00, 0x00, 0x00, 0x00, 0x00, 0x00, 0x00, 0x00, 0x00, 0x00, 0x00, 0x00, 0x00, 0x00, 0x00,
    0x00, 0x00, 0x00, 0x00, 0x00, 0x00, 0x00, 0x00, 0x00, 0x00, 0x00, 0x00, 0x00, 0x00, 0x00, 0x00,
    0x00, 0x00, 0x00, 0x00, 0x00, 0x00, 0x00, 0x00, 0x00, 0x00, 0x00, 0x00, 0x00, 0x00, 0x00, 0x00,
    0x00, 0x00, 0x00, 0x00, 0x00, 0x00, 0x00, 0x00, 0x00, 0x00, 0x00, 0x00, 0x00, 0x00, 0x00, 0x00,
    0x00, 0x00, 0x00, 0x00, 0x00, 0x00, 0x00, 0x00, 0x00, 0x00, 0x00, 0x00, 0x00, 0x00, 0x00, 0x00,
    0x00, 0x00, 0x00, 0x00, 0x00, 0x00, 0x00, 0x00, 0x00, 0x00, 0x00, 0x00, 0x00, 0x00, 0x00, 0x00,
    0x00, 0x00, 0x00, 0x00, 0x00, 0x00, 0x00, 0x00, 0x00, 0x00, 0x00, 0x00, 0x00, 0x00, 0x00, 0x00,
    0x00, 0x00, 0x00, 0x00, 0x00, 0x00, 0x00, 0x00, 0x00, 0x00, 0x00, 0x00, 0x00, 0x00, 0x00, 0x00,
    0x00, 0x00, 0x00, 0x00, 0x00, 0x00, 0x00, 0x00, 0x00, 0x00, 0x00, 0x00, 0x00, 0x00, 0x00, 0x00,
    0x00, 0x00, 0x00, 0x00, 0x00, 0x00, 0x00, 0x00, 0x00, 0x00, 0x00, 0x00, 0x00, 0x00, 0x00, 0x00,
    0x00, 0x00, 0x00, 0x00, 0x00, 0x00, 0x00, 0x00, 0x00, 0x00, 0x00, 0x00, 0x00, 0x00, 0x00, 0x00,
    0x00, 0x00, 0x00, 0x00, 0x00, 0x00, 0x00, 0x00, 0x00, 0x00, 0x00, 0x00, 0x00, 0x00, 0x00, 0x00,
    0x00, 0x00, 0x00, 0x00, 0x00, 0x00, 0x00, 0x00, 0x00, 0x00, 0x00, 0x00, 0x00, 0x00, 0x00, 0x00,
    0x00, 0x00, 0x00, 0x00, 0x00, 0x00, 0x00, 0x00, 0x00, 0x00, 0x00, 0x00, 0x00, 0x00, 0x00, 0x00,
    0x00, 0x00, 0x00, 0x00, 0x00, 0x00, 0x00, 0x00, 0x00, 0x00, 0x00, 0x00, 0x00, 0x00, 0x00, 0x00,
    0x00, 0x00, 0x00, 0x00, 0x00, 0x00, 0x00, 0x00, 0x00, 0x00, 0x00, 0x00, 0x00, 0x00, 0x00, 0x00,
    0x00, 0x00, 0x00, 0x00, 0x00, 0x00, 0xAD, 0x75, 0x00, 0x00, 0x3A, 0x7B, 0x3A, 0x7B, 0x3A, 0x7A,
    0x3A, 0x7B, 0x3A, 0x7B, 0x3A, 0x5A, 0x3A, 0x7B, 0x31, 0xF6, 0x00, 0x00, 0x63, 0x9A, 0x74, 0x3F,
    0x74, 0x3F, 0x74, 0x3F, 0x74, 0x5F, 0x74, 0x5F, 0x74, 0x3F, 0x74, 0x1F, 0x74, 0x3F, 0x74, 0x5F,
    0x74, 0x5F, 0x74, 0x5F, 0x7C, 0x7F, 0x7C, 0x7F, 0x7C, 0x7F, 0x74, 0x3F, 0x74, 0x3F, 0x74, 0x5F,
    0x74, 0x5F, 0x7C, 0x7F, 0x7C, 0x5F, 0x74, 0x5F, 0x74, 0x5F, 0x74, 0x5F, 0x74, 0x3F, 0x74, 0x3F,
    0x74, 0x5F, 0x74, 0x3F, 0x74, 0x1F, 0x74, 0x3F, 0x74, 0x5F, 0x7C, 0x5F, 0x74, 0x5F, 0x7C, 0x7F,
    0x7C, 0x7F, 0x7C, 0x9F, 0x7C, 0x9F, 0x7C, 0x7F, 0x7C, 0x7F, 0x7C, 0x7F, 0x74, 0x5F, 0x74, 0x5F,
    0x74, 0x3F, 0x74, 0x3F, 0x74, 0x3F, 0x74, 0x3F, 0x74, 0x3F, 0x74, 0x3F, 0x74, 0x3F, 0x74, 0x3F,
    0x7C, 0x5F, 0x7C, 0x7F, 0x7C, 0x7F, 0x7C, 0x5F, 0x74, 0x5F, 0x7C, 0x7F, 0x7C, 0x7F, 0x7C, 0x7F,
    0x74, 0x5F, 0x74, 0x3F, 0x7C, 0x5F, 0x7C, 0x7F, 0x7C, 0x5F, 0x7C, 0x5F, 0x7C, 0x7F, 0x74, 0x5F,
    0x74, 0x3F, 0x74, 0x3F, 0x74, 0x3F, 0x74, 0x3F, 0x74, 0x3F, 0x74, 0x3F, 0x74, 0x3F, 0x74, 0x5F,
    0x7C, 0x7F, 0x7C, 0x7F, 0x7C, 0x7F, 0x7C, 0x5F, 0x7C, 0x5F, 0x7C, 0x7F, 0x7C, 0x5F, 0x74, 0x5F,
    0x3A, 0x7B, 0x32, 0x5A, 0x32, 0x5A, 0x3A, 0x7B, 0x3A, 0x7B, 0x3A, 0x7B, 0x32, 0x5A, 0x00, 0x00,
    0xAD, 0x55, 0x00, 0x00, 0x00, 0x00, 0x00, 0x00, 0x00, 0x00, 0x00, 0x00, 0x00, 0x00, 0x00, 0x00,
    0x00, 0x00, 0x00, 0x00, 0x00, 0x00, 0x00, 0x00, 0x00, 0x00, 0x00, 0x00, 0x00, 0x00, 0x00, 0x00,
    0x00, 0x00, 0x00, 0x00, 0x00, 0x00, 0x00, 0x00, 0x00, 0x00, 0x00, 0x00, 0x00, 0x00, 0x00, 0x00,
    0x00, 0x00, 0x00, 0x00, 0x00, 0x00, 0x00, 0x00, 0x00, 0x00, 0x00, 0x00, 0x00, 0x00, 0x00, 0x00,
    0x00, 0x00, 0x00, 0x00, 0x00, 0x00, 0x00, 0x00, 0x00, 0x00, 0x00, 0x00, 0x00, 0x00, 0x00, 0x00,
    0x00, 0x00, 0x00, 0x00, 0x00, 0x00, 0x00, 0x00, 0x00, 0x00, 0x00, 0x00, 0x00, 0x00, 0x00, 0x00,
    0x00, 0x00, 0x00, 0x00, 0x00, 0x00, 0x00, 0x00, 0x00, 0x00, 0x00, 0x00, 0x00, 0x00, 0x00, 0x00,
    0x00, 0x00, 0x00, 0x00, 0x00, 0x00, 0x00, 0x00, 0x00, 0x00, 0x00, 0x00, 0x00, 0x00, 0x00, 0x00,
    0x00, 0x00, 0x00, 0x00, 0x00, 0x00, 0x00, 0x00, 0x00, 0x00, 0x00, 0x00, 0x00, 0x00, 0x00, 0x00,
    0x00, 0x00, 0x00, 0x00, 0x00, 0x00, 0x00, 0x00, 0x00, 0x00, 0x00, 0x00, 0x00, 0x00, 0x00, 0x00,
    0x00, 0x00, 0x00, 0x00, 0x00, 0x00, 0x00, 0x00, 0x00, 0x00, 0x00, 0x00, 0x00, 0x00, 0x00, 0x00,
    0x00, 0x00, 0x00, 0x00, 0x00, 0x00, 0x00, 0x00, 0x00, 0x00, 0x00, 0x00, 0x00, 0x00, 0x00, 0x00,
    0x00, 0x00, 0x00, 0x00, 0x00, 0x00, 0x00, 0x00, 0x00, 0x00, 0x00, 0x00, 0x00, 0x00, 0x00, 0x00,
    0x00, 0x00, 0x00, 0x00, 0x00, 0x00, 0x00, 0x00, 0x00, 0x00, 0x00, 0x00, 0x00, 0x00, 0x00, 0x00,
    0x00, 0x00, 0x00, 0x00, 0x00, 0x00, 0x00, 0x00, 0x00, 0x00, 0x00, 0x00, 0x00, 0x00, 0x00, 0x00,
    0x00, 0x00, 0x00, 0x00, 0x00, 0x00, 0x00, 0x00, 0x00, 0x00, 0x00, 0x00, 0x00, 0x00, 0x00, 0x00,
    0x00, 0x00, 0x00, 0x00, 0x00, 0x00, 0x00, 0x00, 0x00, 0x00, 0x00, 0x00, 0x00, 0x00, 0x00, 0x00,
    0x00, 0x00, 0x00, 0x00, 0x00, 0x00, 0x00, 0x00, 0x00, 0x00, 0x00, 0x00, 0x00, 0x00, 0x00, 0x00,
    0x00, 0x00, 0x00, 0x00, 0x00, 0x00, 0x00, 0x00, 0x00, 0x00, 0x00, 0x00, 0x00, 0x00, 0x00, 0x00,
    0x00, 0x00, 0x00, 0x00, 0x00, 0x00, 0x00, 0x00, 0x00, 0x00, 0x00, 0x00, 0x00, 0x00, 0x00, 0x00,
    0x00, 0x00, 0x00, 0x00, 0x00, 0x00, 0x00, 0x00, 0x00, 0x00, 0x00, 0x00, 0x00, 0x00, 0x00, 0x00,
    0x00, 0x00, 0x00, 0x00, 0x00, 0x00, 0x00, 0x00, 0x00, 0x00, 0x00, 0x00, 0x00, 0x00, 0x00, 0x00,
    0x00, 0x00, 0x00, 0x00, 0x00, 0x00, 0x00, 0x00, 0x00, 0x00, 0x00, 0x00, 0x00, 0x00, 0x00, 0x00,
    0x00, 0x00, 0x00, 0x00, 0x00, 0x00, 0x00, 0x00, 0x00, 0x00, 0x00, 0x00, 0x00, 0x00, 0x00, 0x00,
    0x00, 0x00, 0x00, 0x00, 0x00, 0x00, 0x00, 0x00, 0x00, 0x00, 0x00, 0x00, 0x00, 0x00, 0x00, 0x00,
    0x00, 0x00, 0x00, 0x00, 0x00, 0x00, 0x00, 0x00, 0x00, 0x00, 0x00, 0x00, 0x00, 0x00, 0x00, 0x00,
    0x00, 0x00, 0x00, 0x00, 0x00, 0x00, 0x00, 0x00, 0x00, 0x00, 0x00, 0x00, 0x00, 0x00, 0x00, 0x00,
    0x00, 0x00, 0x00, 0x00, 0x00, 0x00, 0xAD, 0x75, 0x00, 0x00, 0x3A, 0x7B, 0x3A, 0x7B, 0x3A, 0x5A,
    0x3A, 0x7B, 0x3A, 0x7B, 0x3A, 0x7B, 0x3A, 0x7B, 0x29, 0xF6, 0x00, 0x00, 0x63, 0x7A, 0x74, 0x3F,
    0x74, 0x3F, 0x74, 0x3F, 0x74, 0x5F, 0x74, 0x3F, 0x74, 0x1F, 0x6C, 0x1F, 0x74, 0x1F, 0x74, 0x3F,
    0x74, 0x5F, 0x74, 0x5F, 0x7C, 0x7F, 0x7C, 0x7F, 0x74, 0x3F, 0x74, 0x1F, 0x74, 0x3F, 0x74, 0x3F,
    0x7C, 0x5F, 0x7C, 0x5F, 0x74, 0x5F, 0x74, 0x5F, 0x74, 0x3F, 0x74, 0x3F, 0x74, 0x3F, 0x74, 0x3F,
    0x74, 0x3F, 0x74, 0x3F, 0x74, 0x1F, 0x74, 0x3F, 0x7C, 0x7F, 0x7C, 0x5F, 0x74, 0x3F, 0x74, 0x5F,
    0x7C, 0x5F, 0x7C, 0x9F, 0x7C, 0x9F, 0x7C, 0x7F, 0x7C, 0x7F, 0x74, 0x5F, 0x74, 0x3F, 0x74, 0x3F,
    0x74, 0x3F, 0x74, 0x5F, 0x74, 0x5F, 0x74, 0x3F, 0x74, 0x3F, 0x74, 0x3F, 0x74, 0x3F, 0x74, 0x3F,
    0x74, 0x3F, 0x74, 0x5F, 0x74, 0x3F, 0x74, 0x3F, 0x74, 0x3F, 0x74, 0x5F, 0x7C, 0x7F, 0x7C, 0x7F,
    0x74, 0x3F, 0x74, 0x5F, 0x7C, 0x5F, 0x7C, 0x7F, 0x7C, 0x7F, 0x74, 0x5F, 0x74, 0x5F, 0x74, 0x3F,
    0x74, 0x1F, 0x74, 0x1F, 0x74, 0x3F, 0x74, 0x3F, 0x74, 0x3F, 0x74, 0x3F, 0x74, 0x3F, 0x74, 0x5F,
    0x7C, 0x7F, 0x7C, 0x5F, 0x7C, 0x5F, 0x74, 0x3F, 0x74, 0x5F, 0x7C, 0x5F, 0x74, 0x5F, 0x74, 0x5F,
    0x3A, 0x7B, 0x32, 0x5A, 0x32, 0x5A, 0x32, 0x5B, 0x32, 0x5A, 0x32, 0x39, 0x32, 0x38, 0x00, 0x00,
    0xAD, 0x55, 0x00, 0x00, 0x00, 0x00, 0x00, 0x00, 0x00, 0x00, 0x00, 0x00, 0x00, 0x00, 0x00, 0x00,
    0x00, 0x00, 0x00, 0x00, 0x00, 0x00, 0x00, 0x00, 0x00, 0x00, 0x00, 0x00, 0x00, 0x00, 0x00, 0x00,
    0x00, 0x00, 0x00, 0x00, 0x00, 0x00, 0x00, 0x00, 0x00, 0x00, 0x00, 0x00, 0x00, 0x00, 0x00, 0x00,
    0x00, 0x00, 0x00, 0x00, 0x00, 0x00, 0x00, 0x00, 0x00, 0x00, 0x00, 0x00, 0x00, 0x00, 0x00, 0x00,
    0x00, 0x00, 0x00, 0x00, 0x00, 0x00, 0x00, 0x00, 0x00, 0x00, 0x00, 0x00, 0x00, 0x00, 0x00, 0x00,
    0x00, 0x00, 0x00, 0x00, 0x00, 0x00, 0x00, 0x00, 0x00, 0x00, 0x00, 0x00, 0x00, 0x00, 0x00, 0x00,
    0x00, 0x00, 0x00, 0x00, 0x00, 0x00, 0x00, 0x00, 0x00, 0x00, 0x00, 0x00, 0x00, 0x00, 0x00, 0x00,
    0x00, 0x00, 0x00, 0x00, 0x00, 0x00, 0x00, 0x00, 0x00, 0x00, 0x00, 0x00, 0x00, 0x00, 0x00, 0x00,
    0x00, 0x00, 0x00, 0x00, 0x00, 0x00, 0x00, 0x00, 0x00, 0x00, 0x00, 0x00, 0x00, 0x00, 0x00, 0x00,
    0x00, 0x00, 0x00, 0x00, 0x00, 0x00, 0x00, 0x00, 0x00, 0x00, 0x00, 0x00, 0x00, 0x00, 0x00, 0x00,
    0x00, 0x00, 0x00, 0x00, 0x00, 0x00, 0x00, 0x00, 0x00, 0x00, 0x00, 0x00, 0x00, 0x00, 0x00, 0x00,
    0x00, 0x00, 0x00, 0x00, 0x00, 0x00, 0x00, 0x00, 0x00, 0x00, 0x00, 0x00, 0x00, 0x00, 0x00, 0x00,
    0x00, 0x00, 0x00, 0x00, 0x00, 0x00, 0x00, 0x00, 0x00, 0x00, 0x00, 0x00, 0x00, 0x00, 0x00, 0x00,
    0x00, 0x00, 0x00, 0x00, 0x00, 0x00, 0x00, 0x00, 0x00, 0x00, 0x00, 0x00, 0x00, 0x00, 0x00, 0x00,
    0x00, 0x00, 0x00, 0x00, 0x00, 0x00, 0x00, 0x00, 0x00, 0x00, 0x00, 0x00, 0x00, 0x00, 0x00, 0x00,
    0x00, 0x00, 0x00, 0x00, 0x00, 0x00, 0x00, 0x00, 0x00, 0x00, 0x00, 0x00, 0x00, 0x00, 0x00, 0x00,
    0x00, 0x00, 0x00, 0x00, 0x00, 0x00, 0x00, 0x00, 0x00, 0x00, 0x00, 0x00, 0x00, 0x00, 0x00, 0x00,
    0x00, 0x00, 0x00, 0x00, 0x00, 0x00, 0x00, 0x00, 0x00, 0x00, 0x00, 0x00, 0x00, 0x00, 0x00, 0x00,
    0x00, 0x00, 0x00, 0x00, 0x00, 0x00, 0x00, 0x00, 0x00, 0x00, 0x00, 0x00, 0x00, 0x00, 0x00, 0x00,
    0x00, 0x00, 0x00, 0x00, 0x00, 0x00, 0x00, 0x00, 0x00, 0x00, 0x00, 0x00, 0x00, 0x00, 0x00, 0x00,
    0x00, 0x00, 0x00, 0x00, 0x00, 0x00, 0x00, 0x00, 0x00, 0x00, 0x00, 0x00, 0x00, 0x00, 0x00, 0x00,
    0x00, 0x00, 0x00, 0x00, 0x00, 0x00, 0x00, 0x00, 0x00, 0x00, 0x00, 0x00, 0x00, 0x00, 0x00, 0x00,
    0x00, 0x00, 0x00, 0x00, 0x00, 0x00, 0x00, 0x00, 0x00, 0x00, 0x00, 0x00, 0x00, 0x00, 0x00, 0x00,
    0x00, 0x00, 0x00, 0x00, 0x00, 0x00, 0x00, 0x00, 0x00, 0x00, 0x00, 0x00, 0x00, 0x00, 0x00, 0x00,
    0x00, 0x00, 0x00, 0x00, 0x00, 0x00, 0x00, 0x00, 0x00, 0x00, 0x00, 0x00, 0x00, 0x00, 0x00, 0x00,
    0x00, 0x00, 0x00, 0x00, 0x00, 0x00, 0x00, 0x00, 0x00, 0x00, 0x00, 0x00, 0x00, 0x00, 0x00, 0x00,
    0x00, 0x00, 0x00, 0x00, 0x00, 0x00, 0x00, 0x00, 0x00, 0x00, 0x00, 0x00, 0x00, 0x00, 0x00, 0x00,
    0x00, 0x00, 0x00, 0x00, 0x00, 0x00, 0xAD, 0x75, 0x00, 0x00, 0x3A, 0x9C, 0x3A, 0x7C, 0x3A, 0x7B,
    0x3A, 0x7C, 0x3A, 0x7B, 0x3A, 0x7B, 0x3A, 0x7B, 0x29, 0xF6, 0x00, 0x00, 0x5B, 0x7A, 0x74, 0x3F,
    0x74, 0x3F, 0x74, 0x3F, 0x74, 0x1F, 0x6B, 0xFF, 0x6B, 0xFF, 0x6B, 0xFF, 0x74, 0x1F, 0x74, 0x3F,
    0x74, 0x3F, 0x74, 0x3F, 0x7C, 0x5F, 0x74, 0x5F, 0x74, 0x3F, 0x74, 0x3F, 0x74, 0x5F, 0x7C, 0x5F,
    0x7C, 0x7F, 0x7C, 0x7F, 0x74, 0x5F, 0x74, 0x5F, 0x74, 0x5F, 0x74, 0x3F, 0x74, 0x3F, 0x74, 0x3F,
    0x74, 0x3F, 0x74, 0x1F, 0x74, 0x3F, 0x74, 0x3F, 0x74, 0x5F, 0x74, 0x3F, 0x74, 0x3F, 0x74, 0x5F,
    0x7C, 0x7F, 0x7C, 0x7F, 0x7C, 0x7F, 0x74, 0x5F, 0x74, 0x3F, 0x74, 0x3F, 0x74, 0x3F, 0x74, 0x3F,
    0x74, 0x3F, 0x74, 0x3F, 0x6C, 0x1F, 0x6C, 0x1F, 0x6C, 0x1F, 0x74, 0x3F, 0x74, 0x3F, 0x74, 0x3F,
    0x74, 0x3F, 0x74, 0x3F, 0x74, 0x3F, 0x74, 0x3F, 0x74, 0x3F, 0x7C, 0x5F, 0x7C, 0x5F, 0x74, 0x5F,
    0x74, 0x3F, 0x74, 0x5F, 0x7C, 0x7F, 0x74, 0x5F, 0x74, 0x3F, 0x74, 0x3F, 0x74, 0x3F, 0x6C, 0x1F,
    0x6C, 0x1F, 0x6C, 0x1F, 0x6C, 0x1F, 0x74, 0x3F, 0x74, 0x3F, 0x74, 0x3F, 0x74, 0x3F, 0x74, 0x5F,
    0x74, 0x3F, 0x74, 0x1F, 0x74, 0x1F, 0x74, 0x3F, 0x74, 0x3F, 0x74, 0x5F, 0x74, 0x5F, 0x74, 0x3F,
    0x32, 0x5B, 0x32, 0x5A, 0x32, 0x5A, 0x32, 0x5B, 0x32, 0x3A, 0x32, 0x39, 0x32, 0x39, 0x00, 0x00,
    0xAD, 0x55, 0x00, 0x00, 0x00, 0x00, 0x00, 0x00, 0x00, 0x00, 0x00, 0x00, 0x00, 0x00, 0x00, 0x00,
    0x00, 0x00, 0x00, 0x00, 0x00, 0x00, 0x00, 0x00, 0x00, 0x00, 0x00, 0x00, 0x00, 0x00, 0x00, 0x00,
    0x00, 0x00, 0x00, 0x00, 0x00, 0x00, 0x00, 0x00, 0x00, 0x00, 0x00, 0x00, 0x00, 0x00, 0x00, 0x00,
    0x00, 0x00, 0x00, 0x00, 0x00, 0x00, 0x00, 0x00, 0x00, 0x00, 0x00, 0x00, 0x00, 0x00, 0x00, 0x00,
    0x00, 0x00, 0x00, 0x00, 0x00, 0x00, 0x00, 0x00, 0x00, 0x00, 0x00, 0x00, 0x00, 0x00, 0x00, 0x00,
    0x00, 0x00, 0x00, 0x00, 0x00, 0x00, 0x00, 0x00, 0x00, 0x00, 0x00, 0x00, 0x00, 0x00, 0x00, 0x00,
    0x00, 0x00, 0x00, 0x00, 0x00, 0x00, 0x00, 0x00, 0x00, 0x00, 0x00, 0x00, 0x00, 0x00, 0x00, 0x00,
    0x00, 0x00, 0x00, 0x00, 0x00, 0x00, 0x00, 0x00, 0x00, 0x00, 0x00, 0x00, 0x00, 0x00, 0x00, 0x00,
    0x00, 0x00, 0x00, 0x00, 0x00, 0x00, 0x00, 0x00, 0x00, 0x00, 0x00, 0x00, 0x00, 0x00, 0x00, 0x00,
    0x00, 0x00, 0x00, 0x00, 0x00, 0x00, 0x00, 0x00, 0x00, 0x00, 0x00, 0x00, 0x00, 0x00, 0x00, 0x00,
    0x00, 0x00, 0x00, 0x00, 0x00, 0x00, 0x00, 0x00, 0x00, 0x00, 0x00, 0x00, 0x00, 0x00, 0x00, 0x00,
    0x00, 0x00, 0x00, 0x00, 0x00, 0x00, 0x00, 0x00, 0x00, 0x00, 0x00, 0x00, 0x00, 0x00, 0x00, 0x00,
    0x00, 0x00, 0x00, 0x00, 0x00, 0x00, 0x00, 0x00, 0x00, 0x00, 0x00, 0x00, 0x00, 0x00, 0x00, 0x00,
    0x00, 0x00, 0x00, 0x00, 0x00, 0x00, 0x00, 0x00, 0x00, 0x00, 0x00, 0x00, 0x00, 0x00, 0x00, 0x00,
    0x00, 0x00, 0x00, 0x00, 0x00, 0x00, 0x00, 0x00, 0x00, 0x00, 0x00, 0x00, 0x00, 0x00, 0x00, 0x00,
    0x00, 0x00, 0x00, 0x00, 0x00, 0x00, 0x00, 0x00, 0x00, 0x00, 0x00, 0x00, 0x00, 0x00, 0x00, 0x00,
    0x00, 0x00, 0x00, 0x00, 0x00, 0x00, 0x00, 0x00, 0x00, 0x00, 0x00, 0x00, 0x00, 0x00, 0x00, 0x00,
    0x00, 0x00, 0x00, 0x00, 0x00, 0x00, 0x00, 0x00, 0x00, 0x00, 0x00, 0x00, 0x00, 0x00, 0x00, 0x00,
    0x00, 0x00, 0x00, 0x00, 0x00, 0x00, 0x00, 0x00, 0x00, 0x00, 0x00, 0x00, 0x00, 0x00, 0x00, 0x00,
    0x00, 0x00, 0x00, 0x00, 0x00, 0x00, 0x00, 0x00, 0x00, 0x00, 0x00, 0x00, 0x00, 0x00, 0x00, 0x00,
    0x00, 0x00, 0x00, 0x00, 0x00, 0x00, 0x00, 0x00, 0x00, 0x00, 0x00, 0x00, 0x00, 0x00, 0x00, 0x00,
    0x00, 0x00, 0x00, 0x00, 0x00, 0x00, 0x00, 0x00, 0x00, 0x00, 0x00, 0x00, 0x00, 0x00, 0x00, 0x00,
    0x00, 0x00, 0x00, 0x00, 0x00, 0x00, 0x00, 0x00, 0x00, 0x00, 0x00, 0x00, 0x00, 0x00, 0x00, 0x00,
    0x00, 0x00, 0x00, 0x00, 0x00, 0x00, 0x00, 0x00, 0x00, 0x00, 0x00, 0x00, 0x00, 0x00, 0x00, 0x00,
    0x00, 0x00, 0x00, 0x00, 0x00, 0x00, 0x00, 0x00, 0x00, 0x00, 0x00, 0x00, 0x00, 0x00, 0x00, 0x00,
    0x00, 0x00, 0x00, 0x00, 0x00, 0x00, 0x00, 0x00, 0x00, 0x00, 0x00, 0x00, 0x00, 0x00, 0x00, 0x00,
    0x00, 0x00, 0x00, 0x00, 0x00, 0x00, 0x00, 0x00, 0x00, 0x00, 0x00, 0x00, 0x00, 0x00, 0x00, 0x00,
    0x00, 0x00, 0x00, 0x00, 0x00, 0x00, 0xAD, 0x75, 0x00, 0x00, 0x3A, 0x9C, 0x3A, 0x7B, 0x3A, 0x7B,
    0x3A, 0x7C, 0x3A, 0x5B, 0x32, 0x5A, 0x32, 0x5A, 0x29, 0xF6, 0x00, 0x00, 0x5B, 0x7A, 0x74, 0x3F,
    0x74, 0x3F, 0x74, 0x3F, 0x6C, 0x1F, 0x6B, 0xFF, 0x6B, 0xFF, 0x6C, 0x1F, 0x74, 0x3F, 0x74, 0x3F,
    0x74, 0x3F, 0x74, 0x3F, 0x74, 0x3F, 0x74, 0x3F, 0x74, 0x3F, 0x74, 0x5F, 0x7C, 0x7F, 0x7C, 0x7F,
    0x7C, 0x7F, 0x74, 0x5F, 0x74, 0x5F, 0x74, 0x3F, 0x74, 0x3F, 0x74, 0x3F, 0x6C, 0x1F, 0x6C, 0x1F,
    0x6C, 0x1F, 0x6C, 0x1F, 0x74, 0x3F, 0x74, 0x3F, 0x74, 0x3F, 0x74, 0x3F, 0x74, 0x3F, 0x74, 0x3F,
    0x7C, 0x7F, 0x7C, 0x7F, 0x74, 0x5F, 0x74, 0x3F, 0x74, 0x3F, 0x74, 0x1F, 0x74, 0x3F, 0x74, 0x3F,
    0x74, 0x3F, 0x74, 0x3F, 0x6C, 0x1F, 0x6B, 0xFF, 0x6C, 0x1F, 0x74, 0x3F, 0x74, 0x3F, 0x74, 0x3F,
    0x74, 0x3F, 0x74, 0x3F, 0x74, 0x3F, 0x74, 0x3F, 0x7C, 0x5F, 0x7C, 0x7F, 0x7C, 0x5F, 0x74, 0x3F,
    0x74, 0x5F, 0x74, 0x5F, 0x74, 0x5F, 0x74, 0x3F, 0x74, 0x1F, 0x6C, 0x1F, 0x6C, 0x1F, 0x6B, 0xFF,
    0x6B, 0xFF, 0x6C, 0x1F, 0x6C, 0x1F, 0x74, 0x3F, 0x74, 0x3F, 0x74, 0x3F, 0x74, 0x3F, 0x74, 0x3F,
    0x74, 0x1F, 0x74, 0x3F, 0x74, 0x3F, 0x74, 0x5F, 0x74, 0x5F, 0x7C, 0x5F, 0x74, 0x3F, 0x74, 0x3F,
    0x32, 0x5B, 0x32, 0x3A, 0x32, 0x5B, 0x32, 0x5B, 0x32, 0x3A, 0x32, 0x5B, 0x32, 0x5B, 0x00, 0x00,
    0xAD, 0x55, 0x00, 0x00, 0x00, 0x00, 0x00, 0x00, 0x00, 0x00, 0x00, 0x00, 0x00, 0x00, 0x00, 0x00,
    0x00, 0x00, 0x00, 0x00, 0x00, 0x00, 0x00, 0x00, 0x00, 0x00, 0x00, 0x00, 0x00, 0x00, 0x00, 0x00,
    0x00, 0x00, 0x00, 0x00, 0x00, 0x00, 0x00, 0x00, 0x00, 0x00, 0x00, 0x00, 0x00, 0x00, 0x00, 0x00,
    0x00, 0x00, 0x00, 0x00, 0x00, 0x00, 0x00, 0x00, 0x00, 0x00, 0x00, 0x00, 0x00, 0x00, 0x00, 0x00,
    0x00, 0x00, 0x00, 0x00, 0x00, 0x00, 0x00, 0x00, 0x00, 0x00, 0x00, 0x00, 0x00, 0x00, 0x00, 0x00,
    0x00, 0x00, 0x00, 0x00, 0x00, 0x00, 0x00, 0x00, 0x00, 0x00, 0x00, 0x00, 0x00, 0x00, 0x00, 0x00,
    0x00, 0x00, 0x00, 0x00, 0x00, 0x00, 0x00, 0x00, 0x00, 0x00, 0x00, 0x00, 0x00, 0x00, 0x00, 0x00,
    0x00, 0x00, 0x00, 0x00, 0x00, 0x00, 0x00, 0x00, 0x00, 0x00, 0x00, 0x00, 0x00, 0x00, 0x00, 0x00,
    0x00, 0x00, 0x00, 0x00, 0x00, 0x00, 0x00, 0x00, 0x00, 0x00, 0x00, 0x00, 0x00, 0x00, 0x00, 0x00,
    0x00, 0x00, 0x00, 0x00, 0x00, 0x00, 0x00, 0x00, 0x00, 0x00, 0x00, 0x00, 0x00, 0x00, 0x00, 0x00,
    0x00, 0x00, 0x00, 0x00, 0x00, 0x00, 0x00, 0x00, 0x00, 0x00, 0x00, 0x00, 0x00, 0x00, 0x00, 0x00,
    0x00, 0x00, 0x00, 0x00, 0x00, 0x00, 0x00, 0x00, 0x00, 0x00, 0x00, 0x00, 0x00, 0x00, 0x00, 0x00,
    0x00, 0x00, 0x00, 0x00, 0x00, 0x00, 0x00, 0x00, 0x00, 0x00, 0x00, 0x00, 0x00, 0x00, 0x00, 0x00,
    0x00, 0x00, 0x00, 0x00, 0x00, 0x00, 0x00, 0x00, 0x00, 0x00, 0x00, 0x00, 0x00, 0x00, 0x00, 0x00,
    0x00, 0x00, 0x00, 0x00, 0x00, 0x00, 0x00, 0x00, 0x00, 0x00, 0x00, 0x00, 0x00, 0x00, 0x00, 0x00,
    0x00, 0x00, 0x00, 0x00, 0x00, 0x00, 0x00, 0x00, 0x00, 0x00, 0x00, 0x00, 0x00, 0x00, 0x00, 0x00,
    0x00, 0x00, 0x00, 0x00, 0x00, 0x00, 0x00, 0x00, 0x00, 0x00, 0x00, 0x00, 0x00, 0x00, 0x00, 0x00,
    0x00, 0x00, 0x00, 0x00, 0x00, 0x00, 0x00, 0x00, 0x00, 0x00, 0x00, 0x00, 0x00, 0x00, 0x00, 0x00,
    0x00, 0x00, 0x00, 0x00, 0x00, 0x00, 0x00, 0x00, 0x00, 0x00, 0x00, 0x00, 0x00, 0x00, 0x00, 0x00,
    0x00, 0x00, 0x00, 0x00, 0x00, 0x00, 0x00, 0x00, 0x00, 0x00, 0x00, 0x00, 0x00, 0x00, 0x00, 0x00,
    0x00, 0x00, 0x00, 0x00, 0x00, 0x00, 0x00, 0x00, 0x00, 0x00, 0x00, 0x00, 0x00, 0x00, 0x00, 0x00,
    0x00, 0x00, 0x00, 0x00, 0x00, 0x00, 0x00, 0x00, 0x00, 0x00, 0x00, 0x00, 0x00, 0x00, 0x00, 0x00,
    0x00, 0x00, 0x00, 0x00, 0x00, 0x00, 0x00, 0x00, 0x00, 0x00, 0x00, 0x00, 0x00, 0x00, 0x00, 0x00,
    0x00, 0x00, 0x00, 0x00, 0x00, 0x00, 0x00, 0x00, 0x00, 0x00, 0x00, 0x00, 0x00, 0x00, 0x00, 0x00,
    0x00, 0x00, 0x00, 0x00, 0x00, 0x00, 0x00, 0x00, 0x00, 0x00, 0x00, 0x00, 0x00, 0x00, 0x00, 0x00,
    0x00, 0x00, 0x00, 0x00, 0x00, 0x00, 0x00, 0x00, 0x00, 0x00, 0x00, 0x00, 0x00, 0x00, 0x00, 0x00,
    0x00, 0x00, 0x00, 0x00, 0x00, 0x00, 0x00, 0x00, 0x00, 0x00, 0x00, 0x00, 0x00, 0x00, 0x00, 0x00,
    0x00, 0x00, 0x00, 0x00, 0x00, 0x00, 0xAD, 0x75, 0x00, 0x00, 0x32, 0x5B, 0x32, 0x39, 0x32, 0x3A,
    0x32, 0x5A, 0x32, 0x3A, 0x32, 0x3A, 0x32, 0x3A, 0x29, 0xD6, 0x00, 0x00, 0x5B, 0x7A, 0x74, 0x3F,
    0x6C, 0x1F, 0x6C, 0x1F, 0x6B, 0xFF, 0x6C, 0x1F, 0x6C, 0x1F, 0x74, 0x3F, 0x74, 0x3F, 0x74, 0x1F,
    0x74, 0x3F, 0x74, 0x3F, 0x74, 0x3F, 0x74, 0x1F, 0x74, 0x3F, 0x74, 0x5F, 0x7C, 0x7F, 0x74, 0x5F,
    0x74, 0x3F, 0x74, 0x3F, 0x74, 0x1F, 0x6C, 0x1F, 0x6C, 0x1F, 0x6C, 0x1F, 0x6C, 0x1F, 0x6B, 0xFF,
    0x6C, 0x1F, 0x6C, 0x1F, 0x74, 0x3F, 0x74, 0x3F, 0x74, 0x3F, 0x74, 0x3F, 0x74, 0x5F, 0x74, 0x5F,
    0x74, 0x5F, 0x74, 0x5F, 0x74, 0x3F, 0x74, 0x3F, 0x74, 0x3F, 0x74, 0x3F, 0x74, 0x3F, 0x74, 0x3F,
    0x74, 0x3F, 0x6C, 0x1F, 0x6C, 0x1F, 0x6B, 0xFF, 0x6C, 0x1F, 0x6C, 0x1F, 0x74, 0x3F, 0x6C, 0x1F,
    0x6C, 0x1F, 0x74, 0x3F, 0x74, 0x3F, 0x74, 0x5F, 0x74, 0x5F, 0x74, 0x3F, 0x74, 0x3F, 0x74, 0x3F,
    0x74, 0x3F, 0x74, 0x3F, 0x74, 0x3F, 0x74, 0x1F, 0x6C, 0x1F, 0x6C, 0x1F, 0x6C, 0x1F, 0x6B, 0xFF,
    0x6B, 0xFF, 0x6C, 0x1F, 0x6C, 0x1F, 0x6C, 0x1F, 0x6C, 0x1F, 0x74, 0x3F, 0x74, 0x3F, 0x74, 0x3F,
    0x74, 0x3F, 0x74, 0x3F, 0x7C, 0x5F, 0x7C, 0x5F, 0x7C, 0x5F, 0x74, 0x3F, 0x74, 0x3F, 0x74, 0x3F,
    0x32, 0x3B, 0x32, 0x3A, 0x32, 0x3B, 0x32, 0x5B, 0x32, 0x3A, 0x32, 0x3B, 0x32, 0x5C, 0x00, 0x00,
    0xAD, 0x55, 0x00, 0x00, 0x00, 0x00, 0x00, 0x00, 0x00, 0x00, 0x00, 0x00, 0x00, 0x00, 0x00, 0x00,
    0x00, 0x00, 0x00, 0x00, 0x00, 0x00, 0x00, 0x00, 0x00, 0x00, 0x00, 0x00, 0x00, 0x00, 0x00, 0x00,
    0x00, 0x00, 0x00, 0x00, 0x00, 0x00, 0x00, 0x00, 0x00, 0x00, 0x00, 0x00, 0x00, 0x00, 0x00, 0x00,
    0x00, 0x00, 0x00, 0x00, 0x00, 0x00, 0x00, 0x00, 0x00, 0x00, 0x00, 0x00, 0x00, 0x00, 0x00, 0x00,
    0x00, 0x00, 0x00, 0x00, 0x00, 0x00, 0x00, 0x00, 0x00, 0x00, 0x00, 0x00, 0x00, 0x00, 0x00, 0x00,
    0x00, 0x00, 0x00, 0x00, 0x00, 0x00, 0x00, 0x00, 0x00, 0x00, 0x00, 0x00, 0x00, 0x00, 0x00, 0x00,
    0x00, 0x00, 0x00, 0x00, 0x00, 0x00, 0x00, 0x00, 0x00, 0x00, 0x00, 0x00, 0x00, 0x00, 0x00, 0x00,
    0x00, 0x00, 0x00, 0x00, 0x00, 0x00, 0x00, 0x00, 0x00, 0x00, 0x00, 0x00, 0x00, 0x00, 0x00, 0x00,
    0x00, 0x00, 0x00, 0x00, 0x00, 0x00, 0x00, 0x00, 0x00, 0x00, 0x00, 0x00, 0x00, 0x00, 0x00, 0x00,
    0x00, 0x00, 0x00, 0x00, 0x00, 0x00, 0x00, 0x00, 0x00, 0x00, 0x00, 0x00, 0x00, 0x00, 0x00, 0x00,
    0x00, 0x00, 0x00, 0x00, 0x00, 0x00, 0x00, 0x00, 0x00, 0x00, 0x00, 0x00, 0x00, 0x00, 0x00, 0x00,
    0x00, 0x00, 0x00, 0x00, 0x00, 0x00, 0x00, 0x00, 0x00, 0x00, 0x00, 0x00, 0x00, 0x00, 0x00, 0x00,
    0x00, 0x00, 0x00, 0x00, 0x00, 0x00, 0x00, 0x00, 0x00, 0x00, 0x00, 0x00, 0x00, 0x00, 0x00, 0x00,
    0x00, 0x00, 0x00, 0x00, 0x00, 0x00, 0x00, 0x00, 0x00, 0x00, 0x00, 0x00, 0x00, 0x00, 0x00, 0x00,
    0x00, 0x00, 0x00, 0x00, 0x00, 0x00, 0x00, 0x00, 0x00, 0x00, 0x00, 0x00, 0x00, 0x00, 0x00, 0x00,
    0x00, 0x00, 0x00, 0x00, 0x00, 0x00, 0x00, 0x00, 0x00, 0x00, 0x00, 0x00, 0x00, 0x00, 0x00, 0x00,
    0x00, 0x00, 0x00, 0x00, 0x00, 0x00, 0x00, 0x00, 0x00, 0x00, 0x00, 0x00, 0x00, 0x00, 0x00, 0x00,
    0x00, 0x00, 0x00, 0x00, 0x00, 0x00, 0x00, 0x00, 0x00, 0x00, 0x00, 0x00, 0x00, 0x00, 0x00, 0x00,
    0x00, 0x00, 0x00, 0x00, 0x00, 0x00, 0x00, 0x00, 0x00, 0x00, 0x00, 0x00, 0x00, 0x00, 0x00, 0x00,
    0x00, 0x00, 0x00, 0x00, 0x00, 0x00, 0x00, 0x00, 0x00, 0x00, 0x00, 0x00, 0x00, 0x00, 0x00, 0x00,
    0x00, 0x00, 0x00, 0x00, 0x00, 0x00, 0x00, 0x00, 0x00, 0x00, 0x00, 0x00, 0x00, 0x00, 0x00, 0x00,
    0x00, 0x00, 0x00, 0x00, 0x00, 0x00, 0x00, 0x00, 0x00, 0x00, 0x00, 0x00, 0x00, 0x00, 0x00, 0x00,
    0x00, 0x00, 0x00, 0x00, 0x00, 0x00, 0x00, 0x00, 0x00, 0x00, 0x00, 0x00, 0x00, 0x00, 0x00, 0x00,
    0x00, 0x00, 0x00, 0x00, 0x00, 0x00, 0x00, 0x00, 0x00, 0x00, 0x00, 0x00, 0x00, 0x00, 0x00, 0x00,
    0x00, 0x00, 0x00, 0x00, 0x00, 0x00, 0x00, 0x00, 0x00, 0x00, 0x00, 0x00, 0x00, 0x00, 0x00, 0x00,
    0x00, 0x00, 0x00, 0x00, 0x00, 0x00, 0x00, 0x00, 0x00, 0x00, 0x00, 0x00, 0x00, 0x00, 0x00, 0x00,
    0x00, 0x00, 0x00, 0x00, 0x00, 0x00, 0x00, 0x00, 0x00, 0x00, 0x00, 0x00, 0x00, 0x00, 0x00, 0x00,
    0x00, 0x00, 0x00, 0x00, 0x00, 0x00, 0xAD, 0x75, 0x00, 0x00, 0x32, 0x19, 0x32, 0x18, 0x32, 0x39,
    0x32, 0x5A, 0x32, 0x5A, 0x32, 0x3A, 0x32, 0x3B, 0x29, 0xD6, 0x00, 0x00, 0x5B, 0x5A, 0x6C, 0x1F,
    0x6C, 0x1F, 0x6C, 0x1F, 0x6B, 0xFF, 0x6C, 0x1F, 0x6C, 0x1F, 0x74, 0x3F, 0x6C, 0x1F, 0x6C, 0x1F,
    0x74, 0x1F, 0x6C, 0x1F, 0x74, 0x3F, 0x74, 0x3F, 0x74, 0x3F, 0x74, 0x3F, 0x74, 0x3F, 0x74, 0x3F,
    0x6C, 0x1F, 0x6B, 0xFF, 0x6B, 0xFF, 0x6B, 0xFF, 0x6C, 0x1F, 0x6B, 0xFF, 0x6B, 0xFF, 0x6C, 0x1F,
    0x6C, 0x1F, 0x6C, 0x1F, 0x6C, 0x1F, 0x6C, 0x1F, 0x74, 0x1F, 0x74, 0x3F, 0x74, 0x5F, 0x74, 0x5F,
    0x74, 0x3F, 0x74, 0x1F, 0x74, 0x1F, 0x74, 0x3F, 0x74, 0x3F, 0x74, 0x3F, 0x74, 0x1F, 0x6C, 0x1F,
    0x6C, 0x1F, 0x6B, 0xFF, 0x6B, 0xFF, 0x6B, 0xFF, 0x6C, 0x1F, 0x6C, 0x1F, 0x6C, 0x1F, 0x6B, 0xFF,
    0x6C, 0x1F, 0x6C, 0x1F, 0x6C, 0x1F, 0x74, 0x3F, 0x74, 0x3F, 0x74, 0x1F, 0x74, 0x3F, 0x74, 0x3F,
    0x74, 0x5F, 0x74, 0x3F, 0x74, 0x1F, 0x6C, 0x1F, 0x6C, 0x1F, 0x6C, 0x1F, 0x6B, 0xFF, 0x6C, 0x1F,
    0x6C, 0x1F, 0x6C, 0x1F, 0x6C, 0x1F, 0x6C, 0x1F, 0x6B, 0xFF, 0x6C, 0x1F, 0x6C, 0x1F, 0x74, 0x3F,
    0x74, 0x3F, 0x74, 0x3F, 0x74, 0x5F, 0x74, 0x5F, 0x74, 0x3F, 0x74, 0x3F, 0x74, 0x3F, 0x74, 0x3F,
    0x32, 0x3B, 0x32, 0x3A, 0x32, 0x3A, 0x32, 0x3A, 0x32, 0x3A, 0x32, 0x3A, 0x32, 0x3B, 0x00, 0x00,
    0xAD, 0x55, 0x00, 0x00, 0x00, 0x00, 0x00, 0x00, 0x00, 0x00, 0x00, 0x00, 0x00, 0x00, 0x00, 0x00,
    0x00, 0x00, 0x00, 0x00, 0x00, 0x00, 0x00, 0x00, 0x00, 0x00, 0x00, 0x00, 0x00, 0x00, 0x00, 0x00,
    0x00, 0x00, 0x00, 0x00, 0x00, 0x00, 0x00, 0x00, 0x00, 0x00, 0x00, 0x00, 0x00, 0x00, 0x00, 0x00,
    0x00, 0x00, 0x00, 0x00, 0x00, 0x00, 0x00, 0x00, 0x00, 0x00, 0x00, 0x00, 0x00, 0x00, 0x00, 0x00,
    0x00, 0x00, 0x00, 0x00, 0x00, 0x00, 0x00, 0x00, 0x00, 0x00, 0x00, 0x00, 0x00, 0x00, 0x00, 0x00,
    0x00, 0x00, 0x00, 0x00, 0x00, 0x00, 0x00, 0x00, 0x00, 0x00, 0x00, 0x00, 0x00, 0x00, 0x00, 0x00,
    0x00, 0x00, 0x00, 0x00, 0x00, 0x00, 0x00, 0x00, 0x00, 0x00, 0x00, 0x00, 0x00, 0x00, 0x00, 0x00,
    0x00, 0x00, 0x00, 0x00, 0x00, 0x00, 0x00, 0x00, 0x00, 0x00, 0x00, 0x00, 0x00, 0x00, 0x00, 0x00,
    0x00, 0x00, 0x00, 0x00, 0x00, 0x00, 0x00, 0x00, 0x00, 0x00, 0x00, 0x00, 0x00, 0x00, 0x00, 0x00,
    0x00, 0x00, 0x00, 0x00, 0x00, 0x00, 0x00, 0x00, 0x00, 0x00, 0x00, 0x00, 0x00, 0x00, 0x00, 0x00,
    0x00, 0x00, 0x00, 0x00, 0x00, 0x00, 0x00, 0x00, 0x00, 0x00, 0x00, 0x00, 0x00, 0x00, 0x00, 0x00,
    0x00, 0x00, 0x00, 0x00, 0x00, 0x00, 0x00, 0x00, 0x00, 0x00, 0x00, 0x00, 0x00, 0x00, 0x00, 0x00,
    0x00, 0x00, 0x00, 0x00, 0x00, 0x00, 0x00, 0x00, 0x00, 0x00, 0x00, 0x00, 0x00, 0x00, 0x00, 0x00,
    0x00, 0x00, 0x00, 0x00, 0x00, 0x00, 0x00, 0x00, 0x00, 0x00, 0x00, 0x00, 0x00, 0x00, 0x00, 0x00,
    0x00, 0x00, 0x00, 0x00, 0x00, 0x00, 0x00, 0x00, 0x00, 0x00, 0x00, 0x00, 0x00, 0x00, 0x00, 0x00,
    0x00, 0x00, 0x00, 0x00, 0x00, 0x00, 0x00, 0x00, 0x00, 0x00, 0x00, 0x00, 0x00, 0x00, 0x00, 0x00,
    0x00, 0x00, 0x00, 0x00, 0x00, 0x00, 0x00, 0x00, 0x00, 0x00, 0x00, 0x00, 0x00, 0x00, 0x00, 0x00,
    0x00, 0x00, 0x00, 0x00, 0x00, 0x00, 0x00, 0x00, 0x00, 0x00, 0x00, 0x00, 0x00, 0x00, 0x00, 0x00,
    0x00, 0x00, 0x00, 0x00, 0x00, 0x00, 0x00, 0x00, 0x00, 0x00, 0x00, 0x00, 0x00, 0x00, 0x00, 0x00,
    0x00, 0x00, 0x00, 0x00, 0x00, 0x00, 0x00, 0x00, 0x00, 0x00, 0x00, 0x00, 0x00, 0x00, 0x00, 0x00,
    0x00, 0x00, 0x00, 0x00, 0x00, 0x00, 0x00, 0x00, 0x00, 0x00, 0x00, 0x00, 0x00, 0x00, 0x00, 0x00,
    0x00, 0x00, 0x00, 0x00, 0x00, 0x00, 0x00, 0x00, 0x00, 0x00, 0x00, 0x00, 0x00, 0x00, 0x00, 0x00,
    0x00, 0x00, 0x00, 0x00, 0x00, 0x00, 0x00, 0x00, 0x00, 0x00, 0x00, 0x00, 0x00, 0x00, 0x00, 0x00,
    0x00, 0x00, 0x00, 0x00, 0x00, 0x00, 0x00, 0x00, 0x00, 0x00, 0x00, 0x00, 0x00, 0x00, 0x00, 0x00,
    0x00, 0x00, 0x00, 0x00, 0x00, 0x00, 0x00, 0x00, 0x00, 0x00, 0x00, 0x00, 0x00, 0x00, 0x00, 0x00,
    0x00, 0x00, 0x00, 0x00, 0x00, 0x00, 0x00, 0x00, 0x00, 0x00, 0x00, 0x00, 0x00, 0x00, 0x00, 0x00,
    0x00, 0x00, 0x00, 0x00, 0x00, 0x00, 0x00, 0x00, 0x00, 0x00, 0x00, 0x00, 0x00, 0x00, 0x00, 0x00,
    0x00, 0x00, 0x00, 0x00, 0x00, 0x00, 0xAD, 0x75, 0x00, 0x00, 0x32, 0x1A, 0x32, 0x3A, 0x32, 0x3B,
    0x32, 0x3B, 0x32, 0x3A, 0x32, 0x1A, 0x32, 0x3A, 0x29, 0xD6, 0x00, 0x00, 0x5B, 0x5A, 0x6C, 0x1F,
    0x6B, 0xFF, 0x6B, 0xFF, 0x6B, 0xFF, 0x6B, 0xFF, 0x6B, 0xFF, 0x6C, 0x1F, 0x6B, 0xFF, 0x6C, 0x1F,
    0x6C, 0x1F, 0x74, 0x3F, 0x74, 0x1F, 0x74, 0x1F, 0x74, 0x3F, 0x74, 0x3F, 0x74, 0x3F, 0x74, 0x3F,
    0x6C, 0x1F, 0x6C, 0x1F, 0x6C, 0x1F, 0x6C, 0x1F, 0x6C, 0x1F, 0x6B, 0xFF, 0x6B, 0xDF, 0x6B, 0xFF,
    0x6B, 0xFF, 0x6B, 0xFF, 0x6B, 0xFF, 0x6B, 0xFF, 0x6B, 0xFF, 0x6C, 0x1F, 0x6C, 0x1F, 0x74, 0x3F,
    0x6C, 0x1F, 0x74, 0x1F, 0x74, 0x3F, 0x74, 0x3F, 0x74, 0x3F, 0x74, 0x1F, 0x6B, 0xFF, 0x6B, 0xFF,
    0x6C, 0x1F, 0x6B, 0xFF, 0x6B, 0xFF, 0x6B, 0xDF, 0x6B, 0xFF, 0x6B, 0xFF, 0x6B, 0xFF, 0x6B, 0xFF,
    0x6B, 0xFF, 0x6B, 0xFF, 0x6C, 0x1F, 0x74, 0x1F, 0x6C, 0x1F, 0x74, 0x1F, 0x74, 0x5F, 0x74, 0x5F,
    0x74, 0x3F, 0x74, 0x3F, 0x6C, 0x1F, 0x6C, 0x1F, 0x6B, 0xFF, 0x6B, 0xFF, 0x6B, 0xFF, 0x6B, 0xFF,
    0x6B, 0xFF, 0x6B, 0xFF, 0x6B, 0xFF, 0x6C, 0x1F, 0x6C, 0x1F, 0x6C, 0x1F, 0x6B, 0xFF, 0x6C, 0x1F,
    0x74, 0x1F, 0x74, 0x3F, 0x74, 0x3F, 0x74, 0x3F, 0x74, 0x3F, 0x74, 0x3F, 0x74, 0x3F, 0x6C, 0x1F,
    0x32, 0x3A, 0x32, 0x3A, 0x32, 0x1A, 0x32, 0x19, 0x2A, 0x1A, 0x32, 0x3A, 0x32, 0x3B, 0x00, 0x00,
    0xAD, 0x55, 0x00, 0x00, 0x00, 0x00, 0x00, 0x00, 0x00, 0x00, 0x00, 0x00, 0x00, 0x00, 0x00, 0x00,
    0x00, 0x00, 0x00, 0x00, 0x00, 0x00, 0x00, 0x00, 0x00, 0x00, 0x00, 0x00, 0x00, 0x00, 0x00, 0x00,
    0x00, 0x00, 0x00, 0x00, 0x00, 0x00, 0x00, 0x00, 0x00, 0x00, 0x00, 0x00, 0x00, 0x00, 0x00, 0x00,
    0x00, 0x00, 0x00, 0x00, 0x00, 0x00, 0x00, 0x00, 0x00, 0x00, 0x00, 0x00, 0x00, 0x00, 0x00, 0x00,
    0x00, 0x00, 0x00, 0x00, 0x00, 0x00, 0x00, 0x00, 0x00, 0x00, 0x00, 0x00, 0x00, 0x00, 0x00, 0x00,
    0x00, 0x00, 0x00, 0x00, 0x00, 0x00, 0x00, 0x00, 0x00, 0x00, 0x00, 0x00, 0x00, 0x00, 0x00, 0x00,
    0x00, 0x00, 0x00, 0x00, 0x00, 0x00, 0x00, 0x00, 0x00, 0x00, 0x00, 0x00, 0x00, 0x00, 0x00, 0x00,
    0x00, 0x00, 0x00, 0x00, 0x00, 0x00, 0x00, 0x00, 0x00, 0x00, 0x00, 0x00, 0x00, 0x00, 0x00, 0x00,
    0x00, 0x00, 0x00, 0x00, 0x00, 0x00, 0x00, 0x00, 0x00, 0x00, 0x00, 0x00, 0x00, 0x00, 0x00, 0x00,
    0x00, 0x00, 0x00, 0x00, 0x00, 0x00, 0x00, 0x00, 0x00, 0x00, 0x00, 0x00, 0x00, 0x00, 0x00, 0x00,
    0x00, 0x00, 0x00, 0x00, 0x00, 0x00, 0x00, 0x00, 0x00, 0x00, 0x00, 0x00, 0x00, 0x00, 0x00, 0x00,
    0x00, 0x00, 0x00, 0x00, 0x00, 0x00, 0x00, 0x00, 0x00, 0x00, 0x00, 0x00, 0x00, 0x00, 0x00, 0x00,
    0x00, 0x00, 0x00, 0x00, 0x00, 0x00, 0x00, 0x00, 0x00, 0x00, 0x00, 0x00, 0x00, 0x00, 0x00, 0x00,
    0x00, 0x00, 0x00, 0x00, 0x00, 0x00, 0x00, 0x00, 0x00, 0x00, 0x00, 0x00, 0x00, 0x00, 0x00, 0x00,
    0x00, 0x00, 0x00, 0x00, 0x00, 0x00, 0x00, 0x00, 0x00, 0x00, 0x00, 0x00, 0x00, 0x00, 0x00, 0x00,
    0x00, 0x00, 0x00, 0x00, 0x00, 0x00, 0x00, 0x00, 0x00, 0x00, 0x00, 0x00, 0x00, 0x00, 0x00, 0x00,
    0x00, 0x00, 0x00, 0x00, 0x00, 0x00, 0x00, 0x00, 0x00, 0x00, 0x00, 0x00, 0x00, 0x00, 0x00, 0x00,
    0x00, 0x00, 0x00, 0x00, 0x00, 0x00, 0x00, 0x00, 0x00, 0x00, 0x00, 0x00, 0x00, 0x00, 0x00, 0x00,
    0x00, 0x00, 0x00, 0x00, 0x00, 0x00, 0x00, 0x00, 0x00, 0x00, 0x00, 0x00, 0x00, 0x00, 0x00, 0x00,
    0x00, 0x00, 0x00, 0x00, 0x00, 0x00, 0x00, 0x00, 0x00, 0x00, 0x00, 0x00, 0x00, 0x00, 0x00, 0x00,
    0x00, 0x00, 0x00, 0x00, 0x00, 0x00, 0x00, 0x00, 0x00, 0x00, 0x00, 0x00, 0x00, 0x00, 0x00, 0x00,
    0x00, 0x00, 0x00, 0x00, 0x00, 0x00, 0x00, 0x00, 0x00, 0x00, 0x00, 0x00, 0x00, 0x00, 0x00, 0x00,
    0x00, 0x00, 0x00, 0x00, 0x00, 0x00, 0x00, 0x00, 0x00, 0x00, 0x00, 0x00, 0x00, 0x00, 0x00, 0x00,
    0x00, 0x00, 0x00, 0x00, 0x00, 0x00, 0x00, 0x00, 0x00, 0x00, 0x00, 0x00, 0x00, 0x00, 0x00, 0x00,
    0x00, 0x00, 0x00, 0x00, 0x00, 0x00, 0x00, 0x00, 0x00, 0x00, 0x00, 0x00, 0x00, 0x00, 0x00, 0x00,
    0x00, 0x00, 0x00, 0x00, 0x00, 0x00, 0x00, 0x00, 0x00, 0x00, 0x00, 0x00, 0x00, 0x00, 0x00, 0x00,
    0x00, 0x00, 0x00, 0x00, 0x00, 0x00, 0x00, 0x00, 0x00, 0x00, 0x00, 0x00, 0x00, 0x00, 0x00, 0x00,
    0x00, 0x00, 0x00, 0x00, 0x00, 0x00, 0xAD, 0x75, 0x00, 0x00, 0x32, 0x3A, 0x32, 0x3B, 0x32, 0x3B,
    0x32, 0x3A, 0x32, 0x1A, 0x32, 0x19, 0x32, 0x19, 0x29, 0xD6, 0x00, 0x00, 0x5B, 0x5A, 0x6B, 0xFF,
    0x6B, 0xFF, 0x6B, 0xDF, 0x63, 0xDF, 0x63, 0xDF, 0x6B, 0xFF, 0x6B, 0xFF, 0x6B, 0xFF, 0x6C, 0x1F,
    0x6C, 0x1F, 0x6C, 0x1F, 0x6C, 0x1F, 0x6C, 0x1F, 0x6C, 0x1F, 0x74, 0x3F, 0x74, 0x3F, 0x6C, 0x1F,
    0x6C, 0x1F, 0x6C, 0x1F, 0x6C, 0x1F, 0x6C, 0x1F, 0x6B, 0xFF, 0x6B, 0xFF, 0x6B, 0xDF, 0x63, 0xDF,
    0x63, 0xDF, 0x6B, 0xDF, 0x63, 0xDF, 0x6B, 0xFF, 0x6B, 0xFF, 0x6C, 0x1F, 0x6C, 0x1F, 0x6B, 0xFF,
    0x6B, 0xFF, 0x74, 0x1F, 0x74, 0x3F, 0x74, 0x3F, 0x6C, 0x1F, 0x6B, 0xFF, 0x6B, 0xFF, 0x6B, 0xFF,
    0x6C, 0x1F, 0x6B, 0xFF, 0x6B, 0xFF, 0x63, 0xFF, 0x6B, 0xFF, 0x6B, 0xFF, 0x6B, 0xFF, 0x6C, 0x1F,
    0x6C, 0x1F, 0x6B, 0xFF, 0x6C, 0x1F, 0x6C, 0x1F, 0x6C, 0x1F, 0x74, 0x3F, 0x74, 0x3F, 0x74, 0x3F,
    0x6C, 0x1F, 0x6C, 0x1F, 0x6C, 0x1F, 0x6B, 0xFF, 0x6B, 0xFF, 0x6B, 0xFF, 0x6B, 0xFF, 0x6B, 0xFF,
    0x6B, 0xFF, 0x6B, 0xFF, 0x6B, 0xFF, 0x6B, 0xFF, 0x6C, 0x1F, 0x6B, 0xFF, 0x6B, 0xFF, 0x6B, 0xFF,
    0x6C, 0x1F, 0x6C, 0x1F, 0x74, 0x3F, 0x74, 0x3F, 0x74, 0x3F, 0x6C, 0x1F, 0x74, 0x3F, 0x6C, 0x1F,
    0x32, 0x1A, 0x2A, 0x19, 0x2A, 0x19, 0x2A, 0x1A, 0x32, 0x3B, 0x32, 0x3B, 0x32, 0x3B, 0x00, 0x00,
    0xAD, 0x55, 0x00, 0x00, 0x00, 0x00, 0x00, 0x00, 0x00, 0x00, 0x00, 0x00, 0x00, 0x00, 0x00, 0x00,
    0x00, 0x00, 0x00, 0x00, 0x00, 0x00, 0x00, 0x00, 0x00, 0x00, 0x00, 0x00, 0x00, 0x00, 0x00, 0x00,
    0x00, 0x00, 0x00, 0x00, 0x00, 0x00, 0x00, 0x00, 0x00, 0x00, 0x00, 0x00, 0x00, 0x00, 0x00, 0x00,
    0x00, 0x00, 0x00, 0x00, 0x00, 0x00, 0x00, 0x00, 0x00, 0x00, 0x00, 0x00, 0x00, 0x00, 0x00, 0x00,
    0x00, 0x00, 0x00, 0x00, 0x00, 0x00, 0x00, 0x00, 0x00, 0x00, 0x00, 0x00, 0x00, 0x00, 0x00, 0x00,
    0x00, 0x00, 0x00, 0x00, 0x00, 0x00, 0x00, 0x00, 0x00, 0x00, 0x00, 0x00, 0x00, 0x00, 0x00, 0x00,
    0x00, 0x00, 0x00, 0x00, 0x00, 0x00, 0x00, 0x00, 0x00, 0x00, 0x00, 0x00, 0x00, 0x00, 0x00, 0x00,
    0x00, 0x00, 0x00, 0x00, 0x00, 0x00, 0x00, 0x00, 0x00, 0x00, 0x00, 0x00, 0x00, 0x00, 0x00, 0x00,
    0x00, 0x00, 0x00, 0x00, 0x00, 0x00, 0x00, 0x00, 0x00, 0x00, 0x00, 0x00, 0x00, 0x00, 0x00, 0x00,
    0x00, 0x00, 0x00, 0x00, 0x00, 0x00, 0x00, 0x00, 0x00, 0x00, 0x00, 0x00, 0x00, 0x00, 0x00, 0x00,
    0x00, 0x00, 0x00, 0x00, 0x00, 0x00, 0x00, 0x00, 0x00, 0x00, 0x00, 0x00, 0x00, 0x00, 0x00, 0x00,
    0x00, 0x00, 0x00, 0x00, 0x00, 0x00, 0x00, 0x00, 0x00, 0x00, 0x00, 0x00, 0x00, 0x00, 0x00, 0x00,
    0x00, 0x00, 0x00, 0x00, 0x00, 0x00, 0x00, 0x00, 0x00, 0x00, 0x00, 0x00, 0x00, 0x00, 0x00, 0x00,
    0x00, 0x00, 0x00, 0x00, 0x00, 0x00, 0x00, 0x00, 0x00, 0x00, 0x00, 0x00, 0x00, 0x00, 0x00, 0x00,
    0x00, 0x00, 0x00, 0x00, 0x00, 0x00, 0x00, 0x00, 0x00, 0x00, 0x00, 0x00, 0x00, 0x00, 0x00, 0x00,
    0x00, 0x00, 0x00, 0x00, 0x00, 0x00, 0x00, 0x00, 0x00, 0x00, 0x00, 0x00, 0x00, 0x00, 0x00, 0x00,
    0x00, 0x00, 0x00, 0x00, 0x00, 0x00, 0x00, 0x00, 0x00, 0x00, 0x00, 0x00, 0x00, 0x00, 0x00, 0x00,
    0x00, 0x00, 0x00, 0x00, 0x00, 0x00, 0x00, 0x00, 0x00, 0x00, 0x00, 0x00, 0x00, 0x00, 0x00, 0x00,
    0x00, 0x00, 0x00, 0x00, 0x00, 0x00, 0x00, 0x00, 0x00, 0x00, 0x00, 0x00, 0x00, 0x00, 0x00, 0x00,
    0x00, 0x00, 0x00, 0x00, 0x00, 0x00, 0x00, 0x00, 0x00, 0x00, 0x00, 0x00, 0x00, 0x00, 0x00, 0x00,
    0x00, 0x00, 0x00, 0x00, 0x00, 0x00, 0x00, 0x00, 0x00, 0x00, 0x00, 0x00, 0x00, 0x00, 0x00, 0x00,
    0x00, 0x00, 0x00, 0x00, 0x00, 0x00, 0x00, 0x00, 0x00, 0x00, 0x00, 0x00, 0x00, 0x00, 0x00, 0x00,
    0x00, 0x00, 0x00, 0x00, 0x00, 0x00, 0x00, 0x00, 0x00, 0x00, 0x00, 0x00, 0x00, 0x00, 0x00, 0x00,
    0x00, 0x00, 0x00, 0x00, 0x00, 0x00, 0x00, 0x00, 0x00, 0x00, 0x00, 0x00, 0x00, 0x00, 0x00, 0x00,
    0x00, 0x00, 0x00, 0x00, 0x00, 0x00, 0x00, 0x00, 0x00, 0x00, 0x00, 0x00, 0x00, 0x00, 0x00, 0x00,
    0x00, 0x00, 0x00, 0x00, 0x00, 0x00, 0x00, 0x00, 0x00, 0x00, 0x00, 0x00, 0x00, 0x00, 0x00, 0x00,
    0x00, 0x00, 0x00, 0x00, 0x00, 0x00, 0x00, 0x00, 0x00, 0x00, 0x00, 0x00, 0x00, 0x00, 0x00, 0x00,
    0x00, 0x00, 0x00, 0x00, 0x00, 0x00, 0xAD, 0x75, 0x00, 0x00, 0x32, 0x3A, 0x32, 0x3A, 0x32, 0x3A,
    0x32, 0x3A, 0x32, 0x3A, 0x32, 0x3B, 0x32, 0x3B, 0x21, 0xB6, 0x00, 0x00, 0x5B, 0x5A, 0x6B, 0xDF,
    0x6B, 0xDF, 0x6B, 0xFF, 0x6B, 0xFF, 0x6B, 0xFF, 0x6B, 0xFF, 0x6B, 0xFF, 0x6B, 0xFF, 0x6B, 0xFF,
    0x6C, 0x1F, 0x6C, 0x1F, 0x6B, 0xFF, 0x6C, 0x1F, 0x74, 0x3F, 0x74, 0x3F, 0x74, 0x3F, 0x6C, 0x1F,
    0x6C, 0x1F, 0x6C, 0x1F, 0x6C, 0x1F, 0x6B, 0xFF, 0x6B, 0xFF, 0x6B, 0xFF, 0x6B, 0xFF, 0x6B, 0xFF,
    0x6B, 0xFF, 0x63, 0xFF, 0x6B, 0xFF, 0x6B, 0xFF, 0x6B, 0xFF, 0x6C, 0x1F, 0x6B, 0xFF, 0x6B, 0xFF,
    0x6B, 0xFF, 0x6C, 0x1F, 0x74, 0x3F, 0x6C, 0x1F, 0x6B, 0xFF, 0x6B, 0xFF, 0x6B, 0xFF, 0x6C, 0x1F,
    0x6B, 0xFF, 0x6B, 0xFF, 0x6B, 0xFF, 0x6B, 0xFF, 0x6B, 0xFF, 0x6B, 0xFF, 0x63, 0xDF, 0x6B, 0xFF,
    0x6B, 0xFF, 0x6B, 0xFF, 0x6C, 0x1F, 0x6B, 0xFF, 0x6C, 0x1F, 0x74, 0x3F, 0x74, 0x3F, 0x6C, 0x1F,
    0x6C, 0x1F, 0x6B, 0xFF, 0x6B, 0xFF, 0x6B, 0xFF, 0x6B, 0xFF, 0x6B, 0xFF, 0x6B, 0xFF, 0x6B, 0xFF,
    0x6B, 0xFF, 0x6B, 0xFF, 0x6B, 0xFF, 0x6B, 0xFF, 0x6B, 0xFF, 0x6B, 0xDF, 0x6B, 0xFF, 0x6B, 0xFF,
    0x6C, 0x1F, 0x6C, 0x1F, 0x74, 0x3F, 0x74, 0x3F, 0x6C, 0x1F, 0x6C, 0x1F, 0x6C, 0x1F, 0x6C, 0x1F,
    0x2A, 0x1A, 0x2A, 0x1A, 0x32, 0x1A, 0x32, 0x3C, 0x32, 0x3C, 0x32, 0x3C, 0x2A, 0x3B, 0x00, 0x00,
    0xAD, 0x55, 0x00, 0x00, 0x00, 0x00, 0x00, 0x00, 0x00, 0x00, 0x00, 0x00, 0x00, 0x00, 0x00, 0x00,
    0x00, 0x00, 0x00, 0x00, 0x00, 0x00, 0x00, 0x00, 0x00, 0x00, 0x00, 0x00, 0x00, 0x00, 0x00, 0x00,
    0x00, 0x00, 0x00, 0x00, 0x00, 0x00, 0x00, 0x00, 0x00, 0x00, 0x00, 0x00, 0x00, 0x00, 0x00, 0x00,
    0x00, 0x00, 0x00, 0x00, 0x00, 0x00, 0x00, 0x00, 0x00, 0x00, 0x00, 0x00, 0x00, 0x00, 0x00, 0x00,
    0x00, 0x00, 0x00, 0x00, 0x00, 0x00, 0x00, 0x00, 0x00, 0x00, 0x00, 0x00, 0x00, 0x00, 0x00, 0x00,
    0x00, 0x00, 0x00, 0x00, 0x00, 0x00, 0x00, 0x00, 0x00, 0x00, 0x00, 0x00, 0x00, 0x00, 0x00, 0x00,
    0x00, 0x00, 0x00, 0x00, 0x00, 0x00, 0x00, 0x00, 0x00, 0x00, 0x00, 0x00, 0x00, 0x00, 0x00, 0x00,
    0x00, 0x00, 0x00, 0x00, 0x00, 0x00, 0x00, 0x00, 0x00, 0x00, 0x00, 0x00, 0x00, 0x00, 0x00, 0x00,
    0x00, 0x00, 0x00, 0x00, 0x00, 0x00, 0x00, 0x00, 0x00, 0x00, 0x00, 0x00, 0x00, 0x00, 0x00, 0x00,
    0x00, 0x00, 0x00, 0x00, 0x00, 0x00, 0x00, 0x00, 0x00, 0x00, 0x00, 0x00, 0x00, 0x00, 0x00, 0x00,
    0x00, 0x00, 0x00, 0x00, 0x00, 0x00, 0x00, 0x00, 0x00, 0x00, 0x00, 0x00, 0x00, 0x00, 0x00, 0x00,
    0x00, 0x00, 0x00, 0x00, 0x00, 0x00, 0x00, 0x00, 0x00, 0x00, 0x00, 0x00, 0x00, 0x00, 0x00, 0x00,
    0x00, 0x00, 0x00, 0x00, 0x00, 0x00, 0x00, 0x00, 0x00, 0x00, 0x00, 0x00, 0x00, 0x00, 0x00, 0x00,
    0x00, 0x00, 0x00, 0x00, 0x00, 0x00, 0x00, 0x00, 0x00, 0x00, 0x00, 0x00, 0x00, 0x00, 0x00, 0x00,
    0x00, 0x00, 0x00, 0x00, 0x00, 0x00, 0x00, 0x00, 0x00, 0x00, 0x00, 0x00, 0x00, 0x00, 0x00, 0x00,
    0x00, 0x00, 0x00, 0x00, 0x00, 0x00, 0x00, 0x00, 0x00, 0x00, 0x00, 0x00, 0x00, 0x00, 0x00, 0x00,
    0x00, 0x00, 0x00, 0x00, 0x00, 0x00, 0x00, 0x00, 0x00, 0x00, 0x00, 0x00, 0x00, 0x00, 0x00, 0x00,
    0x00, 0x00, 0x00, 0x00, 0x00, 0x00, 0x00, 0x00, 0x00, 0x00, 0x00, 0x00, 0x00, 0x00, 0x00, 0x00,
    0x00, 0x00, 0x00, 0x00, 0x00, 0x00, 0x00, 0x00, 0x00, 0x00, 0x00, 0x00, 0x00, 0x00, 0x00, 0x00,
    0x00, 0x00, 0x00, 0x00, 0x00, 0x00, 0x00, 0x00, 0x00, 0x00, 0x00, 0x00, 0x00, 0x00, 0x00, 0x00,
    0x00, 0x00, 0x00, 0x00, 0x00, 0x00, 0x00, 0x00, 0x00, 0x00, 0x00, 0x00, 0x00, 0x00, 0x00, 0x00,
    0x00, 0x00, 0x00, 0x00, 0x00, 0x00, 0x00, 0x00, 0x00, 0x00, 0x00, 0x00, 0x00, 0x00, 0x00, 0x00,
    0x00, 0x00, 0x00, 0x00, 0x00, 0x00, 0x00, 0x00, 0x00, 0x00, 0x00, 0x00, 0x00, 0x00, 0x00, 0x00,
    0x00, 0x00, 0x00, 0x00, 0x00, 0x00, 0x00, 0x00, 0x00, 0x00, 0x00, 0x00, 0x00, 0x00, 0x00, 0x00,
    0x00, 0x00, 0x00, 0x00, 0x00, 0x00, 0x00, 0x00, 0x00, 0x00, 0x00, 0x00, 0x00, 0x00, 0x00, 0x00,
    0x00, 0x00, 0x00, 0x00, 0x00, 0x00, 0x00, 0x00, 0x00, 0x00, 0x00, 0x00, 0x00, 0x00, 0x00, 0x00,
    0x00, 0x00, 0x00, 0x00, 0x00, 0x00, 0x00, 0x00, 0x00, 0x00, 0x00, 0x00, 0x00, 0x00, 0x00, 0x00,
    0x00, 0x00, 0x00, 0x00, 0x00, 0x00, 0xAD, 0x75, 0x00, 0x00, 0x32, 0x1A, 0x32, 0x1A, 0x32, 0x1A,
    0x32, 0x3B, 0x32, 0x3B, 0x32, 0x3B, 0x32, 0x3C, 0x21, 0xB6, 0x00, 0x00, 0x53, 0x3A, 0x6B, 0xDF,
    0x63, 0xFF, 0x6B, 0xFF, 0x6B, 0xFF, 0x6B, 0xFF, 0x6B, 0xFF, 0x6B, 0xFF, 0x6B, 0xFF, 0x6B, 0xFF,
    0x6B, 0xFF, 0x6B, 0xFF, 0x6B, 0xFF, 0x6C, 0x1F, 0x6C, 0x1F, 0x6C, 0x1F, 0x6C, 0x1F, 0x6C, 0x1F,
    0x6C, 0x1F, 0x6C, 0x1F, 0x6B, 0xFF, 0x6B, 0xFF, 0x6B, 0xFF, 0x6B, 0xFF, 0x6B, 0xFF, 0x6B, 0xFF,
    0x6B, 0xFF, 0x6B, 0xDF, 0x6B, 0xFF, 0x6B, 0xFF, 0x6C, 0x1F, 0x6B, 0xFF, 0x6B, 0xFF, 0x6B, 0xFF,
    0x6C, 0x1F, 0x6C, 0x1F, 0x6C, 0x1F, 0x6B, 0xFF, 0x6B, 0xFF, 0x6C, 0x1F, 0x6B, 0xFF, 0x6B, 0xFF,
    0x6B, 0xFF, 0x6B, 0xFF, 0x6B, 0xFF, 0x6B, 0xFF, 0x6B, 0xFF, 0x6B, 0xFF, 0x63, 0xDF, 0x63, 0xDF,
    0x63, 0xFF, 0x6B, 0xFF, 0x6B, 0xFF, 0x6B, 0xFF, 0x6B, 0xFF, 0x6B, 0xFF, 0x6B, 0xFF, 0x6B, 0xFF,
    0x6B, 0xFF, 0x6B, 0xFF, 0x6B, 0xFF, 0x6B, 0xFF, 0x6B, 0xFF, 0x6B, 0xFF, 0x6B, 0xDF, 0x6B, 0xDF,
    0x6B, 0xDF, 0x63, 0xDF, 0x63, 0xDF, 0x63, 0xDF, 0x63, 0xDF, 0x6B, 0xDF, 0x6B, 0xFF, 0x6C, 0x1F,
    0x74, 0x3F, 0x6C, 0x1F, 0x6C, 0x1F, 0x6C, 0x1F, 0x6C, 0x1F, 0x6C, 0x1F, 0x6C, 0x1F, 0x6B, 0xFF,
    0x2A, 0x1A, 0x2A, 0x1B, 0x32, 0x3C, 0x32, 0x3C, 0x32, 0x3C, 0x2A, 0x1A, 0x29, 0xF9, 0x00, 0x00,
    0xAD, 0x55, 0x00, 0x00, 0x00, 0x00, 0x00, 0x00, 0x00, 0x00, 0x00, 0x00, 0x00, 0x00, 0x00, 0x00,
    0x00, 0x00, 0x00, 0x00, 0x00, 0x00, 0x00, 0x00, 0x00, 0x00, 0x00, 0x00, 0x00, 0x00, 0x00, 0x00,
    0x00, 0x00, 0x00, 0x00, 0x00, 0x00, 0x00, 0x00, 0x00, 0x00, 0x00, 0x00, 0x00, 0x00, 0x00, 0x00,
    0x00, 0x00, 0x00, 0x00, 0x00, 0x00, 0x00, 0x00, 0x00, 0x00, 0x00, 0x00, 0x00, 0x00, 0x00, 0x00,
    0x00, 0x00, 0x00, 0x00, 0x00, 0x00, 0x00, 0x00, 0x00, 0x00, 0x00, 0x00, 0x00, 0x00, 0x00, 0x00,
    0x00, 0x00, 0x00, 0x00, 0x00, 0x00, 0x00, 0x00, 0x00, 0x00, 0x00, 0x00, 0x00, 0x00, 0x00, 0x00,
    0x00, 0x00, 0x00, 0x00, 0x00, 0x00, 0x00, 0x00, 0x00, 0x00, 0x00, 0x00, 0x00, 0x00, 0x00, 0x00,
    0x00, 0x00, 0x00, 0x00, 0x00, 0x00, 0x00, 0x00, 0x00, 0x00, 0x00, 0x00, 0x00, 0x00, 0x00, 0x00,
    0x00, 0x00, 0x00, 0x00, 0x00, 0x00, 0x00, 0x00, 0x00, 0x00, 0x00, 0x00, 0x00, 0x00, 0x00, 0x00,
    0x00, 0x00, 0x00, 0x00, 0x00, 0x00, 0x00, 0x00, 0x00, 0x00, 0x00, 0x00, 0x00, 0x00, 0x00, 0x00,
    0x00, 0x00, 0x00, 0x00, 0x00, 0x00, 0x00, 0x00, 0x00, 0x00, 0x00, 0x00, 0x00, 0x00, 0x00, 0x00,
    0x00, 0x00, 0x00, 0x00, 0x00, 0x00, 0x00, 0x00, 0x00, 0x00, 0x00, 0x00, 0x00, 0x00, 0x00, 0x00,
    0x00, 0x00, 0x00, 0x00, 0x00, 0x00, 0x00, 0x00, 0x00, 0x00, 0x00, 0x00, 0x00, 0x00, 0x00, 0x00,
    0x00, 0x00, 0x00, 0x00, 0x00, 0x00, 0x00, 0x00, 0x00, 0x00, 0x00, 0x00, 0x00, 0x00, 0x00, 0x00,
    0x00, 0x00, 0x00, 0x00, 0x00, 0x00, 0x00, 0x00, 0x00, 0x00, 0x00, 0x00, 0x00, 0x00, 0x00, 0x00,
    0x00, 0x00, 0x00, 0x00, 0x00, 0x00, 0x00, 0x00, 0x00, 0x00, 0x00, 0x00, 0x00, 0x00, 0x00, 0x00,
    0x00, 0x00, 0x00, 0x00, 0x00, 0x00, 0x00, 0x00, 0x00, 0x00, 0x00, 0x00, 0x00, 0x00, 0x00, 0x00,
    0x00, 0x00, 0x00, 0x00, 0x00, 0x00, 0x00, 0x00, 0x00, 0x00, 0x00, 0x00, 0x00, 0x00, 0x00, 0x00,
    0x00, 0x00, 0x00, 0x00, 0x00, 0x00, 0x00, 0x00, 0x00, 0x00, 0x00, 0x00, 0x00, 0x00, 0x00, 0x00,
    0x00, 0x00, 0x00, 0x00, 0x00, 0x00, 0x00, 0x00, 0x00, 0x00, 0x00, 0x00, 0x00, 0x00, 0x00, 0x00,
    0x00, 0x00, 0x00, 0x00, 0x00, 0x00, 0x00, 0x00, 0x00, 0x00, 0x00, 0x00, 0x00, 0x00, 0x00, 0x00,
    0x00, 0x00, 0x00, 0x00, 0x00, 0x00, 0x00, 0x00, 0x00, 0x00, 0x00, 0x00, 0x00, 0x00, 0x00, 0x00,
    0x00, 0x00, 0x00, 0x00, 0x00, 0x00, 0x00, 0x00, 0x00, 0x00, 0x00, 0x00, 0x00, 0x00, 0x00, 0x00,
    0x00, 0x00, 0x00, 0x00, 0x00, 0x00, 0x00, 0x00, 0x00, 0x00, 0x00, 0x00, 0x00, 0x00, 0x00, 0x00,
    0x00, 0x00, 0x00, 0x00, 0x00, 0x00, 0x00, 0x00, 0x00, 0x00, 0x00, 0x00, 0x00, 0x00, 0x00, 0x00,
    0x00, 0x00, 0x00, 0x00, 0x00, 0x00, 0x00, 0x00, 0x00, 0x00, 0x00, 0x00, 0x00, 0x00, 0x00, 0x00,
    0x00, 0x00, 0x00, 0x00, 0x00, 0x00, 0x00, 0x00, 0x00, 0x00, 0x00, 0x00, 0x00, 0x00, 0x00, 0x00,
    0x00, 0x00, 0x00, 0x00, 0x00, 0x00, 0xAD, 0x75, 0x00, 0x00, 0x2A, 0x19, 0x29, 0xF9, 0x2A, 0x19,
    0x2A, 0x1A, 0x2A, 0x1B, 0x2A, 0x1A, 0x2A, 0x19, 0x21, 0xB6, 0x00, 0x00, 0x53, 0x3A, 0x6B, 0xFF,
    0x6B, 0xFF, 0x6C, 0x1F, 0x6B, 0xFF, 0x63, 0xDF, 0x63, 0xDF, 0x63, 0xDF, 0x63, 0xDF, 0x6B, 0xFF,
    0x63, 0xFF, 0x63, 0xDF, 0x6B, 0xDF, 0x6B, 0xFF, 0x6B, 0xFF, 0x6B, 0xFF, 0x6B, 0xFF, 0x6B, 0xFF,
    0x6B, 0xFF, 0x6B, 0xDF, 0x63, 0xDF, 0x63, 0xDF, 0x63, 0xFF, 0x6B, 0xFF, 0x63, 0xDF, 0x63, 0xDF,
    0x63, 0xBF, 0x63, 0xDF, 0x6B, 0xDF, 0x6B, 0xFF, 0x6B, 0xFF, 0x63, 0xFF, 0x6B, 0xFF, 0x6B, 0xFF,
    0x6C, 0x1F, 0x6C, 0x1F, 0x6C, 0x1F, 0x6B, 0xFF, 0x6B, 0xFF, 0x6B, 0xFF, 0x6B, 0xFF, 0x6B, 0xFF,
    0x6B, 0xFF, 0x6B, 0xFF, 0x6B, 0xFF, 0x6B, 0xFF, 0x6B, 0xFF, 0x6B, 0xDF, 0x63, 0xDF, 0x63, 0xDF,
    0x6B, 0xFF, 0x6B, 0xFF, 0x6B, 0xFF, 0x6B, 0xFF, 0x6C, 0x1F, 0x6C, 0x1F, 0x6C, 0x1F, 0x6C, 0x1F,
    0x6C, 0x1F, 0x6C, 0x1F, 0x6B, 0xFF, 0x6B, 0xFF, 0x6B, 0xFF, 0x6B, 0xFF, 0x6B, 0xDF, 0x6B, 0xFF,
    0x6B, 0xFF, 0x6B, 0xDF, 0x63, 0xDF, 0x63, 0xDF, 0x63, 0xDF, 0x6B, 0xFF, 0x6C, 0x1F, 0x6C, 0x1F,
    0x6C, 0x1F, 0x6B, 0xFF, 0x6B, 0xFF, 0x6B, 0xFF, 0x6B, 0xFF, 0x6C, 0x1F, 0x6B, 0xFF, 0x6B, 0xFF,
    0x2A, 0x1A, 0x32, 0x3C, 0x32, 0x3C, 0x32, 0x3B, 0x2A, 0x1A, 0x29, 0xF8, 0x29, 0xF9, 0x00, 0x00,
    0xAD, 0x55, 0x00, 0x00, 0x00, 0x00, 0x00, 0x00, 0x00, 0x00, 0x00, 0x00, 0x00, 0x00, 0x00, 0x00,
    0x00, 0x00, 0x00, 0x00, 0x00, 0x00, 0x00, 0x00, 0x00, 0x00, 0x00, 0x00, 0x00, 0x00, 0x00, 0x00,
    0x00, 0x00, 0x00, 0x00, 0x00, 0x00, 0x00, 0x00, 0x00, 0x00, 0x00, 0x00, 0x00, 0x00, 0x00, 0x00,
    0x00, 0x00, 0x00, 0x00, 0x00, 0x00, 0x00, 0x00, 0x00, 0x00, 0x00, 0x00, 0x00, 0x00, 0x00, 0x00,
    0x00, 0x00, 0x00, 0x00, 0x00, 0x00, 0x00, 0x00, 0x00, 0x00, 0x00, 0x00, 0x00, 0x00, 0x00, 0x00,
    0x00, 0x00, 0x00, 0x00, 0x00, 0x00, 0x00, 0x00, 0x00, 0x00, 0x00, 0x00, 0x00, 0x00, 0x00, 0x00,
    0x00, 0x00, 0x00, 0x00, 0x00, 0x00, 0x00, 0x00, 0x00, 0x00, 0x00, 0x00, 0x00, 0x00, 0x00, 0x00,
    0x00, 0x00, 0x00, 0x00, 0x00, 0x00, 0x00, 0x00, 0x00, 0x00, 0x00, 0x00, 0x00, 0x00, 0x00, 0x00,
    0x00, 0x00, 0x00, 0x00, 0x00, 0x00, 0x00, 0x00, 0x00, 0x00, 0x00, 0x00, 0x00, 0x00, 0x00, 0x00,
    0x00, 0x00, 0x00, 0x00, 0x00, 0x00, 0x00, 0x00, 0x00, 0x00, 0x00, 0x00, 0x00, 0x00, 0x00, 0x00,
    0x00, 0x00, 0x00, 0x00, 0x00, 0x00, 0x00, 0x00, 0x00, 0x00, 0x00, 0x00, 0x00, 0x00, 0x00, 0x00,
    0x00, 0x00, 0x00, 0x00, 0x00, 0x00, 0x00, 0x00, 0x00, 0x00, 0x00, 0x00, 0x00, 0x00, 0x00, 0x00,
    0x00, 0x00, 0x00, 0x00, 0x00, 0x00, 0x00, 0x00, 0x00, 0x00, 0x00, 0x00, 0x00, 0x00, 0x00, 0x00,
    0x00, 0x00, 0x00, 0x00, 0x00, 0x00, 0x00, 0x00, 0x00, 0x00, 0x00, 0x00, 0x00, 0x00, 0x00, 0x00,
    0x00, 0x00, 0x00, 0x00, 0x00, 0x00, 0x00, 0x00, 0x00, 0x00, 0x00, 0x00, 0x00, 0x00, 0x00, 0x00,
    0x00, 0x00, 0x00, 0x00, 0x00, 0x00, 0x00, 0x00, 0x00, 0x00, 0x00, 0x00, 0x00, 0x00, 0x00, 0x00,
    0x00, 0x00, 0x00, 0x00, 0x00, 0x00, 0x00, 0x00, 0x00, 0x00, 0x00, 0x00, 0x00, 0x00, 0x00, 0x00,
    0x00, 0x00, 0x00, 0x00, 0x00, 0x00, 0x00, 0x00, 0x00, 0x00, 0x00, 0x00, 0x00, 0x00, 0x00, 0x00,
    0x00, 0x00, 0x00, 0x00, 0x00, 0x00, 0x00, 0x00, 0x00, 0x00, 0x00, 0x00, 0x00, 0x00, 0x00, 0x00,
    0x00, 0x00, 0x00, 0x00, 0x00, 0x00, 0x00, 0x00, 0x00, 0x00, 0x00, 0x00, 0x00, 0x00, 0x00, 0x00,
    0x00, 0x00, 0x00, 0x00, 0x00, 0x00, 0x00, 0x00, 0x00, 0x00, 0x00, 0x00, 0x00, 0x00, 0x00, 0x00,
    0x00, 0x00, 0x00, 0x00, 0x00, 0x00, 0x00, 0x00, 0x00, 0x00, 0x00, 0x00, 0x00, 0x00, 0x00, 0x00,
    0x00, 0x00, 0x00, 0x00, 0x00, 0x00, 0x00, 0x00, 0x00, 0x00, 0x00, 0x00, 0x00, 0x00, 0x00, 0x00,
    0x00, 0x00, 0x00, 0x00, 0x00, 0x00, 0x00, 0x00, 0x00, 0x00, 0x00, 0x00, 0x00, 0x00, 0x00, 0x00,
    0x00, 0x00, 0x00, 0x00, 0x00, 0x00, 0x00, 0x00, 0x00, 0x00, 0x00, 0x00, 0x00, 0x00, 0x00, 0x00,
    0x00, 0x00, 0x00, 0x00, 0x00, 0x00, 0x00, 0x00, 0x00, 0x00, 0x00, 0x00, 0x00, 0x00, 0x00, 0x00,
    0x00, 0x00, 0x00, 0x00, 0x00, 0x00, 0x00, 0x00, 0x00, 0x00, 0x00, 0x00, 0x00, 0x00, 0x00, 0x00,
    0x00, 0x00, 0x00, 0x00, 0x00, 0x00, 0xAD, 0x75, 0x00, 0x00, 0x29, 0xF9, 0x29, 0xF9, 0x2A, 0x19,
    0x2A, 0x1A, 0x2A, 0x1A, 0x29, 0xF9, 0x29, 0xF9, 0x21, 0xB5, 0x00, 0x00, 0x53, 0x3A, 0x6B, 0xFF,
    0x6C, 0x1F, 0x6B, 0xFF, 0x63, 0xDF, 0x63, 0xBF, 0x63, 0xBF, 0x63, 0xDF, 0x6B, 0xFF, 0x6B, 0xDF,
    0x63, 0xDF, 0x63, 0xDF, 0x63, 0xDF, 0x6B, 0xFF, 0x6B, 0xFF, 0x6B, 0xFF, 0x6B, 0xFF, 0x63, 0xDF,
    0x63, 0xDF, 0x63, 0xDF, 0x63, 0xDF, 0x63, 0xDF, 0x63, 0xDF, 0x63, 0xDF, 0x63, 0xDF, 0x63, 0xBF,
    0x63, 0xDF, 0x63, 0xDF, 0x6B, 0xFF, 0x6B, 0xFF, 0x63, 0xDF, 0x63, 0xBF, 0x63, 0xDF, 0x6B, 0xFF,
    0x6B, 0xFF, 0x6B, 0xFF, 0x6B, 0xFF, 0x6B, 0xFF, 0x6B, 0xFF, 0x6B, 0xFF, 0x6B, 0xFF, 0x6B, 0xFF,
    0x6B, 0xFF, 0x6C, 0x1F, 0x6B, 0xFF, 0x6B, 0xFF, 0x6B, 0xFF, 0x6B, 0xFF, 0x63, 0xDF, 0x63, 0xDF,
    0x6B, 0xFF, 0x6B, 0xFF, 0x6B, 0xFF, 0x6B, 0xFF, 0x6C, 0x1F, 0x6C, 0x1F, 0x74, 0x3F, 0x74, 0x3F,
    0x6C, 0x1F, 0x6B, 0xFF, 0x6B, 0xFF, 0x6B, 0xFF, 0x6B, 0xFF, 0x6B, 0xDF, 0x6B, 0xFF, 0x6B, 0xFF,
    0x6B, 0xFF, 0x63, 0xDF, 0x63, 0xDF, 0x63, 0xDF, 0x6B, 0xFF, 0x6B, 0xFF, 0x6C, 0x1F, 0x6B, 0xFF,
    0x6B, 0xFF, 0x63, 0xDF, 0x63, 0xDF, 0x6B, 0xFF, 0x6B, 0xFF, 0x6B, 0xFF, 0x6B, 0xDF, 0x6B, 0xFF,
    0x2A, 0x1A, 0x32, 0x3C, 0x32, 0x3B, 0x2A, 0x1A, 0x29, 0xF8, 0x29, 0xF8, 0x29, 0xF9, 0x00, 0x00,
    0xAD, 0x55, 0x00, 0x00, 0x00, 0x00, 0x00, 0x00, 0x00, 0x00, 0x00, 0x00, 0x00, 0x00, 0x00, 0x00,
    0x00, 0x00, 0x00, 0x00, 0x00, 0x00, 0x00, 0x00, 0x00, 0x00, 0x00, 0x00, 0x00, 0x00, 0x00, 0x00,
    0x00, 0x00, 0x00, 0x00, 0x00, 0x00, 0x00, 0x00, 0x00, 0x00, 0x00, 0x00, 0x00, 0x00, 0x00, 0x00,
    0x00, 0x00, 0x00, 0x00, 0x00, 0x00, 0x00, 0x00, 0x00, 0x00, 0x00, 0x00, 0x00, 0x00, 0x00, 0x00,
    0x00, 0x00, 0x00, 0x00, 0x00, 0x00, 0x00, 0x00, 0x00, 0x00, 0x00, 0x00, 0x00, 0x00, 0x00, 0x00,
    0x00, 0x00, 0x00, 0x00, 0x00, 0x00, 0x00, 0x00, 0x00, 0x00, 0x00, 0x00, 0x00, 0x00, 0x00, 0x00,
    0x00, 0x00, 0x00, 0x00, 0x00, 0x00, 0x00, 0x00, 0x00, 0x00, 0x00, 0x00, 0x00, 0x00, 0x00, 0x00,
    0x00, 0x00, 0x00, 0x00, 0x00, 0x00, 0x00, 0x00, 0x00, 0x00, 0x00, 0x00, 0x00, 0x00, 0x00, 0x00,
    0x00, 0x00, 0x00, 0x00, 0x00, 0x00, 0x00, 0x00, 0x00, 0x00, 0x00, 0x00, 0x00, 0x00, 0x00, 0x00,
    0x00, 0x00, 0x00, 0x00, 0x00, 0x00, 0x00, 0x00, 0x00, 0x00, 0x00, 0x00, 0x00, 0x00, 0x00, 0x00,
    0x00, 0x00, 0x00, 0x00, 0x00, 0x00, 0x00, 0x00, 0x00, 0x00, 0x00, 0x00, 0x00, 0x00, 0x00, 0x00,
    0x00, 0x00, 0x00, 0x00, 0x00, 0x00, 0x00, 0x00, 0x00, 0x00, 0x00, 0x00, 0x00, 0x00, 0x00, 0x00,
    0x00, 0x00, 0x00, 0x00, 0x00, 0x00, 0x00, 0x00, 0x00, 0x00, 0x00, 0x00, 0x00, 0x00, 0x00, 0x00,
    0x00, 0x00, 0x00, 0x00, 0x00, 0x00, 0x00, 0x00, 0x00, 0x00, 0x00, 0x00, 0x00, 0x00, 0x00, 0x00,
    0x00, 0x00, 0x00, 0x00, 0x00, 0x00, 0x00, 0x00, 0x00, 0x00, 0x00, 0x00, 0x00, 0x00, 0x00, 0x00,
    0x00, 0x00, 0x00, 0x00, 0x00, 0x00, 0x00, 0x00, 0x00, 0x00, 0x00, 0x00, 0x00, 0x00, 0x00, 0x00,
    0x00, 0x00, 0x00, 0x00, 0x00, 0x00, 0x00, 0x00, 0x00, 0x00, 0x00, 0x00, 0x00, 0x00, 0x00, 0x00,
    0x00, 0x00, 0x00, 0x00, 0x00, 0x00, 0x00, 0x00, 0x00, 0x00, 0x00, 0x00, 0x00, 0x00, 0x00, 0x00,
    0x00, 0x00, 0x00, 0x00, 0x00, 0x00, 0x00, 0x00, 0x00, 0x00, 0x00, 0x00, 0x00, 0x00, 0x00, 0x00,
    0x00, 0x00, 0x00, 0x00, 0x00, 0x00, 0x00, 0x00, 0x00, 0x00, 0x00, 0x00, 0x00, 0x00, 0x00, 0x00,
    0x00, 0x00, 0x00, 0x00, 0x00, 0x00, 0x00, 0x00, 0x00, 0x00, 0x00, 0x00, 0x00, 0x00, 0x00, 0x00,
    0x00, 0x00, 0x00, 0x00, 0x00, 0x00, 0x00, 0x00, 0x00, 0x00, 0x00, 0x00, 0x00, 0x00, 0x00, 0x00,
    0x00, 0x00, 0x00, 0x00, 0x00, 0x00, 0x00, 0x00, 0x00, 0x00, 0x00, 0x00, 0x00, 0x00, 0x00, 0x00,
    0x00, 0x00, 0x00, 0x00, 0x00, 0x00, 0x00, 0x00, 0x00, 0x00, 0x00, 0x00, 0x00, 0x00, 0x00, 0x00,
    0x00, 0x00, 0x00, 0x00, 0x00, 0x00, 0x00, 0x00, 0x00, 0x00, 0x00, 0x00, 0x00, 0x00, 0x00, 0x00,
    0x00, 0x00, 0x00, 0x00, 0x00, 0x00, 0x00, 0x00, 0x00, 0x00, 0x00, 0x00, 0x00, 0x00, 0x00, 0x00,
    0x00, 0x00, 0x00, 0x00, 0x00, 0x00, 0x00, 0x00, 0x00, 0x00, 0x00, 0x00, 0x00, 0x00, 0x00, 0x00,
    0x00, 0x00, 0x00, 0x00, 0x00, 0x00, 0xAD, 0x75, 0x00, 0x00, 0x2A, 0x1A, 0x2A, 0x1B, 0x2A, 0x1B,
    0x32, 0x3C, 0x32, 0x3C, 0x2A, 0x1B, 0x2A, 0x1B, 0x21, 0xB5, 0x00, 0x00, 0x53, 0x3A, 0x6C, 0x1F,
    0x6B, 0xFF, 0x63, 0xDF, 0x63, 0xBF, 0x63, 0xBF, 0x63, 0xBF, 0x6B, 0xFF, 0x6B, 0xFF, 0x63, 0xDF,
    0x63, 0xDF, 0x63, 0xDF, 0x6B, 0xFF, 0x6B, 0xFF, 0x6B, 0xFF, 0x6B, 0xFF, 0x6B, 0xFF, 0x63, 0xFF,
    0x63, 0xDF, 0x63, 0xFF, 0x6B, 0xFF, 0x6B, 0xFF, 0x6B, 0xFF, 0x6B, 0xFF, 0x6B, 0xFF, 0x63, 0xDF,
    0x6B, 0xFF, 0x6B, 0xFF, 0x6B, 0xFF, 0x6B, 0xFF, 0x63, 0xDF, 0x63, 0xBF, 0x63, 0xDF, 0x6B, 0xFF,
    0x6B, 0xFF, 0x6B, 0xFF, 0x6C, 0x1F, 0x6C, 0x1F, 0x6B, 0xFF, 0x6C, 0x1F, 0x6C, 0x1F, 0x6C, 0x1F,
    0x6B, 0xFF, 0x6B, 0xFF, 0x63, 0xDF, 0x63, 0xDF, 0x63, 0xDF, 0x6B, 0xFF, 0x6B, 0xFF, 0x63, 0xDF,
    0x63, 0xDF, 0x6B, 0xFF, 0x6B, 0xFF, 0x6B, 0xFF, 0x6B, 0xFF, 0x6B, 0xFF, 0x6C, 0x1F, 0x6B, 0xFF,
    0x63, 0xDF, 0x63, 0xDF, 0x63, 0xDF, 0x63, 0xDF, 0x63, 0xDF, 0x6B, 0xFF, 0x6B, 0xFF, 0x6B, 0xDF,
    0x63, 0xDF, 0x63, 0xBF, 0x63, 0xDF, 0x6B, 0xFF, 0x6B, 0xFF, 0x6C, 0x1F, 0x6B, 0xFF, 0x63, 0xDF,
    0x63, 0xDF, 0x63, 0xBF, 0x6B, 0xDF, 0x6B, 0xFF, 0x6B, 0xFF, 0x63, 0xFF, 0x63, 0xDF, 0x6B, 0xFF,
    0x2A, 0x1A, 0x2A, 0x1B, 0x2A, 0x1A, 0x29, 0xF8, 0x29, 0xF8, 0x29, 0xF9, 0x29, 0xF9, 0x00, 0x00,
    0xAD, 0x55, 0x00, 0x00, 0x00, 0x00, 0x00, 0x00, 0x00, 0x00, 0x00, 0x00, 0x00, 0x00, 0x00, 0x00,
    0x00, 0x00, 0x00, 0x00, 0x00, 0x00, 0x00, 0x00, 0x00, 0x00, 0x00, 0x00, 0x00, 0x00, 0x00, 0x00,
    0x00, 0x00, 0x00, 0x00, 0x00, 0x00, 0x00, 0x00, 0x00, 0x00, 0x00, 0x00, 0x00, 0x00, 0x00, 0x00,
    0x00, 0x00, 0x00, 0x00, 0x00, 0x00, 0x00, 0x00, 0x00, 0x00, 0x00, 0x00, 0x00, 0x00, 0x00, 0x00,
    0x00, 0x00, 0x00, 0x00, 0x00, 0x00, 0x00, 0x00, 0x00, 0x00, 0x00, 0x00, 0x00, 0x00, 0x00, 0x00,
    0x00, 0x00, 0x00, 0x00, 0x00, 0x00, 0x00, 0x00, 0x00, 0x00, 0x00, 0x00, 0x00, 0x00, 0x00, 0x00,
    0x00, 0x00, 0x00, 0x00, 0x00, 0x00, 0x00, 0x00, 0x00, 0x00, 0x00, 0x00, 0x00, 0x00, 0x00, 0x00,
    0x00, 0x00, 0x00, 0x00, 0x00, 0x00, 0x00, 0x00, 0x00, 0x00, 0x00, 0x00, 0x00, 0x00, 0x00, 0x00,
    0x00, 0x00, 0x00, 0x00, 0x00, 0x00, 0x00, 0x00, 0x00, 0x00, 0x00, 0x00, 0x00, 0x00, 0x00, 0x00,
    0x00, 0x00, 0x00, 0x00, 0x00, 0x00, 0x00, 0x00, 0x00, 0x00, 0x00, 0x00, 0x00, 0x00, 0x00, 0x00,
    0x00, 0x00, 0x00, 0x00, 0x00, 0x00, 0x00, 0x00, 0x00, 0x00, 0x00, 0x00, 0x00, 0x00, 0x00, 0x00,
    0x00, 0x00, 0x00, 0x00, 0x00, 0x00, 0x00, 0x00, 0x00, 0x00, 0x00, 0x00, 0x00, 0x00, 0x00, 0x00,
    0x00, 0x00, 0x00, 0x00, 0x00, 0x00, 0x00, 0x00, 0x00, 0x00, 0x00, 0x00, 0x00, 0x00, 0x00, 0x00,
    0x00, 0x00, 0x00, 0x00, 0x00, 0x00, 0x00, 0x00, 0x00, 0x00, 0x00, 0x00, 0x00, 0x00, 0x00, 0x00,
    0x00, 0x00, 0x00, 0x00, 0x00, 0x00, 0x00, 0x00, 0x00, 0x00, 0x00, 0x00, 0x00, 0x00, 0x00, 0x00,
    0x00, 0x00, 0x00, 0x00, 0x00, 0x00, 0x00, 0x00, 0x00, 0x00, 0x00, 0x00, 0x00, 0x00, 0x00, 0x00,
    0x00, 0x00, 0x00, 0x00, 0x00, 0x00, 0x00, 0x00, 0x00, 0x00, 0x00, 0x00, 0x00, 0x00, 0x00, 0x00,
    0x00, 0x00, 0x00, 0x00, 0x00, 0x00, 0x00, 0x00, 0x00, 0x00, 0x00, 0x00, 0x00, 0x00, 0x00, 0x00,
    0x00, 0x00, 0x00, 0x00, 0x00, 0x00, 0x00, 0x00, 0x00, 0x00, 0x00, 0x00, 0x00, 0x00, 0x00, 0x00,
    0x00, 0x00, 0x00, 0x00, 0x00, 0x00, 0x00, 0x00, 0x00, 0x00, 0x00, 0x00, 0x00, 0x00, 0x00, 0x00,
    0x00, 0x00, 0x00, 0x00, 0x00, 0x00, 0x00, 0x00, 0x00, 0x00, 0x00, 0x00, 0x00, 0x00, 0x00, 0x00,
    0x00, 0x00, 0x00, 0x00, 0x00, 0x00, 0x00, 0x00, 0x00, 0x00, 0x00, 0x00, 0x00, 0x00, 0x00, 0x00,
    0x00, 0x00, 0x00, 0x00, 0x00, 0x00, 0x00, 0x00, 0x00, 0x00, 0x00, 0x00, 0x00, 0x00, 0x00, 0x00,
    0x00, 0x00, 0x00, 0x00, 0x00, 0x00, 0x00, 0x00, 0x00, 0x00, 0x00, 0x00, 0x00, 0x00, 0x00, 0x00,
    0x00, 0x00, 0x00, 0x00, 0x00, 0x00, 0x00, 0x00, 0x00, 0x00, 0x00, 0x00, 0x00, 0x00, 0x00, 0x00,
    0x00, 0x00, 0x00, 0x00, 0x00, 0x00, 0x00, 0x00, 0x00, 0x00, 0x00, 0x00, 0x00, 0x00, 0x00, 0x00,
    0x00, 0x00, 0x00, 0x00, 0x00, 0x00, 0x00, 0x00, 0x00, 0x00, 0x00, 0x00, 0x00, 0x00, 0x00, 0x00,
    0x00, 0x00, 0x00, 0x00, 0x00, 0x00, 0xAD, 0x75, 0x00, 0x00, 0x32, 0x3B, 0x32, 0x3B, 0x32, 0x3B,
    0x32, 0x3C, 0x32, 0x3B, 0x2A, 0x1B, 0x2A, 0x1B, 0x21, 0xB5, 0x00, 0x00, 0x53, 0x3A, 0x6B, 0xFF,
    0x63, 0xDF, 0x63, 0xBF, 0x63, 0xBF, 0x63, 0xBF, 0x63, 0xDF, 0x63, 0xDF, 0x63, 0xDF, 0x63, 0xDF,
    0x6B, 0xDF, 0x6B, 0xDF, 0x6B, 0xFF, 0x6B, 0xFF, 0x6B, 0xFF, 0x6C, 0x1F, 0x6B, 0xFF, 0x6B, 0xFF,
    0x6B, 0xFF, 0x6B, 0xFF, 0x6B, 0xFF, 0x6B, 0xFF, 0x6B, 0xFF, 0x6B, 0xFF, 0x6B, 0xFF, 0x6B, 0xFF,
    0x6B, 0xFF, 0x6B, 0xFF, 0x63, 0xDF, 0x6B, 0xFF, 0x6B, 0xFF, 0x6B, 0xDF, 0x6B, 0xFF, 0x6B, 0xFF,
    0x6B, 0xFF, 0x6B, 0xFF, 0x6C, 0x1F, 0x6B, 0xFF, 0x6B, 0xFF, 0x6B, 0xFF, 0x6B, 0xFF, 0x63, 0xDF,
    0x63, 0xDF, 0x63, 0xBF, 0x63, 0xBF, 0x63, 0xDF, 0x63, 0xDF, 0x63, 0xDF, 0x63, 0xDF, 0x63, 0xBF,
    0x63, 0xDF, 0x6B, 0xFF, 0x6B, 0xFF, 0x6B, 0xFF, 0x6B, 0xDF, 0x63, 0xDF, 0x6B, 0xDF, 0x63, 0xDF,
    0x63, 0xDF, 0x63, 0xDF, 0x63, 0xDF, 0x63, 0xDF, 0x63, 0xDF, 0x63, 0xDF, 0x63, 0xDF, 0x63, 0xDF,
    0x63, 0xDF, 0x63, 0xDF, 0x63, 0xDF, 0x6B, 0xFF, 0x6B, 0xFF, 0x6B, 0xFF, 0x63, 0xDF, 0x63, 0xBF,
    0x63, 0xBF, 0x63, 0xDF, 0x63, 0xDF, 0x6B, 0xFF, 0x63, 0xFF, 0x63, 0xDF, 0x6B, 0xDF, 0x6B, 0xDF,
    0x2A, 0x1A, 0x29, 0xF9, 0x29, 0xF8, 0x29, 0xF8, 0x29, 0xF8, 0x29, 0xF9, 0x2A, 0x19, 0x00, 0x00,
    0xAD, 0x55, 0x00, 0x00, 0x00, 0x00, 0x00, 0x00, 0x00, 0x00, 0x00, 0x00, 0x00, 0x00, 0x00, 0x00,
    0x00, 0x00, 0x00, 0x00, 0x00, 0x00, 0x00, 0x00, 0x00, 0x00, 0x00, 0x00, 0x00, 0x00, 0x00, 0x00,
    0x00, 0x00, 0x00, 0x00, 0x00, 0x00, 0x00, 0x00, 0x00, 0x00, 0x00, 0x00, 0x00, 0x00, 0x00, 0x00,
    0x00, 0x00, 0x00, 0x00, 0x00, 0x00, 0x00, 0x00, 0x00, 0x00, 0x00, 0x00, 0x00, 0x00, 0x00, 0x00,
    0x00, 0x00, 0x00, 0x00, 0x00, 0x00, 0x00, 0x00, 0x00, 0x00, 0x00, 0x00, 0x00, 0x00, 0x00, 0x00,
    0x00, 0x00, 0x00, 0x00, 0x00, 0x00, 0x00, 0x00, 0x00, 0x00, 0x00, 0x00, 0x00, 0x00, 0x00, 0x00,
    0x00, 0x00, 0x00, 0x00, 0x00, 0x00, 0x00, 0x00, 0x00, 0x00, 0x00, 0x00, 0x00, 0x00, 0x00, 0x00,
    0x00, 0x00, 0x00, 0x00, 0x00, 0x00, 0x00, 0x00, 0x00, 0x00, 0x00, 0x00, 0x00, 0x00, 0x00, 0x00,
    0x00, 0x00, 0x00, 0x00, 0x00, 0x00, 0x00, 0x00, 0x00, 0x00, 0x00, 0x00, 0x00, 0x00, 0x00, 0x00,
    0x00, 0x00, 0x00, 0x00, 0x00, 0x00, 0x00, 0x00, 0x00, 0x00, 0x00, 0x00, 0x00, 0x00, 0x00, 0x00,
    0x00, 0x00, 0x00, 0x00, 0x00, 0x00, 0x00, 0x00, 0x00, 0x00, 0x00, 0x00, 0x00, 0x00, 0x00, 0x00,
    0x00, 0x00, 0x00, 0x00, 0x00, 0x00, 0x00, 0x00, 0x00, 0x00, 0x00, 0x00, 0x00, 0x00, 0x00, 0x00,
    0x00, 0x00, 0x00, 0x00, 0x00, 0x00, 0x00, 0x00, 0x00, 0x00, 0x00, 0x00, 0x00, 0x00, 0x00, 0x00,
    0x00, 0x00, 0x00, 0x00, 0x00, 0x00, 0x00, 0x00, 0x00, 0x00, 0x00, 0x00, 0x00, 0x00, 0x00, 0x00,
    0x00, 0x00, 0x00, 0x00, 0x00, 0x00, 0x00, 0x00, 0x00, 0x00, 0x00, 0x00, 0x00, 0x00, 0x00, 0x00,
    0x00, 0x00, 0x00, 0x00, 0x00, 0x00, 0x00, 0x00, 0x00, 0x00, 0x00, 0x00, 0x00, 0x00, 0x00, 0x00,
    0x00, 0x00, 0x00, 0x00, 0x00, 0x00, 0x00, 0x00, 0x00, 0x00, 0x00, 0x00, 0x00, 0x00, 0x00, 0x00,
    0x00, 0x00, 0x00, 0x00, 0x00, 0x00, 0x00, 0x00, 0x00, 0x00, 0x00, 0x00, 0x00, 0x00, 0x00, 0x00,
    0x00, 0x00, 0x00, 0x00, 0x00, 0x00, 0x00, 0x00, 0x00, 0x00, 0x00, 0x00, 0x00, 0x00, 0x00, 0x00,
    0x00, 0x00, 0x00, 0x00, 0x00, 0x00, 0x00, 0x00, 0x00, 0x00, 0x00, 0x00, 0x00, 0x00, 0x00, 0x00,
    0x00, 0x00, 0x00, 0x00, 0x00, 0x00, 0x00, 0x00, 0x00, 0x00, 0x00, 0x00, 0x00, 0x00, 0x00, 0x00,
    0x00, 0x00, 0x00, 0x00, 0x00, 0x00, 0x00, 0x00, 0x00, 0x00, 0x00, 0x00, 0x00, 0x00, 0x00, 0x00,
    0x00, 0x00, 0x00, 0x00, 0x00, 0x00, 0x00, 0x00, 0x00, 0x00, 0x00, 0x00, 0x00, 0x00, 0x00, 0x00,
    0x00, 0x00, 0x00, 0x00, 0x00, 0x00, 0x00, 0x00, 0x00, 0x00, 0x00, 0x00, 0x00, 0x00, 0x00, 0x00,
    0x00, 0x00, 0x00, 0x00, 0x00, 0x00, 0x00, 0x00, 0x00, 0x00, 0x00, 0x00, 0x00, 0x00, 0x00, 0x00,
    0x00, 0x00, 0x00, 0x00, 0x00, 0x00, 0x00, 0x00, 0x00, 0x00, 0x00, 0x00, 0x00, 0x00, 0x00, 0x00,
    0x00, 0x00, 0x00, 0x00, 0x00, 0x00, 0x00, 0x00, 0x00, 0x00, 0x00, 0x00, 0x00, 0x00, 0x00, 0x00,
    0x00, 0x00, 0x00, 0x00, 0x00, 0x00, 0xAD, 0x75, 0x00, 0x00, 0x32, 0x3B, 0x32, 0x3B, 0x2A, 0x1A,
    0x2A, 0x1A, 0x2A, 0x1A, 0x29, 0xF9, 0x29, 0xF9, 0x21, 0xB5, 0x00, 0x00, 0x53, 0x3A, 0x63, 0xBF,
    0x63, 0xBF, 0x63, 0xBF, 0x63, 0xBF, 0x63, 0xDF, 0x63, 0xDF, 0x63, 0xDF, 0x63, 0xDF, 0x6B, 0xFF,
    0x6B, 0xFF, 0x6B, 0xDF, 0x6B, 0xDF, 0x6B, 0xFF, 0x6B, 0xFF, 0x63, 0xDF, 0x63, 0xDF, 0x63, 0xDF,
    0x6B, 0xDF, 0x6B, 0xFF, 0x6B, 0xFF, 0x6B, 0xFF, 0x63, 0xDF, 0x63, 0xDF, 0x63, 0xBF, 0x63, 0xBF,
    0x63, 0xBF, 0x63, 0xBF, 0x63, 0xDF, 0x63, 0xDF, 0x6B, 0xFF, 0x6B, 0xDF, 0x6B, 0xFF, 0x6B, 0xFF,
    0x6B, 0xDF, 0x63, 0xDF, 0x63, 0xDF, 0x63, 0xDF, 0x63, 0xDF, 0x63, 0xDF, 0x63, 0xDF, 0x63, 0xBF,
    0x63, 0xBF, 0x63, 0xBF, 0x63, 0xDF, 0x63, 0xDF, 0x63, 0xDF, 0x63, 0xBF, 0x63, 0xBE, 0x63, 0xBF,
    0x63, 0xDF, 0x6B, 0xFF, 0x6B, 0xFF, 0x6B, 0xDF, 0x63, 0xDF, 0x63, 0xDF, 0x63, 0xDF, 0x63, 0xDF,
    0x63, 0xDF, 0x6B, 0xFF, 0x6B, 0xFF, 0x6B, 0xDF, 0x63, 0xBF, 0x63, 0xBF, 0x63, 0xDF, 0x63, 0xDF,
    0x63, 0xDF, 0x63, 0xDF, 0x63, 0xDF, 0x6B, 0xFF, 0x63, 0xDF, 0x63, 0xDF, 0x63, 0xBF, 0x63, 0xBF,
    0x63, 0xDF, 0x63, 0xDF, 0x63, 0xDF, 0x63, 0xDF, 0x6B, 0xFF, 0x6B, 0xFF, 0x6B, 0xFF, 0x6B, 0xDF,
    0x2A, 0x1A, 0x29, 0xF8, 0x29, 0xF8, 0x29, 0xF8, 0x29, 0xF9, 0x29, 0xF9, 0x2A, 0x1A, 0x00, 0x00,
    0xAD, 0x55, 0x21, 0x04, 0x00, 0x00, 0x00, 0x00, 0x00, 0x00, 0x00, 0x00, 0x00, 0x00, 0x00, 0x00,
    0x00, 0x00, 0x00, 0x00, 0x00, 0x00, 0x00, 0x00, 0x00, 0x00, 0x00, 0x00, 0x00, 0x00, 0x00, 0x00,
    0x00, 0x00, 0x00, 0x00, 0x00, 0x00, 0x00, 0x00, 0x00, 0x00, 0x00, 0x00, 0x00, 0x00, 0x00, 0x00,
    0x00, 0x00, 0x00, 0x00, 0x00, 0x00, 0x00, 0x00, 0x00, 0x00, 0x00, 0x00, 0x00, 0x00, 0x00, 0x00,
    0x00, 0x00, 0x00, 0x00, 0x00, 0x00, 0x00, 0x00, 0x00, 0x00, 0x00, 0x00, 0x00, 0x00, 0x00, 0x00,
    0x00, 0x00, 0x00, 0x00, 0x00, 0x00, 0x00, 0x00, 0x00, 0x00, 0x00, 0x00, 0x00, 0x00, 0x00, 0x00,
    0x00, 0x00, 0x00, 0x00, 0x00, 0x00, 0x00, 0x00, 0x00, 0x00, 0x00, 0x00, 0x00, 0x00, 0x00, 0x00,
    0x00, 0x00, 0x00, 0x00, 0x00, 0x00, 0x00, 0x00, 0x00, 0x00, 0x00, 0x00, 0x00, 0x00, 0x00, 0x00,
    0x00, 0x00, 0x00, 0x00, 0x00, 0x00, 0x00, 0x00, 0x00, 0x00, 0x00, 0x00, 0x00, 0x00, 0x00, 0x00,
    0x00, 0x00, 0x00, 0x00, 0x00, 0x00, 0x00, 0x00, 0x00, 0x00, 0x00, 0x00, 0x00, 0x00, 0x00, 0x00,
    0x00, 0x00, 0x00, 0x00, 0x00, 0x00, 0x00, 0x00, 0x00, 0x00, 0x00, 0x00, 0x00, 0x00, 0x00, 0x00,
    0x00, 0x00, 0x00, 0x00, 0x00, 0x00, 0x00, 0x00, 0x00, 0x00, 0x00, 0x00, 0x00, 0x00, 0x00, 0x00,
    0x00, 0x00, 0x00, 0x00, 0x00, 0x00, 0x00, 0x00, 0x00, 0x00, 0x00, 0x00, 0x00, 0x00, 0x00, 0x00,
    0x00, 0x00, 0x00, 0x00, 0x00, 0x00, 0x00, 0x00, 0x00, 0x00, 0x00, 0x00, 0x00, 0x00, 0x00, 0x00,
    0x00, 0x00, 0x00, 0x00, 0x00, 0x00, 0x00, 0x00, 0x00, 0x00, 0x00, 0x00, 0x00, 0x00, 0x00, 0x00,
    0x00, 0x00, 0x00, 0x00, 0x00, 0x00, 0x00, 0x00, 0x00, 0x00, 0x00, 0x00, 0x00, 0x00, 0x00, 0x00,
    0x00, 0x00, 0x00, 0x00, 0x00, 0x00, 0x00, 0x00, 0x00, 0x00, 0x00, 0x00, 0x00, 0x00, 0x00, 0x00,
    0x00, 0x00, 0x00, 0x00, 0x00, 0x00, 0x00, 0x00, 0x00, 0x00, 0x00, 0x00, 0x00, 0x00, 0x00, 0x00,
    0x00, 0x00, 0x00, 0x00, 0x00, 0x00, 0x00, 0x00, 0x00, 0x00, 0x00, 0x00, 0x00, 0x00, 0x00, 0x00,
    0x00, 0x00, 0x00, 0x00, 0x00, 0x00, 0x00, 0x00, 0x00, 0x00, 0x00, 0x00, 0x00, 0x00, 0x00, 0x00,
    0x00, 0x00, 0x00, 0x00, 0x00, 0x00, 0x00, 0x00, 0x00, 0x00, 0x00, 0x00, 0x00, 0x00, 0x00, 0x00,
    0x00, 0x00, 0x00, 0x00, 0x00, 0x00, 0x00, 0x00, 0x00, 0x00, 0x00, 0x00, 0x00, 0x00, 0x00, 0x00,
    0x00, 0x00, 0x00, 0x00, 0x00, 0x00, 0x00, 0x00, 0x00, 0x00, 0x00, 0x00, 0x00, 0x00, 0x00, 0x00,
    0x00, 0x00, 0x00, 0x00, 0x00, 0x00, 0x00, 0x00, 0x00, 0x00, 0x00, 0x00, 0x00, 0x00, 0x00, 0x00,
    0x00, 0x00, 0x00, 0x00, 0x00, 0x00, 0x00, 0x00, 0x00, 0x00, 0x00, 0x00, 0x00, 0x00, 0x00, 0x00,
    0x00, 0x00, 0x00, 0x00, 0x00, 0x00, 0x00, 0x00, 0x00, 0x00, 0x00, 0x00, 0x00, 0x00, 0x00, 0x00,
    0x00, 0x00, 0x00, 0x00, 0x00, 0x00, 0x00, 0x00, 0x00, 0x00, 0x00, 0x00, 0x00, 0x00, 0x00, 0x00,
    0x00, 0x00, 0x00, 0x00, 0x00, 0x00, 0xAD, 0x75, 0x00, 0x00, 0x2A, 0x1A, 0x2A, 0x1A, 0x29, 0xF9,
    0x2A, 0x19, 0x2A, 0x19, 0x29, 0xF8, 0x29, 0xF8, 0x21, 0xB5, 0x00, 0x00, 0x53, 0x3A, 0x63, 0xBF,
    0x63, 0xBF, 0x63, 0xBF, 0x63, 0xDF, 0x63, 0xDF, 0x63, 0xDF, 0x6B, 0xFF, 0x6B, 0xFF, 0x6B, 0xFF,
    0x63, 0xDF, 0x63, 0xDF, 0x63, 0xDF, 0x6B, 0xDF, 0x63, 0xDF, 0x63, 0xBF, 0x63, 0xDF, 0x63, 0xDF,
    0x6B, 0xDF, 0x6B, 0xFF, 0x63, 0xDF, 0x63, 0xDF, 0x63, 0xDF, 0x63, 0xDF, 0x63, 0xBF, 0x63, 0xBF,
    0x63, 0xBF, 0x63, 0xDF, 0x63, 0xDF, 0x6B, 0xFF, 0x63, 0xDF, 0x63, 0xBF, 0x63, 0xDF, 0x63, 0xDF,
    0x63, 0xDF, 0x6B, 0xFF, 0x6B, 0xFF, 0x63, 0xDF, 0x63, 0xDF, 0x63, 0xDF, 0x63, 0xDF, 0x63, 0xBF,
    0x63, 0xBF, 0x63, 0xDF, 0x63, 0xDF, 0x63, 0xDF, 0x63, 0xDF, 0x63, 0xBF, 0x63, 0xBF, 0x63, 0xDF,
    0x63, 0xDF, 0x63, 0xDF, 0x63, 0xDF, 0x63, 0xDF, 0x63, 0xDF, 0x63, 0xDF, 0x63, 0xDF, 0x6B, 0xFF,
    0x6B, 0xFF, 0x6B, 0xFF, 0x6B, 0xFF, 0x63, 0xDF, 0x63, 0xBE, 0x63, 0xBF, 0x63, 0xDF, 0x63, 0xDF,
    0x63, 0xBF, 0x63, 0xDF, 0x63, 0xDF, 0x63, 0xDF, 0x63, 0xDF, 0x63, 0xBF, 0x63, 0xBF, 0x63, 0xDF,
    0x63, 0xDF, 0x63, 0xDF, 0x6B, 0xDF, 0x6B, 0xFF, 0x6B, 0xFF, 0x6B, 0xFF, 0x6B, 0xFF, 0x63, 0xDF,
    0x2A, 0x1A, 0x29, 0xF8, 0x29, 0xF9, 0x2A, 0x1A, 0x2A, 0x19, 0x2A, 0x1A, 0x2A, 0x1A, 0x00, 0x00,
    0xAD, 0x55, 0x84, 0x10, 0x21, 0x04, 0x00, 0x00, 0x00, 0x00, 0x00, 0x00, 0x00, 0x00, 0x00, 0x00,
    0x00, 0x00, 0x00, 0x00, 0x00, 0x00, 0x00, 0x00, 0x00, 0x00, 0x00, 0x00, 0x00, 0x00, 0x00, 0x00,
    0x00, 0x00, 0x00, 0x00, 0x00, 0x00, 0x00, 0x00, 0x00, 0x00, 0x00, 0x00, 0x00, 0x00, 0x00, 0x00,
    0x00, 0x00, 0x00, 0x00, 0x00, 0x00, 0x00, 0x00, 0x00, 0x00, 0x00, 0x00, 0x00, 0x00, 0x00, 0x00,
    0x00, 0x00, 0x00, 0x00, 0x00, 0x00, 0x00, 0x00, 0x00, 0x00, 0x00, 0x00, 0x00, 0x00, 0x00, 0x00,
    0x00, 0x00, 0x00, 0x00, 0x00, 0x00, 0x00, 0x00, 0x00, 0x00, 0x00, 0x00, 0x00, 0x00, 0x00, 0x00,
    0x00, 0x00, 0x00, 0x00, 0x00, 0x00, 0x00, 0x00, 0x00, 0x00, 0x00, 0x00, 0x00, 0x00, 0x00, 0x00,
    0x00, 0x00, 0x00, 0x00, 0x00, 0x00, 0x00, 0x00, 0x00, 0x00, 0x00, 0x00, 0x00, 0x00, 0x00, 0x00,
    0x00, 0x00, 0x00, 0x00, 0x00, 0x00, 0x00, 0x00, 0x00, 0x00, 0x00, 0x00, 0x00, 0x00, 0x00, 0x00,
    0x00, 0x00, 0x00, 0x00, 0x00, 0x00, 0x00, 0x00, 0x00, 0x00, 0x00, 0x00, 0x00, 0x00, 0x00, 0x00,
    0x00, 0x00, 0x00, 0x00, 0x00, 0x00, 0x00, 0x00, 0x00, 0x00, 0x00, 0x00, 0x00, 0x00, 0x00, 0x00,
    0x00, 0x00, 0x00, 0x00, 0x00, 0x00, 0x00, 0x00, 0x00, 0x00, 0x00, 0x00, 0x00, 0x00, 0x00, 0x00,
    0x00, 0x00, 0x00, 0x00, 0x00, 0x00, 0x00, 0x00, 0x00, 0x00, 0x00, 0x00, 0x00, 0x00, 0x00, 0x00,
    0x00, 0x00, 0x00, 0x00, 0x00, 0x00, 0x00, 0x00, 0x00, 0x00, 0x00, 0x00, 0x00, 0x00, 0x00, 0x00,
    0x00, 0x00, 0x00, 0x00, 0x00, 0x00, 0x00, 0x00, 0x00, 0x00, 0x00, 0x00, 0x00, 0x00, 0x00, 0x00,
    0x00, 0x00, 0x00, 0x00, 0x00, 0x00, 0x00, 0x00, 0x00, 0x00, 0x00, 0x00, 0x00, 0x00, 0x00, 0x00,
    0x00, 0x00, 0x00, 0x00, 0x00, 0x00, 0x00, 0x00, 0x00, 0x00, 0x00, 0x00, 0x00, 0x00, 0x00, 0x00,
    0x00, 0x00, 0x00, 0x00, 0x00, 0x00, 0x00, 0x00, 0x00, 0x00, 0x00, 0x00, 0x00, 0x00, 0x00, 0x00,
    0x00, 0x00, 0x00, 0x00, 0x00, 0x00, 0x00, 0x00, 0x00, 0x00, 0x00, 0x00, 0x00, 0x00, 0x00, 0x00,
    0x00, 0x00, 0x00, 0x00, 0x00, 0x00, 0x00, 0x00, 0x00, 0x00, 0x00, 0x00, 0x00, 0x00, 0x00, 0x00,
    0x00, 0x00, 0x00, 0x00, 0x00, 0x00, 0x00, 0x00, 0x00, 0x00, 0x00, 0x00, 0x00, 0x00, 0x00, 0x00,
    0x00, 0x00, 0x00, 0x00, 0x00, 0x00, 0x00, 0x00, 0x00, 0x00, 0x00, 0x00, 0x00, 0x00, 0x00, 0x00,
    0x00, 0x00, 0x00, 0x00, 0x00, 0x00, 0x00, 0x00, 0x00, 0x00, 0x00, 0x00, 0x00, 0x00, 0x00, 0x00,
    0x00, 0x00, 0x00, 0x00, 0x00, 0x00, 0x00, 0x00, 0x00, 0x00, 0x00, 0x00, 0x00, 0x00, 0x00, 0x00,
    0x00, 0x00, 0x00, 0x00, 0x00, 0x00, 0x00, 0x00, 0x00, 0x00, 0x00, 0x00, 0x00, 0x00, 0x00, 0x00,
    0x00, 0x00, 0x00, 0x00, 0x00, 0x00, 0x00, 0x00, 0x00, 0x00, 0x00, 0x00, 0x00, 0x00, 0x00, 0x00,
    0x00, 0x00, 0x00, 0x00, 0x00, 0x00, 0x00, 0x00, 0x00, 0x00, 0x00, 0x00, 0x00, 0x00, 0x00, 0x00,
    0x00, 0x00, 0x00, 0x00, 0x84, 0x10, 0xAD, 0x75, 0x00, 0x00, 0x2A, 0x1A, 0x2A, 0x19, 0x29, 0xF9,
    0x2A, 0x1A, 0x29, 0xF9, 0x29, 0xF9, 0x29, 0xF9, 0x21, 0xB5, 0x00, 0x00, 0x53, 0x3A, 0x63, 0xBF,
    0x63, 0xDF, 0x63, 0xDF, 0x63, 0xDF, 0x63, 0xDF, 0x6B, 0xDF, 0x6B, 0xFF, 0x6B, 0xFF, 0x63, 0xDF,
    0x63, 0xDF, 0x63, 0xDF, 0x63, 0xDF, 0x63, 0xDF, 0x63, 0xDF, 0x63, 0xDF, 0x63, 0xDF, 0x6B, 0xFF,
    0x63, 0xDF, 0x63, 0xDF, 0x63, 0xDF, 0x63, 0xDF, 0x63, 0xDF, 0x63, 0xDF, 0x63, 0xBF, 0x63, 0xBF,
    0x63, 0xDF, 0x63, 0xDF, 0x63, 0xDF, 0x63, 0xDF, 0x63, 0xBF, 0x63, 0xBF, 0x63, 0xDF, 0x63, 0xDF,
    0x6B, 0xDF, 0x6B, 0xFF, 0x6B, 0xFF, 0x63, 0xDF, 0x63, 0xDF, 0x63, 0xDF, 0x63, 0xDF, 0x63, 0xDF,
    0x63, 0xDF, 0x63, 0xDF, 0x63, 0xDF, 0x63, 0xDF, 0x63, 0xDF, 0x63, 0xDF, 0x63, 0xDF, 0x6B, 0xFF,
    0x6B, 0xFF, 0x63, 0xDF, 0x63, 0xDF, 0x63, 0xDF, 0x63, 0xBF, 0x63, 0xDF, 0x63, 0xDF, 0x63, 0xDF,
    0x6B, 0xDF, 0x63, 0xDF, 0x63, 0xDF, 0x63, 0xBF, 0x63, 0xBE, 0x63, 0xBF, 0x63, 0xDF, 0x63, 0xDF,
    0x63, 0xBF, 0x63, 0xDF, 0x63, 0xBF, 0x63, 0xBF, 0x63, 0xBF, 0x63, 0xBF, 0x63, 0xDF, 0x63, 0xDF,
    0x63, 0xDF, 0x6B, 0xFF, 0x6B, 0xFF, 0x6B, 0xFF, 0x6B, 0xFF, 0x6B, 0xFF, 0x63, 0xDF, 0x63, 0xDF,
    0x2A, 0x19, 0x2A, 0x19, 0x2A, 0x1A, 0x2A, 0x1A, 0x2A, 0x1A, 0x2A, 0x1A, 0x2A, 0x1A, 0x00, 0x00,
    0xAD, 0x55, 0x84, 0x10, 0x84, 0x10, 0x21, 0x04, 0x00, 0x00, 0x00, 0x00, 0x00, 0x00, 0x00, 0x00,
    0x00, 0x00, 0x00, 0x00, 0x00, 0x00, 0x00, 0x00, 0x00, 0x00, 0x00, 0x00, 0x00, 0x00, 0x00, 0x00,
    0x00, 0x00, 0x00, 0x00, 0x00, 0x00, 0x00, 0x00, 0x00, 0x00, 0x00, 0x00, 0x00, 0x00, 0x00, 0x00,
    0x00, 0x00, 0x00, 0x00, 0x00, 0x00, 0x00, 0x00, 0x00, 0x00, 0x00, 0x00, 0x00, 0x00, 0x00, 0x00,
    0x00, 0x00, 0x00, 0x00, 0x00, 0x00, 0x00, 0x00, 0x00, 0x00, 0x00, 0x00, 0x00, 0x00, 0x00, 0x00,
    0x00, 0x00, 0x00, 0x00, 0x00, 0x00, 0x00, 0x00, 0x00, 0x00, 0x00, 0x00, 0x00, 0x00, 0x00, 0x00,
    0x00, 0x00, 0x00, 0x00, 0x00, 0x00, 0x00, 0x00, 0x00, 0x00, 0x00, 0x00, 0x00, 0x00, 0x00, 0x00,
    0x00, 0x00, 0x00, 0x00, 0x00, 0x00, 0x00, 0x00, 0x00, 0x00, 0x00, 0x00, 0x00, 0x00, 0x00, 0x00,
    0x00, 0x00, 0x00, 0x00, 0x00, 0x00, 0x00, 0x00, 0x00, 0x00, 0x00, 0x00, 0x00, 0x00, 0x00, 0x00,
    0x00, 0x00, 0x10, 0x82, 0x00, 0x00, 0x00, 0x00, 0x00, 0x00, 0x00, 0x00, 0x00, 0x00, 0x00, 0x00,
    0x00, 0x00, 0x00, 0x00, 0x00, 0x00, 0x00, 0x00, 0x00, 0x00, 0x00, 0x00, 0x00, 0x00, 0x00, 0x00,
    0x00, 0x00, 0x00, 0x00, 0x00, 0x00, 0x00, 0x00, 0x00, 0x00, 0x00, 0x00, 0x00, 0x00, 0x00, 0x00,
    0x00, 0x00, 0x00, 0x00, 0x00, 0x00, 0x00, 0x00, 0x00, 0x00, 0x00, 0x00, 0x00, 0x00, 0x00, 0x00,
    0x00, 0x00, 0x00, 0x00, 0x00, 0x00, 0x00, 0x00, 0x00, 0x00, 0x00, 0x00, 0x00, 0x00, 0x00, 0x00,
    0x00, 0x00, 0x00, 0x00, 0x00, 0x00, 0x00, 0x00, 0x00, 0x00, 0x00, 0x00, 0x00, 0x00, 0x00, 0x00,
    0x00, 0x00, 0x00, 0x00, 0x00, 0x00, 0x00, 0x00, 0x00, 0x00, 0x00, 0x00, 0x00, 0x00, 0x00, 0x00,
    0x00, 0x00, 0x00, 0x00, 0x00, 0x00, 0x00, 0x00, 0x00, 0x00, 0x00, 0x00, 0x00, 0x00, 0x00, 0x00,
    0x00, 0x00, 0x00, 0x00, 0x00, 0x00, 0x00, 0x00, 0x00, 0x00, 0x00, 0x00, 0x00, 0x00, 0x00, 0x00,
    0x00, 0x00, 0x00, 0x00, 0x00, 0x00, 0x00, 0x00, 0x00, 0x00, 0x00, 0x00, 0x00, 0x00, 0x00, 0x00,
    0x00, 0x00, 0x00, 0x00, 0x00, 0x00, 0x00, 0x00, 0x00, 0x00, 0x00, 0x00, 0x00, 0x00, 0x00, 0x00,
    0x00, 0x00, 0x00, 0x00, 0x00, 0x00, 0x00, 0x00, 0x00, 0x00, 0x00, 0x00, 0x00, 0x00, 0x00, 0x00,
    0x00, 0x00, 0x00, 0x00, 0x00, 0x00, 0x00, 0x00, 0x00, 0x00, 0x00, 0x00, 0x00, 0x00, 0x00, 0x00,
    0x00, 0x00, 0x00, 0x00, 0x00, 0x00, 0x00, 0x00, 0x00, 0x00, 0x00, 0x00, 0x00, 0x00, 0x00, 0x00,
    0x00, 0x00, 0x00, 0x00, 0x00, 0x00, 0x00, 0x00, 0x00, 0x00, 0x00, 0x00, 0x00, 0x00, 0x00, 0x00,
    0x00, 0x00, 0x00, 0x00, 0x00, 0x00, 0x00, 0x00, 0x00, 0x00, 0x00, 0x00, 0x00, 0x00, 0x00, 0x00,
    0x00, 0x00, 0x00, 0x00, 0x00, 0x00, 0x00, 0x00, 0x00, 0x00, 0x00, 0x00, 0x00, 0x00, 0x00, 0x00,
    0x00, 0x00, 0x00, 0x00, 0x00, 0x00, 0x00, 0x00, 0x00, 0x00, 0x00, 0x00, 0x00, 0x00, 0x00, 0x00,
    0x00, 0x00, 0x84, 0x10, 0x84, 0x10, 0xAD, 0x75, 0x00, 0x00, 0x29, 0xF9, 0x2A, 0x1A, 0x2A, 0x1A,
    0x2A, 0x1A, 0x29, 0xF9, 0x29, 0xF9, 0x2A, 0x19, 0x21, 0xB5, 0x00, 0x00, 0x53, 0x3A, 0x63, 0xDF,
    0x6B, 0xDF, 0x6B, 0xDF, 0x63, 0xDF, 0x63, 0xDF, 0x6B, 0xDF, 0x63, 0xDF, 0x63, 0xBF, 0x63, 0xBF,
    0x63, 0xBF, 0x63, 0xDF, 0x63, 0xDF, 0x63, 0xDF, 0x63, 0xDF, 0x63, 0xDF, 0x6B, 0xDF, 0x6B, 0xFF,
    0x63, 0xDF, 0x63, 0xDF, 0x63, 0xDF, 0x63, 0xDF, 0x63, 0xDF, 0x63, 0xDF, 0x63, 0xBF, 0x63, 0xDF,
    0x63, 0xDF, 0x63, 0xDF, 0x63, 0xDF, 0x63, 0xBF, 0x63, 0xDF, 0x63, 0xDF, 0x63, 0xDF, 0x6B, 0xFF,
    0x6B, 0xDF, 0x63, 0xDF, 0x63, 0xDF, 0x63, 0xDF, 0x63, 0xBF, 0x63, 0xDF, 0x63, 0xDF, 0x63, 0xBF,
    0x63, 0xDF, 0x63, 0xDF, 0x63, 0xDF, 0x63, 0xDF, 0x63, 0xDF, 0x63, 0xDF, 0x63, 0xDF, 0x6B, 0xDF,
    0x6B, 0xDF, 0x63, 0xDF, 0x63, 0xDF, 0x63, 0xDF, 0x63, 0xDF, 0x63, 0xDF, 0x63, 0xDF, 0x6B, 0xDF,
    0x63, 0xDF, 0x63, 0xDF, 0x63, 0xBF, 0x63, 0xBF, 0x63, 0xBF, 0x63, 0xDF, 0x63, 0xDF, 0x63, 0xDF,
    0x63, 0xDF, 0x63, 0xDF, 0x63, 0xDF, 0x63, 0xDF, 0x63, 0xDF, 0x63, 0xDF, 0x6B, 0xFF, 0x6B, 0xFF,
    0x63, 0xDF, 0x6B, 0xFF, 0x6B, 0xFF, 0x6B, 0xFF, 0x63, 0xDF, 0x63, 0xBF, 0x63, 0xBF, 0x63, 0xDF,
    0x2A, 0x19, 0x2A, 0x1A, 0x2A, 0x1A, 0x2A, 0x1A, 0x29, 0xF9, 0x2A, 0x19, 0x2A, 0x19, 0x00, 0x00,
    0xE7, 0x3C, 0xAD, 0x75, 0xAD, 0x75, 0xAD, 0x75, 0xAD, 0x75, 0xAD, 0x75, 0xAD, 0x75, 0xAD, 0x75,
    0xAD, 0x75, 0xAD, 0x75, 0xAD, 0x75, 0xAD, 0x75, 0xAD, 0x75, 0xAD, 0x75, 0xAD, 0x75, 0xAD, 0x75,
    0xAD, 0x75, 0xAD, 0x75, 0xAD, 0x75, 0xAD, 0x75, 0xAD, 0x75, 0xAD, 0x75, 0xAD, 0x75, 0xAD, 0x75,
    0xAD, 0x75, 0xAD, 0x75, 0xAD, 0x75, 0xAD, 0x75, 0xAD, 0x75, 0xAD, 0x75, 0xAD, 0x75, 0xAD, 0x75,
    0xAD, 0x75, 0xAD, 0x75, 0xAD, 0x75, 0xAD, 0x75, 0xAD, 0x75, 0xAD, 0x75, 0xAD, 0x75, 0xAD, 0x75,
    0xAD, 0x75, 0xAD, 0x75, 0xAD, 0x75, 0xAD, 0x75, 0xAD, 0x75, 0xAD, 0x75, 0xAD, 0x75, 0xAD, 0x75,
    0xAD, 0x75, 0xAD, 0x75, 0xAD, 0x75, 0xAD, 0x75, 0xAD, 0x75, 0xAD, 0x75, 0xAD, 0x75, 0xAD, 0x75,
    0xAD, 0x75, 0xAD, 0x75, 0xAD, 0x75, 0xAD, 0x75, 0xAD, 0x75, 0xAD, 0x75, 0xAD, 0x75, 0xAD, 0x75,
    0xAD, 0x75, 0xAD, 0x75, 0xAD, 0x75, 0xAD, 0x75, 0xAD, 0x75, 0xAD, 0x75, 0xAD, 0x75, 0xAD, 0x75,
    0xE7, 0x3C, 0x00, 0x00, 0x00, 0x00, 0x00, 0x00, 0x00, 0x00, 0x00, 0x00, 0x00, 0x00, 0x00, 0x00,
    0x00, 0x00, 0x00, 0x00, 0x00, 0x00, 0x00, 0x00, 0x00, 0x00, 0x00, 0x00, 0x00, 0x00, 0x00, 0x00,
    0x00, 0x00, 0x00, 0x00, 0x00, 0x00, 0x00, 0x00, 0x00, 0x00, 0x00, 0x00, 0x00, 0x00, 0x00, 0x00,
    0x00, 0x00, 0x00, 0x00, 0x00, 0x00, 0x00, 0x00, 0x00, 0x00, 0x00, 0x00, 0x00, 0x00, 0x00, 0x00,
    0x00, 0x00, 0x00, 0x00, 0x00, 0x00, 0x00, 0x00, 0x00, 0x00, 0x00, 0x00, 0x00, 0x00, 0x00, 0x00,
    0x00, 0x00, 0x00, 0x00, 0x00, 0x00, 0x00, 0x00, 0x00, 0x00, 0x00, 0x00, 0x00, 0x00, 0x00, 0x00,
    0x00, 0x00, 0x00, 0x00, 0x00, 0x00, 0x00, 0x00, 0x00, 0x00, 0x00, 0x00, 0x00, 0x00, 0x00, 0x00,
    0x00, 0x00, 0x00, 0x00, 0x00, 0x00, 0x00, 0x00, 0x00, 0x00, 0x00, 0x00, 0x00, 0x00, 0x00, 0x00,
    0x00, 0x00, 0x00, 0x00, 0x00, 0x00, 0x00, 0x00, 0x00, 0x00, 0x00, 0x00, 0x00, 0x00, 0x00, 0x00,
    0x00, 0x00, 0x00, 0x00, 0x00, 0x00, 0xE7, 0x3C, 0xAD, 0x75, 0xAD, 0x75, 0xAD, 0x75, 0xAD, 0x75,
    0xAD, 0x75, 0xAD, 0x75, 0xAD, 0x75, 0xAD, 0x75, 0xAD, 0x75, 0xAD, 0x75, 0xAD, 0x75, 0xAD, 0x75,
    0xAD, 0x75, 0xAD, 0x75, 0xAD, 0x75, 0xAD, 0x75, 0xAD, 0x75, 0xAD, 0x75, 0xAD, 0x75, 0xAD, 0x75,
    0xAD, 0x75, 0xAD, 0x75, 0xAD, 0x75, 0xAD, 0x75, 0xAD, 0x75, 0xAD, 0x75, 0xAD, 0x75, 0xAD, 0x75,
    0xAD, 0x75, 0xAD, 0x75, 0xAD, 0x75, 0xAD, 0x75, 0xAD, 0x75, 0xAD, 0x75, 0xAD, 0x75, 0xAD, 0x75,
    0xAD, 0x75, 0xAD, 0x75, 0xAD, 0x75, 0xAD, 0x75, 0xAD, 0x75, 0xAD, 0x75, 0xAD, 0x75, 0xAD, 0x75,
    0xAD, 0x75, 0xAD, 0x75, 0xAD, 0x75, 0xAD, 0x75, 0xAD, 0x75, 0xAD, 0x75, 0xAD, 0x75, 0xAD, 0x75,
    0xAD, 0x75, 0xAD, 0x75, 0xAD, 0x75, 0xAD, 0x75, 0xAD, 0x75, 0xAD, 0x75, 0xAD, 0x75, 0xAD, 0x75,
    0xAD, 0x75, 0xAD, 0x75, 0xAD, 0x75, 0xAD, 0x75, 0xAD, 0x75, 0xAD, 0x75, 0xAD, 0x75, 0xAD, 0x75,
    0xAD, 0x75, 0xAD, 0x75, 0xAD, 0x75, 0xE7, 0x3C, 0x00, 0x00, 0x29, 0xF9, 0x2A, 0x19, 0x2A, 0x1A,
    0x29, 0xF9, 0x29, 0xF9, 0x29, 0xF9, 0x2A, 0x19, 0x21, 0xB5, 0x00, 0x00, 0x53, 0x1A, 0x6B, 0xDF,
    0x6B, 0xDF, 0x63, 0xDF, 0x63, 0xBF, 0x63, 0xDF, 0x63, 0xDF, 0x63, 0xBF, 0x63, 0xBE, 0x63, 0xBF,
    0x63, 0xBF, 0x63, 0xDF, 0x63, 0xDF, 0x63, 0xDF, 0x63, 0xDF, 0x63, 0xDF, 0x63, 0xDF, 0x63, 0xDF,
    0x63, 0xDF, 0x63, 0xDF, 0x63, 0xDF, 0x63, 0xDF, 0x63, 0xDF, 0x63, 0xBF, 0x63, 0xBF, 0x63, 0xDF,
    0x63, 0xDF, 0x63, 0xBF, 0x63, 0xDF, 0x63, 0xDF, 0x63, 0xDF, 0x6B, 0xDF, 0x6B, 0xFF, 0x6B, 0xFF,
    0x63, 0xDF, 0x63, 0xBF, 0x63, 0xDF, 0x63, 0xDF, 0x63, 0xDF, 0x63, 0xBF, 0x63, 0xBF, 0x63, 0xBF,
    0x63, 0xBF, 0x63, 0xDF, 0x63, 0xBF, 0x63, 0xBF, 0x63, 0xBF, 0x63, 0xBF, 0x63, 0xBE, 0x63, 0xBF,
    0x63, 0xDF, 0x63, 0xDF, 0x63, 0xBF, 0x63, 0xDF, 0x63, 0xDF, 0x63, 0xDF, 0x6B, 0xDF, 0x6B, 0xFF,
    0x6B, 0xFF, 0x63, 0xDF, 0x63, 0xBF, 0x63, 0xBF, 0x63, 0xBF, 0x63, 0xDF, 0x63, 0xDF, 0x63, 0xBF,
    0x63, 0xBF, 0x63, 0xDF, 0x63, 0xDF, 0x6B, 0xDF, 0x6B, 0xDF, 0x6B, 0xDF, 0x6B, 0xDF, 0x6B, 0xFF,
    0x63, 0xDF, 0x63, 0xDF, 0x63, 0xDF, 0x63, 0xDF, 0x63, 0xBF, 0x63, 0xBF, 0x63, 0xDF, 0x63, 0xDF,
    0x2A, 0x19, 0x29, 0xF9, 0x2A, 0x19, 0x29, 0xF8, 0x29, 0xF8, 0x29, 0xF8, 0x29, 0xF8, 0x29, 0xD8,
    0x00, 0x00, 0x00, 0x00, 0x00, 0x00, 0x00, 0x00, 0x00, 0x00, 0x00, 0x00, 0x00, 0x00, 0x00, 0x00,
    0x00, 0x00, 0x00, 0x00, 0x00, 0x00, 0x00, 0x00, 0x00, 0x00, 0x00, 0x00, 0x00, 0x00, 0x00, 0x00,
    0x00, 0x00, 0x00, 0x00, 0x00, 0x00, 0x00, 0x00, 0x00, 0x00, 0x00, 0x00, 0x00, 0x00, 0x00, 0x00,
    0x00, 0x00, 0x00, 0x00, 0x00, 0x00, 0x00, 0x00, 0x00, 0x00, 0x00, 0x00, 0x00, 0x00, 0x00, 0x00,
    0x00, 0x00, 0x00, 0x00, 0x00, 0x00, 0x00, 0x00, 0x00, 0x00, 0x00, 0x00, 0x00, 0x00, 0x00, 0x00,
    0x00, 0x00, 0x00, 0x00, 0x00, 0x00, 0x00, 0x00, 0x00, 0x00, 0x00, 0x00, 0x00, 0x00, 0x00, 0x00,
    0x00, 0x00, 0x00, 0x00, 0x00, 0x00, 0x00, 0x00, 0x00, 0x00, 0x00, 0x00, 0x00, 0x00, 0x00, 0x00,
    0x00, 0x00, 0x00, 0x00, 0x00, 0x00, 0x00, 0x00, 0x00, 0x00, 0x00, 0x00, 0x00, 0x00, 0x00, 0x00,
    0x00, 0x00, 0x00, 0x00, 0x00, 0x00, 0x00, 0x00, 0x00, 0x00, 0x00, 0x00, 0x00, 0x00, 0x21, 0x04,
    0xAD, 0x75, 0x00, 0x00, 0x00, 0x00, 0x00, 0x00, 0x00, 0x00, 0x00, 0x00, 0x00, 0x00, 0x00, 0x00,
    0x00, 0x00, 0x00, 0x00, 0x00, 0x00, 0x00, 0x00, 0x00, 0x00, 0x00, 0x00, 0x00, 0x00, 0x00, 0x00,
    0x00, 0x00, 0x00, 0x00, 0x00, 0x00, 0x00, 0x00, 0x00, 0x00, 0x00, 0x00, 0x00, 0x00, 0x00, 0x00,
    0x00, 0x00, 0x00, 0x00, 0x00, 0x00, 0x00, 0x00, 0x00, 0x00, 0x00, 0x00, 0x00, 0x00, 0x00, 0x00,
    0x00, 0x00, 0x00, 0x00, 0x00, 0x00, 0x00, 0x00, 0x00, 0x00, 0x00, 0x00, 0x00, 0x00, 0x00, 0x00,
    0x00, 0x00, 0x00, 0x00, 0x00, 0x00, 0x00, 0x00, 0x00, 0x00, 0x00, 0x00, 0x00, 0x00, 0x00, 0x00,
    0x00, 0x00, 0x00, 0x00, 0x00, 0x00, 0x00, 0x00, 0x00, 0x00, 0x00, 0x00, 0x00, 0x00, 0x00, 0x00,
    0x00, 0x00, 0x00, 0x00, 0x00, 0x00, 0x00, 0x00, 0x00, 0x00, 0x00, 0x00, 0x00, 0x00, 0x00, 0x00,
    0x00, 0x00, 0x00, 0x00, 0x00, 0x00, 0x00, 0x00, 0x00, 0x00, 0x00, 0x00, 0x00, 0x00, 0x00, 0x00,
    0x00, 0x00, 0x00, 0x00, 0x00, 0x00, 0xAD, 0x75, 0x00, 0x00, 0x00, 0x00, 0x00, 0x00, 0x00, 0x00,
    0x00, 0x00, 0x00, 0x00, 0x00, 0x00, 0x00, 0x00, 0x00, 0x00, 0x00, 0x00, 0x00, 0x00, 0x00, 0x00,
    0x00, 0x00, 0x00, 0x00, 0x00, 0x00, 0x00, 0x00, 0x00, 0x00, 0x00, 0x00, 0x00, 0x00, 0x00, 0x00,
    0x00, 0x00, 0x00, 0x00, 0x00, 0x00, 0x00, 0x00, 0x00, 0x00, 0x00, 0x00, 0x00, 0x00, 0x00, 0x00,
    0x00, 0x00, 0x00, 0x00, 0x00, 0x00, 0x00, 0x00, 0x00, 0x00, 0x00, 0x00, 0x00, 0x00, 0x00, 0x00,
    0x00, 0x00, 0x00, 0x00, 0x00, 0x00, 0x00, 0x00, 0x00, 0x00, 0x00, 0x00, 0x00, 0x00, 0x00, 0x00,
    0x00, 0x00, 0x00, 0x00, 0x00, 0x00, 0x00, 0x00, 0x00, 0x00, 0x00, 0x00, 0x00, 0x00, 0x00, 0x00,
    0x00, 0x00, 0x00, 0x00, 0x00, 0x00, 0x00, 0x00, 0x00, 0x00, 0x00, 0x00, 0x00, 0x00, 0x00, 0x00,
    0x00, 0x00, 0x00, 0x00, 0x00, 0x00, 0x00, 0x00, 0x00, 0x00, 0x00, 0x00, 0x00, 0x00, 0x00, 0x00,
    0x00, 0x00, 0x00, 0x00, 0x00, 0x00, 0x00, 0x00, 0x2A, 0x19, 0x29, 0xF9, 0x2A, 0x19, 0x2A, 0x19,
    0x29, 0xF9, 0x29, 0xF8, 0x2A, 0x19, 0x2A, 0x1A, 0x21, 0xB4, 0x00, 0x00, 0x53, 0x1A, 0x63, 0xDF,
    0x63, 0xBF, 0x63, 0xBF, 0x63, 0xBF, 0x63, 0xBF, 0x63, 0xBF, 0x63, 0xBE, 0x63, 0x9E, 0x63, 0xBF,
    0x63, 0xDF, 0x6B, 0xDF, 0x63, 0xDF, 0x63, 0xDF, 0x63, 0xDF, 0x63, 0xDF, 0x63, 0xDF, 0x63, 0xDF,
    0x63, 0xDF, 0x63, 0xDF, 0x63, 0xDF, 0x63, 0xDF, 0x63, 0xBF, 0x63, 0xBF, 0x63, 0xDF, 0x63, 0xDF,
    0x63, 0xDF, 0x63, 0xBF, 0x63, 0xDF, 0x63, 0xBF, 0x63, 0xDF, 0x63, 0xDF, 0x63, 0xDF, 0x63, 0xDF,
    0x63, 0xBF, 0x63, 0xBF, 0x63, 0xDF, 0x63, 0xDF, 0x63, 0xBF, 0x63, 0xDF, 0x63, 0xDF, 0x63, 0xDF,
    0x63, 0xDF, 0x63, 0xDF, 0x63, 0xDF, 0x63, 0xBF, 0x63, 0xBF, 0x63, 0xBF, 0x63, 0xBF, 0x63, 0xBF,
    0x63, 0xDF, 0x63, 0xBF, 0x63, 0xBE, 0x63, 0xBF, 0x63, 0xDF, 0x63, 0xDF, 0x63, 0xDF, 0x63, 0xDF,
    0x6B, 0xFF, 0x63, 0xDF, 0x63, 0xBF, 0x63, 0xBF, 0x63, 0xDF, 0x63, 0xDF, 0x63, 0xDF, 0x63, 0xBF,
    0x63, 0xBF, 0x63, 0xDF, 0x63, 0xDF, 0x63, 0xDF, 0x63, 0xDF, 0x63, 0xDF, 0x63, 0xDF, 0x63, 0xBF,
    0x63, 0xBF, 0x63, 0xDF, 0x63, 0xDF, 0x63, 0xBF, 0x63, 0xBF, 0x63, 0xDF, 0x63, 0xDF, 0x63, 0xDF,
    0x29, 0xF9, 0x29, 0xF8, 0x29, 0xD8, 0x29, 0xD8, 0x29, 0xF8, 0x29, 0xF9, 0x29, 0xF9, 0x29, 0xF8,
    0x29, 0xF9, 0x2A, 0x19, 0x2A, 0x1A, 0x2A, 0x1A, 0x2A, 0x19, 0x29, 0xF9, 0x29, 0xF8, 0x29, 0xF8,
    0x29, 0xF9, 0x29, 0xF9, 0x2A, 0x19, 0x29, 0xF9, 0x29, 0xF9, 0x29, 0xF9, 0x29, 0xF9, 0x2A, 0x1A,
    0x2A, 0x1A, 0x2A, 0x1B, 0x29, 0xF9, 0x29, 0xD8, 0x29, 0xF8, 0x29, 0xF9, 0x29, 0xF9, 0x29, 0xF9,
    0x29, 0xF9, 0x29, 0xD7, 0x29, 0xD7, 0x29, 0xF8, 0x2A, 0x19, 0x2A, 0x19, 0x29, 0xF9, 0x29, 0xF9,
    0x2A, 0x1A, 0x2A, 0x1A, 0x2A, 0x1A, 0x2A, 0x1A, 0x2A, 0x19, 0x29, 0xF9, 0x29, 0xF9, 0x2A, 0x1A,
    0x2A, 0x1A, 0x2A, 0x1A, 0x2A, 0x19, 0x29, 0xF8, 0x29, 0xD7, 0x29, 0xD8, 0x29, 0xF9, 0x2A, 0x1A,
    0x29, 0xF9, 0x29, 0xF9, 0x29, 0xF8, 0x29, 0xF8, 0x29, 0xD8, 0x29, 0xF8, 0x29, 0xF9, 0x2A, 0x19,
    0x29, 0xF9, 0x29, 0xF9, 0x2A, 0x1A, 0x2A, 0x1A, 0x2A, 0x1A, 0x29, 0xF9, 0x29, 0xF8, 0x29, 0xF7,
    0x29, 0xD7, 0x29, 0xD7, 0x29, 0xF7, 0x29, 0xF8, 0x29, 0xF8, 0x29, 0xF8, 0x29, 0xF9, 0x00, 0x00,
    0xAD, 0x75, 0x00, 0x00, 0x00, 0x00, 0x00, 0x00, 0x00, 0x00, 0x00, 0x00, 0x00, 0x00, 0x00, 0x00,
    0x00, 0x00, 0x00, 0x00, 0x00, 0x00, 0x00, 0x00, 0x00, 0x00, 0x00, 0x00, 0x00, 0x00, 0x00, 0x00,
    0x00, 0x00, 0x00, 0x00, 0x00, 0x00, 0x00, 0x00, 0x00, 0x00, 0x00, 0x00, 0x00, 0x00, 0x00, 0x00,
    0x00, 0x00, 0x00, 0x00, 0x00, 0x00, 0x00, 0x00, 0x00, 0x00, 0x00, 0x00, 0x00, 0x00, 0x00, 0x00,
    0x00, 0x00, 0x00, 0x00, 0x00, 0x00, 0x00, 0x00, 0x00, 0x00, 0x00, 0x00, 0x00, 0x00, 0x00, 0x00,
    0x00, 0x00, 0x00, 0x00, 0x00, 0x00, 0x00, 0x00, 0x00, 0x00, 0x00, 0x00, 0x00, 0x00, 0x00, 0x00,
    0x00, 0x00, 0x00, 0x00, 0x00, 0x00, 0x00, 0x00, 0x00, 0x00, 0x00, 0x00, 0x00, 0x00, 0x00, 0x00,
    0x00, 0x00, 0x00, 0x00, 0x00, 0x00, 0x00, 0x00, 0x00, 0x00, 0x00, 0x00, 0x00, 0x00, 0x00, 0x00,
    0x00, 0x00, 0x00, 0x00, 0x00, 0x00, 0x00, 0x00, 0x00, 0x00, 0x00, 0x00, 0x00, 0x00, 0x00, 0x00,
    0x00, 0x00, 0x00, 0x00, 0x00, 0x00, 0xAD, 0x75, 0x00, 0x00, 0x2A, 0x19, 0x2A, 0x1A, 0x2A, 0x19,
    0x2A, 0x19, 0x2A, 0x19, 0x2A, 0x19, 0x2A, 0x1A, 0x2A, 0x1A, 0x2A, 0x3B, 0x2A, 0x19, 0x29, 0xF8,
    0x29, 0xF8, 0x29, 0xF9, 0x29, 0xF9, 0x2A, 0x19, 0x29, 0xF9, 0x29, 0xD7, 0x29, 0xD7, 0x29, 0xF8,
    0x2A, 0x19, 0x2A, 0x19, 0x29, 0xF9, 0x29, 0xF9, 0x2A, 0x1A, 0x2A, 0x1A, 0x2A, 0x1A, 0x2A, 0x1A,
    0x29, 0xF9, 0x29, 0xF8, 0x29, 0xF8, 0x2A, 0x1A, 0x2A, 0x1A, 0x2A, 0x19, 0x2A, 0x19, 0x29, 0xF8,
    0x29, 0xD7, 0x29, 0xD7, 0x29, 0xF9, 0x2A, 0x19, 0x29, 0xF9, 0x29, 0xF9, 0x29, 0xF8, 0x29, 0xF8,
    0x29, 0xD7, 0x29, 0xF8, 0x29, 0xF9, 0x2A, 0x19, 0x29, 0xF9, 0x29, 0xF9, 0x2A, 0x1A, 0x2A, 0x1A,
    0x2A, 0x1A, 0x29, 0xF9, 0x29, 0xF8, 0x29, 0xF8, 0x29, 0xD8, 0x29, 0xD8, 0x29, 0xF8, 0x29, 0xF9,
    0x29, 0xF9, 0x29, 0xF8, 0x29, 0xF9, 0x2A, 0x1A, 0x2A, 0x1A, 0x2A, 0x1A, 0x2A, 0x1A, 0x29, 0xF9,
    0x29, 0xF9, 0x29, 0xF9, 0x29, 0xF9, 0x2A, 0x19, 0x2A, 0x1A, 0x2A, 0x19, 0x29, 0xF9, 0x2A, 0x19,
    0x29, 0xF9, 0x2A, 0x1A, 0x2A, 0x1A, 0x2A, 0x1B, 0x21, 0x94, 0x00, 0x00, 0x53, 0x1A, 0x63, 0xBF,
    0x63, 0xBE, 0x63, 0xBE, 0x63, 0xBE, 0x63, 0xBF, 0x63, 0xBF, 0x63, 0xBF, 0x63, 0xBF, 0x63, 0xDF,
    0x63, 0xDF, 0x6B, 0xFF, 0x63, 0xDF, 0x63, 0xDF, 0x63, 0xDF, 0x63, 0xDF, 0x63, 0xDF, 0x63, 0xDF,
    0x63, 0xDF, 0x63, 0xDF, 0x63, 0xDF, 0x63, 0xDF, 0x63, 0xDF, 0x63, 0xDF, 0x63, 0xDF, 0x6B, 0xDF,
    0x63, 0xDF, 0x63, 0xBE, 0x63, 0xBF, 0x63, 0xBF, 0x63, 0xBF, 0x63, 0xDF, 0x63, 0xBF, 0x63, 0xBF,
    0x63, 0xBF, 0x63, 0xDF, 0x63, 0xDF, 0x63, 0xDF, 0x63, 0xDF, 0x63, 0xDF, 0x63, 0xDF, 0x6B, 0xDF,
    0x63, 0xDF, 0x63, 0xDF, 0x63, 0xDF, 0x63, 0xBF, 0x63, 0xBF, 0x63, 0xDF, 0x63, 0xDF, 0x63, 0xDF,
    0x63, 0xDF, 0x63, 0xBF, 0x63, 0xBE, 0x63, 0xBF, 0x63, 0xDF, 0x63, 0xDF, 0x63, 0xDF, 0x63, 0xDF,
    0x63, 0xBF, 0x63, 0xBF, 0x63, 0xBF, 0x63, 0xBF, 0x63, 0xDF, 0x63, 0xDF, 0x63, 0xDF, 0x63, 0xDF,
    0x63, 0xDF, 0x6B, 0xDF, 0x63, 0xDF, 0x63, 0xDF, 0x63, 0xBF, 0x63, 0xBF, 0x63, 0xBF, 0x63, 0xBF,
    0x63, 0xBF, 0x63, 0xBF, 0x63, 0xDF, 0x63, 0xDF, 0x63, 0xDF, 0x6B, 0xDF, 0x6B, 0xDF, 0x63, 0xDF,
    0x29, 0xF9, 0x29, 0xD7, 0x29, 0xD7, 0x29, 0xD7, 0x29, 0xF8, 0x29, 0xF9, 0x2A, 0x19, 0x29, 0xF9,
    0x2A, 0x19, 0x2A, 0x1A, 0x2A, 0x1A, 0x29, 0xF9, 0x29, 0xF8, 0x29, 0xD8, 0x29, 0xF8, 0x29, 0xF8,
    0x29, 0xF8, 0x29, 0xF9, 0x29, 0xF9, 0x29, 0xF9, 0x29, 0xF8, 0x29, 0xF9, 0x2A, 0x19, 0x2A, 0x1A,
    0x2A, 0x19, 0x29, 0xF9, 0x29, 0xD7, 0x29, 0xD6, 0x29, 0xF8, 0x29, 0xF9, 0x29, 0xF9, 0x2A, 0x1A,
    0x29, 0xF9, 0x29, 0xD7, 0x29, 0xF9, 0x2A, 0x1A, 0x2A, 0x1A, 0x2A, 0x19, 0x2A, 0x1A, 0x2A, 0x1A,
    0x2A, 0x1A, 0x2A, 0x19, 0x29, 0xF9, 0x2A, 0x19, 0x2A, 0x19, 0x29, 0xF9, 0x2A, 0x19, 0x2A, 0x1A,
    0x2A, 0x1A, 0x29, 0xF9, 0x29, 0xF8, 0x29, 0xF8, 0x29, 0xF8, 0x29, 0xF9, 0x2A, 0x1A, 0x2A, 0x1A,
    0x29, 0xF9, 0x29, 0xF8, 0x29, 0xF7, 0x29, 0xF8, 0x29, 0xF8, 0x29, 0xF9, 0x2A, 0x1A, 0x29, 0xF9,
    0x29, 0xF9, 0x2A, 0x19, 0x2A, 0x1A, 0x2A, 0x1A, 0x2A, 0x1A, 0x29, 0xF8, 0x29, 0xD7, 0x29, 0xD7,
    0x29, 0xD7, 0x29, 0xD7, 0x29, 0xF8, 0x29, 0xF9, 0x29, 0xF9, 0x29, 0xF8, 0x29, 0xF9, 0x00, 0x00,
    0xAD, 0x75, 0x00, 0x00, 0x00, 0x00, 0x00, 0x00, 0x00, 0x00, 0x00, 0x00, 0x00, 0x00, 0x00, 0x00,
    0x00, 0x00, 0x00, 0x00, 0x00, 0x00, 0x00, 0x00, 0x00, 0x00, 0x00, 0x00, 0x00, 0x00, 0x00, 0x00,
    0x00, 0x00, 0x00, 0x00, 0x00, 0x00, 0x00, 0x00, 0x00, 0x00, 0x00, 0x00, 0x00, 0x00, 0x00, 0x00,
    0x00, 0x00, 0x00, 0x00, 0x00, 0x00, 0x00, 0x00, 0x00, 0x00, 0x00, 0x00, 0x00, 0x00, 0x00, 0x00,
    0x00, 0x00, 0x00, 0x00, 0x00, 0x00, 0x00, 0x00, 0x00, 0x00, 0x00, 0x00, 0x00, 0x00, 0x00, 0x00,
    0x00, 0x00, 0x00, 0x00, 0x00, 0x00, 0x00, 0x00, 0x00, 0x00, 0x00, 0x00, 0x00, 0x00, 0x00, 0x00,
    0x00, 0x00, 0x00, 0x00, 0x00, 0x00, 0x00, 0x00, 0x00, 0x00, 0x00, 0x00, 0x00, 0x00, 0x00, 0x00,
    0x00, 0x00, 0x00, 0x00, 0x00, 0x00, 0x00, 0x00, 0x00, 0x00, 0x00, 0x00, 0x00, 0x00, 0x00, 0x00,
    0x00, 0x00, 0x00, 0x00, 0x00, 0x00, 0x00, 0x00, 0x00, 0x00, 0x00, 0x00, 0x00, 0x00, 0x00, 0x00,
    0x00, 0x00, 0x00, 0x00, 0x00, 0x00, 0xAD, 0x75, 0x00, 0x00, 0x29, 0xF9, 0x2A, 0x19, 0x29, 0xF9,
    0x29, 0xF9, 0x2A, 0x19, 0x2A, 0x1A, 0x2A, 0x1A, 0x2A, 0x1A, 0x29, 0xF9, 0x29, 0xF7, 0x29, 0xD7,
    0x29, 0xF8, 0x29, 0xF9, 0x29, 0xF9, 0x2A, 0x1A, 0x29, 0xF9, 0x29, 0xD7, 0x29, 0xF9, 0x2A, 0x1A,
    0x2A, 0x1A, 0x2A, 0x19, 0x2A, 0x19, 0x2A, 0x19, 0x2A, 0x19, 0x29, 0xF9, 0x29, 0xF8, 0x29, 0xF9,
    0x29, 0xF9, 0x29, 0xF8, 0x29, 0xF9, 0x2A, 0x1A, 0x29, 0xF9, 0x29, 0xF8, 0x29, 0xD8, 0x29, 0xD7,
    0x29, 0xD8, 0x29, 0xF9, 0x29, 0xF9, 0x29, 0xF9, 0x29, 0xF8, 0x29, 0xD8, 0x29, 0xF7, 0x29, 0xF8,
    0x29, 0xF9, 0x29, 0xF9, 0x2A, 0x19, 0x29, 0xF9, 0x29, 0xF9, 0x2A, 0x19, 0x2A, 0x1A, 0x2A, 0x1A,
    0x2A, 0x1A, 0x29, 0xF8, 0x29, 0xD7, 0x29, 0xD7, 0x29, 0xD7, 0x29, 0xD7, 0x29, 0xF8, 0x29, 0xF9,
    0x2A, 0x19, 0x29, 0xF9, 0x2A, 0x1A, 0x2A, 0x1A, 0x2A, 0x1A, 0x2A, 0x1A, 0x29, 0xF9, 0x29, 0xF8,
    0x29, 0xF8, 0x29, 0xF8, 0x29, 0xF8, 0x29, 0xF9, 0x2A, 0x19, 0x29, 0xF9, 0x29, 0xF9, 0x29, 0xF9,
    0x2A, 0x1A, 0x2A, 0x1A, 0x2A, 0x19, 0x29, 0xF9, 0x21, 0x94, 0x00, 0x00, 0x53, 0x1A, 0x63, 0xBE,
    0x63, 0x9E, 0x63, 0x9E, 0x63, 0xBF, 0x63, 0xBF, 0x63, 0xDF, 0x63, 0xBF, 0x63, 0xDF, 0x6B, 0xDF,
    0x63, 0xDF, 0x63, 0xDF, 0x63, 0xBF, 0x63, 0xBF, 0x63, 0xBF, 0x63, 0xDF, 0x63, 0xBF, 0x63, 0xDF,
    0x63, 0xDF, 0x63, 0xDF, 0x63, 0xBF, 0x63, 0xDF, 0x63, 0xDF, 0x63, 0xDF, 0x63, 0xDF, 0x63, 0xBF,
    0x63, 0x9E, 0x63, 0x9D, 0x63, 0xBE, 0x63, 0xBF, 0x63, 0xDF, 0x63, 0xDF, 0x63, 0xBF, 0x63, 0xBE,
    0x63, 0xDF, 0x6B, 0xDF, 0x6B, 0xFF, 0x63, 0xDF, 0x6B, 0xDF, 0x6B, 0xDF, 0x63, 0xDF, 0x63, 0xDF,
    0x63, 0xBF, 0x63, 0xBF, 0x63, 0xDF, 0x63, 0xBF, 0x63, 0xBF, 0x63, 0xDF, 0x63, 0xDF, 0x63, 0xBF,
    0x63, 0xBF, 0x63, 0xBF, 0x63, 0xBF, 0x63, 0xDF, 0x6B, 0xDF, 0x6B, 0xDF, 0x63, 0xDF, 0x63, 0xBF,
    0x63, 0xBF, 0x63, 0xBF, 0x63, 0xBF, 0x63, 0xDF, 0x63, 0xDF, 0x63, 0xDF, 0x63, 0xBF, 0x63, 0xDF,
    0x63, 0xDF, 0x63, 0xDF, 0x63, 0xDF, 0x63, 0xBF, 0x63, 0xBE, 0x63, 0xBE, 0x63, 0x9E, 0x63, 0x9E,
    0x63, 0xBF, 0x63, 0xDF, 0x63, 0xDF, 0x63, 0xDF, 0x63, 0xDF, 0x6B, 0xFF, 0x6B, 0xFF, 0x63, 0xBF,
    0x29, 0xF8, 0x29, 0xD8, 0x29, 0xF8, 0x29, 0xF8, 0x29, 0xF9, 0x2A, 0x1A, 0x29, 0xF9, 0x29, 0xF8,
    0x29, 0xF8, 0x29, 0xF9, 0x29, 0xF9, 0x29, 0xF8, 0x29, 0xD7, 0x29, 0xD7, 0x29, 0xD7, 0x29, 0xD7,
    0x29, 0xF8, 0x29, 0xF9, 0x2A, 0x1A, 0x29, 0xF9, 0x2A, 0x1A, 0x2A, 0x1A, 0x29, 0xF9, 0x29, 0xF8,
    0x29, 0xD8, 0x29, 0xD7, 0x21, 0xD6, 0x29, 0xD7, 0x29, 0xF8, 0x29, 0xF9, 0x2A, 0x19, 0x2A, 0x19,
    0x29, 0xF8, 0x29, 0xD7, 0x29, 0xF9, 0x2A, 0x1A, 0x29, 0xF9, 0x29, 0xF8, 0x29, 0xF9, 0x2A, 0x19,
    0x29, 0xF9, 0x29, 0xF9, 0x29, 0xF8, 0x29, 0xF9, 0x29, 0xF9, 0x29, 0xF9, 0x29, 0xF9, 0x29, 0xF9,
    0x29, 0xF9, 0x29, 0xD7, 0x29, 0xD7, 0x29, 0xF8, 0x2A, 0x19, 0x2A, 0x1A, 0x2A, 0x1A, 0x2A, 0x1A,
    0x29, 0xF9, 0x29, 0xF8, 0x29, 0xF8, 0x2A, 0x19, 0x2A, 0x1A, 0x2A, 0x19, 0x29, 0xF9, 0x29, 0xD8,
    0x29, 0xF8, 0x29, 0xF9, 0x2A, 0x19, 0x29, 0xF9, 0x29, 0xF8, 0x29, 0xD8, 0x29, 0xD7, 0x29, 0xD7,
    0x29, 0xF8, 0x29, 0xF8, 0x29, 0xF9, 0x2A, 0x1A, 0x29, 0xF9, 0x29, 0xF8, 0x29, 0xF8, 0x00, 0x00,
    0xAD, 0x55, 0x00, 0x00, 0x00, 0x00, 0x00, 0x00, 0x00, 0x00, 0x00, 0x00, 0x00, 0x00, 0x00, 0x00,
    0x00, 0x00, 0x00, 0x00, 0x00, 0x00, 0x00, 0x00, 0x00, 0x00, 0x00, 0x00, 0x00, 0x00, 0x00, 0x00,
    0x00, 0x00, 0x00, 0x00, 0x00, 0x00, 0x00, 0x00, 0x00, 0x00, 0x00, 0x00, 0x00, 0x00, 0x00, 0x00,
    0x00, 0x00, 0x00, 0x00, 0x00, 0x00, 0x00, 0x00, 0x00, 0x00, 0x00, 0x00, 0x00, 0x00, 0x00, 0x00,
    0x00, 0x00, 0x00, 0x00, 0x00, 0x00, 0x00, 0x00, 0x00, 0x00, 0x00, 0x00, 0x00, 0x00, 0x00, 0x00,
    0x00, 0x00, 0x00, 0x00, 0x00, 0x00, 0x00, 0x00, 0x00, 0x00, 0x00, 0x00, 0x00, 0x00, 0x00, 0x00,
    0x00, 0x00, 0x00, 0x00, 0x00, 0x00, 0x00, 0x00, 0x00, 0x00, 0x00, 0x00, 0x00, 0x00, 0x00, 0x00,
    0x00, 0x00, 0x00, 0x00, 0x00, 0x00, 0x00, 0x00, 0x00, 0x00, 0x00, 0x00, 0x00, 0x00, 0x00, 0x00,
    0x00, 0x00, 0x00, 0x00, 0x00, 0x00, 0x00, 0x00, 0x00, 0x00, 0x00, 0x00, 0x00, 0x00, 0x00, 0x00,
    0x00, 0x00, 0x00, 0x00, 0x00, 0x00, 0xAD, 0x75, 0x00, 0x00, 0x2A, 0x1A, 0x2A, 0x1A, 0x2A, 0x1A,
    0x2A, 0x1A, 0x2A, 0x1A, 0x2A, 0x1A, 0x29, 0xF9, 0x29, 0xF8, 0x29, 0xD7, 0x29, 0xD7, 0x29, 0xD8,
    0x29, 0xF8, 0x29, 0xF9, 0x2A, 0x19, 0x2A, 0x19, 0x29, 0xF8, 0x29, 0xD7, 0x29, 0xF9, 0x2A, 0x1A,
    0x29, 0xF9, 0x29, 0xF8, 0x29, 0xF8, 0x29, 0xF9, 0x29, 0xF9, 0x29, 0xF8, 0x29, 0xF8, 0x29, 0xF8,
    0x29, 0xF9, 0x29, 0xF8, 0x29, 0xF8, 0x29, 0xF9, 0x29, 0xF8, 0x29, 0xD7, 0x29, 0xD7, 0x29, 0xF8,
    0x29, 0xF9, 0x2A, 0x19, 0x29, 0xF9, 0x29, 0xF9, 0x29, 0xF9, 0x29, 0xF8, 0x29, 0xF8, 0x29, 0xF9,
    0x2A, 0x19, 0x2A, 0x19, 0x29, 0xF9, 0x29, 0xD8, 0x29, 0xF8, 0x29, 0xF9, 0x2A, 0x19, 0x29, 0xF9,
    0x29, 0xF9, 0x29, 0xF8, 0x29, 0xD7, 0x29, 0xD7, 0x29, 0xF8, 0x29, 0xF8, 0x2A, 0x19, 0x2A, 0x1A,
    0x2A, 0x19, 0x29, 0xF8, 0x29, 0xF9, 0x2A, 0x19, 0x29, 0xF9, 0x29, 0xF9, 0x29, 0xF8, 0x29, 0xD8,
    0x29, 0xF8, 0x29, 0xF8, 0x29, 0xF9, 0x2A, 0x1A, 0x2A, 0x1A, 0x2A, 0x19, 0x2A, 0x1A, 0x2A, 0x1A,
    0x2A, 0x1A, 0x29, 0xF9, 0x29, 0xF8, 0x29, 0xD7, 0x21, 0x94, 0x00, 0x00, 0x53, 0x1A, 0x63, 0xBE,
    0x63, 0xBF, 0x63, 0xBF, 0x63, 0xDF, 0x63, 0xDF, 0x63, 0xDF, 0x63, 0xBF, 0x63, 0xBF, 0x63, 0xDF,
    0x63, 0xDF, 0x63, 0xBF, 0x63, 0xBF, 0x63, 0xBE, 0x63, 0xBF, 0x63, 0xBF, 0x63, 0xDF, 0x6B, 0xDF,
    0x63, 0xDF, 0x63, 0xDF, 0x63, 0xDF, 0x63, 0xDF, 0x63, 0xDF, 0x63, 0xBF, 0x63, 0xBE, 0x63, 0x9D,
    0x63, 0x9D, 0x63, 0x9E, 0x63, 0xBF, 0x63, 0xDF, 0x63, 0xDF, 0x63, 0xDF, 0x63, 0xBF, 0x63, 0x9E,
    0x63, 0xDF, 0x6B, 0xDF, 0x63, 0xDF, 0x63, 0xBF, 0x63, 0xDF, 0x63, 0xDF, 0x63, 0xDF, 0x63, 0xBF,
    0x63, 0xBF, 0x63, 0xBF, 0x63, 0xBF, 0x63, 0xBF, 0x63, 0xBF, 0x63, 0xBF, 0x63, 0xBF, 0x63, 0x9E,
    0x63, 0x9E, 0x63, 0xBF, 0x63, 0xDF, 0x63, 0xDF, 0x63, 0xDF, 0x6B, 0xDF, 0x63, 0xDF, 0x63, 0xDF,
    0x63, 0xDF, 0x63, 0xDF, 0x63, 0xDF, 0x63, 0xDF, 0x63, 0xDF, 0x63, 0xBE, 0x63, 0xBF, 0x63, 0xDF,
    0x63, 0xDF, 0x63, 0xBF, 0x63, 0xBF, 0x63, 0xBE, 0x63, 0x9E, 0x63, 0xBE, 0x63, 0xBF, 0x63, 0xBF,
    0x63, 0xDF, 0x6B, 0xDF, 0x6B, 0xDF, 0x63, 0xDF, 0x63, 0xDF, 0x63, 0xDF, 0x63, 0xDF, 0x63, 0xBF,
    0x29, 0xF8, 0x29, 0xF8, 0x29, 0xF9, 0x2A, 0x19, 0x2A, 0x1A, 0x2A, 0x1A, 0x29, 0xF9, 0x29, 0xF8,
    0x29, 0xF8, 0x29, 0xF8, 0x29, 0xF8, 0x29, 0xD7, 0x29, 0xD7, 0x29, 0xD7, 0x29, 0xF8, 0x29, 0xF8,
    0x29, 0xF9, 0x2A, 0x19, 0x2A, 0x19, 0x2A, 0x19, 0x2A, 0x19, 0x29, 0xF9, 0x29, 0xF8, 0x29, 0xD8,
    0x29, 0xD7, 0x29, 0xD7, 0x29, 0xD7, 0x29, 0xF8, 0x29, 0xF8, 0x29, 0xF8, 0x29, 0xF9, 0x29, 0xF8,
    0x29, 0xD7, 0x29, 0xD7, 0x29, 0xF9, 0x29, 0xF9, 0x29, 0xD7, 0x29, 0xF7, 0x29, 0xF9, 0x29, 0xF9,
    0x29, 0xF8, 0x29, 0xF8, 0x29, 0xF8, 0x29, 0xF9, 0x29, 0xF9, 0x29, 0xF8, 0x29, 0xF8, 0x29, 0xF8,
    0x29, 0xF8, 0x29, 0xF8, 0x29, 0xF8, 0x29, 0xF9, 0x2A, 0x1A, 0x2A, 0x1A, 0x29, 0xF9, 0x2A, 0x1A,
    0x2A, 0x1A, 0x29, 0xF9, 0x29, 0xF9, 0x2A, 0x19, 0x2A, 0x19, 0x29, 0xF9, 0x29, 0xF8, 0x29, 0xF8,
    0x29, 0xF9, 0x2A, 0x1A, 0x2A, 0x19, 0x29, 0xF8, 0x29, 0xF8, 0x29, 0xD7, 0x29, 0xD7, 0x29, 0xF8,
    0x29, 0xF9, 0x2A, 0x19, 0x2A, 0x1A, 0x2A, 0x1A, 0x29, 0xF9, 0x29, 0xF8, 0x29, 0xF8, 0x00, 0x00,
    0xAD, 0x75, 0x00, 0x00, 0x00, 0x00, 0x00, 0x00, 0x00, 0x00, 0x00, 0x00, 0x00, 0x00, 0x00, 0x00,
    0x00, 0x00, 0x00, 0x00, 0x00, 0x00, 0x00, 0x00, 0x00, 0x00, 0x00, 0x00, 0x00, 0x00, 0x00, 0x00,
    0x00, 0x00, 0x00, 0x00, 0x00, 0x00, 0x00, 0x00, 0x00, 0x00, 0x00, 0x00, 0x00, 0x00, 0x00, 0x00,
    0x00, 0x00, 0x00, 0x00, 0x00, 0x00, 0x00, 0x00, 0x00, 0x00, 0x00, 0x00, 0x00, 0x00, 0x00, 0x00,
    0x00, 0x00, 0x00, 0x00, 0x00, 0x00, 0x00, 0x00, 0x00, 0x00, 0x00, 0x00, 0x00, 0x00, 0x00, 0x00,
    0x00, 0x00, 0x00, 0x00, 0x00, 0x00, 0x00, 0x00, 0x00, 0x00, 0x00, 0x00, 0x00, 0x00, 0x00, 0x00,
    0x00, 0x00, 0x00, 0x00, 0x00, 0x00, 0x00, 0x00, 0x00, 0x00, 0x00, 0x00, 0x00, 0x00, 0x00, 0x00,
    0x00, 0x00, 0x00, 0x00, 0x00, 0x00, 0x00, 0x00, 0x00, 0x00, 0x00, 0x00, 0x00, 0x00, 0x00, 0x00,
    0x00, 0x00, 0x00, 0x00, 0x00, 0x00, 0x00, 0x00, 0x00, 0x00, 0x00, 0x00, 0x00, 0x00, 0x00, 0x00,
    0x00, 0x00, 0x00, 0x00, 0x00, 0x00, 0xAD, 0x75, 0x00, 0x00, 0x2A, 0x1A, 0x2A, 0x1A, 0x2A, 0x1A,
    0x2A, 0x1A, 0x2A, 0x19, 0x29, 0xF9, 0x29, 0xF8, 0x29, 0xD8, 0x29, 0xD8, 0x29, 0xF8, 0x29, 0xF8,
    0x29, 0xF9, 0x29, 0xF9, 0x29, 0xF9, 0x29, 0xF8, 0x29, 0xD7, 0x29, 0xD7, 0x29, 0xF9, 0x29, 0xF9,
    0x29, 0xD7, 0x29, 0xD7, 0x29, 0xF9, 0x29, 0xF9, 0x29, 0xF8, 0x29, 0xF8, 0x29, 0xF8, 0x29, 0xF8,
    0x29, 0xF8, 0x29, 0xF8, 0x29, 0xF8, 0x29, 0xF8, 0x29, 0xF8, 0x29, 0xF8, 0x29, 0xF8, 0x29, 0xF9,
    0x2A, 0x1A, 0x2A, 0x1A, 0x29, 0xF9, 0x2A, 0x19, 0x2A, 0x1A, 0x29, 0xF9, 0x29, 0xF9, 0x2A, 0x19,
    0x2A, 0x19, 0x29, 0xF9, 0x29, 0xF8, 0x29, 0xF8, 0x29, 0xF9, 0x2A, 0x1A, 0x2A, 0x19, 0x29, 0xF9,
    0x29, 0xF8, 0x29, 0xD7, 0x29, 0xD7, 0x29, 0xF8, 0x29, 0xF9, 0x2A, 0x1A, 0x2A, 0x1A, 0x2A, 0x1A,
    0x2A, 0x19, 0x29, 0xF8, 0x29, 0xF8, 0x29, 0xF9, 0x29, 0xF9, 0x29, 0xF8, 0x29, 0xF7, 0x29, 0xF8,
    0x29, 0xF8, 0x29, 0xF9, 0x2A, 0x19, 0x2A, 0x1A, 0x2A, 0x1A, 0x2A, 0x1A, 0x2A, 0x1A, 0x29, 0xF9,
    0x29, 0xF8, 0x29, 0xD8, 0x29, 0xD7, 0x29, 0xD7, 0x21, 0x94, 0x00, 0x00, 0x53, 0x1A, 0x63, 0xBF,
    0x63, 0xDF, 0x63, 0xDF, 0x63, 0xDF, 0x63, 0xDF, 0x63, 0xBF, 0x63, 0xBE, 0x63, 0xBE, 0x63, 0xBF,
    0x63, 0xBF, 0x63, 0xBE, 0x63, 0xBE, 0x63, 0xBF, 0x63, 0xBF, 0x63, 0xDF, 0x6B, 0xDF, 0x63, 0xDF,
    0x63, 0xDF, 0x63, 0xDF, 0x63, 0xDF, 0x63, 0xDF, 0x63, 0xBF, 0x63, 0xBE, 0x63, 0x9E, 0x63, 0x9D,
    0x63, 0x9E, 0x63, 0xBF, 0x63, 0xBF, 0x63, 0xBF, 0x63, 0xDF, 0x63, 0xBF, 0x63, 0xBE, 0x63, 0x9E,
    0x63, 0xDF, 0x63, 0xDF, 0x63, 0xBE, 0x63, 0xBF, 0x63, 0xDF, 0x63, 0xDF, 0x63, 0xBF, 0x63, 0xBF,
    0x63, 0xBF, 0x63, 0xBF, 0x63, 0xBF, 0x63, 0x9E, 0x63, 0x9E, 0x63, 0xBE, 0x63, 0xBE, 0x63, 0xBF,
    0x63, 0xBF, 0x63, 0xDF, 0x6B, 0xFF, 0x6B, 0xFF, 0x63, 0xDF, 0x6B, 0xDF, 0x6B, 0xFF, 0x63, 0xDF,
    0x63, 0xDF, 0x63, 0xDF, 0x63, 0xDF, 0x63, 0xDF, 0x63, 0xBF, 0x63, 0xBF, 0x63, 0xDF, 0x63, 0xDF,
    0x63, 0xDF, 0x63, 0xBF, 0x63, 0xBE, 0x63, 0xBE, 0x63, 0x9E, 0x63, 0xBF, 0x63, 0xDF, 0x63, 0xDF,
    0x6B, 0xDF, 0x6B, 0xDF, 0x63, 0xDF, 0x63, 0xBF, 0x63, 0xBF, 0x63, 0xBF, 0x63, 0xBF, 0x63, 0xBF,
    0x29, 0xF8, 0x29, 0xF9, 0x2A, 0x19, 0x2A, 0x19, 0x2A, 0x19, 0x29, 0xF8, 0x29, 0xF8, 0x29, 0xF7,
    0x29, 0xD7, 0x29, 0xF8, 0x29, 0xF8, 0x29, 0xD7, 0x29, 0xD7, 0x29, 0xF7, 0x29, 0xF8, 0x29, 0xF9,
    0x29, 0xF9, 0x29, 0xF9, 0x2A, 0x19, 0x29, 0xF9, 0x29, 0xF8, 0x29, 0xD7, 0x29, 0xD6, 0x29, 0xD7,
    0x29, 0xD7, 0x29, 0xD7, 0x29, 0xF8, 0x29, 0xF8, 0x29, 0xF8, 0x29, 0xF8, 0x29, 0xF8, 0x29, 0xF8,
    0x29, 0xD7, 0x29, 0xF8, 0x2A, 0x1A, 0x2A, 0x19, 0x29, 0xD7, 0x29, 0xF8, 0x2A, 0x19, 0x29, 0xF9,
    0x29, 0xD7, 0x29, 0xD7, 0x29, 0xF8, 0x29, 0xF8, 0x29, 0xF9, 0x29, 0xF9, 0x2A, 0x19, 0x2A, 0x19,
    0x2A, 0x1A, 0x2A, 0x1A, 0x2A, 0x1A, 0x2A, 0x1A, 0x2A, 0x1B, 0x2A, 0x1A, 0x2A, 0x19, 0x2A, 0x19,
    0x2A, 0x1A, 0x29, 0xF8, 0x29, 0xF8, 0x29, 0xF9, 0x29, 0xF8, 0x29, 0xF8, 0x29, 0xF8, 0x29, 0xF8,
    0x2A, 0x1A, 0x2A, 0x1A, 0x2A, 0x19, 0x29, 0xF7, 0x29, 0xD7, 0x29, 0xF7, 0x29, 0xF8, 0x29, 0xF8,
    0x2A, 0x19, 0x2A, 0x19, 0x2A, 0x19, 0x29, 0xF8, 0x29, 0xF8, 0x29, 0xF7, 0x29, 0xD7, 0x00, 0x00,
    0xAD, 0x75, 0x00, 0x00, 0x00, 0x00, 0x00, 0x00, 0x00, 0x00, 0x00, 0x00, 0x00, 0x00, 0x00, 0x00,
    0x00, 0x00, 0x00, 0x00, 0x00, 0x00, 0x00, 0x00, 0x00, 0x00, 0x00, 0x00, 0x00, 0x00, 0x00, 0x00,
    0x00, 0x00, 0x00, 0x00, 0x00, 0x00, 0x00, 0x00, 0x00, 0x00, 0x00, 0x00, 0x00, 0x00, 0x00, 0x00,
    0x00, 0x00, 0x00, 0x00, 0x00, 0x00, 0x00, 0x00, 0x00, 0x00, 0x00, 0x00, 0x00, 0x00, 0x00, 0x00,
    0x00, 0x00, 0x00, 0x00, 0x00, 0x00, 0x00, 0x00, 0x00, 0x00, 0x00, 0x00, 0x00, 0x00, 0x00, 0x00,
    0x00, 0x00, 0x00, 0x00, 0x00, 0x00, 0x00, 0x00, 0x00, 0x00, 0x00, 0x00, 0x00, 0x00, 0x00, 0x00,
    0x00, 0x00, 0x00, 0x00, 0x00, 0x00, 0x00, 0x00, 0x00, 0x00, 0x00, 0x00, 0x00, 0x00, 0x00, 0x00,
    0x00, 0x00, 0x00, 0x00, 0x00, 0x00, 0x00, 0x00, 0x00, 0x00, 0x00, 0x00, 0x00, 0x00, 0x00, 0x00,
    0x00, 0x00, 0x00, 0x00, 0x00, 0x00, 0x00, 0x00, 0x00, 0x00, 0x00, 0x00, 0x00, 0x00, 0x00, 0x00,
    0x00, 0x00, 0x00, 0x00, 0x00, 0x00, 0xAD, 0x75, 0x00, 0x00, 0x29, 0xF9, 0x2A, 0x19, 0x29, 0xF9,
    0x29, 0xF8, 0x29, 0xF8, 0x29, 0xD7, 0x29, 0xD7, 0x29, 0xD7, 0x29, 0xF8, 0x29, 0xF8, 0x29, 0xF9,
    0x29, 0xF8, 0x29, 0xF8, 0x29, 0xF8, 0x29, 0xF8, 0x29, 0xD7, 0x29, 0xF8, 0x2A, 0x19, 0x2A, 0x19,
    0x29, 0xD7, 0x29, 0xF8, 0x2A, 0x19, 0x29, 0xF8, 0x29, 0xD7, 0x29, 0xD7, 0x29, 0xD7, 0x29, 0xF8,
    0x29, 0xF8, 0x29, 0xF8, 0x29, 0xF9, 0x29, 0xF9, 0x2A, 0x19, 0x2A, 0x19, 0x2A, 0x19, 0x2A, 0x1A,
    0x2A, 0x1A, 0x2A, 0x1A, 0x2A, 0x19, 0x2A, 0x19, 0x2A, 0x19, 0x29, 0xF8, 0x29, 0xF8, 0x29, 0xF9,
    0x29, 0xF8, 0x29, 0xF8, 0x29, 0xF8, 0x29, 0xF8, 0x2A, 0x1A, 0x2A, 0x1A, 0x2A, 0x19, 0x29, 0xF8,
    0x29, 0xD7, 0x29, 0xF8, 0x29, 0xF8, 0x29, 0xF9, 0x2A, 0x1A, 0x2A, 0x1A, 0x2A, 0x19, 0x29, 0xF9,
    0x29, 0xF8, 0x29, 0xF8, 0x29, 0xD8, 0x29, 0xF8, 0x29, 0xF8, 0x29, 0xF8, 0x29, 0xF8, 0x29, 0xF8,
    0x29, 0xF9, 0x29, 0xF9, 0x29, 0xF9, 0x29, 0xF9, 0x2A, 0x19, 0x29, 0xF9, 0x29, 0xF8, 0x29, 0xD7,
    0x29, 0xD7, 0x29, 0xD7, 0x29, 0xD7, 0x29, 0xD7, 0x21, 0x94, 0x00, 0x00, 0x53, 0x19, 0x63, 0xBF,
    0x63, 0xDF, 0x63, 0xDF, 0x63, 0xBF, 0x63, 0xBF, 0x63, 0xBE, 0x63, 0x9E, 0x63, 0x9E, 0x63, 0xBF,
    0x63, 0xBF, 0x63, 0xBE, 0x63, 0xBE, 0x63, 0xBF, 0x63, 0xDF, 0x63, 0xDF, 0x63, 0xDF, 0x63, 0xDF,
    0x63, 0xDF, 0x63, 0xDF, 0x63, 0xBF, 0x63, 0xBE, 0x63, 0x9D, 0x63, 0x9D, 0x63, 0x9D, 0x63, 0x9E,
    0x63, 0x9E, 0x63, 0xBF, 0x63, 0xBF, 0x63, 0xBE, 0x63, 0xBF, 0x63, 0xBF, 0x63, 0xBE, 0x63, 0xBF,
    0x63, 0xDF, 0x63, 0xDF, 0x63, 0xBF, 0x63, 0xBF, 0x63, 0xDF, 0x63, 0xDF, 0x63, 0xBE, 0x63, 0x9E,
    0x63, 0xBE, 0x63, 0xBF, 0x63, 0xBF, 0x63, 0xBF, 0x63, 0xBF, 0x63, 0xBF, 0x63, 0xDF, 0x63, 0xDF,
    0x63, 0xDF, 0x63, 0xDF, 0x6B, 0xFF, 0x6B, 0xFF, 0x63, 0xDF, 0x63, 0xDF, 0x63, 0xDF, 0x63, 0xBF,
    0x63, 0xDF, 0x63, 0xDF, 0x63, 0xBF, 0x63, 0xBF, 0x63, 0xBF, 0x63, 0xBF, 0x63, 0xDF, 0x6B, 0xDF,
    0x63, 0xDF, 0x63, 0x9E, 0x63, 0x9E, 0x63, 0x9E, 0x63, 0xBF, 0x63, 0xBF, 0x63, 0xDF, 0x63, 0xDF,
    0x63, 0xDF, 0x63, 0xDF, 0x63, 0xBF, 0x63, 0xBF, 0x63, 0xBF, 0x63, 0xBF, 0x63, 0xBF, 0x63, 0xBF,
    0x29, 0xF8, 0x29, 0xF8, 0x29, 0xF8, 0x29, 0xF8, 0x29, 0xF8, 0x29, 0xF8, 0x29, 0xD7, 0x29, 0xD7,
    0x29, 0xD7, 0x29, 0xD7, 0x29, 0xD8, 0x29, 0xF8, 0x29, 0xD7, 0x29, 0xF8, 0x29, 0xF8, 0x29, 0xF8,
    0x29, 0xF8, 0x29, 0xF8, 0x29, 0xF8, 0x29, 0xF8, 0x29, 0xD7, 0x21, 0xD6, 0x29, 0xD7, 0x29, 0xD7,
    0x29, 0xD7, 0x29, 0xF7, 0x29, 0xF8, 0x29, 0xF8, 0x29, 0xF8, 0x29, 0xD7, 0x29, 0xF8, 0x29, 0xF8,
    0x29, 0xF8, 0x29, 0xF8, 0x2A, 0x1A, 0x2A, 0x19, 0x29, 0xF9, 0x2A, 0x19, 0x2A, 0x1A, 0x29, 0xF8,
    0x29, 0xD7, 0x29, 0xF8, 0x29, 0xF9, 0x2A, 0x1A, 0x2A, 0x1A, 0x2A, 0x1A, 0x2A, 0x1A, 0x2A, 0x1A,
    0x2A, 0x19, 0x2A, 0x1A, 0x2A, 0x19, 0x29, 0xF9, 0x2A, 0x19, 0x2A, 0x19, 0x29, 0xF8, 0x29, 0xF8,
    0x29, 0xF7, 0x29, 0xD7, 0x29, 0xF8, 0x29, 0xF8, 0x29, 0xD7, 0x29, 0xF7, 0x29, 0xF8, 0x29, 0xF8,
    0x29, 0xF9, 0x29, 0xF8, 0x29, 0xD7, 0x21, 0xD6, 0x21, 0xD6, 0x29, 0xF8, 0x29, 0xF8, 0x29, 0xF8,
    0x29, 0xF8, 0x29, 0xF8, 0x29, 0xF8, 0x29, 0xF7, 0x29, 0xD7, 0x29, 0xD7, 0x29, 0xD7, 0x00, 0x00,
    0xAD, 0x75, 0x00, 0x00, 0x00, 0x00, 0x00, 0x00, 0x00, 0x00, 0x00, 0x00, 0x00, 0x00, 0x00, 0x00,
    0x00, 0x00, 0x00, 0x00, 0x00, 0x00, 0x00, 0x00, 0x00, 0x00, 0x00, 0x00, 0x00, 0x00, 0x00, 0x00,
    0x00, 0x00, 0x00, 0x00, 0x00, 0x00, 0x00, 0x00, 0x00, 0x00, 0x00, 0x00, 0x00, 0x00, 0x00, 0x00,
    0x00, 0x00, 0x00, 0x00, 0x00, 0x00, 0x00, 0x00, 0x00, 0x00, 0x00, 0x00, 0x00, 0x00, 0x00, 0x00,
    0x00, 0x00, 0x00, 0x00, 0x00, 0x00, 0x00, 0x00, 0x00, 0x00, 0x00, 0x00, 0x00, 0x00, 0x00, 0x00,
    0x00, 0x00, 0x00, 0x00, 0x00, 0x00, 0x00, 0x00, 0x00, 0x00, 0x00, 0x00, 0x00, 0x00, 0x00, 0x00,
    0x00, 0x00, 0x00, 0x00, 0x00, 0x00, 0x00, 0x00, 0x00, 0x00, 0x00, 0x00, 0x00, 0x00, 0x00, 0x00,
    0x00, 0x00, 0x00, 0x00, 0x00, 0x00, 0x00, 0x00, 0x00, 0x00, 0x00, 0x00, 0x00, 0x00, 0x00, 0x00,
    0x00, 0x00, 0x00, 0x00, 0x00, 0x00, 0x00, 0x00, 0x00, 0x00, 0x00, 0x00, 0x00, 0x00, 0x00, 0x00,
    0x00, 0x00, 0x00, 0x00, 0x00, 0x00, 0xAD, 0x75, 0x00, 0x00, 0x29, 0xF8, 0x29, 0xF9, 0x29, 0xF8,
    0x29, 0xD7, 0x29, 0xD7, 0x29, 0xD7, 0x29, 0xD7, 0x29, 0xD8, 0x29, 0xF8, 0x29, 0xF8, 0x29, 0xF8,
    0x29, 0xF8, 0x29, 0xD7, 0x29, 0xF8, 0x29, 0xF9, 0x29, 0xF8, 0x29, 0xF8, 0x2A, 0x19, 0x2A, 0x19,
    0x29, 0xF8, 0x2A, 0x19, 0x2A, 0x1A, 0x29, 0xF8, 0x29, 0xD6, 0x29, 0xF7, 0x29, 0xF8, 0x29, 0xF9,
    0x2A, 0x1A, 0x2A, 0x1A, 0x2A, 0x1A, 0x29, 0xF9, 0x29, 0xF9, 0x2A, 0x19, 0x2A, 0x19, 0x29, 0xF9,
    0x29, 0xF9, 0x2A, 0x19, 0x29, 0xF8, 0x29, 0xF8, 0x29, 0xF7, 0x29, 0xD7, 0x29, 0xD7, 0x29, 0xF8,
    0x29, 0xD7, 0x29, 0xF7, 0x29, 0xF8, 0x29, 0xF8, 0x29, 0xF9, 0x29, 0xF8, 0x29, 0xF8, 0x29, 0xD7,
    0x29, 0xD7, 0x29, 0xF8, 0x29, 0xF8, 0x29, 0xF8, 0x29, 0xF8, 0x29, 0xF8, 0x29, 0xF8, 0x29, 0xF8,
    0x29, 0xD7, 0x29, 0xD7, 0x29, 0xD7, 0x29, 0xF8, 0x29, 0xF8, 0x29, 0xF8, 0x29, 0xF8, 0x29, 0xF8,
    0x29, 0xF9, 0x29, 0xF9, 0x29, 0xF9, 0x29, 0xF8, 0x29, 0xF9, 0x29, 0xF8, 0x29, 0xD7, 0x29, 0xD7,
    0x29, 0xD7, 0x29, 0xD7, 0x29, 0xD7, 0x29, 0xF7, 0x21, 0x94, 0x00, 0x00, 0x53, 0x19, 0x63, 0xBF,
    0x63, 0xBF, 0x63, 0xBF, 0x63, 0x9E, 0x63, 0x9E, 0x63, 0x9D, 0x63, 0x9D, 0x63, 0x9E, 0x63, 0xBE,
    0x63, 0xBF, 0x63, 0xBF, 0x63, 0xBF, 0x63, 0xBF, 0x63, 0xDF, 0x63, 0xDF, 0x63, 0xDF, 0x63, 0xDF,
    0x63, 0xDF, 0x63, 0xBF, 0x63, 0x9E, 0x63, 0x9D, 0x63, 0x9D, 0x63, 0x9E, 0x63, 0x9E, 0x63, 0x9E,
    0x63, 0x9E, 0x63, 0xBF, 0x63, 0xBE, 0x63, 0x9E, 0x63, 0xBF, 0x63, 0xBF, 0x63, 0xBF, 0x63, 0xDF,
    0x6B, 0xDF, 0x63, 0xDF, 0x63, 0xDF, 0x63, 0xDF, 0x6B, 0xDF, 0x63, 0xBF, 0x63, 0x9E, 0x63, 0xBE,
    0x63, 0xBF, 0x63, 0xDF, 0x63, 0xDF, 0x63, 0xDF, 0x63, 0xDF, 0x63, 0xBF, 0x63, 0xDF, 0x63, 0xDF,
    0x63, 0xBF, 0x63, 0xBF, 0x63, 0xDF, 0x63, 0xDF, 0x63, 0xDF, 0x63, 0xBF, 0x63, 0xBF, 0x63, 0xBE,
    0x63, 0xBF, 0x63, 0xDF, 0x63, 0xBE, 0x63, 0xBE, 0x63, 0xBF, 0x63, 0xBF, 0x63, 0xBF, 0x63, 0xBF,
    0x63, 0x9E, 0x63, 0x9D, 0x63, 0x9D, 0x63, 0xBE, 0x63, 0xBF, 0x63, 0xBF, 0x63, 0xBF, 0x63, 0xBF,
    0x63, 0xBF, 0x63, 0xBF, 0x63, 0xBE, 0x63, 0xBE, 0x63, 0xBF, 0x63, 0xBF, 0x63, 0xBF, 0x63, 0xBF,
    0x29, 0xF8, 0x29, 0xF8, 0x29, 0xD8, 0x29, 0xD7, 0x29, 0xD7, 0x29, 0xD7, 0x29, 0xD7, 0x29, 0xD7,
    0x29, 0xF8, 0x29, 0xF8, 0x29, 0xF8, 0x29, 0xF8, 0x29, 0xF8, 0x29, 0xF8, 0x29, 0xF9, 0x29, 0xF8,
    0x29, 0xF8, 0x29, 0xF8, 0x29, 0xF8, 0x29, 0xD7, 0x21, 0xB6, 0x29, 0xD7, 0x29, 0xD7, 0x29, 0xD7,
    0x29, 0xF8, 0x29, 0xF8, 0x29, 0xF8, 0x29, 0xF8, 0x29, 0xF8, 0x29, 0xD7, 0x29, 0xF8, 0x2A, 0x19,
    0x29, 0xF8, 0x29, 0xF8, 0x29, 0xF9, 0x29, 0xF8, 0x29, 0xF8, 0x2A, 0x1A, 0x2A, 0x19, 0x29, 0xF7,
    0x29, 0xF8, 0x2A, 0x19, 0x2A, 0x1A, 0x2A, 0x1A, 0x2A, 0x1A, 0x2A, 0x1A, 0x29, 0xF9, 0x29, 0xF8,
    0x29, 0xD7, 0x29, 0xF8, 0x29, 0xD7, 0x29, 0xF8, 0x29, 0xF8, 0x29, 0xF7, 0x21, 0xD6, 0x21, 0xB6,
    0x29, 0xD6, 0x29, 0xD7, 0x29, 0xF8, 0x29, 0xF8, 0x29, 0xD7, 0x29, 0xD7, 0x29, 0xF8, 0x29, 0xF8,
    0x29, 0xD7, 0x29, 0xD7, 0x29, 0xD7, 0x29, 0xD7, 0x29, 0xD7, 0x29, 0xD7, 0x29, 0xF8, 0x29, 0xF8,
    0x29, 0xD8, 0x29, 0xD7, 0x29, 0xD7, 0x29, 0xD7, 0x29, 0xD7, 0x29, 0xD7, 0x29, 0xF8, 0x00, 0x00,
    0xAD, 0x75, 0x00, 0x00, 0x00, 0x00, 0x00, 0x00, 0x00, 0x00, 0x00, 0x00, 0x00, 0x00, 0x00, 0x00,
    0x00, 0x00, 0x00, 0x00, 0x00, 0x00, 0x00, 0x00, 0x00, 0x00, 0x00, 0x00, 0x00, 0x00, 0x00, 0x00,
    0x00, 0x00, 0x00, 0x00, 0x00, 0x00, 0x00, 0x00, 0x00, 0x00, 0x00, 0x00, 0x00, 0x00, 0x00, 0x00,
    0x00, 0x00, 0x00, 0x00, 0x00, 0x00, 0x00, 0x00, 0x00, 0x00, 0x00, 0x00, 0x00, 0x00, 0x00, 0x00,
    0x00, 0x00, 0x00, 0x00, 0x00, 0x00, 0x00, 0x00, 0x00, 0x00, 0x00, 0x00, 0x00, 0x00, 0x00, 0x00,
    0x00, 0x00, 0x00, 0x00, 0x00, 0x00, 0x00, 0x00, 0x00, 0x00, 0x00, 0x00, 0x00, 0x00, 0x00, 0x00,
    0x00, 0x00, 0x00, 0x00, 0x00, 0x00, 0x00, 0x00, 0x00, 0x00, 0x00, 0x00, 0x00, 0x00, 0x00, 0x00,
    0x00, 0x00, 0x00, 0x00, 0x00, 0x00, 0x00, 0x00, 0x00, 0x00, 0x00, 0x00, 0x00, 0x00, 0x00, 0x00,
    0x00, 0x00, 0x00, 0x00, 0x00, 0x00, 0x00, 0x00, 0x00, 0x00, 0x00, 0x00, 0x00, 0x00, 0x00, 0x00,
    0x00, 0x00, 0x00, 0x00, 0x00, 0x00, 0xAD, 0x75, 0x00, 0x00, 0x29, 0xF8, 0x29, 0xF8, 0x29, 0xF8,
    0x29, 0xD7, 0x29, 0xD7, 0x29, 0xD7, 0x29, 0xD7, 0x29, 0xF8, 0x29, 0xF9, 0x29, 0xF9, 0x29, 0xF8,
    0x29, 0xF8, 0x29, 0xF8, 0x29, 0xF9, 0x2A, 0x1A, 0x29, 0xF8, 0x29, 0xF8, 0x29, 0xF9, 0x29, 0xF8,
    0x29, 0xF8, 0x2A, 0x19, 0x29, 0xF9, 0x29, 0xD7, 0x29, 0xD7, 0x29, 0xF9, 0x2A, 0x1A, 0x2A, 0x1A,
    0x2A, 0x19, 0x2A, 0x19, 0x29, 0xF9, 0x29, 0xF8, 0x29, 0xD7, 0x29, 0xD7, 0x29, 0xD7, 0x29, 0xD7,
    0x29, 0xF8, 0x29, 0xD7, 0x21, 0xB6, 0x21, 0xB5, 0x21, 0xD6, 0x21, 0xD6, 0x29, 0xF8, 0x29, 0xF8,
    0x29, 0xD7, 0x29, 0xD7, 0x29, 0xF8, 0x29, 0xF8, 0x29, 0xD7, 0x29, 0xD7, 0x29, 0xD7, 0x29, 0xD7,
    0x29, 0xD7, 0x29, 0xD8, 0x29, 0xF8, 0x29, 0xF8, 0x29, 0xF8, 0x29, 0xF7, 0x29, 0xD7, 0x29, 0xD7,
    0x29, 0xD7, 0x29, 0xF7, 0x29, 0xF8, 0x29, 0xF8, 0x29, 0xF9, 0x29, 0xF9, 0x29, 0xF9, 0x29, 0xF9,
    0x29, 0xF9, 0x29, 0xF9, 0x29, 0xF8, 0x29, 0xF8, 0x29, 0xF8, 0x29, 0xF7, 0x29, 0xD7, 0x29, 0xD7,
    0x29, 0xD7, 0x29, 0xD7, 0x29, 0xF8, 0x29, 0xF8, 0x21, 0x93, 0x00, 0x00, 0x53, 0x19, 0x63, 0xBF,
    0x63, 0x9E, 0x63, 0x9E, 0x63, 0x9D, 0x63, 0x9D, 0x63, 0x9D, 0x63, 0x9E, 0x63, 0x9E, 0x63, 0xBF,
    0x63, 0xBF, 0x63, 0xBF, 0x63, 0xBF, 0x63, 0xDF, 0x63, 0xDF, 0x63, 0xDF, 0x63, 0xDF, 0x63, 0xDF,
    0x63, 0xBF, 0x63, 0xBF, 0x63, 0x9D, 0x63, 0x9E, 0x63, 0x9D, 0x63, 0x9E, 0x63, 0x9E, 0x63, 0xBF,
    0x63, 0xBF, 0x63, 0xBE, 0x63, 0x9E, 0x63, 0x9E, 0x63, 0xBF, 0x63, 0xDF, 0x63, 0xBF, 0x63, 0xBF,
    0x63, 0xDF, 0x63, 0xDF, 0x63, 0xDF, 0x6B, 0xDF, 0x63, 0xDF, 0x63, 0xBE, 0x63, 0xBF, 0x63, 0xDF,
    0x63, 0xDF, 0x63, 0xDF, 0x63, 0xBF, 0x63, 0xBF, 0x63, 0xBF, 0x63, 0x9E, 0x63, 0x9D, 0x63, 0x9E,
    0x63, 0x9E, 0x63, 0xBE, 0x63, 0xBF, 0x63, 0xBF, 0x63, 0x9D, 0x63, 0x9D, 0x63, 0x9E, 0x63, 0xBE,
    0x63, 0xBF, 0x63, 0xDF, 0x63, 0xBE, 0x63, 0x9E, 0x63, 0xBF, 0x63, 0xBF, 0x63, 0x9E, 0x63, 0x9D,
    0x63, 0x9D, 0x63, 0x9D, 0x63, 0x9D, 0x63, 0x9E, 0x63, 0xBF, 0x63, 0xBF, 0x63, 0xBF, 0x63, 0xBE,
    0x63, 0xBE, 0x63, 0x9E, 0x63, 0xBE, 0x63, 0xBF, 0x63, 0xBF, 0x63, 0xBF, 0x63, 0xBF, 0x63, 0xBF,
    0x29, 0xF8, 0x29, 0xF8, 0x29, 0xD8, 0x29, 0xD7, 0x29, 0xD7, 0x29, 0xD7, 0x29, 0xD7, 0x29, 0xF8,
    0x29, 0xF8, 0x29, 0xF9, 0x29, 0xF8, 0x29, 0xF9, 0x29, 0xF9, 0x29, 0xF9, 0x29, 0xF8, 0x29, 0xD8,
    0x29, 0xF8, 0x29, 0xD8, 0x29, 0xD8, 0x29, 0xD8, 0x29, 0xD7, 0x29, 0xD7, 0x29, 0xD7, 0x29, 0xD8,
    0x29, 0xF8, 0x29, 0xF8, 0x29, 0xF8, 0x29, 0xD8, 0x29, 0xF8, 0x29, 0xF8, 0x29, 0xF9, 0x2A, 0x1A,
    0x29, 0xF9, 0x29, 0xF8, 0x29, 0xF9, 0x29, 0xF8, 0x29, 0xF8, 0x29, 0xF8, 0x29, 0xD7, 0x21, 0xB6,
    0x29, 0xF7, 0x2A, 0x19, 0x2A, 0x19, 0x29, 0xF8, 0x29, 0xD7, 0x29, 0xD7, 0x29, 0xD6, 0x21, 0xB6,
    0x21, 0xD6, 0x29, 0xD6, 0x29, 0xD6, 0x29, 0xD7, 0x29, 0xD7, 0x21, 0xB6, 0x21, 0xB4, 0x21, 0xB5,
    0x29, 0xD7, 0x29, 0xF8, 0x29, 0xF9, 0x29, 0xF9, 0x29, 0xD7, 0x29, 0xD7, 0x29, 0xF8, 0x29, 0xF8,
    0x29, 0xD7, 0x29, 0xD6, 0x29, 0xD7, 0x29, 0xD7, 0x29, 0xD7, 0x29, 0xD7, 0x29, 0xD8, 0x29, 0xD7,
    0x29, 0xD7, 0x29, 0xD7, 0x29, 0xD7, 0x29, 0xD7, 0x29, 0xD7, 0x29, 0xF8, 0x29, 0xF8, 0x00, 0x00,
    0xAD, 0x75, 0x00, 0x00, 0x00, 0x00, 0x00, 0x00, 0x00, 0x00, 0x00, 0x00, 0x00, 0x00, 0x00, 0x00,
    0x00, 0x00, 0x00, 0x00, 0x00, 0x00, 0x00, 0x00, 0x00, 0x00, 0x00, 0x00, 0x00, 0x00, 0x00, 0x00,
    0x00, 0x00, 0x00, 0x00, 0x00, 0x00, 0x00, 0x00, 0x00, 0x00, 0x00, 0x00, 0x00, 0x00, 0x00, 0x00,
    0x00, 0x00, 0x00, 0x00, 0x00, 0x00, 0x00, 0x00, 0x00, 0x00, 0x00, 0x00, 0x00, 0x00, 0x00, 0x00,
    0x00, 0x00, 0x00, 0x00, 0x00, 0x00, 0x00, 0x00, 0x00, 0x00, 0x00, 0x00, 0x00, 0x00, 0x00, 0x00,
    0x00, 0x00, 0x00, 0x00, 0x00, 0x00, 0x00, 0x00, 0x00, 0x00, 0x00, 0x00, 0x00, 0x00, 0x00, 0x00,
    0x00, 0x00, 0x00, 0x00, 0x00, 0x00, 0x00, 0x00, 0x00, 0x00, 0x00, 0x00, 0x00, 0x00, 0x00, 0x00,
    0x00, 0x00, 0x00, 0x00, 0x00, 0x00, 0x00, 0x00, 0x00, 0x00, 0x00, 0x00, 0x00, 0x00, 0x00, 0x00,
    0x00, 0x00, 0x00, 0x00, 0x00, 0x00, 0x00, 0x00, 0x00, 0x00, 0x00, 0x00, 0x00, 0x00, 0x00, 0x00,
    0x00, 0x00, 0x00, 0x00, 0x00, 0x00, 0xAD, 0x75, 0x00, 0x00, 0x29, 0xF8, 0x29, 0xF8, 0x29, 0xF8,
    0x29, 0xF8, 0x29, 0xF7, 0x29, 0xF8, 0x29, 0xF8, 0x29, 0xF9, 0x29, 0xF9, 0x29, 0xF8, 0x29, 0xF8,
    0x29, 0xF9, 0x29, 0xF8, 0x2A, 0x19, 0x2A, 0x1A, 0x29, 0xF9, 0x29, 0xF8, 0x29, 0xF9, 0x29, 0xF8,
    0x29, 0xF8, 0x29, 0xF8, 0x29, 0xD7, 0x21, 0xB5, 0x29, 0xD7, 0x29, 0xF9, 0x29, 0xF8, 0x29, 0xD8,
    0x29, 0xD7, 0x21, 0xB6, 0x21, 0xB6, 0x21, 0xB5, 0x21, 0xB5, 0x21, 0xB6, 0x21, 0xB6, 0x29, 0xD6,
    0x29, 0xD7, 0x21, 0xB5, 0x21, 0x94, 0x21, 0xB5, 0x29, 0xD7, 0x29, 0xD7, 0x29, 0xF8, 0x29, 0xF8,
    0x29, 0xD7, 0x29, 0xD7, 0x29, 0xF8, 0x29, 0xF8, 0x29, 0xD7, 0x29, 0xD6, 0x29, 0xD7, 0x29, 0xF8,
    0x29, 0xD7, 0x29, 0xD8, 0x29, 0xF8, 0x29, 0xF8, 0x29, 0xD8, 0x29, 0xF8, 0x29, 0xF8, 0x29, 0xF7,
    0x29, 0xF8, 0x29, 0xF8, 0x29, 0xF9, 0x29, 0xF9, 0x29, 0xF9, 0x2A, 0x19, 0x2A, 0x19, 0x2A, 0x19,
    0x29, 0xF8, 0x29, 0xF8, 0x29, 0xF8, 0x29, 0xF8, 0x29, 0xF8, 0x29, 0xF8, 0x29, 0xF8, 0x29, 0xF7,
    0x29, 0xD7, 0x29, 0xF8, 0x29, 0xF8, 0x29, 0xF9, 0x21, 0x93, 0x00, 0x00, 0x53, 0x19, 0x63, 0x9E,
    0x63, 0x9E, 0x63, 0x9E, 0x63, 0x9E, 0x63, 0x9D, 0x63, 0x9E, 0x63, 0xBF, 0x63, 0xBF, 0x63, 0xBF,
    0x63, 0xBF, 0x63, 0xDF, 0x63, 0xDF, 0x63, 0xDF, 0x63, 0xBF, 0x63, 0xDF, 0x63, 0xDF, 0x63, 0xBF,
    0x63, 0xBF, 0x63, 0xBF, 0x63, 0xBE, 0x63, 0x9E, 0x63, 0xBE, 0x63, 0xBE, 0x63, 0xBF, 0x63, 0xBF,
    0x63, 0xBE, 0x63, 0xBE, 0x63, 0xBF, 0x63, 0xBF, 0x63, 0xDF, 0x63, 0xDF, 0x63, 0xBF, 0x63, 0xBF,
    0x63, 0xDF, 0x63, 0xDF, 0x63, 0xDF, 0x63, 0xBF, 0x63, 0x9E, 0x63, 0x7D, 0x63, 0x9E, 0x63, 0xDF,
    0x63, 0xBF, 0x63, 0xBF, 0x63, 0x9D, 0x63, 0x9D, 0x63, 0x7C, 0x5B, 0x7C, 0x5B, 0x7C, 0x63, 0x7D,
    0x63, 0x7D, 0x63, 0x9E, 0x63, 0x9E, 0x63, 0x7C, 0x5B, 0x7B, 0x63, 0x9D, 0x63, 0xBE, 0x63, 0xBF,
    0x63, 0xDF, 0x63, 0xBF, 0x63, 0x9E, 0x63, 0xBF, 0x63, 0xBF, 0x63, 0xBF, 0x63, 0x9E, 0x63, 0x9D,
    0x63, 0x9E, 0x63, 0x9E, 0x63, 0x9E, 0x63, 0x9E, 0x63, 0xBF, 0x63, 0xBF, 0x63, 0xBE, 0x63, 0xBE,
    0x63, 0xBF, 0x63, 0xBE, 0x63, 0xBF, 0x63, 0xDF, 0x63, 0xDF, 0x63, 0xDF, 0x63, 0xBF, 0x63, 0xBF,
    0x29, 0xF8, 0x29, 0xF8, 0x29, 0xF8, 0x29, 0xD7, 0x29, 0xD8, 0x29, 0xF8, 0x29, 0xF8, 0x29, 0xF9,
    0x29, 0xF9, 0x29, 0xF8, 0x29, 0xF8, 0x29, 0xF8, 0x29, 0xF8, 0x29, 0xF8, 0x29, 0xD8, 0x29, 0xD8,
    0x29, 0xF8, 0x29, 0xF8, 0x29, 0xF8, 0x29, 0xF8, 0x29, 0xD8, 0x29, 0xF8, 0x29, 0xF8, 0x29, 0xF8,
    0x29, 0xF8, 0x29, 0xF8, 0x29, 0xD7, 0x29, 0xD7, 0x29, 0xF8, 0x29, 0xF8, 0x29, 0xF9, 0x29, 0xF9,
    0x29, 0xF8, 0x29, 0xF8, 0x2A, 0x19, 0x2A, 0x19, 0x29, 0xF8, 0x29, 0xF8, 0x21, 0xB6, 0x21, 0xB5,
    0x29, 0xF8, 0x29, 0xF8, 0x29, 0xF8, 0x29, 0xD7, 0x29, 0xD6, 0x29, 0xD6, 0x21, 0xD6, 0x21, 0xD6,
    0x29, 0xD6, 0x29, 0xD7, 0x29, 0xD7, 0x29, 0xD7, 0x29, 0xD7, 0x21, 0xB6, 0x21, 0xD6, 0x29, 0xF8,
    0x2A, 0x1A, 0x2A, 0x1A, 0x29, 0xF9, 0x29, 0xF9, 0x29, 0xD7, 0x29, 0xD8, 0x29, 0xF9, 0x29, 0xF8,
    0x29, 0xD7, 0x29, 0xD7, 0x29, 0xF8, 0x29, 0xF8, 0x29, 0xF8, 0x29, 0xD8, 0x29, 0xF8, 0x29, 0xF8,
    0x29, 0xF8, 0x29, 0xD7, 0x29, 0xD8, 0x29, 0xF8, 0x29, 0xF8, 0x29, 0xF9, 0x29, 0xF9, 0x00, 0x00,
    0xAD, 0x75, 0x00, 0x00, 0x00, 0x00, 0x00, 0x00, 0x00, 0x00, 0x00, 0x00, 0x00, 0x00, 0x00, 0x00,
    0x00, 0x00, 0x00, 0x00, 0x00, 0x00, 0x00, 0x00, 0x00, 0x00, 0x00, 0x00, 0x00, 0x00, 0x00, 0x00,
    0x00, 0x00, 0x00, 0x00, 0x00, 0x00, 0x00, 0x00, 0x00, 0x00, 0x00, 0x00, 0x00, 0x00, 0x00, 0x00,
    0x00, 0x00, 0x00, 0x00, 0x00, 0x00, 0x00, 0x00, 0x00, 0x00, 0x00, 0x00, 0x00, 0x00, 0x00, 0x00,
    0x00, 0x00, 0x00, 0x00, 0x00, 0x00, 0x00, 0x00, 0x00, 0x00, 0x00, 0x00, 0x00, 0x00, 0x00, 0x00,
    0x00, 0x00, 0x00, 0x00, 0x00, 0x00, 0x00, 0x00, 0x00, 0x00, 0x00, 0x00, 0x00, 0x00, 0x00, 0x00,
    0x00, 0x00, 0x00, 0x00, 0x00, 0x00, 0x00, 0x00, 0x00, 0x00, 0x00, 0x00, 0x00, 0x00, 0x00, 0x00,
    0x00, 0x00, 0x00, 0x00, 0x00, 0x00, 0x00, 0x00, 0x00, 0x00, 0x00, 0x00, 0x00, 0x00, 0x00, 0x00,
    0x00, 0x00, 0x00, 0x00, 0x00, 0x00, 0x00, 0x00, 0x00, 0x00, 0x00, 0x00, 0x00, 0x00, 0x00, 0x00,
    0x00, 0x00, 0x00, 0x00, 0x00, 0x00, 0xAD, 0x75, 0x00, 0x00, 0x29, 0xF9, 0x29, 0xF8, 0x29, 0xF9,
    0x29, 0xF8, 0x29, 0xF8, 0x29, 0xF8, 0x29, 0xF8, 0x29, 0xF9, 0x29, 0xF8, 0x29, 0xF8, 0x29, 0xF8,
    0x29, 0xF8, 0x29, 0xF9, 0x2A, 0x19, 0x2A, 0x19, 0x29, 0xF8, 0x29, 0xF8, 0x2A, 0x19, 0x29, 0xF9,
    0x29, 0xF8, 0x29, 0xD7, 0x21, 0xB6, 0x21, 0xB5, 0x29, 0xD7, 0x29, 0xF8, 0x29, 0xD7, 0x29, 0xD7,
    0x21, 0xD6, 0x21, 0xB6, 0x21, 0xB6, 0x21, 0xB6, 0x21, 0xD6, 0x29, 0xD7, 0x29, 0xD7, 0x29, 0xD7,
    0x29, 0xD7, 0x21, 0xB5, 0x21, 0xB6, 0x29, 0xF8, 0x2A, 0x1A, 0x2A, 0x1A, 0x29, 0xF9, 0x29, 0xF9,
    0x29, 0xD7, 0x29, 0xD8, 0x29, 0xF9, 0x29, 0xF8, 0x29, 0xD7, 0x29, 0xD7, 0x29, 0xF8, 0x29, 0xF8,
    0x29, 0xF8, 0x29, 0xF8, 0x29, 0xF8, 0x29, 0xF8, 0x29, 0xF8, 0x29, 0xF8, 0x29, 0xF8, 0x29, 0xF8,
    0x29, 0xF9, 0x2A, 0x19, 0x29, 0xF9, 0x29, 0xF9, 0x29, 0xF9, 0x29, 0xF9, 0x29, 0xF9, 0x29, 0xF9,
    0x29, 0xF8, 0x29, 0xF8, 0x29, 0xF9, 0x29, 0xF9, 0x29, 0xF8, 0x29, 0xF8, 0x29, 0xF8, 0x29, 0xF8,
    0x29, 0xF8, 0x29, 0xF8, 0x29, 0xF8, 0x29, 0xF8, 0x21, 0x93, 0x00, 0x00, 0x53, 0x19, 0x63, 0xBF,
    0x63, 0x9E, 0x63, 0x9E, 0x63, 0x9E, 0x63, 0x9E, 0x63, 0xBF, 0x63, 0xBF, 0x63, 0xBF, 0x63, 0xBF,
    0x63, 0xBF, 0x63, 0xBF, 0x63, 0xBF, 0x63, 0xBF, 0x63, 0xBF, 0x63, 0xBF, 0x63, 0xDF, 0x63, 0xDF,
    0x63, 0xBF, 0x63, 0xBF, 0x63, 0xBF, 0x63, 0xBF, 0x63, 0xBF, 0x63, 0xBF, 0x63, 0xBE, 0x63, 0x9E,
    0x63, 0x9E, 0x63, 0x9E, 0x63, 0xBF, 0x63, 0xBF, 0x63, 0xBF, 0x63, 0xBF, 0x63, 0xBF, 0x63, 0xBF,
    0x63, 0xDF, 0x63, 0xDF, 0x63, 0xDF, 0x63, 0xBF, 0x63, 0x9D, 0x5B, 0x7C, 0x63, 0xBF, 0x63, 0xBF,
    0x63, 0xBE, 0x63, 0x9D, 0x63, 0x7D, 0x5B, 0x7C, 0x5B, 0x7C, 0x5B, 0x7C, 0x63, 0x7C, 0x63, 0x9E,
    0x63, 0x9E, 0x63, 0x9E, 0x63, 0x9E, 0x63, 0x9D, 0x63, 0x9D, 0x63, 0xBF, 0x6B, 0xDF, 0x6B, 0xDF,
    0x63, 0xDF, 0x63, 0xDF, 0x63, 0xBE, 0x63, 0xBF, 0x63, 0xBF, 0x63, 0xBF, 0x63, 0x9E, 0x63, 0x9D,
    0x63, 0xBE, 0x63, 0xBF, 0x63, 0xBE, 0x63, 0xBF, 0x63, 0xBF, 0x63, 0xBF, 0x63, 0xBF, 0x63, 0xBF,
    0x63, 0xBF, 0x63, 0xBF, 0x63, 0xDF, 0x63, 0xDF, 0x63, 0xDF, 0x63, 0xBF, 0x63, 0xBF, 0x63, 0xBF,
    0x29, 0xF8, 0x29, 0xF8, 0x29, 0xF8, 0x29, 0xF8, 0x29, 0xF8, 0x29, 0xF9, 0x29, 0xF8, 0x29, 0xF9,
    0x29, 0xF8, 0x29, 0xD7, 0x29, 0xF8, 0x29, 0xF8, 0x29, 0xD8, 0x29, 0xD7, 0x29, 0xD7, 0x29, 0xD7,
    0x29, 0xF8, 0x29, 0xF8, 0x29, 0xF8, 0x29, 0xF8, 0x29, 0xD7, 0x29, 0xD7, 0x29, 0xF8, 0x29, 0xD7,
    0x29, 0xD7, 0x29, 0xD7, 0x29, 0xF7, 0x29, 0xF8, 0x29, 0xF8, 0x29, 0xF8, 0x29, 0xF8, 0x29, 0xF8,
    0x29, 0xF7, 0x29, 0xF7, 0x29, 0xF8, 0x29, 0xD7, 0x21, 0xD6, 0x29, 0xD7, 0x29, 0xD7, 0x29, 0xF8,
    0x2A, 0x1A, 0x2A, 0x1A, 0x29, 0xF9, 0x29, 0xF9, 0x29, 0xF8, 0x29, 0xF8, 0x29, 0xF9, 0x29, 0xF9,
    0x29, 0xF8, 0x29, 0xF8, 0x29, 0xF8, 0x29, 0xF8, 0x29, 0xF8, 0x29, 0xF8, 0x29, 0xF8, 0x2A, 0x1A,
    0x2A, 0x1A, 0x2A, 0x1A, 0x29, 0xF8, 0x29, 0xD7, 0x29, 0xD6, 0x29, 0xD7, 0x29, 0xF8, 0x29, 0xD7,
    0x29, 0xD6, 0x29, 0xD7, 0x29, 0xF8, 0x29, 0xF8, 0x29, 0xF8, 0x29, 0xF8, 0x29, 0xF8, 0x29, 0xD8,
    0x29, 0xF8, 0x29, 0xD8, 0x29, 0xF8, 0x29, 0xF8, 0x29, 0xF8, 0x29, 0xF9, 0x29, 0xF8, 0x00, 0x00,
    0xAD, 0x75, 0x00, 0x00, 0x00, 0x00, 0x00, 0x00, 0x00, 0x00, 0x00, 0x00, 0x00, 0x00, 0x00, 0x00,
    0x00, 0x00, 0x00, 0x00, 0x00, 0x00, 0x00, 0x00, 0x00, 0x00, 0x00, 0x00, 0x00, 0x00, 0x00, 0x00,
    0x00, 0x00, 0x00, 0x00, 0x00, 0x00, 0x00, 0x00, 0x00, 0x00, 0x00, 0x00, 0x00, 0x00, 0x00, 0x00,
    0x00, 0x00, 0x00, 0x00, 0x00, 0x00, 0x00, 0x00, 0x00, 0x00, 0x00, 0x00, 0x00, 0x00, 0x00, 0x00,
    0x00, 0x00, 0x00, 0x00, 0x00, 0x00, 0x00, 0x00, 0x00, 0x00, 0x00, 0x00, 0x00, 0x00, 0x00, 0x00,
    0x00, 0x00, 0x00, 0x00, 0x00, 0x00, 0x00, 0x00, 0x00, 0x00, 0x00, 0x00, 0x00, 0x00, 0x00, 0x00,
    0x00, 0x00, 0x00, 0x00, 0x00, 0x00, 0x00, 0x00, 0x00, 0x00, 0x00, 0x00, 0x00, 0x00, 0x00, 0x00,
    0x00, 0x00, 0x00, 0x00, 0x00, 0x00, 0x00, 0x00, 0x00, 0x00, 0x00, 0x00, 0x00, 0x00, 0x00, 0x00,
    0x00, 0x00, 0x00, 0x00, 0x00, 0x00, 0x00, 0x00, 0x00, 0x00, 0x00, 0x00, 0x00, 0x00, 0x00, 0x00,
    0x00, 0x00, 0x00, 0x00, 0x00, 0x00, 0xAD, 0x75, 0x00, 0x00, 0x29, 0xF9, 0x29, 0xF8, 0x29, 0xF8,
    0x29, 0xF8, 0x29, 0xF8, 0x29, 0xF8, 0x29, 0xD8, 0x29, 0xD7, 0x29, 0xD7, 0x29, 0xF8, 0x29, 0xF8,
    0x29, 0xF8, 0x29, 0xF9, 0x29, 0xF9, 0x29, 0xF8, 0x29, 0xF8, 0x29, 0xF8, 0x29, 0xF7, 0x29, 0xD6,
    0x21, 0xD6, 0x29, 0xD6, 0x29, 0xD7, 0x29, 0xF8, 0x2A, 0x1A, 0x2A, 0x19, 0x29, 0xF8, 0x29, 0xF8,
    0x29, 0xF8, 0x29, 0xF8, 0x29, 0xF8, 0x29, 0xF8, 0x29, 0xF8, 0x29, 0xF8, 0x29, 0xF8, 0x29, 0xD7,
    0x29, 0xF8, 0x29, 0xF8, 0x29, 0xF8, 0x2A, 0x1A, 0x2A, 0x1A, 0x2A, 0x1A, 0x29, 0xF8, 0x29, 0xD7,
    0x21, 0xD6, 0x29, 0xD7, 0x29, 0xD7, 0x29, 0xD7, 0x29, 0xD6, 0x29, 0xD7, 0x29, 0xF8, 0x29, 0xF9,
    0x29, 0xF8, 0x29, 0xF8, 0x29, 0xF8, 0x29, 0xF8, 0x29, 0xF8, 0x29, 0xF8, 0x29, 0xF8, 0x29, 0xF9,
    0x29, 0xF9, 0x29, 0xF9, 0x29, 0xF9, 0x29, 0xF8, 0x29, 0xF8, 0x29, 0xF9, 0x29, 0xF8, 0x29, 0xF8,
    0x29, 0xD7, 0x29, 0xF8, 0x29, 0xF9, 0x29, 0xF9, 0x29, 0xF8, 0x29, 0xF8, 0x29, 0xF8, 0x29, 0xF8,
    0x29, 0xF8, 0x29, 0xD7, 0x29, 0xD7, 0x29, 0xD7, 0x21, 0x94, 0x00, 0x00, 0x53, 0x19, 0x63, 0xBF,
    0x63, 0xBE, 0x63, 0xBE, 0x63, 0x9E, 0x63, 0xBF, 0x63, 0xBF, 0x63, 0xBF, 0x63, 0xBF, 0x63, 0xBE,
    0x63, 0xBF, 0x63, 0xBF, 0x63, 0xBF, 0x63, 0xBF, 0x63, 0xBE, 0x63, 0xBF, 0x63, 0xDF, 0x63, 0xDF,
    0x63, 0xBF, 0x63, 0xBF, 0x63, 0xBF, 0x63, 0x9E, 0x63, 0xBF, 0x63, 0x9E, 0x63, 0x9E, 0x63, 0x9E,
    0x63, 0x9E, 0x63, 0xBF, 0x63, 0xBF, 0x63, 0xBF, 0x63, 0xBF, 0x63, 0xBF, 0x63, 0xBF, 0x63, 0xBF,
    0x63, 0xBF, 0x63, 0x9E, 0x63, 0x9D, 0x63, 0x9E, 0x63, 0xBE, 0x63, 0xBF, 0x63, 0xDF, 0x63, 0xDF,
    0x63, 0xBF, 0x63, 0xBF, 0x63, 0xBE, 0x63, 0x9E, 0x63, 0xBF, 0x63, 0xBF, 0x63, 0xBF, 0x63, 0xBF,
    0x63, 0xBF, 0x63, 0x9E, 0x63, 0xBF, 0x63, 0xBF, 0x63, 0xBF, 0x6B, 0xDF, 0x6B, 0xFF, 0x6B, 0xDF,
    0x63, 0xBF, 0x63, 0xBE, 0x63, 0x9E, 0x63, 0x9E, 0x63, 0xBE, 0x63, 0x9E, 0x63, 0x9D, 0x63, 0x9D,
    0x63, 0x9E, 0x63, 0xBF, 0x63, 0xBF, 0x63, 0xBF, 0x63, 0xBF, 0x63, 0xBF, 0x63, 0xBF, 0x63, 0xBF,
    0x63, 0xBF, 0x63, 0xDF, 0x63, 0xDF, 0x63, 0xDF, 0x63, 0xDF, 0x63, 0xBF, 0x63, 0xBF, 0x63, 0xBF,
    0x29, 0xF8, 0x29, 0xD7, 0x29, 0xF8, 0x29, 0xF9, 0x29, 0xF9, 0x2A, 0x19, 0x29, 0xF9, 0x29, 0xF9,
    0x29, 0xF8, 0x29, 0xF7, 0x29, 0xF8, 0x29, 0xF8, 0x29, 0xF8, 0x29, 0xF8, 0x29, 0xF8, 0x29, 0xF8,
    0x29, 0xF8, 0x29, 0xF8, 0x29, 0xF8, 0x29, 0xF7, 0x29, 0xF8, 0x29, 0xD7, 0x29, 0xF8, 0x29, 0xF8,
    0x29, 0xF8, 0x29, 0xF8, 0x29, 0xF8, 0x29, 0xF9, 0x29, 0xF9, 0x29, 0xF9, 0x29, 0xF8, 0x29, 0xF8,
    0x29, 0xD7, 0x29, 0xF8, 0x29, 0xD7, 0x21, 0xB5, 0x21, 0xB6, 0x29, 0xF8, 0x29, 0xF9, 0x2A, 0x19,
    0x2A, 0x1A, 0x29, 0xF9, 0x29, 0xF8, 0x29, 0xF9, 0x29, 0xF9, 0x29, 0xF8, 0x2A, 0x19, 0x2A, 0x1A,
    0x29, 0xF9, 0x29, 0xF9, 0x29, 0xF8, 0x29, 0xF8, 0x29, 0xF9, 0x2A, 0x1A, 0x29, 0xF9, 0x2A, 0x1A,
    0x2A, 0x1A, 0x29, 0xF8, 0x21, 0xB6, 0x21, 0xB5, 0x29, 0xD6, 0x29, 0xD7, 0x29, 0xF8, 0x29, 0xF7,
    0x29, 0xD7, 0x29, 0xF7, 0x29, 0xF8, 0x29, 0xF9, 0x29, 0xF9, 0x29, 0xF7, 0x29, 0xD7, 0x29, 0xD7,
    0x29, 0xF8, 0x29, 0xF9, 0x29, 0xF9, 0x2A, 0x19, 0x29, 0xF9, 0x29, 0xF9, 0x29, 0xF8, 0x00, 0x00,
    0xAD, 0x75, 0x00, 0x00, 0x00, 0x00, 0x00, 0x00, 0x00, 0x00, 0x00, 0x00, 0x00, 0x00, 0x00, 0x00,
    0x00, 0x00, 0x00, 0x00, 0x00, 0x00, 0x00, 0x00, 0x00, 0x00, 0x00, 0x00, 0x00, 0x00, 0x00, 0x00,
    0x00, 0x00, 0x00, 0x00, 0x00, 0x00, 0x00, 0x00, 0x00, 0x00, 0x00, 0x00, 0x00, 0x00, 0x00, 0x00,
    0x00, 0x00, 0x00, 0x00, 0x00, 0x00, 0x00, 0x00, 0x00, 0x00, 0x00, 0x00, 0x00, 0x00, 0x00, 0x00,
    0x00, 0x00, 0x00, 0x00, 0x00, 0x00, 0x00, 0x00, 0x00, 0x00, 0x00, 0x00, 0x00, 0x00, 0x00, 0x00,
    0x00, 0x00, 0x00, 0x00, 0x00, 0x00, 0x00, 0x00, 0x00, 0x00, 0x00, 0x00, 0x00, 0x00, 0x00, 0x00,
    0x00, 0x00, 0x00, 0x00, 0x00, 0x00, 0x00, 0x00, 0x00, 0x00, 0x00, 0x00, 0x00, 0x00, 0x00, 0x00,
    0x00, 0x00, 0x00, 0x00, 0x00, 0x00, 0x00, 0x00, 0x00, 0x00, 0x00, 0x00, 0x00, 0x00, 0x00, 0x00,
    0x00, 0x00, 0x00, 0x00, 0x00, 0x00, 0x00, 0x00, 0x00, 0x00, 0x00, 0x00, 0x00, 0x00, 0x00, 0x00,
    0x00, 0x00, 0x00, 0x00, 0x00, 0x00, 0xAD, 0x75, 0x00, 0x00, 0x29, 0xF8, 0x29, 0xF8, 0x29, 0xF8,
    0x29, 0xF8, 0x29, 0xF8, 0x29, 0xF8, 0x29, 0xF8, 0x29, 0xF8, 0x29, 0xF9, 0x29, 0xF9, 0x29, 0xF9,
    0x29, 0xF9, 0x29, 0xF9, 0x29, 0xF9, 0x29, 0xF8, 0x29, 0xD8, 0x29, 0xD8, 0x29, 0xD7, 0x21, 0xB5,
    0x21, 0xB6, 0x29, 0xF8, 0x29, 0xF9, 0x2A, 0x19, 0x2A, 0x19, 0x29, 0xF9, 0x29, 0xF8, 0x29, 0xF8,
    0x29, 0xF8, 0x29, 0xF8, 0x29, 0xF9, 0x29, 0xF9, 0x29, 0xF8, 0x29, 0xF8, 0x29, 0xF8, 0x29, 0xD7,
    0x29, 0xF9, 0x2A, 0x19, 0x29, 0xF9, 0x2A, 0x19, 0x2A, 0x1A, 0x29, 0xF8, 0x21, 0xB6, 0x21, 0xB5,
    0x29, 0xD6, 0x29, 0xD7, 0x29, 0xF8, 0x29, 0xF7, 0x29, 0xD7, 0x29, 0xF7, 0x29, 0xF8, 0x29, 0xF9,
    0x29, 0xF9, 0x29, 0xF8, 0x29, 0xD7, 0x29, 0xD7, 0x29, 0xF9, 0x29, 0xF9, 0x29, 0xF9, 0x2A, 0x19,
    0x29, 0xF9, 0x29, 0xF9, 0x29, 0xF8, 0x29, 0xF8, 0x29, 0xF8, 0x2A, 0x19, 0x29, 0xF8, 0x29, 0xF8,
    0x29, 0xF9, 0x29, 0xF8, 0x29, 0xF8, 0x29, 0xF8, 0x29, 0xF8, 0x29, 0xF8, 0x29, 0xF8, 0x29, 0xD7,
    0x29, 0xF8, 0x29, 0xF8, 0x29, 0xF8, 0x29, 0xF9, 0x21, 0x94, 0x00, 0x00, 0x53, 0x19, 0x63, 0xBE,
    0x63, 0xBF, 0x63, 0xBF, 0x63, 0xBF, 0x63, 0xBF, 0x63, 0xBF, 0x63, 0xBF, 0x63, 0xBF, 0x63, 0xBE,
    0x63, 0xBF, 0x63, 0xDF, 0x63, 0xBF, 0x63, 0xBF, 0x63, 0xBF, 0x63, 0xBF, 0x63, 0xBF, 0x63, 0xBF,
    0x63, 0xBF, 0x63, 0xBF, 0x63, 0xBF, 0x63, 0xBE, 0x63, 0xBE, 0x63, 0xBE, 0x63, 0xBE, 0x63, 0xBF,
    0x63, 0xBF, 0x63, 0xBF, 0x63, 0xBF, 0x63, 0xBF, 0x63, 0xBF, 0x63, 0xBF, 0x63, 0xBE, 0x63, 0xBF,
    0x63, 0x9E, 0x63, 0x9C, 0x63, 0x9D, 0x63, 0xBF, 0x63, 0xDF, 0x63, 0xDF, 0x63, 0xDF, 0x63, 0xDF,
    0x63, 0xBF, 0x63, 0xBF, 0x63, 0xBF, 0x63, 0xBF, 0x63, 0xBF, 0x63, 0xBF, 0x63, 0xBF, 0x63, 0xBF,
    0x63, 0xBF, 0x63, 0xBE, 0x63, 0xDF, 0x6B, 0xDF, 0x63, 0xDF, 0x6B, 0xDF, 0x6B, 0xDF, 0x63, 0xBF,
    0x63, 0x9D, 0x63, 0x9D, 0x63, 0x9D, 0x63, 0xBE, 0x63, 0xBF, 0x63, 0x9E, 0x63, 0x9E, 0x63, 0x9E,
    0x63, 0xBF, 0x63, 0xBF, 0x63, 0xBF, 0x63, 0x9E, 0x63, 0x9E, 0x63, 0xBE, 0x63, 0xBF, 0x63, 0xDF,
    0x63, 0xDF, 0x63, 0xDF, 0x63, 0xDF, 0x63, 0xDF, 0x63, 0xBF, 0x63, 0xBF, 0x63, 0xBF, 0x63, 0xBF,
    0x29, 0xF8, 0x29, 0xF8, 0x2A, 0x19, 0x2A, 0x19, 0x29, 0xF9, 0x29, 0xF9, 0x29, 0xF9, 0x29, 0xF8,
    0x29, 0xF8, 0x29, 0xD7, 0x29, 0xD7, 0x29, 0xF8, 0x29, 0xD7, 0x29, 0xD7, 0x29, 0xF8, 0x29, 0xF8,
    0x29, 0xD7, 0x29, 0xF8, 0x29, 0xF9, 0x29, 0xF9, 0x29, 0xF8, 0x29, 0xF8, 0x29, 0xF8, 0x29, 0xF9,
    0x2A, 0x19, 0x2A, 0x1A, 0x2A, 0x1A, 0x2A, 0x19, 0x29, 0xF9, 0x29, 0xF9, 0x29, 0xF8, 0x29, 0xD8,
    0x29, 0xD7, 0x29, 0xD8, 0x29, 0xD8, 0x29, 0xF8, 0x29, 0xF9, 0x2A, 0x1A, 0x2A, 0x1A, 0x29, 0xF9,
    0x29, 0xD7, 0x29, 0xD7, 0x29, 0xD6, 0x29, 0xD7, 0x29, 0xD8, 0x29, 0xD7, 0x29, 0xF8, 0x29, 0xF8,
    0x29, 0xD7, 0x29, 0xF8, 0x29, 0xF8, 0x29, 0xF9, 0x2A, 0x1A, 0x2A, 0x1A, 0x29, 0xF9, 0x29, 0xF9,
    0x29, 0xF9, 0x29, 0xD8, 0x21, 0xB6, 0x21, 0xD6, 0x29, 0xF8, 0x29, 0xF9, 0x29, 0xF9, 0x29, 0xF9,
    0x29, 0xF8, 0x29, 0xF9, 0x29, 0xF9, 0x2A, 0x19, 0x29, 0xF9, 0x29, 0xF8, 0x29, 0xD7, 0x29, 0xF8,
    0x2A, 0x19, 0x2A, 0x19, 0x29, 0xF9, 0x29, 0xF9, 0x29, 0xF9, 0x29, 0xF8, 0x29, 0xF8, 0x00, 0x00,
    0xAD, 0x75, 0x00, 0x00, 0x00, 0x00, 0x00, 0x00, 0x00, 0x00, 0x00, 0x00, 0x00, 0x00, 0x00, 0x00,
    0x00, 0x00, 0x00, 0x00, 0x00, 0x00, 0x00, 0x00, 0x00, 0x00, 0x00, 0x00, 0x00, 0x00, 0x00, 0x00,
    0x00, 0x00, 0x00, 0x00, 0x00, 0x00, 0x00, 0x00, 0x00, 0x00, 0x00, 0x00, 0x00, 0x00, 0x00, 0x00,
    0x00, 0x00, 0x00, 0x00, 0x00, 0x00, 0x00, 0x00, 0x00, 0x00, 0x00, 0x00, 0x00, 0x00, 0x00, 0x00,
    0x00, 0x00, 0x00, 0x00, 0x00, 0x00, 0x00, 0x00, 0x00, 0x00, 0x00, 0x00, 0x00, 0x00, 0x00, 0x00,
    0x00, 0x00, 0x00, 0x00, 0x00, 0x00, 0x00, 0x00, 0x00, 0x00, 0x00, 0x00, 0x00, 0x00, 0x00, 0x00,
    0x00, 0x00, 0x00, 0x00, 0x00, 0x00, 0x00, 0x00, 0x00, 0x00, 0x00, 0x00, 0x00, 0x00, 0x00, 0x00,
    0x00, 0x00, 0x00, 0x00, 0x00, 0x00, 0x00, 0x00, 0x00, 0x00, 0x00, 0x00, 0x00, 0x00, 0x00, 0x00,
    0x00, 0x00, 0x00, 0x00, 0x00, 0x00, 0x00, 0x00, 0x00, 0x00, 0x00, 0x00, 0x00, 0x00, 0x00, 0x00,
    0x00, 0x00, 0x00, 0x00, 0x00, 0x00, 0xAD, 0x75, 0x00, 0x00, 0x29, 0xF8, 0x2A, 0x19, 0x29, 0xF9,
    0x29, 0xF9, 0x29, 0xF9, 0x29, 0xF9, 0x2A, 0x19, 0x2A, 0x1A, 0x2A, 0x1A, 0x2A, 0x1A, 0x2A, 0x1A,
    0x29, 0xF9, 0x29, 0xF9, 0x29, 0xF9, 0x29, 0xD8, 0x29, 0xD7, 0x29, 0xD8, 0x29, 0xD8, 0x29, 0xF8,
    0x29, 0xF9, 0x2A, 0x1A, 0x2A, 0x1A, 0x29, 0xF8, 0x29, 0xD7, 0x21, 0xD6, 0x21, 0xB6, 0x29, 0xD7,
    0x29, 0xD7, 0x29, 0xD7, 0x29, 0xF8, 0x29, 0xF8, 0x29, 0xD7, 0x29, 0xD7, 0x29, 0xF8, 0x29, 0xF8,
    0x2A, 0x19, 0x2A, 0x1A, 0x29, 0xF9, 0x29, 0xF8, 0x29, 0xF9, 0x29, 0xD7, 0x21, 0xB5, 0x21, 0xD6,
    0x29, 0xF8, 0x29, 0xF9, 0x29, 0xF9, 0x29, 0xF9, 0x29, 0xF8, 0x29, 0xF9, 0x29, 0xF9, 0x2A, 0x1A,
    0x29, 0xF9, 0x29, 0xF8, 0x29, 0xD7, 0x29, 0xF9, 0x2A, 0x19, 0x2A, 0x1A, 0x29, 0xF9, 0x2A, 0x19,
    0x29, 0xF9, 0x29, 0xF9, 0x29, 0xF8, 0x29, 0xF8, 0x29, 0xF8, 0x29, 0xF8, 0x29, 0xF8, 0x29, 0xD8,
    0x29, 0xF9, 0x29, 0xF8, 0x29, 0xF7, 0x29, 0xF8, 0x2A, 0x19, 0x29, 0xF9, 0x29, 0xF8, 0x29, 0xF8,
    0x29, 0xF8, 0x29, 0xF9, 0x2A, 0x1A, 0x2A, 0x1A, 0x21, 0x94, 0x00, 0x00, 0x53, 0x1A, 0x63, 0xBF,
    0x63, 0xDF, 0x63, 0xDF, 0x63, 0xBF, 0x63, 0xBF, 0x63, 0xBF, 0x63, 0xBF, 0x63, 0xBF, 0x63, 0xBE,
    0x63, 0xBE, 0x63, 0xBF, 0x63, 0xBE, 0x63, 0xBE, 0x63, 0xDF, 0x63, 0xBF, 0x63, 0xBF, 0x63, 0xBF,
    0x63, 0xDF, 0x63, 0xDF, 0x63, 0xBF, 0x63, 0xBF, 0x63, 0xBF, 0x63, 0xDF, 0x63, 0xDF, 0x63, 0xDF,
    0x63, 0xDF, 0x63, 0xBF, 0x63, 0xBF, 0x63, 0xBF, 0x63, 0xBF, 0x63, 0xBE, 0x63, 0xBE, 0x63, 0xBF,
    0x63, 0xBF, 0x63, 0xBF, 0x6B, 0xDF, 0x6B, 0xFF, 0x63, 0xDF, 0x63, 0xBF, 0x63, 0xBE, 0x63, 0x9D,
    0x63, 0x9D, 0x63, 0x9E, 0x63, 0x9D, 0x63, 0x9D, 0x63, 0x9E, 0x63, 0xBE, 0x63, 0x9D, 0x63, 0xBE,
    0x63, 0xBF, 0x63, 0xDF, 0x63, 0xDF, 0x6B, 0xDF, 0x63, 0xDF, 0x63, 0xDF, 0x63, 0xDF, 0x63, 0xBF,
    0x63, 0x9D, 0x63, 0x9E, 0x63, 0xBF, 0x63, 0xDF, 0x63, 0xDF, 0x63, 0xDF, 0x63, 0xBF, 0x63, 0xBF,
    0x63, 0xBF, 0x63, 0xDF, 0x63, 0xBF, 0x63, 0xBE, 0x63, 0xBE, 0x63, 0xBF, 0x63, 0xDF, 0x63, 0xDF,
    0x63, 0xDF, 0x63, 0xDF, 0x63, 0xDF, 0x63, 0xDF, 0x63, 0xDF, 0x63, 0xBF, 0x63, 0xBF, 0x63, 0xBF,
    0x29, 0xF8, 0x29, 0xF9, 0x2A, 0x19, 0x29, 0xF9, 0x29, 0xF8, 0x29, 0xF8, 0x29, 0xF8, 0x29, 0xF8,
    0x29, 0xD7, 0x29, 0xD7, 0x29, 0xD8, 0x29, 0xF8, 0x29, 0xF8, 0x29, 0xD7, 0x29, 0xF8, 0x29, 0xF8,
    0x29, 0xD7, 0x29, 0xF8, 0x2A, 0x1A, 0x2A, 0x1A, 0x29, 0xF8, 0x29, 0xF8, 0x29, 0xF8, 0x29, 0xF9,
    0x29, 0xF9, 0x29, 0xF9, 0x29, 0xF9, 0x29, 0xF8, 0x29, 0xF8, 0x29, 0xF8, 0x29, 0xF8, 0x29, 0xF8,
    0x29, 0xF8, 0x29, 0xF8, 0x29, 0xF8, 0x29, 0xF9, 0x2A, 0x1A, 0x2A, 0x1A, 0x29, 0xF8, 0x29, 0xD7,
    0x29, 0xD6, 0x29, 0xD7, 0x29, 0xF8, 0x29, 0xF9, 0x29, 0xF9, 0x29, 0xF8, 0x29, 0xF8, 0x29, 0xF8,
    0x29, 0xF8, 0x29, 0xF9, 0x2A, 0x1A, 0x2A, 0x1A, 0x2A, 0x1A, 0x2A, 0x1A, 0x29, 0xF9, 0x29, 0xF8,
    0x29, 0xF8, 0x29, 0xF9, 0x29, 0xD7, 0x29, 0xF7, 0x2A, 0x1A, 0x2A, 0x1A, 0x2A, 0x1A, 0x29, 0xF9,
    0x29, 0xF9, 0x29, 0xF8, 0x29, 0xF9, 0x29, 0xF9, 0x29, 0xF9, 0x29, 0xF8, 0x29, 0xF8, 0x29, 0xF9,
    0x2A, 0x19, 0x29, 0xF9, 0x29, 0xF8, 0x29, 0xF8, 0x29, 0xF8, 0x29, 0xF8, 0x29, 0xD7, 0x00, 0x00,
    0xAD, 0x75, 0x00, 0x00, 0x00, 0x00, 0x00, 0x00, 0x00, 0x00, 0x00, 0x00, 0x00, 0x00, 0x00, 0x00,
    0x00, 0x00, 0x00, 0x00, 0x00, 0x00, 0x00, 0x00, 0x00, 0x00, 0x00, 0x00, 0x00, 0x00, 0x00, 0x00,
    0x00, 0x00, 0x00, 0x00, 0x00, 0x00, 0x00, 0x00, 0x00, 0x00, 0x00, 0x00, 0x00, 0x00, 0x00, 0x00,
    0x00, 0x00, 0x00, 0x00, 0x00, 0x00, 0x00, 0x00, 0x00, 0x00, 0x00, 0x00, 0x00, 0x00, 0x00, 0x00,
    0x00, 0x00, 0x00, 0x00, 0x00, 0x00, 0x00, 0x00, 0x00, 0x00, 0x00, 0x00, 0x00, 0x00, 0x00, 0x00,
    0x00, 0x00, 0x00, 0x00, 0x00, 0x00, 0x00, 0x00, 0x00, 0x00, 0x00, 0x00, 0x00, 0x00, 0x00, 0x00,
    0x00, 0x00, 0x00, 0x00, 0x00, 0x00, 0x00, 0x00, 0x00, 0x00, 0x00, 0x00, 0x00, 0x00, 0x00, 0x00,
    0x00, 0x00, 0x00, 0x00, 0x00, 0x00, 0x00, 0x00, 0x00, 0x00, 0x00, 0x00, 0x00, 0x00, 0x00, 0x00,
    0x00, 0x00, 0x00, 0x00, 0x00, 0x00, 0x00, 0x00, 0x00, 0x00, 0x00, 0x00, 0x00, 0x00, 0x00, 0x00,
    0x00, 0x00, 0x00, 0x00, 0x00, 0x00, 0xAD, 0x75, 0x00, 0x00, 0x29, 0xF9, 0x2A, 0x1A, 0x2A, 0x1A,
    0x29, 0xF9, 0x29, 0xF9, 0x29, 0xF9, 0x29, 0xF9, 0x2A, 0x19, 0x2A, 0x1A, 0x2A, 0x19, 0x29, 0xF9,
    0x29, 0xF8, 0x29, 0xF8, 0x29, 0xF8, 0x29, 0xF8, 0x29, 0xF8, 0x29, 0xF8, 0x29, 0xF8, 0x29, 0xF9,
    0x2A, 0x1A, 0x2A, 0x1A, 0x29, 0xF8, 0x29, 0xD7, 0x29, 0xD6, 0x29, 0xD7, 0x29, 0xD7, 0x29, 0xF8,
    0x29, 0xF8, 0x29, 0xD8, 0x29, 0xF8, 0x29, 0xF8, 0x29, 0xD7, 0x29, 0xF8, 0x2A, 0x1A, 0x2A, 0x1A,
    0x2A, 0x1A, 0x2A, 0x19, 0x29, 0xF8, 0x29, 0xF8, 0x29, 0xF8, 0x29, 0xF8, 0x29, 0xD7, 0x29, 0xD7,
    0x29, 0xF9, 0x2A, 0x1A, 0x2A, 0x1A, 0x29, 0xF9, 0x29, 0xF9, 0x29, 0xF8, 0x29, 0xF9, 0x2A, 0x19,
    0x29, 0xF9, 0x29, 0xF8, 0x29, 0xF8, 0x29, 0xF9, 0x2A, 0x1A, 0x2A, 0x19, 0x29, 0xF8, 0x29, 0xF8,
    0x29, 0xF8, 0x29, 0xF8, 0x29, 0xF8, 0x29, 0xD8, 0x29, 0xF8, 0x29, 0xF9, 0x29, 0xF8, 0x29, 0xF8,
    0x29, 0xF9, 0x29, 0xF9, 0x29, 0xD7, 0x29, 0xF9, 0x2A, 0x1A, 0x2A, 0x1A, 0x29, 0xF8, 0x29, 0xF9,
    0x29, 0xF8, 0x29, 0xF9, 0x2A, 0x19, 0x2A, 0x19, 0x21, 0x94, 0x00, 0x00, 0x53, 0x1A, 0x63, 0xDF,
    0x63, 0xDF, 0x63, 0xDF, 0x63, 0xBF, 0x63, 0x9E, 0x63, 0xBF, 0x63, 0xBE, 0x63, 0xBE, 0x63, 0xBE,
    0x63, 0xBF, 0x63, 0xBF, 0x63, 0xBF, 0x63, 0xBF, 0x63, 0xDF, 0x63, 0xBF, 0x63, 0xBF, 0x63, 0xDF,
    0x6B, 0xDF, 0x63, 0xDF, 0x63, 0xBF, 0x63, 0xBF, 0x63, 0xBF, 0x63, 0xBF, 0x63, 0xBF, 0x63, 0xDF,
    0x63, 0xBF, 0x63, 0xBF, 0x63, 0xBF, 0x63, 0xBF, 0x63, 0xBF, 0x63, 0xBF, 0x63, 0xBF, 0x63, 0xBF,
    0x63, 0xDF, 0x63, 0xDF, 0x6B, 0xDF, 0x6B, 0xDF, 0x63, 0xDF, 0x63, 0x9E, 0x63, 0x9D, 0x63, 0x9E,
    0x63, 0xBF, 0x63, 0xBF, 0x63, 0xBF, 0x63, 0xBE, 0x63, 0x9E, 0x63, 0xBF, 0x63, 0xBE, 0x63, 0xBF,
    0x63, 0xDF, 0x6B, 0xDF, 0x6B, 0xFF, 0x63, 0xDF, 0x63, 0xBF, 0x63, 0xBF, 0x63, 0xDF, 0x63, 0xDF,
    0x63, 0xBE, 0x63, 0xBF, 0x63, 0xDF, 0x6B, 0xDF, 0x6B, 0xDF, 0x63, 0xDF, 0x63, 0xBF, 0x63, 0xBF,
    0x63, 0xBF, 0x63, 0xDF, 0x63, 0xBF, 0x63, 0xBE, 0x63, 0xBF, 0x63, 0xDF, 0x63, 0xDF, 0x63, 0xDF,
    0x63, 0xBF, 0x63, 0xBF, 0x63, 0xBF, 0x63, 0xBF, 0x63, 0xBF, 0x63, 0xBE, 0x63, 0xBF, 0x63, 0xBF,
    0x29, 0xF9, 0x29, 0xF9, 0x29, 0xF9, 0x29, 0xF9, 0x29, 0xF8, 0x29, 0xF8, 0x29, 0xF8, 0x29, 0xF8,
    0x29, 0xD7, 0x29, 0xF8, 0x29, 0xF8, 0x29, 0xF9, 0x29, 0xF9, 0x29, 0xF9, 0x29, 0xF9, 0x29, 0xF9,
    0x29, 0xD8, 0x29, 0xF9, 0x2A, 0x1A, 0x29, 0xF8, 0x21, 0xB6, 0x29, 0xD7, 0x29, 0xF8, 0x29, 0xF8,
    0x29, 0xF9, 0x29, 0xF8, 0x29, 0xD7, 0x29, 0xD6, 0x29, 0xD6, 0x29, 0xD7, 0x29, 0xD7, 0x29, 0xF8,
    0x29, 0xF9, 0x29, 0xF8, 0x29, 0xF8, 0x29, 0xF8, 0x29, 0xF9, 0x29, 0xF8, 0x29, 0xD7, 0x29, 0xD7,
    0x29, 0xF9, 0x2A, 0x1A, 0x2A, 0x3B, 0x2A, 0x3B, 0x2A, 0x1A, 0x2A, 0x1A, 0x2A, 0x19, 0x2A, 0x1A,
    0x2A, 0x1A, 0x2A, 0x1A, 0x32, 0x1B, 0x2A, 0x1A, 0x2A, 0x1A, 0x29, 0xF9, 0x29, 0xF9, 0x29, 0xF8,
    0x29, 0xF9, 0x29, 0xF9, 0x29, 0xF8, 0x29, 0xF7, 0x2A, 0x19, 0x2A, 0x1A, 0x2A, 0x1A, 0x29, 0xF9,
    0x29, 0xF8, 0x29, 0xF8, 0x29, 0xF8, 0x29, 0xF8, 0x29, 0xF8, 0x29, 0xD8, 0x29, 0xF8, 0x29, 0xF8,
    0x29, 0xF9, 0x29, 0xF8, 0x29, 0xF8, 0x29, 0xD8, 0x29, 0xD8, 0x29, 0xD8, 0x29, 0xD7, 0x00, 0x00,
    0xAD, 0x75, 0x00, 0x00, 0x00, 0x00, 0x00, 0x00, 0x00, 0x00, 0x00, 0x00, 0x00, 0x00, 0x00, 0x00,
    0x00, 0x00, 0x00, 0x00, 0x00, 0x00, 0x00, 0x00, 0x00, 0x00, 0x00, 0x00, 0x00, 0x00, 0x00, 0x00,
    0x00, 0x00, 0x00, 0x00, 0x00, 0x00, 0x00, 0x00, 0x00, 0x00, 0x00, 0x00, 0x00, 0x00, 0x00, 0x00,
    0x00, 0x00, 0x00, 0x00, 0x00, 0x00, 0x00, 0x00, 0x00, 0x00, 0x00, 0x00, 0x00, 0x00, 0x00, 0x00,
    0x00, 0x00, 0x00, 0x00, 0x00, 0x00, 0x00, 0x00, 0x00, 0x00, 0x00, 0x00, 0x00, 0x00, 0x00, 0x00,
    0x00, 0x00, 0x00, 0x00, 0x00, 0x00, 0x00, 0x00, 0x00, 0x00, 0x00, 0x00, 0x00, 0x00, 0x00, 0x00,
    0x00, 0x00, 0x00, 0x00, 0x00, 0x00, 0x00, 0x00, 0x00, 0x00, 0x00, 0x00, 0x00, 0x00, 0x00, 0x00,
    0x00, 0x00, 0x00, 0x00, 0x00, 0x00, 0x00, 0x00, 0x00, 0x00, 0x00, 0x00, 0x00, 0x00, 0x00, 0x00,
    0x00, 0x00, 0x00, 0x00, 0x00, 0x00, 0x00, 0x00, 0x00, 0x00, 0x00, 0x00, 0x00, 0x00, 0x00, 0x00,
    0x00, 0x00, 0x00, 0x00, 0x00, 0x00, 0xAD, 0x75, 0x00, 0x00, 0x2A, 0x1A, 0x2A, 0x1A, 0x29, 0xF8,
    0x21, 0xD6, 0x29, 0xF7, 0x29, 0xF8, 0x29, 0xF8, 0x2A, 0x19, 0x29, 0xF9, 0x29, 0xF8, 0x29, 0xD6,
    0x29, 0xD7, 0x29, 0xD7, 0x29, 0xD7, 0x29, 0xF8, 0x29, 0xF9, 0x29, 0xF8, 0x29, 0xF8, 0x29, 0xF8,
    0x29, 0xF8, 0x29, 0xF8, 0x29, 0xD7, 0x29, 0xD6, 0x29, 0xF8, 0x2A, 0x1A, 0x2A, 0x1A, 0x2A, 0x1A,
    0x2A, 0x1A, 0x2A, 0x19, 0x29, 0xF9, 0x2A, 0x19, 0x29, 0xF9, 0x2A, 0x1A, 0x2A, 0x1A, 0x2A, 0x1A,
    0x2A, 0x1A, 0x29, 0xF9, 0x29, 0xF8, 0x29, 0xF8, 0x29, 0xF8, 0x29, 0xF8, 0x29, 0xF8, 0x29, 0xF7,
    0x2A, 0x1A, 0x2A, 0x1A, 0x2A, 0x1A, 0x29, 0xF9, 0x29, 0xF8, 0x29, 0xF8, 0x29, 0xF8, 0x29, 0xF8,
    0x29, 0xF8, 0x29, 0xF8, 0x29, 0xF8, 0x29, 0xF9, 0x29, 0xF9, 0x29, 0xF9, 0x29, 0xF8, 0x29, 0xF8,
    0x29, 0xF8, 0x29, 0xF8, 0x29, 0xD8, 0x29, 0xF8, 0x29, 0xF9, 0x2A, 0x1A, 0x2A, 0x1A, 0x2A, 0x19,
    0x2A, 0x1A, 0x2A, 0x19, 0x29, 0xF8, 0x2A, 0x1A, 0x2A, 0x1A, 0x29, 0xF8, 0x21, 0xB6, 0x29, 0xD7,
    0x29, 0xF8, 0x29, 0xF8, 0x29, 0xF9, 0x29, 0xF9, 0x21, 0x94, 0x00, 0x00, 0x53, 0x1A, 0x63, 0xBF,
    0x63, 0xDF, 0x63, 0xBF, 0x63, 0xBF, 0x63, 0xBE, 0x63, 0xBE, 0x63, 0xBE, 0x63, 0xBE, 0x63, 0xBE,
    0x63, 0xBF, 0x63, 0xDF, 0x63, 0xDF, 0x63, 0xDF, 0x63, 0xDF, 0x63, 0xDF, 0x63, 0xBF, 0x63, 0xDF,
    0x6B, 0xDF, 0x63, 0xBF, 0x63, 0x9D, 0x63, 0xBE, 0x63, 0xBF, 0x63, 0xBF, 0x63, 0xBF, 0x63, 0xBF,
    0x63, 0x9E, 0x63, 0x9D, 0x63, 0x9D, 0x63, 0x9D, 0x63, 0x9E, 0x63, 0xBF, 0x63, 0xBF, 0x63, 0xBF,
    0x63, 0xBF, 0x63, 0xBF, 0x63, 0xDF, 0x63, 0xBF, 0x63, 0xBE, 0x63, 0x9E, 0x63, 0xBF, 0x6B, 0xDF,
    0x6B, 0xDF, 0x6B, 0xDF, 0x6B, 0xDF, 0x63, 0xDF, 0x63, 0xBF, 0x63, 0xDF, 0x63, 0xDF, 0x63, 0xDF,
    0x6B, 0xFF, 0x6B, 0xDF, 0x63, 0xDF, 0x63, 0xDF, 0x63, 0xDF, 0x63, 0xDF, 0x63, 0xDF, 0x63, 0xDF,
    0x63, 0xBF, 0x63, 0xBF, 0x63, 0xDF, 0x6B, 0xDF, 0x63, 0xDF, 0x63, 0xDF, 0x63, 0xBF, 0x63, 0xBF,
    0x63, 0xBE, 0x63, 0xBF, 0x63, 0xBF, 0x63, 0xBF, 0x63, 0xBF, 0x63, 0xBF, 0x63, 0xDF, 0x63, 0xBF,
    0x63, 0xBF, 0x63, 0xBF, 0x63, 0xBF, 0x63, 0xBF, 0x63, 0xBF, 0x63, 0xBF, 0x63, 0xDF, 0x63, 0xBF,
    0x29, 0xF9, 0x29, 0xF8, 0x29, 0xF9, 0x29, 0xF9, 0x29, 0xF9, 0x29, 0xF8, 0x29, 0xF8, 0x29, 0xF8,
    0x29, 0xF8, 0x29, 0xF8, 0x2A, 0x19, 0x2A, 0x1A, 0x2A, 0x19, 0x2A, 0x19, 0x2A, 0x1A, 0x2A, 0x19,
    0x29, 0xF9, 0x29, 0xF9, 0x29, 0xF9, 0x29, 0xD7, 0x21, 0xD6, 0x29, 0xF8, 0x29, 0xF9, 0x29, 0xF8,
    0x2A, 0x19, 0x2A, 0x1A, 0x29, 0xD8, 0x29, 0xD6, 0x29, 0xD7, 0x29, 0xD7, 0x29, 0xF8, 0x29, 0xF8,
    0x29, 0xF8, 0x29, 0xD7, 0x29, 0xD7, 0x29, 0xF9, 0x2A, 0x19, 0x29, 0xF9, 0x29, 0xF9, 0x29, 0xF8,
    0x2A, 0x1A, 0x32, 0x3B, 0x2A, 0x3B, 0x2A, 0x1A, 0x2A, 0x1A, 0x2A, 0x1A, 0x29, 0xF9, 0x2A, 0x19,
    0x2A, 0x19, 0x2A, 0x1A, 0x2A, 0x1A, 0x2A, 0x19, 0x29, 0xF8, 0x29, 0xF8, 0x29, 0xF8, 0x29, 0xF9,
    0x29, 0xF8, 0x29, 0xD8, 0x29, 0xD7, 0x29, 0xD7, 0x29, 0xF9, 0x2A, 0x1A, 0x29, 0xF9, 0x29, 0xF8,
    0x29, 0xF8, 0x29, 0xF8, 0x29, 0xF8, 0x29, 0xF9, 0x29, 0xF8, 0x29, 0xF8, 0x29, 0xF8, 0x29, 0xF8,
    0x29, 0xF8, 0x29, 0xF9, 0x29, 0xF8, 0x29, 0xF8, 0x29, 0xF8, 0x29, 0xF8, 0x29, 0xF8, 0x00, 0x00,
    0xAD, 0x75, 0x00, 0x00, 0x00, 0x00, 0x00, 0x00, 0x00, 0x00, 0x00, 0x00, 0x00, 0x00, 0x00, 0x00,
    0x00, 0x00, 0x00, 0x00, 0x00, 0x00, 0x00, 0x00, 0x00, 0x00, 0x00, 0x00, 0x00, 0x00, 0x00, 0x00,
    0x00, 0x00, 0x00, 0x00, 0x00, 0x00, 0x00, 0x00, 0x00, 0x00, 0x00, 0x00, 0x00, 0x00, 0x00, 0x00,
    0x00, 0x00, 0x00, 0x00, 0x00, 0x00, 0x00, 0x00, 0x00, 0x00, 0x00, 0x00, 0x00, 0x00, 0x00, 0x00,
    0x00, 0x00, 0x00, 0x00, 0x00, 0x00, 0x00, 0x00, 0x00, 0x00, 0x00, 0x00, 0x00, 0x00, 0x00, 0x00,
    0x00, 0x00, 0x00, 0x00, 0x00, 0x00, 0x00, 0x00, 0x00, 0x00, 0x00, 0x00, 0x00, 0x00, 0x00, 0x00,
    0x00, 0x00, 0x00, 0x00, 0x00, 0x00, 0x00, 0x00, 0x00, 0x00, 0x00, 0x00, 0x00, 0x00, 0x00, 0x00,
    0x00, 0x00, 0x00, 0x00, 0x00, 0x00, 0x00, 0x00, 0x00, 0x00, 0x00, 0x00, 0x00, 0x00, 0x00, 0x00,
    0x00, 0x00, 0x00, 0x00, 0x00, 0x00, 0x00, 0x00, 0x00, 0x00, 0x00, 0x00, 0x00, 0x00, 0x00, 0x00,
    0x00, 0x00, 0x00, 0x00, 0x00, 0x00, 0xAD, 0x75, 0x00, 0x00, 0x2A, 0x19, 0x2A, 0x19, 0x29, 0xD7,
    0x21, 0xD6, 0x29, 0xF8, 0x29, 0xF9, 0x29, 0xF9, 0x2A, 0x1A, 0x2A, 0x1A, 0x29, 0xF8, 0x29, 0xD6,
    0x29, 0xD7, 0x29, 0xF7, 0x29, 0xF8, 0x29, 0xF8, 0x29, 0xF8, 0x29, 0xD7, 0x29, 0xD7, 0x29, 0xF9,
    0x29, 0xF9, 0x29, 0xF9, 0x29, 0xF9, 0x29, 0xF8, 0x2A, 0x1A, 0x32, 0x3B, 0x2A, 0x1B, 0x2A, 0x1A,
    0x2A, 0x1A, 0x29, 0xF9, 0x29, 0xF8, 0x29, 0xF9, 0x29, 0xF9, 0x2A, 0x19, 0x2A, 0x1A, 0x29, 0xF9,
    0x29, 0xF8, 0x29, 0xF7, 0x29, 0xF8, 0x29, 0xF9, 0x29, 0xF8, 0x29, 0xD7, 0x29, 0xD7, 0x29, 0xD7,
    0x29, 0xF9, 0x2A, 0x1A, 0x29, 0xF9, 0x29, 0xF8, 0x29, 0xF8, 0x29, 0xF8, 0x29, 0xF8, 0x29, 0xF9,
    0x29, 0xF9, 0x29, 0xF8, 0x29, 0xF8, 0x29, 0xF8, 0x29, 0xF9, 0x29, 0xF9, 0x29, 0xF9, 0x29, 0xF8,
    0x29, 0xF8, 0x29, 0xF8, 0x29, 0xF8, 0x29, 0xF9, 0x2A, 0x1A, 0x2A, 0x1A, 0x2A, 0x1A, 0x2A, 0x1A,
    0x2A, 0x1A, 0x2A, 0x19, 0x29, 0xF9, 0x2A, 0x19, 0x2A, 0x19, 0x29, 0xD7, 0x21, 0xD6, 0x29, 0xF8,
    0x29, 0xF9, 0x29, 0xF8, 0x2A, 0x1A, 0x2A, 0x1A, 0x21, 0x94, 0x00, 0x00, 0x53, 0x1A, 0x63, 0xBF,
    0x63, 0xBF, 0x63, 0xBF, 0x63, 0xBF, 0x63, 0xBF, 0x63, 0xBE, 0x63, 0xBF, 0x63, 0xBF, 0x63, 0xBF,
    0x63, 0xDF, 0x6B, 0xDF, 0x63, 0xDF, 0x6B, 0xDF, 0x6B, 0xFF, 0x63, 0xDF, 0x63, 0xDF, 0x63, 0xDF,
    0x63, 0xDF, 0x63, 0xBE, 0x63, 0x9D, 0x63, 0xBF, 0x63, 0xBF, 0x63, 0xBF, 0x63, 0xDF, 0x63, 0xDF,
    0x63, 0xBE, 0x63, 0x9D, 0x63, 0x9E, 0x63, 0xBE, 0x63, 0xBE, 0x63, 0xBF, 0x63, 0xBF, 0x63, 0xBE,
    0x63, 0xBF, 0x63, 0xDF, 0x63, 0xDF, 0x63, 0xDF, 0x63, 0xDF, 0x63, 0xBF, 0x6B, 0xFF, 0x6B, 0xFF,
    0x6B, 0xFF, 0x63, 0xDF, 0x63, 0xDF, 0x63, 0xDF, 0x63, 0xBF, 0x63, 0xDF, 0x63, 0xDF, 0x63, 0xDF,
    0x63, 0xDF, 0x63, 0xBF, 0x63, 0xBF, 0x63, 0xBF, 0x63, 0xBF, 0x63, 0xDF, 0x63, 0xDF, 0x63, 0xBF,
    0x63, 0xBF, 0x63, 0xBF, 0x63, 0xDF, 0x6B, 0xDF, 0x63, 0xBF, 0x63, 0xBF, 0x63, 0xBF, 0x63, 0xBF,
    0x63, 0xBF, 0x63, 0xBF, 0x63, 0xBF, 0x63, 0xBF, 0x63, 0xBF, 0x63, 0xBF, 0x63, 0xDF, 0x63, 0xDF,
    0x63, 0xDF, 0x63, 0xBF, 0x63, 0xDF, 0x63, 0xDF, 0x63, 0xDF, 0x63, 0xDF, 0x63, 0xDF, 0x63, 0xDF,
    0x2A, 0x19, 0x29, 0xF9, 0x2A, 0x1A, 0x2A, 0x1A, 0x29, 0xF9, 0x29, 0xF9, 0x29, 0xF9, 0x29, 0xF9,
    0x2A, 0x19, 0x2A, 0x19, 0x2A, 0x1A, 0x2A, 0x1A, 0x2A, 0x1A, 0x2A, 0x1A, 0x2A, 0x19, 0x29, 0xF9,
    0x29, 0xF8, 0x29, 0xF9, 0x29, 0xF9, 0x29, 0xF8, 0x29, 0xF9, 0x2A, 0x1A, 0x2A, 0x1A, 0x29, 0xF8,
    0x2A, 0x19, 0x29, 0xF9, 0x29, 0xD7, 0x29, 0xD7, 0x29, 0xF9, 0x2A, 0x19, 0x2A, 0x1A, 0x2A, 0x1A,
    0x2A, 0x1A, 0x2A, 0x19, 0x2A, 0x19, 0x2A, 0x3A, 0x32, 0x3B, 0x2A, 0x3B, 0x2A, 0x1A, 0x29, 0xF9,
    0x2A, 0x1A, 0x2A, 0x3B, 0x2A, 0x19, 0x29, 0xF8, 0x29, 0xF8, 0x29, 0xF8, 0x29, 0xF8, 0x29, 0xF9,
    0x29, 0xF9, 0x29, 0xF9, 0x2A, 0x1A, 0x29, 0xF9, 0x29, 0xF8, 0x29, 0xF8, 0x29, 0xF8, 0x29, 0xF9,
    0x29, 0xF8, 0x29, 0xF7, 0x29, 0xF8, 0x29, 0xF8, 0x2A, 0x19, 0x2A, 0x1A, 0x2A, 0x1A, 0x29, 0xF9,
    0x29, 0xF8, 0x29, 0xF8, 0x29, 0xF9, 0x2A, 0x19, 0x2A, 0x19, 0x29, 0xF9, 0x29, 0xF9, 0x29, 0xF9,
    0x2A, 0x1A, 0x2A, 0x1A, 0x29, 0xF9, 0x29, 0xF8, 0x29, 0xF9, 0x29, 0xF9, 0x2A, 0x19, 0x00, 0x00,
    0xAD, 0x75, 0x00, 0x00, 0x00, 0x00, 0x00, 0x00, 0x00, 0x00, 0x00, 0x00, 0x00, 0x00, 0x00, 0x00,
    0x00, 0x00, 0x00, 0x00, 0x00, 0x00, 0x00, 0x00, 0x00, 0x00, 0x00, 0x00, 0x00, 0x00, 0x00, 0x00,
    0x00, 0x00, 0x00, 0x00, 0x00, 0x00, 0x00, 0x00, 0x00, 0x00, 0x00, 0x00, 0x00, 0x00, 0x00, 0x00,
    0x00, 0x00, 0x00, 0x00, 0x00, 0x00, 0x00, 0x00, 0x00, 0x00, 0x00, 0x00, 0x00, 0x00, 0x00, 0x00,
    0x00, 0x00, 0x00, 0x00, 0x00, 0x00, 0x00, 0x00, 0x00, 0x00, 0x00, 0x00, 0x00, 0x00, 0x00, 0x00,
    0x00, 0x00, 0x00, 0x00, 0x00, 0x00, 0x00, 0x00, 0x00, 0x00, 0x00, 0x00, 0x00, 0x00, 0x00, 0x00,
    0x00, 0x00, 0x00, 0x00, 0x00, 0x00, 0x00, 0x00, 0x00, 0x00, 0x00, 0x00, 0x00, 0x00, 0x00, 0x00,
    0x00, 0x00, 0x00, 0x00, 0x00, 0x00, 0x00, 0x00, 0x00, 0x00, 0x00, 0x00, 0x00, 0x00, 0x00, 0x00,
    0x00, 0x00, 0x00, 0x00, 0x00, 0x00, 0x00, 0x00, 0x00, 0x00, 0x00, 0x00, 0x00, 0x00, 0x00, 0x00,
    0x00, 0x00, 0x00, 0x00, 0x00, 0x00, 0xAD, 0x75, 0x00, 0x00, 0x29, 0xF9, 0x29, 0xF9, 0x29, 0xF9,
    0x2A, 0x19, 0x2A, 0x1B, 0x2A, 0x1A, 0x29, 0xF9, 0x2A, 0x1A, 0x2A, 0x19, 0x29, 0xF8, 0x29, 0xF8,
    0x29, 0xF9, 0x2A, 0x1A, 0x2A, 0x1A, 0x2A, 0x1A, 0x2A, 0x1A, 0x2A, 0x19, 0x2A, 0x19, 0x2A, 0x3A,
    0x32, 0x3B, 0x2A, 0x3B, 0x2A, 0x1A, 0x29, 0xF9, 0x2A, 0x1A, 0x2A, 0x3B, 0x29, 0xF9, 0x29, 0xD7,
    0x29, 0xF8, 0x29, 0xF8, 0x29, 0xF8, 0x29, 0xF9, 0x29, 0xF9, 0x29, 0xF9, 0x29, 0xF9, 0x29, 0xF9,
    0x29, 0xF8, 0x29, 0xD8, 0x29, 0xF8, 0x29, 0xF9, 0x29, 0xF8, 0x29, 0xD7, 0x29, 0xF8, 0x29, 0xF8,
    0x29, 0xF9, 0x2A, 0x1A, 0x2A, 0x1A, 0x29, 0xF9, 0x29, 0xF8, 0x29, 0xF8, 0x29, 0xF9, 0x2A, 0x19,
    0x2A, 0x19, 0x29, 0xF9, 0x29, 0xF9, 0x29, 0xF9, 0x2A, 0x1A, 0x2A, 0x1A, 0x2A, 0x19, 0x29, 0xF9,
    0x29, 0xF9, 0x2A, 0x19, 0x2A, 0x1A, 0x2A, 0x1A, 0x2A, 0x1A, 0x2A, 0x1A, 0x2A, 0x1A, 0x2A, 0x1A,
    0x2A, 0x1A, 0x2A, 0x19, 0x29, 0xF9, 0x29, 0xF9, 0x29, 0xF9, 0x29, 0xF8, 0x2A, 0x19, 0x2A, 0x1A,
    0x2A, 0x1A, 0x29, 0xF8, 0x2A, 0x19, 0x2A, 0x19, 0x21, 0xB4, 0x00, 0x00, 0x53, 0x1A, 0x63, 0xDF,
    0x63, 0xDF, 0x63, 0xDF, 0x63, 0xDF, 0x63, 0xBF, 0x63, 0xBF, 0x63, 0xDF, 0x63, 0xDF, 0x63, 0xDF,
    0x6B, 0xDF, 0x6B, 0xDF, 0x6B, 0xFF, 0x6B, 0xFF, 0x6B, 0xFF, 0x63, 0xDF, 0x63, 0xDF, 0x63, 0xDF,
    0x63, 0xDF, 0x63, 0xBF, 0x63, 0xDF, 0x6B, 0xFF, 0x63, 0xDF, 0x63, 0xBF, 0x63, 0xDF, 0x63, 0xDF,
    0x63, 0x9E, 0x63, 0x9E, 0x63, 0xBF, 0x63, 0xDF, 0x6B, 0xDF, 0x6B, 0xDF, 0x6B, 0xDF, 0x63, 0xDF,
    0x63, 0xDF, 0x6B, 0xFF, 0x6B, 0xFF, 0x6B, 0xFF, 0x63, 0xDF, 0x63, 0xDF, 0x6B, 0xFF, 0x6B, 0xFF,
    0x63, 0xDF, 0x63, 0x9E, 0x63, 0xBF, 0x63, 0xBF, 0x63, 0xBE, 0x63, 0xBF, 0x63, 0xBF, 0x63, 0xBF,
    0x63, 0xDF, 0x63, 0xDF, 0x63, 0xBF, 0x63, 0xBF, 0x63, 0xBF, 0x63, 0xDF, 0x63, 0xDF, 0x63, 0xBF,
    0x63, 0xBF, 0x63, 0xDF, 0x63, 0xDF, 0x6B, 0xFF, 0x63, 0xDF, 0x63, 0xBF, 0x63, 0xBF, 0x63, 0xBF,
    0x63, 0xBF, 0x63, 0xDF, 0x63, 0xDF, 0x63, 0xBF, 0x63, 0xBF, 0x63, 0xDF, 0x63, 0xDF, 0x6B, 0xDF,
    0x63, 0xDF, 0x63, 0xDF, 0x63, 0xDF, 0x63, 0xDF, 0x63, 0xDF, 0x63, 0xDF, 0x6B, 0xFF, 0x63, 0xDF,
    0x2A, 0x19, 0x2A, 0x1A, 0x2A, 0x1A, 0x2A, 0x1A, 0x2A, 0x19, 0x29, 0xF9, 0x29, 0xF9, 0x2A, 0x19,
    0x2A, 0x1A, 0x2A, 0x19, 0x2A, 0x19, 0x2A, 0x1A, 0x2A, 0x1A, 0x29, 0xF9, 0x29, 0xF9, 0x29, 0xF8,
    0x29, 0xD8, 0x29, 0xF9, 0x2A, 0x19, 0x2A, 0x19, 0x2A, 0x1A, 0x2A, 0x1A, 0x2A, 0x19, 0x29, 0xF9,
    0x2A, 0x1A, 0x2A, 0x19, 0x29, 0xF7, 0x29, 0xF8, 0x2A, 0x19, 0x2A, 0x1A, 0x2A, 0x1A, 0x2A, 0x1A,
    0x2A, 0x1B, 0x2A, 0x1A, 0x2A, 0x1A, 0x2A, 0x3B, 0x2A, 0x3B, 0x2A, 0x1A, 0x2A, 0x19, 0x29, 0xF8,
    0x2A, 0x1A, 0x2A, 0x1A, 0x29, 0xF8, 0x29, 0xD7, 0x29, 0xF9, 0x2A, 0x1A, 0x29, 0xF9, 0x2A, 0x1A,
    0x2A, 0x1B, 0x2A, 0x1B, 0x2A, 0x1B, 0x2A, 0x1A, 0x29, 0xF9, 0x29, 0xF9, 0x2A, 0x19, 0x2A, 0x1A,
    0x29, 0xF9, 0x29, 0xF8, 0x2A, 0x19, 0x2A, 0x1A, 0x2A, 0x1A, 0x2A, 0x3B, 0x2A, 0x1A, 0x29, 0xF8,
    0x29, 0xF8, 0x29, 0xF8, 0x2A, 0x19, 0x2A, 0x19, 0x2A, 0x19, 0x2A, 0x1A, 0x2A, 0x1A, 0x2A, 0x1A,
    0x2A, 0x1A, 0x2A, 0x1A, 0x2A, 0x19, 0x29, 0xF9, 0x29, 0xF9, 0x2A, 0x19, 0x2A, 0x1A, 0x00, 0x00,
    0xAD, 0x75, 0x00, 0x00, 0x00, 0x00, 0x00, 0x00, 0x00, 0x00, 0x00, 0x00, 0x00, 0x00, 0x00, 0x00,
    0x00, 0x00, 0x00, 0x00, 0x00, 0x00, 0x00, 0x00, 0x00, 0x00, 0x00, 0x00, 0x00, 0x00, 0x00, 0x00,
    0x00, 0x00, 0x00, 0x00, 0x00, 0x00, 0x00, 0x00, 0x00, 0x00, 0x00, 0x00, 0x00, 0x00, 0x00, 0x00,
    0x00, 0x00, 0x00, 0x00, 0x00, 0x00, 0x00, 0x00, 0x00, 0x00, 0x00, 0x00, 0x00, 0x00, 0x00, 0x00,
    0x00, 0x00, 0x00, 0x00, 0x00, 0x00, 0x00, 0x00, 0x00, 0x00, 0x00, 0x00, 0x00, 0x00, 0x00, 0x00,
    0x00, 0x00, 0x00, 0x00, 0x00, 0x00, 0x00, 0x00, 0x00, 0x00, 0x00, 0x00, 0x00, 0x00, 0x00, 0x00,
    0x00, 0x00, 0x00, 0x00, 0x00, 0x00, 0x00, 0x00, 0x00, 0x00, 0x00, 0x00, 0x00, 0x00, 0x00, 0x00,
    0x00, 0x00, 0x00, 0x00, 0x00, 0x00, 0x00, 0x00, 0x00, 0x00, 0x00, 0x00, 0x00, 0x00, 0x00, 0x00,
    0x00, 0x00, 0x00, 0x00, 0x00, 0x00, 0x00, 0x00, 0x00, 0x00, 0x00, 0x00, 0x00, 0x00, 0x00, 0x00,
    0x00, 0x00, 0x00, 0x00, 0x00, 0x00, 0xAD, 0x75, 0x00, 0x00, 0x29, 0xF9, 0x2A, 0x1A, 0x2A, 0x1A,
    0x2A, 0x1A, 0x2A, 0x1B, 0x2A, 0x1A, 0x29, 0xF9, 0x2A, 0x1B, 0x2A, 0x1A, 0x29, 0xF8, 0x29, 0xF9,
    0x2A, 0x1A, 0x2A, 0x1A, 0x2A, 0x1A, 0x2A, 0x1B, 0x2A, 0x1B, 0x2A, 0x1A, 0x2A, 0x1A, 0x2A, 0x3B,
    0x2A, 0x3A, 0x2A, 0x1A, 0x2A, 0x19, 0x29, 0xF8, 0x2A, 0x19, 0x2A, 0x19, 0x29, 0xF7, 0x29, 0xD6,
    0x29, 0xF8, 0x2A, 0x19, 0x29, 0xF9, 0x2A, 0x19, 0x2A, 0x1A, 0x2A, 0x1A, 0x2A, 0x1A, 0x2A, 0x1A,
    0x29, 0xF9, 0x29, 0xF9, 0x29, 0xF9, 0x2A, 0x1A, 0x29, 0xF9, 0x29, 0xF8, 0x2A, 0x19, 0x2A, 0x1A,
    0x2A, 0x1A, 0x2A, 0x3B, 0x2A, 0x1A, 0x29, 0xF8, 0x29, 0xF8, 0x29, 0xF8, 0x2A, 0x19, 0x2A, 0x1A,
    0x2A, 0x19, 0x2A, 0x1A, 0x2A, 0x1B, 0x2A, 0x1B, 0x2A, 0x1B, 0x2A, 0x1A, 0x2A, 0x19, 0x29, 0xF9,
    0x29, 0xF9, 0x2A, 0x1A, 0x2A, 0x1A, 0x2A, 0x1A, 0x2A, 0x1A, 0x2A, 0x1A, 0x2A, 0x1A, 0x2A, 0x1A,
    0x2A, 0x1A, 0x29, 0xF9, 0x29, 0xF8, 0x29, 0xF9, 0x2A, 0x1A, 0x2A, 0x19, 0x2A, 0x1A, 0x2A, 0x1B,
    0x2A, 0x19, 0x29, 0xF9, 0x2A, 0x1A, 0x2A, 0x19, 0x21, 0xB5, 0x00, 0x00, 0x53, 0x1A, 0x6B, 0xFF,
    0x6B, 0xFF, 0x63, 0xDF, 0x63, 0xBF, 0x63, 0xBF, 0x63, 0xBF, 0x63, 0xDF, 0x63, 0xDF, 0x63, 0xDF,
    0x63, 0xDF, 0x6B, 0xDF, 0x6B, 0xFF, 0x63, 0xDF, 0x63, 0xDF, 0x63, 0xDF, 0x63, 0xBF, 0x63, 0xDF,
    0x63, 0xDF, 0x63, 0xDF, 0x6B, 0xDF, 0x6B, 0xFF, 0x63, 0xDF, 0x63, 0xDF, 0x63, 0xDF, 0x63, 0xDF,
    0x63, 0xBE, 0x63, 0xBF, 0x63, 0xDF, 0x6B, 0xDF, 0x6B, 0xDF, 0x6B, 0xFF, 0x6B, 0xFF, 0x6B, 0xFF,
    0x6B, 0xFF, 0x6B, 0xFF, 0x6B, 0xFF, 0x6B, 0xFF, 0x63, 0xDF, 0x63, 0xBF, 0x63, 0xDF, 0x63, 0xDF,
    0x63, 0xBF, 0x63, 0x9D, 0x63, 0xBF, 0x63, 0xBF, 0x63, 0xBF, 0x63, 0xDF, 0x63, 0xDF, 0x6B, 0xDF,
    0x6B, 0xFF, 0x6B, 0xDF, 0x63, 0xDF, 0x63, 0xDF, 0x63, 0xDF, 0x63, 0xDF, 0x63, 0xDF, 0x63, 0xDF,
    0x63, 0xDF, 0x6B, 0xFF, 0x6B, 0xFF, 0x6B, 0xFF, 0x6B, 0xDF, 0x63, 0xBF, 0x63, 0xBF, 0x63, 0xBF,
    0x63, 0xDF, 0x63, 0xDF, 0x63, 0xDF, 0x63, 0xDF, 0x6B, 0xFF, 0x6B, 0xFF, 0x6B, 0xFF, 0x6B, 0xFF,
    0x63, 0xDF, 0x63, 0xDF, 0x63, 0xDF, 0x6B, 0xFF, 0x63, 0xDF, 0x63, 0xDF, 0x63, 0xDF, 0x63, 0xDF,
    0x2A, 0x19, 0x2A, 0x1A, 0x2A, 0x19, 0x29, 0xF9, 0x29, 0xF8, 0x29, 0xF8, 0x29, 0xF9, 0x29, 0xF9,
    0x29, 0xF9, 0x29, 0xF8, 0x29, 0xF9, 0x2A, 0x19, 0x2A, 0x19, 0x29, 0xF8, 0x29, 0xD7, 0x29, 0xD7,
    0x29, 0xF8, 0x29, 0xF9, 0x2A, 0x19, 0x29, 0xF8, 0x29, 0xF9, 0x2A, 0x19, 0x29, 0xF9, 0x29, 0xF9,
    0x2A, 0x1A, 0x2A, 0x1A, 0x29, 0xF8, 0x2A, 0x1A, 0x2A, 0x1B, 0x2A, 0x1A, 0x2A, 0x1A, 0x2A, 0x1A,
    0x2A, 0x1A, 0x29, 0xF9, 0x2A, 0x19, 0x29, 0xF9, 0x29, 0xF8, 0x29, 0xF8, 0x29, 0xF8, 0x29, 0xF8,
    0x2A, 0x19, 0x29, 0xF9, 0x29, 0xF8, 0x29, 0xF8, 0x2A, 0x1A, 0x2A, 0x1A, 0x2A, 0x1A, 0x2A, 0x1A,
    0x2A, 0x1B, 0x2A, 0x1B, 0x2A, 0x1B, 0x2A, 0x1A, 0x29, 0xF9, 0x29, 0xF9, 0x2A, 0x1A, 0x2A, 0x1A,
    0x29, 0xF9, 0x29, 0xF9, 0x2A, 0x1A, 0x2A, 0x3B, 0x2A, 0x3B, 0x2A, 0x1B, 0x2A, 0x19, 0x29, 0xD7,
    0x29, 0xD7, 0x29, 0xF9, 0x2A, 0x1A, 0x2A, 0x19, 0x2A, 0x1A, 0x2A, 0x1A, 0x2A, 0x1A, 0x2A, 0x1A,
    0x2A, 0x19, 0x29, 0xF9, 0x29, 0xF8, 0x29, 0xF8, 0x29, 0xF8, 0x29, 0xF9, 0x29, 0xF9, 0x00, 0x00,
    0xAD, 0x75, 0x00, 0x00, 0x00, 0x00, 0x00, 0x00, 0x00, 0x00, 0x00, 0x00, 0x00, 0x00, 0x00, 0x00,
    0x00, 0x00, 0x00, 0x00, 0x00, 0x00, 0x00, 0x00, 0x00, 0x00, 0x00, 0x00, 0x00, 0x00, 0x00, 0x00,
    0x00, 0x00, 0x00, 0x00, 0x00, 0x00, 0x00, 0x00, 0x00, 0x00, 0x00, 0x00, 0x00, 0x00, 0x00, 0x00,
    0x00, 0x00, 0x00, 0x00, 0x00, 0x00, 0x00, 0x00, 0x00, 0x00, 0x00, 0x00, 0x00, 0x00, 0x00, 0x00,
    0x00, 0x00, 0x00, 0x00, 0x00, 0x00, 0x00, 0x00, 0x00, 0x00, 0x00, 0x00, 0x00, 0x00, 0x00, 0x00,
    0x00, 0x00, 0x00, 0x00, 0x00, 0x00, 0x00, 0x00, 0x00, 0x00, 0x00, 0x00, 0x00, 0x00, 0x00, 0x00,
    0x00, 0x00, 0x00, 0x00, 0x00, 0x00, 0x00, 0x00, 0x00, 0x00, 0x00, 0x00, 0x00, 0x00, 0x00, 0x00,
    0x00, 0x00, 0x00, 0x00, 0x00, 0x00, 0x00, 0x00, 0x00, 0x00, 0x00, 0x00, 0x00, 0x00, 0x00, 0x00,
    0x00, 0x00, 0x00, 0x00, 0x00, 0x00, 0x00, 0x00, 0x00, 0x00, 0x00, 0x00, 0x00, 0x00, 0x00, 0x00,
    0x00, 0x00, 0x00, 0x00, 0x00, 0x00, 0xAD, 0x75, 0x00, 0x00, 0x29, 0xF9, 0x2A, 0x1A, 0x29, 0xF9,
    0x2A, 0x19, 0x2A, 0x1A, 0x2A, 0x19, 0x2A, 0x1A, 0x32, 0x3B, 0x2A, 0x1A, 0x29, 0xF9, 0x2A, 0x1A,
    0x2A, 0x1B, 0x2A, 0x1A, 0x2A, 0x1A, 0x2A, 0x1A, 0x2A, 0x1A, 0x29, 0xF9, 0x2A, 0x1A, 0x29, 0xF9,
    0x29, 0xF8, 0x29, 0xF8, 0x29, 0xF8, 0x29, 0xF8, 0x29, 0xF9, 0x29, 0xF9, 0x29, 0xF8, 0x29, 0xF8,
    0x29, 0xF9, 0x2A, 0x1A, 0x2A, 0x19, 0x2A, 0x1A, 0x2A, 0x1A, 0x2A, 0x1A, 0x2A, 0x1A, 0x2A, 0x1A,
    0x29, 0xF8, 0x29, 0xF8, 0x2A, 0x19, 0x2A, 0x19, 0x29, 0xF9, 0x29, 0xF8, 0x2A, 0x1A, 0x2A, 0x3B,
    0x2A, 0x3B, 0x2A, 0x1A, 0x2A, 0x19, 0x29, 0xD7, 0x29, 0xD7, 0x29, 0xF9, 0x2A, 0x1A, 0x2A, 0x1A,
    0x2A, 0x1A, 0x2A, 0x1A, 0x2A, 0x1B, 0x2A, 0x1A, 0x2A, 0x19, 0x29, 0xF9, 0x29, 0xF9, 0x29, 0xF9,
    0x29, 0xF9, 0x29, 0xF9, 0x2A, 0x1A, 0x29, 0xF9, 0x2A, 0x1A, 0x2A, 0x1A, 0x2A, 0x1A, 0x29, 0xF9,
    0x29, 0xF8, 0x29, 0xD7, 0x29, 0xF8, 0x29, 0xF9, 0x2A, 0x1A, 0x29, 0xF9, 0x29, 0xF9, 0x2A, 0x19,
    0x29, 0xF9, 0x29, 0xF9, 0x2A, 0x1A, 0x2A, 0x1A, 0x21, 0xB5, 0x00, 0x00, 0x53, 0x3A, 0x6B, 0xFF,
    0x63, 0xDF, 0x63, 0xBF, 0x63, 0xBF, 0x63, 0xBF, 0x63, 0xBF, 0x63, 0xDF, 0x63, 0xDF, 0x63, 0xBF,
    0x63, 0xDF, 0x63, 0xDF, 0x63, 0xDF, 0x63, 0xDF, 0x63, 0xBF, 0x63, 0xBF, 0x63, 0xBF, 0x63, 0xDF,
    0x63, 0xDF, 0x63, 0xDF, 0x63, 0xDF, 0x63, 0xDF, 0x63, 0xBF, 0x63, 0xDF, 0x6B, 0xDF, 0x63, 0xDF,
    0x63, 0xBF, 0x63, 0xDF, 0x6B, 0xFF, 0x6B, 0xDF, 0x63, 0xDF, 0x6B, 0xFF, 0x63, 0xDF, 0x63, 0xDF,
    0x6B, 0xDF, 0x63, 0xDF, 0x63, 0xDF, 0x63, 0xDF, 0x63, 0xBF, 0x63, 0xBF, 0x63, 0xDF, 0x63, 0xDF,
    0x63, 0xBF, 0x63, 0xBF, 0x63, 0xDF, 0x6B, 0xDF, 0x63, 0xDF, 0x63, 0xDF, 0x6B, 0xFF, 0x6B, 0xFF,
    0x6B, 0xDF, 0x6B, 0xFF, 0x63, 0xDF, 0x63, 0xDF, 0x63, 0xDF, 0x6B, 0xFF, 0x63, 0xDF, 0x63, 0xDF,
    0x6B, 0xFF, 0x6B, 0xFF, 0x6B, 0xFF, 0x6B, 0xFF, 0x63, 0xDF, 0x63, 0x9E, 0x63, 0x9E, 0x63, 0xDF,
    0x63, 0xDF, 0x63, 0xDF, 0x63, 0xDF, 0x6B, 0xDF, 0x6B, 0xFF, 0x6B, 0xFF, 0x63, 0xDF, 0x63, 0xDF,
    0x63, 0xDF, 0x63, 0xDF, 0x63, 0xDF, 0x63, 0xDF, 0x63, 0xDF, 0x63, 0xDF, 0x63, 0xDF, 0x63, 0xDF,
    0x2A, 0x1A, 0x29, 0xF9, 0x29, 0xF8, 0x29, 0xF8, 0x29, 0xF8, 0x29, 0xF9, 0x29, 0xF9, 0x2A, 0x19,
    0x2A, 0x19, 0x29, 0xF9, 0x29, 0xF9, 0x29, 0xF9, 0x29, 0xF9, 0x29, 0xF8, 0x29, 0xD7, 0x29, 0xF8,
    0x29, 0xF8, 0x29, 0xF9, 0x29, 0xF9, 0x29, 0xF8, 0x29, 0xF8, 0x29, 0xF9, 0x29, 0xF9, 0x29, 0xF9,
    0x2A, 0x1A, 0x29, 0xF9, 0x29, 0xF9, 0x2A, 0x1B, 0x2A, 0x1B, 0x29, 0xF9, 0x29, 0xF9, 0x2A, 0x1A,
    0x2A, 0x1A, 0x2A, 0x1A, 0x2A, 0x1A, 0x29, 0xF9, 0x29, 0xF8, 0x29, 0xF9, 0x2A, 0x19, 0x29, 0xF9,
    0x29, 0xF9, 0x2A, 0x1A, 0x2A, 0x19, 0x2A, 0x1A, 0x32, 0x3B, 0x32, 0x3B, 0x2A, 0x1A, 0x2A, 0x1A,
    0x2A, 0x1A, 0x2A, 0x1A, 0x29, 0xF9, 0x2A, 0x19, 0x29, 0xF9, 0x29, 0xF8, 0x29, 0xF9, 0x29, 0xF9,
    0x29, 0xF8, 0x29, 0xF9, 0x2A, 0x1A, 0x2A, 0x1B, 0x2A, 0x1A, 0x2A, 0x1A, 0x29, 0xF8, 0x29, 0xD7,
    0x29, 0xF8, 0x2A, 0x1A, 0x2A, 0x1B, 0x2A, 0x1A, 0x2A, 0x1A, 0x2A, 0x1A, 0x2A, 0x19, 0x29, 0xF9,
    0x29, 0xF8, 0x29, 0xF8, 0x29, 0xF8, 0x29, 0xF9, 0x29, 0xF9, 0x2A, 0x19, 0x2A, 0x19, 0x00, 0x00,
    0xAD, 0x75, 0x00, 0x00, 0x00, 0x00, 0x00, 0x00, 0x00, 0x00, 0x00, 0x00, 0x00, 0x00, 0x00, 0x00,
    0x00, 0x00, 0x00, 0x00, 0x00, 0x00, 0x00, 0x00, 0x00, 0x00, 0x00, 0x00, 0x00, 0x00, 0x00, 0x00,
    0x00, 0x00, 0x00, 0x00, 0x00, 0x00, 0x00, 0x00, 0x00, 0x00, 0x00, 0x00, 0x00, 0x00, 0x00, 0x00,
    0x00, 0x00, 0x00, 0x00, 0x00, 0x00, 0x00, 0x00, 0x00, 0x00, 0x00, 0x00, 0x00, 0x00, 0x00, 0x00,
    0x00, 0x00, 0x00, 0x00, 0x00, 0x00, 0x00, 0x00, 0x00, 0x00, 0x00, 0x00, 0x00, 0x00, 0x00, 0x00,
    0x00, 0x00, 0x00, 0x00, 0x00, 0x00, 0x00, 0x00, 0x00, 0x00, 0x00, 0x00, 0x00, 0x00, 0x00, 0x00,
    0x00, 0x00, 0x00, 0x00, 0x00, 0x00, 0x00, 0x00, 0x00, 0x00, 0x00, 0x00, 0x00, 0x00, 0x00, 0x00,
    0x00, 0x00, 0x00, 0x00, 0x00, 0x00, 0x00, 0x00, 0x00, 0x00, 0x00, 0x00, 0x00, 0x00, 0x00, 0x00,
    0x00, 0x00, 0x00, 0x00, 0x00, 0x00, 0x00, 0x00, 0x00, 0x00, 0x00, 0x00, 0x00, 0x00, 0x00, 0x00,
    0x00, 0x00, 0x00, 0x00, 0x00, 0x00, 0xAD, 0x75, 0x00, 0x00, 0x2A, 0x19, 0x29, 0xF9, 0x29, 0xF9,
    0x29, 0xF9, 0x29, 0xF9, 0x2A, 0x19, 0x2A, 0x19, 0x2A, 0x1A, 0x2A, 0x1A, 0x29, 0xF9, 0x32, 0x3B,
    0x32, 0x3B, 0x2A, 0x1A, 0x2A, 0x1A, 0x2A, 0x1A, 0x2A, 0x1A, 0x2A, 0x1A, 0x2A, 0x1A, 0x29, 0xF9,
    0x29, 0xF8, 0x29, 0xF8, 0x29, 0xF9, 0x29, 0xF9, 0x29, 0xF8, 0x29, 0xF9, 0x29, 0xF9, 0x2A, 0x19,
    0x2A, 0x1B, 0x2A, 0x1B, 0x2A, 0x19, 0x2A, 0x19, 0x2A, 0x1A, 0x29, 0xF9, 0x29, 0xF9, 0x29, 0xF9,
    0x29, 0xF8, 0x29, 0xF8, 0x29, 0xF9, 0x29, 0xF9, 0x29, 0xF8, 0x29, 0xF9, 0x2A, 0x1A, 0x2A, 0x1A,
    0x2A, 0x1A, 0x2A, 0x19, 0x29, 0xF8, 0x29, 0xD7, 0x29, 0xF8, 0x2A, 0x1A, 0x2A, 0x1B, 0x2A, 0x1A,
    0x2A, 0x1A, 0x2A, 0x1A, 0x2A, 0x1A, 0x29, 0xF9, 0x29, 0xF8, 0x29, 0xF8, 0x29, 0xF9, 0x29, 0xF9,
    0x29, 0xF9, 0x2A, 0x1A, 0x2A, 0x1A, 0x2A, 0x19, 0x2A, 0x19, 0x2A, 0x1A, 0x2A, 0x19, 0x29, 0xF9,
    0x29, 0xF8, 0x29, 0xF8, 0x29, 0xF9, 0x2A, 0x19, 0x29, 0xF9, 0x29, 0xF9, 0x29, 0xF9, 0x29, 0xF9,
    0x29, 0xF9, 0x29, 0xF9, 0x2A, 0x1A, 0x29, 0xF9, 0x21, 0xB5, 0x00, 0x00, 0x53, 0x3A, 0x63, 0xDF,
    0x63, 0xBF, 0x63, 0xBF, 0x63, 0xBF, 0x63, 0xBF, 0x63, 0xBF, 0x63, 0xDF, 0x63, 0xDF, 0x63, 0xDF,
    0x63, 0xDF, 0x63, 0xDF, 0x63, 0xDF, 0x63, 0xBF, 0x63, 0xBF, 0x63, 0xBF, 0x63, 0xDF, 0x63, 0xDF,
    0x63, 0xDF, 0x63, 0xBF, 0x63, 0xBF, 0x63, 0xDF, 0x63, 0xDF, 0x63, 0xDF, 0x63, 0xDF, 0x63, 0xDF,
    0x63, 0xBF, 0x6B, 0xDF, 0x6B, 0xFF, 0x63, 0xDF, 0x63, 0xDF, 0x63, 0xDF, 0x63, 0xDF, 0x63, 0xDF,
    0x6B, 0xFF, 0x63, 0xDF, 0x63, 0xBF, 0x63, 0xDF, 0x63, 0xDF, 0x63, 0xDF, 0x63, 0xDF, 0x63, 0xDF,
    0x63, 0xDF, 0x63, 0xDF, 0x6B, 0xFF, 0x6B, 0xFF, 0x63, 0xDF, 0x63, 0xDF, 0x6B, 0xDF, 0x63, 0xDF,
    0x63, 0xDF, 0x63, 0xDF, 0x63, 0xBF, 0x63, 0xBF, 0x63, 0xDF, 0x63, 0xDF, 0x63, 0xBF, 0x63, 0xDF,
    0x6B, 0xFF, 0x6B, 0xFF, 0x63, 0xDF, 0x63, 0xDF, 0x63, 0xBF, 0x63, 0xBE, 0x63, 0xBF, 0x6B, 0xDF,
    0x6B, 0xFF, 0x6B, 0xDF, 0x6B, 0xDF, 0x63, 0xDF, 0x63, 0xDF, 0x63, 0xDF, 0x63, 0xBF, 0x63, 0xBF,
    0x63, 0xDF, 0x63, 0xDF, 0x63, 0xDF, 0x6B, 0xDF, 0x6B, 0xDF, 0x63, 0xDF, 0x63, 0xDF, 0x63, 0xDF,
    0x2A, 0x1A, 0x29, 0xF9, 0x29, 0xF8, 0x29, 0xF9, 0x2A, 0x1A, 0x2A, 0x1A, 0x2A, 0x1A, 0x2A, 0x1A,
    0x2A, 0x1A, 0x29, 0xF9, 0x2A, 0x1A, 0x2A, 0x1A, 0x2A, 0x1A, 0x29, 0xF9, 0x29, 0xF9, 0x29, 0xF9,
    0x2A, 0x1A, 0x29, 0xF9, 0x29, 0xF9, 0x2A, 0x1A, 0x2A, 0x1A, 0x29, 0xF9, 0x29, 0xF9, 0x29, 0xF9,
    0x29, 0xF9, 0x2A, 0x1A, 0x2A, 0x1A, 0x2A, 0x1A, 0x2A, 0x1A, 0x29, 0xF8, 0x29, 0xF9, 0x2A, 0x1A,
    0x2A, 0x1A, 0x2A, 0x1B, 0x32, 0x3B, 0x2A, 0x1A, 0x2A, 0x1A, 0x2A, 0x1A, 0x32, 0x3B, 0x2A, 0x1A,
    0x29, 0xF9, 0x2A, 0x1A, 0x2A, 0x1B, 0x32, 0x3B, 0x32, 0x3C, 0x32, 0x3B, 0x2A, 0x1A, 0x2A, 0x19,
    0x2A, 0x1A, 0x29, 0xF9, 0x29, 0xF8, 0x29, 0xF9, 0x29, 0xF9, 0x29, 0xF9, 0x2A, 0x1A, 0x2A, 0x1A,
    0x29, 0xF9, 0x2A, 0x1A, 0x2A, 0x1B, 0x2A, 0x1A, 0x29, 0xF8, 0x29, 0xF8, 0x29, 0xF9, 0x29, 0xF9,
    0x2A, 0x1A, 0x32, 0x3C, 0x2A, 0x3B, 0x2A, 0x1A, 0x2A, 0x1A, 0x2A, 0x1A, 0x29, 0xF9, 0x29, 0xF9,
    0x29, 0xF8, 0x29, 0xF9, 0x2A, 0x1A, 0x2A, 0x1A, 0x2A, 0x1A, 0x2A, 0x1A, 0x2A, 0x1A, 0x00, 0x00,
    0xAD, 0x75, 0x00, 0x00, 0x00, 0x00, 0x00, 0x00, 0x00, 0x00, 0x00, 0x00, 0x00, 0x00, 0x00, 0x00,
    0x00, 0x00, 0x00, 0x00, 0x00, 0x00, 0x00, 0x00, 0x00, 0x00, 0x00, 0x00, 0x00, 0x00, 0x00, 0x00,
    0x00, 0x00, 0x00, 0x00, 0x00, 0x00, 0x00, 0x00, 0x00, 0x00, 0x00, 0x00, 0x00, 0x00, 0x00, 0x00,
    0x00, 0x00, 0x00, 0x00, 0x00, 0x00, 0x00, 0x00, 0x00, 0x00, 0x00, 0x00, 0x00, 0x00, 0x00, 0x00,
    0x00, 0x00, 0x00, 0x00, 0x00, 0x00, 0x00, 0x00, 0x00, 0x00, 0x00, 0x00, 0x00, 0x00, 0x00, 0x00,
    0x00, 0x00, 0x00, 0x00, 0x00, 0x00, 0x00, 0x00, 0x00, 0x00, 0x00, 0x00, 0x00, 0x00, 0x00, 0x00,
    0x00, 0x00, 0x00, 0x00, 0x00, 0x00, 0x00, 0x00, 0x00, 0x00, 0x00, 0x00, 0x00, 0x00, 0x00, 0x00,
    0x00, 0x00, 0x00, 0x00, 0x00, 0x00, 0x00, 0x00, 0x00, 0x00, 0x00, 0x00, 0x00, 0x00, 0x00, 0x00,
    0x00, 0x00, 0x00, 0x00, 0x00, 0x00, 0x00, 0x00, 0x00, 0x00, 0x00, 0x00, 0x00, 0x00, 0x00, 0x00,
    0x00, 0x00, 0x00, 0x00, 0x00, 0x00, 0xAD, 0x75, 0x00, 0x00, 0x2A, 0x1A, 0x2A, 0x1A, 0x2A, 0x1A,
    0x2A, 0x1A, 0x2A, 0x19, 0x2A, 0x1A, 0x2A, 0x19, 0x2A, 0x1A, 0x2A, 0x1A, 0x2A, 0x1A, 0x2A, 0x1B,
    0x2A, 0x1A, 0x29, 0xF8, 0x29, 0xF9, 0x2A, 0x1A, 0x2A, 0x1A, 0x2A, 0x1B, 0x32, 0x3B, 0x2A, 0x1A,
    0x2A, 0x1A, 0x2A, 0x1A, 0x32, 0x3B, 0x2A, 0x1A, 0x29, 0xF9, 0x2A, 0x1A, 0x2A, 0x1A, 0x2A, 0x1B,
    0x2A, 0x3B, 0x2A, 0x3B, 0x2A, 0x1A, 0x29, 0xF9, 0x2A, 0x1A, 0x29, 0xF9, 0x29, 0xF8, 0x29, 0xF9,
    0x29, 0xF9, 0x29, 0xF9, 0x2A, 0x1A, 0x29, 0xF9, 0x29, 0xF9, 0x2A, 0x1A, 0x2A, 0x1A, 0x29, 0xF9,
    0x29, 0xF8, 0x29, 0xF8, 0x29, 0xF9, 0x29, 0xF9, 0x2A, 0x1A, 0x32, 0x3C, 0x32, 0x3C, 0x2A, 0x1A,
    0x2A, 0x1A, 0x2A, 0x1A, 0x2A, 0x19, 0x29, 0xF9, 0x29, 0xF9, 0x29, 0xF9, 0x2A, 0x1A, 0x2A, 0x1A,
    0x2A, 0x1A, 0x2A, 0x1B, 0x2A, 0x1A, 0x2A, 0x1A, 0x2A, 0x1A, 0x2A, 0x1A, 0x2A, 0x1A, 0x2A, 0x19,
    0x29, 0xF9, 0x2A, 0x19, 0x2A, 0x1A, 0x2A, 0x1A, 0x2A, 0x1A, 0x2A, 0x1A, 0x2A, 0x1A, 0x2A, 0x19,
    0x2A, 0x1A, 0x2A, 0x19, 0x2A, 0x1A, 0x2A, 0x1A, 0x21, 0xB5, 0x00, 0x00, 0x53, 0x3A, 0x63, 0xDF,
    0x63, 0xBF, 0x63, 0xDF, 0x63, 0xDF, 0x63, 0xDF, 0x63, 0xDF, 0x63, 0xDF, 0x63, 0xDF, 0x63, 0xDF,
    0x63, 0xDF, 0x63, 0xDF, 0x6B, 0xDF, 0x63, 0xDF, 0x63, 0xDF, 0x63, 0xDF, 0x6B, 0xDF, 0x63, 0xDF,
    0x63, 0xDF, 0x6B, 0xFF, 0x63, 0xDF, 0x63, 0xDF, 0x63, 0xDF, 0x63, 0xDF, 0x63, 0xDF, 0x63, 0xDF,
    0x63, 0xDF, 0x6B, 0xFF, 0x63, 0xDF, 0x63, 0xBF, 0x63, 0xDF, 0x63, 0xDF, 0x6B, 0xFF, 0x6B, 0xFF,
    0x6B, 0xFF, 0x6B, 0xFF, 0x63, 0xDF, 0x6B, 0xFF, 0x6B, 0xFF, 0x6B, 0xDF, 0x63, 0xDF, 0x63, 0xDF,
    0x6B, 0xFF, 0x6B, 0xFF, 0x6B, 0xFF, 0x6B, 0xFF, 0x63, 0xDF, 0x63, 0xDF, 0x63, 0xDF, 0x63, 0xDF,
    0x63, 0xBF, 0x63, 0xBF, 0x63, 0xDF, 0x63, 0xDF, 0x6B, 0xDF, 0x63, 0xDF, 0x63, 0xDF, 0x6B, 0xFF,
    0x6B, 0xFF, 0x63, 0xDF, 0x63, 0xDF, 0x63, 0xBF, 0x63, 0xBF, 0x63, 0xDF, 0x63, 0xDF, 0x6B, 0xFF,
    0x6B, 0xFF, 0x63, 0xDF, 0x6B, 0xFF, 0x63, 0xDF, 0x63, 0xDF, 0x63, 0xDF, 0x63, 0xBF, 0x63, 0xDF,
    0x6B, 0xDF, 0x6B, 0xFF, 0x6B, 0xFF, 0x6B, 0xFF, 0x6B, 0xFF, 0x63, 0xDF, 0x6B, 0xFF, 0x63, 0xDF,
    0x2A, 0x1A, 0x2A, 0x19, 0x2A, 0x19, 0x2A, 0x1A, 0x2A, 0x1A, 0x2A, 0x1A, 0x2A, 0x1A, 0x2A, 0x1A,
    0x2A, 0x1A, 0x2A, 0x19, 0x2A, 0x1A, 0x2A, 0x1A, 0x2A, 0x1A, 0x2A, 0x1A, 0x2A, 0x1A, 0x2A, 0x1A,
    0x2A, 0x1A, 0x2A, 0x1B, 0x32, 0x3B, 0x32, 0x3C, 0x2A, 0x1B, 0x2A, 0x1A, 0x2A, 0x1A, 0x2A, 0x1A,
    0x2A, 0x1A, 0x2A, 0x1A, 0x2A, 0x1B, 0x2A, 0x1A, 0x2A, 0x19, 0x2A, 0x1A, 0x32, 0x3B, 0x32, 0x3B,
    0x2A, 0x1A, 0x2A, 0x1A, 0x2A, 0x1A, 0x29, 0xF8, 0x29, 0xF8, 0x29, 0xF9, 0x29, 0xF9, 0x29, 0xF8,
    0x29, 0xF9, 0x2A, 0x1A, 0x2A, 0x1B, 0x2A, 0x1B, 0x32, 0x3B, 0x2A, 0x1A, 0x29, 0xF9, 0x29, 0xF9,
    0x2A, 0x1A, 0x2A, 0x19, 0x29, 0xF9, 0x2A, 0x1A, 0x2A, 0x1A, 0x2A, 0x1A, 0x2A, 0x1A, 0x2A, 0x1A,
    0x2A, 0x1A, 0x2A, 0x1B, 0x2A, 0x1B, 0x29, 0xF9, 0x29, 0xF8, 0x29, 0xF9, 0x2A, 0x1A, 0x2A, 0x1A,
    0x2A, 0x1B, 0x32, 0x3B, 0x2A, 0x1B, 0x2A, 0x1A, 0x2A, 0x1A, 0x2A, 0x19, 0x29, 0xF9, 0x2A, 0x19,
    0x29, 0xF9, 0x2A, 0x1A, 0x2A, 0x1A, 0x2A, 0x1A, 0x2A, 0x1A, 0x2A, 0x1A, 0x2A, 0x1A, 0x00, 0x00,
    0xAD, 0x75, 0x00, 0x00, 0x00, 0x00, 0x00, 0x00, 0x00, 0x00, 0x00, 0x00, 0x00, 0x00, 0x00, 0x00,
    0x00, 0x00, 0x00, 0x00, 0x00, 0x00, 0x00, 0x00, 0x00, 0x00, 0x00, 0x00, 0x00, 0x00, 0x00, 0x00,
    0x00, 0x00, 0x00, 0x00, 0x00, 0x00, 0x00, 0x00, 0x00, 0x00, 0x00, 0x00, 0x00, 0x00, 0x00, 0x00,
    0x00, 0x00, 0x00, 0x00, 0x00, 0x00, 0x00, 0x00, 0x00, 0x00, 0x00, 0x00, 0x00, 0x00, 0x00, 0x00,
    0x00, 0x00, 0x00, 0x00, 0x00, 0x00, 0x00, 0x00, 0x00, 0x00, 0x00, 0x00, 0x00, 0x00, 0x00, 0x00,
    0x00, 0x00, 0x00, 0x00, 0x00, 0x00, 0x00, 0x00, 0x00, 0x00, 0x00, 0x00, 0x00, 0x00, 0x00, 0x00,
    0x00, 0x00, 0x00, 0x00, 0x00, 0x00, 0x00, 0x00, 0x00, 0x00, 0x00, 0x00, 0x00, 0x00, 0x00, 0x00,
    0x00, 0x00, 0x00, 0x00, 0x00, 0x00, 0x00, 0x00, 0x00, 0x00, 0x00, 0x00, 0x00, 0x00, 0x00, 0x00,
    0x00, 0x00, 0x00, 0x00, 0x00, 0x00, 0x00, 0x00, 0x00, 0x00, 0x00, 0x00, 0x00, 0x00, 0x00, 0x00,
    0x00, 0x00, 0x00, 0x00, 0x00, 0x00, 0xAD, 0x75, 0x00, 0x00, 0x32, 0x3B, 0x32, 0x3B, 0x32, 0x3C,
    0x2A, 0x1B, 0x2A, 0x1A, 0x2A, 0x1A, 0x2A, 0x1B, 0x2A, 0x1A, 0x2A, 0x1B, 0x2A, 0x1B, 0x2A, 0x1A,
    0x2A, 0x19, 0x2A, 0x1A, 0x32, 0x3B, 0x32, 0x3B, 0x2A, 0x1A, 0x2A, 0x1A, 0x2A, 0x1A, 0x29, 0xF8,
    0x29, 0xF8, 0x29, 0xF9, 0x29, 0xF9, 0x29, 0xF8, 0x29, 0xF9, 0x2A, 0x1A, 0x2A, 0x1B, 0x2A, 0x1B,
    0x32, 0x3B, 0x2A, 0x1A, 0x29, 0xF9, 0x29, 0xF9, 0x2A, 0x1A, 0x2A, 0x19, 0x29, 0xF9, 0x2A, 0x1A,
    0x2A, 0x1A, 0x2A, 0x1A, 0x2A, 0x1A, 0x2A, 0x1A, 0x2A, 0x1A, 0x2A, 0x1B, 0x2A, 0x1A, 0x29, 0xF9,
    0x29, 0xF8, 0x29, 0xF9, 0x2A, 0x1A, 0x2A, 0x1A, 0x2A, 0x1B, 0x32, 0x3B, 0x2A, 0x1B, 0x2A, 0x1A,
    0x2A, 0x1A, 0x2A, 0x19, 0x29, 0xF9, 0x2A, 0x19, 0x2A, 0x19, 0x2A, 0x1A, 0x2A, 0x1A, 0x2A, 0x1A,
    0x2A, 0x1A, 0x2A, 0x1A, 0x2A, 0x1A, 0x2A, 0x19, 0x2A, 0x1A, 0x2A, 0x1B, 0x2A, 0x1A, 0x2A, 0x1A,
    0x2A, 0x1A, 0x2A, 0x1A, 0x2A, 0x1B, 0x32, 0x3B, 0x32, 0x3B, 0x32, 0x3C, 0x2A, 0x1B, 0x2A, 0x1A,
    0x2A, 0x1A, 0x2A, 0x1B, 0x2A, 0x1A, 0x2A, 0x1B, 0x21, 0xB5, 0x00, 0x00, 0x53, 0x3A, 0x63, 0xDF,
    0x63, 0xDF, 0x63, 0xDF, 0x63, 0xDF, 0x63, 0xDF, 0x63, 0xDF, 0x63, 0xDF, 0x63, 0xDF, 0x63, 0xDF,
    0x6B, 0xFF, 0x6B, 0xFF, 0x6B, 0xFF, 0x6B, 0xFF, 0x6B, 0xDF, 0x63, 0xDF, 0x6B, 0xFF, 0x6B, 0xFF,
    0x6B, 0xFF, 0x6C, 0x1F, 0x6B, 0xFF, 0x63, 0xDF, 0x63, 0xDF, 0x63, 0xDF, 0x63, 0xDF, 0x6B, 0xFF,
    0x6B, 0xFF, 0x63, 0xDF, 0x63, 0xDF, 0x63, 0xDF, 0x6B, 0xFF, 0x6B, 0xFF, 0x6B, 0xFF, 0x6B, 0xFF,
    0x63, 0xDF, 0x63, 0xDF, 0x63, 0xBF, 0x63, 0xDF, 0x63, 0xDF, 0x63, 0xBF, 0x63, 0xDF, 0x6B, 0xDF,
    0x6B, 0xFF, 0x6B, 0xFF, 0x6B, 0xFF, 0x63, 0xDF, 0x63, 0xBF, 0x63, 0xBF, 0x63, 0xDF, 0x63, 0xDF,
    0x63, 0xDF, 0x63, 0xDF, 0x6B, 0xDF, 0x6B, 0xDF, 0x6B, 0xFF, 0x6B, 0xFF, 0x6B, 0xDF, 0x6B, 0xFF,
    0x6B, 0xFF, 0x63, 0xDF, 0x63, 0xBF, 0x63, 0xDF, 0x6B, 0xFF, 0x63, 0xDF, 0x6B, 0xFF, 0x6B, 0xFF,
    0x6B, 0xFF, 0x63, 0xDF, 0x63, 0xDF, 0x63, 0xDF, 0x63, 0xDF, 0x63, 0xDF, 0x63, 0xDF, 0x63, 0xDF,
    0x6B, 0xDF, 0x6B, 0xFF, 0x6B, 0xDF, 0x6B, 0xFF, 0x6B, 0xDF, 0x63, 0xDF, 0x6B, 0xFF, 0x6B, 0xDF,
    0x2A, 0x1A, 0x2A, 0x19, 0x2A, 0x1A, 0x2A, 0x1A, 0x2A, 0x1A, 0x2A, 0x1A, 0x2A, 0x19, 0x29, 0xF9,
    0x2A, 0x19, 0x2A, 0x19, 0x2A, 0x1A, 0x2A, 0x1B, 0x2A, 0x1A, 0x2A, 0x1A, 0x2A, 0x1A, 0x2A, 0x1A,
    0x2A, 0x1B, 0x32, 0x3C, 0x32, 0x3B, 0x32, 0x3B, 0x2A, 0x1A, 0x29, 0xF9, 0x2A, 0x1A, 0x2A, 0x1B,
    0x2A, 0x1A, 0x2A, 0x1A, 0x2A, 0x1B, 0x2A, 0x1A, 0x2A, 0x1A, 0x32, 0x3B, 0x32, 0x3B, 0x2A, 0x1B,
    0x2A, 0x1A, 0x2A, 0x19, 0x29, 0xF9, 0x29, 0xD7, 0x29, 0xD7, 0x29, 0xD8, 0x29, 0xF8, 0x29, 0xD8,
    0x29, 0xF9, 0x2A, 0x1A, 0x32, 0x3B, 0x32, 0x3B, 0x2A, 0x1B, 0x2A, 0x1A, 0x29, 0xF9, 0x29, 0xFA,
    0x2A, 0x1B, 0x2A, 0x1B, 0x2A, 0x1A, 0x2A, 0x1B, 0x2A, 0x1B, 0x2A, 0x1B, 0x2A, 0x1A, 0x2A, 0x1A,
    0x2A, 0x1A, 0x2A, 0x1A, 0x29, 0xF9, 0x29, 0xF8, 0x2A, 0x19, 0x2A, 0x1B, 0x32, 0x3B, 0x2A, 0x1A,
    0x2A, 0x19, 0x2A, 0x1A, 0x2A, 0x19, 0x29, 0xF9, 0x29, 0xF9, 0x29, 0xF9, 0x29, 0xF9, 0x2A, 0x19,
    0x2A, 0x1A, 0x2A, 0x1A, 0x2A, 0x1A, 0x2A, 0x1A, 0x2A, 0x19, 0x29, 0xF9, 0x2A, 0x19, 0x00, 0x00,
    0xAD, 0x75, 0x00, 0x00, 0x00, 0x00, 0x00, 0x00, 0x00, 0x00, 0x00, 0x00, 0x00, 0x00, 0x00, 0x00,
    0x00, 0x00, 0x00, 0x00, 0x00, 0x00, 0x00, 0x00, 0x00, 0x00, 0x00, 0x00, 0x00, 0x00, 0x00, 0x00,
    0x00, 0x00, 0x00, 0x00, 0x00, 0x00, 0x00, 0x00, 0x00, 0x00, 0x00, 0x00, 0x00, 0x00, 0x00, 0x00,
    0x00, 0x00, 0x00, 0x00, 0x00, 0x00, 0x00, 0x00, 0x00, 0x00, 0x00, 0x00, 0x00, 0x00, 0x00, 0x00,
    0x00, 0x00, 0x00, 0x00, 0x00, 0x00, 0x00, 0x00, 0x00, 0x00, 0x00, 0x00, 0x00, 0x00, 0x00, 0x00,
    0x00, 0x00, 0x00, 0x00, 0x00, 0x00, 0x00, 0x00, 0x00, 0x00, 0x00, 0x00, 0x00, 0x00, 0x00, 0x00,
    0x00, 0x00, 0x00, 0x00, 0x00, 0x00, 0x00, 0x00, 0x00, 0x00, 0x00, 0x00, 0x00, 0x00, 0x00, 0x00,
    0x00, 0x00, 0x00, 0x00, 0x00, 0x00, 0x00, 0x00, 0x00, 0x00, 0x00, 0x00, 0x00, 0x00, 0x00, 0x00,
    0x00, 0x00, 0x00, 0x00, 0x00, 0x00, 0x00, 0x00, 0x00, 0x00, 0x00, 0x00, 0x00, 0x00, 0x00, 0x00,
    0x00, 0x00, 0x00, 0x00, 0x00, 0x00, 0xAD, 0x75, 0x00, 0x00, 0x32, 0x3C, 0x32, 0x3C, 0x32, 0x3B,
    0x2A, 0x1B, 0x29, 0xF9, 0x2A, 0x1A, 0x2A, 0x1B, 0x2A, 0x1A, 0x2A, 0x1A, 0x2A, 0x1B, 0x2A, 0x1A,
    0x2A, 0x1A, 0x32, 0x3B, 0x32, 0x3B, 0x2A, 0x1B, 0x2A, 0x1A, 0x2A, 0x19, 0x29, 0xF9, 0x29, 0xD7,
    0x29, 0xD7, 0x29, 0xD8, 0x29, 0xF8, 0x29, 0xD8, 0x29, 0xF8, 0x2A, 0x1A, 0x32, 0x3B, 0x32, 0x3B,
    0x2A, 0x1B, 0x2A, 0x19, 0x29, 0xF8, 0x29, 0xF9, 0x2A, 0x1B, 0x2A, 0x1A, 0x2A, 0x1A, 0x2A, 0x1A,
    0x2A, 0x1B, 0x2A, 0x1A, 0x2A, 0x1A, 0x2A, 0x1A, 0x2A, 0x1A, 0x2A, 0x1A, 0x29, 0xF9, 0x29, 0xF8,
    0x2A, 0x19, 0x2A, 0x1B, 0x32, 0x3B, 0x2A, 0x1A, 0x2A, 0x19, 0x2A, 0x1A, 0x2A, 0x19, 0x29, 0xF9,
    0x29, 0xF9, 0x29, 0xF9, 0x29, 0xF9, 0x2A, 0x19, 0x2A, 0x1A, 0x2A, 0x1A, 0x2A, 0x1A, 0x2A, 0x1A,
    0x2A, 0x1A, 0x29, 0xF9, 0x2A, 0x1A, 0x2A, 0x1A, 0x2A, 0x1B, 0x2A, 0x1B, 0x2A, 0x1A, 0x2A, 0x1A,
    0x2A, 0x1A, 0x2A, 0x1A, 0x2A, 0x1B, 0x32, 0x3C, 0x32, 0x3C, 0x32, 0x3B, 0x2A, 0x1A, 0x29, 0xF9,
    0x2A, 0x1A, 0x2A, 0x1B, 0x2A, 0x1A, 0x2A, 0x1A, 0x21, 0xB5, 0x00, 0x00, 0x53, 0x3A, 0x63, 0xDF,
    0x63, 0xDF, 0x63, 0xDF, 0x63, 0xDF, 0x63, 0xDF, 0x63, 0xDF, 0x63, 0xDF, 0x63, 0xDF, 0x63, 0xDF,
    0x6B, 0xFF, 0x6B, 0xFF, 0x63, 0xDF, 0x63, 0xDF, 0x6B, 0xFF, 0x6B, 0xFF, 0x6B, 0xFF, 0x6C, 0x1F,
    0x6B, 0xFF, 0x6B, 0xFF, 0x6B, 0xFF, 0x63, 0xDF, 0x6B, 0xFF, 0x6B, 0xFF, 0x63, 0xDF, 0x63, 0xDF,
    0x63, 0xDF, 0x63, 0xDF, 0x63, 0xDF, 0x6B, 0xFF, 0x6B, 0xFF, 0x6B, 0xFF, 0x63, 0xDF, 0x63, 0xDF,
    0x63, 0xDF, 0x63, 0xBF, 0x63, 0xBF, 0x63, 0xBF, 0x63, 0xBF, 0x63, 0xBF, 0x63, 0xDF, 0x6B, 0xFF,
    0x6B, 0xFF, 0x6B, 0xFF, 0x6B, 0xFF, 0x63, 0xDF, 0x63, 0xBF, 0x63, 0xDF, 0x63, 0xDF, 0x63, 0xDF,
    0x6B, 0xFF, 0x6B, 0xFF, 0x6B, 0xFF, 0x6B, 0xFF, 0x6B, 0xFF, 0x6B, 0xFF, 0x6B, 0xFF, 0x63, 0xFF,
    0x63, 0xDF, 0x63, 0xDF, 0x63, 0xDF, 0x6B, 0xFF, 0x6B, 0xFF, 0x6B, 0xFF, 0x63, 0xDF, 0x63, 0xDF,
    0x63, 0xDF, 0x63, 0xDF, 0x63, 0xDF, 0x63, 0xDF, 0x63, 0xDF, 0x63, 0xDF, 0x6B, 0xFF, 0x6B, 0xFF,
    0x6B, 0xFF, 0x6B, 0xDF, 0x63, 0xDF, 0x6B, 0xFF, 0x63, 0xDF, 0x63, 0xDF, 0x6B, 0xFF, 0x6B, 0xDF,
    0x2A, 0x1A, 0x2A, 0x1A, 0x2A, 0x1A, 0x2A, 0x1A, 0x2A, 0x1A, 0x2A, 0x1A, 0x2A, 0x1A, 0x2A, 0x1A,
    0x2A, 0x1A, 0x2A, 0x1A, 0x2A, 0x1B, 0x2A, 0x1B, 0x2A, 0x19, 0x29, 0xF9, 0x2A, 0x1A, 0x2A, 0x1A,
    0x2A, 0x1A, 0x2A, 0x1B, 0x2A, 0x1A, 0x29, 0xF9, 0x29, 0xF8, 0x29, 0xD8, 0x29, 0xF9, 0x2A, 0x1A,
    0x2A, 0x1A, 0x2A, 0x1A, 0x32, 0x3B, 0x2A, 0x1B, 0x2A, 0x1A, 0x2A, 0x1A, 0x2A, 0x1A, 0x29, 0xF8,
    0x29, 0xF8, 0x29, 0xF9, 0x29, 0xF8, 0x29, 0xF9, 0x2A, 0x1A, 0x2A, 0x1B, 0x2A, 0x1B, 0x2A, 0x1A,
    0x2A, 0x1B, 0x32, 0x3C, 0x32, 0x3C, 0x32, 0x3C, 0x2A, 0x1B, 0x2A, 0x1A, 0x2A, 0x19, 0x2A, 0x1A,
    0x2A, 0x1B, 0x2A, 0x1B, 0x2A, 0x1A, 0x2A, 0x1A, 0x2A, 0x1B, 0x2A, 0x1A, 0x2A, 0x1A, 0x29, 0xF9,
    0x29, 0xF9, 0x29, 0xF8, 0x29, 0xF8, 0x2A, 0x19, 0x2A, 0x1B, 0x32, 0x3B, 0x32, 0x3B, 0x2A, 0x1A,
    0x29, 0xF9, 0x29, 0xF9, 0x29, 0xF9, 0x2A, 0x19, 0x2A, 0x19, 0x2A, 0x19, 0x2A, 0x19, 0x2A, 0x1A,
    0x2A, 0x1A, 0x2A, 0x1A, 0x2A, 0x1A, 0x2A, 0x1A, 0x2A, 0x1A, 0x2A, 0x1A, 0x2A, 0x1A, 0x00, 0x00,
    0xAD, 0x75, 0x00, 0x00, 0x00, 0x00, 0x00, 0x00, 0x00, 0x00, 0x00, 0x00, 0x00, 0x00, 0x00, 0x00,
    0x00, 0x00, 0x00, 0x00, 0x00, 0x00, 0x00, 0x00, 0x00, 0x00, 0x00, 0x00, 0x00, 0x00, 0x00, 0x00,
    0x00, 0x00, 0x00, 0x00, 0x00, 0x00, 0x00, 0x00, 0x00, 0x00, 0x00, 0x00, 0x00, 0x00, 0x00, 0x00,
    0x00, 0x00, 0x00, 0x00, 0x00, 0x00, 0x00, 0x00, 0x00, 0x00, 0x00, 0x00, 0x00, 0x00, 0x00, 0x00,
    0x00, 0x00, 0x00, 0x00, 0x00, 0x00, 0x00, 0x00, 0x00, 0x00, 0x00, 0x00, 0x00, 0x00, 0x00, 0x00,
    0x00, 0x00, 0x00, 0x00, 0x00, 0x00, 0x00, 0x00, 0x00, 0x00, 0x00, 0x00, 0x00, 0x00, 0x00, 0x00,
    0x00, 0x00, 0x00, 0x00, 0x00, 0x00, 0x00, 0x00, 0x00, 0x00, 0x00, 0x00, 0x00, 0x00, 0x00, 0x00,
    0x00, 0x00, 0x00, 0x00, 0x00, 0x00, 0x00, 0x00, 0x00, 0x00, 0x00, 0x00, 0x00, 0x00, 0x00, 0x00,
    0x00, 0x00, 0x00, 0x00, 0x00, 0x00, 0x00, 0x00, 0x00, 0x00, 0x00, 0x00, 0x00, 0x00, 0x00, 0x00,
    0x00, 0x00, 0x00, 0x00, 0x00, 0x00, 0xAD, 0x75, 0x00, 0x00, 0x2A, 0x1B, 0x2A, 0x1A, 0x29, 0xF9,
    0x29, 0xF9, 0x29, 0xF8, 0x2A, 0x1A, 0x2A, 0x1B, 0x2A, 0x1A, 0x2A, 0x1B, 0x32, 0x3C, 0x2A, 0x1B,
    0x2A, 0x1A, 0x2A, 0x1A, 0x2A, 0x1A, 0x29, 0xF8, 0x29, 0xF8, 0x29, 0xF9, 0x29, 0xF8, 0x29, 0xF9,
    0x2A, 0x19, 0x2A, 0x1A, 0x2A, 0x1A, 0x2A, 0x1A, 0x2A, 0x1B, 0x32, 0x3C, 0x32, 0x3C, 0x32, 0x3B,
    0x2A, 0x1A, 0x29, 0xF9, 0x29, 0xF9, 0x2A, 0x1A, 0x2A, 0x1B, 0x2A, 0x1A, 0x2A, 0x1A, 0x2A, 0x1A,
    0x2A, 0x1A, 0x2A, 0x1A, 0x2A, 0x19, 0x29, 0xF9, 0x29, 0xF9, 0x29, 0xF8, 0x29, 0xF8, 0x2A, 0x19,
    0x2A, 0x1B, 0x32, 0x3B, 0x32, 0x3B, 0x2A, 0x1A, 0x29, 0xF9, 0x29, 0xF9, 0x29, 0xF9, 0x2A, 0x19,
    0x2A, 0x19, 0x2A, 0x19, 0x2A, 0x1A, 0x2A, 0x1A, 0x2A, 0x1A, 0x2A, 0x1A, 0x2A, 0x1A, 0x2A, 0x1A,
    0x2A, 0x1A, 0x2A, 0x1A, 0x2A, 0x1A, 0x2A, 0x1B, 0x2A, 0x1B, 0x2A, 0x3B, 0x2A, 0x1A, 0x2A, 0x1A,
    0x2A, 0x1B, 0x2A, 0x1B, 0x2A, 0x1B, 0x2A, 0x1B, 0x2A, 0x1A, 0x29, 0xF9, 0x29, 0xF9, 0x29, 0xD8,
    0x29, 0xF9, 0x2A, 0x1A, 0x2A, 0x1A, 0x2A, 0x1A, 0x21, 0xB5, 0x00, 0x00, 0x53, 0x3A, 0x6B, 0xDF,
    0x6B, 0xFF, 0x6B, 0xDF, 0x63, 0xDF, 0x63, 0xDF, 0x63, 0xDF, 0x63, 0xDF, 0x6B, 0xDF, 0x6B, 0xDF,
    0x6B, 0xFF, 0x6B, 0xFF, 0x63, 0xDF, 0x63, 0xDF, 0x6B, 0xFF, 0x6B, 0xFF, 0x6B, 0xFF, 0x6B, 0xFF,
    0x63, 0xFF, 0x63, 0xDF, 0x63, 0xDF, 0x63, 0xBF, 0x63, 0xDF, 0x6B, 0xDF, 0x63, 0xDF, 0x63, 0xDF,
    0x6B, 0xFF, 0x6B, 0xFF, 0x63, 0xDF, 0x6B, 0xFF, 0x63, 0xDF, 0x63, 0xBF, 0x63, 0xBF, 0x63, 0xDF,
    0x63, 0xDF, 0x6B, 0xDF, 0x6B, 0xFF, 0x6B, 0xFF, 0x6B, 0xFF, 0x6B, 0xFF, 0x6B, 0xFF, 0x6C, 0x1F,
    0x6C, 0x1F, 0x6B, 0xFF, 0x6B, 0xFF, 0x63, 0xDF, 0x63, 0xBF, 0x63, 0xDF, 0x6B, 0xFF, 0x6B, 0xFF,
    0x63, 0xDF, 0x6B, 0xDF, 0x6B, 0xFF, 0x6B, 0xFF, 0x63, 0xDF, 0x63, 0xDF, 0x6B, 0xDF, 0x63, 0xDF,
    0x63, 0xDF, 0x63, 0xDF, 0x6B, 0xFF, 0x6B, 0xFF, 0x6B, 0xFF, 0x63, 0xDF, 0x63, 0xDF, 0x63, 0xDF,
    0x63, 0xDF, 0x63, 0xDF, 0x63, 0xDF, 0x63, 0xDF, 0x63, 0xDF, 0x6B, 0xDF, 0x6B, 0xFF, 0x6B, 0xDF,
    0x6B, 0xFF, 0x63, 0xFF, 0x6B, 0xFF, 0x6B, 0xFF, 0x6B, 0xFF, 0x6B, 0xFF, 0x6B, 0xFF, 0x6B, 0xFF,
    0x2A, 0x1A, 0x2A, 0x1A, 0x2A, 0x1A, 0x29, 0xF9, 0x29, 0xF9, 0x2A, 0x1A, 0x2A, 0x1A, 0x2A, 0x1A,
    0x2A, 0x1A, 0x2A, 0x1A, 0x2A, 0x1A, 0x2A, 0x1A, 0x29, 0xF9, 0x29, 0xF9, 0x2A, 0x1A, 0x2A, 0x1A,
    0x2A, 0x1A, 0x2A, 0x1A, 0x29, 0xF9, 0x29, 0xF8, 0x29, 0xF8, 0x29, 0xD7, 0x29, 0xF9, 0x2A, 0x1B,
    0x32, 0x3B, 0x32, 0x3C, 0x32, 0x3C, 0x2A, 0x1B, 0x29, 0xF9, 0x29, 0xF8, 0x29, 0xD8, 0x29, 0xD8,
    0x29, 0xF8, 0x29, 0xF9, 0x29, 0xF9, 0x2A, 0x1A, 0x32, 0x3C, 0x32, 0x3C, 0x32, 0x3C, 0x32, 0x3C,
    0x32, 0x3C, 0x32, 0x5D, 0x32, 0x5D, 0x32, 0x3B, 0x2A, 0x1A, 0x29, 0xF8, 0x32, 0x19, 0x2A, 0x1A,
    0x2A, 0x1A, 0x2A, 0x1A, 0x29, 0xF9, 0x29, 0xF9, 0x2A, 0x19, 0x2A, 0x19, 0x29, 0xF9, 0x29, 0xF8,
    0x29, 0xF9, 0x29, 0xF9, 0x29, 0xF9, 0x2A, 0x1B, 0x32, 0x3C, 0x32, 0x3B, 0x2A, 0x1A, 0x2A, 0x1A,
    0x29, 0xF9, 0x29, 0xFA, 0x2A, 0x1A, 0x2A, 0x1A, 0x2A, 0x19, 0x2A, 0x1A, 0x2A, 0x1A, 0x2A, 0x1A,
    0x2A, 0x19, 0x29, 0xF9, 0x29, 0xF9, 0x2A, 0x1A, 0x2A, 0x1A, 0x2A, 0x1A, 0x2A, 0x1A, 0x00, 0x00,
    0xAD, 0x75, 0x00, 0x00, 0x00, 0x00, 0x00, 0x00, 0x00, 0x00, 0x00, 0x00, 0x00, 0x00, 0x00, 0x00,
    0x00, 0x00, 0x00, 0x00, 0x00, 0x00, 0x00, 0x00, 0x00, 0x00, 0x00, 0x00, 0x00, 0x00, 0x00, 0x00,
    0x00, 0x00, 0x00, 0x00, 0x00, 0x00, 0x00, 0x00, 0x00, 0x00, 0x00, 0x00, 0x00, 0x00, 0x00, 0x00,
    0x00, 0x00, 0x00, 0x00, 0x00, 0x00, 0x00, 0x00, 0x00, 0x00, 0x00, 0x00, 0x00, 0x00, 0x00, 0x00,
    0x00, 0x00, 0x00, 0x00, 0x00, 0x00, 0x00, 0x00, 0x00, 0x00, 0x00, 0x00, 0x00, 0x00, 0x00, 0x00,
    0x00, 0x00, 0x00, 0x00, 0x00, 0x00, 0x00, 0x00, 0x00, 0x00, 0x00, 0x00, 0x00, 0x00, 0x00, 0x00,
    0x00, 0x00, 0x00, 0x00, 0x00, 0x00, 0x00, 0x00, 0x00, 0x00, 0x00, 0x00, 0x00, 0x00, 0x00, 0x00,
    0x00, 0x00, 0x00, 0x00, 0x00, 0x00, 0x00, 0x00, 0x00, 0x00, 0x00, 0x00, 0x00, 0x00, 0x00, 0x00,
    0x00, 0x00, 0x00, 0x00, 0x00, 0x00, 0x00, 0x00, 0x00, 0x00, 0x00, 0x00, 0x00, 0x00, 0x00, 0x00,
    0x00, 0x00, 0x00, 0x00, 0x00, 0x00, 0xAD, 0x75, 0x00, 0x00, 0x2A, 0x1A, 0x2A, 0x1A, 0x29, 0xF9,
    0x29, 0xF9, 0x29, 0xF8, 0x2A, 0x19, 0x32, 0x3B, 0x32, 0x3C, 0x32, 0x3D, 0x32, 0x3D, 0x2A, 0x1B,
    0x29, 0xF9, 0x29, 0xF8, 0x29, 0xF8, 0x29, 0xF8, 0x29, 0xF8, 0x29, 0xF9, 0x29, 0xF9, 0x2A, 0x1A,
    0x32, 0x3B, 0x32, 0x3C, 0x32, 0x3C, 0x32, 0x3C, 0x32, 0x3C, 0x32, 0x5D, 0x32, 0x3D, 0x2A, 0x1B,
    0x29, 0xF9, 0x29, 0xF8, 0x29, 0xF9, 0x2A, 0x1A, 0x2A, 0x1A, 0x29, 0xF9, 0x29, 0xF8, 0x29, 0xF8,
    0x29, 0xF9, 0x29, 0xF9, 0x29, 0xF8, 0x29, 0xF8, 0x29, 0xF9, 0x29, 0xF8, 0x29, 0xF9, 0x2A, 0x1B,
    0x32, 0x3B, 0x32, 0x3B, 0x2A, 0x1A, 0x2A, 0x1A, 0x29, 0xF9, 0x29, 0xFA, 0x2A, 0x1A, 0x2A, 0x1A,
    0x2A, 0x1A, 0x2A, 0x1A, 0x2A, 0x1A, 0x2A, 0x1A, 0x2A, 0x1A, 0x2A, 0x19, 0x2A, 0x1A, 0x2A, 0x1A,
    0x2A, 0x1B, 0x2A, 0x1B, 0x2A, 0x1A, 0x2A, 0x1A, 0x2A, 0x1B, 0x32, 0x3B, 0x2A, 0x19, 0x2A, 0x1A,
    0x2A, 0x1B, 0x2A, 0x1B, 0x2A, 0x1A, 0x2A, 0x1A, 0x2A, 0x1A, 0x29, 0xF9, 0x29, 0xF9, 0x29, 0xF8,
    0x29, 0xF9, 0x2A, 0x1B, 0x32, 0x3B, 0x32, 0x3C, 0x21, 0xB5, 0x00, 0x00, 0x53, 0x3A, 0x63, 0xDF,
    0x63, 0xDF, 0x63, 0xDF, 0x63, 0xDF, 0x63, 0xDF, 0x6B, 0xFF, 0x6B, 0xFF, 0x63, 0xDF, 0x6B, 0xDF,
    0x6B, 0xFF, 0x6B, 0xFF, 0x63, 0xDF, 0x6B, 0xDF, 0x6B, 0xFF, 0x6C, 0x1F, 0x6C, 0x1F, 0x6B, 0xFF,
    0x6B, 0xFF, 0x63, 0xDF, 0x63, 0xDF, 0x63, 0xBF, 0x63, 0xDF, 0x6B, 0xFF, 0x6B, 0xFF, 0x6C, 0x1F,
    0x6C, 0x1F, 0x6B, 0xFF, 0x63, 0xDF, 0x63, 0xBF, 0x63, 0xBF, 0x63, 0xBF, 0x63, 0xBF, 0x63, 0xDF,
    0x63, 0xDF, 0x6B, 0xFF, 0x6C, 0x1F, 0x6C, 0x1F, 0x6C, 0x1F, 0x6C, 0x1F, 0x6C, 0x1F, 0x6C, 0x1F,
    0x6C, 0x1F, 0x6B, 0xFF, 0x63, 0xDF, 0x63, 0xBF, 0x63, 0xDF, 0x63, 0xDF, 0x63, 0xDF, 0x63, 0xDF,
    0x63, 0xDF, 0x63, 0xDF, 0x63, 0xDF, 0x63, 0xDF, 0x63, 0xDF, 0x63, 0xDF, 0x6B, 0xFF, 0x6B, 0xFF,
    0x6B, 0xDF, 0x6C, 0x1F, 0x6C, 0x1F, 0x6B, 0xFF, 0x6B, 0xFF, 0x63, 0xDF, 0x63, 0xDF, 0x63, 0xDF,
    0x63, 0xDF, 0x63, 0xDF, 0x63, 0xDF, 0x63, 0xDF, 0x63, 0xDF, 0x63, 0xDF, 0x63, 0xDF, 0x63, 0xDF,
    0x6B, 0xDF, 0x6B, 0xFF, 0x6B, 0xFF, 0x6C, 0x1F, 0x6B, 0xFF, 0x6B, 0xFF, 0x6B, 0xFF, 0x6B, 0xFF,
    0x2A, 0x1A, 0x2A, 0x19, 0x2A, 0x1A, 0x29, 0xF9, 0x2A, 0x1A, 0x2A, 0x1B, 0x2A, 0x1A, 0x2A, 0x1A,
    0x29, 0xF9, 0x29, 0xF9, 0x2A, 0x1A, 0x2A, 0x1A, 0x2A, 0x1A, 0x2A, 0x1A, 0x2A, 0x1A, 0x2A, 0x1A,
    0x2A, 0x1A, 0x2A, 0x1A, 0x2A, 0x1A, 0x29, 0xF9, 0x29, 0xF8, 0x29, 0xF9, 0x2A, 0x1B, 0x32, 0x3D,
    0x32, 0x3C, 0x32, 0x3C, 0x2A, 0x1B, 0x29, 0xF8, 0x29, 0xD7, 0x29, 0xF8, 0x29, 0xF9, 0x29, 0xF9,
    0x2A, 0x1A, 0x2A, 0x1A, 0x2A, 0x1B, 0x32, 0x3C, 0x32, 0x3C, 0x2A, 0x1B, 0x2A, 0x3B, 0x32, 0x3C,
    0x32, 0x3C, 0x32, 0x3C, 0x32, 0x3B, 0x2A, 0x19, 0x2A, 0x18, 0x29, 0xF8, 0x2A, 0x19, 0x32, 0x1A,
    0x2A, 0x1A, 0x2A, 0x1A, 0x2A, 0x1A, 0x2A, 0x1A, 0x2A, 0x1A, 0x2A, 0x19, 0x29, 0xF9, 0x29, 0xF9,
    0x2A, 0x1A, 0x2A, 0x1A, 0x2A, 0x1B, 0x32, 0x3C, 0x32, 0x3C, 0x2A, 0x1B, 0x2A, 0x1A, 0x2A, 0x1A,
    0x2A, 0x1A, 0x2A, 0x1A, 0x2A, 0x1A, 0x2A, 0x1A, 0x2A, 0x1A, 0x2A, 0x1A, 0x29, 0xF9, 0x29, 0xF9,
    0x29, 0xF9, 0x29, 0xF9, 0x2A, 0x1A, 0x2A, 0x1A, 0x2A, 0x1A, 0x2A, 0x1A, 0x29, 0xF9, 0x00, 0x00,
    0xAD, 0x75, 0x00, 0x00, 0x00, 0x00, 0x00, 0x00, 0x00, 0x00, 0x00, 0x00, 0x00, 0x00, 0x00, 0x00,
    0x00, 0x00, 0x00, 0x00, 0x00, 0x00, 0x00, 0x00, 0x00, 0x00, 0x00, 0x00, 0x00, 0x00, 0x00, 0x00,
    0x00, 0x00, 0x00, 0x00, 0x00, 0x00, 0x00, 0x00, 0x00, 0x00, 0x00, 0x00, 0x00, 0x00, 0x00, 0x00,
    0x00, 0x00, 0x00, 0x00, 0x00, 0x00, 0x00, 0x00, 0x00, 0x00, 0x00, 0x00, 0x00, 0x00, 0x00, 0x00,
    0x00, 0x00, 0x00, 0x00, 0x00, 0x00, 0x00, 0x00, 0x00, 0x00, 0x00, 0x00, 0x00, 0x00, 0x00, 0x00,
    0x00, 0x00, 0x00, 0x00, 0x00, 0x00, 0x00, 0x00, 0x00, 0x00, 0x00, 0x00, 0x00, 0x00, 0x00, 0x00,
    0x00, 0x00, 0x00, 0x00, 0x00, 0x00, 0x00, 0x00, 0x00, 0x00, 0x00, 0x00, 0x00, 0x00, 0x00, 0x00,
    0x00, 0x00, 0x00, 0x00, 0x00, 0x00, 0x00, 0x00, 0x00, 0x00, 0x00, 0x00, 0x00, 0x00, 0x00, 0x00,
    0x00, 0x00, 0x00, 0x00, 0x00, 0x00, 0x00, 0x00, 0x00, 0x00, 0x00, 0x00, 0x00, 0x00, 0x00, 0x00,
    0x00, 0x00, 0x00, 0x00, 0x00, 0x00, 0xAD, 0x75, 0x00, 0x00, 0x32, 0x1A, 0x2A, 0x1A, 0x2A, 0x19,
    0x29, 0xF9, 0x2A, 0x19, 0x32, 0x3B, 0x32, 0x5D, 0x32, 0x5D, 0x32, 0x5C, 0x32, 0x3B, 0x29, 0xF8,
    0x29, 0xD7, 0x2A, 0x18, 0x2A, 0x19, 0x29, 0xF9, 0x2A, 0x1A, 0x2A, 0x1A, 0x2A, 0x1B, 0x32, 0x3C,
    0x32, 0x3C, 0x2A, 0x1B, 0x2A, 0x3B, 0x32, 0x3C, 0x32, 0x3C, 0x32, 0x3C, 0x2A, 0x1B, 0x29, 0xF9,
    0x29, 0xD8, 0x29, 0xD8, 0x29, 0xF9, 0x2A, 0x1A, 0x2A, 0x1A, 0x29, 0xFA, 0x29, 0xF9, 0x29, 0xF9,
    0x2A, 0x1A, 0x2A, 0x19, 0x29, 0xF8, 0x29, 0xF8, 0x2A, 0x1A, 0x2A, 0x1A, 0x2A, 0x1A, 0x32, 0x3C,
    0x32, 0x3C, 0x2A, 0x1B, 0x2A, 0x1A, 0x29, 0xFA, 0x2A, 0x1A, 0x2A, 0x1A, 0x2A, 0x1A, 0x2A, 0x1A,
    0x2A, 0x1A, 0x2A, 0x1A, 0x2A, 0x1A, 0x2A, 0x19, 0x2A, 0x1A, 0x2A, 0x1A, 0x2A, 0x1A, 0x32, 0x3B,
    0x2A, 0x1B, 0x32, 0x1A, 0x2A, 0x1A, 0x2A, 0x19, 0x32, 0x3A, 0x32, 0x1A, 0x2A, 0x1A, 0x32, 0x3A,
    0x32, 0x3B, 0x32, 0x1A, 0x2A, 0x1A, 0x32, 0x1A, 0x32, 0x1A, 0x2A, 0x19, 0x29, 0xF9, 0x29, 0xF9,
    0x2A, 0x1B, 0x32, 0x3D, 0x32, 0x3D, 0x32, 0x3C, 0x21, 0xB6, 0x00, 0x00, 0x53, 0x3A, 0x63, 0xDF,
    0x63, 0xDF, 0x63, 0xDF, 0x63, 0xDF, 0x6B, 0xFF, 0x6B, 0xFF, 0x63, 0xDF, 0x63, 0xDF, 0x63, 0xDF,
    0x63, 0xDF, 0x63, 0xFF, 0x6B, 0xFF, 0x6B, 0xFF, 0x6C, 0x1F, 0x6C, 0x1F, 0x6B, 0xFF, 0x6C, 0x1F,
    0x6C, 0x1F, 0x63, 0xDF, 0x63, 0xDF, 0x63, 0xDF, 0x6B, 0xFF, 0x6C, 0x1F, 0x6C, 0x1F, 0x6B, 0xFF,
    0x6B, 0xFF, 0x63, 0xBF, 0x63, 0xBE, 0x63, 0xBF, 0x63, 0xDF, 0x63, 0xDF, 0x6B, 0xFF, 0x6B, 0xFF,
    0x6C, 0x1F, 0x74, 0x3F, 0x6C, 0x3F, 0x6C, 0x1F, 0x6C, 0x1F, 0x6C, 0x1F, 0x6C, 0x1F, 0x6B, 0xFF,
    0x6B, 0xFF, 0x63, 0xBF, 0x63, 0xBF, 0x63, 0xBF, 0x63, 0xDF, 0x63, 0xDF, 0x63, 0xDF, 0x63, 0xDF,
    0x63, 0xDF, 0x63, 0xDF, 0x63, 0xDF, 0x6B, 0xDF, 0x6B, 0xDF, 0x6B, 0xDF, 0x6B, 0xFF, 0x6C, 0x1F,
    0x6C, 0x1F, 0x74, 0x3F, 0x6C, 0x1F, 0x6B, 0xFF, 0x63, 0xDF, 0x63, 0xDF, 0x63, 0xDF, 0x63, 0xDF,
    0x63, 0xDF, 0x63, 0xDF, 0x63, 0xDF, 0x63, 0xDF, 0x63, 0xDF, 0x63, 0xDF, 0x63, 0xDF, 0x6B, 0xFF,
    0x6B, 0xFF, 0x6C, 0x1F, 0x6C, 0x1F, 0x6C, 0x1F, 0x6B, 0xFF, 0x6B, 0xFF, 0x6B, 0xFF, 0x6B, 0xFF,
    0x2A, 0x1A, 0x2A, 0x1A, 0x32, 0x1A, 0x2A, 0x1B, 0x2A, 0x3B, 0x2A, 0x3B, 0x2A, 0x1B, 0x2A, 0x1A,
    0x2A, 0x1A, 0x2A, 0x1A, 0x2A, 0x1B, 0x2A, 0x3B, 0x2A, 0x3B, 0x2A, 0x1A, 0x2A, 0x1A, 0x2A, 0x1A,
    0x2A, 0x1A, 0x2A, 0x1A, 0x2A, 0x1A, 0x29, 0xF9, 0x29, 0xF9, 0x2A, 0x1B, 0x32, 0x3C, 0x32, 0x3D,
    0x32, 0x3C, 0x2A, 0x1A, 0x29, 0xF8, 0x21, 0xD7, 0x29, 0xF8, 0x2A, 0x1A, 0x32, 0x1A, 0x2A, 0x1A,
    0x32, 0x3B, 0x32, 0x3B, 0x32, 0x3C, 0x32, 0x3C, 0x32, 0x3B, 0x2A, 0x19, 0x2A, 0x1A, 0x32, 0x1A,
    0x2A, 0x19, 0x29, 0xF8, 0x2A, 0x18, 0x29, 0xF7, 0x29, 0xF8, 0x2A, 0x19, 0x32, 0x3A, 0x32, 0x3B,
    0x32, 0x1A, 0x2A, 0x1A, 0x2A, 0x1A, 0x32, 0x1A, 0x32, 0x3B, 0x32, 0x1A, 0x2A, 0x1A, 0x2A, 0x1A,
    0x32, 0x3B, 0x32, 0x3C, 0x32, 0x3B, 0x32, 0x3C, 0x32, 0x3B, 0x2A, 0x1A, 0x29, 0xF9, 0x29, 0xF9,
    0x29, 0xF9, 0x2A, 0x19, 0x2A, 0x1A, 0x2A, 0x1A, 0x2A, 0x1B, 0x2A, 0x1B, 0x2A, 0x1A, 0x2A, 0x1A,
    0x2A, 0x1A, 0x2A, 0x1B, 0x2A, 0x3B, 0x2A, 0x1B, 0x2A, 0x1B, 0x2A, 0x1A, 0x2A, 0x1A, 0x00, 0x00,
    0xAD, 0x75, 0x00, 0x00, 0x00, 0x00, 0x00, 0x00, 0x00, 0x00, 0x00, 0x00, 0x00, 0x00, 0x00, 0x00,
    0x00, 0x00, 0x00, 0x00, 0x00, 0x00, 0x00, 0x00, 0x00, 0x00, 0x00, 0x00, 0x00, 0x00, 0x00, 0x00,
    0x00, 0x00, 0x00, 0x00, 0x00, 0x00, 0x00, 0x00, 0x00, 0x00, 0x00, 0x00, 0x00, 0x00, 0x00, 0x00,
    0x00, 0x00, 0x00, 0x00, 0x00, 0x00, 0x00, 0x00, 0x00, 0x00, 0x00, 0x00, 0x00, 0x00, 0x00, 0x00,
    0x00, 0x00, 0x00, 0x00, 0x00, 0x00, 0x00, 0x00, 0x00, 0x00, 0x00, 0x00, 0x00, 0x00, 0x00, 0x00,
    0x00, 0x00, 0x00, 0x00, 0x00, 0x00, 0x00, 0x00, 0x00, 0x00, 0x00, 0x00, 0x00, 0x00, 0x00, 0x00,
    0x00, 0x00, 0x00, 0x00, 0x00, 0x00, 0x00, 0x00, 0x00, 0x00, 0x00, 0x00, 0x00, 0x00, 0x00, 0x00,
    0x00, 0x00, 0x00, 0x00, 0x00, 0x00, 0x00, 0x00, 0x00, 0x00, 0x00, 0x00, 0x00, 0x00, 0x00, 0x00,
    0x00, 0x00, 0x00, 0x00, 0x00, 0x00, 0x00, 0x00, 0x00, 0x00, 0x00, 0x00, 0x00, 0x00, 0x00, 0x00,
    0x00, 0x00, 0x00, 0x00, 0x00, 0x00, 0xAD, 0x75, 0x00, 0x00, 0x32, 0x1A, 0x2A, 0x1A, 0x2A, 0x19,
    0x2A, 0x19, 0x32, 0x3B, 0x32, 0x5C, 0x32, 0x5D, 0x32, 0x5C, 0x32, 0x3A, 0x29, 0xF8, 0x29, 0xF7,
    0x29, 0xF8, 0x2A, 0x1A, 0x32, 0x1A, 0x32, 0x1A, 0x32, 0x3B, 0x32, 0x3B, 0x32, 0x3C, 0x32, 0x3C,
    0x32, 0x3B, 0x2A, 0x19, 0x2A, 0x1A, 0x2A, 0x1A, 0x2A, 0x19, 0x29, 0xF8, 0x29, 0xF8, 0x29, 0xD7,
    0x29, 0xD8, 0x29, 0xF9, 0x2A, 0x1A, 0x2A, 0x1B, 0x2A, 0x1A, 0x2A, 0x1A, 0x2A, 0x1A, 0x2A, 0x1A,
    0x2A, 0x1B, 0x2A, 0x1A, 0x2A, 0x1A, 0x2A, 0x1A, 0x2A, 0x1B, 0x32, 0x3C, 0x2A, 0x1B, 0x32, 0x3C,
    0x2A, 0x3B, 0x2A, 0x1A, 0x29, 0xF9, 0x29, 0xF9, 0x29, 0xF9, 0x2A, 0x19, 0x2A, 0x1A, 0x32, 0x1A,
    0x32, 0x3B, 0x32, 0x3B, 0x2A, 0x1A, 0x2A, 0x1A, 0x32, 0x1A, 0x32, 0x3B, 0x32, 0x3B, 0x32, 0x3B,
    0x32, 0x3B, 0x32, 0x1A, 0x32, 0x1A, 0x2A, 0x1A, 0x32, 0x3B, 0x32, 0x5B, 0x32, 0x5B, 0x32, 0x3B,
    0x32, 0x3B, 0x32, 0x3A, 0x32, 0x1A, 0x32, 0x1A, 0x2A, 0x1A, 0x29, 0xF9, 0x29, 0xF9, 0x32, 0x3B,
    0x32, 0x5C, 0x32, 0x5D, 0x32, 0x3C, 0x2A, 0x1A, 0x21, 0xB6, 0x00, 0x00, 0x53, 0x3A, 0x6B, 0xDF,
    0x63, 0xFF, 0x6B, 0xFF, 0x6B, 0xFF, 0x6B, 0xFF, 0x6B, 0xFF, 0x63, 0xDF, 0x63, 0xDF, 0x63, 0xDF,
    0x6B, 0xFF, 0x6C, 0x1F, 0x6C, 0x1F, 0x6C, 0x1F, 0x6C, 0x1F, 0x6C, 0x1F, 0x6B, 0xFF, 0x6C, 0x1F,
    0x6B, 0xFF, 0x6B, 0xDF, 0x63, 0xDF, 0x6B, 0xFF, 0x6C, 0x1F, 0x6C, 0x1F, 0x6B, 0xFF, 0x63, 0xDF,
    0x63, 0xBF, 0x63, 0x9E, 0x63, 0xBF, 0x63, 0xDF, 0x6B, 0xFF, 0x6B, 0xFF, 0x6B, 0xFF, 0x6C, 0x1F,
    0x6C, 0x1F, 0x6C, 0x3F, 0x6C, 0x1F, 0x6B, 0xFF, 0x6B, 0xFF, 0x6B, 0xFF, 0x63, 0xDF, 0x63, 0xDF,
    0x63, 0xDF, 0x63, 0xBF, 0x63, 0xBF, 0x63, 0xBF, 0x63, 0xDF, 0x6B, 0xFF, 0x6B, 0xDF, 0x63, 0xDF,
    0x63, 0xDF, 0x6B, 0xFF, 0x6B, 0xFF, 0x6C, 0x1F, 0x6B, 0xFF, 0x6B, 0xFF, 0x6C, 0x1F, 0x6C, 0x1F,
    0x6C, 0x1F, 0x6C, 0x1F, 0x6C, 0x1F, 0x6B, 0xFF, 0x6B, 0xDF, 0x63, 0xDF, 0x63, 0xBF, 0x63, 0xDF,
    0x63, 0xDF, 0x63, 0xDF, 0x6B, 0xDF, 0x6B, 0xFF, 0x63, 0xDF, 0x6B, 0xDF, 0x6B, 0xFF, 0x6B, 0xFF,
    0x6C, 0x1F, 0x6C, 0x1F, 0x6C, 0x1F, 0x6B, 0xFF, 0x6B, 0xFF, 0x6B, 0xFF, 0x6C, 0x1F, 0x6B, 0xFF,
    0x32, 0x1A, 0x32, 0x3B, 0x32, 0x3C, 0x32, 0x3C, 0x32, 0x3B, 0x32, 0x3B, 0x32, 0x1A, 0x32, 0x3A,
    0x2A, 0x1A, 0x32, 0x1A, 0x32, 0x3C, 0x32, 0x3C, 0x2A, 0x1B, 0x2A, 0x1A, 0x2A, 0x19, 0x2A, 0x1A,
    0x2A, 0x1A, 0x2A, 0x1A, 0x2A, 0x1A, 0x29, 0xF9, 0x2A, 0x1A, 0x32, 0x3D, 0x32, 0x5D, 0x32, 0x5C,
    0x2A, 0x1A, 0x29, 0xF8, 0x29, 0xF8, 0x29, 0xF8, 0x2A, 0x1A, 0x32, 0x3B, 0x32, 0x3B, 0x2A, 0x1A,
    0x32, 0x3B, 0x32, 0x5C, 0x32, 0x3B, 0x32, 0x3B, 0x2A, 0x19, 0x29, 0xF8, 0x32, 0x19, 0x32, 0x3A,
    0x32, 0x19, 0x2A, 0x18, 0x2A, 0x18, 0x29, 0xF8, 0x2A, 0x19, 0x32, 0x19, 0x32, 0x3A, 0x32, 0x3B,
    0x32, 0x3A, 0x32, 0x19, 0x32, 0x19, 0x32, 0x3A, 0x32, 0x5B, 0x32, 0x3B, 0x32, 0x3A, 0x32, 0x3B,
    0x32, 0x3C, 0x32, 0x5C, 0x32, 0x1A, 0x32, 0x1A, 0x32, 0x1A, 0x2A, 0x19, 0x29, 0xF8, 0x29, 0xF8,
    0x29, 0xF9, 0x2A, 0x19, 0x32, 0x1A, 0x32, 0x1A, 0x32, 0x3B, 0x2A, 0x3B, 0x32, 0x3B, 0x2A, 0x1B,
    0x32, 0x3C, 0x32, 0x3C, 0x2A, 0x3B, 0x2A, 0x1B, 0x2A, 0x1A, 0x2A, 0x1A, 0x2A, 0x1A, 0x00, 0x00,
    0xAD, 0x75, 0x00, 0x00, 0x00, 0x00, 0x00, 0x00, 0x00, 0x00, 0x00, 0x00, 0x00, 0x00, 0x00, 0x00,
    0x00, 0x00, 0x00, 0x00, 0x00, 0x00, 0x00, 0x00, 0x00, 0x00, 0x00, 0x00, 0x00, 0x00, 0x00, 0x00,
    0x00, 0x00, 0x00, 0x00, 0x00, 0x00, 0x00, 0x00, 0x00, 0x00, 0x00, 0x00, 0x00, 0x00, 0x00, 0x00,
    0x00, 0x00, 0x00, 0x00, 0x00, 0x00, 0x00, 0x00, 0x00, 0x00, 0x00, 0x00, 0x00, 0x00, 0x00, 0x00,
    0x00, 0x00, 0x00, 0x00, 0x00, 0x00, 0x00, 0x00, 0x00, 0x00, 0x00, 0x00, 0x00, 0x00, 0x00, 0x00,
    0x00, 0x00, 0x00, 0x00, 0x00, 0x00, 0x00, 0x00, 0x00, 0x00, 0x00, 0x00, 0x00, 0x00, 0x00, 0x00,
    0x00, 0x00, 0x00, 0x00, 0x00, 0x00, 0x00, 0x00, 0x00, 0x00, 0x00, 0x00, 0x00, 0x00, 0x00, 0x00,
    0x00, 0x00, 0x00, 0x00, 0x00, 0x00, 0x00, 0x00, 0x00, 0x00, 0x00, 0x00, 0x00, 0x00, 0x00, 0x00,
    0x00, 0x00, 0x00, 0x00, 0x00, 0x00, 0x00, 0x00, 0x00, 0x00, 0x00, 0x00, 0x00, 0x00, 0x00, 0x00,
    0x00, 0x00, 0x00, 0x00, 0x00, 0x00, 0xAD, 0x75, 0x00, 0x00, 0x32, 0x3A, 0x32, 0x3A, 0x2A, 0x19,
    0x32, 0x3A, 0x32, 0x5D, 0x32, 0x7D, 0x32, 0x5C, 0x32, 0x3A, 0x2A, 0x18, 0x29, 0xF8, 0x2A, 0x18,
    0x32, 0x3A, 0x32, 0x5B, 0x32, 0x3B, 0x32, 0x3A, 0x32, 0x3B, 0x32, 0x5C, 0x32, 0x5B, 0x32, 0x3B,
    0x29, 0xF9, 0x29, 0xF8, 0x2A, 0x19, 0x32, 0x1A, 0x2A, 0x19, 0x29, 0xF8, 0x29, 0xF8, 0x29, 0xF8,
    0x29, 0xF9, 0x2A, 0x19, 0x2A, 0x1A, 0x32, 0x3B, 0x2A, 0x1A, 0x29, 0xF9, 0x29, 0xF9, 0x2A, 0x1A,
    0x2A, 0x3B, 0x2A, 0x1B, 0x2A, 0x1A, 0x2A, 0x1B, 0x32, 0x3C, 0x32, 0x3C, 0x32, 0x1A, 0x2A, 0x1A,
    0x32, 0x1A, 0x2A, 0x19, 0x29, 0xF8, 0x29, 0xF8, 0x29, 0xF9, 0x2A, 0x19, 0x32, 0x1A, 0x32, 0x1A,
    0x32, 0x3B, 0x32, 0x3B, 0x32, 0x3B, 0x32, 0x3B, 0x32, 0x5C, 0x32, 0x5C, 0x32, 0x5B, 0x32, 0x3B,
    0x32, 0x3A, 0x32, 0x3A, 0x32, 0x3A, 0x32, 0x3A, 0x32, 0x5C, 0x32, 0x5C, 0x32, 0x3B, 0x32, 0x3A,
    0x32, 0x1A, 0x32, 0x3A, 0x32, 0x3A, 0x32, 0x3A, 0x32, 0x3A, 0x2A, 0x19, 0x32, 0x3A, 0x32, 0x5D,
    0x32, 0x7D, 0x32, 0x5C, 0x2A, 0x1A, 0x29, 0xF8, 0x21, 0xB6, 0x00, 0x00, 0x5B, 0x5A, 0x6B, 0xFF,
    0x6C, 0x1F, 0x6C, 0x1F, 0x6B, 0xFF, 0x6B, 0xFF, 0x63, 0xFF, 0x63, 0xDF, 0x6B, 0xFF, 0x6B, 0xFF,
    0x6C, 0x1F, 0x6C, 0x3F, 0x6C, 0x1F, 0x6B, 0xFF, 0x6C, 0x1F, 0x74, 0x1F, 0x6C, 0x1F, 0x6C, 0x1F,
    0x6B, 0xFF, 0x6B, 0xFF, 0x6B, 0xFF, 0x74, 0x3F, 0x6C, 0x3F, 0x6C, 0x1F, 0x63, 0xDF, 0x63, 0xBF,
    0x63, 0xBF, 0x63, 0xBF, 0x6B, 0xFF, 0x6B, 0xFF, 0x6B, 0xFF, 0x6B, 0xFF, 0x6C, 0x1F, 0x6C, 0x1F,
    0x6C, 0x1F, 0x6C, 0x1F, 0x6C, 0x1F, 0x6B, 0xDF, 0x6B, 0xFF, 0x6C, 0x1F, 0x6B, 0xFF, 0x6B, 0xDF,
    0x63, 0xBF, 0x63, 0xBF, 0x63, 0xDF, 0x63, 0xDF, 0x63, 0xDF, 0x6B, 0xFF, 0x63, 0xFF, 0x6B, 0xDF,
    0x6B, 0xDF, 0x6C, 0x1F, 0x6C, 0x1F, 0x6C, 0x1F, 0x6B, 0xFF, 0x74, 0x1F, 0x74, 0x5F, 0x74, 0x3F,
    0x6C, 0x1F, 0x6B, 0xFF, 0x6B, 0xFF, 0x6B, 0xFF, 0x6B, 0xDF, 0x63, 0xDF, 0x63, 0xDF, 0x63, 0xDF,
    0x63, 0xDF, 0x6B, 0xDF, 0x6B, 0xFF, 0x6B, 0xFF, 0x6B, 0xFF, 0x6B, 0xFF, 0x6C, 0x1F, 0x6C, 0x1F,
    0x6C, 0x1F, 0x6C, 0x1F, 0x6C, 0x1F, 0x74, 0x1F, 0x6C, 0x1F, 0x6C, 0x1F, 0x6C, 0x1F, 0x6C, 0x1F,
    0x32, 0x3A, 0x32, 0x5B, 0x32, 0x5B, 0x32, 0x5B, 0x32, 0x3B, 0x32, 0x3A, 0x32, 0x3A, 0x2A, 0x1A,
    0x2A, 0x1A, 0x32, 0x3B, 0x32, 0x3B, 0x32, 0x3B, 0x2A, 0x19, 0x29, 0xF8, 0x29, 0xF9, 0x2A, 0x1A,
    0x32, 0x1A, 0x2A, 0x1A, 0x32, 0x1A, 0x2A, 0x1A, 0x32, 0x3C, 0x32, 0x5D, 0x32, 0x5D, 0x2A, 0x1A,
    0x29, 0xF9, 0x2A, 0x19, 0x32, 0x19, 0x32, 0x3A, 0x32, 0x3B, 0x32, 0x5B, 0x32, 0x3A, 0x32, 0x19,
    0x32, 0x3B, 0x32, 0x5C, 0x32, 0x5C, 0x32, 0x3B, 0x32, 0x1A, 0x32, 0x3A, 0x32, 0x3B, 0x32, 0x3B,
    0x32, 0x3A, 0x2A, 0x19, 0x2A, 0x19, 0x32, 0x39, 0x32, 0x3A, 0x32, 0x5B, 0x32, 0x5A, 0x32, 0x5B,
    0x32, 0x3B, 0x32, 0x1A, 0x32, 0x3B, 0x32, 0x5C, 0x32, 0x5B, 0x32, 0x5B, 0x32, 0x3A, 0x32, 0x5B,
    0x32, 0x5C, 0x32, 0x3B, 0x32, 0x1A, 0x32, 0x19, 0x32, 0x3A, 0x32, 0x19, 0x32, 0x19, 0x32, 0x19,
    0x32, 0x3A, 0x32, 0x3B, 0x32, 0x3B, 0x32, 0x3B, 0x32, 0x3B, 0x32, 0x3B, 0x32, 0x3B, 0x32, 0x3B,
    0x32, 0x3B, 0x32, 0x3B, 0x32, 0x3B, 0x32, 0x1A, 0x2A, 0x1A, 0x2A, 0x1A, 0x2A, 0x1A, 0x00, 0x00,
    0xAD, 0x75, 0x00, 0x00, 0x00, 0x00, 0x00, 0x00, 0x00, 0x00, 0x00, 0x00, 0x00, 0x00, 0x00, 0x00,
    0x00, 0x00, 0x00, 0x00, 0x00, 0x00, 0x00, 0x00, 0x00, 0x00, 0x00, 0x00, 0x00, 0x00, 0x00, 0x00,
    0x00, 0x00, 0x00, 0x00, 0x00, 0x00, 0x00, 0x00, 0x00, 0x00, 0x00, 0x00, 0x00, 0x00, 0x00, 0x00,
    0x00, 0x00, 0x00, 0x00, 0x00, 0x00, 0x00, 0x00, 0x00, 0x00, 0x00, 0x00, 0x00, 0x00, 0x00, 0x00,
    0x00, 0x00, 0x00, 0x00, 0x00, 0x00, 0x00, 0x00, 0x00, 0x00, 0x00, 0x00, 0x00, 0x00, 0x00, 0x00,
    0x00, 0x00, 0x00, 0x00, 0x00, 0x00, 0x00, 0x00, 0x00, 0x00, 0x00, 0x00, 0x00, 0x00, 0x00, 0x00,
    0x00, 0x00, 0x00, 0x00, 0x00, 0x00, 0x00, 0x00, 0x00, 0x00, 0x00, 0x00, 0x00, 0x00, 0x00, 0x00,
    0x00, 0x00, 0x00, 0x00, 0x00, 0x00, 0x00, 0x00, 0x00, 0x00, 0x00, 0x00, 0x00, 0x00, 0x00, 0x00,
    0x00, 0x00, 0x00, 0x00, 0x00, 0x00, 0x00, 0x00, 0x00, 0x00, 0x00, 0x00, 0x00, 0x00, 0x00, 0x00,
    0x00, 0x00, 0x00, 0x00, 0x00, 0x00, 0xAD, 0x75, 0x00, 0x00, 0x32, 0x3A, 0x32, 0x1A, 0x32, 0x3A,
    0x32, 0x5C, 0x3A, 0x7D, 0x32, 0x5D, 0x32, 0x3A, 0x2A, 0x19, 0x32, 0x19, 0x32, 0x19, 0x32, 0x3A,
    0x32, 0x3B, 0x32, 0x5B, 0x32, 0x3A, 0x32, 0x1A, 0x32, 0x3B, 0x32, 0x5C, 0x32, 0x5C, 0x32, 0x3B,
    0x32, 0x1A, 0x32, 0x3A, 0x32, 0x3B, 0x32, 0x3B, 0x32, 0x3A, 0x2A, 0x19, 0x2A, 0x19, 0x2A, 0x19,
    0x32, 0x3A, 0x32, 0x1A, 0x32, 0x1A, 0x32, 0x3B, 0x32, 0x3B, 0x2A, 0x1A, 0x32, 0x1A, 0x32, 0x3B,
    0x32, 0x3B, 0x32, 0x1A, 0x2A, 0x1A, 0x32, 0x3B, 0x32, 0x3C, 0x32, 0x3B, 0x2A, 0x1A, 0x2A, 0x19,
    0x32, 0x3A, 0x32, 0x19, 0x2A, 0x19, 0x32, 0x19, 0x32, 0x3A, 0x32, 0x3B, 0x32, 0x5B, 0x32, 0x3B,
    0x32, 0x3B, 0x32, 0x5B, 0x32, 0x5B, 0x32, 0x5B, 0x32, 0x5B, 0x32, 0x5B, 0x32, 0x5B, 0x32, 0x3A,
    0x32, 0x3A, 0x32, 0x1A, 0x32, 0x3A, 0x32, 0x5B, 0x32, 0x5B, 0x32, 0x5B, 0x32, 0x3A, 0x32, 0x18,
    0x32, 0x39, 0x32, 0x3A, 0x32, 0x3B, 0x32, 0x3A, 0x32, 0x1A, 0x32, 0x3A, 0x32, 0x5C, 0x32, 0x7D,
    0x32, 0x5D, 0x32, 0x3A, 0x2A, 0x19, 0x2A, 0x19, 0x29, 0xD6, 0x00, 0x00, 0x5B, 0x5A, 0x6C, 0x1F,
    0x6C, 0x1F, 0x6C, 0x1F, 0x6B, 0xFF, 0x63, 0xFF, 0x63, 0xDF, 0x6B, 0xDF, 0x6B, 0xFF, 0x6C, 0x1F,
    0x6C, 0x1F, 0x6C, 0x1F, 0x6C, 0x1F, 0x6B, 0xFF, 0x6B, 0xFF, 0x74, 0x1F, 0x74, 0x3F, 0x6C, 0x1F,
    0x6C, 0x1F, 0x6C, 0x1F, 0x6C, 0x1F, 0x74, 0x3F, 0x74, 0x3F, 0x6B, 0xFF, 0x63, 0xDF, 0x63, 0xDF,
    0x63, 0xDF, 0x6B, 0xFF, 0x6B, 0xFF, 0x6C, 0x1F, 0x6B, 0xFF, 0x6B, 0xFF, 0x74, 0x1F, 0x74, 0x3F,
    0x74, 0x3F, 0x74, 0x3F, 0x6C, 0x1F, 0x74, 0x1F, 0x74, 0x1F, 0x74, 0x3F, 0x6B, 0xFF, 0x6B, 0xDF,
    0x6B, 0xDF, 0x6B, 0xFF, 0x6B, 0xFF, 0x63, 0xFF, 0x63, 0xFF, 0x6B, 0xFF, 0x6B, 0xFF, 0x6B, 0xFF,
    0x6C, 0x1F, 0x6C, 0x1F, 0x6C, 0x1F, 0x6C, 0x1F, 0x6C, 0x1F, 0x74, 0x3F, 0x74, 0x5F, 0x74, 0x3F,
    0x6C, 0x1F, 0x6C, 0x1F, 0x6C, 0x1F, 0x6B, 0xFF, 0x6B, 0xFF, 0x6B, 0xFF, 0x6B, 0xFF, 0x6B, 0xFF,
    0x6B, 0xFF, 0x6B, 0xFF, 0x6B, 0xFF, 0x6B, 0xFF, 0x6C, 0x1F, 0x6C, 0x1F, 0x6C, 0x1F, 0x74, 0x3F,
    0x74, 0x3F, 0x6C, 0x1F, 0x74, 0x1F, 0x6C, 0x1F, 0x74, 0x1F, 0x6C, 0x1F, 0x74, 0x3F, 0x6C, 0x1F,
    0x32, 0x3B, 0x32, 0x3B, 0x32, 0x3A, 0x32, 0x3A, 0x32, 0x3B, 0x32, 0x3A, 0x32, 0x19, 0x32, 0x1A,
    0x32, 0x3A, 0x32, 0x3B, 0x32, 0x3B, 0x32, 0x3A, 0x32, 0x3A, 0x32, 0x19, 0x32, 0x3A, 0x32, 0x3A,
    0x32, 0x3B, 0x32, 0x3A, 0x32, 0x19, 0x32, 0x3B, 0x32, 0x5C, 0x32, 0x5C, 0x32, 0x3A, 0x29, 0xF7,
    0x29, 0xF7, 0x2A, 0x19, 0x32, 0x3A, 0x32, 0x3B, 0x32, 0x3B, 0x32, 0x3B, 0x32, 0x1A, 0x32, 0x3A,
    0x32, 0x5B, 0x32, 0x5C, 0x32, 0x5B, 0x32, 0x3B, 0x32, 0x3B, 0x32, 0x5B, 0x32, 0x5C, 0x32, 0x5B,
    0x32, 0x5B, 0x32, 0x39, 0x32, 0x39, 0x32, 0x5A, 0x32, 0x5B, 0x32, 0x5C, 0x32, 0x5C, 0x3A, 0x7C,
    0x32, 0x5C, 0x32, 0x5B, 0x32, 0x5C, 0x32, 0x5D, 0x32, 0x3B, 0x32, 0x3A, 0x32, 0x3A, 0x32, 0x5C,
    0x32, 0x5C, 0x32, 0x3A, 0x32, 0x19, 0x32, 0x3A, 0x32, 0x3B, 0x32, 0x3B, 0x32, 0x3B, 0x32, 0x3B,
    0x32, 0x3B, 0x32, 0x5B, 0x32, 0x5C, 0x32, 0x5B, 0x32, 0x3A, 0x32, 0x3B, 0x32, 0x5B, 0x32, 0x3B,
    0x32, 0x3A, 0x32, 0x3A, 0x32, 0x3B, 0x32, 0x3A, 0x32, 0x19, 0x32, 0x1A, 0x32, 0x3A, 0x00, 0x00,
    0xAD, 0x75, 0x00, 0x00, 0x00, 0x00, 0x00, 0x00, 0x00, 0x00, 0x00, 0x00, 0x00, 0x00, 0x00, 0x00,
    0x00, 0x00, 0x00, 0x00, 0x00, 0x00, 0x00, 0x00, 0x00, 0x00, 0x00, 0x00, 0x00, 0x00, 0x00, 0x00,
    0x00, 0x00, 0x00, 0x00, 0x00, 0x00, 0x00, 0x00, 0x00, 0x00, 0x00, 0x00, 0x00, 0x00, 0x00, 0x00,
    0x00, 0x00, 0x00, 0x00, 0x00, 0x00, 0x00, 0x00, 0x00, 0x00, 0x00, 0x00, 0x00, 0x00, 0x00, 0x00,
    0x00, 0x00, 0x00, 0x00, 0x00, 0x00, 0x00, 0x00, 0x00, 0x00, 0x00, 0x00, 0x00, 0x00, 0x00, 0x00,
    0x00, 0x00, 0x00, 0x00, 0x00, 0x00, 0x00, 0x00, 0x00, 0x00, 0x00, 0x00, 0x00, 0x00, 0x00, 0x00,
    0x00, 0x00, 0x00, 0x00, 0x00, 0x00, 0x00, 0x00, 0x00, 0x00, 0x00, 0x00, 0x00, 0x00, 0x00, 0x00,
    0x00, 0x00, 0x00, 0x00, 0x00, 0x00, 0x00, 0x00, 0x00, 0x00, 0x00, 0x00, 0x00, 0x00, 0x00, 0x00,
    0x00, 0x00, 0x00, 0x00, 0x00, 0x00, 0x00, 0x00, 0x00, 0x00, 0x00, 0x00, 0x00, 0x00, 0x00, 0x00,
    0x00, 0x00, 0x00, 0x00, 0x00, 0x00, 0xAD, 0x75, 0x00, 0x00, 0x32, 0x3A, 0x32, 0x3A, 0x32, 0x5B,
    0x32, 0x7C, 0x32, 0x7C, 0x32, 0x3A, 0x2A, 0x17, 0x2A, 0x17, 0x32, 0x39, 0x32, 0x3A, 0x32, 0x5B,
    0x32, 0x5B, 0x32, 0x3B, 0x32, 0x1A, 0x32, 0x3A, 0x32, 0x5B, 0x32, 0x5C, 0x32, 0x5B, 0x32, 0x3B,
    0x32, 0x3B, 0x32, 0x5B, 0x32, 0x5C, 0x32, 0x5B, 0x32, 0x3A, 0x32, 0x19, 0x32, 0x19, 0x32, 0x3A,
    0x32, 0x5B, 0x32, 0x5B, 0x32, 0x5B, 0x32, 0x5C, 0x32, 0x5B, 0x32, 0x3B, 0x32, 0x5C, 0x32, 0x5D,
    0x32, 0x3B, 0x32, 0x3A, 0x32, 0x3A, 0x32, 0x5B, 0x32, 0x5C, 0x32, 0x3A, 0x32, 0x19, 0x32, 0x3A,
    0x32, 0x3B, 0x32, 0x3A, 0x32, 0x3B, 0x32, 0x3B, 0x32, 0x3B, 0x32, 0x5B, 0x32, 0x5C, 0x32, 0x5B,
    0x32, 0x3B, 0x32, 0x5B, 0x32, 0x5C, 0x32, 0x3B, 0x32, 0x3A, 0x32, 0x3B, 0x32, 0x3B, 0x32, 0x3A,
    0x32, 0x19, 0x32, 0x3A, 0x32, 0x5A, 0x32, 0x5B, 0x32, 0x5B, 0x32, 0x5B, 0x32, 0x3A, 0x32, 0x39,
    0x32, 0x3A, 0x32, 0x5B, 0x32, 0x5B, 0x32, 0x3A, 0x32, 0x1A, 0x32, 0x3B, 0x32, 0x5C, 0x32, 0x5C,
    0x32, 0x3A, 0x29, 0xF7, 0x29, 0xF7, 0x2A, 0x19, 0x29, 0xD6, 0x00, 0x00, 0x5B, 0x5A, 0x6C, 0x1F,
    0x6B, 0xFF, 0x6C, 0x1F, 0x6B, 0xFF, 0x6B, 0xFF, 0x6B, 0xDF, 0x6B, 0xFF, 0x6B, 0xFF, 0x6C, 0x1F,
    0x6C, 0x1F, 0x6C, 0x1F, 0x74, 0x1F, 0x6C, 0x1F, 0x74, 0x1F, 0x74, 0x3F, 0x74, 0x3F, 0x74, 0x1F,
    0x6C, 0x1F, 0x6C, 0x1F, 0x74, 0x3F, 0x6C, 0x1F, 0x6B, 0xFF, 0x63, 0xDF, 0x63, 0xBF, 0x63, 0xDF,
    0x6B, 0xFF, 0x6B, 0xFF, 0x6C, 0x1F, 0x6C, 0x1F, 0x6B, 0xFF, 0x6B, 0xFF, 0x74, 0x3F, 0x74, 0x5F,
    0x74, 0x3F, 0x74, 0x3F, 0x74, 0x3F, 0x74, 0x5F, 0x74, 0x3F, 0x74, 0x3F, 0x6C, 0x1F, 0x6B, 0xFF,
    0x6B, 0xFF, 0x6B, 0xFF, 0x6C, 0x1F, 0x6C, 0x1F, 0x6C, 0x1F, 0x6C, 0x1F, 0x6C, 0x1F, 0x6C, 0x1F,
    0x6C, 0x3F, 0x74, 0x3F, 0x74, 0x3F, 0x74, 0x1F, 0x74, 0x1F, 0x74, 0x3F, 0x74, 0x5F, 0x74, 0x3F,
    0x6C, 0x1F, 0x74, 0x3F, 0x6C, 0x1F, 0x6C, 0x1F, 0x6C, 0x1F, 0x6C, 0x1F, 0x6C, 0x1F, 0x6C, 0x1F,
    0x6C, 0x1F, 0x6B, 0xFF, 0x6B, 0xFF, 0x6C, 0x1F, 0x6C, 0x1F, 0x6C, 0x1F, 0x6B, 0xFF, 0x6C, 0x1F,
    0x74, 0x3F, 0x74, 0x3F, 0x74, 0x1F, 0x74, 0x1F, 0x74, 0x3F, 0x74, 0x3F, 0x74, 0x3F, 0x6C, 0x1F,
    0x32, 0x3B, 0x32, 0x3A, 0x32, 0x19, 0x32, 0x3A, 0x32, 0x3A, 0x32, 0x1A, 0x2A, 0x19, 0x32, 0x19,
    0x32, 0x3B, 0x32, 0x3B, 0x32, 0x3B, 0x32, 0x3A, 0x32, 0x3A, 0x32, 0x3A, 0x32, 0x3A, 0x32, 0x3B,
    0x32, 0x3B, 0x32, 0x3A, 0x32, 0x19, 0x32, 0x3A, 0x32, 0x3B, 0x32, 0x19, 0x29, 0xF7, 0x29, 0xF7,
    0x2A, 0x18, 0x32, 0x1A, 0x32, 0x3B, 0x32, 0x3B, 0x32, 0x3A, 0x32, 0x3A, 0x32, 0x3A, 0x32, 0x5B,
    0x3A, 0x7C, 0x32, 0x5C, 0x32, 0x5B, 0x32, 0x3A, 0x32, 0x3A, 0x32, 0x5A, 0x32, 0x3A, 0x32, 0x3A,
    0x3A, 0x5B, 0x32, 0x5A, 0x32, 0x5A, 0x3A, 0x7B, 0x3A, 0x7C, 0x3A, 0x9C, 0x3A, 0x7C, 0x3A, 0x7C,
    0x3A, 0x7B, 0x3A, 0x7B, 0x3A, 0x7C, 0x32, 0x5B, 0x32, 0x39, 0x32, 0x19, 0x32, 0x3A, 0x32, 0x5B,
    0x32, 0x3B, 0x32, 0x3A, 0x32, 0x39, 0x32, 0x3B, 0x32, 0x5B, 0x32, 0x3B, 0x32, 0x5C, 0x32, 0x5C,
    0x32, 0x5B, 0x32, 0x5C, 0x32, 0x5C, 0x32, 0x5B, 0x32, 0x3B, 0x32, 0x3B, 0x32, 0x3B, 0x32, 0x3A,
    0x32, 0x19, 0x32, 0x1A, 0x32, 0x3A, 0x32, 0x1A, 0x2A, 0x19, 0x32, 0x19, 0x32, 0x3A, 0x00, 0x00,
    0xAD, 0x75, 0x00, 0x00, 0x00, 0x00, 0x00, 0x00, 0x00, 0x00, 0x00, 0x00, 0x00, 0x00, 0x00, 0x00,
    0x00, 0x00, 0x00, 0x00, 0x00, 0x00, 0x00, 0x00, 0x00, 0x00, 0x00, 0x00, 0x00, 0x00, 0x00, 0x00,
    0x00, 0x00, 0x00, 0x00, 0x00, 0x00, 0x00, 0x00, 0x00, 0x00, 0x00, 0x00, 0x00, 0x00, 0x00, 0x00,
    0x00, 0x00, 0x00, 0x00, 0x00, 0x00, 0x00, 0x00, 0x00, 0x00, 0x00, 0x00, 0x00, 0x00, 0x00, 0x00,
    0x00, 0x00, 0x00, 0x00, 0x00, 0x00, 0x00, 0x00, 0x00, 0x00, 0x00, 0x00, 0x00, 0x00, 0x00, 0x00,
    0x00, 0x00, 0x00, 0x00, 0x00, 0x00, 0x00, 0x00, 0x00, 0x00, 0x00, 0x00, 0x00, 0x00, 0x00, 0x00,
    0x00, 0x00, 0x00, 0x00, 0x00, 0x00, 0x00, 0x00, 0x00, 0x00, 0x00, 0x00, 0x00, 0x00, 0x00, 0x00,
    0x00, 0x00, 0x00, 0x00, 0x00, 0x00, 0x00, 0x00, 0x00, 0x00, 0x00, 0x00, 0x00, 0x00, 0x00, 0x00,
    0x00, 0x00, 0x00, 0x00, 0x00, 0x00, 0x00, 0x00, 0x00, 0x00, 0x00, 0x00, 0x00, 0x00, 0x00, 0x00,
    0x00, 0x00, 0x00, 0x00, 0x00, 0x00, 0xAD, 0x75, 0x00, 0x00, 0x32, 0x3A, 0x32, 0x39, 0x32, 0x5B,
    0x3A, 0x5B, 0x32, 0x39, 0x32, 0x17, 0x32, 0x17, 0x32, 0x38, 0x32, 0x5A, 0x32, 0x5B, 0x3A, 0x5B,
    0x32, 0x3A, 0x32, 0x3A, 0x32, 0x3A, 0x32, 0x5B, 0x3A, 0x7C, 0x32, 0x5C, 0x32, 0x5B, 0x32, 0x3A,
    0x32, 0x1A, 0x32, 0x3A, 0x32, 0x3A, 0x32, 0x3A, 0x32, 0x3B, 0x32, 0x3A, 0x32, 0x3A, 0x32, 0x3B,
    0x32, 0x5C, 0x32, 0x5C, 0x32, 0x5C, 0x32, 0x5C, 0x32, 0x5B, 0x32, 0x5B, 0x32, 0x5C, 0x32, 0x5B,
    0x32, 0x19, 0x2A, 0x19, 0x32, 0x3A, 0x32, 0x5B, 0x32, 0x3B, 0x32, 0x1A, 0x32, 0x19, 0x32, 0x3B,
    0x32, 0x5B, 0x32, 0x3B, 0x32, 0x5C, 0x32, 0x5C, 0x32, 0x5B, 0x32, 0x5C, 0x32, 0x5C, 0x32, 0x5B,
    0x32, 0x3B, 0x32, 0x3B, 0x32, 0x5B, 0x32, 0x3A, 0x32, 0x39, 0x32, 0x3A, 0x32, 0x5A, 0x32, 0x3A,
    0x32, 0x19, 0x32, 0x39, 0x32, 0x5B, 0x3A, 0x5B, 0x32, 0x5B, 0x32, 0x5A, 0x32, 0x5A, 0x32, 0x5A,
    0x32, 0x5A, 0x3A, 0x5B, 0x3A, 0x5B, 0x32, 0x5A, 0x32, 0x39, 0x32, 0x5B, 0x32, 0x5B, 0x32, 0x39,
    0x2A, 0x17, 0x29, 0xF7, 0x32, 0x18, 0x32, 0x1A, 0x29, 0xD6, 0x00, 0x00, 0x5B, 0x5A, 0x6C, 0x1F,
    0x6B, 0xFF, 0x6C, 0x1F, 0x6B, 0xFF, 0x6B, 0xFF, 0x6B, 0xDF, 0x6B, 0xFF, 0x6C, 0x1F, 0x6C, 0x1F,
    0x6C, 0x1F, 0x6C, 0x1F, 0x74, 0x1F, 0x74, 0x3F, 0x74, 0x3F, 0x74, 0x3F, 0x74, 0x3F, 0x74, 0x3F,
    0x74, 0x1F, 0x74, 0x3F, 0x6C, 0x1F, 0x6B, 0xFF, 0x6B, 0xDF, 0x63, 0xBE, 0x6B, 0xDF, 0x6B, 0xFF,
    0x6C, 0x1F, 0x6C, 0x1F, 0x6B, 0xFF, 0x6B, 0xFF, 0x6C, 0x1F, 0x74, 0x1F, 0x74, 0x5F, 0x74, 0x5F,
    0x74, 0x3F, 0x74, 0x1F, 0x74, 0x1F, 0x74, 0x3F, 0x74, 0x3F, 0x74, 0x1F, 0x74, 0x3F, 0x6C, 0x1F,
    0x6C, 0x1F, 0x6C, 0x1F, 0x74, 0x3F, 0x74, 0x3F, 0x6C, 0x3F, 0x6C, 0x1F, 0x74, 0x3F, 0x6C, 0x1F,
    0x74, 0x3F, 0x74, 0x3F, 0x6B, 0xFF, 0x6B, 0xFF, 0x74, 0x3F, 0x74, 0x5F, 0x74, 0x3F, 0x74, 0x1F,
    0x74, 0x1F, 0x74, 0x3F, 0x74, 0x3F, 0x74, 0x3F, 0x74, 0x3F, 0x74, 0x3F, 0x6C, 0x1F, 0x6C, 0x1F,
    0x6C, 0x1F, 0x6C, 0x1F, 0x6C, 0x1F, 0x6C, 0x1F, 0x6C, 0x1F, 0x6C, 0x1F, 0x6B, 0xFF, 0x6C, 0x1F,
    0x74, 0x3F, 0x74, 0x1F, 0x74, 0x1F, 0x74, 0x1F, 0x74, 0x3F, 0x74, 0x3F, 0x74, 0x3F, 0x74, 0x3F,
    0x32, 0x5B, 0x32, 0x3A, 0x32, 0x39, 0x32, 0x3A, 0x32, 0x5A, 0x32, 0x3A, 0x32, 0x18, 0x32, 0x39,
    0x32, 0x3B, 0x32, 0x3B, 0x32, 0x3A, 0x32, 0x1A, 0x32, 0x39, 0x32, 0x19, 0x32, 0x1A, 0x32, 0x3A,
    0x32, 0x3A, 0x32, 0x3A, 0x32, 0x19, 0x32, 0x3B, 0x32, 0x3A, 0x32, 0x19, 0x32, 0x39, 0x32, 0x19,
    0x32, 0x5A, 0x32, 0x5B, 0x32, 0x5C, 0x32, 0x5B, 0x32, 0x5B, 0x32, 0x5B, 0x32, 0x5B, 0x32, 0x5C,
    0x3A, 0x7C, 0x32, 0x5B, 0x32, 0x3A, 0x32, 0x5A, 0x32, 0x3A, 0x32, 0x5A, 0x32, 0x39, 0x32, 0x5A,
    0x3A, 0x7B, 0x3A, 0x7B, 0x32, 0x5A, 0x3A, 0x7B, 0x3A, 0x9C, 0x3A, 0x9C, 0x3A, 0x7B, 0x3A, 0x7B,
    0x32, 0x5B, 0x3A, 0x7B, 0x32, 0x5B, 0x32, 0x39, 0x32, 0x17, 0x32, 0x18, 0x32, 0x5B, 0x32, 0x5B,
    0x32, 0x3A, 0x32, 0x19, 0x32, 0x39, 0x32, 0x5B, 0x32, 0x5B, 0x32, 0x5B, 0x32, 0x5B, 0x32, 0x5B,
    0x3A, 0x7B, 0x32, 0x5B, 0x32, 0x3B, 0x32, 0x3B, 0x32, 0x3A, 0x32, 0x3B, 0x32, 0x3B, 0x32, 0x3A,
    0x32, 0x19, 0x32, 0x3A, 0x32, 0x3A, 0x32, 0x3A, 0x2A, 0x18, 0x32, 0x39, 0x32, 0x3B, 0x00, 0x00,
    0xAD, 0x75, 0x00, 0x00, 0x00, 0x00, 0x00, 0x00, 0x00, 0x00, 0x00, 0x00, 0x00, 0x00, 0x00, 0x00,
    0x00, 0x00, 0x00, 0x00, 0x00, 0x00, 0x00, 0x00, 0x00, 0x00, 0x00, 0x00, 0x00, 0x00, 0x00, 0x00,
    0x00, 0x00, 0x00, 0x00, 0x00, 0x00, 0x00, 0x00, 0x00, 0x00, 0x00, 0x00, 0x00, 0x00, 0x00, 0x00,
    0x00, 0x00, 0x00, 0x00, 0x00, 0x00, 0x00, 0x00, 0x00, 0x00, 0x00, 0x00, 0x00, 0x00, 0x00, 0x00,
    0x00, 0x00, 0x00, 0x00, 0x00, 0x00, 0x00, 0x00, 0x00, 0x00, 0x00, 0x00, 0x00, 0x00, 0x00, 0x00,
    0x00, 0x00, 0x00, 0x00, 0x00, 0x00, 0x00, 0x00, 0x00, 0x00, 0x00, 0x00, 0x00, 0x00, 0x00, 0x00,
    0x00, 0x00, 0x00, 0x00, 0x00, 0x00, 0x00, 0x00, 0x00, 0x00, 0x00, 0x00, 0x00, 0x00, 0x00, 0x00,
    0x00, 0x00, 0x00, 0x00, 0x00, 0x00, 0x00, 0x00, 0x00, 0x00, 0x00, 0x00, 0x00, 0x00, 0x00, 0x00,
    0x00, 0x00, 0x00, 0x00, 0x00, 0x00, 0x00, 0x00, 0x00, 0x00, 0x00, 0x00, 0x00, 0x00, 0x00, 0x00,
    0x00, 0x00, 0x00, 0x00, 0x00, 0x00, 0xAD, 0x75, 0x00, 0x00, 0x32, 0x5A, 0x32, 0x39, 0x32, 0x5B,
    0x3A, 0x5A, 0x32, 0x39, 0x32, 0x39, 0x32, 0x59, 0x3A, 0x5A, 0x3A, 0x7B, 0x3A, 0x7C, 0x3A, 0x7B,
    0x32, 0x5B, 0x3A, 0x5B, 0x32, 0x5B, 0x3A, 0x7C, 0x3A, 0x7C, 0x32, 0x5B, 0x32, 0x3A, 0x32, 0x3A,
    0x32, 0x3A, 0x32, 0x3A, 0x32, 0x39, 0x32, 0x3A, 0x32, 0x5B, 0x32, 0x5B, 0x32, 0x5A, 0x32, 0x5B,
    0x3A, 0x7C, 0x3A, 0x7C, 0x32, 0x5B, 0x32, 0x3B, 0x32, 0x5B, 0x32, 0x3B, 0x32, 0x5B, 0x32, 0x39,
    0x29, 0xF7, 0x2A, 0x18, 0x32, 0x3B, 0x32, 0x5B, 0x32, 0x3A, 0x32, 0x19, 0x32, 0x19, 0x32, 0x3B,
    0x32, 0x5B, 0x32, 0x3B, 0x32, 0x5B, 0x32, 0x5B, 0x32, 0x5B, 0x32, 0x5B, 0x32, 0x5B, 0x32, 0x5B,
    0x32, 0x5A, 0x32, 0x5B, 0x32, 0x5B, 0x32, 0x3A, 0x32, 0x39, 0x32, 0x5A, 0x32, 0x5A, 0x32, 0x3A,
    0x32, 0x38, 0x32, 0x39, 0x32, 0x5B, 0x3A, 0x5B, 0x32, 0x5A, 0x32, 0x5A, 0x32, 0x59, 0x32, 0x59,
    0x32, 0x5A, 0x3A, 0x5A, 0x32, 0x5A, 0x32, 0x5A, 0x32, 0x39, 0x32, 0x5B, 0x32, 0x5A, 0x32, 0x39,
    0x32, 0x19, 0x32, 0x39, 0x32, 0x5A, 0x32, 0x5B, 0x29, 0xD6, 0x00, 0x00, 0x5B, 0x7A, 0x74, 0x3F,
    0x6B, 0xFF, 0x6C, 0x1F, 0x6B, 0xFF, 0x6B, 0xFF, 0x6B, 0xDF, 0x6B, 0xFF, 0x6C, 0x1F, 0x6C, 0x1F,
    0x74, 0x3F, 0x74, 0x1F, 0x74, 0x1F, 0x74, 0x1F, 0x74, 0x1F, 0x74, 0x3F, 0x74, 0x3F, 0x74, 0x1F,
    0x74, 0x1F, 0x74, 0x3F, 0x74, 0x3F, 0x6C, 0x1F, 0x6B, 0xFF, 0x6B, 0xFF, 0x6C, 0x1F, 0x6C, 0x1F,
    0x74, 0x3F, 0x6C, 0x1F, 0x6C, 0x1F, 0x6C, 0x1F, 0x74, 0x3F, 0x74, 0x5F, 0x74, 0x5F, 0x74, 0x3F,
    0x74, 0x3F, 0x74, 0x3F, 0x74, 0x3F, 0x74, 0x3F, 0x74, 0x1F, 0x74, 0x1F, 0x74, 0x5F, 0x74, 0x3F,
    0x74, 0x3F, 0x74, 0x3F, 0x74, 0x3F, 0x6C, 0x3F, 0x6C, 0x1F, 0x6C, 0x1F, 0x6C, 0x1F, 0x6C, 0x1F,
    0x6C, 0x1F, 0x6C, 0x1F, 0x6B, 0xFF, 0x6B, 0xFF, 0x74, 0x3F, 0x74, 0x3F, 0x74, 0x3F, 0x74, 0x1F,
    0x74, 0x1F, 0x74, 0x3F, 0x74, 0x5F, 0x74, 0x3F, 0x74, 0x3F, 0x74, 0x3F, 0x74, 0x3F, 0x74, 0x1F,
    0x6C, 0x1F, 0x6C, 0x1F, 0x6B, 0xFF, 0x6C, 0x1F, 0x6C, 0x1F, 0x74, 0x3F, 0x74, 0x1F, 0x74, 0x1F,
    0x74, 0x3F, 0x74, 0x1F, 0x74, 0x1F, 0x74, 0x3F, 0x74, 0x5F, 0x74, 0x3F, 0x74, 0x3F, 0x74, 0x3F,
    0x32, 0x5B, 0x32, 0x5A, 0x32, 0x3A, 0x32, 0x5A, 0x32, 0x5B, 0x32, 0x3A, 0x32, 0x39, 0x32, 0x3A,
    0x32, 0x5B, 0x32, 0x5B, 0x32, 0x5B, 0x32, 0x5A, 0x32, 0x3A, 0x32, 0x3A, 0x32, 0x5A, 0x32, 0x3A,
    0x32, 0x3A, 0x32, 0x3A, 0x32, 0x5B, 0x32, 0x5C, 0x32, 0x5C, 0x32, 0x5B, 0x32, 0x5C, 0x3A, 0x7C,
    0x3A, 0x7C, 0x3A, 0x7C, 0x3A, 0x7C, 0x3A, 0x7C, 0x3A, 0x7B, 0x3A, 0x7C, 0x3A, 0x7C, 0x3A, 0x7B,
    0x3A, 0x7B, 0x32, 0x5A, 0x32, 0x39, 0x32, 0x5A, 0x32, 0x5A, 0x32, 0x5A, 0x32, 0x59, 0x3A, 0x7B,
    0x3A, 0x7C, 0x3A, 0x7B, 0x32, 0x59, 0x3A, 0x5A, 0x3A, 0x7B, 0x3A, 0x7B, 0x32, 0x5A, 0x32, 0x59,
    0x32, 0x5A, 0x3A, 0x7B, 0x32, 0x5A, 0x32, 0x39, 0x32, 0x38, 0x32, 0x5A, 0x3A, 0x7C, 0x3A, 0x7B,
    0x32, 0x5A, 0x32, 0x5B, 0x3A, 0x5B, 0x3A, 0x7B, 0x32, 0x5B, 0x32, 0x5A, 0x32, 0x5A, 0x32, 0x5B,
    0x32, 0x5B, 0x32, 0x5A, 0x32, 0x3A, 0x32, 0x3A, 0x32, 0x3A, 0x32, 0x5B, 0x32, 0x5B, 0x32, 0x5A,
    0x32, 0x3A, 0x32, 0x3A, 0x32, 0x5B, 0x32, 0x3A, 0x32, 0x39, 0x32, 0x3A, 0x32, 0x5B, 0x00, 0x00,
    0xAD, 0x75, 0x00, 0x00, 0x00, 0x00, 0x00, 0x00, 0x00, 0x00, 0x00, 0x00, 0x00, 0x00, 0x00, 0x00,
    0x00, 0x00, 0x00, 0x00, 0x00, 0x00, 0x00, 0x00, 0x00, 0x00, 0x00, 0x00, 0x00, 0x00, 0x00, 0x00,
    0x00, 0x00, 0x00, 0x00, 0x00, 0x00, 0x00, 0x00, 0x00, 0x00, 0x00, 0x00, 0x00, 0x00, 0x00, 0x00,
    0x00, 0x00, 0x00, 0x00, 0x00, 0x00, 0x00, 0x00, 0x00, 0x00, 0x00, 0x00, 0x00, 0x00, 0x00, 0x00,
    0x00, 0x00, 0x00, 0x00, 0x00, 0x00, 0x00, 0x00, 0x00, 0x00, 0x00, 0x00, 0x00, 0x00, 0x00, 0x00,
    0x00, 0x00, 0x00, 0x00, 0x00, 0x00, 0x00, 0x00, 0x00, 0x00, 0x00, 0x00, 0x00, 0x00, 0x00, 0x00,
    0x00, 0x00, 0x00, 0x00, 0x00, 0x00, 0x00, 0x00, 0x00, 0x00, 0x00, 0x00, 0x00, 0x00, 0x00, 0x00,
    0x00, 0x00, 0x00, 0x00, 0x00, 0x00, 0x00, 0x00, 0x00, 0x00, 0x00, 0x00, 0x00, 0x00, 0x00, 0x00,
    0x00, 0x00, 0x00, 0x00, 0x00, 0x00, 0x00, 0x00, 0x00, 0x00, 0x00, 0x00, 0x00, 0x00, 0x00, 0x00,
    0x00, 0x00, 0x00, 0x00, 0x00, 0x00, 0xAD, 0x75, 0x00, 0x00, 0x32, 0x5A, 0x3A, 0x7B, 0x3A, 0x7C,
    0x3A, 0x7C, 0x3A, 0x7B, 0x3A, 0x7C, 0x3A, 0x9C, 0x3A, 0x9C, 0x3A, 0x9C, 0x3A, 0x9C, 0x3A, 0x7C,
    0x3A, 0x7B, 0x3A, 0x7C, 0x3A, 0x7C, 0x3A, 0x7B, 0x3A, 0x7B, 0x32, 0x5A, 0x32, 0x39, 0x32, 0x5A,
    0x32, 0x5A, 0x32, 0x5A, 0x32, 0x39, 0x32, 0x5B, 0x32, 0x5C, 0x32, 0x5B, 0x32, 0x39, 0x32, 0x5A,
    0x32, 0x5B, 0x32, 0x5B, 0x32, 0x3A, 0x32, 0x39, 0x32, 0x3A, 0x32, 0x5B, 0x32, 0x3A, 0x32, 0x19,
    0x32, 0x18, 0x32, 0x3A, 0x32, 0x5C, 0x32, 0x5B, 0x32, 0x5A, 0x32, 0x5B, 0x3A, 0x5B, 0x32, 0x5B,
    0x32, 0x5B, 0x32, 0x3A, 0x32, 0x5A, 0x32, 0x5B, 0x32, 0x5B, 0x32, 0x5A, 0x32, 0x5A, 0x32, 0x5A,
    0x32, 0x5A, 0x32, 0x5B, 0x32, 0x5B, 0x32, 0x5A, 0x32, 0x5A, 0x3A, 0x5A, 0x3A, 0x7B, 0x3A, 0x5A,
    0x32, 0x59, 0x32, 0x5A, 0x3A, 0x7B, 0x3A, 0x7B, 0x3A, 0x7B, 0x3A, 0x5A, 0x32, 0x5A, 0x32, 0x5A,
    0x3A, 0x5A, 0x32, 0x5A, 0x32, 0x5A, 0x32, 0x5A, 0x3A, 0x7B, 0x3A, 0x7C, 0x3A, 0x7C, 0x3A, 0x7B,
    0x3A, 0x7C, 0x3A, 0x9C, 0x3A, 0x7C, 0x3A, 0x7C, 0x29, 0xF6, 0x00, 0x00, 0x5B, 0x7A, 0x74, 0x3F,
    0x74, 0x1F, 0x74, 0x1F, 0x6C, 0x1F, 0x6B, 0xFF, 0x6B, 0xFF, 0x6C, 0x1F, 0x74, 0x3F, 0x74, 0x3F,
    0x74, 0x3F, 0x74, 0x3F, 0x74, 0x3F, 0x74, 0x3F, 0x74, 0x3F, 0x74, 0x5F, 0x74, 0x5F, 0x74, 0x3F,
    0x74, 0x3F, 0x74, 0x5F, 0x74, 0x5F, 0x74, 0x3F, 0x74, 0x5F, 0x74, 0x5F, 0x74, 0x3F, 0x74, 0x3F,
    0x74, 0x3F, 0x74, 0x3F, 0x74, 0x3F, 0x74, 0x3F, 0x74, 0x5F, 0x74, 0x5F, 0x74, 0x3F, 0x74, 0x3F,
    0x74, 0x3F, 0x74, 0x3F, 0x74, 0x5F, 0x74, 0x3F, 0x74, 0x3F, 0x74, 0x3F, 0x74, 0x5F, 0x74, 0x5F,
    0x6C, 0x1F, 0x74, 0x3F, 0x74, 0x3F, 0x6C, 0x1F, 0x6B, 0xFF, 0x6B, 0xFF, 0x6C, 0x1F, 0x74, 0x3F,
    0x74, 0x1F, 0x6C, 0x1F, 0x6B, 0xFF, 0x74, 0x1F, 0x7C, 0x5F, 0x7C, 0x5F, 0x74, 0x5F, 0x74, 0x5F,
    0x74, 0x5F, 0x74, 0x5F, 0x74, 0x3F, 0x74, 0x3F, 0x74, 0x3F, 0x74, 0x3F, 0x74, 0x3F, 0x6C, 0x1F,
    0x6C, 0x1F, 0x6C, 0x1F, 0x6C, 0x1F, 0x74, 0x3F, 0x74, 0x3F, 0x74, 0x3F, 0x74, 0x3F, 0x74, 0x3F,
    0x74, 0x3F, 0x74, 0x3F, 0x74, 0x3F, 0x74, 0x3F, 0x74, 0x5F, 0x74, 0x5F, 0x74, 0x3F, 0x74, 0x3F,
    0x3A, 0x7B, 0x32, 0x39, 0x32, 0x39, 0x32, 0x5A, 0x3A, 0x7B, 0x3A, 0x5B, 0x32, 0x5A, 0x32, 0x5A,
    0x3A, 0x7C, 0x3A, 0x7C, 0x3A, 0x7B, 0x32, 0x5B, 0x32, 0x5A, 0x3A, 0x5B, 0x3A, 0x7B, 0x32, 0x5B,
    0x32, 0x5B, 0x3A, 0x7C, 0x3A, 0x9D, 0x3A, 0x9D, 0x3A, 0x7C, 0x3A, 0x7B, 0x3A, 0x9C, 0x3A, 0x9D,
    0x3A, 0x7C, 0x3A, 0x7C, 0x3A, 0x9C, 0x3A, 0x7C, 0x3A, 0x7C, 0x3A, 0x7C, 0x3A, 0x7B, 0x3A, 0x7B,
    0x32, 0x5A, 0x32, 0x5A, 0x32, 0x59, 0x32, 0x5A, 0x32, 0x59, 0x32, 0x59, 0x3A, 0x5A, 0x3A, 0x7B,
    0x3A, 0x7C, 0x3A, 0x5A, 0x32, 0x39, 0x3A, 0x5A, 0x3A, 0x7B, 0x3A, 0x5A, 0x32, 0x59, 0x32, 0x59,
    0x3A, 0x5A, 0x3A, 0x5A, 0x32, 0x59, 0x32, 0x38, 0x32, 0x5A, 0x3A, 0x7B, 0x3A, 0x7C, 0x3A, 0x7B,
    0x3A, 0x7B, 0x3A, 0x7C, 0x3A, 0x7C, 0x3A, 0x7B, 0x32, 0x5A, 0x32, 0x39, 0x32, 0x5A, 0x32, 0x5A,
    0x32, 0x5A, 0x32, 0x5A, 0x32, 0x39, 0x32, 0x39, 0x32, 0x5A, 0x3A, 0x5B, 0x32, 0x5A, 0x32, 0x39,
    0x32, 0x39, 0x32, 0x5A, 0x3A, 0x7B, 0x3A, 0x5B, 0x32, 0x5A, 0x32, 0x5A, 0x3A, 0x7C, 0x00, 0x00,
    0xAD, 0x75, 0x00, 0x00, 0x00, 0x00, 0x00, 0x00, 0x00, 0x00, 0x00, 0x00, 0x00, 0x00, 0x00, 0x00,
    0x00, 0x00, 0x00, 0x00, 0x00, 0x00, 0x00, 0x00, 0x00, 0x00, 0x00, 0x00, 0x00, 0x00, 0x00, 0x00,
    0x00, 0x00, 0x00, 0x00, 0x00, 0x00, 0x00, 0x00, 0x00, 0x00, 0x00, 0x00, 0x00, 0x00, 0x00, 0x00,
    0x00, 0x00, 0x00, 0x00, 0x00, 0x00, 0x00, 0x00, 0x00, 0x00, 0x00, 0x00, 0x00, 0x00, 0x00, 0x00,
    0x00, 0x00, 0x00, 0x00, 0x00, 0x00, 0x00, 0x00, 0x00, 0x00, 0x00, 0x00, 0x00, 0x00, 0x00, 0x00,
    0x00, 0x00, 0x00, 0x00, 0x00, 0x00, 0x00, 0x00, 0x00, 0x00, 0x00, 0x00, 0x00, 0x00, 0x00, 0x00,
    0x00, 0x00, 0x00, 0x00, 0x00, 0x00, 0x00, 0x00, 0x00, 0x00, 0x00, 0x00, 0x00, 0x00, 0x00, 0x00,
    0x00, 0x00, 0x00, 0x00, 0x00, 0x00, 0x00, 0x00, 0x00, 0x00, 0x00, 0x00, 0x00, 0x00, 0x00, 0x00,
    0x00, 0x00, 0x00, 0x00, 0x00, 0x00, 0x00, 0x00, 0x00, 0x00, 0x00, 0x00, 0x00, 0x00, 0x00, 0x00,
    0x00, 0x00, 0x00, 0x00, 0x00, 0x00, 0xAD, 0x75, 0x00, 0x00, 0x3A, 0x7C, 0x3A, 0x9D, 0x3A, 0x9D,
    0x3A, 0x9C, 0x3A, 0x7B, 0x3A, 0x9C, 0x3A, 0x9D, 0x3A, 0x7C, 0x3A, 0x9C, 0x3A, 0x9C, 0x3A, 0x7C,
    0x3A, 0x7C, 0x3A, 0x7C, 0x3A, 0x7B, 0x3A, 0x7B, 0x32, 0x5A, 0x32, 0x5A, 0x32, 0x59, 0x32, 0x5A,
    0x32, 0x59, 0x32, 0x39, 0x32, 0x5A, 0x3A, 0x5B, 0x3A, 0x7C, 0x32, 0x5A, 0x32, 0x39, 0x32, 0x5A,
    0x3A, 0x5B, 0x32, 0x5A, 0x32, 0x39, 0x32, 0x39, 0x32, 0x5A, 0x32, 0x5A, 0x32, 0x39, 0x32, 0x38,
    0x32, 0x5A, 0x3A, 0x7B, 0x3A, 0x7C, 0x3A, 0x7B, 0x3A, 0x7B, 0x3A, 0x7C, 0x3A, 0x7C, 0x3A, 0x5B,
    0x32, 0x5A, 0x32, 0x39, 0x32, 0x5A, 0x32, 0x5A, 0x32, 0x5A, 0x32, 0x5A, 0x32, 0x39, 0x32, 0x39,
    0x32, 0x5A, 0x3A, 0x7B, 0x3A, 0x5A, 0x32, 0x59, 0x32, 0x59, 0x32, 0x5A, 0x3A, 0x7B, 0x3A, 0x7B,
    0x32, 0x5A, 0x3A, 0x5A, 0x3A, 0x7C, 0x3A, 0x7C, 0x3A, 0x7B, 0x3A, 0x7B, 0x3A, 0x5A, 0x3A, 0x7B,
    0x3A, 0x7B, 0x3A, 0x7B, 0x3A, 0x7B, 0x3A, 0x7C, 0x3A, 0x9D, 0x3A, 0x9D, 0x3A, 0x9C, 0x3A, 0x7B,
    0x3A, 0x9C, 0x3A, 0x9D, 0x3A, 0x7C, 0x3A, 0x9C, 0x29, 0xF6, 0x00, 0x00, 0x5B, 0x7A, 0x74, 0x1F,
    0x6C, 0x1F, 0x74, 0x1F, 0x74, 0x3F, 0x74, 0x3F, 0x74, 0x1F, 0x74, 0x3F, 0x74, 0x5F, 0x74, 0x5F,
    0x74, 0x3F, 0x74, 0x3F, 0x74, 0x3F, 0x74, 0x5F, 0x7C, 0x5F, 0x74, 0x5F, 0x74, 0x5F, 0x7C, 0x5F,
    0x7C, 0x7F, 0x7C, 0x7F, 0x74, 0x5F, 0x74, 0x5F, 0x74, 0x5F, 0x74, 0x7F, 0x74, 0x5F, 0x74, 0x5F,
    0x74, 0x5F, 0x74, 0x5F, 0x74, 0x5F, 0x74, 0x5F, 0x74, 0x5F, 0x74, 0x3F, 0x74, 0x3F, 0x74, 0x3F,
    0x74, 0x3F, 0x74, 0x3F, 0x74, 0x5F, 0x74, 0x3F, 0x74, 0x3F, 0x74, 0x5F, 0x74, 0x5F, 0x74, 0x3F,
    0x6C, 0x1F, 0x74, 0x1F, 0x74, 0x3F, 0x74, 0x1F, 0x6C, 0x1F, 0x6C, 0x1F, 0x6C, 0x1F, 0x74, 0x3F,
    0x74, 0x1F, 0x6C, 0x1F, 0x74, 0x3F, 0x74, 0x5F, 0x7C, 0x5F, 0x7C, 0x7F, 0x7C, 0x5F, 0x7C, 0x7F,
    0x7C, 0x5F, 0x74, 0x5F, 0x74, 0x3F, 0x74, 0x1F, 0x74, 0x3F, 0x74, 0x3F, 0x74, 0x3F, 0x74, 0x1F,
    0x6C, 0x1F, 0x6C, 0x1F, 0x74, 0x3F, 0x74, 0x3F, 0x74, 0x3F, 0x74, 0x1F, 0x74, 0x1F, 0x74, 0x3F,
    0x74, 0x5F, 0x74, 0x5F, 0x74, 0x3F, 0x7C, 0x5F, 0x7C, 0x7F, 0x7C, 0x5F, 0x74, 0x5F, 0x74, 0x3F,
    0x3A, 0x7B, 0x32, 0x38, 0x32, 0x39, 0x32, 0x5A, 0x3A, 0x7B, 0x3A, 0x7B, 0x32, 0x5A, 0x3A, 0x7B,
    0x3A, 0x9C, 0x3A, 0x7C, 0x3A, 0x7B, 0x3A, 0x5A, 0x32, 0x5A, 0x3A, 0x7B, 0x3A, 0x7C, 0x3A, 0x7B,
    0x3A, 0x7C, 0x3A, 0x9D, 0x3A, 0x9D, 0x3A, 0x9D, 0x3A, 0x7B, 0x32, 0x5A, 0x3A, 0x7B, 0x3A, 0x7B,
    0x32, 0x5A, 0x3A, 0x5A, 0x3A, 0x7B, 0x3A, 0x7B, 0x3A, 0x7B, 0x3A, 0x7C, 0x3A, 0x7B, 0x3A, 0x7B,
    0x32, 0x5A, 0x3A, 0x5A, 0x3A, 0x5A, 0x3A, 0x5A, 0x3A, 0x5A, 0x3A, 0x7B, 0x3A, 0x7B, 0x3A, 0x7C,
    0x3A, 0x7B, 0x3A, 0x5A, 0x3A, 0x59, 0x3A, 0x7B, 0x3A, 0x9C, 0x3A, 0x7B, 0x3A, 0x7A, 0x3A, 0x7A,
    0x3A, 0x7A, 0x3A, 0x5A, 0x32, 0x59, 0x32, 0x39, 0x3A, 0x7B, 0x3A, 0x7B, 0x3A, 0x7C, 0x3A, 0x7C,
    0x3A, 0x7C, 0x3A, 0x7C, 0x3A, 0x7B, 0x32, 0x39, 0x32, 0x39, 0x32, 0x59, 0x32, 0x5A, 0x3A, 0x5A,
    0x32, 0x5A, 0x32, 0x5A, 0x32, 0x59, 0x32, 0x59, 0x3A, 0x7B, 0x3A, 0x7B, 0x32, 0x5A, 0x32, 0x38,
    0x32, 0x39, 0x32, 0x5A, 0x3A, 0x7B, 0x3A, 0x5B, 0x32, 0x5A, 0x3A, 0x7B, 0x3A, 0x9C, 0x00, 0x00,
    0xAD, 0x75, 0x00, 0x00, 0x00, 0x00, 0x00, 0x00, 0x00, 0x00, 0x00, 0x00, 0x00, 0x00, 0x00, 0x00,
    0x00, 0x00, 0x00, 0x00, 0x00, 0x00, 0x00, 0x00, 0x00, 0x00, 0x00, 0x00, 0x00, 0x00, 0x00, 0x00,
    0x00, 0x00, 0x00, 0x00, 0x00, 0x00, 0x00, 0x00, 0x00, 0x00, 0x00, 0x00, 0x00, 0x00, 0x00, 0x00,
    0x00, 0x00, 0x00, 0x00, 0x00, 0x00, 0x00, 0x00, 0x00, 0x00, 0x00, 0x00, 0x00, 0x00, 0x00, 0x00,
    0x00, 0x00, 0x00, 0x00, 0x00, 0x00, 0x00, 0x00, 0x00, 0x00, 0x00, 0x00, 0x00, 0x00, 0x00, 0x00,
    0x00, 0x00, 0x00, 0x00, 0x00, 0x00, 0x00, 0x00, 0x00, 0x00, 0x00, 0x00, 0x00, 0x00, 0x00, 0x00,
    0x00, 0x00, 0x00, 0x00, 0x00, 0x00, 0x00, 0x00, 0x00, 0x00, 0x00, 0x00, 0x00, 0x00, 0x00, 0x00,
    0x00, 0x00, 0x00, 0x00, 0x00, 0x00, 0x00, 0x00, 0x00, 0x00, 0x00, 0x00, 0x00, 0x00, 0x00, 0x00,
    0x00, 0x00, 0x00, 0x00, 0x00, 0x00, 0x00, 0x00, 0x00, 0x00, 0x00, 0x00, 0x00, 0x00, 0x00, 0x00,
    0x00, 0x00, 0x00, 0x00, 0x00, 0x00, 0xAD, 0x75, 0x00, 0x00, 0x3A, 0x9D, 0x3A, 0x9D, 0x42, 0xBD,
    0x3A, 0x7B, 0x3A, 0x7A, 0x3A, 0x9B, 0x3A, 0x9B, 0x3A, 0x7A, 0x3A, 0x7A, 0x3A, 0x7B, 0x3A, 0x9B,
    0x3A, 0x7B, 0x3A, 0x7C, 0x3A, 0x7B, 0x3A, 0x7B, 0x3A, 0x5A, 0x3A, 0x5A, 0x3A, 0x5A, 0x3A, 0x5A,
    0x3A, 0x5A, 0x3A, 0x7B, 0x3A, 0x7B, 0x3A, 0x7C, 0x3A, 0x7B, 0x32, 0x5A, 0x32, 0x39, 0x3A, 0x7B,
    0x3A, 0x7C, 0x3A, 0x7B, 0x32, 0x5A, 0x32, 0x5A, 0x32, 0x5A, 0x3A, 0x5A, 0x32, 0x59, 0x32, 0x39,
    0x3A, 0x5B, 0x3A, 0x7B, 0x3A, 0x7C, 0x3A, 0x7C, 0x3A, 0x7C, 0x3A, 0x7C, 0x3A, 0x7B, 0x32, 0x39,
    0x32, 0x39, 0x32, 0x59, 0x32, 0x5A, 0x3A, 0x5A, 0x32, 0x5A, 0x32, 0x5A, 0x32, 0x59, 0x32, 0x59,
    0x3A, 0x7B, 0x3A, 0x7B, 0x32, 0x5A, 0x32, 0x38, 0x32, 0x39, 0x3A, 0x5A, 0x3A, 0x7B, 0x3A, 0x7B,
    0x3A, 0x5A, 0x3A, 0x7B, 0x42, 0x9C, 0x3A, 0x7C, 0x3A, 0x7B, 0x3A, 0x7A, 0x3A, 0x5A, 0x3A, 0x7B,
    0x3A, 0x7C, 0x3A, 0x9B, 0x3A, 0x9C, 0x3A, 0x9D, 0x3A, 0x9D, 0x3A, 0x9D, 0x3A, 0x7B, 0x3A, 0x5A,
    0x3A, 0x7B, 0x3A, 0x7B, 0x3A, 0x7A, 0x3A, 0x5A, 0x29, 0xF6, 0x00, 0x00, 0x63, 0x7A, 0x6C, 0x1F,
    0x74, 0x1F, 0x74, 0x3F, 0x74, 0x3F, 0x74, 0x3F, 0x74, 0x3F, 0x74, 0x3F, 0x74, 0x5F, 0x74, 0x5F,
    0x74, 0x5F, 0x74, 0x5F, 0x74, 0x3F, 0x74, 0x5F, 0x7C, 0x7F, 0x7C, 0x7F, 0x7C, 0x9F, 0x7C, 0x9F,
    0x7C, 0x9F, 0x7C, 0x7F, 0x74, 0x5F, 0x74, 0x3F, 0x74, 0x3F, 0x74, 0x5F, 0x74, 0x3F, 0x74, 0x3F,
    0x74, 0x5F, 0x74, 0x3F, 0x74, 0x5F, 0x74, 0x5F, 0x7C, 0x5F, 0x74, 0x5F, 0x74, 0x3F, 0x74, 0x5F,
    0x74, 0x5F, 0x7C, 0x5F, 0x7C, 0x5F, 0x7C, 0x7F, 0x7C, 0x7F, 0x7C, 0x7F, 0x7C, 0x5F, 0x74, 0x3F,
    0x74, 0x1F, 0x74, 0x3F, 0x74, 0x5F, 0x74, 0x3F, 0x74, 0x1F, 0x74, 0x3F, 0x74, 0x3F, 0x74, 0x3F,
    0x74, 0x1F, 0x74, 0x1F, 0x74, 0x5F, 0x7C, 0x7F, 0x7C, 0x7F, 0x7C, 0x7F, 0x7C, 0x7F, 0x7C, 0x9F,
    0x74, 0x5F, 0x74, 0x3F, 0x74, 0x1F, 0x74, 0x3F, 0x74, 0x3F, 0x74, 0x3F, 0x74, 0x1F, 0x74, 0x1F,
    0x6C, 0x1F, 0x74, 0x1F, 0x74, 0x3F, 0x74, 0x3F, 0x74, 0x1F, 0x74, 0x1F, 0x74, 0x1F, 0x74, 0x3F,
    0x7C, 0x5F, 0x7C, 0x5F, 0x7C, 0x5F, 0x7C, 0x7F, 0x7C, 0x9F, 0x7C, 0x9F, 0x7C, 0x5F, 0x74, 0x5F,
    0x3A, 0x7B, 0x32, 0x39, 0x3A, 0x5A, 0x3A, 0x7B, 0x3A, 0x7B, 0x3A, 0x5A, 0x3A, 0x5A, 0x3A, 0x7B,
    0x3A, 0x7C, 0x3A, 0x7B, 0x3A, 0x5A, 0x3A, 0x5A, 0x32, 0x5A, 0x3A, 0x7B, 0x3A, 0x9C, 0x3A, 0x7C,
    0x3A, 0x9C, 0x3A, 0x9D, 0x3A, 0x9D, 0x3A, 0x7B, 0x32, 0x39, 0x32, 0x39, 0x3A, 0x7B, 0x3A, 0x7B,
    0x32, 0x59, 0x32, 0x59, 0x3A, 0x5A, 0x32, 0x59, 0x32, 0x59, 0x3A, 0x5A, 0x3A, 0x5A, 0x32, 0x59,
    0x3A, 0x5A, 0x3A, 0x7A, 0x3A, 0x7A, 0x3A, 0x7B, 0x3A, 0x9B, 0x3A, 0x9C, 0x42, 0xBC, 0x3A, 0x9C,
    0x3A, 0x7B, 0x3A, 0x7A, 0x3A, 0x7A, 0x42, 0x9C, 0x42, 0xBC, 0x3A, 0x9B, 0x3A, 0x7A, 0x3A, 0x7A,
    0x3A, 0x9B, 0x3A, 0x9C, 0x3A, 0x9B, 0x3A, 0x7B, 0x3A, 0x9C, 0x3A, 0x9C, 0x3A, 0x9C, 0x3A, 0x9C,
    0x3A, 0x7C, 0x3A, 0x7B, 0x32, 0x59, 0x32, 0x38, 0x32, 0x59, 0x3A, 0x7B, 0x3A, 0x7B, 0x3A, 0x7B,
    0x3A, 0x7B, 0x3A, 0x5A, 0x3A, 0x5A, 0x3A, 0x5A, 0x3A, 0x7B, 0x3A, 0x7B, 0x32, 0x59, 0x32, 0x39,
    0x32, 0x5A, 0x3A, 0x7B, 0x3A, 0x7B, 0x3A, 0x5A, 0x3A, 0x5A, 0x3A, 0x7B, 0x3A, 0x7C, 0x00, 0x00,
    0xAD, 0x75, 0x00, 0x00, 0x00, 0x00, 0x00, 0x00, 0x00, 0x00, 0x00, 0x00, 0x00, 0x00, 0x00, 0x00,
    0x00, 0x00, 0x00, 0x00, 0x00, 0x00, 0x00, 0x00, 0x00, 0x00, 0x00, 0x00, 0x00, 0x00, 0x00, 0x00,
    0x00, 0x00, 0x00, 0x00, 0x00, 0x00, 0x00, 0x00, 0x00, 0x00, 0x00, 0x00, 0x00, 0x00, 0x00, 0x00,
    0x00, 0x00, 0x00, 0x00, 0x00, 0x00, 0x00, 0x00, 0x00, 0x00, 0x00, 0x00, 0x00, 0x00, 0x00, 0x00,
    0x00, 0x00, 0x00, 0x00, 0x00, 0x00, 0x00, 0x00, 0x00, 0x00, 0x00, 0x00, 0x00, 0x00, 0x00, 0x00,
    0x00, 0x00, 0x00, 0x00, 0x00, 0x00, 0x00, 0x00, 0x00, 0x00, 0x00, 0x00, 0x00, 0x00, 0x00, 0x00,
    0x00, 0x00, 0x00, 0x00, 0x00, 0x00, 0x00, 0x00, 0x00, 0x00, 0x00, 0x00, 0x00, 0x00, 0x00, 0x00,
    0x00, 0x00, 0x00, 0x00, 0x00, 0x00, 0x00, 0x00, 0x00, 0x00, 0x00, 0x00, 0x00, 0x00, 0x00, 0x00,
    0x00, 0x00, 0x00, 0x00, 0x00, 0x00, 0x00, 0x00, 0x00, 0x00, 0x00, 0x00, 0x00, 0x00, 0x00, 0x00,
    0x00, 0x00, 0x00, 0x00, 0x00, 0x00, 0xAD, 0x75, 0x00, 0x00, 0x42, 0xBD, 0x42, 0xBD, 0x3A, 0x9B,
    0x3A, 0x59, 0x3A, 0x59, 0x3A, 0x9B, 0x3A, 0x9B, 0x3A, 0x7A, 0x3A, 0x7A, 0x3A, 0x7A, 0x3A, 0x7A,
    0x3A, 0x59, 0x3A, 0x7A, 0x3A, 0x7A, 0x3A, 0x59, 0x3A, 0x7A, 0x3A, 0x7A, 0x3A, 0x7A, 0x3A, 0x7B,
    0x3A, 0x7B, 0x3A, 0x9C, 0x3A, 0x9C, 0x3A, 0x7C, 0x3A, 0x7B, 0x3A, 0x5A, 0x3A, 0x5A, 0x3A, 0x7C,
    0x3A, 0x9C, 0x3A, 0x7B, 0x32, 0x5A, 0x3A, 0x5A, 0x3A, 0x7B, 0x3A, 0x7C, 0x3A, 0x7B, 0x3A, 0x7B,
    0x3A, 0x7C, 0x3A, 0x9C, 0x3A, 0x7C, 0x3A, 0x7C, 0x3A, 0x7C, 0x3A, 0x7B, 0x32, 0x59, 0x32, 0x38,
    0x32, 0x59, 0x3A, 0x7B, 0x3A, 0x7B, 0x3A, 0x7B, 0x3A, 0x7B, 0x3A, 0x5A, 0x3A, 0x5A, 0x3A, 0x5A,
    0x3A, 0x7B, 0x3A, 0x7B, 0x32, 0x59, 0x3A, 0x59, 0x3A, 0x7A, 0x3A, 0x7B, 0x3A, 0x7B, 0x3A, 0x7A,
    0x3A, 0x7A, 0x3A, 0x7B, 0x3A, 0x9C, 0x3A, 0x9B, 0x3A, 0x7B, 0x3A, 0x7A, 0x3A, 0x7A, 0x3A, 0x9B,
    0x42, 0xBC, 0x42, 0x9C, 0x42, 0xBC, 0x42, 0xBD, 0x42, 0xBD, 0x3A, 0x7B, 0x3A, 0x59, 0x3A, 0x59,
    0x3A, 0x7B, 0x3A, 0x7B, 0x32, 0x59, 0x32, 0x59, 0x31, 0xF6, 0x00, 0x00, 0x63, 0x9A, 0x74, 0x1F,
    0x74, 0x1F, 0x74, 0x3F, 0x74, 0x3F, 0x74, 0x3F, 0x74, 0x3F, 0x74, 0x3F, 0x74, 0x5F, 0x74, 0x5F,
    0x74, 0x5F, 0x74, 0x5F, 0x7C, 0x5F, 0x7C, 0x7F, 0x7C, 0x9F, 0x7C, 0x9F, 0x7C, 0x9F, 0x7C, 0xBF,
    0x7C, 0x9F, 0x7C, 0x7F, 0x74, 0x3F, 0x74, 0x1F, 0x74, 0x5F, 0x74, 0x5F, 0x74, 0x1F, 0x74, 0x1F,
    0x74, 0x3F, 0x74, 0x1F, 0x74, 0x1F, 0x74, 0x3F, 0x74, 0x3F, 0x74, 0x3F, 0x74, 0x3F, 0x7C, 0x5F,
    0x7C, 0x5F, 0x7C, 0x7F, 0x7C, 0x7F, 0x7C, 0x9F, 0x7C, 0x9F, 0x7C, 0x7F, 0x7C, 0x5F, 0x74, 0x3F,
    0x74, 0x3F, 0x74, 0x5F, 0x74, 0x5F, 0x74, 0x5F, 0x74, 0x3F, 0x74, 0x3F, 0x74, 0x3F, 0x74, 0x5F,
    0x74, 0x5F, 0x7C, 0x5F, 0x7C, 0x7F, 0x7C, 0x9F, 0x7C, 0x7F, 0x7C, 0x9F, 0x7C, 0x9F, 0x7C, 0x7F,
    0x74, 0x5F, 0x74, 0x3F, 0x74, 0x5F, 0x7C, 0x5F, 0x74, 0x5F, 0x74, 0x5F, 0x74, 0x5F, 0x74, 0x3F,
    0x74, 0x1F, 0x74, 0x3F, 0x74, 0x3F, 0x74, 0x3F, 0x74, 0x3F, 0x74, 0x1F, 0x74, 0x3F, 0x74, 0x5F,
    0x7C, 0x7F, 0x7C, 0x5F, 0x7C, 0x7F, 0x7C, 0x7F, 0x7C, 0x9F, 0x7C, 0x7F, 0x7C, 0x5F, 0x74, 0x5F,
    0x3A, 0x7B, 0x3A, 0x7A, 0x3A, 0x7B, 0x3A, 0x9B, 0x3A, 0x7B, 0x3A, 0x7B, 0x3A, 0x7B, 0x3A, 0x7B,
    0x3A, 0x7B, 0x3A, 0x5A, 0x3A, 0x5A, 0x3A, 0x5A, 0x3A, 0x7B, 0x3A, 0x9C, 0x3A, 0x9C, 0x3A, 0x7B,
    0x3A, 0x7B, 0x3A, 0x7C, 0x3A, 0x7B, 0x32, 0x59, 0x32, 0x39, 0x3A, 0x5A, 0x3A, 0x7B, 0x3A, 0x7B,
    0x3A, 0x59, 0x3A, 0x59, 0x3A, 0x59, 0x32, 0x58, 0x32, 0x58, 0x32, 0x58, 0x32, 0x38, 0x32, 0x38,
    0x3A, 0x59, 0x3A, 0x7A, 0x3A, 0x7A, 0x3A, 0x7B, 0x3A, 0x7B, 0x42, 0x9C, 0x42, 0x9C, 0x3A, 0x9B,
    0x3A, 0x7A, 0x3A, 0x7B, 0x42, 0x9C, 0x42, 0xDD, 0x42, 0xBD, 0x42, 0x9B, 0x3A, 0x9A, 0x3A, 0x7B,
    0x42, 0x9C, 0x42, 0xBD, 0x42, 0xBC, 0x42, 0x9C, 0x42, 0xBD, 0x42, 0xBC, 0x3A, 0x9C, 0x3A, 0x9C,
    0x3A, 0x7B, 0x3A, 0x5A, 0x3A, 0x59, 0x3A, 0x59, 0x3A, 0x7B, 0x3A, 0x9C, 0x3A, 0x9C, 0x3A, 0x9B,
    0x3A, 0x9C, 0x3A, 0x9B, 0x3A, 0x7B, 0x3A, 0x9B, 0x3A, 0x7C, 0x3A, 0x7B, 0x3A, 0x5A, 0x3A, 0x5A,
    0x3A, 0x7B, 0x3A, 0x7B, 0x3A, 0x7B, 0x3A, 0x7B, 0x3A, 0x7B, 0x3A, 0x7B, 0x3A, 0x7B, 0x00, 0x00,
    0xAD, 0x75, 0x00, 0x00, 0x00, 0x00, 0x00, 0x00, 0x00, 0x00, 0x00, 0x00, 0x00, 0x00, 0x00, 0x00,
    0x00, 0x00, 0x00, 0x00, 0x00, 0x00, 0x00, 0x00, 0x00, 0x00, 0x00, 0x00, 0x00, 0x00, 0x00, 0x00,
    0x00, 0x00, 0x00, 0x00, 0x00, 0x00, 0x00, 0x00, 0x00, 0x00, 0x00, 0x00, 0x00, 0x00, 0x00, 0x00,
    0x00, 0x00, 0x00, 0x00, 0x00, 0x00, 0x00, 0x00, 0x00, 0x00, 0x00, 0x00, 0x00, 0x00, 0x00, 0x00,
    0x00, 0x00, 0x00, 0x00, 0x00, 0x00, 0x00, 0x00, 0x00, 0x00, 0x00, 0x00, 0x00, 0x00, 0x00, 0x00,
    0x00, 0x00, 0x00, 0x00, 0x00, 0x00, 0x00, 0x00, 0x00, 0x00, 0x00, 0x00, 0x00, 0x00, 0x00, 0x00,
    0x00, 0x00, 0x00, 0x00, 0x00, 0x00, 0x00, 0x00, 0x00, 0x00, 0x00, 0x00, 0x00, 0x00, 0x00, 0x00,
    0x00, 0x00, 0x00, 0x00, 0x00, 0x00, 0x00, 0x00, 0x00, 0x00, 0x00, 0x00, 0x00, 0x00, 0x00, 0x00,
    0x00, 0x00, 0x00, 0x00, 0x00, 0x00, 0x00, 0x00, 0x00, 0x00, 0x00, 0x00, 0x00, 0x00, 0x00, 0x00,
    0x00, 0x00, 0x00, 0x00, 0x00, 0x00, 0xAD, 0x75, 0x00, 0x00, 0x3A, 0x9C, 0x3A, 0x9B, 0x3A, 0x7A,
    0x3A, 0x79, 0x3A, 0x7A, 0x3A, 0x9C, 0x42, 0x9B, 0x3A, 0x79, 0x3A, 0x59, 0x3A, 0x79, 0x3A, 0x79,
    0x3A, 0x58, 0x3A, 0x59, 0x32, 0x38, 0x32, 0x38, 0x3A, 0x59, 0x3A, 0x7A, 0x3A, 0x7A, 0x3A, 0x7A,
    0x3A, 0x7B, 0x3A, 0x9C, 0x3A, 0x9C, 0x3A, 0x7B, 0x3A, 0x7A, 0x3A, 0x7B, 0x3A, 0x9C, 0x3A, 0x9D,
    0x42, 0xBC, 0x3A, 0x7B, 0x3A, 0x5A, 0x3A, 0x7B, 0x3A, 0x7C, 0x3A, 0x9D, 0x3A, 0x9C, 0x3A, 0x7C,
    0x3A, 0x9D, 0x3A, 0x9C, 0x3A, 0x7C, 0x3A, 0x7C, 0x3A, 0x7B, 0x3A, 0x5A, 0x32, 0x39, 0x32, 0x59,
    0x3A, 0x7B, 0x3A, 0x7C, 0x3A, 0x7C, 0x3A, 0x9B, 0x3A, 0x9C, 0x3A, 0x9B, 0x3A, 0x9B, 0x3A, 0x9B,
    0x3A, 0x9C, 0x3A, 0x7B, 0x3A, 0x7A, 0x3A, 0x7A, 0x3A, 0x7B, 0x3A, 0x9B, 0x3A, 0x9B, 0x3A, 0x7B,
    0x3A, 0x9B, 0x3A, 0x9B, 0x3A, 0x9B, 0x3A, 0x7A, 0x3A, 0x7A, 0x3A, 0x9A, 0x42, 0x9B, 0x42, 0xBC,
    0x42, 0xBC, 0x42, 0xBC, 0x3A, 0x9B, 0x3A, 0x9C, 0x3A, 0x9B, 0x3A, 0x7A, 0x3A, 0x59, 0x3A, 0x7A,
    0x3A, 0x9B, 0x3A, 0x7B, 0x3A, 0x59, 0x3A, 0x59, 0x32, 0x16, 0x00, 0x00, 0x63, 0x9A, 0x74, 0x5F,
    0x74, 0x5F, 0x74, 0x5F, 0x74, 0x3F, 0x74, 0x3F, 0x74, 0x3F, 0x74, 0x5F, 0x74, 0x5F, 0x74, 0x5F,
    0x74, 0x3F, 0x7C, 0x5F, 0x7C, 0x7F, 0x7C, 0x9F, 0x7C, 0x9F, 0x7C, 0x9F, 0x7C, 0x9F, 0x7C, 0x9F,
    0x7C, 0x7F, 0x74, 0x5F, 0x74, 0x3F, 0x74, 0x3F, 0x7C, 0x5F, 0x74, 0x5F, 0x74, 0x3F, 0x74, 0x1F,
    0x74, 0x1F, 0x74, 0x1F, 0x74, 0x1F, 0x74, 0x1F, 0x74, 0x1F, 0x74, 0x1F, 0x74, 0x3F, 0x7C, 0x5F,
    0x7C, 0x7F, 0x7C, 0x7F, 0x7C, 0x9F, 0x7C, 0x9F, 0x7C, 0x9F, 0x7C, 0x7F, 0x7C, 0x5F, 0x74, 0x5F,
    0x7C, 0x7F, 0x7C, 0x7F, 0x7C, 0x7F, 0x74, 0x3F, 0x74, 0x3F, 0x74, 0x3F, 0x7C, 0x5F, 0x7C, 0x7F,
    0x7C, 0x7F, 0x7C, 0x7F, 0x7C, 0x9F, 0x7C, 0x9F, 0x7C, 0x9F, 0x7C, 0x9F, 0x7C, 0x7F, 0x7C, 0x5F,
    0x74, 0x5F, 0x74, 0x5F, 0x7C, 0x7F, 0x7C, 0x9F, 0x7C, 0x7F, 0x7C, 0x5F, 0x7C, 0x5F, 0x7C, 0x5F,
    0x74, 0x3F, 0x74, 0x5F, 0x7C, 0x5F, 0x74, 0x5F, 0x74, 0x3F, 0x74, 0x5F, 0x7C, 0x7F, 0x7C, 0x7F,
    0x7C, 0x7F, 0x7C, 0x7F, 0x7C, 0x7F, 0x7C, 0x9F, 0x7C, 0x7F, 0x7C, 0x5F, 0x74, 0x5F, 0x7C, 0x7F,
    0x3A, 0x7B, 0x3A, 0x9C, 0x3A, 0x9C, 0x42, 0x9C, 0x3A, 0x9C, 0x3A, 0x9C, 0x42, 0xBC, 0x3A, 0x7B,
    0x3A, 0x7A, 0x3A, 0x7A, 0x3A, 0x7A, 0x3A, 0x7B, 0x3A, 0x9C, 0x3A, 0x9C, 0x3A, 0x7B, 0x3A, 0x5A,
    0x3A, 0x5A, 0x3A, 0x7A, 0x3A, 0x59, 0x3A, 0x59, 0x3A, 0x59, 0x3A, 0x7A, 0x3A, 0x7B, 0x3A, 0x7A,
    0x3A, 0x59, 0x3A, 0x59, 0x3A, 0x7A, 0x3A, 0x7A, 0x3A, 0x7B, 0x3A, 0x7A, 0x3A, 0x59, 0x3A, 0x59,
    0x3A, 0x7B, 0x3A, 0x9C, 0x3A, 0x9B, 0x3A, 0x9B, 0x42, 0xBC, 0x42, 0xBC, 0x42, 0xBC, 0x3A, 0x9A,
    0x3A, 0x9B, 0x42, 0xBC, 0x42, 0xDD, 0x42, 0xDD, 0x42, 0xBC, 0x3A, 0x9A, 0x3A, 0x9A, 0x42, 0xBB,
    0x42, 0xBC, 0x42, 0xDD, 0x42, 0xBC, 0x42, 0x9B, 0x3A, 0x9B, 0x3A, 0x9C, 0x3A, 0x9B, 0x3A, 0x9B,
    0x3A, 0x7B, 0x3A, 0x7A, 0x3A, 0x59, 0x3A, 0x7A, 0x3A, 0x9B, 0x42, 0x9C, 0x3A, 0x9C, 0x3A, 0x9C,
    0x42, 0x9C, 0x3A, 0x9C, 0x3A, 0x9C, 0x3A, 0x9C, 0x3A, 0x9C, 0x3A, 0x9B, 0x3A, 0x9B, 0x3A, 0x9C,
    0x3A, 0x9C, 0x3A, 0x7C, 0x3A, 0x9C, 0x3A, 0x9C, 0x3A, 0x9C, 0x3A, 0x7B, 0x3A, 0x7A, 0x00, 0x00,
    0xAD, 0x75, 0x00, 0x00, 0x00, 0x00, 0x00, 0x00, 0x00, 0x00, 0x00, 0x00, 0x00, 0x00, 0x00, 0x00,
    0x00, 0x00, 0x00, 0x00, 0x00, 0x00, 0x00, 0x00, 0x00, 0x00, 0x00, 0x00, 0x00, 0x00, 0x00, 0x00,
    0x00, 0x00, 0x00, 0x00, 0x00, 0x00, 0x00, 0x00, 0x00, 0x00, 0x00, 0x00, 0x00, 0x00, 0x00, 0x00,
    0x00, 0x00, 0x00, 0x00, 0x00, 0x00, 0x00, 0x00, 0x00, 0x00, 0x00, 0x00, 0x00, 0x00, 0x00, 0x00,
    0x00, 0x00, 0x00, 0x00, 0x00, 0x00, 0x00, 0x00, 0x00, 0x00, 0x00, 0x00, 0x00, 0x00, 0x00, 0x00,
    0x00, 0x00, 0x00, 0x00, 0x00, 0x00, 0x00, 0x00, 0x00, 0x00, 0x00, 0x00, 0x00, 0x00, 0x00, 0x00,
    0x00, 0x00, 0x00, 0x00, 0x00, 0x00, 0x00, 0x00, 0x00, 0x00, 0x00, 0x00, 0x00, 0x00, 0x00, 0x00,
    0x00, 0x00, 0x00, 0x00, 0x00, 0x00, 0x00, 0x00, 0x00, 0x00, 0x00, 0x00, 0x00, 0x00, 0x00, 0x00,
    0x00, 0x00, 0x00, 0x00, 0x00, 0x00, 0x00, 0x00, 0x00, 0x00, 0x00, 0x00, 0x00, 0x00, 0x00, 0x00,
    0x00, 0x00, 0x00, 0x00, 0x00, 0x00, 0xAD, 0x75, 0x00, 0x00, 0x3A, 0x9A, 0x3A, 0x7A, 0x3A, 0x79,
    0x3A, 0x79, 0x3A, 0x9A, 0x42, 0x9B, 0x3A, 0x9A, 0x3A, 0x79, 0x3A, 0x79, 0x3A, 0x7A, 0x3A, 0x9A,
    0x42, 0x9B, 0x3A, 0x9A, 0x3A, 0x59, 0x3A, 0x59, 0x3A, 0x7B, 0x3A, 0x9C, 0x3A, 0x9B, 0x3A, 0x9B,
    0x42, 0x9C, 0x42, 0xBC, 0x3A, 0x9C, 0x3A, 0x7A, 0x3A, 0x7A, 0x3A, 0x9C, 0x42, 0xBD, 0x42, 0xBD,
    0x3A, 0x9B, 0x3A, 0x7A, 0x3A, 0x7A, 0x3A, 0x9B, 0x42, 0x9C, 0x42, 0xBD, 0x42, 0x9C, 0x3A, 0x7B,
    0x3A, 0x9B, 0x3A, 0x9B, 0x3A, 0x7B, 0x3A, 0x7B, 0x3A, 0x7B, 0x3A, 0x59, 0x3A, 0x59, 0x3A, 0x7A,
    0x3A, 0x9B, 0x3A, 0x9C, 0x3A, 0x9C, 0x3A, 0x9C, 0x42, 0x9C, 0x3A, 0x9C, 0x42, 0x9C, 0x42, 0xBC,
    0x42, 0xBC, 0x3A, 0x9B, 0x3A, 0x9B, 0x3A, 0x9C, 0x3A, 0x9C, 0x42, 0x9C, 0x3A, 0x9C, 0x3A, 0x9C,
    0x42, 0xBC, 0x42, 0x9B, 0x3A, 0x9A, 0x3A, 0x7A, 0x3A, 0x9A, 0x42, 0x9B, 0x42, 0xDC, 0x42, 0xBC,
    0x42, 0x9B, 0x3A, 0x7A, 0x3A, 0x7A, 0x3A, 0x9A, 0x3A, 0x7A, 0x3A, 0x59, 0x3A, 0x59, 0x3A, 0x7A,
    0x3A, 0x7B, 0x3A, 0x7A, 0x3A, 0x59, 0x3A, 0x59, 0x32, 0x16, 0x00, 0x00, 0x63, 0x9A, 0x7C, 0x7F,
    0x7C, 0x7F, 0x7C, 0x7F, 0x7C, 0x5F, 0x7C, 0x5F, 0x7C, 0x7F, 0x7C, 0x5F, 0x74, 0x3F, 0x7C, 0x5F,
    0x7C, 0x5F, 0x7C, 0x7F, 0x7C, 0x9F, 0x84, 0x9F, 0x7C, 0x7F, 0x7C, 0x7F, 0x7C, 0x7F, 0x7C, 0x7F,
    0x74, 0x5F, 0x7C, 0x5F, 0x74, 0x5F, 0x7C, 0x5F, 0x7C, 0x7F, 0x74, 0x3F, 0x74, 0x3F, 0x74, 0x3F,
    0x74, 0x3F, 0x74, 0x3F, 0x74, 0x5F, 0x7C, 0x5F, 0x74, 0x3F, 0x74, 0x3F, 0x7C, 0x7F, 0x7C, 0x7F,
    0x7C, 0x9F, 0x7C, 0x9F, 0x84, 0x9F, 0x84, 0x9F, 0x7C, 0x9F, 0x7C, 0x7F, 0x7C, 0x7F, 0x7C, 0x9F,
    0x7C, 0x9F, 0x7C, 0x9F, 0x7C, 0x7F, 0x74, 0x3F, 0x74, 0x3F, 0x7C, 0x5F, 0x7C, 0x7F, 0x7C, 0x9F,
    0x7C, 0x9F, 0x7C, 0x7F, 0x7C, 0x9F, 0x7C, 0x7F, 0x7C, 0x7F, 0x7C, 0x7F, 0x7C, 0x7F, 0x7C, 0x7F,
    0x7C, 0x5F, 0x7C, 0x5F, 0x7C, 0x9F, 0x7C, 0x9F, 0x7C, 0x7F, 0x7C, 0x7F, 0x7C, 0x7F, 0x7C, 0x7F,
    0x7C, 0x5F, 0x7C, 0x7F, 0x7C, 0x7F, 0x7C, 0x5F, 0x7C, 0x7F, 0x7C, 0x7F, 0x7C, 0x7F, 0x7C, 0x9F,
    0x7C, 0x9F, 0x7C, 0x9F, 0x7C, 0x9F, 0x84, 0x9F, 0x7C, 0x7F, 0x7C, 0x7F, 0x7C, 0x7F, 0x7C, 0x7F,
    0x3A, 0x7B, 0x42, 0x9C, 0x42, 0x9C, 0x3A, 0x9C, 0x42, 0x9C, 0x42, 0xBC, 0x42, 0xBC, 0x3A, 0x9B,
    0x3A, 0x7A, 0x3A, 0x9B, 0x42, 0x9C, 0x42, 0xBC, 0x42, 0x9C, 0x3A, 0x9B, 0x3A, 0x59, 0x3A, 0x58,
    0x3A, 0x59, 0x3A, 0x7A, 0x3A, 0x59, 0x3A, 0x58, 0x3A, 0x59, 0x3A, 0x7A, 0x3A, 0x7A, 0x3A, 0x7A,
    0x3A, 0x7B, 0x3A, 0x7B, 0x42, 0x9B, 0x42, 0x9C, 0x42, 0xBC, 0x3A, 0x9B, 0x3A, 0x7B, 0x42, 0xBC,
    0x42, 0xDD, 0x42, 0xBD, 0x42, 0xBC, 0x42, 0xBC, 0x42, 0xBC, 0x42, 0xDD, 0x42, 0xBC, 0x42, 0x9B,
    0x42, 0xBB, 0x42, 0xBC, 0x42, 0xDC, 0x3A, 0x9B, 0x3A, 0x79, 0x3A, 0x79, 0x3A, 0x9A, 0x42, 0xBB,
    0x42, 0xBB, 0x42, 0xBC, 0x3A, 0x9B, 0x3A, 0x79, 0x3A, 0x79, 0x3A, 0x7A, 0x3A, 0x7A, 0x3A, 0x7A,
    0x3A, 0x9A, 0x3A, 0x7A, 0x3A, 0x7A, 0x3A, 0x7B, 0x42, 0x9C, 0x42, 0x9C, 0x3A, 0x9B, 0x3A, 0x9B,
    0x42, 0x9C, 0x3A, 0x9C, 0x3A, 0x9B, 0x3A, 0x9B, 0x3A, 0x9B, 0x3A, 0x7B, 0x3A, 0x9B, 0x42, 0x9C,
    0x42, 0x9C, 0x3A, 0x9C, 0x42, 0x9C, 0x42, 0xBC, 0x42, 0xBC, 0x3A, 0x9B, 0x3A, 0x7A, 0x00, 0x00,
    0xAD, 0x75, 0x00, 0x00, 0x00, 0x00, 0x00, 0x00, 0x00, 0x00, 0x00, 0x00, 0x00, 0x00, 0x00, 0x00,
    0x00, 0x00, 0x00, 0x00, 0x00, 0x00, 0x00, 0x00, 0x00, 0x00, 0x00, 0x00, 0x00, 0x00, 0x00, 0x00,
    0x00, 0x00, 0x00, 0x00, 0x00, 0x00, 0x00, 0x00, 0x00, 0x00, 0x00, 0x00, 0x00, 0x00, 0x00, 0x00,
    0x00, 0x00, 0x00, 0x00, 0x00, 0x00, 0x00, 0x00, 0x00, 0x00, 0x00, 0x00, 0x00, 0x00, 0x00, 0x00,
    0x00, 0x00, 0x00, 0x00, 0x00, 0x00, 0x00, 0x00, 0x00, 0x00, 0x00, 0x00, 0x00, 0x00, 0x00, 0x00,
    0x00, 0x00, 0x00, 0x00, 0x00, 0x00, 0x00, 0x00, 0x00, 0x00, 0x00, 0x00, 0x00, 0x00, 0x00, 0x00,
    0x00, 0x00, 0x00, 0x00, 0x00, 0x00, 0x00, 0x00, 0x00, 0x00, 0x00, 0x00, 0x00, 0x00, 0x00, 0x00,
    0x00, 0x00, 0x00, 0x00, 0x00, 0x00, 0x00, 0x00, 0x00, 0x00, 0x00, 0x00, 0x00, 0x00, 0x00, 0x00,
    0x00, 0x00, 0x00, 0x00, 0x00, 0x00, 0x00, 0x00, 0x00, 0x00, 0x00, 0x00, 0x00, 0x00, 0x00, 0x00,
    0x00, 0x00, 0x00, 0x00, 0x00, 0x00, 0xAD, 0x75, 0x00, 0x00, 0x3A, 0x7A, 0x3A, 0x79, 0x3A, 0x79,
    0x3A, 0x79, 0x3A, 0x7A, 0x3A, 0x9A, 0x3A, 0x9B, 0x3A, 0x9B, 0x42, 0x9B, 0x42, 0xBB, 0x42, 0xBC,
    0x42, 0xBC, 0x42, 0xBB, 0x3A, 0x9B, 0x42, 0xBC, 0x42, 0xDD, 0x42, 0xBD, 0x42, 0xBC, 0x42, 0xBC,
    0x42, 0xBC, 0x42, 0xBD, 0x42, 0x9C, 0x3A, 0x7B, 0x3A, 0x9B, 0x42, 0xBC, 0x42, 0xBC, 0x3A, 0x7B,
    0x3A, 0x59, 0x3A, 0x59, 0x3A, 0x7A, 0x3A, 0x9B, 0x3A, 0x9B, 0x3A, 0x9B, 0x3A, 0x7B, 0x3A, 0x59,
    0x3A, 0x59, 0x3A, 0x7A, 0x3A, 0x7A, 0x3A, 0x7A, 0x3A, 0x7A, 0x3A, 0x7A, 0x3A, 0x7A, 0x3A, 0x7B,
    0x42, 0x9C, 0x42, 0x9C, 0x3A, 0x9B, 0x3A, 0x9B, 0x42, 0x9C, 0x3A, 0x9C, 0x3A, 0x9B, 0x3A, 0x9B,
    0x3A, 0x9B, 0x3A, 0x9B, 0x42, 0x9B, 0x42, 0xBC, 0x42, 0xBC, 0x42, 0xBC, 0x42, 0xBC, 0x42, 0xBC,
    0x42, 0xBC, 0x42, 0xBB, 0x3A, 0x9A, 0x42, 0xBB, 0x42, 0xBC, 0x42, 0xBC, 0x42, 0xBC, 0x42, 0xBB,
    0x3A, 0x79, 0x3A, 0x79, 0x3A, 0x79, 0x3A, 0x7A, 0x3A, 0x79, 0x3A, 0x58, 0x3A, 0x79, 0x3A, 0x7A,
    0x3A, 0x9A, 0x3A, 0x9A, 0x3A, 0x9B, 0x3A, 0x7B, 0x32, 0x16, 0x00, 0x00, 0x63, 0xBA, 0x7C, 0x9F,
    0x7C, 0x7F, 0x7C, 0x7F, 0x7C, 0x7F, 0x7C, 0x7F, 0x7C, 0x7F, 0x7C, 0x7F, 0x7C, 0x5F, 0x7C, 0x7F,
    0x7C, 0x9F, 0x84, 0x9F, 0x7C, 0x9F, 0x7C, 0x9F, 0x7C, 0x5F, 0x7C, 0x5F, 0x7C, 0x5F, 0x7C, 0x7F,
    0x7C, 0x5F, 0x74, 0x3F, 0x7C, 0x5F, 0x74, 0x5F, 0x7C, 0x5F, 0x7C, 0x5F, 0x7C, 0x5F, 0x74, 0x5F,
    0x7C, 0x5F, 0x7C, 0x9F, 0x7C, 0x9F, 0x7C, 0x7F, 0x7C, 0x7F, 0x7C, 0x9F, 0x84, 0xBF, 0x84, 0xBF,
    0x84, 0x9F, 0x84, 0x9F, 0x84, 0xBF, 0x84, 0xBF, 0x84, 0xBF, 0x7C, 0x7F, 0x7C, 0x7F, 0x7C, 0x9F,
    0x7C, 0x9F, 0x7C, 0x5F, 0x74, 0x3F, 0x74, 0x3F, 0x74, 0x5F, 0x7C, 0x5F, 0x7C, 0x7F, 0x7C, 0x7F,
    0x7C, 0x7F, 0x74, 0x5F, 0x7C, 0x5F, 0x7C, 0x5F, 0x7C, 0x7F, 0x7C, 0x7F, 0x7C, 0x7F, 0x7C, 0x7F,
    0x7C, 0x7F, 0x7C, 0x7F, 0x7C, 0x9F, 0x7C, 0x9F, 0x7C, 0x7F, 0x7C, 0x7F, 0x7C, 0x7F, 0x7C, 0x7F,
    0x7C, 0x5F, 0x7C, 0x5F, 0x7C, 0x7F, 0x7C, 0x7F, 0x7C, 0x7F, 0x7C, 0x9F, 0x7C, 0x9F, 0x7C, 0x9F,
    0x7C, 0x9F, 0x84, 0xBF, 0x84, 0xBF, 0x84, 0x9F, 0x7C, 0x7F, 0x7C, 0x9F, 0x7C, 0x9F, 0x7C, 0x7F,
    0x3A, 0x7B, 0x3A, 0x7B, 0x3A, 0x7A, 0x3A, 0x7A, 0x3A, 0x7B, 0x3A, 0x9C, 0x42, 0xBC, 0x3A, 0x7A,
    0x3A, 0x7A, 0x3A, 0x9B, 0x42, 0x9C, 0x3A, 0x9C, 0x3A, 0x7B, 0x3A, 0x59, 0x3A, 0x59, 0x3A, 0x59,
    0x3A, 0x5A, 0x3A, 0x7A, 0x3A, 0x7A, 0x3A, 0x59, 0x3A, 0x7A, 0x3A, 0x7B, 0x3A, 0x9B, 0x3A, 0x9C,
    0x3A, 0x9B, 0x3A, 0x7B, 0x3A, 0x7B, 0x3A, 0x9B, 0x3A, 0x9B, 0x3A, 0x7A, 0x3A, 0x7B, 0x42, 0x9C,
    0x42, 0xBC, 0x3A, 0x9C, 0x3A, 0x9B, 0x3A, 0x9B, 0x42, 0x9B, 0x3A, 0x9B, 0x3A, 0x9A, 0x3A, 0x79,
    0x3A, 0x79, 0x3A, 0x9A, 0x3A, 0x79, 0x3A, 0x37, 0x32, 0x37, 0x3A, 0x58, 0x3A, 0x7A, 0x3A, 0x7A,
    0x3A, 0x79, 0x3A, 0x58, 0x3A, 0x58, 0x3A, 0x58, 0x32, 0x58, 0x3A, 0x59, 0x3A, 0x59, 0x3A, 0x59,
    0x3A, 0x7A, 0x3A, 0x7A, 0x3A, 0x59, 0x3A, 0x9B, 0x42, 0xBC, 0x42, 0x9C, 0x3A, 0x9B, 0x3A, 0x7A,
    0x3A, 0x7A, 0x3A, 0x7A, 0x3A, 0x5A, 0x3A, 0x7A, 0x3A, 0x5A, 0x3A, 0x59, 0x3A, 0x7A, 0x3A, 0x7B,
    0x3A, 0x7A, 0x3A, 0x5A, 0x3A, 0x7B, 0x3A, 0x9C, 0x3A, 0x9C, 0x3A, 0x7A, 0x3A, 0x7A, 0x00, 0x00,
    0xAD, 0x75, 0x00, 0x00, 0x00, 0x00, 0x00, 0x00, 0x00, 0x00, 0x00, 0x00, 0x00, 0x00, 0x00, 0x00,
    0x00, 0x00, 0x00, 0x00, 0x00, 0x00, 0x00, 0x00, 0x00, 0x00, 0x00, 0x00, 0x00, 0x00, 0x00, 0x00,
    0x00, 0x00, 0x00, 0x00, 0x00, 0x00, 0x00, 0x00, 0x00, 0x00, 0x00, 0x00, 0x00, 0x00, 0x00, 0x00,
    0x00, 0x00, 0x00, 0x00, 0x00, 0x00, 0x00, 0x00, 0x00, 0x00, 0x00, 0x00, 0x00, 0x00, 0x00, 0x00,
    0x00, 0x00, 0x00, 0x00, 0x00, 0x00, 0x00, 0x00, 0x00, 0x00, 0x00, 0x00, 0x00, 0x00, 0x00, 0x00,
    0x00, 0x00, 0x00, 0x00, 0x00, 0x00, 0x00, 0x00, 0x00, 0x00, 0x00, 0x00, 0x00, 0x00, 0x00, 0x00,
    0x00, 0x00, 0x00, 0x00, 0x00, 0x00, 0x00, 0x00, 0x00, 0x00, 0x00, 0x00, 0x00, 0x00, 0x00, 0x00,
    0x00, 0x00, 0x00, 0x00, 0x00, 0x00, 0x00, 0x00, 0x00, 0x00, 0x00, 0x00, 0x00, 0x00, 0x00, 0x00,
    0x00, 0x00, 0x00, 0x00, 0x00, 0x00, 0x00, 0x00, 0x00, 0x00, 0x00, 0x00, 0x00, 0x00, 0x00, 0x00,
    0x00, 0x00, 0x00, 0x00, 0x00, 0x00, 0xAD, 0x75, 0x00, 0x00, 0x3A, 0x9A, 0x3A, 0x9A, 0x3A, 0x79,
    0x3A, 0x7A, 0x3A, 0x9B, 0x42, 0x9B, 0x42, 0xBC, 0x42, 0xBC, 0x42, 0x9B, 0x42, 0x9B, 0x42, 0xBB,
    0x42, 0x9B, 0x3A, 0x7A, 0x3A, 0x7B, 0x42, 0x9C, 0x42, 0xBC, 0x3A, 0x9C, 0x3A, 0x9B, 0x3A, 0x9B,
    0x3A, 0x9B, 0x42, 0x9B, 0x3A, 0x7A, 0x3A, 0x59, 0x3A, 0x59, 0x3A, 0x7A, 0x3A, 0x59, 0x32, 0x37,
    0x32, 0x16, 0x32, 0x38, 0x3A, 0x5A, 0x3A, 0x7A, 0x3A, 0x59, 0x32, 0x38, 0x32, 0x38, 0x32, 0x38,
    0x32, 0x38, 0x32, 0x58, 0x3A, 0x59, 0x3A, 0x59, 0x3A, 0x5A, 0x3A, 0x59, 0x3A, 0x59, 0x3A, 0x7B,
    0x3A, 0x9C, 0x3A, 0x9C, 0x3A, 0x7B, 0x3A, 0x7A, 0x3A, 0x7A, 0x3A, 0x7A, 0x3A, 0x7A, 0x3A, 0x7A,
    0x3A, 0x7A, 0x3A, 0x7A, 0x3A, 0x7A, 0x3A, 0x7B, 0x3A, 0x7A, 0x3A, 0x7A, 0x3A, 0x9B, 0x42, 0x9C,
    0x42, 0xBC, 0x3A, 0x9B, 0x3A, 0x7A, 0x42, 0xBB, 0x42, 0xBC, 0x42, 0xBC, 0x42, 0xBB, 0x3A, 0x79,
    0x3A, 0x79, 0x3A, 0x7A, 0x3A, 0x9A, 0x3A, 0x9A, 0x3A, 0x9A, 0x3A, 0x59, 0x3A, 0x7A, 0x3A, 0x7B,
    0x3A, 0x9B, 0x3A, 0x9C, 0x3A, 0x9C, 0x3A, 0x9B, 0x32, 0x16, 0x00, 0x00, 0x63, 0x9A, 0x7C, 0x7F,
    0x7C, 0x5F, 0x74, 0x5F, 0x74, 0x5F, 0x7C, 0x5F, 0x7C, 0x5F, 0x74, 0x5F, 0x74, 0x3F, 0x7C, 0x7F,
    0x7C, 0x9F, 0x7C, 0x9F, 0x7C, 0x7F, 0x7C, 0x5F, 0x7C, 0x5F, 0x7C, 0x7F, 0x7C, 0x7F, 0x7C, 0x7F,
    0x7C, 0x5F, 0x7C, 0x5F, 0x7C, 0x5F, 0x7C, 0x7F, 0x7C, 0x7F, 0x7C, 0x7F, 0x7C, 0x7F, 0x74, 0x5F,
    0x74, 0x5F, 0x7C, 0x5F, 0x7C, 0x5F, 0x74, 0x5F, 0x7C, 0x5F, 0x7C, 0x9F, 0x7C, 0x9F, 0x7C, 0x7F,
    0x7C, 0x7F, 0x7C, 0x7F, 0x7C, 0x9F, 0x7C, 0x7F, 0x7C, 0x7F, 0x74, 0x5F, 0x74, 0x5F, 0x7C, 0x5F,
    0x74, 0x5F, 0x74, 0x1F, 0x6B, 0xFE, 0x74, 0x1F, 0x74, 0x3F, 0x74, 0x3F, 0x74, 0x3F, 0x74, 0x1F,
    0x74, 0x1F, 0x74, 0x1F, 0x74, 0x3F, 0x74, 0x3F, 0x7C, 0x5F, 0x7C, 0x5F, 0x7C, 0x7F, 0x7C, 0x7F,
    0x7C, 0x5F, 0x7C, 0x7F, 0x84, 0x9F, 0x7C, 0x9F, 0x7C, 0x7F, 0x7C, 0x5F, 0x74, 0x3F, 0x74, 0x3F,
    0x74, 0x3F, 0x74, 0x3F, 0x74, 0x3F, 0x74, 0x3F, 0x7C, 0x5F, 0x7C, 0x7F, 0x7C, 0x5F, 0x7C, 0x5F,
    0x7C, 0x7F, 0x7C, 0x9F, 0x7C, 0x9F, 0x7C, 0x7F, 0x7C, 0x7F, 0x7C, 0x9F, 0x7C, 0x9F, 0x7C, 0x7F,
    0x3A, 0x7B, 0x3A, 0x59, 0x3A, 0x59, 0x3A, 0x59, 0x3A, 0x7A, 0x3A, 0x7B, 0x3A, 0x7B, 0x3A, 0x5A,
    0x3A, 0x5A, 0x3A, 0x7B, 0x3A, 0x7B, 0x3A, 0x5A, 0x32, 0x39, 0x32, 0x39, 0x3A, 0x5A, 0x3A, 0x7B,
    0x3A, 0x7B, 0x3A, 0x7C, 0x3A, 0x9C, 0x3A, 0x7B, 0x3A, 0x7C, 0x3A, 0x9C, 0x3A, 0x9C, 0x3A, 0x7B,
    0x3A, 0x7A, 0x3A, 0x59, 0x3A, 0x59, 0x3A, 0x59, 0x3A, 0x59, 0x3A, 0x59, 0x3A, 0x7A, 0x3A, 0x9B,
    0x3A, 0x7B, 0x3A, 0x59, 0x3A, 0x59, 0x3A, 0x59, 0x32, 0x58, 0x32, 0x58, 0x32, 0x38, 0x32, 0x38,
    0x32, 0x38, 0x3A, 0x59, 0x3A, 0x58, 0x3A, 0x37, 0x3A, 0x58, 0x3A, 0x9A, 0x42, 0x9B, 0x3A, 0x7B,
    0x3A, 0x7A, 0x3A, 0x59, 0x3A, 0x59, 0x3A, 0x59, 0x3A, 0x59, 0x3A, 0x59, 0x3A, 0x7A, 0x3A, 0x7A,
    0x3A, 0x7A, 0x3A, 0x7A, 0x3A, 0x59, 0x3A, 0x7B, 0x3A, 0x9C, 0x3A, 0x9B, 0x3A, 0x7B, 0x3A, 0x59,
    0x3A, 0x59, 0x3A, 0x59, 0x32, 0x59, 0x3A, 0x7A, 0x32, 0x59, 0x32, 0x59, 0x32, 0x59, 0x32, 0x59,
    0x32, 0x39, 0x32, 0x39, 0x3A, 0x5A, 0x3A, 0x7B, 0x3A, 0x7B, 0x3A, 0x5A, 0x3A, 0x5A, 0x00, 0x00,
    0xAD, 0x75, 0x00, 0x00, 0x00, 0x00, 0x00, 0x00, 0x00, 0x00, 0x00, 0x00, 0x00, 0x00, 0x00, 0x00,
    0x00, 0x00, 0x00, 0x00, 0x00, 0x00, 0x00, 0x00, 0x00, 0x00, 0x00, 0x00, 0x00, 0x00, 0x00, 0x00,
    0x00, 0x00, 0x00, 0x00, 0x00, 0x00, 0x00, 0x00, 0x00, 0x00, 0x00, 0x00, 0x00, 0x00, 0x00, 0x00,
    0x00, 0x00, 0x00, 0x00, 0x00, 0x00, 0x00, 0x00, 0x00, 0x00, 0x00, 0x00, 0x00, 0x00, 0x00, 0x00,
    0x00, 0x00, 0x00, 0x00, 0x00, 0x00, 0x00, 0x00, 0x00, 0x00, 0x00, 0x00, 0x00, 0x00, 0x00, 0x00,
    0x00, 0x00, 0x00, 0x00, 0x00, 0x00, 0x00, 0x00, 0x00, 0x00, 0x00, 0x00, 0x00, 0x00, 0x00, 0x00,
    0x00, 0x00, 0x00, 0x00, 0x00, 0x00, 0x00, 0x00, 0x00, 0x00, 0x00, 0x00, 0x00, 0x00, 0x00, 0x00,
    0x00, 0x00, 0x00, 0x00, 0x00, 0x00, 0x00, 0x00, 0x00, 0x00, 0x00, 0x00, 0x00, 0x00, 0x00, 0x00,
    0x00, 0x00, 0x00, 0x00, 0x00, 0x00, 0x00, 0x00, 0x00, 0x00, 0x00, 0x00, 0x00, 0x00, 0x00, 0x00,
    0x00, 0x00, 0x00, 0x00, 0x00, 0x00, 0xAD, 0x75, 0x00, 0x00, 0x42, 0x9C, 0x42, 0xBC, 0x3A, 0x9C,
    0x42, 0xBC, 0x42, 0xBD, 0x42, 0xBC, 0x42, 0x9B, 0x3A, 0x9A, 0x3A, 0x7A, 0x3A, 0x79, 0x3A, 0x7A,
    0x3A, 0x59, 0x3A, 0x59, 0x3A, 0x7A, 0x3A, 0x9B, 0x3A, 0x7B, 0x3A, 0x59, 0x3A, 0x59, 0x3A, 0x59,
    0x32, 0x58, 0x32, 0x38, 0x32, 0x38, 0x32, 0x38, 0x32, 0x38, 0x3A, 0x59, 0x32, 0x38, 0x32, 0x17,
    0x32, 0x38, 0x3A, 0x7A, 0x3A, 0x7B, 0x3A, 0x7B, 0x32, 0x59, 0x32, 0x39, 0x32, 0x39, 0x32, 0x59,
    0x32, 0x59, 0x32, 0x59, 0x3A, 0x5A, 0x3A, 0x5A, 0x3A, 0x5A, 0x3A, 0x5A, 0x32, 0x59, 0x3A, 0x7B,
    0x3A, 0x9C, 0x3A, 0x7B, 0x3A, 0x7B, 0x3A, 0x59, 0x3A, 0x59, 0x3A, 0x59, 0x3A, 0x7A, 0x3A, 0x59,
    0x3A, 0x59, 0x3A, 0x59, 0x3A, 0x59, 0x3A, 0x59, 0x3A, 0x59, 0x3A, 0x59, 0x3A, 0x7A, 0x3A, 0x7B,
    0x3A, 0x7B, 0x3A, 0x7A, 0x3A, 0x7A, 0x3A, 0x9B, 0x3A, 0x9C, 0x3A, 0x9A, 0x3A, 0x79, 0x3A, 0x59,
    0x3A, 0x7A, 0x42, 0x9B, 0x3A, 0x9B, 0x42, 0x9C, 0x42, 0xBC, 0x3A, 0x9C, 0x3A, 0x9C, 0x42, 0xBC,
    0x42, 0x9C, 0x3A, 0x9B, 0x3A, 0x7A, 0x3A, 0x59, 0x32, 0x16, 0x00, 0x00, 0x63, 0x9A, 0x74, 0x3F,
    0x74, 0x1F, 0x74, 0x3F, 0x74, 0x3F, 0x74, 0x3F, 0x74, 0x3F, 0x74, 0x3F, 0x74, 0x3F, 0x7C, 0x5F,
    0x7C, 0x7F, 0x7C, 0x5F, 0x74, 0x3F, 0x74, 0x5F, 0x7C, 0x5F, 0x7C, 0x7F, 0x7C, 0x9F, 0x7C, 0x9F,
    0x7C, 0x9F, 0x7C, 0x7F, 0x7C, 0x7F, 0x7C, 0x7F, 0x7C, 0x7F, 0x74, 0x5F, 0x74, 0x3F, 0x74, 0x1F,
    0x74, 0x1F, 0x74, 0x3F, 0x74, 0x1F, 0x74, 0x1F, 0x74, 0x5F, 0x7C, 0x7F, 0x7C, 0x7F, 0x74, 0x5F,
    0x74, 0x3F, 0x7C, 0x5F, 0x74, 0x5F, 0x74, 0x3F, 0x74, 0x3F, 0x74, 0x1F, 0x74, 0x3F, 0x74, 0x1F,
    0x74, 0x1F, 0x6B, 0xFE, 0x74, 0x1F, 0x74, 0x3F, 0x74, 0x3F, 0x74, 0x3F, 0x74, 0x3F, 0x74, 0x1F,
    0x74, 0x3F, 0x74, 0x3F, 0x74, 0x5F, 0x74, 0x3F, 0x74, 0x5F, 0x7C, 0x5F, 0x7C, 0x7F, 0x7C, 0x7F,
    0x74, 0x5F, 0x7C, 0x7F, 0x7C, 0x7F, 0x7C, 0x7F, 0x74, 0x5F, 0x74, 0x3F, 0x74, 0x1F, 0x74, 0x3F,
    0x74, 0x1F, 0x74, 0x1F, 0x74, 0x3F, 0x74, 0x3F, 0x74, 0x3F, 0x74, 0x3F, 0x74, 0x3F, 0x74, 0x3F,
    0x7C, 0x5F, 0x7C, 0x7F, 0x7C, 0x7F, 0x7C, 0x7F, 0x7C, 0x5F, 0x7C, 0x7F, 0x7C, 0x7F, 0x7C, 0x7F,
    0x3A, 0x7B, 0x3A, 0x5A, 0x3A, 0x5A, 0x3A, 0x7B, 0x3A, 0x7B, 0x3A, 0x5A, 0x3A, 0x5A, 0x32, 0x59,
    0x32, 0x59, 0x3A, 0x5A, 0x3A, 0x7B, 0x32, 0x5A, 0x32, 0x59, 0x32, 0x5A, 0x3A, 0x7B, 0x3A, 0x7B,
    0x3A, 0x7B, 0x3A, 0x7C, 0x3A, 0x9C, 0x3A, 0x7C, 0x3A, 0x7B, 0x3A, 0x7C, 0x3A, 0x7B, 0x32, 0x39,
    0x32, 0x38, 0x32, 0x38, 0x32, 0x39, 0x32, 0x59, 0x3A, 0x5A, 0x3A, 0x7B, 0x3A, 0x7C, 0x3A, 0x7B,
    0x3A, 0x5A, 0x3A, 0x59, 0x3A, 0x59, 0x3A, 0x59, 0x3A, 0x59, 0x3A, 0x59, 0x3A, 0x59, 0x3A, 0x7A,
    0x3A, 0x7A, 0x3A, 0x7A, 0x3A, 0x7A, 0x3A, 0x7A, 0x3A, 0x9B, 0x42, 0xBC, 0x42, 0xBD, 0x42, 0x9C,
    0x3A, 0x9B, 0x3A, 0x7B, 0x3A, 0x9B, 0x3A, 0x9C, 0x3A, 0x9B, 0x3A, 0x7B, 0x3A, 0x7B, 0x3A, 0x7B,
    0x3A, 0x7B, 0x3A, 0x7B, 0x3A, 0x7B, 0x3A, 0x7B, 0x3A, 0x7B, 0x3A, 0x5A, 0x3A, 0x5A, 0x32, 0x59,
    0x32, 0x59, 0x3A, 0x5A, 0x3A, 0x7B, 0x3A, 0x5A, 0x3A, 0x5A, 0x32, 0x5A, 0x32, 0x5A, 0x3A, 0x5A,
    0x3A, 0x5A, 0x3A, 0x7B, 0x3A, 0x7B, 0x3A, 0x5A, 0x32, 0x5A, 0x32, 0x59, 0x32, 0x59, 0x00, 0x00,
    0xAD, 0x75, 0x00, 0x00, 0x00, 0x00, 0x00, 0x00, 0x00, 0x00, 0x00, 0x00, 0x00, 0x00, 0x00, 0x00,
    0x00, 0x00, 0x00, 0x00, 0x00, 0x00, 0x00, 0x00, 0x00, 0x00, 0x00, 0x00, 0x00, 0x00, 0x00, 0x00,
    0x00, 0x00, 0x00, 0x00, 0x00, 0x00, 0x00, 0x00, 0x00, 0x00, 0x00, 0x00, 0x00, 0x00, 0x00, 0x00,
    0x00, 0x00, 0x00, 0x00, 0x00, 0x00, 0x00, 0x00, 0x00, 0x00, 0x00, 0x00, 0x00, 0x00, 0x00, 0x00,
    0x00, 0x00, 0x00, 0x00, 0x00, 0x00, 0x00, 0x00, 0x00, 0x00, 0x00, 0x00, 0x00, 0x00, 0x00, 0x00,
    0x00, 0x00, 0x00, 0x00, 0x00, 0x00, 0x00, 0x00, 0x00, 0x00, 0x00, 0x00, 0x00, 0x00, 0x00, 0x00,
    0x00, 0x00, 0x00, 0x00, 0x00, 0x00, 0x00, 0x00, 0x00, 0x00, 0x00, 0x00, 0x00, 0x00, 0x00, 0x00,
    0x00, 0x00, 0x00, 0x00, 0x00, 0x00, 0x00, 0x00, 0x00, 0x00, 0x00, 0x00, 0x00, 0x00, 0x00, 0x00,
    0x00, 0x00, 0x00, 0x00, 0x00, 0x00, 0x00, 0x00, 0x00, 0x00, 0x00, 0x00, 0x00, 0x00, 0x00, 0x00,
    0x00, 0x00, 0x00, 0x00, 0x00, 0x00, 0xAD, 0x75, 0x00, 0x00, 0x3A, 0x9C, 0x42, 0x9C, 0x42, 0x9C,
    0x3A, 0x9B, 0x42, 0x9C, 0x3A, 0x7B, 0x3A, 0x59, 0x3A, 0x58, 0x3A, 0x58, 0x3A, 0x59, 0x3A, 0x7A,
    0x3A, 0x7A, 0x3A, 0x7B, 0x3A, 0x9C, 0x3A, 0x9B, 0x3A, 0x5A, 0x3A, 0x59, 0x3A, 0x59, 0x32, 0x59,
    0x32, 0x59, 0x32, 0x39, 0x32, 0x59, 0x3A, 0x5A, 0x3A, 0x5A, 0x3A, 0x5A, 0x3A, 0x5A, 0x3A, 0x5A,
    0x3A, 0x7B, 0x3A, 0x9C, 0x3A, 0x9C, 0x3A, 0x7C, 0x3A, 0x7B, 0x3A, 0x7B, 0x3A, 0x7B, 0x3A, 0x7C,
    0x3A, 0x7B, 0x3A, 0x7B, 0x3A, 0x7B, 0x3A, 0x7B, 0x3A, 0x7B, 0x3A, 0x7B, 0x3A, 0x7B, 0x3A, 0x7B,
    0x3A, 0x7B, 0x3A, 0x5A, 0x3A, 0x5A, 0x32, 0x59, 0x32, 0x59, 0x3A, 0x5A, 0x3A, 0x7B, 0x3A, 0x5A,
    0x3A, 0x5A, 0x3A, 0x5A, 0x3A, 0x5A, 0x3A, 0x7A, 0x3A, 0x7A, 0x3A, 0x7B, 0x3A, 0x7B, 0x3A, 0x7A,
    0x3A, 0x7A, 0x3A, 0x59, 0x3A, 0x59, 0x3A, 0x7A, 0x3A, 0x7B, 0x3A, 0x7A, 0x3A, 0x59, 0x3A, 0x7A,
    0x3A, 0x7B, 0x3A, 0x9B, 0x3A, 0x9B, 0x3A, 0x9C, 0x42, 0x9C, 0x3A, 0x9C, 0x3A, 0x9B, 0x3A, 0x9C,
    0x3A, 0x7B, 0x3A, 0x59, 0x32, 0x38, 0x32, 0x38, 0x31, 0xF6, 0x00, 0x00, 0x63, 0x9A, 0x74, 0x3F,
    0x74, 0x3F, 0x74, 0x3F, 0x74, 0x3F, 0x74, 0x3F, 0x74, 0x3F, 0x74, 0x1F, 0x74, 0x1F, 0x74, 0x3F,
    0x74, 0x5F, 0x74, 0x3F, 0x74, 0x5F, 0x7C, 0x5F, 0x7C, 0x7F, 0x7C, 0x7F, 0x7C, 0x7F, 0x7C, 0x9F,
    0x7C, 0x9F, 0x7C, 0x9F, 0x7C, 0x5F, 0x7C, 0x5F, 0x74, 0x5F, 0x74, 0x1F, 0x6B, 0xFF, 0x6B, 0xFF,
    0x6C, 0x1F, 0x74, 0x1F, 0x74, 0x3F, 0x74, 0x5F, 0x7C, 0x5F, 0x7C, 0x5F, 0x74, 0x3F, 0x74, 0x5F,
    0x74, 0x3F, 0x74, 0x5F, 0x74, 0x5F, 0x74, 0x5F, 0x74, 0x3F, 0x7C, 0x5F, 0x74, 0x3F, 0x74, 0x3F,
    0x74, 0x3F, 0x74, 0x1F, 0x74, 0x3F, 0x74, 0x5F, 0x74, 0x5F, 0x74, 0x5F, 0x74, 0x3F, 0x74, 0x3F,
    0x7C, 0x5F, 0x7C, 0x7F, 0x7C, 0x5F, 0x7C, 0x7F, 0x7C, 0x7F, 0x7C, 0x7F, 0x7C, 0x7F, 0x7C, 0x7F,
    0x7C, 0x7F, 0x7C, 0x7F, 0x7C, 0x7F, 0x74, 0x5F, 0x74, 0x3F, 0x74, 0x3F, 0x74, 0x3F, 0x74, 0x3F,
    0x74, 0x3F, 0x74, 0x3F, 0x74, 0x3F, 0x74, 0x1F, 0x74, 0x3F, 0x74, 0x3F, 0x74, 0x5F, 0x74, 0x5F,
    0x7C, 0x7F, 0x7C, 0x5F, 0x7C, 0x5F, 0x74, 0x5F, 0x74, 0x5F, 0x7C, 0x5F, 0x7C, 0x7F, 0x74, 0x5F,
    0x3A, 0x7B, 0x3A, 0x7B, 0x3A, 0x7B, 0x3A, 0x7B, 0x3A, 0x7B, 0x3A, 0x7B, 0x3A, 0x5A, 0x32, 0x5A,
    0x32, 0x59, 0x32, 0x5A, 0x3A, 0x5A, 0x3A, 0x5A, 0x3A, 0x7B, 0x3A, 0x7B, 0x3A, 0x5B, 0x3A, 0x7B,
    0x3A, 0x7B, 0x32, 0x5A, 0x3A, 0x7B, 0x32, 0x59, 0x32, 0x38, 0x32, 0x39, 0x32, 0x38, 0x32, 0x38,
    0x32, 0x38, 0x32, 0x59, 0x32, 0x5A, 0x3A, 0x7B, 0x3A, 0x7B, 0x3A, 0x9C, 0x3A, 0x7C, 0x32, 0x5A,
    0x32, 0x59, 0x3A, 0x5A, 0x3A, 0x7B, 0x3A, 0x7B, 0x3A, 0x7B, 0x3A, 0x7B, 0x3A, 0x7B, 0x3A, 0x7C,
    0x3A, 0x7C, 0x3A, 0x5A, 0x3A, 0x7B, 0x3A, 0x9B, 0x3A, 0x9C, 0x42, 0x9C, 0x3A, 0x9C, 0x3A, 0x9B,
    0x3A, 0x7A, 0x3A, 0x5A, 0x3A, 0x7B, 0x3A, 0x7C, 0x3A, 0x7C, 0x3A, 0x7B, 0x3A, 0x7B, 0x3A, 0x7C,
    0x3A, 0x7C, 0x3A, 0x7B, 0x3A, 0x7B, 0x3A, 0x7C, 0x3A, 0x7B, 0x3A, 0x7B, 0x3A, 0x5A, 0x3A, 0x5A,
    0x32, 0x5A, 0x3A, 0x7B, 0x3A, 0x7B, 0x3A, 0x7B, 0x32, 0x5A, 0x32, 0x5A, 0x3A, 0x7B, 0x3A, 0x7B,
    0x3A, 0x7B, 0x3A, 0x7B, 0x3A, 0x7B, 0x32, 0x5B, 0x3A, 0x5A, 0x32, 0x5A, 0x32, 0x59, 0x00, 0x00,
    0xAD, 0x75, 0x00, 0x00, 0x00, 0x00, 0x00, 0x00, 0x00, 0x00, 0x00, 0x00, 0x00, 0x00, 0x00, 0x00,
    0x00, 0x00, 0x00, 0x00, 0x00, 0x00, 0x00, 0x00, 0x00, 0x00, 0x00, 0x00, 0x00, 0x00, 0x00, 0x00,
    0x00, 0x00, 0x00, 0x00, 0x00, 0x00, 0x00, 0x00, 0x00, 0x00, 0x00, 0x00, 0x00, 0x00, 0x00, 0x00,
    0x00, 0x00, 0x00, 0x00, 0x00, 0x00, 0x00, 0x00, 0x00, 0x00, 0x00, 0x00, 0x00, 0x00, 0x00, 0x00,
    0x00, 0x00, 0x00, 0x00, 0x00, 0x00, 0x00, 0x00, 0x00, 0x00, 0x00, 0x00, 0x00, 0x00, 0x00, 0x00,
    0x00, 0x00, 0x00, 0x00, 0x00, 0x00, 0x00, 0x00, 0x00, 0x00, 0x00, 0x00, 0x00, 0x00, 0x00, 0x00,
    0x00, 0x00, 0x00, 0x00, 0x00, 0x00, 0x00, 0x00, 0x00, 0x00, 0x00, 0x00, 0x00, 0x00, 0x00, 0x00,
    0x00, 0x00, 0x00, 0x00, 0x00, 0x00, 0x00, 0x00, 0x00, 0x00, 0x00, 0x00, 0x00, 0x00, 0x00, 0x00,
    0x00, 0x00, 0x00, 0x00, 0x00, 0x00, 0x00, 0x00, 0x00, 0x00, 0x00, 0x00, 0x00, 0x00, 0x00, 0x00,
    0x00, 0x00, 0x00, 0x00, 0x00, 0x00, 0xAD, 0x75, 0x00, 0x00, 0x3A, 0x5A, 0x3A, 0x7B, 0x3A, 0x59,
    0x32, 0x58, 0x3A, 0x59, 0x32, 0x58, 0x32, 0x38, 0x32, 0x58, 0x3A, 0x59, 0x3A, 0x5A, 0x3A, 0x7B,
    0x3A, 0x7B, 0x3A, 0x9C, 0x3A, 0x7C, 0x3A, 0x5A, 0x32, 0x59, 0x3A, 0x5A, 0x3A, 0x7B, 0x3A, 0x7B,
    0x3A, 0x7B, 0x3A, 0x7B, 0x3A, 0x7B, 0x3A, 0x7C, 0x3A, 0x7C, 0x3A, 0x5A, 0x3A, 0x7B, 0x3A, 0x7B,
    0x3A, 0x7C, 0x3A, 0x7C, 0x3A, 0x7C, 0x3A, 0x7B, 0x32, 0x5A, 0x3A, 0x5A, 0x3A, 0x7B, 0x3A, 0x7C,
    0x3A, 0x7C, 0x3A, 0x7B, 0x3A, 0x7B, 0x3A, 0x7C, 0x3A, 0x7C, 0x3A, 0x7B, 0x3A, 0x7B, 0x3A, 0x7C,
    0x3A, 0x7B, 0x3A, 0x7B, 0x3A, 0x5A, 0x3A, 0x5A, 0x32, 0x5A, 0x3A, 0x7B, 0x3A, 0x7B, 0x3A, 0x7B,
    0x32, 0x5A, 0x32, 0x5A, 0x3A, 0x7B, 0x3A, 0x7B, 0x3A, 0x7B, 0x3A, 0x7B, 0x3A, 0x7B, 0x3A, 0x7B,
    0x3A, 0x5A, 0x3A, 0x5A, 0x3A, 0x59, 0x3A, 0x5A, 0x3A, 0x7A, 0x3A, 0x7A, 0x3A, 0x7B, 0x3A, 0x7B,
    0x3A, 0x7B, 0x3A, 0x7B, 0x3A, 0x7B, 0x3A, 0x5A, 0x3A, 0x7B, 0x32, 0x59, 0x32, 0x38, 0x32, 0x39,
    0x32, 0x38, 0x32, 0x38, 0x32, 0x58, 0x32, 0x59, 0x29, 0xF6, 0x00, 0x00, 0x63, 0x7A, 0x74, 0x3F,
    0x74, 0x5F, 0x74, 0x5F, 0x74, 0x3F, 0x74, 0x3F, 0x74, 0x3F, 0x74, 0x1F, 0x74, 0x1F, 0x74, 0x1F,
    0x74, 0x3F, 0x74, 0x5F, 0x7C, 0x5F, 0x7C, 0x5F, 0x7C, 0x5F, 0x7C, 0x7F, 0x7C, 0x7F, 0x74, 0x5F,
    0x74, 0x5F, 0x74, 0x3F, 0x74, 0x1F, 0x74, 0x1F, 0x6B, 0xFF, 0x6B, 0xFF, 0x6C, 0x1F, 0x74, 0x1F,
    0x74, 0x3F, 0x74, 0x3F, 0x74, 0x5F, 0x74, 0x5F, 0x7C, 0x7F, 0x74, 0x3F, 0x74, 0x3F, 0x74, 0x3F,
    0x74, 0x5F, 0x7C, 0x7F, 0x7C, 0x7F, 0x7C, 0x7F, 0x7C, 0x7F, 0x7C, 0x7F, 0x7C, 0x5F, 0x74, 0x5F,
    0x74, 0x3F, 0x74, 0x3F, 0x74, 0x5F, 0x74, 0x5F, 0x74, 0x3F, 0x74, 0x3F, 0x74, 0x3F, 0x74, 0x3F,
    0x74, 0x3F, 0x7C, 0x5F, 0x7C, 0x5F, 0x7C, 0x5F, 0x7C, 0x5F, 0x7C, 0x7F, 0x7C, 0x7F, 0x7C, 0x7F,
    0x7C, 0x5F, 0x7C, 0x7F, 0x7C, 0x5F, 0x74, 0x5F, 0x74, 0x5F, 0x74, 0x3F, 0x74, 0x3F, 0x74, 0x3F,
    0x74, 0x3F, 0x74, 0x3F, 0x74, 0x3F, 0x74, 0x1F, 0x74, 0x3F, 0x74, 0x5F, 0x7C, 0x5F, 0x7C, 0x5F,
    0x7C, 0x5F, 0x74, 0x5F, 0x7C, 0x5F, 0x7C, 0x5F, 0x74, 0x5F, 0x7C, 0x5F, 0x74, 0x5F, 0x74, 0x5F,
    0x3A, 0x7B, 0x3A, 0x7B, 0x3A, 0x5B, 0x32, 0x5A, 0x32, 0x5A, 0x32, 0x5B, 0x3A, 0x7B, 0x3A, 0x7B,
    0x32, 0x5B, 0x32, 0x5B, 0x32, 0x5B, 0x3A, 0x5B, 0x3A, 0x7B, 0x3A, 0x5B, 0x32, 0x5A, 0x32, 0x39,
    0x32, 0x5A, 0x32, 0x5A, 0x32, 0x39, 0x32, 0x39, 0x32, 0x18, 0x32, 0x39, 0x32, 0x39, 0x32, 0x5A,
    0x3A, 0x5B, 0x3A, 0x7B, 0x3A, 0x7B, 0x3A, 0x7B, 0x3A, 0x7C, 0x3A, 0x7B, 0x32, 0x5A, 0x32, 0x39,
    0x32, 0x59, 0x3A, 0x7B, 0x3A, 0x9C, 0x3A, 0x9C, 0x3A, 0x7C, 0x3A, 0x7B, 0x3A, 0x7C, 0x3A, 0x9D,
    0x3A, 0x9C, 0x3A, 0x5A, 0x3A, 0x5A, 0x3A, 0x7C, 0x3A, 0x7B, 0x3A, 0x5A, 0x32, 0x59, 0x32, 0x59,
    0x32, 0x39, 0x32, 0x59, 0x3A, 0x5A, 0x3A, 0x7B, 0x3A, 0x7B, 0x3A, 0x7B, 0x3A, 0x7B, 0x3A, 0x7B,
    0x3A, 0x7C, 0x3A, 0x7B, 0x3A, 0x7B, 0x3A, 0x7C, 0x3A, 0x7B, 0x3A, 0x5B, 0x3A, 0x5B, 0x32, 0x5B,
    0x32, 0x5A, 0x32, 0x5A, 0x32, 0x5B, 0x32, 0x5B, 0x32, 0x5A, 0x32, 0x5A, 0x32, 0x5B, 0x3A, 0x7B,
    0x3A, 0x5B, 0x32, 0x5A, 0x32, 0x5A, 0x32, 0x5B, 0x3A, 0x7B, 0x3A, 0x7B, 0x32, 0x5B, 0x00, 0x00,
    0xAD, 0x75, 0x00, 0x00, 0x00, 0x00, 0x00, 0x00, 0x00, 0x00, 0x00, 0x00, 0x00, 0x00, 0x00, 0x00,
    0x00, 0x00, 0x00, 0x00, 0x00, 0x00, 0x00, 0x00, 0x00, 0x00, 0x00, 0x00, 0x00, 0x00, 0x00, 0x00,
    0x00, 0x00, 0x00, 0x00, 0x00, 0x00, 0x00, 0x00, 0x00, 0x00, 0x00, 0x00, 0x00, 0x00, 0x00, 0x00,
    0x00, 0x00, 0x00, 0x00, 0x00, 0x00, 0x00, 0x00, 0x00, 0x00, 0x00, 0x00, 0x00, 0x00, 0x00, 0x00,
    0x00, 0x00, 0x00, 0x00, 0x00, 0x00, 0x00, 0x00, 0x00, 0x00, 0x00, 0x00, 0x00, 0x00, 0x00, 0x00,
    0x00, 0x00, 0x00, 0x00, 0x00, 0x00, 0x00, 0x00, 0x00, 0x00, 0x00, 0x00, 0x00, 0x00, 0x00, 0x00,
    0x00, 0x00, 0x00, 0x00, 0x00, 0x00, 0x00, 0x00, 0x00, 0x00, 0x00, 0x00, 0x00, 0x00, 0x00, 0x00,
    0x00, 0x00, 0x00, 0x00, 0x00, 0x00, 0x00, 0x00, 0x00, 0x00, 0x00, 0x00, 0x00, 0x00, 0x00, 0x00,
    0x00, 0x00, 0x00, 0x00, 0x00, 0x00, 0x00, 0x00, 0x00, 0x00, 0x00, 0x00, 0x00, 0x00, 0x00, 0x00,
    0x00, 0x00, 0x00, 0x00, 0x00, 0x00, 0xAD, 0x75, 0x00, 0x00, 0x3A, 0x5A, 0x32, 0x59, 0x32, 0x39,
    0x32, 0x38, 0x32, 0x39, 0x32, 0x59, 0x3A, 0x5A, 0x3A, 0x7B, 0x3A, 0x7B, 0x3A, 0x7B, 0x3A, 0x7B,
    0x3A, 0x7C, 0x3A, 0x7B, 0x3A, 0x5A, 0x32, 0x39, 0x32, 0x59, 0x3A, 0x7B, 0x3A, 0x9C, 0x3A, 0x9C,
    0x3A, 0x7C, 0x3A, 0x7B, 0x3A, 0x7C, 0x3A, 0x9D, 0x3A, 0x7C, 0x32, 0x5A, 0x32, 0x5A, 0x3A, 0x7C,
    0x3A, 0x7B, 0x32, 0x5A, 0x32, 0x39, 0x32, 0x39, 0x32, 0x39, 0x32, 0x39, 0x32, 0x5A, 0x3A, 0x5B,
    0x3A, 0x7B, 0x3A, 0x5B, 0x32, 0x5B, 0x3A, 0x7B, 0x3A, 0x7C, 0x3A, 0x7B, 0x3A, 0x7B, 0x3A, 0x7C,
    0x3A, 0x7B, 0x3A, 0x5B, 0x3A, 0x5B, 0x32, 0x5B, 0x32, 0x5A, 0x32, 0x5A, 0x32, 0x5B, 0x32, 0x5B,
    0x32, 0x5A, 0x32, 0x5A, 0x3A, 0x7B, 0x3A, 0x7B, 0x3A, 0x7B, 0x3A, 0x5A, 0x3A, 0x5A, 0x3A, 0x7B,
    0x3A, 0x7B, 0x3A, 0x7B, 0x3A, 0x7B, 0x3A, 0x7B, 0x3A, 0x7B, 0x3A, 0x7B, 0x3A, 0x7B, 0x3A, 0x7B,
    0x3A, 0x5A, 0x32, 0x59, 0x3A, 0x5A, 0x3A, 0x5A, 0x32, 0x59, 0x32, 0x39, 0x32, 0x38, 0x32, 0x39,
    0x32, 0x59, 0x32, 0x5A, 0x3A, 0x7B, 0x3A, 0x7B, 0x29, 0xF6, 0x00, 0x00, 0x5B, 0x7A, 0x74, 0x3F,
    0x74, 0x3F, 0x74, 0x3F, 0x74, 0x3F, 0x74, 0x3F, 0x74, 0x3F, 0x74, 0x3F, 0x74, 0x3F, 0x74, 0x3F,
    0x74, 0x3F, 0x74, 0x3F, 0x74, 0x5F, 0x74, 0x5F, 0x74, 0x3F, 0x74, 0x3F, 0x74, 0x3F, 0x74, 0x3F,
    0x74, 0x3F, 0x74, 0x1F, 0x6B, 0xFF, 0x6C, 0x1F, 0x74, 0x1F, 0x74, 0x3F, 0x74, 0x3F, 0x74, 0x3F,
    0x74, 0x3F, 0x74, 0x3F, 0x74, 0x5F, 0x74, 0x5F, 0x74, 0x3F, 0x6C, 0x1F, 0x74, 0x3F, 0x74, 0x5F,
    0x7C, 0x7F, 0x7C, 0x7F, 0x7C, 0x7F, 0x7C, 0x7F, 0x7C, 0x7F, 0x7C, 0x7F, 0x74, 0x5F, 0x74, 0x3F,
    0x74, 0x3F, 0x74, 0x5F, 0x74, 0x3F, 0x74, 0x3F, 0x6C, 0x1F, 0x6C, 0x1F, 0x6C, 0x1F, 0x6C, 0x1F,
    0x74, 0x3F, 0x74, 0x3F, 0x74, 0x3F, 0x74, 0x5F, 0x74, 0x5F, 0x7C, 0x5F, 0x7C, 0x7F, 0x7C, 0x5F,
    0x7C, 0x5F, 0x7C, 0x7F, 0x74, 0x5F, 0x74, 0x3F, 0x74, 0x3F, 0x74, 0x3F, 0x74, 0x1F, 0x74, 0x1F,
    0x74, 0x3F, 0x74, 0x3F, 0x74, 0x1F, 0x74, 0x3F, 0x74, 0x3F, 0x74, 0x3F, 0x74, 0x3F, 0x74, 0x5F,
    0x74, 0x5F, 0x74, 0x5F, 0x7C, 0x5F, 0x7C, 0x7F, 0x74, 0x5F, 0x74, 0x5F, 0x74, 0x5F, 0x74, 0x3F,
    0x32, 0x5B, 0x3A, 0x7B, 0x32, 0x5B, 0x32, 0x5A, 0x32, 0x3A, 0x32, 0x5B, 0x32, 0x5B, 0x32, 0x5B,
    0x32, 0x5B, 0x32, 0x3A, 0x32, 0x5A, 0x32, 0x5B, 0x32, 0x5B, 0x32, 0x3A, 0x32, 0x39, 0x32, 0x39,
    0x32, 0x3A, 0x32, 0x3A, 0x32, 0x3A, 0x32, 0x3A, 0x32, 0x3A, 0x32, 0x5B, 0x32, 0x5C, 0x32, 0x5C,
    0x32, 0x7C, 0x32, 0x5C, 0x32, 0x5B, 0x3A, 0x7C, 0x3A, 0x7C, 0x3A, 0x7B, 0x32, 0x39, 0x32, 0x39,
    0x3A, 0x7B, 0x3A, 0x9D, 0x3A, 0x7C, 0x3A, 0x7B, 0x3A, 0x7B, 0x3A, 0x7B, 0x3A, 0x7C, 0x3A, 0x9C,
    0x3A, 0x7B, 0x32, 0x39, 0x32, 0x5A, 0x3A, 0x9C, 0x3A, 0x7B, 0x32, 0x59, 0x32, 0x59, 0x3A, 0x5A,
    0x3A, 0x7B, 0x3A, 0x7B, 0x3A, 0x7B, 0x3A, 0x7B, 0x3A, 0x7B, 0x3A, 0x5A, 0x32, 0x5A, 0x32, 0x5A,
    0x3A, 0x5B, 0x3A, 0x5B, 0x3A, 0x7B, 0x3A, 0x7B, 0x32, 0x3A, 0x32, 0x5A, 0x32, 0x5A, 0x32, 0x3A,
    0x32, 0x39, 0x32, 0x3A, 0x32, 0x5A, 0x32, 0x3A, 0x32, 0x3A, 0x32, 0x3A, 0x32, 0x5B, 0x32, 0x5B,
    0x32, 0x5B, 0x32, 0x3A, 0x32, 0x3A, 0x32, 0x5B, 0x32, 0x5B, 0x32, 0x5B, 0x32, 0x5B, 0x00, 0x00,
    0xAD, 0x75, 0x00, 0x00, 0x00, 0x00, 0x00, 0x00, 0x00, 0x00, 0x00, 0x00, 0x00, 0x00, 0x00, 0x00,
    0x00, 0x00, 0x00, 0x00, 0x00, 0x00, 0x00, 0x00, 0x00, 0x00, 0x00, 0x00, 0x00, 0x00, 0x00, 0x00,
    0x00, 0x00, 0x00, 0x00, 0x00, 0x00, 0x00, 0x00, 0x00, 0x00, 0x00, 0x00, 0x00, 0x00, 0x00, 0x00,
    0x00, 0x00, 0x00, 0x00, 0x00, 0x00, 0x00, 0x00, 0x00, 0x00, 0x00, 0x00, 0x00, 0x00, 0x00, 0x00,
    0x00, 0x00, 0x00, 0x00, 0x00, 0x00, 0x00, 0x00, 0x00, 0x00, 0x00, 0x00, 0x00, 0x00, 0x00, 0x00,
    0x00, 0x00, 0x00, 0x00, 0x00, 0x00, 0x00, 0x00, 0x00, 0x00, 0x00, 0x00, 0x00, 0x00, 0x00, 0x00,
    0x00, 0x00, 0x00, 0x00, 0x00, 0x00, 0x00, 0x00, 0x00, 0x00, 0x00, 0x00, 0x00, 0x00, 0x00, 0x00,
    0x00, 0x00, 0x00, 0x00, 0x00, 0x00, 0x00, 0x00, 0x00, 0x00, 0x00, 0x00, 0x00, 0x00, 0x00, 0x00,
    0x00, 0x00, 0x00, 0x00, 0x00, 0x00, 0x00, 0x00, 0x00, 0x00, 0x00, 0x00, 0x00, 0x00, 0x00, 0x00,
    0x00, 0x00, 0x00, 0x00, 0x00, 0x00, 0xAD, 0x75, 0x00, 0x00, 0x3A, 0x5A, 0x32, 0x5A, 0x32, 0x5A,
    0x32, 0x5A, 0x3A, 0x7B, 0x3A, 0x7C, 0x3A, 0x7C, 0x3A, 0x9C, 0x3A, 0x7C, 0x3A, 0x7B, 0x3A, 0x7C,
    0x3A, 0x7C, 0x3A, 0x7B, 0x32, 0x59, 0x32, 0x59, 0x3A, 0x7B, 0x3A, 0x9D, 0x3A, 0x7C, 0x3A, 0x7B,
    0x3A, 0x5B, 0x3A, 0x7B, 0x3A, 0x7C, 0x3A, 0x7C, 0x32, 0x5B, 0x32, 0x39, 0x32, 0x5A, 0x3A, 0x7C,
    0x32, 0x5B, 0x32, 0x39, 0x32, 0x39, 0x32, 0x3A, 0x32, 0x5B, 0x32, 0x5B, 0x32, 0x5B, 0x32, 0x5B,
    0x32, 0x5B, 0x32, 0x5A, 0x32, 0x3A, 0x32, 0x3A, 0x32, 0x5B, 0x32, 0x5B, 0x3A, 0x7B, 0x32, 0x5B,
    0x32, 0x3A, 0x32, 0x3A, 0x32, 0x3A, 0x32, 0x3A, 0x32, 0x39, 0x32, 0x3A, 0x32, 0x5A, 0x32, 0x5A,
    0x32, 0x5A, 0x32, 0x5A, 0x3A, 0x5B, 0x3A, 0x7B, 0x32, 0x5B, 0x3A, 0x5A, 0x32, 0x5A, 0x3A, 0x7B,
    0x3A, 0x7B, 0x3A, 0x7B, 0x3A, 0x7B, 0x3A, 0x5A, 0x3A, 0x5A, 0x3A, 0x7B, 0x3A, 0x7B, 0x32, 0x5A,
    0x32, 0x39, 0x32, 0x59, 0x32, 0x5A, 0x3A, 0x5A, 0x32, 0x5A, 0x32, 0x5A, 0x32, 0x5A, 0x3A, 0x7B,
    0x3A, 0x7C, 0x3A, 0x7C, 0x3A, 0x7C, 0x3A, 0x7C, 0x29, 0xF6, 0x00, 0x00, 0x5B, 0x7A, 0x74, 0x3F,
    0x74, 0x3F, 0x74, 0x1F, 0x6C, 0x1F, 0x6C, 0x1F, 0x74, 0x1F, 0x74, 0x3F, 0x74, 0x3F, 0x74, 0x3F,
    0x74, 0x3F, 0x74, 0x3F, 0x74, 0x3F, 0x74, 0x3F, 0x74, 0x1F, 0x74, 0x3F, 0x74, 0x5F, 0x74, 0x3F,
    0x74, 0x3F, 0x74, 0x1F, 0x74, 0x1F, 0x74, 0x3F, 0x74, 0x3F, 0x74, 0x5F, 0x74, 0x3F, 0x74, 0x3F,
    0x74, 0x3F, 0x74, 0x3F, 0x74, 0x5F, 0x74, 0x3F, 0x6C, 0x1F, 0x6C, 0x1F, 0x74, 0x3F, 0x7C, 0x5F,
    0x7C, 0x7F, 0x7C, 0x5F, 0x7C, 0x5F, 0x74, 0x5F, 0x7C, 0x7F, 0x74, 0x5F, 0x74, 0x5F, 0x6C, 0x1F,
    0x74, 0x1F, 0x74, 0x5F, 0x74, 0x3F, 0x6B, 0xFF, 0x6B, 0xFF, 0x6C, 0x1F, 0x6C, 0x1F, 0x74, 0x3F,
    0x74, 0x3F, 0x74, 0x5F, 0x74, 0x3F, 0x74, 0x3F, 0x74, 0x3F, 0x74, 0x3F, 0x7C, 0x5F, 0x7C, 0x5F,
    0x74, 0x5F, 0x74, 0x3F, 0x74, 0x3F, 0x74, 0x1F, 0x74, 0x3F, 0x6C, 0x1F, 0x6C, 0x1F, 0x6C, 0x1F,
    0x6C, 0x1F, 0x6C, 0x1F, 0x6C, 0x1F, 0x74, 0x3F, 0x74, 0x3F, 0x74, 0x3F, 0x74, 0x3F, 0x74, 0x3F,
    0x74, 0x3F, 0x74, 0x5F, 0x74, 0x5F, 0x7C, 0x5F, 0x74, 0x5F, 0x74, 0x3F, 0x74, 0x3F, 0x74, 0x3F,
    0x32, 0x5B, 0x32, 0x5B, 0x32, 0x5B, 0x32, 0x3A, 0x32, 0x5B, 0x32, 0x5B, 0x32, 0x5B, 0x32, 0x5B,
    0x32, 0x1A, 0x32, 0x19, 0x32, 0x3A, 0x32, 0x3A, 0x32, 0x3A, 0x32, 0x19, 0x2A, 0x19, 0x32, 0x1A,
    0x32, 0x5B, 0x32, 0x5C, 0x32, 0x5B, 0x32, 0x3B, 0x32, 0x3B, 0x32, 0x5C, 0x3A, 0x9D, 0x32, 0x5C,
    0x32, 0x5C, 0x32, 0x5B, 0x32, 0x5B, 0x32, 0x5C, 0x3A, 0x7C, 0x32, 0x5B, 0x32, 0x3A, 0x32, 0x5B,
    0x3A, 0x7D, 0x3A, 0x7D, 0x32, 0x7C, 0x32, 0x5A, 0x32, 0x3A, 0x32, 0x5B, 0x3A, 0x7B, 0x32, 0x5B,
    0x32, 0x5A, 0x32, 0x39, 0x32, 0x5A, 0x3A, 0x9C, 0x3A, 0x7B, 0x32, 0x5A, 0x3A, 0x7B, 0x3A, 0x7C,
    0x3A, 0x7C, 0x3A, 0x7C, 0x3A, 0x7C, 0x3A, 0x7B, 0x32, 0x5A, 0x32, 0x3A, 0x32, 0x3A, 0x32, 0x3A,
    0x32, 0x5B, 0x32, 0x5B, 0x32, 0x3A, 0x32, 0x3A, 0x32, 0x19, 0x32, 0x18, 0x32, 0x39, 0x32, 0x3A,
    0x32, 0x5A, 0x32, 0x5B, 0x32, 0x3B, 0x32, 0x3B, 0x32, 0x3A, 0x32, 0x3A, 0x32, 0x3B, 0x32, 0x5B,
    0x32, 0x3B, 0x32, 0x3A, 0x32, 0x3B, 0x32, 0x5B, 0x32, 0x3B, 0x32, 0x5B, 0x32, 0x1A, 0x00, 0x00,
    0xAD, 0x75, 0x00, 0x00, 0x00, 0x00, 0x00, 0x00, 0x00, 0x00, 0x00, 0x00, 0x00, 0x00, 0x00, 0x00,
    0x00, 0x00, 0x00, 0x00, 0x00, 0x00, 0x00, 0x00, 0x00, 0x00, 0x00, 0x00, 0x00, 0x00, 0x00, 0x00,
    0x00, 0x00, 0x00, 0x00, 0x00, 0x00, 0x00, 0x00, 0x00, 0x00, 0x00, 0x00, 0x00, 0x00, 0x00, 0x00,
    0x00, 0x00, 0x00, 0x00, 0x00, 0x00, 0x00, 0x00, 0x00, 0x00, 0x00, 0x00, 0x00, 0x00, 0x00, 0x00,
    0x00, 0x00, 0x00, 0x00, 0x00, 0x00, 0x00, 0x00, 0x00, 0x00, 0x00, 0x00, 0x00, 0x00, 0x00, 0x00,
    0x00, 0x00, 0x00, 0x00, 0x00, 0x00, 0x00, 0x00, 0x00, 0x00, 0x00, 0x00, 0x00, 0x00, 0x00, 0x00,
    0x00, 0x00, 0x00, 0x00, 0x00, 0x00, 0x00, 0x00, 0x00, 0x00, 0x00, 0x00, 0x00, 0x00, 0x00, 0x00,
    0x00, 0x00, 0x00, 0x00, 0x00, 0x00, 0x00, 0x00, 0x00, 0x00, 0x00, 0x00, 0x00, 0x00, 0x00, 0x00,
    0x00, 0x00, 0x00, 0x00, 0x00, 0x00, 0x00, 0x00, 0x00, 0x00, 0x00, 0x00, 0x00, 0x00, 0x00, 0x00,
    0x00, 0x00, 0x00, 0x00, 0x00, 0x00, 0xAD, 0x75, 0x00, 0x00, 0x3A, 0x7C, 0x3A, 0x7B, 0x32, 0x5B,
    0x3A, 0x7B, 0x3A, 0x7C, 0x3A, 0x9D, 0x3A, 0x9C, 0x3A, 0x7C, 0x3A, 0x7B, 0x3A, 0x7B, 0x3A, 0x7C,
    0x3A, 0x7C, 0x3A, 0x7B, 0x32, 0x3A, 0x3A, 0x7B, 0x3A, 0x9D, 0x3A, 0x7D, 0x32, 0x7C, 0x32, 0x3A,
    0x32, 0x3A, 0x32, 0x5B, 0x32, 0x5B, 0x32, 0x5B, 0x32, 0x3A, 0x32, 0x19, 0x32, 0x3A, 0x32, 0x5C,
    0x32, 0x5B, 0x32, 0x3A, 0x32, 0x3B, 0x32, 0x5C, 0x3A, 0x7C, 0x32, 0x5C, 0x32, 0x5C, 0x3A, 0x7B,
    0x32, 0x3A, 0x32, 0x1A, 0x32, 0x1A, 0x32, 0x3A, 0x32, 0x3B, 0x32, 0x5B, 0x32, 0x3A, 0x32, 0x3A,
    0x32, 0x19, 0x2A, 0x18, 0x32, 0x39, 0x32, 0x3A, 0x32, 0x3A, 0x32, 0x5B, 0x32, 0x5B, 0x32, 0x5B,
    0x32, 0x3A, 0x32, 0x5A, 0x32, 0x5B, 0x32, 0x5B, 0x32, 0x5B, 0x32, 0x5A, 0x32, 0x5B, 0x32, 0x5B,
    0x3A, 0x5B, 0x32, 0x5B, 0x32, 0x5A, 0x32, 0x39, 0x32, 0x5A, 0x3A, 0x5A, 0x3A, 0x5A, 0x32, 0x59,
    0x32, 0x39, 0x32, 0x5A, 0x3A, 0x7B, 0x3A, 0x7C, 0x3A, 0x7B, 0x32, 0x5B, 0x3A, 0x7B, 0x3A, 0x7C,
    0x3A, 0x7D, 0x3A, 0x7C, 0x32, 0x5C, 0x32, 0x5B, 0x29, 0xD6, 0x00, 0x00, 0x5B, 0x7A, 0x74, 0x3F,
    0x6C, 0x1F, 0x6C, 0x1F, 0x6C, 0x1F, 0x6C, 0x1F, 0x6C, 0x1F, 0x6C, 0x1F, 0x6C, 0x1F, 0x6B, 0xFF,
    0x74, 0x1F, 0x74, 0x3F, 0x74, 0x3F, 0x74, 0x1F, 0x74, 0x1F, 0x74, 0x3F, 0x7C, 0x5F, 0x74, 0x5F,
    0x74, 0x5F, 0x74, 0x3F, 0x74, 0x3F, 0x74, 0x5F, 0x74, 0x5F, 0x74, 0x3F, 0x74, 0x3F, 0x6C, 0x1F,
    0x6C, 0x1F, 0x6C, 0x1F, 0x74, 0x3F, 0x74, 0x3F, 0x74, 0x1F, 0x74, 0x5F, 0x74, 0x7F, 0x74, 0x7F,
    0x74, 0x5F, 0x74, 0x3F, 0x74, 0x3F, 0x74, 0x5F, 0x74, 0x3F, 0x74, 0x3F, 0x74, 0x1F, 0x6B, 0xFF,
    0x74, 0x3F, 0x74, 0x3F, 0x6C, 0x1F, 0x6B, 0xFF, 0x6C, 0x1F, 0x6C, 0x1F, 0x74, 0x3F, 0x74, 0x3F,
    0x74, 0x3F, 0x74, 0x3F, 0x74, 0x3F, 0x74, 0x1F, 0x74, 0x1F, 0x74, 0x3F, 0x74, 0x5F, 0x74, 0x5F,
    0x74, 0x3F, 0x74, 0x3F, 0x6C, 0x1F, 0x6B, 0xFF, 0x6C, 0x1F, 0x6C, 0x1F, 0x6C, 0x1F, 0x6C, 0x1F,
    0x6C, 0x1F, 0x6C, 0x1F, 0x6B, 0xFF, 0x6C, 0x1F, 0x6C, 0x1F, 0x74, 0x3F, 0x74, 0x3F, 0x74, 0x3F,
    0x74, 0x3F, 0x74, 0x3F, 0x74, 0x5F, 0x74, 0x5F, 0x74, 0x3F, 0x74, 0x1F, 0x74, 0x3F, 0x74, 0x3F,
    0x32, 0x3B, 0x32, 0x3B, 0x32, 0x5B, 0x32, 0x5B, 0x32, 0x3B, 0x32, 0x3B, 0x32, 0x3B, 0x32, 0x3B,
    0x32, 0x3A, 0x32, 0x1A, 0x32, 0x3B, 0x32, 0x3B, 0x32, 0x3B, 0x32, 0x3B, 0x32, 0x3B, 0x32, 0x5C,
    0x32, 0x5C, 0x32, 0x5C, 0x32, 0x5C, 0x32, 0x3B, 0x32, 0x5C, 0x32, 0x7D, 0x32, 0x5D, 0x32, 0x5B,
    0x32, 0x3B, 0x32, 0x3B, 0x32, 0x3B, 0x32, 0x5C, 0x32, 0x5C, 0x32, 0x3A, 0x32, 0x3A, 0x32, 0x5C,
    0x3A, 0x7D, 0x32, 0x5C, 0x32, 0x5B, 0x32, 0x3A, 0x32, 0x5A, 0x32, 0x5B, 0x32, 0x5B, 0x32, 0x3A,
    0x32, 0x39, 0x32, 0x5A, 0x3A, 0x5B, 0x3A, 0x7C, 0x3A, 0x5B, 0x32, 0x5A, 0x3A, 0x7B, 0x3A, 0x7C,
    0x3A, 0x7C, 0x3A, 0x5B, 0x32, 0x3A, 0x32, 0x3A, 0x32, 0x39, 0x32, 0x39, 0x32, 0x3A, 0x32, 0x3A,
    0x32, 0x3A, 0x32, 0x3A, 0x32, 0x39, 0x32, 0x19, 0x2A, 0x19, 0x32, 0x19, 0x32, 0x3B, 0x32, 0x5C,
    0x32, 0x3B, 0x32, 0x3B, 0x32, 0x3B, 0x32, 0x3B, 0x32, 0x3B, 0x32, 0x3A, 0x32, 0x3A, 0x32, 0x3B,
    0x32, 0x5B, 0x32, 0x3B, 0x32, 0x3B, 0x32, 0x3B, 0x32, 0x3B, 0x32, 0x3B, 0x32, 0x3A, 0x00, 0x00,
    0xAD, 0x75, 0x00, 0x00, 0x00, 0x00, 0x00, 0x00, 0x00, 0x00, 0x00, 0x00, 0x00, 0x00, 0x00, 0x00,
    0x00, 0x00, 0x00, 0x00, 0x00, 0x00, 0x00, 0x00, 0x00, 0x00, 0x00, 0x00, 0x00, 0x00, 0x00, 0x00,
    0x00, 0x00, 0x00, 0x00, 0x00, 0x00, 0x00, 0x00, 0x00, 0x00, 0x00, 0x00, 0x00, 0x00, 0x00, 0x00,
    0x00, 0x00, 0x00, 0x00, 0x00, 0x00, 0x00, 0x00, 0x00, 0x00, 0x00, 0x00, 0x00, 0x00, 0x00, 0x00,
    0x00, 0x00, 0x00, 0x00, 0x00, 0x00, 0x00, 0x00, 0x00, 0x00, 0x00, 0x00, 0x00, 0x00, 0x00, 0x00,
    0x00, 0x00, 0x00, 0x00, 0x00, 0x00, 0x00, 0x00, 0x00, 0x00, 0x00, 0x00, 0x00, 0x00, 0x00, 0x00,
    0x00, 0x00, 0x00, 0x00, 0x00, 0x00, 0x00, 0x00, 0x00, 0x00, 0x00, 0x00, 0x00, 0x00, 0x00, 0x00,
    0x00, 0x00, 0x00, 0x00, 0x00, 0x00, 0x00, 0x00, 0x00, 0x00, 0x00, 0x00, 0x00, 0x00, 0x00, 0x00,
    0x00, 0x00, 0x00, 0x00, 0x00, 0x00, 0x00, 0x00, 0x00, 0x00, 0x00, 0x00, 0x00, 0x00, 0x00, 0x00,
    0x00, 0x00, 0x00, 0x00, 0x00, 0x00, 0xAD, 0x75, 0x00, 0x00, 0x3A, 0x7C, 0x3A, 0x7C, 0x3A, 0x7B,
    0x3A, 0x7C, 0x3A, 0x9D, 0x3A, 0x9D, 0x3A, 0x7B, 0x3A, 0x5B, 0x3A, 0x5B, 0x3A, 0x5B, 0x3A, 0x7C,
    0x32, 0x5C, 0x32, 0x3A, 0x32, 0x3A, 0x32, 0x5C, 0x3A, 0x7D, 0x32, 0x5C, 0x32, 0x5B, 0x32, 0x3A,
    0x32, 0x3A, 0x32, 0x3B, 0x32, 0x3B, 0x32, 0x1A, 0x32, 0x19, 0x32, 0x3A, 0x32, 0x3B, 0x32, 0x5C,
    0x32, 0x3B, 0x32, 0x3A, 0x32, 0x3B, 0x32, 0x5C, 0x32, 0x5C, 0x32, 0x3B, 0x32, 0x3A, 0x32, 0x1A,
    0x32, 0x19, 0x32, 0x19, 0x32, 0x3A, 0x32, 0x3A, 0x32, 0x3A, 0x32, 0x3A, 0x32, 0x19, 0x32, 0x19,
    0x2A, 0x19, 0x32, 0x19, 0x32, 0x3B, 0x32, 0x5C, 0x32, 0x3B, 0x32, 0x3B, 0x32, 0x3B, 0x32, 0x3B,
    0x32, 0x3B, 0x32, 0x3B, 0x32, 0x5B, 0x32, 0x5B, 0x32, 0x5B, 0x32, 0x5B, 0x32, 0x5B, 0x32, 0x5B,
    0x32, 0x5B, 0x32, 0x5B, 0x32, 0x5A, 0x32, 0x5A, 0x32, 0x5B, 0x3A, 0x7B, 0x3A, 0x5B, 0x32, 0x5B,
    0x3A, 0x5B, 0x3A, 0x7C, 0x3A, 0x9C, 0x3A, 0x9C, 0x32, 0x5C, 0x32, 0x5B, 0x3A, 0x7C, 0x3A, 0x7D,
    0x3A, 0x7D, 0x32, 0x5B, 0x32, 0x5B, 0x32, 0x3B, 0x29, 0xD6, 0x00, 0x00, 0x5B, 0x5A, 0x6C, 0x1F,
    0x6C, 0x1F, 0x74, 0x1F, 0x6C, 0x1F, 0x6C, 0x1F, 0x6C, 0x1F, 0x6C, 0x1F, 0x6B, 0xFF, 0x6C, 0x1F,
    0x6C, 0x1F, 0x74, 0x3F, 0x74, 0x3F, 0x74, 0x3F, 0x74, 0x3F, 0x74, 0x5F, 0x7C, 0x5F, 0x7C, 0x5F,
    0x74, 0x5F, 0x74, 0x3F, 0x74, 0x3F, 0x74, 0x5F, 0x74, 0x5F, 0x6C, 0x1F, 0x6C, 0x1F, 0x6C, 0x1F,
    0x6C, 0x1F, 0x6C, 0x1F, 0x6C, 0x1F, 0x6B, 0xFF, 0x6C, 0x1F, 0x74, 0x3F, 0x74, 0x5F, 0x74, 0x5F,
    0x74, 0x3F, 0x74, 0x3F, 0x74, 0x3F, 0x74, 0x3F, 0x74, 0x3F, 0x6C, 0x1F, 0x6C, 0x1F, 0x6C, 0x1F,
    0x6C, 0x1F, 0x6C, 0x1F, 0x6C, 0x1F, 0x6B, 0xFF, 0x6C, 0x1F, 0x6C, 0x1F, 0x74, 0x3F, 0x6C, 0x1F,
    0x6C, 0x1F, 0x6C, 0x1F, 0x6B, 0xFF, 0x6C, 0x1F, 0x74, 0x3F, 0x74, 0x3F, 0x74, 0x3F, 0x74, 0x3F,
    0x74, 0x1F, 0x74, 0x1F, 0x6C, 0x1F, 0x6B, 0xFF, 0x74, 0x1F, 0x74, 0x3F, 0x6C, 0x1F, 0x6C, 0x1F,
    0x6C, 0x1F, 0x6C, 0x1F, 0x6C, 0x1F, 0x6C, 0x1F, 0x6C, 0x1F, 0x6C, 0x1F, 0x74, 0x3F, 0x74, 0x3F,
    0x74, 0x3F, 0x74, 0x3F, 0x74, 0x3F, 0x74, 0x3F, 0x74, 0x3F, 0x74, 0x1F, 0x74, 0x3F, 0x74, 0x3F,
    0x32, 0x3B, 0x32, 0x5C, 0x32, 0x5C, 0x32, 0x5B, 0x32, 0x3B, 0x32, 0x3B, 0x32, 0x3B, 0x32, 0x3B,
    0x32, 0x3B, 0x32, 0x3A, 0x32, 0x3B, 0x32, 0x5B, 0x32, 0x3B, 0x32, 0x3B, 0x32, 0x5C, 0x32, 0x5C,
    0x32, 0x5C, 0x32, 0x5C, 0x32, 0x3A, 0x32, 0x3A, 0x32, 0x5C, 0x32, 0x5C, 0x32, 0x3B, 0x32, 0x1A,
    0x32, 0x19, 0x32, 0x1A, 0x32, 0x3A, 0x32, 0x3B, 0x32, 0x1A, 0x2A, 0x18, 0x32, 0x19, 0x32, 0x3B,
    0x32, 0x3B, 0x32, 0x19, 0x32, 0x19, 0x32, 0x3A, 0x32, 0x3A, 0x32, 0x3B, 0x32, 0x3B, 0x32, 0x3A,
    0x32, 0x5B, 0x32, 0x5B, 0x32, 0x5B, 0x32, 0x5C, 0x32, 0x5B, 0x32, 0x3A, 0x32, 0x5B, 0x32, 0x5B,
    0x32, 0x5B, 0x32, 0x3A, 0x32, 0x19, 0x32, 0x1A, 0x32, 0x3A, 0x32, 0x5A, 0x32, 0x3B, 0x32, 0x3B,
    0x32, 0x3A, 0x32, 0x3A, 0x32, 0x3A, 0x32, 0x3A, 0x32, 0x3A, 0x32, 0x3B, 0x32, 0x5C, 0x32, 0x5C,
    0x32, 0x3B, 0x32, 0x3A, 0x32, 0x3B, 0x32, 0x3B, 0x32, 0x3B, 0x32, 0x5B, 0x32, 0x5B, 0x32, 0x5C,
    0x32, 0x5C, 0x32, 0x5B, 0x32, 0x3B, 0x32, 0x3B, 0x32, 0x3B, 0x32, 0x3B, 0x32, 0x3B, 0x00, 0x00,
    0xAD, 0x75, 0x00, 0x00, 0x00, 0x00, 0x00, 0x00, 0x00, 0x00, 0x00, 0x00, 0x00, 0x00, 0x00, 0x00,
    0x00, 0x00, 0x00, 0x00, 0x00, 0x00, 0x00, 0x00, 0x00, 0x00, 0x00, 0x00, 0x00, 0x00, 0x00, 0x00,
    0x00, 0x00, 0x00, 0x00, 0x00, 0x00, 0x00, 0x00, 0x00, 0x00, 0x00, 0x00, 0x00, 0x00, 0x00, 0x00,
    0x00, 0x00, 0x00, 0x00, 0x00, 0x00, 0x00, 0x00, 0x00, 0x00, 0x00, 0x00, 0x00, 0x00, 0x00, 0x00,
    0x00, 0x00, 0x00, 0x00, 0x00, 0x00, 0x00, 0x00, 0x00, 0x00, 0x00, 0x00, 0x00, 0x00, 0x00, 0x00,
    0x00, 0x00, 0x00, 0x00, 0x00, 0x00, 0x00, 0x00, 0x00, 0x00, 0x00, 0x00, 0x00, 0x00, 0x00, 0x00,
    0x00, 0x00, 0x00, 0x00, 0x00, 0x00, 0x00, 0x00, 0x00, 0x00, 0x00, 0x00, 0x00, 0x00, 0x00, 0x00,
    0x00, 0x00, 0x00, 0x00, 0x00, 0x00, 0x00, 0x00, 0x00, 0x00, 0x00, 0x00, 0x00, 0x00, 0x00, 0x00,
    0x00, 0x00, 0x00, 0x00, 0x00, 0x00, 0x00, 0x00, 0x00, 0x00, 0x00, 0x00, 0x00, 0x00, 0x00, 0x00,
    0x00, 0x00, 0x00, 0x00, 0x00, 0x00, 0xAD, 0x75, 0x00, 0x00, 0x32, 0x5C, 0x32, 0x5B, 0x32, 0x5B,
    0x32, 0x5C, 0x3A, 0x7C, 0x32, 0x5B, 0x32, 0x3A, 0x32, 0x3A, 0x32, 0x3A, 0x32, 0x3A, 0x32, 0x5B,
    0x32, 0x3A, 0x2A, 0x18, 0x32, 0x19, 0x32, 0x3B, 0x32, 0x3B, 0x32, 0x19, 0x32, 0x19, 0x32, 0x3A,
    0x32, 0x3A, 0x32, 0x3B, 0x32, 0x3B, 0x32, 0x3A, 0x32, 0x3A, 0x32, 0x3B, 0x32, 0x3B, 0x32, 0x5B,
    0x32, 0x3B, 0x32, 0x3A, 0x32, 0x3B, 0x32, 0x5B, 0x32, 0x3B, 0x32, 0x3A, 0x32, 0x19, 0x32, 0x1A,
    0x32, 0x3A, 0x32, 0x3A, 0x32, 0x3B, 0x32, 0x3A, 0x32, 0x3A, 0x32, 0x3A, 0x32, 0x3A, 0x32, 0x3A,
    0x32, 0x3A, 0x32, 0x3B, 0x32, 0x5C, 0x32, 0x5C, 0x32, 0x3B, 0x32, 0x3A, 0x32, 0x3B, 0x32, 0x3B,
    0x32, 0x3B, 0x32, 0x5B, 0x32, 0x5B, 0x32, 0x5C, 0x32, 0x5C, 0x32, 0x5C, 0x32, 0x3B, 0x32, 0x3B,
    0x32, 0x3B, 0x32, 0x5B, 0x32, 0x5B, 0x32, 0x5A, 0x32, 0x5B, 0x32, 0x5B, 0x32, 0x5B, 0x32, 0x5B,
    0x32, 0x5C, 0x3A, 0x7C, 0x3A, 0x7C, 0x32, 0x5C, 0x32, 0x3B, 0x32, 0x3B, 0x32, 0x5C, 0x32, 0x5C,
    0x32, 0x3B, 0x32, 0x1A, 0x32, 0x1A, 0x32, 0x1A, 0x29, 0xD6, 0x00, 0x00, 0x5B, 0x5A, 0x6C, 0x1F,
    0x6C, 0x3F, 0x6C, 0x1F, 0x6B, 0xFF, 0x6B, 0xFF, 0x6B, 0xFF, 0x6C, 0x1F, 0x6C, 0x1F, 0x6B, 0xFF,
    0x6C, 0x1F, 0x74, 0x3F, 0x74, 0x3F, 0x74, 0x3F, 0x74, 0x5F, 0x74, 0x5F, 0x74, 0x5F, 0x74, 0x5F,
    0x74, 0x3F, 0x6C, 0x1F, 0x74, 0x3F, 0x6C, 0x3F, 0x6C, 0x1F, 0x6B, 0xFF, 0x6B, 0xDF, 0x6B, 0xDF,
    0x6B, 0xFF, 0x6B, 0xFF, 0x6B, 0xFF, 0x6B, 0xDF, 0x6B, 0xFF, 0x6C, 0x1F, 0x6C, 0x1F, 0x6C, 0x1F,
    0x6C, 0x1F, 0x74, 0x3F, 0x74, 0x3F, 0x74, 0x3F, 0x74, 0x3F, 0x74, 0x1F, 0x6C, 0x1F, 0x6C, 0x1F,
    0x6C, 0x1F, 0x6C, 0x1F, 0x6C, 0x1F, 0x6B, 0xFF, 0x6B, 0xFF, 0x6B, 0xFF, 0x6C, 0x1F, 0x6B, 0xFF,
    0x6B, 0xFF, 0x6B, 0xFF, 0x6C, 0x1F, 0x74, 0x3F, 0x74, 0x3F, 0x74, 0x3F, 0x74, 0x3F, 0x74, 0x3F,
    0x74, 0x1F, 0x74, 0x1F, 0x6C, 0x1F, 0x6C, 0x1F, 0x6C, 0x1F, 0x6C, 0x1F, 0x6C, 0x1F, 0x6B, 0xFF,
    0x6B, 0xFF, 0x6B, 0xFF, 0x6B, 0xFF, 0x6C, 0x1F, 0x6C, 0x1F, 0x6C, 0x1F, 0x6C, 0x3F, 0x74, 0x3F,
    0x74, 0x3F, 0x74, 0x3F, 0x74, 0x3F, 0x74, 0x3F, 0x74, 0x3F, 0x74, 0x3F, 0x74, 0x3F, 0x6C, 0x1F,
    0x32, 0x3A, 0x32, 0x5C, 0x32, 0x5C, 0x32, 0x3B, 0x2A, 0x1A, 0x32, 0x3A, 0x32, 0x3B, 0x32, 0x3B,
    0x32, 0x3B, 0x32, 0x1A, 0x32, 0x1A, 0x32, 0x3B, 0x32, 0x3B, 0x32, 0x1A, 0x32, 0x3B, 0x32, 0x3B,
    0x32, 0x3B, 0x2A, 0x1A, 0x32, 0x19, 0x2A, 0x19, 0x2A, 0x1A, 0x2A, 0x1A, 0x29, 0xF9, 0x29, 0xF8,
    0x29, 0xF8, 0x2A, 0x19, 0x32, 0x19, 0x32, 0x1A, 0x32, 0x19, 0x2A, 0x18, 0x32, 0x1A, 0x32, 0x3A,
    0x32, 0x3A, 0x2A, 0x19, 0x32, 0x19, 0x32, 0x3A, 0x32, 0x19, 0x32, 0x3A, 0x32, 0x3B, 0x32, 0x3B,
    0x32, 0x3B, 0x32, 0x3B, 0x32, 0x3B, 0x32, 0x5B, 0x32, 0x5B, 0x32, 0x39, 0x32, 0x5A, 0x32, 0x3B,
    0x32, 0x3A, 0x32, 0x1A, 0x32, 0x19, 0x32, 0x3B, 0x32, 0x5C, 0x3A, 0x7C, 0x32, 0x5C, 0x32, 0x5B,
    0x32, 0x5B, 0x32, 0x5C, 0x32, 0x5C, 0x32, 0x5B, 0x32, 0x3B, 0x32, 0x5B, 0x32, 0x5B, 0x32, 0x3B,
    0x32, 0x3A, 0x32, 0x1A, 0x32, 0x3B, 0x32, 0x3C, 0x32, 0x3B, 0x32, 0x3B, 0x32, 0x3B, 0x32, 0x3C,
    0x32, 0x3C, 0x32, 0x3B, 0x2A, 0x1A, 0x32, 0x1A, 0x32, 0x3B, 0x32, 0x3B, 0x32, 0x3B, 0x00, 0x00,
    0xAD, 0x75, 0x00, 0x00, 0x00, 0x00, 0x00, 0x00, 0x00, 0x00, 0x00, 0x00, 0x00, 0x00, 0x00, 0x00,
    0x00, 0x00, 0x00, 0x00, 0x00, 0x00, 0x00, 0x00, 0x00, 0x00, 0x00, 0x00, 0x00, 0x00, 0x00, 0x00,
    0x00, 0x00, 0x00, 0x00, 0x00, 0x00, 0x00, 0x00, 0x00, 0x00, 0x00, 0x00, 0x00, 0x00, 0x00, 0x00,
    0x00, 0x00, 0x00, 0x00, 0x00, 0x00, 0x00, 0x00, 0x00, 0x00, 0x00, 0x00, 0x00, 0x00, 0x00, 0x00,
    0x00, 0x00, 0x00, 0x00, 0x00, 0x00, 0x00, 0x00, 0x00, 0x00, 0x00, 0x00, 0x00, 0x00, 0x00, 0x00,
    0x00, 0x00, 0x00, 0x00, 0x00, 0x00, 0x00, 0x00, 0x00, 0x00, 0x00, 0x00, 0x00, 0x00, 0x00, 0x00,
    0x00, 0x00, 0x00, 0x00, 0x00, 0x00, 0x00, 0x00, 0x00, 0x00, 0x00, 0x00, 0x00, 0x00, 0x00, 0x00,
    0x00, 0x00, 0x00, 0x00, 0x00, 0x00, 0x00, 0x00, 0x00, 0x00, 0x00, 0x00, 0x00, 0x00, 0x00, 0x00,
    0x00, 0x00, 0x00, 0x00, 0x00, 0x00, 0x00, 0x00, 0x00, 0x00, 0x00, 0x00, 0x00, 0x00, 0x00, 0x00,
    0x00, 0x00, 0x00, 0x00, 0x00, 0x00, 0xAD, 0x75, 0x00, 0x00, 0x32, 0x1A, 0x32, 0x19, 0x32, 0x39,
    0x32, 0x3A, 0x32, 0x3A, 0x2A, 0x19, 0x32, 0x18, 0x2A, 0x18, 0x32, 0x19, 0x32, 0x19, 0x32, 0x1A,
    0x32, 0x19, 0x2A, 0x18, 0x32, 0x1A, 0x32, 0x3B, 0x32, 0x3A, 0x2A, 0x19, 0x32, 0x19, 0x32, 0x3A,
    0x32, 0x19, 0x32, 0x3A, 0x32, 0x3A, 0x32, 0x3A, 0x32, 0x3B, 0x32, 0x3B, 0x32, 0x3B, 0x32, 0x3B,
    0x32, 0x3A, 0x2A, 0x19, 0x32, 0x1A, 0x32, 0x3B, 0x2A, 0x1A, 0x2A, 0x1A, 0x2A, 0x19, 0x32, 0x3B,
    0x32, 0x3C, 0x32, 0x3C, 0x32, 0x3C, 0x32, 0x3B, 0x32, 0x3B, 0x32, 0x3C, 0x32, 0x3C, 0x32, 0x3B,
    0x32, 0x3B, 0x32, 0x5B, 0x32, 0x3B, 0x32, 0x3B, 0x32, 0x3A, 0x32, 0x3A, 0x32, 0x5B, 0x32, 0x5C,
    0x32, 0x5B, 0x32, 0x5B, 0x32, 0x5B, 0x32, 0x5C, 0x32, 0x5C, 0x32, 0x3B, 0x32, 0x3A, 0x32, 0x3B,
    0x32, 0x3B, 0x32, 0x5B, 0x32, 0x3B, 0x32, 0x5A, 0x32, 0x3B, 0x32, 0x3B, 0x32, 0x5B, 0x32, 0x5B,
    0x32, 0x5B, 0x32, 0x5B, 0x32, 0x3B, 0x32, 0x1A, 0x32, 0x19, 0x32, 0x19, 0x32, 0x3A, 0x32, 0x3A,
    0x2A, 0x19, 0x2A, 0x18, 0x2A, 0x18, 0x2A, 0x19, 0x29, 0xD6, 0x00, 0x00, 0x5B, 0x5A, 0x6C, 0x3F,
    0x6C, 0x3F, 0x6B, 0xFF, 0x63, 0xDF, 0x6B, 0xFF, 0x6B, 0xFF, 0x6B, 0xFF, 0x6C, 0x1F, 0x6B, 0xFF,
    0x6C, 0x1F, 0x6C, 0x1F, 0x6C, 0x1F, 0x6C, 0x1F, 0x74, 0x3F, 0x74, 0x3F, 0x74, 0x3F, 0x6C, 0x1F,
    0x6B, 0xFF, 0x6B, 0xFF, 0x6B, 0xFF, 0x6B, 0xFF, 0x6B, 0xDF, 0x6B, 0xDF, 0x63, 0xDF, 0x63, 0xDF,
    0x63, 0xDF, 0x6B, 0xDF, 0x63, 0xDF, 0x6B, 0xDF, 0x6B, 0xFF, 0x6C, 0x1F, 0x6C, 0x1F, 0x6B, 0xFF,
    0x6B, 0xFF, 0x74, 0x1F, 0x6C, 0x1F, 0x74, 0x1F, 0x6C, 0x1F, 0x6C, 0x1F, 0x6C, 0x1F, 0x6C, 0x1F,
    0x6C, 0x1F, 0x6C, 0x1F, 0x6B, 0xFF, 0x63, 0xDF, 0x63, 0xFF, 0x6B, 0xFF, 0x6B, 0xFF, 0x6B, 0xFF,
    0x6B, 0xFF, 0x6C, 0x1F, 0x6C, 0x1F, 0x74, 0x3F, 0x74, 0x3F, 0x74, 0x3F, 0x74, 0x3F, 0x74, 0x5F,
    0x74, 0x3F, 0x74, 0x3F, 0x74, 0x3F, 0x6C, 0x1F, 0x6C, 0x1F, 0x6C, 0x1F, 0x6B, 0xFF, 0x6B, 0xFF,
    0x6B, 0xFF, 0x6B, 0xFF, 0x6C, 0x1F, 0x6B, 0xFF, 0x6C, 0x1F, 0x6C, 0x3F, 0x6C, 0x3F, 0x74, 0x3F,
    0x6C, 0x1F, 0x6C, 0x1F, 0x74, 0x3F, 0x74, 0x3F, 0x74, 0x3F, 0x6C, 0x1F, 0x6C, 0x1F, 0x6C, 0x1F,
    0x32, 0x1A, 0x32, 0x3B, 0x32, 0x1A, 0x2A, 0x19, 0x2A, 0x19, 0x32, 0x1A, 0x32, 0x3B, 0x32, 0x3B,
    0x2A, 0x1A, 0x2A, 0x19, 0x2A, 0x1A, 0x2A, 0x1A, 0x2A, 0x1A, 0x2A, 0x1B, 0x2A, 0x3B, 0x2A, 0x1B,
    0x2A, 0x1A, 0x29, 0xF9, 0x29, 0xF9, 0x2A, 0x1A, 0x2A, 0x1A, 0x2A, 0x19, 0x2A, 0x19, 0x32, 0x19,
    0x2A, 0x19, 0x2A, 0x1A, 0x32, 0x1A, 0x32, 0x1A, 0x2A, 0x1A, 0x2A, 0x1A, 0x32, 0x3B, 0x32, 0x3B,
    0x32, 0x3A, 0x32, 0x19, 0x2A, 0x1A, 0x32, 0x3B, 0x32, 0x3B, 0x32, 0x3B, 0x32, 0x3B, 0x32, 0x3A,
    0x32, 0x3B, 0x32, 0x3A, 0x32, 0x3A, 0x32, 0x3A, 0x32, 0x19, 0x2A, 0x19, 0x32, 0x3A, 0x32, 0x3B,
    0x32, 0x3A, 0x32, 0x19, 0x32, 0x3A, 0x32, 0x5B, 0x32, 0x5C, 0x32, 0x5C, 0x32, 0x3B, 0x32, 0x1A,
    0x32, 0x3B, 0x32, 0x5C, 0x32, 0x3C, 0x32, 0x3B, 0x32, 0x1A, 0x32, 0x3B, 0x32, 0x1A, 0x32, 0x1A,
    0x32, 0x1A, 0x32, 0x3B, 0x32, 0x3B, 0x32, 0x3B, 0x32, 0x3B, 0x2A, 0x1A, 0x32, 0x3A, 0x2A, 0x1B,
    0x2A, 0x1A, 0x29, 0xF9, 0x29, 0xF9, 0x2A, 0x1A, 0x2A, 0x1B, 0x2A, 0x1B, 0x2A, 0x1A, 0x00, 0x00,
    0xAD, 0x75, 0x00, 0x00, 0x00, 0x00, 0x00, 0x00, 0x00, 0x00, 0x00, 0x00, 0x00, 0x00, 0x00, 0x00,
    0x00, 0x00, 0x00, 0x00, 0x00, 0x00, 0x00, 0x00, 0x00, 0x00, 0x00, 0x00, 0x00, 0x00, 0x00, 0x00,
    0x00, 0x00, 0x00, 0x00, 0x00, 0x00, 0x00, 0x00, 0x00, 0x00, 0x00, 0x00, 0x00, 0x00, 0x00, 0x00,
    0x00, 0x00, 0x00, 0x00, 0x00, 0x00, 0x00, 0x00, 0x00, 0x00, 0x00, 0x00, 0x00, 0x00, 0x00, 0x00,
    0x00, 0x00, 0x00, 0x00, 0x00, 0x00, 0x00, 0x00, 0x00, 0x00, 0x00, 0x00, 0x00, 0x00, 0x00, 0x00,
    0x00, 0x00, 0x00, 0x00, 0x00, 0x00, 0x00, 0x00, 0x00, 0x00, 0x00, 0x00, 0x00, 0x00, 0x00, 0x00,
    0x00, 0x00, 0x00, 0x00, 0x00, 0x00, 0x00, 0x00, 0x00, 0x00, 0x00, 0x00, 0x00, 0x00, 0x00, 0x00,
    0x00, 0x00, 0x00, 0x00, 0x00, 0x00, 0x00, 0x00, 0x00, 0x00, 0x00, 0x00, 0x00, 0x00, 0x00, 0x00,
    0x00, 0x00, 0x00, 0x00, 0x00, 0x00, 0x00, 0x00, 0x00, 0x00, 0x00, 0x00, 0x00, 0x00, 0x00, 0x00,
    0x00, 0x00, 0x00, 0x00, 0x00, 0x00, 0xAD, 0x75, 0x00, 0x00, 0x32, 0x19, 0x32, 0x19, 0x32, 0x3A,
    0x32, 0x3A, 0x32, 0x1A, 0x32, 0x19, 0x32, 0x19, 0x32, 0x19, 0x32, 0x1A, 0x32, 0x3A, 0x32, 0x3A,
    0x32, 0x3A, 0x32, 0x3A, 0x32, 0x3B, 0x32, 0x3B, 0x32, 0x3A, 0x32, 0x19, 0x32, 0x3A, 0x32, 0x3B,
    0x32, 0x3B, 0x32, 0x3B, 0x32, 0x3B, 0x32, 0x1A, 0x32, 0x3B, 0x32, 0x1A, 0x2A, 0x1A, 0x2A, 0x1A,
    0x2A, 0x19, 0x29, 0xF9, 0x2A, 0x1A, 0x32, 0x3B, 0x2A, 0x1A, 0x2A, 0x19, 0x2A, 0x1A, 0x2A, 0x3B,
    0x32, 0x3C, 0x32, 0x3C, 0x2A, 0x1B, 0x2A, 0x1A, 0x2A, 0x3B, 0x32, 0x3C, 0x32, 0x3C, 0x2A, 0x1B,
    0x32, 0x1A, 0x32, 0x3B, 0x32, 0x1A, 0x32, 0x1A, 0x32, 0x1A, 0x32, 0x3B, 0x32, 0x3B, 0x32, 0x3B,
    0x32, 0x3B, 0x2A, 0x1A, 0x32, 0x3B, 0x32, 0x3B, 0x32, 0x3A, 0x32, 0x19, 0x32, 0x19, 0x32, 0x3A,
    0x32, 0x3B, 0x32, 0x3B, 0x32, 0x3A, 0x32, 0x19, 0x32, 0x3A, 0x32, 0x3A, 0x32, 0x3B, 0x32, 0x3B,
    0x32, 0x5B, 0x32, 0x3B, 0x32, 0x3A, 0x32, 0x19, 0x32, 0x19, 0x32, 0x3A, 0x32, 0x3A, 0x32, 0x19,
    0x32, 0x19, 0x32, 0x19, 0x2A, 0x19, 0x2A, 0x1A, 0x21, 0xB6, 0x00, 0x00, 0x5B, 0x5A, 0x6B, 0xFF,
    0x6B, 0xFF, 0x6B, 0xDF, 0x63, 0xDF, 0x63, 0xDF, 0x6B, 0xFF, 0x6B, 0xFF, 0x6B, 0xFF, 0x6B, 0xDF,
    0x6B, 0xFF, 0x6B, 0xFF, 0x6C, 0x1F, 0x6C, 0x1F, 0x74, 0x3F, 0x74, 0x3F, 0x6C, 0x1F, 0x6B, 0xFF,
    0x6B, 0xFF, 0x6B, 0xFF, 0x6B, 0xFF, 0x6B, 0xFF, 0x6B, 0xDF, 0x6B, 0xDF, 0x63, 0xDF, 0x63, 0xDF,
    0x63, 0xDF, 0x6B, 0xFF, 0x6B, 0xFF, 0x6B, 0xFF, 0x6B, 0xFF, 0x6C, 0x1F, 0x6B, 0xFF, 0x6B, 0xFF,
    0x6B, 0xFF, 0x6C, 0x1F, 0x74, 0x3F, 0x6C, 0x1F, 0x6C, 0x1F, 0x6C, 0x1F, 0x6C, 0x1F, 0x6C, 0x1F,
    0x6B, 0xFF, 0x6B, 0xFF, 0x6B, 0xDF, 0x63, 0xDF, 0x63, 0xDF, 0x6B, 0xFF, 0x63, 0xDF, 0x6B, 0xDF,
    0x6B, 0xFF, 0x6C, 0x1F, 0x6C, 0x1F, 0x6C, 0x1F, 0x6C, 0x1F, 0x6C, 0x1F, 0x74, 0x3F, 0x74, 0x3F,
    0x74, 0x3F, 0x6C, 0x1F, 0x6C, 0x1F, 0x6C, 0x1F, 0x6C, 0x1F, 0x6B, 0xFF, 0x6B, 0xFF, 0x6B, 0xFF,
    0x6B, 0xFF, 0x6B, 0xFF, 0x6B, 0xFF, 0x6B, 0xFF, 0x6B, 0xFF, 0x6B, 0xFF, 0x6C, 0x1F, 0x6B, 0xFF,
    0x6B, 0xFF, 0x6C, 0x1F, 0x74, 0x3F, 0x74, 0x3F, 0x6C, 0x1F, 0x6B, 0xFF, 0x6B, 0xFF, 0x6C, 0x1F,
    0x2A, 0x1A, 0x32, 0x1A, 0x2A, 0x19, 0x29, 0xF9, 0x2A, 0x1A, 0x2A, 0x1B, 0x2A, 0x1B, 0x2A, 0x1A,
    0x2A, 0x1A, 0x2A, 0x1A, 0x2A, 0x1A, 0x2A, 0x1A, 0x2A, 0x1A, 0x32, 0x3B, 0x2A, 0x1B, 0x2A, 0x1A,
    0x2A, 0x1A, 0x29, 0xF8, 0x29, 0xF9, 0x2A, 0x1A, 0x2A, 0x1B, 0x2A, 0x1A, 0x2A, 0x1B, 0x2A, 0x1B,
    0x2A, 0x1A, 0x2A, 0x1A, 0x2A, 0x3B, 0x2A, 0x3B, 0x2A, 0x1A, 0x2A, 0x1A, 0x32, 0x3B, 0x2A, 0x1B,
    0x32, 0x1A, 0x32, 0x1A, 0x32, 0x1A, 0x32, 0x3B, 0x32, 0x3B, 0x32, 0x3B, 0x32, 0x3B, 0x2A, 0x1A,
    0x32, 0x3B, 0x2A, 0x1A, 0x32, 0x19, 0x32, 0x19, 0x32, 0x19, 0x32, 0x19, 0x32, 0x3A, 0x32, 0x3B,
    0x2A, 0x1A, 0x2A, 0x1A, 0x32, 0x1A, 0x32, 0x3B, 0x32, 0x3C, 0x32, 0x1A, 0x2A, 0x19, 0x2A, 0x19,
    0x32, 0x1A, 0x32, 0x3B, 0x2A, 0x1A, 0x2A, 0x19, 0x2A, 0x19, 0x2A, 0x1A, 0x2A, 0x1A, 0x2A, 0x1B,
    0x2A, 0x3B, 0x2A, 0x3B, 0x2A, 0x1B, 0x2A, 0x1A, 0x2A, 0x1A, 0x2A, 0x1A, 0x2A, 0x1A, 0x2A, 0x1A,
    0x29, 0xF9, 0x29, 0xF9, 0x2A, 0x1A, 0x2A, 0x1A, 0x2A, 0x1B, 0x2A, 0x1A, 0x2A, 0x1A, 0x00, 0x00,
    0xAD, 0x75, 0x00, 0x00, 0x00, 0x00, 0x00, 0x00, 0x00, 0x00, 0x00, 0x00, 0x00, 0x00, 0x00, 0x00,
    0x00, 0x00, 0x00, 0x00, 0x00, 0x00, 0x00, 0x00, 0x00, 0x00, 0x00, 0x00, 0x00, 0x00, 0x00, 0x00,
    0x00, 0x00, 0x00, 0x00, 0x00, 0x00, 0x00, 0x00, 0x00, 0x00, 0x00, 0x00, 0x00, 0x00, 0x00, 0x00,
    0x00, 0x00, 0x00, 0x00, 0x00, 0x00, 0x00, 0x00, 0x00, 0x00, 0x00, 0x00, 0x00, 0x00, 0x00, 0x00,
    0x00, 0x00, 0x00, 0x00, 0x00, 0x00, 0x00, 0x00, 0x00, 0x00, 0x00, 0x00, 0x00, 0x00, 0x00, 0x00,
    0x00, 0x00, 0x00, 0x00, 0x00, 0x00, 0x00, 0x00, 0x00, 0x00, 0x00, 0x00, 0x00, 0x00, 0x00, 0x00,
    0x00, 0x00, 0x00, 0x00, 0x00, 0x00, 0x00, 0x00, 0x00, 0x00, 0x00, 0x00, 0x00, 0x00, 0x00, 0x00,
    0x00, 0x00, 0x00, 0x00, 0x00, 0x00, 0x00, 0x00, 0x00, 0x00, 0x00, 0x00, 0x00, 0x00, 0x00, 0x00,
    0x00, 0x00, 0x00, 0x00, 0x00, 0x00, 0x00, 0x00, 0x00, 0x00, 0x00, 0x00, 0x00, 0x00, 0x00, 0x00,
    0x00, 0x00, 0x00, 0x00, 0x00, 0x00, 0xAD, 0x75, 0x00, 0x00, 0x29, 0xF9, 0x2A, 0x19, 0x32, 0x3A,
    0x32, 0x3B, 0x32, 0x3A, 0x32, 0x3B, 0x32, 0x3B, 0x32, 0x3A, 0x32, 0x3A, 0x32, 0x5B, 0x32, 0x5B,
    0x32, 0x3A, 0x2A, 0x1A, 0x32, 0x3B, 0x32, 0x3B, 0x32, 0x1A, 0x32, 0x1A, 0x32, 0x1A, 0x32, 0x3B,
    0x32, 0x3B, 0x32, 0x3B, 0x2A, 0x1B, 0x2A, 0x1A, 0x32, 0x3B, 0x2A, 0x1A, 0x29, 0xF9, 0x29, 0xF9,
    0x29, 0xF9, 0x29, 0xF9, 0x2A, 0x1A, 0x2A, 0x1B, 0x2A, 0x1A, 0x2A, 0x1A, 0x2A, 0x1A, 0x2A, 0x3B,
    0x32, 0x3B, 0x2A, 0x1A, 0x29, 0xF9, 0x2A, 0x19, 0x2A, 0x1A, 0x2A, 0x1B, 0x2A, 0x1A, 0x29, 0xF9,
    0x29, 0xF9, 0x2A, 0x1A, 0x2A, 0x1A, 0x2A, 0x1B, 0x2A, 0x3B, 0x2A, 0x3B, 0x2A, 0x1B, 0x32, 0x1A,
    0x2A, 0x1A, 0x2A, 0x1A, 0x2A, 0x1A, 0x32, 0x1A, 0x2A, 0x19, 0x2A, 0x19, 0x2A, 0x1A, 0x32, 0x3B,
    0x32, 0x3B, 0x32, 0x1A, 0x32, 0x3A, 0x2A, 0x1A, 0x32, 0x3A, 0x32, 0x1A, 0x32, 0x3A, 0x32, 0x5C,
    0x32, 0x5B, 0x32, 0x3A, 0x2A, 0x1A, 0x29, 0xF9, 0x2A, 0x19, 0x32, 0x1A, 0x32, 0x3B, 0x32, 0x1A,
    0x32, 0x3B, 0x32, 0x3B, 0x32, 0x1A, 0x32, 0x1A, 0x21, 0xB6, 0x00, 0x00, 0x53, 0x3A, 0x6B, 0xFF,
    0x63, 0xDF, 0x63, 0xDF, 0x63, 0xDF, 0x6B, 0xFF, 0x6B, 0xFF, 0x63, 0xDF, 0x63, 0xDF, 0x63, 0xDF,
    0x6B, 0xFF, 0x6B, 0xDF, 0x6C, 0x1F, 0x6C, 0x1F, 0x6C, 0x1F, 0x6C, 0x1F, 0x6B, 0xFF, 0x6B, 0xDF,
    0x6B, 0xFF, 0x6C, 0x1F, 0x6B, 0xFF, 0x6B, 0xFF, 0x6B, 0xFF, 0x6B, 0xDF, 0x63, 0xDF, 0x6B, 0xDF,
    0x6B, 0xFF, 0x6B, 0xFF, 0x63, 0xDF, 0x63, 0xDF, 0x6B, 0xFF, 0x6B, 0xFF, 0x6B, 0xFF, 0x6B, 0xFF,
    0x6C, 0x1F, 0x6C, 0x1F, 0x6C, 0x1F, 0x6C, 0x1F, 0x6C, 0x1F, 0x6B, 0xFF, 0x6B, 0xFF, 0x6B, 0xFF,
    0x63, 0xDF, 0x63, 0xDF, 0x63, 0xDF, 0x63, 0xBF, 0x63, 0xDF, 0x6B, 0xDF, 0x63, 0xDF, 0x63, 0xDF,
    0x6B, 0xFF, 0x6C, 0x1F, 0x6C, 0x1F, 0x6C, 0x1F, 0x6B, 0xFF, 0x6B, 0xFF, 0x6C, 0x1F, 0x6C, 0x1F,
    0x6B, 0xFF, 0x6B, 0xFF, 0x6B, 0xFF, 0x6B, 0xFF, 0x6B, 0xFF, 0x6B, 0xFF, 0x6B, 0xFF, 0x6B, 0xFF,
    0x6B, 0xFF, 0x6B, 0xDF, 0x63, 0xDF, 0x63, 0xDF, 0x63, 0xDF, 0x6B, 0xFF, 0x6B, 0xDF, 0x63, 0xDF,
    0x6B, 0xFF, 0x6C, 0x1F, 0x6C, 0x1F, 0x6B, 0xFF, 0x6B, 0xFF, 0x6B, 0xFF, 0x6B, 0xFF, 0x6B, 0xFF,
    0x2A, 0x1A, 0x2A, 0x1A, 0x2A, 0x1A, 0x2A, 0x1A, 0x2A, 0x3B, 0x2A, 0x3B, 0x2A, 0x1A, 0x29, 0xF9,
    0x29, 0xF9, 0x2A, 0x1A, 0x2A, 0x1A, 0x2A, 0x1A, 0x2A, 0x1B, 0x2A, 0x1B, 0x2A, 0x1A, 0x29, 0xF8,
    0x29, 0xF8, 0x29, 0xF9, 0x29, 0xF9, 0x2A, 0x1A, 0x2A, 0x1A, 0x2A, 0x1A, 0x2A, 0x1A, 0x2A, 0x1A,
    0x2A, 0x1A, 0x2A, 0x1A, 0x2A, 0x3B, 0x2A, 0x1B, 0x29, 0xF9, 0x2A, 0x1A, 0x2A, 0x1B, 0x2A, 0x1B,
    0x2A, 0x1A, 0x2A, 0x1A, 0x2A, 0x1B, 0x2A, 0x3B, 0x32, 0x3C, 0x2A, 0x1B, 0x2A, 0x1A, 0x32, 0x1A,
    0x32, 0x1A, 0x2A, 0x1A, 0x2A, 0x1A, 0x32, 0x3A, 0x32, 0x3B, 0x32, 0x3A, 0x32, 0x3B, 0x32, 0x3B,
    0x2A, 0x1A, 0x2A, 0x1A, 0x32, 0x3B, 0x2A, 0x3B, 0x2A, 0x3B, 0x2A, 0x1A, 0x29, 0xF9, 0x2A, 0x1A,
    0x2A, 0x1B, 0x2A, 0x1A, 0x29, 0xF9, 0x29, 0xF9, 0x2A, 0x1A, 0x2A, 0x3B, 0x2A, 0x3B, 0x2A, 0x3B,
    0x32, 0x3C, 0x2A, 0x1B, 0x2A, 0x1A, 0x2A, 0x1A, 0x2A, 0x1A, 0x2A, 0x1A, 0x2A, 0x1A, 0x2A, 0x1A,
    0x29, 0xF9, 0x2A, 0x1A, 0x2A, 0x1B, 0x2A, 0x1B, 0x2A, 0x1A, 0x29, 0xF9, 0x29, 0xF9, 0x00, 0x00,
    0xAD, 0x75, 0x00, 0x00, 0x00, 0x00, 0x00, 0x00, 0x00, 0x00, 0x00, 0x00, 0x00, 0x00, 0x00, 0x00,
    0x00, 0x00, 0x00, 0x00, 0x00, 0x00, 0x00, 0x00, 0x00, 0x00, 0x00, 0x00, 0x00, 0x00, 0x00, 0x00,
    0x00, 0x00, 0x00, 0x00, 0x00, 0x00, 0x00, 0x00, 0x00, 0x00, 0x00, 0x00, 0x00, 0x00, 0x00, 0x00,
    0x00, 0x00, 0x00, 0x00, 0x00, 0x00, 0x00, 0x00, 0x00, 0x00, 0x00, 0x00, 0x00, 0x00, 0x00, 0x00,
    0x00, 0x00, 0x00, 0x00, 0x00, 0x00, 0x00, 0x00, 0x00, 0x00, 0x00, 0x00, 0x00, 0x00, 0x00, 0x00,
    0x00, 0x00, 0x00, 0x00, 0x00, 0x00, 0x00, 0x00, 0x00, 0x00, 0x00, 0x00, 0x00, 0x00, 0x00, 0x00,
    0x00, 0x00, 0x00, 0x00, 0x00, 0x00, 0x00, 0x00, 0x00, 0x00, 0x00, 0x00, 0x00, 0x00, 0x00, 0x00,
    0x00, 0x00, 0x00, 0x00, 0x00, 0x00, 0x00, 0x00, 0x00, 0x00, 0x00, 0x00, 0x00, 0x00, 0x00, 0x00,
    0x00, 0x00, 0x00, 0x00, 0x00, 0x00, 0x00, 0x00, 0x00, 0x00, 0x00, 0x00, 0x00, 0x00, 0x00, 0x00,
    0x00, 0x00, 0x00, 0x00, 0x00, 0x00, 0xAD, 0x75, 0x00, 0x00, 0x29, 0xF9, 0x2A, 0x19, 0x32, 0x1A,
    0x32, 0x3B, 0x32, 0x1A, 0x32, 0x3B, 0x32, 0x1A, 0x2A, 0x1A, 0x32, 0x3A, 0x32, 0x3B, 0x32, 0x3B,
    0x29, 0xF9, 0x32, 0x1A, 0x32, 0x3B, 0x2A, 0x1B, 0x2A, 0x1A, 0x2A, 0x1A, 0x2A, 0x1B, 0x2A, 0x3B,
    0x32, 0x3C, 0x2A, 0x1B, 0x2A, 0x1A, 0x2A, 0x1A, 0x2A, 0x1A, 0x2A, 0x1A, 0x29, 0xF9, 0x2A, 0x1A,
    0x2A, 0x1B, 0x2A, 0x1A, 0x2A, 0x1A, 0x2A, 0x1A, 0x29, 0xFA, 0x2A, 0x1A, 0x2A, 0x1B, 0x2A, 0x1B,
    0x2A, 0x1B, 0x2A, 0x1A, 0x29, 0xF9, 0x2A, 0x1A, 0x2A, 0x1A, 0x2A, 0x1A, 0x29, 0xF9, 0x29, 0xF8,
    0x2A, 0x1A, 0x2A, 0x1B, 0x2A, 0x3B, 0x2A, 0x1B, 0x32, 0x3C, 0x2A, 0x3B, 0x2A, 0x1B, 0x2A, 0x1A,
    0x2A, 0x1A, 0x2A, 0x1A, 0x2A, 0x1A, 0x2A, 0x1A, 0x2A, 0x1A, 0x2A, 0x1A, 0x2A, 0x3B, 0x32, 0x3B,
    0x2A, 0x1B, 0x2A, 0x1A, 0x2A, 0x1A, 0x32, 0x1A, 0x32, 0x3A, 0x2A, 0x1A, 0x32, 0x3B, 0x32, 0x5B,
    0x2A, 0x1A, 0x29, 0xF8, 0x29, 0xF8, 0x29, 0xF9, 0x2A, 0x19, 0x32, 0x1A, 0x2A, 0x1B, 0x2A, 0x1A,
    0x2A, 0x1B, 0x2A, 0x1A, 0x2A, 0x1A, 0x2A, 0x1A, 0x21, 0xB6, 0x00, 0x00, 0x53, 0x3A, 0x63, 0xDF,
    0x63, 0xDF, 0x63, 0xDF, 0x6B, 0xFF, 0x6B, 0xFF, 0x6B, 0xFF, 0x63, 0xDF, 0x63, 0xDF, 0x6B, 0xFF,
    0x63, 0xFF, 0x63, 0xDF, 0x6B, 0xFF, 0x6C, 0x1F, 0x6B, 0xFF, 0x6B, 0xDF, 0x6B, 0xDF, 0x6B, 0xFF,
    0x6B, 0xFF, 0x6B, 0xFF, 0x6B, 0xFF, 0x63, 0xFF, 0x6B, 0xFF, 0x6B, 0xDF, 0x63, 0xDF, 0x6B, 0xDF,
    0x6B, 0xFF, 0x6B, 0xFF, 0x63, 0xDF, 0x63, 0xDF, 0x6B, 0xFF, 0x6B, 0xFF, 0x6B, 0xFF, 0x6B, 0xFF,
    0x6C, 0x1F, 0x6C, 0x1F, 0x6C, 0x1F, 0x6C, 0x1F, 0x6C, 0x1F, 0x6B, 0xFF, 0x6B, 0xFF, 0x63, 0xDF,
    0x63, 0xDF, 0x6B, 0xDF, 0x6B, 0xFF, 0x6B, 0xDF, 0x6B, 0xFF, 0x6B, 0xFF, 0x63, 0xDF, 0x63, 0xDF,
    0x6B, 0xFF, 0x6B, 0xFF, 0x6B, 0xFF, 0x6B, 0xFF, 0x6B, 0xFF, 0x6B, 0xFF, 0x6C, 0x1F, 0x6C, 0x1F,
    0x6B, 0xFF, 0x6B, 0xDF, 0x6B, 0xFF, 0x6B, 0xFF, 0x6B, 0xFF, 0x6B, 0xFF, 0x6B, 0xFF, 0x6B, 0xFF,
    0x6B, 0xDF, 0x63, 0xDF, 0x63, 0xDF, 0x63, 0xDF, 0x63, 0xDF, 0x63, 0xDF, 0x63, 0xDF, 0x6B, 0xFF,
    0x6B, 0xFF, 0x6C, 0x1F, 0x6C, 0x1F, 0x6B, 0xFF, 0x6B, 0xFF, 0x6C, 0x1F, 0x6B, 0xFF, 0x6B, 0xFF,
    0x2A, 0x1A, 0x2A, 0x1A, 0x2A, 0x1A, 0x2A, 0x1B, 0x2A, 0x1B, 0x2A, 0x1A, 0x29, 0xF9, 0x29, 0xF8,
    0x29, 0xF9, 0x2A, 0x1A, 0x2A, 0x1A, 0x2A, 0x1A, 0x2A, 0x1B, 0x2A, 0x1B, 0x29, 0xF9, 0x29, 0xD7,
    0x29, 0xF8, 0x29, 0xF9, 0x2A, 0x1A, 0x2A, 0x1B, 0x2A, 0x1B, 0x2A, 0x1A, 0x2A, 0x1A, 0x2A, 0x1A,
    0x2A, 0x1A, 0x2A, 0x1A, 0x2A, 0x1A, 0x2A, 0x1A, 0x29, 0xF9, 0x2A, 0x1A, 0x32, 0x3C, 0x2A, 0x1B,
    0x2A, 0x1A, 0x2A, 0x1A, 0x2A, 0x1B, 0x32, 0x3C, 0x32, 0x3C, 0x2A, 0x1B, 0x2A, 0x1A, 0x2A, 0x1A,
    0x2A, 0x1A, 0x2A, 0x1A, 0x2A, 0x1B, 0x32, 0x3B, 0x32, 0x3B, 0x32, 0x1A, 0x32, 0x3A, 0x2A, 0x1A,
    0x2A, 0x1A, 0x2A, 0x1B, 0x2A, 0x1B, 0x2A, 0x1B, 0x2A, 0x1A, 0x29, 0xF9, 0x29, 0xF9, 0x2A, 0x1A,
    0x2A, 0x1B, 0x2A, 0x1A, 0x29, 0xF9, 0x2A, 0x1A, 0x2A, 0x1B, 0x32, 0x3C, 0x32, 0x3B, 0x32, 0x3B,
    0x2A, 0x1B, 0x2A, 0x1A, 0x29, 0xF9, 0x29, 0xF9, 0x29, 0xF9, 0x29, 0xF9, 0x2A, 0x1A, 0x2A, 0x19,
    0x2A, 0x19, 0x2A, 0x1A, 0x2A, 0x1B, 0x2A, 0x1A, 0x29, 0xF9, 0x29, 0xF8, 0x29, 0xF9, 0x00, 0x00,
    0xAD, 0x75, 0x00, 0x00, 0x00, 0x00, 0x00, 0x00, 0x00, 0x00, 0x00, 0x00, 0x00, 0x00, 0x00, 0x00,
    0x00, 0x00, 0x00, 0x00, 0x00, 0x00, 0x00, 0x00, 0x00, 0x00, 0x00, 0x00, 0x00, 0x00, 0x00, 0x00,
    0x00, 0x00, 0x00, 0x00, 0x00, 0x00, 0x00, 0x00, 0x00, 0x00, 0x00, 0x00, 0x00, 0x00, 0x00, 0x00,
    0x00, 0x00, 0x00, 0x00, 0x00, 0x00, 0x00, 0x00, 0x00, 0x00, 0x00, 0x00, 0x00, 0x00, 0x00, 0x00,
    0x00, 0x00, 0x00, 0x00, 0x00, 0x00, 0x00, 0x00, 0x00, 0x00, 0x00, 0x00, 0x00, 0x00, 0x00, 0x00,
    0x00, 0x00, 0x00, 0x00, 0x00, 0x00, 0x00, 0x00, 0x00, 0x00, 0x00, 0x00, 0x00, 0x00, 0x00, 0x00,
    0x00, 0x00, 0x00, 0x00, 0x00, 0x00, 0x00, 0x00, 0x00, 0x00, 0x00, 0x00, 0x00, 0x00, 0x00, 0x00,
    0x00, 0x00, 0x00, 0x00, 0x00, 0x00, 0x00, 0x00, 0x00, 0x00, 0x00, 0x00, 0x00, 0x00, 0x00, 0x00,
    0x00, 0x00, 0x00, 0x00, 0x00, 0x00, 0x00, 0x00, 0x00, 0x00, 0x00, 0x00, 0x00, 0x00, 0x00, 0x00,
    0x00, 0x00, 0x00, 0x00, 0x00, 0x00, 0xAD, 0x75, 0x00, 0x00, 0x2A, 0x1A, 0x2A, 0x1B, 0x2A, 0x3B,
    0x2A, 0x1B, 0x2A, 0x1A, 0x32, 0x3B, 0x32, 0x3B, 0x32, 0x1A, 0x2A, 0x1B, 0x2A, 0x1B, 0x2A, 0x1A,
    0x2A, 0x1A, 0x2A, 0x1B, 0x32, 0x3C, 0x2A, 0x3B, 0x2A, 0x1A, 0x2A, 0x1A, 0x2A, 0x1B, 0x32, 0x3C,
    0x32, 0x3B, 0x2A, 0x1B, 0x2A, 0x1A, 0x2A, 0x1A, 0x2A, 0x1A, 0x2A, 0x1A, 0x2A, 0x1B, 0x2A, 0x1B,
    0x2A, 0x1B, 0x2A, 0x1A, 0x2A, 0x1A, 0x2A, 0x1A, 0x2A, 0x1A, 0x2A, 0x1A, 0x2A, 0x1A, 0x2A, 0x1A,
    0x2A, 0x19, 0x29, 0xF8, 0x29, 0xF8, 0x2A, 0x1A, 0x2A, 0x1A, 0x2A, 0x1A, 0x29, 0xF9, 0x2A, 0x1A,
    0x2A, 0x1B, 0x32, 0x3C, 0x32, 0x3B, 0x32, 0x3C, 0x2A, 0x1B, 0x2A, 0x1A, 0x29, 0xF9, 0x29, 0xF9,
    0x29, 0xF9, 0x29, 0xFA, 0x2A, 0x1A, 0x2A, 0x1A, 0x2A, 0x1A, 0x2A, 0x1B, 0x2A, 0x3B, 0x2A, 0x1B,
    0x2A, 0x1A, 0x29, 0xF9, 0x29, 0xF9, 0x2A, 0x1A, 0x2A, 0x1A, 0x32, 0x1A, 0x32, 0x3B, 0x32, 0x3B,
    0x29, 0xF9, 0x29, 0xD8, 0x29, 0xF8, 0x2A, 0x1A, 0x2A, 0x1B, 0x2A, 0x3B, 0x2A, 0x1B, 0x2A, 0x1A,
    0x2A, 0x1B, 0x2A, 0x1A, 0x2A, 0x1A, 0x2A, 0x1A, 0x21, 0xB5, 0x00, 0x00, 0x53, 0x3A, 0x63, 0xDF,
    0x63, 0xDF, 0x6B, 0xFF, 0x6B, 0xFF, 0x6B, 0xDF, 0x63, 0xDF, 0x63, 0xBF, 0x63, 0xDF, 0x63, 0xDF,
    0x63, 0xDF, 0x63, 0xFF, 0x6B, 0xFF, 0x6C, 0x1F, 0x6B, 0xDF, 0x63, 0xDF, 0x6B, 0xDF, 0x6B, 0xFF,
    0x6B, 0xFF, 0x6B, 0xFF, 0x6B, 0xFF, 0x63, 0xDF, 0x6B, 0xDF, 0x6B, 0xDF, 0x63, 0xDF, 0x6B, 0xDF,
    0x6B, 0xFF, 0x63, 0xDF, 0x63, 0xDF, 0x6B, 0xDF, 0x6B, 0xFF, 0x6B, 0xFF, 0x63, 0xDF, 0x6B, 0xFF,
    0x6B, 0xFF, 0x6C, 0x1F, 0x6C, 0x1F, 0x6B, 0xFF, 0x6B, 0xFF, 0x6B, 0xFF, 0x63, 0xDF, 0x63, 0xDF,
    0x6B, 0xFF, 0x6B, 0xFF, 0x6B, 0xFF, 0x6B, 0xDF, 0x63, 0xDF, 0x6B, 0xDF, 0x63, 0xDF, 0x6B, 0xDF,
    0x6B, 0xFF, 0x6B, 0xDF, 0x63, 0xDF, 0x63, 0xDF, 0x63, 0xDF, 0x6B, 0xFF, 0x6C, 0x1F, 0x6C, 0x1F,
    0x6B, 0xFF, 0x6B, 0xFF, 0x6B, 0xFF, 0x6C, 0x1F, 0x6B, 0xFF, 0x6B, 0xFF, 0x6B, 0xFF, 0x6B, 0xDF,
    0x63, 0xDF, 0x63, 0xDF, 0x63, 0xDF, 0x63, 0xDF, 0x63, 0xDF, 0x63, 0xDF, 0x63, 0xDF, 0x6B, 0xFF,
    0x6B, 0xFF, 0x6B, 0xFF, 0x6B, 0xDF, 0x6B, 0xDF, 0x6B, 0xDF, 0x6B, 0xFF, 0x6B, 0xFF, 0x6B, 0xFF,
    0x2A, 0x1A, 0x2A, 0x19, 0x2A, 0x19, 0x2A, 0x1A, 0x29, 0xF9, 0x29, 0xF8, 0x29, 0xD7, 0x29, 0xF8,
    0x29, 0xF9, 0x2A, 0x1A, 0x2A, 0x1A, 0x2A, 0x1A, 0x2A, 0x1B, 0x2A, 0x1A, 0x29, 0xF8, 0x29, 0xF8,
    0x2A, 0x1A, 0x2A, 0x1B, 0x32, 0x3B, 0x32, 0x3B, 0x2A, 0x1B, 0x2A, 0x1B, 0x2A, 0x1B, 0x2A, 0x1A,
    0x2A, 0x1A, 0x2A, 0x1A, 0x2A, 0x1A, 0x29, 0xF9, 0x2A, 0x19, 0x2A, 0x1A, 0x2A, 0x1B, 0x2A, 0x1A,
    0x2A, 0x19, 0x2A, 0x1A, 0x32, 0x3C, 0x32, 0x3C, 0x2A, 0x1B, 0x2A, 0x1A, 0x29, 0xF9, 0x29, 0xF9,
    0x29, 0xFA, 0x2A, 0x1A, 0x2A, 0x1B, 0x2A, 0x1B, 0x2A, 0x1A, 0x29, 0xF9, 0x2A, 0x19, 0x2A, 0x1A,
    0x2A, 0x1B, 0x2A, 0x1B, 0x2A, 0x1A, 0x2A, 0x1A, 0x29, 0xF9, 0x29, 0xF9, 0x29, 0xF9, 0x2A, 0x1B,
    0x2A, 0x1B, 0x2A, 0x19, 0x2A, 0x19, 0x2A, 0x1A, 0x32, 0x3B, 0x32, 0x3B, 0x2A, 0x1A, 0x2A, 0x1A,
    0x2A, 0x19, 0x29, 0xF8, 0x29, 0xF8, 0x29, 0xF9, 0x29, 0xF9, 0x2A, 0x19, 0x2A, 0x1A, 0x2A, 0x19,
    0x2A, 0x19, 0x2A, 0x1A, 0x29, 0xF9, 0x29, 0xF8, 0x29, 0xD8, 0x29, 0xF8, 0x29, 0xF9, 0x00, 0x00,
    0xAD, 0x75, 0x00, 0x00, 0x00, 0x00, 0x00, 0x00, 0x00, 0x00, 0x00, 0x00, 0x00, 0x00, 0x00, 0x00,
    0x00, 0x00, 0x00, 0x00, 0x00, 0x00, 0x00, 0x00, 0x00, 0x00, 0x00, 0x00, 0x00, 0x00, 0x00, 0x00,
    0x00, 0x00, 0x00, 0x00, 0x00, 0x00, 0x00, 0x00, 0x00, 0x00, 0x00, 0x00, 0x00, 0x00, 0x00, 0x00,
    0x00, 0x00, 0x00, 0x00, 0x00, 0x00, 0x00, 0x00, 0x00, 0x00, 0x00, 0x00, 0x00, 0x00, 0x00, 0x00,
    0x00, 0x00, 0x00, 0x00, 0x00, 0x00, 0x00, 0x00, 0x00, 0x00, 0x00, 0x00, 0x00, 0x00, 0x00, 0x00,
    0x00, 0x00, 0x00, 0x00, 0x00, 0x00, 0x00, 0x00, 0x00, 0x00, 0x00, 0x00, 0x00, 0x00, 0x00, 0x00,
    0x00, 0x00, 0x00, 0x00, 0x00, 0x00, 0x00, 0x00, 0x00, 0x00, 0x00, 0x00, 0x00, 0x00, 0x00, 0x00,
    0x00, 0x00, 0x00, 0x00, 0x00, 0x00, 0x00, 0x00, 0x00, 0x00, 0x00, 0x00, 0x00, 0x00, 0x00, 0x00,
    0x00, 0x00, 0x00, 0x00, 0x00, 0x00, 0x00, 0x00, 0x00, 0x00, 0x00, 0x00, 0x00, 0x00, 0x00, 0x00,
    0x00, 0x00, 0x00, 0x00, 0x00, 0x00, 0xAD, 0x75, 0x00, 0x00, 0x2A, 0x1B, 0x32, 0x3C, 0x32, 0x3C,
    0x2A, 0x3B, 0x2A, 0x3B, 0x2A, 0x3B, 0x2A, 0x1B, 0x2A, 0x1A, 0x2A, 0x1A, 0x2A, 0x1A, 0x29, 0xFA,
    0x2A, 0x1A, 0x2A, 0x1A, 0x2A, 0x1B, 0x2A, 0x1A, 0x2A, 0x1A, 0x2A, 0x1A, 0x32, 0x3C, 0x32, 0x3C,
    0x2A, 0x1B, 0x2A, 0x19, 0x29, 0xF9, 0x29, 0xF9, 0x29, 0xF9, 0x2A, 0x19, 0x2A, 0x1A, 0x2A, 0x1A,
    0x29, 0xF9, 0x29, 0xF8, 0x29, 0xF9, 0x2A, 0x1A, 0x2A, 0x1A, 0x2A, 0x1A, 0x2A, 0x1A, 0x2A, 0x19,
    0x29, 0xF9, 0x29, 0xF9, 0x29, 0xF9, 0x2A, 0x1A, 0x2A, 0x1A, 0x2A, 0x19, 0x2A, 0x19, 0x2A, 0x1A,
    0x32, 0x3B, 0x32, 0x3B, 0x2A, 0x1A, 0x2A, 0x1A, 0x2A, 0x19, 0x29, 0xF8, 0x29, 0xF8, 0x29, 0xF9,
    0x29, 0xF9, 0x2A, 0x19, 0x2A, 0x1A, 0x2A, 0x1A, 0x2A, 0x1A, 0x2A, 0x1A, 0x29, 0xFA, 0x29, 0xF8,
    0x29, 0xD8, 0x29, 0xF8, 0x29, 0xF9, 0x2A, 0x1A, 0x2A, 0x1A, 0x2A, 0x1B, 0x2A, 0x3B, 0x2A, 0x1B,
    0x29, 0xF9, 0x29, 0xF9, 0x2A, 0x1A, 0x2A, 0x1B, 0x32, 0x3C, 0x32, 0x3C, 0x2A, 0x1B, 0x2A, 0x1B,
    0x2A, 0x1B, 0x2A, 0x1B, 0x2A, 0x1A, 0x2A, 0x1A, 0x21, 0xB5, 0x00, 0x00, 0x53, 0x3A, 0x63, 0xDF,
    0x63, 0xDF, 0x6B, 0xDF, 0x63, 0xDF, 0x63, 0xBF, 0x63, 0xBE, 0x63, 0xBF, 0x63, 0xDF, 0x6B, 0xDF,
    0x6B, 0xDF, 0x6B, 0xFF, 0x6B, 0xFF, 0x6B, 0xFF, 0x63, 0xDF, 0x63, 0xDF, 0x6B, 0xFF, 0x6B, 0xFF,
    0x6C, 0x1F, 0x6C, 0x1F, 0x6B, 0xFF, 0x6B, 0xFF, 0x6B, 0xFF, 0x6B, 0xFF, 0x6B, 0xDF, 0x63, 0xDF,
    0x63, 0xDF, 0x63, 0xDF, 0x63, 0xDF, 0x6B, 0xFF, 0x6B, 0xFF, 0x6B, 0xDF, 0x63, 0xDF, 0x6B, 0xFF,
    0x6C, 0x1F, 0x6C, 0x1F, 0x6B, 0xFF, 0x6B, 0xFF, 0x63, 0xDF, 0x63, 0xDF, 0x63, 0xDF, 0x63, 0xDF,
    0x6B, 0xFF, 0x6B, 0xFF, 0x63, 0xDF, 0x63, 0xBF, 0x63, 0xBF, 0x63, 0xDF, 0x6B, 0xFF, 0x6B, 0xFF,
    0x6B, 0xFF, 0x63, 0xDF, 0x63, 0xDF, 0x63, 0xDF, 0x63, 0xDF, 0x6B, 0xFF, 0x6B, 0xFF, 0x6B, 0xFF,
    0x63, 0xDF, 0x6B, 0xFF, 0x6C, 0x1F, 0x6B, 0xFF, 0x6B, 0xDF, 0x6B, 0xDF, 0x63, 0xDF, 0x63, 0xDF,
    0x63, 0xBF, 0x63, 0xBF, 0x63, 0xDF, 0x63, 0xDF, 0x63, 0xDF, 0x63, 0xDF, 0x63, 0xDF, 0x6B, 0xDF,
    0x63, 0xDF, 0x63, 0xBF, 0x63, 0xBF, 0x63, 0xDF, 0x6B, 0xDF, 0x6B, 0xFF, 0x6B, 0xFF, 0x6B, 0xFF,
    0x2A, 0x1A, 0x2A, 0x19, 0x2A, 0x1A, 0x2A, 0x1A, 0x29, 0xF9, 0x29, 0xF8, 0x29, 0xF8, 0x2A, 0x19,
    0x2A, 0x1A, 0x2A, 0x1B, 0x2A, 0x1A, 0x2A, 0x1A, 0x2A, 0x1A, 0x29, 0xF9, 0x29, 0xF9, 0x2A, 0x1A,
    0x32, 0x3B, 0x32, 0x3C, 0x32, 0x3C, 0x32, 0x3B, 0x2A, 0x1A, 0x2A, 0x1A, 0x2A, 0x1B, 0x2A, 0x1A,
    0x29, 0xF9, 0x29, 0xF9, 0x29, 0xF9, 0x2A, 0x1A, 0x2A, 0x1A, 0x2A, 0x1A, 0x2A, 0x1A, 0x2A, 0x19,
    0x2A, 0x19, 0x2A, 0x1A, 0x32, 0x3B, 0x32, 0x3B, 0x2A, 0x19, 0x29, 0xF9, 0x29, 0xF9, 0x29, 0xF9,
    0x2A, 0x1A, 0x2A, 0x1A, 0x2A, 0x1B, 0x2A, 0x1A, 0x29, 0xF9, 0x29, 0xF9, 0x2A, 0x1A, 0x2A, 0x1B,
    0x32, 0x3B, 0x2A, 0x1B, 0x2A, 0x1A, 0x2A, 0x1A, 0x2A, 0x1B, 0x2A, 0x1A, 0x2A, 0x1B, 0x32, 0x3B,
    0x2A, 0x1A, 0x29, 0xF9, 0x2A, 0x1A, 0x2A, 0x1B, 0x2A, 0x1B, 0x2A, 0x1A, 0x29, 0xF9, 0x29, 0xF9,
    0x29, 0xF8, 0x29, 0xF8, 0x29, 0xF8, 0x29, 0xF9, 0x2A, 0x1A, 0x2A, 0x1A, 0x2A, 0x1A, 0x2A, 0x19,
    0x2A, 0x1A, 0x2A, 0x1A, 0x29, 0xF9, 0x29, 0xF8, 0x29, 0xF8, 0x2A, 0x19, 0x2A, 0x1A, 0x00, 0x00,
    0xAD, 0x75, 0x00, 0x00, 0x00, 0x00, 0x00, 0x00, 0x00, 0x00, 0x00, 0x00, 0x00, 0x00, 0x00, 0x00,
    0x00, 0x00, 0x00, 0x00, 0x00, 0x00, 0x00, 0x00, 0x00, 0x00, 0x00, 0x00, 0x00, 0x00, 0x00, 0x00,
    0x00, 0x00, 0x00, 0x00, 0x00, 0x00, 0x00, 0x00, 0x00, 0x00, 0x00, 0x00, 0x00, 0x00, 0x00, 0x00,
    0x00, 0x00, 0x00, 0x00, 0x00, 0x00, 0x00, 0x00, 0x00, 0x00, 0x00, 0x00, 0x00, 0x00, 0x00, 0x00,
    0x00, 0x00, 0x00, 0x00, 0x00, 0x00, 0x00, 0x00, 0x00, 0x00, 0x00, 0x00, 0x00, 0x00, 0x00, 0x00,
    0x00, 0x00, 0x00, 0x00, 0x00, 0x00, 0x00, 0x00, 0x00, 0x00, 0x00, 0x00, 0x00, 0x00, 0x00, 0x00,
    0x00, 0x00, 0x00, 0x00, 0x00, 0x00, 0x00, 0x00, 0x00, 0x00, 0x00, 0x00, 0x00, 0x00, 0x00, 0x00,
    0x00, 0x00, 0x00, 0x00, 0x00, 0x00, 0x00, 0x00, 0x00, 0x00, 0x00, 0x00, 0x00, 0x00, 0x00, 0x00,
    0x00, 0x00, 0x00, 0x00, 0x00, 0x00, 0x00, 0x00, 0x00, 0x00, 0x00, 0x00, 0x00, 0x00, 0x00, 0x00,
    0x00, 0x00, 0x00, 0x00, 0x00, 0x00, 0xAD, 0x75, 0x00, 0x00, 0x32, 0x3C, 0x32, 0x3C, 0x32, 0x3B,
    0x2A, 0x1B, 0x2A, 0x1B, 0x2A, 0x1B, 0x2A, 0x1A, 0x29, 0xF9, 0x29, 0xF9, 0x29, 0xFA, 0x2A, 0x1A,
    0x2A, 0x1A, 0x2A, 0x1A, 0x2A, 0x1A, 0x2A, 0x19, 0x2A, 0x19, 0x2A, 0x1A, 0x32, 0x3B, 0x32, 0x3B,
    0x2A, 0x19, 0x29, 0xF9, 0x29, 0xF9, 0x29, 0xF9, 0x2A, 0x19, 0x2A, 0x1A, 0x2A, 0x1A, 0x2A, 0x1A,
    0x29, 0xF8, 0x29, 0xF8, 0x2A, 0x1A, 0x2A, 0x1B, 0x32, 0x3B, 0x2A, 0x1B, 0x2A, 0x1A, 0x2A, 0x1A,
    0x2A, 0x1A, 0x2A, 0x1A, 0x2A, 0x1A, 0x32, 0x3B, 0x2A, 0x1A, 0x29, 0xF9, 0x2A, 0x1A, 0x2A, 0x1A,
    0x2A, 0x1B, 0x2A, 0x1A, 0x29, 0xF9, 0x29, 0xF9, 0x29, 0xF8, 0x29, 0xF8, 0x29, 0xF8, 0x29, 0xF9,
    0x2A, 0x1A, 0x2A, 0x1A, 0x2A, 0x1A, 0x2A, 0x19, 0x2A, 0x1A, 0x2A, 0x1A, 0x29, 0xF9, 0x29, 0xF8,
    0x29, 0xF9, 0x2A, 0x19, 0x2A, 0x1A, 0x2A, 0x1B, 0x2A, 0x1B, 0x2A, 0x1A, 0x2A, 0x1A, 0x29, 0xF9,
    0x29, 0xF9, 0x2A, 0x1A, 0x32, 0x3C, 0x32, 0x3C, 0x32, 0x3C, 0x32, 0x3B, 0x2A, 0x1B, 0x2A, 0x1A,
    0x2A, 0x1B, 0x2A, 0x1A, 0x29, 0xF9, 0x29, 0xF9, 0x21, 0xB5, 0x00, 0x00, 0x53, 0x3A, 0x63, 0xDF,
    0x63, 0xDF, 0x63, 0xDF, 0x63, 0xDF, 0x63, 0xBF, 0x63, 0xBF, 0x63, 0xDF, 0x63, 0xDF, 0x6B, 0xFF,
    0x6B, 0xFF, 0x6B, 0xDF, 0x63, 0xDF, 0x63, 0xDF, 0x63, 0xDF, 0x6B, 0xFF, 0x6C, 0x1F, 0x6C, 0x1F,
    0x6C, 0x1F, 0x6B, 0xFF, 0x6B, 0xFF, 0x6B, 0xFF, 0x6B, 0xFF, 0x63, 0xDF, 0x63, 0xDF, 0x63, 0xDF,
    0x63, 0xDF, 0x63, 0xDF, 0x63, 0xDF, 0x6B, 0xDF, 0x63, 0xDF, 0x63, 0xDF, 0x63, 0xDF, 0x6B, 0xFF,
    0x6B, 0xFF, 0x6B, 0xFF, 0x6B, 0xFF, 0x63, 0xDF, 0x63, 0xDF, 0x63, 0xDF, 0x63, 0xDF, 0x63, 0xDF,
    0x6B, 0xFF, 0x63, 0xDF, 0x63, 0xBF, 0x63, 0xBF, 0x63, 0xDF, 0x6B, 0xFF, 0x6B, 0xFF, 0x6B, 0xFF,
    0x6B, 0xFF, 0x6B, 0xDF, 0x6B, 0xFF, 0x6B, 0xFF, 0x6B, 0xFF, 0x6B, 0xFF, 0x6B, 0xFF, 0x63, 0xDF,
    0x6B, 0xFF, 0x6B, 0xFF, 0x6B, 0xFF, 0x63, 0xDF, 0x63, 0xDF, 0x63, 0xDF, 0x63, 0xBF, 0x63, 0xBF,
    0x63, 0xBF, 0x63, 0xDF, 0x63, 0xDF, 0x63, 0xDF, 0x6B, 0xDF, 0x63, 0xDF, 0x63, 0xDF, 0x63, 0xDF,
    0x63, 0xDF, 0x63, 0xBF, 0x63, 0xDF, 0x6B, 0xFF, 0x6B, 0xFF, 0x6B, 0xFF, 0x6B, 0xFF, 0x6B, 0xDF,
    0x2A, 0x1A, 0x2A, 0x19, 0x2A, 0x1A, 0x2A, 0x1A, 0x2A, 0x19, 0x2A, 0x1A, 0x2A, 0x1A, 0x2A, 0x1B,
    0x2A, 0x1A, 0x2A, 0x1A, 0x2A, 0x1A, 0x2A, 0x1A, 0x29, 0xF9, 0x29, 0xF9, 0x29, 0xF9, 0x2A, 0x1A,
    0x32, 0x3B, 0x2A, 0x1A, 0x2A, 0x1A, 0x2A, 0x1A, 0x29, 0xF9, 0x29, 0xF9, 0x2A, 0x1A, 0x2A, 0x19,
    0x29, 0xF9, 0x2A, 0x19, 0x2A, 0x1A, 0x2A, 0x1B, 0x2A, 0x1B, 0x2A, 0x1A, 0x2A, 0x1A, 0x2A, 0x1A,
    0x2A, 0x1B, 0x2A, 0x1B, 0x32, 0x3B, 0x2A, 0x1A, 0x29, 0xF9, 0x29, 0xF9, 0x29, 0xF9, 0x2A, 0x19,
    0x2A, 0x19, 0x2A, 0x19, 0x2A, 0x1A, 0x2A, 0x1A, 0x29, 0xF9, 0x2A, 0x19, 0x2A, 0x1B, 0x32, 0x3B,
    0x2A, 0x1B, 0x2A, 0x1A, 0x2A, 0x1A, 0x2A, 0x1A, 0x2A, 0x1A, 0x2A, 0x1B, 0x2A, 0x1B, 0x2A, 0x1A,
    0x29, 0xF9, 0x29, 0xF9, 0x2A, 0x1A, 0x2A, 0x1A, 0x2A, 0x19, 0x29, 0xF9, 0x29, 0xF9, 0x29, 0xF9,
    0x29, 0xF9, 0x29, 0xF9, 0x29, 0xF9, 0x2A, 0x1A, 0x2A, 0x1A, 0x2A, 0x1A, 0x2A, 0x1A, 0x2A, 0x19,
    0x2A, 0x1A, 0x2A, 0x1A, 0x2A, 0x19, 0x2A, 0x1A, 0x2A, 0x1A, 0x2A, 0x1B, 0x2A, 0x1A, 0x00, 0x00,
    0xAD, 0x75, 0x00, 0x00, 0x00, 0x00, 0x00, 0x00, 0x00, 0x00, 0x00, 0x00, 0x00, 0x00, 0x00, 0x00,
    0x00, 0x00, 0x00, 0x00, 0x00, 0x00, 0x00, 0x00, 0x00, 0x00, 0x00, 0x00, 0x00, 0x00, 0x00, 0x00,
    0x00, 0x00, 0x00, 0x00, 0x00, 0x00, 0x00, 0x00, 0x00, 0x00, 0x00, 0x00, 0x00, 0x00, 0x00, 0x00,
    0x00, 0x00, 0x00, 0x00, 0x00, 0x00, 0x00, 0x00, 0x00, 0x00, 0x00, 0x00, 0x00, 0x00, 0x00, 0x00,
    0x00, 0x00, 0x00, 0x00, 0x00, 0x00, 0x00, 0x00, 0x00, 0x00, 0x00, 0x00, 0x00, 0x00, 0x00, 0x00,
    0x00, 0x00, 0x00, 0x00, 0x00, 0x00, 0x00, 0x00, 0x00, 0x00, 0x00, 0x00, 0x00, 0x00, 0x00, 0x00,
    0x00, 0x00, 0x00, 0x00, 0x00, 0x00, 0x00, 0x00, 0x00, 0x00, 0x00, 0x00, 0x00, 0x00, 0x00, 0x00,
    0x00, 0x00, 0x00, 0x00, 0x00, 0x00, 0x00, 0x00, 0x00, 0x00, 0x00, 0x00, 0x00, 0x00, 0x00, 0x00,
    0x00, 0x00, 0x00, 0x00, 0x00, 0x00, 0x00, 0x00, 0x00, 0x00, 0x00, 0x00, 0x00, 0x00, 0x00, 0x00,
    0x00, 0x00, 0x00, 0x00, 0x00, 0x00, 0xAD, 0x75, 0x00, 0x00, 0x2A, 0x1B, 0x2A, 0x1A, 0x2A, 0x1A,
    0x29, 0xF9, 0x29, 0xF9, 0x2A, 0x1A, 0x2A, 0x1A, 0x29, 0xF9, 0x2A, 0x19, 0x2A, 0x1A, 0x2A, 0x1B,
    0x2A, 0x1B, 0x2A, 0x1A, 0x2A, 0x1A, 0x2A, 0x1A, 0x2A, 0x1B, 0x2A, 0x1B, 0x32, 0x3B, 0x2A, 0x1A,
    0x29, 0xF9, 0x29, 0xF9, 0x29, 0xF9, 0x2A, 0x19, 0x2A, 0x19, 0x2A, 0x19, 0x2A, 0x1A, 0x2A, 0x1A,
    0x29, 0xF9, 0x2A, 0x19, 0x2A, 0x1B, 0x32, 0x3B, 0x2A, 0x1A, 0x2A, 0x1A, 0x2A, 0x1A, 0x2A, 0x1A,
    0x2A, 0x1A, 0x2A, 0x1A, 0x2A, 0x1A, 0x2A, 0x1A, 0x29, 0xF9, 0x29, 0xF9, 0x2A, 0x1A, 0x2A, 0x1A,
    0x2A, 0x19, 0x29, 0xF9, 0x29, 0xF9, 0x29, 0xF9, 0x29, 0xF9, 0x29, 0xF9, 0x29, 0xF9, 0x2A, 0x1A,
    0x2A, 0x1A, 0x2A, 0x1A, 0x2A, 0x1A, 0x2A, 0x19, 0x2A, 0x1A, 0x2A, 0x1A, 0x2A, 0x19, 0x2A, 0x1A,
    0x2A, 0x1B, 0x2A, 0x1B, 0x2A, 0x1B, 0x2A, 0x1A, 0x2A, 0x1A, 0x2A, 0x1A, 0x29, 0xFA, 0x29, 0xF9,
    0x29, 0xF9, 0x2A, 0x1A, 0x32, 0x3B, 0x2A, 0x1B, 0x2A, 0x1A, 0x2A, 0x1A, 0x29, 0xF9, 0x29, 0xF9,
    0x2A, 0x1A, 0x2A, 0x19, 0x29, 0xF9, 0x2A, 0x19, 0x21, 0xB5, 0x00, 0x00, 0x53, 0x3A, 0x63, 0xDF,
    0x63, 0xDF, 0x63, 0xDF, 0x63, 0xDF, 0x63, 0xDF, 0x6B, 0xFF, 0x6B, 0xFF, 0x63, 0xDF, 0x63, 0xDF,
    0x6B, 0xFF, 0x63, 0xDF, 0x63, 0xDF, 0x63, 0xDF, 0x63, 0xDF, 0x6B, 0xFF, 0x6B, 0xFF, 0x6B, 0xFF,
    0x6B, 0xFF, 0x63, 0xDF, 0x63, 0xDF, 0x63, 0xDF, 0x63, 0xDF, 0x63, 0xDF, 0x63, 0xDF, 0x63, 0xDF,
    0x63, 0xDF, 0x6B, 0xFF, 0x6B, 0xFF, 0x63, 0xDF, 0x6B, 0xFF, 0x6B, 0xFF, 0x6B, 0xFF, 0x6B, 0xFF,
    0x6B, 0xFF, 0x6B, 0xDF, 0x63, 0xDF, 0x63, 0xDF, 0x63, 0xDF, 0x63, 0xDF, 0x63, 0xDF, 0x63, 0xDF,
    0x63, 0xDF, 0x63, 0xDF, 0x63, 0xDF, 0x63, 0xDF, 0x6B, 0xFF, 0x6B, 0xFF, 0x6B, 0xFF, 0x63, 0xDF,
    0x63, 0xDF, 0x6B, 0xDF, 0x6B, 0xFF, 0x6B, 0xFF, 0x6B, 0xFF, 0x6B, 0xFF, 0x63, 0xDF, 0x63, 0xDF,
    0x6B, 0xFF, 0x6B, 0xFF, 0x63, 0xDF, 0x63, 0xDF, 0x63, 0xDF, 0x63, 0xBF, 0x63, 0xBF, 0x63, 0xBF,
    0x63, 0xDF, 0x63, 0xDF, 0x63, 0xDF, 0x63, 0xDF, 0x63, 0xDF, 0x63, 0xDF, 0x6B, 0xDF, 0x6B, 0xDF,
    0x63, 0xDF, 0x6B, 0xDF, 0x6B, 0xFF, 0x6B, 0xFF, 0x6B, 0xFF, 0x6B, 0xFF, 0x6B, 0xFF, 0x6B, 0xDF,
    0x2A, 0x1A, 0x2A, 0x1A, 0x2A, 0x1A, 0x2A, 0x1A, 0x2A, 0x19, 0x2A, 0x1A, 0x2A, 0x1B, 0x2A, 0x1A,
    0x2A, 0x1A, 0x29, 0xF9, 0x2A, 0x1A, 0x2A, 0x1A, 0x29, 0xF9, 0x29, 0xF9, 0x29, 0xF9, 0x2A, 0x1A,
    0x2A, 0x1A, 0x29, 0xF9, 0x29, 0xF8, 0x29, 0xD8, 0x29, 0xD8, 0x29, 0xF8, 0x29, 0xF9, 0x29, 0xF9,
    0x29, 0xF9, 0x2A, 0x1A, 0x2A, 0x1B, 0x2A, 0x1B, 0x2A, 0x1B, 0x2A, 0x1A, 0x2A, 0x1A, 0x2A, 0x1A,
    0x32, 0x3B, 0x2A, 0x1B, 0x2A, 0x1A, 0x29, 0xF9, 0x29, 0xF8, 0x29, 0xF9, 0x2A, 0x1A, 0x2A, 0x1A,
    0x2A, 0x19, 0x29, 0xF9, 0x2A, 0x1A, 0x2A, 0x1A, 0x29, 0xF9, 0x29, 0xF9, 0x2A, 0x1B, 0x2A, 0x1A,
    0x2A, 0x19, 0x29, 0xF9, 0x29, 0xF9, 0x29, 0xF9, 0x2A, 0x19, 0x2A, 0x1A, 0x29, 0xF9, 0x29, 0xF9,
    0x2A, 0x19, 0x2A, 0x1A, 0x2A, 0x1A, 0x2A, 0x1A, 0x2A, 0x19, 0x29, 0xF9, 0x29, 0xF9, 0x29, 0xF9,
    0x29, 0xF9, 0x29, 0xF9, 0x29, 0xF9, 0x2A, 0x1A, 0x2A, 0x1A, 0x2A, 0x1A, 0x29, 0xF9, 0x29, 0xF9,
    0x2A, 0x1A, 0x2A, 0x1A, 0x29, 0xF9, 0x2A, 0x1A, 0x2A, 0x1B, 0x2A, 0x1A, 0x2A, 0x1A, 0x00, 0x00,
    0xAD, 0x75, 0x00, 0x00, 0x00, 0x00, 0x00, 0x00, 0x00, 0x00, 0x00, 0x00, 0x00, 0x00, 0x00, 0x00,
    0x00, 0x00, 0x00, 0x00, 0x00, 0x00, 0x00, 0x00, 0x00, 0x00, 0x00, 0x00, 0x00, 0x00, 0x00, 0x00,
    0x00, 0x00, 0x00, 0x00, 0x00, 0x00, 0x00, 0x00, 0x00, 0x00, 0x00, 0x00, 0x00, 0x00, 0x00, 0x00,
    0x00, 0x00, 0x00, 0x00, 0x00, 0x00, 0x00, 0x00, 0x00, 0x00, 0x00, 0x00, 0x00, 0x00, 0x00, 0x00,
    0x00, 0x00, 0x00, 0x00, 0x00, 0x00, 0x00, 0x00, 0x00, 0x00, 0x00, 0x00, 0x00, 0x00, 0x00, 0x00,
    0x00, 0x00, 0x00, 0x00, 0x00, 0x00, 0x00, 0x00, 0x00, 0x00, 0x00, 0x00, 0x00, 0x00, 0x00, 0x00,
    0x00, 0x00, 0x00, 0x00, 0x00, 0x00, 0x00, 0x00, 0x00, 0x00, 0x00, 0x00, 0x00, 0x00, 0x00, 0x00,
    0x00, 0x00, 0x00, 0x00, 0x00, 0x00, 0x00, 0x00, 0x00, 0x00, 0x00, 0x00, 0x00, 0x00, 0x00, 0x00,
    0x00, 0x00, 0x00, 0x00, 0x00, 0x00, 0x00, 0x00, 0x00, 0x00, 0x00, 0x00, 0x00, 0x00, 0x00, 0x00,
    0x00, 0x00, 0x00, 0x00, 0x00, 0x00, 0xAD, 0x75, 0x00, 0x00, 0x2A, 0x19, 0x29, 0xF8, 0x29, 0xF8,
    0x29, 0xF8, 0x29, 0xF8, 0x2A, 0x1A, 0x2A, 0x1A, 0x2A, 0x19, 0x2A, 0x1A, 0x2A, 0x1B, 0x32, 0x3B,
    0x2A, 0x1B, 0x2A, 0x1A, 0x2A, 0x1A, 0x2A, 0x1A, 0x32, 0x3B, 0x2A, 0x1B, 0x2A, 0x1A, 0x29, 0xF9,
    0x29, 0xF8, 0x29, 0xF9, 0x2A, 0x1A, 0x2A, 0x1A, 0x29, 0xF9, 0x29, 0xF9, 0x29, 0xF9, 0x29, 0xF9,
    0x29, 0xF8, 0x29, 0xF9, 0x2A, 0x1A, 0x2A, 0x1A, 0x29, 0xF9, 0x29, 0xF9, 0x29, 0xF9, 0x29, 0xF9,
    0x29, 0xF9, 0x29, 0xF9, 0x29, 0xF9, 0x29, 0xF9, 0x29, 0xF9, 0x2A, 0x1A, 0x2A, 0x1A, 0x2A, 0x1A,
    0x29, 0xF9, 0x29, 0xF9, 0x29, 0xF9, 0x29, 0xF9, 0x29, 0xF9, 0x29, 0xF9, 0x2A, 0x1A, 0x2A, 0x1A,
    0x2A, 0x1A, 0x2A, 0x1A, 0x2A, 0x1A, 0x2A, 0x1A, 0x2A, 0x1A, 0x2A, 0x1A, 0x2A, 0x19, 0x2A, 0x1A,
    0x2A, 0x1B, 0x2A, 0x1B, 0x2A, 0x1A, 0x2A, 0x1A, 0x2A, 0x1A, 0x2A, 0x1A, 0x2A, 0x19, 0x2A, 0x19,
    0x2A, 0x1A, 0x2A, 0x1A, 0x2A, 0x1A, 0x2A, 0x19, 0x29, 0xF8, 0x29, 0xF8, 0x29, 0xF8, 0x29, 0xF8,
    0x2A, 0x1A, 0x2A, 0x1A, 0x2A, 0x19, 0x2A, 0x1A, 0x21, 0xB5, 0x00, 0x00, 0x53, 0x3A, 0x63, 0xDF,
    0x63, 0xDF, 0x63, 0xDF, 0x63, 0xDF, 0x63, 0xDF, 0x6B, 0xDF, 0x6B, 0xFF, 0x63, 0xDF, 0x63, 0xDF,
    0x63, 0xDF, 0x63, 0xDF, 0x63, 0xDF, 0x63, 0xDF, 0x63, 0xDF, 0x6B, 0xFF, 0x6B, 0xFF, 0x63, 0xDF,
    0x63, 0xDF, 0x63, 0xBF, 0x63, 0xBF, 0x63, 0xBF, 0x63, 0xDF, 0x63, 0xDF, 0x63, 0xDF, 0x63, 0xDF,
    0x6B, 0xDF, 0x6B, 0xFF, 0x6B, 0xFF, 0x63, 0xDF, 0x63, 0xDF, 0x63, 0xDF, 0x6B, 0xFF, 0x6B, 0xFF,
    0x6B, 0xDF, 0x63, 0xDF, 0x63, 0xBF, 0x63, 0xDF, 0x6B, 0xDF, 0x6B, 0xDF, 0x63, 0xDF, 0x63, 0xDF,
    0x63, 0xDF, 0x63, 0xDF, 0x63, 0xBF, 0x63, 0xDF, 0x63, 0xDF, 0x63, 0xDF, 0x63, 0xDF, 0x63, 0xDF,
    0x63, 0xDF, 0x63, 0xBF, 0x63, 0xDF, 0x63, 0xDF, 0x63, 0xDF, 0x63, 0xDF, 0x63, 0xDF, 0x6B, 0xFF,
    0x6B, 0xFF, 0x6B, 0xFF, 0x63, 0xDF, 0x63, 0xDF, 0x63, 0xDF, 0x63, 0xDF, 0x63, 0xDF, 0x63, 0xDF,
    0x63, 0xDF, 0x63, 0xDF, 0x63, 0xDF, 0x63, 0xDF, 0x63, 0xDF, 0x63, 0xDF, 0x63, 0xDF, 0x6B, 0xDF,
    0x63, 0xDF, 0x6B, 0xFF, 0x6B, 0xFF, 0x6B, 0xFF, 0x6B, 0xFF, 0x63, 0xDF, 0x6B, 0xFF, 0x63, 0xDF,
    0x2A, 0x1A, 0x29, 0xF9, 0x29, 0xF9, 0x29, 0xF9, 0x29, 0xF9, 0x29, 0xF9, 0x2A, 0x19, 0x29, 0xF9,
    0x29, 0xF9, 0x29, 0xF9, 0x2A, 0x1A, 0x2A, 0x1A, 0x29, 0xF9, 0x29, 0xF9, 0x2A, 0x19, 0x2A, 0x1A,
    0x2A, 0x1A, 0x29, 0xF9, 0x29, 0xF8, 0x29, 0xF8, 0x29, 0xF9, 0x29, 0xF9, 0x2A, 0x19, 0x29, 0xF9,
    0x29, 0xF8, 0x29, 0xF9, 0x2A, 0x19, 0x2A, 0x1A, 0x29, 0xF9, 0x29, 0xF8, 0x29, 0xF9, 0x2A, 0x1A,
    0x2A, 0x1A, 0x29, 0xF9, 0x29, 0xF8, 0x29, 0xF8, 0x29, 0xF9, 0x2A, 0x1A, 0x2A, 0x1A, 0x29, 0xF9,
    0x29, 0xF8, 0x29, 0xF9, 0x2A, 0x1A, 0x2A, 0x1A, 0x29, 0xF9, 0x29, 0xF9, 0x2A, 0x1A, 0x2A, 0x1A,
    0x29, 0xF9, 0x2A, 0x19, 0x29, 0xF9, 0x29, 0xF9, 0x29, 0xF9, 0x29, 0xF9, 0x29, 0xF8, 0x29, 0xF9,
    0x2A, 0x1A, 0x2A, 0x1B, 0x2A, 0x1A, 0x29, 0xF9, 0x29, 0xF9, 0x29, 0xF9, 0x29, 0xF9, 0x29, 0xF9,
    0x29, 0xF9, 0x29, 0xF9, 0x29, 0xF9, 0x2A, 0x19, 0x2A, 0x1A, 0x2A, 0x19, 0x29, 0xF9, 0x29, 0xF9,
    0x29, 0xF9, 0x29, 0xF9, 0x29, 0xF9, 0x29, 0xF9, 0x2A, 0x19, 0x29, 0xF9, 0x29, 0xF9, 0x00, 0x00,
    0xAD, 0x75, 0x00, 0x00, 0x00, 0x00, 0x00, 0x00, 0x00, 0x00, 0x00, 0x00, 0x00, 0x00, 0x00, 0x00,
    0x00, 0x00, 0x00, 0x00, 0x00, 0x00, 0x00, 0x00, 0x00, 0x00, 0x00, 0x00, 0x00, 0x00, 0x00, 0x00,
    0x00, 0x00, 0x00, 0x00, 0x00, 0x00, 0x00, 0x00, 0x00, 0x00, 0x00, 0x00, 0x00, 0x00, 0x00, 0x00,
    0x00, 0x00, 0x00, 0x00, 0x00, 0x00, 0x00, 0x00, 0x00, 0x00, 0x00, 0x00, 0x00, 0x00, 0x00, 0x00,
    0x00, 0x00, 0x00, 0x00, 0x00, 0x00, 0x00, 0x00, 0x00, 0x00, 0x00, 0x00, 0x00, 0x00, 0x00, 0x00,
    0x00, 0x00, 0x00, 0x00, 0x00, 0x00, 0x00, 0x00, 0x00, 0x00, 0x00, 0x00, 0x00, 0x00, 0x00, 0x00,
    0x00, 0x00, 0x00, 0x00, 0x00, 0x00, 0x00, 0x00, 0x00, 0x00, 0x00, 0x00, 0x00, 0x00, 0x00, 0x00,
    0x00, 0x00, 0x00, 0x00, 0x00, 0x00, 0x00, 0x00, 0x00, 0x00, 0x00, 0x00, 0x00, 0x00, 0x00, 0x00,
    0x00, 0x00, 0x00, 0x00, 0x00, 0x00, 0x00, 0x00, 0x00, 0x00, 0x00, 0x00, 0x00, 0x00, 0x00, 0x00,
    0x00, 0x00, 0x00, 0x00, 0x00, 0x00, 0xAD, 0x75, 0x00, 0x00, 0x2A, 0x19, 0x29, 0xF9, 0x29, 0xF9,
    0x29, 0xF9, 0x2A, 0x1A, 0x2A, 0x1A, 0x2A, 0x1A, 0x29, 0xF9, 0x2A, 0x1A, 0x2A, 0x1A, 0x2A, 0x1A,
    0x29, 0xF9, 0x29, 0xF9, 0x2A, 0x19, 0x2A, 0x1A, 0x2A, 0x1A, 0x29, 0xF9, 0x29, 0xF8, 0x29, 0xF8,
    0x29, 0xF9, 0x29, 0xF9, 0x29, 0xF9, 0x29, 0xF9, 0x29, 0xF8, 0x29, 0xF9, 0x29, 0xF9, 0x29, 0xF9,
    0x29, 0xF8, 0x29, 0xF8, 0x2A, 0x19, 0x2A, 0x19, 0x29, 0xF9, 0x29, 0xF9, 0x29, 0xF9, 0x29, 0xF8,
    0x29, 0xF9, 0x29, 0xF9, 0x29, 0xF8, 0x29, 0xF9, 0x2A, 0x1A, 0x2A, 0x1A, 0x2A, 0x1A, 0x29, 0xF9,
    0x29, 0xF9, 0x29, 0xF9, 0x29, 0xF9, 0x29, 0xF9, 0x29, 0xF9, 0x29, 0xF9, 0x29, 0xF9, 0x2A, 0x1A,
    0x2A, 0x1A, 0x2A, 0x1A, 0x29, 0xF9, 0x29, 0xF9, 0x29, 0xF9, 0x29, 0xF9, 0x29, 0xF9, 0x2A, 0x1A,
    0x2A, 0x1A, 0x2A, 0x1A, 0x2A, 0x19, 0x2A, 0x1A, 0x2A, 0x1B, 0x2A, 0x1A, 0x2A, 0x19, 0x2A, 0x19,
    0x2A, 0x1A, 0x2A, 0x1A, 0x2A, 0x1A, 0x2A, 0x19, 0x29, 0xF9, 0x29, 0xF9, 0x29, 0xF9, 0x29, 0xF9,
    0x2A, 0x1A, 0x29, 0xF9, 0x29, 0xF9, 0x29, 0xF9, 0x21, 0xB5, 0x00, 0x00, 0x53, 0x3A, 0x63, 0xDF,
    0x63, 0xDF, 0x63, 0xBF, 0x63, 0xBF, 0x63, 0xDF, 0x63, 0xDF, 0x63, 0xDF, 0x63, 0xDF, 0x63, 0xDF,
    0x6B, 0xFF, 0x63, 0xDF, 0x63, 0xDF, 0x63, 0xDF, 0x6B, 0xDF, 0x6B, 0xFF, 0x6B, 0xFF, 0x63, 0xDF,
    0x63, 0xBF, 0x63, 0xBF, 0x63, 0xDF, 0x63, 0xDF, 0x63, 0xDF, 0x63, 0xDF, 0x63, 0xBF, 0x63, 0xBF,
    0x63, 0xDF, 0x63, 0xDF, 0x63, 0xBF, 0x63, 0xBF, 0x63, 0xDF, 0x63, 0xDF, 0x63, 0xDF, 0x63, 0xDF,
    0x63, 0xBF, 0x63, 0xDF, 0x63, 0xDF, 0x63, 0xDF, 0x63, 0xDF, 0x63, 0xDF, 0x63, 0xBF, 0x63, 0xDF,
    0x63, 0xDF, 0x63, 0xDF, 0x63, 0xBF, 0x63, 0xBF, 0x63, 0xDF, 0x63, 0xDF, 0x63, 0xBF, 0x63, 0xDF,
    0x63, 0xDF, 0x63, 0xBF, 0x63, 0xDF, 0x63, 0xDF, 0x63, 0xBF, 0x63, 0xDF, 0x6B, 0xFF, 0x6B, 0xFF,
    0x6B, 0xFF, 0x63, 0xDF, 0x63, 0xDF, 0x63, 0xDF, 0x63, 0xDF, 0x63, 0xDF, 0x63, 0xDF, 0x63, 0xDF,
    0x63, 0xDF, 0x63, 0xDF, 0x63, 0xDF, 0x63, 0xDF, 0x63, 0xDF, 0x63, 0xDF, 0x63, 0xDF, 0x63, 0xDF,
    0x63, 0xDF, 0x63, 0xDF, 0x6B, 0xFF, 0x63, 0xDF, 0x63, 0xDF, 0x63, 0xDF, 0x6B, 0xFF, 0x63, 0xDF,
    0x2A, 0x19, 0x29, 0xF9, 0x29, 0xF8, 0x29, 0xF8, 0x29, 0xF8, 0x29, 0xF9, 0x2A, 0x19, 0x29, 0xF9,
    0x29, 0xF9, 0x2A, 0x19, 0x2A, 0x1A, 0x2A, 0x19, 0x29, 0xF9, 0x29, 0xF9, 0x2A, 0x19, 0x2A, 0x19,
    0x2A, 0x1A, 0x29, 0xF9, 0x29, 0xF9, 0x29, 0xF9, 0x2A, 0x19, 0x2A, 0x19, 0x29, 0xF9, 0x29, 0xF8,
    0x29, 0xF8, 0x29, 0xF8, 0x29, 0xF9, 0x29, 0xF8, 0x29, 0xF8, 0x29, 0xF8, 0x29, 0xF9, 0x2A, 0x19,
    0x29, 0xF9, 0x29, 0xF8, 0x29, 0xF8, 0x29, 0xF9, 0x2A, 0x19, 0x29, 0xF9, 0x29, 0xF9, 0x29, 0xF8,
    0x29, 0xF8, 0x29, 0xF9, 0x2A, 0x1A, 0x2A, 0x1A, 0x29, 0xF9, 0x2A, 0x1A, 0x2A, 0x1A, 0x2A, 0x1A,
    0x29, 0xF9, 0x29, 0xF9, 0x29, 0xF9, 0x29, 0xF9, 0x2A, 0x1A, 0x29, 0xF9, 0x29, 0xF9, 0x2A, 0x1A,
    0x2A, 0x1B, 0x2A, 0x1A, 0x29, 0xF9, 0x29, 0xF9, 0x29, 0xF8, 0x29, 0xF8, 0x29, 0xF8, 0x29, 0xF9,
    0x29, 0xF9, 0x2A, 0x19, 0x2A, 0x19, 0x2A, 0x19, 0x2A, 0x1A, 0x2A, 0x19, 0x29, 0xF9, 0x29, 0xF9,
    0x29, 0xF8, 0x29, 0xF8, 0x29, 0xF8, 0x29, 0xF9, 0x2A, 0x19, 0x29, 0xF9, 0x29, 0xF9, 0x00, 0x00,
    0xAD, 0x75, 0x00, 0x00, 0x00, 0x00, 0x00, 0x00, 0x00, 0x00, 0x00, 0x00, 0x00, 0x00, 0x00, 0x00,
    0x00, 0x00, 0x00, 0x00, 0x00, 0x00, 0x00, 0x00, 0x00, 0x00, 0x00, 0x00, 0x00, 0x00, 0x00, 0x00,
    0x00, 0x00, 0x00, 0x00, 0x00, 0x00, 0x00, 0x00, 0x00, 0x00, 0x00, 0x00, 0x00, 0x00, 0x00, 0x00,
    0x00, 0x00, 0x00, 0x00, 0x00, 0x00, 0x00, 0x00, 0x00, 0x00, 0x00, 0x00, 0x00, 0x00, 0x00, 0x00,
    0x00, 0x00, 0x00, 0x00, 0x00, 0x00, 0x00, 0x00, 0x00, 0x00, 0x00, 0x00, 0x00, 0x00, 0x00, 0x00,
    0x00, 0x00, 0x00, 0x00, 0x00, 0x00, 0x00, 0x00, 0x00, 0x00, 0x00, 0x00, 0x00, 0x00, 0x00, 0x00,
    0x00, 0x00, 0x00, 0x00, 0x00, 0x00, 0x00, 0x00, 0x00, 0x00, 0x00, 0x00, 0x00, 0x00, 0x00, 0x00,
    0x00, 0x00, 0x00, 0x00, 0x00, 0x00, 0x00, 0x00, 0x00, 0x00, 0x00, 0x00, 0x00, 0x00, 0x00, 0x00,
    0x00, 0x00, 0x00, 0x00, 0x00, 0x00, 0x00, 0x00, 0x00, 0x00, 0x00, 0x00, 0x00, 0x00, 0x00, 0x00,
    0x00, 0x00, 0x00, 0x00, 0x00, 0x00, 0xAD, 0x75, 0x00, 0x00, 0x29, 0xF9, 0x29, 0xF9, 0x29, 0xF9,
    0x2A, 0x1A, 0x2A, 0x1A, 0x2A, 0x1A, 0x29, 0xF9, 0x29, 0xF9, 0x29, 0xF9, 0x29, 0xF9, 0x29, 0xF9,
    0x29, 0xF8, 0x29, 0xF8, 0x29, 0xF9, 0x2A, 0x1A, 0x29, 0xF9, 0x29, 0xF8, 0x29, 0xF8, 0x29, 0xF9,
    0x2A, 0x19, 0x29, 0xF9, 0x29, 0xF8, 0x29, 0xF8, 0x29, 0xF8, 0x29, 0xF9, 0x2A, 0x19, 0x29, 0xF9,
    0x29, 0xF9, 0x29, 0xF9, 0x2A, 0x1A, 0x2A, 0x19, 0x29, 0xF9, 0x29, 0xF9, 0x29, 0xF9, 0x29, 0xF9,
    0x2A, 0x19, 0x29, 0xF9, 0x29, 0xF9, 0x2A, 0x1A, 0x2A, 0x1A, 0x2A, 0x1A, 0x29, 0xF9, 0x29, 0xF8,
    0x29, 0xF8, 0x29, 0xF8, 0x29, 0xF8, 0x29, 0xF9, 0x29, 0xF9, 0x2A, 0x19, 0x2A, 0x1A, 0x2A, 0x1A,
    0x2A, 0x1A, 0x2A, 0x19, 0x29, 0xF9, 0x29, 0xF9, 0x29, 0xF8, 0x29, 0xF8, 0x29, 0xF9, 0x29, 0xF9,
    0x2A, 0x1A, 0x29, 0xF9, 0x2A, 0x19, 0x2A, 0x1A, 0x2A, 0x1A, 0x2A, 0x1A, 0x2A, 0x19, 0x2A, 0x1A,
    0x2A, 0x1A, 0x2A, 0x1A, 0x2A, 0x1A, 0x29, 0xF9, 0x29, 0xF9, 0x29, 0xF9, 0x2A, 0x1A, 0x2A, 0x19,
    0x29, 0xF9, 0x29, 0xF9, 0x29, 0xF8, 0x29, 0xF8, 0x21, 0xB5, 0x00, 0x00, 0x53, 0x3A, 0x63, 0xDF,
    0x63, 0xBF, 0x63, 0xBF, 0x63, 0xBF, 0x63, 0xDF, 0x63, 0xDF, 0x63, 0xDF, 0x63, 0xDF, 0x63, 0xDF,
    0x6B, 0xFF, 0x63, 0xDF, 0x63, 0xDF, 0x63, 0xDF, 0x6B, 0xFF, 0x6B, 0xFF, 0x6B, 0xFF, 0x63, 0xDF,
    0x63, 0xDF, 0x63, 0xDF, 0x63, 0xDF, 0x63, 0xDF, 0x63, 0xDF, 0x63, 0xBF, 0x63, 0xBF, 0x63, 0xBF,
    0x63, 0xBF, 0x63, 0xBF, 0x63, 0xBE, 0x63, 0xBF, 0x63, 0xDF, 0x63, 0xDF, 0x63, 0xDF, 0x63, 0xBF,
    0x63, 0xBF, 0x63, 0xDF, 0x6B, 0xDF, 0x63, 0xDF, 0x63, 0xBF, 0x63, 0xBF, 0x63, 0xBF, 0x63, 0xDF,
    0x63, 0xDF, 0x63, 0xDF, 0x63, 0xBF, 0x63, 0xDF, 0x63, 0xDF, 0x63, 0xDF, 0x63, 0xBF, 0x63, 0xDF,
    0x63, 0xDF, 0x63, 0xDF, 0x63, 0xDF, 0x63, 0xDF, 0x63, 0xDF, 0x6B, 0xFF, 0x6B, 0xFF, 0x6B, 0xFF,
    0x63, 0xDF, 0x63, 0xDF, 0x63, 0xBF, 0x63, 0xBF, 0x63, 0xDF, 0x63, 0xBF, 0x63, 0xDF, 0x63, 0xDF,
    0x63, 0xDF, 0x63, 0xDF, 0x63, 0xDF, 0x63, 0xDF, 0x63, 0xDF, 0x63, 0xDF, 0x63, 0xDF, 0x63, 0xBF,
    0x63, 0xDF, 0x63, 0xDF, 0x6B, 0xDF, 0x63, 0xDF, 0x63, 0xDF, 0x63, 0xDF, 0x6B, 0xFF, 0x63, 0xDF,
    0x2A, 0x19, 0x29, 0xF8, 0x29, 0xF8, 0x29, 0xF9, 0x2A, 0x19, 0x2A, 0x1A, 0x2A, 0x1A, 0x2A, 0x19,
    0x2A, 0x19, 0x2A, 0x19, 0x2A, 0x19, 0x29, 0xF9, 0x29, 0xF9, 0x29, 0xF9, 0x2A, 0x1A, 0x2A, 0x1A,
    0x2A, 0x19, 0x29, 0xF9, 0x29, 0xF9, 0x2A, 0x19, 0x29, 0xF9, 0x29, 0xF9, 0x29, 0xF9, 0x29, 0xF9,
    0x2A, 0x19, 0x2A, 0x1A, 0x2A, 0x19, 0x29, 0xF9, 0x29, 0xF9, 0x29, 0xF9, 0x2A, 0x19, 0x2A, 0x19,
    0x29, 0xF9, 0x29, 0xF8, 0x29, 0xF8, 0x29, 0xF9, 0x2A, 0x19, 0x29, 0xF9, 0x29, 0xF8, 0x29, 0xF8,
    0x29, 0xF9, 0x29, 0xF9, 0x29, 0xF9, 0x29, 0xF9, 0x2A, 0x1A, 0x2A, 0x1A, 0x2A, 0x1B, 0x2A, 0x1A,
    0x29, 0xF9, 0x29, 0xF9, 0x29, 0xF9, 0x29, 0xF9, 0x2A, 0x19, 0x29, 0xF9, 0x2A, 0x19, 0x2A, 0x1A,
    0x29, 0xF9, 0x29, 0xF8, 0x29, 0xF8, 0x29, 0xF8, 0x29, 0xF8, 0x29, 0xF8, 0x29, 0xF9, 0x2A, 0x19,
    0x2A, 0x19, 0x2A, 0x19, 0x2A, 0x19, 0x2A, 0x19, 0x2A, 0x19, 0x29, 0xF9, 0x29, 0xF9, 0x29, 0xF8,
    0x29, 0xF8, 0x29, 0xF9, 0x2A, 0x19, 0x2A, 0x1A, 0x2A, 0x1A, 0x2A, 0x19, 0x29, 0xF9, 0x00, 0x00,
    0xAD, 0x75, 0x00, 0x00, 0x00, 0x00, 0x00, 0x00, 0x00, 0x00, 0x00, 0x00, 0x00, 0x00, 0x00, 0x00,
    0x00, 0x00, 0x00, 0x00, 0x00, 0x00, 0x00, 0x00, 0x00, 0x00, 0x00, 0x00, 0x00, 0x00, 0x00, 0x00,
    0x00, 0x00, 0x00, 0x00, 0x00, 0x00, 0x00, 0x00, 0x00, 0x00, 0x00, 0x00, 0x00, 0x00, 0x00, 0x00,
    0x00, 0x00, 0x00, 0x00, 0x00, 0x00, 0x00, 0x00, 0x00, 0x00, 0x00, 0x00, 0x00, 0x00, 0x00, 0x00,
    0x00, 0x00, 0x00, 0x00, 0x00, 0x00, 0x00, 0x00, 0x00, 0x00, 0x00, 0x00, 0x00, 0x00, 0x00, 0x00,
    0x00, 0x00, 0x00, 0x00, 0x00, 0x00, 0x00, 0x00, 0x00, 0x00, 0x00, 0x00, 0x00, 0x00, 0x00, 0x00,
    0x00, 0x00, 0x00, 0x00, 0x00, 0x00, 0x00, 0x00, 0x00, 0x00, 0x00, 0x00, 0x00, 0x00, 0x00, 0x00,
    0x00, 0x00, 0x00, 0x00, 0x00, 0x00, 0x00, 0x00, 0x00, 0x00, 0x00, 0x00, 0x00, 0x00, 0x00, 0x00,
    0x00, 0x00, 0x00, 0x00, 0x00, 0x00, 0x00, 0x00, 0x00, 0x00, 0x00, 0x00, 0x00, 0x00, 0x00, 0x00,
    0x00, 0x00, 0x00, 0x00, 0x00, 0x00, 0xAD, 0x75, 0x00, 0x00, 0x2A, 0x1A, 0x29, 0xF9, 0x2A, 0x1A,
    0x2A, 0x1A, 0x29, 0xF9, 0x29, 0xF9, 0x29, 0xF9, 0x2A, 0x1A, 0x2A, 0x1A, 0x2A, 0x1A, 0x29, 0xF9,
    0x29, 0xF9, 0x29, 0xF9, 0x2A, 0x19, 0x2A, 0x1A, 0x29, 0xF9, 0x29, 0xF8, 0x29, 0xF8, 0x29, 0xF9,
    0x2A, 0x19, 0x29, 0xF8, 0x29, 0xF8, 0x29, 0xF8, 0x29, 0xF9, 0x29, 0xF9, 0x29, 0xF9, 0x29, 0xF9,
    0x2A, 0x19, 0x2A, 0x19, 0x2A, 0x1A, 0x2A, 0x1A, 0x29, 0xF8, 0x29, 0xF8, 0x29, 0xF9, 0x29, 0xF9,
    0x29, 0xF9, 0x29, 0xF9, 0x29, 0xF9, 0x2A, 0x1A, 0x29, 0xF9, 0x29, 0xF8, 0x29, 0xF8, 0x29, 0xF8,
    0x29, 0xF8, 0x29, 0xF8, 0x29, 0xF9, 0x2A, 0x19, 0x2A, 0x19, 0x2A, 0x19, 0x2A, 0x19, 0x2A, 0x19,
    0x2A, 0x19, 0x29, 0xF9, 0x29, 0xF9, 0x29, 0xF8, 0x29, 0xF8, 0x29, 0xF9, 0x2A, 0x1A, 0x2A, 0x1A,
    0x2A, 0x1A, 0x2A, 0x1A, 0x2A, 0x1A, 0x2A, 0x1A, 0x2A, 0x1A, 0x29, 0xF9, 0x29, 0xF9, 0x2A, 0x1A,
    0x2A, 0x1B, 0x2A, 0x1B, 0x2A, 0x1A, 0x2A, 0x1A, 0x29, 0xF9, 0x2A, 0x19, 0x2A, 0x19, 0x29, 0xF9,
    0x29, 0xF9, 0x29, 0xF9, 0x2A, 0x19, 0x2A, 0x1A, 0x21, 0xB5, 0x00, 0x00, 0x53, 0x1A, 0x63, 0xBF,
    0x63, 0xBF, 0x63, 0xBF, 0x63, 0xDF, 0x63, 0xDF, 0x63, 0xDF, 0x63, 0xDF, 0x63, 0xDF, 0x63, 0xDF,
    0x63, 0xDF, 0x63, 0xDF, 0x63, 0xDF, 0x63, 0xDF, 0x6B, 0xFF, 0x6B, 0xFF, 0x63, 0xDF, 0x63, 0xDF,
    0x63, 0xDF, 0x63, 0xDF, 0x63, 0xDF, 0x63, 0xDF, 0x63, 0xBF, 0x63, 0xBF, 0x63, 0xDF, 0x63, 0xDF,
    0x63, 0xDF, 0x63, 0xBF, 0x63, 0xDF, 0x63, 0xDF, 0x63, 0xDF, 0x63, 0xDF, 0x63, 0xDF, 0x63, 0xBF,
    0x63, 0xBF, 0x63, 0xDF, 0x6B, 0xDF, 0x63, 0xDF, 0x63, 0xBF, 0x63, 0xBF, 0x63, 0xDF, 0x63, 0xDF,
    0x63, 0xDF, 0x63, 0xDF, 0x63, 0xBF, 0x63, 0xDF, 0x63, 0xDF, 0x63, 0xDF, 0x63, 0xBF, 0x63, 0xBF,
    0x63, 0xDF, 0x63, 0xDF, 0x63, 0xDF, 0x63, 0xDF, 0x63, 0xDF, 0x6B, 0xFF, 0x63, 0xDF, 0x63, 0xBF,
    0x63, 0xBF, 0x63, 0xBF, 0x63, 0xBF, 0x63, 0xBF, 0x63, 0xDF, 0x63, 0xDF, 0x63, 0xDF, 0x63, 0xDF,
    0x63, 0xDF, 0x63, 0xDF, 0x63, 0xBF, 0x63, 0xDF, 0x63, 0xBF, 0x63, 0xBF, 0x63, 0xBF, 0x63, 0xDF,
    0x63, 0xDF, 0x6B, 0xFF, 0x6B, 0xFF, 0x6B, 0xFF, 0x63, 0xDF, 0x63, 0xDF, 0x63, 0xDF, 0x63, 0xDF,
    0x2A, 0x19, 0x29, 0xF8, 0x29, 0xF9, 0x2A, 0x1A, 0x2A, 0x1B, 0x2A, 0x1A, 0x2A, 0x1A, 0x29, 0xF9,
    0x29, 0xF9, 0x29, 0xF9, 0x29, 0xF9, 0x29, 0xF8, 0x29, 0xF8, 0x29, 0xF9, 0x29, 0xF9, 0x2A, 0x19,
    0x2A, 0x19, 0x29, 0xF9, 0x29, 0xF9, 0x29, 0xF9, 0x29, 0xF9, 0x29, 0xF9, 0x29, 0xF9, 0x2A, 0x1A,
    0x2A, 0x1A, 0x2A, 0x1A, 0x2A, 0x1A, 0x29, 0xF9, 0x2A, 0x19, 0x2A, 0x1A, 0x2A, 0x1A, 0x2A, 0x1A,
    0x29, 0xF9, 0x29, 0xF8, 0x29, 0xF9, 0x2A, 0x1A, 0x2A, 0x1A, 0x29, 0xF8, 0x29, 0xF8, 0x2A, 0x19,
    0x2A, 0x1A, 0x29, 0xF9, 0x2A, 0x19, 0x2A, 0x19, 0x2A, 0x1A, 0x2A, 0x1A, 0x2A, 0x1A, 0x2A, 0x1A,
    0x29, 0xF8, 0x29, 0xF8, 0x29, 0xF9, 0x29, 0xF9, 0x29, 0xF8, 0x29, 0xF8, 0x29, 0xF8, 0x29, 0xF9,
    0x29, 0xF8, 0x29, 0xF8, 0x29, 0xF9, 0x29, 0xF8, 0x29, 0xF8, 0x29, 0xF9, 0x2A, 0x19, 0x2A, 0x19,
    0x29, 0xF9, 0x29, 0xF9, 0x29, 0xF9, 0x29, 0xF9, 0x29, 0xF8, 0x29, 0xF8, 0x29, 0xF8, 0x29, 0xF8,
    0x29, 0xF9, 0x2A, 0x1A, 0x2A, 0x1B, 0x2A, 0x1A, 0x2A, 0x1A, 0x29, 0xF9, 0x29, 0xF9, 0x00, 0x00,
    0xAD, 0x75, 0x00, 0x00, 0x00, 0x00, 0x00, 0x00, 0x00, 0x00, 0x00, 0x00, 0x00, 0x00, 0x00, 0x00,
    0x00, 0x00, 0x00, 0x00, 0x00, 0x00, 0x00, 0x00, 0x00, 0x00, 0x00, 0x00, 0x00, 0x00, 0x00, 0x00,
    0x00, 0x00, 0x00, 0x00, 0x00, 0x00, 0x00, 0x00, 0x00, 0x00, 0x00, 0x00, 0x00, 0x00, 0x00, 0x00,
    0x00, 0x00, 0x00, 0x00, 0x00, 0x00, 0x00, 0x00, 0x00, 0x00, 0x00, 0x00, 0x00, 0x00, 0x00, 0x00,
    0x00, 0x00, 0x00, 0x00, 0x00, 0x00, 0x00, 0x00, 0x00, 0x00, 0x00, 0x00, 0x00, 0x00, 0x00, 0x00,
    0x00, 0x00, 0x00, 0x00, 0x00, 0x00, 0x00, 0x00, 0x00, 0x00, 0x00, 0x00, 0x00, 0x00, 0x00, 0x00,
    0x00, 0x00, 0x00, 0x00, 0x00, 0x00, 0x00, 0x00, 0x00, 0x00, 0x00, 0x00, 0x00, 0x00, 0x00, 0x00,
    0x00, 0x00, 0x00, 0x00, 0x00, 0x00, 0x00, 0x00, 0x00, 0x00, 0x00, 0x00, 0x00, 0x00, 0x00, 0x00,
    0x00, 0x00, 0x00, 0x00, 0x00, 0x00, 0x00, 0x00, 0x00, 0x00, 0x00, 0x00, 0x00, 0x00, 0x00, 0x00,
    0x00, 0x00, 0x00, 0x00, 0x00, 0x00, 0xAD, 0x75, 0x00, 0x00, 0x2A, 0x19, 0x2A, 0x19, 0x2A, 0x19,
    0x29, 0xF9, 0x29, 0xF9, 0x2A, 0x1A, 0x2A, 0x1A, 0x2A, 0x1A, 0x2A, 0x1A, 0x2A, 0x1A, 0x2A, 0x19,
    0x2A, 0x1A, 0x2A, 0x1A, 0x2A, 0x1A, 0x2A, 0x1A, 0x29, 0xF9, 0x29, 0xF8, 0x29, 0xF9, 0x2A, 0x1A,
    0x2A, 0x1A, 0x29, 0xF8, 0x29, 0xF8, 0x29, 0xF9, 0x29, 0xF9, 0x29, 0xF9, 0x29, 0xF9, 0x29, 0xF9,
    0x2A, 0x19, 0x2A, 0x19, 0x2A, 0x1A, 0x29, 0xF9, 0x29, 0xF8, 0x29, 0xF8, 0x29, 0xF9, 0x29, 0xF9,
    0x29, 0xF8, 0x29, 0xF8, 0x29, 0xF8, 0x29, 0xF9, 0x29, 0xF8, 0x29, 0xF8, 0x29, 0xF9, 0x29, 0xF8,
    0x29, 0xF8, 0x29, 0xF9, 0x2A, 0x19, 0x2A, 0x19, 0x2A, 0x19, 0x29, 0xF9, 0x29, 0xF9, 0x29, 0xF9,
    0x29, 0xF8, 0x29, 0xF8, 0x29, 0xF8, 0x29, 0xF8, 0x29, 0xF9, 0x2A, 0x1A, 0x2A, 0x3B, 0x2A, 0x1A,
    0x2A, 0x1A, 0x2A, 0x19, 0x2A, 0x19, 0x2A, 0x19, 0x2A, 0x19, 0x29, 0xF9, 0x29, 0xF8, 0x29, 0xF9,
    0x2A, 0x1A, 0x2A, 0x1A, 0x2A, 0x1A, 0x2A, 0x19, 0x2A, 0x19, 0x2A, 0x19, 0x29, 0xF9, 0x29, 0xF9,
    0x2A, 0x19, 0x2A, 0x1A, 0x2A, 0x1A, 0x2A, 0x1A, 0x21, 0xB4, 0x00, 0x00, 0x53, 0x1A, 0x63, 0xBF,
    0x63, 0xBF, 0x63, 0xDF, 0x6B, 0xDF, 0x63, 0xDF, 0x63, 0xDF, 0x63, 0xDF, 0x63, 0xBF, 0x63, 0xDF,
    0x63, 0xDF, 0x63, 0xBF, 0x63, 0xBF, 0x63, 0xDF, 0x63, 0xDF, 0x63, 0xDF, 0x63, 0xDF, 0x63, 0xDF,
    0x63, 0xDF, 0x63, 0xDF, 0x63, 0xDF, 0x63, 0xDF, 0x63, 0xDF, 0x63, 0xDF, 0x63, 0xDF, 0x63, 0xDF,
    0x63, 0xDF, 0x63, 0xBF, 0x63, 0xDF, 0x63, 0xDF, 0x6B, 0xDF, 0x63, 0xDF, 0x63, 0xDF, 0x63, 0xBF,
    0x63, 0xDF, 0x6B, 0xFF, 0x63, 0xDF, 0x63, 0xDF, 0x63, 0xBF, 0x63, 0xDF, 0x63, 0xDF, 0x63, 0xDF,
    0x63, 0xDF, 0x63, 0xDF, 0x63, 0xDF, 0x63, 0xDF, 0x63, 0xDF, 0x63, 0xDF, 0x63, 0xBF, 0x63, 0xBF,
    0x63, 0xDF, 0x63, 0xDF, 0x63, 0xBF, 0x63, 0xBF, 0x63, 0xDF, 0x63, 0xDF, 0x63, 0xDF, 0x63, 0xDF,
    0x63, 0xDF, 0x63, 0xDF, 0x63, 0xBF, 0x63, 0xDF, 0x63, 0xDF, 0x63, 0xDF, 0x63, 0xBF, 0x63, 0xDF,
    0x63, 0xDF, 0x63, 0xBF, 0x63, 0xBF, 0x63, 0xBF, 0x63, 0xBF, 0x63, 0xBF, 0x63, 0xDF, 0x6B, 0xFF,
    0x6B, 0xFF, 0x6B, 0xFF, 0x6B, 0xFF, 0x63, 0xDF, 0x63, 0xDF, 0x63, 0xDF, 0x63, 0xDF, 0x63, 0xDF,
    0x29, 0xF9, 0x29, 0xF9, 0x2A, 0x1A, 0x32, 0x3B, 0x2A, 0x1A, 0x29, 0xF9, 0x29, 0xF8, 0x29, 0xF8,
    0x29, 0xF8, 0x29, 0xF9, 0x29, 0xF9, 0x29, 0xF8, 0x29, 0xF8, 0x29, 0xF8, 0x29, 0xF8, 0x29, 0xF8,
    0x29, 0xF8, 0x29, 0xF8, 0x29, 0xF8, 0x29, 0xF8, 0x29, 0xD7, 0x29, 0xF8, 0x29, 0xF9, 0x29, 0xF9,
    0x29, 0xF8, 0x29, 0xF8, 0x29, 0xD8, 0x29, 0xF8, 0x29, 0xF9, 0x2A, 0x1A, 0x2A, 0x1A, 0x29, 0xF9,
    0x29, 0xF8, 0x29, 0xF8, 0x29, 0xF9, 0x2A, 0x1A, 0x2A, 0x19, 0x29, 0xF8, 0x29, 0xF8, 0x2A, 0x19,
    0x2A, 0x19, 0x2A, 0x19, 0x2A, 0x1A, 0x2A, 0x1A, 0x2A, 0x1A, 0x2A, 0x1A, 0x2A, 0x19, 0x2A, 0x19,
    0x29, 0xF8, 0x29, 0xF9, 0x2A, 0x19, 0x2A, 0x19, 0x29, 0xF9, 0x29, 0xF9, 0x29, 0xF9, 0x2A, 0x19,
    0x2A, 0x19, 0x2A, 0x1A, 0x2A, 0x1A, 0x2A, 0x1A, 0x29, 0xF9, 0x2A, 0x1A, 0x2A, 0x19, 0x29, 0xF9,
    0x29, 0xF9, 0x2A, 0x19, 0x2A, 0x1A, 0x29, 0xF9, 0x29, 0xF8, 0x29, 0xF8, 0x29, 0xF8, 0x29, 0xF9,
    0x2A, 0x1A, 0x32, 0x3B, 0x2A, 0x1A, 0x29, 0xF8, 0x29, 0xF8, 0x29, 0xF8, 0x29, 0xF8, 0x00, 0x00,
    0xAD, 0x75, 0x00, 0x00, 0x00, 0x00, 0x00, 0x00, 0x00, 0x00, 0x00, 0x00, 0x00, 0x00, 0x00, 0x00,
    0x00, 0x00, 0x00, 0x00, 0x00, 0x00, 0x00, 0x00, 0x00, 0x00, 0x00, 0x00, 0x00, 0x00, 0x00, 0x00,
    0x00, 0x00, 0x00, 0x00, 0x00, 0x00, 0x00, 0x00, 0x00, 0x00, 0x00, 0x00, 0x00, 0x00, 0x00, 0x00,
    0x00, 0x00, 0x00, 0x00, 0x00, 0x00, 0x00, 0x00, 0x00, 0x00, 0x00, 0x00, 0x00, 0x00, 0x00, 0x00,
    0x00, 0x00, 0x00, 0x00, 0x00, 0x00, 0x00, 0x00, 0x00, 0x00, 0x00, 0x00, 0x00, 0x00, 0x00, 0x00,
    0x00, 0x00, 0x00, 0x00, 0x00, 0x00, 0x00, 0x00, 0x00, 0x00, 0x00, 0x00, 0x00, 0x00, 0x00, 0x00,
    0x00, 0x00, 0x00, 0x00, 0x00, 0x00, 0x00, 0x00, 0x00, 0x00, 0x00, 0x00, 0x00, 0x00, 0x00, 0x00,
    0x00, 0x00, 0x00, 0x00, 0x00, 0x00, 0x00, 0x00, 0x00, 0x00, 0x00, 0x00, 0x00, 0x00, 0x00, 0x00,
    0x00, 0x00, 0x00, 0x00, 0x00, 0x00, 0x00, 0x00, 0x00, 0x00, 0x00, 0x00, 0x00, 0x00, 0x00, 0x00,
    0x00, 0x00, 0x00, 0x00, 0x00, 0x00, 0xAD, 0x75, 0x00, 0x00, 0x29, 0xF8, 0x29, 0xF8, 0x29, 0xF8,
    0x29, 0xF8, 0x29, 0xF8, 0x29, 0xF9, 0x2A, 0x1A, 0x29, 0xF9, 0x29, 0xF8, 0x29, 0xF8, 0x29, 0xF8,
    0x2A, 0x19, 0x2A, 0x1A, 0x2A, 0x1A, 0x29, 0xF9, 0x29, 0xF8, 0x29, 0xF8, 0x29, 0xF9, 0x2A, 0x1A,
    0x29, 0xF9, 0x29, 0xF8, 0x29, 0xF8, 0x29, 0xF9, 0x29, 0xF9, 0x29, 0xF9, 0x2A, 0x1A, 0x2A, 0x1A,
    0x2A, 0x1A, 0x2A, 0x19, 0x29, 0xF9, 0x29, 0xF9, 0x29, 0xF8, 0x29, 0xF8, 0x2A, 0x19, 0x29, 0xF9,
    0x29, 0xF9, 0x29, 0xF9, 0x29, 0xF9, 0x2A, 0x19, 0x2A, 0x19, 0x2A, 0x1A, 0x2A, 0x1A, 0x2A, 0x19,
    0x29, 0xF9, 0x2A, 0x1A, 0x2A, 0x19, 0x29, 0xF9, 0x29, 0xF9, 0x2A, 0x1A, 0x2A, 0x1A, 0x29, 0xF9,
    0x29, 0xF8, 0x29, 0xF8, 0x29, 0xF9, 0x29, 0xF9, 0x2A, 0x1A, 0x32, 0x3B, 0x2A, 0x1A, 0x29, 0xF9,
    0x29, 0xF8, 0x29, 0xF8, 0x29, 0xF9, 0x2A, 0x19, 0x29, 0xF9, 0x29, 0xF8, 0x29, 0xF8, 0x29, 0xF9,
    0x29, 0xF8, 0x29, 0xF8, 0x29, 0xF8, 0x29, 0xF8, 0x29, 0xF8, 0x29, 0xF8, 0x29, 0xD8, 0x29, 0xF8,
    0x29, 0xF9, 0x29, 0xF9, 0x29, 0xF9, 0x29, 0xF8, 0x21, 0x94, 0x00, 0x00, 0x53, 0x1A, 0x63, 0xDF,
    0x63, 0xDF, 0x6B, 0xFF, 0x6B, 0xDF, 0x63, 0xBF, 0x63, 0xBF, 0x63, 0xBF, 0x63, 0xBF, 0x63, 0xDF,
    0x63, 0xBF, 0x63, 0xBF, 0x63, 0xBF, 0x63, 0xBF, 0x63, 0xDF, 0x63, 0xBF, 0x63, 0xDF, 0x63, 0xBF,
    0x63, 0xBF, 0x63, 0xBF, 0x63, 0xBF, 0x63, 0xBF, 0x63, 0xBF, 0x63, 0xDF, 0x63, 0xBF, 0x63, 0xBE,
    0x63, 0xBE, 0x63, 0xBE, 0x63, 0xDF, 0x63, 0xDF, 0x63, 0xDF, 0x63, 0xDF, 0x63, 0xBF, 0x63, 0xBF,
    0x63, 0xDF, 0x63, 0xDF, 0x63, 0xDF, 0x63, 0xDF, 0x63, 0xBF, 0x63, 0xDF, 0x63, 0xDF, 0x63, 0xDF,
    0x63, 0xDF, 0x6B, 0xDF, 0x63, 0xDF, 0x63, 0xDF, 0x63, 0xDF, 0x63, 0xBF, 0x63, 0xBF, 0x63, 0xBF,
    0x63, 0xDF, 0x63, 0xDF, 0x63, 0xDF, 0x63, 0xDF, 0x63, 0xDF, 0x63, 0xDF, 0x63, 0xDF, 0x6B, 0xFF,
    0x6B, 0xFF, 0x63, 0xDF, 0x63, 0xDF, 0x63, 0xDF, 0x63, 0xDF, 0x63, 0xDF, 0x63, 0xDF, 0x63, 0xDF,
    0x63, 0xDF, 0x63, 0xDF, 0x63, 0xBF, 0x63, 0xBF, 0x63, 0xBF, 0x63, 0xDF, 0x6B, 0xFF, 0x6B, 0xFF,
    0x6B, 0xFF, 0x63, 0xDF, 0x63, 0xDF, 0x63, 0xDF, 0x63, 0xDF, 0x63, 0xDF, 0x63, 0xDF, 0x63, 0xDF,
    0x29, 0xF9, 0x2A, 0x1A, 0x32, 0x3B, 0x2A, 0x1A, 0x29, 0xF8, 0x29, 0xD7, 0x29, 0xD7, 0x29, 0xF8,
    0x29, 0xF9, 0x29, 0xF9, 0x29, 0xD8, 0x29, 0xD7, 0x29, 0xD8, 0x29, 0xF8, 0x29, 0xF8, 0x29, 0xF8,
    0x29, 0xD8, 0x29, 0xD7, 0x21, 0xD6, 0x29, 0xD7, 0x29, 0xD7, 0x29, 0xD8, 0x29, 0xF9, 0x29, 0xF9,
    0x29, 0xF7, 0x29, 0xD7, 0x29, 0xF8, 0x29, 0xF8, 0x29, 0xF9, 0x2A, 0x19, 0x29, 0xF8, 0x29, 0xD7,
    0x29, 0xD7, 0x29, 0xF9, 0x29, 0xF9, 0x29, 0xF9, 0x29, 0xF9, 0x29, 0xF9, 0x29, 0xF9, 0x2A, 0x1A,
    0x2A, 0x1A, 0x2A, 0x1A, 0x2A, 0x1A, 0x2A, 0x3B, 0x2A, 0x1A, 0x2A, 0x19, 0x2A, 0x19, 0x2A, 0x1A,
    0x29, 0xF9, 0x29, 0xF9, 0x2A, 0x19, 0x2A, 0x1A, 0x2A, 0x1A, 0x2A, 0x1A, 0x2A, 0x1A, 0x2A, 0x1A,
    0x32, 0x1B, 0x2A, 0x1B, 0x2A, 0x1A, 0x29, 0xF9, 0x29, 0xF9, 0x2A, 0x19, 0x29, 0xF9, 0x29, 0xF9,
    0x2A, 0x19, 0x2A, 0x19, 0x2A, 0x19, 0x29, 0xF8, 0x29, 0xF8, 0x29, 0xF8, 0x2A, 0x19, 0x2A, 0x1A,
    0x2A, 0x1A, 0x2A, 0x1A, 0x29, 0xF8, 0x29, 0xD7, 0x29, 0xD7, 0x29, 0xF8, 0x29, 0xF9, 0x00, 0x00,
    0xAD, 0x75, 0x00, 0x00, 0x00, 0x00, 0x00, 0x00, 0x00, 0x00, 0x00, 0x00, 0x00, 0x00, 0x00, 0x00,
    0x00, 0x00, 0x00, 0x00, 0x00, 0x00, 0x00, 0x00, 0x00, 0x00, 0x00, 0x00, 0x00, 0x00, 0x00, 0x00,
    0x00, 0x00, 0x00, 0x00, 0x00, 0x00, 0x00, 0x00, 0x00, 0x00, 0x00, 0x00, 0x00, 0x00, 0x00, 0x00,
    0x00, 0x00, 0x00, 0x00, 0x00, 0x00, 0x00, 0x00, 0x00, 0x00, 0x00, 0x00, 0x00, 0x00, 0x00, 0x00,
    0x00, 0x00, 0x00, 0x00, 0x00, 0x00, 0x00, 0x00, 0x00, 0x00, 0x00, 0x00, 0x00, 0x00, 0x00, 0x00,
    0x00, 0x00, 0x00, 0x00, 0x00, 0x00, 0x00, 0x00, 0x00, 0x00, 0x00, 0x00, 0x00, 0x00, 0x00, 0x00,
    0x00, 0x00, 0x00, 0x00, 0x00, 0x00, 0x00, 0x00, 0x00, 0x00, 0x00, 0x00, 0x00, 0x00, 0x00, 0x00,
    0x00, 0x00, 0x00, 0x00, 0x00, 0x00, 0x00, 0x00, 0x00, 0x00, 0x00, 0x00, 0x00, 0x00, 0x00, 0x00,
    0x00, 0x00, 0x00, 0x00, 0x00, 0x00, 0x00, 0x00, 0x00, 0x00, 0x00, 0x00, 0x00, 0x00, 0x00, 0x00,
    0x00, 0x00, 0x00, 0x00, 0x00, 0x00, 0xAD, 0x75, 0x00, 0x00, 0x29, 0xD7, 0x29, 0xD7, 0x29, 0xD8,
    0x29, 0xF8, 0x29, 0xF8, 0x29, 0xF9, 0x29, 0xF9, 0x29, 0xF8, 0x29, 0xF7, 0x29, 0xF8, 0x29, 0xF9,
    0x29, 0xF9, 0x2A, 0x19, 0x29, 0xF8, 0x29, 0xD7, 0x29, 0xD7, 0x29, 0xF9, 0x29, 0xF9, 0x29, 0xF8,
    0x29, 0xF8, 0x29, 0xF9, 0x29, 0xF8, 0x2A, 0x19, 0x2A, 0x19, 0x2A, 0x1A, 0x2A, 0x1A, 0x2A, 0x1A,
    0x2A, 0x1A, 0x29, 0xF9, 0x29, 0xF9, 0x29, 0xF9, 0x29, 0xF8, 0x29, 0xF8, 0x29, 0xF9, 0x2A, 0x19,
    0x29, 0xF9, 0x29, 0xF9, 0x2A, 0x1A, 0x2A, 0x1A, 0x2A, 0x1A, 0x2A, 0x1A, 0x2A, 0x1A, 0x29, 0xF9,
    0x29, 0xF9, 0x2A, 0x19, 0x29, 0xF9, 0x29, 0xF9, 0x2A, 0x19, 0x2A, 0x19, 0x2A, 0x19, 0x29, 0xF8,
    0x29, 0xF8, 0x29, 0xF9, 0x2A, 0x19, 0x2A, 0x1B, 0x32, 0x3B, 0x2A, 0x1A, 0x29, 0xF9, 0x29, 0xD7,
    0x29, 0xD8, 0x29, 0xF9, 0x29, 0xF9, 0x2A, 0x19, 0x29, 0xF8, 0x29, 0xF7, 0x29, 0xF8, 0x29, 0xF9,
    0x29, 0xF9, 0x29, 0xF8, 0x29, 0xF8, 0x29, 0xD7, 0x29, 0xD7, 0x29, 0xD8, 0x29, 0xF8, 0x29, 0xF8,
    0x29, 0xF9, 0x29, 0xF9, 0x29, 0xF7, 0x29, 0xD7, 0x21, 0x94, 0x00, 0x00, 0x53, 0x1A, 0x6B, 0xDF,
    0x6B, 0xFF, 0x63, 0xDF, 0x63, 0xBF, 0x63, 0x9E, 0x63, 0xBE, 0x63, 0xBF, 0x63, 0xDF, 0x63, 0xDF,
    0x63, 0xBF, 0x63, 0xBE, 0x63, 0xBF, 0x63, 0xDF, 0x63, 0xDF, 0x63, 0xDF, 0x63, 0xBF, 0x63, 0xBE,
    0x63, 0x9E, 0x63, 0xBE, 0x63, 0xBF, 0x63, 0xBF, 0x63, 0xBF, 0x63, 0xBF, 0x63, 0xBE, 0x63, 0x9E,
    0x63, 0xBE, 0x63, 0xBF, 0x63, 0xDF, 0x63, 0xDF, 0x63, 0xBF, 0x63, 0x9E, 0x63, 0xBE, 0x63, 0xBF,
    0x63, 0xDF, 0x63, 0xBF, 0x63, 0xDF, 0x63, 0xBF, 0x63, 0xDF, 0x63, 0xDF, 0x63, 0xDF, 0x63, 0xDF,
    0x6B, 0xDF, 0x6B, 0xFF, 0x63, 0xDF, 0x63, 0xDF, 0x63, 0xBF, 0x63, 0xDF, 0x63, 0xBF, 0x63, 0xBF,
    0x63, 0xDF, 0x63, 0xDF, 0x63, 0xDF, 0x63, 0xDF, 0x6B, 0xFF, 0x6B, 0xFF, 0x6B, 0xFF, 0x6B, 0xFF,
    0x6B, 0xFF, 0x63, 0xDF, 0x63, 0xDF, 0x63, 0xDF, 0x63, 0xDF, 0x63, 0xDF, 0x63, 0xDF, 0x63, 0xDF,
    0x63, 0xDF, 0x63, 0xBF, 0x63, 0xBF, 0x63, 0xBF, 0x63, 0xDF, 0x6B, 0xDF, 0x6B, 0xFF, 0x63, 0xDF,
    0x63, 0xDF, 0x63, 0xBF, 0x63, 0xBF, 0x63, 0xDF, 0x63, 0xDF, 0x63, 0xDF, 0x63, 0xBF, 0x63, 0xBF,
    0x29, 0xF8, 0x2A, 0x1B, 0x2A, 0x1A, 0x29, 0xF8, 0x29, 0xD7, 0x29, 0xD7, 0x29, 0xD7, 0x29, 0xF9,
    0x29, 0xF9, 0x29, 0xF8, 0x29, 0xF8, 0x29, 0xD8, 0x29, 0xF8, 0x29, 0xF9, 0x29, 0xF9, 0x29, 0xF9,
    0x29, 0xF9, 0x29, 0xF8, 0x29, 0xD8, 0x29, 0xF8, 0x29, 0xF9, 0x29, 0xF9, 0x2A, 0x1A, 0x2A, 0x1A,
    0x29, 0xF9, 0x29, 0xF9, 0x2A, 0x1A, 0x2A, 0x1A, 0x2A, 0x1A, 0x2A, 0x19, 0x29, 0xF8, 0x29, 0xD7,
    0x29, 0xF8, 0x2A, 0x19, 0x2A, 0x19, 0x29, 0xF9, 0x2A, 0x1A, 0x2A, 0x1A, 0x2A, 0x19, 0x2A, 0x1A,
    0x2A, 0x1A, 0x2A, 0x1A, 0x2A, 0x1A, 0x2A, 0x19, 0x29, 0xF9, 0x29, 0xF8, 0x2A, 0x1A, 0x2A, 0x1A,
    0x29, 0xF9, 0x29, 0xF8, 0x29, 0xF9, 0x2A, 0x19, 0x2A, 0x19, 0x2A, 0x19, 0x2A, 0x1A, 0x2A, 0x1A,
    0x2A, 0x1A, 0x2A, 0x19, 0x29, 0xF8, 0x29, 0xF7, 0x29, 0xF8, 0x29, 0xF8, 0x29, 0xF8, 0x29, 0xF9,
    0x29, 0xF9, 0x29, 0xF8, 0x29, 0xF8, 0x29, 0xD7, 0x29, 0xD8, 0x29, 0xF9, 0x2A, 0x1A, 0x2A, 0x1A,
    0x2A, 0x1A, 0x29, 0xF8, 0x29, 0xD7, 0x29, 0xD7, 0x29, 0xD7, 0x29, 0xF9, 0x29, 0xF9, 0x00, 0x00,
    0xAD, 0x75, 0x00, 0x00, 0x00, 0x00, 0x00, 0x00, 0x00, 0x00, 0x00, 0x00, 0x00, 0x00, 0x00, 0x00,
    0x00, 0x00, 0x00, 0x00, 0x00, 0x00, 0x00, 0x00, 0x00, 0x00, 0x00, 0x00, 0x00, 0x00, 0x00, 0x00,
    0x00, 0x00, 0x00, 0x00, 0x00, 0x00, 0x00, 0x00, 0x00, 0x00, 0x00, 0x00, 0x00, 0x00, 0x00, 0x00,
    0x00, 0x00, 0x00, 0x00, 0x00, 0x00, 0x00, 0x00, 0x00, 0x00, 0x00, 0x00, 0x00, 0x00, 0x00, 0x00,
    0x00, 0x00, 0x00, 0x00, 0x00, 0x00, 0x00, 0x00, 0x00, 0x00, 0x00, 0x00, 0x00, 0x00, 0x00, 0x00,
    0x00, 0x00, 0x00, 0x00, 0x00, 0x00, 0x00, 0x00, 0x00, 0x00, 0x00, 0x00, 0x00, 0x00, 0x00, 0x00,
    0x00, 0x00, 0x00, 0x00, 0x00, 0x00, 0x00, 0x00, 0x00, 0x00, 0x00, 0x00, 0x00, 0x00, 0x00, 0x00,
    0x00, 0x00, 0x00, 0x00, 0x00, 0x00, 0x00, 0x00, 0x00, 0x00, 0x00, 0x00, 0x00, 0x00, 0x00, 0x00,
    0x00, 0x00, 0x00, 0x00, 0x00, 0x00, 0x00, 0x00, 0x00, 0x00, 0x00, 0x00, 0x00, 0x00, 0x00, 0x00,
    0x00, 0x00, 0x00, 0x00, 0x00, 0x00, 0xAD, 0x75, 0x00, 0x00, 0x29, 0xF8, 0x29, 0xF8, 0x29, 0xF9,
    0x2A, 0x19, 0x2A, 0x1A, 0x2A, 0x1A, 0x2A, 0x1A, 0x2A, 0x19, 0x2A, 0x1A, 0x2A, 0x1A, 0x2A, 0x1A,
    0x2A, 0x1A, 0x2A, 0x19, 0x29, 0xF8, 0x29, 0xD7, 0x29, 0xF8, 0x2A, 0x19, 0x2A, 0x19, 0x29, 0xF9,
    0x2A, 0x1A, 0x2A, 0x1A, 0x29, 0xF9, 0x2A, 0x1A, 0x2A, 0x1A, 0x2A, 0x1A, 0x29, 0xF9, 0x29, 0xF9,
    0x29, 0xF8, 0x29, 0xF8, 0x29, 0xF9, 0x29, 0xF9, 0x29, 0xF9, 0x29, 0xF8, 0x29, 0xF8, 0x29, 0xF9,
    0x29, 0xF9, 0x29, 0xF9, 0x2A, 0x19, 0x29, 0xF9, 0x29, 0xF9, 0x29, 0xF9, 0x29, 0xF8, 0x29, 0xD7,
    0x29, 0xF8, 0x29, 0xF8, 0x29, 0xF8, 0x29, 0xF9, 0x29, 0xF9, 0x29, 0xF8, 0x29, 0xF8, 0x29, 0xF7,
    0x29, 0xF8, 0x2A, 0x19, 0x2A, 0x1A, 0x2A, 0x1A, 0x2A, 0x1A, 0x29, 0xF9, 0x29, 0xD7, 0x29, 0xD7,
    0x29, 0xF7, 0x29, 0xF9, 0x2A, 0x19, 0x29, 0xF9, 0x29, 0xF8, 0x29, 0xF8, 0x29, 0xF9, 0x2A, 0x1A,
    0x2A, 0x1A, 0x2A, 0x1A, 0x2A, 0x1A, 0x29, 0xF8, 0x29, 0xF8, 0x29, 0xF9, 0x2A, 0x19, 0x2A, 0x1A,
    0x2A, 0x1A, 0x2A, 0x1A, 0x2A, 0x19, 0x2A, 0x19, 0x21, 0x94, 0x00, 0x00, 0x53, 0x1A, 0x6B, 0xFF,
    0x6B, 0xDF, 0x63, 0xBF, 0x63, 0x9E, 0x63, 0x9D, 0x63, 0x9E, 0x63, 0xBF, 0x63, 0xDF, 0x63, 0xBF,
    0x63, 0xBF, 0x63, 0xBF, 0x63, 0xBF, 0x63, 0xDF, 0x63, 0xDF, 0x6B, 0xDF, 0x63, 0xDF, 0x63, 0xDF,
    0x63, 0xBF, 0x63, 0xBF, 0x63, 0xDF, 0x63, 0xDF, 0x6B, 0xDF, 0x63, 0xDF, 0x63, 0xBF, 0x63, 0xDF,
    0x63, 0xDF, 0x63, 0xDF, 0x63, 0xDF, 0x63, 0xDF, 0x63, 0xBF, 0x63, 0xBE, 0x63, 0xBF, 0x63, 0xDF,
    0x63, 0xDF, 0x63, 0xDF, 0x6B, 0xDF, 0x6B, 0xDF, 0x63, 0xDF, 0x63, 0xDF, 0x6B, 0xDF, 0x63, 0xDF,
    0x63, 0xDF, 0x63, 0xDF, 0x63, 0xBF, 0x63, 0xBF, 0x63, 0xBF, 0x63, 0xDF, 0x63, 0xBF, 0x63, 0xBF,
    0x63, 0xBF, 0x63, 0xDF, 0x63, 0xDF, 0x63, 0xDF, 0x63, 0xDF, 0x6B, 0xDF, 0x6B, 0xDF, 0x63, 0xDF,
    0x63, 0xBF, 0x63, 0xBF, 0x63, 0xBF, 0x63, 0xBF, 0x63, 0xBF, 0x63, 0xDF, 0x63, 0xBF, 0x63, 0xBF,
    0x63, 0xBF, 0x63, 0x9E, 0x63, 0xBE, 0x63, 0xDF, 0x6B, 0xDF, 0x6B, 0xFF, 0x6B, 0xDF, 0x63, 0xBF,
    0x63, 0x9E, 0x63, 0xBE, 0x63, 0xBF, 0x63, 0xDF, 0x63, 0xDF, 0x63, 0xDF, 0x63, 0xBF, 0x63, 0xBF,
    0x29, 0xF8, 0x29, 0xF9, 0x29, 0xF8, 0x29, 0xD7, 0x29, 0xD7, 0x29, 0xD7, 0x29, 0xF8, 0x29, 0xF8,
    0x29, 0xF8, 0x29, 0xF8, 0x29, 0xF8, 0x29, 0xF8, 0x29, 0xF9, 0x2A, 0x1A, 0x2A, 0x19, 0x2A, 0x19,
    0x29, 0xF9, 0x29, 0xF8, 0x29, 0xF9, 0x2A, 0x19, 0x2A, 0x1A, 0x2A, 0x19, 0x2A, 0x1A, 0x2A, 0x1A,
    0x29, 0xF9, 0x29, 0xF9, 0x2A, 0x19, 0x29, 0xF9, 0x29, 0xF9, 0x29, 0xF9, 0x29, 0xF9, 0x29, 0xF8,
    0x2A, 0x19, 0x2A, 0x1A, 0x29, 0xF9, 0x29, 0xF9, 0x2A, 0x19, 0x2A, 0x19, 0x29, 0xF9, 0x2A, 0x19,
    0x2A, 0x19, 0x29, 0xF8, 0x29, 0xF8, 0x29, 0xF7, 0x29, 0xD8, 0x29, 0xF8, 0x2A, 0x19, 0x29, 0xF9,
    0x29, 0xF8, 0x29, 0xF8, 0x29, 0xF8, 0x29, 0xF9, 0x29, 0xF9, 0x29, 0xF9, 0x29, 0xF8, 0x29, 0xF8,
    0x29, 0xD7, 0x29, 0xD7, 0x29, 0xD7, 0x29, 0xD7, 0x29, 0xF8, 0x29, 0xF8, 0x29, 0xD7, 0x29, 0xF8,
    0x29, 0xF8, 0x29, 0xF8, 0x29, 0xF8, 0x29, 0xF8, 0x29, 0xF8, 0x2A, 0x19, 0x2A, 0x19, 0x29, 0xF9,
    0x29, 0xF8, 0x29, 0xD7, 0x29, 0xD7, 0x29, 0xD7, 0x29, 0xF8, 0x29, 0xF8, 0x29, 0xF8, 0x00, 0x00,
    0xAD, 0x75, 0x00, 0x00, 0x00, 0x00, 0x00, 0x00, 0x00, 0x00, 0x00, 0x00, 0x00, 0x00, 0x00, 0x00,
    0x00, 0x00, 0x00, 0x00, 0x00, 0x00, 0x00, 0x00, 0x00, 0x00, 0x00, 0x00, 0x00, 0x00, 0x00, 0x00,
    0x00, 0x00, 0x00, 0x00, 0x00, 0x00, 0x00, 0x00, 0x00, 0x00, 0x00, 0x00, 0x00, 0x00, 0x00, 0x00,
    0x00, 0x00, 0x00, 0x00, 0x00, 0x00, 0x00, 0x00, 0x00, 0x00, 0x00, 0x00, 0x00, 0x00, 0x00, 0x00,
    0x00, 0x00, 0x00, 0x00, 0x00, 0x00, 0x00, 0x00, 0x00, 0x00, 0x00, 0x00, 0x00, 0x00, 0x00, 0x00,
    0x00, 0x00, 0x00, 0x00, 0x00, 0x00, 0x00, 0x00, 0x00, 0x00, 0x00, 0x00, 0x00, 0x00, 0x00, 0x00,
    0x00, 0x00, 0x00, 0x00, 0x00, 0x00, 0x00, 0x00, 0x00, 0x00, 0x00, 0x00, 0x00, 0x00, 0x00, 0x00,
    0x00, 0x00, 0x00, 0x00, 0x00, 0x00, 0x00, 0x00, 0x00, 0x00, 0x00, 0x00, 0x00, 0x00, 0x00, 0x00,
    0x00, 0x00, 0x00, 0x00, 0x00, 0x00, 0x00, 0x00, 0x00, 0x00, 0x00, 0x00, 0x00, 0x00, 0x00, 0x00,
    0x00, 0x00, 0x00, 0x00, 0x00, 0x00, 0xAD, 0x75, 0x00, 0x00, 0x29, 0xF9, 0x29, 0xF9, 0x2A, 0x1A,
    0x2A, 0x1A, 0x2A, 0x1A, 0x2A, 0x1B, 0x2A, 0x1A, 0x2A, 0x1A, 0x2A, 0x1A, 0x2A, 0x1A, 0x2A, 0x19,
    0x29, 0xF9, 0x29, 0xF9, 0x29, 0xF9, 0x29, 0xF8, 0x2A, 0x19, 0x2A, 0x1A, 0x29, 0xF9, 0x29, 0xF9,
    0x2A, 0x19, 0x29, 0xF9, 0x29, 0xF9, 0x29, 0xF9, 0x29, 0xF9, 0x29, 0xF8, 0x29, 0xD7, 0x29, 0xD7,
    0x29, 0xD7, 0x29, 0xD7, 0x29, 0xF9, 0x29, 0xF8, 0x29, 0xD7, 0x29, 0xD7, 0x29, 0xF8, 0x29, 0xF9,
    0x29, 0xF9, 0x29, 0xF8, 0x29, 0xF8, 0x29, 0xF8, 0x29, 0xD7, 0x29, 0xD7, 0x29, 0xD7, 0x29, 0xD7,
    0x29, 0xF8, 0x29, 0xF8, 0x29, 0xD8, 0x29, 0xF8, 0x29, 0xF8, 0x29, 0xF8, 0x29, 0xF8, 0x29, 0xF8,
    0x29, 0xF9, 0x2A, 0x1A, 0x2A, 0x1A, 0x2A, 0x19, 0x29, 0xF8, 0x29, 0xD7, 0x29, 0xD7, 0x29, 0xF7,
    0x29, 0xF8, 0x29, 0xF9, 0x29, 0xF8, 0x29, 0xF8, 0x29, 0xF9, 0x29, 0xF9, 0x2A, 0x1A, 0x2A, 0x1A,
    0x2A, 0x1A, 0x2A, 0x1A, 0x2A, 0x19, 0x29, 0xF9, 0x29, 0xF9, 0x2A, 0x1A, 0x2A, 0x1A, 0x2A, 0x1A,
    0x2A, 0x1A, 0x2A, 0x1A, 0x29, 0xF9, 0x29, 0xF9, 0x21, 0x94, 0x00, 0x00, 0x53, 0x1A, 0x63, 0xDF,
    0x63, 0xBF, 0x63, 0x9D, 0x63, 0x9D, 0x63, 0x9E, 0x63, 0x9E, 0x63, 0xBF, 0x63, 0xBF, 0x63, 0xBF,
    0x63, 0xBF, 0x63, 0xDF, 0x63, 0xDF, 0x6B, 0xDF, 0x6B, 0xFF, 0x6B, 0xDF, 0x63, 0xDF, 0x63, 0xDF,
    0x63, 0xDF, 0x63, 0xDF, 0x6B, 0xDF, 0x63, 0xDF, 0x6B, 0xDF, 0x63, 0xDF, 0x63, 0xBF, 0x63, 0xBF,
    0x63, 0xDF, 0x63, 0xBF, 0x63, 0xBF, 0x63, 0xBF, 0x63, 0xDF, 0x63, 0xBF, 0x63, 0xDF, 0x6B, 0xDF,
    0x63, 0xDF, 0x63, 0xDF, 0x6B, 0xDF, 0x6B, 0xDF, 0x63, 0xDF, 0x63, 0xDF, 0x63, 0xDF, 0x63, 0xBF,
    0x63, 0xBE, 0x63, 0xBE, 0x63, 0x9D, 0x63, 0x9E, 0x63, 0xBF, 0x63, 0xBF, 0x63, 0x9E, 0x63, 0xBE,
    0x63, 0xBF, 0x63, 0xDF, 0x63, 0xDF, 0x63, 0xDF, 0x63, 0xBF, 0x63, 0xBF, 0x63, 0xBF, 0x63, 0xBF,
    0x63, 0x9E, 0x63, 0xBE, 0x63, 0xBF, 0x63, 0xBF, 0x63, 0xBE, 0x63, 0xBF, 0x63, 0xBF, 0x63, 0xBF,
    0x63, 0xBE, 0x63, 0xBE, 0x63, 0xBF, 0x63, 0xDF, 0x63, 0xDF, 0x63, 0xDF, 0x63, 0xBF, 0x63, 0xBE,
    0x63, 0x9E, 0x63, 0xBF, 0x63, 0xBF, 0x63, 0xDF, 0x63, 0xDF, 0x63, 0xBF, 0x63, 0xBF, 0x63, 0xBF,
    0x29, 0xF8, 0x29, 0xD7, 0x29, 0xD7, 0x29, 0xD7, 0x29, 0xD7, 0x29, 0xF7, 0x29, 0xF8, 0x29, 0xF8,
    0x29, 0xF8, 0x29, 0xF9, 0x29, 0xF9, 0x29, 0xF8, 0x29, 0xF8, 0x29, 0xF9, 0x29, 0xF9, 0x29, 0xF8,
    0x29, 0xF7, 0x29, 0xF7, 0x29, 0xF8, 0x2A, 0x19, 0x2A, 0x1A, 0x29, 0xF8, 0x29, 0xF8, 0x29, 0xF8,
    0x29, 0xD7, 0x29, 0xD7, 0x29, 0xD7, 0x29, 0xD7, 0x29, 0xF8, 0x29, 0xF8, 0x29, 0xF8, 0x29, 0xF8,
    0x29, 0xF9, 0x2A, 0x19, 0x29, 0xF8, 0x29, 0xF8, 0x29, 0xF8, 0x29, 0xF8, 0x29, 0xF8, 0x29, 0xF8,
    0x29, 0xD7, 0x29, 0xD7, 0x29, 0xD7, 0x29, 0xF7, 0x29, 0xF8, 0x29, 0xF8, 0x29, 0xF9, 0x29, 0xF8,
    0x21, 0xB6, 0x29, 0xD7, 0x29, 0xF8, 0x29, 0xF9, 0x29, 0xF9, 0x29, 0xF9, 0x29, 0xF8, 0x29, 0xF8,
    0x29, 0xD8, 0x29, 0xF8, 0x29, 0xF8, 0x29, 0xF8, 0x29, 0xF9, 0x29, 0xF8, 0x29, 0xD7, 0x29, 0xD7,
    0x29, 0xF8, 0x29, 0xF7, 0x29, 0xF8, 0x29, 0xF8, 0x29, 0xF8, 0x29, 0xF9, 0x29, 0xF8, 0x29, 0xD7,
    0x29, 0xD6, 0x29, 0xD6, 0x29, 0xD7, 0x29, 0xF7, 0x29, 0xF8, 0x29, 0xF8, 0x29, 0xF8, 0x00, 0x00,
    0xAD, 0x75, 0x00, 0x00, 0x00, 0x00, 0x00, 0x00, 0x00, 0x00, 0x00, 0x00, 0x00, 0x00, 0x00, 0x00,
    0x00, 0x00, 0x00, 0x00, 0x00, 0x00, 0x00, 0x00, 0x00, 0x00, 0x00, 0x00, 0x00, 0x00, 0x00, 0x00,
    0x00, 0x00, 0x00, 0x00, 0x00, 0x00, 0x00, 0x00, 0x00, 0x00, 0x00, 0x00, 0x00, 0x00, 0x00, 0x00,
    0x00, 0x00, 0x00, 0x00, 0x00, 0x00, 0x00, 0x00, 0x00, 0x00, 0x00, 0x00, 0x00, 0x00, 0x00, 0x00,
    0x00, 0x00, 0x00, 0x00, 0x00, 0x00, 0x00, 0x00, 0x00, 0x00, 0x00, 0x00, 0x00, 0x00, 0x00, 0x00,
    0x00, 0x00, 0x00, 0x00, 0x00, 0x00, 0x00, 0x00, 0x00, 0x00, 0x00, 0x00, 0x00, 0x00, 0x00, 0x00,
    0x00, 0x00, 0x00, 0x00, 0x00, 0x00, 0x00, 0x00, 0x00, 0x00, 0x00, 0x00, 0x00, 0x00, 0x00, 0x00,
    0x00, 0x00, 0x00, 0x00, 0x00, 0x00, 0x00, 0x00, 0x00, 0x00, 0x00, 0x00, 0x00, 0x00, 0x00, 0x00,
    0x00, 0x00, 0x00, 0x00, 0x00, 0x00, 0x00, 0x00, 0x00, 0x00, 0x00, 0x00, 0x00, 0x00, 0x00, 0x00,
    0x00, 0x00, 0x00, 0x00, 0x00, 0x00, 0xAD, 0x75, 0x00, 0x00, 0x29, 0xF8, 0x29, 0xF8, 0x2A, 0x1A,
    0x2A, 0x1A, 0x2A, 0x19, 0x29, 0xF9, 0x29, 0xF8, 0x29, 0xF8, 0x29, 0xF7, 0x29, 0xD7, 0x29, 0xD7,
    0x29, 0xF8, 0x29, 0xF9, 0x29, 0xF9, 0x29, 0xF8, 0x29, 0xF9, 0x29, 0xF9, 0x29, 0xF8, 0x29, 0xF8,
    0x29, 0xF8, 0x29, 0xF8, 0x29, 0xF8, 0x29, 0xF8, 0x29, 0xD7, 0x29, 0xD6, 0x29, 0xD6, 0x29, 0xD7,
    0x29, 0xD7, 0x29, 0xF8, 0x29, 0xF8, 0x29, 0xD7, 0x21, 0xB6, 0x29, 0xD7, 0x29, 0xF7, 0x29, 0xF8,
    0x29, 0xF9, 0x29, 0xF8, 0x29, 0xF8, 0x29, 0xF7, 0x29, 0xD7, 0x29, 0xF8, 0x29, 0xF8, 0x29, 0xF8,
    0x29, 0xF9, 0x29, 0xF8, 0x29, 0xD7, 0x29, 0xD7, 0x29, 0xF8, 0x29, 0xF7, 0x29, 0xF8, 0x29, 0xF8,
    0x29, 0xF9, 0x29, 0xF9, 0x29, 0xF8, 0x29, 0xD7, 0x29, 0xD7, 0x29, 0xD7, 0x29, 0xD7, 0x29, 0xF8,
    0x29, 0xF8, 0x29, 0xF8, 0x29, 0xF9, 0x29, 0xF9, 0x2A, 0x19, 0x29, 0xF9, 0x29, 0xF9, 0x2A, 0x1A,
    0x2A, 0x19, 0x29, 0xF8, 0x29, 0xF8, 0x29, 0xF8, 0x29, 0xF8, 0x2A, 0x1A, 0x2A, 0x1A, 0x29, 0xF9,
    0x29, 0xF9, 0x29, 0xF8, 0x29, 0xD7, 0x29, 0xD7, 0x21, 0x94, 0x00, 0x00, 0x53, 0x19, 0x63, 0xBE,
    0x63, 0x9D, 0x63, 0x9D, 0x63, 0x9D, 0x63, 0x9E, 0x63, 0xBE, 0x63, 0xBF, 0x63, 0xBF, 0x63, 0xDF,
    0x63, 0xDF, 0x63, 0xDF, 0x63, 0xDF, 0x63, 0xDF, 0x63, 0xDF, 0x63, 0xBF, 0x63, 0xBF, 0x63, 0xBF,
    0x63, 0xBF, 0x63, 0xDF, 0x63, 0xDF, 0x63, 0xBF, 0x63, 0xBF, 0x63, 0xBF, 0x63, 0x9E, 0x63, 0x9E,
    0x63, 0x9D, 0x63, 0x9D, 0x63, 0x9E, 0x63, 0xBF, 0x63, 0xBF, 0x63, 0xBF, 0x63, 0xDF, 0x63, 0xDF,
    0x63, 0xBF, 0x63, 0xBF, 0x63, 0xBF, 0x63, 0xBF, 0x63, 0xBF, 0x63, 0xBF, 0x63, 0xBE, 0x63, 0x9D,
    0x63, 0x9D, 0x63, 0x9E, 0x63, 0x9E, 0x63, 0xBE, 0x63, 0xBF, 0x63, 0x9E, 0x63, 0x7D, 0x63, 0x9D,
    0x63, 0xBE, 0x63, 0xBF, 0x63, 0xDF, 0x63, 0xDF, 0x63, 0xBF, 0x63, 0xBF, 0x63, 0xBF, 0x63, 0xBF,
    0x63, 0xBF, 0x63, 0xDF, 0x63, 0xDF, 0x63, 0xBF, 0x63, 0x9E, 0x63, 0x9E, 0x63, 0xBF, 0x63, 0x9E,
    0x63, 0xBE, 0x63, 0xBF, 0x63, 0xBF, 0x63, 0xBF, 0x63, 0xBF, 0x63, 0xBE, 0x63, 0x9E, 0x63, 0x9E,
    0x63, 0xBE, 0x63, 0xBF, 0x63, 0xBF, 0x63, 0xBF, 0x63, 0xDF, 0x63, 0xDF, 0x63, 0xDF, 0x63, 0xBF,
    0x29, 0xF8, 0x29, 0xD7, 0x29, 0xD7, 0x29, 0xD7, 0x29, 0xF7, 0x29, 0xF8, 0x29, 0xF8, 0x29, 0xF9,
    0x2A, 0x1A, 0x2A, 0x19, 0x29, 0xF8, 0x29, 0xF8, 0x29, 0xD8, 0x29, 0xF8, 0x29, 0xF8, 0x21, 0xD6,
    0x29, 0xD7, 0x29, 0xF8, 0x29, 0xF8, 0x29, 0xF8, 0x29, 0xF8, 0x29, 0xD7, 0x29, 0xF8, 0x29, 0xD7,
    0x29, 0xD7, 0x29, 0xD6, 0x29, 0xD7, 0x29, 0xF7, 0x29, 0xF8, 0x29, 0xF9, 0x29, 0xF8, 0x29, 0xD7,
    0x29, 0xD7, 0x29, 0xF8, 0x29, 0xF8, 0x29, 0xF8, 0x29, 0xF9, 0x29, 0xF8, 0x29, 0xF8, 0x29, 0xF8,
    0x29, 0xD7, 0x29, 0xD7, 0x29, 0xD7, 0x29, 0xF8, 0x29, 0xF8, 0x29, 0xF8, 0x29, 0xF8, 0x29, 0xD7,
    0x29, 0xD7, 0x29, 0xF8, 0x29, 0xF8, 0x29, 0xF8, 0x29, 0xF8, 0x29, 0xD7, 0x29, 0xD7, 0x29, 0xD7,
    0x29, 0xF7, 0x29, 0xF8, 0x29, 0xF9, 0x29, 0xF8, 0x29, 0xF8, 0x29, 0xF8, 0x21, 0xD6, 0x29, 0xD7,
    0x29, 0xF8, 0x29, 0xF7, 0x29, 0xD7, 0x29, 0xF8, 0x29, 0xD8, 0x29, 0xF8, 0x29, 0xD7, 0x29, 0xD7,
    0x29, 0xD7, 0x29, 0xD7, 0x29, 0xD7, 0x29, 0xF8, 0x29, 0xF8, 0x29, 0xF9, 0x2A, 0x1A, 0x00, 0x00,
    0xAD, 0x75, 0x00, 0x00, 0x00, 0x00, 0x00, 0x00, 0x00, 0x00, 0x00, 0x00, 0x00, 0x00, 0x00, 0x00,
    0x00, 0x00, 0x00, 0x00, 0x00, 0x00, 0x00, 0x00, 0x00, 0x00, 0x00, 0x00, 0x00, 0x00, 0x00, 0x00,
    0x00, 0x00, 0x00, 0x00, 0x00, 0x00, 0x00, 0x00, 0x00, 0x00, 0x00, 0x00, 0x00, 0x00, 0x00, 0x00,
    0x00, 0x00, 0x00, 0x00, 0x00, 0x00, 0x00, 0x00, 0x00, 0x00, 0x00, 0x00, 0x00, 0x00, 0x00, 0x00,
    0x00, 0x00, 0x00, 0x00, 0x00, 0x00, 0x00, 0x00, 0x00, 0x00, 0x00, 0x00, 0x00, 0x00, 0x00, 0x00,
    0x00, 0x00, 0x00, 0x00, 0x00, 0x00, 0x00, 0x00, 0x00, 0x00, 0x00, 0x00, 0x00, 0x00, 0x00, 0x00,
    0x00, 0x00, 0x00, 0x00, 0x00, 0x00, 0x00, 0x00, 0x00, 0x00, 0x00, 0x00, 0x00, 0x00, 0x00, 0x00,
    0x00, 0x00, 0x00, 0x00, 0x00, 0x00, 0x00, 0x00, 0x00, 0x00, 0x00, 0x00, 0x00, 0x00, 0x00, 0x00,
    0x00, 0x00, 0x00, 0x00, 0x00, 0x00, 0x00, 0x00, 0x00, 0x00, 0x00, 0x00, 0x00, 0x00, 0x00, 0x00,
    0x00, 0x00, 0x00, 0x00, 0x00, 0x00, 0xAD, 0x75, 0x00, 0x00, 0x29, 0xF8, 0x29, 0xF8, 0x29, 0xF9,
    0x29, 0xF9, 0x29, 0xF8, 0x29, 0xF8, 0x29, 0xF8, 0x29, 0xD7, 0x29, 0xD7, 0x29, 0xD7, 0x29, 0xF8,
    0x29, 0xF8, 0x29, 0xF9, 0x29, 0xF8, 0x29, 0xD7, 0x29, 0xD7, 0x29, 0xF8, 0x29, 0xF8, 0x29, 0xF8,
    0x29, 0xF8, 0x29, 0xF8, 0x29, 0xF8, 0x29, 0xF8, 0x29, 0xD7, 0x29, 0xD7, 0x29, 0xD7, 0x29, 0xF8,
    0x29, 0xF8, 0x29, 0xF8, 0x29, 0xF8, 0x29, 0xD7, 0x21, 0xD6, 0x29, 0xF8, 0x29, 0xF8, 0x29, 0xF8,
    0x29, 0xF8, 0x29, 0xD7, 0x29, 0xD7, 0x29, 0xD7, 0x29, 0xF7, 0x29, 0xF8, 0x29, 0xF9, 0x29, 0xF8,
    0x29, 0xF8, 0x29, 0xF8, 0x21, 0xB6, 0x29, 0xD7, 0x29, 0xF8, 0x29, 0xF7, 0x29, 0xF7, 0x29, 0xF8,
    0x29, 0xF8, 0x29, 0xF8, 0x29, 0xD7, 0x29, 0xD7, 0x29, 0xD7, 0x29, 0xD7, 0x29, 0xF8, 0x29, 0xF8,
    0x29, 0xF8, 0x2A, 0x19, 0x2A, 0x1A, 0x2A, 0x1A, 0x29, 0xF9, 0x29, 0xF8, 0x29, 0xF8, 0x29, 0xF8,
    0x29, 0xF8, 0x29, 0xD7, 0x29, 0xD7, 0x29, 0xF8, 0x29, 0xF8, 0x29, 0xF9, 0x29, 0xF8, 0x29, 0xF8,
    0x29, 0xF8, 0x29, 0xF8, 0x29, 0xD7, 0x29, 0xD6, 0x21, 0x94, 0x00, 0x00, 0x53, 0x19, 0x63, 0x9E,
    0x63, 0x9D, 0x63, 0x9D, 0x63, 0x9E, 0x63, 0xBF, 0x63, 0xBF, 0x63, 0xBF, 0x63, 0xDF, 0x63, 0xDF,
    0x63, 0xBF, 0x63, 0xBF, 0x63, 0xBF, 0x63, 0xBF, 0x63, 0xBF, 0x63, 0xBE, 0x63, 0xBE, 0x63, 0xBF,
    0x63, 0xDF, 0x63, 0xDF, 0x63, 0xBF, 0x63, 0x9E, 0x63, 0xBE, 0x63, 0xBE, 0x63, 0x9D, 0x63, 0x9D,
    0x63, 0x9D, 0x63, 0x9E, 0x63, 0xBF, 0x63, 0xBF, 0x63, 0xBF, 0x63, 0x9E, 0x63, 0xBE, 0x63, 0xBF,
    0x63, 0xBF, 0x63, 0xDF, 0x63, 0xDF, 0x63, 0xBF, 0x63, 0xBF, 0x63, 0xBF, 0x63, 0xBE, 0x63, 0x9E,
    0x63, 0x9E, 0x63, 0xBF, 0x63, 0xBF, 0x63, 0xBF, 0x63, 0xBF, 0x63, 0x9D, 0x63, 0x9D, 0x63, 0xBE,
    0x63, 0xBF, 0x63, 0xBF, 0x63, 0xBF, 0x63, 0xBE, 0x63, 0xBE, 0x63, 0xBE, 0x63, 0xBF, 0x63, 0xDF,
    0x63, 0xDF, 0x63, 0xDF, 0x63, 0xDF, 0x63, 0xBF, 0x63, 0x9D, 0x63, 0x9E, 0x63, 0xBF, 0x63, 0x9E,
    0x63, 0x9E, 0x63, 0x9E, 0x63, 0xBE, 0x63, 0xBE, 0x63, 0x9E, 0x63, 0x9E, 0x63, 0x9E, 0x63, 0x9E,
    0x63, 0xBF, 0x63, 0xBF, 0x63, 0xBF, 0x63, 0xDF, 0x6B, 0xDF, 0x6B, 0xDF, 0x63, 0xDF, 0x63, 0xBF,
    0x29, 0xF8, 0x29, 0xD7, 0x29, 0xD7, 0x29, 0xF8, 0x29, 0xF8, 0x29, 0xF8, 0x29, 0xF9, 0x29, 0xF9,
    0x29, 0xF9, 0x29, 0xF8, 0x29, 0xD7, 0x29, 0xD7, 0x29, 0xF8, 0x29, 0xF8, 0x29, 0xF8, 0x29, 0xD7,
    0x29, 0xF8, 0x29, 0xF9, 0x29, 0xF8, 0x29, 0xF8, 0x29, 0xD7, 0x29, 0xD7, 0x29, 0xF8, 0x29, 0xF8,
    0x29, 0xD7, 0x29, 0xD7, 0x29, 0xF8, 0x29, 0xF8, 0x29, 0xF8, 0x29, 0xF8, 0x29, 0xD7, 0x21, 0xD6,
    0x29, 0xF7, 0x29, 0xF8, 0x29, 0xF8, 0x29, 0xF8, 0x29, 0xF8, 0x29, 0xF8, 0x29, 0xF8, 0x29, 0xF8,
    0x29, 0xF8, 0x29, 0xF8, 0x29, 0xF8, 0x29, 0xF9, 0x29, 0xF8, 0x29, 0xF8, 0x29, 0xF8, 0x29, 0xF8,
    0x29, 0xF8, 0x29, 0xF9, 0x2A, 0x19, 0x29, 0xF8, 0x29, 0xF8, 0x29, 0xD7, 0x29, 0xD7, 0x29, 0xD7,
    0x29, 0xD7, 0x29, 0xF8, 0x29, 0xF8, 0x29, 0xD8, 0x29, 0xD7, 0x29, 0xD7, 0x21, 0xB6, 0x29, 0xD7,
    0x29, 0xF8, 0x29, 0xF8, 0x29, 0xD7, 0x29, 0xF8, 0x29, 0xD7, 0x29, 0xD7, 0x29, 0xD7, 0x29, 0xD7,
    0x29, 0xD7, 0x29, 0xF8, 0x29, 0xF8, 0x29, 0xF8, 0x29, 0xF9, 0x29, 0xF9, 0x29, 0xF9, 0x00, 0x00,
    0xAD, 0x75, 0x00, 0x00, 0x00, 0x00, 0x00, 0x00, 0x00, 0x00, 0x00, 0x00, 0x00, 0x00, 0x00, 0x00,
    0x00, 0x00, 0x00, 0x00, 0x00, 0x00, 0x00, 0x00, 0x00, 0x00, 0x00, 0x00, 0x00, 0x00, 0x00, 0x00,
    0x00, 0x00, 0x00, 0x00, 0x00, 0x00, 0x00, 0x00, 0x00, 0x00, 0x00, 0x00, 0x00, 0x00, 0x00, 0x00,
    0x00, 0x00, 0x00, 0x00, 0x00, 0x00, 0x00, 0x00, 0x00, 0x00, 0x00, 0x00, 0x00, 0x00, 0x00, 0x00,
    0x00, 0x00, 0x00, 0x00, 0x00, 0x00, 0x00, 0x00, 0x00, 0x00, 0x00, 0x00, 0x00, 0x00, 0x00, 0x00,
    0x00, 0x00, 0x00, 0x00, 0x00, 0x00, 0x00, 0x00, 0x00, 0x00, 0x00, 0x00, 0x00, 0x00, 0x00, 0x00,
    0x00, 0x00, 0x00, 0x00, 0x00, 0x00, 0x00, 0x00, 0x00, 0x00, 0x00, 0x00, 0x00, 0x00, 0x00, 0x00,
    0x00, 0x00, 0x00, 0x00, 0x00, 0x00, 0x00, 0x00, 0x00, 0x00, 0x00, 0x00, 0x00, 0x00, 0x00, 0x00,
    0x00, 0x00, 0x00, 0x00, 0x00, 0x00, 0x00, 0x00, 0x00, 0x00, 0x00, 0x00, 0x00, 0x00, 0x00, 0x00,
    0x00, 0x00, 0x00, 0x00, 0x00, 0x00, 0xAD, 0x75, 0x00, 0x00, 0x2A, 0x19, 0x29, 0xF9, 0x29, 0xF8,
    0x29, 0xF8, 0x29, 0xF8, 0x29, 0xF8, 0x29, 0xF8, 0x29, 0xF8, 0x29, 0xF8, 0x29, 0xF9, 0x29, 0xF9,
    0x29, 0xF9, 0x29, 0xF8, 0x29, 0xD7, 0x29, 0xD6, 0x29, 0xF7, 0x29, 0xF8, 0x29, 0xF8, 0x29, 0xF8,
    0x29, 0xF8, 0x29, 0xD8, 0x29, 0xD8, 0x29, 0xF8, 0x29, 0xD7, 0x29, 0xD7, 0x29, 0xF8, 0x29, 0xF8,
    0x29, 0xF8, 0x29, 0xF8, 0x29, 0xF8, 0x29, 0xF8, 0x29, 0xF8, 0x29, 0xF9, 0x29, 0xF9, 0x29, 0xF8,
    0x29, 0xD7, 0x29, 0xD7, 0x29, 0xD7, 0x29, 0xD7, 0x29, 0xD7, 0x29, 0xF8, 0x29, 0xF8, 0x29, 0xD8,
    0x29, 0xD7, 0x29, 0xD7, 0x21, 0xB6, 0x29, 0xD7, 0x29, 0xF8, 0x29, 0xF8, 0x29, 0xD7, 0x29, 0xF8,
    0x29, 0xD7, 0x29, 0xD7, 0x29, 0xD7, 0x29, 0xD7, 0x29, 0xF8, 0x29, 0xF8, 0x29, 0xF8, 0x29, 0xF8,
    0x29, 0xF9, 0x2A, 0x19, 0x2A, 0x19, 0x29, 0xF8, 0x29, 0xF8, 0x29, 0xD8, 0x29, 0xF8, 0x29, 0xF9,
    0x29, 0xF8, 0x29, 0xD7, 0x29, 0xF8, 0x2A, 0x19, 0x29, 0xF9, 0x29, 0xF8, 0x29, 0xF8, 0x29, 0xF8,
    0x29, 0xF8, 0x29, 0xF8, 0x29, 0xD7, 0x29, 0xD7, 0x21, 0x93, 0x00, 0x00, 0x53, 0x19, 0x63, 0x9E,
    0x63, 0x9E, 0x63, 0xBF, 0x63, 0xBE, 0x63, 0xBF, 0x63, 0xBF, 0x63, 0xBF, 0x63, 0xBF, 0x63, 0xBF,
    0x63, 0x9E, 0x63, 0x9E, 0x63, 0xBF, 0x63, 0xBF, 0x63, 0xBF, 0x63, 0xBF, 0x63, 0xBF, 0x63, 0xDF,
    0x63, 0xDF, 0x63, 0xBF, 0x63, 0xBF, 0x63, 0xBE, 0x63, 0xBF, 0x63, 0x9E, 0x63, 0x9E, 0x63, 0x9E,
    0x63, 0xBE, 0x63, 0xBF, 0x63, 0xBF, 0x63, 0xBF, 0x63, 0x9E, 0x63, 0x9D, 0x63, 0xBE, 0x63, 0xBF,
    0x63, 0xBF, 0x63, 0xDF, 0x63, 0xDF, 0x63, 0xBF, 0x63, 0xBF, 0x63, 0xBF, 0x63, 0xBF, 0x63, 0x9E,
    0x63, 0xBF, 0x63, 0xBF, 0x63, 0xBF, 0x63, 0xBE, 0x63, 0xBE, 0x63, 0x9E, 0x63, 0x9E, 0x63, 0xBF,
    0x63, 0xBF, 0x63, 0xBF, 0x63, 0x9E, 0x63, 0xBE, 0x63, 0x9E, 0x63, 0xBE, 0x63, 0xBE, 0x63, 0xBF,
    0x63, 0xDF, 0x63, 0xBF, 0x63, 0xBF, 0x63, 0x9D, 0x63, 0x7D, 0x63, 0x9E, 0x63, 0xBF, 0x63, 0x9E,
    0x63, 0x9E, 0x63, 0x9E, 0x63, 0x9E, 0x63, 0x9E, 0x63, 0x9E, 0x63, 0x9E, 0x63, 0xBE, 0x63, 0xBF,
    0x63, 0xBF, 0x63, 0xBF, 0x63, 0xDF, 0x63, 0xDF, 0x63, 0xDF, 0x63, 0xBF, 0x63, 0xBE, 0x63, 0xBF,
    0x29, 0xF8, 0x29, 0xF8, 0x29, 0xF9, 0x29, 0xF8, 0x29, 0xF8, 0x29, 0xF8, 0x29, 0xF9, 0x29, 0xF8,
    0x29, 0xD7, 0x29, 0xD7, 0x29, 0xD6, 0x29, 0xD7, 0x29, 0xD8, 0x29, 0xF8, 0x29, 0xD7, 0x29, 0xD7,
    0x29, 0xF8, 0x29, 0xF8, 0x29, 0xD8, 0x29, 0xD7, 0x29, 0xD8, 0x29, 0xF8, 0x29, 0xF8, 0x29, 0xD7,
    0x29, 0xD7, 0x29, 0xD8, 0x29, 0xF8, 0x29, 0xD8, 0x29, 0xD7, 0x29, 0xD7, 0x29, 0xD7, 0x29, 0xD7,
    0x29, 0xF8, 0x29, 0xF9, 0x29, 0xF8, 0x29, 0xD8, 0x29, 0xF8, 0x29, 0xD7, 0x29, 0xD7, 0x29, 0xF7,
    0x29, 0xD7, 0x29, 0xD7, 0x29, 0xF8, 0x29, 0xF9, 0x29, 0xF8, 0x29, 0xF8, 0x29, 0xF8, 0x29, 0xF8,
    0x29, 0xF8, 0x29, 0xF9, 0x29, 0xF9, 0x29, 0xF8, 0x29, 0xF7, 0x29, 0xF8, 0x29, 0xF8, 0x29, 0xD7,
    0x29, 0xD7, 0x29, 0xF8, 0x29, 0xF8, 0x29, 0xD7, 0x29, 0xD7, 0x21, 0xB6, 0x21, 0xB6, 0x29, 0xD7,
    0x29, 0xF8, 0x29, 0xD8, 0x29, 0xD7, 0x29, 0xD8, 0x29, 0xD7, 0x29, 0xD8, 0x29, 0xD8, 0x29, 0xD8,
    0x29, 0xF8, 0x29, 0xF8, 0x29, 0xF8, 0x29, 0xF8, 0x29, 0xF9, 0x29, 0xF8, 0x29, 0xD7, 0x00, 0x00,
    0xAD, 0x75, 0x21, 0x04, 0x00, 0x00, 0x00, 0x00, 0x00, 0x00, 0x00, 0x00, 0x00, 0x00, 0x00, 0x00,
    0x00, 0x00, 0x00, 0x00, 0x00, 0x00, 0x00, 0x00, 0x00, 0x00, 0x00, 0x00, 0x00, 0x00, 0x00, 0x00,
    0x00, 0x00, 0x00, 0x00, 0x00, 0x00, 0x00, 0x00, 0x00, 0x00, 0x00, 0x00, 0x00, 0x00, 0x00, 0x00,
    0x00, 0x00, 0x00, 0x00, 0x00, 0x00, 0x00, 0x00, 0x00, 0x00, 0x00, 0x00, 0x00, 0x00, 0x00, 0x00,
    0x00, 0x00, 0x00, 0x00, 0x00, 0x00, 0x00, 0x00, 0x00, 0x00, 0x00, 0x00, 0x00, 0x00, 0x00, 0x00,
    0x00, 0x00, 0x00, 0x00, 0x00, 0x00, 0x00, 0x00, 0x00, 0x00, 0x00, 0x00, 0x00, 0x00, 0x00, 0x00,
    0x00, 0x00, 0x00, 0x00, 0x00, 0x00, 0x00, 0x00, 0x00, 0x00, 0x00, 0x00, 0x00, 0x00, 0x00, 0x00,
    0x00, 0x00, 0x00, 0x00, 0x00, 0x00, 0x00, 0x00, 0x00, 0x00, 0x00, 0x00, 0x00, 0x00, 0x00, 0x00,
    0x00, 0x00, 0x00, 0x00, 0x00, 0x00, 0x00, 0x00, 0x00, 0x00, 0x00, 0x00, 0x00, 0x00, 0x00, 0x00,
    0x00, 0x00, 0x00, 0x00, 0x00, 0x00, 0xAD, 0x75, 0x00, 0x00, 0x29, 0xF9, 0x29, 0xF8, 0x29, 0xF8,
    0x29, 0xF8, 0x29, 0xF8, 0x29, 0xF9, 0x29, 0xF8, 0x29, 0xF8, 0x29, 0xF8, 0x29, 0xF8, 0x29, 0xF8,
    0x29, 0xF8, 0x29, 0xF7, 0x29, 0xF7, 0x29, 0xF7, 0x29, 0xF8, 0x29, 0xF9, 0x29, 0xF8, 0x29, 0xD8,
    0x29, 0xF8, 0x29, 0xD7, 0x29, 0xD7, 0x29, 0xD7, 0x29, 0xD7, 0x29, 0xD7, 0x29, 0xD7, 0x29, 0xF8,
    0x29, 0xD8, 0x29, 0xD7, 0x29, 0xD8, 0x29, 0xD8, 0x29, 0xD8, 0x29, 0xF8, 0x29, 0xF8, 0x29, 0xD7,
    0x29, 0xD7, 0x29, 0xD8, 0x29, 0xD7, 0x29, 0xD7, 0x29, 0xD7, 0x29, 0xD8, 0x29, 0xD7, 0x29, 0xD7,
    0x29, 0xD7, 0x21, 0xB6, 0x21, 0xB6, 0x29, 0xD7, 0x29, 0xF8, 0x29, 0xD8, 0x29, 0xD7, 0x29, 0xF8,
    0x29, 0xF8, 0x29, 0xF8, 0x29, 0xF8, 0x29, 0xF8, 0x29, 0xF9, 0x2A, 0x19, 0x29, 0xF8, 0x29, 0xF8,
    0x2A, 0x19, 0x29, 0xF8, 0x29, 0xF7, 0x29, 0xD7, 0x29, 0xD7, 0x29, 0xF8, 0x29, 0xF8, 0x29, 0xF9,
    0x29, 0xF8, 0x29, 0xF8, 0x29, 0xF8, 0x29, 0xF9, 0x29, 0xF8, 0x29, 0xF8, 0x29, 0xF8, 0x29, 0xF8,
    0x29, 0xF8, 0x29, 0xF8, 0x29, 0xD7, 0x29, 0xF8, 0x21, 0x93, 0x00, 0x00, 0x53, 0x19, 0x63, 0xBF,
    0x63, 0xBF, 0x63, 0xBF, 0x63, 0xBE, 0x63, 0xBE, 0x63, 0xBF, 0x63, 0xBF, 0x63, 0x9E, 0x63, 0x9D,
    0x63, 0x9D, 0x63, 0x9E, 0x63, 0xBF, 0x63, 0xBF, 0x63, 0xBF, 0x63, 0xBF, 0x63, 0xDF, 0x63, 0xDF,
    0x63, 0xBF, 0x63, 0xBF, 0x63, 0xBF, 0x63, 0xBF, 0x63, 0xBF, 0x63, 0x9E, 0x63, 0x9E, 0x63, 0xBE,
    0x63, 0xBE, 0x63, 0xBE, 0x63, 0x9E, 0x63, 0x9E, 0x63, 0x9E, 0x63, 0x9E, 0x63, 0xBF, 0x63, 0xDF,
    0x63, 0xBF, 0x63, 0xBF, 0x63, 0xBF, 0x63, 0xBE, 0x63, 0xBE, 0x63, 0x9E, 0x63, 0x9E, 0x63, 0x9E,
    0x63, 0x9E, 0x63, 0xBF, 0x63, 0xBE, 0x63, 0x9E, 0x63, 0xBE, 0x63, 0xBE, 0x63, 0xBE, 0x63, 0xBF,
    0x63, 0xBF, 0x63, 0xBE, 0x63, 0x9E, 0x63, 0xBF, 0x63, 0xBF, 0x63, 0xBF, 0x63, 0xBF, 0x63, 0xBF,
    0x63, 0xBF, 0x63, 0x9E, 0x63, 0x9E, 0x63, 0x9D, 0x63, 0x9D, 0x63, 0xBE, 0x63, 0xBF, 0x63, 0xBE,
    0x63, 0x9E, 0x63, 0xBE, 0x63, 0x9E, 0x63, 0xBE, 0x63, 0xBF, 0x63, 0xBF, 0x63, 0xBF, 0x63, 0xBF,
    0x63, 0xBF, 0x63, 0xBF, 0x63, 0xDF, 0x63, 0xDF, 0x63, 0xBF, 0x63, 0x9E, 0x63, 0x9E, 0x63, 0xBF,
    0x29, 0xF8, 0x29, 0xF9, 0x29, 0xF9, 0x29, 0xF9, 0x29, 0xF8, 0x29, 0xF8, 0x29, 0xF8, 0x29, 0xD7,
    0x21, 0xD6, 0x29, 0xD7, 0x29, 0xD7, 0x29, 0xF8, 0x29, 0xF8, 0x29, 0xF8, 0x29, 0xF8, 0x29, 0xD7,
    0x29, 0xF7, 0x29, 0xF8, 0x29, 0xD8, 0x29, 0xD7, 0x29, 0xD8, 0x29, 0xF8, 0x29, 0xF8, 0x29, 0xD7,
    0x29, 0xD7, 0x29, 0xF8, 0x29, 0xF8, 0x29, 0xF8, 0x29, 0xF8, 0x29, 0xF8, 0x29, 0xF8, 0x29, 0xF9,
    0x2A, 0x19, 0x2A, 0x19, 0x29, 0xF7, 0x29, 0xD7, 0x29, 0xF7, 0x29, 0xF8, 0x29, 0xD7, 0x29, 0xD7,
    0x29, 0xD7, 0x29, 0xD7, 0x29, 0xF8, 0x29, 0xF8, 0x29, 0xF8, 0x29, 0xF8, 0x29, 0xF8, 0x29, 0xF8,
    0x29, 0xD7, 0x29, 0xF8, 0x29, 0xF8, 0x29, 0xF8, 0x29, 0xF8, 0x29, 0xF8, 0x29, 0xF8, 0x29, 0xF8,
    0x29, 0xF8, 0x29, 0xF9, 0x29, 0xF9, 0x29, 0xF8, 0x29, 0xD7, 0x29, 0xD7, 0x29, 0xD7, 0x29, 0xF8,
    0x29, 0xF8, 0x29, 0xF8, 0x29, 0xD8, 0x29, 0xF8, 0x29, 0xF9, 0x29, 0xF9, 0x29, 0xF9, 0x29, 0xF9,
    0x29, 0xF9, 0x29, 0xF9, 0x29, 0xF8, 0x29, 0xF8, 0x29, 0xF8, 0x29, 0xD7, 0x21, 0xD6, 0x00, 0x00,
    0xAD, 0x75, 0x84, 0x10, 0x21, 0x04, 0x00, 0x00, 0x00, 0x00, 0x00, 0x00, 0x00, 0x00, 0x00, 0x00,
    0x00, 0x00, 0x00, 0x00, 0x00, 0x00, 0x00, 0x00, 0x00, 0x00, 0x00, 0x00, 0x00, 0x00, 0x00, 0x00,
    0x00, 0x00, 0x00, 0x00, 0x00, 0x00, 0x00, 0x00, 0x00, 0x00, 0x00, 0x00, 0x00, 0x00, 0x00, 0x00,
    0x00, 0x00, 0x00, 0x00, 0x00, 0x00, 0x00, 0x00, 0x00, 0x00, 0x00, 0x00, 0x00, 0x00, 0x00, 0x00,
    0x00, 0x00, 0x00, 0x00, 0x00, 0x00, 0x00, 0x00, 0x00, 0x00, 0x00, 0x00, 0x00, 0x00, 0x00, 0x00,
    0x00, 0x00, 0x00, 0x00, 0x00, 0x00, 0x00, 0x00, 0x00, 0x00, 0x00, 0x00, 0x00, 0x00, 0x00, 0x00,
    0x00, 0x00, 0x00, 0x00, 0x00, 0x00, 0x00, 0x00, 0x00, 0x00, 0x00, 0x00, 0x00, 0x00, 0x00, 0x00,
    0x00, 0x00, 0x00, 0x00, 0x00, 0x00, 0x00, 0x00, 0x00, 0x00, 0x00, 0x00, 0x00, 0x00, 0x00, 0x00,
    0x00, 0x00, 0x00, 0x00, 0x00, 0x00, 0x00, 0x00, 0x00, 0x00, 0x00, 0x00, 0x00, 0x00, 0x00, 0x00,
    0x00, 0x00, 0x00, 0x00, 0x84, 0x10, 0xAD, 0x75, 0x00, 0x00, 0x29, 0xF8, 0x29, 0xF8, 0x29, 0xF8,
    0x29, 0xF8, 0x29, 0xF9, 0x29, 0xF8, 0x29, 0xF8, 0x29, 0xF8, 0x29, 0xF9, 0x29, 0xF9, 0x29, 0xF8,
    0x29, 0xF8, 0x29, 0xF8, 0x29, 0xF8, 0x29, 0xF9, 0x2A, 0x19, 0x2A, 0x19, 0x29, 0xF7, 0x21, 0xD6,
    0x29, 0xD7, 0x29, 0xD7, 0x29, 0xD7, 0x29, 0xD7, 0x29, 0xD7, 0x29, 0xD7, 0x29, 0xD7, 0x29, 0xF8,
    0x29, 0xF8, 0x29, 0xD7, 0x29, 0xD7, 0x29, 0xD7, 0x29, 0xD7, 0x29, 0xD7, 0x29, 0xF8, 0x29, 0xD8,
    0x29, 0xD7, 0x29, 0xF8, 0x29, 0xF8, 0x29, 0xF8, 0x29, 0xF8, 0x29, 0xF9, 0x29, 0xF9, 0x29, 0xF8,
    0x29, 0xD7, 0x29, 0xD7, 0x29, 0xD7, 0x29, 0xF8, 0x29, 0xF8, 0x29, 0xF8, 0x29, 0xD8, 0x29, 0xF8,
    0x29, 0xF9, 0x29, 0xF9, 0x2A, 0x19, 0x2A, 0x19, 0x2A, 0x19, 0x29, 0xF9, 0x29, 0xF8, 0x29, 0xF8,
    0x29, 0xF9, 0x29, 0xF7, 0x29, 0xD7, 0x29, 0xD7, 0x29, 0xF8, 0x29, 0xF8, 0x29, 0xF9, 0x29, 0xF8,
    0x29, 0xF8, 0x29, 0xF8, 0x29, 0xF8, 0x29, 0xF8, 0x29, 0xF8, 0x29, 0xF7, 0x29, 0xF8, 0x29, 0xF8,
    0x29, 0xF8, 0x29, 0xF7, 0x29, 0xD7, 0x29, 0xF8, 0x21, 0x93, 0x00, 0x00, 0x53, 0x19, 0x63, 0xDF,
    0x63, 0xBF, 0x63, 0xBF, 0x63, 0x9E, 0x63, 0xBE, 0x63, 0xBF, 0x63, 0x9E, 0x63, 0x9D, 0x63, 0x9D,
    0x63, 0x9E, 0x63, 0xBF, 0x63, 0xBF, 0x63, 0xBF, 0x63, 0xBF, 0x63, 0xBF, 0x63, 0xBF, 0x63, 0xBF,
    0x63, 0xBF, 0x63, 0xBF, 0x63, 0xBF, 0x63, 0xBF, 0x63, 0xBF, 0x63, 0x9E, 0x63, 0x9E, 0x63, 0xBF,
    0x63, 0xBE, 0x63, 0x9E, 0x63, 0x9E, 0x63, 0xBF, 0x63, 0xBF, 0x63, 0xBF, 0x63, 0xDF, 0x63, 0xDF,
    0x63, 0xBF, 0x63, 0xBE, 0x63, 0xBF, 0x63, 0xBF, 0x63, 0xBE, 0x63, 0xBE, 0x63, 0xBE, 0x63, 0x9E,
    0x63, 0x9E, 0x63, 0xBF, 0x63, 0xBF, 0x63, 0x9E, 0x63, 0x9E, 0x63, 0x9E, 0x63, 0x9D, 0x63, 0x9E,
    0x63, 0xBF, 0x63, 0xBF, 0x63, 0xBE, 0x63, 0xBF, 0x63, 0xBF, 0x63, 0xBF, 0x63, 0xDF, 0x63, 0xDF,
    0x63, 0xDF, 0x63, 0xBF, 0x63, 0xBE, 0x63, 0x9E, 0x63, 0x9E, 0x63, 0xBF, 0x63, 0xBF, 0x63, 0x9E,
    0x63, 0x9E, 0x63, 0xBF, 0x63, 0xBF, 0x63, 0xBF, 0x63, 0xDF, 0x63, 0xDF, 0x63, 0xDF, 0x63, 0xDF,
    0x63, 0xBF, 0x63, 0xBF, 0x63, 0xDF, 0x63, 0xBF, 0x63, 0x9E, 0x63, 0x9E, 0x63, 0xBE, 0x63, 0xBF,
    0x29, 0xF8, 0x29, 0xF8, 0x29, 0xF8, 0x29, 0xF7, 0x29, 0xD7, 0x29, 0xF8, 0x29, 0xF7, 0x29, 0xD7,
    0x21, 0xD6, 0x29, 0xD7, 0x29, 0xF8, 0x29, 0xF9, 0x29, 0xF8, 0x29, 0xF8, 0x29, 0xF7, 0x29, 0xD7,
    0x29, 0xF8, 0x29, 0xF8, 0x29, 0xF8, 0x29, 0xF8, 0x29, 0xF8, 0x29, 0xF8, 0x29, 0xF8, 0x29, 0xD7,
    0x29, 0xF8, 0x2A, 0x19, 0x29, 0xF9, 0x29, 0xF8, 0x29, 0xF8, 0x29, 0xF8, 0x29, 0xF8, 0x29, 0xF8,
    0x29, 0xF8, 0x29, 0xF8, 0x29, 0xD7, 0x29, 0xD7, 0x29, 0xF8, 0x29, 0xF8, 0x29, 0xD7, 0x29, 0xD7,
    0x29, 0xF8, 0x29, 0xF8, 0x29, 0xF9, 0x2A, 0x19, 0x29, 0xF9, 0x29, 0xF8, 0x29, 0xF8, 0x29, 0xF8,
    0x29, 0xD7, 0x29, 0xF8, 0x29, 0xF8, 0x29, 0xD7, 0x29, 0xD7, 0x29, 0xD7, 0x29, 0xF8, 0x29, 0xF8,
    0x29, 0xF8, 0x29, 0xF9, 0x29, 0xF9, 0x29, 0xF8, 0x29, 0xD7, 0x29, 0xF7, 0x29, 0xF8, 0x29, 0xF8,
    0x29, 0xF8, 0x29, 0xF8, 0x29, 0xF8, 0x29, 0xF9, 0x29, 0xF9, 0x2A, 0x19, 0x29, 0xF9, 0x29, 0xF8,
    0x29, 0xF8, 0x29, 0xD7, 0x29, 0xD7, 0x29, 0xF7, 0x29, 0xD7, 0x29, 0xD7, 0x29, 0xD6, 0x00, 0x00,
    0xAD, 0x75, 0x84, 0x10, 0x84, 0x10, 0x21, 0x04, 0x00, 0x00, 0x00, 0x00, 0x00, 0x00, 0x00, 0x00,
    0x00, 0x00, 0x00, 0x00, 0x00, 0x00, 0x00, 0x00, 0x00, 0x00, 0x00, 0x00, 0x00, 0x00, 0x00, 0x00,
    0x00, 0x00, 0x00, 0x00, 0x00, 0x00, 0x00, 0x00, 0x00, 0x00, 0x00, 0x00, 0x00, 0x00, 0x00, 0x00,
    0x00, 0x00, 0x00, 0x00, 0x00, 0x00, 0x00, 0x00, 0x00, 0x00, 0x00, 0x00, 0x00, 0x00, 0x00, 0x00,
    0x00, 0x00, 0x00, 0x00, 0x00, 0x00, 0x00, 0x00, 0x00, 0x00, 0x00, 0x00, 0x00, 0x00, 0x00, 0x00,
    0x00, 0x00, 0x00, 0x00, 0x00, 0x00, 0x00, 0x00, 0x00, 0x00, 0x00, 0x00, 0x00, 0x00, 0x00, 0x00,
    0x00, 0x00, 0x00, 0x00, 0x00, 0x00, 0x00, 0x00, 0x00, 0x00, 0x00, 0x00, 0x00, 0x00, 0x00, 0x00,
    0x00, 0x00, 0x00, 0x00, 0x00, 0x00, 0x00, 0x00, 0x00, 0x00, 0x00, 0x00, 0x00, 0x00, 0x00, 0x00,
    0x00, 0x00, 0x00, 0x00, 0x00, 0x00, 0x00, 0x00, 0x00, 0x00, 0x00, 0x00, 0x00, 0x00, 0x00, 0x00,
    0x00, 0x00, 0x84, 0x10, 0x84, 0x10, 0xAD, 0x75, 0x00, 0x00, 0x29, 0xF8, 0x29, 0xF8, 0x29, 0xF8,
    0x29, 0xF9, 0x29, 0xF8, 0x29, 0xF8, 0x29, 0xF8, 0x29, 0xF9, 0x2A, 0x1A, 0x29, 0xF9, 0x29, 0xF8,
    0x29, 0xF8, 0x29, 0xF8, 0x29, 0xF8, 0x29, 0xF9, 0x29, 0xF8, 0x29, 0xF8, 0x29, 0xD7, 0x29, 0xD7,
    0x29, 0xF7, 0x29, 0xF7, 0x29, 0xD7, 0x29, 0xD7, 0x29, 0xF8, 0x29, 0xF8, 0x29, 0xF8, 0x29, 0xF9,
    0x29, 0xF8, 0x29, 0xD7, 0x29, 0xD7, 0x29, 0xD8, 0x29, 0xD7, 0x29, 0xF7, 0x29, 0xF8, 0x29, 0xD7,
    0x21, 0xD6, 0x29, 0xD7, 0x29, 0xD7, 0x29, 0xF8, 0x29, 0xF8, 0x29, 0xF8, 0x29, 0xF9, 0x29, 0xF8,
    0x29, 0xD7, 0x29, 0xF7, 0x29, 0xF8, 0x29, 0xF8, 0x29, 0xF8, 0x29, 0xF8, 0x29, 0xF8, 0x29, 0xF9,
    0x2A, 0x19, 0x2A, 0x19, 0x29, 0xF9, 0x29, 0xF8, 0x29, 0xF8, 0x29, 0xF8, 0x29, 0xD7, 0x29, 0xF8,
    0x29, 0xF8, 0x29, 0xD7, 0x29, 0xD7, 0x29, 0xF8, 0x29, 0xF9, 0x29, 0xF9, 0x29, 0xF9, 0x29, 0xF9,
    0x29, 0xF8, 0x29, 0xF8, 0x29, 0xF8, 0x29, 0xF8, 0x29, 0xF8, 0x29, 0xF8, 0x29, 0xF8, 0x29, 0xF8,
    0x29, 0xF8, 0x29, 0xF8, 0x29, 0xF8, 0x2A, 0x19, 0x21, 0x94, 0x00, 0x00, 0x53, 0x19, 0x63, 0xBF,
    0x63, 0xBF, 0x63, 0x9E, 0x63, 0x9E, 0x63, 0x9E, 0x63, 0x9E, 0x63, 0x9D, 0x63, 0x9D, 0x63, 0x9E,
    0x63, 0xBF, 0x63, 0xDF, 0x63, 0xDF, 0x63, 0xDF, 0x63, 0xBF, 0x63, 0xBF, 0x63, 0xBF, 0x63, 0xDF,
    0x63, 0xDF, 0x63, 0xBF, 0x63, 0xBF, 0x63, 0xBF, 0x63, 0xBE, 0x63, 0x9E, 0x63, 0xBF, 0x63, 0xBF,
    0x63, 0xBF, 0x63, 0xBF, 0x63, 0xBF, 0x63, 0xBF, 0x63, 0xBF, 0x63, 0xBF, 0x63, 0xBF, 0x63, 0xBF,
    0x63, 0xBE, 0x63, 0xBE, 0x63, 0xBF, 0x63, 0xBF, 0x63, 0xBE, 0x63, 0xBE, 0x63, 0xBF, 0x63, 0xBF,
    0x63, 0xBF, 0x63, 0xBF, 0x63, 0xBF, 0x63, 0x9E, 0x63, 0xBE, 0x63, 0x9E, 0x63, 0x9E, 0x63, 0x9E,
    0x63, 0xBF, 0x63, 0x9E, 0x63, 0x9D, 0x63, 0xBE, 0x63, 0xBF, 0x63, 0xBF, 0x63, 0xDF, 0x63, 0xDF,
    0x63, 0xDF, 0x63, 0xBF, 0x63, 0xBE, 0x63, 0xBE, 0x63, 0xBF, 0x63, 0xBF, 0x63, 0xBF, 0x63, 0xBF,
    0x63, 0xBF, 0x63, 0xBF, 0x63, 0xDF, 0x63, 0xBF, 0x63, 0xBF, 0x63, 0xBF, 0x63, 0xBF, 0x63, 0xBF,
    0x63, 0xBE, 0x63, 0xBF, 0x63, 0xBF, 0x63, 0xBE, 0x63, 0x9E, 0x63, 0xBF, 0x63, 0xDF, 0x63, 0xBF,
    0x29, 0xF8, 0x29, 0xD7, 0x29, 0xD7, 0x29, 0xD7, 0x29, 0xD7, 0x29, 0xF8, 0x29, 0xF8, 0x29, 0xF7,
    0x29, 0xF8, 0x29, 0xF9, 0x2A, 0x19, 0x2A, 0x19, 0x29, 0xF8, 0x29, 0xF8, 0x29, 0xF8, 0x29, 0xF8,
    0x29, 0xF8, 0x29, 0xF8, 0x29, 0xF9, 0x29, 0xF8, 0x29, 0xF9, 0x29, 0xF8, 0x29, 0xF8, 0x29, 0xF9,
    0x2A, 0x19, 0x2A, 0x1A, 0x29, 0xF8, 0x29, 0xD7, 0x29, 0xD7, 0x29, 0xF8, 0x29, 0xF8, 0x29, 0xF8,
    0x29, 0xF8, 0x29, 0xD7, 0x29, 0xD7, 0x29, 0xF8, 0x29, 0xF9, 0x29, 0xF9, 0x29, 0xF8, 0x29, 0xF8,
    0x29, 0xF9, 0x29, 0xF9, 0x2A, 0x19, 0x2A, 0x1A, 0x29, 0xF9, 0x29, 0xF8, 0x29, 0xF8, 0x2A, 0x1A,
    0x29, 0xF9, 0x29, 0xF9, 0x29, 0xF9, 0x29, 0xF8, 0x29, 0xD7, 0x29, 0xD7, 0x29, 0xF8, 0x29, 0xF9,
    0x29, 0xF9, 0x29, 0xF8, 0x29, 0xF8, 0x29, 0xD7, 0x29, 0xD7, 0x29, 0xF8, 0x29, 0xF8, 0x29, 0xF8,
    0x29, 0xF8, 0x29, 0xF8, 0x2A, 0x19, 0x2A, 0x1A, 0x2A, 0x19, 0x29, 0xF8, 0x29, 0xF7, 0x29, 0xD7,
    0x29, 0xD7, 0x29, 0xD7, 0x29, 0xD7, 0x29, 0xF8, 0x29, 0xF8, 0x29, 0xF7, 0x29, 0xF8, 0x00, 0x00,
    0xE7, 0x3C, 0xAD, 0x75, 0xAD, 0x75, 0xAD, 0x75, 0xAD, 0x75, 0xAD, 0x75, 0xAD, 0x75, 0xAD, 0x75,
    0xAD, 0x75, 0xAD, 0x75, 0xAD, 0x75, 0xAD, 0x75, 0xAD, 0x75, 0xAD, 0x75, 0xAD, 0x75, 0xAD, 0x75,
    0xAD, 0x75, 0xAD, 0x75, 0xAD, 0x75, 0xAD, 0x75, 0xAD, 0x75, 0xAD, 0x75, 0xAD, 0x75, 0xAD, 0x75,
    0xAD, 0x75, 0xAD, 0x75, 0xAD, 0x75, 0xAD, 0x75, 0xAD, 0x75, 0xAD, 0x75, 0xAD, 0x75, 0xAD, 0x75,
    0xAD, 0x75, 0xAD, 0x75, 0xAD, 0x75, 0xAD, 0x75, 0xAD, 0x75, 0xAD, 0x75, 0xAD, 0x75, 0xAD, 0x75,
    0xAD, 0x75, 0xAD, 0x75, 0xAD, 0x75, 0xAD, 0x75, 0xAD, 0x75, 0xAD, 0x75, 0xAD, 0x75, 0xAD, 0x75,
    0xAD, 0x75, 0xAD, 0x75, 0xAD, 0x75, 0xAD, 0x75, 0xAD, 0x75, 0xAD, 0x75, 0xAD, 0x75, 0xAD, 0x75,
    0xAD, 0x75, 0xAD, 0x75, 0xAD, 0x75, 0xAD, 0x75, 0xAD, 0x75, 0xAD, 0x75, 0xAD, 0x75, 0xAD, 0x75,
    0xAD, 0x75, 0xAD, 0x75, 0xAD, 0x75, 0xAD, 0x75, 0xAD, 0x75, 0xAD, 0x75, 0xAD, 0x75, 0xAD, 0x75,
    0xAD, 0x75, 0xAD, 0x75, 0xAD, 0x75, 0xE7, 0x3C, 0x00, 0x00, 0x29, 0xF9, 0x29, 0xF9, 0x29, 0xF9,
    0x29, 0xF9, 0x29, 0xF9, 0x29, 0xF9, 0x2A, 0x1A, 0x2A, 0x1A, 0x2A, 0x1A, 0x29, 0xF9, 0x29, 0xD7,
    0x29, 0xD8, 0x29, 0xF8, 0x29, 0xF8, 0x29, 0xF9, 0x29, 0xF8, 0x29, 0xD7, 0x29, 0xD7, 0x29, 0xF8,
    0x29, 0xF9, 0x29, 0xF9, 0x29, 0xF8, 0x29, 0xF8, 0x29, 0xF9, 0x29, 0xF9, 0x29, 0xF9, 0x29, 0xF9,
    0x29, 0xF8, 0x29, 0xF8, 0x29, 0xF8, 0x2A, 0x19, 0x29, 0xF9, 0x29, 0xF9, 0x29, 0xF8, 0x29, 0xD7,
    0x29, 0xD6, 0x29, 0xD7, 0x29, 0xF8, 0x29, 0xF9, 0x29, 0xF8, 0x29, 0xF8, 0x29, 0xF8, 0x29, 0xD7,
    0x29, 0xD7, 0x29, 0xF7, 0x29, 0xF8, 0x29, 0xF8, 0x29, 0xF8, 0x29, 0xF8, 0x2A, 0x19, 0x2A, 0x1A,
    0x2A, 0x19, 0x29, 0xF8, 0x29, 0xF8, 0x29, 0xD7, 0x29, 0xD7, 0x29, 0xD7, 0x29, 0xD7, 0x29, 0xF8,
    0x29, 0xF8, 0x29, 0xF8, 0x29, 0xF8, 0x29, 0xF9, 0x2A, 0x1A, 0x2A, 0x1A, 0x2A, 0x19, 0x29, 0xF9,
    0x29, 0xF8, 0x29, 0xF8, 0x29, 0xF8, 0x29, 0xF9, 0x29, 0xF9, 0x29, 0xF9, 0x29, 0xF9, 0x29, 0xF9,
    0x29, 0xF9, 0x29, 0xF9, 0x2A, 0x19, 0x2A, 0x1A, 0x21, 0x94, 0x00, 0x00, 0x53, 0x19, 0x63, 0x9E,
    0x63, 0x9E, 0x63, 0x9E, 0x63, 0x9E, 0x63, 0x9E, 0x63, 0xBE, 0x63, 0x9E, 0x63, 0xBF, 0x63, 0xDF,
    0x63, 0xDF, 0x63, 0xDF, 0x63, 0xDF, 0x63, 0xBF, 0x63, 0xBF, 0x63, 0xBF, 0x63, 0xBF, 0x63, 0xDF,
    0x63, 0xDF, 0x63, 0xDF, 0x63, 0xDF, 0x63, 0xBF, 0x63, 0xBF, 0x63, 0xBF, 0x63, 0xDF, 0x63, 0xDF,
    0x63, 0xBF, 0x63, 0x9D, 0x63, 0x9E, 0x63, 0xBE, 0x63, 0xBF, 0x63, 0xBF, 0x63, 0xBF, 0x63, 0x9E,
    0x63, 0x9E, 0x63, 0xBF, 0x63, 0xDF, 0x63, 0xDF, 0x63, 0xBF, 0x63, 0xBF, 0x63, 0xDF, 0x63, 0xDF,
    0x63, 0xDF, 0x63, 0xBF, 0x63, 0xBF, 0x63, 0xBE, 0x63, 0x9E, 0x63, 0xBF, 0x63, 0xBF, 0x63, 0xBF,
    0x63, 0xBF, 0x63, 0xBE, 0x63, 0x9D, 0x63, 0xBE, 0x63, 0xBF, 0x63, 0xDF, 0x63, 0xDF, 0x63, 0xBF,
    0x63, 0xBF, 0x63, 0xBE, 0x63, 0xBE, 0x63, 0xBF, 0x63, 0xBF, 0x63, 0xBF, 0x63, 0xBF, 0x63, 0xBF,
    0x63, 0xBF, 0x63, 0xBF, 0x63, 0xDF, 0x63, 0xBF, 0x63, 0x9E, 0x63, 0x9E, 0x63, 0x9E, 0x63, 0xBE,
    0x63, 0xBE, 0x63, 0xBF, 0x63, 0xBF, 0x63, 0xBF, 0x63, 0xBF, 0x63, 0xDF, 0x63, 0xDF, 0x63, 0xBF,
    0x29, 0xF8, 0x29, 0xD7, 0x29, 0xD7, 0x29, 0xD7, 0x29, 0xF8, 0x29, 0xF9, 0x29, 0xF9, 0x29, 0xF8,
    0x29, 0xF9, 0x2A, 0x1A, 0x2A, 0x19, 0x29, 0xF9, 0x29, 0xF8, 0x29, 0xD7, 0x29, 0xF8, 0x29, 0xF8,
    0x29, 0xF8, 0x29, 0xF8, 0x29, 0xF9, 0x29, 0xF8, 0x29, 0xF8, 0x29, 0xF9, 0x29, 0xF9, 0x29, 0xF9,
    0x29, 0xF9, 0x29, 0xF8, 0x29, 0xD7, 0x21, 0xD6, 0x29, 0xD7, 0x29, 0xF8, 0x29, 0xF9, 0x2A, 0x19,
    0x29, 0xF8, 0x29, 0xD7, 0x29, 0xF8, 0x29, 0xF9, 0x2A, 0x19, 0x2A, 0x19, 0x29, 0xF9, 0x2A, 0x19,
    0x2A, 0x19, 0x29, 0xF9, 0x29, 0xF8, 0x29, 0xF9, 0x29, 0xF9, 0x29, 0xF9, 0x29, 0xF9, 0x2A, 0x1A,
    0x2A, 0x1A, 0x29, 0xF8, 0x29, 0xF8, 0x29, 0xD7, 0x29, 0xD8, 0x29, 0xF9, 0x29, 0xF9, 0x29, 0xF9,
    0x29, 0xF8, 0x29, 0xD8, 0x29, 0xD7, 0x29, 0xD8, 0x29, 0xF8, 0x29, 0xF8, 0x29, 0xF9, 0x29, 0xF9,
    0x29, 0xF8, 0x29, 0xF9, 0x2A, 0x19, 0x2A, 0x19, 0x29, 0xF9, 0x29, 0xF8, 0x29, 0xD7, 0x29, 0xD7,
    0x29, 0xD7, 0x29, 0xD7, 0x29, 0xF8, 0x29, 0xF8, 0x29, 0xF9, 0x29, 0xF8, 0x29, 0xF9, 0x2A, 0x1A,
    0x00, 0x00, 0x00, 0x00, 0x00, 0x00, 0x00, 0x00, 0x00, 0x00, 0x00, 0x00, 0x00, 0x00, 0x00, 0x00,
    0x00, 0x00, 0x00, 0x00, 0x00, 0x00, 0x00, 0x00, 0x00, 0x00, 0x00, 0x00, 0x00, 0x00, 0x00, 0x00,
    0x00, 0x00, 0x00, 0x00, 0x00, 0x00, 0x00, 0x00, 0x00, 0x00, 0x00, 0x00, 0x00, 0x00, 0x00, 0x00,
    0x00, 0x00, 0x00, 0x00, 0x00, 0x00, 0x00, 0x00, 0x00, 0x00, 0x00, 0x00, 0x00, 0x00, 0x00, 0x00,
    0x00, 0x00, 0x00, 0x00, 0x00, 0x00, 0x00, 0x00, 0x00, 0x00, 0x00, 0x00, 0x00, 0x00, 0x00, 0x00,
    0x00, 0x00, 0x00, 0x00, 0x00, 0x00, 0x00, 0x00, 0x00, 0x00, 0x00, 0x00, 0x00, 0x00, 0x00, 0x00,
    0x00, 0x00, 0x00, 0x00, 0x00, 0x00, 0x00, 0x00, 0x00, 0x00, 0x00, 0x00, 0x00, 0x00, 0x00, 0x00,
    0x00, 0x00, 0x00, 0x00, 0x00, 0x00, 0x00, 0x00, 0x00, 0x00, 0x00, 0x00, 0x00, 0x00, 0x00, 0x00,
    0x00, 0x00, 0x00, 0x00, 0x00, 0x00, 0x00, 0x00, 0x00, 0x00, 0x00, 0x00, 0x00, 0x00, 0x00, 0x00,
    0x00, 0x00, 0x00, 0x00, 0x00, 0x00, 0x00, 0x00, 0x29, 0xF8, 0x29, 0xF9, 0x2A, 0x19, 0x29, 0xF9,
    0x29, 0xF9, 0x29, 0xF9, 0x2A, 0x1A, 0x2A, 0x1A, 0x2A, 0x1A, 0x29, 0xF9, 0x29, 0xD7, 0x29, 0xD6,
    0x29, 0xF8, 0x29, 0xF9, 0x29, 0xF9, 0x2A, 0x19, 0x29, 0xF8, 0x29, 0xD7, 0x29, 0xF8, 0x29, 0xF9,
    0x2A, 0x19, 0x29, 0xF9, 0x29, 0xF9, 0x29, 0xF9, 0x29, 0xF9, 0x29, 0xF8, 0x29, 0xF8, 0x29, 0xF8,
    0x29, 0xF8, 0x29, 0xF8, 0x29, 0xF8, 0x2A, 0x19, 0x29, 0xF9, 0x29, 0xF8, 0x29, 0xD7, 0x29, 0xD7,
    0x29, 0xD7, 0x29, 0xF8, 0x29, 0xF9, 0x29, 0xF9, 0x29, 0xF8, 0x29, 0xD7, 0x29, 0xD7, 0x29, 0xD7,
    0x29, 0xF8, 0x29, 0xF8, 0x29, 0xF9, 0x29, 0xF9, 0x29, 0xF8, 0x29, 0xF9, 0x2A, 0x19, 0x2A, 0x1A,
    0x29, 0xF9, 0x29, 0xF8, 0x29, 0xD7, 0x29, 0xD7, 0x29, 0xD7, 0x29, 0xD7, 0x29, 0xF8, 0x29, 0xF9,
    0x2A, 0x19, 0x29, 0xF9, 0x2A, 0x19, 0x2A, 0x1A, 0x2A, 0x1A, 0x2A, 0x19, 0x29, 0xF8, 0x29, 0xF8,
    0x29, 0xF8, 0x29, 0xF8, 0x29, 0xF8, 0x29, 0xF9, 0x2A, 0x19, 0x29, 0xF9, 0x29, 0xF8, 0x29, 0xF9,
    0x29, 0xF9, 0x29, 0xF9, 0x29, 0xF9, 0x29, 0xF8, 0x21, 0x94, 0x00, 0x00, 0x53, 0x1A, 0x63, 0xBE,
    0x63, 0x9E, 0x63, 0x9D, 0x63, 0x9E, 0x63, 0xBF, 0x63, 0xBF, 0x63, 0xBF, 0x63, 0xDF, 0x6B, 0xDF,
    0x63, 0xDF, 0x63, 0xDF, 0x63, 0xBF, 0x63, 0xBF, 0x63, 0xBF, 0x63, 0xBF, 0x63, 0xBF, 0x63, 0xDF,
    0x63, 0xDF, 0x63, 0xDF, 0x63, 0xBF, 0x63, 0xDF, 0x63, 0xDF, 0x63, 0xDF, 0x63, 0xBF, 0x63, 0xBF,
    0x63, 0x9D, 0x63, 0x9D, 0x63, 0xBE, 0x63, 0xBF, 0x63, 0xDF, 0x63, 0xDF, 0x63, 0xBF, 0x63, 0x9E,
    0x63, 0xBF, 0x6B, 0xDF, 0x6B, 0xDF, 0x63, 0xDF, 0x63, 0xDF, 0x63, 0xDF, 0x63, 0xDF, 0x63, 0xDF,
    0x63, 0xBF, 0x63, 0xBF, 0x63, 0xBF, 0x63, 0xBF, 0x63, 0xBF, 0x63, 0xDF, 0x63, 0xBF, 0x63, 0xBF,
    0x63, 0xBE, 0x63, 0xBE, 0x63, 0xBE, 0x63, 0xDF, 0x63, 0xDF, 0x6B, 0xDF, 0x63, 0xDF, 0x63, 0xBF,
    0x63, 0xBF, 0x63, 0xBF, 0x63, 0xBF, 0x63, 0xDF, 0x63, 0xDF, 0x63, 0xDF, 0x63, 0xBF, 0x63, 0xBF,
    0x63, 0xDF, 0x63, 0xDF, 0x63, 0xBF, 0x63, 0xBF, 0x63, 0x9E, 0x63, 0xBE, 0x63, 0x9E, 0x63, 0x9E,
    0x63, 0xBF, 0x63, 0xDF, 0x63, 0xDF, 0x63, 0xDF, 0x63, 0xDF, 0x6B, 0xDF, 0x63, 0xDF, 0x63, 0xBF,
    0x29, 0xF8, 0x29, 0xD8, 0x29, 0xF8, 0x29, 0xF8, 0x29, 0xF9, 0x2A, 0x1A, 0x29, 0xF9, 0x29, 0xF8,
    0x29, 0xF8, 0x29, 0xF9, 0x29, 0xF9, 0x29, 0xF8, 0x29, 0xD7, 0x29, 0xD7, 0x29, 0xD7, 0x29, 0xD7,
    0x29, 0xF8, 0x29, 0xF9, 0x2A, 0x1A, 0x29, 0xF9, 0x2A, 0x1A, 0x2A, 0x1A, 0x29, 0xF9, 0x29, 0xF8,
    0x29, 0xD8, 0x29, 0xD7, 0x21, 0xD6, 0x29, 0xD7, 0x29, 0xF8, 0x29, 0xF9, 0x2A, 0x19, 0x2A, 0x19,
    0x29, 0xF8, 0x29, 0xD7, 0x29, 0xF9, 0x2A, 0x1A, 0x29, 0xF9, 0x29, 0xF8, 0x29, 0xF9, 0x2A, 0x19,
    0x29, 0xF9, 0x29, 0xF9, 0x29, 0xF8, 0x29, 0xF9, 0x29, 0xF9, 0x29, 0xF9, 0x29, 0xF9, 0x29, 0xF9,
    0x29, 0xF9, 0x29, 0xD7, 0x29, 0xD7, 0x29, 0xF8, 0x2A, 0x19, 0x2A, 0x1A, 0x2A, 0x1A, 0x2A, 0x1A,
    0x29, 0xF9, 0x29, 0xF8, 0x29, 0xF8, 0x2A, 0x19, 0x2A, 0x1A, 0x2A, 0x19, 0x29, 0xF9, 0x29, 0xD8,
    0x29, 0xF8, 0x29, 0xF9, 0x2A, 0x19, 0x29, 0xF9, 0x29, 0xF8, 0x29, 0xD8, 0x29, 0xD7, 0x29, 0xD7,
    0x29, 0xF8, 0x29, 0xF8, 0x29, 0xF9, 0x2A, 0x1A, 0x29, 0xF9, 0x29, 0xF8, 0x29, 0xF8, 0x29, 0xF9,
    0x29, 0xF9, 0x29, 0xF8, 0x29, 0xD7, 0x29, 0xD7, 0x29, 0xD8, 0x29, 0xD8, 0x29, 0xF8, 0x29, 0xF9,
    0x2A, 0x1A, 0x2A, 0x19, 0x2A, 0x1A, 0x2A, 0x1A, 0x2A, 0x1A, 0x29, 0xF9, 0x29, 0xF8, 0x29, 0xD7,
    0x29, 0xD7, 0x29, 0xD7, 0x29, 0xF8, 0x29, 0xF9, 0x2A, 0x1A, 0x2A, 0x1A, 0x29, 0xF8, 0x29, 0xD7,
    0x29, 0xF9, 0x2A, 0x1A, 0x29, 0xF9, 0x29, 0xF9, 0x29, 0xF9, 0x2A, 0x19, 0x29, 0xF9, 0x29, 0xF9,
    0x29, 0xF8, 0x29, 0xF9, 0x29, 0xF9, 0x29, 0xF8, 0x29, 0xF8, 0x29, 0xF9, 0x29, 0xF8, 0x29, 0xD7,
    0x29, 0xD7, 0x29, 0xF8, 0x29, 0xF9, 0x2A, 0x19, 0x29, 0xF9, 0x29, 0xF9, 0x29, 0xF9, 0x29, 0xF8,
    0x29, 0xF8, 0x29, 0xF9, 0x2A, 0x19, 0x2A, 0x19, 0x29, 0xF9, 0x29, 0xD7, 0x29, 0xF8, 0x29, 0xF9,
    0x2A, 0x19, 0x29, 0xF9, 0x29, 0xF8, 0x29, 0xD8, 0x29, 0xD7, 0x29, 0xD7, 0x29, 0xF8, 0x29, 0xF8,
    0x29, 0xF9, 0x2A, 0x1A, 0x2A, 0x19, 0x29, 0xF8, 0x29, 0xF8, 0x2A, 0x19, 0x29, 0xF9, 0x29, 0xF8,
    0x29, 0xF8, 0x29, 0xD7, 0x29, 0xF8, 0x29, 0xF8, 0x29, 0xF9, 0x2A, 0x1A, 0x2A, 0x1A, 0x2A, 0x1A,
    0x2A, 0x1A, 0x2A, 0x1A, 0x2A, 0x1A, 0x29, 0xF9, 0x29, 0xF8, 0x29, 0xD7, 0x29, 0xD7, 0x29, 0xD8,
    0x29, 0xF8, 0x29, 0xF9, 0x2A, 0x19, 0x2A, 0x19, 0x29, 0xF8, 0x29, 0xD7, 0x29, 0xF9, 0x2A, 0x1A,
    0x29, 0xF9, 0x29, 0xF8, 0x29, 0xF8, 0x29, 0xF9, 0x29, 0xF9, 0x29, 0xF8, 0x29, 0xF8, 0x29, 0xF8,
    0x29, 0xF9, 0x29, 0xF8, 0x29, 0xF8, 0x29, 0xF9, 0x29, 0xF8, 0x29, 0xD7, 0x29, 0xD7, 0x29, 0xF8,
    0x29, 0xF9, 0x2A, 0x19, 0x29, 0xF9, 0x29, 0xF9, 0x29, 0xF9, 0x29, 0xF8, 0x29, 0xF8, 0x29, 0xF9,
    0x2A, 0x19, 0x2A, 0x19, 0x29, 0xF9, 0x29, 0xD8, 0x29, 0xF8, 0x29, 0xF9, 0x2A, 0x19, 0x29, 0xF9,
    0x29, 0xF9, 0x29, 0xF8, 0x29, 0xD7, 0x29, 0xD7, 0x29, 0xF8, 0x29, 0xF8, 0x2A, 0x19, 0x2A, 0x1A,
    0x2A, 0x19, 0x29, 0xF8, 0x29, 0xF9, 0x2A, 0x19, 0x29, 0xF9, 0x29, 0xF9, 0x29, 0xF8, 0x29, 0xD8,
    0x29, 0xF8, 0x29, 0xF8, 0x29, 0xF9, 0x2A, 0x1A, 0x2A, 0x1A, 0x2A, 0x19, 0x2A, 0x1A, 0x2A, 0x1A,
    0x2A, 0x1A, 0x29, 0xF9, 0x29, 0xF8, 0x29, 0xD7, 0x21, 0x94, 0x00, 0x00, 0x53, 0x1A, 0x63, 0xBE,
    0x63, 0xBF, 0x63, 0xBF, 0x63, 0xDF, 0x63, 0xDF, 0x63, 0xDF, 0x63, 0xBF, 0x63, 0xBF, 0x63, 0xDF,
    0x63, 0xDF, 0x63, 0xBF, 0x63, 0xBF, 0x63, 0xBE, 0x63, 0xBF, 0x63, 0xBF, 0x63, 0xDF, 0x6B, 0xDF,
    0x63, 0xDF, 0x63, 0xDF, 0x63, 0xDF, 0x63, 0xDF, 0x63, 0xDF, 0x63, 0xBF, 0x63, 0xBE, 0x63, 0x9D,
    0x63, 0x9D, 0x63, 0x9E, 0x63, 0xBF, 0x63, 0xDF, 0x63, 0xDF, 0x63, 0xDF, 0x63, 0xBF, 0x63, 0x9E,
    0x63, 0xDF, 0x6B, 0xDF, 0x63, 0xDF, 0x63, 0xBF, 0x63, 0xDF, 0x63, 0xDF, 0x63, 0xDF, 0x63, 0xBF,
    0x63, 0xBF, 0x63, 0xBF, 0x63, 0xBF, 0x63, 0xBF, 0x63, 0xBF, 0x63, 0xBF, 0x63, 0xBF, 0x63, 0x9E,
    0x63, 0x9E, 0x63, 0xBF, 0x63, 0xDF, 0x63, 0xDF, 0x63, 0xDF, 0x6B, 0xDF, 0x63, 0xDF, 0x63, 0xDF,
    0x63, 0xDF, 0x63, 0xDF, 0x63, 0xDF, 0x63, 0xDF, 0x63, 0xDF, 0x63, 0xBE, 0x63, 0xBF, 0x63, 0xDF,
    0x63, 0xDF, 0x63, 0xBF, 0x63, 0xBF, 0x63, 0xBE, 0x63, 0x9E, 0x63, 0xBE, 0x63, 0xBF, 0x63, 0xBF,
    0x63, 0xDF, 0x6B, 0xDF, 0x6B, 0xDF, 0x63, 0xDF, 0x63, 0xDF, 0x63, 0xDF, 0x63, 0xDF, 0x63, 0xBF,
    0x29, 0xF9, 0x29, 0xF8, 0x2A, 0x19, 0x2A, 0x1A, 0x2A, 0x1A, 0x2A, 0x1A, 0x2A, 0x19, 0x29, 0xF8,
    0x29, 0xF8, 0x29, 0xF9, 0x29, 0xF8, 0x29, 0xD7, 0x29, 0xD7, 0x29, 0xD7, 0x29, 0xF8, 0x29, 0xF8,
    0x29, 0xF9, 0x2A, 0x1A, 0x2A, 0x1A, 0x2A, 0x1A, 0x2A, 0x1A, 0x29, 0xF9, 0x29, 0xF9, 0x29, 0xF8,
    0x29, 0xD7, 0x29, 0xD7, 0x29, 0xF8, 0x29, 0xF8, 0x29, 0xF9, 0x29, 0xF9, 0x29, 0xF9, 0x29, 0xF8,
    0x29, 0xD7, 0x29, 0xD7, 0x29, 0xF9, 0x29, 0xF9, 0x29, 0xD7, 0x29, 0xF8, 0x29, 0xF9, 0x29, 0xF9,
    0x29, 0xF9, 0x29, 0xF8, 0x29, 0xF8, 0x2A, 0x19, 0x29, 0xF9, 0x29, 0xF8, 0x29, 0xF8, 0x29, 0xF9,
    0x29, 0xF9, 0x29, 0xF8, 0x29, 0xF9, 0x2A, 0x1A, 0x2A, 0x1B, 0x2A, 0x1B, 0x2A, 0x1A, 0x2A, 0x1A,
    0x2A, 0x1A, 0x2A, 0x19, 0x2A, 0x1A, 0x2A, 0x1A, 0x2A, 0x1A, 0x2A, 0x19, 0x29, 0xF9, 0x29, 0xF8,
    0x2A, 0x1A, 0x32, 0x1B, 0x2A, 0x1A, 0x29, 0xF9, 0x29, 0xF8, 0x29, 0xD7, 0x29, 0xD7, 0x29, 0xF8,
    0x29, 0xF9, 0x2A, 0x1A, 0x2A, 0x1A, 0x2A, 0x1A, 0x29, 0xF9, 0x29, 0xF8, 0x29, 0xF8, 0x29, 0xF8,
    0x29, 0xF8, 0x29, 0xF8, 0x29, 0xF7, 0x29, 0xF8, 0x29, 0xF8, 0x29, 0xF9, 0x2A, 0x19, 0x2A, 0x1A,
    0x2A, 0x1A, 0x2A, 0x1A, 0x2A, 0x1A, 0x2A, 0x1A, 0x29, 0xF9, 0x29, 0xF8, 0x29, 0xD8, 0x29, 0xD8,
    0x29, 0xF8, 0x29, 0xF9, 0x29, 0xF9, 0x29, 0xF9, 0x2A, 0x19, 0x29, 0xF9, 0x29, 0xF7, 0x29, 0xD7,
    0x2A, 0x19, 0x2A, 0x19, 0x29, 0xF7, 0x29, 0xF8, 0x29, 0xF9, 0x29, 0xF9, 0x29, 0xF9, 0x29, 0xF8,
    0x29, 0xF8, 0x29, 0xF9, 0x29, 0xF9, 0x29, 0xF8, 0x29, 0xF8, 0x29, 0xF8, 0x29, 0xF8, 0x29, 0xF8,
    0x29, 0xF8, 0x2A, 0x1A, 0x2A, 0x1A, 0x2A, 0x1A, 0x2A, 0x1A, 0x2A, 0x1A, 0x2A, 0x1A, 0x29, 0xF9,
    0x2A, 0x1A, 0x2A, 0x1A, 0x2A, 0x19, 0x29, 0xF9, 0x29, 0xF8, 0x29, 0xF8, 0x29, 0xF9, 0x2A, 0x1A,
    0x2A, 0x1A, 0x29, 0xF9, 0x29, 0xF8, 0x29, 0xF8, 0x29, 0xD8, 0x29, 0xF8, 0x2A, 0x19, 0x2A, 0x1A,
    0x2A, 0x1A, 0x2A, 0x1A, 0x2A, 0x19, 0x29, 0xF8, 0x29, 0xF8, 0x29, 0xF9, 0x29, 0xF8, 0x29, 0xF8,
    0x29, 0xF8, 0x29, 0xF8, 0x29, 0xF9, 0x29, 0xF9, 0x2A, 0x1A, 0x2A, 0x1A, 0x2A, 0x1A, 0x2A, 0x1A,
    0x2A, 0x1A, 0x2A, 0x1A, 0x2A, 0x19, 0x29, 0xF8, 0x29, 0xF8, 0x29, 0xF8, 0x29, 0xF8, 0x29, 0xF9,
    0x29, 0xF9, 0x29, 0xF9, 0x29, 0xF9, 0x29, 0xF9, 0x29, 0xD7, 0x29, 0xD7, 0x29, 0xF9, 0x29, 0xF9,
    0x29, 0xD7, 0x29, 0xF8, 0x29, 0xF9, 0x29, 0xF9, 0x29, 0xF8, 0x29, 0xF8, 0x29, 0xF8, 0x29, 0xF9,
    0x29, 0xF9, 0x29, 0xF8, 0x29, 0xF8, 0x29, 0xF8, 0x29, 0xF8, 0x29, 0xF8, 0x29, 0xF8, 0x29, 0xF9,
    0x2A, 0x1A, 0x2A, 0x1A, 0x29, 0xF9, 0x2A, 0x1A, 0x2A, 0x1A, 0x29, 0xF9, 0x2A, 0x1A, 0x2A, 0x1A,
    0x2A, 0x1A, 0x2A, 0x19, 0x29, 0xF8, 0x29, 0xF8, 0x2A, 0x1A, 0x32, 0x1B, 0x2A, 0x1A, 0x29, 0xF9,
    0x29, 0xF8, 0x29, 0xF8, 0x29, 0xD7, 0x29, 0xF9, 0x2A, 0x1A, 0x2A, 0x1A, 0x2A, 0x1A, 0x2A, 0x1A,
    0x2A, 0x19, 0x29, 0xF9, 0x29, 0xF8, 0x29, 0xF9, 0x29, 0xF9, 0x29, 0xF8, 0x29, 0xF8, 0x29, 0xF8,
    0x29, 0xF9, 0x2A, 0x19, 0x2A, 0x1A, 0x2A, 0x1A, 0x2A, 0x1A, 0x2A, 0x1A, 0x2A, 0x1A, 0x2A, 0x1A,
    0x29, 0xF9, 0x29, 0xF8, 0x29, 0xD7, 0x29, 0xD8, 0x21, 0x94, 0x00, 0x00, 0x53, 0x1A, 0x63, 0xBF,
    0x63, 0xDF, 0x63, 0xDF, 0x6B, 0xDF, 0x63, 0xDF, 0x63, 0xDF, 0x63, 0xBF, 0x63, 0xBF, 0x63, 0xBF,
    0x63, 0xBF, 0x63, 0xBF, 0x63, 0xBF, 0x63, 0xBF, 0x63, 0xBF, 0x63, 0xDF, 0x6B, 0xDF, 0x6B, 0xFF,
    0x6B, 0xFF, 0x63, 0xDF, 0x63, 0xDF, 0x63, 0xDF, 0x63, 0xBF, 0x63, 0xBE, 0x63, 0xBE, 0x63, 0x9E,
    0x63, 0xBE, 0x63, 0xBF, 0x63, 0xBF, 0x63, 0xBF, 0x63, 0xDF, 0x63, 0xBF, 0x63, 0xBE, 0x63, 0xBE,
    0x63, 0xDF, 0x63, 0xDF, 0x63, 0xBF, 0x63, 0xBF, 0x63, 0xDF, 0x63, 0xDF, 0x63, 0xBF, 0x63, 0xBF,
    0x63, 0xBF, 0x63, 0xBF, 0x63, 0xBF, 0x63, 0xBF, 0x63, 0xBF, 0x63, 0xBF, 0x63, 0xBF, 0x63, 0xBF,
    0x63, 0xBF, 0x63, 0xDF, 0x6B, 0xFF, 0x6B, 0xFF, 0x6B, 0xDF, 0x6B, 0xDF, 0x6B, 0xFF, 0x63, 0xDF,
    0x6B, 0xDF, 0x6B, 0xDF, 0x63, 0xDF, 0x63, 0xDF, 0x63, 0xBF, 0x63, 0xBF, 0x63, 0xDF, 0x6B, 0xFF,
    0x63, 0xDF, 0x63, 0xBF, 0x63, 0xBF, 0x63, 0xBE, 0x63, 0xBE, 0x63, 0xBF, 0x63, 0xDF, 0x63, 0xDF,
    0x6B, 0xFF, 0x6B, 0xFF, 0x63, 0xDF, 0x63, 0xDF, 0x63, 0xBF, 0x63, 0xDF, 0x63, 0xBF, 0x63, 0xBF,
    0x29, 0xF9, 0x29, 0xF9, 0x2A, 0x1A, 0x2A, 0x1A, 0x2A, 0x1A, 0x29, 0xF9, 0x29, 0xF9, 0x29, 0xF8,
    0x29, 0xF8, 0x29, 0xF8, 0x29, 0xF8, 0x29, 0xF8, 0x29, 0xF8, 0x29, 0xF8, 0x29, 0xF9, 0x2A, 0x19,
    0x2A, 0x19, 0x2A, 0x1A, 0x2A, 0x1A, 0x2A, 0x1A, 0x29, 0xF9, 0x29, 0xF8, 0x29, 0xD7, 0x29, 0xD7,
    0x29, 0xD7, 0x29, 0xF8, 0x29, 0xF9, 0x29, 0xF9, 0x29, 0xF9, 0x29, 0xF9, 0x29, 0xF9, 0x29, 0xF9,
    0x29, 0xD8, 0x29, 0xF8, 0x2A, 0x1A, 0x2A, 0x1A, 0x29, 0xF8, 0x29, 0xF9, 0x2A, 0x1A, 0x2A, 0x19,
    0x29, 0xF8, 0x29, 0xF7, 0x29, 0xF8, 0x29, 0xF9, 0x2A, 0x19, 0x2A, 0x1A, 0x2A, 0x1A, 0x2A, 0x1A,
    0x2A, 0x1A, 0x2A, 0x1A, 0x2A, 0x1A, 0x2A, 0x3A, 0x32, 0x3B, 0x2A, 0x1B, 0x2A, 0x1A, 0x2A, 0x1A,
    0x2A, 0x1A, 0x29, 0xF9, 0x29, 0xF9, 0x2A, 0x1A, 0x29, 0xF9, 0x29, 0xF9, 0x29, 0xF9, 0x29, 0xF9,
    0x2A, 0x1B, 0x32, 0x3B, 0x2A, 0x1A, 0x29, 0xF8, 0x29, 0xF7, 0x29, 0xF8, 0x29, 0xF8, 0x29, 0xF9,
    0x2A, 0x1A, 0x2A, 0x1A, 0x2A, 0x1A, 0x29, 0xF9, 0x29, 0xF8, 0x29, 0xF8, 0x29, 0xF8, 0x29, 0xF8,
    0x29, 0xF8, 0x29, 0xF8, 0x29, 0xF8, 0x29, 0xF8, 0x29, 0xF9, 0x2A, 0x1A, 0x2A, 0x1A, 0x2A, 0x1A,
    0x2A, 0x1A, 0x2A, 0x1A, 0x29, 0xF9, 0x29, 0xF8, 0x29, 0xD7, 0x29, 0xD8, 0x29, 0xF8, 0x29, 0xF8,
    0x29, 0xF9, 0x2A, 0x19, 0x29, 0xF9, 0x29, 0xF9, 0x29, 0xF9, 0x29, 0xF9, 0x29, 0xF8, 0x29, 0xF9,
    0x2A, 0x1A, 0x2A, 0x1A, 0x29, 0xF8, 0x29, 0xF9, 0x2A, 0x1A, 0x2A, 0x19, 0x29, 0xF8, 0x29, 0xD7,
    0x29, 0xF8, 0x29, 0xF9, 0x29, 0xF9, 0x29, 0xF9, 0x2A, 0x1A, 0x2A, 0x1A, 0x2A, 0x1A, 0x2A, 0x1A,
    0x2A, 0x1A, 0x2A, 0x1A, 0x32, 0x3B, 0x2A, 0x1B, 0x2A, 0x1A, 0x2A, 0x1A, 0x2A, 0x1A, 0x29, 0xF9,
    0x29, 0xF9, 0x2A, 0x19, 0x29, 0xF9, 0x29, 0xF9, 0x29, 0xF8, 0x29, 0xF9, 0x2A, 0x1A, 0x32, 0x3B,
    0x2A, 0x1A, 0x29, 0xF8, 0x29, 0xF7, 0x29, 0xF8, 0x29, 0xF8, 0x29, 0xF9, 0x2A, 0x1A, 0x2A, 0x1A,
    0x2A, 0x1A, 0x29, 0xF9, 0x29, 0xF9, 0x29, 0xF8, 0x29, 0xF8, 0x29, 0xF9, 0x29, 0xF9, 0x29, 0xF8,
    0x29, 0xF8, 0x29, 0xF8, 0x29, 0xF9, 0x2A, 0x1A, 0x2A, 0x1A, 0x2A, 0x1A, 0x2A, 0x1A, 0x2A, 0x1A,
    0x2A, 0x19, 0x29, 0xF8, 0x29, 0xF7, 0x29, 0xF8, 0x29, 0xF8, 0x29, 0xF8, 0x29, 0xF9, 0x2A, 0x19,
    0x29, 0xF9, 0x29, 0xF9, 0x29, 0xF9, 0x29, 0xF9, 0x29, 0xD8, 0x29, 0xF8, 0x2A, 0x1A, 0x2A, 0x1A,
    0x29, 0xF8, 0x29, 0xF9, 0x2A, 0x1A, 0x29, 0xF9, 0x29, 0xD8, 0x29, 0xD7, 0x29, 0xF8, 0x29, 0xF9,
    0x29, 0xF9, 0x29, 0xF9, 0x2A, 0x19, 0x2A, 0x19, 0x2A, 0x1A, 0x2A, 0x1A, 0x2A, 0x1A, 0x2A, 0x1A,
    0x32, 0x3B, 0x2A, 0x1A, 0x2A, 0x1A, 0x2A, 0x1A, 0x2A, 0x1A, 0x29, 0xF9, 0x29, 0xF9, 0x2A, 0x19,
    0x29, 0xF9, 0x29, 0xF9, 0x29, 0xF8, 0x29, 0xF9, 0x2A, 0x1B, 0x32, 0x3B, 0x2A, 0x1A, 0x29, 0xF8,
    0x29, 0xF8, 0x29, 0xF8, 0x29, 0xF9, 0x29, 0xF9, 0x2A, 0x1A, 0x2A, 0x1A, 0x2A, 0x1A, 0x2A, 0x19,
    0x29, 0xF9, 0x29, 0xF8, 0x29, 0xF8, 0x29, 0xF9, 0x29, 0xF9, 0x29, 0xF8, 0x29, 0xF8, 0x29, 0xF9,
    0x2A, 0x19, 0x2A, 0x1A, 0x2A, 0x1A, 0x2A, 0x1A, 0x2A, 0x1A, 0x2A, 0x1A, 0x29, 0xF9, 0x29, 0xF8,
    0x29, 0xD7, 0x29, 0xD8, 0x29, 0xD8, 0x29, 0xF8, 0x21, 0x94, 0x00, 0x00, 0x53, 0x1A, 0x63, 0xDF,
    0x63, 0xDF, 0x63, 0xDF, 0x63, 0xDF, 0x63, 0xDF, 0x63, 0xBF, 0x63, 0xBF, 0x63, 0xBF, 0x63, 0xBF,
    0x63, 0xBF, 0x63, 0xBF, 0x63, 0xBF, 0x63, 0xBF, 0x63, 0xDF, 0x63, 0xDF, 0x6B, 0xFF, 0x6B, 0xDF,
    0x6B, 0xDF, 0x6B, 0xDF, 0x63, 0xDF, 0x63, 0xBF, 0x63, 0x9E, 0x63, 0xBE, 0x63, 0xBE, 0x63, 0xBE,
    0x63, 0xBF, 0x63, 0xDF, 0x63, 0xBF, 0x63, 0xBF, 0x63, 0xBF, 0x63, 0xBF, 0x63, 0xBF, 0x63, 0xBF,
    0x6B, 0xDF, 0x6B, 0xFF, 0x63, 0xBF, 0x63, 0xDF, 0x6B, 0xDF, 0x63, 0xDF, 0x63, 0xBF, 0x63, 0xBE,
    0x63, 0xBF, 0x63, 0xBF, 0x63, 0xDF, 0x63, 0xDF, 0x63, 0xDF, 0x63, 0xDF, 0x63, 0xDF, 0x63, 0xDF,
    0x63, 0xDF, 0x6B, 0xDF, 0x6B, 0xFF, 0x6B, 0xFF, 0x6B, 0xDF, 0x6B, 0xFF, 0x6B, 0xFF, 0x63, 0xDF,
    0x63, 0xDF, 0x63, 0xDF, 0x63, 0xDF, 0x63, 0xDF, 0x63, 0xBF, 0x63, 0xDF, 0x6B, 0xDF, 0x6B, 0xFF,
    0x63, 0xDF, 0x63, 0xBF, 0x63, 0xBE, 0x63, 0xBF, 0x63, 0xBF, 0x63, 0xDF, 0x6B, 0xDF, 0x6B, 0xDF,
    0x6B, 0xDF, 0x63, 0xDF, 0x63, 0xDF, 0x63, 0xDF, 0x63, 0xDF, 0x63, 0xBF, 0x63, 0xDF, 0x63, 0xDF,
    0x2A, 0x19, 0x29, 0xF9, 0x2A, 0x19, 0x29, 0xF9, 0x29, 0xF9, 0x29, 0xF8, 0x29, 0xD8, 0x29, 0xD8,
    0x29, 0xF8, 0x29, 0xF9, 0x29, 0xF9, 0x29, 0xF9, 0x29, 0xF8, 0x29, 0xF9, 0x29, 0xF9, 0x2A, 0x1A,
    0x29, 0xF9, 0x29, 0xF9, 0x2A, 0x19, 0x29, 0xF9, 0x29, 0xF8, 0x29, 0xD7, 0x29, 0xD8, 0x29, 0xF8,
    0x29, 0xF8, 0x29, 0xF8, 0x29, 0xF9, 0x29, 0xF9, 0x29, 0xF9, 0x29, 0xF8, 0x29, 0xF9, 0x2A, 0x19,
    0x29, 0xF9, 0x2A, 0x19, 0x2A, 0x1A, 0x2A, 0x1A, 0x2A, 0x19, 0x2A, 0x1A, 0x2A, 0x3B, 0x29, 0xF9,
    0x29, 0xF8, 0x29, 0xF9, 0x2A, 0x1A, 0x2A, 0x1A, 0x2A, 0x3B, 0x2A, 0x3B, 0x2A, 0x3B, 0x2A, 0x1B,
    0x2A, 0x1A, 0x2A, 0x1B, 0x2A, 0x1A, 0x2A, 0x1A, 0x2A, 0x1A, 0x2A, 0x1A, 0x2A, 0x19, 0x29, 0xF9,
    0x29, 0xF8, 0x29, 0xF8, 0x29, 0xF9, 0x2A, 0x19, 0x29, 0xF8, 0x29, 0xF8, 0x29, 0xF9, 0x2A, 0x19,
    0x2A, 0x1A, 0x29, 0xF9, 0x29, 0xF9, 0x29, 0xD7, 0x29, 0xD7, 0x29, 0xF9, 0x29, 0xF9, 0x29, 0xF9,
    0x29, 0xF9, 0x29, 0xF9, 0x29, 0xF9, 0x29, 0xF8, 0x29, 0xD8, 0x29, 0xD8, 0x29, 0xF8, 0x29, 0xF9,
    0x29, 0xF9, 0x29, 0xF9, 0x29, 0xF8, 0x29, 0xF9, 0x29, 0xF9, 0x2A, 0x1A, 0x29, 0xF9, 0x2A, 0x19,
    0x2A, 0x19, 0x29, 0xF9, 0x29, 0xF8, 0x29, 0xF7, 0x29, 0xF8, 0x29, 0xF8, 0x29, 0xF8, 0x29, 0xF8,
    0x29, 0xF9, 0x2A, 0x19, 0x29, 0xF9, 0x29, 0xF8, 0x29, 0xF9, 0x2A, 0x1A, 0x29, 0xF9, 0x2A, 0x19,
    0x32, 0x3B, 0x2A, 0x1B, 0x2A, 0x1A, 0x2A, 0x1B, 0x2A, 0x3B, 0x29, 0xF9, 0x29, 0xF8, 0x29, 0xF8,
    0x2A, 0x19, 0x2A, 0x1A, 0x2A, 0x3B, 0x2A, 0x3B, 0x2A, 0x3B, 0x2A, 0x1A, 0x2A, 0x1A, 0x2A, 0x1A,
    0x2A, 0x1A, 0x2A, 0x1A, 0x2A, 0x1A, 0x2A, 0x1A, 0x29, 0xF9, 0x29, 0xF9, 0x29, 0xF8, 0x29, 0xD8,
    0x29, 0xF9, 0x29, 0xF9, 0x29, 0xF8, 0x29, 0xF8, 0x29, 0xF9, 0x2A, 0x19, 0x2A, 0x19, 0x29, 0xF9,
    0x29, 0xF9, 0x29, 0xD7, 0x29, 0xD7, 0x29, 0xF9, 0x29, 0xF9, 0x29, 0xF9, 0x29, 0xF9, 0x29, 0xF9,
    0x29, 0xF9, 0x29, 0xF8, 0x29, 0xF8, 0x29, 0xD8, 0x29, 0xF8, 0x29, 0xF9, 0x29, 0xF9, 0x29, 0xF9,
    0x29, 0xF8, 0x29, 0xF9, 0x2A, 0x19, 0x2A, 0x1A, 0x2A, 0x19, 0x2A, 0x19, 0x2A, 0x1A, 0x29, 0xF9,
    0x29, 0xF8, 0x29, 0xF8, 0x29, 0xF8, 0x29, 0xF8, 0x29, 0xF8, 0x29, 0xF9, 0x29, 0xF9, 0x2A, 0x19,
    0x29, 0xF9, 0x29, 0xF8, 0x29, 0xF9, 0x2A, 0x19, 0x29, 0xF9, 0x2A, 0x19, 0x2A, 0x1A, 0x2A, 0x1A,
    0x2A, 0x19, 0x2A, 0x1A, 0x2A, 0x3A, 0x29, 0xF9, 0x29, 0xD7, 0x29, 0xF8, 0x29, 0xF9, 0x2A, 0x1A,
    0x2A, 0x1B, 0x2A, 0x1B, 0x2A, 0x1B, 0x2A, 0x1A, 0x2A, 0x1A, 0x2A, 0x1A, 0x2A, 0x1A, 0x2A, 0x1A,
    0x2A, 0x1A, 0x2A, 0x1A, 0x29, 0xF9, 0x29, 0xF9, 0x29, 0xF8, 0x29, 0xD8, 0x29, 0xF9, 0x29, 0xF9,
    0x29, 0xF8, 0x29, 0xF8, 0x29, 0xF9, 0x2A, 0x19, 0x2A, 0x1A, 0x29, 0xF9, 0x29, 0xF9, 0x29, 0xF7,
    0x29, 0xF7, 0x29, 0xF9, 0x2A, 0x19, 0x2A, 0x19, 0x2A, 0x19, 0x29, 0xF9, 0x29, 0xF9, 0x29, 0xF8,
    0x29, 0xF8, 0x29, 0xF8, 0x29, 0xF8, 0x29, 0xF9, 0x29, 0xF9, 0x29, 0xF9, 0x29, 0xF9, 0x29, 0xF9,
    0x2A, 0x1A, 0x2A, 0x1A, 0x2A, 0x1A, 0x2A, 0x19, 0x2A, 0x1A, 0x29, 0xF9, 0x29, 0xF8, 0x29, 0xF7,
    0x29, 0xF8, 0x29, 0xF8, 0x29, 0xF8, 0x29, 0xF8, 0x21, 0xB4, 0x00, 0x00, 0x53, 0x1A, 0x63, 0xDF,
    0x63, 0xDF, 0x63, 0xBF, 0x63, 0xBF, 0x63, 0xBF, 0x63, 0xBE, 0x63, 0xBE, 0x63, 0xBF, 0x63, 0xBF,
    0x63, 0xDF, 0x63, 0xDF, 0x63, 0xDF, 0x63, 0xDF, 0x63, 0xDF, 0x63, 0xDF, 0x63, 0xDF, 0x63, 0xDF,
    0x63, 0xDF, 0x63, 0xDF, 0x63, 0xBF, 0x63, 0xBE, 0x63, 0xBE, 0x63, 0xBF, 0x63, 0xBF, 0x63, 0xBF,
    0x63, 0xBF, 0x63, 0xBF, 0x63, 0xBF, 0x63, 0xBF, 0x63, 0xDF, 0x63, 0xDF, 0x63, 0xDF, 0x63, 0xDF,
    0x6B, 0xFF, 0x6B, 0xFF, 0x63, 0xDF, 0x6B, 0xFF, 0x6B, 0xFF, 0x63, 0xDF, 0x63, 0xBF, 0x63, 0xBF,
    0x63, 0xDF, 0x63, 0xDF, 0x6B, 0xDF, 0x6B, 0xFF, 0x6B, 0xFF, 0x63, 0xDF, 0x63, 0xDF, 0x6B, 0xDF,
    0x6B, 0xDF, 0x6B, 0xDF, 0x6B, 0xFF, 0x6B, 0xFF, 0x63, 0xDF, 0x63, 0xDF, 0x63, 0xDF, 0x63, 0xBF,
    0x63, 0xDF, 0x63, 0xDF, 0x63, 0xBF, 0x63, 0xBF, 0x63, 0xDF, 0x63, 0xDF, 0x63, 0xDF, 0x63, 0xDF,
    0x63, 0xBF, 0x63, 0xBE, 0x63, 0xBE, 0x63, 0xBF, 0x63, 0xDF, 0x63, 0xDF, 0x63, 0xDF, 0x63, 0xDF,
    0x63, 0xDF, 0x63, 0xDF, 0x63, 0xBF, 0x63, 0xBF, 0x63, 0xDF, 0x63, 0xDF, 0x63, 0xDF, 0x63, 0xDF,
    0x2A, 0x19, 0x29, 0xF9, 0x29, 0xF9, 0x29, 0xF8, 0x29, 0xF8, 0x29, 0xF8, 0x29, 0xF8, 0x29, 0xF8,
    0x29, 0xF9, 0x2A, 0x19, 0x2A, 0x19, 0x2A, 0x1A, 0x2A, 0x19, 0x2A, 0x1A, 0x2A, 0x1A, 0x29, 0xF9,
    0x29, 0xF9, 0x29, 0xF9, 0x2A, 0x19, 0x29, 0xF8, 0x29, 0xD7, 0x29, 0xF8, 0x29, 0xF8, 0x29, 0xF8,
    0x29, 0xF9, 0x2A, 0x19, 0x2A, 0x19, 0x2A, 0x19, 0x29, 0xF9, 0x29, 0xF8, 0x2A, 0x1A, 0x2A, 0x3A,
    0x2A, 0x19, 0x2A, 0x19, 0x2A, 0x1A, 0x2A, 0x1A, 0x2A, 0x1A, 0x2A, 0x1B, 0x2A, 0x1A, 0x29, 0xF9,
    0x29, 0xF9, 0x2A, 0x1B, 0x2A, 0x3B, 0x2A, 0x3B, 0x2A, 0x1B, 0x2A, 0x1B, 0x2A, 0x1A, 0x29, 0xF9,
    0x29, 0xF9, 0x29, 0xF9, 0x29, 0xF9, 0x29, 0xF9, 0x2A, 0x19, 0x29, 0xF9, 0x29, 0xD7, 0x29, 0xD7,
    0x29, 0xD7, 0x29, 0xF8, 0x29, 0xF9, 0x2A, 0x1A, 0x29, 0xF8, 0x29, 0xF8, 0x2A, 0x19, 0x2A, 0x19,
    0x29, 0xF9, 0x29, 0xF8, 0x29, 0xF8, 0x29, 0xF8, 0x29, 0xF8, 0x29, 0xF9, 0x29, 0xF9, 0x29, 0xF9,
    0x29, 0xF9, 0x29, 0xF8, 0x29, 0xF8, 0x29, 0xD8, 0x29, 0xD8, 0x29, 0xF8, 0x29, 0xF9, 0x2A, 0x19,
    0x2A, 0x19, 0x2A, 0x1A, 0x2A, 0x19, 0x2A, 0x1A, 0x2A, 0x1A, 0x2A, 0x19, 0x2A, 0x19, 0x2A, 0x19,
    0x2A, 0x19, 0x29, 0xF8, 0x29, 0xF8, 0x29, 0xF8, 0x29, 0xF8, 0x29, 0xF9, 0x29, 0xF9, 0x2A, 0x1A,
    0x2A, 0x1A, 0x2A, 0x19, 0x29, 0xF9, 0x29, 0xF9, 0x2A, 0x1A, 0x2A, 0x3B, 0x2A, 0x1A, 0x2A, 0x1A,
    0x2A, 0x1A, 0x2A, 0x1A, 0x2A, 0x1A, 0x2A, 0x1B, 0x2A, 0x1B, 0x29, 0xF9, 0x29, 0xF9, 0x2A, 0x1A,
    0x2A, 0x3B, 0x2A, 0x3B, 0x2A, 0x1B, 0x2A, 0x1B, 0x2A, 0x1A, 0x29, 0xF9, 0x29, 0xF8, 0x29, 0xF8,
    0x29, 0xF8, 0x29, 0xF9, 0x2A, 0x19, 0x29, 0xF8, 0x29, 0xD7, 0x29, 0xD6, 0x29, 0xD7, 0x29, 0xF7,
    0x29, 0xF9, 0x2A, 0x1A, 0x29, 0xF8, 0x29, 0xF8, 0x2A, 0x19, 0x29, 0xF9, 0x29, 0xF9, 0x29, 0xF8,
    0x29, 0xD8, 0x29, 0xD8, 0x29, 0xF8, 0x29, 0xF9, 0x2A, 0x19, 0x29, 0xF9, 0x29, 0xF9, 0x29, 0xF8,
    0x29, 0xF8, 0x29, 0xF8, 0x29, 0xF8, 0x29, 0xF8, 0x29, 0xF9, 0x2A, 0x19, 0x2A, 0x19, 0x2A, 0x1A,
    0x2A, 0x1A, 0x2A, 0x1A, 0x2A, 0x1A, 0x2A, 0x1A, 0x2A, 0x19, 0x2A, 0x1A, 0x2A, 0x1A, 0x29, 0xF9,
    0x29, 0xF8, 0x29, 0xF8, 0x29, 0xF8, 0x29, 0xF9, 0x29, 0xF9, 0x2A, 0x1A, 0x2A, 0x1A, 0x2A, 0x1A,
    0x29, 0xF9, 0x29, 0xF9, 0x2A, 0x1A, 0x2A, 0x3B, 0x2A, 0x19, 0x2A, 0x19, 0x2A, 0x1A, 0x2A, 0x1A,
    0x2A, 0x19, 0x2A, 0x1A, 0x2A, 0x1A, 0x29, 0xF8, 0x29, 0xF8, 0x2A, 0x1A, 0x2A, 0x3B, 0x2A, 0x3B,
    0x2A, 0x1A, 0x2A, 0x1A, 0x2A, 0x1A, 0x29, 0xF9, 0x29, 0xF8, 0x29, 0xF8, 0x29, 0xF8, 0x29, 0xF9,
    0x29, 0xF9, 0x29, 0xF8, 0x29, 0xD7, 0x29, 0xD6, 0x29, 0xD7, 0x29, 0xF7, 0x29, 0xF9, 0x2A, 0x1A,
    0x29, 0xF8, 0x29, 0xF8, 0x2A, 0x19, 0x2A, 0x19, 0x29, 0xF9, 0x29, 0xF8, 0x29, 0xF8, 0x29, 0xF8,
    0x29, 0xF8, 0x29, 0xF9, 0x2A, 0x19, 0x29, 0xF9, 0x29, 0xF9, 0x29, 0xF9, 0x29, 0xF8, 0x29, 0xF8,
    0x29, 0xF8, 0x29, 0xF9, 0x29, 0xF9, 0x2A, 0x1A, 0x2A, 0x1A, 0x2A, 0x1A, 0x2A, 0x1A, 0x2A, 0x1A,
    0x2A, 0x1A, 0x2A, 0x1A, 0x2A, 0x1A, 0x2A, 0x1A, 0x2A, 0x1A, 0x29, 0xF9, 0x29, 0xF8, 0x29, 0xF8,
    0x29, 0xF8, 0x29, 0xF8, 0x29, 0xF9, 0x2A, 0x19, 0x21, 0xB5, 0x00, 0x00, 0x53, 0x1A, 0x63, 0xDF,
    0x63, 0xDF, 0x63, 0xBF, 0x63, 0xBF, 0x63, 0xBE, 0x63, 0xBE, 0x63, 0xBF, 0x63, 0xDF, 0x63, 0xDF,
    0x63, 0xDF, 0x63, 0xDF, 0x63, 0xDF, 0x63, 0xDF, 0x6B, 0xFF, 0x6B, 0xFF, 0x63, 0xDF, 0x63, 0xDF,
    0x63, 0xDF, 0x63, 0xDF, 0x63, 0xBF, 0x63, 0xBF, 0x63, 0xBF, 0x63, 0xBF, 0x63, 0xBF, 0x63, 0xDF,
    0x63, 0xDF, 0x63, 0xDF, 0x63, 0xDF, 0x63, 0xBF, 0x63, 0xDF, 0x6B, 0xFF, 0x63, 0xDF, 0x63, 0xDF,
    0x6B, 0xFF, 0x63, 0xDF, 0x6B, 0xFF, 0x6B, 0xFF, 0x6B, 0xFF, 0x63, 0xDF, 0x63, 0xDF, 0x6B, 0xFF,
    0x6B, 0xFF, 0x6B, 0xFF, 0x6B, 0xDF, 0x6B, 0xDF, 0x63, 0xDF, 0x63, 0xBF, 0x63, 0xBF, 0x63, 0xBF,
    0x63, 0xBF, 0x63, 0xBF, 0x63, 0xDF, 0x63, 0xDF, 0x63, 0xBE, 0x63, 0x9E, 0x63, 0xBF, 0x63, 0xBF,
    0x63, 0xDF, 0x63, 0xDF, 0x63, 0xDF, 0x63, 0xBF, 0x63, 0xDF, 0x63, 0xDF, 0x63, 0xBF, 0x63, 0xBF,
    0x63, 0xBE, 0x63, 0xBE, 0x63, 0xBF, 0x63, 0xDF, 0x63, 0xDF, 0x63, 0xDF, 0x63, 0xDF, 0x63, 0xDF,
    0x63, 0xDF, 0x63, 0xBF, 0x63, 0xBF, 0x63, 0xDF, 0x63, 0xDF, 0x63, 0xDF, 0x63, 0xDF, 0x63, 0xDF,
    0x2A, 0x19, 0x29, 0xF9, 0x29, 0xF9, 0x29, 0xF9, 0x29, 0xF9, 0x29, 0xF9, 0x29, 0xF9, 0x2A, 0x19,
    0x2A, 0x1A, 0x2A, 0x1A, 0x2A, 0x1A, 0x2A, 0x1A, 0x2A, 0x1A, 0x2A, 0x1A, 0x2A, 0x19, 0x2A, 0x19,
    0x2A, 0x19, 0x2A, 0x19, 0x2A, 0x19, 0x2A, 0x19, 0x29, 0xF9, 0x29, 0xF8, 0x29, 0xF9, 0x2A, 0x19,
    0x2A, 0x1A, 0x2A, 0x1A, 0x2A, 0x19, 0x2A, 0x19, 0x2A, 0x1A, 0x2A, 0x1A, 0x2A, 0x1A, 0x32, 0x3B,
    0x2A, 0x1A, 0x2A, 0x19, 0x2A, 0x1A, 0x2A, 0x1A, 0x2A, 0x19, 0x2A, 0x1A, 0x29, 0xF8, 0x29, 0xD7,
    0x29, 0xF9, 0x2A, 0x1B, 0x2A, 0x1B, 0x2A, 0x1A, 0x29, 0xF9, 0x29, 0xF8, 0x29, 0xF8, 0x29, 0xD7,
    0x29, 0xD7, 0x29, 0xD8, 0x29, 0xD8, 0x29, 0xF8, 0x29, 0xF8, 0x29, 0xD7, 0x21, 0xB6, 0x29, 0xD7,
    0x29, 0xF9, 0x29, 0xF9, 0x2A, 0x1A, 0x2A, 0x1A, 0x29, 0xF9, 0x29, 0xF9, 0x2A, 0x1A, 0x2A, 0x1A,
    0x29, 0xF9, 0x29, 0xF8, 0x29, 0xF8, 0x29, 0xF9, 0x29, 0xF9, 0x29, 0xF9, 0x2A, 0x19, 0x29, 0xF9,
    0x29, 0xF9, 0x29, 0xF9, 0x29, 0xF9, 0x29, 0xF9, 0x29, 0xF9, 0x2A, 0x19, 0x2A, 0x1A, 0x2A, 0x1A,
    0x2A, 0x1A, 0x2A, 0x1A, 0x2A, 0x1A, 0x2A, 0x1A, 0x2A, 0x1A, 0x2A, 0x19, 0x2A, 0x19, 0x2A, 0x19,
    0x2A, 0x19, 0x2A, 0x19, 0x29, 0xF9, 0x29, 0xF9, 0x29, 0xF9, 0x2A, 0x1A, 0x2A, 0x1A, 0x2A, 0x1A,
    0x2A, 0x1A, 0x2A, 0x1A, 0x2A, 0x1A, 0x2A, 0x1A, 0x2A, 0x1B, 0x32, 0x3C, 0x2A, 0x1A, 0x2A, 0x1A,
    0x32, 0x3B, 0x2A, 0x1A, 0x2A, 0x1A, 0x2A, 0x1A, 0x29, 0xF8, 0x29, 0xD7, 0x29, 0xF9, 0x2A, 0x1B,
    0x2A, 0x1B, 0x2A, 0x1A, 0x29, 0xF8, 0x29, 0xF8, 0x29, 0xD7, 0x29, 0xD7, 0x29, 0xD7, 0x29, 0xD8,
    0x29, 0xD7, 0x29, 0xF8, 0x29, 0xF8, 0x29, 0xD7, 0x21, 0xB6, 0x29, 0xD6, 0x29, 0xF8, 0x29, 0xF9,
    0x2A, 0x1A, 0x2A, 0x1A, 0x29, 0xF8, 0x29, 0xF9, 0x2A, 0x1A, 0x2A, 0x1A, 0x29, 0xF9, 0x29, 0xF8,
    0x29, 0xF8, 0x29, 0xF9, 0x29, 0xF8, 0x29, 0xF9, 0x2A, 0x19, 0x29, 0xF9, 0x29, 0xF9, 0x29, 0xF9,
    0x29, 0xF9, 0x29, 0xF9, 0x29, 0xF9, 0x2A, 0x1A, 0x2A, 0x1A, 0x2A, 0x1A, 0x2A, 0x1A, 0x2A, 0x1A,
    0x2A, 0x1B, 0x2A, 0x1A, 0x2A, 0x1A, 0x2A, 0x1A, 0x2A, 0x1A, 0x2A, 0x1A, 0x2A, 0x1A, 0x2A, 0x1A,
    0x2A, 0x19, 0x29, 0xF9, 0x2A, 0x19, 0x2A, 0x1A, 0x2A, 0x1A, 0x2A, 0x1A, 0x2A, 0x1A, 0x2A, 0x1A,
    0x2A, 0x1A, 0x2A, 0x1A, 0x2A, 0x1B, 0x32, 0x3C, 0x2A, 0x1A, 0x2A, 0x19, 0x2A, 0x1B, 0x2A, 0x1A,
    0x2A, 0x19, 0x2A, 0x19, 0x29, 0xF8, 0x29, 0xD7, 0x29, 0xF9, 0x2A, 0x1A, 0x2A, 0x1A, 0x2A, 0x19,
    0x29, 0xF8, 0x29, 0xF8, 0x29, 0xD7, 0x29, 0xD7, 0x29, 0xD7, 0x29, 0xD7, 0x29, 0xD7, 0x29, 0xF8,
    0x29, 0xF8, 0x29, 0xD6, 0x21, 0xB5, 0x29, 0xD6, 0x29, 0xF8, 0x29, 0xF9, 0x2A, 0x1A, 0x2A, 0x1A,
    0x29, 0xF9, 0x29, 0xF9, 0x2A, 0x1A, 0x2A, 0x1A, 0x29, 0xF9, 0x29, 0xF8, 0x29, 0xF9, 0x29, 0xF9,
    0x29, 0xF9, 0x29, 0xF9, 0x2A, 0x19, 0x29, 0xF9, 0x29, 0xF9, 0x29, 0xF9, 0x29, 0xF9, 0x29, 0xF9,
    0x29, 0xF9, 0x2A, 0x1A, 0x2A, 0x1B, 0x2A, 0x1B, 0x2A, 0x1B, 0x32, 0x3B, 0x32, 0x3B, 0x32, 0x3B,
    0x2A, 0x1A, 0x2A, 0x1A, 0x2A, 0x1A, 0x2A, 0x1A, 0x2A, 0x1A, 0x2A, 0x1A, 0x29, 0xF9, 0x29, 0xF9,
    0x29, 0xF9, 0x2A, 0x1A, 0x2A, 0x1A, 0x2A, 0x1A, 0x21, 0xB5, 0x00, 0x00, 0x53, 0x3A, 0x63, 0xDF,
    0x63, 0xDF, 0x63, 0xBF, 0x63, 0xDF, 0x63, 0xBF, 0x63, 0xBF, 0x63, 0xDF, 0x6B, 0xDF, 0x6B, 0xDF,
    0x6B, 0xFF, 0x6B, 0xFF, 0x6B, 0xFF, 0x6B, 0xFF, 0x6B, 0xFF, 0x6B, 0xDF, 0x6B, 0xFF, 0x63, 0xDF,
    0x63, 0xDF, 0x63, 0xDF, 0x63, 0xDF, 0x63, 0xDF, 0x63, 0xBF, 0x63, 0xDF, 0x63, 0xDF, 0x6B, 0xDF,
    0x63, 0xDF, 0x63, 0xDF, 0x63, 0xDF, 0x63, 0xDF, 0x6B, 0xFF, 0x6B, 0xFF, 0x6B, 0xFF, 0x63, 0xDF,
    0x6B, 0xFF, 0x6B, 0xFF, 0x6B, 0xFF, 0x6B, 0xFF, 0x63, 0xBF, 0x63, 0xBE, 0x63, 0xDF, 0x6B, 0xFF,
    0x6B, 0xFF, 0x63, 0xDF, 0x63, 0xBF, 0x63, 0xBE, 0x63, 0xBE, 0x63, 0x9E, 0x63, 0x9E, 0x63, 0xBE,
    0x63, 0xBE, 0x63, 0xBF, 0x63, 0xBF, 0x63, 0x9E, 0x63, 0x9D, 0x63, 0xBE, 0x63, 0xDF, 0x63, 0xDF,
    0x6B, 0xFF, 0x6B, 0xFF, 0x63, 0xDF, 0x63, 0xDF, 0x6B, 0xFF, 0x6B, 0xDF, 0x63, 0xDF, 0x63, 0xBF,
    0x63, 0xBF, 0x63, 0xDF, 0x63, 0xBF, 0x63, 0xDF, 0x63, 0xDF, 0x63, 0xDF, 0x63, 0xDF, 0x63, 0xDF,
    0x63, 0xDF, 0x63, 0xDF, 0x63, 0xDF, 0x6B, 0xFF, 0x6B, 0xFF, 0x6B, 0xFF, 0x6B, 0xFF, 0x63, 0xDF,
    0x2A, 0x1A, 0x2A, 0x1A, 0x29, 0xF9, 0x29, 0xF9, 0x29, 0xF9, 0x29, 0xF9, 0x2A, 0x1A, 0x2A, 0x1A,
    0x2A, 0x1A, 0x2A, 0x1A, 0x2A, 0x1A, 0x2A, 0x1A, 0x2A, 0x1A, 0x2A, 0x1A, 0x29, 0xF9, 0x29, 0xF9,
    0x2A, 0x1A, 0x2A, 0x1A, 0x2A, 0x19, 0x2A, 0x1A, 0x2A, 0x19, 0x29, 0xF9, 0x2A, 0x19, 0x2A, 0x19,
    0x2A, 0x19, 0x29, 0xF9, 0x29, 0xF9, 0x29, 0xF9, 0x2A, 0x1A, 0x2A, 0x1A, 0x2A, 0x1B, 0x2A, 0x1B,
    0x2A, 0x1A, 0x2A, 0x1A, 0x2A, 0x1B, 0x2A, 0x1B, 0x2A, 0x1A, 0x29, 0xF9, 0x29, 0xD7, 0x29, 0xD7,
    0x29, 0xF9, 0x2A, 0x1A, 0x2A, 0x19, 0x29, 0xF8, 0x29, 0xF8, 0x29, 0xF8, 0x29, 0xD8, 0x29, 0xD8,
    0x29, 0xF8, 0x29, 0xF9, 0x29, 0xF9, 0x29, 0xF9, 0x29, 0xF9, 0x29, 0xD7, 0x29, 0xD7, 0x29, 0xF9,
    0x2A, 0x3B, 0x2A, 0x3B, 0x2A, 0x1B, 0x2A, 0x1A, 0x29, 0xF9, 0x29, 0xF9, 0x2A, 0x1A, 0x2A, 0x19,
    0x29, 0xF8, 0x29, 0xF8, 0x2A, 0x19, 0x2A, 0x1A, 0x2A, 0x19, 0x2A, 0x19, 0x2A, 0x1A, 0x2A, 0x19,
    0x29, 0xF9, 0x29, 0xF9, 0x29, 0xF9, 0x29, 0xF9, 0x2A, 0x1A, 0x2A, 0x1A, 0x2A, 0x1A, 0x2A, 0x1A,
    0x2A, 0x1A, 0x2A, 0x1A, 0x2A, 0x1A, 0x2A, 0x1A, 0x29, 0xF9, 0x29, 0xF9, 0x2A, 0x1A, 0x2A, 0x1A,
    0x2A, 0x1A, 0x2A, 0x1A, 0x2A, 0x1A, 0x29, 0xF9, 0x2A, 0x1A, 0x2A, 0x1A, 0x2A, 0x1A, 0x29, 0xF9,
    0x29, 0xF9, 0x29, 0xF9, 0x2A, 0x1A, 0x2A, 0x1A, 0x2A, 0x1B, 0x2A, 0x1B, 0x2A, 0x1A, 0x2A, 0x1A,
    0x32, 0x3B, 0x2A, 0x1B, 0x2A, 0x1A, 0x29, 0xF9, 0x29, 0xD7, 0x29, 0xD7, 0x29, 0xF9, 0x2A, 0x1A,
    0x29, 0xF9, 0x29, 0xF8, 0x29, 0xD8, 0x29, 0xD8, 0x29, 0xD7, 0x29, 0xD7, 0x29, 0xD8, 0x29, 0xF8,
    0x29, 0xF8, 0x29, 0xF8, 0x29, 0xF8, 0x29, 0xD7, 0x29, 0xD7, 0x29, 0xF9, 0x2A, 0x3B, 0x2A, 0x3B,
    0x2A, 0x1A, 0x2A, 0x1A, 0x29, 0xF9, 0x29, 0xF9, 0x2A, 0x1A, 0x2A, 0x19, 0x29, 0xF8, 0x29, 0xF8,
    0x2A, 0x19, 0x2A, 0x1A, 0x2A, 0x19, 0x2A, 0x19, 0x2A, 0x1A, 0x2A, 0x19, 0x29, 0xF9, 0x29, 0xF9,
    0x29, 0xF9, 0x29, 0xF9, 0x2A, 0x1A, 0x2A, 0x1B, 0x2A, 0x1A, 0x2A, 0x1A, 0x2A, 0x1A, 0x2A, 0x1A,
    0x2A, 0x1A, 0x2A, 0x1A, 0x29, 0xF9, 0x2A, 0x19, 0x2A, 0x1A, 0x2A, 0x1A, 0x2A, 0x1A, 0x2A, 0x1A,
    0x2A, 0x1A, 0x2A, 0x1A, 0x2A, 0x1A, 0x2A, 0x1A, 0x2A, 0x1A, 0x2A, 0x1A, 0x29, 0xF9, 0x29, 0xF9,
    0x2A, 0x1A, 0x2A, 0x1A, 0x2A, 0x1B, 0x2A, 0x1B, 0x2A, 0x1A, 0x2A, 0x1A, 0x2A, 0x1B, 0x2A, 0x1B,
    0x2A, 0x1A, 0x29, 0xF9, 0x29, 0xD7, 0x21, 0xD7, 0x29, 0xF9, 0x2A, 0x1A, 0x29, 0xF9, 0x29, 0xF8,
    0x29, 0xD7, 0x29, 0xD7, 0x29, 0xD7, 0x29, 0xD7, 0x29, 0xD7, 0x29, 0xF8, 0x29, 0xF8, 0x29, 0xF8,
    0x29, 0xF8, 0x29, 0xD7, 0x29, 0xD7, 0x29, 0xF9, 0x2A, 0x3B, 0x2A, 0x3B, 0x2A, 0x1A, 0x2A, 0x1A,
    0x29, 0xF9, 0x29, 0xF9, 0x2A, 0x1A, 0x2A, 0x1A, 0x29, 0xF8, 0x29, 0xF8, 0x2A, 0x1A, 0x2A, 0x1A,
    0x2A, 0x1A, 0x2A, 0x1A, 0x2A, 0x1A, 0x2A, 0x1A, 0x29, 0xF9, 0x29, 0xF9, 0x29, 0xF9, 0x2A, 0x1A,
    0x2A, 0x1A, 0x32, 0x3B, 0x2A, 0x1B, 0x2A, 0x1A, 0x2A, 0x1A, 0x2A, 0x1B, 0x2A, 0x1A, 0x2A, 0x1A,
    0x2A, 0x19, 0x2A, 0x19, 0x2A, 0x1A, 0x2A, 0x1A, 0x2A, 0x1A, 0x2A, 0x1A, 0x2A, 0x1A, 0x29, 0xF9,
    0x2A, 0x1A, 0x2A, 0x1A, 0x2A, 0x1A, 0x29, 0xF9, 0x21, 0xB5, 0x00, 0x00, 0x53, 0x3A, 0x63, 0xDF,
    0x63, 0xDF, 0x63, 0xBF, 0x63, 0xDF, 0x63, 0xDF, 0x63, 0xDF, 0x6B, 0xFF, 0x6B, 0xFF, 0x63, 0xDF,
    0x63, 0xDF, 0x63, 0xDF, 0x63, 0xDF, 0x63, 0xDF, 0x63, 0xDF, 0x63, 0xDF, 0x6B, 0xFF, 0x6B, 0xFF,
    0x63, 0xDF, 0x63, 0xDF, 0x63, 0xDF, 0x63, 0xDF, 0x63, 0xDF, 0x63, 0xDF, 0x63, 0xDF, 0x63, 0xDF,
    0x63, 0xBF, 0x63, 0xBF, 0x63, 0xDF, 0x63, 0xDF, 0x6B, 0xFF, 0x6B, 0xFF, 0x63, 0xDF, 0x63, 0xDF,
    0x6B, 0xFF, 0x6B, 0xFF, 0x6B, 0xDF, 0x63, 0xDF, 0x63, 0xBE, 0x63, 0x9E, 0x63, 0xDF, 0x63, 0xDF,
    0x63, 0xDF, 0x63, 0xBF, 0x63, 0xBE, 0x63, 0xBE, 0x63, 0x9E, 0x63, 0x9E, 0x63, 0xBE, 0x63, 0xBF,
    0x63, 0xBF, 0x63, 0xDF, 0x63, 0xBF, 0x63, 0x9E, 0x63, 0xBF, 0x63, 0xDF, 0x6B, 0xFF, 0x6B, 0xFF,
    0x6B, 0xFF, 0x6B, 0xFF, 0x63, 0xDF, 0x63, 0xDF, 0x6B, 0xFF, 0x63, 0xDF, 0x63, 0xDF, 0x63, 0xBF,
    0x63, 0xDF, 0x63, 0xDF, 0x63, 0xDF, 0x63, 0xDF, 0x63, 0xDF, 0x63, 0xDF, 0x63, 0xDF, 0x63, 0xDF,
    0x63, 0xDF, 0x63, 0xDF, 0x6B, 0xFF, 0x6B, 0xFF, 0x6B, 0xFF, 0x6B, 0xFF, 0x63, 0xDF, 0x63, 0xDF,
    0x2A, 0x1A, 0x2A, 0x19, 0x29, 0xF9, 0x29, 0xF9, 0x2A, 0x1A, 0x2A, 0x1A, 0x2A, 0x1A, 0x2A, 0x1B,
    0x2A, 0x1A, 0x29, 0xF9, 0x2A, 0x1A, 0x2A, 0x1A, 0x29, 0xF9, 0x29, 0xF9, 0x29, 0xF8, 0x29, 0xF9,
    0x2A, 0x1A, 0x2A, 0x1A, 0x2A, 0x1A, 0x2A, 0x1A, 0x29, 0xF9, 0x29, 0xF9, 0x29, 0xF9, 0x29, 0xF9,
    0x29, 0xF8, 0x29, 0xF8, 0x29, 0xF9, 0x29, 0xF9, 0x2A, 0x1A, 0x2A, 0x1A, 0x2A, 0x1A, 0x2A, 0x1A,
    0x29, 0xF9, 0x29, 0xF9, 0x29, 0xF9, 0x29, 0xF8, 0x29, 0xD8, 0x29, 0xF8, 0x29, 0xF9, 0x2A, 0x1A,
    0x32, 0x3B, 0x32, 0x3B, 0x2A, 0x1A, 0x2A, 0x1A, 0x2A, 0x19, 0x2A, 0x1A, 0x2A, 0x1A, 0x2A, 0x1A,
    0x2A, 0x1A, 0x2A, 0x1A, 0x2A, 0x19, 0x29, 0xF9, 0x2A, 0x1A, 0x2A, 0x1A, 0x2A, 0x1A, 0x32, 0x3B,
    0x32, 0x3C, 0x32, 0x3B, 0x2A, 0x1A, 0x29, 0xF9, 0x29, 0xF8, 0x29, 0xF8, 0x29, 0xF9, 0x29, 0xF9,
    0x29, 0xD8, 0x29, 0xF8, 0x29, 0xF9, 0x2A, 0x1A, 0x2A, 0x1A, 0x2A, 0x1A, 0x29, 0xF9, 0x29, 0xF9,
    0x29, 0xF9, 0x29, 0xF9, 0x29, 0xF9, 0x2A, 0x1A, 0x2A, 0x1A, 0x2A, 0x1A, 0x2A, 0x1A, 0x29, 0xF9,
    0x2A, 0x1A, 0x2A, 0x1A, 0x29, 0xF9, 0x29, 0xF9, 0x29, 0xF8, 0x29, 0xF9, 0x2A, 0x1A, 0x2A, 0x1A,
    0x2A, 0x1A, 0x2A, 0x1A, 0x2A, 0x19, 0x29, 0xF9, 0x2A, 0x1A, 0x29, 0xF9, 0x29, 0xF9, 0x29, 0xF9,
    0x29, 0xF9, 0x2A, 0x1A, 0x2A, 0x1A, 0x2A, 0x1A, 0x2A, 0x1A, 0x2A, 0x1A, 0x29, 0xF9, 0x29, 0xF9,
    0x29, 0xF9, 0x29, 0xF8, 0x29, 0xD8, 0x29, 0xF8, 0x29, 0xF9, 0x2A, 0x1A, 0x32, 0x3B, 0x32, 0x3B,
    0x2A, 0x1A, 0x2A, 0x1A, 0x2A, 0x19, 0x2A, 0x1A, 0x2A, 0x1A, 0x2A, 0x1A, 0x2A, 0x1A, 0x2A, 0x1A,
    0x2A, 0x19, 0x29, 0xF9, 0x2A, 0x1A, 0x29, 0xF9, 0x2A, 0x1A, 0x2A, 0x3B, 0x32, 0x3C, 0x2A, 0x3B,
    0x29, 0xF9, 0x29, 0xF8, 0x29, 0xD8, 0x29, 0xF8, 0x29, 0xF9, 0x29, 0xF9, 0x29, 0xD8, 0x29, 0xF8,
    0x29, 0xF9, 0x2A, 0x1A, 0x2A, 0x1A, 0x2A, 0x1A, 0x29, 0xF9, 0x29, 0xF9, 0x29, 0xF9, 0x29, 0xF9,
    0x29, 0xF9, 0x2A, 0x1A, 0x2A, 0x1A, 0x2A, 0x1B, 0x2A, 0x1A, 0x2A, 0x19, 0x2A, 0x1A, 0x2A, 0x1A,
    0x2A, 0x19, 0x29, 0xF9, 0x29, 0xF9, 0x29, 0xF9, 0x2A, 0x1A, 0x2A, 0x1A, 0x2A, 0x1A, 0x2A, 0x1A,
    0x2A, 0x19, 0x29, 0xF9, 0x2A, 0x1A, 0x29, 0xF9, 0x29, 0xF9, 0x29, 0xF9, 0x29, 0xF9, 0x2A, 0x1A,
    0x2A, 0x1A, 0x2A, 0x1A, 0x2A, 0x1A, 0x2A, 0x1A, 0x29, 0xF9, 0x29, 0xF9, 0x29, 0xF9, 0x29, 0xF8,
    0x29, 0xD7, 0x29, 0xF8, 0x29, 0xF9, 0x2A, 0x1A, 0x2A, 0x3B, 0x2A, 0x1B, 0x2A, 0x1A, 0x2A, 0x1A,
    0x29, 0xF9, 0x29, 0xF9, 0x2A, 0x1A, 0x2A, 0x1A, 0x29, 0xF9, 0x2A, 0x1A, 0x29, 0xF9, 0x29, 0xF9,
    0x2A, 0x1A, 0x29, 0xF9, 0x2A, 0x1A, 0x2A, 0x3B, 0x32, 0x3C, 0x2A, 0x3B, 0x29, 0xF9, 0x29, 0xF8,
    0x29, 0xD8, 0x29, 0xF8, 0x29, 0xF9, 0x29, 0xF9, 0x29, 0xD8, 0x29, 0xF8, 0x2A, 0x1A, 0x2A, 0x1A,
    0x2A, 0x1A, 0x2A, 0x1A, 0x2A, 0x1A, 0x2A, 0x19, 0x2A, 0x19, 0x2A, 0x19, 0x2A, 0x1A, 0x2A, 0x1A,
    0x2A, 0x1A, 0x2A, 0x1B, 0x2A, 0x1A, 0x2A, 0x19, 0x2A, 0x1A, 0x2A, 0x1A, 0x2A, 0x19, 0x29, 0xF9,
    0x29, 0xF9, 0x29, 0xF9, 0x2A, 0x1A, 0x2A, 0x1A, 0x2A, 0x1A, 0x2A, 0x1A, 0x2A, 0x19, 0x29, 0xF9,
    0x2A, 0x1A, 0x29, 0xF9, 0x29, 0xF9, 0x29, 0xF9, 0x21, 0xB5, 0x00, 0x00, 0x53, 0x3A, 0x63, 0xDF,
    0x63, 0xDF, 0x63, 0xDF, 0x63, 0xDF, 0x63, 0xDF, 0x63, 0xDF, 0x6B, 0xFF, 0x63, 0xDF, 0x63, 0xDF,
    0x63, 0xDF, 0x63, 0xDF, 0x63, 0xDF, 0x63, 0xDF, 0x63, 0xDF, 0x63, 0xDF, 0x6B, 0xFF, 0x6B, 0xFF,
    0x6B, 0xDF, 0x6B, 0xDF, 0x63, 0xDF, 0x63, 0xDF, 0x63, 0xDF, 0x63, 0xDF, 0x63, 0xBF, 0x63, 0xBF,
    0x63, 0xBF, 0x63, 0xDF, 0x63, 0xDF, 0x63, 0xDF, 0x63, 0xDF, 0x63, 0xDF, 0x63, 0xDF, 0x63, 0xDF,
    0x63, 0xDF, 0x63, 0xBF, 0x63, 0xBF, 0x63, 0xBF, 0x63, 0xDF, 0x63, 0xDF, 0x6B, 0xFF, 0x6B, 0xFF,
    0x63, 0xDF, 0x63, 0xDF, 0x63, 0xDF, 0x63, 0xDF, 0x63, 0xDF, 0x63, 0xDF, 0x63, 0xDF, 0x63, 0xDF,
    0x63, 0xDF, 0x63, 0xDF, 0x63, 0xDF, 0x63, 0xDF, 0x6B, 0xDF, 0x6B, 0xFF, 0x6C, 0x1F, 0x6B, 0xFF,
    0x63, 0xDF, 0x63, 0xDF, 0x63, 0xBF, 0x63, 0xBF, 0x63, 0xDF, 0x63, 0xBF, 0x63, 0xBF, 0x63, 0xBF,
    0x63, 0xDF, 0x63, 0xDF, 0x63, 0xDF, 0x63, 0xDF, 0x63, 0xDF, 0x63, 0xDF, 0x63, 0xDF, 0x63, 0xDF,
    0x63, 0xDF, 0x6B, 0xFF, 0x6B, 0xFF, 0x6B, 0xFF, 0x6B, 0xFF, 0x63, 0xDF, 0x6B, 0xDF, 0x63, 0xDF,
    0x2A, 0x1A, 0x29, 0xF9, 0x2A, 0x1A, 0x2A, 0x1B, 0x2A, 0x1B, 0x2A, 0x1B, 0x2A, 0x1A, 0x2A, 0x1A,
    0x2A, 0x1A, 0x29, 0xF9, 0x2A, 0x1A, 0x2A, 0x1A, 0x2A, 0x19, 0x2A, 0x19, 0x29, 0xF9, 0x2A, 0x1A,
    0x2A, 0x19, 0x29, 0xF9, 0x2A, 0x19, 0x29, 0xF9, 0x29, 0xF9, 0x29, 0xF9, 0x2A, 0x19, 0x2A, 0x19,
    0x2A, 0x19, 0x2A, 0x1A, 0x2A, 0x1A, 0x2A, 0x1A, 0x2A, 0x1A, 0x2A, 0x1A, 0x2A, 0x1A, 0x29, 0xF9,
    0x29, 0xF9, 0x29, 0xF9, 0x29, 0xF8, 0x29, 0xD7, 0x29, 0xD8, 0x29, 0xF9, 0x2A, 0x1A, 0x2A, 0x1B,
    0x32, 0x3B, 0x2A, 0x1B, 0x2A, 0x1A, 0x2A, 0x1A, 0x2A, 0x1A, 0x2A, 0x1A, 0x2A, 0x1B, 0x2A, 0x1B,
    0x2A, 0x1A, 0x2A, 0x1A, 0x2A, 0x1A, 0x29, 0xF9, 0x2A, 0x1B, 0x32, 0x3B, 0x2A, 0x1B, 0x32, 0x3B,
    0x32, 0x3C, 0x2A, 0x1A, 0x29, 0xD7, 0x29, 0xD7, 0x29, 0xF8, 0x29, 0xF9, 0x2A, 0x19, 0x29, 0xF9,
    0x29, 0xF9, 0x29, 0xF9, 0x2A, 0x1A, 0x2A, 0x1B, 0x2A, 0x1A, 0x29, 0xF9, 0x29, 0xF9, 0x29, 0xF9,
    0x2A, 0x1A, 0x2A, 0x1B, 0x2A, 0x1B, 0x2A, 0x1B, 0x2A, 0x1A, 0x2A, 0x1A, 0x2A, 0x1A, 0x29, 0xF9,
    0x2A, 0x1A, 0x2A, 0x1A, 0x2A, 0x19, 0x2A, 0x19, 0x2A, 0x1A, 0x2A, 0x1A, 0x2A, 0x19, 0x2A, 0x19,
    0x2A, 0x19, 0x29, 0xF9, 0x29, 0xF9, 0x29, 0xF9, 0x2A, 0x19, 0x2A, 0x19, 0x2A, 0x19, 0x2A, 0x1A,
    0x2A, 0x1A, 0x2A, 0x1B, 0x2A, 0x1A, 0x2A, 0x1A, 0x2A, 0x1A, 0x29, 0xF9, 0x29, 0xF9, 0x29, 0xF9,
    0x29, 0xF8, 0x29, 0xD7, 0x29, 0xD7, 0x29, 0xF9, 0x2A, 0x1A, 0x2A, 0x1B, 0x32, 0x3B, 0x2A, 0x1B,
    0x2A, 0x1A, 0x2A, 0x1A, 0x2A, 0x1A, 0x2A, 0x1A, 0x2A, 0x1B, 0x2A, 0x1B, 0x2A, 0x1A, 0x2A, 0x1A,
    0x2A, 0x19, 0x29, 0xF9, 0x2A, 0x1B, 0x32, 0x3B, 0x2A, 0x1B, 0x32, 0x3B, 0x32, 0x3B, 0x2A, 0x1A,
    0x29, 0xD7, 0x29, 0xD7, 0x29, 0xF8, 0x29, 0xF9, 0x2A, 0x19, 0x29, 0xF9, 0x29, 0xF9, 0x29, 0xF9,
    0x2A, 0x1A, 0x2A, 0x1B, 0x2A, 0x1A, 0x29, 0xF9, 0x29, 0xF9, 0x29, 0xF9, 0x2A, 0x1A, 0x2A, 0x1B,
    0x2A, 0x1B, 0x2A, 0x1B, 0x2A, 0x1B, 0x2A, 0x1A, 0x2A, 0x1A, 0x29, 0xF9, 0x2A, 0x1A, 0x2A, 0x1A,
    0x2A, 0x19, 0x2A, 0x19, 0x2A, 0x1A, 0x2A, 0x1A, 0x2A, 0x19, 0x2A, 0x19, 0x2A, 0x19, 0x29, 0xF9,
    0x29, 0xF9, 0x29, 0xF9, 0x2A, 0x19, 0x2A, 0x1A, 0x2A, 0x19, 0x2A, 0x1A, 0x2A, 0x1A, 0x2A, 0x1B,
    0x2A, 0x1A, 0x2A, 0x1A, 0x2A, 0x1A, 0x29, 0xF9, 0x29, 0xF9, 0x29, 0xF9, 0x29, 0xF8, 0x29, 0xD7,
    0x29, 0xD8, 0x29, 0xF9, 0x2A, 0x1A, 0x2A, 0x1B, 0x32, 0x3B, 0x2A, 0x1A, 0x2A, 0x1A, 0x2A, 0x1A,
    0x2A, 0x1A, 0x2A, 0x1A, 0x2A, 0x1A, 0x2A, 0x1B, 0x2A, 0x1A, 0x2A, 0x1A, 0x2A, 0x19, 0x29, 0xF9,
    0x2A, 0x1A, 0x2A, 0x1B, 0x2A, 0x1B, 0x32, 0x3B, 0x32, 0x3B, 0x2A, 0x1A, 0x29, 0xD7, 0x29, 0xD7,
    0x29, 0xF8, 0x29, 0xF9, 0x2A, 0x19, 0x29, 0xF9, 0x29, 0xF9, 0x29, 0xF9, 0x2A, 0x1A, 0x2A, 0x1B,
    0x2A, 0x1B, 0x29, 0xF9, 0x29, 0xF9, 0x29, 0xF9, 0x2A, 0x1A, 0x2A, 0x1B, 0x2A, 0x1B, 0x2A, 0x1B,
    0x2A, 0x1B, 0x2A, 0x1B, 0x2A, 0x1A, 0x29, 0xF9, 0x2A, 0x1A, 0x2A, 0x1A, 0x2A, 0x1A, 0x2A, 0x19,
    0x2A, 0x1A, 0x2A, 0x1A, 0x2A, 0x19, 0x2A, 0x19, 0x2A, 0x19, 0x29, 0xF9, 0x29, 0xF9, 0x29, 0xF9,
    0x2A, 0x19, 0x2A, 0x19, 0x2A, 0x19, 0x2A, 0x1A, 0x21, 0xB5, 0x00, 0x00, 0x53, 0x3A, 0x63, 0xDF,
    0x63, 0xDF, 0x6B, 0xFF, 0x6B, 0xFF, 0x6B, 0xFF, 0x6B, 0xFF, 0x6B, 0xFF, 0x63, 0xDF, 0x63, 0xDF,
    0x63, 0xDF, 0x6B, 0xFF, 0x63, 0xDF, 0x63, 0xDF, 0x63, 0xDF, 0x63, 0xDF, 0x63, 0xDF, 0x63, 0xDF,
    0x63, 0xDF, 0x63, 0xDF, 0x63, 0xDF, 0x63, 0xDF, 0x63, 0xDF, 0x63, 0xDF, 0x63, 0xDF, 0x63, 0xDF,
    0x63, 0xDF, 0x63, 0xDF, 0x63, 0xDF, 0x63, 0xDF, 0x6B, 0xFF, 0x63, 0xDF, 0x63, 0xDF, 0x63, 0xDF,
    0x63, 0xBF, 0x63, 0x9E, 0x63, 0xBF, 0x63, 0xDF, 0x6B, 0xFF, 0x6B, 0xFF, 0x6B, 0xFF, 0x6B, 0xFF,
    0x63, 0xDF, 0x63, 0xDF, 0x63, 0xDF, 0x63, 0xDF, 0x6B, 0xFF, 0x6B, 0xFF, 0x63, 0xDF, 0x63, 0xDF,
    0x63, 0xDF, 0x63, 0xDF, 0x6B, 0xFF, 0x6B, 0xFF, 0x6B, 0xFF, 0x6B, 0xFF, 0x6B, 0xFF, 0x6B, 0xDF,
    0x63, 0xBF, 0x63, 0xBE, 0x63, 0xBF, 0x63, 0xDF, 0x63, 0xDF, 0x63, 0xDF, 0x63, 0xBF, 0x63, 0xDF,
    0x63, 0xDF, 0x6B, 0xFF, 0x63, 0xDF, 0x63, 0xDF, 0x63, 0xBF, 0x63, 0xDF, 0x6B, 0xDF, 0x6B, 0xFF,
    0x6B, 0xFF, 0x6B, 0xFF, 0x6B, 0xFF, 0x6B, 0xFF, 0x6B, 0xDF, 0x63, 0xDF, 0x63, 0xDF, 0x6B, 0xDF,
    0x2A, 0x1A, 0x2A, 0x1A, 0x2A, 0x1A, 0x2A, 0x1A, 0x2A, 0x1A, 0x2A, 0x1A, 0x2A, 0x1A, 0x2A, 0x1A,
    0x2A, 0x1A, 0x2A, 0x1A, 0x2A, 0x1A, 0x2A, 0x1A, 0x2A, 0x1A, 0x2A, 0x1A, 0x2A, 0x1A, 0x2A, 0x1A,
    0x2A, 0x1A, 0x2A, 0x1A, 0x2A, 0x1A, 0x2A, 0x1A, 0x2A, 0x1A, 0x2A, 0x1A, 0x2A, 0x1A, 0x2A, 0x1A,
    0x2A, 0x1A, 0x2A, 0x1A, 0x2A, 0x1A, 0x2A, 0x1A, 0x2A, 0x1A, 0x2A, 0x1A, 0x2A, 0x1A, 0x2A, 0x1A,
    0x2A, 0x1A, 0x2A, 0x1A, 0x2A, 0x1A, 0x2A, 0x1A, 0x2A, 0x1A, 0x2A, 0x1A, 0x2A, 0x1A, 0x2A, 0x1A,
    0x2A, 0x1A, 0x2A, 0x1A, 0x2A, 0x1A, 0x2A, 0x1A, 0x2A, 0x1A, 0x2A, 0x1A, 0x2A, 0x1A, 0x2A, 0x1A,
    0x2A, 0x1A, 0x2A, 0x1A, 0x2A, 0x1A, 0x2A, 0x1A, 0x2A, 0x1A, 0x2A, 0x1A, 0x2A, 0x1A, 0x2A, 0x1A,
    0x2A, 0x1A, 0x2A, 0x1A, 0x2A, 0x1A, 0x2A, 0x1A, 0x2A, 0x1A, 0x2A, 0x1A, 0x2A, 0x1A, 0x2A, 0x1A,
    0x2A, 0x1A, 0x2A, 0x1A, 0x2A, 0x1A, 0x2A, 0x1A, 0x2A, 0x1A, 0x2A, 0x1A, 0x2A, 0x1A, 0x2A, 0x1A,
    0x2A, 0x1A, 0x2A, 0x1A, 0x2A, 0x1A, 0x2A, 0x1A, 0x2A, 0x1A, 0x2A, 0x1A, 0x2A, 0x1A, 0x2A, 0x1A,
    0x2A, 0x1A, 0x2A, 0x1A, 0x2A, 0x1A, 0x2A, 0x1A, 0x2A, 0x1A, 0x2A, 0x1A, 0x2A, 0x1A, 0x2A, 0x1A,
    0x2A, 0x1A, 0x2A, 0x1A, 0x2A, 0x1A, 0x2A, 0x1A, 0x2A, 0x1A, 0x2A, 0x1A, 0x2A, 0x1A, 0x2A, 0x1A,
    0x2A, 0x1A, 0x2A, 0x1A, 0x2A, 0x1A, 0x2A, 0x1A, 0x2A, 0x1A, 0x2A, 0x1A, 0x2A, 0x1A, 0x2A, 0x1A,
    0x2A, 0x1A, 0x2A, 0x1A, 0x2A, 0x1A, 0x2A, 0x1A, 0x2A, 0x1A, 0x2A, 0x1A, 0x2A, 0x1A, 0x2A, 0x1A,
    0x2A, 0x1A, 0x2A, 0x1A, 0x2A, 0x1A, 0x2A, 0x1A, 0x2A, 0x1A, 0x2A, 0x1A, 0x2A, 0x1A, 0x2A, 0x1A,
    0x2A, 0x1A, 0x2A, 0x1A, 0x2A, 0x1A, 0x2A, 0x1A, 0x2A, 0x1A, 0x2A, 0x1A, 0x2A, 0x1A, 0x2A, 0x1A,
    0x2A, 0x1A, 0x2A, 0x1A, 0x2A, 0x1A, 0x2A, 0x1A, 0x2A, 0x1A, 0x2A, 0x1A, 0x2A, 0x1A, 0x2A, 0x1A,
    0x2A, 0x1A, 0x2A, 0x1A, 0x2A, 0x1A, 0x2A, 0x1A, 0x2A, 0x1A, 0x2A, 0x1A, 0x2A, 0x1A, 0x2A, 0x1A,
    0x2A, 0x1A, 0x2A, 0x1A, 0x2A, 0x1A, 0x2A, 0x1A, 0x2A, 0x1A, 0x2A, 0x1A, 0x2A, 0x1A, 0x2A, 0x1A,
    0x2A, 0x1A, 0x2A, 0x1A, 0x2A, 0x1A, 0x2A, 0x1A, 0x2A, 0x1A, 0x2A, 0x1A, 0x2A, 0x1A, 0x2A, 0x1A,
    0x2A, 0x1A, 0x2A, 0x1A, 0x2A, 0x1A, 0x2A, 0x1A, 0x2A, 0x1A, 0x2A, 0x1A, 0x2A, 0x1A, 0x2A, 0x1A,
    0x2A, 0x1A, 0x2A, 0x1A, 0x2A, 0x1A, 0x2A, 0x1A, 0x2A, 0x1A, 0x2A, 0x1A, 0x2A, 0x1A, 0x2A, 0x1A,
    0x2A, 0x1A, 0x2A, 0x1A, 0x2A, 0x1A, 0x2A, 0x1A, 0x2A, 0x1A, 0x2A, 0x1A, 0x2A, 0x1A, 0x2A, 0x1A,
    0x2A, 0x1A, 0x2A, 0x1A, 0x2A, 0x1A, 0x2A, 0x1A, 0x2A, 0x1A, 0x2A, 0x1A, 0x2A, 0x1A, 0x2A, 0x1A,
    0x2A, 0x1A, 0x2A, 0x1A, 0x2A, 0x1A, 0x2A, 0x1A, 0x2A, 0x1A, 0x2A, 0x1A, 0x2A, 0x1A, 0x2A, 0x1A,
    0x2A, 0x1A, 0x2A, 0x1A, 0x2A, 0x1A, 0x2A, 0x1A, 0x2A, 0x1A, 0x2A, 0x1A, 0x2A, 0x1A, 0x2A, 0x1A,
    0x2A, 0x1A, 0x2A, 0x1A, 0x2A, 0x1A, 0x2A, 0x1A, 0x2A, 0x1A, 0x2A, 0x1A, 0x2A, 0x1A, 0x2A, 0x1A,
    0x2A, 0x1A, 0x2A, 0x1A, 0x2A, 0x1A, 0x2A, 0x1A, 0x2A, 0x1A, 0x2A, 0x1A, 0x2A, 0x1A, 0x2A, 0x1A,
    0x2A, 0x1A, 0x2A, 0x1A, 0x2A, 0x1A, 0x2A, 0x1A, 0x2A, 0x1A, 0x2A, 0x1A, 0x2A, 0x1A, 0x2A, 0x1A,
    0x2A, 0x1A, 0x2A, 0x1A, 0x2A, 0x1A, 0x2A, 0x1A, 0x21, 0xB5, 0x00, 0x00, 0x53, 0x3A, 0x6B, 0xDF,
    0x63, 0xDF, 0x63, 0xDF, 0x63, 0xDF, 0x63, 0xDF, 0x63, 0xDF, 0x63, 0xDF, 0x63, 0xDF, 0x6B, 0xDF,
    0x6B, 0xDF, 0x6B, 0xDF, 0x6B, 0xDF, 0x6B, 0xDF, 0x6B, 0xFF, 0x6B, 0xFF, 0x6B, 0xFF, 0x6B, 0xFF,
    0x6B, 0xDF, 0x6B, 0xDF, 0x6B, 0xDF, 0x6B, 0xDF, 0x6B, 0xDF, 0x63, 0xDF, 0x63, 0xDF, 0x63, 0xDF,
    0x63, 0xDF, 0x63, 0xDF, 0x63, 0xDF, 0x6B, 0xDF, 0x6B, 0xDF, 0x6B, 0xDF, 0x6B, 0xDF, 0x6B, 0xDF,
    0x6B, 0xDF, 0x6B, 0xFF, 0x6B, 0xFF, 0x6B, 0xFF, 0x6B, 0xDF, 0x6B, 0xDF, 0x6B, 0xDF, 0x6B, 0xDF,
    0x6B, 0xDF, 0x63, 0xDF, 0x63, 0xDF, 0x63, 0xDF, 0x63, 0xDF, 0x63, 0xDF, 0x63, 0xDF, 0x63, 0xDF,
    0x6B, 0xDF, 0x6B, 0xDF, 0x6B, 0xDF, 0x6B, 0xDF, 0x6B, 0xDF, 0x6B, 0xFF, 0x6B, 0xFF, 0x6B, 0xFF,
    0x6B, 0xFF, 0x6B, 0xDF, 0x6B, 0xDF, 0x6B, 0xDF, 0x6B, 0xDF, 0x6B, 0xDF, 0x63, 0xDF, 0x63, 0xDF,
    0x63, 0xDF, 0x63, 0xDF, 0x63, 0xDF, 0x63, 0xDF, 0x6B, 0xDF, 0x6B, 0xDF, 0x6B, 0xDF, 0x6B, 0xDF,
    0x6B, 0xDF, 0x6B, 0xDF, 0x6B, 0xFF, 0x6B, 0xFF, 0x6B, 0xFF, 0x6B, 0xDF, 0x6B, 0xDF, 0x6B, 0xDF
};
