// Generated from: credits.png
// Format: RGB565_BE
// Original size: 320x240 = 153600 bytes

const uint16_t credits_width = 320;
const uint16_t credits_height = 240;

const uint8_t credits_data[] PROGMEM = {
    0xFF, 0xFF, 0x08, 0x2A, 0xFF, 0xFF, 0x08, 0x2A, 0xFF, 0xFF, 0x00, 0x2B, 0xFF, 0xFF, 0x08, 0x2A,
    0xFF, 0xFF, 0x08, 0x2A, 0xFF, 0xFF, 0x00, 0x0C, 0xFF, 0xFF, 0x00, 0x0D, 0xFF, 0xFF, 0x08, 0x2A,
    0xFF, 0xFF, 0x00, 0x2A, 0xFF, 0xFF, 0x08, 0x2A, 0xFF, 0xFF, 0x08, 0x2A, 0xFF, 0xFF, 0x08, 0x2A,
    0xFF, 0xFF, 0x08, 0x2A, 0xFF, 0xFF, 0x00, 0x0C, 0xFF, 0xFF, 0x00, 0x0B, 0xFF, 0xFF, 0x00, 0x0B,
    0xFF, 0xFF, 0x08, 0x2A, 0xFF, 0xFF, 0x00, 0x0D, 0xFF, 0xFF, 0x00, 0x0E, 0xFF, 0xFF, 0x00, 0x0E,
    0xFF, 0xFF, 0x08, 0x2A, 0xFF, 0xFF, 0x08, 0x2A, 0xFF, 0xFF, 0x00, 0x0C, 0xFF, 0xFF, 0x08, 0x2A,
    0xFF, 0xFF, 0x08, 0x2A, 0xFF, 0xFF, 0x08, 0x2A, 0xFF, 0xFF, 0x00, 0x2B, 0xFF, 0xFF, 0x00, 0x0C,
    0xFF, 0xFF, 0x00, 0x2B, 0xFF, 0xFF, 0x08, 0x2A, 0xFF, 0xFF, 0x00, 0x2B, 0xFF, 0xFF, 0x00, 0x2B,
    0xFF, 0xFF, 0x00, 0x0C, 0xFF, 0xFF, 0x00, 0x2A, 0xFF, 0xFF, 0x00, 0x2B, 0xFF, 0xFF, 0x08, 0x2A,
    0xFF, 0xFF, 0x08, 0x2A, 0xFF, 0xFF, 0x00, 0x2B, 0xFF, 0xFF, 0x08, 0x2A, 0xFF, 0xFF, 0x08, 0x2A,
    0xFF, 0xFF, 0x00, 0x0C, 0xFF, 0xFF, 0x00, 0x0D, 0xFF, 0xFF, 0x08, 0x2A, 0xFF, 0xFF, 0x00, 0x2A,
    0xFF, 0xFF, 0x08, 0x2A, 0xFF, 0xFF, 0x08, 0x2A, 0xFF, 0xFF, 0x08, 0x2A, 0xFF, 0xFF, 0x08, 0x2A,
    0xFF, 0xFF, 0x00, 0x0C, 0xFF, 0xFF, 0x00, 0x0B, 0xFF, 0xFF, 0x00, 0x0B, 0xFF, 0xFF, 0x08, 0x2A,
    0xFF, 0xFF, 0x00, 0x0D, 0xFF, 0xFF, 0x00, 0x0E, 0xFF, 0xFF, 0x00, 0x0E, 0xFF, 0xFF, 0x08, 0x2A,
    0xFF, 0xFF, 0x08, 0x2A, 0xFF, 0xFF, 0x00, 0x0C, 0xFF, 0xFF, 0x08, 0x2A, 0xFF, 0xFF, 0x08, 0x2A,
    0xFF, 0xFF, 0x08, 0x2A, 0xFF, 0xFF, 0x00, 0x2B, 0xFF, 0xFF, 0x00, 0x0C, 0xFF, 0xFF, 0x00, 0x2B,
    0xFF, 0xFF, 0x08, 0x2A, 0xFF, 0xFF, 0x00, 0x2B, 0xFF, 0xFF, 0x00, 0x2B, 0xFF, 0xFF, 0x00, 0x0C,
    0xFF, 0xFF, 0x00, 0x2A, 0xFF, 0xFF, 0x00, 0x2B, 0xFF, 0xFF, 0x08, 0x2A, 0xFF, 0xFF, 0x08, 0x2A,
    0xFF, 0xFF, 0x00, 0x2B, 0xFF, 0xFF, 0x08, 0x2A, 0xFF, 0xFF, 0x08, 0x2A, 0xFF, 0xFF, 0x00, 0x0C,
    0xFF, 0xFF, 0x00, 0x0D, 0xFF, 0xFF, 0x08, 0x2A, 0xFF, 0xFF, 0x00, 0x2A, 0xFF, 0xFF, 0x08, 0x2A,
    0xFF, 0xFF, 0x08, 0x2A, 0xFF, 0xFF, 0x08, 0x2A, 0xFF, 0xFF, 0x08, 0x2A, 0xFF, 0xFF, 0x00, 0x0C,
    0xFF, 0xFF, 0x00, 0x0B, 0xFF, 0xFF, 0x00, 0x0B, 0xFF, 0xFF, 0x08, 0x2A, 0xFF, 0xFF, 0x00, 0x0D,
    0xFF, 0xFF, 0x00, 0x0E, 0xFF, 0xFF, 0x00, 0x0E, 0xFF, 0xFF, 0x08, 0x2A, 0xFF, 0xFF, 0x08, 0x2A,
    0xFF, 0xFF, 0x00, 0x0C, 0xFF, 0xFF, 0x08, 0x2A, 0xFF, 0xFF, 0x08, 0x2A, 0xFF, 0xFF, 0x08, 0x2A,
    0xFF, 0xFF, 0x00, 0x2B, 0xFF, 0xFF, 0x00, 0x0C, 0xFF, 0xFF, 0x00, 0x2B, 0xFF, 0xFF, 0x08, 0x2A,
    0xFF, 0xFF, 0x00, 0x2B, 0xFF, 0xFF, 0x00, 0x2B, 0xFF, 0xFF, 0x00, 0x0C, 0xFF, 0xFF, 0x00, 0x2A,
    0xFF, 0xFF, 0x00, 0x2B, 0xFF, 0xFF, 0x08, 0x2A, 0xFF, 0xFF, 0x08, 0x2A, 0xFF, 0xFF, 0x00, 0x2B,
    0xFF, 0xFF, 0x08, 0x2A, 0xFF, 0xFF, 0x08, 0x2A, 0xFF, 0xFF, 0x00, 0x0C, 0xFF, 0xFF, 0x00, 0x0D,
    0xFF, 0xFF, 0x08, 0x2A, 0xFF, 0xFF, 0x00, 0x2A, 0xFF, 0xFF, 0x08, 0x2A, 0xFF, 0xFF, 0x08, 0x2A,
    0xFF, 0xFF, 0x08, 0x2A, 0xFF, 0xFF, 0x08, 0x2A, 0xFF, 0xFF, 0x00, 0x0C, 0xFF, 0xFF, 0x00, 0x0B,
    0xFF, 0xFF, 0x00, 0x0B, 0xFF, 0xFF, 0x08, 0x2A, 0xFF, 0xFF, 0x00, 0x0D, 0xFF, 0xFF, 0x00, 0x0E,
    0xFF, 0xFF, 0x00, 0x0E, 0xFF, 0xFF, 0x08, 0x2A, 0xFF, 0xFF, 0x08, 0x2A, 0xFF, 0xFF, 0x00, 0x0C,
    0xFF, 0xFF, 0x08, 0x2A, 0xFF, 0xFF, 0x08, 0x2A, 0xFF, 0xFF, 0x08, 0x2A, 0xFF, 0xFF, 0x00, 0x2B,
    0xFF, 0xFF, 0x00, 0x0C, 0xFF, 0xFF, 0x00, 0x2B, 0xFF, 0xFF, 0x08, 0x2A, 0xFF, 0xFF, 0x00, 0x2B,
    0xFF, 0xFF, 0x00, 0x2B, 0xFF, 0xFF, 0x00, 0x0C, 0xFF, 0xFF, 0x00, 0x2A, 0xFF, 0xFF, 0x00, 0x2B,
    0xFF, 0xFF, 0x08, 0x2A, 0xFF, 0xFF, 0x08, 0x2A, 0xFF, 0xFF, 0x00, 0x2B, 0xFF, 0xFF, 0x08, 0x2A,
    0xFF, 0xFF, 0x08, 0x2A, 0xFF, 0xFF, 0x00, 0x0C, 0xFF, 0xFF, 0x00, 0x0D, 0xFF, 0xFF, 0x08, 0x2A,
    0xFF, 0xFF, 0x00, 0x2A, 0xFF, 0xFF, 0x08, 0x2A, 0xFF, 0xFF, 0x08, 0x2A, 0xFF, 0xFF, 0x08, 0x2A,
    0xFF, 0xFF, 0x08, 0x2A, 0xFF, 0xFF, 0x00, 0x0C, 0xFF, 0xFF, 0x00, 0x0B, 0xFF, 0xFF, 0x00, 0x0B,
    0xFF, 0xFF, 0x08, 0x2A, 0xFF, 0xFF, 0x00, 0x0D, 0xFF, 0xFF, 0x00, 0x0E, 0xC6, 0x3F, 0x00, 0x0E,
    0x00, 0x0C, 0xFF, 0xDF, 0x08, 0x2A, 0xCE, 0x7F, 0x00, 0x0C, 0xC6, 0x1F, 0x00, 0x0C, 0xBD, 0xFF,
    0x00, 0x2B, 0xBD, 0xFF, 0x08, 0x2A, 0xBD, 0xFF, 0x00, 0x0D, 0xBD, 0xFF, 0x00, 0x2B, 0xBD, 0xFF,
    0x08, 0x2A, 0xBD, 0xFF, 0x00, 0x0D, 0xBD, 0xFF, 0x00, 0x2B, 0xBD, 0xFF, 0x08, 0x2A, 0xBD, 0xFF,
    0x08, 0x2A, 0xBD, 0xFF, 0x08, 0x2A, 0xBD, 0xFF, 0x00, 0x2B, 0xBD, 0xFF, 0x00, 0x0B, 0xBD, 0xFF,
    0x08, 0x2A, 0xBD, 0xFF, 0x08, 0x2A, 0xBD, 0xFF, 0x00, 0x2B, 0xBD, 0xFF, 0x00, 0x0D, 0xBD, 0xFF,
    0x00, 0x0E, 0xBD, 0xFF, 0x08, 0x2A, 0xBD, 0xFF, 0x00, 0x2B, 0xBD, 0xFF, 0x00, 0x0D, 0xBD, 0xFF,
    0x08, 0x2A, 0xBD, 0xFF, 0x08, 0x2A, 0xBD, 0xFF, 0x08, 0x2A, 0xBD, 0xFF, 0x08, 0x2A, 0xBD, 0xFF,
    0x08, 0x2A, 0xBD, 0xFF, 0x08, 0x2A, 0xBD, 0xFF, 0x08, 0x2A, 0xBD, 0xFF, 0x08, 0x2A, 0xBD, 0xFF,
    0x00, 0x0C, 0xBD, 0xFF, 0x00, 0x2B, 0xBD, 0xFF, 0x00, 0x0C, 0xBD, 0xFF, 0x00, 0x0C, 0xBD, 0xFF,
    0x08, 0x2A, 0xBD, 0xFF, 0x00, 0x0C, 0xBD, 0xFF, 0x00, 0x0C, 0xBD, 0xFF, 0x00, 0x2B, 0xBD, 0xFF,
    0x08, 0x2A, 0xBD, 0xFF, 0x00, 0x0D, 0xBD, 0xFF, 0x00, 0x2B, 0xBD, 0xFF, 0x08, 0x2A, 0xBD, 0xFF,
    0x00, 0x0D, 0xBD, 0xFF, 0x00, 0x2B, 0xBD, 0xFF, 0x08, 0x2A, 0xBD, 0xFF, 0x08, 0x2A, 0xBD, 0xFF,
    0x08, 0x2A, 0xBD, 0xFF, 0x00, 0x2B, 0xBD, 0xFF, 0x00, 0x0B, 0xBD, 0xFF, 0x08, 0x2A, 0xBD, 0xFF,
    0x08, 0x2A, 0xBD, 0xFF, 0x00, 0x2B, 0xBD, 0xFF, 0x00, 0x0D, 0xBD, 0xFF, 0x00, 0x0E, 0xBD, 0xFF,
    0x08, 0x2A, 0xBD, 0xFF, 0x00, 0x2B, 0xBD, 0xFF, 0x00, 0x0D, 0xBD, 0xFF, 0x08, 0x2A, 0xBD, 0xFF,
    0x08, 0x2A, 0xBD, 0xFF, 0x08, 0x2A, 0xBD, 0xFF, 0x08, 0x2A, 0xBD, 0xFF, 0x08, 0x2A, 0xBD, 0xFF,
    0x08, 0x2A, 0xBD, 0xFF, 0x08, 0x2A, 0xBD, 0xFF, 0x08, 0x2A, 0xBD, 0xFF, 0x00, 0x0C, 0xBD, 0xFF,
    0x00, 0x2B, 0xBD, 0xFF, 0x00, 0x0C, 0xBD, 0xFF, 0x00, 0x0C, 0xBD, 0xFF, 0x08, 0x2A, 0xBD, 0xFF,
    0x00, 0x0C, 0xBD, 0xFF, 0x00, 0x0C, 0xBD, 0xFF, 0x00, 0x2B, 0xBD, 0xFF, 0x08, 0x2A, 0xBD, 0xFF,
    0x00, 0x0D, 0xBD, 0xFF, 0x00, 0x2B, 0xBD, 0xFF, 0x08, 0x2A, 0xBD, 0xFF, 0x00, 0x0D, 0xBD, 0xFF,
    0x00, 0x2B, 0xBD, 0xFF, 0x08, 0x2A, 0xBD, 0xFF, 0x08, 0x2A, 0xBD, 0xFF, 0x08, 0x2A, 0xBD, 0xFF,
    0x00, 0x2B, 0xBD, 0xFF, 0x00, 0x0B, 0xBD, 0xFF, 0x08, 0x2A, 0xBD, 0xFF, 0x08, 0x2A, 0xBD, 0xFF,
    0x00, 0x2B, 0xBD, 0xFF, 0x00, 0x0D, 0xBD, 0xFF, 0x00, 0x0E, 0xBD, 0xFF, 0x08, 0x2A, 0xBD, 0xFF,
    0x00, 0x2B, 0xBD, 0xFF, 0x00, 0x0D, 0xBD, 0xFF, 0x08, 0x2A, 0xBD, 0xFF, 0x08, 0x2A, 0xBD, 0xFF,
    0x08, 0x2A, 0xBD, 0xFF, 0x08, 0x2A, 0xBD, 0xFF, 0x08, 0x2A, 0xBD, 0xFF, 0x08, 0x2A, 0xBD, 0xFF,
    0x08, 0x2A, 0xBD, 0xFF, 0x08, 0x2A, 0xBD, 0xFF, 0x00, 0x0C, 0xBD, 0xFF, 0x00, 0x2B, 0xBD, 0xFF,
    0x00, 0x0C, 0xBD, 0xFF, 0x00, 0x0C, 0xBD, 0xFF, 0x08, 0x2A, 0xBD, 0xFF, 0x00, 0x0C, 0xBD, 0xFF,
    0x00, 0x0C, 0xBD, 0xFF, 0x00, 0x2B, 0xBD, 0xFF, 0x08, 0x2A, 0xBD, 0xFF, 0x00, 0x0D, 0xBD, 0xFF,
    0x00, 0x2B, 0xBD, 0xFF, 0x08, 0x2A, 0xBD, 0xFF, 0x00, 0x0D, 0xBD, 0xFF, 0x00, 0x2B, 0xBD, 0xFF,
    0x08, 0x2A, 0xBD, 0xFF, 0x08, 0x2A, 0xBD, 0xFF, 0x08, 0x2A, 0xBD, 0xFF, 0x00, 0x2B, 0xBD, 0xFF,
    0x00, 0x0B, 0xBD, 0xFF, 0x08, 0x2A, 0xBD, 0xFF, 0x08, 0x2A, 0xBD, 0xFF, 0x00, 0x2B, 0xBD, 0xFF,
    0x00, 0x0D, 0xBD, 0xFF, 0x00, 0x0E, 0xBD, 0xFF, 0x08, 0x2A, 0xBD, 0xFF, 0x00, 0x2B, 0xBD, 0xFF,
    0x00, 0x0D, 0xBD, 0xFF, 0x08, 0x2A, 0xBD, 0xFF, 0x08, 0x2A, 0xBD, 0xFF, 0x08, 0x2A, 0xBD, 0xFF,
    0x08, 0x2A, 0xBD, 0xFF, 0x08, 0x2A, 0xBD, 0xFF, 0x08, 0x2A, 0xBD, 0xFF, 0x08, 0x2A, 0xBD, 0xFF,
    0x08, 0x2A, 0xBD, 0xFF, 0x00, 0x0C, 0xBD, 0xFF, 0x00, 0x2B, 0xBD, 0xFF, 0x00, 0x0C, 0xBD, 0xFF,
    0x00, 0x0C, 0xBD, 0xFF, 0x08, 0x2A, 0xBD, 0xFF, 0x00, 0x0C, 0xBD, 0xFF, 0x00, 0x0C, 0xBD, 0xFF,
    0x00, 0x2B, 0xBD, 0xFF, 0x08, 0x2A, 0xBD, 0xFF, 0x00, 0x0D, 0xBD, 0xFF, 0x00, 0x2B, 0xBD, 0xFF,
    0x08, 0x2A, 0xBD, 0xFF, 0x00, 0x0D, 0xBD, 0xFF, 0x00, 0x2B, 0xBD, 0xFF, 0x08, 0x2A, 0xBD, 0xFF,
    0x08, 0x2A, 0xBD, 0xFF, 0x08, 0x2A, 0xBD, 0xFF, 0x00, 0x2B, 0xBD, 0xFF, 0x00, 0x0B, 0xBD, 0xFF,
    0x08, 0x2A, 0xBD, 0xFF, 0x08, 0x2A, 0xBD, 0xDF, 0x00, 0x2B, 0x7B, 0xFF, 0x00, 0x0D, 0x00, 0x00,
    0xFF, 0xFF, 0x00, 0x0B, 0xFF, 0xDF, 0x00, 0x2B, 0xDE, 0xFF, 0x00, 0x0D, 0xB5, 0x7F, 0x00, 0x0D,
    0xB5, 0x7F, 0x00, 0x2B, 0xB5, 0x7F, 0x00, 0x0C, 0xB5, 0x7F, 0x00, 0x0C, 0xB5, 0x7F, 0x08, 0x2A,
    0xB5, 0x7F, 0x00, 0x0D, 0xB5, 0x7F, 0x00, 0x0E, 0xB5, 0x7F, 0x00, 0x0C, 0xB5, 0x7F, 0x08, 0x2A,
    0xB5, 0x7F, 0x08, 0x2A, 0xB5, 0x7F, 0x08, 0x2A, 0xB5, 0x7F, 0x00, 0x2B, 0xB5, 0x7F, 0x00, 0x0C,
    0xB5, 0x7F, 0x08, 0x2A, 0xB5, 0x7F, 0x08, 0x2A, 0xB5, 0x7F, 0x08, 0x2A, 0xB5, 0x7F, 0x00, 0x0E,
    0xB5, 0x7F, 0x00, 0x0D, 0xB5, 0x7F, 0x08, 0x2A, 0xB5, 0x7F, 0x00, 0x0D, 0xB5, 0x7F, 0x00, 0x0E,
    0xB5, 0x7F, 0x08, 0x2A, 0xB5, 0x7F, 0x00, 0x2B, 0xB5, 0x7F, 0x00, 0x0C, 0xB5, 0x7F, 0x08, 0x2A,
    0xB5, 0x7F, 0x08, 0x2A, 0xB5, 0x7F, 0x08, 0x2A, 0xB5, 0x7F, 0x08, 0x2A, 0xB5, 0x7F, 0x08, 0x2A,
    0xB5, 0x7F, 0x00, 0x0B, 0xB5, 0x7F, 0x00, 0x2B, 0xB5, 0x7F, 0x00, 0x0D, 0xB5, 0x7F, 0x00, 0x0B,
    0xB5, 0x7F, 0x00, 0x2B, 0xB5, 0x7F, 0x00, 0x0D, 0xB5, 0x7F, 0x00, 0x0D, 0xB5, 0x7F, 0x00, 0x2B,
    0xB5, 0x7F, 0x00, 0x0C, 0xB5, 0x7F, 0x00, 0x0C, 0xB5, 0x7F, 0x08, 0x2A, 0xB5, 0x7F, 0x00, 0x0D,
    0xB5, 0x7F, 0x00, 0x0E, 0xB5, 0x7F, 0x00, 0x0C, 0xB5, 0x7F, 0x08, 0x2A, 0xB5, 0x7F, 0x08, 0x2A,
    0xB5, 0x7F, 0x08, 0x2A, 0xB5, 0x7F, 0x00, 0x2B, 0xB5, 0x7F, 0x00, 0x0C, 0xB5, 0x7F, 0x08, 0x2A,
    0xB5, 0x7F, 0x08, 0x2A, 0xB5, 0x7F, 0x08, 0x2A, 0xB5, 0x7F, 0x00, 0x0E, 0xB5, 0x7F, 0x00, 0x0D,
    0xB5, 0x7F, 0x08, 0x2A, 0xB5, 0x7F, 0x00, 0x0D, 0xB5, 0x7F, 0x00, 0x0E, 0xB5, 0x7F, 0x08, 0x2A,
    0xB5, 0x7F, 0x00, 0x2B, 0xB5, 0x7F, 0x00, 0x0C, 0xB5, 0x7F, 0x08, 0x2A, 0xB5, 0x7F, 0x08, 0x2A,
    0xB5, 0x7F, 0x08, 0x2A, 0xB5, 0x7F, 0x08, 0x2A, 0xB5, 0x7F, 0x08, 0x2A, 0xB5, 0x7F, 0x00, 0x0B,
    0xB5, 0x7F, 0x00, 0x2B, 0xB5, 0x7F, 0x00, 0x0D, 0xB5, 0x7F, 0x00, 0x0B, 0xB5, 0x7F, 0x00, 0x2B,
    0xB5, 0x7F, 0x00, 0x0D, 0xB5, 0x7F, 0x00, 0x0D, 0xB5, 0x7F, 0x00, 0x2B, 0xB5, 0x7F, 0x00, 0x0C,
    0xB5, 0x7F, 0x00, 0x0C, 0xB5, 0x7F, 0x08, 0x2A, 0xB5, 0x7F, 0x00, 0x0D, 0xB5, 0x7F, 0x00, 0x0E,
    0xB5, 0x7F, 0x00, 0x0C, 0xB5, 0x7F, 0x08, 0x2A, 0xB5, 0x7F, 0x08, 0x2A, 0xB5, 0x7F, 0x08, 0x2A,
    0xB5, 0x7F, 0x00, 0x2B, 0xB5, 0x7F, 0x00, 0x0C, 0xB5, 0x7F, 0x08, 0x2A, 0xB5, 0x7F, 0x08, 0x2A,
    0xB5, 0x7F, 0x08, 0x2A, 0xB5, 0x7F, 0x00, 0x0E, 0xB5, 0x7F, 0x00, 0x0D, 0xB5, 0x7F, 0x08, 0x2A,
    0xB5, 0x7F, 0x00, 0x0D, 0xB5, 0x7F, 0x00, 0x0E, 0xB5, 0x7F, 0x08, 0x2A, 0xB5, 0x7F, 0x00, 0x2B,
    0xB5, 0x7F, 0x00, 0x0C, 0xB5, 0x7F, 0x08, 0x2A, 0xB5, 0x7F, 0x08, 0x2A, 0xB5, 0x7F, 0x08, 0x2A,
    0xB5, 0x7F, 0x08, 0x2A, 0xB5, 0x7F, 0x08, 0x2A, 0xB5, 0x7F, 0x00, 0x0B, 0xB5, 0x7F, 0x00, 0x2B,
    0xB5, 0x7F, 0x00, 0x0D, 0xB5, 0x7F, 0x00, 0x0B, 0xB5, 0x7F, 0x00, 0x2B, 0xB5, 0x7F, 0x00, 0x0D,
    0xB5, 0x7F, 0x00, 0x0D, 0xB5, 0x7F, 0x00, 0x2B, 0xB5, 0x7F, 0x00, 0x0C, 0xB5, 0x7F, 0x00, 0x0C,
    0xB5, 0x7F, 0x08, 0x2A, 0xB5, 0x7F, 0x00, 0x0D, 0xB5, 0x7F, 0x00, 0x0E, 0xB5, 0x7F, 0x00, 0x0C,
    0xB5, 0x7F, 0x08, 0x2A, 0xB5, 0x7F, 0x08, 0x2A, 0xB5, 0x7F, 0x08, 0x2A, 0xB5, 0x7F, 0x00, 0x2B,
    0xB5, 0x7F, 0x00, 0x0C, 0xB5, 0x7F, 0x08, 0x2A, 0xB5, 0x7F, 0x08, 0x2A, 0xB5, 0x7F, 0x08, 0x2A,
    0xB5, 0x7F, 0x00, 0x0E, 0xB5, 0x7F, 0x00, 0x0D, 0xB5, 0x7F, 0x08, 0x2A, 0xB5, 0x7F, 0x00, 0x0D,
    0xB5, 0x7F, 0x00, 0x0E, 0xB5, 0x7F, 0x08, 0x2A, 0xB5, 0x7F, 0x00, 0x2B, 0xB5, 0x7F, 0x00, 0x0C,
    0xB5, 0x7F, 0x08, 0x2A, 0xB5, 0x7F, 0x08, 0x2A, 0xB5, 0x7F, 0x08, 0x2A, 0xB5, 0x7F, 0x08, 0x2A,
    0xB5, 0x7F, 0x08, 0x2A, 0xB5, 0x7F, 0x00, 0x0B, 0xB5, 0x7F, 0x00, 0x2B, 0xB5, 0x7F, 0x00, 0x0D,
    0xB5, 0x7F, 0x00, 0x0B, 0xB5, 0x7F, 0x00, 0x2B, 0xB5, 0x7F, 0x00, 0x0D, 0xB5, 0x7F, 0x00, 0x0D,
    0xB5, 0x7F, 0x00, 0x2B, 0xB5, 0x7F, 0x00, 0x0C, 0xB5, 0x7F, 0x00, 0x0C, 0xB5, 0x7F, 0x08, 0x2A,
    0xB5, 0x7F, 0x00, 0x0D, 0xB5, 0x7F, 0x00, 0x0E, 0xB5, 0x7F, 0x00, 0x0C, 0xB5, 0x7F, 0x08, 0x2A,
    0xB5, 0x7F, 0x08, 0x2A, 0xB5, 0x7F, 0x08, 0x2A, 0xB5, 0x7F, 0x00, 0x2B, 0xB5, 0x7F, 0x00, 0x0C,
    0xB5, 0x7F, 0x08, 0x2A, 0xAD, 0x7F, 0x08, 0x2A, 0x52, 0x94, 0x08, 0x2A, 0x00, 0x00, 0x00, 0x0E,
    0x00, 0x0D, 0xCE, 0x3F, 0x00, 0x0B, 0xF7, 0x7F, 0x00, 0x2B, 0x6B, 0x5B, 0x00, 0x0D, 0x8C, 0x7F,
    0x00, 0x0D, 0x8C, 0x7F, 0x00, 0x2B, 0x8C, 0x7F, 0x00, 0x0D, 0x8C, 0x7F, 0x00, 0x0B, 0x8C, 0x7F,
    0x00, 0x2B, 0x8C, 0x7F, 0x00, 0x0E, 0x8C, 0x7F, 0x00, 0x0F, 0x8C, 0x7F, 0x00, 0x0D, 0x8C, 0x7F,
    0x00, 0x2B, 0x8C, 0x7F, 0x08, 0x2A, 0x8C, 0x7F, 0x08, 0x2A, 0x8C, 0x7F, 0x00, 0x0D, 0x8C, 0x7F,
    0x00, 0x2B, 0x8C, 0x7F, 0x08, 0x2A, 0x8C, 0x7F, 0x08, 0x2A, 0x8C, 0x7F, 0x00, 0x2B, 0x8C, 0x7F,
    0x00, 0x0D, 0x8C, 0x7F, 0x00, 0x0C, 0x8C, 0x7F, 0x00, 0x2B, 0x8C, 0x7F, 0x00, 0x10, 0x8C, 0x7F,
    0x00, 0x0E, 0x8C, 0x7F, 0x08, 0x2A, 0x8C, 0x7F, 0x00, 0x0E, 0x8C, 0x7F, 0x00, 0x0B, 0x8C, 0x7F,
    0x08, 0x2A, 0x8C, 0x7F, 0x00, 0x0C, 0x8C, 0x7F, 0x08, 0x2A, 0x8C, 0x7F, 0x00, 0x2B, 0x8C, 0x7F,
    0x00, 0x2B, 0x8C, 0x7F, 0x08, 0x2A, 0x8C, 0x7F, 0x00, 0x0C, 0x8C, 0x7F, 0x00, 0x0D, 0x8C, 0x7F,
    0x00, 0x0B, 0x8C, 0x7F, 0x00, 0x2B, 0x8C, 0x7F, 0x00, 0x0D, 0x8C, 0x7F, 0x00, 0x0D, 0x8C, 0x7F,
    0x00, 0x2B, 0x8C, 0x7F, 0x00, 0x0D, 0x8C, 0x7F, 0x00, 0x0B, 0x8C, 0x7F, 0x00, 0x2B, 0x8C, 0x7F,
    0x00, 0x0E, 0x8C, 0x7F, 0x00, 0x0F, 0x8C, 0x7F, 0x00, 0x0D, 0x8C, 0x7F, 0x00, 0x2B, 0x8C, 0x7F,
    0x08, 0x2A, 0x8C, 0x7F, 0x08, 0x2A, 0x8C, 0x7F, 0x00, 0x0D, 0x8C, 0x7F, 0x00, 0x2B, 0x8C, 0x7F,
    0x08, 0x2A, 0x8C, 0x7F, 0x08, 0x2A, 0x8C, 0x7F, 0x00, 0x2B, 0x8C, 0x7F, 0x00, 0x0D, 0x8C, 0x7F,
    0x00, 0x0C, 0x8C, 0x7F, 0x00, 0x2B, 0x8C, 0x7F, 0x00, 0x10, 0x8C, 0x7F, 0x00, 0x0E, 0x8C, 0x7F,
    0x08, 0x2A, 0x8C, 0x7F, 0x00, 0x0E, 0x8C, 0x7F, 0x00, 0x0B, 0x8C, 0x7F, 0x08, 0x2A, 0x8C, 0x7F,
    0x00, 0x0C, 0x8C, 0x7F, 0x08, 0x2A, 0x8C, 0x7F, 0x00, 0x2B, 0x8C, 0x7F, 0x00, 0x2B, 0x8C, 0x7F,
    0x08, 0x2A, 0x8C, 0x7F, 0x00, 0x0C, 0x8C, 0x7F, 0x00, 0x0D, 0x8C, 0x7F, 0x00, 0x0B, 0x8C, 0x7F,
    0x00, 0x2B, 0x8C, 0x7F, 0x00, 0x0D, 0x8C, 0x7F, 0x00, 0x0D, 0x8C, 0x7F, 0x00, 0x2B, 0x8C, 0x7F,
    0x00, 0x0D, 0x8C, 0x7F, 0x00, 0x0B, 0x8C, 0x7F, 0x00, 0x2B, 0x8C, 0x7F, 0x00, 0x0E, 0x8C, 0x7F,
    0x00, 0x0F, 0x8C, 0x7F, 0x00, 0x0D, 0x8C, 0x7F, 0x00, 0x2B, 0x8C, 0x7F, 0x08, 0x2A, 0x8C, 0x7F,
    0x08, 0x2A, 0x8C, 0x7F, 0x00, 0x0D, 0x8C, 0x7F, 0x00, 0x2B, 0x8C, 0x7F, 0x08, 0x2A, 0x8C, 0x7F,
    0x08, 0x2A, 0x8C, 0x7F, 0x00, 0x2B, 0x8C, 0x7F, 0x00, 0x0D, 0x8C, 0x7F, 0x00, 0x0C, 0x8C, 0x7F,
    0x00, 0x2B, 0x8C, 0x7F, 0x00, 0x10, 0x8C, 0x7F, 0x00, 0x0E, 0x8C, 0x7F, 0x08, 0x2A, 0x8C, 0x7F,
    0x00, 0x0E, 0x8C, 0x7F, 0x00, 0x0B, 0x8C, 0x7F, 0x08, 0x2A, 0x8C, 0x7F, 0x00, 0x0C, 0x8C, 0x7F,
    0x08, 0x2A, 0x8C, 0x7F, 0x00, 0x2B, 0x8C, 0x7F, 0x00, 0x2B, 0x8C, 0x7F, 0x08, 0x2A, 0x8C, 0x7F,
    0x00, 0x0C, 0x8C, 0x7F, 0x00, 0x0D, 0x8C, 0x7F, 0x00, 0x0B, 0x8C, 0x7F, 0x00, 0x2B, 0x8C, 0x7F,
    0x00, 0x0D, 0x8C, 0x7F, 0x00, 0x0D, 0x8C, 0x7F, 0x00, 0x2B, 0x8C, 0x7F, 0x00, 0x0D, 0x8C, 0x7F,
    0x00, 0x0B, 0x8C, 0x7F, 0x00, 0x2B, 0x8C, 0x7F, 0x00, 0x0E, 0x8C, 0x7F, 0x00, 0x0F, 0x8C, 0x7F,
    0x00, 0x0D, 0x8C, 0x7F, 0x00, 0x2B, 0x8C, 0x7F, 0x08, 0x2A, 0x8C, 0x7F, 0x08, 0x2A, 0x8C, 0x7F,
    0x00, 0x0D, 0x8C, 0x7F, 0x00, 0x2B, 0x8C, 0x7F, 0x08, 0x2A, 0x8C, 0x7F, 0x08, 0x2A, 0x8C, 0x7F,
    0x00, 0x2B, 0x8C, 0x7F, 0x00, 0x0D, 0x8C, 0x7F, 0x00, 0x0C, 0x8C, 0x7F, 0x00, 0x2B, 0x8C, 0x7F,
    0x00, 0x10, 0x8C, 0x7F, 0x00, 0x0E, 0x8C, 0x7F, 0x08, 0x2A, 0x8C, 0x7F, 0x00, 0x0E, 0x8C, 0x7F,
    0x00, 0x0B, 0x8C, 0x7F, 0x08, 0x2A, 0x8C, 0x7F, 0x00, 0x0C, 0x8C, 0x7F, 0x08, 0x2A, 0x8C, 0x7F,
    0x00, 0x2B, 0x8C, 0x7F, 0x00, 0x2B, 0x8C, 0x7F, 0x08, 0x2A, 0x8C, 0x7F, 0x00, 0x0C, 0x8C, 0x7F,
    0x00, 0x0D, 0x8C, 0x7F, 0x00, 0x0B, 0x8C, 0x7F, 0x00, 0x2B, 0x8C, 0x7F, 0x00, 0x0D, 0x8C, 0x7F,
    0x00, 0x0D, 0x8C, 0x7F, 0x00, 0x2B, 0x8C, 0x7F, 0x00, 0x0D, 0x8C, 0x7F, 0x00, 0x0B, 0x8C, 0x7F,
    0x00, 0x2B, 0x8C, 0x7F, 0x00, 0x0E, 0x8C, 0x7F, 0x00, 0x0F, 0x8C, 0x7F, 0x00, 0x0D, 0x8C, 0x7F,
    0x00, 0x2B, 0x8C, 0x7F, 0x08, 0x2A, 0x8C, 0x7F, 0x08, 0x2A, 0x8C, 0x7F, 0x00, 0x0D, 0x8C, 0x7F,
    0x00, 0x2B, 0xFF, 0xBF, 0x08, 0x2A, 0x7B, 0xDF, 0x08, 0x2A, 0x00, 0x00, 0x00, 0x2B, 0x00, 0x00,
    0xFF, 0xFF, 0x00, 0x0C, 0xDE, 0xDF, 0x00, 0x0B, 0x7B, 0xDF, 0x00, 0x2B, 0x00, 0x00, 0x00, 0x0D,
    0x00, 0x00, 0x00, 0x2B, 0x00, 0x00, 0x00, 0x2B, 0x00, 0x00, 0x00, 0x0C, 0x00, 0x00, 0x00, 0x2B,
    0x00, 0x00, 0x00, 0x0C, 0x00, 0x00, 0x00, 0x0F, 0x00, 0x00, 0x00, 0x0F, 0x00, 0x00, 0x00, 0x0D,
    0x00, 0x00, 0x08, 0x2A, 0x00, 0x00, 0x08, 0x2A, 0x00, 0x00, 0x00, 0x2A, 0x00, 0x00, 0x00, 0x0D,
    0x00, 0x00, 0x00, 0x2B, 0x00, 0x00, 0x08, 0x2A, 0x00, 0x00, 0x08, 0x2A, 0x00, 0x00, 0x00, 0x0C,
    0x00, 0x00, 0x00, 0x0D, 0x00, 0x00, 0x00, 0x2B, 0x00, 0x00, 0x00, 0x0D, 0x00, 0x00, 0x00, 0x10,
    0x00, 0x00, 0x00, 0x0C, 0x00, 0x00, 0x00, 0x0B, 0x00, 0x00, 0x00, 0x0E, 0x00, 0x00, 0x00, 0x2B,
    0x00, 0x00, 0x00, 0x0D, 0x00, 0x00, 0x00, 0x0E, 0x00, 0x00, 0x00, 0x2B, 0x00, 0x00, 0x00, 0x0C,
    0x00, 0x00, 0x00, 0x2B, 0x00, 0x00, 0x08, 0x2A, 0x00, 0x00, 0x00, 0x0C, 0x00, 0x00, 0x00, 0x0C,
    0x00, 0x00, 0x00, 0x0B, 0x00, 0x00, 0x00, 0x2B, 0x00, 0x00, 0x00, 0x0D, 0x00, 0x00, 0x00, 0x2B,
    0x00, 0x00, 0x00, 0x2B, 0x00, 0x00, 0x00, 0x0C, 0x00, 0x00, 0x00, 0x2B, 0x00, 0x00, 0x00, 0x0C,
    0x00, 0x00, 0x00, 0x0F, 0x00, 0x00, 0x00, 0x0F, 0x00, 0x00, 0x00, 0x0D, 0x00, 0x00, 0x08, 0x2A,
    0x00, 0x00, 0x08, 0x2A, 0x00, 0x00, 0x00, 0x2A, 0x00, 0x00, 0x00, 0x0D, 0x00, 0x00, 0x00, 0x2B,
    0x00, 0x00, 0x08, 0x2A, 0x00, 0x00, 0x08, 0x2A, 0x00, 0x00, 0x00, 0x0C, 0x00, 0x00, 0x00, 0x0D,
    0x00, 0x00, 0x00, 0x2B, 0x00, 0x00, 0x00, 0x0D, 0x00, 0x00, 0x00, 0x10, 0x00, 0x00, 0x00, 0x0C,
    0x00, 0x00, 0x00, 0x0B, 0x00, 0x00, 0x00, 0x0E, 0x00, 0x00, 0x00, 0x2B, 0x00, 0x00, 0x00, 0x0D,
    0x00, 0x00, 0x00, 0x0E, 0x00, 0x00, 0x00, 0x2B, 0x00, 0x00, 0x00, 0x0C, 0x00, 0x00, 0x00, 0x2B,
    0x00, 0x00, 0x08, 0x2A, 0x00, 0x00, 0x00, 0x0C, 0x00, 0x00, 0x00, 0x0C, 0x00, 0x00, 0x00, 0x0B,
    0x00, 0x00, 0x00, 0x2B, 0x00, 0x00, 0x00, 0x0D, 0x00, 0x00, 0x00, 0x2B, 0x00, 0x00, 0x00, 0x2B,
    0x00, 0x00, 0x00, 0x0C, 0x00, 0x00, 0x00, 0x2B, 0x00, 0x00, 0x00, 0x0C, 0x00, 0x00, 0x00, 0x0F,
    0x00, 0x00, 0x00, 0x0F, 0x00, 0x00, 0x00, 0x0D, 0x00, 0x00, 0x08, 0x2A, 0x00, 0x00, 0x08, 0x2A,
    0x00, 0x00, 0x00, 0x2A, 0x00, 0x00, 0x00, 0x0D, 0x00, 0x00, 0x00, 0x2B, 0x00, 0x00, 0x08, 0x2A,
    0x00, 0x00, 0x08, 0x2A, 0x00, 0x00, 0x00, 0x0C, 0x00, 0x00, 0x00, 0x0D, 0x00, 0x00, 0x00, 0x2B,
    0x00, 0x00, 0x00, 0x0D, 0x00, 0x00, 0x00, 0x10, 0x00, 0x00, 0x00, 0x0C, 0x00, 0x00, 0x00, 0x0B,
    0x00, 0x00, 0x00, 0x0E, 0x00, 0x00, 0x00, 0x2B, 0x00, 0x00, 0x00, 0x0D, 0x00, 0x00, 0x00, 0x0E,
    0x00, 0x00, 0x00, 0x2B, 0x00, 0x00, 0x00, 0x0C, 0x00, 0x00, 0x00, 0x2B, 0x00, 0x00, 0x08, 0x2A,
    0x00, 0x00, 0x00, 0x0C, 0x00, 0x00, 0x00, 0x0C, 0x00, 0x00, 0x00, 0x0B, 0x00, 0x00, 0x00, 0x2B,
    0x00, 0x00, 0x00, 0x0D, 0x00, 0x00, 0x00, 0x2B, 0x00, 0x00, 0x00, 0x2B, 0x00, 0x00, 0x00, 0x0C,
    0x00, 0x00, 0x00, 0x2B, 0x00, 0x00, 0x00, 0x0C, 0x00, 0x00, 0x00, 0x0F, 0x00, 0x00, 0x00, 0x0F,
    0x00, 0x00, 0x00, 0x0D, 0x00, 0x00, 0x08, 0x2A, 0x00, 0x00, 0x08, 0x2A, 0x00, 0x00, 0x00, 0x2A,
    0x00, 0x00, 0x00, 0x0D, 0x00, 0x00, 0x00, 0x2B, 0x00, 0x00, 0x08, 0x2A, 0x00, 0x00, 0x08, 0x2A,
    0x00, 0x00, 0x00, 0x0C, 0x00, 0x00, 0x00, 0x0D, 0x00, 0x00, 0x00, 0x2B, 0x00, 0x00, 0x00, 0x0D,
    0x00, 0x00, 0x00, 0x10, 0x00, 0x00, 0x00, 0x0C, 0x00, 0x00, 0x00, 0x0B, 0x00, 0x00, 0x00, 0x0E,
    0x00, 0x00, 0x00, 0x2B, 0x00, 0x00, 0x00, 0x0D, 0x00, 0x00, 0x00, 0x0E, 0x00, 0x00, 0x00, 0x2B,
    0x00, 0x00, 0x00, 0x0C, 0x00, 0x00, 0x00, 0x2B, 0x00, 0x00, 0x08, 0x2A, 0x00, 0x00, 0x00, 0x0C,
    0x00, 0x00, 0x00, 0x0C, 0x00, 0x00, 0x00, 0x0B, 0x00, 0x00, 0x00, 0x2B, 0x00, 0x00, 0x00, 0x0D,
    0x00, 0x00, 0x00, 0x2B, 0x00, 0x00, 0x00, 0x2B, 0x00, 0x00, 0x00, 0x0C, 0x00, 0x00, 0x00, 0x2B,
    0x00, 0x00, 0x00, 0x0C, 0x00, 0x00, 0x00, 0x0F, 0x00, 0x00, 0x00, 0x0F, 0x00, 0x00, 0x00, 0x0D,
    0x00, 0x00, 0x08, 0x2A, 0x00, 0x00, 0x08, 0x2A, 0x00, 0x00, 0x00, 0x2A, 0x00, 0x00, 0x00, 0x0D,
    0x00, 0x00, 0x00, 0x2B, 0x18, 0xE7, 0x08, 0x2A, 0x00, 0x00, 0x08, 0x2A, 0x00, 0x00, 0x00, 0x0C,
    0x00, 0x0C, 0xBD, 0xBF, 0x00, 0x0C, 0x6B, 0x5A, 0x00, 0x2B, 0x00, 0x00, 0x00, 0x2B, 0x7B, 0xDF,
    0x00, 0x0C, 0x7B, 0xDF, 0x08, 0x2A, 0x7B, 0xDF, 0x00, 0x2B, 0x7B, 0xDF, 0x00, 0x0C, 0x7B, 0xDF,
    0x00, 0x2B, 0x7B, 0xDF, 0x00, 0x0D, 0x7B, 0xDF, 0x00, 0x0E, 0x7B, 0xDF, 0x00, 0x0D, 0x7B, 0xDF,
    0x00, 0x0C, 0x7B, 0xDF, 0x00, 0x2B, 0x7B, 0xDF, 0x08, 0x2A, 0x7B, 0xDF, 0x00, 0x0C, 0x7B, 0xDF,
    0x00, 0x0D, 0x7B, 0xDF, 0x00, 0x2B, 0x7B, 0xDF, 0x08, 0x2A, 0x7B, 0xDF, 0x00, 0x2B, 0x7B, 0xDF,
    0x00, 0x0B, 0x7B, 0xDF, 0x00, 0x2B, 0x7B, 0xDF, 0x08, 0x2A, 0x7B, 0xDF, 0x00, 0x0D, 0x7B, 0xDF,
    0x00, 0x0E, 0x7B, 0xDF, 0x08, 0x2A, 0x7B, 0xDF, 0x00, 0x0C, 0x7B, 0xDF, 0x00, 0x0C, 0x7B, 0xDF,
    0x00, 0x0C, 0x7B, 0xDF, 0x00, 0x0F, 0x7B, 0xDF, 0x00, 0x0C, 0x7B, 0xDF, 0x00, 0x2B, 0x7B, 0xDF,
    0x00, 0x0C, 0x7B, 0xDF, 0x00, 0x2B, 0x7B, 0xDF, 0x00, 0x2B, 0x7B, 0xDF, 0x10, 0x6C, 0x7B, 0xDF,
    0x10, 0x6D, 0x7B, 0xDF, 0x10, 0x8B, 0x7B, 0xDF, 0x10, 0x8B, 0x7B, 0xDF, 0x10, 0x6C, 0x7B, 0xDF,
    0x10, 0x8A, 0x7B, 0xDF, 0x00, 0x2B, 0x7B, 0xDF, 0x00, 0x0C, 0x7B, 0xDF, 0x00, 0x2B, 0x7B, 0xDF,
    0x00, 0x0D, 0x7B, 0xDF, 0x00, 0x0E, 0x7B, 0xDF, 0x00, 0x0D, 0x7B, 0xDF, 0x00, 0x0C, 0x7B, 0xDF,
    0x00, 0x2B, 0x7B, 0xDF, 0x08, 0x2A, 0x7B, 0xDF, 0x00, 0x0C, 0x7B, 0xDF, 0x00, 0x0D, 0x7B, 0xDF,
    0x00, 0x2B, 0x7B, 0xDF, 0x08, 0x2A, 0x7B, 0xDF, 0x00, 0x2B, 0x7B, 0xDF, 0x00, 0x0B, 0x7B, 0xDF,
    0x00, 0x2B, 0x7B, 0xDF, 0x08, 0x2A, 0x7B, 0xDF, 0x00, 0x0D, 0x7B, 0xDF, 0x00, 0x0E, 0x7B, 0xDF,
    0x08, 0x2A, 0x7B, 0xDF, 0x00, 0x0C, 0x7B, 0xDF, 0x00, 0x0C, 0x7B, 0xDF, 0x00, 0x0C, 0x7B, 0xDF,
    0x00, 0x0F, 0x7B, 0xDF, 0x00, 0x0C, 0x7B, 0xDF, 0x00, 0x2B, 0x7B, 0xDF, 0x00, 0x0C, 0x7B, 0xDF,
    0x00, 0x2B, 0x7B, 0xDF, 0x00, 0x2B, 0x7B, 0xDF, 0x00, 0x0C, 0x7B, 0xDF, 0x00, 0x0C, 0x7B, 0xDF,
    0x00, 0x2B, 0x7B, 0xDF, 0x00, 0x2B, 0x7B, 0xDF, 0x00, 0x0C, 0x7B, 0xDF, 0x08, 0x2A, 0x7B, 0xDF,
    0x00, 0x2B, 0x7B, 0xDF, 0x00, 0x0C, 0x7B, 0xDF, 0x00, 0x2B, 0x7B, 0xDF, 0x00, 0x0D, 0x7B, 0xDF,
    0x00, 0x0E, 0x7B, 0xDF, 0x00, 0x0D, 0x7B, 0xDF, 0x00, 0x0C, 0x7B, 0xDF, 0x00, 0x2B, 0x7B, 0xDF,
    0x08, 0x2A, 0x7B, 0xDF, 0x00, 0x0C, 0x7B, 0xDF, 0x00, 0x0D, 0x7B, 0xDF, 0x00, 0x2B, 0x7B, 0xDF,
    0x08, 0x2A, 0x7B, 0xDF, 0x00, 0x2B, 0x7B, 0xDF, 0x00, 0x0B, 0x7B, 0xDF, 0x00, 0x2B, 0x7B, 0xDF,
    0x08, 0x2A, 0x7B, 0xDF, 0x00, 0x0D, 0x7B, 0xDF, 0x00, 0x0E, 0x7B, 0xDF, 0x08, 0x2A, 0x7B, 0xDF,
    0x00, 0x0C, 0x7B, 0xDF, 0x00, 0x0C, 0x7B, 0xDF, 0x00, 0x0C, 0x7B, 0xDF, 0x00, 0x0F, 0x7B, 0xDF,
    0x00, 0x0C, 0x7B, 0xDF, 0x00, 0x2B, 0x7B, 0xDF, 0x00, 0x0C, 0x7B, 0xDF, 0x00, 0x2B, 0x7B, 0xDF,
    0x00, 0x2B, 0x7B, 0xDF, 0x00, 0x0C, 0x7B, 0xDF, 0x00, 0x0C, 0x7B, 0xDF, 0x00, 0x2B, 0x7B, 0xDF,
    0x00, 0x2B, 0x7B, 0xDF, 0x00, 0x0C, 0x7B, 0xDF, 0x08, 0x2A, 0x7B, 0xDF, 0x00, 0x2B, 0x7B, 0xDF,
    0x00, 0x0C, 0x7B, 0xDF, 0x00, 0x2B, 0x7B, 0xDF, 0x00, 0x0D, 0x7B, 0xDF, 0x00, 0x0E, 0x7B, 0xDF,
    0x00, 0x0D, 0x7B, 0xDF, 0x00, 0x0C, 0x7B, 0xDF, 0x00, 0x2B, 0x7B, 0xDF, 0x08, 0x2A, 0x7B, 0xDF,
    0x00, 0x0C, 0x7B, 0xDF, 0x00, 0x0D, 0x7B, 0xDF, 0x00, 0x2B, 0x7B, 0xDF, 0x08, 0x2A, 0x7B, 0xDF,
    0x00, 0x2B, 0x7B, 0xDF, 0x00, 0x0B, 0x7B, 0xDF, 0x00, 0x2B, 0x7B, 0xDF, 0x08, 0x2A, 0x7B, 0xDF,
    0x00, 0x0D, 0x7B, 0xDF, 0x00, 0x0E, 0x7B, 0xDF, 0x08, 0x2A, 0x7B, 0xDF, 0x00, 0x0C, 0x7B, 0xDF,
    0x00, 0x0C, 0x7B, 0xDF, 0x00, 0x0C, 0x7B, 0xDF, 0x00, 0x0F, 0x7B, 0xDF, 0x00, 0x0C, 0x7B, 0xDF,
    0x00, 0x2B, 0x7B, 0xDF, 0x00, 0x0C, 0x7B, 0xDF, 0x00, 0x2B, 0x7B, 0xDF, 0x00, 0x2B, 0x7B, 0xDF,
    0x00, 0x0C, 0x7B, 0xDF, 0x00, 0x0C, 0x7B, 0xDF, 0x00, 0x2B, 0x7B, 0xDF, 0x00, 0x2B, 0x7B, 0xDF,
    0x00, 0x0C, 0x7B, 0xDF, 0x08, 0x2A, 0x7B, 0xDF, 0x00, 0x2B, 0x7B, 0xDF, 0x00, 0x0C, 0x7B, 0xDF,
    0x00, 0x2B, 0x7B, 0xDF, 0x00, 0x0D, 0x7B, 0xDF, 0x00, 0x0E, 0x7B, 0xDF, 0x00, 0x0D, 0x7B, 0xDF,
    0x00, 0x0C, 0x7B, 0xDF, 0x00, 0x2B, 0x7B, 0xDF, 0x08, 0x2A, 0x7B, 0xDF, 0x00, 0x0C, 0x7B, 0xDF,
    0x00, 0x0D, 0x39, 0xCE, 0x00, 0x2B, 0x18, 0xE7, 0x08, 0x2A, 0x00, 0x00, 0x00, 0x2B, 0x00, 0x00,
    0xFF, 0xFF, 0x00, 0x0D, 0xAD, 0x5F, 0x00, 0x0C, 0x00, 0x00, 0x00, 0x2A, 0x7B, 0xDE, 0x00, 0x0C,
    0x7B, 0xDE, 0x00, 0x2B, 0x73, 0xBE, 0x08, 0x2A, 0x73, 0xBE, 0x00, 0x0B, 0x73, 0xBE, 0x00, 0x2A,
    0x73, 0xBE, 0x00, 0x2A, 0x73, 0xBE, 0x00, 0x0C, 0x73, 0xBE, 0x00, 0x0C, 0x73, 0xBE, 0x00, 0x0C,
    0x73, 0xBE, 0x00, 0x0B, 0x73, 0xBE, 0x00, 0x2B, 0x73, 0xBE, 0x08, 0x2A, 0x73, 0xBE, 0x00, 0x0D,
    0x73, 0xBE, 0x00, 0x0C, 0x73, 0xBE, 0x08, 0x2A, 0x73, 0xBE, 0x00, 0x2B, 0x73, 0xBE, 0x00, 0x0C,
    0x73, 0xBE, 0x00, 0x2B, 0x73, 0xBE, 0x08, 0x2A, 0x73, 0xBE, 0x08, 0x2A, 0x73, 0xBE, 0x00, 0x0D,
    0x73, 0xBE, 0x00, 0x2B, 0x73, 0xBE, 0x08, 0x2A, 0x73, 0xBE, 0x00, 0x2B, 0x73, 0xBE, 0x00, 0x2B,
    0x73, 0xBE, 0x00, 0x0C, 0x73, 0xBE, 0x00, 0x0D, 0x73, 0xBE, 0x08, 0x2A, 0x73, 0xBE, 0x00, 0x0C,
    0x73, 0xBE, 0x00, 0x0D, 0x73, 0xBE, 0x00, 0x0C, 0x73, 0xBE, 0x10, 0x6C, 0x73, 0xBE, 0x10, 0x6D,
    0x73, 0xBE, 0x10, 0x6C, 0x73, 0xBE, 0x10, 0x8B, 0x73, 0xBE, 0x10, 0x6C, 0x73, 0xBE, 0x10, 0x8B,
    0x73, 0xBE, 0x10, 0x8A, 0x73, 0xBE, 0x10, 0x6B, 0x73, 0xBE, 0x10, 0x8B, 0x73, 0xBE, 0x10, 0x8B,
    0x73, 0xBE, 0x10, 0x6C, 0x73, 0xBE, 0x10, 0x6C, 0x73, 0xBE, 0x00, 0x0C, 0x73, 0xBE, 0x00, 0x0B,
    0x73, 0xBE, 0x00, 0x2B, 0x73, 0xBE, 0x08, 0x2A, 0x73, 0xBE, 0x00, 0x0D, 0x73, 0xBE, 0x00, 0x0C,
    0x73, 0xBE, 0x08, 0x2A, 0x73, 0xBE, 0x00, 0x2B, 0x73, 0xBE, 0x00, 0x0C, 0x73, 0xBE, 0x00, 0x2B,
    0x73, 0xBE, 0x08, 0x2A, 0x73, 0xBE, 0x08, 0x2A, 0x73, 0xBE, 0x00, 0x0D, 0x73, 0xBE, 0x00, 0x2B,
    0x73, 0xBE, 0x08, 0x2A, 0x73, 0xBE, 0x00, 0x2B, 0x73, 0xBE, 0x00, 0x2B, 0x73, 0xBE, 0x00, 0x0C,
    0x73, 0xBE, 0x00, 0x0D, 0x73, 0xBE, 0x08, 0x2A, 0x73, 0xBE, 0x00, 0x0C, 0x73, 0xBE, 0x00, 0x0D,
    0x73, 0xBE, 0x00, 0x0C, 0x73, 0xBE, 0x00, 0x0C, 0x73, 0xBE, 0x00, 0x0D, 0x73, 0xBE, 0x10, 0x6C,
    0x73, 0xBE, 0x00, 0x2A, 0x73, 0xBE, 0x00, 0x0C, 0x73, 0xBE, 0x00, 0x2B, 0x73, 0xBE, 0x08, 0x2A,
    0x73, 0xBE, 0x00, 0x0B, 0x73, 0xBE, 0x00, 0x2A, 0x73, 0xBE, 0x00, 0x2A, 0x73, 0xBE, 0x00, 0x0C,
    0x73, 0xBE, 0x00, 0x0C, 0x73, 0xBE, 0x00, 0x0C, 0x73, 0xBE, 0x00, 0x0B, 0x73, 0xBE, 0x00, 0x2B,
    0x73, 0xBE, 0x08, 0x2A, 0x73, 0xBE, 0x00, 0x0D, 0x73, 0xBE, 0x00, 0x0C, 0x73, 0xBE, 0x08, 0x2A,
    0x73, 0xBE, 0x00, 0x2B, 0x73, 0xBE, 0x00, 0x0C, 0x73, 0xBE, 0x00, 0x2B, 0x73, 0xBE, 0x08, 0x2A,
    0x73, 0xBE, 0x08, 0x2A, 0x73, 0xBE, 0x00, 0x0D, 0x73, 0xBE, 0x00, 0x2B, 0x73, 0xBE, 0x08, 0x2A,
    0x73, 0xBE, 0x00, 0x2B, 0x73, 0xBE, 0x00, 0x2B, 0x73, 0xBE, 0x00, 0x0C, 0x73, 0xBE, 0x00, 0x0D,
    0x73, 0xBE, 0x08, 0x2A, 0x73, 0xBE, 0x00, 0x0C, 0x73, 0xBE, 0x00, 0x0D, 0x73, 0xBE, 0x00, 0x0C,
    0x73, 0xBE, 0x00, 0x0C, 0x73, 0xBE, 0x00, 0x0D, 0x73, 0xBE, 0x00, 0x0C, 0x73, 0xBE, 0x00, 0x2A,
    0x73, 0xBE, 0x00, 0x0C, 0x73, 0xBE, 0x00, 0x2B, 0x73, 0xBE, 0x08, 0x2A, 0x73, 0xBE, 0x00, 0x0B,
    0x73, 0xBE, 0x00, 0x2A, 0x73, 0xBE, 0x00, 0x2A, 0x73, 0xBE, 0x00, 0x0C, 0x73, 0xBE, 0x00, 0x0C,
    0x73, 0xBE, 0x00, 0x0C, 0x73, 0xBE, 0x00, 0x0B, 0x73, 0xBE, 0x00, 0x2B, 0x73, 0xBE, 0x08, 0x2A,
    0x73, 0xBE, 0x00, 0x0D, 0x73, 0xBE, 0x00, 0x0C, 0x73, 0xBE, 0x08, 0x2A, 0x73, 0xBE, 0x00, 0x2B,
    0x73, 0xBE, 0x00, 0x0C, 0x73, 0xBE, 0x00, 0x2B, 0x73, 0xBE, 0x08, 0x2A, 0x73, 0xBE, 0x08, 0x2A,
    0x73, 0xBE, 0x00, 0x0D, 0x73, 0xBE, 0x00, 0x2B, 0x73, 0xBE, 0x08, 0x2A, 0x73, 0xBE, 0x00, 0x2B,
    0x73, 0xBE, 0x00, 0x2B, 0x73, 0xBE, 0x00, 0x0C, 0x73, 0xBE, 0x00, 0x0D, 0x73, 0xBE, 0x08, 0x2A,
    0x73, 0xBE, 0x00, 0x0C, 0x73, 0xBE, 0x00, 0x0D, 0x73, 0xBE, 0x00, 0x0C, 0x73, 0xBE, 0x00, 0x0C,
    0x73, 0xBE, 0x00, 0x0D, 0x73, 0xBE, 0x00, 0x0C, 0x73, 0xBE, 0x00, 0x2A, 0x73, 0xBE, 0x00, 0x0C,
    0x73, 0xBE, 0x00, 0x2B, 0x73, 0xBE, 0x08, 0x2A, 0x73, 0xBE, 0x00, 0x0B, 0x73, 0xBE, 0x00, 0x2A,
    0x73, 0xBE, 0x00, 0x2A, 0x73, 0xBE, 0x00, 0x0C, 0x73, 0xBE, 0x00, 0x0C, 0x73, 0xBE, 0x00, 0x0C,
    0x73, 0xBE, 0x00, 0x0B, 0x73, 0xBE, 0x00, 0x2B, 0x73, 0xBE, 0x08, 0x2A, 0x73, 0xBE, 0x00, 0x0D,
    0x7B, 0xDE, 0x00, 0x0C, 0x39, 0xCE, 0x08, 0x2A, 0x00, 0x00, 0x00, 0x2B, 0x00, 0x00, 0x00, 0x0C,
    0x00, 0x0C, 0xB5, 0xBF, 0x00, 0x0D, 0x8C, 0x5F, 0x00, 0x2B, 0x7B, 0xDE, 0x00, 0x2A, 0x7B, 0xDE,
    0x00, 0x0E, 0x7B, 0xDE, 0x00, 0x2B, 0x73, 0xBE, 0x08, 0x2A, 0x73, 0xBE, 0x00, 0x2B, 0x73, 0xBE,
    0x08, 0x2A, 0x73, 0xBE, 0x08, 0x2A, 0x73, 0xBE, 0x00, 0x0B, 0x73, 0xBE, 0x00, 0x0C, 0x73, 0xBE,
    0x00, 0x0D, 0x73, 0xBE, 0x00, 0x0D, 0x73, 0xBE, 0x00, 0x2B, 0x73, 0xBE, 0x08, 0x2A, 0x73, 0xBE,
    0x00, 0x0C, 0x73, 0xBE, 0x00, 0x2B, 0x73, 0xBE, 0x08, 0x2A, 0x73, 0xBE, 0x00, 0x0C, 0x73, 0xBE,
    0x00, 0x0B, 0x73, 0xBE, 0x00, 0x2B, 0x73, 0xBE, 0x08, 0x2A, 0x73, 0xBE, 0x00, 0x2B, 0x73, 0xBE,
    0x00, 0x0E, 0x73, 0xBE, 0x00, 0x2B, 0x73, 0xBE, 0x08, 0x2A, 0x73, 0xBE, 0x08, 0x2A, 0x73, 0xBE,
    0x08, 0x2A, 0x73, 0xBE, 0x00, 0x0C, 0x73, 0xBE, 0x00, 0x0C, 0x73, 0xBE, 0x00, 0x2B, 0x73, 0xBE,
    0x00, 0x0C, 0x73, 0xBE, 0x00, 0x0D, 0x73, 0xBE, 0x10, 0x6D, 0x73, 0xBE, 0x10, 0x6C, 0x73, 0xBE,
    0x10, 0x6D, 0x73, 0xBE, 0x10, 0x8B, 0x73, 0xBE, 0x10, 0x8B, 0x73, 0xBE, 0x10, 0x6E, 0x73, 0xBE,
    0x00, 0x2B, 0x73, 0xBE, 0x10, 0x8A, 0x73, 0xBE, 0x10, 0x8B, 0x73, 0xBE, 0x08, 0x2A, 0x73, 0xBE,
    0x08, 0x2A, 0x73, 0xBE, 0x10, 0x6C, 0x73, 0xBE, 0x00, 0x0C, 0x73, 0xBE, 0x00, 0x0D, 0x73, 0xBE,
    0x00, 0x0D, 0x73, 0xBE, 0x00, 0x2B, 0x73, 0xBE, 0x08, 0x2A, 0x73, 0xBE, 0x00, 0x0C, 0x73, 0xBE,
    0x00, 0x2B, 0x73, 0xBE, 0x08, 0x2A, 0x73, 0xBE, 0x00, 0x0C, 0x73, 0xBE, 0x00, 0x0B, 0x73, 0xBE,
    0x00, 0x2B, 0x73, 0xBE, 0x08, 0x2A, 0x73, 0xBE, 0x00, 0x2B, 0x73, 0xBE, 0x00, 0x0E, 0x73, 0xBE,
    0x00, 0x2B, 0x73, 0xBE, 0x08, 0x2A, 0x73, 0xBE, 0x08, 0x2A, 0x73, 0xBE, 0x08, 0x2A, 0x73, 0xBE,
    0x00, 0x0C, 0x73, 0xBE, 0x00, 0x0C, 0x73, 0xBE, 0x00, 0x2B, 0x73, 0xBE, 0x00, 0x0C, 0x73, 0xBE,
    0x00, 0x0D, 0x73, 0xBE, 0x00, 0x0D, 0x73, 0xBE, 0x00, 0x0C, 0x73, 0xBE, 0x00, 0x0D, 0x73, 0xBE,
    0x00, 0x2B, 0x73, 0xBE, 0x00, 0x2A, 0x73, 0xBE, 0x00, 0x0E, 0x73, 0xBE, 0x00, 0x2B, 0x73, 0xBE,
    0x08, 0x2A, 0x73, 0xBE, 0x00, 0x2B, 0x73, 0xBE, 0x08, 0x2A, 0x73, 0xBE, 0x08, 0x2A, 0x73, 0xBE,
    0x00, 0x0B, 0x73, 0xBE, 0x00, 0x0C, 0x73, 0xBE, 0x00, 0x0D, 0x73, 0xBE, 0x00, 0x0D, 0x73, 0xBE,
    0x00, 0x2B, 0x73, 0xBE, 0x08, 0x2A, 0x73, 0xBE, 0x00, 0x0C, 0x73, 0xBE, 0x00, 0x2B, 0x73, 0xBE,
    0x08, 0x2A, 0x73, 0xBE, 0x00, 0x0C, 0x73, 0xBE, 0x00, 0x0B, 0x73, 0xBE, 0x00, 0x2B, 0x73, 0xBE,
    0x08, 0x2A, 0x73, 0xBE, 0x00, 0x2B, 0x73, 0xBE, 0x00, 0x0E, 0x73, 0xBE, 0x00, 0x2B, 0x73, 0xBE,
    0x08, 0x2A, 0x73, 0xBE, 0x08, 0x2A, 0x73, 0xBE, 0x08, 0x2A, 0x73, 0xBE, 0x00, 0x0C, 0x73, 0xBE,
    0x00, 0x0C, 0x73, 0xBE, 0x00, 0x2B, 0x73, 0xBE, 0x00, 0x0C, 0x73, 0xBE, 0x00, 0x0D, 0x73, 0xBE,
    0x00, 0x0D, 0x73, 0xBE, 0x00, 0x0C, 0x73, 0xBE, 0x00, 0x0D, 0x73, 0xBE, 0x00, 0x2B, 0x73, 0xBE,
    0x00, 0x2A, 0x73, 0xBE, 0x00, 0x0E, 0x73, 0xBE, 0x00, 0x2B, 0x73, 0xBE, 0x08, 0x2A, 0x73, 0xBE,
    0x00, 0x2B, 0x73, 0xBE, 0x08, 0x2A, 0x73, 0xBE, 0x08, 0x2A, 0x73, 0xBE, 0x00, 0x0B, 0x73, 0xBE,
    0x00, 0x0C, 0x73, 0xBE, 0x00, 0x0D, 0x73, 0xBE, 0x00, 0x0D, 0x73, 0xBE, 0x00, 0x2B, 0x73, 0xBE,
    0x08, 0x2A, 0x73, 0xBE, 0x00, 0x0C, 0x73, 0xBE, 0x00, 0x2B, 0x73, 0xBE, 0x08, 0x2A, 0x73, 0xBE,
    0x00, 0x0C, 0x73, 0xBE, 0x00, 0x0B, 0x73, 0xBE, 0x00, 0x2B, 0x73, 0xBE, 0x08, 0x2A, 0x73, 0xBE,
    0x00, 0x2B, 0x73, 0xBE, 0x00, 0x0E, 0x73, 0xBE, 0x00, 0x2B, 0x73, 0xBE, 0x08, 0x2A, 0x73, 0xBE,
    0x08, 0x2A, 0x73, 0xBE, 0x08, 0x2A, 0x73, 0xBE, 0x00, 0x0C, 0x73, 0xBE, 0x00, 0x0C, 0x73, 0xBE,
    0x00, 0x2B, 0x73, 0xBE, 0x00, 0x0C, 0x73, 0xBE, 0x00, 0x0D, 0x73, 0xBE, 0x00, 0x0D, 0x73, 0xBE,
    0x00, 0x0C, 0x73, 0xBE, 0x00, 0x0D, 0x73, 0xBE, 0x00, 0x2B, 0x73, 0xBE, 0x00, 0x2A, 0x73, 0xBE,
    0x00, 0x0E, 0x73, 0xBE, 0x00, 0x2B, 0x73, 0xBE, 0x08, 0x2A, 0x73, 0xBE, 0x00, 0x2B, 0x73, 0xBE,
    0x08, 0x2A, 0x73, 0xBE, 0x08, 0x2A, 0x73, 0xBE, 0x00, 0x0B, 0x73, 0xBE, 0x00, 0x0C, 0x73, 0xBE,
    0x00, 0x0D, 0x73, 0xBE, 0x00, 0x0D, 0x73, 0xBE, 0x00, 0x2B, 0x73, 0xBE, 0x08, 0x2A, 0x7B, 0xDE,
    0x00, 0x0C, 0x7B, 0xDE, 0x00, 0x2B, 0xAD, 0x7F, 0x08, 0x2A, 0x00, 0x00, 0x00, 0x0C, 0x00, 0x00,
    0xFF, 0xFF, 0x00, 0x0C, 0xA5, 0x3F, 0x00, 0x0C, 0x00, 0x00, 0x08, 0x2A, 0x7B, 0xBE, 0x00, 0x0D,
    0x7B, 0xBE, 0x00, 0x0E, 0x73, 0xBD, 0x00, 0x2B, 0x73, 0xBD, 0x00, 0x2B, 0x73, 0xBD, 0x00, 0x2B,
    0x73, 0xBD, 0x08, 0x2A, 0x73, 0xBD, 0x08, 0x2A, 0x73, 0xBD, 0x00, 0x0C, 0x73, 0xBD, 0x00, 0x0C,
    0x73, 0xBD, 0x00, 0x0E, 0x73, 0xBD, 0x00, 0x0D, 0x73, 0xBD, 0x08, 0x2A, 0x73, 0xBD, 0x08, 0x2A,
    0x73, 0xBD, 0x00, 0x2A, 0x73, 0xBD, 0x08, 0x2A, 0x73, 0xBD, 0x08, 0x2A, 0x73, 0xBD, 0x00, 0x2B,
    0x73, 0xBD, 0x00, 0x2B, 0x73, 0xBD, 0x00, 0x2B, 0x73, 0xBD, 0x08, 0x2A, 0x73, 0xBD, 0x00, 0x0C,
    0x73, 0xBD, 0x00, 0x0E, 0x73, 0xBD, 0x00, 0x0C, 0x73, 0xBD, 0x08, 0x2A, 0x73, 0xBD, 0x08, 0x2A,
    0x73, 0xBD, 0x08, 0x2A, 0x73, 0xBD, 0x00, 0x0D, 0x73, 0xBD, 0x00, 0x0C, 0x73, 0xBD, 0x00, 0x2B,
    0x73, 0xBD, 0x00, 0x2B, 0x73, 0xBD, 0x00, 0x0D, 0x73, 0xBD, 0x10, 0x6C, 0x73, 0xBD, 0x10, 0x6C,
    0x73, 0xBD, 0x10, 0x6D, 0x73, 0xBD, 0x10, 0x8A, 0x73, 0xBD, 0x10, 0x6D, 0x73, 0xBD, 0x00, 0x0E,
    0x73, 0xBD, 0x00, 0x2B, 0x73, 0xBD, 0x00, 0x2B, 0x73, 0xBD, 0x00, 0x2B, 0x73, 0xBD, 0x08, 0x2A,
    0x73, 0xBD, 0x08, 0x2A, 0x73, 0xBD, 0x00, 0x0C, 0x73, 0xBD, 0x00, 0x0C, 0x73, 0xBD, 0x00, 0x0E,
    0x73, 0xBD, 0x00, 0x0D, 0x73, 0xBD, 0x08, 0x2A, 0x73, 0xBD, 0x08, 0x2A, 0x73, 0xBD, 0x00, 0x2A,
    0x73, 0xBD, 0x08, 0x2A, 0x73, 0xBD, 0x08, 0x2A, 0x73, 0xBD, 0x00, 0x2B, 0x73, 0xBD, 0x00, 0x2B,
    0x73, 0xBD, 0x00, 0x2B, 0x73, 0xBD, 0x08, 0x2A, 0x73, 0xBD, 0x00, 0x0C, 0x73, 0xBD, 0x00, 0x0E,
    0x73, 0xBD, 0x00, 0x0C, 0x73, 0xBD, 0x08, 0x2A, 0x73, 0xBD, 0x08, 0x2A, 0x73, 0xBD, 0x08, 0x2A,
    0x73, 0xBD, 0x00, 0x0D, 0x73, 0xBD, 0x00, 0x0C, 0x73, 0xBD, 0x00, 0x2B, 0x73, 0xBD, 0x00, 0x2B,
    0x73, 0xBD, 0x00, 0x0D, 0x73, 0xBD, 0x00, 0x0C, 0x73, 0xBD, 0x00, 0x0C, 0x73, 0xBD, 0x00, 0x0C,
    0x73, 0xBD, 0x08, 0x2A, 0x73, 0xBD, 0x00, 0x0D, 0x73, 0xBD, 0x00, 0x0E, 0x73, 0xBD, 0x00, 0x2B,
    0x73, 0xBD, 0x00, 0x2B, 0x73, 0xBD, 0x00, 0x2B, 0x73, 0xBD, 0x08, 0x2A, 0x73, 0xBD, 0x08, 0x2A,
    0x73, 0xBD, 0x00, 0x0C, 0x73, 0xBD, 0x00, 0x0C, 0x73, 0xBD, 0x00, 0x0E, 0x73, 0xBD, 0x00, 0x0D,
    0x73, 0xBD, 0x08, 0x2A, 0x73, 0xBD, 0x08, 0x2A, 0x73, 0xBD, 0x00, 0x2A, 0x73, 0xBD, 0x08, 0x2A,
    0x73, 0xBD, 0x08, 0x2A, 0x73, 0xBD, 0x00, 0x2B, 0x73, 0xBD, 0x00, 0x2B, 0x73, 0xBD, 0x00, 0x2B,
    0x73, 0xBD, 0x08, 0x2A, 0x73, 0xBD, 0x00, 0x0C, 0x73, 0xBD, 0x00, 0x0E, 0x73, 0xBD, 0x00, 0x0C,
    0x73, 0xBD, 0x08, 0x2A, 0x73, 0xBD, 0x08, 0x2A, 0x73, 0xBD, 0x08, 0x2A, 0x73, 0xBD, 0x00, 0x0D,
    0x73, 0xBD, 0x00, 0x0C, 0x73, 0xBD, 0x00, 0x2B, 0x73, 0xBD, 0x00, 0x2B, 0x73, 0xBD, 0x00, 0x0D,
    0x73, 0xBD, 0x00, 0x0C, 0x73, 0xBD, 0x00, 0x0C, 0x73, 0xBD, 0x00, 0x0C, 0x73, 0xBD, 0x08, 0x2A,
    0x73, 0xBD, 0x00, 0x0D, 0x73, 0xBD, 0x00, 0x0E, 0x73, 0xBD, 0x00, 0x2B, 0x73, 0xBD, 0x00, 0x2B,
    0x73, 0xBD, 0x00, 0x2B, 0x73, 0xBD, 0x08, 0x2A, 0x73, 0xBD, 0x08, 0x2A, 0x73, 0xBD, 0x00, 0x0C,
    0x73, 0xBD, 0x00, 0x0C, 0x73, 0xBD, 0x00, 0x0E, 0x73, 0xBD, 0x00, 0x0D, 0x73, 0xBD, 0x08, 0x2A,
    0x73, 0xBD, 0x08, 0x2A, 0x73, 0xBD, 0x00, 0x2A, 0x73, 0xBD, 0x08, 0x2A, 0x73, 0xBD, 0x08, 0x2A,
    0x73, 0xBD, 0x00, 0x2B, 0x73, 0xBD, 0x00, 0x2B, 0x73, 0xBD, 0x00, 0x2B, 0x73, 0xBD, 0x08, 0x2A,
    0x73, 0xBD, 0x00, 0x0C, 0x73, 0xBD, 0x00, 0x0E, 0x73, 0xBD, 0x00, 0x0C, 0x73, 0xBD, 0x08, 0x2A,
    0x73, 0xBD, 0x08, 0x2A, 0x73, 0xBD, 0x08, 0x2A, 0x73, 0xBD, 0x00, 0x0D, 0x73, 0xBD, 0x00, 0x0C,
    0x73, 0xBD, 0x00, 0x2B, 0x73, 0xBD, 0x00, 0x2B, 0x73, 0xBD, 0x00, 0x0D, 0x73, 0xBD, 0x00, 0x0C,
    0x73, 0xBD, 0x00, 0x0C, 0x73, 0xBD, 0x00, 0x0C, 0x73, 0xBD, 0x08, 0x2A, 0x73, 0xBD, 0x00, 0x0D,
    0x73, 0xBD, 0x00, 0x0E, 0x73, 0xBD, 0x00, 0x2B, 0x73, 0xBD, 0x00, 0x2B, 0x73, 0xBD, 0x00, 0x2B,
    0x73, 0xBD, 0x08, 0x2A, 0x73, 0xBD, 0x08, 0x2A, 0x73, 0xBD, 0x00, 0x0C, 0x73, 0xBD, 0x00, 0x0C,
    0x73, 0xBD, 0x00, 0x0E, 0x73, 0xBD, 0x00, 0x0D, 0x73, 0xBD, 0x08, 0x2A, 0x73, 0xBD, 0x08, 0x2A,
    0x7B, 0xBE, 0x00, 0x2A, 0x7B, 0xBE, 0x08, 0x2A, 0x63, 0x39, 0x08, 0x2A, 0x00, 0x00, 0x00, 0x2B,
    0x00, 0x0C, 0xB5, 0x9F, 0x00, 0x0C, 0x84, 0x3F, 0x00, 0x0C, 0x73, 0xBE, 0x00, 0x2B, 0x73, 0xBE,
    0x00, 0x0F, 0x73, 0xBE, 0x00, 0x0F, 0x73, 0x9D, 0x00, 0x0C, 0x73, 0x9D, 0x00, 0x0E, 0x73, 0x9D,
    0x00, 0x0C, 0x73, 0x9D, 0x00, 0x2B, 0x73, 0x9D, 0x00, 0x0C, 0x73, 0x9D, 0x00, 0x0C, 0x73, 0x9D,
    0x00, 0x0D, 0x73, 0x9D, 0x00, 0x0F, 0x73, 0x9D, 0x00, 0x0E, 0x73, 0x9D, 0x08, 0x2A, 0x73, 0x9D,
    0x08, 0x2A, 0x73, 0x9D, 0x08, 0x2A, 0x73, 0x9D, 0x08, 0x2A, 0x73, 0x9D, 0x08, 0x2A, 0x73, 0x9D,
    0x08, 0x2A, 0x73, 0x9D, 0x00, 0x2B, 0x73, 0x9D, 0x08, 0x2A, 0x73, 0x9D, 0x08, 0x2A, 0x73, 0x9D,
    0x00, 0x0D, 0x73, 0x9D, 0x00, 0x0F, 0x73, 0x9D, 0x00, 0x0D, 0x73, 0x9D, 0x00, 0x2B, 0x73, 0x9D,
    0x08, 0x2A, 0x73, 0x9D, 0x00, 0x2B, 0x73, 0x9D, 0x00, 0x0C, 0x73, 0x9D, 0x00, 0x0C, 0x73, 0x9D,
    0x00, 0x2B, 0x73, 0x9D, 0x00, 0x2B, 0x73, 0x9D, 0x00, 0x0C, 0x73, 0x9D, 0x00, 0x0C, 0x73, 0x9D,
    0x00, 0x0C, 0x73, 0x9D, 0x00, 0x0C, 0x73, 0x9D, 0x00, 0x2B, 0x73, 0x9D, 0x00, 0x0F, 0x73, 0x9D,
    0x00, 0x0F, 0x73, 0x9D, 0x00, 0x0C, 0x73, 0x9D, 0x00, 0x0E, 0x73, 0x9D, 0x00, 0x0C, 0x73, 0x9D,
    0x00, 0x2B, 0x73, 0x9D, 0x00, 0x0C, 0x73, 0x9D, 0x00, 0x0C, 0x73, 0x9D, 0x00, 0x0D, 0x73, 0x9D,
    0x00, 0x0F, 0x73, 0x9D, 0x00, 0x0E, 0x73, 0x9D, 0x08, 0x2A, 0x73, 0x9D, 0x08, 0x2A, 0x73, 0x9D,
    0x08, 0x2A, 0x73, 0x9D, 0x08, 0x2A, 0x73, 0x9D, 0x08, 0x2A, 0x73, 0x9D, 0x08, 0x2A, 0x73, 0x9D,
    0x00, 0x2B, 0x73, 0x9D, 0x08, 0x2A, 0x73, 0x9D, 0x08, 0x2A, 0x73, 0x9D, 0x00, 0x0D, 0x73, 0x9D,
    0x00, 0x0F, 0x73, 0x9D, 0x00, 0x0D, 0x73, 0x9D, 0x00, 0x2B, 0x73, 0x9D, 0x08, 0x2A, 0x73, 0x9D,
    0x00, 0x2B, 0x73, 0x9D, 0x00, 0x0C, 0x73, 0x9D, 0x00, 0x0C, 0x73, 0x9D, 0x00, 0x2B, 0x73, 0x9D,
    0x00, 0x2B, 0x73, 0x9D, 0x00, 0x0C, 0x73, 0x9D, 0x00, 0x0C, 0x73, 0x9D, 0x00, 0x0C, 0x73, 0x9D,
    0x00, 0x0C, 0x73, 0x9D, 0x00, 0x2B, 0x73, 0x9D, 0x00, 0x0F, 0x73, 0x9D, 0x00, 0x0F, 0x73, 0x9D,
    0x00, 0x0C, 0x73, 0x9D, 0x00, 0x0E, 0x73, 0x9D, 0x00, 0x0C, 0x73, 0x9D, 0x00, 0x2B, 0x73, 0x9D,
    0x00, 0x0C, 0x73, 0x9D, 0x00, 0x0C, 0x73, 0x9D, 0x00, 0x0D, 0x73, 0x9D, 0x00, 0x0F, 0x73, 0x9D,
    0x00, 0x0E, 0x73, 0x9D, 0x08, 0x2A, 0x73, 0x9D, 0x08, 0x2A, 0x73, 0x9D, 0x08, 0x2A, 0x73, 0x9D,
    0x08, 0x2A, 0x73, 0x9D, 0x08, 0x2A, 0x73, 0x9D, 0x08, 0x2A, 0x73, 0x9D, 0x00, 0x2B, 0x73, 0x9D,
    0x08, 0x2A, 0x73, 0x9D, 0x08, 0x2A, 0x73, 0x9D, 0x00, 0x0D, 0x73, 0x9D, 0x00, 0x0F, 0x73, 0x9D,
    0x00, 0x0D, 0x73, 0x9D, 0x00, 0x2B, 0x73, 0x9D, 0x08, 0x2A, 0x73, 0x9D, 0x00, 0x2B, 0x73, 0x9D,
    0x00, 0x0C, 0x73, 0x9D, 0x00, 0x0C, 0x73, 0x9D, 0x00, 0x2B, 0x73, 0x9D, 0x00, 0x2B, 0x73, 0x9D,
    0x00, 0x0C, 0x73, 0x9D, 0x00, 0x0C, 0x73, 0x9D, 0x00, 0x0C, 0x73, 0x9D, 0x00, 0x0C, 0x73, 0x9D,
    0x00, 0x2B, 0x73, 0x9D, 0x00, 0x0F, 0x73, 0x9D, 0x00, 0x0F, 0x73, 0x9D, 0x00, 0x0C, 0x73, 0x9D,
    0x00, 0x0E, 0x73, 0x9D, 0x00, 0x0C, 0x73, 0x9D, 0x00, 0x2B, 0x73, 0x9D, 0x00, 0x0C, 0x73, 0x9D,
    0x00, 0x0C, 0x73, 0x9D, 0x00, 0x0D, 0x73, 0x9D, 0x00, 0x0F, 0x73, 0x9D, 0x00, 0x0E, 0x73, 0x9D,
    0x08, 0x2A, 0x73, 0x9D, 0x08, 0x2A, 0x73, 0x9D, 0x08, 0x2A, 0x73, 0x9D, 0x08, 0x2A, 0x73, 0x9D,
    0x08, 0x2A, 0x73, 0x9D, 0x08, 0x2A, 0x73, 0x9D, 0x00, 0x2B, 0x73, 0x9D, 0x08, 0x2A, 0x73, 0x9D,
    0x08, 0x2A, 0x73, 0x9D, 0x00, 0x0D, 0x73, 0x9D, 0x00, 0x0F, 0x73, 0x9D, 0x00, 0x0D, 0x73, 0x9D,
    0x00, 0x2B, 0x73, 0x9D, 0x08, 0x2A, 0x73, 0x9D, 0x00, 0x2B, 0x73, 0x9D, 0x00, 0x0C, 0x73, 0x9D,
    0x00, 0x0C, 0x73, 0x9D, 0x00, 0x2B, 0x73, 0x9D, 0x00, 0x2B, 0x73, 0x9D, 0x00, 0x0C, 0x73, 0x9D,
    0x00, 0x0C, 0x73, 0x9D, 0x00, 0x0C, 0x73, 0x9D, 0x00, 0x0C, 0x73, 0x9D, 0x00, 0x2B, 0x73, 0x9D,
    0x00, 0x0F, 0x73, 0x9D, 0x00, 0x0F, 0x73, 0x9D, 0x00, 0x0C, 0x73, 0x9D, 0x00, 0x0E, 0x73, 0x9D,
    0x00, 0x0C, 0x73, 0x9D, 0x00, 0x2B, 0x73, 0x9D, 0x00, 0x0C, 0x73, 0x9D, 0x00, 0x0C, 0x73, 0x9D,
    0x00, 0x0D, 0x73, 0x9D, 0x00, 0x0F, 0x73, 0x9D, 0x00, 0x0E, 0x73, 0x9D, 0x08, 0x2A, 0x73, 0xBE,
    0x08, 0x2A, 0x73, 0xBE, 0x08, 0x2A, 0xAD, 0x5F, 0x08, 0x2A, 0x00, 0x00, 0x08, 0x2A, 0x00, 0x00,
    0xFF, 0xDF, 0x00, 0x0C, 0xA5, 0x1F, 0x00, 0x0C, 0x00, 0x00, 0x00, 0x2A, 0x73, 0xBE, 0x00, 0x2B,
    0x73, 0xBE, 0x00, 0x0E, 0x73, 0x9D, 0x00, 0x0E, 0x73, 0x9D, 0x00, 0x0E, 0x73, 0x9D, 0x00, 0x0E,
    0x73, 0x9D, 0x00, 0x11, 0x73, 0x9D, 0x00, 0x0D, 0x73, 0x9D, 0x00, 0x0C, 0x73, 0x9D, 0x00, 0x0C,
    0x73, 0x9D, 0x00, 0x0D, 0x73, 0x9D, 0x00, 0x0F, 0x73, 0x9D, 0x00, 0x0D, 0x73, 0x9D, 0x08, 0x2A,
    0x73, 0x9D, 0x00, 0x0C, 0x73, 0x9D, 0x00, 0x2B, 0x73, 0x9D, 0x08, 0x2A, 0x73, 0x9D, 0x08, 0x2A,
    0x73, 0x9D, 0x08, 0x2A, 0x73, 0x9D, 0x00, 0x2B, 0x73, 0x9D, 0x08, 0x2A, 0x73, 0x9D, 0x00, 0x2A,
    0x73, 0x9D, 0x00, 0x0E, 0x73, 0x9D, 0x00, 0x0F, 0x73, 0x9D, 0x00, 0x0E, 0x73, 0x9D, 0x08, 0x2A,
    0x73, 0x9D, 0x08, 0x2A, 0x73, 0x9D, 0x00, 0x2B, 0x73, 0x9D, 0x00, 0x0B, 0x73, 0x9D, 0x00, 0x2B,
    0x73, 0x9D, 0x08, 0x2A, 0x73, 0x9D, 0x00, 0x2B, 0x73, 0x9D, 0x00, 0x0B, 0x73, 0x9D, 0x00, 0x0C,
    0x73, 0x9D, 0x00, 0x0C, 0x73, 0x9D, 0x00, 0x2A, 0x73, 0x9D, 0x00, 0x2B, 0x73, 0x9D, 0x00, 0x0E,
    0x73, 0x9D, 0x00, 0x0E, 0x73, 0x9D, 0x00, 0x0E, 0x73, 0x9D, 0x00, 0x0E, 0x73, 0x9D, 0x00, 0x0E,
    0x73, 0x9D, 0x00, 0x0D, 0x73, 0x9D, 0x00, 0x0C, 0x73, 0x9D, 0x00, 0x0C, 0x73, 0x9D, 0x00, 0x0D,
    0x73, 0x9D, 0x00, 0x0F, 0x73, 0x9D, 0x00, 0x0D, 0x73, 0x9D, 0x08, 0x2A, 0x73, 0x9D, 0x00, 0x0C,
    0x73, 0x9D, 0x00, 0x2B, 0x73, 0x9D, 0x08, 0x2A, 0x73, 0x9D, 0x08, 0x2A, 0x73, 0x9D, 0x08, 0x2A,
    0x73, 0x9D, 0x00, 0x2B, 0x73, 0x9D, 0x08, 0x2A, 0x73, 0x9D, 0x00, 0x2A, 0x73, 0x9D, 0x00, 0x0E,
    0x73, 0x9D, 0x00, 0x0F, 0x73, 0x9D, 0x00, 0x0E, 0x73, 0x9D, 0x08, 0x2A, 0x73, 0x9D, 0x08, 0x2A,
    0x73, 0x9D, 0x00, 0x2B, 0x73, 0x9D, 0x00, 0x0B, 0x73, 0x9D, 0x00, 0x2B, 0x73, 0x9D, 0x08, 0x2A,
    0x73, 0x9D, 0x00, 0x2B, 0x73, 0x9D, 0x00, 0x0B, 0x73, 0x9D, 0x00, 0x0C, 0x73, 0x9D, 0x00, 0x0C,
    0x73, 0x9D, 0x00, 0x2A, 0x73, 0x9D, 0x00, 0x2B, 0x73, 0x9D, 0x00, 0x0E, 0x73, 0x9D, 0x00, 0x0E,
    0x73, 0x9D, 0x00, 0x0E, 0x73, 0x9D, 0x00, 0x0E, 0x73, 0x9D, 0x00, 0x0E, 0x73, 0x9D, 0x00, 0x0D,
    0x73, 0x9D, 0x00, 0x0C, 0x73, 0x9D, 0x00, 0x0C, 0x73, 0x9D, 0x00, 0x0D, 0x73, 0x9D, 0x00, 0x0F,
    0x73, 0x9D, 0x00, 0x0D, 0x73, 0x9D, 0x08, 0x2A, 0x73, 0x9D, 0x00, 0x0C, 0x73, 0x9D, 0x00, 0x2B,
    0x73, 0x9D, 0x08, 0x2A, 0x73, 0x9D, 0x08, 0x2A, 0x73, 0x9D, 0x08, 0x2A, 0x73, 0x9D, 0x00, 0x2B,
    0x73, 0x9D, 0x08, 0x2A, 0x73, 0x9D, 0x00, 0x2A, 0x73, 0x9D, 0x00, 0x0E, 0x73, 0x9D, 0x00, 0x0F,
    0x73, 0x9D, 0x00, 0x0E, 0x73, 0x9D, 0x08, 0x2A, 0x73, 0x9D, 0x08, 0x2A, 0x73, 0x9D, 0x00, 0x2B,
    0x73, 0x9D, 0x00, 0x0B, 0x73, 0x9D, 0x00, 0x2B, 0x73, 0x9D, 0x08, 0x2A, 0x73, 0x9D, 0x00, 0x2B,
    0x73, 0x9D, 0x00, 0x0B, 0x73, 0x9D, 0x00, 0x0C, 0x73, 0x9D, 0x00, 0x0C, 0x73, 0x9D, 0x00, 0x2A,
    0x73, 0x9D, 0x00, 0x2B, 0x73, 0x9D, 0x00, 0x0E, 0x73, 0x9D, 0x00, 0x0E, 0x73, 0x9D, 0x00, 0x0E,
    0x73, 0x9D, 0x00, 0x0E, 0x73, 0x9D, 0x00, 0x0E, 0x73, 0x9D, 0x00, 0x0D, 0x73, 0x9D, 0x00, 0x0C,
    0x73, 0x9D, 0x00, 0x0C, 0x73, 0x9D, 0x00, 0x0D, 0x73, 0x9D, 0x00, 0x0F, 0x73, 0x9D, 0x00, 0x0D,
    0x73, 0x9D, 0x08, 0x2A, 0x73, 0x9D, 0x00, 0x0C, 0x73, 0x9D, 0x00, 0x2B, 0x73, 0x9D, 0x08, 0x2A,
    0x73, 0x9D, 0x08, 0x2A, 0x73, 0x9D, 0x08, 0x2A, 0x73, 0x9D, 0x00, 0x2B, 0x73, 0x9D, 0x08, 0x2A,
    0x73, 0x9D, 0x00, 0x2A, 0x73, 0x9D, 0x00, 0x0E, 0x73, 0x9D, 0x00, 0x0F, 0x73, 0x9D, 0x00, 0x0E,
    0x73, 0x9D, 0x08, 0x2A, 0x73, 0x9D, 0x08, 0x2A, 0x73, 0x9D, 0x00, 0x2B, 0x73, 0x9D, 0x00, 0x0B,
    0x73, 0x9D, 0x00, 0x2B, 0x73, 0x9D, 0x08, 0x2A, 0x73, 0x9D, 0x00, 0x2B, 0x73, 0x9D, 0x00, 0x0B,
    0x73, 0x9D, 0x00, 0x0C, 0x73, 0x9D, 0x00, 0x0C, 0x73, 0x9D, 0x00, 0x2A, 0x73, 0x9D, 0x00, 0x2B,
    0x73, 0x9D, 0x00, 0x0E, 0x73, 0x9D, 0x00, 0x0E, 0x73, 0x9D, 0x00, 0x0E, 0x73, 0x9D, 0x00, 0x0E,
    0x73, 0x9D, 0x00, 0x0E, 0x73, 0x9D, 0x00, 0x11, 0x73, 0x9D, 0x00, 0x0C, 0x73, 0x9D, 0x00, 0x0C,
    0x73, 0x9D, 0x00, 0x0D, 0x73, 0x9D, 0x00, 0x0F, 0x73, 0x9D, 0x00, 0x0D, 0x73, 0x9D, 0x08, 0x2A,
    0x73, 0xBE, 0x00, 0x0C, 0x73, 0xBE, 0x00, 0x2B, 0x63, 0x19, 0x08, 0x2A, 0x00, 0x00, 0x08, 0x2A,
    0x00, 0x0C, 0xAD, 0x7F, 0x00, 0x0D, 0x84, 0x1F, 0x00, 0x2B, 0x73, 0xBD, 0x08, 0x2A, 0x73, 0xBD,
    0x00, 0x2B, 0x73, 0xBD, 0x00, 0x0D, 0x73, 0x9D, 0x00, 0x0D, 0x73, 0x9D, 0x08, 0x38, 0x73, 0x9D,
    0x08, 0x38, 0x73, 0x9D, 0x00, 0x0E, 0x73, 0x9D, 0x00, 0x0A, 0x73, 0x9D, 0x00, 0x2B, 0x73, 0x9D,
    0x00, 0x0C, 0x73, 0x9D, 0x00, 0x0D, 0x73, 0x9D, 0x00, 0x0F, 0x73, 0x9D, 0x00, 0x0D, 0x73, 0x9D,
    0x00, 0x0B, 0x73, 0x9D, 0x00, 0x0E, 0x73, 0x9D, 0x00, 0x0C, 0x73, 0x9D, 0x08, 0x2A, 0x73, 0x9D,
    0x08, 0x2A, 0x73, 0x9D, 0x00, 0x2B, 0x73, 0x9D, 0x00, 0x2B, 0x73, 0x9D, 0x08, 0x2A, 0x73, 0x9D,
    0x08, 0x2A, 0x73, 0x9D, 0x00, 0x0C, 0x73, 0x9D, 0x00, 0x0E, 0x73, 0x9D, 0x00, 0x0C, 0x73, 0x9D,
    0x08, 0x2A, 0x73, 0x9D, 0x08, 0x2A, 0x73, 0x9D, 0x00, 0x2B, 0x73, 0x9D, 0x00, 0x2B, 0x73, 0x9D,
    0x08, 0x2A, 0x73, 0x9D, 0x00, 0x2B, 0x73, 0x9D, 0x00, 0x0C, 0x73, 0x9D, 0x08, 0x6D, 0x73, 0xBD,
    0x08, 0x6E, 0x73, 0xBD, 0x08, 0x6C, 0x73, 0xBD, 0x10, 0x6B, 0x73, 0xBD, 0x08, 0x6C, 0x73, 0xBD,
    0x08, 0x6E, 0x73, 0xBD, 0x08, 0x6E, 0x73, 0xBD, 0x08, 0x6F, 0x73, 0xBD, 0x08, 0x6E, 0x73, 0xBD,
    0x08, 0x6F, 0x73, 0xBD, 0x08, 0x6F, 0x73, 0xBD, 0x08, 0x6C, 0x73, 0x9D, 0x00, 0x0C, 0x73, 0x9D,
    0x00, 0x0D, 0x73, 0x9D, 0x00, 0x0F, 0x73, 0x9D, 0x00, 0x0D, 0x73, 0x9D, 0x00, 0x0B, 0x73, 0x9D,
    0x00, 0x0E, 0x73, 0x9D, 0x00, 0x0C, 0x73, 0x9D, 0x08, 0x2A, 0x73, 0x9D, 0x08, 0x2A, 0x73, 0x9D,
    0x00, 0x2B, 0x73, 0x9D, 0x00, 0x2B, 0x73, 0x9D, 0x08, 0x2A, 0x73, 0x9D, 0x08, 0x2A, 0x73, 0x9D,
    0x00, 0x0C, 0x73, 0x9D, 0x00, 0x0E, 0x73, 0x9D, 0x00, 0x0C, 0x73, 0x9D, 0x08, 0x2A, 0x73, 0x9D,
    0x08, 0x2A, 0x73, 0x9D, 0x00, 0x2B, 0x73, 0x9D, 0x00, 0x2B, 0x73, 0x9D, 0x08, 0x2A, 0x73, 0x9D,
    0x00, 0x2B, 0x73, 0x9D, 0x00, 0x0C, 0x73, 0x9D, 0x00, 0x0C, 0x73, 0x9D, 0x00, 0x0D, 0x73, 0x9D,
    0x00, 0x2B, 0x73, 0x9D, 0x08, 0x2A, 0x73, 0x9D, 0x00, 0x2B, 0x73, 0x9D, 0x00, 0x0D, 0x73, 0x9D,
    0x00, 0x0D, 0x73, 0x9D, 0x00, 0x0E, 0x73, 0x9D, 0x00, 0x0E, 0x73, 0x9D, 0x00, 0x0E, 0x73, 0x9D,
    0x00, 0x0E, 0x73, 0x9D, 0x00, 0x2B, 0x73, 0x9D, 0x00, 0x0C, 0x73, 0x9D, 0x00, 0x0D, 0x73, 0x9D,
    0x00, 0x0F, 0x73, 0x9D, 0x00, 0x0D, 0x73, 0x9D, 0x00, 0x0B, 0x73, 0x9D, 0x00, 0x0E, 0x73, 0x9D,
    0x00, 0x0C, 0x73, 0x9D, 0x08, 0x2A, 0x73, 0x9D, 0x08, 0x2A, 0x73, 0x9D, 0x00, 0x2B, 0x73, 0x9D,
    0x00, 0x2B, 0x73, 0x9D, 0x08, 0x2A, 0x73, 0x9D, 0x08, 0x2A, 0x73, 0x9D, 0x00, 0x0C, 0x73, 0x9D,
    0x00, 0x0E, 0x73, 0x9D, 0x00, 0x0C, 0x73, 0x9D, 0x08, 0x2A, 0x73, 0x9D, 0x08, 0x2A, 0x73, 0x9D,
    0x00, 0x2B, 0x73, 0x9D, 0x00, 0x2B, 0x73, 0x9D, 0x08, 0x2A, 0x73, 0x9D, 0x00, 0x2B, 0x73, 0x9D,
    0x00, 0x0C, 0x73, 0x9D, 0x00, 0x0C, 0x73, 0x9D, 0x00, 0x0D, 0x73, 0x9D, 0x00, 0x2B, 0x73, 0x9D,
    0x08, 0x2A, 0x73, 0x9D, 0x00, 0x2B, 0x73, 0x9D, 0x00, 0x0D, 0x73, 0x9D, 0x00, 0x0D, 0x73, 0x9D,
    0x00, 0x0E, 0x73, 0x9D, 0x00, 0x0E, 0x73, 0x9D, 0x00, 0x0E, 0x73, 0x9D, 0x00, 0x0E, 0x73, 0x9D,
    0x00, 0x2B, 0x73, 0x9D, 0x00, 0x0C, 0x73, 0x9D, 0x00, 0x0D, 0x73, 0x9D, 0x00, 0x0F, 0x73, 0x9D,
    0x00, 0x0D, 0x73, 0x9D, 0x00, 0x0B, 0x73, 0x9D, 0x00, 0x0E, 0x73, 0x9D, 0x00, 0x0C, 0x73, 0x9D,
    0x08, 0x2A, 0x73, 0x9D, 0x08, 0x2A, 0x73, 0x9D, 0x00, 0x2B, 0x73, 0x9D, 0x00, 0x2B, 0x73, 0x9D,
    0x08, 0x2A, 0x73, 0x9D, 0x08, 0x2A, 0x73, 0x9D, 0x00, 0x0C, 0x73, 0x9D, 0x00, 0x0E, 0x73, 0x9D,
    0x00, 0x0C, 0x73, 0x9D, 0x08, 0x2A, 0x73, 0x9D, 0x08, 0x2A, 0x73, 0x9D, 0x00, 0x2B, 0x73, 0x9D,
    0x00, 0x2B, 0x73, 0x9D, 0x08, 0x2A, 0x73, 0x9D, 0x00, 0x2B, 0x73, 0x9D, 0x00, 0x0C, 0x73, 0x9D,
    0x00, 0x0C, 0x73, 0x9D, 0x00, 0x0D, 0x73, 0x9D, 0x00, 0x2B, 0x73, 0x9D, 0x08, 0x2A, 0x73, 0x9D,
    0x00, 0x2B, 0x73, 0x9D, 0x00, 0x0D, 0x73, 0x9D, 0x00, 0x0D, 0x73, 0x9D, 0x00, 0x0E, 0x73, 0x9D,
    0x08, 0x38, 0x73, 0x9D, 0x08, 0x38, 0x73, 0x9D, 0x00, 0x0E, 0x73, 0x9D, 0x00, 0x0A, 0x73, 0x9D,
    0x00, 0x0C, 0x73, 0x9D, 0x00, 0x0D, 0x73, 0x9D, 0x00, 0x0F, 0x73, 0x9D, 0x00, 0x0D, 0x73, 0xBD,
    0x00, 0x0B, 0x73, 0xBD, 0x00, 0x0E, 0xAD, 0x3F, 0x00, 0x0C, 0x00, 0x00, 0x08, 0x2A, 0x00, 0x00,
    0xFF, 0xBF, 0x00, 0x0D, 0xA5, 0x1F, 0x00, 0x0D, 0x00, 0x00, 0x08, 0x2A, 0x73, 0x9D, 0x08, 0x2A,
    0x73, 0x9D, 0x08, 0x2A, 0x73, 0x9D, 0x08, 0x39, 0x73, 0x9D, 0x08, 0x37, 0x73, 0x9D, 0x08, 0x35,
    0x73, 0x9D, 0x08, 0x33, 0x73, 0x9D, 0x00, 0x0C, 0x73, 0x9D, 0x00, 0x08, 0x73, 0x9D, 0x08, 0x2A,
    0x73, 0x9D, 0x00, 0x0D, 0x73, 0x9D, 0x00, 0x0D, 0x73, 0x9D, 0x00, 0x0F, 0x73, 0x9D, 0x00, 0x0C,
    0x73, 0x9D, 0x00, 0x0D, 0x73, 0x9D, 0x00, 0x0F, 0x73, 0x9D, 0x00, 0x0E, 0x73, 0x9D, 0x00, 0x0C,
    0x73, 0x9D, 0x00, 0x2B, 0x73, 0x9D, 0x00, 0x0D, 0x73, 0x9D, 0x08, 0x2A, 0x73, 0x9D, 0x08, 0x2A,
    0x73, 0x9D, 0x08, 0x2A, 0x73, 0x9D, 0x00, 0x0B, 0x73, 0x9D, 0x00, 0x0E, 0x73, 0x9D, 0x00, 0x2B,
    0x73, 0x9D, 0x08, 0x2A, 0x73, 0x9D, 0x00, 0x0B, 0x73, 0x9D, 0x08, 0x2A, 0x73, 0x9D, 0x08, 0x2A,
    0x73, 0x9D, 0x00, 0x2B, 0x73, 0x9D, 0x00, 0x0D, 0x73, 0x9D, 0x3A, 0x54, 0x95, 0x5F, 0x84, 0xDD,
    0x95, 0x5F, 0x84, 0xDD, 0x95, 0x3F, 0x84, 0xBC, 0x95, 0x3F, 0x84, 0xBC, 0x95, 0x7F, 0x8C, 0xFC,
    0x95, 0x7F, 0x8C, 0xFD, 0x9D, 0x7F, 0x8C, 0xFD, 0x9D, 0x7F, 0x8C, 0xFD, 0x95, 0x7F, 0x84, 0xFD,
    0x95, 0x7F, 0x8C, 0xFD, 0x95, 0x7F, 0x84, 0xFD, 0x95, 0x5F, 0x7C, 0x9B, 0x8C, 0xDE, 0x3A, 0x34,
    0x73, 0xDD, 0x00, 0x2D, 0x73, 0x9D, 0x00, 0x0F, 0x73, 0x9D, 0x00, 0x0C, 0x73, 0x9D, 0x00, 0x0D,
    0x73, 0x9D, 0x00, 0x0F, 0x73, 0x9D, 0x00, 0x0E, 0x73, 0x9D, 0x00, 0x0C, 0x73, 0x9D, 0x00, 0x2B,
    0x73, 0x9D, 0x00, 0x0D, 0x73, 0x9D, 0x08, 0x2A, 0x73, 0x9D, 0x08, 0x2A, 0x73, 0x9D, 0x08, 0x2A,
    0x73, 0x9D, 0x00, 0x0B, 0x73, 0x9D, 0x00, 0x0E, 0x73, 0x9D, 0x00, 0x2B, 0x73, 0x9D, 0x08, 0x2A,
    0x73, 0x9D, 0x00, 0x0B, 0x73, 0x9D, 0x08, 0x2A, 0x73, 0x9D, 0x08, 0x2A, 0x73, 0x9D, 0x00, 0x2B,
    0x73, 0x9D, 0x00, 0x0D, 0x73, 0x9D, 0x00, 0x0C, 0x73, 0x9D, 0x18, 0xD0, 0x84, 0xBE, 0x63, 0xB9,
    0x8C, 0xDF, 0x63, 0xB8, 0x8C, 0xDF, 0x52, 0xF5, 0x73, 0x9D, 0x08, 0x2A, 0x73, 0x9D, 0x00, 0x0C,
    0x73, 0x9D, 0x00, 0x0D, 0x73, 0x9D, 0x00, 0x0C, 0x73, 0x9D, 0x00, 0x0C, 0x73, 0x9D, 0x00, 0x0E,
    0x73, 0x9D, 0x00, 0x0C, 0x73, 0x9D, 0x08, 0x2A, 0x73, 0x9D, 0x00, 0x0D, 0x73, 0x9D, 0x00, 0x0D,
    0x73, 0x9D, 0x00, 0x0F, 0x73, 0x9D, 0x00, 0x0C, 0x73, 0x9D, 0x00, 0x0D, 0x73, 0x9D, 0x00, 0x2F,
    0x7C, 0x1D, 0x3A, 0x55, 0x84, 0x7E, 0x42, 0x74, 0x84, 0x7E, 0x3A, 0x32, 0x73, 0xBD, 0x00, 0x0D,
    0x73, 0x9D, 0x08, 0x2A, 0x73, 0x9D, 0x08, 0x2A, 0x73, 0x9D, 0x08, 0x2A, 0x73, 0x9D, 0x00, 0x0B,
    0x73, 0x9D, 0x00, 0x0E, 0x73, 0x9D, 0x00, 0x2B, 0x73, 0x9D, 0x08, 0x2A, 0x73, 0x9D, 0x00, 0x0B,
    0x73, 0x9D, 0x08, 0x2A, 0x73, 0x9D, 0x08, 0x2A, 0x73, 0x9D, 0x00, 0x2B, 0x73, 0x9D, 0x00, 0x0D,
    0x73, 0x9D, 0x00, 0x0C, 0x7C, 0x1D, 0x63, 0xB9, 0x8C, 0xFF, 0x63, 0xD9, 0x8C, 0xFE, 0x6B, 0xD8,
    0x84, 0x5E, 0x08, 0x2A, 0x73, 0x9D, 0x08, 0x2A, 0x73, 0x9D, 0x00, 0x0C, 0x73, 0x9D, 0x00, 0x0D,
    0x73, 0x9D, 0x00, 0x0C, 0x73, 0x9D, 0x00, 0x0C, 0x73, 0x9D, 0x00, 0x0E, 0x73, 0x9D, 0x00, 0x0C,
    0x73, 0x9D, 0x08, 0x2A, 0x73, 0x9D, 0x00, 0x0D, 0x73, 0x9D, 0x00, 0x0D, 0x73, 0x9D, 0x00, 0x0F,
    0x73, 0x9D, 0x00, 0x0C, 0x73, 0x9D, 0x00, 0x0D, 0x73, 0x9D, 0x00, 0x0F, 0x73, 0x9D, 0x00, 0x0E,
    0x73, 0x9D, 0x00, 0x0C, 0x73, 0x9D, 0x00, 0x2B, 0x73, 0x9D, 0x00, 0x0D, 0x73, 0x9D, 0x08, 0x2A,
    0x73, 0x9D, 0x08, 0x2A, 0x73, 0x9D, 0x08, 0x2A, 0x73, 0x9D, 0x00, 0x0B, 0x73, 0x9D, 0x00, 0x0E,
    0x73, 0x9D, 0x00, 0x2B, 0x73, 0x9D, 0x08, 0x2A, 0x73, 0x9D, 0x00, 0x0B, 0x73, 0x9D, 0x08, 0x2A,
    0x73, 0x9D, 0x08, 0x2A, 0x73, 0x9D, 0x00, 0x2B, 0x73, 0x9D, 0x00, 0x0D, 0x73, 0x9D, 0x00, 0x0C,
    0x73, 0x9D, 0x00, 0x0D, 0x73, 0x9D, 0x00, 0x0D, 0x73, 0x9D, 0x08, 0x2A, 0x73, 0x9D, 0x08, 0x2A,
    0x73, 0x9D, 0x08, 0x2A, 0x73, 0x9D, 0x00, 0x0C, 0x73, 0x9D, 0x08, 0x39, 0x73, 0x9D, 0x08, 0x37,
    0x73, 0x9D, 0x08, 0x35, 0x73, 0x9D, 0x08, 0x33, 0x73, 0x9D, 0x00, 0x0C, 0x73, 0x9D, 0x00, 0x08,
    0x73, 0x9D, 0x00, 0x0D, 0x73, 0x9D, 0x00, 0x0D, 0x73, 0x9D, 0x00, 0x0F, 0x73, 0x9D, 0x00, 0x0C,
    0x73, 0x9D, 0x00, 0x0D, 0x73, 0x9D, 0x00, 0x0F, 0x63, 0x18, 0x00, 0x0E, 0x00, 0x00, 0x00, 0x0C,
    0x00, 0x0B, 0xAD, 0x5F, 0x00, 0x0D, 0x84, 0x1F, 0x00, 0x0C, 0x73, 0x9D, 0x00, 0x2B, 0x73, 0x9D,
    0x08, 0x2A, 0x73, 0x9D, 0x08, 0x36, 0x73, 0x7C, 0x08, 0x39, 0x73, 0x7C, 0x08, 0x35, 0x73, 0x7C,
    0x08, 0x34, 0x73, 0x7C, 0x00, 0x10, 0x73, 0x7C, 0x00, 0x09, 0x73, 0x7C, 0x00, 0x03, 0x73, 0x7C,
    0x00, 0x2B, 0x73, 0x7C, 0x00, 0x0C, 0x73, 0x7C, 0x00, 0x0C, 0x73, 0x7C, 0x00, 0x0D, 0x73, 0x7C,
    0x00, 0x2B, 0x73, 0x7C, 0x00, 0x0E, 0x73, 0x7C, 0x00, 0x10, 0x73, 0x7C, 0x00, 0x10, 0x73, 0x7C,
    0x00, 0x0C, 0x73, 0x7C, 0x00, 0x0E, 0x73, 0x7C, 0x00, 0x0C, 0x73, 0x7C, 0x00, 0x2B, 0x73, 0x7C,
    0x08, 0x2A, 0x73, 0x7C, 0x08, 0x2A, 0x73, 0x7C, 0x00, 0x0D, 0x73, 0x7C, 0x00, 0x0E, 0x73, 0x7C,
    0x00, 0x2B, 0x73, 0x7C, 0x00, 0x0B, 0x73, 0x7C, 0x00, 0x2B, 0x73, 0x7C, 0x08, 0x2A, 0x73, 0x7C,
    0x08, 0x2A, 0x73, 0x7C, 0x00, 0x0C, 0x73, 0x7C, 0x00, 0x0C, 0x8C, 0xDE, 0x84, 0xBE, 0x63, 0x7C,
    0x4A, 0x98, 0x63, 0x5C, 0x42, 0x77, 0x5B, 0x5B, 0x3A, 0x36, 0x5B, 0x3B, 0x84, 0x79, 0x9D, 0x5F,
    0x84, 0x7A, 0x9D, 0x5F, 0x7C, 0x7B, 0x95, 0x1F, 0x74, 0x1A, 0x8C, 0xFF, 0x6B, 0xD9, 0x8C, 0xBF,
    0x6B, 0xB9, 0x84, 0x9E, 0x63, 0x9A, 0x7C, 0x5D, 0x5B, 0x58, 0x7C, 0x3D, 0x63, 0x79, 0x8D, 0x1F,
    0x8D, 0x1D, 0x84, 0xBE, 0x21, 0x0F, 0x73, 0x7C, 0x00, 0x0D, 0x73, 0x7C, 0x00, 0x2B, 0x73, 0x7C,
    0x00, 0x0E, 0x73, 0x7C, 0x00, 0x10, 0x73, 0x7C, 0x00, 0x10, 0x73, 0x7C, 0x00, 0x0C, 0x73, 0x7C,
    0x00, 0x0E, 0x73, 0x7C, 0x00, 0x0C, 0x73, 0x7C, 0x00, 0x2B, 0x73, 0x7C, 0x08, 0x2A, 0x73, 0x7C,
    0x08, 0x2A, 0x73, 0x7C, 0x00, 0x0D, 0x73, 0x7C, 0x00, 0x0E, 0x73, 0x7C, 0x00, 0x2B, 0x73, 0x7C,
    0x00, 0x0B, 0x73, 0x7C, 0x00, 0x2B, 0x73, 0x7C, 0x08, 0x2A, 0x73, 0x7C, 0x08, 0x2A, 0x73, 0x7C,
    0x00, 0x0C, 0x73, 0x7C, 0x00, 0x0C, 0x73, 0x7C, 0x00, 0x0B, 0x7C, 0x5E, 0x95, 0x7F, 0x7C, 0x5E,
    0x63, 0xBC, 0x74, 0x3E, 0x6C, 0x1C, 0x9D, 0x9F, 0x21, 0x0D, 0x73, 0x7C, 0x08, 0x2A, 0x73, 0x7C,
    0x00, 0x0C, 0x73, 0x7C, 0x00, 0x0D, 0x73, 0x7C, 0x00, 0x2B, 0x73, 0x7C, 0x00, 0x0C, 0x73, 0x7C,
    0x00, 0x0D, 0x73, 0x7C, 0x08, 0x2A, 0x73, 0x7C, 0x00, 0x2B, 0x73, 0x7C, 0x00, 0x0C, 0x73, 0x7C,
    0x00, 0x0C, 0x73, 0x7C, 0x00, 0x0D, 0x73, 0x7C, 0x00, 0x2B, 0x73, 0x7C, 0x00, 0x0E, 0x73, 0xDD,
    0x8D, 0x5F, 0x8D, 0x1F, 0x95, 0x7E, 0x9D, 0xBF, 0x95, 0x5E, 0x9D, 0xBF, 0x3A, 0x14, 0x73, 0x7C,
    0x00, 0x0C, 0x73, 0x7C, 0x00, 0x2B, 0x73, 0x7C, 0x08, 0x2A, 0x73, 0x7C, 0x08, 0x2A, 0x73, 0x7C,
    0x00, 0x0D, 0x73, 0x7C, 0x00, 0x0E, 0x73, 0x7C, 0x00, 0x2B, 0x73, 0x7C, 0x00, 0x0B, 0x73, 0x7C,
    0x00, 0x2B, 0x73, 0x7C, 0x08, 0x2A, 0x73, 0x7C, 0x08, 0x2A, 0x73, 0x7C, 0x00, 0x0C, 0x73, 0x7C,
    0x00, 0x0C, 0x73, 0x7C, 0x63, 0xB8, 0x95, 0x7F, 0x7C, 0x7D, 0x84, 0xDF, 0x74, 0x3C, 0x8D, 0x3F,
    0x84, 0xDC, 0x73, 0x9D, 0x08, 0x2A, 0x73, 0x7C, 0x08, 0x2A, 0x73, 0x7C, 0x00, 0x0C, 0x73, 0x7C,
    0x00, 0x0D, 0x73, 0x7C, 0x00, 0x2B, 0x73, 0x7C, 0x00, 0x0C, 0x73, 0x7C, 0x00, 0x0D, 0x73, 0x7C,
    0x08, 0x2A, 0x73, 0x7C, 0x00, 0x2B, 0x73, 0x7C, 0x00, 0x0C, 0x73, 0x7C, 0x00, 0x0C, 0x73, 0x7C,
    0x00, 0x0D, 0x73, 0x7C, 0x00, 0x2B, 0x73, 0x7C, 0x00, 0x0E, 0x73, 0x7C, 0x00, 0x10, 0x73, 0x7C,
    0x00, 0x10, 0x73, 0x7C, 0x00, 0x0C, 0x73, 0x7C, 0x00, 0x0E, 0x73, 0x7C, 0x00, 0x0C, 0x73, 0x7C,
    0x00, 0x2B, 0x73, 0x7C, 0x08, 0x2A, 0x73, 0x7C, 0x08, 0x2A, 0x73, 0x7C, 0x00, 0x0D, 0x73, 0x7C,
    0x00, 0x0E, 0x73, 0x7C, 0x00, 0x2B, 0x73, 0x7C, 0x00, 0x0B, 0x73, 0x7C, 0x00, 0x2B, 0x73, 0x7C,
    0x08, 0x2A, 0x73, 0x7C, 0x08, 0x2A, 0x73, 0x7C, 0x00, 0x0C, 0x73, 0x7C, 0x00, 0x0C, 0x73, 0x7C,
    0x00, 0x0B, 0x73, 0x7C, 0x00, 0x0D, 0x73, 0x7C, 0x00, 0x0C, 0x73, 0x7C, 0x00, 0x2B, 0x73, 0x7C,
    0x08, 0x2A, 0x73, 0x7C, 0x08, 0x2A, 0x73, 0x7C, 0x08, 0x36, 0x73, 0x7C, 0x08, 0x39, 0x73, 0x7C,
    0x08, 0x35, 0x73, 0x7C, 0x08, 0x34, 0x73, 0x7C, 0x00, 0x10, 0x73, 0x7C, 0x00, 0x09, 0x73, 0x7C,
    0x00, 0x03, 0x73, 0x7C, 0x00, 0x0C, 0x73, 0x7C, 0x00, 0x0C, 0x73, 0x7C, 0x00, 0x0D, 0x73, 0x9D,
    0x00, 0x2B, 0x73, 0x9D, 0x00, 0x0E, 0xA5, 0x1F, 0x00, 0x10, 0x00, 0x00, 0x00, 0x10, 0x00, 0x00,
    0xF7, 0x9F, 0x00, 0x2B, 0x9C, 0xFF, 0x00, 0x0C, 0x00, 0x00, 0x00, 0x0D, 0x73, 0x9D, 0x00, 0x2B,
    0x73, 0x9D, 0x08, 0x2A, 0x6B, 0x7C, 0x08, 0x38, 0x6B, 0x7C, 0x08, 0x39, 0x6B, 0x7C, 0x08, 0x34,
    0x6B, 0x7C, 0x08, 0x32, 0x6B, 0x7C, 0x00, 0x0D, 0x6B, 0x7C, 0x00, 0x04, 0x6B, 0x7C, 0x00, 0x00,
    0x6B, 0x7C, 0x00, 0x2B, 0x6B, 0x7C, 0x08, 0x2A, 0x6B, 0x7C, 0x08, 0x2A, 0x6B, 0x7C, 0x08, 0x2A,
    0x6B, 0x7C, 0x00, 0x2B, 0x6B, 0x7C, 0x00, 0x0D, 0x6B, 0x7C, 0x00, 0x0F, 0x6B, 0x7C, 0x00, 0x0E,
    0x6B, 0x7C, 0x00, 0x0E, 0x6B, 0x7C, 0x00, 0x0F, 0x6B, 0x7C, 0x00, 0x0C, 0x6B, 0x7C, 0x00, 0x0C,
    0x6B, 0x7C, 0x08, 0x2A, 0x6B, 0x7C, 0x08, 0x2A, 0x6B, 0x7C, 0x00, 0x0F, 0x6B, 0x7C, 0x00, 0x0E,
    0x6B, 0x7C, 0x00, 0x2B, 0x6B, 0x7C, 0x00, 0x0C, 0x6B, 0x7C, 0x08, 0x2A, 0x6B, 0x7C, 0x08, 0x2A,
    0x6B, 0x7C, 0x00, 0x2B, 0x6B, 0x7C, 0x00, 0x2B, 0x6B, 0x7C, 0x6B, 0xB8, 0x7C, 0x7F, 0x18, 0xF3,
    0x39, 0xF8, 0x10, 0x91, 0x31, 0xB7, 0x00, 0x30, 0x31, 0xB7, 0x00, 0x0F, 0xA5, 0x3E, 0x6B, 0x95,
    0x9C, 0xFE, 0x6B, 0x76, 0x94, 0xDD, 0x5B, 0x16, 0x84, 0x5D, 0x4A, 0x95, 0x7C, 0x1C, 0x4A, 0x74,
    0x73, 0xDC, 0x42, 0x54, 0x6B, 0x9B, 0x42, 0x55, 0x63, 0x5A, 0x3A, 0x14, 0x63, 0x3A, 0x31, 0xB3,
    0x73, 0xDC, 0x7C, 0x7C, 0x95, 0x5F, 0x42, 0x73, 0x73, 0x9C, 0x08, 0x2A, 0x6B, 0x7C, 0x00, 0x2B,
    0x6B, 0x7C, 0x00, 0x0D, 0x6B, 0x7C, 0x00, 0x0F, 0x6B, 0x7C, 0x00, 0x0E, 0x6B, 0x7C, 0x00, 0x0E,
    0x6B, 0x7C, 0x00, 0x0F, 0x6B, 0x7C, 0x00, 0x0C, 0x6B, 0x7C, 0x00, 0x0C, 0x6B, 0x7C, 0x08, 0x2A,
    0x6B, 0x7C, 0x08, 0x2A, 0x6B, 0x7C, 0x00, 0x0F, 0x6B, 0x7C, 0x00, 0x0E, 0x6B, 0x7C, 0x00, 0x2B,
    0x6B, 0x7C, 0x00, 0x0C, 0x6B, 0x7C, 0x08, 0x2A, 0x6B, 0x7C, 0x08, 0x2A, 0x6B, 0x7C, 0x00, 0x2B,
    0x6B, 0x7C, 0x00, 0x2B, 0x6B, 0x7C, 0x08, 0x2A, 0x6B, 0x7C, 0x42, 0x53, 0x8D, 0x3F, 0x18, 0xD3,
    0x31, 0x97, 0x00, 0x31, 0x42, 0x39, 0x8D, 0x3E, 0x73, 0xFD, 0x00, 0x00, 0x00, 0x00, 0x08, 0x2A,
    0x6B, 0x7C, 0x00, 0x0C, 0x6B, 0x7C, 0x00, 0x0C, 0x6B, 0x7C, 0x00, 0x2B, 0x6B, 0x7C, 0x00, 0x0C,
    0x6B, 0x7C, 0x00, 0x0C, 0x6B, 0x7C, 0x08, 0x2A, 0x6B, 0x7C, 0x00, 0x2B, 0x6B, 0x7C, 0x08, 0x2A,
    0x6B, 0x7C, 0x08, 0x2A, 0x6B, 0x7C, 0x08, 0x2A, 0x6B, 0x7C, 0x00, 0x2B, 0x6B, 0x7C, 0x21, 0x31,
    0x95, 0x5F, 0x21, 0x55, 0xAD, 0xBE, 0x84, 0x5A, 0x9D, 0x3E, 0x95, 0x5E, 0x84, 0x5E, 0x00, 0x00,
    0x00, 0x00, 0x00, 0x0C, 0x6B, 0x7C, 0x00, 0x0C, 0x6B, 0x7C, 0x08, 0x2A, 0x6B, 0x7C, 0x08, 0x2A,
    0x6B, 0x7C, 0x00, 0x0F, 0x6B, 0x7C, 0x00, 0x0E, 0x6B, 0x7C, 0x00, 0x2B, 0x6B, 0x7C, 0x00, 0x0C,
    0x6B, 0x7C, 0x08, 0x2A, 0x6B, 0x7C, 0x08, 0x2A, 0x6B, 0x7C, 0x00, 0x2B, 0x6B, 0x7C, 0x00, 0x2B,
    0x6B, 0x7C, 0x08, 0x2A, 0x8C, 0xFE, 0x7C, 0x5C, 0x5B, 0x1A, 0x39, 0xD4, 0x5A, 0xFA, 0x53, 0x19,
    0x95, 0x5F, 0x08, 0x6C, 0x00, 0x00, 0x00, 0x00, 0x6B, 0x7C, 0x08, 0x2A, 0x6B, 0x7C, 0x00, 0x0C,
    0x6B, 0x7C, 0x00, 0x0C, 0x6B, 0x7C, 0x00, 0x2B, 0x6B, 0x7C, 0x00, 0x0C, 0x6B, 0x7C, 0x00, 0x0C,
    0x6B, 0x7C, 0x08, 0x2A, 0x6B, 0x7C, 0x00, 0x2B, 0x6B, 0x7C, 0x08, 0x2A, 0x6B, 0x7C, 0x08, 0x2A,
    0x6B, 0x7C, 0x08, 0x2A, 0x6B, 0x7C, 0x00, 0x2B, 0x6B, 0x7C, 0x00, 0x0D, 0x6B, 0x7C, 0x00, 0x0F,
    0x6B, 0x7C, 0x00, 0x0E, 0x6B, 0x7C, 0x00, 0x0E, 0x6B, 0x7C, 0x00, 0x0F, 0x6B, 0x7C, 0x00, 0x0C,
    0x6B, 0x7C, 0x00, 0x0C, 0x6B, 0x7C, 0x08, 0x2A, 0x6B, 0x7C, 0x08, 0x2A, 0x6B, 0x7C, 0x00, 0x0F,
    0x6B, 0x7C, 0x00, 0x0E, 0x6B, 0x7C, 0x00, 0x2B, 0x6B, 0x7C, 0x00, 0x0C, 0x6B, 0x7C, 0x08, 0x2A,
    0x6B, 0x7C, 0x08, 0x2A, 0x6B, 0x7C, 0x00, 0x2B, 0x6B, 0x7C, 0x00, 0x2B, 0x6B, 0x7C, 0x08, 0x2A,
    0x6B, 0x7C, 0x00, 0x2B, 0x6B, 0x7C, 0x00, 0x0C, 0x6B, 0x7C, 0x00, 0x0D, 0x6B, 0x7C, 0x00, 0x2B,
    0x6B, 0x7C, 0x08, 0x2A, 0x6B, 0x7C, 0x08, 0x2A, 0x6B, 0x7C, 0x08, 0x38, 0x6B, 0x7C, 0x08, 0x39,
    0x6B, 0x7C, 0x08, 0x34, 0x6B, 0x7C, 0x08, 0x32, 0x6B, 0x7C, 0x00, 0x0D, 0x6B, 0x7C, 0x00, 0x04,
    0x6B, 0x7C, 0x00, 0x00, 0x6B, 0x7C, 0x08, 0x2A, 0x6B, 0x7C, 0x08, 0x2A, 0x6B, 0x7C, 0x08, 0x2A,
    0x73, 0x9D, 0x00, 0x2B, 0x73, 0x9D, 0x00, 0x0D, 0x62, 0xF8, 0x00, 0x0F, 0x00, 0x00, 0x00, 0x0E,
    0x08, 0x2A, 0xAD, 0x5F, 0x00, 0x0B, 0x83, 0xFF, 0x00, 0x0C, 0x73, 0x9D, 0x00, 0x0D, 0x73, 0x9D,
    0x08, 0x2A, 0x73, 0x9D, 0x08, 0x33, 0x6B, 0x7C, 0x08, 0x3A, 0x6B, 0x7C, 0x08, 0x38, 0x6B, 0x7C,
    0x08, 0x31, 0x6B, 0x7C, 0x08, 0x0F, 0x6B, 0x7C, 0x00, 0x07, 0x6B, 0x7C, 0x00, 0x00, 0x6B, 0x7C,
    0x00, 0x00, 0x6B, 0x7C, 0x08, 0x2A, 0x6B, 0x7C, 0x08, 0x2A, 0x6B, 0x7C, 0x08, 0x2A, 0x6B, 0x7C,
    0x08, 0x2A, 0x6B, 0x7C, 0x08, 0x2A, 0x6B, 0x7C, 0x00, 0x2B, 0x6B, 0x7C, 0x00, 0x0D, 0x6B, 0x7C,
    0x00, 0x0C, 0x6B, 0x7C, 0x00, 0x0D, 0x6B, 0x7C, 0x00, 0x0C, 0x6B, 0x7C, 0x00, 0x0C, 0x6B, 0x7C,
    0x00, 0x0C, 0x6B, 0x7C, 0x08, 0x2A, 0x6B, 0x7C, 0x00, 0x2B, 0x6B, 0x7C, 0x00, 0x0F, 0x6B, 0x7C,
    0x00, 0x0C, 0x6B, 0x7C, 0x00, 0x0C, 0x6B, 0x7C, 0x00, 0x2B, 0x6B, 0x7C, 0x08, 0x2A, 0x6B, 0x7C,
    0x00, 0x2B, 0x6B, 0x7C, 0x00, 0x2B, 0x6B, 0x7C, 0x08, 0x2A, 0x8C, 0xDE, 0x74, 0x1C, 0x42, 0x19,
    0x18, 0xD2, 0x39, 0xD8, 0x08, 0x51, 0x31, 0xB7, 0x00, 0x10, 0x31, 0xB7, 0x73, 0xD6, 0x9D, 0x1E,
    0x6B, 0x75, 0x94, 0xDD, 0x63, 0x35, 0x8C, 0x7D, 0x52, 0x95, 0x84, 0x3C, 0x4A, 0x75, 0x7B, 0xFC,
    0x4A, 0x74, 0x73, 0xBB, 0x42, 0x34, 0x6B, 0x7A, 0x42, 0x34, 0x63, 0x1A, 0x31, 0xB3, 0x5B, 0x1A,
    0x29, 0x51, 0x5B, 0x1A, 0x4A, 0xD6, 0x95, 0x5F, 0x5B, 0x77, 0x6B, 0x7C, 0x08, 0x2A, 0x6B, 0x7C,
    0x08, 0x2A, 0x6B, 0x7C, 0x00, 0x2B, 0x6B, 0x7C, 0x00, 0x0D, 0x6B, 0x7C, 0x00, 0x0C, 0x6B, 0x7C,
    0x00, 0x0D, 0x6B, 0x7C, 0x00, 0x0C, 0x6B, 0x7C, 0x00, 0x0C, 0x6B, 0x7C, 0x00, 0x0C, 0x6B, 0x7C,
    0x08, 0x2A, 0x6B, 0x7C, 0x00, 0x2B, 0x6B, 0x7C, 0x00, 0x0F, 0x6B, 0x7C, 0x00, 0x0C, 0x6B, 0x7C,
    0x00, 0x0C, 0x6B, 0x7C, 0x00, 0x2B, 0x6B, 0x7C, 0x08, 0x2A, 0x6B, 0x7C, 0x00, 0x2B, 0x6B, 0x7C,
    0x00, 0x2B, 0x6B, 0x7C, 0x08, 0x2A, 0x6B, 0x7C, 0x08, 0x2A, 0x7C, 0x5D, 0x84, 0xFE, 0x39, 0xF8,
    0x08, 0x71, 0x29, 0x77, 0x19, 0x14, 0x95, 0x7F, 0x21, 0x2E, 0x00, 0x00, 0x00, 0x00, 0x6B, 0x7C,
    0x08, 0x2A, 0x6B, 0x7C, 0x00, 0x0D, 0x6B, 0x7C, 0x00, 0x0D, 0x6B, 0x7C, 0x00, 0x2B, 0x6B, 0x7C,
    0x00, 0x0C, 0x6B, 0x7C, 0x00, 0x2B, 0x6B, 0x7C, 0x00, 0x2B, 0x6B, 0x7C, 0x08, 0x2A, 0x6B, 0x7C,
    0x08, 0x2A, 0x6B, 0x7C, 0x08, 0x2A, 0x6B, 0x7C, 0x08, 0x2A, 0x6B, 0x7C, 0x08, 0x2A, 0x73, 0xDD,
    0x8D, 0x3E, 0x39, 0xF8, 0x84, 0x79, 0xA5, 0x7E, 0x7C, 0x19, 0x9D, 0x9F, 0x42, 0x54, 0x00, 0x00,
    0x00, 0x00, 0x6B, 0x7C, 0x00, 0x0C, 0x6B, 0x7C, 0x00, 0x0C, 0x6B, 0x7C, 0x08, 0x2A, 0x6B, 0x7C,
    0x00, 0x2B, 0x6B, 0x7C, 0x00, 0x0F, 0x6B, 0x7C, 0x00, 0x0C, 0x6B, 0x7C, 0x00, 0x0C, 0x6B, 0x7C,
    0x00, 0x2B, 0x6B, 0x7C, 0x08, 0x2A, 0x6B, 0x7C, 0x00, 0x2B, 0x6B, 0x7C, 0x00, 0x2B, 0x6B, 0x7C,
    0x08, 0x2A, 0x6B, 0x7C, 0x6B, 0xD8, 0x8C, 0xDF, 0x39, 0xF4, 0x5A, 0xFA, 0x29, 0x93, 0x73, 0xFD,
    0x84, 0xFD, 0x73, 0x9C, 0x00, 0x00, 0x00, 0x00, 0x08, 0x2A, 0x6B, 0x7C, 0x08, 0x2A, 0x6B, 0x7C,
    0x00, 0x0D, 0x6B, 0x7C, 0x00, 0x0D, 0x6B, 0x7C, 0x00, 0x2B, 0x6B, 0x7C, 0x00, 0x0C, 0x6B, 0x7C,
    0x00, 0x2B, 0x6B, 0x7C, 0x00, 0x2B, 0x6B, 0x7C, 0x08, 0x2A, 0x6B, 0x7C, 0x08, 0x2A, 0x6B, 0x7C,
    0x08, 0x2A, 0x6B, 0x7C, 0x08, 0x2A, 0x6B, 0x7C, 0x08, 0x2A, 0x6B, 0x7C, 0x00, 0x2B, 0x6B, 0x7C,
    0x00, 0x0D, 0x6B, 0x7C, 0x00, 0x0C, 0x6B, 0x7C, 0x00, 0x0D, 0x6B, 0x7C, 0x00, 0x0C, 0x6B, 0x7C,
    0x00, 0x0C, 0x6B, 0x7C, 0x00, 0x0C, 0x6B, 0x7C, 0x08, 0x2A, 0x6B, 0x7C, 0x00, 0x2B, 0x6B, 0x7C,
    0x00, 0x0F, 0x6B, 0x7C, 0x00, 0x0C, 0x6B, 0x7C, 0x00, 0x0C, 0x6B, 0x7C, 0x00, 0x2B, 0x6B, 0x7C,
    0x08, 0x2A, 0x6B, 0x7C, 0x00, 0x2B, 0x6B, 0x7C, 0x00, 0x2B, 0x6B, 0x7C, 0x08, 0x2A, 0x6B, 0x7C,
    0x08, 0x2A, 0x6B, 0x7C, 0x00, 0x0B, 0x6B, 0x7C, 0x00, 0x0C, 0x6B, 0x7C, 0x00, 0x0D, 0x6B, 0x7C,
    0x08, 0x2A, 0x6B, 0x7C, 0x08, 0x2A, 0x6B, 0x7C, 0x08, 0x33, 0x6B, 0x7C, 0x08, 0x3A, 0x6B, 0x7C,
    0x08, 0x38, 0x6B, 0x7C, 0x08, 0x31, 0x6B, 0x7C, 0x08, 0x0F, 0x6B, 0x7C, 0x00, 0x07, 0x6B, 0x7C,
    0x00, 0x00, 0x6B, 0x7C, 0x00, 0x00, 0x6B, 0x7C, 0x08, 0x2A, 0x6B, 0x7C, 0x08, 0x2A, 0x73, 0x9D,
    0x08, 0x2A, 0x73, 0x9D, 0x08, 0x2A, 0xA5, 0x1F, 0x00, 0x2B, 0x00, 0x00, 0x00, 0x0D, 0x00, 0x00,
    0xF7, 0x7F, 0x00, 0x0B, 0x9C, 0xDF, 0x00, 0x2B, 0x00, 0x00, 0x00, 0x0C, 0x73, 0x7C, 0x00, 0x0D,
    0x73, 0x7C, 0x08, 0x31, 0x6B, 0x7C, 0x08, 0x34, 0x6B, 0x7C, 0x08, 0x37, 0x6B, 0x7C, 0x08, 0x32,
    0x6B, 0x7C, 0x08, 0x2D, 0x6B, 0x7C, 0x00, 0x0A, 0x6B, 0x7C, 0x00, 0x00, 0x6B, 0x7C, 0x00, 0x00,
    0x6B, 0x7C, 0x00, 0x0C, 0x6B, 0x7C, 0x08, 0x2A, 0x6B, 0x7C, 0x08, 0x2A, 0x6B, 0x7C, 0x08, 0x2A,
    0x6B, 0x7C, 0x08, 0x2A, 0x6B, 0x7C, 0x08, 0x2A, 0x6B, 0x7C, 0x08, 0x2A, 0x6B, 0x7C, 0x00, 0x0C,
    0x6B, 0x7C, 0x00, 0x0D, 0x6B, 0x7C, 0x00, 0x0D, 0x6B, 0x7C, 0x00, 0x0C, 0x6B, 0x7C, 0x00, 0x0C,
    0x6B, 0x7C, 0x00, 0x2B, 0x6B, 0x7C, 0x08, 0x2A, 0x6B, 0x7C, 0x00, 0x2B, 0x6B, 0x7C, 0x00, 0x0C,
    0x6B, 0x7C, 0x08, 0x2A, 0x6B, 0x7C, 0x00, 0x0C, 0x6B, 0x7C, 0x00, 0x2B, 0x6B, 0x7C, 0x00, 0x2B,
    0x6B, 0x7C, 0x00, 0x0D, 0x6B, 0x7C, 0x00, 0x2B, 0x6B, 0x7C, 0x6B, 0xB8, 0x7C, 0x9F, 0x21, 0x13,
    0x39, 0xF8, 0x10, 0xB2, 0x31, 0x97, 0x08, 0x71, 0x42, 0x59, 0x19, 0x13, 0x9D, 0x5E, 0x7C, 0x18,
    0x9D, 0x1E, 0x73, 0xD8, 0x94, 0xDE, 0x63, 0x77, 0x84, 0x7E, 0x5B, 0x17, 0x84, 0x5D, 0x63, 0x59,
    0x7C, 0x3D, 0x52, 0xF7, 0x73, 0xDC, 0x42, 0x34, 0x63, 0x3A, 0x39, 0xF4, 0x5A, 0xFA, 0x29, 0x72,
    0x5A, 0xDA, 0x21, 0x30, 0x52, 0xB9, 0x3A, 0x35, 0x95, 0x5F, 0x42, 0x52, 0x00, 0x00, 0x08, 0x2A,
    0x6B, 0x7C, 0x08, 0x2A, 0x6B, 0x7C, 0x08, 0x2A, 0x6B, 0x7C, 0x00, 0x0C, 0x6B, 0x7C, 0x00, 0x0D,
    0x6B, 0x7C, 0x00, 0x0D, 0x6B, 0x7C, 0x00, 0x0C, 0x6B, 0x7C, 0x00, 0x0C, 0x6B, 0x7C, 0x00, 0x2B,
    0x6B, 0x7C, 0x08, 0x2A, 0x6B, 0x7C, 0x00, 0x2B, 0x6B, 0x7C, 0x00, 0x0C, 0x6B, 0x7C, 0x08, 0x2A,
    0x6B, 0x7C, 0x00, 0x0C, 0x6B, 0x7C, 0x00, 0x2B, 0x6B, 0x7C, 0x00, 0x2B, 0x6B, 0x7C, 0x00, 0x0D,
    0x6B, 0x7C, 0x00, 0x2B, 0x6B, 0x7C, 0x08, 0x2A, 0x6B, 0x7C, 0x42, 0x54, 0x8D, 0x3F, 0x18, 0xF3,
    0x31, 0x97, 0x00, 0x31, 0x3A, 0x18, 0x8D, 0x3E, 0x73, 0xDD, 0x00, 0x00, 0x00, 0x00, 0x08, 0x2A,
    0x6B, 0x7C, 0x00, 0x2B, 0x6B, 0x7C, 0x00, 0x0C, 0x6B, 0x7C, 0x00, 0x0D, 0x6B, 0x7C, 0x00, 0x2B,
    0x6B, 0x7C, 0x00, 0x2B, 0x6B, 0x7C, 0x00, 0x0C, 0x6B, 0x7C, 0x00, 0x0C, 0x6B, 0x7C, 0x08, 0x2A,
    0x6B, 0x7C, 0x08, 0x2A, 0x6B, 0x7C, 0x08, 0x2A, 0x6B, 0x7C, 0x08, 0x2A, 0x6B, 0x7C, 0x21, 0x2E,
    0x95, 0x5F, 0x19, 0x13, 0xAD, 0x9E, 0x84, 0x59, 0x9D, 0x3E, 0x95, 0x5E, 0x84, 0x5D, 0x00, 0x00,
    0x00, 0x00, 0x00, 0x0C, 0x6B, 0x7C, 0x00, 0x0C, 0x6B, 0x7C, 0x00, 0x2B, 0x6B, 0x7C, 0x08, 0x2A,
    0x6B, 0x7C, 0x00, 0x2B, 0x6B, 0x7C, 0x00, 0x0C, 0x6B, 0x7C, 0x08, 0x2A, 0x6B, 0x7C, 0x00, 0x0C,
    0x6B, 0x7C, 0x00, 0x2B, 0x6B, 0x7C, 0x00, 0x2B, 0x6B, 0x7C, 0x00, 0x0D, 0x6B, 0x7C, 0x00, 0x2B,
    0x6B, 0x7C, 0x08, 0x2A, 0x8C, 0xFE, 0x74, 0x5C, 0x5A, 0xFA, 0x31, 0xB3, 0x52, 0xD9, 0x53, 0x19,
    0x95, 0x5F, 0x08, 0x6E, 0x00, 0x00, 0x00, 0x00, 0x6B, 0x7C, 0x08, 0x2A, 0x6B, 0x7C, 0x00, 0x2B,
    0x6B, 0x7C, 0x00, 0x0C, 0x6B, 0x7C, 0x00, 0x0D, 0x6B, 0x7C, 0x00, 0x2B, 0x6B, 0x7C, 0x00, 0x2B,
    0x6B, 0x7C, 0x00, 0x0C, 0x6B, 0x7C, 0x00, 0x0C, 0x6B, 0x7C, 0x08, 0x2A, 0x6B, 0x7C, 0x08, 0x2A,
    0x6B, 0x7C, 0x08, 0x2A, 0x6B, 0x7C, 0x08, 0x2A, 0x6B, 0x7C, 0x08, 0x2A, 0x6B, 0x7C, 0x08, 0x2A,
    0x6B, 0x7C, 0x00, 0x0C, 0x6B, 0x7C, 0x00, 0x0D, 0x6B, 0x7C, 0x00, 0x0D, 0x6B, 0x7C, 0x00, 0x0C,
    0x6B, 0x7C, 0x00, 0x0C, 0x6B, 0x7C, 0x00, 0x2B, 0x6B, 0x7C, 0x08, 0x2A, 0x6B, 0x7C, 0x00, 0x2B,
    0x6B, 0x7C, 0x00, 0x0C, 0x6B, 0x7C, 0x08, 0x2A, 0x6B, 0x7C, 0x00, 0x0C, 0x6B, 0x7C, 0x00, 0x2B,
    0x6B, 0x7C, 0x00, 0x2B, 0x6B, 0x7C, 0x00, 0x0D, 0x6B, 0x7C, 0x00, 0x2B, 0x6B, 0x7C, 0x08, 0x2A,
    0x6B, 0x7C, 0x00, 0x0B, 0x6B, 0x7C, 0x00, 0x2B, 0x6B, 0x7C, 0x00, 0x0C, 0x6B, 0x7C, 0x00, 0x0D,
    0x6B, 0x7C, 0x08, 0x2A, 0x6B, 0x7C, 0x08, 0x31, 0x6B, 0x7C, 0x08, 0x34, 0x6B, 0x7C, 0x08, 0x37,
    0x6B, 0x7C, 0x08, 0x32, 0x6B, 0x7C, 0x08, 0x2D, 0x6B, 0x7C, 0x00, 0x0A, 0x6B, 0x7C, 0x00, 0x00,
    0x6B, 0x7C, 0x00, 0x00, 0x6B, 0x7C, 0x08, 0x2A, 0x6B, 0x7C, 0x08, 0x2A, 0x6B, 0x7C, 0x08, 0x2A,
    0x73, 0x7C, 0x08, 0x2A, 0x73, 0x7C, 0x08, 0x2A, 0x5A, 0xF8, 0x08, 0x2A, 0x00, 0x00, 0x00, 0x0C,
    0x00, 0x2B, 0xA5, 0x3F, 0x00, 0x0C, 0x7B, 0xFF, 0x08, 0x2A, 0x6B, 0x7C, 0x00, 0x0D, 0x6B, 0x7C,
    0x00, 0x0D, 0x6B, 0x7C, 0x08, 0x32, 0x6B, 0x5C, 0x08, 0x33, 0x6B, 0x5C, 0x08, 0x31, 0x6B, 0x5C,
    0x00, 0x0E, 0x6B, 0x5C, 0x00, 0x0A, 0x6B, 0x5C, 0x00, 0x04, 0x6B, 0x5C, 0x00, 0x00, 0x6B, 0x5C,
    0x00, 0x00, 0x6B, 0x5C, 0x00, 0x0C, 0x6B, 0x5C, 0x00, 0x0B, 0x6B, 0x5C, 0x00, 0x2B, 0x6B, 0x5C,
    0x08, 0x2A, 0x6B, 0x5C, 0x08, 0x2A, 0x6B, 0x5C, 0x08, 0x2A, 0x6B, 0x5C, 0x00, 0x2B, 0x6B, 0x5C,
    0x00, 0x0C, 0x6B, 0x5C, 0x00, 0x0D, 0x6B, 0x5C, 0x00, 0x0D, 0x6B, 0x5C, 0x00, 0x0C, 0x6B, 0x5C,
    0x00, 0x0D, 0x6B, 0x5C, 0x08, 0x2A, 0x6B, 0x5C, 0x08, 0x2A, 0x6B, 0x5C, 0x00, 0x0C, 0x6B, 0x5C,
    0x08, 0x2A, 0x6B, 0x5C, 0x08, 0x2A, 0x6B, 0x5C, 0x00, 0x0C, 0x6B, 0x5C, 0x00, 0x2B, 0x6B, 0x5C,
    0x00, 0x0D, 0x6B, 0x5C, 0x00, 0x0E, 0x6B, 0x5C, 0x00, 0x2B, 0x8C, 0xDE, 0x74, 0x1D, 0x42, 0x39,
    0x18, 0xF3, 0x31, 0xB7, 0x08, 0x71, 0x63, 0x9C, 0x95, 0x5E, 0x95, 0x7F, 0x95, 0x5E, 0x9D, 0x9F,
    0x95, 0x5E, 0x9D, 0xBF, 0x95, 0x7E, 0x9D, 0xBF, 0x95, 0x5E, 0x9D, 0xBF, 0x95, 0x7E, 0x9D, 0x9F,
    0x95, 0x5E, 0x9D, 0x9F, 0x8D, 0x3E, 0x8D, 0x1F, 0x74, 0x3B, 0x74, 0x1D, 0x39, 0xF5, 0x52, 0xD9,
    0x29, 0x52, 0x52, 0xB9, 0x21, 0x11, 0x52, 0x99, 0x4A, 0x97, 0x95, 0x3F, 0x18, 0xED, 0x00, 0x00,
    0x08, 0x2A, 0x6B, 0x5C, 0x08, 0x2A, 0x6B, 0x5C, 0x00, 0x2B, 0x6B, 0x5C, 0x00, 0x0C, 0x6B, 0x5C,
    0x00, 0x0D, 0x6B, 0x5C, 0x00, 0x0D, 0x6B, 0x5C, 0x00, 0x0C, 0x6B, 0x5C, 0x00, 0x0D, 0x6B, 0x5C,
    0x08, 0x2A, 0x6B, 0x5C, 0x08, 0x2A, 0x6B, 0x5C, 0x00, 0x0C, 0x6B, 0x5C, 0x08, 0x2A, 0x6B, 0x5C,
    0x08, 0x2A, 0x6B, 0x5C, 0x00, 0x0C, 0x6B, 0x5C, 0x00, 0x2B, 0x6B, 0x5C, 0x00, 0x0D, 0x6B, 0x5C,
    0x00, 0x0E, 0x6B, 0x5C, 0x00, 0x2B, 0x6B, 0x5C, 0x00, 0x2B, 0x7C, 0x5D, 0x84, 0xFE, 0x39, 0xF8,
    0x08, 0x71, 0x29, 0x56, 0x19, 0x14, 0x95, 0x7F, 0x21, 0x30, 0x00, 0x00, 0x00, 0x00, 0x6B, 0x5C,
    0x08, 0x2A, 0x6B, 0x5C, 0x08, 0x2A, 0x6B, 0x5C, 0x00, 0x0C, 0x6B, 0x5C, 0x00, 0x0E, 0x6B, 0x5C,
    0x08, 0x2A, 0x6B, 0x5C, 0x00, 0x2B, 0x6B, 0x5C, 0x00, 0x0E, 0x6B, 0x5C, 0x00, 0x0C, 0x6B, 0x5C,
    0x00, 0x0B, 0x6B, 0x5C, 0x00, 0x2B, 0x6B, 0x5C, 0x08, 0x2A, 0x6B, 0x5C, 0x08, 0x2A, 0x73, 0xDC,
    0x8D, 0x3E, 0x39, 0xF8, 0x8C, 0x99, 0xA5, 0x5E, 0x84, 0x59, 0x9D, 0x9F, 0x42, 0x54, 0x00, 0x00,
    0x00, 0x00, 0x6B, 0x5C, 0x00, 0x0C, 0x6B, 0x5C, 0x00, 0x0D, 0x6B, 0x5C, 0x08, 0x2A, 0x6B, 0x5C,
    0x08, 0x2A, 0x6B, 0x5C, 0x00, 0x0C, 0x6B, 0x5C, 0x08, 0x2A, 0x6B, 0x5C, 0x08, 0x2A, 0x6B, 0x5C,
    0x00, 0x0C, 0x6B, 0x5C, 0x00, 0x2B, 0x6B, 0x5C, 0x00, 0x0D, 0x6B, 0x5C, 0x00, 0x0E, 0x6B, 0x5C,
    0x00, 0x2B, 0x6B, 0x5C, 0x6B, 0xD8, 0x84, 0xDF, 0x31, 0x93, 0x52, 0xD9, 0x29, 0x72, 0x6B, 0xDD,
    0x84, 0xDD, 0x6B, 0x7C, 0x00, 0x00, 0x00, 0x00, 0x00, 0x0C, 0x6B, 0x5C, 0x08, 0x2A, 0x6B, 0x5C,
    0x08, 0x2A, 0x6B, 0x5C, 0x00, 0x0C, 0x6B, 0x5C, 0x00, 0x0E, 0x6B, 0x5C, 0x08, 0x2A, 0x6B, 0x5C,
    0x00, 0x2B, 0x6B, 0x5C, 0x00, 0x0E, 0x6B, 0x5C, 0x00, 0x0C, 0x6B, 0x5C, 0x00, 0x0B, 0x6B, 0x5C,
    0x00, 0x2B, 0x6B, 0x5C, 0x08, 0x2A, 0x6B, 0x5C, 0x08, 0x2A, 0x6B, 0x5C, 0x08, 0x2A, 0x6B, 0x5C,
    0x00, 0x2B, 0x6B, 0x5C, 0x00, 0x0C, 0x6B, 0x5C, 0x00, 0x0D, 0x6B, 0x5C, 0x00, 0x0D, 0x6B, 0x5C,
    0x00, 0x0C, 0x6B, 0x5C, 0x00, 0x0D, 0x6B, 0x5C, 0x08, 0x2A, 0x6B, 0x5C, 0x08, 0x2A, 0x6B, 0x5C,
    0x00, 0x0C, 0x6B, 0x5C, 0x08, 0x2A, 0x6B, 0x5C, 0x08, 0x2A, 0x6B, 0x5C, 0x00, 0x0C, 0x6B, 0x5C,
    0x00, 0x2B, 0x6B, 0x5C, 0x00, 0x0D, 0x6B, 0x5C, 0x00, 0x0E, 0x6B, 0x5C, 0x00, 0x2B, 0x6B, 0x5C,
    0x00, 0x2B, 0x6B, 0x5C, 0x00, 0x0C, 0x6B, 0x5C, 0x08, 0x2A, 0x6B, 0x5C, 0x00, 0x0D, 0x6B, 0x5C,
    0x00, 0x0D, 0x6B, 0x5C, 0x00, 0x0C, 0x6B, 0x5C, 0x08, 0x32, 0x6B, 0x5C, 0x08, 0x33, 0x6B, 0x5C,
    0x08, 0x31, 0x6B, 0x5C, 0x00, 0x0E, 0x6B, 0x5C, 0x00, 0x0A, 0x6B, 0x5C, 0x00, 0x04, 0x6B, 0x5C,
    0x00, 0x00, 0x6B, 0x5C, 0x00, 0x00, 0x6B, 0x5C, 0x00, 0x0B, 0x6B, 0x5C, 0x00, 0x2B, 0x6B, 0x7C,
    0x08, 0x2A, 0x6B, 0x7C, 0x08, 0x2A, 0x9C, 0xFF, 0x08, 0x2A, 0x00, 0x00, 0x00, 0x2B, 0x00, 0x00,
    0xEF, 0x5F, 0x00, 0x0C, 0x9C, 0xDF, 0x00, 0x2B, 0x00, 0x00, 0x00, 0x2A, 0x6B, 0x7C, 0x00, 0x0D,
    0x6B, 0x7C, 0x08, 0x37, 0x6B, 0x5C, 0x08, 0x32, 0x6B, 0x5C, 0x08, 0x30, 0x6B, 0x5C, 0x00, 0x0D,
    0x6B, 0x5C, 0x00, 0x0D, 0x6B, 0x5C, 0x00, 0x08, 0x6B, 0x5C, 0x00, 0x00, 0x6B, 0x5C, 0x00, 0x00,
    0x6B, 0x5C, 0x00, 0x00, 0x6B, 0x5C, 0x00, 0x0C, 0x6B, 0x5C, 0x00, 0x0D, 0x6B, 0x5C, 0x00, 0x0C,
    0x6B, 0x5C, 0x00, 0x2B, 0x6B, 0x5C, 0x08, 0x2A, 0x6B, 0x5C, 0x08, 0x2A, 0x6B, 0x5C, 0x08, 0x2A,
    0x6B, 0x5C, 0x00, 0x0C, 0x6B, 0x5C, 0x00, 0x0D, 0x6B, 0x5C, 0x00, 0x0C, 0x6B, 0x5C, 0x00, 0x0D,
    0x6B, 0x5C, 0x00, 0x0C, 0x6B, 0x5C, 0x08, 0x2A, 0x6B, 0x5C, 0x00, 0x2A, 0x6B, 0x5C, 0x00, 0x0D,
    0x6B, 0x5C, 0x08, 0x2A, 0x6B, 0x5C, 0x08, 0x2A, 0x6B, 0x5C, 0x00, 0x2B, 0x6B, 0x5C, 0x08, 0x2A,
    0x6B, 0x5C, 0x00, 0x0D, 0x6B, 0x5C, 0x00, 0x0E, 0x6B, 0x5C, 0x6B, 0xD9, 0x84, 0x9F, 0x21, 0x33,
    0x42, 0x18, 0x18, 0xB2, 0x29, 0x77, 0x63, 0xBB, 0x8C, 0xFE, 0x21, 0x30, 0x73, 0xDC, 0x21, 0x31,
    0x73, 0xDC, 0x21, 0x31, 0x73, 0xDC, 0x21, 0x2F, 0x73, 0xDC, 0x21, 0x2E, 0x73, 0xDC, 0x21, 0x31,
    0x73, 0xDC, 0x21, 0x30, 0x73, 0xDC, 0x21, 0x2E, 0x84, 0x5D, 0x84, 0xBC, 0x95, 0x3F, 0x4A, 0x98,
    0x4A, 0x99, 0x21, 0x32, 0x4A, 0x79, 0x18, 0xF2, 0x4A, 0x79, 0x74, 0x1C, 0x84, 0x9E, 0x08, 0x2B,
    0x6B, 0x5C, 0x08, 0x2A, 0x6B, 0x5C, 0x08, 0x2A, 0x6B, 0x5C, 0x08, 0x2A, 0x6B, 0x5C, 0x00, 0x0C,
    0x6B, 0x5C, 0x00, 0x0D, 0x6B, 0x5C, 0x00, 0x0C, 0x6B, 0x5C, 0x00, 0x0D, 0x6B, 0x5C, 0x00, 0x0C,
    0x6B, 0x5C, 0x08, 0x2A, 0x6B, 0x5C, 0x00, 0x2A, 0x6B, 0x5C, 0x00, 0x0D, 0x6B, 0x5C, 0x08, 0x2A,
    0x6B, 0x5C, 0x08, 0x2A, 0x6B, 0x5C, 0x00, 0x2B, 0x6B, 0x5C, 0x08, 0x2A, 0x6B, 0x5C, 0x00, 0x0D,
    0x6B, 0x5C, 0x00, 0x0E, 0x6B, 0x5C, 0x00, 0x2B, 0x6B, 0x5C, 0x42, 0x54, 0x8D, 0x3F, 0x18, 0xF3,
    0x31, 0x97, 0x08, 0x31, 0x31, 0xD8, 0x8D, 0x3E, 0x73, 0xDC, 0x00, 0x00, 0x00, 0x00, 0x00, 0x0D,
    0x6B, 0x5C, 0x00, 0x2B, 0x6B, 0x5C, 0x08, 0x2A, 0x6B, 0x5C, 0x00, 0x0D, 0x6B, 0x5C, 0x00, 0x0D,
    0x6B, 0x5C, 0x08, 0x2A, 0x6B, 0x5C, 0x00, 0x0C, 0x6B, 0x5C, 0x00, 0x0E, 0x6B, 0x5C, 0x00, 0x0C,
    0x6B, 0x5C, 0x00, 0x0D, 0x6B, 0x5C, 0x00, 0x0C, 0x6B, 0x5C, 0x00, 0x2B, 0x6B, 0x5C, 0x21, 0x2E,
    0x95, 0x5F, 0x21, 0x54, 0xAD, 0x9E, 0x84, 0x58, 0x9D, 0x3E, 0x95, 0x5E, 0x7C, 0x5D, 0x00, 0x00,
    0x00, 0x00, 0x00, 0x0C, 0x6B, 0x5C, 0x00, 0x0D, 0x6B, 0x5C, 0x00, 0x0C, 0x6B, 0x5C, 0x08, 0x2A,
    0x6B, 0x5C, 0x00, 0x2A, 0x6B, 0x5C, 0x00, 0x0D, 0x6B, 0x5C, 0x08, 0x2A, 0x6B, 0x5C, 0x08, 0x2A,
    0x6B, 0x5C, 0x00, 0x2B, 0x6B, 0x5C, 0x08, 0x2A, 0x6B, 0x5C, 0x00, 0x0D, 0x6B, 0x5C, 0x00, 0x0E,
    0x6B, 0x5C, 0x00, 0x2B, 0x8C, 0xDE, 0x74, 0x3C, 0x52, 0xD9, 0x29, 0x52, 0x52, 0xB9, 0x52, 0xF8,
    0x95, 0x5F, 0x08, 0x6E, 0x00, 0x00, 0x00, 0x00, 0x6B, 0x5C, 0x00, 0x0D, 0x6B, 0x5C, 0x00, 0x2B,
    0x6B, 0x5C, 0x08, 0x2A, 0x6B, 0x5C, 0x00, 0x0D, 0x6B, 0x5C, 0x00, 0x0D, 0x6B, 0x5C, 0x08, 0x2A,
    0x6B, 0x5C, 0x00, 0x0C, 0x6B, 0x5C, 0x00, 0x0E, 0x6B, 0x5C, 0x00, 0x0C, 0x6B, 0x5C, 0x00, 0x0D,
    0x6B, 0x5C, 0x00, 0x0C, 0x6B, 0x5C, 0x00, 0x2B, 0x6B, 0x5C, 0x08, 0x2A, 0x6B, 0x5C, 0x08, 0x2A,
    0x6B, 0x5C, 0x08, 0x2A, 0x6B, 0x5C, 0x00, 0x0C, 0x6B, 0x5C, 0x00, 0x0D, 0x6B, 0x5C, 0x00, 0x0C,
    0x6B, 0x5C, 0x00, 0x0D, 0x6B, 0x5C, 0x00, 0x0C, 0x6B, 0x5C, 0x08, 0x2A, 0x6B, 0x5C, 0x00, 0x2A,
    0x6B, 0x5C, 0x00, 0x0D, 0x6B, 0x5C, 0x08, 0x2A, 0x6B, 0x5C, 0x08, 0x2A, 0x6B, 0x5C, 0x00, 0x2B,
    0x6B, 0x5C, 0x08, 0x2A, 0x6B, 0x5C, 0x00, 0x0D, 0x6B, 0x5C, 0x00, 0x0E, 0x6B, 0x5C, 0x00, 0x2B,
    0x6B, 0x5C, 0x00, 0x0C, 0x6B, 0x5C, 0x00, 0x2B, 0x6B, 0x5C, 0x00, 0x2A, 0x6B, 0x5C, 0x00, 0x0D,
    0x6B, 0x5C, 0x00, 0x0E, 0x6B, 0x5C, 0x08, 0x37, 0x6B, 0x5C, 0x08, 0x32, 0x6B, 0x5C, 0x08, 0x30,
    0x6B, 0x5C, 0x00, 0x0D, 0x6B, 0x5C, 0x00, 0x0D, 0x6B, 0x5C, 0x00, 0x08, 0x6B, 0x5C, 0x00, 0x00,
    0x6B, 0x5C, 0x00, 0x00, 0x6B, 0x5C, 0x00, 0x00, 0x6B, 0x5C, 0x00, 0x0D, 0x6B, 0x5C, 0x00, 0x0C,
    0x6B, 0x7C, 0x00, 0x2B, 0x6B, 0x7C, 0x08, 0x2A, 0x5A, 0xD8, 0x08, 0x2A, 0x00, 0x00, 0x08, 0x2A,
    0x00, 0x2B, 0xA5, 0x1F, 0x00, 0x0C, 0x7B, 0xDF, 0x08, 0x2A, 0x6B, 0x7C, 0x08, 0x2A, 0x6B, 0x7C,
    0x00, 0x13, 0x6B, 0x7C, 0x00, 0x34, 0x6B, 0x5B, 0x08, 0x31, 0x6B, 0x5B, 0x08, 0x2C, 0x6B, 0x5B,
    0x00, 0x0E, 0x6B, 0x5B, 0x00, 0x0B, 0x6B, 0x5B, 0x00, 0x02, 0x6B, 0x5B, 0x00, 0x00, 0x6B, 0x5B,
    0x00, 0x00, 0x6B, 0x5B, 0x00, 0x0D, 0x6B, 0x5B, 0x00, 0x0C, 0x6B, 0x5B, 0x00, 0x0D, 0x6B, 0x5B,
    0x00, 0x0D, 0x6B, 0x5B, 0x00, 0x2B, 0x6B, 0x5B, 0x08, 0x2A, 0x6B, 0x5B, 0x08, 0x2A, 0x6B, 0x5B,
    0x00, 0x2B, 0x6B, 0x5B, 0x00, 0x0D, 0x6B, 0x5B, 0x00, 0x0C, 0x6B, 0x5B, 0x00, 0x0C, 0x6B, 0x5B,
    0x00, 0x0D, 0x6B, 0x5B, 0x08, 0x2A, 0x6B, 0x5B, 0x08, 0x2A, 0x6B, 0x5B, 0x00, 0x0D, 0x6B, 0x5B,
    0x00, 0x0D, 0x6B, 0x5B, 0x08, 0x2A, 0x6B, 0x5B, 0x08, 0x2A, 0x6B, 0x5B, 0x00, 0x2B, 0x6B, 0x5B,
    0x08, 0x2A, 0x6B, 0x5B, 0x00, 0x0C, 0x6B, 0x5B, 0x00, 0x0B, 0x8C, 0xDE, 0x74, 0x3C, 0x4A, 0x59,
    0x20, 0xF3, 0x39, 0xD8, 0x10, 0x92, 0x74, 0x3E, 0x63, 0x98, 0x00, 0x00, 0x00, 0x00, 0x00, 0x00,
    0x00, 0x00, 0x00, 0x00, 0x00, 0x00, 0x00, 0x00, 0x00, 0x00, 0x00, 0x00, 0x00, 0x00, 0x00, 0x00,
    0x00, 0x00, 0x00, 0x00, 0x00, 0x00, 0x00, 0x00, 0x00, 0x00, 0x6B, 0x9C, 0x5B, 0x58, 0x95, 0x5F,
    0x42, 0x56, 0x42, 0x58, 0x19, 0x12, 0x42, 0x38, 0x18, 0xD2, 0x5B, 0x1B, 0x8D, 0x1E, 0x73, 0xBC,
    0x00, 0x00, 0x6B, 0x5B, 0x08, 0x2A, 0x6B, 0x5B, 0x08, 0x2A, 0x6B, 0x5B, 0x00, 0x2B, 0x6B, 0x5B,
    0x00, 0x0D, 0x6B, 0x5B, 0x00, 0x0C, 0x6B, 0x5B, 0x00, 0x0C, 0x6B, 0x5B, 0x00, 0x0D, 0x6B, 0x5B,
    0x08, 0x2A, 0x6B, 0x5B, 0x08, 0x2A, 0x6B, 0x5B, 0x00, 0x0D, 0x6B, 0x5B, 0x00, 0x0D, 0x6B, 0x5B,
    0x08, 0x2A, 0x6B, 0x5B, 0x08, 0x2A, 0x6B, 0x5B, 0x00, 0x2B, 0x6B, 0x5B, 0x08, 0x2A, 0x6B, 0x5B,
    0x00, 0x0C, 0x6B, 0x5B, 0x00, 0x0B, 0x6B, 0x5B, 0x00, 0x2B, 0x7C, 0x3D, 0x84, 0xFE, 0x42, 0x18,
    0x10, 0x91, 0x29, 0x56, 0x19, 0x14, 0x95, 0x7F, 0x21, 0x30, 0x00, 0x00, 0x00, 0x00, 0x6B, 0x5B,
    0x00, 0x0F, 0x6B, 0x5B, 0x00, 0x0B, 0x6B, 0x5B, 0x08, 0x2A, 0x6B, 0x5B, 0x00, 0x0E, 0x6B, 0x5B,
    0x00, 0x0B, 0x6B, 0x5B, 0x08, 0x2A, 0x6B, 0x5B, 0x00, 0x0D, 0x6B, 0x5B, 0x00, 0x0D, 0x6B, 0x5B,
    0x00, 0x0C, 0x6B, 0x5B, 0x00, 0x0D, 0x6B, 0x5B, 0x00, 0x0D, 0x6B, 0x5B, 0x00, 0x2B, 0x73, 0xBC,
    0x8D, 0x1D, 0x8C, 0xFF, 0x8D, 0x1C, 0x9D, 0x7F, 0x8D, 0x1D, 0x9D, 0xBF, 0x3A, 0x13, 0x00, 0x00,
    0x00, 0x00, 0x6B, 0x5B, 0x00, 0x0C, 0x6B, 0x5B, 0x00, 0x0D, 0x6B, 0x5B, 0x08, 0x2A, 0x6B, 0x5B,
    0x08, 0x2A, 0x6B, 0x5B, 0x00, 0x0D, 0x6B, 0x5B, 0x00, 0x0D, 0x6B, 0x5B, 0x08, 0x2A, 0x6B, 0x5B,
    0x08, 0x2A, 0x6B, 0x5B, 0x00, 0x2B, 0x6B, 0x5B, 0x08, 0x2A, 0x6B, 0x5B, 0x00, 0x0C, 0x6B, 0x5B,
    0x00, 0x0B, 0x6B, 0x5B, 0x6B, 0xD8, 0x84, 0xBF, 0x29, 0x53, 0x52, 0xB9, 0x21, 0x31, 0x6B, 0xBC,
    0x84, 0xDD, 0x6B, 0x7C, 0x00, 0x00, 0x00, 0x00, 0x00, 0x0E, 0x6B, 0x5B, 0x00, 0x0F, 0x6B, 0x5B,
    0x00, 0x0B, 0x6B, 0x5B, 0x08, 0x2A, 0x6B, 0x5B, 0x00, 0x0E, 0x6B, 0x5B, 0x00, 0x0B, 0x6B, 0x5B,
    0x08, 0x2A, 0x6B, 0x5B, 0x00, 0x0D, 0x6B, 0x5B, 0x00, 0x0D, 0x6B, 0x5B, 0x00, 0x0C, 0x6B, 0x5B,
    0x00, 0x0D, 0x6B, 0x5B, 0x00, 0x0D, 0x6B, 0x5B, 0x00, 0x2B, 0x6B, 0x5B, 0x08, 0x2A, 0x6B, 0x5B,
    0x08, 0x2A, 0x6B, 0x5B, 0x00, 0x2B, 0x6B, 0x5B, 0x00, 0x0D, 0x6B, 0x5B, 0x00, 0x0C, 0x6B, 0x5B,
    0x00, 0x0C, 0x6B, 0x5B, 0x00, 0x0D, 0x6B, 0x5B, 0x08, 0x2A, 0x6B, 0x5B, 0x08, 0x2A, 0x6B, 0x5B,
    0x00, 0x0D, 0x6B, 0x5B, 0x00, 0x0D, 0x6B, 0x5B, 0x08, 0x2A, 0x6B, 0x5B, 0x08, 0x2A, 0x6B, 0x5B,
    0x00, 0x2B, 0x6B, 0x5B, 0x08, 0x2A, 0x6B, 0x5B, 0x00, 0x0C, 0x6B, 0x5B, 0x00, 0x0B, 0x6B, 0x5B,
    0x00, 0x2B, 0x6B, 0x5B, 0x00, 0x0C, 0x6B, 0x5B, 0x08, 0x2A, 0x6B, 0x5B, 0x08, 0x2A, 0x6B, 0x5B,
    0x00, 0x0C, 0x6B, 0x5B, 0x00, 0x13, 0x6B, 0x5B, 0x00, 0x34, 0x6B, 0x5B, 0x08, 0x31, 0x6B, 0x5B,
    0x08, 0x2C, 0x6B, 0x5B, 0x00, 0x0E, 0x6B, 0x5B, 0x00, 0x0B, 0x6B, 0x5B, 0x00, 0x02, 0x6B, 0x5B,
    0x00, 0x00, 0x6B, 0x5B, 0x00, 0x00, 0x6B, 0x5B, 0x00, 0x0C, 0x6B, 0x5B, 0x00, 0x0D, 0x6B, 0x7C,
    0x00, 0x0D, 0x6B, 0x7C, 0x00, 0x2B, 0x9C, 0xDF, 0x08, 0x2A, 0x00, 0x00, 0x08, 0x2A, 0x00, 0x00,
    0xEF, 0x3F, 0x00, 0x2B, 0x94, 0xBF, 0x00, 0x0B, 0x00, 0x00, 0x08, 0x2A, 0x6B, 0x5C, 0x08, 0x2A,
    0x6B, 0x5C, 0x00, 0x0D, 0x6B, 0x5B, 0x00, 0x12, 0x6B, 0x5B, 0x08, 0x2D, 0x6B, 0x5B, 0x00, 0x0A,
    0x6B, 0x5B, 0x00, 0x0D, 0x6B, 0x5B, 0x00, 0x06, 0x6B, 0x5B, 0x00, 0x00, 0x6B, 0x5B, 0x00, 0x00,
    0x6B, 0x5B, 0x00, 0x0C, 0x6B, 0x5B, 0x00, 0x2B, 0x6B, 0x5B, 0x00, 0x2B, 0x6B, 0x5B, 0x00, 0x0C,
    0x6B, 0x5B, 0x00, 0x0B, 0x6B, 0x5B, 0x00, 0x2B, 0x6B, 0x5B, 0x08, 0x2A, 0x6B, 0x5B, 0x08, 0x2A,
    0x6B, 0x5B, 0x00, 0x0D, 0x6B, 0x5B, 0x00, 0x0D, 0x6B, 0x5B, 0x00, 0x2B, 0x6B, 0x5B, 0x00, 0x0D,
    0x6B, 0x5B, 0x00, 0x0C, 0x6B, 0x5B, 0x08, 0x2A, 0x6B, 0x5B, 0x00, 0x2B, 0x6B, 0x5B, 0x00, 0x0F,
    0x6B, 0x5B, 0x00, 0x0D, 0x6B, 0x5B, 0x00, 0x2A, 0x6B, 0x5B, 0x00, 0x0C, 0x6B, 0x5B, 0x00, 0x2A,
    0x6B, 0x5B, 0x08, 0x2A, 0x6B, 0x5B, 0x08, 0x2A, 0x6B, 0x5B, 0x6B, 0xD8, 0x84, 0xBF, 0x29, 0x33,
    0x42, 0x39, 0x18, 0xD2, 0x31, 0xB7, 0x63, 0xBB, 0x84, 0xBE, 0x00, 0x00, 0x00, 0x00, 0x00, 0x00,
    0x00, 0x00, 0x00, 0x00, 0x00, 0x00, 0x00, 0x00, 0x00, 0x00, 0x00, 0x00, 0x00, 0x00, 0x00, 0x00,
    0x00, 0x00, 0x00, 0x00, 0x00, 0x00, 0x00, 0x00, 0x00, 0x00, 0x00, 0x00, 0x6B, 0x5B, 0x6B, 0xFA,
    0x84, 0xDF, 0x21, 0x52, 0x42, 0x18, 0x18, 0xD1, 0x42, 0x18, 0x18, 0xF2, 0x84, 0xFF, 0x53, 0x17,
    0x00, 0x00, 0x00, 0x00, 0x6B, 0x5B, 0x08, 0x2A, 0x6B, 0x5B, 0x08, 0x2A, 0x6B, 0x5B, 0x00, 0x0D,
    0x6B, 0x5B, 0x00, 0x0D, 0x6B, 0x5B, 0x00, 0x2B, 0x6B, 0x5B, 0x00, 0x0D, 0x6B, 0x5B, 0x00, 0x0C,
    0x6B, 0x5B, 0x08, 0x2A, 0x6B, 0x5B, 0x00, 0x2B, 0x6B, 0x5B, 0x00, 0x0F, 0x6B, 0x5B, 0x00, 0x0D,
    0x6B, 0x5B, 0x00, 0x2A, 0x6B, 0x5B, 0x00, 0x0C, 0x6B, 0x5B, 0x00, 0x2A, 0x6B, 0x5B, 0x08, 0x2A,
    0x6B, 0x5B, 0x08, 0x2A, 0x6B, 0x5B, 0x08, 0x2A, 0x6B, 0x5B, 0x42, 0x53, 0x8D, 0x3F, 0x21, 0x13,
    0x31, 0xB7, 0x08, 0x51, 0x3A, 0x18, 0x8D, 0x3E, 0x73, 0xBC, 0x00, 0x00, 0x00, 0x00, 0x00, 0x0D,
    0x6B, 0x5B, 0x00, 0x0E, 0x6B, 0x5B, 0x08, 0x2A, 0x6B, 0x5B, 0x00, 0x2A, 0x6B, 0x5B, 0x00, 0x0D,
    0x6B, 0x5B, 0x00, 0x2B, 0x6B, 0x5B, 0x08, 0x2A, 0x6B, 0x5B, 0x00, 0x0C, 0x6B, 0x5B, 0x00, 0x2B,
    0x6B, 0x5B, 0x00, 0x2B, 0x6B, 0x5B, 0x00, 0x0C, 0x6B, 0x5B, 0x00, 0x0B, 0x6B, 0x5B, 0x08, 0x2B,
    0x73, 0xBC, 0x21, 0x2E, 0x73, 0xBC, 0x21, 0x2E, 0x73, 0xBC, 0x21, 0x10, 0x6B, 0x5B, 0x00, 0x00,
    0x00, 0x00, 0x00, 0x2B, 0x6B, 0x5B, 0x00, 0x0D, 0x6B, 0x5B, 0x00, 0x0C, 0x6B, 0x5B, 0x08, 0x2A,
    0x6B, 0x5B, 0x00, 0x2B, 0x6B, 0x5B, 0x00, 0x0F, 0x6B, 0x5B, 0x00, 0x0D, 0x6B, 0x5B, 0x00, 0x2A,
    0x6B, 0x5B, 0x00, 0x0C, 0x6B, 0x5B, 0x00, 0x2A, 0x6B, 0x5B, 0x08, 0x2A, 0x6B, 0x5B, 0x08, 0x2A,
    0x6B, 0x5B, 0x08, 0x2A, 0x8C, 0xDE, 0x74, 0x1C, 0x4A, 0x99, 0x21, 0x32, 0x4A, 0x79, 0x52, 0xD8,
    0x95, 0x5F, 0x10, 0x6B, 0x00, 0x00, 0x00, 0x00, 0x6B, 0x5B, 0x00, 0x0D, 0x6B, 0x5B, 0x00, 0x0E,
    0x6B, 0x5B, 0x08, 0x2A, 0x6B, 0x5B, 0x00, 0x2A, 0x6B, 0x5B, 0x00, 0x0D, 0x6B, 0x5B, 0x00, 0x2B,
    0x6B, 0x5B, 0x08, 0x2A, 0x6B, 0x5B, 0x00, 0x0C, 0x6B, 0x5B, 0x00, 0x2B, 0x6B, 0x5B, 0x00, 0x2B,
    0x6B, 0x5B, 0x00, 0x0C, 0x6B, 0x5B, 0x00, 0x0B, 0x6B, 0x5B, 0x00, 0x2B, 0x6B, 0x5B, 0x08, 0x2A,
    0x6B, 0x5B, 0x08, 0x2A, 0x6B, 0x5B, 0x00, 0x0D, 0x6B, 0x5B, 0x00, 0x0D, 0x6B, 0x5B, 0x00, 0x2B,
    0x6B, 0x5B, 0x00, 0x0D, 0x6B, 0x5B, 0x00, 0x0C, 0x6B, 0x5B, 0x08, 0x2A, 0x6B, 0x5B, 0x00, 0x2B,
    0x6B, 0x5B, 0x00, 0x0F, 0x6B, 0x5B, 0x00, 0x0D, 0x6B, 0x5B, 0x00, 0x2A, 0x6B, 0x5B, 0x00, 0x0C,
    0x6B, 0x5B, 0x00, 0x2A, 0x6B, 0x5B, 0x08, 0x2A, 0x6B, 0x5B, 0x08, 0x2A, 0x6B, 0x5B, 0x08, 0x2A,
    0x6B, 0x5B, 0x00, 0x2B, 0x6B, 0x5B, 0x00, 0x0B, 0x6B, 0x5B, 0x08, 0x2A, 0x6B, 0x5B, 0x08, 0x2A,
    0x6B, 0x5B, 0x00, 0x2B, 0x6B, 0x5B, 0x00, 0x0D, 0x6B, 0x5B, 0x00, 0x12, 0x6B, 0x5B, 0x08, 0x2D,
    0x6B, 0x5B, 0x00, 0x0A, 0x6B, 0x5B, 0x00, 0x0D, 0x6B, 0x5B, 0x00, 0x06, 0x6B, 0x5B, 0x00, 0x00,
    0x6B, 0x5B, 0x00, 0x00, 0x6B, 0x5B, 0x00, 0x2B, 0x6B, 0x5B, 0x00, 0x2B, 0x6B, 0x5B, 0x00, 0x0C,
    0x6B, 0x5C, 0x00, 0x0B, 0x6B, 0x5C, 0x00, 0x2B, 0x5A, 0xD7, 0x08, 0x2A, 0x00, 0x00, 0x08, 0x2A,
    0x08, 0x2A, 0xA4, 0xFF, 0x00, 0x0C, 0x7B, 0xDF, 0x00, 0x0C, 0x6B, 0x5C, 0x00, 0x2A, 0x6B, 0x5C,
    0x08, 0x2A, 0x6B, 0x5C, 0x00, 0x0C, 0x6B, 0x3B, 0x00, 0x0C, 0x6B, 0x3B, 0x00, 0x09, 0x6B, 0x3B,
    0x00, 0x08, 0x6B, 0x3B, 0x00, 0x07, 0x6B, 0x3B, 0x00, 0x00, 0x6B, 0x3B, 0x00, 0x00, 0x6B, 0x3B,
    0x00, 0x00, 0x6B, 0x3B, 0x00, 0x0D, 0x6B, 0x3B, 0x00, 0x2B, 0x6B, 0x3B, 0x08, 0x2A, 0x6B, 0x3B,
    0x00, 0x2A, 0x6B, 0x3B, 0x08, 0x2A, 0x6B, 0x3B, 0x00, 0x0C, 0x6B, 0x3B, 0x00, 0x2B, 0x6B, 0x3B,
    0x00, 0x2B, 0x6B, 0x3B, 0x00, 0x0D, 0x6B, 0x3B, 0x00, 0x0C, 0x6B, 0x3B, 0x00, 0x2B, 0x6B, 0x3B,
    0x00, 0x0C, 0x6B, 0x3B, 0x00, 0x2B, 0x6B, 0x3B, 0x00, 0x2B, 0x6B, 0x3B, 0x00, 0x0D, 0x6B, 0x3B,
    0x00, 0x0F, 0x6B, 0x3B, 0x00, 0x0D, 0x6B, 0x3B, 0x00, 0x0D, 0x6B, 0x3B, 0x00, 0x0D, 0x6B, 0x3B,
    0x00, 0x2B, 0x6B, 0x3B, 0x08, 0x2A, 0x6B, 0x3B, 0x08, 0x2A, 0x8C, 0xDE, 0x74, 0x3C, 0x52, 0x99,
    0x21, 0x33, 0x42, 0x18, 0x10, 0x91, 0x74, 0x3E, 0x63, 0xB8, 0x00, 0x00, 0x00, 0x00, 0x6B, 0x3B,
    0x08, 0x2A, 0x6B, 0x3B, 0x00, 0x0B, 0x6B, 0x3B, 0x00, 0x0C, 0x6B, 0x3B, 0x08, 0x2A, 0x6B, 0x3B,
    0x08, 0x2A, 0x6B, 0x3B, 0x00, 0x0D, 0x6B, 0x3B, 0x08, 0x2A, 0x6B, 0x3B, 0x00, 0x2B, 0x73, 0xBC,
    0x8D, 0x1E, 0x63, 0x5B, 0x18, 0xD1, 0x3A, 0x17, 0x10, 0x90, 0x39, 0xD7, 0x6B, 0xDB, 0x84, 0xBE,
    0x00, 0x00, 0x00, 0x00, 0x00, 0x0C, 0x6B, 0x3B, 0x00, 0x2B, 0x6B, 0x3B, 0x00, 0x2B, 0x6B, 0x3B,
    0x00, 0x0D, 0x6B, 0x3B, 0x00, 0x0C, 0x6B, 0x3B, 0x00, 0x2B, 0x6B, 0x3B, 0x00, 0x0C, 0x6B, 0x3B,
    0x00, 0x2B, 0x6B, 0x3B, 0x00, 0x2B, 0x6B, 0x3B, 0x00, 0x0D, 0x6B, 0x3B, 0x00, 0x0F, 0x6B, 0x3B,
    0x00, 0x0D, 0x6B, 0x3B, 0x00, 0x0D, 0x6B, 0x3B, 0x00, 0x0D, 0x6B, 0x3B, 0x00, 0x2B, 0x6B, 0x3B,
    0x08, 0x2A, 0x6B, 0x3B, 0x08, 0x2A, 0x6B, 0x3B, 0x08, 0x2A, 0x7C, 0x3D, 0x84, 0xFE, 0x4A, 0x59,
    0x10, 0x92, 0x31, 0x97, 0x19, 0x13, 0x95, 0x7F, 0x21, 0x2E, 0x00, 0x00, 0x00, 0x00, 0x6B, 0x3B,
    0x00, 0x0B, 0x6B, 0x3B, 0x00, 0x0C, 0x6B, 0x3B, 0x08, 0x2A, 0x6B, 0x3B, 0x08, 0x2A, 0x6B, 0x3B,
    0x00, 0x0D, 0x6B, 0x3B, 0x08, 0x2A, 0x6B, 0x3B, 0x00, 0x2B, 0x6B, 0x3B, 0x00, 0x0D, 0x6B, 0x3B,
    0x00, 0x2B, 0x6B, 0x3B, 0x08, 0x2A, 0x6B, 0x3B, 0x00, 0x2A, 0x6B, 0x3B, 0x08, 0x2A, 0x6B, 0x3B,
    0x00, 0x0C, 0x00, 0x00, 0x00, 0x00, 0x00, 0x00, 0x00, 0x00, 0x00, 0x00, 0x00, 0x00, 0x00, 0x00,
    0x00, 0x00, 0x6B, 0x3B, 0x00, 0x2B, 0x6B, 0x3B, 0x00, 0x0C, 0x6B, 0x3B, 0x00, 0x2B, 0x6B, 0x3B,
    0x00, 0x2B, 0x6B, 0x3B, 0x00, 0x0D, 0x6B, 0x3B, 0x00, 0x0F, 0x6B, 0x3B, 0x00, 0x0D, 0x6B, 0x3B,
    0x00, 0x0D, 0x6B, 0x3B, 0x00, 0x0D, 0x6B, 0x3B, 0x00, 0x2B, 0x6B, 0x3B, 0x08, 0x2A, 0x6B, 0x3B,
    0x08, 0x2A, 0x6B, 0x3B, 0x6B, 0xB8, 0x84, 0x9F, 0x21, 0x32, 0x4A, 0x79, 0x18, 0xF2, 0x63, 0x9C,
    0x84, 0xDC, 0x6B, 0x5B, 0x00, 0x00, 0x00, 0x00, 0x08, 0x2A, 0x6B, 0x3B, 0x00, 0x0B, 0x6B, 0x3B,
    0x00, 0x0C, 0x6B, 0x3B, 0x08, 0x2A, 0x6B, 0x3B, 0x08, 0x2A, 0x6B, 0x3B, 0x00, 0x0D, 0x6B, 0x3B,
    0x08, 0x2A, 0x6B, 0x3B, 0x00, 0x2B, 0x6B, 0x3B, 0x00, 0x0D, 0x6B, 0x3B, 0x00, 0x2B, 0x6B, 0x3B,
    0x08, 0x2A, 0x6B, 0x3B, 0x00, 0x2A, 0x6B, 0x3B, 0x08, 0x2A, 0x6B, 0x3B, 0x00, 0x0C, 0x6B, 0x3B,
    0x00, 0x2B, 0x6B, 0x3B, 0x00, 0x2B, 0x6B, 0x3B, 0x00, 0x0D, 0x6B, 0x3B, 0x00, 0x0C, 0x6B, 0x3B,
    0x00, 0x2B, 0x6B, 0x3B, 0x00, 0x0C, 0x6B, 0x3B, 0x00, 0x2B, 0x6B, 0x3B, 0x00, 0x2B, 0x6B, 0x3B,
    0x00, 0x0D, 0x6B, 0x3B, 0x00, 0x0F, 0x6B, 0x3B, 0x00, 0x0D, 0x6B, 0x3B, 0x00, 0x0D, 0x6B, 0x3B,
    0x00, 0x0D, 0x6B, 0x3B, 0x00, 0x2B, 0x6B, 0x3B, 0x08, 0x2A, 0x6B, 0x3B, 0x08, 0x2A, 0x6B, 0x3B,
    0x08, 0x2A, 0x6B, 0x3B, 0x00, 0x0C, 0x6B, 0x3B, 0x00, 0x0C, 0x6B, 0x3B, 0x00, 0x2A, 0x6B, 0x3B,
    0x08, 0x2A, 0x6B, 0x3B, 0x08, 0x2A, 0x6B, 0x3B, 0x00, 0x0C, 0x6B, 0x3B, 0x00, 0x0C, 0x6B, 0x3B,
    0x00, 0x09, 0x6B, 0x3B, 0x00, 0x08, 0x6B, 0x3B, 0x00, 0x07, 0x6B, 0x3B, 0x00, 0x00, 0x6B, 0x3B,
    0x00, 0x00, 0x6B, 0x3B, 0x00, 0x00, 0x6B, 0x3B, 0x00, 0x2B, 0x6B, 0x3B, 0x08, 0x2A, 0x6B, 0x5C,
    0x00, 0x2A, 0x6B, 0x5C, 0x08, 0x2A, 0x9C, 0xDF, 0x00, 0x0C, 0x00, 0x00, 0x00, 0x2B, 0x00, 0x00,
    0xE7, 0x1F, 0x00, 0x2A, 0x94, 0x9F, 0x00, 0x0C, 0x00, 0x00, 0x00, 0x0C, 0x6B, 0x5B, 0x00, 0x0B,
    0x6B, 0x5B, 0x00, 0x09, 0x63, 0x3B, 0x00, 0x09, 0x63, 0x3B, 0x00, 0x07, 0x63, 0x3B, 0x00, 0x04,
    0x63, 0x3B, 0x00, 0x02, 0x63, 0x3B, 0x00, 0x00, 0x63, 0x3B, 0x00, 0x00, 0x63, 0x3B, 0x00, 0x00,
    0x63, 0x3B, 0x00, 0x0C, 0x63, 0x3B, 0x00, 0x0D, 0x63, 0x3B, 0x00, 0x2B, 0x63, 0x3B, 0x00, 0x2B,
    0x63, 0x3B, 0x08, 0x2A, 0x63, 0x3B, 0x00, 0x2B, 0x63, 0x3B, 0x00, 0x0D, 0x63, 0x3B, 0x00, 0x0B,
    0x63, 0x3B, 0x00, 0x0B, 0x63, 0x3B, 0x00, 0x0C, 0x63, 0x3B, 0x00, 0x0B, 0x63, 0x3B, 0x00, 0x2B,
    0x63, 0x3B, 0x00, 0x0C, 0x63, 0x3B, 0x00, 0x2B, 0x63, 0x3B, 0x00, 0x0C, 0x63, 0x3B, 0x00, 0x0D,
    0x63, 0x3B, 0x00, 0x0E, 0x63, 0x3B, 0x00, 0x0D, 0x63, 0x3B, 0x00, 0x0E, 0x63, 0x3B, 0x00, 0x0E,
    0x63, 0x3B, 0x00, 0x0C, 0x63, 0x3B, 0x00, 0x2B, 0x63, 0x3B, 0x6B, 0xD8, 0x84, 0xBF, 0x29, 0x73,
    0x4A, 0x59, 0x18, 0xF3, 0x39, 0xD7, 0x63, 0xBC, 0x84, 0xBE, 0x00, 0x00, 0x00, 0x00, 0x08, 0x2A,
    0x63, 0x3B, 0x08, 0x2A, 0x63, 0x3B, 0x00, 0x2B, 0x63, 0x3B, 0x00, 0x0C, 0x63, 0x3B, 0x00, 0x2B,
    0x63, 0x3B, 0x00, 0x0B, 0x63, 0x3B, 0x00, 0x0B, 0x63, 0x3B, 0x08, 0x2A, 0x63, 0x3B, 0x08, 0x2C,
    0x8C, 0xDE, 0x6B, 0xDC, 0x39, 0xF7, 0x10, 0x91, 0x39, 0xD7, 0x08, 0x70, 0x63, 0xBC, 0x7C, 0x9C,
    0x6B, 0x5B, 0x00, 0x00, 0x63, 0x3B, 0x00, 0x0D, 0x63, 0x3B, 0x00, 0x0B, 0x63, 0x3B, 0x00, 0x0B,
    0x63, 0x3B, 0x00, 0x0C, 0x63, 0x3B, 0x00, 0x0B, 0x63, 0x3B, 0x00, 0x2B, 0x63, 0x3B, 0x00, 0x0C,
    0x63, 0x3B, 0x00, 0x2B, 0x63, 0x3B, 0x00, 0x0C, 0x63, 0x3B, 0x00, 0x0D, 0x63, 0x3B, 0x00, 0x0E,
    0x63, 0x3B, 0x00, 0x0D, 0x63, 0x3B, 0x00, 0x0E, 0x63, 0x3B, 0x00, 0x0E, 0x63, 0x3B, 0x00, 0x0C,
    0x63, 0x3B, 0x00, 0x2B, 0x63, 0x3B, 0x00, 0x2B, 0x63, 0x3B, 0x42, 0x53, 0x95, 0x3F, 0x21, 0x33,
    0x39, 0xD7, 0x08, 0x51, 0x3A, 0x18, 0x8D, 0x3E, 0x73, 0xBC, 0x00, 0x00, 0x00, 0x00, 0x08, 0x2A,
    0x63, 0x3B, 0x00, 0x2B, 0x63, 0x3B, 0x00, 0x0C, 0x63, 0x3B, 0x00, 0x2B, 0x63, 0x3B, 0x00, 0x0B,
    0x63, 0x3B, 0x00, 0x0B, 0x63, 0x3B, 0x08, 0x2A, 0x63, 0x3B, 0x00, 0x0C, 0x63, 0x3B, 0x00, 0x0D,
    0x63, 0x3B, 0x00, 0x2B, 0x63, 0x3B, 0x00, 0x2B, 0x63, 0x3B, 0x08, 0x2A, 0x63, 0x3B, 0x00, 0x2B,
    0x63, 0x3B, 0x00, 0x00, 0x00, 0x00, 0x00, 0x00, 0x00, 0x00, 0x00, 0x00, 0x00, 0x00, 0x00, 0x00,
    0x00, 0x00, 0x00, 0x0B, 0x63, 0x3B, 0x00, 0x2B, 0x63, 0x3B, 0x00, 0x0C, 0x63, 0x3B, 0x00, 0x2B,
    0x63, 0x3B, 0x00, 0x0C, 0x63, 0x3B, 0x00, 0x0D, 0x63, 0x3B, 0x00, 0x0E, 0x63, 0x3B, 0x00, 0x0D,
    0x63, 0x3B, 0x00, 0x0E, 0x63, 0x3B, 0x00, 0x0E, 0x63, 0x3B, 0x00, 0x0C, 0x63, 0x3B, 0x00, 0x2B,
    0x63, 0x3B, 0x00, 0x2B, 0x84, 0xDE, 0x6C, 0x1C, 0x4A, 0x58, 0x18, 0xF1, 0x42, 0x38, 0x4A, 0xB8,
    0x95, 0x5F, 0x08, 0x6C, 0x00, 0x00, 0x00, 0x00, 0x63, 0x3B, 0x08, 0x2A, 0x63, 0x3B, 0x00, 0x2B,
    0x63, 0x3B, 0x00, 0x0C, 0x63, 0x3B, 0x00, 0x2B, 0x63, 0x3B, 0x00, 0x0B, 0x63, 0x3B, 0x00, 0x0B,
    0x63, 0x3B, 0x08, 0x2A, 0x63, 0x3B, 0x00, 0x0C, 0x63, 0x3B, 0x00, 0x0D, 0x63, 0x3B, 0x00, 0x2B,
    0x63, 0x3B, 0x00, 0x2B, 0x63, 0x3B, 0x08, 0x2A, 0x63, 0x3B, 0x00, 0x2B, 0x63, 0x3B, 0x00, 0x0D,
    0x63, 0x3B, 0x00, 0x0B, 0x63, 0x3B, 0x00, 0x0B, 0x63, 0x3B, 0x00, 0x0C, 0x63, 0x3B, 0x00, 0x0B,
    0x63, 0x3B, 0x00, 0x2B, 0x63, 0x3B, 0x00, 0x0C, 0x63, 0x3B, 0x00, 0x2B, 0x63, 0x3B, 0x00, 0x0C,
    0x63, 0x3B, 0x00, 0x0D, 0x63, 0x3B, 0x00, 0x0E, 0x63, 0x3B, 0x00, 0x0D, 0x63, 0x3B, 0x00, 0x0E,
    0x63, 0x3B, 0x00, 0x0E, 0x63, 0x3B, 0x00, 0x0C, 0x63, 0x3B, 0x00, 0x2B, 0x63, 0x3B, 0x00, 0x2B,
    0x63, 0x3B, 0x00, 0x2A, 0x63, 0x3B, 0x00, 0x0C, 0x63, 0x3B, 0x00, 0x0C, 0x63, 0x3B, 0x00, 0x0B,
    0x63, 0x3B, 0x08, 0x2A, 0x63, 0x3B, 0x00, 0x09, 0x63, 0x3B, 0x00, 0x09, 0x63, 0x3B, 0x00, 0x07,
    0x63, 0x3B, 0x00, 0x04, 0x63, 0x3B, 0x00, 0x02, 0x63, 0x3B, 0x00, 0x00, 0x63, 0x3B, 0x00, 0x00,
    0x63, 0x3B, 0x00, 0x00, 0x63, 0x3B, 0x00, 0x0D, 0x63, 0x3B, 0x00, 0x2B, 0x63, 0x3B, 0x00, 0x2B,
    0x6B, 0x5B, 0x08, 0x2A, 0x6B, 0x5B, 0x00, 0x2B, 0x5A, 0xD7, 0x00, 0x0D, 0x00, 0x00, 0x00, 0x0B,
    0x00, 0x2B, 0x9C, 0xFF, 0x00, 0x2B, 0x73, 0xBF, 0x00, 0x0B, 0x6B, 0x5B, 0x00, 0x0D, 0x6B, 0x5B,
    0x00, 0x0D, 0x6B, 0x5B, 0x00, 0x07, 0x63, 0x3B, 0x00, 0x05, 0x63, 0x3B, 0x00, 0x00, 0x63, 0x3B,
    0x00, 0x00, 0x63, 0x3B, 0x00, 0x00, 0x63, 0x3B, 0x00, 0x00, 0x63, 0x3B, 0x00, 0x00, 0x63, 0x3B,
    0x08, 0x2A, 0x63, 0x3B, 0x00, 0x0D, 0x63, 0x3B, 0x00, 0x0D, 0x63, 0x3B, 0x00, 0x0C, 0x63, 0x3B,
    0x00, 0x0C, 0x63, 0x3B, 0x00, 0x2A, 0x63, 0x3B, 0x00, 0x0C, 0x63, 0x3B, 0x00, 0x0D, 0x63, 0x3B,
    0x00, 0x0B, 0x63, 0x3B, 0x08, 0x2A, 0x63, 0x3B, 0x08, 0x2A, 0x63, 0x3B, 0x00, 0x2B, 0x63, 0x3B,
    0x00, 0x2B, 0x63, 0x3B, 0x00, 0x2B, 0x63, 0x3B, 0x00, 0x0C, 0x63, 0x3B, 0x08, 0x2A, 0x63, 0x3B,
    0x00, 0x2B, 0x63, 0x3B, 0x00, 0x0C, 0x63, 0x3B, 0x00, 0x0C, 0x63, 0x3B, 0x00, 0x0E, 0x63, 0x3B,
    0x00, 0x0D, 0x63, 0x3B, 0x00, 0x0D, 0x63, 0x3B, 0x00, 0x0C, 0x8C, 0xDE, 0x7C, 0x5D, 0x52, 0xBA,
    0x29, 0x74, 0x42, 0x18, 0x18, 0xB2, 0x74, 0x3E, 0x63, 0x99, 0x00, 0x00, 0x00, 0x00, 0x63, 0x3B,
    0x08, 0x2A, 0x63, 0x3B, 0x08, 0x2A, 0x63, 0x3B, 0x00, 0x0C, 0x63, 0x3B, 0x00, 0x0E, 0x63, 0x3B,
    0x00, 0x0D, 0x63, 0x3B, 0x00, 0x0C, 0x63, 0x3B, 0x00, 0x2B, 0x63, 0x3B, 0x08, 0x2A, 0x63, 0x3B,
    0x4A, 0xD6, 0x8C, 0xFF, 0x18, 0xD2, 0x39, 0xD7, 0x08, 0x71, 0x31, 0xB7, 0x42, 0x77, 0x95, 0x3F,
    0x08, 0x6C, 0x00, 0x00, 0x00, 0x0C, 0x63, 0x3B, 0x00, 0x0D, 0x63, 0x3B, 0x00, 0x0B, 0x63, 0x3B,
    0x08, 0x2A, 0x63, 0x3B, 0x08, 0x2A, 0x63, 0x3B, 0x00, 0x2B, 0x63, 0x3B, 0x00, 0x2B, 0x63, 0x3B,
    0x00, 0x2B, 0x63, 0x3B, 0x00, 0x0C, 0x63, 0x3B, 0x08, 0x2A, 0x63, 0x3B, 0x00, 0x2B, 0x63, 0x3B,
    0x00, 0x0C, 0x63, 0x3B, 0x00, 0x0C, 0x63, 0x3B, 0x00, 0x0E, 0x63, 0x3B, 0x00, 0x0D, 0x63, 0x3B,
    0x00, 0x0D, 0x63, 0x3B, 0x00, 0x0C, 0x63, 0x3B, 0x00, 0x2B, 0x7C, 0x3D, 0x84, 0xFE, 0x42, 0x39,
    0x18, 0xD3, 0x29, 0x76, 0x19, 0x34, 0x95, 0x7F, 0x21, 0x30, 0x00, 0x00, 0x00, 0x00, 0x63, 0x3B,
    0x08, 0x2A, 0x63, 0x3B, 0x00, 0x0C, 0x63, 0x3B, 0x00, 0x0E, 0x63, 0x3B, 0x00, 0x0D, 0x63, 0x3B,
    0x00, 0x0C, 0x63, 0x3B, 0x00, 0x2B, 0x63, 0x3B, 0x08, 0x2A, 0x63, 0x3B, 0x00, 0x0D, 0x63, 0x3B,
    0x00, 0x0D, 0x63, 0x3B, 0x00, 0x0C, 0x63, 0x3B, 0x00, 0x0C, 0x63, 0x3B, 0x00, 0x2A, 0x63, 0x3B,
    0x00, 0x0C, 0x63, 0x3B, 0x00, 0x0D, 0x63, 0x3B, 0x00, 0x0B, 0x63, 0x3B, 0x08, 0x2A, 0x63, 0x3B,
    0x08, 0x2A, 0x63, 0x3B, 0x00, 0x2B, 0x63, 0x3B, 0x00, 0x2B, 0x63, 0x3B, 0x00, 0x2B, 0x63, 0x3B,
    0x00, 0x0C, 0x63, 0x3B, 0x08, 0x2A, 0x63, 0x3B, 0x00, 0x2B, 0x63, 0x3B, 0x00, 0x0C, 0x63, 0x3B,
    0x00, 0x0C, 0x63, 0x3B, 0x00, 0x0E, 0x63, 0x3B, 0x00, 0x0D, 0x63, 0x3B, 0x00, 0x0D, 0x63, 0x3B,
    0x00, 0x0C, 0x63, 0x3B, 0x63, 0xB8, 0x7C, 0x9F, 0x18, 0xD1, 0x42, 0x38, 0x10, 0xB1, 0x63, 0x7C,
    0x84, 0xDD, 0x6B, 0x5B, 0x00, 0x00, 0x00, 0x00, 0x08, 0x2A, 0x63, 0x3B, 0x08, 0x2A, 0x63, 0x3B,
    0x00, 0x0C, 0x63, 0x3B, 0x00, 0x0E, 0x63, 0x3B, 0x00, 0x0D, 0x63, 0x3B, 0x00, 0x0C, 0x63, 0x3B,
    0x00, 0x2B, 0x63, 0x3B, 0x08, 0x2A, 0x63, 0x3B, 0x00, 0x0D, 0x63, 0x3B, 0x00, 0x0D, 0x63, 0x3B,
    0x00, 0x0C, 0x63, 0x3B, 0x00, 0x0C, 0x63, 0x3B, 0x00, 0x2A, 0x63, 0x3B, 0x00, 0x0C, 0x63, 0x3B,
    0x00, 0x0D, 0x63, 0x3B, 0x00, 0x0B, 0x63, 0x3B, 0x08, 0x2A, 0x63, 0x3B, 0x08, 0x2A, 0x63, 0x3B,
    0x00, 0x2B, 0x63, 0x3B, 0x00, 0x2B, 0x63, 0x3B, 0x00, 0x2B, 0x63, 0x3B, 0x00, 0x0C, 0x63, 0x3B,
    0x08, 0x2A, 0x63, 0x3B, 0x00, 0x2B, 0x63, 0x3B, 0x00, 0x0C, 0x63, 0x3B, 0x00, 0x0C, 0x63, 0x3B,
    0x00, 0x0E, 0x63, 0x3B, 0x00, 0x0D, 0x63, 0x3B, 0x00, 0x0D, 0x63, 0x3B, 0x00, 0x0C, 0x63, 0x3B,
    0x00, 0x2B, 0x63, 0x3B, 0x00, 0x2B, 0x63, 0x3B, 0x00, 0x0B, 0x63, 0x3B, 0x00, 0x0D, 0x63, 0x3B,
    0x00, 0x0D, 0x63, 0x3B, 0x08, 0x2A, 0x63, 0x3B, 0x00, 0x07, 0x63, 0x3B, 0x00, 0x05, 0x63, 0x3B,
    0x00, 0x00, 0x63, 0x3B, 0x00, 0x00, 0x63, 0x3B, 0x00, 0x00, 0x63, 0x3B, 0x00, 0x00, 0x63, 0x3B,
    0x00, 0x00, 0x63, 0x3B, 0x00, 0x0D, 0x63, 0x3B, 0x00, 0x0D, 0x63, 0x3B, 0x00, 0x0C, 0x6B, 0x5B,
    0x00, 0x0C, 0x6B, 0x5B, 0x00, 0x2A, 0x94, 0xBF, 0x00, 0x0C, 0x00, 0x00, 0x00, 0x0D, 0x00, 0x00,
    0xDE, 0xFF, 0x00, 0x2B, 0x94, 0x9F, 0x08, 0x2A, 0x00, 0x00, 0x00, 0x2B, 0x6B, 0x3B, 0x00, 0x0E,
    0x6B, 0x3B, 0x00, 0x0D, 0x63, 0x3A, 0x00, 0x03, 0x63, 0x3A, 0x00, 0x00, 0x63, 0x3A, 0x00, 0x00,
    0x63, 0x3A, 0x00, 0x00, 0x63, 0x3A, 0x00, 0x00, 0x63, 0x3A, 0x00, 0x00, 0x63, 0x3A, 0x00, 0x00,
    0x63, 0x3A, 0x08, 0x2A, 0x63, 0x3A, 0x00, 0x0C, 0x63, 0x3A, 0x00, 0x0D, 0x63, 0x3A, 0x00, 0x0D,
    0x63, 0x3A, 0x00, 0x0C, 0x63, 0x3A, 0x00, 0x2B, 0x63, 0x3A, 0x00, 0x2B, 0x63, 0x3A, 0x00, 0x0B,
    0x63, 0x3A, 0x00, 0x2B, 0x63, 0x3A, 0x08, 0x2A, 0x63, 0x3A, 0x00, 0x2A, 0x63, 0x3A, 0x08, 0x2A,
    0x63, 0x3A, 0x08, 0x2A, 0x63, 0x3A, 0x00, 0x0C, 0x63, 0x3A, 0x00, 0x0D, 0x63, 0x3A, 0x00, 0x2B,
    0x63, 0x3A, 0x08, 0x2A, 0x63, 0x3A, 0x00, 0x2B, 0x63, 0x3A, 0x00, 0x2B, 0x63, 0x3A, 0x00, 0x0C,
    0x63, 0x3A, 0x00, 0x2B, 0x63, 0x3A, 0x00, 0x0C, 0x63, 0x3A, 0x6B, 0xD9, 0x84, 0xBF, 0x39, 0xF5,
    0x4A, 0x79, 0x29, 0x33, 0x39, 0xD7, 0x63, 0xDC, 0x84, 0x9E, 0x00, 0x00, 0x00, 0x00, 0x00, 0x0D,
    0x63, 0x3A, 0x00, 0x2B, 0x63, 0x3A, 0x00, 0x2B, 0x63, 0x3A, 0x00, 0x0E, 0x63, 0x3A, 0x00, 0x0E,
    0x63, 0x3A, 0x00, 0x0E, 0x63, 0x3A, 0x00, 0x0C, 0x63, 0x3A, 0x00, 0x2A, 0x63, 0x3A, 0x08, 0x2A,
    0x7C, 0x1C, 0x84, 0xDD, 0x42, 0x18, 0x08, 0x51, 0x31, 0x97, 0x08, 0x31, 0x4A, 0x99, 0x8D, 0x3E,
    0x6B, 0x9B, 0x00, 0x00, 0x00, 0x00, 0x00, 0x2B, 0x63, 0x3A, 0x00, 0x0B, 0x63, 0x3A, 0x00, 0x2B,
    0x63, 0x3A, 0x08, 0x2A, 0x63, 0x3A, 0x00, 0x2A, 0x63, 0x3A, 0x08, 0x2A, 0x63, 0x3A, 0x08, 0x2A,
    0x63, 0x3A, 0x00, 0x0C, 0x63, 0x3A, 0x00, 0x0D, 0x63, 0x3A, 0x00, 0x2B, 0x63, 0x3A, 0x08, 0x2A,
    0x63, 0x3A, 0x00, 0x2B, 0x63, 0x3A, 0x00, 0x2B, 0x63, 0x3A, 0x00, 0x0C, 0x63, 0x3A, 0x00, 0x2B,
    0x63, 0x3A, 0x00, 0x0C, 0x63, 0x3A, 0x00, 0x0B, 0x63, 0x3A, 0x42, 0x53, 0x8D, 0x3F, 0x29, 0x94,
    0x31, 0xB7, 0x10, 0x72, 0x39, 0xF8, 0x8D, 0x3E, 0x6B, 0x9B, 0x00, 0x00, 0x00, 0x00, 0x00, 0x2B,
    0x63, 0x3A, 0x00, 0x2B, 0x63, 0x3A, 0x00, 0x0E, 0x63, 0x3A, 0x00, 0x0E, 0x63, 0x3A, 0x00, 0x0E,
    0x63, 0x3A, 0x00, 0x0C, 0x63, 0x3A, 0x00, 0x2A, 0x63, 0x3A, 0x08, 0x2A, 0x63, 0x3A, 0x00, 0x0C,
    0x63, 0x3A, 0x00, 0x0D, 0x63, 0x3A, 0x00, 0x0D, 0x63, 0x3A, 0x00, 0x0C, 0x63, 0x3A, 0x00, 0x2B,
    0x63, 0x3A, 0x00, 0x2B, 0x63, 0x3A, 0x00, 0x0B, 0x63, 0x3A, 0x00, 0x2B, 0x63, 0x3A, 0x08, 0x2A,
    0x63, 0x3A, 0x00, 0x2A, 0x63, 0x3A, 0x08, 0x2A, 0x63, 0x3A, 0x08, 0x2A, 0x63, 0x3A, 0x00, 0x0C,
    0x63, 0x3A, 0x00, 0x0D, 0x63, 0x3A, 0x00, 0x2B, 0x63, 0x3A, 0x08, 0x2A, 0x63, 0x3A, 0x00, 0x2B,
    0x63, 0x3A, 0x00, 0x2B, 0x63, 0x3A, 0x00, 0x0C, 0x63, 0x3A, 0x00, 0x2B, 0x63, 0x3A, 0x00, 0x0C,
    0x63, 0x3A, 0x00, 0x0B, 0x84, 0xBE, 0x6B, 0xFC, 0x42, 0x18, 0x10, 0xB0, 0x42, 0x18, 0x42, 0x97,
    0x95, 0x5F, 0x08, 0x6F, 0x00, 0x00, 0x00, 0x00, 0x63, 0x3A, 0x00, 0x2B, 0x63, 0x3A, 0x00, 0x2B,
    0x63, 0x3A, 0x00, 0x0E, 0x63, 0x3A, 0x00, 0x0E, 0x63, 0x3A, 0x00, 0x0E, 0x63, 0x3A, 0x00, 0x0C,
    0x63, 0x3A, 0x00, 0x2A, 0x63, 0x3A, 0x08, 0x2A, 0x63, 0x3A, 0x00, 0x0C, 0x63, 0x3A, 0x00, 0x0D,
    0x63, 0x3A, 0x00, 0x0D, 0x63, 0x3A, 0x00, 0x0C, 0x63, 0x3A, 0x00, 0x2B, 0x63, 0x3A, 0x00, 0x2B,
    0x63, 0x3A, 0x00, 0x0B, 0x63, 0x3A, 0x00, 0x2B, 0x63, 0x3A, 0x08, 0x2A, 0x63, 0x3A, 0x00, 0x2A,
    0x63, 0x3A, 0x08, 0x2A, 0x63, 0x3A, 0x08, 0x2A, 0x63, 0x3A, 0x00, 0x0C, 0x63, 0x3A, 0x00, 0x0D,
    0x63, 0x3A, 0x00, 0x2B, 0x63, 0x3A, 0x08, 0x2A, 0x63, 0x3A, 0x00, 0x2B, 0x63, 0x3A, 0x00, 0x2B,
    0x63, 0x3A, 0x00, 0x0C, 0x63, 0x3A, 0x00, 0x2B, 0x63, 0x3A, 0x00, 0x0C, 0x63, 0x3A, 0x00, 0x0B,
    0x63, 0x3A, 0x00, 0x2B, 0x63, 0x3A, 0x08, 0x2A, 0x63, 0x3A, 0x00, 0x2B, 0x63, 0x3A, 0x00, 0x0E,
    0x63, 0x3A, 0x00, 0x0D, 0x63, 0x3A, 0x00, 0x2B, 0x63, 0x3A, 0x00, 0x03, 0x63, 0x3A, 0x00, 0x00,
    0x63, 0x3A, 0x00, 0x00, 0x63, 0x3A, 0x00, 0x00, 0x63, 0x3A, 0x00, 0x00, 0x63, 0x3A, 0x00, 0x00,
    0x63, 0x3A, 0x00, 0x00, 0x63, 0x3A, 0x00, 0x0C, 0x63, 0x3A, 0x00, 0x0D, 0x63, 0x3A, 0x00, 0x0D,
    0x6B, 0x3B, 0x00, 0x0C, 0x6B, 0x3B, 0x00, 0x2B, 0x52, 0xB7, 0x00, 0x2B, 0x00, 0x00, 0x00, 0x0B,
    0x00, 0x0C, 0x9C, 0xDF, 0x00, 0x2B, 0x73, 0x9E, 0x08, 0x2A, 0x63, 0x3B, 0x00, 0x2B, 0x63, 0x3B,
    0x00, 0x0D, 0x63, 0x3B, 0x00, 0x0D, 0x63, 0x1A, 0x00, 0x00, 0x63, 0x1A, 0x00, 0x00, 0x63, 0x1A,
    0x00, 0x00, 0x63, 0x1A, 0x00, 0x00, 0x63, 0x1A, 0x00, 0x00, 0x63, 0x1A, 0x00, 0x00, 0x63, 0x1A,
    0x00, 0x2B, 0x63, 0x1A, 0x08, 0x2A, 0x63, 0x1A, 0x00, 0x2B, 0x63, 0x1A, 0x00, 0x0B, 0x63, 0x1A,
    0x00, 0x0C, 0x63, 0x1A, 0x00, 0x0C, 0x63, 0x1A, 0x00, 0x2B, 0x63, 0x1A, 0x08, 0x2A, 0x63, 0x1A,
    0x00, 0x2B, 0x63, 0x1A, 0x00, 0x0C, 0x63, 0x1A, 0x00, 0x2B, 0x63, 0x1A, 0x00, 0x0C, 0x63, 0x1A,
    0x08, 0x2A, 0x63, 0x1A, 0x08, 0x2A, 0x63, 0x1A, 0x00, 0x0D, 0x63, 0x1A, 0x00, 0x0C, 0x63, 0x1A,
    0x08, 0x2A, 0x63, 0x1A, 0x08, 0x2A, 0x63, 0x1A, 0x00, 0x2B, 0x63, 0x1A, 0x00, 0x2B, 0x63, 0x1A,
    0x00, 0x2A, 0x63, 0x1A, 0x08, 0x2A, 0x63, 0x1A, 0x00, 0x2B, 0x8C, 0xDE, 0x7C, 0x7D, 0x5A, 0xFA,
    0x31, 0xB5, 0x4A, 0x59, 0x18, 0xF2, 0x74, 0x3E, 0x63, 0x99, 0x00, 0x00, 0x00, 0x00, 0x63, 0x1A,
    0x00, 0x0D, 0x63, 0x1A, 0x00, 0x0B, 0x63, 0x1A, 0x00, 0x0C, 0x63, 0x1A, 0x00, 0x0C, 0x63, 0x1A,
    0x00, 0x0D, 0x63, 0x1A, 0x00, 0x0E, 0x63, 0x1A, 0x00, 0x0D, 0x63, 0x1A, 0x00, 0x2B, 0x63, 0x1A,
    0x42, 0x53, 0x8D, 0x1F, 0x10, 0x90, 0x31, 0xB7, 0x00, 0x30, 0x29, 0x56, 0x31, 0xD6, 0x95, 0x5F,
    0x18, 0xCE, 0x00, 0x00, 0x00, 0x00, 0x63, 0x1A, 0x08, 0x2A, 0x63, 0x1A, 0x00, 0x2B, 0x63, 0x1A,
    0x00, 0x0C, 0x63, 0x1A, 0x00, 0x2B, 0x63, 0x1A, 0x00, 0x0C, 0x63, 0x1A, 0x08, 0x2A, 0x63, 0x1A,
    0x08, 0x2A, 0x63, 0x1A, 0x00, 0x0D, 0x63, 0x1A, 0x00, 0x0C, 0x63, 0x1A, 0x08, 0x2A, 0x63, 0x1A,
    0x08, 0x2A, 0x63, 0x1A, 0x00, 0x2B, 0x63, 0x1A, 0x00, 0x2B, 0x63, 0x1A, 0x00, 0x2A, 0x63, 0x1A,
    0x08, 0x2A, 0x63, 0x1A, 0x00, 0x2B, 0x63, 0x1A, 0x00, 0x0C, 0x7C, 0x3C, 0x8D, 0x1E, 0x4A, 0x79,
    0x18, 0xF2, 0x31, 0x97, 0x21, 0x34, 0x95, 0x5F, 0x21, 0x30, 0x00, 0x00, 0x00, 0x00, 0x63, 0x1A,
    0x00, 0x0B, 0x63, 0x1A, 0x00, 0x0C, 0x63, 0x1A, 0x00, 0x0C, 0x63, 0x1A, 0x00, 0x0D, 0x63, 0x1A,
    0x00, 0x0E, 0x63, 0x1A, 0x00, 0x0D, 0x63, 0x1A, 0x00, 0x2B, 0x63, 0x1A, 0x08, 0x2A, 0x63, 0x1A,
    0x00, 0x2B, 0x63, 0x1A, 0x00, 0x0B, 0x63, 0x1A, 0x00, 0x0C, 0x63, 0x1A, 0x00, 0x0C, 0x63, 0x1A,
    0x00, 0x2B, 0x63, 0x1A, 0x08, 0x2A, 0x63, 0x1A, 0x00, 0x2B, 0x63, 0x1A, 0x00, 0x0C, 0x63, 0x1A,
    0x00, 0x2B, 0x63, 0x1A, 0x00, 0x0C, 0x63, 0x1A, 0x08, 0x2A, 0x63, 0x1A, 0x08, 0x2A, 0x63, 0x1A,
    0x00, 0x0D, 0x63, 0x1A, 0x00, 0x0C, 0x63, 0x1A, 0x08, 0x2A, 0x63, 0x1A, 0x08, 0x2A, 0x63, 0x1A,
    0x00, 0x2B, 0x63, 0x1A, 0x00, 0x2B, 0x63, 0x1A, 0x00, 0x2A, 0x63, 0x1A, 0x08, 0x2A, 0x63, 0x1A,
    0x00, 0x2B, 0x63, 0x1A, 0x63, 0xB9, 0x7C, 0x5E, 0x10, 0xB1, 0x31, 0xB7, 0x08, 0x70, 0x5B, 0x5B,
    0x84, 0xDC, 0x63, 0x3A, 0x00, 0x00, 0x00, 0x00, 0x00, 0x0D, 0x63, 0x1A, 0x00, 0x0B, 0x63, 0x1A,
    0x00, 0x0C, 0x63, 0x1A, 0x00, 0x0C, 0x63, 0x1A, 0x00, 0x0D, 0x63, 0x1A, 0x00, 0x0E, 0x63, 0x1A,
    0x00, 0x0D, 0x63, 0x1A, 0x00, 0x2B, 0x63, 0x1A, 0x08, 0x2A, 0x63, 0x1A, 0x00, 0x2B, 0x63, 0x1A,
    0x00, 0x0B, 0x63, 0x1A, 0x00, 0x0C, 0x63, 0x1A, 0x00, 0x0C, 0x63, 0x1A, 0x00, 0x2B, 0x63, 0x1A,
    0x08, 0x2A, 0x63, 0x1A, 0x00, 0x2B, 0x63, 0x1A, 0x00, 0x0C, 0x63, 0x1A, 0x00, 0x2B, 0x63, 0x1A,
    0x00, 0x0C, 0x63, 0x1A, 0x08, 0x2A, 0x63, 0x1A, 0x08, 0x2A, 0x63, 0x1A, 0x00, 0x0D, 0x63, 0x1A,
    0x00, 0x0C, 0x63, 0x1A, 0x08, 0x2A, 0x63, 0x1A, 0x08, 0x2A, 0x63, 0x1A, 0x00, 0x2B, 0x63, 0x1A,
    0x00, 0x2B, 0x63, 0x1A, 0x00, 0x2A, 0x63, 0x1A, 0x08, 0x2A, 0x63, 0x1A, 0x00, 0x2B, 0x63, 0x1A,
    0x00, 0x0C, 0x63, 0x1A, 0x00, 0x2B, 0x63, 0x1A, 0x08, 0x2A, 0x63, 0x1A, 0x00, 0x2B, 0x63, 0x1A,
    0x00, 0x0D, 0x63, 0x1A, 0x00, 0x0D, 0x63, 0x1A, 0x00, 0x0B, 0x63, 0x1A, 0x00, 0x00, 0x63, 0x1A,
    0x00, 0x00, 0x63, 0x1A, 0x00, 0x00, 0x63, 0x1A, 0x00, 0x00, 0x63, 0x1A, 0x00, 0x00, 0x63, 0x1A,
    0x00, 0x00, 0x63, 0x1A, 0x08, 0x2A, 0x63, 0x1A, 0x00, 0x2B, 0x63, 0x1A, 0x00, 0x0B, 0x63, 0x3B,
    0x00, 0x0C, 0x63, 0x3B, 0x00, 0x0C, 0x94, 0x9F, 0x00, 0x2B, 0x00, 0x00, 0x08, 0x2A, 0x00, 0x00,
    0xDE, 0xDF, 0x00, 0x0D, 0x8C, 0x7F, 0x00, 0x2B, 0x00, 0x00, 0x08, 0x2A, 0x63, 0x3B, 0x00, 0x2B,
    0x63, 0x3B, 0x00, 0x0C, 0x63, 0x1A, 0x00, 0x0D, 0x63, 0x1A, 0x00, 0x00, 0x63, 0x1A, 0x00, 0x00,
    0x63, 0x1A, 0x00, 0x00, 0x63, 0x1A, 0x00, 0x00, 0x63, 0x1A, 0x00, 0x0D, 0x63, 0x1A, 0x00, 0x0D,
    0x63, 0x1A, 0x00, 0x2B, 0x63, 0x1A, 0x00, 0x2A, 0x63, 0x1A, 0x00, 0x0C, 0x63, 0x1A, 0x00, 0x2A,
    0x63, 0x1A, 0x00, 0x2B, 0x63, 0x1A, 0x00, 0x2B, 0x63, 0x1A, 0x00, 0x2B, 0x63, 0x1A, 0x08, 0x2A,
    0x63, 0x1A, 0x00, 0x0C, 0x63, 0x1A, 0x00, 0x0C, 0x63, 0x1A, 0x00, 0x0C, 0x63, 0x1A, 0x00, 0x0C,
    0x63, 0x1A, 0x08, 0x2A, 0x63, 0x1A, 0x00, 0x2A, 0x63, 0x1A, 0x00, 0x0D, 0x63, 0x1A, 0x08, 0x2A,
    0x63, 0x1A, 0x08, 0x2A, 0x63, 0x1A, 0x00, 0x2B, 0x63, 0x1A, 0x00, 0x0C, 0x63, 0x1A, 0x00, 0x2B,
    0x63, 0x1A, 0x08, 0x2A, 0x63, 0x1A, 0x08, 0x2A, 0x63, 0x1A, 0x6B, 0xD9, 0x8C, 0xFF, 0x42, 0x37,
    0x5A, 0xDA, 0x29, 0x74, 0x39, 0xF8, 0x6B, 0xDB, 0x84, 0x9E, 0x00, 0x00, 0x00, 0x00, 0x00, 0x0C,
    0x63, 0x1A, 0x00, 0x0D, 0x63, 0x1A, 0x00, 0x0B, 0x63, 0x1A, 0x00, 0x0C, 0x63, 0x1A, 0x00, 0x2B,
    0x63, 0x1A, 0x00, 0x0C, 0x63, 0x1A, 0x00, 0x0D, 0x63, 0x1A, 0x00, 0x0D, 0x63, 0x1A, 0x00, 0x2B,
    0x84, 0x7D, 0x74, 0x5C, 0x39, 0xD7, 0x00, 0x0F, 0x29, 0x76, 0x00, 0x10, 0x52, 0xFA, 0x84, 0xDD,
    0x63, 0x3A, 0x00, 0x00, 0x00, 0x00, 0x00, 0x2B, 0x63, 0x1A, 0x08, 0x2A, 0x63, 0x3A, 0x08, 0x6D,
    0x63, 0x3A, 0x08, 0x6D, 0x63, 0x3A, 0x08, 0x2C, 0x63, 0x1A, 0x00, 0x0C, 0x63, 0x1A, 0x08, 0x2A,
    0x63, 0x1A, 0x00, 0x2A, 0x63, 0x1A, 0x00, 0x0D, 0x63, 0x1A, 0x08, 0x2A, 0x63, 0x1A, 0x08, 0x2A,
    0x63, 0x1A, 0x08, 0x2B, 0x63, 0x3A, 0x08, 0x6D, 0x63, 0x3A, 0x08, 0x6C, 0x63, 0x3A, 0x08, 0x2A,
    0x63, 0x1A, 0x08, 0x2A, 0x63, 0x1A, 0x00, 0x0C, 0x63, 0x1A, 0x42, 0x54, 0x95, 0x5F, 0x31, 0xB5,
    0x39, 0xF8, 0x10, 0x92, 0x39, 0xF8, 0x8D, 0x3E, 0x6B, 0x9B, 0x00, 0x00, 0x00, 0x00, 0x08, 0x6E,
    0x73, 0xDB, 0x4A, 0xD5, 0x84, 0xBE, 0x6B, 0xD9, 0x84, 0xBE, 0x5B, 0x37, 0x73, 0xFC, 0x21, 0x0F,
    0x63, 0x3A, 0x00, 0x0D, 0x63, 0x1A, 0x00, 0x0D, 0x63, 0x1A, 0x00, 0x2B, 0x63, 0x1A, 0x00, 0x2A,
    0x63, 0x1A, 0x00, 0x0C, 0x63, 0x1A, 0x00, 0x2A, 0x63, 0x1A, 0x00, 0x2B, 0x63, 0x1A, 0x00, 0x2B,
    0x63, 0x3A, 0x08, 0x6C, 0x63, 0x3A, 0x10, 0x6B, 0x63, 0x3A, 0x08, 0x4C, 0x63, 0x1A, 0x00, 0x0C,
    0x63, 0x1A, 0x00, 0x0C, 0x63, 0x1A, 0x00, 0x0C, 0x63, 0x1A, 0x08, 0x2A, 0x63, 0x1A, 0x00, 0x2A,
    0x63, 0x1A, 0x00, 0x0D, 0x63, 0x1A, 0x08, 0x2A, 0x63, 0x1A, 0x08, 0x2A, 0x6B, 0x5B, 0x31, 0xD1,
    0x84, 0x7D, 0x6B, 0xD9, 0x84, 0xBE, 0x63, 0xB8, 0x7C, 0x5D, 0x31, 0xD1, 0x6B, 0x7B, 0x08, 0x2A,
    0x63, 0x1A, 0x00, 0x0C, 0x84, 0xBE, 0x6B, 0xDC, 0x29, 0x76, 0x10, 0x92, 0x21, 0x56, 0x42, 0x57,
    0x8D, 0x3F, 0x08, 0x6C, 0x00, 0x00, 0x00, 0x00, 0x63, 0x1A, 0x00, 0x0D, 0x63, 0x1A, 0x00, 0x0B,
    0x63, 0x1A, 0x00, 0x0C, 0x63, 0x1A, 0x00, 0x2B, 0x63, 0x1A, 0x00, 0x0C, 0x63, 0x1A, 0x00, 0x0D,
    0x63, 0x3A, 0x21, 0x10, 0x73, 0xDC, 0x42, 0x73, 0x7C, 0x3C, 0x42, 0x53, 0x73, 0xFC, 0x21, 0x2F,
    0x63, 0x5A, 0x08, 0x2B, 0x63, 0x1A, 0x00, 0x2B, 0x63, 0x1A, 0x00, 0x2B, 0x63, 0x1A, 0x00, 0x2B,
    0x63, 0x1A, 0x08, 0x2A, 0x63, 0x1A, 0x00, 0x0C, 0x63, 0x1A, 0x00, 0x0C, 0x63, 0x1A, 0x00, 0x0C,
    0x63, 0x1A, 0x00, 0x0C, 0x63, 0x1A, 0x08, 0x2A, 0x63, 0x1A, 0x00, 0x2A, 0x63, 0x1A, 0x00, 0x0D,
    0x63, 0x1A, 0x08, 0x2A, 0x63, 0x1A, 0x08, 0x2A, 0x63, 0x1A, 0x00, 0x2B, 0x63, 0x1A, 0x00, 0x0C,
    0x63, 0x1A, 0x00, 0x2B, 0x63, 0x1A, 0x08, 0x2A, 0x63, 0x1A, 0x08, 0x2A, 0x63, 0x1A, 0x00, 0x0C,
    0x63, 0x1A, 0x00, 0x0D, 0x63, 0x1A, 0x00, 0x2B, 0x63, 0x1A, 0x08, 0x2A, 0x63, 0x1A, 0x00, 0x2B,
    0x63, 0x1A, 0x00, 0x0C, 0x63, 0x1A, 0x00, 0x0D, 0x63, 0x1A, 0x00, 0x0B, 0x63, 0x1A, 0x00, 0x00,
    0x63, 0x1A, 0x00, 0x00, 0x63, 0x1A, 0x00, 0x00, 0x63, 0x1A, 0x00, 0x00, 0x63, 0x1A, 0x00, 0x0D,
    0x63, 0x1A, 0x00, 0x2B, 0x63, 0x1A, 0x00, 0x2A, 0x63, 0x1A, 0x00, 0x0C, 0x63, 0x1A, 0x00, 0x2A,
    0x63, 0x3B, 0x00, 0x2B, 0x63, 0x3B, 0x00, 0x2B, 0x52, 0xB6, 0x00, 0x2B, 0x00, 0x00, 0x08, 0x2A,
    0x00, 0x0D, 0x94, 0xBF, 0x00, 0x0D, 0x73, 0x9E, 0x00, 0x2B, 0x63, 0x3A, 0x00, 0x2B, 0x63, 0x3A,
    0x00, 0x2B, 0x63, 0x3A, 0x00, 0x0C, 0x63, 0x1A, 0x00, 0x0C, 0x63, 0x1A, 0x00, 0x2B, 0x63, 0x1A,
    0x00, 0x00, 0x63, 0x1A, 0x00, 0x2B, 0x63, 0x1A, 0x00, 0x0B, 0x63, 0x1A, 0x00, 0x0C, 0x63, 0x1A,
    0x00, 0x0C, 0x63, 0x1A, 0x00, 0x0C, 0x63, 0x1A, 0x00, 0x0C, 0x63, 0x1A, 0x00, 0x0C, 0x63, 0x1A,
    0x08, 0x2A, 0x63, 0x1A, 0x00, 0x2B, 0x63, 0x1A, 0x00, 0x0C, 0x63, 0x1A, 0x00, 0x2B, 0x63, 0x1A,
    0x08, 0x2A, 0x63, 0x1A, 0x00, 0x0C, 0x63, 0x1A, 0x00, 0x0C, 0x63, 0x1A, 0x00, 0x0C, 0x63, 0x1A,
    0x00, 0x0C, 0x63, 0x1A, 0x00, 0x2B, 0x63, 0x1A, 0x00, 0x2B, 0x63, 0x1A, 0x00, 0x0C, 0x63, 0x1A,
    0x08, 0x2A, 0x63, 0x1A, 0x08, 0x2A, 0x63, 0x1A, 0x00, 0x0C, 0x63, 0x1A, 0x00, 0x0C, 0x63, 0x1A,
    0x00, 0x0C, 0x63, 0x1A, 0x08, 0x2A, 0x63, 0x1A, 0x00, 0x2B, 0x8C, 0xDE, 0x7C, 0x7C, 0x6B, 0x5B,
    0x42, 0x16, 0x52, 0x99, 0x21, 0x33, 0x74, 0x3E, 0x63, 0x98, 0x00, 0x00, 0x00, 0x00, 0x63, 0x1A,
    0x00, 0x0C, 0x63, 0x1A, 0x00, 0x0C, 0x63, 0x1A, 0x00, 0x2B, 0x63, 0x1A, 0x00, 0x0B, 0x63, 0x1A,
    0x00, 0x2B, 0x63, 0x1A, 0x00, 0x0B, 0x63, 0x1A, 0x00, 0x0C, 0x63, 0x1A, 0x00, 0x0C, 0x63, 0x1A,
    0x6B, 0xDA, 0x6B, 0xFD, 0x00, 0x10, 0x31, 0x96, 0x00, 0x10, 0x29, 0x56, 0x53, 0x39, 0x8C, 0xFE,
    0x08, 0x4B, 0x00, 0x00, 0x00, 0x00, 0x63, 0x1A, 0x08, 0x2B, 0x84, 0x7D, 0x84, 0xDD, 0x95, 0x3F,
    0x84, 0xDD, 0x8D, 0x3F, 0x7C, 0xBC, 0x73, 0xFC, 0x00, 0x0C, 0x63, 0x1A, 0x00, 0x0C, 0x63, 0x1A,
    0x00, 0x2B, 0x63, 0x1A, 0x00, 0x2B, 0x63, 0x1A, 0x00, 0x0C, 0x63, 0x1A, 0x08, 0x2A, 0x63, 0x1A,
    0x08, 0x2B, 0x84, 0x9D, 0x84, 0xFD, 0x95, 0x5F, 0x84, 0xFD, 0x95, 0x5F, 0x84, 0xDC, 0x74, 0x1C,
    0x08, 0x2A, 0x63, 0x1A, 0x00, 0x2B, 0x63, 0x1A, 0x00, 0x0D, 0x7C, 0x1C, 0x8C, 0xFE, 0x52, 0xBA,
    0x21, 0x33, 0x31, 0x97, 0x21, 0x34, 0x95, 0x5F, 0x21, 0x2E, 0x63, 0x3A, 0x3A, 0x13, 0x95, 0x3E,
    0x95, 0x5E, 0x95, 0x5F, 0x74, 0x3C, 0x73, 0xFC, 0x5B, 0x59, 0x7C, 0x7E, 0x6C, 0x1C, 0x84, 0xDF,
    0x74, 0x5C, 0x7C, 0x1D, 0x10, 0xAE, 0x63, 0x1A, 0x00, 0x0C, 0x63, 0x1A, 0x00, 0x0C, 0x63, 0x1A,
    0x00, 0x0C, 0x63, 0x1A, 0x00, 0x0C, 0x63, 0x1A, 0x08, 0x2A, 0x63, 0x1A, 0x00, 0x2B, 0x63, 0x5A,
    0x6B, 0xFA, 0x8D, 0x3F, 0x8D, 0x1D, 0x95, 0x7F, 0x8D, 0x1D, 0x95, 0x5E, 0x21, 0x50, 0x63, 0x1A,
    0x00, 0x0C, 0x63, 0x1A, 0x00, 0x0C, 0x63, 0x1A, 0x00, 0x0C, 0x63, 0x1A, 0x00, 0x2B, 0x63, 0x1A,
    0x00, 0x2B, 0x63, 0x1A, 0x00, 0x0C, 0x63, 0x1A, 0x29, 0x8F, 0x8C, 0xDE, 0x8D, 0x3D, 0x95, 0x3F,
    0x84, 0x9D, 0x84, 0x9E, 0x63, 0x9A, 0x7C, 0x7E, 0x84, 0xDE, 0x8D, 0x3F, 0x8D, 0x1D, 0x84, 0x7D,
    0x21, 0x0E, 0x63, 0x1A, 0x63, 0xB9, 0x74, 0x1D, 0x08, 0x73, 0x18, 0xF5, 0x00, 0x32, 0x4A, 0xBA,
    0x84, 0xDD, 0x63, 0x3A, 0x00, 0x00, 0x00, 0x00, 0x00, 0x0C, 0x63, 0x1A, 0x00, 0x0C, 0x63, 0x1A,
    0x00, 0x2B, 0x63, 0x1A, 0x00, 0x0B, 0x63, 0x1A, 0x00, 0x2B, 0x63, 0x1A, 0x21, 0x0F, 0x84, 0x7D,
    0x84, 0xDC, 0x95, 0x9F, 0x95, 0x5E, 0x95, 0x3F, 0x7C, 0x7B, 0x8D, 0x1E, 0x8D, 0x3E, 0x95, 0x7F,
    0x84, 0xFD, 0x84, 0x9D, 0x29, 0x6F, 0x63, 0x1A, 0x00, 0x2B, 0x63, 0x1A, 0x00, 0x0C, 0x63, 0x1A,
    0x00, 0x2B, 0x63, 0x1A, 0x08, 0x2A, 0x63, 0x1A, 0x00, 0x0C, 0x63, 0x1A, 0x00, 0x0C, 0x63, 0x1A,
    0x00, 0x0C, 0x63, 0x1A, 0x00, 0x0C, 0x63, 0x1A, 0x00, 0x2B, 0x63, 0x1A, 0x00, 0x2B, 0x63, 0x1A,
    0x00, 0x0C, 0x63, 0x1A, 0x08, 0x2A, 0x63, 0x1A, 0x08, 0x2A, 0x63, 0x1A, 0x00, 0x0C, 0x63, 0x1A,
    0x00, 0x0C, 0x63, 0x1A, 0x00, 0x0C, 0x63, 0x1A, 0x08, 0x2A, 0x63, 0x1A, 0x00, 0x2B, 0x63, 0x1A,
    0x00, 0x0D, 0x63, 0x1A, 0x00, 0x0D, 0x63, 0x1A, 0x00, 0x2B, 0x63, 0x1A, 0x00, 0x2B, 0x63, 0x1A,
    0x00, 0x2B, 0x63, 0x1A, 0x00, 0x0C, 0x63, 0x1A, 0x00, 0x0C, 0x63, 0x1A, 0x00, 0x2B, 0x63, 0x1A,
    0x00, 0x0B, 0x63, 0x1A, 0x00, 0x00, 0x63, 0x1A, 0x00, 0x0B, 0x63, 0x1A, 0x00, 0x0C, 0x63, 0x1A,
    0x00, 0x0C, 0x63, 0x1A, 0x00, 0x0C, 0x63, 0x1A, 0x00, 0x0C, 0x63, 0x1A, 0x00, 0x0C, 0x63, 0x3A,
    0x08, 0x2A, 0x63, 0x3A, 0x00, 0x2B, 0x94, 0x7F, 0x00, 0x0C, 0x00, 0x00, 0x00, 0x2B, 0x00, 0x00,
    0xD6, 0xBF, 0x00, 0x0D, 0x8C, 0x5F, 0x00, 0x0C, 0x00, 0x00, 0x00, 0x2B, 0x63, 0x1A, 0x00, 0x2B,
    0x63, 0x1A, 0x00, 0x2B, 0x62, 0xFA, 0x00, 0x0C, 0x62, 0xFA, 0x00, 0x0B, 0x62, 0xFA, 0x00, 0x2B,
    0x62, 0xFA, 0x00, 0x0C, 0x62, 0xFA, 0x00, 0x2B, 0x62, 0xFA, 0x00, 0x2B, 0x62, 0xFA, 0x00, 0x2B,
    0x62, 0xFA, 0x00, 0x0C, 0x62, 0xFA, 0x00, 0x0C, 0x62, 0xFA, 0x00, 0x0E, 0x62, 0xFA, 0x00, 0x0D,
    0x62, 0xFA, 0x00, 0x2B, 0x62, 0xFA, 0x00, 0x0C, 0x62, 0xFA, 0x00, 0x0D, 0x62, 0xFA, 0x00, 0x2A,
    0x62, 0xFA, 0x08, 0x2A, 0x62, 0xFA, 0x00, 0x0C, 0x62, 0xFA, 0x00, 0x0C, 0x62, 0xFA, 0x00, 0x0C,
    0x62, 0xFA, 0x00, 0x0C, 0x62, 0xFA, 0x00, 0x0C, 0x62, 0xFA, 0x00, 0x0C, 0x62, 0xFA, 0x00, 0x0C,
    0x62, 0xFA, 0x08, 0x2A, 0x62, 0xFA, 0x00, 0x0C, 0x62, 0xFA, 0x00, 0x0C, 0x62, 0xFA, 0x00, 0x0D,
    0x62, 0xFA, 0x00, 0x0C, 0x62, 0xFA, 0x08, 0x2A, 0x62, 0xFA, 0x6B, 0xD9, 0x8C, 0xFE, 0x4A, 0x77,
    0x63, 0x1B, 0x39, 0xD5, 0x42, 0x38, 0x6B, 0xDC, 0x84, 0x9E, 0x00, 0x00, 0x00, 0x00, 0x00, 0x2B,
    0x62, 0xFA, 0x00, 0x0C, 0x62, 0xFA, 0x00, 0x0B, 0x62, 0xFA, 0x00, 0x2B, 0x62, 0xFA, 0x00, 0x0C,
    0x62, 0xFA, 0x00, 0x2B, 0x62, 0xFA, 0x00, 0x2B, 0x62, 0xFA, 0x00, 0x2B, 0x62, 0xFA, 0x18, 0xEF,
    0x8D, 0x1F, 0x31, 0xD7, 0x18, 0xF5, 0x00, 0x31, 0x29, 0x56, 0x08, 0x51, 0x74, 0x3D, 0x63, 0x99,
    0x00, 0x00, 0x00, 0x00, 0x00, 0x00, 0x00, 0x0D, 0x63, 0x3A, 0x84, 0xDD, 0x7C, 0x7E, 0x4A, 0xD8,
    0x5B, 0x3B, 0x42, 0x77, 0x84, 0xBF, 0x63, 0x99, 0x00, 0x00, 0x00, 0x00, 0x62, 0xFA, 0x00, 0x0C,
    0x62, 0xFA, 0x00, 0x0C, 0x62, 0xFA, 0x00, 0x0C, 0x62, 0xFA, 0x00, 0x0C, 0x62, 0xFA, 0x08, 0x2A,
    0x63, 0x3A, 0x84, 0xFD, 0x84, 0x9F, 0x53, 0x19, 0x63, 0x9C, 0x52, 0xF9, 0x8C, 0xFF, 0x63, 0xB9,
    0x00, 0x00, 0x00, 0x00, 0x62, 0xFA, 0x00, 0x0B, 0x62, 0xFA, 0x42, 0x54, 0x95, 0x5F, 0x39, 0xD5,
    0x42, 0x38, 0x18, 0xD3, 0x39, 0xF8, 0x8D, 0x3E, 0x73, 0xDB, 0x63, 0xB8, 0x9D, 0x9F, 0x84, 0xBD,
    0x74, 0x1C, 0x42, 0x55, 0x5A, 0xD9, 0x31, 0xB3, 0x4A, 0x58, 0x21, 0x33, 0x39, 0xF7, 0x29, 0x74,
    0x5B, 0x5B, 0x8D, 0x1E, 0x84, 0xDE, 0x29, 0x70, 0x62, 0xFA, 0x00, 0x0C, 0x62, 0xFA, 0x00, 0x0C,
    0x62, 0xFA, 0x00, 0x0E, 0x62, 0xFA, 0x00, 0x0D, 0x62, 0xFA, 0x00, 0x2B, 0x62, 0xFA, 0x21, 0x30,
    0x95, 0x7F, 0x4A, 0xF9, 0x9D, 0x7E, 0x84, 0xBB, 0x95, 0x1E, 0x95, 0x7E, 0x7C, 0x1C, 0x00, 0x00,
    0x62, 0xFA, 0x00, 0x0C, 0x62, 0xFA, 0x00, 0x0C, 0x62, 0xFA, 0x00, 0x0C, 0x62, 0xFA, 0x00, 0x0C,
    0x62, 0xFA, 0x00, 0x0C, 0x63, 0x3A, 0x4A, 0xD6, 0x9D, 0xBF, 0x8D, 0x1D, 0x8C, 0xDE, 0x5A, 0xF7,
    0x6B, 0x7A, 0x42, 0x35, 0x52, 0xD9, 0x31, 0xB4, 0x4A, 0x78, 0x29, 0x94, 0x5B, 0x3A, 0x7C, 0x7D,
    0x8D, 0x3F, 0x31, 0xD2, 0x84, 0x9E, 0x63, 0xBC, 0x10, 0xB4, 0x00, 0x12, 0x08, 0x74, 0x3A, 0x58,
    0x8D, 0x1F, 0x08, 0x6C, 0x00, 0x00, 0x00, 0x00, 0x62, 0xFA, 0x00, 0x0C, 0x62, 0xFA, 0x00, 0x0B,
    0x62, 0xFA, 0x00, 0x2B, 0x62, 0xFA, 0x00, 0x0C, 0x63, 0x3A, 0x53, 0x17, 0x95, 0x7F, 0x8D, 0x1D,
    0x95, 0x1E, 0x63, 0x77, 0x84, 0x5C, 0x52, 0xD6, 0x73, 0xBA, 0x3A, 0x14, 0x6B, 0x9B, 0x42, 0x76,
    0x73, 0xFC, 0x7C, 0x7D, 0x95, 0x3F, 0x6B, 0xF9, 0x6B, 0x7B, 0x00, 0x0C, 0x62, 0xFA, 0x00, 0x0D,
    0x62, 0xFA, 0x00, 0x2A, 0x62, 0xFA, 0x08, 0x2A, 0x62, 0xFA, 0x00, 0x0C, 0x62, 0xFA, 0x00, 0x0C,
    0x62, 0xFA, 0x00, 0x0C, 0x62, 0xFA, 0x00, 0x0C, 0x62, 0xFA, 0x00, 0x0C, 0x62, 0xFA, 0x00, 0x0C,
    0x62, 0xFA, 0x00, 0x0C, 0x62, 0xFA, 0x08, 0x2A, 0x62, 0xFA, 0x00, 0x0C, 0x62, 0xFA, 0x00, 0x0C,
    0x62, 0xFA, 0x00, 0x0D, 0x62, 0xFA, 0x00, 0x0C, 0x62, 0xFA, 0x08, 0x2A, 0x62, 0xFA, 0x00, 0x0B,
    0x62, 0xFA, 0x00, 0x0D, 0x62, 0xFA, 0x00, 0x0C, 0x62, 0xFA, 0x00, 0x2B, 0x62, 0xFA, 0x00, 0x2B,
    0x62, 0xFA, 0x00, 0x2B, 0x62, 0xFA, 0x00, 0x0C, 0x62, 0xFA, 0x00, 0x0B, 0x62, 0xFA, 0x00, 0x2B,
    0x62, 0xFA, 0x00, 0x0C, 0x62, 0xFA, 0x00, 0x2B, 0x62, 0xFA, 0x00, 0x2B, 0x62, 0xFA, 0x00, 0x2B,
    0x62, 0xFA, 0x00, 0x0C, 0x62, 0xFA, 0x00, 0x0C, 0x62, 0xFA, 0x00, 0x0E, 0x62, 0xFA, 0x00, 0x0D,
    0x63, 0x1A, 0x00, 0x2B, 0x63, 0x1A, 0x00, 0x0C, 0x52, 0x96, 0x00, 0x0D, 0x00, 0x00, 0x00, 0x2A,
    0x00, 0x2B, 0x94, 0x9F, 0x00, 0x2B, 0x73, 0x7E, 0x00, 0x2B, 0x63, 0x1A, 0x00, 0x2B, 0x63, 0x1A,
    0x08, 0x2A, 0x63, 0x1A, 0x08, 0x2A, 0x62, 0xFA, 0x00, 0x0B, 0x62, 0xFA, 0x00, 0x0B, 0x62, 0xFA,
    0x00, 0x0C, 0x62, 0xFA, 0x00, 0x0D, 0x62, 0xFA, 0x00, 0x2B, 0x62, 0xFA, 0x08, 0x2A, 0x62, 0xFA,
    0x00, 0x0B, 0x62, 0xFA, 0x00, 0x0C, 0x62, 0xFA, 0x00, 0x0D, 0x62, 0xFA, 0x00, 0x0E, 0x62, 0xFA,
    0x00, 0x0C, 0x62, 0xFA, 0x00, 0x0B, 0x62, 0xFA, 0x00, 0x0D, 0x62, 0xFA, 0x00, 0x0D, 0x62, 0xFA,
    0x08, 0x2A, 0x62, 0xFA, 0x08, 0x2A, 0x62, 0xFA, 0x00, 0x0C, 0x62, 0xFA, 0x00, 0x0C, 0x62, 0xFA,
    0x00, 0x0C, 0x62, 0xFA, 0x00, 0x0C, 0x62, 0xFA, 0x00, 0x0C, 0x62, 0xFA, 0x00, 0x0D, 0x62, 0xFA,
    0x00, 0x0C, 0x62, 0xFA, 0x00, 0x0C, 0x62, 0xFA, 0x00, 0x0C, 0x62, 0xFA, 0x00, 0x0C, 0x62, 0xFA,
    0x00, 0x0E, 0x62, 0xFA, 0x00, 0x0C, 0x62, 0xFA, 0x00, 0x2B, 0x8C, 0xDD, 0x84, 0x9C, 0x73, 0xBC,
    0x4A, 0x77, 0x5A, 0xDA, 0x31, 0x94, 0x74, 0x5E, 0x63, 0x99, 0x00, 0x00, 0x00, 0x00, 0x62, 0xFA,
    0x08, 0x2A, 0x62, 0xFA, 0x00, 0x0B, 0x62, 0xFA, 0x00, 0x0B, 0x62, 0xFA, 0x00, 0x0C, 0x62, 0xFA,
    0x00, 0x0D, 0x62, 0xFA, 0x00, 0x2B, 0x62, 0xFA, 0x08, 0x2A, 0x62, 0xFA, 0x08, 0x4C, 0x84, 0x7D,
    0x74, 0x5E, 0x18, 0xD5, 0x08, 0x52, 0x18, 0xF5, 0x08, 0x52, 0x29, 0x96, 0x84, 0xDE, 0x74, 0x1C,
    0x00, 0x00, 0x00, 0x00, 0x00, 0x00, 0x62, 0xFA, 0x08, 0x6E, 0x95, 0x3F, 0x53, 0x19, 0x39, 0xF7,
    0x10, 0xB1, 0x29, 0x76, 0x63, 0x9B, 0x84, 0x9D, 0x00, 0x00, 0x00, 0x00, 0x00, 0x0C, 0x62, 0xFA,
    0x00, 0x0C, 0x62, 0xFA, 0x00, 0x0C, 0x62, 0xFA, 0x00, 0x0D, 0x62, 0xFA, 0x00, 0x0C, 0x62, 0xFA,
    0x08, 0x6D, 0x95, 0x5F, 0x53, 0x19, 0x42, 0x38, 0x21, 0x33, 0x3A, 0x17, 0x6B, 0xDC, 0x84, 0xBD,
    0x00, 0x00, 0x00, 0x00, 0x00, 0x2B, 0x62, 0xFA, 0x00, 0x2B, 0x7C, 0x1C, 0x8D, 0x1E, 0x63, 0x1A,
    0x31, 0x74, 0x39, 0xD7, 0x21, 0x54, 0x95, 0x9F, 0x8D, 0x3D, 0x95, 0x7F, 0x6B, 0xD9, 0x73, 0xBB,
    0x42, 0x55, 0x5A, 0xF9, 0x31, 0xB4, 0x4A, 0x58, 0x21, 0x33, 0x39, 0xF7, 0x18, 0xD2, 0x29, 0x76,
    0x10, 0x92, 0x31, 0xD7, 0x5B, 0x5B, 0x8D, 0x1F, 0x42, 0x74, 0x62, 0xFA, 0x00, 0x0C, 0x62, 0xFA,
    0x00, 0x0D, 0x62, 0xFA, 0x00, 0x0E, 0x62, 0xFA, 0x00, 0x0C, 0x62, 0xFA, 0x00, 0x0B, 0x6B, 0x7B,
    0x8D, 0x5E, 0x3A, 0x18, 0x7C, 0x19, 0x94, 0xBD, 0x6B, 0x98, 0x95, 0x7F, 0x42, 0x73, 0x00, 0x00,
    0x00, 0x00, 0x62, 0xFA, 0x00, 0x0C, 0x62, 0xFA, 0x00, 0x0C, 0x62, 0xFA, 0x00, 0x0C, 0x62, 0xFA,
    0x00, 0x0C, 0x6B, 0x5A, 0x6B, 0xFA, 0x84, 0xBF, 0x8C, 0xDB, 0x8C, 0xBC, 0x63, 0x37, 0x73, 0xBA,
    0x42, 0x55, 0x5A, 0xF9, 0x31, 0xB4, 0x4A, 0x58, 0x21, 0x33, 0x39, 0xF7, 0x18, 0xD2, 0x31, 0xB6,
    0x5B, 0x7B, 0x8D, 0x5F, 0x8D, 0x3E, 0x63, 0xDD, 0x00, 0x12, 0x08, 0x74, 0x00, 0x32, 0x4A, 0x99,
    0x84, 0xDD, 0x63, 0x1A, 0x00, 0x00, 0x00, 0x00, 0x08, 0x2A, 0x62, 0xFA, 0x00, 0x0B, 0x62, 0xFA,
    0x00, 0x0B, 0x62, 0xFA, 0x00, 0x2D, 0x6B, 0xBB, 0x7C, 0x7C, 0x84, 0xDF, 0x74, 0x18, 0x94, 0xBC,
    0x63, 0x35, 0x84, 0x3C, 0x52, 0xD5, 0x73, 0xDB, 0x42, 0x34, 0x63, 0x5A, 0x31, 0xB3, 0x5A, 0xF9,
    0x31, 0x94, 0x52, 0xB9, 0x39, 0xF4, 0x7C, 0x9E, 0x84, 0xFD, 0x74, 0x1C, 0x08, 0x4E, 0x62, 0xFA,
    0x00, 0x0D, 0x62, 0xFA, 0x08, 0x2A, 0x62, 0xFA, 0x08, 0x2A, 0x62, 0xFA, 0x00, 0x0C, 0x62, 0xFA,
    0x00, 0x0C, 0x62, 0xFA, 0x00, 0x0C, 0x62, 0xFA, 0x00, 0x0C, 0x62, 0xFA, 0x00, 0x0C, 0x62, 0xFA,
    0x00, 0x0D, 0x62, 0xFA, 0x00, 0x0C, 0x62, 0xFA, 0x00, 0x0C, 0x62, 0xFA, 0x00, 0x0C, 0x62, 0xFA,
    0x00, 0x0C, 0x62, 0xFA, 0x00, 0x0E, 0x62, 0xFA, 0x00, 0x0C, 0x62, 0xFA, 0x00, 0x2B, 0x62, 0xFA,
    0x00, 0x2B, 0x62, 0xFA, 0x00, 0x2B, 0x62, 0xFA, 0x00, 0x2B, 0x62, 0xFA, 0x00, 0x2B, 0x62, 0xFA,
    0x08, 0x2A, 0x62, 0xFA, 0x08, 0x2A, 0x62, 0xFA, 0x00, 0x0B, 0x62, 0xFA, 0x00, 0x0B, 0x62, 0xFA,
    0x00, 0x0C, 0x62, 0xFA, 0x00, 0x0D, 0x62, 0xFA, 0x00, 0x2B, 0x62, 0xFA, 0x08, 0x2A, 0x62, 0xFA,
    0x00, 0x0B, 0x62, 0xFA, 0x00, 0x0C, 0x62, 0xFA, 0x00, 0x0D, 0x62, 0xFA, 0x00, 0x0E, 0x63, 0x1A,
    0x00, 0x0C, 0x63, 0x1A, 0x00, 0x0B, 0x8C, 0x7F, 0x00, 0x0D, 0x00, 0x00, 0x00, 0x0D, 0x00, 0x00,
    0xD6, 0x9F, 0x08, 0x2A, 0x8C, 0x3F, 0x00, 0x2B, 0x00, 0x00, 0x00, 0x2B, 0x63, 0x1A, 0x00, 0x2B,
    0x63, 0x1A, 0x08, 0x2A, 0x5A, 0xF9, 0x00, 0x2B, 0x5A, 0xF9, 0x00, 0x2B, 0x5A, 0xF9, 0x00, 0x2B,
    0x5A, 0xF9, 0x00, 0x0D, 0x5A, 0xF9, 0x00, 0x0D, 0x5A, 0xF9, 0x00, 0x0C, 0x5A, 0xF9, 0x00, 0x2A,
    0x5A, 0xF9, 0x00, 0x2B, 0x5A, 0xF9, 0x00, 0x2B, 0x5A, 0xF9, 0x00, 0x0B, 0x5A, 0xF9, 0x00, 0x0C,
    0x5A, 0xF9, 0x00, 0x2B, 0x5A, 0xF9, 0x00, 0x0C, 0x5A, 0xF9, 0x00, 0x0E, 0x5A, 0xF9, 0x00, 0x0C,
    0x5A, 0xF9, 0x08, 0x2A, 0x5A, 0xF9, 0x00, 0x2B, 0x5A, 0xF9, 0x00, 0x0C, 0x5A, 0xF9, 0x00, 0x2B,
    0x5A, 0xF9, 0x00, 0x0B, 0x5A, 0xF9, 0x00, 0x2B, 0x5A, 0xF9, 0x00, 0x0C, 0x5A, 0xF9, 0x00, 0x0D,
    0x5A, 0xF9, 0x00, 0x0C, 0x5A, 0xF9, 0x00, 0x0C, 0x5A, 0xF9, 0x00, 0x0C, 0x5A, 0xF9, 0x00, 0x0D,
    0x5A, 0xF9, 0x00, 0x0E, 0x5A, 0xF9, 0x00, 0x2B, 0x5A, 0xF9, 0x6B, 0xD9, 0x95, 0x3F, 0x63, 0x18,
    0x73, 0x9C, 0x4A, 0x56, 0x52, 0x99, 0x6B, 0xFC, 0x84, 0x9D, 0x00, 0x00, 0x00, 0x00, 0x08, 0x2A,
    0x5A, 0xF9, 0x00, 0x2B, 0x5A, 0xF9, 0x00, 0x2B, 0x5A, 0xF9, 0x00, 0x2B, 0x5A, 0xF9, 0x00, 0x0D,
    0x5A, 0xF9, 0x00, 0x0D, 0x5A, 0xF9, 0x00, 0x0C, 0x63, 0x1A, 0x21, 0x0E, 0x84, 0x9D, 0x84, 0xDE,
    0x39, 0xF8, 0x08, 0x72, 0x18, 0xD4, 0x08, 0x72, 0x21, 0x15, 0x42, 0x58, 0x8C, 0xFF, 0x10, 0xAD,
    0x00, 0x00, 0x00, 0x00, 0x5A, 0xF9, 0x00, 0x0E, 0x63, 0x1A, 0x84, 0xDD, 0x6B, 0x9C, 0x21, 0x12,
    0x31, 0xB7, 0x08, 0x71, 0x74, 0x1D, 0x63, 0x99, 0x00, 0x00, 0x00, 0x00, 0x5A, 0xF9, 0x00, 0x0B,
    0x5A, 0xF9, 0x00, 0x2B, 0x5A, 0xF9, 0x00, 0x0C, 0x5A, 0xF9, 0x00, 0x0D, 0x5A, 0xF9, 0x00, 0x0C,
    0x63, 0x1A, 0x84, 0xDD, 0x6B, 0x9C, 0x21, 0x13, 0x39, 0xF7, 0x18, 0xD2, 0x7C, 0x5E, 0x63, 0xB9,
    0x00, 0x00, 0x00, 0x00, 0x5A, 0xF9, 0x00, 0x2B, 0x5A, 0xF9, 0x42, 0x53, 0x95, 0x7F, 0x4A, 0x76,
    0x52, 0x99, 0x21, 0x13, 0x3A, 0x18, 0x8D, 0x3E, 0x9D, 0x7E, 0x7C, 0x19, 0x7B, 0xFB, 0x4A, 0x96,
    0x5B, 0x19, 0x42, 0x15, 0x52, 0xFA, 0x3A, 0x15, 0x42, 0x78, 0x18, 0xF3, 0x29, 0x76, 0x08, 0x72,
    0x18, 0xF5, 0x00, 0x11, 0x10, 0xB4, 0x3A, 0x38, 0x95, 0x5F, 0x31, 0xD2, 0x00, 0x00, 0x00, 0x2B,
    0x5A, 0xF9, 0x00, 0x0B, 0x5A, 0xF9, 0x00, 0x0C, 0x5A, 0xF9, 0x00, 0x2B, 0x5A, 0xF9, 0x21, 0x2F,
    0x95, 0x7F, 0x19, 0x14, 0x9D, 0x1D, 0x6B, 0x98, 0x7C, 0x1C, 0x8D, 0x3E, 0x7C, 0x1C, 0x00, 0x00,
    0x00, 0x00, 0x00, 0x0C, 0x5A, 0xF9, 0x00, 0x2B, 0x5A, 0xF9, 0x00, 0x0B, 0x5A, 0xF9, 0x00, 0x2B,
    0x63, 0x1A, 0x6B, 0xFA, 0x7C, 0xBF, 0x10, 0xD3, 0x9D, 0x3D, 0x73, 0xD8, 0x7B, 0xFB, 0x4A, 0x96,
    0x5B, 0x19, 0x3A, 0x15, 0x52, 0xF9, 0x39, 0xF6, 0x42, 0x58, 0x18, 0xD3, 0x29, 0x76, 0x08, 0x71,
    0x21, 0x15, 0x42, 0x78, 0x95, 0x9F, 0x63, 0x9C, 0x10, 0x94, 0x08, 0x52, 0x18, 0xD4, 0x42, 0x78,
    0x8D, 0x1F, 0x08, 0x6C, 0x00, 0x00, 0x00, 0x00, 0x5A, 0xF9, 0x00, 0x2B, 0x5A, 0xF9, 0x00, 0x2B,
    0x5A, 0xF9, 0x08, 0x2B, 0x73, 0xFC, 0x8D, 0x1E, 0x74, 0x1D, 0x10, 0xB2, 0x94, 0xDD, 0x6B, 0x76,
    0x8C, 0x7C, 0x5A, 0xD5, 0x73, 0xDB, 0x4A, 0x95, 0x6B, 0x9A, 0x39, 0xF3, 0x5B, 0x19, 0x31, 0xB3,
    0x52, 0xB8, 0x29, 0x93, 0x4A, 0x78, 0x29, 0x52, 0x6B, 0xBC, 0x8D, 0x3E, 0x84, 0x9D, 0x08, 0x4F,
    0x5A, 0xF9, 0x00, 0x0C, 0x5A, 0xF9, 0x08, 0x2A, 0x5A, 0xF9, 0x00, 0x2B, 0x5A, 0xF9, 0x00, 0x0C,
    0x5A, 0xF9, 0x00, 0x2B, 0x5A, 0xF9, 0x00, 0x0B, 0x5A, 0xF9, 0x00, 0x2B, 0x5A, 0xF9, 0x00, 0x0C,
    0x5A, 0xF9, 0x00, 0x0D, 0x5A, 0xF9, 0x00, 0x0C, 0x5A, 0xF9, 0x00, 0x0C, 0x5A, 0xF9, 0x00, 0x0C,
    0x5A, 0xF9, 0x00, 0x0D, 0x5A, 0xF9, 0x00, 0x0E, 0x5A, 0xF9, 0x00, 0x2B, 0x5A, 0xF9, 0x00, 0x2B,
    0x5A, 0xF9, 0x08, 0x2A, 0x5A, 0xF9, 0x00, 0x2B, 0x5A, 0xF9, 0x00, 0x2B, 0x5A, 0xF9, 0x00, 0x2B,
    0x5A, 0xF9, 0x08, 0x2A, 0x5A, 0xF9, 0x00, 0x2B, 0x5A, 0xF9, 0x00, 0x2B, 0x5A, 0xF9, 0x00, 0x2B,
    0x5A, 0xF9, 0x00, 0x0D, 0x5A, 0xF9, 0x00, 0x0D, 0x5A, 0xF9, 0x00, 0x0C, 0x5A, 0xF9, 0x00, 0x2A,
    0x5A, 0xF9, 0x00, 0x2B, 0x5A, 0xF9, 0x00, 0x2B, 0x5A, 0xF9, 0x00, 0x0B, 0x5A, 0xF9, 0x00, 0x0C,
    0x63, 0x1A, 0x00, 0x2B, 0x63, 0x1A, 0x00, 0x0C, 0x52, 0x96, 0x00, 0x0E, 0x00, 0x00, 0x00, 0x0C,
    0x00, 0x2B, 0x94, 0x7F, 0x00, 0x0B, 0x6B, 0x5D, 0x00, 0x2B, 0x62, 0xFA, 0x00, 0x0C, 0x62, 0xFA,
    0x00, 0x0B, 0x62, 0xFA, 0x08, 0x2A, 0x5A, 0xF9, 0x00, 0x2B, 0x5A, 0xF9, 0x08, 0x2A, 0x5A, 0xF9,
    0x00, 0x0C, 0x5A, 0xF9, 0x00, 0x0D, 0x5A, 0xF9, 0x00, 0x0D, 0x5A, 0xF9, 0x00, 0x0C, 0x5A, 0xF9,
    0x00, 0x2A, 0x5A, 0xF9, 0x08, 0x2A, 0x5A, 0xF9, 0x08, 0x2A, 0x5A, 0xF9, 0x08, 0x2A, 0x5A, 0xF9,
    0x08, 0x2A, 0x5A, 0xF9, 0x00, 0x2B, 0x5A, 0xF9, 0x00, 0x0C, 0x5A, 0xF9, 0x00, 0x0E, 0x5A, 0xF9,
    0x00, 0x2B, 0x5A, 0xF9, 0x08, 0x2A, 0x5A, 0xF9, 0x00, 0x0B, 0x5A, 0xF9, 0x00, 0x2B, 0x5A, 0xF9,
    0x00, 0x2B, 0x5A, 0xF9, 0x08, 0x2A, 0x5A, 0xF9, 0x00, 0x2B, 0x5A, 0xF9, 0x00, 0x0C, 0x5A, 0xF9,
    0x00, 0x0C, 0x5A, 0xF9, 0x00, 0x0C, 0x5A, 0xF9, 0x00, 0x0C, 0x5A, 0xF9, 0x00, 0x0B, 0x5A, 0xF9,
    0x00, 0x0D, 0x5A, 0xF9, 0x00, 0x0D, 0x5A, 0xF9, 0x00, 0x2B, 0x8C, 0xDD, 0x8C, 0xFC, 0x8C, 0x5D,
    0x62, 0xF8, 0x6B, 0x7B, 0x42, 0x16, 0x7C, 0x7E, 0x7C, 0x7C, 0x73, 0xFC, 0x42, 0x74, 0x74, 0x1C,
    0x42, 0x53, 0x73, 0xFC, 0x42, 0x53, 0x73, 0xFC, 0x42, 0x53, 0x73, 0xFC, 0x42, 0x54, 0x73, 0xFC,
    0x3A, 0x54, 0x73, 0xFC, 0x3A, 0x55, 0x7C, 0x3C, 0x74, 0x5B, 0x8D, 0x3F, 0x6C, 0x1C, 0x3A, 0x38,
    0x08, 0x72, 0x21, 0x35, 0x10, 0x92, 0x21, 0x15, 0x21, 0x34, 0x84, 0xBF, 0x4A, 0x94, 0x00, 0x00,
    0x00, 0x00, 0x00, 0x00, 0x00, 0x0C, 0x5A, 0xF9, 0x08, 0x6F, 0x95, 0x3F, 0x5B, 0x39, 0x42, 0x18,
    0x18, 0xD2, 0x29, 0x76, 0x63, 0x9B, 0x84, 0x9D, 0x00, 0x00, 0x00, 0x00, 0x00, 0x2B, 0x5A, 0xF9,
    0x08, 0x2A, 0x5A, 0xF9, 0x00, 0x2B, 0x5A, 0xF9, 0x00, 0x0C, 0x5A, 0xF9, 0x00, 0x0C, 0x5A, 0xF9,
    0x08, 0x6D, 0x95, 0x3F, 0x4A, 0xD8, 0x3A, 0x17, 0x18, 0xD2, 0x31, 0xB6, 0x6B, 0xDC, 0x84, 0x9D,
    0x00, 0x00, 0x00, 0x00, 0x00, 0x2B, 0x5A, 0xF9, 0x00, 0x2B, 0x74, 0x1C, 0x8D, 0x3E, 0x73, 0x9C,
    0x39, 0xF5, 0x42, 0x38, 0x10, 0xB3, 0x31, 0xB7, 0x84, 0x7A, 0x8C, 0x7C, 0x5B, 0x17, 0x6B, 0x9B,
    0x74, 0x1C, 0x8D, 0x1F, 0x8D, 0x1D, 0x8D, 0x1F, 0x8D, 0x1E, 0x84, 0xDF, 0x4A, 0xB9, 0x29, 0x76,
    0x00, 0x11, 0x18, 0xD5, 0x00, 0x31, 0x21, 0x15, 0x4A, 0xB9, 0x8D, 0x1F, 0x18, 0xAD, 0x00, 0x00,
    0x08, 0x2A, 0x5A, 0xF9, 0x08, 0x2A, 0x5A, 0xF9, 0x08, 0x2A, 0x5A, 0xF9, 0x00, 0x2B, 0x6B, 0x7A,
    0x8D, 0x5E, 0x39, 0xF8, 0x73, 0xD9, 0x84, 0x5C, 0x5B, 0x17, 0x95, 0x5F, 0x42, 0x72, 0x00, 0x00,
    0x00, 0x00, 0x5A, 0xF9, 0x00, 0x2B, 0x5A, 0xF9, 0x00, 0x2B, 0x5A, 0xF9, 0x08, 0x2A, 0x5A, 0xF9,
    0x4A, 0xB5, 0x8C, 0xFF, 0x21, 0x34, 0x18, 0xD5, 0x84, 0x59, 0x84, 0x5C, 0x5A, 0xF7, 0x6B, 0xBB,
    0x74, 0x5D, 0x8D, 0x1F, 0x84, 0xFD, 0x8D, 0x1F, 0x84, 0xFE, 0x7C, 0x9F, 0x3A, 0x37, 0x21, 0x56,
    0x00, 0x11, 0x18, 0xF5, 0x31, 0xB6, 0x3A, 0x18, 0x08, 0x52, 0x18, 0xF5, 0x10, 0x72, 0x52, 0xFA,
    0x84, 0xDD, 0x63, 0x1A, 0x00, 0x00, 0x00, 0x00, 0x08, 0x2A, 0x5A, 0xF9, 0x00, 0x2B, 0x5A, 0xF9,
    0x08, 0x2A, 0x6B, 0x9B, 0x84, 0xFE, 0x5B, 0x5B, 0x08, 0x51, 0x21, 0x35, 0x6B, 0x97, 0x8C, 0x9C,
    0x5B, 0x36, 0x84, 0x9D, 0x7C, 0x5B, 0x95, 0x3F, 0x84, 0xDC, 0x95, 0x3F, 0x7C, 0x7C, 0x74, 0x1D,
    0x3A, 0x15, 0x42, 0x58, 0x21, 0x32, 0x42, 0x17, 0x18, 0xD1, 0x52, 0xFA, 0x84, 0xFE, 0x74, 0x1C,
    0x00, 0x2F, 0x5A, 0xF9, 0x00, 0x2B, 0x5A, 0xF9, 0x08, 0x2A, 0x5A, 0xF9, 0x00, 0x0B, 0x5A, 0xF9,
    0x00, 0x2B, 0x5A, 0xF9, 0x00, 0x2B, 0x5A, 0xF9, 0x08, 0x2A, 0x5A, 0xF9, 0x00, 0x2B, 0x5A, 0xF9,
    0x00, 0x0C, 0x5A, 0xF9, 0x00, 0x0C, 0x5A, 0xF9, 0x00, 0x0C, 0x5A, 0xF9, 0x00, 0x0C, 0x5A, 0xF9,
    0x00, 0x0B, 0x5A, 0xF9, 0x00, 0x0D, 0x5A, 0xF9, 0x00, 0x0D, 0x5A, 0xF9, 0x00, 0x2B, 0x5A, 0xF9,
    0x00, 0x2B, 0x5A, 0xF9, 0x00, 0x0B, 0x5A, 0xF9, 0x00, 0x2B, 0x5A, 0xF9, 0x00, 0x0C, 0x5A, 0xF9,
    0x00, 0x0B, 0x5A, 0xF9, 0x08, 0x2A, 0x5A, 0xF9, 0x00, 0x2B, 0x5A, 0xF9, 0x08, 0x2A, 0x5A, 0xF9,
    0x00, 0x0C, 0x5A, 0xF9, 0x00, 0x0D, 0x5A, 0xF9, 0x00, 0x0D, 0x5A, 0xF9, 0x00, 0x0C, 0x5A, 0xF9,
    0x00, 0x2A, 0x5A, 0xF9, 0x08, 0x2A, 0x5A, 0xF9, 0x08, 0x2A, 0x5A, 0xF9, 0x08, 0x2A, 0x62, 0xFA,
    0x08, 0x2A, 0x62, 0xFA, 0x00, 0x2B, 0x8C, 0x5F, 0x00, 0x0C, 0x00, 0x00, 0x00, 0x0E, 0x00, 0x00,
    0xCE, 0x5F, 0x00, 0x0C, 0x84, 0x1F, 0x00, 0x0C, 0x00, 0x00, 0x00, 0x0C, 0x62, 0xFA, 0x00, 0x0E,
    0x62, 0xFA, 0x00, 0x0B, 0x5A, 0xD9, 0x00, 0x2B, 0x5A, 0xD9, 0x00, 0x2B, 0x5A, 0xD9, 0x00, 0x2B,
    0x5A, 0xD9, 0x00, 0x0D, 0x5A, 0xD9, 0x00, 0x0D, 0x5A, 0xD9, 0x00, 0x0D, 0x5A, 0xD9, 0x08, 0x2A,
    0x5A, 0xD9, 0x00, 0x2A, 0x5A, 0xD9, 0x08, 0x2A, 0x5A, 0xD9, 0x08, 0x2A, 0x5A, 0xD9, 0x08, 0x2A,
    0x5A, 0xD9, 0x08, 0x2A, 0x5A, 0xD9, 0x00, 0x2B, 0x5A, 0xD9, 0x00, 0x0D, 0x5A, 0xD9, 0x00, 0x0E,
    0x5A, 0xD9, 0x08, 0x2A, 0x5A, 0xD9, 0x08, 0x2A, 0x5A, 0xD9, 0x00, 0x2B, 0x5A, 0xD9, 0x08, 0x2A,
    0x5A, 0xD9, 0x00, 0x2B, 0x5A, 0xD9, 0x08, 0x2A, 0x5A, 0xD9, 0x00, 0x2B, 0x5A, 0xD9, 0x00, 0x2B,
    0x5A, 0xD9, 0x00, 0x2B, 0x5A, 0xD9, 0x00, 0x0B, 0x5A, 0xD9, 0x00, 0x2B, 0x5A, 0xD9, 0x08, 0x2A,
    0x5A, 0xD9, 0x00, 0x0C, 0x5A, 0xD9, 0x00, 0x0C, 0x5A, 0xD9, 0x6B, 0xD9, 0x9D, 0x5E, 0x73, 0x98,
    0x8C, 0x5D, 0x5A, 0xF8, 0x63, 0x3B, 0x5B, 0x19, 0x74, 0x3E, 0x63, 0x9B, 0x95, 0x5E, 0x84, 0xBC,
    0x8C, 0xDE, 0x74, 0x3C, 0x7C, 0x7E, 0x6B, 0xFC, 0x7C, 0x5E, 0x63, 0xDB, 0x74, 0x3E, 0x63, 0xBB,
    0x74, 0x1D, 0x63, 0xBB, 0x74, 0x1D, 0x4A, 0xD9, 0x52, 0xDA, 0x29, 0x75, 0x29, 0x56, 0x10, 0x91,
    0x29, 0x55, 0x10, 0xB1, 0x29, 0x55, 0x18, 0xD2, 0x63, 0x7B, 0x74, 0x5B, 0x63, 0x19, 0x00, 0x00,
    0x00, 0x00, 0x00, 0x00, 0x5A, 0xD9, 0x00, 0x0D, 0x63, 0x19, 0x84, 0xFD, 0x6B, 0xBC, 0x29, 0x53,
    0x39, 0xD7, 0x10, 0x91, 0x6C, 0x1D, 0x63, 0x98, 0x00, 0x00, 0x00, 0x00, 0x5A, 0xD9, 0x00, 0x2B,
    0x5A, 0xD9, 0x08, 0x2A, 0x5A, 0xD9, 0x00, 0x2B, 0x5A, 0xD9, 0x00, 0x2B, 0x5A, 0xD9, 0x00, 0x2B,
    0x63, 0x19, 0x84, 0xDD, 0x63, 0x7B, 0x18, 0xD1, 0x31, 0xD6, 0x10, 0x91, 0x74, 0x3E, 0x63, 0xB9,
    0x00, 0x00, 0x00, 0x00, 0x5A, 0xD9, 0x00, 0x0C, 0x5A, 0xD9, 0x42, 0x74, 0x9D, 0x9F, 0x5A, 0xD8,
    0x63, 0x3B, 0x31, 0x94, 0x29, 0x76, 0x00, 0x12, 0x9D, 0x3D, 0x6B, 0xB9, 0x7C, 0x7E, 0x8D, 0x1E,
    0x84, 0xBD, 0x31, 0xB1, 0x63, 0x5A, 0x10, 0x8D, 0x6B, 0x7A, 0x3A, 0x14, 0x84, 0xBE, 0x74, 0x5D,
    0x3A, 0x18, 0x08, 0x52, 0x21, 0x15, 0x08, 0x72, 0x29, 0x76, 0x74, 0x5E, 0x7C, 0x5D, 0x08, 0x2A,
    0x5A, 0xD9, 0x08, 0x2A, 0x5A, 0xD9, 0x08, 0x2A, 0x5A, 0xD9, 0x08, 0x2A, 0x5A, 0xD9, 0x21, 0x2E,
    0x95, 0x7F, 0x19, 0x14, 0x8C, 0xBC, 0x5A, 0xF7, 0x6B, 0x7A, 0x8D, 0x1E, 0x73, 0xFC, 0x00, 0x00,
    0x00, 0x00, 0x00, 0x2B, 0x5A, 0xD9, 0x08, 0x2A, 0x5A, 0xD9, 0x00, 0x2B, 0x5A, 0xD9, 0x21, 0x0E,
    0x95, 0x3F, 0x52, 0xF8, 0x29, 0x76, 0x00, 0x11, 0x9D, 0x1D, 0x6B, 0x98, 0x7C, 0x7D, 0x8C, 0xFE,
    0x7C, 0x5D, 0x29, 0x91, 0x63, 0x3A, 0x10, 0xAC, 0x6B, 0x7A, 0x5B, 0x57, 0x95, 0x5F, 0x74, 0x3D,
    0x31, 0xB7, 0x08, 0x51, 0x21, 0x15, 0x08, 0x72, 0x21, 0x35, 0x10, 0x93, 0x29, 0x56, 0x4A, 0x98,
    0x8D, 0x3F, 0x08, 0x6E, 0x00, 0x00, 0x00, 0x00, 0x5A, 0xD9, 0x00, 0x2B, 0x5A, 0xD9, 0x00, 0x2B,
    0x63, 0x3A, 0x7C, 0x9C, 0x6B, 0xBC, 0x10, 0xB3, 0x21, 0x15, 0x00, 0x10, 0x94, 0xBC, 0x6B, 0xD9,
    0x95, 0x5E, 0x8D, 0x3D, 0x84, 0x9D, 0x3A, 0x32, 0x6B, 0x9A, 0x3A, 0x11, 0x7C, 0x5C, 0x84, 0xDC,
    0x8D, 0x3F, 0x52, 0xF8, 0x42, 0x37, 0x18, 0xD1, 0x39, 0xD7, 0x10, 0x90, 0x52, 0xDA, 0x84, 0xFD,
    0x6B, 0x7A, 0x00, 0x00, 0x5A, 0xD9, 0x08, 0x2A, 0x5A, 0xD9, 0x08, 0x2A, 0x5A, 0xD9, 0x00, 0x2B,
    0x5A, 0xD9, 0x08, 0x2A, 0x5A, 0xD9, 0x00, 0x2B, 0x5A, 0xD9, 0x08, 0x2A, 0x5A, 0xD9, 0x00, 0x2B,
    0x5A, 0xD9, 0x00, 0x2B, 0x5A, 0xD9, 0x00, 0x2B, 0x5A, 0xD9, 0x00, 0x0B, 0x5A, 0xD9, 0x00, 0x2B,
    0x5A, 0xD9, 0x08, 0x2A, 0x5A, 0xD9, 0x00, 0x0C, 0x5A, 0xD9, 0x00, 0x0C, 0x5A, 0xD9, 0x00, 0x0C,
    0x5A, 0xD9, 0x00, 0x0C, 0x5A, 0xD9, 0x00, 0x0C, 0x5A, 0xD9, 0x00, 0x0C, 0x5A, 0xD9, 0x00, 0x0E,
    0x5A, 0xD9, 0x00, 0x0B, 0x5A, 0xD9, 0x00, 0x2B, 0x5A, 0xD9, 0x00, 0x2B, 0x5A, 0xD9, 0x00, 0x2B,
    0x5A, 0xD9, 0x00, 0x0D, 0x5A, 0xD9, 0x00, 0x0D, 0x5A, 0xD9, 0x00, 0x0D, 0x5A, 0xD9, 0x08, 0x2A,
    0x5A, 0xD9, 0x00, 0x2A, 0x5A, 0xD9, 0x08, 0x2A, 0x5A, 0xD9, 0x08, 0x2A, 0x5A, 0xD9, 0x08, 0x2A,
    0x62, 0xFA, 0x08, 0x2A, 0x62, 0xFA, 0x00, 0x2B, 0x52, 0x75, 0x00, 0x0D, 0x00, 0x00, 0x00, 0x0E,
    0x00, 0x0C, 0x8C, 0x5F, 0x00, 0x0D, 0x6B, 0x5D, 0x00, 0x0D, 0x5A, 0xF9, 0x00, 0x0C, 0x5A, 0xF9,
    0x00, 0x0E, 0x5A, 0xF9, 0x00, 0x0C, 0x5A, 0xD9, 0x00, 0x0C, 0x5A, 0xD9, 0x00, 0x2B, 0x5A, 0xD9,
    0x00, 0x0C, 0x5A, 0xD9, 0x00, 0x0D, 0x5A, 0xD9, 0x00, 0x0D, 0x5A, 0xD9, 0x00, 0x0C, 0x5A, 0xD9,
    0x08, 0x2A, 0x5A, 0xD9, 0x00, 0x2A, 0x5A, 0xD9, 0x00, 0x2B, 0x5A, 0xD9, 0x00, 0x2B, 0x5A, 0xD9,
    0x08, 0x2A, 0x5A, 0xD9, 0x08, 0x2A, 0x5A, 0xD9, 0x08, 0x2A, 0x5A, 0xD9, 0x00, 0x0D, 0x5A, 0xD9,
    0x00, 0x0D, 0x5A, 0xD9, 0x08, 0x2A, 0x5A, 0xD9, 0x00, 0x2B, 0x5A, 0xD9, 0x08, 0x2A, 0x5A, 0xD9,
    0x08, 0x2A, 0x5A, 0xD9, 0x08, 0x2A, 0x5A, 0xD9, 0x08, 0x2A, 0x5A, 0xD9, 0x00, 0x2B, 0x5A, 0xD9,
    0x08, 0x2A, 0x5A, 0xD9, 0x08, 0x2A, 0x5A, 0xD9, 0x00, 0x2B, 0x5A, 0xD9, 0x08, 0x2A, 0x5A, 0xD9,
    0x08, 0x2A, 0x5A, 0xD9, 0x00, 0x2B, 0x5A, 0xD9, 0x00, 0x0B, 0x84, 0xDD, 0x8C, 0xFC, 0xA5, 0x1D,
    0x73, 0xB8, 0x8C, 0x5D, 0x5A, 0xF9, 0x5A, 0xDA, 0x21, 0x14, 0x10, 0x94, 0x84, 0x3A, 0x73, 0xBA,
    0x42, 0x35, 0x42, 0x57, 0x21, 0x13, 0x29, 0x76, 0x08, 0x51, 0x18, 0xF5, 0x00, 0x11, 0x21, 0x15,
    0x08, 0x52, 0x21, 0x35, 0x08, 0x72, 0x29, 0x56, 0x10, 0x92, 0x29, 0x56, 0x10, 0xB2, 0x31, 0x96,
    0x10, 0xB1, 0x31, 0x96, 0x18, 0xF2, 0x5B, 0x3B, 0x84, 0xFE, 0x6B, 0x9B, 0x00, 0x00, 0x00, 0x00,
    0x00, 0x00, 0x5A, 0xD9, 0x08, 0x2A, 0x5A, 0xD9, 0x08, 0x6E, 0x95, 0x5F, 0x5B, 0x5A, 0x4A, 0x58,
    0x20, 0xF2, 0x29, 0x76, 0x63, 0xBB, 0x84, 0x9D, 0x00, 0x00, 0x00, 0x00, 0x08, 0x2A, 0x5A, 0xD9,
    0x08, 0x2A, 0x5A, 0xD9, 0x08, 0x2A, 0x5A, 0xD9, 0x00, 0x2B, 0x5A, 0xD9, 0x08, 0x2A, 0x5A, 0xD9,
    0x10, 0x6B, 0x8D, 0x3F, 0x4A, 0xB7, 0x31, 0xB6, 0x10, 0x90, 0x31, 0x96, 0x63, 0xBB, 0x84, 0x9D,
    0x00, 0x00, 0x00, 0x00, 0x00, 0x0B, 0x5A, 0xD9, 0x00, 0x0C, 0x74, 0x1B, 0x95, 0x5E, 0x8C, 0x5D,
    0x52, 0x97, 0x5A, 0xDA, 0x20, 0xF3, 0x10, 0xB4, 0x84, 0x5A, 0x8C, 0xFF, 0x8D, 0x1D, 0x73, 0xDB,
    0x08, 0x2C, 0x00, 0x00, 0x00, 0x00, 0x00, 0x00, 0x00, 0x00, 0x00, 0x00, 0x10, 0x6E, 0x7C, 0x7D,
    0x84, 0xDE, 0x39, 0xF7, 0x10, 0x92, 0x29, 0x76, 0x10, 0xB2, 0x4A, 0x99, 0x8D, 0x1E, 0x63, 0x5A,
    0x00, 0x00, 0x5A, 0xD9, 0x00, 0x2B, 0x5A, 0xD9, 0x08, 0x2A, 0x5A, 0xD9, 0x08, 0x2A, 0x6B, 0x5A,
    0x95, 0x5E, 0x3A, 0x18, 0x63, 0x57, 0x6B, 0x9A, 0x3A, 0x36, 0x8D, 0x3F, 0x42, 0x53, 0x00, 0x00,
    0x00, 0x00, 0x5A, 0xD9, 0x08, 0x2A, 0x5A, 0xD9, 0x08, 0x2A, 0x5A, 0xD9, 0x08, 0x2B, 0x84, 0x9D,
    0x84, 0x9C, 0x5A, 0xFA, 0x18, 0xF3, 0x10, 0xB4, 0x7C, 0x39, 0x84, 0xBE, 0x8D, 0x1E, 0x6B, 0xBB,
    0x08, 0x2B, 0x00, 0x00, 0x00, 0x00, 0x00, 0x00, 0x00, 0x00, 0x5A, 0xD9, 0x21, 0x2F, 0x8C, 0xFE,
    0x6B, 0xFC, 0x31, 0x96, 0x10, 0x92, 0x29, 0x76, 0x10, 0xB2, 0x29, 0x76, 0x18, 0xB2, 0x5B, 0x3B,
    0x84, 0xDD, 0x5A, 0xF9, 0x00, 0x00, 0x00, 0x00, 0x00, 0x0C, 0x5A, 0xD9, 0x00, 0x0C, 0x5A, 0xF9,
    0x63, 0x98, 0x8C, 0xFF, 0x31, 0x95, 0x31, 0x76, 0x00, 0x31, 0x21, 0x35, 0x7C, 0x3A, 0x95, 0x7F,
    0x53, 0x16, 0x63, 0x5A, 0x08, 0x2B, 0x00, 0x00, 0x00, 0x00, 0x00, 0x00, 0x00, 0x00, 0x63, 0x3A,
    0x42, 0x73, 0x8D, 0x3F, 0x5B, 0x59, 0x39, 0xD7, 0x10, 0x90, 0x31, 0x96, 0x08, 0x70, 0x74, 0x1D,
    0x74, 0x7C, 0x63, 0x19, 0x00, 0x00, 0x5A, 0xD9, 0x08, 0x2A, 0x5A, 0xD9, 0x00, 0x2B, 0x5A, 0xD9,
    0x08, 0x2A, 0x5A, 0xD9, 0x08, 0x2A, 0x5A, 0xD9, 0x08, 0x2A, 0x5A, 0xD9, 0x08, 0x2A, 0x5A, 0xD9,
    0x00, 0x2B, 0x5A, 0xD9, 0x08, 0x2A, 0x5A, 0xD9, 0x08, 0x2A, 0x5A, 0xD9, 0x00, 0x2B, 0x5A, 0xD9,
    0x08, 0x2A, 0x5A, 0xD9, 0x08, 0x2A, 0x5A, 0xD9, 0x00, 0x2B, 0x5A, 0xD9, 0x00, 0x0B, 0x5A, 0xD9,
    0x00, 0x0C, 0x5A, 0xD9, 0x00, 0x0D, 0x5A, 0xD9, 0x00, 0x0D, 0x5A, 0xD9, 0x00, 0x0C, 0x5A, 0xD9,
    0x00, 0x0E, 0x5A, 0xD9, 0x00, 0x0C, 0x5A, 0xD9, 0x00, 0x0C, 0x5A, 0xD9, 0x00, 0x2B, 0x5A, 0xD9,
    0x00, 0x0C, 0x5A, 0xD9, 0x00, 0x0D, 0x5A, 0xD9, 0x00, 0x0D, 0x5A, 0xD9, 0x00, 0x0C, 0x5A, 0xD9,
    0x08, 0x2A, 0x5A, 0xD9, 0x00, 0x2A, 0x5A, 0xD9, 0x00, 0x2B, 0x5A, 0xD9, 0x00, 0x2B, 0x5A, 0xF9,
    0x08, 0x2A, 0x5A, 0xF9, 0x08, 0x2A, 0x8C, 0x3F, 0x08, 0x2A, 0x00, 0x00, 0x00, 0x0D, 0x00, 0x00,
    0xCE, 0x3F, 0x00, 0x0C, 0x84, 0x1F, 0x00, 0x0D, 0x00, 0x00, 0x00, 0x0C, 0x5A, 0xF9, 0x00, 0x0D,
    0x5A, 0xF9, 0x00, 0x0E, 0x5A, 0xD9, 0x00, 0x0C, 0x5A, 0xD9, 0x00, 0x0C, 0x5A, 0xD9, 0x00, 0x2B,
    0x5A, 0xD9, 0x00, 0x2B, 0x5A, 0xD9, 0x00, 0x0D, 0x5A, 0xD9, 0x00, 0x0E, 0x5A, 0xD9, 0x00, 0x0C,
    0x5A, 0xD9, 0x00, 0x0B, 0x5A, 0xD9, 0x00, 0x2B, 0x5A, 0xD9, 0x00, 0x0C, 0x5A, 0xD9, 0x00, 0x2B,
    0x5A, 0xD9, 0x08, 0x2A, 0x5A, 0xD9, 0x08, 0x2A, 0x5A, 0xD9, 0x08, 0x2A, 0x5A, 0xD9, 0x00, 0x0D,
    0x5A, 0xD9, 0x00, 0x0D, 0x5A, 0xD9, 0x00, 0x0C, 0x5A, 0xD9, 0x00, 0x0C, 0x5A, 0xD9, 0x08, 0x2A,
    0x5A, 0xD9, 0x08, 0x2A, 0x5A, 0xD9, 0x08, 0x2A, 0x5A, 0xD9, 0x08, 0x2A, 0x5A, 0xD9, 0x00, 0x2B,
    0x5A, 0xD9, 0x08, 0x2A, 0x5A, 0xD9, 0x08, 0x2A, 0x5A, 0xD9, 0x00, 0x2B, 0x5A, 0xD9, 0x08, 0x2A,
    0x5A, 0xD9, 0x00, 0x2B, 0x5A, 0xD9, 0x00, 0x2B, 0x5A, 0xD9, 0x6B, 0xD9, 0x9D, 0x7E, 0x84, 0x17,
    0xA5, 0x3D, 0x7B, 0xF8, 0x8C, 0x7D, 0x5A, 0xB8, 0x42, 0x18, 0x00, 0x11, 0x84, 0x7C, 0x4A, 0x77,
    0x42, 0x37, 0x18, 0xF3, 0x21, 0x35, 0x00, 0x11, 0x18, 0xD5, 0x08, 0x51, 0x21, 0x35, 0x10, 0x92,
    0x29, 0x56, 0x10, 0x92, 0x31, 0x96, 0x10, 0xB2, 0x31, 0xB6, 0x18, 0xD2, 0x31, 0xB6, 0x18, 0xD2,
    0x42, 0x37, 0x4A, 0x97, 0x7C, 0x9E, 0x8D, 0x3E, 0x73, 0xFC, 0x08, 0x2B, 0x00, 0x00, 0x00, 0x00,
    0x00, 0x00, 0x08, 0x2A, 0x5A, 0xD9, 0x08, 0x2A, 0x5A, 0xF9, 0x84, 0xFD, 0x73, 0xFD, 0x31, 0x74,
    0x42, 0x18, 0x10, 0xB2, 0x6B, 0xFD, 0x63, 0x99, 0x00, 0x00, 0x00, 0x00, 0x5A, 0xD9, 0x08, 0x2A,
    0x5A, 0xD9, 0x08, 0x2A, 0x5A, 0xD9, 0x08, 0x2A, 0x5A, 0xD9, 0x00, 0x2B, 0x5A, 0xD9, 0x08, 0x2A,
    0x5A, 0xF9, 0x84, 0xDC, 0x5B, 0x3B, 0x08, 0x70, 0x29, 0x76, 0x08, 0x4F, 0x74, 0x3D, 0x63, 0x99,
    0x00, 0x00, 0x00, 0x00, 0x5A, 0xD9, 0x00, 0x0C, 0x5A, 0xD9, 0x42, 0x74, 0x9D, 0x9F, 0x73, 0xB8,
    0x84, 0x3D, 0x4A, 0x76, 0x42, 0x38, 0x00, 0x11, 0x95, 0x1E, 0x8D, 0x1E, 0x6B, 0x9A, 0x00, 0x00,
    0x00, 0x00, 0x00, 0x00, 0x00, 0x00, 0x00, 0x00, 0x00, 0x00, 0x00, 0x00, 0x00, 0x00, 0x10, 0xAF,
    0x8D, 0x1E, 0x63, 0x9B, 0x31, 0xB6, 0x18, 0xD2, 0x39, 0xD7, 0x18, 0xF2, 0x7C, 0x9F, 0x5B, 0x57,
    0x00, 0x00, 0x00, 0x00, 0x5A, 0xD9, 0x00, 0x2B, 0x5A, 0xD9, 0x08, 0x2A, 0x5A, 0xD9, 0x21, 0x2E,
    0x95, 0x7F, 0x21, 0x12, 0x7C, 0x1B, 0x39, 0xF4, 0x4A, 0x98, 0x84, 0xFE, 0x73, 0xFB, 0x00, 0x00,
    0x00, 0x00, 0x00, 0x0C, 0x5A, 0xD9, 0x08, 0x2A, 0x5A, 0xD9, 0x08, 0x2A, 0x63, 0x5A, 0x8D, 0x3E,
    0x8C, 0x9D, 0x4A, 0x55, 0x42, 0x18, 0x00, 0x10, 0x84, 0x9C, 0x8D, 0x3E, 0x73, 0xFB, 0x00, 0x00,
    0x00, 0x00, 0x00, 0x00, 0x00, 0x00, 0x00, 0x00, 0x00, 0x00, 0x00, 0x00, 0x00, 0x00, 0x18, 0xEE,
    0x8C, 0xFE, 0x53, 0x1A, 0x31, 0xB6, 0x18, 0xD2, 0x39, 0xD7, 0x18, 0xD2, 0x39, 0xD6, 0x4A, 0xD8,
    0x8D, 0x3E, 0x08, 0x6E, 0x00, 0x00, 0x00, 0x00, 0x5A, 0xD9, 0x00, 0x0C, 0x5A, 0xD9, 0x29, 0x71,
    0x95, 0x7F, 0x5B, 0x19, 0x42, 0x38, 0x18, 0xB2, 0x29, 0x55, 0x10, 0xD2, 0x95, 0x7F, 0x5B, 0x58,
    0x5A, 0xD9, 0x00, 0x00, 0x00, 0x00, 0x00, 0x00, 0x00, 0x00, 0x00, 0x00, 0x00, 0x00, 0x00, 0x00,
    0x00, 0x00, 0x3A, 0x12, 0x95, 0x5F, 0x31, 0xD4, 0x29, 0x76, 0x08, 0x50, 0x29, 0x56, 0x19, 0x12,
    0x95, 0x5F, 0x42, 0x96, 0x00, 0x00, 0x00, 0x0D, 0x5A, 0xD9, 0x00, 0x0C, 0x5A, 0xD9, 0x00, 0x0C,
    0x5A, 0xD9, 0x08, 0x2A, 0x5A, 0xD9, 0x08, 0x2A, 0x5A, 0xD9, 0x08, 0x2A, 0x5A, 0xD9, 0x08, 0x2A,
    0x5A, 0xD9, 0x00, 0x2B, 0x5A, 0xD9, 0x08, 0x2A, 0x5A, 0xD9, 0x08, 0x2A, 0x5A, 0xD9, 0x00, 0x2B,
    0x5A, 0xD9, 0x08, 0x2A, 0x5A, 0xD9, 0x00, 0x2B, 0x5A, 0xD9, 0x00, 0x2B, 0x5A, 0xD9, 0x00, 0x0C,
    0x5A, 0xD9, 0x00, 0x0C, 0x5A, 0xD9, 0x00, 0x0D, 0x5A, 0xD9, 0x00, 0x0C, 0x5A, 0xD9, 0x00, 0x0D,
    0x5A, 0xD9, 0x00, 0x0E, 0x5A, 0xD9, 0x00, 0x0C, 0x5A, 0xD9, 0x00, 0x0C, 0x5A, 0xD9, 0x00, 0x2B,
    0x5A, 0xD9, 0x00, 0x2B, 0x5A, 0xD9, 0x00, 0x0D, 0x5A, 0xD9, 0x00, 0x0E, 0x5A, 0xD9, 0x00, 0x0C,
    0x5A, 0xD9, 0x00, 0x0B, 0x5A, 0xD9, 0x00, 0x2B, 0x5A, 0xD9, 0x00, 0x0C, 0x5A, 0xD9, 0x00, 0x2B,
    0x5A, 0xF9, 0x08, 0x2A, 0x5A, 0xF9, 0x08, 0x2A, 0x4A, 0x75, 0x08, 0x2A, 0x00, 0x00, 0x00, 0x0D,
    0x00, 0x0B, 0x8C, 0x5F, 0x00, 0x0C, 0x6B, 0x3C, 0x00, 0x0C, 0x5A, 0xD9, 0x00, 0x0C, 0x5A, 0xD9,
    0x00, 0x0C, 0x5A, 0xD9, 0x00, 0x0C, 0x5A, 0xD8, 0x00, 0x2B, 0x5A, 0xD8, 0x00, 0x0C, 0x5A, 0xD8,
    0x00, 0x0B, 0x5A, 0xD8, 0x00, 0x2B, 0x5A, 0xD8, 0x00, 0x0D, 0x5A, 0xD8, 0x00, 0x0E, 0x5A, 0xD8,
    0x00, 0x0D, 0x5A, 0xD8, 0x00, 0x0C, 0x5A, 0xD8, 0x00, 0x0C, 0x5A, 0xD8, 0x00, 0x0E, 0x5A, 0xD8,
    0x00, 0x0C, 0x5A, 0xD8, 0x00, 0x0B, 0x5A, 0xD8, 0x08, 0x2A, 0x5A, 0xD8, 0x08, 0x2A, 0x5A, 0xD8,
    0x00, 0x0D, 0x5A, 0xD8, 0x00, 0x0C, 0x5A, 0xD8, 0x00, 0x0D, 0x5A, 0xD8, 0x00, 0x2B, 0x5A, 0xD8,
    0x08, 0x2A, 0x5A, 0xD8, 0x08, 0x2A, 0x5A, 0xD8, 0x08, 0x2A, 0x5A, 0xD8, 0x08, 0x2A, 0x5A, 0xD8,
    0x00, 0x2B, 0x5A, 0xD8, 0x08, 0x2A, 0x5A, 0xD8, 0x08, 0x2A, 0x5A, 0xD8, 0x00, 0x2B, 0x5A, 0xD8,
    0x00, 0x0B, 0x5A, 0xD8, 0x00, 0x0C, 0x5A, 0xD8, 0x00, 0x2B, 0x84, 0xBD, 0x8C, 0xFC, 0xA5, 0x3C,
    0x84, 0x17, 0xAD, 0x7D, 0x8C, 0x79, 0x8C, 0x7D, 0x42, 0x16, 0x18, 0xB4, 0x5B, 0x17, 0x42, 0x37,
    0x10, 0xB3, 0x10, 0xB4, 0x00, 0x32, 0x18, 0xF5, 0x10, 0x93, 0x29, 0x56, 0x18, 0xD3, 0x29, 0x76,
    0x18, 0xF3, 0x31, 0xB6, 0x18, 0xF3, 0x39, 0xD6, 0x18, 0xF3, 0x39, 0xF7, 0x29, 0x94, 0x6B, 0xFD,
    0x84, 0xFE, 0x95, 0x5F, 0x6B, 0xDA, 0x6B, 0x7A, 0x08, 0x2E, 0x00, 0x00, 0x00, 0x00, 0x00, 0x00,
    0x00, 0x0B, 0x5A, 0xD8, 0x08, 0x2A, 0x5A, 0xD8, 0x10, 0x6B, 0x95, 0x5F, 0x63, 0x7B, 0x52, 0xB9,
    0x29, 0x33, 0x31, 0xB7, 0x63, 0xBC, 0x7C, 0x9D, 0x00, 0x00, 0x00, 0x00, 0x08, 0x2A, 0x5A, 0xD8,
    0x08, 0x2A, 0x5A, 0xD8, 0x08, 0x2A, 0x5A, 0xD8, 0x08, 0x2A, 0x5A, 0xD8, 0x00, 0x2B, 0x5A, 0xD8,
    0x10, 0x6B, 0x8D, 0x3E, 0x42, 0x77, 0x29, 0x76, 0x00, 0x30, 0x29, 0x55, 0x63, 0x9B, 0x84, 0x9D,
    0x00, 0x00, 0x00, 0x00, 0x00, 0x2B, 0x5A, 0xD8, 0x00, 0x0B, 0x73, 0xFB, 0x95, 0x5D, 0xA5, 0x5C,
    0x73, 0xB7, 0x8C, 0x3D, 0x41, 0xF6, 0x31, 0xB7, 0x8D, 0x3E, 0x73, 0xDB, 0x00, 0x00, 0x00, 0x00,
    0x00, 0x00, 0x00, 0x00, 0x00, 0x00, 0x5A, 0xD8, 0x00, 0x0B, 0x5A, 0xD8, 0x00, 0x2B, 0x5A, 0xD8,
    0x31, 0xB2, 0x8D, 0x3F, 0x31, 0xD6, 0x39, 0xD7, 0x18, 0xF3, 0x39, 0xF7, 0x4A, 0xB8, 0x95, 0x3F,
    0x10, 0xAE, 0x00, 0x00, 0x00, 0x0E, 0x5A, 0xD8, 0x00, 0x0C, 0x5A, 0xD8, 0x00, 0x0B, 0x63, 0x5A,
    0x95, 0x5E, 0x3A, 0x18, 0x42, 0x53, 0x4A, 0x78, 0x18, 0xD2, 0x8D, 0x1F, 0x42, 0x54, 0x00, 0x00,
    0x00, 0x00, 0x5A, 0xD8, 0x00, 0x2B, 0x5A, 0xD8, 0x08, 0x2A, 0x5A, 0xD8, 0x53, 0x15, 0x9D, 0x7F,
    0x73, 0xB6, 0x84, 0x3D, 0x39, 0xF5, 0x18, 0xF4, 0x7C, 0x5C, 0x84, 0xBD, 0x08, 0x4B, 0x00, 0x00,
    0x00, 0x00, 0x00, 0x00, 0x00, 0x00, 0x5A, 0xD8, 0x00, 0x0B, 0x5A, 0xD8, 0x00, 0x0C, 0x00, 0x00,
    0x3A, 0x12, 0x95, 0x7F, 0x3A, 0x36, 0x39, 0xD6, 0x18, 0xF2, 0x39, 0xF7, 0x20, 0xF3, 0x63, 0x7B,
    0x84, 0xDD, 0x5A, 0xF9, 0x00, 0x00, 0x00, 0x00, 0x00, 0x0C, 0x5A, 0xD8, 0x08, 0x2B, 0x84, 0x9D,
    0x84, 0xDD, 0x5A, 0xFA, 0x29, 0x53, 0x39, 0xD7, 0x08, 0x50, 0x6B, 0xDC, 0x7C, 0x7B, 0x63, 0x19,
    0x00, 0x00, 0x00, 0x00, 0x00, 0x00, 0x00, 0x00, 0x00, 0x00, 0x5A, 0xD8, 0x00, 0x0C, 0x5A, 0xD8,
    0x00, 0x0E, 0x5A, 0xD9, 0x5B, 0x58, 0x84, 0x9E, 0x08, 0x91, 0x21, 0x35, 0x00, 0x0F, 0x29, 0x56,
    0x5B, 0x5A, 0x8C, 0xFE, 0x08, 0x6E, 0x00, 0x00, 0x00, 0x0C, 0x5A, 0xD8, 0x00, 0x0D, 0x5A, 0xD8,
    0x00, 0x2B, 0x5A, 0xD8, 0x08, 0x2A, 0x5A, 0xD8, 0x08, 0x2A, 0x5A, 0xD8, 0x08, 0x2A, 0x5A, 0xD8,
    0x08, 0x2A, 0x5A, 0xD8, 0x00, 0x2B, 0x5A, 0xD8, 0x08, 0x2A, 0x5A, 0xD8, 0x08, 0x2A, 0x5A, 0xD8,
    0x00, 0x2B, 0x5A, 0xD8, 0x00, 0x0B, 0x5A, 0xD8, 0x00, 0x0C, 0x5A, 0xD8, 0x00, 0x2B, 0x5A, 0xD8,
    0x00, 0x0B, 0x5A, 0xD8, 0x00, 0x0C, 0x5A, 0xD8, 0x00, 0x0C, 0x5A, 0xD8, 0x00, 0x0C, 0x5A, 0xD8,
    0x00, 0x0C, 0x5A, 0xD8, 0x00, 0x0C, 0x5A, 0xD8, 0x00, 0x2B, 0x5A, 0xD8, 0x00, 0x0C, 0x5A, 0xD8,
    0x00, 0x0B, 0x5A, 0xD8, 0x00, 0x2B, 0x5A, 0xD8, 0x00, 0x0D, 0x5A, 0xD8, 0x00, 0x0E, 0x5A, 0xD8,
    0x00, 0x0D, 0x5A, 0xD8, 0x00, 0x0C, 0x5A, 0xD8, 0x00, 0x0C, 0x5A, 0xD8, 0x00, 0x0E, 0x5A, 0xD9,
    0x00, 0x0C, 0x5A, 0xD9, 0x00, 0x0B, 0x84, 0x1F, 0x08, 0x2A, 0x00, 0x00, 0x08, 0x2A, 0x00, 0x00,
    0xC6, 0x1F, 0x00, 0x2B, 0x83, 0xFF, 0x00, 0x2B, 0x00, 0x00, 0x00, 0x0C, 0x5A, 0xD9, 0x00, 0x0C,
    0x5A, 0xD9, 0x00, 0x0C, 0x5A, 0xB8, 0x00, 0x2B, 0x5A, 0xB8, 0x08, 0x2A, 0x5A, 0xB8, 0x00, 0x0B,
    0x5A, 0xB8, 0x00, 0x0C, 0x5A, 0xB8, 0x00, 0x0C, 0x5A, 0xB8, 0x00, 0x0C, 0x5A, 0xB8, 0x00, 0x0D,
    0x5A, 0xB8, 0x00, 0x0E, 0x5A, 0xB8, 0x00, 0x0C, 0x5A, 0xB8, 0x00, 0x0E, 0x5A, 0xB8, 0x00, 0x0F,
    0x5A, 0xB8, 0x00, 0x0F, 0x5A, 0xB8, 0x00, 0x0D, 0x5A, 0xB8, 0x08, 0x2A, 0x5A, 0xB8, 0x08, 0x2A,
    0x5A, 0xB8, 0x00, 0x0C, 0x5A, 0xB8, 0x00, 0x0C, 0x5A, 0xB8, 0x00, 0x0E, 0x5A, 0xB8, 0x00, 0x2B,
    0x5A, 0xB8, 0x08, 0x2A, 0x5A, 0xB8, 0x08, 0x2A, 0x5A, 0xB8, 0x08, 0x2A, 0x5A, 0xB8, 0x00, 0x2A,
    0x5A, 0xB8, 0x00, 0x0C, 0x5A, 0xB8, 0x08, 0x2A, 0x5A, 0xB8, 0x08, 0x2A, 0x5A, 0xB8, 0x00, 0x2B,
    0x5A, 0xB8, 0x00, 0x0C, 0x5A, 0xB8, 0x00, 0x0C, 0x5A, 0xB8, 0x6B, 0xD8, 0x9D, 0x7E, 0x83, 0xF6,
    0xA5, 0x3C, 0x84, 0x36, 0xB5, 0x9D, 0xA5, 0x3B, 0x95, 0x3E, 0x63, 0x9B, 0x7C, 0x7E, 0x63, 0x9B,
    0x74, 0x1D, 0x6B, 0xDC, 0x74, 0x3E, 0x6B, 0xFC, 0x7C, 0x5E, 0x6B, 0xFC, 0x7C, 0x5E, 0x6B, 0xFC,
    0x7C, 0x5E, 0x5B, 0x3A, 0x39, 0xF7, 0x21, 0x33, 0x39, 0xF7, 0x21, 0x33, 0x63, 0x7B, 0x95, 0x9F,
    0x7C, 0x3C, 0x19, 0x10, 0x5A, 0xD8, 0x00, 0x00, 0x00, 0x00, 0x00, 0x00, 0x00, 0x00, 0x00, 0x00,
    0x5A, 0xB8, 0x00, 0x0D, 0x5A, 0xB8, 0x08, 0x2A, 0x5A, 0xF9, 0x8C, 0xFD, 0x7C, 0x5E, 0x39, 0xD4,
    0x4A, 0x58, 0x18, 0xD2, 0x74, 0x1D, 0x63, 0x9A, 0x00, 0x00, 0x00, 0x00, 0x5A, 0xB8, 0x08, 0x2A,
    0x5A, 0xB8, 0x08, 0x2A, 0x5A, 0xB8, 0x08, 0x2A, 0x5A, 0xB8, 0x00, 0x2A, 0x5A, 0xB8, 0x00, 0x0C,
    0x5A, 0xF9, 0x84, 0xDC, 0x53, 0x1A, 0x00, 0x0F, 0x21, 0x35, 0x00, 0x0F, 0x74, 0x1D, 0x63, 0xB9,
    0x00, 0x00, 0x00, 0x00, 0x5A, 0xB8, 0x00, 0x2B, 0x5A, 0xB8, 0x42, 0x73, 0x9D, 0x9F, 0x84, 0x16,
    0xA5, 0x3C, 0x84, 0x37, 0x8C, 0x5D, 0x5B, 0x5A, 0x84, 0xDE, 0x08, 0x2C, 0x00, 0x00, 0x00, 0x00,
    0x00, 0x00, 0x08, 0x2A, 0x5A, 0xB8, 0x00, 0x0B, 0x5A, 0xB8, 0x00, 0x0C, 0x5A, 0xB8, 0x00, 0x0C,
    0x5A, 0xD8, 0x7C, 0x7C, 0x6B, 0xBC, 0x21, 0x34, 0x3A, 0x17, 0x21, 0x34, 0x4A, 0x78, 0x8D, 0x3E,
    0x73, 0xDB, 0x00, 0x00, 0x5A, 0xB8, 0x00, 0x0F, 0x5A, 0xB8, 0x00, 0x0F, 0x5A, 0xB8, 0x21, 0x30,
    0x9D, 0x9F, 0x19, 0x12, 0x4A, 0x78, 0x00, 0x0F, 0x31, 0xB6, 0x84, 0xDE, 0x73, 0xDB, 0x00, 0x00,
    0x00, 0x00, 0x00, 0x0E, 0x5A, 0xB8, 0x00, 0x2B, 0x5A, 0xB8, 0x08, 0x6B, 0x95, 0x3E, 0x8C, 0xBA,
    0xA5, 0x1C, 0x84, 0x16, 0x84, 0x3D, 0x10, 0x92, 0x8D, 0x1F, 0x29, 0xB1, 0x00, 0x00, 0x00, 0x00,
    0x00, 0x00, 0x08, 0x2A, 0x5A, 0xB8, 0x00, 0x2B, 0x5A, 0xB8, 0x00, 0x0C, 0x5A, 0xB8, 0x00, 0x0C,
    0x5A, 0xF9, 0x7C, 0x9C, 0x7C, 0x5E, 0x21, 0x33, 0x39, 0xF7, 0x21, 0x33, 0x42, 0x17, 0x52, 0xF9,
    0x8D, 0x3E, 0x08, 0x6D, 0x00, 0x00, 0x00, 0x00, 0x5A, 0xB8, 0x00, 0x2B, 0x5B, 0x19, 0x8D, 0x1D,
    0x84, 0x7E, 0x42, 0x15, 0x52, 0x99, 0x20, 0xF3, 0x42, 0x38, 0x84, 0xDD, 0x6B, 0x7A, 0x00, 0x00,
    0x00, 0x00, 0x00, 0x00, 0x00, 0x00, 0x00, 0x0E, 0x5A, 0xB8, 0x00, 0x0C, 0x5A, 0xB8, 0x00, 0x0E,
    0x5A, 0xB8, 0x00, 0x0F, 0x63, 0x19, 0x84, 0xBD, 0x4A, 0xB9, 0x00, 0x10, 0x29, 0x55, 0x08, 0x2F,
    0x42, 0x79, 0x95, 0x5E, 0x6B, 0x7A, 0x00, 0x00, 0x5A, 0xB8, 0x00, 0x0C, 0x5A, 0xB8, 0x00, 0x0E,
    0x5A, 0xB8, 0x00, 0x2B, 0x5A, 0xB8, 0x08, 0x2A, 0x5A, 0xB8, 0x08, 0x2A, 0x5A, 0xB8, 0x08, 0x2A,
    0x5A, 0xB8, 0x00, 0x2A, 0x5A, 0xB8, 0x00, 0x0C, 0x5A, 0xB8, 0x08, 0x2A, 0x5A, 0xB8, 0x08, 0x2A,
    0x5A, 0xB8, 0x00, 0x2B, 0x5A, 0xB8, 0x00, 0x0C, 0x5A, 0xB8, 0x00, 0x0C, 0x5A, 0xB8, 0x00, 0x2B,
    0x5A, 0xB8, 0x00, 0x2B, 0x5A, 0xB8, 0x00, 0x2B, 0x5A, 0xB8, 0x00, 0x0C, 0x5A, 0xB8, 0x00, 0x0C,
    0x5A, 0xB8, 0x00, 0x0C, 0x5A, 0xB8, 0x00, 0x2B, 0x5A, 0xB8, 0x08, 0x2A, 0x5A, 0xB8, 0x00, 0x0B,
    0x5A, 0xB8, 0x00, 0x0C, 0x5A, 0xB8, 0x00, 0x0C, 0x5A, 0xB8, 0x00, 0x0C, 0x5A, 0xB8, 0x00, 0x0D,
    0x5A, 0xB8, 0x00, 0x0E, 0x5A, 0xB8, 0x00, 0x0C, 0x5A, 0xB8, 0x00, 0x0E, 0x5A, 0xB8, 0x00, 0x0F,
    0x5A, 0xD9, 0x00, 0x0F, 0x5A, 0xD9, 0x00, 0x0D, 0x4A, 0x55, 0x08, 0x2A, 0x00, 0x00, 0x08, 0x2A,
    0x00, 0x2A, 0x8C, 0x3F, 0x08, 0x2A, 0x63, 0x3C, 0x00, 0x2B, 0x5A, 0xD9, 0x00, 0x0C, 0x5A, 0xD9,
    0x00, 0x0C, 0x5A, 0xD9, 0x00, 0x2B, 0x5A, 0xB8, 0x08, 0x2A, 0x5A, 0xB8, 0x08, 0x2A, 0x5A, 0xB8,
    0x00, 0x2B, 0x5A, 0xB8, 0x00, 0x0C, 0x5A, 0xB8, 0x00, 0x2B, 0x5A, 0xB8, 0x00, 0x2B, 0x5A, 0xB8,
    0x00, 0x0C, 0x5A, 0xB8, 0x00, 0x0D, 0x5A, 0xB8, 0x00, 0x0C, 0x5A, 0xB8, 0x00, 0x0E, 0x5A, 0xB8,
    0x00, 0x0F, 0x5A, 0xB8, 0x00, 0x0F, 0x5A, 0xB8, 0x00, 0x0C, 0x5A, 0xB8, 0x08, 0x2A, 0x5A, 0xB8,
    0x00, 0x2B, 0x5A, 0xB8, 0x08, 0x2A, 0x5A, 0xB8, 0x00, 0x0D, 0x5A, 0xB8, 0x00, 0x0D, 0x5A, 0xB8,
    0x00, 0x0C, 0x5A, 0xB8, 0x00, 0x2B, 0x5A, 0xB8, 0x00, 0x2B, 0x5A, 0xB8, 0x08, 0x2A, 0x5A, 0xB8,
    0x00, 0x2B, 0x5A, 0xB8, 0x00, 0x0C, 0x5A, 0xB8, 0x08, 0x2A, 0x5A, 0xB8, 0x08, 0x2A, 0x5A, 0xB8,
    0x00, 0x2A, 0x5A, 0xB8, 0x00, 0x0B, 0x5A, 0xB8, 0x00, 0x2B, 0x84, 0xBD, 0x8C, 0xFB, 0xAD, 0x5C,
    0x84, 0x36, 0xAD, 0x5C, 0x8C, 0x57, 0xA5, 0xBE, 0x8D, 0x1D, 0x84, 0x9D, 0x63, 0xB8, 0x84, 0x9D,
    0x63, 0xB8, 0x84, 0x9D, 0x63, 0xB8, 0x84, 0x9D, 0x63, 0xB8, 0x84, 0x9D, 0x63, 0xB8, 0x84, 0x9D,
    0x63, 0xB9, 0x8D, 0x3F, 0x4A, 0xB8, 0x42, 0x17, 0x29, 0x74, 0x42, 0x37, 0x39, 0xD5, 0x8D, 0x1F,
    0x4A, 0xB5, 0x00, 0x00, 0x00, 0x00, 0x00, 0x00, 0x00, 0x00, 0x00, 0x00, 0x00, 0x00, 0x5A, 0xB8,
    0x00, 0x0F, 0x5A, 0xB8, 0x00, 0x0C, 0x5A, 0xB8, 0x10, 0x6C, 0x95, 0x5E, 0x73, 0xDB, 0x63, 0x1A,
    0x31, 0x94, 0x39, 0xF7, 0x63, 0xBC, 0x7C, 0x7D, 0x00, 0x00, 0x00, 0x00, 0x00, 0x0C, 0x5A, 0xB8,
    0x00, 0x2B, 0x5A, 0xB8, 0x00, 0x2B, 0x5A, 0xB8, 0x08, 0x2A, 0x5A, 0xB8, 0x00, 0x2B, 0x5A, 0xB8,
    0x08, 0x6D, 0x8D, 0x1E, 0x3A, 0x56, 0x29, 0x35, 0x00, 0x2F, 0x29, 0x76, 0x63, 0xBB, 0x84, 0x9D,
    0x00, 0x00, 0x00, 0x00, 0x00, 0x2B, 0x5A, 0xB8, 0x00, 0x2A, 0x73, 0xFB, 0x95, 0x5D, 0xAD, 0x5C,
    0x84, 0x36, 0xAD, 0x5C, 0x8C, 0x78, 0x8D, 0x3F, 0x4A, 0x95, 0x00, 0x00, 0x00, 0x00, 0x00, 0x00,
    0x08, 0x2A, 0x5A, 0xB8, 0x08, 0x2A, 0x5A, 0xB8, 0x00, 0x2B, 0x5A, 0xB8, 0x00, 0x0C, 0x5A, 0xB8,
    0x00, 0x2B, 0x7C, 0x5C, 0x84, 0xBE, 0x42, 0x58, 0x31, 0x74, 0x42, 0x37, 0x31, 0x94, 0x8C, 0xFF,
    0x5B, 0x37, 0x00, 0x00, 0x00, 0x00, 0x5A, 0xB8, 0x00, 0x0F, 0x5A, 0xB8, 0x00, 0x0F, 0x63, 0x59,
    0x95, 0x7E, 0x5A, 0xF9, 0x21, 0x31, 0x4A, 0x57, 0x29, 0x72, 0x8D, 0x3F, 0x42, 0x53, 0x00, 0x00,
    0x00, 0x00, 0x5A, 0xB8, 0x00, 0x0D, 0x5A, 0xB8, 0x00, 0x0C, 0x63, 0x19, 0x8D, 0x3E, 0xA5, 0x5D,
    0x84, 0x16, 0xA5, 0x3C, 0x8C, 0x56, 0x5B, 0x5A, 0x84, 0xFD, 0x5A, 0xF9, 0x00, 0x00, 0x00, 0x00,
    0x00, 0x00, 0x5A, 0xB8, 0x08, 0x2A, 0x5A, 0xB8, 0x00, 0x2A, 0x5A, 0xB8, 0x00, 0x0B, 0x5A, 0xB8,
    0x00, 0x2B, 0x74, 0x1B, 0x8D, 0x1E, 0x4A, 0x78, 0x29, 0x74, 0x42, 0x37, 0x29, 0x73, 0x63, 0x9B,
    0x84, 0xFD, 0x5A, 0xD8, 0x00, 0x00, 0x00, 0x00, 0x00, 0x2B, 0x5A, 0xB8, 0x39, 0xF1, 0x9D, 0x9F,
    0x6B, 0x79, 0x6B, 0x7B, 0x41, 0xF5, 0x42, 0x18, 0x52, 0xF9, 0x7C, 0x9D, 0x08, 0x4C, 0x00, 0x00,
    0x00, 0x00, 0x00, 0x00, 0x00, 0x0C, 0x5A, 0xB8, 0x00, 0x0D, 0x5A, 0xB8, 0x00, 0x0C, 0x5A, 0xB8,
    0x00, 0x0E, 0x5A, 0xB8, 0x00, 0x0F, 0x73, 0xFC, 0x63, 0xDC, 0x31, 0x76, 0x08, 0x50, 0x31, 0x96,
    0x10, 0x90, 0x84, 0xDF, 0x4A, 0xD6, 0x00, 0x00, 0x00, 0x00, 0x5A, 0xB8, 0x00, 0x0D, 0x5A, 0xB8,
    0x00, 0x0D, 0x5A, 0xB8, 0x00, 0x0C, 0x5A, 0xB8, 0x00, 0x2B, 0x5A, 0xB8, 0x00, 0x2B, 0x5A, 0xB8,
    0x08, 0x2A, 0x5A, 0xB8, 0x00, 0x2B, 0x5A, 0xB8, 0x00, 0x0C, 0x5A, 0xB8, 0x08, 0x2A, 0x5A, 0xB8,
    0x08, 0x2A, 0x5A, 0xB8, 0x00, 0x2A, 0x5A, 0xB8, 0x00, 0x0B, 0x5A, 0xB8, 0x00, 0x2B, 0x5A, 0xB8,
    0x00, 0x2A, 0x5A, 0xB8, 0x08, 0x2A, 0x5A, 0xB8, 0x00, 0x2B, 0x5A, 0xB8, 0x00, 0x0C, 0x5A, 0xB8,
    0x00, 0x0C, 0x5A, 0xB8, 0x00, 0x2B, 0x5A, 0xB8, 0x08, 0x2A, 0x5A, 0xB8, 0x08, 0x2A, 0x5A, 0xB8,
    0x00, 0x2B, 0x5A, 0xB8, 0x00, 0x0C, 0x5A, 0xB8, 0x00, 0x2B, 0x5A, 0xB8, 0x00, 0x2B, 0x5A, 0xB8,
    0x00, 0x0C, 0x5A, 0xB8, 0x00, 0x0D, 0x5A, 0xB8, 0x00, 0x0C, 0x5A, 0xB8, 0x00, 0x0E, 0x5A, 0xD9,
    0x00, 0x0F, 0x5A, 0xD9, 0x00, 0x0F, 0x83, 0xFF, 0x00, 0x0C, 0x00, 0x00, 0x08, 0x2A, 0x00, 0x00,
    0xC5, 0xFF, 0x00, 0x2B, 0x7B, 0xDF, 0x08, 0x2A, 0x00, 0x00, 0x00, 0x2B, 0x5A, 0xD8, 0x00, 0x0D,
    0x5A, 0xD8, 0x00, 0x0C, 0x52, 0xB8, 0x00, 0x2B, 0x52, 0xB8, 0x00, 0x2B, 0x52, 0xB8, 0x08, 0x2A,
    0x52, 0xB8, 0x00, 0x2B, 0x52, 0xB8, 0x00, 0x0C, 0x52, 0xB8, 0x08, 0x2A, 0x52, 0xB8, 0x08, 0x2A,
    0x52, 0xB8, 0x00, 0x2B, 0x52, 0xB8, 0x00, 0x2B, 0x52, 0xB8, 0x00, 0x2B, 0x52, 0xB8, 0x00, 0x2B,
    0x52, 0xB8, 0x00, 0x0D, 0x52, 0xB8, 0x00, 0x0D, 0x52, 0xB8, 0x00, 0x0B, 0x52, 0xB8, 0x00, 0x2B,
    0x52, 0xB8, 0x00, 0x0B, 0x52, 0xB8, 0x08, 0x2A, 0x52, 0xB8, 0x00, 0x0D, 0x52, 0xB8, 0x00, 0x0D,
    0x52, 0xB8, 0x00, 0x0D, 0x52, 0xB8, 0x00, 0x0D, 0x52, 0xB8, 0x00, 0x0D, 0x52, 0xB8, 0x08, 0x2A,
    0x52, 0xB8, 0x00, 0x0C, 0x52, 0xB8, 0x00, 0x0C, 0x52, 0xB8, 0x08, 0x2A, 0x52, 0xB8, 0x08, 0x2A,
    0x52, 0xB8, 0x08, 0x2A, 0x52, 0xB8, 0x00, 0x2B, 0x52, 0xB8, 0x6B, 0xD8, 0x9D, 0x9E, 0x84, 0x16,
    0xAD, 0x5C, 0x84, 0x36, 0xAD, 0x7C, 0x95, 0x5C, 0x8C, 0xDD, 0x00, 0x00, 0x00, 0x00, 0x00, 0x00,
    0x00, 0x00, 0x00, 0x00, 0x00, 0x00, 0x00, 0x00, 0x00, 0x00, 0x00, 0x00, 0x00, 0x00, 0x00, 0x00,
    0x00, 0x00, 0x4A, 0xB6, 0x84, 0x9E, 0x3A, 0x16, 0x4A, 0x57, 0x31, 0xB4, 0x4A, 0x57, 0x63, 0x7A,
    0x8D, 0x3E, 0x10, 0xAD, 0x00, 0x00, 0x00, 0x00, 0x00, 0x00, 0x00, 0x2B, 0x52, 0xB8, 0x00, 0x0D,
    0x52, 0xB8, 0x00, 0x0D, 0x52, 0xB8, 0x00, 0x0B, 0x5A, 0xD8, 0x8D, 0x1D, 0x8C, 0xBE, 0x52, 0x97,
    0x5A, 0xDA, 0x29, 0x53, 0x74, 0x3D, 0x63, 0x99, 0x00, 0x00, 0x00, 0x00, 0x52, 0xB8, 0x00, 0x0D,
    0x52, 0xB8, 0x00, 0x0D, 0x52, 0xB8, 0x00, 0x0D, 0x52, 0xB8, 0x08, 0x2A, 0x52, 0xB8, 0x00, 0x0C,
    0x5A, 0xD8, 0x84, 0xDD, 0x53, 0x1A, 0x08, 0x2F, 0x29, 0x76, 0x08, 0x4F, 0x74, 0x3E, 0x63, 0xB8,
    0x00, 0x00, 0x00, 0x00, 0x52, 0xB8, 0x08, 0x2A, 0x52, 0xB8, 0x42, 0x73, 0x9D, 0x9F, 0x84, 0x36,
    0xAD, 0x5C, 0x84, 0x56, 0xAD, 0xBD, 0x9D, 0x9E, 0x6B, 0x7A, 0x00, 0x00, 0x00, 0x00, 0x00, 0x00,
    0x52, 0xB8, 0x00, 0x2B, 0x52, 0xB8, 0x08, 0x2A, 0x52, 0xB8, 0x00, 0x2B, 0x52, 0xB8, 0x00, 0x0C,
    0x52, 0xB8, 0x42, 0x52, 0x95, 0x3F, 0x42, 0x16, 0x4A, 0x58, 0x31, 0xB5, 0x4A, 0x58, 0x74, 0x3D,
    0x84, 0xBD, 0x08, 0x2B, 0x00, 0x00, 0x00, 0x2B, 0x52, 0xB8, 0x00, 0x0D, 0x52, 0xB8, 0x21, 0x30,
    0x9D, 0xBF, 0x94, 0xB8, 0x84, 0x3B, 0x42, 0x34, 0x63, 0x39, 0x8C, 0xFD, 0x73, 0xDB, 0x00, 0x00,
    0x00, 0x00, 0x00, 0x0D, 0x52, 0xB8, 0x00, 0x0D, 0x52, 0xB8, 0x21, 0x51, 0x95, 0x9F, 0x84, 0x58,
    0xA5, 0x3C, 0x84, 0x17, 0xAD, 0x7C, 0x95, 0x3A, 0x8D, 0x3E, 0x08, 0x6D, 0x00, 0x00, 0x00, 0x00,
    0x52, 0xB8, 0x08, 0x2A, 0x52, 0xB8, 0x08, 0x2A, 0x52, 0xB8, 0x08, 0x2A, 0x52, 0xB8, 0x00, 0x2B,
    0x52, 0xB8, 0x21, 0x0E, 0x95, 0x7F, 0x52, 0xF9, 0x4A, 0x57, 0x31, 0xB4, 0x4A, 0x57, 0x5B, 0x3A,
    0x95, 0x3E, 0x08, 0x6E, 0x00, 0x00, 0x00, 0x00, 0x52, 0xB8, 0x00, 0x2B, 0x84, 0x7C, 0x95, 0x3E,
    0x8C, 0x7D, 0x63, 0x18, 0x63, 0x3A, 0x31, 0xB4, 0x7C, 0x9E, 0x42, 0x54, 0x00, 0x00, 0x00, 0x00,
    0x00, 0x00, 0x08, 0x2A, 0x52, 0xB8, 0x00, 0x2B, 0x52, 0xB8, 0x00, 0x2B, 0x52, 0xB8, 0x00, 0x2B,
    0x52, 0xB8, 0x00, 0x2B, 0x52, 0xB8, 0x21, 0x30, 0x8D, 0x1F, 0x18, 0xF2, 0x31, 0xB6, 0x08, 0x70,
    0x31, 0xB6, 0x5B, 0x5A, 0x84, 0xDE, 0x08, 0x2C, 0x00, 0x00, 0x08, 0x2A, 0x52, 0xB8, 0x00, 0x0D,
    0x52, 0xB8, 0x00, 0x0D, 0x52, 0xB8, 0x00, 0x0D, 0x52, 0xB8, 0x00, 0x0D, 0x52, 0xB8, 0x00, 0x0D,
    0x52, 0xB8, 0x08, 0x2A, 0x52, 0xB8, 0x00, 0x0C, 0x52, 0xB8, 0x00, 0x0C, 0x52, 0xB8, 0x08, 0x2A,
    0x52, 0xB8, 0x08, 0x2A, 0x52, 0xB8, 0x08, 0x2A, 0x52, 0xB8, 0x00, 0x2B, 0x52, 0xB8, 0x08, 0x2A,
    0x52, 0xB8, 0x00, 0x2B, 0x52, 0xB8, 0x08, 0x2A, 0x52, 0xB8, 0x00, 0x2B, 0x52, 0xB8, 0x00, 0x0D,
    0x52, 0xB8, 0x00, 0x0C, 0x52, 0xB8, 0x00, 0x2B, 0x52, 0xB8, 0x00, 0x2B, 0x52, 0xB8, 0x08, 0x2A,
    0x52, 0xB8, 0x00, 0x2B, 0x52, 0xB8, 0x00, 0x0C, 0x52, 0xB8, 0x08, 0x2A, 0x52, 0xB8, 0x08, 0x2A,
    0x52, 0xB8, 0x00, 0x2B, 0x52, 0xB8, 0x00, 0x2B, 0x52, 0xB8, 0x00, 0x2B, 0x52, 0xB8, 0x00, 0x2B,
    0x5A, 0xD8, 0x00, 0x0D, 0x5A, 0xD8, 0x00, 0x0D, 0x4A, 0x54, 0x00, 0x0B, 0x00, 0x00, 0x00, 0x2B,
    0x00, 0x2B, 0x84, 0x1F, 0x00, 0x2B, 0x63, 0x1B, 0x08, 0x2A, 0x5A, 0xB8, 0x00, 0x2B, 0x5A, 0xB8,
    0x00, 0x0D, 0x5A, 0xB8, 0x00, 0x0D, 0x52, 0xB8, 0x00, 0x0D, 0x52, 0xB8, 0x00, 0x0C, 0x52, 0xB8,
    0x08, 0x2A, 0x52, 0xB8, 0x00, 0x2B, 0x52, 0xB8, 0x00, 0x0C, 0x52, 0xB8, 0x00, 0x2B, 0x52, 0xB8,
    0x08, 0x2A, 0x52, 0xB8, 0x08, 0x2A, 0x52, 0xB8, 0x08, 0x2A, 0x52, 0xB8, 0x08, 0x2A, 0x52, 0xB8,
    0x08, 0x2A, 0x52, 0xB8, 0x00, 0x2B, 0x52, 0xB8, 0x00, 0x2B, 0x52, 0xB8, 0x00, 0x2B, 0x52, 0xB8,
    0x00, 0x0C, 0x52, 0xB8, 0x00, 0x0B, 0x52, 0xB8, 0x08, 0x2A, 0x52, 0xB8, 0x00, 0x0C, 0x52, 0xB8,
    0x00, 0x0D, 0x52, 0xB8, 0x00, 0x0E, 0x52, 0xB8, 0x00, 0x0F, 0x52, 0xB8, 0x00, 0x0C, 0x52, 0xB8,
    0x08, 0x2A, 0x52, 0xB8, 0x00, 0x0D, 0x52, 0xB8, 0x00, 0x0D, 0x52, 0xB8, 0x08, 0x2A, 0x52, 0xB8,
    0x00, 0x2B, 0x52, 0xB8, 0x00, 0x2B, 0x52, 0xB8, 0x08, 0x2A, 0x84, 0xBD, 0x8D, 0x1C, 0xAD, 0x3C,
    0x84, 0x16, 0xAD, 0x5C, 0x8C, 0x56, 0xA5, 0xBE, 0x6B, 0xF8, 0x00, 0x00, 0x00, 0x00, 0x00, 0x00,
    0x00, 0x00, 0x00, 0x00, 0x00, 0x00, 0x00, 0x00, 0x00, 0x00, 0x00, 0x00, 0x00, 0x00, 0x00, 0x00,
    0x00, 0x00, 0x5A, 0xF9, 0x84, 0xBD, 0x63, 0x5A, 0x42, 0x36, 0x4A, 0x98, 0x42, 0x15, 0x52, 0xD9,
    0x8C, 0xFE, 0x73, 0xFB, 0x00, 0x00, 0x52, 0xB8, 0x08, 0x2A, 0x52, 0xB8, 0x08, 0x2A, 0x52, 0xB8,
    0x00, 0x2B, 0x52, 0xB8, 0x00, 0x2B, 0x52, 0xB8, 0x08, 0x6C, 0x95, 0x7E, 0x8C, 0xBC, 0x7B, 0xFC,
    0x4A, 0x77, 0x4A, 0x78, 0x6B, 0xDC, 0x7C, 0x7D, 0x00, 0x00, 0x00, 0x00, 0x00, 0x0D, 0x52, 0xB8,
    0x00, 0x0E, 0x52, 0xB8, 0x00, 0x0F, 0x52, 0xB8, 0x00, 0x0C, 0x52, 0xB8, 0x08, 0x2A, 0x52, 0xB8,
    0x08, 0x6E, 0x8D, 0x3E, 0x42, 0x77, 0x31, 0x96, 0x08, 0x70, 0x31, 0xB6, 0x63, 0xDB, 0x84, 0x9D,
    0x00, 0x00, 0x00, 0x00, 0x08, 0x2A, 0x52, 0xB8, 0x00, 0x2B, 0x73, 0xFB, 0x95, 0x7D, 0xAD, 0x5C,
    0x84, 0x35, 0xAD, 0x7C, 0x94, 0xB8, 0x9D, 0xBF, 0x21, 0x30, 0x00, 0x00, 0x00, 0x00, 0x52, 0xB8,
    0x00, 0x0D, 0x52, 0xB8, 0x00, 0x0C, 0x52, 0xB8, 0x08, 0x2A, 0x52, 0xB8, 0x00, 0x2B, 0x52, 0xB8,
    0x00, 0x0C, 0x63, 0x59, 0x8D, 0x5E, 0x5B, 0x19, 0x42, 0x36, 0x4A, 0x78, 0x42, 0x15, 0x6B, 0xDC,
    0x84, 0xDC, 0x5A, 0xD8, 0x00, 0x00, 0x52, 0xB8, 0x08, 0x2A, 0x52, 0xB8, 0x00, 0x2B, 0x63, 0x39,
    0x95, 0x7E, 0xAD, 0x9C, 0x73, 0xB6, 0x84, 0x1B, 0x52, 0xB5, 0x95, 0x5F, 0x42, 0x53, 0x00, 0x00,
    0x00, 0x00, 0x52, 0xB8, 0x00, 0x0C, 0x52, 0xB8, 0x00, 0x0D, 0x6B, 0xDB, 0x8D, 0x3E, 0xA5, 0x3C,
    0x7B, 0xF8, 0xAD, 0x5C, 0x8C, 0x57, 0xA5, 0x9E, 0x6C, 0x19, 0x52, 0xB8, 0x00, 0x00, 0x00, 0x00,
    0x00, 0x0D, 0x52, 0xB8, 0x08, 0x2A, 0x52, 0xB8, 0x00, 0x2B, 0x52, 0xB8, 0x00, 0x2B, 0x52, 0xB8,
    0x08, 0x2A, 0x5A, 0xD8, 0x7C, 0xBC, 0x74, 0x1D, 0x42, 0x36, 0x4A, 0x78, 0x42, 0x15, 0x6B, 0xBC,
    0x84, 0xFD, 0x5A, 0xD8, 0x00, 0x00, 0x00, 0x00, 0x00, 0x0D, 0x5A, 0xB8, 0x7C, 0x9B, 0xA5, 0x9E,
    0x8C, 0x3A, 0x8C, 0x5D, 0x5A, 0xD7, 0x5A, 0xFA, 0x84, 0xDD, 0x6B, 0x7A, 0x00, 0x00, 0x00, 0x00,
    0x00, 0x00, 0x52, 0xB8, 0x08, 0x2A, 0x52, 0xB8, 0x08, 0x2A, 0x52, 0xB8, 0x08, 0x2A, 0x52, 0xB8,
    0x08, 0x2A, 0x52, 0xB8, 0x08, 0x2A, 0x5A, 0xF8, 0x84, 0xDD, 0x4A, 0x78, 0x10, 0x91, 0x31, 0xB6,
    0x10, 0x90, 0x5B, 0x1A, 0x84, 0xFD, 0x5A, 0xF8, 0x00, 0x00, 0x52, 0xB8, 0x08, 0x2A, 0x52, 0xB8,
    0x00, 0x0C, 0x52, 0xB8, 0x00, 0x0D, 0x52, 0xB8, 0x00, 0x0E, 0x52, 0xB8, 0x00, 0x0F, 0x52, 0xB8,
    0x00, 0x0C, 0x52, 0xB8, 0x08, 0x2A, 0x52, 0xB8, 0x00, 0x0D, 0x52, 0xB8, 0x00, 0x0D, 0x52, 0xB8,
    0x08, 0x2A, 0x52, 0xB8, 0x00, 0x2B, 0x52, 0xB8, 0x00, 0x2B, 0x52, 0xB8, 0x08, 0x2A, 0x52, 0xB8,
    0x00, 0x2B, 0x52, 0xB8, 0x00, 0x2B, 0x52, 0xB8, 0x08, 0x2A, 0x52, 0xB8, 0x00, 0x2B, 0x52, 0xB8,
    0x00, 0x0D, 0x52, 0xB8, 0x00, 0x0D, 0x52, 0xB8, 0x00, 0x0D, 0x52, 0xB8, 0x00, 0x0C, 0x52, 0xB8,
    0x08, 0x2A, 0x52, 0xB8, 0x00, 0x2B, 0x52, 0xB8, 0x00, 0x0C, 0x52, 0xB8, 0x00, 0x2B, 0x52, 0xB8,
    0x08, 0x2A, 0x52, 0xB8, 0x08, 0x2A, 0x52, 0xB8, 0x08, 0x2A, 0x52, 0xB8, 0x08, 0x2A, 0x5A, 0xB8,
    0x08, 0x2A, 0x5A, 0xB8, 0x00, 0x2B, 0x7B, 0xFF, 0x00, 0x2B, 0x00, 0x00, 0x00, 0x2B, 0x00, 0x00,
    0xBD, 0xDF, 0x00, 0x2B, 0x7B, 0xDF, 0x00, 0x0C, 0x00, 0x00, 0x08, 0x2A, 0x5A, 0xB8, 0x08, 0x2A,
    0x5A, 0xB8, 0x00, 0x0C, 0x52, 0x97, 0x00, 0x0D, 0x52, 0x97, 0x00, 0x0F, 0x52, 0x97, 0x00, 0x0C,
    0x52, 0x97, 0x08, 0x2A, 0x52, 0x97, 0x00, 0x2B, 0x52, 0x97, 0x00, 0x0C, 0x52, 0x97, 0x00, 0x0C,
    0x52, 0x97, 0x00, 0x0C, 0x52, 0x97, 0x08, 0x2A, 0x52, 0x97, 0x08, 0x2A, 0x52, 0x97, 0x08, 0x2A,
    0x52, 0x97, 0x08, 0x2A, 0x52, 0x97, 0x08, 0x2A, 0x52, 0x97, 0x08, 0x2A, 0x52, 0x97, 0x08, 0x2A,
    0x52, 0x97, 0x00, 0x0D, 0x52, 0x97, 0x00, 0x0C, 0x52, 0x97, 0x08, 0x2A, 0x52, 0x97, 0x00, 0x2A,
    0x52, 0x97, 0x00, 0x0C, 0x52, 0x97, 0x00, 0x0D, 0x52, 0x97, 0x00, 0x0E, 0x52, 0x97, 0x00, 0x0B,
    0x52, 0x97, 0x00, 0x2B, 0x52, 0x97, 0x00, 0x0F, 0x52, 0x97, 0x00, 0x0C, 0x52, 0x97, 0x00, 0x0B,
    0x52, 0x97, 0x00, 0x0C, 0x52, 0x97, 0x00, 0x2B, 0x52, 0x97, 0x6B, 0xD8, 0x9D, 0x7E, 0x84, 0x16,
    0xA5, 0x3C, 0x84, 0x16, 0xAD, 0x5C, 0x95, 0x1B, 0x8C, 0xDD, 0x00, 0x00, 0x00, 0x00, 0x00, 0x0C,
    0x52, 0x97, 0x00, 0x0D, 0x52, 0x97, 0x00, 0x0F, 0x52, 0x97, 0x00, 0x0C, 0x52, 0x97, 0x08, 0x2A,
    0x52, 0x97, 0x00, 0x2B, 0x74, 0x1B, 0x7C, 0x7D, 0x5A, 0xD8, 0x4A, 0x56, 0x52, 0xB8, 0x42, 0x36,
    0x73, 0xFC, 0x84, 0xDD, 0x5A, 0xF8, 0x00, 0x00, 0x52, 0x97, 0x08, 0x2A, 0x52, 0x97, 0x08, 0x2A,
    0x52, 0x97, 0x08, 0x2A, 0x52, 0x97, 0x08, 0x2A, 0x5A, 0xD8, 0x8D, 0x3D, 0xA5, 0x7E, 0x7B, 0xBA,
    0x73, 0xBC, 0x39, 0xF6, 0x74, 0x5E, 0x63, 0x98, 0x00, 0x00, 0x00, 0x00, 0x52, 0x97, 0x00, 0x0C,
    0x52, 0x97, 0x00, 0x0D, 0x52, 0x97, 0x00, 0x0E, 0x52, 0x97, 0x00, 0x0B, 0x52, 0x97, 0x00, 0x2B,
    0x5A, 0xD8, 0x84, 0xDD, 0x5B, 0x1A, 0x10, 0x92, 0x31, 0x96, 0x10, 0xB1, 0x74, 0x5E, 0x63, 0xB9,
    0x00, 0x00, 0x00, 0x00, 0x52, 0x97, 0x00, 0x2B, 0x52, 0x97, 0x42, 0x73, 0x9D, 0xBF, 0x84, 0x57,
    0xAD, 0x5C, 0x8C, 0x35, 0xAD, 0x9C, 0x9D, 0x9E, 0x63, 0x39, 0x00, 0x00, 0x00, 0x00, 0x00, 0x0D,
    0x52, 0x97, 0x00, 0x0F, 0x52, 0x97, 0x00, 0x0C, 0x52, 0x97, 0x08, 0x2A, 0x52, 0x97, 0x00, 0x2B,
    0x52, 0x97, 0x21, 0x10, 0x95, 0x7F, 0x5B, 0x19, 0x52, 0xB8, 0x4A, 0x56, 0x52, 0x98, 0x63, 0x9A,
    0x95, 0x3E, 0x10, 0x6B, 0x00, 0x00, 0x00, 0x00, 0x52, 0x97, 0x08, 0x2A, 0x52, 0x97, 0x21, 0x2E,
    0x9D, 0xBF, 0x8C, 0x97, 0xA5, 0x3C, 0x6B, 0x55, 0x84, 0x3B, 0x8D, 0x1E, 0x73, 0xDB, 0x00, 0x00,
    0x00, 0x00, 0x08, 0x2A, 0x52, 0x97, 0x00, 0x2A, 0x52, 0x97, 0x42, 0x54, 0x9D, 0x7F, 0x84, 0x17,
    0xA5, 0x3C, 0x84, 0x17, 0xAD, 0x7C, 0x8D, 0x1C, 0x84, 0x9C, 0x00, 0x00, 0x00, 0x00, 0x00, 0x00,
    0x52, 0x97, 0x00, 0x0C, 0x52, 0x97, 0x00, 0x0B, 0x52, 0x97, 0x00, 0x0C, 0x52, 0x97, 0x00, 0x2B,
    0x52, 0x97, 0x00, 0x2B, 0x84, 0xBD, 0x7C, 0x7D, 0x52, 0xB8, 0x4A, 0x56, 0x52, 0x98, 0x63, 0x9A,
    0x95, 0x3E, 0x10, 0x6B, 0x00, 0x00, 0x00, 0x00, 0x52, 0x97, 0x08, 0x6E, 0x95, 0x5E, 0x9D, 0x3C,
    0xB5, 0x9D, 0x8C, 0x59, 0x8C, 0x7D, 0x63, 0x18, 0x95, 0x7F, 0x21, 0x2F, 0x00, 0x00, 0x00, 0x00,
    0x52, 0x97, 0x00, 0x0C, 0x52, 0x97, 0x00, 0x0C, 0x52, 0x97, 0x08, 0x2A, 0x52, 0x97, 0x08, 0x2A,
    0x52, 0x97, 0x08, 0x2A, 0x52, 0x97, 0x10, 0x6B, 0x8D, 0x3E, 0x4A, 0xB8, 0x31, 0x96, 0x18, 0xF2,
    0x31, 0xB6, 0x31, 0xB4, 0x95, 0x7F, 0x21, 0x30, 0x00, 0x00, 0x00, 0x00, 0x52, 0x97, 0x08, 0x2A,
    0x52, 0x97, 0x00, 0x2A, 0x52, 0x97, 0x00, 0x0C, 0x52, 0x97, 0x00, 0x0D, 0x52, 0x97, 0x00, 0x0E,
    0x52, 0x97, 0x00, 0x0B, 0x52, 0x97, 0x00, 0x2B, 0x52, 0x97, 0x00, 0x0F, 0x52, 0x97, 0x00, 0x0C,
    0x52, 0x97, 0x00, 0x0B, 0x52, 0x97, 0x00, 0x0C, 0x52, 0x97, 0x00, 0x2B, 0x52, 0x97, 0x00, 0x2B,
    0x52, 0x97, 0x00, 0x2B, 0x52, 0x97, 0x00, 0x0C, 0x52, 0x97, 0x08, 0x2A, 0x52, 0x97, 0x08, 0x2A,
    0x52, 0x97, 0x00, 0x0C, 0x52, 0x97, 0x00, 0x0D, 0x52, 0x97, 0x00, 0x0F, 0x52, 0x97, 0x00, 0x0C,
    0x52, 0x97, 0x08, 0x2A, 0x52, 0x97, 0x00, 0x2B, 0x52, 0x97, 0x00, 0x0C, 0x52, 0x97, 0x00, 0x0C,
    0x52, 0x97, 0x00, 0x0C, 0x52, 0x97, 0x08, 0x2A, 0x52, 0x97, 0x08, 0x2A, 0x52, 0x97, 0x08, 0x2A,
    0x5A, 0xB8, 0x08, 0x2A, 0x5A, 0xB8, 0x08, 0x2A, 0x4A, 0x54, 0x08, 0x2A, 0x00, 0x00, 0x08, 0x2A,
    0x00, 0x0C, 0x83, 0xFF, 0x00, 0x0C, 0x63, 0x1B, 0x00, 0x0C, 0x52, 0xB8, 0x00, 0x2B, 0x52, 0xB8,
    0x00, 0x0C, 0x52, 0xB8, 0x00, 0x0C, 0x52, 0x97, 0x00, 0x0D, 0x52, 0x97, 0x00, 0x0E, 0x52, 0x97,
    0x00, 0x2B, 0x52, 0x97, 0x08, 0x2A, 0x52, 0x97, 0x00, 0x0B, 0x52, 0x97, 0x00, 0x0D, 0x52, 0x97,
    0x00, 0x0C, 0x52, 0x97, 0x00, 0x0C, 0x52, 0x97, 0x00, 0x0C, 0x52, 0x97, 0x00, 0x0C, 0x52, 0x97,
    0x00, 0x2B, 0x52, 0x97, 0x08, 0x2A, 0x52, 0x97, 0x08, 0x2A, 0x52, 0x97, 0x00, 0x2B, 0x52, 0x97,
    0x00, 0x2B, 0x52, 0x97, 0x00, 0x0E, 0x52, 0x97, 0x00, 0x0D, 0x52, 0x97, 0x00, 0x2B, 0x52, 0x97,
    0x08, 0x2A, 0x52, 0x97, 0x08, 0x2A, 0x52, 0x97, 0x00, 0x0B, 0x52, 0x97, 0x00, 0x0D, 0x52, 0x97,
    0x00, 0x2B, 0x52, 0x97, 0x00, 0x0C, 0x52, 0x97, 0x00, 0x0F, 0x52, 0x97, 0x00, 0x0C, 0x52, 0x97,
    0x00, 0x0D, 0x52, 0x97, 0x00, 0x0C, 0x52, 0x97, 0x00, 0x0B, 0x84, 0xBD, 0x8C, 0xFB, 0xAD, 0x5C,
    0x84, 0x16, 0xA5, 0x3B, 0x84, 0x16, 0xA5, 0x9E, 0x6B, 0xF8, 0x00, 0x00, 0x00, 0x00, 0x52, 0x97,
    0x00, 0x0C, 0x52, 0x97, 0x00, 0x0D, 0x52, 0x97, 0x00, 0x0E, 0x52, 0x97, 0x00, 0x2B, 0x52, 0x97,
    0x08, 0x2A, 0x52, 0x97, 0x10, 0xAD, 0x8D, 0x1E, 0x5B, 0x18, 0x5A, 0xF8, 0x42, 0x35, 0x5A, 0xD8,
    0x4A, 0x76, 0x95, 0x3F, 0x4A, 0xB5, 0x00, 0x00, 0x00, 0x0C, 0x52, 0x97, 0x00, 0x2B, 0x52, 0x97,
    0x08, 0x2A, 0x52, 0x97, 0x08, 0x2A, 0x52, 0x97, 0x08, 0x6C, 0x9D, 0x7E, 0x9D, 0x3B, 0xA5, 0x1D,
    0x73, 0xBA, 0x6B, 0x7B, 0x74, 0x1D, 0x7C, 0x7D, 0x00, 0x00, 0x00, 0x00, 0x08, 0x2A, 0x52, 0x97,
    0x08, 0x2A, 0x52, 0x97, 0x00, 0x0B, 0x52, 0x97, 0x00, 0x0D, 0x52, 0x97, 0x00, 0x2B, 0x52, 0x97,
    0x08, 0x4D, 0x8D, 0x1E, 0x4A, 0xB9, 0x31, 0x96, 0x18, 0xD3, 0x31, 0x96, 0x6B, 0xFC, 0x84, 0x9D,
    0x00, 0x00, 0x00, 0x00, 0x00, 0x0B, 0x52, 0x97, 0x00, 0x0C, 0x73, 0xFB, 0x95, 0x5D, 0xAD, 0x5C,
    0x84, 0x36, 0xAD, 0x5B, 0x8C, 0x97, 0x9D, 0xBF, 0x21, 0x2F, 0x00, 0x00, 0x00, 0x00, 0x52, 0x97,
    0x00, 0x0D, 0x52, 0x97, 0x00, 0x0E, 0x52, 0x97, 0x00, 0x2B, 0x52, 0x97, 0x08, 0x2A, 0x52, 0x97,
    0x00, 0x0B, 0x5A, 0xD8, 0x8D, 0x1D, 0x73, 0xFC, 0x42, 0x15, 0x5A, 0xD8, 0x42, 0x15, 0x73, 0xFC,
    0x84, 0xFD, 0x5A, 0xB8, 0x00, 0x00, 0x00, 0x00, 0x00, 0x2B, 0x52, 0x97, 0x08, 0x2A, 0x63, 0x39,
    0x95, 0x7E, 0xA5, 0x7C, 0x84, 0x16, 0x94, 0xBC, 0x63, 0x36, 0x95, 0x5F, 0x42, 0x55, 0x00, 0x00,
    0x00, 0x00, 0x52, 0x97, 0x00, 0x2B, 0x52, 0x97, 0x08, 0x2A, 0x73, 0xDB, 0x95, 0x3D, 0xA5, 0x3C,
    0x84, 0x16, 0xA5, 0x3B, 0x84, 0x37, 0x9D, 0x9F, 0x42, 0x73, 0x00, 0x00, 0x00, 0x00, 0x00, 0x00,
    0x00, 0x0F, 0x52, 0x97, 0x00, 0x0C, 0x52, 0x97, 0x00, 0x0D, 0x52, 0x97, 0x00, 0x0C, 0x52, 0x97,
    0x00, 0x0B, 0x52, 0x97, 0x63, 0xD9, 0x84, 0xBE, 0x42, 0x15, 0x5A, 0xD8, 0x42, 0x35, 0x73, 0xFC,
    0x84, 0xFD, 0x5A, 0xB8, 0x00, 0x00, 0x00, 0x00, 0x00, 0x0C, 0x5A, 0xB8, 0x8D, 0x1D, 0xA5, 0x9D,
    0x9C, 0xDA, 0xBD, 0xDD, 0x94, 0xB9, 0x8C, 0xBD, 0x95, 0x5E, 0x63, 0x39, 0x00, 0x00, 0x00, 0x00,
    0x00, 0x0D, 0x52, 0x97, 0x00, 0x0C, 0x52, 0x97, 0x00, 0x0C, 0x52, 0x97, 0x00, 0x0C, 0x52, 0x97,
    0x00, 0x0C, 0x52, 0x97, 0x00, 0x2B, 0x5A, 0xB8, 0x84, 0xDD, 0x5B, 0x3A, 0x21, 0x34, 0x31, 0xB6,
    0x21, 0x33, 0x4A, 0x99, 0x95, 0x5E, 0x63, 0x39, 0x00, 0x00, 0x00, 0x00, 0x00, 0x0D, 0x52, 0x97,
    0x00, 0x2B, 0x52, 0x97, 0x08, 0x2A, 0x52, 0x97, 0x08, 0x2A, 0x52, 0x97, 0x00, 0x0B, 0x52, 0x97,
    0x00, 0x0D, 0x52, 0x97, 0x00, 0x2B, 0x52, 0x97, 0x00, 0x0C, 0x52, 0x97, 0x00, 0x0F, 0x52, 0x97,
    0x00, 0x0C, 0x52, 0x97, 0x00, 0x0D, 0x52, 0x97, 0x00, 0x0C, 0x52, 0x97, 0x00, 0x0B, 0x52, 0x97,
    0x00, 0x0C, 0x52, 0x97, 0x00, 0x0C, 0x52, 0x97, 0x00, 0x0C, 0x52, 0x97, 0x00, 0x2B, 0x52, 0x97,
    0x00, 0x0C, 0x52, 0x97, 0x00, 0x0C, 0x52, 0x97, 0x00, 0x0D, 0x52, 0x97, 0x00, 0x0E, 0x52, 0x97,
    0x00, 0x2B, 0x52, 0x97, 0x08, 0x2A, 0x52, 0x97, 0x00, 0x0B, 0x52, 0x97, 0x00, 0x0D, 0x52, 0x97,
    0x00, 0x0C, 0x52, 0x97, 0x00, 0x0C, 0x52, 0x97, 0x00, 0x0C, 0x52, 0x97, 0x00, 0x0C, 0x52, 0xB8,
    0x00, 0x2B, 0x52, 0xB8, 0x08, 0x2A, 0x7B, 0xDF, 0x08, 0x2A, 0x00, 0x00, 0x00, 0x2B, 0x00, 0x00,
    0xBD, 0xBF, 0x00, 0x0C, 0x7B, 0xBF, 0x00, 0x0D, 0x00, 0x00, 0x00, 0x0D, 0x52, 0xB8, 0x00, 0x0C,
    0x52, 0xB8, 0x00, 0x2B, 0x52, 0x97, 0x00, 0x0B, 0x52, 0x97, 0x00, 0x0E, 0x52, 0x97, 0x00, 0x0D,
    0x52, 0x97, 0x00, 0x2B, 0x52, 0x97, 0x00, 0x2A, 0x52, 0x97, 0x00, 0x2B, 0x52, 0x97, 0x00, 0x2B,
    0x52, 0x97, 0x00, 0x2B, 0x52, 0x97, 0x00, 0x0C, 0x52, 0x97, 0x00, 0x0C, 0x52, 0x97, 0x00, 0x0D,
    0x52, 0x97, 0x00, 0x2B, 0x52, 0x97, 0x08, 0x2A, 0x52, 0x97, 0x00, 0x0C, 0x52, 0x97, 0x00, 0x2B,
    0x52, 0x97, 0x00, 0x0D, 0x52, 0x97, 0x00, 0x0F, 0x52, 0x97, 0x00, 0x0E, 0x52, 0x97, 0x00, 0x0C,
    0x52, 0x97, 0x08, 0x2A, 0x52, 0x97, 0x08, 0x2A, 0x52, 0x97, 0x00, 0x2B, 0x52, 0x97, 0x00, 0x2B,
    0x52, 0x97, 0x08, 0x2A, 0x52, 0x97, 0x00, 0x0C, 0x52, 0x97, 0x00, 0x0E, 0x52, 0x97, 0x00, 0x0B,
    0x52, 0x97, 0x00, 0x0C, 0x52, 0x97, 0x00, 0x0C, 0x52, 0x97, 0x6B, 0xD9, 0x9D, 0x7E, 0x7B, 0xF6,
    0xA5, 0x3B, 0x7B, 0xF6, 0xAD, 0x5B, 0x95, 0x1C, 0x84, 0xBD, 0x00, 0x00, 0x00, 0x00, 0x00, 0x2B,
    0x52, 0x97, 0x00, 0x0B, 0x52, 0x97, 0x00, 0x0E, 0x52, 0x97, 0x00, 0x0D, 0x52, 0x97, 0x00, 0x2B,
    0x52, 0x97, 0x00, 0x2A, 0x52, 0x97, 0x4A, 0xD5, 0x84, 0xDE, 0x39, 0xD3, 0x5A, 0xF8, 0x39, 0xB2,
    0x5A, 0xD8, 0x63, 0x59, 0x95, 0x5E, 0x19, 0x10, 0x00, 0x00, 0x00, 0x0D, 0x52, 0x97, 0x00, 0x2B,
    0x52, 0x97, 0x08, 0x2A, 0x52, 0x97, 0x00, 0x0C, 0x52, 0xB8, 0x8D, 0x1D, 0xAD, 0x9D, 0x9C, 0xD9,
    0xAD, 0x5D, 0x73, 0xBA, 0x84, 0xBE, 0x63, 0x9A, 0x00, 0x00, 0x00, 0x00, 0x52, 0x97, 0x08, 0x2A,
    0x52, 0x97, 0x08, 0x2A, 0x52, 0x97, 0x00, 0x2B, 0x52, 0x97, 0x00, 0x2B, 0x52, 0x97, 0x08, 0x2A,
    0x52, 0xB8, 0x84, 0xDD, 0x5B, 0x3B, 0x21, 0x34, 0x31, 0x96, 0x21, 0x34, 0x74, 0x5E, 0x63, 0xB9,
    0x00, 0x00, 0x00, 0x00, 0x52, 0x97, 0x00, 0x0C, 0x52, 0x97, 0x42, 0x74, 0x9D, 0x9F, 0x84, 0x37,
    0xAD, 0x5B, 0x84, 0x16, 0xAD, 0x7C, 0x95, 0x7E, 0x63, 0x39, 0x00, 0x00, 0x00, 0x00, 0x00, 0x0B,
    0x52, 0x97, 0x00, 0x0E, 0x52, 0x97, 0x00, 0x0D, 0x52, 0x97, 0x00, 0x2B, 0x52, 0x97, 0x00, 0x2A,
    0x52, 0x97, 0x19, 0x0E, 0x95, 0x7F, 0x52, 0xD6, 0x5A, 0xF8, 0x31, 0xB2, 0x5A, 0xD8, 0x5B, 0x39,
    0x95, 0x3E, 0x08, 0x6D, 0x00, 0x00, 0x00, 0x00, 0x52, 0x97, 0x00, 0x2B, 0x52, 0x97, 0x21, 0x2E,
    0x9D, 0xBF, 0x84, 0x57, 0xA5, 0x5B, 0x73, 0xB6, 0x8C, 0x9C, 0x8D, 0x1D, 0x6B, 0xDA, 0x00, 0x00,
    0x00, 0x00, 0x00, 0x0E, 0x52, 0x97, 0x00, 0x0C, 0x52, 0x97, 0x42, 0x52, 0x9D, 0x7F, 0x84, 0x15,
    0xA5, 0x3B, 0x7B, 0xF5, 0xAD, 0x5B, 0x8D, 0x1C, 0x7C, 0x5C, 0x00, 0x00, 0x00, 0x00, 0x00, 0x0C,
    0x52, 0x97, 0x00, 0x0E, 0x52, 0x97, 0x00, 0x0B, 0x52, 0x97, 0x00, 0x0C, 0x52, 0x97, 0x00, 0x0C,
    0x52, 0x97, 0x00, 0x0C, 0x84, 0x9D, 0x74, 0x5C, 0x5A, 0xF8, 0x31, 0xB3, 0x5A, 0xD8, 0x5B, 0x59,
    0x95, 0x3E, 0x08, 0x6D, 0x00, 0x00, 0x00, 0x00, 0x52, 0x97, 0x08, 0x6C, 0x95, 0x7E, 0x8C, 0xDB,
    0xB5, 0x9C, 0xA5, 0x1A, 0xBD, 0xFD, 0xA5, 0x5A, 0x9D, 0x9F, 0x21, 0x2E, 0x00, 0x00, 0x00, 0x00,
    0x52, 0x97, 0x00, 0x2B, 0x52, 0x97, 0x00, 0x2B, 0x52, 0x97, 0x00, 0x0C, 0x52, 0x97, 0x00, 0x0C,
    0x52, 0x97, 0x00, 0x0D, 0x52, 0x97, 0x08, 0x6C, 0x8D, 0x3E, 0x53, 0x1A, 0x39, 0xD6, 0x29, 0x75,
    0x39, 0xD6, 0x42, 0x37, 0x95, 0x7F, 0x21, 0x30, 0x00, 0x00, 0x00, 0x00, 0x52, 0x97, 0x00, 0x0E,
    0x52, 0x97, 0x00, 0x0C, 0x52, 0x97, 0x08, 0x2A, 0x52, 0x97, 0x08, 0x2A, 0x52, 0x97, 0x00, 0x2B,
    0x52, 0x97, 0x00, 0x2B, 0x52, 0x97, 0x08, 0x2A, 0x52, 0x97, 0x00, 0x0C, 0x52, 0x97, 0x00, 0x0E,
    0x52, 0x97, 0x00, 0x0B, 0x52, 0x97, 0x00, 0x0C, 0x52, 0x97, 0x00, 0x0C, 0x52, 0x97, 0x00, 0x0C,
    0x52, 0x97, 0x00, 0x0C, 0x52, 0x97, 0x00, 0x0D, 0x52, 0x97, 0x00, 0x0D, 0x52, 0x97, 0x00, 0x0C,
    0x52, 0x97, 0x00, 0x2B, 0x52, 0x97, 0x00, 0x0B, 0x52, 0x97, 0x00, 0x0E, 0x52, 0x97, 0x00, 0x0D,
    0x52, 0x97, 0x00, 0x2B, 0x52, 0x97, 0x00, 0x2A, 0x52, 0x97, 0x00, 0x2B, 0x52, 0x97, 0x00, 0x2B,
    0x52, 0x97, 0x00, 0x2B, 0x52, 0x97, 0x00, 0x0C, 0x52, 0x97, 0x00, 0x0C, 0x52, 0x97, 0x00, 0x0D,
    0x52, 0xB8, 0x00, 0x2B, 0x52, 0xB8, 0x08, 0x2A, 0x4A, 0x34, 0x00, 0x0C, 0x00, 0x00, 0x00, 0x2B,
    0x00, 0x0C, 0x7B, 0xFF, 0x00, 0x0C, 0x62, 0xFB, 0x00, 0x0C, 0x52, 0x98, 0x00, 0x0C, 0x52, 0x98,
    0x00, 0x2B, 0x52, 0x98, 0x08, 0x2A, 0x52, 0x97, 0x00, 0x2B, 0x52, 0x97, 0x00, 0x0D, 0x52, 0x97,
    0x00, 0x0C, 0x52, 0x97, 0x00, 0x2B, 0x52, 0x97, 0x00, 0x2B, 0x52, 0x97, 0x08, 0x2A, 0x52, 0x97,
    0x08, 0x2A, 0x52, 0x97, 0x08, 0x2A, 0x52, 0x97, 0x00, 0x0C, 0x52, 0x97, 0x00, 0x0C, 0x52, 0x97,
    0x00, 0x0D, 0x52, 0x97, 0x00, 0x2B, 0x52, 0x97, 0x00, 0x2B, 0x52, 0x97, 0x00, 0x0C, 0x52, 0x97,
    0x00, 0x2B, 0x52, 0x97, 0x00, 0x0C, 0x52, 0x97, 0x00, 0x0D, 0x52, 0x97, 0x00, 0x0F, 0x52, 0x97,
    0x00, 0x0C, 0x52, 0x97, 0x00, 0x2B, 0x52, 0x97, 0x00, 0x2B, 0x52, 0x97, 0x00, 0x2B, 0x52, 0x97,
    0x08, 0x2A, 0x52, 0x97, 0x08, 0x2A, 0x52, 0x97, 0x00, 0x0D, 0x52, 0x97, 0x00, 0x0C, 0x52, 0x97,
    0x08, 0x2A, 0x52, 0x97, 0x00, 0x2B, 0x52, 0x97, 0x00, 0x0C, 0x84, 0xBC, 0x8C, 0xFB, 0xA5, 0x1B,
    0x7B, 0xF5, 0xA5, 0x3B, 0x84, 0x16, 0xA5, 0x9E, 0x6B, 0xF9, 0x00, 0x00, 0x00, 0x00, 0x52, 0x97,
    0x08, 0x2A, 0x52, 0x97, 0x00, 0x2B, 0x52, 0x97, 0x00, 0x0D, 0x52, 0x97, 0x00, 0x0C, 0x52, 0x97,
    0x00, 0x2B, 0x52, 0x97, 0x00, 0x2B, 0x5A, 0xD8, 0x84, 0xBC, 0x6B, 0xBB, 0x39, 0xD2, 0x5A, 0xF8,
    0x39, 0xD2, 0x63, 0x19, 0x84, 0xDE, 0x7C, 0x5C, 0x08, 0x2C, 0x52, 0x97, 0x00, 0x0D, 0x52, 0x97,
    0x00, 0x2B, 0x52, 0x97, 0x00, 0x2B, 0x52, 0x97, 0x08, 0x6D, 0x95, 0x7E, 0x94, 0xDA, 0xB5, 0x9C,
    0xA5, 0x19, 0xBD, 0xDD, 0x8C, 0xFD, 0x7C, 0x7D, 0x00, 0x00, 0x00, 0x00, 0x00, 0x0C, 0x52, 0x97,
    0x00, 0x2B, 0x52, 0x97, 0x00, 0x2B, 0x52, 0x97, 0x00, 0x2B, 0x52, 0x97, 0x08, 0x2A, 0x52, 0x97,
    0x21, 0x0E, 0x95, 0x7F, 0x4A, 0x98, 0x39, 0xD6, 0x29, 0x75, 0x39, 0xD7, 0x74, 0x3D, 0x7C, 0x9D,
    0x00, 0x00, 0x00, 0x00, 0x00, 0x0C, 0x52, 0x97, 0x00, 0x0C, 0x73, 0xDA, 0x95, 0x5D, 0xA5, 0x3B,
    0x7B, 0xF6, 0xA5, 0x3B, 0x84, 0x77, 0x9D, 0xBF, 0x21, 0x2E, 0x00, 0x00, 0x00, 0x00, 0x52, 0x97,
    0x00, 0x2B, 0x52, 0x97, 0x00, 0x0D, 0x52, 0x97, 0x00, 0x0C, 0x52, 0x97, 0x00, 0x2B, 0x52, 0x97,
    0x00, 0x2B, 0x63, 0x39, 0x95, 0x5E, 0x6B, 0x9A, 0x39, 0xF3, 0x5A, 0xF8, 0x39, 0xD2, 0x74, 0x1C,
    0x84, 0xDC, 0x52, 0xB7, 0x00, 0x00, 0x00, 0x00, 0x00, 0x0D, 0x52, 0x97, 0x00, 0x2B, 0x5B, 0x18,
    0x95, 0x7E, 0xA5, 0x5C, 0x7B, 0xF5, 0x9C, 0xFB, 0x6B, 0x96, 0x95, 0x7F, 0x42, 0x54, 0x00, 0x00,
    0x00, 0x00, 0x52, 0x97, 0x00, 0x0F, 0x52, 0x97, 0x00, 0x0C, 0x6B, 0x9A, 0x8D, 0x3D, 0x9D, 0x1B,
    0x7B, 0xF5, 0xA5, 0x3B, 0x84, 0x15, 0x9D, 0x7E, 0x6B, 0xF8, 0x00, 0x00, 0x00, 0x00, 0x52, 0x97,
    0x00, 0x0D, 0x52, 0x97, 0x00, 0x0C, 0x52, 0x97, 0x08, 0x2A, 0x52, 0x97, 0x00, 0x2B, 0x52, 0x97,
    0x00, 0x0C, 0x52, 0x97, 0x6C, 0x1A, 0x84, 0x9E, 0x39, 0xF4, 0x62, 0xF8, 0x39, 0xD3, 0x74, 0x1C,
    0x84, 0xFD, 0x52, 0xB7, 0x00, 0x00, 0x00, 0x00, 0x08, 0x2A, 0x52, 0xB7, 0x84, 0xDC, 0xA5, 0x9D,
    0x9C, 0xD9, 0xBD, 0xFD, 0xAD, 0x39, 0xBE, 0x1D, 0x9D, 0x9E, 0x63, 0x39, 0x00, 0x00, 0x00, 0x00,
    0x08, 0x2A, 0x52, 0x97, 0x08, 0x2A, 0x52, 0x97, 0x08, 0x2A, 0x52, 0x97, 0x00, 0x0C, 0x52, 0x97,
    0x00, 0x0C, 0x52, 0x97, 0x00, 0x0D, 0x5A, 0xD8, 0x84, 0xFD, 0x5B, 0x5B, 0x31, 0xB5, 0x42, 0x17,
    0x31, 0xB5, 0x5B, 0x1A, 0x8D, 0x3E, 0x5A, 0xF8, 0x00, 0x00, 0x00, 0x00, 0x00, 0x0D, 0x52, 0x97,
    0x00, 0x0F, 0x52, 0x97, 0x00, 0x0C, 0x52, 0x97, 0x00, 0x2B, 0x52, 0x97, 0x00, 0x2B, 0x52, 0x97,
    0x00, 0x2B, 0x52, 0x97, 0x08, 0x2A, 0x52, 0x97, 0x08, 0x2A, 0x52, 0x97, 0x00, 0x0D, 0x52, 0x97,
    0x00, 0x0C, 0x52, 0x97, 0x08, 0x2A, 0x52, 0x97, 0x00, 0x2B, 0x52, 0x97, 0x00, 0x0C, 0x52, 0x97,
    0x00, 0x0C, 0x52, 0x97, 0x00, 0x0C, 0x52, 0x97, 0x00, 0x0C, 0x52, 0x97, 0x00, 0x0C, 0x52, 0x97,
    0x00, 0x2B, 0x52, 0x97, 0x08, 0x2A, 0x52, 0x97, 0x00, 0x2B, 0x52, 0x97, 0x00, 0x0D, 0x52, 0x97,
    0x00, 0x0C, 0x52, 0x97, 0x00, 0x2B, 0x52, 0x97, 0x00, 0x2B, 0x52, 0x97, 0x08, 0x2A, 0x52, 0x97,
    0x08, 0x2A, 0x52, 0x97, 0x08, 0x2A, 0x52, 0x97, 0x00, 0x0C, 0x52, 0x97, 0x00, 0x0C, 0x52, 0x98,
    0x00, 0x0D, 0x52, 0x98, 0x00, 0x2B, 0x7B, 0xBF, 0x00, 0x2B, 0x00, 0x00, 0x00, 0x0C, 0x00, 0x00,
    0xB5, 0x9F, 0x00, 0x2B, 0x73, 0x9F, 0x08, 0x2A, 0x00, 0x00, 0x00, 0x2A, 0x52, 0x97, 0x00, 0x2B,
    0x52, 0x97, 0x08, 0x2A, 0x52, 0x77, 0x08, 0x2A, 0x52, 0x77, 0x00, 0x2B, 0x52, 0x77, 0x00, 0x0C,
    0x52, 0x77, 0x00, 0x2B, 0x52, 0x77, 0x00, 0x0C, 0x52, 0x77, 0x00, 0x2B, 0x52, 0x77, 0x08, 0x2A,
    0x52, 0x77, 0x08, 0x2A, 0x52, 0x77, 0x08, 0x2A, 0x52, 0x77, 0x08, 0x2A, 0x52, 0x77, 0x00, 0x0C,
    0x52, 0x77, 0x00, 0x0D, 0x52, 0x77, 0x00, 0x2B, 0x52, 0x77, 0x00, 0x2B, 0x52, 0x77, 0x08, 0x2A,
    0x52, 0x77, 0x08, 0x2A, 0x52, 0x77, 0x08, 0x2A, 0x52, 0x77, 0x00, 0x0D, 0x52, 0x77, 0x00, 0x0E,
    0x52, 0x77, 0x00, 0x0C, 0x52, 0x77, 0x00, 0x0C, 0x52, 0x77, 0x00, 0x2B, 0x52, 0x77, 0x00, 0x0C,
    0x52, 0x77, 0x08, 0x2A, 0x52, 0x77, 0x00, 0x0C, 0x52, 0x77, 0x00, 0x0D, 0x52, 0x77, 0x00, 0x2B,
    0x52, 0x77, 0x08, 0x2A, 0x52, 0x77, 0x00, 0x2B, 0x52, 0x77, 0x6B, 0xD8, 0x9D, 0x7E, 0x73, 0xB5,
    0x9C, 0xFB, 0x7B, 0xD4, 0xA5, 0x1B, 0x8D, 0x1B, 0x84, 0xBC, 0x00, 0x00, 0x00, 0x00, 0x08, 0x2A,
    0x52, 0x77, 0x08, 0x2A, 0x52, 0x77, 0x00, 0x2B, 0x52, 0x77, 0x00, 0x0C, 0x52, 0x77, 0x00, 0x2B,
    0x52, 0x77, 0x00, 0x0C, 0x52, 0x77, 0x00, 0x2B, 0x74, 0x1B, 0x7C, 0x9C, 0x6B, 0x59, 0x42, 0x33,
    0x63, 0x39, 0x4A, 0x75, 0x7C, 0x1C, 0x95, 0x3E, 0x5B, 0x18, 0x00, 0x00, 0x52, 0x77, 0x00, 0x0D,
    0x52, 0x77, 0x00, 0x2B, 0x52, 0x77, 0x00, 0x2B, 0x52, 0xB7, 0x8D, 0x1C, 0xA5, 0x9D, 0x9C, 0xD8,
    0xBD, 0xDD, 0xA5, 0x39, 0xA5, 0xDE, 0x63, 0xB9, 0x00, 0x00, 0x00, 0x00, 0x52, 0x77, 0x00, 0x0C,
    0x52, 0x77, 0x00, 0x0C, 0x52, 0x77, 0x00, 0x2B, 0x52, 0x77, 0x00, 0x0C, 0x52, 0x77, 0x08, 0x2A,
    0x6B, 0xBA, 0x8D, 0x1E, 0x4A, 0x78, 0x31, 0xB6, 0x42, 0x17, 0x39, 0xD6, 0x7C, 0x7E, 0x6B, 0xD9,
    0x00, 0x00, 0x00, 0x00, 0x52, 0x77, 0x00, 0x2B, 0x52, 0x77, 0x42, 0x73, 0x9D, 0x9E, 0x7B, 0xD5,
    0x9D, 0x1B, 0x7B, 0xD4, 0xA5, 0x3C, 0x95, 0x7E, 0x63, 0x39, 0x00, 0x00, 0x00, 0x00, 0x08, 0x2A,
    0x52, 0x77, 0x00, 0x2B, 0x52, 0x77, 0x00, 0x0C, 0x52, 0x77, 0x00, 0x2B, 0x52, 0x77, 0x00, 0x0C,
    0x52, 0x77, 0x3A, 0x12, 0x95, 0x5F, 0x5A, 0xF6, 0x6B, 0x59, 0x4A, 0x75, 0x63, 0x39, 0x74, 0x3B,
    0x84, 0xBD, 0x08, 0x2A, 0x00, 0x00, 0x00, 0x00, 0x52, 0x77, 0x00, 0x0D, 0x52, 0x77, 0x21, 0x2F,
    0x9D, 0x9F, 0x84, 0x36, 0xA5, 0x1B, 0x73, 0x94, 0x94, 0xBB, 0x8D, 0x3D, 0x6B, 0xDA, 0x00, 0x00,
    0x00, 0x00, 0x00, 0x0D, 0x52, 0x77, 0x00, 0x0E, 0x52, 0x77, 0x19, 0x10, 0x95, 0x7F, 0x7C, 0x17,
    0x9C, 0xFB, 0x7B, 0xD5, 0xA5, 0x1B, 0x8C, 0xBA, 0x8D, 0x3E, 0x08, 0x6B, 0x00, 0x00, 0x00, 0x0C,
    0x52, 0x77, 0x00, 0x0D, 0x52, 0x77, 0x00, 0x2B, 0x52, 0x77, 0x08, 0x2A, 0x52, 0x77, 0x00, 0x2B,
    0x52, 0x77, 0x08, 0x6C, 0x95, 0x3E, 0x6B, 0xBA, 0x6B, 0x59, 0x4A, 0x75, 0x63, 0x39, 0x63, 0x99,
    0x95, 0x5E, 0x08, 0x6C, 0x00, 0x00, 0x00, 0x00, 0x52, 0x77, 0x08, 0x2A, 0x84, 0xBC, 0x9D, 0x7D,
    0xB5, 0xDC, 0xA5, 0x19, 0xC6, 0x1D, 0xAD, 0x7A, 0x9D, 0xBF, 0x42, 0x53, 0x00, 0x00, 0x00, 0x00,
    0x52, 0x77, 0x08, 0x2A, 0x52, 0x77, 0x08, 0x2A, 0x52, 0x77, 0x08, 0x2A, 0x52, 0x77, 0x08, 0x2A,
    0x52, 0x77, 0x00, 0x0C, 0x52, 0x77, 0x21, 0x10, 0x95, 0x7F, 0x4A, 0xB8, 0x42, 0x37, 0x39, 0xF6,
    0x42, 0x37, 0x6B, 0xBC, 0x8C, 0xFE, 0x08, 0x4B, 0x00, 0x00, 0x00, 0x00, 0x52, 0x77, 0x00, 0x0D,
    0x52, 0x77, 0x00, 0x0E, 0x52, 0x77, 0x00, 0x0C, 0x52, 0x77, 0x00, 0x0C, 0x52, 0x77, 0x00, 0x2B,
    0x52, 0x77, 0x00, 0x0C, 0x52, 0x77, 0x08, 0x2A, 0x52, 0x77, 0x00, 0x0C, 0x52, 0x77, 0x00, 0x0D,
    0x52, 0x77, 0x00, 0x2B, 0x52, 0x77, 0x08, 0x2A, 0x52, 0x77, 0x00, 0x2B, 0x52, 0x77, 0x00, 0x2B,
    0x52, 0x77, 0x00, 0x2B, 0x52, 0x77, 0x08, 0x2A, 0x52, 0x77, 0x00, 0x2A, 0x52, 0x77, 0x00, 0x2B,
    0x52, 0x77, 0x08, 0x2A, 0x52, 0x77, 0x08, 0x2A, 0x52, 0x77, 0x00, 0x2B, 0x52, 0x77, 0x00, 0x0C,
    0x52, 0x77, 0x00, 0x2B, 0x52, 0x77, 0x00, 0x0C, 0x52, 0x77, 0x00, 0x2B, 0x52, 0x77, 0x08, 0x2A,
    0x52, 0x77, 0x08, 0x2A, 0x52, 0x77, 0x08, 0x2A, 0x52, 0x77, 0x08, 0x2A, 0x52, 0x77, 0x00, 0x0C,
    0x52, 0x97, 0x00, 0x0D, 0x52, 0x97, 0x00, 0x2B, 0x42, 0x34, 0x00, 0x2B, 0x00, 0x00, 0x08, 0x2A,
    0x00, 0x2B, 0x7B, 0xDF, 0x00, 0x2A, 0x5A, 0xFA, 0x08, 0x2A, 0x52, 0x97, 0x08, 0x2A, 0x52, 0x97,
    0x00, 0x2B, 0x52, 0x97, 0x08, 0x2A, 0x52, 0x77, 0x08, 0x2A, 0x52, 0x77, 0x00, 0x0C, 0x52, 0x77,
    0x00, 0x2B, 0x52, 0x77, 0x00, 0x2B, 0x52, 0x77, 0x00, 0x0C, 0x52, 0x77, 0x00, 0x0C, 0x52, 0x77,
    0x00, 0x0C, 0x52, 0x77, 0x08, 0x2A, 0x52, 0x77, 0x08, 0x2A, 0x52, 0x77, 0x08, 0x2A, 0x52, 0x77,
    0x00, 0x2B, 0x52, 0x77, 0x00, 0x2B, 0x52, 0x77, 0x00, 0x2B, 0x52, 0x77, 0x08, 0x2A, 0x52, 0x77,
    0x08, 0x2A, 0x52, 0x77, 0x08, 0x2A, 0x52, 0x77, 0x08, 0x2A, 0x52, 0x77, 0x00, 0x0B, 0x52, 0x77,
    0x00, 0x0D, 0x52, 0x77, 0x00, 0x0D, 0x52, 0x77, 0x00, 0x0C, 0x52, 0x77, 0x00, 0x0C, 0x52, 0x77,
    0x00, 0x0C, 0x52, 0x77, 0x00, 0x2B, 0x52, 0x77, 0x00, 0x0E, 0x52, 0x77, 0x00, 0x0C, 0x52, 0x77,
    0x00, 0x2B, 0x52, 0x77, 0x08, 0x2A, 0x52, 0x77, 0x00, 0x2B, 0x84, 0xBC, 0x8C, 0xFB, 0x9C, 0xDA,
    0x73, 0x94, 0x9C, 0xFA, 0x73, 0xB3, 0x9D, 0x7E, 0x6B, 0xF8, 0x00, 0x00, 0x00, 0x00, 0x52, 0x77,
    0x08, 0x2A, 0x52, 0x77, 0x08, 0x2A, 0x52, 0x77, 0x00, 0x0C, 0x52, 0x77, 0x00, 0x2B, 0x52, 0x77,
    0x00, 0x2B, 0x52, 0x77, 0x00, 0x0C, 0x52, 0x77, 0x10, 0xAE, 0x95, 0x3E, 0x6B, 0xBA, 0x6B, 0x7A,
    0x5A, 0xF7, 0x6B, 0x7A, 0x63, 0x38, 0x8D, 0x3F, 0x63, 0x77, 0x52, 0x77, 0x00, 0x00, 0x52, 0x77,
    0x00, 0x2B, 0x52, 0x77, 0x00, 0x2B, 0x52, 0x77, 0x10, 0x6B, 0x95, 0x7E, 0x9D, 0x3A, 0xBD, 0xDC,
    0xA5, 0x18, 0xC6, 0x1D, 0x9D, 0x9D, 0x8C, 0xDC, 0x00, 0x00, 0x00, 0x00, 0x00, 0x0D, 0x52, 0x77,
    0x00, 0x0D, 0x52, 0x77, 0x00, 0x0C, 0x52, 0x77, 0x00, 0x0C, 0x52, 0x77, 0x00, 0x0C, 0x52, 0xB7,
    0x7C, 0x7B, 0x7C, 0x5D, 0x31, 0xD6, 0x42, 0x37, 0x39, 0xF6, 0x42, 0x37, 0x7C, 0x5D, 0x84, 0x9D,
    0x00, 0x00, 0x00, 0x00, 0x00, 0x2B, 0x52, 0x77, 0x00, 0x2B, 0x73, 0xDA, 0x95, 0x5D, 0x9C, 0xFB,
    0x73, 0x93, 0x9C, 0xFA, 0x7B, 0xF4, 0x9D, 0x9F, 0x42, 0x94, 0x00, 0x00, 0x00, 0x00, 0x52, 0x77,
    0x08, 0x2A, 0x52, 0x77, 0x00, 0x0C, 0x52, 0x77, 0x00, 0x2B, 0x52, 0x77, 0x00, 0x2B, 0x52, 0x77,
    0x00, 0x0C, 0x74, 0x1B, 0x8D, 0x1E, 0x73, 0xBA, 0x5A, 0xF7, 0x6B, 0x79, 0x5A, 0xF7, 0x8C, 0xFF,
    0x63, 0x77, 0x00, 0x00, 0x00, 0x00, 0x00, 0x00, 0x00, 0x2B, 0x52, 0x77, 0x00, 0x2B, 0x5B, 0x18,
    0x95, 0x7E, 0xA5, 0x3C, 0x73, 0x93, 0x9C, 0xDA, 0x6B, 0x74, 0x95, 0x7E, 0x42, 0x52, 0x00, 0x00,
    0x00, 0x00, 0x52, 0x77, 0x00, 0x0B, 0x52, 0x77, 0x00, 0x0D, 0x52, 0x97, 0x8C, 0xFC, 0x9D, 0x3D,
    0x73, 0x94, 0x9C, 0xFA, 0x73, 0xB5, 0x9D, 0x3C, 0x8D, 0x3D, 0x52, 0xD7, 0x00, 0x00, 0x52, 0x77,
    0x00, 0x0E, 0x52, 0x77, 0x00, 0x0C, 0x52, 0x77, 0x00, 0x2B, 0x52, 0x77, 0x08, 0x2A, 0x52, 0x77,
    0x00, 0x2B, 0x5B, 0x18, 0x8D, 0x1D, 0x7B, 0xFB, 0x63, 0x17, 0x6B, 0x9A, 0x5A, 0xF7, 0x7C, 0x5D,
    0x8C, 0xFD, 0x52, 0xB7, 0x00, 0x00, 0x00, 0x00, 0x08, 0x2A, 0x52, 0x77, 0x42, 0x72, 0x9D, 0xBF,
    0x9C, 0xF9, 0xBD, 0xDC, 0xAD, 0x79, 0xC6, 0x5D, 0x9D, 0xBD, 0x84, 0x9C, 0x08, 0x2C, 0x00, 0x00,
    0x00, 0x0C, 0x52, 0x77, 0x00, 0x0C, 0x52, 0x77, 0x08, 0x2A, 0x52, 0x77, 0x08, 0x2A, 0x52, 0x77,
    0x08, 0x2A, 0x52, 0x77, 0x00, 0x2B, 0x6B, 0x9A, 0x8D, 0x3E, 0x5A, 0xF9, 0x42, 0x15, 0x4A, 0x78,
    0x3A, 0x15, 0x84, 0xDF, 0x5B, 0x57, 0x00, 0x00, 0x00, 0x00, 0x00, 0x00, 0x08, 0x2A, 0x52, 0x77,
    0x00, 0x0B, 0x52, 0x77, 0x00, 0x0D, 0x52, 0x77, 0x00, 0x0D, 0x52, 0x77, 0x00, 0x0C, 0x52, 0x77,
    0x00, 0x0C, 0x52, 0x77, 0x00, 0x0C, 0x52, 0x77, 0x00, 0x2B, 0x52, 0x77, 0x00, 0x0E, 0x52, 0x77,
    0x00, 0x0C, 0x52, 0x77, 0x00, 0x2B, 0x52, 0x77, 0x08, 0x2A, 0x52, 0x77, 0x00, 0x2B, 0x52, 0x77,
    0x00, 0x2B, 0x52, 0x77, 0x00, 0x2A, 0x52, 0x77, 0x08, 0x2A, 0x52, 0x77, 0x08, 0x2A, 0x52, 0x77,
    0x00, 0x2B, 0x52, 0x77, 0x08, 0x2A, 0x52, 0x77, 0x08, 0x2A, 0x52, 0x77, 0x00, 0x0C, 0x52, 0x77,
    0x00, 0x2B, 0x52, 0x77, 0x00, 0x2B, 0x52, 0x77, 0x00, 0x0C, 0x52, 0x77, 0x00, 0x0C, 0x52, 0x77,
    0x00, 0x0C, 0x52, 0x77, 0x08, 0x2A, 0x52, 0x77, 0x08, 0x2A, 0x52, 0x77, 0x08, 0x2A, 0x52, 0x97,
    0x00, 0x2B, 0x52, 0x97, 0x00, 0x2B, 0x73, 0xBF, 0x00, 0x2B, 0x00, 0x00, 0x08, 0x2A, 0x00, 0x00,
    0xB5, 0x7F, 0x00, 0x2B, 0x73, 0x7F, 0x00, 0x2B, 0x00, 0x00, 0x08, 0x2A, 0x52, 0x97, 0x00, 0x2B,
    0x52, 0x97, 0x00, 0x0D, 0x4A, 0x76, 0x08, 0x2A, 0x4A, 0x76, 0x08, 0x2A, 0x4A, 0x76, 0x00, 0x2B,
    0x4A, 0x76, 0x08, 0x2A, 0x4A, 0x76, 0x00, 0x2B, 0x4A, 0x76, 0x00, 0x0C, 0x4A, 0x76, 0x00, 0x0E,
    0x4A, 0x76, 0x00, 0x0C, 0x4A, 0x76, 0x08, 0x2A, 0x4A, 0x76, 0x08, 0x2A, 0x4A, 0x76, 0x08, 0x2A,
    0x4A, 0x76, 0x08, 0x2A, 0x4A, 0x76, 0x08, 0x2A, 0x4A, 0x76, 0x00, 0x2B, 0x4A, 0x76, 0x08, 0x2A,
    0x4A, 0x76, 0x08, 0x2A, 0x4A, 0x76, 0x08, 0x2A, 0x4A, 0x76, 0x08, 0x2A, 0x4A, 0x76, 0x00, 0x2B,
    0x4A, 0x76, 0x00, 0x0D, 0x4A, 0x76, 0x00, 0x0C, 0x4A, 0x76, 0x00, 0x2B, 0x4A, 0x76, 0x00, 0x0C,
    0x4A, 0x76, 0x00, 0x0B, 0x4A, 0x76, 0x00, 0x0E, 0x4A, 0x76, 0x00, 0x0E, 0x4A, 0x76, 0x00, 0x0D,
    0x4A, 0x76, 0x00, 0x2B, 0x4A, 0x76, 0x00, 0x2A, 0x4A, 0x76, 0x6B, 0xD8, 0x9D, 0x5D, 0x6B, 0x53,
    0x94, 0xBA, 0x6B, 0x74, 0x9C, 0xDA, 0x8C, 0xDB, 0x84, 0xBC, 0x00, 0x00, 0x00, 0x00, 0x00, 0x0D,
    0x4A, 0x76, 0x08, 0x2A, 0x4A, 0x76, 0x08, 0x2A, 0x4A, 0x76, 0x00, 0x2B, 0x4A, 0x76, 0x08, 0x2A,
    0x4A, 0x76, 0x00, 0x2B, 0x4A, 0x76, 0x00, 0x0C, 0x4A, 0x76, 0x52, 0xF7, 0x8D, 0x1F, 0x73, 0xBA,
    0x73, 0xDA, 0x6B, 0x79, 0x73, 0x9A, 0x73, 0xFB, 0x95, 0x7F, 0x21, 0x0D, 0x00, 0x00, 0x08, 0x2A,
    0x4A, 0x76, 0x08, 0x2A, 0x4A, 0x76, 0x00, 0x2B, 0x52, 0x97, 0x8D, 0x1C, 0xAD, 0xDD, 0x9C, 0xD8,
    0xBD, 0xFC, 0xAD, 0x79, 0xAD, 0xFE, 0x74, 0x18, 0x00, 0x00, 0x00, 0x00, 0x4A, 0x76, 0x00, 0x0D,
    0x4A, 0x76, 0x00, 0x0C, 0x4A, 0x76, 0x00, 0x2B, 0x4A, 0x76, 0x00, 0x0C, 0x4A, 0x76, 0x42, 0x74,
    0x95, 0x5F, 0x4A, 0x98, 0x4A, 0x98, 0x39, 0xF6, 0x4A, 0x78, 0x3A, 0x16, 0x7C, 0x9E, 0x6B, 0xD9,
    0x00, 0x00, 0x00, 0x00, 0x4A, 0x76, 0x08, 0x2A, 0x4A, 0x76, 0x42, 0x73, 0x9D, 0x9E, 0x6B, 0x74,
    0x94, 0xBA, 0x73, 0x73, 0x9C, 0xDA, 0x8C, 0xFB, 0x8D, 0x1D, 0x08, 0x6E, 0x00, 0x00, 0x08, 0x2A,
    0x4A, 0x76, 0x08, 0x2A, 0x4A, 0x76, 0x00, 0x2B, 0x4A, 0x76, 0x08, 0x2A, 0x4A, 0x76, 0x00, 0x2B,
    0x52, 0xB7, 0x84, 0xDD, 0x8C, 0xBE, 0x6B, 0x58, 0x73, 0xDA, 0x6B, 0x58, 0x73, 0xDA, 0x95, 0x5E,
    0x6B, 0xBA, 0x00, 0x00, 0x00, 0x00, 0x00, 0x00, 0x4A, 0x76, 0x08, 0x2A, 0x4A, 0x76, 0x21, 0x2E,
    0x9D, 0x9F, 0x7C, 0x16, 0x94, 0xBA, 0x6B, 0x53, 0x94, 0x9B, 0x8D, 0x3D, 0x6B, 0xDA, 0x00, 0x00,
    0x00, 0x00, 0x08, 0x2A, 0x4A, 0x76, 0x00, 0x2B, 0x4A, 0x76, 0x00, 0x0D, 0x84, 0xBC, 0x8C, 0xFC,
    0x94, 0xBA, 0x6B, 0x74, 0x9C, 0xDA, 0x73, 0xD6, 0x9D, 0x9F, 0x3A, 0x33, 0x00, 0x00, 0x00, 0x00,
    0x4A, 0x76, 0x00, 0x0E, 0x4A, 0x76, 0x00, 0x0D, 0x4A, 0x76, 0x00, 0x2B, 0x4A, 0x76, 0x00, 0x2A,
    0x4A, 0x76, 0x53, 0x15, 0x95, 0x3F, 0x6B, 0x78, 0x7B, 0xDB, 0x6B, 0x79, 0x73, 0xBA, 0x7C, 0x5D,
    0x95, 0x5E, 0x08, 0x6C, 0x00, 0x00, 0x00, 0x00, 0x4A, 0x76, 0x08, 0x2A, 0x5A, 0xF8, 0x95, 0x7E,
    0xAD, 0xBD, 0x9C, 0xD8, 0xC6, 0x1C, 0xBD, 0xDA, 0xBE, 0x5E, 0x95, 0x9E, 0x5B, 0x18, 0x00, 0x00,
    0x4A, 0x76, 0x00, 0x0E, 0x4A, 0x76, 0x00, 0x0C, 0x4A, 0x76, 0x08, 0x2A, 0x4A, 0x76, 0x08, 0x2A,
    0x4A, 0x76, 0x08, 0x2A, 0x52, 0x97, 0x7C, 0x7B, 0x84, 0x9E, 0x42, 0x35, 0x52, 0xB8, 0x42, 0x15,
    0x5B, 0x3A, 0x95, 0x5F, 0x63, 0x7A, 0x00, 0x00, 0x00, 0x00, 0x00, 0x00, 0x4A, 0x76, 0x08, 0x2A,
    0x4A, 0x76, 0x00, 0x2B, 0x4A, 0x76, 0x00, 0x0D, 0x4A, 0x76, 0x00, 0x0C, 0x4A, 0x76, 0x00, 0x2B,
    0x4A, 0x76, 0x00, 0x0C, 0x4A, 0x76, 0x00, 0x0B, 0x4A, 0x76, 0x00, 0x0E, 0x4A, 0x76, 0x00, 0x0E,
    0x4A, 0x76, 0x00, 0x0D, 0x4A, 0x76, 0x00, 0x2B, 0x4A, 0x76, 0x00, 0x2A, 0x4A, 0x76, 0x08, 0x2A,
    0x4A, 0x76, 0x00, 0x2B, 0x4A, 0x76, 0x00, 0x2B, 0x4A, 0x76, 0x08, 0x2A, 0x4A, 0x76, 0x00, 0x2B,
    0x4A, 0x76, 0x00, 0x0D, 0x4A, 0x76, 0x08, 0x2A, 0x4A, 0x76, 0x08, 0x2A, 0x4A, 0x76, 0x00, 0x2B,
    0x4A, 0x76, 0x08, 0x2A, 0x4A, 0x76, 0x00, 0x2B, 0x4A, 0x76, 0x00, 0x0C, 0x4A, 0x76, 0x00, 0x0E,
    0x4A, 0x76, 0x00, 0x0C, 0x4A, 0x76, 0x08, 0x2A, 0x4A, 0x76, 0x08, 0x2A, 0x4A, 0x76, 0x08, 0x2A,
    0x52, 0x97, 0x08, 0x2A, 0x52, 0x97, 0x08, 0x2A, 0x42, 0x13, 0x00, 0x2B, 0x00, 0x00, 0x08, 0x2A,
    0x08, 0x2A, 0x7B, 0xBF, 0x00, 0x0C, 0x5A, 0xDA, 0x00, 0x0C, 0x52, 0x77, 0x00, 0x2A, 0x52, 0x77,
    0x00, 0x0D, 0x52, 0x77, 0x00, 0x0D, 0x4A, 0x76, 0x08, 0x2A, 0x4A, 0x76, 0x00, 0x2B, 0x4A, 0x76,
    0x00, 0x2B, 0x4A, 0x76, 0x00, 0x2B, 0x4A, 0x76, 0x00, 0x0C, 0x4A, 0x76, 0x00, 0x0E, 0x4A, 0x76,
    0x00, 0x0F, 0x4A, 0x76, 0x00, 0x0C, 0x4A, 0x76, 0x08, 0x2A, 0x4A, 0x76, 0x08, 0x2A, 0x4A, 0x76,
    0x08, 0x2A, 0x4A, 0x76, 0x08, 0x2A, 0x4A, 0x76, 0x00, 0x2B, 0x4A, 0x76, 0x00, 0x0B, 0x4A, 0x76,
    0x00, 0x2B, 0x4A, 0x76, 0x00, 0x2B, 0x4A, 0x76, 0x00, 0x2B, 0x4A, 0x76, 0x08, 0x2A, 0x4A, 0x76,
    0x00, 0x2B, 0x4A, 0x76, 0x00, 0x0C, 0x4A, 0x76, 0x00, 0x2B, 0x4A, 0x76, 0x08, 0x2A, 0x4A, 0x76,
    0x00, 0x0B, 0x4A, 0x76, 0x00, 0x0C, 0x4A, 0x76, 0x00, 0x0F, 0x4A, 0x76, 0x00, 0x0E, 0x4A, 0x76,
    0x00, 0x0D, 0x4A, 0x76, 0x00, 0x0B, 0x4A, 0x76, 0x08, 0x2A, 0x84, 0xBC, 0x8C, 0xFB, 0x9C, 0xDA,
    0x6B, 0x54, 0x9C, 0xDA, 0x73, 0x94, 0x9D, 0x7D, 0x6B, 0xF8, 0x00, 0x00, 0x00, 0x00, 0x4A, 0x76,
    0x00, 0x0D, 0x4A, 0x76, 0x08, 0x2A, 0x4A, 0x76, 0x00, 0x2B, 0x4A, 0x76, 0x00, 0x2B, 0x4A, 0x76,
    0x00, 0x2B, 0x4A, 0x76, 0x00, 0x0C, 0x4A, 0x76, 0x00, 0x0E, 0x52, 0xD7, 0x8C, 0xFE, 0x84, 0x7D,
    0x73, 0xDA, 0x7B, 0xFB, 0x6B, 0x58, 0x73, 0xBA, 0x8C, 0xFD, 0x7C, 0x5C, 0x08, 0x2A, 0x00, 0x00,
    0x08, 0x2A, 0x4A, 0x76, 0x00, 0x2B, 0x4A, 0x76, 0x08, 0x6C, 0x95, 0x5E, 0x95, 0x1A, 0xB5, 0x9C,
    0x9C, 0xF8, 0xC6, 0x1C, 0xA5, 0xBD, 0x8C, 0xFD, 0x08, 0x2A, 0x00, 0x00, 0x00, 0x2B, 0x4A, 0x76,
    0x00, 0x0C, 0x4A, 0x76, 0x00, 0x2B, 0x4A, 0x76, 0x08, 0x2A, 0x4A, 0x76, 0x21, 0x50, 0x95, 0x5E,
    0x6B, 0xDB, 0x52, 0xD8, 0x42, 0x16, 0x52, 0xB8, 0x42, 0x16, 0x52, 0xB8, 0x7C, 0x5D, 0x84, 0x9C,
    0x00, 0x00, 0x00, 0x00, 0x08, 0x2A, 0x4A, 0x76, 0x08, 0x2A, 0x6B, 0xDA, 0x95, 0x5D, 0x9C, 0xDA,
    0x6B, 0x74, 0x9C, 0xDA, 0x73, 0x93, 0x9D, 0x1B, 0x95, 0x7E, 0x6B, 0xBA, 0x00, 0x00, 0x4A, 0x76,
    0x08, 0x2A, 0x4A, 0x76, 0x00, 0x2B, 0x4A, 0x76, 0x00, 0x2B, 0x4A, 0x76, 0x00, 0x2B, 0x4A, 0x76,
    0x3A, 0x33, 0x95, 0x7F, 0x7B, 0xFA, 0x7B, 0xFA, 0x73, 0x99, 0x7B, 0xFA, 0x7C, 0x3C, 0x95, 0x5F,
    0x21, 0x0E, 0x00, 0x00, 0x00, 0x00, 0x4A, 0x76, 0x08, 0x2A, 0x4A, 0x76, 0x08, 0x2A, 0x5A, 0xF8,
    0x95, 0x7E, 0xA5, 0x3B, 0x73, 0x94, 0x94, 0xBA, 0x6B, 0x74, 0x95, 0x7E, 0x42, 0x73, 0x00, 0x00,
    0x00, 0x00, 0x4A, 0x76, 0x08, 0x2A, 0x4A, 0x76, 0x00, 0x2B, 0x4A, 0x76, 0x39, 0xF2, 0x9D, 0x9F,
    0x73, 0xD6, 0x9C, 0xDA, 0x73, 0x93, 0x9C, 0xDA, 0x84, 0xBA, 0x8D, 0x1D, 0x10, 0x6D, 0x00, 0x00,
    0x00, 0x0F, 0x4A, 0x76, 0x00, 0x0E, 0x4A, 0x76, 0x00, 0x0D, 0x4A, 0x76, 0x00, 0x0B, 0x4A, 0x76,
    0x18, 0xED, 0x95, 0x5E, 0x84, 0x7C, 0x84, 0x1B, 0x73, 0xB9, 0x7B, 0xFB, 0x73, 0xBA, 0x8C, 0x9E,
    0x8D, 0x1D, 0x52, 0x97, 0x00, 0x00, 0x00, 0x00, 0x00, 0x0D, 0x4A, 0x76, 0x08, 0x2A, 0x8C, 0xFD,
    0x9D, 0x7D, 0xB5, 0xBC, 0xA5, 0x38, 0xCE, 0x5D, 0xBE, 0x1B, 0xA5, 0xFF, 0x6B, 0xD9, 0x52, 0x76,
    0x00, 0x00, 0x4A, 0x76, 0x00, 0x0F, 0x4A, 0x76, 0x00, 0x0C, 0x4A, 0x76, 0x08, 0x2A, 0x4A, 0x76,
    0x08, 0x2A, 0x4A, 0x76, 0x42, 0x73, 0x95, 0x9F, 0x5B, 0x18, 0x5A, 0xD8, 0x42, 0x35, 0x5A, 0xD8,
    0x6B, 0xDB, 0x95, 0x5E, 0x10, 0xAD, 0x00, 0x00, 0x00, 0x00, 0x4A, 0x76, 0x00, 0x2B, 0x4A, 0x76,
    0x08, 0x2A, 0x4A, 0x76, 0x00, 0x2B, 0x4A, 0x76, 0x00, 0x0C, 0x4A, 0x76, 0x00, 0x2B, 0x4A, 0x76,
    0x08, 0x2A, 0x4A, 0x76, 0x00, 0x0B, 0x4A, 0x76, 0x00, 0x0C, 0x4A, 0x76, 0x00, 0x0F, 0x4A, 0x76,
    0x00, 0x0E, 0x4A, 0x76, 0x00, 0x0D, 0x4A, 0x76, 0x00, 0x0B, 0x4A, 0x76, 0x08, 0x2A, 0x4A, 0x76,
    0x08, 0x2A, 0x4A, 0x76, 0x00, 0x0C, 0x4A, 0x76, 0x00, 0x0C, 0x4A, 0x76, 0x00, 0x2A, 0x4A, 0x76,
    0x00, 0x0D, 0x4A, 0x76, 0x00, 0x0D, 0x4A, 0x76, 0x08, 0x2A, 0x4A, 0x76, 0x00, 0x2B, 0x4A, 0x76,
    0x00, 0x2B, 0x4A, 0x76, 0x00, 0x2B, 0x4A, 0x76, 0x00, 0x0C, 0x4A, 0x76, 0x00, 0x0E, 0x4A, 0x76,
    0x00, 0x0F, 0x4A, 0x76, 0x00, 0x0C, 0x4A, 0x76, 0x08, 0x2A, 0x4A, 0x76, 0x08, 0x2A, 0x52, 0x77,
    0x08, 0x2A, 0x52, 0x77, 0x08, 0x2A, 0x73, 0x9F, 0x00, 0x2B, 0x00, 0x00, 0x00, 0x0B, 0x00, 0x00,
    0xAD, 0x3F, 0x00, 0x0C, 0x6B, 0x7F, 0x00, 0x0C, 0x00, 0x00, 0x00, 0x0C, 0x52, 0x77, 0x00, 0x0B,
    0x52, 0x77, 0x00, 0x0D, 0x4A, 0x56, 0x00, 0x2B, 0x4A, 0x56, 0x00, 0x2B, 0x4A, 0x56, 0x00, 0x2B,
    0x4A, 0x56, 0x00, 0x2B, 0x4A, 0x56, 0x00, 0x0C, 0x4A, 0x56, 0x00, 0x0D, 0x4A, 0x56, 0x00, 0x0E,
    0x4A, 0x56, 0x00, 0x0E, 0x4A, 0x56, 0x00, 0x0C, 0x4A, 0x56, 0x08, 0x2A, 0x4A, 0x56, 0x00, 0x2A,
    0x4A, 0x56, 0x00, 0x2B, 0x4A, 0x56, 0x08, 0x2A, 0x4A, 0x56, 0x00, 0x0D, 0x4A, 0x56, 0x00, 0x0D,
    0x4A, 0x56, 0x00, 0x0C, 0x4A, 0x56, 0x00, 0x0B, 0x4A, 0x56, 0x00, 0x2B, 0x4A, 0x56, 0x08, 0x2A,
    0x4A, 0x56, 0x08, 0x2A, 0x4A, 0x56, 0x00, 0x0C, 0x4A, 0x56, 0x08, 0x2A, 0x4A, 0x56, 0x08, 0x2A,
    0x4A, 0x56, 0x00, 0x2B, 0x4A, 0x56, 0x00, 0x0D, 0x4A, 0x56, 0x00, 0x0E, 0x4A, 0x56, 0x00, 0x0E,
    0x4A, 0x56, 0x00, 0x0D, 0x4A, 0x56, 0x00, 0x0C, 0x4A, 0x56, 0x6B, 0xF8, 0x9D, 0x7E, 0x7B, 0xD5,
    0x9C, 0xDA, 0x6B, 0x75, 0x9C, 0xBA, 0x8C, 0xDB, 0x84, 0xBC, 0x00, 0x00, 0x00, 0x00, 0x00, 0x0D,
    0x4A, 0x56, 0x00, 0x2B, 0x4A, 0x56, 0x00, 0x2B, 0x4A, 0x56, 0x00, 0x2B, 0x4A, 0x56, 0x00, 0x2B,
    0x4A, 0x56, 0x00, 0x0C, 0x4A, 0x56, 0x00, 0x0D, 0x4A, 0x56, 0x00, 0x0E, 0x74, 0x1B, 0x8D, 0x1E,
    0x84, 0x3B, 0x73, 0xDA, 0x73, 0xDA, 0x5A, 0xF6, 0x7C, 0x5D, 0x8D, 0x5E, 0x5B, 0x18, 0x00, 0x00,
    0x4A, 0x56, 0x08, 0x2A, 0x4A, 0x56, 0x00, 0x0D, 0x52, 0x97, 0x8D, 0x1D, 0xA5, 0x9D, 0x94, 0xB7,
    0xB5, 0xBC, 0xA5, 0x38, 0xBE, 0x3E, 0x8D, 0x3D, 0x52, 0x97, 0x00, 0x00, 0x4A, 0x56, 0x08, 0x2A,
    0x4A, 0x56, 0x00, 0x0C, 0x4A, 0x56, 0x08, 0x2A, 0x4A, 0x56, 0x18, 0xCD, 0x8C, 0xFD, 0x7C, 0x9D,
    0x63, 0x39, 0x42, 0x35, 0x5A, 0xF8, 0x42, 0x36, 0x5A, 0xD8, 0x42, 0x36, 0x84, 0xBE, 0x6B, 0xD9,
    0x00, 0x00, 0x00, 0x00, 0x4A, 0x56, 0x00, 0x2B, 0x4A, 0x56, 0x42, 0x73, 0x9D, 0x9E, 0x7B, 0xF6,
    0x9C, 0xDA, 0x73, 0x74, 0x9C, 0xBA, 0x73, 0x94, 0x9D, 0x5D, 0x8C, 0xFC, 0x5B, 0x18, 0x00, 0x00,
    0x4A, 0x56, 0x00, 0x2B, 0x4A, 0x56, 0x00, 0x2B, 0x4A, 0x56, 0x00, 0x2B, 0x4A, 0x56, 0x18, 0xCF,
    0x95, 0x3E, 0x84, 0x9D, 0x84, 0x1A, 0x6B, 0x58, 0x7C, 0x1A, 0x73, 0xDA, 0x8D, 0x1F, 0x63, 0xB9,
    0x4A, 0x56, 0x00, 0x00, 0x00, 0x00, 0x00, 0x2A, 0x4A, 0x56, 0x00, 0x2B, 0x4A, 0x56, 0x21, 0x2E,
    0x9D, 0x9F, 0x8C, 0x78, 0xA5, 0x1A, 0x73, 0x95, 0x94, 0xBA, 0x8D, 0x3D, 0x6B, 0xBA, 0x00, 0x00,
    0x00, 0x00, 0x00, 0x2B, 0x4A, 0x56, 0x08, 0x2A, 0x4A, 0x56, 0x08, 0x2A, 0x52, 0x97, 0x84, 0xFC,
    0x9D, 0x5D, 0x73, 0x73, 0x9C, 0xBA, 0x73, 0x93, 0x9D, 0x1B, 0x95, 0x5D, 0x74, 0x1B, 0x00, 0x2D,
    0x4A, 0x56, 0x00, 0x0E, 0x4A, 0x56, 0x00, 0x0E, 0x4A, 0x56, 0x00, 0x0D, 0x4A, 0x56, 0x08, 0x4C,
    0x84, 0x9C, 0x95, 0x3E, 0x84, 0x3B, 0x6B, 0x78, 0x84, 0x1B, 0x7B, 0xDA, 0x84, 0x1B, 0x84, 0x9D,
    0x95, 0x5E, 0x08, 0x6C, 0x00, 0x00, 0x00, 0x00, 0x4A, 0x56, 0x00, 0x2B, 0x4A, 0x56, 0x3A, 0x12,
    0x9D, 0xBF, 0x94, 0xF9, 0xBD, 0xDC, 0xB5, 0x99, 0xCE, 0x5D, 0xB5, 0xFC, 0x9D, 0xBF, 0x3A, 0x34,
    0x4A, 0x56, 0x00, 0x0E, 0x4A, 0x56, 0x00, 0x0E, 0x4A, 0x56, 0x00, 0x0C, 0x4A, 0x56, 0x08, 0x2A,
    0x4A, 0x56, 0x21, 0x2F, 0x95, 0x5E, 0x73, 0xFB, 0x63, 0x19, 0x42, 0x34, 0x5A, 0xF8, 0x4A, 0x97,
    0x95, 0x5F, 0x5B, 0x58, 0x00, 0x00, 0x00, 0x00, 0x00, 0x00, 0x00, 0x0B, 0x4A, 0x56, 0x00, 0x2B,
    0x4A, 0x56, 0x08, 0x2A, 0x4A, 0x56, 0x08, 0x2A, 0x4A, 0x56, 0x00, 0x0C, 0x4A, 0x56, 0x08, 0x2A,
    0x4A, 0x56, 0x08, 0x2A, 0x4A, 0x56, 0x00, 0x2B, 0x4A, 0x56, 0x00, 0x0D, 0x4A, 0x56, 0x00, 0x0E,
    0x4A, 0x56, 0x00, 0x0E, 0x4A, 0x56, 0x00, 0x0D, 0x4A, 0x56, 0x00, 0x0C, 0x4A, 0x56, 0x00, 0x2B,
    0x4A, 0x56, 0x00, 0x0C, 0x4A, 0x56, 0x00, 0x0C, 0x4A, 0x56, 0x00, 0x0C, 0x4A, 0x56, 0x00, 0x0B,
    0x4A, 0x56, 0x00, 0x0D, 0x4A, 0x56, 0x00, 0x2B, 0x4A, 0x56, 0x00, 0x2B, 0x4A, 0x56, 0x00, 0x2B,
    0x4A, 0x56, 0x00, 0x2B, 0x4A, 0x56, 0x00, 0x0C, 0x4A, 0x56, 0x00, 0x0D, 0x4A, 0x56, 0x00, 0x0E,
    0x4A, 0x56, 0x00, 0x0E, 0x4A, 0x56, 0x00, 0x0C, 0x4A, 0x56, 0x08, 0x2A, 0x4A, 0x56, 0x00, 0x2A,
    0x52, 0x77, 0x00, 0x2B, 0x52, 0x77, 0x08, 0x2A, 0x42, 0x13, 0x00, 0x0D, 0x00, 0x00, 0x00, 0x0D,
    0x00, 0x0B, 0x73, 0x9F, 0x00, 0x0C, 0x5A, 0xBA, 0x00, 0x0C, 0x4A, 0x76, 0x00, 0x0C, 0x4A, 0x76,
    0x00, 0x2B, 0x4A, 0x76, 0x00, 0x2B, 0x4A, 0x56, 0x00, 0x2B, 0x4A, 0x56, 0x00, 0x0C, 0x4A, 0x56,
    0x00, 0x2B, 0x4A, 0x56, 0x00, 0x0C, 0x4A, 0x56, 0x00, 0x0D, 0x4A, 0x56, 0x00, 0x0D, 0x4A, 0x56,
    0x00, 0x0D, 0x4A, 0x56, 0x00, 0x0C, 0x4A, 0x56, 0x00, 0x2B, 0x4A, 0x56, 0x08, 0x2A, 0x4A, 0x56,
    0x00, 0x0D, 0x4A, 0x56, 0x00, 0x2B, 0x4A, 0x56, 0x00, 0x0C, 0x4A, 0x56, 0x00, 0x0D, 0x4A, 0x56,
    0x00, 0x0E, 0x4A, 0x56, 0x00, 0x0C, 0x4A, 0x56, 0x00, 0x0B, 0x4A, 0x56, 0x00, 0x0D, 0x4A, 0x56,
    0x08, 0x2A, 0x4A, 0x56, 0x08, 0x2A, 0x4A, 0x56, 0x00, 0x0C, 0x4A, 0x56, 0x08, 0x2A, 0x4A, 0x56,
    0x08, 0x2A, 0x4A, 0x56, 0x00, 0x2B, 0x4A, 0x56, 0x00, 0x0C, 0x4A, 0x56, 0x00, 0x0E, 0x4A, 0x56,
    0x00, 0x0E, 0x4A, 0x56, 0x00, 0x0D, 0x4A, 0x56, 0x00, 0x0C, 0x84, 0xBC, 0x8D, 0x1B, 0x9C, 0xFA,
    0x73, 0xB5, 0x94, 0xBA, 0x6B, 0x54, 0x9D, 0x5D, 0x6B, 0xD9, 0x00, 0x00, 0x00, 0x00, 0x4A, 0x56,
    0x00, 0x2B, 0x4A, 0x56, 0x00, 0x2B, 0x4A, 0x56, 0x00, 0x0C, 0x4A, 0x56, 0x00, 0x2B, 0x4A, 0x56,
    0x00, 0x0C, 0x4A, 0x56, 0x00, 0x0D, 0x4A, 0x56, 0x00, 0x0D, 0x4A, 0x56, 0x10, 0xAF, 0x95, 0x5E,
    0x84, 0x7C, 0x84, 0x1B, 0x63, 0x57, 0x6B, 0x79, 0x5A, 0xD6, 0x8D, 0x1E, 0x6B, 0xFA, 0x4A, 0x76,
    0x00, 0x00, 0x4A, 0x56, 0x00, 0x0C, 0x4A, 0x56, 0x08, 0x2E, 0x8C, 0xFD, 0x8C, 0xDA, 0xAD, 0x7B,
    0x94, 0xB7, 0xBD, 0xDC, 0xAD, 0x9A, 0x9D, 0xBF, 0x29, 0xB2, 0x00, 0x00, 0x00, 0x00, 0x4A, 0x56,
    0x08, 0x2A, 0x4A, 0x56, 0x00, 0x0C, 0x4A, 0x56, 0x18, 0xED, 0x84, 0xDD, 0x84, 0xDD, 0x73, 0xBA,
    0x52, 0x96, 0x63, 0x39, 0x4A, 0x56, 0x5A, 0xF8, 0x42, 0x15, 0x5A, 0xD8, 0x7C, 0x7D, 0x84, 0x9C,
    0x00, 0x00, 0x00, 0x00, 0x00, 0x0C, 0x4A, 0x56, 0x00, 0x0B, 0x6B, 0xBA, 0x95, 0x5D, 0x9D, 0x1B,
    0x73, 0xB5, 0x94, 0xBA, 0x6B, 0x54, 0x94, 0xBA, 0x73, 0xB4, 0x9D, 0x5D, 0x8D, 0x1C, 0x6B, 0x99,
    0x08, 0x4B, 0x4A, 0x56, 0x00, 0x0C, 0x4A, 0x56, 0x00, 0x2B, 0x4A, 0x56, 0x18, 0xCE, 0x84, 0x9C,
    0x95, 0x3E, 0x8C, 0x7C, 0x73, 0x98, 0x84, 0x3B, 0x73, 0xB9, 0x8C, 0x9C, 0x8D, 0x1E, 0x5A, 0xF8,
    0x00, 0x00, 0x00, 0x00, 0x00, 0x00, 0x4A, 0x56, 0x00, 0x0D, 0x4A, 0x56, 0x00, 0x2B, 0x5A, 0xF8,
    0x95, 0x7E, 0xA5, 0x5C, 0x7B, 0xD6, 0x9C, 0xFA, 0x6B, 0x76, 0x9D, 0x7E, 0x42, 0x54, 0x00, 0x00,
    0x00, 0x00, 0x4A, 0x56, 0x00, 0x0D, 0x4A, 0x56, 0x08, 0x2A, 0x4A, 0x56, 0x08, 0x2A, 0x73, 0xDA,
    0x95, 0x5D, 0x94, 0xDB, 0x6B, 0x53, 0x94, 0xBA, 0x73, 0x73, 0x9D, 0x3C, 0x95, 0x5E, 0x6B, 0xBA,
    0x08, 0x4D, 0x4A, 0x56, 0x00, 0x0E, 0x4A, 0x56, 0x00, 0x0E, 0x4A, 0x56, 0x10, 0xCF, 0x7C, 0x5B,
    0x95, 0x5E, 0x94, 0xDD, 0x73, 0x98, 0x84, 0x3B, 0x73, 0xB9, 0x8C, 0x5B, 0x7B, 0xFA, 0x8C, 0xDE,
    0x8D, 0x1D, 0x52, 0x96, 0x00, 0x00, 0x00, 0x00, 0x00, 0x2B, 0x4A, 0x56, 0x00, 0x2B, 0x52, 0x96,
    0x7C, 0x9B, 0xA5, 0x9E, 0x9C, 0xD7, 0xC6, 0x1C, 0xB5, 0x99, 0xCE, 0x7D, 0xAD, 0xFD, 0x9D, 0x9F,
    0x53, 0x16, 0x52, 0x96, 0x00, 0x0D, 0x4A, 0x56, 0x00, 0x0C, 0x4A, 0x56, 0x00, 0x2B, 0x4A, 0x76,
    0x31, 0xF1, 0x8D, 0x3E, 0x84, 0x9D, 0x6B, 0x7A, 0x52, 0x95, 0x63, 0x19, 0x42, 0x35, 0x7C, 0x5D,
    0x8D, 0x1D, 0x5A, 0xF7, 0x00, 0x00, 0x00, 0x00, 0x00, 0x00, 0x4A, 0x56, 0x00, 0x0B, 0x4A, 0x56,
    0x00, 0x0D, 0x4A, 0x56, 0x08, 0x2A, 0x4A, 0x56, 0x08, 0x2A, 0x4A, 0x56, 0x00, 0x0C, 0x4A, 0x56,
    0x08, 0x2A, 0x4A, 0x56, 0x08, 0x2A, 0x4A, 0x56, 0x00, 0x2B, 0x4A, 0x56, 0x00, 0x0C, 0x4A, 0x56,
    0x00, 0x0E, 0x4A, 0x56, 0x00, 0x0E, 0x4A, 0x56, 0x00, 0x0D, 0x4A, 0x56, 0x00, 0x0C, 0x4A, 0x56,
    0x00, 0x0B, 0x4A, 0x56, 0x00, 0x0C, 0x4A, 0x56, 0x00, 0x0C, 0x4A, 0x56, 0x00, 0x0C, 0x4A, 0x56,
    0x00, 0x2B, 0x4A, 0x56, 0x00, 0x2B, 0x4A, 0x56, 0x00, 0x2B, 0x4A, 0x56, 0x00, 0x0C, 0x4A, 0x56,
    0x00, 0x2B, 0x4A, 0x56, 0x00, 0x0C, 0x4A, 0x56, 0x00, 0x0D, 0x4A, 0x56, 0x00, 0x0D, 0x4A, 0x56,
    0x00, 0x0D, 0x4A, 0x56, 0x00, 0x0C, 0x4A, 0x56, 0x00, 0x2B, 0x4A, 0x56, 0x08, 0x2A, 0x4A, 0x76,
    0x00, 0x0D, 0x4A, 0x76, 0x00, 0x2B, 0x73, 0x7F, 0x00, 0x0C, 0x00, 0x00, 0x00, 0x0D, 0x00, 0x00,
    0xA5, 0x1F, 0x00, 0x0B, 0x6B, 0x5F, 0x00, 0x0B, 0x00, 0x00, 0x00, 0x0D, 0x4A, 0x76, 0x00, 0x0D,
    0x4A, 0x76, 0x00, 0x2B, 0x4A, 0x56, 0x08, 0x2A, 0x4A, 0x56, 0x00, 0x2B, 0x4A, 0x56, 0x00, 0x0B,
    0x4A, 0x56, 0x00, 0x2B, 0x4A, 0x56, 0x00, 0x0C, 0x4A, 0x56, 0x00, 0x0D, 0x4A, 0x56, 0x00, 0x0D,
    0x4A, 0x56, 0x00, 0x0C, 0x4A, 0x56, 0x00, 0x2B, 0x4A, 0x56, 0x08, 0x2A, 0x4A, 0x56, 0x00, 0x0C,
    0x4A, 0x56, 0x00, 0x0F, 0x4A, 0x56, 0x00, 0x2B, 0x4A, 0x56, 0x08, 0x2A, 0x4A, 0x56, 0x00, 0x0E,
    0x4A, 0x56, 0x00, 0x0E, 0x4A, 0x56, 0x00, 0x0C, 0x4A, 0x56, 0x00, 0x0C, 0x4A, 0x56, 0x00, 0x0D,
    0x4A, 0x56, 0x08, 0x2A, 0x4A, 0x56, 0x08, 0x2A, 0x4A, 0x56, 0x00, 0x0C, 0x4A, 0x56, 0x08, 0x2A,
    0x4A, 0x56, 0x00, 0x2B, 0x4A, 0x56, 0x00, 0x2B, 0x4A, 0x56, 0x00, 0x0C, 0x4A, 0x56, 0x00, 0x0E,
    0x4A, 0x56, 0x00, 0x0E, 0x4A, 0x56, 0x00, 0x0C, 0x4A, 0x56, 0x6B, 0xF9, 0x9D, 0x7E, 0x7B, 0xD5,
    0x9C, 0xDA, 0x6B, 0x74, 0x94, 0xBA, 0x84, 0xDB, 0x84, 0x9C, 0x00, 0x00, 0x00, 0x00, 0x00, 0x2B,
    0x4A, 0x56, 0x08, 0x2A, 0x4A, 0x56, 0x00, 0x2B, 0x4A, 0x56, 0x00, 0x0B, 0x4A, 0x56, 0x00, 0x2B,
    0x4A, 0x56, 0x00, 0x0C, 0x4A, 0x56, 0x00, 0x0D, 0x4A, 0x56, 0x00, 0x0D, 0x4A, 0x56, 0x53, 0x16,
    0x95, 0x3F, 0x73, 0x99, 0x73, 0xBA, 0x5A, 0xD5, 0x73, 0x9A, 0x6B, 0x99, 0x95, 0x9F, 0x29, 0x93,
    0x00, 0x00, 0x00, 0x2B, 0x4A, 0x56, 0x08, 0x2A, 0x4A, 0x56, 0x52, 0xF7, 0x9D, 0x9E, 0x8C, 0x78,
    0xAD, 0x7B, 0x9C, 0xD8, 0xC6, 0x3C, 0xA5, 0x9D, 0x95, 0x5E, 0x29, 0x92, 0x4A, 0x76, 0x08, 0x2A,
    0x4A, 0x56, 0x08, 0x2B, 0x52, 0xB7, 0x3A, 0x33, 0x95, 0x3E, 0x8C, 0xFD, 0x7B, 0xFB, 0x63, 0x37,
    0x73, 0xBA, 0x84, 0x9D, 0x73, 0xBB, 0x4A, 0x76, 0x63, 0x18, 0x42, 0x35, 0x84, 0xBE, 0x6B, 0xD9,
    0x00, 0x00, 0x00, 0x00, 0x4A, 0x56, 0x00, 0x0B, 0x4A, 0x56, 0x42, 0x73, 0x9D, 0x9E, 0x7B, 0xF5,
    0x9C, 0xDA, 0x6B, 0x75, 0x94, 0xBA, 0x6B, 0x34, 0x94, 0x79, 0x6B, 0x74, 0x9D, 0x3D, 0x95, 0x7E,
    0x8C, 0xFD, 0x42, 0x94, 0x5B, 0x18, 0x10, 0xAD, 0x5B, 0x38, 0x4A, 0xD5, 0x8D, 0x3E, 0x8D, 0x1D,
    0x8C, 0x9C, 0x73, 0xB8, 0x8C, 0x5B, 0x7B, 0xD9, 0x8C, 0x5B, 0x8D, 0x1E, 0x7C, 0x5C, 0x08, 0x2B,
    0x00, 0x00, 0x00, 0x00, 0x00, 0x00, 0x00, 0x0C, 0x4A, 0x56, 0x00, 0x0F, 0x4A, 0x56, 0x21, 0x2F,
    0x9D, 0x9F, 0x8C, 0x97, 0xA4, 0xFA, 0x73, 0xB6, 0x94, 0xBA, 0x95, 0x3D, 0x6B, 0xBA, 0x00, 0x00,
    0x00, 0x00, 0x00, 0x0C, 0x4A, 0x56, 0x00, 0x0D, 0x4A, 0x56, 0x08, 0x2A, 0x4A, 0x56, 0x08, 0x4B,
    0x95, 0x1D, 0x8C, 0xDB, 0x94, 0xBA, 0x6B, 0x32, 0x94, 0x79, 0x6B, 0x53, 0x95, 0x3D, 0x95, 0x7E,
    0x8C, 0xDD, 0x42, 0x74, 0x5A, 0xF8, 0x18, 0xF0, 0x63, 0x59, 0x5B, 0x78, 0x95, 0x5E, 0x8D, 0x3D,
    0x8C, 0xBD, 0x7B, 0xD8, 0x8C, 0x7B, 0x7B, 0xF9, 0x8C, 0x7B, 0x84, 0x3A, 0x8C, 0x7C, 0x8C, 0xBE,
    0x95, 0x5E, 0x08, 0x6E, 0x00, 0x00, 0x00, 0x00, 0x4A, 0x56, 0x08, 0x2A, 0x4A, 0x56, 0x00, 0x2B,
    0x5B, 0x18, 0x95, 0x5D, 0xAD, 0x9D, 0xA5, 0x18, 0xCE, 0x5C, 0xBD, 0xDA, 0xCE, 0x7D, 0xAD, 0xBD,
    0x9D, 0xBF, 0x84, 0xDC, 0x73, 0xFA, 0x29, 0x91, 0x52, 0xB7, 0x21, 0x2F, 0x6B, 0x99, 0x74, 0x3A,
    0x9D, 0x9F, 0x8C, 0xDE, 0x7B, 0xFB, 0x63, 0x18, 0x6B, 0x79, 0x52, 0xB6, 0x73, 0xBB, 0x8D, 0x3E,
    0x6B, 0x99, 0x00, 0x00, 0x00, 0x00, 0x00, 0x00, 0x4A, 0x56, 0x00, 0x0C, 0x4A, 0x56, 0x00, 0x0C,
    0x4A, 0x56, 0x00, 0x0D, 0x4A, 0x56, 0x08, 0x2A, 0x4A, 0x56, 0x08, 0x2A, 0x4A, 0x56, 0x00, 0x0C,
    0x4A, 0x56, 0x08, 0x2A, 0x4A, 0x56, 0x00, 0x2B, 0x4A, 0x56, 0x00, 0x2B, 0x4A, 0x56, 0x00, 0x0C,
    0x4A, 0x56, 0x00, 0x0E, 0x4A, 0x56, 0x00, 0x0E, 0x4A, 0x56, 0x00, 0x0C, 0x4A, 0x56, 0x00, 0x0B,
    0x4A, 0x56, 0x00, 0x0B, 0x4A, 0x56, 0x00, 0x0B, 0x4A, 0x56, 0x00, 0x0D, 0x4A, 0x56, 0x00, 0x0D,
    0x4A, 0x56, 0x00, 0x2B, 0x4A, 0x56, 0x08, 0x2A, 0x4A, 0x56, 0x00, 0x2B, 0x4A, 0x56, 0x00, 0x0B,
    0x4A, 0x56, 0x00, 0x2B, 0x4A, 0x56, 0x00, 0x0C, 0x4A, 0x56, 0x00, 0x0D, 0x4A, 0x56, 0x00, 0x0D,
    0x4A, 0x56, 0x00, 0x0C, 0x4A, 0x56, 0x00, 0x2B, 0x4A, 0x56, 0x08, 0x2A, 0x4A, 0x56, 0x00, 0x0C,
    0x4A, 0x76, 0x00, 0x0F, 0x4A, 0x76, 0x00, 0x2B, 0x42, 0x13, 0x08, 0x2A, 0x00, 0x00, 0x00, 0x0E,
    0x00, 0x2B, 0x73, 0x9F, 0x00, 0x2A, 0x52, 0xB9, 0x00, 0x2B, 0x4A, 0x56, 0x00, 0x0E, 0x4A, 0x56,
    0x00, 0x0C, 0x4A, 0x56, 0x08, 0x2A, 0x4A, 0x55, 0x08, 0x2A, 0x4A, 0x55, 0x00, 0x2B, 0x4A, 0x55,
    0x00, 0x2B, 0x4A, 0x55, 0x00, 0x0C, 0x4A, 0x55, 0x00, 0x0C, 0x4A, 0x55, 0x00, 0x0C, 0x4A, 0x55,
    0x00, 0x0C, 0x4A, 0x55, 0x00, 0x2B, 0x4A, 0x55, 0x08, 0x2A, 0x4A, 0x55, 0x08, 0x2A, 0x4A, 0x55,
    0x00, 0x0E, 0x4A, 0x55, 0x00, 0x0E, 0x4A, 0x55, 0x00, 0x0C, 0x4A, 0x55, 0x08, 0x2A, 0x4A, 0x55,
    0x00, 0x0E, 0x4A, 0x55, 0x00, 0x0D, 0x4A, 0x55, 0x00, 0x0B, 0x4A, 0x55, 0x00, 0x0D, 0x4A, 0x55,
    0x00, 0x2B, 0x4A, 0x55, 0x08, 0x2A, 0x4A, 0x55, 0x00, 0x2B, 0x4A, 0x55, 0x00, 0x0B, 0x4A, 0x55,
    0x08, 0x2A, 0x4A, 0x55, 0x00, 0x2B, 0x4A, 0x55, 0x00, 0x2B, 0x4A, 0x55, 0x00, 0x0C, 0x4A, 0x55,
    0x00, 0x0E, 0x4A, 0x55, 0x00, 0x0D, 0x4A, 0x55, 0x00, 0x0C, 0x84, 0xBC, 0x95, 0x3C, 0x9D, 0x1A,
    0x73, 0xB4, 0x9C, 0xDA, 0x6B, 0x73, 0x95, 0x5D, 0x6B, 0xD9, 0x00, 0x00, 0x00, 0x00, 0x4A, 0x55,
    0x08, 0x2A, 0x4A, 0x55, 0x08, 0x2A, 0x4A, 0x55, 0x00, 0x2B, 0x4A, 0x55, 0x00, 0x2B, 0x4A, 0x55,
    0x00, 0x0C, 0x4A, 0x55, 0x00, 0x0C, 0x4A, 0x55, 0x00, 0x0C, 0x4A, 0x55, 0x00, 0x0C, 0x52, 0xB7,
    0x8C, 0xFD, 0x84, 0x7C, 0x5A, 0xF6, 0x73, 0xBA, 0x5A, 0xF6, 0x6B, 0x99, 0x7C, 0x9C, 0x84, 0xBC,
    0x08, 0x2F, 0x00, 0x00, 0x00, 0x0C, 0x4A, 0x55, 0x08, 0x2A, 0x5B, 0x18, 0x95, 0x7E, 0xA5, 0x7C,
    0x8C, 0x57, 0xAD, 0x7B, 0xA5, 0x18, 0xC6, 0x5D, 0xAD, 0xDD, 0x9D, 0x9F, 0x84, 0xDB, 0x7C, 0x5B,
    0x5B, 0x56, 0x8C, 0xFD, 0x8D, 0x3D, 0x95, 0x7F, 0x84, 0x9D, 0x84, 0x5B, 0x73, 0x98, 0x7B, 0xFB,
    0x84, 0xBD, 0x9D, 0xDF, 0x74, 0x1C, 0x6B, 0x59, 0x52, 0xB6, 0x63, 0x39, 0x7C, 0x7D, 0x84, 0x9C,
    0x00, 0x00, 0x00, 0x00, 0x00, 0x0C, 0x4A, 0x55, 0x00, 0x2B, 0x6B, 0xB9, 0x95, 0x7D, 0xA5, 0x1B,
    0x73, 0xB4, 0x9C, 0xDA, 0x6B, 0x75, 0x94, 0xDB, 0x6B, 0x54, 0x94, 0x99, 0x6B, 0x33, 0x8C, 0xBB,
    0x84, 0xBA, 0x95, 0x7E, 0x84, 0xDC, 0x8C, 0xDD, 0x84, 0xDC, 0x8D, 0x1E, 0x6B, 0x98, 0x7B, 0xFA,
    0x5A, 0xD5, 0x84, 0x3A, 0x73, 0xD8, 0x8C, 0x7B, 0x8C, 0xBD, 0x95, 0x3E, 0x18, 0xCE, 0x00, 0x00,
    0x00, 0x00, 0x00, 0x00, 0x08, 0x2A, 0x4A, 0x55, 0x00, 0x0E, 0x4A, 0x55, 0x00, 0x0E, 0x5A, 0xF7,
    0x95, 0x7E, 0xAD, 0x9C, 0x7B, 0xF5, 0x9C, 0xDA, 0x73, 0xB6, 0x9D, 0x7E, 0x42, 0x54, 0x00, 0x00,
    0x00, 0x00, 0x4A, 0x55, 0x00, 0x0D, 0x4A, 0x55, 0x00, 0x2B, 0x4A, 0x55, 0x08, 0x2A, 0x4A, 0x55,
    0x29, 0x90, 0x9D, 0x9F, 0x84, 0x79, 0x94, 0x99, 0x63, 0x12, 0x94, 0x99, 0x63, 0x33, 0x8C, 0x9A,
    0x7C, 0x59, 0x95, 0x5E, 0x84, 0xBC, 0x8D, 0x1D, 0x8C, 0xFD, 0x8D, 0x1D, 0x6B, 0xD9, 0x7B, 0xFA,
    0x5A, 0xF5, 0x84, 0x3B, 0x84, 0x3A, 0x94, 0x9C, 0x84, 0x1A, 0x8C, 0x9C, 0x84, 0x5B, 0x94, 0xFE,
    0x8D, 0x1D, 0x4A, 0x76, 0x00, 0x00, 0x00, 0x00, 0x08, 0x2A, 0x4A, 0x55, 0x08, 0x2A, 0x4A, 0x55,
    0x00, 0x2B, 0x6B, 0xDA, 0x95, 0x7D, 0xAD, 0xBC, 0xAD, 0x59, 0xCE, 0x3C, 0xBD, 0xDA, 0xCE, 0x5D,
    0xAD, 0xBC, 0xAD, 0xDE, 0x95, 0x7E, 0x95, 0x7E, 0x84, 0xBB, 0x95, 0x5E, 0x95, 0x5E, 0x95, 0x5F,
    0x8C, 0x9C, 0x84, 0x5B, 0x73, 0xDA, 0x7B, 0xFA, 0x63, 0x38, 0x73, 0xDB, 0x8C, 0xFE, 0x7C, 0x7C,
    0x08, 0x4B, 0x00, 0x00, 0x00, 0x00, 0x00, 0x00, 0x00, 0x0D, 0x4A, 0x55, 0x00, 0x0B, 0x4A, 0x55,
    0x00, 0x0D, 0x4A, 0x55, 0x00, 0x2B, 0x4A, 0x55, 0x08, 0x2A, 0x4A, 0x55, 0x00, 0x2B, 0x4A, 0x55,
    0x00, 0x0B, 0x4A, 0x55, 0x08, 0x2A, 0x4A, 0x55, 0x00, 0x2B, 0x4A, 0x55, 0x00, 0x2B, 0x4A, 0x55,
    0x00, 0x0C, 0x4A, 0x55, 0x00, 0x0E, 0x4A, 0x55, 0x00, 0x0D, 0x4A, 0x55, 0x00, 0x0C, 0x4A, 0x55,
    0x00, 0x2B, 0x4A, 0x55, 0x00, 0x2A, 0x4A, 0x55, 0x00, 0x2B, 0x4A, 0x55, 0x00, 0x0E, 0x4A, 0x55,
    0x00, 0x0C, 0x4A, 0x55, 0x08, 0x2A, 0x4A, 0x55, 0x08, 0x2A, 0x4A, 0x55, 0x00, 0x2B, 0x4A, 0x55,
    0x00, 0x2B, 0x4A, 0x55, 0x00, 0x0C, 0x4A, 0x55, 0x00, 0x0C, 0x4A, 0x55, 0x00, 0x0C, 0x4A, 0x55,
    0x00, 0x0C, 0x4A, 0x55, 0x00, 0x2B, 0x4A, 0x55, 0x08, 0x2A, 0x4A, 0x55, 0x08, 0x2A, 0x4A, 0x56,
    0x00, 0x0E, 0x4A, 0x56, 0x00, 0x0E, 0x6B, 0x5F, 0x00, 0x0C, 0x00, 0x00, 0x08, 0x2A, 0x00, 0x00,
    0xA4, 0xFF, 0x08, 0x2A, 0x6B, 0x3F, 0x08, 0x2A, 0x00, 0x00, 0x00, 0x2B, 0x4A, 0x56, 0x00, 0x0F,
    0x4A, 0x56, 0x00, 0x0C, 0x4A, 0x35, 0x08, 0x2A, 0x4A, 0x35, 0x08, 0x2A, 0x4A, 0x35, 0x00, 0x2B,
    0x4A, 0x35, 0x00, 0x0C, 0x4A, 0x35, 0x00, 0x0C, 0x4A, 0x35, 0x00, 0x0C, 0x4A, 0x35, 0x00, 0x2B,
    0x4A, 0x35, 0x00, 0x2B, 0x4A, 0x35, 0x00, 0x0C, 0x4A, 0x35, 0x08, 0x2A, 0x4A, 0x35, 0x00, 0x2B,
    0x4A, 0x35, 0x00, 0x0E, 0x4A, 0x35, 0x00, 0x0D, 0x4A, 0x35, 0x00, 0x0D, 0x4A, 0x35, 0x08, 0x2A,
    0x4A, 0x35, 0x00, 0x0E, 0x4A, 0x35, 0x00, 0x0E, 0x4A, 0x35, 0x00, 0x2A, 0x4A, 0x35, 0x00, 0x0D,
    0x4A, 0x35, 0x08, 0x2A, 0x4A, 0x35, 0x08, 0x2A, 0x4A, 0x35, 0x00, 0x0B, 0x4A, 0x35, 0x08, 0x2A,
    0x4A, 0x35, 0x08, 0x2A, 0x4A, 0x35, 0x00, 0x2A, 0x4A, 0x35, 0x08, 0x2A, 0x4A, 0x35, 0x00, 0x0C,
    0x4A, 0x35, 0x00, 0x0D, 0x4A, 0x35, 0x00, 0x0D, 0x4A, 0x35, 0x6B, 0xF9, 0xA5, 0x9E, 0x8C, 0x56,
    0xA5, 0x1A, 0x7B, 0xD4, 0x9C, 0xDA, 0x8C, 0xDB, 0x84, 0x9C, 0x00, 0x00, 0x00, 0x00, 0x00, 0x0C,
    0x4A, 0x35, 0x08, 0x2A, 0x4A, 0x35, 0x08, 0x2A, 0x4A, 0x35, 0x00, 0x2B, 0x4A, 0x35, 0x00, 0x0C,
    0x4A, 0x35, 0x00, 0x0C, 0x4A, 0x35, 0x00, 0x0C, 0x4A, 0x35, 0x00, 0x2B, 0x4A, 0x35, 0x00, 0x2B,
    0x74, 0x1B, 0x8C, 0xDD, 0x7B, 0xFA, 0x63, 0x16, 0x73, 0x99, 0x4A, 0x33, 0x73, 0xFB, 0x95, 0x5E,
    0x5B, 0x18, 0x00, 0x00, 0x4A, 0x35, 0x00, 0x0D, 0x4A, 0x35, 0x08, 0x4B, 0x84, 0xBC, 0x95, 0x5D,
    0xAD, 0x7B, 0x8C, 0x77, 0xB5, 0x9B, 0xAD, 0x58, 0xC6, 0x3C, 0xB5, 0xBB, 0xB5, 0xFE, 0x95, 0x1B,
    0x9D, 0x5D, 0x94, 0xFC, 0x9D, 0x3E, 0x84, 0x3A, 0x94, 0x9C, 0x84, 0x19, 0x8C, 0x7C, 0x8D, 0x1E,
    0x95, 0x5E, 0x9D, 0x9F, 0x84, 0x9D, 0x63, 0x38, 0x6B, 0x7A, 0x5A, 0xD7, 0x8C, 0xDE, 0x6B, 0xD9,
    0x00, 0x00, 0x00, 0x00, 0x4A, 0x35, 0x00, 0x2B, 0x4A, 0x35, 0x42, 0x73, 0x9D, 0xBE, 0x8C, 0x76,
    0xA5, 0x1A, 0x7B, 0xD5, 0x9D, 0x1B, 0x9D, 0x9E, 0x9D, 0x3C, 0x6B, 0x54, 0x8C, 0x59, 0x5A, 0xF2,
    0x84, 0x39, 0x63, 0x13, 0x84, 0x19, 0x52, 0xB3, 0x7B, 0xD9, 0x52, 0x93, 0x73, 0xB9, 0x4A, 0x74,
    0x73, 0xB9, 0x5A, 0xF5, 0x84, 0x3A, 0x84, 0x7B, 0x95, 0x7F, 0x39, 0xF2, 0x00, 0x00, 0x00, 0x00,
    0x00, 0x00, 0x00, 0x00, 0x4A, 0x35, 0x00, 0x2B, 0x4A, 0x35, 0x00, 0x0E, 0x4A, 0x35, 0x21, 0x30,
    0x9D, 0xBF, 0x94, 0xF9, 0xAD, 0x5B, 0x83, 0xF5, 0x9C, 0xFA, 0x95, 0x5D, 0x6B, 0xB9, 0x00, 0x00,
    0x00, 0x00, 0x00, 0x2A, 0x4A, 0x35, 0x00, 0x0D, 0x4A, 0x35, 0x08, 0x2A, 0x4A, 0x35, 0x08, 0x2A,
    0x4A, 0x35, 0x52, 0xD5, 0x9D, 0x9F, 0x7C, 0x37, 0x94, 0xBA, 0x6B, 0x33, 0x8C, 0x59, 0x5A, 0xD2,
    0x84, 0x39, 0x63, 0x13, 0x84, 0x19, 0x52, 0xB4, 0x7B, 0xF9, 0x52, 0x94, 0x7B, 0xD9, 0x52, 0x74,
    0x7B, 0xD9, 0x6B, 0x98, 0x9D, 0x9F, 0x8C, 0xFD, 0x94, 0x9C, 0x8C, 0x5A, 0x8C, 0x9C, 0x8C, 0xDD,
    0x95, 0x5E, 0x08, 0x70, 0x00, 0x00, 0x00, 0x00, 0x4A, 0x35, 0x08, 0x2A, 0x4A, 0x35, 0x08, 0x2A,
    0x4A, 0x35, 0x08, 0x4B, 0x84, 0x9C, 0x9D, 0x9E, 0xAD, 0xDD, 0xA5, 0x59, 0xC6, 0x3C, 0xBD, 0xDA,
    0xC6, 0x3D, 0xAD, 0x7B, 0xB5, 0xBD, 0x94, 0xDB, 0x9D, 0x1D, 0x8C, 0x9B, 0x94, 0xDC, 0x84, 0x5A,
    0x8C, 0x9C, 0x84, 0x3A, 0x8C, 0x5C, 0x7B, 0xFA, 0x84, 0x7C, 0x95, 0x3E, 0x8C, 0xFE, 0x10, 0xAE,
    0x00, 0x00, 0x00, 0x00, 0x00, 0x00, 0x00, 0x0E, 0x4A, 0x35, 0x00, 0x0E, 0x4A, 0x35, 0x00, 0x2A,
    0x4A, 0x35, 0x00, 0x0D, 0x4A, 0x35, 0x08, 0x2A, 0x4A, 0x35, 0x08, 0x2A, 0x4A, 0x35, 0x00, 0x0B,
    0x4A, 0x35, 0x08, 0x2A, 0x4A, 0x35, 0x08, 0x2A, 0x4A, 0x35, 0x00, 0x2A, 0x4A, 0x35, 0x08, 0x2A,
    0x4A, 0x35, 0x00, 0x0C, 0x4A, 0x35, 0x00, 0x0D, 0x4A, 0x35, 0x00, 0x0D, 0x4A, 0x35, 0x00, 0x2B,
    0x4A, 0x35, 0x08, 0x2A, 0x4A, 0x35, 0x08, 0x2A, 0x4A, 0x35, 0x00, 0x2B, 0x4A, 0x35, 0x00, 0x0F,
    0x4A, 0x35, 0x00, 0x0C, 0x4A, 0x35, 0x08, 0x2A, 0x4A, 0x35, 0x08, 0x2A, 0x4A, 0x35, 0x00, 0x2B,
    0x4A, 0x35, 0x00, 0x0C, 0x4A, 0x35, 0x00, 0x0C, 0x4A, 0x35, 0x00, 0x0C, 0x4A, 0x35, 0x00, 0x2B,
    0x4A, 0x35, 0x00, 0x2B, 0x4A, 0x35, 0x00, 0x0C, 0x4A, 0x35, 0x08, 0x2A, 0x4A, 0x35, 0x00, 0x2B,
    0x4A, 0x56, 0x00, 0x0E, 0x4A, 0x56, 0x00, 0x0D, 0x41, 0xF2, 0x00, 0x0D, 0x00, 0x00, 0x08, 0x2A,
    0x00, 0x0B, 0x73, 0x7F, 0x08, 0x2A, 0x52, 0x99, 0x08, 0x2A, 0x4A, 0x56, 0x00, 0x0D, 0x4A, 0x56,
    0x00, 0x10, 0x4A, 0x56, 0x00, 0x0D, 0x4A, 0x35, 0x08, 0x2A, 0x4A, 0x35, 0x08, 0x2A, 0x4A, 0x35,
    0x00, 0x0C, 0x4A, 0x35, 0x00, 0x0C, 0x4A, 0x35, 0x00, 0x0C, 0x4A, 0x35, 0x00, 0x0C, 0x4A, 0x35,
    0x00, 0x0B, 0x4A, 0x35, 0x00, 0x0C, 0x4A, 0x35, 0x00, 0x0D, 0x4A, 0x35, 0x08, 0x2A, 0x4A, 0x35,
    0x00, 0x2B, 0x4A, 0x35, 0x00, 0x0C, 0x4A, 0x35, 0x00, 0x0D, 0x4A, 0x35, 0x00, 0x0D, 0x4A, 0x35,
    0x08, 0x2A, 0x4A, 0x35, 0x00, 0x0E, 0x4A, 0x35, 0x00, 0x0E, 0x4A, 0x35, 0x00, 0x0C, 0x4A, 0x35,
    0x00, 0x0D, 0x4A, 0x35, 0x08, 0x2A, 0x4A, 0x35, 0x08, 0x2A, 0x4A, 0x35, 0x00, 0x0C, 0x4A, 0x35,
    0x08, 0x2A, 0x4A, 0x35, 0x08, 0x2A, 0x4A, 0x35, 0x08, 0x2A, 0x4A, 0x35, 0x08, 0x2A, 0x4A, 0x35,
    0x00, 0x0C, 0x4A, 0x35, 0x00, 0x0C, 0x4A, 0x35, 0x00, 0x0B, 0x84, 0xBC, 0x9D, 0x5C, 0xAD, 0x7B,
    0x84, 0x35, 0xA5, 0x1A, 0x83, 0xF4, 0x9D, 0x7D, 0x6B, 0xF9, 0x00, 0x00, 0x00, 0x00, 0x4A, 0x35,
    0x00, 0x0D, 0x4A, 0x35, 0x08, 0x2A, 0x4A, 0x35, 0x08, 0x2A, 0x4A, 0x35, 0x00, 0x0C, 0x4A, 0x35,
    0x00, 0x0C, 0x4A, 0x35, 0x00, 0x0C, 0x4A, 0x35, 0x00, 0x0C, 0x4A, 0x35, 0x00, 0x0B, 0x4A, 0x35,
    0x10, 0xAE, 0x95, 0x3E, 0x73, 0xBA, 0x73, 0x99, 0x4A, 0x53, 0x6B, 0x58, 0x4A, 0x74, 0x8C, 0xFE,
    0x6B, 0xFA, 0x4A, 0x55, 0x00, 0x00, 0x4A, 0x35, 0x00, 0x0D, 0x4A, 0x35, 0x18, 0xED, 0x95, 0x5E,
    0x95, 0x1C, 0xAD, 0x7B, 0x94, 0x98, 0xB5, 0xBB, 0xA5, 0x38, 0xC6, 0x1C, 0xAD, 0x7A, 0xBD, 0xDD,
    0xA5, 0x1A, 0xAD, 0x7D, 0x8C, 0x9A, 0x9C, 0xDC, 0x84, 0x5A, 0x94, 0xFD, 0x95, 0x3E, 0x8C, 0xFD,
    0x21, 0x4F, 0x95, 0x5E, 0x84, 0x9D, 0x7B, 0xFB, 0x6B, 0x78, 0x73, 0xBA, 0x84, 0xDE, 0x7C, 0x9C,
    0x00, 0x00, 0x00, 0x00, 0x00, 0x0B, 0x4A, 0x35, 0x00, 0x0B, 0x6B, 0xB9, 0x9D, 0x7E, 0xAD, 0x7B,
    0x8C, 0x35, 0xA5, 0x1A, 0x84, 0x58, 0x9D, 0xBF, 0x95, 0x9E, 0x9D, 0x5D, 0x63, 0x54, 0x84, 0x39,
    0x5A, 0xD1, 0x84, 0x19, 0x5A, 0xB2, 0x7B, 0xD9, 0x4A, 0x52, 0x73, 0xB9, 0x4A, 0x53, 0x73, 0xB9,
    0x4A, 0x73, 0x7C, 0x1A, 0x7C, 0x7B, 0x95, 0x5E, 0x4A, 0xB4, 0x4A, 0x35, 0x00, 0x00, 0x00, 0x00,
    0x00, 0x00, 0x4A, 0x35, 0x08, 0x2A, 0x4A, 0x35, 0x00, 0x2B, 0x4A, 0x35, 0x00, 0x0C, 0x52, 0xD7,
    0x95, 0x9E, 0xB5, 0xDC, 0x8C, 0x77, 0xA5, 0x3A, 0x84, 0x35, 0x9D, 0x9E, 0x42, 0x75, 0x00, 0x00,
    0x00, 0x00, 0x4A, 0x35, 0x00, 0x0C, 0x4A, 0x35, 0x00, 0x0D, 0x4A, 0x35, 0x08, 0x2A, 0x4A, 0x35,
    0x08, 0x2A, 0x4A, 0x55, 0x6B, 0xD8, 0x9D, 0x9E, 0x84, 0x78, 0x94, 0xBA, 0x63, 0x12, 0x84, 0x39,
    0x5A, 0xD2, 0x84, 0x19, 0x5A, 0xD2, 0x7B, 0xF9, 0x4A, 0x73, 0x73, 0xB9, 0x4A, 0x73, 0x73, 0xD9,
    0x6B, 0x98, 0x95, 0x7E, 0x9D, 0xBF, 0x95, 0x3E, 0x73, 0xB8, 0x8C, 0x9B, 0x84, 0x3A, 0x94, 0xFE,
    0x8D, 0x1D, 0x4A, 0x76, 0x00, 0x00, 0x00, 0x00, 0x00, 0x0D, 0x4A, 0x35, 0x08, 0x2A, 0x4A, 0x35,
    0x08, 0x2A, 0x4A, 0x35, 0x08, 0x4C, 0x73, 0xFA, 0x95, 0x7E, 0xA5, 0xBE, 0x9C, 0xF8, 0xBE, 0x1C,
    0xA5, 0x5A, 0xB5, 0xDD, 0xA5, 0x3A, 0xAD, 0x7D, 0x94, 0xBB, 0x9D, 0x1C, 0x8C, 0x7A, 0x94, 0xBC,
    0x84, 0x19, 0x8C, 0x9C, 0x84, 0x3A, 0x94, 0xFE, 0x95, 0x7E, 0x84, 0x9C, 0x18, 0xCF, 0x00, 0x00,
    0x00, 0x00, 0x00, 0x00, 0x00, 0x00, 0x4A, 0x35, 0x00, 0x0E, 0x4A, 0x35, 0x00, 0x0E, 0x4A, 0x35,
    0x00, 0x0C, 0x4A, 0x35, 0x00, 0x0D, 0x4A, 0x35, 0x08, 0x2A, 0x4A, 0x35, 0x08, 0x2A, 0x4A, 0x35,
    0x00, 0x0C, 0x4A, 0x35, 0x08, 0x2A, 0x4A, 0x35, 0x08, 0x2A, 0x4A, 0x35, 0x08, 0x2A, 0x4A, 0x35,
    0x08, 0x2A, 0x4A, 0x35, 0x00, 0x0C, 0x4A, 0x35, 0x00, 0x0C, 0x4A, 0x35, 0x00, 0x0B, 0x4A, 0x35,
    0x00, 0x0B, 0x4A, 0x35, 0x08, 0x2A, 0x4A, 0x35, 0x08, 0x2A, 0x4A, 0x35, 0x00, 0x0D, 0x4A, 0x35,
    0x00, 0x10, 0x4A, 0x35, 0x00, 0x0D, 0x4A, 0x35, 0x08, 0x2A, 0x4A, 0x35, 0x08, 0x2A, 0x4A, 0x35,
    0x00, 0x0C, 0x4A, 0x35, 0x00, 0x0C, 0x4A, 0x35, 0x00, 0x0C, 0x4A, 0x35, 0x00, 0x0C, 0x4A, 0x35,
    0x00, 0x0B, 0x4A, 0x35, 0x00, 0x0C, 0x4A, 0x35, 0x00, 0x0D, 0x4A, 0x35, 0x08, 0x2A, 0x4A, 0x56,
    0x00, 0x2B, 0x4A, 0x56, 0x00, 0x0C, 0x6B, 0x5F, 0x00, 0x0D, 0x00, 0x00, 0x00, 0x0D, 0x00, 0x00,
    0x9C, 0xDF, 0x00, 0x0D, 0x63, 0x3E, 0x00, 0x2B, 0x00, 0x00, 0x08, 0x2A, 0x4A, 0x55, 0x00, 0x0E,
    0x4A, 0x55, 0x00, 0x0F, 0x42, 0x35, 0x00, 0x0C, 0x42, 0x35, 0x08, 0x2A, 0x42, 0x35, 0x00, 0x0C,
    0x42, 0x35, 0x00, 0x0D, 0x42, 0x35, 0x00, 0x2B, 0x42, 0x35, 0x00, 0x0D, 0x42, 0x35, 0x00, 0x0D,
    0x42, 0x35, 0x00, 0x0C, 0x42, 0x35, 0x00, 0x0D, 0x42, 0x35, 0x00, 0x0B, 0x42, 0x35, 0x08, 0x2A,
    0x42, 0x35, 0x08, 0x2A, 0x42, 0x35, 0x00, 0x2B, 0x42, 0x35, 0x00, 0x0C, 0x42, 0x35, 0x00, 0x0C,
    0x42, 0x35, 0x00, 0x0D, 0x42, 0x35, 0x00, 0x0D, 0x42, 0x35, 0x00, 0x0F, 0x42, 0x35, 0x00, 0x0D,
    0x42, 0x35, 0x00, 0x0D, 0x42, 0x35, 0x08, 0x2A, 0x42, 0x35, 0x08, 0x2A, 0x42, 0x35, 0x00, 0x2B,
    0x42, 0x35, 0x08, 0x2A, 0x42, 0x35, 0x08, 0x2A, 0x42, 0x35, 0x08, 0x2A, 0x42, 0x35, 0x00, 0x2B,
    0x42, 0x35, 0x00, 0x0C, 0x42, 0x35, 0x00, 0x2B, 0x42, 0x35, 0x6B, 0xF9, 0xA5, 0xBE, 0x8C, 0xB8,
    0xA5, 0x7B, 0x8C, 0x97, 0xA5, 0x5B, 0x95, 0x3C, 0x84, 0xBC, 0x00, 0x00, 0x00, 0x00, 0x00, 0x0F,
    0x42, 0x35, 0x00, 0x0C, 0x42, 0x35, 0x08, 0x2A, 0x42, 0x35, 0x00, 0x0C, 0x42, 0x35, 0x00, 0x0D,
    0x42, 0x35, 0x00, 0x2B, 0x42, 0x35, 0x00, 0x0D, 0x42, 0x35, 0x00, 0x0D, 0x42, 0x35, 0x00, 0x0C,
    0x42, 0x35, 0x52, 0xF6, 0x8D, 0x1E, 0x5A, 0xF6, 0x73, 0xBA, 0x52, 0xD5, 0x73, 0xDA, 0x73, 0xFA,
    0x9D, 0x9F, 0x29, 0x90, 0x00, 0x00, 0x00, 0x0C, 0x42, 0x35, 0x00, 0x0C, 0x42, 0x35, 0x29, 0x91,
    0x95, 0x3D, 0x95, 0x5E, 0xA5, 0x9D, 0x94, 0xD9, 0xAD, 0x9B, 0x94, 0xB8, 0xB5, 0xBC, 0x9D, 0x1A,
    0xAD, 0x9D, 0x9C, 0xFA, 0xA5, 0x3D, 0x94, 0xFC, 0x9D, 0x7E, 0x95, 0x5E, 0x7C, 0x3B, 0x10, 0x8B,
    0x4A, 0x55, 0x8D, 0x1D, 0x94, 0xFE, 0x7C, 0x1A, 0x84, 0x3B, 0x73, 0xB9, 0x8D, 0x1F, 0x6B, 0xD9,
    0x00, 0x00, 0x00, 0x00, 0x42, 0x35, 0x00, 0x0C, 0x42, 0x35, 0x42, 0x74, 0x9D, 0xBF, 0x8C, 0x97,
    0xAD, 0x5B, 0x8C, 0x56, 0xA5, 0x5B, 0x95, 0x7E, 0x73, 0xFA, 0x95, 0x5D, 0x9D, 0x7E, 0x7C, 0x18,
    0x8C, 0x5A, 0x5A, 0xF2, 0x84, 0x19, 0x52, 0xB3, 0x73, 0xB9, 0x4A, 0x53, 0x73, 0xB9, 0x5A, 0xF5,
    0x84, 0xBC, 0x8D, 0x3E, 0x8C, 0xDD, 0x29, 0x71, 0x42, 0x35, 0x00, 0x00, 0x00, 0x00, 0x00, 0x00,
    0x42, 0x35, 0x00, 0x0B, 0x42, 0x35, 0x08, 0x2A, 0x42, 0x35, 0x08, 0x2A, 0x42, 0x35, 0x21, 0x2F,
    0x9D, 0xBF, 0x9D, 0x1A, 0xAD, 0x7B, 0x8C, 0x77, 0xA5, 0x5B, 0x95, 0x5E, 0x6B, 0xB9, 0x00, 0x00,
    0x00, 0x00, 0x00, 0x0F, 0x42, 0x35, 0x00, 0x0D, 0x42, 0x35, 0x00, 0x0D, 0x42, 0x35, 0x08, 0x2A,
    0x42, 0x35, 0x08, 0x2A, 0x4A, 0x55, 0x52, 0xD5, 0x95, 0x7E, 0x8D, 0x1C, 0x95, 0x1C, 0x6B, 0x74,
    0x84, 0x59, 0x5A, 0xF2, 0x84, 0x39, 0x5A, 0xB3, 0x7B, 0xD9, 0x52, 0x93, 0x7C, 0x3A, 0x84, 0xBB,
    0x9D, 0xBF, 0x63, 0xB8, 0x84, 0xBC, 0x84, 0xBC, 0x84, 0x3B, 0x73, 0xB8, 0x8C, 0x9C, 0x8C, 0xBD,
    0x95, 0x5E, 0x08, 0x6F, 0x00, 0x00, 0x00, 0x00, 0x42, 0x35, 0x00, 0x0C, 0x42, 0x35, 0x08, 0x2A,
    0x42, 0x35, 0x00, 0x0C, 0x42, 0x35, 0x00, 0x2D, 0x5B, 0x17, 0x7C, 0x9B, 0x9D, 0x9E, 0x95, 0x3B,
    0xAD, 0xBD, 0x9D, 0x1A, 0xB5, 0xBD, 0x9C, 0xFA, 0xA5, 0x3D, 0x8C, 0x7A, 0x9C, 0xFC, 0x7B, 0xF9,
    0x8C, 0xBC, 0x8C, 0xDC, 0x95, 0x5F, 0x8C, 0xFD, 0x63, 0x79, 0x08, 0x4C, 0x00, 0x00, 0x00, 0x00,
    0x00, 0x00, 0x00, 0x00, 0x42, 0x35, 0x00, 0x0D, 0x42, 0x35, 0x00, 0x0D, 0x42, 0x35, 0x00, 0x0F,
    0x42, 0x35, 0x00, 0x0D, 0x42, 0x35, 0x00, 0x0D, 0x42, 0x35, 0x08, 0x2A, 0x42, 0x35, 0x08, 0x2A,
    0x42, 0x35, 0x00, 0x2B, 0x42, 0x35, 0x08, 0x2A, 0x42, 0x35, 0x08, 0x2A, 0x42, 0x35, 0x08, 0x2A,
    0x42, 0x35, 0x00, 0x2B, 0x42, 0x35, 0x00, 0x0C, 0x42, 0x35, 0x00, 0x2B, 0x42, 0x35, 0x00, 0x0C,
    0x42, 0x35, 0x00, 0x0D, 0x42, 0x35, 0x00, 0x2B, 0x42, 0x35, 0x08, 0x2A, 0x42, 0x35, 0x00, 0x0E,
    0x42, 0x35, 0x00, 0x0F, 0x42, 0x35, 0x00, 0x0C, 0x42, 0x35, 0x08, 0x2A, 0x42, 0x35, 0x00, 0x0C,
    0x42, 0x35, 0x00, 0x0D, 0x42, 0x35, 0x00, 0x2B, 0x42, 0x35, 0x00, 0x0D, 0x42, 0x35, 0x00, 0x0D,
    0x42, 0x35, 0x00, 0x0C, 0x42, 0x35, 0x00, 0x0D, 0x42, 0x35, 0x00, 0x0B, 0x42, 0x35, 0x08, 0x2A,
    0x4A, 0x55, 0x08, 0x2A, 0x4A, 0x55, 0x00, 0x2B, 0x39, 0xF2, 0x00, 0x0C, 0x00, 0x00, 0x00, 0x0C,
    0x00, 0x0D, 0x6B, 0x5F, 0x00, 0x0E, 0x52, 0x98, 0x00, 0x2B, 0x4A, 0x35, 0x00, 0x2B, 0x4A, 0x35,
    0x00, 0x0C, 0x4A, 0x35, 0x00, 0x0E, 0x42, 0x35, 0x00, 0x0C, 0x42, 0x35, 0x08, 0x2A, 0x42, 0x35,
    0x00, 0x0D, 0x42, 0x35, 0x00, 0x0D, 0x42, 0x35, 0x00, 0x2B, 0x42, 0x35, 0x00, 0x0E, 0x42, 0x35,
    0x00, 0x0C, 0x42, 0x35, 0x00, 0x2B, 0x42, 0x35, 0x00, 0x2B, 0x42, 0x35, 0x08, 0x2A, 0x42, 0x35,
    0x08, 0x2A, 0x42, 0x35, 0x08, 0x2A, 0x42, 0x35, 0x00, 0x2B, 0x42, 0x35, 0x00, 0x0C, 0x42, 0x35,
    0x00, 0x0C, 0x42, 0x35, 0x00, 0x0C, 0x42, 0x35, 0x00, 0x0D, 0x42, 0x35, 0x00, 0x0E, 0x42, 0x35,
    0x00, 0x0D, 0x42, 0x35, 0x00, 0x0D, 0x42, 0x35, 0x08, 0x2A, 0x42, 0x35, 0x00, 0x2B, 0x42, 0x35,
    0x00, 0x2B, 0x42, 0x35, 0x08, 0x2A, 0x42, 0x35, 0x00, 0x2B, 0x42, 0x35, 0x00, 0x2B, 0x42, 0x35,
    0x00, 0x0D, 0x42, 0x35, 0x00, 0x0D, 0x42, 0x35, 0x00, 0x0C, 0x73, 0xFA, 0x8C, 0xFD, 0x95, 0x5D,
    0x84, 0xFC, 0x95, 0x5D, 0x84, 0xFC, 0x95, 0x5E, 0x52, 0xF5, 0x00, 0x00, 0x00, 0x00, 0x42, 0x35,
    0x00, 0x0E, 0x42, 0x35, 0x00, 0x0C, 0x42, 0x35, 0x08, 0x2A, 0x42, 0x35, 0x00, 0x0D, 0x42, 0x35,
    0x00, 0x0D, 0x42, 0x35, 0x00, 0x2B, 0x42, 0x35, 0x00, 0x0E, 0x42, 0x35, 0x00, 0x0C, 0x42, 0x35,
    0x00, 0x2B, 0x52, 0x96, 0x74, 0x5A, 0x8D, 0x1D, 0x84, 0xBB, 0x8D, 0x1D, 0x84, 0xBB, 0x8D, 0x1E,
    0x84, 0xFC, 0x63, 0x79, 0x00, 0x00, 0x00, 0x00, 0x00, 0x0C, 0x42, 0x35, 0x00, 0x0C, 0x42, 0x35,
    0x10, 0xAE, 0x74, 0x1B, 0x8D, 0x3D, 0x9D, 0x9F, 0x95, 0x7E, 0x9D, 0x9E, 0x95, 0x1C, 0xA5, 0x7D,
    0x95, 0x3C, 0x9D, 0x9E, 0x9D, 0x9E, 0x9D, 0x9F, 0x74, 0x3A, 0x5B, 0x17, 0x08, 0x2B, 0x00, 0x00,
    0x08, 0x6B, 0x8D, 0x1D, 0x95, 0x5E, 0x95, 0x5E, 0x8D, 0x1D, 0x95, 0x5E, 0x95, 0x7E, 0x7C, 0x5B,
    0x00, 0x00, 0x00, 0x00, 0x00, 0x0C, 0x42, 0x35, 0x00, 0x0D, 0x63, 0x78, 0x95, 0x9E, 0x95, 0x7E,
    0x95, 0x3C, 0x95, 0x7E, 0x8D, 0x3D, 0x95, 0x9E, 0x19, 0x0F, 0x52, 0xD7, 0x6B, 0xD9, 0x9D, 0x7E,
    0x95, 0x5E, 0x95, 0x5E, 0x7C, 0x7A, 0x8C, 0x9B, 0x7C, 0x5A, 0x8C, 0xFD, 0x84, 0xDD, 0x8D, 0x1E,
    0x74, 0x1A, 0x63, 0x78, 0x08, 0x6F, 0x00, 0x00, 0x00, 0x00, 0x00, 0x00, 0x00, 0x00, 0x00, 0x00,
    0x00, 0x2B, 0x42, 0x35, 0x08, 0x2A, 0x42, 0x35, 0x08, 0x2A, 0x42, 0x35, 0x08, 0x2A, 0x52, 0xB6,
    0x95, 0x5D, 0x9D, 0x9E, 0x8D, 0x3D, 0x9D, 0x7E, 0x8D, 0x3D, 0x9D, 0x9F, 0x3A, 0x13, 0x00, 0x00,
    0x00, 0x00, 0x42, 0x35, 0x00, 0x0E, 0x42, 0x35, 0x00, 0x0D, 0x42, 0x35, 0x00, 0x0D, 0x42, 0x35,
    0x08, 0x2A, 0x42, 0x35, 0x00, 0x2B, 0x00, 0x00, 0x10, 0xAD, 0x74, 0x1A, 0x8D, 0x1D, 0x9D, 0x9E,
    0x8D, 0x3C, 0x95, 0x3D, 0x7C, 0x7A, 0x8C, 0xDC, 0x84, 0x9B, 0x95, 0x5E, 0x95, 0x5E, 0x8D, 0x1D,
    0x3A, 0x33, 0x4A, 0x55, 0x5B, 0x78, 0x95, 0x7E, 0x84, 0xDC, 0x95, 0x3E, 0x8D, 0x1D, 0x95, 0x7F,
    0x7C, 0x9B, 0x4A, 0x55, 0x00, 0x00, 0x00, 0x00, 0x00, 0x0E, 0x42, 0x35, 0x00, 0x0C, 0x42, 0x35,
    0x08, 0x2A, 0x42, 0x35, 0x00, 0x0D, 0x42, 0x35, 0x00, 0x00, 0x4A, 0x55, 0x3A, 0x33, 0x8C, 0xFD,
    0x95, 0x7E, 0x9D, 0xBF, 0x9D, 0x7E, 0xA5, 0x9E, 0x94, 0xFB, 0x9D, 0x5E, 0x95, 0x3D, 0x9D, 0x7F,
    0x95, 0x7E, 0x8D, 0x1D, 0x4A, 0xD4, 0x4A, 0x96, 0x00, 0x00, 0x00, 0x00, 0x00, 0x00, 0x00, 0x00,
    0x00, 0x00, 0x42, 0x35, 0x00, 0x0C, 0x42, 0x35, 0x00, 0x0C, 0x42, 0x35, 0x00, 0x0D, 0x42, 0x35,
    0x00, 0x0E, 0x42, 0x35, 0x00, 0x0D, 0x42, 0x35, 0x00, 0x0D, 0x42, 0x35, 0x08, 0x2A, 0x42, 0x35,
    0x00, 0x2B, 0x42, 0x35, 0x00, 0x2B, 0x42, 0x35, 0x08, 0x2A, 0x42, 0x35, 0x00, 0x2B, 0x42, 0x35,
    0x00, 0x2B, 0x42, 0x35, 0x00, 0x0D, 0x42, 0x35, 0x00, 0x0D, 0x42, 0x35, 0x00, 0x0C, 0x42, 0x35,
    0x00, 0x0D, 0x42, 0x35, 0x00, 0x0E, 0x42, 0x35, 0x00, 0x2B, 0x42, 0x35, 0x00, 0x2B, 0x42, 0x35,
    0x00, 0x0C, 0x42, 0x35, 0x00, 0x0E, 0x42, 0x35, 0x00, 0x0C, 0x42, 0x35, 0x08, 0x2A, 0x42, 0x35,
    0x00, 0x0D, 0x42, 0x35, 0x00, 0x0D, 0x42, 0x35, 0x00, 0x2B, 0x42, 0x35, 0x00, 0x0E, 0x42, 0x35,
    0x00, 0x0C, 0x42, 0x35, 0x00, 0x2B, 0x42, 0x35, 0x00, 0x2B, 0x42, 0x35, 0x08, 0x2A, 0x4A, 0x35,
    0x08, 0x2A, 0x4A, 0x35, 0x08, 0x2A, 0x6B, 0x3F, 0x00, 0x2B, 0x00, 0x00, 0x00, 0x0C, 0x00, 0x00,
    0x9C, 0xBF, 0x00, 0x0D, 0x63, 0x1E, 0x00, 0x0E, 0x00, 0x00, 0x00, 0x2B, 0x4A, 0x35, 0x08, 0x2A,
    0x4A, 0x35, 0x00, 0x2B, 0x42, 0x15, 0x00, 0x0E, 0x42, 0x15, 0x00, 0x0C, 0x42, 0x15, 0x08, 0x2A,
    0x42, 0x15, 0x00, 0x0D, 0x42, 0x15, 0x00, 0x0C, 0x42, 0x15, 0x00, 0x0D, 0x42, 0x15, 0x00, 0x0E,
    0x42, 0x15, 0x00, 0x0B, 0x42, 0x15, 0x08, 0x2A, 0x42, 0x15, 0x08, 0x2A, 0x42, 0x15, 0x00, 0x2B,
    0x42, 0x15, 0x08, 0x2A, 0x42, 0x15, 0x00, 0x2B, 0x42, 0x15, 0x00, 0x2B, 0x42, 0x15, 0x00, 0x2B,
    0x42, 0x15, 0x00, 0x0B, 0x42, 0x15, 0x00, 0x2B, 0x42, 0x15, 0x00, 0x2B, 0x42, 0x15, 0x00, 0x0B,
    0x42, 0x15, 0x00, 0x0D, 0x42, 0x15, 0x00, 0x0C, 0x42, 0x15, 0x08, 0x2A, 0x42, 0x15, 0x00, 0x0C,
    0x42, 0x15, 0x00, 0x2B, 0x42, 0x15, 0x08, 0x2A, 0x42, 0x15, 0x00, 0x2B, 0x42, 0x15, 0x00, 0x0D,
    0x42, 0x15, 0x00, 0x0F, 0x42, 0x15, 0x00, 0x0D, 0x42, 0x15, 0x08, 0x2D, 0x4A, 0x55, 0x08, 0x6E,
    0x4A, 0x55, 0x08, 0x6F, 0x4A, 0x55, 0x08, 0x6C, 0x42, 0x35, 0x00, 0x00, 0x00, 0x00, 0x00, 0x2B,
    0x42, 0x15, 0x00, 0x0E, 0x42, 0x15, 0x00, 0x0C, 0x42, 0x15, 0x08, 0x2A, 0x42, 0x15, 0x00, 0x0D,
    0x42, 0x15, 0x00, 0x0C, 0x42, 0x15, 0x00, 0x0D, 0x42, 0x15, 0x00, 0x0E, 0x42, 0x15, 0x00, 0x0B,
    0x42, 0x15, 0x08, 0x2A, 0x4A, 0x55, 0x10, 0x6B, 0x4A, 0x55, 0x08, 0x6C, 0x4A, 0x55, 0x10, 0x6C,
    0x4A, 0x55, 0x08, 0x2B, 0x00, 0x00, 0x00, 0x00, 0x42, 0x15, 0x00, 0x2B, 0x42, 0x15, 0x00, 0x0B,
    0x42, 0x15, 0x08, 0x2B, 0x4A, 0x76, 0x21, 0x2F, 0x63, 0x78, 0x4A, 0xB4, 0x73, 0xD9, 0x4A, 0xD5,
    0x73, 0xFA, 0x4A, 0xD5, 0x63, 0x99, 0x21, 0x0E, 0x42, 0x35, 0x00, 0x00, 0x00, 0x00, 0x00, 0x00,
    0x00, 0x00, 0x18, 0xCD, 0x52, 0xD7, 0x21, 0x2F, 0x52, 0xD7, 0x21, 0x30, 0x52, 0xD7, 0x10, 0x90,
    0x00, 0x00, 0x00, 0x00, 0x42, 0x15, 0x00, 0x0D, 0x42, 0x15, 0x08, 0x4E, 0x52, 0xB6, 0x21, 0x31,
    0x52, 0xD7, 0x21, 0x2F, 0x52, 0xD7, 0x19, 0x0E, 0x42, 0x35, 0x00, 0x00, 0x42, 0x15, 0x18, 0xF1,
    0x63, 0x79, 0x4A, 0x94, 0x6B, 0xB9, 0x4A, 0x93, 0x6B, 0xB9, 0x42, 0x75, 0x63, 0x58, 0x10, 0xAE,
    0x42, 0x35, 0x00, 0x00, 0x00, 0x00, 0x00, 0x00, 0x00, 0x00, 0x00, 0x00, 0x00, 0x00, 0x08, 0x2A,
    0x42, 0x15, 0x08, 0x2A, 0x42, 0x15, 0x00, 0x2B, 0x42, 0x15, 0x08, 0x2A, 0x42, 0x15, 0x08, 0x2B,
    0x52, 0xB6, 0x21, 0x2E, 0x52, 0xD7, 0x21, 0x2F, 0x52, 0xD7, 0x21, 0x0F, 0x4A, 0x55, 0x00, 0x00,
    0x00, 0x00, 0x00, 0x2B, 0x42, 0x15, 0x00, 0x0B, 0x42, 0x15, 0x00, 0x0D, 0x42, 0x15, 0x00, 0x0C,
    0x42, 0x15, 0x08, 0x2A, 0x42, 0x15, 0x00, 0x0C, 0x00, 0x00, 0x00, 0x00, 0x4A, 0x76, 0x39, 0xF1,
    0x6B, 0xB9, 0x4A, 0xB4, 0x6B, 0xD9, 0x4A, 0x95, 0x6B, 0xD9, 0x42, 0x76, 0x5A, 0xF7, 0x08, 0x4E,
    0x00, 0x00, 0x00, 0x00, 0x4A, 0x75, 0x21, 0x30, 0x52, 0xD7, 0x21, 0x31, 0x52, 0xD7, 0x21, 0x2F,
    0x52, 0x96, 0x00, 0x00, 0x00, 0x00, 0x00, 0x00, 0x42, 0x15, 0x00, 0x0E, 0x42, 0x15, 0x00, 0x0C,
    0x42, 0x15, 0x08, 0x2A, 0x42, 0x15, 0x00, 0x0D, 0x42, 0x15, 0x00, 0x00, 0x00, 0x00, 0x08, 0x2D,
    0x52, 0xB6, 0x42, 0x34, 0x73, 0xD9, 0x52, 0xD5, 0x73, 0xDA, 0x4A, 0xD4, 0x6B, 0xD9, 0x42, 0x73,
    0x5A, 0xF7, 0x08, 0x4C, 0x00, 0x00, 0x00, 0x00, 0x00, 0x00, 0x00, 0x00, 0x00, 0x00, 0x00, 0x00,
    0x42, 0x15, 0x00, 0x2B, 0x42, 0x15, 0x00, 0x0B, 0x42, 0x15, 0x00, 0x2B, 0x42, 0x15, 0x00, 0x2B,
    0x42, 0x15, 0x00, 0x0B, 0x42, 0x15, 0x00, 0x0D, 0x42, 0x15, 0x00, 0x0C, 0x42, 0x15, 0x08, 0x2A,
    0x42, 0x15, 0x00, 0x0C, 0x42, 0x15, 0x00, 0x2B, 0x42, 0x15, 0x08, 0x2A, 0x42, 0x15, 0x00, 0x2B,
    0x42, 0x15, 0x00, 0x0D, 0x42, 0x15, 0x00, 0x0F, 0x42, 0x15, 0x00, 0x0D, 0x42, 0x15, 0x00, 0x0D,
    0x42, 0x15, 0x00, 0x0D, 0x42, 0x15, 0x00, 0x0E, 0x42, 0x15, 0x00, 0x2B, 0x42, 0x15, 0x08, 0x2A,
    0x42, 0x15, 0x00, 0x2B, 0x42, 0x15, 0x00, 0x0E, 0x42, 0x15, 0x00, 0x0C, 0x42, 0x15, 0x08, 0x2A,
    0x42, 0x15, 0x00, 0x0D, 0x42, 0x15, 0x00, 0x0C, 0x42, 0x15, 0x00, 0x0D, 0x42, 0x15, 0x00, 0x0E,
    0x42, 0x15, 0x00, 0x0B, 0x42, 0x15, 0x08, 0x2A, 0x42, 0x15, 0x08, 0x2A, 0x42, 0x15, 0x00, 0x2B,
    0x4A, 0x35, 0x08, 0x2A, 0x4A, 0x35, 0x00, 0x2B, 0x39, 0xD2, 0x00, 0x2B, 0x00, 0x00, 0x00, 0x2B,
    0x00, 0x0C, 0x6B, 0x3F, 0x00, 0x0D, 0x52, 0x78, 0x00, 0x0E, 0x42, 0x35, 0x00, 0x2B, 0x42, 0x35,
    0x08, 0x2A, 0x42, 0x35, 0x00, 0x2B, 0x42, 0x14, 0x00, 0x0E, 0x42, 0x14, 0x00, 0x2B, 0x42, 0x14,
    0x08, 0x2A, 0x42, 0x14, 0x00, 0x0C, 0x42, 0x14, 0x08, 0x2A, 0x42, 0x14, 0x00, 0x0D, 0x42, 0x14,
    0x00, 0x0D, 0x42, 0x14, 0x00, 0x0C, 0x42, 0x14, 0x08, 0x2A, 0x42, 0x14, 0x00, 0x2B, 0x42, 0x14,
    0x00, 0x0C, 0x42, 0x14, 0x00, 0x0D, 0x42, 0x14, 0x00, 0x0C, 0x42, 0x14, 0x08, 0x2A, 0x42, 0x14,
    0x00, 0x2B, 0x42, 0x14, 0x00, 0x2B, 0x42, 0x14, 0x08, 0x2A, 0x42, 0x14, 0x08, 0x2A, 0x42, 0x14,
    0x00, 0x2B, 0x42, 0x14, 0x00, 0x0C, 0x42, 0x14, 0x00, 0x0C, 0x42, 0x14, 0x00, 0x0C, 0x42, 0x14,
    0x00, 0x0E, 0x42, 0x14, 0x00, 0x2B, 0x42, 0x14, 0x08, 0x2A, 0x42, 0x14, 0x00, 0x0B, 0x42, 0x14,
    0x00, 0x0E, 0x42, 0x14, 0x00, 0x0E, 0x42, 0x14, 0x00, 0x0D, 0x42, 0x14, 0x00, 0x0C, 0x00, 0x00,
    0x00, 0x00, 0x00, 0x00, 0x00, 0x00, 0x00, 0x00, 0x00, 0x00, 0x00, 0x00, 0x00, 0x00, 0x42, 0x14,
    0x00, 0x2B, 0x42, 0x14, 0x00, 0x0E, 0x42, 0x14, 0x00, 0x2B, 0x42, 0x14, 0x08, 0x2A, 0x42, 0x14,
    0x00, 0x0C, 0x42, 0x14, 0x08, 0x2A, 0x42, 0x14, 0x00, 0x0D, 0x42, 0x14, 0x00, 0x0D, 0x42, 0x14,
    0x00, 0x0C, 0x42, 0x14, 0x08, 0x2A, 0x00, 0x00, 0x00, 0x00, 0x00, 0x00, 0x00, 0x00, 0x00, 0x00,
    0x00, 0x00, 0x00, 0x00, 0x00, 0x00, 0x00, 0x00, 0x08, 0x2A, 0x42, 0x14, 0x00, 0x2B, 0x42, 0x14,
    0x00, 0x2B, 0x42, 0x14, 0x00, 0x00, 0x00, 0x00, 0x00, 0x00, 0x00, 0x00, 0x00, 0x00, 0x00, 0x00,
    0x00, 0x00, 0x00, 0x00, 0x00, 0x00, 0x00, 0x00, 0x00, 0x00, 0x00, 0x00, 0x00, 0x00, 0x00, 0x00,
    0x00, 0x00, 0x42, 0x14, 0x00, 0x00, 0x00, 0x00, 0x00, 0x00, 0x00, 0x00, 0x00, 0x00, 0x00, 0x00,
    0x00, 0x00, 0x00, 0x00, 0x00, 0x0D, 0x42, 0x14, 0x00, 0x0C, 0x42, 0x14, 0x00, 0x0D, 0x00, 0x00,
    0x00, 0x00, 0x00, 0x00, 0x00, 0x00, 0x00, 0x00, 0x00, 0x00, 0x00, 0x00, 0x00, 0x00, 0x00, 0x00,
    0x00, 0x00, 0x00, 0x00, 0x00, 0x00, 0x00, 0x00, 0x00, 0x00, 0x00, 0x00, 0x00, 0x00, 0x00, 0x00,
    0x00, 0x00, 0x00, 0x00, 0x00, 0x00, 0x00, 0x00, 0x00, 0x00, 0x42, 0x14, 0x00, 0x0C, 0x42, 0x14,
    0x08, 0x2A, 0x42, 0x14, 0x00, 0x2B, 0x42, 0x14, 0x00, 0x0C, 0x42, 0x14, 0x00, 0x0D, 0x42, 0x14,
    0x00, 0x0C, 0x00, 0x00, 0x00, 0x00, 0x00, 0x00, 0x00, 0x00, 0x00, 0x00, 0x00, 0x00, 0x00, 0x00,
    0x00, 0x00, 0x42, 0x14, 0x08, 0x2A, 0x42, 0x14, 0x00, 0x2B, 0x42, 0x14, 0x00, 0x0C, 0x42, 0x14,
    0x00, 0x0C, 0x42, 0x14, 0x00, 0x0C, 0x42, 0x14, 0x00, 0x0E, 0x42, 0x14, 0x00, 0x00, 0x00, 0x00,
    0x00, 0x00, 0x00, 0x00, 0x00, 0x00, 0x00, 0x00, 0x00, 0x00, 0x00, 0x00, 0x00, 0x00, 0x00, 0x00,
    0x00, 0x00, 0x00, 0x00, 0x00, 0x00, 0x00, 0x00, 0x00, 0x00, 0x00, 0x00, 0x00, 0x00, 0x00, 0x00,
    0x00, 0x00, 0x00, 0x00, 0x00, 0x00, 0x00, 0x00, 0x00, 0x2B, 0x42, 0x14, 0x00, 0x0E, 0x42, 0x14,
    0x00, 0x2B, 0x42, 0x14, 0x08, 0x2A, 0x42, 0x14, 0x00, 0x0C, 0x42, 0x14, 0x08, 0x2A, 0x00, 0x00,
    0x00, 0x00, 0x00, 0x00, 0x00, 0x00, 0x00, 0x00, 0x00, 0x00, 0x00, 0x00, 0x00, 0x00, 0x00, 0x00,
    0x00, 0x00, 0x00, 0x00, 0x00, 0x00, 0x00, 0x00, 0x00, 0x00, 0x00, 0x00, 0x00, 0x0C, 0x42, 0x14,
    0x08, 0x2A, 0x42, 0x14, 0x00, 0x2B, 0x42, 0x14, 0x00, 0x2B, 0x42, 0x14, 0x08, 0x2A, 0x42, 0x14,
    0x08, 0x2A, 0x42, 0x14, 0x00, 0x2B, 0x42, 0x14, 0x00, 0x0C, 0x42, 0x14, 0x00, 0x0C, 0x42, 0x14,
    0x00, 0x0C, 0x42, 0x14, 0x00, 0x0E, 0x42, 0x14, 0x00, 0x2B, 0x42, 0x14, 0x08, 0x2A, 0x42, 0x14,
    0x00, 0x0B, 0x42, 0x14, 0x00, 0x0E, 0x42, 0x14, 0x00, 0x0E, 0x42, 0x14, 0x00, 0x0D, 0x42, 0x14,
    0x00, 0x0C, 0x42, 0x14, 0x00, 0x0D, 0x42, 0x14, 0x00, 0x0E, 0x42, 0x14, 0x00, 0x2B, 0x42, 0x14,
    0x08, 0x2A, 0x42, 0x14, 0x00, 0x2B, 0x42, 0x14, 0x00, 0x0E, 0x42, 0x14, 0x00, 0x2B, 0x42, 0x14,
    0x08, 0x2A, 0x42, 0x14, 0x00, 0x0C, 0x42, 0x14, 0x08, 0x2A, 0x42, 0x14, 0x00, 0x0D, 0x42, 0x14,
    0x00, 0x0D, 0x42, 0x14, 0x00, 0x0C, 0x42, 0x14, 0x08, 0x2A, 0x42, 0x14, 0x00, 0x2B, 0x42, 0x35,
    0x00, 0x0C, 0x42, 0x35, 0x00, 0x0D, 0x63, 0x1E, 0x00, 0x0C, 0x00, 0x00, 0x08, 0x2A, 0x00, 0x00,
    0x94, 0x9F, 0x00, 0x2B, 0x62, 0xFD, 0x00, 0x0D, 0x00, 0x00, 0x00, 0x0D, 0x42, 0x35, 0x00, 0x0C,
    0x42, 0x35, 0x08, 0x2A, 0x42, 0x14, 0x00, 0x2B, 0x42, 0x14, 0x00, 0x0C, 0x42, 0x14, 0x08, 0x2A,
    0x42, 0x14, 0x08, 0x2A, 0x42, 0x14, 0x08, 0x2A, 0x42, 0x14, 0x00, 0x2B, 0x42, 0x14, 0x00, 0x0D,
    0x42, 0x14, 0x00, 0x0E, 0x42, 0x14, 0x00, 0x0C, 0x42, 0x14, 0x08, 0x2A, 0x42, 0x14, 0x00, 0x2B,
    0x42, 0x14, 0x00, 0x0D, 0x42, 0x14, 0x00, 0x0F, 0x42, 0x14, 0x00, 0x2B, 0x42, 0x14, 0x00, 0x2B,
    0x42, 0x14, 0x00, 0x0C, 0x42, 0x14, 0x00, 0x2B, 0x42, 0x14, 0x08, 0x2A, 0x42, 0x14, 0x00, 0x2B,
    0x42, 0x14, 0x00, 0x2B, 0x42, 0x14, 0x00, 0x0C, 0x42, 0x14, 0x00, 0x0C, 0x42, 0x14, 0x00, 0x0F,
    0x42, 0x14, 0x00, 0x0E, 0x42, 0x14, 0x00, 0x2B, 0x42, 0x14, 0x08, 0x2A, 0x42, 0x14, 0x00, 0x2B,
    0x42, 0x14, 0x00, 0x0C, 0x42, 0x14, 0x00, 0x0B, 0x42, 0x14, 0x00, 0x0C, 0x42, 0x14, 0x00, 0x00,
    0x00, 0x00, 0x00, 0x00, 0x00, 0x00, 0x00, 0x00, 0x00, 0x00, 0x00, 0x00, 0x00, 0x00, 0x08, 0x2A,
    0x42, 0x14, 0x00, 0x2B, 0x42, 0x14, 0x00, 0x0C, 0x42, 0x14, 0x08, 0x2A, 0x42, 0x14, 0x08, 0x2A,
    0x42, 0x14, 0x08, 0x2A, 0x42, 0x14, 0x00, 0x2B, 0x42, 0x14, 0x00, 0x0D, 0x42, 0x14, 0x00, 0x0E,
    0x42, 0x14, 0x00, 0x0C, 0x42, 0x14, 0x08, 0x2A, 0x00, 0x00, 0x00, 0x00, 0x00, 0x00, 0x00, 0x00,
    0x00, 0x00, 0x00, 0x00, 0x00, 0x00, 0x00, 0x00, 0x42, 0x14, 0x00, 0x2B, 0x42, 0x14, 0x00, 0x0C,
    0x42, 0x14, 0x00, 0x2B, 0x42, 0x14, 0x00, 0x00, 0x00, 0x00, 0x00, 0x00, 0x00, 0x00, 0x00, 0x00,
    0x00, 0x00, 0x00, 0x00, 0x00, 0x00, 0x00, 0x00, 0x00, 0x00, 0x00, 0x00, 0x00, 0x00, 0x00, 0x0E,
    0x42, 0x14, 0x00, 0x2B, 0x42, 0x14, 0x00, 0x00, 0x00, 0x00, 0x00, 0x00, 0x00, 0x00, 0x00, 0x00,
    0x00, 0x00, 0x00, 0x00, 0x42, 0x14, 0x00, 0x0C, 0x42, 0x14, 0x00, 0x2B, 0x42, 0x14, 0x00, 0x00,
    0x00, 0x00, 0x00, 0x00, 0x00, 0x00, 0x00, 0x00, 0x00, 0x00, 0x00, 0x00, 0x00, 0x00, 0x00, 0x2B,
    0x00, 0x00, 0x00, 0x00, 0x00, 0x00, 0x00, 0x00, 0x00, 0x00, 0x00, 0x00, 0x00, 0x00, 0x00, 0x00,
    0x00, 0x00, 0x00, 0x00, 0x00, 0x00, 0x00, 0x0D, 0x42, 0x14, 0x00, 0x0E, 0x42, 0x14, 0x00, 0x0C,
    0x42, 0x14, 0x08, 0x2A, 0x42, 0x14, 0x00, 0x2B, 0x42, 0x14, 0x00, 0x0D, 0x42, 0x14, 0x00, 0x0F,
    0x42, 0x14, 0x00, 0x00, 0x00, 0x00, 0x00, 0x00, 0x00, 0x00, 0x00, 0x00, 0x00, 0x00, 0x00, 0x00,
    0x00, 0x00, 0x08, 0x2A, 0x42, 0x14, 0x00, 0x2B, 0x42, 0x14, 0x00, 0x2B, 0x42, 0x14, 0x00, 0x0C,
    0x42, 0x14, 0x00, 0x0C, 0x42, 0x14, 0x00, 0x0F, 0x42, 0x14, 0x00, 0x0E, 0x42, 0x14, 0x00, 0x2B,
    0x00, 0x00, 0x00, 0x00, 0x00, 0x00, 0x00, 0x00, 0x00, 0x00, 0x00, 0x00, 0x00, 0x00, 0x00, 0x00,
    0x00, 0x00, 0x00, 0x00, 0x42, 0x14, 0x00, 0x2B, 0x00, 0x00, 0x00, 0x00, 0x00, 0x00, 0x00, 0x00,
    0x00, 0x00, 0x00, 0x00, 0x00, 0x00, 0x08, 0x2A, 0x42, 0x14, 0x00, 0x2B, 0x42, 0x14, 0x00, 0x0C,
    0x42, 0x14, 0x08, 0x2A, 0x42, 0x14, 0x08, 0x2A, 0x42, 0x14, 0x08, 0x2A, 0x42, 0x14, 0x00, 0x2B,
    0x42, 0x14, 0x00, 0x00, 0x00, 0x00, 0x00, 0x00, 0x00, 0x00, 0x00, 0x00, 0x00, 0x00, 0x00, 0x00,
    0x00, 0x00, 0x00, 0x00, 0x00, 0x00, 0x00, 0x00, 0x42, 0x14, 0x00, 0x0F, 0x42, 0x14, 0x00, 0x2B,
    0x42, 0x14, 0x00, 0x2B, 0x42, 0x14, 0x00, 0x0C, 0x42, 0x14, 0x00, 0x2B, 0x42, 0x14, 0x08, 0x2A,
    0x42, 0x14, 0x00, 0x2B, 0x42, 0x14, 0x00, 0x2B, 0x42, 0x14, 0x00, 0x0C, 0x42, 0x14, 0x00, 0x0C,
    0x42, 0x14, 0x00, 0x0F, 0x42, 0x14, 0x00, 0x0E, 0x42, 0x14, 0x00, 0x2B, 0x42, 0x14, 0x08, 0x2A,
    0x42, 0x14, 0x00, 0x2B, 0x42, 0x14, 0x00, 0x0C, 0x42, 0x14, 0x00, 0x0B, 0x42, 0x14, 0x00, 0x0C,
    0x42, 0x14, 0x00, 0x2B, 0x42, 0x14, 0x00, 0x0D, 0x42, 0x14, 0x00, 0x0D, 0x42, 0x14, 0x00, 0x0C,
    0x42, 0x14, 0x08, 0x2A, 0x42, 0x14, 0x00, 0x2B, 0x42, 0x14, 0x00, 0x0C, 0x42, 0x14, 0x08, 0x2A,
    0x42, 0x14, 0x08, 0x2A, 0x42, 0x14, 0x08, 0x2A, 0x42, 0x14, 0x00, 0x2B, 0x42, 0x14, 0x00, 0x0D,
    0x42, 0x14, 0x00, 0x0E, 0x42, 0x14, 0x00, 0x0C, 0x42, 0x14, 0x08, 0x2A, 0x42, 0x14, 0x00, 0x2B,
    0x42, 0x35, 0x00, 0x0D, 0x42, 0x35, 0x00, 0x0F, 0x39, 0xD1, 0x00, 0x2B, 0x00, 0x00, 0x00, 0x2B,
    0x00, 0x0B, 0x63, 0x3F, 0x00, 0x2B, 0x4A, 0x77, 0x00, 0x0C, 0x42, 0x15, 0x00, 0x0D, 0x42, 0x15,
    0x00, 0x0C, 0x42, 0x15, 0x08, 0x2A, 0x41, 0xF4, 0x08, 0x2A, 0x41, 0xF4, 0x00, 0x0B, 0x41, 0xF4,
    0x08, 0x2A, 0x41, 0xF4, 0x08, 0x2A, 0x41, 0xF4, 0x00, 0x2B, 0x41, 0xF4, 0x00, 0x0C, 0x41, 0xF4,
    0x00, 0x0D, 0x41, 0xF4, 0x00, 0x0D, 0x41, 0xF4, 0x00, 0x0C, 0x41, 0xF4, 0x08, 0x2A, 0x41, 0xF4,
    0x08, 0x2A, 0x41, 0xF4, 0x00, 0x0F, 0x41, 0xF4, 0x00, 0x0E, 0x41, 0xF4, 0x08, 0x2A, 0x41, 0xF4,
    0x00, 0x2B, 0x41, 0xF4, 0x00, 0x0C, 0x41, 0xF4, 0x00, 0x2B, 0x41, 0xF4, 0x08, 0x2A, 0x41, 0xF4,
    0x00, 0x0C, 0x41, 0xF4, 0x08, 0x2A, 0x41, 0xF4, 0x00, 0x0B, 0x41, 0xF4, 0x00, 0x0D, 0x41, 0xF4,
    0x00, 0x0F, 0x41, 0xF4, 0x00, 0x0C, 0x41, 0xF4, 0x08, 0x2A, 0x41, 0xF4, 0x08, 0x2A, 0x41, 0xF4,
    0x00, 0x2B, 0x41, 0xF4, 0x08, 0x2A, 0x41, 0xF4, 0x00, 0x2B, 0x41, 0xF4, 0x00, 0x0B, 0x41, 0xF4,
    0x00, 0x2B, 0x41, 0xF4, 0x00, 0x0C, 0x41, 0xF4, 0x00, 0x0D, 0x41, 0xF4, 0x00, 0x0C, 0x41, 0xF4,
    0x08, 0x2A, 0x41, 0xF4, 0x08, 0x2A, 0x41, 0xF4, 0x00, 0x0B, 0x41, 0xF4, 0x08, 0x2A, 0x41, 0xF4,
    0x08, 0x2A, 0x41, 0xF4, 0x00, 0x2B, 0x41, 0xF4, 0x00, 0x0C, 0x41, 0xF4, 0x00, 0x0D, 0x41, 0xF4,
    0x00, 0x0D, 0x41, 0xF4, 0x00, 0x0C, 0x41, 0xF4, 0x08, 0x2A, 0x41, 0xF4, 0x08, 0x2A, 0x41, 0xF4,
    0x00, 0x0F, 0x41, 0xF4, 0x00, 0x0E, 0x41, 0xF4, 0x08, 0x2A, 0x41, 0xF4, 0x00, 0x2B, 0x41, 0xF4,
    0x00, 0x0C, 0x41, 0xF4, 0x00, 0x2B, 0x41, 0xF4, 0x08, 0x2A, 0x41, 0xF4, 0x00, 0x0C, 0x41, 0xF4,
    0x08, 0x2A, 0x41, 0xF4, 0x00, 0x0B, 0x41, 0xF4, 0x00, 0x0D, 0x41, 0xF4, 0x00, 0x0F, 0x41, 0xF4,
    0x00, 0x0C, 0x41, 0xF4, 0x08, 0x2A, 0x41, 0xF4, 0x08, 0x2A, 0x41, 0xF4, 0x00, 0x2B, 0x41, 0xF4,
    0x08, 0x2A, 0x41, 0xF4, 0x00, 0x2B, 0x41, 0xF4, 0x00, 0x0B, 0x41, 0xF4, 0x00, 0x2B, 0x41, 0xF4,
    0x00, 0x0C, 0x41, 0xF4, 0x00, 0x0D, 0x41, 0xF4, 0x00, 0x0C, 0x41, 0xF4, 0x08, 0x2A, 0x41, 0xF4,
    0x08, 0x2A, 0x41, 0xF4, 0x00, 0x0B, 0x41, 0xF4, 0x08, 0x2A, 0x41, 0xF4, 0x08, 0x2A, 0x41, 0xF4,
    0x00, 0x2B, 0x41, 0xF4, 0x00, 0x0C, 0x41, 0xF4, 0x00, 0x0D, 0x41, 0xF4, 0x00, 0x0D, 0x41, 0xF4,
    0x00, 0x0C, 0x41, 0xF4, 0x08, 0x2A, 0x41, 0xF4, 0x08, 0x2A, 0x41, 0xF4, 0x00, 0x0F, 0x41, 0xF4,
    0x00, 0x0E, 0x41, 0xF4, 0x08, 0x2A, 0x41, 0xF4, 0x00, 0x2B, 0x41, 0xF4, 0x00, 0x0C, 0x41, 0xF4,
    0x00, 0x2B, 0x41, 0xF4, 0x08, 0x2A, 0x41, 0xF4, 0x00, 0x0C, 0x41, 0xF4, 0x08, 0x2A, 0x41, 0xF4,
    0x00, 0x0B, 0x41, 0xF4, 0x00, 0x0D, 0x41, 0xF4, 0x00, 0x0F, 0x41, 0xF4, 0x00, 0x0C, 0x41, 0xF4,
    0x08, 0x2A, 0x41, 0xF4, 0x08, 0x2A, 0x41, 0xF4, 0x00, 0x2B, 0x41, 0xF4, 0x08, 0x2A, 0x41, 0xF4,
    0x00, 0x2B, 0x41, 0xF4, 0x00, 0x0B, 0x41, 0xF4, 0x00, 0x2B, 0x41, 0xF4, 0x00, 0x0C, 0x41, 0xF4,
    0x00, 0x0D, 0x41, 0xF4, 0x00, 0x0C, 0x41, 0xF4, 0x08, 0x2A, 0x41, 0xF4, 0x08, 0x2A, 0x41, 0xF4,
    0x00, 0x0B, 0x41, 0xF4, 0x08, 0x2A, 0x41, 0xF4, 0x08, 0x2A, 0x41, 0xF4, 0x00, 0x2B, 0x41, 0xF4,
    0x00, 0x0C, 0x41, 0xF4, 0x00, 0x0D, 0x41, 0xF4, 0x00, 0x0D, 0x41, 0xF4, 0x00, 0x0C, 0x41, 0xF4,
    0x08, 0x2A, 0x41, 0xF4, 0x08, 0x2A, 0x41, 0xF4, 0x00, 0x0F, 0x41, 0xF4, 0x00, 0x0E, 0x41, 0xF4,
    0x08, 0x2A, 0x41, 0xF4, 0x00, 0x2B, 0x41, 0xF4, 0x00, 0x0C, 0x41, 0xF4, 0x00, 0x2B, 0x41, 0xF4,
    0x08, 0x2A, 0x41, 0xF4, 0x00, 0x0C, 0x41, 0xF4, 0x08, 0x2A, 0x41, 0xF4, 0x00, 0x0B, 0x41, 0xF4,
    0x00, 0x0D, 0x41, 0xF4, 0x00, 0x0F, 0x41, 0xF4, 0x00, 0x0C, 0x41, 0xF4, 0x08, 0x2A, 0x41, 0xF4,
    0x08, 0x2A, 0x41, 0xF4, 0x00, 0x2B, 0x41, 0xF4, 0x08, 0x2A, 0x41, 0xF4, 0x00, 0x2B, 0x41, 0xF4,
    0x00, 0x0B, 0x41, 0xF4, 0x00, 0x2B, 0x41, 0xF4, 0x00, 0x0C, 0x41, 0xF4, 0x00, 0x0D, 0x41, 0xF4,
    0x00, 0x0C, 0x41, 0xF4, 0x08, 0x2A, 0x41, 0xF4, 0x08, 0x2A, 0x41, 0xF4, 0x00, 0x0B, 0x41, 0xF4,
    0x08, 0x2A, 0x41, 0xF4, 0x08, 0x2A, 0x41, 0xF4, 0x00, 0x2B, 0x41, 0xF4, 0x00, 0x0C, 0x41, 0xF4,
    0x00, 0x0D, 0x41, 0xF4, 0x00, 0x0D, 0x41, 0xF4, 0x00, 0x0C, 0x41, 0xF4, 0x08, 0x2A, 0x42, 0x15,
    0x08, 0x2A, 0x42, 0x15, 0x00, 0x0F, 0x63, 0x1E, 0x00, 0x0E, 0x00, 0x00, 0x08, 0x2A, 0x00, 0x00,
    0x94, 0x7F, 0x00, 0x0C, 0x5A, 0xFD, 0x00, 0x2B, 0x00, 0x00, 0x00, 0x2B, 0x42, 0x14, 0x00, 0x0E,
    0x42, 0x14, 0x00, 0x2B, 0x41, 0xF4, 0x08, 0x2A, 0x41, 0xF4, 0x08, 0x2A, 0x41, 0xF4, 0x00, 0x2B,
    0x41, 0xF4, 0x08, 0x2A, 0x41, 0xF4, 0x08, 0x2A, 0x41, 0xF4, 0x00, 0x0C, 0x41, 0xF4, 0x00, 0x2B,
    0x41, 0xF4, 0x00, 0x0C, 0x41, 0xF4, 0x00, 0x0D, 0x41, 0xF4, 0x00, 0x0C, 0x41, 0xF4, 0x08, 0x2A,
    0x41, 0xF4, 0x00, 0x2B, 0x41, 0xF4, 0x00, 0x0D, 0x41, 0xF4, 0x00, 0x0C, 0x41, 0xF4, 0x08, 0x2A,
    0x41, 0xF4, 0x00, 0x2B, 0x41, 0xF4, 0x00, 0x0C, 0x41, 0xF4, 0x00, 0x2B, 0x41, 0xF4, 0x00, 0x2B,
    0x41, 0xF4, 0x00, 0x2B, 0x41, 0xF4, 0x08, 0x2A, 0x41, 0xF4, 0x00, 0x2B, 0x41, 0xF4, 0x00, 0x0D,
    0x41, 0xF4, 0x00, 0x2B, 0x41, 0xF4, 0x08, 0x2A, 0x41, 0xF4, 0x08, 0x2A, 0x41, 0xF4, 0x08, 0x2A,
    0x41, 0xF4, 0x00, 0x2B, 0x41, 0xF4, 0x08, 0x2A, 0x41, 0xF4, 0x00, 0x2A, 0x41, 0xF4, 0x00, 0x0C,
    0x41, 0xF4, 0x00, 0x2B, 0x41, 0xF4, 0x00, 0x2B, 0x41, 0xF4, 0x00, 0x0E, 0x41, 0xF4, 0x00, 0x2B,
    0x41, 0xF4, 0x08, 0x2A, 0x41, 0xF4, 0x08, 0x2A, 0x41, 0xF4, 0x00, 0x2B, 0x41, 0xF4, 0x08, 0x2A,
    0x41, 0xF4, 0x08, 0x2A, 0x41, 0xF4, 0x00, 0x0C, 0x41, 0xF4, 0x00, 0x2B, 0x41, 0xF4, 0x00, 0x0C,
    0x41, 0xF4, 0x00, 0x0D, 0x41, 0xF4, 0x00, 0x0C, 0x41, 0xF4, 0x08, 0x2A, 0x41, 0xF4, 0x00, 0x2B,
    0x41, 0xF4, 0x00, 0x0D, 0x41, 0xF4, 0x00, 0x0C, 0x41, 0xF4, 0x08, 0x2A, 0x41, 0xF4, 0x00, 0x2B,
    0x41, 0xF4, 0x00, 0x0C, 0x41, 0xF4, 0x00, 0x2B, 0x41, 0xF4, 0x00, 0x2B, 0x41, 0xF4, 0x00, 0x2B,
    0x41, 0xF4, 0x08, 0x2A, 0x41, 0xF4, 0x00, 0x2B, 0x41, 0xF4, 0x00, 0x0D, 0x41, 0xF4, 0x00, 0x2B,
    0x41, 0xF4, 0x08, 0x2A, 0x41, 0xF4, 0x08, 0x2A, 0x41, 0xF4, 0x08, 0x2A, 0x41, 0xF4, 0x00, 0x2B,
    0x41, 0xF4, 0x08, 0x2A, 0x41, 0xF4, 0x00, 0x2A, 0x41, 0xF4, 0x00, 0x0C, 0x41, 0xF4, 0x00, 0x2B,
    0x41, 0xF4, 0x00, 0x2B, 0x41, 0xF4, 0x00, 0x0E, 0x41, 0xF4, 0x00, 0x2B, 0x41, 0xF4, 0x08, 0x2A,
    0x41, 0xF4, 0x08, 0x2A, 0x41, 0xF4, 0x00, 0x2B, 0x41, 0xF4, 0x08, 0x2A, 0x41, 0xF4, 0x08, 0x2A,
    0x41, 0xF4, 0x00, 0x0C, 0x41, 0xF4, 0x00, 0x2B, 0x41, 0xF4, 0x00, 0x0C, 0x41, 0xF4, 0x00, 0x0D,
    0x41, 0xF4, 0x00, 0x0C, 0x41, 0xF4, 0x08, 0x2A, 0x41, 0xF4, 0x00, 0x2B, 0x41, 0xF4, 0x00, 0x0D,
    0x41, 0xF4, 0x00, 0x0C, 0x41, 0xF4, 0x08, 0x2A, 0x41, 0xF4, 0x00, 0x2B, 0x41, 0xF4, 0x00, 0x0C,
    0x41, 0xF4, 0x00, 0x2B, 0x41, 0xF4, 0x00, 0x2B, 0x41, 0xF4, 0x00, 0x2B, 0x41, 0xF4, 0x08, 0x2A,
    0x41, 0xF4, 0x00, 0x2B, 0x41, 0xF4, 0x00, 0x0D, 0x41, 0xF4, 0x00, 0x2B, 0x41, 0xF4, 0x08, 0x2A,
    0x41, 0xF4, 0x08, 0x2A, 0x41, 0xF4, 0x08, 0x2A, 0x41, 0xF4, 0x00, 0x2B, 0x41, 0xF4, 0x08, 0x2A,
    0x41, 0xF4, 0x00, 0x2A, 0x41, 0xF4, 0x00, 0x0C, 0x41, 0xF4, 0x00, 0x2B, 0x41, 0xF4, 0x00, 0x2B,
    0x41, 0xF4, 0x00, 0x0E, 0x41, 0xF4, 0x00, 0x2B, 0x41, 0xF4, 0x08, 0x2A, 0x41, 0xF4, 0x08, 0x2A,
    0x41, 0xF4, 0x00, 0x2B, 0x41, 0xF4, 0x08, 0x2A, 0x41, 0xF4, 0x08, 0x2A, 0x41, 0xF4, 0x00, 0x0C,
    0x41, 0xF4, 0x00, 0x2B, 0x41, 0xF4, 0x00, 0x0C, 0x41, 0xF4, 0x00, 0x0D, 0x41, 0xF4, 0x00, 0x0C,
    0x41, 0xF4, 0x08, 0x2A, 0x41, 0xF4, 0x00, 0x2B, 0x41, 0xF4, 0x00, 0x0D, 0x41, 0xF4, 0x00, 0x0C,
    0x41, 0xF4, 0x08, 0x2A, 0x41, 0xF4, 0x00, 0x2B, 0x41, 0xF4, 0x00, 0x0C, 0x41, 0xF4, 0x00, 0x2B,
    0x41, 0xF4, 0x00, 0x2B, 0x41, 0xF4, 0x00, 0x2B, 0x41, 0xF4, 0x08, 0x2A, 0x41, 0xF4, 0x00, 0x2B,
    0x41, 0xF4, 0x00, 0x0D, 0x41, 0xF4, 0x00, 0x2B, 0x41, 0xF4, 0x08, 0x2A, 0x41, 0xF4, 0x08, 0x2A,
    0x41, 0xF4, 0x08, 0x2A, 0x41, 0xF4, 0x00, 0x2B, 0x41, 0xF4, 0x08, 0x2A, 0x41, 0xF4, 0x00, 0x2A,
    0x41, 0xF4, 0x00, 0x0C, 0x41, 0xF4, 0x00, 0x2B, 0x41, 0xF4, 0x00, 0x2B, 0x41, 0xF4, 0x00, 0x0E,
    0x41, 0xF4, 0x00, 0x2B, 0x41, 0xF4, 0x08, 0x2A, 0x41, 0xF4, 0x08, 0x2A, 0x41, 0xF4, 0x00, 0x2B,
    0x41, 0xF4, 0x08, 0x2A, 0x41, 0xF4, 0x08, 0x2A, 0x41, 0xF4, 0x00, 0x0C, 0x41, 0xF4, 0x00, 0x2B,
    0x41, 0xF4, 0x00, 0x0C, 0x41, 0xF4, 0x00, 0x0D, 0x41, 0xF4, 0x00, 0x0C, 0x41, 0xF4, 0x08, 0x2A,
    0x42, 0x14, 0x00, 0x2B, 0x42, 0x14, 0x00, 0x0D, 0x39, 0xB1, 0x00, 0x0C, 0x00, 0x00, 0x08, 0x2A,
    0x00, 0x2B, 0x63, 0x1F, 0x00, 0x0C, 0x4A, 0x57, 0x00, 0x0C, 0x42, 0x14, 0x00, 0x0C, 0x42, 0x14,
    0x00, 0x0D, 0x42, 0x14, 0x00, 0x2A, 0x41, 0xF4, 0x08, 0x2A, 0x41, 0xF4, 0x08, 0x2A, 0x41, 0xF4,
    0x08, 0x2A, 0x41, 0xF4, 0x08, 0x2A, 0x41, 0xF4, 0x00, 0x2B, 0x41, 0xF4, 0x00, 0x2B, 0x41, 0xF4,
    0x08, 0x2A, 0x41, 0xF4, 0x00, 0x0C, 0x41, 0xF4, 0x00, 0x0D, 0x41, 0xF4, 0x00, 0x0C, 0x41, 0xF4,
    0x08, 0x2A, 0x41, 0xF4, 0x08, 0x2A, 0x41, 0xF4, 0x00, 0x0C, 0x41, 0xF4, 0x00, 0x2B, 0x41, 0xF4,
    0x08, 0x2A, 0x41, 0xF4, 0x00, 0x2B, 0x41, 0xF4, 0x00, 0x0C, 0x41, 0xF4, 0x08, 0x2A, 0x41, 0xF4,
    0x08, 0x2A, 0x41, 0xF4, 0x08, 0x2A, 0x41, 0xF4, 0x08, 0x2A, 0x41, 0xF4, 0x08, 0x2A, 0x41, 0xF4,
    0x08, 0x2A, 0x41, 0xF4, 0x08, 0x2A, 0x41, 0xF4, 0x08, 0x2A, 0x41, 0xF4, 0x08, 0x2A, 0x41, 0xF4,
    0x00, 0x0B, 0x41, 0xF4, 0x00, 0x0C, 0x41, 0xF4, 0x08, 0x2A, 0x41, 0xF4, 0x00, 0x2B, 0x41, 0xF4,
    0x00, 0x0C, 0x41, 0xF4, 0x00, 0x0C, 0x41, 0xF4, 0x00, 0x0C, 0x41, 0xF4, 0x00, 0x0D, 0x41, 0xF4,
    0x00, 0x2A, 0x41, 0xF4, 0x08, 0x2A, 0x41, 0xF4, 0x08, 0x2A, 0x41, 0xF4, 0x08, 0x2A, 0x41, 0xF4,
    0x08, 0x2A, 0x41, 0xF4, 0x00, 0x2B, 0x41, 0xF4, 0x00, 0x2B, 0x41, 0xF4, 0x08, 0x2A, 0x41, 0xF4,
    0x00, 0x0C, 0x41, 0xF4, 0x00, 0x0D, 0x41, 0xF4, 0x00, 0x0C, 0x41, 0xF4, 0x08, 0x2A, 0x41, 0xF4,
    0x08, 0x2A, 0x41, 0xF4, 0x00, 0x0C, 0x41, 0xF4, 0x00, 0x2B, 0x41, 0xF4, 0x08, 0x2A, 0x41, 0xF4,
    0x00, 0x2B, 0x41, 0xF4, 0x00, 0x0C, 0x41, 0xF4, 0x08, 0x2A, 0x41, 0xF4, 0x08, 0x2A, 0x41, 0xF4,
    0x08, 0x2A, 0x41, 0xF4, 0x08, 0x2A, 0x41, 0xF4, 0x08, 0x2A, 0x41, 0xF4, 0x08, 0x2A, 0x41, 0xF4,
    0x08, 0x2A, 0x41, 0xF4, 0x08, 0x2A, 0x41, 0xF4, 0x08, 0x2A, 0x41, 0xF4, 0x00, 0x0B, 0x41, 0xF4,
    0x00, 0x0C, 0x41, 0xF4, 0x08, 0x2A, 0x41, 0xF4, 0x00, 0x2B, 0x41, 0xF4, 0x00, 0x0C, 0x41, 0xF4,
    0x00, 0x0C, 0x41, 0xF4, 0x00, 0x0C, 0x41, 0xF4, 0x00, 0x0D, 0x41, 0xF4, 0x00, 0x2A, 0x41, 0xF4,
    0x08, 0x2A, 0x41, 0xF4, 0x08, 0x2A, 0x41, 0xF4, 0x08, 0x2A, 0x41, 0xF4, 0x08, 0x2A, 0x41, 0xF4,
    0x00, 0x2B, 0x41, 0xF4, 0x00, 0x2B, 0x41, 0xF4, 0x08, 0x2A, 0x41, 0xF4, 0x00, 0x0C, 0x41, 0xF4,
    0x00, 0x0D, 0x41, 0xF4, 0x00, 0x0C, 0x41, 0xF4, 0x08, 0x2A, 0x41, 0xF4, 0x08, 0x2A, 0x41, 0xF4,
    0x00, 0x0C, 0x41, 0xF4, 0x00, 0x2B, 0x41, 0xF4, 0x08, 0x2A, 0x41, 0xF4, 0x00, 0x2B, 0x41, 0xF4,
    0x00, 0x0C, 0x41, 0xF4, 0x08, 0x2A, 0x41, 0xF4, 0x08, 0x2A, 0x41, 0xF4, 0x08, 0x2A, 0x41, 0xF4,
    0x08, 0x2A, 0x41, 0xF4, 0x08, 0x2A, 0x41, 0xF4, 0x08, 0x2A, 0x41, 0xF4, 0x08, 0x2A, 0x41, 0xF4,
    0x08, 0x2A, 0x41, 0xF4, 0x08, 0x2A, 0x41, 0xF4, 0x00, 0x0B, 0x41, 0xF4, 0x00, 0x0C, 0x41, 0xF4,
    0x08, 0x2A, 0x41, 0xF4, 0x00, 0x2B, 0x41, 0xF4, 0x00, 0x0C, 0x41, 0xF4, 0x00, 0x0C, 0x41, 0xF4,
    0x00, 0x0C, 0x41, 0xF4, 0x00, 0x0D, 0x41, 0xF4, 0x00, 0x2A, 0x41, 0xF4, 0x08, 0x2A, 0x41, 0xF4,
    0x08, 0x2A, 0x41, 0xF4, 0x08, 0x2A, 0x41, 0xF4, 0x08, 0x2A, 0x41, 0xF4, 0x00, 0x2B, 0x41, 0xF4,
    0x00, 0x2B, 0x41, 0xF4, 0x08, 0x2A, 0x41, 0xF4, 0x00, 0x0C, 0x41, 0xF4, 0x00, 0x0D, 0x41, 0xF4,
    0x00, 0x0C, 0x41, 0xF4, 0x08, 0x2A, 0x41, 0xF4, 0x08, 0x2A, 0x41, 0xF4, 0x00, 0x0C, 0x41, 0xF4,
    0x00, 0x2B, 0x41, 0xF4, 0x08, 0x2A, 0x41, 0xF4, 0x00, 0x2B, 0x41, 0xF4, 0x00, 0x0C, 0x41, 0xF4,
    0x08, 0x2A, 0x41, 0xF4, 0x08, 0x2A, 0x41, 0xF4, 0x08, 0x2A, 0x41, 0xF4, 0x08, 0x2A, 0x41, 0xF4,
    0x08, 0x2A, 0x41, 0xF4, 0x08, 0x2A, 0x41, 0xF4, 0x08, 0x2A, 0x41, 0xF4, 0x08, 0x2A, 0x41, 0xF4,
    0x08, 0x2A, 0x41, 0xF4, 0x00, 0x0B, 0x41, 0xF4, 0x00, 0x0C, 0x41, 0xF4, 0x08, 0x2A, 0x41, 0xF4,
    0x00, 0x2B, 0x41, 0xF4, 0x00, 0x0C, 0x41, 0xF4, 0x00, 0x0C, 0x41, 0xF4, 0x00, 0x0C, 0x41, 0xF4,
    0x00, 0x0D, 0x41, 0xF4, 0x00, 0x2A, 0x41, 0xF4, 0x08, 0x2A, 0x41, 0xF4, 0x08, 0x2A, 0x41, 0xF4,
    0x08, 0x2A, 0x41, 0xF4, 0x08, 0x2A, 0x41, 0xF4, 0x00, 0x2B, 0x41, 0xF4, 0x00, 0x2B, 0x41, 0xF4,
    0x08, 0x2A, 0x41, 0xF4, 0x00, 0x0C, 0x41, 0xF4, 0x00, 0x0D, 0x41, 0xF4, 0x00, 0x0C, 0x42, 0x14,
    0x08, 0x2A, 0x42, 0x14, 0x08, 0x2A, 0x62, 0xFD, 0x00, 0x0C, 0x00, 0x00, 0x00, 0x2B, 0x00, 0x00,
    0x8C, 0x3F, 0x00, 0x0B, 0x5A, 0xDC, 0x00, 0x0C, 0x00, 0x00, 0x00, 0x0C, 0x41, 0xF4, 0x00, 0x0C,
    0x41, 0xF4, 0x00, 0x0C, 0x39, 0xF3, 0x00, 0x2B, 0x39, 0xF3, 0x08, 0x2A, 0x39, 0xF3, 0x08, 0x2A,
    0x39, 0xF3, 0x08, 0x2A, 0x39, 0xF3, 0x08, 0x2A, 0x39, 0xF3, 0x08, 0x2A, 0x39, 0xF3, 0x08, 0x2A,
    0x39, 0xF3, 0x08, 0x2A, 0x39, 0xF3, 0x00, 0x0C, 0x39, 0xF3, 0x00, 0x0D, 0x39, 0xF3, 0x00, 0x2B,
    0x39, 0xF3, 0x00, 0x2B, 0x39, 0xF3, 0x08, 0x2A, 0x39, 0xF3, 0x00, 0x0D, 0x39, 0xF3, 0x00, 0x2B,
    0x39, 0xF3, 0x08, 0x2A, 0x39, 0xF3, 0x00, 0x2B, 0x39, 0xF3, 0x00, 0x0D, 0x39, 0xF3, 0x08, 0x2A,
    0x39, 0xF3, 0x08, 0x2A, 0x39, 0xF3, 0x08, 0x2A, 0x39, 0xF3, 0x08, 0x2A, 0x39, 0xF3, 0x08, 0x2A,
    0x39, 0xF3, 0x08, 0x2A, 0x39, 0xF3, 0x08, 0x2A, 0x39, 0xF3, 0x00, 0x2B, 0x39, 0xF3, 0x08, 0x2A,
    0x39, 0xF3, 0x00, 0x0D, 0x39, 0xF3, 0x00, 0x0C, 0x39, 0xF3, 0x08, 0x2A, 0x39, 0xF3, 0x00, 0x0B,
    0x39, 0xF3, 0x00, 0x0C, 0x39, 0xF3, 0x00, 0x0C, 0x39, 0xF3, 0x00, 0x0C, 0x39, 0xF3, 0x00, 0x0C,
    0x39, 0xF3, 0x00, 0x2B, 0x39, 0xF3, 0x08, 0x2A, 0x39, 0xF3, 0x08, 0x2A, 0x39, 0xF3, 0x08, 0x2A,
    0x39, 0xF3, 0x08, 0x2A, 0x39, 0xF3, 0x08, 0x2A, 0x39, 0xF3, 0x08, 0x2A, 0x39, 0xF3, 0x08, 0x2A,
    0x39, 0xF3, 0x00, 0x0C, 0x39, 0xF3, 0x00, 0x0D, 0x39, 0xF3, 0x00, 0x2B, 0x39, 0xF3, 0x00, 0x2B,
    0x39, 0xF3, 0x08, 0x2A, 0x39, 0xF3, 0x00, 0x0D, 0x39, 0xF3, 0x00, 0x2B, 0x39, 0xF3, 0x08, 0x2A,
    0x39, 0xF3, 0x00, 0x2B, 0x39, 0xF3, 0x00, 0x0D, 0x39, 0xF3, 0x08, 0x2A, 0x39, 0xF3, 0x08, 0x2A,
    0x39, 0xF3, 0x08, 0x2A, 0x39, 0xF3, 0x08, 0x2A, 0x39, 0xF3, 0x08, 0x2A, 0x39, 0xF3, 0x08, 0x2A,
    0x39, 0xF3, 0x08, 0x2A, 0x39, 0xF3, 0x00, 0x2B, 0x39, 0xF3, 0x08, 0x2A, 0x39, 0xF3, 0x00, 0x0D,
    0x39, 0xF3, 0x00, 0x0C, 0x39, 0xF3, 0x08, 0x2A, 0x39, 0xF3, 0x00, 0x0B, 0x39, 0xF3, 0x00, 0x0C,
    0x39, 0xF3, 0x00, 0x0C, 0x39, 0xF3, 0x00, 0x0C, 0x39, 0xF3, 0x00, 0x0C, 0x39, 0xF3, 0x00, 0x2B,
    0x39, 0xF3, 0x08, 0x2A, 0x39, 0xF3, 0x08, 0x2A, 0x39, 0xF3, 0x08, 0x2A, 0x39, 0xF3, 0x08, 0x2A,
    0x39, 0xF3, 0x08, 0x2A, 0x39, 0xF3, 0x08, 0x2A, 0x39, 0xF3, 0x08, 0x2A, 0x39, 0xF3, 0x00, 0x0C,
    0x39, 0xF3, 0x00, 0x0D, 0x39, 0xF3, 0x00, 0x2B, 0x39, 0xF3, 0x00, 0x2B, 0x39, 0xF3, 0x08, 0x2A,
    0x39, 0xF3, 0x00, 0x0D, 0x39, 0xF3, 0x00, 0x2B, 0x39, 0xF3, 0x08, 0x2A, 0x39, 0xF3, 0x00, 0x2B,
    0x39, 0xF3, 0x00, 0x0D, 0x39, 0xF3, 0x08, 0x2A, 0x39, 0xF3, 0x08, 0x2A, 0x39, 0xF3, 0x08, 0x2A,
    0x39, 0xF3, 0x08, 0x2A, 0x39, 0xF3, 0x08, 0x2A, 0x39, 0xF3, 0x08, 0x2A, 0x39, 0xF3, 0x08, 0x2A,
    0x39, 0xF3, 0x00, 0x2B, 0x39, 0xF3, 0x08, 0x2A, 0x39, 0xF3, 0x00, 0x0D, 0x39, 0xF3, 0x00, 0x0C,
    0x39, 0xF3, 0x08, 0x2A, 0x39, 0xF3, 0x00, 0x0B, 0x39, 0xF3, 0x00, 0x0C, 0x39, 0xF3, 0x00, 0x0C,
    0x39, 0xF3, 0x00, 0x0C, 0x39, 0xF3, 0x00, 0x0C, 0x39, 0xF3, 0x00, 0x2B, 0x39, 0xF3, 0x08, 0x2A,
    0x39, 0xF3, 0x08, 0x2A, 0x39, 0xF3, 0x08, 0x2A, 0x39, 0xF3, 0x08, 0x2A, 0x39, 0xF3, 0x08, 0x2A,
    0x39, 0xF3, 0x08, 0x2A, 0x39, 0xF3, 0x08, 0x2A, 0x39, 0xF3, 0x00, 0x0C, 0x39, 0xF3, 0x00, 0x0D,
    0x39, 0xF3, 0x00, 0x2B, 0x39, 0xF3, 0x00, 0x2B, 0x39, 0xF3, 0x08, 0x2A, 0x39, 0xF3, 0x00, 0x0D,
    0x39, 0xF3, 0x00, 0x2B, 0x39, 0xF3, 0x08, 0x2A, 0x39, 0xF3, 0x00, 0x2B, 0x39, 0xF3, 0x00, 0x0D,
    0x39, 0xF3, 0x08, 0x2A, 0x39, 0xF3, 0x08, 0x2A, 0x39, 0xF3, 0x08, 0x2A, 0x39, 0xF3, 0x08, 0x2A,
    0x39, 0xF3, 0x08, 0x2A, 0x39, 0xF3, 0x08, 0x2A, 0x39, 0xF3, 0x08, 0x2A, 0x39, 0xF3, 0x00, 0x2B,
    0x39, 0xF3, 0x08, 0x2A, 0x39, 0xF3, 0x00, 0x0D, 0x39, 0xF3, 0x00, 0x0C, 0x39, 0xF3, 0x08, 0x2A,
    0x39, 0xF3, 0x00, 0x0B, 0x39, 0xF3, 0x00, 0x0C, 0x39, 0xF3, 0x00, 0x0C, 0x39, 0xF3, 0x00, 0x0C,
    0x39, 0xF3, 0x00, 0x0C, 0x39, 0xF3, 0x00, 0x2B, 0x39, 0xF3, 0x08, 0x2A, 0x39, 0xF3, 0x08, 0x2A,
    0x39, 0xF3, 0x08, 0x2A, 0x39, 0xF3, 0x08, 0x2A, 0x39, 0xF3, 0x08, 0x2A, 0x39, 0xF3, 0x08, 0x2A,
    0x39, 0xF3, 0x08, 0x2A, 0x39, 0xF3, 0x00, 0x0C, 0x39, 0xF3, 0x00, 0x0D, 0x39, 0xF3, 0x00, 0x2B,
    0x41, 0xF4, 0x00, 0x2B, 0x41, 0xF4, 0x08, 0x2A, 0x31, 0xB1, 0x00, 0x0D, 0x00, 0x00, 0x00, 0x2B,
    0x00, 0x2B, 0x62, 0xFE, 0x00, 0x0B, 0x4A, 0x37, 0x00, 0x2B, 0x41, 0xF4, 0x00, 0x2B, 0x41, 0xF4,
    0x00, 0x0C, 0x41, 0xF4, 0x00, 0x0C, 0x39, 0xD3, 0x00, 0x2B, 0x39, 0xD3, 0x00, 0x0C, 0x39, 0xD3,
    0x00, 0x0C, 0x39, 0xD3, 0x00, 0x2A, 0x39, 0xD3, 0x08, 0x2A, 0x39, 0xD3, 0x00, 0x2B, 0x39, 0xD3,
    0x08, 0x2A, 0x39, 0xD3, 0x08, 0x2A, 0x39, 0xD3, 0x00, 0x0C, 0x39, 0xD3, 0x00, 0x2B, 0x39, 0xD3,
    0x00, 0x2B, 0x39, 0xD3, 0x00, 0x2B, 0x39, 0xD3, 0x00, 0x2B, 0x39, 0xD3, 0x00, 0x0E, 0x39, 0xD3,
    0x00, 0x2B, 0x39, 0xD3, 0x08, 0x2A, 0x39, 0xD3, 0x00, 0x0D, 0x39, 0xD3, 0x00, 0x0D, 0x39, 0xD3,
    0x00, 0x2B, 0x39, 0xD3, 0x08, 0x2A, 0x39, 0xD3, 0x08, 0x2A, 0x39, 0xD3, 0x00, 0x2B, 0x39, 0xD3,
    0x00, 0x2B, 0x39, 0xD3, 0x08, 0x2A, 0x39, 0xD3, 0x00, 0x0C, 0x39, 0xD3, 0x08, 0x2A, 0x39, 0xD3,
    0x00, 0x2B, 0x39, 0xD3, 0x00, 0x0D, 0x39, 0xD3, 0x00, 0x0C, 0x39, 0xD3, 0x00, 0x2B, 0x39, 0xD3,
    0x00, 0x0B, 0x39, 0xD3, 0x00, 0x2B, 0x39, 0xD3, 0x00, 0x2B, 0x39, 0xD3, 0x00, 0x0C, 0x39, 0xD3,
    0x00, 0x0C, 0x39, 0xD3, 0x00, 0x2B, 0x39, 0xD3, 0x00, 0x0C, 0x39, 0xD3, 0x00, 0x0C, 0x39, 0xD3,
    0x00, 0x2A, 0x39, 0xD3, 0x08, 0x2A, 0x39, 0xD3, 0x00, 0x2B, 0x39, 0xD3, 0x08, 0x2A, 0x39, 0xD3,
    0x08, 0x2A, 0x39, 0xD3, 0x00, 0x0C, 0x39, 0xD3, 0x00, 0x2B, 0x39, 0xD3, 0x00, 0x2B, 0x39, 0xD3,
    0x00, 0x2B, 0x39, 0xD3, 0x00, 0x2B, 0x39, 0xD3, 0x00, 0x0E, 0x39, 0xD3, 0x00, 0x2B, 0x39, 0xD3,
    0x08, 0x2A, 0x39, 0xD3, 0x00, 0x0D, 0x39, 0xD3, 0x00, 0x0D, 0x39, 0xD3, 0x00, 0x2B, 0x39, 0xD3,
    0x08, 0x2A, 0x39, 0xD3, 0x08, 0x2A, 0x39, 0xD3, 0x00, 0x2B, 0x39, 0xD3, 0x00, 0x2B, 0x39, 0xD3,
    0x08, 0x2A, 0x39, 0xD3, 0x00, 0x0C, 0x39, 0xD3, 0x08, 0x2A, 0x39, 0xD3, 0x00, 0x2B, 0x39, 0xD3,
    0x00, 0x0D, 0x39, 0xD3, 0x00, 0x0C, 0x39, 0xD3, 0x00, 0x2B, 0x39, 0xD3, 0x00, 0x0B, 0x39, 0xD3,
    0x00, 0x2B, 0x39, 0xD3, 0x00, 0x2B, 0x39, 0xD3, 0x00, 0x0C, 0x39, 0xD3, 0x00, 0x0C, 0x39, 0xD3,
    0x00, 0x2B, 0x39, 0xD3, 0x00, 0x0C, 0x39, 0xD3, 0x00, 0x0C, 0x39, 0xD3, 0x00, 0x2A, 0x39, 0xD3,
    0x08, 0x2A, 0x39, 0xD3, 0x00, 0x2B, 0x39, 0xD3, 0x08, 0x2A, 0x39, 0xD3, 0x08, 0x2A, 0x39, 0xD3,
    0x00, 0x0C, 0x39, 0xD3, 0x00, 0x2B, 0x39, 0xD3, 0x00, 0x2B, 0x39, 0xD3, 0x00, 0x2B, 0x39, 0xD3,
    0x00, 0x2B, 0x39, 0xD3, 0x00, 0x0E, 0x39, 0xD3, 0x00, 0x2B, 0x39, 0xD3, 0x08, 0x2A, 0x39, 0xD3,
    0x00, 0x0D, 0x39, 0xD3, 0x00, 0x0D, 0x39, 0xD3, 0x00, 0x2B, 0x39, 0xD3, 0x08, 0x2A, 0x39, 0xD3,
    0x08, 0x2A, 0x39, 0xD3, 0x00, 0x2B, 0x39, 0xD3, 0x00, 0x2B, 0x39, 0xD3, 0x08, 0x2A, 0x39, 0xD3,
    0x00, 0x0C, 0x39, 0xD3, 0x08, 0x2A, 0x39, 0xD3, 0x00, 0x2B, 0x39, 0xD3, 0x00, 0x0D, 0x39, 0xD3,
    0x00, 0x0C, 0x39, 0xD3, 0x00, 0x2B, 0x39, 0xD3, 0x00, 0x0B, 0x39, 0xD3, 0x00, 0x2B, 0x39, 0xD3,
    0x00, 0x2B, 0x39, 0xD3, 0x00, 0x0C, 0x39, 0xD3, 0x00, 0x0C, 0x39, 0xD3, 0x00, 0x2B, 0x39, 0xD3,
    0x00, 0x0C, 0x39, 0xD3, 0x00, 0x0C, 0x39, 0xD3, 0x00, 0x2A, 0x39, 0xD3, 0x08, 0x2A, 0x39, 0xD3,
    0x00, 0x2B, 0x39, 0xD3, 0x08, 0x2A, 0x39, 0xD3, 0x08, 0x2A, 0x39, 0xD3, 0x00, 0x0C, 0x39, 0xD3,
    0x00, 0x2B, 0x39, 0xD3, 0x00, 0x2B, 0x39, 0xD3, 0x00, 0x2B, 0x39, 0xD3, 0x00, 0x2B, 0x39, 0xD3,
    0x00, 0x0E, 0x39, 0xD3, 0x00, 0x2B, 0x39, 0xD3, 0x08, 0x2A, 0x39, 0xD3, 0x00, 0x0D, 0x39, 0xD3,
    0x00, 0x0D, 0x39, 0xD3, 0x00, 0x2B, 0x39, 0xD3, 0x08, 0x2A, 0x39, 0xD3, 0x08, 0x2A, 0x39, 0xD3,
    0x00, 0x2B, 0x39, 0xD3, 0x00, 0x2B, 0x39, 0xD3, 0x08, 0x2A, 0x39, 0xD3, 0x00, 0x0C, 0x39, 0xD3,
    0x08, 0x2A, 0x39, 0xD3, 0x00, 0x2B, 0x39, 0xD3, 0x00, 0x0D, 0x39, 0xD3, 0x00, 0x0C, 0x39, 0xD3,
    0x00, 0x2B, 0x39, 0xD3, 0x00, 0x0B, 0x39, 0xD3, 0x00, 0x2B, 0x39, 0xD3, 0x00, 0x2B, 0x39, 0xD3,
    0x00, 0x0C, 0x39, 0xD3, 0x00, 0x0C, 0x39, 0xD3, 0x00, 0x2B, 0x39, 0xD3, 0x00, 0x0C, 0x39, 0xD3,
    0x00, 0x0C, 0x39, 0xD3, 0x00, 0x2A, 0x39, 0xD3, 0x08, 0x2A, 0x39, 0xD3, 0x00, 0x2B, 0x39, 0xD3,
    0x08, 0x2A, 0x39, 0xD3, 0x08, 0x2A, 0x39, 0xD3, 0x00, 0x0C, 0x39, 0xD3, 0x00, 0x2B, 0x41, 0xF4,
    0x00, 0x2B, 0x41, 0xF4, 0x00, 0x2B, 0x5A, 0xDD, 0x00, 0x2B, 0x00, 0x00, 0x00, 0x0E, 0x00, 0x00,
    0x84, 0x1F, 0x08, 0x2A, 0x5A, 0xBC, 0x00, 0x2B, 0x00, 0x00, 0x08, 0x2A, 0x39, 0xF4, 0x00, 0x2B,
    0x39, 0xF4, 0x00, 0x0C, 0x39, 0xD3, 0x08, 0x2A, 0x39, 0xD3, 0x00, 0x0C, 0x39, 0xD3, 0x00, 0x0E,
    0x39, 0xD3, 0x00, 0x0D, 0x39, 0xD3, 0x00, 0x2B, 0x39, 0xD3, 0x00, 0x0B, 0x39, 0xD3, 0x00, 0x0D,
    0x39, 0xD3, 0x08, 0x2A, 0x39, 0xD3, 0x08, 0x2A, 0x39, 0xD3, 0x00, 0x2A, 0x39, 0xD3, 0x08, 0x2A,
    0x39, 0xD3, 0x08, 0x2A, 0x39, 0xD3, 0x08, 0x2A, 0x39, 0xD3, 0x00, 0x0C, 0x39, 0xD3, 0x00, 0x0D,
    0x39, 0xD3, 0x00, 0x2B, 0x39, 0xD3, 0x00, 0x2B, 0x39, 0xD3, 0x00, 0x0F, 0x39, 0xD3, 0x00, 0x0D,
    0x39, 0xD3, 0x00, 0x0D, 0x39, 0xD3, 0x08, 0x2A, 0x39, 0xD3, 0x00, 0x2B, 0x39, 0xD3, 0x00, 0x0C,
    0x39, 0xD3, 0x00, 0x2B, 0x39, 0xD3, 0x00, 0x0C, 0x39, 0xD3, 0x00, 0x2B, 0x39, 0xD3, 0x08, 0x2A,
    0x39, 0xD3, 0x00, 0x2B, 0x39, 0xD3, 0x00, 0x0C, 0x39, 0xD3, 0x00, 0x2B, 0x39, 0xD3, 0x08, 0x2A,
    0x39, 0xD3, 0x00, 0x2B, 0x39, 0xD3, 0x08, 0x2A, 0x39, 0xD3, 0x00, 0x2B, 0x39, 0xD3, 0x00, 0x0C,
    0x39, 0xD3, 0x08, 0x2A, 0x39, 0xD3, 0x00, 0x0C, 0x39, 0xD3, 0x00, 0x0E, 0x39, 0xD3, 0x00, 0x0D,
    0x39, 0xD3, 0x00, 0x2B, 0x39, 0xD3, 0x00, 0x0B, 0x39, 0xD3, 0x00, 0x0D, 0x39, 0xD3, 0x08, 0x2A,
    0x39, 0xD3, 0x08, 0x2A, 0x39, 0xD3, 0x00, 0x2A, 0x39, 0xD3, 0x08, 0x2A, 0x39, 0xD3, 0x08, 0x2A,
    0x39, 0xD3, 0x08, 0x2A, 0x39, 0xD3, 0x00, 0x0C, 0x39, 0xD3, 0x00, 0x0D, 0x39, 0xD3, 0x00, 0x2B,
    0x39, 0xD3, 0x00, 0x2B, 0x39, 0xD3, 0x00, 0x0F, 0x39, 0xD3, 0x00, 0x0D, 0x39, 0xD3, 0x00, 0x0D,
    0x39, 0xD3, 0x08, 0x2A, 0x39, 0xD3, 0x00, 0x2B, 0x39, 0xD3, 0x00, 0x0C, 0x39, 0xD3, 0x00, 0x2B,
    0x39, 0xD3, 0x00, 0x0C, 0x39, 0xD3, 0x00, 0x2B, 0x39, 0xD3, 0x08, 0x2A, 0x39, 0xD3, 0x00, 0x2B,
    0x39, 0xD3, 0x00, 0x0C, 0x39, 0xD3, 0x00, 0x2B, 0x39, 0xD3, 0x08, 0x2A, 0x39, 0xD3, 0x00, 0x2B,
    0x39, 0xD3, 0x08, 0x2A, 0x39, 0xD3, 0x00, 0x2B, 0x39, 0xD3, 0x00, 0x0C, 0x39, 0xD3, 0x08, 0x2A,
    0x39, 0xD3, 0x00, 0x0C, 0x39, 0xD3, 0x00, 0x0E, 0x39, 0xD3, 0x00, 0x0D, 0x39, 0xD3, 0x00, 0x2B,
    0x39, 0xD3, 0x00, 0x0B, 0x39, 0xD3, 0x00, 0x0D, 0x39, 0xD3, 0x08, 0x2A, 0x39, 0xD3, 0x08, 0x2A,
    0x39, 0xD3, 0x00, 0x2A, 0x39, 0xD3, 0x08, 0x2A, 0x39, 0xD3, 0x08, 0x2A, 0x39, 0xD3, 0x08, 0x2A,
    0x39, 0xD3, 0x00, 0x0C, 0x39, 0xD3, 0x00, 0x0D, 0x39, 0xD3, 0x00, 0x2B, 0x39, 0xD3, 0x00, 0x2B,
    0x39, 0xD3, 0x00, 0x0F, 0x39, 0xD3, 0x00, 0x0D, 0x39, 0xD3, 0x00, 0x0D, 0x39, 0xD3, 0x08, 0x2A,
    0x39, 0xD3, 0x00, 0x2B, 0x39, 0xD3, 0x00, 0x0C, 0x39, 0xD3, 0x00, 0x2B, 0x39, 0xD3, 0x00, 0x0C,
    0x39, 0xD3, 0x00, 0x2B, 0x39, 0xD3, 0x08, 0x2A, 0x39, 0xD3, 0x00, 0x2B, 0x39, 0xD3, 0x00, 0x0C,
    0x39, 0xD3, 0x00, 0x2B, 0x39, 0xD3, 0x08, 0x2A, 0x39, 0xD3, 0x00, 0x2B, 0x39, 0xD3, 0x08, 0x2A,
    0x39, 0xD3, 0x00, 0x2B, 0x39, 0xD3, 0x00, 0x0C, 0x39, 0xD3, 0x08, 0x2A, 0x39, 0xD3, 0x00, 0x0C,
    0x39, 0xD3, 0x00, 0x0E, 0x39, 0xD3, 0x00, 0x0D, 0x39, 0xD3, 0x00, 0x2B, 0x39, 0xD3, 0x00, 0x0B,
    0x39, 0xD3, 0x00, 0x0D, 0x39, 0xD3, 0x08, 0x2A, 0x39, 0xD3, 0x08, 0x2A, 0x39, 0xD3, 0x00, 0x2A,
    0x39, 0xD3, 0x08, 0x2A, 0x39, 0xD3, 0x08, 0x2A, 0x39, 0xD3, 0x08, 0x2A, 0x39, 0xD3, 0x00, 0x0C,
    0x39, 0xD3, 0x00, 0x0D, 0x39, 0xD3, 0x00, 0x2B, 0x39, 0xD3, 0x00, 0x2B, 0x39, 0xD3, 0x00, 0x0F,
    0x39, 0xD3, 0x00, 0x0D, 0x39, 0xD3, 0x00, 0x0D, 0x39, 0xD3, 0x08, 0x2A, 0x39, 0xD3, 0x00, 0x2B,
    0x39, 0xD3, 0x00, 0x0C, 0x39, 0xD3, 0x00, 0x2B, 0x39, 0xD3, 0x00, 0x0C, 0x39, 0xD3, 0x00, 0x2B,
    0x39, 0xD3, 0x08, 0x2A, 0x39, 0xD3, 0x00, 0x2B, 0x39, 0xD3, 0x00, 0x0C, 0x39, 0xD3, 0x00, 0x2B,
    0x39, 0xD3, 0x08, 0x2A, 0x39, 0xD3, 0x00, 0x2B, 0x39, 0xD3, 0x08, 0x2A, 0x39, 0xD3, 0x00, 0x2B,
    0x39, 0xD3, 0x00, 0x0C, 0x39, 0xD3, 0x08, 0x2A, 0x39, 0xD3, 0x00, 0x0C, 0x39, 0xD3, 0x00, 0x0E,
    0x39, 0xD3, 0x00, 0x0D, 0x39, 0xD3, 0x00, 0x2B, 0x39, 0xD3, 0x00, 0x0B, 0x39, 0xD3, 0x00, 0x0D,
    0x39, 0xD3, 0x08, 0x2A, 0x39, 0xD3, 0x08, 0x2A, 0x39, 0xD3, 0x00, 0x2A, 0x39, 0xD3, 0x08, 0x2A,
    0x39, 0xF4, 0x08, 0x2A, 0x39, 0xF4, 0x08, 0x2A, 0x31, 0x90, 0x00, 0x0C, 0x00, 0x00, 0x00, 0x0D,
    0x00, 0x2B, 0x5A, 0xDE, 0x08, 0x2A, 0x42, 0x36, 0x08, 0x2A, 0x39, 0xF4, 0x08, 0x2A, 0x39, 0xF4,
    0x00, 0x0D, 0x39, 0xF4, 0x00, 0x0C, 0x39, 0xD3, 0x08, 0x2A, 0x39, 0xD3, 0x00, 0x0D, 0x39, 0xD3,
    0x00, 0x0E, 0x39, 0xD3, 0x00, 0x0E, 0x39, 0xD3, 0x00, 0x0D, 0x39, 0xD3, 0x00, 0x0F, 0x39, 0xD3,
    0x00, 0x0E, 0x39, 0xD3, 0x00, 0x2B, 0x39, 0xD3, 0x00, 0x2B, 0x39, 0xD3, 0x08, 0x2A, 0x39, 0xD3,
    0x08, 0x2A, 0x39, 0xD3, 0x08, 0x2A, 0x39, 0xD3, 0x08, 0x2A, 0x39, 0xD3, 0x00, 0x2B, 0x39, 0xD3,
    0x00, 0x0C, 0x39, 0xD3, 0x00, 0x2B, 0x39, 0xD3, 0x00, 0x0C, 0x39, 0xD3, 0x00, 0x0D, 0x39, 0xD3,
    0x00, 0x0F, 0x39, 0xD3, 0x00, 0x0D, 0x39, 0xD3, 0x00, 0x0B, 0x39, 0xD3, 0x00, 0x0D, 0x39, 0xD3,
    0x00, 0x0C, 0x39, 0xD3, 0x00, 0x0C, 0x39, 0xD3, 0x00, 0x0D, 0x39, 0xD3, 0x08, 0x2A, 0x39, 0xD3,
    0x08, 0x2A, 0x39, 0xD3, 0x00, 0x0C, 0x39, 0xD3, 0x00, 0x2B, 0x39, 0xD3, 0x00, 0x2B, 0x39, 0xD3,
    0x08, 0x2A, 0x39, 0xD3, 0x08, 0x2A, 0x39, 0xD3, 0x08, 0x2A, 0x39, 0xD3, 0x00, 0x0D, 0x39, 0xD3,
    0x00, 0x0C, 0x39, 0xD3, 0x08, 0x2A, 0x39, 0xD3, 0x00, 0x0D, 0x39, 0xD3, 0x00, 0x0E, 0x39, 0xD3,
    0x00, 0x0E, 0x39, 0xD3, 0x00, 0x0D, 0x39, 0xD3, 0x00, 0x0F, 0x39, 0xD3, 0x00, 0x0E, 0x39, 0xD3,
    0x00, 0x2B, 0x39, 0xD3, 0x00, 0x2B, 0x39, 0xD3, 0x08, 0x2A, 0x39, 0xD3, 0x08, 0x2A, 0x39, 0xD3,
    0x08, 0x2A, 0x39, 0xD3, 0x08, 0x2A, 0x39, 0xD3, 0x00, 0x2B, 0x39, 0xD3, 0x00, 0x0C, 0x39, 0xD3,
    0x00, 0x2B, 0x39, 0xD3, 0x00, 0x0C, 0x39, 0xD3, 0x00, 0x0D, 0x39, 0xD3, 0x00, 0x0F, 0x39, 0xD3,
    0x00, 0x0D, 0x39, 0xD3, 0x00, 0x0B, 0x39, 0xD3, 0x00, 0x0D, 0x39, 0xD3, 0x00, 0x0C, 0x39, 0xD3,
    0x00, 0x0C, 0x39, 0xD3, 0x00, 0x0D, 0x39, 0xD3, 0x08, 0x2A, 0x39, 0xD3, 0x08, 0x2A, 0x39, 0xD3,
    0x00, 0x0C, 0x39, 0xD3, 0x00, 0x2B, 0x39, 0xD3, 0x00, 0x2B, 0x39, 0xD3, 0x08, 0x2A, 0x39, 0xD3,
    0x08, 0x2A, 0x39, 0xD3, 0x08, 0x2A, 0x39, 0xD3, 0x00, 0x0D, 0x39, 0xD3, 0x00, 0x0C, 0x39, 0xD3,
    0x08, 0x2A, 0x39, 0xD3, 0x00, 0x0D, 0x39, 0xD3, 0x00, 0x0E, 0x39, 0xD3, 0x00, 0x0E, 0x39, 0xD3,
    0x00, 0x0D, 0x39, 0xD3, 0x00, 0x0F, 0x39, 0xD3, 0x00, 0x0E, 0x39, 0xD3, 0x00, 0x2B, 0x39, 0xD3,
    0x00, 0x2B, 0x39, 0xD3, 0x08, 0x2A, 0x39, 0xD3, 0x08, 0x2A, 0x39, 0xD3, 0x08, 0x2A, 0x39, 0xD3,
    0x08, 0x2A, 0x39, 0xD3, 0x00, 0x2B, 0x39, 0xD3, 0x00, 0x0C, 0x39, 0xD3, 0x00, 0x2B, 0x39, 0xD3,
    0x00, 0x0C, 0x39, 0xD3, 0x00, 0x0D, 0x39, 0xD3, 0x00, 0x0F, 0x39, 0xD3, 0x00, 0x0D, 0x39, 0xD3,
    0x00, 0x0B, 0x39, 0xD3, 0x00, 0x0D, 0x39, 0xD3, 0x00, 0x0C, 0x39, 0xD3, 0x00, 0x0C, 0x39, 0xD3,
    0x00, 0x0D, 0x39, 0xD3, 0x08, 0x2A, 0x39, 0xD3, 0x08, 0x2A, 0x39, 0xD3, 0x00, 0x0C, 0x39, 0xD3,
    0x00, 0x2B, 0x39, 0xD3, 0x00, 0x2B, 0x39, 0xD3, 0x08, 0x2A, 0x39, 0xD3, 0x08, 0x2A, 0x39, 0xD3,
    0x08, 0x2A, 0x39, 0xD3, 0x00, 0x0D, 0x39, 0xD3, 0x00, 0x0C, 0x39, 0xD3, 0x08, 0x2A, 0x39, 0xD3,
    0x00, 0x0D, 0x39, 0xD3, 0x00, 0x0E, 0x39, 0xD3, 0x00, 0x0E, 0x39, 0xD3, 0x00, 0x0D, 0x39, 0xD3,
    0x00, 0x0F, 0x39, 0xD3, 0x00, 0x0E, 0x39, 0xD3, 0x00, 0x2B, 0x39, 0xD3, 0x00, 0x2B, 0x39, 0xD3,
    0x08, 0x2A, 0x39, 0xD3, 0x08, 0x2A, 0x39, 0xD3, 0x08, 0x2A, 0x39, 0xD3, 0x08, 0x2A, 0x39, 0xD3,
    0x00, 0x2B, 0x39, 0xD3, 0x00, 0x0C, 0x39, 0xD3, 0x00, 0x2B, 0x39, 0xD3, 0x00, 0x0C, 0x39, 0xD3,
    0x00, 0x0D, 0x39, 0xD3, 0x00, 0x0F, 0x39, 0xD3, 0x00, 0x0D, 0x39, 0xD3, 0x00, 0x0B, 0x39, 0xD3,
    0x00, 0x0D, 0x39, 0xD3, 0x00, 0x0C, 0x39, 0xD3, 0x00, 0x0C, 0x39, 0xD3, 0x00, 0x0D, 0x39, 0xD3,
    0x08, 0x2A, 0x39, 0xD3, 0x08, 0x2A, 0x39, 0xD3, 0x00, 0x0C, 0x39, 0xD3, 0x00, 0x2B, 0x39, 0xD3,
    0x00, 0x2B, 0x39, 0xD3, 0x08, 0x2A, 0x39, 0xD3, 0x08, 0x2A, 0x39, 0xD3, 0x08, 0x2A, 0x39, 0xD3,
    0x00, 0x0D, 0x39, 0xD3, 0x00, 0x0C, 0x39, 0xD3, 0x08, 0x2A, 0x39, 0xD3, 0x00, 0x0D, 0x39, 0xD3,
    0x00, 0x0E, 0x39, 0xD3, 0x00, 0x0E, 0x39, 0xD3, 0x00, 0x0D, 0x39, 0xD3, 0x00, 0x0F, 0x39, 0xD3,
    0x00, 0x0E, 0x39, 0xD3, 0x00, 0x2B, 0x39, 0xD3, 0x00, 0x2B, 0x39, 0xD3, 0x08, 0x2A, 0x39, 0xF4,
    0x08, 0x2A, 0x39, 0xF4, 0x08, 0x2A, 0x5A, 0xBC, 0x08, 0x2A, 0x00, 0x00, 0x00, 0x2B, 0x00, 0x00,
    0x83, 0xFF, 0x00, 0x0B, 0x52, 0x9B, 0x00, 0x2B, 0x00, 0x00, 0x08, 0x2A, 0x39, 0xD3, 0x00, 0x0B,
    0x39, 0xD3, 0x00, 0x0E, 0x39, 0xD3, 0x00, 0x2B, 0x39, 0xD3, 0x08, 0x2A, 0x39, 0xD3, 0x00, 0x0C,
    0x39, 0xD3, 0x00, 0x0E, 0x39, 0xD3, 0x00, 0x0F, 0x39, 0xD3, 0x00, 0x0E, 0x39, 0xD3, 0x00, 0x10,
    0x39, 0xD3, 0x00, 0x0E, 0x39, 0xD3, 0x00, 0x2B, 0x39, 0xD3, 0x00, 0x0C, 0x39, 0xD3, 0x00, 0x2B,
    0x39, 0xD3, 0x08, 0x2A, 0x39, 0xD3, 0x00, 0x2B, 0x39, 0xD3, 0x00, 0x2B, 0x39, 0xD3, 0x08, 0x2A,
    0x39, 0xD3, 0x00, 0x0C, 0x39, 0xD3, 0x00, 0x2B, 0x39, 0xD3, 0x08, 0x2A, 0x39, 0xD3, 0x00, 0x0D,
    0x39, 0xD3, 0x00, 0x10, 0x39, 0xD3, 0x00, 0x0E, 0x39, 0xD3, 0x00, 0x0D, 0x39, 0xD3, 0x00, 0x0C,
    0x39, 0xD3, 0x08, 0x2A, 0x39, 0xD3, 0x00, 0x0D, 0x39, 0xD3, 0x00, 0x0C, 0x39, 0xD3, 0x08, 0x2A,
    0x39, 0xD3, 0x00, 0x2B, 0x39, 0xD3, 0x00, 0x0C, 0x39, 0xD3, 0x00, 0x2B, 0x39, 0xD3, 0x00, 0x0B,
    0x39, 0xD3, 0x00, 0x2B, 0x39, 0xD3, 0x08, 0x2A, 0x39, 0xD3, 0x00, 0x0B, 0x39, 0xD3, 0x00, 0x0E,
    0x39, 0xD3, 0x00, 0x2B, 0x39, 0xD3, 0x08, 0x2A, 0x39, 0xD3, 0x00, 0x0C, 0x39, 0xD3, 0x00, 0x0E,
    0x39, 0xD3, 0x00, 0x0F, 0x39, 0xD3, 0x00, 0x0E, 0x39, 0xD3, 0x00, 0x10, 0x39, 0xD3, 0x00, 0x0E,
    0x39, 0xD3, 0x00, 0x2B, 0x39, 0xD3, 0x00, 0x0C, 0x39, 0xD3, 0x00, 0x2B, 0x39, 0xD3, 0x08, 0x2A,
    0x39, 0xD3, 0x00, 0x2B, 0x39, 0xD3, 0x00, 0x2B, 0x39, 0xD3, 0x08, 0x2A, 0x39, 0xD3, 0x00, 0x0C,
    0x39, 0xD3, 0x00, 0x2B, 0x39, 0xD3, 0x08, 0x2A, 0x39, 0xD3, 0x00, 0x0D, 0x39, 0xD3, 0x00, 0x10,
    0x39, 0xD3, 0x00, 0x0E, 0x39, 0xD3, 0x00, 0x0D, 0x39, 0xD3, 0x00, 0x0C, 0x39, 0xD3, 0x08, 0x2A,
    0x39, 0xD3, 0x00, 0x0D, 0x39, 0xD3, 0x00, 0x0C, 0x39, 0xD3, 0x08, 0x2A, 0x39, 0xD3, 0x00, 0x2B,
    0x39, 0xD3, 0x00, 0x0C, 0x39, 0xD3, 0x00, 0x2B, 0x39, 0xD3, 0x00, 0x0B, 0x39, 0xD3, 0x00, 0x2B,
    0x39, 0xD3, 0x08, 0x2A, 0x39, 0xD3, 0x00, 0x0B, 0x39, 0xD3, 0x00, 0x0E, 0x39, 0xD3, 0x00, 0x2B,
    0x39, 0xD3, 0x08, 0x2A, 0x39, 0xD3, 0x00, 0x0C, 0x39, 0xD3, 0x00, 0x0E, 0x39, 0xD3, 0x00, 0x0F,
    0x39, 0xD3, 0x00, 0x0E, 0x39, 0xD3, 0x00, 0x10, 0x39, 0xD3, 0x00, 0x0E, 0x39, 0xD3, 0x00, 0x2B,
    0x39, 0xD3, 0x00, 0x0C, 0x39, 0xD3, 0x00, 0x2B, 0x39, 0xD3, 0x08, 0x2A, 0x39, 0xD3, 0x00, 0x2B,
    0x39, 0xD3, 0x00, 0x2B, 0x39, 0xD3, 0x08, 0x2A, 0x39, 0xD3, 0x00, 0x0C, 0x39, 0xD3, 0x00, 0x2B,
    0x39, 0xD3, 0x08, 0x2A, 0x39, 0xD3, 0x00, 0x0D, 0x39, 0xD3, 0x00, 0x10, 0x39, 0xD3, 0x00, 0x0E,
    0x39, 0xD3, 0x00, 0x0D, 0x39, 0xD3, 0x00, 0x0C, 0x39, 0xD3, 0x08, 0x2A, 0x39, 0xD3, 0x00, 0x0D,
    0x39, 0xD3, 0x00, 0x0C, 0x39, 0xD3, 0x08, 0x2A, 0x39, 0xD3, 0x00, 0x2B, 0x39, 0xD3, 0x00, 0x0C,
    0x39, 0xD3, 0x00, 0x2B, 0x39, 0xD3, 0x00, 0x0B, 0x39, 0xD3, 0x00, 0x2B, 0x39, 0xD3, 0x08, 0x2A,
    0x39, 0xD3, 0x00, 0x0B, 0x39, 0xD3, 0x00, 0x0E, 0x39, 0xD3, 0x00, 0x2B, 0x39, 0xD3, 0x08, 0x2A,
    0x39, 0xD3, 0x00, 0x0C, 0x39, 0xD3, 0x00, 0x0E, 0x39, 0xD3, 0x00, 0x0F, 0x39, 0xD3, 0x00, 0x0E,
    0x39, 0xD3, 0x00, 0x10, 0x39, 0xD3, 0x00, 0x0E, 0x39, 0xD3, 0x00, 0x2B, 0x39, 0xD3, 0x00, 0x0C,
    0x39, 0xD3, 0x00, 0x2B, 0x39, 0xD3, 0x08, 0x2A, 0x39, 0xD3, 0x00, 0x2B, 0x39, 0xD3, 0x00, 0x2B,
    0x39, 0xD3, 0x08, 0x2A, 0x39, 0xD3, 0x00, 0x0C, 0x39, 0xD3, 0x00, 0x2B, 0x39, 0xD3, 0x08, 0x2A,
    0x39, 0xD3, 0x00, 0x0D, 0x39, 0xD3, 0x00, 0x10, 0x39, 0xD3, 0x00, 0x0E, 0x39, 0xD3, 0x00, 0x0D,
    0x39, 0xD3, 0x00, 0x0C, 0x39, 0xD3, 0x08, 0x2A, 0x39, 0xD3, 0x00, 0x0D, 0x39, 0xD3, 0x00, 0x0C,
    0x39, 0xD3, 0x08, 0x2A, 0x39, 0xD3, 0x00, 0x2B, 0x39, 0xD3, 0x00, 0x0C, 0x39, 0xD3, 0x00, 0x2B,
    0x39, 0xD3, 0x00, 0x0B, 0x39, 0xD3, 0x00, 0x2B, 0x39, 0xD3, 0x08, 0x2A, 0x39, 0xD3, 0x00, 0x0B,
    0x39, 0xD3, 0x00, 0x0E, 0x39, 0xD3, 0x00, 0x2B, 0x39, 0xD3, 0x08, 0x2A, 0x39, 0xD3, 0x00, 0x0C,
    0x39, 0xD3, 0x00, 0x0E, 0x39, 0xD3, 0x00, 0x0F, 0x39, 0xD3, 0x00, 0x0E, 0x39, 0xD3, 0x00, 0x10,
    0x39, 0xD3, 0x00, 0x0E, 0x39, 0xD3, 0x00, 0x2B, 0x39, 0xD3, 0x00, 0x0C, 0x39, 0xD3, 0x00, 0x2B,
    0x39, 0xD3, 0x08, 0x2A, 0x39, 0xD3, 0x00, 0x2B, 0x31, 0x90, 0x00, 0x2B, 0x00, 0x00, 0x08, 0x2A,
    0x00, 0x2B, 0x5A, 0xBD, 0x00, 0x0C, 0x42, 0x16, 0x00, 0x0B, 0x39, 0xD3, 0x08, 0x2A, 0x39, 0xD3,
    0x00, 0x0C, 0x39, 0xD3, 0x00, 0x0C, 0x39, 0xB3, 0x08, 0x2A, 0x39, 0xB3, 0x08, 0x2A, 0x39, 0xB3,
    0x00, 0x2B, 0x39, 0xB3, 0x00, 0x0D, 0x39, 0xB3, 0x00, 0x0E, 0x39, 0xB3, 0x00, 0x0E, 0x39, 0xB3,
    0x00, 0x0E, 0x39, 0xB3, 0x00, 0x0E, 0x39, 0xB3, 0x00, 0x0B, 0x39, 0xB3, 0x00, 0x0D, 0x39, 0xB3,
    0x00, 0x2B, 0x39, 0xB3, 0x00, 0x0B, 0x39, 0xB3, 0x00, 0x0D, 0x39, 0xB3, 0x00, 0x2B, 0x39, 0xB3,
    0x08, 0x2A, 0x39, 0xB3, 0x00, 0x0C, 0x39, 0xB3, 0x00, 0x2B, 0x39, 0xB3, 0x08, 0x2A, 0x39, 0xB3,
    0x00, 0x0E, 0x39, 0xB3, 0x00, 0x0F, 0x39, 0xB3, 0x00, 0x0E, 0x39, 0xB3, 0x00, 0x0D, 0x39, 0xB3,
    0x08, 0x2A, 0x39, 0xB3, 0x00, 0x2B, 0x39, 0xB3, 0x00, 0x0E, 0x39, 0xB3, 0x00, 0x0C, 0x39, 0xB3,
    0x00, 0x2B, 0x39, 0xB3, 0x00, 0x0C, 0x39, 0xB3, 0x00, 0x2B, 0x39, 0xB3, 0x00, 0x2B, 0x39, 0xB3,
    0x00, 0x0C, 0x39, 0xB3, 0x00, 0x0B, 0x39, 0xB3, 0x08, 0x2A, 0x39, 0xB3, 0x00, 0x0C, 0x39, 0xB3,
    0x00, 0x0C, 0x39, 0xB3, 0x08, 0x2A, 0x39, 0xB3, 0x08, 0x2A, 0x39, 0xB3, 0x00, 0x2B, 0x39, 0xB3,
    0x00, 0x0D, 0x39, 0xB3, 0x00, 0x0E, 0x39, 0xB3, 0x00, 0x0E, 0x39, 0xB3, 0x00, 0x0E, 0x39, 0xB3,
    0x00, 0x0E, 0x39, 0xB3, 0x00, 0x0B, 0x39, 0xB3, 0x00, 0x0D, 0x39, 0xB3, 0x00, 0x2B, 0x39, 0xB3,
    0x00, 0x0B, 0x39, 0xB3, 0x00, 0x0D, 0x39, 0xB3, 0x00, 0x2B, 0x39, 0xB3, 0x08, 0x2A, 0x39, 0xB3,
    0x00, 0x0C, 0x39, 0xB3, 0x00, 0x2B, 0x39, 0xB3, 0x08, 0x2A, 0x39, 0xB3, 0x00, 0x0E, 0x39, 0xB3,
    0x00, 0x0F, 0x39, 0xB3, 0x00, 0x0E, 0x39, 0xB3, 0x00, 0x0D, 0x39, 0xB3, 0x08, 0x2A, 0x39, 0xB3,
    0x00, 0x2B, 0x39, 0xB3, 0x00, 0x0E, 0x39, 0xB3, 0x00, 0x0C, 0x39, 0xB3, 0x00, 0x2B, 0x39, 0xB3,
    0x00, 0x0C, 0x39, 0xB3, 0x00, 0x2B, 0x39, 0xB3, 0x00, 0x2B, 0x39, 0xB3, 0x00, 0x0C, 0x39, 0xB3,
    0x00, 0x0B, 0x39, 0xB3, 0x08, 0x2A, 0x39, 0xB3, 0x00, 0x0C, 0x39, 0xB3, 0x00, 0x0C, 0x39, 0xB3,
    0x08, 0x2A, 0x39, 0xB3, 0x08, 0x2A, 0x39, 0xB3, 0x00, 0x2B, 0x39, 0xB3, 0x00, 0x0D, 0x39, 0xB3,
    0x00, 0x0E, 0x39, 0xB3, 0x00, 0x0E, 0x39, 0xB3, 0x00, 0x0E, 0x39, 0xB3, 0x00, 0x0E, 0x39, 0xB3,
    0x00, 0x0B, 0x39, 0xB3, 0x00, 0x0D, 0x39, 0xB3, 0x00, 0x2B, 0x39, 0xB3, 0x00, 0x0B, 0x39, 0xB3,
    0x00, 0x0D, 0x39, 0xB3, 0x00, 0x2B, 0x39, 0xB3, 0x08, 0x2A, 0x39, 0xB3, 0x00, 0x0C, 0x39, 0xB3,
    0x00, 0x2B, 0x39, 0xB3, 0x08, 0x2A, 0x39, 0xB3, 0x00, 0x0E, 0x39, 0xB3, 0x00, 0x0F, 0x39, 0xB3,
    0x00, 0x0E, 0x39, 0xB3, 0x00, 0x0D, 0x39, 0xB3, 0x08, 0x2A, 0x39, 0xB3, 0x00, 0x2B, 0x39, 0xB3,
    0x00, 0x0E, 0x39, 0xB3, 0x00, 0x0C, 0x39, 0xB3, 0x00, 0x2B, 0x39, 0xB3, 0x00, 0x0C, 0x39, 0xB3,
    0x00, 0x2B, 0x39, 0xB3, 0x00, 0x2B, 0x39, 0xB3, 0x00, 0x0C, 0x39, 0xB3, 0x00, 0x0B, 0x39, 0xB3,
    0x08, 0x2A, 0x39, 0xB3, 0x00, 0x0C, 0x39, 0xB3, 0x00, 0x0C, 0x39, 0xB3, 0x08, 0x2A, 0x39, 0xB3,
    0x08, 0x2A, 0x39, 0xB3, 0x00, 0x2B, 0x39, 0xB3, 0x00, 0x0D, 0x39, 0xB3, 0x00, 0x0E, 0x39, 0xB3,
    0x00, 0x0E, 0x39, 0xB3, 0x00, 0x0E, 0x39, 0xB3, 0x00, 0x0E, 0x39, 0xB3, 0x00, 0x0B, 0x39, 0xB3,
    0x00, 0x0D, 0x39, 0xB3, 0x00, 0x2B, 0x39, 0xB3, 0x00, 0x0B, 0x39, 0xB3, 0x00, 0x0D, 0x39, 0xB3,
    0x00, 0x2B, 0x39, 0xB3, 0x08, 0x2A, 0x39, 0xB3, 0x00, 0x0C, 0x39, 0xB3, 0x00, 0x2B, 0x39, 0xB3,
    0x08, 0x2A, 0x39, 0xB3, 0x00, 0x0E, 0x39, 0xB3, 0x00, 0x0F, 0x39, 0xB3, 0x00, 0x0E, 0x39, 0xB3,
    0x00, 0x0D, 0x39, 0xB3, 0x08, 0x2A, 0x39, 0xB3, 0x00, 0x2B, 0x39, 0xB3, 0x00, 0x0E, 0x39, 0xB3,
    0x00, 0x0C, 0x39, 0xB3, 0x00, 0x2B, 0x39, 0xB3, 0x00, 0x0C, 0x39, 0xB3, 0x00, 0x2B, 0x39, 0xB3,
    0x00, 0x2B, 0x39, 0xB3, 0x00, 0x0C, 0x39, 0xB3, 0x00, 0x0B, 0x39, 0xB3, 0x08, 0x2A, 0x39, 0xB3,
    0x00, 0x0C, 0x39, 0xB3, 0x00, 0x0C, 0x39, 0xB3, 0x08, 0x2A, 0x39, 0xB3, 0x08, 0x2A, 0x39, 0xB3,
    0x00, 0x2B, 0x39, 0xB3, 0x00, 0x0D, 0x39, 0xB3, 0x00, 0x0E, 0x39, 0xB3, 0x00, 0x0E, 0x39, 0xB3,
    0x00, 0x0E, 0x39, 0xB3, 0x00, 0x0E, 0x39, 0xB3, 0x00, 0x0B, 0x39, 0xB3, 0x00, 0x0D, 0x39, 0xD3,
    0x00, 0x2B, 0x39, 0xD3, 0x00, 0x0B, 0x52, 0x9C, 0x00, 0x0D, 0x00, 0x00, 0x00, 0x2B, 0x00, 0x00,
    0x7B, 0xDF, 0x00, 0x2B, 0x52, 0x7B, 0x00, 0x0B, 0x00, 0x00, 0x00, 0x2B, 0x39, 0xD3, 0x08, 0x2A,
    0x39, 0xD3, 0x08, 0x2A, 0x39, 0xB2, 0x00, 0x0C, 0x39, 0xB2, 0x00, 0x2B, 0x39, 0xB2, 0x08, 0x2A,
    0x39, 0xB2, 0x08, 0x2A, 0x39, 0xB2, 0x00, 0x0C, 0x39, 0xB2, 0x00, 0x0C, 0x39, 0xB2, 0x00, 0x0C,
    0x39, 0xB2, 0x00, 0x0D, 0x39, 0xB2, 0x00, 0x0D, 0x39, 0xB2, 0x00, 0x0C, 0x39, 0xB2, 0x00, 0x0E,
    0x39, 0xB2, 0x00, 0x0C, 0x39, 0xB2, 0x00, 0x0D, 0x39, 0xB2, 0x00, 0x0D, 0x39, 0xB2, 0x00, 0x2B,
    0x39, 0xB2, 0x08, 0x2A, 0x39, 0xB2, 0x00, 0x0C, 0x39, 0xB2, 0x00, 0x2B, 0x39, 0xB2, 0x08, 0x2A,
    0x39, 0xB2, 0x00, 0x0C, 0x39, 0xB2, 0x00, 0x0D, 0x39, 0xB2, 0x00, 0x0D, 0x39, 0xB2, 0x00, 0x0D,
    0x39, 0xB2, 0x08, 0x2A, 0x39, 0xB2, 0x00, 0x0C, 0x39, 0xB2, 0x00, 0x0E, 0x39, 0xB2, 0x00, 0x0C,
    0x39, 0xB2, 0x00, 0x0C, 0x39, 0xB2, 0x00, 0x0B, 0x39, 0xB2, 0x08, 0x2A, 0x39, 0xB2, 0x00, 0x2B,
    0x39, 0xB2, 0x00, 0x0B, 0x39, 0xB2, 0x00, 0x2B, 0x39, 0xB2, 0x08, 0x2A, 0x39, 0xB2, 0x08, 0x2A,
    0x39, 0xB2, 0x00, 0x0C, 0x39, 0xB2, 0x00, 0x2B, 0x39, 0xB2, 0x08, 0x2A, 0x39, 0xB2, 0x08, 0x2A,
    0x39, 0xB2, 0x00, 0x0C, 0x39, 0xB2, 0x00, 0x0C, 0x39, 0xB2, 0x00, 0x0C, 0x39, 0xB2, 0x00, 0x0D,
    0x39, 0xB2, 0x00, 0x0D, 0x39, 0xB2, 0x00, 0x0C, 0x39, 0xB2, 0x00, 0x0E, 0x39, 0xB2, 0x00, 0x0C,
    0x39, 0xB2, 0x00, 0x0D, 0x39, 0xB2, 0x00, 0x0D, 0x39, 0xB2, 0x00, 0x2B, 0x39, 0xB2, 0x08, 0x2A,
    0x39, 0xB2, 0x00, 0x0C, 0x39, 0xB2, 0x00, 0x2B, 0x39, 0xB2, 0x08, 0x2A, 0x39, 0xB2, 0x00, 0x0C,
    0x39, 0xB2, 0x00, 0x0D, 0x39, 0xB2, 0x00, 0x0D, 0x39, 0xB2, 0x00, 0x0D, 0x39, 0xB2, 0x08, 0x2A,
    0x39, 0xB2, 0x00, 0x0C, 0x39, 0xB2, 0x00, 0x0E, 0x39, 0xB2, 0x00, 0x0C, 0x39, 0xB2, 0x00, 0x0C,
    0x39, 0xB2, 0x00, 0x0B, 0x39, 0xB2, 0x08, 0x2A, 0x39, 0xB2, 0x00, 0x2B, 0x39, 0xB2, 0x00, 0x0B,
    0x39, 0xB2, 0x00, 0x2B, 0x39, 0xB2, 0x08, 0x2A, 0x39, 0xB2, 0x08, 0x2A, 0x39, 0xB2, 0x00, 0x0C,
    0x39, 0xB2, 0x00, 0x2B, 0x39, 0xB2, 0x08, 0x2A, 0x39, 0xB2, 0x08, 0x2A, 0x39, 0xB2, 0x00, 0x0C,
    0x39, 0xB2, 0x00, 0x0C, 0x39, 0xB2, 0x00, 0x0C, 0x39, 0xB2, 0x00, 0x0D, 0x39, 0xB2, 0x00, 0x0D,
    0x39, 0xB2, 0x00, 0x0C, 0x39, 0xB2, 0x00, 0x0E, 0x39, 0xB2, 0x00, 0x0C, 0x39, 0xB2, 0x00, 0x0D,
    0x39, 0xB2, 0x00, 0x0D, 0x39, 0xB2, 0x00, 0x2B, 0x39, 0xB2, 0x08, 0x2A, 0x39, 0xB2, 0x00, 0x0C,
    0x39, 0xB2, 0x00, 0x2B, 0x39, 0xB2, 0x08, 0x2A, 0x39, 0xB2, 0x00, 0x0C, 0x39, 0xB2, 0x00, 0x0D,
    0x39, 0xB2, 0x00, 0x0D, 0x39, 0xB2, 0x00, 0x0D, 0x39, 0xB2, 0x08, 0x2A, 0x39, 0xB2, 0x00, 0x0C,
    0x39, 0xB2, 0x00, 0x0E, 0x39, 0xB2, 0x00, 0x0C, 0x39, 0xB2, 0x00, 0x0C, 0x39, 0xB2, 0x00, 0x0B,
    0x39, 0xB2, 0x08, 0x2A, 0x39, 0xB2, 0x00, 0x2B, 0x39, 0xB2, 0x00, 0x0B, 0x39, 0xB2, 0x00, 0x2B,
    0x39, 0xB2, 0x08, 0x2A, 0x39, 0xB2, 0x08, 0x2A, 0x39, 0xB2, 0x00, 0x0C, 0x39, 0xB2, 0x00, 0x2B,
    0x39, 0xB2, 0x08, 0x2A, 0x39, 0xB2, 0x08, 0x2A, 0x39, 0xB2, 0x00, 0x0C, 0x39, 0xB2, 0x00, 0x0C,
    0x39, 0xB2, 0x00, 0x0C, 0x39, 0xB2, 0x00, 0x0D, 0x39, 0xB2, 0x00, 0x0D, 0x39, 0xB2, 0x00, 0x0C,
    0x39, 0xB2, 0x00, 0x0E, 0x39, 0xB2, 0x00, 0x0C, 0x39, 0xB2, 0x00, 0x0D, 0x39, 0xB2, 0x00, 0x0D,
    0x39, 0xB2, 0x00, 0x2B, 0x39, 0xB2, 0x08, 0x2A, 0x39, 0xB2, 0x00, 0x0C, 0x39, 0xB2, 0x00, 0x2B,
    0x39, 0xB2, 0x08, 0x2A, 0x39, 0xB2, 0x00, 0x0C, 0x39, 0xB2, 0x00, 0x0D, 0x39, 0xB2, 0x00, 0x0D,
    0x39, 0xB2, 0x00, 0x0D, 0x39, 0xB2, 0x08, 0x2A, 0x39, 0xB2, 0x00, 0x0C, 0x39, 0xB2, 0x00, 0x0E,
    0x39, 0xB2, 0x00, 0x0C, 0x39, 0xB2, 0x00, 0x0C, 0x39, 0xB2, 0x00, 0x0B, 0x39, 0xB2, 0x08, 0x2A,
    0x39, 0xB2, 0x00, 0x2B, 0x39, 0xB2, 0x00, 0x0B, 0x39, 0xB2, 0x00, 0x2B, 0x39, 0xB2, 0x08, 0x2A,
    0x39, 0xB2, 0x08, 0x2A, 0x39, 0xB2, 0x00, 0x0C, 0x39, 0xB2, 0x00, 0x2B, 0x39, 0xB2, 0x08, 0x2A,
    0x39, 0xB2, 0x08, 0x2A, 0x39, 0xB2, 0x00, 0x0C, 0x39, 0xB2, 0x00, 0x0C, 0x39, 0xB2, 0x00, 0x0C,
    0x39, 0xB2, 0x00, 0x0D, 0x39, 0xB2, 0x00, 0x0D, 0x39, 0xB2, 0x00, 0x0C, 0x39, 0xB2, 0x00, 0x0E,
    0x39, 0xD3, 0x00, 0x0C, 0x39, 0xD3, 0x00, 0x0D, 0x31, 0x90, 0x00, 0x0D, 0x00, 0x00, 0x00, 0x2B,
    0x08, 0x2A, 0x52, 0xBC, 0x08, 0x2A, 0x41, 0xF5, 0x00, 0x2B, 0x39, 0xD3, 0x08, 0x2A, 0x39, 0xD3,
    0x08, 0x2A, 0x39, 0xD3, 0x08, 0x2A, 0x39, 0xB2, 0x00, 0x0D, 0x39, 0xB2, 0x00, 0x2B, 0x39, 0xB2,
    0x08, 0x2A, 0x39, 0xB2, 0x08, 0x2A, 0x39, 0xB2, 0x00, 0x2B, 0x39, 0xB2, 0x00, 0x2B, 0x39, 0xB2,
    0x00, 0x2B, 0x39, 0xB2, 0x00, 0x0C, 0x39, 0xB2, 0x00, 0x0D, 0x39, 0xB2, 0x00, 0x0C, 0x39, 0xB2,
    0x00, 0x0D, 0x39, 0xB2, 0x00, 0x0D, 0x39, 0xB2, 0x00, 0x0E, 0x39, 0xB2, 0x00, 0x0E, 0x39, 0xB2,
    0x08, 0x2A, 0x39, 0xB2, 0x08, 0x2A, 0x39, 0xB2, 0x00, 0x0C, 0x39, 0xB2, 0x00, 0x2B, 0x39, 0xB2,
    0x08, 0x2A, 0x39, 0xB2, 0x00, 0x2B, 0x39, 0xB2, 0x00, 0x0C, 0x39, 0xB2, 0x00, 0x0D, 0x39, 0xB2,
    0x00, 0x0C, 0x39, 0xB2, 0x08, 0x2A, 0x39, 0xB2, 0x00, 0x0D, 0x39, 0xB2, 0x00, 0x0C, 0x39, 0xB2,
    0x00, 0x0C, 0x39, 0xB2, 0x00, 0x2B, 0x39, 0xB2, 0x08, 0x2A, 0x39, 0xB2, 0x08, 0x2A, 0x39, 0xB2,
    0x08, 0x2A, 0x39, 0xB2, 0x00, 0x2B, 0x39, 0xB2, 0x08, 0x2A, 0x39, 0xB2, 0x08, 0x2A, 0x39, 0xB2,
    0x08, 0x2A, 0x39, 0xB2, 0x00, 0x0D, 0x39, 0xB2, 0x00, 0x2B, 0x39, 0xB2, 0x08, 0x2A, 0x39, 0xB2,
    0x08, 0x2A, 0x39, 0xB2, 0x00, 0x2B, 0x39, 0xB2, 0x00, 0x2B, 0x39, 0xB2, 0x00, 0x2B, 0x39, 0xB2,
    0x00, 0x0C, 0x39, 0xB2, 0x00, 0x0D, 0x39, 0xB2, 0x00, 0x0C, 0x39, 0xB2, 0x00, 0x0D, 0x39, 0xB2,
    0x00, 0x0D, 0x39, 0xB2, 0x00, 0x0E, 0x39, 0xB2, 0x00, 0x0E, 0x39, 0xB2, 0x08, 0x2A, 0x39, 0xB2,
    0x08, 0x2A, 0x39, 0xB2, 0x00, 0x0C, 0x39, 0xB2, 0x00, 0x2B, 0x39, 0xB2, 0x08, 0x2A, 0x39, 0xB2,
    0x00, 0x2B, 0x39, 0xB2, 0x00, 0x0C, 0x39, 0xB2, 0x00, 0x0D, 0x39, 0xB2, 0x00, 0x0C, 0x39, 0xB2,
    0x08, 0x2A, 0x39, 0xB2, 0x00, 0x0D, 0x39, 0xB2, 0x00, 0x0C, 0x39, 0xB2, 0x00, 0x0C, 0x39, 0xB2,
    0x00, 0x2B, 0x39, 0xB2, 0x08, 0x2A, 0x39, 0xB2, 0x08, 0x2A, 0x39, 0xB2, 0x08, 0x2A, 0x39, 0xB2,
    0x00, 0x2B, 0x39, 0xB2, 0x08, 0x2A, 0x39, 0xB2, 0x08, 0x2A, 0x39, 0xB2, 0x08, 0x2A, 0x39, 0xB2,
    0x00, 0x0D, 0x39, 0xB2, 0x00, 0x2B, 0x39, 0xB2, 0x08, 0x2A, 0x39, 0xB2, 0x08, 0x2A, 0x39, 0xB2,
    0x00, 0x2B, 0x39, 0xB2, 0x00, 0x2B, 0x39, 0xB2, 0x00, 0x2B, 0x39, 0xB2, 0x00, 0x0C, 0x39, 0xB2,
    0x00, 0x0D, 0x39, 0xB2, 0x00, 0x0C, 0x39, 0xB2, 0x00, 0x0D, 0x39, 0xB2, 0x00, 0x0D, 0x39, 0xB2,
    0x00, 0x0E, 0x39, 0xB2, 0x00, 0x0E, 0x39, 0xB2, 0x08, 0x2A, 0x39, 0xB2, 0x08, 0x2A, 0x39, 0xB2,
    0x00, 0x0C, 0x39, 0xB2, 0x00, 0x2B, 0x39, 0xB2, 0x08, 0x2A, 0x39, 0xB2, 0x00, 0x2B, 0x39, 0xB2,
    0x00, 0x0C, 0x39, 0xB2, 0x00, 0x0D, 0x39, 0xB2, 0x00, 0x0C, 0x39, 0xB2, 0x08, 0x2A, 0x39, 0xB2,
    0x00, 0x0D, 0x39, 0xB2, 0x00, 0x0C, 0x39, 0xB2, 0x00, 0x0C, 0x39, 0xB2, 0x00, 0x2B, 0x39, 0xB2,
    0x08, 0x2A, 0x39, 0xB2, 0x08, 0x2A, 0x39, 0xB2, 0x08, 0x2A, 0x39, 0xB2, 0x00, 0x2B, 0x39, 0xB2,
    0x08, 0x2A, 0x39, 0xB2, 0x08, 0x2A, 0x39, 0xB2, 0x08, 0x2A, 0x39, 0xB2, 0x00, 0x0D, 0x39, 0xB2,
    0x00, 0x2B, 0x39, 0xB2, 0x08, 0x2A, 0x39, 0xB2, 0x08, 0x2A, 0x39, 0xB2, 0x00, 0x2B, 0x39, 0xB2,
    0x00, 0x2B, 0x39, 0xB2, 0x00, 0x2B, 0x39, 0xB2, 0x00, 0x0C, 0x39, 0xB2, 0x00, 0x0D, 0x39, 0xB2,
    0x00, 0x0C, 0x39, 0xB2, 0x00, 0x0D, 0x39, 0xB2, 0x00, 0x0D, 0x39, 0xB2, 0x00, 0x0E, 0x39, 0xB2,
    0x00, 0x0E, 0x39, 0xB2, 0x08, 0x2A, 0x39, 0xB2, 0x08, 0x2A, 0x39, 0xB2, 0x00, 0x0C, 0x39, 0xB2,
    0x00, 0x2B, 0x39, 0xB2, 0x08, 0x2A, 0x39, 0xB2, 0x00, 0x2B, 0x39, 0xB2, 0x00, 0x0C, 0x39, 0xB2,
    0x00, 0x0D, 0x39, 0xB2, 0x00, 0x0C, 0x39, 0xB2, 0x08, 0x2A, 0x39, 0xB2, 0x00, 0x0D, 0x39, 0xB2,
    0x00, 0x0C, 0x39, 0xB2, 0x00, 0x0C, 0x39, 0xB2, 0x00, 0x2B, 0x39, 0xB2, 0x08, 0x2A, 0x39, 0xB2,
    0x08, 0x2A, 0x39, 0xB2, 0x08, 0x2A, 0x39, 0xB2, 0x00, 0x2B, 0x39, 0xB2, 0x08, 0x2A, 0x39, 0xB2,
    0x08, 0x2A, 0x39, 0xB2, 0x08, 0x2A, 0x39, 0xB2, 0x00, 0x0D, 0x39, 0xB2, 0x00, 0x2B, 0x39, 0xB2,
    0x08, 0x2A, 0x39, 0xB2, 0x08, 0x2A, 0x39, 0xB2, 0x00, 0x2B, 0x39, 0xB2, 0x00, 0x2B, 0x39, 0xB2,
    0x00, 0x2B, 0x39, 0xB2, 0x00, 0x0C, 0x39, 0xB2, 0x00, 0x0D, 0x39, 0xB2, 0x00, 0x0C, 0x39, 0xD3,
    0x00, 0x0D, 0x39, 0xD3, 0x00, 0x0D, 0x52, 0x9B, 0x00, 0x0E, 0x00, 0x00, 0x00, 0x0E, 0x00, 0x00,
    0x7B, 0xBF, 0x08, 0x2A, 0x4A, 0x7A, 0x08, 0x2A, 0x00, 0x00, 0x00, 0x2B, 0x39, 0xB3, 0x08, 0x2A,
    0x39, 0xB3, 0x08, 0x2A, 0x31, 0xB2, 0x00, 0x0C, 0x31, 0xB2, 0x00, 0x0D, 0x31, 0xB2, 0x08, 0x2A,
    0x31, 0xB2, 0x00, 0x2A, 0x31, 0xB2, 0x08, 0x2A, 0x31, 0xB2, 0x08, 0x2A, 0x31, 0xB2, 0x08, 0x2A,
    0x31, 0xB2, 0x08, 0x2A, 0x31, 0xB2, 0x00, 0x0C, 0x31, 0xB2, 0x00, 0x0B, 0x31, 0xB2, 0x00, 0x0B,
    0x31, 0xB2, 0x08, 0x2A, 0x31, 0xB2, 0x00, 0x0D, 0x31, 0xB2, 0x00, 0x0E, 0x31, 0xB2, 0x00, 0x0E,
    0x31, 0xB2, 0x08, 0x2A, 0x31, 0xB2, 0x08, 0x2A, 0x31, 0xB2, 0x00, 0x0C, 0x31, 0xB2, 0x08, 0x2A,
    0x31, 0xB2, 0x08, 0x2A, 0x31, 0xB2, 0x08, 0x2A, 0x31, 0xB2, 0x00, 0x2B, 0x31, 0xB2, 0x00, 0x0C,
    0x31, 0xB2, 0x00, 0x2B, 0x31, 0xB2, 0x08, 0x2A, 0x31, 0xB2, 0x00, 0x2B, 0x31, 0xB2, 0x00, 0x2B,
    0x31, 0xB2, 0x00, 0x0C, 0x31, 0xB2, 0x00, 0x2A, 0x31, 0xB2, 0x00, 0x2B, 0x31, 0xB2, 0x08, 0x2A,
    0x31, 0xB2, 0x08, 0x2A, 0x31, 0xB2, 0x00, 0x2B, 0x31, 0xB2, 0x08, 0x2A, 0x31, 0xB2, 0x08, 0x2A,
    0x31, 0xB2, 0x00, 0x0C, 0x31, 0xB2, 0x00, 0x0D, 0x31, 0xB2, 0x08, 0x2A, 0x31, 0xB2, 0x00, 0x2A,
    0x31, 0xB2, 0x08, 0x2A, 0x31, 0xB2, 0x08, 0x2A, 0x31, 0xB2, 0x08, 0x2A, 0x31, 0xB2, 0x08, 0x2A,
    0x31, 0xB2, 0x00, 0x0C, 0x31, 0xB2, 0x00, 0x0B, 0x31, 0xB2, 0x00, 0x0B, 0x31, 0xB2, 0x08, 0x2A,
    0x31, 0xB2, 0x00, 0x0D, 0x31, 0xB2, 0x00, 0x0E, 0x31, 0xB2, 0x00, 0x0E, 0x31, 0xB2, 0x08, 0x2A,
    0x31, 0xB2, 0x08, 0x2A, 0x31, 0xB2, 0x00, 0x0C, 0x31, 0xB2, 0x08, 0x2A, 0x31, 0xB2, 0x08, 0x2A,
    0x31, 0xB2, 0x08, 0x2A, 0x31, 0xB2, 0x00, 0x2B, 0x31, 0xB2, 0x00, 0x0C, 0x31, 0xB2, 0x00, 0x2B,
    0x31, 0xB2, 0x08, 0x2A, 0x31, 0xB2, 0x00, 0x2B, 0x31, 0xB2, 0x00, 0x2B, 0x31, 0xB2, 0x00, 0x0C,
    0x31, 0xB2, 0x00, 0x2A, 0x31, 0xB2, 0x00, 0x2B, 0x31, 0xB2, 0x08, 0x2A, 0x31, 0xB2, 0x08, 0x2A,
    0x31, 0xB2, 0x00, 0x2B, 0x31, 0xB2, 0x08, 0x2A, 0x31, 0xB2, 0x08, 0x2A, 0x31, 0xB2, 0x00, 0x0C,
    0x31, 0xB2, 0x00, 0x0D, 0x31, 0xB2, 0x08, 0x2A, 0x31, 0xB2, 0x00, 0x2A, 0x31, 0xB2, 0x08, 0x2A,
    0x31, 0xB2, 0x08, 0x2A, 0x31, 0xB2, 0x08, 0x2A, 0x31, 0xB2, 0x08, 0x2A, 0x31, 0xB2, 0x00, 0x0C,
    0x31, 0xB2, 0x00, 0x0B, 0x31, 0xB2, 0x00, 0x0B, 0x31, 0xB2, 0x08, 0x2A, 0x31, 0xB2, 0x00, 0x0D,
    0x31, 0xB2, 0x00, 0x0E, 0x31, 0xB2, 0x00, 0x0E, 0x31, 0xB2, 0x08, 0x2A, 0x31, 0xB2, 0x08, 0x2A,
    0x31, 0xB2, 0x00, 0x0C, 0x31, 0xB2, 0x08, 0x2A, 0x31, 0xB2, 0x08, 0x2A, 0x31, 0xB2, 0x08, 0x2A,
    0x31, 0xB2, 0x00, 0x2B, 0x31, 0xB2, 0x00, 0x0C, 0x31, 0xB2, 0x00, 0x2B, 0x31, 0xB2, 0x08, 0x2A,
    0x31, 0xB2, 0x00, 0x2B, 0x31, 0xB2, 0x00, 0x2B, 0x31, 0xB2, 0x00, 0x0C, 0x31, 0xB2, 0x00, 0x2A,
    0x31, 0xB2, 0x00, 0x2B, 0x31, 0xB2, 0x08, 0x2A, 0x31, 0xB2, 0x08, 0x2A, 0x31, 0xB2, 0x00, 0x2B,
    0x31, 0xB2, 0x08, 0x2A, 0x31, 0xB2, 0x08, 0x2A, 0x31, 0xB2, 0x00, 0x0C, 0x31, 0xB2, 0x00, 0x0D,
    0x31, 0xB2, 0x08, 0x2A, 0x31, 0xB2, 0x00, 0x2A, 0x31, 0xB2, 0x08, 0x2A, 0x31, 0xB2, 0x08, 0x2A,
    0x31, 0xB2, 0x08, 0x2A, 0x31, 0xB2, 0x08, 0x2A, 0x31, 0xB2, 0x00, 0x0C, 0x31, 0xB2, 0x00, 0x0B,
    0x31, 0xB2, 0x00, 0x0B, 0x31, 0xB2, 0x08, 0x2A, 0x31, 0xB2, 0x00, 0x0D, 0x31, 0xB2, 0x00, 0x0E,
    0x31, 0xB2, 0x00, 0x0E, 0x31, 0xB2, 0x08, 0x2A, 0x31, 0xB2, 0x08, 0x2A, 0x31, 0xB2, 0x00, 0x0C,
    0x31, 0xB2, 0x08, 0x2A, 0x31, 0xB2, 0x08, 0x2A, 0x31, 0xB2, 0x08, 0x2A, 0x31, 0xB2, 0x00, 0x2B,
    0x31, 0xB2, 0x00, 0x0C, 0x31, 0xB2, 0x00, 0x2B, 0x31, 0xB2, 0x08, 0x2A, 0x31, 0xB2, 0x00, 0x2B,
    0x31, 0xB2, 0x00, 0x2B, 0x31, 0xB2, 0x00, 0x0C, 0x31, 0xB2, 0x00, 0x2A, 0x31, 0xB2, 0x00, 0x2B,
    0x31, 0xB2, 0x08, 0x2A, 0x31, 0xB2, 0x08, 0x2A, 0x31, 0xB2, 0x00, 0x2B, 0x31, 0xB2, 0x08, 0x2A,
    0x31, 0xB2, 0x08, 0x2A, 0x31, 0xB2, 0x00, 0x0C, 0x31, 0xB2, 0x00, 0x0D, 0x31, 0xB2, 0x08, 0x2A,
    0x31, 0xB2, 0x00, 0x2A, 0x31, 0xB2, 0x08, 0x2A, 0x31, 0xB2, 0x08, 0x2A, 0x31, 0xB2, 0x08, 0x2A,
    0x31, 0xB2, 0x08, 0x2A, 0x31, 0xB2, 0x00, 0x0C, 0x31, 0xB2, 0x00, 0x0B, 0x31, 0xB2, 0x00, 0x0B,
    0x39, 0xB3, 0x08, 0x2A, 0x39, 0xB3, 0x00, 0x0D, 0x31, 0x70, 0x00, 0x0E, 0x00, 0x00, 0x00, 0x0E,
    0x00, 0x0C, 0x52, 0x9C, 0x08, 0x2A, 0x39, 0xF5, 0x00, 0x0C, 0x39, 0xB2, 0x00, 0x0C, 0x39, 0xB2,
    0x00, 0x2B, 0x39, 0xB2, 0x08, 0x2A, 0x31, 0x92, 0x00, 0x0D, 0x31, 0x92, 0x00, 0x2B, 0x31, 0x92,
    0x08, 0x2A, 0x31, 0x92, 0x00, 0x0D, 0x31, 0x92, 0x00, 0x2B, 0x31, 0x92, 0x08, 0x2A, 0x31, 0x92,
    0x08, 0x2A, 0x31, 0x92, 0x08, 0x2A, 0x31, 0x92, 0x00, 0x2B, 0x31, 0x92, 0x00, 0x0B, 0x31, 0x92,
    0x08, 0x2A, 0x31, 0x92, 0x08, 0x2A, 0x31, 0x92, 0x00, 0x2B, 0x31, 0x92, 0x00, 0x0D, 0x31, 0x92,
    0x00, 0x0E, 0x31, 0x92, 0x08, 0x2A, 0x31, 0x92, 0x00, 0x2B, 0x31, 0x92, 0x00, 0x0D, 0x31, 0x92,
    0x08, 0x2A, 0x31, 0x92, 0x08, 0x2A, 0x31, 0x92, 0x08, 0x2A, 0x31, 0x92, 0x08, 0x2A, 0x31, 0x92,
    0x08, 0x2A, 0x31, 0x92, 0x08, 0x2A, 0x31, 0x92, 0x08, 0x2A, 0x31, 0x92, 0x08, 0x2A, 0x31, 0x92,
    0x00, 0x0C, 0x31, 0x92, 0x00, 0x2B, 0x31, 0x92, 0x00, 0x0C, 0x31, 0x92, 0x00, 0x0C, 0x31, 0x92,
    0x08, 0x2A, 0x31, 0x92, 0x00, 0x0C, 0x31, 0x92, 0x00, 0x0C, 0x31, 0x92, 0x00, 0x2B, 0x31, 0x92,
    0x08, 0x2A, 0x31, 0x92, 0x00, 0x0D, 0x31, 0x92, 0x00, 0x2B, 0x31, 0x92, 0x08, 0x2A, 0x31, 0x92,
    0x00, 0x0D, 0x31, 0x92, 0x00, 0x2B, 0x31, 0x92, 0x08, 0x2A, 0x31, 0x92, 0x08, 0x2A, 0x31, 0x92,
    0x08, 0x2A, 0x31, 0x92, 0x00, 0x2B, 0x31, 0x92, 0x00, 0x0B, 0x31, 0x92, 0x08, 0x2A, 0x31, 0x92,
    0x08, 0x2A, 0x31, 0x92, 0x00, 0x2B, 0x31, 0x92, 0x00, 0x0D, 0x31, 0x92, 0x00, 0x0E, 0x31, 0x92,
    0x08, 0x2A, 0x31, 0x92, 0x00, 0x2B, 0x31, 0x92, 0x00, 0x0D, 0x31, 0x92, 0x08, 0x2A, 0x31, 0x92,
    0x08, 0x2A, 0x31, 0x92, 0x08, 0x2A, 0x31, 0x92, 0x08, 0x2A, 0x31, 0x92, 0x08, 0x2A, 0x31, 0x92,
    0x08, 0x2A, 0x31, 0x92, 0x08, 0x2A, 0x31, 0x92, 0x08, 0x2A, 0x31, 0x92, 0x00, 0x0C, 0x31, 0x92,
    0x00, 0x2B, 0x31, 0x92, 0x00, 0x0C, 0x31, 0x92, 0x00, 0x0C, 0x31, 0x92, 0x08, 0x2A, 0x31, 0x92,
    0x00, 0x0C, 0x31, 0x92, 0x00, 0x0C, 0x31, 0x92, 0x00, 0x2B, 0x31, 0x92, 0x08, 0x2A, 0x31, 0x92,
    0x00, 0x0D, 0x31, 0x92, 0x00, 0x2B, 0x31, 0x92, 0x08, 0x2A, 0x31, 0x92, 0x00, 0x0D, 0x31, 0x92,
    0x00, 0x2B, 0x31, 0x92, 0x08, 0x2A, 0x31, 0x92, 0x08, 0x2A, 0x31, 0x92, 0x08, 0x2A, 0x31, 0x92,
    0x00, 0x2B, 0x31, 0x92, 0x00, 0x0B, 0x31, 0x92, 0x08, 0x2A, 0x31, 0x92, 0x08, 0x2A, 0x31, 0x92,
    0x00, 0x2B, 0x31, 0x92, 0x00, 0x0D, 0x31, 0x92, 0x00, 0x0E, 0x31, 0x92, 0x08, 0x2A, 0x31, 0x92,
    0x00, 0x2B, 0x31, 0x92, 0x00, 0x0D, 0x31, 0x92, 0x08, 0x2A, 0x31, 0x92, 0x08, 0x2A, 0x31, 0x92,
    0x08, 0x2A, 0x31, 0x92, 0x08, 0x2A, 0x31, 0x92, 0x08, 0x2A, 0x31, 0x92, 0x08, 0x2A, 0x31, 0x92,
    0x08, 0x2A, 0x31, 0x92, 0x08, 0x2A, 0x31, 0x92, 0x00, 0x0C, 0x31, 0x92, 0x00, 0x2B, 0x31, 0x92,
    0x00, 0x0C, 0x31, 0x92, 0x00, 0x0C, 0x31, 0x92, 0x08, 0x2A, 0x31, 0x92, 0x00, 0x0C, 0x31, 0x92,
    0x00, 0x0C, 0x31, 0x92, 0x00, 0x2B, 0x31, 0x92, 0x08, 0x2A, 0x31, 0x92, 0x00, 0x0D, 0x31, 0x92,
    0x00, 0x2B, 0x31, 0x92, 0x08, 0x2A, 0x31, 0x92, 0x00, 0x0D, 0x31, 0x92, 0x00, 0x2B, 0x31, 0x92,
    0x08, 0x2A, 0x31, 0x92, 0x08, 0x2A, 0x31, 0x92, 0x08, 0x2A, 0x31, 0x92, 0x00, 0x2B, 0x31, 0x92,
    0x00, 0x0B, 0x31, 0x92, 0x08, 0x2A, 0x31, 0x92, 0x08, 0x2A, 0x31, 0x92, 0x00, 0x2B, 0x31, 0x92,
    0x00, 0x0D, 0x31, 0x92, 0x00, 0x0E, 0x31, 0x92, 0x08, 0x2A, 0x31, 0x92, 0x00, 0x2B, 0x31, 0x92,
    0x00, 0x0D, 0x31, 0x92, 0x08, 0x2A, 0x31, 0x92, 0x08, 0x2A, 0x31, 0x92, 0x08, 0x2A, 0x31, 0x92,
    0x08, 0x2A, 0x31, 0x92, 0x08, 0x2A, 0x31, 0x92, 0x08, 0x2A, 0x31, 0x92, 0x08, 0x2A, 0x31, 0x92,
    0x08, 0x2A, 0x31, 0x92, 0x00, 0x0C, 0x31, 0x92, 0x00, 0x2B, 0x31, 0x92, 0x00, 0x0C, 0x31, 0x92,
    0x00, 0x0C, 0x31, 0x92, 0x08, 0x2A, 0x31, 0x92, 0x00, 0x0C, 0x31, 0x92, 0x00, 0x0C, 0x31, 0x92,
    0x00, 0x2B, 0x31, 0x92, 0x08, 0x2A, 0x31, 0x92, 0x00, 0x0D, 0x31, 0x92, 0x00, 0x2B, 0x31, 0x92,
    0x08, 0x2A, 0x31, 0x92, 0x00, 0x0D, 0x31, 0x92, 0x00, 0x2B, 0x31, 0x92, 0x08, 0x2A, 0x31, 0x92,
    0x08, 0x2A, 0x31, 0x92, 0x08, 0x2A, 0x31, 0x92, 0x00, 0x2B, 0x31, 0x92, 0x00, 0x0B, 0x39, 0xB2,
    0x08, 0x2A, 0x39, 0xB2, 0x08, 0x2A, 0x52, 0x7B, 0x00, 0x2B, 0x00, 0x00, 0x00, 0x0D, 0x00, 0x00,
    0x73, 0x9F, 0x00, 0x0B, 0x4A, 0x5A, 0x00, 0x2B, 0x00, 0x00, 0x00, 0x0D, 0x31, 0xB2, 0x00, 0x0E,
    0x39, 0xD3, 0x10, 0x8D, 0x39, 0xD3, 0x08, 0x2C, 0x31, 0xB2, 0x08, 0x4D, 0x39, 0xB3, 0x08, 0x4B,
    0x31, 0xB2, 0x08, 0x2D, 0x31, 0x92, 0x08, 0x4F, 0x31, 0xB2, 0x00, 0x0C, 0x31, 0x92, 0x08, 0x2A,
    0x31, 0x92, 0x08, 0x2A, 0x31, 0x92, 0x08, 0x2A, 0x39, 0xB3, 0x08, 0x4C, 0x31, 0x92, 0x00, 0x0C,
    0x31, 0x92, 0x08, 0x2A, 0x31, 0x92, 0x08, 0x2A, 0x31, 0x92, 0x08, 0x2A, 0x31, 0x92, 0x00, 0x0E,
    0x31, 0x92, 0x00, 0x0D, 0x31, 0x92, 0x08, 0x2A, 0x31, 0x92, 0x00, 0x0D, 0x31, 0x92, 0x00, 0x0E,
    0x31, 0x92, 0x08, 0x2A, 0x31, 0x92, 0x00, 0x2B, 0x31, 0x92, 0x00, 0x0C, 0x31, 0x92, 0x08, 0x2A,
    0x31, 0x92, 0x08, 0x2A, 0x31, 0x92, 0x08, 0x2A, 0x31, 0x92, 0x08, 0x2A, 0x31, 0x92, 0x08, 0x2A,
    0x31, 0x92, 0x00, 0x0B, 0x31, 0x92, 0x00, 0x2B, 0x31, 0x92, 0x00, 0x0D, 0x31, 0x92, 0x00, 0x0B,
    0x31, 0x92, 0x00, 0x2B, 0x31, 0x92, 0x00, 0x0D, 0x31, 0x92, 0x00, 0x0D, 0x31, 0x92, 0x00, 0x2B,
    0x31, 0x92, 0x00, 0x0C, 0x31, 0x92, 0x00, 0x0C, 0x31, 0x92, 0x08, 0x2A, 0x31, 0x92, 0x00, 0x0D,
    0x31, 0x92, 0x08, 0x2E, 0x39, 0xB3, 0x08, 0x2C, 0x31, 0x92, 0x08, 0x2A, 0x31, 0x92, 0x08, 0x2A,
    0x31, 0x92, 0x08, 0x2A, 0x31, 0x92, 0x00, 0x2B, 0x31, 0x92, 0x00, 0x0C, 0x31, 0x92, 0x08, 0x2A,
    0x31, 0x92, 0x08, 0x2A, 0x31, 0x92, 0x08, 0x2A, 0x31, 0x92, 0x00, 0x0E, 0x31, 0x92, 0x00, 0x0D,
    0x31, 0x92, 0x08, 0x2A, 0x31, 0x92, 0x00, 0x0D, 0x31, 0x92, 0x00, 0x0E, 0x31, 0x92, 0x08, 0x2A,
    0x31, 0x92, 0x00, 0x2B, 0x31, 0x92, 0x00, 0x0C, 0x31, 0x92, 0x08, 0x2A, 0x31, 0x92, 0x08, 0x2A,
    0x31, 0x92, 0x08, 0x2A, 0x31, 0x92, 0x08, 0x2A, 0x31, 0x92, 0x08, 0x2A, 0x31, 0x92, 0x00, 0x0B,
    0x31, 0x92, 0x00, 0x2B, 0x31, 0x92, 0x00, 0x0D, 0x31, 0x92, 0x00, 0x0B, 0x31, 0x92, 0x00, 0x2B,
    0x31, 0x92, 0x00, 0x0D, 0x31, 0x92, 0x00, 0x0D, 0x31, 0x92, 0x00, 0x2B, 0x31, 0x92, 0x00, 0x0C,
    0x31, 0x92, 0x00, 0x0C, 0x31, 0x92, 0x08, 0x2A, 0x31, 0x92, 0x00, 0x0D, 0x31, 0x92, 0x00, 0x0E,
    0x31, 0x92, 0x08, 0x4D, 0x31, 0x92, 0x08, 0x2A, 0x31, 0x92, 0x08, 0x2A, 0x31, 0x92, 0x08, 0x2A,
    0x31, 0x92, 0x00, 0x2B, 0x39, 0xB2, 0x08, 0x4D, 0x31, 0x92, 0x08, 0x2A, 0x31, 0x92, 0x08, 0x2A,
    0x31, 0x92, 0x08, 0x2A, 0x31, 0x92, 0x00, 0x0E, 0x31, 0x92, 0x00, 0x0D, 0x31, 0x92, 0x08, 0x2A,
    0x31, 0x92, 0x00, 0x0D, 0x31, 0x92, 0x00, 0x0E, 0x31, 0x92, 0x08, 0x2A, 0x31, 0x92, 0x00, 0x2B,
    0x31, 0xB2, 0x08, 0x4D, 0x39, 0xB2, 0x08, 0x2A, 0x31, 0x92, 0x08, 0x2B, 0x39, 0xB2, 0x08, 0x4B,
    0x31, 0x92, 0x08, 0x2A, 0x31, 0x92, 0x08, 0x2A, 0x31, 0xB2, 0x00, 0x0B, 0x31, 0x92, 0x08, 0x6C,
    0x39, 0xB2, 0x00, 0x0D, 0x31, 0x92, 0x08, 0x4D, 0x39, 0xB2, 0x00, 0x2B, 0x31, 0xB2, 0x08, 0x4E,
    0x31, 0xB2, 0x00, 0x0D, 0x31, 0x92, 0x00, 0x2B, 0x31, 0x92, 0x00, 0x0C, 0x31, 0x92, 0x00, 0x0C,
    0x31, 0x92, 0x08, 0x2A, 0x31, 0x92, 0x00, 0x0D, 0x31, 0x92, 0x00, 0x0E, 0x31, 0x92, 0x00, 0x0C,
    0x31, 0x92, 0x08, 0x2A, 0x31, 0x92, 0x08, 0x2A, 0x31, 0x92, 0x08, 0x2A, 0x31, 0x92, 0x00, 0x2B,
    0x31, 0x92, 0x00, 0x0C, 0x31, 0x92, 0x08, 0x2A, 0x31, 0x92, 0x08, 0x2A, 0x31, 0x92, 0x08, 0x2A,
    0x31, 0x92, 0x00, 0x0E, 0x31, 0x92, 0x00, 0x0D, 0x31, 0xB2, 0x10, 0x6B, 0x39, 0xD3, 0x08, 0x6E,
    0x31, 0xB2, 0x08, 0x2E, 0x31, 0xB2, 0x08, 0x2A, 0x31, 0x92, 0x00, 0x2B, 0x31, 0x92, 0x00, 0x0C,
    0x31, 0x92, 0x08, 0x2A, 0x31, 0x92, 0x08, 0x2A, 0x31, 0x92, 0x08, 0x2A, 0x31, 0x92, 0x08, 0x2A,
    0x31, 0x92, 0x08, 0x2A, 0x31, 0x92, 0x00, 0x0B, 0x31, 0x92, 0x00, 0x2B, 0x31, 0x92, 0x00, 0x0D,
    0x31, 0x92, 0x00, 0x0B, 0x31, 0x92, 0x00, 0x2B, 0x31, 0x92, 0x00, 0x0D, 0x31, 0x92, 0x00, 0x0D,
    0x31, 0x92, 0x00, 0x2B, 0x31, 0x92, 0x00, 0x0C, 0x31, 0x92, 0x00, 0x0C, 0x31, 0x92, 0x08, 0x2A,
    0x31, 0x92, 0x00, 0x0D, 0x31, 0x92, 0x00, 0x0E, 0x31, 0x92, 0x00, 0x0C, 0x31, 0x92, 0x08, 0x2A,
    0x31, 0x92, 0x08, 0x2A, 0x31, 0x92, 0x08, 0x2A, 0x31, 0x92, 0x00, 0x2B, 0x31, 0x92, 0x00, 0x0C,
    0x31, 0xB2, 0x08, 0x2A, 0x31, 0xB2, 0x08, 0x2A, 0x29, 0x6F, 0x08, 0x2A, 0x00, 0x00, 0x00, 0x0E,
    0x00, 0x0D, 0x52, 0x7B, 0x00, 0x0B, 0x39, 0xD5, 0x00, 0x2B, 0x31, 0xB2, 0x00, 0x0D, 0x39, 0xB3,
    0x31, 0x95, 0x42, 0x37, 0x31, 0xB3, 0x5A, 0xD5, 0x6B, 0x96, 0x52, 0x76, 0x63, 0x17, 0x84, 0x1A,
    0x7B, 0xD9, 0x7B, 0xD9, 0x10, 0xB0, 0x42, 0x37, 0x20, 0xF3, 0x31, 0x91, 0x00, 0x0D, 0x31, 0x91,
    0x00, 0x2B, 0x31, 0x91, 0x08, 0x2A, 0x39, 0xF3, 0x73, 0x98, 0x4A, 0x56, 0x00, 0x2D, 0x31, 0x91,
    0x00, 0x2B, 0x31, 0x91, 0x08, 0x2A, 0x31, 0x91, 0x08, 0x2A, 0x31, 0x91, 0x00, 0x2B, 0x31, 0x91,
    0x00, 0x0D, 0x31, 0x91, 0x00, 0x0C, 0x31, 0x91, 0x00, 0x2B, 0x31, 0x91, 0x00, 0x10, 0x31, 0x91,
    0x00, 0x0E, 0x31, 0x91, 0x08, 0x2A, 0x31, 0x91, 0x00, 0x0E, 0x31, 0x91, 0x00, 0x0B, 0x31, 0x91,
    0x08, 0x2A, 0x31, 0x91, 0x00, 0x0C, 0x31, 0x91, 0x08, 0x2A, 0x31, 0x91, 0x00, 0x2B, 0x31, 0x91,
    0x00, 0x2B, 0x31, 0x91, 0x08, 0x2A, 0x31, 0x91, 0x00, 0x0C, 0x31, 0x91, 0x00, 0x0D, 0x31, 0x91,
    0x00, 0x0B, 0x31, 0x91, 0x00, 0x2B, 0x31, 0x91, 0x00, 0x0D, 0x31, 0x91, 0x00, 0x0D, 0x31, 0x91,
    0x00, 0x2B, 0x31, 0x91, 0x00, 0x0D, 0x31, 0x91, 0x00, 0x0B, 0x31, 0x91, 0x00, 0x2B, 0x31, 0x91,
    0x00, 0x2E, 0x42, 0x34, 0x6B, 0x99, 0x42, 0x14, 0x00, 0x0D, 0x31, 0x91, 0x00, 0x2B, 0x31, 0x91,
    0x08, 0x2A, 0x31, 0x91, 0x08, 0x2A, 0x31, 0x91, 0x00, 0x0D, 0x31, 0x91, 0x00, 0x2B, 0x31, 0x91,
    0x08, 0x2A, 0x31, 0x91, 0x08, 0x2A, 0x31, 0x91, 0x00, 0x2B, 0x31, 0x91, 0x00, 0x0D, 0x31, 0x91,
    0x00, 0x0C, 0x31, 0x91, 0x00, 0x2B, 0x31, 0x91, 0x00, 0x10, 0x31, 0x91, 0x00, 0x0E, 0x31, 0x91,
    0x08, 0x2A, 0x31, 0x91, 0x00, 0x0E, 0x31, 0x91, 0x00, 0x0B, 0x31, 0x91, 0x08, 0x2A, 0x31, 0x91,
    0x00, 0x0C, 0x31, 0x91, 0x08, 0x2A, 0x31, 0x91, 0x00, 0x2B, 0x31, 0x91, 0x00, 0x2B, 0x31, 0x91,
    0x08, 0x2A, 0x31, 0x91, 0x00, 0x0C, 0x31, 0x91, 0x00, 0x0D, 0x31, 0x92, 0x00, 0x0B, 0x31, 0x91,
    0x00, 0x2B, 0x31, 0x91, 0x00, 0x0D, 0x31, 0x91, 0x00, 0x0D, 0x31, 0x91, 0x00, 0x2B, 0x31, 0x91,
    0x00, 0x0D, 0x31, 0x91, 0x00, 0x0B, 0x31, 0x91, 0x00, 0x2B, 0x31, 0x91, 0x00, 0x0E, 0x31, 0x91,
    0x10, 0x70, 0x73, 0xBA, 0x39, 0xD3, 0x31, 0x92, 0x00, 0x2B, 0x31, 0x91, 0x08, 0x2A, 0x31, 0x91,
    0x08, 0x2A, 0x31, 0x92, 0x18, 0xD1, 0x4A, 0x77, 0x08, 0x4C, 0x31, 0x91, 0x08, 0x2A, 0x31, 0x91,
    0x08, 0x2A, 0x31, 0x91, 0x00, 0x2B, 0x31, 0x91, 0x00, 0x0D, 0x31, 0x91, 0x00, 0x0C, 0x31, 0x91,
    0x00, 0x2B, 0x31, 0x91, 0x00, 0x10, 0x31, 0x91, 0x00, 0x0E, 0x31, 0x91, 0x08, 0x2A, 0x31, 0x92,
    0x10, 0x90, 0x39, 0xF6, 0x21, 0x31, 0x31, 0x92, 0x08, 0x2A, 0x39, 0xB2, 0x63, 0x36, 0x4A, 0x76,
    0x10, 0x8D, 0x31, 0x91, 0x08, 0x2B, 0x5A, 0xF6, 0x73, 0xB8, 0x4A, 0x54, 0x18, 0xCD, 0x7B, 0xFA,
    0x31, 0x93, 0x31, 0x92, 0x18, 0xCF, 0x7B, 0xFA, 0x31, 0x92, 0x31, 0x92, 0x29, 0x50, 0x7B, 0xFA,
    0x21, 0x11, 0x31, 0x91, 0x00, 0x0D, 0x31, 0x91, 0x00, 0x2B, 0x31, 0x91, 0x00, 0x0D, 0x31, 0x91,
    0x00, 0x0B, 0x31, 0x91, 0x00, 0x2B, 0x31, 0x91, 0x00, 0x0E, 0x31, 0x91, 0x00, 0x0F, 0x31, 0x91,
    0x00, 0x0D, 0x31, 0x91, 0x00, 0x2B, 0x31, 0x91, 0x08, 0x2A, 0x31, 0x91, 0x08, 0x2A, 0x31, 0x91,
    0x00, 0x0D, 0x31, 0x91, 0x00, 0x2B, 0x31, 0x91, 0x08, 0x2A, 0x31, 0x91, 0x08, 0x2A, 0x31, 0x91,
    0x00, 0x2B, 0x31, 0x91, 0x00, 0x0D, 0x31, 0x92, 0x10, 0x8F, 0x39, 0xF6, 0x39, 0xD5, 0x42, 0x35,
    0x42, 0x55, 0x7C, 0x18, 0x31, 0xB4, 0x4A, 0x75, 0x08, 0x4B, 0x31, 0x91, 0x00, 0x0E, 0x31, 0x91,
    0x00, 0x0B, 0x31, 0x91, 0x08, 0x2A, 0x31, 0x91, 0x00, 0x0C, 0x31, 0x91, 0x08, 0x2A, 0x31, 0x91,
    0x00, 0x2B, 0x31, 0x91, 0x00, 0x2B, 0x31, 0x91, 0x08, 0x2A, 0x31, 0x91, 0x00, 0x0C, 0x31, 0x91,
    0x00, 0x0D, 0x31, 0x91, 0x00, 0x0B, 0x31, 0x91, 0x00, 0x2B, 0x31, 0x91, 0x00, 0x0D, 0x31, 0x91,
    0x00, 0x0D, 0x31, 0x91, 0x00, 0x2B, 0x31, 0x91, 0x00, 0x0D, 0x31, 0x91, 0x00, 0x0B, 0x31, 0x91,
    0x00, 0x2B, 0x31, 0x91, 0x00, 0x0E, 0x31, 0x91, 0x00, 0x0F, 0x31, 0x91, 0x00, 0x0D, 0x31, 0x91,
    0x00, 0x2B, 0x31, 0x91, 0x08, 0x2A, 0x31, 0x91, 0x08, 0x2A, 0x31, 0x91, 0x00, 0x0D, 0x31, 0xB2,
    0x00, 0x2B, 0x31, 0xB2, 0x08, 0x2A, 0x4A, 0x5A, 0x08, 0x2A, 0x00, 0x00, 0x00, 0x2B, 0x00, 0x00,
    0x73, 0x7F, 0x00, 0x0C, 0x4A, 0x39, 0x00, 0x0B, 0x00, 0x00, 0x00, 0x2B, 0x31, 0x92, 0x08, 0x4E,
    0x39, 0xF4, 0x10, 0x8E, 0x29, 0x32, 0x31, 0x92, 0xA5, 0x9B, 0x7B, 0xFB, 0x73, 0x79, 0x5A, 0xD6,
    0x73, 0x79, 0x52, 0xB7, 0x41, 0xF4, 0x29, 0x54, 0x29, 0x72, 0x00, 0x0F, 0x31, 0x91, 0x00, 0x0D,
    0x31, 0x91, 0x08, 0x2A, 0x31, 0x91, 0x20, 0xEE, 0x94, 0xDB, 0x39, 0xD2, 0x31, 0x91, 0x00, 0x0D,
    0x31, 0x91, 0x00, 0x2B, 0x31, 0x91, 0x08, 0x2A, 0x31, 0x91, 0x08, 0x2A, 0x31, 0x91, 0x00, 0x0C,
    0x31, 0x91, 0x00, 0x0D, 0x31, 0x91, 0x00, 0x2B, 0x31, 0x91, 0x00, 0x0D, 0x31, 0x91, 0x00, 0x10,
    0x31, 0x91, 0x00, 0x0C, 0x31, 0x91, 0x00, 0x0B, 0x31, 0x91, 0x00, 0x0E, 0x31, 0x91, 0x00, 0x2B,
    0x31, 0x91, 0x00, 0x0D, 0x31, 0x91, 0x00, 0x0E, 0x31, 0x91, 0x00, 0x2B, 0x31, 0x91, 0x00, 0x0C,
    0x31, 0x91, 0x00, 0x2B, 0x31, 0x91, 0x08, 0x2A, 0x31, 0x91, 0x00, 0x0C, 0x31, 0x91, 0x00, 0x0C,
    0x31, 0x91, 0x00, 0x0B, 0x31, 0x91, 0x00, 0x2B, 0x31, 0x91, 0x00, 0x0D, 0x31, 0x91, 0x00, 0x2B,
    0x31, 0x91, 0x00, 0x2B, 0x31, 0x91, 0x00, 0x0C, 0x31, 0x91, 0x00, 0x2B, 0x31, 0x91, 0x00, 0x0C,
    0x31, 0x92, 0x29, 0x53, 0x94, 0xDB, 0x21, 0x12, 0x31, 0x91, 0x00, 0x0D, 0x31, 0x91, 0x08, 0x2A,
    0x31, 0x91, 0x08, 0x2A, 0x31, 0x91, 0x00, 0x2A, 0x31, 0x91, 0x00, 0x0D, 0x31, 0x91, 0x00, 0x2B,
    0x31, 0x91, 0x08, 0x2A, 0x31, 0x91, 0x08, 0x2A, 0x31, 0x91, 0x00, 0x0C, 0x31, 0x91, 0x00, 0x0D,
    0x31, 0x91, 0x00, 0x2B, 0x31, 0x91, 0x00, 0x0D, 0x31, 0x91, 0x00, 0x10, 0x31, 0x91, 0x00, 0x0C,
    0x31, 0x91, 0x00, 0x0B, 0x31, 0x91, 0x00, 0x0E, 0x31, 0x91, 0x00, 0x2B, 0x31, 0x91, 0x00, 0x0D,
    0x31, 0x91, 0x00, 0x0E, 0x31, 0x91, 0x00, 0x2B, 0x31, 0x91, 0x00, 0x0C, 0x31, 0x91, 0x00, 0x2B,
    0x31, 0x91, 0x08, 0x2A, 0x31, 0x91, 0x00, 0x0C, 0x39, 0xF3, 0x4A, 0x53, 0x39, 0xD2, 0x00, 0x0B,
    0x31, 0x91, 0x00, 0x2B, 0x31, 0x91, 0x00, 0x0D, 0x31, 0x91, 0x00, 0x2B, 0x31, 0x91, 0x00, 0x2B,
    0x31, 0x91, 0x00, 0x0C, 0x31, 0x91, 0x00, 0x2B, 0x31, 0x91, 0x00, 0x0C, 0x31, 0x91, 0x00, 0x0F,
    0x41, 0xF3, 0x9C, 0xDD, 0x6B, 0x79, 0x08, 0x2E, 0x31, 0x91, 0x08, 0x2A, 0x31, 0x91, 0x08, 0x2A,
    0x31, 0x91, 0x08, 0x4C, 0x31, 0x94, 0x21, 0x13, 0x31, 0x92, 0x00, 0x2B, 0x31, 0x91, 0x08, 0x2A,
    0x31, 0x91, 0x08, 0x2A, 0x31, 0x91, 0x00, 0x0C, 0x31, 0x91, 0x00, 0x0D, 0x31, 0x91, 0x00, 0x2B,
    0x31, 0x91, 0x00, 0x0D, 0x31, 0x91, 0x00, 0x10, 0x31, 0x91, 0x00, 0x0C, 0x31, 0x91, 0x00, 0x0B,
    0x39, 0xD3, 0x31, 0x94, 0x29, 0x52, 0x08, 0x2B, 0x31, 0x91, 0x18, 0xD0, 0x9D, 0x3B, 0x84, 0x1B,
    0x52, 0x96, 0x00, 0x2B, 0x39, 0xB3, 0x83, 0xFA, 0x9C, 0xFE, 0x21, 0x0F, 0x39, 0xF4, 0x94, 0xDB,
    0x52, 0xB6, 0x00, 0x0C, 0x39, 0xF4, 0x94, 0xFB, 0x5A, 0xB6, 0x08, 0x2C, 0x42, 0x15, 0x94, 0xFB,
    0x42, 0x34, 0x00, 0x0D, 0x31, 0x91, 0x00, 0x2B, 0x31, 0x91, 0x00, 0x2B, 0x31, 0x91, 0x00, 0x0C,
    0x31, 0x91, 0x00, 0x2B, 0x31, 0x91, 0x00, 0x0C, 0x31, 0x91, 0x00, 0x0F, 0x31, 0x91, 0x00, 0x0F,
    0x31, 0x91, 0x00, 0x0D, 0x31, 0x91, 0x08, 0x2A, 0x31, 0x91, 0x08, 0x2A, 0x31, 0x91, 0x00, 0x2A,
    0x31, 0x91, 0x00, 0x0D, 0x31, 0x91, 0x00, 0x2B, 0x31, 0x91, 0x08, 0x2A, 0x31, 0x91, 0x08, 0x2A,
    0x31, 0x91, 0x00, 0x0C, 0x31, 0x91, 0x08, 0x2D, 0x39, 0xD4, 0x21, 0x13, 0x10, 0xB1, 0x10, 0x70,
    0x39, 0xD3, 0x63, 0x57, 0x7B, 0xDB, 0xAD, 0x5E, 0x7B, 0xFA, 0x18, 0xAE, 0x31, 0x91, 0x00, 0x0E,
    0x31, 0x91, 0x00, 0x2B, 0x31, 0x91, 0x00, 0x0D, 0x31, 0x91, 0x00, 0x0E, 0x31, 0x91, 0x00, 0x2B,
    0x31, 0x91, 0x00, 0x0C, 0x31, 0x91, 0x00, 0x2B, 0x31, 0x91, 0x08, 0x2A, 0x31, 0x91, 0x00, 0x0C,
    0x31, 0x91, 0x00, 0x0C, 0x31, 0x91, 0x00, 0x0B, 0x31, 0x91, 0x00, 0x2B, 0x31, 0x91, 0x00, 0x0D,
    0x31, 0x91, 0x00, 0x2B, 0x31, 0x91, 0x00, 0x2B, 0x31, 0x91, 0x00, 0x0C, 0x31, 0x91, 0x00, 0x2B,
    0x31, 0x91, 0x00, 0x0C, 0x31, 0x91, 0x00, 0x0F, 0x31, 0x91, 0x00, 0x0F, 0x31, 0x91, 0x00, 0x0D,
    0x31, 0x91, 0x08, 0x2A, 0x31, 0x91, 0x08, 0x2A, 0x31, 0x91, 0x00, 0x2A, 0x31, 0x91, 0x00, 0x0D,
    0x31, 0x92, 0x00, 0x2B, 0x31, 0x92, 0x08, 0x2A, 0x29, 0x4F, 0x08, 0x2A, 0x00, 0x00, 0x00, 0x0C,
    0x00, 0x0C, 0x4A, 0x5B, 0x00, 0x0C, 0x39, 0xD4, 0x00, 0x2B, 0x31, 0x92, 0x00, 0x2B, 0x31, 0x92,
    0x08, 0x2C, 0x31, 0x92, 0x08, 0x2A, 0x39, 0xF4, 0xC6, 0x3F, 0xA5, 0x1D, 0x18, 0xCF, 0x39, 0xB2,
    0x10, 0x6C, 0x31, 0xB2, 0x29, 0x52, 0x42, 0x56, 0x10, 0xB0, 0x31, 0x71, 0x00, 0x0D, 0x31, 0x71,
    0x00, 0x0C, 0x31, 0x71, 0x00, 0x2B, 0x39, 0xD3, 0x39, 0xB1, 0x41, 0xF3, 0x00, 0x0C, 0x31, 0x71,
    0x00, 0x0D, 0x31, 0x71, 0x00, 0x2B, 0x31, 0x71, 0x08, 0x2A, 0x31, 0x71, 0x00, 0x2B, 0x31, 0x71,
    0x00, 0x0B, 0x31, 0x71, 0x00, 0x2B, 0x31, 0x71, 0x08, 0x2A, 0x31, 0x71, 0x00, 0x0D, 0x31, 0x71,
    0x00, 0x0E, 0x31, 0x71, 0x08, 0x2A, 0x31, 0x71, 0x00, 0x0C, 0x31, 0x71, 0x00, 0x0C, 0x31, 0x71,
    0x00, 0x0C, 0x31, 0x71, 0x00, 0x0F, 0x31, 0x71, 0x00, 0x0C, 0x31, 0x71, 0x00, 0x2B, 0x31, 0x71,
    0x00, 0x0C, 0x31, 0x71, 0x00, 0x2B, 0x31, 0x71, 0x00, 0x2B, 0x31, 0x71, 0x00, 0x0C, 0x31, 0x71,
    0x00, 0x0C, 0x31, 0x71, 0x00, 0x2B, 0x31, 0x71, 0x00, 0x2B, 0x31, 0x71, 0x00, 0x0C, 0x31, 0x71,
    0x08, 0x2A, 0x31, 0x71, 0x00, 0x2B, 0x31, 0x71, 0x00, 0x0C, 0x31, 0x71, 0x00, 0x2B, 0x31, 0x71,
    0x00, 0x0D, 0x41, 0xF4, 0x31, 0xB3, 0x39, 0xB2, 0x00, 0x0D, 0x31, 0x71, 0x00, 0x0C, 0x31, 0x71,
    0x00, 0x2B, 0x31, 0x71, 0x08, 0x2A, 0x31, 0x71, 0x00, 0x0C, 0x31, 0x71, 0x00, 0x0D, 0x31, 0x71,
    0x00, 0x2B, 0x31, 0x71, 0x08, 0x2A, 0x31, 0x71, 0x00, 0x2B, 0x31, 0x71, 0x00, 0x0B, 0x31, 0x71,
    0x00, 0x2B, 0x31, 0x71, 0x08, 0x2A, 0x31, 0x71, 0x00, 0x0D, 0x31, 0x71, 0x00, 0x0E, 0x31, 0x71,
    0x08, 0x2A, 0x31, 0x71, 0x00, 0x0C, 0x31, 0x71, 0x00, 0x0C, 0x31, 0x71, 0x00, 0x0C, 0x31, 0x71,
    0x00, 0x0F, 0x31, 0x71, 0x00, 0x0C, 0x31, 0x71, 0x00, 0x2B, 0x31, 0x71, 0x00, 0x0C, 0x31, 0x71,
    0x00, 0x2B, 0x31, 0x71, 0x00, 0x2B, 0x31, 0x71, 0x10, 0x8E, 0xB5, 0x9E, 0x29, 0x51, 0x31, 0x71,
    0x00, 0x2B, 0x31, 0x71, 0x00, 0x2B, 0x31, 0x71, 0x00, 0x0C, 0x31, 0x71, 0x08, 0x2A, 0x31, 0x71,
    0x00, 0x2B, 0x31, 0x71, 0x00, 0x0C, 0x31, 0x71, 0x00, 0x2B, 0x31, 0x71, 0x00, 0x0D, 0x31, 0x71,
    0x18, 0xD1, 0xA5, 0x1D, 0x63, 0x19, 0x31, 0x91, 0x00, 0x0C, 0x31, 0x71, 0x00, 0x2B, 0x31, 0x71,
    0x08, 0x2A, 0x31, 0x92, 0x42, 0x36, 0x42, 0x35, 0x08, 0x2E, 0x31, 0x71, 0x00, 0x2B, 0x31, 0x71,
    0x08, 0x2A, 0x31, 0x71, 0x00, 0x2B, 0x31, 0x71, 0x00, 0x0B, 0x31, 0x71, 0x00, 0x2B, 0x31, 0x71,
    0x08, 0x2A, 0x31, 0x71, 0x00, 0x0D, 0x31, 0x71, 0x00, 0x0E, 0x31, 0x71, 0x08, 0x2A, 0x31, 0x71,
    0x18, 0xCF, 0x42, 0x36, 0x31, 0x93, 0x31, 0x92, 0x08, 0x2C, 0x39, 0xD3, 0xB5, 0x9F, 0xB5, 0xDF,
    0x63, 0x18, 0x31, 0x92, 0x29, 0x30, 0x9C, 0xDE, 0x84, 0x19, 0x31, 0x92, 0x10, 0xAE, 0x52, 0x95,
    0x18, 0xCE, 0x31, 0x71, 0x29, 0x52, 0xAD, 0x7E, 0x52, 0xB5, 0x31, 0x91, 0x39, 0xB4, 0xAD, 0x7E,
    0x31, 0x70, 0x31, 0x71, 0x00, 0x0C, 0x31, 0x71, 0x08, 0x2A, 0x31, 0x71, 0x00, 0x2B, 0x31, 0x71,
    0x00, 0x0C, 0x31, 0x71, 0x00, 0x2B, 0x31, 0x71, 0x00, 0x0D, 0x31, 0x71, 0x00, 0x0E, 0x31, 0x71,
    0x00, 0x0D, 0x31, 0x71, 0x00, 0x0C, 0x31, 0x71, 0x00, 0x2B, 0x31, 0x71, 0x08, 0x2A, 0x31, 0x71,
    0x00, 0x0C, 0x31, 0x71, 0x00, 0x0D, 0x31, 0x71, 0x00, 0x2B, 0x31, 0x71, 0x08, 0x2A, 0x31, 0x71,
    0x00, 0x2B, 0x31, 0x71, 0x00, 0x0B, 0x31, 0x91, 0x39, 0xB4, 0x39, 0xD4, 0x31, 0xB3, 0x39, 0xB3,
    0x08, 0x2D, 0x31, 0x91, 0x21, 0x32, 0x8C, 0x5B, 0xA5, 0x3F, 0x73, 0xB9, 0x08, 0x2C, 0x31, 0x71,
    0x00, 0x0C, 0x31, 0x71, 0x00, 0x0C, 0x31, 0x71, 0x00, 0x0F, 0x31, 0x71, 0x00, 0x0C, 0x31, 0x71,
    0x00, 0x2B, 0x31, 0x71, 0x00, 0x0C, 0x31, 0x71, 0x00, 0x2B, 0x31, 0x71, 0x00, 0x2B, 0x31, 0x71,
    0x00, 0x0C, 0x31, 0x71, 0x00, 0x0C, 0x31, 0x71, 0x00, 0x2B, 0x31, 0x71, 0x00, 0x2B, 0x31, 0x71,
    0x00, 0x0C, 0x31, 0x71, 0x08, 0x2A, 0x31, 0x71, 0x00, 0x2B, 0x31, 0x71, 0x00, 0x0C, 0x31, 0x71,
    0x00, 0x2B, 0x31, 0x71, 0x00, 0x0D, 0x31, 0x71, 0x00, 0x0E, 0x31, 0x71, 0x00, 0x0D, 0x31, 0x71,
    0x00, 0x0C, 0x31, 0x71, 0x00, 0x2B, 0x31, 0x71, 0x08, 0x2A, 0x31, 0x71, 0x00, 0x0C, 0x31, 0x92,
    0x00, 0x0D, 0x31, 0x92, 0x00, 0x2B, 0x4A, 0x3A, 0x08, 0x2A, 0x00, 0x00, 0x00, 0x2B, 0x00, 0x00,
    0x6B, 0x5F, 0x00, 0x0D, 0x42, 0x38, 0x00, 0x0C, 0x00, 0x00, 0x00, 0x2A, 0x31, 0x91, 0x00, 0x0C,
    0x31, 0x91, 0x00, 0x2B, 0x31, 0x92, 0x63, 0x15, 0xD6, 0x9D, 0xA5, 0x3B, 0x39, 0xD2, 0x00, 0x2A,
    0x31, 0x71, 0x00, 0x2A, 0x4A, 0x55, 0x5A, 0xF8, 0x42, 0x34, 0x10, 0x8E, 0x52, 0x74, 0x20, 0xEF,
    0x31, 0x92, 0x00, 0x0B, 0x31, 0x71, 0x08, 0x4C, 0x42, 0x13, 0x10, 0x6C, 0x31, 0x71, 0x00, 0x0D,
    0x31, 0x92, 0x10, 0x8E, 0x4A, 0x33, 0x10, 0x8C, 0x31, 0x92, 0x00, 0x2B, 0x31, 0x71, 0x00, 0x0C,
    0x31, 0x71, 0x00, 0x2B, 0x31, 0x71, 0x08, 0x2A, 0x31, 0x71, 0x08, 0x2A, 0x31, 0xB2, 0x18, 0xD0,
    0x42, 0x13, 0x08, 0x4C, 0x31, 0xB2, 0x29, 0x4F, 0x39, 0xF3, 0x08, 0x2B, 0x39, 0xB2, 0x18, 0xAE,
    0x42, 0x33, 0x10, 0x6D, 0x31, 0x91, 0x00, 0x0D, 0x31, 0x71, 0x08, 0x2B, 0x39, 0xD3, 0x10, 0x6E,
    0x31, 0x92, 0x10, 0x6E, 0x31, 0x91, 0x08, 0x2C, 0x31, 0x92, 0x29, 0x30, 0x42, 0x13, 0x08, 0x2D,
    0x31, 0x71, 0x00, 0x0C, 0x31, 0x71, 0x08, 0x2B, 0x31, 0x92, 0x21, 0x0F, 0x41, 0xF3, 0x08, 0x4C,
    0x31, 0x71, 0x08, 0x2A, 0x31, 0x71, 0x00, 0x0B, 0x31, 0x71, 0x00, 0x2A, 0x31, 0x71, 0x00, 0x2A,
    0x31, 0x71, 0x10, 0x8E, 0x42, 0x13, 0x08, 0x4D, 0x31, 0x71, 0x08, 0x2D, 0x39, 0xB2, 0x21, 0x0F,
    0x42, 0x13, 0x10, 0x8D, 0x31, 0x91, 0x08, 0x2A, 0x31, 0x71, 0x00, 0x0D, 0x31, 0x71, 0x00, 0x0C,
    0x31, 0x71, 0x08, 0x2A, 0x31, 0x71, 0x08, 0x2B, 0x31, 0x92, 0x10, 0x6D, 0x39, 0xD2, 0x08, 0x4C,
    0x31, 0x71, 0x08, 0x2A, 0x31, 0x71, 0x08, 0x4A, 0x39, 0xD3, 0x08, 0x2E, 0x31, 0x91, 0x10, 0x8D,
    0x4A, 0x34, 0x08, 0x4A, 0x31, 0x71, 0x08, 0x2B, 0x31, 0x92, 0x21, 0x2E, 0x39, 0xD2, 0x08, 0x2D,
    0x31, 0x71, 0x00, 0x0D, 0x31, 0x71, 0x08, 0x2A, 0x31, 0xB2, 0x10, 0x8E, 0x4A, 0x53, 0x10, 0x8E,
    0x31, 0x91, 0x00, 0x0C, 0x31, 0x92, 0x10, 0xAE, 0x4A, 0x54, 0xB5, 0xDC, 0x5A, 0xD5, 0x10, 0x8E,
    0x39, 0xD3, 0x00, 0x2B, 0x31, 0x71, 0x00, 0x0C, 0x31, 0x92, 0x10, 0x8D, 0x42, 0x33, 0x10, 0x6B,
    0x31, 0x71, 0x00, 0x0B, 0x31, 0x71, 0x00, 0x2A, 0x31, 0x91, 0x18, 0xCE, 0x52, 0x95, 0x21, 0x10,
    0x41, 0xF3, 0xA5, 0x1C, 0x73, 0x79, 0x08, 0x2C, 0x31, 0x71, 0x00, 0x0B, 0x31, 0x71, 0x00, 0x2B,
    0x31, 0x71, 0x08, 0x4B, 0x5A, 0xF8, 0x52, 0xB7, 0x39, 0xD3, 0x31, 0xB2, 0x4A, 0x34, 0x10, 0x6C,
    0x31, 0x71, 0x08, 0x2B, 0x39, 0xD3, 0x18, 0xAF, 0x31, 0x91, 0x00, 0x2B, 0x31, 0x71, 0x08, 0x2A,
    0x31, 0xB2, 0x18, 0xAC, 0x31, 0xB2, 0x00, 0x0D, 0x31, 0x71, 0x00, 0x2B, 0x31, 0x71, 0x08, 0x2A,
    0x39, 0xB3, 0x4A, 0x55, 0x52, 0xB7, 0x21, 0x30, 0x31, 0xB2, 0x6B, 0x57, 0xB5, 0xBD, 0xAD, 0x7D,
    0x84, 0x3B, 0x08, 0x4B, 0x5A, 0xD6, 0xB5, 0x9E, 0x73, 0x97, 0x00, 0x2D, 0x31, 0x92, 0x18, 0xEF,
    0x31, 0xB2, 0x00, 0x0C, 0x52, 0x96, 0xB5, 0x9D, 0x73, 0x78, 0x08, 0x2D, 0x63, 0x18, 0xB5, 0x9D,
    0x52, 0xB5, 0x00, 0x0C, 0x31, 0x71, 0x08, 0x4C, 0x31, 0xB2, 0x29, 0x2D, 0x39, 0xB2, 0x08, 0x2C,
    0x31, 0x71, 0x00, 0x2A, 0x31, 0x71, 0x18, 0xAE, 0x31, 0xB2, 0x08, 0x4E, 0x31, 0xB2, 0x08, 0x4D,
    0x31, 0x71, 0x08, 0x2C, 0x42, 0x13, 0x29, 0x30, 0x31, 0x91, 0x00, 0x2B, 0x31, 0x71, 0x08, 0x2A,
    0x31, 0x92, 0x18, 0xB0, 0x4A, 0x74, 0x10, 0xAF, 0x31, 0x92, 0x08, 0x2A, 0x31, 0x71, 0x00, 0x2B,
    0x31, 0x71, 0x00, 0x0C, 0x31, 0x71, 0x08, 0x2B, 0x52, 0x97, 0x52, 0xB6, 0x5A, 0xF7, 0x31, 0x70,
    0x31, 0x71, 0x00, 0x0D, 0x31, 0x71, 0x29, 0x4F, 0xA5, 0x3D, 0xAD, 0x5D, 0x4A, 0x54, 0x00, 0x2B,
    0x31, 0x71, 0x10, 0x6C, 0x39, 0xB2, 0x21, 0x0F, 0x39, 0xB2, 0x08, 0x2E, 0x31, 0x71, 0x08, 0x2B,
    0x39, 0xD3, 0x10, 0x8F, 0x31, 0x71, 0x00, 0x0D, 0x31, 0x71, 0x00, 0x0C, 0x39, 0xD2, 0x18, 0xAE,
    0x31, 0x92, 0x18, 0xB0, 0x39, 0xB3, 0x00, 0x0C, 0x31, 0x71, 0x00, 0x2A, 0x31, 0x71, 0x10, 0xAE,
    0x39, 0xD2, 0x08, 0x2B, 0x31, 0x71, 0x08, 0x2A, 0x31, 0x71, 0x00, 0x0B, 0x31, 0x71, 0x00, 0x2A,
    0x31, 0x71, 0x00, 0x2A, 0x31, 0x71, 0x00, 0x0C, 0x31, 0x71, 0x00, 0x0C, 0x31, 0x71, 0x00, 0x0C,
    0x31, 0x71, 0x00, 0x0B, 0x31, 0x71, 0x00, 0x2B, 0x31, 0x71, 0x08, 0x2A, 0x31, 0x71, 0x00, 0x0D,
    0x31, 0x91, 0x00, 0x0C, 0x31, 0x91, 0x08, 0x2A, 0x29, 0x4F, 0x00, 0x2B, 0x00, 0x00, 0x00, 0x0C,
    0x00, 0x0C, 0x4A, 0x5A, 0x00, 0x0D, 0x39, 0xB4, 0x00, 0x2B, 0x31, 0x91, 0x00, 0x2A, 0x31, 0x91,
    0x00, 0x0E, 0x31, 0x91, 0x08, 0x2B, 0x7B, 0xF8, 0xD6, 0xBD, 0xAD, 0x9C, 0x18, 0xCE, 0x31, 0x71,
    0x08, 0x2A, 0x31, 0x71, 0x29, 0x50, 0x73, 0xB9, 0x4A, 0x54, 0x84, 0x18, 0xB5, 0x9C, 0xAD, 0x7C,
    0x73, 0x97, 0x39, 0xD3, 0x00, 0x0D, 0x4A, 0x75, 0x9C, 0xFB, 0x6B, 0x57, 0x08, 0x2B, 0x39, 0xD3,
    0x21, 0x31, 0x39, 0xD4, 0xAD, 0x7D, 0xA5, 0x3D, 0x73, 0x77, 0x39, 0xD2, 0x00, 0x0C, 0x31, 0x71,
    0x00, 0x0B, 0x31, 0x71, 0x00, 0x2B, 0x31, 0x71, 0x08, 0x2A, 0x39, 0xB3, 0x10, 0x6F, 0x39, 0xF4,
    0x94, 0xFA, 0x73, 0x79, 0x7B, 0xFA, 0xA5, 0x3E, 0x52, 0xB5, 0x41, 0xF4, 0x29, 0x71, 0x39, 0xD4,
    0xAD, 0x7D, 0xA5, 0x1C, 0x5A, 0xB6, 0x31, 0x71, 0x00, 0x0C, 0x39, 0xD3, 0x39, 0xF4, 0x39, 0xD3,
    0x31, 0xB3, 0x39, 0xD4, 0x83, 0xF9, 0x52, 0x96, 0x6B, 0x78, 0xA5, 0x3E, 0x9C, 0xDD, 0x73, 0x79,
    0x08, 0x4E, 0x31, 0x71, 0x08, 0x4C, 0x31, 0xB2, 0x29, 0x72, 0xAD, 0x7D, 0xAD, 0x5D, 0x8C, 0x5B,
    0x29, 0x4F, 0x31, 0x71, 0x08, 0x2A, 0x31, 0x71, 0x00, 0x2B, 0x31, 0x71, 0x08, 0x2A, 0x31, 0x71,
    0x08, 0x2A, 0x63, 0x17, 0x9C, 0xFB, 0x52, 0x95, 0x08, 0x2C, 0x39, 0xF4, 0x29, 0x72, 0xB5, 0x9E,
    0xAD, 0x7D, 0xA5, 0x1C, 0x5A, 0xB5, 0x31, 0x71, 0x08, 0x2A, 0x31, 0x71, 0x00, 0x0C, 0x31, 0x71,
    0x00, 0x2B, 0x31, 0x71, 0x08, 0x2B, 0x39, 0xD3, 0x29, 0x52, 0x39, 0xD4, 0x9C, 0xDB, 0x9C, 0xDC,
    0x42, 0x13, 0x31, 0x71, 0x08, 0x2A, 0x39, 0xF4, 0x39, 0xD4, 0x31, 0x92, 0x73, 0x98, 0xA5, 0x5D,
    0x94, 0xBB, 0x39, 0xF3, 0x10, 0x6B, 0x31, 0xB3, 0x31, 0x92, 0xAD, 0x7D, 0xA5, 0x1C, 0x84, 0x1A,
    0x21, 0x30, 0x31, 0x71, 0x08, 0x2C, 0x39, 0xD3, 0x29, 0x31, 0x39, 0xD4, 0xAD, 0x7D, 0xA5, 0x3D,
    0x6B, 0x78, 0x39, 0xB2, 0x31, 0x72, 0x73, 0xB9, 0x8C, 0x5A, 0xBD, 0xFE, 0x9D, 0x1C, 0x9C, 0xFC,
    0x6B, 0x56, 0x31, 0x71, 0x08, 0x2B, 0x39, 0xD3, 0x29, 0x52, 0x39, 0xD4, 0xAD, 0x5D, 0x9C, 0xDC,
    0x4A, 0x73, 0x31, 0x91, 0x00, 0x2B, 0x31, 0x92, 0x42, 0x12, 0x8C, 0x79, 0xB5, 0xBC, 0xAD, 0x7C,
    0x7B, 0xF8, 0xAD, 0x7D, 0x5A, 0xD5, 0x31, 0x71, 0x00, 0x0D, 0x31, 0x71, 0x00, 0x0D, 0x31, 0x71,
    0x00, 0x2B, 0x31, 0x92, 0x5A, 0xD6, 0x7B, 0xD9, 0x7B, 0xF9, 0xBD, 0xDC, 0xAD, 0x7C, 0x94, 0x9A,
    0x21, 0x0E, 0x31, 0x92, 0x29, 0x33, 0x18, 0xD2, 0x10, 0x6D, 0x31, 0x71, 0x00, 0x2B, 0x31, 0x91,
    0x5A, 0xD5, 0x9C, 0xDD, 0x42, 0x13, 0x31, 0x71, 0x00, 0x0E, 0x31, 0x71, 0x00, 0x2B, 0x31, 0x71,
    0x08, 0x4A, 0x52, 0x96, 0x6B, 0x78, 0x4A, 0x34, 0x21, 0x0E, 0x9C, 0xFB, 0x84, 0x38, 0x94, 0x9B,
    0x9C, 0xFB, 0x42, 0x34, 0x5A, 0xD4, 0xBE, 0x1E, 0x39, 0xD2, 0x31, 0x71, 0x31, 0x72, 0xA5, 0x1C,
    0x52, 0x95, 0x31, 0x71, 0x31, 0xB2, 0xB5, 0xBD, 0x5A, 0xF6, 0x31, 0x71, 0x52, 0xB5, 0xB5, 0xBD,
    0x39, 0xD1, 0x31, 0x71, 0x10, 0x6F, 0x31, 0xB3, 0x31, 0x92, 0xAD, 0x7D, 0x9C, 0xDB, 0x73, 0x99,
    0x18, 0xAD, 0x31, 0x71, 0x10, 0x8C, 0x42, 0x35, 0x29, 0x71, 0x39, 0xD4, 0x31, 0xB3, 0x8C, 0x7B,
    0x31, 0x92, 0x6B, 0x58, 0x9C, 0xDD, 0xA5, 0x3E, 0x73, 0x99, 0x39, 0xF3, 0x00, 0x2B, 0x31, 0xB2,
    0x31, 0x72, 0x39, 0xD4, 0xB5, 0x9E, 0xAD, 0x5D, 0x84, 0x19, 0x4A, 0x54, 0x08, 0x2A, 0x31, 0x71,
    0x00, 0x0C, 0x31, 0x71, 0x00, 0x0B, 0x31, 0x71, 0x39, 0xF3, 0x6B, 0x57, 0x73, 0x98, 0x42, 0x33,
    0x00, 0x2B, 0x31, 0x71, 0x00, 0x0E, 0x31, 0x92, 0x84, 0x19, 0xB5, 0xBE, 0x39, 0xB0, 0x31, 0x71,
    0x18, 0xCE, 0x39, 0xD3, 0x31, 0xB3, 0xAD, 0x7D, 0x9C, 0xDC, 0x6B, 0x78, 0x08, 0x4D, 0x39, 0xB3,
    0x39, 0xF4, 0x39, 0xD3, 0x08, 0x4D, 0x31, 0x71, 0x00, 0x0D, 0x39, 0xB2, 0x7B, 0xD9, 0x94, 0x9C,
    0x31, 0x72, 0x31, 0x94, 0x08, 0x70, 0x31, 0x71, 0x00, 0x2B, 0x31, 0x71, 0x21, 0x0E, 0x94, 0x9C,
    0x73, 0xBA, 0x39, 0xB2, 0x00, 0x2B, 0x31, 0x71, 0x08, 0x2A, 0x31, 0x71, 0x00, 0x2B, 0x31, 0x71,
    0x08, 0x2A, 0x31, 0x71, 0x08, 0x2A, 0x31, 0x71, 0x00, 0x0B, 0x31, 0x71, 0x00, 0x0C, 0x31, 0x71,
    0x00, 0x0D, 0x31, 0x71, 0x00, 0x0D, 0x31, 0x71, 0x00, 0x2B, 0x31, 0x71, 0x08, 0x2A, 0x31, 0x91,
    0x00, 0x0C, 0x31, 0x91, 0x00, 0x2B, 0x42, 0x39, 0x08, 0x2A, 0x00, 0x00, 0x00, 0x0C, 0x00, 0x00,
    0x6B, 0x3F, 0x00, 0x0C, 0x42, 0x18, 0x00, 0x0C, 0x00, 0x00, 0x08, 0x2A, 0x31, 0x71, 0x00, 0x0D,
    0x31, 0x71, 0x00, 0x0E, 0x31, 0x71, 0x7B, 0xD9, 0xCE, 0x9D, 0xA5, 0x5B, 0x39, 0xF3, 0x00, 0x2B,
    0x29, 0x71, 0x08, 0x2A, 0x4A, 0x54, 0x84, 0x3A, 0x94, 0xBA, 0x73, 0xB6, 0x62, 0xF6, 0x84, 0x19,
    0xBD, 0xFE, 0x52, 0x96, 0x31, 0x71, 0x39, 0xB3, 0xB5, 0xBD, 0x5A, 0xD3, 0x31, 0x92, 0x42, 0x34,
    0x6B, 0x57, 0x52, 0x93, 0x62, 0xF5, 0x73, 0x96, 0xAD, 0x7E, 0x4A, 0x73, 0x31, 0x91, 0x00, 0x2B,
    0x29, 0x71, 0x00, 0x2B, 0x29, 0x71, 0x00, 0x2B, 0x31, 0xB2, 0x31, 0xB3, 0x39, 0xF4, 0x21, 0x31,
    0x73, 0xB8, 0xB5, 0xBE, 0x94, 0x9C, 0x39, 0xD3, 0x52, 0x97, 0x52, 0x96, 0x5B, 0x16, 0x31, 0x8F,
    0x63, 0x16, 0xAD, 0x5C, 0xA5, 0x5E, 0x29, 0x31, 0x29, 0x71, 0x29, 0x52, 0x5A, 0xD7, 0x4A, 0x75,
    0x4A, 0x54, 0x52, 0x94, 0xC6, 0x3D, 0x9C, 0xFC, 0x8C, 0x5A, 0x6B, 0x59, 0x9C, 0xDD, 0xA5, 0x1E,
    0x52, 0x96, 0x08, 0x2D, 0x42, 0x34, 0x63, 0x37, 0x6B, 0x77, 0x39, 0xF3, 0x73, 0x97, 0xB5, 0xBE,
    0x94, 0x9B, 0x18, 0xCE, 0x29, 0x71, 0x00, 0x2B, 0x29, 0x71, 0x00, 0x2B, 0x29, 0x71, 0x08, 0x2A,
    0x31, 0x71, 0x5A, 0xD5, 0xB5, 0xBD, 0x31, 0x90, 0x42, 0x14, 0x63, 0x37, 0x7B, 0xF8, 0x5A, 0xF5,
    0x63, 0x16, 0x8C, 0x7A, 0xA5, 0x1D, 0x29, 0x2F, 0x29, 0x71, 0x08, 0x2A, 0x29, 0x71, 0x00, 0x2A,
    0x29, 0x71, 0x08, 0x2A, 0x41, 0xF4, 0x52, 0xB6, 0x63, 0x37, 0x39, 0xD1, 0x63, 0x36, 0xAD, 0x7C,
    0xA5, 0x3D, 0x39, 0xD1, 0x31, 0x71, 0x42, 0x14, 0x6B, 0x58, 0x73, 0x97, 0xB5, 0xDC, 0x63, 0x17,
    0x63, 0x16, 0x10, 0x8E, 0x4A, 0x55, 0x63, 0x37, 0x6B, 0x77, 0x41, 0xF0, 0x73, 0x97, 0xB5, 0x9E,
    0x94, 0x9B, 0x18, 0xD0, 0x39, 0xB2, 0x42, 0x35, 0x63, 0x37, 0x39, 0xF1, 0x5A, 0xB5, 0x94, 0x9A,
    0xB5, 0x9E, 0x4A, 0x54, 0x39, 0xB2, 0x31, 0x92, 0x63, 0x37, 0xBD, 0xDC, 0x6B, 0x57, 0x39, 0xB2,
    0x42, 0x13, 0x08, 0x2B, 0x39, 0xF3, 0x52, 0x96, 0x63, 0x17, 0x31, 0xB3, 0x5A, 0xB5, 0x9C, 0xDA,
    0xAD, 0x5E, 0x31, 0x91, 0x31, 0x71, 0x29, 0x71, 0x94, 0x9A, 0x94, 0xD9, 0x6B, 0x57, 0x63, 0x36,
    0xBD, 0xFE, 0xBE, 0x1E, 0x6B, 0x77, 0x00, 0x2C, 0x29, 0x71, 0x00, 0x0E, 0x29, 0x71, 0x00, 0x0D,
    0x29, 0x71, 0x08, 0x4B, 0x6B, 0x78, 0x94, 0xDB, 0x7B, 0xF8, 0x31, 0xAF, 0x8C, 0x5B, 0xBD, 0xFE,
    0x84, 0x39, 0x08, 0x4B, 0x41, 0xF4, 0x39, 0xF4, 0x39, 0xD3, 0x08, 0x2C, 0x29, 0x71, 0x29, 0x50,
    0xA5, 0x1D, 0x8C, 0x7C, 0x41, 0xF3, 0x00, 0x0C, 0x29, 0x71, 0x00, 0x0E, 0x29, 0x71, 0x00, 0x0C,
    0x29, 0x71, 0x31, 0xB1, 0x7B, 0xD8, 0x4A, 0x52, 0x62, 0xF7, 0xAD, 0x5C, 0x6B, 0x36, 0x63, 0x16,
    0xB5, 0xDD, 0x31, 0x91, 0x94, 0x9A, 0x9C, 0xFD, 0x42, 0x13, 0x00, 0x2B, 0x52, 0x95, 0xB5, 0xBD,
    0x6B, 0x77, 0x00, 0x0C, 0x52, 0x95, 0xB5, 0xBD, 0x6B, 0x77, 0x08, 0x2D, 0x6B, 0x58, 0xB5, 0xBD,
    0x52, 0x74, 0x08, 0x4E, 0x4A, 0x76, 0x63, 0x37, 0x63, 0x16, 0x39, 0xD1, 0x8C, 0x59, 0xBD, 0xDF,
    0x7B, 0xB9, 0x08, 0x4C, 0x39, 0xD3, 0x52, 0x96, 0x52, 0xD6, 0x31, 0x90, 0x5A, 0xD6, 0xB5, 0x9B,
    0xA5, 0x3D, 0x84, 0x3A, 0x7B, 0xDA, 0x84, 0x3C, 0xAD, 0x5F, 0x5A, 0xD7, 0x31, 0x71, 0x41, 0xF3,
    0x6B, 0x78, 0x63, 0x15, 0x63, 0x15, 0x5A, 0xD4, 0xB5, 0x9D, 0x73, 0x77, 0x31, 0x91, 0x08, 0x2A,
    0x29, 0x71, 0x00, 0x2B, 0x29, 0x71, 0x08, 0x2B, 0x52, 0xB6, 0x7B, 0xF8, 0x84, 0x39, 0x29, 0x2E,
    0x29, 0x71, 0x00, 0x0C, 0x29, 0x71, 0x08, 0x2F, 0x73, 0x98, 0xC6, 0x3E, 0x6B, 0x57, 0x18, 0xCE,
    0x52, 0xB7, 0x5B, 0x16, 0x52, 0xB5, 0x39, 0xD0, 0x9C, 0xFB, 0xA5, 0x3D, 0x52, 0x75, 0x10, 0x8E,
    0x52, 0xB6, 0x63, 0x37, 0x4A, 0x54, 0x08, 0x2B, 0x31, 0x71, 0x42, 0x34, 0xB5, 0x9E, 0x7B, 0xDB,
    0x39, 0xD3, 0x31, 0x93, 0x39, 0xD4, 0x10, 0xAF, 0x29, 0x71, 0x08, 0x2A, 0x73, 0xB9, 0xB5, 0xBF,
    0x6B, 0x79, 0x08, 0x2F, 0x29, 0x71, 0x00, 0x2B, 0x29, 0x71, 0x00, 0x2B, 0x29, 0x71, 0x00, 0x2B,
    0x29, 0x71, 0x08, 0x2A, 0x29, 0x71, 0x08, 0x2A, 0x29, 0x71, 0x00, 0x0C, 0x29, 0x71, 0x00, 0x0C,
    0x29, 0x71, 0x00, 0x0E, 0x29, 0x71, 0x00, 0x0D, 0x29, 0x71, 0x08, 0x2A, 0x29, 0x71, 0x08, 0x2A,
    0x31, 0x71, 0x00, 0x2A, 0x31, 0x71, 0x08, 0x2A, 0x29, 0x2E, 0x08, 0x2A, 0x00, 0x00, 0x00, 0x2B,
    0x00, 0x0C, 0x4A, 0x3A, 0x00, 0x0C, 0x31, 0xB3, 0x00, 0x0C, 0x31, 0x71, 0x00, 0x2B, 0x31, 0x71,
    0x00, 0x0F, 0x31, 0x71, 0x00, 0x2F, 0x8C, 0x78, 0xCE, 0x9E, 0x9D, 0x1D, 0x18, 0xB0, 0x29, 0x50,
    0x00, 0x0C, 0x29, 0x50, 0x29, 0x2F, 0x94, 0xBA, 0x73, 0x96, 0x39, 0xB1, 0x00, 0x0C, 0x42, 0x14,
    0x94, 0xBD, 0x8C, 0x7A, 0x08, 0x2F, 0x4A, 0x74, 0xBE, 0x1D, 0x6B, 0x76, 0x10, 0x6C, 0x6B, 0x58,
    0x7C, 0x19, 0x63, 0x17, 0x29, 0x2F, 0x42, 0x13, 0x31, 0xB0, 0x42, 0x13, 0x08, 0x2A, 0x29, 0x50,
    0x08, 0x2A, 0x29, 0x50, 0x00, 0x2B, 0x29, 0x50, 0x18, 0xEE, 0x5A, 0xF8, 0x52, 0xB5, 0x39, 0xD3,
    0x18, 0xB0, 0xA5, 0x1C, 0x9C, 0xDC, 0x39, 0xB2, 0x18, 0xB0, 0x4A, 0x55, 0x31, 0x71, 0x4A, 0x75,
    0x52, 0xB3, 0x9C, 0xDB, 0xB5, 0xDD, 0x4A, 0x74, 0x00, 0x0C, 0x4A, 0x55, 0x6B, 0x59, 0x4A, 0x75,
    0x08, 0x4B, 0x31, 0x92, 0x8C, 0x79, 0x9C, 0xDB, 0x10, 0x6D, 0x31, 0x71, 0x39, 0xF2, 0xA5, 0x3E,
    0x39, 0xB2, 0x39, 0xB2, 0x5A, 0xD7, 0x84, 0x39, 0x63, 0x37, 0x73, 0x97, 0x6B, 0x78, 0xBE, 0x1E,
    0xBD, 0xFE, 0x5A, 0xD6, 0x00, 0x0C, 0x29, 0x50, 0x00, 0x0E, 0x29, 0x50, 0x00, 0x0C, 0x29, 0x50,
    0x08, 0x2B, 0x6B, 0x56, 0xBE, 0x1D, 0x4A, 0x74, 0x31, 0x92, 0x84, 0x1A, 0x84, 0x39, 0x5A, 0xF7,
    0x18, 0xD1, 0x4A, 0x34, 0x31, 0x93, 0x31, 0x91, 0x08, 0x2A, 0x29, 0x50, 0x08, 0x2A, 0x29, 0x50,
    0x08, 0x2A, 0x31, 0x71, 0x4A, 0x54, 0x73, 0xD9, 0x52, 0x94, 0x31, 0x91, 0x08, 0x2A, 0x52, 0xB5,
    0x5A, 0xD4, 0x52, 0x74, 0x08, 0x4B, 0x5A, 0xF7, 0x8C, 0x5A, 0x8C, 0x5A, 0x39, 0xB3, 0x31, 0x71,
    0x00, 0x10, 0x39, 0xD3, 0x63, 0x58, 0x84, 0x3A, 0x63, 0x37, 0x73, 0x97, 0x6B, 0x76, 0xBE, 0x1E,
    0xBD, 0xDE, 0x5A, 0xB5, 0x10, 0x8E, 0x4A, 0x35, 0x31, 0x92, 0x4A, 0x55, 0x4A, 0x73, 0x8C, 0x5A,
    0xBE, 0x1E, 0x6B, 0x57, 0x08, 0x2C, 0x29, 0x50, 0x31, 0x70, 0xBE, 0x1C, 0x39, 0xF3, 0x29, 0x71,
    0x00, 0x0C, 0x29, 0x71, 0x42, 0x34, 0x73, 0xD9, 0x63, 0x17, 0x6B, 0x58, 0x5A, 0xF6, 0xA5, 0x1C,
    0xC6, 0x3E, 0x73, 0x97, 0x08, 0x4F, 0x6B, 0x56, 0xA5, 0x3B, 0x5A, 0xD4, 0x00, 0x2B, 0x31, 0xB2,
    0x73, 0xBA, 0xC6, 0x3E, 0x5A, 0xB4, 0x29, 0x71, 0x00, 0x0D, 0x29, 0x50, 0x00, 0x0F, 0x29, 0x50,
    0x00, 0x0E, 0x31, 0x91, 0x63, 0x35, 0x94, 0x9A, 0x18, 0xAC, 0x29, 0x50, 0x10, 0x8C, 0x94, 0xDC,
    0x9C, 0xDD, 0x39, 0xF3, 0x18, 0xCD, 0x63, 0x17, 0x7B, 0xD9, 0x42, 0x13, 0x08, 0x4B, 0x73, 0x98,
    0xBD, 0xDE, 0x6B, 0x58, 0x08, 0x2A, 0x29, 0x50, 0x00, 0x0D, 0x29, 0x50, 0x00, 0x0F, 0x29, 0x50,
    0x00, 0x0D, 0x39, 0xD2, 0x7B, 0xD8, 0x73, 0xB7, 0x63, 0x34, 0xA5, 0x3D, 0x39, 0xF2, 0x52, 0xB5,
    0xBD, 0xFD, 0x73, 0xB8, 0xA5, 0x1C, 0x94, 0x9C, 0x10, 0xAD, 0x29, 0x50, 0x31, 0x90, 0xC6, 0x1D,
    0x5A, 0xB4, 0x29, 0x50, 0x31, 0x90, 0xC6, 0x1D, 0x5A, 0xB4, 0x31, 0x71, 0x52, 0xB4, 0xC6, 0x1D,
    0x31, 0x8F, 0x42, 0x14, 0x6B, 0x58, 0x7B, 0xF9, 0x5A, 0xF8, 0x73, 0x97, 0x84, 0x19, 0xC6, 0x3E,
    0xA5, 0x3C, 0x41, 0xF3, 0x18, 0xEF, 0x6B, 0x59, 0x42, 0x34, 0x31, 0x91, 0x08, 0x4D, 0x7B, 0xD8,
    0xAD, 0x7C, 0x42, 0x33, 0x08, 0x2D, 0x42, 0x13, 0x9C, 0xFD, 0x6B, 0x78, 0x08, 0x2E, 0x63, 0x18,
    0x84, 0x3A, 0x6B, 0x78, 0x31, 0x90, 0x39, 0xD3, 0x39, 0xB1, 0x4A, 0x54, 0x08, 0x4A, 0x29, 0x50,
    0x08, 0x2A, 0x29, 0x50, 0x08, 0x2A, 0x29, 0x71, 0x39, 0xF2, 0x8C, 0x59, 0x94, 0xB9, 0x4A, 0x33,
    0x08, 0x2A, 0x29, 0x50, 0x00, 0x0D, 0x31, 0x71, 0x5A, 0xF7, 0xC6, 0x3E, 0x5A, 0xD6, 0x39, 0xB3,
    0x31, 0x71, 0x4A, 0x55, 0x31, 0x90, 0x63, 0x36, 0x7B, 0xF8, 0xC6, 0x1E, 0x52, 0x94, 0x31, 0x71,
    0x31, 0x72, 0x84, 0x1A, 0x7B, 0xD9, 0x31, 0xB2, 0x10, 0x8D, 0x94, 0x9A, 0xAD, 0x7D, 0x52, 0x95,
    0x00, 0x0C, 0x42, 0x14, 0x63, 0x37, 0x6B, 0x58, 0x08, 0x2D, 0x42, 0x13, 0xA5, 0x1C, 0xAD, 0x5D,
    0x21, 0x12, 0x29, 0x50, 0x00, 0x0F, 0x29, 0x50, 0x00, 0x0C, 0x29, 0x50, 0x00, 0x0E, 0x29, 0x50,
    0x00, 0x0C, 0x29, 0x50, 0x00, 0x2B, 0x29, 0x50, 0x00, 0x0C, 0x29, 0x50, 0x00, 0x0C, 0x29, 0x50,
    0x00, 0x0D, 0x29, 0x50, 0x00, 0x0F, 0x29, 0x50, 0x00, 0x0E, 0x29, 0x50, 0x08, 0x2A, 0x31, 0x71,
    0x08, 0x2A, 0x31, 0x71, 0x08, 0x2A, 0x42, 0x18, 0x08, 0x2A, 0x00, 0x00, 0x08, 0x2A, 0x00, 0x00,
    0x63, 0x1F, 0x00, 0x0C, 0x41, 0xF7, 0x00, 0x0C, 0x00, 0x00, 0x00, 0x2A, 0x29, 0x71, 0x00, 0x2B,
    0x29, 0x71, 0x00, 0x0E, 0x29, 0x70, 0x84, 0x18, 0xD6, 0x9D, 0xA5, 0x3C, 0x39, 0xD2, 0x00, 0x0E,
    0x29, 0x50, 0x00, 0x0E, 0x42, 0x13, 0x94, 0xBA, 0x4A, 0x74, 0x00, 0x0C, 0x29, 0x50, 0x18, 0xCF,
    0xAD, 0x5C, 0x84, 0x19, 0x31, 0x71, 0x29, 0x73, 0xC6, 0x3D, 0x52, 0xB4, 0x29, 0x50, 0x31, 0x90,
    0x84, 0x1A, 0x9C, 0xDA, 0xAD, 0x9C, 0x94, 0x99, 0x84, 0x18, 0x29, 0x2E, 0x29, 0x50, 0x08, 0x2A,
    0x29, 0x50, 0x08, 0x2A, 0x29, 0x50, 0x00, 0x2B, 0x31, 0x91, 0x52, 0xB5, 0x84, 0x1A, 0x5A, 0xD4,
    0x73, 0x97, 0xBD, 0xDD, 0x84, 0x18, 0x08, 0x50, 0x31, 0x92, 0x42, 0x15, 0x7B, 0xF9, 0x9D, 0x1A,
    0xAD, 0x9C, 0x94, 0xB9, 0xBD, 0xFD, 0x31, 0xB1, 0x29, 0x50, 0x29, 0x51, 0x73, 0xB9, 0x31, 0x71,
    0x29, 0x50, 0x08, 0x4B, 0x94, 0x9A, 0x84, 0x38, 0x31, 0x71, 0x00, 0x0B, 0x52, 0xB6, 0xAD, 0x9D,
    0x4A, 0x53, 0x18, 0xAF, 0x7B, 0xD9, 0x94, 0x9A, 0x8C, 0x59, 0x84, 0x38, 0x94, 0x9A, 0x84, 0x19,
    0x8C, 0x7A, 0x39, 0xF4, 0x29, 0x50, 0x00, 0x0E, 0x29, 0x50, 0x00, 0x0E, 0x29, 0x50, 0x00, 0x0E,
    0x29, 0x50, 0x52, 0xB4, 0xC6, 0x3D, 0x31, 0x70, 0x31, 0x91, 0x5A, 0xF6, 0x9C, 0xDB, 0xAD, 0x7B,
    0xA5, 0x3B, 0x84, 0x1A, 0x63, 0x16, 0x08, 0x6E, 0x29, 0x50, 0x08, 0x2A, 0x29, 0x50, 0x00, 0x0C,
    0x29, 0x50, 0x08, 0x6C, 0x63, 0x37, 0x84, 0x3A, 0x52, 0x95, 0x08, 0x2A, 0x29, 0x50, 0x08, 0x2A,
    0x29, 0x71, 0x08, 0x4C, 0x29, 0x50, 0x4A, 0x53, 0x8C, 0x9B, 0x39, 0xD1, 0x29, 0x50, 0x00, 0x0E,
    0x29, 0x50, 0x29, 0x53, 0x84, 0x3A, 0x84, 0x5A, 0x84, 0x39, 0x84, 0x38, 0x94, 0x9A, 0x84, 0x17,
    0x8C, 0x7A, 0x39, 0xF2, 0x31, 0x91, 0x39, 0xD2, 0x73, 0xD9, 0x9C, 0xFA, 0xB5, 0x9C, 0x94, 0xBA,
    0xBE, 0x1D, 0x5A, 0xD5, 0x29, 0x50, 0x00, 0x0B, 0x4A, 0x73, 0xBD, 0xFC, 0x4A, 0x73, 0x00, 0x0C,
    0x29, 0x50, 0x08, 0x4C, 0x63, 0x37, 0x84, 0x3A, 0x7B, 0xF9, 0x7B, 0xD8, 0x94, 0x99, 0x84, 0x19,
    0x8C, 0x99, 0x5A, 0xD6, 0x31, 0x91, 0x7B, 0xF8, 0x9D, 0x1A, 0x18, 0xD0, 0x29, 0x50, 0x00, 0x2E,
    0x5A, 0xD6, 0xBD, 0xDD, 0x6B, 0x77, 0x08, 0x2C, 0x29, 0x50, 0x00, 0x0D, 0x29, 0x50, 0x00, 0x0F,
    0x29, 0x50, 0x08, 0x2E, 0x7B, 0xD7, 0x73, 0xD6, 0x29, 0x70, 0x00, 0x0C, 0x29, 0x71, 0x84, 0x39,
    0xBD, 0xDE, 0x31, 0x90, 0x31, 0x71, 0x4A, 0x53, 0xA5, 0x5B, 0x52, 0xB3, 0x39, 0xF3, 0x9C, 0xFA,
    0x9C, 0xFC, 0x18, 0xCD, 0x29, 0x50, 0x00, 0x2A, 0x29, 0x50, 0x00, 0x0E, 0x29, 0x50, 0x00, 0x0F,
    0x29, 0x50, 0x08, 0x4F, 0x7B, 0xD7, 0x94, 0x99, 0x9D, 0x1B, 0x8C, 0x79, 0x31, 0x91, 0x18, 0xEE,
    0xA5, 0x5C, 0x94, 0x9D, 0xBD, 0xFE, 0x63, 0x36, 0x29, 0x50, 0x08, 0x2A, 0x4A, 0x73, 0xC6, 0x3D,
    0x6B, 0x76, 0x00, 0x0C, 0x4A, 0x73, 0xC6, 0x3D, 0x6B, 0x76, 0x00, 0x2D, 0x6B, 0x56, 0xC6, 0x3D,
    0x4A, 0x73, 0x29, 0x71, 0x84, 0x39, 0x84, 0x5A, 0x84, 0x39, 0x84, 0x39, 0x94, 0x9A, 0x84, 0x19,
    0x84, 0x5A, 0x21, 0x32, 0x39, 0xB2, 0x6B, 0x79, 0x5A, 0xD6, 0x00, 0x2E, 0x29, 0x50, 0x5A, 0xD5,
    0xAD, 0x9C, 0x18, 0xCF, 0x29, 0x50, 0x20, 0xF1, 0xAD, 0x5C, 0x52, 0x96, 0x29, 0x50, 0x21, 0x11,
    0x7B, 0xD9, 0x94, 0xBB, 0xAD, 0x7B, 0x8C, 0x99, 0x8C, 0x59, 0x31, 0x90, 0x29, 0x50, 0x08, 0x2A,
    0x29, 0x50, 0x08, 0x2A, 0x29, 0x50, 0x08, 0x2A, 0x52, 0xB4, 0x94, 0xDA, 0x9D, 0x1A, 0x29, 0x4E,
    0x29, 0x50, 0x00, 0x2A, 0x29, 0x50, 0x10, 0x6F, 0x94, 0x9A, 0xAD, 0x7E, 0x52, 0xB5, 0x08, 0x4F,
    0x52, 0xB6, 0x73, 0xB8, 0xA5, 0x1B, 0xAD, 0x5B, 0x9C, 0xFB, 0xBD, 0xFD, 0x6B, 0x77, 0x08, 0x2C,
    0x31, 0x91, 0x6B, 0x77, 0xAD, 0x5B, 0x31, 0x90, 0x52, 0x74, 0xB5, 0xBC, 0x84, 0x3A, 0x08, 0x4D,
    0x29, 0x50, 0x08, 0x6E, 0x6B, 0x78, 0x94, 0x99, 0x42, 0x13, 0x52, 0x93, 0xC6, 0x3E, 0x63, 0x16,
    0x29, 0x50, 0x00, 0x0E, 0x29, 0x50, 0x00, 0x0E, 0x29, 0x50, 0x00, 0x0E, 0x29, 0x50, 0x00, 0x0E,
    0x29, 0x50, 0x00, 0x0E, 0x29, 0x50, 0x00, 0x0D, 0x29, 0x50, 0x00, 0x0C, 0x29, 0x50, 0x00, 0x0C,
    0x29, 0x50, 0x00, 0x0D, 0x29, 0x50, 0x00, 0x0F, 0x29, 0x50, 0x00, 0x0D, 0x29, 0x50, 0x08, 0x2A,
    0x29, 0x71, 0x00, 0x0C, 0x29, 0x71, 0x00, 0x2B, 0x21, 0x2E, 0x08, 0x2A, 0x00, 0x00, 0x08, 0x2A,
    0x00, 0x0C, 0x42, 0x19, 0x00, 0x0D, 0x31, 0x93, 0x00, 0x2B, 0x29, 0x51, 0x08, 0x2A, 0x29, 0x51,
    0x00, 0x2B, 0x29, 0x51, 0x08, 0x2D, 0x8C, 0x79, 0xD6, 0xBD, 0xAD, 0x7C, 0x10, 0xB0, 0x29, 0x50,
    0x00, 0x0E, 0x29, 0x50, 0x21, 0x31, 0x9D, 0x1A, 0x29, 0x71, 0x29, 0x50, 0x00, 0x2B, 0x39, 0xD2,
    0xA5, 0x3C, 0x8C, 0x7A, 0x10, 0x6F, 0x4A, 0x53, 0xC6, 0x3D, 0x6B, 0x76, 0x08, 0x4E, 0x4A, 0x34,
    0x29, 0x50, 0x39, 0xD2, 0x42, 0x34, 0x8C, 0x5A, 0xC6, 0x1E, 0x84, 0x3A, 0x08, 0x4B, 0x29, 0x50,
    0x08, 0x2A, 0x29, 0x50, 0x00, 0x2B, 0x29, 0x50, 0x18, 0xAE, 0x6B, 0x78, 0x84, 0x38, 0x9C, 0xFA,
    0x9C, 0xFB, 0x94, 0x9B, 0x29, 0x30, 0x29, 0x50, 0x42, 0x15, 0x8C, 0x9A, 0x6B, 0x56, 0x52, 0xB4,
    0x29, 0x2E, 0x5A, 0xD6, 0xB5, 0x9C, 0x52, 0x95, 0x00, 0x2B, 0x4A, 0x34, 0x7B, 0xFA, 0x42, 0x33,
    0x08, 0x2A, 0x31, 0x71, 0x84, 0x39, 0x94, 0x9A, 0x08, 0x4D, 0x29, 0x50, 0x31, 0x91, 0xB5, 0x9D,
    0x41, 0xF4, 0x31, 0xB2, 0x73, 0xD8, 0x94, 0xBA, 0x18, 0xAC, 0x31, 0xB2, 0x10, 0xAD, 0x52, 0x95,
    0x5A, 0xF6, 0x4A, 0x33, 0x00, 0x0D, 0x29, 0x50, 0x00, 0x0E, 0x29, 0x50, 0x00, 0x0E, 0x29, 0x50,
    0x00, 0x0E, 0x6B, 0x56, 0xC6, 0x3D, 0x4A, 0x73, 0x18, 0xCE, 0x52, 0x95, 0x21, 0x30, 0x42, 0x13,
    0x5A, 0xD6, 0xA5, 0x3D, 0xBD, 0xFE, 0x5A, 0xF6, 0x00, 0x0D, 0x29, 0x50, 0x00, 0x0B, 0x29, 0x50,
    0x00, 0x0E, 0x29, 0x71, 0x5A, 0xD6, 0x94, 0x9B, 0x31, 0x6F, 0x29, 0x50, 0x08, 0x2A, 0x4A, 0x34,
    0x7B, 0xF7, 0x7B, 0xD9, 0x10, 0x6C, 0x63, 0x17, 0x8C, 0x7A, 0x39, 0xB1, 0x08, 0x2A, 0x29, 0x50,
    0x00, 0x0C, 0x41, 0xF3, 0x84, 0x5A, 0x8C, 0x79, 0x10, 0x8E, 0x31, 0xB2, 0x18, 0xAD, 0x52, 0x95,
    0x5A, 0xF5, 0x42, 0x13, 0x31, 0x91, 0x8C, 0x7A, 0x7C, 0x18, 0x5A, 0xF5, 0x29, 0x4F, 0x4A, 0x34,
    0xA5, 0x3C, 0x6B, 0x77, 0x08, 0x2C, 0x29, 0x50, 0x29, 0x70, 0xBE, 0x1C, 0x31, 0x91, 0x29, 0x50,
    0x00, 0x2B, 0x29, 0x50, 0x5A, 0xD5, 0x94, 0xBB, 0x42, 0x32, 0x31, 0x71, 0x10, 0xAF, 0x42, 0x14,
    0x52, 0x95, 0x63, 0x17, 0x08, 0x6F, 0x7B, 0xF7, 0xA5, 0x5B, 0x4A, 0x33, 0x00, 0x0E, 0x29, 0x50,
    0x5A, 0xF6, 0xC6, 0x5E, 0x63, 0x17, 0x29, 0x50, 0x00, 0x0C, 0x29, 0x50, 0x00, 0x0D, 0x29, 0x50,
    0x00, 0x0F, 0x29, 0x50, 0x6B, 0x96, 0x94, 0x99, 0x08, 0x4C, 0x29, 0x50, 0x10, 0x8F, 0xA5, 0x1B,
    0xAD, 0x7C, 0x42, 0x13, 0x08, 0x2A, 0x39, 0xD2, 0x9C, 0xF9, 0x9C, 0xFC, 0x63, 0x16, 0xBD, 0xFE,
    0x63, 0x36, 0x29, 0x50, 0x08, 0x2A, 0x29, 0x50, 0x08, 0x2A, 0x29, 0x50, 0x00, 0x0C, 0x29, 0x50,
    0x00, 0x0E, 0x29, 0x50, 0x5A, 0xF5, 0xAD, 0x7B, 0xB5, 0xDC, 0x7B, 0xD8, 0x08, 0x2A, 0x29, 0x71,
    0x7B, 0xFA, 0xBD, 0xFE, 0xB5, 0xBE, 0x62, 0xF5, 0x08, 0x2A, 0x29, 0x50, 0x31, 0x6F, 0xC6, 0x3D,
    0x5A, 0xB4, 0x29, 0x50, 0x29, 0x70, 0xC6, 0x3D, 0x5A, 0xB5, 0x29, 0x50, 0x52, 0xB3, 0xC6, 0x3D,
    0x31, 0x8F, 0x42, 0x14, 0x8C, 0x5A, 0x7B, 0xF8, 0x08, 0x4E, 0x31, 0xB2, 0x18, 0xD0, 0x5A, 0xF6,
    0x5A, 0xD7, 0x39, 0xD2, 0x18, 0xB0, 0x7B, 0xF9, 0x42, 0x34, 0x29, 0x50, 0x08, 0x2E, 0x73, 0x98,
    0xA5, 0x3B, 0x39, 0xD2, 0x00, 0x0C, 0x39, 0xB2, 0xA5, 0x1C, 0x73, 0x99, 0x00, 0x2F, 0x42, 0x13,
    0x39, 0xD3, 0x39, 0xD2, 0x29, 0x70, 0x7B, 0xD9, 0xB5, 0x9D, 0xA5, 0x1B, 0x18, 0xCF, 0x29, 0x50,
    0x08, 0x2A, 0x29, 0x50, 0x08, 0x2A, 0x29, 0x50, 0x42, 0x11, 0x9D, 0x1A, 0xA5, 0x3A, 0x4A, 0x53,
    0x08, 0x2A, 0x29, 0x50, 0x08, 0x2B, 0x52, 0xB5, 0xAD, 0x7D, 0x9C, 0xFD, 0x29, 0x53, 0x52, 0x95,
    0x8C, 0x7A, 0x8C, 0x59, 0x39, 0xCF, 0x42, 0x13, 0x29, 0x70, 0xAD, 0x7C, 0x5A, 0xD5, 0x29, 0x50,
    0x08, 0x2B, 0x52, 0x74, 0xB5, 0xDC, 0x84, 0x3A, 0x7B, 0xD8, 0xBD, 0xFD, 0x42, 0x13, 0x29, 0x50,
    0x00, 0x0C, 0x29, 0x50, 0x31, 0x92, 0xB5, 0x9B, 0x6B, 0x77, 0x9C, 0xFC, 0xB5, 0x9C, 0x4A, 0x34,
    0x00, 0x2B, 0x29, 0x50, 0x00, 0x0D, 0x29, 0x50, 0x00, 0x0D, 0x29, 0x50, 0x00, 0x0E, 0x29, 0x50,
    0x00, 0x0E, 0x29, 0x50, 0x00, 0x0E, 0x29, 0x50, 0x00, 0x0E, 0x29, 0x50, 0x00, 0x2B, 0x29, 0x50,
    0x00, 0x0C, 0x29, 0x50, 0x00, 0x0D, 0x29, 0x50, 0x00, 0x0F, 0x29, 0x50, 0x00, 0x0D, 0x29, 0x51,
    0x00, 0x0B, 0x29, 0x51, 0x00, 0x0E, 0x41, 0xF8, 0x00, 0x0C, 0x00, 0x00, 0x08, 0x2A, 0x00, 0x00,
    0x62, 0xDF, 0x00, 0x0D, 0x39, 0xD7, 0x00, 0x0D, 0x00, 0x00, 0x08, 0x2A, 0x29, 0x50, 0x08, 0x2A,
    0x29, 0x50, 0x08, 0x2A, 0x29, 0x50, 0x84, 0x38, 0xCE, 0x9E, 0x9C, 0xFD, 0x41, 0xF3, 0x00, 0x0C,
    0x29, 0x50, 0x00, 0x0C, 0x4A, 0x54, 0x9C, 0xDC, 0x4A, 0x53, 0x00, 0x0C, 0x29, 0x50, 0x21, 0x0F,
    0x9C, 0xFD, 0x84, 0x1B, 0x31, 0x71, 0x39, 0xD3, 0xB5, 0xDD, 0x5A, 0xD6, 0x31, 0x91, 0x7B, 0xF8,
    0x9C, 0xDA, 0x29, 0x51, 0x31, 0xB1, 0x4A, 0x56, 0xA5, 0x3E, 0x94, 0x9A, 0x31, 0x91, 0x00, 0x0C,
    0x29, 0x50, 0x00, 0x2B, 0x29, 0x50, 0x00, 0x0D, 0x39, 0xF2, 0x8C, 0x79, 0x84, 0x38, 0x5A, 0xF3,
    0x6B, 0x56, 0x4A, 0x53, 0x52, 0x96, 0x10, 0x8E, 0x6B, 0x56, 0x9D, 0x1A, 0x63, 0x15, 0x18, 0xCD,
    0x5A, 0xD4, 0x94, 0x9B, 0xAD, 0x5E, 0x31, 0x91, 0x29, 0x50, 0x29, 0x2E, 0x8C, 0x79, 0x29, 0x4E,
    0x29, 0x50, 0x08, 0x2B, 0x8C, 0x7B, 0x84, 0x1B, 0x29, 0x50, 0x00, 0x0C, 0x4A, 0x74, 0xAD, 0x7D,
    0x52, 0xB6, 0x08, 0x2D, 0x63, 0x36, 0xAD, 0x5B, 0x6B, 0x56, 0x29, 0x2D, 0x52, 0x95, 0x94, 0x9C,
    0xBD, 0xDD, 0x31, 0x91, 0x29, 0x50, 0x00, 0x0D, 0x29, 0x50, 0x00, 0x0C, 0x29, 0x50, 0x00, 0x0C,
    0x29, 0x50, 0x5A, 0xF6, 0xB5, 0xDD, 0x31, 0x91, 0x4A, 0x54, 0x9D, 0x1A, 0x84, 0x38, 0x10, 0xAE,
    0x31, 0xB1, 0x73, 0xB9, 0xAD, 0x9E, 0x52, 0xB6, 0x29, 0x50, 0x00, 0x0C, 0x29, 0x50, 0x00, 0x0D,
    0x29, 0x50, 0x00, 0x0F, 0x4A, 0x33, 0x94, 0xBA, 0x7B, 0xF8, 0x18, 0xCE, 0x31, 0xB1, 0x6B, 0x57,
    0xAD, 0x5E, 0x63, 0x36, 0x29, 0x50, 0x4A, 0x52, 0x9C, 0xDA, 0x10, 0x8B, 0x29, 0x50, 0x08, 0x2A,
    0x29, 0x50, 0x08, 0x4C, 0x73, 0xB7, 0xAD, 0x5B, 0x6B, 0x56, 0x20, 0xEE, 0x52, 0x95, 0x8C, 0x9C,
    0xAD, 0x5C, 0x21, 0x0F, 0x52, 0x94, 0xA5, 0x1B, 0x7B, 0xD7, 0x18, 0xCD, 0x52, 0x73, 0x84, 0x19,
    0xAD, 0x7E, 0x5A, 0xD5, 0x29, 0x50, 0x00, 0x0C, 0x4A, 0x73, 0xBD, 0xFD, 0x73, 0x97, 0x18, 0xF0,
    0x52, 0xB5, 0x18, 0xCD, 0x4A, 0x53, 0x9C, 0xFA, 0x8C, 0x79, 0x31, 0x8F, 0x41, 0xF2, 0x6B, 0x77,
    0xAD, 0x9E, 0x63, 0x36, 0x29, 0x50, 0x41, 0xF3, 0xB5, 0xBC, 0x84, 0x38, 0x4A, 0x73, 0x42, 0x35,
    0x9C, 0xFC, 0xBE, 0x1E, 0x73, 0x99, 0x08, 0x2B, 0x29, 0x50, 0x00, 0x0D, 0x29, 0x50, 0x00, 0x0D,
    0x29, 0x50, 0x08, 0x50, 0x84, 0x19, 0xAD, 0x7C, 0x6B, 0x76, 0x21, 0x10, 0x63, 0x36, 0xB5, 0x9E,
    0x8C, 0x7C, 0x10, 0xB0, 0x29, 0x50, 0x08, 0x2C, 0x73, 0x96, 0xCE, 0x5D, 0xAD, 0x7D, 0x94, 0xDD,
    0x42, 0x12, 0x08, 0x2A, 0x29, 0x50, 0x08, 0x2A, 0x29, 0x50, 0x08, 0x2A, 0x29, 0x50, 0x00, 0x0B,
    0x29, 0x50, 0x00, 0x2E, 0x52, 0xB5, 0xAD, 0x9B, 0xB5, 0xBC, 0x42, 0x33, 0x29, 0x50, 0x08, 0x2C,
    0x73, 0x79, 0xBE, 0x1E, 0xAD, 0x5D, 0x39, 0xD2, 0x29, 0x50, 0x00, 0x2B, 0x52, 0x95, 0xB5, 0xBD,
    0x6B, 0x76, 0x08, 0x2C, 0x52, 0x95, 0xB5, 0xBD, 0x6B, 0x76, 0x08, 0x2D, 0x73, 0x77, 0xB5, 0xBD,
    0x4A, 0x74, 0x08, 0x4B, 0x7B, 0xF8, 0x9C, 0xFA, 0x5A, 0xD4, 0x20, 0xEE, 0x63, 0x17, 0x9D, 0x1E,
    0xA5, 0x5C, 0x18, 0xAE, 0x31, 0x91, 0x7B, 0xF8, 0x5A, 0xF5, 0x00, 0x0E, 0x29, 0x50, 0x63, 0x17,
    0x9C, 0xDD, 0x18, 0xAD, 0x29, 0x50, 0x10, 0xAF, 0xA5, 0x3C, 0x63, 0x18, 0x31, 0x71, 0x63, 0x16,
    0xA5, 0x3B, 0x42, 0x32, 0x31, 0xB1, 0x20, 0xF0, 0x9C, 0xDC, 0x9D, 0x1E, 0x42, 0x13, 0x00, 0x0E,
    0x29, 0x50, 0x00, 0x0C, 0x29, 0x50, 0x08, 0x2B, 0x63, 0x16, 0xA5, 0x3B, 0xAD, 0x7B, 0x4A, 0x72,
    0x52, 0x74, 0x4A, 0x32, 0x73, 0xB9, 0x9C, 0xDC, 0xAD, 0x9E, 0x52, 0xB6, 0x29, 0x70, 0x42, 0x14,
    0xA5, 0x3B, 0x6B, 0x55, 0x39, 0xD2, 0x41, 0xF0, 0x94, 0x9B, 0xAD, 0x7E, 0x6B, 0x77, 0x08, 0x2A,
    0x29, 0x50, 0x08, 0x6B, 0x94, 0xB9, 0xC6, 0x3C, 0xB5, 0x9E, 0x84, 0x3C, 0x31, 0x91, 0x00, 0x0C,
    0x29, 0x50, 0x00, 0x0D, 0x31, 0x71, 0x84, 0x38, 0xBE, 0x1C, 0xB5, 0xDE, 0x84, 0x3B, 0x08, 0x2A,
    0x29, 0x50, 0x08, 0x2A, 0x29, 0x50, 0x00, 0x0C, 0x29, 0x50, 0x00, 0x0D, 0x29, 0x50, 0x00, 0x0C,
    0x29, 0x50, 0x00, 0x0C, 0x29, 0x50, 0x00, 0x0E, 0x29, 0x50, 0x00, 0x0C, 0x29, 0x50, 0x08, 0x2A,
    0x29, 0x50, 0x00, 0x0D, 0x29, 0x50, 0x00, 0x0D, 0x29, 0x50, 0x00, 0x0F, 0x29, 0x50, 0x00, 0x0C,
    0x29, 0x50, 0x00, 0x0D, 0x29, 0x50, 0x00, 0x0F, 0x21, 0x0E, 0x00, 0x0E, 0x00, 0x00, 0x00, 0x0C,
    0x00, 0x0B, 0x41, 0xF8, 0x00, 0x0D, 0x31, 0x72, 0x00, 0x0C, 0x29, 0x50, 0x00, 0x2B, 0x29, 0x50,
    0x08, 0x2A, 0x29, 0x50, 0x08, 0x2A, 0x8C, 0x79, 0xC6, 0x1D, 0xA5, 0x3C, 0x21, 0x10, 0x29, 0x30,
    0x00, 0x2B, 0x29, 0x30, 0x31, 0x92, 0x9C, 0xFB, 0x31, 0x71, 0x29, 0x30, 0x08, 0x2A, 0x39, 0xD2,
    0x9C, 0xDB, 0x8C, 0x5B, 0x10, 0x6D, 0x52, 0x95, 0xB5, 0x9C, 0x6B, 0x56, 0x08, 0x2D, 0x5A, 0xF5,
    0xA5, 0x3A, 0xAD, 0x7B, 0x9D, 0x1B, 0xA5, 0x5C, 0xA5, 0x5D, 0x5A, 0xD5, 0x00, 0x30, 0x29, 0x30,
    0x00, 0x0C, 0x29, 0x30, 0x00, 0x0E, 0x29, 0x30, 0x10, 0xAE, 0x84, 0x38, 0xA5, 0x3A, 0xAD, 0x7B,
    0xA5, 0x3A, 0xAD, 0x7C, 0xAD, 0x7C, 0x6B, 0x77, 0x29, 0x51, 0x94, 0xDA, 0xA5, 0x5B, 0xAD, 0x5B,
    0xB5, 0x9B, 0xA5, 0x3C, 0xB5, 0xBD, 0x5A, 0xF6, 0x08, 0x2B, 0x41, 0xF2, 0x8C, 0x58, 0x42, 0x12,
    0x08, 0x2A, 0x29, 0x50, 0x84, 0x19, 0x8C, 0x59, 0x08, 0x4C, 0x29, 0x30, 0x42, 0x34, 0xAD, 0x7C,
    0x31, 0x71, 0x29, 0x30, 0x18, 0xCE, 0x84, 0x58, 0xB5, 0xBB, 0xB5, 0xBC, 0xA5, 0x5C, 0xAD, 0x7D,
    0x73, 0x96, 0x31, 0x71, 0x00, 0x0C, 0x29, 0x30, 0x00, 0x0D, 0x29, 0x30, 0x00, 0x2B, 0x29, 0x30,
    0x08, 0x2C, 0x6B, 0x77, 0xB5, 0x9C, 0x4A, 0x53, 0x10, 0x6C, 0x7B, 0xF7, 0xB5, 0xBB, 0xAD, 0x5B,
    0x9D, 0x1A, 0xAD, 0x7D, 0x84, 0x19, 0x41, 0xF2, 0x00, 0x0D, 0x29, 0x30, 0x00, 0x2B, 0x29, 0x30,
    0x00, 0x0E, 0x29, 0x30, 0x08, 0x30, 0x63, 0x15, 0xA5, 0x5B, 0xB5, 0x9B, 0xAD, 0x7B, 0xB5, 0xDD,
    0x94, 0x9A, 0x41, 0xF3, 0x00, 0x2D, 0x5A, 0xF5, 0x94, 0xB9, 0x31, 0x91, 0x08, 0x2A, 0x29, 0x30,
    0x08, 0x2A, 0x29, 0x30, 0x20, 0xF0, 0x8C, 0x58, 0xB5, 0xDC, 0xAD, 0x9B, 0xA5, 0x5C, 0xAD, 0x7D,
    0x5A, 0xD5, 0x29, 0x50, 0x18, 0xCD, 0x8C, 0x79, 0xAD, 0x7B, 0xAD, 0x5B, 0xB5, 0x9B, 0xA5, 0x3C,
    0xB5, 0xBD, 0x73, 0xB8, 0x08, 0x4C, 0x29, 0x30, 0x20, 0xEE, 0xA5, 0x5B, 0xB5, 0xBC, 0x9C, 0xFD,
    0x9C, 0xFD, 0x52, 0xB6, 0x08, 0x4C, 0x6B, 0x76, 0xA5, 0x1A, 0xB5, 0xDC, 0xAD, 0x5B, 0xB5, 0xBD,
    0x8C, 0x7A, 0x41, 0xF3, 0x00, 0x0D, 0x31, 0x71, 0x73, 0x96, 0xC6, 0x3D, 0xB5, 0x9C, 0xB5, 0x9D,
    0xA5, 0x5C, 0xAD, 0x5E, 0x63, 0x17, 0x29, 0x50, 0x00, 0x2B, 0x29, 0x30, 0x00, 0x0C, 0x29, 0x30,
    0x00, 0x0C, 0x29, 0x71, 0x73, 0xB8, 0xA5, 0x5C, 0xB5, 0xBC, 0xB5, 0x9B, 0xB5, 0xBC, 0xA5, 0x3C,
    0x39, 0xF5, 0x29, 0x50, 0x00, 0x10, 0x29, 0x30, 0x20, 0xEF, 0xB5, 0x9B, 0xC6, 0x5E, 0x73, 0xB8,
    0x08, 0x2D, 0x29, 0x30, 0x00, 0x2B, 0x29, 0x30, 0x08, 0x2A, 0x29, 0x30, 0x08, 0x2A, 0x29, 0x30,
    0x00, 0x0D, 0x29, 0x30, 0x21, 0x31, 0xA5, 0x3A, 0x94, 0xB9, 0x39, 0xD2, 0x00, 0x0B, 0x29, 0x30,
    0x42, 0x13, 0xA5, 0x5D, 0x94, 0x9A, 0x31, 0x91, 0x08, 0x2A, 0x29, 0x30, 0x39, 0xD2, 0xB5, 0xBD,
    0x52, 0xB4, 0x29, 0x30, 0x39, 0xD2, 0xB5, 0xBD, 0x52, 0xB5, 0x29, 0x50, 0x5A, 0xF6, 0xB5, 0xBD,
    0x31, 0x90, 0x29, 0x30, 0x29, 0x6E, 0x94, 0xB9, 0xB5, 0xBB, 0xB5, 0x9C, 0xAD, 0x5C, 0xA5, 0x3C,
    0x52, 0xB5, 0x29, 0x50, 0x10, 0x8C, 0x84, 0x38, 0x4A, 0x32, 0x29, 0x30, 0x00, 0x2D, 0x6B, 0x77,
    0x9C, 0xFB, 0x39, 0xB2, 0x00, 0x2B, 0x42, 0x13, 0x9C, 0xFB, 0x63, 0x36, 0x08, 0x2C, 0x4A, 0x53,
    0x9C, 0xDA, 0xB5, 0xBC, 0xA5, 0x1A, 0xAD, 0x5B, 0xAD, 0x7D, 0x73, 0x97, 0x08, 0x31, 0x29, 0x30,
    0x00, 0x10, 0x29, 0x30, 0x00, 0x0C, 0x29, 0x50, 0x4A, 0x55, 0x94, 0x9A, 0x94, 0xBA, 0x9D, 0x1A,
    0x9D, 0x1A, 0xA5, 0x3C, 0xA5, 0x1B, 0x94, 0x9C, 0x5A, 0xD5, 0x31, 0x92, 0x00, 0x0D, 0x42, 0x12,
    0x8C, 0x79, 0xAD, 0x9B, 0xA5, 0x3A, 0xB5, 0xDC, 0x9C, 0xFB, 0xB5, 0xBD, 0x63, 0x35, 0x29, 0x50,
    0x08, 0x2A, 0x29, 0x30, 0x39, 0xF0, 0xBD, 0xFC, 0xB5, 0xBC, 0x5A, 0xD5, 0x08, 0x2C, 0x29, 0x30,
    0x00, 0x0B, 0x29, 0x30, 0x00, 0x0D, 0x52, 0xB4, 0xC6, 0x3D, 0xBD, 0xFD, 0x39, 0xF1, 0x29, 0x30,
    0x08, 0x2A, 0x29, 0x30, 0x08, 0x2A, 0x29, 0x30, 0x00, 0x0C, 0x29, 0x30, 0x00, 0x0D, 0x29, 0x30,
    0x00, 0x2B, 0x29, 0x30, 0x00, 0x0C, 0x29, 0x30, 0x00, 0x0D, 0x29, 0x30, 0x08, 0x2A, 0x29, 0x30,
    0x00, 0x2B, 0x29, 0x30, 0x00, 0x0C, 0x29, 0x30, 0x00, 0x0C, 0x29, 0x30, 0x00, 0x0D, 0x29, 0x50,
    0x00, 0x2B, 0x29, 0x50, 0x00, 0x0E, 0x39, 0xD7, 0x00, 0x10, 0x00, 0x00, 0x00, 0x10, 0x00, 0x00,
    0x5A, 0xBF, 0x00, 0x2B, 0x39, 0xB6, 0x00, 0x0C, 0x00, 0x00, 0x00, 0x0D, 0x29, 0x50, 0x00, 0x2B,
    0x29, 0x50, 0x08, 0x2A, 0x29, 0x30, 0x21, 0x0D, 0x4A, 0x53, 0x29, 0x50, 0x29, 0x71, 0x00, 0x0C,
    0x29, 0x2F, 0x00, 0x2B, 0x31, 0x71, 0x29, 0x70, 0x31, 0x91, 0x00, 0x0C, 0x29, 0x2F, 0x08, 0x2B,
    0x42, 0x32, 0x31, 0x71, 0x29, 0x50, 0x10, 0x8C, 0x4A, 0x53, 0x18, 0xED, 0x29, 0x2F, 0x08, 0x2A,
    0x41, 0xF2, 0x31, 0x90, 0x4A, 0x74, 0x31, 0xB2, 0x42, 0x13, 0x00, 0x2F, 0x29, 0x2F, 0x00, 0x0E,
    0x29, 0x2F, 0x00, 0x0E, 0x29, 0x2F, 0x00, 0x2F, 0x5A, 0xF5, 0x94, 0xD9, 0x4A, 0x73, 0x18, 0xAE,
    0x39, 0xD2, 0x39, 0xB0, 0xAD, 0x5C, 0xAD, 0x7C, 0x4A, 0x34, 0x20, 0xF1, 0x4A, 0x53, 0x31, 0x92,
    0x42, 0x33, 0x18, 0xEE, 0x4A, 0x74, 0x21, 0x0F, 0x29, 0x50, 0x10, 0x6B, 0x42, 0x12, 0x10, 0x6B,
    0x29, 0x2F, 0x08, 0x2B, 0x42, 0x13, 0x29, 0x4F, 0x29, 0x30, 0x08, 0x2A, 0x39, 0xD2, 0x42, 0x14,
    0x31, 0x70, 0x00, 0x0C, 0x29, 0x2F, 0x08, 0x4E, 0x42, 0x12, 0x31, 0xB0, 0x4A, 0x74, 0x29, 0x2E,
    0x29, 0x50, 0x08, 0x2A, 0x29, 0x2F, 0x00, 0x0C, 0x29, 0x2F, 0x00, 0x0C, 0x29, 0x2F, 0x00, 0x2B,
    0x29, 0x30, 0x18, 0xCE, 0x4A, 0x53, 0x10, 0x8E, 0x29, 0x2F, 0x08, 0x4B, 0x42, 0x32, 0x31, 0x90,
    0x4A, 0x74, 0x31, 0x90, 0x31, 0x91, 0x08, 0x2A, 0x29, 0x2F, 0x08, 0x2A, 0x29, 0x2F, 0x00, 0x2B,
    0x29, 0x2F, 0x00, 0x0D, 0x29, 0x2F, 0x08, 0x2F, 0x4A, 0x53, 0x5A, 0xB5, 0x6B, 0x76, 0x4A, 0x54,
    0x31, 0xB1, 0x00, 0x0F, 0x29, 0x2F, 0x18, 0xAD, 0x42, 0x12, 0x08, 0x2C, 0x29, 0x2F, 0x08, 0x2A,
    0x29, 0x2F, 0x08, 0x2A, 0x29, 0x2F, 0x08, 0x70, 0x4A, 0x33, 0x31, 0xB2, 0x4A, 0x74, 0x21, 0x2F,
    0x29, 0x50, 0x00, 0x0C, 0x29, 0x30, 0x18, 0xCC, 0x4A, 0x33, 0x31, 0x8F, 0x4A, 0x53, 0x18, 0xCD,
    0x4A, 0x54, 0x21, 0x0F, 0x29, 0x50, 0x08, 0x2A, 0x29, 0x50, 0x20, 0xEE, 0x4A, 0x53, 0x39, 0xB2,
    0x4A, 0x74, 0x10, 0x8F, 0x29, 0x2F, 0x08, 0x2B, 0x39, 0xD2, 0x31, 0x8F, 0x4A, 0x74, 0x31, 0x8F,
    0x31, 0x91, 0x00, 0x2D, 0x29, 0x2F, 0x00, 0x0C, 0x31, 0x70, 0x29, 0x4F, 0x4A, 0x53, 0x31, 0x70,
    0x39, 0xD2, 0x39, 0xB2, 0x41, 0xF3, 0x08, 0x2A, 0x29, 0x2F, 0x00, 0x2B, 0x29, 0x2F, 0x08, 0x2A,
    0x29, 0x2F, 0x08, 0x2B, 0x41, 0xF2, 0x29, 0x2E, 0x4A, 0x53, 0x31, 0x8F, 0x4A, 0x53, 0x18, 0xAF,
    0x29, 0x30, 0x00, 0x0F, 0x29, 0x50, 0x21, 0x11, 0x41, 0xF2, 0x9D, 0x1B, 0xAD, 0x7C, 0x21, 0x12,
    0x29, 0x2F, 0x00, 0x0C, 0x29, 0x2F, 0x00, 0x0C, 0x29, 0x2F, 0x08, 0x2A, 0x29, 0x2F, 0x08, 0x2A,
    0x29, 0x2F, 0x00, 0x0F, 0x29, 0x50, 0x21, 0x31, 0x41, 0xF2, 0x08, 0x2C, 0x29, 0x2F, 0x00, 0x0C,
    0x31, 0x91, 0x29, 0x4E, 0x39, 0xF2, 0x08, 0x2A, 0x29, 0x2F, 0x00, 0x2B, 0x31, 0x91, 0x31, 0x90,
    0x39, 0xD2, 0x08, 0x2A, 0x31, 0x91, 0x31, 0x90, 0x39, 0xD2, 0x00, 0x0C, 0x39, 0xD2, 0x31, 0x91,
    0x31, 0x91, 0x00, 0x2B, 0x29, 0x30, 0x10, 0x8B, 0x4A, 0x33, 0x31, 0xAF, 0x4A, 0x74, 0x18, 0xCF,
    0x29, 0x50, 0x00, 0x0C, 0x29, 0x50, 0x21, 0x0E, 0x31, 0xB1, 0x00, 0x0C, 0x29, 0x30, 0x18, 0xCF,
    0x4A, 0x53, 0x08, 0x4B, 0x29, 0x2F, 0x10, 0x8D, 0x52, 0x96, 0x18, 0xAC, 0x29, 0x2F, 0x08, 0x2A,
    0x39, 0xD1, 0x31, 0x8F, 0x4A, 0x53, 0x31, 0xB0, 0x4A, 0x53, 0x08, 0x4E, 0x29, 0x2F, 0x00, 0x0F,
    0x29, 0x2F, 0x00, 0x0E, 0x29, 0x2F, 0x00, 0x0E, 0x29, 0x70, 0x10, 0x90, 0x31, 0xB1, 0x10, 0x8D,
    0x31, 0x91, 0x10, 0x8D, 0x31, 0x91, 0x10, 0x6B, 0x29, 0x30, 0x08, 0x2A, 0x29, 0x2F, 0x00, 0x0F,
    0x39, 0xB1, 0x29, 0x72, 0x4A, 0x53, 0x31, 0x90, 0x39, 0xB2, 0x31, 0x91, 0x41, 0xF2, 0x08, 0x4B,
    0x29, 0x2F, 0x08, 0x2A, 0x29, 0x50, 0x31, 0x90, 0x4A, 0x53, 0x10, 0x6C, 0x29, 0x2F, 0x08, 0x2A,
    0x29, 0x2F, 0x08, 0x6C, 0x41, 0xF2, 0x39, 0xB1, 0xBD, 0xFD, 0x8C, 0x79, 0x29, 0x70, 0x00, 0x2B,
    0x29, 0x2F, 0x08, 0x2A, 0x29, 0x2F, 0x08, 0x2A, 0x29, 0x2F, 0x00, 0x0C, 0x29, 0x2F, 0x00, 0x0C,
    0x29, 0x2F, 0x00, 0x2B, 0x29, 0x2F, 0x00, 0x0C, 0x29, 0x2F, 0x00, 0x0C, 0x29, 0x2F, 0x08, 0x2A,
    0x29, 0x2F, 0x00, 0x2B, 0x29, 0x2F, 0x08, 0x2A, 0x29, 0x2F, 0x08, 0x2A, 0x29, 0x2F, 0x08, 0x2A,
    0x29, 0x50, 0x00, 0x2B, 0x29, 0x50, 0x00, 0x0D, 0x21, 0x0D, 0x00, 0x0F, 0x00, 0x00, 0x00, 0x0E,
    0x08, 0x2A, 0x39, 0xD8, 0x00, 0x0B, 0x29, 0x72, 0x00, 0x0C, 0x29, 0x30, 0x00, 0x0D, 0x29, 0x30,
    0x08, 0x2A, 0x29, 0x30, 0x08, 0x2A, 0x29, 0x2F, 0x08, 0x2A, 0x29, 0x2F, 0x00, 0x0D, 0x29, 0x2F,
    0x00, 0x0D, 0x29, 0x2F, 0x00, 0x2B, 0x29, 0x2F, 0x00, 0x0C, 0x29, 0x2F, 0x00, 0x2B, 0x29, 0x2F,
    0x00, 0x2B, 0x29, 0x2F, 0x08, 0x2A, 0x29, 0x2F, 0x08, 0x2A, 0x29, 0x2F, 0x08, 0x2A, 0x29, 0x2F,
    0x08, 0x2A, 0x29, 0x2F, 0x08, 0x2A, 0x29, 0x2F, 0x00, 0x2B, 0x29, 0x2F, 0x00, 0x0D, 0x29, 0x2F,
    0x00, 0x0C, 0x29, 0x2F, 0x00, 0x0D, 0x29, 0x30, 0x4A, 0x33, 0x94, 0xDB, 0x8C, 0x58, 0x7B, 0xD7,
    0x63, 0x15, 0x8C, 0x7B, 0xA5, 0x1E, 0x84, 0x3B, 0x18, 0xAE, 0x29, 0x2F, 0x00, 0x0F, 0x29, 0x2F,
    0x00, 0x0C, 0x29, 0x2F, 0x00, 0x0C, 0x29, 0x2F, 0x00, 0x2B, 0x29, 0x2F, 0x08, 0x2A, 0x29, 0x2F,
    0x00, 0x2B, 0x29, 0x2F, 0x00, 0x2B, 0x29, 0x2F, 0x08, 0x2A, 0x29, 0x2F, 0x08, 0x2A, 0x29, 0x2F,
    0x00, 0x0B, 0x29, 0x2F, 0x00, 0x0C, 0x29, 0x2F, 0x00, 0x0D, 0x29, 0x2F, 0x08, 0x2A, 0x29, 0x2F,
    0x08, 0x2A, 0x29, 0x2F, 0x08, 0x2A, 0x29, 0x2F, 0x00, 0x0D, 0x29, 0x2F, 0x00, 0x0D, 0x29, 0x2F,
    0x00, 0x2B, 0x29, 0x2F, 0x00, 0x0C, 0x29, 0x2F, 0x00, 0x2B, 0x29, 0x2F, 0x00, 0x2B, 0x29, 0x2F,
    0x08, 0x2A, 0x29, 0x2F, 0x08, 0x2A, 0x29, 0x2F, 0x08, 0x2A, 0x29, 0x2F, 0x08, 0x2A, 0x29, 0x2F,
    0x08, 0x2A, 0x29, 0x2F, 0x00, 0x2B, 0x29, 0x2F, 0x00, 0x0D, 0x29, 0x2F, 0x00, 0x0C, 0x29, 0x2F,
    0x00, 0x0D, 0x29, 0x2F, 0x00, 0x0C, 0x29, 0x2F, 0x00, 0x0C, 0x29, 0x2F, 0x00, 0x0C, 0x29, 0x2F,
    0x08, 0x2A, 0x29, 0x2F, 0x00, 0x2B, 0x29, 0x2F, 0x00, 0x0F, 0x29, 0x2F, 0x00, 0x0C, 0x29, 0x2F,
    0x00, 0x0C, 0x29, 0x2F, 0x00, 0x2B, 0x29, 0x2F, 0x08, 0x2A, 0x29, 0x2F, 0x00, 0x2B, 0x29, 0x2F,
    0x00, 0x2B, 0x29, 0x2F, 0x08, 0x2A, 0x29, 0x2F, 0x08, 0x2A, 0x29, 0x2F, 0x00, 0x0B, 0x29, 0x2F,
    0x00, 0x0C, 0x29, 0x2F, 0x00, 0x0D, 0x29, 0x2F, 0x08, 0x2A, 0x29, 0x2F, 0x08, 0x2A, 0x29, 0x2F,
    0x08, 0x2A, 0x29, 0x2F, 0x00, 0x0D, 0x29, 0x2F, 0x00, 0x0D, 0x29, 0x2F, 0x00, 0x2B, 0x29, 0x2F,
    0x00, 0x0C, 0x29, 0x2F, 0x00, 0x2B, 0x29, 0x2F, 0x00, 0x2B, 0x29, 0x2F, 0x08, 0x2A, 0x29, 0x2F,
    0x08, 0x2A, 0x29, 0x2F, 0x08, 0x2A, 0x29, 0x2F, 0x08, 0x2A, 0x29, 0x2F, 0x08, 0x2A, 0x29, 0x2F,
    0x00, 0x2B, 0x29, 0x2F, 0x18, 0xCF, 0x94, 0xDA, 0xAD, 0x9B, 0xBE, 0x1D, 0x63, 0x37, 0x29, 0x50,
    0x00, 0x0C, 0x29, 0x2F, 0x00, 0x0C, 0x29, 0x2F, 0x00, 0x0C, 0x29, 0x2F, 0x08, 0x2A, 0x29, 0x2F,
    0x00, 0x2B, 0x29, 0x2F, 0x00, 0x0F, 0x29, 0x2F, 0x00, 0x0C, 0x29, 0x2F, 0x00, 0x0C, 0x29, 0x2F,
    0x00, 0x2B, 0x29, 0x2F, 0x08, 0x2A, 0x29, 0x2F, 0x00, 0x2B, 0x29, 0x2F, 0x00, 0x2B, 0x29, 0x2F,
    0x08, 0x2A, 0x29, 0x2F, 0x08, 0x2A, 0x29, 0x2F, 0x00, 0x0B, 0x29, 0x2F, 0x00, 0x0C, 0x29, 0x2F,
    0x00, 0x0D, 0x29, 0x2F, 0x08, 0x2A, 0x29, 0x2F, 0x08, 0x2A, 0x29, 0x2F, 0x08, 0x2A, 0x29, 0x2F,
    0x00, 0x0D, 0x29, 0x2F, 0x00, 0x0D, 0x29, 0x2F, 0x00, 0x2B, 0x29, 0x2F, 0x00, 0x0C, 0x29, 0x2F,
    0x00, 0x2B, 0x29, 0x2F, 0x00, 0x2B, 0x29, 0x2F, 0x08, 0x2A, 0x29, 0x2F, 0x08, 0x2A, 0x29, 0x2F,
    0x08, 0x2A, 0x29, 0x2F, 0x08, 0x2A, 0x29, 0x2F, 0x08, 0x2A, 0x29, 0x2F, 0x00, 0x2B, 0x29, 0x2F,
    0x00, 0x0D, 0x29, 0x2F, 0x00, 0x0C, 0x29, 0x2F, 0x00, 0x0D, 0x29, 0x2F, 0x00, 0x0C, 0x29, 0x2F,
    0x00, 0x0C, 0x29, 0x2F, 0x00, 0x0C, 0x29, 0x2F, 0x08, 0x2A, 0x29, 0x2F, 0x00, 0x2B, 0x29, 0x2F,
    0x00, 0x0F, 0x29, 0x2F, 0x00, 0x0C, 0x29, 0x2F, 0x00, 0x0C, 0x29, 0x2F, 0x00, 0x2B, 0x29, 0x2F,
    0x08, 0x2A, 0x29, 0x2F, 0x00, 0x2B, 0x29, 0x2F, 0x00, 0x2B, 0x29, 0x2F, 0x08, 0x2A, 0x29, 0x2F,
    0x08, 0x2A, 0x4A, 0x54, 0xA5, 0x1A, 0xB5, 0xDC, 0xAD, 0x7B, 0x5A, 0xD6, 0x00, 0x2E, 0x29, 0x2F,
    0x08, 0x2A, 0x29, 0x2F, 0x08, 0x2A, 0x29, 0x2F, 0x08, 0x2A, 0x29, 0x2F, 0x00, 0x0D, 0x29, 0x2F,
    0x00, 0x0D, 0x29, 0x2F, 0x00, 0x2B, 0x29, 0x2F, 0x00, 0x0C, 0x29, 0x2F, 0x00, 0x2B, 0x29, 0x2F,
    0x00, 0x2B, 0x29, 0x2F, 0x08, 0x2A, 0x29, 0x2F, 0x08, 0x2A, 0x29, 0x2F, 0x08, 0x2A, 0x29, 0x30,
    0x08, 0x2A, 0x29, 0x30, 0x08, 0x2A, 0x39, 0xD7, 0x00, 0x2B, 0x00, 0x00, 0x00, 0x0D, 0x00, 0x00,
    0x5A, 0x9F, 0x00, 0x0B, 0x39, 0xB6, 0x00, 0x2B, 0x00, 0x00, 0x00, 0x0C, 0x29, 0x30, 0x00, 0x0D,
    0x29, 0x30, 0x08, 0x2A, 0x21, 0x2F, 0x08, 0x2A, 0x21, 0x2F, 0x00, 0x2B, 0x21, 0x2F, 0x00, 0x0C,
    0x21, 0x2F, 0x00, 0x0D, 0x21, 0x2F, 0x00, 0x2B, 0x21, 0x2F, 0x00, 0x2B, 0x21, 0x2F, 0x00, 0x0C,
    0x21, 0x2F, 0x00, 0x0C, 0x21, 0x2F, 0x08, 0x2A, 0x21, 0x2F, 0x08, 0x2A, 0x21, 0x2F, 0x08, 0x2A,
    0x21, 0x2F, 0x08, 0x2A, 0x21, 0x2F, 0x08, 0x2A, 0x21, 0x2F, 0x08, 0x2A, 0x21, 0x2F, 0x00, 0x0C,
    0x21, 0x2F, 0x00, 0x0D, 0x21, 0x2F, 0x00, 0x0D, 0x29, 0x50, 0x29, 0x50, 0x63, 0x15, 0x5A, 0xB3,
    0x6B, 0x56, 0x5A, 0xF5, 0x5A, 0xD5, 0x18, 0xED, 0x21, 0x2F, 0x00, 0x2B, 0x21, 0x2F, 0x00, 0x0C,
    0x21, 0x2F, 0x08, 0x2A, 0x21, 0x2F, 0x00, 0x0C, 0x21, 0x2F, 0x00, 0x2B, 0x21, 0x2F, 0x00, 0x2B,
    0x21, 0x2F, 0x00, 0x0D, 0x21, 0x2F, 0x00, 0x2B, 0x21, 0x2F, 0x08, 0x2A, 0x21, 0x2F, 0x00, 0x0B,
    0x21, 0x2F, 0x00, 0x2B, 0x21, 0x2F, 0x00, 0x0C, 0x21, 0x2F, 0x00, 0x0D, 0x21, 0x2F, 0x08, 0x2A,
    0x21, 0x2F, 0x08, 0x2A, 0x21, 0x2F, 0x00, 0x2B, 0x21, 0x2F, 0x00, 0x0C, 0x21, 0x2F, 0x00, 0x0D,
    0x21, 0x2F, 0x00, 0x2B, 0x21, 0x2F, 0x00, 0x2B, 0x21, 0x2F, 0x00, 0x0C, 0x21, 0x2F, 0x00, 0x0C,
    0x21, 0x2F, 0x08, 0x2A, 0x21, 0x2F, 0x08, 0x2A, 0x21, 0x2F, 0x08, 0x2A, 0x21, 0x2F, 0x08, 0x2A,
    0x21, 0x2F, 0x08, 0x2A, 0x21, 0x2F, 0x08, 0x2A, 0x21, 0x2F, 0x00, 0x0C, 0x21, 0x2F, 0x00, 0x0D,
    0x21, 0x2F, 0x00, 0x0D, 0x21, 0x2F, 0x00, 0x0C, 0x21, 0x2F, 0x00, 0x0C, 0x21, 0x2F, 0x00, 0x2B,
    0x21, 0x2F, 0x08, 0x2A, 0x21, 0x2F, 0x00, 0x2B, 0x21, 0x2F, 0x00, 0x0C, 0x21, 0x2F, 0x08, 0x2A,
    0x21, 0x2F, 0x00, 0x0C, 0x21, 0x2F, 0x00, 0x2B, 0x21, 0x2F, 0x00, 0x2B, 0x21, 0x2F, 0x00, 0x0D,
    0x21, 0x2F, 0x00, 0x2B, 0x21, 0x2F, 0x08, 0x2A, 0x21, 0x2F, 0x00, 0x0B, 0x21, 0x2F, 0x00, 0x2B,
    0x21, 0x2F, 0x00, 0x0C, 0x21, 0x2F, 0x00, 0x0D, 0x21, 0x2F, 0x08, 0x2A, 0x21, 0x2F, 0x08, 0x2A,
    0x21, 0x2F, 0x00, 0x2B, 0x21, 0x2F, 0x00, 0x0C, 0x21, 0x2F, 0x00, 0x0D, 0x21, 0x2F, 0x00, 0x2B,
    0x21, 0x2F, 0x00, 0x2B, 0x21, 0x2F, 0x00, 0x0C, 0x21, 0x2F, 0x00, 0x0C, 0x21, 0x2F, 0x08, 0x2A,
    0x21, 0x2F, 0x08, 0x2A, 0x21, 0x2F, 0x08, 0x2A, 0x21, 0x2F, 0x08, 0x2A, 0x21, 0x2F, 0x08, 0x2A,
    0x21, 0x2F, 0x08, 0x2A, 0x29, 0x50, 0x4A, 0x53, 0x6B, 0x55, 0x41, 0xF2, 0x31, 0x70, 0x00, 0x0D,
    0x21, 0x2F, 0x00, 0x0C, 0x21, 0x2F, 0x00, 0x0C, 0x21, 0x2F, 0x00, 0x2B, 0x21, 0x2F, 0x08, 0x2A,
    0x21, 0x2F, 0x00, 0x2B, 0x21, 0x2F, 0x00, 0x0C, 0x21, 0x2F, 0x08, 0x2A, 0x21, 0x2F, 0x00, 0x0C,
    0x21, 0x2F, 0x00, 0x2B, 0x21, 0x2F, 0x00, 0x2B, 0x21, 0x2F, 0x00, 0x0D, 0x21, 0x2F, 0x00, 0x2B,
    0x21, 0x2F, 0x08, 0x2A, 0x21, 0x2F, 0x00, 0x0B, 0x21, 0x2F, 0x00, 0x2B, 0x21, 0x2F, 0x00, 0x0C,
    0x21, 0x2F, 0x00, 0x0D, 0x21, 0x2F, 0x08, 0x2A, 0x21, 0x2F, 0x08, 0x2A, 0x21, 0x2F, 0x00, 0x2B,
    0x21, 0x2F, 0x00, 0x0C, 0x21, 0x2F, 0x00, 0x0D, 0x21, 0x2F, 0x00, 0x2B, 0x21, 0x2F, 0x00, 0x2B,
    0x21, 0x2F, 0x00, 0x0C, 0x21, 0x2F, 0x00, 0x0C, 0x21, 0x2F, 0x08, 0x2A, 0x21, 0x2F, 0x08, 0x2A,
    0x21, 0x2F, 0x08, 0x2A, 0x21, 0x2F, 0x08, 0x2A, 0x21, 0x2F, 0x08, 0x2A, 0x21, 0x2F, 0x08, 0x2A,
    0x21, 0x2F, 0x00, 0x0C, 0x21, 0x2F, 0x00, 0x0D, 0x21, 0x2F, 0x00, 0x0D, 0x21, 0x2F, 0x00, 0x0C,
    0x21, 0x2F, 0x00, 0x0C, 0x21, 0x2F, 0x00, 0x2B, 0x21, 0x2F, 0x08, 0x2A, 0x21, 0x2F, 0x00, 0x2B,
    0x21, 0x2F, 0x00, 0x0C, 0x21, 0x2F, 0x08, 0x2A, 0x21, 0x2F, 0x00, 0x0C, 0x21, 0x2F, 0x00, 0x2B,
    0x21, 0x2F, 0x00, 0x2B, 0x21, 0x2F, 0x00, 0x0D, 0x21, 0x2F, 0x00, 0x2B, 0x21, 0x2F, 0x08, 0x2A,
    0x21, 0x2F, 0x18, 0xCE, 0x63, 0x35, 0x52, 0xB2, 0x4A, 0x32, 0x08, 0x2D, 0x21, 0x2F, 0x00, 0x0D,
    0x21, 0x2F, 0x08, 0x2A, 0x21, 0x2F, 0x08, 0x2A, 0x21, 0x2F, 0x00, 0x2B, 0x21, 0x2F, 0x00, 0x0C,
    0x21, 0x2F, 0x00, 0x0D, 0x21, 0x2F, 0x00, 0x2B, 0x21, 0x2F, 0x00, 0x2B, 0x21, 0x2F, 0x00, 0x0C,
    0x21, 0x2F, 0x00, 0x0C, 0x21, 0x2F, 0x08, 0x2A, 0x21, 0x2F, 0x08, 0x2A, 0x21, 0x2F, 0x08, 0x2A,
    0x29, 0x30, 0x08, 0x2A, 0x29, 0x30, 0x08, 0x2A, 0x21, 0x0D, 0x08, 0x2A, 0x00, 0x00, 0x00, 0x0C,
    0x00, 0x2B, 0x39, 0xB7, 0x00, 0x0C, 0x29, 0x52, 0x08, 0x2A, 0x29, 0x2F, 0x00, 0x0D, 0x29, 0x2F,
    0x00, 0x0D, 0x29, 0x2F, 0x00, 0x0C, 0x21, 0x0F, 0x08, 0x2A, 0x21, 0x0F, 0x08, 0x2A, 0x21, 0x0F,
    0x00, 0x0C, 0x21, 0x0F, 0x00, 0x0E, 0x21, 0x0F, 0x08, 0x2A, 0x21, 0x0F, 0x00, 0x2B, 0x21, 0x0F,
    0x00, 0x0E, 0x21, 0x0F, 0x00, 0x0C, 0x21, 0x0F, 0x00, 0x0B, 0x21, 0x0F, 0x00, 0x2B, 0x21, 0x0F,
    0x08, 0x2A, 0x21, 0x0F, 0x08, 0x2A, 0x21, 0x0F, 0x08, 0x2A, 0x21, 0x0F, 0x00, 0x2B, 0x21, 0x0F,
    0x00, 0x0C, 0x21, 0x0F, 0x00, 0x0D, 0x21, 0x0F, 0x00, 0x0D, 0x21, 0x0F, 0x00, 0x2D, 0x21, 0x0F,
    0x00, 0x0D, 0x21, 0x0F, 0x08, 0x2B, 0x21, 0x0F, 0x08, 0x2A, 0x21, 0x0F, 0x00, 0x0C, 0x21, 0x0F,
    0x08, 0x2A, 0x21, 0x0F, 0x08, 0x2A, 0x21, 0x0F, 0x00, 0x0C, 0x21, 0x0F, 0x00, 0x2B, 0x21, 0x0F,
    0x00, 0x0D, 0x21, 0x0F, 0x00, 0x0E, 0x21, 0x0F, 0x00, 0x2B, 0x21, 0x0F, 0x00, 0x2B, 0x21, 0x0F,
    0x00, 0x0C, 0x21, 0x0F, 0x08, 0x2A, 0x21, 0x0F, 0x00, 0x0D, 0x21, 0x0F, 0x00, 0x0D, 0x21, 0x0F,
    0x00, 0x0C, 0x21, 0x0F, 0x08, 0x2A, 0x21, 0x0F, 0x08, 0x2A, 0x21, 0x0F, 0x00, 0x0C, 0x21, 0x0F,
    0x00, 0x0E, 0x21, 0x0F, 0x08, 0x2A, 0x21, 0x0F, 0x00, 0x2B, 0x21, 0x0F, 0x00, 0x0E, 0x21, 0x0F,
    0x00, 0x0C, 0x21, 0x0F, 0x00, 0x0B, 0x21, 0x0F, 0x00, 0x2B, 0x21, 0x0F, 0x08, 0x2A, 0x21, 0x0F,
    0x08, 0x2A, 0x21, 0x0F, 0x08, 0x2A, 0x21, 0x0F, 0x00, 0x2B, 0x21, 0x0F, 0x00, 0x0C, 0x21, 0x0F,
    0x00, 0x0D, 0x21, 0x0F, 0x00, 0x0D, 0x21, 0x0F, 0x00, 0x0C, 0x21, 0x0F, 0x00, 0x0D, 0x21, 0x0F,
    0x08, 0x2A, 0x21, 0x0F, 0x08, 0x2A, 0x21, 0x0F, 0x00, 0x0C, 0x21, 0x0F, 0x08, 0x2A, 0x21, 0x0F,
    0x08, 0x2A, 0x21, 0x0F, 0x00, 0x0C, 0x21, 0x0F, 0x00, 0x2B, 0x21, 0x0F, 0x00, 0x0D, 0x21, 0x0F,
    0x00, 0x0E, 0x21, 0x0F, 0x00, 0x2B, 0x21, 0x0F, 0x00, 0x2B, 0x21, 0x0F, 0x00, 0x0C, 0x21, 0x0F,
    0x08, 0x2A, 0x21, 0x0F, 0x00, 0x0D, 0x21, 0x0F, 0x00, 0x0D, 0x21, 0x0F, 0x00, 0x0C, 0x21, 0x0F,
    0x08, 0x2A, 0x21, 0x0F, 0x08, 0x2A, 0x21, 0x0F, 0x00, 0x0C, 0x21, 0x0F, 0x00, 0x0E, 0x21, 0x0F,
    0x08, 0x2A, 0x21, 0x0F, 0x00, 0x2B, 0x21, 0x0F, 0x00, 0x0E, 0x21, 0x0F, 0x00, 0x0C, 0x21, 0x0F,
    0x00, 0x0B, 0x21, 0x0F, 0x00, 0x2B, 0x21, 0x0F, 0x08, 0x2A, 0x21, 0x0F, 0x08, 0x2A, 0x21, 0x0F,
    0x08, 0x2A, 0x21, 0x0F, 0x00, 0x2B, 0x21, 0x2F, 0x00, 0x0C, 0x21, 0x0F, 0x00, 0x0D, 0x21, 0x0F,
    0x00, 0x0D, 0x21, 0x0F, 0x00, 0x0C, 0x21, 0x0F, 0x00, 0x0D, 0x21, 0x0F, 0x08, 0x2A, 0x21, 0x0F,
    0x08, 0x2A, 0x21, 0x0F, 0x00, 0x0C, 0x21, 0x0F, 0x08, 0x2A, 0x21, 0x0F, 0x08, 0x2A, 0x21, 0x0F,
    0x00, 0x0C, 0x21, 0x0F, 0x00, 0x2B, 0x21, 0x0F, 0x00, 0x0D, 0x21, 0x0F, 0x00, 0x0E, 0x21, 0x0F,
    0x00, 0x2B, 0x21, 0x0F, 0x00, 0x2B, 0x21, 0x0F, 0x00, 0x0C, 0x21, 0x0F, 0x08, 0x2A, 0x21, 0x0F,
    0x00, 0x0D, 0x21, 0x0F, 0x00, 0x0D, 0x21, 0x0F, 0x00, 0x0C, 0x21, 0x0F, 0x08, 0x2A, 0x21, 0x0F,
    0x08, 0x2A, 0x21, 0x0F, 0x00, 0x0C, 0x21, 0x0F, 0x00, 0x0E, 0x21, 0x0F, 0x08, 0x2A, 0x21, 0x0F,
    0x00, 0x2B, 0x21, 0x0F, 0x00, 0x0E, 0x21, 0x0F, 0x00, 0x0C, 0x21, 0x0F, 0x00, 0x0B, 0x21, 0x0F,
    0x00, 0x2B, 0x21, 0x0F, 0x08, 0x2A, 0x21, 0x0F, 0x08, 0x2A, 0x21, 0x0F, 0x08, 0x2A, 0x21, 0x0F,
    0x00, 0x2B, 0x21, 0x0F, 0x00, 0x0C, 0x21, 0x0F, 0x00, 0x0D, 0x21, 0x0F, 0x00, 0x0D, 0x21, 0x0F,
    0x00, 0x0C, 0x21, 0x0F, 0x00, 0x0D, 0x21, 0x0F, 0x08, 0x2A, 0x21, 0x0F, 0x08, 0x2A, 0x21, 0x0F,
    0x00, 0x0C, 0x21, 0x0F, 0x08, 0x2A, 0x21, 0x0F, 0x08, 0x2A, 0x21, 0x0F, 0x00, 0x0C, 0x21, 0x0F,
    0x00, 0x2B, 0x21, 0x0F, 0x00, 0x0D, 0x21, 0x0F, 0x00, 0x0E, 0x21, 0x0F, 0x00, 0x2B, 0x21, 0x0F,
    0x00, 0x2B, 0x21, 0x0F, 0x08, 0x2C, 0x21, 0x0F, 0x08, 0x2A, 0x21, 0x0F, 0x00, 0x0D, 0x21, 0x0F,
    0x00, 0x0D, 0x21, 0x0F, 0x00, 0x0C, 0x21, 0x0F, 0x08, 0x2A, 0x21, 0x0F, 0x08, 0x2A, 0x21, 0x0F,
    0x00, 0x0C, 0x21, 0x0F, 0x00, 0x0E, 0x21, 0x0F, 0x08, 0x2A, 0x21, 0x0F, 0x00, 0x2B, 0x21, 0x0F,
    0x00, 0x0E, 0x21, 0x0F, 0x00, 0x0C, 0x21, 0x0F, 0x00, 0x0B, 0x21, 0x0F, 0x00, 0x2B, 0x29, 0x2F,
    0x08, 0x2A, 0x29, 0x2F, 0x08, 0x2A, 0x39, 0xB6, 0x08, 0x2A, 0x00, 0x00, 0x00, 0x2B, 0x00, 0x00,
    0x52, 0x7F, 0x00, 0x0C, 0x31, 0x95, 0x00, 0x2B, 0x00, 0x00, 0x00, 0x2A, 0x21, 0x2F, 0x00, 0x0D,
    0x21, 0x2F, 0x00, 0x0E, 0x21, 0x0F, 0x00, 0x0D, 0x21, 0x0F, 0x00, 0x2B, 0x21, 0x0F, 0x08, 0x2A,
    0x21, 0x0F, 0x00, 0x0E, 0x29, 0x30, 0x08, 0x4E, 0x21, 0x0F, 0x08, 0x2A, 0x21, 0x0F, 0x00, 0x0C,
    0x21, 0x0F, 0x00, 0x0E, 0x21, 0x0F, 0x00, 0x0C, 0x21, 0x0F, 0x00, 0x0D, 0x21, 0x0F, 0x00, 0x0C,
    0x21, 0x0F, 0x00, 0x2B, 0x21, 0x0F, 0x08, 0x2A, 0x21, 0x0F, 0x08, 0x2A, 0x21, 0x0F, 0x08, 0x2A,
    0x21, 0x0F, 0x00, 0x0C, 0x21, 0x0F, 0x00, 0x0D, 0x29, 0x30, 0x08, 0x4D, 0x21, 0x0F, 0x00, 0x0D,
    0x21, 0x0F, 0x00, 0x0C, 0x21, 0x0F, 0x08, 0x2A, 0x21, 0x0F, 0x00, 0x2A, 0x21, 0x0F, 0x00, 0x0D,
    0x21, 0x0F, 0x08, 0x2A, 0x21, 0x0F, 0x08, 0x2A, 0x21, 0x0F, 0x00, 0x2B, 0x21, 0x0F, 0x08, 0x2A,
    0x21, 0x0F, 0x00, 0x0D, 0x21, 0x0F, 0x00, 0x0E, 0x21, 0x0F, 0x00, 0x2B, 0x21, 0x0F, 0x00, 0x0C,
    0x21, 0x0F, 0x00, 0x2B, 0x21, 0x0F, 0x00, 0x2A, 0x21, 0x0F, 0x00, 0x0D, 0x21, 0x0F, 0x00, 0x0E,
    0x21, 0x0F, 0x00, 0x0D, 0x21, 0x0F, 0x00, 0x2B, 0x21, 0x0F, 0x08, 0x2A, 0x21, 0x0F, 0x00, 0x0D,
    0x21, 0x0F, 0x00, 0x0D, 0x21, 0x0F, 0x08, 0x2A, 0x21, 0x0F, 0x00, 0x0C, 0x21, 0x0F, 0x00, 0x0E,
    0x21, 0x0F, 0x00, 0x0C, 0x21, 0x0F, 0x00, 0x0D, 0x21, 0x0F, 0x00, 0x0C, 0x21, 0x0F, 0x00, 0x2B,
    0x21, 0x0F, 0x08, 0x2A, 0x21, 0x0F, 0x08, 0x2A, 0x21, 0x0F, 0x08, 0x2A, 0x21, 0x0F, 0x00, 0x0C,
    0x21, 0x0F, 0x00, 0x0D, 0x21, 0x0F, 0x00, 0x0C, 0x21, 0x0F, 0x00, 0x0D, 0x21, 0x2F, 0x08, 0x4D,
    0x21, 0x0F, 0x08, 0x2A, 0x21, 0x0F, 0x00, 0x2A, 0x21, 0x0F, 0x00, 0x0D, 0x21, 0x0F, 0x08, 0x2A,
    0x21, 0x0F, 0x08, 0x2A, 0x21, 0x0F, 0x00, 0x2B, 0x21, 0x0F, 0x08, 0x2A, 0x21, 0x0F, 0x00, 0x0D,
    0x21, 0x0F, 0x00, 0x0E, 0x21, 0x0F, 0x00, 0x2B, 0x21, 0x0F, 0x00, 0x0C, 0x21, 0x0F, 0x00, 0x2B,
    0x21, 0x0F, 0x00, 0x2A, 0x21, 0x0F, 0x08, 0x4E, 0x29, 0x30, 0x00, 0x0E, 0x21, 0x0F, 0x00, 0x0D,
    0x21, 0x0F, 0x00, 0x2B, 0x21, 0x0F, 0x08, 0x2A, 0x29, 0x30, 0x08, 0x4E, 0x21, 0x0F, 0x00, 0x0D,
    0x21, 0x0F, 0x08, 0x2A, 0x21, 0x0F, 0x00, 0x0C, 0x21, 0x0F, 0x00, 0x0E, 0x21, 0x0F, 0x00, 0x0C,
    0x21, 0x0F, 0x00, 0x0D, 0x21, 0x0F, 0x00, 0x0C, 0x21, 0x0F, 0x00, 0x2B, 0x21, 0x0F, 0x08, 0x2A,
    0x21, 0x0F, 0x08, 0x2A, 0x21, 0x0F, 0x08, 0x2A, 0x21, 0x0F, 0x00, 0x0C, 0x21, 0x0F, 0x00, 0x0D,
    0x21, 0x0F, 0x00, 0x0C, 0x21, 0x0F, 0x00, 0x0D, 0x21, 0x0F, 0x00, 0x0C, 0x21, 0x0F, 0x08, 0x2A,
    0x21, 0x0F, 0x00, 0x2A, 0x21, 0x0F, 0x00, 0x0D, 0x21, 0x0F, 0x08, 0x2A, 0x21, 0x0F, 0x08, 0x2A,
    0x21, 0x0F, 0x00, 0x2B, 0x21, 0x0F, 0x08, 0x2A, 0x21, 0x0F, 0x00, 0x0D, 0x21, 0x0F, 0x00, 0x0E,
    0x21, 0x0F, 0x00, 0x2B, 0x21, 0x0F, 0x00, 0x0C, 0x21, 0x0F, 0x00, 0x2B, 0x21, 0x0F, 0x00, 0x2A,
    0x21, 0x0F, 0x00, 0x0D, 0x21, 0x0F, 0x00, 0x0E, 0x21, 0x0F, 0x00, 0x0D, 0x21, 0x0F, 0x00, 0x2B,
    0x21, 0x0F, 0x08, 0x2A, 0x21, 0x0F, 0x00, 0x0D, 0x21, 0x0F, 0x00, 0x0D, 0x21, 0x0F, 0x08, 0x2A,
    0x21, 0x0F, 0x00, 0x0C, 0x21, 0x0F, 0x00, 0x0E, 0x21, 0x0F, 0x00, 0x0C, 0x21, 0x0F, 0x00, 0x0D,
    0x21, 0x0F, 0x00, 0x0C, 0x21, 0x0F, 0x00, 0x2B, 0x21, 0x0F, 0x08, 0x2A, 0x21, 0x0F, 0x08, 0x2A,
    0x21, 0x0F, 0x08, 0x2A, 0x21, 0x0F, 0x00, 0x0C, 0x21, 0x0F, 0x00, 0x0D, 0x21, 0x0F, 0x00, 0x0C,
    0x21, 0x0F, 0x00, 0x0D, 0x21, 0x0F, 0x00, 0x0C, 0x21, 0x0F, 0x08, 0x2A, 0x21, 0x0F, 0x00, 0x2A,
    0x21, 0x0F, 0x00, 0x0D, 0x21, 0x0F, 0x08, 0x2A, 0x21, 0x0F, 0x08, 0x2A, 0x21, 0x0F, 0x00, 0x2B,
    0x21, 0x0F, 0x08, 0x2A, 0x21, 0x0F, 0x00, 0x0D, 0x21, 0x0F, 0x00, 0x0E, 0x21, 0x0F, 0x00, 0x2B,
    0x21, 0x0F, 0x00, 0x0C, 0x21, 0x0F, 0x00, 0x2B, 0x21, 0x0F, 0x00, 0x2A, 0x21, 0x0F, 0x00, 0x0D,
    0x21, 0x0F, 0x00, 0x0E, 0x21, 0x0F, 0x00, 0x0D, 0x21, 0x0F, 0x00, 0x2B, 0x21, 0x0F, 0x08, 0x2A,
    0x21, 0x0F, 0x00, 0x0D, 0x21, 0x0F, 0x00, 0x0D, 0x21, 0x0F, 0x08, 0x2A, 0x21, 0x0F, 0x00, 0x0C,
    0x21, 0x0F, 0x00, 0x0E, 0x21, 0x0F, 0x00, 0x0C, 0x21, 0x0F, 0x00, 0x0D, 0x21, 0x0F, 0x00, 0x0C,
    0x21, 0x2F, 0x00, 0x2B, 0x21, 0x2F, 0x08, 0x2A, 0x20, 0xED, 0x08, 0x2A, 0x00, 0x00, 0x08, 0x2A,
    0x00, 0x2B, 0x39, 0xB7, 0x00, 0x0C, 0x29, 0x31, 0x08, 0x2A, 0x21, 0x0F, 0x08, 0x2A, 0x21, 0x0F,
    0x00, 0x0C, 0x21, 0x0F, 0x00, 0x0E, 0x21, 0x0F, 0x00, 0x0F, 0x21, 0x0F, 0x00, 0x0B, 0x21, 0x0F,
    0x08, 0x2A, 0x29, 0x30, 0x63, 0x58, 0x4A, 0x56, 0x08, 0x2C, 0x21, 0x0F, 0x08, 0x2A, 0x21, 0x0F,
    0x00, 0x0D, 0x21, 0x0F, 0x00, 0x0D, 0x21, 0x0F, 0x00, 0x0C, 0x21, 0x0F, 0x00, 0x0D, 0x21, 0x0F,
    0x00, 0x0D, 0x21, 0x0F, 0x00, 0x2B, 0x21, 0x0F, 0x08, 0x2A, 0x21, 0x0F, 0x08, 0x2A, 0x21, 0x0F,
    0x00, 0x2B, 0x21, 0x0F, 0x00, 0x0D, 0x21, 0x2F, 0x39, 0xD5, 0x39, 0xF4, 0x08, 0x2C, 0x21, 0x0F,
    0x00, 0x0D, 0x21, 0x0F, 0x08, 0x2A, 0x21, 0x0F, 0x08, 0x2A, 0x21, 0x0F, 0x00, 0x0D, 0x21, 0x0F,
    0x00, 0x0D, 0x21, 0x0F, 0x08, 0x2A, 0x21, 0x0F, 0x08, 0x2A, 0x21, 0x0F, 0x00, 0x2B, 0x21, 0x0F,
    0x08, 0x2A, 0x21, 0x0F, 0x00, 0x0C, 0x21, 0x0F, 0x00, 0x0B, 0x21, 0x0F, 0x00, 0x2B, 0x21, 0x0F,
    0x00, 0x0C, 0x21, 0x0F, 0x08, 0x2A, 0x21, 0x0F, 0x08, 0x2A, 0x21, 0x0F, 0x00, 0x0C, 0x21, 0x0F,
    0x00, 0x0E, 0x21, 0x0F, 0x00, 0x0F, 0x21, 0x0F, 0x00, 0x0B, 0x21, 0x0F, 0x08, 0x2A, 0x21, 0x0F,
    0x00, 0x0E, 0x21, 0x0F, 0x00, 0x0B, 0x21, 0x0F, 0x08, 0x2A, 0x21, 0x0F, 0x00, 0x0D, 0x21, 0x0F,
    0x00, 0x0D, 0x21, 0x0F, 0x00, 0x0C, 0x21, 0x0F, 0x00, 0x0D, 0x21, 0x0F, 0x00, 0x0D, 0x21, 0x0F,
    0x00, 0x2B, 0x21, 0x0F, 0x08, 0x2A, 0x21, 0x0F, 0x08, 0x2A, 0x21, 0x0F, 0x00, 0x2B, 0x21, 0x0F,
    0x00, 0x0D, 0x21, 0x0F, 0x00, 0x0C, 0x21, 0x0F, 0x00, 0x0C, 0x29, 0x2F, 0x4A, 0x75, 0x62, 0xF6,
    0x08, 0x4B, 0x21, 0x0F, 0x08, 0x2A, 0x21, 0x0F, 0x00, 0x0D, 0x21, 0x0F, 0x00, 0x0D, 0x21, 0x0F,
    0x08, 0x2A, 0x21, 0x0F, 0x08, 0x2A, 0x21, 0x0F, 0x00, 0x2B, 0x21, 0x0F, 0x08, 0x2A, 0x21, 0x0F,
    0x00, 0x0C, 0x21, 0x0F, 0x00, 0x0B, 0x21, 0x0F, 0x00, 0x2B, 0x21, 0x0F, 0x00, 0x0C, 0x21, 0x0F,
    0x08, 0x2A, 0x21, 0x0F, 0x10, 0x6C, 0x73, 0x99, 0x41, 0xF5, 0x21, 0x0F, 0x00, 0x0E, 0x21, 0x0F,
    0x00, 0x0F, 0x21, 0x0F, 0x00, 0x0B, 0x29, 0x2F, 0x52, 0x95, 0x63, 0x17, 0x08, 0x2E, 0x21, 0x0F,
    0x00, 0x0B, 0x21, 0x0F, 0x08, 0x2A, 0x21, 0x0F, 0x00, 0x0D, 0x21, 0x0F, 0x00, 0x0D, 0x21, 0x0F,
    0x00, 0x0C, 0x21, 0x0F, 0x00, 0x0D, 0x21, 0x0F, 0x00, 0x0D, 0x21, 0x0F, 0x00, 0x2B, 0x21, 0x0F,
    0x08, 0x2A, 0x21, 0x0F, 0x08, 0x2A, 0x21, 0x0F, 0x00, 0x2B, 0x21, 0x0F, 0x00, 0x0D, 0x21, 0x0F,
    0x00, 0x0C, 0x21, 0x0F, 0x00, 0x0C, 0x21, 0x0F, 0x00, 0x0D, 0x21, 0x0F, 0x08, 0x2A, 0x21, 0x0F,
    0x08, 0x2A, 0x21, 0x0F, 0x00, 0x0D, 0x21, 0x0F, 0x00, 0x0D, 0x21, 0x0F, 0x08, 0x2A, 0x21, 0x0F,
    0x08, 0x2A, 0x21, 0x0F, 0x00, 0x2B, 0x21, 0x0F, 0x08, 0x2A, 0x21, 0x0F, 0x00, 0x0C, 0x21, 0x0F,
    0x00, 0x0B, 0x21, 0x0F, 0x00, 0x2B, 0x21, 0x0F, 0x00, 0x0C, 0x21, 0x0F, 0x08, 0x2A, 0x21, 0x0F,
    0x08, 0x2A, 0x21, 0x0F, 0x00, 0x0C, 0x21, 0x0F, 0x00, 0x0E, 0x21, 0x0F, 0x00, 0x0F, 0x21, 0x0F,
    0x00, 0x0B, 0x21, 0x0F, 0x08, 0x2A, 0x21, 0x0F, 0x00, 0x0E, 0x21, 0x0F, 0x00, 0x0B, 0x21, 0x0F,
    0x08, 0x2A, 0x21, 0x0F, 0x00, 0x0D, 0x21, 0x0F, 0x00, 0x0D, 0x21, 0x0F, 0x00, 0x0C, 0x21, 0x0F,
    0x00, 0x0D, 0x21, 0x0F, 0x00, 0x0D, 0x21, 0x0F, 0x00, 0x2B, 0x21, 0x0F, 0x08, 0x2A, 0x21, 0x0F,
    0x08, 0x2A, 0x21, 0x0F, 0x00, 0x2B, 0x21, 0x0F, 0x00, 0x0D, 0x21, 0x0F, 0x00, 0x0C, 0x21, 0x0F,
    0x00, 0x0C, 0x21, 0x0F, 0x00, 0x0D, 0x21, 0x0F, 0x08, 0x2A, 0x21, 0x0F, 0x08, 0x2A, 0x21, 0x0F,
    0x00, 0x0D, 0x21, 0x0F, 0x00, 0x0D, 0x21, 0x0F, 0x08, 0x2A, 0x21, 0x0F, 0x08, 0x2A, 0x21, 0x0F,
    0x00, 0x2B, 0x21, 0x0F, 0x08, 0x2A, 0x21, 0x0F, 0x00, 0x0C, 0x21, 0x0F, 0x00, 0x0B, 0x21, 0x0F,
    0x00, 0x2B, 0x21, 0x0F, 0x00, 0x0C, 0x21, 0x0F, 0x08, 0x2A, 0x21, 0x0F, 0x08, 0x2A, 0x21, 0x0F,
    0x00, 0x0C, 0x21, 0x0F, 0x00, 0x0E, 0x21, 0x0F, 0x00, 0x0F, 0x21, 0x0F, 0x00, 0x0B, 0x21, 0x0F,
    0x08, 0x2A, 0x21, 0x0F, 0x00, 0x0E, 0x21, 0x0F, 0x00, 0x0B, 0x21, 0x0F, 0x08, 0x2A, 0x21, 0x0F,
    0x00, 0x0D, 0x21, 0x0F, 0x00, 0x0D, 0x21, 0x0F, 0x00, 0x0C, 0x21, 0x0F, 0x00, 0x0D, 0x21, 0x0F,
    0x00, 0x0D, 0x21, 0x0F, 0x00, 0x2B, 0x31, 0x96, 0x08, 0x2A, 0x00, 0x00, 0x08, 0x2A, 0x00, 0x00,
    0x4A, 0x5F, 0x00, 0x2B, 0x31, 0x75, 0x00, 0x0B, 0x00, 0x00, 0x08, 0x2A, 0x21, 0x0F, 0x08, 0x2A,
    0x21, 0x0F, 0x00, 0x2B, 0x20, 0xEE, 0x00, 0x0D, 0x20, 0xEE, 0x00, 0x0E, 0x20, 0xEE, 0x08, 0x2A,
    0x20, 0xEE, 0x10, 0x8D, 0x8C, 0x9A, 0x5A, 0xD7, 0x21, 0x0F, 0x00, 0x2B, 0x20, 0xEE, 0x08, 0x2A,
    0x20, 0xEE, 0x00, 0x0C, 0x20, 0xEE, 0x00, 0x2B, 0x20, 0xEE, 0x00, 0x2B, 0x20, 0xEE, 0x00, 0x0C,
    0x20, 0xEE, 0x00, 0x0B, 0x20, 0xEE, 0x00, 0x2B, 0x20, 0xEE, 0x08, 0x2A, 0x20, 0xEE, 0x08, 0x2A,
    0x20, 0xEE, 0x00, 0x0D, 0x20, 0xEE, 0x10, 0x6E, 0x29, 0x74, 0x08, 0x6E, 0x20, 0xEF, 0x00, 0x0D,
    0x20, 0xEE, 0x00, 0x0C, 0x20, 0xEE, 0x08, 0x2A, 0x20, 0xEE, 0x00, 0x2B, 0x20, 0xEE, 0x00, 0x0F,
    0x20, 0xEE, 0x00, 0x0D, 0x20, 0xEE, 0x00, 0x2A, 0x20, 0xEE, 0x00, 0x0C, 0x20, 0xEE, 0x00, 0x2A,
    0x20, 0xEE, 0x08, 0x2A, 0x20, 0xEE, 0x08, 0x2A, 0x20, 0xEE, 0x08, 0x2A, 0x20, 0xEE, 0x00, 0x2B,
    0x20, 0xEE, 0x00, 0x0B, 0x20, 0xEE, 0x08, 0x2A, 0x20, 0xEE, 0x08, 0x2A, 0x20, 0xEE, 0x00, 0x2B,
    0x20, 0xEE, 0x00, 0x0D, 0x20, 0xEE, 0x00, 0x0E, 0x20, 0xEE, 0x08, 0x2A, 0x20, 0xEE, 0x00, 0x2A,
    0x20, 0xEE, 0x00, 0x0D, 0x20, 0xEE, 0x00, 0x2B, 0x20, 0xEE, 0x08, 0x2A, 0x20, 0xEE, 0x00, 0x0C,
    0x20, 0xEE, 0x00, 0x2B, 0x20, 0xEE, 0x00, 0x2B, 0x20, 0xEE, 0x00, 0x0C, 0x20, 0xEE, 0x00, 0x0B,
    0x20, 0xEE, 0x00, 0x2B, 0x20, 0xEE, 0x08, 0x2A, 0x20, 0xEE, 0x08, 0x2A, 0x20, 0xEE, 0x00, 0x0D,
    0x20, 0xEE, 0x00, 0x0D, 0x20, 0xEE, 0x00, 0x2B, 0x20, 0xEE, 0x10, 0x6E, 0x9C, 0xBC, 0x73, 0xB9,
    0x21, 0x0F, 0x08, 0x2A, 0x20, 0xEE, 0x00, 0x2B, 0x20, 0xEE, 0x00, 0x0F, 0x20, 0xEE, 0x00, 0x0D,
    0x20, 0xEE, 0x00, 0x2A, 0x20, 0xEE, 0x00, 0x0C, 0x20, 0xEE, 0x00, 0x2A, 0x20, 0xEE, 0x08, 0x2A,
    0x20, 0xEE, 0x08, 0x2A, 0x20, 0xEE, 0x08, 0x2A, 0x20, 0xEE, 0x00, 0x2B, 0x20, 0xEE, 0x00, 0x0B,
    0x20, 0xEE, 0x08, 0x2A, 0x29, 0x50, 0x84, 0x59, 0x63, 0x17, 0x08, 0x2B, 0x20, 0xEE, 0x00, 0x0D,
    0x20, 0xEE, 0x00, 0x0E, 0x20, 0xEE, 0x10, 0x8C, 0x9C, 0xDD, 0x7B, 0xD9, 0x29, 0x2F, 0x00, 0x0D,
    0x20, 0xEE, 0x00, 0x2B, 0x20, 0xEE, 0x08, 0x2A, 0x20, 0xEE, 0x00, 0x0C, 0x20, 0xEE, 0x00, 0x2B,
    0x20, 0xEE, 0x00, 0x2B, 0x20, 0xEE, 0x00, 0x0C, 0x20, 0xEE, 0x00, 0x0B, 0x20, 0xEE, 0x00, 0x2B,
    0x20, 0xEE, 0x08, 0x2A, 0x20, 0xEE, 0x08, 0x2A, 0x20, 0xEE, 0x00, 0x0D, 0x20, 0xEE, 0x00, 0x0D,
    0x20, 0xEE, 0x00, 0x2B, 0x20, 0xEE, 0x00, 0x0D, 0x20, 0xEE, 0x00, 0x0C, 0x20, 0xEE, 0x08, 0x2A,
    0x20, 0xEE, 0x00, 0x2B, 0x20, 0xEE, 0x00, 0x0F, 0x20, 0xEE, 0x00, 0x0D, 0x20, 0xEE, 0x00, 0x2A,
    0x20, 0xEE, 0x00, 0x0C, 0x20, 0xEE, 0x00, 0x2A, 0x20, 0xEE, 0x08, 0x2A, 0x20, 0xEE, 0x08, 0x2A,
    0x20, 0xEE, 0x08, 0x2A, 0x20, 0xEE, 0x00, 0x2B, 0x20, 0xEE, 0x00, 0x0B, 0x20, 0xEE, 0x08, 0x2A,
    0x20, 0xEE, 0x08, 0x2A, 0x20, 0xEE, 0x00, 0x2B, 0x20, 0xEE, 0x00, 0x0D, 0x20, 0xEE, 0x00, 0x0E,
    0x20, 0xEE, 0x08, 0x2A, 0x20, 0xEE, 0x00, 0x2A, 0x20, 0xEE, 0x00, 0x0D, 0x20, 0xEE, 0x00, 0x2B,
    0x20, 0xEE, 0x08, 0x2A, 0x20, 0xEE, 0x00, 0x0C, 0x20, 0xEE, 0x00, 0x2B, 0x20, 0xEE, 0x00, 0x2B,
    0x20, 0xEE, 0x00, 0x0C, 0x20, 0xEE, 0x00, 0x0B, 0x20, 0xEE, 0x00, 0x2B, 0x20, 0xEE, 0x08, 0x2A,
    0x20, 0xEE, 0x08, 0x2A, 0x20, 0xEE, 0x00, 0x0D, 0x20, 0xEE, 0x00, 0x0D, 0x20, 0xEE, 0x00, 0x2B,
    0x20, 0xEE, 0x00, 0x0D, 0x20, 0xEE, 0x00, 0x0C, 0x20, 0xEE, 0x08, 0x2A, 0x20, 0xEE, 0x00, 0x2B,
    0x20, 0xEE, 0x00, 0x0F, 0x20, 0xEE, 0x00, 0x0D, 0x20, 0xEE, 0x00, 0x2A, 0x20, 0xEE, 0x00, 0x0C,
    0x20, 0xEE, 0x00, 0x2A, 0x20, 0xEE, 0x08, 0x2A, 0x20, 0xEE, 0x08, 0x2A, 0x20, 0xEE, 0x08, 0x2A,
    0x20, 0xEE, 0x00, 0x2B, 0x20, 0xEE, 0x00, 0x0B, 0x20, 0xEE, 0x08, 0x2A, 0x20, 0xEE, 0x08, 0x2A,
    0x20, 0xEE, 0x00, 0x2B, 0x20, 0xEE, 0x00, 0x0D, 0x20, 0xEE, 0x00, 0x0E, 0x20, 0xEE, 0x08, 0x2A,
    0x20, 0xEE, 0x00, 0x2A, 0x20, 0xEE, 0x00, 0x0D, 0x20, 0xEE, 0x00, 0x2B, 0x20, 0xEE, 0x08, 0x2A,
    0x20, 0xEE, 0x00, 0x0C, 0x20, 0xEE, 0x00, 0x2B, 0x20, 0xEE, 0x00, 0x2B, 0x20, 0xEE, 0x00, 0x0C,
    0x21, 0x0F, 0x00, 0x0B, 0x21, 0x0F, 0x00, 0x2B, 0x18, 0xEC, 0x08, 0x2A, 0x00, 0x00, 0x08, 0x2A,
    0x08, 0x2A, 0x31, 0x96, 0x00, 0x0C, 0x29, 0x31, 0x00, 0x0C, 0x21, 0x0F, 0x00, 0x2A, 0x21, 0x0F,
    0x08, 0x2A, 0x21, 0x0F, 0x08, 0x2A, 0x20, 0xEE, 0x00, 0x0B, 0x20, 0xEE, 0x00, 0x0C, 0x20, 0xEE,
    0x08, 0x2A, 0x31, 0x71, 0x9C, 0xDC, 0x84, 0x39, 0x08, 0x2D, 0x20, 0xEE, 0x08, 0x2A, 0x20, 0xEE,
    0x00, 0x2B, 0x20, 0xEE, 0x00, 0x0D, 0x20, 0xEE, 0x00, 0x2B, 0x20, 0xEE, 0x08, 0x2A, 0x20, 0xEE,
    0x00, 0x2A, 0x20, 0xEE, 0x08, 0x2A, 0x20, 0xEE, 0x00, 0x0C, 0x20, 0xEE, 0x00, 0x2B, 0x20, 0xEE,
    0x00, 0x2B, 0x20, 0xEE, 0x00, 0x0D, 0x31, 0x71, 0x42, 0x15, 0x31, 0x92, 0x08, 0x2B, 0x20, 0xEE,
    0x00, 0x0C, 0x20, 0xEE, 0x00, 0x2B, 0x20, 0xEE, 0x00, 0x2B, 0x20, 0xEE, 0x00, 0x0D, 0x20, 0xEE,
    0x00, 0x0F, 0x20, 0xEE, 0x00, 0x0D, 0x20, 0xEE, 0x00, 0x0D, 0x20, 0xEE, 0x00, 0x0D, 0x20, 0xEE,
    0x00, 0x2B, 0x20, 0xEE, 0x08, 0x2A, 0x20, 0xEE, 0x08, 0x2A, 0x20, 0xEE, 0x08, 0x2A, 0x20, 0xEE,
    0x00, 0x0C, 0x20, 0xEE, 0x00, 0x0C, 0x20, 0xEE, 0x00, 0x2A, 0x20, 0xEE, 0x08, 0x2A, 0x20, 0xEE,
    0x08, 0x2A, 0x20, 0xEE, 0x00, 0x0B, 0x20, 0xEE, 0x00, 0x0C, 0x20, 0xEE, 0x08, 0x2A, 0x20, 0xEE,
    0x08, 0x2A, 0x20, 0xEE, 0x00, 0x0D, 0x20, 0xEE, 0x08, 0x2A, 0x20, 0xEE, 0x00, 0x2B, 0x20, 0xEE,
    0x00, 0x0D, 0x20, 0xEE, 0x00, 0x2B, 0x20, 0xEE, 0x08, 0x2A, 0x20, 0xEE, 0x00, 0x2A, 0x20, 0xEE,
    0x08, 0x2A, 0x20, 0xEE, 0x00, 0x0C, 0x20, 0xEE, 0x00, 0x2B, 0x20, 0xEE, 0x00, 0x2B, 0x20, 0xEE,
    0x00, 0x0D, 0x20, 0xEE, 0x00, 0x0C, 0x20, 0xEE, 0x00, 0x2B, 0x21, 0x0F, 0x29, 0x50, 0x41, 0xF3,
    0x08, 0x2B, 0x20, 0xEE, 0x00, 0x2B, 0x20, 0xEE, 0x00, 0x0D, 0x20, 0xEE, 0x00, 0x0F, 0x20, 0xEE,
    0x00, 0x0D, 0x20, 0xEE, 0x00, 0x0D, 0x20, 0xEE, 0x00, 0x0D, 0x20, 0xEE, 0x00, 0x2B, 0x20, 0xEE,
    0x08, 0x2A, 0x20, 0xEE, 0x08, 0x2A, 0x20, 0xEE, 0x08, 0x2A, 0x20, 0xEE, 0x00, 0x0C, 0x20, 0xEE,
    0x00, 0x0C, 0x20, 0xEE, 0x10, 0x6C, 0x42, 0x13, 0x21, 0x0E, 0x20, 0xEE, 0x08, 0x2A, 0x20, 0xEE,
    0x00, 0x0B, 0x20, 0xEE, 0x00, 0x0C, 0x29, 0x50, 0x9C, 0xDC, 0x84, 0x3A, 0x10, 0x6C, 0x20, 0xEE,
    0x00, 0x0D, 0x20, 0xEE, 0x08, 0x2A, 0x20, 0xEE, 0x00, 0x2B, 0x20, 0xEE, 0x00, 0x0D, 0x20, 0xEE,
    0x00, 0x2B, 0x20, 0xEE, 0x08, 0x2A, 0x20, 0xEE, 0x00, 0x2A, 0x20, 0xEE, 0x08, 0x2A, 0x20, 0xEE,
    0x00, 0x0C, 0x20, 0xEE, 0x00, 0x2B, 0x20, 0xEE, 0x00, 0x2B, 0x20, 0xEE, 0x00, 0x0D, 0x20, 0xEE,
    0x00, 0x0C, 0x20, 0xEE, 0x00, 0x2B, 0x20, 0xEE, 0x00, 0x0C, 0x20, 0xEE, 0x00, 0x2B, 0x20, 0xEE,
    0x00, 0x2B, 0x20, 0xEE, 0x00, 0x0D, 0x20, 0xEE, 0x00, 0x0F, 0x20, 0xEE, 0x00, 0x0D, 0x20, 0xEE,
    0x00, 0x0D, 0x20, 0xEE, 0x00, 0x0D, 0x20, 0xEE, 0x00, 0x2B, 0x20, 0xEE, 0x08, 0x2A, 0x20, 0xEE,
    0x08, 0x2A, 0x20, 0xEE, 0x08, 0x2A, 0x20, 0xEE, 0x00, 0x0C, 0x20, 0xEE, 0x00, 0x0C, 0x20, 0xEE,
    0x00, 0x2A, 0x20, 0xEE, 0x08, 0x2A, 0x20, 0xEE, 0x08, 0x2A, 0x20, 0xEE, 0x00, 0x0B, 0x20, 0xEE,
    0x00, 0x0C, 0x20, 0xEE, 0x08, 0x2A, 0x20, 0xEE, 0x08, 0x2A, 0x20, 0xEE, 0x00, 0x0D, 0x20, 0xEE,
    0x08, 0x2A, 0x20, 0xEE, 0x00, 0x2B, 0x20, 0xEE, 0x00, 0x0D, 0x20, 0xEE, 0x00, 0x2B, 0x20, 0xEE,
    0x08, 0x2A, 0x20, 0xEE, 0x00, 0x2A, 0x20, 0xEE, 0x08, 0x2A, 0x20, 0xEE, 0x00, 0x0C, 0x20, 0xEE,
    0x00, 0x2B, 0x20, 0xEE, 0x00, 0x2B, 0x20, 0xEE, 0x00, 0x0D, 0x20, 0xEE, 0x00, 0x0C, 0x20, 0xEE,
    0x00, 0x2B, 0x20, 0xEE, 0x00, 0x0C, 0x20, 0xEE, 0x00, 0x2B, 0x20, 0xEE, 0x00, 0x2B, 0x20, 0xEE,
    0x00, 0x0D, 0x20, 0xEE, 0x00, 0x0F, 0x20, 0xEE, 0x00, 0x0D, 0x20, 0xEE, 0x00, 0x0D, 0x20, 0xEE,
    0x00, 0x0D, 0x20, 0xEE, 0x00, 0x2B, 0x20, 0xEE, 0x08, 0x2A, 0x20, 0xEE, 0x08, 0x2A, 0x20, 0xEE,
    0x08, 0x2A, 0x20, 0xEE, 0x00, 0x0C, 0x20, 0xEE, 0x00, 0x0C, 0x20, 0xEE, 0x00, 0x2A, 0x20, 0xEE,
    0x08, 0x2A, 0x20, 0xEE, 0x08, 0x2A, 0x20, 0xEE, 0x00, 0x0B, 0x20, 0xEE, 0x00, 0x0C, 0x20, 0xEE,
    0x08, 0x2A, 0x20, 0xEE, 0x08, 0x2A, 0x20, 0xEE, 0x00, 0x0D, 0x20, 0xEE, 0x08, 0x2A, 0x20, 0xEE,
    0x00, 0x2B, 0x20, 0xEE, 0x00, 0x0D, 0x20, 0xEE, 0x00, 0x2B, 0x20, 0xEE, 0x08, 0x2A, 0x21, 0x0F,
    0x00, 0x2A, 0x21, 0x0F, 0x08, 0x2A, 0x31, 0x75, 0x00, 0x0C, 0x00, 0x00, 0x00, 0x2B, 0x00, 0x00,
    0x4A, 0x3F, 0x00, 0x2A, 0x31, 0x74, 0x00, 0x0C, 0x00, 0x00, 0x00, 0x0C, 0x21, 0x0F, 0x00, 0x0B,
    0x21, 0x0F, 0x08, 0x2B, 0x29, 0x30, 0x18, 0xAD, 0x39, 0xD1, 0x10, 0x6C, 0x21, 0x0F, 0x00, 0x0C,
    0x20, 0xEE, 0x20, 0xEF, 0xA5, 0x3C, 0x84, 0x19, 0x21, 0x0F, 0x00, 0x0B, 0x21, 0x0F, 0x18, 0xCE,
    0x41, 0xF2, 0x18, 0xAE, 0x21, 0x0F, 0x00, 0x2E, 0x20, 0xEE, 0x00, 0x2B, 0x20, 0xEE, 0x08, 0x6C,
    0x39, 0xD1, 0x18, 0xCD, 0x21, 0x0F, 0x00, 0x2B, 0x20, 0xEE, 0x00, 0x0D, 0x20, 0xEE, 0x00, 0x0B,
    0x20, 0xEE, 0x00, 0x0B, 0x20, 0xEE, 0x18, 0xCF, 0x5A, 0xF8, 0x39, 0xF3, 0x20, 0xEE, 0x00, 0x2B,
    0x29, 0x30, 0x18, 0xAE, 0x29, 0x2F, 0x08, 0x2B, 0x29, 0x51, 0x10, 0x6E, 0x21, 0x0F, 0x18, 0xCF,
    0x31, 0x70, 0x08, 0x4F, 0x20, 0xEE, 0x00, 0x0D, 0x20, 0xEE, 0x00, 0x2E, 0x21, 0x0F, 0x10, 0x90,
    0x39, 0xD1, 0x10, 0x6D, 0x20, 0xEE, 0x00, 0x2B, 0x21, 0x0F, 0x18, 0xCE, 0x29, 0x30, 0x00, 0x2A,
    0x20, 0xEE, 0x10, 0x6D, 0x29, 0x50, 0x08, 0x2D, 0x20, 0xEE, 0x08, 0x2C, 0x29, 0x50, 0x08, 0x4B,
    0x21, 0x0F, 0x18, 0xAD, 0x21, 0x0F, 0x10, 0xAD, 0x31, 0x91, 0x10, 0x8E, 0x20, 0xEE, 0x00, 0x2B,
    0x20, 0xEE, 0x00, 0x0B, 0x20, 0xEE, 0x00, 0x0B, 0x20, 0xEE, 0x08, 0x2A, 0x20, 0xEE, 0x08, 0x2D,
    0x29, 0x30, 0x10, 0xB0, 0x39, 0xD1, 0x10, 0x6C, 0x21, 0x0F, 0x00, 0x2B, 0x20, 0xEE, 0x08, 0x2A,
    0x21, 0x0F, 0x10, 0xAD, 0x39, 0xF2, 0x18, 0xCF, 0x29, 0x2F, 0x08, 0x2C, 0x20, 0xEE, 0x00, 0x0B,
    0x20, 0xEE, 0x00, 0x0C, 0x20, 0xEE, 0x00, 0x0B, 0x20, 0xEE, 0x08, 0x2B, 0x31, 0x70, 0x10, 0x8D,
    0x20, 0xEE, 0x00, 0x2B, 0x20, 0xEE, 0x08, 0x2C, 0x21, 0x0F, 0x21, 0x10, 0x31, 0x70, 0x08, 0x4F,
    0x20, 0xEE, 0x00, 0x2D, 0x21, 0x0F, 0x18, 0xB1, 0x21, 0x0F, 0x00, 0x0E, 0x20, 0xEE, 0x00, 0x0C,
    0x21, 0x0F, 0x18, 0xAE, 0x21, 0x0F, 0x08, 0x2B, 0x29, 0x50, 0x10, 0x6C, 0x20, 0xEE, 0x08, 0x4D,
    0x39, 0xB1, 0x18, 0xAF, 0x20, 0xEE, 0x18, 0xCE, 0x29, 0x50, 0x08, 0x2A, 0x20, 0xEE, 0x08, 0x4A,
    0x29, 0x50, 0x31, 0x71, 0x39, 0xF1, 0x20, 0xF0, 0xA5, 0x1C, 0x7B, 0xF8, 0x21, 0x0F, 0x00, 0x0B,
    0x20, 0xEE, 0x08, 0x4D, 0x39, 0xD1, 0x18, 0xCD, 0x21, 0x0F, 0x00, 0x0C, 0x20, 0xEE, 0x00, 0x0E,
    0x21, 0x0F, 0x10, 0xAE, 0x21, 0x0F, 0x08, 0x4C, 0x29, 0x50, 0x20, 0xED, 0x20, 0xEE, 0x00, 0x2B,
    0x20, 0xEE, 0x00, 0x0D, 0x20, 0xEE, 0x00, 0x0B, 0x20, 0xEE, 0x00, 0x0B, 0x20, 0xEE, 0x00, 0x0C,
    0x20, 0xEE, 0x00, 0x0B, 0x20, 0xEE, 0x00, 0x2B, 0x20, 0xEE, 0x00, 0x0C, 0x20, 0xEE, 0x00, 0x2B,
    0x20, 0xEE, 0x00, 0x0C, 0x20, 0xEE, 0x00, 0x0D, 0x20, 0xEE, 0x00, 0x0E, 0x20, 0xEE, 0x00, 0x0D,
    0x20, 0xEE, 0x00, 0x0E, 0x20, 0xEE, 0x00, 0x0E, 0x20, 0xEE, 0x00, 0x0C, 0x20, 0xEE, 0x00, 0x2B,
    0x20, 0xEE, 0x00, 0x2B, 0x20, 0xEE, 0x00, 0x2A, 0x20, 0xEE, 0x00, 0x0C, 0x20, 0xEE, 0x00, 0x0C,
    0x20, 0xEE, 0x00, 0x0B, 0x20, 0xEE, 0x08, 0x2A, 0x20, 0xEE, 0x08, 0x2A, 0x20, 0xEE, 0x00, 0x2B,
    0x20, 0xEE, 0x00, 0x0C, 0x20, 0xEE, 0x00, 0x2B, 0x20, 0xEE, 0x00, 0x0B, 0x20, 0xEE, 0x00, 0x0B,
    0x20, 0xEE, 0x08, 0x2A, 0x20, 0xEE, 0x00, 0x0C, 0x20, 0xEE, 0x00, 0x0D, 0x20, 0xEE, 0x00, 0x2B,
    0x20, 0xEE, 0x00, 0x2B, 0x20, 0xEE, 0x08, 0x2A, 0x20, 0xEE, 0x00, 0x2B, 0x20, 0xEE, 0x00, 0x0D,
    0x20, 0xEE, 0x00, 0x0B, 0x20, 0xEE, 0x00, 0x0B, 0x20, 0xEE, 0x00, 0x0C, 0x20, 0xEE, 0x00, 0x0B,
    0x20, 0xEE, 0x00, 0x2B, 0x20, 0xEE, 0x00, 0x0C, 0x20, 0xEE, 0x00, 0x2B, 0x20, 0xEE, 0x00, 0x0C,
    0x20, 0xEE, 0x00, 0x0D, 0x20, 0xEE, 0x00, 0x0E, 0x20, 0xEE, 0x00, 0x0D, 0x20, 0xEE, 0x00, 0x0E,
    0x20, 0xEE, 0x00, 0x0E, 0x20, 0xEE, 0x00, 0x0C, 0x20, 0xEE, 0x00, 0x2B, 0x20, 0xEE, 0x00, 0x2B,
    0x20, 0xEE, 0x00, 0x2A, 0x20, 0xEE, 0x00, 0x0C, 0x20, 0xEE, 0x00, 0x0C, 0x20, 0xEE, 0x00, 0x0B,
    0x20, 0xEE, 0x08, 0x2A, 0x20, 0xEE, 0x08, 0x2A, 0x20, 0xEE, 0x00, 0x2B, 0x20, 0xEE, 0x00, 0x0C,
    0x20, 0xEE, 0x00, 0x2B, 0x20, 0xEE, 0x00, 0x0B, 0x20, 0xEE, 0x00, 0x0B, 0x20, 0xEE, 0x08, 0x2A,
    0x20, 0xEE, 0x00, 0x0C, 0x20, 0xEE, 0x00, 0x0D, 0x20, 0xEE, 0x00, 0x2B, 0x20, 0xEE, 0x00, 0x2B,
    0x21, 0x0F, 0x08, 0x2A, 0x21, 0x0F, 0x00, 0x2B, 0x18, 0xCC, 0x00, 0x0D, 0x00, 0x00, 0x00, 0x0B,
    0x00, 0x2B, 0x31, 0x76, 0x00, 0x2B, 0x21, 0x10, 0x00, 0x0B, 0x20, 0xEE, 0x00, 0x0D, 0x20, 0xEE,
    0x08, 0x2D, 0x31, 0x92, 0x29, 0x71, 0x39, 0xD3, 0xAD, 0x7D, 0x9C, 0xFC, 0x5A, 0xB6, 0x20, 0xEE,
    0x00, 0x0E, 0x31, 0x70, 0xA5, 0x1C, 0x8C, 0x5A, 0x08, 0x2C, 0x29, 0x2F, 0x31, 0x72, 0x31, 0xB3,
    0xB5, 0x9E, 0xAD, 0x5D, 0x84, 0x19, 0x39, 0xF2, 0x00, 0x0D, 0x21, 0x0F, 0x18, 0xD0, 0x31, 0xB3,
    0xAD, 0x5D, 0xAD, 0x5D, 0x84, 0x19, 0x4A, 0x53, 0x08, 0x2C, 0x20, 0xEE, 0x00, 0x0D, 0x20, 0xEE,
    0x00, 0x0B, 0x20, 0xEE, 0x08, 0x2A, 0x29, 0x50, 0x6B, 0x58, 0x52, 0xB5, 0x08, 0x2B, 0x31, 0x90,
    0x7B, 0xD7, 0x9C, 0xDA, 0x42, 0x12, 0x29, 0x30, 0x39, 0xD4, 0x29, 0x71, 0x21, 0x30, 0xA5, 0x1C,
    0xAD, 0x5D, 0x84, 0x3A, 0x29, 0x30, 0x20, 0xEE, 0x08, 0x2C, 0x31, 0x91, 0x29, 0x52, 0x31, 0xD3,
    0xAD, 0x5D, 0x94, 0xBB, 0x52, 0x75, 0x21, 0x0F, 0x21, 0x10, 0x42, 0x15, 0x21, 0x0F, 0x20, 0xEE,
    0x10, 0x6C, 0x94, 0xBB, 0x8C, 0x5B, 0x39, 0xB1, 0x00, 0x2D, 0x52, 0x95, 0x94, 0x9C, 0x52, 0xB5,
    0x31, 0x92, 0x42, 0x15, 0x18, 0xEE, 0x94, 0xBB, 0xAD, 0x5D, 0x9C, 0xFC, 0x52, 0x96, 0x20, 0xEE,
    0x00, 0x0D, 0x20, 0xEE, 0x00, 0x0C, 0x20, 0xEE, 0x00, 0x2B, 0x20, 0xEE, 0x08, 0x2B, 0x31, 0x92,
    0x29, 0x52, 0x39, 0xD3, 0xAD, 0x7D, 0x9C, 0xFC, 0x5A, 0xB6, 0x20, 0xEE, 0x00, 0x0C, 0x21, 0x0F,
    0x31, 0x72, 0x31, 0xB3, 0xB5, 0x9E, 0xAD, 0x7D, 0x8C, 0x7B, 0x52, 0x74, 0x00, 0x0B, 0x20, 0xEE,
    0x08, 0x2A, 0x20, 0xEE, 0x08, 0x2A, 0x20, 0xEE, 0x00, 0x2B, 0x29, 0x4F, 0x8C, 0x59, 0x73, 0xB7,
    0x08, 0x4C, 0x20, 0xEE, 0x08, 0x4E, 0x29, 0x51, 0x31, 0x92, 0xAD, 0x7D, 0xAD, 0x5D, 0x84, 0x3A,
    0x29, 0x30, 0x21, 0x0F, 0x21, 0x32, 0x29, 0x73, 0x08, 0x4F, 0x20, 0xEE, 0x00, 0x0D, 0x20, 0xEE,
    0x5A, 0xD7, 0x9C, 0xDC, 0x41, 0xF3, 0x29, 0x30, 0x39, 0xD4, 0x29, 0x71, 0x4A, 0x53, 0x94, 0xBB,
    0xAD, 0x5D, 0x63, 0x16, 0x18, 0xD0, 0x94, 0x9A, 0x73, 0x98, 0x20, 0xEE, 0x08, 0x4B, 0x4A, 0x54,
    0x6B, 0x78, 0x9C, 0xFA, 0xB5, 0xBC, 0x94, 0xBA, 0xB5, 0xBD, 0x84, 0x3A, 0x08, 0x4E, 0x21, 0x0E,
    0x10, 0xAE, 0x31, 0xB3, 0xAD, 0x5D, 0xAD, 0x5D, 0x84, 0x19, 0x39, 0xD2, 0x00, 0x2D, 0x21, 0x0F,
    0x31, 0x93, 0x42, 0x15, 0x18, 0xCF, 0x8C, 0x59, 0xA5, 0x5D, 0x84, 0x19, 0x08, 0x4B, 0x20, 0xEE,
    0x00, 0x0C, 0x20, 0xEE, 0x00, 0x0D, 0x20, 0xEE, 0x00, 0x0B, 0x20, 0xEE, 0x08, 0x2A, 0x20, 0xEE,
    0x08, 0x2A, 0x20, 0xEE, 0x00, 0x2B, 0x20, 0xEE, 0x00, 0x2B, 0x20, 0xEE, 0x00, 0x2B, 0x20, 0xEE,
    0x00, 0x0C, 0x20, 0xEE, 0x08, 0x2A, 0x20, 0xEE, 0x00, 0x2B, 0x20, 0xEE, 0x00, 0x0C, 0x20, 0xEE,
    0x00, 0x0C, 0x20, 0xEE, 0x00, 0x0E, 0x20, 0xEE, 0x00, 0x0D, 0x20, 0xEE, 0x00, 0x0D, 0x20, 0xEE,
    0x00, 0x0C, 0x20, 0xEE, 0x00, 0x2B, 0x20, 0xEE, 0x00, 0x2B, 0x20, 0xEE, 0x00, 0x0B, 0x20, 0xEE,
    0x00, 0x0D, 0x20, 0xEE, 0x00, 0x0D, 0x20, 0xEE, 0x08, 0x2A, 0x20, 0xEE, 0x08, 0x2A, 0x20, 0xEE,
    0x00, 0x0C, 0x20, 0xEE, 0x00, 0x0E, 0x20, 0xEE, 0x00, 0x0D, 0x20, 0xEE, 0x00, 0x0C, 0x20, 0xEE,
    0x00, 0x2B, 0x20, 0xEE, 0x08, 0x2A, 0x20, 0xEE, 0x00, 0x0D, 0x20, 0xEE, 0x00, 0x0D, 0x20, 0xEE,
    0x00, 0x0C, 0x20, 0xEE, 0x00, 0x0C, 0x20, 0xEE, 0x00, 0x2A, 0x20, 0xEE, 0x00, 0x0C, 0x20, 0xEE,
    0x00, 0x0D, 0x20, 0xEE, 0x00, 0x0B, 0x20, 0xEE, 0x08, 0x2A, 0x20, 0xEE, 0x08, 0x2A, 0x20, 0xEE,
    0x00, 0x2B, 0x20, 0xEE, 0x00, 0x2B, 0x20, 0xEE, 0x00, 0x2B, 0x20, 0xEE, 0x00, 0x0C, 0x20, 0xEE,
    0x08, 0x2A, 0x20, 0xEE, 0x00, 0x2B, 0x20, 0xEE, 0x00, 0x0C, 0x20, 0xEE, 0x00, 0x0C, 0x20, 0xEE,
    0x00, 0x0E, 0x20, 0xEE, 0x00, 0x0D, 0x20, 0xEE, 0x00, 0x0D, 0x20, 0xEE, 0x00, 0x0C, 0x20, 0xEE,
    0x00, 0x2B, 0x20, 0xEE, 0x00, 0x2B, 0x20, 0xEE, 0x00, 0x0B, 0x20, 0xEE, 0x00, 0x0D, 0x20, 0xEE,
    0x00, 0x0D, 0x20, 0xEE, 0x08, 0x2A, 0x20, 0xEE, 0x08, 0x2A, 0x20, 0xEE, 0x00, 0x0C, 0x20, 0xEE,
    0x00, 0x0E, 0x20, 0xEE, 0x00, 0x0D, 0x20, 0xEE, 0x00, 0x0C, 0x20, 0xEE, 0x00, 0x2B, 0x20, 0xEE,
    0x08, 0x2A, 0x20, 0xEE, 0x00, 0x0D, 0x20, 0xEE, 0x00, 0x0D, 0x20, 0xEE, 0x00, 0x0C, 0x20, 0xEE,
    0x00, 0x0C, 0x20, 0xEE, 0x00, 0x2A, 0x31, 0x75, 0x00, 0x0C, 0x00, 0x00, 0x00, 0x0D, 0x00, 0x00,
    0x42, 0x1F, 0x00, 0x2B, 0x29, 0x54, 0x08, 0x2A, 0x00, 0x00, 0x00, 0x2B, 0x20, 0xEE, 0x00, 0x0E,
    0x31, 0xB2, 0x52, 0x96, 0x5A, 0xF6, 0x31, 0x90, 0x5A, 0xB4, 0xAD, 0x5C, 0xA5, 0x5D, 0x31, 0x72,
    0x18, 0xCE, 0x18, 0xD0, 0xA5, 0x3C, 0x84, 0x39, 0x20, 0xEE, 0x41, 0xF4, 0x6B, 0x78, 0x63, 0x15,
    0x5A, 0xD4, 0x5A, 0xD4, 0xB5, 0x9D, 0x73, 0x78, 0x21, 0x0F, 0x29, 0x72, 0x63, 0x37, 0x6B, 0x57,
    0x52, 0x73, 0x5A, 0xD5, 0xA5, 0x5E, 0x9C, 0xFC, 0x41, 0xF3, 0x00, 0x2B, 0x18, 0xCE, 0x00, 0x0B,
    0x18, 0xCE, 0x00, 0x2B, 0x18, 0xCE, 0x18, 0xCD, 0x7B, 0xD9, 0x4A, 0x52, 0x39, 0xB0, 0x94, 0xBB,
    0xA5, 0x5C, 0x42, 0x11, 0x20, 0xEE, 0x18, 0xD0, 0x5A, 0xD7, 0x63, 0x37, 0x6B, 0x56, 0x42, 0x11,
    0x6B, 0x56, 0x9C, 0xFD, 0x8C, 0x5A, 0x10, 0x8D, 0x31, 0xB2, 0x52, 0xB6, 0x63, 0x37, 0x42, 0x12,
    0x52, 0x73, 0x94, 0xBA, 0xAD, 0x7E, 0x41, 0xF2, 0x31, 0x92, 0x52, 0x96, 0x4A, 0x75, 0x08, 0x4C,
    0x42, 0x12, 0xC6, 0x3D, 0xB5, 0xBE, 0x4A, 0x74, 0x29, 0x30, 0x6B, 0x59, 0x9C, 0xFE, 0x31, 0x93,
    0x5A, 0xD7, 0x6B, 0x58, 0x73, 0xD8, 0x4A, 0x72, 0x52, 0x94, 0x8C, 0x7A, 0x9C, 0xFD, 0x21, 0x11,
    0x18, 0xCE, 0x00, 0x0E, 0x18, 0xCE, 0x00, 0x0C, 0x18, 0xCE, 0x00, 0x2A, 0x31, 0x91, 0x52, 0x95,
    0x5A, 0xF6, 0x31, 0x91, 0x5A, 0xB4, 0xAD, 0x5C, 0xA5, 0x5D, 0x31, 0x71, 0x20, 0xEE, 0x39, 0xD4,
    0x6B, 0x58, 0x6B, 0x56, 0x62, 0xF4, 0x52, 0x93, 0xA5, 0x3C, 0x8C, 0x3B, 0x29, 0x2F, 0x00, 0x2B,
    0x18, 0xCE, 0x08, 0x2A, 0x18, 0xCE, 0x00, 0x2A, 0x18, 0xCE, 0x20, 0xEE, 0xA5, 0x1C, 0x84, 0x18,
    0x21, 0x0F, 0x08, 0x2D, 0x42, 0x14, 0x63, 0x37, 0x6B, 0x56, 0x42, 0x11, 0x6B, 0x76, 0xAD, 0x7E,
    0x94, 0x9B, 0x20, 0xEF, 0x39, 0xB3, 0x42, 0x15, 0x31, 0x92, 0x08, 0x2C, 0x18, 0xCE, 0x21, 0x0F,
    0x9C, 0xFD, 0x94, 0x9B, 0x31, 0xB1, 0x18, 0xCF, 0x63, 0x37, 0x73, 0xB7, 0xBD, 0xFC, 0x73, 0x76,
    0x63, 0x15, 0x31, 0x91, 0x31, 0x71, 0xA5, 0x1C, 0x8C, 0x79, 0x08, 0x2D, 0x39, 0xD2, 0x7B, 0xF9,
    0x8C, 0x99, 0x42, 0x12, 0x6B, 0x77, 0xAD, 0x7D, 0xC6, 0x5E, 0x84, 0x1A, 0x20, 0xEE, 0x21, 0x32,
    0x63, 0x16, 0x6B, 0x56, 0x52, 0x73, 0x52, 0x73, 0xA5, 0x5E, 0x84, 0x39, 0x31, 0x70, 0x08, 0x4D,
    0x5A, 0xD7, 0x6B, 0x58, 0x7C, 0x18, 0x9C, 0xFA, 0x6B, 0x36, 0x39, 0xD2, 0x20, 0xEE, 0x00, 0x2B,
    0x18, 0xCE, 0x00, 0x2B, 0x18, 0xCE, 0x00, 0x0B, 0x18, 0xCE, 0x00, 0x2B, 0x18, 0xCE, 0x08, 0x2A,
    0x18, 0xCE, 0x00, 0x2A, 0x18, 0xCE, 0x08, 0x2A, 0x18, 0xCE, 0x08, 0x2A, 0x18, 0xCE, 0x00, 0x0C,
    0x18, 0xCE, 0x00, 0x0D, 0x18, 0xCE, 0x00, 0x2B, 0x18, 0xCE, 0x08, 0x2A, 0x18, 0xCE, 0x00, 0x2B,
    0x18, 0xCE, 0x00, 0x2B, 0x18, 0xCE, 0x00, 0x0C, 0x18, 0xCE, 0x00, 0x2B, 0x18, 0xCE, 0x00, 0x0C,
    0x18, 0xCE, 0x00, 0x0B, 0x18, 0xCE, 0x00, 0x2B, 0x18, 0xCE, 0x08, 0x2A, 0x18, 0xCE, 0x00, 0x2B,
    0x18, 0xCE, 0x00, 0x0E, 0x18, 0xCE, 0x00, 0x0D, 0x18, 0xCE, 0x00, 0x2B, 0x18, 0xCE, 0x00, 0x2B,
    0x18, 0xCE, 0x00, 0x0E, 0x18, 0xCE, 0x00, 0x0E, 0x18, 0xCE, 0x00, 0x0E, 0x18, 0xCE, 0x00, 0x0C,
    0x18, 0xCE, 0x00, 0x2A, 0x18, 0xCE, 0x08, 0x2A, 0x18, 0xCE, 0x00, 0x0C, 0x18, 0xCE, 0x00, 0x0D,
    0x18, 0xCE, 0x00, 0x0D, 0x18, 0xCE, 0x00, 0x0C, 0x18, 0xCE, 0x00, 0x2B, 0x18, 0xCE, 0x00, 0x2B,
    0x18, 0xCE, 0x00, 0x0B, 0x18, 0xCE, 0x00, 0x2B, 0x18, 0xCE, 0x08, 0x2A, 0x18, 0xCE, 0x00, 0x2A,
    0x18, 0xCE, 0x08, 0x2A, 0x18, 0xCE, 0x08, 0x2A, 0x18, 0xCE, 0x00, 0x0C, 0x18, 0xCE, 0x00, 0x0D,
    0x18, 0xCE, 0x00, 0x2B, 0x18, 0xCE, 0x08, 0x2A, 0x18, 0xCE, 0x00, 0x2B, 0x18, 0xCE, 0x00, 0x2B,
    0x18, 0xCE, 0x00, 0x0C, 0x18, 0xCE, 0x00, 0x2B, 0x18, 0xCE, 0x00, 0x0C, 0x18, 0xCE, 0x00, 0x0B,
    0x18, 0xCE, 0x00, 0x2B, 0x18, 0xCE, 0x08, 0x2A, 0x18, 0xCE, 0x00, 0x2B, 0x18, 0xCE, 0x00, 0x0E,
    0x18, 0xCE, 0x00, 0x0D, 0x18, 0xCE, 0x00, 0x2B, 0x18, 0xCE, 0x00, 0x2B, 0x18, 0xCE, 0x00, 0x0E,
    0x18, 0xCE, 0x00, 0x0E, 0x18, 0xCE, 0x00, 0x0E, 0x18, 0xCE, 0x00, 0x0C, 0x18, 0xCE, 0x00, 0x2A,
    0x18, 0xCE, 0x08, 0x2A, 0x18, 0xCE, 0x00, 0x0C, 0x18, 0xCE, 0x00, 0x0D, 0x18, 0xCE, 0x00, 0x0D,
    0x20, 0xEE, 0x00, 0x0C, 0x20, 0xEE, 0x00, 0x2B, 0x18, 0xCC, 0x00, 0x2B, 0x00, 0x00, 0x00, 0x0B,
    0x00, 0x0C, 0x31, 0x55, 0x00, 0x2B, 0x21, 0x10, 0x08, 0x2A, 0x20, 0xEE, 0x00, 0x2B, 0x20, 0xEE,
    0x18, 0xB0, 0x42, 0x13, 0x31, 0x93, 0x42, 0x13, 0x52, 0xB4, 0x94, 0xBB, 0xC6, 0x3E, 0x62, 0xF5,
    0x00, 0x2D, 0x29, 0x4F, 0xAD, 0x5B, 0x8C, 0x78, 0x08, 0x4F, 0x5A, 0xD7, 0x84, 0x3B, 0x6B, 0x37,
    0x31, 0x91, 0x29, 0x50, 0x39, 0xB1, 0x39, 0xF2, 0x18, 0xCE, 0x63, 0x17, 0x7B, 0xF9, 0x42, 0x33,
    0x08, 0x2C, 0x20, 0xEE, 0x6B, 0x56, 0xC6, 0x1E, 0x5A, 0xD5, 0x20, 0xEE, 0x08, 0x2A, 0x18, 0xCD,
    0x00, 0x2B, 0x18, 0xCD, 0x00, 0x0C, 0x29, 0x2F, 0x7C, 0x18, 0x7B, 0xD7, 0x9C, 0xF9, 0xC6, 0x3C,
    0x52, 0x95, 0x21, 0x0F, 0x08, 0x2A, 0x31, 0x71, 0x6B, 0x58, 0x73, 0xB8, 0x21, 0x10, 0x18, 0xCE,
    0x10, 0x6B, 0x8C, 0x59, 0xA5, 0x1B, 0x31, 0x91, 0x4A, 0x55, 0x73, 0xD9, 0x52, 0x94, 0x21, 0x0E,
    0x08, 0x2B, 0x42, 0x13, 0xAD, 0x7C, 0x84, 0x18, 0x18, 0xCF, 0x5A, 0xD7, 0x6B, 0x98, 0x41, 0xF3,
    0x63, 0x36, 0xAD, 0x7C, 0xAD, 0x5C, 0x84, 0x39, 0x21, 0x10, 0x94, 0xDB, 0x7B, 0xFA, 0x29, 0x30,
    0x5A, 0xF8, 0x84, 0x3A, 0x4A, 0x74, 0x20, 0xEE, 0x00, 0x0D, 0x4A, 0x74, 0xAD, 0x7D, 0x42, 0x12,
    0x00, 0x0D, 0x18, 0xCD, 0x00, 0x0E, 0x18, 0xCD, 0x00, 0x0D, 0x18, 0xCD, 0x10, 0xAD, 0x41, 0xF3,
    0x31, 0x91, 0x42, 0x13, 0x52, 0xB4, 0x94, 0xBB, 0xC6, 0x3E, 0x63, 0x15, 0x08, 0x2C, 0x52, 0x96,
    0x84, 0x5A, 0x73, 0xB8, 0x39, 0xD2, 0x29, 0x50, 0x31, 0x91, 0x41, 0xF2, 0x08, 0x4C, 0x18, 0xCD,
    0x00, 0x0C, 0x18, 0xCD, 0x00, 0x2B, 0x18, 0xCD, 0x00, 0x0C, 0x29, 0x2F, 0x9C, 0xFC, 0x84, 0x3B,
    0x08, 0x4B, 0x31, 0x70, 0x63, 0x58, 0x7B, 0xF9, 0x31, 0x72, 0x20, 0xEE, 0x10, 0x6B, 0x73, 0xB8,
    0xBE, 0x1E, 0x63, 0x16, 0x10, 0x8D, 0x5A, 0xD7, 0x63, 0x17, 0x39, 0xB2, 0x08, 0x4B, 0x6B, 0x77,
    0xBD, 0xDE, 0x5A, 0xD5, 0x08, 0x2B, 0x31, 0x71, 0x73, 0xB9, 0x9C, 0xFB, 0x5A, 0xD5, 0x21, 0x0F,
    0x08, 0x2A, 0x18, 0xCE, 0x10, 0xAD, 0xAD, 0x7B, 0x84, 0x38, 0x21, 0x0F, 0x42, 0x34, 0x94, 0xDA,
    0x5A, 0xD4, 0x18, 0xCE, 0x08, 0x2D, 0x73, 0xB9, 0xB5, 0xDE, 0x8C, 0x59, 0x10, 0x6E, 0x5A, 0xF7,
    0x84, 0x19, 0x6B, 0x78, 0x5A, 0xF5, 0x73, 0xB8, 0xBD, 0xDD, 0xBD, 0xFE, 0x41, 0xF2, 0x21, 0x0E,
    0x5A, 0xF8, 0x8C, 0x5A, 0x73, 0x97, 0x39, 0xB1, 0x08, 0x2C, 0x18, 0xCE, 0x00, 0x0C, 0x18, 0xCD,
    0x00, 0x2B, 0x18, 0xCD, 0x08, 0x2A, 0x18, 0xCD, 0x00, 0x2B, 0x18, 0xCD, 0x00, 0x0C, 0x18, 0xCD,
    0x00, 0x2B, 0x18, 0xCD, 0x00, 0x0C, 0x18, 0xCD, 0x08, 0x2A, 0x18, 0xCD, 0x08, 0x2A, 0x18, 0xCD,
    0x00, 0x0D, 0x18, 0xCD, 0x00, 0x0C, 0x18, 0xCD, 0x08, 0x2A, 0x18, 0xCD, 0x08, 0x2A, 0x18, 0xCD,
    0x00, 0x2B, 0x18, 0xCD, 0x00, 0x2B, 0x18, 0xCD, 0x00, 0x2A, 0x18, 0xCD, 0x08, 0x2A, 0x18, 0xCD,
    0x00, 0x2B, 0x18, 0xCD, 0x00, 0x0C, 0x18, 0xCD, 0x00, 0x2B, 0x18, 0xCD, 0x08, 0x2A, 0x18, 0xCD,
    0x00, 0x2B, 0x18, 0xCD, 0x00, 0x0D, 0x18, 0xCD, 0x00, 0x0D, 0x18, 0xCD, 0x00, 0x0B, 0x18, 0xCD,
    0x00, 0x0C, 0x18, 0xCD, 0x00, 0x0C, 0x18, 0xCD, 0x00, 0x0D, 0x18, 0xCD, 0x00, 0x0E, 0x18, 0xCD,
    0x00, 0x0D, 0x18, 0xCD, 0x00, 0x2B, 0x18, 0xCD, 0x08, 0x2A, 0x18, 0xCD, 0x00, 0x2B, 0x18, 0xCD,
    0x00, 0x0B, 0x18, 0xCD, 0x00, 0x0C, 0x18, 0xCD, 0x00, 0x0C, 0x18, 0xCD, 0x00, 0x2B, 0x18, 0xCD,
    0x08, 0x2A, 0x18, 0xCD, 0x00, 0x2B, 0x18, 0xCD, 0x00, 0x0C, 0x18, 0xCD, 0x00, 0x2B, 0x18, 0xCD,
    0x00, 0x0C, 0x18, 0xCD, 0x08, 0x2A, 0x18, 0xCD, 0x08, 0x2A, 0x18, 0xCD, 0x00, 0x0D, 0x18, 0xCD,
    0x00, 0x0C, 0x18, 0xCD, 0x08, 0x2A, 0x18, 0xCD, 0x08, 0x2A, 0x18, 0xCD, 0x00, 0x2B, 0x18, 0xCD,
    0x00, 0x2B, 0x18, 0xCD, 0x00, 0x2A, 0x18, 0xCD, 0x08, 0x2A, 0x18, 0xCD, 0x00, 0x2B, 0x18, 0xCD,
    0x00, 0x0C, 0x18, 0xCD, 0x00, 0x2B, 0x18, 0xCD, 0x08, 0x2A, 0x18, 0xCD, 0x00, 0x2B, 0x18, 0xCD,
    0x00, 0x0D, 0x18, 0xCD, 0x00, 0x0D, 0x18, 0xCD, 0x00, 0x0B, 0x18, 0xCD, 0x00, 0x0C, 0x18, 0xCD,
    0x00, 0x0C, 0x18, 0xCD, 0x00, 0x0D, 0x18, 0xCD, 0x00, 0x0E, 0x18, 0xCD, 0x00, 0x0D, 0x18, 0xCD,
    0x00, 0x2B, 0x18, 0xCD, 0x08, 0x2A, 0x18, 0xCD, 0x00, 0x2B, 0x18, 0xCD, 0x00, 0x0B, 0x20, 0xEE,
    0x00, 0x0C, 0x20, 0xEE, 0x00, 0x0C, 0x29, 0x54, 0x00, 0x2B, 0x00, 0x00, 0x08, 0x2A, 0x00, 0x00,
    0x41, 0xFE, 0x00, 0x0D, 0x29, 0x33, 0x00, 0x2B, 0x00, 0x00, 0x08, 0x2A, 0x18, 0xEE, 0x00, 0x2B,
    0x29, 0x2F, 0x42, 0x14, 0x7B, 0xD9, 0x9D, 0x1B, 0xAD, 0x7B, 0x94, 0xBA, 0xC6, 0x5E, 0x5A, 0xD5,
    0x18, 0xCE, 0x10, 0x8D, 0xAD, 0x9B, 0x84, 0x38, 0x18, 0xCE, 0x21, 0x11, 0x73, 0xB8, 0x94, 0xBB,
    0xAD, 0x5B, 0x8C, 0x99, 0x84, 0x18, 0x31, 0x8F, 0x29, 0x50, 0x73, 0xB8, 0x84, 0x5A, 0x10, 0xAC,
    0x18, 0xCD, 0x00, 0x2B, 0x42, 0x32, 0xB5, 0xDE, 0x84, 0x19, 0x10, 0x6C, 0x18, 0xCD, 0x08, 0x2A,
    0x18, 0xCD, 0x00, 0x0C, 0x18, 0xCD, 0x10, 0x6E, 0x8C, 0x78, 0xB5, 0xBC, 0xAD, 0x9B, 0xBD, 0xFC,
    0x7B, 0xF8, 0x10, 0x6C, 0x18, 0xCD, 0x18, 0xCD, 0x7B, 0xD9, 0x52, 0xB6, 0x18, 0xCE, 0x08, 0x2A,
    0x20, 0xEE, 0x84, 0x17, 0xA5, 0x1C, 0x20, 0xEF, 0x63, 0x17, 0x84, 0x3A, 0x42, 0x33, 0x00, 0x2B,
    0x18, 0xCD, 0x18, 0xAD, 0xAD, 0x7B, 0x9C, 0xDB, 0x29, 0x50, 0x42, 0x14, 0x84, 0x3A, 0x42, 0x33,
    0x94, 0x99, 0x7B, 0xD7, 0x7B, 0xF7, 0xA5, 0x5C, 0x52, 0x95, 0x9D, 0x1D, 0x5A, 0xB4, 0x08, 0x6E,
    0x6B, 0x57, 0x84, 0x3A, 0x31, 0x90, 0x00, 0x0B, 0x18, 0xCD, 0x31, 0x91, 0xB5, 0xBD, 0x31, 0xB1,
    0x18, 0xCD, 0x00, 0x0C, 0x18, 0xCD, 0x00, 0x0D, 0x18, 0xCD, 0x00, 0x0D, 0x21, 0x0F, 0x42, 0x13,
    0x7B, 0xD9, 0x9D, 0x1A, 0xAD, 0x7B, 0x94, 0xBA, 0xC6, 0x5E, 0x5A, 0xD5, 0x18, 0xCE, 0x20, 0xEE,
    0x73, 0xB8, 0x94, 0xBB, 0xAD, 0x7B, 0x94, 0xDA, 0x84, 0x18, 0x39, 0xB0, 0x18, 0xCE, 0x00, 0x0C,
    0x18, 0xCD, 0x00, 0x0C, 0x18, 0xCD, 0x00, 0x0C, 0x18, 0xCD, 0x10, 0xAE, 0xA5, 0x3C, 0x84, 0x18,
    0x20, 0xEE, 0x29, 0x50, 0x84, 0x3A, 0x73, 0x98, 0x20, 0xEE, 0x08, 0x2A, 0x18, 0xCD, 0x39, 0xD0,
    0xB5, 0xDE, 0x7B, 0xD8, 0x21, 0x0F, 0x39, 0xD3, 0x84, 0x3A, 0x4A, 0x52, 0x29, 0x70, 0x9C, 0xFA,
    0x9D, 0x1B, 0x18, 0xCD, 0x18, 0xCD, 0x18, 0xCF, 0x84, 0x3A, 0x73, 0xB8, 0x20, 0xEE, 0x00, 0x2B,
    0x18, 0xCD, 0x08, 0x2A, 0x29, 0x2F, 0xAD, 0x7B, 0x8C, 0x78, 0x08, 0x4D, 0x6B, 0x56, 0x9D, 0x1A,
    0x42, 0x11, 0x00, 0x0B, 0x18, 0xCD, 0x42, 0x13, 0xBD, 0xFD, 0x84, 0x18, 0x29, 0x70, 0x73, 0xB8,
    0x94, 0xBA, 0x7B, 0xF8, 0x8C, 0x79, 0x84, 0x39, 0x8C, 0x58, 0x84, 0x19, 0x4A, 0x53, 0x10, 0x6C,
    0x6B, 0x57, 0x8C, 0x5A, 0x39, 0xD2, 0x00, 0x2A, 0x18, 0xCD, 0x00, 0x2B, 0x18, 0xCD, 0x00, 0x2B,
    0x18, 0xCD, 0x00, 0x2B, 0x18, 0xCD, 0x08, 0x2A, 0x18, 0xCD, 0x00, 0x0C, 0x18, 0xCD, 0x00, 0x0C,
    0x18, 0xCD, 0x00, 0x0C, 0x18, 0xCD, 0x00, 0x0C, 0x18, 0xCD, 0x08, 0x2A, 0x18, 0xCD, 0x00, 0x2A,
    0x18, 0xCD, 0x00, 0x0D, 0x18, 0xCD, 0x08, 0x2A, 0x18, 0xCD, 0x08, 0x2A, 0x18, 0xCD, 0x00, 0x2B,
    0x18, 0xCD, 0x00, 0x0C, 0x18, 0xCD, 0x00, 0x2B, 0x18, 0xCD, 0x08, 0x2A, 0x18, 0xCD, 0x08, 0x2A,
    0x18, 0xCD, 0x00, 0x0C, 0x18, 0xCD, 0x00, 0x0D, 0x18, 0xCD, 0x00, 0x2B, 0x18, 0xCD, 0x08, 0x2A,
    0x18, 0xCD, 0x00, 0x2B, 0x18, 0xCD, 0x00, 0x0C, 0x18, 0xCD, 0x00, 0x0D, 0x18, 0xCD, 0x00, 0x0B,
    0x18, 0xCD, 0x00, 0x0C, 0x18, 0xCD, 0x00, 0x2B, 0x18, 0xCD, 0x00, 0x0C, 0x18, 0xCD, 0x00, 0x0D,
    0x18, 0xCD, 0x00, 0x0D, 0x18, 0xCD, 0x00, 0x2B, 0x18, 0xCD, 0x00, 0x2A, 0x18, 0xCD, 0x00, 0x0C,
    0x18, 0xCD, 0x00, 0x2A, 0x18, 0xCD, 0x00, 0x2B, 0x18, 0xCD, 0x00, 0x2B, 0x18, 0xCD, 0x00, 0x2B,
    0x18, 0xCD, 0x08, 0x2A, 0x18, 0xCD, 0x00, 0x0C, 0x18, 0xCD, 0x00, 0x0C, 0x18, 0xCD, 0x00, 0x0C,
    0x18, 0xCD, 0x00, 0x0C, 0x18, 0xCD, 0x08, 0x2A, 0x18, 0xCD, 0x00, 0x2A, 0x18, 0xCD, 0x00, 0x0D,
    0x18, 0xCD, 0x08, 0x2A, 0x18, 0xCD, 0x08, 0x2A, 0x18, 0xCD, 0x00, 0x2B, 0x18, 0xCD, 0x00, 0x0C,
    0x18, 0xCD, 0x00, 0x2B, 0x18, 0xCD, 0x08, 0x2A, 0x18, 0xCD, 0x08, 0x2A, 0x18, 0xCD, 0x00, 0x0C,
    0x18, 0xCD, 0x00, 0x0D, 0x18, 0xCD, 0x00, 0x2B, 0x18, 0xCD, 0x08, 0x2A, 0x18, 0xCD, 0x00, 0x2B,
    0x18, 0xCD, 0x00, 0x0C, 0x18, 0xCD, 0x00, 0x0D, 0x18, 0xCD, 0x00, 0x0B, 0x18, 0xCD, 0x00, 0x0C,
    0x18, 0xCD, 0x00, 0x2B, 0x18, 0xCD, 0x00, 0x0C, 0x18, 0xCD, 0x00, 0x0D, 0x18, 0xCD, 0x00, 0x0D,
    0x18, 0xCD, 0x00, 0x2B, 0x18, 0xCD, 0x00, 0x2A, 0x18, 0xCD, 0x00, 0x0C, 0x18, 0xCD, 0x00, 0x2A,
    0x18, 0xEE, 0x00, 0x2B, 0x18, 0xEE, 0x00, 0x2B, 0x18, 0xAC, 0x00, 0x2B, 0x00, 0x00, 0x08, 0x2A,
    0x00, 0x0D, 0x29, 0x55, 0x00, 0x0D, 0x20, 0xEF, 0x00, 0x2B, 0x18, 0xCE, 0x00, 0x2B, 0x20, 0xEE,
    0x42, 0x33, 0x8C, 0x9A, 0x73, 0xB7, 0x4A, 0x52, 0x29, 0x30, 0x52, 0x74, 0xBD, 0xFD, 0x63, 0x36,
    0x08, 0x2B, 0x29, 0x2F, 0xAD, 0x7B, 0x8C, 0x78, 0x08, 0x2C, 0x31, 0xB1, 0x39, 0xD3, 0x31, 0x70,
    0x29, 0x70, 0x73, 0x98, 0xB5, 0x9D, 0x9C, 0xFB, 0x29, 0x31, 0x7B, 0xF9, 0x94, 0x99, 0x29, 0x4F,
    0x08, 0x2A, 0x18, 0xCD, 0x39, 0xF1, 0xBD, 0xDE, 0x6B, 0x56, 0x18, 0xCE, 0x00, 0x2B, 0x18, 0xCD,
    0x08, 0x2A, 0x18, 0xCD, 0x00, 0x0C, 0x21, 0x0E, 0x8C, 0x79, 0x8C, 0x78, 0x29, 0x70, 0x73, 0x96,
    0xB5, 0xBD, 0x5A, 0xB4, 0x08, 0x2C, 0x29, 0x50, 0x84, 0x1A, 0x5A, 0xD4, 0x00, 0x0C, 0x18, 0xCD,
    0x08, 0x4B, 0x8C, 0x59, 0xA5, 0x1C, 0x29, 0x50, 0x5A, 0xD6, 0x94, 0xBB, 0x42, 0x12, 0x18, 0xCD,
    0x00, 0x0C, 0x39, 0xB1, 0xAD, 0x5B, 0x94, 0x9A, 0x10, 0x6C, 0x39, 0xB2, 0x8C, 0x79, 0x8C, 0x58,
    0xA5, 0x1C, 0x5A, 0xB5, 0x4A, 0x52, 0xB5, 0xDE, 0x8C, 0x59, 0xB5, 0x9D, 0x29, 0x2F, 0x20, 0xEE,
    0x6B, 0x58, 0x8C, 0x7B, 0x10, 0x8E, 0x18, 0xCD, 0x00, 0x2B, 0x4A, 0x33, 0xAD, 0x9D, 0x42, 0x33,
    0x00, 0x2B, 0x18, 0xCD, 0x00, 0x0B, 0x18, 0xCD, 0x00, 0x0C, 0x18, 0xCD, 0x42, 0x14, 0x8C, 0x9A,
    0x73, 0xB7, 0x4A, 0x52, 0x29, 0x30, 0x52, 0x94, 0xBD, 0xFD, 0x63, 0x36, 0x08, 0x2B, 0x31, 0xB1,
    0x39, 0xD2, 0x31, 0x90, 0x29, 0x70, 0x73, 0x98, 0xAD, 0x9D, 0xAD, 0x7C, 0x29, 0x4F, 0x18, 0xCD,
    0x00, 0x0C, 0x18, 0xCD, 0x00, 0x0C, 0x18, 0xCD, 0x00, 0x0C, 0x29, 0x4F, 0xA5, 0x3B, 0x8C, 0x59,
    0x08, 0x4C, 0x31, 0x91, 0x8C, 0x5A, 0x8C, 0x58, 0x10, 0x6D, 0x18, 0xCD, 0x08, 0x2B, 0x63, 0x35,
    0xBD, 0xFE, 0x73, 0x97, 0x08, 0x2C, 0x29, 0x2F, 0x7B, 0xD8, 0x94, 0xB9, 0x63, 0x37, 0xBD, 0xDE,
    0x63, 0x15, 0x18, 0xCE, 0x00, 0x2B, 0x29, 0x50, 0x8C, 0x7A, 0x63, 0x14, 0x00, 0x0D, 0x18, 0xCD,
    0x00, 0x2B, 0x18, 0xCD, 0x10, 0x8C, 0xAD, 0x9B, 0x84, 0x37, 0x18, 0xCE, 0x5A, 0xD4, 0xAD, 0x5B,
    0x42, 0x32, 0x18, 0xCD, 0x00, 0x2B, 0x63, 0x35, 0xC6, 0x3E, 0x8C, 0x59, 0x20, 0xEF, 0x7B, 0xF9,
    0x9C, 0xFA, 0x39, 0xB0, 0x10, 0xAF, 0x29, 0x2F, 0x31, 0x91, 0x6B, 0x37, 0x29, 0x50, 0x20, 0xEE,
    0x6B, 0x58, 0x8C, 0x7B, 0x10, 0x8E, 0x18, 0xCD, 0x08, 0x2A, 0x18, 0xCD, 0x08, 0x2B, 0x18, 0xCE,
    0x08, 0x2C, 0x18, 0xCD, 0x00, 0x2B, 0x18, 0xCD, 0x08, 0x2A, 0x18, 0xCD, 0x00, 0x0C, 0x18, 0xCD,
    0x00, 0x0C, 0x18, 0xCD, 0x00, 0x0C, 0x18, 0xCD, 0x00, 0x0C, 0x18, 0xCD, 0x00, 0x2B, 0x18, 0xCD,
    0x00, 0x2B, 0x18, 0xCD, 0x00, 0x0C, 0x18, 0xCD, 0x08, 0x2A, 0x18, 0xCD, 0x08, 0x2A, 0x18, 0xCD,
    0x00, 0x0C, 0x18, 0xCD, 0x00, 0x0C, 0x18, 0xCD, 0x00, 0x0C, 0x18, 0xCD, 0x08, 0x2A, 0x18, 0xCD,
    0x00, 0x2B, 0x18, 0xCD, 0x00, 0x0D, 0x18, 0xCD, 0x00, 0x0D, 0x18, 0xCD, 0x00, 0x2B, 0x18, 0xCD,
    0x00, 0x2B, 0x18, 0xCD, 0x00, 0x2B, 0x18, 0xCD, 0x00, 0x0C, 0x18, 0xCD, 0x00, 0x0C, 0x18, 0xCD,
    0x00, 0x2B, 0x18, 0xCD, 0x00, 0x0B, 0x18, 0xCD, 0x00, 0x2B, 0x18, 0xCD, 0x00, 0x0B, 0x18, 0xCD,
    0x00, 0x0C, 0x18, 0xCD, 0x00, 0x0C, 0x18, 0xCD, 0x00, 0x0C, 0x18, 0xCD, 0x00, 0x0C, 0x18, 0xCD,
    0x00, 0x0C, 0x18, 0xCD, 0x08, 0x2A, 0x18, 0xCD, 0x00, 0x2B, 0x18, 0xCD, 0x00, 0x0C, 0x18, 0xCD,
    0x00, 0x2B, 0x18, 0xCD, 0x08, 0x2A, 0x18, 0xCD, 0x00, 0x0C, 0x18, 0xCD, 0x00, 0x0C, 0x18, 0xCD,
    0x00, 0x0C, 0x18, 0xCD, 0x00, 0x0C, 0x18, 0xCD, 0x00, 0x2B, 0x18, 0xCD, 0x00, 0x2B, 0x18, 0xCD,
    0x00, 0x0C, 0x18, 0xCD, 0x08, 0x2A, 0x18, 0xCD, 0x08, 0x2A, 0x18, 0xCD, 0x00, 0x0C, 0x18, 0xCD,
    0x00, 0x0C, 0x18, 0xCD, 0x00, 0x0C, 0x18, 0xCD, 0x08, 0x2A, 0x18, 0xCD, 0x00, 0x2B, 0x18, 0xCD,
    0x00, 0x0D, 0x18, 0xCD, 0x00, 0x0D, 0x18, 0xCD, 0x00, 0x2B, 0x18, 0xCD, 0x00, 0x2B, 0x18, 0xCD,
    0x00, 0x2B, 0x18, 0xCD, 0x00, 0x0C, 0x18, 0xCD, 0x00, 0x0C, 0x18, 0xCD, 0x00, 0x2B, 0x18, 0xCD,
    0x00, 0x0B, 0x18, 0xCD, 0x00, 0x2B, 0x18, 0xCD, 0x00, 0x0B, 0x18, 0xCD, 0x00, 0x0C, 0x18, 0xCD,
    0x00, 0x0C, 0x18, 0xCD, 0x00, 0x0C, 0x18, 0xCD, 0x00, 0x0C, 0x18, 0xCD, 0x00, 0x0C, 0x18, 0xCE,
    0x08, 0x2A, 0x18, 0xCE, 0x00, 0x2B, 0x29, 0x34, 0x00, 0x0C, 0x00, 0x00, 0x00, 0x2B, 0x00, 0x00,
    0x39, 0xBD, 0x00, 0x0D, 0x29, 0x33, 0x00, 0x0C, 0x00, 0x00, 0x00, 0x2B, 0x18, 0xCD, 0x08, 0x4C,
    0x63, 0x36, 0xA5, 0x1B, 0x63, 0x14, 0x18, 0xCE, 0x52, 0x72, 0x94, 0x9B, 0xB5, 0xBE, 0x5A, 0xD4,
    0x18, 0xCD, 0x18, 0xCF, 0xA5, 0x3C, 0x84, 0x38, 0x20, 0xEE, 0x63, 0x15, 0xA5, 0x3B, 0x42, 0x32,
    0x29, 0x2F, 0x20, 0xEF, 0x9C, 0xDC, 0x9D, 0x1D, 0x39, 0xB1, 0x52, 0x95, 0xAD, 0x9B, 0x6B, 0x55,
    0x31, 0x90, 0x31, 0xB1, 0x8C, 0x7C, 0xBD, 0xFD, 0x4A, 0x52, 0x00, 0x0D, 0x18, 0xAD, 0x00, 0x2A,
    0x18, 0xAD, 0x08, 0x2A, 0x18, 0xAD, 0x18, 0xCF, 0x94, 0x9B, 0x52, 0xB4, 0x18, 0xCD, 0x18, 0xCF,
    0x94, 0xBB, 0x9C, 0xDD, 0x42, 0x33, 0x10, 0x8E, 0x8C, 0x79, 0x4A, 0x73, 0x18, 0xAD, 0x00, 0x0C,
    0x20, 0xEE, 0x84, 0x1B, 0xA5, 0x3C, 0x18, 0xAE, 0x39, 0xF1, 0x9C, 0xDA, 0x8C, 0x58, 0x31, 0x91,
    0x31, 0x6F, 0x73, 0x98, 0xAD, 0x9E, 0x63, 0x15, 0x18, 0xCD, 0x08, 0x4C, 0x7B, 0xD7, 0xAD, 0x9B,
    0xAD, 0x9B, 0x29, 0x51, 0x41, 0xF3, 0xAD, 0x7C, 0xC6, 0x3D, 0x8C, 0x79, 0x21, 0x0E, 0x08, 0x6C,
    0x73, 0x97, 0x94, 0xBA, 0x29, 0x2E, 0x00, 0x0B, 0x18, 0xAD, 0x41, 0xF3, 0x9C, 0xFE, 0x31, 0x91,
    0x18, 0xAD, 0x00, 0x2B, 0x18, 0xAD, 0x00, 0x2B, 0x18, 0xAD, 0x08, 0x4C, 0x63, 0x15, 0xA5, 0x1B,
    0x63, 0x14, 0x18, 0xCF, 0x52, 0x72, 0x94, 0x9B, 0xB5, 0xBE, 0x5A, 0xD5, 0x20, 0xEE, 0x4A, 0x73,
    0xA5, 0x3B, 0x52, 0x93, 0x29, 0x2F, 0x18, 0xCF, 0x94, 0xBB, 0xA5, 0x5E, 0x41, 0xF2, 0x08, 0x2A,
    0x18, 0xAD, 0x00, 0x0C, 0x18, 0xAD, 0x00, 0x0C, 0x18, 0xAD, 0x18, 0xAE, 0x9C, 0xFD, 0x84, 0x1B,
    0x20, 0xEE, 0x08, 0x4D, 0x73, 0x96, 0xAD, 0x5B, 0x63, 0x14, 0x20, 0xEE, 0x52, 0x74, 0x94, 0xBC,
    0xB5, 0xBD, 0x31, 0x90, 0x18, 0xAD, 0x08, 0x2C, 0x52, 0x93, 0xB5, 0xDC, 0xBD, 0xFC, 0xA5, 0x1C,
    0x41, 0xF3, 0x08, 0x2A, 0x18, 0xAD, 0x10, 0x8D, 0x94, 0xDA, 0x52, 0xB4, 0x18, 0xAD, 0x00, 0x0C,
    0x18, 0xAD, 0x00, 0x2B, 0x29, 0x70, 0xA5, 0x1C, 0x8C, 0x78, 0x08, 0x2B, 0x42, 0x12, 0x9C, 0xFB,
    0x94, 0x99, 0x31, 0x70, 0x39, 0xF1, 0x94, 0xDB, 0xC6, 0x1E, 0x84, 0x1A, 0x21, 0x0F, 0x52, 0x93,
    0xB5, 0x9C, 0x73, 0x95, 0x39, 0xB0, 0x31, 0xB2, 0x8C, 0x7C, 0xB5, 0xDD, 0x42, 0x12, 0x08, 0x4E,
    0x73, 0x97, 0x94, 0xBA, 0x29, 0x2E, 0x00, 0x0D, 0x18, 0xAD, 0x08, 0x2B, 0x29, 0x50, 0x62, 0xF7,
    0x63, 0x37, 0x29, 0x51, 0x18, 0xAD, 0x00, 0x2A, 0x18, 0xAD, 0x08, 0x2A, 0x18, 0xAD, 0x00, 0x0C,
    0x18, 0xAD, 0x00, 0x0C, 0x18, 0xAD, 0x00, 0x0C, 0x18, 0xAD, 0x00, 0x0C, 0x18, 0xAD, 0x00, 0x0C,
    0x18, 0xAD, 0x00, 0x0C, 0x18, 0xAD, 0x00, 0x0C, 0x18, 0xAD, 0x08, 0x2A, 0x18, 0xAD, 0x00, 0x0C,
    0x18, 0xAD, 0x00, 0x0C, 0x18, 0xAD, 0x00, 0x0D, 0x18, 0xAD, 0x00, 0x0C, 0x18, 0xAD, 0x08, 0x2A,
    0x18, 0xAD, 0x00, 0x0B, 0x18, 0xAD, 0x00, 0x0D, 0x18, 0xAD, 0x00, 0x0C, 0x18, 0xAD, 0x00, 0x2B,
    0x18, 0xAD, 0x00, 0x2B, 0x18, 0xAD, 0x00, 0x2B, 0x18, 0xAD, 0x00, 0x0C, 0x18, 0xAD, 0x00, 0x0B,
    0x18, 0xAD, 0x00, 0x2B, 0x18, 0xAD, 0x00, 0x0C, 0x18, 0xAD, 0x00, 0x2B, 0x18, 0xAD, 0x00, 0x2B,
    0x18, 0xAD, 0x00, 0x2B, 0x18, 0xAD, 0x00, 0x0C, 0x18, 0xAD, 0x00, 0x0C, 0x18, 0xAD, 0x00, 0x0E,
    0x18, 0xAD, 0x00, 0x0D, 0x18, 0xAD, 0x00, 0x2B, 0x18, 0xAD, 0x00, 0x0C, 0x18, 0xAD, 0x00, 0x0D,
    0x18, 0xAD, 0x00, 0x2A, 0x18, 0xAD, 0x08, 0x2A, 0x18, 0xAD, 0x00, 0x0C, 0x18, 0xAD, 0x00, 0x0C,
    0x18, 0xAD, 0x00, 0x0C, 0x18, 0xAD, 0x00, 0x0C, 0x18, 0xAD, 0x00, 0x0C, 0x18, 0xAD, 0x00, 0x0C,
    0x18, 0xAD, 0x00, 0x0C, 0x18, 0xAD, 0x08, 0x2A, 0x18, 0xAD, 0x00, 0x0C, 0x18, 0xAD, 0x00, 0x0C,
    0x18, 0xAD, 0x00, 0x0D, 0x18, 0xAD, 0x00, 0x0C, 0x18, 0xAD, 0x08, 0x2A, 0x18, 0xAD, 0x00, 0x0B,
    0x18, 0xAD, 0x00, 0x0D, 0x18, 0xAD, 0x00, 0x0C, 0x18, 0xAD, 0x00, 0x2B, 0x18, 0xAD, 0x00, 0x2B,
    0x18, 0xAD, 0x00, 0x2B, 0x18, 0xAD, 0x00, 0x0C, 0x18, 0xAD, 0x00, 0x0B, 0x18, 0xAD, 0x00, 0x2B,
    0x18, 0xAD, 0x00, 0x0C, 0x18, 0xAD, 0x00, 0x2B, 0x18, 0xAD, 0x00, 0x2B, 0x18, 0xAD, 0x00, 0x2B,
    0x18, 0xAD, 0x00, 0x0C, 0x18, 0xAD, 0x00, 0x0C, 0x18, 0xAD, 0x00, 0x0E, 0x18, 0xAD, 0x00, 0x0D,
    0x18, 0xCD, 0x00, 0x2B, 0x18, 0xCD, 0x00, 0x0C, 0x18, 0xAB, 0x00, 0x0D, 0x00, 0x00, 0x00, 0x2A,
    0x00, 0x2B, 0x29, 0x34, 0x00, 0x2B, 0x18, 0xEF, 0x00, 0x2B, 0x18, 0xCD, 0x00, 0x2B, 0x18, 0xCD,
    0x29, 0x2E, 0x94, 0xB9, 0xA5, 0x5A, 0xA5, 0x5A, 0xB5, 0x9B, 0xA5, 0x1B, 0xBD, 0xFD, 0x63, 0x36,
    0x08, 0x2D, 0x29, 0x50, 0x9C, 0xFB, 0x84, 0x38, 0x08, 0x2B, 0x39, 0xF1, 0x9C, 0xD9, 0xB5, 0xBB,
    0xA5, 0x1A, 0xA5, 0x3B, 0xAD, 0x7D, 0x6B, 0x56, 0x08, 0x4D, 0x29, 0x2F, 0x7B, 0xF7, 0xB5, 0xDC,
    0xAD, 0x5B, 0xAD, 0x5C, 0xAD, 0x5C, 0x7B, 0xB7, 0x08, 0x6E, 0x18, 0xAD, 0x00, 0x0D, 0x18, 0xAD,
    0x08, 0x2A, 0x18, 0xAD, 0x08, 0x2A, 0x29, 0x50, 0x8C, 0x7A, 0x5A, 0xF4, 0x00, 0x0C, 0x18, 0xAD,
    0x41, 0xF2, 0xAD, 0x7C, 0x7B, 0xDA, 0x31, 0x91, 0x84, 0x58, 0x5A, 0xB3, 0x00, 0x0D, 0x18, 0xAD,
    0x08, 0x4C, 0x84, 0x39, 0x9C, 0xFB, 0x29, 0x2F, 0x08, 0x4D, 0x63, 0x35, 0xA5, 0x1A, 0xB5, 0xBB,
    0xAD, 0x7B, 0xAD, 0x9D, 0x84, 0x39, 0x31, 0x70, 0x00, 0x2B, 0x18, 0xAD, 0x4A, 0x52, 0xB5, 0xBB,
    0x7B, 0xF7, 0x20, 0xEE, 0x08, 0x6C, 0x84, 0x39, 0xBD, 0xFD, 0x6B, 0x79, 0x08, 0x2B, 0x18, 0xCD,
    0x6B, 0x75, 0x94, 0xD9, 0x10, 0x8D, 0x18, 0xAD, 0x00, 0x0B, 0x42, 0x12, 0xA5, 0x3C, 0x41, 0xF2,
    0x00, 0x0D, 0x18, 0xAD, 0x00, 0x2B, 0x18, 0xAD, 0x08, 0x2A, 0x18, 0xAD, 0x29, 0x2F, 0x94, 0xB9,
    0xA5, 0x5B, 0xA5, 0x5A, 0xB5, 0x9C, 0xA5, 0x1B, 0xBD, 0xFD, 0x63, 0x36, 0x08, 0x2C, 0x29, 0x4F,
    0x84, 0x58, 0xB5, 0x9B, 0xA5, 0x1A, 0xA5, 0x3B, 0xAD, 0x7D, 0x73, 0x97, 0x10, 0x8C, 0x18, 0xAD,
    0x08, 0x2A, 0x18, 0xAD, 0x00, 0x0C, 0x18, 0xAD, 0x00, 0x0C, 0x29, 0x2F, 0xA5, 0x1C, 0x8C, 0x59,
    0x08, 0x6E, 0x18, 0xAD, 0x20, 0xEF, 0x84, 0x37, 0xB5, 0xDC, 0xAD, 0x7B, 0xAD, 0x7C, 0xAD, 0x7C,
    0x5A, 0xF5, 0x18, 0xCD, 0x00, 0x0C, 0x18, 0xAD, 0x10, 0x8E, 0x9C, 0xF9, 0xCE, 0x9D, 0x73, 0x96,
    0x08, 0x2C, 0x18, 0xAD, 0x00, 0x2B, 0x21, 0x0E, 0x94, 0xB9, 0x5A, 0xF4, 0x00, 0x2B, 0x18, 0xAD,
    0x00, 0x2B, 0x18, 0xAD, 0x18, 0xEE, 0xA5, 0x1B, 0x7C, 0x17, 0x18, 0xCD, 0x10, 0x6C, 0x63, 0x15,
    0xAD, 0x5B, 0xB5, 0xBB, 0xAD, 0x9B, 0xAD, 0x5C, 0xAD, 0x9D, 0x84, 0x1A, 0x10, 0x6E, 0x29, 0x2F,
    0x7B, 0xF7, 0xB5, 0xDC, 0xAD, 0x9B, 0xAD, 0x5C, 0xAD, 0x9D, 0x7B, 0xF8, 0x10, 0x8E, 0x18, 0xCD,
    0x6B, 0x56, 0x94, 0xD9, 0x10, 0x8F, 0x18, 0xAD, 0x00, 0x0C, 0x18, 0xCE, 0x4A, 0x34, 0x8C, 0x59,
    0x84, 0x18, 0x4A, 0x32, 0x00, 0x0D, 0x18, 0xAD, 0x08, 0x2A, 0x18, 0xAD, 0x08, 0x2A, 0x18, 0xAD,
    0x00, 0x0C, 0x18, 0xAD, 0x00, 0x0C, 0x18, 0xAD, 0x00, 0x0C, 0x18, 0xAD, 0x00, 0x0C, 0x18, 0xAD,
    0x00, 0x0C, 0x18, 0xAD, 0x00, 0x0D, 0x18, 0xAD, 0x00, 0x0C, 0x18, 0xAD, 0x00, 0x0C, 0x18, 0xAD,
    0x00, 0x0C, 0x18, 0xAD, 0x00, 0x0C, 0x18, 0xAD, 0x00, 0x0E, 0x18, 0xAD, 0x00, 0x0C, 0x18, 0xAD,
    0x00, 0x2B, 0x18, 0xAD, 0x00, 0x2B, 0x18, 0xAD, 0x00, 0x2B, 0x18, 0xAD, 0x00, 0x2B, 0x18, 0xAD,
    0x00, 0x2B, 0x18, 0xAD, 0x08, 0x2A, 0x18, 0xAD, 0x08, 0x2A, 0x18, 0xAD, 0x00, 0x0B, 0x18, 0xAD,
    0x00, 0x0B, 0x18, 0xAD, 0x00, 0x0C, 0x18, 0xAD, 0x00, 0x0D, 0x18, 0xAD, 0x00, 0x2B, 0x18, 0xAD,
    0x08, 0x2A, 0x18, 0xAD, 0x00, 0x0B, 0x18, 0xAD, 0x00, 0x0C, 0x18, 0xAD, 0x00, 0x0D, 0x18, 0xAD,
    0x00, 0x0E, 0x18, 0xAD, 0x00, 0x0C, 0x18, 0xAD, 0x00, 0x0B, 0x18, 0xAD, 0x00, 0x0D, 0x18, 0xAD,
    0x00, 0x0D, 0x18, 0xAD, 0x08, 0x2A, 0x18, 0xAD, 0x08, 0x2A, 0x18, 0xAD, 0x00, 0x0C, 0x18, 0xAD,
    0x00, 0x0C, 0x18, 0xAD, 0x00, 0x0C, 0x18, 0xAD, 0x00, 0x0C, 0x18, 0xAD, 0x00, 0x0C, 0x18, 0xAD,
    0x00, 0x0D, 0x18, 0xAD, 0x00, 0x0C, 0x18, 0xAD, 0x00, 0x0C, 0x18, 0xAD, 0x00, 0x0C, 0x18, 0xAD,
    0x00, 0x0C, 0x18, 0xAD, 0x00, 0x0E, 0x18, 0xAD, 0x00, 0x0C, 0x18, 0xAD, 0x00, 0x2B, 0x18, 0xAD,
    0x00, 0x2B, 0x18, 0xAD, 0x00, 0x2B, 0x18, 0xAD, 0x00, 0x2B, 0x18, 0xAD, 0x00, 0x2B, 0x18, 0xAD,
    0x08, 0x2A, 0x18, 0xAD, 0x08, 0x2A, 0x18, 0xAD, 0x00, 0x0B, 0x18, 0xAD, 0x00, 0x0B, 0x18, 0xAD,
    0x00, 0x0C, 0x18, 0xAD, 0x00, 0x0D, 0x18, 0xAD, 0x00, 0x2B, 0x18, 0xAD, 0x08, 0x2A, 0x18, 0xAD,
    0x00, 0x0B, 0x18, 0xAD, 0x00, 0x0C, 0x18, 0xAD, 0x00, 0x0D, 0x18, 0xAD, 0x00, 0x0E, 0x18, 0xCD,
    0x00, 0x0C, 0x18, 0xCD, 0x00, 0x0B, 0x29, 0x13, 0x00, 0x0D, 0x00, 0x00, 0x00, 0x0D, 0x00, 0x00,
    0x39, 0x9D, 0x08, 0x2A, 0x21, 0x12, 0x00, 0x2B, 0x00, 0x00, 0x00, 0x2B, 0x18, 0xAD, 0x00, 0x2B,
    0x18, 0xCD, 0x20, 0xED, 0x39, 0xD1, 0x31, 0x8F, 0x39, 0xD1, 0x18, 0xEE, 0x42, 0x12, 0x21, 0x0F,
    0x18, 0xCD, 0x08, 0x4E, 0x39, 0xD1, 0x21, 0x31, 0x18, 0xAD, 0x00, 0x2C, 0x29, 0x4F, 0x31, 0x8F,
    0x41, 0xF1, 0x31, 0xB1, 0x39, 0xF1, 0x08, 0x4C, 0x18, 0xAD, 0x00, 0x0B, 0x18, 0xCD, 0x29, 0x2F,
    0x42, 0x11, 0x31, 0xB0, 0x31, 0x90, 0x08, 0x2D, 0x18, 0xAD, 0x00, 0x0E, 0x18, 0xAD, 0x00, 0x0C,
    0x18, 0xAD, 0x08, 0x2A, 0x18, 0xAD, 0x08, 0x4C, 0x39, 0xB0, 0x18, 0xCF, 0x18, 0xAD, 0x00, 0x2B,
    0x18, 0xAD, 0x29, 0x4F, 0x42, 0x13, 0x10, 0xAE, 0x31, 0x90, 0x18, 0xAE, 0x18, 0xAD, 0x00, 0x0D,
    0x18, 0xAD, 0x29, 0x30, 0x39, 0xD1, 0x10, 0x6E, 0x18, 0xAD, 0x08, 0x2D, 0x29, 0x6F, 0x31, 0x91,
    0x42, 0x11, 0x29, 0x52, 0x21, 0x0E, 0x00, 0x2B, 0x18, 0xAD, 0x00, 0x2B, 0x21, 0x0E, 0x31, 0x6F,
    0x31, 0x70, 0x08, 0x2B, 0x18, 0xAD, 0x20, 0xEE, 0x4A, 0x54, 0x21, 0x30, 0x18, 0xAD, 0x08, 0x2A,
    0x29, 0x4F, 0x29, 0x2E, 0x18, 0xCD, 0x00, 0x2B, 0x18, 0xAD, 0x10, 0x8D, 0x41, 0xF2, 0x10, 0x8F,
    0x18, 0xAD, 0x00, 0x0D, 0x18, 0xAD, 0x00, 0x0C, 0x18, 0xAD, 0x00, 0x2A, 0x18, 0xAD, 0x20, 0xEE,
    0x39, 0xD1, 0x31, 0x8F, 0x39, 0xD1, 0x18, 0xCE, 0x42, 0x12, 0x21, 0x0F, 0x18, 0xCD, 0x00, 0x2B,
    0x21, 0x0E, 0x31, 0x70, 0x41, 0xF1, 0x31, 0xB3, 0x39, 0xF1, 0x08, 0x4D, 0x18, 0xAD, 0x08, 0x2A,
    0x18, 0xAD, 0x08, 0x2C, 0x31, 0x90, 0x18, 0xCF, 0x18, 0xCD, 0x31, 0x6F, 0xB5, 0xBC, 0x7B, 0xF7,
    0x18, 0xEE, 0x00, 0x2B, 0x18, 0xAD, 0x10, 0x6D, 0x39, 0xD1, 0x31, 0xB2, 0x42, 0x12, 0x21, 0x10,
    0x18, 0xCD, 0x00, 0x0C, 0x18, 0xAD, 0x18, 0xCF, 0x29, 0x4F, 0x84, 0x38, 0xB5, 0x9C, 0x21, 0x31,
    0x18, 0xAD, 0x00, 0x2B, 0x18, 0xAD, 0x08, 0x2B, 0x31, 0xB0, 0x18, 0xCD, 0x18, 0xAD, 0x00, 0x2B,
    0x18, 0xAD, 0x00, 0x2B, 0x18, 0xCD, 0x29, 0x70, 0x31, 0xB0, 0x08, 0x2A, 0x18, 0xAD, 0x08, 0x4B,
    0x39, 0xB0, 0x31, 0x8F, 0x39, 0xF0, 0x20, 0xEE, 0x39, 0xB0, 0x31, 0x72, 0x18, 0xCD, 0x00, 0x0D,
    0x18, 0xCD, 0x29, 0x30, 0x42, 0x11, 0x31, 0xB0, 0x39, 0xD1, 0x08, 0x6C, 0x18, 0xAD, 0x08, 0x2B,
    0x29, 0x4F, 0x29, 0x2F, 0x18, 0xCD, 0x00, 0x0C, 0x18, 0xAD, 0x00, 0x2B, 0x18, 0xEE, 0x08, 0x4D,
    0x18, 0xCD, 0x00, 0x2E, 0x18, 0xAD, 0x00, 0x0C, 0x18, 0xAD, 0x08, 0x2A, 0x18, 0xAD, 0x00, 0x2B,
    0x18, 0xAD, 0x00, 0x0C, 0x18, 0xAD, 0x00, 0x2B, 0x18, 0xAD, 0x00, 0x0B, 0x18, 0xAD, 0x00, 0x2B,
    0x18, 0xAD, 0x00, 0x0C, 0x18, 0xAD, 0x00, 0x0D, 0x18, 0xAD, 0x00, 0x0C, 0x18, 0xAD, 0x00, 0x0C,
    0x18, 0xAD, 0x00, 0x0C, 0x18, 0xAD, 0x00, 0x0D, 0x18, 0xAD, 0x00, 0x0E, 0x18, 0xAD, 0x00, 0x2B,
    0x18, 0xAD, 0x00, 0x2B, 0x18, 0xAD, 0x08, 0x2A, 0x18, 0xAD, 0x00, 0x2B, 0x18, 0xAD, 0x00, 0x2B,
    0x18, 0xAD, 0x00, 0x2B, 0x18, 0xAD, 0x08, 0x2A, 0x18, 0xAD, 0x00, 0x2B, 0x18, 0xAD, 0x00, 0x2B,
    0x18, 0xAD, 0x00, 0x2B, 0x18, 0xAD, 0x00, 0x0D, 0x18, 0xAD, 0x00, 0x0D, 0x18, 0xAD, 0x00, 0x0C,
    0x18, 0xAD, 0x00, 0x2A, 0x18, 0xAD, 0x00, 0x2B, 0x18, 0xAD, 0x00, 0x2B, 0x18, 0xAD, 0x00, 0x0B,
    0x18, 0xAD, 0x00, 0x0C, 0x18, 0xAD, 0x00, 0x2B, 0x18, 0xAD, 0x00, 0x0C, 0x18, 0xAD, 0x00, 0x0E,
    0x18, 0xAD, 0x00, 0x0C, 0x18, 0xAD, 0x08, 0x2A, 0x18, 0xAD, 0x00, 0x2B, 0x18, 0xAD, 0x00, 0x0C,
    0x18, 0xAD, 0x00, 0x2B, 0x18, 0xAD, 0x00, 0x0B, 0x18, 0xAD, 0x00, 0x2B, 0x18, 0xAD, 0x00, 0x0C,
    0x18, 0xAD, 0x00, 0x0D, 0x18, 0xAD, 0x00, 0x0C, 0x18, 0xAD, 0x00, 0x0C, 0x18, 0xAD, 0x00, 0x0C,
    0x18, 0xAD, 0x00, 0x0D, 0x18, 0xAD, 0x00, 0x0E, 0x18, 0xAD, 0x00, 0x2B, 0x18, 0xAD, 0x00, 0x2B,
    0x18, 0xAD, 0x08, 0x2A, 0x18, 0xAD, 0x00, 0x2B, 0x18, 0xAD, 0x00, 0x2B, 0x18, 0xAD, 0x00, 0x2B,
    0x18, 0xAD, 0x08, 0x2A, 0x18, 0xAD, 0x00, 0x2B, 0x18, 0xAD, 0x00, 0x2B, 0x18, 0xAD, 0x00, 0x2B,
    0x18, 0xAD, 0x00, 0x0D, 0x18, 0xAD, 0x00, 0x0D, 0x18, 0xAD, 0x00, 0x0C, 0x18, 0xAD, 0x00, 0x2A,
    0x18, 0xAD, 0x00, 0x2B, 0x18, 0xAD, 0x00, 0x2B, 0x18, 0xAD, 0x00, 0x0B, 0x18, 0xAD, 0x00, 0x0C,
    0x18, 0xAD, 0x00, 0x2B, 0x18, 0xAD, 0x00, 0x0C, 0x10, 0x8B, 0x00, 0x0E, 0x00, 0x00, 0x00, 0x0C,
    0x00, 0x2B, 0x21, 0x13, 0x00, 0x0B, 0x18, 0xCF, 0x00, 0x2B, 0x18, 0xAD, 0x00, 0x0C, 0x18, 0xAD,
    0x00, 0x0B, 0x18, 0xAD, 0x08, 0x2A, 0x18, 0xAC, 0x00, 0x2B, 0x18, 0xAC, 0x08, 0x2A, 0x18, 0xAC,
    0x00, 0x0C, 0x18, 0xAC, 0x00, 0x0D, 0x18, 0xAC, 0x00, 0x0D, 0x18, 0xAC, 0x00, 0x0C, 0x18, 0xAC,
    0x00, 0x2A, 0x18, 0xAC, 0x08, 0x2A, 0x18, 0xAC, 0x08, 0x2A, 0x18, 0xAC, 0x08, 0x2A, 0x18, 0xAC,
    0x08, 0x2A, 0x18, 0xAC, 0x00, 0x2B, 0x18, 0xAC, 0x00, 0x0C, 0x18, 0xAC, 0x00, 0x0E, 0x18, 0xAC,
    0x00, 0x2B, 0x18, 0xAC, 0x08, 0x2A, 0x18, 0xAC, 0x00, 0x0B, 0x18, 0xAC, 0x00, 0x2B, 0x18, 0xAC,
    0x00, 0x2B, 0x18, 0xAC, 0x08, 0x2A, 0x18, 0xAC, 0x00, 0x2B, 0x18, 0xAC, 0x00, 0x0C, 0x18, 0xAC,
    0x00, 0x0C, 0x18, 0xAC, 0x00, 0x0C, 0x18, 0xAC, 0x00, 0x0C, 0x18, 0xAC, 0x00, 0x0B, 0x18, 0xAC,
    0x00, 0x0D, 0x18, 0xAC, 0x00, 0x0D, 0x18, 0xAC, 0x00, 0x2B, 0x18, 0xAC, 0x00, 0x2B, 0x18, 0xAC,
    0x00, 0x0B, 0x18, 0xAC, 0x00, 0x2B, 0x18, 0xAC, 0x00, 0x0C, 0x18, 0xAC, 0x00, 0x0B, 0x18, 0xAC,
    0x08, 0x2A, 0x18, 0xAC, 0x00, 0x2B, 0x18, 0xAC, 0x08, 0x2A, 0x18, 0xAC, 0x00, 0x0C, 0x18, 0xAC,
    0x00, 0x0D, 0x18, 0xAC, 0x00, 0x0D, 0x18, 0xAC, 0x00, 0x0C, 0x18, 0xAC, 0x00, 0x2A, 0x18, 0xAC,
    0x08, 0x2A, 0x18, 0xAC, 0x08, 0x2A, 0x18, 0xAC, 0x08, 0x2A, 0x18, 0xAC, 0x08, 0x2A, 0x18, 0xAC,
    0x00, 0x2B, 0x18, 0xAC, 0x00, 0x0C, 0x18, 0xAC, 0x00, 0x0E, 0x18, 0xAC, 0x00, 0x2B, 0x18, 0xAC,
    0x08, 0x2A, 0x21, 0x0E, 0x8C, 0x7C, 0x9D, 0x1C, 0x94, 0xB8, 0xB5, 0xBB, 0xAD, 0x9B, 0x42, 0x11,
    0x08, 0x2B, 0x18, 0xAC, 0x00, 0x2B, 0x18, 0xAC, 0x00, 0x0C, 0x18, 0xAC, 0x00, 0x0C, 0x18, 0xAC,
    0x00, 0x0C, 0x18, 0xAC, 0x08, 0x4D, 0x73, 0xB8, 0xA5, 0x3B, 0xBE, 0x1D, 0x73, 0xB7, 0x18, 0xCE,
    0x00, 0x0D, 0x18, 0xAC, 0x00, 0x2B, 0x18, 0xAC, 0x00, 0x2B, 0x18, 0xAC, 0x00, 0x0B, 0x18, 0xAC,
    0x00, 0x2B, 0x18, 0xAC, 0x00, 0x0C, 0x18, 0xAC, 0x00, 0x0B, 0x18, 0xAC, 0x08, 0x2A, 0x18, 0xAC,
    0x00, 0x2B, 0x18, 0xAC, 0x08, 0x2A, 0x18, 0xAC, 0x00, 0x0C, 0x18, 0xAC, 0x00, 0x0D, 0x18, 0xAC,
    0x00, 0x0D, 0x18, 0xAC, 0x00, 0x0C, 0x18, 0xAC, 0x00, 0x2A, 0x18, 0xAC, 0x08, 0x2A, 0x18, 0xAC,
    0x08, 0x2A, 0x18, 0xAC, 0x08, 0x2A, 0x18, 0xAC, 0x08, 0x2A, 0x18, 0xAC, 0x00, 0x2B, 0x18, 0xAC,
    0x00, 0x0C, 0x18, 0xAC, 0x00, 0x0E, 0x18, 0xAC, 0x00, 0x2B, 0x18, 0xAC, 0x08, 0x2A, 0x18, 0xAC,
    0x00, 0x0B, 0x18, 0xAC, 0x00, 0x2B, 0x18, 0xAC, 0x00, 0x2B, 0x18, 0xAC, 0x08, 0x2A, 0x18, 0xAC,
    0x00, 0x2B, 0x18, 0xAC, 0x00, 0x0C, 0x18, 0xAC, 0x00, 0x0C, 0x18, 0xAC, 0x00, 0x0C, 0x18, 0xAC,
    0x00, 0x0C, 0x18, 0xAC, 0x00, 0x0B, 0x18, 0xAC, 0x00, 0x0D, 0x18, 0xAC, 0x00, 0x0D, 0x18, 0xAC,
    0x00, 0x2B, 0x18, 0xAC, 0x00, 0x2B, 0x18, 0xAC, 0x00, 0x0B, 0x18, 0xAC, 0x00, 0x2B, 0x18, 0xAC,
    0x00, 0x0C, 0x18, 0xAC, 0x00, 0x0B, 0x18, 0xAC, 0x08, 0x2A, 0x18, 0xAC, 0x00, 0x2B, 0x18, 0xAC,
    0x08, 0x2A, 0x18, 0xAC, 0x00, 0x0C, 0x18, 0xAC, 0x00, 0x0D, 0x18, 0xAC, 0x00, 0x0D, 0x18, 0xAC,
    0x00, 0x0C, 0x18, 0xAC, 0x00, 0x2A, 0x18, 0xAC, 0x08, 0x2A, 0x18, 0xAC, 0x08, 0x2A, 0x18, 0xAC,
    0x08, 0x2A, 0x18, 0xAC, 0x08, 0x2A, 0x18, 0xAC, 0x00, 0x2B, 0x18, 0xAC, 0x00, 0x0C, 0x18, 0xAC,
    0x00, 0x0E, 0x18, 0xAC, 0x00, 0x2B, 0x18, 0xAC, 0x08, 0x2A, 0x18, 0xAC, 0x00, 0x0B, 0x18, 0xAC,
    0x00, 0x2B, 0x18, 0xAC, 0x00, 0x2B, 0x18, 0xAC, 0x08, 0x2A, 0x18, 0xAC, 0x00, 0x2B, 0x18, 0xAC,
    0x00, 0x0C, 0x18, 0xAC, 0x00, 0x0C, 0x18, 0xAC, 0x00, 0x0C, 0x18, 0xAC, 0x00, 0x0C, 0x18, 0xAC,
    0x00, 0x0B, 0x18, 0xAC, 0x00, 0x0D, 0x18, 0xAC, 0x00, 0x0D, 0x18, 0xAC, 0x00, 0x2B, 0x18, 0xAC,
    0x00, 0x2B, 0x18, 0xAC, 0x00, 0x0B, 0x18, 0xAC, 0x00, 0x2B, 0x18, 0xAC, 0x00, 0x0C, 0x18, 0xAC,
    0x00, 0x0B, 0x18, 0xAC, 0x08, 0x2A, 0x18, 0xAC, 0x00, 0x2B, 0x18, 0xAC, 0x08, 0x2A, 0x18, 0xAC,
    0x00, 0x0C, 0x18, 0xAC, 0x00, 0x0D, 0x18, 0xAC, 0x00, 0x0D, 0x18, 0xAC, 0x00, 0x0C, 0x18, 0xAC,
    0x00, 0x2A, 0x18, 0xAC, 0x08, 0x2A, 0x18, 0xAC, 0x08, 0x2A, 0x18, 0xAC, 0x08, 0x2A, 0x18, 0xAD,
    0x08, 0x2A, 0x18, 0xAD, 0x00, 0x2B, 0x20, 0xF3, 0x00, 0x0C, 0x00, 0x00, 0x00, 0x0E, 0x00, 0x00,
    0x31, 0x7C, 0x00, 0x0C, 0x20, 0xF2, 0x00, 0x0C, 0x00, 0x00, 0x00, 0x0C, 0x18, 0xAD, 0x00, 0x0E,
    0x18, 0xAD, 0x00, 0x0B, 0x10, 0x8C, 0x00, 0x2B, 0x10, 0x8C, 0x00, 0x2B, 0x10, 0x8C, 0x00, 0x2B,
    0x10, 0x8C, 0x00, 0x0D, 0x10, 0x8C, 0x00, 0x0D, 0x10, 0x8C, 0x00, 0x0D, 0x10, 0x8C, 0x08, 0x2A,
    0x10, 0x8C, 0x00, 0x2A, 0x10, 0x8C, 0x08, 0x2A, 0x10, 0x8C, 0x08, 0x2A, 0x10, 0x8C, 0x08, 0x2A,
    0x10, 0x8C, 0x08, 0x2A, 0x10, 0x8C, 0x00, 0x2B, 0x10, 0x8C, 0x00, 0x0D, 0x10, 0x8C, 0x00, 0x0E,
    0x10, 0x8C, 0x08, 0x2A, 0x10, 0x8C, 0x08, 0x2A, 0x10, 0x8C, 0x00, 0x2B, 0x10, 0x8C, 0x08, 0x2A,
    0x10, 0x8C, 0x00, 0x2B, 0x10, 0x8C, 0x08, 0x2A, 0x10, 0x8C, 0x00, 0x2B, 0x10, 0x8C, 0x00, 0x2B,
    0x10, 0x8C, 0x00, 0x2B, 0x10, 0x8C, 0x00, 0x0B, 0x10, 0x8C, 0x00, 0x2B, 0x10, 0x8C, 0x08, 0x2A,
    0x10, 0x8C, 0x00, 0x0C, 0x10, 0x8C, 0x00, 0x0C, 0x10, 0x8C, 0x00, 0x0C, 0x10, 0x8C, 0x00, 0x0C,
    0x10, 0x8C, 0x00, 0x0C, 0x10, 0x8C, 0x00, 0x0C, 0x10, 0x8C, 0x00, 0x0E, 0x10, 0x8C, 0x00, 0x0B,
    0x10, 0x8C, 0x00, 0x2B, 0x10, 0x8C, 0x00, 0x2B, 0x10, 0x8C, 0x00, 0x2B, 0x10, 0x8C, 0x00, 0x0D,
    0x10, 0x8C, 0x00, 0x0D, 0x10, 0x8C, 0x00, 0x0D, 0x10, 0x8C, 0x08, 0x2A, 0x10, 0x8C, 0x00, 0x2A,
    0x10, 0x8C, 0x08, 0x2A, 0x10, 0x8C, 0x08, 0x2A, 0x10, 0x8C, 0x08, 0x2A, 0x10, 0x8C, 0x08, 0x2A,
    0x10, 0x8C, 0x00, 0x2B, 0x10, 0x8C, 0x00, 0x0D, 0x10, 0x8C, 0x00, 0x0E, 0x10, 0x8C, 0x08, 0x2A,
    0x10, 0x8C, 0x08, 0x4B, 0x52, 0x93, 0x5A, 0xD3, 0x63, 0x14, 0x52, 0x92, 0x39, 0xD1, 0x08, 0x2B,
    0x10, 0x8C, 0x08, 0x2A, 0x10, 0x8C, 0x00, 0x2B, 0x10, 0x8C, 0x00, 0x2B, 0x10, 0x8C, 0x00, 0x2B,
    0x10, 0x8C, 0x00, 0x0B, 0x18, 0xAD, 0x39, 0xF2, 0x5A, 0xF4, 0x4A, 0x31, 0x20, 0xEE, 0x00, 0x0C,
    0x10, 0x8C, 0x00, 0x0C, 0x10, 0x8C, 0x00, 0x0C, 0x10, 0x8C, 0x00, 0x0C, 0x10, 0x8C, 0x00, 0x0C,
    0x10, 0x8C, 0x00, 0x0C, 0x10, 0x8C, 0x00, 0x0E, 0x10, 0x8C, 0x00, 0x0B, 0x10, 0x8C, 0x00, 0x2B,
    0x10, 0x8C, 0x00, 0x2B, 0x10, 0x8C, 0x00, 0x2B, 0x10, 0x8C, 0x00, 0x0D, 0x10, 0x8C, 0x00, 0x0D,
    0x10, 0x8C, 0x00, 0x0D, 0x10, 0x8C, 0x08, 0x2A, 0x10, 0x8C, 0x00, 0x2A, 0x10, 0x8C, 0x08, 0x2A,
    0x10, 0x8C, 0x08, 0x2A, 0x10, 0x8C, 0x08, 0x2A, 0x10, 0x8C, 0x08, 0x2A, 0x10, 0x8C, 0x00, 0x2B,
    0x10, 0x8C, 0x00, 0x0D, 0x10, 0x8C, 0x00, 0x0E, 0x10, 0x8C, 0x08, 0x2A, 0x10, 0x8C, 0x08, 0x2A,
    0x10, 0x8C, 0x00, 0x2B, 0x10, 0x8C, 0x08, 0x2A, 0x10, 0x8C, 0x00, 0x2B, 0x10, 0x8C, 0x08, 0x2A,
    0x10, 0x8C, 0x00, 0x2B, 0x10, 0x8C, 0x00, 0x2B, 0x10, 0x8C, 0x00, 0x2B, 0x10, 0x8C, 0x00, 0x0B,
    0x10, 0x8C, 0x00, 0x2B, 0x10, 0x8C, 0x08, 0x2A, 0x10, 0x8C, 0x00, 0x0C, 0x10, 0x8C, 0x00, 0x0C,
    0x10, 0x8C, 0x00, 0x0C, 0x10, 0x8C, 0x00, 0x0C, 0x10, 0x8C, 0x00, 0x0C, 0x10, 0x8C, 0x00, 0x0C,
    0x10, 0x8C, 0x00, 0x0E, 0x10, 0x8C, 0x00, 0x0B, 0x10, 0x8C, 0x00, 0x2B, 0x10, 0x8C, 0x00, 0x2B,
    0x10, 0x8C, 0x00, 0x2B, 0x10, 0x8C, 0x00, 0x0D, 0x10, 0x8C, 0x00, 0x0D, 0x10, 0x8C, 0x00, 0x0D,
    0x10, 0x8C, 0x08, 0x2A, 0x10, 0x8C, 0x00, 0x2A, 0x10, 0x8C, 0x08, 0x2A, 0x10, 0x8C, 0x08, 0x2A,
    0x10, 0x8C, 0x08, 0x2A, 0x10, 0x8C, 0x08, 0x2A, 0x10, 0x8C, 0x00, 0x2B, 0x10, 0x8C, 0x00, 0x0D,
    0x10, 0x8C, 0x00, 0x0E, 0x10, 0x8C, 0x08, 0x2A, 0x10, 0x8C, 0x08, 0x2A, 0x10, 0x8C, 0x00, 0x2B,
    0x10, 0x8C, 0x08, 0x2A, 0x10, 0x8C, 0x00, 0x2B, 0x10, 0x8C, 0x08, 0x2A, 0x10, 0x8C, 0x00, 0x2B,
    0x10, 0x8C, 0x00, 0x2B, 0x10, 0x8C, 0x00, 0x2B, 0x10, 0x8C, 0x00, 0x0B, 0x10, 0x8C, 0x00, 0x2B,
    0x10, 0x8C, 0x08, 0x2A, 0x10, 0x8C, 0x00, 0x0C, 0x10, 0x8C, 0x00, 0x0C, 0x10, 0x8C, 0x00, 0x0C,
    0x10, 0x8C, 0x00, 0x0C, 0x10, 0x8C, 0x00, 0x0C, 0x10, 0x8C, 0x00, 0x0C, 0x10, 0x8C, 0x00, 0x0E,
    0x10, 0x8C, 0x00, 0x0B, 0x10, 0x8C, 0x00, 0x2B, 0x10, 0x8C, 0x00, 0x2B, 0x10, 0x8C, 0x00, 0x2B,
    0x10, 0x8C, 0x00, 0x0D, 0x10, 0x8C, 0x00, 0x0D, 0x10, 0x8C, 0x00, 0x0D, 0x10, 0x8C, 0x08, 0x2A,
    0x10, 0x8C, 0x00, 0x2A, 0x10, 0x8C, 0x08, 0x2A, 0x10, 0x8C, 0x08, 0x2A, 0x10, 0x8C, 0x08, 0x2A,
    0x18, 0xAD, 0x08, 0x2A, 0x18, 0xAD, 0x00, 0x2B, 0x10, 0x8B, 0x00, 0x0D, 0x00, 0x00, 0x00, 0x0E,
    0x00, 0x0C, 0x20, 0xF3, 0x00, 0x0D, 0x18, 0xAE, 0x00, 0x0D, 0x18, 0xAC, 0x00, 0x0C, 0x18, 0xAC,
    0x00, 0x0E, 0x18, 0xAC, 0x00, 0x0C, 0x10, 0x8C, 0x00, 0x0C, 0x10, 0x8C, 0x00, 0x2B, 0x10, 0x8C,
    0x00, 0x0C, 0x10, 0x8C, 0x00, 0x0D, 0x10, 0x8C, 0x00, 0x0D, 0x10, 0x8C, 0x00, 0x0C, 0x10, 0x8C,
    0x08, 0x2A, 0x10, 0x8C, 0x00, 0x2A, 0x10, 0x8C, 0x00, 0x2B, 0x10, 0x8C, 0x00, 0x2B, 0x10, 0x8C,
    0x08, 0x2A, 0x10, 0x8C, 0x08, 0x2A, 0x10, 0x8C, 0x08, 0x2A, 0x10, 0x8C, 0x00, 0x0D, 0x10, 0x8C,
    0x00, 0x0D, 0x10, 0x8C, 0x08, 0x2A, 0x10, 0x8C, 0x00, 0x2B, 0x10, 0x8C, 0x08, 0x2A, 0x10, 0x8C,
    0x08, 0x2A, 0x10, 0x8C, 0x08, 0x2A, 0x10, 0x8C, 0x08, 0x2A, 0x10, 0x8C, 0x00, 0x2B, 0x10, 0x8C,
    0x08, 0x2A, 0x10, 0x8C, 0x08, 0x2A, 0x10, 0x8C, 0x00, 0x2B, 0x10, 0x8C, 0x08, 0x2A, 0x10, 0x8C,
    0x08, 0x2A, 0x10, 0x8C, 0x00, 0x2B, 0x10, 0x8C, 0x00, 0x0B, 0x10, 0x8C, 0x00, 0x0C, 0x10, 0x8C,
    0x00, 0x0D, 0x10, 0x8C, 0x00, 0x0D, 0x10, 0x8C, 0x00, 0x0C, 0x10, 0x8C, 0x00, 0x0E, 0x10, 0x8C,
    0x00, 0x0C, 0x10, 0x8C, 0x00, 0x0C, 0x10, 0x8C, 0x00, 0x2B, 0x10, 0x8C, 0x00, 0x0C, 0x10, 0x8C,
    0x00, 0x0D, 0x10, 0x8C, 0x00, 0x0D, 0x10, 0x8C, 0x00, 0x0C, 0x10, 0x8C, 0x08, 0x2A, 0x10, 0x8C,
    0x00, 0x2A, 0x10, 0x8C, 0x00, 0x2B, 0x10, 0x8C, 0x00, 0x2B, 0x10, 0x8C, 0x08, 0x2A, 0x10, 0x8C,
    0x08, 0x2A, 0x10, 0x8C, 0x08, 0x2A, 0x10, 0x8C, 0x00, 0x0D, 0x10, 0x8C, 0x00, 0x0D, 0x10, 0x8C,
    0x08, 0x2A, 0x10, 0x8C, 0x00, 0x2B, 0x10, 0x8C, 0x08, 0x2A, 0x10, 0x8C, 0x08, 0x2A, 0x10, 0x8C,
    0x08, 0x2A, 0x10, 0x8C, 0x08, 0x2A, 0x10, 0x8C, 0x00, 0x2B, 0x10, 0x8C, 0x08, 0x2A, 0x10, 0x8C,
    0x08, 0x2A, 0x10, 0x8C, 0x00, 0x2B, 0x10, 0x8C, 0x08, 0x2A, 0x10, 0x8C, 0x08, 0x2A, 0x10, 0x8C,
    0x00, 0x2B, 0x10, 0x8C, 0x00, 0x0B, 0x10, 0x8C, 0x00, 0x0C, 0x10, 0x8C, 0x00, 0x0D, 0x10, 0x8C,
    0x00, 0x0D, 0x10, 0x8C, 0x00, 0x0C, 0x10, 0x8C, 0x00, 0x0E, 0x10, 0x8C, 0x00, 0x0C, 0x10, 0x8C,
    0x00, 0x0C, 0x10, 0x8C, 0x00, 0x2B, 0x10, 0x8C, 0x00, 0x0C, 0x10, 0x8C, 0x00, 0x0D, 0x10, 0x8C,
    0x00, 0x0D, 0x10, 0x8C, 0x00, 0x0C, 0x10, 0x8C, 0x08, 0x2A, 0x10, 0x8C, 0x00, 0x2A, 0x10, 0x8C,
    0x00, 0x2B, 0x10, 0x8C, 0x00, 0x2B, 0x10, 0x8C, 0x08, 0x2A, 0x10, 0x8C, 0x08, 0x2A, 0x10, 0x8C,
    0x08, 0x2A, 0x10, 0x8C, 0x00, 0x0D, 0x10, 0x8C, 0x00, 0x0D, 0x10, 0x8C, 0x08, 0x2A, 0x10, 0x8C,
    0x00, 0x2B, 0x10, 0x8C, 0x08, 0x2A, 0x10, 0x8C, 0x08, 0x2A, 0x10, 0x8C, 0x08, 0x2A, 0x10, 0x8C,
    0x08, 0x2A, 0x10, 0x8C, 0x00, 0x2B, 0x10, 0x8C, 0x08, 0x2A, 0x10, 0x8C, 0x08, 0x2A, 0x10, 0x8C,
    0x00, 0x2B, 0x10, 0x8C, 0x08, 0x2A, 0x10, 0x8C, 0x08, 0x2A, 0x10, 0x8C, 0x00, 0x2B, 0x10, 0x8C,
    0x00, 0x0B, 0x10, 0x8C, 0x00, 0x0C, 0x10, 0x8C, 0x00, 0x0D, 0x10, 0x8C, 0x00, 0x0D, 0x10, 0x8C,
    0x00, 0x0C, 0x10, 0x8C, 0x00, 0x0E, 0x10, 0x8C, 0x00, 0x0C, 0x10, 0x8C, 0x00, 0x0C, 0x10, 0x8C,
    0x00, 0x2B, 0x10, 0x8C, 0x00, 0x0C, 0x10, 0x8C, 0x00, 0x0D, 0x10, 0x8C, 0x00, 0x0D, 0x10, 0x8C,
    0x00, 0x0C, 0x10, 0x8C, 0x08, 0x2A, 0x10, 0x8C, 0x00, 0x2A, 0x10, 0x8C, 0x00, 0x2B, 0x10, 0x8C,
    0x00, 0x2B, 0x10, 0x8C, 0x08, 0x2A, 0x10, 0x8C, 0x08, 0x2A, 0x10, 0x8C, 0x08, 0x2A, 0x10, 0x8C,
    0x00, 0x0D, 0x10, 0x8C, 0x00, 0x0D, 0x10, 0x8C, 0x08, 0x2A, 0x10, 0x8C, 0x00, 0x2B, 0x10, 0x8C,
    0x08, 0x2A, 0x10, 0x8C, 0x08, 0x2A, 0x10, 0x8C, 0x08, 0x2A, 0x10, 0x8C, 0x08, 0x2A, 0x10, 0x8C,
    0x00, 0x2B, 0x10, 0x8C, 0x08, 0x2A, 0x10, 0x8C, 0x08, 0x2A, 0x10, 0x8C, 0x00, 0x2B, 0x10, 0x8C,
    0x08, 0x2A, 0x10, 0x8C, 0x08, 0x2A, 0x10, 0x8C, 0x00, 0x2B, 0x10, 0x8C, 0x00, 0x0B, 0x10, 0x8C,
    0x00, 0x0C, 0x10, 0x8C, 0x00, 0x0D, 0x10, 0x8C, 0x00, 0x0D, 0x10, 0x8C, 0x00, 0x0C, 0x10, 0x8C,
    0x00, 0x0E, 0x10, 0x8C, 0x00, 0x0C, 0x10, 0x8C, 0x00, 0x0C, 0x10, 0x8C, 0x00, 0x2B, 0x10, 0x8C,
    0x00, 0x0C, 0x10, 0x8C, 0x00, 0x0D, 0x10, 0x8C, 0x00, 0x0D, 0x10, 0x8C, 0x00, 0x0C, 0x10, 0x8C,
    0x08, 0x2A, 0x10, 0x8C, 0x00, 0x2A, 0x10, 0x8C, 0x00, 0x2B, 0x10, 0x8C, 0x00, 0x2B, 0x18, 0xAC,
    0x08, 0x2A, 0x18, 0xAC, 0x08, 0x2A, 0x20, 0xF2, 0x08, 0x2A, 0x00, 0x00, 0x00, 0x0D, 0x00, 0x00,
    0x31, 0x5B, 0x00, 0x0C, 0x20, 0xD1, 0x00, 0x0D, 0x00, 0x00, 0x00, 0x0C, 0x10, 0x8C, 0x00, 0x0D,
    0x10, 0x8C, 0x00, 0x0E, 0x10, 0x8C, 0x00, 0x0C, 0x10, 0x8C, 0x00, 0x0C, 0x10, 0x8C, 0x00, 0x2B,
    0x10, 0x8C, 0x00, 0x2B, 0x10, 0x8C, 0x00, 0x0D, 0x10, 0x8C, 0x00, 0x0E, 0x10, 0x8C, 0x00, 0x0C,
    0x10, 0x8C, 0x00, 0x0B, 0x10, 0x8C, 0x00, 0x2B, 0x10, 0x8C, 0x00, 0x0C, 0x10, 0x8C, 0x00, 0x2B,
    0x10, 0x8C, 0x08, 0x2A, 0x10, 0x8C, 0x08, 0x2A, 0x10, 0x8C, 0x08, 0x2A, 0x10, 0x8C, 0x00, 0x0D,
    0x10, 0x8C, 0x00, 0x0D, 0x10, 0x8C, 0x00, 0x0C, 0x10, 0x8C, 0x00, 0x0C, 0x10, 0x8C, 0x08, 0x2A,
    0x10, 0x8C, 0x08, 0x2A, 0x10, 0x8C, 0x08, 0x2A, 0x10, 0x8C, 0x08, 0x2A, 0x10, 0x8C, 0x00, 0x2B,
    0x10, 0x8C, 0x08, 0x2A, 0x10, 0x8C, 0x08, 0x2A, 0x10, 0x8C, 0x00, 0x2B, 0x10, 0x8C, 0x08, 0x2A,
    0x10, 0x8C, 0x00, 0x2B, 0x10, 0x8C, 0x00, 0x2B, 0x10, 0x8C, 0x00, 0x0C, 0x10, 0x8C, 0x00, 0x0C,
    0x10, 0x8C, 0x00, 0x0D, 0x10, 0x8C, 0x00, 0x0C, 0x10, 0x8C, 0x00, 0x0D, 0x10, 0x8C, 0x00, 0x0E,
    0x10, 0x8C, 0x00, 0x0C, 0x10, 0x8C, 0x00, 0x0C, 0x10, 0x8C, 0x00, 0x2B, 0x10, 0x8C, 0x00, 0x2B,
    0x10, 0x8C, 0x00, 0x0D, 0x10, 0x8C, 0x00, 0x0E, 0x10, 0x8C, 0x00, 0x0C, 0x10, 0x8C, 0x00, 0x0B,
    0x10, 0x8C, 0x00, 0x2B, 0x10, 0x8C, 0x00, 0x0C, 0x10, 0x8C, 0x00, 0x2B, 0x10, 0x8C, 0x08, 0x2A,
    0x10, 0x8C, 0x08, 0x2A, 0x10, 0x8C, 0x08, 0x2A, 0x10, 0x8C, 0x00, 0x0D, 0x10, 0x8C, 0x00, 0x0D,
    0x10, 0x8C, 0x00, 0x0C, 0x10, 0x8C, 0x00, 0x0C, 0x10, 0x8C, 0x08, 0x2A, 0x10, 0x8C, 0x08, 0x2A,
    0x10, 0x8C, 0x08, 0x2A, 0x10, 0x8C, 0x08, 0x2A, 0x10, 0x8C, 0x00, 0x2B, 0x10, 0x8C, 0x08, 0x2A,
    0x10, 0x8C, 0x08, 0x2A, 0x10, 0x8C, 0x00, 0x2B, 0x10, 0x8C, 0x08, 0x2A, 0x10, 0x8C, 0x00, 0x2B,
    0x10, 0x8C, 0x00, 0x2B, 0x10, 0x8C, 0x00, 0x0C, 0x10, 0x8C, 0x00, 0x0C, 0x10, 0x8C, 0x00, 0x0D,
    0x10, 0x8C, 0x00, 0x0C, 0x10, 0x8C, 0x00, 0x0D, 0x10, 0x8C, 0x00, 0x0E, 0x10, 0x8C, 0x00, 0x0C,
    0x10, 0x8C, 0x00, 0x0C, 0x10, 0x8C, 0x00, 0x2B, 0x10, 0x8C, 0x00, 0x2B, 0x10, 0x8C, 0x00, 0x0D,
    0x10, 0x8C, 0x00, 0x0E, 0x10, 0x8C, 0x00, 0x0C, 0x10, 0x8C, 0x00, 0x0B, 0x10, 0x8C, 0x00, 0x2B,
    0x10, 0x8C, 0x00, 0x0C, 0x10, 0x8C, 0x00, 0x2B, 0x10, 0x8C, 0x08, 0x2A, 0x10, 0x8C, 0x08, 0x2A,
    0x10, 0x8C, 0x08, 0x2A, 0x10, 0x8C, 0x00, 0x0D, 0x10, 0x8C, 0x00, 0x0D, 0x10, 0x8C, 0x00, 0x0C,
    0x10, 0x8C, 0x00, 0x0C, 0x10, 0x8C, 0x08, 0x2A, 0x10, 0x8C, 0x08, 0x2A, 0x10, 0x8C, 0x08, 0x2A,
    0x10, 0x8C, 0x08, 0x2A, 0x10, 0x8C, 0x00, 0x2B, 0x10, 0x8C, 0x08, 0x2A, 0x10, 0x8C, 0x08, 0x2A,
    0x10, 0x8C, 0x00, 0x2B, 0x10, 0x8C, 0x08, 0x2A, 0x10, 0x8C, 0x00, 0x2B, 0x10, 0x8C, 0x00, 0x2B,
    0x10, 0x8C, 0x00, 0x0C, 0x10, 0x8C, 0x00, 0x0C, 0x10, 0x8C, 0x00, 0x0D, 0x10, 0x8C, 0x00, 0x0C,
    0x10, 0x8C, 0x00, 0x0D, 0x10, 0x8C, 0x00, 0x0E, 0x10, 0x8C, 0x00, 0x0C, 0x10, 0x8C, 0x00, 0x0C,
    0x10, 0x8C, 0x00, 0x2B, 0x10, 0x8C, 0x00, 0x2B, 0x10, 0x8C, 0x00, 0x0D, 0x10, 0x8C, 0x00, 0x0E,
    0x10, 0x8C, 0x00, 0x0C, 0x10, 0x8C, 0x00, 0x0B, 0x10, 0x8C, 0x00, 0x2B, 0x10, 0x8C, 0x00, 0x0C,
    0x10, 0x8C, 0x00, 0x2B, 0x10, 0x8C, 0x08, 0x2A, 0x10, 0x8C, 0x08, 0x2A, 0x10, 0x8C, 0x08, 0x2A,
    0x10, 0x8C, 0x00, 0x0D, 0x10, 0x8C, 0x00, 0x0D, 0x10, 0x8C, 0x00, 0x0C, 0x10, 0x8C, 0x00, 0x0C,
    0x10, 0x8C, 0x08, 0x2A, 0x10, 0x8C, 0x08, 0x2A, 0x10, 0x8C, 0x08, 0x2A, 0x10, 0x8C, 0x08, 0x2A,
    0x10, 0x8C, 0x00, 0x2B, 0x10, 0x8C, 0x08, 0x2A, 0x10, 0x8C, 0x08, 0x2A, 0x10, 0x8C, 0x00, 0x2B,
    0x10, 0x8C, 0x08, 0x2A, 0x10, 0x8C, 0x00, 0x2B, 0x10, 0x8C, 0x00, 0x2B, 0x10, 0x8C, 0x00, 0x0C,
    0x10, 0x8C, 0x00, 0x0C, 0x10, 0x8C, 0x00, 0x0D, 0x10, 0x8C, 0x00, 0x0C, 0x10, 0x8C, 0x00, 0x0D,
    0x10, 0x8C, 0x00, 0x0E, 0x10, 0x8C, 0x00, 0x0C, 0x10, 0x8C, 0x00, 0x0C, 0x10, 0x8C, 0x00, 0x2B,
    0x10, 0x8C, 0x00, 0x2B, 0x10, 0x8C, 0x00, 0x0D, 0x10, 0x8C, 0x00, 0x0E, 0x10, 0x8C, 0x00, 0x0C,
    0x10, 0x8C, 0x00, 0x0B, 0x10, 0x8C, 0x00, 0x2B, 0x10, 0x8C, 0x00, 0x0C, 0x10, 0x8C, 0x00, 0x2B,
    0x10, 0x8C, 0x08, 0x2A, 0x10, 0x8C, 0x08, 0x2A, 0x10, 0x8A, 0x08, 0x2A, 0x00, 0x00, 0x00, 0x0D,
    0x00, 0x0B, 0x20, 0xD2, 0x00, 0x0C, 0x18, 0xAE, 0x00, 0x0C, 0x10, 0x8C, 0x00, 0x0C, 0x10, 0x8C,
    0x00, 0x0C, 0x10, 0x8C, 0x00, 0x0C, 0x10, 0x8C, 0x00, 0x2B, 0x10, 0x8C, 0x00, 0x0C, 0x10, 0x8C,
    0x00, 0x0B, 0x10, 0x8C, 0x00, 0x2B, 0x10, 0x8C, 0x00, 0x0D, 0x10, 0x8C, 0x00, 0x0E, 0x10, 0x8C,
    0x00, 0x0D, 0x10, 0x8C, 0x00, 0x0C, 0x10, 0x8C, 0x00, 0x0C, 0x10, 0x8C, 0x00, 0x0E, 0x10, 0x8C,
    0x00, 0x0C, 0x10, 0x8C, 0x00, 0x0B, 0x10, 0x8C, 0x08, 0x2A, 0x10, 0x8C, 0x08, 0x2A, 0x10, 0x8C,
    0x00, 0x0D, 0x10, 0x8C, 0x00, 0x0C, 0x10, 0x8C, 0x00, 0x0D, 0x10, 0x8C, 0x00, 0x2B, 0x10, 0x8C,
    0x08, 0x2A, 0x10, 0x8C, 0x08, 0x2A, 0x10, 0x8C, 0x08, 0x2A, 0x10, 0x8C, 0x08, 0x2A, 0x10, 0x8C,
    0x00, 0x2B, 0x10, 0x8C, 0x08, 0x2A, 0x10, 0x8C, 0x08, 0x2A, 0x10, 0x8C, 0x00, 0x2B, 0x10, 0x8C,
    0x00, 0x0B, 0x10, 0x8C, 0x00, 0x0C, 0x10, 0x8C, 0x00, 0x2B, 0x10, 0x8C, 0x00, 0x0B, 0x10, 0x8C,
    0x00, 0x0C, 0x10, 0x8C, 0x00, 0x0C, 0x10, 0x8C, 0x00, 0x0C, 0x10, 0x8C, 0x00, 0x0C, 0x10, 0x8C,
    0x00, 0x0C, 0x10, 0x8C, 0x00, 0x2B, 0x10, 0x8C, 0x00, 0x0C, 0x10, 0x8C, 0x00, 0x0B, 0x10, 0x8C,
    0x00, 0x2B, 0x10, 0x8C, 0x00, 0x0D, 0x10, 0x8C, 0x00, 0x0E, 0x10, 0x8C, 0x00, 0x0D, 0x10, 0x8C,
    0x00, 0x0C, 0x10, 0x8C, 0x00, 0x0C, 0x10, 0x8C, 0x00, 0x0E, 0x10, 0x8C, 0x00, 0x0C, 0x10, 0x8C,
    0x00, 0x0B, 0x10, 0x8C, 0x08, 0x2A, 0x10, 0x8C, 0x08, 0x2A, 0x10, 0x8C, 0x00, 0x0D, 0x10, 0x8C,
    0x00, 0x0C, 0x10, 0x8C, 0x00, 0x0D, 0x10, 0x8C, 0x00, 0x2B, 0x10, 0x8C, 0x08, 0x2A, 0x10, 0x8C,
    0x08, 0x2A, 0x10, 0x8C, 0x08, 0x2A, 0x10, 0x8C, 0x08, 0x2A, 0x10, 0x8C, 0x00, 0x2B, 0x10, 0x8C,
    0x08, 0x2A, 0x10, 0x8C, 0x08, 0x2A, 0x10, 0x8C, 0x00, 0x2B, 0x10, 0x8C, 0x00, 0x0B, 0x10, 0x8C,
    0x00, 0x0C, 0x10, 0x8C, 0x00, 0x2B, 0x10, 0x8C, 0x00, 0x0B, 0x10, 0x8C, 0x00, 0x0C, 0x10, 0x8C,
    0x00, 0x0C, 0x10, 0x8C, 0x00, 0x0C, 0x10, 0x8C, 0x00, 0x0C, 0x10, 0x8C, 0x00, 0x0C, 0x10, 0x8C,
    0x00, 0x2B, 0x10, 0x8C, 0x00, 0x0C, 0x10, 0x8C, 0x00, 0x0B, 0x10, 0x8C, 0x00, 0x2B, 0x10, 0x8C,
    0x00, 0x0D, 0x10, 0x8C, 0x00, 0x0E, 0x10, 0x8C, 0x00, 0x0D, 0x10, 0x8C, 0x00, 0x0C, 0x10, 0x8C,
    0x00, 0x0C, 0x10, 0x8C, 0x00, 0x0E, 0x10, 0x8C, 0x00, 0x0C, 0x10, 0x8C, 0x00, 0x0B, 0x10, 0x8C,
    0x08, 0x2A, 0x10, 0x8C, 0x08, 0x2A, 0x10, 0x8C, 0x00, 0x0D, 0x10, 0x8C, 0x00, 0x0C, 0x10, 0x8C,
    0x00, 0x0D, 0x10, 0x8C, 0x00, 0x2B, 0x10, 0x8C, 0x08, 0x2A, 0x10, 0x8C, 0x08, 0x2A, 0x10, 0x8C,
    0x08, 0x2A, 0x10, 0x8C, 0x08, 0x2A, 0x10, 0x8C, 0x00, 0x2B, 0x10, 0x8C, 0x08, 0x2A, 0x10, 0x8C,
    0x08, 0x2A, 0x10, 0x8C, 0x00, 0x2B, 0x10, 0x8C, 0x00, 0x0B, 0x10, 0x8C, 0x00, 0x0C, 0x10, 0x8C,
    0x00, 0x2B, 0x10, 0x8C, 0x00, 0x0B, 0x10, 0x8C, 0x00, 0x0C, 0x10, 0x8C, 0x00, 0x0C, 0x10, 0x8C,
    0x00, 0x0C, 0x10, 0x8C, 0x00, 0x0C, 0x10, 0x8C, 0x00, 0x0C, 0x10, 0x8C, 0x00, 0x2B, 0x10, 0x8C,
    0x00, 0x0C, 0x10, 0x8C, 0x00, 0x0B, 0x10, 0x8C, 0x00, 0x2B, 0x10, 0x8C, 0x00, 0x0D, 0x10, 0x8C,
    0x00, 0x0E, 0x10, 0x8C, 0x00, 0x0D, 0x10, 0x8C, 0x00, 0x0C, 0x10, 0x8C, 0x00, 0x0C, 0x10, 0x8C,
    0x00, 0x0E, 0x10, 0x8C, 0x00, 0x0C, 0x10, 0x8C, 0x00, 0x0B, 0x10, 0x8C, 0x08, 0x2A, 0x10, 0x8C,
    0x08, 0x2A, 0x10, 0x8C, 0x00, 0x0D, 0x10, 0x8C, 0x00, 0x0C, 0x10, 0x8C, 0x00, 0x0D, 0x10, 0x8C,
    0x00, 0x2B, 0x10, 0x8C, 0x08, 0x2A, 0x10, 0x8C, 0x08, 0x2A, 0x10, 0x8C, 0x08, 0x2A, 0x10, 0x8C,
    0x08, 0x2A, 0x10, 0x8C, 0x00, 0x2B, 0x10, 0x8C, 0x08, 0x2A, 0x10, 0x8C, 0x08, 0x2A, 0x10, 0x8C,
    0x00, 0x2B, 0x10, 0x8C, 0x00, 0x0B, 0x10, 0x8C, 0x00, 0x0C, 0x10, 0x8C, 0x00, 0x2B, 0x10, 0x8C,
    0x00, 0x0B, 0x10, 0x8C, 0x00, 0x0C, 0x10, 0x8C, 0x00, 0x0C, 0x10, 0x8C, 0x00, 0x0C, 0x10, 0x8C,
    0x00, 0x0C, 0x10, 0x8C, 0x00, 0x0C, 0x10, 0x8C, 0x00, 0x2B, 0x10, 0x8C, 0x00, 0x0C, 0x10, 0x8C,
    0x00, 0x0B, 0x10, 0x8C, 0x00, 0x2B, 0x10, 0x8C, 0x00, 0x0D, 0x10, 0x8C, 0x00, 0x0E, 0x10, 0x8C,
    0x00, 0x0D, 0x10, 0x8C, 0x00, 0x0C, 0x10, 0x8C, 0x00, 0x0C, 0x10, 0x8C, 0x00, 0x0E, 0x10, 0x8C,
    0x00, 0x0C, 0x10, 0x8C, 0x00, 0x0B, 0x18, 0xD1, 0x08, 0x2A, 0x00, 0x00, 0x08, 0x2A, 0x00, 0x00,
    0x29, 0x3A, 0x00, 0x2B, 0x18, 0xB1, 0x00, 0x2B, 0x00, 0x00, 0x00, 0x0C, 0x10, 0x8C, 0x00, 0x0C,
    0x10, 0x8C, 0x00, 0x0C, 0x10, 0x6B, 0x00, 0x2B, 0x10, 0x6B, 0x08, 0x2A, 0x10, 0x6B, 0x00, 0x0B,
    0x10, 0x6B, 0x00, 0x0C, 0x10, 0x6B, 0x00, 0x0C, 0x10, 0x6B, 0x00, 0x0C, 0x10, 0x6B, 0x00, 0x0D,
    0x10, 0x6B, 0x00, 0x0E, 0x10, 0x6B, 0x00, 0x0C, 0x10, 0x6B, 0x00, 0x0E, 0x10, 0x6B, 0x00, 0x0F,
    0x10, 0x6B, 0x00, 0x0F, 0x10, 0x6B, 0x00, 0x0D, 0x10, 0x6B, 0x08, 0x2A, 0x10, 0x6B, 0x08, 0x2A,
    0x10, 0x6B, 0x00, 0x0C, 0x10, 0x6B, 0x00, 0x0C, 0x10, 0x6B, 0x00, 0x0E, 0x10, 0x6B, 0x00, 0x2B,
    0x10, 0x6B, 0x08, 0x2A, 0x10, 0x6B, 0x08, 0x2A, 0x10, 0x6B, 0x08, 0x2A, 0x10, 0x6B, 0x00, 0x2A,
    0x10, 0x6B, 0x00, 0x0C, 0x10, 0x6B, 0x08, 0x2A, 0x10, 0x6B, 0x08, 0x2A, 0x10, 0x6B, 0x00, 0x2B,
    0x10, 0x6B, 0x00, 0x0C, 0x10, 0x6B, 0x00, 0x0C, 0x10, 0x6B, 0x00, 0x2B, 0x10, 0x6B, 0x00, 0x2B,
    0x10, 0x6B, 0x00, 0x2B, 0x10, 0x6B, 0x00, 0x0C, 0x10, 0x6B, 0x00, 0x0C, 0x10, 0x6B, 0x00, 0x0C,
    0x10, 0x6B, 0x00, 0x2B, 0x10, 0x6B, 0x08, 0x2A, 0x10, 0x6B, 0x00, 0x0B, 0x10, 0x6B, 0x00, 0x0C,
    0x10, 0x6B, 0x00, 0x0C, 0x10, 0x6B, 0x00, 0x0C, 0x10, 0x6B, 0x00, 0x0D, 0x10, 0x6B, 0x00, 0x0E,
    0x10, 0x6B, 0x00, 0x0C, 0x10, 0x6B, 0x00, 0x0E, 0x10, 0x6B, 0x00, 0x0F, 0x10, 0x6B, 0x00, 0x0F,
    0x10, 0x6B, 0x00, 0x0D, 0x10, 0x6B, 0x08, 0x2A, 0x10, 0x6B, 0x08, 0x2A, 0x10, 0x6B, 0x00, 0x0C,
    0x10, 0x6B, 0x00, 0x0C, 0x10, 0x6B, 0x00, 0x0E, 0x10, 0x6B, 0x00, 0x2B, 0x10, 0x6B, 0x08, 0x2A,
    0x10, 0x6B, 0x08, 0x2A, 0x10, 0x6B, 0x08, 0x2A, 0x10, 0x6B, 0x00, 0x2A, 0x10, 0x6B, 0x00, 0x0C,
    0x10, 0x6B, 0x08, 0x2A, 0x10, 0x6B, 0x08, 0x2A, 0x10, 0x6B, 0x00, 0x2B, 0x10, 0x6B, 0x00, 0x0C,
    0x10, 0x6B, 0x00, 0x0C, 0x10, 0x6B, 0x00, 0x2B, 0x10, 0x6B, 0x00, 0x2B, 0x10, 0x6B, 0x00, 0x2B,
    0x10, 0x6B, 0x00, 0x0C, 0x10, 0x6B, 0x00, 0x0C, 0x10, 0x6B, 0x00, 0x0C, 0x10, 0x6B, 0x00, 0x2B,
    0x10, 0x6B, 0x08, 0x2A, 0x10, 0x6B, 0x00, 0x0B, 0x10, 0x6B, 0x00, 0x0C, 0x10, 0x6B, 0x00, 0x0C,
    0x10, 0x6B, 0x00, 0x0C, 0x10, 0x6B, 0x00, 0x0D, 0x10, 0x6B, 0x00, 0x0E, 0x10, 0x6B, 0x00, 0x0C,
    0x10, 0x6B, 0x00, 0x0E, 0x10, 0x6B, 0x00, 0x0F, 0x10, 0x6B, 0x00, 0x0F, 0x10, 0x6B, 0x00, 0x0D,
    0x10, 0x6B, 0x08, 0x2A, 0x10, 0x6B, 0x08, 0x2A, 0x10, 0x6B, 0x00, 0x0C, 0x10, 0x6B, 0x00, 0x0C,
    0x10, 0x6B, 0x00, 0x0E, 0x10, 0x6B, 0x00, 0x2B, 0x10, 0x6B, 0x08, 0x2A, 0x10, 0x6B, 0x08, 0x2A,
    0x10, 0x6B, 0x08, 0x2A, 0x10, 0x6B, 0x00, 0x2A, 0x10, 0x6B, 0x00, 0x0C, 0x10, 0x6B, 0x08, 0x2A,
    0x10, 0x6B, 0x08, 0x2A, 0x10, 0x6B, 0x00, 0x2B, 0x10, 0x6B, 0x00, 0x0C, 0x10, 0x6B, 0x00, 0x0C,
    0x10, 0x6B, 0x00, 0x2B, 0x10, 0x6B, 0x00, 0x2B, 0x10, 0x6B, 0x00, 0x2B, 0x10, 0x6B, 0x00, 0x0C,
    0x10, 0x6B, 0x00, 0x0C, 0x10, 0x6B, 0x00, 0x0C, 0x10, 0x6B, 0x00, 0x2B, 0x10, 0x6B, 0x08, 0x2A,
    0x10, 0x6B, 0x00, 0x0B, 0x10, 0x6B, 0x00, 0x0C, 0x10, 0x6B, 0x00, 0x0C, 0x10, 0x6B, 0x00, 0x0C,
    0x10, 0x6B, 0x00, 0x0D, 0x10, 0x6B, 0x00, 0x0E, 0x10, 0x6B, 0x00, 0x0C, 0x10, 0x6B, 0x00, 0x0E,
    0x10, 0x6B, 0x00, 0x0F, 0x10, 0x6B, 0x00, 0x0F, 0x10, 0x6B, 0x00, 0x0D, 0x10, 0x6B, 0x08, 0x2A,
    0x10, 0x6B, 0x08, 0x2A, 0x10, 0x6B, 0x00, 0x0C, 0x10, 0x6B, 0x00, 0x0C, 0x10, 0x6B, 0x00, 0x0E,
    0x10, 0x6B, 0x00, 0x2B, 0x10, 0x6B, 0x08, 0x2A, 0x10, 0x6B, 0x08, 0x2A, 0x10, 0x6B, 0x08, 0x2A,
    0x10, 0x6B, 0x00, 0x2A, 0x10, 0x6B, 0x00, 0x0C, 0x10, 0x6B, 0x08, 0x2A, 0x10, 0x6B, 0x08, 0x2A,
    0x10, 0x6B, 0x00, 0x2B, 0x10, 0x6B, 0x00, 0x0C, 0x10, 0x6B, 0x00, 0x0C, 0x10, 0x6B, 0x00, 0x2B,
    0x10, 0x6B, 0x00, 0x2B, 0x10, 0x6B, 0x00, 0x2B, 0x10, 0x6B, 0x00, 0x0C, 0x10, 0x6B, 0x00, 0x0C,
    0x10, 0x6B, 0x00, 0x0C, 0x10, 0x6B, 0x00, 0x2B, 0x10, 0x6B, 0x08, 0x2A, 0x10, 0x6B, 0x00, 0x0B,
    0x10, 0x6B, 0x00, 0x0C, 0x10, 0x6B, 0x00, 0x0C, 0x10, 0x6B, 0x00, 0x0C, 0x10, 0x6B, 0x00, 0x0D,
    0x10, 0x6B, 0x00, 0x0E, 0x10, 0x6B, 0x00, 0x0C, 0x10, 0x6B, 0x00, 0x0E, 0x10, 0x6B, 0x00, 0x0F,
    0x10, 0x8C, 0x00, 0x0F, 0x10, 0x8C, 0x00, 0x0D, 0x10, 0x6A, 0x08, 0x2A, 0x00, 0x00, 0x08, 0x2A,
    0x00, 0x2A, 0x18, 0xD2, 0x08, 0x2A, 0x10, 0x8D, 0x00, 0x2B, 0x10, 0x8C, 0x00, 0x0C, 0x10, 0x8C,
    0x00, 0x0C, 0x10, 0x8C, 0x00, 0x2B, 0x10, 0x6B, 0x08, 0x2A, 0x10, 0x6B, 0x08, 0x2A, 0x10, 0x6B,
    0x00, 0x2B, 0x10, 0x6B, 0x00, 0x0C, 0x10, 0x6B, 0x00, 0x2B, 0x10, 0x6B, 0x00, 0x2B, 0x10, 0x6B,
    0x00, 0x0C, 0x10, 0x6B, 0x00, 0x0D, 0x10, 0x6B, 0x00, 0x0C, 0x10, 0x6B, 0x00, 0x0E, 0x10, 0x6B,
    0x00, 0x0F, 0x10, 0x6B, 0x00, 0x0F, 0x10, 0x6B, 0x00, 0x0C, 0x10, 0x6B, 0x08, 0x2A, 0x10, 0x6B,
    0x00, 0x2B, 0x10, 0x6B, 0x08, 0x2A, 0x10, 0x6B, 0x00, 0x0D, 0x10, 0x6B, 0x00, 0x0D, 0x10, 0x6B,
    0x00, 0x0C, 0x10, 0x6B, 0x00, 0x2B, 0x10, 0x6B, 0x00, 0x2B, 0x10, 0x6B, 0x08, 0x2A, 0x10, 0x6B,
    0x00, 0x2B, 0x10, 0x6B, 0x00, 0x0C, 0x10, 0x6B, 0x08, 0x2A, 0x10, 0x6B, 0x08, 0x2A, 0x10, 0x6B,
    0x00, 0x2A, 0x10, 0x6B, 0x00, 0x0B, 0x10, 0x6B, 0x00, 0x2B, 0x10, 0x6B, 0x00, 0x2A, 0x10, 0x6B,
    0x08, 0x2A, 0x10, 0x6B, 0x00, 0x2B, 0x10, 0x6B, 0x00, 0x0C, 0x10, 0x6B, 0x00, 0x0C, 0x10, 0x6B,
    0x00, 0x2B, 0x10, 0x6B, 0x08, 0x2A, 0x10, 0x6B, 0x08, 0x2A, 0x10, 0x6B, 0x00, 0x2B, 0x10, 0x6B,
    0x00, 0x0C, 0x10, 0x6B, 0x00, 0x2B, 0x10, 0x6B, 0x00, 0x2B, 0x10, 0x6B, 0x00, 0x0C, 0x10, 0x6B,
    0x00, 0x0D, 0x10, 0x6B, 0x00, 0x0C, 0x10, 0x6B, 0x00, 0x0E, 0x10, 0x6B, 0x00, 0x0F, 0x10, 0x6B,
    0x00, 0x0F, 0x10, 0x6B, 0x00, 0x0C, 0x10, 0x6B, 0x08, 0x2A, 0x10, 0x6B, 0x00, 0x2B, 0x10, 0x6B,
    0x08, 0x2A, 0x10, 0x6B, 0x00, 0x0D, 0x10, 0x6B, 0x00, 0x0D, 0x10, 0x6B, 0x00, 0x0C, 0x10, 0x6B,
    0x00, 0x2B, 0x10, 0x6B, 0x00, 0x2B, 0x10, 0x6B, 0x08, 0x2A, 0x10, 0x6B, 0x00, 0x2B, 0x10, 0x6B,
    0x00, 0x0C, 0x10, 0x6B, 0x08, 0x2A, 0x10, 0x6B, 0x08, 0x2A, 0x10, 0x6B, 0x00, 0x2A, 0x10, 0x6B,
    0x00, 0x0B, 0x10, 0x6B, 0x00, 0x2B, 0x10, 0x6B, 0x00, 0x2A, 0x10, 0x6B, 0x08, 0x2A, 0x10, 0x6B,
    0x00, 0x2B, 0x10, 0x6B, 0x00, 0x0C, 0x10, 0x6B, 0x00, 0x0C, 0x10, 0x6B, 0x00, 0x2B, 0x10, 0x6B,
    0x08, 0x2A, 0x10, 0x6B, 0x08, 0x2A, 0x10, 0x6B, 0x00, 0x2B, 0x10, 0x6B, 0x00, 0x0C, 0x10, 0x6B,
    0x00, 0x2B, 0x10, 0x6B, 0x00, 0x2B, 0x10, 0x6B, 0x00, 0x0C, 0x10, 0x6B, 0x00, 0x0D, 0x10, 0x6B,
    0x00, 0x0C, 0x10, 0x6B, 0x00, 0x0E, 0x10, 0x6B, 0x00, 0x0F, 0x10, 0x6B, 0x00, 0x0F, 0x10, 0x6B,
    0x00, 0x0C, 0x10, 0x6B, 0x08, 0x2A, 0x10, 0x6B, 0x00, 0x2B, 0x10, 0x6B, 0x08, 0x2A, 0x10, 0x6B,
    0x00, 0x0D, 0x10, 0x6B, 0x00, 0x0D, 0x10, 0x6B, 0x00, 0x0C, 0x10, 0x6B, 0x00, 0x2B, 0x10, 0x6B,
    0x00, 0x2B, 0x10, 0x6B, 0x08, 0x2A, 0x10, 0x6B, 0x00, 0x2B, 0x10, 0x6B, 0x00, 0x0C, 0x10, 0x6B,
    0x08, 0x2A, 0x10, 0x6B, 0x08, 0x2A, 0x10, 0x6B, 0x00, 0x2A, 0x10, 0x6B, 0x00, 0x0B, 0x10, 0x6B,
    0x00, 0x2B, 0x10, 0x6B, 0x00, 0x2A, 0x10, 0x6B, 0x08, 0x2A, 0x10, 0x6B, 0x00, 0x2B, 0x10, 0x6B,
    0x00, 0x0C, 0x10, 0x6B, 0x00, 0x0C, 0x10, 0x6B, 0x00, 0x2B, 0x10, 0x6B, 0x08, 0x2A, 0x10, 0x6B,
    0x08, 0x2A, 0x10, 0x6B, 0x00, 0x2B, 0x10, 0x6B, 0x00, 0x0C, 0x10, 0x6B, 0x00, 0x2B, 0x10, 0x6B,
    0x00, 0x2B, 0x10, 0x6B, 0x00, 0x0C, 0x10, 0x6B, 0x00, 0x0D, 0x10, 0x6B, 0x00, 0x0C, 0x10, 0x6B,
    0x00, 0x0E, 0x10, 0x6B, 0x00, 0x0F, 0x10, 0x6B, 0x00, 0x0F, 0x10, 0x6B, 0x00, 0x0C, 0x10, 0x6B,
    0x08, 0x2A, 0x10, 0x6B, 0x00, 0x2B, 0x10, 0x6B, 0x08, 0x2A, 0x10, 0x6B, 0x00, 0x0D, 0x10, 0x6B,
    0x00, 0x0D, 0x10, 0x6B, 0x00, 0x0C, 0x10, 0x6B, 0x00, 0x2B, 0x10, 0x6B, 0x00, 0x2B, 0x10, 0x6B,
    0x08, 0x2A, 0x10, 0x6B, 0x00, 0x2B, 0x10, 0x6B, 0x00, 0x0C, 0x10, 0x6B, 0x08, 0x2A, 0x10, 0x6B,
    0x08, 0x2A, 0x10, 0x6B, 0x00, 0x2A, 0x10, 0x6B, 0x00, 0x0B, 0x10, 0x6B, 0x00, 0x2B, 0x10, 0x6B,
    0x00, 0x2A, 0x10, 0x6B, 0x08, 0x2A, 0x10, 0x6B, 0x00, 0x2B, 0x10, 0x6B, 0x00, 0x0C, 0x10, 0x6B,
    0x00, 0x0C, 0x10, 0x6B, 0x00, 0x2B, 0x10, 0x6B, 0x08, 0x2A, 0x10, 0x6B, 0x08, 0x2A, 0x10, 0x6B,
    0x00, 0x2B, 0x10, 0x6B, 0x00, 0x0C, 0x10, 0x6B, 0x00, 0x2B, 0x10, 0x6B, 0x00, 0x2B, 0x10, 0x6B,
    0x00, 0x0C, 0x10, 0x6B, 0x00, 0x0D, 0x10, 0x6B, 0x00, 0x0C, 0x10, 0x6B, 0x00, 0x0E, 0x10, 0x8C,
    0x00, 0x0F, 0x10, 0x8C, 0x00, 0x0F, 0x18, 0xB1, 0x00, 0x0C, 0x00, 0x00, 0x08, 0x2A, 0x00, 0x00,
    0x29, 0x19, 0x00, 0x2B, 0x18, 0xB0, 0x08, 0x2A, 0x00, 0x00, 0x00, 0x2B, 0x10, 0x6C, 0x00, 0x0D,
    0x10, 0x6C, 0x00, 0x0C, 0x10, 0x6B, 0x00, 0x2B, 0x10, 0x6B, 0x00, 0x2B, 0x10, 0x6B, 0x08, 0x2A,
    0x10, 0x6B, 0x00, 0x2B, 0x10, 0x6B, 0x00, 0x0C, 0x10, 0x6B, 0x08, 0x2A, 0x10, 0x6B, 0x08, 0x2A,
    0x10, 0x6B, 0x00, 0x2B, 0x10, 0x6B, 0x00, 0x2B, 0x10, 0x6B, 0x00, 0x2B, 0x10, 0x6B, 0x00, 0x2B,
    0x10, 0x6B, 0x00, 0x0D, 0x10, 0x6B, 0x00, 0x0D, 0x10, 0x6B, 0x00, 0x0B, 0x10, 0x6B, 0x00, 0x2B,
    0x10, 0x6B, 0x00, 0x0B, 0x10, 0x6B, 0x08, 0x2A, 0x10, 0x6B, 0x00, 0x0D, 0x10, 0x6B, 0x00, 0x0D,
    0x10, 0x6B, 0x00, 0x0D, 0x10, 0x6B, 0x00, 0x0D, 0x10, 0x6B, 0x00, 0x0D, 0x10, 0x6B, 0x08, 0x2A,
    0x10, 0x6B, 0x00, 0x0C, 0x10, 0x6B, 0x00, 0x0C, 0x10, 0x6B, 0x08, 0x2A, 0x10, 0x6B, 0x08, 0x2A,
    0x10, 0x6B, 0x08, 0x2A, 0x10, 0x6B, 0x00, 0x2B, 0x10, 0x6B, 0x08, 0x2A, 0x10, 0x6B, 0x00, 0x2B,
    0x10, 0x6B, 0x08, 0x2A, 0x10, 0x6B, 0x00, 0x2B, 0x10, 0x6B, 0x00, 0x0D, 0x10, 0x6B, 0x00, 0x0C,
    0x10, 0x6B, 0x00, 0x2B, 0x10, 0x6B, 0x00, 0x2B, 0x10, 0x6B, 0x08, 0x2A, 0x10, 0x6B, 0x00, 0x2B,
    0x10, 0x6B, 0x00, 0x0C, 0x10, 0x6B, 0x08, 0x2A, 0x10, 0x6B, 0x08, 0x2A, 0x10, 0x6B, 0x00, 0x2B,
    0x10, 0x6B, 0x00, 0x2B, 0x10, 0x6B, 0x00, 0x2B, 0x10, 0x6B, 0x00, 0x2B, 0x10, 0x6B, 0x00, 0x0D,
    0x10, 0x6B, 0x00, 0x0D, 0x10, 0x6B, 0x00, 0x0B, 0x10, 0x6B, 0x00, 0x2B, 0x10, 0x6B, 0x00, 0x0B,
    0x10, 0x6B, 0x08, 0x2A, 0x10, 0x6B, 0x00, 0x0D, 0x10, 0x6B, 0x00, 0x0D, 0x10, 0x6B, 0x00, 0x0D,
    0x10, 0x6B, 0x00, 0x0D, 0x10, 0x6B, 0x00, 0x0D, 0x10, 0x6B, 0x08, 0x2A, 0x10, 0x6B, 0x00, 0x0C,
    0x10, 0x6B, 0x00, 0x0C, 0x10, 0x6B, 0x08, 0x2A, 0x10, 0x6B, 0x08, 0x2A, 0x10, 0x6B, 0x08, 0x2A,
    0x10, 0x6B, 0x00, 0x2B, 0x10, 0x6B, 0x08, 0x2A, 0x10, 0x6B, 0x00, 0x2B, 0x10, 0x6B, 0x08, 0x2A,
    0x10, 0x6B, 0x00, 0x2B, 0x10, 0x6B, 0x00, 0x0D, 0x10, 0x6B, 0x00, 0x0C, 0x10, 0x6B, 0x00, 0x2B,
    0x10, 0x6B, 0x00, 0x2B, 0x10, 0x6B, 0x08, 0x2A, 0x10, 0x6B, 0x00, 0x2B, 0x10, 0x6B, 0x00, 0x0C,
    0x10, 0x6B, 0x08, 0x2A, 0x10, 0x6B, 0x08, 0x2A, 0x10, 0x6B, 0x00, 0x2B, 0x10, 0x6B, 0x00, 0x2B,
    0x10, 0x6B, 0x00, 0x2B, 0x10, 0x6B, 0x00, 0x2B, 0x10, 0x6B, 0x00, 0x0D, 0x10, 0x6B, 0x00, 0x0D,
    0x10, 0x6B, 0x00, 0x0B, 0x10, 0x6B, 0x00, 0x2B, 0x10, 0x6B, 0x00, 0x0B, 0x10, 0x6B, 0x08, 0x2A,
    0x10, 0x6B, 0x00, 0x0D, 0x10, 0x6B, 0x00, 0x0D, 0x10, 0x6B, 0x00, 0x0D, 0x10, 0x6B, 0x00, 0x0D,
    0x10, 0x6B, 0x00, 0x0D, 0x10, 0x6B, 0x08, 0x2A, 0x10, 0x6B, 0x00, 0x0C, 0x10, 0x6B, 0x00, 0x0C,
    0x10, 0x6B, 0x08, 0x2A, 0x10, 0x6B, 0x08, 0x2A, 0x10, 0x6B, 0x08, 0x2A, 0x10, 0x6B, 0x00, 0x2B,
    0x10, 0x6B, 0x08, 0x2A, 0x10, 0x6B, 0x00, 0x2B, 0x10, 0x6B, 0x08, 0x2A, 0x10, 0x6B, 0x00, 0x2B,
    0x10, 0x6B, 0x00, 0x0D, 0x10, 0x6B, 0x00, 0x0C, 0x10, 0x6B, 0x00, 0x2B, 0x10, 0x6B, 0x00, 0x2B,
    0x10, 0x6B, 0x08, 0x2A, 0x10, 0x6B, 0x00, 0x2B, 0x10, 0x6B, 0x00, 0x0C, 0x10, 0x6B, 0x08, 0x2A,
    0x10, 0x6B, 0x08, 0x2A, 0x10, 0x6B, 0x00, 0x2B, 0x10, 0x6B, 0x00, 0x2B, 0x10, 0x6B, 0x00, 0x2B,
    0x10, 0x6B, 0x00, 0x2B, 0x10, 0x6B, 0x00, 0x0D, 0x10, 0x6B, 0x00, 0x0D, 0x10, 0x6B, 0x00, 0x0B,
    0x10, 0x6B, 0x00, 0x2B, 0x10, 0x6B, 0x00, 0x0B, 0x10, 0x6B, 0x08, 0x2A, 0x10, 0x6B, 0x00, 0x0D,
    0x10, 0x6B, 0x00, 0x0D, 0x10, 0x6B, 0x00, 0x0D, 0x10, 0x6B, 0x00, 0x0D, 0x10, 0x6B, 0x00, 0x0D,
    0x10, 0x6B, 0x08, 0x2A, 0x10, 0x6B, 0x00, 0x0C, 0x10, 0x6B, 0x00, 0x0C, 0x10, 0x6B, 0x08, 0x2A,
    0x10, 0x6B, 0x08, 0x2A, 0x10, 0x6B, 0x08, 0x2A, 0x10, 0x6B, 0x00, 0x2B, 0x10, 0x6B, 0x08, 0x2A,
    0x10, 0x6B, 0x00, 0x2B, 0x10, 0x6B, 0x08, 0x2A, 0x10, 0x6B, 0x00, 0x2B, 0x10, 0x6B, 0x00, 0x0D,
    0x10, 0x6B, 0x00, 0x0C, 0x10, 0x6B, 0x00, 0x2B, 0x10, 0x6B, 0x00, 0x2B, 0x10, 0x6B, 0x08, 0x2A,
    0x10, 0x6B, 0x00, 0x2B, 0x10, 0x6B, 0x00, 0x0C, 0x10, 0x6B, 0x08, 0x2A, 0x10, 0x6B, 0x08, 0x2A,
    0x10, 0x6B, 0x00, 0x2B, 0x10, 0x6B, 0x00, 0x2B, 0x10, 0x6B, 0x00, 0x2B, 0x10, 0x6B, 0x00, 0x2B,
    0x10, 0x6C, 0x00, 0x0D, 0x10, 0x6C, 0x00, 0x0D, 0x10, 0x6A, 0x00, 0x0B, 0x00, 0x00, 0x00, 0x2B,
    0x00, 0x2B, 0x18, 0xB1, 0x00, 0x2B, 0x10, 0x6D, 0x08, 0x2A, 0x10, 0x6B, 0x00, 0x2B, 0x10, 0x6B,
    0x00, 0x0D, 0x10, 0x6B, 0x00, 0x0D, 0x10, 0x6B, 0x00, 0x0D, 0x10, 0x6B, 0x00, 0x0C, 0x10, 0x6B,
    0x08, 0x2A, 0x10, 0x6B, 0x00, 0x2B, 0x10, 0x6B, 0x00, 0x0C, 0x10, 0x6B, 0x00, 0x2B, 0x10, 0x6B,
    0x08, 0x2A, 0x10, 0x6B, 0x08, 0x2A, 0x10, 0x6B, 0x08, 0x2A, 0x10, 0x6B, 0x08, 0x2A, 0x10, 0x6B,
    0x08, 0x2A, 0x10, 0x6B, 0x00, 0x2B, 0x10, 0x6B, 0x00, 0x2B, 0x10, 0x6B, 0x00, 0x2B, 0x10, 0x6B,
    0x00, 0x0C, 0x10, 0x6B, 0x00, 0x0B, 0x10, 0x6B, 0x08, 0x2A, 0x10, 0x6B, 0x00, 0x0C, 0x10, 0x6B,
    0x00, 0x0D, 0x10, 0x6B, 0x00, 0x0E, 0x10, 0x6B, 0x00, 0x0F, 0x10, 0x6B, 0x00, 0x0C, 0x10, 0x6B,
    0x08, 0x2A, 0x10, 0x6B, 0x00, 0x0D, 0x10, 0x6B, 0x00, 0x0D, 0x10, 0x6B, 0x08, 0x2A, 0x10, 0x6B,
    0x00, 0x2B, 0x10, 0x6B, 0x00, 0x2B, 0x10, 0x6B, 0x08, 0x2A, 0x10, 0x6B, 0x00, 0x2B, 0x10, 0x6B,
    0x00, 0x2B, 0x10, 0x6B, 0x08, 0x2A, 0x10, 0x6B, 0x00, 0x2B, 0x10, 0x6B, 0x00, 0x0D, 0x10, 0x6B,
    0x00, 0x0D, 0x10, 0x6B, 0x00, 0x0D, 0x10, 0x6B, 0x00, 0x0C, 0x10, 0x6B, 0x08, 0x2A, 0x10, 0x6B,
    0x00, 0x2B, 0x10, 0x6B, 0x00, 0x0C, 0x10, 0x6B, 0x00, 0x2B, 0x10, 0x6B, 0x08, 0x2A, 0x10, 0x6B,
    0x08, 0x2A, 0x10, 0x6B, 0x08, 0x2A, 0x10, 0x6B, 0x08, 0x2A, 0x10, 0x6B, 0x08, 0x2A, 0x10, 0x6B,
    0x00, 0x2B, 0x10, 0x6B, 0x00, 0x2B, 0x10, 0x6B, 0x00, 0x2B, 0x10, 0x6B, 0x00, 0x0C, 0x10, 0x6B,
    0x00, 0x0B, 0x10, 0x6B, 0x08, 0x2A, 0x10, 0x6B, 0x00, 0x0C, 0x10, 0x6B, 0x00, 0x0D, 0x10, 0x6B,
    0x00, 0x0E, 0x10, 0x6B, 0x00, 0x0F, 0x10, 0x6B, 0x00, 0x0C, 0x10, 0x6B, 0x08, 0x2A, 0x10, 0x6B,
    0x00, 0x0D, 0x10, 0x6B, 0x00, 0x0D, 0x10, 0x6B, 0x08, 0x2A, 0x10, 0x6B, 0x00, 0x2B, 0x10, 0x6B,
    0x00, 0x2B, 0x10, 0x6B, 0x08, 0x2A, 0x10, 0x6B, 0x00, 0x2B, 0x10, 0x6B, 0x00, 0x2B, 0x10, 0x6B,
    0x08, 0x2A, 0x10, 0x6B, 0x00, 0x2B, 0x10, 0x6B, 0x00, 0x0D, 0x10, 0x6B, 0x00, 0x0D, 0x10, 0x6B,
    0x00, 0x0D, 0x10, 0x6B, 0x00, 0x0C, 0x10, 0x6B, 0x08, 0x2A, 0x10, 0x6B, 0x00, 0x2B, 0x10, 0x6B,
    0x00, 0x0C, 0x10, 0x6B, 0x00, 0x2B, 0x10, 0x6B, 0x08, 0x2A, 0x10, 0x6B, 0x08, 0x2A, 0x10, 0x6B,
    0x08, 0x2A, 0x10, 0x6B, 0x08, 0x2A, 0x10, 0x6B, 0x08, 0x2A, 0x10, 0x6B, 0x00, 0x2B, 0x10, 0x6B,
    0x00, 0x2B, 0x10, 0x6B, 0x00, 0x2B, 0x10, 0x6B, 0x00, 0x0C, 0x10, 0x6B, 0x00, 0x0B, 0x10, 0x6B,
    0x08, 0x2A, 0x10, 0x6B, 0x00, 0x0C, 0x10, 0x6B, 0x00, 0x0D, 0x10, 0x6B, 0x00, 0x0E, 0x10, 0x6B,
    0x00, 0x0F, 0x10, 0x6B, 0x00, 0x0C, 0x10, 0x6B, 0x08, 0x2A, 0x10, 0x6B, 0x00, 0x0D, 0x10, 0x6B,
    0x00, 0x0D, 0x10, 0x6B, 0x08, 0x2A, 0x10, 0x6B, 0x00, 0x2B, 0x10, 0x6B, 0x00, 0x2B, 0x10, 0x6B,
    0x08, 0x2A, 0x10, 0x6B, 0x00, 0x2B, 0x10, 0x6B, 0x00, 0x2B, 0x10, 0x6B, 0x08, 0x2A, 0x10, 0x6B,
    0x00, 0x2B, 0x10, 0x6B, 0x00, 0x0D, 0x10, 0x6B, 0x00, 0x0D, 0x10, 0x6B, 0x00, 0x0D, 0x10, 0x6B,
    0x00, 0x0C, 0x10, 0x6B, 0x08, 0x2A, 0x10, 0x6B, 0x00, 0x2B, 0x10, 0x6B, 0x00, 0x0C, 0x10, 0x6B,
    0x00, 0x2B, 0x10, 0x6B, 0x08, 0x2A, 0x10, 0x6B, 0x08, 0x2A, 0x10, 0x6B, 0x08, 0x2A, 0x10, 0x6B,
    0x08, 0x2A, 0x10, 0x6B, 0x08, 0x2A, 0x10, 0x6B, 0x00, 0x2B, 0x10, 0x6B, 0x00, 0x2B, 0x10, 0x6B,
    0x00, 0x2B, 0x10, 0x6B, 0x00, 0x0C, 0x10, 0x6B, 0x00, 0x0B, 0x10, 0x6B, 0x08, 0x2A, 0x10, 0x6B,
    0x00, 0x0C, 0x10, 0x6B, 0x00, 0x0D, 0x10, 0x6B, 0x00, 0x0E, 0x10, 0x6B, 0x00, 0x0F, 0x10, 0x6B,
    0x00, 0x0C, 0x10, 0x6B, 0x08, 0x2A, 0x10, 0x6B, 0x00, 0x0D, 0x10, 0x6B, 0x00, 0x0D, 0x10, 0x6B,
    0x08, 0x2A, 0x10, 0x6B, 0x00, 0x2B, 0x10, 0x6B, 0x00, 0x2B, 0x10, 0x6B, 0x08, 0x2A, 0x10, 0x6B,
    0x00, 0x2B, 0x10, 0x6B, 0x00, 0x2B, 0x10, 0x6B, 0x08, 0x2A, 0x10, 0x6B, 0x00, 0x2B, 0x10, 0x6B,
    0x00, 0x0D, 0x10, 0x6B, 0x00, 0x0D, 0x10, 0x6B, 0x00, 0x0D, 0x10, 0x6B, 0x00, 0x0C, 0x10, 0x6B,
    0x08, 0x2A, 0x10, 0x6B, 0x00, 0x2B, 0x10, 0x6B, 0x00, 0x0C, 0x10, 0x6B, 0x00, 0x2B, 0x10, 0x6B,
    0x08, 0x2A, 0x10, 0x6B, 0x08, 0x2A, 0x10, 0x6B, 0x08, 0x2A, 0x10, 0x6B, 0x08, 0x2A, 0x10, 0x6B,
    0x08, 0x2A, 0x10, 0x6B, 0x00, 0x2B, 0x18, 0xB0, 0x00, 0x2B, 0x00, 0x00, 0x00, 0x2B, 0x00, 0x00,
    0x20, 0xD8, 0x00, 0x2B, 0x10, 0x90, 0x00, 0x0C, 0x00, 0x00, 0x08, 0x2A, 0x10, 0x6B, 0x08, 0x2A,
    0x10, 0x6B, 0x00, 0x0C, 0x08, 0x4B, 0x00, 0x0D, 0x08, 0x4B, 0x00, 0x0F, 0x08, 0x4B, 0x00, 0x0C,
    0x08, 0x4B, 0x08, 0x2A, 0x08, 0x4B, 0x00, 0x2B, 0x08, 0x4B, 0x00, 0x0C, 0x08, 0x4B, 0x00, 0x0C,
    0x08, 0x4B, 0x00, 0x0C, 0x08, 0x4B, 0x08, 0x2A, 0x08, 0x4B, 0x08, 0x2A, 0x08, 0x4B, 0x08, 0x2A,
    0x08, 0x4B, 0x08, 0x2A, 0x08, 0x4B, 0x08, 0x2A, 0x08, 0x4B, 0x08, 0x2A, 0x08, 0x4B, 0x08, 0x2A,
    0x08, 0x4B, 0x00, 0x0D, 0x08, 0x4B, 0x00, 0x0C, 0x08, 0x4B, 0x08, 0x2A, 0x08, 0x4B, 0x00, 0x2A,
    0x08, 0x4B, 0x00, 0x0C, 0x08, 0x4B, 0x00, 0x0D, 0x08, 0x4B, 0x00, 0x0E, 0x08, 0x4B, 0x00, 0x0B,
    0x08, 0x4B, 0x00, 0x2B, 0x08, 0x4B, 0x00, 0x0F, 0x08, 0x4B, 0x00, 0x0C, 0x08, 0x4B, 0x00, 0x0B,
    0x08, 0x4B, 0x00, 0x0C, 0x08, 0x4B, 0x00, 0x2B, 0x08, 0x4B, 0x00, 0x2B, 0x08, 0x4B, 0x00, 0x2B,
    0x08, 0x4B, 0x00, 0x0C, 0x08, 0x4B, 0x08, 0x2A, 0x08, 0x4B, 0x08, 0x2A, 0x08, 0x4B, 0x00, 0x0C,
    0x08, 0x4B, 0x00, 0x0D, 0x08, 0x4B, 0x00, 0x0F, 0x08, 0x4B, 0x00, 0x0C, 0x08, 0x4B, 0x08, 0x2A,
    0x08, 0x4B, 0x00, 0x2B, 0x08, 0x4B, 0x00, 0x0C, 0x08, 0x4B, 0x00, 0x0C, 0x08, 0x4B, 0x00, 0x0C,
    0x08, 0x4B, 0x08, 0x2A, 0x08, 0x4B, 0x08, 0x2A, 0x08, 0x4B, 0x08, 0x2A, 0x08, 0x4B, 0x08, 0x2A,
    0x08, 0x4B, 0x08, 0x2A, 0x08, 0x4B, 0x08, 0x2A, 0x08, 0x4B, 0x08, 0x2A, 0x08, 0x4B, 0x00, 0x0D,
    0x08, 0x4B, 0x00, 0x0C, 0x08, 0x4B, 0x08, 0x2A, 0x08, 0x4B, 0x00, 0x2A, 0x08, 0x4B, 0x00, 0x0C,
    0x08, 0x4B, 0x00, 0x0D, 0x08, 0x4B, 0x00, 0x0E, 0x08, 0x4B, 0x00, 0x0B, 0x08, 0x4B, 0x00, 0x2B,
    0x08, 0x4B, 0x00, 0x0F, 0x08, 0x4B, 0x00, 0x0C, 0x08, 0x4B, 0x00, 0x0B, 0x08, 0x4B, 0x00, 0x0C,
    0x08, 0x4B, 0x00, 0x2B, 0x08, 0x4B, 0x00, 0x2B, 0x08, 0x4B, 0x00, 0x2B, 0x08, 0x4B, 0x00, 0x0C,
    0x08, 0x4B, 0x08, 0x2A, 0x08, 0x4B, 0x08, 0x2A, 0x08, 0x4B, 0x00, 0x0C, 0x08, 0x4B, 0x00, 0x0D,
    0x08, 0x4B, 0x00, 0x0F, 0x08, 0x4B, 0x00, 0x0C, 0x08, 0x4B, 0x08, 0x2A, 0x08, 0x4B, 0x00, 0x2B,
    0x08, 0x4B, 0x00, 0x0C, 0x08, 0x4B, 0x00, 0x0C, 0x08, 0x4B, 0x00, 0x0C, 0x08, 0x4B, 0x08, 0x2A,
    0x08, 0x4B, 0x08, 0x2A, 0x08, 0x4B, 0x08, 0x2A, 0x08, 0x4B, 0x08, 0x2A, 0x08, 0x4B, 0x08, 0x2A,
    0x08, 0x4B, 0x08, 0x2A, 0x08, 0x4B, 0x08, 0x2A, 0x08, 0x4B, 0x00, 0x0D, 0x08, 0x4B, 0x00, 0x0C,
    0x08, 0x4B, 0x08, 0x2A, 0x08, 0x4B, 0x00, 0x2A, 0x08, 0x4B, 0x00, 0x0C, 0x08, 0x4B, 0x00, 0x0D,
    0x08, 0x4B, 0x00, 0x0E, 0x08, 0x4B, 0x00, 0x0B, 0x08, 0x4B, 0x00, 0x2B, 0x08, 0x4B, 0x00, 0x0F,
    0x08, 0x4B, 0x00, 0x0C, 0x08, 0x4B, 0x00, 0x0B, 0x08, 0x4B, 0x00, 0x0C, 0x08, 0x4B, 0x00, 0x2B,
    0x08, 0x4B, 0x00, 0x2B, 0x08, 0x4B, 0x00, 0x2B, 0x08, 0x4B, 0x00, 0x0C, 0x08, 0x4B, 0x08, 0x2A,
    0x08, 0x4B, 0x08, 0x2A, 0x08, 0x4B, 0x00, 0x0C, 0x08, 0x4B, 0x00, 0x0D, 0x08, 0x4B, 0x00, 0x0F,
    0x08, 0x4B, 0x00, 0x0C, 0x08, 0x4B, 0x08, 0x2A, 0x08, 0x4B, 0x00, 0x2B, 0x08, 0x4B, 0x00, 0x0C,
    0x08, 0x4B, 0x00, 0x0C, 0x08, 0x4B, 0x00, 0x0C, 0x08, 0x4B, 0x08, 0x2A, 0x08, 0x4B, 0x08, 0x2A,
    0x08, 0x4B, 0x08, 0x2A, 0x08, 0x4B, 0x08, 0x2A, 0x08, 0x4B, 0x08, 0x2A, 0x08, 0x4B, 0x08, 0x2A,
    0x08, 0x4B, 0x08, 0x2A, 0x08, 0x4B, 0x00, 0x0D, 0x08, 0x4B, 0x00, 0x0C, 0x08, 0x4B, 0x08, 0x2A,
    0x08, 0x4B, 0x00, 0x2A, 0x08, 0x4B, 0x00, 0x0C, 0x08, 0x4B, 0x00, 0x0D, 0x08, 0x4B, 0x00, 0x0E,
    0x08, 0x4B, 0x00, 0x0B, 0x08, 0x4B, 0x00, 0x2B, 0x08, 0x4B, 0x00, 0x0F, 0x08, 0x4B, 0x00, 0x0C,
    0x08, 0x4B, 0x00, 0x0B, 0x08, 0x4B, 0x00, 0x0C, 0x08, 0x4B, 0x00, 0x2B, 0x08, 0x4B, 0x00, 0x2B,
    0x08, 0x4B, 0x00, 0x2B, 0x08, 0x4B, 0x00, 0x0C, 0x08, 0x4B, 0x08, 0x2A, 0x08, 0x4B, 0x08, 0x2A,
    0x08, 0x4B, 0x00, 0x0C, 0x08, 0x4B, 0x00, 0x0D, 0x08, 0x4B, 0x00, 0x0F, 0x08, 0x4B, 0x00, 0x0C,
    0x08, 0x4B, 0x08, 0x2A, 0x08, 0x4B, 0x00, 0x2B, 0x08, 0x4B, 0x00, 0x0C, 0x08, 0x4B, 0x00, 0x0C,
    0x08, 0x4B, 0x00, 0x0C, 0x08, 0x4B, 0x08, 0x2A, 0x08, 0x4B, 0x08, 0x2A, 0x08, 0x4B, 0x08, 0x2A,
    0x10, 0x6B, 0x08, 0x2A, 0x10, 0x6B, 0x08, 0x2A, 0x08, 0x49, 0x08, 0x2A, 0x00, 0x00, 0x08, 0x2A,
    0x00, 0x0C, 0x18, 0x91, 0x00, 0x0C, 0x10, 0x6C, 0x00, 0x0C, 0x10, 0x6B, 0x00, 0x2B, 0x10, 0x6B,
    0x00, 0x0C, 0x10, 0x6B, 0x00, 0x0C, 0x08, 0x4B, 0x00, 0x0D, 0x08, 0x4B, 0x00, 0x0E, 0x08, 0x4B,
    0x00, 0x2B, 0x08, 0x4B, 0x08, 0x2A, 0x08, 0x4B, 0x00, 0x0B, 0x08, 0x4B, 0x00, 0x0D, 0x08, 0x4B,
    0x00, 0x0C, 0x08, 0x4B, 0x00, 0x0C, 0x08, 0x4B, 0x00, 0x0C, 0x08, 0x4B, 0x00, 0x0C, 0x08, 0x4B,
    0x00, 0x2B, 0x08, 0x4B, 0x08, 0x2A, 0x08, 0x4B, 0x08, 0x2A, 0x08, 0x4B, 0x00, 0x2B, 0x08, 0x4B,
    0x00, 0x2B, 0x08, 0x4B, 0x00, 0x0E, 0x08, 0x4B, 0x00, 0x0D, 0x08, 0x4B, 0x00, 0x2B, 0x08, 0x4B,
    0x08, 0x2A, 0x08, 0x4B, 0x08, 0x2A, 0x08, 0x4B, 0x00, 0x0B, 0x08, 0x4B, 0x00, 0x0D, 0x08, 0x4B,
    0x00, 0x2B, 0x08, 0x4B, 0x00, 0x0C, 0x08, 0x4B, 0x00, 0x0F, 0x08, 0x4B, 0x00, 0x0C, 0x08, 0x4B,
    0x00, 0x0D, 0x08, 0x4B, 0x00, 0x0C, 0x08, 0x4B, 0x00, 0x0B, 0x08, 0x4B, 0x00, 0x0C, 0x08, 0x4B,
    0x00, 0x0C, 0x08, 0x4B, 0x00, 0x0C, 0x08, 0x4B, 0x00, 0x2B, 0x08, 0x4B, 0x00, 0x0C, 0x08, 0x4B,
    0x00, 0x0C, 0x08, 0x4B, 0x00, 0x0D, 0x08, 0x4B, 0x00, 0x0E, 0x08, 0x4B, 0x00, 0x2B, 0x08, 0x4B,
    0x08, 0x2A, 0x08, 0x4B, 0x00, 0x0B, 0x08, 0x4B, 0x00, 0x0D, 0x08, 0x4B, 0x00, 0x0C, 0x08, 0x4B,
    0x00, 0x0C, 0x08, 0x4B, 0x00, 0x0C, 0x08, 0x4B, 0x00, 0x0C, 0x08, 0x4B, 0x00, 0x2B, 0x08, 0x4B,
    0x08, 0x2A, 0x08, 0x4B, 0x08, 0x2A, 0x08, 0x4B, 0x00, 0x2B, 0x08, 0x4B, 0x00, 0x2B, 0x08, 0x4B,
    0x00, 0x0E, 0x08, 0x4B, 0x00, 0x0D, 0x08, 0x4B, 0x00, 0x2B, 0x08, 0x4B, 0x08, 0x2A, 0x08, 0x4B,
    0x08, 0x2A, 0x08, 0x4B, 0x00, 0x0B, 0x08, 0x4B, 0x00, 0x0D, 0x08, 0x4B, 0x00, 0x2B, 0x08, 0x4B,
    0x00, 0x0C, 0x08, 0x4B, 0x00, 0x0F, 0x08, 0x4B, 0x00, 0x0C, 0x08, 0x4B, 0x00, 0x0D, 0x08, 0x4B,
    0x00, 0x0C, 0x08, 0x4B, 0x00, 0x0B, 0x08, 0x4B, 0x00, 0x0C, 0x08, 0x4B, 0x00, 0x0C, 0x08, 0x4B,
    0x00, 0x0C, 0x08, 0x4B, 0x00, 0x2B, 0x08, 0x4B, 0x00, 0x0C, 0x08, 0x4B, 0x00, 0x0C, 0x08, 0x4B,
    0x00, 0x0D, 0x08, 0x4B, 0x00, 0x0E, 0x08, 0x4B, 0x00, 0x2B, 0x08, 0x4B, 0x08, 0x2A, 0x08, 0x4B,
    0x00, 0x0B, 0x08, 0x4B, 0x00, 0x0D, 0x08, 0x4B, 0x00, 0x0C, 0x08, 0x4B, 0x00, 0x0C, 0x08, 0x4B,
    0x00, 0x0C, 0x08, 0x4B, 0x00, 0x0C, 0x08, 0x4B, 0x00, 0x2B, 0x08, 0x4B, 0x08, 0x2A, 0x08, 0x4B,
    0x08, 0x2A, 0x08, 0x4B, 0x00, 0x2B, 0x08, 0x4B, 0x00, 0x2B, 0x08, 0x4B, 0x00, 0x0E, 0x08, 0x4B,
    0x00, 0x0D, 0x08, 0x4B, 0x00, 0x2B, 0x08, 0x4B, 0x08, 0x2A, 0x08, 0x4B, 0x08, 0x2A, 0x08, 0x4B,
    0x00, 0x0B, 0x08, 0x4B, 0x00, 0x0D, 0x08, 0x4B, 0x00, 0x2B, 0x08, 0x4B, 0x00, 0x0C, 0x08, 0x4B,
    0x00, 0x0F, 0x08, 0x4B, 0x00, 0x0C, 0x08, 0x4B, 0x00, 0x0D, 0x08, 0x4B, 0x00, 0x0C, 0x08, 0x4B,
    0x00, 0x0B, 0x08, 0x4B, 0x00, 0x0C, 0x08, 0x4B, 0x00, 0x0C, 0x08, 0x4B, 0x00, 0x0C, 0x08, 0x4B,
    0x00, 0x2B, 0x08, 0x4B, 0x00, 0x0C, 0x08, 0x4B, 0x00, 0x0C, 0x08, 0x4B, 0x00, 0x0D, 0x08, 0x4B,
    0x00, 0x0E, 0x08, 0x4B, 0x00, 0x2B, 0x08, 0x4B, 0x08, 0x2A, 0x08, 0x4B, 0x00, 0x0B, 0x08, 0x4B,
    0x00, 0x0D, 0x08, 0x4B, 0x00, 0x0C, 0x08, 0x4B, 0x00, 0x0C, 0x08, 0x4B, 0x00, 0x0C, 0x08, 0x4B,
    0x00, 0x0C, 0x08, 0x4B, 0x00, 0x2B, 0x08, 0x4B, 0x08, 0x2A, 0x08, 0x4B, 0x08, 0x2A, 0x08, 0x4B,
    0x00, 0x2B, 0x08, 0x4B, 0x00, 0x2B, 0x08, 0x4B, 0x00, 0x0E, 0x08, 0x4B, 0x00, 0x0D, 0x08, 0x4B,
    0x00, 0x2B, 0x08, 0x4B, 0x08, 0x2A, 0x08, 0x4B, 0x08, 0x2A, 0x08, 0x4B, 0x00, 0x0B, 0x08, 0x4B,
    0x00, 0x0D, 0x08, 0x4B, 0x00, 0x2B, 0x08, 0x4B, 0x00, 0x0C, 0x08, 0x4B, 0x00, 0x0F, 0x08, 0x4B,
    0x00, 0x0C, 0x08, 0x4B, 0x00, 0x0D, 0x08, 0x4B, 0x00, 0x0C, 0x08, 0x4B, 0x00, 0x0B, 0x08, 0x4B,
    0x00, 0x0C, 0x08, 0x4B, 0x00, 0x0C, 0x08, 0x4B, 0x00, 0x0C, 0x08, 0x4B, 0x00, 0x2B, 0x08, 0x4B,
    0x00, 0x0C, 0x08, 0x4B, 0x00, 0x0C, 0x08, 0x4B, 0x00, 0x0D, 0x08, 0x4B, 0x00, 0x0E, 0x08, 0x4B,
    0x00, 0x2B, 0x08, 0x4B, 0x08, 0x2A, 0x08, 0x4B, 0x00, 0x0B, 0x08, 0x4B, 0x00, 0x0D, 0x08, 0x4B,
    0x00, 0x0C, 0x08, 0x4B, 0x00, 0x0C, 0x08, 0x4B, 0x00, 0x0C, 0x08, 0x4B, 0x00, 0x0C, 0x10, 0x6B,
    0x00, 0x2B, 0x10, 0x6B, 0x08, 0x2A, 0x10, 0x90, 0x08, 0x2A, 0x00, 0x00, 0x00, 0x2B, 0x00, 0x00,
    0x20, 0xB8, 0x00, 0x0C, 0x10, 0x6F, 0x00, 0x0D, 0x00, 0x00, 0x00, 0x0D, 0x08, 0x4B, 0x00, 0x0C,
    0x08, 0x4B, 0x00, 0x2B, 0x08, 0x4A, 0x00, 0x0B, 0x08, 0x4A, 0x00, 0x0E, 0x08, 0x4A, 0x00, 0x0D,
    0x08, 0x4A, 0x00, 0x2B, 0x08, 0x4A, 0x00, 0x2A, 0x08, 0x4A, 0x00, 0x2B, 0x08, 0x4A, 0x00, 0x2B,
    0x08, 0x4A, 0x00, 0x2B, 0x08, 0x4A, 0x00, 0x0C, 0x08, 0x4A, 0x00, 0x0C, 0x08, 0x4A, 0x00, 0x0D,
    0x08, 0x4A, 0x00, 0x2B, 0x08, 0x4A, 0x08, 0x2A, 0x08, 0x4A, 0x00, 0x0C, 0x08, 0x4A, 0x00, 0x2B,
    0x08, 0x4A, 0x00, 0x0D, 0x08, 0x4A, 0x00, 0x0F, 0x08, 0x4A, 0x00, 0x0E, 0x08, 0x4A, 0x00, 0x0C,
    0x08, 0x4A, 0x08, 0x2A, 0x08, 0x4A, 0x08, 0x2A, 0x08, 0x4A, 0x00, 0x2B, 0x08, 0x4A, 0x00, 0x2B,
    0x08, 0x4A, 0x08, 0x2A, 0x08, 0x4A, 0x00, 0x0C, 0x08, 0x4A, 0x00, 0x0E, 0x08, 0x4A, 0x00, 0x0B,
    0x08, 0x4A, 0x00, 0x0C, 0x08, 0x4A, 0x00, 0x0C, 0x08, 0x4A, 0x00, 0x0C, 0x08, 0x4A, 0x00, 0x0C,
    0x08, 0x4A, 0x00, 0x0D, 0x08, 0x4A, 0x00, 0x0D, 0x08, 0x4A, 0x00, 0x0C, 0x08, 0x4A, 0x00, 0x2B,
    0x08, 0x4A, 0x00, 0x0B, 0x08, 0x4A, 0x00, 0x0E, 0x08, 0x4A, 0x00, 0x0D, 0x08, 0x4A, 0x00, 0x2B,
    0x08, 0x4A, 0x00, 0x2A, 0x08, 0x4A, 0x00, 0x2B, 0x08, 0x4A, 0x00, 0x2B, 0x08, 0x4A, 0x00, 0x2B,
    0x08, 0x4A, 0x00, 0x0C, 0x08, 0x4A, 0x00, 0x0C, 0x08, 0x4A, 0x00, 0x0D, 0x08, 0x4A, 0x00, 0x2B,
    0x08, 0x4A, 0x08, 0x2A, 0x08, 0x4A, 0x00, 0x0C, 0x08, 0x4A, 0x00, 0x2B, 0x08, 0x4A, 0x00, 0x0D,
    0x08, 0x4A, 0x00, 0x0F, 0x08, 0x4A, 0x00, 0x0E, 0x08, 0x4A, 0x00, 0x0C, 0x08, 0x4A, 0x08, 0x2A,
    0x08, 0x4A, 0x08, 0x2A, 0x08, 0x4A, 0x00, 0x2B, 0x08, 0x4A, 0x00, 0x2B, 0x08, 0x4A, 0x08, 0x2A,
    0x08, 0x4A, 0x00, 0x0C, 0x08, 0x4A, 0x00, 0x0E, 0x08, 0x4A, 0x00, 0x0B, 0x08, 0x4A, 0x00, 0x0C,
    0x08, 0x4A, 0x00, 0x0C, 0x08, 0x4A, 0x00, 0x0C, 0x08, 0x4A, 0x00, 0x0C, 0x08, 0x4A, 0x00, 0x0D,
    0x08, 0x4A, 0x00, 0x0D, 0x08, 0x4A, 0x00, 0x0C, 0x08, 0x4A, 0x00, 0x2B, 0x08, 0x4A, 0x00, 0x0B,
    0x08, 0x4A, 0x00, 0x0E, 0x08, 0x4A, 0x00, 0x0D, 0x08, 0x4A, 0x00, 0x2B, 0x08, 0x4A, 0x00, 0x2A,
    0x08, 0x4A, 0x00, 0x2B, 0x08, 0x4A, 0x00, 0x2B, 0x08, 0x4A, 0x00, 0x2B, 0x08, 0x4A, 0x00, 0x0C,
    0x08, 0x4A, 0x00, 0x0C, 0x08, 0x4A, 0x00, 0x0D, 0x08, 0x4A, 0x00, 0x2B, 0x08, 0x4A, 0x08, 0x2A,
    0x08, 0x4A, 0x00, 0x0C, 0x08, 0x4A, 0x00, 0x2B, 0x08, 0x4A, 0x00, 0x0D, 0x08, 0x4A, 0x00, 0x0F,
    0x08, 0x4A, 0x00, 0x0E, 0x08, 0x4A, 0x00, 0x0C, 0x08, 0x4A, 0x08, 0x2A, 0x08, 0x4A, 0x08, 0x2A,
    0x08, 0x4A, 0x00, 0x2B, 0x08, 0x4A, 0x00, 0x2B, 0x08, 0x4A, 0x08, 0x2A, 0x08, 0x4A, 0x00, 0x0C,
    0x08, 0x4A, 0x00, 0x0E, 0x08, 0x4A, 0x00, 0x0B, 0x08, 0x4A, 0x00, 0x0C, 0x08, 0x4A, 0x00, 0x0C,
    0x08, 0x4A, 0x00, 0x0C, 0x08, 0x4A, 0x00, 0x0C, 0x08, 0x4A, 0x00, 0x0D, 0x08, 0x4A, 0x00, 0x0D,
    0x08, 0x4A, 0x00, 0x0C, 0x08, 0x4A, 0x00, 0x2B, 0x08, 0x4A, 0x00, 0x0B, 0x08, 0x4A, 0x00, 0x0E,
    0x08, 0x4A, 0x00, 0x0D, 0x08, 0x4A, 0x00, 0x2B, 0x08, 0x4A, 0x00, 0x2A, 0x08, 0x4A, 0x00, 0x2B,
    0x08, 0x4A, 0x00, 0x2B, 0x08, 0x4A, 0x00, 0x2B, 0x08, 0x4A, 0x00, 0x0C, 0x08, 0x4A, 0x00, 0x0C,
    0x08, 0x4A, 0x00, 0x0D, 0x08, 0x4A, 0x00, 0x2B, 0x08, 0x4A, 0x08, 0x2A, 0x08, 0x4A, 0x00, 0x0C,
    0x08, 0x4A, 0x00, 0x2B, 0x08, 0x4A, 0x00, 0x0D, 0x08, 0x4A, 0x00, 0x0F, 0x08, 0x4A, 0x00, 0x0E,
    0x08, 0x4A, 0x00, 0x0C, 0x08, 0x4A, 0x08, 0x2A, 0x08, 0x4A, 0x08, 0x2A, 0x08, 0x4A, 0x00, 0x2B,
    0x08, 0x4A, 0x00, 0x2B, 0x08, 0x4A, 0x08, 0x2A, 0x08, 0x4A, 0x00, 0x0C, 0x08, 0x4A, 0x00, 0x0E,
    0x08, 0x4A, 0x00, 0x0B, 0x08, 0x4A, 0x00, 0x0C, 0x08, 0x4A, 0x00, 0x0C, 0x08, 0x4A, 0x00, 0x0C,
    0x08, 0x4A, 0x00, 0x0C, 0x08, 0x4A, 0x00, 0x0D, 0x08, 0x4A, 0x00, 0x0D, 0x08, 0x4A, 0x00, 0x0C,
    0x08, 0x4A, 0x00, 0x2B, 0x08, 0x4A, 0x00, 0x0B, 0x08, 0x4A, 0x00, 0x0E, 0x08, 0x4A, 0x00, 0x0D,
    0x08, 0x4A, 0x00, 0x2B, 0x08, 0x4A, 0x00, 0x2A, 0x08, 0x4A, 0x00, 0x2B, 0x08, 0x4A, 0x00, 0x2B,
    0x08, 0x4A, 0x00, 0x2B, 0x08, 0x4A, 0x00, 0x0C, 0x08, 0x4A, 0x00, 0x0C, 0x08, 0x4A, 0x00, 0x0D,
    0x08, 0x4B, 0x00, 0x2B, 0x08, 0x4B, 0x08, 0x2A, 0x08, 0x49, 0x00, 0x0C, 0x00, 0x00, 0x00, 0x2B,
    0x00, 0x0C, 0x10, 0x70, 0x00, 0x0C, 0x08, 0x4C, 0x00, 0x0C, 0x08, 0x4B, 0x00, 0x0C, 0x08, 0x4B,
    0x00, 0x2B, 0x08, 0x4B, 0x08, 0x2A, 0x08, 0x4A, 0x00, 0x2B, 0x08, 0x4A, 0x00, 0x0D, 0x08, 0x4A,
    0x00, 0x0C, 0x08, 0x4A, 0x00, 0x2B, 0x08, 0x4A, 0x00, 0x2B, 0x08, 0x4A, 0x08, 0x2A, 0x08, 0x4A,
    0x08, 0x2A, 0x08, 0x4A, 0x08, 0x2A, 0x08, 0x4A, 0x00, 0x0C, 0x08, 0x4A, 0x00, 0x0C, 0x08, 0x4A,
    0x00, 0x0D, 0x08, 0x4A, 0x00, 0x2B, 0x08, 0x4A, 0x00, 0x2B, 0x08, 0x4A, 0x00, 0x0C, 0x08, 0x4A,
    0x00, 0x2B, 0x08, 0x4A, 0x00, 0x0C, 0x08, 0x4A, 0x00, 0x0D, 0x08, 0x4A, 0x00, 0x0F, 0x08, 0x4A,
    0x00, 0x0C, 0x08, 0x4A, 0x00, 0x2B, 0x08, 0x4A, 0x00, 0x2B, 0x08, 0x4A, 0x00, 0x2B, 0x08, 0x4A,
    0x08, 0x2A, 0x08, 0x4A, 0x08, 0x2A, 0x08, 0x4A, 0x00, 0x0D, 0x08, 0x4A, 0x00, 0x0C, 0x08, 0x4A,
    0x08, 0x2A, 0x08, 0x4A, 0x00, 0x2B, 0x08, 0x4A, 0x00, 0x0C, 0x08, 0x4A, 0x00, 0x0C, 0x08, 0x4A,
    0x00, 0x0C, 0x08, 0x4A, 0x00, 0x0C, 0x08, 0x4A, 0x00, 0x0C, 0x08, 0x4A, 0x00, 0x2B, 0x08, 0x4A,
    0x08, 0x2A, 0x08, 0x4A, 0x00, 0x2B, 0x08, 0x4A, 0x00, 0x0D, 0x08, 0x4A, 0x00, 0x0C, 0x08, 0x4A,
    0x00, 0x2B, 0x08, 0x4A, 0x00, 0x2B, 0x08, 0x4A, 0x08, 0x2A, 0x08, 0x4A, 0x08, 0x2A, 0x08, 0x4A,
    0x08, 0x2A, 0x08, 0x4A, 0x00, 0x0C, 0x08, 0x4A, 0x00, 0x0C, 0x08, 0x4A, 0x00, 0x0D, 0x08, 0x4A,
    0x00, 0x2B, 0x08, 0x4A, 0x00, 0x2B, 0x08, 0x4A, 0x00, 0x0C, 0x08, 0x4A, 0x00, 0x2B, 0x08, 0x4A,
    0x00, 0x0C, 0x08, 0x4A, 0x00, 0x0D, 0x08, 0x4A, 0x00, 0x0F, 0x08, 0x4A, 0x00, 0x0C, 0x08, 0x4A,
    0x00, 0x2B, 0x08, 0x4A, 0x00, 0x2B, 0x08, 0x4A, 0x00, 0x2B, 0x08, 0x4A, 0x08, 0x2A, 0x08, 0x4A,
    0x08, 0x2A, 0x08, 0x4A, 0x00, 0x0D, 0x08, 0x4A, 0x00, 0x0C, 0x08, 0x4A, 0x08, 0x2A, 0x08, 0x4A,
    0x00, 0x2B, 0x08, 0x4A, 0x00, 0x0C, 0x08, 0x4A, 0x00, 0x0C, 0x08, 0x4A, 0x00, 0x0C, 0x08, 0x4A,
    0x00, 0x0C, 0x08, 0x4A, 0x00, 0x0C, 0x08, 0x4A, 0x00, 0x2B, 0x08, 0x4A, 0x08, 0x2A, 0x08, 0x4A,
    0x00, 0x2B, 0x08, 0x4A, 0x00, 0x0D, 0x08, 0x4A, 0x00, 0x0C, 0x08, 0x4A, 0x00, 0x2B, 0x08, 0x4A,
    0x00, 0x2B, 0x08, 0x4A, 0x08, 0x2A, 0x08, 0x4A, 0x08, 0x2A, 0x08, 0x4A, 0x08, 0x2A, 0x08, 0x4A,
    0x00, 0x0C, 0x08, 0x4A, 0x00, 0x0C, 0x08, 0x4A, 0x00, 0x0D, 0x08, 0x4A, 0x00, 0x2B, 0x08, 0x4A,
    0x00, 0x2B, 0x08, 0x4A, 0x00, 0x0C, 0x08, 0x4A, 0x00, 0x2B, 0x08, 0x4A, 0x00, 0x0C, 0x08, 0x4A,
    0x00, 0x0D, 0x08, 0x4A, 0x00, 0x0F, 0x08, 0x4A, 0x00, 0x0C, 0x08, 0x4A, 0x00, 0x2B, 0x08, 0x4A,
    0x00, 0x2B, 0x08, 0x4A, 0x00, 0x2B, 0x08, 0x4A, 0x08, 0x2A, 0x08, 0x4A, 0x08, 0x2A, 0x08, 0x4A,
    0x00, 0x0D, 0x08, 0x4A, 0x00, 0x0C, 0x08, 0x4A, 0x08, 0x2A, 0x08, 0x4A, 0x00, 0x2B, 0x08, 0x4A,
    0x00, 0x0C, 0x08, 0x4A, 0x00, 0x0C, 0x08, 0x4A, 0x00, 0x0C, 0x08, 0x4A, 0x00, 0x0C, 0x08, 0x4A,
    0x00, 0x0C, 0x08, 0x4A, 0x00, 0x2B, 0x08, 0x4A, 0x08, 0x2A, 0x08, 0x4A, 0x00, 0x2B, 0x08, 0x4A,
    0x00, 0x0D, 0x08, 0x4A, 0x00, 0x0C, 0x08, 0x4A, 0x00, 0x2B, 0x08, 0x4A, 0x00, 0x2B, 0x08, 0x4A,
    0x08, 0x2A, 0x08, 0x4A, 0x08, 0x2A, 0x08, 0x4A, 0x08, 0x2A, 0x08, 0x4A, 0x00, 0x0C, 0x08, 0x4A,
    0x00, 0x0C, 0x08, 0x4A, 0x00, 0x0D, 0x08, 0x4A, 0x00, 0x2B, 0x08, 0x4A, 0x00, 0x2B, 0x08, 0x4A,
    0x00, 0x0C, 0x08, 0x4A, 0x00, 0x2B, 0x08, 0x4A, 0x00, 0x0C, 0x08, 0x4A, 0x00, 0x0D, 0x08, 0x4A,
    0x00, 0x0F, 0x08, 0x4A, 0x00, 0x0C, 0x08, 0x4A, 0x00, 0x2B, 0x08, 0x4A, 0x00, 0x2B, 0x08, 0x4A,
    0x00, 0x2B, 0x08, 0x4A, 0x08, 0x2A, 0x08, 0x4A, 0x08, 0x2A, 0x08, 0x4A, 0x00, 0x0D, 0x08, 0x4A,
    0x00, 0x0C, 0x08, 0x4A, 0x08, 0x2A, 0x08, 0x4A, 0x00, 0x2B, 0x08, 0x4A, 0x00, 0x0C, 0x08, 0x4A,
    0x00, 0x0C, 0x08, 0x4A, 0x00, 0x0C, 0x08, 0x4A, 0x00, 0x0C, 0x08, 0x4A, 0x00, 0x0C, 0x08, 0x4A,
    0x00, 0x2B, 0x08, 0x4A, 0x08, 0x2A, 0x08, 0x4A, 0x00, 0x2B, 0x08, 0x4A, 0x00, 0x0D, 0x08, 0x4A,
    0x00, 0x0C, 0x08, 0x4A, 0x00, 0x2B, 0x08, 0x4A, 0x00, 0x2B, 0x08, 0x4A, 0x08, 0x2A, 0x08, 0x4A,
    0x08, 0x2A, 0x08, 0x4A, 0x08, 0x2A, 0x08, 0x4A, 0x00, 0x0C, 0x08, 0x4A, 0x00, 0x0C, 0x08, 0x4B,
    0x00, 0x0D, 0x08, 0x4B, 0x00, 0x2B, 0x10, 0x6F, 0x00, 0x2B, 0x00, 0x00, 0x00, 0x0C, 0x00, 0x00,
    0x18, 0x97, 0x00, 0x2B, 0x10, 0x6F, 0x08, 0x2A, 0x00, 0x00, 0x00, 0x2A, 0x08, 0x4A, 0x00, 0x2B,
    0x08, 0x4A, 0x08, 0x2A, 0x08, 0x2A, 0x08, 0x2A, 0x08, 0x2A, 0x00, 0x2B, 0x08, 0x2A, 0x00, 0x0C,
    0x08, 0x2A, 0x00, 0x2B, 0x08, 0x2A, 0x00, 0x0C, 0x08, 0x2A, 0x00, 0x2B, 0x08, 0x2A, 0x08, 0x2A,
    0x08, 0x2A, 0x08, 0x2A, 0x08, 0x2A, 0x08, 0x2A, 0x08, 0x2A, 0x08, 0x2A, 0x08, 0x2A, 0x00, 0x0C,
    0x08, 0x2A, 0x00, 0x0D, 0x08, 0x2A, 0x00, 0x2B, 0x08, 0x2A, 0x00, 0x2B, 0x08, 0x2A, 0x08, 0x2A,
    0x08, 0x2A, 0x08, 0x2A, 0x08, 0x2A, 0x08, 0x2A, 0x08, 0x2A, 0x00, 0x0D, 0x08, 0x2A, 0x00, 0x0E,
    0x08, 0x2A, 0x00, 0x0C, 0x08, 0x2A, 0x00, 0x0C, 0x08, 0x2A, 0x00, 0x2B, 0x08, 0x2A, 0x00, 0x0C,
    0x08, 0x2A, 0x08, 0x2A, 0x08, 0x2A, 0x00, 0x0C, 0x08, 0x2A, 0x00, 0x0D, 0x08, 0x2A, 0x00, 0x2B,
    0x08, 0x2A, 0x08, 0x2A, 0x08, 0x2A, 0x00, 0x2B, 0x08, 0x2A, 0x00, 0x2B, 0x08, 0x2A, 0x00, 0x2B,
    0x08, 0x2A, 0x08, 0x2A, 0x08, 0x2A, 0x00, 0x2A, 0x08, 0x2A, 0x00, 0x2B, 0x08, 0x2A, 0x08, 0x2A,
    0x08, 0x2A, 0x08, 0x2A, 0x08, 0x2A, 0x00, 0x2B, 0x08, 0x2A, 0x00, 0x0C, 0x08, 0x2A, 0x00, 0x2B,
    0x08, 0x2A, 0x00, 0x0C, 0x08, 0x2A, 0x00, 0x2B, 0x08, 0x2A, 0x08, 0x2A, 0x08, 0x2A, 0x08, 0x2A,
    0x08, 0x2A, 0x08, 0x2A, 0x08, 0x2A, 0x08, 0x2A, 0x08, 0x2A, 0x00, 0x0C, 0x08, 0x2A, 0x00, 0x0D,
    0x08, 0x2A, 0x00, 0x2B, 0x08, 0x2A, 0x00, 0x2B, 0x08, 0x2A, 0x08, 0x2A, 0x08, 0x2A, 0x08, 0x2A,
    0x08, 0x2A, 0x08, 0x2A, 0x08, 0x2A, 0x00, 0x0D, 0x08, 0x2A, 0x00, 0x0E, 0x08, 0x2A, 0x00, 0x0C,
    0x08, 0x2A, 0x00, 0x0C, 0x08, 0x2A, 0x00, 0x2B, 0x08, 0x2A, 0x00, 0x0C, 0x08, 0x2A, 0x08, 0x2A,
    0x08, 0x2A, 0x00, 0x0C, 0x08, 0x2A, 0x00, 0x0D, 0x08, 0x2A, 0x00, 0x2B, 0x08, 0x2A, 0x08, 0x2A,
    0x08, 0x2A, 0x00, 0x2B, 0x08, 0x2A, 0x00, 0x2B, 0x08, 0x2A, 0x00, 0x2B, 0x08, 0x2A, 0x08, 0x2A,
    0x08, 0x2A, 0x00, 0x2A, 0x08, 0x2A, 0x00, 0x2B, 0x08, 0x2A, 0x08, 0x2A, 0x08, 0x2A, 0x08, 0x2A,
    0x08, 0x2A, 0x00, 0x2B, 0x08, 0x2A, 0x00, 0x0C, 0x08, 0x2A, 0x00, 0x2B, 0x08, 0x2A, 0x00, 0x0C,
    0x08, 0x2A, 0x00, 0x2B, 0x08, 0x2A, 0x08, 0x2A, 0x08, 0x2A, 0x08, 0x2A, 0x08, 0x2A, 0x08, 0x2A,
    0x08, 0x2A, 0x08, 0x2A, 0x08, 0x2A, 0x00, 0x0C, 0x08, 0x2A, 0x00, 0x0D, 0x08, 0x2A, 0x00, 0x2B,
    0x08, 0x2A, 0x00, 0x2B, 0x08, 0x2A, 0x08, 0x2A, 0x08, 0x2A, 0x08, 0x2A, 0x08, 0x2A, 0x08, 0x2A,
    0x08, 0x2A, 0x00, 0x0D, 0x08, 0x2A, 0x00, 0x0E, 0x08, 0x2A, 0x00, 0x0C, 0x08, 0x2A, 0x00, 0x0C,
    0x08, 0x2A, 0x00, 0x2B, 0x08, 0x2A, 0x00, 0x0C, 0x08, 0x2A, 0x08, 0x2A, 0x08, 0x2A, 0x00, 0x0C,
    0x08, 0x2A, 0x00, 0x0D, 0x08, 0x2A, 0x00, 0x2B, 0x08, 0x2A, 0x08, 0x2A, 0x08, 0x2A, 0x00, 0x2B,
    0x08, 0x2A, 0x00, 0x2B, 0x08, 0x2A, 0x00, 0x2B, 0x08, 0x2A, 0x08, 0x2A, 0x08, 0x2A, 0x00, 0x2A,
    0x08, 0x2A, 0x00, 0x2B, 0x08, 0x2A, 0x08, 0x2A, 0x08, 0x2A, 0x08, 0x2A, 0x08, 0x2A, 0x00, 0x2B,
    0x08, 0x2A, 0x00, 0x0C, 0x08, 0x2A, 0x00, 0x2B, 0x08, 0x2A, 0x00, 0x0C, 0x08, 0x2A, 0x00, 0x2B,
    0x08, 0x2A, 0x08, 0x2A, 0x08, 0x2A, 0x08, 0x2A, 0x08, 0x2A, 0x08, 0x2A, 0x08, 0x2A, 0x08, 0x2A,
    0x08, 0x2A, 0x00, 0x0C, 0x08, 0x2A, 0x00, 0x0D, 0x08, 0x2A, 0x00, 0x2B, 0x08, 0x2A, 0x00, 0x2B,
    0x08, 0x2A, 0x08, 0x2A, 0x08, 0x2A, 0x08, 0x2A, 0x08, 0x2A, 0x08, 0x2A, 0x08, 0x2A, 0x00, 0x0D,
    0x08, 0x2A, 0x00, 0x0E, 0x08, 0x2A, 0x00, 0x0C, 0x08, 0x2A, 0x00, 0x0C, 0x08, 0x2A, 0x00, 0x2B,
    0x08, 0x2A, 0x00, 0x0C, 0x08, 0x2A, 0x08, 0x2A, 0x08, 0x2A, 0x00, 0x0C, 0x08, 0x2A, 0x00, 0x0D,
    0x08, 0x2A, 0x00, 0x2B, 0x08, 0x2A, 0x08, 0x2A, 0x08, 0x2A, 0x00, 0x2B, 0x08, 0x2A, 0x00, 0x2B,
    0x08, 0x2A, 0x00, 0x2B, 0x08, 0x2A, 0x08, 0x2A, 0x08, 0x2A, 0x00, 0x2A, 0x08, 0x2A, 0x00, 0x2B,
    0x08, 0x2A, 0x08, 0x2A, 0x08, 0x2A, 0x08, 0x2A, 0x08, 0x2A, 0x00, 0x2B, 0x08, 0x2A, 0x00, 0x0C,
    0x08, 0x2A, 0x00, 0x2B, 0x08, 0x2A, 0x00, 0x0C, 0x08, 0x2A, 0x00, 0x2B, 0x08, 0x2A, 0x08, 0x2A,
    0x08, 0x2A, 0x08, 0x2A, 0x08, 0x2A, 0x08, 0x2A, 0x08, 0x2A, 0x08, 0x2A, 0x08, 0x2A, 0x00, 0x0C,
    0x08, 0x4A, 0x00, 0x0D, 0x08, 0x4A, 0x00, 0x2B, 0x08, 0x29, 0x00, 0x2B, 0x00, 0x00, 0x08, 0x2A,
    0x00, 0x2B, 0x10, 0x6F, 0x00, 0x2A, 0x08, 0x4C, 0x08, 0x2A, 0x08, 0x4A, 0x08, 0x2A, 0x08, 0x4A,
    0x00, 0x2B, 0x08, 0x4A, 0x08, 0x2A, 0x08, 0x2A, 0x08, 0x2A, 0x08, 0x2A, 0x00, 0x0C, 0x08, 0x2A,
    0x00, 0x2B, 0x08, 0x2A, 0x00, 0x2B, 0x08, 0x2A, 0x00, 0x0C, 0x08, 0x2A, 0x00, 0x0C, 0x08, 0x2A,
    0x00, 0x0C, 0x08, 0x2A, 0x08, 0x2A, 0x08, 0x2A, 0x08, 0x2A, 0x08, 0x2A, 0x08, 0x2A, 0x08, 0x2A,
    0x00, 0x2B, 0x08, 0x2A, 0x00, 0x2B, 0x08, 0x2A, 0x00, 0x2B, 0x08, 0x2A, 0x08, 0x2A, 0x08, 0x2A,
    0x08, 0x2A, 0x08, 0x2A, 0x08, 0x2A, 0x08, 0x2A, 0x08, 0x2A, 0x08, 0x2A, 0x00, 0x0B, 0x08, 0x2A,
    0x00, 0x0D, 0x08, 0x2A, 0x00, 0x0D, 0x08, 0x2A, 0x00, 0x0C, 0x08, 0x2A, 0x00, 0x0C, 0x08, 0x2A,
    0x00, 0x0C, 0x08, 0x2A, 0x00, 0x2B, 0x08, 0x2A, 0x00, 0x0E, 0x08, 0x2A, 0x00, 0x0C, 0x08, 0x2A,
    0x00, 0x2B, 0x08, 0x2A, 0x08, 0x2A, 0x08, 0x2A, 0x00, 0x2B, 0x08, 0x2A, 0x00, 0x2B, 0x08, 0x2A,
    0x00, 0x2A, 0x08, 0x2A, 0x08, 0x2A, 0x08, 0x2A, 0x08, 0x2A, 0x08, 0x2A, 0x00, 0x2B, 0x08, 0x2A,
    0x08, 0x2A, 0x08, 0x2A, 0x08, 0x2A, 0x08, 0x2A, 0x00, 0x0C, 0x08, 0x2A, 0x00, 0x2B, 0x08, 0x2A,
    0x00, 0x2B, 0x08, 0x2A, 0x00, 0x0C, 0x08, 0x2A, 0x00, 0x0C, 0x08, 0x2A, 0x00, 0x0C, 0x08, 0x2A,
    0x08, 0x2A, 0x08, 0x2A, 0x08, 0x2A, 0x08, 0x2A, 0x08, 0x2A, 0x08, 0x2A, 0x00, 0x2B, 0x08, 0x2A,
    0x00, 0x2B, 0x08, 0x2A, 0x00, 0x2B, 0x08, 0x2A, 0x08, 0x2A, 0x08, 0x2A, 0x08, 0x2A, 0x08, 0x2A,
    0x08, 0x2A, 0x08, 0x2A, 0x08, 0x2A, 0x08, 0x2A, 0x00, 0x0B, 0x08, 0x2A, 0x00, 0x0D, 0x08, 0x2A,
    0x00, 0x0D, 0x08, 0x2A, 0x00, 0x0C, 0x08, 0x2A, 0x00, 0x0C, 0x08, 0x2A, 0x00, 0x0C, 0x08, 0x2A,
    0x00, 0x2B, 0x08, 0x2A, 0x00, 0x0E, 0x08, 0x2A, 0x00, 0x0C, 0x08, 0x2A, 0x00, 0x2B, 0x08, 0x2A,
    0x08, 0x2A, 0x08, 0x2A, 0x00, 0x2B, 0x08, 0x2A, 0x00, 0x2B, 0x08, 0x2A, 0x00, 0x2A, 0x08, 0x2A,
    0x08, 0x2A, 0x08, 0x2A, 0x08, 0x2A, 0x08, 0x2A, 0x00, 0x2B, 0x08, 0x2A, 0x08, 0x2A, 0x08, 0x2A,
    0x08, 0x2A, 0x08, 0x2A, 0x00, 0x0C, 0x08, 0x2A, 0x00, 0x2B, 0x08, 0x2A, 0x00, 0x2B, 0x08, 0x2A,
    0x00, 0x0C, 0x08, 0x2A, 0x00, 0x0C, 0x08, 0x2A, 0x00, 0x0C, 0x08, 0x2A, 0x08, 0x2A, 0x08, 0x2A,
    0x08, 0x2A, 0x08, 0x2A, 0x08, 0x2A, 0x08, 0x2A, 0x00, 0x2B, 0x08, 0x2A, 0x00, 0x2B, 0x08, 0x2A,
    0x00, 0x2B, 0x08, 0x2A, 0x08, 0x2A, 0x08, 0x2A, 0x08, 0x2A, 0x08, 0x2A, 0x08, 0x2A, 0x08, 0x2A,
    0x08, 0x2A, 0x08, 0x2A, 0x00, 0x0B, 0x08, 0x2A, 0x00, 0x0D, 0x08, 0x2A, 0x00, 0x0D, 0x08, 0x2A,
    0x00, 0x0C, 0x08, 0x2A, 0x00, 0x0C, 0x08, 0x2A, 0x00, 0x0C, 0x08, 0x2A, 0x00, 0x2B, 0x08, 0x2A,
    0x00, 0x0E, 0x08, 0x2A, 0x00, 0x0C, 0x08, 0x2A, 0x00, 0x2B, 0x08, 0x2A, 0x08, 0x2A, 0x08, 0x2A,
    0x00, 0x2B, 0x08, 0x2A, 0x00, 0x2B, 0x08, 0x2A, 0x00, 0x2A, 0x08, 0x2A, 0x08, 0x2A, 0x08, 0x2A,
    0x08, 0x2A, 0x08, 0x2A, 0x00, 0x2B, 0x08, 0x2A, 0x08, 0x2A, 0x08, 0x2A, 0x08, 0x2A, 0x08, 0x2A,
    0x00, 0x0C, 0x08, 0x2A, 0x00, 0x2B, 0x08, 0x2A, 0x00, 0x2B, 0x08, 0x2A, 0x00, 0x0C, 0x08, 0x2A,
    0x00, 0x0C, 0x08, 0x2A, 0x00, 0x0C, 0x08, 0x2A, 0x08, 0x2A, 0x08, 0x2A, 0x08, 0x2A, 0x08, 0x2A,
    0x08, 0x2A, 0x08, 0x2A, 0x00, 0x2B, 0x08, 0x2A, 0x00, 0x2B, 0x08, 0x2A, 0x00, 0x2B, 0x08, 0x2A,
    0x08, 0x2A, 0x08, 0x2A, 0x08, 0x2A, 0x08, 0x2A, 0x08, 0x2A, 0x08, 0x2A, 0x08, 0x2A, 0x08, 0x2A,
    0x00, 0x0B, 0x08, 0x2A, 0x00, 0x0D, 0x08, 0x2A, 0x00, 0x0D, 0x08, 0x2A, 0x00, 0x0C, 0x08, 0x2A,
    0x00, 0x0C, 0x08, 0x2A, 0x00, 0x0C, 0x08, 0x2A, 0x00, 0x2B, 0x08, 0x2A, 0x00, 0x0E, 0x08, 0x2A,
    0x00, 0x0C, 0x08, 0x2A, 0x00, 0x2B, 0x08, 0x2A, 0x08, 0x2A, 0x08, 0x2A, 0x00, 0x2B, 0x08, 0x2A,
    0x00, 0x2B, 0x08, 0x2A, 0x00, 0x2A, 0x08, 0x2A, 0x08, 0x2A, 0x08, 0x2A, 0x08, 0x2A, 0x08, 0x2A,
    0x00, 0x2B, 0x08, 0x2A, 0x08, 0x2A, 0x08, 0x2A, 0x08, 0x2A, 0x08, 0x2A, 0x00, 0x0C, 0x08, 0x2A,
    0x00, 0x2B, 0x08, 0x2A, 0x00, 0x2B, 0x08, 0x2A, 0x00, 0x0C, 0x08, 0x2A, 0x00, 0x0C, 0x08, 0x2A,
    0x00, 0x0C, 0x08, 0x2A, 0x08, 0x2A, 0x08, 0x2A, 0x08, 0x2A, 0x08, 0x2A, 0x08, 0x2A, 0x08, 0x4A,
    0x00, 0x2B, 0x08, 0x4A, 0x00, 0x2B, 0x10, 0x4F, 0x00, 0x2B, 0x00, 0x00, 0x08, 0x2A, 0x00, 0x00,
    0x10, 0x76, 0x00, 0x2B, 0x08, 0x4E, 0x00, 0x2B, 0x00, 0x00, 0x08, 0x2A, 0x08, 0x2A, 0x00, 0x2B,
    0x08, 0x2A, 0x00, 0x0D, 0x08, 0x2A, 0x08, 0x2A, 0x08, 0x2A, 0x08, 0x2A, 0x08, 0x2A, 0x00, 0x2B,
    0x08, 0x2A, 0x08, 0x2A, 0x08, 0x2A, 0x00, 0x2B, 0x08, 0x2A, 0x00, 0x0C, 0x08, 0x2A, 0x00, 0x0E,
    0x08, 0x2A, 0x00, 0x0C, 0x08, 0x2A, 0x08, 0x2A, 0x08, 0x2A, 0x08, 0x2A, 0x08, 0x2A, 0x08, 0x2A,
    0x08, 0x2A, 0x08, 0x2A, 0x08, 0x2A, 0x08, 0x2A, 0x08, 0x2A, 0x00, 0x2B, 0x08, 0x2A, 0x08, 0x2A,
    0x08, 0x2A, 0x08, 0x2A, 0x08, 0x2A, 0x08, 0x2A, 0x08, 0x2A, 0x08, 0x2A, 0x08, 0x2A, 0x00, 0x2B,
    0x08, 0x2A, 0x00, 0x0D, 0x08, 0x2A, 0x00, 0x0C, 0x08, 0x2A, 0x00, 0x2B, 0x08, 0x2A, 0x00, 0x0C,
    0x08, 0x2A, 0x00, 0x0B, 0x08, 0x2A, 0x00, 0x0E, 0x08, 0x2A, 0x00, 0x0E, 0x08, 0x2A, 0x00, 0x0D,
    0x08, 0x2A, 0x00, 0x2B, 0x08, 0x2A, 0x00, 0x2A, 0x08, 0x2A, 0x08, 0x2A, 0x08, 0x2A, 0x00, 0x2B,
    0x08, 0x2A, 0x00, 0x2B, 0x08, 0x2A, 0x08, 0x2A, 0x08, 0x2A, 0x00, 0x2B, 0x08, 0x2A, 0x00, 0x0D,
    0x08, 0x2A, 0x08, 0x2A, 0x08, 0x2A, 0x08, 0x2A, 0x08, 0x2A, 0x00, 0x2B, 0x08, 0x2A, 0x08, 0x2A,
    0x08, 0x2A, 0x00, 0x2B, 0x08, 0x2A, 0x00, 0x0C, 0x08, 0x2A, 0x00, 0x0E, 0x08, 0x2A, 0x00, 0x0C,
    0x08, 0x2A, 0x08, 0x2A, 0x08, 0x2A, 0x08, 0x2A, 0x08, 0x2A, 0x08, 0x2A, 0x08, 0x2A, 0x08, 0x2A,
    0x08, 0x2A, 0x08, 0x2A, 0x08, 0x2A, 0x00, 0x2B, 0x08, 0x2A, 0x08, 0x2A, 0x08, 0x2A, 0x08, 0x2A,
    0x08, 0x2A, 0x08, 0x2A, 0x08, 0x2A, 0x08, 0x2A, 0x08, 0x2A, 0x00, 0x2B, 0x08, 0x2A, 0x00, 0x0D,
    0x08, 0x2A, 0x00, 0x0C, 0x08, 0x2A, 0x00, 0x2B, 0x08, 0x2A, 0x00, 0x0C, 0x08, 0x2A, 0x00, 0x0B,
    0x08, 0x2A, 0x00, 0x0E, 0x08, 0x2A, 0x00, 0x0E, 0x08, 0x2A, 0x00, 0x0D, 0x08, 0x2A, 0x00, 0x2B,
    0x08, 0x2A, 0x00, 0x2A, 0x08, 0x2A, 0x08, 0x2A, 0x08, 0x2A, 0x00, 0x2B, 0x08, 0x2A, 0x00, 0x2B,
    0x08, 0x2A, 0x08, 0x2A, 0x08, 0x2A, 0x00, 0x2B, 0x08, 0x2A, 0x00, 0x0D, 0x08, 0x2A, 0x08, 0x2A,
    0x08, 0x2A, 0x08, 0x2A, 0x08, 0x2A, 0x00, 0x2B, 0x08, 0x2A, 0x08, 0x2A, 0x08, 0x2A, 0x00, 0x2B,
    0x08, 0x2A, 0x00, 0x0C, 0x08, 0x2A, 0x00, 0x0E, 0x08, 0x2A, 0x00, 0x0C, 0x08, 0x2A, 0x08, 0x2A,
    0x08, 0x2A, 0x08, 0x2A, 0x08, 0x2A, 0x08, 0x2A, 0x08, 0x2A, 0x08, 0x2A, 0x08, 0x2A, 0x08, 0x2A,
    0x08, 0x2A, 0x00, 0x2B, 0x08, 0x2A, 0x08, 0x2A, 0x08, 0x2A, 0x08, 0x2A, 0x08, 0x2A, 0x08, 0x2A,
    0x08, 0x2A, 0x08, 0x2A, 0x08, 0x2A, 0x00, 0x2B, 0x08, 0x2A, 0x00, 0x0D, 0x08, 0x2A, 0x00, 0x0C,
    0x08, 0x2A, 0x00, 0x2B, 0x08, 0x2A, 0x00, 0x0C, 0x08, 0x2A, 0x00, 0x0B, 0x08, 0x2A, 0x00, 0x0E,
    0x08, 0x2A, 0x00, 0x0E, 0x08, 0x2A, 0x00, 0x0D, 0x08, 0x2A, 0x00, 0x2B, 0x08, 0x2A, 0x00, 0x2A,
    0x08, 0x2A, 0x08, 0x2A, 0x08, 0x2A, 0x00, 0x2B, 0x08, 0x2A, 0x00, 0x2B, 0x08, 0x2A, 0x08, 0x2A,
    0x08, 0x2A, 0x00, 0x2B, 0x08, 0x2A, 0x00, 0x0D, 0x08, 0x2A, 0x08, 0x2A, 0x08, 0x2A, 0x08, 0x2A,
    0x08, 0x2A, 0x00, 0x2B, 0x08, 0x2A, 0x08, 0x2A, 0x08, 0x2A, 0x00, 0x2B, 0x08, 0x2A, 0x00, 0x0C,
    0x08, 0x2A, 0x00, 0x0E, 0x08, 0x2A, 0x00, 0x0C, 0x08, 0x2A, 0x08, 0x2A, 0x08, 0x2A, 0x08, 0x2A,
    0x08, 0x2A, 0x08, 0x2A, 0x08, 0x2A, 0x08, 0x2A, 0x08, 0x2A, 0x08, 0x2A, 0x08, 0x2A, 0x00, 0x2B,
    0x08, 0x2A, 0x08, 0x2A, 0x08, 0x2A, 0x08, 0x2A, 0x08, 0x2A, 0x08, 0x2A, 0x08, 0x2A, 0x08, 0x2A,
    0x08, 0x2A, 0x00, 0x2B, 0x08, 0x2A, 0x00, 0x0D, 0x08, 0x2A, 0x00, 0x0C, 0x08, 0x2A, 0x00, 0x2B,
    0x08, 0x2A, 0x00, 0x0C, 0x08, 0x2A, 0x00, 0x0B, 0x08, 0x2A, 0x00, 0x0E, 0x08, 0x2A, 0x00, 0x0E,
    0x08, 0x2A, 0x00, 0x0D, 0x08, 0x2A, 0x00, 0x2B, 0x08, 0x2A, 0x00, 0x2A, 0x08, 0x2A, 0x08, 0x2A,
    0x08, 0x2A, 0x00, 0x2B, 0x08, 0x2A, 0x00, 0x2B, 0x08, 0x2A, 0x08, 0x2A, 0x08, 0x2A, 0x00, 0x2B,
    0x08, 0x2A, 0x00, 0x0D, 0x08, 0x2A, 0x08, 0x2A, 0x08, 0x2A, 0x08, 0x2A, 0x08, 0x2A, 0x00, 0x2B,
    0x08, 0x2A, 0x08, 0x2A, 0x08, 0x2A, 0x00, 0x2B, 0x08, 0x2A, 0x00, 0x0C, 0x08, 0x2A, 0x00, 0x0E,
    0x08, 0x2A, 0x00, 0x0C, 0x08, 0x2A, 0x08, 0x2A, 0x08, 0x2A, 0x08, 0x2A, 0x08, 0x2A, 0x08, 0x2A,
    0x08, 0x2A, 0x08, 0x2A, 0x08, 0x2A, 0x08, 0x2A, 0x08, 0x28, 0x00, 0x2B, 0x00, 0x00, 0x08, 0x2A,
    0x08, 0x2A, 0x08, 0x4F, 0x00, 0x0C, 0x08, 0x2B, 0x00, 0x0C, 0x08, 0x2A, 0x00, 0x2A, 0x08, 0x2A,
    0x00, 0x0D, 0x08, 0x2A, 0x00, 0x0D, 0x08, 0x2A, 0x08, 0x2A, 0x08, 0x2A, 0x00, 0x2B, 0x08, 0x2A,
    0x00, 0x2B, 0x08, 0x2A, 0x00, 0x2B, 0x08, 0x2A, 0x00, 0x0C, 0x08, 0x2A, 0x00, 0x0E, 0x08, 0x2A,
    0x00, 0x0F, 0x08, 0x2A, 0x00, 0x0C, 0x08, 0x2A, 0x08, 0x2A, 0x08, 0x2A, 0x08, 0x2A, 0x08, 0x2A,
    0x08, 0x2A, 0x08, 0x2A, 0x08, 0x2A, 0x08, 0x2A, 0x00, 0x2B, 0x08, 0x2A, 0x00, 0x0B, 0x08, 0x2A,
    0x00, 0x2B, 0x08, 0x2A, 0x00, 0x2B, 0x08, 0x2A, 0x00, 0x2B, 0x08, 0x2A, 0x08, 0x2A, 0x08, 0x2A,
    0x00, 0x2B, 0x08, 0x2A, 0x00, 0x0C, 0x08, 0x2A, 0x00, 0x2B, 0x08, 0x2A, 0x08, 0x2A, 0x08, 0x2A,
    0x00, 0x0B, 0x08, 0x2A, 0x00, 0x0C, 0x08, 0x2A, 0x00, 0x0F, 0x08, 0x2A, 0x00, 0x0E, 0x08, 0x2A,
    0x00, 0x0D, 0x08, 0x2A, 0x00, 0x0B, 0x08, 0x2A, 0x08, 0x2A, 0x08, 0x2A, 0x08, 0x2A, 0x08, 0x2A,
    0x00, 0x0C, 0x08, 0x2A, 0x00, 0x0C, 0x08, 0x2A, 0x00, 0x2A, 0x08, 0x2A, 0x00, 0x0D, 0x08, 0x2A,
    0x00, 0x0D, 0x08, 0x2A, 0x08, 0x2A, 0x08, 0x2A, 0x00, 0x2B, 0x08, 0x2A, 0x00, 0x2B, 0x08, 0x2A,
    0x00, 0x2B, 0x08, 0x2A, 0x00, 0x0C, 0x08, 0x2A, 0x00, 0x0E, 0x08, 0x2A, 0x00, 0x0F, 0x08, 0x2A,
    0x00, 0x0C, 0x08, 0x2A, 0x08, 0x2A, 0x08, 0x2A, 0x08, 0x2A, 0x08, 0x2A, 0x08, 0x2A, 0x08, 0x2A,
    0x08, 0x2A, 0x08, 0x2A, 0x00, 0x2B, 0x08, 0x2A, 0x00, 0x0B, 0x08, 0x2A, 0x00, 0x2B, 0x08, 0x2A,
    0x00, 0x2B, 0x08, 0x2A, 0x00, 0x2B, 0x08, 0x2A, 0x08, 0x2A, 0x08, 0x2A, 0x00, 0x2B, 0x08, 0x2A,
    0x00, 0x0C, 0x08, 0x2A, 0x00, 0x2B, 0x08, 0x2A, 0x08, 0x2A, 0x08, 0x2A, 0x00, 0x0B, 0x08, 0x2A,
    0x00, 0x0C, 0x08, 0x2A, 0x00, 0x0F, 0x08, 0x2A, 0x00, 0x0E, 0x08, 0x2A, 0x00, 0x0D, 0x08, 0x2A,
    0x00, 0x0B, 0x08, 0x2A, 0x08, 0x2A, 0x08, 0x2A, 0x08, 0x2A, 0x08, 0x2A, 0x00, 0x0C, 0x08, 0x2A,
    0x00, 0x0C, 0x08, 0x2A, 0x00, 0x2A, 0x08, 0x2A, 0x00, 0x0D, 0x08, 0x2A, 0x00, 0x0D, 0x08, 0x2A,
    0x08, 0x2A, 0x08, 0x2A, 0x00, 0x2B, 0x08, 0x2A, 0x00, 0x2B, 0x08, 0x2A, 0x00, 0x2B, 0x08, 0x2A,
    0x00, 0x0C, 0x08, 0x2A, 0x00, 0x0E, 0x08, 0x2A, 0x00, 0x0F, 0x08, 0x2A, 0x00, 0x0C, 0x08, 0x2A,
    0x08, 0x2A, 0x08, 0x2A, 0x08, 0x2A, 0x08, 0x2A, 0x08, 0x2A, 0x08, 0x2A, 0x08, 0x2A, 0x08, 0x2A,
    0x00, 0x2B, 0x08, 0x2A, 0x00, 0x0B, 0x08, 0x2A, 0x00, 0x2B, 0x08, 0x2A, 0x00, 0x2B, 0x08, 0x2A,
    0x00, 0x2B, 0x08, 0x2A, 0x08, 0x2A, 0x08, 0x2A, 0x00, 0x2B, 0x08, 0x2A, 0x00, 0x0C, 0x08, 0x2A,
    0x00, 0x2B, 0x08, 0x2A, 0x08, 0x2A, 0x08, 0x2A, 0x00, 0x0B, 0x08, 0x2A, 0x00, 0x0C, 0x08, 0x2A,
    0x00, 0x0F, 0x08, 0x2A, 0x00, 0x0E, 0x08, 0x2A, 0x00, 0x0D, 0x08, 0x2A, 0x00, 0x0B, 0x08, 0x2A,
    0x08, 0x2A, 0x08, 0x2A, 0x08, 0x2A, 0x08, 0x2A, 0x00, 0x0C, 0x08, 0x2A, 0x00, 0x0C, 0x08, 0x2A,
    0x00, 0x2A, 0x08, 0x2A, 0x00, 0x0D, 0x08, 0x2A, 0x00, 0x0D, 0x08, 0x2A, 0x08, 0x2A, 0x08, 0x2A,
    0x00, 0x2B, 0x08, 0x2A, 0x00, 0x2B, 0x08, 0x2A, 0x00, 0x2B, 0x08, 0x2A, 0x00, 0x0C, 0x08, 0x2A,
    0x00, 0x0E, 0x08, 0x2A, 0x00, 0x0F, 0x08, 0x2A, 0x00, 0x0C, 0x08, 0x2A, 0x08, 0x2A, 0x08, 0x2A,
    0x08, 0x2A, 0x08, 0x2A, 0x08, 0x2A, 0x08, 0x2A, 0x08, 0x2A, 0x08, 0x2A, 0x00, 0x2B, 0x08, 0x2A,
    0x00, 0x0B, 0x08, 0x2A, 0x00, 0x2B, 0x08, 0x2A, 0x00, 0x2B, 0x08, 0x2A, 0x00, 0x2B, 0x08, 0x2A,
    0x08, 0x2A, 0x08, 0x2A, 0x00, 0x2B, 0x08, 0x2A, 0x00, 0x0C, 0x08, 0x2A, 0x00, 0x2B, 0x08, 0x2A,
    0x08, 0x2A, 0x08, 0x2A, 0x00, 0x0B, 0x08, 0x2A, 0x00, 0x0C, 0x08, 0x2A, 0x00, 0x0F, 0x08, 0x2A,
    0x00, 0x0E, 0x08, 0x2A, 0x00, 0x0D, 0x08, 0x2A, 0x00, 0x0B, 0x08, 0x2A, 0x08, 0x2A, 0x08, 0x2A,
    0x08, 0x2A, 0x08, 0x2A, 0x00, 0x0C, 0x08, 0x2A, 0x00, 0x0C, 0x08, 0x2A, 0x00, 0x2A, 0x08, 0x2A,
    0x00, 0x0D, 0x08, 0x2A, 0x00, 0x0D, 0x08, 0x2A, 0x08, 0x2A, 0x08, 0x2A, 0x00, 0x2B, 0x08, 0x2A,
    0x00, 0x2B, 0x08, 0x2A, 0x00, 0x2B, 0x08, 0x2A, 0x00, 0x0C, 0x08, 0x2A, 0x00, 0x0E, 0x08, 0x2A,
    0x00, 0x0F, 0x08, 0x2A, 0x00, 0x0C, 0x08, 0x2A, 0x08, 0x2A, 0x08, 0x2A, 0x08, 0x2A, 0x08, 0x2A,
    0x08, 0x2A, 0x08, 0x2A, 0x08, 0x2A, 0x08, 0x4E, 0x00, 0x2B, 0x00, 0x00, 0x00, 0x0B, 0x00, 0x00,
    0x10, 0x55, 0x00, 0x0C, 0x08, 0x2E, 0x00, 0x0C, 0x00, 0x00, 0x00, 0x0C, 0x08, 0x2A, 0x00, 0x0B,
    0x08, 0x2A, 0x00, 0x0D, 0x08, 0x2A, 0x00, 0x2B, 0x08, 0x2A, 0x00, 0x2B, 0x08, 0x2A, 0x00, 0x2B,
    0x08, 0x2A, 0x00, 0x2B, 0x08, 0x2A, 0x00, 0x0C, 0x08, 0x2A, 0x00, 0x0D, 0x08, 0x2A, 0x00, 0x0E,
    0x08, 0x2A, 0x00, 0x0E, 0x08, 0x2A, 0x00, 0x0C, 0x08, 0x2A, 0x08, 0x2A, 0x08, 0x2A, 0x00, 0x2A,
    0x08, 0x2A, 0x00, 0x2B, 0x08, 0x2A, 0x08, 0x2A, 0x08, 0x2A, 0x00, 0x0D, 0x08, 0x2A, 0x00, 0x0D,
    0x08, 0x2A, 0x00, 0x0C, 0x08, 0x2A, 0x00, 0x0B, 0x08, 0x2A, 0x00, 0x2B, 0x08, 0x2A, 0x08, 0x2A,
    0x08, 0x2A, 0x08, 0x2A, 0x08, 0x2A, 0x00, 0x0C, 0x08, 0x2A, 0x08, 0x2A, 0x08, 0x2A, 0x08, 0x2A,
    0x08, 0x2A, 0x00, 0x2B, 0x08, 0x2A, 0x00, 0x0D, 0x08, 0x2A, 0x00, 0x0E, 0x08, 0x2A, 0x00, 0x0E,
    0x08, 0x2A, 0x00, 0x0D, 0x08, 0x2A, 0x00, 0x0C, 0x08, 0x2A, 0x00, 0x2B, 0x08, 0x2A, 0x00, 0x0C,
    0x08, 0x2A, 0x00, 0x0C, 0x08, 0x2A, 0x00, 0x0C, 0x08, 0x2A, 0x00, 0x0B, 0x08, 0x2A, 0x00, 0x0D,
    0x08, 0x2A, 0x00, 0x2B, 0x08, 0x2A, 0x00, 0x2B, 0x08, 0x2A, 0x00, 0x2B, 0x08, 0x2A, 0x00, 0x2B,
    0x08, 0x2A, 0x00, 0x0C, 0x08, 0x2A, 0x00, 0x0D, 0x08, 0x2A, 0x00, 0x0E, 0x08, 0x2A, 0x00, 0x0E,
    0x08, 0x2A, 0x00, 0x0C, 0x08, 0x2A, 0x08, 0x2A, 0x08, 0x2A, 0x00, 0x2A, 0x08, 0x2A, 0x00, 0x2B,
    0x08, 0x2A, 0x08, 0x2A, 0x08, 0x2A, 0x00, 0x0D, 0x08, 0x2A, 0x00, 0x0D, 0x08, 0x2A, 0x00, 0x0C,
    0x08, 0x2A, 0x00, 0x0B, 0x08, 0x2A, 0x00, 0x2B, 0x08, 0x2A, 0x08, 0x2A, 0x08, 0x2A, 0x08, 0x2A,
    0x08, 0x2A, 0x00, 0x0C, 0x08, 0x2A, 0x08, 0x2A, 0x08, 0x2A, 0x08, 0x2A, 0x08, 0x2A, 0x00, 0x2B,
    0x08, 0x2A, 0x00, 0x0D, 0x08, 0x2A, 0x00, 0x0E, 0x08, 0x2A, 0x00, 0x0E, 0x08, 0x2A, 0x00, 0x0D,
    0x08, 0x2A, 0x00, 0x0C, 0x08, 0x2A, 0x00, 0x2B, 0x08, 0x2A, 0x00, 0x0C, 0x08, 0x2A, 0x00, 0x0C,
    0x08, 0x2A, 0x00, 0x0C, 0x08, 0x2A, 0x00, 0x0B, 0x08, 0x2A, 0x00, 0x0D, 0x08, 0x2A, 0x00, 0x2B,
    0x08, 0x2A, 0x00, 0x2B, 0x08, 0x2A, 0x00, 0x2B, 0x08, 0x2A, 0x00, 0x2B, 0x08, 0x2A, 0x00, 0x0C,
    0x08, 0x2A, 0x00, 0x0D, 0x08, 0x2A, 0x00, 0x0E, 0x08, 0x2A, 0x00, 0x0E, 0x08, 0x2A, 0x00, 0x0C,
    0x08, 0x2A, 0x08, 0x2A, 0x08, 0x2A, 0x00, 0x2A, 0x08, 0x2A, 0x00, 0x2B, 0x08, 0x2A, 0x08, 0x2A,
    0x08, 0x2A, 0x00, 0x0D, 0x08, 0x2A, 0x00, 0x0D, 0x08, 0x2A, 0x00, 0x0C, 0x08, 0x2A, 0x00, 0x0B,
    0x08, 0x2A, 0x00, 0x2B, 0x08, 0x2A, 0x08, 0x2A, 0x08, 0x2A, 0x08, 0x2A, 0x08, 0x2A, 0x00, 0x0C,
    0x08, 0x2A, 0x08, 0x2A, 0x08, 0x2A, 0x08, 0x2A, 0x08, 0x2A, 0x00, 0x2B, 0x08, 0x2A, 0x00, 0x0D,
    0x08, 0x2A, 0x00, 0x0E, 0x08, 0x2A, 0x00, 0x0E, 0x08, 0x2A, 0x00, 0x0D, 0x08, 0x2A, 0x00, 0x0C,
    0x08, 0x2A, 0x00, 0x2B, 0x08, 0x2A, 0x00, 0x0C, 0x08, 0x2A, 0x00, 0x0C, 0x08, 0x2A, 0x00, 0x0C,
    0x08, 0x2A, 0x00, 0x0B, 0x08, 0x2A, 0x00, 0x0D, 0x08, 0x2A, 0x00, 0x2B, 0x08, 0x2A, 0x00, 0x2B,
    0x08, 0x2A, 0x00, 0x2B, 0x08, 0x2A, 0x00, 0x2B, 0x08, 0x2A, 0x00, 0x0C, 0x08, 0x2A, 0x00, 0x0D,
    0x08, 0x2A, 0x00, 0x0E, 0x08, 0x2A, 0x00, 0x0E, 0x08, 0x2A, 0x00, 0x0C, 0x08, 0x2A, 0x08, 0x2A,
    0x08, 0x2A, 0x00, 0x2A, 0x08, 0x2A, 0x00, 0x2B, 0x08, 0x2A, 0x08, 0x2A, 0x08, 0x2A, 0x00, 0x0D,
    0x08, 0x2A, 0x00, 0x0D, 0x08, 0x2A, 0x00, 0x0C, 0x08, 0x2A, 0x00, 0x0B, 0x08, 0x2A, 0x00, 0x2B,
    0x08, 0x2A, 0x08, 0x2A, 0x08, 0x2A, 0x08, 0x2A, 0x08, 0x2A, 0x00, 0x0C, 0x08, 0x2A, 0x08, 0x2A,
    0x08, 0x2A, 0x08, 0x2A, 0x08, 0x2A, 0x00, 0x2B, 0x08, 0x2A, 0x00, 0x0D, 0x08, 0x2A, 0x00, 0x0E,
    0x08, 0x2A, 0x00, 0x0E, 0x08, 0x2A, 0x00, 0x0D, 0x08, 0x2A, 0x00, 0x0C, 0x08, 0x2A, 0x00, 0x2B,
    0x08, 0x2A, 0x00, 0x0C, 0x08, 0x2A, 0x00, 0x0C, 0x08, 0x2A, 0x00, 0x0C, 0x08, 0x2A, 0x00, 0x0B,
    0x08, 0x2A, 0x00, 0x0D, 0x08, 0x2A, 0x00, 0x2B, 0x08, 0x2A, 0x00, 0x2B, 0x08, 0x2A, 0x00, 0x2B,
    0x08, 0x2A, 0x00, 0x2B, 0x08, 0x2A, 0x00, 0x0C, 0x08, 0x2A, 0x00, 0x0D, 0x08, 0x2A, 0x00, 0x0E,
    0x08, 0x2A, 0x00, 0x0E, 0x08, 0x2A, 0x00, 0x0C, 0x08, 0x2A, 0x08, 0x2A, 0x08, 0x2A, 0x00, 0x2A,
    0x08, 0x2A, 0x00, 0x2B, 0x08, 0x2A, 0x08, 0x2A, 0x00, 0x28, 0x00, 0x0D, 0x00, 0x00, 0x00, 0x0D,
    0x00, 0x0B, 0x08, 0x2F, 0x00, 0x0C, 0x08, 0x2B, 0x00, 0x0C, 0x08, 0x2A, 0x00, 0x0C, 0x08, 0x2A,
    0x00, 0x2B, 0x08, 0x2A, 0x00, 0x2B, 0x08, 0x2A, 0x00, 0x2B, 0x08, 0x2A, 0x00, 0x0C, 0x08, 0x2A,
    0x00, 0x2B, 0x08, 0x2A, 0x00, 0x0C, 0x08, 0x2A, 0x00, 0x0D, 0x08, 0x2A, 0x00, 0x0D, 0x08, 0x2A,
    0x00, 0x0D, 0x08, 0x2A, 0x00, 0x0C, 0x08, 0x2A, 0x00, 0x2B, 0x08, 0x2A, 0x08, 0x2A, 0x08, 0x2A,
    0x00, 0x0D, 0x08, 0x2A, 0x00, 0x2B, 0x08, 0x2A, 0x00, 0x0C, 0x08, 0x2A, 0x00, 0x0D, 0x08, 0x2A,
    0x00, 0x0E, 0x08, 0x2A, 0x00, 0x0C, 0x08, 0x2A, 0x00, 0x0B, 0x08, 0x2A, 0x00, 0x0D, 0x08, 0x2A,
    0x08, 0x2A, 0x08, 0x2A, 0x08, 0x2A, 0x08, 0x2A, 0x00, 0x0C, 0x08, 0x2A, 0x08, 0x2A, 0x08, 0x2A,
    0x08, 0x2A, 0x08, 0x2A, 0x00, 0x2B, 0x08, 0x2A, 0x00, 0x0C, 0x08, 0x2A, 0x00, 0x0E, 0x08, 0x2A,
    0x00, 0x0E, 0x08, 0x2A, 0x00, 0x0D, 0x08, 0x2A, 0x00, 0x0C, 0x08, 0x2A, 0x00, 0x0B, 0x08, 0x2A,
    0x00, 0x0C, 0x08, 0x2A, 0x00, 0x0C, 0x08, 0x2A, 0x00, 0x0C, 0x08, 0x2A, 0x00, 0x2B, 0x08, 0x2A,
    0x00, 0x2B, 0x08, 0x2A, 0x00, 0x2B, 0x08, 0x2A, 0x00, 0x0C, 0x08, 0x2A, 0x00, 0x2B, 0x08, 0x2A,
    0x00, 0x0C, 0x08, 0x2A, 0x00, 0x0D, 0x08, 0x2A, 0x00, 0x0D, 0x08, 0x2A, 0x00, 0x0D, 0x08, 0x2A,
    0x00, 0x0C, 0x08, 0x2A, 0x00, 0x2B, 0x08, 0x2A, 0x08, 0x2A, 0x08, 0x2A, 0x00, 0x0D, 0x08, 0x2A,
    0x00, 0x2B, 0x08, 0x2A, 0x00, 0x0C, 0x08, 0x2A, 0x00, 0x0D, 0x08, 0x2A, 0x00, 0x0E, 0x08, 0x2A,
    0x00, 0x0C, 0x08, 0x2A, 0x00, 0x0B, 0x08, 0x2A, 0x00, 0x0D, 0x08, 0x2A, 0x08, 0x2A, 0x08, 0x2A,
    0x08, 0x2A, 0x08, 0x2A, 0x00, 0x0C, 0x08, 0x2A, 0x08, 0x2A, 0x08, 0x2A, 0x08, 0x2A, 0x08, 0x2A,
    0x00, 0x2B, 0x08, 0x2A, 0x00, 0x0C, 0x08, 0x2A, 0x00, 0x0E, 0x08, 0x2A, 0x00, 0x0E, 0x08, 0x2A,
    0x00, 0x0D, 0x08, 0x2A, 0x00, 0x0C, 0x08, 0x2A, 0x00, 0x0B, 0x08, 0x2A, 0x00, 0x0C, 0x08, 0x2A,
    0x00, 0x0C, 0x08, 0x2A, 0x00, 0x0C, 0x08, 0x2A, 0x00, 0x2B, 0x08, 0x2A, 0x00, 0x2B, 0x08, 0x2A,
    0x00, 0x2B, 0x08, 0x2A, 0x00, 0x0C, 0x08, 0x2A, 0x00, 0x2B, 0x08, 0x2A, 0x00, 0x0C, 0x08, 0x2A,
    0x00, 0x0D, 0x08, 0x2A, 0x00, 0x0D, 0x08, 0x2A, 0x00, 0x0D, 0x08, 0x2A, 0x00, 0x0C, 0x08, 0x2A,
    0x00, 0x2B, 0x08, 0x2A, 0x08, 0x2A, 0x08, 0x2A, 0x00, 0x0D, 0x08, 0x2A, 0x00, 0x2B, 0x08, 0x2A,
    0x00, 0x0C, 0x08, 0x2A, 0x00, 0x0D, 0x08, 0x2A, 0x00, 0x0E, 0x08, 0x2A, 0x00, 0x0C, 0x08, 0x2A,
    0x00, 0x0B, 0x08, 0x2A, 0x00, 0x0D, 0x08, 0x2A, 0x08, 0x2A, 0x08, 0x2A, 0x08, 0x2A, 0x08, 0x2A,
    0x00, 0x0C, 0x08, 0x2A, 0x08, 0x2A, 0x08, 0x2A, 0x08, 0x2A, 0x08, 0x2A, 0x00, 0x2B, 0x08, 0x2A,
    0x00, 0x0C, 0x08, 0x2A, 0x00, 0x0E, 0x08, 0x2A, 0x00, 0x0E, 0x08, 0x2A, 0x00, 0x0D, 0x08, 0x2A,
    0x00, 0x0C, 0x08, 0x2A, 0x00, 0x0B, 0x08, 0x2A, 0x00, 0x0C, 0x08, 0x2A, 0x00, 0x0C, 0x08, 0x2A,
    0x00, 0x0C, 0x08, 0x2A, 0x00, 0x2B, 0x08, 0x2A, 0x00, 0x2B, 0x08, 0x2A, 0x00, 0x2B, 0x08, 0x2A,
    0x00, 0x0C, 0x08, 0x2A, 0x00, 0x2B, 0x08, 0x2A, 0x00, 0x0C, 0x08, 0x2A, 0x00, 0x0D, 0x08, 0x2A,
    0x00, 0x0D, 0x08, 0x2A, 0x00, 0x0D, 0x08, 0x2A, 0x00, 0x0C, 0x08, 0x2A, 0x00, 0x2B, 0x08, 0x2A,
    0x08, 0x2A, 0x08, 0x2A, 0x00, 0x0D, 0x08, 0x2A, 0x00, 0x2B, 0x08, 0x2A, 0x00, 0x0C, 0x08, 0x2A,
    0x00, 0x0D, 0x08, 0x2A, 0x00, 0x0E, 0x08, 0x2A, 0x00, 0x0C, 0x08, 0x2A, 0x00, 0x0B, 0x08, 0x2A,
    0x00, 0x0D, 0x08, 0x2A, 0x08, 0x2A, 0x08, 0x2A, 0x08, 0x2A, 0x08, 0x2A, 0x00, 0x0C, 0x08, 0x2A,
    0x08, 0x2A, 0x08, 0x2A, 0x08, 0x2A, 0x08, 0x2A, 0x00, 0x2B, 0x08, 0x2A, 0x00, 0x0C, 0x08, 0x2A,
    0x00, 0x0E, 0x08, 0x2A, 0x00, 0x0E, 0x08, 0x2A, 0x00, 0x0D, 0x08, 0x2A, 0x00, 0x0C, 0x08, 0x2A,
    0x00, 0x0B, 0x08, 0x2A, 0x00, 0x0C, 0x08, 0x2A, 0x00, 0x0C, 0x08, 0x2A, 0x00, 0x0C, 0x08, 0x2A,
    0x00, 0x2B, 0x08, 0x2A, 0x00, 0x2B, 0x08, 0x2A, 0x00, 0x2B, 0x08, 0x2A, 0x00, 0x0C, 0x08, 0x2A,
    0x00, 0x2B, 0x08, 0x2A, 0x00, 0x0C, 0x08, 0x2A, 0x00, 0x0D, 0x08, 0x2A, 0x00, 0x0D, 0x08, 0x2A,
    0x00, 0x0D, 0x08, 0x2A, 0x00, 0x0C, 0x08, 0x2A, 0x00, 0x2B, 0x08, 0x2A, 0x08, 0x2A, 0x08, 0x2A,
    0x00, 0x0D, 0x08, 0x2A, 0x00, 0x2B, 0x08, 0x2E, 0x00, 0x0C, 0x00, 0x00, 0x00, 0x0D, 0x00, 0x00,
    0x10, 0x55, 0x00, 0x0B, 0x08, 0x2E, 0x00, 0x0B, 0x00, 0x00, 0x00, 0x0D, 0x08, 0x2A, 0x00, 0x0D,
    0x08, 0x2A, 0x00, 0x2B, 0x08, 0x2A, 0x08, 0x2A, 0x08, 0x2A, 0x08, 0x4C, 0x08, 0x4A, 0x00, 0x0B,
    0x08, 0x2A, 0x00, 0x2B, 0x08, 0x2A, 0x00, 0x0C, 0x08, 0x2A, 0x00, 0x0D, 0x08, 0x2A, 0x00, 0x0D,
    0x08, 0x2A, 0x08, 0x2C, 0x10, 0x6B, 0x08, 0x2B, 0x08, 0x2A, 0x08, 0x2A, 0x08, 0x2A, 0x00, 0x0C,
    0x08, 0x2A, 0x00, 0x0F, 0x08, 0x2A, 0x08, 0x6C, 0x08, 0x4B, 0x08, 0x2A, 0x08, 0x2A, 0x00, 0x0E,
    0x08, 0x2A, 0x00, 0x0E, 0x08, 0x2A, 0x00, 0x0C, 0x08, 0x2A, 0x00, 0x0C, 0x08, 0x2A, 0x00, 0x0D,
    0x08, 0x2A, 0x08, 0x2A, 0x08, 0x2A, 0x08, 0x2A, 0x08, 0x2A, 0x00, 0x0C, 0x08, 0x2A, 0x08, 0x2A,
    0x08, 0x2A, 0x00, 0x2B, 0x08, 0x2A, 0x08, 0x6D, 0x08, 0x4B, 0x00, 0x0C, 0x08, 0x2A, 0x00, 0x0E,
    0x08, 0x2A, 0x00, 0x0E, 0x08, 0x2A, 0x00, 0x0C, 0x08, 0x2A, 0x00, 0x0B, 0x08, 0x2A, 0x00, 0x0B,
    0x08, 0x2A, 0x00, 0x0B, 0x08, 0x2A, 0x00, 0x0D, 0x08, 0x2A, 0x00, 0x0D, 0x08, 0x2A, 0x00, 0x2B,
    0x08, 0x2A, 0x08, 0x2A, 0x08, 0x2A, 0x00, 0x2B, 0x08, 0x2A, 0x08, 0x4C, 0x10, 0x6B, 0x00, 0x2B,
    0x08, 0x2A, 0x00, 0x0C, 0x08, 0x2A, 0x00, 0x0D, 0x08, 0x2A, 0x00, 0x0D, 0x08, 0x2A, 0x00, 0x0C,
    0x08, 0x2A, 0x00, 0x2B, 0x08, 0x2A, 0x08, 0x2A, 0x08, 0x2A, 0x00, 0x0C, 0x08, 0x2A, 0x00, 0x0F,
    0x08, 0x2A, 0x00, 0x2B, 0x08, 0x2A, 0x08, 0x2A, 0x08, 0x2A, 0x00, 0x0E, 0x08, 0x2A, 0x00, 0x0E,
    0x08, 0x2A, 0x00, 0x0C, 0x08, 0x2A, 0x00, 0x0C, 0x08, 0x2A, 0x00, 0x0D, 0x08, 0x2A, 0x08, 0x2A,
    0x08, 0x2A, 0x08, 0x2A, 0x08, 0x2A, 0x00, 0x0C, 0x08, 0x2A, 0x08, 0x2A, 0x08, 0x2A, 0x00, 0x2B,
    0x08, 0x2A, 0x00, 0x2B, 0x08, 0x2A, 0x00, 0x0C, 0x08, 0x2A, 0x00, 0x0E, 0x08, 0x2A, 0x00, 0x0E,
    0x08, 0x2A, 0x00, 0x0C, 0x08, 0x2A, 0x00, 0x0B, 0x08, 0x2A, 0x00, 0x0B, 0x08, 0x2A, 0x00, 0x0B,
    0x08, 0x2A, 0x00, 0x0D, 0x08, 0x2A, 0x00, 0x0D, 0x08, 0x2A, 0x00, 0x2B, 0x08, 0x2A, 0x08, 0x2A,
    0x08, 0x2A, 0x00, 0x2B, 0x08, 0x2A, 0x00, 0x0B, 0x08, 0x2A, 0x00, 0x2B, 0x08, 0x2A, 0x00, 0x0C,
    0x08, 0x2A, 0x00, 0x0D, 0x08, 0x2A, 0x00, 0x0D, 0x08, 0x2A, 0x00, 0x0C, 0x08, 0x2A, 0x00, 0x2B,
    0x08, 0x2A, 0x08, 0x2A, 0x08, 0x2A, 0x00, 0x0C, 0x08, 0x2A, 0x00, 0x0F, 0x08, 0x2A, 0x00, 0x2B,
    0x08, 0x2A, 0x08, 0x2A, 0x08, 0x2A, 0x00, 0x0E, 0x08, 0x2A, 0x00, 0x0E, 0x08, 0x2A, 0x00, 0x0C,
    0x08, 0x2A, 0x00, 0x0C, 0x08, 0x2A, 0x00, 0x0D, 0x08, 0x2A, 0x08, 0x2A, 0x08, 0x2A, 0x08, 0x2A,
    0x08, 0x2A, 0x00, 0x0C, 0x08, 0x2A, 0x08, 0x2A, 0x08, 0x2A, 0x08, 0x6C, 0x10, 0x8C, 0x10, 0x6D,
    0x08, 0x4A, 0x08, 0x2D, 0x10, 0x6B, 0x08, 0x4F, 0x08, 0x4A, 0x08, 0x2E, 0x08, 0x2A, 0x08, 0x4E,
    0x10, 0x8C, 0x08, 0x2C, 0x08, 0x2A, 0x00, 0x0B, 0x08, 0x2A, 0x08, 0x2C, 0x08, 0x4A, 0x08, 0x2D,
    0x08, 0x2A, 0x08, 0x2D, 0x10, 0x6B, 0x10, 0x8D, 0x10, 0x6B, 0x08, 0x2A, 0x08, 0x4A, 0x08, 0x4C,
    0x08, 0x4B, 0x00, 0x0B, 0x08, 0x2A, 0x00, 0x2B, 0x08, 0x2A, 0x00, 0x0C, 0x08, 0x2A, 0x00, 0x0D,
    0x08, 0x2A, 0x00, 0x0D, 0x08, 0x2A, 0x00, 0x0C, 0x08, 0x4A, 0x08, 0x2C, 0x08, 0x4A, 0x08, 0x4B,
    0x08, 0x2A, 0x00, 0x0C, 0x08, 0x2A, 0x00, 0x0F, 0x08, 0x2A, 0x00, 0x2B, 0x08, 0x2A, 0x08, 0x2A,
    0x08, 0x2A, 0x00, 0x0E, 0x08, 0x2A, 0x00, 0x0E, 0x08, 0x2A, 0x00, 0x0C, 0x08, 0x2A, 0x00, 0x0C,
    0x08, 0x2A, 0x00, 0x0D, 0x08, 0x2A, 0x08, 0x2A, 0x08, 0x2A, 0x08, 0x2A, 0x08, 0x2A, 0x00, 0x0C,
    0x08, 0x2A, 0x08, 0x2A, 0x08, 0x2A, 0x00, 0x2B, 0x08, 0x2A, 0x00, 0x2B, 0x08, 0x2A, 0x00, 0x0C,
    0x08, 0x2A, 0x00, 0x0E, 0x08, 0x2A, 0x00, 0x0E, 0x08, 0x2A, 0x00, 0x0C, 0x08, 0x2A, 0x00, 0x0B,
    0x08, 0x2A, 0x00, 0x0B, 0x08, 0x2A, 0x00, 0x0B, 0x08, 0x2A, 0x00, 0x0D, 0x08, 0x2A, 0x00, 0x0D,
    0x08, 0x2A, 0x00, 0x2B, 0x08, 0x2A, 0x08, 0x2A, 0x08, 0x2A, 0x08, 0x6D, 0x08, 0x4B, 0x00, 0x0B,
    0x08, 0x2A, 0x00, 0x2B, 0x08, 0x2A, 0x00, 0x0C, 0x08, 0x2A, 0x00, 0x0D, 0x08, 0x2A, 0x00, 0x0D,
    0x08, 0x2A, 0x00, 0x0C, 0x08, 0x2A, 0x00, 0x2B, 0x08, 0x2A, 0x08, 0x2A, 0x08, 0x2A, 0x00, 0x0C,
    0x08, 0x2A, 0x00, 0x0F, 0x08, 0x2A, 0x00, 0x2B, 0x00, 0x28, 0x08, 0x2A, 0x00, 0x00, 0x00, 0x0E,
    0x00, 0x2B, 0x08, 0x4F, 0x00, 0x2A, 0x08, 0x2B, 0x00, 0x2B, 0x08, 0x2A, 0x00, 0x0E, 0x08, 0x2A,
    0x00, 0x0C, 0x08, 0x2A, 0x08, 0x2A, 0x08, 0x2A, 0x29, 0x4F, 0x6B, 0x76, 0x21, 0x0F, 0x08, 0x2A,
    0x00, 0x2B, 0x08, 0x2A, 0x00, 0x0C, 0x08, 0x2A, 0x00, 0x0C, 0x08, 0x2A, 0x00, 0x0C, 0x08, 0x2A,
    0x08, 0x2C, 0x10, 0x8D, 0x39, 0xD5, 0x18, 0xAC, 0x08, 0x2A, 0x08, 0x2A, 0x08, 0x2A, 0x08, 0x2A,
    0x00, 0x0E, 0x08, 0x2A, 0x18, 0xD0, 0x73, 0x98, 0x31, 0x93, 0x08, 0x2A, 0x08, 0x2A, 0x08, 0x2A,
    0x00, 0x0E, 0x08, 0x2A, 0x00, 0x0D, 0x08, 0x2A, 0x00, 0x0B, 0x08, 0x2A, 0x00, 0x0D, 0x08, 0x2A,
    0x00, 0x2B, 0x08, 0x2A, 0x08, 0x2A, 0x08, 0x2A, 0x00, 0x2B, 0x08, 0x4A, 0x00, 0x0B, 0x08, 0x2A,
    0x08, 0x2A, 0x08, 0x2A, 0x10, 0x6D, 0x39, 0xF5, 0x29, 0x72, 0x08, 0x2A, 0x00, 0x0C, 0x08, 0x2A,
    0x00, 0x0E, 0x08, 0x2A, 0x00, 0x0D, 0x08, 0x2A, 0x00, 0x0C, 0x08, 0x2A, 0x00, 0x2B, 0x08, 0x2A,
    0x00, 0x2A, 0x08, 0x2A, 0x00, 0x2B, 0x08, 0x2A, 0x00, 0x0E, 0x08, 0x2A, 0x00, 0x0C, 0x08, 0x2A,
    0x08, 0x2A, 0x08, 0x2A, 0x08, 0x2A, 0x08, 0x2A, 0x08, 0x4C, 0x39, 0xD4, 0x39, 0xD4, 0x08, 0x4A,
    0x00, 0x0C, 0x08, 0x2A, 0x00, 0x0C, 0x08, 0x2A, 0x00, 0x0C, 0x08, 0x2A, 0x00, 0x0C, 0x08, 0x2A,
    0x00, 0x2B, 0x08, 0x2A, 0x08, 0x2A, 0x08, 0x2A, 0x08, 0x2A, 0x08, 0x2A, 0x00, 0x0E, 0x08, 0x2A,
    0x00, 0x0E, 0x08, 0x2A, 0x00, 0x0C, 0x08, 0x2A, 0x08, 0x2A, 0x08, 0x2A, 0x00, 0x0E, 0x08, 0x2A,
    0x00, 0x0D, 0x08, 0x2A, 0x00, 0x0B, 0x08, 0x2A, 0x00, 0x0D, 0x08, 0x2A, 0x00, 0x2B, 0x08, 0x2A,
    0x08, 0x2A, 0x08, 0x2A, 0x00, 0x2B, 0x08, 0x2A, 0x00, 0x0B, 0x08, 0x2A, 0x08, 0x2A, 0x08, 0x2A,
    0x00, 0x2B, 0x08, 0x2A, 0x00, 0x2B, 0x08, 0x2A, 0x00, 0x0C, 0x08, 0x2A, 0x00, 0x0E, 0x08, 0x2A,
    0x00, 0x0D, 0x08, 0x2A, 0x00, 0x0C, 0x08, 0x2A, 0x00, 0x2B, 0x08, 0x2A, 0x00, 0x2A, 0x08, 0x2A,
    0x00, 0x2B, 0x08, 0x2A, 0x00, 0x0E, 0x08, 0x2A, 0x00, 0x0C, 0x08, 0x2A, 0x08, 0x2A, 0x08, 0x2A,
    0x08, 0x2A, 0x08, 0x2A, 0x00, 0x2B, 0x08, 0x2A, 0x00, 0x2B, 0x08, 0x2A, 0x00, 0x0C, 0x08, 0x2A,
    0x00, 0x0C, 0x08, 0x2A, 0x00, 0x0C, 0x08, 0x2A, 0x08, 0x2C, 0x08, 0x2A, 0x00, 0x2B, 0x08, 0x2A,
    0x08, 0x2A, 0x08, 0x2A, 0x08, 0x2A, 0x08, 0x2A, 0x00, 0x0E, 0x08, 0x2A, 0x00, 0x0E, 0x08, 0x2A,
    0x00, 0x0C, 0x08, 0x4A, 0x08, 0x2A, 0x08, 0x2A, 0x00, 0x0E, 0x08, 0x2A, 0x00, 0x0D, 0x08, 0x2A,
    0x00, 0x0B, 0x08, 0x2A, 0x00, 0x0D, 0x08, 0x2A, 0x00, 0x2B, 0x08, 0x2A, 0x08, 0x2A, 0x08, 0x2A,
    0x00, 0x2B, 0x08, 0x2A, 0x00, 0x0B, 0x08, 0x2A, 0x10, 0x6C, 0x31, 0x94, 0x39, 0xD5, 0x31, 0xB2,
    0x4A, 0x53, 0x6B, 0x95, 0x42, 0x15, 0x63, 0x17, 0x73, 0x99, 0x7B, 0xD9, 0x39, 0xB3, 0x31, 0x94,
    0x39, 0xD5, 0x18, 0xAD, 0x00, 0x2B, 0x08, 0x2A, 0x00, 0x2A, 0x21, 0x0E, 0x6B, 0x78, 0x7B, 0xD9,
    0x39, 0xD3, 0x18, 0xCF, 0x31, 0x95, 0x39, 0xD4, 0x31, 0xB3, 0x4A, 0x73, 0x6B, 0x95, 0x42, 0x14,
    0x4A, 0x54, 0x29, 0x6F, 0x08, 0x2C, 0x08, 0x2A, 0x00, 0x0C, 0x08, 0x2A, 0x00, 0x0C, 0x08, 0x2A,
    0x00, 0x0C, 0x08, 0x2A, 0x00, 0x0C, 0x18, 0xCD, 0x4A, 0x53, 0x39, 0xD2, 0x5A, 0xF6, 0x63, 0x36,
    0x18, 0xCD, 0x08, 0x2A, 0x00, 0x0E, 0x08, 0x2A, 0x00, 0x0E, 0x08, 0x2A, 0x00, 0x0C, 0x08, 0x2A,
    0x08, 0x2A, 0x08, 0x2A, 0x00, 0x0E, 0x08, 0x2A, 0x00, 0x0D, 0x08, 0x2A, 0x00, 0x0B, 0x08, 0x2A,
    0x00, 0x0D, 0x08, 0x2A, 0x00, 0x2B, 0x08, 0x2A, 0x08, 0x2A, 0x08, 0x2A, 0x00, 0x2B, 0x08, 0x4A,
    0x00, 0x0C, 0x08, 0x2A, 0x08, 0x2A, 0x08, 0x2A, 0x00, 0x2B, 0x08, 0x2A, 0x00, 0x2B, 0x08, 0x2A,
    0x00, 0x0C, 0x08, 0x2A, 0x00, 0x0E, 0x08, 0x2A, 0x00, 0x0D, 0x08, 0x2A, 0x00, 0x0C, 0x08, 0x2A,
    0x00, 0x2B, 0x08, 0x2A, 0x00, 0x2A, 0x08, 0x2A, 0x00, 0x2B, 0x08, 0x2A, 0x08, 0x2E, 0x08, 0x4A,
    0x00, 0x0C, 0x08, 0x2A, 0x08, 0x2A, 0x08, 0x2A, 0x18, 0xCD, 0x73, 0x98, 0x31, 0x92, 0x08, 0x2A,
    0x00, 0x2B, 0x08, 0x2A, 0x00, 0x0C, 0x08, 0x2A, 0x00, 0x0C, 0x08, 0x2A, 0x00, 0x0C, 0x08, 0x2A,
    0x00, 0x0C, 0x08, 0x2A, 0x00, 0x2B, 0x08, 0x2A, 0x08, 0x2A, 0x08, 0x2A, 0x08, 0x2A, 0x08, 0x2A,
    0x00, 0x0E, 0x08, 0x2A, 0x00, 0x0E, 0x08, 0x4E, 0x00, 0x0C, 0x00, 0x00, 0x08, 0x2A, 0x00, 0x00,
    0x10, 0x76, 0x08, 0x2A, 0x08, 0x4E, 0x08, 0x2A, 0x00, 0x00, 0x00, 0x2B, 0x08, 0x2A, 0x00, 0x0F,
    0x08, 0x2A, 0x00, 0x0C, 0x08, 0x2A, 0x08, 0x4B, 0x31, 0xB2, 0xA5, 0x7B, 0x5A, 0xD6, 0x10, 0x6C,
    0x08, 0x2A, 0x00, 0x0C, 0x08, 0x2A, 0x00, 0x0C, 0x08, 0x2A, 0x00, 0x0C, 0x08, 0x2A, 0x00, 0x2B,
    0x08, 0x4A, 0x21, 0x11, 0x29, 0x53, 0x08, 0x4D, 0x08, 0x2A, 0x08, 0x2A, 0x08, 0x2A, 0x00, 0x2B,
    0x08, 0x2A, 0x00, 0x0E, 0x21, 0x0E, 0x94, 0xDB, 0x39, 0xF1, 0x00, 0x0D, 0x08, 0x2A, 0x08, 0x2A,
    0x08, 0x2A, 0x00, 0x0E, 0x08, 0x2A, 0x00, 0x0E, 0x08, 0x2A, 0x00, 0x2A, 0x08, 0x2A, 0x00, 0x0D,
    0x08, 0x2A, 0x08, 0x2A, 0x08, 0x2A, 0x08, 0x2A, 0x18, 0xCE, 0x4A, 0x53, 0x10, 0xAC, 0x08, 0x2A,
    0x08, 0x2A, 0x08, 0x2A, 0x18, 0xCE, 0x29, 0x54, 0x10, 0x6E, 0x08, 0x2B, 0x08, 0x2A, 0x00, 0x0C,
    0x08, 0x2A, 0x00, 0x0D, 0x08, 0x2A, 0x00, 0x0D, 0x08, 0x2A, 0x00, 0x2B, 0x08, 0x2A, 0x08, 0x2A,
    0x08, 0x2A, 0x08, 0x2A, 0x08, 0x2A, 0x00, 0x2B, 0x08, 0x2A, 0x00, 0x0F, 0x08, 0x2A, 0x00, 0x0C,
    0x08, 0x2A, 0x08, 0x2A, 0x08, 0x2A, 0x08, 0x2A, 0x10, 0x8C, 0x29, 0x53, 0x10, 0x8F, 0x08, 0x2C,
    0x08, 0x2A, 0x00, 0x0C, 0x08, 0x2A, 0x00, 0x0C, 0x08, 0x2A, 0x00, 0x2B, 0x08, 0x2A, 0x00, 0x2B,
    0x08, 0x2A, 0x00, 0x0C, 0x08, 0x2A, 0x08, 0x2A, 0x08, 0x2A, 0x00, 0x2B, 0x08, 0x2A, 0x00, 0x0E,
    0x08, 0x2A, 0x00, 0x0D, 0x08, 0x2A, 0x00, 0x0D, 0x08, 0x2A, 0x08, 0x2A, 0x08, 0x2A, 0x00, 0x0E,
    0x08, 0x2A, 0x00, 0x0E, 0x08, 0x2A, 0x00, 0x2A, 0x08, 0x2A, 0x00, 0x0D, 0x08, 0x2A, 0x08, 0x2A,
    0x08, 0x2A, 0x08, 0x2A, 0x08, 0x2A, 0x00, 0x0B, 0x08, 0x2A, 0x08, 0x2A, 0x08, 0x2A, 0x08, 0x2A,
    0x08, 0x2A, 0x00, 0x2A, 0x08, 0x2A, 0x08, 0x2A, 0x08, 0x2A, 0x00, 0x0C, 0x08, 0x2A, 0x00, 0x0D,
    0x08, 0x2A, 0x00, 0x0D, 0x08, 0x2A, 0x00, 0x2B, 0x08, 0x2A, 0x08, 0x2A, 0x08, 0x2A, 0x08, 0x2A,
    0x08, 0x2A, 0x00, 0x2B, 0x08, 0x2A, 0x00, 0x0F, 0x08, 0x2A, 0x00, 0x0C, 0x08, 0x2A, 0x08, 0x2A,
    0x08, 0x2A, 0x08, 0x2A, 0x08, 0x2A, 0x00, 0x2B, 0x08, 0x2A, 0x00, 0x0C, 0x08, 0x2A, 0x00, 0x0C,
    0x08, 0x2A, 0x00, 0x0C, 0x08, 0x2A, 0x10, 0x6D, 0x29, 0x30, 0x31, 0x90, 0x08, 0x4A, 0x00, 0x0C,
    0x08, 0x2A, 0x08, 0x2A, 0x08, 0x2A, 0x00, 0x2B, 0x08, 0x2A, 0x00, 0x0E, 0x08, 0x2A, 0x00, 0x0D,
    0x18, 0xCE, 0x4A, 0x74, 0x20, 0xED, 0x08, 0x2A, 0x08, 0x2A, 0x00, 0x0E, 0x08, 0x2A, 0x00, 0x0E,
    0x08, 0x2A, 0x00, 0x2A, 0x08, 0x2A, 0x00, 0x0D, 0x08, 0x2A, 0x08, 0x2A, 0x08, 0x2A, 0x08, 0x2A,
    0x08, 0x2A, 0x00, 0x0B, 0x08, 0x2A, 0x08, 0x2A, 0x18, 0xAD, 0x21, 0x11, 0x10, 0x8E, 0x10, 0x6E,
    0x31, 0xD3, 0xA5, 0x9B, 0x73, 0x99, 0x52, 0xB6, 0x5A, 0xD6, 0x5A, 0xF7, 0x42, 0x14, 0x21, 0x53,
    0x10, 0xB1, 0x08, 0x4D, 0x08, 0x2A, 0x08, 0x2A, 0x08, 0x2A, 0x31, 0x90, 0xAD, 0x7E, 0xBD, 0xDF,
    0x63, 0x17, 0x29, 0x54, 0x19, 0x12, 0x10, 0xB1, 0x10, 0x8E, 0x21, 0x0F, 0x4A, 0x92, 0x5A, 0xF6,
    0xAD, 0x5E, 0x94, 0xBC, 0x29, 0x70, 0x00, 0x0C, 0x08, 0x2A, 0x00, 0x0C, 0x08, 0x2A, 0x00, 0x0C,
    0x08, 0x2A, 0x00, 0x2B, 0x08, 0x2A, 0x18, 0xCF, 0x9D, 0x3A, 0x6B, 0x58, 0x6B, 0x56, 0x84, 0x3A,
    0x31, 0x6F, 0x00, 0x2B, 0x08, 0x2A, 0x00, 0x0E, 0x08, 0x2A, 0x00, 0x0D, 0x08, 0x2A, 0x00, 0x0D,
    0x08, 0x2A, 0x08, 0x2A, 0x08, 0x2A, 0x00, 0x0E, 0x08, 0x2A, 0x00, 0x0E, 0x08, 0x2A, 0x00, 0x2A,
    0x08, 0x2A, 0x00, 0x0D, 0x08, 0x2A, 0x08, 0x2A, 0x08, 0x2A, 0x08, 0x2A, 0x18, 0xCE, 0x4A, 0x73,
    0x20, 0xED, 0x08, 0x2A, 0x08, 0x2A, 0x08, 0x2A, 0x08, 0x2A, 0x00, 0x2A, 0x08, 0x2A, 0x08, 0x2A,
    0x08, 0x2A, 0x00, 0x0C, 0x08, 0x2A, 0x00, 0x0D, 0x08, 0x2A, 0x00, 0x0D, 0x08, 0x2A, 0x00, 0x2B,
    0x08, 0x2A, 0x08, 0x2A, 0x08, 0x2A, 0x08, 0x2A, 0x08, 0x2A, 0x08, 0x4C, 0x31, 0x71, 0x42, 0x34,
    0x08, 0x4B, 0x00, 0x0C, 0x08, 0x2A, 0x08, 0x2A, 0x21, 0x0E, 0x94, 0xDB, 0x39, 0xF1, 0x00, 0x2B,
    0x08, 0x2A, 0x00, 0x0C, 0x08, 0x2A, 0x00, 0x0C, 0x08, 0x2A, 0x00, 0x0C, 0x08, 0x2A, 0x00, 0x2B,
    0x08, 0x2A, 0x00, 0x2B, 0x08, 0x2A, 0x00, 0x0C, 0x08, 0x2A, 0x08, 0x2A, 0x08, 0x2A, 0x00, 0x2B,
    0x08, 0x2A, 0x00, 0x0E, 0x08, 0x2A, 0x00, 0x0D, 0x08, 0x28, 0x00, 0x0D, 0x00, 0x00, 0x08, 0x2A,
    0x00, 0x0B, 0x10, 0x6F, 0x08, 0x2A, 0x08, 0x4C, 0x08, 0x2A, 0x08, 0x4A, 0x00, 0x0D, 0x08, 0x4A,
    0x00, 0x10, 0x08, 0x4A, 0x00, 0x2D, 0x21, 0x0F, 0x39, 0xD4, 0xAD, 0x9E, 0xA5, 0x1D, 0x39, 0xD2,
    0x00, 0x0C, 0x08, 0x4A, 0x00, 0x0C, 0x08, 0x4A, 0x00, 0x0C, 0x08, 0x4A, 0x00, 0x0C, 0x08, 0x4A,
    0x08, 0x2C, 0x39, 0xD3, 0x42, 0x15, 0x10, 0x8C, 0x00, 0x0D, 0x08, 0x4A, 0x08, 0x2A, 0x08, 0x4A,
    0x00, 0x2B, 0x08, 0x4A, 0x10, 0xAF, 0x39, 0xD1, 0x18, 0xCF, 0x08, 0x4A, 0x00, 0x0D, 0x08, 0x4A,
    0x08, 0x2A, 0x08, 0x4A, 0x00, 0x0E, 0x08, 0x4A, 0x00, 0x0E, 0x08, 0x4A, 0x00, 0x0C, 0x08, 0x4A,
    0x00, 0x0D, 0x08, 0x4A, 0x08, 0x2A, 0x08, 0x4A, 0x10, 0x8D, 0xAD, 0x7D, 0x29, 0x50, 0x08, 0x4A,
    0x08, 0x2A, 0x08, 0x4A, 0x29, 0x50, 0x42, 0x36, 0x21, 0x10, 0x08, 0x4A, 0x08, 0x2A, 0x08, 0x4A,
    0x00, 0x0C, 0x08, 0x4A, 0x00, 0x0C, 0x08, 0x4A, 0x00, 0x0B, 0x08, 0x4A, 0x00, 0x0B, 0x08, 0x4A,
    0x08, 0x2A, 0x08, 0x4A, 0x08, 0x2A, 0x08, 0x4A, 0x00, 0x0D, 0x08, 0x4A, 0x00, 0x10, 0x08, 0x4A,
    0x00, 0x0D, 0x08, 0x4A, 0x08, 0x2A, 0x08, 0x4A, 0x18, 0xCE, 0x42, 0x15, 0x29, 0x72, 0x08, 0x4B,
    0x00, 0x0C, 0x08, 0x4A, 0x00, 0x0C, 0x08, 0x4A, 0x00, 0x0C, 0x08, 0x4A, 0x00, 0x0B, 0x08, 0x4A,
    0x00, 0x0C, 0x08, 0x4A, 0x00, 0x0D, 0x08, 0x4A, 0x08, 0x2A, 0x08, 0x4A, 0x00, 0x2B, 0x08, 0x4A,
    0x00, 0x0C, 0x08, 0x4A, 0x00, 0x0D, 0x08, 0x4A, 0x00, 0x0D, 0x08, 0x4A, 0x08, 0x2A, 0x08, 0x4A,
    0x00, 0x0E, 0x08, 0x4A, 0x00, 0x0E, 0x08, 0x4A, 0x00, 0x0C, 0x08, 0x4A, 0x00, 0x0D, 0x08, 0x4A,
    0x08, 0x2A, 0x08, 0x4A, 0x08, 0x2A, 0x08, 0x4A, 0x00, 0x0C, 0x08, 0x4A, 0x08, 0x2A, 0x08, 0x4A,
    0x08, 0x2A, 0x08, 0x4A, 0x08, 0x2A, 0x08, 0x4A, 0x08, 0x2A, 0x08, 0x4A, 0x00, 0x0C, 0x08, 0x4A,
    0x00, 0x0C, 0x08, 0x4A, 0x00, 0x0B, 0x08, 0x4A, 0x00, 0x0B, 0x08, 0x4A, 0x08, 0x2A, 0x08, 0x4A,
    0x08, 0x2A, 0x08, 0x4A, 0x00, 0x0D, 0x08, 0x4A, 0x00, 0x10, 0x08, 0x4A, 0x00, 0x0D, 0x08, 0x4A,
    0x08, 0x2A, 0x08, 0x4A, 0x08, 0x2A, 0x08, 0x4A, 0x00, 0x0C, 0x08, 0x4A, 0x00, 0x0C, 0x08, 0x4A,
    0x00, 0x0C, 0x08, 0x4A, 0x00, 0x0C, 0x10, 0x6B, 0x31, 0x93, 0x7B, 0xF8, 0x08, 0x2D, 0x08, 0x4A,
    0x00, 0x0D, 0x08, 0x4A, 0x08, 0x2A, 0x08, 0x4A, 0x00, 0x2B, 0x08, 0x4A, 0x00, 0x0C, 0x08, 0x4A,
    0x10, 0x8F, 0xB5, 0xBE, 0x52, 0x94, 0x08, 0x4A, 0x08, 0x2A, 0x08, 0x4A, 0x00, 0x0E, 0x08, 0x4A,
    0x00, 0x0E, 0x08, 0x4A, 0x00, 0x0C, 0x08, 0x4A, 0x00, 0x0D, 0x08, 0x4A, 0x08, 0x2A, 0x08, 0x4A,
    0x08, 0x2A, 0x08, 0x4A, 0x00, 0x0C, 0x08, 0x4A, 0x08, 0x2A, 0x08, 0x4B, 0x08, 0x2A, 0x10, 0x8C,
    0x31, 0xB3, 0xC6, 0x3F, 0x7B, 0xF9, 0x10, 0x8C, 0x10, 0x6D, 0x10, 0x8C, 0x29, 0x52, 0x39, 0xF4,
    0x31, 0xB3, 0x18, 0xCD, 0x00, 0x0B, 0x08, 0x4A, 0x08, 0x2A, 0x39, 0xB0, 0xAD, 0x5E, 0xBD, 0xDF,
    0x63, 0x18, 0x42, 0x35, 0x31, 0xD3, 0x31, 0xB3, 0x10, 0x6E, 0x10, 0x6B, 0x08, 0x2A, 0x18, 0xAC,
    0x63, 0x16, 0xAD, 0x5F, 0x62, 0xF7, 0x10, 0x6B, 0x00, 0x0C, 0x08, 0x4A, 0x00, 0x0C, 0x08, 0x4A,
    0x00, 0x0C, 0x08, 0x4A, 0x08, 0x2C, 0x21, 0x30, 0xA5, 0x3D, 0x29, 0x2E, 0x08, 0x2D, 0x18, 0xCD,
    0x08, 0x4B, 0x08, 0x4A, 0x00, 0x2B, 0x08, 0x4A, 0x00, 0x0C, 0x08, 0x4A, 0x00, 0x0D, 0x08, 0x4A,
    0x00, 0x0D, 0x08, 0x4A, 0x08, 0x2A, 0x08, 0x4A, 0x00, 0x0E, 0x08, 0x4A, 0x00, 0x0E, 0x08, 0x4A,
    0x00, 0x0C, 0x08, 0x4A, 0x00, 0x0D, 0x08, 0x4A, 0x08, 0x2A, 0x08, 0x4A, 0x10, 0x8D, 0xB5, 0xBE,
    0x52, 0x94, 0x08, 0x4A, 0x08, 0x2A, 0x08, 0x4A, 0x08, 0x2A, 0x08, 0x4A, 0x08, 0x2A, 0x08, 0x4A,
    0x08, 0x2A, 0x08, 0x4A, 0x00, 0x0C, 0x08, 0x4A, 0x00, 0x0C, 0x08, 0x4A, 0x00, 0x0B, 0x08, 0x4A,
    0x00, 0x0B, 0x08, 0x4A, 0x08, 0x2A, 0x08, 0x4A, 0x08, 0x2A, 0x10, 0x6B, 0x29, 0x52, 0xA5, 0x1C,
    0x10, 0x91, 0x08, 0x4A, 0x00, 0x0D, 0x08, 0x4A, 0x18, 0xAD, 0x39, 0xD1, 0x18, 0xCD, 0x08, 0x4A,
    0x00, 0x0C, 0x08, 0x4A, 0x00, 0x0C, 0x08, 0x4A, 0x00, 0x0C, 0x08, 0x4A, 0x00, 0x0C, 0x08, 0x4A,
    0x00, 0x0B, 0x08, 0x4A, 0x00, 0x0C, 0x08, 0x4A, 0x00, 0x0D, 0x08, 0x4A, 0x08, 0x2A, 0x08, 0x4A,
    0x00, 0x2B, 0x08, 0x4A, 0x00, 0x0C, 0x10, 0x4F, 0x00, 0x0D, 0x00, 0x00, 0x00, 0x0D, 0x00, 0x00,
    0x18, 0x97, 0x00, 0x0D, 0x10, 0x6F, 0x00, 0x2B, 0x00, 0x00, 0x08, 0x2A, 0x08, 0x4A, 0x00, 0x0E,
    0x08, 0x4A, 0x00, 0x0F, 0x18, 0xCD, 0x52, 0x95, 0x7B, 0xD8, 0x7B, 0xF7, 0xC6, 0x3E, 0x5A, 0xF6,
    0x10, 0x6B, 0x00, 0x0D, 0x08, 0x4A, 0x00, 0x2B, 0x08, 0x4A, 0x00, 0x0D, 0x08, 0x4A, 0x00, 0x0D,
    0x08, 0x4B, 0x42, 0x15, 0x5A, 0xF7, 0x18, 0xD0, 0x29, 0x4F, 0x29, 0x70, 0x18, 0xCD, 0x08, 0x2A,
    0x08, 0x4A, 0x08, 0x2A, 0x10, 0x8C, 0x18, 0xEE, 0x10, 0x8C, 0x00, 0x0C, 0x08, 0x4B, 0x08, 0x6E,
    0x18, 0xED, 0x20, 0xEF, 0x10, 0x6B, 0x08, 0x4E, 0x29, 0x4F, 0x18, 0xB1, 0x08, 0x4A, 0x00, 0x0D,
    0x08, 0x4A, 0x00, 0x0D, 0x10, 0x6B, 0x18, 0xAD, 0x31, 0x90, 0xBD, 0xDC, 0x42, 0x11, 0x10, 0xAD,
    0x18, 0xCD, 0x08, 0x2A, 0x31, 0x91, 0x63, 0x18, 0x41, 0xF2, 0x10, 0x8C, 0x31, 0x6F, 0x21, 0x0E,
    0x10, 0x6B, 0x00, 0x0C, 0x08, 0x4A, 0x00, 0x2B, 0x10, 0x6B, 0x10, 0x6E, 0x29, 0x4E, 0x18, 0xAF,
    0x10, 0x8C, 0x08, 0x2B, 0x08, 0x4A, 0x08, 0x2A, 0x10, 0x6B, 0x10, 0xB0, 0x10, 0x6B, 0x10, 0x91,
    0x21, 0x0E, 0x10, 0x8E, 0x08, 0x4B, 0x08, 0x2A, 0x21, 0x0E, 0x5A, 0xD7, 0x52, 0x95, 0x08, 0x4E,
    0x08, 0x4B, 0x10, 0x8D, 0x18, 0xCD, 0x10, 0x6E, 0x08, 0x4A, 0x08, 0x2E, 0x18, 0xAD, 0x21, 0x0F,
    0x21, 0x0E, 0x10, 0x8E, 0x10, 0x6B, 0x00, 0x0B, 0x08, 0x4A, 0x08, 0x2A, 0x08, 0x4A, 0x08, 0x2A,
    0x08, 0x4A, 0x00, 0x2B, 0x08, 0x4A, 0x08, 0x2D, 0x10, 0xAC, 0x21, 0x0F, 0x10, 0x8C, 0x08, 0x4D,
    0x20, 0xED, 0x29, 0x51, 0x10, 0x6B, 0x00, 0x2F, 0x10, 0x6C, 0x20, 0xEF, 0x20, 0xED, 0x08, 0x4E,
    0x08, 0x4B, 0x08, 0x2A, 0x08, 0x4A, 0x08, 0x2A, 0x08, 0x4B, 0x08, 0x6D, 0x29, 0x4E, 0x18, 0xAC,
    0x10, 0x6B, 0x08, 0x2A, 0x08, 0x4A, 0x08, 0x2A, 0x08, 0x4B, 0x10, 0x8D, 0x18, 0xCD, 0x21, 0x0F,
    0x10, 0x8C, 0x08, 0x2C, 0x08, 0x4A, 0x00, 0x0C, 0x08, 0x4A, 0x00, 0x0D, 0x08, 0x4A, 0x00, 0x2B,
    0x08, 0x4A, 0x08, 0x2A, 0x08, 0x4A, 0x08, 0x4F, 0x18, 0xAD, 0x21, 0x12, 0x10, 0x8C, 0x08, 0x2C,
    0x08, 0x4A, 0x08, 0x2A, 0x10, 0x6B, 0x18, 0xAF, 0x10, 0x6B, 0x00, 0x0D, 0x08, 0x4A, 0x00, 0x2B,
    0x18, 0xCD, 0x10, 0x6E, 0x18, 0xAD, 0x18, 0xAF, 0x73, 0xB7, 0x8C, 0x58, 0x18, 0xCD, 0x18, 0xD0,
    0x10, 0x6B, 0x00, 0x0B, 0x08, 0x4A, 0x08, 0x2A, 0x08, 0x4A, 0x08, 0x2A, 0x10, 0x6B, 0x10, 0xAE,
    0x31, 0x90, 0xC6, 0x1D, 0x63, 0x14, 0x10, 0xAE, 0x18, 0xCD, 0x00, 0x0D, 0x08, 0x4A, 0x00, 0x0D,
    0x10, 0x8C, 0x10, 0x90, 0x29, 0x4E, 0x10, 0x8E, 0x08, 0x4B, 0x00, 0x0D, 0x08, 0x4A, 0x08, 0x2A,
    0x08, 0x4A, 0x08, 0x2A, 0x08, 0x4A, 0x00, 0x2B, 0x08, 0x4A, 0x08, 0x2A, 0x08, 0x4A, 0x18, 0xCE,
    0x73, 0xB8, 0xD6, 0x9D, 0x84, 0x18, 0x08, 0x2B, 0x08, 0x4A, 0x00, 0x0C, 0x31, 0x91, 0x52, 0xB6,
    0x5A, 0xD6, 0x29, 0x72, 0x08, 0x4A, 0x00, 0x0D, 0x08, 0x4A, 0x31, 0x90, 0xB5, 0x9E, 0xC6, 0x1F,
    0x63, 0x16, 0x4A, 0x77, 0x52, 0x95, 0x52, 0xB6, 0x20, 0xEE, 0x00, 0x0C, 0x08, 0x4A, 0x08, 0x2A,
    0x4A, 0x32, 0xB5, 0x9E, 0x73, 0x77, 0x08, 0x4E, 0x08, 0x4A, 0x00, 0x2B, 0x08, 0x4A, 0x00, 0x0D,
    0x08, 0x4B, 0x10, 0xAF, 0x20, 0xEE, 0x4A, 0x54, 0xA5, 0x1C, 0x29, 0x31, 0x20, 0xED, 0x08, 0x4C,
    0x08, 0x4A, 0x08, 0x2A, 0x10, 0x6B, 0x20, 0xED, 0x21, 0x0E, 0x10, 0x8D, 0x08, 0x4B, 0x00, 0x0C,
    0x08, 0x4A, 0x08, 0x2D, 0x18, 0xCE, 0x08, 0x2D, 0x10, 0x6B, 0x10, 0x8F, 0x29, 0x4E, 0x08, 0x2F,
    0x08, 0x4A, 0x00, 0x0D, 0x08, 0x4A, 0x00, 0x0D, 0x10, 0x6B, 0x18, 0xAD, 0x31, 0x90, 0xC6, 0x1D,
    0x63, 0x14, 0x10, 0xAD, 0x20, 0xED, 0x08, 0x2A, 0x08, 0x4A, 0x08, 0x2A, 0x10, 0x6B, 0x10, 0x8D,
    0x29, 0x4E, 0x10, 0x8C, 0x08, 0x4B, 0x00, 0x0C, 0x08, 0x4A, 0x00, 0x2B, 0x10, 0x6C, 0x10, 0xAF,
    0x29, 0x6F, 0x18, 0xCF, 0x10, 0x8C, 0x08, 0x2B, 0x18, 0xCD, 0x18, 0xCD, 0x63, 0x15, 0xAD, 0x7B,
    0x29, 0x2E, 0x10, 0x91, 0x10, 0x6B, 0x00, 0x0C, 0x10, 0x8C, 0x20, 0xED, 0x10, 0x8C, 0x00, 0x0C,
    0x10, 0x6C, 0x10, 0xB0, 0x10, 0x6B, 0x10, 0xAD, 0x21, 0x0E, 0x10, 0x8E, 0x08, 0x4B, 0x00, 0x0D,
    0x08, 0x4A, 0x08, 0x2C, 0x10, 0x8C, 0x18, 0xCF, 0x21, 0x0D, 0x08, 0x2C, 0x10, 0x8C, 0x29, 0x4F,
    0x20, 0xED, 0x08, 0x2A, 0x08, 0x4A, 0x00, 0x2B, 0x08, 0x29, 0x00, 0x0C, 0x00, 0x00, 0x00, 0x0C,
    0x00, 0x0D, 0x10, 0x70, 0x00, 0x0E, 0x08, 0x4C, 0x00, 0x2B, 0x08, 0x4B, 0x00, 0x2B, 0x08, 0x4B,
    0x00, 0x0C, 0x08, 0x4B, 0x29, 0x51, 0x84, 0x39, 0x6B, 0x56, 0x31, 0xAF, 0xAD, 0x9D, 0x94, 0xBB,
    0x21, 0x11, 0x08, 0x4B, 0x00, 0x0D, 0x08, 0x4B, 0x00, 0x2B, 0x08, 0x4B, 0x00, 0x0E, 0x08, 0x4B,
    0x08, 0x2C, 0x42, 0x13, 0x73, 0x99, 0x63, 0x37, 0x94, 0xB9, 0xB5, 0xBC, 0x94, 0xBA, 0x39, 0xF0,
    0x08, 0x2A, 0x08, 0x4B, 0x31, 0x6F, 0x9C, 0xFB, 0x52, 0x94, 0x08, 0x4B, 0x10, 0x8E, 0x10, 0x8F,
    0x31, 0xD3, 0x94, 0xFA, 0x63, 0x17, 0x83, 0xFA, 0x9C, 0xFD, 0x52, 0xB5, 0x00, 0x2E, 0x08, 0x4B,
    0x00, 0x0D, 0x08, 0x4B, 0x31, 0x73, 0x73, 0x98, 0x8C, 0x5A, 0xBD, 0xFE, 0x9D, 0x1B, 0x94, 0xDB,
    0x6B, 0x56, 0x10, 0x6B, 0x29, 0x50, 0x73, 0xB9, 0x5A, 0xD6, 0x73, 0xB6, 0xAD, 0x7B, 0xAD, 0x5C,
    0x6B, 0x77, 0x18, 0xCD, 0x00, 0x0D, 0x10, 0x8C, 0x18, 0xF0, 0x31, 0x92, 0xAD, 0x7D, 0xA5, 0x3C,
    0x84, 0x1A, 0x29, 0x4F, 0x08, 0x2B, 0x10, 0x6B, 0x29, 0x30, 0x39, 0xF4, 0x18, 0xF0, 0x94, 0x9A,
    0xAD, 0x5D, 0x9C, 0xDB, 0x5A, 0xB5, 0x10, 0x8C, 0x18, 0xAD, 0x6B, 0x58, 0x63, 0x17, 0x10, 0x6B,
    0x18, 0xAF, 0x7B, 0xF7, 0x9C, 0xFA, 0x4A, 0x53, 0x08, 0x4F, 0x29, 0x50, 0x29, 0x72, 0xAD, 0x7D,
    0xAD, 0x7D, 0x9C, 0xDB, 0x5A, 0xB5, 0x10, 0x6B, 0x08, 0x2A, 0x08, 0x4B, 0x08, 0x2A, 0x08, 0x4B,
    0x08, 0x2A, 0x08, 0x4B, 0x08, 0x4C, 0x10, 0x8E, 0x31, 0x92, 0x9D, 0x1A, 0x73, 0x99, 0x7B, 0xB9,
    0x94, 0x9B, 0x8C, 0x5B, 0x20, 0xF0, 0x20, 0xEE, 0x29, 0x73, 0xAD, 0x5C, 0xA5, 0x3D, 0x84, 0x3A,
    0x39, 0xB3, 0x10, 0x6B, 0x08, 0x2A, 0x10, 0x8C, 0x18, 0xEF, 0x31, 0x92, 0xAD, 0x5D, 0xA5, 0x1C,
    0x73, 0x98, 0x29, 0x4F, 0x00, 0x2B, 0x10, 0x6B, 0x21, 0x10, 0x29, 0x71, 0x31, 0xB3, 0xAD, 0x7D,
    0x9C, 0xDC, 0x5A, 0xD5, 0x08, 0x4D, 0x08, 0x4B, 0x00, 0x0D, 0x08, 0x4B, 0x00, 0x0E, 0x08, 0x4B,
    0x00, 0x2B, 0x08, 0x4B, 0x18, 0xCE, 0x29, 0x51, 0x31, 0xB3, 0xAD, 0x5D, 0x94, 0x9B, 0x52, 0x94,
    0x08, 0x4D, 0x10, 0x6B, 0x29, 0x30, 0x42, 0x15, 0x10, 0x8F, 0x08, 0x4B, 0x00, 0x0D, 0x18, 0xAC,
    0x84, 0x3A, 0x5A, 0xB5, 0x5A, 0xF8, 0x73, 0x98, 0x9D, 0x1C, 0xB5, 0xDC, 0x9C, 0xDB, 0x94, 0x9A,
    0x29, 0x4F, 0x08, 0x4B, 0x08, 0x2A, 0x08, 0x4B, 0x08, 0x2A, 0x08, 0x4B, 0x31, 0x70, 0x73, 0x98,
    0x8C, 0x5A, 0xBE, 0x1E, 0xAD, 0x5C, 0x94, 0xDB, 0x6B, 0x57, 0x10, 0x6B, 0x00, 0x0C, 0x18, 0xEE,
    0x21, 0x31, 0x31, 0xB3, 0xAD, 0x7D, 0x9C, 0xFC, 0x63, 0x17, 0x18, 0xCD, 0x00, 0x0D, 0x08, 0x4B,
    0x08, 0x2A, 0x08, 0x4B, 0x00, 0x2B, 0x08, 0x4B, 0x00, 0x2B, 0x08, 0x4B, 0x08, 0x2A, 0x18, 0xAC,
    0x8C, 0x79, 0xD6, 0xBD, 0x84, 0x37, 0x10, 0x6B, 0x00, 0x0D, 0x08, 0x4B, 0x29, 0x51, 0x63, 0x57,
    0x73, 0xB8, 0x41, 0xF1, 0x29, 0x72, 0x39, 0xD0, 0x29, 0x71, 0x5A, 0xB4, 0xBD, 0xDE, 0xBE, 0x1F,
    0x5A, 0xB4, 0x52, 0x95, 0x6B, 0x57, 0x6B, 0x78, 0x29, 0x72, 0x31, 0x8F, 0x31, 0xB1, 0x39, 0xAF,
    0x8C, 0x79, 0xAD, 0x9D, 0x4A, 0x55, 0x08, 0x4B, 0x00, 0x0D, 0x08, 0x4B, 0x00, 0x2B, 0x08, 0x4B,
    0x08, 0x4F, 0x52, 0x75, 0x73, 0x99, 0x94, 0x9A, 0xC6, 0x3D, 0x9C, 0xFA, 0x9C, 0xDB, 0x4A, 0x31,
    0x08, 0x4B, 0x18, 0xCE, 0x29, 0x51, 0xAD, 0x5C, 0xAD, 0x5D, 0x94, 0x9B, 0x41, 0xF2, 0x10, 0x6B,
    0x08, 0x2C, 0x29, 0x50, 0x39, 0xD4, 0x18, 0xCE, 0x73, 0x97, 0xA5, 0x1C, 0x94, 0xBB, 0x20, 0xED,
    0x00, 0x0E, 0x08, 0x4B, 0x00, 0x0D, 0x08, 0x4B, 0x31, 0x73, 0x73, 0x98, 0x8C, 0x5A, 0xBE, 0x1E,
    0xAD, 0x5C, 0x94, 0xDB, 0x84, 0x19, 0x18, 0xAC, 0x08, 0x2A, 0x18, 0xCD, 0x21, 0x10, 0x31, 0xB3,
    0xAD, 0x7D, 0x9C, 0xFC, 0x5A, 0xB6, 0x10, 0x8C, 0x00, 0x0D, 0x10, 0x8C, 0x29, 0x72, 0x31, 0x92,
    0xB5, 0x9E, 0xAD, 0x5D, 0x8C, 0x7B, 0x42, 0x33, 0x52, 0xB7, 0x73, 0xB9, 0x9C, 0xDB, 0xBD, 0xDD,
    0x9C, 0xDB, 0x94, 0x9A, 0x29, 0x52, 0x08, 0x4B, 0x31, 0x71, 0x9C, 0xFB, 0x52, 0x94, 0x10, 0x8C,
    0x31, 0x93, 0x39, 0xF4, 0x18, 0xF0, 0x94, 0x9A, 0xAD, 0x5D, 0x9C, 0xDB, 0x5A, 0xB7, 0x10, 0x6B,
    0x00, 0x0C, 0x18, 0xCE, 0x10, 0x6F, 0x31, 0xD3, 0x94, 0xFA, 0x63, 0x37, 0x7B, 0xFA, 0xA5, 0x1D,
    0x52, 0x94, 0x10, 0x6B, 0x08, 0x2A, 0x10, 0x6F, 0x00, 0x2B, 0x00, 0x00, 0x00, 0x0C, 0x00, 0x00,
    0x20, 0xB8, 0x00, 0x0D, 0x10, 0x6F, 0x00, 0x0E, 0x00, 0x00, 0x00, 0x2B, 0x08, 0x4B, 0x08, 0x2A,
    0x08, 0x4B, 0x08, 0x4C, 0x5A, 0xD4, 0x8C, 0x9B, 0x42, 0x12, 0x08, 0x4D, 0x84, 0x39, 0xBD, 0xFE,
    0x4A, 0x32, 0x00, 0x2D, 0x08, 0x4B, 0x00, 0x0C, 0x08, 0x4B, 0x00, 0x0D, 0x08, 0x4B, 0x00, 0x0E,
    0x10, 0x6B, 0x42, 0x34, 0x8C, 0x5A, 0x84, 0x18, 0x4A, 0x31, 0x63, 0x36, 0xAD, 0x7D, 0x9C, 0xDA,
    0x20, 0xED, 0x08, 0x2A, 0x39, 0xF1, 0xB5, 0xBD, 0x5A, 0xF4, 0x08, 0x4B, 0x31, 0xB3, 0x39, 0xD4,
    0x29, 0x51, 0x62, 0xF6, 0xAD, 0x5D, 0x94, 0x9C, 0x42, 0x12, 0x29, 0x51, 0x10, 0x6B, 0x00, 0x0B,
    0x08, 0x4B, 0x00, 0x0D, 0x18, 0xCD, 0x31, 0x92, 0x52, 0xB4, 0xBD, 0xDC, 0x52, 0xB3, 0x39, 0xB2,
    0x29, 0x2E, 0x08, 0x2B, 0x31, 0x91, 0x84, 0x3A, 0x94, 0xBA, 0x84, 0x17, 0x4A, 0x73, 0x6B, 0x78,
    0xBD, 0xDD, 0x52, 0xB6, 0x10, 0x8C, 0x31, 0x93, 0x63, 0x16, 0x5B, 0x16, 0x42, 0x11, 0x5A, 0xD5,
    0xAD, 0x7E, 0x73, 0xB9, 0x18, 0xCD, 0x08, 0x2B, 0x42, 0x34, 0x6B, 0x78, 0x73, 0xB7, 0x5A, 0xF4,
    0x4A, 0x32, 0x8C, 0x7A, 0xA5, 0x5E, 0x31, 0x71, 0x20, 0xEE, 0x73, 0xB9, 0x6B, 0x76, 0x21, 0x10,
    0x84, 0x39, 0xA5, 0x5C, 0x5A, 0xF4, 0x10, 0x6E, 0x29, 0x50, 0x63, 0x38, 0x7B, 0xD8, 0x5A, 0xF4,
    0x4A, 0x72, 0x8C, 0x79, 0x9C, 0xFD, 0x29, 0x2E, 0x08, 0x4B, 0x00, 0x2B, 0x08, 0x4B, 0x08, 0x2A,
    0x08, 0x4B, 0x00, 0x2B, 0x21, 0x0F, 0x39, 0xD4, 0x31, 0xB3, 0x5A, 0xD5, 0x94, 0x7A, 0xAD, 0x9F,
    0x63, 0x16, 0x42, 0x14, 0x39, 0xB2, 0x63, 0x37, 0x73, 0x97, 0x4A, 0x53, 0x52, 0x73, 0xA5, 0x1D,
    0x9C, 0xFC, 0x31, 0x72, 0x10, 0x6B, 0x31, 0xB1, 0x63, 0x37, 0x52, 0xB5, 0x39, 0xD0, 0x5A, 0xF4,
    0xB5, 0x9E, 0x84, 0x39, 0x20, 0xEE, 0x18, 0xCF, 0x52, 0x96, 0x63, 0x16, 0x4A, 0x52, 0x42, 0x14,
    0x8C, 0x99, 0x9C, 0xFD, 0x31, 0x90, 0x00, 0x0D, 0x08, 0x4B, 0x00, 0x0D, 0x08, 0x4B, 0x00, 0x0E,
    0x08, 0x4B, 0x18, 0xEF, 0x52, 0x95, 0x63, 0x16, 0x4A, 0x32, 0x41, 0xF1, 0x9C, 0xDA, 0xAD, 0x7E,
    0x42, 0x32, 0x08, 0x2C, 0x42, 0x34, 0x6B, 0x58, 0x29, 0x4F, 0x00, 0x0D, 0x08, 0x4B, 0x10, 0x8E,
    0x9C, 0xDC, 0x5A, 0xD6, 0x31, 0x91, 0x39, 0xF4, 0xA5, 0x1A, 0x94, 0x99, 0x39, 0xF1, 0x31, 0x6F,
    0x18, 0xCD, 0x08, 0x2A, 0x08, 0x4B, 0x00, 0x2B, 0x08, 0x4B, 0x08, 0x2A, 0x18, 0xCD, 0x31, 0x91,
    0x52, 0xB4, 0xC6, 0x3D, 0x73, 0x96, 0x39, 0xB1, 0x29, 0x2E, 0x08, 0x2C, 0x18, 0xCE, 0x4A, 0x55,
    0x63, 0x37, 0x42, 0x33, 0x42, 0x31, 0x8C, 0x59, 0xB5, 0xBE, 0x63, 0x17, 0x10, 0x8C, 0x00, 0x0C,
    0x08, 0x4B, 0x08, 0x2A, 0x08, 0x4B, 0x00, 0x0C, 0x08, 0x4B, 0x00, 0x2B, 0x08, 0x4B, 0x10, 0x8C,
    0x94, 0xBB, 0xCE, 0x9D, 0x84, 0x38, 0x08, 0x4E, 0x08, 0x4B, 0x00, 0x0F, 0x31, 0x91, 0x73, 0xD9,
    0x8C, 0x59, 0x84, 0x18, 0x8C, 0x7B, 0x9C, 0xDB, 0x9C, 0xFA, 0x9C, 0xFC, 0xC6, 0x5E, 0xC6, 0x5E,
    0x5A, 0xF4, 0x5A, 0xB6, 0x7B, 0xF8, 0x84, 0x39, 0x7C, 0x17, 0x8C, 0x7B, 0x9D, 0x1B, 0xB5, 0x9C,
    0xB5, 0xDE, 0x7B, 0xD7, 0x18, 0xAC, 0x00, 0x0D, 0x08, 0x4B, 0x00, 0x0C, 0x08, 0x4B, 0x00, 0x0D,
    0x10, 0x6B, 0x21, 0x32, 0x39, 0xD1, 0x63, 0x35, 0xB5, 0xBB, 0x4A, 0x74, 0x42, 0x12, 0x18, 0xED,
    0x29, 0x50, 0x5A, 0xF6, 0x7B, 0xD8, 0x4A, 0x72, 0x4A, 0x72, 0x94, 0xDC, 0xA5, 0x3C, 0x42, 0x14,
    0x10, 0x6B, 0x42, 0x14, 0x63, 0x58, 0x73, 0xD8, 0x9D, 0x1A, 0x5A, 0xD4, 0x4A, 0x73, 0x10, 0x8D,
    0x08, 0x4B, 0x00, 0x0B, 0x08, 0x4B, 0x00, 0x0D, 0x18, 0xCD, 0x31, 0x92, 0x52, 0xB4, 0xC6, 0x3D,
    0x73, 0x96, 0x39, 0xB2, 0x31, 0x6F, 0x08, 0x4C, 0x18, 0xCE, 0x42, 0x34, 0x63, 0x36, 0x42, 0x32,
    0x42, 0x11, 0x84, 0x19, 0xAD, 0x7E, 0x42, 0x35, 0x10, 0x6B, 0x31, 0x93, 0x63, 0x58, 0x6B, 0x57,
    0x52, 0xB2, 0x52, 0x94, 0xA5, 0x1B, 0x84, 0x3B, 0x31, 0x91, 0x31, 0xB1, 0x84, 0x39, 0xAD, 0x9B,
    0x42, 0x12, 0x31, 0xB1, 0x18, 0xAC, 0x00, 0x0E, 0x39, 0xF1, 0xB5, 0xBD, 0x5A, 0xF4, 0x08, 0x4B,
    0x52, 0xB6, 0x6B, 0x58, 0x73, 0xB7, 0x5A, 0xF4, 0x4A, 0x32, 0x8C, 0x7A, 0xA5, 0x5E, 0x29, 0x72,
    0x18, 0xAD, 0x31, 0xB3, 0x39, 0xD4, 0x29, 0x30, 0x6B, 0x56, 0xB5, 0xBE, 0x8C, 0x7B, 0x39, 0xD2,
    0x31, 0x91, 0x08, 0x2B, 0x08, 0x4B, 0x00, 0x2B, 0x08, 0x49, 0x00, 0x2B, 0x00, 0x00, 0x00, 0x2B,
    0x00, 0x0C, 0x18, 0x91, 0x00, 0x0D, 0x10, 0x6C, 0x00, 0x0E, 0x10, 0x6B, 0x00, 0x2B, 0x10, 0x6B,
    0x08, 0x2A, 0x29, 0x2E, 0x8C, 0x58, 0x94, 0xB9, 0x63, 0x18, 0x6B, 0x58, 0x7B, 0xF7, 0xC6, 0x5E,
    0x84, 0x17, 0x18, 0xAC, 0x00, 0x0C, 0x10, 0x6B, 0x08, 0x2A, 0x10, 0x6B, 0x00, 0x0D, 0x10, 0x6B,
    0x08, 0x2E, 0x42, 0x32, 0x8C, 0x9A, 0x39, 0xD0, 0x08, 0x2A, 0x10, 0x6B, 0x73, 0x98, 0xAD, 0x7E,
    0x4A, 0x53, 0x10, 0x6B, 0x31, 0x91, 0xBE, 0x1D, 0x5A, 0xB4, 0x18, 0xCD, 0x5A, 0xD7, 0x63, 0x37,
    0x29, 0x30, 0x18, 0xAC, 0x8C, 0x5A, 0xAD, 0x7D, 0x29, 0x2E, 0x10, 0x6B, 0x08, 0x2A, 0x10, 0x6B,
    0x00, 0x2B, 0x10, 0x6B, 0x00, 0x0C, 0x10, 0x6B, 0x31, 0x70, 0xBD, 0xFC, 0x39, 0xF3, 0x10, 0x6B,
    0x00, 0x0E, 0x10, 0x6B, 0x29, 0x2F, 0x94, 0x9A, 0x7B, 0xD6, 0x18, 0xCC, 0x00, 0x0B, 0x21, 0x0E,
    0x8C, 0x5C, 0x84, 0x18, 0x08, 0x4E, 0x29, 0x50, 0x31, 0x92, 0x41, 0xF3, 0x39, 0xD2, 0x63, 0x15,
    0xAD, 0x5C, 0xA5, 0x1B, 0x18, 0xD1, 0x10, 0x6B, 0x4A, 0x75, 0x84, 0x3A, 0x4A, 0x73, 0x10, 0x8C,
    0x00, 0x2B, 0x42, 0x12, 0xAD, 0x7D, 0x39, 0xB0, 0x10, 0x8C, 0x84, 0x18, 0x84, 0x37, 0x94, 0xB9,
    0xCE, 0x7D, 0x6B, 0x57, 0x10, 0x6C, 0x10, 0x6B, 0x31, 0x93, 0x84, 0x1A, 0x84, 0x3A, 0x4A, 0x53,
    0x18, 0xCF, 0x31, 0x70, 0x31, 0x90, 0x18, 0xAC, 0x00, 0x2B, 0x10, 0x6B, 0x00, 0x0C, 0x10, 0x6B,
    0x00, 0x0D, 0x10, 0x6B, 0x39, 0xD3, 0x6B, 0x78, 0x52, 0x95, 0x10, 0x8C, 0x5A, 0xD5, 0xBD, 0xFE,
    0x73, 0x76, 0x20, 0xEE, 0x5A, 0xD6, 0x84, 0x39, 0x4A, 0x33, 0x10, 0x6B, 0x08, 0x4C, 0x52, 0x93,
    0xBD, 0xDE, 0x6B, 0x37, 0x18, 0xEF, 0x6B, 0x58, 0x7B, 0xF9, 0x63, 0x16, 0x5A, 0xF6, 0x73, 0x97,
    0xBD, 0xFE, 0xBD, 0xDE, 0x39, 0xF1, 0x29, 0x50, 0x6B, 0x79, 0x73, 0xB8, 0x42, 0x15, 0x21, 0x0E,
    0x29, 0x52, 0x39, 0xD1, 0x10, 0xAF, 0x10, 0x6B, 0x00, 0x0C, 0x10, 0x6B, 0x00, 0x0D, 0x10, 0x6B,
    0x00, 0x2E, 0x4A, 0x54, 0x73, 0xD9, 0x52, 0xB5, 0x10, 0x6C, 0x10, 0x6B, 0x31, 0x91, 0xAD, 0x5C,
    0x84, 0x39, 0x18, 0xCD, 0x4A, 0x75, 0x84, 0x3A, 0x31, 0x90, 0x10, 0x6B, 0x00, 0x0C, 0x21, 0x0E,
    0x9D, 0x1C, 0x5A, 0xD4, 0x08, 0x2D, 0x18, 0xCD, 0xA5, 0x1A, 0x84, 0x39, 0x08, 0x4D, 0x10, 0x6B,
    0x08, 0x2A, 0x10, 0x6B, 0x00, 0x2B, 0x10, 0x6B, 0x00, 0x0C, 0x10, 0x6B, 0x00, 0x0D, 0x10, 0x6B,
    0x31, 0x70, 0xC6, 0x3D, 0x63, 0x16, 0x10, 0x8C, 0x00, 0x2B, 0x10, 0x6B, 0x39, 0xD3, 0x73, 0xB9,
    0x52, 0xB5, 0x18, 0xCD, 0x08, 0x2A, 0x31, 0x90, 0xA5, 0x5C, 0x9C, 0xFB, 0x18, 0xF0, 0x10, 0x6B,
    0x00, 0x0C, 0x10, 0x6B, 0x00, 0x0C, 0x10, 0x6B, 0x00, 0x0E, 0x10, 0x6B, 0x00, 0x2B, 0x18, 0xCC,
    0xA5, 0x3A, 0xCE, 0x9E, 0x84, 0x1B, 0x10, 0x8C, 0x00, 0x0E, 0x10, 0x6B, 0x21, 0x11, 0x84, 0x39,
    0x94, 0xB9, 0x39, 0xD0, 0x10, 0xAE, 0x31, 0x91, 0x31, 0x93, 0x42, 0x32, 0xBD, 0xFD, 0xCE, 0x5E,
    0x5A, 0xF6, 0x5A, 0xD5, 0x8C, 0x79, 0x84, 0x38, 0x20, 0xEE, 0x18, 0xED, 0x29, 0x73, 0x52, 0x94,
    0x8C, 0x99, 0xBD, 0xFD, 0x5A, 0xD4, 0x10, 0x6B, 0x00, 0x0C, 0x10, 0x6B, 0x08, 0x2A, 0x10, 0x6B,
    0x00, 0x0D, 0x10, 0x6B, 0x00, 0x2E, 0x5A, 0xD3, 0xAD, 0x7B, 0x18, 0xCD, 0x08, 0x2A, 0x18, 0xAC,
    0x5A, 0xD6, 0x84, 0x39, 0x4A, 0x75, 0x10, 0x6B, 0x08, 0x2E, 0x4A, 0x53, 0xBD, 0xDE, 0x7B, 0xD9,
    0x08, 0x4B, 0x52, 0x75, 0x84, 0x5A, 0x7B, 0xF8, 0x29, 0x50, 0x10, 0x6C, 0x08, 0x2A, 0x10, 0x6B,
    0x08, 0x2A, 0x10, 0x6B, 0x00, 0x2B, 0x10, 0x6B, 0x00, 0x0C, 0x10, 0x6B, 0x31, 0x70, 0xC6, 0x3D,
    0x63, 0x16, 0x10, 0x8C, 0x00, 0x2E, 0x10, 0x6B, 0x39, 0xD3, 0x73, 0x99, 0x6B, 0x77, 0x5A, 0xF6,
    0x5A, 0xF5, 0x94, 0xBA, 0xC6, 0x5E, 0x84, 0x38, 0x10, 0x6F, 0x4A, 0x34, 0x84, 0x3A, 0x73, 0x97,
    0x39, 0xD3, 0x20, 0xEE, 0x31, 0x92, 0x31, 0xB0, 0x08, 0x2E, 0x10, 0x8C, 0x7B, 0xF7, 0xAD, 0x7B,
    0x20, 0xEE, 0x10, 0x6B, 0x00, 0x2B, 0x10, 0x6B, 0x31, 0x92, 0xBE, 0x1D, 0x5A, 0xB3, 0x10, 0x8C,
    0x62, 0xF7, 0x84, 0x3A, 0x4A, 0x74, 0x10, 0x6B, 0x08, 0x2A, 0x42, 0x12, 0xAD, 0x7D, 0x39, 0xB0,
    0x18, 0xD1, 0x5A, 0xD7, 0x63, 0x17, 0x29, 0x2F, 0x18, 0xAC, 0x9C, 0xFB, 0x9D, 0x1C, 0x18, 0xED,
    0x00, 0x0C, 0x10, 0x6B, 0x00, 0x0D, 0x10, 0x90, 0x00, 0x0C, 0x00, 0x00, 0x08, 0x2A, 0x00, 0x00,
    0x20, 0xD8, 0x00, 0x2B, 0x10, 0x90, 0x00, 0x0D, 0x00, 0x00, 0x00, 0x0D, 0x10, 0x6B, 0x00, 0x0C,
    0x10, 0x6C, 0x4A, 0x52, 0xA5, 0x1A, 0x7C, 0x17, 0x84, 0x38, 0x84, 0x39, 0x8C, 0x59, 0xA5, 0x5B,
    0x9C, 0xFE, 0x31, 0x6F, 0x10, 0x6B, 0x08, 0x2A, 0x10, 0x6B, 0x00, 0x2B, 0x10, 0x6B, 0x00, 0x0D,
    0x10, 0x6B, 0x42, 0x13, 0x8C, 0x78, 0x10, 0x8D, 0x10, 0x6B, 0x08, 0x2A, 0x63, 0x15, 0xC6, 0x3E,
    0x73, 0xB7, 0x08, 0x2E, 0x39, 0xAF, 0xC6, 0x3D, 0x5A, 0xF3, 0x08, 0x4C, 0x52, 0xB5, 0x84, 0x3A,
    0x6B, 0x76, 0x52, 0x93, 0xAD, 0x9C, 0x94, 0xB9, 0x18, 0xED, 0x08, 0x2A, 0x10, 0x6B, 0x00, 0x2B,
    0x10, 0x6B, 0x00, 0x2B, 0x10, 0x6B, 0x00, 0x0C, 0x39, 0xAF, 0xBD, 0xFC, 0x39, 0xAF, 0x00, 0x0F,
    0x10, 0x6B, 0x00, 0x0E, 0x29, 0x6F, 0x9C, 0xFA, 0x52, 0xB3, 0x08, 0x2A, 0x10, 0x6B, 0x08, 0x4C,
    0x84, 0x39, 0x84, 0x19, 0x10, 0x8C, 0x21, 0x10, 0x63, 0x36, 0x94, 0xB9, 0xAD, 0x7B, 0x9C, 0xFB,
    0xA5, 0x1A, 0x9D, 0x1C, 0x21, 0x0E, 0x08, 0x2D, 0x4A, 0x74, 0x84, 0x3A, 0x29, 0x4F, 0x08, 0x2A,
    0x10, 0x6B, 0x31, 0xB0, 0xB5, 0xBC, 0x31, 0xB2, 0x18, 0xCD, 0x8C, 0x58, 0xB5, 0xBB, 0xB5, 0xBB,
    0xBE, 0x1C, 0x94, 0xBA, 0x21, 0x0E, 0x00, 0x2B, 0x18, 0xCD, 0x5A, 0xF6, 0x94, 0xBB, 0xAD, 0x7B,
    0x9C, 0xFA, 0x84, 0x18, 0x52, 0x92, 0x10, 0x6B, 0x10, 0x6B, 0x00, 0x2B, 0x10, 0x6B, 0x00, 0x0D,
    0x10, 0x6B, 0x00, 0x0F, 0x31, 0x70, 0x7B, 0xFA, 0x8C, 0x58, 0x4A, 0x72, 0x94, 0xBA, 0xBD, 0xFD,
    0x52, 0x73, 0x18, 0xCE, 0x73, 0xB8, 0x84, 0x39, 0x21, 0x0E, 0x00, 0x2B, 0x10, 0x6B, 0x31, 0x6F,
    0xB5, 0xDD, 0x94, 0x9B, 0x39, 0xD2, 0x84, 0x3A, 0x8C, 0x5A, 0x7B, 0xD8, 0x8C, 0x58, 0x84, 0x39,
    0x84, 0x38, 0x84, 0x19, 0x42, 0x12, 0x08, 0x4B, 0x4A, 0x53, 0x7C, 0x19, 0x9C, 0xFA, 0x9C, 0xFA,
    0x84, 0x38, 0x4A, 0x52, 0x18, 0xAD, 0x00, 0x0C, 0x10, 0x6B, 0x00, 0x2B, 0x10, 0x6B, 0x00, 0x0D,
    0x10, 0x8C, 0x5A, 0xD7, 0x84, 0x3A, 0x39, 0xD2, 0x10, 0x6B, 0x08, 0x2A, 0x18, 0xAD, 0x8C, 0x78,
    0xAD, 0x7D, 0x29, 0x51, 0x4A, 0x74, 0x94, 0x9B, 0x39, 0xF1, 0x08, 0x2A, 0x10, 0x6B, 0x18, 0xCD,
    0xA5, 0x5B, 0x5A, 0xD5, 0x10, 0x6B, 0x10, 0x8E, 0xA5, 0x5A, 0x84, 0x38, 0x18, 0xAD, 0x00, 0x0C,
    0x10, 0x6B, 0x08, 0x2A, 0x10, 0x6B, 0x00, 0x2B, 0x10, 0x6B, 0x00, 0x0D, 0x10, 0x6B, 0x00, 0x0F,
    0x39, 0xAF, 0xC6, 0x3D, 0x5A, 0xF3, 0x08, 0x2B, 0x10, 0x6B, 0x08, 0x2C, 0x4A, 0x53, 0x8C, 0x5A,
    0x52, 0xB4, 0x08, 0x2A, 0x10, 0x6B, 0x08, 0x4C, 0x8C, 0x99, 0xB5, 0xBD, 0x39, 0xB1, 0x00, 0x0C,
    0x10, 0x6B, 0x00, 0x0C, 0x10, 0x6B, 0x00, 0x0F, 0x10, 0x6B, 0x00, 0x0E, 0x10, 0x6B, 0x10, 0x8C,
    0xA5, 0x3A, 0xD6, 0x9D, 0x84, 0x38, 0x08, 0x4C, 0x10, 0x6B, 0x00, 0x0C, 0x29, 0x4F, 0x8C, 0x99,
    0x9C, 0xFA, 0x29, 0x4F, 0x10, 0x6B, 0x00, 0x2B, 0x10, 0x6B, 0x31, 0xB2, 0xBD, 0xFD, 0xBE, 0x1E,
    0x5A, 0xF4, 0x5A, 0xF5, 0x94, 0xD9, 0x8C, 0x58, 0x18, 0xCD, 0x00, 0x2B, 0x10, 0x6B, 0x00, 0x0C,
    0x41, 0xF1, 0xBD, 0xDD, 0x94, 0xBD, 0x10, 0x8C, 0x10, 0x6B, 0x08, 0x2A, 0x10, 0x6B, 0x00, 0x2B,
    0x10, 0x6B, 0x00, 0x0D, 0x10, 0x6B, 0x52, 0xB4, 0xAD, 0x7B, 0x10, 0xAE, 0x10, 0x6B, 0x18, 0xAD,
    0x73, 0xB9, 0x84, 0x3A, 0x21, 0x0E, 0x00, 0x0D, 0x10, 0x6B, 0x18, 0xD1, 0xA5, 0x5C, 0x9C, 0xDB,
    0x29, 0x2F, 0x4A, 0x54, 0x8C, 0x7B, 0x39, 0xB2, 0x10, 0x6B, 0x00, 0x2B, 0x10, 0x6B, 0x08, 0x2A,
    0x10, 0x6B, 0x00, 0x2B, 0x10, 0x6B, 0x00, 0x2B, 0x10, 0x6B, 0x00, 0x0C, 0x39, 0xAF, 0xC6, 0x3D,
    0x5A, 0xF3, 0x00, 0x2F, 0x10, 0x6B, 0x00, 0x2E, 0x4A, 0x54, 0x8C, 0x5A, 0x7C, 0x19, 0x7B, 0xD7,
    0x8C, 0x58, 0x84, 0x38, 0x84, 0x38, 0x6B, 0x77, 0x18, 0xCD, 0x18, 0xCE, 0x6B, 0x77, 0x94, 0xBB,
    0xAD, 0x7B, 0x94, 0xDA, 0x7B, 0xF8, 0x31, 0xB1, 0x10, 0x8C, 0x08, 0x2E, 0x84, 0x37, 0xAD, 0x7B,
    0x18, 0xCD, 0x08, 0x2A, 0x10, 0x6B, 0x00, 0x2B, 0x39, 0xAF, 0xC6, 0x3D, 0x5A, 0xF3, 0x10, 0x6C,
    0x63, 0x37, 0x84, 0x3A, 0x29, 0x4F, 0x08, 0x2A, 0x10, 0x6B, 0x31, 0xB0, 0xB5, 0xBC, 0x31, 0xB2,
    0x18, 0xAD, 0x52, 0xB6, 0x84, 0x3A, 0x5A, 0xD4, 0x63, 0x34, 0xBD, 0xDD, 0x8C, 0x99, 0x10, 0x8C,
    0x10, 0x6B, 0x00, 0x0D, 0x10, 0x6B, 0x00, 0x0F, 0x08, 0x49, 0x00, 0x2B, 0x00, 0x00, 0x00, 0x2B,
    0x00, 0x0B, 0x18, 0xB1, 0x00, 0x2B, 0x10, 0x6D, 0x00, 0x0C, 0x10, 0x6B, 0x00, 0x0D, 0x10, 0x6B,
    0x18, 0xAE, 0x84, 0x58, 0x8C, 0x78, 0x29, 0x2F, 0x10, 0x6C, 0x18, 0xAD, 0x08, 0x4D, 0x63, 0x37,
    0xAD, 0x5E, 0x73, 0xB9, 0x08, 0x2A, 0x10, 0x6B, 0x00, 0x2B, 0x10, 0x6B, 0x00, 0x0C, 0x10, 0x6B,
    0x00, 0x0D, 0x4A, 0x52, 0x94, 0xDA, 0x29, 0x4E, 0x00, 0x0C, 0x10, 0x8C, 0x5A, 0xF4, 0xC6, 0x3E,
    0x5A, 0xD4, 0x10, 0x8C, 0x29, 0x72, 0xC6, 0x3D, 0x52, 0xB5, 0x18, 0xCD, 0x52, 0xB5, 0x8C, 0x59,
    0x94, 0x98, 0x9C, 0xFB, 0x8C, 0x7A, 0x42, 0x11, 0x08, 0x2B, 0x10, 0x6B, 0x08, 0x2A, 0x10, 0x6B,
    0x00, 0x0C, 0x10, 0x6B, 0x08, 0x2A, 0x10, 0x6B, 0x31, 0x70, 0xBD, 0xFC, 0x31, 0x92, 0x10, 0x6B,
    0x00, 0x0F, 0x10, 0x6B, 0x29, 0x30, 0xA5, 0x3B, 0x52, 0x92, 0x10, 0x6B, 0x08, 0x2A, 0x10, 0x8C,
    0x84, 0x38, 0x84, 0x38, 0x18, 0xCE, 0x73, 0xB8, 0xA5, 0x1B, 0x63, 0x14, 0x31, 0x91, 0x29, 0x2F,
    0x5A, 0xF5, 0xA5, 0x1C, 0x18, 0xAE, 0x10, 0x6C, 0x4A, 0x75, 0x8C, 0x7A, 0x10, 0x8E, 0x10, 0x6B,
    0x08, 0x2A, 0x42, 0x12, 0xAD, 0x9C, 0x41, 0xF1, 0x10, 0x6D, 0x94, 0x99, 0x9C, 0xD9, 0x42, 0x11,
    0x63, 0x34, 0xBD, 0xFD, 0x6B, 0x56, 0x10, 0x8C, 0x18, 0xCF, 0x41, 0xF2, 0x21, 0x30, 0x31, 0x6F,
    0x5A, 0xD7, 0xA5, 0x1C, 0xBD, 0xFD, 0x52, 0x73, 0x08, 0x2A, 0x10, 0x6B, 0x08, 0x2A, 0x10, 0x6B,
    0x00, 0x0F, 0x10, 0x6C, 0x39, 0xB4, 0x8C, 0x59, 0x8C, 0x78, 0x9C, 0xFB, 0x9C, 0xFB, 0x5A, 0xF4,
    0x08, 0x6E, 0x20, 0xEE, 0x73, 0xD8, 0x9C, 0xFA, 0x29, 0x2E, 0x10, 0x6B, 0x08, 0x2C, 0x42, 0x32,
    0xBD, 0xDE, 0x84, 0x18, 0x21, 0x30, 0x8C, 0x5A, 0x84, 0x38, 0x20, 0xED, 0x10, 0x91, 0x20, 0xEE,
    0x39, 0xD2, 0x63, 0x16, 0x29, 0x2E, 0x21, 0x0E, 0x31, 0xB1, 0x29, 0x4F, 0x21, 0x2E, 0x5A, 0xD5,
    0x9C, 0xFB, 0xBD, 0xFD, 0x52, 0x94, 0x10, 0x6C, 0x00, 0x0B, 0x10, 0x6B, 0x00, 0x2B, 0x10, 0x6B,
    0x08, 0x2C, 0x5A, 0xF5, 0x94, 0xBB, 0x4A, 0x52, 0x00, 0x0C, 0x10, 0x6B, 0x21, 0x0E, 0xA5, 0x3B,
    0x9C, 0xFB, 0x21, 0x0E, 0x52, 0x75, 0x9C, 0xFC, 0x31, 0x6F, 0x10, 0x6B, 0x08, 0x4B, 0x4A, 0x53,
    0xBD, 0xDD, 0x63, 0x15, 0x08, 0x2C, 0x18, 0xCD, 0xA5, 0x5B, 0x8C, 0x58, 0x08, 0x4E, 0x10, 0x6B,
    0x00, 0x0C, 0x10, 0x6B, 0x08, 0x2A, 0x10, 0x6B, 0x08, 0x2A, 0x10, 0x6B, 0x00, 0x0F, 0x10, 0x6B,
    0x29, 0x72, 0xC6, 0x3D, 0x5A, 0xD3, 0x10, 0x6C, 0x00, 0x2B, 0x10, 0x6C, 0x42, 0x14, 0x94, 0xBB,
    0x52, 0x93, 0x10, 0x6C, 0x08, 0x2A, 0x21, 0x0E, 0xA5, 0x3B, 0xAD, 0x5C, 0x21, 0x0E, 0x10, 0x6B,
    0x00, 0x0B, 0x10, 0x6B, 0x00, 0x0D, 0x10, 0x6B, 0x00, 0x0F, 0x10, 0x6B, 0x00, 0x0C, 0x20, 0xED,
    0xA5, 0x3A, 0xD6, 0xBD, 0x84, 0x38, 0x10, 0x8C, 0x00, 0x2B, 0x10, 0x6B, 0x21, 0x2E, 0x94, 0xD9,
    0xA5, 0x3A, 0x39, 0xB0, 0x00, 0x0B, 0x10, 0x6B, 0x00, 0x2B, 0x39, 0xD0, 0xB5, 0xBE, 0xC6, 0x1E,
    0x63, 0x38, 0x63, 0x35, 0x9D, 0x1A, 0x94, 0x99, 0x10, 0xAC, 0x10, 0x6B, 0x08, 0x2A, 0x10, 0x6B,
    0x21, 0x2F, 0xA5, 0x3D, 0x94, 0xBC, 0x29, 0x50, 0x08, 0x2A, 0x10, 0x6B, 0x00, 0x2B, 0x10, 0x6B,
    0x00, 0x0C, 0x10, 0x6B, 0x00, 0x0D, 0x5A, 0xF3, 0xAD, 0x5B, 0x21, 0x0E, 0x00, 0x0C, 0x18, 0xCD,
    0x73, 0xD8, 0x9C, 0xFA, 0x29, 0x2E, 0x10, 0x6B, 0x00, 0x0F, 0x39, 0xF1, 0xB5, 0xBE, 0x94, 0x9A,
    0x10, 0x6B, 0x52, 0x94, 0x8C, 0x7A, 0x20, 0xED, 0x00, 0x0C, 0x10, 0x6B, 0x00, 0x2B, 0x10, 0x6B,
    0x08, 0x2A, 0x10, 0x6B, 0x00, 0x0C, 0x10, 0x6B, 0x08, 0x2A, 0x10, 0x6B, 0x31, 0x70, 0xC6, 0x3D,
    0x5A, 0xD5, 0x10, 0x6C, 0x00, 0x0F, 0x10, 0x6C, 0x42, 0x14, 0x94, 0xBB, 0x63, 0x35, 0x10, 0x8C,
    0x18, 0xAD, 0x29, 0x2F, 0x52, 0x94, 0x52, 0xB4, 0x10, 0x6B, 0x31, 0x70, 0x39, 0xD2, 0x29, 0x4F,
    0x29, 0x6F, 0x73, 0x77, 0xAD, 0x9D, 0xAD, 0x5C, 0x29, 0x30, 0x10, 0x8C, 0x84, 0x18, 0xAD, 0x7B,
    0x10, 0xAE, 0x10, 0x6B, 0x08, 0x2A, 0x10, 0x6B, 0x31, 0x6F, 0xC6, 0x3D, 0x5A, 0xB4, 0x10, 0x8C,
    0x6B, 0x57, 0x8C, 0x7A, 0x10, 0xAC, 0x10, 0x6B, 0x00, 0x2B, 0x42, 0x12, 0xAD, 0x9D, 0x41, 0xF1,
    0x10, 0x8F, 0x63, 0x37, 0x84, 0x39, 0x94, 0xB9, 0x9C, 0xFC, 0x8C, 0x59, 0x29, 0x4E, 0x10, 0x6B,
    0x08, 0x2A, 0x10, 0x6B, 0x00, 0x0F, 0x18, 0xB0, 0x00, 0x0E, 0x00, 0x00, 0x08, 0x2A, 0x00, 0x00,
    0x29, 0x19, 0x00, 0x0C, 0x18, 0xB0, 0x00, 0x2B, 0x00, 0x00, 0x00, 0x2B, 0x10, 0x6B, 0x08, 0x2E,
    0x52, 0x94, 0xA5, 0x1B, 0x63, 0x14, 0x08, 0x4A, 0x10, 0x6B, 0x08, 0x2A, 0x10, 0x6B, 0x29, 0x50,
    0x9C, 0xDC, 0x94, 0xBD, 0x31, 0x91, 0x08, 0x2A, 0x10, 0x6B, 0x00, 0x0C, 0x10, 0x6B, 0x00, 0x2B,
    0x10, 0x8C, 0x52, 0x95, 0xA5, 0x5C, 0x6B, 0x77, 0x31, 0x8F, 0x31, 0xB1, 0x94, 0xDB, 0x9C, 0xFD,
    0x39, 0xB1, 0x00, 0x2B, 0x42, 0x12, 0xB5, 0xBD, 0x63, 0x14, 0x18, 0xCF, 0x8C, 0x59, 0x8C, 0x58,
    0x63, 0x14, 0x52, 0xB3, 0x52, 0x75, 0x42, 0x15, 0x18, 0xCD, 0x00, 0x2B, 0x10, 0x6B, 0x00, 0x2B,
    0x10, 0x6B, 0x00, 0x2B, 0x10, 0x6B, 0x08, 0x2A, 0x39, 0xD0, 0xBD, 0xFD, 0x63, 0x15, 0x18, 0xEF,
    0x42, 0x32, 0x18, 0xCE, 0x39, 0xD1, 0x9D, 0x1C, 0x5A, 0xD4, 0x08, 0x2A, 0x10, 0x6B, 0x10, 0x6C,
    0x84, 0x3B, 0x84, 0x1A, 0x21, 0x2F, 0x84, 0x58, 0xA5, 0x1A, 0x31, 0xB0, 0x29, 0x4F, 0x6B, 0x58,
    0x9C, 0xFD, 0xA5, 0x3B, 0x20, 0xED, 0x08, 0x2C, 0x52, 0x93, 0x94, 0xBA, 0x20, 0xED, 0x00, 0x2B,
    0x10, 0x6B, 0x41, 0xF2, 0x9C, 0xFE, 0x31, 0x90, 0x21, 0x0E, 0x8C, 0x9A, 0x84, 0x17, 0x08, 0x2B,
    0x20, 0xED, 0x84, 0x3A, 0xA5, 0x5E, 0x52, 0x75, 0x39, 0xD1, 0x9D, 0x1B, 0x7B, 0xD6, 0x10, 0xAE,
    0x20, 0xED, 0x73, 0xB9, 0xAD, 0x9E, 0x52, 0xB4, 0x10, 0x8C, 0x08, 0x2A, 0x10, 0x6B, 0x00, 0x2B,
    0x10, 0x6B, 0x08, 0x2E, 0x63, 0x15, 0xA5, 0x1A, 0x73, 0x95, 0x63, 0x13, 0x5A, 0xD6, 0x4A, 0x55,
    0x29, 0x4F, 0x08, 0x2D, 0x5A, 0xB4, 0xB5, 0x9C, 0x73, 0xD6, 0x29, 0x2E, 0x39, 0xF1, 0x8C, 0x5B,
    0xBD, 0xFD, 0x39, 0xF0, 0x18, 0xAC, 0x6B, 0x56, 0xAD, 0x7B, 0x5A, 0xB4, 0x29, 0x4E, 0x39, 0xD2,
    0x94, 0x9C, 0xA5, 0x3B, 0x29, 0x6F, 0x31, 0x6F, 0x94, 0xBA, 0x6B, 0x75, 0x21, 0x0E, 0x10, 0xAD,
    0x6B, 0x37, 0xA5, 0x3E, 0x73, 0x96, 0x08, 0x2B, 0x10, 0x6B, 0x00, 0x0C, 0x10, 0x6B, 0x00, 0x2B,
    0x10, 0x6B, 0x29, 0x50, 0x94, 0xBA, 0x84, 0x38, 0x39, 0xD0, 0x20, 0xEE, 0x73, 0x98, 0xAD, 0x7E,
    0x6B, 0x55, 0x08, 0x2A, 0x42, 0x32, 0xA5, 0x3B, 0x52, 0x92, 0x18, 0xAC, 0x39, 0xD0, 0x94, 0xBB,
    0xB5, 0x9E, 0x5A, 0xD5, 0x10, 0x8C, 0x10, 0x8D, 0xA5, 0x3A, 0x94, 0xDA, 0x31, 0x90, 0x29, 0x51,
    0x39, 0xF1, 0x08, 0x2D, 0x10, 0x6B, 0x08, 0x2A, 0x10, 0x6B, 0x00, 0x2B, 0x10, 0x6B, 0x00, 0x0D,
    0x31, 0x8F, 0xBD, 0xFC, 0x7B, 0xD7, 0x20, 0xED, 0x41, 0xF1, 0x29, 0x2F, 0x21, 0x0E, 0x8C, 0x59,
    0x94, 0xB9, 0x39, 0xD0, 0x29, 0x4E, 0x6B, 0x77, 0xAD, 0x7E, 0x84, 0x58, 0x18, 0xAC, 0x08, 0x2A,
    0x10, 0x6B, 0x00, 0x2B, 0x10, 0x6B, 0x00, 0x0D, 0x10, 0x6B, 0x00, 0x2B, 0x10, 0x6B, 0x10, 0xAC,
    0xAD, 0x5B, 0xCE, 0x9E, 0x84, 0x3A, 0x10, 0x6C, 0x10, 0x6B, 0x00, 0x2B, 0x39, 0xD1, 0x9C, 0xFB,
    0xAD, 0x5B, 0x31, 0x8F, 0x10, 0x6B, 0x00, 0x0C, 0x10, 0x6B, 0x42, 0x13, 0xB5, 0xBE, 0xC6, 0x3E,
    0x6B, 0x58, 0x6B, 0x78, 0xA5, 0x5B, 0x94, 0xDA, 0x42, 0x11, 0x31, 0xAF, 0x4A, 0x33, 0x4A, 0x33,
    0x7B, 0xF9, 0xB5, 0xDE, 0x7B, 0xB9, 0x10, 0x8C, 0x10, 0x6B, 0x08, 0x2A, 0x10, 0x6B, 0x00, 0x0C,
    0x10, 0x6B, 0x00, 0x2B, 0x10, 0x8C, 0x5A, 0xD4, 0xAD, 0x7B, 0x18, 0xAF, 0x10, 0x6B, 0x00, 0x0C,
    0x52, 0x93, 0xAD, 0x9B, 0x73, 0xD6, 0x29, 0x2E, 0x39, 0xD1, 0x84, 0x1B, 0xBD, 0xFE, 0x52, 0xB4,
    0x10, 0x8C, 0x4A, 0x52, 0x94, 0xBA, 0x10, 0x8D, 0x10, 0x6B, 0x00, 0x0C, 0x10, 0x6B, 0x00, 0x2B,
    0x10, 0x6B, 0x00, 0x2B, 0x10, 0x6B, 0x00, 0x2B, 0x10, 0x6B, 0x08, 0x2A, 0x31, 0x8F, 0xBD, 0xFC,
    0x7B, 0xD7, 0x20, 0xF0, 0x41, 0xF1, 0x29, 0x2F, 0x21, 0x0E, 0x8C, 0x59, 0x9C, 0xFA, 0x42, 0x10,
    0x29, 0x2E, 0x63, 0x36, 0xAD, 0x5E, 0x84, 0x18, 0x18, 0xCD, 0x4A, 0x72, 0xA5, 0x3B, 0x52, 0x92,
    0x20, 0xED, 0x18, 0xCE, 0x94, 0xBB, 0xA5, 0x5E, 0x39, 0xD0, 0x08, 0x2C, 0x84, 0x17, 0xB5, 0xBC,
    0x42, 0x11, 0x21, 0x0E, 0x4A, 0x32, 0x08, 0x4B, 0x42, 0x12, 0xB5, 0xBD, 0x63, 0x14, 0x10, 0x6D,
    0x73, 0x96, 0x94, 0xB9, 0x20, 0xED, 0x08, 0x2A, 0x10, 0x6B, 0x41, 0xF3, 0x9C, 0xFE, 0x31, 0x91,
    0x29, 0x4F, 0x8C, 0x7A, 0x7B, 0xF7, 0x5A, 0xF5, 0x5A, 0xD3, 0x4A, 0x34, 0x42, 0x33, 0x08, 0x4B,
    0x10, 0x6B, 0x00, 0x2B, 0x10, 0x6B, 0x00, 0x0D, 0x10, 0x6A, 0x00, 0x0C, 0x00, 0x00, 0x08, 0x2A,
    0x00, 0x2B, 0x18, 0xD2, 0x00, 0x0C, 0x10, 0x8D, 0x00, 0x0C, 0x10, 0x8C, 0x00, 0x0C, 0x21, 0x2F,
    0x73, 0xD8, 0x9C, 0xDA, 0x31, 0x6F, 0x10, 0x8C, 0x08, 0x2A, 0x10, 0x8C, 0x08, 0x2A, 0x18, 0xCD,
    0x6B, 0x78, 0xB5, 0x9D, 0x4A, 0x51, 0x10, 0x8C, 0x00, 0x2B, 0x10, 0x8C, 0x00, 0x2B, 0x10, 0x8C,
    0x08, 0x2B, 0x5A, 0xB5, 0x9C, 0xFB, 0x9C, 0xFA, 0xAD, 0x9B, 0xB5, 0x9B, 0xAD, 0x5C, 0x63, 0x15,
    0x08, 0x4B, 0x10, 0x8C, 0x39, 0xD1, 0xB5, 0x9C, 0x52, 0xB4, 0x18, 0xCD, 0x6B, 0x76, 0xA5, 0x5B,
    0xA5, 0x5A, 0xAD, 0x5B, 0xA5, 0x5C, 0xB5, 0x9D, 0x7B, 0xD8, 0x20, 0xED, 0x08, 0x2A, 0x10, 0x8C,
    0x08, 0x2A, 0x10, 0x8C, 0x08, 0x2A, 0x10, 0x8C, 0x20, 0xED, 0xA5, 0x3A, 0xB5, 0xBC, 0x9C, 0xDC,
    0x9C, 0xFD, 0x4A, 0x33, 0x31, 0xB0, 0x9D, 0x1B, 0x52, 0x93, 0x10, 0x8C, 0x08, 0x2A, 0x18, 0xAD,
    0x7B, 0xF8, 0x84, 0x1A, 0x10, 0x8E, 0x63, 0x34, 0xAD, 0x7B, 0xAD, 0x9B, 0xAD, 0x5B, 0xAD, 0x5C,
    0xA5, 0x3C, 0xA5, 0x3C, 0x21, 0x10, 0x10, 0x8C, 0x4A, 0x33, 0x94, 0xB9, 0x10, 0x8F, 0x10, 0x8C,
    0x00, 0x2A, 0x41, 0xF2, 0xA5, 0x3C, 0x39, 0xD1, 0x18, 0xCD, 0x8C, 0x9A, 0x7B, 0xD6, 0x10, 0x8C,
    0x08, 0x2A, 0x39, 0xB0, 0x9C, 0xDB, 0x94, 0x9B, 0x29, 0x50, 0x73, 0x96, 0xB5, 0xBB, 0xA5, 0x3A,
    0x9D, 0x1A, 0xAD, 0x7C, 0x84, 0x19, 0x29, 0x6F, 0x00, 0x0C, 0x10, 0x8C, 0x08, 0x2A, 0x10, 0x8C,
    0x08, 0x2A, 0x10, 0x8C, 0x42, 0x32, 0xAD, 0x7B, 0xAD, 0x9B, 0xAD, 0x7B, 0x9D, 0x1B, 0xB5, 0x9D,
    0xA5, 0x1B, 0x39, 0xD1, 0x18, 0xCE, 0x84, 0x17, 0xB5, 0xBB, 0xB5, 0x9B, 0xA5, 0x5C, 0xAD, 0x5C,
    0x73, 0x96, 0x18, 0xCD, 0x08, 0x2A, 0x29, 0x4E, 0x7B, 0xF6, 0xBD, 0xDC, 0xAD, 0x5B, 0xA5, 0x5C,
    0xAD, 0x5C, 0x63, 0x15, 0x08, 0x4B, 0x18, 0xAC, 0x63, 0x34, 0xAD, 0x5B, 0xA5, 0x3A, 0xA5, 0x1A,
    0xAD, 0x5C, 0x94, 0xDA, 0x29, 0x2E, 0x10, 0x8C, 0x00, 0x2B, 0x10, 0x8C, 0x00, 0x0C, 0x10, 0x8C,
    0x00, 0x0C, 0x10, 0x8C, 0x4A, 0x53, 0x9C, 0xFA, 0xB5, 0xBB, 0xAD, 0x7B, 0xAD, 0x7C, 0x8C, 0x59,
    0x21, 0x0D, 0x10, 0x8C, 0x18, 0xCD, 0x9C, 0xD9, 0xB5, 0xBB, 0xA5, 0x3A, 0xAD, 0x7B, 0x8C, 0x59,
    0xA5, 0x3C, 0x5A, 0xF5, 0x08, 0x2B, 0x10, 0x8C, 0x63, 0x34, 0xBD, 0xFD, 0x9C, 0xFC, 0x9C, 0xFD,
    0x7B, 0xFA, 0x18, 0xCD, 0x00, 0x0C, 0x10, 0x8C, 0x08, 0x2A, 0x10, 0x8C, 0x08, 0x2A, 0x10, 0x8C,
    0x10, 0x6D, 0x8C, 0x78, 0xBD, 0xDD, 0x9C, 0xDC, 0x9C, 0xFD, 0x63, 0x37, 0x08, 0x4B, 0x4A, 0x72,
    0x9C, 0xD9, 0xB5, 0xBB, 0xAD, 0x7B, 0xB5, 0xBD, 0x94, 0xBA, 0x42, 0x11, 0x08, 0x2A, 0x10, 0x8C,
    0x08, 0x2A, 0x10, 0x8C, 0x08, 0x2A, 0x10, 0x8C, 0x08, 0x2A, 0x10, 0x8C, 0x08, 0x2A, 0x20, 0xED,
    0xA5, 0x1A, 0xC6, 0x3D, 0x7C, 0x18, 0x18, 0xCD, 0x00, 0x0B, 0x10, 0x8C, 0x31, 0x91, 0x9C, 0xDA,
    0xA5, 0x3A, 0x31, 0xB0, 0x00, 0x2B, 0x10, 0x8C, 0x00, 0x0C, 0x4A, 0x33, 0xAD, 0x5D, 0xB5, 0xBE,
    0x5A, 0xD6, 0x63, 0x36, 0x8C, 0x7A, 0x9C, 0xDA, 0x94, 0xD9, 0xA5, 0x1A, 0x9C, 0xFA, 0x9C, 0xFB,
    0x94, 0xDC, 0x83, 0xFA, 0x31, 0x91, 0x10, 0x8C, 0x08, 0x2A, 0x10, 0x8C, 0x00, 0x2B, 0x10, 0x8C,
    0x00, 0x2B, 0x10, 0x8C, 0x08, 0x2A, 0x5A, 0xF4, 0xA5, 0x3A, 0x20, 0xEE, 0x00, 0x0D, 0x10, 0x8C,
    0x10, 0x6D, 0x6B, 0x75, 0xAD, 0x9B, 0xB5, 0x9B, 0xA5, 0x5C, 0xB5, 0x9D, 0x7B, 0xD8, 0x20, 0xED,
    0x08, 0x2B, 0x52, 0x72, 0x94, 0xB9, 0x20, 0xED, 0x00, 0x2B, 0x10, 0x8C, 0x00, 0x0C, 0x10, 0x8C,
    0x08, 0x2A, 0x10, 0x8C, 0x08, 0x2A, 0x10, 0x8C, 0x08, 0x2A, 0x10, 0x8C, 0x10, 0x6B, 0x8C, 0x78,
    0xBD, 0xDD, 0x9C, 0xDC, 0x9C, 0xFD, 0x63, 0x37, 0x08, 0x4A, 0x4A, 0x72, 0x9C, 0xD9, 0xBD, 0xDC,
    0xAD, 0x5B, 0xB5, 0x9D, 0x9C, 0xFB, 0x42, 0x32, 0x08, 0x2C, 0x29, 0x2E, 0x84, 0x57, 0xB5, 0x9B,
    0xA5, 0x1A, 0xA5, 0x1A, 0xAD, 0x7D, 0x7B, 0xF8, 0x10, 0x8D, 0x10, 0x8C, 0x42, 0x12, 0xBD, 0xDC,
    0xAD, 0x7C, 0x9C, 0xFC, 0x94, 0x9C, 0x29, 0x50, 0x39, 0xD1, 0xB5, 0x9C, 0x5A, 0xB3, 0x10, 0xAC,
    0x6B, 0x75, 0x94, 0xB9, 0x10, 0x8B, 0x10, 0x8C, 0x00, 0x2B, 0x41, 0xF2, 0xA5, 0x3C, 0x39, 0xD1,
    0x18, 0xAC, 0x84, 0x17, 0xA5, 0x5B, 0xA5, 0x5A, 0xA5, 0x3B, 0xA5, 0x5C, 0xAD, 0x7C, 0x6B, 0x76,
    0x08, 0x4B, 0x10, 0x8C, 0x08, 0x2A, 0x18, 0xB1, 0x00, 0x0C, 0x00, 0x00, 0x00, 0x2B, 0x00, 0x00,
    0x29, 0x3A, 0x00, 0x0B, 0x18, 0xB1, 0x00, 0x0C, 0x00, 0x00, 0x00, 0x0C, 0x10, 0x8C, 0x08, 0x6E,
    0x31, 0xB0, 0x29, 0x51, 0x18, 0xAD, 0x00, 0x2B, 0x10, 0x8C, 0x08, 0x2A, 0x10, 0x8C, 0x08, 0x2A,
    0x20, 0xED, 0x31, 0x6F, 0x29, 0x4F, 0x08, 0x2A, 0x10, 0x8C, 0x08, 0x2A, 0x10, 0x8C, 0x08, 0x2A,
    0x10, 0x8C, 0x18, 0xCC, 0x31, 0x90, 0x21, 0x0F, 0x39, 0xD0, 0x31, 0x71, 0x29, 0x4E, 0x08, 0x2B,
    0x10, 0x8C, 0x00, 0x2B, 0x20, 0xED, 0x31, 0x8F, 0x29, 0x2F, 0x39, 0xD2, 0xA5, 0x1A, 0x52, 0x93,
    0x21, 0x2E, 0x18, 0xCD, 0x39, 0xD1, 0x8C, 0x59, 0xBD, 0xFD, 0x39, 0xF4, 0x10, 0x8C, 0x08, 0x2A,
    0x10, 0x8C, 0x08, 0x2A, 0x10, 0x8C, 0x08, 0x2A, 0x10, 0x8C, 0x20, 0xEC, 0x39, 0xD0, 0x39, 0xB0,
    0x41, 0xF1, 0x10, 0x8C, 0x20, 0xED, 0x31, 0x6F, 0x29, 0x2F, 0x00, 0x2B, 0x10, 0x8C, 0x08, 0x2B,
    0x29, 0x4F, 0x31, 0x72, 0x18, 0xAC, 0x08, 0x4C, 0x31, 0x8F, 0x31, 0x8F, 0x41, 0xF1, 0x21, 0x0F,
    0x31, 0x6F, 0x31, 0x91, 0x29, 0x2F, 0x00, 0x0C, 0x21, 0x0E, 0x29, 0x30, 0x18, 0xAC, 0x00, 0x0C,
    0x10, 0x8C, 0x10, 0x8D, 0x39, 0xF1, 0x10, 0x8C, 0x18, 0xAC, 0x29, 0x4F, 0x31, 0x90, 0x08, 0x2A,
    0x10, 0x8C, 0x08, 0x2A, 0x29, 0x4F, 0x39, 0xD2, 0x21, 0x0F, 0x08, 0x4B, 0x39, 0xB0, 0x31, 0x8F,
    0x41, 0xF1, 0x31, 0x91, 0x20, 0xEE, 0x00, 0x0D, 0x10, 0x8C, 0x00, 0x2B, 0x10, 0x8C, 0x00, 0x2B,
    0x10, 0x8C, 0x10, 0x6B, 0x84, 0x38, 0x8C, 0x79, 0x31, 0x8F, 0x18, 0xCE, 0x29, 0x70, 0x52, 0x93,
    0xBD, 0xFD, 0x6B, 0x78, 0x18, 0xCD, 0x08, 0x4E, 0x31, 0x8F, 0x31, 0xAF, 0x41, 0xF1, 0x29, 0x2E,
    0x18, 0xAD, 0x08, 0x2A, 0x10, 0x8C, 0x08, 0x2A, 0x18, 0xCD, 0x31, 0x6F, 0x41, 0xF1, 0x31, 0xB0,
    0x31, 0x70, 0x08, 0x4B, 0x10, 0x8C, 0x00, 0x2B, 0x18, 0xCD, 0x29, 0x4E, 0x39, 0xD0, 0x31, 0xB2,
    0x41, 0xF1, 0x18, 0xEE, 0x10, 0x8C, 0x08, 0x2A, 0x10, 0x8C, 0x00, 0x0B, 0x10, 0x8C, 0x00, 0x0C,
    0x10, 0x8C, 0x00, 0x0C, 0x10, 0x8C, 0x18, 0xEF, 0x39, 0xD0, 0x31, 0xB1, 0x39, 0xB0, 0x10, 0x8D,
    0x10, 0x8C, 0x08, 0x2A, 0x10, 0x8C, 0x21, 0x0E, 0x39, 0xD0, 0x31, 0x8F, 0x39, 0xD0, 0x10, 0x8C,
    0x39, 0xD1, 0x18, 0xCD, 0x10, 0x8C, 0x08, 0x2A, 0x20, 0xED, 0x31, 0x8F, 0x42, 0x12, 0x39, 0xB2,
    0x39, 0xB1, 0x08, 0x2D, 0x10, 0x8C, 0x00, 0x2B, 0x10, 0x8C, 0x00, 0x2B, 0x10, 0x8C, 0x08, 0x2A,
    0x10, 0x8C, 0x18, 0xCF, 0x39, 0xD0, 0x39, 0xB1, 0x42, 0x12, 0x21, 0x0E, 0x10, 0x8C, 0x08, 0x2B,
    0x21, 0x0E, 0x31, 0x71, 0x41, 0xF1, 0x31, 0x8F, 0x21, 0x0E, 0x08, 0x2A, 0x10, 0x8C, 0x08, 0x2A,
    0x10, 0x8C, 0x08, 0x2A, 0x10, 0x8C, 0x08, 0x2A, 0x10, 0x8C, 0x08, 0x2A, 0x10, 0x8C, 0x08, 0x2B,
    0x31, 0xAF, 0x31, 0x6F, 0x29, 0x4F, 0x08, 0x2B, 0x10, 0x8C, 0x00, 0x0D, 0x18, 0xED, 0x29, 0x70,
    0x39, 0xD1, 0x10, 0x6C, 0x10, 0x8C, 0x00, 0x0B, 0x10, 0x8C, 0x18, 0xAF, 0x42, 0x33, 0x31, 0x70,
    0x21, 0x2E, 0x10, 0x8E, 0x21, 0x0E, 0x18, 0xAF, 0x20, 0xED, 0x10, 0x8C, 0x20, 0xED, 0x10, 0x8C,
    0x29, 0x4F, 0x10, 0x6C, 0x10, 0x8C, 0x08, 0x2A, 0x10, 0x8C, 0x08, 0x2A, 0x10, 0x8C, 0x08, 0x2A,
    0x10, 0x8C, 0x08, 0x2A, 0x10, 0x8C, 0x18, 0xED, 0x31, 0xB0, 0x08, 0x2C, 0x10, 0x8C, 0x00, 0x0D,
    0x10, 0x8C, 0x08, 0x4B, 0x29, 0x6F, 0x31, 0xB0, 0x41, 0xF1, 0x29, 0x4F, 0x18, 0xCD, 0x00, 0x0D,
    0x10, 0x8C, 0x18, 0xAD, 0x31, 0x8F, 0x08, 0x4A, 0x10, 0x8C, 0x00, 0x2B, 0x10, 0x8C, 0x00, 0x0D,
    0x10, 0x8C, 0x08, 0x2A, 0x10, 0x8C, 0x08, 0x2A, 0x10, 0x8C, 0x08, 0x2A, 0x10, 0x8C, 0x18, 0xCC,
    0x39, 0xD0, 0x39, 0xB0, 0x42, 0x12, 0x21, 0x0E, 0x10, 0x8C, 0x08, 0x2A, 0x21, 0x0E, 0x31, 0x8F,
    0x41, 0xF1, 0x31, 0x90, 0x29, 0x2F, 0x00, 0x2D, 0x10, 0x8C, 0x00, 0x0C, 0x20, 0xED, 0x31, 0x6F,
    0x39, 0xD0, 0x31, 0xB1, 0x39, 0xD0, 0x08, 0x6D, 0x10, 0x8C, 0x00, 0x0C, 0x18, 0xAD, 0x29, 0x50,
    0x39, 0xD0, 0x39, 0xB2, 0x39, 0xD1, 0x08, 0x4C, 0x20, 0xED, 0x31, 0x8F, 0x29, 0x2F, 0x08, 0x2A,
    0x29, 0x4E, 0x29, 0x2E, 0x18, 0xAC, 0x08, 0x2A, 0x10, 0x8C, 0x10, 0x8C, 0x39, 0xF1, 0x10, 0x8C,
    0x52, 0x93, 0x9D, 0x1A, 0x52, 0x72, 0x18, 0xAE, 0x29, 0x2F, 0x31, 0x92, 0x9C, 0xDA, 0xAD, 0x7C,
    0x39, 0xD1, 0x00, 0x2B, 0x10, 0x8C, 0x08, 0x2A, 0x10, 0x6A, 0x00, 0x0D, 0x00, 0x00, 0x00, 0x2B,
    0x00, 0x2B, 0x20, 0xD2, 0x00, 0x0B, 0x18, 0xAE, 0x00, 0x2B, 0x10, 0x8C, 0x00, 0x2B, 0x10, 0x8C,
    0x00, 0x0C, 0x10, 0x8C, 0x00, 0x0C, 0x10, 0x8C, 0x00, 0x2B, 0x10, 0x8C, 0x00, 0x0C, 0x10, 0x8C,
    0x00, 0x0C, 0x10, 0x8C, 0x00, 0x2A, 0x10, 0x8C, 0x08, 0x2A, 0x10, 0x8C, 0x00, 0x2B, 0x10, 0x8C,
    0x08, 0x2A, 0x10, 0x8C, 0x08, 0x2A, 0x10, 0x8C, 0x00, 0x0C, 0x10, 0x8C, 0x00, 0x2B, 0x10, 0x8C,
    0x00, 0x2B, 0x10, 0x8C, 0x00, 0x2B, 0x10, 0x8C, 0x00, 0x2B, 0x41, 0xF2, 0x8C, 0x7B, 0x94, 0xB9,
    0x73, 0xB6, 0x6B, 0x55, 0x84, 0x1A, 0x9C, 0xFD, 0x8C, 0x7C, 0x31, 0x90, 0x00, 0x0D, 0x10, 0x8C,
    0x00, 0x2B, 0x10, 0x8C, 0x08, 0x2A, 0x10, 0x8C, 0x08, 0x2A, 0x10, 0x8C, 0x00, 0x2B, 0x10, 0x8C,
    0x00, 0x2B, 0x10, 0x8C, 0x08, 0x2A, 0x10, 0x8C, 0x00, 0x0C, 0x10, 0x8C, 0x08, 0x2A, 0x10, 0x8C,
    0x00, 0x2B, 0x10, 0x8C, 0x00, 0x0D, 0x10, 0x8C, 0x00, 0x0C, 0x10, 0x8C, 0x00, 0x2B, 0x10, 0x8C,
    0x00, 0x0B, 0x10, 0x8C, 0x00, 0x2B, 0x10, 0x8C, 0x00, 0x2B, 0x10, 0x8C, 0x00, 0x0C, 0x10, 0x8C,
    0x00, 0x0C, 0x10, 0x8C, 0x00, 0x2B, 0x10, 0x8C, 0x00, 0x0C, 0x10, 0x8C, 0x00, 0x0C, 0x10, 0x8C,
    0x00, 0x2A, 0x10, 0x8C, 0x08, 0x2A, 0x10, 0x8C, 0x00, 0x2B, 0x10, 0x8C, 0x08, 0x2A, 0x10, 0x8C,
    0x08, 0x2A, 0x10, 0x8C, 0x00, 0x0C, 0x10, 0x8C, 0x00, 0x2B, 0x10, 0x8C, 0x00, 0x2B, 0x10, 0x8C,
    0x00, 0x2B, 0x20, 0xEE, 0x6B, 0x77, 0xA5, 0x3B, 0x84, 0x38, 0x63, 0x35, 0x7B, 0xD9, 0x8C, 0x7C,
    0x9D, 0x1D, 0x52, 0xB5, 0x08, 0x2E, 0x10, 0x8C, 0x00, 0x0D, 0x10, 0x8C, 0x00, 0x2B, 0x10, 0x8C,
    0x08, 0x2A, 0x10, 0x8C, 0x08, 0x2A, 0x10, 0x8C, 0x00, 0x2B, 0x10, 0x8C, 0x00, 0x2B, 0x10, 0x8C,
    0x08, 0x2A, 0x10, 0x8C, 0x00, 0x0C, 0x10, 0x8C, 0x08, 0x2A, 0x10, 0x8C, 0x00, 0x2B, 0x10, 0x8C,
    0x00, 0x0D, 0x10, 0x8C, 0x00, 0x0C, 0x10, 0x8C, 0x00, 0x2B, 0x10, 0x8C, 0x00, 0x0B, 0x10, 0x8C,
    0x00, 0x2B, 0x10, 0x8C, 0x00, 0x2B, 0x10, 0x8C, 0x00, 0x0C, 0x10, 0x8C, 0x00, 0x0C, 0x10, 0x8C,
    0x00, 0x2B, 0x10, 0x8C, 0x00, 0x0C, 0x10, 0x8C, 0x00, 0x0C, 0x10, 0x8C, 0x00, 0x2A, 0x10, 0x8C,
    0x08, 0x2A, 0x10, 0x8C, 0x00, 0x2B, 0x10, 0x8C, 0x08, 0x2A, 0x10, 0x8C, 0x08, 0x2A, 0x10, 0x8C,
    0x00, 0x0C, 0x10, 0x8C, 0x00, 0x2B, 0x10, 0x8C, 0x00, 0x2B, 0x10, 0x8C, 0x00, 0x2B, 0x10, 0x8C,
    0x00, 0x2B, 0x10, 0x8C, 0x00, 0x0E, 0x10, 0x8C, 0x00, 0x2B, 0x10, 0x8C, 0x08, 0x2A, 0x10, 0x8C,
    0x00, 0x0D, 0x10, 0x8C, 0x00, 0x0D, 0x10, 0x8C, 0x00, 0x2B, 0x10, 0x8C, 0x08, 0x2A, 0x10, 0x8C,
    0x08, 0x2A, 0x10, 0x8C, 0x00, 0x2B, 0x10, 0x8C, 0x00, 0x2B, 0x10, 0x8C, 0x08, 0x2A, 0x10, 0x8C,
    0x00, 0x0C, 0x10, 0x8C, 0x08, 0x2A, 0x10, 0x8C, 0x00, 0x2B, 0x10, 0x8C, 0x00, 0x0D, 0x10, 0x8C,
    0x00, 0x0C, 0x10, 0x8C, 0x00, 0x2B, 0x10, 0x8C, 0x00, 0x0B, 0x10, 0x8C, 0x00, 0x2B, 0x10, 0x8C,
    0x00, 0x2B, 0x10, 0x8C, 0x00, 0x0C, 0x10, 0x8C, 0x00, 0x0C, 0x10, 0x8C, 0x00, 0x2B, 0x10, 0x8C,
    0x00, 0x0C, 0x10, 0x8C, 0x00, 0x0C, 0x10, 0x8C, 0x00, 0x2A, 0x10, 0x8C, 0x08, 0x2A, 0x10, 0x8C,
    0x00, 0x2B, 0x10, 0x8C, 0x08, 0x2A, 0x10, 0x8C, 0x08, 0x2A, 0x10, 0x8C, 0x00, 0x0C, 0x10, 0x8C,
    0x00, 0x2B, 0x10, 0x8C, 0x00, 0x2B, 0x10, 0x8C, 0x00, 0x2B, 0x10, 0x8C, 0x00, 0x2B, 0x10, 0x8C,
    0x00, 0x0E, 0x10, 0x8C, 0x00, 0x2B, 0x10, 0x8C, 0x08, 0x2A, 0x10, 0x8C, 0x00, 0x0D, 0x10, 0x8C,
    0x00, 0x0D, 0x10, 0x8C, 0x00, 0x2B, 0x10, 0x8C, 0x08, 0x2A, 0x10, 0x8C, 0x08, 0x2A, 0x10, 0x8C,
    0x00, 0x2B, 0x10, 0x8C, 0x00, 0x2B, 0x10, 0x8C, 0x08, 0x2A, 0x10, 0x8C, 0x00, 0x0C, 0x10, 0x8C,
    0x08, 0x2A, 0x10, 0x8C, 0x00, 0x2B, 0x10, 0x8C, 0x00, 0x0D, 0x10, 0x8C, 0x00, 0x0C, 0x10, 0x8C,
    0x00, 0x2B, 0x10, 0x8C, 0x00, 0x0B, 0x10, 0x8C, 0x00, 0x2B, 0x10, 0x8C, 0x00, 0x2B, 0x10, 0x8C,
    0x00, 0x0C, 0x10, 0x8C, 0x00, 0x0C, 0x10, 0x8C, 0x00, 0x2B, 0x10, 0x8C, 0x00, 0x0C, 0x10, 0x8C,
    0x00, 0x0C, 0x10, 0x8C, 0x00, 0x2A, 0x10, 0x8C, 0x08, 0x2A, 0x10, 0x8C, 0x00, 0x2B, 0x18, 0xAC,
    0x4A, 0x53, 0x94, 0xDB, 0x94, 0xB9, 0x73, 0x96, 0x63, 0x15, 0x8C, 0x5B, 0xA5, 0x1E, 0x84, 0x3A,
    0x18, 0xAE, 0x10, 0x8C, 0x00, 0x2B, 0x18, 0xD1, 0x00, 0x2B, 0x00, 0x00, 0x00, 0x0E, 0x00, 0x00,
    0x31, 0x5B, 0x08, 0x2A, 0x20, 0xD1, 0x00, 0x2B, 0x00, 0x00, 0x08, 0x2A, 0x10, 0x8C, 0x00, 0x2B,
    0x10, 0x8C, 0x00, 0x0C, 0x10, 0x8C, 0x08, 0x2A, 0x10, 0x8C, 0x00, 0x0C, 0x10, 0x8C, 0x00, 0x0E,
    0x10, 0x8C, 0x00, 0x0D, 0x10, 0x8C, 0x00, 0x2B, 0x10, 0x8C, 0x00, 0x0B, 0x10, 0x8C, 0x00, 0x0D,
    0x10, 0x8C, 0x08, 0x2A, 0x10, 0x8C, 0x08, 0x2A, 0x10, 0x8C, 0x00, 0x2A, 0x10, 0x8C, 0x08, 0x2A,
    0x10, 0x8C, 0x08, 0x2A, 0x10, 0x8C, 0x08, 0x2A, 0x10, 0x8C, 0x08, 0x2D, 0x31, 0x90, 0x4A, 0x74,
    0x63, 0x14, 0x5A, 0xD4, 0x63, 0x35, 0x42, 0x33, 0x31, 0x70, 0x00, 0x2F, 0x10, 0x8C, 0x00, 0x0D,
    0x10, 0x8C, 0x00, 0x0D, 0x10, 0x8C, 0x08, 0x2A, 0x10, 0x8C, 0x00, 0x2B, 0x10, 0x8C, 0x00, 0x0C,
    0x10, 0x8C, 0x00, 0x2B, 0x10, 0x8C, 0x00, 0x0C, 0x10, 0x8C, 0x00, 0x2B, 0x10, 0x8C, 0x08, 0x2A,
    0x10, 0x8C, 0x00, 0x2B, 0x10, 0x8C, 0x00, 0x0C, 0x10, 0x8C, 0x00, 0x2B, 0x10, 0x8C, 0x08, 0x2A,
    0x10, 0x8C, 0x00, 0x2B, 0x10, 0x8C, 0x08, 0x2A, 0x10, 0x8C, 0x00, 0x2B, 0x10, 0x8C, 0x00, 0x0C,
    0x10, 0x8C, 0x08, 0x2A, 0x10, 0x8C, 0x00, 0x0C, 0x10, 0x8C, 0x00, 0x0E, 0x10, 0x8C, 0x00, 0x0D,
    0x10, 0x8C, 0x00, 0x2B, 0x10, 0x8C, 0x00, 0x0B, 0x10, 0x8C, 0x00, 0x0D, 0x10, 0x8C, 0x08, 0x2A,
    0x10, 0x8C, 0x08, 0x2A, 0x10, 0x8C, 0x00, 0x2A, 0x10, 0x8C, 0x08, 0x2A, 0x10, 0x8C, 0x08, 0x2A,
    0x10, 0x8C, 0x08, 0x2A, 0x21, 0x0E, 0x39, 0xF2, 0x63, 0x14, 0x5A, 0xD4, 0x63, 0x35, 0x5A, 0xB4,
    0x42, 0x13, 0x10, 0x6C, 0x10, 0x8C, 0x00, 0x0F, 0x10, 0x8C, 0x00, 0x0D, 0x10, 0x8C, 0x00, 0x0D,
    0x10, 0x8C, 0x08, 0x2A, 0x10, 0x8C, 0x00, 0x2B, 0x10, 0x8C, 0x00, 0x0C, 0x10, 0x8C, 0x00, 0x2B,
    0x10, 0x8C, 0x00, 0x0C, 0x10, 0x8C, 0x00, 0x2B, 0x10, 0x8C, 0x08, 0x2A, 0x10, 0x8C, 0x00, 0x2B,
    0x10, 0x8C, 0x00, 0x0C, 0x10, 0x8C, 0x00, 0x2B, 0x10, 0x8C, 0x08, 0x2A, 0x10, 0x8C, 0x00, 0x2B,
    0x10, 0x8C, 0x08, 0x2A, 0x10, 0x8C, 0x00, 0x2B, 0x10, 0x8C, 0x00, 0x0C, 0x10, 0x8C, 0x08, 0x2A,
    0x10, 0x8C, 0x00, 0x0C, 0x10, 0x8C, 0x00, 0x0E, 0x10, 0x8C, 0x00, 0x0D, 0x10, 0x8C, 0x00, 0x2B,
    0x10, 0x8C, 0x00, 0x0B, 0x10, 0x8C, 0x00, 0x0D, 0x10, 0x8C, 0x08, 0x2A, 0x10, 0x8C, 0x08, 0x2A,
    0x10, 0x8C, 0x00, 0x2A, 0x10, 0x8C, 0x08, 0x2A, 0x10, 0x8C, 0x08, 0x2A, 0x10, 0x8C, 0x08, 0x2A,
    0x10, 0x8C, 0x00, 0x0C, 0x10, 0x8C, 0x00, 0x0D, 0x10, 0x8C, 0x00, 0x2B, 0x10, 0x8C, 0x00, 0x2B,
    0x10, 0x8C, 0x00, 0x0F, 0x10, 0x8C, 0x00, 0x0D, 0x10, 0x8C, 0x00, 0x0D, 0x10, 0x8C, 0x08, 0x2A,
    0x10, 0x8C, 0x00, 0x2B, 0x10, 0x8C, 0x00, 0x0C, 0x10, 0x8C, 0x00, 0x2B, 0x10, 0x8C, 0x00, 0x0C,
    0x10, 0x8C, 0x00, 0x2B, 0x10, 0x8C, 0x08, 0x2A, 0x10, 0x8C, 0x00, 0x2B, 0x10, 0x8C, 0x00, 0x0C,
    0x10, 0x8C, 0x00, 0x2B, 0x10, 0x8C, 0x08, 0x2A, 0x10, 0x8C, 0x00, 0x2B, 0x10, 0x8C, 0x08, 0x2A,
    0x10, 0x8C, 0x00, 0x2B, 0x10, 0x8C, 0x00, 0x0C, 0x10, 0x8C, 0x08, 0x2A, 0x10, 0x8C, 0x00, 0x0C,
    0x10, 0x8C, 0x00, 0x0E, 0x10, 0x8C, 0x00, 0x0D, 0x10, 0x8C, 0x00, 0x2B, 0x10, 0x8C, 0x00, 0x0B,
    0x10, 0x8C, 0x00, 0x0D, 0x10, 0x8C, 0x08, 0x2A, 0x10, 0x8C, 0x08, 0x2A, 0x10, 0x8C, 0x00, 0x2A,
    0x10, 0x8C, 0x08, 0x2A, 0x10, 0x8C, 0x08, 0x2A, 0x10, 0x8C, 0x08, 0x2A, 0x10, 0x8C, 0x00, 0x0C,
    0x10, 0x8C, 0x00, 0x0D, 0x10, 0x8C, 0x00, 0x2B, 0x10, 0x8C, 0x00, 0x2B, 0x10, 0x8C, 0x00, 0x0F,
    0x10, 0x8C, 0x00, 0x0D, 0x10, 0x8C, 0x00, 0x0D, 0x10, 0x8C, 0x08, 0x2A, 0x10, 0x8C, 0x00, 0x2B,
    0x10, 0x8C, 0x00, 0x0C, 0x10, 0x8C, 0x00, 0x2B, 0x10, 0x8C, 0x00, 0x0C, 0x10, 0x8C, 0x00, 0x2B,
    0x10, 0x8C, 0x08, 0x2A, 0x10, 0x8C, 0x00, 0x2B, 0x10, 0x8C, 0x00, 0x0C, 0x10, 0x8C, 0x00, 0x2B,
    0x10, 0x8C, 0x08, 0x2A, 0x10, 0x8C, 0x00, 0x2B, 0x10, 0x8C, 0x08, 0x2A, 0x10, 0x8C, 0x00, 0x2B,
    0x10, 0x8C, 0x00, 0x0C, 0x10, 0x8C, 0x08, 0x2A, 0x10, 0x8C, 0x00, 0x0C, 0x10, 0x8C, 0x00, 0x0E,
    0x10, 0x8C, 0x00, 0x0D, 0x10, 0x8C, 0x00, 0x2B, 0x10, 0x8C, 0x00, 0x0B, 0x10, 0x8C, 0x00, 0x0D,
    0x18, 0xAD, 0x29, 0x4F, 0x5A, 0xD4, 0x5A, 0xD2, 0x63, 0x14, 0x5A, 0xF5, 0x52, 0x73, 0x20, 0xEE,
    0x10, 0x8C, 0x08, 0x2A, 0x10, 0x8C, 0x08, 0x2A, 0x10, 0x8A, 0x00, 0x0C, 0x00, 0x00, 0x00, 0x0D,
    0x00, 0x2B, 0x20, 0xF3, 0x08, 0x2A, 0x18, 0xAE, 0x08, 0x2A, 0x18, 0xAC, 0x08, 0x2A, 0x18, 0xAC,
    0x00, 0x0D, 0x18, 0xAC, 0x00, 0x0C, 0x18, 0xAC, 0x08, 0x2A, 0x18, 0xAC, 0x00, 0x0D, 0x18, 0xAC,
    0x00, 0x0E, 0x18, 0xAC, 0x00, 0x0E, 0x18, 0xAC, 0x00, 0x0D, 0x18, 0xAC, 0x00, 0x0F, 0x18, 0xAC,
    0x00, 0x0E, 0x18, 0xAC, 0x00, 0x2B, 0x18, 0xAC, 0x00, 0x2B, 0x18, 0xAC, 0x08, 0x2A, 0x18, 0xAC,
    0x08, 0x2A, 0x18, 0xAC, 0x08, 0x2A, 0x18, 0xAC, 0x08, 0x2A, 0x18, 0xAC, 0x00, 0x2B, 0x18, 0xAD,
    0x00, 0x0C, 0x18, 0xAD, 0x00, 0x2B, 0x18, 0xAD, 0x00, 0x0C, 0x18, 0xAC, 0x00, 0x0D, 0x18, 0xAC,
    0x00, 0x0F, 0x18, 0xAC, 0x00, 0x0D, 0x18, 0xAC, 0x00, 0x0B, 0x18, 0xAC, 0x00, 0x0D, 0x18, 0xAC,
    0x00, 0x0C, 0x18, 0xAC, 0x00, 0x0C, 0x18, 0xAC, 0x00, 0x0D, 0x18, 0xAC, 0x08, 0x2A, 0x18, 0xAC,
    0x08, 0x2A, 0x18, 0xAC, 0x00, 0x0C, 0x18, 0xAC, 0x00, 0x2B, 0x18, 0xAC, 0x00, 0x2B, 0x18, 0xAC,
    0x08, 0x2A, 0x18, 0xAC, 0x08, 0x2A, 0x18, 0xAC, 0x08, 0x2A, 0x18, 0xAC, 0x00, 0x0D, 0x18, 0xAC,
    0x00, 0x0C, 0x18, 0xAC, 0x08, 0x2A, 0x18, 0xAC, 0x00, 0x0D, 0x18, 0xAC, 0x00, 0x0E, 0x18, 0xAC,
    0x00, 0x0E, 0x18, 0xAC, 0x00, 0x0D, 0x18, 0xAC, 0x00, 0x0F, 0x18, 0xAC, 0x00, 0x0E, 0x18, 0xAC,
    0x00, 0x2B, 0x18, 0xAC, 0x00, 0x2B, 0x18, 0xAC, 0x08, 0x2A, 0x18, 0xAC, 0x08, 0x2A, 0x18, 0xAC,
    0x08, 0x2A, 0x18, 0xAC, 0x08, 0x2A, 0x18, 0xAD, 0x00, 0x2B, 0x18, 0xAD, 0x00, 0x0C, 0x18, 0xAD,
    0x00, 0x2B, 0x18, 0xAC, 0x00, 0x0C, 0x18, 0xAC, 0x00, 0x0D, 0x18, 0xAC, 0x00, 0x0F, 0x18, 0xAC,
    0x00, 0x0D, 0x18, 0xAC, 0x00, 0x0B, 0x18, 0xAC, 0x00, 0x0D, 0x18, 0xAC, 0x00, 0x0C, 0x18, 0xAC,
    0x00, 0x0C, 0x18, 0xAC, 0x00, 0x0D, 0x18, 0xAC, 0x08, 0x2A, 0x18, 0xAC, 0x08, 0x2A, 0x18, 0xAC,
    0x00, 0x0C, 0x18, 0xAC, 0x00, 0x2B, 0x18, 0xAC, 0x00, 0x2B, 0x18, 0xAC, 0x08, 0x2A, 0x18, 0xAC,
    0x08, 0x2A, 0x18, 0xAC, 0x08, 0x2A, 0x18, 0xAC, 0x00, 0x0D, 0x18, 0xAC, 0x00, 0x0C, 0x18, 0xAC,
    0x08, 0x2A, 0x18, 0xAC, 0x00, 0x0D, 0x18, 0xAC, 0x00, 0x0E, 0x18, 0xAC, 0x00, 0x0E, 0x18, 0xAC,
    0x00, 0x0D, 0x18, 0xAC, 0x00, 0x0F, 0x18, 0xAC, 0x00, 0x0E, 0x18, 0xAC, 0x00, 0x2B, 0x18, 0xAC,
    0x00, 0x2B, 0x18, 0xAC, 0x08, 0x2A, 0x18, 0xAC, 0x08, 0x2A, 0x18, 0xAC, 0x08, 0x2A, 0x18, 0xAC,
    0x08, 0x2A, 0x18, 0xAC, 0x00, 0x2B, 0x18, 0xAC, 0x00, 0x0C, 0x18, 0xAC, 0x00, 0x2B, 0x18, 0xAC,
    0x00, 0x0C, 0x18, 0xAC, 0x00, 0x0D, 0x18, 0xAC, 0x00, 0x0F, 0x18, 0xAC, 0x00, 0x0D, 0x18, 0xAC,
    0x00, 0x0B, 0x18, 0xAC, 0x00, 0x0D, 0x18, 0xAC, 0x00, 0x0C, 0x18, 0xAC, 0x00, 0x0C, 0x18, 0xAC,
    0x00, 0x0D, 0x18, 0xAC, 0x08, 0x2A, 0x18, 0xAC, 0x08, 0x2A, 0x18, 0xAC, 0x00, 0x0C, 0x18, 0xAC,
    0x00, 0x2B, 0x18, 0xAC, 0x00, 0x2B, 0x18, 0xAC, 0x08, 0x2A, 0x18, 0xAC, 0x08, 0x2A, 0x18, 0xAC,
    0x08, 0x2A, 0x18, 0xAC, 0x00, 0x0D, 0x18, 0xAC, 0x00, 0x0C, 0x18, 0xAC, 0x08, 0x2A, 0x18, 0xAC,
    0x00, 0x0D, 0x18, 0xAC, 0x00, 0x0E, 0x18, 0xAC, 0x00, 0x0E, 0x18, 0xAC, 0x00, 0x0D, 0x18, 0xAC,
    0x00, 0x0F, 0x18, 0xAC, 0x00, 0x0E, 0x18, 0xAC, 0x00, 0x2B, 0x18, 0xAC, 0x00, 0x2B, 0x18, 0xAC,
    0x08, 0x2A, 0x18, 0xAC, 0x08, 0x2A, 0x18, 0xAC, 0x08, 0x2A, 0x18, 0xAC, 0x08, 0x2A, 0x18, 0xAC,
    0x00, 0x2B, 0x18, 0xAC, 0x00, 0x0C, 0x18, 0xAC, 0x00, 0x2B, 0x18, 0xAC, 0x00, 0x0C, 0x18, 0xAC,
    0x00, 0x0D, 0x18, 0xAC, 0x00, 0x0F, 0x18, 0xAC, 0x00, 0x0D, 0x18, 0xAC, 0x00, 0x0B, 0x18, 0xAC,
    0x00, 0x0D, 0x18, 0xAC, 0x00, 0x0C, 0x18, 0xAC, 0x00, 0x0C, 0x18, 0xAC, 0x00, 0x0D, 0x18, 0xAC,
    0x08, 0x2A, 0x18, 0xAC, 0x08, 0x2A, 0x18, 0xAC, 0x00, 0x0C, 0x18, 0xAC, 0x00, 0x2B, 0x18, 0xAC,
    0x00, 0x2B, 0x18, 0xAC, 0x08, 0x2A, 0x18, 0xAC, 0x08, 0x2A, 0x18, 0xAC, 0x08, 0x2A, 0x18, 0xAC,
    0x00, 0x0D, 0x18, 0xAC, 0x00, 0x0C, 0x18, 0xAC, 0x08, 0x2A, 0x18, 0xAC, 0x00, 0x0D, 0x18, 0xAC,
    0x00, 0x0E, 0x18, 0xAC, 0x00, 0x0E, 0x18, 0xAC, 0x00, 0x0D, 0x18, 0xAC, 0x00, 0x0F, 0x18, 0xAC,
    0x00, 0x0E, 0x18, 0xAC, 0x08, 0x2B, 0x18, 0xAD, 0x00, 0x2B, 0x18, 0xAD, 0x08, 0x2A, 0x18, 0xAC,
    0x08, 0x2A, 0x18, 0xAC, 0x08, 0x2A, 0x20, 0xF2, 0x08, 0x2A, 0x00, 0x00, 0x00, 0x2B, 0x00, 0x00,
    0x31, 0x7B, 0x00, 0x0B, 0x20, 0xF2, 0x00, 0x2B, 0x00, 0x00, 0x08, 0x2A, 0x18, 0xAD, 0x00, 0x0B,
    0x18, 0xAD, 0x00, 0x0E, 0x18, 0xAD, 0x00, 0x2B, 0x18, 0xAD, 0x08, 0x2A, 0x18, 0xAD, 0x00, 0x2C,
    0x18, 0xCE, 0x00, 0x2F, 0x18, 0xAD, 0x00, 0x0F, 0x18, 0xAD, 0x00, 0x0E, 0x18, 0xAD, 0x00, 0x10,
    0x18, 0xAD, 0x00, 0x0E, 0x18, 0xAD, 0x00, 0x2B, 0x18, 0xAD, 0x00, 0x0C, 0x18, 0xAD, 0x00, 0x2B,
    0x18, 0xAD, 0x08, 0x2A, 0x18, 0xAD, 0x00, 0x2B, 0x18, 0xAD, 0x00, 0x2B, 0x18, 0xAD, 0x08, 0x2A,
    0x18, 0xAD, 0x00, 0x0C, 0x18, 0xAD, 0x00, 0x2B, 0x18, 0xAD, 0x08, 0x2A, 0x18, 0xAD, 0x00, 0x0D,
    0x18, 0xAD, 0x00, 0x10, 0x18, 0xAD, 0x00, 0x0E, 0x18, 0xAD, 0x00, 0x0D, 0x18, 0xAD, 0x00, 0x0C,
    0x18, 0xAD, 0x08, 0x2A, 0x18, 0xAD, 0x00, 0x0D, 0x18, 0xAD, 0x00, 0x0C, 0x18, 0xAD, 0x08, 0x2A,
    0x18, 0xAD, 0x00, 0x2B, 0x18, 0xAD, 0x00, 0x0C, 0x18, 0xAD, 0x00, 0x2B, 0x18, 0xAD, 0x00, 0x0B,
    0x18, 0xAD, 0x00, 0x2B, 0x18, 0xAD, 0x08, 0x2A, 0x18, 0xAD, 0x00, 0x0B, 0x18, 0xAD, 0x00, 0x0E,
    0x18, 0xAD, 0x00, 0x2B, 0x18, 0xAD, 0x08, 0x2A, 0x18, 0xAD, 0x00, 0x0C, 0x18, 0xAD, 0x00, 0x0E,
    0x18, 0xAD, 0x00, 0x0F, 0x18, 0xAD, 0x00, 0x0E, 0x18, 0xAD, 0x00, 0x10, 0x18, 0xAD, 0x00, 0x0E,
    0x18, 0xAD, 0x00, 0x2B, 0x18, 0xAD, 0x00, 0x0C, 0x18, 0xAD, 0x00, 0x2B, 0x18, 0xAD, 0x08, 0x2A,
    0x18, 0xAD, 0x00, 0x2B, 0x18, 0xCD, 0x08, 0x4B, 0x18, 0xAD, 0x08, 0x2A, 0x18, 0xAD, 0x00, 0x0C,
    0x18, 0xAD, 0x00, 0x2B, 0x18, 0xAD, 0x08, 0x2A, 0x18, 0xAD, 0x00, 0x0D, 0x18, 0xAD, 0x00, 0x10,
    0x18, 0xAD, 0x00, 0x0E, 0x18, 0xAD, 0x00, 0x2D, 0x18, 0xEE, 0x08, 0x4D, 0x18, 0xAD, 0x08, 0x2A,
    0x18, 0xAD, 0x00, 0x0D, 0x18, 0xAD, 0x00, 0x0C, 0x18, 0xAD, 0x08, 0x2A, 0x18, 0xAD, 0x00, 0x2B,
    0x18, 0xCD, 0x08, 0x4D, 0x18, 0xAD, 0x00, 0x2B, 0x18, 0xAD, 0x00, 0x0B, 0x18, 0xAD, 0x00, 0x2B,
    0x18, 0xAD, 0x08, 0x2A, 0x18, 0xAD, 0x00, 0x0B, 0x18, 0xAD, 0x00, 0x0E, 0x18, 0xAD, 0x00, 0x2B,
    0x18, 0xAD, 0x08, 0x2A, 0x18, 0xAD, 0x00, 0x0C, 0x18, 0xAD, 0x00, 0x0E, 0x18, 0xAD, 0x00, 0x0F,
    0x18, 0xAD, 0x00, 0x0E, 0x18, 0xAD, 0x00, 0x10, 0x18, 0xAD, 0x00, 0x0E, 0x18, 0xAD, 0x00, 0x2B,
    0x18, 0xAD, 0x00, 0x0C, 0x18, 0xAD, 0x00, 0x2B, 0x18, 0xAD, 0x08, 0x2A, 0x18, 0xAD, 0x00, 0x2B,
    0x18, 0xAD, 0x00, 0x2B, 0x18, 0xAD, 0x08, 0x2A, 0x18, 0xAD, 0x00, 0x0C, 0x18, 0xAD, 0x00, 0x2B,
    0x18, 0xAD, 0x08, 0x2A, 0x18, 0xAD, 0x00, 0x0D, 0x18, 0xAD, 0x00, 0x10, 0x18, 0xAD, 0x00, 0x0E,
    0x18, 0xAD, 0x00, 0x0D, 0x18, 0xAD, 0x00, 0x0C, 0x18, 0xAD, 0x08, 0x2A, 0x18, 0xAD, 0x00, 0x0D,
    0x18, 0xAD, 0x00, 0x0C, 0x18, 0xAD, 0x08, 0x2A, 0x18, 0xAD, 0x00, 0x2B, 0x18, 0xAD, 0x00, 0x0C,
    0x18, 0xAD, 0x00, 0x2B, 0x18, 0xAD, 0x00, 0x0B, 0x18, 0xAD, 0x00, 0x2B, 0x18, 0xAD, 0x08, 0x2A,
    0x18, 0xAD, 0x00, 0x0B, 0x18, 0xAD, 0x00, 0x0E, 0x18, 0xAD, 0x00, 0x2B, 0x18, 0xAD, 0x08, 0x2A,
    0x18, 0xAD, 0x00, 0x0C, 0x18, 0xAD, 0x00, 0x0E, 0x18, 0xAD, 0x00, 0x0F, 0x18, 0xAD, 0x00, 0x0E,
    0x18, 0xAD, 0x00, 0x10, 0x18, 0xAD, 0x00, 0x0E, 0x18, 0xAD, 0x00, 0x2B, 0x18, 0xAD, 0x00, 0x0C,
    0x18, 0xAD, 0x08, 0x4C, 0x20, 0xEE, 0x08, 0x2A, 0x18, 0xAD, 0x00, 0x2B, 0x18, 0xAD, 0x00, 0x2B,
    0x18, 0xAD, 0x08, 0x2A, 0x18, 0xAD, 0x00, 0x0C, 0x18, 0xAD, 0x00, 0x2B, 0x18, 0xAD, 0x08, 0x2A,
    0x18, 0xAD, 0x00, 0x0D, 0x18, 0xAD, 0x00, 0x10, 0x18, 0xAD, 0x00, 0x0E, 0x18, 0xAD, 0x00, 0x0D,
    0x18, 0xAD, 0x00, 0x0C, 0x18, 0xAD, 0x08, 0x2A, 0x18, 0xAD, 0x00, 0x0D, 0x18, 0xAD, 0x00, 0x0C,
    0x18, 0xAD, 0x08, 0x2A, 0x18, 0xAD, 0x08, 0x2B, 0x18, 0xCE, 0x08, 0x2C, 0x18, 0xAD, 0x00, 0x2B,
    0x18, 0xAD, 0x00, 0x0B, 0x18, 0xAD, 0x00, 0x2B, 0x18, 0xAD, 0x08, 0x2A, 0x18, 0xAD, 0x00, 0x0B,
    0x18, 0xAD, 0x00, 0x0E, 0x18, 0xAD, 0x00, 0x2B, 0x18, 0xAD, 0x08, 0x2A, 0x18, 0xAD, 0x00, 0x0C,
    0x18, 0xAD, 0x00, 0x0E, 0x18, 0xAD, 0x00, 0x0F, 0x18, 0xAD, 0x00, 0x0E, 0x18, 0xAD, 0x00, 0x10,
    0x18, 0xAD, 0x00, 0x0E, 0x18, 0xAD, 0x00, 0x2B, 0x18, 0xAD, 0x00, 0x0C, 0x18, 0xAD, 0x00, 0x2B,
    0x18, 0xAD, 0x08, 0x2A, 0x18, 0xAD, 0x00, 0x2B, 0x10, 0x8A, 0x00, 0x2B, 0x00, 0x00, 0x08, 0x2A,
    0x00, 0x2B, 0x21, 0x13, 0x00, 0x0C, 0x18, 0xCF, 0x00, 0x0B, 0x18, 0xAD, 0x08, 0x2A, 0x18, 0xAD,
    0x00, 0x0C, 0x18, 0xAD, 0x08, 0x2C, 0x18, 0xAD, 0x08, 0x2A, 0x18, 0xAD, 0x08, 0x2A, 0x20, 0xEF,
    0x39, 0xD5, 0x31, 0x71, 0x00, 0x0D, 0x18, 0xAD, 0x00, 0x0E, 0x18, 0xAD, 0x00, 0x0E, 0x18, 0xAD,
    0x00, 0x0E, 0x18, 0xAD, 0x00, 0x0E, 0x18, 0xAD, 0x00, 0x0B, 0x18, 0xAD, 0x00, 0x0D, 0x18, 0xAD,
    0x00, 0x2B, 0x18, 0xAD, 0x00, 0x0B, 0x18, 0xAD, 0x00, 0x0D, 0x18, 0xAD, 0x00, 0x2B, 0x18, 0xAD,
    0x08, 0x2A, 0x18, 0xAD, 0x00, 0x0C, 0x18, 0xAD, 0x00, 0x2B, 0x18, 0xAD, 0x08, 0x2A, 0x18, 0xAD,
    0x00, 0x0E, 0x18, 0xAD, 0x00, 0x0F, 0x18, 0xAD, 0x00, 0x0E, 0x18, 0xAD, 0x00, 0x0D, 0x18, 0xAD,
    0x08, 0x2A, 0x18, 0xAD, 0x00, 0x2B, 0x18, 0xAD, 0x00, 0x0E, 0x18, 0xAD, 0x00, 0x0C, 0x18, 0xAD,
    0x00, 0x2B, 0x18, 0xAD, 0x00, 0x0C, 0x18, 0xAD, 0x00, 0x2B, 0x18, 0xAD, 0x00, 0x2B, 0x18, 0xAD,
    0x00, 0x0C, 0x18, 0xAD, 0x00, 0x0B, 0x18, 0xAD, 0x08, 0x2A, 0x18, 0xAD, 0x00, 0x0C, 0x18, 0xAD,
    0x00, 0x0C, 0x18, 0xAD, 0x08, 0x2A, 0x18, 0xAD, 0x08, 0x2A, 0x18, 0xAD, 0x00, 0x2B, 0x18, 0xAD,
    0x00, 0x0D, 0x18, 0xAD, 0x00, 0x0E, 0x18, 0xAD, 0x00, 0x0E, 0x18, 0xAD, 0x00, 0x0E, 0x18, 0xAD,
    0x00, 0x0E, 0x18, 0xAD, 0x00, 0x0B, 0x18, 0xAD, 0x00, 0x0D, 0x18, 0xAD, 0x00, 0x2B, 0x18, 0xAD,
    0x00, 0x0B, 0x18, 0xAD, 0x42, 0x34, 0x5A, 0xD6, 0x08, 0x2B, 0x18, 0xAD, 0x08, 0x2A, 0x18, 0xAD,
    0x00, 0x0C, 0x18, 0xAD, 0x00, 0x2B, 0x18, 0xAD, 0x08, 0x2A, 0x18, 0xAD, 0x00, 0x0E, 0x18, 0xAD,
    0x00, 0x0F, 0x18, 0xAD, 0x00, 0x0E, 0x29, 0x2F, 0x6B, 0x99, 0x39, 0xD3, 0x08, 0x2A, 0x18, 0xAD,
    0x00, 0x2B, 0x18, 0xAD, 0x00, 0x0E, 0x18, 0xAD, 0x00, 0x0C, 0x18, 0xAD, 0x00, 0x2B, 0x18, 0xCD,
    0x31, 0xD2, 0x6B, 0x78, 0x10, 0x8D, 0x18, 0xAD, 0x00, 0x2B, 0x18, 0xAD, 0x00, 0x0C, 0x18, 0xAD,
    0x00, 0x0B, 0x18, 0xAD, 0x08, 0x2A, 0x18, 0xAD, 0x00, 0x0C, 0x18, 0xAD, 0x00, 0x0C, 0x18, 0xAD,
    0x08, 0x2A, 0x18, 0xAD, 0x08, 0x2A, 0x18, 0xAD, 0x00, 0x2B, 0x18, 0xAD, 0x00, 0x0D, 0x18, 0xAD,
    0x00, 0x0E, 0x18, 0xAD, 0x00, 0x0E, 0x18, 0xAD, 0x00, 0x0E, 0x18, 0xAD, 0x00, 0x0E, 0x18, 0xAD,
    0x00, 0x0B, 0x18, 0xAD, 0x00, 0x0D, 0x18, 0xAD, 0x00, 0x2B, 0x18, 0xAD, 0x00, 0x0B, 0x18, 0xAD,
    0x00, 0x0D, 0x18, 0xAD, 0x00, 0x2B, 0x18, 0xAD, 0x08, 0x2A, 0x18, 0xAD, 0x00, 0x0C, 0x18, 0xAD,
    0x00, 0x2B, 0x18, 0xAD, 0x08, 0x2A, 0x18, 0xAD, 0x00, 0x0E, 0x18, 0xAD, 0x00, 0x0F, 0x18, 0xAD,
    0x00, 0x0E, 0x18, 0xAD, 0x00, 0x0D, 0x18, 0xAD, 0x08, 0x2A, 0x18, 0xAD, 0x00, 0x2B, 0x18, 0xAD,
    0x00, 0x0E, 0x18, 0xAD, 0x00, 0x0C, 0x18, 0xAD, 0x00, 0x2B, 0x18, 0xAD, 0x00, 0x0C, 0x18, 0xAD,
    0x00, 0x2B, 0x18, 0xAD, 0x00, 0x2B, 0x18, 0xAD, 0x00, 0x0C, 0x18, 0xAD, 0x00, 0x0B, 0x18, 0xAD,
    0x08, 0x2A, 0x18, 0xAD, 0x00, 0x0C, 0x18, 0xAD, 0x00, 0x0C, 0x18, 0xAD, 0x08, 0x2A, 0x18, 0xAD,
    0x08, 0x2A, 0x18, 0xAD, 0x00, 0x2B, 0x18, 0xAD, 0x00, 0x0D, 0x18, 0xAD, 0x00, 0x0E, 0x18, 0xAD,
    0x00, 0x0E, 0x18, 0xAD, 0x00, 0x2E, 0x18, 0xCD, 0x00, 0x0E, 0x18, 0xAD, 0x00, 0x0B, 0x18, 0xAD,
    0x08, 0x6E, 0x6B, 0x78, 0x41, 0xF4, 0x18, 0xCD, 0x00, 0x0B, 0x18, 0xAD, 0x00, 0x0D, 0x18, 0xAD,
    0x00, 0x2B, 0x18, 0xAD, 0x08, 0x2A, 0x18, 0xAD, 0x00, 0x0C, 0x18, 0xAD, 0x00, 0x2B, 0x18, 0xAD,
    0x08, 0x2A, 0x18, 0xAD, 0x00, 0x0E, 0x18, 0xAD, 0x00, 0x0F, 0x18, 0xAD, 0x00, 0x0E, 0x18, 0xAD,
    0x00, 0x0D, 0x18, 0xAD, 0x08, 0x2A, 0x18, 0xAD, 0x00, 0x2B, 0x18, 0xAD, 0x00, 0x0E, 0x18, 0xAD,
    0x00, 0x0C, 0x18, 0xAD, 0x00, 0x2B, 0x20, 0xEF, 0x39, 0xD5, 0x31, 0x71, 0x00, 0x2B, 0x18, 0xAD,
    0x00, 0x2B, 0x18, 0xAD, 0x00, 0x0C, 0x18, 0xAD, 0x00, 0x0B, 0x18, 0xAD, 0x08, 0x2A, 0x18, 0xAD,
    0x00, 0x0C, 0x18, 0xAD, 0x00, 0x0C, 0x18, 0xAD, 0x08, 0x2A, 0x18, 0xAD, 0x08, 0x2A, 0x18, 0xAD,
    0x00, 0x2B, 0x18, 0xAD, 0x00, 0x0D, 0x18, 0xAD, 0x00, 0x0E, 0x18, 0xAD, 0x00, 0x0E, 0x18, 0xCD,
    0x00, 0x0E, 0x18, 0xAD, 0x00, 0x0E, 0x18, 0xAD, 0x00, 0x0B, 0x18, 0xAD, 0x00, 0x0D, 0x18, 0xAD,
    0x00, 0x2B, 0x18, 0xAD, 0x00, 0x0B, 0x20, 0xF3, 0x00, 0x0D, 0x00, 0x00, 0x00, 0x2B, 0x00, 0x00,
    0x39, 0x9C, 0x00, 0x2B, 0x21, 0x12, 0x00, 0x0B, 0x00, 0x00, 0x00, 0x2B, 0x18, 0xAD, 0x08, 0x2A,
    0x18, 0xAD, 0x18, 0xCE, 0x52, 0xB4, 0x10, 0x8D, 0x18, 0xAD, 0x00, 0x2B, 0x18, 0xAD, 0x18, 0xCE,
    0x29, 0x54, 0x08, 0x4C, 0x18, 0xAD, 0x00, 0x0C, 0x18, 0xAD, 0x00, 0x0C, 0x18, 0xAD, 0x00, 0x0C,
    0x18, 0xAD, 0x00, 0x0D, 0x18, 0xAD, 0x00, 0x0D, 0x18, 0xAD, 0x00, 0x0C, 0x18, 0xAD, 0x00, 0x0E,
    0x18, 0xAD, 0x00, 0x0C, 0x18, 0xAD, 0x00, 0x0D, 0x18, 0xAD, 0x00, 0x0D, 0x18, 0xAD, 0x00, 0x2B,
    0x18, 0xAD, 0x08, 0x2A, 0x18, 0xAD, 0x00, 0x0C, 0x18, 0xAD, 0x00, 0x2B, 0x18, 0xAD, 0x08, 0x2A,
    0x18, 0xAD, 0x00, 0x0C, 0x18, 0xAD, 0x00, 0x0D, 0x18, 0xAD, 0x00, 0x0D, 0x18, 0xAD, 0x00, 0x0D,
    0x18, 0xAD, 0x08, 0x2A, 0x18, 0xAD, 0x00, 0x0C, 0x18, 0xAD, 0x00, 0x0E, 0x18, 0xAD, 0x00, 0x0C,
    0x18, 0xAD, 0x00, 0x0C, 0x18, 0xAD, 0x00, 0x0B, 0x18, 0xAD, 0x08, 0x2A, 0x18, 0xAD, 0x00, 0x2B,
    0x18, 0xAD, 0x00, 0x0B, 0x18, 0xAD, 0x00, 0x2B, 0x18, 0xAD, 0x08, 0x2A, 0x18, 0xAD, 0x08, 0x2A,
    0x18, 0xAD, 0x00, 0x0C, 0x18, 0xAD, 0x00, 0x2B, 0x18, 0xAD, 0x08, 0x2A, 0x18, 0xAD, 0x08, 0x2A,
    0x18, 0xAD, 0x00, 0x0C, 0x18, 0xAD, 0x00, 0x0C, 0x18, 0xAD, 0x00, 0x0C, 0x18, 0xAD, 0x00, 0x0D,
    0x18, 0xAD, 0x00, 0x0D, 0x18, 0xAD, 0x00, 0x0C, 0x18, 0xAD, 0x00, 0x0E, 0x18, 0xAD, 0x00, 0x0C,
    0x18, 0xAD, 0x08, 0x2E, 0x84, 0x1A, 0x7B, 0xDA, 0x20, 0xEE, 0x00, 0x2B, 0x18, 0xAD, 0x08, 0x2A,
    0x18, 0xAD, 0x00, 0x0C, 0x18, 0xAD, 0x00, 0x2B, 0x18, 0xAD, 0x08, 0x2A, 0x18, 0xAD, 0x00, 0x0C,
    0x18, 0xAD, 0x00, 0x0D, 0x18, 0xAD, 0x18, 0xF1, 0x94, 0xDB, 0x39, 0xD3, 0x18, 0xAD, 0x08, 0x2A,
    0x18, 0xAD, 0x00, 0x0C, 0x18, 0xAD, 0x00, 0x0E, 0x18, 0xAD, 0x00, 0x0C, 0x18, 0xAD, 0x08, 0x4D,
    0x39, 0xF4, 0x84, 0x59, 0x21, 0x0E, 0x08, 0x2A, 0x18, 0xAD, 0x00, 0x2B, 0x18, 0xAD, 0x00, 0x0B,
    0x18, 0xAD, 0x00, 0x2B, 0x18, 0xAD, 0x08, 0x2A, 0x18, 0xAD, 0x08, 0x2A, 0x18, 0xAD, 0x00, 0x0C,
    0x18, 0xAD, 0x00, 0x2B, 0x18, 0xAD, 0x08, 0x2A, 0x18, 0xAD, 0x08, 0x2A, 0x18, 0xAD, 0x00, 0x0C,
    0x18, 0xAD, 0x00, 0x0C, 0x18, 0xAD, 0x00, 0x0C, 0x18, 0xAD, 0x00, 0x0D, 0x18, 0xAD, 0x00, 0x0D,
    0x18, 0xAD, 0x00, 0x0C, 0x18, 0xAD, 0x00, 0x0E, 0x18, 0xAD, 0x00, 0x0C, 0x18, 0xAD, 0x00, 0x0D,
    0x18, 0xAD, 0x00, 0x0D, 0x18, 0xAD, 0x00, 0x2B, 0x18, 0xAD, 0x08, 0x2A, 0x18, 0xAD, 0x00, 0x0C,
    0x18, 0xAD, 0x00, 0x2B, 0x18, 0xAD, 0x08, 0x2A, 0x18, 0xAD, 0x00, 0x0C, 0x18, 0xAD, 0x00, 0x0D,
    0x18, 0xAD, 0x00, 0x0D, 0x18, 0xAD, 0x00, 0x0D, 0x18, 0xAD, 0x08, 0x2A, 0x18, 0xAD, 0x00, 0x0C,
    0x18, 0xAD, 0x00, 0x0E, 0x18, 0xAD, 0x00, 0x0C, 0x18, 0xAD, 0x00, 0x0C, 0x18, 0xAD, 0x00, 0x0B,
    0x18, 0xAD, 0x08, 0x2A, 0x18, 0xAD, 0x00, 0x2B, 0x18, 0xAD, 0x00, 0x0B, 0x18, 0xAD, 0x00, 0x2B,
    0x18, 0xAD, 0x08, 0x2A, 0x18, 0xAD, 0x08, 0x2A, 0x18, 0xAD, 0x00, 0x0C, 0x18, 0xAD, 0x00, 0x2B,
    0x18, 0xAD, 0x08, 0x2A, 0x18, 0xAD, 0x08, 0x2A, 0x18, 0xAD, 0x00, 0x0C, 0x18, 0xAD, 0x00, 0x0C,
    0x18, 0xAD, 0x08, 0x2C, 0x31, 0x91, 0x42, 0x33, 0x18, 0xCE, 0x00, 0x0D, 0x18, 0xAD, 0x00, 0x0C,
    0x21, 0x0F, 0x84, 0x5A, 0x62, 0xF6, 0x08, 0x2C, 0x18, 0xAD, 0x00, 0x0D, 0x18, 0xAD, 0x00, 0x0D,
    0x18, 0xAD, 0x00, 0x2B, 0x18, 0xAD, 0x08, 0x2A, 0x18, 0xAD, 0x00, 0x0C, 0x18, 0xAD, 0x00, 0x2B,
    0x18, 0xAD, 0x08, 0x2A, 0x18, 0xAD, 0x00, 0x0C, 0x18, 0xAD, 0x00, 0x0D, 0x18, 0xAD, 0x00, 0x0D,
    0x18, 0xAD, 0x00, 0x0D, 0x18, 0xAD, 0x08, 0x2A, 0x18, 0xAD, 0x00, 0x0C, 0x18, 0xAD, 0x00, 0x0E,
    0x18, 0xAD, 0x00, 0x0C, 0x18, 0xAD, 0x18, 0xD0, 0x29, 0x54, 0x08, 0x4D, 0x18, 0xAD, 0x08, 0x2A,
    0x18, 0xAD, 0x00, 0x2B, 0x18, 0xAD, 0x00, 0x0B, 0x18, 0xAD, 0x00, 0x2B, 0x18, 0xAD, 0x08, 0x2A,
    0x18, 0xAD, 0x08, 0x2A, 0x18, 0xAD, 0x00, 0x0C, 0x18, 0xAD, 0x00, 0x2B, 0x18, 0xAD, 0x08, 0x2A,
    0x18, 0xAD, 0x08, 0x2A, 0x18, 0xAD, 0x00, 0x0C, 0x18, 0xAD, 0x00, 0x0C, 0x21, 0x0E, 0x42, 0x33,
    0x31, 0x70, 0x00, 0x0D, 0x18, 0xAD, 0x00, 0x0D, 0x18, 0xAD, 0x00, 0x0C, 0x18, 0xAD, 0x00, 0x0E,
    0x18, 0xAD, 0x00, 0x0C, 0x18, 0xAD, 0x00, 0x0D, 0x10, 0x8B, 0x00, 0x0D, 0x00, 0x00, 0x00, 0x2B,
    0x08, 0x2A, 0x29, 0x34, 0x08, 0x2A, 0x18, 0xCF, 0x00, 0x2B, 0x18, 0xCD, 0x08, 0x2A, 0x18, 0xCD,
    0x08, 0x2A, 0x21, 0x0F, 0xAD, 0x7D, 0x39, 0xD1, 0x00, 0x0D, 0x18, 0xCD, 0x00, 0x2B, 0x31, 0xB2,
    0x42, 0x35, 0x29, 0x30, 0x08, 0x2A, 0x18, 0xCD, 0x00, 0x2B, 0x18, 0xCD, 0x00, 0x2B, 0x18, 0xCD,
    0x00, 0x2B, 0x18, 0xCD, 0x00, 0x0C, 0x18, 0xCD, 0x00, 0x0D, 0x18, 0xCD, 0x00, 0x0C, 0x18, 0xCD,
    0x00, 0x0D, 0x18, 0xCD, 0x00, 0x0D, 0x18, 0xCD, 0x00, 0x0E, 0x18, 0xCD, 0x00, 0x0E, 0x18, 0xCD,
    0x08, 0x2A, 0x18, 0xCD, 0x08, 0x2A, 0x18, 0xCD, 0x00, 0x0C, 0x18, 0xCD, 0x00, 0x2B, 0x18, 0xCD,
    0x08, 0x2A, 0x18, 0xCD, 0x00, 0x2B, 0x18, 0xCD, 0x00, 0x0C, 0x18, 0xCD, 0x00, 0x0D, 0x18, 0xCD,
    0x00, 0x0C, 0x18, 0xCD, 0x08, 0x2A, 0x18, 0xCD, 0x00, 0x0D, 0x18, 0xCD, 0x00, 0x0C, 0x18, 0xCD,
    0x00, 0x0C, 0x18, 0xCD, 0x00, 0x2B, 0x18, 0xCD, 0x08, 0x2A, 0x18, 0xCD, 0x08, 0x2A, 0x18, 0xCD,
    0x08, 0x2A, 0x18, 0xCD, 0x00, 0x2B, 0x18, 0xCD, 0x08, 0x2A, 0x18, 0xCD, 0x08, 0x2A, 0x18, 0xCD,
    0x08, 0x2A, 0x18, 0xCD, 0x00, 0x0D, 0x18, 0xCD, 0x00, 0x2B, 0x18, 0xCD, 0x08, 0x2A, 0x18, 0xCD,
    0x08, 0x2A, 0x18, 0xCD, 0x00, 0x2B, 0x18, 0xCD, 0x00, 0x2B, 0x18, 0xCD, 0x00, 0x2B, 0x18, 0xCD,
    0x00, 0x0C, 0x18, 0xCD, 0x00, 0x0D, 0x18, 0xCD, 0x00, 0x0C, 0x18, 0xCD, 0x00, 0x0D, 0x18, 0xCD,
    0x00, 0x0D, 0x18, 0xCE, 0x7B, 0xFA, 0x84, 0x1A, 0x10, 0x70, 0x18, 0xCD, 0x08, 0x2A, 0x18, 0xCD,
    0x08, 0x2A, 0x18, 0xCD, 0x00, 0x0C, 0x18, 0xCD, 0x00, 0x2B, 0x18, 0xCD, 0x08, 0x2A, 0x18, 0xCD,
    0x00, 0x2B, 0x18, 0xCD, 0x00, 0x0C, 0x29, 0x30, 0x31, 0xB3, 0x29, 0x50, 0x00, 0x0C, 0x18, 0xCD,
    0x08, 0x2A, 0x18, 0xCD, 0x00, 0x0D, 0x18, 0xCD, 0x00, 0x0C, 0x18, 0xCD, 0x00, 0x0C, 0x18, 0xCE,
    0x21, 0x10, 0x41, 0xF2, 0x08, 0x4B, 0x18, 0xCD, 0x08, 0x2A, 0x18, 0xCD, 0x08, 0x2A, 0x18, 0xCD,
    0x00, 0x2B, 0x18, 0xCD, 0x08, 0x2A, 0x18, 0xCD, 0x08, 0x2A, 0x18, 0xCD, 0x08, 0x2A, 0x18, 0xCD,
    0x00, 0x0D, 0x18, 0xCD, 0x00, 0x2B, 0x18, 0xCD, 0x08, 0x2A, 0x18, 0xCD, 0x08, 0x2A, 0x18, 0xCD,
    0x00, 0x2B, 0x18, 0xCD, 0x00, 0x2B, 0x18, 0xCD, 0x00, 0x2B, 0x18, 0xCD, 0x00, 0x0C, 0x18, 0xCD,
    0x00, 0x0D, 0x18, 0xCD, 0x00, 0x0C, 0x18, 0xCD, 0x00, 0x0D, 0x18, 0xCD, 0x00, 0x0D, 0x18, 0xCD,
    0x00, 0x0E, 0x18, 0xCD, 0x00, 0x0E, 0x18, 0xCD, 0x08, 0x2A, 0x18, 0xCD, 0x08, 0x2A, 0x18, 0xCD,
    0x00, 0x0C, 0x18, 0xCD, 0x00, 0x2B, 0x18, 0xCD, 0x08, 0x2A, 0x18, 0xCD, 0x00, 0x2B, 0x18, 0xCD,
    0x00, 0x0C, 0x18, 0xCD, 0x00, 0x0D, 0x18, 0xCD, 0x00, 0x0C, 0x18, 0xCD, 0x08, 0x2A, 0x18, 0xCD,
    0x00, 0x0D, 0x18, 0xCD, 0x00, 0x0C, 0x18, 0xCD, 0x00, 0x0C, 0x18, 0xCD, 0x00, 0x2B, 0x18, 0xCD,
    0x08, 0x2A, 0x18, 0xCD, 0x08, 0x2A, 0x18, 0xCD, 0x08, 0x2A, 0x18, 0xCD, 0x00, 0x2B, 0x18, 0xCD,
    0x08, 0x2A, 0x18, 0xCD, 0x08, 0x2A, 0x18, 0xCD, 0x08, 0x2A, 0x18, 0xCD, 0x00, 0x0D, 0x18, 0xCD,
    0x00, 0x2B, 0x18, 0xCD, 0x08, 0x2A, 0x18, 0xCD, 0x08, 0x2A, 0x18, 0xCD, 0x00, 0x2B, 0x18, 0xCD,
    0x00, 0x2B, 0x18, 0xCD, 0x18, 0xEF, 0xA5, 0x1C, 0x10, 0x8E, 0x18, 0xCD, 0x00, 0x0D, 0x18, 0xCD,
    0x10, 0x6D, 0x41, 0xF2, 0x21, 0x10, 0x18, 0xCD, 0x00, 0x0D, 0x18, 0xCD, 0x00, 0x0E, 0x18, 0xCD,
    0x00, 0x0E, 0x18, 0xCD, 0x08, 0x2A, 0x18, 0xCD, 0x08, 0x2A, 0x18, 0xCD, 0x00, 0x0C, 0x18, 0xCD,
    0x00, 0x2B, 0x18, 0xCD, 0x08, 0x2A, 0x18, 0xCD, 0x00, 0x2B, 0x18, 0xCD, 0x00, 0x0C, 0x18, 0xCD,
    0x00, 0x0D, 0x18, 0xCD, 0x00, 0x0C, 0x18, 0xCD, 0x08, 0x2A, 0x18, 0xCD, 0x00, 0x0D, 0x18, 0xCD,
    0x00, 0x0C, 0x18, 0xCD, 0x00, 0x0C, 0x31, 0xB2, 0x42, 0x36, 0x29, 0x30, 0x08, 0x2A, 0x18, 0xCD,
    0x08, 0x2A, 0x18, 0xCD, 0x08, 0x2A, 0x18, 0xCD, 0x00, 0x2B, 0x18, 0xCD, 0x08, 0x2A, 0x18, 0xCD,
    0x08, 0x2A, 0x18, 0xCD, 0x08, 0x2A, 0x18, 0xCD, 0x00, 0x0D, 0x18, 0xCD, 0x00, 0x2B, 0x18, 0xCD,
    0x08, 0x2A, 0x18, 0xCD, 0x08, 0x2A, 0x18, 0xCD, 0x00, 0x2B, 0x18, 0xCD, 0x08, 0x4C, 0xA5, 0x1C,
    0x52, 0x93, 0x18, 0xCD, 0x00, 0x0C, 0x18, 0xCD, 0x00, 0x0D, 0x18, 0xCD, 0x00, 0x0C, 0x18, 0xCD,
    0x00, 0x0D, 0x18, 0xCD, 0x00, 0x0D, 0x29, 0x13, 0x00, 0x0E, 0x00, 0x00, 0x00, 0x0E, 0x00, 0x00,
    0x39, 0xBD, 0x08, 0x2A, 0x29, 0x13, 0x08, 0x2A, 0x00, 0x00, 0x00, 0x2B, 0x18, 0xCD, 0x08, 0x4B,
    0x29, 0x30, 0x31, 0x6F, 0xBD, 0xFC, 0x39, 0xF2, 0x29, 0x2F, 0x10, 0x8F, 0x18, 0xCD, 0x31, 0x91,
    0x63, 0x18, 0x29, 0x30, 0x21, 0x2F, 0x29, 0x6F, 0x31, 0xB1, 0x08, 0x4B, 0x18, 0xCD, 0x08, 0x2A,
    0x18, 0xCD, 0x08, 0x2A, 0x20, 0xEE, 0x20, 0xEF, 0x29, 0x70, 0x08, 0x4C, 0x18, 0xCD, 0x00, 0x0B,
    0x18, 0xCD, 0x08, 0x2A, 0x18, 0xCD, 0x00, 0x0D, 0x18, 0xCD, 0x00, 0x0E, 0x18, 0xCD, 0x00, 0x2E,
    0x21, 0x0F, 0x18, 0xCD, 0x31, 0x90, 0x08, 0x4B, 0x20, 0xEE, 0x29, 0x31, 0x29, 0x50, 0x08, 0x2B,
    0x21, 0x0F, 0x10, 0xAC, 0x31, 0xB0, 0x10, 0x6C, 0x20, 0xEE, 0x00, 0x2B, 0x18, 0xCD, 0x08, 0x2C,
    0x29, 0x50, 0x08, 0x6C, 0x20, 0xEF, 0x10, 0x8C, 0x20, 0xEE, 0x08, 0x2B, 0x20, 0xEE, 0x20, 0xEE,
    0x39, 0xB1, 0x08, 0x2C, 0x18, 0xCD, 0x00, 0x2A, 0x18, 0xCD, 0x08, 0x2B, 0x20, 0xEE, 0x20, 0xED,
    0x29, 0x70, 0x08, 0x4B, 0x18, 0xCD, 0x00, 0x2B, 0x18, 0xCD, 0x08, 0x2A, 0x18, 0xCD, 0x08, 0x2A,
    0x18, 0xCD, 0x00, 0x0C, 0x18, 0xCD, 0x00, 0x2D, 0x21, 0x0F, 0x10, 0x8C, 0x39, 0xB0, 0x10, 0x8C,
    0x20, 0xEE, 0x08, 0x2B, 0x18, 0xCD, 0x08, 0x2A, 0x29, 0x30, 0x10, 0x6C, 0x18, 0xCE, 0x18, 0xCD,
    0x29, 0x70, 0x10, 0x6E, 0x18, 0xCD, 0x00, 0x0B, 0x18, 0xCD, 0x08, 0x2C, 0x21, 0x0F, 0x29, 0x70,
    0x39, 0xD1, 0x10, 0x8F, 0x84, 0x39, 0x7B, 0xF9, 0x20, 0xEE, 0x00, 0x0E, 0x18, 0xCD, 0x08, 0x2A,
    0x18, 0xCD, 0x08, 0x2A, 0x18, 0xCD, 0x00, 0x0C, 0x20, 0xEE, 0x10, 0x8C, 0x31, 0xB0, 0x08, 0x4B,
    0x20, 0xEE, 0x21, 0x0E, 0x31, 0x91, 0x08, 0x6C, 0x31, 0x70, 0x10, 0x6D, 0x20, 0xEE, 0x18, 0xAE,
    0x20, 0xEE, 0x08, 0x2A, 0x18, 0xCD, 0x00, 0x2B, 0x21, 0x0E, 0x18, 0xCE, 0x20, 0xEE, 0x00, 0x0C,
    0x29, 0x50, 0x18, 0xCE, 0x18, 0xCE, 0x08, 0x2B, 0x29, 0x30, 0x10, 0x6B, 0x20, 0xEE, 0x18, 0xCD,
    0x29, 0x70, 0x08, 0x6C, 0x18, 0xCD, 0x08, 0x2A, 0x18, 0xCD, 0x08, 0x4A, 0x21, 0x0F, 0x21, 0x0F,
    0x21, 0x0F, 0x08, 0x4E, 0x29, 0x50, 0x29, 0x4F, 0x20, 0xEE, 0x00, 0x2A, 0x18, 0xCD, 0x08, 0x2A,
    0x18, 0xCD, 0x08, 0x2A, 0x20, 0xEE, 0x18, 0xAD, 0x21, 0x0F, 0x10, 0x8D, 0x21, 0x0F, 0x08, 0x2D,
    0x18, 0xCD, 0x10, 0x6D, 0x39, 0xD1, 0x18, 0xAE, 0x18, 0xCD, 0x08, 0x2A, 0x18, 0xCD, 0x00, 0x0D,
    0x20, 0xEE, 0x10, 0x6F, 0x39, 0xB0, 0x10, 0x8F, 0x18, 0xCE, 0x08, 0x2A, 0x18, 0xCD, 0x08, 0x2A,
    0x18, 0xCD, 0x00, 0x0C, 0x18, 0xCD, 0x08, 0x2A, 0x18, 0xCD, 0x08, 0x2A, 0x20, 0xEE, 0x18, 0xAD,
    0x39, 0xD1, 0x18, 0xCE, 0x21, 0x0E, 0x08, 0x2C, 0x18, 0xCD, 0x00, 0x2B, 0x18, 0xCD, 0x08, 0x4B,
    0x31, 0x90, 0x20, 0xEE, 0x21, 0x2F, 0x08, 0x2B, 0x18, 0xCD, 0x00, 0x0C, 0x20, 0xEE, 0x18, 0xAE,
    0x21, 0x0F, 0x10, 0x8E, 0x21, 0x0F, 0x08, 0x2A, 0x18, 0xCD, 0x10, 0x8C, 0x39, 0xD1, 0x18, 0xAD,
    0x18, 0xCD, 0x08, 0x2A, 0x18, 0xCD, 0x08, 0x2A, 0x20, 0xEE, 0x10, 0x6E, 0x39, 0xB0, 0x10, 0x8F,
    0x18, 0xCE, 0x08, 0x2A, 0x18, 0xCD, 0x00, 0x2A, 0x18, 0xCD, 0x08, 0x2A, 0x18, 0xCD, 0x08, 0x2A,
    0x21, 0x0F, 0x18, 0xAD, 0x52, 0x74, 0xAD, 0x7B, 0x31, 0xB1, 0x10, 0x8E, 0x21, 0x0F, 0x00, 0x0B,
    0x18, 0xCE, 0x18, 0xCE, 0x29, 0x2F, 0x08, 0x2B, 0x20, 0xEE, 0x18, 0xAF, 0x21, 0x0F, 0x21, 0x11,
    0x29, 0x2F, 0x08, 0x4E, 0x18, 0xCD, 0x08, 0x2A, 0x18, 0xCD, 0x08, 0x2A, 0x21, 0x0F, 0x10, 0x8F,
    0x39, 0xB0, 0x10, 0x8C, 0x20, 0xEE, 0x08, 0x2A, 0x18, 0xCD, 0x08, 0x2A, 0x18, 0xCD, 0x00, 0x2B,
    0x18, 0xCD, 0x00, 0x0C, 0x18, 0xCD, 0x08, 0x2B, 0x21, 0x0F, 0x18, 0xAD, 0x31, 0xB0, 0x10, 0x6C,
    0x20, 0xEE, 0x00, 0x2B, 0x18, 0xCD, 0x31, 0x72, 0x63, 0x18, 0x29, 0x50, 0x31, 0x91, 0x31, 0x90,
    0x31, 0x70, 0x08, 0x2A, 0x18, 0xCD, 0x08, 0x2A, 0x18, 0xCD, 0x08, 0x2B, 0x20, 0xEE, 0x20, 0xED,
    0x31, 0x70, 0x10, 0x8B, 0x18, 0xCD, 0x00, 0x0C, 0x18, 0xCD, 0x08, 0x2E, 0x29, 0x30, 0x08, 0x2A,
    0x18, 0xCD, 0x00, 0x2A, 0x18, 0xCE, 0x18, 0xAD, 0x20, 0xEE, 0x10, 0x8C, 0x31, 0x70, 0xAD, 0x7B,
    0x6B, 0x56, 0x18, 0xAC, 0x29, 0x50, 0x00, 0x2D, 0x18, 0xCD, 0x00, 0x0B, 0x18, 0xCD, 0x00, 0x0B,
    0x18, 0xCD, 0x08, 0x2A, 0x18, 0xCD, 0x00, 0x0D, 0x18, 0xAB, 0x00, 0x0E, 0x00, 0x00, 0x00, 0x0E,
    0x00, 0x0C, 0x29, 0x34, 0x08, 0x2A, 0x20, 0xEF, 0x00, 0x0C, 0x18, 0xCD, 0x00, 0x0C, 0x39, 0xF3,
    0x6B, 0x78, 0x8C, 0x7A, 0xBD, 0xFE, 0xA5, 0x3C, 0x94, 0xBC, 0x73, 0x97, 0x08, 0x2B, 0x39, 0xD2,
    0x73, 0x99, 0x52, 0xB5, 0x73, 0xB7, 0xB5, 0x9C, 0xAD, 0x7C, 0x7B, 0xD7, 0x18, 0xAD, 0x18, 0xCD,
    0x08, 0x4A, 0x29, 0x30, 0x29, 0x71, 0xAD, 0x5D, 0xA5, 0x3D, 0x8C, 0x5A, 0x39, 0xB2, 0x20, 0xEE,
    0x08, 0x2A, 0x18, 0xCD, 0x08, 0x2A, 0x18, 0xCD, 0x00, 0x2B, 0x18, 0xCD, 0x00, 0x0D, 0x21, 0x30,
    0x10, 0x70, 0x39, 0xD3, 0x94, 0xFA, 0x6B, 0x58, 0x7B, 0xFA, 0xA5, 0x1D, 0x52, 0x96, 0x31, 0x71,
    0x29, 0x51, 0x39, 0xD3, 0xAD, 0x5D, 0x9C, 0xFC, 0x5A, 0xB5, 0x20, 0xEE, 0x08, 0x2A, 0x29, 0x51,
    0x39, 0xF4, 0x31, 0x72, 0x31, 0x92, 0x31, 0xD3, 0x84, 0x18, 0x4A, 0x33, 0x6B, 0x76, 0xA5, 0x1D,
    0xA5, 0x3D, 0x6B, 0x58, 0x10, 0x8D, 0x18, 0xCD, 0x08, 0x2D, 0x29, 0x30, 0x29, 0x72, 0xAD, 0x5D,
    0xA5, 0x3D, 0x8C, 0x5A, 0x39, 0xB2, 0x20, 0xEE, 0x00, 0x0C, 0x18, 0xCD, 0x00, 0x2B, 0x18, 0xCD,
    0x08, 0x2A, 0x18, 0xCD, 0x00, 0x0E, 0x29, 0x50, 0x29, 0x31, 0x31, 0xB3, 0xAD, 0x7D, 0xA5, 0x1C,
    0x6B, 0x78, 0x29, 0x2F, 0x00, 0x2B, 0x21, 0x0F, 0x39, 0xD4, 0x29, 0x51, 0x21, 0x0F, 0x9C, 0xFC,
    0xAD, 0x5D, 0x94, 0x9B, 0x31, 0xB1, 0x18, 0xCE, 0x08, 0x2C, 0x39, 0xF2, 0x63, 0x37, 0x9C, 0xDA,
    0xB5, 0x9C, 0x8C, 0x79, 0x9C, 0xFA, 0x84, 0x3A, 0x08, 0x4E, 0x18, 0xCD, 0x00, 0x0E, 0x18, 0xCD,
    0x08, 0x2A, 0x18, 0xCD, 0x00, 0x2B, 0x21, 0x0F, 0x08, 0x70, 0x39, 0xD3, 0x9D, 0x1A, 0x73, 0x99,
    0x7B, 0xD9, 0x9C, 0xDC, 0x73, 0x98, 0x42, 0x13, 0x9C, 0xFB, 0x62, 0xF6, 0x29, 0x71, 0x42, 0x15,
    0x18, 0xAD, 0x18, 0xCD, 0x08, 0x2A, 0x18, 0xCE, 0x5A, 0xF5, 0x9C, 0xFC, 0x41, 0xF3, 0x21, 0x0F,
    0x63, 0x37, 0x94, 0x9A, 0x18, 0xAF, 0x21, 0x0F, 0x39, 0xD4, 0x29, 0x71, 0x21, 0x30, 0xA5, 0x1C,
    0xAD, 0x5D, 0x84, 0x3A, 0x29, 0x30, 0x18, 0xCE, 0x08, 0x2C, 0x18, 0xCF, 0x31, 0x92, 0x9D, 0x1A,
    0x73, 0x99, 0x7B, 0xFA, 0x94, 0x9B, 0x8C, 0x7C, 0x18, 0xCE, 0x18, 0xCD, 0x00, 0x0D, 0x18, 0xCD,
    0x00, 0x2B, 0x20, 0xEE, 0x29, 0x30, 0x42, 0x15, 0x29, 0x72, 0x39, 0xD4, 0x31, 0x93, 0x62, 0xF5,
    0x39, 0xB1, 0x8C, 0x5A, 0xA5, 0x5E, 0x94, 0xBC, 0x4A, 0x33, 0x18, 0xCE, 0x08, 0x2A, 0x21, 0x0F,
    0x21, 0x10, 0x31, 0xB3, 0xAD, 0x5D, 0x9C, 0xFC, 0x63, 0x17, 0x29, 0x50, 0x08, 0x2A, 0x18, 0xCD,
    0x00, 0x2B, 0x18, 0xCD, 0x00, 0x0D, 0x18, 0xCD, 0x08, 0x2A, 0x21, 0x0F, 0x29, 0x71, 0x31, 0xB3,
    0xB5, 0x9D, 0xAD, 0x7D, 0x8C, 0x7A, 0x4A, 0x74, 0x08, 0x2B, 0x20, 0xEE, 0x18, 0xAD, 0x31, 0x92,
    0xA5, 0x3C, 0xAD, 0x7D, 0x8C, 0x7B, 0x4A, 0x74, 0x08, 0x4C, 0x20, 0xEE, 0x29, 0x31, 0x42, 0x15,
    0x29, 0x72, 0x39, 0xD4, 0x31, 0x93, 0x62, 0xF5, 0x39, 0xB1, 0x8C, 0x5A, 0xA5, 0x5E, 0x94, 0xBC,
    0x4A, 0x34, 0x18, 0xCE, 0x00, 0x2B, 0x29, 0x2F, 0x21, 0x10, 0x31, 0xB3, 0xAD, 0x5D, 0x9C, 0xFC,
    0x63, 0x16, 0x29, 0x50, 0x08, 0x2A, 0x18, 0xCD, 0x00, 0x0D, 0x18, 0xCD, 0x00, 0x2B, 0x18, 0xCE,
    0x42, 0x34, 0x73, 0xB9, 0x94, 0x9A, 0xBD, 0xDE, 0x9C, 0xFB, 0x9C, 0xDC, 0x4A, 0x53, 0x18, 0xCE,
    0x18, 0xAE, 0x94, 0x9A, 0x73, 0x97, 0x20, 0xEE, 0x18, 0xEF, 0x29, 0x33, 0x29, 0x71, 0x94, 0xD9,
    0x7B, 0xFA, 0x84, 0x3A, 0x29, 0x52, 0x18, 0xCE, 0x08, 0x2A, 0x29, 0x50, 0x21, 0x31, 0x31, 0xD3,
    0xAD, 0x9D, 0xA5, 0x1C, 0x73, 0x77, 0x29, 0x2F, 0x08, 0x2A, 0x18, 0xCD, 0x08, 0x2A, 0x18, 0xCD,
    0x08, 0x2A, 0x18, 0xCD, 0x08, 0x2B, 0x31, 0x71, 0x29, 0x71, 0x39, 0xD3, 0xAD, 0x5D, 0x9C, 0xFC,
    0x5A, 0xB5, 0x20, 0xEE, 0x00, 0x0C, 0x39, 0xD2, 0x73, 0x99, 0x6B, 0x58, 0x94, 0x99, 0xBD, 0xDC,
    0x9C, 0xFB, 0x63, 0x15, 0x08, 0x4B, 0x18, 0xCD, 0x08, 0x2C, 0x29, 0x30, 0x29, 0x72, 0xAD, 0x5D,
    0xAD, 0x5D, 0x94, 0x9B, 0x41, 0xF1, 0x20, 0xEE, 0x08, 0x2E, 0x31, 0x92, 0x39, 0xD4, 0x20, 0xEE,
    0x08, 0x2A, 0x18, 0xCD, 0x29, 0x51, 0x94, 0x9B, 0x39, 0xD2, 0x6B, 0x78, 0x84, 0x39, 0xBD, 0xDE,
    0xAD, 0x5C, 0x9C, 0xDC, 0x84, 0x18, 0x29, 0x2F, 0x00, 0x2B, 0x18, 0xCD, 0x00, 0x0B, 0x18, 0xCD,
    0x08, 0x2A, 0x18, 0xCD, 0x08, 0x2A, 0x29, 0x33, 0x00, 0x2B, 0x00, 0x00, 0x00, 0x0D, 0x00, 0x00,
    0x41, 0xDE, 0x00, 0x0B, 0x29, 0x33, 0x00, 0x2B, 0x00, 0x00, 0x00, 0x0D, 0x18, 0xCE, 0x10, 0x8F,
    0x42, 0x13, 0x52, 0x94, 0xBD, 0xFC, 0x52, 0x94, 0x4A, 0x33, 0x21, 0x0F, 0x20, 0xEE, 0x29, 0x70,
    0x84, 0x3A, 0x94, 0xBA, 0x8C, 0x58, 0x4A, 0x75, 0x8C, 0x39, 0xBD, 0xFD, 0x63, 0x16, 0x08, 0x2B,
    0x31, 0x91, 0x5A, 0xF6, 0x73, 0x97, 0x4A, 0x51, 0x52, 0xB4, 0xA5, 0x3D, 0xA5, 0x1C, 0x31, 0x92,
    0x18, 0xCE, 0x08, 0x2A, 0x18, 0xCE, 0x08, 0x2A, 0x18, 0xCE, 0x08, 0x2A, 0x20, 0xEE, 0x31, 0x94,
    0x39, 0xF4, 0x29, 0x32, 0x6B, 0x57, 0xAD, 0x5D, 0x94, 0xBC, 0x39, 0xD4, 0x42, 0x34, 0x4A, 0x76,
    0x63, 0x16, 0x39, 0xF1, 0x4A, 0x53, 0x94, 0x99, 0xAD, 0x5D, 0x31, 0x91, 0x20, 0xEE, 0x29, 0x50,
    0x52, 0xD7, 0x52, 0x95, 0x41, 0xF2, 0x4A, 0x32, 0xB5, 0xBC, 0xA5, 0x1C, 0x94, 0x9B, 0x6B, 0x58,
    0x8C, 0x5B, 0xA5, 0x3E, 0x5A, 0xD6, 0x00, 0x2B, 0x31, 0x91, 0x5A, 0xF6, 0x73, 0x97, 0x4A, 0x53,
    0x52, 0xB4, 0xA5, 0x3D, 0xA5, 0x1C, 0x31, 0x92, 0x18, 0xCE, 0x00, 0x0D, 0x18, 0xCE, 0x00, 0x2B,
    0x18, 0xCE, 0x00, 0x0C, 0x29, 0x2F, 0x42, 0x14, 0x63, 0x37, 0x42, 0x32, 0x4A, 0x52, 0x73, 0xB8,
    0xB5, 0x9E, 0x52, 0x96, 0x20, 0xEE, 0x18, 0xCF, 0x5A, 0xD7, 0x63, 0x16, 0x6B, 0x77, 0x41, 0xF0,
    0x5A, 0xF5, 0x9C, 0xFC, 0x8C, 0x5A, 0x18, 0xCE, 0x29, 0x50, 0x73, 0x98, 0x8C, 0x99, 0x52, 0xB2,
    0x63, 0x16, 0xA5, 0x5C, 0xC6, 0x5E, 0x84, 0x19, 0x20, 0xEE, 0x00, 0x0E, 0x18, 0xCE, 0x00, 0x0D,
    0x18, 0xCE, 0x08, 0x2A, 0x20, 0xEE, 0x29, 0x32, 0x39, 0xF4, 0x29, 0x73, 0x63, 0x16, 0x94, 0xBB,
    0xA5, 0x3E, 0x4A, 0x53, 0x4A, 0x34, 0x39, 0xD2, 0xB5, 0xBD, 0x5A, 0xD3, 0x39, 0xF3, 0x5A, 0xD6,
    0x52, 0xB5, 0x08, 0x4B, 0x18, 0xCE, 0x18, 0xAC, 0x9C, 0xFC, 0x94, 0x9B, 0x39, 0xD2, 0x08, 0x4C,
    0x84, 0x19, 0xA5, 0x1C, 0x29, 0x4F, 0x18, 0xD0, 0x5A, 0xD7, 0x63, 0x37, 0x6B, 0x56, 0x42, 0x11,
    0x6B, 0x76, 0xAD, 0x5E, 0x8C, 0x5A, 0x10, 0x8F, 0x29, 0x51, 0x39, 0xD4, 0x31, 0xB3, 0x5A, 0xB5,
    0x84, 0x39, 0xAD, 0x7E, 0x6B, 0x57, 0x42, 0x13, 0x21, 0x0F, 0x00, 0x0D, 0x18, 0xCE, 0x00, 0x0E,
    0x18, 0xCE, 0x08, 0x2C, 0x4A, 0x35, 0x5A, 0xD7, 0x4A, 0x54, 0x29, 0x6F, 0x63, 0x36, 0xBD, 0xFC,
    0x9C, 0xDC, 0x73, 0x98, 0x73, 0xBA, 0x9C, 0xFD, 0x94, 0x9D, 0x20, 0xED, 0x21, 0x0F, 0x39, 0xF3,
    0x63, 0x57, 0x52, 0x93, 0x4A, 0x53, 0x7B, 0xD8, 0xBD, 0xDF, 0x63, 0x37, 0x21, 0x0F, 0x08, 0x2A,
    0x18, 0xCE, 0x00, 0x0D, 0x18, 0xCE, 0x00, 0x0E, 0x20, 0xEE, 0x31, 0x92, 0x6B, 0x58, 0x6B, 0x56,
    0x62, 0xF4, 0x52, 0x94, 0xA5, 0x3C, 0x8C, 0x5A, 0x29, 0x4F, 0x29, 0x30, 0x63, 0x16, 0x7B, 0xD7,
    0x5A, 0xF4, 0x4A, 0x52, 0x9C, 0xDC, 0xA5, 0x1C, 0x52, 0x95, 0x08, 0x2C, 0x4A, 0x35, 0x5A, 0xD7,
    0x4A, 0x54, 0x29, 0x72, 0x63, 0x36, 0xBD, 0xFC, 0x9C, 0xDC, 0x73, 0x97, 0x73, 0xBA, 0x9C, 0xFD,
    0x94, 0x9D, 0x18, 0xF1, 0x21, 0x0F, 0x39, 0xF3, 0x63, 0x57, 0x52, 0x94, 0x4A, 0x53, 0x7B, 0xD8,
    0xBD, 0xDF, 0x63, 0x36, 0x21, 0x0F, 0x00, 0x0D, 0x18, 0xCE, 0x00, 0x0E, 0x18, 0xCE, 0x00, 0x0C,
    0x31, 0x91, 0x31, 0x91, 0x73, 0x98, 0xAD, 0x9B, 0x52, 0x73, 0x39, 0xB0, 0x29, 0x50, 0x00, 0x2B,
    0x31, 0x70, 0xA5, 0x1C, 0x8C, 0x79, 0x08, 0x4A, 0x42, 0x15, 0x42, 0x36, 0x39, 0xD4, 0x42, 0x32,
    0x63, 0x36, 0xAD, 0x5D, 0x8C, 0x5B, 0x10, 0x8F, 0x29, 0x30, 0x42, 0x34, 0x63, 0x37, 0x4A, 0x54,
    0x52, 0x93, 0x73, 0x98, 0xAD, 0x5E, 0x4A, 0x73, 0x20, 0xEE, 0x00, 0x2B, 0x18, 0xCE, 0x00, 0x0C,
    0x18, 0xCE, 0x08, 0x2A, 0x29, 0x50, 0x4A, 0x95, 0x5A, 0xF6, 0x39, 0xD0, 0x4A, 0x53, 0x94, 0xBA,
    0xAD, 0x5D, 0x31, 0x90, 0x18, 0xCE, 0x29, 0x71, 0x84, 0x3A, 0x8C, 0x99, 0x63, 0x14, 0x52, 0x96,
    0xA5, 0x1C, 0xB5, 0x9C, 0x42, 0x12, 0x00, 0x2B, 0x31, 0x91, 0x5A, 0xF6, 0x7B, 0xF8, 0x4A, 0x74,
    0x5A, 0xB4, 0x94, 0xDC, 0xA5, 0x3D, 0x42, 0x14, 0x20, 0xEE, 0x42, 0x15, 0x63, 0x37, 0x10, 0x8C,
    0x18, 0xCE, 0x00, 0x0D, 0x42, 0x12, 0xA5, 0x3E, 0x4A, 0x54, 0x31, 0x71, 0x52, 0x74, 0xAD, 0x9B,
    0x7B, 0xD7, 0x39, 0xB0, 0x39, 0xD1, 0x08, 0x4B, 0x18, 0xCE, 0x00, 0x2B, 0x18, 0xCE, 0x00, 0x0C,
    0x18, 0xCE, 0x08, 0x2A, 0x18, 0xCE, 0x08, 0x2A, 0x18, 0xAB, 0x08, 0x2A, 0x00, 0x00, 0x00, 0x0E,
    0x00, 0x0D, 0x31, 0x55, 0x00, 0x0B, 0x20, 0xF0, 0x00, 0x2B, 0x20, 0xEE, 0x00, 0x0D, 0x20, 0xEE,
    0x00, 0x0D, 0x42, 0x12, 0xBD, 0xFC, 0x4A, 0x74, 0x08, 0x2D, 0x20, 0xEE, 0x00, 0x0B, 0x39, 0xD1,
    0x94, 0x9A, 0x7B, 0xD7, 0x10, 0x8F, 0x20, 0xEE, 0x18, 0xD2, 0x8C, 0x7C, 0x7B, 0xF9, 0x29, 0x2F,
    0x5A, 0xD6, 0x84, 0x3A, 0x6B, 0x57, 0x6B, 0x56, 0x63, 0x15, 0xB5, 0x9D, 0xC6, 0x3E, 0x6B, 0x57,
    0x08, 0x2B, 0x20, 0xEE, 0x08, 0x2A, 0x20, 0xEE, 0x08, 0x2A, 0x20, 0xEE, 0x18, 0xCE, 0x5A, 0xF7,
    0x63, 0x17, 0x39, 0xB2, 0x10, 0x8E, 0x94, 0xBB, 0xAD, 0x7D, 0x39, 0xD1, 0x10, 0x92, 0x41, 0xF3,
    0x31, 0x93, 0x42, 0x13, 0x52, 0x73, 0x84, 0x39, 0xC6, 0x1E, 0x63, 0x15, 0x08, 0x2C, 0x42, 0x14,
    0x6B, 0x58, 0x4A, 0x54, 0x08, 0x4D, 0x21, 0x0F, 0x6B, 0x56, 0xAD, 0x9C, 0x21, 0x0E, 0x20, 0xEE,
    0x21, 0x0F, 0x9C, 0xFD, 0x5A, 0xD5, 0x21, 0x0F, 0x5A, 0xD6, 0x84, 0x3A, 0x6B, 0x58, 0x6B, 0x56,
    0x63, 0x16, 0xB5, 0x9D, 0xC6, 0x3E, 0x6B, 0x57, 0x00, 0x2D, 0x20, 0xEE, 0x00, 0x0D, 0x20, 0xEE,
    0x00, 0x2B, 0x20, 0xEE, 0x08, 0x6E, 0x39, 0xF3, 0x31, 0x92, 0x41, 0xF3, 0x42, 0x32, 0x7B, 0xF9,
    0xBD, 0xFE, 0x84, 0x39, 0x08, 0x50, 0x31, 0x91, 0x6B, 0x58, 0x73, 0xB8, 0x31, 0x71, 0x20, 0xEE,
    0x08, 0x4A, 0x6B, 0x77, 0xA5, 0x1B, 0x31, 0x91, 0x31, 0xB2, 0x94, 0xBA, 0x5A, 0xD4, 0x20, 0xEE,
    0x08, 0x2A, 0x63, 0x17, 0xB5, 0x9E, 0x8C, 0x59, 0x08, 0x2C, 0x20, 0xEE, 0x00, 0x0D, 0x20, 0xEE,
    0x00, 0x0C, 0x20, 0xEE, 0x08, 0x4C, 0x52, 0x96, 0x6B, 0x58, 0x4A, 0x54, 0x08, 0x4F, 0x7B, 0xD8,
    0xBD, 0xFE, 0x52, 0xB4, 0x00, 0x2E, 0x42, 0x12, 0xBE, 0x1D, 0x63, 0x35, 0x10, 0x8D, 0x5A, 0xF7,
    0x84, 0x19, 0x4A, 0x74, 0x08, 0x2B, 0x63, 0x16, 0xB5, 0xDE, 0x5A, 0xF5, 0x08, 0x4C, 0x21, 0x0F,
    0x7B, 0xF7, 0xAD, 0x7B, 0x10, 0x8D, 0x31, 0x91, 0x6B, 0x58, 0x73, 0xB8, 0x21, 0x10, 0x20, 0xEE,
    0x08, 0x6D, 0x8C, 0x7A, 0xA5, 0x1C, 0x31, 0x91, 0x39, 0xD4, 0x6B, 0x78, 0x52, 0xB5, 0x21, 0x0F,
    0x4A, 0x54, 0xB5, 0xDE, 0x73, 0x77, 0x20, 0xEE, 0x00, 0x2B, 0x20, 0xEE, 0x00, 0x0E, 0x20, 0xEE,
    0x00, 0x0F, 0x20, 0xEE, 0x42, 0x36, 0x6B, 0x58, 0x18, 0xEE, 0x20, 0xEE, 0x21, 0x0E, 0xAD, 0x7C,
    0x6B, 0x76, 0x21, 0x0E, 0x08, 0x4E, 0x6B, 0x77, 0x9C, 0xDC, 0x31, 0x70, 0x29, 0x4F, 0x6B, 0x78,
    0x7B, 0xD8, 0x63, 0x37, 0x5A, 0xF5, 0x8C, 0x5A, 0xC6, 0x3E, 0xA5, 0x5C, 0x20, 0xEF, 0x20, 0xEE,
    0x00, 0x2B, 0x20, 0xEE, 0x00, 0x10, 0x20, 0xEE, 0x00, 0x2E, 0x52, 0x75, 0x84, 0x3A, 0x73, 0xB8,
    0x39, 0xD4, 0x31, 0x70, 0x31, 0x91, 0x42, 0x13, 0x10, 0x8D, 0x62, 0xF7, 0x84, 0x3A, 0x5A, 0xD6,
    0x08, 0x2B, 0x21, 0x0E, 0x42, 0x32, 0xBD, 0xFE, 0x7B, 0xD9, 0x21, 0x0F, 0x4A, 0x35, 0x6B, 0x58,
    0x18, 0xEF, 0x20, 0xEE, 0x21, 0x10, 0xAD, 0x7C, 0x6B, 0x76, 0x20, 0xEE, 0x08, 0x4C, 0x6B, 0x77,
    0x9C, 0xDD, 0x31, 0x70, 0x29, 0x32, 0x6B, 0x78, 0x7B, 0xD9, 0x63, 0x37, 0x5A, 0xF5, 0x8C, 0x5A,
    0xC6, 0x3E, 0xA5, 0x5C, 0x20, 0xEF, 0x20, 0xEE, 0x00, 0x0E, 0x20, 0xEE, 0x00, 0x0F, 0x20, 0xEE,
    0x00, 0x0D, 0x20, 0xEE, 0x52, 0xB3, 0xB5, 0x9B, 0x20, 0xEE, 0x20, 0xEE, 0x08, 0x2A, 0x20, 0xEE,
    0x10, 0xAE, 0xAD, 0x7B, 0x84, 0x38, 0x21, 0x0E, 0x42, 0x34, 0x6B, 0x79, 0x31, 0xB0, 0x20, 0xEE,
    0x08, 0x4C, 0x73, 0xB8, 0xB5, 0xBE, 0x4A, 0x33, 0x10, 0xAE, 0x63, 0x37, 0x7B, 0xF9, 0x5A, 0xD6,
    0x21, 0x13, 0x39, 0xB1, 0x31, 0x93, 0x31, 0xB1, 0x08, 0x2B, 0x20, 0xEE, 0x00, 0x0E, 0x20, 0xEE,
    0x00, 0x0B, 0x20, 0xEE, 0x10, 0xAD, 0x42, 0x13, 0x31, 0x92, 0x42, 0x13, 0x52, 0x73, 0x8C, 0x7A,
    0xC6, 0x3E, 0x63, 0x15, 0x08, 0x2B, 0x39, 0xD1, 0x8C, 0x9A, 0x63, 0x15, 0x08, 0x2C, 0x20, 0xEE,
    0x52, 0x96, 0xAD, 0x7E, 0x73, 0x97, 0x29, 0x2F, 0x5A, 0xD6, 0x84, 0x3A, 0x4A, 0x75, 0x20, 0xEE,
    0x08, 0x2E, 0x52, 0xB4, 0xBD, 0xDE, 0x84, 0x1A, 0x08, 0x4D, 0x52, 0xB6, 0x73, 0xB9, 0x31, 0x70,
    0x00, 0x2B, 0x20, 0xEE, 0x39, 0xB3, 0xAD, 0x7D, 0x31, 0x73, 0x20, 0xEE, 0x10, 0x8F, 0xB5, 0x9B,
    0x63, 0x16, 0x20, 0xEE, 0x08, 0x2A, 0x20, 0xEE, 0x08, 0x2A, 0x20, 0xEE, 0x00, 0x0D, 0x20, 0xEE,
    0x00, 0x2B, 0x20, 0xEE, 0x08, 0x2A, 0x29, 0x54, 0x08, 0x2A, 0x00, 0x00, 0x00, 0x2B, 0x00, 0x00,
    0x41, 0xFF, 0x00, 0x0C, 0x29, 0x54, 0x00, 0x0B, 0x00, 0x00, 0x00, 0x2B, 0x20, 0xEE, 0x00, 0x0D,
    0x20, 0xEE, 0x31, 0x6F, 0xBD, 0xFC, 0x31, 0x6F, 0x20, 0xEE, 0x00, 0x0C, 0x20, 0xEE, 0x21, 0x2F,
    0x94, 0xDA, 0x31, 0x91, 0x20, 0xEE, 0x00, 0x0F, 0x21, 0x0F, 0x84, 0x1A, 0x8C, 0x59, 0x18, 0xD0,
    0x7B, 0xD9, 0x94, 0x9A, 0x84, 0x38, 0x84, 0x37, 0x8C, 0x79, 0x84, 0x17, 0x8C, 0x5A, 0x5A, 0xD6,
    0x21, 0x0F, 0x00, 0x2B, 0x20, 0xEE, 0x08, 0x2A, 0x20, 0xEE, 0x08, 0x2A, 0x21, 0x0F, 0x52, 0x95,
    0x84, 0x3A, 0x6B, 0x56, 0x73, 0x96, 0xBD, 0xDD, 0x9C, 0xFA, 0x10, 0x8E, 0x29, 0x2F, 0x42, 0x16,
    0x7B, 0xD9, 0x9C, 0xFA, 0xAD, 0x5B, 0x8C, 0x79, 0xBD, 0xFD, 0x5A, 0xD6, 0x20, 0xEE, 0x29, 0x51,
    0x73, 0xB9, 0x31, 0x72, 0x20, 0xEE, 0x00, 0x2E, 0x6B, 0x56, 0xAD, 0x5B, 0x31, 0x70, 0x00, 0x0C,
    0x31, 0x91, 0xA5, 0x1B, 0x63, 0x15, 0x18, 0xAD, 0x7B, 0xD9, 0x94, 0x9A, 0x84, 0x38, 0x84, 0x38,
    0x8C, 0x79, 0x84, 0x18, 0x8C, 0x5A, 0x5A, 0xD5, 0x21, 0x0F, 0x00, 0x0D, 0x20, 0xEE, 0x00, 0x2B,
    0x20, 0xEE, 0x00, 0x2B, 0x21, 0x0F, 0x31, 0xB2, 0x73, 0xB8, 0x9C, 0xDA, 0xAD, 0x7B, 0x94, 0xBA,
    0xBE, 0x1D, 0x84, 0x1A, 0x21, 0x0F, 0x18, 0xB1, 0x7B, 0xD9, 0x52, 0xB6, 0x20, 0xEE, 0x08, 0x2A,
    0x20, 0xEE, 0x52, 0xB3, 0xA5, 0x3C, 0x18, 0xCE, 0x63, 0x15, 0xA5, 0x3B, 0x5A, 0xD4, 0x00, 0x2B,
    0x20, 0xEE, 0x29, 0x2E, 0xAD, 0x7C, 0x84, 0x18, 0x21, 0x0F, 0x00, 0x0C, 0x20, 0xEE, 0x00, 0x0D,
    0x20, 0xEE, 0x00, 0x2B, 0x20, 0xEE, 0x39, 0xF3, 0x84, 0x3A, 0x7B, 0xF9, 0x6B, 0x35, 0xAD, 0x5C,
    0xB5, 0xBD, 0x29, 0x50, 0x20, 0xEE, 0x29, 0x72, 0xC6, 0x3D, 0x5A, 0xB3, 0x20, 0xEE, 0x31, 0x93,
    0x94, 0x9B, 0x73, 0x97, 0x29, 0x50, 0x8C, 0x99, 0xA5, 0x1B, 0x18, 0xCF, 0x20, 0xEE, 0x08, 0x2C,
    0x8C, 0x58, 0xAD, 0x7A, 0x29, 0x4F, 0x18, 0xAF, 0x7B, 0xD9, 0x52, 0xB5, 0x20, 0xEE, 0x00, 0x0B,
    0x21, 0x0F, 0x84, 0x18, 0xA5, 0x3C, 0x18, 0xD0, 0x39, 0xD2, 0x7B, 0xFA, 0x8C, 0x99, 0x4A, 0x73,
    0x9C, 0xDA, 0xC6, 0x3E, 0x5A, 0xD5, 0x00, 0x2B, 0x20, 0xEE, 0x00, 0x0C, 0x20, 0xEE, 0x00, 0x0F,
    0x20, 0xEE, 0x00, 0x2F, 0x4A, 0x75, 0x6B, 0x79, 0x31, 0x71, 0x08, 0x2A, 0x29, 0x50, 0xA5, 0x5B,
    0x63, 0x35, 0x08, 0x2B, 0x20, 0xEE, 0x62, 0xF7, 0xA5, 0x3C, 0x10, 0xAD, 0x4A, 0x54, 0x84, 0x59,
    0x8C, 0x5A, 0x7B, 0xD6, 0x8C, 0x79, 0x84, 0x38, 0x8C, 0x59, 0x7B, 0xD9, 0x39, 0xD1, 0x00, 0x2B,
    0x20, 0xEE, 0x00, 0x0D, 0x20, 0xEE, 0x00, 0x10, 0x20, 0xEE, 0x18, 0xCF, 0x73, 0x98, 0x94, 0xBB,
    0xAD, 0x7B, 0x94, 0xDB, 0x84, 0x39, 0x31, 0xB0, 0x31, 0x71, 0x73, 0xB9, 0x8C, 0x5A, 0x18, 0xD0,
    0x20, 0xEE, 0x00, 0x2B, 0x31, 0x90, 0xA5, 0x3C, 0x9C, 0xFC, 0x20, 0xEF, 0x4A, 0x75, 0x6B, 0x78,
    0x31, 0x71, 0x00, 0x0C, 0x29, 0x50, 0xA5, 0x5B, 0x63, 0x35, 0x08, 0x2C, 0x20, 0xEE, 0x63, 0x16,
    0xA5, 0x3C, 0x10, 0x8F, 0x4A, 0x54, 0x84, 0x3A, 0x84, 0x19, 0x7B, 0xD7, 0x8C, 0x79, 0x84, 0x39,
    0x8C, 0x59, 0x7B, 0xD8, 0x39, 0xD1, 0x00, 0x0C, 0x20, 0xEE, 0x00, 0x0F, 0x20, 0xEE, 0x00, 0x0F,
    0x20, 0xEE, 0x00, 0x2D, 0x63, 0x35, 0xAD, 0x7A, 0x29, 0x4F, 0x08, 0x2A, 0x20, 0xEE, 0x00, 0x2A,
    0x29, 0x50, 0xAD, 0x7B, 0x8C, 0x78, 0x08, 0x4C, 0x52, 0x75, 0x7B, 0xD9, 0x31, 0x71, 0x08, 0x2A,
    0x20, 0xEE, 0x5A, 0xD5, 0xC6, 0x3E, 0x5A, 0xB6, 0x21, 0x0F, 0x31, 0xB1, 0x84, 0x19, 0x9C, 0xFA,
    0xA5, 0x5B, 0x8C, 0x5A, 0x6B, 0x56, 0x18, 0xCF, 0x20, 0xEE, 0x00, 0x0B, 0x20, 0xEE, 0x00, 0x0E,
    0x20, 0xEE, 0x00, 0x2B, 0x29, 0x2F, 0x42, 0x34, 0x7B, 0xD9, 0x9C, 0xFA, 0xAD, 0x5B, 0x94, 0xBA,
    0xC6, 0x5E, 0x5A, 0xD5, 0x20, 0xEE, 0x21, 0x2F, 0x94, 0xDA, 0x29, 0x6F, 0x20, 0xEE, 0x00, 0x0C,
    0x39, 0xD2, 0xAD, 0x5C, 0x9C, 0xDB, 0x21, 0x10, 0x7B, 0xD9, 0x84, 0x3A, 0x31, 0x90, 0x00, 0x0D,
    0x20, 0xEE, 0x18, 0xCD, 0xAD, 0x5C, 0x9C, 0xDB, 0x31, 0x91, 0x4A, 0x55, 0x84, 0x5A, 0x18, 0xCE,
    0x20, 0xEE, 0x00, 0x0C, 0x4A, 0x33, 0xB5, 0xBD, 0x4A, 0x33, 0x00, 0x0F, 0x29, 0x50, 0xAD, 0x7B,
    0x63, 0x35, 0x08, 0x2B, 0x20, 0xEE, 0x08, 0x2A, 0x20, 0xEE, 0x00, 0x2A, 0x20, 0xEE, 0x00, 0x0D,
    0x20, 0xEE, 0x00, 0x2B, 0x20, 0xEE, 0x08, 0x2A, 0x18, 0xCC, 0x08, 0x2A, 0x00, 0x00, 0x00, 0x0C,
    0x00, 0x0C, 0x31, 0x75, 0x00, 0x0C, 0x21, 0x10, 0x00, 0x2B, 0x20, 0xEE, 0x00, 0x2B, 0x20, 0xEE,
    0x00, 0x0C, 0x42, 0x12, 0xBD, 0xFC, 0x42, 0x32, 0x00, 0x2B, 0x20, 0xEE, 0x00, 0x0C, 0x39, 0xD1,
    0x9C, 0xFA, 0x42, 0x12, 0x00, 0x0D, 0x20, 0xEE, 0x08, 0x2F, 0x8C, 0x79, 0x84, 0x19, 0x31, 0x71,
    0x73, 0xD8, 0x9C, 0xFA, 0x29, 0x4F, 0x29, 0x71, 0x10, 0x8C, 0x39, 0xF2, 0x5A, 0xF6, 0x4A, 0x53,
    0x00, 0x2D, 0x20, 0xEE, 0x00, 0x2B, 0x20, 0xEE, 0x08, 0x2A, 0x20, 0xEE, 0x10, 0x8D, 0x6B, 0x57,
    0x8C, 0x79, 0x94, 0xB9, 0x9D, 0x1C, 0x94, 0x9B, 0x39, 0xF1, 0x20, 0xEE, 0x39, 0xD3, 0x8C, 0x9B,
    0x7C, 0x18, 0x4A, 0x73, 0x29, 0x2F, 0x41, 0xF3, 0xA5, 0x3C, 0x6B, 0x57, 0x00, 0x2C, 0x41, 0xF3,
    0x7B, 0xFA, 0x39, 0xD2, 0x00, 0x0F, 0x21, 0x0F, 0x62, 0xF5, 0xAD, 0x5C, 0x18, 0xCE, 0x20, 0xEE,
    0x10, 0x8E, 0xA5, 0x3C, 0x63, 0x17, 0x29, 0x50, 0x73, 0xD8, 0x9C, 0xFA, 0x29, 0x30, 0x29, 0x71,
    0x10, 0x8F, 0x39, 0xF2, 0x5A, 0xF6, 0x4A, 0x53, 0x08, 0x2B, 0x20, 0xEE, 0x00, 0x0C, 0x20, 0xEE,
    0x08, 0x2A, 0x20, 0xEE, 0x29, 0x50, 0x84, 0x3A, 0x8C, 0x79, 0x5A, 0xD4, 0x29, 0x50, 0x41, 0xF3,
    0xA5, 0x3C, 0x8C, 0x5A, 0x08, 0x2F, 0x31, 0x71, 0x84, 0x1A, 0x5A, 0xD4, 0x00, 0x0C, 0x20, 0xEE,
    0x08, 0x2B, 0x6B, 0x36, 0xA5, 0x1C, 0x31, 0x70, 0x42, 0x32, 0xAD, 0x7B, 0x52, 0x94, 0x21, 0x0E,
    0x00, 0x2B, 0x4A, 0x53, 0xBD, 0xDD, 0x8C, 0x79, 0x10, 0x6D, 0x20, 0xEE, 0x00, 0x0B, 0x20, 0xEE,
    0x00, 0x2B, 0x20, 0xEE, 0x08, 0x4B, 0x5A, 0xB5, 0x8C, 0x99, 0x94, 0xB9, 0x9D, 0x1C, 0x9C, 0xDB,
    0x52, 0xB3, 0x21, 0x0F, 0x00, 0x0C, 0x42, 0x12, 0xC6, 0x3D, 0x63, 0x35, 0x08, 0x2C, 0x29, 0x50,
    0x73, 0xB8, 0xB5, 0x9B, 0x63, 0x16, 0xB5, 0x9D, 0x63, 0x15, 0x21, 0x0F, 0x00, 0x0C, 0x21, 0x0F,
    0x84, 0x37, 0xB5, 0x9B, 0x10, 0x8D, 0x31, 0x71, 0x84, 0x1A, 0x5A, 0xD4, 0x00, 0x0D, 0x20, 0xEE,
    0x08, 0x4C, 0x8C, 0x79, 0xA5, 0x1C, 0x31, 0x70, 0x31, 0xB2, 0x8C, 0x79, 0x94, 0x98, 0x9D, 0x1C,
    0x9C, 0xDB, 0x7B, 0xD7, 0x10, 0x8E, 0x20, 0xEE, 0x00, 0x2B, 0x20, 0xEE, 0x00, 0x0D, 0x20, 0xEE,
    0x00, 0x0E, 0x20, 0xEE, 0x42, 0x35, 0x7B, 0xD9, 0x10, 0x8D, 0x20, 0xEE, 0x18, 0xEE, 0xA5, 0x3C,
    0x5A, 0xD3, 0x20, 0xEE, 0x08, 0x2C, 0x63, 0x36, 0xA5, 0x1C, 0x39, 0xB2, 0x31, 0x91, 0x8C, 0x7A,
    0x73, 0x96, 0x29, 0x2F, 0x10, 0xAE, 0x31, 0x71, 0x4A, 0x53, 0x6B, 0x37, 0x18, 0xCE, 0x20, 0xEE,
    0x08, 0x2A, 0x20, 0xEE, 0x00, 0x0D, 0x20, 0xEE, 0x00, 0x2E, 0x39, 0xD2, 0x39, 0xD1, 0x39, 0xB1,
    0x29, 0x70, 0x73, 0xB8, 0xAD, 0x5D, 0xAD, 0x7C, 0x31, 0x92, 0x7B, 0xF9, 0x9C, 0xDA, 0x39, 0xD1,
    0x08, 0x2C, 0x20, 0xEE, 0x39, 0xB1, 0xB5, 0xBD, 0x8C, 0x7A, 0x29, 0x2F, 0x42, 0x34, 0x7B, 0xD9,
    0x10, 0x8D, 0x20, 0xEE, 0x18, 0xEF, 0xA5, 0x3C, 0x5A, 0xD5, 0x20, 0xEE, 0x08, 0x2B, 0x63, 0x36,
    0xA5, 0x1B, 0x39, 0xB2, 0x31, 0x92, 0x8C, 0x7A, 0x63, 0x35, 0x29, 0x2F, 0x10, 0xAE, 0x31, 0x71,
    0x4A, 0x53, 0x6B, 0x37, 0x18, 0xCD, 0x20, 0xEE, 0x00, 0x0D, 0x20, 0xEE, 0x00, 0x0E, 0x20, 0xEE,
    0x00, 0x0D, 0x20, 0xEE, 0x52, 0xB3, 0xB5, 0x9B, 0x10, 0xAD, 0x20, 0xEE, 0x08, 0x2A, 0x20, 0xEE,
    0x10, 0x8D, 0xB5, 0x9B, 0x84, 0x38, 0x21, 0x0F, 0x4A, 0x54, 0x8C, 0x7A, 0x21, 0x0D, 0x20, 0xEE,
    0x08, 0x4C, 0x6B, 0x77, 0xBD, 0xFE, 0x5A, 0xB5, 0x10, 0x8D, 0x42, 0x33, 0x29, 0x4F, 0x31, 0xB1,
    0x4A, 0x54, 0x94, 0x9A, 0xC6, 0x3E, 0x7B, 0xF8, 0x08, 0x4B, 0x20, 0xEE, 0x00, 0x0C, 0x20, 0xEE,
    0x00, 0x0C, 0x20, 0xEE, 0x42, 0x13, 0x8C, 0x9B, 0x73, 0xB8, 0x4A, 0x73, 0x29, 0x30, 0x52, 0x95,
    0xBD, 0xFD, 0x6B, 0x57, 0x00, 0x2D, 0x39, 0xD1, 0x9C, 0xFA, 0x52, 0x73, 0x08, 0x2B, 0x20, 0xEE,
    0x31, 0x71, 0xB5, 0xBD, 0x84, 0x18, 0x31, 0x91, 0x73, 0xD8, 0x9C, 0xFA, 0x29, 0x2F, 0x20, 0xEE,
    0x00, 0x0C, 0x4A, 0x53, 0xB5, 0xBD, 0x94, 0xBA, 0x08, 0x6C, 0x5A, 0xD6, 0x8C, 0x7A, 0x29, 0x50,
    0x00, 0x2B, 0x29, 0x30, 0x63, 0x16, 0xBD, 0xDD, 0x31, 0xB3, 0x20, 0xEE, 0x10, 0x8F, 0xB5, 0x9B,
    0x5A, 0xD4, 0x20, 0xEE, 0x00, 0x2B, 0x20, 0xEE, 0x08, 0x2A, 0x20, 0xEE, 0x00, 0x0C, 0x20, 0xEE,
    0x00, 0x0D, 0x20, 0xEE, 0x00, 0x2B, 0x31, 0x55, 0x08, 0x2A, 0x00, 0x00, 0x00, 0x2B, 0x00, 0x00,
    0x4A, 0x1F, 0x00, 0x0D, 0x31, 0x54, 0x00, 0x0C, 0x00, 0x00, 0x00, 0x2A, 0x20, 0xEE, 0x00, 0x0C,
    0x20, 0xEE, 0x31, 0x90, 0xBE, 0x1D, 0x5A, 0xF4, 0x39, 0xB1, 0x39, 0xF2, 0x31, 0x90, 0x31, 0x91,
    0x9C, 0xFC, 0x31, 0x6F, 0x20, 0xEE, 0x00, 0x0C, 0x29, 0x30, 0x84, 0x1B, 0x8C, 0x5B, 0x10, 0x6E,
    0x5A, 0xD4, 0xAD, 0x9B, 0x7B, 0xF7, 0x29, 0x4F, 0x42, 0x13, 0x7B, 0xFA, 0xBD, 0xFD, 0x39, 0xF2,
    0x21, 0x0F, 0x00, 0x0C, 0x20, 0xEE, 0x08, 0x2A, 0x20, 0xEE, 0x00, 0x2B, 0x31, 0x91, 0x84, 0x59,
    0x8C, 0x79, 0x5A, 0xF4, 0x63, 0x15, 0x4A, 0x54, 0x52, 0x96, 0x10, 0x8C, 0x52, 0x94, 0xA5, 0x3B,
    0x73, 0xB7, 0x18, 0xCD, 0x52, 0x93, 0x8C, 0x5A, 0xAD, 0x9E, 0x5A, 0xD4, 0x21, 0x0F, 0x29, 0x2F,
    0x8C, 0x59, 0x29, 0x30, 0x20, 0xEE, 0x00, 0x0D, 0x6B, 0x78, 0x94, 0xBD, 0x31, 0x70, 0x00, 0x0C,
    0x31, 0x70, 0x9D, 0x1C, 0x6B, 0x78, 0x08, 0x2D, 0x5A, 0xD4, 0xAD, 0x9B, 0x7B, 0xF7, 0x29, 0x30,
    0x42, 0x13, 0x7B, 0xFB, 0xBD, 0xFD, 0x41, 0xF1, 0x21, 0x0F, 0x00, 0x0C, 0x20, 0xEE, 0x00, 0x2B,
    0x20, 0xEE, 0x08, 0x2A, 0x4A, 0x73, 0x9D, 0x1B, 0x84, 0x18, 0x18, 0xCD, 0x4A, 0x32, 0x84, 0x19,
    0xAD, 0x9E, 0x84, 0x19, 0x21, 0x0F, 0x10, 0x8E, 0x8C, 0x79, 0x4A, 0x73, 0x20, 0xEF, 0x00, 0x0B,
    0x21, 0x0F, 0x63, 0x38, 0xAD, 0x5C, 0x18, 0xAC, 0x39, 0xD2, 0x94, 0xBA, 0x9C, 0xDA, 0x39, 0xF2,
    0x42, 0x12, 0x84, 0x3A, 0xBD, 0xFE, 0x84, 0x1A, 0x29, 0x30, 0x00, 0x0C, 0x20, 0xEE, 0x00, 0x2B,
    0x20, 0xEE, 0x08, 0x2A, 0x29, 0x2F, 0x73, 0x97, 0x9C, 0xFA, 0x63, 0x15, 0x6B, 0x55, 0x52, 0x75,
    0x5A, 0xB6, 0x18, 0xCC, 0x21, 0x0F, 0x39, 0xD1, 0xB5, 0xDD, 0x5A, 0xD4, 0x21, 0x0F, 0x08, 0x2C,
    0x4A, 0x53, 0xBD, 0xFC, 0xBD, 0xFC, 0x9C, 0xFC, 0x4A, 0x55, 0x00, 0x0C, 0x20, 0xEE, 0x08, 0x4E,
    0x8C, 0x7A, 0xA5, 0x1C, 0x31, 0x70, 0x10, 0x8D, 0x8C, 0x79, 0x4A, 0x74, 0x20, 0xEF, 0x00, 0x0C,
    0x29, 0x30, 0x84, 0x1B, 0xAD, 0x5C, 0x18, 0xAE, 0x63, 0x16, 0xA5, 0x3B, 0x7B, 0xD7, 0x63, 0x13,
    0x63, 0x17, 0x4A, 0x75, 0x39, 0xB1, 0x08, 0x2B, 0x20, 0xEE, 0x00, 0x2A, 0x20, 0xEE, 0x00, 0x0C,
    0x20, 0xEE, 0x08, 0x2D, 0x52, 0x94, 0x7B, 0xF8, 0x29, 0x50, 0x00, 0x0B, 0x29, 0x50, 0x9C, 0xFC,
    0x73, 0x99, 0x08, 0x2A, 0x21, 0x0F, 0x5A, 0xB5, 0xA5, 0x3C, 0x21, 0x10, 0x29, 0x2F, 0x73, 0x96,
    0x9D, 0x1A, 0x42, 0x11, 0x39, 0xB1, 0x4A, 0x75, 0x9D, 0x1E, 0x9D, 0x1B, 0x31, 0x70, 0x08, 0x2A,
    0x20, 0xEE, 0x08, 0x2A, 0x20, 0xEE, 0x00, 0x0D, 0x21, 0x0F, 0x4A, 0x73, 0xA5, 0x5B, 0x52, 0xB2,
    0x31, 0x70, 0x18, 0xAD, 0x8C, 0x5B, 0xA5, 0x5E, 0x4A, 0x33, 0x4A, 0x53, 0xAD, 0x9B, 0x73, 0x97,
    0x41, 0xF1, 0x31, 0x90, 0x8C, 0x5C, 0xBD, 0xFE, 0x63, 0x36, 0x08, 0x2D, 0x52, 0x94, 0x7B, 0xF8,
    0x29, 0x50, 0x00, 0x0C, 0x29, 0x50, 0x9C, 0xFC, 0x73, 0x99, 0x00, 0x2C, 0x21, 0x0F, 0x5A, 0xD4,
    0xA5, 0x3C, 0x21, 0x10, 0x29, 0x2F, 0x73, 0x96, 0x9D, 0x1A, 0x42, 0x10, 0x39, 0xB1, 0x4A, 0x74,
    0x9D, 0x1E, 0x9D, 0x1B, 0x31, 0x70, 0x00, 0x2A, 0x20, 0xEE, 0x00, 0x0C, 0x20, 0xEE, 0x00, 0x0C,
    0x20, 0xEE, 0x00, 0x0C, 0x63, 0x35, 0xBD, 0xDC, 0x52, 0xB4, 0x21, 0x2F, 0x52, 0x94, 0x18, 0xCD,
    0x31, 0x91, 0xA5, 0x1C, 0x8C, 0x79, 0x08, 0x4D, 0x52, 0xB4, 0xA5, 0x5B, 0x7B, 0xD7, 0x29, 0x2F,
    0x41, 0xF2, 0x94, 0xBB, 0x9C, 0xFD, 0x21, 0x0E, 0x31, 0x90, 0x84, 0x38, 0x8C, 0x79, 0x21, 0x2D,
    0x29, 0x70, 0x4A, 0x56, 0xA5, 0x3E, 0x94, 0x9A, 0x29, 0x2F, 0x08, 0x2A, 0x20, 0xEE, 0x00, 0x2B,
    0x20, 0xEE, 0x08, 0x4C, 0x63, 0x36, 0x9D, 0x1B, 0x63, 0x35, 0x18, 0xD0, 0x52, 0xB3, 0x94, 0x9B,
    0xAD, 0x9E, 0x5A, 0xD5, 0x21, 0x0F, 0x31, 0x92, 0xA5, 0x3C, 0x8C, 0x79, 0x4A, 0x53, 0x29, 0x2F,
    0x8C, 0x5A, 0xAD, 0x7E, 0x5A, 0xD6, 0x08, 0x2D, 0x5A, 0xD4, 0xAD, 0x9B, 0x7B, 0xF7, 0x29, 0x2F,
    0x4A, 0x33, 0x84, 0x1B, 0xBE, 0x1E, 0x5A, 0xB3, 0x21, 0x0F, 0x4A, 0x53, 0x9D, 0x1B, 0x31, 0xB0,
    0x31, 0x70, 0x42, 0x31, 0xA5, 0x3D, 0xAD, 0x5E, 0x4A, 0x33, 0x00, 0x0C, 0x29, 0x70, 0xAD, 0x5B,
    0x8C, 0x59, 0x20, 0xEF, 0x4A, 0x53, 0x29, 0x2F, 0x21, 0x0F, 0x08, 0x2A, 0x20, 0xEE, 0x00, 0x0D,
    0x20, 0xEE, 0x00, 0x0C, 0x20, 0xEE, 0x08, 0x2A, 0x18, 0xCC, 0x00, 0x2B, 0x00, 0x00, 0x00, 0x0C,
    0x00, 0x0C, 0x31, 0x96, 0x00, 0x0D, 0x29, 0x31, 0x00, 0x2B, 0x21, 0x0F, 0x00, 0x2A, 0x21, 0x0F,
    0x00, 0x0E, 0x39, 0xB1, 0xA5, 0x1A, 0xB5, 0xBC, 0x9C, 0xDC, 0x9C, 0xFD, 0x41, 0xF3, 0x4A, 0x33,
    0x94, 0xDA, 0x42, 0x32, 0x08, 0x2A, 0x21, 0x0F, 0x08, 0x4C, 0x84, 0x59, 0x7B, 0xFA, 0x29, 0x50,
    0x10, 0x6E, 0x73, 0xB6, 0xB5, 0xBB, 0xB5, 0x9C, 0xA5, 0x1C, 0xAD, 0x9D, 0x73, 0xB7, 0x29, 0x50,
    0x00, 0x0C, 0x21, 0x0F, 0x00, 0x2B, 0x21, 0x0F, 0x08, 0x2A, 0x21, 0x0F, 0x10, 0x6D, 0x73, 0xB7,
    0xA5, 0x5B, 0xAD, 0x7B, 0xA5, 0x3A, 0xAD, 0x5C, 0xB5, 0x9D, 0x84, 0x39, 0x31, 0x70, 0x94, 0xB9,
    0xAD, 0x7B, 0xAD, 0x5A, 0xB5, 0xBC, 0xA5, 0x3C, 0xB5, 0xBD, 0x73, 0x97, 0x08, 0x4B, 0x39, 0xD1,
    0x8C, 0x58, 0x41, 0xF2, 0x00, 0x0C, 0x21, 0x0F, 0x5A, 0xD5, 0xA5, 0x1B, 0x18, 0xCE, 0x21, 0x0F,
    0x29, 0x31, 0xA5, 0x1B, 0x52, 0x94, 0x21, 0x0F, 0x10, 0x6E, 0x73, 0xB6, 0xB5, 0xBB, 0xB5, 0x9C,
    0xA5, 0x1C, 0xAD, 0x9D, 0x73, 0xB7, 0x29, 0x50, 0x00, 0x2A, 0x21, 0x0F, 0x00, 0x0E, 0x21, 0x0F,
    0x00, 0x2B, 0x21, 0x0F, 0x10, 0x8C, 0x84, 0x38, 0xAD, 0x7B, 0xAD, 0x5A, 0xB5, 0xBC, 0xAD, 0x7C,
    0xB5, 0xDD, 0x8C, 0x59, 0x08, 0x4D, 0x29, 0x50, 0x84, 0x58, 0x5A, 0xF4, 0x00, 0x0D, 0x21, 0x0F,
    0x00, 0x2D, 0x6B, 0x36, 0x9C, 0xFB, 0x31, 0x91, 0x08, 0x2B, 0x63, 0x16, 0xAD, 0x7B, 0xBD, 0xFC,
    0xB5, 0x9B, 0xAD, 0x9D, 0xAD, 0x5C, 0x84, 0x3A, 0x10, 0x6D, 0x21, 0x0F, 0x00, 0x0B, 0x21, 0x0F,
    0x00, 0x2B, 0x21, 0x0F, 0x08, 0x4A, 0x62, 0xF5, 0xA5, 0x5B, 0xAD, 0x7B, 0xAD, 0x5B, 0xA5, 0x3C,
    0xB5, 0x9D, 0x94, 0xDB, 0x29, 0x2E, 0x4A, 0x74, 0xB5, 0x9C, 0x63, 0x35, 0x08, 0x2A, 0x21, 0x0F,
    0x10, 0x6D, 0x94, 0x98, 0xC6, 0x3D, 0x73, 0xB8, 0x08, 0x4C, 0x21, 0x0F, 0x00, 0x0C, 0x29, 0x2F,
    0x7B, 0xF9, 0xA5, 0x3B, 0x10, 0xAF, 0x29, 0x50, 0x84, 0x58, 0x5A, 0xF4, 0x00, 0x0D, 0x21, 0x0F,
    0x08, 0x4C, 0x84, 0x39, 0x9C, 0xFB, 0x31, 0x91, 0x31, 0xB2, 0xA5, 0x3A, 0xAD, 0x9B, 0xAD, 0x7B,
    0x9D, 0x1B, 0xB5, 0x9D, 0xA5, 0x1B, 0x52, 0x94, 0x08, 0x2A, 0x21, 0x0F, 0x08, 0x2A, 0x21, 0x0F,
    0x00, 0x0B, 0x21, 0x0F, 0x41, 0xF2, 0x84, 0x38, 0x10, 0x8E, 0x21, 0x0F, 0x10, 0xAE, 0xA5, 0x1B,
    0x5A, 0xD4, 0x21, 0x0F, 0x08, 0x2B, 0x6B, 0x79, 0x9C, 0xFB, 0x31, 0x70, 0x00, 0x2B, 0x42, 0x12,
    0x8C, 0x78, 0xB5, 0xDC, 0xAD, 0x7B, 0xAD, 0x7D, 0x9C, 0xFB, 0x5A, 0xB4, 0x08, 0x2B, 0x21, 0x0F,
    0x08, 0x2A, 0x21, 0x0F, 0x00, 0x2B, 0x21, 0x0F, 0x00, 0x0E, 0x31, 0x91, 0x84, 0x58, 0xB5, 0xDC,
    0xA5, 0x3A, 0xA5, 0x3B, 0xAD, 0x7C, 0x84, 0x39, 0x10, 0x8C, 0x29, 0x50, 0x6B, 0x55, 0xB5, 0xDC,
    0xAD, 0x7B, 0xAD, 0x7C, 0xAD, 0x9C, 0x84, 0x39, 0x10, 0x8E, 0x21, 0x0F, 0x41, 0xF2, 0x84, 0x38,
    0x10, 0x8E, 0x21, 0x0F, 0x10, 0xAE, 0xA5, 0x1B, 0x5A, 0xD5, 0x21, 0x0F, 0x08, 0x2B, 0x6B, 0x79,
    0x9C, 0xFA, 0x31, 0x70, 0x00, 0x0E, 0x42, 0x12, 0x8C, 0x78, 0xBD, 0xDC, 0xAD, 0x5B, 0xAD, 0x7D,
    0x9C, 0xFB, 0x5A, 0xB4, 0x08, 0x2A, 0x21, 0x0F, 0x08, 0x2A, 0x21, 0x0F, 0x00, 0x0B, 0x21, 0x0F,
    0x00, 0x0C, 0x21, 0x0F, 0x31, 0x71, 0xB5, 0x9C, 0xB5, 0x9C, 0x9C, 0xFD, 0x9C, 0xFD, 0x52, 0x95,
    0x18, 0xEE, 0xA5, 0x3B, 0x7B, 0xF8, 0x21, 0x0F, 0x4A, 0x52, 0xAD, 0x9C, 0xB5, 0xDC, 0xBD, 0xFC,
    0xB5, 0x9C, 0xB5, 0xDD, 0x5A, 0xD5, 0x21, 0x0F, 0x08, 0x2B, 0x5A, 0xD4, 0xA5, 0x3A, 0xAD, 0x7B,
    0xA5, 0x1A, 0xA5, 0x5C, 0xA5, 0x3C, 0x52, 0x94, 0x00, 0x2B, 0x21, 0x0F, 0x08, 0x2A, 0x21, 0x0F,
    0x08, 0x2A, 0x21, 0x0F, 0x29, 0x2E, 0x94, 0xB9, 0xA5, 0x5B, 0xAD, 0x5A, 0xB5, 0xBC, 0xAD, 0x7C,
    0xBD, 0xFD, 0x6B, 0x57, 0x08, 0x2D, 0x4A, 0x33, 0x9C, 0xFB, 0x9C, 0xFA, 0xB5, 0xBC, 0xAD, 0x7B,
    0xAD, 0x9C, 0x84, 0x19, 0x10, 0xAF, 0x21, 0x0F, 0x10, 0x6C, 0x73, 0xB6, 0xB5, 0xBB, 0xB5, 0x9C,
    0xA5, 0x5C, 0xB5, 0x9D, 0x7B, 0xD7, 0x29, 0x70, 0x08, 0x2A, 0x4A, 0x32, 0xA5, 0x5B, 0xB5, 0xBB,
    0xA5, 0x3A, 0xB5, 0xBC, 0x8C, 0x7A, 0xAD, 0x7D, 0x31, 0x91, 0x21, 0x0F, 0x08, 0x4D, 0x8C, 0x79,
    0xB5, 0xDD, 0x9C, 0xFD, 0x9C, 0xFD, 0x6B, 0x58, 0x08, 0x2B, 0x21, 0x0F, 0x08, 0x2A, 0x21, 0x0F,
    0x00, 0x0C, 0x21, 0x0F, 0x00, 0x2B, 0x31, 0x75, 0x08, 0x2A, 0x00, 0x00, 0x00, 0x0C, 0x00, 0x00,
    0x4A, 0x3F, 0x00, 0x0C, 0x31, 0x75, 0x00, 0x0C, 0x00, 0x00, 0x08, 0x2A, 0x21, 0x0F, 0x00, 0x0D,
    0x21, 0x0F, 0x00, 0x2F, 0x39, 0xB1, 0x31, 0x90, 0x4A, 0x54, 0x31, 0xB1, 0x31, 0x71, 0x10, 0x8D,
    0x42, 0x13, 0x10, 0x8C, 0x21, 0x0F, 0x08, 0x2A, 0x21, 0x0F, 0x20, 0xEF, 0x42, 0x13, 0x08, 0x2D,
    0x21, 0x0F, 0x08, 0x2F, 0x41, 0xF2, 0x31, 0xB2, 0x4A, 0x53, 0x29, 0x4F, 0x29, 0x50, 0x08, 0x2A,
    0x21, 0x0F, 0x00, 0x2A, 0x21, 0x0F, 0x08, 0x2A, 0x21, 0x0F, 0x08, 0x2A, 0x4A, 0x73, 0x9D, 0x1A,
    0x63, 0x15, 0x18, 0xCE, 0x31, 0x91, 0x31, 0x70, 0x94, 0x9A, 0xBD, 0xFD, 0x52, 0x95, 0x18, 0xEF,
    0x42, 0x12, 0x31, 0x92, 0x4A, 0x33, 0x18, 0xCF, 0x4A, 0x33, 0x21, 0x0E, 0x29, 0x30, 0x10, 0x6B,
    0x39, 0xF2, 0x10, 0x6B, 0x21, 0x0F, 0x00, 0x0D, 0x39, 0xB1, 0x31, 0x71, 0x29, 0x2F, 0x00, 0x2B,
    0x29, 0x50, 0x41, 0xF3, 0x31, 0x91, 0x00, 0x0D, 0x21, 0x0F, 0x08, 0x2D, 0x41, 0xF2, 0x31, 0xB1,
    0x4A, 0x53, 0x29, 0x51, 0x29, 0x50, 0x08, 0x2A, 0x21, 0x0F, 0x00, 0x0D, 0x21, 0x0F, 0x00, 0x0E,
    0x21, 0x0F, 0x00, 0x2B, 0x21, 0x0F, 0x18, 0xAD, 0x42, 0x12, 0x31, 0x90, 0x4A, 0x53, 0x21, 0x0D,
    0x4A, 0x33, 0x29, 0x4F, 0x29, 0x50, 0x08, 0x2C, 0x39, 0xF2, 0x18, 0xAE, 0x21, 0x0F, 0x00, 0x0E,
    0x21, 0x0F, 0x18, 0xF0, 0x42, 0x12, 0x10, 0x8C, 0x21, 0x0F, 0x08, 0x4B, 0x41, 0xF2, 0x31, 0x8F,
    0x4A, 0x32, 0x21, 0x2D, 0x39, 0xD1, 0x31, 0x70, 0x29, 0x2F, 0x00, 0x2B, 0x21, 0x0F, 0x00, 0x2B,
    0x21, 0x0F, 0x00, 0x2B, 0x39, 0xB1, 0x94, 0xD9, 0x7B, 0xD7, 0x18, 0xEF, 0x31, 0x91, 0x21, 0x32,
    0x7B, 0xD8, 0xC6, 0x3E, 0x6B, 0x78, 0x10, 0xAC, 0x4A, 0x33, 0x18, 0xED, 0x21, 0x0F, 0x08, 0x2A,
    0x21, 0x0F, 0x18, 0xEF, 0x4A, 0x53, 0x18, 0xAE, 0x21, 0x0F, 0x00, 0x2B, 0x21, 0x0F, 0x08, 0x2C,
    0x39, 0xF2, 0x29, 0x71, 0x29, 0x30, 0x08, 0x2D, 0x39, 0xF2, 0x18, 0xAE, 0x21, 0x0F, 0x00, 0x0C,
    0x21, 0x0F, 0x29, 0x4F, 0x42, 0x12, 0x18, 0xB0, 0x84, 0x38, 0x8C, 0x79, 0x41, 0xF2, 0x18, 0xCE,
    0x39, 0xD2, 0x52, 0x94, 0xBD, 0xDD, 0x84, 0x1A, 0x29, 0x50, 0x08, 0x2A, 0x21, 0x0F, 0x08, 0x2A,
    0x21, 0x0F, 0x00, 0x0C, 0x31, 0x70, 0x21, 0x0F, 0x29, 0x2F, 0x00, 0x0E, 0x29, 0x2F, 0x31, 0x71,
    0x39, 0xB1, 0x08, 0x2B, 0x21, 0x0F, 0x29, 0x50, 0x52, 0x95, 0x08, 0x2B, 0x21, 0x0F, 0x08, 0x2A,
    0x29, 0x70, 0x31, 0x6F, 0x4A, 0x53, 0x31, 0x90, 0x39, 0xB1, 0x08, 0x2B, 0x21, 0x0F, 0x00, 0x2B,
    0x21, 0x0F, 0x08, 0x2A, 0x21, 0x0F, 0x00, 0x0C, 0x21, 0x0F, 0x00, 0x0E, 0x31, 0x70, 0x31, 0x70,
    0x4A, 0x33, 0x31, 0xB0, 0x42, 0x33, 0x10, 0x6B, 0x21, 0x0F, 0x08, 0x2A, 0x29, 0x2F, 0x29, 0x30,
    0x4A, 0x53, 0x31, 0xB1, 0x42, 0x13, 0x08, 0x6C, 0x21, 0x0F, 0x00, 0x2B, 0x31, 0x70, 0x21, 0x10,
    0x29, 0x2F, 0x00, 0x0C, 0x29, 0x2F, 0x31, 0x71, 0x39, 0xB1, 0x00, 0x0D, 0x21, 0x0F, 0x29, 0x50,
    0x52, 0x95, 0x08, 0x2D, 0x21, 0x0F, 0x00, 0x0F, 0x29, 0x70, 0x29, 0x6F, 0x4A, 0x53, 0x31, 0x90,
    0x39, 0xB1, 0x08, 0x2C, 0x21, 0x0F, 0x08, 0x2A, 0x21, 0x0F, 0x08, 0x2A, 0x21, 0x0F, 0x00, 0x0C,
    0x21, 0x0F, 0x00, 0x0C, 0x21, 0x0F, 0x21, 0x11, 0x4A, 0x33, 0x39, 0xB3, 0x4A, 0x54, 0x10, 0x8D,
    0x29, 0x2F, 0x29, 0x6F, 0x41, 0xF2, 0x08, 0x2B, 0x5A, 0xD4, 0x9C, 0xF9, 0x52, 0x94, 0x5A, 0xD3,
    0x6B, 0x56, 0x39, 0xF1, 0x29, 0x30, 0x00, 0x2B, 0x21, 0x0F, 0x08, 0x2B, 0x39, 0xD1, 0x31, 0x8F,
    0x4A, 0x53, 0x31, 0xB1, 0x39, 0xD2, 0x00, 0x2E, 0x21, 0x0F, 0x00, 0x0C, 0x21, 0x0F, 0x08, 0x2A,
    0x21, 0x0F, 0x08, 0x2A, 0x21, 0x0F, 0x20, 0xED, 0x42, 0x12, 0x31, 0x91, 0x4A, 0x33, 0x20, 0xEF,
    0x4A, 0x53, 0x21, 0x0E, 0x21, 0x0F, 0x10, 0x8D, 0x42, 0x13, 0x18, 0xF0, 0x42, 0x32, 0x31, 0x70,
    0x39, 0xF2, 0x08, 0x4D, 0x21, 0x0F, 0x00, 0x0C, 0x21, 0x0F, 0x08, 0x4B, 0x41, 0xF2, 0x31, 0xB2,
    0x4A, 0x53, 0x29, 0x52, 0x29, 0x30, 0x00, 0x2B, 0x21, 0x0F, 0x08, 0x4C, 0x41, 0xF2, 0x31, 0x90,
    0x4A, 0x33, 0x31, 0x6F, 0x31, 0x91, 0x31, 0x90, 0x29, 0x50, 0x00, 0x0C, 0x21, 0x0F, 0x10, 0x8E,
    0x4A, 0x33, 0x31, 0xB3, 0x4A, 0x54, 0x20, 0xF1, 0x21, 0x0F, 0x08, 0x2A, 0x21, 0x0F, 0x08, 0x2A,
    0x21, 0x0F, 0x00, 0x2A, 0x21, 0x0F, 0x08, 0x2A, 0x18, 0xCC, 0x08, 0x2A, 0x00, 0x00, 0x00, 0x2B,
    0x00, 0x0C, 0x39, 0xB7, 0x00, 0x0C, 0x29, 0x31, 0x00, 0x0C, 0x21, 0x0F, 0x00, 0x2B, 0x21, 0x0F,
    0x00, 0x0F, 0x21, 0x0F, 0x00, 0x0F, 0x21, 0x0F, 0x00, 0x0C, 0x21, 0x0F, 0x00, 0x0E, 0x21, 0x0F,
    0x00, 0x0C, 0x21, 0x0F, 0x00, 0x2B, 0x21, 0x0F, 0x00, 0x0C, 0x21, 0x0F, 0x00, 0x0C, 0x21, 0x0F,
    0x00, 0x0D, 0x21, 0x0F, 0x00, 0x0F, 0x21, 0x0F, 0x00, 0x0E, 0x21, 0x0F, 0x08, 0x2A, 0x21, 0x0F,
    0x08, 0x2A, 0x21, 0x0F, 0x08, 0x2A, 0x21, 0x0F, 0x08, 0x2A, 0x21, 0x2F, 0x39, 0xD1, 0x94, 0xBB,
    0x94, 0xB9, 0x84, 0x18, 0x63, 0x35, 0x8C, 0x5B, 0x9C, 0xDD, 0x94, 0x9C, 0x29, 0x2F, 0x21, 0x0F,
    0x00, 0x0D, 0x21, 0x0F, 0x00, 0x0F, 0x21, 0x0F, 0x00, 0x0D, 0x21, 0x0F, 0x00, 0x2B, 0x21, 0x0F,
    0x08, 0x2A, 0x21, 0x0F, 0x00, 0x2B, 0x21, 0x0F, 0x00, 0x0C, 0x21, 0x0F, 0x00, 0x0C, 0x21, 0x0F,
    0x00, 0x2B, 0x21, 0x0F, 0x00, 0x2B, 0x21, 0x0F, 0x00, 0x0C, 0x21, 0x0F, 0x00, 0x0C, 0x21, 0x0F,
    0x00, 0x0C, 0x21, 0x0F, 0x00, 0x0C, 0x21, 0x0F, 0x00, 0x2B, 0x21, 0x0F, 0x00, 0x0F, 0x21, 0x0F,
    0x00, 0x0F, 0x21, 0x0F, 0x00, 0x0C, 0x21, 0x0F, 0x00, 0x0E, 0x21, 0x0F, 0x00, 0x0C, 0x21, 0x0F,
    0x00, 0x2B, 0x21, 0x0F, 0x00, 0x0C, 0x21, 0x0F, 0x00, 0x0C, 0x21, 0x0F, 0x00, 0x0D, 0x21, 0x0F,
    0x00, 0x0F, 0x21, 0x0F, 0x00, 0x0E, 0x21, 0x0F, 0x08, 0x2A, 0x21, 0x0F, 0x08, 0x2A, 0x21, 0x0F,
    0x08, 0x2A, 0x21, 0x0F, 0x08, 0x2A, 0x21, 0x0F, 0x08, 0x2A, 0x21, 0x0F, 0x08, 0x2A, 0x21, 0x0F,
    0x00, 0x2B, 0x21, 0x0F, 0x21, 0x0E, 0x84, 0x5A, 0x9C, 0xFA, 0x8C, 0x58, 0x63, 0x16, 0x84, 0x3B,
    0x94, 0xBD, 0x9C, 0xFD, 0x42, 0x14, 0x21, 0x0F, 0x00, 0x2B, 0x21, 0x0F, 0x08, 0x2A, 0x21, 0x0F,
    0x00, 0x2B, 0x21, 0x0F, 0x00, 0x0C, 0x21, 0x0F, 0x00, 0x0C, 0x21, 0x0F, 0x00, 0x2B, 0x21, 0x0F,
    0x00, 0x2B, 0x21, 0x0F, 0x00, 0x0C, 0x21, 0x0F, 0x00, 0x0C, 0x21, 0x0F, 0x00, 0x0C, 0x21, 0x0F,
    0x00, 0x0C, 0x21, 0x0F, 0x00, 0x2B, 0x29, 0x70, 0x6B, 0x78, 0xA5, 0x5B, 0x84, 0x59, 0x73, 0x97,
    0x7B, 0xD9, 0x94, 0x9C, 0x9D, 0x1D, 0x6B, 0x78, 0x08, 0x2C, 0x21, 0x0F, 0x00, 0x2B, 0x21, 0x0F,
    0x00, 0x0C, 0x21, 0x0F, 0x00, 0x0C, 0x21, 0x0F, 0x00, 0x0D, 0x21, 0x0F, 0x00, 0x0F, 0x21, 0x0F,
    0x00, 0x0E, 0x21, 0x0F, 0x08, 0x2A, 0x21, 0x0F, 0x08, 0x2A, 0x21, 0x0F, 0x08, 0x2A, 0x21, 0x0F,
    0x08, 0x2A, 0x21, 0x0F, 0x08, 0x2A, 0x21, 0x0F, 0x08, 0x2A, 0x21, 0x0F, 0x00, 0x2B, 0x21, 0x0F,
    0x08, 0x2A, 0x21, 0x0F, 0x08, 0x2A, 0x21, 0x0F, 0x00, 0x0D, 0x21, 0x0F, 0x00, 0x0F, 0x21, 0x0F,
    0x00, 0x0D, 0x21, 0x0F, 0x00, 0x2B, 0x21, 0x0F, 0x08, 0x2A, 0x21, 0x0F, 0x00, 0x2B, 0x21, 0x0F,
    0x00, 0x0C, 0x21, 0x0F, 0x00, 0x0C, 0x21, 0x0F, 0x00, 0x2B, 0x21, 0x0F, 0x00, 0x2B, 0x21, 0x0F,
    0x00, 0x0C, 0x21, 0x0F, 0x00, 0x0C, 0x21, 0x0F, 0x00, 0x0C, 0x21, 0x0F, 0x00, 0x0C, 0x21, 0x0F,
    0x00, 0x2B, 0x21, 0x0F, 0x00, 0x0F, 0x21, 0x0F, 0x00, 0x0F, 0x21, 0x0F, 0x00, 0x0C, 0x21, 0x0F,
    0x00, 0x0E, 0x21, 0x0F, 0x00, 0x0C, 0x21, 0x0F, 0x00, 0x2B, 0x21, 0x0F, 0x00, 0x0C, 0x21, 0x0F,
    0x00, 0x0C, 0x21, 0x0F, 0x00, 0x0D, 0x21, 0x0F, 0x00, 0x0F, 0x21, 0x0F, 0x00, 0x0E, 0x21, 0x0F,
    0x08, 0x2A, 0x21, 0x0F, 0x08, 0x2A, 0x21, 0x2F, 0x52, 0xB4, 0x9C, 0xFB, 0x18, 0xAC, 0x21, 0x0F,
    0x08, 0x2A, 0x21, 0x0F, 0x08, 0x2A, 0x21, 0x0F, 0x00, 0x2B, 0x21, 0x0F, 0x08, 0x2A, 0x21, 0x0F,
    0x08, 0x2A, 0x21, 0x0F, 0x00, 0x0D, 0x21, 0x0F, 0x00, 0x0F, 0x21, 0x0F, 0x00, 0x0D, 0x21, 0x0F,
    0x00, 0x2B, 0x21, 0x0F, 0x08, 0x2A, 0x21, 0x0F, 0x00, 0x2B, 0x21, 0x0F, 0x00, 0x0C, 0x21, 0x0F,
    0x00, 0x0C, 0x21, 0x0F, 0x00, 0x2B, 0x21, 0x0F, 0x00, 0x2B, 0x21, 0x0F, 0x00, 0x0C, 0x21, 0x0F,
    0x00, 0x0C, 0x21, 0x0F, 0x00, 0x0C, 0x21, 0x0F, 0x00, 0x0C, 0x21, 0x0F, 0x00, 0x2B, 0x21, 0x0F,
    0x00, 0x0F, 0x21, 0x0F, 0x00, 0x0F, 0x21, 0x0F, 0x00, 0x0C, 0x21, 0x0F, 0x00, 0x0E, 0x21, 0x0F,
    0x00, 0x0C, 0x21, 0x0F, 0x00, 0x2B, 0x21, 0x0F, 0x00, 0x0C, 0x21, 0x0F, 0x00, 0x0C, 0x21, 0x0F,
    0x00, 0x0D, 0x21, 0x0F, 0x00, 0x0F, 0x21, 0x0F, 0x00, 0x0E, 0x21, 0x0F, 0x08, 0x2A, 0x21, 0x0F,
    0x08, 0x2A, 0x21, 0x0F, 0x08, 0x2A, 0x31, 0x96, 0x08, 0x2A, 0x00, 0x00, 0x08, 0x2A, 0x00, 0x00,
    0x52, 0x7F, 0x00, 0x0C, 0x31, 0x95, 0x00, 0x0C, 0x00, 0x00, 0x00, 0x2A, 0x21, 0x2F, 0x00, 0x2B,
    0x21, 0x2F, 0x00, 0x0E, 0x21, 0x2F, 0x00, 0x0E, 0x21, 0x2F, 0x00, 0x0E, 0x21, 0x2F, 0x00, 0x0E,
    0x21, 0x2F, 0x00, 0x0E, 0x21, 0x2F, 0x00, 0x0D, 0x21, 0x2F, 0x00, 0x0C, 0x21, 0x2F, 0x00, 0x0C,
    0x21, 0x2F, 0x00, 0x0D, 0x21, 0x2F, 0x00, 0x0F, 0x21, 0x2F, 0x00, 0x0D, 0x21, 0x2F, 0x08, 0x2A,
    0x21, 0x2F, 0x00, 0x0C, 0x21, 0x2F, 0x00, 0x2B, 0x21, 0x2F, 0x08, 0x2A, 0x29, 0x30, 0x29, 0x2E,
    0x63, 0x15, 0x5A, 0xD2, 0x6B, 0x56, 0x5A, 0xF5, 0x5A, 0xD5, 0x21, 0x0E, 0x29, 0x2F, 0x00, 0x2A,
    0x21, 0x2F, 0x00, 0x0E, 0x21, 0x2F, 0x00, 0x0F, 0x21, 0x2F, 0x00, 0x0E, 0x21, 0x2F, 0x08, 0x2A,
    0x21, 0x2F, 0x08, 0x2A, 0x21, 0x2F, 0x00, 0x2B, 0x21, 0x2F, 0x00, 0x0B, 0x21, 0x2F, 0x00, 0x2B,
    0x21, 0x2F, 0x08, 0x2A, 0x21, 0x2F, 0x00, 0x2B, 0x21, 0x2F, 0x00, 0x0B, 0x21, 0x2F, 0x00, 0x0C,
    0x21, 0x2F, 0x00, 0x0C, 0x21, 0x2F, 0x00, 0x2A, 0x21, 0x2F, 0x00, 0x2B, 0x21, 0x2F, 0x00, 0x0E,
    0x21, 0x2F, 0x00, 0x0E, 0x21, 0x2F, 0x00, 0x0E, 0x21, 0x2F, 0x00, 0x0E, 0x21, 0x2F, 0x00, 0x0E,
    0x21, 0x2F, 0x00, 0x0D, 0x21, 0x2F, 0x00, 0x0C, 0x21, 0x2F, 0x00, 0x0C, 0x21, 0x2F, 0x00, 0x0D,
    0x21, 0x2F, 0x00, 0x0F, 0x21, 0x2F, 0x00, 0x0D, 0x21, 0x2F, 0x08, 0x2A, 0x21, 0x2F, 0x00, 0x0C,
    0x21, 0x2F, 0x00, 0x2B, 0x21, 0x2F, 0x08, 0x2A, 0x21, 0x2F, 0x08, 0x2A, 0x21, 0x2F, 0x08, 0x2A,
    0x21, 0x2F, 0x00, 0x2B, 0x29, 0x2F, 0x18, 0xCD, 0x5A, 0xD5, 0x5A, 0xD3, 0x6B, 0x56, 0x5A, 0xF6,
    0x63, 0x16, 0x29, 0x53, 0x29, 0x50, 0x00, 0x0E, 0x21, 0x2F, 0x08, 0x2A, 0x21, 0x2F, 0x08, 0x2A,
    0x21, 0x2F, 0x00, 0x2B, 0x21, 0x2F, 0x00, 0x0B, 0x21, 0x2F, 0x00, 0x2B, 0x21, 0x2F, 0x08, 0x2A,
    0x21, 0x2F, 0x00, 0x2B, 0x21, 0x2F, 0x00, 0x0B, 0x21, 0x2F, 0x00, 0x0C, 0x21, 0x2F, 0x00, 0x0C,
    0x21, 0x2F, 0x00, 0x2A, 0x21, 0x2F, 0x00, 0x2B, 0x31, 0x71, 0x39, 0xF3, 0x6B, 0x55, 0x5A, 0xD5,
    0x6B, 0x77, 0x52, 0xB6, 0x4A, 0x75, 0x10, 0x70, 0x21, 0x2F, 0x00, 0x0E, 0x21, 0x2F, 0x00, 0x0D,
    0x21, 0x2F, 0x00, 0x0C, 0x21, 0x2F, 0x00, 0x0C, 0x21, 0x2F, 0x00, 0x0D, 0x21, 0x2F, 0x00, 0x0F,
    0x21, 0x2F, 0x00, 0x0D, 0x21, 0x2F, 0x08, 0x2A, 0x21, 0x2F, 0x00, 0x0C, 0x21, 0x2F, 0x00, 0x2B,
    0x21, 0x2F, 0x08, 0x2A, 0x21, 0x2F, 0x08, 0x2A, 0x21, 0x2F, 0x08, 0x2A, 0x21, 0x2F, 0x00, 0x2B,
    0x21, 0x2F, 0x08, 0x2A, 0x21, 0x2F, 0x00, 0x2A, 0x21, 0x2F, 0x00, 0x0E, 0x21, 0x2F, 0x00, 0x0F,
    0x21, 0x2F, 0x00, 0x0E, 0x21, 0x2F, 0x08, 0x2A, 0x21, 0x2F, 0x08, 0x2A, 0x21, 0x2F, 0x00, 0x2B,
    0x21, 0x2F, 0x00, 0x0B, 0x21, 0x2F, 0x00, 0x2B, 0x21, 0x2F, 0x08, 0x2A, 0x21, 0x2F, 0x00, 0x2B,
    0x21, 0x2F, 0x00, 0x0B, 0x21, 0x2F, 0x00, 0x0C, 0x21, 0x2F, 0x00, 0x0C, 0x21, 0x2F, 0x00, 0x2A,
    0x21, 0x2F, 0x00, 0x2B, 0x21, 0x2F, 0x00, 0x0E, 0x21, 0x2F, 0x00, 0x0E, 0x21, 0x2F, 0x00, 0x0E,
    0x21, 0x2F, 0x00, 0x0E, 0x21, 0x2F, 0x00, 0x0E, 0x21, 0x2F, 0x00, 0x0D, 0x21, 0x2F, 0x00, 0x0C,
    0x21, 0x2F, 0x00, 0x0C, 0x21, 0x2F, 0x00, 0x0D, 0x21, 0x2F, 0x00, 0x0F, 0x21, 0x2F, 0x00, 0x0D,
    0x21, 0x2F, 0x08, 0x2A, 0x21, 0x2F, 0x08, 0x2C, 0x4A, 0x34, 0x4A, 0x73, 0x29, 0x50, 0x08, 0x2A,
    0x21, 0x2F, 0x08, 0x2A, 0x21, 0x2F, 0x08, 0x2A, 0x21, 0x2F, 0x00, 0x2B, 0x21, 0x2F, 0x08, 0x2A,
    0x21, 0x2F, 0x00, 0x2A, 0x21, 0x2F, 0x00, 0x0E, 0x21, 0x2F, 0x00, 0x0F, 0x21, 0x2F, 0x00, 0x0E,
    0x21, 0x2F, 0x08, 0x2A, 0x21, 0x2F, 0x08, 0x2A, 0x21, 0x2F, 0x00, 0x2B, 0x21, 0x2F, 0x00, 0x0B,
    0x21, 0x2F, 0x00, 0x2B, 0x21, 0x2F, 0x08, 0x2A, 0x21, 0x2F, 0x00, 0x2B, 0x21, 0x2F, 0x00, 0x0B,
    0x21, 0x2F, 0x00, 0x0C, 0x21, 0x2F, 0x00, 0x0C, 0x21, 0x2F, 0x00, 0x2A, 0x21, 0x2F, 0x00, 0x2B,
    0x21, 0x2F, 0x00, 0x0E, 0x21, 0x2F, 0x00, 0x0E, 0x21, 0x2F, 0x00, 0x0E, 0x21, 0x2F, 0x00, 0x0E,
    0x21, 0x2F, 0x00, 0x0E, 0x21, 0x2F, 0x00, 0x0D, 0x21, 0x2F, 0x00, 0x0C, 0x21, 0x2F, 0x00, 0x0C,
    0x21, 0x2F, 0x00, 0x0D, 0x21, 0x2F, 0x00, 0x0F, 0x21, 0x2F, 0x00, 0x0D, 0x21, 0x2F, 0x08, 0x2A,
    0x21, 0x2F, 0x00, 0x0C, 0x21, 0x2F, 0x00, 0x2B, 0x20, 0xED, 0x08, 0x2A, 0x00, 0x00, 0x08, 0x2A,
    0x00, 0x0C, 0x39, 0xB7, 0x00, 0x0D, 0x29, 0x51, 0x00, 0x2B, 0x29, 0x2F, 0x08, 0x2A, 0x29, 0x2F,
    0x00, 0x2B, 0x29, 0x2F, 0x00, 0x0D, 0x29, 0x2F, 0x00, 0x0D, 0x29, 0x2F, 0x00, 0x0E, 0x29, 0x2F,
    0x00, 0x0E, 0x29, 0x2F, 0x00, 0x0E, 0x29, 0x2F, 0x00, 0x0E, 0x29, 0x2F, 0x00, 0x2B, 0x29, 0x2F,
    0x00, 0x0C, 0x29, 0x2F, 0x00, 0x0D, 0x29, 0x2F, 0x00, 0x0F, 0x29, 0x2F, 0x00, 0x0D, 0x29, 0x2F,
    0x00, 0x0B, 0x29, 0x2F, 0x00, 0x0E, 0x29, 0x2F, 0x00, 0x0C, 0x29, 0x2F, 0x08, 0x2A, 0x29, 0x2F,
    0x08, 0x2A, 0x29, 0x2F, 0x00, 0x2B, 0x29, 0x2F, 0x00, 0x2B, 0x29, 0x2F, 0x08, 0x2A, 0x29, 0x2F,
    0x08, 0x2A, 0x29, 0x2F, 0x00, 0x0C, 0x29, 0x2F, 0x00, 0x0E, 0x29, 0x2F, 0x00, 0x0C, 0x29, 0x2F,
    0x08, 0x2A, 0x29, 0x2F, 0x08, 0x2A, 0x29, 0x2F, 0x00, 0x2B, 0x29, 0x2F, 0x00, 0x2B, 0x29, 0x2F,
    0x08, 0x2A, 0x29, 0x2F, 0x00, 0x2B, 0x29, 0x2F, 0x00, 0x0C, 0x29, 0x2F, 0x00, 0x0C, 0x29, 0x2F,
    0x00, 0x0D, 0x29, 0x2F, 0x00, 0x2B, 0x29, 0x2F, 0x08, 0x2A, 0x29, 0x2F, 0x00, 0x2B, 0x29, 0x2F,
    0x00, 0x0D, 0x29, 0x2F, 0x00, 0x0D, 0x29, 0x2F, 0x00, 0x0E, 0x29, 0x2F, 0x00, 0x0E, 0x29, 0x2F,
    0x00, 0x0E, 0x29, 0x2F, 0x00, 0x0E, 0x29, 0x2F, 0x00, 0x2B, 0x29, 0x2F, 0x00, 0x0C, 0x29, 0x2F,
    0x00, 0x0D, 0x29, 0x2F, 0x00, 0x0F, 0x29, 0x2F, 0x00, 0x0D, 0x29, 0x2F, 0x00, 0x0B, 0x29, 0x2F,
    0x00, 0x0E, 0x29, 0x2F, 0x00, 0x0C, 0x29, 0x2F, 0x08, 0x2A, 0x29, 0x2F, 0x08, 0x2A, 0x29, 0x2F,
    0x00, 0x2B, 0x29, 0x2F, 0x00, 0x2B, 0x29, 0x2F, 0x08, 0x2A, 0x29, 0x2F, 0x08, 0x2A, 0x29, 0x2F,
    0x00, 0x0C, 0x29, 0x2F, 0x00, 0x0E, 0x29, 0x2F, 0x00, 0x0C, 0x29, 0x2F, 0x08, 0x2A, 0x29, 0x2F,
    0x08, 0x2A, 0x29, 0x2F, 0x00, 0x2B, 0x29, 0x2F, 0x00, 0x2B, 0x29, 0x2F, 0x08, 0x2A, 0x29, 0x2F,
    0x00, 0x2B, 0x29, 0x2F, 0x00, 0x0C, 0x29, 0x2F, 0x00, 0x0C, 0x29, 0x50, 0x08, 0x6E, 0x29, 0x2F,
    0x00, 0x2B, 0x29, 0x2F, 0x08, 0x2A, 0x29, 0x2F, 0x00, 0x2B, 0x29, 0x2F, 0x00, 0x0D, 0x29, 0x2F,
    0x00, 0x0D, 0x29, 0x2F, 0x00, 0x0E, 0x29, 0x2F, 0x00, 0x0E, 0x29, 0x2F, 0x00, 0x0E, 0x29, 0x2F,
    0x00, 0x0E, 0x29, 0x2F, 0x00, 0x2B, 0x29, 0x2F, 0x00, 0x0C, 0x29, 0x2F, 0x00, 0x0D, 0x29, 0x2F,
    0x00, 0x0F, 0x29, 0x2F, 0x00, 0x0D, 0x29, 0x2F, 0x00, 0x0B, 0x29, 0x2F, 0x00, 0x0E, 0x29, 0x2F,
    0x00, 0x0C, 0x29, 0x2F, 0x08, 0x2A, 0x29, 0x2F, 0x08, 0x2A, 0x29, 0x2F, 0x00, 0x2B, 0x29, 0x2F,
    0x00, 0x2B, 0x29, 0x2F, 0x08, 0x2A, 0x29, 0x2F, 0x08, 0x2A, 0x29, 0x2F, 0x00, 0x0C, 0x29, 0x2F,
    0x00, 0x0E, 0x29, 0x2F, 0x00, 0x0C, 0x29, 0x2F, 0x08, 0x2A, 0x29, 0x2F, 0x08, 0x2A, 0x29, 0x2F,
    0x00, 0x2B, 0x29, 0x2F, 0x00, 0x2B, 0x29, 0x2F, 0x08, 0x2A, 0x29, 0x2F, 0x00, 0x2B, 0x29, 0x2F,
    0x00, 0x0C, 0x29, 0x2F, 0x00, 0x0C, 0x29, 0x2F, 0x00, 0x0D, 0x29, 0x2F, 0x00, 0x2B, 0x29, 0x2F,
    0x08, 0x2A, 0x29, 0x2F, 0x00, 0x2B, 0x29, 0x2F, 0x00, 0x0D, 0x29, 0x2F, 0x00, 0x0D, 0x29, 0x2F,
    0x00, 0x0E, 0x29, 0x2F, 0x00, 0x0E, 0x29, 0x2F, 0x00, 0x0E, 0x29, 0x2F, 0x00, 0x0E, 0x29, 0x2F,
    0x00, 0x2B, 0x29, 0x2F, 0x00, 0x0C, 0x29, 0x2F, 0x00, 0x0D, 0x29, 0x2F, 0x00, 0x0F, 0x29, 0x2F,
    0x00, 0x0D, 0x29, 0x2F, 0x00, 0x0B, 0x29, 0x2F, 0x00, 0x0E, 0x29, 0x2F, 0x00, 0x0C, 0x29, 0x2F,
    0x08, 0x2A, 0x29, 0x2F, 0x08, 0x2A, 0x29, 0x2F, 0x00, 0x2B, 0x29, 0x2F, 0x00, 0x2B, 0x29, 0x2F,
    0x08, 0x2A, 0x29, 0x2F, 0x08, 0x2A, 0x29, 0x2F, 0x00, 0x0C, 0x29, 0x2F, 0x00, 0x0E, 0x29, 0x2F,
    0x00, 0x0C, 0x29, 0x2F, 0x08, 0x2A, 0x29, 0x2F, 0x08, 0x2A, 0x29, 0x2F, 0x00, 0x2B, 0x29, 0x2F,
    0x00, 0x2B, 0x29, 0x2F, 0x08, 0x2A, 0x29, 0x2F, 0x00, 0x2B, 0x29, 0x2F, 0x00, 0x0C, 0x29, 0x2F,
    0x00, 0x0C, 0x29, 0x2F, 0x00, 0x0D, 0x29, 0x2F, 0x00, 0x2B, 0x29, 0x2F, 0x08, 0x2A, 0x29, 0x2F,
    0x00, 0x2B, 0x29, 0x2F, 0x00, 0x0D, 0x29, 0x2F, 0x00, 0x0D, 0x29, 0x2F, 0x00, 0x0E, 0x29, 0x2F,
    0x00, 0x0E, 0x29, 0x2F, 0x00, 0x0E, 0x29, 0x2F, 0x00, 0x0E, 0x29, 0x2F, 0x00, 0x2B, 0x29, 0x2F,
    0x00, 0x0C, 0x29, 0x2F, 0x00, 0x0D, 0x29, 0x2F, 0x00, 0x0F, 0x29, 0x2F, 0x00, 0x0D, 0x29, 0x2F,
    0x00, 0x0B, 0x29, 0x2F, 0x00, 0x0E, 0x39, 0xB6, 0x00, 0x0C, 0x00, 0x00, 0x08, 0x2A, 0x00, 0x00,
    0x5A, 0x9F, 0x00, 0x0D, 0x39, 0xB6, 0x00, 0x0D, 0x00, 0x00, 0x08, 0x2A, 0x29, 0x2F, 0x08, 0x2A,
    0x29, 0x2F, 0x08, 0x2A, 0x29, 0x2F, 0x00, 0x0C, 0x29, 0x2F, 0x00, 0x0D, 0x29, 0x2F, 0x08, 0x2C,
    0x29, 0x50, 0x08, 0x2C, 0x29, 0x2F, 0x00, 0x0E, 0x29, 0x2F, 0x00, 0x0C, 0x29, 0x2F, 0x08, 0x2A,
    0x29, 0x2F, 0x00, 0x0D, 0x29, 0x2F, 0x00, 0x0D, 0x29, 0x2F, 0x00, 0x0F, 0x29, 0x2F, 0x00, 0x0C,
    0x29, 0x2F, 0x00, 0x0D, 0x29, 0x2F, 0x00, 0x0F, 0x29, 0x2F, 0x00, 0x0E, 0x29, 0x2F, 0x00, 0x0C,
    0x29, 0x2F, 0x00, 0x2B, 0x29, 0x2F, 0x00, 0x0D, 0x29, 0x2F, 0x08, 0x2A, 0x29, 0x2F, 0x08, 0x2A,
    0x29, 0x2F, 0x08, 0x2A, 0x29, 0x2F, 0x00, 0x0B, 0x29, 0x2F, 0x00, 0x0E, 0x29, 0x2F, 0x00, 0x2B,
    0x29, 0x2F, 0x08, 0x2A, 0x29, 0x2F, 0x00, 0x0B, 0x29, 0x2F, 0x08, 0x2A, 0x29, 0x2F, 0x08, 0x2A,
    0x29, 0x2F, 0x00, 0x2B, 0x29, 0x2F, 0x00, 0x0D, 0x29, 0x2F, 0x00, 0x0C, 0x29, 0x2F, 0x00, 0x0D,
    0x29, 0x2F, 0x00, 0x0D, 0x29, 0x2F, 0x08, 0x2A, 0x29, 0x2F, 0x08, 0x2A, 0x29, 0x2F, 0x08, 0x2A,
    0x29, 0x2F, 0x00, 0x0C, 0x29, 0x2F, 0x00, 0x0D, 0x29, 0x2F, 0x00, 0x0C, 0x29, 0x2F, 0x00, 0x0C,
    0x29, 0x30, 0x08, 0x4F, 0x29, 0x30, 0x00, 0x0C, 0x29, 0x2F, 0x08, 0x2A, 0x29, 0x2F, 0x00, 0x0D,
    0x29, 0x2F, 0x00, 0x0D, 0x29, 0x2F, 0x00, 0x0F, 0x29, 0x2F, 0x00, 0x0C, 0x29, 0x2F, 0x00, 0x0D,
    0x29, 0x2F, 0x00, 0x0F, 0x29, 0x2F, 0x00, 0x0E, 0x29, 0x30, 0x08, 0x4D, 0x29, 0x71, 0x00, 0x2B,
    0x29, 0x2F, 0x00, 0x0D, 0x29, 0x2F, 0x08, 0x2A, 0x29, 0x2F, 0x08, 0x2A, 0x29, 0x2F, 0x08, 0x2A,
    0x29, 0x2F, 0x00, 0x0B, 0x29, 0x2F, 0x00, 0x0E, 0x29, 0x2F, 0x00, 0x2B, 0x29, 0x2F, 0x08, 0x2A,
    0x29, 0x2F, 0x00, 0x0B, 0x29, 0x2F, 0x08, 0x2A, 0x29, 0x2F, 0x08, 0x2A, 0x29, 0x2F, 0x00, 0x2B,
    0x29, 0x2F, 0x00, 0x0D, 0x29, 0x2F, 0x00, 0x0C, 0x31, 0x70, 0x31, 0xB3, 0x6B, 0x58, 0x10, 0x8F,
    0x29, 0x50, 0x10, 0x8C, 0x29, 0x71, 0x08, 0x2A, 0x29, 0x50, 0x08, 0x4B, 0x29, 0x70, 0x08, 0x2C,
    0x29, 0x50, 0x00, 0x2D, 0x29, 0x50, 0x08, 0x4D, 0x29, 0x50, 0x00, 0x0C, 0x29, 0x2F, 0x00, 0x0E,
    0x29, 0x2F, 0x00, 0x0C, 0x29, 0x2F, 0x08, 0x2A, 0x29, 0x2F, 0x00, 0x0D, 0x29, 0x2F, 0x00, 0x0D,
    0x29, 0x2F, 0x00, 0x0F, 0x29, 0x2F, 0x00, 0x0C, 0x29, 0x2F, 0x00, 0x0D, 0x29, 0x2F, 0x00, 0x0F,
    0x29, 0x2F, 0x00, 0x0E, 0x29, 0x2F, 0x00, 0x0C, 0x29, 0x2F, 0x00, 0x2B, 0x29, 0x2F, 0x08, 0x2D,
    0x29, 0x50, 0x08, 0x2A, 0x29, 0x2F, 0x08, 0x4A, 0x29, 0x50, 0x08, 0x2A, 0x29, 0x2F, 0x00, 0x0B,
    0x29, 0x50, 0x08, 0x2F, 0x29, 0x50, 0x08, 0x4C, 0x29, 0x30, 0x08, 0x2A, 0x29, 0x50, 0x08, 0x2C,
    0x29, 0x50, 0x08, 0x4B, 0x29, 0x30, 0x10, 0x6B, 0x29, 0x50, 0x00, 0x2B, 0x29, 0x2F, 0x00, 0x0D,
    0x29, 0x2F, 0x00, 0x0C, 0x29, 0x2F, 0x00, 0x0D, 0x29, 0x2F, 0x00, 0x0D, 0x29, 0x2F, 0x08, 0x2A,
    0x29, 0x2F, 0x08, 0x2A, 0x29, 0x2F, 0x08, 0x2A, 0x29, 0x2F, 0x00, 0x0C, 0x29, 0x2F, 0x00, 0x0D,
    0x29, 0x50, 0x08, 0x4D, 0x29, 0x30, 0x00, 0x0C, 0x29, 0x2F, 0x00, 0x0E, 0x29, 0x2F, 0x00, 0x0C,
    0x29, 0x2F, 0x08, 0x2A, 0x29, 0x2F, 0x00, 0x0D, 0x29, 0x2F, 0x00, 0x0D, 0x29, 0x2F, 0x00, 0x0F,
    0x29, 0x2F, 0x00, 0x0C, 0x29, 0x2F, 0x00, 0x0D, 0x29, 0x2F, 0x00, 0x0F, 0x29, 0x2F, 0x00, 0x0E,
    0x29, 0x2F, 0x00, 0x0C, 0x29, 0x2F, 0x00, 0x2B, 0x29, 0x2F, 0x00, 0x0D, 0x29, 0x2F, 0x08, 0x2A,
    0x29, 0x2F, 0x08, 0x2A, 0x29, 0x2F, 0x08, 0x2A, 0x29, 0x2F, 0x00, 0x0B, 0x29, 0x2F, 0x00, 0x0E,
    0x29, 0x2F, 0x00, 0x2B, 0x29, 0x2F, 0x08, 0x2A, 0x29, 0x2F, 0x00, 0x0B, 0x29, 0x2F, 0x08, 0x2A,
    0x29, 0x2F, 0x08, 0x2A, 0x29, 0x2F, 0x00, 0x2B, 0x29, 0x2F, 0x00, 0x0D, 0x29, 0x2F, 0x00, 0x0C,
    0x29, 0x2F, 0x00, 0x0D, 0x29, 0x2F, 0x00, 0x0D, 0x29, 0x2F, 0x08, 0x2A, 0x29, 0x2F, 0x08, 0x2A,
    0x29, 0x2F, 0x08, 0x2A, 0x29, 0x2F, 0x00, 0x0C, 0x29, 0x2F, 0x00, 0x0D, 0x29, 0x2F, 0x00, 0x0C,
    0x29, 0x2F, 0x00, 0x0C, 0x29, 0x2F, 0x00, 0x0E, 0x29, 0x2F, 0x00, 0x0C, 0x29, 0x2F, 0x08, 0x2A,
    0x29, 0x2F, 0x00, 0x0D, 0x29, 0x2F, 0x00, 0x0D, 0x29, 0x2F, 0x00, 0x0F, 0x29, 0x2F, 0x00, 0x0C,
    0x29, 0x2F, 0x00, 0x0D, 0x29, 0x2F, 0x00, 0x0F, 0x21, 0x0D, 0x00, 0x0E, 0x00, 0x00, 0x00, 0x0C,
    0x00, 0x0B, 0x39, 0xD8, 0x00, 0x0D, 0x29, 0x72, 0x00, 0x0C, 0x29, 0x30, 0x00, 0x2B, 0x29, 0x30,
    0x08, 0x2A, 0x29, 0x30, 0x08, 0x2A, 0x29, 0x30, 0x00, 0x0C, 0x29, 0x30, 0x00, 0x0D, 0x29, 0x51,
    0x39, 0xD5, 0x39, 0xD3, 0x00, 0x0C, 0x29, 0x30, 0x00, 0x0D, 0x29, 0x30, 0x08, 0x2A, 0x29, 0x30,
    0x00, 0x2B, 0x29, 0x30, 0x00, 0x0C, 0x29, 0x30, 0x00, 0x0C, 0x29, 0x30, 0x00, 0x0D, 0x29, 0x30,
    0x00, 0x2B, 0x29, 0x30, 0x00, 0x0E, 0x29, 0x30, 0x00, 0x10, 0x29, 0x30, 0x00, 0x10, 0x29, 0x30,
    0x00, 0x0C, 0x29, 0x30, 0x00, 0x0E, 0x29, 0x30, 0x00, 0x0C, 0x29, 0x30, 0x00, 0x2B, 0x29, 0x30,
    0x08, 0x2A, 0x29, 0x30, 0x08, 0x2A, 0x29, 0x30, 0x00, 0x0D, 0x29, 0x30, 0x00, 0x0E, 0x29, 0x30,
    0x00, 0x2B, 0x29, 0x30, 0x00, 0x0B, 0x29, 0x30, 0x00, 0x2B, 0x29, 0x30, 0x08, 0x2A, 0x29, 0x30,
    0x08, 0x2A, 0x29, 0x30, 0x00, 0x0C, 0x29, 0x30, 0x00, 0x0C, 0x29, 0x30, 0x00, 0x0B, 0x29, 0x30,
    0x00, 0x0D, 0x29, 0x30, 0x00, 0x0C, 0x29, 0x30, 0x00, 0x2B, 0x29, 0x30, 0x08, 0x2A, 0x29, 0x30,
    0x08, 0x2A, 0x29, 0x30, 0x00, 0x0C, 0x29, 0x30, 0x00, 0x0D, 0x29, 0x30, 0x00, 0x2B, 0x29, 0x30,
    0x20, 0xEF, 0x73, 0xB9, 0x21, 0x10, 0x29, 0x30, 0x08, 0x2A, 0x29, 0x30, 0x00, 0x2B, 0x29, 0x30,
    0x00, 0x0C, 0x29, 0x30, 0x00, 0x0C, 0x29, 0x30, 0x00, 0x0D, 0x29, 0x30, 0x00, 0x2B, 0x29, 0x30,
    0x00, 0x0E, 0x29, 0x30, 0x00, 0x10, 0x29, 0x30, 0x08, 0x51, 0x73, 0xB9, 0x41, 0xF5, 0x29, 0x50,
    0x00, 0x0E, 0x29, 0x30, 0x00, 0x0C, 0x29, 0x30, 0x00, 0x2B, 0x29, 0x30, 0x08, 0x2A, 0x29, 0x30,
    0x08, 0x2A, 0x29, 0x30, 0x00, 0x0D, 0x29, 0x30, 0x00, 0x0E, 0x29, 0x30, 0x00, 0x2B, 0x29, 0x30,
    0x00, 0x0B, 0x29, 0x30, 0x00, 0x2B, 0x29, 0x30, 0x08, 0x2A, 0x29, 0x30, 0x08, 0x2A, 0x29, 0x30,
    0x00, 0x0C, 0x29, 0x30, 0x00, 0x0C, 0x31, 0x71, 0x63, 0x55, 0x7B, 0xFA, 0x52, 0x95, 0x31, 0x71,
    0x31, 0x95, 0x42, 0x16, 0x31, 0xB3, 0x52, 0xB5, 0x6B, 0x95, 0x4A, 0x76, 0x63, 0x17, 0x7B, 0xFA,
    0x7B, 0xD9, 0x63, 0x37, 0x18, 0xB0, 0x4A, 0x77, 0x21, 0x30, 0x29, 0x30, 0x00, 0x0C, 0x29, 0x30,
    0x00, 0x0D, 0x29, 0x30, 0x08, 0x2A, 0x29, 0x30, 0x00, 0x2B, 0x29, 0x30, 0x00, 0x0C, 0x29, 0x30,
    0x00, 0x0C, 0x29, 0x30, 0x00, 0x0D, 0x29, 0x30, 0x00, 0x2B, 0x29, 0x30, 0x00, 0x0E, 0x29, 0x30,
    0x00, 0x10, 0x29, 0x30, 0x00, 0x10, 0x29, 0x30, 0x00, 0x0C, 0x29, 0x30, 0x00, 0x0E, 0x4A, 0x54,
    0x63, 0x38, 0x31, 0x91, 0x08, 0x4B, 0x4A, 0x54, 0x63, 0x57, 0x31, 0x92, 0x08, 0x2A, 0x31, 0xB2,
    0x4A, 0x54, 0x42, 0x35, 0x5A, 0xF7, 0x73, 0x99, 0x18, 0xCE, 0x39, 0xB2, 0x52, 0xB4, 0x42, 0x35,
    0x5A, 0xF6, 0x6B, 0x58, 0x29, 0x4F, 0x7B, 0xDA, 0x31, 0x92, 0x29, 0x50, 0x00, 0x0C, 0x29, 0x30,
    0x00, 0x0C, 0x29, 0x30, 0x00, 0x0B, 0x29, 0x30, 0x00, 0x0D, 0x29, 0x30, 0x00, 0x0C, 0x29, 0x30,
    0x00, 0x2B, 0x29, 0x30, 0x08, 0x2A, 0x29, 0x30, 0x08, 0x2A, 0x29, 0x30, 0x00, 0x0C, 0x29, 0x50,
    0x31, 0xD2, 0x73, 0xB9, 0x10, 0x8D, 0x29, 0x30, 0x00, 0x0C, 0x29, 0x50, 0x00, 0x0D, 0x29, 0x30,
    0x08, 0x2A, 0x29, 0x30, 0x00, 0x2B, 0x29, 0x30, 0x00, 0x0C, 0x29, 0x30, 0x00, 0x0C, 0x29, 0x30,
    0x00, 0x0D, 0x29, 0x30, 0x00, 0x2B, 0x29, 0x30, 0x00, 0x0E, 0x29, 0x30, 0x00, 0x10, 0x29, 0x30,
    0x00, 0x10, 0x29, 0x30, 0x00, 0x0C, 0x29, 0x30, 0x00, 0x0E, 0x29, 0x30, 0x00, 0x0C, 0x29, 0x30,
    0x00, 0x2B, 0x29, 0x30, 0x08, 0x2A, 0x29, 0x30, 0x08, 0x2A, 0x29, 0x30, 0x00, 0x0D, 0x29, 0x30,
    0x00, 0x0E, 0x29, 0x30, 0x00, 0x2B, 0x29, 0x30, 0x00, 0x0B, 0x29, 0x30, 0x00, 0x2B, 0x29, 0x30,
    0x08, 0x2A, 0x29, 0x30, 0x08, 0x2A, 0x29, 0x30, 0x00, 0x0C, 0x29, 0x30, 0x00, 0x0C, 0x29, 0x30,
    0x00, 0x0B, 0x29, 0x30, 0x00, 0x0D, 0x29, 0x30, 0x00, 0x0C, 0x29, 0x30, 0x00, 0x2B, 0x29, 0x30,
    0x08, 0x2A, 0x29, 0x30, 0x08, 0x2A, 0x29, 0x30, 0x00, 0x0C, 0x29, 0x30, 0x00, 0x0D, 0x29, 0x30,
    0x00, 0x2B, 0x29, 0x30, 0x00, 0x0C, 0x29, 0x30, 0x00, 0x0D, 0x29, 0x30, 0x08, 0x2A, 0x29, 0x30,
    0x00, 0x2B, 0x29, 0x30, 0x00, 0x0C, 0x29, 0x30, 0x00, 0x0C, 0x29, 0x30, 0x00, 0x0D, 0x29, 0x30,
    0x00, 0x2B, 0x29, 0x30, 0x00, 0x0E, 0x39, 0xD7, 0x00, 0x10, 0x00, 0x00, 0x00, 0x10, 0x00, 0x00,
    0x5A, 0xBF, 0x00, 0x2B, 0x39, 0xB6, 0x00, 0x0C, 0x00, 0x00, 0x00, 0x0D, 0x29, 0x50, 0x00, 0x2B,
    0x29, 0x50, 0x18, 0xCD, 0x5A, 0xF5, 0x10, 0x8C, 0x29, 0x50, 0x00, 0x0C, 0x29, 0x50, 0x18, 0xD0,
    0x29, 0x74, 0x08, 0x4D, 0x29, 0x50, 0x00, 0x0C, 0x29, 0x50, 0x00, 0x0C, 0x29, 0x50, 0x08, 0x2A,
    0x29, 0x50, 0x00, 0x2B, 0x29, 0x50, 0x08, 0x2A, 0x29, 0x50, 0x08, 0x2A, 0x29, 0x50, 0x08, 0x2A,
    0x29, 0x50, 0x00, 0x2B, 0x29, 0x50, 0x00, 0x0D, 0x29, 0x50, 0x00, 0x0F, 0x29, 0x50, 0x00, 0x0E,
    0x29, 0x50, 0x00, 0x0E, 0x29, 0x50, 0x00, 0x0F, 0x29, 0x50, 0x00, 0x0C, 0x29, 0x50, 0x00, 0x0C,
    0x29, 0x50, 0x08, 0x2A, 0x29, 0x50, 0x08, 0x2A, 0x29, 0x50, 0x00, 0x0F, 0x29, 0x50, 0x00, 0x0E,
    0x29, 0x50, 0x00, 0x2B, 0x29, 0x50, 0x00, 0x0C, 0x29, 0x50, 0x08, 0x2A, 0x29, 0x50, 0x08, 0x2A,
    0x29, 0x50, 0x00, 0x2B, 0x29, 0x50, 0x00, 0x2B, 0x29, 0x50, 0x08, 0x2A, 0x29, 0x50, 0x00, 0x2B,
    0x29, 0x50, 0x00, 0x0C, 0x29, 0x50, 0x00, 0x0D, 0x29, 0x50, 0x00, 0x2B, 0x29, 0x50, 0x08, 0x2A,
    0x29, 0x50, 0x08, 0x2A, 0x29, 0x50, 0x00, 0x0C, 0x29, 0x50, 0x00, 0x0C, 0x29, 0x50, 0x00, 0x2B,
    0x4A, 0x75, 0xA5, 0x3E, 0x52, 0x75, 0x00, 0x0C, 0x29, 0x50, 0x08, 0x2A, 0x29, 0x50, 0x00, 0x2B,
    0x29, 0x50, 0x08, 0x2A, 0x29, 0x50, 0x08, 0x2A, 0x29, 0x50, 0x08, 0x2A, 0x29, 0x50, 0x00, 0x2B,
    0x29, 0x50, 0x00, 0x0D, 0x29, 0x50, 0x00, 0x0F, 0x31, 0x91, 0x84, 0x5A, 0x63, 0x37, 0x00, 0x2E,
    0x29, 0x50, 0x00, 0x0F, 0x29, 0x50, 0x00, 0x0C, 0x29, 0x50, 0x00, 0x0C, 0x29, 0x50, 0x08, 0x2A,
    0x29, 0x50, 0x08, 0x2A, 0x29, 0x50, 0x00, 0x0F, 0x29, 0x50, 0x00, 0x0E, 0x29, 0x50, 0x00, 0x2B,
    0x29, 0x50, 0x00, 0x0C, 0x29, 0x50, 0x08, 0x2A, 0x29, 0x50, 0x08, 0x2A, 0x29, 0x50, 0x00, 0x2B,
    0x29, 0x50, 0x00, 0x2B, 0x29, 0x71, 0x31, 0x92, 0xAD, 0x5E, 0x52, 0xB5, 0x29, 0x50, 0x08, 0x4D,
    0x31, 0xB3, 0x10, 0x90, 0x21, 0x11, 0x31, 0x92, 0xA5, 0x9B, 0x7B, 0xFA, 0x6B, 0x58, 0x5A, 0xD5,
    0x6B, 0x79, 0x4A, 0x56, 0x31, 0x93, 0x21, 0x14, 0x31, 0x91, 0x00, 0x2B, 0x29, 0x50, 0x00, 0x0C,
    0x29, 0x50, 0x00, 0x0C, 0x29, 0x50, 0x08, 0x2A, 0x29, 0x50, 0x00, 0x2B, 0x29, 0x50, 0x08, 0x2A,
    0x29, 0x50, 0x08, 0x2A, 0x29, 0x50, 0x08, 0x2A, 0x29, 0x50, 0x00, 0x2B, 0x29, 0x50, 0x00, 0x0D,
    0x29, 0x50, 0x00, 0x0F, 0x29, 0x50, 0x00, 0x0E, 0x29, 0x50, 0x00, 0x0E, 0x29, 0x50, 0x52, 0xB7,
    0x9C, 0xFD, 0x18, 0xCF, 0x31, 0x71, 0x31, 0xB3, 0x8C, 0x7A, 0x10, 0x6B, 0x29, 0x50, 0x18, 0xCE,
    0x9D, 0x5B, 0x6B, 0x59, 0x7B, 0xD9, 0x84, 0x3B, 0x4A, 0x54, 0x18, 0xEF, 0x9D, 0x3B, 0x63, 0x17,
    0x7B, 0xD9, 0x84, 0x3A, 0x4A, 0x75, 0x94, 0xDB, 0x52, 0x95, 0x00, 0x2B, 0x29, 0x50, 0x00, 0x2B,
    0x29, 0x50, 0x08, 0x2A, 0x29, 0x50, 0x00, 0x2B, 0x29, 0x50, 0x00, 0x0C, 0x29, 0x50, 0x00, 0x0D,
    0x29, 0x50, 0x00, 0x2B, 0x29, 0x50, 0x08, 0x2A, 0x29, 0x50, 0x08, 0x2A, 0x29, 0x50, 0x08, 0x4E,
    0x42, 0x35, 0x8C, 0x7A, 0x31, 0x91, 0x00, 0x2B, 0x39, 0xB2, 0x4A, 0x53, 0x31, 0x91, 0x00, 0x0C,
    0x29, 0x50, 0x08, 0x2A, 0x29, 0x50, 0x00, 0x2B, 0x29, 0x50, 0x08, 0x2A, 0x29, 0x50, 0x08, 0x2A,
    0x29, 0x50, 0x08, 0x2A, 0x29, 0x50, 0x00, 0x2B, 0x29, 0x50, 0x00, 0x0D, 0x29, 0x50, 0x00, 0x0F,
    0x29, 0x50, 0x00, 0x0E, 0x29, 0x50, 0x00, 0x0E, 0x29, 0x50, 0x00, 0x0F, 0x29, 0x50, 0x00, 0x0C,
    0x29, 0x50, 0x00, 0x0C, 0x29, 0x50, 0x08, 0x2A, 0x29, 0x50, 0x08, 0x2A, 0x29, 0x50, 0x00, 0x0F,
    0x29, 0x50, 0x00, 0x0E, 0x29, 0x50, 0x00, 0x2B, 0x29, 0x50, 0x00, 0x0C, 0x29, 0x50, 0x08, 0x2A,
    0x29, 0x50, 0x08, 0x2A, 0x29, 0x50, 0x00, 0x2B, 0x29, 0x50, 0x00, 0x2B, 0x29, 0x50, 0x08, 0x2A,
    0x29, 0x50, 0x00, 0x2B, 0x29, 0x50, 0x00, 0x0C, 0x29, 0x50, 0x00, 0x0D, 0x29, 0x50, 0x00, 0x2B,
    0x29, 0x50, 0x08, 0x2A, 0x29, 0x50, 0x08, 0x2A, 0x29, 0x50, 0x00, 0x0C, 0x29, 0x50, 0x00, 0x0C,
    0x29, 0x50, 0x00, 0x2B, 0x29, 0x50, 0x00, 0x0C, 0x29, 0x50, 0x00, 0x0C, 0x29, 0x50, 0x08, 0x2A,
    0x29, 0x50, 0x00, 0x2B, 0x29, 0x50, 0x08, 0x2A, 0x29, 0x50, 0x08, 0x2A, 0x29, 0x50, 0x08, 0x2A,
    0x29, 0x50, 0x00, 0x2B, 0x29, 0x50, 0x00, 0x0D, 0x21, 0x0D, 0x00, 0x0F, 0x00, 0x00, 0x00, 0x0E,
    0x08, 0x2A, 0x41, 0xF8, 0x00, 0x0B, 0x31, 0x72, 0x00, 0x0C, 0x29, 0x50, 0x00, 0x0D, 0x29, 0x50,
    0x08, 0x2A, 0x31, 0x91, 0xAD, 0x7D, 0x4A, 0x53, 0x08, 0x2A, 0x29, 0x50, 0x00, 0x0D, 0x41, 0xF4,
    0x42, 0x36, 0x31, 0x92, 0x00, 0x2B, 0x29, 0x50, 0x00, 0x0C, 0x29, 0x50, 0x00, 0x2B, 0x29, 0x50,
    0x00, 0x2B, 0x29, 0x50, 0x08, 0x2A, 0x29, 0x50, 0x08, 0x2A, 0x29, 0x50, 0x08, 0x2A, 0x29, 0x50,
    0x08, 0x2A, 0x29, 0x50, 0x08, 0x2A, 0x29, 0x50, 0x00, 0x2B, 0x29, 0x50, 0x00, 0x0D, 0x29, 0x50,
    0x00, 0x0C, 0x29, 0x50, 0x00, 0x0D, 0x29, 0x50, 0x00, 0x0C, 0x29, 0x50, 0x00, 0x0C, 0x29, 0x50,
    0x00, 0x0C, 0x29, 0x50, 0x08, 0x2A, 0x29, 0x50, 0x00, 0x2B, 0x29, 0x50, 0x00, 0x0F, 0x29, 0x50,
    0x00, 0x0C, 0x29, 0x50, 0x00, 0x0C, 0x29, 0x50, 0x00, 0x2B, 0x29, 0x50, 0x08, 0x2A, 0x29, 0x50,
    0x00, 0x2B, 0x29, 0x50, 0x00, 0x2B, 0x29, 0x50, 0x08, 0x2A, 0x29, 0x50, 0x08, 0x2A, 0x29, 0x50,
    0x00, 0x0B, 0x29, 0x50, 0x00, 0x0C, 0x29, 0x50, 0x00, 0x0D, 0x29, 0x50, 0x08, 0x2A, 0x29, 0x50,
    0x08, 0x2A, 0x29, 0x50, 0x08, 0x2A, 0x29, 0x50, 0x00, 0x0D, 0x29, 0x50, 0x00, 0x0D, 0x29, 0x50,
    0x39, 0xD2, 0xAD, 0x5E, 0x42, 0x14, 0x29, 0x50, 0x00, 0x2B, 0x29, 0x50, 0x00, 0x2B, 0x29, 0x50,
    0x08, 0x2A, 0x29, 0x50, 0x08, 0x2A, 0x29, 0x50, 0x08, 0x2A, 0x29, 0x50, 0x08, 0x2A, 0x29, 0x50,
    0x08, 0x2A, 0x29, 0x50, 0x00, 0x2B, 0x29, 0x50, 0x08, 0x6E, 0x4A, 0x54, 0x21, 0x10, 0x29, 0x50,
    0x00, 0x0D, 0x29, 0x50, 0x00, 0x0C, 0x29, 0x50, 0x00, 0x0C, 0x29, 0x50, 0x00, 0x0C, 0x29, 0x50,
    0x08, 0x2A, 0x29, 0x50, 0x00, 0x2B, 0x29, 0x50, 0x00, 0x0F, 0x29, 0x50, 0x00, 0x0C, 0x29, 0x50,
    0x00, 0x0C, 0x29, 0x50, 0x00, 0x2B, 0x29, 0x50, 0x08, 0x2A, 0x29, 0x50, 0x00, 0x2B, 0x29, 0x50,
    0x00, 0x2B, 0x29, 0x50, 0x20, 0xED, 0x7B, 0xFA, 0x8C, 0x79, 0x31, 0x71, 0x00, 0x0B, 0x29, 0x50,
    0x08, 0x2C, 0x29, 0x50, 0x08, 0x2E, 0x39, 0xD4, 0xC6, 0x3F, 0x9C, 0xFD, 0x18, 0xCD, 0x31, 0x91,
    0x10, 0x6C, 0x31, 0x71, 0x39, 0xB4, 0x42, 0x56, 0x18, 0xAF, 0x29, 0x50, 0x00, 0x2B, 0x29, 0x50,
    0x00, 0x0C, 0x29, 0x50, 0x00, 0x2B, 0x29, 0x50, 0x00, 0x2B, 0x29, 0x50, 0x08, 0x2A, 0x29, 0x50,
    0x08, 0x2A, 0x29, 0x50, 0x08, 0x2A, 0x29, 0x50, 0x08, 0x2A, 0x29, 0x50, 0x08, 0x2A, 0x29, 0x50,
    0x00, 0x2B, 0x29, 0x50, 0x00, 0x0D, 0x29, 0x50, 0x00, 0x0C, 0x29, 0x50, 0x00, 0x2D, 0x6B, 0x78,
    0x9C, 0xDC, 0x42, 0x14, 0x08, 0x2C, 0x39, 0xF4, 0x31, 0x92, 0x29, 0x71, 0x08, 0x2A, 0x39, 0xB3,
    0xA5, 0x3D, 0x42, 0x13, 0x08, 0x2F, 0x39, 0xB2, 0x10, 0x6D, 0x39, 0xD3, 0xA5, 0x1C, 0x39, 0xF2,
    0x08, 0x2C, 0x39, 0xB2, 0x18, 0xCD, 0x52, 0x75, 0x18, 0xCE, 0x29, 0x50, 0x00, 0x2B, 0x29, 0x50,
    0x08, 0x2A, 0x29, 0x50, 0x08, 0x2A, 0x29, 0x50, 0x00, 0x0B, 0x29, 0x50, 0x00, 0x0C, 0x29, 0x50,
    0x00, 0x0D, 0x29, 0x50, 0x08, 0x2A, 0x29, 0x50, 0x08, 0x2A, 0x29, 0x50, 0x08, 0x2A, 0x31, 0x71,
    0x42, 0x36, 0x9C, 0xFD, 0x10, 0x8E, 0x29, 0x50, 0x10, 0x8E, 0xB5, 0x9E, 0x29, 0x50, 0x29, 0x50,
    0x00, 0x2B, 0x29, 0x50, 0x00, 0x2B, 0x29, 0x50, 0x08, 0x2A, 0x29, 0x50, 0x08, 0x2A, 0x29, 0x50,
    0x08, 0x2A, 0x29, 0x50, 0x08, 0x2A, 0x29, 0x50, 0x08, 0x2A, 0x29, 0x50, 0x00, 0x2B, 0x29, 0x50,
    0x00, 0x0D, 0x29, 0x50, 0x00, 0x0C, 0x29, 0x50, 0x00, 0x0D, 0x29, 0x50, 0x00, 0x0C, 0x29, 0x50,
    0x00, 0x0C, 0x29, 0x50, 0x00, 0x0C, 0x29, 0x50, 0x08, 0x2A, 0x29, 0x50, 0x00, 0x2B, 0x29, 0x50,
    0x00, 0x0F, 0x29, 0x50, 0x00, 0x0C, 0x29, 0x50, 0x00, 0x0C, 0x29, 0x50, 0x00, 0x2B, 0x29, 0x50,
    0x08, 0x2A, 0x29, 0x50, 0x00, 0x2B, 0x29, 0x50, 0x00, 0x2B, 0x29, 0x50, 0x08, 0x2A, 0x29, 0x50,
    0x08, 0x2A, 0x29, 0x50, 0x00, 0x0B, 0x29, 0x50, 0x00, 0x0C, 0x29, 0x50, 0x00, 0x0D, 0x29, 0x50,
    0x08, 0x2A, 0x29, 0x50, 0x08, 0x2A, 0x29, 0x50, 0x08, 0x2A, 0x29, 0x50, 0x00, 0x0D, 0x29, 0x50,
    0x00, 0x0D, 0x29, 0x50, 0x00, 0x2B, 0x29, 0x50, 0x00, 0x0C, 0x29, 0x50, 0x00, 0x2B, 0x29, 0x50,
    0x00, 0x2B, 0x29, 0x50, 0x08, 0x2A, 0x29, 0x50, 0x08, 0x2A, 0x29, 0x50, 0x08, 0x2A, 0x29, 0x50,
    0x08, 0x2A, 0x29, 0x50, 0x08, 0x2A, 0x39, 0xD7, 0x00, 0x2B, 0x00, 0x00, 0x00, 0x0D, 0x00, 0x00,
    0x62, 0xDF, 0x00, 0x0B, 0x39, 0xD7, 0x00, 0x2B, 0x00, 0x00, 0x00, 0x0C, 0x29, 0x50, 0x08, 0x4E,
    0x39, 0xB2, 0x31, 0x70, 0xBD, 0xFC, 0x39, 0xF0, 0x39, 0xB2, 0x10, 0xAD, 0x29, 0x50, 0x31, 0x72,
    0x63, 0x18, 0x29, 0x32, 0x31, 0x92, 0x29, 0x70, 0x42, 0x13, 0x08, 0x4C, 0x29, 0x50, 0x00, 0x0C,
    0x29, 0x50, 0x08, 0x2C, 0x31, 0x71, 0x20, 0xED, 0x39, 0xD2, 0x10, 0x6B, 0x29, 0x50, 0x08, 0x2A,
    0x29, 0x50, 0x08, 0x2A, 0x29, 0x50, 0x08, 0x2A, 0x29, 0x50, 0x08, 0x2A, 0x29, 0x50, 0x08, 0x2C,
    0x31, 0x91, 0x18, 0xAF, 0x41, 0xF2, 0x08, 0x4D, 0x31, 0x71, 0x29, 0x30, 0x39, 0xD2, 0x08, 0x2C,
    0x31, 0x91, 0x10, 0xAE, 0x42, 0x13, 0x10, 0x6B, 0x29, 0x71, 0x00, 0x2B, 0x29, 0x50, 0x08, 0x2C,
    0x39, 0xB2, 0x10, 0x6C, 0x29, 0x71, 0x10, 0x8E, 0x31, 0x71, 0x08, 0x2B, 0x31, 0x71, 0x20, 0xEE,
    0x42, 0x33, 0x08, 0x2E, 0x29, 0x50, 0x00, 0x2B, 0x29, 0x50, 0x08, 0x2A, 0x31, 0x71, 0x20, 0xEE,
    0x39, 0xD2, 0x08, 0x4C, 0x29, 0x50, 0x00, 0x0C, 0x29, 0x50, 0x00, 0x0D, 0x29, 0x50, 0x08, 0x2A,
    0x29, 0x50, 0x08, 0x2A, 0x29, 0x50, 0x00, 0x2B, 0x31, 0x91, 0x29, 0x31, 0x52, 0x74, 0x18, 0xD0,
    0x52, 0x74, 0xAD, 0x7D, 0x52, 0x95, 0x00, 0x2B, 0x29, 0x50, 0x08, 0x2C, 0x31, 0x91, 0x21, 0x2F,
    0x31, 0x91, 0x08, 0x2A, 0x29, 0x50, 0x08, 0x2A, 0x29, 0x50, 0x08, 0x4A, 0x31, 0xB2, 0x29, 0x4E,
    0x39, 0xD2, 0x10, 0x6B, 0x29, 0x50, 0x08, 0x2A, 0x29, 0x71, 0x18, 0xCF, 0x31, 0xB2, 0x00, 0x0D,
    0x29, 0x50, 0x08, 0x4E, 0x31, 0xB2, 0x21, 0x2F, 0x31, 0x71, 0x08, 0x4D, 0x41, 0xF3, 0x29, 0x50,
    0x31, 0x71, 0x18, 0xAD, 0x31, 0x71, 0x10, 0xAD, 0x39, 0xF3, 0x10, 0x8E, 0x29, 0x50, 0x08, 0x2A,
    0x29, 0x50, 0x00, 0x0C, 0x29, 0x50, 0x00, 0x2B, 0x29, 0x50, 0x00, 0x2B, 0x29, 0x50, 0x00, 0x0D,
    0x29, 0x50, 0x08, 0x2B, 0x52, 0x96, 0x94, 0xBB, 0x5A, 0xD5, 0x00, 0x0B, 0x29, 0x50, 0x00, 0x2B,
    0x29, 0x50, 0x00, 0x0C, 0x31, 0x71, 0x63, 0x16, 0xD6, 0x9D, 0xA5, 0x3B, 0x39, 0xB2, 0x08, 0x2A,
    0x29, 0x50, 0x08, 0x2B, 0x52, 0xB7, 0x6B, 0x79, 0x4A, 0x34, 0x10, 0x8F, 0x4A, 0x54, 0x18, 0xCE,
    0x29, 0x71, 0x00, 0x2B, 0x29, 0x50, 0x00, 0x0C, 0x29, 0x70, 0x08, 0x4D, 0x42, 0x13, 0x18, 0xAC,
    0x31, 0x71, 0x08, 0x2A, 0x29, 0x50, 0x08, 0x2A, 0x29, 0x50, 0x08, 0x2A, 0x29, 0x50, 0x08, 0x2A,
    0x29, 0x50, 0x08, 0x2A, 0x29, 0x50, 0x08, 0x4D, 0x42, 0x14, 0x31, 0x71, 0x39, 0xB2, 0x5A, 0xD5,
    0xA5, 0x3C, 0x18, 0xCF, 0x29, 0x50, 0x18, 0xAF, 0x39, 0xD2, 0x10, 0x8D, 0x39, 0xD3, 0x4A, 0x73,
    0xA5, 0x3D, 0x29, 0x30, 0x39, 0xD2, 0x18, 0xF0, 0x39, 0xD3, 0x63, 0x36, 0xA5, 0x3D, 0x29, 0x30,
    0x39, 0xD2, 0x08, 0x6C, 0x31, 0x71, 0x18, 0xEE, 0x31, 0x91, 0x00, 0x0D, 0x29, 0x50, 0x08, 0x2B,
    0x31, 0x71, 0x10, 0x8B, 0x31, 0x91, 0x08, 0x4C, 0x29, 0x50, 0x00, 0x2B, 0x29, 0x50, 0x08, 0x4D,
    0x31, 0x92, 0x00, 0x0D, 0x29, 0x50, 0x08, 0x2A, 0x31, 0x71, 0x18, 0xAC, 0x31, 0x71, 0x08, 0x4C,
    0x73, 0x9A, 0xA5, 0x1C, 0x42, 0x13, 0x10, 0xB0, 0x4A, 0x34, 0xBD, 0xDC, 0x52, 0xB5, 0x10, 0xAD,
    0x39, 0xB2, 0x08, 0x2C, 0x39, 0xB2, 0x18, 0xAF, 0x29, 0x50, 0x08, 0x2A, 0x29, 0x50, 0x08, 0x2A,
    0x31, 0xB2, 0x18, 0xAC, 0x31, 0x71, 0x08, 0x2A, 0x29, 0x50, 0x08, 0x2A, 0x29, 0x50, 0x08, 0x2A,
    0x29, 0x50, 0x00, 0x0C, 0x31, 0x91, 0x10, 0x8F, 0x42, 0x33, 0x10, 0x8E, 0x31, 0x71, 0x00, 0x0C,
    0x29, 0x50, 0x00, 0x0C, 0x29, 0x70, 0x10, 0x6C, 0x31, 0xB1, 0x10, 0x6B, 0x31, 0x71, 0x00, 0x2B,
    0x29, 0x50, 0x08, 0x2C, 0x31, 0xB2, 0x10, 0x8D, 0x29, 0x50, 0x08, 0x4D, 0x42, 0x13, 0x18, 0xCE,
    0x29, 0x50, 0x00, 0x2B, 0x31, 0x71, 0x10, 0x8F, 0x42, 0x13, 0x10, 0x6C, 0x29, 0x50, 0x08, 0x2A,
    0x29, 0x50, 0x00, 0x0B, 0x29, 0x50, 0x08, 0x6C, 0x31, 0x92, 0x21, 0x0F, 0x31, 0x91, 0x00, 0x2D,
    0x29, 0x50, 0x08, 0x2A, 0x29, 0x71, 0x18, 0xAD, 0x31, 0x71, 0x10, 0x8C, 0x39, 0xF2, 0x10, 0xAE,
    0x29, 0x71, 0x00, 0x0D, 0x29, 0x50, 0x08, 0x2B, 0x31, 0x91, 0x10, 0x8D, 0x42, 0x33, 0x10, 0x8D,
    0x31, 0x71, 0x00, 0x0C, 0x29, 0x50, 0x08, 0x2A, 0x29, 0x50, 0x08, 0x2A, 0x29, 0x50, 0x08, 0x2A,
    0x29, 0x50, 0x08, 0x2A, 0x29, 0x50, 0x08, 0x2A, 0x21, 0x0E, 0x08, 0x2A, 0x00, 0x00, 0x00, 0x0C,
    0x00, 0x2B, 0x42, 0x19, 0x00, 0x0C, 0x31, 0x93, 0x08, 0x2A, 0x29, 0x50, 0x00, 0x0D, 0x4A, 0x55,
    0x6B, 0x79, 0x8C, 0x9A, 0xBD, 0xFE, 0xA5, 0x3C, 0x94, 0xBB, 0x7B, 0xD9, 0x08, 0x2B, 0x42, 0x34,
    0x73, 0x99, 0x5A, 0xF7, 0x73, 0xB7, 0xB5, 0xBC, 0xAD, 0x7C, 0x84, 0x18, 0x18, 0xAD, 0x29, 0x50,
    0x08, 0x2F, 0x31, 0x92, 0x29, 0x72, 0xAD, 0x7D, 0xA5, 0x3D, 0x8C, 0x7B, 0x39, 0xD2, 0x31, 0x71,
    0x08, 0x2A, 0x29, 0x50, 0x08, 0x2A, 0x29, 0x50, 0x08, 0x2A, 0x29, 0x50, 0x00, 0x2B, 0x31, 0x92,
    0x10, 0x70, 0x39, 0xF4, 0x94, 0xFA, 0x73, 0x79, 0x7B, 0xFA, 0xA5, 0x1D, 0x52, 0x96, 0x39, 0xD3,
    0x29, 0x52, 0x39, 0xD4, 0xAD, 0x5D, 0xA5, 0x1C, 0x5A, 0xB4, 0x31, 0x71, 0x00, 0x0C, 0x39, 0xB3,
    0x39, 0xF4, 0x31, 0xB3, 0x31, 0x93, 0x39, 0xD4, 0x84, 0x19, 0x52, 0x95, 0x6B, 0x77, 0xA5, 0x1E,
    0xA5, 0x3D, 0x73, 0x99, 0x10, 0x90, 0x29, 0x50, 0x08, 0x4C, 0x31, 0x92, 0x29, 0x72, 0xAD, 0x7D,
    0xA5, 0x3D, 0x8C, 0x7B, 0x39, 0xB1, 0x31, 0x71, 0x00, 0x0D, 0x29, 0x50, 0x00, 0x0D, 0x29, 0x50,
    0x00, 0x0C, 0x29, 0x50, 0x08, 0x2A, 0x39, 0xF3, 0x5A, 0xF6, 0x94, 0xDA, 0xB5, 0xBC, 0xA5, 0x5C,
    0x7B, 0xF8, 0xAD, 0x9E, 0x31, 0xB0, 0x29, 0x50, 0x10, 0x8D, 0x31, 0xB3, 0x31, 0x93, 0xAD, 0x7D,
    0x9C, 0xDC, 0x73, 0x99, 0x10, 0x8D, 0x29, 0x50, 0x08, 0x4C, 0x39, 0xF4, 0x29, 0x72, 0xB5, 0xBE,
    0xA5, 0x3C, 0x9C, 0xDC, 0x42, 0x12, 0x29, 0x71, 0x18, 0xAD, 0x94, 0xBB, 0x73, 0x98, 0x31, 0x71,
    0x08, 0x4E, 0x21, 0x31, 0x31, 0xB3, 0x9D, 0x3A, 0x6B, 0x78, 0x84, 0x3B, 0x94, 0xBC, 0x94, 0x9C,
    0x31, 0x92, 0x42, 0x35, 0x18, 0xEE, 0x9C, 0xDB, 0xAD, 0x5D, 0xA5, 0x1C, 0x5A, 0xB5, 0x31, 0x91,
    0x08, 0x2A, 0x29, 0x50, 0x00, 0x0C, 0x29, 0x50, 0x00, 0x2B, 0x29, 0x50, 0x00, 0x0D, 0x29, 0x50,
    0x00, 0x0E, 0x31, 0x91, 0x52, 0x73, 0x9C, 0xFA, 0x10, 0xAC, 0x29, 0x50, 0x00, 0x0C, 0x29, 0x50,
    0x08, 0x2A, 0x29, 0x50, 0x08, 0x2E, 0x7B, 0xF8, 0xD6, 0xBD, 0xAD, 0x9C, 0x18, 0xCE, 0x29, 0x50,
    0x08, 0x2A, 0x29, 0x71, 0x42, 0x13, 0x84, 0x3A, 0x52, 0x95, 0x94, 0xBA, 0xAD, 0x7C, 0xA5, 0x3C,
    0x52, 0x93, 0x31, 0x91, 0x00, 0x2B, 0x31, 0x71, 0x18, 0xD1, 0x39, 0xD3, 0xAD, 0x5D, 0xA5, 0x3D,
    0x73, 0x98, 0x42, 0x34, 0x08, 0x2B, 0x29, 0x50, 0x08, 0x2A, 0x29, 0x50, 0x08, 0x2A, 0x29, 0x50,
    0x08, 0x2A, 0x29, 0x71, 0x21, 0x0F, 0x6B, 0x58, 0x94, 0xBA, 0xB5, 0xDC, 0x94, 0xBA, 0x94, 0xBA,
    0x9C, 0xFC, 0x39, 0xD2, 0x08, 0x4D, 0x73, 0xB8, 0x8C, 0x7A, 0x5A, 0xD7, 0x73, 0x98, 0x94, 0xBB,
    0xC6, 0x3D, 0xA5, 0x3C, 0x94, 0xDB, 0x6B, 0x79, 0x73, 0x98, 0x9C, 0xFB, 0xC6, 0x5D, 0xA5, 0x3C,
    0x9C, 0xDB, 0x5A, 0xF5, 0x31, 0x70, 0xA5, 0x1C, 0x52, 0x95, 0x29, 0x71, 0x08, 0x4F, 0x31, 0xB2,
    0x29, 0x72, 0xA4, 0xFC, 0x9C, 0xDB, 0x8C, 0x5B, 0x29, 0x50, 0x29, 0x71, 0x08, 0x4B, 0x42, 0x15,
    0x31, 0x94, 0x29, 0x71, 0x00, 0x0D, 0x29, 0x50, 0x4A, 0x33, 0x9C, 0xDC, 0x29, 0x4F, 0x31, 0x91,
    0x73, 0xB8, 0xA5, 0x3C, 0x4A, 0x76, 0x7B, 0xDA, 0x8C, 0x5A, 0xBD, 0xFE, 0xA5, 0x1B, 0x9C, 0xFC,
    0x6B, 0x56, 0x31, 0xB2, 0x29, 0x54, 0x18, 0xF1, 0x08, 0x4D, 0x29, 0x50, 0x00, 0x0B, 0x39, 0xB2,
    0x73, 0xB8, 0x94, 0x9C, 0x29, 0x2F, 0x29, 0x50, 0x08, 0x2A, 0x29, 0x50, 0x08, 0x2A, 0x29, 0x50,
    0x00, 0x2B, 0x39, 0xB3, 0x21, 0x31, 0x39, 0xD4, 0xAD, 0x9D, 0xA5, 0x3D, 0x6B, 0x78, 0x39, 0xB2,
    0x00, 0x0C, 0x31, 0x91, 0x21, 0x11, 0x39, 0xD3, 0x9C, 0xBB, 0xA5, 0x1C, 0x73, 0x77, 0x39, 0xD2,
    0x00, 0x0C, 0x31, 0x92, 0x39, 0xD4, 0x39, 0xB3, 0x4A, 0x32, 0x9C, 0xDB, 0xAD, 0x5D, 0x6B, 0x58,
    0x08, 0x2B, 0x39, 0xB2, 0x21, 0x31, 0x39, 0xD4, 0xAD, 0x5D, 0x9C, 0xDC, 0x52, 0x74, 0x31, 0x91,
    0x00, 0x2B, 0x29, 0x71, 0x20, 0xF0, 0x39, 0xB3, 0x31, 0xB3, 0xB5, 0x9E, 0x94, 0x9B, 0x5A, 0xD6,
    0x08, 0x2D, 0x29, 0x71, 0x29, 0x31, 0x42, 0x35, 0x18, 0xEE, 0x94, 0xBB, 0xAD, 0x5D, 0xA5, 0x1C,
    0x5A, 0xB6, 0x31, 0x91, 0x00, 0x2E, 0x39, 0xD3, 0x29, 0x51, 0x39, 0xD4, 0xB5, 0x9D, 0xA5, 0x3D,
    0x6B, 0x79, 0x39, 0xB2, 0x00, 0x0C, 0x29, 0x50, 0x00, 0x0B, 0x29, 0x50, 0x00, 0x2B, 0x29, 0x50,
    0x08, 0x2A, 0x29, 0x50, 0x08, 0x2A, 0x41, 0xF8, 0x08, 0x2A, 0x00, 0x00, 0x00, 0x2B, 0x00, 0x00,
    0x62, 0xFF, 0x00, 0x0C, 0x41, 0xF7, 0x00, 0x2B, 0x00, 0x00, 0x00, 0x2A, 0x29, 0x71, 0x10, 0x8F,
    0x4A, 0x75, 0x52, 0x96, 0xBD, 0xFD, 0x52, 0x95, 0x52, 0x95, 0x21, 0x0E, 0x31, 0x71, 0x29, 0x70,
    0x84, 0x3A, 0x94, 0xBA, 0x8C, 0x79, 0x4A, 0x75, 0x8C, 0x7A, 0xBD, 0xFD, 0x6B, 0x57, 0x08, 0x2C,
    0x41, 0xF3, 0x5A, 0xF6, 0x73, 0xB8, 0x4A, 0x53, 0x63, 0x16, 0xA5, 0x3D, 0xA5, 0x3D, 0x31, 0x92,
    0x29, 0x71, 0x00, 0x2B, 0x29, 0x71, 0x08, 0x2A, 0x29, 0x71, 0x08, 0x2A, 0x31, 0x71, 0x31, 0xB2,
    0x39, 0xF4, 0x29, 0x31, 0x73, 0x98, 0xAD, 0x5D, 0x9C, 0xDD, 0x39, 0xD3, 0x52, 0x76, 0x4A, 0x76,
    0x63, 0x37, 0x39, 0xF2, 0x5A, 0xB5, 0x94, 0x99, 0xAD, 0x5E, 0x31, 0x90, 0x31, 0x71, 0x29, 0x52,
    0x52, 0xD7, 0x52, 0x95, 0x4A, 0x54, 0x4A, 0x32, 0xB5, 0xDC, 0xA5, 0x1C, 0x94, 0xBB, 0x6B, 0x58,
    0x8C, 0x7C, 0xA5, 0x3E, 0x63, 0x18, 0x00, 0x0E, 0x41, 0xF3, 0x5A, 0xF6, 0x73, 0xB8, 0x4A, 0x53,
    0x63, 0x16, 0xA5, 0x3D, 0xA5, 0x1D, 0x31, 0x91, 0x29, 0x71, 0x00, 0x0D, 0x29, 0x71, 0x00, 0x0E,
    0x29, 0x71, 0x00, 0x0D, 0x31, 0x71, 0x5A, 0xF6, 0x9C, 0xFA, 0x73, 0xB6, 0x5A, 0xD6, 0x7B, 0xF9,
    0xC6, 0x3E, 0xB5, 0xDE, 0x52, 0x94, 0x10, 0x8C, 0x52, 0x96, 0x63, 0x17, 0x5A, 0xD5, 0x31, 0xB3,
    0x8C, 0x59, 0xB5, 0x9E, 0x6B, 0x37, 0x08, 0x4E, 0x4A, 0x55, 0x63, 0x37, 0x73, 0x97, 0x52, 0x92,
    0x63, 0x16, 0xA5, 0x1B, 0x94, 0x9C, 0x18, 0xAC, 0x39, 0xF3, 0xA5, 0x1C, 0x94, 0x9A, 0x08, 0x2D,
    0x39, 0xF4, 0x39, 0xD4, 0x39, 0xD4, 0x5A, 0xB5, 0x9C, 0xFC, 0xA5, 0x3E, 0x63, 0x17, 0x42, 0x14,
    0x52, 0xB7, 0x6B, 0x78, 0x7B, 0xF8, 0x5A, 0xF3, 0x5A, 0xF5, 0x8C, 0x7A, 0xAD, 0x5E, 0x31, 0x6F,
    0x29, 0x71, 0x08, 0x2A, 0x29, 0x71, 0x00, 0x2B, 0x29, 0x71, 0x08, 0x2A, 0x29, 0x71, 0x00, 0x0D,
    0x29, 0x71, 0x08, 0x2E, 0x7B, 0xF8, 0x84, 0x17, 0x31, 0x71, 0x00, 0x0C, 0x29, 0x71, 0x00, 0x2B,
    0x29, 0x71, 0x00, 0x2A, 0x31, 0x71, 0x7B, 0xD9, 0xCE, 0x9D, 0xA5, 0x3B, 0x39, 0xF3, 0x00, 0x0D,
    0x29, 0x71, 0x08, 0x2B, 0x5A, 0xF7, 0x94, 0xDB, 0xAD, 0x5B, 0x73, 0xB7, 0x5A, 0xF6, 0x84, 0x1A,
    0xB5, 0x9D, 0x39, 0xB0, 0x31, 0x71, 0x29, 0x72, 0x63, 0x57, 0x63, 0x16, 0x5A, 0xD5, 0x5A, 0xF5,
    0xB5, 0xBE, 0x84, 0x3A, 0x39, 0xD3, 0x00, 0x0C, 0x29, 0x71, 0x00, 0x2B, 0x29, 0x71, 0x08, 0x2A,
    0x29, 0x71, 0x10, 0x8C, 0x73, 0x99, 0x94, 0xDA, 0x7B, 0xF7, 0x4A, 0x54, 0x9C, 0xFC, 0xC6, 0x5E,
    0xA5, 0x3D, 0x18, 0xAF, 0x31, 0x71, 0x7B, 0xD9, 0xA5, 0x5C, 0x29, 0x51, 0x4A, 0x75, 0x63, 0x35,
    0xB5, 0xDC, 0x4A, 0x74, 0x5A, 0xB6, 0x39, 0xB3, 0x52, 0x75, 0x84, 0x37, 0xB5, 0xDC, 0x4A, 0x74,
    0x5A, 0xB6, 0x18, 0xEE, 0x52, 0x95, 0xB5, 0xBD, 0x6B, 0x77, 0x00, 0x2D, 0x42, 0x34, 0x63, 0x37,
    0x73, 0xB8, 0x41, 0xF1, 0x73, 0xB8, 0xAD, 0x9E, 0x94, 0x9B, 0x20, 0xEF, 0x31, 0x91, 0x52, 0x96,
    0x5A, 0xF7, 0x08, 0x2D, 0x29, 0x71, 0x00, 0x2E, 0x6B, 0x77, 0xAD, 0x7E, 0x52, 0x95, 0x08, 0x4C,
    0x84, 0x3A, 0xA5, 0x1C, 0x4A, 0x54, 0x31, 0x93, 0x63, 0x37, 0xBD, 0xDC, 0x6B, 0x57, 0x39, 0xB0,
    0x42, 0x13, 0x10, 0x6E, 0x42, 0x15, 0x39, 0xD4, 0x31, 0xB2, 0x08, 0x2C, 0x31, 0x71, 0x42, 0x35,
    0xB5, 0x9E, 0x73, 0xBA, 0x31, 0x92, 0x00, 0x2B, 0x29, 0x71, 0x08, 0x2A, 0x29, 0x71, 0x08, 0x2A,
    0x31, 0x92, 0x42, 0x34, 0x6B, 0x57, 0x52, 0x94, 0x62, 0xF5, 0x73, 0x97, 0xAD, 0x7E, 0x4A, 0x74,
    0x31, 0x92, 0x39, 0xD4, 0x6B, 0x57, 0x63, 0x16, 0x5A, 0xD5, 0x63, 0x14, 0xB5, 0x9E, 0x73, 0xB8,
    0x39, 0xB2, 0x18, 0xD0, 0x63, 0x38, 0x7B, 0xF8, 0xC6, 0x1D, 0x84, 0x38, 0x6B, 0x77, 0x31, 0x91,
    0x39, 0xD3, 0x4A, 0x75, 0x63, 0x37, 0x42, 0x13, 0x5A, 0xB5, 0x9C, 0xDB, 0xB5, 0x9E, 0x42, 0x33,
    0x31, 0x71, 0x21, 0x11, 0x5A, 0xF7, 0x5A, 0xD5, 0x4A, 0x74, 0x4A, 0x52, 0xB5, 0xBD, 0x9C, 0xFC,
    0x4A, 0x34, 0x00, 0x2F, 0x52, 0x96, 0x6B, 0x78, 0x7B, 0xF8, 0x5A, 0xF4, 0x52, 0xB5, 0x7B, 0xD7,
    0xAD, 0x5E, 0x39, 0xF3, 0x39, 0xB2, 0x4A, 0x55, 0x63, 0x57, 0x4A, 0x52, 0x63, 0x16, 0x73, 0xB7,
    0xAD, 0x5E, 0x42, 0x35, 0x31, 0x71, 0x00, 0x0C, 0x29, 0x71, 0x00, 0x0D, 0x29, 0x71, 0x00, 0x0C,
    0x29, 0x71, 0x00, 0x2B, 0x29, 0x71, 0x08, 0x2A, 0x21, 0x2E, 0x08, 0x2A, 0x00, 0x00, 0x08, 0x2A,
    0x00, 0x2B, 0x4A, 0x19, 0x00, 0x0C, 0x31, 0x93, 0x08, 0x2A, 0x31, 0x71, 0x08, 0x2A, 0x31, 0x71,
    0x00, 0x0C, 0x52, 0x74, 0xBD, 0xFC, 0x5A, 0xD6, 0x00, 0x2F, 0x31, 0x71, 0x00, 0x0B, 0x42, 0x33,
    0x94, 0x9A, 0x7B, 0xF8, 0x10, 0x8F, 0x31, 0x71, 0x18, 0xCF, 0x8C, 0x9D, 0x7B, 0xF8, 0x31, 0xB2,
    0x5A, 0xD7, 0x84, 0x3A, 0x6B, 0x58, 0x73, 0x97, 0x63, 0x16, 0xB5, 0xBD, 0xC6, 0x3E, 0x73, 0x99,
    0x00, 0x2D, 0x31, 0x71, 0x00, 0x2B, 0x31, 0x71, 0x08, 0x2A, 0x31, 0x71, 0x18, 0xCD, 0x5A, 0xF8,
    0x63, 0x17, 0x42, 0x14, 0x10, 0x8E, 0x9C, 0xDB, 0xAD, 0x7D, 0x4A, 0x34, 0x10, 0x8E, 0x4A, 0x55,
    0x31, 0x93, 0x4A, 0x75, 0x52, 0x73, 0x8C, 0x5A, 0xC6, 0x1E, 0x6B, 0x57, 0x08, 0x2E, 0x4A, 0x55,
    0x6B, 0x59, 0x52, 0x95, 0x08, 0x4B, 0x31, 0x92, 0x6B, 0x56, 0xB5, 0x9D, 0x21, 0x0E, 0x31, 0x71,
    0x21, 0x0E, 0xA5, 0x1D, 0x5A, 0xD6, 0x31, 0x92, 0x5A, 0xD6, 0x84, 0x3A, 0x6B, 0x58, 0x73, 0x97,
    0x63, 0x16, 0xB5, 0xBD, 0xC6, 0x3E, 0x73, 0x99, 0x08, 0x2B, 0x31, 0x71, 0x00, 0x0C, 0x31, 0x71,
    0x00, 0x0E, 0x31, 0x71, 0x10, 0x90, 0x84, 0x59, 0x94, 0xB9, 0x42, 0x13, 0x08, 0x2A, 0x42, 0x14,
    0x8C, 0x7C, 0xBD, 0xFE, 0x31, 0x90, 0x4A, 0x55, 0x73, 0x99, 0x73, 0xB9, 0x5A, 0xD6, 0x73, 0x97,
    0x84, 0x19, 0xC6, 0x3E, 0x84, 0x39, 0x39, 0xB2, 0x39, 0xF4, 0x84, 0x3A, 0x6B, 0x98, 0x52, 0xB6,
    0x18, 0xCE, 0x52, 0x75, 0x31, 0x90, 0x31, 0x92, 0x18, 0xAC, 0xAD, 0x9C, 0x84, 0x37, 0x31, 0x91,
    0x39, 0xF4, 0x6B, 0x78, 0x41, 0xF4, 0x31, 0x91, 0x63, 0x36, 0xBD, 0xFE, 0x4A, 0x34, 0x31, 0x91,
    0x4A, 0x75, 0x84, 0x3A, 0x4A, 0x73, 0x31, 0x91, 0x00, 0x0D, 0x5A, 0xD6, 0xAD, 0x7D, 0x52, 0x74,
    0x08, 0x2A, 0x31, 0x71, 0x08, 0x2A, 0x31, 0x71, 0x00, 0x2B, 0x31, 0x71, 0x08, 0x2A, 0x31, 0x71,
    0x00, 0x0C, 0x31, 0x71, 0x6B, 0x76, 0x9C, 0xFA, 0x08, 0x6C, 0x31, 0x71, 0x00, 0x0C, 0x31, 0x71,
    0x08, 0x2A, 0x31, 0x71, 0x08, 0x2B, 0x8C, 0x79, 0xCE, 0x9E, 0x9D, 0x1D, 0x10, 0xB0, 0x31, 0x71,
    0x00, 0x0F, 0x31, 0x71, 0x42, 0x33, 0xAD, 0x5B, 0x7B, 0xD6, 0x31, 0x92, 0x00, 0x0E, 0x4A, 0x54,
    0x9C, 0xDE, 0x6B, 0x77, 0x18, 0xAD, 0x63, 0x38, 0x84, 0x19, 0x73, 0x99, 0x5A, 0xF5, 0x7B, 0xF9,
    0xBE, 0x1E, 0xBD, 0xFE, 0x39, 0xF3, 0x31, 0x71, 0x00, 0x0D, 0x31, 0x71, 0x00, 0x2B, 0x31, 0x71,
    0x08, 0x2A, 0x4A, 0x34, 0x94, 0x9A, 0x84, 0x38, 0x10, 0x6C, 0x31, 0x71, 0x39, 0xD3, 0xA5, 0x3D,
    0xA5, 0x3B, 0x39, 0xD2, 0x08, 0x4D, 0x8C, 0x79, 0xAD, 0x5B, 0x39, 0xD2, 0x08, 0x2B, 0x6B, 0x56,
    0xAD, 0x7A, 0x39, 0xD2, 0x08, 0x2E, 0x31, 0x71, 0x08, 0x2D, 0x8C, 0x79, 0xAD, 0x7A, 0x39, 0xD2,
    0x08, 0x2B, 0x31, 0x71, 0x31, 0x8F, 0xC6, 0x1D, 0x5A, 0xB3, 0x39, 0xB2, 0x5A, 0xD6, 0x84, 0x19,
    0x39, 0xD2, 0x31, 0x71, 0x10, 0x6C, 0x62, 0xF6, 0x52, 0x94, 0x42, 0x14, 0x08, 0x4B, 0x6B, 0x59,
    0x63, 0x37, 0x31, 0x92, 0x00, 0x0C, 0x31, 0x71, 0x5A, 0xD7, 0xB5, 0xBE, 0x31, 0x73, 0x31, 0x92,
    0x7B, 0xF7, 0xAD, 0x9C, 0x10, 0x8C, 0x31, 0x71, 0x31, 0x72, 0xBE, 0x1C, 0x39, 0xF3, 0x31, 0x71,
    0x08, 0x2A, 0x31, 0x71, 0x29, 0x52, 0x6B, 0x58, 0x6B, 0x58, 0x39, 0xB2, 0x10, 0x8E, 0x94, 0x9B,
    0xAD, 0x7D, 0x52, 0x95, 0x00, 0x0D, 0x31, 0x71, 0x00, 0x2B, 0x31, 0x71, 0x08, 0x2A, 0x31, 0x71,
    0x10, 0x6B, 0x6B, 0x58, 0x7C, 0x19, 0x63, 0x18, 0x21, 0x10, 0x42, 0x14, 0x31, 0xB2, 0x42, 0x13,
    0x21, 0x10, 0x6B, 0x78, 0x7B, 0xD9, 0x4A, 0x55, 0x08, 0x2B, 0x39, 0xB2, 0x4A, 0x73, 0x63, 0x37,
    0x18, 0xD0, 0x41, 0xF3, 0x73, 0xB9, 0xA5, 0x1B, 0x6B, 0x56, 0x39, 0xD2, 0x08, 0x2B, 0x31, 0x71,
    0x39, 0xD3, 0x73, 0xB9, 0x6B, 0x77, 0x6B, 0x58, 0x5A, 0xF5, 0xA5, 0x1C, 0xC6, 0x5E, 0x94, 0x9A,
    0x10, 0x6D, 0x5A, 0xD8, 0x73, 0xB9, 0x6B, 0x78, 0x5A, 0xD5, 0x73, 0xB8, 0xAD, 0x9C, 0xC6, 0x5E,
    0x5A, 0xD5, 0x31, 0x71, 0x4A, 0x77, 0x84, 0x5A, 0x4A, 0x76, 0x31, 0x92, 0x00, 0x0B, 0x52, 0xB5,
    0xB5, 0xBE, 0x6B, 0x77, 0x18, 0xD1, 0x6B, 0x58, 0x7B, 0xF9, 0x63, 0x17, 0x21, 0x0E, 0x42, 0x14,
    0x31, 0x92, 0x39, 0xF3, 0x00, 0x0D, 0x31, 0x71, 0x00, 0x0C, 0x31, 0x71, 0x00, 0x0D, 0x31, 0x71,
    0x00, 0x0D, 0x31, 0x71, 0x00, 0x2B, 0x42, 0x18, 0x08, 0x2A, 0x00, 0x00, 0x08, 0x2A, 0x00, 0x00,
    0x6B, 0x1F, 0x00, 0x2B, 0x42, 0x18, 0x00, 0x0B, 0x00, 0x00, 0x08, 0x2A, 0x31, 0x71, 0x08, 0x2A,
    0x31, 0x71, 0x31, 0x6F, 0xBE, 0x1C, 0x31, 0x71, 0x31, 0x71, 0x00, 0x0E, 0x31, 0x71, 0x29, 0x2E,
    0x9C, 0xDA, 0x31, 0x8F, 0x31, 0x71, 0x00, 0x0D, 0x31, 0x92, 0x84, 0x38, 0x8C, 0x7A, 0x18, 0xCE,
    0x7B, 0xF9, 0x94, 0x9A, 0x8C, 0x59, 0x84, 0x38, 0x94, 0x9A, 0x84, 0x18, 0x8C, 0x7A, 0x5A, 0xD6,
    0x31, 0x92, 0x00, 0x0B, 0x31, 0x71, 0x00, 0x2B, 0x31, 0x71, 0x08, 0x2A, 0x31, 0x91, 0x52, 0x95,
    0x84, 0x3A, 0x6B, 0x56, 0x7B, 0xD8, 0xBD, 0xDD, 0xA5, 0x1B, 0x10, 0x8D, 0x31, 0xB2, 0x42, 0x14,
    0x7B, 0xF9, 0x9C, 0xFA, 0xAD, 0x7C, 0x8C, 0x79, 0xBE, 0x1D, 0x5A, 0xD5, 0x31, 0x71, 0x29, 0x53,
    0x73, 0xB9, 0x31, 0x72, 0x31, 0x71, 0x08, 0x2B, 0x73, 0x97, 0xAD, 0x5B, 0x41, 0xF3, 0x00, 0x2A,
    0x42, 0x14, 0xA5, 0x1B, 0x6B, 0x57, 0x18, 0xAD, 0x7B, 0xF9, 0x94, 0x9A, 0x8C, 0x59, 0x84, 0x38,
    0x94, 0x9A, 0x84, 0x18, 0x8C, 0x7A, 0x5A, 0xD4, 0x31, 0x92, 0x08, 0x2A, 0x31, 0x71, 0x00, 0x2B,
    0x31, 0x71, 0x00, 0x0D, 0x42, 0x33, 0x9C, 0xFA, 0x8C, 0x59, 0x08, 0x2B, 0x31, 0x71, 0x08, 0x4C,
    0x94, 0x9A, 0xBD, 0xFD, 0x52, 0x95, 0x42, 0x13, 0x8C, 0x5A, 0x7B, 0xF9, 0x84, 0x59, 0x84, 0x38,
    0x94, 0x9A, 0x84, 0x17, 0x7B, 0xF9, 0x10, 0x8D, 0x39, 0xB2, 0x63, 0x37, 0x9C, 0xDC, 0xAD, 0x5B,
    0x9D, 0x1B, 0x7B, 0xD8, 0x52, 0xB5, 0x08, 0x2B, 0x39, 0xD2, 0xAD, 0x7A, 0x94, 0xB9, 0x08, 0x2D,
    0x52, 0x75, 0x84, 0x1A, 0x8C, 0x59, 0x4A, 0x73, 0x9D, 0x1B, 0xB5, 0x9C, 0x4A, 0x75, 0x08, 0x2C,
    0x5A, 0xF7, 0x84, 0x3A, 0x42, 0x13, 0x00, 0x2B, 0x31, 0x71, 0x31, 0x93, 0xB5, 0xDD, 0x31, 0xB2,
    0x31, 0x71, 0x00, 0x2A, 0x31, 0x71, 0x00, 0x0C, 0x31, 0x71, 0x00, 0x2A, 0x31, 0x71, 0x08, 0x2A,
    0x31, 0x71, 0x08, 0x2B, 0x6B, 0x78, 0xA5, 0x3C, 0x42, 0x13, 0x00, 0x2B, 0x31, 0x71, 0x00, 0x0B,
    0x31, 0x71, 0x08, 0x2A, 0x31, 0x91, 0x84, 0x17, 0xD6, 0x9D, 0xA5, 0x3B, 0x39, 0xF3, 0x00, 0x0D,
    0x31, 0x71, 0x00, 0x2E, 0x63, 0x15, 0xAD, 0x7B, 0x52, 0xB4, 0x00, 0x2B, 0x31, 0x71, 0x18, 0xD0,
    0xA5, 0x5C, 0x5A, 0xD4, 0x39, 0xF3, 0x73, 0xB8, 0x94, 0xBB, 0x7B, 0xF7, 0x94, 0x9A, 0x84, 0x38,
    0x94, 0x9A, 0x84, 0x19, 0x5A, 0xD6, 0x00, 0x2D, 0x31, 0x71, 0x00, 0x0B, 0x31, 0x71, 0x00, 0x2B,
    0x31, 0x71, 0x41, 0xF1, 0xA5, 0x3B, 0x52, 0xB3, 0x31, 0x71, 0x00, 0x0D, 0x39, 0xB2, 0x8C, 0x7A,
    0xAD, 0x5C, 0x18, 0xAE, 0x31, 0x91, 0x84, 0x18, 0xB5, 0xBC, 0x10, 0x8D, 0x31, 0x71, 0x52, 0xB2,
    0xB5, 0xBC, 0x10, 0xAD, 0x31, 0x71, 0x00, 0x0F, 0x31, 0x91, 0x84, 0x17, 0xB5, 0xBC, 0x10, 0xAC,
    0x31, 0x71, 0x00, 0x0C, 0x52, 0x74, 0xC6, 0x3D, 0x73, 0x76, 0x18, 0xCD, 0x7B, 0xD9, 0x84, 0x39,
    0x39, 0xD2, 0x08, 0x2A, 0x31, 0x71, 0x08, 0x2B, 0x31, 0x92, 0x08, 0x2C, 0x31, 0x92, 0x63, 0x37,
    0x7B, 0xD9, 0x08, 0x4B, 0x31, 0x71, 0x08, 0x2B, 0x73, 0x98, 0xBD, 0xFD, 0x52, 0x95, 0x08, 0x2F,
    0x8C, 0x99, 0xAD, 0x7A, 0x39, 0xD2, 0x00, 0x2A, 0x52, 0x74, 0xBD, 0xFC, 0x52, 0x74, 0x00, 0x2B,
    0x31, 0x71, 0x08, 0x2A, 0x31, 0xB2, 0x63, 0x17, 0x9D, 0x1B, 0x31, 0x90, 0x52, 0x95, 0xB5, 0xBD,
    0x84, 0x3A, 0x08, 0x4D, 0x31, 0x71, 0x00, 0x0B, 0x31, 0x71, 0x00, 0x2B, 0x31, 0x71, 0x08, 0x2A,
    0x31, 0x71, 0x31, 0x90, 0x84, 0x1A, 0x94, 0xDA, 0xAD, 0x7B, 0x94, 0x9A, 0x84, 0x18, 0x29, 0x2F,
    0x4A, 0x55, 0x84, 0x1A, 0x7B, 0xF9, 0x08, 0x4C, 0x31, 0x71, 0x08, 0x2A, 0x31, 0x71, 0x08, 0x4C,
    0x31, 0x91, 0x18, 0xB1, 0x8C, 0x5A, 0x84, 0x3A, 0x39, 0xB2, 0x00, 0x2A, 0x31, 0x71, 0x08, 0x2C,
    0x63, 0x17, 0x8C, 0x5A, 0x84, 0x3A, 0x7B, 0xD6, 0x94, 0x9A, 0x84, 0x38, 0x94, 0x9A, 0x6B, 0x77,
    0x39, 0xF3, 0x5A, 0xD6, 0x84, 0x5A, 0x73, 0xB8, 0x84, 0x59, 0x84, 0x38, 0x94, 0x9A, 0x84, 0x17,
    0x6B, 0x78, 0x08, 0x4C, 0x5A, 0xF7, 0x84, 0x3A, 0x42, 0x14, 0x00, 0x0E, 0x31, 0x71, 0x31, 0xB0,
    0xBE, 0x1E, 0x5A, 0xD5, 0x31, 0x92, 0x39, 0xF4, 0x84, 0x3A, 0x9C, 0xFA, 0xAD, 0x7C, 0x8C, 0x59,
    0x73, 0xB7, 0x18, 0xCF, 0x31, 0x71, 0x00, 0x2B, 0x31, 0x71, 0x00, 0x2B, 0x31, 0x71, 0x00, 0x0C,
    0x31, 0x71, 0x00, 0x0B, 0x31, 0x71, 0x00, 0x2B, 0x29, 0x2E, 0x08, 0x2A, 0x00, 0x00, 0x08, 0x2A,
    0x08, 0x2A, 0x4A, 0x3A, 0x00, 0x0C, 0x39, 0xB3, 0x00, 0x0C, 0x31, 0x71, 0x00, 0x2A, 0x31, 0x71,
    0x08, 0x2A, 0x52, 0x94, 0xBD, 0xFC, 0x52, 0x94, 0x00, 0x0B, 0x31, 0x71, 0x00, 0x0C, 0x4A, 0x33,
    0x9C, 0xFA, 0x4A, 0x74, 0x08, 0x2A, 0x31, 0x71, 0x08, 0x2D, 0x94, 0x9A, 0x84, 0x38, 0x39, 0xF3,
    0x73, 0xD8, 0x9C, 0xFB, 0x29, 0x30, 0x39, 0xD3, 0x10, 0x8D, 0x4A, 0x54, 0x5A, 0xF5, 0x52, 0xB5,
    0x08, 0x2B, 0x31, 0x71, 0x08, 0x2A, 0x31, 0x71, 0x00, 0x0C, 0x31, 0x71, 0x10, 0x8D, 0x6B, 0x78,
    0x8C, 0x79, 0x9C, 0xDA, 0x9D, 0x1C, 0x94, 0xBB, 0x39, 0xF2, 0x31, 0x91, 0x39, 0xD2, 0x8C, 0x9B,
    0x7C, 0x18, 0x5A, 0xD5, 0x29, 0x2F, 0x4A, 0x55, 0xA5, 0x3B, 0x73, 0x98, 0x00, 0x2D, 0x4A, 0x55,
    0x7B, 0xFA, 0x4A, 0x54, 0x00, 0x0D, 0x31, 0x91, 0x5A, 0xF6, 0xAD, 0x7C, 0x18, 0xD0, 0x31, 0x71,
    0x10, 0xAD, 0xAD, 0x5C, 0x63, 0x17, 0x39, 0xB2, 0x73, 0xD8, 0x9C, 0xFB, 0x29, 0x4E, 0x39, 0xD3,
    0x10, 0x8E, 0x4A, 0x54, 0x5A, 0xF6, 0x52, 0xB5, 0x08, 0x2B, 0x31, 0x71, 0x08, 0x2A, 0x31, 0x71,
    0x08, 0x2A, 0x31, 0x71, 0x18, 0xEE, 0x9D, 0x1A, 0x8C, 0x99, 0x39, 0xD2, 0x08, 0x2A, 0x39, 0xB2,
    0x8C, 0x59, 0xC6, 0x1E, 0x42, 0x14, 0x52, 0xB6, 0x94, 0x9B, 0x73, 0xB8, 0x08, 0x4C, 0x39, 0xD3,
    0x18, 0xD0, 0x63, 0x16, 0x5A, 0xB5, 0x39, 0xD3, 0x29, 0x2F, 0x52, 0xB6, 0x21, 0x0E, 0x4A, 0x74,
    0x63, 0x36, 0xAD, 0x7D, 0xAD, 0x5C, 0x52, 0x95, 0x10, 0x8C, 0xB5, 0xBC, 0x84, 0x38, 0x31, 0x92,
    0x39, 0xD3, 0x8C, 0x79, 0x8C, 0x79, 0xA5, 0x3C, 0x94, 0xBB, 0x6B, 0x77, 0x08, 0x4D, 0x31, 0x91,
    0x52, 0x74, 0x94, 0x9B, 0x10, 0xAD, 0x31, 0x71, 0x00, 0x0D, 0x5A, 0xB6, 0xAD, 0x9D, 0x52, 0xB5,
    0x00, 0x0D, 0x31, 0x91, 0x08, 0x2D, 0x31, 0x91, 0x00, 0x0D, 0x31, 0x71, 0x00, 0x2B, 0x31, 0x71,
    0x08, 0x2A, 0x31, 0x71, 0x39, 0xF1, 0xB5, 0xDD, 0x52, 0xB3, 0x31, 0x71, 0x00, 0x0C, 0x31, 0x71,
    0x00, 0x0C, 0x31, 0x71, 0x08, 0x2B, 0x94, 0x9A, 0xD6, 0xBD, 0xAD, 0x7C, 0x18, 0xAC, 0x31, 0x71,
    0x00, 0x0B, 0x31, 0x71, 0x4A, 0x53, 0xB5, 0x9C, 0x31, 0x8F, 0x31, 0x71, 0x08, 0x2A, 0x41, 0xF3,
    0xA5, 0x3C, 0x73, 0x77, 0x18, 0xAD, 0x7C, 0x19, 0x8C, 0x99, 0x39, 0xF3, 0x10, 0xAF, 0x39, 0xD3,
    0x39, 0xD1, 0x73, 0x98, 0x29, 0x4F, 0x31, 0x71, 0x00, 0x2A, 0x31, 0x71, 0x08, 0x2A, 0x31, 0x71,
    0x00, 0x0C, 0x4A, 0x54, 0xA5, 0x1A, 0x7B, 0xF8, 0x08, 0x4C, 0x31, 0x71, 0x18, 0xD0, 0xAD, 0x5C,
    0xA5, 0x3B, 0x42, 0x34, 0x08, 0x2B, 0x94, 0x99, 0xAD, 0x7B, 0x39, 0xD2, 0x00, 0x2B, 0x6B, 0x76,
    0xAD, 0x5B, 0x39, 0xF3, 0x00, 0x0D, 0x31, 0x71, 0x00, 0x2F, 0x94, 0x99, 0xAD, 0x5B, 0x39, 0xF3,
    0x00, 0x0D, 0x31, 0x71, 0x29, 0x71, 0xC6, 0x3D, 0x5A, 0xD3, 0x39, 0xD3, 0x73, 0xD8, 0x94, 0xBA,
    0x10, 0xAC, 0x31, 0x71, 0x08, 0x2A, 0x5A, 0xD6, 0x84, 0x19, 0x5A, 0xD5, 0x08, 0x4D, 0x73, 0xB9,
    0x73, 0xB8, 0x31, 0x91, 0x08, 0x2A, 0x39, 0xD3, 0x84, 0x19, 0xBD, 0xFE, 0x39, 0xB2, 0x31, 0x91,
    0x84, 0x17, 0xB5, 0xBC, 0x10, 0x8C, 0x31, 0x71, 0x31, 0x6F, 0xBE, 0x1C, 0x31, 0x91, 0x31, 0x71,
    0x08, 0x2A, 0x31, 0x71, 0x08, 0x2B, 0x52, 0x94, 0xAD, 0x9B, 0x8C, 0x5B, 0x7B, 0xD8, 0xBD, 0xFE,
    0x42, 0x12, 0x31, 0x71, 0x00, 0x2A, 0x31, 0x71, 0x08, 0x2A, 0x31, 0x71, 0x00, 0x0C, 0x31, 0x71,
    0x08, 0x4B, 0x4A, 0x55, 0x29, 0x50, 0x41, 0xF3, 0x42, 0x34, 0x8C, 0x5A, 0xC6, 0x1E, 0x84, 0x3A,
    0x29, 0x30, 0x8C, 0x7A, 0x84, 0x38, 0x39, 0xB2, 0x00, 0x2B, 0x31, 0x92, 0x4A, 0x32, 0x8C, 0x7B,
    0x39, 0xD3, 0x41, 0xF3, 0x8C, 0x7B, 0x8C, 0x79, 0x08, 0x2E, 0x31, 0x71, 0x00, 0x0D, 0x31, 0x91,
    0x4A, 0x55, 0x94, 0xBB, 0x52, 0x93, 0x31, 0x92, 0x18, 0xAD, 0x42, 0x34, 0x52, 0x93, 0x6B, 0x37,
    0x10, 0x8C, 0x6B, 0x58, 0x8C, 0x9A, 0x52, 0x74, 0x08, 0x4C, 0x39, 0xD3, 0x31, 0x91, 0x73, 0x77,
    0x42, 0x12, 0x31, 0x91, 0x52, 0x74, 0x94, 0x9B, 0x10, 0x8D, 0x31, 0x71, 0x00, 0x0C, 0x5A, 0xB6,
    0xBD, 0xDD, 0x73, 0x98, 0x10, 0x8D, 0x52, 0x75, 0x29, 0x51, 0x42, 0x13, 0x4A, 0x74, 0x9C, 0xDB,
    0xC6, 0x3E, 0x7B, 0xF9, 0x08, 0x2D, 0x31, 0x71, 0x00, 0x2B, 0x31, 0x71, 0x08, 0x2A, 0x31, 0x71,
    0x00, 0x2A, 0x31, 0x71, 0x08, 0x2A, 0x42, 0x19, 0x00, 0x0C, 0x00, 0x00, 0x00, 0x2B, 0x00, 0x00,
    0x6B, 0x3F, 0x00, 0x2A, 0x42, 0x18, 0x00, 0x0C, 0x00, 0x00, 0x00, 0x0C, 0x31, 0x91, 0x00, 0x0B,
    0x31, 0x91, 0x31, 0x8F, 0xBE, 0x1D, 0x5A, 0xF4, 0x42, 0x13, 0x39, 0xF1, 0x41, 0xF3, 0x31, 0x92,
    0x9C, 0xFC, 0x31, 0x70, 0x31, 0x91, 0x00, 0x0B, 0x39, 0xB2, 0x84, 0x1B, 0x8C, 0x7C, 0x10, 0x6C,
    0x63, 0x16, 0xAD, 0x9B, 0x84, 0x38, 0x29, 0x31, 0x4A, 0x75, 0x7B, 0xFB, 0xBD, 0xFE, 0x41, 0xF1,
    0x31, 0x91, 0x08, 0x2A, 0x31, 0x91, 0x00, 0x2B, 0x31, 0x91, 0x00, 0x0D, 0x42, 0x13, 0x84, 0x59,
    0x94, 0x99, 0x5A, 0xF4, 0x6B, 0x77, 0x4A, 0x55, 0x5A, 0xF7, 0x10, 0x8D, 0x5A, 0xF6, 0xA5, 0x3B,
    0x7B, 0xF8, 0x18, 0xCE, 0x5A, 0xF5, 0x8C, 0x5A, 0xAD, 0x9E, 0x5A, 0xD5, 0x31, 0x91, 0x21, 0x30,
    0x8C, 0x7A, 0x29, 0x31, 0x31, 0x91, 0x00, 0x0D, 0x73, 0xB9, 0x94, 0xBD, 0x41, 0xF3, 0x00, 0x0E,
    0x39, 0xF3, 0x9D, 0x1C, 0x73, 0x99, 0x08, 0x2C, 0x63, 0x16, 0xAD, 0x9B, 0x84, 0x38, 0x29, 0x4E,
    0x4A, 0x75, 0x7B, 0xFB, 0xBD, 0xFE, 0x39, 0xF2, 0x31, 0x91, 0x00, 0x0B, 0x31, 0x91, 0x08, 0x2A,
    0x31, 0x91, 0x08, 0x2A, 0x31, 0xB2, 0x73, 0x97, 0xB5, 0xBC, 0x5A, 0xD4, 0x4A, 0x34, 0x5A, 0xF6,
    0xB5, 0x9E, 0xB5, 0xBE, 0x5A, 0xD7, 0x18, 0xAE, 0x94, 0x9A, 0x9C, 0xFA, 0x62, 0xF5, 0x18, 0xCE,
    0x63, 0x38, 0x9D, 0x1E, 0x94, 0xBB, 0x10, 0x8D, 0x63, 0x36, 0xA5, 0x3B, 0x6B, 0x77, 0x18, 0xAC,
    0x41, 0xF3, 0x7B, 0xF9, 0xAD, 0x5E, 0x42, 0x33, 0x42, 0x13, 0xA5, 0x1C, 0x94, 0xBA, 0x08, 0x4C,
    0x6B, 0x97, 0x9D, 0x1A, 0x7B, 0xD7, 0x63, 0x14, 0x6B, 0x38, 0x4A, 0x55, 0x41, 0xF3, 0x08, 0x2C,
    0x63, 0x16, 0x94, 0xBA, 0x39, 0xD2, 0x00, 0x0C, 0x31, 0x91, 0x39, 0xF4, 0x9C, 0xFE, 0x31, 0x93,
    0x39, 0xD3, 0x5A, 0xF8, 0x73, 0x99, 0x29, 0x52, 0x31, 0x91, 0x00, 0x0E, 0x31, 0x91, 0x00, 0x0C,
    0x31, 0x91, 0x00, 0x2B, 0x39, 0xD2, 0x94, 0xD9, 0xAD, 0x7C, 0x21, 0x2E, 0x31, 0x91, 0x00, 0x0C,
    0x31, 0x91, 0x00, 0x0C, 0x31, 0x92, 0x84, 0x38, 0xCE, 0x9E, 0x9C, 0xFC, 0x42, 0x34, 0x08, 0x2A,
    0x31, 0x91, 0x08, 0x2B, 0x6B, 0x58, 0xAD, 0x5D, 0x52, 0x95, 0x00, 0x2B, 0x31, 0x91, 0x21, 0x0F,
    0x9C, 0xFD, 0x63, 0x17, 0x31, 0x92, 0x52, 0x93, 0xAD, 0x7B, 0x5A, 0xB4, 0x4A, 0x54, 0x39, 0xD4,
    0x94, 0xBD, 0xB5, 0xDD, 0x52, 0x95, 0x00, 0x2B, 0x31, 0x91, 0x08, 0x2A, 0x31, 0x91, 0x00, 0x2B,
    0x31, 0x91, 0x10, 0x8E, 0x84, 0x3A, 0xA5, 0x3A, 0x63, 0x16, 0x29, 0x2F, 0x7B, 0xFA, 0xBD, 0xFE,
    0xA5, 0x1D, 0x21, 0x0F, 0x31, 0xB2, 0x84, 0x39, 0xAD, 0x5C, 0x18, 0xAE, 0x31, 0x92, 0x5A, 0xD4,
    0xB5, 0x9C, 0x18, 0xAE, 0x31, 0x91, 0x00, 0x0D, 0x31, 0xB2, 0x84, 0x39, 0xB5, 0x9C, 0x18, 0xAF,
    0x31, 0x91, 0x00, 0x0E, 0x5A, 0xB6, 0xB5, 0xBD, 0x73, 0x97, 0x08, 0x2C, 0x6B, 0x56, 0xAD, 0x7B,
    0x73, 0x97, 0x10, 0xAC, 0x4A, 0x75, 0x84, 0x3B, 0xBD, 0xDD, 0x31, 0xB1, 0x39, 0xB2, 0x6B, 0x76,
    0x94, 0xBA, 0x29, 0x4F, 0x42, 0x13, 0x63, 0x14, 0xB5, 0xBE, 0xAD, 0x7E, 0x52, 0x95, 0x08, 0x4C,
    0x94, 0x9A, 0xA5, 0x1C, 0x39, 0xF3, 0x00, 0x2B, 0x52, 0x94, 0xBD, 0xFC, 0x6B, 0x77, 0x20, 0xEF,
    0x5A, 0xD6, 0x18, 0xCD, 0x31, 0x91, 0x08, 0x6D, 0x94, 0x99, 0xC6, 0x3D, 0xB5, 0x9E, 0x84, 0x3B,
    0x39, 0xD2, 0x00, 0x2B, 0x31, 0x91, 0x08, 0x2A, 0x31, 0x91, 0x00, 0x2B, 0x31, 0x91, 0x00, 0x0D,
    0x39, 0xD2, 0x7B, 0xF8, 0x9C, 0xFA, 0x29, 0x4F, 0x39, 0xD2, 0x4A, 0x55, 0xA5, 0x3E, 0x94, 0x9A,
    0x39, 0xF3, 0x6B, 0x56, 0xAD, 0x7B, 0x42, 0x32, 0x39, 0xD2, 0x39, 0xD2, 0x9C, 0xDD, 0xB5, 0xBD,
    0x52, 0x95, 0x10, 0x8E, 0x9C, 0xFB, 0x84, 0x18, 0x31, 0x92, 0x00, 0x0D, 0x31, 0x91, 0x00, 0x0E,
    0x42, 0x13, 0x8C, 0x59, 0x8C, 0x99, 0x31, 0xB0, 0x42, 0x33, 0x63, 0x37, 0xA5, 0x5E, 0x84, 0x18,
    0x31, 0x92, 0x31, 0x90, 0x9C, 0xFA, 0x6B, 0x55, 0x52, 0x74, 0x20, 0xEF, 0x8C, 0x5B, 0xAD, 0x5E,
    0x73, 0x97, 0x08, 0x2B, 0x63, 0x16, 0x94, 0xB9, 0x39, 0xD2, 0x00, 0x2B, 0x31, 0x91, 0x41, 0xF3,
    0xA5, 0x1E, 0x5A, 0xD4, 0x42, 0x13, 0x84, 0x38, 0x94, 0x99, 0x21, 0x0F, 0x39, 0xD2, 0x5A, 0xF6,
    0xAD, 0x7E, 0x84, 0x18, 0x31, 0x92, 0x00, 0x0D, 0x31, 0x91, 0x00, 0x2B, 0x31, 0x91, 0x00, 0x2B,
    0x31, 0x91, 0x08, 0x2A, 0x31, 0x91, 0x00, 0x2B, 0x29, 0x4E, 0x00, 0x0D, 0x00, 0x00, 0x00, 0x0B,
    0x00, 0x2B, 0x4A, 0x5A, 0x00, 0x2B, 0x39, 0xB4, 0x00, 0x0B, 0x31, 0x91, 0x00, 0x0D, 0x31, 0x91,
    0x00, 0x0D, 0x42, 0x34, 0xA5, 0x1A, 0xB5, 0xDD, 0x9C, 0xDC, 0x9D, 0x1E, 0x41, 0xF4, 0x52, 0x95,
    0x94, 0xDB, 0x52, 0x95, 0x00, 0x0D, 0x31, 0x91, 0x08, 0x4D, 0x8C, 0x7A, 0x7B, 0xFA, 0x39, 0xD3,
    0x10, 0x6B, 0x7B, 0xF8, 0xB5, 0xBB, 0xB5, 0xBC, 0xA5, 0x1C, 0xB5, 0x9D, 0x73, 0xB8, 0x39, 0xD3,
    0x00, 0x0C, 0x31, 0x91, 0x00, 0x2A, 0x31, 0x91, 0x00, 0x0C, 0x31, 0x91, 0x10, 0x6E, 0x7B, 0xF8,
    0xA5, 0x5B, 0xAD, 0x7B, 0xA5, 0x3A, 0xAD, 0x7D, 0xB5, 0x9D, 0x8C, 0x5A, 0x31, 0x70, 0x9C, 0xDA,
    0xAD, 0x7B, 0xAD, 0x7B, 0xB5, 0xBC, 0xA5, 0x3C, 0xB5, 0xBD, 0x7B, 0xD9, 0x08, 0x4B, 0x4A, 0x34,
    0x8C, 0x58, 0x4A, 0x54, 0x00, 0x0C, 0x31, 0x92, 0x5A, 0xD5, 0xA5, 0x3C, 0x18, 0xB0, 0x31, 0x91,
    0x21, 0x31, 0xA5, 0x3C, 0x52, 0x94, 0x31, 0x91, 0x10, 0x6D, 0x7B, 0xF8, 0xB5, 0xBB, 0xB5, 0xBC,
    0xA5, 0x1C, 0xB5, 0x9D, 0x73, 0xB7, 0x39, 0xD3, 0x00, 0x0D, 0x31, 0x91, 0x00, 0x0D, 0x31, 0x91,
    0x08, 0x2A, 0x31, 0x91, 0x08, 0x2A, 0x4A, 0x54, 0x8C, 0x79, 0xC6, 0x1D, 0xAD, 0x5B, 0xB5, 0xBD,
    0x9C, 0xDB, 0xA5, 0x3D, 0x42, 0x14, 0x31, 0x92, 0x42, 0x31, 0xA5, 0x1A, 0xB5, 0xDC, 0xAD, 0x7C,
    0xAD, 0x5C, 0xA5, 0x3C, 0x39, 0xF3, 0x31, 0x92, 0x18, 0xCF, 0x94, 0xB9, 0xB5, 0xBB, 0xAD, 0x7B,
    0x9D, 0x1A, 0xAD, 0x9D, 0x7B, 0xD8, 0x39, 0xD3, 0x18, 0xCF, 0xA5, 0x3C, 0x7B, 0xF7, 0x31, 0xB2,
    0x4A, 0x32, 0xAD, 0x7B, 0xAD, 0x5A, 0xB5, 0x9C, 0xA5, 0x3C, 0xB5, 0xBD, 0x94, 0x9A, 0x4A, 0x75,
    0x4A, 0x52, 0x9C, 0xFA, 0x10, 0x8E, 0x31, 0x91, 0x08, 0x2A, 0x52, 0xB6, 0xA5, 0x3C, 0x52, 0xB5,
    0x31, 0x92, 0x94, 0x9A, 0x84, 0x18, 0x5A, 0xD5, 0x00, 0x0E, 0x31, 0x91, 0x00, 0x0D, 0x31, 0x91,
    0x00, 0x0D, 0x31, 0x91, 0x00, 0x0C, 0x63, 0x17, 0xA5, 0x1D, 0x94, 0xB9, 0x10, 0x8C, 0x31, 0x91,
    0x00, 0x0B, 0x31, 0x91, 0x08, 0x2D, 0x8C, 0x99, 0xC6, 0x1D, 0xA5, 0x3C, 0x21, 0x0E, 0x31, 0x91,
    0x08, 0x2A, 0x31, 0x92, 0x52, 0xB5, 0xAD, 0x7C, 0x31, 0x92, 0x31, 0x91, 0x00, 0x0D, 0x42, 0x13,
    0x9C, 0xDB, 0x73, 0x99, 0x08, 0x2B, 0x42, 0x13, 0x7B, 0xF6, 0xB5, 0xDC, 0xAD, 0x9B, 0xAD, 0x7D,
    0xA5, 0x5C, 0x84, 0x19, 0x08, 0x6D, 0x31, 0x91, 0x00, 0x0C, 0x31, 0x91, 0x00, 0x2A, 0x31, 0x91,
    0x00, 0x0C, 0x31, 0x92, 0x39, 0xB2, 0xA5, 0x3B, 0xBD, 0xFC, 0xB5, 0xBC, 0xB5, 0xBD, 0xAD, 0x5C,
    0x94, 0xBC, 0x4A, 0x34, 0x08, 0x4C, 0x8C, 0x7A, 0x9C, 0xFB, 0x41, 0xF3, 0x08, 0x2B, 0x73, 0x97,
    0xA5, 0x3A, 0x41, 0xF3, 0x08, 0x2A, 0x31, 0x91, 0x08, 0x4C, 0x8C, 0x79, 0xA5, 0x3A, 0x41, 0xF3,
    0x00, 0x0C, 0x31, 0x91, 0x39, 0xD3, 0xB5, 0xBD, 0x52, 0xB4, 0x31, 0x91, 0x18, 0xCF, 0x94, 0xB9,
    0xBE, 0x1C, 0xB5, 0x9C, 0xA5, 0x5C, 0xBD, 0xDD, 0x73, 0xD7, 0x39, 0xD3, 0x08, 0x2C, 0x6B, 0x56,
    0xAD, 0x9B, 0xB5, 0xBC, 0xA5, 0x3A, 0xB5, 0x9C, 0x8C, 0x9A, 0xB5, 0xBD, 0x31, 0x90, 0x39, 0xB2,
    0x7B, 0xF9, 0xA5, 0x3C, 0x10, 0xB0, 0x31, 0x91, 0x20, 0xF0, 0xAD, 0x5B, 0xB5, 0xBC, 0x9C, 0xFD,
    0x9C, 0xFD, 0x5A, 0xD7, 0x08, 0x2A, 0x31, 0x91, 0x39, 0xD2, 0xC6, 0x3D, 0xBD, 0xFD, 0x62, 0xF6,
    0x00, 0x0C, 0x31, 0x91, 0x00, 0x0C, 0x31, 0x91, 0x00, 0x2A, 0x31, 0x91, 0x00, 0x0C, 0x31, 0x91,
    0x00, 0x2D, 0x63, 0x16, 0xA5, 0x3A, 0xAD, 0x9B, 0xA5, 0x1A, 0xAD, 0x5D, 0xA5, 0x5C, 0x62, 0xF6,
    0x08, 0x2B, 0x42, 0x33, 0x8C, 0x58, 0xBD, 0xFC, 0xAD, 0x5B, 0xAD, 0x9D, 0xB5, 0x9D, 0x73, 0xB8,
    0x08, 0x4B, 0x39, 0xD2, 0x94, 0xB9, 0x8C, 0x79, 0x08, 0x2C, 0x31, 0x91, 0x00, 0x0C, 0x31, 0x91,
    0x00, 0x2E, 0x63, 0x15, 0x9C, 0xD9, 0xBD, 0xDC, 0xAD, 0x5B, 0xB5, 0x9D, 0x94, 0xBA, 0x5A, 0xB5,
    0x00, 0x2B, 0x39, 0xB2, 0x5A, 0xF4, 0xA5, 0x5B, 0xB5, 0xBB, 0xB5, 0x9C, 0xAD, 0x7D, 0x94, 0x9B,
    0x20, 0xEF, 0x31, 0x92, 0x4A, 0x52, 0x9C, 0xFA, 0x10, 0x8B, 0x31, 0x91, 0x00, 0x0C, 0x52, 0xB6,
    0xAD, 0x7D, 0x6B, 0x78, 0x08, 0x2E, 0x63, 0x36, 0xA5, 0x3A, 0xAD, 0x9B, 0xA5, 0x1A, 0xAD, 0x5D,
    0xA5, 0x3B, 0x5A, 0xF6, 0x00, 0x0D, 0x31, 0x91, 0x00, 0x0D, 0x31, 0x91, 0x00, 0x0C, 0x31, 0x91,
    0x00, 0x0C, 0x31, 0x91, 0x00, 0x2A, 0x4A, 0x39, 0x00, 0x0C, 0x00, 0x00, 0x00, 0x0D, 0x00, 0x00,
    0x73, 0x5F, 0x00, 0x2B, 0x4A, 0x39, 0x08, 0x2A, 0x00, 0x00, 0x00, 0x2B, 0x31, 0x92, 0x00, 0x0E,
    0x31, 0x92, 0x08, 0x2D, 0x42, 0x33, 0x31, 0x90, 0x5A, 0xB6, 0x31, 0xB1, 0x39, 0xF3, 0x10, 0x6F,
    0x52, 0x95, 0x10, 0x8F, 0x31, 0x92, 0x00, 0x0E, 0x31, 0x92, 0x20, 0xEF, 0x52, 0x75, 0x08, 0x4B,
    0x31, 0x92, 0x08, 0x4B, 0x4A, 0x74, 0x31, 0xB1, 0x52, 0xB5, 0x29, 0x51, 0x39, 0xD2, 0x00, 0x0D,
    0x31, 0x92, 0x00, 0x0C, 0x31, 0x92, 0x00, 0x2B, 0x31, 0x92, 0x00, 0x2B, 0x5A, 0xB5, 0x9D, 0x1A,
    0x6B, 0x57, 0x18, 0xCE, 0x42, 0x14, 0x31, 0x6F, 0x94, 0xBB, 0xBD, 0xFD, 0x5A, 0xD7, 0x20, 0xED,
    0x52, 0x94, 0x31, 0x8F, 0x52, 0x95, 0x18, 0xCF, 0x52, 0x95, 0x21, 0x10, 0x39, 0xB2, 0x08, 0x6C,
    0x4A, 0x54, 0x10, 0x6B, 0x31, 0x92, 0x00, 0x2B, 0x42, 0x14, 0x31, 0x90, 0x39, 0xB2, 0x00, 0x0C,
    0x39, 0xD3, 0x41, 0xF3, 0x42, 0x13, 0x00, 0x0C, 0x31, 0x92, 0x08, 0x2C, 0x4A, 0x74, 0x31, 0xB0,
    0x52, 0xB5, 0x29, 0x4F, 0x39, 0xD2, 0x00, 0x2B, 0x31, 0x92, 0x00, 0x0E, 0x31, 0x92, 0x00, 0x0D,
    0x31, 0x92, 0x00, 0x2B, 0x31, 0x92, 0x08, 0x2B, 0x41, 0xF3, 0x29, 0x71, 0x52, 0x94, 0x29, 0x51,
    0x41, 0xF3, 0x39, 0xD4, 0x42, 0x14, 0x00, 0x0C, 0x31, 0x92, 0x18, 0xAD, 0x52, 0x95, 0x31, 0xB0,
    0x52, 0xB5, 0x18, 0xCF, 0x31, 0x92, 0x00, 0x0D, 0x31, 0x92, 0x10, 0x8E, 0x52, 0x94, 0x31, 0x91,
    0x52, 0xB5, 0x31, 0x70, 0x39, 0xD3, 0x00, 0x2B, 0x39, 0xB2, 0x29, 0x70, 0x4A, 0x54, 0x18, 0xCE,
    0x94, 0xBA, 0x73, 0x95, 0x42, 0x14, 0x18, 0xCD, 0x4A, 0x55, 0x6B, 0x76, 0xC6, 0x3E, 0x63, 0x16,
    0x42, 0x13, 0x29, 0x30, 0x31, 0xB2, 0x00, 0x0D, 0x31, 0x92, 0x10, 0x8C, 0x52, 0xB5, 0x10, 0x8C,
    0x39, 0xB2, 0x08, 0x4C, 0x31, 0xB2, 0x08, 0x2B, 0x31, 0x92, 0x00, 0x0C, 0x31, 0x92, 0x00, 0x2B,
    0x31, 0x92, 0x00, 0x0C, 0x31, 0x92, 0x08, 0x2C, 0x63, 0x16, 0xBD, 0xDC, 0x8C, 0x99, 0x10, 0x8C,
    0x31, 0x92, 0x00, 0x2B, 0x31, 0x92, 0x21, 0x10, 0x52, 0x94, 0x29, 0x50, 0x39, 0xD3, 0x00, 0x2B,
    0x31, 0x92, 0x00, 0x2B, 0x42, 0x13, 0x31, 0x92, 0x39, 0xF3, 0x00, 0x0E, 0x31, 0x92, 0x08, 0x2E,
    0x52, 0x74, 0x21, 0x10, 0x31, 0x92, 0x00, 0x2A, 0x39, 0xB2, 0x29, 0x2E, 0x5A, 0xB5, 0x31, 0xB1,
    0x4A, 0x54, 0x08, 0x4D, 0x31, 0x92, 0x00, 0x0D, 0x31, 0x92, 0x00, 0x0C, 0x31, 0x92, 0x00, 0x2B,
    0x31, 0x92, 0x00, 0x2B, 0x31, 0x92, 0x20, 0xEF, 0x52, 0x95, 0x31, 0x6F, 0x52, 0x74, 0x20, 0xED,
    0x5A, 0xB6, 0x10, 0x6C, 0x31, 0xB2, 0x29, 0x2E, 0x52, 0x95, 0x08, 0x4B, 0x31, 0x92, 0x18, 0xCF,
    0x52, 0x74, 0x08, 0x2D, 0x31, 0x92, 0x00, 0x2B, 0x31, 0x92, 0x29, 0x2E, 0x52, 0x74, 0x08, 0x2B,
    0x31, 0x92, 0x00, 0x2B, 0x39, 0xD3, 0x31, 0x91, 0x42, 0x14, 0x00, 0x2B, 0x31, 0x92, 0x10, 0x8D,
    0x63, 0x36, 0x5A, 0xD4, 0x73, 0x97, 0x39, 0xF1, 0x39, 0xD2, 0x08, 0x2A, 0x31, 0x92, 0x10, 0x6C,
    0x52, 0x74, 0x31, 0x92, 0x52, 0xB5, 0x29, 0x30, 0x42, 0x34, 0x31, 0xB0, 0x39, 0xD3, 0x08, 0x2C,
    0x4A, 0x54, 0x29, 0x72, 0x39, 0xB2, 0x00, 0x0E, 0x31, 0xB2, 0x18, 0xF0, 0x52, 0xB5, 0x39, 0xB2,
    0x52, 0xB6, 0x10, 0x8D, 0x39, 0xB2, 0x21, 0x0D, 0x5A, 0xD5, 0xB5, 0xBC, 0x94, 0xDB, 0x10, 0x6E,
    0x31, 0x92, 0x00, 0x0D, 0x31, 0x92, 0x00, 0x0C, 0x31, 0x92, 0x00, 0x2B, 0x31, 0x92, 0x00, 0x2B,
    0x31, 0x92, 0x08, 0x2C, 0x4A, 0x54, 0x31, 0x90, 0x5A, 0xB5, 0x31, 0xB0, 0x4A, 0x74, 0x08, 0x2B,
    0x31, 0x92, 0x08, 0x2A, 0x41, 0xF3, 0x52, 0x71, 0x73, 0x97, 0x52, 0xB4, 0x52, 0x95, 0x08, 0x2D,
    0x31, 0x92, 0x08, 0x2B, 0x4A, 0x54, 0x21, 0x0E, 0x31, 0x92, 0x00, 0x2B, 0x31, 0x92, 0x00, 0x2B,
    0x31, 0x92, 0x08, 0x2C, 0x42, 0x13, 0x31, 0x90, 0x5A, 0xB5, 0x31, 0x70, 0x41, 0xF3, 0x08, 0x2C,
    0x31, 0x92, 0x00, 0x2B, 0x31, 0xB2, 0x20, 0xED, 0x52, 0xB5, 0x31, 0xB0, 0x52, 0x75, 0x10, 0x8F,
    0x31, 0x92, 0x00, 0x0D, 0x41, 0xF3, 0x29, 0x2E, 0x31, 0xB2, 0x00, 0x2B, 0x31, 0x92, 0x10, 0x8F,
    0x52, 0xB5, 0x18, 0xD0, 0x31, 0x92, 0x08, 0x2E, 0x4A, 0x54, 0x31, 0x91, 0x5A, 0xB5, 0x31, 0xB0,
    0x4A, 0x34, 0x08, 0x2A, 0x31, 0x92, 0x00, 0x0C, 0x31, 0x92, 0x00, 0x0D, 0x31, 0x92, 0x00, 0x0D,
    0x31, 0x92, 0x00, 0x0C, 0x31, 0x92, 0x00, 0x2B, 0x29, 0x4F, 0x00, 0x2B, 0x00, 0x00, 0x00, 0x0B,
    0x00, 0x0C, 0x52, 0x7B, 0x00, 0x2B, 0x39, 0xD4, 0x08, 0x2A, 0x31, 0x92, 0x00, 0x2B, 0x31, 0x92,
    0x00, 0x0D, 0x31, 0x92, 0x00, 0x0D, 0x31, 0x92, 0x00, 0x0B, 0x31, 0x92, 0x00, 0x0C, 0x31, 0x92,
    0x00, 0x0C, 0x31, 0x92, 0x00, 0x0D, 0x31, 0x92, 0x00, 0x0E, 0x31, 0x92, 0x00, 0x0D, 0x31, 0x92,
    0x00, 0x2B, 0x31, 0x92, 0x08, 0x2A, 0x31, 0x92, 0x00, 0x2B, 0x31, 0x92, 0x00, 0x0B, 0x31, 0x92,
    0x00, 0x0C, 0x31, 0x92, 0x00, 0x0C, 0x31, 0x92, 0x00, 0x2B, 0x31, 0xB2, 0x39, 0xD1, 0x94, 0xBB,
    0x94, 0xB9, 0x84, 0x59, 0x63, 0x15, 0x8C, 0x7C, 0x9C, 0xDD, 0x94, 0xBC, 0x29, 0x30, 0x31, 0x92,
    0x08, 0x2A, 0x31, 0x92, 0x08, 0x2A, 0x31, 0x92, 0x00, 0x0D, 0x31, 0x92, 0x00, 0x0C, 0x31, 0x92,
    0x08, 0x2A, 0x31, 0x92, 0x08, 0x2A, 0x31, 0x92, 0x00, 0x2B, 0x31, 0x92, 0x00, 0x2B, 0x31, 0x92,
    0x00, 0x2A, 0x31, 0x92, 0x08, 0x2A, 0x31, 0x92, 0x00, 0x2B, 0x31, 0x92, 0x00, 0x0C, 0x31, 0x92,
    0x00, 0x2B, 0x31, 0x92, 0x08, 0x2A, 0x31, 0x92, 0x00, 0x2B, 0x31, 0x92, 0x00, 0x0D, 0x31, 0x92,
    0x00, 0x0D, 0x31, 0x92, 0x00, 0x0B, 0x31, 0x92, 0x00, 0x0C, 0x31, 0x92, 0x00, 0x0C, 0x31, 0x92,
    0x00, 0x0D, 0x31, 0x92, 0x00, 0x0E, 0x31, 0x92, 0x00, 0x0D, 0x31, 0x92, 0x00, 0x2B, 0x31, 0x92,
    0x08, 0x2A, 0x31, 0x92, 0x00, 0x2B, 0x31, 0x92, 0x00, 0x0B, 0x31, 0x92, 0x00, 0x0C, 0x31, 0x92,
    0x00, 0x0C, 0x31, 0x92, 0x00, 0x2B, 0x31, 0x92, 0x08, 0x2A, 0x31, 0x92, 0x00, 0x2B, 0x42, 0x14,
    0x7B, 0xF9, 0xA5, 0x3B, 0x7C, 0x17, 0x73, 0xB8, 0x7B, 0xD9, 0x9C, 0xDD, 0x9C, 0xDC, 0x63, 0x17,
    0x08, 0x2A, 0x31, 0x92, 0x00, 0x0D, 0x31, 0x92, 0x00, 0x0C, 0x31, 0x92, 0x08, 0x2A, 0x31, 0x92,
    0x08, 0x2A, 0x31, 0x92, 0x00, 0x2B, 0x31, 0x92, 0x00, 0x2B, 0x31, 0x92, 0x00, 0x2A, 0x31, 0x92,
    0x08, 0x2A, 0x31, 0x92, 0x00, 0x2B, 0x31, 0x92, 0x08, 0x2C, 0x73, 0x97, 0x6B, 0x55, 0x41, 0xF3,
    0x08, 0x2A, 0x31, 0x92, 0x00, 0x2B, 0x31, 0x92, 0x00, 0x0D, 0x31, 0x92, 0x00, 0x0D, 0x31, 0x92,
    0x00, 0x0B, 0x31, 0x92, 0x00, 0x0C, 0x31, 0x92, 0x00, 0x0C, 0x31, 0x92, 0x00, 0x0D, 0x31, 0x92,
    0x00, 0x0E, 0x31, 0x92, 0x00, 0x0D, 0x31, 0x92, 0x00, 0x2B, 0x31, 0x92, 0x08, 0x2A, 0x31, 0x92,
    0x00, 0x2B, 0x31, 0x92, 0x00, 0x0B, 0x31, 0x92, 0x00, 0x0C, 0x31, 0x92, 0x00, 0x0C, 0x31, 0x92,
    0x00, 0x2B, 0x31, 0x92, 0x08, 0x2A, 0x31, 0x92, 0x00, 0x2B, 0x31, 0x92, 0x00, 0x0C, 0x31, 0x92,
    0x00, 0x2B, 0x31, 0x92, 0x00, 0x0C, 0x31, 0x92, 0x08, 0x2A, 0x31, 0x92, 0x08, 0x2A, 0x31, 0x92,
    0x00, 0x0D, 0x31, 0x92, 0x00, 0x0C, 0x31, 0x92, 0x08, 0x2A, 0x31, 0x92, 0x08, 0x2A, 0x31, 0x92,
    0x00, 0x2B, 0x31, 0x92, 0x00, 0x2B, 0x31, 0x92, 0x00, 0x2A, 0x31, 0x92, 0x08, 0x2A, 0x31, 0x92,
    0x00, 0x2B, 0x31, 0x92, 0x00, 0x0C, 0x31, 0x92, 0x00, 0x2B, 0x31, 0x92, 0x08, 0x2A, 0x31, 0x92,
    0x00, 0x2B, 0x31, 0x92, 0x00, 0x0D, 0x31, 0x92, 0x00, 0x0D, 0x31, 0x92, 0x00, 0x0B, 0x31, 0x92,
    0x00, 0x0C, 0x31, 0x92, 0x00, 0x0C, 0x31, 0x92, 0x00, 0x0D, 0x31, 0x92, 0x00, 0x0E, 0x31, 0x92,
    0x00, 0x0D, 0x31, 0x92, 0x31, 0x91, 0xA5, 0x5B, 0xB5, 0xBB, 0xB5, 0xDD, 0x4A, 0x54, 0x31, 0xB2,
    0x00, 0x0B, 0x31, 0x92, 0x00, 0x0C, 0x31, 0x92, 0x00, 0x0C, 0x31, 0x92, 0x00, 0x2B, 0x31, 0x92,
    0x08, 0x2A, 0x31, 0x92, 0x00, 0x2B, 0x31, 0x92, 0x00, 0x0C, 0x31, 0x92, 0x00, 0x2B, 0x31, 0x92,
    0x00, 0x0C, 0x31, 0x92, 0x08, 0x2A, 0x31, 0x92, 0x08, 0x2A, 0x31, 0x92, 0x00, 0x0D, 0x31, 0x92,
    0x00, 0x0C, 0x31, 0x92, 0x08, 0x2A, 0x31, 0x92, 0x08, 0x2A, 0x31, 0x92, 0x00, 0x2B, 0x31, 0x92,
    0x00, 0x2B, 0x31, 0x92, 0x00, 0x2A, 0x31, 0x92, 0x08, 0x2A, 0x31, 0x92, 0x00, 0x2B, 0x31, 0x92,
    0x00, 0x0C, 0x31, 0x92, 0x00, 0x2B, 0x31, 0x92, 0x08, 0x2A, 0x31, 0x92, 0x00, 0x2B, 0x31, 0x92,
    0x00, 0x0D, 0x31, 0x92, 0x00, 0x0D, 0x31, 0x92, 0x00, 0x0B, 0x31, 0x92, 0x00, 0x0C, 0x31, 0x92,
    0x00, 0x0C, 0x31, 0x92, 0x00, 0x0D, 0x31, 0x92, 0x00, 0x0E, 0x31, 0x92, 0x00, 0x0D, 0x31, 0x92,
    0x00, 0x2B, 0x31, 0x92, 0x08, 0x2A, 0x31, 0x92, 0x00, 0x2B, 0x31, 0x92, 0x00, 0x0B, 0x31, 0x92,
    0x00, 0x0C, 0x31, 0x92, 0x00, 0x0C, 0x4A, 0x5A, 0x00, 0x2B, 0x00, 0x00, 0x08, 0x2A, 0x00, 0x00,
    0x73, 0x7F, 0x00, 0x0D, 0x4A, 0x59, 0x00, 0x2B, 0x00, 0x00, 0x08, 0x2A, 0x31, 0xB2, 0x00, 0x2B,
    0x31, 0xB2, 0x00, 0x0C, 0x31, 0xB2, 0x00, 0x0D, 0x31, 0xB2, 0x00, 0x0B, 0x31, 0xB2, 0x00, 0x0C,
    0x31, 0xB2, 0x00, 0x2B, 0x31, 0xB2, 0x00, 0x0C, 0x31, 0xB2, 0x00, 0x0D, 0x31, 0xB2, 0x00, 0x0D,
    0x31, 0xB2, 0x00, 0x2B, 0x31, 0xB2, 0x00, 0x2A, 0x31, 0xB2, 0x00, 0x0C, 0x31, 0xB2, 0x00, 0x2A,
    0x31, 0xB2, 0x00, 0x2B, 0x31, 0xB2, 0x00, 0x2B, 0x31, 0xB2, 0x00, 0x2B, 0x39, 0xB3, 0x29, 0x2E,
    0x6B, 0x57, 0x5A, 0xB3, 0x73, 0xB7, 0x5A, 0xF5, 0x63, 0x17, 0x21, 0x10, 0x39, 0xB2, 0x00, 0x0C,
    0x31, 0xB2, 0x08, 0x2A, 0x31, 0xB2, 0x00, 0x2A, 0x31, 0xB2, 0x00, 0x0D, 0x31, 0xB2, 0x08, 0x2A,
    0x31, 0xB2, 0x08, 0x2A, 0x31, 0xB2, 0x00, 0x2B, 0x31, 0xB2, 0x00, 0x0C, 0x31, 0xB2, 0x00, 0x2B,
    0x31, 0xB2, 0x08, 0x2A, 0x31, 0xB2, 0x08, 0x2A, 0x31, 0xB2, 0x00, 0x0C, 0x31, 0xB2, 0x00, 0x0D,
    0x31, 0xB2, 0x00, 0x2B, 0x31, 0xB2, 0x08, 0x2A, 0x31, 0xB2, 0x00, 0x2B, 0x31, 0xB2, 0x00, 0x0C,
    0x31, 0xB2, 0x00, 0x0D, 0x31, 0xB2, 0x00, 0x0B, 0x31, 0xB2, 0x00, 0x0C, 0x31, 0xB2, 0x00, 0x2B,
    0x31, 0xB2, 0x00, 0x0C, 0x31, 0xB2, 0x00, 0x0D, 0x31, 0xB2, 0x00, 0x0D, 0x31, 0xB2, 0x00, 0x2B,
    0x31, 0xB2, 0x00, 0x2A, 0x31, 0xB2, 0x00, 0x0C, 0x31, 0xB2, 0x00, 0x2A, 0x31, 0xB2, 0x00, 0x2B,
    0x31, 0xB2, 0x00, 0x2B, 0x31, 0xB2, 0x00, 0x2B, 0x31, 0xB2, 0x08, 0x2A, 0x31, 0xB2, 0x08, 0x2C,
    0x42, 0x14, 0x41, 0xF2, 0x73, 0x97, 0x5A, 0xD4, 0x73, 0xB8, 0x52, 0x95, 0x52, 0x96, 0x08, 0x4B,
    0x31, 0xB2, 0x00, 0x2A, 0x31, 0xB2, 0x00, 0x0D, 0x31, 0xB2, 0x08, 0x2A, 0x31, 0xB2, 0x08, 0x2A,
    0x31, 0xB2, 0x00, 0x2B, 0x31, 0xB2, 0x00, 0x0C, 0x31, 0xB2, 0x00, 0x2B, 0x31, 0xB2, 0x08, 0x2A,
    0x31, 0xB2, 0x08, 0x2A, 0x31, 0xB2, 0x00, 0x0C, 0x31, 0xB2, 0x00, 0x0D, 0x31, 0xB2, 0x00, 0x2B,
    0x31, 0xB2, 0x08, 0x2A, 0x31, 0xB2, 0x00, 0x2B, 0x31, 0xB2, 0x00, 0x0C, 0x31, 0xB2, 0x00, 0x0D,
    0x31, 0xB2, 0x00, 0x0B, 0x31, 0xB2, 0x00, 0x0C, 0x31, 0xB2, 0x00, 0x2B, 0x31, 0xB2, 0x00, 0x0C,
    0x31, 0xB2, 0x00, 0x0D, 0x31, 0xB2, 0x00, 0x0D, 0x31, 0xB2, 0x00, 0x2B, 0x31, 0xB2, 0x00, 0x2A,
    0x31, 0xB2, 0x00, 0x0C, 0x31, 0xB2, 0x00, 0x2A, 0x31, 0xB2, 0x00, 0x2B, 0x31, 0xB2, 0x00, 0x2B,
    0x31, 0xB2, 0x00, 0x2B, 0x31, 0xB2, 0x08, 0x2A, 0x31, 0xB2, 0x00, 0x0C, 0x31, 0xB2, 0x00, 0x0C,
    0x31, 0xB2, 0x00, 0x0C, 0x31, 0xB2, 0x00, 0x0C, 0x31, 0xB2, 0x08, 0x2A, 0x31, 0xB2, 0x00, 0x2A,
    0x31, 0xB2, 0x00, 0x0D, 0x31, 0xB2, 0x08, 0x2A, 0x31, 0xB2, 0x08, 0x2A, 0x31, 0xB2, 0x00, 0x2B,
    0x31, 0xB2, 0x00, 0x0C, 0x31, 0xB2, 0x00, 0x2B, 0x31, 0xB2, 0x08, 0x2A, 0x31, 0xB2, 0x08, 0x2A,
    0x31, 0xB2, 0x00, 0x0C, 0x31, 0xB2, 0x00, 0x0D, 0x31, 0xB2, 0x00, 0x2B, 0x31, 0xB2, 0x08, 0x2A,
    0x31, 0xB2, 0x00, 0x2B, 0x31, 0xB2, 0x00, 0x0C, 0x31, 0xB2, 0x00, 0x0D, 0x31, 0xB2, 0x00, 0x0B,
    0x31, 0xB2, 0x00, 0x0C, 0x31, 0xB2, 0x00, 0x2B, 0x31, 0xB2, 0x00, 0x0C, 0x31, 0xB2, 0x00, 0x0D,
    0x31, 0xB2, 0x00, 0x0D, 0x42, 0x14, 0x52, 0x93, 0x73, 0x97, 0x31, 0x8F, 0x39, 0xB3, 0x00, 0x0C,
    0x31, 0xB2, 0x00, 0x2A, 0x31, 0xB2, 0x00, 0x2B, 0x31, 0xB2, 0x00, 0x2B, 0x31, 0xB2, 0x00, 0x2B,
    0x31, 0xB2, 0x08, 0x2A, 0x31, 0xB2, 0x00, 0x0C, 0x31, 0xB2, 0x00, 0x0C, 0x31, 0xB2, 0x00, 0x0C,
    0x31, 0xB2, 0x00, 0x0C, 0x31, 0xB2, 0x08, 0x2A, 0x31, 0xB2, 0x00, 0x2A, 0x31, 0xB2, 0x00, 0x0D,
    0x31, 0xB2, 0x08, 0x2A, 0x31, 0xB2, 0x08, 0x2A, 0x31, 0xB2, 0x00, 0x2B, 0x31, 0xB2, 0x00, 0x0C,
    0x31, 0xB2, 0x00, 0x2B, 0x31, 0xB2, 0x08, 0x2A, 0x31, 0xB2, 0x08, 0x2A, 0x31, 0xB2, 0x00, 0x0C,
    0x31, 0xB2, 0x00, 0x0D, 0x31, 0xB2, 0x00, 0x2B, 0x31, 0xB2, 0x08, 0x2A, 0x31, 0xB2, 0x00, 0x2B,
    0x31, 0xB2, 0x00, 0x0C, 0x31, 0xB2, 0x00, 0x0D, 0x31, 0xB2, 0x00, 0x0B, 0x31, 0xB2, 0x00, 0x0C,
    0x31, 0xB2, 0x00, 0x2B, 0x31, 0xB2, 0x00, 0x0C, 0x31, 0xB2, 0x00, 0x0D, 0x31, 0xB2, 0x00, 0x0D,
    0x31, 0xB2, 0x00, 0x2B, 0x31, 0xB2, 0x00, 0x2A, 0x31, 0xB2, 0x00, 0x0C, 0x31, 0xB2, 0x00, 0x2A,
    0x31, 0xB2, 0x00, 0x2B, 0x31, 0xB2, 0x00, 0x2B, 0x29, 0x4F, 0x00, 0x2B, 0x00, 0x00, 0x08, 0x2A,
    0x00, 0x0D, 0x52, 0x7B, 0x00, 0x0D, 0x39, 0xF5, 0x00, 0x2B, 0x39, 0xB2, 0x00, 0x2B, 0x39, 0xB2,
    0x00, 0x2B, 0x39, 0xB2, 0x00, 0x0C, 0x39, 0xB2, 0x00, 0x0C, 0x39, 0xB2, 0x00, 0x2B, 0x39, 0xB2,
    0x00, 0x0B, 0x39, 0xB2, 0x00, 0x2B, 0x39, 0xB2, 0x00, 0x0B, 0x39, 0xB2, 0x00, 0x0C, 0x39, 0xB2,
    0x00, 0x0C, 0x39, 0xB2, 0x00, 0x0C, 0x39, 0xB2, 0x00, 0x0C, 0x39, 0xB2, 0x00, 0x0C, 0x39, 0xB2,
    0x08, 0x2A, 0x39, 0xB2, 0x00, 0x2B, 0x39, 0xB2, 0x00, 0x0C, 0x39, 0xB2, 0x00, 0x2B, 0x39, 0xB2,
    0x08, 0x2A, 0x39, 0xB2, 0x00, 0x0C, 0x39, 0xB2, 0x00, 0x0C, 0x39, 0xB2, 0x00, 0x0C, 0x39, 0xB2,
    0x00, 0x0C, 0x39, 0xB2, 0x00, 0x2B, 0x39, 0xB2, 0x00, 0x2B, 0x39, 0xB2, 0x00, 0x0C, 0x39, 0xB2,
    0x08, 0x2A, 0x39, 0xB2, 0x08, 0x2A, 0x39, 0xB2, 0x00, 0x0C, 0x39, 0xB2, 0x00, 0x0C, 0x39, 0xB2,
    0x00, 0x0C, 0x39, 0xB2, 0x08, 0x2A, 0x39, 0xB2, 0x00, 0x2B, 0x39, 0xB2, 0x00, 0x0D, 0x39, 0xB2,
    0x00, 0x0D, 0x39, 0xB2, 0x00, 0x2B, 0x39, 0xB2, 0x00, 0x2B, 0x39, 0xB2, 0x00, 0x2B, 0x39, 0xB2,
    0x00, 0x0C, 0x39, 0xB2, 0x00, 0x0C, 0x39, 0xB2, 0x00, 0x2B, 0x39, 0xB2, 0x00, 0x0B, 0x39, 0xB2,
    0x00, 0x2B, 0x39, 0xB2, 0x00, 0x0B, 0x39, 0xB2, 0x00, 0x0C, 0x39, 0xB2, 0x00, 0x0C, 0x39, 0xB2,
    0x00, 0x0C, 0x39, 0xB2, 0x00, 0x0C, 0x39, 0xB2, 0x00, 0x0C, 0x39, 0xB2, 0x08, 0x2A, 0x39, 0xB2,
    0x00, 0x2B, 0x39, 0xB2, 0x00, 0x0C, 0x39, 0xB2, 0x00, 0x2B, 0x39, 0xB2, 0x08, 0x2A, 0x39, 0xB2,
    0x00, 0x0C, 0x39, 0xB2, 0x00, 0x0C, 0x39, 0xB2, 0x00, 0x0C, 0x39, 0xB2, 0x00, 0x0C, 0x39, 0xB2,
    0x00, 0x2B, 0x39, 0xB2, 0x00, 0x2B, 0x39, 0xB2, 0x00, 0x0C, 0x39, 0xB2, 0x08, 0x2A, 0x39, 0xB2,
    0x08, 0x2A, 0x39, 0xB2, 0x00, 0x0C, 0x39, 0xB2, 0x00, 0x0C, 0x39, 0xB2, 0x00, 0x0C, 0x39, 0xB2,
    0x08, 0x2A, 0x39, 0xB2, 0x00, 0x2B, 0x39, 0xB2, 0x00, 0x0D, 0x39, 0xB2, 0x00, 0x0D, 0x39, 0xB2,
    0x00, 0x2B, 0x39, 0xB2, 0x00, 0x2B, 0x39, 0xB2, 0x00, 0x2B, 0x39, 0xB2, 0x00, 0x0C, 0x39, 0xB2,
    0x00, 0x0C, 0x39, 0xB2, 0x08, 0x2B, 0x42, 0x14, 0x10, 0x8E, 0x39, 0xB2, 0x00, 0x2B, 0x39, 0xB2,
    0x00, 0x0B, 0x39, 0xB2, 0x00, 0x0C, 0x39, 0xB2, 0x00, 0x0C, 0x39, 0xB2, 0x00, 0x0C, 0x39, 0xB2,
    0x00, 0x0C, 0x39, 0xB2, 0x00, 0x0C, 0x39, 0xB2, 0x08, 0x2A, 0x39, 0xB2, 0x00, 0x2B, 0x39, 0xB2,
    0x00, 0x0C, 0x39, 0xB2, 0x00, 0x2B, 0x39, 0xB2, 0x08, 0x2A, 0x39, 0xB2, 0x00, 0x0C, 0x39, 0xB2,
    0x00, 0x0C, 0x39, 0xB2, 0x00, 0x0C, 0x39, 0xB2, 0x00, 0x0C, 0x39, 0xB2, 0x00, 0x2B, 0x39, 0xB2,
    0x00, 0x2B, 0x39, 0xB2, 0x00, 0x0C, 0x39, 0xB2, 0x08, 0x2A, 0x39, 0xB2, 0x08, 0x2A, 0x39, 0xB2,
    0x00, 0x0C, 0x39, 0xB2, 0x00, 0x0C, 0x39, 0xB2, 0x00, 0x0C, 0x39, 0xB2, 0x08, 0x2A, 0x39, 0xB2,
    0x00, 0x2B, 0x39, 0xB2, 0x00, 0x0D, 0x39, 0xB2, 0x00, 0x0D, 0x39, 0xB2, 0x00, 0x2B, 0x39, 0xB2,
    0x00, 0x2B, 0x39, 0xB2, 0x00, 0x2B, 0x39, 0xB2, 0x00, 0x0C, 0x39, 0xB2, 0x00, 0x0C, 0x39, 0xB2,
    0x00, 0x2B, 0x39, 0xB2, 0x00, 0x0B, 0x39, 0xB2, 0x00, 0x2B, 0x39, 0xB2, 0x00, 0x0B, 0x39, 0xB2,
    0x00, 0x0C, 0x39, 0xB2, 0x00, 0x0C, 0x39, 0xB2, 0x00, 0x0C, 0x39, 0xB2, 0x00, 0x0C, 0x39, 0xB2,
    0x00, 0x0C, 0x39, 0xB2, 0x08, 0x2A, 0x39, 0xB2, 0x00, 0x2B, 0x39, 0xB2, 0x00, 0x0C, 0x39, 0xB2,
    0x00, 0x2B, 0x39, 0xB2, 0x08, 0x2A, 0x39, 0xB2, 0x00, 0x0C, 0x39, 0xB2, 0x00, 0x0C, 0x39, 0xB2,
    0x00, 0x0C, 0x39, 0xB2, 0x00, 0x0C, 0x39, 0xB2, 0x00, 0x2B, 0x39, 0xB2, 0x00, 0x2B, 0x39, 0xB2,
    0x00, 0x0C, 0x39, 0xB2, 0x08, 0x2A, 0x39, 0xB2, 0x08, 0x2A, 0x39, 0xB2, 0x00, 0x0C, 0x39, 0xB2,
    0x00, 0x0C, 0x39, 0xB2, 0x00, 0x0C, 0x39, 0xB2, 0x08, 0x2A, 0x39, 0xB2, 0x00, 0x2B, 0x39, 0xB2,
    0x00, 0x0D, 0x39, 0xB2, 0x00, 0x0D, 0x39, 0xB2, 0x00, 0x2B, 0x39, 0xB2, 0x00, 0x2B, 0x39, 0xB2,
    0x00, 0x2B, 0x39, 0xB2, 0x00, 0x0C, 0x39, 0xB2, 0x00, 0x0C, 0x39, 0xB2, 0x00, 0x2B, 0x39, 0xB2,
    0x00, 0x0B, 0x39, 0xB2, 0x00, 0x2B, 0x39, 0xB2, 0x00, 0x0B, 0x39, 0xB2, 0x00, 0x0C, 0x39, 0xB2,
    0x00, 0x0C, 0x39, 0xB2, 0x00, 0x0C, 0x39, 0xB2, 0x00, 0x0C, 0x39, 0xB2, 0x00, 0x0C, 0x39, 0xB2,
    0x08, 0x2A, 0x39, 0xB2, 0x00, 0x2B, 0x52, 0x7A, 0x00, 0x0C, 0x00, 0x00, 0x00, 0x2B, 0x00, 0x00,
    0x7B, 0xBF, 0x00, 0x0D, 0x4A, 0x5A, 0x00, 0x0C, 0x00, 0x00, 0x00, 0x2B, 0x39, 0xB2, 0x00, 0x2B,
    0x39, 0xB2, 0x08, 0x4B, 0x39, 0xD3, 0x08, 0x2C, 0x39, 0xB2, 0x00, 0x0B, 0x39, 0xB2, 0x00, 0x2B,
    0x39, 0xB2, 0x00, 0x0C, 0x39, 0xD3, 0x08, 0x4C, 0x39, 0xB2, 0x00, 0x2B, 0x39, 0xB2, 0x00, 0x2B,
    0x39, 0xB2, 0x00, 0x0C, 0x39, 0xB2, 0x00, 0x0C, 0x39, 0xB2, 0x00, 0x0E, 0x39, 0xB2, 0x00, 0x0D,
    0x39, 0xB2, 0x00, 0x2B, 0x39, 0xB2, 0x00, 0x0C, 0x39, 0xB2, 0x00, 0x0D, 0x39, 0xB2, 0x00, 0x2A,
    0x39, 0xB2, 0x08, 0x2A, 0x39, 0xB2, 0x00, 0x0C, 0x39, 0xB2, 0x00, 0x0C, 0x39, 0xB2, 0x00, 0x0C,
    0x39, 0xB2, 0x00, 0x0C, 0x39, 0xB2, 0x00, 0x0C, 0x39, 0xB2, 0x00, 0x0C, 0x39, 0xB2, 0x00, 0x0C,
    0x39, 0xB2, 0x08, 0x2A, 0x39, 0xB2, 0x00, 0x0C, 0x39, 0xB2, 0x00, 0x0C, 0x39, 0xB2, 0x00, 0x0D,
    0x39, 0xB2, 0x00, 0x0C, 0x39, 0xB2, 0x08, 0x2A, 0x39, 0xB2, 0x00, 0x0B, 0x39, 0xB2, 0x00, 0x0D,
    0x39, 0xB2, 0x00, 0x0C, 0x39, 0xB2, 0x00, 0x2B, 0x39, 0xB2, 0x00, 0x2B, 0x39, 0xB2, 0x00, 0x2B,
    0x39, 0xB2, 0x00, 0x0C, 0x39, 0xB2, 0x00, 0x0B, 0x39, 0xB2, 0x00, 0x2B, 0x39, 0xB2, 0x00, 0x0C,
    0x39, 0xB2, 0x00, 0x2B, 0x39, 0xB2, 0x08, 0x2B, 0x39, 0xB3, 0x08, 0x4C, 0x39, 0xD3, 0x08, 0x2D,
    0x39, 0xB2, 0x00, 0x0C, 0x39, 0xB2, 0x00, 0x0E, 0x39, 0xB2, 0x00, 0x0D, 0x39, 0xB2, 0x00, 0x2B,
    0x39, 0xB2, 0x00, 0x0C, 0x39, 0xB2, 0x00, 0x0D, 0x39, 0xB2, 0x00, 0x2A, 0x39, 0xB2, 0x08, 0x2A,
    0x39, 0xB2, 0x00, 0x0C, 0x39, 0xB2, 0x00, 0x0C, 0x39, 0xB2, 0x00, 0x0C, 0x39, 0xB2, 0x00, 0x0C,
    0x39, 0xB2, 0x00, 0x0C, 0x39, 0xB2, 0x00, 0x0C, 0x39, 0xB2, 0x00, 0x0C, 0x39, 0xB2, 0x08, 0x2A,
    0x39, 0xB2, 0x00, 0x0C, 0x39, 0xD3, 0x08, 0x4D, 0x39, 0xB2, 0x00, 0x0D, 0x39, 0xB2, 0x00, 0x0C,
    0x39, 0xB2, 0x08, 0x2A, 0x39, 0xB2, 0x08, 0x2C, 0x39, 0xD3, 0x00, 0x2D, 0x39, 0xB2, 0x00, 0x0C,
    0x39, 0xB2, 0x00, 0x2B, 0x39, 0xB2, 0x00, 0x2B, 0x39, 0xB2, 0x00, 0x2B, 0x39, 0xB2, 0x00, 0x0C,
    0x39, 0xB2, 0x00, 0x0B, 0x39, 0xD3, 0x31, 0xB3, 0x5A, 0xD6, 0x10, 0x6D, 0x39, 0xB2, 0x00, 0x2B,
    0x39, 0xB2, 0x00, 0x2B, 0x39, 0xB2, 0x00, 0x2B, 0x39, 0xB2, 0x00, 0x0C, 0x39, 0xB2, 0x00, 0x0C,
    0x39, 0xB2, 0x00, 0x0E, 0x39, 0xB2, 0x00, 0x0D, 0x39, 0xB2, 0x00, 0x2B, 0x39, 0xB2, 0x00, 0x0C,
    0x39, 0xB2, 0x00, 0x0D, 0x39, 0xB2, 0x00, 0x2A, 0x39, 0xB2, 0x08, 0x2A, 0x39, 0xB2, 0x00, 0x0C,
    0x39, 0xB2, 0x00, 0x0C, 0x39, 0xB2, 0x00, 0x0C, 0x39, 0xB2, 0x00, 0x0C, 0x39, 0xB2, 0x00, 0x0C,
    0x39, 0xB2, 0x00, 0x0C, 0x39, 0xB2, 0x00, 0x0C, 0x39, 0xB2, 0x08, 0x2A, 0x39, 0xB2, 0x00, 0x0C,
    0x39, 0xB2, 0x00, 0x0C, 0x39, 0xB2, 0x00, 0x0D, 0x39, 0xB2, 0x00, 0x0C, 0x39, 0xB2, 0x08, 0x2A,
    0x39, 0xB2, 0x00, 0x0B, 0x39, 0xB2, 0x00, 0x0D, 0x39, 0xB2, 0x00, 0x0C, 0x39, 0xB2, 0x00, 0x2B,
    0x39, 0xB2, 0x00, 0x2B, 0x39, 0xB2, 0x00, 0x2B, 0x39, 0xB2, 0x00, 0x0C, 0x39, 0xB2, 0x00, 0x0B,
    0x39, 0xB2, 0x00, 0x2B, 0x39, 0xB2, 0x00, 0x0C, 0x39, 0xB2, 0x00, 0x2B, 0x39, 0xB2, 0x00, 0x2B,
    0x39, 0xB2, 0x00, 0x2B, 0x39, 0xB2, 0x00, 0x0C, 0x39, 0xB2, 0x00, 0x0C, 0x39, 0xB2, 0x00, 0x0E,
    0x39, 0xB2, 0x00, 0x0D, 0x39, 0xB2, 0x00, 0x2B, 0x39, 0xB2, 0x00, 0x0C, 0x39, 0xB2, 0x00, 0x0D,
    0x39, 0xB2, 0x00, 0x2A, 0x39, 0xB2, 0x08, 0x2A, 0x39, 0xB2, 0x00, 0x0C, 0x39, 0xB2, 0x00, 0x0C,
    0x39, 0xB2, 0x00, 0x0C, 0x39, 0xB2, 0x00, 0x0C, 0x39, 0xB2, 0x00, 0x0C, 0x39, 0xB2, 0x00, 0x0C,
    0x39, 0xB2, 0x00, 0x0C, 0x39, 0xB2, 0x08, 0x2A, 0x39, 0xB2, 0x00, 0x0C, 0x39, 0xB2, 0x00, 0x0C,
    0x39, 0xB2, 0x00, 0x0D, 0x39, 0xB2, 0x00, 0x0C, 0x39, 0xB2, 0x08, 0x2A, 0x39, 0xB2, 0x00, 0x0B,
    0x39, 0xB2, 0x00, 0x0D, 0x39, 0xB2, 0x00, 0x0C, 0x39, 0xB2, 0x00, 0x2B, 0x39, 0xB2, 0x00, 0x2B,
    0x39, 0xB2, 0x00, 0x2B, 0x39, 0xB2, 0x00, 0x0C, 0x39, 0xB2, 0x00, 0x0B, 0x39, 0xB2, 0x00, 0x2B,
    0x39, 0xB2, 0x00, 0x0C, 0x39, 0xB2, 0x00, 0x2B, 0x39, 0xB2, 0x00, 0x2B, 0x39, 0xB2, 0x00, 0x2B,
    0x39, 0xB2, 0x00, 0x0C, 0x39, 0xB2, 0x00, 0x0C, 0x39, 0xB2, 0x00, 0x0E, 0x39, 0xB2, 0x00, 0x0D,
    0x39, 0xB2, 0x00, 0x2B, 0x39, 0xB2, 0x00, 0x0C, 0x31, 0x6F, 0x00, 0x0D, 0x00, 0x00, 0x00, 0x2A,
    0x00, 0x2B, 0x52, 0x9C, 0x00, 0x2B, 0x41, 0xF5, 0x00, 0x2B, 0x39, 0xB3, 0x00, 0x2B, 0x39, 0xB3,
    0x08, 0x4B, 0x52, 0x96, 0x63, 0x57, 0x41, 0xF4, 0x00, 0x0B, 0x39, 0xB3, 0x00, 0x0B, 0x39, 0xB3,
    0x00, 0x0C, 0x39, 0xD3, 0x42, 0x34, 0x6B, 0x79, 0x08, 0x2B, 0x39, 0xB3, 0x08, 0x2A, 0x39, 0xB3,
    0x00, 0x0B, 0x39, 0xB3, 0x00, 0x0C, 0x39, 0xB3, 0x00, 0x0D, 0x39, 0xB3, 0x00, 0x0E, 0x39, 0xB3,
    0x00, 0x0C, 0x39, 0xB3, 0x00, 0x0B, 0x39, 0xB3, 0x00, 0x0D, 0x39, 0xB3, 0x00, 0x0D, 0x39, 0xB3,
    0x08, 0x2A, 0x39, 0xB3, 0x08, 0x2A, 0x39, 0xB3, 0x00, 0x0C, 0x39, 0xB3, 0x00, 0x0C, 0x39, 0xB3,
    0x00, 0x0C, 0x39, 0xB3, 0x00, 0x0C, 0x39, 0xB3, 0x00, 0x0C, 0x39, 0xB3, 0x00, 0x0D, 0x39, 0xB3,
    0x00, 0x0C, 0x39, 0xB3, 0x00, 0x0C, 0x39, 0xB3, 0x00, 0x0C, 0x39, 0xB3, 0x00, 0x0C, 0x39, 0xB3,
    0x00, 0x0E, 0x39, 0xB3, 0x00, 0x0C, 0x39, 0xB3, 0x00, 0x2B, 0x39, 0xB3, 0x00, 0x2B, 0x39, 0xB3,
    0x00, 0x2B, 0x39, 0xB3, 0x00, 0x2B, 0x39, 0xB3, 0x00, 0x2B, 0x39, 0xB3, 0x08, 0x2A, 0x39, 0xB3,
    0x08, 0x2A, 0x39, 0xB3, 0x00, 0x0B, 0x39, 0xB3, 0x00, 0x0B, 0x39, 0xB3, 0x00, 0x0C, 0x39, 0xB3,
    0x00, 0x0D, 0x39, 0xB3, 0x08, 0x6C, 0x5A, 0xD6, 0x39, 0xB2, 0x6B, 0x79, 0x6B, 0x78, 0x52, 0xB6,
    0x00, 0x0C, 0x39, 0xB3, 0x00, 0x0D, 0x39, 0xB3, 0x00, 0x0E, 0x39, 0xB3, 0x00, 0x0C, 0x39, 0xB3,
    0x00, 0x0B, 0x39, 0xB3, 0x00, 0x0D, 0x39, 0xB3, 0x00, 0x0D, 0x39, 0xB3, 0x08, 0x2A, 0x39, 0xB3,
    0x08, 0x2A, 0x39, 0xB3, 0x00, 0x0C, 0x39, 0xB3, 0x00, 0x0C, 0x39, 0xB3, 0x00, 0x0C, 0x39, 0xB3,
    0x00, 0x0C, 0x39, 0xB3, 0x00, 0x0C, 0x39, 0xB3, 0x00, 0x0D, 0x39, 0xB3, 0x00, 0x0C, 0x39, 0xB3,
    0x00, 0x0C, 0x39, 0xD3, 0x18, 0xD0, 0x52, 0x97, 0x08, 0x4D, 0x39, 0xB3, 0x00, 0x0E, 0x39, 0xB3,
    0x00, 0x0C, 0x39, 0xB3, 0x08, 0x4B, 0x52, 0x96, 0x63, 0x57, 0x41, 0xF4, 0x00, 0x2B, 0x39, 0xB3,
    0x00, 0x2B, 0x39, 0xB3, 0x00, 0x2B, 0x39, 0xB3, 0x08, 0x2A, 0x39, 0xB3, 0x08, 0x2A, 0x39, 0xB3,
    0x00, 0x0B, 0x39, 0xB3, 0x08, 0x4C, 0x39, 0xF5, 0x31, 0xB3, 0x7B, 0xF8, 0x08, 0x6E, 0x39, 0xB3,
    0x00, 0x2B, 0x39, 0xB3, 0x08, 0x2A, 0x39, 0xB3, 0x00, 0x0B, 0x39, 0xB3, 0x00, 0x0C, 0x39, 0xB3,
    0x00, 0x0D, 0x39, 0xB3, 0x00, 0x0E, 0x39, 0xB3, 0x00, 0x0C, 0x39, 0xB3, 0x00, 0x0B, 0x39, 0xB3,
    0x00, 0x0D, 0x39, 0xB3, 0x00, 0x0D, 0x39, 0xB3, 0x08, 0x2A, 0x39, 0xB3, 0x08, 0x2A, 0x39, 0xB3,
    0x00, 0x0C, 0x39, 0xB3, 0x00, 0x0C, 0x39, 0xB3, 0x00, 0x0C, 0x39, 0xB3, 0x00, 0x0C, 0x39, 0xB3,
    0x00, 0x0C, 0x39, 0xB3, 0x00, 0x0D, 0x39, 0xB3, 0x00, 0x0C, 0x39, 0xB3, 0x00, 0x0C, 0x39, 0xB3,
    0x00, 0x0C, 0x39, 0xB3, 0x00, 0x0C, 0x39, 0xB3, 0x00, 0x0E, 0x39, 0xB3, 0x00, 0x0C, 0x39, 0xB3,
    0x00, 0x2B, 0x39, 0xB3, 0x00, 0x2B, 0x39, 0xB3, 0x00, 0x2B, 0x39, 0xB3, 0x00, 0x2B, 0x39, 0xB3,
    0x00, 0x2B, 0x39, 0xB3, 0x08, 0x2A, 0x39, 0xB3, 0x08, 0x2A, 0x39, 0xB3, 0x00, 0x0B, 0x39, 0xB3,
    0x00, 0x0B, 0x39, 0xB3, 0x00, 0x0C, 0x39, 0xB3, 0x00, 0x0D, 0x39, 0xB3, 0x00, 0x2B, 0x39, 0xB3,
    0x08, 0x2A, 0x39, 0xB3, 0x00, 0x0B, 0x39, 0xB3, 0x00, 0x0C, 0x39, 0xB3, 0x00, 0x0D, 0x39, 0xB3,
    0x00, 0x0E, 0x39, 0xB3, 0x00, 0x0C, 0x39, 0xB3, 0x00, 0x0B, 0x39, 0xB3, 0x00, 0x0D, 0x39, 0xB3,
    0x00, 0x0D, 0x39, 0xB3, 0x08, 0x2A, 0x39, 0xB3, 0x08, 0x2A, 0x39, 0xB3, 0x00, 0x0C, 0x39, 0xB3,
    0x00, 0x0C, 0x39, 0xB3, 0x00, 0x0C, 0x39, 0xB3, 0x00, 0x0C, 0x39, 0xB3, 0x00, 0x0C, 0x39, 0xB3,
    0x00, 0x0D, 0x39, 0xB3, 0x00, 0x0C, 0x39, 0xB3, 0x00, 0x0C, 0x39, 0xB3, 0x00, 0x0C, 0x39, 0xB3,
    0x00, 0x0C, 0x39, 0xB3, 0x00, 0x0E, 0x39, 0xB3, 0x00, 0x0C, 0x39, 0xB3, 0x00, 0x2B, 0x39, 0xB3,
    0x00, 0x2B, 0x39, 0xB3, 0x00, 0x2B, 0x39, 0xB3, 0x00, 0x2B, 0x39, 0xB3, 0x00, 0x2B, 0x39, 0xB3,
    0x08, 0x2A, 0x39, 0xB3, 0x08, 0x2A, 0x39, 0xB3, 0x00, 0x0B, 0x39, 0xB3, 0x00, 0x0B, 0x39, 0xB3,
    0x00, 0x0C, 0x39, 0xB3, 0x00, 0x0D, 0x39, 0xB3, 0x00, 0x2B, 0x39, 0xB3, 0x08, 0x2A, 0x39, 0xB3,
    0x00, 0x0B, 0x39, 0xB3, 0x00, 0x0C, 0x39, 0xB3, 0x00, 0x0D, 0x39, 0xB3, 0x00, 0x0E, 0x39, 0xB3,
    0x00, 0x0C, 0x39, 0xB3, 0x00, 0x0B, 0x52, 0x7B, 0x00, 0x0D, 0x00, 0x00, 0x00, 0x0D, 0x00, 0x00,
    0x7B, 0xDF, 0x08, 0x2A, 0x52, 0x7A, 0x00, 0x2B, 0x00, 0x00, 0x00, 0x2B, 0x39, 0xD3, 0x00, 0x2B,
    0x39, 0xF3, 0x31, 0xD3, 0x8C, 0x9A, 0x10, 0x6C, 0x39, 0xD3, 0x00, 0x2B, 0x39, 0xD3, 0x00, 0x2B,
    0x39, 0xD3, 0x08, 0x2E, 0x8C, 0x5C, 0x7B, 0xDA, 0x39, 0xF3, 0x00, 0x0C, 0x39, 0xD3, 0x00, 0x2A,
    0x39, 0xD3, 0x00, 0x2B, 0x39, 0xD3, 0x00, 0x2B, 0x39, 0xD3, 0x00, 0x0B, 0x39, 0xD3, 0x00, 0x0C,
    0x39, 0xD3, 0x00, 0x2B, 0x39, 0xD3, 0x00, 0x0C, 0x39, 0xD3, 0x00, 0x0E, 0x39, 0xD3, 0x00, 0x0C,
    0x39, 0xD3, 0x08, 0x2A, 0x39, 0xD3, 0x00, 0x2B, 0x39, 0xD3, 0x00, 0x0C, 0x39, 0xD3, 0x00, 0x2B,
    0x39, 0xD3, 0x00, 0x0B, 0x39, 0xD3, 0x00, 0x2B, 0x39, 0xD3, 0x00, 0x0C, 0x39, 0xD3, 0x00, 0x0D,
    0x39, 0xD3, 0x00, 0x0C, 0x39, 0xD3, 0x00, 0x0C, 0x39, 0xD3, 0x00, 0x0C, 0x39, 0xD3, 0x00, 0x0D,
    0x39, 0xD3, 0x00, 0x0E, 0x39, 0xD3, 0x00, 0x2B, 0x39, 0xD3, 0x00, 0x2B, 0x39, 0xD3, 0x08, 0x2A,
    0x39, 0xD3, 0x00, 0x2B, 0x39, 0xD3, 0x00, 0x2B, 0x39, 0xD3, 0x00, 0x2B, 0x39, 0xD3, 0x08, 0x2A,
    0x39, 0xD3, 0x00, 0x2B, 0x39, 0xD3, 0x00, 0x2B, 0x39, 0xD3, 0x00, 0x2B, 0x39, 0xD3, 0x00, 0x0D,
    0x39, 0xD3, 0x00, 0x0D, 0x39, 0xD3, 0x94, 0xD9, 0x7B, 0xFA, 0x73, 0x98, 0x8C, 0x5C, 0x4A, 0x54,
    0x39, 0xD3, 0x00, 0x2B, 0x39, 0xD3, 0x00, 0x0B, 0x39, 0xD3, 0x00, 0x0C, 0x39, 0xD3, 0x00, 0x2B,
    0x39, 0xD3, 0x00, 0x0C, 0x39, 0xD3, 0x00, 0x0E, 0x39, 0xD3, 0x00, 0x0C, 0x39, 0xD3, 0x08, 0x2A,
    0x39, 0xD3, 0x00, 0x2B, 0x39, 0xD3, 0x00, 0x0C, 0x39, 0xD3, 0x00, 0x2B, 0x39, 0xD3, 0x00, 0x0B,
    0x39, 0xD3, 0x00, 0x2B, 0x39, 0xD3, 0x00, 0x0C, 0x39, 0xD3, 0x00, 0x0D, 0x39, 0xD3, 0x00, 0x0C,
    0x39, 0xD3, 0x08, 0x4E, 0x31, 0x94, 0x21, 0x13, 0x39, 0xD3, 0x00, 0x0D, 0x39, 0xD3, 0x00, 0x0E,
    0x39, 0xD3, 0x00, 0x2B, 0x39, 0xF3, 0x31, 0xD3, 0x8C, 0x9A, 0x10, 0x6C, 0x39, 0xD3, 0x00, 0x2B,
    0x39, 0xD3, 0x00, 0x2B, 0x39, 0xD3, 0x00, 0x2B, 0x39, 0xD3, 0x08, 0x2A, 0x39, 0xD3, 0x00, 0x2B,
    0x39, 0xD3, 0x00, 0x2B, 0x39, 0xD3, 0x08, 0x4C, 0x42, 0x35, 0x94, 0xBD, 0x73, 0x99, 0x08, 0x2D,
    0x39, 0xD3, 0x00, 0x0C, 0x39, 0xD3, 0x00, 0x2A, 0x39, 0xD3, 0x00, 0x2B, 0x39, 0xD3, 0x00, 0x2B,
    0x39, 0xD3, 0x00, 0x0B, 0x39, 0xD3, 0x00, 0x0C, 0x39, 0xD3, 0x00, 0x2B, 0x39, 0xD3, 0x00, 0x0C,
    0x39, 0xD3, 0x00, 0x0E, 0x39, 0xD3, 0x00, 0x0C, 0x39, 0xD3, 0x08, 0x2A, 0x39, 0xD3, 0x00, 0x2B,
    0x39, 0xD3, 0x00, 0x0C, 0x39, 0xD3, 0x00, 0x2B, 0x39, 0xD3, 0x00, 0x0B, 0x39, 0xD3, 0x00, 0x2B,
    0x39, 0xD3, 0x00, 0x0C, 0x39, 0xD3, 0x00, 0x0D, 0x39, 0xD3, 0x00, 0x0C, 0x39, 0xD3, 0x00, 0x0C,
    0x39, 0xD3, 0x00, 0x0C, 0x39, 0xD3, 0x00, 0x0D, 0x39, 0xD3, 0x00, 0x0E, 0x39, 0xD3, 0x00, 0x2B,
    0x39, 0xD3, 0x00, 0x2B, 0x39, 0xD3, 0x08, 0x2A, 0x39, 0xD3, 0x00, 0x2B, 0x39, 0xD3, 0x00, 0x2B,
    0x39, 0xD3, 0x00, 0x2B, 0x39, 0xD3, 0x08, 0x2A, 0x39, 0xD3, 0x00, 0x2B, 0x39, 0xD3, 0x00, 0x2B,
    0x39, 0xD3, 0x00, 0x2B, 0x39, 0xD3, 0x00, 0x0D, 0x39, 0xD3, 0x00, 0x0D, 0x39, 0xD3, 0x00, 0x0C,
    0x39, 0xD3, 0x00, 0x2A, 0x39, 0xD3, 0x00, 0x2B, 0x39, 0xD3, 0x00, 0x2B, 0x39, 0xD3, 0x00, 0x0B,
    0x39, 0xD3, 0x00, 0x0C, 0x39, 0xD3, 0x00, 0x2B, 0x39, 0xD3, 0x00, 0x0C, 0x39, 0xD3, 0x00, 0x0E,
    0x39, 0xD3, 0x00, 0x0C, 0x39, 0xD3, 0x08, 0x2A, 0x39, 0xD3, 0x00, 0x2B, 0x39, 0xD3, 0x00, 0x0C,
    0x39, 0xD3, 0x00, 0x2B, 0x39, 0xD3, 0x00, 0x0B, 0x39, 0xD3, 0x00, 0x2B, 0x39, 0xD3, 0x00, 0x0C,
    0x39, 0xD3, 0x00, 0x0D, 0x39, 0xD3, 0x00, 0x0C, 0x39, 0xD3, 0x00, 0x0C, 0x39, 0xD3, 0x00, 0x0C,
    0x39, 0xD3, 0x00, 0x0D, 0x39, 0xD3, 0x00, 0x0E, 0x39, 0xD3, 0x00, 0x2B, 0x39, 0xD3, 0x00, 0x2B,
    0x39, 0xD3, 0x08, 0x2A, 0x39, 0xD3, 0x00, 0x2B, 0x39, 0xD3, 0x00, 0x2B, 0x39, 0xD3, 0x00, 0x2B,
    0x39, 0xD3, 0x08, 0x2A, 0x39, 0xD3, 0x00, 0x2B, 0x39, 0xD3, 0x00, 0x2B, 0x39, 0xD3, 0x00, 0x2B,
    0x39, 0xD3, 0x00, 0x0D, 0x39, 0xD3, 0x00, 0x0D, 0x39, 0xD3, 0x00, 0x0C, 0x39, 0xD3, 0x00, 0x2A,
    0x39, 0xD3, 0x00, 0x2B, 0x39, 0xD3, 0x00, 0x2B, 0x39, 0xD3, 0x00, 0x0B, 0x39, 0xD3, 0x00, 0x0C,
    0x39, 0xD3, 0x00, 0x2B, 0x39, 0xD3, 0x00, 0x0C, 0x31, 0x70, 0x00, 0x0E, 0x00, 0x00, 0x00, 0x0C,
    0x00, 0x2B, 0x5A, 0xBD, 0x00, 0x0B, 0x42, 0x16, 0x00, 0x2B, 0x39, 0xD3, 0x00, 0x0C, 0x39, 0xD3,
    0x08, 0x2C, 0x4A, 0x56, 0x31, 0x90, 0x39, 0xF3, 0x00, 0x2B, 0x39, 0xD3, 0x08, 0x2A, 0x39, 0xD3,
    0x00, 0x0C, 0x39, 0xD3, 0x7B, 0xFA, 0x8C, 0x7B, 0x10, 0x6F, 0x39, 0xD3, 0x00, 0x0C, 0x39, 0xD3,
    0x00, 0x2A, 0x39, 0xD3, 0x08, 0x2A, 0x39, 0xD3, 0x08, 0x2A, 0x39, 0xD3, 0x08, 0x2A, 0x39, 0xD3,
    0x08, 0x2A, 0x39, 0xD3, 0x00, 0x2B, 0x39, 0xD3, 0x00, 0x0C, 0x39, 0xD3, 0x00, 0x0E, 0x39, 0xD3,
    0x00, 0x2B, 0x39, 0xD3, 0x08, 0x2A, 0x39, 0xD3, 0x00, 0x0B, 0x39, 0xD3, 0x00, 0x2B, 0x39, 0xD3,
    0x00, 0x2B, 0x39, 0xD3, 0x08, 0x2A, 0x39, 0xD3, 0x00, 0x2B, 0x39, 0xD3, 0x00, 0x0C, 0x39, 0xD3,
    0x00, 0x0C, 0x39, 0xD3, 0x00, 0x0C, 0x39, 0xD3, 0x00, 0x0C, 0x39, 0xD3, 0x00, 0x0B, 0x39, 0xD3,
    0x00, 0x0D, 0x39, 0xD3, 0x00, 0x0D, 0x39, 0xD3, 0x00, 0x2B, 0x39, 0xD3, 0x00, 0x2B, 0x39, 0xD3,
    0x00, 0x0B, 0x39, 0xD3, 0x00, 0x2B, 0x39, 0xD3, 0x00, 0x0C, 0x39, 0xD3, 0x00, 0x0B, 0x39, 0xD3,
    0x08, 0x2A, 0x39, 0xD3, 0x00, 0x2B, 0x39, 0xD3, 0x08, 0x2A, 0x39, 0xD3, 0x00, 0x0C, 0x39, 0xD3,
    0x00, 0x0D, 0x39, 0xD3, 0x18, 0xB0, 0xB5, 0xBE, 0x5A, 0xF6, 0x39, 0xF3, 0x10, 0x8C, 0x42, 0x14,
    0x08, 0x2A, 0x39, 0xD3, 0x08, 0x2A, 0x39, 0xD3, 0x08, 0x2A, 0x39, 0xD3, 0x08, 0x2A, 0x39, 0xD3,
    0x00, 0x2B, 0x39, 0xD3, 0x00, 0x0C, 0x39, 0xD3, 0x00, 0x0E, 0x39, 0xD3, 0x00, 0x2B, 0x39, 0xD3,
    0x08, 0x2A, 0x39, 0xD3, 0x00, 0x0B, 0x39, 0xD3, 0x00, 0x2B, 0x39, 0xD3, 0x00, 0x2B, 0x39, 0xD3,
    0x08, 0x2A, 0x39, 0xD3, 0x00, 0x2B, 0x39, 0xD3, 0x00, 0x0C, 0x39, 0xD3, 0x00, 0x0C, 0x39, 0xD3,
    0x00, 0x0C, 0x39, 0xF4, 0x42, 0x36, 0x4A, 0x56, 0x08, 0x2C, 0x39, 0xD3, 0x00, 0x0D, 0x39, 0xD3,
    0x00, 0x0D, 0x39, 0xD3, 0x08, 0x2B, 0x4A, 0x56, 0x31, 0x91, 0x39, 0xF3, 0x00, 0x0B, 0x39, 0xD3,
    0x00, 0x2B, 0x39, 0xD3, 0x00, 0x0C, 0x39, 0xD3, 0x00, 0x0B, 0x39, 0xD3, 0x08, 0x2A, 0x39, 0xD3,
    0x00, 0x2B, 0x39, 0xD3, 0x08, 0x2A, 0x39, 0xD3, 0x10, 0x6D, 0x83, 0xF9, 0xA5, 0x3C, 0x4A, 0x75,
    0x00, 0x0D, 0x39, 0xD3, 0x00, 0x0C, 0x39, 0xD3, 0x00, 0x2A, 0x39, 0xD3, 0x08, 0x2A, 0x39, 0xD3,
    0x08, 0x2A, 0x39, 0xD3, 0x08, 0x2A, 0x39, 0xD3, 0x08, 0x2A, 0x39, 0xD3, 0x00, 0x2B, 0x39, 0xD3,
    0x00, 0x0C, 0x39, 0xD3, 0x00, 0x0E, 0x39, 0xD3, 0x00, 0x2B, 0x39, 0xD3, 0x08, 0x2A, 0x39, 0xD3,
    0x00, 0x0B, 0x39, 0xD3, 0x00, 0x2B, 0x39, 0xD3, 0x00, 0x2B, 0x39, 0xD3, 0x08, 0x2A, 0x39, 0xD3,
    0x00, 0x2B, 0x39, 0xD3, 0x00, 0x0C, 0x39, 0xD3, 0x00, 0x0C, 0x39, 0xD3, 0x00, 0x0C, 0x39, 0xD3,
    0x00, 0x0C, 0x39, 0xD3, 0x00, 0x0B, 0x39, 0xD3, 0x00, 0x0D, 0x39, 0xD3, 0x00, 0x0D, 0x39, 0xD3,
    0x00, 0x2B, 0x39, 0xD3, 0x00, 0x2B, 0x39, 0xD3, 0x00, 0x0B, 0x39, 0xD3, 0x00, 0x2B, 0x39, 0xD3,
    0x00, 0x0C, 0x39, 0xD3, 0x00, 0x0B, 0x39, 0xD3, 0x08, 0x2A, 0x39, 0xD3, 0x00, 0x2B, 0x39, 0xD3,
    0x08, 0x2A, 0x39, 0xD3, 0x00, 0x0C, 0x39, 0xD3, 0x00, 0x0D, 0x39, 0xD3, 0x00, 0x0D, 0x39, 0xD3,
    0x00, 0x0C, 0x39, 0xD3, 0x00, 0x2A, 0x39, 0xD3, 0x08, 0x2A, 0x39, 0xD3, 0x08, 0x2A, 0x39, 0xD3,
    0x08, 0x2A, 0x39, 0xD3, 0x08, 0x2A, 0x39, 0xD3, 0x00, 0x2B, 0x39, 0xD3, 0x00, 0x0C, 0x39, 0xD3,
    0x00, 0x0E, 0x39, 0xD3, 0x00, 0x2B, 0x39, 0xD3, 0x08, 0x2A, 0x39, 0xD3, 0x00, 0x0B, 0x39, 0xD3,
    0x00, 0x2B, 0x39, 0xD3, 0x00, 0x2B, 0x39, 0xD3, 0x08, 0x2A, 0x39, 0xD3, 0x00, 0x2B, 0x39, 0xD3,
    0x00, 0x0C, 0x39, 0xD3, 0x00, 0x0C, 0x39, 0xD3, 0x00, 0x0C, 0x39, 0xD3, 0x00, 0x0C, 0x39, 0xD3,
    0x00, 0x0B, 0x39, 0xD3, 0x00, 0x0D, 0x39, 0xD3, 0x00, 0x0D, 0x39, 0xD3, 0x00, 0x2B, 0x39, 0xD3,
    0x00, 0x2B, 0x39, 0xD3, 0x00, 0x0B, 0x39, 0xD3, 0x00, 0x2B, 0x39, 0xD3, 0x00, 0x0C, 0x39, 0xD3,
    0x00, 0x0B, 0x39, 0xD3, 0x08, 0x2A, 0x39, 0xD3, 0x00, 0x2B, 0x39, 0xD3, 0x08, 0x2A, 0x39, 0xD3,
    0x00, 0x0C, 0x39, 0xD3, 0x00, 0x0D, 0x39, 0xD3, 0x00, 0x0D, 0x39, 0xD3, 0x00, 0x0C, 0x39, 0xD3,
    0x00, 0x2A, 0x39, 0xD3, 0x08, 0x2A, 0x39, 0xD3, 0x08, 0x2A, 0x39, 0xD3, 0x08, 0x2A, 0x39, 0xD3,
    0x08, 0x2A, 0x39, 0xD3, 0x00, 0x2B, 0x52, 0x9B, 0x00, 0x0C, 0x00, 0x00, 0x00, 0x0E, 0x00, 0x00,
    0x83, 0xFF, 0x00, 0x0C, 0x52, 0x9B, 0x00, 0x0C, 0x00, 0x00, 0x00, 0x0C, 0x39, 0xD3, 0x00, 0x0E,
    0x39, 0xD3, 0x18, 0xAE, 0x4A, 0x55, 0x08, 0x2B, 0x39, 0xD3, 0x08, 0x2B, 0x42, 0x14, 0x29, 0x71,
    0x52, 0xB6, 0x10, 0x8F, 0x94, 0x9B, 0x7B, 0xF9, 0x41, 0xF4, 0x00, 0x0D, 0x39, 0xD3, 0x10, 0x6C,
    0x42, 0x14, 0x20, 0xED, 0x41, 0xF3, 0x08, 0x2A, 0x39, 0xD3, 0x08, 0x2A, 0x39, 0xD3, 0x08, 0x4B,
    0x41, 0xF4, 0x29, 0x2E, 0x42, 0x34, 0x08, 0x6C, 0x39, 0xD3, 0x00, 0x0D, 0x39, 0xD3, 0x00, 0x0E,
    0x39, 0xD3, 0x08, 0x2A, 0x39, 0xD3, 0x08, 0x2A, 0x39, 0xD3, 0x00, 0x2B, 0x39, 0xF3, 0x10, 0x6C,
    0x42, 0x14, 0x10, 0x6C, 0x39, 0xF3, 0x08, 0x2A, 0x39, 0xD3, 0x00, 0x2B, 0x39, 0xF3, 0x10, 0x8D,
    0x42, 0x14, 0x21, 0x2E, 0x42, 0x14, 0x08, 0x2C, 0x39, 0xD3, 0x00, 0x2B, 0x39, 0xD3, 0x18, 0xAE,
    0x41, 0xF4, 0x10, 0x6E, 0x39, 0xF4, 0x08, 0x2C, 0x39, 0xD3, 0x08, 0x4C, 0x52, 0x96, 0x20, 0xEF,
    0x39, 0xD3, 0x00, 0x0C, 0x39, 0xD3, 0x00, 0x0C, 0x39, 0xD3, 0x08, 0x4F, 0x52, 0x75, 0x18, 0xCE,
    0x41, 0xF4, 0x00, 0x2B, 0x39, 0xD3, 0x00, 0x2B, 0x39, 0xD3, 0x00, 0x2B, 0x39, 0xD3, 0x00, 0x0D,
    0x41, 0xF4, 0x18, 0xB0, 0x5A, 0xB6, 0xB5, 0x9E, 0x7B, 0xD9, 0x18, 0xCE, 0x42, 0x34, 0x08, 0x2B,
    0x42, 0x15, 0x10, 0x6C, 0x39, 0xD3, 0x08, 0x4B, 0x52, 0x75, 0x18, 0xCD, 0x39, 0xD3, 0x08, 0x2A,
    0x41, 0xF4, 0x10, 0x8D, 0x52, 0x75, 0x08, 0x6E, 0x39, 0xD3, 0x00, 0x0E, 0x39, 0xD3, 0x08, 0x4B,
    0x42, 0x15, 0x08, 0x4C, 0x39, 0xD4, 0x10, 0x6C, 0x39, 0xF3, 0x08, 0x2A, 0x42, 0x14, 0x29, 0x2F,
    0x4A, 0x35, 0x08, 0x2A, 0x39, 0xD3, 0x00, 0x2B, 0x39, 0xD3, 0x00, 0x2B, 0x39, 0xD3, 0x00, 0x2B,
    0x39, 0xD3, 0x08, 0x4C, 0x63, 0x19, 0x52, 0xB6, 0x41, 0xF4, 0x29, 0x4F, 0x52, 0x96, 0x10, 0x8E,
    0x39, 0xD3, 0x00, 0x0C, 0x39, 0xD3, 0x18, 0xAE, 0x4A, 0x55, 0x08, 0x2C, 0x39, 0xD3, 0x18, 0xAF,
    0x41, 0xF4, 0x08, 0x4D, 0x39, 0xF4, 0x08, 0x4E, 0x39, 0xD3, 0x08, 0x2C, 0x4A, 0x75, 0x29, 0x2F,
    0x39, 0xF3, 0x00, 0x2B, 0x39, 0xD3, 0x00, 0x2B, 0x39, 0xD3, 0x29, 0x71, 0xAD, 0x7E, 0x63, 0x17,
    0x39, 0xD3, 0x00, 0x0D, 0x39, 0xD3, 0x08, 0x2A, 0x39, 0xD3, 0x00, 0x2A, 0x39, 0xD3, 0x08, 0x2A,
    0x39, 0xD3, 0x08, 0x2A, 0x39, 0xD3, 0x08, 0x2A, 0x39, 0xD3, 0x08, 0x2A, 0x39, 0xD3, 0x00, 0x2B,
    0x39, 0xD3, 0x00, 0x0D, 0x39, 0xD3, 0x00, 0x0E, 0x39, 0xD3, 0x08, 0x2A, 0x39, 0xD3, 0x08, 0x2A,
    0x39, 0xD3, 0x00, 0x2B, 0x39, 0xD3, 0x08, 0x2A, 0x39, 0xD3, 0x00, 0x2B, 0x39, 0xD3, 0x08, 0x2A,
    0x39, 0xD3, 0x00, 0x2B, 0x39, 0xD3, 0x00, 0x2B, 0x39, 0xD3, 0x00, 0x2B, 0x39, 0xD3, 0x00, 0x0B,
    0x39, 0xD3, 0x00, 0x2B, 0x39, 0xD3, 0x08, 0x2A, 0x39, 0xD3, 0x00, 0x0C, 0x39, 0xD3, 0x00, 0x0C,
    0x39, 0xD3, 0x00, 0x0C, 0x39, 0xD3, 0x00, 0x0C, 0x39, 0xD3, 0x00, 0x0C, 0x39, 0xD3, 0x00, 0x0C,
    0x39, 0xD3, 0x00, 0x0E, 0x39, 0xD3, 0x00, 0x0B, 0x39, 0xD3, 0x00, 0x2B, 0x39, 0xD3, 0x00, 0x2B,
    0x39, 0xD3, 0x00, 0x2B, 0x39, 0xD3, 0x00, 0x0D, 0x39, 0xD3, 0x00, 0x0D, 0x39, 0xD3, 0x00, 0x0D,
    0x39, 0xD3, 0x08, 0x2A, 0x39, 0xD3, 0x00, 0x2A, 0x39, 0xD3, 0x08, 0x2A, 0x39, 0xD3, 0x08, 0x2A,
    0x39, 0xD3, 0x08, 0x2A, 0x39, 0xD3, 0x08, 0x2A, 0x39, 0xD3, 0x00, 0x2B, 0x39, 0xD3, 0x00, 0x0D,
    0x39, 0xD3, 0x00, 0x0E, 0x39, 0xD3, 0x08, 0x2A, 0x39, 0xD3, 0x08, 0x2A, 0x39, 0xD3, 0x00, 0x2B,
    0x39, 0xD3, 0x08, 0x2A, 0x39, 0xD3, 0x00, 0x2B, 0x39, 0xD3, 0x08, 0x2A, 0x39, 0xD3, 0x00, 0x2B,
    0x39, 0xD3, 0x00, 0x2B, 0x39, 0xD3, 0x00, 0x2B, 0x39, 0xD3, 0x00, 0x0B, 0x39, 0xD3, 0x00, 0x2B,
    0x39, 0xD3, 0x08, 0x2A, 0x39, 0xD3, 0x00, 0x0C, 0x39, 0xD3, 0x00, 0x0C, 0x39, 0xD3, 0x00, 0x0C,
    0x39, 0xD3, 0x00, 0x0C, 0x39, 0xD3, 0x00, 0x0C, 0x39, 0xD3, 0x00, 0x0C, 0x39, 0xD3, 0x00, 0x0E,
    0x39, 0xD3, 0x00, 0x0B, 0x39, 0xD3, 0x00, 0x2B, 0x39, 0xD3, 0x00, 0x2B, 0x39, 0xD3, 0x00, 0x2B,
    0x39, 0xD3, 0x00, 0x0D, 0x39, 0xD3, 0x00, 0x0D, 0x39, 0xD3, 0x00, 0x0D, 0x39, 0xD3, 0x08, 0x2A,
    0x39, 0xD3, 0x00, 0x2A, 0x39, 0xD3, 0x08, 0x2A, 0x39, 0xD3, 0x08, 0x2A, 0x39, 0xD3, 0x08, 0x2A,
    0x39, 0xD3, 0x08, 0x2A, 0x39, 0xD3, 0x00, 0x2B, 0x31, 0x90, 0x00, 0x0D, 0x00, 0x00, 0x00, 0x0E,
    0x00, 0x0C, 0x5A, 0xDD, 0x00, 0x0D, 0x42, 0x16, 0x00, 0x0D, 0x39, 0xD3, 0x00, 0x0C, 0x39, 0xD3,
    0x08, 0x4F, 0x7B, 0xD9, 0x8C, 0x7A, 0x4A, 0x55, 0x08, 0x2C, 0x52, 0x96, 0x63, 0x37, 0x9C, 0xFB,
    0xB5, 0x9C, 0x94, 0xDB, 0x9C, 0xFB, 0x94, 0x9B, 0x08, 0x4E, 0x39, 0xF4, 0x20, 0xF0, 0x39, 0xF4,
    0x31, 0xB3, 0xAD, 0x7E, 0x84, 0x19, 0x63, 0x17, 0x08, 0x2B, 0x39, 0xD3, 0x10, 0x8D, 0x39, 0xF4,
    0x31, 0x92, 0xB5, 0x9E, 0xA5, 0x3D, 0x94, 0x7C, 0x21, 0x2E, 0x39, 0xD3, 0x00, 0x0D, 0x39, 0xD3,
    0x00, 0x0D, 0x39, 0xD3, 0x08, 0x2A, 0x39, 0xD3, 0x00, 0x2B, 0x42, 0x14, 0x21, 0x0F, 0x39, 0xF4,
    0x94, 0xBB, 0xA5, 0x3D, 0x73, 0x77, 0x4A, 0x35, 0x08, 0x2A, 0x41, 0xF4, 0x21, 0x10, 0x39, 0xF4,
    0x31, 0xB3, 0xB5, 0x9E, 0x9C, 0xDB, 0x73, 0x99, 0x08, 0x2B, 0x39, 0xD3, 0x18, 0xCE, 0x4A, 0x56,
    0x29, 0x30, 0x39, 0xF4, 0x31, 0xB3, 0x84, 0x3A, 0x29, 0x50, 0x84, 0x1A, 0xA5, 0x1D, 0xA5, 0x1E,
    0x5A, 0xF7, 0x42, 0x14, 0x00, 0x0D, 0x41, 0xF4, 0x18, 0xD0, 0x39, 0xF4, 0xAD, 0x5D, 0xAD, 0x7E,
    0x83, 0xF9, 0x52, 0x96, 0x08, 0x2C, 0x39, 0xD3, 0x00, 0x2B, 0x39, 0xD3, 0x00, 0x0C, 0x39, 0xD3,
    0x29, 0x31, 0x7B, 0xDA, 0x8C, 0x5A, 0xCE, 0x7E, 0xAD, 0x7C, 0xA5, 0x3C, 0x84, 0x18, 0x4A, 0x55,
    0x39, 0xD4, 0x41, 0xF4, 0x4A, 0x53, 0x9C, 0xFC, 0xAD, 0x5D, 0x73, 0x99, 0x08, 0x2A, 0x42, 0x15,
    0x29, 0x51, 0x39, 0xF4, 0xAD, 0x5D, 0x9C, 0xFC, 0x52, 0x75, 0x41, 0xF4, 0x08, 0x2E, 0x42, 0x35,
    0x39, 0xF4, 0x39, 0xF4, 0x31, 0xB3, 0x39, 0xF4, 0x6B, 0x76, 0x5A, 0xF7, 0x84, 0x19, 0xAD, 0x5E,
    0x94, 0x9B, 0x6B, 0x39, 0x08, 0x4B, 0x39, 0xD3, 0x00, 0x2B, 0x39, 0xD3, 0x08, 0x2A, 0x39, 0xD3,
    0x08, 0x2A, 0x41, 0xF4, 0x5A, 0xD6, 0x73, 0xB9, 0x5A, 0xD5, 0xAD, 0x9C, 0xAD, 0x9C, 0x9C, 0xFC,
    0x39, 0xD1, 0x39, 0xD3, 0x08, 0x4C, 0x7B, 0xD9, 0x8C, 0x7A, 0x4A, 0x55, 0x18, 0xD0, 0x4A, 0x56,
    0x29, 0x72, 0x39, 0xF4, 0x31, 0xB3, 0x94, 0x9B, 0x39, 0xB3, 0x84, 0x3A, 0x9C, 0xFD, 0xAD, 0x5E,
    0x63, 0x17, 0x42, 0x15, 0x00, 0x2B, 0x39, 0xD3, 0x00, 0x0C, 0x4A, 0x34, 0xA5, 0x5B, 0x94, 0xBC,
    0x08, 0x6F, 0x39, 0xD3, 0x00, 0x0C, 0x39, 0xD3, 0x08, 0x2A, 0x39, 0xD3, 0x00, 0x2A, 0x39, 0xD3,
    0x00, 0x2B, 0x39, 0xD3, 0x00, 0x2B, 0x39, 0xD3, 0x08, 0x2A, 0x39, 0xD3, 0x08, 0x2A, 0x39, 0xD3,
    0x08, 0x2A, 0x39, 0xD3, 0x00, 0x0D, 0x39, 0xD3, 0x00, 0x0D, 0x39, 0xD3, 0x08, 0x2A, 0x39, 0xD3,
    0x00, 0x2B, 0x39, 0xD3, 0x08, 0x2A, 0x39, 0xD3, 0x08, 0x2A, 0x39, 0xD3, 0x08, 0x2A, 0x39, 0xD3,
    0x08, 0x2A, 0x39, 0xD3, 0x00, 0x2B, 0x39, 0xD3, 0x08, 0x2A, 0x39, 0xD3, 0x08, 0x2A, 0x39, 0xD3,
    0x00, 0x2B, 0x39, 0xD3, 0x08, 0x2A, 0x39, 0xD3, 0x08, 0x2A, 0x39, 0xD3, 0x00, 0x2B, 0x39, 0xD3,
    0x00, 0x0B, 0x39, 0xD3, 0x00, 0x0C, 0x39, 0xD3, 0x00, 0x0D, 0x39, 0xD3, 0x00, 0x0D, 0x39, 0xD3,
    0x00, 0x0C, 0x39, 0xD3, 0x00, 0x0E, 0x39, 0xD3, 0x00, 0x0C, 0x39, 0xD3, 0x00, 0x0C, 0x39, 0xD3,
    0x00, 0x2B, 0x39, 0xD3, 0x00, 0x0C, 0x39, 0xD3, 0x00, 0x0D, 0x39, 0xD3, 0x00, 0x0D, 0x39, 0xD3,
    0x00, 0x0C, 0x39, 0xD3, 0x08, 0x2A, 0x39, 0xD3, 0x00, 0x2A, 0x39, 0xD3, 0x00, 0x2B, 0x39, 0xD3,
    0x00, 0x2B, 0x39, 0xD3, 0x08, 0x2A, 0x39, 0xD3, 0x08, 0x2A, 0x39, 0xD3, 0x08, 0x2A, 0x39, 0xD3,
    0x00, 0x0D, 0x39, 0xD3, 0x00, 0x0D, 0x39, 0xD3, 0x08, 0x2A, 0x39, 0xD3, 0x00, 0x2B, 0x39, 0xD3,
    0x08, 0x2A, 0x39, 0xD3, 0x08, 0x2A, 0x39, 0xD3, 0x08, 0x2A, 0x39, 0xD3, 0x08, 0x2A, 0x39, 0xD3,
    0x00, 0x2B, 0x39, 0xD3, 0x08, 0x2A, 0x39, 0xD3, 0x08, 0x2A, 0x39, 0xD3, 0x00, 0x2B, 0x39, 0xD3,
    0x08, 0x2A, 0x39, 0xD3, 0x08, 0x2A, 0x39, 0xD3, 0x00, 0x2B, 0x39, 0xD3, 0x00, 0x0B, 0x39, 0xD3,
    0x00, 0x0C, 0x39, 0xD3, 0x00, 0x0D, 0x39, 0xD3, 0x00, 0x0D, 0x39, 0xD3, 0x00, 0x0C, 0x39, 0xD3,
    0x00, 0x0E, 0x39, 0xD3, 0x00, 0x0C, 0x39, 0xD3, 0x00, 0x0C, 0x39, 0xD3, 0x00, 0x2B, 0x39, 0xD3,
    0x00, 0x0C, 0x39, 0xD3, 0x00, 0x0D, 0x39, 0xD3, 0x00, 0x0D, 0x39, 0xD3, 0x00, 0x0C, 0x39, 0xD3,
    0x08, 0x2A, 0x39, 0xD3, 0x00, 0x2A, 0x39, 0xD3, 0x00, 0x2B, 0x39, 0xD3, 0x00, 0x2B, 0x39, 0xD3,
    0x08, 0x2A, 0x39, 0xD3, 0x08, 0x2A, 0x5A, 0xBC, 0x08, 0x2A, 0x00, 0x00, 0x00, 0x0D, 0x00, 0x00,
    0x84, 0x1F, 0x00, 0x0C, 0x5A, 0x9B, 0x00, 0x0D, 0x00, 0x00, 0x00, 0x0C, 0x39, 0xF3, 0x00, 0x0D,
    0x41, 0xF4, 0x7B, 0xD9, 0xAD, 0x5D, 0x10, 0xAE, 0x4A, 0x35, 0x73, 0x98, 0x94, 0xBA, 0x52, 0xB3,
    0x73, 0x99, 0x9C, 0xFB, 0xC6, 0x5E, 0x84, 0x19, 0x41, 0xF4, 0x21, 0x12, 0x5A, 0xF8, 0x5A, 0xD6,
    0x5A, 0xD6, 0x4A, 0x53, 0xB5, 0xDD, 0x9C, 0xFC, 0x52, 0xB6, 0x08, 0x4D, 0x52, 0x97, 0x63, 0x37,
    0x6B, 0x57, 0x39, 0xB0, 0x8C, 0x5A, 0xB5, 0xBF, 0x8C, 0x5B, 0x08, 0x4B, 0x39, 0xF3, 0x00, 0x0D,
    0x39, 0xF3, 0x00, 0x0D, 0x39, 0xF3, 0x00, 0x0C, 0x42, 0x15, 0x42, 0x34, 0x6B, 0x57, 0x5A, 0xD4,
    0x63, 0x17, 0x7B, 0xF7, 0xB5, 0xBF, 0x63, 0x16, 0x42, 0x14, 0x21, 0x0F, 0x5A, 0xF7, 0x52, 0xD5,
    0x52, 0xB6, 0x4A, 0x52, 0xAD, 0x9D, 0xA5, 0x3D, 0x52, 0x96, 0x00, 0x2B, 0x52, 0x76, 0x52, 0xD7,
    0x52, 0xD6, 0x31, 0x91, 0x6B, 0x57, 0xBE, 0x1D, 0xA5, 0x1D, 0x7B, 0xF9, 0x7B, 0xFB, 0x94, 0x9D,
    0xA5, 0x1E, 0x39, 0xD4, 0x41, 0xF4, 0x29, 0x72, 0x63, 0x57, 0x63, 0x16, 0x63, 0x37, 0x5A, 0xF6,
    0xB5, 0xBE, 0x84, 0x3A, 0x4A, 0x55, 0x00, 0x0C, 0x39, 0xF3, 0x00, 0x2B, 0x39, 0xF3, 0x00, 0x2B,
    0x42, 0x35, 0x31, 0x92, 0x6B, 0x57, 0xC6, 0x5D, 0x84, 0x3B, 0x39, 0xF3, 0x5A, 0xD6, 0x20, 0xF0,
    0x6B, 0x58, 0x73, 0xB7, 0xC6, 0x1D, 0x6B, 0x77, 0x73, 0xB9, 0x31, 0x91, 0x4A, 0x56, 0x4A, 0x75,
    0x63, 0x37, 0x42, 0x12, 0x63, 0x37, 0x94, 0xDA, 0xAD, 0x7E, 0x42, 0x14, 0x41, 0xF4, 0x39, 0xF5,
    0x5A, 0xD7, 0x4A, 0x54, 0x52, 0x95, 0x52, 0xB4, 0xC6, 0x5D, 0x9C, 0xFC, 0x8C, 0x7B, 0x6B, 0x58,
    0x9C, 0xDD, 0x94, 0xBD, 0x5A, 0xB7, 0x08, 0x2A, 0x39, 0xF3, 0x00, 0x2B, 0x39, 0xF3, 0x08, 0x2A,
    0x39, 0xF3, 0x08, 0x4B, 0x73, 0x99, 0x94, 0xBB, 0xA5, 0x3B, 0x4A, 0x51, 0x73, 0xB9, 0xA5, 0x5D,
    0x9D, 0x1C, 0x10, 0x8D, 0x41, 0xF4, 0x7B, 0xD9, 0xAD, 0x5D, 0x10, 0xAE, 0x52, 0x76, 0x52, 0xD7,
    0x5A, 0xD6, 0x31, 0x91, 0x63, 0x17, 0xB5, 0xBC, 0xAD, 0x5D, 0x8C, 0x7B, 0x7B, 0xFB, 0x84, 0x3B,
    0xA5, 0x3E, 0x4A, 0x76, 0x39, 0xF3, 0x00, 0x2B, 0x39, 0xF3, 0x08, 0x2C, 0x9C, 0xFB, 0x9D, 0x1C,
    0x4A, 0x35, 0x00, 0x0E, 0x39, 0xF3, 0x00, 0x0C, 0x39, 0xF3, 0x00, 0x0B, 0x39, 0xF3, 0x00, 0x2B,
    0x39, 0xF3, 0x00, 0x0C, 0x39, 0xF3, 0x00, 0x2B, 0x39, 0xF3, 0x08, 0x2A, 0x39, 0xF3, 0x08, 0x2A,
    0x39, 0xF3, 0x08, 0x2A, 0x39, 0xF3, 0x00, 0x0D, 0x39, 0xF3, 0x00, 0x0D, 0x39, 0xF3, 0x00, 0x0C,
    0x39, 0xF3, 0x00, 0x0C, 0x39, 0xF3, 0x08, 0x2A, 0x39, 0xF3, 0x08, 0x2A, 0x39, 0xF3, 0x08, 0x2A,
    0x39, 0xF3, 0x08, 0x2A, 0x39, 0xF3, 0x00, 0x2B, 0x39, 0xF3, 0x08, 0x2A, 0x39, 0xF3, 0x08, 0x2A,
    0x39, 0xF3, 0x00, 0x2B, 0x39, 0xF3, 0x08, 0x2A, 0x39, 0xF3, 0x00, 0x2B, 0x39, 0xF3, 0x00, 0x2B,
    0x39, 0xF3, 0x00, 0x0C, 0x39, 0xF3, 0x00, 0x0C, 0x39, 0xF3, 0x00, 0x0D, 0x39, 0xF3, 0x00, 0x0C,
    0x39, 0xF3, 0x00, 0x0D, 0x39, 0xF3, 0x00, 0x0E, 0x39, 0xF3, 0x00, 0x0C, 0x39, 0xF3, 0x00, 0x0C,
    0x39, 0xF3, 0x00, 0x2B, 0x39, 0xF3, 0x00, 0x2B, 0x39, 0xF3, 0x00, 0x0D, 0x39, 0xF3, 0x00, 0x0E,
    0x39, 0xF3, 0x00, 0x0C, 0x39, 0xF3, 0x00, 0x0B, 0x39, 0xF3, 0x00, 0x2B, 0x39, 0xF3, 0x00, 0x0C,
    0x39, 0xF3, 0x00, 0x2B, 0x39, 0xF3, 0x08, 0x2A, 0x39, 0xF3, 0x08, 0x2A, 0x39, 0xF3, 0x08, 0x2A,
    0x39, 0xF3, 0x00, 0x0D, 0x39, 0xF3, 0x00, 0x0D, 0x39, 0xF3, 0x00, 0x0C, 0x39, 0xF3, 0x00, 0x0C,
    0x39, 0xF3, 0x08, 0x2A, 0x39, 0xF3, 0x08, 0x2A, 0x39, 0xF3, 0x08, 0x2A, 0x39, 0xF3, 0x08, 0x2A,
    0x39, 0xF3, 0x00, 0x2B, 0x39, 0xF3, 0x08, 0x2A, 0x39, 0xF3, 0x08, 0x2A, 0x39, 0xF3, 0x00, 0x2B,
    0x39, 0xF3, 0x08, 0x2A, 0x39, 0xF3, 0x00, 0x2B, 0x39, 0xF3, 0x00, 0x2B, 0x39, 0xF3, 0x00, 0x0C,
    0x39, 0xF3, 0x00, 0x0C, 0x39, 0xF3, 0x00, 0x0D, 0x39, 0xF3, 0x00, 0x0C, 0x39, 0xF3, 0x00, 0x0D,
    0x39, 0xF3, 0x00, 0x0E, 0x39, 0xF3, 0x00, 0x0C, 0x39, 0xF3, 0x00, 0x0C, 0x39, 0xF3, 0x00, 0x2B,
    0x39, 0xF3, 0x00, 0x2B, 0x39, 0xF3, 0x00, 0x0D, 0x39, 0xF3, 0x00, 0x0E, 0x39, 0xF3, 0x00, 0x0C,
    0x39, 0xF3, 0x00, 0x0B, 0x39, 0xF3, 0x00, 0x2B, 0x39, 0xF3, 0x00, 0x0C, 0x39, 0xF3, 0x00, 0x2B,
    0x39, 0xF3, 0x08, 0x2A, 0x39, 0xF3, 0x08, 0x2A, 0x31, 0x90, 0x08, 0x2A, 0x00, 0x00, 0x00, 0x0D,
    0x00, 0x0B, 0x62, 0xDE, 0x00, 0x0C, 0x4A, 0x36, 0x00, 0x0C, 0x41, 0xF4, 0x00, 0x0C, 0x41, 0xF4,
    0x08, 0x4E, 0x94, 0x9A, 0xAD, 0x5B, 0x4A, 0x55, 0x29, 0x50, 0x94, 0xBA, 0x5A, 0xD4, 0x41, 0xF4,
    0x08, 0x2B, 0x6B, 0x79, 0xB5, 0x9E, 0x94, 0xBB, 0x08, 0x4E, 0x63, 0x19, 0x73, 0xB9, 0x73, 0x99,
    0x52, 0xB6, 0x7B, 0xF9, 0xAD, 0x9D, 0xC6, 0x3E, 0x5A, 0xD5, 0x41, 0xF4, 0x21, 0x32, 0x5A, 0xB7,
    0x31, 0xB3, 0x6B, 0x57, 0x6B, 0x77, 0xBD, 0xDE, 0xA5, 0x1B, 0x4A, 0x55, 0x08, 0x2A, 0x41, 0xF4,
    0x00, 0x0D, 0x41, 0xF4, 0x00, 0x0C, 0x41, 0xF4, 0x29, 0x72, 0x73, 0xB9, 0x6B, 0x77, 0x52, 0x76,
    0x08, 0x2A, 0x52, 0x76, 0x52, 0xB3, 0x6B, 0x58, 0x10, 0x8C, 0x4A, 0x55, 0x31, 0x91, 0x52, 0xB7,
    0x31, 0xB2, 0x73, 0xB9, 0x94, 0x9A, 0xBD, 0xDE, 0x31, 0x8F, 0x41, 0xF4, 0x31, 0x92, 0x6B, 0x79,
    0x31, 0x91, 0x41, 0xF4, 0x10, 0x6E, 0x9C, 0xDB, 0x94, 0x9A, 0x42, 0x35, 0x08, 0x2C, 0x63, 0x17,
    0xA5, 0x3E, 0x5A, 0xF7, 0x10, 0xAF, 0x6B, 0x59, 0x84, 0x19, 0x7B, 0xDA, 0x5A, 0xF5, 0x84, 0x3A,
    0xBE, 0x1E, 0xBD, 0xFE, 0x39, 0xF2, 0x41, 0xF4, 0x00, 0x0C, 0x41, 0xF4, 0x00, 0x0B, 0x41, 0xF4,
    0x00, 0x2B, 0x41, 0xF4, 0x29, 0x70, 0xC6, 0x5D, 0x52, 0xB5, 0x42, 0x14, 0x08, 0x2E, 0x4A, 0x56,
    0x73, 0xB9, 0xA5, 0x1B, 0x63, 0x37, 0x42, 0x14, 0x08, 0x2E, 0x41, 0xF4, 0x42, 0x35, 0x73, 0xD9,
    0x52, 0x95, 0x42, 0x15, 0x08, 0x2A, 0x5A, 0xD7, 0xAD, 0x5C, 0x94, 0xBB, 0x10, 0x8F, 0x5A, 0xF8,
    0x63, 0x38, 0x52, 0x96, 0x08, 0x2E, 0x4A, 0x75, 0xAD, 0x5C, 0x9C, 0xFC, 0x10, 0x6B, 0x41, 0xF4,
    0x41, 0xF1, 0xAD, 0x5E, 0x39, 0xB1, 0x41, 0xF4, 0x08, 0x2A, 0x41, 0xF4, 0x00, 0x2B, 0x41, 0xF4,
    0x08, 0x2A, 0x42, 0x14, 0x63, 0x35, 0x9D, 0x1B, 0x39, 0xF1, 0x41, 0xF4, 0x08, 0x2B, 0x84, 0x3B,
    0x94, 0xBD, 0x4A, 0x55, 0x08, 0x6C, 0x94, 0x9A, 0xAD, 0x5B, 0x4A, 0x35, 0x31, 0x92, 0x6B, 0x79,
    0x42, 0x34, 0x42, 0x14, 0x08, 0x4D, 0x84, 0x1A, 0xAD, 0x7C, 0x52, 0x96, 0x08, 0x2D, 0x52, 0x76,
    0x9C, 0xFD, 0x73, 0xBA, 0x00, 0x0C, 0x41, 0xF4, 0x00, 0x0B, 0x42, 0x14, 0x94, 0x99, 0xA5, 0x3C,
    0x10, 0x6E, 0x41, 0xF4, 0x00, 0x0E, 0x41, 0xF4, 0x00, 0x0D, 0x41, 0xF4, 0x00, 0x0C, 0x41, 0xF4,
    0x00, 0x0C, 0x41, 0xF4, 0x00, 0x0E, 0x41, 0xF4, 0x00, 0x0C, 0x41, 0xF4, 0x00, 0x0B, 0x41, 0xF4,
    0x08, 0x2A, 0x41, 0xF4, 0x08, 0x2A, 0x41, 0xF4, 0x00, 0x0D, 0x41, 0xF4, 0x00, 0x0C, 0x41, 0xF4,
    0x00, 0x0D, 0x41, 0xF4, 0x00, 0x2B, 0x41, 0xF4, 0x08, 0x2A, 0x41, 0xF4, 0x08, 0x2A, 0x41, 0xF4,
    0x08, 0x2A, 0x41, 0xF4, 0x08, 0x2A, 0x41, 0xF4, 0x00, 0x2B, 0x41, 0xF4, 0x08, 0x2A, 0x41, 0xF4,
    0x08, 0x2A, 0x41, 0xF4, 0x00, 0x2B, 0x41, 0xF4, 0x00, 0x0B, 0x41, 0xF4, 0x00, 0x0C, 0x41, 0xF4,
    0x00, 0x2B, 0x41, 0xF4, 0x00, 0x0B, 0x41, 0xF4, 0x00, 0x0C, 0x41, 0xF4, 0x00, 0x0C, 0x41, 0xF4,
    0x00, 0x0C, 0x41, 0xF4, 0x00, 0x0C, 0x41, 0xF4, 0x00, 0x0C, 0x41, 0xF4, 0x00, 0x2B, 0x41, 0xF4,
    0x00, 0x0C, 0x41, 0xF4, 0x00, 0x0B, 0x41, 0xF4, 0x00, 0x2B, 0x41, 0xF4, 0x00, 0x0D, 0x41, 0xF4,
    0x00, 0x0E, 0x41, 0xF4, 0x00, 0x0D, 0x41, 0xF4, 0x00, 0x0C, 0x41, 0xF4, 0x00, 0x0C, 0x41, 0xF4,
    0x00, 0x0E, 0x41, 0xF4, 0x00, 0x0C, 0x41, 0xF4, 0x00, 0x0B, 0x41, 0xF4, 0x08, 0x2A, 0x41, 0xF4,
    0x08, 0x2A, 0x41, 0xF4, 0x00, 0x0D, 0x41, 0xF4, 0x00, 0x0C, 0x41, 0xF4, 0x00, 0x0D, 0x41, 0xF4,
    0x00, 0x2B, 0x41, 0xF4, 0x08, 0x2A, 0x41, 0xF4, 0x08, 0x2A, 0x41, 0xF4, 0x08, 0x2A, 0x41, 0xF4,
    0x08, 0x2A, 0x41, 0xF4, 0x00, 0x2B, 0x41, 0xF4, 0x08, 0x2A, 0x41, 0xF4, 0x08, 0x2A, 0x41, 0xF4,
    0x00, 0x2B, 0x41, 0xF4, 0x00, 0x0B, 0x41, 0xF4, 0x00, 0x0C, 0x41, 0xF4, 0x00, 0x2B, 0x41, 0xF4,
    0x00, 0x0B, 0x41, 0xF4, 0x00, 0x0C, 0x41, 0xF4, 0x00, 0x0C, 0x41, 0xF4, 0x00, 0x0C, 0x41, 0xF4,
    0x00, 0x0C, 0x41, 0xF4, 0x00, 0x0C, 0x41, 0xF4, 0x00, 0x2B, 0x41, 0xF4, 0x00, 0x0C, 0x41, 0xF4,
    0x00, 0x0B, 0x41, 0xF4, 0x00, 0x2B, 0x41, 0xF4, 0x00, 0x0D, 0x41, 0xF4, 0x00, 0x0E, 0x41, 0xF4,
    0x00, 0x0D, 0x41, 0xF4, 0x00, 0x0C, 0x41, 0xF4, 0x00, 0x0C, 0x41, 0xF4, 0x00, 0x0E, 0x41, 0xF4,
    0x00, 0x0C, 0x41, 0xF4, 0x00, 0x0B, 0x5A, 0xBC, 0x08, 0x2A, 0x00, 0x00, 0x08, 0x2A, 0x00, 0x00,
    0x8C, 0x3F, 0x00, 0x2B, 0x5A, 0xBC, 0x00, 0x2B, 0x00, 0x00, 0x00, 0x0C, 0x41, 0xF4, 0x00, 0x0C,
    0x42, 0x14, 0x84, 0x17, 0xB5, 0xBC, 0x10, 0xAD, 0x63, 0x17, 0xA5, 0x3B, 0x6B, 0x77, 0x00, 0x0C,
    0x41, 0xF4, 0x21, 0x30, 0xAD, 0x9D, 0x84, 0x19, 0x42, 0x35, 0x5A, 0xD6, 0x84, 0x5A, 0x73, 0xB9,
    0x8C, 0x7A, 0x84, 0x39, 0x94, 0xBB, 0x84, 0x18, 0x73, 0xB9, 0x08, 0x4E, 0x52, 0x96, 0x63, 0x18,
    0x9D, 0x1B, 0xAD, 0x9C, 0xA5, 0x3C, 0xAD, 0x7C, 0xAD, 0x5D, 0x18, 0xCD, 0x41, 0xF4, 0x08, 0x2A,
    0x41, 0xF4, 0x00, 0x0C, 0x41, 0xF4, 0x08, 0x2C, 0x5A, 0xF7, 0x8C, 0x5A, 0x6B, 0x79, 0x08, 0x2B,
    0x41, 0xF4, 0x08, 0x2A, 0x41, 0xF4, 0x08, 0x4B, 0x41, 0xF4, 0x10, 0xAD, 0x63, 0x18, 0x73, 0xB8,
    0xA5, 0x5B, 0xAD, 0x5B, 0xA5, 0x1C, 0xBD, 0xFD, 0x5A, 0xF7, 0x08, 0x2A, 0x52, 0x96, 0x73, 0xB9,
    0x52, 0xB7, 0x00, 0x0C, 0x42, 0x14, 0x84, 0x38, 0x94, 0xDA, 0x08, 0x4C, 0x41, 0xF4, 0x39, 0xF2,
    0xB5, 0xBD, 0x29, 0x6F, 0x4A, 0x55, 0x73, 0xB8, 0x94, 0xBB, 0x7B, 0xF7, 0x9C, 0xDB, 0x84, 0x39,
    0x94, 0xBB, 0x84, 0x19, 0x63, 0x18, 0x08, 0x2A, 0x41, 0xF4, 0x00, 0x0B, 0x41, 0xF4, 0x00, 0x0C,
    0x41, 0xF4, 0x00, 0x0C, 0x5A, 0xD6, 0xC6, 0x3D, 0x7B, 0xD8, 0x00, 0x2D, 0x41, 0xF4, 0x18, 0xD1,
    0x8C, 0x7B, 0x73, 0xB8, 0x42, 0x14, 0x00, 0x0E, 0x41, 0xF4, 0x08, 0x50, 0x6B, 0x59, 0x84, 0x3A,
    0x5A, 0xF7, 0x00, 0x0D, 0x41, 0xF4, 0x10, 0x6C, 0x9C, 0xFB, 0xAD, 0x7D, 0x5A, 0xB7, 0x42, 0x14,
    0x73, 0xB9, 0x18, 0xCF, 0x41, 0xF4, 0x10, 0xB0, 0xAD, 0x9C, 0x84, 0x37, 0x42, 0x14, 0x08, 0x2A,
    0x63, 0x18, 0xAD, 0x9D, 0x5A, 0xD6, 0x08, 0x2A, 0x41, 0xF4, 0x00, 0x2A, 0x41, 0xF4, 0x00, 0x0C,
    0x41, 0xF4, 0x08, 0x2A, 0x84, 0x19, 0x7B, 0xF6, 0x42, 0x14, 0x00, 0x2B, 0x41, 0xF4, 0x5A, 0xF6,
    0xAD, 0x5D, 0x18, 0xAE, 0x42, 0x14, 0x84, 0x17, 0xB5, 0xBC, 0x10, 0x8D, 0x52, 0x96, 0x7B, 0xD9,
    0x63, 0x38, 0x08, 0x2C, 0x41, 0xF4, 0x5A, 0xD5, 0xB5, 0x9C, 0x18, 0xCF, 0x41, 0xF4, 0x20, 0xEF,
    0xAD, 0x7D, 0x52, 0x93, 0x41, 0xF4, 0x00, 0x0B, 0x41, 0xF4, 0x18, 0xCE, 0xB5, 0x9D, 0x84, 0x19,
    0x42, 0x14, 0x00, 0x0C, 0x41, 0xF4, 0x00, 0x0D, 0x41, 0xF4, 0x00, 0x0E, 0x41, 0xF4, 0x00, 0x0C,
    0x41, 0xF4, 0x00, 0x0E, 0x41, 0xF4, 0x00, 0x0F, 0x41, 0xF4, 0x00, 0x0F, 0x41, 0xF4, 0x00, 0x0D,
    0x41, 0xF4, 0x08, 0x2A, 0x41, 0xF4, 0x08, 0x2A, 0x41, 0xF4, 0x00, 0x0C, 0x41, 0xF4, 0x00, 0x0C,
    0x41, 0xF4, 0x00, 0x0E, 0x41, 0xF4, 0x00, 0x2B, 0x41, 0xF4, 0x08, 0x2A, 0x41, 0xF4, 0x08, 0x2A,
    0x41, 0xF4, 0x08, 0x2A, 0x41, 0xF4, 0x00, 0x2A, 0x41, 0xF4, 0x00, 0x0C, 0x41, 0xF4, 0x08, 0x2A,
    0x41, 0xF4, 0x08, 0x2A, 0x41, 0xF4, 0x00, 0x2B, 0x41, 0xF4, 0x00, 0x0C, 0x41, 0xF4, 0x00, 0x0C,
    0x41, 0xF4, 0x00, 0x2B, 0x41, 0xF4, 0x00, 0x2B, 0x41, 0xF4, 0x00, 0x2B, 0x41, 0xF4, 0x00, 0x0C,
    0x41, 0xF4, 0x00, 0x0C, 0x41, 0xF4, 0x00, 0x0C, 0x41, 0xF4, 0x00, 0x2B, 0x41, 0xF4, 0x08, 0x2A,
    0x41, 0xF4, 0x00, 0x0B, 0x41, 0xF4, 0x00, 0x0C, 0x41, 0xF4, 0x00, 0x0C, 0x41, 0xF4, 0x00, 0x0C,
    0x41, 0xF4, 0x00, 0x0D, 0x41, 0xF4, 0x00, 0x0E, 0x41, 0xF4, 0x00, 0x0C, 0x41, 0xF4, 0x00, 0x0E,
    0x41, 0xF4, 0x00, 0x0F, 0x41, 0xF4, 0x00, 0x0F, 0x41, 0xF4, 0x00, 0x0D, 0x41, 0xF4, 0x08, 0x2A,
    0x41, 0xF4, 0x08, 0x2A, 0x41, 0xF4, 0x00, 0x0C, 0x41, 0xF4, 0x00, 0x0C, 0x41, 0xF4, 0x00, 0x0E,
    0x41, 0xF4, 0x00, 0x2B, 0x41, 0xF4, 0x08, 0x2A, 0x41, 0xF4, 0x08, 0x2A, 0x41, 0xF4, 0x08, 0x2A,
    0x41, 0xF4, 0x00, 0x2A, 0x41, 0xF4, 0x00, 0x0C, 0x41, 0xF4, 0x08, 0x2A, 0x41, 0xF4, 0x08, 0x2A,
    0x41, 0xF4, 0x00, 0x2B, 0x41, 0xF4, 0x00, 0x0C, 0x41, 0xF4, 0x00, 0x0C, 0x41, 0xF4, 0x00, 0x2B,
    0x41, 0xF4, 0x00, 0x2B, 0x41, 0xF4, 0x00, 0x2B, 0x41, 0xF4, 0x00, 0x0C, 0x41, 0xF4, 0x00, 0x0C,
    0x41, 0xF4, 0x00, 0x0C, 0x41, 0xF4, 0x00, 0x2B, 0x41, 0xF4, 0x08, 0x2A, 0x41, 0xF4, 0x00, 0x0B,
    0x41, 0xF4, 0x00, 0x0C, 0x41, 0xF4, 0x00, 0x0C, 0x41, 0xF4, 0x00, 0x0C, 0x41, 0xF4, 0x00, 0x0D,
    0x41, 0xF4, 0x00, 0x0E, 0x41, 0xF4, 0x00, 0x0C, 0x41, 0xF4, 0x00, 0x0E, 0x41, 0xF4, 0x00, 0x0F,
    0x41, 0xF4, 0x00, 0x0F, 0x41, 0xF4, 0x00, 0x0D, 0x31, 0xB1, 0x08, 0x2A, 0x00, 0x00, 0x08, 0x2A,
    0x00, 0x2A, 0x62, 0xFE, 0x08, 0x2A, 0x4A, 0x37, 0x00, 0x2B, 0x41, 0xF4, 0x00, 0x0C, 0x41, 0xF4,
    0x08, 0x2D, 0x94, 0xDA, 0xAD, 0x7B, 0x4A, 0x55, 0x39, 0xD0, 0xAD, 0x7B, 0x52, 0xB2, 0x42, 0x14,
    0x00, 0x2B, 0x63, 0x17, 0xBD, 0xDD, 0x94, 0xBB, 0x10, 0x8D, 0x6B, 0x79, 0x8C, 0x9A, 0x5A, 0xD7,
    0x08, 0x4D, 0x4A, 0x56, 0x31, 0x93, 0x7B, 0xB9, 0x42, 0x13, 0x4A, 0x76, 0x73, 0xB8, 0xA5, 0x1B,
    0x52, 0xB5, 0x5A, 0xF7, 0x20, 0xF2, 0x9C, 0xDB, 0x9D, 0x1C, 0x4A, 0x55, 0x08, 0x2A, 0x41, 0xF4,
    0x00, 0x2B, 0x41, 0xF4, 0x08, 0x2A, 0x41, 0xF4, 0x31, 0x92, 0x8C, 0x9B, 0x63, 0x36, 0x42, 0x14,
    0x00, 0x0C, 0x42, 0x15, 0x5A, 0xD4, 0x8C, 0x7B, 0x21, 0x2F, 0x63, 0x38, 0x94, 0x9A, 0x84, 0x19,
    0x39, 0xD0, 0x52, 0x97, 0x42, 0x13, 0xB5, 0xDD, 0x39, 0xB0, 0x41, 0xF4, 0x31, 0x70, 0x84, 0x1A,
    0x29, 0x4F, 0x41, 0xF4, 0x08, 0x4D, 0x94, 0xBB, 0x84, 0x38, 0x42, 0x15, 0x00, 0x2A, 0x5A, 0xF7,
    0xAD, 0x7D, 0x63, 0x18, 0x10, 0xAD, 0x84, 0x1A, 0x8C, 0x99, 0x4A, 0x55, 0x10, 0xAF, 0x4A, 0x56,
    0x39, 0xD1, 0x7B, 0xDA, 0x29, 0x4F, 0x41, 0xF4, 0x08, 0x2A, 0x41, 0xF4, 0x00, 0x2B, 0x41, 0xF4,
    0x00, 0x0C, 0x41, 0xF4, 0x31, 0x90, 0xC6, 0x3D, 0x5A, 0xD4, 0x42, 0x14, 0x00, 0x0C, 0x4A, 0x56,
    0x8C, 0x7A, 0x73, 0xB8, 0x00, 0x0C, 0x41, 0xF4, 0x00, 0x0E, 0x42, 0x14, 0x5A, 0xD7, 0x94, 0xBB,
    0x42, 0x14, 0x41, 0xF4, 0x00, 0x0C, 0x52, 0x96, 0xA5, 0x3B, 0xA5, 0x5D, 0x18, 0xCE, 0x63, 0x18,
    0x73, 0xB9, 0x4A, 0x35, 0x00, 0x0D, 0x52, 0x76, 0xA5, 0x1C, 0x94, 0xBB, 0x08, 0x4D, 0x41, 0xF4,
    0x31, 0x90, 0xB5, 0xBE, 0x41, 0xF3, 0x41, 0xF4, 0x08, 0x2A, 0x41, 0xF4, 0x00, 0x2B, 0x41, 0xF4,
    0x00, 0x0C, 0x42, 0x14, 0x73, 0x95, 0x8C, 0x79, 0x08, 0x2A, 0x41, 0xF4, 0x08, 0x2B, 0x7B, 0xD9,
    0xA5, 0x3C, 0x4A, 0x55, 0x08, 0x2B, 0x94, 0xDA, 0xAD, 0x7A, 0x4A, 0x55, 0x31, 0x70, 0x84, 0x3A,
    0x42, 0x32, 0x41, 0xF4, 0x08, 0x2D, 0x7B, 0xD9, 0xA5, 0x3B, 0x4A, 0x76, 0x00, 0x2B, 0x4A, 0x55,
    0xA5, 0x1B, 0x7B, 0xDB, 0x08, 0x2A, 0x41, 0xF4, 0x08, 0x2B, 0x6B, 0x57, 0xBD, 0xFD, 0x73, 0xB9,
    0x00, 0x2B, 0x42, 0x14, 0x08, 0x2B, 0x42, 0x14, 0x00, 0x0C, 0x41, 0xF4, 0x00, 0x0D, 0x41, 0xF4,
    0x00, 0x0C, 0x41, 0xF4, 0x00, 0x0E, 0x41, 0xF4, 0x00, 0x0F, 0x41, 0xF4, 0x00, 0x0F, 0x41, 0xF4,
    0x00, 0x0C, 0x41, 0xF4, 0x08, 0x2A, 0x41, 0xF4, 0x00, 0x2B, 0x41, 0xF4, 0x08, 0x2A, 0x41, 0xF4,
    0x00, 0x0D, 0x41, 0xF4, 0x00, 0x0D, 0x41, 0xF4, 0x00, 0x0C, 0x41, 0xF4, 0x00, 0x2B, 0x41, 0xF4,
    0x00, 0x2B, 0x41, 0xF4, 0x08, 0x2A, 0x41, 0xF4, 0x00, 0x2B, 0x41, 0xF4, 0x00, 0x0C, 0x41, 0xF4,
    0x08, 0x2A, 0x41, 0xF4, 0x08, 0x2A, 0x41, 0xF4, 0x00, 0x2A, 0x41, 0xF4, 0x00, 0x0B, 0x41, 0xF4,
    0x00, 0x2B, 0x41, 0xF4, 0x00, 0x2A, 0x41, 0xF4, 0x08, 0x2A, 0x41, 0xF4, 0x00, 0x2B, 0x41, 0xF4,
    0x00, 0x0C, 0x41, 0xF4, 0x00, 0x0C, 0x41, 0xF4, 0x00, 0x2B, 0x41, 0xF4, 0x08, 0x2A, 0x41, 0xF4,
    0x08, 0x2A, 0x41, 0xF4, 0x00, 0x2B, 0x41, 0xF4, 0x00, 0x0C, 0x41, 0xF4, 0x00, 0x2B, 0x41, 0xF4,
    0x00, 0x2B, 0x41, 0xF4, 0x00, 0x0C, 0x41, 0xF4, 0x00, 0x0D, 0x41, 0xF4, 0x00, 0x0C, 0x41, 0xF4,
    0x00, 0x0E, 0x41, 0xF4, 0x00, 0x0F, 0x41, 0xF4, 0x00, 0x0F, 0x41, 0xF4, 0x00, 0x0C, 0x41, 0xF4,
    0x08, 0x2A, 0x41, 0xF4, 0x00, 0x2B, 0x41, 0xF4, 0x08, 0x2A, 0x41, 0xF4, 0x00, 0x0D, 0x41, 0xF4,
    0x00, 0x0D, 0x41, 0xF4, 0x00, 0x0C, 0x41, 0xF4, 0x00, 0x2B, 0x41, 0xF4, 0x00, 0x2B, 0x41, 0xF4,
    0x08, 0x2A, 0x41, 0xF4, 0x00, 0x2B, 0x41, 0xF4, 0x00, 0x0C, 0x41, 0xF4, 0x08, 0x2A, 0x41, 0xF4,
    0x08, 0x2A, 0x41, 0xF4, 0x00, 0x2A, 0x41, 0xF4, 0x00, 0x0B, 0x41, 0xF4, 0x00, 0x2B, 0x41, 0xF4,
    0x00, 0x2A, 0x41, 0xF4, 0x08, 0x2A, 0x41, 0xF4, 0x00, 0x2B, 0x41, 0xF4, 0x00, 0x0C, 0x41, 0xF4,
    0x00, 0x0C, 0x41, 0xF4, 0x00, 0x2B, 0x41, 0xF4, 0x08, 0x2A, 0x41, 0xF4, 0x08, 0x2A, 0x41, 0xF4,
    0x00, 0x2B, 0x41, 0xF4, 0x00, 0x0C, 0x41, 0xF4, 0x00, 0x2B, 0x41, 0xF4, 0x00, 0x2B, 0x41, 0xF4,
    0x00, 0x0C, 0x41, 0xF4, 0x00, 0x0D, 0x41, 0xF4, 0x00, 0x0C, 0x41, 0xF4, 0x00, 0x0E, 0x41, 0xF4,
    0x00, 0x0F, 0x41, 0xF4, 0x00, 0x0F, 0x5A, 0xDD, 0x00, 0x0C, 0x00, 0x00, 0x08, 0x2A, 0x00, 0x00,
    0x94, 0x5F, 0x00, 0x2B, 0x5A, 0xDC, 0x08, 0x2A, 0x00, 0x00, 0x00, 0x2B, 0x42, 0x14, 0x00, 0x0D,
    0x42, 0x15, 0x84, 0x39, 0xAD, 0x5D, 0x18, 0xAD, 0x52, 0x96, 0x94, 0xBA, 0xA5, 0x1B, 0x41, 0xF0,
    0x5A, 0xD6, 0x84, 0x3A, 0xBD, 0xFE, 0x84, 0x1A, 0x4A, 0x35, 0x31, 0x90, 0x9C, 0xFB, 0x6B, 0x55,
    0x5A, 0xD6, 0x21, 0x0E, 0x8C, 0x7C, 0xAD, 0x5E, 0x7B, 0xD9, 0x21, 0x2F, 0x9C, 0xDA, 0x94, 0xB9,
    0x5A, 0xB6, 0x29, 0x30, 0x84, 0x3B, 0xAD, 0x5D, 0xAD, 0x7D, 0x10, 0xAD, 0x42, 0x14, 0x00, 0x2B,
    0x42, 0x14, 0x00, 0x0B, 0x42, 0x14, 0x08, 0x2A, 0x42, 0x35, 0x73, 0x97, 0xA5, 0x1B, 0x31, 0x91,
    0x4A, 0x55, 0x42, 0x14, 0x9C, 0xFD, 0x9C, 0xFB, 0x52, 0x96, 0x5A, 0xF5, 0x9D, 0x1B, 0x4A, 0x52,
    0x52, 0x75, 0x42, 0x12, 0x9C, 0xFD, 0xA5, 0x5E, 0x62, 0xF7, 0x08, 0x2A, 0x52, 0x96, 0x84, 0x59,
    0x5A, 0xB6, 0x08, 0x2A, 0x42, 0x14, 0x84, 0x3A, 0x8C, 0x7D, 0x08, 0x4B, 0x42, 0x14, 0x31, 0x90,
    0xAD, 0x9E, 0x42, 0x13, 0x42, 0x14, 0x52, 0x93, 0xAD, 0x7B, 0x52, 0xB4, 0x5A, 0xB6, 0x39, 0xD3,
    0x94, 0xDD, 0xB5, 0xDD, 0x62, 0xF7, 0x00, 0x2B, 0x42, 0x14, 0x08, 0x2A, 0x42, 0x14, 0x00, 0x2B,
    0x42, 0x14, 0x00, 0x0C, 0x62, 0xF7, 0xC6, 0x1D, 0x7B, 0xD9, 0x08, 0x2A, 0x42, 0x14, 0x10, 0x8D,
    0x9C, 0xFB, 0x52, 0xB3, 0x42, 0x14, 0x00, 0x2B, 0x42, 0x14, 0x00, 0x2B, 0x5A, 0xB6, 0x94, 0xBA,
    0x94, 0xBA, 0x31, 0x91, 0x52, 0x96, 0x6B, 0x78, 0xAD, 0x7E, 0x63, 0x35, 0x42, 0x14, 0x42, 0x12,
    0x84, 0x39, 0x10, 0x8C, 0x42, 0x14, 0x10, 0x8E, 0xA5, 0x3D, 0x84, 0x1B, 0x42, 0x15, 0x00, 0x0D,
    0x5A, 0xF7, 0xAD, 0x7D, 0x63, 0x39, 0x00, 0x0D, 0x42, 0x14, 0x08, 0x2A, 0x42, 0x14, 0x00, 0x0C,
    0x42, 0x14, 0x08, 0x4D, 0x84, 0x5A, 0x7B, 0xF8, 0x42, 0x14, 0x08, 0x2A, 0x42, 0x14, 0x63, 0x16,
    0x9C, 0xFE, 0x21, 0x0F, 0x42, 0x15, 0x84, 0x39, 0xAD, 0x5D, 0x18, 0xAD, 0x52, 0x96, 0x8C, 0x7A,
    0x6B, 0x57, 0x00, 0x2B, 0x42, 0x14, 0x63, 0x17, 0x9C, 0xFE, 0x18, 0xAF, 0x42, 0x14, 0x10, 0xAD,
    0xA5, 0x5D, 0x63, 0x17, 0x42, 0x14, 0x08, 0x2A, 0x4A, 0x56, 0x94, 0x98, 0xA5, 0x3B, 0x10, 0x8E,
    0x42, 0x15, 0x39, 0xD3, 0x7B, 0xBB, 0x39, 0xF1, 0x42, 0x14, 0x00, 0x2B, 0x42, 0x14, 0x00, 0x2B,
    0x42, 0x14, 0x00, 0x2B, 0x42, 0x14, 0x00, 0x2B, 0x42, 0x14, 0x00, 0x0D, 0x42, 0x14, 0x00, 0x0D,
    0x42, 0x14, 0x00, 0x0B, 0x42, 0x14, 0x00, 0x2B, 0x42, 0x14, 0x00, 0x0B, 0x42, 0x14, 0x08, 0x2A,
    0x42, 0x14, 0x00, 0x0D, 0x42, 0x14, 0x00, 0x0D, 0x42, 0x14, 0x00, 0x0D, 0x42, 0x14, 0x00, 0x0D,
    0x42, 0x14, 0x00, 0x0D, 0x42, 0x14, 0x08, 0x2A, 0x42, 0x14, 0x00, 0x0C, 0x42, 0x14, 0x00, 0x0C,
    0x42, 0x14, 0x08, 0x2A, 0x42, 0x14, 0x08, 0x2A, 0x42, 0x14, 0x08, 0x2A, 0x42, 0x14, 0x00, 0x2B,
    0x42, 0x14, 0x08, 0x2A, 0x42, 0x14, 0x00, 0x2B, 0x42, 0x14, 0x08, 0x2A, 0x42, 0x14, 0x00, 0x2B,
    0x42, 0x14, 0x00, 0x0D, 0x42, 0x14, 0x00, 0x0C, 0x42, 0x14, 0x00, 0x2B, 0x42, 0x14, 0x00, 0x2B,
    0x42, 0x14, 0x08, 0x2A, 0x42, 0x14, 0x00, 0x2B, 0x42, 0x14, 0x00, 0x0C, 0x42, 0x14, 0x08, 0x2A,
    0x42, 0x14, 0x08, 0x2A, 0x42, 0x14, 0x00, 0x2B, 0x42, 0x14, 0x00, 0x2B, 0x42, 0x14, 0x00, 0x2B,
    0x42, 0x14, 0x00, 0x2B, 0x42, 0x14, 0x00, 0x0D, 0x42, 0x14, 0x00, 0x0D, 0x42, 0x14, 0x00, 0x0B,
    0x42, 0x14, 0x00, 0x2B, 0x42, 0x14, 0x00, 0x0B, 0x42, 0x14, 0x08, 0x2A, 0x42, 0x14, 0x00, 0x0D,
    0x42, 0x14, 0x00, 0x0D, 0x42, 0x14, 0x00, 0x0D, 0x42, 0x14, 0x00, 0x0D, 0x42, 0x14, 0x00, 0x0D,
    0x42, 0x14, 0x08, 0x2A, 0x42, 0x14, 0x00, 0x0C, 0x42, 0x14, 0x00, 0x0C, 0x42, 0x14, 0x08, 0x2A,
    0x42, 0x14, 0x08, 0x2A, 0x42, 0x14, 0x08, 0x2A, 0x42, 0x14, 0x00, 0x2B, 0x42, 0x14, 0x08, 0x2A,
    0x42, 0x14, 0x00, 0x2B, 0x42, 0x14, 0x08, 0x2A, 0x42, 0x14, 0x00, 0x2B, 0x42, 0x14, 0x00, 0x0D,
    0x42, 0x14, 0x00, 0x0C, 0x42, 0x14, 0x00, 0x2B, 0x42, 0x14, 0x00, 0x2B, 0x42, 0x14, 0x08, 0x2A,
    0x42, 0x14, 0x00, 0x2B, 0x42, 0x14, 0x00, 0x0C, 0x42, 0x14, 0x08, 0x2A, 0x42, 0x14, 0x08, 0x2A,
    0x42, 0x14, 0x00, 0x2B, 0x42, 0x14, 0x00, 0x2B, 0x42, 0x14, 0x00, 0x2B, 0x42, 0x14, 0x00, 0x2B,
    0x42, 0x14, 0x00, 0x0D, 0x42, 0x14, 0x00, 0x0D, 0x39, 0xB1, 0x00, 0x0B, 0x00, 0x00, 0x00, 0x2B,
    0x00, 0x2B, 0x63, 0x1F, 0x00, 0x2B, 0x4A, 0x57, 0x08, 0x2A, 0x42, 0x14, 0x00, 0x2B, 0x42, 0x14,
    0x08, 0x4E, 0x94, 0x9B, 0x9C, 0xFB, 0x4A, 0x76, 0x08, 0x2D, 0x73, 0xB9, 0xAD, 0x7B, 0xBE, 0x1D,
    0xB5, 0x9B, 0xB5, 0xBD, 0xAD, 0x5C, 0x8C, 0x7C, 0x10, 0x6D, 0x4A, 0x35, 0x5A, 0xF4, 0xAD, 0x5B,
    0xB5, 0xBB, 0xB5, 0xBC, 0xAD, 0x7C, 0x9C, 0xDB, 0x20, 0xED, 0x42, 0x35, 0x63, 0x14, 0xB5, 0xBC,
    0xA5, 0x5A, 0xB5, 0xDC, 0xA5, 0x1B, 0xB5, 0xBD, 0x9C, 0xFB, 0x52, 0x96, 0x00, 0x2B, 0x42, 0x14,
    0x00, 0x0C, 0x42, 0x14, 0x00, 0x0B, 0x42, 0x14, 0x08, 0x2A, 0x5A, 0xF6, 0x9C, 0xD9, 0xBD, 0xFC,
    0xAD, 0x5B, 0xB5, 0xBD, 0xAD, 0x5C, 0x6B, 0x58, 0x08, 0x30, 0x5A, 0xF7, 0x94, 0xDA, 0xAD, 0x7B,
    0xA5, 0x3A, 0xBD, 0xDD, 0x9D, 0x1C, 0xB5, 0xDD, 0x4A, 0x34, 0x42, 0x15, 0x21, 0x2E, 0x94, 0x9A,
    0x29, 0x2E, 0x42, 0x14, 0x08, 0x2B, 0x94, 0x9B, 0x7B, 0xF8, 0x42, 0x35, 0x00, 0x2B, 0x6B, 0x39,
    0xA5, 0x5C, 0x5A, 0xF7, 0x08, 0x2A, 0x52, 0x75, 0x7B, 0xF7, 0xBD, 0xFC, 0xAD, 0x9B, 0xAD, 0x7D,
    0xA5, 0x5C, 0x8C, 0x5A, 0x08, 0x6E, 0x42, 0x14, 0x00, 0x0C, 0x42, 0x14, 0x08, 0x2A, 0x42, 0x14,
    0x00, 0x2B, 0x42, 0x14, 0x31, 0x91, 0xC6, 0x1D, 0x52, 0xB3, 0x42, 0x15, 0x08, 0x2A, 0x4A, 0x55,
    0x94, 0xB9, 0x73, 0xB8, 0x08, 0x2A, 0x42, 0x14, 0x08, 0x2A, 0x42, 0x14, 0x08, 0x2A, 0x6B, 0x78,
    0x9C, 0xF9, 0xBD, 0xDC, 0xAD, 0x7B, 0xB5, 0x9D, 0x84, 0x39, 0x52, 0x96, 0x08, 0x2C, 0x63, 0x37,
    0x7B, 0xF7, 0x4A, 0x55, 0x08, 0x2A, 0x4A, 0x75, 0x9C, 0xFB, 0x94, 0x9B, 0x08, 0x4E, 0x42, 0x14,
    0x42, 0x36, 0xAD, 0x9D, 0x29, 0x73, 0x42, 0x14, 0x00, 0x0C, 0x42, 0x14, 0x08, 0x2A, 0x42, 0x14,
    0x00, 0x0D, 0x42, 0x35, 0x73, 0xB8, 0x8C, 0x7A, 0x08, 0x4B, 0x42, 0x14, 0x08, 0x2B, 0x7B, 0xD9,
    0x9C, 0xDB, 0x52, 0x97, 0x08, 0x4C, 0x94, 0x9B, 0x9C, 0xFB, 0x4A, 0x76, 0x21, 0x2F, 0x94, 0xBA,
    0x4A, 0x51, 0x42, 0x14, 0x08, 0x2B, 0x7B, 0xD9, 0x9C, 0xFB, 0x52, 0x76, 0x00, 0x0D, 0x52, 0xB7,
    0x9C, 0xFB, 0x73, 0xB9, 0x00, 0x0C, 0x4A, 0x76, 0x6B, 0x77, 0xB5, 0xDC, 0x31, 0x6F, 0x42, 0x14,
    0x20, 0xEF, 0x73, 0x99, 0x84, 0x37, 0x7B, 0xD9, 0x08, 0x2B, 0x42, 0x14, 0x08, 0x2A, 0x42, 0x14,
    0x08, 0x2A, 0x42, 0x14, 0x08, 0x2A, 0x42, 0x14, 0x08, 0x2A, 0x42, 0x14, 0x00, 0x2B, 0x42, 0x14,
    0x00, 0x2B, 0x42, 0x14, 0x00, 0x2B, 0x42, 0x14, 0x00, 0x0C, 0x42, 0x14, 0x00, 0x0B, 0x42, 0x14,
    0x08, 0x2A, 0x42, 0x14, 0x00, 0x0C, 0x42, 0x14, 0x00, 0x0D, 0x42, 0x14, 0x00, 0x0E, 0x42, 0x14,
    0x00, 0x0F, 0x42, 0x14, 0x00, 0x0C, 0x42, 0x14, 0x08, 0x2A, 0x42, 0x14, 0x00, 0x0D, 0x42, 0x14,
    0x00, 0x0D, 0x42, 0x14, 0x08, 0x2A, 0x42, 0x14, 0x00, 0x2B, 0x42, 0x14, 0x00, 0x2B, 0x42, 0x14,
    0x08, 0x2A, 0x42, 0x14, 0x00, 0x2B, 0x42, 0x14, 0x00, 0x2B, 0x42, 0x14, 0x08, 0x2A, 0x42, 0x14,
    0x00, 0x2B, 0x42, 0x14, 0x00, 0x0D, 0x42, 0x14, 0x00, 0x0D, 0x42, 0x14, 0x00, 0x0D, 0x42, 0x14,
    0x00, 0x0C, 0x42, 0x14, 0x08, 0x2A, 0x42, 0x14, 0x00, 0x2B, 0x42, 0x14, 0x00, 0x0C, 0x42, 0x14,
    0x00, 0x2B, 0x42, 0x14, 0x08, 0x2A, 0x42, 0x14, 0x08, 0x2A, 0x42, 0x14, 0x08, 0x2A, 0x42, 0x14,
    0x08, 0x2A, 0x42, 0x14, 0x08, 0x2A, 0x42, 0x14, 0x00, 0x2B, 0x42, 0x14, 0x00, 0x2B, 0x42, 0x14,
    0x00, 0x2B, 0x42, 0x14, 0x00, 0x0C, 0x42, 0x14, 0x00, 0x0B, 0x42, 0x14, 0x08, 0x2A, 0x42, 0x14,
    0x00, 0x0C, 0x42, 0x14, 0x00, 0x0D, 0x42, 0x14, 0x00, 0x0E, 0x42, 0x14, 0x00, 0x0F, 0x42, 0x14,
    0x00, 0x0C, 0x42, 0x14, 0x08, 0x2A, 0x42, 0x14, 0x00, 0x0D, 0x42, 0x14, 0x00, 0x0D, 0x42, 0x14,
    0x08, 0x2A, 0x42, 0x14, 0x00, 0x2B, 0x42, 0x14, 0x00, 0x2B, 0x42, 0x14, 0x08, 0x2A, 0x42, 0x14,
    0x00, 0x2B, 0x42, 0x14, 0x00, 0x2B, 0x42, 0x14, 0x08, 0x2A, 0x42, 0x14, 0x00, 0x2B, 0x42, 0x14,
    0x00, 0x0D, 0x42, 0x14, 0x00, 0x0D, 0x42, 0x14, 0x00, 0x0D, 0x42, 0x14, 0x00, 0x0C, 0x42, 0x14,
    0x08, 0x2A, 0x42, 0x14, 0x00, 0x2B, 0x42, 0x14, 0x00, 0x0C, 0x42, 0x14, 0x00, 0x2B, 0x42, 0x14,
    0x08, 0x2A, 0x42, 0x14, 0x08, 0x2A, 0x42, 0x14, 0x08, 0x2A, 0x42, 0x14, 0x08, 0x2A, 0x42, 0x14,
    0x08, 0x2A, 0x42, 0x14, 0x00, 0x2B, 0x62, 0xFE, 0x00, 0x2B, 0x00, 0x00, 0x00, 0x2B, 0x00, 0x00,
    0x94, 0x9F, 0x00, 0x2B, 0x62, 0xFD, 0x00, 0x0C, 0x00, 0x00, 0x08, 0x2A, 0x42, 0x15, 0x08, 0x2A,
    0x42, 0x35, 0x21, 0x30, 0x5A, 0xF7, 0x08, 0x4D, 0x42, 0x15, 0x08, 0x2F, 0x5A, 0xD7, 0x31, 0x70,
    0x63, 0x17, 0x21, 0x2D, 0x5A, 0xB6, 0x31, 0x71, 0x42, 0x35, 0x00, 0x0C, 0x42, 0x35, 0x20, 0xEF,
    0x63, 0x17, 0x31, 0xB1, 0x5A, 0xD7, 0x10, 0x6C, 0x42, 0x15, 0x08, 0x2A, 0x4A, 0x55, 0x29, 0x4F,
    0x63, 0x17, 0x31, 0x8F, 0x52, 0x96, 0x29, 0x4F, 0x62, 0xF7, 0x18, 0xAD, 0x42, 0x15, 0x08, 0x2A,
    0x42, 0x15, 0x00, 0x0D, 0x42, 0x15, 0x00, 0x0C, 0x42, 0x15, 0x08, 0x2A, 0x52, 0xB6, 0x52, 0x92,
    0x7B, 0xF9, 0x5A, 0xB4, 0x62, 0xF7, 0x08, 0x2E, 0x42, 0x15, 0x00, 0x2E, 0x52, 0xB6, 0x31, 0x70,
    0x63, 0x17, 0x29, 0x50, 0x52, 0x96, 0x31, 0x94, 0x52, 0xB6, 0x08, 0x2D, 0x4A, 0x35, 0x21, 0x2F,
    0x4A, 0x55, 0x00, 0x0C, 0x42, 0x35, 0x29, 0x2F, 0x5A, 0xD7, 0x08, 0x2B, 0x42, 0x15, 0x18, 0xEF,
    0x63, 0x39, 0x10, 0x6D, 0x42, 0x15, 0x08, 0x2A, 0x4A, 0x35, 0x29, 0x2E, 0x63, 0x17, 0x31, 0xB1,
    0x5A, 0xB7, 0x08, 0x4D, 0x42, 0x15, 0x00, 0x0F, 0x42, 0x15, 0x00, 0x0C, 0x42, 0x15, 0x08, 0x2A,
    0x42, 0x15, 0x00, 0x2B, 0x4A, 0x56, 0x29, 0x70, 0x52, 0x76, 0x00, 0x0C, 0x42, 0x15, 0x08, 0x2C,
    0x5A, 0xD6, 0x18, 0xCD, 0x42, 0x15, 0x08, 0x2A, 0x42, 0x15, 0x08, 0x2A, 0x42, 0x15, 0x08, 0x2A,
    0x52, 0x96, 0x31, 0x8F, 0x63, 0x17, 0x29, 0x4F, 0x4A, 0x55, 0x08, 0x2A, 0x42, 0x15, 0x10, 0x8E,
    0x52, 0xB6, 0x08, 0x2D, 0x42, 0x15, 0x08, 0x4B, 0x5A, 0xF7, 0x29, 0x4F, 0x42, 0x35, 0x00, 0x0C,
    0x52, 0x96, 0x42, 0x15, 0x4A, 0x55, 0x00, 0x0E, 0x42, 0x15, 0x00, 0x0B, 0x42, 0x15, 0x00, 0x2B,
    0x42, 0x15, 0x08, 0x30, 0x52, 0xB6, 0x21, 0x10, 0x42, 0x35, 0x00, 0x0B, 0x42, 0x15, 0x18, 0xAE,
    0x5A, 0xD7, 0x10, 0x6C, 0x42, 0x35, 0x21, 0x2F, 0x5A, 0xF7, 0x08, 0x4C, 0x4A, 0x35, 0x29, 0x2F,
    0x4A, 0x76, 0x08, 0x2A, 0x42, 0x15, 0x18, 0xED, 0x5A, 0xF7, 0x08, 0x4D, 0x42, 0x15, 0x10, 0x6E,
    0x63, 0x39, 0x18, 0xB1, 0x42, 0x35, 0x5A, 0xD4, 0xBD, 0xDD, 0x42, 0x10, 0x42, 0x15, 0x00, 0x2B,
    0x42, 0x35, 0x08, 0x4D, 0x42, 0x35, 0x08, 0x2D, 0x42, 0x15, 0x00, 0x0C, 0x42, 0x15, 0x08, 0x2A,
    0x42, 0x15, 0x08, 0x2A, 0x42, 0x15, 0x08, 0x2A, 0x42, 0x15, 0x08, 0x2A, 0x42, 0x15, 0x08, 0x2A,
    0x42, 0x15, 0x08, 0x2A, 0x42, 0x15, 0x08, 0x2A, 0x42, 0x15, 0x00, 0x0D, 0x42, 0x15, 0x00, 0x0C,
    0x42, 0x15, 0x08, 0x2A, 0x42, 0x15, 0x00, 0x2A, 0x42, 0x15, 0x00, 0x0C, 0x42, 0x15, 0x00, 0x0D,
    0x42, 0x15, 0x00, 0x0E, 0x42, 0x15, 0x00, 0x0B, 0x42, 0x15, 0x00, 0x2B, 0x42, 0x15, 0x00, 0x0F,
    0x42, 0x15, 0x00, 0x0C, 0x42, 0x15, 0x00, 0x0B, 0x42, 0x15, 0x00, 0x0C, 0x42, 0x15, 0x00, 0x2B,
    0x42, 0x15, 0x00, 0x2B, 0x42, 0x15, 0x00, 0x2B, 0x42, 0x15, 0x00, 0x0C, 0x42, 0x15, 0x08, 0x2A,
    0x42, 0x15, 0x08, 0x2A, 0x42, 0x15, 0x00, 0x0C, 0x42, 0x15, 0x00, 0x0D, 0x42, 0x15, 0x00, 0x0F,
    0x42, 0x15, 0x00, 0x0C, 0x42, 0x15, 0x08, 0x2A, 0x42, 0x15, 0x00, 0x2B, 0x42, 0x15, 0x00, 0x0C,
    0x42, 0x15, 0x00, 0x0C, 0x42, 0x15, 0x00, 0x0C, 0x42, 0x15, 0x08, 0x2A, 0x42, 0x15, 0x08, 0x2A,
    0x42, 0x15, 0x08, 0x2A, 0x42, 0x15, 0x08, 0x2A, 0x42, 0x15, 0x08, 0x2A, 0x42, 0x15, 0x08, 0x2A,
    0x42, 0x15, 0x08, 0x2A, 0x42, 0x15, 0x00, 0x0D, 0x42, 0x15, 0x00, 0x0C, 0x42, 0x15, 0x08, 0x2A,
    0x42, 0x15, 0x00, 0x2A, 0x42, 0x15, 0x00, 0x0C, 0x42, 0x15, 0x00, 0x0D, 0x42, 0x15, 0x00, 0x0E,
    0x42, 0x15, 0x00, 0x0B, 0x42, 0x15, 0x00, 0x2B, 0x42, 0x15, 0x00, 0x0F, 0x42, 0x15, 0x00, 0x0C,
    0x42, 0x15, 0x00, 0x0B, 0x42, 0x15, 0x00, 0x0C, 0x42, 0x15, 0x00, 0x2B, 0x42, 0x15, 0x00, 0x2B,
    0x42, 0x15, 0x00, 0x2B, 0x42, 0x15, 0x00, 0x0C, 0x42, 0x15, 0x08, 0x2A, 0x42, 0x15, 0x08, 0x2A,
    0x42, 0x15, 0x00, 0x0C, 0x42, 0x15, 0x00, 0x0D, 0x42, 0x15, 0x00, 0x0F, 0x42, 0x15, 0x00, 0x0C,
    0x42, 0x15, 0x08, 0x2A, 0x42, 0x15, 0x00, 0x2B, 0x42, 0x15, 0x00, 0x0C, 0x42, 0x15, 0x00, 0x0C,
    0x42, 0x15, 0x00, 0x0C, 0x42, 0x15, 0x08, 0x2A, 0x42, 0x15, 0x08, 0x2A, 0x42, 0x15, 0x08, 0x2A,
    0x42, 0x15, 0x08, 0x2A, 0x42, 0x15, 0x08, 0x2A, 0x39, 0xD1, 0x08, 0x2A, 0x00, 0x00, 0x08, 0x2A,
    0x00, 0x0C, 0x6B, 0x3F, 0x00, 0x0C, 0x4A, 0x78, 0x00, 0x0C, 0x42, 0x35, 0x00, 0x2B, 0x42, 0x35,
    0x00, 0x0C, 0x42, 0x35, 0x00, 0x0C, 0x42, 0x35, 0x00, 0x0D, 0x42, 0x35, 0x00, 0x0E, 0x42, 0x35,
    0x00, 0x2B, 0x42, 0x35, 0x08, 0x2A, 0x42, 0x35, 0x00, 0x0B, 0x42, 0x35, 0x00, 0x0D, 0x42, 0x35,
    0x00, 0x0C, 0x42, 0x35, 0x00, 0x0C, 0x42, 0x35, 0x00, 0x0C, 0x42, 0x35, 0x00, 0x0C, 0x42, 0x35,
    0x00, 0x2B, 0x42, 0x35, 0x08, 0x2A, 0x42, 0x35, 0x08, 0x2A, 0x42, 0x35, 0x00, 0x2B, 0x42, 0x35,
    0x00, 0x2B, 0x42, 0x35, 0x00, 0x0E, 0x42, 0x35, 0x00, 0x0D, 0x42, 0x35, 0x00, 0x2B, 0x42, 0x35,
    0x08, 0x2A, 0x42, 0x35, 0x08, 0x2A, 0x42, 0x35, 0x00, 0x0B, 0x42, 0x35, 0x00, 0x0D, 0x42, 0x35,
    0x00, 0x2B, 0x42, 0x35, 0x00, 0x0C, 0x42, 0x35, 0x00, 0x0F, 0x42, 0x35, 0x00, 0x0C, 0x42, 0x35,
    0x00, 0x0D, 0x42, 0x35, 0x00, 0x0C, 0x42, 0x35, 0x00, 0x0B, 0x42, 0x35, 0x00, 0x0C, 0x42, 0x35,
    0x00, 0x0C, 0x42, 0x35, 0x00, 0x0C, 0x42, 0x35, 0x00, 0x2B, 0x42, 0x35, 0x00, 0x0C, 0x42, 0x35,
    0x00, 0x0C, 0x42, 0x35, 0x00, 0x0D, 0x42, 0x35, 0x00, 0x0E, 0x42, 0x35, 0x00, 0x2B, 0x42, 0x35,
    0x08, 0x2A, 0x42, 0x35, 0x00, 0x0B, 0x42, 0x35, 0x00, 0x0D, 0x42, 0x35, 0x00, 0x0C, 0x42, 0x35,
    0x00, 0x0C, 0x42, 0x35, 0x00, 0x0C, 0x42, 0x35, 0x00, 0x0C, 0x42, 0x35, 0x00, 0x2B, 0x42, 0x35,
    0x08, 0x2A, 0x42, 0x35, 0x08, 0x2A, 0x42, 0x35, 0x00, 0x2B, 0x42, 0x35, 0x00, 0x2B, 0x42, 0x35,
    0x00, 0x0E, 0x42, 0x35, 0x00, 0x0D, 0x42, 0x35, 0x00, 0x2B, 0x42, 0x35, 0x08, 0x2A, 0x42, 0x35,
    0x08, 0x2A, 0x42, 0x35, 0x00, 0x0B, 0x42, 0x35, 0x00, 0x0D, 0x42, 0x35, 0x00, 0x2B, 0x42, 0x35,
    0x00, 0x0C, 0x42, 0x35, 0x00, 0x0F, 0x42, 0x35, 0x00, 0x0C, 0x42, 0x35, 0x00, 0x0D, 0x42, 0x35,
    0x00, 0x0C, 0x42, 0x35, 0x00, 0x0B, 0x42, 0x35, 0x00, 0x0C, 0x42, 0x35, 0x00, 0x0C, 0x42, 0x35,
    0x00, 0x0C, 0x42, 0x35, 0x00, 0x2B, 0x42, 0x35, 0x00, 0x0C, 0x42, 0x35, 0x00, 0x0C, 0x42, 0x35,
    0x00, 0x0D, 0x42, 0x35, 0x08, 0x2F, 0x73, 0xB8, 0x52, 0xB3, 0x42, 0x35, 0x08, 0x2A, 0x42, 0x35,
    0x00, 0x0B, 0x42, 0x35, 0x00, 0x0D, 0x42, 0x35, 0x00, 0x0C, 0x42, 0x35, 0x00, 0x0C, 0x42, 0x35,
    0x00, 0x0C, 0x42, 0x35, 0x00, 0x0C, 0x42, 0x35, 0x00, 0x2B, 0x42, 0x35, 0x08, 0x2A, 0x42, 0x35,
    0x08, 0x2A, 0x42, 0x35, 0x00, 0x2B, 0x42, 0x35, 0x00, 0x2B, 0x42, 0x35, 0x00, 0x0E, 0x42, 0x35,
    0x00, 0x0D, 0x42, 0x35, 0x00, 0x2B, 0x42, 0x35, 0x08, 0x2A, 0x42, 0x35, 0x08, 0x2A, 0x42, 0x35,
    0x00, 0x0B, 0x42, 0x35, 0x00, 0x0D, 0x42, 0x35, 0x00, 0x2B, 0x42, 0x35, 0x00, 0x0C, 0x42, 0x35,
    0x00, 0x0F, 0x42, 0x35, 0x00, 0x0C, 0x42, 0x35, 0x00, 0x0D, 0x42, 0x35, 0x00, 0x0C, 0x42, 0x35,
    0x00, 0x0B, 0x42, 0x35, 0x00, 0x0C, 0x42, 0x35, 0x00, 0x0C, 0x42, 0x35, 0x00, 0x0C, 0x42, 0x35,
    0x00, 0x2B, 0x42, 0x35, 0x00, 0x0C, 0x42, 0x35, 0x00, 0x0C, 0x42, 0x35, 0x00, 0x0D, 0x42, 0x35,
    0x00, 0x0E, 0x42, 0x35, 0x00, 0x2B, 0x42, 0x35, 0x08, 0x2A, 0x42, 0x35, 0x00, 0x0B, 0x42, 0x35,
    0x00, 0x0D, 0x42, 0x35, 0x00, 0x0C, 0x42, 0x35, 0x00, 0x0C, 0x42, 0x35, 0x00, 0x0C, 0x42, 0x35,
    0x00, 0x0C, 0x42, 0x35, 0x00, 0x2B, 0x42, 0x35, 0x08, 0x2A, 0x42, 0x35, 0x08, 0x2A, 0x42, 0x35,
    0x00, 0x2B, 0x42, 0x35, 0x00, 0x2B, 0x42, 0x35, 0x00, 0x0E, 0x42, 0x35, 0x00, 0x0D, 0x42, 0x35,
    0x00, 0x2B, 0x42, 0x35, 0x08, 0x2A, 0x42, 0x35, 0x08, 0x2A, 0x42, 0x35, 0x00, 0x0B, 0x42, 0x35,
    0x00, 0x0D, 0x42, 0x35, 0x00, 0x2B, 0x42, 0x35, 0x00, 0x0C, 0x42, 0x35, 0x00, 0x0F, 0x42, 0x35,
    0x00, 0x0C, 0x42, 0x35, 0x00, 0x0D, 0x42, 0x35, 0x00, 0x0C, 0x42, 0x35, 0x00, 0x0B, 0x42, 0x35,
    0x00, 0x0C, 0x42, 0x35, 0x00, 0x0C, 0x42, 0x35, 0x00, 0x0C, 0x42, 0x35, 0x00, 0x2B, 0x42, 0x35,
    0x00, 0x0C, 0x42, 0x35, 0x00, 0x0C, 0x42, 0x35, 0x00, 0x0D, 0x42, 0x35, 0x00, 0x0E, 0x42, 0x35,
    0x00, 0x2B, 0x42, 0x35, 0x08, 0x2A, 0x42, 0x35, 0x00, 0x0B, 0x42, 0x35, 0x00, 0x0D, 0x42, 0x35,
    0x00, 0x0C, 0x42, 0x35, 0x00, 0x0C, 0x42, 0x35, 0x00, 0x0C, 0x42, 0x35, 0x00, 0x0C, 0x42, 0x35,
    0x00, 0x2B, 0x42, 0x35, 0x08, 0x2A, 0x63, 0x1E, 0x08, 0x2A, 0x00, 0x00, 0x00, 0x2B, 0x00, 0x00,
    0x9C, 0xBF, 0x00, 0x0C, 0x63, 0x1D, 0x00, 0x0D, 0x00, 0x00, 0x00, 0x0D, 0x42, 0x35, 0x00, 0x0C,
    0x42, 0x35, 0x00, 0x2B, 0x42, 0x35, 0x00, 0x0B, 0x42, 0x35, 0x00, 0x0E, 0x42, 0x35, 0x00, 0x0D,
    0x42, 0x35, 0x00, 0x2B, 0x42, 0x35, 0x00, 0x2A, 0x42, 0x35, 0x00, 0x2B, 0x42, 0x35, 0x00, 0x2B,
    0x42, 0x35, 0x00, 0x2B, 0x42, 0x35, 0x00, 0x0C, 0x42, 0x35, 0x00, 0x0C, 0x42, 0x35, 0x00, 0x0D,
    0x42, 0x35, 0x00, 0x2B, 0x42, 0x35, 0x08, 0x2A, 0x42, 0x35, 0x00, 0x0C, 0x42, 0x35, 0x00, 0x2B,
    0x42, 0x35, 0x00, 0x0D, 0x42, 0x35, 0x00, 0x0F, 0x42, 0x35, 0x00, 0x0E, 0x42, 0x35, 0x00, 0x0C,
    0x42, 0x35, 0x08, 0x2A, 0x42, 0x35, 0x08, 0x2A, 0x42, 0x35, 0x00, 0x2B, 0x42, 0x35, 0x00, 0x2B,
    0x42, 0x35, 0x08, 0x2A, 0x42, 0x35, 0x00, 0x0C, 0x42, 0x35, 0x00, 0x0E, 0x42, 0x35, 0x00, 0x0B,
    0x42, 0x35, 0x00, 0x0C, 0x42, 0x35, 0x00, 0x0C, 0x42, 0x35, 0x00, 0x0C, 0x42, 0x35, 0x00, 0x0C,
    0x42, 0x35, 0x00, 0x0D, 0x42, 0x35, 0x00, 0x0D, 0x42, 0x35, 0x00, 0x0C, 0x42, 0x35, 0x00, 0x2B,
    0x42, 0x35, 0x00, 0x0B, 0x42, 0x35, 0x00, 0x0E, 0x42, 0x35, 0x00, 0x0D, 0x42, 0x35, 0x00, 0x2B,
    0x42, 0x35, 0x00, 0x2A, 0x42, 0x35, 0x00, 0x2B, 0x42, 0x35, 0x00, 0x2B, 0x42, 0x35, 0x00, 0x2B,
    0x42, 0x35, 0x00, 0x0C, 0x42, 0x35, 0x00, 0x0C, 0x42, 0x35, 0x00, 0x0D, 0x42, 0x35, 0x00, 0x2B,
    0x42, 0x35, 0x08, 0x2A, 0x42, 0x35, 0x00, 0x0C, 0x42, 0x35, 0x00, 0x2B, 0x42, 0x35, 0x00, 0x0D,
    0x42, 0x35, 0x00, 0x0F, 0x42, 0x35, 0x00, 0x0E, 0x42, 0x35, 0x00, 0x0C, 0x42, 0x35, 0x08, 0x2A,
    0x42, 0x35, 0x08, 0x2A, 0x42, 0x35, 0x00, 0x2B, 0x42, 0x35, 0x00, 0x2B, 0x42, 0x35, 0x08, 0x2A,
    0x42, 0x35, 0x00, 0x0C, 0x42, 0x35, 0x00, 0x0E, 0x42, 0x35, 0x00, 0x0B, 0x42, 0x35, 0x00, 0x0C,
    0x42, 0x35, 0x00, 0x0C, 0x42, 0x35, 0x00, 0x0C, 0x42, 0x35, 0x00, 0x0C, 0x42, 0x35, 0x00, 0x0D,
    0x42, 0x35, 0x00, 0x0D, 0x42, 0x35, 0x00, 0x0C, 0x42, 0x35, 0x00, 0x2B, 0x42, 0x35, 0x00, 0x0B,
    0x42, 0x35, 0x00, 0x0E, 0x42, 0x35, 0x00, 0x2D, 0x4A, 0x35, 0x00, 0x2B, 0x42, 0x35, 0x00, 0x2A,
    0x42, 0x35, 0x00, 0x2B, 0x42, 0x35, 0x00, 0x2B, 0x42, 0x35, 0x00, 0x2B, 0x42, 0x35, 0x00, 0x0C,
    0x42, 0x35, 0x00, 0x0C, 0x42, 0x35, 0x00, 0x0D, 0x42, 0x35, 0x00, 0x2B, 0x42, 0x35, 0x08, 0x2A,
    0x42, 0x35, 0x00, 0x0C, 0x42, 0x35, 0x00, 0x2B, 0x42, 0x35, 0x00, 0x0D, 0x42, 0x35, 0x00, 0x0F,
    0x42, 0x35, 0x00, 0x0E, 0x42, 0x35, 0x00, 0x0C, 0x42, 0x35, 0x08, 0x2A, 0x42, 0x35, 0x08, 0x2A,
    0x42, 0x35, 0x00, 0x2B, 0x42, 0x35, 0x00, 0x2B, 0x42, 0x35, 0x08, 0x2A, 0x42, 0x35, 0x00, 0x0C,
    0x42, 0x35, 0x00, 0x0E, 0x42, 0x35, 0x00, 0x0B, 0x42, 0x35, 0x00, 0x0C, 0x42, 0x35, 0x00, 0x0C,
    0x42, 0x35, 0x00, 0x0C, 0x42, 0x35, 0x00, 0x0C, 0x42, 0x35, 0x00, 0x0D, 0x42, 0x35, 0x00, 0x0D,
    0x42, 0x35, 0x00, 0x0C, 0x42, 0x35, 0x00, 0x2B, 0x42, 0x35, 0x00, 0x0B, 0x42, 0x35, 0x00, 0x0E,
    0x42, 0x35, 0x00, 0x0D, 0x42, 0x35, 0x00, 0x2B, 0x42, 0x35, 0x00, 0x2A, 0x42, 0x35, 0x00, 0x2B,
    0x42, 0x35, 0x00, 0x2B, 0x42, 0x35, 0x00, 0x2B, 0x42, 0x35, 0x00, 0x0C, 0x42, 0x35, 0x00, 0x0C,
    0x42, 0x35, 0x00, 0x0D, 0x42, 0x35, 0x00, 0x2B, 0x42, 0x35, 0x08, 0x2A, 0x42, 0x35, 0x00, 0x0C,
    0x42, 0x35, 0x00, 0x2B, 0x42, 0x35, 0x00, 0x0D, 0x42, 0x35, 0x00, 0x0F, 0x42, 0x35, 0x00, 0x0E,
    0x42, 0x35, 0x00, 0x0C, 0x42, 0x35, 0x08, 0x2A, 0x42, 0x35, 0x08, 0x2A, 0x42, 0x35, 0x00, 0x2B,
    0x42, 0x35, 0x00, 0x2B, 0x42, 0x35, 0x08, 0x2A, 0x42, 0x35, 0x00, 0x0C, 0x42, 0x35, 0x00, 0x0E,
    0x42, 0x35, 0x00, 0x0B, 0x42, 0x35, 0x00, 0x0C, 0x42, 0x35, 0x00, 0x0C, 0x42, 0x35, 0x00, 0x0C,
    0x42, 0x35, 0x00, 0x0C, 0x42, 0x35, 0x00, 0x0D, 0x42, 0x35, 0x00, 0x0D, 0x42, 0x35, 0x00, 0x0C,
    0x42, 0x35, 0x00, 0x2B, 0x42, 0x35, 0x00, 0x0B, 0x42, 0x35, 0x00, 0x0E, 0x42, 0x35, 0x00, 0x0D,
    0x42, 0x35, 0x00, 0x2B, 0x42, 0x35, 0x00, 0x2A, 0x42, 0x35, 0x00, 0x2B, 0x42, 0x35, 0x00, 0x2B,
    0x42, 0x35, 0x00, 0x2B, 0x42, 0x35, 0x00, 0x0C, 0x42, 0x35, 0x00, 0x0C, 0x42, 0x35, 0x00, 0x0D,
    0x42, 0x35, 0x00, 0x2B, 0x42, 0x35, 0x08, 0x2A, 0x39, 0xD2, 0x00, 0x0C, 0x00, 0x00, 0x00, 0x2B,
    0x00, 0x0C, 0x6B, 0x5F, 0x00, 0x0C, 0x52, 0x78, 0x00, 0x0C, 0x4A, 0x35, 0x00, 0x0C, 0x4A, 0x35,
    0x00, 0x2B, 0x4A, 0x35, 0x08, 0x2A, 0x4A, 0x35, 0x00, 0x2B, 0x4A, 0x35, 0x00, 0x0D, 0x4A, 0x35,
    0x00, 0x0C, 0x4A, 0x35, 0x00, 0x2B, 0x4A, 0x35, 0x00, 0x2B, 0x4A, 0x35, 0x08, 0x2A, 0x4A, 0x35,
    0x08, 0x2A, 0x4A, 0x35, 0x08, 0x2A, 0x4A, 0x35, 0x00, 0x0C, 0x4A, 0x35, 0x00, 0x0C, 0x4A, 0x35,
    0x00, 0x0D, 0x4A, 0x35, 0x00, 0x2B, 0x4A, 0x35, 0x00, 0x2B, 0x4A, 0x35, 0x00, 0x0C, 0x4A, 0x35,
    0x00, 0x2B, 0x4A, 0x35, 0x00, 0x0C, 0x4A, 0x35, 0x00, 0x0D, 0x4A, 0x35, 0x00, 0x0F, 0x4A, 0x35,
    0x00, 0x0C, 0x4A, 0x35, 0x00, 0x2B, 0x4A, 0x35, 0x00, 0x2B, 0x4A, 0x35, 0x00, 0x2B, 0x4A, 0x35,
    0x08, 0x2A, 0x4A, 0x35, 0x08, 0x2A, 0x4A, 0x35, 0x00, 0x0D, 0x4A, 0x35, 0x00, 0x0C, 0x4A, 0x35,
    0x08, 0x2A, 0x4A, 0x35, 0x00, 0x2B, 0x4A, 0x35, 0x00, 0x0C, 0x4A, 0x35, 0x00, 0x0C, 0x4A, 0x35,
    0x00, 0x0C, 0x4A, 0x35, 0x00, 0x0C, 0x4A, 0x35, 0x00, 0x0C, 0x4A, 0x35, 0x00, 0x2B, 0x4A, 0x35,
    0x08, 0x2A, 0x4A, 0x35, 0x00, 0x2B, 0x4A, 0x35, 0x00, 0x0D, 0x4A, 0x35, 0x00, 0x0C, 0x4A, 0x35,
    0x00, 0x2B, 0x4A, 0x35, 0x00, 0x2B, 0x4A, 0x35, 0x08, 0x2A, 0x4A, 0x35, 0x08, 0x2A, 0x4A, 0x35,
    0x08, 0x2A, 0x4A, 0x35, 0x00, 0x0C, 0x4A, 0x35, 0x00, 0x0C, 0x4A, 0x35, 0x00, 0x0D, 0x4A, 0x35,
    0x00, 0x2B, 0x4A, 0x35, 0x00, 0x2B, 0x4A, 0x35, 0x00, 0x0C, 0x4A, 0x35, 0x00, 0x2B, 0x4A, 0x35,
    0x00, 0x0C, 0x4A, 0x35, 0x00, 0x0D, 0x4A, 0x35, 0x00, 0x0F, 0x4A, 0x35, 0x00, 0x0C, 0x4A, 0x35,
    0x00, 0x2B, 0x4A, 0x35, 0x00, 0x2B, 0x4A, 0x35, 0x00, 0x2B, 0x4A, 0x35, 0x08, 0x2A, 0x4A, 0x35,
    0x08, 0x2A, 0x4A, 0x35, 0x00, 0x0D, 0x4A, 0x35, 0x00, 0x0C, 0x4A, 0x35, 0x08, 0x2A, 0x4A, 0x35,
    0x00, 0x2B, 0x4A, 0x35, 0x00, 0x0C, 0x4A, 0x35, 0x00, 0x0C, 0x4A, 0x35, 0x00, 0x0C, 0x4A, 0x35,
    0x00, 0x0C, 0x4A, 0x35, 0x00, 0x0C, 0x4A, 0x35, 0x00, 0x2B, 0x4A, 0x35, 0x08, 0x2A, 0x4A, 0x35,
    0x00, 0x2B, 0x4A, 0x35, 0x00, 0x0D, 0x4A, 0x35, 0x00, 0x0C, 0x4A, 0x35, 0x00, 0x2B, 0x4A, 0x35,
    0x00, 0x2B, 0x4A, 0x35, 0x08, 0x2A, 0x4A, 0x35, 0x08, 0x2A, 0x4A, 0x35, 0x08, 0x2A, 0x4A, 0x35,
    0x00, 0x0C, 0x4A, 0x35, 0x00, 0x0C, 0x4A, 0x35, 0x00, 0x0D, 0x4A, 0x35, 0x00, 0x2B, 0x4A, 0x35,
    0x00, 0x2B, 0x4A, 0x35, 0x00, 0x0C, 0x4A, 0x35, 0x00, 0x2B, 0x4A, 0x35, 0x00, 0x0C, 0x4A, 0x35,
    0x00, 0x0D, 0x4A, 0x35, 0x00, 0x0F, 0x4A, 0x35, 0x00, 0x0C, 0x4A, 0x35, 0x00, 0x2B, 0x4A, 0x35,
    0x00, 0x2B, 0x4A, 0x35, 0x00, 0x2B, 0x4A, 0x35, 0x08, 0x2A, 0x4A, 0x35, 0x08, 0x2A, 0x4A, 0x35,
    0x00, 0x0D, 0x4A, 0x35, 0x00, 0x0C, 0x4A, 0x35, 0x08, 0x2A, 0x4A, 0x35, 0x00, 0x2B, 0x4A, 0x35,
    0x00, 0x0C, 0x4A, 0x35, 0x00, 0x0C, 0x4A, 0x35, 0x00, 0x0C, 0x4A, 0x35, 0x00, 0x0C, 0x4A, 0x35,
    0x00, 0x0C, 0x4A, 0x35, 0x00, 0x2B, 0x4A, 0x35, 0x08, 0x2A, 0x4A, 0x35, 0x00, 0x2B, 0x4A, 0x35,
    0x00, 0x0D, 0x4A, 0x35, 0x00, 0x0C, 0x4A, 0x35, 0x00, 0x2B, 0x4A, 0x35, 0x00, 0x2B, 0x4A, 0x35,
    0x08, 0x2A, 0x4A, 0x35, 0x08, 0x2A, 0x4A, 0x35, 0x08, 0x2A, 0x4A, 0x35, 0x00, 0x0C, 0x4A, 0x35,
    0x00, 0x0C, 0x4A, 0x35, 0x00, 0x0D, 0x4A, 0x35, 0x00, 0x2B, 0x4A, 0x35, 0x00, 0x2B, 0x4A, 0x35,
    0x00, 0x0C, 0x4A, 0x35, 0x00, 0x2B, 0x4A, 0x35, 0x00, 0x0C, 0x4A, 0x35, 0x00, 0x0D, 0x4A, 0x35,
    0x00, 0x0F, 0x4A, 0x35, 0x00, 0x0C, 0x4A, 0x35, 0x00, 0x2B, 0x4A, 0x35, 0x00, 0x2B, 0x4A, 0x35,
    0x00, 0x2B, 0x4A, 0x35, 0x08, 0x2A, 0x4A, 0x35, 0x08, 0x2A, 0x4A, 0x35, 0x00, 0x0D, 0x4A, 0x35,
    0x00, 0x0C, 0x4A, 0x35, 0x08, 0x2A, 0x4A, 0x35, 0x00, 0x2B, 0x4A, 0x35, 0x00, 0x0C, 0x4A, 0x35,
    0x00, 0x0C, 0x4A, 0x35, 0x00, 0x0C, 0x4A, 0x35, 0x00, 0x0C, 0x4A, 0x35, 0x00, 0x0C, 0x4A, 0x35,
    0x00, 0x2B, 0x4A, 0x35, 0x08, 0x2A, 0x4A, 0x35, 0x00, 0x2B, 0x4A, 0x35, 0x00, 0x0D, 0x4A, 0x35,
    0x00, 0x0C, 0x4A, 0x35, 0x00, 0x2B, 0x4A, 0x35, 0x00, 0x2B, 0x4A, 0x35, 0x08, 0x2A, 0x4A, 0x35,
    0x08, 0x2A, 0x4A, 0x35, 0x08, 0x2A, 0x4A, 0x35, 0x00, 0x0C, 0x4A, 0x35, 0x00, 0x0C, 0x4A, 0x35,
    0x00, 0x0D, 0x4A, 0x35, 0x00, 0x2B, 0x63, 0x3E, 0x00, 0x2B, 0x00, 0x00, 0x00, 0x0C, 0x00, 0x00,
    0x9C, 0xDF, 0x00, 0x2B, 0x63, 0x1E, 0x08, 0x2A, 0x00, 0x00, 0x00, 0x2A, 0x4A, 0x35, 0x00, 0x2B,
    0x4A, 0x35, 0x08, 0x2A, 0x4A, 0x35, 0x08, 0x2A, 0x4A, 0x35, 0x00, 0x2B, 0x4A, 0x35, 0x00, 0x0C,
    0x4A, 0x35, 0x00, 0x2B, 0x4A, 0x35, 0x00, 0x0C, 0x4A, 0x35, 0x00, 0x2B, 0x4A, 0x35, 0x08, 0x2A,
    0x4A, 0x35, 0x08, 0x2A, 0x4A, 0x35, 0x08, 0x2A, 0x4A, 0x35, 0x08, 0x2A, 0x4A, 0x35, 0x00, 0x0C,
    0x4A, 0x35, 0x00, 0x0D, 0x4A, 0x35, 0x00, 0x2B, 0x4A, 0x35, 0x00, 0x2B, 0x4A, 0x35, 0x08, 0x2A,
    0x4A, 0x35, 0x08, 0x2A, 0x4A, 0x35, 0x08, 0x2A, 0x4A, 0x35, 0x00, 0x0D, 0x4A, 0x35, 0x00, 0x0E,
    0x4A, 0x35, 0x00, 0x0C, 0x4A, 0x35, 0x00, 0x0C, 0x4A, 0x35, 0x00, 0x2B, 0x4A, 0x35, 0x00, 0x0C,
    0x4A, 0x35, 0x08, 0x2A, 0x4A, 0x35, 0x00, 0x0C, 0x4A, 0x35, 0x00, 0x0D, 0x4A, 0x35, 0x00, 0x2B,
    0x4A, 0x35, 0x08, 0x2A, 0x4A, 0x35, 0x00, 0x2B, 0x4A, 0x35, 0x00, 0x2B, 0x4A, 0x35, 0x00, 0x2B,
    0x4A, 0x35, 0x08, 0x2A, 0x4A, 0x35, 0x00, 0x2A, 0x4A, 0x35, 0x00, 0x2B, 0x4A, 0x35, 0x08, 0x2A,
    0x4A, 0x35, 0x08, 0x2A, 0x4A, 0x35, 0x00, 0x2B, 0x4A, 0x35, 0x00, 0x0C, 0x4A, 0x35, 0x00, 0x2B,
    0x4A, 0x35, 0x00, 0x0C, 0x4A, 0x35, 0x00, 0x2B, 0x4A, 0x35, 0x08, 0x2A, 0x4A, 0x35, 0x08, 0x2A,
    0x4A, 0x35, 0x08, 0x2A, 0x4A, 0x35, 0x08, 0x2A, 0x4A, 0x35, 0x00, 0x0C, 0x4A, 0x35, 0x00, 0x0D,
    0x4A, 0x35, 0x00, 0x2B, 0x4A, 0x35, 0x00, 0x2B, 0x4A, 0x35, 0x08, 0x2A, 0x4A, 0x35, 0x08, 0x2A,
    0x4A, 0x35, 0x08, 0x2A, 0x4A, 0x35, 0x00, 0x0D, 0x4A, 0x35, 0x00, 0x0E, 0x4A, 0x35, 0x00, 0x0C,
    0x4A, 0x35, 0x00, 0x0C, 0x4A, 0x35, 0x00, 0x2B, 0x4A, 0x35, 0x00, 0x0C, 0x4A, 0x35, 0x08, 0x2A,
    0x4A, 0x35, 0x00, 0x0C, 0x4A, 0x35, 0x00, 0x0D, 0x4A, 0x35, 0x00, 0x2B, 0x4A, 0x35, 0x08, 0x2A,
    0x4A, 0x35, 0x00, 0x2B, 0x4A, 0x35, 0x00, 0x2B, 0x4A, 0x35, 0x00, 0x2B, 0x4A, 0x35, 0x08, 0x2A,
    0x4A, 0x35, 0x00, 0x2A, 0x4A, 0x35, 0x00, 0x2B, 0x4A, 0x35, 0x08, 0x2A, 0x4A, 0x35, 0x08, 0x2A,
    0x4A, 0x35, 0x00, 0x2B, 0x4A, 0x35, 0x00, 0x0C, 0x4A, 0x35, 0x00, 0x2B, 0x4A, 0x35, 0x00, 0x0C,
    0x4A, 0x35, 0x00, 0x2B, 0x4A, 0x35, 0x08, 0x2A, 0x4A, 0x35, 0x08, 0x2A, 0x4A, 0x35, 0x08, 0x2A,
    0x4A, 0x35, 0x08, 0x2A, 0x4A, 0x35, 0x00, 0x0C, 0x4A, 0x35, 0x00, 0x0D, 0x4A, 0x35, 0x00, 0x2B,
    0x4A, 0x35, 0x00, 0x2B, 0x4A, 0x35, 0x08, 0x2A, 0x4A, 0x35, 0x08, 0x2A, 0x4A, 0x35, 0x08, 0x2A,
    0x4A, 0x35, 0x00, 0x0D, 0x4A, 0x35, 0x00, 0x0E, 0x4A, 0x35, 0x00, 0x0C, 0x4A, 0x35, 0x00, 0x0C,
    0x4A, 0x35, 0x00, 0x2B, 0x4A, 0x35, 0x00, 0x0C, 0x4A, 0x35, 0x08, 0x2A, 0x4A, 0x35, 0x00, 0x0C,
    0x4A, 0x35, 0x00, 0x0D, 0x4A, 0x35, 0x00, 0x2B, 0x4A, 0x35, 0x08, 0x2A, 0x4A, 0x35, 0x00, 0x2B,
    0x4A, 0x35, 0x00, 0x2B, 0x4A, 0x35, 0x00, 0x2B, 0x4A, 0x35, 0x08, 0x2A, 0x4A, 0x35, 0x00, 0x2A,
    0x4A, 0x35, 0x00, 0x2B, 0x4A, 0x35, 0x08, 0x2A, 0x4A, 0x35, 0x08, 0x2A, 0x4A, 0x35, 0x00, 0x2B,
    0x4A, 0x35, 0x00, 0x0C, 0x4A, 0x35, 0x00, 0x2B, 0x4A, 0x35, 0x00, 0x0C, 0x4A, 0x35, 0x00, 0x2B,
    0x4A, 0x35, 0x08, 0x2A, 0x4A, 0x35, 0x08, 0x2A, 0x4A, 0x35, 0x08, 0x2A, 0x4A, 0x35, 0x08, 0x2A,
    0x4A, 0x35, 0x00, 0x0C, 0x4A, 0x35, 0x00, 0x0D, 0x4A, 0x35, 0x00, 0x2B, 0x4A, 0x35, 0x00, 0x2B,
    0x4A, 0x35, 0x08, 0x2A, 0x4A, 0x35, 0x08, 0x2A, 0x4A, 0x35, 0x08, 0x2A, 0x4A, 0x35, 0x00, 0x0D,
    0x4A, 0x35, 0x00, 0x0E, 0x4A, 0x35, 0x00, 0x0C, 0x4A, 0x35, 0x00, 0x0C, 0x4A, 0x35, 0x00, 0x2B,
    0x4A, 0x35, 0x00, 0x0C, 0x4A, 0x35, 0x08, 0x2A, 0x4A, 0x35, 0x00, 0x0C, 0x4A, 0x35, 0x00, 0x0D,
    0x4A, 0x35, 0x00, 0x2B, 0x4A, 0x35, 0x08, 0x2A, 0x4A, 0x35, 0x00, 0x2B, 0x4A, 0x35, 0x00, 0x2B,
    0x4A, 0x35, 0x00, 0x2B, 0x4A, 0x35, 0x08, 0x2A, 0x4A, 0x35, 0x00, 0x2A, 0x4A, 0x35, 0x00, 0x2B,
    0x4A, 0x35, 0x08, 0x2A, 0x4A, 0x35, 0x08, 0x2A, 0x4A, 0x35, 0x00, 0x2B, 0x4A, 0x35, 0x00, 0x0C,
    0x4A, 0x35, 0x00, 0x2B, 0x4A, 0x35, 0x00, 0x0C, 0x4A, 0x35, 0x00, 0x2B, 0x4A, 0x35, 0x08, 0x2A,
    0x4A, 0x35, 0x08, 0x2A, 0x4A, 0x35, 0x08, 0x2A, 0x4A, 0x35, 0x08, 0x2A, 0x4A, 0x35, 0x00, 0x0C,
    0x4A, 0x35, 0x00, 0x0D, 0x4A, 0x35, 0x00, 0x2B, 0x39, 0xD2, 0x00, 0x2B, 0x00, 0x00, 0x08, 0x2A,
    0x00, 0x2B, 0x6B, 0x7F, 0x00, 0x2A, 0x52, 0x98, 0x08, 0x2A, 0x4A, 0x55, 0x08, 0x2A, 0x4A, 0x55,
    0x00, 0x2B, 0x4A, 0x55, 0x08, 0x2A, 0x4A, 0x55, 0x08, 0x2A, 0x4A, 0x55, 0x00, 0x0C, 0x4A, 0x55,
    0x00, 0x2B, 0x4A, 0x55, 0x00, 0x2B, 0x4A, 0x55, 0x00, 0x0C, 0x4A, 0x55, 0x00, 0x0C, 0x4A, 0x55,
    0x00, 0x0C, 0x4A, 0x55, 0x08, 0x2A, 0x4A, 0x55, 0x08, 0x2A, 0x4A, 0x55, 0x08, 0x2A, 0x4A, 0x55,
    0x00, 0x2B, 0x4A, 0x55, 0x00, 0x2B, 0x4A, 0x55, 0x00, 0x2B, 0x4A, 0x55, 0x08, 0x2A, 0x4A, 0x55,
    0x08, 0x2A, 0x4A, 0x55, 0x08, 0x2A, 0x4A, 0x55, 0x08, 0x2A, 0x4A, 0x55, 0x00, 0x0B, 0x4A, 0x55,
    0x00, 0x0D, 0x4A, 0x55, 0x00, 0x0D, 0x4A, 0x55, 0x00, 0x0C, 0x4A, 0x55, 0x00, 0x0C, 0x4A, 0x55,
    0x00, 0x0C, 0x4A, 0x55, 0x00, 0x2B, 0x4A, 0x55, 0x00, 0x0E, 0x4A, 0x55, 0x00, 0x0C, 0x4A, 0x55,
    0x00, 0x2B, 0x4A, 0x55, 0x08, 0x2A, 0x4A, 0x55, 0x00, 0x2B, 0x4A, 0x55, 0x00, 0x2B, 0x4A, 0x55,
    0x00, 0x2A, 0x4A, 0x55, 0x08, 0x2A, 0x4A, 0x55, 0x08, 0x2A, 0x4A, 0x55, 0x00, 0x2B, 0x4A, 0x55,
    0x08, 0x2A, 0x4A, 0x55, 0x08, 0x2A, 0x4A, 0x55, 0x00, 0x0C, 0x4A, 0x55, 0x00, 0x2B, 0x4A, 0x55,
    0x00, 0x2B, 0x4A, 0x55, 0x00, 0x0C, 0x4A, 0x55, 0x00, 0x0C, 0x4A, 0x55, 0x00, 0x0C, 0x4A, 0x55,
    0x08, 0x2A, 0x4A, 0x55, 0x08, 0x2A, 0x4A, 0x55, 0x08, 0x2A, 0x4A, 0x55, 0x00, 0x2B, 0x4A, 0x55,
    0x00, 0x2B, 0x4A, 0x55, 0x00, 0x2B, 0x4A, 0x55, 0x08, 0x2A, 0x4A, 0x55, 0x08, 0x2A, 0x4A, 0x55,
    0x08, 0x2A, 0x4A, 0x55, 0x08, 0x2A, 0x4A, 0x55, 0x00, 0x0B, 0x4A, 0x55, 0x00, 0x0D, 0x4A, 0x55,
    0x00, 0x0D, 0x4A, 0x55, 0x00, 0x0C, 0x4A, 0x55, 0x00, 0x0C, 0x4A, 0x55, 0x00, 0x0C, 0x4A, 0x55,
    0x00, 0x2B, 0x4A, 0x55, 0x00, 0x0E, 0x4A, 0x55, 0x00, 0x0C, 0x4A, 0x55, 0x00, 0x2B, 0x4A, 0x55,
    0x08, 0x2A, 0x4A, 0x55, 0x00, 0x2B, 0x4A, 0x55, 0x00, 0x2B, 0x4A, 0x55, 0x00, 0x2A, 0x4A, 0x55,
    0x08, 0x2A, 0x4A, 0x55, 0x08, 0x2A, 0x4A, 0x55, 0x00, 0x2B, 0x4A, 0x55, 0x08, 0x2A, 0x4A, 0x55,
    0x08, 0x2A, 0x4A, 0x55, 0x00, 0x0C, 0x4A, 0x55, 0x00, 0x2B, 0x4A, 0x55, 0x00, 0x2B, 0x4A, 0x55,
    0x00, 0x0C, 0x4A, 0x55, 0x00, 0x0C, 0x4A, 0x55, 0x00, 0x0C, 0x4A, 0x55, 0x08, 0x2A, 0x4A, 0x55,
    0x08, 0x2A, 0x4A, 0x55, 0x08, 0x2A, 0x4A, 0x55, 0x00, 0x2B, 0x4A, 0x55, 0x00, 0x2B, 0x4A, 0x55,
    0x00, 0x2B, 0x4A, 0x55, 0x08, 0x2A, 0x4A, 0x55, 0x08, 0x2A, 0x4A, 0x55, 0x08, 0x2A, 0x4A, 0x55,
    0x08, 0x2A, 0x4A, 0x55, 0x00, 0x0B, 0x4A, 0x55, 0x00, 0x0D, 0x4A, 0x55, 0x00, 0x0D, 0x4A, 0x55,
    0x00, 0x0C, 0x4A, 0x55, 0x00, 0x0C, 0x4A, 0x55, 0x00, 0x0C, 0x4A, 0x55, 0x00, 0x2B, 0x4A, 0x55,
    0x00, 0x0E, 0x4A, 0x55, 0x00, 0x0C, 0x4A, 0x55, 0x00, 0x2B, 0x4A, 0x55, 0x08, 0x2A, 0x4A, 0x55,
    0x00, 0x2B, 0x4A, 0x55, 0x00, 0x2B, 0x4A, 0x55, 0x00, 0x2A, 0x4A, 0x55, 0x08, 0x2A, 0x4A, 0x55,
    0x08, 0x2A, 0x4A, 0x55, 0x00, 0x2B, 0x4A, 0x55, 0x08, 0x2A, 0x4A, 0x55, 0x08, 0x2A, 0x4A, 0x55,
    0x00, 0x0C, 0x4A, 0x55, 0x00, 0x2B, 0x4A, 0x55, 0x00, 0x2B, 0x4A, 0x55, 0x00, 0x0C, 0x4A, 0x55,
    0x00, 0x0C, 0x4A, 0x55, 0x00, 0x0C, 0x4A, 0x55, 0x08, 0x2A, 0x4A, 0x55, 0x08, 0x2A, 0x4A, 0x55,
    0x08, 0x2A, 0x4A, 0x55, 0x00, 0x2B, 0x4A, 0x55, 0x00, 0x2B, 0x4A, 0x55, 0x00, 0x2B, 0x4A, 0x55,
    0x08, 0x2A, 0x4A, 0x55, 0x08, 0x2A, 0x4A, 0x55, 0x08, 0x2A, 0x4A, 0x55, 0x08, 0x2A, 0x4A, 0x55,
    0x00, 0x0B, 0x4A, 0x55, 0x00, 0x0D, 0x4A, 0x55, 0x00, 0x0D, 0x4A, 0x55, 0x00, 0x0C, 0x4A, 0x55,
    0x00, 0x0C, 0x4A, 0x55, 0x00, 0x0C, 0x4A, 0x55, 0x00, 0x2B, 0x4A, 0x55, 0x00, 0x0E, 0x4A, 0x55,
    0x00, 0x0C, 0x4A, 0x55, 0x00, 0x2B, 0x4A, 0x55, 0x08, 0x2A, 0x4A, 0x55, 0x00, 0x2B, 0x4A, 0x55,
    0x00, 0x2B, 0x4A, 0x55, 0x00, 0x2A, 0x4A, 0x55, 0x08, 0x2A, 0x4A, 0x55, 0x08, 0x2A, 0x4A, 0x55,
    0x00, 0x2B, 0x4A, 0x55, 0x08, 0x2A, 0x4A, 0x55, 0x08, 0x2A, 0x4A, 0x55, 0x00, 0x0C, 0x4A, 0x55,
    0x00, 0x2B, 0x4A, 0x55, 0x00, 0x2B, 0x4A, 0x55, 0x00, 0x0C, 0x4A, 0x55, 0x00, 0x0C, 0x4A, 0x55,
    0x00, 0x0C, 0x4A, 0x55, 0x08, 0x2A, 0x4A, 0x55, 0x08, 0x2A, 0x4A, 0x55, 0x08, 0x2A, 0x4A, 0x55,
    0x00, 0x2B, 0x4A, 0x55, 0x00, 0x2B, 0x6B, 0x3F, 0x00, 0x2B, 0x00, 0x00, 0x08, 0x2A, 0x00, 0x00,
    0xA4, 0xFF, 0x00, 0x2B, 0x6B, 0x3E, 0x00, 0x2B, 0x00, 0x00, 0x08, 0x2A, 0x4A, 0x56, 0x00, 0x2B,
    0x4A, 0x56, 0x00, 0x0D, 0x4A, 0x56, 0x08, 0x2A, 0x4A, 0x56, 0x08, 0x2A, 0x4A, 0x56, 0x00, 0x2B,
    0x4A, 0x56, 0x08, 0x2A, 0x4A, 0x56, 0x00, 0x2B, 0x4A, 0x56, 0x00, 0x0C, 0x4A, 0x56, 0x00, 0x0E,
    0x4A, 0x56, 0x00, 0x0C, 0x4A, 0x56, 0x08, 0x2A, 0x4A, 0x56, 0x08, 0x2A, 0x4A, 0x56, 0x08, 0x2A,
    0x4A, 0x56, 0x08, 0x2A, 0x4A, 0x56, 0x08, 0x2A, 0x4A, 0x56, 0x00, 0x2B, 0x4A, 0x56, 0x08, 0x2A,
    0x4A, 0x56, 0x08, 0x2A, 0x4A, 0x56, 0x08, 0x2A, 0x4A, 0x56, 0x08, 0x2A, 0x4A, 0x56, 0x00, 0x2B,
    0x4A, 0x56, 0x00, 0x0D, 0x4A, 0x56, 0x00, 0x0C, 0x4A, 0x56, 0x00, 0x2B, 0x4A, 0x56, 0x00, 0x0C,
    0x4A, 0x56, 0x00, 0x0B, 0x4A, 0x56, 0x00, 0x0E, 0x4A, 0x56, 0x00, 0x0E, 0x4A, 0x56, 0x00, 0x0D,
    0x4A, 0x56, 0x00, 0x2B, 0x4A, 0x56, 0x00, 0x2A, 0x4A, 0x56, 0x08, 0x2A, 0x4A, 0x56, 0x00, 0x2B,
    0x4A, 0x56, 0x00, 0x2B, 0x4A, 0x56, 0x08, 0x2A, 0x4A, 0x56, 0x00, 0x2B, 0x4A, 0x56, 0x00, 0x0D,
    0x4A, 0x56, 0x08, 0x2A, 0x4A, 0x56, 0x08, 0x2A, 0x4A, 0x56, 0x00, 0x2B, 0x4A, 0x56, 0x08, 0x2A,
    0x4A, 0x56, 0x00, 0x2B, 0x4A, 0x56, 0x00, 0x0C, 0x4A, 0x56, 0x00, 0x0E, 0x4A, 0x56, 0x00, 0x0C,
    0x4A, 0x56, 0x08, 0x2A, 0x4A, 0x56, 0x08, 0x2A, 0x4A, 0x56, 0x08, 0x2A, 0x4A, 0x56, 0x08, 0x2A,
    0x4A, 0x56, 0x08, 0x2A, 0x4A, 0x56, 0x00, 0x2B, 0x4A, 0x56, 0x08, 0x2A, 0x4A, 0x56, 0x08, 0x2A,
    0x4A, 0x56, 0x08, 0x2A, 0x4A, 0x56, 0x08, 0x2A, 0x4A, 0x56, 0x00, 0x2B, 0x4A, 0x56, 0x00, 0x0D,
    0x4A, 0x56, 0x00, 0x0C, 0x4A, 0x56, 0x00, 0x2B, 0x4A, 0x56, 0x00, 0x0C, 0x4A, 0x56, 0x00, 0x0B,
    0x4A, 0x56, 0x00, 0x0E, 0x4A, 0x56, 0x00, 0x0E, 0x4A, 0x56, 0x00, 0x0D, 0x4A, 0x56, 0x00, 0x2B,
    0x4A, 0x56, 0x00, 0x2A, 0x4A, 0x56, 0x08, 0x2A, 0x4A, 0x56, 0x00, 0x2B, 0x4A, 0x56, 0x00, 0x2B,
    0x4A, 0x56, 0x08, 0x2A, 0x4A, 0x56, 0x00, 0x2B, 0x4A, 0x56, 0x00, 0x0D, 0x4A, 0x56, 0x08, 0x2A,
    0x4A, 0x56, 0x08, 0x2A, 0x4A, 0x56, 0x00, 0x2B, 0x4A, 0x56, 0x08, 0x2A, 0x4A, 0x56, 0x00, 0x2B,
    0x4A, 0x56, 0x00, 0x0C, 0x4A, 0x56, 0x00, 0x0E, 0x4A, 0x56, 0x00, 0x0C, 0x4A, 0x56, 0x08, 0x2A,
    0x4A, 0x56, 0x08, 0x2A, 0x4A, 0x56, 0x08, 0x2A, 0x4A, 0x56, 0x08, 0x2A, 0x4A, 0x56, 0x08, 0x2A,
    0x4A, 0x56, 0x00, 0x2B, 0x4A, 0x56, 0x08, 0x2A, 0x4A, 0x56, 0x08, 0x2A, 0x4A, 0x56, 0x08, 0x2A,
    0x4A, 0x56, 0x08, 0x2A, 0x4A, 0x56, 0x00, 0x2B, 0x4A, 0x56, 0x00, 0x0D, 0x4A, 0x56, 0x00, 0x0C,
    0x4A, 0x56, 0x00, 0x2B, 0x4A, 0x56, 0x00, 0x0C, 0x4A, 0x56, 0x00, 0x0B, 0x4A, 0x56, 0x00, 0x0E,
    0x4A, 0x56, 0x00, 0x0E, 0x4A, 0x56, 0x00, 0x0D, 0x4A, 0x56, 0x00, 0x2B, 0x4A, 0x56, 0x00, 0x2A,
    0x4A, 0x56, 0x08, 0x2A, 0x4A, 0x56, 0x00, 0x2B, 0x4A, 0x56, 0x00, 0x2B, 0x4A, 0x56, 0x08, 0x2A,
    0x4A, 0x56, 0x00, 0x2B, 0x4A, 0x56, 0x00, 0x0D, 0x4A, 0x56, 0x08, 0x2A, 0x4A, 0x56, 0x08, 0x2A,
    0x4A, 0x56, 0x00, 0x2B, 0x4A, 0x56, 0x08, 0x2A, 0x4A, 0x56, 0x00, 0x2B, 0x4A, 0x56, 0x00, 0x0C,
    0x4A, 0x56, 0x00, 0x0E, 0x4A, 0x56, 0x00, 0x0C, 0x4A, 0x56, 0x08, 0x2A, 0x4A, 0x56, 0x08, 0x2A,
    0x4A, 0x56, 0x08, 0x2A, 0x4A, 0x56, 0x08, 0x2A, 0x4A, 0x56, 0x08, 0x2A, 0x4A, 0x56, 0x00, 0x2B,
    0x4A, 0x56, 0x08, 0x2A, 0x4A, 0x56, 0x08, 0x2A, 0x4A, 0x56, 0x08, 0x2A, 0x4A, 0x56, 0x08, 0x2A,
    0x4A, 0x56, 0x00, 0x2B, 0x4A, 0x56, 0x00, 0x0D, 0x4A, 0x56, 0x00, 0x0C, 0x4A, 0x56, 0x00, 0x2B,
    0x4A, 0x56, 0x00, 0x0C, 0x4A, 0x56, 0x00, 0x0B, 0x4A, 0x56, 0x00, 0x0E, 0x4A, 0x56, 0x00, 0x0E,
    0x4A, 0x56, 0x00, 0x0D, 0x4A, 0x56, 0x00, 0x2B, 0x4A, 0x56, 0x00, 0x2A, 0x4A, 0x56, 0x08, 0x2A,
    0x4A, 0x56, 0x00, 0x2B, 0x4A, 0x56, 0x00, 0x2B, 0x4A, 0x56, 0x08, 0x2A, 0x4A, 0x56, 0x00, 0x2B,
    0x4A, 0x56, 0x00, 0x0D, 0x4A, 0x56, 0x08, 0x2A, 0x4A, 0x56, 0x08, 0x2A, 0x4A, 0x56, 0x00, 0x2B,
    0x4A, 0x56, 0x08, 0x2A, 0x4A, 0x56, 0x00, 0x2B, 0x4A, 0x56, 0x00, 0x0C, 0x4A, 0x56, 0x00, 0x0E,
    0x4A, 0x56, 0x00, 0x0C, 0x4A, 0x56, 0x08, 0x2A, 0x4A, 0x56, 0x08, 0x2A, 0x4A, 0x56, 0x08, 0x2A,
    0x4A, 0x56, 0x08, 0x2A, 0x4A, 0x56, 0x08, 0x2A, 0x39, 0xF2, 0x00, 0x2B, 0x00, 0x00, 0x08, 0x2A,
    0x08, 0x2A, 0x73, 0x7F, 0x00, 0x0C, 0x52, 0xB9, 0x00, 0x0C, 0x4A, 0x56, 0x00, 0x2A, 0x4A, 0x56,
    0x00, 0x0D, 0x4A, 0x56, 0x00, 0x0D, 0x4A, 0x56, 0x08, 0x2A, 0x4A, 0x56, 0x00, 0x2B, 0x4A, 0x56,
    0x00, 0x2B, 0x4A, 0x56, 0x00, 0x2B, 0x4A, 0x56, 0x00, 0x0C, 0x4A, 0x56, 0x00, 0x0E, 0x4A, 0x56,
    0x00, 0x0F, 0x4A, 0x56, 0x00, 0x0C, 0x4A, 0x56, 0x08, 0x2A, 0x4A, 0x56, 0x08, 0x2A, 0x4A, 0x56,
    0x08, 0x2A, 0x4A, 0x56, 0x08, 0x2A, 0x4A, 0x56, 0x00, 0x2B, 0x4A, 0x56, 0x00, 0x0B, 0x4A, 0x56,
    0x00, 0x2B, 0x4A, 0x56, 0x00, 0x2B, 0x4A, 0x56, 0x00, 0x2B, 0x4A, 0x56, 0x08, 0x2A, 0x4A, 0x56,
    0x00, 0x2B, 0x4A, 0x56, 0x00, 0x0C, 0x4A, 0x56, 0x00, 0x2B, 0x4A, 0x56, 0x08, 0x2A, 0x4A, 0x56,
    0x00, 0x0B, 0x4A, 0x56, 0x00, 0x0C, 0x4A, 0x56, 0x00, 0x0F, 0x4A, 0x56, 0x00, 0x0E, 0x4A, 0x56,
    0x00, 0x0D, 0x4A, 0x56, 0x00, 0x0B, 0x4A, 0x56, 0x08, 0x2A, 0x4A, 0x56, 0x08, 0x2A, 0x4A, 0x56,
    0x00, 0x0C, 0x4A, 0x56, 0x00, 0x0C, 0x4A, 0x56, 0x00, 0x2A, 0x4A, 0x56, 0x00, 0x0D, 0x4A, 0x56,
    0x00, 0x0D, 0x4A, 0x56, 0x08, 0x2A, 0x4A, 0x56, 0x00, 0x2B, 0x4A, 0x56, 0x00, 0x2B, 0x4A, 0x56,
    0x00, 0x2B, 0x4A, 0x56, 0x00, 0x0C, 0x4A, 0x56, 0x00, 0x0E, 0x4A, 0x56, 0x00, 0x0F, 0x4A, 0x56,
    0x00, 0x0C, 0x4A, 0x56, 0x08, 0x2A, 0x4A, 0x56, 0x08, 0x2A, 0x4A, 0x56, 0x08, 0x2A, 0x4A, 0x56,
    0x08, 0x2A, 0x4A, 0x56, 0x00, 0x2B, 0x4A, 0x56, 0x00, 0x0B, 0x4A, 0x56, 0x00, 0x2B, 0x4A, 0x56,
    0x00, 0x2B, 0x4A, 0x56, 0x00, 0x2B, 0x4A, 0x56, 0x08, 0x2A, 0x4A, 0x56, 0x00, 0x2B, 0x4A, 0x56,
    0x00, 0x0C, 0x4A, 0x56, 0x00, 0x2B, 0x4A, 0x56, 0x08, 0x2A, 0x4A, 0x56, 0x00, 0x0B, 0x4A, 0x56,
    0x00, 0x0C, 0x4A, 0x56, 0x00, 0x0F, 0x4A, 0x56, 0x00, 0x0E, 0x4A, 0x56, 0x00, 0x0D, 0x4A, 0x56,
    0x00, 0x0B, 0x4A, 0x56, 0x08, 0x2A, 0x4A, 0x56, 0x08, 0x2A, 0x4A, 0x56, 0x00, 0x0C, 0x4A, 0x56,
    0x00, 0x0C, 0x4A, 0x56, 0x00, 0x2A, 0x4A, 0x56, 0x00, 0x0D, 0x4A, 0x56, 0x00, 0x0D, 0x4A, 0x56,
    0x08, 0x2A, 0x4A, 0x56, 0x00, 0x2B, 0x4A, 0x56, 0x00, 0x2B, 0x4A, 0x56, 0x00, 0x2B, 0x4A, 0x56,
    0x00, 0x0C, 0x4A, 0x56, 0x00, 0x0E, 0x4A, 0x56, 0x00, 0x0F, 0x4A, 0x56, 0x00, 0x0C, 0x4A, 0x56,
    0x08, 0x2A, 0x4A, 0x56, 0x08, 0x2A, 0x4A, 0x56, 0x08, 0x2A, 0x4A, 0x56, 0x08, 0x2A, 0x4A, 0x56,
    0x00, 0x2B, 0x4A, 0x56, 0x00, 0x0B, 0x4A, 0x56, 0x00, 0x2B, 0x4A, 0x56, 0x00, 0x2B, 0x4A, 0x56,
    0x00, 0x2B, 0x4A, 0x56, 0x08, 0x2A, 0x4A, 0x56, 0x00, 0x2B, 0x4A, 0x56, 0x00, 0x0C, 0x4A, 0x56,
    0x00, 0x2B, 0x4A, 0x56, 0x08, 0x2A, 0x4A, 0x56, 0x00, 0x0B, 0x4A, 0x56, 0x00, 0x0C, 0x4A, 0x56,
    0x00, 0x0F, 0x4A, 0x56, 0x00, 0x0E, 0x4A, 0x56, 0x00, 0x0D, 0x4A, 0x56, 0x00, 0x0B, 0x4A, 0x56,
    0x08, 0x2A, 0x4A, 0x56, 0x08, 0x2A, 0x4A, 0x56, 0x00, 0x0C, 0x4A, 0x56, 0x00, 0x0C, 0x4A, 0x56,
    0x00, 0x2A, 0x4A, 0x56, 0x00, 0x0D, 0x4A, 0x56, 0x00, 0x0D, 0x4A, 0x56, 0x08, 0x2A, 0x4A, 0x56,
    0x00, 0x2B, 0x4A, 0x56, 0x00, 0x2B, 0x4A, 0x56, 0x00, 0x2B, 0x4A, 0x56, 0x00, 0x0C, 0x4A, 0x56,
    0x00, 0x0E, 0x4A, 0x56, 0x00, 0x0F, 0x4A, 0x56, 0x00, 0x0C, 0x4A, 0x56, 0x08, 0x2A, 0x4A, 0x56,
    0x08, 0x2A, 0x4A, 0x56, 0x08, 0x2A, 0x4A, 0x56, 0x08, 0x2A, 0x4A, 0x56, 0x00, 0x2B, 0x4A, 0x56,
    0x00, 0x0B, 0x4A, 0x56, 0x00, 0x2B, 0x4A, 0x56, 0x00, 0x2B, 0x4A, 0x56, 0x00, 0x2B, 0x4A, 0x56,
    0x08, 0x2A, 0x4A, 0x56, 0x00, 0x2B, 0x4A, 0x56, 0x00, 0x0C, 0x4A, 0x56, 0x00, 0x2B, 0x4A, 0x56,
    0x08, 0x2A, 0x4A, 0x56, 0x00, 0x0B, 0x4A, 0x56, 0x00, 0x0C, 0x4A, 0x56, 0x00, 0x0F, 0x4A, 0x56,
    0x00, 0x0E, 0x4A, 0x56, 0x00, 0x0D, 0x4A, 0x56, 0x00, 0x0B, 0x4A, 0x56, 0x08, 0x2A, 0x4A, 0x56,
    0x08, 0x2A, 0x4A, 0x56, 0x00, 0x0C, 0x4A, 0x56, 0x00, 0x0C, 0x4A, 0x56, 0x00, 0x2A, 0x4A, 0x56,
    0x00, 0x0D, 0x4A, 0x56, 0x00, 0x0D, 0x4A, 0x56, 0x08, 0x2A, 0x4A, 0x56, 0x00, 0x2B, 0x4A, 0x56,
    0x00, 0x2B, 0x4A, 0x56, 0x00, 0x2B, 0x4A, 0x56, 0x00, 0x0C, 0x4A, 0x56, 0x00, 0x0E, 0x4A, 0x56,
    0x00, 0x0F, 0x4A, 0x56, 0x00, 0x0C, 0x4A, 0x56, 0x08, 0x2A, 0x4A, 0x56, 0x08, 0x2A, 0x4A, 0x56,
    0x08, 0x2A, 0x4A, 0x56, 0x08, 0x2A, 0x6B, 0x5F, 0x00, 0x2B, 0x00, 0x00, 0x00, 0x0B, 0x00, 0x00,
    0xA5, 0x1F, 0x00, 0x0C, 0x6B, 0x5F, 0x00, 0x0C, 0x00, 0x00, 0x00, 0x0C, 0x4A, 0x56, 0x00, 0x0B,
    0x4A, 0x56, 0x00, 0x0D, 0x4A, 0x56, 0x00, 0x2B, 0x4A, 0x56, 0x00, 0x2B, 0x4A, 0x56, 0x00, 0x2B,
    0x4A, 0x56, 0x00, 0x2B, 0x4A, 0x56, 0x00, 0x0C, 0x4A, 0x56, 0x00, 0x0D, 0x4A, 0x56, 0x00, 0x0E,
    0x4A, 0x56, 0x00, 0x0E, 0x4A, 0x56, 0x00, 0x0C, 0x4A, 0x56, 0x08, 0x2A, 0x4A, 0x56, 0x00, 0x2A,
    0x4A, 0x56, 0x00, 0x2B, 0x4A, 0x56, 0x08, 0x2A, 0x4A, 0x56, 0x00, 0x0D, 0x4A, 0x56, 0x00, 0x0D,
    0x4A, 0x56, 0x00, 0x0C, 0x4A, 0x56, 0x00, 0x0B, 0x4A, 0x56, 0x00, 0x2B, 0x4A, 0x56, 0x08, 0x2A,
    0x4A, 0x56, 0x08, 0x2A, 0x4A, 0x56, 0x00, 0x0C, 0x4A, 0x56, 0x08, 0x2A, 0x4A, 0x56, 0x08, 0x2A,
    0x4A, 0x56, 0x00, 0x2B, 0x4A, 0x56, 0x00, 0x0D, 0x4A, 0x56, 0x00, 0x0E, 0x4A, 0x56, 0x00, 0x0E,
    0x4A, 0x56, 0x00, 0x0D, 0x4A, 0x56, 0x00, 0x0C, 0x4A, 0x56, 0x00, 0x2B, 0x4A, 0x56, 0x00, 0x0C,
    0x4A, 0x56, 0x00, 0x0C, 0x4A, 0x56, 0x00, 0x0C, 0x4A, 0x56, 0x00, 0x0B, 0x4A, 0x56, 0x00, 0x0D,
    0x4A, 0x56, 0x00, 0x2B, 0x4A, 0x56, 0x00, 0x2B, 0x4A, 0x56, 0x00, 0x2B, 0x4A, 0x56, 0x00, 0x2B,
    0x4A, 0x56, 0x00, 0x0C, 0x4A, 0x56, 0x00, 0x0D, 0x4A, 0x56, 0x00, 0x0E, 0x4A, 0x56, 0x00, 0x0E,
    0x4A, 0x56, 0x00, 0x0C, 0x4A, 0x56, 0x08, 0x2A, 0x4A, 0x56, 0x00, 0x2A, 0x4A, 0x56, 0x00, 0x2B,
    0x4A, 0x56, 0x08, 0x2A, 0x4A, 0x56, 0x00, 0x0D, 0x4A, 0x56, 0x00, 0x0D, 0x4A, 0x56, 0x00, 0x0C,
    0x4A, 0x56, 0x00, 0x0B, 0x4A, 0x56, 0x00, 0x2B, 0x4A, 0x56, 0x08, 0x2A, 0x4A, 0x56, 0x08, 0x2A,
    0x4A, 0x56, 0x00, 0x0C, 0x4A, 0x56, 0x08, 0x2A, 0x4A, 0x56, 0x08, 0x2A, 0x4A, 0x56, 0x00, 0x2B,
    0x4A, 0x56, 0x00, 0x0D, 0x4A, 0x56, 0x00, 0x0E, 0x4A, 0x56, 0x00, 0x0E, 0x4A, 0x56, 0x00, 0x0D,
    0x4A, 0x56, 0x00, 0x0C, 0x4A, 0x56, 0x00, 0x2B, 0x4A, 0x56, 0x00, 0x0C, 0x4A, 0x56, 0x00, 0x0C,
    0x4A, 0x56, 0x00, 0x0C, 0x4A, 0x56, 0x00, 0x0B, 0x4A, 0x56, 0x00, 0x0D, 0x4A, 0x56, 0x00, 0x2B,
    0x4A, 0x56, 0x00, 0x2B, 0x4A, 0x56, 0x00, 0x2B, 0x4A, 0x56, 0x00, 0x2B, 0x4A, 0x56, 0x00, 0x0C,
    0x4A, 0x56, 0x00, 0x0D, 0x4A, 0x56, 0x00, 0x0E, 0x4A, 0x56, 0x00, 0x0E, 0x4A, 0x56, 0x00, 0x0C,
    0x4A, 0x56, 0x08, 0x2A, 0x4A, 0x56, 0x00, 0x2A, 0x4A, 0x56, 0x00, 0x2B, 0x4A, 0x56, 0x08, 0x2A,
    0x4A, 0x56, 0x00, 0x0D, 0x4A, 0x56, 0x00, 0x0D, 0x4A, 0x56, 0x00, 0x0C, 0x4A, 0x56, 0x00, 0x0B,
    0x4A, 0x56, 0x00, 0x2B, 0x4A, 0x56, 0x08, 0x2A, 0x4A, 0x56, 0x08, 0x2A, 0x4A, 0x56, 0x00, 0x0C,
    0x4A, 0x56, 0x08, 0x2A, 0x4A, 0x56, 0x08, 0x2A, 0x4A, 0x56, 0x00, 0x2B, 0x4A, 0x56, 0x00, 0x0D,
    0x4A, 0x56, 0x00, 0x0E, 0x4A, 0x56, 0x00, 0x0E, 0x4A, 0x56, 0x00, 0x0D, 0x4A, 0x56, 0x00, 0x0C,
    0x4A, 0x56, 0x00, 0x2B, 0x4A, 0x56, 0x00, 0x0C, 0x4A, 0x56, 0x00, 0x0C, 0x4A, 0x56, 0x00, 0x0C,
    0x4A, 0x56, 0x00, 0x0B, 0x4A, 0x56, 0x00, 0x0D, 0x4A, 0x56, 0x00, 0x2B, 0x4A, 0x56, 0x00, 0x2B,
    0x4A, 0x56, 0x00, 0x2B, 0x4A, 0x56, 0x00, 0x2B, 0x4A, 0x56, 0x00, 0x0C, 0x4A, 0x56, 0x00, 0x0D,
    0x4A, 0x56, 0x00, 0x0E, 0x4A, 0x56, 0x00, 0x0E, 0x4A, 0x56, 0x00, 0x0C, 0x4A, 0x56, 0x08, 0x2A,
    0x4A, 0x56, 0x00, 0x2A, 0x4A, 0x56, 0x00, 0x2B, 0x4A, 0x56, 0x08, 0x2A, 0x4A, 0x56, 0x00, 0x0D,
    0x4A, 0x56, 0x00, 0x0D, 0x4A, 0x56, 0x00, 0x0C, 0x4A, 0x56, 0x00, 0x0B, 0x4A, 0x56, 0x00, 0x2B,
    0x4A, 0x56, 0x08, 0x2A, 0x4A, 0x56, 0x08, 0x2A, 0x4A, 0x56, 0x00, 0x0C, 0x4A, 0x56, 0x08, 0x2A,
    0x4A, 0x56, 0x08, 0x2A, 0x4A, 0x56, 0x00, 0x2B, 0x4A, 0x56, 0x00, 0x0D, 0x4A, 0x56, 0x00, 0x0E,
    0x4A, 0x56, 0x00, 0x0E, 0x4A, 0x56, 0x00, 0x0D, 0x4A, 0x56, 0x00, 0x0C, 0x4A, 0x56, 0x00, 0x2B,
    0x4A, 0x56, 0x00, 0x0C, 0x4A, 0x56, 0x00, 0x0C, 0x4A, 0x56, 0x00, 0x0C, 0x4A, 0x56, 0x00, 0x0B,
    0x4A, 0x56, 0x00, 0x0D, 0x4A, 0x56, 0x00, 0x2B, 0x4A, 0x56, 0x00, 0x2B, 0x4A, 0x56, 0x00, 0x2B,
    0x4A, 0x56, 0x00, 0x2B, 0x4A, 0x56, 0x00, 0x0C, 0x4A, 0x56, 0x00, 0x0D, 0x4A, 0x56, 0x00, 0x0E,
    0x4A, 0x56, 0x00, 0x0E, 0x4A, 0x56, 0x00, 0x0C, 0x4A, 0x56, 0x08, 0x2A, 0x4A, 0x56, 0x00, 0x2A,
    0x4A, 0x56, 0x00, 0x2B, 0x4A, 0x56, 0x08, 0x2A, 0x41, 0xF2, 0x00, 0x0D, 0x00, 0x00, 0x00, 0x0D,
    0x00, 0x0B, 0x73, 0x9F, 0x00, 0x0C, 0x5A, 0xB9, 0x00, 0x0C, 0x4A, 0x76, 0x00, 0x0C, 0x4A, 0x76,
    0x00, 0x2B, 0x4A, 0x76, 0x00, 0x2B, 0x4A, 0x76, 0x00, 0x2B, 0x4A, 0x76, 0x00, 0x0C, 0x4A, 0x76,
    0x00, 0x2B, 0x4A, 0x76, 0x00, 0x0C, 0x4A, 0x76, 0x00, 0x0D, 0x4A, 0x76, 0x00, 0x0D, 0x4A, 0x76,
    0x00, 0x0D, 0x4A, 0x76, 0x00, 0x0C, 0x4A, 0x76, 0x00, 0x2B, 0x4A, 0x76, 0x08, 0x2A, 0x4A, 0x76,
    0x00, 0x0D, 0x4A, 0x76, 0x00, 0x2B, 0x4A, 0x76, 0x00, 0x0C, 0x4A, 0x76, 0x00, 0x0D, 0x4A, 0x76,
    0x00, 0x0E, 0x4A, 0x76, 0x00, 0x0C, 0x4A, 0x76, 0x00, 0x0B, 0x4A, 0x76, 0x00, 0x0D, 0x4A, 0x76,
    0x08, 0x2A, 0x4A, 0x76, 0x08, 0x2A, 0x4A, 0x76, 0x00, 0x0C, 0x4A, 0x76, 0x08, 0x2A, 0x4A, 0x76,
    0x08, 0x2A, 0x4A, 0x76, 0x00, 0x2B, 0x4A, 0x76, 0x00, 0x0C, 0x4A, 0x76, 0x00, 0x0E, 0x4A, 0x76,
    0x00, 0x0E, 0x4A, 0x76, 0x00, 0x0D, 0x4A, 0x76, 0x00, 0x0C, 0x4A, 0x76, 0x00, 0x0B, 0x4A, 0x76,
    0x00, 0x0C, 0x4A, 0x76, 0x00, 0x0C, 0x4A, 0x76, 0x00, 0x0C, 0x4A, 0x76, 0x00, 0x2B, 0x4A, 0x76,
    0x00, 0x2B, 0x4A, 0x76, 0x00, 0x2B, 0x4A, 0x76, 0x00, 0x0C, 0x4A, 0x76, 0x00, 0x2B, 0x4A, 0x76,
    0x00, 0x0C, 0x4A, 0x76, 0x00, 0x0D, 0x4A, 0x76, 0x00, 0x0D, 0x4A, 0x76, 0x00, 0x0D, 0x4A, 0x76,
    0x00, 0x0C, 0x4A, 0x76, 0x00, 0x2B, 0x4A, 0x76, 0x08, 0x2A, 0x4A, 0x76, 0x00, 0x0D, 0x4A, 0x76,
    0x00, 0x2B, 0x4A, 0x76, 0x00, 0x0C, 0x4A, 0x76, 0x00, 0x0D, 0x4A, 0x76, 0x00, 0x0E, 0x4A, 0x76,
    0x00, 0x0C, 0x4A, 0x76, 0x00, 0x0B, 0x4A, 0x76, 0x00, 0x0D, 0x4A, 0x76, 0x08, 0x2A, 0x4A, 0x76,
    0x08, 0x2A, 0x4A, 0x76, 0x00, 0x0C, 0x4A, 0x76, 0x08, 0x2A, 0x4A, 0x76, 0x08, 0x2A, 0x4A, 0x76,
    0x00, 0x2B, 0x4A, 0x76, 0x00, 0x0C, 0x4A, 0x76, 0x00, 0x0E, 0x4A, 0x76, 0x00, 0x0E, 0x4A, 0x76,
    0x00, 0x0D, 0x4A, 0x76, 0x00, 0x0C, 0x4A, 0x76, 0x00, 0x0B, 0x4A, 0x76, 0x00, 0x0C, 0x4A, 0x76,
    0x00, 0x0C, 0x4A, 0x76, 0x00, 0x0C, 0x4A, 0x76, 0x00, 0x2B, 0x4A, 0x76, 0x00, 0x2B, 0x4A, 0x76,
    0x00, 0x2B, 0x4A, 0x76, 0x00, 0x0C, 0x4A, 0x76, 0x00, 0x2B, 0x4A, 0x76, 0x00, 0x0C, 0x4A, 0x76,
    0x00, 0x0D, 0x4A, 0x76, 0x00, 0x0D, 0x4A, 0x76, 0x00, 0x0D, 0x4A, 0x76, 0x00, 0x0C, 0x4A, 0x76,
    0x00, 0x2B, 0x4A, 0x76, 0x08, 0x2A, 0x4A, 0x76, 0x00, 0x0D, 0x4A, 0x76, 0x00, 0x2B, 0x4A, 0x76,
    0x00, 0x0C, 0x4A, 0x76, 0x00, 0x0D, 0x4A, 0x76, 0x00, 0x0E, 0x4A, 0x76, 0x00, 0x0C, 0x4A, 0x76,
    0x00, 0x0B, 0x4A, 0x76, 0x00, 0x0D, 0x4A, 0x76, 0x08, 0x2A, 0x4A, 0x76, 0x08, 0x2A, 0x4A, 0x76,
    0x00, 0x0C, 0x4A, 0x76, 0x08, 0x2A, 0x4A, 0x76, 0x08, 0x2A, 0x4A, 0x76, 0x00, 0x2B, 0x4A, 0x76,
    0x00, 0x0C, 0x4A, 0x76, 0x00, 0x0E, 0x4A, 0x76, 0x00, 0x0E, 0x4A, 0x76, 0x00, 0x0D, 0x4A, 0x76,
    0x00, 0x0C, 0x4A, 0x76, 0x00, 0x0B, 0x4A, 0x76, 0x00, 0x0C, 0x4A, 0x76, 0x00, 0x0C, 0x4A, 0x76,
    0x00, 0x0C, 0x4A, 0x76, 0x00, 0x2B, 0x4A, 0x76, 0x00, 0x2B, 0x4A, 0x76, 0x00, 0x2B, 0x4A, 0x76,
    0x00, 0x0C, 0x4A, 0x76, 0x00, 0x2B, 0x4A, 0x76, 0x00, 0x0C, 0x4A, 0x76, 0x00, 0x0D, 0x4A, 0x76,
    0x00, 0x0D, 0x4A, 0x76, 0x00, 0x0D, 0x4A, 0x76, 0x00, 0x0C, 0x4A, 0x76, 0x00, 0x2B, 0x4A, 0x76,
    0x08, 0x2A, 0x4A, 0x76, 0x00, 0x0D, 0x4A, 0x76, 0x00, 0x2B, 0x4A, 0x76, 0x00, 0x0C, 0x4A, 0x76,
    0x00, 0x0D, 0x4A, 0x76, 0x00, 0x0E, 0x4A, 0x76, 0x00, 0x0C, 0x4A, 0x76, 0x00, 0x0B, 0x4A, 0x76,
    0x00, 0x0D, 0x4A, 0x76, 0x08, 0x2A, 0x4A, 0x76, 0x08, 0x2A, 0x4A, 0x76, 0x00, 0x0C, 0x4A, 0x76,
    0x08, 0x2A, 0x4A, 0x76, 0x08, 0x2A, 0x4A, 0x76, 0x00, 0x2B, 0x4A, 0x76, 0x00, 0x0C, 0x4A, 0x76,
    0x00, 0x0E, 0x4A, 0x76, 0x00, 0x0E, 0x4A, 0x76, 0x00, 0x0D, 0x4A, 0x76, 0x00, 0x0C, 0x4A, 0x76,
    0x00, 0x0B, 0x4A, 0x76, 0x00, 0x0C, 0x4A, 0x76, 0x00, 0x0C, 0x4A, 0x76, 0x00, 0x0C, 0x4A, 0x76,
    0x00, 0x2B, 0x4A, 0x76, 0x00, 0x2B, 0x4A, 0x76, 0x00, 0x2B, 0x4A, 0x76, 0x00, 0x0C, 0x4A, 0x76,
    0x00, 0x2B, 0x4A, 0x76, 0x00, 0x0C, 0x4A, 0x76, 0x00, 0x0D, 0x4A, 0x76, 0x00, 0x0D, 0x4A, 0x76,
    0x00, 0x0D, 0x4A, 0x76, 0x00, 0x0C, 0x4A, 0x76, 0x00, 0x2B, 0x4A, 0x76, 0x08, 0x2A, 0x4A, 0x76,
    0x00, 0x0D, 0x4A, 0x76, 0x00, 0x2B, 0x73, 0x7F, 0x00, 0x0C, 0x00, 0x00, 0x00, 0x0D, 0x00, 0x00,
    0xAD, 0x3F, 0x00, 0x0B, 0x6B, 0x5F, 0x00, 0x0B, 0x00, 0x00, 0x00, 0x0D, 0x4A, 0x76, 0x00, 0x0D,
    0x4A, 0x76, 0x00, 0x2B, 0x4A, 0x76, 0x08, 0x2A, 0x4A, 0x76, 0x00, 0x2B, 0x4A, 0x76, 0x00, 0x0B,
    0x4A, 0x76, 0x00, 0x2B, 0x4A, 0x76, 0x00, 0x0C, 0x4A, 0x76, 0x00, 0x0D, 0x4A, 0x76, 0x00, 0x0D,
    0x4A, 0x76, 0x00, 0x0C, 0x4A, 0x76, 0x00, 0x2B, 0x4A, 0x76, 0x08, 0x2A, 0x4A, 0x76, 0x00, 0x0C,
    0x4A, 0x76, 0x00, 0x0F, 0x4A, 0x76, 0x00, 0x2B, 0x4A, 0x76, 0x08, 0x2A, 0x4A, 0x76, 0x00, 0x0E,
    0x4A, 0x76, 0x00, 0x0E, 0x4A, 0x76, 0x00, 0x0C, 0x4A, 0x76, 0x00, 0x0C, 0x4A, 0x76, 0x00, 0x0D,
    0x4A, 0x76, 0x08, 0x2A, 0x4A, 0x76, 0x08, 0x2A, 0x4A, 0x76, 0x00, 0x0C, 0x4A, 0x76, 0x08, 0x2A,
    0x4A, 0x76, 0x00, 0x2B, 0x4A, 0x76, 0x00, 0x2B, 0x4A, 0x76, 0x00, 0x0C, 0x4A, 0x76, 0x00, 0x0E,
    0x4A, 0x76, 0x00, 0x0E, 0x4A, 0x76, 0x00, 0x0C, 0x4A, 0x76, 0x00, 0x0B, 0x4A, 0x76, 0x00, 0x0B,
    0x4A, 0x76, 0x00, 0x0B, 0x4A, 0x76, 0x00, 0x0D, 0x4A, 0x76, 0x00, 0x0D, 0x4A, 0x76, 0x00, 0x2B,
    0x4A, 0x76, 0x08, 0x2A, 0x4A, 0x76, 0x00, 0x2B, 0x4A, 0x76, 0x00, 0x0B, 0x4A, 0x76, 0x00, 0x2B,
    0x4A, 0x76, 0x00, 0x0C, 0x4A, 0x76, 0x00, 0x0D, 0x4A, 0x76, 0x00, 0x0D, 0x4A, 0x76, 0x00, 0x0C,
    0x4A, 0x76, 0x00, 0x2B, 0x4A, 0x76, 0x08, 0x2A, 0x4A, 0x76, 0x00, 0x0C, 0x4A, 0x76, 0x00, 0x0F,
    0x4A, 0x76, 0x00, 0x2B, 0x4A, 0x76, 0x08, 0x2A, 0x4A, 0x76, 0x00, 0x0E, 0x4A, 0x76, 0x00, 0x0E,
    0x4A, 0x76, 0x00, 0x0C, 0x4A, 0x76, 0x00, 0x0C, 0x4A, 0x76, 0x00, 0x0D, 0x4A, 0x76, 0x08, 0x2A,
    0x4A, 0x76, 0x08, 0x2A, 0x4A, 0x76, 0x00, 0x0C, 0x4A, 0x76, 0x08, 0x2A, 0x4A, 0x76, 0x00, 0x2B,
    0x4A, 0x76, 0x00, 0x2B, 0x4A, 0x76, 0x00, 0x0C, 0x4A, 0x76, 0x00, 0x0E, 0x4A, 0x76, 0x00, 0x0E,
    0x4A, 0x76, 0x00, 0x0C, 0x4A, 0x76, 0x00, 0x0B, 0x4A, 0x76, 0x00, 0x0B, 0x4A, 0x76, 0x00, 0x0B,
    0x4A, 0x76, 0x00, 0x0D, 0x4A, 0x76, 0x00, 0x0D, 0x4A, 0x76, 0x00, 0x2B, 0x4A, 0x76, 0x08, 0x2A,
    0x4A, 0x76, 0x00, 0x2B, 0x4A, 0x76, 0x00, 0x0B, 0x4A, 0x76, 0x00, 0x2B, 0x4A, 0x76, 0x00, 0x0C,
    0x4A, 0x76, 0x00, 0x0D, 0x4A, 0x76, 0x00, 0x0D, 0x4A, 0x76, 0x00, 0x0C, 0x4A, 0x76, 0x00, 0x2B,
    0x4A, 0x76, 0x08, 0x2A, 0x4A, 0x76, 0x00, 0x0C, 0x4A, 0x76, 0x00, 0x0F, 0x4A, 0x76, 0x00, 0x2B,
    0x4A, 0x76, 0x08, 0x2A, 0x4A, 0x76, 0x00, 0x0E, 0x4A, 0x76, 0x00, 0x0E, 0x4A, 0x76, 0x00, 0x0C,
    0x4A, 0x76, 0x00, 0x0C, 0x4A, 0x76, 0x00, 0x0D, 0x4A, 0x76, 0x08, 0x2A, 0x4A, 0x76, 0x08, 0x2A,
    0x4A, 0x76, 0x00, 0x0C, 0x4A, 0x76, 0x08, 0x2A, 0x4A, 0x76, 0x00, 0x2B, 0x4A, 0x76, 0x00, 0x2B,
    0x4A, 0x76, 0x00, 0x0C, 0x4A, 0x76, 0x00, 0x0E, 0x4A, 0x76, 0x00, 0x0E, 0x4A, 0x76, 0x00, 0x0C,
    0x4A, 0x76, 0x00, 0x0B, 0x4A, 0x76, 0x00, 0x0B, 0x4A, 0x76, 0x00, 0x0B, 0x4A, 0x76, 0x00, 0x0D,
    0x4A, 0x76, 0x00, 0x0D, 0x4A, 0x76, 0x00, 0x2B, 0x4A, 0x76, 0x08, 0x2A, 0x4A, 0x76, 0x00, 0x2B,
    0x4A, 0x76, 0x00, 0x0B, 0x4A, 0x76, 0x00, 0x2B, 0x4A, 0x76, 0x00, 0x0C, 0x4A, 0x76, 0x00, 0x0D,
    0x4A, 0x76, 0x00, 0x0D, 0x4A, 0x76, 0x00, 0x0C, 0x4A, 0x76, 0x00, 0x2B, 0x4A, 0x76, 0x08, 0x2A,
    0x4A, 0x76, 0x00, 0x0C, 0x4A, 0x76, 0x00, 0x0F, 0x4A, 0x76, 0x00, 0x2B, 0x4A, 0x76, 0x08, 0x2A,
    0x4A, 0x76, 0x00, 0x0E, 0x4A, 0x76, 0x00, 0x0E, 0x4A, 0x76, 0x00, 0x0C, 0x4A, 0x76, 0x00, 0x0C,
    0x4A, 0x76, 0x00, 0x0D, 0x4A, 0x76, 0x08, 0x2A, 0x4A, 0x76, 0x08, 0x2A, 0x4A, 0x76, 0x00, 0x0C,
    0x4A, 0x76, 0x08, 0x2A, 0x4A, 0x76, 0x00, 0x2B, 0x4A, 0x76, 0x00, 0x2B, 0x4A, 0x76, 0x00, 0x0C,
    0x4A, 0x76, 0x00, 0x0E, 0x4A, 0x76, 0x00, 0x0E, 0x4A, 0x76, 0x00, 0x0C, 0x4A, 0x76, 0x00, 0x0B,
    0x4A, 0x76, 0x00, 0x0B, 0x4A, 0x76, 0x00, 0x0B, 0x4A, 0x76, 0x00, 0x0D, 0x4A, 0x76, 0x00, 0x0D,
    0x4A, 0x76, 0x00, 0x2B, 0x4A, 0x76, 0x08, 0x2A, 0x4A, 0x76, 0x00, 0x2B, 0x4A, 0x76, 0x00, 0x0B,
    0x4A, 0x76, 0x00, 0x2B, 0x4A, 0x76, 0x00, 0x0C, 0x4A, 0x76, 0x00, 0x0D, 0x4A, 0x76, 0x00, 0x0D,
    0x4A, 0x76, 0x00, 0x0C, 0x4A, 0x76, 0x00, 0x2B, 0x4A, 0x76, 0x08, 0x2A, 0x4A, 0x76, 0x00, 0x0C,
    0x4A, 0x76, 0x00, 0x0F, 0x4A, 0x76, 0x00, 0x2B, 0x42, 0x13, 0x08, 0x2A, 0x00, 0x00, 0x00, 0x0E,
    0x00, 0x2B, 0x7B, 0xBF, 0x00, 0x2A, 0x5A, 0xDA, 0x00, 0x2B, 0x52, 0x77, 0x00, 0x0E, 0x52, 0x77,
    0x00, 0x0C, 0x52, 0x77, 0x08, 0x2A, 0x52, 0x77, 0x08, 0x2A, 0x52, 0x77, 0x00, 0x2B, 0x52, 0x77,
    0x00, 0x2B, 0x52, 0x77, 0x00, 0x0C, 0x52, 0x77, 0x00, 0x0C, 0x52, 0x77, 0x00, 0x0C, 0x52, 0x77,
    0x00, 0x0C, 0x52, 0x77, 0x00, 0x2B, 0x52, 0x77, 0x08, 0x2A, 0x52, 0x77, 0x08, 0x2A, 0x52, 0x77,
    0x00, 0x0E, 0x52, 0x77, 0x00, 0x0E, 0x52, 0x77, 0x00, 0x0C, 0x52, 0x77, 0x08, 0x2A, 0x52, 0x77,
    0x00, 0x0E, 0x52, 0x77, 0x00, 0x0D, 0x52, 0x77, 0x00, 0x0B, 0x52, 0x77, 0x00, 0x0D, 0x52, 0x77,
    0x00, 0x2B, 0x52, 0x77, 0x08, 0x2A, 0x52, 0x77, 0x00, 0x2B, 0x52, 0x77, 0x00, 0x0B, 0x52, 0x77,
    0x08, 0x2A, 0x52, 0x77, 0x00, 0x2B, 0x52, 0x77, 0x00, 0x2B, 0x52, 0x77, 0x00, 0x0C, 0x52, 0x77,
    0x00, 0x0E, 0x52, 0x77, 0x00, 0x0D, 0x52, 0x77, 0x00, 0x0C, 0x52, 0x77, 0x00, 0x2B, 0x52, 0x77,
    0x00, 0x2A, 0x52, 0x77, 0x00, 0x2B, 0x52, 0x77, 0x00, 0x0E, 0x52, 0x77, 0x00, 0x0C, 0x52, 0x77,
    0x08, 0x2A, 0x52, 0x77, 0x08, 0x2A, 0x52, 0x77, 0x00, 0x2B, 0x52, 0x77, 0x00, 0x2B, 0x52, 0x77,
    0x00, 0x0C, 0x52, 0x77, 0x00, 0x0C, 0x52, 0x77, 0x00, 0x0C, 0x52, 0x77, 0x00, 0x0C, 0x52, 0x77,
    0x00, 0x2B, 0x52, 0x77, 0x08, 0x2A, 0x52, 0x77, 0x08, 0x2A, 0x52, 0x77, 0x00, 0x0E, 0x52, 0x77,
    0x00, 0x0E, 0x52, 0x77, 0x00, 0x0C, 0x52, 0x77, 0x08, 0x2A, 0x52, 0x77, 0x00, 0x0E, 0x52, 0x77,
    0x00, 0x0D, 0x52, 0x77, 0x00, 0x0B, 0x52, 0x77, 0x00, 0x0D, 0x52, 0x77, 0x00, 0x2B, 0x52, 0x77,
    0x08, 0x2A, 0x52, 0x77, 0x00, 0x2B, 0x52, 0x77, 0x00, 0x0B, 0x52, 0x77, 0x08, 0x2A, 0x52, 0x77,
    0x00, 0x2B, 0x52, 0x77, 0x00, 0x2B, 0x52, 0x77, 0x00, 0x0C, 0x52, 0x77, 0x00, 0x0E, 0x52, 0x77,
    0x00, 0x0D, 0x52, 0x77, 0x00, 0x0C, 0x52, 0x77, 0x00, 0x2B, 0x52, 0x77, 0x00, 0x2A, 0x52, 0x77,
    0x00, 0x2B, 0x52, 0x77, 0x00, 0x0E, 0x52, 0x77, 0x00, 0x0C, 0x52, 0x77, 0x08, 0x2A, 0x52, 0x77,
    0x08, 0x2A, 0x52, 0x77, 0x00, 0x2B, 0x52, 0x77, 0x00, 0x2B, 0x52, 0x77, 0x00, 0x0C, 0x52, 0x77,
    0x00, 0x0C, 0x52, 0x77, 0x00, 0x0C, 0x52, 0x77, 0x00, 0x0C, 0x52, 0x77, 0x00, 0x2B, 0x52, 0x77,
    0x08, 0x2A, 0x52, 0x77, 0x08, 0x2A, 0x52, 0x77, 0x00, 0x0E, 0x52, 0x77, 0x00, 0x0E, 0x52, 0x77,
    0x00, 0x0C, 0x52, 0x77, 0x08, 0x2A, 0x52, 0x77, 0x00, 0x0E, 0x52, 0x77, 0x00, 0x0D, 0x52, 0x77,
    0x00, 0x0B, 0x52, 0x77, 0x00, 0x0D, 0x52, 0x77, 0x00, 0x2B, 0x52, 0x77, 0x08, 0x2A, 0x52, 0x77,
    0x00, 0x2B, 0x52, 0x77, 0x00, 0x0B, 0x52, 0x77, 0x08, 0x2A, 0x52, 0x77, 0x00, 0x2B, 0x52, 0x77,
    0x00, 0x2B, 0x52, 0x77, 0x00, 0x0C, 0x52, 0x77, 0x00, 0x0E, 0x52, 0x77, 0x00, 0x0D, 0x52, 0x77,
    0x00, 0x0C, 0x52, 0x77, 0x00, 0x2B, 0x52, 0x77, 0x00, 0x2A, 0x52, 0x77, 0x00, 0x2B, 0x52, 0x77,
    0x00, 0x0E, 0x52, 0x77, 0x00, 0x0C, 0x52, 0x77, 0x08, 0x2A, 0x52, 0x77, 0x08, 0x2A, 0x52, 0x77,
    0x00, 0x2B, 0x52, 0x77, 0x00, 0x2B, 0x52, 0x77, 0x00, 0x0C, 0x52, 0x77, 0x00, 0x0C, 0x52, 0x77,
    0x00, 0x0C, 0x52, 0x77, 0x00, 0x0C, 0x52, 0x77, 0x00, 0x2B, 0x52, 0x77, 0x08, 0x2A, 0x52, 0x77,
    0x08, 0x2A, 0x52, 0x77, 0x00, 0x0E, 0x52, 0x77, 0x00, 0x0E, 0x52, 0x77, 0x00, 0x0C, 0x52, 0x77,
    0x08, 0x2A, 0x52, 0x77, 0x00, 0x0E, 0x52, 0x77, 0x00, 0x0D, 0x52, 0x77, 0x00, 0x0B, 0x52, 0x77,
    0x00, 0x0D, 0x52, 0x77, 0x00, 0x2B, 0x52, 0x77, 0x08, 0x2A, 0x52, 0x77, 0x00, 0x2B, 0x52, 0x77,
    0x00, 0x0B, 0x52, 0x77, 0x08, 0x2A, 0x52, 0x77, 0x00, 0x2B, 0x52, 0x77, 0x00, 0x2B, 0x52, 0x77,
    0x00, 0x0C, 0x52, 0x77, 0x00, 0x0E, 0x52, 0x77, 0x00, 0x0D, 0x52, 0x77, 0x00, 0x0C, 0x52, 0x77,
    0x00, 0x2B, 0x52, 0x77, 0x00, 0x2A, 0x52, 0x77, 0x00, 0x2B, 0x52, 0x77, 0x00, 0x0E, 0x52, 0x77,
    0x00, 0x0C, 0x52, 0x77, 0x08, 0x2A, 0x52, 0x77, 0x08, 0x2A, 0x52, 0x77, 0x00, 0x2B, 0x52, 0x77,
    0x00, 0x2B, 0x52, 0x77, 0x00, 0x0C, 0x52, 0x77, 0x00, 0x0C, 0x52, 0x77, 0x00, 0x0C, 0x52, 0x77,
    0x00, 0x0C, 0x52, 0x77, 0x00, 0x2B, 0x52, 0x77, 0x08, 0x2A, 0x52, 0x77, 0x08, 0x2A, 0x52, 0x77,
    0x00, 0x0E, 0x52, 0x77, 0x00, 0x0E, 0x73, 0x9F, 0x00, 0x0C, 0x00, 0x00, 0x08, 0x2A, 0x00, 0x00,
    0xAD, 0x5F, 0x08, 0x2A, 0x73, 0x7F, 0x08, 0x2A, 0x00, 0x00, 0x00, 0x2B, 0x52, 0x77, 0x00, 0x0F,
    0x52, 0x77, 0x00, 0x0C, 0x52, 0x77, 0x08, 0x2A, 0x52, 0x77, 0x08, 0x2A, 0x52, 0x77, 0x00, 0x2B,
    0x52, 0x77, 0x00, 0x0C, 0x52, 0x77, 0x00, 0x0C, 0x52, 0x77, 0x00, 0x0C, 0x52, 0x77, 0x00, 0x2B,
    0x52, 0x77, 0x00, 0x2B, 0x52, 0x77, 0x00, 0x0C, 0x52, 0x77, 0x08, 0x2A, 0x52, 0x77, 0x00, 0x2B,
    0x52, 0x77, 0x00, 0x0E, 0x52, 0x77, 0x00, 0x0D, 0x52, 0x77, 0x00, 0x0D, 0x52, 0x77, 0x08, 0x2A,
    0x52, 0x77, 0x00, 0x0E, 0x52, 0x77, 0x00, 0x0E, 0x52, 0x77, 0x00, 0x2A, 0x52, 0x77, 0x00, 0x0D,
    0x52, 0x77, 0x08, 0x2A, 0x52, 0x77, 0x08, 0x2A, 0x52, 0x77, 0x00, 0x0B, 0x52, 0x77, 0x08, 0x2A,
    0x52, 0x77, 0x08, 0x2A, 0x52, 0x77, 0x00, 0x2A, 0x52, 0x77, 0x08, 0x2A, 0x52, 0x77, 0x00, 0x0C,
    0x52, 0x77, 0x00, 0x0D, 0x52, 0x77, 0x00, 0x0D, 0x52, 0x77, 0x00, 0x2B, 0x52, 0x77, 0x08, 0x2A,
    0x52, 0x77, 0x08, 0x2A, 0x52, 0x77, 0x00, 0x2B, 0x52, 0x77, 0x00, 0x0F, 0x52, 0x77, 0x00, 0x0C,
    0x52, 0x77, 0x08, 0x2A, 0x52, 0x77, 0x08, 0x2A, 0x52, 0x77, 0x00, 0x2B, 0x52, 0x77, 0x00, 0x0C,
    0x52, 0x77, 0x00, 0x0C, 0x52, 0x77, 0x00, 0x0C, 0x52, 0x77, 0x00, 0x2B, 0x52, 0x77, 0x00, 0x2B,
    0x52, 0x77, 0x00, 0x0C, 0x52, 0x77, 0x08, 0x2A, 0x52, 0x77, 0x00, 0x2B, 0x52, 0x77, 0x00, 0x0E,
    0x52, 0x77, 0x00, 0x0D, 0x52, 0x77, 0x00, 0x0D, 0x52, 0x77, 0x08, 0x2A, 0x52, 0x77, 0x00, 0x0E,
    0x52, 0x77, 0x00, 0x0E, 0x52, 0x77, 0x00, 0x2A, 0x52, 0x77, 0x00, 0x0D, 0x52, 0x77, 0x08, 0x2A,
    0x52, 0x77, 0x08, 0x2A, 0x52, 0x77, 0x00, 0x0B, 0x52, 0x77, 0x08, 0x2A, 0x52, 0x77, 0x08, 0x2A,
    0x52, 0x77, 0x00, 0x2A, 0x52, 0x77, 0x08, 0x2A, 0x52, 0x77, 0x00, 0x0C, 0x52, 0x77, 0x00, 0x0D,
    0x52, 0x77, 0x00, 0x0D, 0x52, 0x77, 0x00, 0x2B, 0x52, 0x77, 0x08, 0x2A, 0x52, 0x77, 0x08, 0x2A,
    0x52, 0x77, 0x00, 0x2B, 0x52, 0x77, 0x00, 0x0F, 0x52, 0x77, 0x00, 0x0C, 0x52, 0x77, 0x08, 0x2A,
    0x52, 0x77, 0x08, 0x2A, 0x52, 0x77, 0x00, 0x2B, 0x52, 0x77, 0x00, 0x0C, 0x52, 0x77, 0x00, 0x0C,
    0x52, 0x77, 0x00, 0x0C, 0x52, 0x77, 0x00, 0x2B, 0x52, 0x77, 0x00, 0x2B, 0x52, 0x77, 0x00, 0x0C,
    0x52, 0x77, 0x08, 0x2A, 0x52, 0x77, 0x00, 0x2B, 0x52, 0x77, 0x00, 0x0E, 0x52, 0x77, 0x00, 0x0D,
    0x52, 0x77, 0x00, 0x0D, 0x52, 0x77, 0x08, 0x2A, 0x52, 0x77, 0x00, 0x0E, 0x52, 0x77, 0x00, 0x0E,
    0x52, 0x77, 0x00, 0x2A, 0x52, 0x77, 0x00, 0x0D, 0x52, 0x77, 0x08, 0x2A, 0x52, 0x77, 0x08, 0x2A,
    0x52, 0x77, 0x00, 0x0B, 0x52, 0x77, 0x08, 0x2A, 0x52, 0x77, 0x08, 0x2A, 0x52, 0x77, 0x00, 0x2A,
    0x52, 0x77, 0x08, 0x2A, 0x52, 0x77, 0x00, 0x0C, 0x52, 0x77, 0x00, 0x0D, 0x52, 0x77, 0x00, 0x0D,
    0x52, 0x77, 0x00, 0x2B, 0x52, 0x77, 0x08, 0x2A, 0x52, 0x77, 0x08, 0x2A, 0x52, 0x77, 0x00, 0x2B,
    0x52, 0x77, 0x00, 0x0F, 0x52, 0x77, 0x00, 0x0C, 0x52, 0x77, 0x08, 0x2A, 0x52, 0x77, 0x08, 0x2A,
    0x52, 0x77, 0x00, 0x2B, 0x52, 0x77, 0x00, 0x0C, 0x52, 0x77, 0x00, 0x0C, 0x52, 0x77, 0x00, 0x0C,
    0x52, 0x77, 0x00, 0x2B, 0x52, 0x77, 0x00, 0x2B, 0x52, 0x77, 0x00, 0x0C, 0x52, 0x77, 0x08, 0x2A,
    0x52, 0x77, 0x00, 0x2B, 0x52, 0x77, 0x00, 0x0E, 0x52, 0x77, 0x00, 0x0D, 0x52, 0x77, 0x00, 0x0D,
    0x52, 0x77, 0x08, 0x2A, 0x52, 0x77, 0x00, 0x0E, 0x52, 0x77, 0x00, 0x0E, 0x52, 0x77, 0x00, 0x2A,
    0x52, 0x77, 0x00, 0x0D, 0x52, 0x77, 0x08, 0x2A, 0x52, 0x77, 0x08, 0x2A, 0x52, 0x77, 0x00, 0x0B,
    0x52, 0x77, 0x08, 0x2A, 0x52, 0x77, 0x08, 0x2A, 0x52, 0x77, 0x00, 0x2A, 0x52, 0x77, 0x08, 0x2A,
    0x52, 0x77, 0x00, 0x0C, 0x52, 0x77, 0x00, 0x0D, 0x52, 0x77, 0x00, 0x0D, 0x52, 0x77, 0x00, 0x2B,
    0x52, 0x77, 0x08, 0x2A, 0x52, 0x77, 0x08, 0x2A, 0x52, 0x77, 0x00, 0x2B, 0x52, 0x77, 0x00, 0x0F,
    0x52, 0x77, 0x00, 0x0C, 0x52, 0x77, 0x08, 0x2A, 0x52, 0x77, 0x08, 0x2A, 0x52, 0x77, 0x00, 0x2B,
    0x52, 0x77, 0x00, 0x0C, 0x52, 0x77, 0x00, 0x0C, 0x52, 0x77, 0x00, 0x0C, 0x52, 0x77, 0x00, 0x2B,
    0x52, 0x77, 0x00, 0x2B, 0x52, 0x77, 0x00, 0x0C, 0x52, 0x77, 0x08, 0x2A, 0x52, 0x77, 0x00, 0x2B,
    0x52, 0x77, 0x00, 0x0E, 0x52, 0x77, 0x00, 0x0D, 0x42, 0x13, 0x00, 0x0D, 0x00, 0x00, 0x08, 0x2A,
    0x00, 0x0B, 0x7B, 0xDF, 0x08, 0x2A, 0x5A, 0xDA, 0x08, 0x2A, 0x52, 0x97, 0x00, 0x0D, 0x52, 0x97,
    0x00, 0x10, 0x52, 0x97, 0x00, 0x0D, 0x52, 0x97, 0x08, 0x2A, 0x52, 0x97, 0x08, 0x2A, 0x52, 0x97,
    0x00, 0x0C, 0x52, 0x97, 0x00, 0x0C, 0x52, 0x97, 0x00, 0x0C, 0x52, 0x97, 0x00, 0x0C, 0x52, 0x97,
    0x00, 0x0B, 0x52, 0x97, 0x00, 0x0C, 0x52, 0x97, 0x00, 0x0D, 0x52, 0x97, 0x08, 0x2A, 0x52, 0x97,
    0x00, 0x2B, 0x52, 0x97, 0x00, 0x0C, 0x52, 0x97, 0x00, 0x0D, 0x52, 0x97, 0x00, 0x0D, 0x52, 0x97,
    0x08, 0x2A, 0x52, 0x97, 0x00, 0x0E, 0x52, 0x97, 0x00, 0x0E, 0x52, 0x97, 0x00, 0x0C, 0x52, 0x97,
    0x00, 0x0D, 0x52, 0x97, 0x08, 0x2A, 0x52, 0x97, 0x08, 0x2A, 0x52, 0x97, 0x00, 0x0C, 0x52, 0x97,
    0x08, 0x2A, 0x52, 0x97, 0x08, 0x2A, 0x52, 0x97, 0x08, 0x2A, 0x52, 0x97, 0x08, 0x2A, 0x52, 0x97,
    0x00, 0x0C, 0x52, 0x97, 0x00, 0x0C, 0x52, 0x97, 0x00, 0x0B, 0x52, 0x97, 0x00, 0x0B, 0x52, 0x97,
    0x08, 0x2A, 0x52, 0x97, 0x08, 0x2A, 0x52, 0x97, 0x00, 0x0D, 0x52, 0x97, 0x00, 0x10, 0x52, 0x97,
    0x00, 0x0D, 0x52, 0x97, 0x08, 0x2A, 0x52, 0x97, 0x08, 0x2A, 0x52, 0x97, 0x00, 0x0C, 0x52, 0x97,
    0x00, 0x0C, 0x52, 0x97, 0x00, 0x0C, 0x52, 0x97, 0x00, 0x0C, 0x52, 0x97, 0x00, 0x0B, 0x52, 0x97,
    0x00, 0x0C, 0x52, 0x97, 0x00, 0x0D, 0x52, 0x97, 0x08, 0x2A, 0x52, 0x97, 0x00, 0x2B, 0x52, 0x97,
    0x00, 0x0C, 0x52, 0x97, 0x00, 0x0D, 0x52, 0x97, 0x00, 0x0D, 0x52, 0x97, 0x08, 0x2A, 0x52, 0x97,
    0x00, 0x0E, 0x52, 0x97, 0x00, 0x0E, 0x52, 0x97, 0x00, 0x0C, 0x52, 0x97, 0x00, 0x0D, 0x52, 0x97,
    0x08, 0x2A, 0x52, 0x97, 0x08, 0x2A, 0x52, 0x97, 0x00, 0x0C, 0x52, 0x97, 0x08, 0x2A, 0x52, 0x97,
    0x08, 0x2A, 0x52, 0x97, 0x08, 0x2A, 0x52, 0x97, 0x08, 0x2A, 0x52, 0x97, 0x00, 0x0C, 0x52, 0x97,
    0x00, 0x0C, 0x52, 0x97, 0x00, 0x0B, 0x52, 0x97, 0x00, 0x0B, 0x52, 0x97, 0x08, 0x2A, 0x52, 0x97,
    0x08, 0x2A, 0x52, 0x97, 0x00, 0x0D, 0x52, 0x97, 0x00, 0x10, 0x52, 0x97, 0x00, 0x0D, 0x52, 0x97,
    0x08, 0x2A, 0x52, 0x97, 0x08, 0x2A, 0x52, 0x97, 0x00, 0x0C, 0x52, 0x97, 0x00, 0x0C, 0x52, 0x97,
    0x00, 0x0C, 0x52, 0x97, 0x00, 0x0C, 0x52, 0x97, 0x00, 0x0B, 0x52, 0x97, 0x00, 0x0C, 0x52, 0x97,
    0x00, 0x0D, 0x52, 0x97, 0x08, 0x2A, 0x52, 0x97, 0x00, 0x2B, 0x52, 0x97, 0x00, 0x0C, 0x52, 0x97,
    0x00, 0x0D, 0x52, 0x97, 0x00, 0x0D, 0x52, 0x97, 0x08, 0x2A, 0x52, 0x97, 0x00, 0x0E, 0x52, 0x97,
    0x00, 0x0E, 0x52, 0x97, 0x00, 0x0C, 0x52, 0x97, 0x00, 0x0D, 0x52, 0x97, 0x08, 0x2A, 0x52, 0x97,
    0x08, 0x2A, 0x52, 0x97, 0x00, 0x0C, 0x52, 0x97, 0x08, 0x2A, 0x52, 0x97, 0x08, 0x2A, 0x52, 0x97,
    0x08, 0x2A, 0x52, 0x97, 0x08, 0x2A, 0x52, 0x97, 0x00, 0x0C, 0x52, 0x97, 0x00, 0x0C, 0x52, 0x97,
    0x00, 0x0B, 0x52, 0x97, 0x00, 0x0B, 0x52, 0x97, 0x08, 0x2A, 0x52, 0x97, 0x08, 0x2A, 0x52, 0x97,
    0x00, 0x0D, 0x52, 0x97, 0x00, 0x10, 0x52, 0x97, 0x00, 0x0D, 0x52, 0x97, 0x08, 0x2A, 0x52, 0x97,
    0x08, 0x2A, 0x52, 0x97, 0x00, 0x0C, 0x52, 0x97, 0x00, 0x0C, 0x52, 0x97, 0x00, 0x0C, 0x52, 0x97,
    0x00, 0x0C, 0x52, 0x97, 0x00, 0x0B, 0x52, 0x97, 0x00, 0x0C, 0x52, 0x97, 0x00, 0x0D, 0x52, 0x97,
    0x08, 0x2A, 0x52, 0x97, 0x00, 0x2B, 0x52, 0x97, 0x00, 0x0C, 0x52, 0x97, 0x00, 0x0D, 0x52, 0x97,
    0x00, 0x0D, 0x52, 0x97, 0x08, 0x2A, 0x52, 0x97, 0x00, 0x0E, 0x52, 0x97, 0x00, 0x0E, 0x52, 0x97,
    0x00, 0x0C, 0x52, 0x97, 0x00, 0x0D, 0x52, 0x97, 0x08, 0x2A, 0x52, 0x97, 0x08, 0x2A, 0x52, 0x97,
    0x00, 0x0C, 0x52, 0x97, 0x08, 0x2A, 0x52, 0x97, 0x08, 0x2A, 0x52, 0x97, 0x08, 0x2A, 0x52, 0x97,
    0x08, 0x2A, 0x52, 0x97, 0x00, 0x0C, 0x52, 0x97, 0x00, 0x0C, 0x52, 0x97, 0x00, 0x0B, 0x52, 0x97,
    0x00, 0x0B, 0x52, 0x97, 0x08, 0x2A, 0x52, 0x97, 0x08, 0x2A, 0x52, 0x97, 0x00, 0x0D, 0x52, 0x97,
    0x00, 0x10, 0x52, 0x97, 0x00, 0x0D, 0x52, 0x97, 0x08, 0x2A, 0x52, 0x97, 0x08, 0x2A, 0x52, 0x97,
    0x00, 0x0C, 0x52, 0x97, 0x00, 0x0C, 0x52, 0x97, 0x00, 0x0C, 0x52, 0x97, 0x00, 0x0C, 0x52, 0x97,
    0x00, 0x0B, 0x52, 0x97, 0x00, 0x0C, 0x52, 0x97, 0x00, 0x0D, 0x52, 0x97, 0x08, 0x2A, 0x52, 0x97,
    0x00, 0x2B, 0x52, 0x97, 0x00, 0x0C, 0x73, 0x9F, 0x00, 0x0D, 0x00, 0x00, 0x00, 0x0D, 0x00, 0x00,
    0xB5, 0x7F, 0x00, 0x0D, 0x73, 0x9F, 0x00, 0x2B, 0x00, 0x00, 0x08, 0x2A, 0x52, 0x97, 0x00, 0x0E,
    0x52, 0x97, 0x00, 0x0F, 0x52, 0x97, 0x00, 0x0C, 0x52, 0x97, 0x08, 0x2A, 0x52, 0x97, 0x00, 0x0C,
    0x52, 0x97, 0x00, 0x0D, 0x52, 0x97, 0x00, 0x2B, 0x52, 0x97, 0x00, 0x0D, 0x52, 0x97, 0x00, 0x0D,
    0x52, 0x97, 0x00, 0x0C, 0x52, 0x97, 0x00, 0x0D, 0x52, 0x97, 0x00, 0x0B, 0x52, 0x97, 0x08, 0x2A,
    0x52, 0x97, 0x08, 0x2A, 0x52, 0x97, 0x00, 0x2B, 0x52, 0x97, 0x00, 0x0C, 0x52, 0x97, 0x00, 0x0C,
    0x52, 0x97, 0x00, 0x0D, 0x52, 0x97, 0x00, 0x0D, 0x52, 0x97, 0x00, 0x0F, 0x52, 0x97, 0x00, 0x0D,
    0x52, 0x97, 0x00, 0x0D, 0x52, 0x97, 0x08, 0x2A, 0x52, 0x97, 0x08, 0x2A, 0x52, 0x97, 0x00, 0x2B,
    0x52, 0x97, 0x08, 0x2A, 0x52, 0x97, 0x08, 0x2A, 0x52, 0x97, 0x08, 0x2A, 0x52, 0x97, 0x00, 0x2B,
    0x52, 0x97, 0x00, 0x0C, 0x52, 0x97, 0x00, 0x2B, 0x52, 0x97, 0x00, 0x0C, 0x52, 0x97, 0x00, 0x0D,
    0x52, 0x97, 0x00, 0x2B, 0x52, 0x97, 0x08, 0x2A, 0x52, 0x97, 0x00, 0x0E, 0x52, 0x97, 0x00, 0x0F,
    0x52, 0x97, 0x00, 0x0C, 0x52, 0x97, 0x08, 0x2A, 0x52, 0x97, 0x00, 0x0C, 0x52, 0x97, 0x00, 0x0D,
    0x52, 0x97, 0x00, 0x2B, 0x52, 0x97, 0x00, 0x0D, 0x52, 0x97, 0x00, 0x0D, 0x52, 0x97, 0x00, 0x0C,
    0x52, 0x97, 0x00, 0x0D, 0x52, 0x97, 0x00, 0x0B, 0x52, 0x97, 0x08, 0x2A, 0x52, 0x97, 0x08, 0x2A,
    0x52, 0x97, 0x00, 0x2B, 0x52, 0x97, 0x00, 0x0C, 0x52, 0x97, 0x00, 0x0C, 0x52, 0x97, 0x00, 0x0D,
    0x52, 0x97, 0x00, 0x0D, 0x52, 0x97, 0x00, 0x0F, 0x52, 0x97, 0x00, 0x0D, 0x52, 0x97, 0x00, 0x0D,
    0x52, 0x97, 0x08, 0x2A, 0x52, 0x97, 0x08, 0x2A, 0x52, 0x97, 0x00, 0x2B, 0x52, 0x97, 0x08, 0x2A,
    0x52, 0x97, 0x08, 0x2A, 0x52, 0x97, 0x08, 0x2A, 0x52, 0x97, 0x00, 0x2B, 0x52, 0x97, 0x00, 0x0C,
    0x52, 0x97, 0x00, 0x2B, 0x52, 0x97, 0x00, 0x0C, 0x52, 0x97, 0x00, 0x0D, 0x52, 0x97, 0x00, 0x2B,
    0x52, 0x97, 0x08, 0x2A, 0x52, 0x97, 0x00, 0x0E, 0x52, 0x97, 0x00, 0x0F, 0x52, 0x97, 0x00, 0x0C,
    0x52, 0x97, 0x08, 0x2A, 0x52, 0x97, 0x00, 0x0C, 0x52, 0x97, 0x00, 0x0D, 0x52, 0x97, 0x00, 0x2B,
    0x52, 0x97, 0x00, 0x0D, 0x52, 0x97, 0x00, 0x0D, 0x52, 0x97, 0x00, 0x0C, 0x52, 0x97, 0x00, 0x0D,
    0x52, 0x97, 0x00, 0x0B, 0x52, 0x97, 0x08, 0x2A, 0x52, 0x97, 0x08, 0x2A, 0x52, 0x97, 0x00, 0x2B,
    0x52, 0x97, 0x00, 0x0C, 0x52, 0x97, 0x00, 0x0C, 0x52, 0x97, 0x00, 0x0D, 0x52, 0x97, 0x00, 0x0D,
    0x52, 0x97, 0x00, 0x0F, 0x52, 0x97, 0x00, 0x0D, 0x52, 0x97, 0x00, 0x0D, 0x52, 0x97, 0x08, 0x2A,
    0x52, 0x97, 0x08, 0x2A, 0x52, 0x97, 0x00, 0x2B, 0x52, 0x97, 0x08, 0x2A, 0x52, 0x97, 0x08, 0x2A,
    0x52, 0x97, 0x08, 0x2A, 0x52, 0x97, 0x00, 0x2B, 0x52, 0x97, 0x00, 0x0C, 0x52, 0x97, 0x00, 0x2B,
    0x52, 0x97, 0x00, 0x0C, 0x52, 0x97, 0x00, 0x0D, 0x52, 0x97, 0x00, 0x2B, 0x52, 0x97, 0x08, 0x2A,
    0x52, 0x97, 0x00, 0x0E, 0x52, 0x97, 0x00, 0x0F, 0x52, 0x97, 0x00, 0x0C, 0x52, 0x97, 0x08, 0x2A,
    0x52, 0x97, 0x00, 0x0C, 0x52, 0x97, 0x00, 0x0D, 0x52, 0x97, 0x00, 0x2B, 0x52, 0x97, 0x00, 0x0D,
    0x52, 0x97, 0x00, 0x0D, 0x52, 0x97, 0x00, 0x0C, 0x52, 0x97, 0x00, 0x0D, 0x52, 0x97, 0x00, 0x0B,
    0x52, 0x97, 0x08, 0x2A, 0x52, 0x97, 0x08, 0x2A, 0x52, 0x97, 0x00, 0x2B, 0x52, 0x97, 0x00, 0x0C,
    0x52, 0x97, 0x00, 0x0C, 0x52, 0x97, 0x00, 0x0D, 0x52, 0x97, 0x00, 0x0D, 0x52, 0x97, 0x00, 0x0F,
    0x52, 0x97, 0x00, 0x0D, 0x52, 0x97, 0x00, 0x0D, 0x52, 0x97, 0x08, 0x2A, 0x52, 0x97, 0x08, 0x2A,
    0x52, 0x97, 0x00, 0x2B, 0x52, 0x97, 0x08, 0x2A, 0x52, 0x97, 0x08, 0x2A, 0x52, 0x97, 0x08, 0x2A,
    0x52, 0x97, 0x00, 0x2B, 0x52, 0x97, 0x00, 0x0C, 0x52, 0x97, 0x00, 0x2B, 0x52, 0x97, 0x00, 0x0C,
    0x52, 0x97, 0x00, 0x0D, 0x52, 0x97, 0x00, 0x2B, 0x52, 0x97, 0x08, 0x2A, 0x52, 0x97, 0x00, 0x0E,
    0x52, 0x97, 0x00, 0x0F, 0x52, 0x97, 0x00, 0x0C, 0x52, 0x97, 0x08, 0x2A, 0x52, 0x97, 0x00, 0x0C,
    0x52, 0x97, 0x00, 0x0D, 0x52, 0x97, 0x00, 0x2B, 0x52, 0x97, 0x00, 0x0D, 0x52, 0x97, 0x00, 0x0D,
    0x52, 0x97, 0x00, 0x0C, 0x52, 0x97, 0x00, 0x0D, 0x52, 0x97, 0x00, 0x0B, 0x52, 0x97, 0x08, 0x2A,
    0x52, 0x97, 0x08, 0x2A, 0x52, 0x97, 0x00, 0x2B, 0x42, 0x33, 0x00, 0x0C, 0x00, 0x00, 0x00, 0x0C,
    0x00, 0x0D, 0x7B, 0xDF, 0x00, 0x0E, 0x5A, 0xFA, 0x00, 0x2B, 0x52, 0x97, 0x00, 0x2B, 0x52, 0x97,
    0x00, 0x0C, 0x52, 0x97, 0x00, 0x0E, 0x52, 0x97, 0x00, 0x0C, 0x52, 0x97, 0x08, 0x2A, 0x52, 0x97,
    0x00, 0x0D, 0x52, 0x97, 0x00, 0x0D, 0x52, 0x97, 0x00, 0x2B, 0x52, 0x97, 0x00, 0x0E, 0x52, 0x97,
    0x00, 0x0C, 0x52, 0x97, 0x00, 0x2B, 0x52, 0x97, 0x00, 0x2B, 0x52, 0x97, 0x08, 0x2A, 0x52, 0x97,
    0x08, 0x2A, 0x52, 0x97, 0x08, 0x2A, 0x52, 0x97, 0x00, 0x2B, 0x52, 0x97, 0x00, 0x0C, 0x52, 0x97,
    0x00, 0x0C, 0x52, 0x97, 0x00, 0x0C, 0x52, 0x97, 0x00, 0x0D, 0x52, 0x97, 0x00, 0x0E, 0x52, 0x97,
    0x00, 0x0D, 0x52, 0x97, 0x00, 0x0D, 0x52, 0x97, 0x08, 0x2A, 0x52, 0x97, 0x00, 0x2B, 0x52, 0x97,
    0x00, 0x2B, 0x52, 0x97, 0x08, 0x2A, 0x52, 0x97, 0x00, 0x2B, 0x52, 0x97, 0x00, 0x2B, 0x52, 0x97,
    0x00, 0x0D, 0x52, 0x97, 0x00, 0x0D, 0x52, 0x97, 0x00, 0x0C, 0x52, 0x97, 0x00, 0x0D, 0x52, 0x97,
    0x00, 0x0E, 0x52, 0x97, 0x00, 0x2B, 0x52, 0x97, 0x00, 0x2B, 0x52, 0x97, 0x00, 0x0C, 0x52, 0x97,
    0x00, 0x0E, 0x52, 0x97, 0x00, 0x0C, 0x52, 0x97, 0x08, 0x2A, 0x52, 0x97, 0x00, 0x0D, 0x52, 0x97,
    0x00, 0x0D, 0x52, 0x97, 0x00, 0x2B, 0x52, 0x97, 0x00, 0x0E, 0x52, 0x97, 0x00, 0x0C, 0x52, 0x97,
    0x00, 0x2B, 0x52, 0x97, 0x00, 0x2B, 0x52, 0x97, 0x08, 0x2A, 0x52, 0x97, 0x08, 0x2A, 0x52, 0x97,
    0x08, 0x2A, 0x52, 0x97, 0x00, 0x2B, 0x52, 0x97, 0x00, 0x0C, 0x52, 0x97, 0x00, 0x0C, 0x52, 0x97,
    0x00, 0x0C, 0x52, 0x97, 0x00, 0x0D, 0x52, 0x97, 0x00, 0x0E, 0x52, 0x97, 0x00, 0x0D, 0x52, 0x97,
    0x00, 0x0D, 0x52, 0x97, 0x08, 0x2A, 0x52, 0x97, 0x00, 0x2B, 0x52, 0x97, 0x00, 0x2B, 0x52, 0x97,
    0x08, 0x2A, 0x52, 0x97, 0x00, 0x2B, 0x52, 0x97, 0x00, 0x2B, 0x52, 0x97, 0x00, 0x0D, 0x52, 0x97,
    0x00, 0x0D, 0x52, 0x97, 0x00, 0x0C, 0x52, 0x97, 0x00, 0x0D, 0x52, 0x97, 0x00, 0x0E, 0x52, 0x97,
    0x00, 0x2B, 0x52, 0x97, 0x00, 0x2B, 0x52, 0x97, 0x00, 0x0C, 0x52, 0x97, 0x00, 0x0E, 0x52, 0x97,
    0x00, 0x0C, 0x52, 0x97, 0x08, 0x2A, 0x52, 0x97, 0x00, 0x0D, 0x52, 0x97, 0x00, 0x0D, 0x52, 0x97,
    0x00, 0x2B, 0x52, 0x97, 0x00, 0x0E, 0x52, 0x97, 0x00, 0x0C, 0x52, 0x97, 0x00, 0x2B, 0x52, 0x97,
    0x00, 0x2B, 0x52, 0x97, 0x08, 0x2A, 0x52, 0x97, 0x08, 0x2A, 0x52, 0x97, 0x08, 0x2A, 0x52, 0x97,
    0x00, 0x2B, 0x52, 0x97, 0x00, 0x0C, 0x52, 0x97, 0x00, 0x0C, 0x52, 0x97, 0x00, 0x0C, 0x52, 0x97,
    0x00, 0x0D, 0x52, 0x97, 0x00, 0x0E, 0x52, 0x97, 0x00, 0x0D, 0x52, 0x97, 0x00, 0x0D, 0x52, 0x97,
    0x08, 0x2A, 0x52, 0x97, 0x00, 0x2B, 0x52, 0x97, 0x00, 0x2B, 0x52, 0x97, 0x08, 0x2A, 0x52, 0x97,
    0x00, 0x2B, 0x52, 0x97, 0x00, 0x2B, 0x52, 0x97, 0x00, 0x0D, 0x52, 0x97, 0x00, 0x0D, 0x52, 0x97,
    0x00, 0x0C, 0x52, 0x97, 0x00, 0x0D, 0x52, 0x97, 0x00, 0x0E, 0x52, 0x97, 0x00, 0x2B, 0x52, 0x97,
    0x00, 0x2B, 0x52, 0x97, 0x00, 0x0C, 0x52, 0x97, 0x00, 0x0E, 0x52, 0x97, 0x00, 0x0C, 0x52, 0x97,
    0x08, 0x2A, 0x52, 0x97, 0x00, 0x0D, 0x52, 0x97, 0x00, 0x0D, 0x52, 0x97, 0x00, 0x2B, 0x52, 0x97,
    0x00, 0x0E, 0x52, 0x97, 0x00, 0x0C, 0x52, 0x97, 0x00, 0x2B, 0x52, 0x97, 0x00, 0x2B, 0x52, 0x97,
    0x08, 0x2A, 0x52, 0x97, 0x08, 0x2A, 0x52, 0x97, 0x08, 0x2A, 0x52, 0x97, 0x00, 0x2B, 0x52, 0x97,
    0x00, 0x0C, 0x52, 0x97, 0x00, 0x0C, 0x52, 0x97, 0x00, 0x0C, 0x52, 0x97, 0x00, 0x0D, 0x52, 0x97,
    0x00, 0x0E, 0x52, 0x97, 0x00, 0x0D, 0x52, 0x97, 0x00, 0x0D, 0x52, 0x97, 0x08, 0x2A, 0x52, 0x97,
    0x00, 0x2B, 0x52, 0x97, 0x00, 0x2B, 0x52, 0x97, 0x08, 0x2A, 0x52, 0x97, 0x00, 0x2B, 0x52, 0x97,
    0x00, 0x2B, 0x52, 0x97, 0x00, 0x0D, 0x52, 0x97, 0x00, 0x0D, 0x52, 0x97, 0x00, 0x0C, 0x52, 0x97,
    0x00, 0x0D, 0x52, 0x97, 0x00, 0x0E, 0x52, 0x97, 0x00, 0x2B, 0x52, 0x97, 0x00, 0x2B, 0x52, 0x97,
    0x00, 0x0C, 0x52, 0x97, 0x00, 0x0E, 0x52, 0x97, 0x00, 0x0C, 0x52, 0x97, 0x08, 0x2A, 0x52, 0x97,
    0x00, 0x0D, 0x52, 0x97, 0x00, 0x0D, 0x52, 0x97, 0x00, 0x2B, 0x52, 0x97, 0x00, 0x0E, 0x52, 0x97,
    0x00, 0x0C, 0x52, 0x97, 0x00, 0x2B, 0x52, 0x97, 0x00, 0x2B, 0x52, 0x97, 0x08, 0x2A, 0x52, 0x97,
    0x08, 0x2A, 0x52, 0x97, 0x08, 0x2A, 0x7B, 0xBF, 0x00, 0x2B, 0x00, 0x00, 0x00, 0x0C, 0x00, 0x00,
    0xB5, 0x9F, 0x00, 0x0D, 0x73, 0xBF, 0x00, 0x0E, 0x00, 0x00, 0x00, 0x2B, 0x52, 0x97, 0x08, 0x2A,
    0x52, 0x97, 0x00, 0x2B, 0x52, 0x97, 0x00, 0x0E, 0x52, 0x97, 0x00, 0x0C, 0x52, 0x97, 0x08, 0x2A,
    0x52, 0x97, 0x00, 0x0D, 0x52, 0x97, 0x00, 0x0C, 0x52, 0x97, 0x00, 0x0D, 0x52, 0x97, 0x00, 0x0E,
    0x52, 0x97, 0x00, 0x0B, 0x52, 0x97, 0x08, 0x2A, 0x52, 0x97, 0x08, 0x2A, 0x52, 0x97, 0x00, 0x2B,
    0x52, 0x97, 0x08, 0x2A, 0x52, 0x97, 0x00, 0x2B, 0x52, 0x97, 0x00, 0x2B, 0x52, 0x97, 0x00, 0x2B,
    0x52, 0x97, 0x00, 0x0B, 0x52, 0x97, 0x00, 0x2B, 0x52, 0x97, 0x00, 0x2B, 0x52, 0x97, 0x00, 0x0B,
    0x52, 0x97, 0x00, 0x0D, 0x52, 0x97, 0x00, 0x0C, 0x52, 0x97, 0x08, 0x2A, 0x52, 0x97, 0x00, 0x0C,
    0x52, 0x97, 0x00, 0x2B, 0x52, 0x97, 0x08, 0x2A, 0x52, 0x97, 0x00, 0x2B, 0x52, 0x97, 0x00, 0x0D,
    0x52, 0x97, 0x00, 0x0F, 0x52, 0x97, 0x00, 0x0D, 0x52, 0x97, 0x00, 0x0D, 0x52, 0x97, 0x00, 0x0D,
    0x52, 0x97, 0x00, 0x0E, 0x52, 0x97, 0x00, 0x2B, 0x52, 0x97, 0x08, 0x2A, 0x52, 0x97, 0x00, 0x2B,
    0x52, 0x97, 0x00, 0x0E, 0x52, 0x97, 0x00, 0x0C, 0x52, 0x97, 0x08, 0x2A, 0x52, 0x97, 0x00, 0x0D,
    0x52, 0x97, 0x00, 0x0C, 0x52, 0x97, 0x00, 0x0D, 0x52, 0x97, 0x00, 0x0E, 0x52, 0x97, 0x00, 0x0B,
    0x52, 0x97, 0x08, 0x2A, 0x52, 0x97, 0x08, 0x2A, 0x52, 0x97, 0x00, 0x2B, 0x52, 0x97, 0x08, 0x2A,
    0x52, 0x97, 0x00, 0x2B, 0x52, 0x97, 0x00, 0x2B, 0x52, 0x97, 0x00, 0x2B, 0x52, 0x97, 0x00, 0x0B,
    0x52, 0x97, 0x00, 0x2B, 0x52, 0x97, 0x00, 0x2B, 0x52, 0x97, 0x00, 0x0B, 0x52, 0x97, 0x00, 0x0D,
    0x52, 0x97, 0x00, 0x0C, 0x52, 0x97, 0x08, 0x2A, 0x52, 0x97, 0x00, 0x0C, 0x52, 0x97, 0x00, 0x2B,
    0x52, 0x97, 0x08, 0x2A, 0x52, 0x97, 0x00, 0x2B, 0x52, 0x97, 0x00, 0x0D, 0x52, 0x97, 0x00, 0x0F,
    0x52, 0x97, 0x00, 0x0D, 0x52, 0x97, 0x00, 0x0D, 0x52, 0x97, 0x00, 0x0D, 0x52, 0x97, 0x00, 0x0E,
    0x52, 0x97, 0x00, 0x2B, 0x52, 0x97, 0x08, 0x2A, 0x52, 0x97, 0x00, 0x2B, 0x52, 0x97, 0x00, 0x0E,
    0x52, 0x97, 0x00, 0x0C, 0x52, 0x97, 0x08, 0x2A, 0x52, 0x97, 0x00, 0x0D, 0x52, 0x97, 0x00, 0x0C,
    0x52, 0x97, 0x00, 0x0D, 0x52, 0x97, 0x00, 0x0E, 0x52, 0x97, 0x00, 0x0B, 0x52, 0x97, 0x08, 0x2A,
    0x52, 0x97, 0x08, 0x2A, 0x52, 0x97, 0x00, 0x2B, 0x52, 0x97, 0x08, 0x2A, 0x52, 0x97, 0x00, 0x2B,
    0x52, 0x97, 0x00, 0x2B, 0x52, 0x97, 0x00, 0x2B, 0x52, 0x97, 0x00, 0x0B, 0x52, 0x97, 0x00, 0x2B,
    0x52, 0x97, 0x00, 0x2B, 0x52, 0x97, 0x00, 0x0B, 0x52, 0x97, 0x00, 0x0D, 0x52, 0x97, 0x00, 0x0C,
    0x52, 0x97, 0x08, 0x2A, 0x52, 0x97, 0x00, 0x0C, 0x52, 0x97, 0x00, 0x2B, 0x52, 0x97, 0x08, 0x2A,
    0x52, 0x97, 0x00, 0x2B, 0x52, 0x97, 0x00, 0x0D, 0x52, 0x97, 0x00, 0x0F, 0x52, 0x97, 0x00, 0x0D,
    0x52, 0x97, 0x00, 0x0D, 0x52, 0x97, 0x00, 0x0D, 0x52, 0x97, 0x00, 0x0E, 0x52, 0x97, 0x00, 0x2B,
    0x52, 0x97, 0x08, 0x2A, 0x52, 0x97, 0x00, 0x2B, 0x52, 0x97, 0x00, 0x0E, 0x52, 0x97, 0x00, 0x0C,
    0x52, 0x97, 0x08, 0x2A, 0x52, 0x97, 0x00, 0x0D, 0x52, 0x97, 0x00, 0x0C, 0x52, 0x97, 0x00, 0x0D,
    0x52, 0x97, 0x00, 0x0E, 0x52, 0x97, 0x00, 0x0B, 0x52, 0x97, 0x08, 0x2A, 0x52, 0x97, 0x08, 0x2A,
    0x52, 0x97, 0x00, 0x2B, 0x52, 0x97, 0x08, 0x2A, 0x52, 0x97, 0x00, 0x2B, 0x52, 0x97, 0x00, 0x2B,
    0x52, 0x97, 0x00, 0x2B, 0x52, 0x97, 0x00, 0x0B, 0x52, 0x97, 0x00, 0x2B, 0x52, 0x97, 0x00, 0x2B,
    0x52, 0x97, 0x00, 0x0B, 0x52, 0x97, 0x00, 0x0D, 0x52, 0x97, 0x00, 0x0C, 0x52, 0x97, 0x08, 0x2A,
    0x52, 0x97, 0x00, 0x0C, 0x52, 0x97, 0x00, 0x2B, 0x52, 0x97, 0x08, 0x2A, 0x52, 0x97, 0x00, 0x2B,
    0x52, 0x97, 0x00, 0x0D, 0x52, 0x97, 0x00, 0x0F, 0x52, 0x97, 0x00, 0x0D, 0x52, 0x97, 0x00, 0x0D,
    0x52, 0x97, 0x00, 0x0D, 0x52, 0x97, 0x00, 0x0E, 0x52, 0x97, 0x00, 0x2B, 0x52, 0x97, 0x08, 0x2A,
    0x52, 0x97, 0x00, 0x2B, 0x52, 0x97, 0x00, 0x0E, 0x52, 0x97, 0x00, 0x0C, 0x52, 0x97, 0x08, 0x2A,
    0x52, 0x97, 0x00, 0x0D, 0x52, 0x97, 0x00, 0x0C, 0x52, 0x97, 0x00, 0x0D, 0x52, 0x97, 0x00, 0x0E,
    0x52, 0x97, 0x00, 0x0B, 0x52, 0x97, 0x08, 0x2A, 0x52, 0x97, 0x08, 0x2A, 0x52, 0x97, 0x00, 0x2B,
    0x52, 0x97, 0x08, 0x2A, 0x52, 0x97, 0x00, 0x2B, 0x42, 0x34, 0x00, 0x2B, 0x00, 0x00, 0x00, 0x2B,
    0x00, 0x0C, 0x83, 0xFF, 0x00, 0x0D, 0x62, 0xFB, 0x00, 0x0E, 0x52, 0xB8, 0x00, 0x2B, 0x52, 0xB8,
    0x08, 0x2A, 0x52, 0xB8, 0x00, 0x2B, 0x52, 0xB8, 0x00, 0x0E, 0x52, 0xB8, 0x00, 0x2B, 0x52, 0xB8,
    0x08, 0x2A, 0x52, 0xB8, 0x00, 0x0C, 0x52, 0xB8, 0x08, 0x2A, 0x52, 0xB8, 0x00, 0x0D, 0x52, 0xB8,
    0x00, 0x0D, 0x52, 0xB8, 0x00, 0x0C, 0x52, 0xB8, 0x08, 0x2A, 0x52, 0xB8, 0x00, 0x2B, 0x52, 0xB8,
    0x00, 0x0C, 0x52, 0xB8, 0x00, 0x0D, 0x52, 0xB8, 0x00, 0x0C, 0x52, 0xB8, 0x08, 0x2A, 0x52, 0xB8,
    0x00, 0x2B, 0x52, 0xB8, 0x00, 0x2B, 0x52, 0xB8, 0x08, 0x2A, 0x52, 0xB8, 0x08, 0x2A, 0x52, 0xB8,
    0x00, 0x2B, 0x52, 0xB8, 0x00, 0x0C, 0x52, 0xB8, 0x00, 0x0C, 0x52, 0xB8, 0x00, 0x0C, 0x52, 0xB8,
    0x00, 0x0E, 0x52, 0xB8, 0x00, 0x2B, 0x52, 0xB8, 0x08, 0x2A, 0x52, 0xB8, 0x00, 0x0B, 0x52, 0xB8,
    0x00, 0x0E, 0x52, 0xB8, 0x00, 0x0E, 0x52, 0xB8, 0x00, 0x0D, 0x52, 0xB8, 0x00, 0x0C, 0x52, 0xB8,
    0x00, 0x0D, 0x52, 0xB8, 0x00, 0x0E, 0x52, 0xB8, 0x00, 0x2B, 0x52, 0xB8, 0x08, 0x2A, 0x52, 0xB8,
    0x00, 0x2B, 0x52, 0xB8, 0x00, 0x0E, 0x52, 0xB8, 0x00, 0x2B, 0x52, 0xB8, 0x08, 0x2A, 0x52, 0xB8,
    0x00, 0x0C, 0x52, 0xB8, 0x08, 0x2A, 0x52, 0xB8, 0x00, 0x0D, 0x52, 0xB8, 0x00, 0x0D, 0x52, 0xB8,
    0x00, 0x0C, 0x52, 0xB8, 0x08, 0x2A, 0x52, 0xB8, 0x00, 0x2B, 0x52, 0xB8, 0x00, 0x0C, 0x52, 0xB8,
    0x00, 0x0D, 0x52, 0xB8, 0x00, 0x0C, 0x52, 0xB8, 0x08, 0x2A, 0x52, 0xB8, 0x00, 0x2B, 0x52, 0xB8,
    0x00, 0x2B, 0x52, 0xB8, 0x08, 0x2A, 0x52, 0xB8, 0x08, 0x2A, 0x52, 0xB8, 0x00, 0x2B, 0x52, 0xB8,
    0x00, 0x0C, 0x52, 0xB8, 0x00, 0x0C, 0x52, 0xB8, 0x00, 0x0C, 0x52, 0xB8, 0x00, 0x0E, 0x52, 0xB8,
    0x00, 0x2B, 0x52, 0xB8, 0x08, 0x2A, 0x52, 0xB8, 0x00, 0x0B, 0x52, 0xB8, 0x00, 0x0E, 0x52, 0xB8,
    0x00, 0x0E, 0x52, 0xB8, 0x00, 0x0D, 0x52, 0xB8, 0x00, 0x0C, 0x52, 0xB8, 0x00, 0x0D, 0x52, 0xB8,
    0x00, 0x0E, 0x52, 0xB8, 0x00, 0x2B, 0x52, 0xB8, 0x08, 0x2A, 0x52, 0xB8, 0x00, 0x2B, 0x52, 0xB8,
    0x00, 0x0E, 0x52, 0xB8, 0x00, 0x2B, 0x52, 0xB8, 0x08, 0x2A, 0x52, 0xB8, 0x00, 0x0C, 0x52, 0xB8,
    0x08, 0x2A, 0x52, 0xB8, 0x00, 0x0D, 0x52, 0xB8, 0x00, 0x0D, 0x52, 0xB8, 0x00, 0x0C, 0x52, 0xB8,
    0x08, 0x2A, 0x52, 0xB8, 0x00, 0x2B, 0x52, 0xB8, 0x00, 0x0C, 0x52, 0xB8, 0x00, 0x0D, 0x52, 0xB8,
    0x00, 0x0C, 0x52, 0xB8, 0x08, 0x2A, 0x52, 0xB8, 0x00, 0x2B, 0x52, 0xB8, 0x00, 0x2B, 0x52, 0xB8,
    0x08, 0x2A, 0x52, 0xB8, 0x08, 0x2A, 0x52, 0xB8, 0x00, 0x2B, 0x52, 0xB8, 0x00, 0x0C, 0x52, 0xB8,
    0x00, 0x0C, 0x52, 0xB8, 0x00, 0x0C, 0x52, 0xB8, 0x00, 0x0E, 0x52, 0xB8, 0x00, 0x2B, 0x52, 0xB8,
    0x08, 0x2A, 0x52, 0xB8, 0x00, 0x0B, 0x52, 0xB8, 0x00, 0x0E, 0x52, 0xB8, 0x00, 0x0E, 0x52, 0xB8,
    0x00, 0x0D, 0x52, 0xB8, 0x00, 0x0C, 0x52, 0xB8, 0x00, 0x0D, 0x52, 0xB8, 0x00, 0x0E, 0x52, 0xB8,
    0x00, 0x2B, 0x52, 0xB8, 0x08, 0x2A, 0x52, 0xB8, 0x00, 0x2B, 0x52, 0xB8, 0x00, 0x0E, 0x52, 0xB8,
    0x00, 0x2B, 0x52, 0xB8, 0x08, 0x2A, 0x52, 0xB8, 0x00, 0x0C, 0x52, 0xB8, 0x08, 0x2A, 0x52, 0xB8,
    0x00, 0x0D, 0x52, 0xB8, 0x00, 0x0D, 0x52, 0xB8, 0x00, 0x0C, 0x52, 0xB8, 0x08, 0x2A, 0x52, 0xB8,
    0x00, 0x2B, 0x52, 0xB8, 0x00, 0x0C, 0x52, 0xB8, 0x00, 0x0D, 0x52, 0xB8, 0x00, 0x0C, 0x52, 0xB8,
    0x08, 0x2A, 0x52, 0xB8, 0x00, 0x2B, 0x52, 0xB8, 0x00, 0x2B, 0x52, 0xB8, 0x08, 0x2A, 0x52, 0xB8,
    0x08, 0x2A, 0x52, 0xB8, 0x00, 0x2B, 0x52, 0xB8, 0x00, 0x0C, 0x52, 0xB8, 0x00, 0x0C, 0x52, 0xB8,
    0x00, 0x0C, 0x52, 0xB8, 0x00, 0x0E, 0x52, 0xB8, 0x00, 0x2B, 0x52, 0xB8, 0x08, 0x2A, 0x52, 0xB8,
    0x00, 0x0B, 0x52, 0xB8, 0x00, 0x0E, 0x52, 0xB8, 0x00, 0x0E, 0x52, 0xB8, 0x00, 0x0D, 0x52, 0xB8,
    0x00, 0x0C, 0x52, 0xB8, 0x00, 0x0D, 0x52, 0xB8, 0x00, 0x0E, 0x52, 0xB8, 0x00, 0x2B, 0x52, 0xB8,
    0x08, 0x2A, 0x52, 0xB8, 0x00, 0x2B, 0x52, 0xB8, 0x00, 0x0E, 0x52, 0xB8, 0x00, 0x2B, 0x52, 0xB8,
    0x08, 0x2A, 0x52, 0xB8, 0x00, 0x0C, 0x52, 0xB8, 0x08, 0x2A, 0x52, 0xB8, 0x00, 0x0D, 0x52, 0xB8,
    0x00, 0x0D, 0x52, 0xB8, 0x00, 0x0C, 0x52, 0xB8, 0x08, 0x2A, 0x52, 0xB8, 0x00, 0x2B, 0x52, 0xB8,
    0x00, 0x0C, 0x52, 0xB8, 0x00, 0x0D, 0x7B, 0xDF, 0x00, 0x0C, 0x00, 0x00, 0x08, 0x2A, 0x00, 0x00,
    0xBD, 0xBF, 0x00, 0x2B, 0x7B, 0xBF, 0x00, 0x0D, 0x00, 0x00, 0x00, 0x0D, 0x52, 0xB8, 0x00, 0x0C,
    0x52, 0xB8, 0x08, 0x2A, 0x52, 0xB8, 0x00, 0x2B, 0x52, 0xB8, 0x00, 0x0C, 0x52, 0xB8, 0x08, 0x2A,
    0x52, 0xB8, 0x08, 0x2A, 0x52, 0xB8, 0x08, 0x2A, 0x52, 0xB8, 0x00, 0x2B, 0x52, 0xB8, 0x00, 0x0D,
    0x52, 0xB8, 0x00, 0x0E, 0x52, 0xB8, 0x00, 0x0C, 0x52, 0xB8, 0x08, 0x2A, 0x52, 0xB8, 0x00, 0x2B,
    0x52, 0xB8, 0x00, 0x0D, 0x52, 0xB8, 0x00, 0x0F, 0x52, 0xB8, 0x00, 0x2B, 0x52, 0xB8, 0x00, 0x2B,
    0x52, 0xB8, 0x00, 0x0C, 0x52, 0xB8, 0x00, 0x2B, 0x52, 0xB8, 0x08, 0x2A, 0x52, 0xB8, 0x00, 0x2B,
    0x52, 0xB8, 0x00, 0x2B, 0x52, 0xB8, 0x00, 0x0C, 0x52, 0xB8, 0x00, 0x0C, 0x52, 0xB8, 0x00, 0x0F,
    0x52, 0xB8, 0x00, 0x0E, 0x52, 0xB8, 0x00, 0x2B, 0x52, 0xB8, 0x08, 0x2A, 0x52, 0xB8, 0x00, 0x2B,
    0x52, 0xB8, 0x00, 0x0C, 0x52, 0xB8, 0x00, 0x0B, 0x52, 0xB8, 0x00, 0x0C, 0x52, 0xB8, 0x00, 0x2B,
    0x52, 0xB8, 0x00, 0x0D, 0x52, 0xB8, 0x00, 0x0D, 0x52, 0xB8, 0x00, 0x0C, 0x52, 0xB8, 0x08, 0x2A,
    0x52, 0xB8, 0x00, 0x2B, 0x52, 0xB8, 0x00, 0x0C, 0x52, 0xB8, 0x08, 0x2A, 0x52, 0xB8, 0x08, 0x2A,
    0x52, 0xB8, 0x08, 0x2A, 0x52, 0xB8, 0x00, 0x2B, 0x52, 0xB8, 0x00, 0x0D, 0x52, 0xB8, 0x00, 0x0E,
    0x52, 0xB8, 0x00, 0x0C, 0x52, 0xB8, 0x08, 0x2A, 0x52, 0xB8, 0x00, 0x2B, 0x52, 0xB8, 0x00, 0x0D,
    0x52, 0xB8, 0x00, 0x0F, 0x52, 0xB8, 0x00, 0x2B, 0x52, 0xB8, 0x00, 0x2B, 0x52, 0xB8, 0x00, 0x0C,
    0x52, 0xB8, 0x00, 0x2B, 0x52, 0xB8, 0x08, 0x2A, 0x52, 0xB8, 0x00, 0x2B, 0x52, 0xB8, 0x00, 0x2B,
    0x52, 0xB8, 0x00, 0x0C, 0x52, 0xB8, 0x00, 0x0C, 0x52, 0xB8, 0x00, 0x0F, 0x52, 0xB8, 0x00, 0x0E,
    0x52, 0xB8, 0x00, 0x2B, 0x52, 0xB8, 0x08, 0x2A, 0x52, 0xB8, 0x00, 0x2B, 0x52, 0xB8, 0x00, 0x0C,
    0x52, 0xB8, 0x00, 0x0B, 0x52, 0xB8, 0x00, 0x0C, 0x52, 0xB8, 0x00, 0x2B, 0x52, 0xB8, 0x00, 0x0D,
    0x52, 0xB8, 0x00, 0x0D, 0x52, 0xB8, 0x00, 0x0C, 0x52, 0xB8, 0x08, 0x2A, 0x52, 0xB8, 0x00, 0x2B,
    0x52, 0xB8, 0x00, 0x0C, 0x52, 0xB8, 0x08, 0x2A, 0x52, 0xB8, 0x08, 0x2A, 0x52, 0xB8, 0x08, 0x2A,
    0x52, 0xB8, 0x00, 0x2B, 0x52, 0xB8, 0x00, 0x0D, 0x52, 0xB8, 0x00, 0x0E, 0x52, 0xB8, 0x00, 0x0C,
    0x52, 0xB8, 0x08, 0x2A, 0x52, 0xB8, 0x00, 0x2B, 0x52, 0xB8, 0x00, 0x0D, 0x52, 0xB8, 0x00, 0x0F,
    0x52, 0xB8, 0x00, 0x2B, 0x52, 0xB8, 0x00, 0x2B, 0x52, 0xB8, 0x00, 0x0C, 0x52, 0xB8, 0x00, 0x2B,
    0x52, 0xB8, 0x08, 0x2A, 0x52, 0xB8, 0x00, 0x2B, 0x52, 0xB8, 0x00, 0x2B, 0x52, 0xB8, 0x00, 0x0C,
    0x52, 0xB8, 0x00, 0x0C, 0x52, 0xB8, 0x00, 0x0F, 0x52, 0xB8, 0x00, 0x0E, 0x52, 0xB8, 0x00, 0x2B,
    0x52, 0xB8, 0x08, 0x2A, 0x52, 0xB8, 0x00, 0x2B, 0x52, 0xB8, 0x00, 0x0C, 0x52, 0xB8, 0x00, 0x0B,
    0x52, 0xB8, 0x00, 0x0C, 0x52, 0xB8, 0x00, 0x2B, 0x52, 0xB8, 0x00, 0x0D, 0x52, 0xB8, 0x00, 0x0D,
    0x52, 0xB8, 0x00, 0x0C, 0x52, 0xB8, 0x08, 0x2A, 0x52, 0xB8, 0x00, 0x2B, 0x52, 0xB8, 0x00, 0x0C,
    0x52, 0xB8, 0x08, 0x2A, 0x52, 0xB8, 0x08, 0x2A, 0x52, 0xB8, 0x08, 0x2A, 0x52, 0xB8, 0x00, 0x2B,
    0x52, 0xB8, 0x00, 0x0D, 0x52, 0xB8, 0x00, 0x0E, 0x52, 0xB8, 0x00, 0x0C, 0x52, 0xB8, 0x08, 0x2A,
    0x52, 0xB8, 0x00, 0x2B, 0x52, 0xB8, 0x00, 0x0D, 0x52, 0xB8, 0x00, 0x0F, 0x52, 0xB8, 0x00, 0x2B,
    0x52, 0xB8, 0x00, 0x2B, 0x52, 0xB8, 0x00, 0x0C, 0x52, 0xB8, 0x00, 0x2B, 0x52, 0xB8, 0x08, 0x2A,
    0x52, 0xB8, 0x00, 0x2B, 0x52, 0xB8, 0x00, 0x2B, 0x52, 0xB8, 0x00, 0x0C, 0x52, 0xB8, 0x00, 0x0C,
    0x52, 0xB8, 0x00, 0x0F, 0x52, 0xB8, 0x00, 0x0E, 0x52, 0xB8, 0x00, 0x2B, 0x52, 0xB8, 0x08, 0x2A,
    0x52, 0xB8, 0x00, 0x2B, 0x52, 0xB8, 0x00, 0x0C, 0x52, 0xB8, 0x00, 0x0B, 0x52, 0xB8, 0x00, 0x0C,
    0x52, 0xB8, 0x00, 0x2B, 0x52, 0xB8, 0x00, 0x0D, 0x52, 0xB8, 0x00, 0x0D, 0x52, 0xB8, 0x00, 0x0C,
    0x52, 0xB8, 0x08, 0x2A, 0x52, 0xB8, 0x00, 0x2B, 0x52, 0xB8, 0x00, 0x0C, 0x52, 0xB8, 0x08, 0x2A,
    0x52, 0xB8, 0x08, 0x2A, 0x52, 0xB8, 0x08, 0x2A, 0x52, 0xB8, 0x00, 0x2B, 0x52, 0xB8, 0x00, 0x0D,
    0x52, 0xB8, 0x00, 0x0E, 0x52, 0xB8, 0x00, 0x0C, 0x52, 0xB8, 0x08, 0x2A, 0x52, 0xB8, 0x00, 0x2B,
    0x52, 0xB8, 0x00, 0x0D, 0x52, 0xB8, 0x00, 0x0F, 0x4A, 0x34, 0x00, 0x2B, 0x00, 0x00, 0x00, 0x2B,
    0x00, 0x0B, 0x84, 0x1F, 0x00, 0x2B, 0x63, 0x1B, 0x00, 0x0C, 0x5A, 0xB8, 0x00, 0x0D, 0x5A, 0xB8,
    0x00, 0x0C, 0x5A, 0xB8, 0x08, 0x2A, 0x5A, 0xB8, 0x08, 0x2A, 0x5A, 0xB8, 0x00, 0x0B, 0x5A, 0xB8,
    0x08, 0x2A, 0x5A, 0xB8, 0x08, 0x2A, 0x5A, 0xB8, 0x00, 0x2B, 0x5A, 0xB8, 0x00, 0x0C, 0x5A, 0xB8,
    0x00, 0x0D, 0x5A, 0xB8, 0x00, 0x0D, 0x5A, 0xB8, 0x00, 0x0C, 0x5A, 0xB8, 0x08, 0x2A, 0x5A, 0xB8,
    0x08, 0x2A, 0x5A, 0xB8, 0x00, 0x0F, 0x5A, 0xB8, 0x00, 0x0E, 0x5A, 0xB8, 0x08, 0x2A, 0x5A, 0xB8,
    0x00, 0x2B, 0x5A, 0xB8, 0x00, 0x0C, 0x5A, 0xB8, 0x00, 0x2B, 0x5A, 0xB8, 0x08, 0x2A, 0x5A, 0xB8,
    0x00, 0x0C, 0x5A, 0xB8, 0x08, 0x2A, 0x5A, 0xB8, 0x00, 0x0B, 0x5A, 0xB8, 0x00, 0x0D, 0x5A, 0xB8,
    0x00, 0x0F, 0x5A, 0xB8, 0x00, 0x0C, 0x5A, 0xB8, 0x08, 0x2A, 0x5A, 0xB8, 0x08, 0x2A, 0x5A, 0xB8,
    0x00, 0x2B, 0x5A, 0xB8, 0x08, 0x2A, 0x5A, 0xB8, 0x00, 0x2B, 0x5A, 0xB8, 0x00, 0x0B, 0x5A, 0xB8,
    0x00, 0x2B, 0x5A, 0xB8, 0x00, 0x0C, 0x5A, 0xB8, 0x00, 0x0D, 0x5A, 0xB8, 0x00, 0x0C, 0x5A, 0xB8,
    0x08, 0x2A, 0x5A, 0xB8, 0x08, 0x2A, 0x5A, 0xB8, 0x00, 0x0B, 0x5A, 0xB8, 0x08, 0x2A, 0x5A, 0xB8,
    0x08, 0x2A, 0x5A, 0xB8, 0x00, 0x2B, 0x5A, 0xB8, 0x00, 0x0C, 0x5A, 0xB8, 0x00, 0x0D, 0x5A, 0xB8,
    0x00, 0x0D, 0x5A, 0xB8, 0x00, 0x0C, 0x5A, 0xB8, 0x08, 0x2A, 0x5A, 0xB8, 0x08, 0x2A, 0x5A, 0xB8,
    0x00, 0x0F, 0x5A, 0xB8, 0x00, 0x0E, 0x5A, 0xB8, 0x08, 0x2A, 0x5A, 0xB8, 0x00, 0x2B, 0x5A, 0xB8,
    0x00, 0x0C, 0x5A, 0xB8, 0x00, 0x2B, 0x5A, 0xB8, 0x08, 0x2A, 0x5A, 0xB8, 0x00, 0x0C, 0x5A, 0xB8,
    0x08, 0x2A, 0x5A, 0xB8, 0x00, 0x0B, 0x5A, 0xB8, 0x00, 0x0D, 0x5A, 0xB8, 0x00, 0x0F, 0x5A, 0xB8,
    0x00, 0x0C, 0x5A, 0xB8, 0x08, 0x2A, 0x5A, 0xB8, 0x08, 0x2A, 0x5A, 0xB8, 0x00, 0x2B, 0x5A, 0xB8,
    0x08, 0x2A, 0x5A, 0xB8, 0x00, 0x2B, 0x5A, 0xB8, 0x00, 0x0B, 0x5A, 0xB8, 0x00, 0x2B, 0x5A, 0xB8,
    0x00, 0x0C, 0x5A, 0xB8, 0x00, 0x0D, 0x5A, 0xB8, 0x00, 0x0C, 0x5A, 0xB8, 0x08, 0x2A, 0x5A, 0xB8,
    0x08, 0x2A, 0x5A, 0xB8, 0x00, 0x0B, 0x5A, 0xB8, 0x08, 0x2A, 0x5A, 0xB8, 0x08, 0x2A, 0x5A, 0xB8,
    0x00, 0x2B, 0x5A, 0xB8, 0x00, 0x0C, 0x5A, 0xB8, 0x00, 0x0D, 0x5A, 0xB8, 0x00, 0x0D, 0x5A, 0xB8,
    0x00, 0x0C, 0x5A, 0xB8, 0x08, 0x2A, 0x5A, 0xB8, 0x08, 0x2A, 0x5A, 0xB8, 0x00, 0x0F, 0x5A, 0xB8,
    0x00, 0x0E, 0x5A, 0xB8, 0x08, 0x2A, 0x5A, 0xB8, 0x00, 0x2B, 0x5A, 0xB8, 0x00, 0x0C, 0x5A, 0xB8,
    0x00, 0x2B, 0x5A, 0xB8, 0x08, 0x2A, 0x5A, 0xB8, 0x00, 0x0C, 0x5A, 0xB8, 0x08, 0x2A, 0x5A, 0xB8,
    0x00, 0x0B, 0x5A, 0xB8, 0x00, 0x0D, 0x5A, 0xB8, 0x00, 0x0F, 0x5A, 0xB8, 0x00, 0x0C, 0x5A, 0xB8,
    0x08, 0x2A, 0x5A, 0xB8, 0x08, 0x2A, 0x5A, 0xB8, 0x00, 0x2B, 0x5A, 0xB8, 0x08, 0x2A, 0x5A, 0xB8,
    0x00, 0x2B, 0x5A, 0xB8, 0x00, 0x0B, 0x5A, 0xB8, 0x00, 0x2B, 0x5A, 0xB8, 0x00, 0x0C, 0x5A, 0xB8,
    0x00, 0x0D, 0x5A, 0xB8, 0x00, 0x0C, 0x5A, 0xB8, 0x08, 0x2A, 0x5A, 0xB8, 0x08, 0x2A, 0x5A, 0xB8,
    0x00, 0x0B, 0x5A, 0xB8, 0x08, 0x2A, 0x5A, 0xB8, 0x08, 0x2A, 0x5A, 0xB8, 0x00, 0x2B, 0x5A, 0xB8,
    0x00, 0x0C, 0x5A, 0xB8, 0x00, 0x0D, 0x5A, 0xB8, 0x00, 0x0D, 0x5A, 0xB8, 0x00, 0x0C, 0x5A, 0xB8,
    0x08, 0x2A, 0x5A, 0xB8, 0x08, 0x2A, 0x5A, 0xB8, 0x00, 0x0F, 0x5A, 0xB8, 0x00, 0x0E, 0x5A, 0xB8,
    0x08, 0x2A, 0x5A, 0xB8, 0x00, 0x2B, 0x5A, 0xB8, 0x00, 0x0C, 0x5A, 0xB8, 0x00, 0x2B, 0x5A, 0xB8,
    0x08, 0x2A, 0x5A, 0xB8, 0x00, 0x0C, 0x5A, 0xB8, 0x08, 0x2A, 0x5A, 0xB8, 0x00, 0x0B, 0x5A, 0xB8,
    0x00, 0x0D, 0x5A, 0xB8, 0x00, 0x0F, 0x5A, 0xB8, 0x00, 0x0C, 0x5A, 0xB8, 0x08, 0x2A, 0x5A, 0xB8,
    0x08, 0x2A, 0x5A, 0xB8, 0x00, 0x2B, 0x5A, 0xB8, 0x08, 0x2A, 0x5A, 0xB8, 0x00, 0x2B, 0x5A, 0xB8,
    0x00, 0x0B, 0x5A, 0xB8, 0x00, 0x2B, 0x5A, 0xB8, 0x00, 0x0C, 0x5A, 0xB8, 0x00, 0x0D, 0x5A, 0xB8,
    0x00, 0x0C, 0x5A, 0xB8, 0x08, 0x2A, 0x5A, 0xB8, 0x08, 0x2A, 0x5A, 0xB8, 0x00, 0x0B, 0x5A, 0xB8,
    0x08, 0x2A, 0x5A, 0xB8, 0x08, 0x2A, 0x5A, 0xB8, 0x00, 0x2B, 0x5A, 0xB8, 0x00, 0x0C, 0x5A, 0xB8,
    0x00, 0x0D, 0x5A, 0xB8, 0x00, 0x0D, 0x5A, 0xB8, 0x00, 0x0C, 0x5A, 0xB8, 0x08, 0x2A, 0x5A, 0xB8,
    0x08, 0x2A, 0x5A, 0xB8, 0x00, 0x0F, 0x7B, 0xDF, 0x00, 0x0E, 0x00, 0x00, 0x08, 0x2A, 0x00, 0x00,
    0xBD, 0xDF, 0x00, 0x0C, 0x7B, 0xDF, 0x00, 0x2B, 0x00, 0x00, 0x00, 0x2B, 0x5A, 0xB8, 0x00, 0x0E,
    0x5A, 0xB8, 0x00, 0x2B, 0x5A, 0xB8, 0x08, 0x2A, 0x5A, 0xB8, 0x08, 0x2A, 0x5A, 0xB8, 0x00, 0x2B,
    0x5A, 0xB8, 0x08, 0x2A, 0x5A, 0xB8, 0x08, 0x2A, 0x5A, 0xB8, 0x00, 0x0C, 0x5A, 0xB8, 0x00, 0x2B,
    0x5A, 0xB8, 0x00, 0x0C, 0x5A, 0xB8, 0x00, 0x0D, 0x5A, 0xB8, 0x00, 0x0C, 0x5A, 0xB8, 0x08, 0x2A,
    0x5A, 0xB8, 0x00, 0x2B, 0x5A, 0xB8, 0x00, 0x0D, 0x5A, 0xB8, 0x00, 0x0C, 0x5A, 0xB8, 0x08, 0x2A,
    0x5A, 0xB8, 0x00, 0x2B, 0x5A, 0xB8, 0x00, 0x0C, 0x5A, 0xB8, 0x00, 0x2B, 0x5A, 0xB8, 0x00, 0x2B,
    0x5A, 0xB8, 0x00, 0x2B, 0x5A, 0xB8, 0x08, 0x2A, 0x5A, 0xB8, 0x00, 0x2B, 0x5A, 0xB8, 0x00, 0x0D,
    0x5A, 0xB8, 0x00, 0x2B, 0x5A, 0xB8, 0x08, 0x2A, 0x5A, 0xB8, 0x08, 0x2A, 0x5A, 0xB8, 0x08, 0x2A,
    0x5A, 0xB8, 0x00, 0x2B, 0x5A, 0xB8, 0x08, 0x2A, 0x5A, 0xB8, 0x00, 0x2A, 0x5A, 0xB8, 0x00, 0x0C,
    0x5A, 0xB8, 0x00, 0x2B, 0x5A, 0xB8, 0x00, 0x2B, 0x5A, 0xB8, 0x00, 0x0E, 0x5A, 0xB8, 0x00, 0x2B,
    0x5A, 0xB8, 0x08, 0x2A, 0x5A, 0xB8, 0x08, 0x2A, 0x5A, 0xB8, 0x00, 0x2B, 0x5A, 0xB8, 0x08, 0x2A,
    0x5A, 0xB8, 0x08, 0x2A, 0x5A, 0xB8, 0x00, 0x0C, 0x5A, 0xB8, 0x00, 0x2B, 0x5A, 0xB8, 0x00, 0x0C,
    0x5A, 0xB8, 0x00, 0x0D, 0x5A, 0xB8, 0x00, 0x0C, 0x5A, 0xB8, 0x08, 0x2A, 0x5A, 0xB8, 0x00, 0x2B,
    0x5A, 0xB8, 0x00, 0x0D, 0x5A, 0xB8, 0x00, 0x0C, 0x5A, 0xB8, 0x08, 0x2A, 0x5A, 0xB8, 0x00, 0x2B,
    0x5A, 0xB8, 0x00, 0x0C, 0x5A, 0xB8, 0x00, 0x2B, 0x5A, 0xB8, 0x00, 0x2B, 0x5A, 0xB8, 0x00, 0x2B,
    0x5A, 0xB8, 0x08, 0x2A, 0x5A, 0xB8, 0x00, 0x2B, 0x5A, 0xB8, 0x00, 0x0D, 0x5A, 0xB8, 0x00, 0x2B,
    0x5A, 0xB8, 0x08, 0x2A, 0x5A, 0xB8, 0x08, 0x2A, 0x5A, 0xB8, 0x08, 0x2A, 0x5A, 0xB8, 0x00, 0x2B,
    0x5A, 0xB8, 0x08, 0x2A, 0x5A, 0xB8, 0x00, 0x2A, 0x5A, 0xB8, 0x00, 0x0C, 0x5A, 0xB8, 0x00, 0x2B,
    0x5A, 0xB8, 0x00, 0x2B, 0x5A, 0xB8, 0x00, 0x0E, 0x5A, 0xB8, 0x00, 0x2B, 0x5A, 0xB8, 0x08, 0x2A,
    0x5A, 0xB8, 0x08, 0x2A, 0x5A, 0xB8, 0x00, 0x2B, 0x5A, 0xB8, 0x08, 0x2A, 0x5A, 0xB8, 0x08, 0x2A,
    0x5A, 0xB8, 0x00, 0x0C, 0x5A, 0xB8, 0x00, 0x2B, 0x5A, 0xB8, 0x00, 0x0C, 0x5A, 0xB8, 0x00, 0x0D,
    0x5A, 0xB8, 0x00, 0x0C, 0x5A, 0xB8, 0x08, 0x2A, 0x5A, 0xB8, 0x00, 0x2B, 0x5A, 0xB8, 0x00, 0x0D,
    0x5A, 0xB8, 0x00, 0x0C, 0x5A, 0xB8, 0x08, 0x2A, 0x5A, 0xB8, 0x00, 0x2B, 0x5A, 0xB8, 0x00, 0x0C,
    0x5A, 0xB8, 0x00, 0x2B, 0x5A, 0xB8, 0x00, 0x2B, 0x5A, 0xB8, 0x00, 0x2B, 0x5A, 0xB8, 0x08, 0x2A,
    0x5A, 0xB8, 0x00, 0x2B, 0x5A, 0xB8, 0x00, 0x0D, 0x5A, 0xB8, 0x00, 0x2B, 0x5A, 0xB8, 0x08, 0x2A,
    0x5A, 0xB8, 0x08, 0x2A, 0x5A, 0xB8, 0x08, 0x2A, 0x5A, 0xB8, 0x00, 0x2B, 0x5A, 0xB8, 0x08, 0x2A,
    0x5A, 0xB8, 0x00, 0x2A, 0x5A, 0xB8, 0x00, 0x0C, 0x5A, 0xB8, 0x00, 0x2B, 0x5A, 0xB8, 0x00, 0x2B,
    0x5A, 0xB8, 0x00, 0x0E, 0x5A, 0xB8, 0x00, 0x2B, 0x5A, 0xB8, 0x08, 0x2A, 0x5A, 0xB8, 0x08, 0x2A,
    0x5A, 0xB8, 0x00, 0x2B, 0x5A, 0xB8, 0x08, 0x2A, 0x5A, 0xB8, 0x08, 0x2A, 0x5A, 0xB8, 0x00, 0x0C,
    0x5A, 0xB8, 0x00, 0x2B, 0x5A, 0xB8, 0x00, 0x0C, 0x5A, 0xB8, 0x00, 0x0D, 0x5A, 0xB8, 0x00, 0x0C,
    0x5A, 0xB8, 0x08, 0x2A, 0x5A, 0xB8, 0x00, 0x2B, 0x5A, 0xB8, 0x00, 0x0D, 0x5A, 0xB8, 0x00, 0x0C,
    0x5A, 0xB8, 0x08, 0x2A, 0x5A, 0xB8, 0x00, 0x2B, 0x5A, 0xB8, 0x00, 0x0C, 0x5A, 0xB8, 0x00, 0x2B,
    0x5A, 0xB8, 0x00, 0x2B, 0x5A, 0xB8, 0x00, 0x2B, 0x5A, 0xB8, 0x08, 0x2A, 0x5A, 0xB8, 0x00, 0x2B,
    0x5A, 0xB8, 0x00, 0x0D, 0x5A, 0xB8, 0x00, 0x2B, 0x5A, 0xB8, 0x08, 0x2A, 0x5A, 0xB8, 0x08, 0x2A,
    0x5A, 0xB8, 0x08, 0x2A, 0x5A, 0xB8, 0x00, 0x2B, 0x5A, 0xB8, 0x08, 0x2A, 0x5A, 0xB8, 0x00, 0x2A,
    0x5A, 0xB8, 0x00, 0x0C, 0x5A, 0xB8, 0x00, 0x2B, 0x5A, 0xB8, 0x00, 0x2B, 0x5A, 0xB8, 0x00, 0x0E,
    0x5A, 0xB8, 0x00, 0x2B, 0x5A, 0xB8, 0x08, 0x2A, 0x5A, 0xB8, 0x08, 0x2A, 0x5A, 0xB8, 0x00, 0x2B,
    0x5A, 0xB8, 0x08, 0x2A, 0x5A, 0xB8, 0x08, 0x2A, 0x5A, 0xB8, 0x00, 0x0C, 0x5A, 0xB8, 0x00, 0x2B,
    0x5A, 0xB8, 0x00, 0x0C, 0x5A, 0xB8, 0x00, 0x0D, 0x5A, 0xB8, 0x00, 0x0C, 0x5A, 0xB8, 0x08, 0x2A,
    0x5A, 0xB8, 0x00, 0x2B, 0x5A, 0xB8, 0x00, 0x0D, 0x4A, 0x54, 0x00, 0x0C, 0x00, 0x00, 0x08, 0x2A,
    0x00, 0x2B, 0x84, 0x3F, 0x00, 0x0C, 0x63, 0x3C, 0x00, 0x0C, 0x5A, 0xD8, 0x00, 0x0C, 0x5A, 0xD8,
    0x00, 0x0D, 0x5A, 0xD8, 0x00, 0x2A, 0x5A, 0xD8, 0x08, 0x2A, 0x5A, 0xD8, 0x08, 0x2A, 0x5A, 0xD8,
    0x08, 0x2A, 0x5A, 0xD8, 0x08, 0x2A, 0x5A, 0xD8, 0x00, 0x2B, 0x5A, 0xD8, 0x00, 0x2B, 0x5A, 0xD8,
    0x08, 0x2A, 0x5A, 0xD8, 0x00, 0x0C, 0x5A, 0xD8, 0x00, 0x0D, 0x5A, 0xD8, 0x00, 0x0C, 0x5A, 0xD8,
    0x08, 0x2A, 0x5A, 0xD8, 0x08, 0x2A, 0x5A, 0xD8, 0x00, 0x0C, 0x5A, 0xD8, 0x00, 0x2B, 0x5A, 0xD8,
    0x08, 0x2A, 0x5A, 0xD8, 0x00, 0x2B, 0x5A, 0xD8, 0x00, 0x0C, 0x5A, 0xD8, 0x08, 0x2A, 0x5A, 0xD8,
    0x08, 0x2A, 0x5A, 0xD8, 0x08, 0x2A, 0x5A, 0xD8, 0x08, 0x2A, 0x5A, 0xD8, 0x08, 0x2A, 0x5A, 0xD8,
    0x08, 0x2A, 0x5A, 0xD8, 0x08, 0x2A, 0x5A, 0xD8, 0x08, 0x2A, 0x5A, 0xD8, 0x08, 0x2A, 0x5A, 0xD8,
    0x00, 0x0B, 0x5A, 0xD8, 0x00, 0x0C, 0x5A, 0xD8, 0x08, 0x2A, 0x5A, 0xD8, 0x00, 0x2B, 0x5A, 0xD8,
    0x00, 0x0C, 0x5A, 0xD8, 0x00, 0x0C, 0x5A, 0xD8, 0x00, 0x0C, 0x5A, 0xD8, 0x00, 0x0D, 0x5A, 0xD8,
    0x00, 0x2A, 0x5A, 0xD8, 0x08, 0x2A, 0x5A, 0xD8, 0x08, 0x2A, 0x5A, 0xD8, 0x08, 0x2A, 0x5A, 0xD8,
    0x08, 0x2A, 0x5A, 0xD8, 0x00, 0x2B, 0x5A, 0xD8, 0x00, 0x2B, 0x5A, 0xD8, 0x08, 0x2A, 0x5A, 0xD8,
    0x00, 0x0C, 0x5A, 0xD8, 0x00, 0x0D, 0x5A, 0xD8, 0x00, 0x0C, 0x5A, 0xD8, 0x08, 0x2A, 0x5A, 0xD8,
    0x08, 0x2A, 0x5A, 0xD8, 0x00, 0x0C, 0x5A, 0xD8, 0x00, 0x2B, 0x5A, 0xD8, 0x08, 0x2A, 0x5A, 0xD8,
    0x00, 0x2B, 0x5A, 0xD8, 0x00, 0x0C, 0x5A, 0xD8, 0x08, 0x2A, 0x5A, 0xD8, 0x08, 0x2A, 0x5A, 0xD8,
    0x08, 0x2A, 0x5A, 0xD8, 0x08, 0x2A, 0x5A, 0xD8, 0x08, 0x2A, 0x5A, 0xD8, 0x08, 0x2A, 0x5A, 0xD8,
    0x08, 0x2A, 0x5A, 0xD8, 0x08, 0x2A, 0x5A, 0xD8, 0x08, 0x2A, 0x5A, 0xD8, 0x00, 0x0B, 0x5A, 0xD8,
    0x00, 0x0C, 0x5A, 0xD8, 0x08, 0x2A, 0x5A, 0xD8, 0x00, 0x2B, 0x5A, 0xD8, 0x00, 0x0C, 0x5A, 0xD8,
    0x00, 0x0C, 0x5A, 0xD8, 0x00, 0x0C, 0x5A, 0xD8, 0x00, 0x0D, 0x5A, 0xD8, 0x00, 0x2A, 0x5A, 0xD8,
    0x08, 0x2A, 0x5A, 0xD8, 0x08, 0x2A, 0x5A, 0xD8, 0x08, 0x2A, 0x5A, 0xD8, 0x08, 0x2A, 0x5A, 0xD8,
    0x00, 0x2B, 0x5A, 0xD8, 0x00, 0x2B, 0x5A, 0xD8, 0x08, 0x2A, 0x5A, 0xD8, 0x00, 0x0C, 0x5A, 0xD8,
    0x00, 0x0D, 0x5A, 0xD8, 0x00, 0x0C, 0x5A, 0xD8, 0x08, 0x2A, 0x5A, 0xD8, 0x08, 0x2A, 0x5A, 0xD8,
    0x00, 0x0C, 0x5A, 0xD8, 0x00, 0x2B, 0x5A, 0xD8, 0x08, 0x2A, 0x5A, 0xD8, 0x00, 0x2B, 0x5A, 0xD8,
    0x00, 0x0C, 0x5A, 0xD8, 0x08, 0x2A, 0x5A, 0xD8, 0x08, 0x2A, 0x5A, 0xD8, 0x08, 0x2A, 0x5A, 0xD8,
    0x08, 0x2A, 0x5A, 0xD8, 0x08, 0x2A, 0x5A, 0xD8, 0x08, 0x2A, 0x5A, 0xD8, 0x08, 0x2A, 0x5A, 0xD8,
    0x08, 0x2A, 0x5A, 0xD8, 0x08, 0x2A, 0x5A, 0xD8, 0x00, 0x0B, 0x5A, 0xD8, 0x00, 0x0C, 0x5A, 0xD8,
    0x08, 0x2A, 0x5A, 0xD8, 0x00, 0x2B, 0x5A, 0xD8, 0x00, 0x0C, 0x5A, 0xD8, 0x00, 0x0C, 0x5A, 0xD8,
    0x00, 0x0C, 0x5A, 0xD8, 0x00, 0x0D, 0x5A, 0xD8, 0x00, 0x2A, 0x5A, 0xD8, 0x08, 0x2A, 0x5A, 0xD8,
    0x08, 0x2A, 0x5A, 0xD8, 0x08, 0x2A, 0x5A, 0xD8, 0x08, 0x2A, 0x5A, 0xD8, 0x00, 0x2B, 0x5A, 0xD8,
    0x00, 0x2B, 0x5A, 0xD8, 0x08, 0x2A, 0x5A, 0xD8, 0x00, 0x0C, 0x5A, 0xD8, 0x00, 0x0D, 0x5A, 0xD8,
    0x00, 0x0C, 0x5A, 0xD8, 0x08, 0x2A, 0x5A, 0xD8, 0x08, 0x2A, 0x5A, 0xD8, 0x00, 0x0C, 0x5A, 0xD8,
    0x00, 0x2B, 0x5A, 0xD8, 0x08, 0x2A, 0x5A, 0xD8, 0x00, 0x2B, 0x5A, 0xD8, 0x00, 0x0C, 0x5A, 0xD8,
    0x08, 0x2A, 0x5A, 0xD8, 0x08, 0x2A, 0x5A, 0xD8, 0x08, 0x2A, 0x5A, 0xD8, 0x08, 0x2A, 0x5A, 0xD8,
    0x08, 0x2A, 0x5A, 0xD8, 0x08, 0x2A, 0x5A, 0xD8, 0x08, 0x2A, 0x5A, 0xD8, 0x08, 0x2A, 0x5A, 0xD8,
    0x08, 0x2A, 0x5A, 0xD8, 0x00, 0x0B, 0x5A, 0xD8, 0x00, 0x0C, 0x5A, 0xD8, 0x08, 0x2A, 0x5A, 0xD8,
    0x00, 0x2B, 0x5A, 0xD8, 0x00, 0x0C, 0x5A, 0xD8, 0x00, 0x0C, 0x5A, 0xD8, 0x00, 0x0C, 0x5A, 0xD8,
    0x00, 0x0D, 0x5A, 0xD8, 0x00, 0x2A, 0x5A, 0xD8, 0x08, 0x2A, 0x5A, 0xD8, 0x08, 0x2A, 0x5A, 0xD8,
    0x08, 0x2A, 0x5A, 0xD8, 0x08, 0x2A, 0x5A, 0xD8, 0x00, 0x2B, 0x5A, 0xD8, 0x00, 0x2B, 0x5A, 0xD8,
    0x08, 0x2A, 0x5A, 0xD8, 0x00, 0x0C, 0x5A, 0xD8, 0x00, 0x0D, 0x5A, 0xD8, 0x00, 0x0C, 0x5A, 0xD8,
    0x08, 0x2A, 0x5A, 0xD8, 0x08, 0x2A, 0x83, 0xFF, 0x00, 0x0C, 0x00, 0x00, 0x00, 0x2B, 0x00, 0x00,
    0xC5, 0xFF, 0x00, 0x0B, 0x7B, 0xFF, 0x00, 0x0C, 0x00, 0x00, 0x00, 0x0C, 0x5A, 0xD9, 0x00, 0x0C,
    0x5A, 0xD9, 0x00, 0x0C, 0x5A, 0xD9, 0x00, 0x2B, 0x5A, 0xD9, 0x08, 0x2A, 0x5A, 0xD9, 0x08, 0x2A,
    0x5A, 0xD9, 0x08, 0x2A, 0x5A, 0xD9, 0x08, 0x2A, 0x5A, 0xD9, 0x08, 0x2A, 0x5A, 0xD9, 0x08, 0x2A,
    0x5A, 0xD9, 0x08, 0x2A, 0x5A, 0xD9, 0x00, 0x0C, 0x5A, 0xD9, 0x00, 0x0D, 0x5A, 0xD9, 0x00, 0x2B,
    0x5A, 0xD9, 0x00, 0x2B, 0x5A, 0xD9, 0x08, 0x2A, 0x5A, 0xD9, 0x00, 0x0D, 0x5A, 0xD9, 0x00, 0x2B,
    0x5A, 0xD9, 0x08, 0x2A, 0x5A, 0xD9, 0x00, 0x2B, 0x5A, 0xD9, 0x00, 0x0D, 0x5A, 0xD9, 0x08, 0x2A,
    0x5A, 0xD9, 0x08, 0x2A, 0x5A, 0xD9, 0x08, 0x2A, 0x5A, 0xD9, 0x08, 0x2A, 0x5A, 0xD9, 0x08, 0x2A,
    0x5A, 0xD9, 0x08, 0x2A, 0x5A, 0xD9, 0x08, 0x2A, 0x5A, 0xD9, 0x00, 0x2B, 0x5A, 0xD9, 0x08, 0x2A,
    0x5A, 0xD9, 0x00, 0x0D, 0x5A, 0xD9, 0x00, 0x0C, 0x5A, 0xD9, 0x08, 0x2A, 0x5A, 0xD9, 0x00, 0x0B,
    0x5A, 0xD9, 0x00, 0x0C, 0x5A, 0xD9, 0x00, 0x0C, 0x5A, 0xD9, 0x00, 0x0C, 0x5A, 0xD9, 0x00, 0x0C,
    0x5A, 0xD9, 0x00, 0x2B, 0x5A, 0xD9, 0x08, 0x2A, 0x5A, 0xD9, 0x08, 0x2A, 0x5A, 0xD9, 0x08, 0x2A,
    0x5A, 0xD9, 0x08, 0x2A, 0x5A, 0xD9, 0x08, 0x2A, 0x5A, 0xD9, 0x08, 0x2A, 0x5A, 0xD9, 0x08, 0x2A,
    0x5A, 0xD9, 0x00, 0x0C, 0x5A, 0xD9, 0x00, 0x0D, 0x5A, 0xD9, 0x00, 0x2B, 0x5A, 0xD9, 0x00, 0x2B,
    0x5A, 0xD9, 0x08, 0x2A, 0x5A, 0xD9, 0x00, 0x0D, 0x5A, 0xD9, 0x00, 0x2B, 0x5A, 0xD9, 0x08, 0x2A,
    0x5A, 0xD9, 0x00, 0x2B, 0x5A, 0xD9, 0x00, 0x0D, 0x5A, 0xD9, 0x08, 0x2A, 0x5A, 0xD9, 0x08, 0x2A,
    0x5A, 0xD9, 0x08, 0x2A, 0x5A, 0xD9, 0x08, 0x2A, 0x5A, 0xD9, 0x08, 0x2A, 0x5A, 0xD9, 0x08, 0x2A,
    0x5A, 0xD9, 0x08, 0x2A, 0x5A, 0xD9, 0x00, 0x2B, 0x5A, 0xD9, 0x08, 0x2A, 0x5A, 0xD9, 0x00, 0x0D,
    0x5A, 0xD9, 0x00, 0x0C, 0x5A, 0xD9, 0x08, 0x2A, 0x5A, 0xD9, 0x00, 0x0B, 0x5A, 0xD9, 0x00, 0x0C,
    0x5A, 0xD9, 0x00, 0x0C, 0x5A, 0xD9, 0x00, 0x0C, 0x5A, 0xD9, 0x00, 0x0C, 0x5A, 0xD9, 0x00, 0x2B,
    0x5A, 0xD9, 0x08, 0x2A, 0x5A, 0xD9, 0x08, 0x2A, 0x5A, 0xD9, 0x08, 0x2A, 0x5A, 0xD9, 0x08, 0x2A,
    0x5A, 0xD9, 0x08, 0x2A, 0x5A, 0xD9, 0x08, 0x2A, 0x5A, 0xD9, 0x08, 0x2A, 0x5A, 0xD9, 0x00, 0x0C,
    0x5A, 0xD9, 0x00, 0x0D, 0x5A, 0xD9, 0x00, 0x2B, 0x5A, 0xD9, 0x00, 0x2B, 0x5A, 0xD9, 0x08, 0x2A,
    0x5A, 0xD9, 0x00, 0x0D, 0x5A, 0xD9, 0x00, 0x2B, 0x5A, 0xD9, 0x08, 0x2A, 0x5A, 0xD9, 0x00, 0x2B,
    0x5A, 0xD9, 0x00, 0x0D, 0x5A, 0xD9, 0x08, 0x2A, 0x5A, 0xD9, 0x08, 0x2A, 0x5A, 0xD9, 0x08, 0x2A,
    0x5A, 0xD9, 0x08, 0x2A, 0x5A, 0xD9, 0x08, 0x2A, 0x5A, 0xD9, 0x08, 0x2A, 0x5A, 0xD9, 0x08, 0x2A,
    0x5A, 0xD9, 0x00, 0x2B, 0x5A, 0xD9, 0x08, 0x2A, 0x5A, 0xD9, 0x00, 0x0D, 0x5A, 0xD9, 0x00, 0x0C,
    0x5A, 0xD9, 0x08, 0x2A, 0x5A, 0xD9, 0x00, 0x0B, 0x5A, 0xD9, 0x00, 0x0C, 0x5A, 0xD9, 0x00, 0x0C,
    0x5A, 0xD9, 0x00, 0x0C, 0x5A, 0xD9, 0x00, 0x0C, 0x5A, 0xD9, 0x00, 0x2B, 0x5A, 0xD9, 0x08, 0x2A,
    0x5A, 0xD9, 0x08, 0x2A, 0x5A, 0xD9, 0x08, 0x2A, 0x5A, 0xD9, 0x08, 0x2A, 0x5A, 0xD9, 0x08, 0x2A,
    0x5A, 0xD9, 0x08, 0x2A, 0x5A, 0xD9, 0x08, 0x2A, 0x5A, 0xD9, 0x00, 0x0C, 0x5A, 0xD9, 0x00, 0x0D,
    0x5A, 0xD9, 0x00, 0x2B, 0x5A, 0xD9, 0x00, 0x2B, 0x5A, 0xD9, 0x08, 0x2A, 0x5A, 0xD9, 0x00, 0x0D,
    0x5A, 0xD9, 0x00, 0x2B, 0x5A, 0xD9, 0x08, 0x2A, 0x5A, 0xD9, 0x00, 0x2B, 0x5A, 0xD9, 0x00, 0x0D,
    0x5A, 0xD9, 0x08, 0x2A, 0x5A, 0xD9, 0x08, 0x2A, 0x5A, 0xD9, 0x08, 0x2A, 0x5A, 0xD9, 0x08, 0x2A,
    0x5A, 0xD9, 0x08, 0x2A, 0x5A, 0xD9, 0x08, 0x2A, 0x5A, 0xD9, 0x08, 0x2A, 0x5A, 0xD9, 0x00, 0x2B,
    0x5A, 0xD9, 0x08, 0x2A, 0x5A, 0xD9, 0x00, 0x0D, 0x5A, 0xD9, 0x00, 0x0C, 0x5A, 0xD9, 0x08, 0x2A,
    0x5A, 0xD9, 0x00, 0x0B, 0x5A, 0xD9, 0x00, 0x0C, 0x5A, 0xD9, 0x00, 0x0C, 0x5A, 0xD9, 0x00, 0x0C,
    0x5A, 0xD9, 0x00, 0x0C, 0x5A, 0xD9, 0x00, 0x2B, 0x5A, 0xD9, 0x08, 0x2A, 0x5A, 0xD9, 0x08, 0x2A,
    0x5A, 0xD9, 0x08, 0x2A, 0x5A, 0xD9, 0x08, 0x2A, 0x5A, 0xD9, 0x08, 0x2A, 0x5A, 0xD9, 0x08, 0x2A,
    0x5A, 0xD9, 0x08, 0x2A, 0x5A, 0xD9, 0x00, 0x0C, 0x5A, 0xD9, 0x00, 0x0D, 0x5A, 0xD9, 0x00, 0x2B,
    0x5A, 0xD9, 0x00, 0x2B, 0x5A, 0xD9, 0x08, 0x2A, 0x4A, 0x55, 0x00, 0x0D, 0x00, 0x00, 0x00, 0x2B,
    0x00, 0x2B, 0x8C, 0x3F, 0x00, 0x0B, 0x6B, 0x3C, 0x00, 0x2B, 0x5A, 0xD9, 0x00, 0x2B, 0x5A, 0xD9,
    0x00, 0x0C, 0x5A, 0xD9, 0x00, 0x0C, 0x5A, 0xD9, 0x00, 0x2B, 0x5A, 0xD9, 0x00, 0x0C, 0x5A, 0xD9,
    0x00, 0x0C, 0x5A, 0xD9, 0x00, 0x2A, 0x5A, 0xD9, 0x08, 0x2A, 0x5A, 0xD9, 0x00, 0x2B, 0x5A, 0xD9,
    0x08, 0x2A, 0x5A, 0xD9, 0x08, 0x2A, 0x5A, 0xD9, 0x00, 0x0C, 0x5A, 0xD9, 0x00, 0x2B, 0x5A, 0xD9,
    0x00, 0x2B, 0x5A, 0xD9, 0x00, 0x2B, 0x5A, 0xD9, 0x00, 0x2B, 0x5A, 0xD9, 0x00, 0x0E, 0x5A, 0xD9,
    0x00, 0x2B, 0x5A, 0xD9, 0x08, 0x2A, 0x5A, 0xD9, 0x00, 0x0D, 0x5A, 0xD9, 0x00, 0x0D, 0x5A, 0xD9,
    0x00, 0x2B, 0x5A, 0xD9, 0x08, 0x2A, 0x5A, 0xD9, 0x08, 0x2A, 0x5A, 0xD9, 0x00, 0x2B, 0x5A, 0xD9,
    0x00, 0x2B, 0x5A, 0xD9, 0x08, 0x2A, 0x5A, 0xD9, 0x00, 0x0C, 0x5A, 0xD9, 0x08, 0x2A, 0x5A, 0xD9,
    0x00, 0x2B, 0x5A, 0xD9, 0x00, 0x0D, 0x5A, 0xD9, 0x00, 0x0C, 0x5A, 0xD9, 0x00, 0x2B, 0x5A, 0xD9,
    0x00, 0x0B, 0x5A, 0xD9, 0x00, 0x2B, 0x5A, 0xD9, 0x00, 0x2B, 0x5A, 0xD9, 0x00, 0x0C, 0x5A, 0xD9,
    0x00, 0x0C, 0x5A, 0xD9, 0x00, 0x2B, 0x5A, 0xD9, 0x00, 0x0C, 0x5A, 0xD9, 0x00, 0x0C, 0x5A, 0xD9,
    0x00, 0x2A, 0x5A, 0xD9, 0x08, 0x2A, 0x5A, 0xD9, 0x00, 0x2B, 0x5A, 0xD9, 0x08, 0x2A, 0x5A, 0xD9,
    0x08, 0x2A, 0x5A, 0xD9, 0x00, 0x0C, 0x5A, 0xD9, 0x00, 0x2B, 0x5A, 0xD9, 0x00, 0x2B, 0x5A, 0xD9,
    0x00, 0x2B, 0x5A, 0xD9, 0x00, 0x2B, 0x5A, 0xD9, 0x00, 0x0E, 0x5A, 0xD9, 0x00, 0x2B, 0x5A, 0xD9,
    0x08, 0x2A, 0x5A, 0xD9, 0x00, 0x0D, 0x5A, 0xD9, 0x00, 0x0D, 0x5A, 0xD9, 0x00, 0x2B, 0x5A, 0xD9,
    0x08, 0x2A, 0x5A, 0xD9, 0x08, 0x2A, 0x5A, 0xD9, 0x00, 0x2B, 0x5A, 0xD9, 0x00, 0x2B, 0x5A, 0xD9,
    0x08, 0x2A, 0x5A, 0xD9, 0x00, 0x0C, 0x5A, 0xD9, 0x08, 0x2A, 0x5A, 0xD9, 0x00, 0x2B, 0x5A, 0xD9,
    0x00, 0x0D, 0x5A, 0xD9, 0x00, 0x0C, 0x5A, 0xD9, 0x00, 0x2B, 0x5A, 0xD9, 0x00, 0x0B, 0x5A, 0xD9,
    0x00, 0x2B, 0x5A, 0xD9, 0x00, 0x2B, 0x5A, 0xD9, 0x00, 0x0C, 0x5A, 0xD9, 0x00, 0x0C, 0x5A, 0xD9,
    0x00, 0x2B, 0x5A, 0xD9, 0x00, 0x0C, 0x5A, 0xD9, 0x00, 0x0C, 0x5A, 0xD9, 0x00, 0x2A, 0x5A, 0xD9,
    0x08, 0x2A, 0x5A, 0xD9, 0x00, 0x2B, 0x5A, 0xD9, 0x08, 0x2A, 0x5A, 0xD9, 0x08, 0x2A, 0x5A, 0xD9,
    0x00, 0x0C, 0x5A, 0xD9, 0x00, 0x2B, 0x5A, 0xD9, 0x00, 0x2B, 0x5A, 0xD9, 0x00, 0x2B, 0x5A, 0xD9,
    0x00, 0x2B, 0x5A, 0xD9, 0x00, 0x0E, 0x5A, 0xD9, 0x00, 0x2B, 0x5A, 0xD9, 0x08, 0x2A, 0x5A, 0xD9,
    0x00, 0x0D, 0x5A, 0xD9, 0x00, 0x0D, 0x5A, 0xD9, 0x00, 0x2B, 0x5A, 0xD9, 0x08, 0x2A, 0x5A, 0xD9,
    0x08, 0x2A, 0x5A, 0xD9, 0x00, 0x2B, 0x5A, 0xD9, 0x00, 0x2B, 0x5A, 0xD9, 0x08, 0x2A, 0x5A, 0xD9,
    0x00, 0x0C, 0x5A, 0xD9, 0x08, 0x2A, 0x5A, 0xD9, 0x00, 0x2B, 0x5A, 0xD9, 0x00, 0x0D, 0x5A, 0xD9,
    0x00, 0x0C, 0x5A, 0xD9, 0x00, 0x2B, 0x5A, 0xD9, 0x00, 0x0B, 0x5A, 0xD9, 0x00, 0x2B, 0x5A, 0xD9,
    0x00, 0x2B, 0x5A, 0xD9, 0x00, 0x0C, 0x5A, 0xD9, 0x00, 0x0C, 0x5A, 0xD9, 0x00, 0x2B, 0x5A, 0xD9,
    0x00, 0x0C, 0x5A, 0xD9, 0x00, 0x0C, 0x5A, 0xD9, 0x00, 0x2A, 0x5A, 0xD9, 0x08, 0x2A, 0x5A, 0xD9,
    0x00, 0x2B, 0x5A, 0xD9, 0x08, 0x2A, 0x5A, 0xD9, 0x08, 0x2A, 0x5A, 0xD9, 0x00, 0x0C, 0x5A, 0xD9,
    0x00, 0x2B, 0x5A, 0xD9, 0x00, 0x2B, 0x5A, 0xD9, 0x00, 0x2B, 0x5A, 0xD9, 0x00, 0x2B, 0x5A, 0xD9,
    0x00, 0x0E, 0x5A, 0xD9, 0x00, 0x2B, 0x5A, 0xD9, 0x08, 0x2A, 0x5A, 0xD9, 0x00, 0x0D, 0x5A, 0xD9,
    0x00, 0x0D, 0x5A, 0xD9, 0x00, 0x2B, 0x5A, 0xD9, 0x08, 0x2A, 0x5A, 0xD9, 0x08, 0x2A, 0x5A, 0xD9,
    0x00, 0x2B, 0x5A, 0xD9, 0x00, 0x2B, 0x5A, 0xD9, 0x08, 0x2A, 0x5A, 0xD9, 0x00, 0x0C, 0x5A, 0xD9,
    0x08, 0x2A, 0x5A, 0xD9, 0x00, 0x2B, 0x5A, 0xD9, 0x00, 0x0D, 0x5A, 0xD9, 0x00, 0x0C, 0x5A, 0xD9,
    0x00, 0x2B, 0x5A, 0xD9, 0x00, 0x0B, 0x5A, 0xD9, 0x00, 0x2B, 0x5A, 0xD9, 0x00, 0x2B, 0x5A, 0xD9,
    0x00, 0x0C, 0x5A, 0xD9, 0x00, 0x0C, 0x5A, 0xD9, 0x00, 0x2B, 0x5A, 0xD9, 0x00, 0x0C, 0x5A, 0xD9,
    0x00, 0x0C, 0x5A, 0xD9, 0x00, 0x2A, 0x5A, 0xD9, 0x08, 0x2A, 0x5A, 0xD9, 0x00, 0x2B, 0x5A, 0xD9,
    0x08, 0x2A, 0x5A, 0xD9, 0x08, 0x2A, 0x5A, 0xD9, 0x00, 0x0C, 0x5A, 0xD9, 0x00, 0x2B, 0x5A, 0xD9,
    0x00, 0x2B, 0x5A, 0xD9, 0x00, 0x2B, 0x84, 0x1F, 0x00, 0x2B, 0x00, 0x00, 0x00, 0x0E, 0x00, 0x00,
    0xC6, 0x1F, 0x08, 0x2A, 0x83, 0xFF, 0x00, 0x2B, 0x00, 0x00, 0x08, 0x2A, 0x5A, 0xD9, 0x00, 0x2B,
    0x5A, 0xD9, 0x00, 0x0C, 0x5A, 0xD9, 0x08, 0x2A, 0x5A, 0xD9, 0x00, 0x0C, 0x5A, 0xD9, 0x00, 0x0E,
    0x5A, 0xD9, 0x00, 0x0D, 0x5A, 0xD9, 0x00, 0x2B, 0x5A, 0xD9, 0x00, 0x0B, 0x5A, 0xD9, 0x00, 0x0D,
    0x5A, 0xD9, 0x08, 0x2A, 0x5A, 0xD9, 0x08, 0x2A, 0x5A, 0xD9, 0x00, 0x2A, 0x5A, 0xD9, 0x08, 0x2A,
    0x5A, 0xD9, 0x08, 0x2A, 0x5A, 0xD9, 0x08, 0x2A, 0x5A, 0xD9, 0x00, 0x0C, 0x18, 0xF1, 0x18, 0xF1,
    0x18, 0xF1, 0x18, 0xF1, 0x18, 0xF1, 0x18, 0xF1, 0x5A, 0xD9, 0x18, 0xF1, 0x18, 0xF1, 0x18, 0xF1,
    0x18, 0xF1, 0x18, 0xF1, 0x18, 0xF1, 0x08, 0x2A, 0x18, 0xF1, 0x18, 0xF1, 0x18, 0xF1, 0x18, 0xF1,
    0x18, 0xF1, 0x18, 0xF1, 0x5A, 0xD9, 0x00, 0x0C, 0x5A, 0xD9, 0x00, 0x2B, 0x5A, 0xD9, 0x08, 0x2A,
    0x5A, 0xD9, 0x00, 0x2B, 0x5A, 0xD9, 0x00, 0x0C, 0x5A, 0xD9, 0x00, 0x2B, 0x5A, 0xD9, 0x08, 0x2A,
    0x5A, 0xD9, 0x00, 0x2B, 0x5A, 0xD9, 0x08, 0x2A, 0x5A, 0xD9, 0x00, 0x2B, 0x5A, 0xD9, 0x00, 0x0C,
    0x5A, 0xD9, 0x08, 0x2A, 0x5A, 0xD9, 0x00, 0x0C, 0x5A, 0xD9, 0x00, 0x0E, 0x5A, 0xD9, 0x00, 0x0D,
    0x5A, 0xD9, 0x00, 0x2B, 0x5A, 0xD9, 0x00, 0x0B, 0x5A, 0xD9, 0x00, 0x0D, 0x5A, 0xD9, 0x08, 0x2A,
    0x5A, 0xD9, 0x08, 0x2A, 0x5A, 0xD9, 0x00, 0x2A, 0x5A, 0xD9, 0x08, 0x2A, 0x5A, 0xD9, 0x08, 0x2A,
    0x5A, 0xD9, 0x08, 0x2A, 0x5A, 0xD9, 0x00, 0x0C, 0x5A, 0xD9, 0x00, 0x0D, 0x5A, 0xD9, 0x00, 0x2B,
    0x5A, 0xD9, 0x00, 0x2B, 0x5A, 0xD9, 0x00, 0x0F, 0x5A, 0xD9, 0x00, 0x0D, 0x5A, 0xD9, 0x00, 0x0D,
    0x5A, 0xD9, 0x08, 0x2A, 0x5A, 0xD9, 0x00, 0x2B, 0x5A, 0xD9, 0x00, 0x0C, 0x5A, 0xD9, 0x00, 0x2B,
    0x5A, 0xD9, 0x00, 0x0C, 0x5A, 0xD9, 0x00, 0x2B, 0x5A, 0xD9, 0x08, 0x2A, 0x5A, 0xD9, 0x00, 0x2B,
    0x5A, 0xD9, 0x00, 0x0C, 0x5A, 0xD9, 0x00, 0x2B, 0x5A, 0xD9, 0x08, 0x2A, 0x5A, 0xD9, 0x00, 0x2B,
    0x5A, 0xD9, 0x08, 0x2A, 0x5A, 0xD9, 0x00, 0x2B, 0x5A, 0xD9, 0x18, 0xF1, 0x18, 0xF1, 0x18, 0xF1,
    0x18, 0xF1, 0x18, 0xF1, 0x18, 0xF1, 0x18, 0xF1, 0x5A, 0xD9, 0x00, 0x0D, 0x5A, 0xD9, 0x00, 0x2B,
    0x5A, 0xD9, 0x00, 0x0B, 0x5A, 0xD9, 0x00, 0x0D, 0x5A, 0xD9, 0x08, 0x2A, 0x5A, 0xD9, 0x08, 0x2A,
    0x5A, 0xD9, 0x00, 0x2A, 0x5A, 0xD9, 0x08, 0x2A, 0x5A, 0xD9, 0x08, 0x2A, 0x5A, 0xD9, 0x08, 0x2A,
    0x5A, 0xD9, 0x00, 0x0C, 0x5A, 0xD9, 0x00, 0x0D, 0x5A, 0xD9, 0x00, 0x2B, 0x5A, 0xD9, 0x00, 0x2B,
    0x5A, 0xD9, 0x00, 0x0F, 0x5A, 0xD9, 0x00, 0x0D, 0x5A, 0xD9, 0x00, 0x0D, 0x5A, 0xD9, 0x08, 0x2A,
    0x5A, 0xD9, 0x00, 0x2B, 0x5A, 0xD9, 0x00, 0x0C, 0x5A, 0xD9, 0x00, 0x2B, 0x5A, 0xD9, 0x00, 0x0C,
    0x5A, 0xD9, 0x00, 0x2B, 0x5A, 0xD9, 0x08, 0x2A, 0x5A, 0xD9, 0x00, 0x2B, 0x5A, 0xD9, 0x00, 0x0C,
    0x5A, 0xD9, 0x00, 0x2B, 0x5A, 0xD9, 0x08, 0x2A, 0x5A, 0xD9, 0x00, 0x2B, 0x5A, 0xD9, 0x08, 0x2A,
    0x5A, 0xD9, 0x00, 0x2B, 0x5A, 0xD9, 0x00, 0x0C, 0x5A, 0xD9, 0x08, 0x2A, 0x5A, 0xD9, 0x00, 0x0C,
    0x5A, 0xD9, 0x00, 0x0E, 0x5A, 0xD9, 0x00, 0x0D, 0x5A, 0xD9, 0x00, 0x2B, 0x5A, 0xD9, 0x00, 0x0B,
    0x5A, 0xD9, 0x00, 0x0D, 0x5A, 0xD9, 0x08, 0x2A, 0x5A, 0xD9, 0x08, 0x2A, 0x5A, 0xD9, 0x00, 0x2A,
    0x5A, 0xD9, 0x08, 0x2A, 0x5A, 0xD9, 0x08, 0x2A, 0x5A, 0xD9, 0x08, 0x2A, 0x5A, 0xD9, 0x00, 0x0C,
    0x5A, 0xD9, 0x00, 0x0D, 0x5A, 0xD9, 0x00, 0x2B, 0x5A, 0xD9, 0x00, 0x2B, 0x5A, 0xD9, 0x00, 0x0F,
    0x5A, 0xD9, 0x00, 0x0D, 0x5A, 0xD9, 0x00, 0x0D, 0x5A, 0xD9, 0x08, 0x2A, 0x5A, 0xD9, 0x00, 0x2B,
    0x5A, 0xD9, 0x00, 0x0C, 0x5A, 0xD9, 0x00, 0x2B, 0x5A, 0xD9, 0x00, 0x0C, 0x5A, 0xD9, 0x00, 0x2B,
    0x5A, 0xD9, 0x08, 0x2A, 0x5A, 0xD9, 0x00, 0x2B, 0x5A, 0xD9, 0x00, 0x0C, 0x5A, 0xD9, 0x00, 0x2B,
    0x5A, 0xD9, 0x08, 0x2A, 0x5A, 0xD9, 0x00, 0x2B, 0x5A, 0xD9, 0x08, 0x2A, 0x5A, 0xD9, 0x00, 0x2B,
    0x5A, 0xD9, 0x00, 0x0C, 0x5A, 0xD9, 0x08, 0x2A, 0x5A, 0xD9, 0x00, 0x0C, 0x5A, 0xD9, 0x00, 0x0E,
    0x5A, 0xD9, 0x00, 0x0D, 0x5A, 0xD9, 0x00, 0x2B, 0x5A, 0xD9, 0x00, 0x0B, 0x5A, 0xD9, 0x00, 0x0D,
    0x5A, 0xD9, 0x08, 0x2A, 0x5A, 0xD9, 0x08, 0x2A, 0x5A, 0xD9, 0x00, 0x2A, 0x5A, 0xD9, 0x08, 0x2A,
    0x5A, 0xD9, 0x08, 0x2A, 0x5A, 0xD9, 0x08, 0x2A, 0x4A, 0x75, 0x00, 0x0C, 0x00, 0x00, 0x00, 0x0D,
    0x00, 0x2B, 0x8C, 0x5F, 0x08, 0x2A, 0x6B, 0x5D, 0x08, 0x2A, 0x5A, 0xF9, 0x08, 0x2A, 0x5A, 0xF9,
    0x00, 0x0D, 0x5A, 0xF9, 0x00, 0x0C, 0x5A, 0xF9, 0x08, 0x2A, 0x5A, 0xF9, 0x00, 0x0D, 0x18, 0xF1,
    0x18, 0xF1, 0x18, 0xF1, 0x18, 0xF1, 0x18, 0xF1, 0x18, 0xF1, 0x5A, 0xF9, 0x00, 0x0F, 0x5A, 0xF9,
    0x18, 0xF1, 0x18, 0xF1, 0x18, 0xF1, 0x18, 0xF1, 0x18, 0xF1, 0x5A, 0xF9, 0x08, 0x2A, 0x5A, 0xF9,
    0x18, 0xF1, 0x18, 0xF1, 0x18, 0xF1, 0x18, 0xF1, 0x18, 0xF1, 0x18, 0xF1, 0x18, 0xF1, 0x18, 0xF1,
    0x18, 0xF1, 0x18, 0xF1, 0x18, 0xF1, 0x18, 0xF1, 0x18, 0xF1, 0x18, 0xF1, 0x18, 0xF1, 0x18, 0xF1,
    0x18, 0xF1, 0x18, 0xF1, 0x18, 0xF1, 0x18, 0xF1, 0x18, 0xF1, 0x18, 0xF1, 0x18, 0xF1, 0x18, 0xF1,
    0x18, 0xF1, 0x18, 0xF1, 0x18, 0xF1, 0x5A, 0xF9, 0x00, 0x0D, 0x5A, 0xF9, 0x08, 0x2A, 0x5A, 0xF9,
    0x08, 0x2A, 0x5A, 0xF9, 0x00, 0x0C, 0x5A, 0xF9, 0x00, 0x2B, 0x5A, 0xF9, 0x00, 0x2B, 0x5A, 0xF9,
    0x08, 0x2A, 0x5A, 0xF9, 0x08, 0x2A, 0x5A, 0xF9, 0x08, 0x2A, 0x5A, 0xF9, 0x00, 0x0D, 0x5A, 0xF9,
    0x00, 0x0C, 0x5A, 0xF9, 0x08, 0x2A, 0x5A, 0xF9, 0x00, 0x0D, 0x5A, 0xF9, 0x00, 0x0E, 0x5A, 0xF9,
    0x00, 0x0E, 0x5A, 0xF9, 0x00, 0x0D, 0x5A, 0xF9, 0x00, 0x0F, 0x5A, 0xF9, 0x00, 0x0E, 0x5A, 0xF9,
    0x00, 0x2B, 0x5A, 0xF9, 0x00, 0x2B, 0x5A, 0xF9, 0x08, 0x2A, 0x5A, 0xF9, 0x08, 0x2A, 0x5A, 0xF9,
    0x08, 0x2A, 0x5A, 0xF9, 0x08, 0x2A, 0x5A, 0xF9, 0x00, 0x2B, 0x5A, 0xF9, 0x00, 0x0C, 0x5A, 0xF9,
    0x00, 0x2B, 0x5A, 0xF9, 0x00, 0x0C, 0x5A, 0xF9, 0x00, 0x0D, 0x5A, 0xF9, 0x00, 0x0F, 0x18, 0xF1,
    0x18, 0xF1, 0x18, 0xF1, 0x18, 0xF1, 0x18, 0xF1, 0x18, 0xD1, 0x18, 0xF1, 0x00, 0x0C, 0x5A, 0xF9,
    0x00, 0x0C, 0x5A, 0xF9, 0x00, 0x0D, 0x5A, 0xF9, 0x08, 0x2A, 0x5A, 0xF9, 0x08, 0x2A, 0x5A, 0xF9,
    0x00, 0x0C, 0x5A, 0xF9, 0x00, 0x2B, 0x5A, 0xF9, 0x00, 0x2B, 0x5A, 0xF9, 0x08, 0x2A, 0x5A, 0xF9,
    0x08, 0x2A, 0x5A, 0xF9, 0x08, 0x2A, 0x5A, 0xF9, 0x18, 0xF1, 0x18, 0xF1, 0x18, 0xF1, 0x18, 0xF1,
    0x18, 0xF1, 0x18, 0xF1, 0x18, 0xF1, 0x18, 0xF1, 0x18, 0xF1, 0x5A, 0xF9, 0x00, 0x0E, 0x5A, 0xF9,
    0x00, 0x0D, 0x5A, 0xF9, 0x00, 0x0F, 0x5A, 0xF9, 0x00, 0x0E, 0x5A, 0xF9, 0x00, 0x2B, 0x5A, 0xF9,
    0x00, 0x2B, 0x5A, 0xF9, 0x08, 0x2A, 0x5A, 0xF9, 0x08, 0x2A, 0x5A, 0xF9, 0x18, 0xF1, 0x18, 0xF1,
    0x18, 0xF1, 0x18, 0xF1, 0x18, 0xF1, 0x18, 0xF1, 0x18, 0xF1, 0x18, 0xF1, 0x00, 0x2B, 0x5A, 0xF9,
    0x00, 0x0C, 0x5A, 0xF9, 0x00, 0x0D, 0x5A, 0xF9, 0x00, 0x0F, 0x18, 0xF1, 0x18, 0xF1, 0x18, 0xF1,
    0x18, 0xF1, 0x18, 0xF1, 0x18, 0xF1, 0x18, 0xF1, 0x00, 0x0C, 0x5A, 0xF9, 0x00, 0x0C, 0x5A, 0xF9,
    0x00, 0x0D, 0x5A, 0xF9, 0x08, 0x2A, 0x5A, 0xF9, 0x18, 0xF1, 0x18, 0xF1, 0x18, 0xF1, 0x18, 0xF1,
    0x18, 0xF1, 0x18, 0xF1, 0x18, 0xF1, 0x5A, 0xF9, 0x08, 0x2A, 0x5A, 0xF9, 0x08, 0x2A, 0x5A, 0xF9,
    0x08, 0x2A, 0x5A, 0xF9, 0x00, 0x0D, 0x5A, 0xF9, 0x18, 0xF1, 0x18, 0xF1, 0x18, 0xF1, 0x18, 0xF1,
    0x18, 0xF1, 0x18, 0xF1, 0x18, 0xF1, 0x18, 0xD1, 0x00, 0x0E, 0x5A, 0xF9, 0x00, 0x0D, 0x5A, 0xF9,
    0x00, 0x0F, 0x5A, 0xF9, 0x00, 0x0E, 0x5A, 0xF9, 0x00, 0x2B, 0x5A, 0xF9, 0x00, 0x2B, 0x5A, 0xF9,
    0x08, 0x2A, 0x5A, 0xF9, 0x08, 0x2A, 0x5A, 0xF9, 0x08, 0x2A, 0x5A, 0xF9, 0x08, 0x2A, 0x5A, 0xF9,
    0x00, 0x2B, 0x5A, 0xF9, 0x00, 0x0C, 0x5A, 0xF9, 0x18, 0xF1, 0x18, 0xF1, 0x18, 0xF1, 0x18, 0xF1,
    0x18, 0xF1, 0x18, 0xF1, 0x18, 0xF1, 0x18, 0xF1, 0x00, 0x0D, 0x5A, 0xF9, 0x00, 0x0B, 0x5A, 0xF9,
    0x00, 0x0D, 0x5A, 0xF9, 0x00, 0x0C, 0x18, 0xF1, 0x18, 0xF1, 0x18, 0xF1, 0x18, 0xF1, 0x18, 0xF1,
    0x18, 0xF1, 0x18, 0xF1, 0x08, 0x2A, 0x5A, 0xF9, 0x00, 0x0C, 0x5A, 0xF9, 0x00, 0x2B, 0x5A, 0xF9,
    0x00, 0x2B, 0x5A, 0xF9, 0x18, 0xF1, 0x18, 0xF1, 0x18, 0xF1, 0x18, 0xF1, 0x18, 0xF1, 0x18, 0xF1,
    0x18, 0xF1, 0x18, 0xF1, 0x00, 0x0C, 0x5A, 0xF9, 0x08, 0x2A, 0x5A, 0xF9, 0x00, 0x0D, 0x5A, 0xF9,
    0x00, 0x0E, 0x18, 0xF1, 0x18, 0xF1, 0x18, 0xF1, 0x18, 0xF1, 0x18, 0xF1, 0x18, 0xF1, 0x18, 0xF1,
    0x18, 0xF1, 0x5A, 0xF9, 0x00, 0x2B, 0x5A, 0xF9, 0x00, 0x2B, 0x5A, 0xF9, 0x08, 0x2A, 0x5A, 0xF9,
    0x08, 0x2A, 0x5A, 0xF9, 0x08, 0x2A, 0x84, 0x3F, 0x08, 0x2A, 0x00, 0x00, 0x00, 0x2B, 0x00, 0x00,
    0xCE, 0x3F, 0x00, 0x0B, 0x84, 0x1F, 0x00, 0x2B, 0x00, 0x00, 0x08, 0x2A, 0x5A, 0xF9, 0x00, 0x0B,
    0x5A, 0xF9, 0x00, 0x0E, 0x5A, 0xF9, 0x00, 0x2B, 0x5A, 0xF9, 0x08, 0x2A, 0x18, 0xF1, 0x18, 0xF1,
    0x18, 0xF1, 0x18, 0xF1, 0x18, 0xF1, 0x18, 0xF1, 0x18, 0xF1, 0x18, 0xF1, 0x5A, 0xF9, 0x18, 0xF1,
    0x18, 0xF1, 0x18, 0xF1, 0x18, 0xF1, 0x18, 0xF1, 0x18, 0xF1, 0x18, 0xF1, 0x5A, 0xF9, 0x18, 0xF1,
    0x18, 0xF1, 0x18, 0xF1, 0x18, 0xF1, 0x18, 0xF1, 0x18, 0xF1, 0x18, 0xF1, 0x18, 0xF1, 0x63, 0x1C,
    0x63, 0x1C, 0x63, 0x1C, 0x5B, 0x1C, 0x18, 0xF1, 0x18, 0xF1, 0x18, 0xF1, 0x63, 0x1C, 0x5B, 0x1C,
    0x5B, 0x1C, 0x63, 0x1C, 0x18, 0xF1, 0x18, 0xF1, 0x18, 0xF1, 0x63, 0x1C, 0x63, 0x1C, 0x63, 0x1C,
    0x5B, 0x1C, 0x18, 0xF1, 0x18, 0xF1, 0x00, 0x0D, 0x5A, 0xF9, 0x00, 0x0C, 0x5A, 0xF9, 0x08, 0x2A,
    0x5A, 0xF9, 0x00, 0x2B, 0x5A, 0xF9, 0x00, 0x0C, 0x5A, 0xF9, 0x00, 0x2B, 0x5A, 0xF9, 0x00, 0x0B,
    0x5A, 0xF9, 0x00, 0x2B, 0x5A, 0xF9, 0x08, 0x2A, 0x5A, 0xF9, 0x00, 0x0B, 0x5A, 0xF9, 0x00, 0x0E,
    0x5A, 0xF9, 0x00, 0x2B, 0x5A, 0xF9, 0x08, 0x2A, 0x5A, 0xF9, 0x00, 0x0C, 0x5A, 0xF9, 0x00, 0x0E,
    0x5A, 0xF9, 0x00, 0x0F, 0x5A, 0xF9, 0x00, 0x0E, 0x5A, 0xF9, 0x00, 0x10, 0x5A, 0xF9, 0x00, 0x0E,
    0x5A, 0xF9, 0x00, 0x2B, 0x5A, 0xF9, 0x00, 0x0C, 0x5A, 0xF9, 0x00, 0x2B, 0x5A, 0xF9, 0x08, 0x2A,
    0x5A, 0xF9, 0x00, 0x2B, 0x5A, 0xF9, 0x00, 0x2B, 0x5A, 0xF9, 0x08, 0x2A, 0x5A, 0xF9, 0x00, 0x0C,
    0x5A, 0xF9, 0x00, 0x2B, 0x5A, 0xF9, 0x08, 0x2A, 0x5A, 0xF9, 0x18, 0xF1, 0x18, 0xF1, 0x18, 0xF1,
    0x18, 0xF1, 0x18, 0xF1, 0x18, 0xF1, 0x18, 0xF1, 0x18, 0xF1, 0x18, 0xF1, 0x18, 0xF1, 0x18, 0xF1,
    0x5A, 0xF9, 0x00, 0x0D, 0x5A, 0xF9, 0x00, 0x0C, 0x5A, 0xF9, 0x08, 0x2A, 0x5A, 0xF9, 0x00, 0x2B,
    0x5A, 0xF9, 0x00, 0x0C, 0x5A, 0xF9, 0x00, 0x2B, 0x5A, 0xF9, 0x00, 0x0B, 0x5A, 0xF9, 0x00, 0x2B,
    0x5A, 0xF9, 0x08, 0x2A, 0x5A, 0xF9, 0x18, 0xF1, 0x18, 0xF1, 0x18, 0xF1, 0x5B, 0x1C, 0x5B, 0x1C,
    0x5B, 0x1C, 0x63, 0x1C, 0x63, 0x1C, 0x18, 0xF1, 0x18, 0xF1, 0x18, 0xF1, 0x18, 0xF1, 0x18, 0xF1,
    0x18, 0xF1, 0x00, 0x0E, 0x5A, 0xF9, 0x00, 0x10, 0x5A, 0xF9, 0x00, 0x0E, 0x5A, 0xF9, 0x00, 0x2B,
    0x5A, 0xF9, 0x00, 0x0C, 0x5A, 0xF9, 0x00, 0x2B, 0x5A, 0xF9, 0x18, 0xF1, 0x18, 0xF1, 0x18, 0xF1,
    0x18, 0xF1, 0x18, 0xF1, 0x18, 0xF1, 0x18, 0xF1, 0x18, 0xF1, 0x18, 0xF1, 0x18, 0xF1, 0x00, 0x2B,
    0x5A, 0xF9, 0x08, 0x2A, 0x5A, 0xF9, 0x00, 0x0D, 0x18, 0xF1, 0x18, 0xF1, 0x18, 0xF1, 0x18, 0xF1,
    0x18, 0xF1, 0x18, 0xF1, 0x18, 0xF1, 0x18, 0xF1, 0x18, 0xF1, 0x18, 0xF1, 0x5A, 0xF9, 0x00, 0x0D,
    0x5A, 0xF9, 0x00, 0x0C, 0x5A, 0xF9, 0x18, 0xF1, 0x18, 0xF1, 0x18, 0xF1, 0x18, 0xF1, 0x18, 0xF1,
    0x18, 0xF1, 0x18, 0xF1, 0x18, 0xF1, 0x18, 0xF1, 0x18, 0xF1, 0x00, 0x2B, 0x5A, 0xF9, 0x08, 0x2A,
    0x5A, 0xF9, 0x00, 0x0B, 0x18, 0xF1, 0x18, 0xF1, 0x18, 0xF1, 0x18, 0xF1, 0x18, 0xF1, 0x18, 0xF1,
    0x18, 0xF1, 0x18, 0xF1, 0x18, 0xF1, 0x18, 0xF1, 0x18, 0xF1, 0x00, 0x0F, 0x5A, 0xF9, 0x00, 0x0E,
    0x5A, 0xF9, 0x00, 0x10, 0x5A, 0xF9, 0x00, 0x0E, 0x5A, 0xF9, 0x00, 0x2B, 0x5A, 0xF9, 0x00, 0x0C,
    0x5A, 0xF9, 0x00, 0x2B, 0x5A, 0xF9, 0x08, 0x2A, 0x5A, 0xF9, 0x00, 0x2B, 0x5A, 0xF9, 0x00, 0x2B,
    0x5A, 0xF9, 0x08, 0x2A, 0x5A, 0xF9, 0x18, 0xF1, 0x18, 0xF1, 0x18, 0xF1, 0x18, 0xF1, 0x18, 0xF1,
    0x18, 0xF1, 0x18, 0xF1, 0x18, 0xF1, 0x18, 0xF1, 0x18, 0xF1, 0x00, 0x0E, 0x5A, 0xF9, 0x00, 0x0D,
    0x5A, 0xF9, 0x00, 0x0C, 0x18, 0xF1, 0x18, 0xF1, 0x18, 0xF1, 0x18, 0xF1, 0x18, 0xF1, 0x18, 0xF1,
    0x18, 0xF1, 0x18, 0xF1, 0x18, 0xF1, 0x18, 0xF1, 0x5A, 0xF9, 0x00, 0x0C, 0x5A, 0xF9, 0x00, 0x2B,
    0x5A, 0xF9, 0x18, 0xF1, 0x18, 0xF1, 0x18, 0xF1, 0x18, 0xF1, 0x18, 0xF1, 0x18, 0xF1, 0x18, 0xF1,
    0x18, 0xF1, 0x18, 0xF1, 0x18, 0xF1, 0x00, 0x2B, 0x5A, 0xF9, 0x08, 0x2A, 0x5A, 0xF9, 0x00, 0x0C,
    0x18, 0xF1, 0x18, 0xF1, 0x18, 0xF1, 0x18, 0xF1, 0x18, 0xF1, 0x18, 0xF1, 0x18, 0xF1, 0x18, 0xF1,
    0x18, 0xF1, 0x18, 0xF1, 0x5A, 0xF9, 0x00, 0x2B, 0x5A, 0xF9, 0x00, 0x0C, 0x5A, 0xF9, 0x00, 0x2B,
    0x5A, 0xF9, 0x08, 0x2A, 0x5A, 0xF9, 0x00, 0x2B, 0x52, 0x75, 0x00, 0x2B, 0x00, 0x00, 0x08, 0x2A,
    0x00, 0x2B, 0x94, 0x7F, 0x00, 0x0C, 0x6B, 0x5D, 0x00, 0x0B, 0x62, 0xFA, 0x08, 0x2A, 0x62, 0xFA,
    0x00, 0x0C, 0x62, 0xFA, 0x00, 0x0C, 0x62, 0xFA, 0x08, 0x2A, 0x62, 0xFA, 0x18, 0xF0, 0x18, 0xF1,
    0x63, 0x3C, 0x63, 0x3C, 0x63, 0x3C, 0x63, 0x3C, 0x18, 0xF1, 0x18, 0xF1, 0x00, 0x0E, 0x18, 0xF1,
    0x18, 0xF0, 0x63, 0x3C, 0x63, 0x3C, 0x63, 0x3C, 0x18, 0xF0, 0x18, 0xF0, 0x00, 0x0D, 0x18, 0xF1,
    0x18, 0xF0, 0x63, 0x3C, 0x63, 0x3C, 0x63, 0x3C, 0x63, 0x3C, 0x18, 0xF0, 0x18, 0xF1, 0x63, 0x3C,
    0x63, 0x3C, 0x63, 0x3C, 0x63, 0x3C, 0x18, 0xF0, 0x18, 0xF1, 0x18, 0xF1, 0x63, 0x3C, 0x63, 0x3C,
    0x63, 0x3C, 0x63, 0x3C, 0x18, 0xF1, 0x18, 0xF1, 0x18, 0xF1, 0x63, 0x3C, 0x63, 0x3C, 0x63, 0x3C,
    0x63, 0x3C, 0x18, 0xF0, 0x18, 0xF1, 0x62, 0xFA, 0x00, 0x0E, 0x62, 0xFA, 0x00, 0x0C, 0x62, 0xFA,
    0x00, 0x2B, 0x62, 0xFA, 0x00, 0x0C, 0x62, 0xFA, 0x00, 0x2B, 0x62, 0xFA, 0x00, 0x2B, 0x62, 0xFA,
    0x00, 0x0C, 0x62, 0xFA, 0x00, 0x0B, 0x62, 0xFA, 0x08, 0x2A, 0x62, 0xFA, 0x00, 0x0C, 0x62, 0xFA,
    0x00, 0x0C, 0x62, 0xFA, 0x08, 0x2A, 0x62, 0xFA, 0x08, 0x2A, 0x62, 0xFA, 0x00, 0x2B, 0x62, 0xFA,
    0x00, 0x0D, 0x62, 0xFA, 0x00, 0x0E, 0x62, 0xFA, 0x00, 0x0E, 0x62, 0xFA, 0x00, 0x0E, 0x62, 0xFA,
    0x00, 0x0E, 0x62, 0xFA, 0x00, 0x0B, 0x62, 0xFA, 0x00, 0x0D, 0x62, 0xFA, 0x00, 0x2B, 0x62, 0xFA,
    0x00, 0x0B, 0x62, 0xFA, 0x00, 0x0D, 0x62, 0xFA, 0x00, 0x2B, 0x62, 0xFA, 0x08, 0x2A, 0x62, 0xFA,
    0x00, 0x0C, 0x62, 0xFA, 0x00, 0x2B, 0x62, 0xFA, 0x18, 0xF1, 0x18, 0xF1, 0x18, 0xF1, 0x18, 0xF1,
    0x63, 0x3C, 0x63, 0x3C, 0x63, 0x3C, 0x63, 0x3C, 0x63, 0x3C, 0x18, 0xF1, 0x18, 0xF1, 0x18, 0xF1,
    0x18, 0xF1, 0x62, 0xFA, 0x00, 0x0E, 0x62, 0xFA, 0x00, 0x0C, 0x62, 0xFA, 0x00, 0x2B, 0x62, 0xFA,
    0x00, 0x0C, 0x62, 0xFA, 0x00, 0x2B, 0x62, 0xFA, 0x00, 0x2B, 0x62, 0xFA, 0x00, 0x0C, 0x62, 0xFA,
    0x00, 0x0B, 0x62, 0xFA, 0x18, 0xF1, 0x18, 0xF1, 0x18, 0xF1, 0x63, 0x3C, 0x63, 0x3C, 0x63, 0x3C,
    0x63, 0x3C, 0x63, 0x3C, 0x63, 0x3C, 0x18, 0xF1, 0x18, 0xF1, 0x18, 0xF0, 0x18, 0xF1, 0x18, 0xF1,
    0x18, 0xF0, 0x18, 0xF1, 0x00, 0x0E, 0x62, 0xFA, 0x00, 0x0E, 0x62, 0xFA, 0x00, 0x0E, 0x62, 0xFA,
    0x00, 0x0B, 0x62, 0xFA, 0x00, 0x0D, 0x62, 0xFA, 0x18, 0xF0, 0x18, 0xF1, 0x18, 0xF0, 0x63, 0x3C,
    0x63, 0x3C, 0x63, 0x3C, 0x63, 0x3C, 0x63, 0x3C, 0x63, 0x3C, 0x18, 0xF1, 0x18, 0xF0, 0x18, 0xF1,
    0x00, 0x2B, 0x62, 0xFA, 0x08, 0x2A, 0x18, 0xF1, 0x18, 0xF1, 0x18, 0xF1, 0x63, 0x3C, 0x63, 0x3C,
    0x63, 0x3C, 0x63, 0x3C, 0x63, 0x3C, 0x18, 0xF1, 0x18, 0xF1, 0x18, 0xF1, 0x18, 0xF0, 0x62, 0xFA,
    0x00, 0x0E, 0x62, 0xFA, 0x18, 0xF1, 0x18, 0xF1, 0x18, 0xF1, 0x63, 0x3C, 0x63, 0x3C, 0x63, 0x3C,
    0x63, 0x3C, 0x63, 0x3C, 0x18, 0xF0, 0x18, 0xF1, 0x18, 0xF1, 0x18, 0xF1, 0x00, 0x0B, 0x62, 0xFA,
    0x08, 0x2A, 0x18, 0xF1, 0x18, 0xF1, 0x18, 0xF1, 0x18, 0xF1, 0x63, 0x3C, 0x63, 0x3C, 0x63, 0x3C,
    0x63, 0x3C, 0x63, 0x3C, 0x63, 0x3C, 0x18, 0xF0, 0x18, 0xF1, 0x62, 0xFA, 0x00, 0x0E, 0x62, 0xFA,
    0x00, 0x0E, 0x62, 0xFA, 0x00, 0x0E, 0x62, 0xFA, 0x00, 0x0E, 0x62, 0xFA, 0x00, 0x0B, 0x62, 0xFA,
    0x00, 0x0D, 0x62, 0xFA, 0x00, 0x2B, 0x62, 0xFA, 0x00, 0x0B, 0x62, 0xFA, 0x00, 0x0D, 0x62, 0xFA,
    0x00, 0x2B, 0x62, 0xFA, 0x18, 0xF1, 0x18, 0xF1, 0x18, 0xF1, 0x63, 0x3C, 0x63, 0x3C, 0x63, 0x3C,
    0x63, 0x3C, 0x63, 0x3C, 0x63, 0x3C, 0x18, 0xF1, 0x18, 0xF1, 0x18, 0xF0, 0x00, 0x0E, 0x62, 0xFA,
    0x00, 0x0D, 0x18, 0xF0, 0x18, 0xF0, 0x18, 0xF1, 0x63, 0x3C, 0x63, 0x3C, 0x63, 0x3C, 0x63, 0x3C,
    0x63, 0x3C, 0x18, 0xF0, 0x18, 0xF1, 0x18, 0xF1, 0x18, 0xF1, 0x62, 0xFA, 0x00, 0x2B, 0x62, 0xFA,
    0x18, 0xF1, 0x18, 0xF1, 0x18, 0xF0, 0x63, 0x3C, 0x63, 0x3C, 0x63, 0x3C, 0x63, 0x3C, 0x63, 0x3C,
    0x63, 0x3C, 0x18, 0xF1, 0x18, 0xF0, 0x18, 0xF1, 0x08, 0x2A, 0x62, 0xFA, 0x08, 0x2A, 0x18, 0xF1,
    0x18, 0xF0, 0x18, 0xF1, 0x63, 0x3C, 0x63, 0x3C, 0x63, 0x3C, 0x63, 0x3C, 0x63, 0x3C, 0x63, 0x3C,
    0x18, 0xF1, 0x18, 0xF0, 0x18, 0xF1, 0x62, 0xFA, 0x00, 0x0B, 0x62, 0xFA, 0x00, 0x0D, 0x62, 0xFA,
    0x00, 0x2B, 0x62, 0xFA, 0x00, 0x0B, 0x8C, 0x3F, 0x00, 0x0D, 0x00, 0x00, 0x00, 0x2B, 0x00, 0x00,
    0xD6, 0x7F, 0x00, 0x2B, 0x84, 0x3F, 0x00, 0x0B, 0x00, 0x00, 0x00, 0x2B, 0x62, 0xFA, 0x08, 0x2A,
    0x62, 0xFA, 0x08, 0x2A, 0x62, 0xFA, 0x00, 0x0C, 0x62, 0xFA, 0x00, 0x2B, 0x18, 0xF0, 0x18, 0xF0,
    0x18, 0xF0, 0x6B, 0x5C, 0x6B, 0x5C, 0x6B, 0x5C, 0x18, 0xF1, 0x18, 0xF1, 0x18, 0xF0, 0x18, 0xF0,
    0x18, 0xF0, 0x6B, 0x5C, 0x6B, 0x5C, 0x6B, 0x5C, 0x18, 0xF1, 0x18, 0xF0, 0x18, 0xF1, 0x18, 0xF1,
    0x18, 0xF0, 0x6B, 0x5C, 0x6B, 0x5C, 0x6B, 0x5C, 0x6B, 0x5C, 0x18, 0xF0, 0x18, 0xF0, 0x6B, 0x5C,
    0x6B, 0x5C, 0x6B, 0x5C, 0x6B, 0x5C, 0x18, 0xF1, 0x18, 0xF0, 0x18, 0xF0, 0x6B, 0x5C, 0x6B, 0x5C,
    0x6B, 0x5C, 0x6B, 0x5C, 0x18, 0xF1, 0x18, 0xF0, 0x18, 0xF0, 0x6B, 0x5C, 0x6B, 0x5C, 0x6B, 0x5C,
    0x6B, 0x5C, 0x18, 0xF0, 0x18, 0xF0, 0x00, 0x0C, 0x62, 0xFA, 0x00, 0x0E, 0x62, 0xFA, 0x00, 0x0C,
    0x62, 0xFA, 0x00, 0x0C, 0x62, 0xFA, 0x00, 0x0B, 0x62, 0xFA, 0x08, 0x2A, 0x62, 0xFA, 0x00, 0x2B,
    0x62, 0xFA, 0x00, 0x0B, 0x62, 0xFA, 0x00, 0x2B, 0x62, 0xFA, 0x08, 0x2A, 0x62, 0xFA, 0x08, 0x2A,
    0x62, 0xFA, 0x00, 0x0C, 0x62, 0xFA, 0x00, 0x2B, 0x62, 0xFA, 0x08, 0x2A, 0x62, 0xFA, 0x08, 0x2A,
    0x62, 0xFA, 0x00, 0x0C, 0x62, 0xFA, 0x00, 0x0C, 0x62, 0xFA, 0x00, 0x0C, 0x62, 0xFA, 0x00, 0x0D,
    0x62, 0xFA, 0x00, 0x0D, 0x62, 0xFA, 0x00, 0x0C, 0x62, 0xFA, 0x00, 0x0E, 0x62, 0xFA, 0x00, 0x0C,
    0x62, 0xFA, 0x00, 0x0D, 0x62, 0xFA, 0x00, 0x0D, 0x62, 0xFA, 0x00, 0x2B, 0x62, 0xFA, 0x08, 0x2A,
    0x62, 0xFA, 0x00, 0x0C, 0x62, 0xFA, 0x18, 0xF0, 0x18, 0xF0, 0x18, 0xF0, 0x6B, 0x5C, 0x6B, 0x5C,
    0x6B, 0x5C, 0x6B, 0x5C, 0x6B, 0x5C, 0x6B, 0x5C, 0x6B, 0x5C, 0x6B, 0x5C, 0x6B, 0x5C, 0x18, 0xF0,
    0x18, 0xF1, 0x18, 0xF0, 0x62, 0xFA, 0x00, 0x0E, 0x62, 0xFA, 0x00, 0x0C, 0x62, 0xFA, 0x00, 0x0C,
    0x62, 0xFA, 0x00, 0x0B, 0x62, 0xFA, 0x08, 0x2A, 0x62, 0xFA, 0x00, 0x2B, 0x62, 0xFA, 0x00, 0x0B,
    0x62, 0xFA, 0x00, 0x2B, 0x18, 0xF1, 0x18, 0xF1, 0x6B, 0x5C, 0x6B, 0x5C, 0x6B, 0x5C, 0x6B, 0x5C,
    0x6B, 0x5C, 0x6B, 0x5C, 0x6B, 0x5C, 0x18, 0xF0, 0x18, 0xF0, 0x6B, 0x5C, 0x6B, 0x5C, 0x6B, 0x5C,
    0x18, 0xF0, 0x18, 0xF1, 0x62, 0xFA, 0x00, 0x0C, 0x62, 0xFA, 0x00, 0x0D, 0x62, 0xFA, 0x00, 0x0D,
    0x62, 0xFA, 0x00, 0x0C, 0x62, 0xFA, 0x18, 0xF1, 0x18, 0xF0, 0x18, 0xF0, 0x6B, 0x5C, 0x6B, 0x5C,
    0x6B, 0x5C, 0x6B, 0x5C, 0x6B, 0x5C, 0x6B, 0x5C, 0x6B, 0x5C, 0x6B, 0x5C, 0x18, 0xF0, 0x18, 0xF0,
    0x18, 0xF1, 0x00, 0x2B, 0x18, 0xF0, 0x18, 0xF0, 0x18, 0xF0, 0x6B, 0x5C, 0x6B, 0x5C, 0x6B, 0x5C,
    0x6B, 0x5C, 0x6B, 0x5C, 0x6B, 0x5C, 0x6B, 0x5C, 0x6B, 0x5C, 0x18, 0xF0, 0x18, 0xF1, 0x18, 0xF1,
    0x62, 0xFA, 0x18, 0xF0, 0x18, 0xF0, 0x18, 0xF0, 0x6B, 0x5C, 0x6B, 0x5C, 0x6B, 0x5C, 0x6B, 0x5C,
    0x6B, 0x5C, 0x6B, 0x5C, 0x6B, 0x5C, 0x6B, 0x5C, 0x18, 0xF0, 0x18, 0xF0, 0x18, 0xF0, 0x00, 0x2B,
    0x18, 0xF0, 0x18, 0xF0, 0x18, 0xF0, 0x6B, 0x5C, 0x6B, 0x5C, 0x6B, 0x5C, 0x6B, 0x5C, 0x6B, 0x5C,
    0x6B, 0x5C, 0x6B, 0x5C, 0x6B, 0x5C, 0x18, 0xF0, 0x18, 0xF0, 0x00, 0x0C, 0x62, 0xFA, 0x00, 0x0C,
    0x62, 0xFA, 0x00, 0x0C, 0x62, 0xFA, 0x00, 0x0D, 0x62, 0xFA, 0x00, 0x0D, 0x62, 0xFA, 0x00, 0x0C,
    0x62, 0xFA, 0x00, 0x0E, 0x62, 0xFA, 0x00, 0x0C, 0x62, 0xFA, 0x00, 0x0D, 0x62, 0xFA, 0x00, 0x0D,
    0x62, 0xFA, 0x18, 0xF0, 0x18, 0xF1, 0x18, 0xF1, 0x6B, 0x5C, 0x6B, 0x5C, 0x6B, 0x5C, 0x6B, 0x5C,
    0x6B, 0x5C, 0x6B, 0x5C, 0x6B, 0x5C, 0x6B, 0x5C, 0x18, 0xF1, 0x18, 0xF0, 0x18, 0xF0, 0x00, 0x0D,
    0x18, 0xF1, 0x18, 0xF0, 0x18, 0xF1, 0x6B, 0x5C, 0x6B, 0x5C, 0x6B, 0x5C, 0x6B, 0x5C, 0x6B, 0x5C,
    0x6B, 0x5C, 0x6B, 0x5C, 0x6B, 0x5C, 0x18, 0xF0, 0x18, 0xF0, 0x18, 0xF0, 0x62, 0xFA, 0x18, 0xF0,
    0x18, 0xF0, 0x18, 0xF0, 0x6B, 0x5C, 0x6B, 0x5C, 0x6B, 0x5C, 0x6B, 0x5C, 0x6B, 0x5C, 0x6B, 0x5C,
    0x6B, 0x5C, 0x6B, 0x5C, 0x18, 0xF0, 0x18, 0xF0, 0x18, 0xF0, 0x00, 0x2B, 0x18, 0xF1, 0x18, 0xF1,
    0x18, 0xF0, 0x6B, 0x5C, 0x6B, 0x5C, 0x6B, 0x5C, 0x6B, 0x5C, 0x6B, 0x5C, 0x6B, 0x5C, 0x6B, 0x5C,
    0x6B, 0x5C, 0x18, 0xF0, 0x18, 0xF0, 0x18, 0xF0, 0x62, 0xFA, 0x00, 0x0C, 0x62, 0xFA, 0x00, 0x0E,
    0x62, 0xFA, 0x00, 0x0C, 0x62, 0xFA, 0x00, 0x0D, 0x52, 0x96, 0x00, 0x0D, 0x00, 0x00, 0x00, 0x2B,
    0x08, 0x2A, 0x94, 0x9F, 0x08, 0x2A, 0x6B, 0x7D, 0x00, 0x2B, 0x63, 0x1A, 0x08, 0x2A, 0x63, 0x1A,
    0x08, 0x2A, 0x63, 0x1A, 0x08, 0x2A, 0x63, 0x1A, 0x00, 0x0D, 0x63, 0x1A, 0x00, 0x2B, 0x21, 0x10,
    0x21, 0x10, 0x6B, 0x7C, 0x6B, 0x7C, 0x6B, 0x7C, 0x21, 0x10, 0x21, 0x10, 0x21, 0x10, 0x21, 0x10,
    0x6B, 0x7C, 0x6B, 0x7C, 0x6B, 0x7C, 0x6B, 0x7C, 0x6B, 0x7C, 0x21, 0x10, 0x21, 0x10, 0x21, 0x10,
    0x21, 0x10, 0x6B, 0x7C, 0x6B, 0x7C, 0x6B, 0x7C, 0x21, 0x10, 0x21, 0x10, 0x21, 0x10, 0x21, 0x10,
    0x21, 0x10, 0x21, 0x10, 0x21, 0x10, 0x21, 0x10, 0x21, 0x10, 0x21, 0x10, 0x6B, 0x7C, 0x6B, 0x9C,
    0x6B, 0x7C, 0x6B, 0x9C, 0x21, 0x10, 0x21, 0x10, 0x21, 0x10, 0x6B, 0x7C, 0x6B, 0x7C, 0x6B, 0x7C,
    0x6B, 0x9C, 0x21, 0x10, 0x21, 0x10, 0x63, 0x1A, 0x00, 0x0D, 0x63, 0x1A, 0x21, 0x10, 0x21, 0x10,
    0x21, 0x10, 0x21, 0x10, 0x21, 0x10, 0x21, 0x10, 0x21, 0x10, 0x63, 0x1A, 0x08, 0x2A, 0x63, 0x1A,
    0x08, 0x2A, 0x21, 0x10, 0x21, 0x10, 0x21, 0x10, 0x21, 0x10, 0x21, 0x10, 0x21, 0x10, 0x21, 0x10,
    0x21, 0x10, 0x21, 0x10, 0x21, 0x10, 0x21, 0x10, 0x00, 0x2B, 0x21, 0x10, 0x21, 0x10, 0x21, 0x10,
    0x21, 0x10, 0x21, 0x10, 0x21, 0x10, 0x63, 0x1A, 0x00, 0x2B, 0x63, 0x1A, 0x00, 0x2B, 0x63, 0x1A,
    0x00, 0x0C, 0x63, 0x1A, 0x21, 0x10, 0x21, 0x10, 0x21, 0x10, 0x21, 0x10, 0x21, 0x10, 0x21, 0x10,
    0x21, 0x10, 0x63, 0x1A, 0x00, 0x0E, 0x63, 0x1A, 0x00, 0x0E, 0x63, 0x1A, 0x08, 0x2A, 0x63, 0x1A,
    0x08, 0x2A, 0x63, 0x1A, 0x21, 0x10, 0x21, 0x10, 0x21, 0x10, 0x6B, 0x7C, 0x6B, 0x7C, 0x6B, 0x7C,
    0x6B, 0x7C, 0x6B, 0x9C, 0x6B, 0x7C, 0x6B, 0x7C, 0x6B, 0x7C, 0x6B, 0x7C, 0x6B, 0x7C, 0x6B, 0x7C,
    0x21, 0x10, 0x21, 0x10, 0x00, 0x0D, 0x63, 0x1A, 0x00, 0x0C, 0x63, 0x1A, 0x21, 0x10, 0x21, 0x10,
    0x21, 0x10, 0x21, 0x10, 0x21, 0x10, 0x21, 0x10, 0x21, 0x10, 0x63, 0x1A, 0x08, 0x2A, 0x63, 0x1A,
    0x00, 0x2B, 0x21, 0x10, 0x21, 0x10, 0x21, 0x10, 0x6B, 0x7C, 0x6B, 0x7C, 0x6B, 0x7C, 0x6B, 0x7C,
    0x21, 0x10, 0x21, 0x10, 0x21, 0x10, 0x21, 0x10, 0x21, 0x10, 0x6B, 0x7C, 0x6B, 0x7C, 0x6B, 0x7C,
    0x21, 0x10, 0x21, 0x10, 0x21, 0x10, 0x21, 0x10, 0x00, 0x2B, 0x63, 0x1A, 0x00, 0x0C, 0x63, 0x1A,
    0x00, 0x0D, 0x63, 0x1A, 0x21, 0x10, 0x21, 0x10, 0x21, 0x10, 0x6B, 0x7C, 0x6B, 0x7C, 0x6B, 0x7C,
    0x6B, 0x7C, 0x6B, 0x7C, 0x6B, 0x9C, 0x6B, 0x7C, 0x6B, 0x7C, 0x6B, 0x7C, 0x6B, 0x7C, 0x21, 0x10,
    0x21, 0x10, 0x63, 0x1A, 0x21, 0x10, 0x21, 0x10, 0x6B, 0x7C, 0x6B, 0x7C, 0x6B, 0x7C, 0x6B, 0x7C,
    0x6B, 0x9C, 0x6B, 0x7C, 0x6B, 0x7C, 0x6B, 0x7C, 0x6B, 0x7C, 0x6B, 0x7C, 0x21, 0x10, 0x21, 0x10,
    0x00, 0x0D, 0x21, 0x10, 0x21, 0x10, 0x6B, 0x7C, 0x6B, 0x7C, 0x6B, 0x7C, 0x6B, 0x7C, 0x6B, 0x9C,
    0x6B, 0x7C, 0x6B, 0x7C, 0x6B, 0x7C, 0x6B, 0x7C, 0x6B, 0x7C, 0x21, 0x10, 0x21, 0x10, 0x63, 0x1A,
    0x21, 0x10, 0x21, 0x10, 0x6B, 0x7C, 0x6B, 0x7C, 0x6B, 0x7C, 0x6B, 0x7C, 0x6B, 0x7C, 0x6B, 0x9C,
    0x6B, 0x7C, 0x6B, 0x7C, 0x6B, 0x7C, 0x21, 0x10, 0x21, 0x10, 0x63, 0x1A, 0x00, 0x2B, 0x63, 0x1A,
    0x00, 0x2B, 0x63, 0x1A, 0x00, 0x2B, 0x63, 0x1A, 0x00, 0x0C, 0x63, 0x1A, 0x00, 0x0D, 0x63, 0x1A,
    0x00, 0x0C, 0x63, 0x1A, 0x00, 0x0D, 0x63, 0x1A, 0x00, 0x0D, 0x63, 0x1A, 0x00, 0x0E, 0x63, 0x1A,
    0x21, 0x10, 0x21, 0x10, 0x21, 0x10, 0x6B, 0x7C, 0x6B, 0x9C, 0x6B, 0x7C, 0x6B, 0x7C, 0x6B, 0x7C,
    0x6B, 0x7C, 0x6B, 0x7C, 0x6B, 0x9C, 0x6B, 0x7C, 0x6B, 0x7C, 0x21, 0x10, 0x21, 0x10, 0x63, 0x1A,
    0x21, 0x10, 0x21, 0x10, 0x6B, 0x7C, 0x6B, 0x7C, 0x6B, 0x7C, 0x6B, 0x7C, 0x6B, 0x7C, 0x6B, 0x9C,
    0x6B, 0x9C, 0x6B, 0x7C, 0x6B, 0x7C, 0x6B, 0x9C, 0x21, 0x10, 0x21, 0x10, 0x21, 0x10, 0x21, 0x10,
    0x21, 0x10, 0x6B, 0x7C, 0x6B, 0x7C, 0x6B, 0x7C, 0x6B, 0x7C, 0x6B, 0x7C, 0x6B, 0x7C, 0x6B, 0x7C,
    0x6B, 0x7C, 0x6B, 0x7C, 0x6B, 0x9C, 0x21, 0x10, 0x21, 0x10, 0x21, 0x10, 0x21, 0x10, 0x21, 0x10,
    0x6B, 0x7C, 0x6B, 0x7C, 0x6B, 0x7C, 0x6B, 0x7C, 0x6B, 0x7C, 0x6B, 0x7C, 0x6B, 0x7C, 0x6B, 0x7C,
    0x6B, 0x7C, 0x6B, 0x7C, 0x21, 0x10, 0x21, 0x10, 0x00, 0x0D, 0x63, 0x1A, 0x00, 0x0C, 0x63, 0x1A,
    0x00, 0x0D, 0x63, 0x1A, 0x00, 0x0D, 0x8C, 0x5F, 0x00, 0x0E, 0x00, 0x00, 0x00, 0x0E, 0x00, 0x00,
    0xD6, 0x9F, 0x08, 0x2A, 0x8C, 0x5F, 0x08, 0x2A, 0x00, 0x00, 0x00, 0x2B, 0x63, 0x1A, 0x08, 0x2A,
    0x63, 0x1A, 0x08, 0x2A, 0x63, 0x1A, 0x00, 0x0C, 0x63, 0x1A, 0x00, 0x0D, 0x63, 0x1A, 0x21, 0x10,
    0x21, 0x10, 0x73, 0xBC, 0x73, 0x9C, 0x73, 0xBC, 0x21, 0x10, 0x21, 0x10, 0x21, 0x10, 0x21, 0x10,
    0x73, 0x9C, 0x73, 0xBC, 0x73, 0xBC, 0x73, 0x9C, 0x73, 0xBC, 0x21, 0x10, 0x21, 0x10, 0x21, 0x10,
    0x21, 0x10, 0x73, 0xBC, 0x73, 0x9C, 0x73, 0x9C, 0x21, 0x10, 0x21, 0x10, 0x21, 0x10, 0x21, 0x10,
    0x21, 0x10, 0x21, 0x10, 0x21, 0x10, 0x21, 0x10, 0x21, 0x10, 0x21, 0x10, 0x73, 0xBC, 0x73, 0xBC,
    0x73, 0x9C, 0x73, 0xBC, 0x21, 0x10, 0x21, 0x10, 0x21, 0x10, 0x73, 0xBC, 0x73, 0xBC, 0x73, 0xBC,
    0x73, 0xBC, 0x21, 0x10, 0x21, 0x10, 0x08, 0x2A, 0x63, 0x1A, 0x21, 0x10, 0x21, 0x10, 0x21, 0x10,
    0x21, 0x10, 0x21, 0x10, 0x21, 0x10, 0x21, 0x10, 0x21, 0x10, 0x21, 0x10, 0x63, 0x1A, 0x08, 0x2A,
    0x21, 0x10, 0x21, 0x10, 0x21, 0x10, 0x21, 0x10, 0x21, 0x10, 0x21, 0x10, 0x21, 0x10, 0x21, 0x10,
    0x21, 0x10, 0x21, 0x10, 0x21, 0x10, 0x21, 0x10, 0x21, 0x10, 0x21, 0x10, 0x21, 0x10, 0x21, 0x10,
    0x21, 0x10, 0x21, 0x10, 0x21, 0x10, 0x21, 0x10, 0x63, 0x1A, 0x08, 0x2A, 0x63, 0x1A, 0x08, 0x2A,
    0x21, 0x10, 0x21, 0x10, 0x21, 0x10, 0x21, 0x10, 0x21, 0x10, 0x21, 0x10, 0x21, 0x10, 0x21, 0x10,
    0x21, 0x10, 0x21, 0x10, 0x63, 0x1A, 0x00, 0x0E, 0x63, 0x1A, 0x00, 0x0E, 0x63, 0x1A, 0x08, 0x2A,
    0x63, 0x1A, 0x08, 0x2A, 0x21, 0x10, 0x21, 0x10, 0x73, 0xBC, 0x73, 0x9C, 0x73, 0x9C, 0x73, 0x9C,
    0x21, 0x10, 0x21, 0x10, 0x21, 0x10, 0x21, 0x10, 0x21, 0x10, 0x73, 0x9C, 0x73, 0xBC, 0x73, 0xBC,
    0x21, 0x10, 0x21, 0x10, 0x21, 0x10, 0x00, 0x2B, 0x63, 0x1A, 0x21, 0x10, 0x21, 0x10, 0x21, 0x10,
    0x21, 0x10, 0x21, 0x10, 0x21, 0x10, 0x21, 0x10, 0x21, 0x10, 0x21, 0x10, 0x21, 0x10, 0x08, 0x2A,
    0x21, 0x10, 0x21, 0x10, 0x21, 0x10, 0x21, 0x10, 0x73, 0x9C, 0x73, 0x9C, 0x73, 0x9C, 0x73, 0x9C,
    0x21, 0x10, 0x21, 0x10, 0x21, 0x10, 0x21, 0x10, 0x21, 0x10, 0x73, 0xBC, 0x73, 0xBC, 0x73, 0xBC,
    0x21, 0x10, 0x21, 0x10, 0x21, 0x10, 0x21, 0x10, 0x21, 0x10, 0x08, 0x2A, 0x63, 0x1A, 0x00, 0x0C,
    0x63, 0x1A, 0x00, 0x0B, 0x21, 0x10, 0x21, 0x10, 0x73, 0xBC, 0x73, 0xBC, 0x73, 0xBC, 0x73, 0xBC,
    0x21, 0x10, 0x21, 0x10, 0x21, 0x10, 0x73, 0xBC, 0x73, 0xBC, 0x73, 0x9C, 0x73, 0xBC, 0x21, 0x10,
    0x21, 0x10, 0x21, 0x10, 0x21, 0x10, 0x21, 0x10, 0x73, 0x9C, 0x73, 0xBC, 0x73, 0xBC, 0x21, 0x10,
    0x21, 0x10, 0x21, 0x10, 0x21, 0x10, 0x73, 0x9C, 0x73, 0xBC, 0x73, 0xBC, 0x21, 0x10, 0x21, 0x10,
    0x21, 0x10, 0x21, 0x10, 0x21, 0x10, 0x73, 0xBC, 0x73, 0x9C, 0x73, 0xBC, 0x21, 0x10, 0x21, 0x10,
    0x21, 0x10, 0x21, 0x10, 0x73, 0x9C, 0x73, 0x9C, 0x73, 0x9C, 0x21, 0x10, 0x21, 0x10, 0x21, 0x10,
    0x21, 0x10, 0x21, 0x10, 0x73, 0xBC, 0x73, 0xBC, 0x73, 0xBC, 0x73, 0x9C, 0x21, 0x10, 0x21, 0x10,
    0x21, 0x10, 0x21, 0x10, 0x21, 0x10, 0x21, 0x10, 0x21, 0x10, 0x08, 0x2A, 0x63, 0x1A, 0x08, 0x2A,
    0x63, 0x1A, 0x08, 0x2A, 0x63, 0x1A, 0x08, 0x2A, 0x63, 0x1A, 0x00, 0x0C, 0x63, 0x1A, 0x00, 0x0B,
    0x63, 0x1A, 0x00, 0x0B, 0x63, 0x1A, 0x08, 0x2A, 0x63, 0x1A, 0x00, 0x0D, 0x63, 0x1A, 0x00, 0x0E,
    0x21, 0x10, 0x21, 0x10, 0x73, 0x9C, 0x73, 0xBC, 0x73, 0x9C, 0x73, 0xBC, 0x21, 0x10, 0x21, 0x10,
    0x21, 0x10, 0x73, 0xBC, 0x73, 0xBC, 0x73, 0xBC, 0x73, 0xBC, 0x21, 0x10, 0x21, 0x10, 0x21, 0x10,
    0x21, 0x10, 0x21, 0x10, 0x73, 0xBC, 0x73, 0xBC, 0x73, 0x9C, 0x21, 0x10, 0x21, 0x10, 0x21, 0x10,
    0x21, 0x10, 0x73, 0xBC, 0x73, 0xBC, 0x73, 0xBC, 0x21, 0x10, 0x21, 0x10, 0x21, 0x10, 0x21, 0x10,
    0x73, 0xBC, 0x73, 0xBC, 0x73, 0x9C, 0x73, 0xBC, 0x21, 0x10, 0x21, 0x10, 0x21, 0x10, 0x73, 0x9C,
    0x73, 0xBC, 0x73, 0x9C, 0x73, 0xBC, 0x21, 0x10, 0x21, 0x10, 0x21, 0x10, 0x21, 0x10, 0x73, 0xBC,
    0x73, 0xBC, 0x73, 0xBC, 0x73, 0xBC, 0x21, 0x10, 0x21, 0x10, 0x21, 0x10, 0x21, 0x10, 0x73, 0xBC,
    0x73, 0x9C, 0x73, 0xBC, 0x21, 0x10, 0x21, 0x10, 0x21, 0x10, 0x00, 0x0B, 0x63, 0x1A, 0x00, 0x0B,
    0x63, 0x1A, 0x08, 0x2A, 0x63, 0x1A, 0x00, 0x0D, 0x52, 0x96, 0x00, 0x0E, 0x00, 0x00, 0x00, 0x0E,
    0x00, 0x0C, 0x94, 0xBF, 0x08, 0x2A, 0x73, 0x9E, 0x00, 0x0C, 0x63, 0x1A, 0x00, 0x0C, 0x63, 0x1A,
    0x00, 0x2B, 0x63, 0x1A, 0x08, 0x2A, 0x63, 0x1A, 0x00, 0x0D, 0x63, 0x1A, 0x00, 0x2B, 0x21, 0x10,
    0x21, 0x10, 0x73, 0xDC, 0x73, 0xBC, 0x73, 0xBC, 0x73, 0xDC, 0x21, 0x10, 0x21, 0x10, 0x21, 0x10,
    0x73, 0xDC, 0x73, 0xDC, 0x73, 0xBC, 0x73, 0xBC, 0x73, 0xDC, 0x21, 0x10, 0x21, 0x10, 0x21, 0x10,
    0x73, 0xBC, 0x73, 0xBB, 0x73, 0xDC, 0x73, 0xBC, 0x21, 0x10, 0x21, 0x10, 0x21, 0x10, 0x73, 0xBB,
    0x73, 0xBC, 0x73, 0xDC, 0x73, 0xDC, 0x21, 0x10, 0x21, 0x10, 0x21, 0x10, 0x73, 0xDB, 0x73, 0xBC,
    0x73, 0xDB, 0x73, 0xDB, 0x21, 0x10, 0x21, 0x10, 0x21, 0x10, 0x73, 0xDC, 0x73, 0xDB, 0x73, 0xDB,
    0x73, 0xDC, 0x21, 0x10, 0x21, 0x10, 0x63, 0x1A, 0x21, 0x10, 0x21, 0x10, 0x21, 0x10, 0x73, 0xBC,
    0x73, 0xBC, 0x73, 0xDC, 0x73, 0xBB, 0x73, 0xDB, 0x21, 0x10, 0x21, 0x10, 0x21, 0x10, 0x63, 0x1A,
    0x21, 0x10, 0x21, 0x10, 0x73, 0xDC, 0x73, 0xDC, 0x73, 0xBB, 0x73, 0xDC, 0x21, 0x10, 0x73, 0xBC,
    0x73, 0xDC, 0x73, 0xDB, 0x73, 0xBC, 0x21, 0x10, 0x21, 0x10, 0x21, 0x10, 0x73, 0xDC, 0x73, 0xBC,
    0x73, 0xBC, 0x73, 0xDC, 0x21, 0x10, 0x21, 0x10, 0x21, 0x10, 0x63, 0x1A, 0x08, 0x2A, 0x21, 0x10,
    0x21, 0x10, 0x21, 0x10, 0x21, 0x10, 0x73, 0xBC, 0x73, 0xDC, 0x73, 0xBC, 0x73, 0xDC, 0x73, 0xBB,
    0x21, 0x10, 0x21, 0x10, 0x21, 0x10, 0x63, 0x1A, 0x00, 0x0D, 0x63, 0x1A, 0x00, 0x0E, 0x63, 0x1A,
    0x08, 0x2A, 0x63, 0x1A, 0x21, 0x10, 0x21, 0x10, 0x73, 0xDC, 0x73, 0xBC, 0x73, 0xDC, 0x73, 0xDC,
    0x21, 0x10, 0x21, 0x10, 0x21, 0x10, 0x21, 0x10, 0x21, 0x10, 0x73, 0xDC, 0x73, 0xDC, 0x73, 0xBC,
    0x73, 0xDC, 0x21, 0x10, 0x21, 0x10, 0x63, 0x1A, 0x21, 0x10, 0x21, 0x10, 0x21, 0x10, 0x73, 0xDC,
    0x73, 0xDC, 0x73, 0xBC, 0x73, 0xBC, 0x73, 0xDC, 0x21, 0x10, 0x21, 0x10, 0x21, 0x10, 0x21, 0x10,
    0x21, 0x10, 0x21, 0x10, 0x73, 0xBC, 0x73, 0xBB, 0x73, 0xBC, 0x73, 0xDC, 0x73, 0xDB, 0x73, 0xBB,
    0x73, 0xDB, 0x73, 0xDB, 0x21, 0x10, 0x73, 0xDC, 0x73, 0xBC, 0x73, 0xBC, 0x73, 0xDC, 0x73, 0xBC,
    0x73, 0xDC, 0x73, 0xBC, 0x73, 0xDC, 0x21, 0x10, 0x21, 0x10, 0x63, 0x1A, 0x08, 0x2A, 0x63, 0x1A,
    0x00, 0x2B, 0x63, 0x1A, 0x21, 0x10, 0x21, 0x10, 0x73, 0xDC, 0x73, 0xDC, 0x73, 0xBC, 0x73, 0xBC,
    0x21, 0x10, 0x21, 0x10, 0x21, 0x10, 0x21, 0x10, 0x73, 0xBC, 0x73, 0xBC, 0x73, 0xDC, 0x21, 0x10,
    0x21, 0x10, 0x21, 0x10, 0x21, 0x10, 0x73, 0xBC, 0x73, 0xDC, 0x73, 0xBB, 0x73, 0xBC, 0x21, 0x10,
    0x21, 0x10, 0x21, 0x10, 0x21, 0x10, 0x73, 0xDC, 0x73, 0xDC, 0x73, 0xDC, 0x21, 0x10, 0x21, 0x10,
    0x21, 0x10, 0x21, 0x10, 0x73, 0xBC, 0x73, 0xBC, 0x73, 0xDC, 0x73, 0xBB, 0x21, 0x10, 0x21, 0x10,
    0x21, 0x10, 0x21, 0x10, 0x73, 0xBB, 0x73, 0xBC, 0x73, 0xDC, 0x21, 0x10, 0x21, 0x10, 0x21, 0x10,
    0x21, 0x10, 0x73, 0xDC, 0x73, 0xDB, 0x73, 0xDC, 0x73, 0xBC, 0x21, 0x10, 0x21, 0x10, 0x21, 0x10,
    0x21, 0x10, 0x21, 0x10, 0x21, 0x10, 0x21, 0x10, 0x00, 0x0D, 0x63, 0x1A, 0x00, 0x2B, 0x63, 0x1A,
    0x08, 0x2A, 0x63, 0x1A, 0x08, 0x2A, 0x63, 0x1A, 0x08, 0x2A, 0x63, 0x1A, 0x00, 0x2B, 0x63, 0x1A,
    0x00, 0x0B, 0x63, 0x1A, 0x08, 0x2A, 0x63, 0x1A, 0x08, 0x2A, 0x63, 0x1A, 0x00, 0x2B, 0x63, 0x1A,
    0x21, 0x10, 0x21, 0x10, 0x73, 0xBC, 0x73, 0xBC, 0x73, 0xDC, 0x73, 0xBC, 0x21, 0x10, 0x21, 0x10,
    0x21, 0x10, 0x21, 0x10, 0x73, 0xDC, 0x73, 0xBC, 0x73, 0xBB, 0x21, 0x10, 0x21, 0x10, 0x21, 0x10,
    0x21, 0x10, 0x73, 0xBC, 0x73, 0xDC, 0x73, 0xDC, 0x73, 0xDC, 0x21, 0x10, 0x21, 0x10, 0x21, 0x10,
    0x21, 0x10, 0x73, 0xBC, 0x73, 0xBC, 0x73, 0xBC, 0x21, 0x10, 0x21, 0x10, 0x21, 0x10, 0x21, 0x10,
    0x73, 0xBC, 0x73, 0xBC, 0x73, 0xDC, 0x73, 0xDB, 0x21, 0x10, 0x21, 0x10, 0x21, 0x10, 0x21, 0x10,
    0x73, 0xDC, 0x73, 0xBC, 0x73, 0xDC, 0x21, 0x10, 0x21, 0x10, 0x21, 0x10, 0x21, 0x10, 0x73, 0xDC,
    0x73, 0xDC, 0x73, 0xDC, 0x73, 0xBC, 0x21, 0x10, 0x21, 0x10, 0x21, 0x10, 0x21, 0x10, 0x73, 0xDC,
    0x73, 0xDC, 0x73, 0xBC, 0x73, 0xBB, 0x21, 0x10, 0x21, 0x10, 0x63, 0x1A, 0x00, 0x0B, 0x63, 0x1A,
    0x08, 0x2A, 0x63, 0x1A, 0x08, 0x2A, 0x8C, 0x7F, 0x00, 0x2B, 0x00, 0x00, 0x00, 0x0D, 0x00, 0x00,
    0xDE, 0xBF, 0x00, 0x0B, 0x8C, 0x5F, 0x00, 0x2B, 0x00, 0x00, 0x00, 0x0D, 0x63, 0x3A, 0x00, 0x0D,
    0x63, 0x3A, 0x00, 0x2B, 0x63, 0x3A, 0x00, 0x0C, 0x63, 0x3A, 0x00, 0x0C, 0x63, 0x3A, 0x21, 0x30,
    0x21, 0x30, 0x21, 0x30, 0x7B, 0xFB, 0x7B, 0xFB, 0x7B, 0xFC, 0x21, 0x30, 0x21, 0x30, 0x21, 0x30,
    0x7B, 0xFB, 0x7B, 0xFB, 0x7B, 0xFC, 0x7B, 0xFB, 0x7B, 0xFB, 0x21, 0x30, 0x21, 0x30, 0x21, 0x30,
    0x7B, 0xFB, 0x7B, 0xFB, 0x7B, 0xFC, 0x7B, 0xFB, 0x21, 0x30, 0x21, 0x30, 0x21, 0x30, 0x7B, 0xFB,
    0x7B, 0xFB, 0x7B, 0xFB, 0x7B, 0xFC, 0x21, 0x30, 0x21, 0x30, 0x21, 0x30, 0x7B, 0xFC, 0x7B, 0xFC,
    0x7B, 0xFB, 0x7B, 0xFC, 0x21, 0x30, 0x21, 0x30, 0x21, 0x30, 0x7B, 0xFB, 0x7B, 0xFB, 0x7B, 0xFB,
    0x7B, 0xFB, 0x21, 0x30, 0x21, 0x30, 0x21, 0x30, 0x21, 0x30, 0x21, 0x30, 0x7B, 0xFB, 0x7B, 0xFB,
    0x7B, 0xFC, 0x7B, 0xFB, 0x7B, 0xFC, 0x7B, 0xFB, 0x7B, 0xFC, 0x21, 0x30, 0x21, 0x30, 0x21, 0x30,
    0x21, 0x30, 0x21, 0x30, 0x7B, 0xFB, 0x7B, 0xFB, 0x7B, 0xFB, 0x7B, 0xFC, 0x7B, 0xFC, 0x7B, 0xFB,
    0x7B, 0xFB, 0x7B, 0xFB, 0x7B, 0xFC, 0x7B, 0xFB, 0x21, 0x30, 0x7B, 0xFB, 0x7B, 0xFB, 0x7B, 0xFB,
    0x7B, 0xFB, 0x7B, 0xFB, 0x7B, 0xFB, 0x21, 0x30, 0x21, 0x30, 0x21, 0x30, 0x21, 0x30, 0x21, 0x30,
    0x21, 0x30, 0x7B, 0xFB, 0x7B, 0xFC, 0x7B, 0xFB, 0x7B, 0xFC, 0x7B, 0xFB, 0x7B, 0xFB, 0x7B, 0xFB,
    0x7B, 0xFB, 0x21, 0x30, 0x21, 0x30, 0x21, 0x30, 0x63, 0x3A, 0x00, 0x0E, 0x63, 0x3A, 0x00, 0x0D,
    0x63, 0x3A, 0x08, 0x2A, 0x21, 0x30, 0x21, 0x30, 0x7B, 0xFB, 0x7B, 0xFB, 0x7B, 0xFB, 0x7B, 0xFB,
    0x21, 0x30, 0x21, 0x30, 0x21, 0x30, 0x21, 0x30, 0x21, 0x30, 0x21, 0x30, 0x21, 0x30, 0x21, 0x30,
    0x21, 0x30, 0x21, 0x30, 0x21, 0x30, 0x21, 0x30, 0x21, 0x30, 0x21, 0x30, 0x7B, 0xFB, 0x7B, 0xFC,
    0x7B, 0xFC, 0x7B, 0xFB, 0x7B, 0xFB, 0x7B, 0xFB, 0x7B, 0xFC, 0x7B, 0xFB, 0x21, 0x30, 0x21, 0x30,
    0x21, 0x30, 0x21, 0x30, 0x7B, 0xFB, 0x7B, 0xFB, 0x7B, 0xFB, 0x7B, 0xFB, 0x7B, 0xFB, 0x7B, 0xFC,
    0x7B, 0xFB, 0x7B, 0xFB, 0x21, 0x30, 0x7B, 0xFC, 0x7B, 0xFB, 0x7B, 0xFC, 0x7B, 0xFB, 0x7B, 0xFB,
    0x7B, 0xFC, 0x7B, 0xFB, 0x7B, 0xFB, 0x21, 0x30, 0x21, 0x30, 0x08, 0x2A, 0x63, 0x3A, 0x08, 0x2A,
    0x63, 0x3A, 0x00, 0x2B, 0x21, 0x30, 0x21, 0x30, 0x7B, 0xFC, 0x7B, 0xFB, 0x7B, 0xFB, 0x21, 0x30,
    0x21, 0x30, 0x21, 0x30, 0x21, 0x30, 0x21, 0x30, 0x7B, 0xFB, 0x7B, 0xFB, 0x7B, 0xFB, 0x21, 0x30,
    0x21, 0x30, 0x21, 0x30, 0x21, 0x30, 0x7B, 0xFB, 0x7B, 0xFB, 0x7B, 0xFB, 0x7B, 0xFB, 0x21, 0x30,
    0x21, 0x30, 0x21, 0x30, 0x21, 0x30, 0x7B, 0xFB, 0x7B, 0xFB, 0x7B, 0xFB, 0x7B, 0xFC, 0x21, 0x30,
    0x21, 0x30, 0x21, 0x30, 0x7B, 0xFB, 0x7B, 0xFB, 0x7B, 0xFB, 0x7B, 0xFB, 0x21, 0x30, 0x21, 0x30,
    0x21, 0x30, 0x21, 0x30, 0x7B, 0xFC, 0x7B, 0xFC, 0x7B, 0xFC, 0x7B, 0xFC, 0x21, 0x30, 0x21, 0x30,
    0x21, 0x30, 0x7B, 0xFC, 0x7B, 0xFB, 0x7B, 0xFB, 0x7B, 0xFB, 0x21, 0x30, 0x21, 0x30, 0x21, 0x30,
    0x21, 0x30, 0x21, 0x30, 0x21, 0x30, 0x21, 0x30, 0x21, 0x30, 0x00, 0x0E, 0x63, 0x3A, 0x00, 0x0C,
    0x63, 0x3A, 0x08, 0x2A, 0x63, 0x3A, 0x08, 0x2A, 0x63, 0x3A, 0x08, 0x2A, 0x63, 0x3A, 0x00, 0x2B,
    0x63, 0x3A, 0x00, 0x0C, 0x63, 0x3A, 0x08, 0x2A, 0x63, 0x3A, 0x08, 0x2A, 0x63, 0x3A, 0x08, 0x2A,
    0x21, 0x30, 0x21, 0x30, 0x7B, 0xFB, 0x7B, 0xFB, 0x7B, 0xFB, 0x21, 0x30, 0x21, 0x30, 0x21, 0x30,
    0x21, 0x30, 0x21, 0x30, 0x7B, 0xFB, 0x7B, 0xFB, 0x7B, 0xFB, 0x21, 0x30, 0x21, 0x30, 0x21, 0x30,
    0x21, 0x30, 0x7B, 0xFC, 0x7B, 0xFB, 0x7B, 0xFB, 0x7B, 0xFB, 0x21, 0x30, 0x21, 0x30, 0x21, 0x30,
    0x21, 0x30, 0x7B, 0xFB, 0x7B, 0xFB, 0x7B, 0xFC, 0x7B, 0xFB, 0x21, 0x30, 0x21, 0x30, 0x21, 0x30,
    0x7B, 0xFB, 0x7B, 0xFB, 0x7B, 0xFB, 0x21, 0x30, 0x21, 0x30, 0x21, 0x30, 0x21, 0x30, 0x21, 0x30,
    0x7B, 0xFB, 0x7B, 0xFC, 0x7B, 0xFB, 0x21, 0x30, 0x21, 0x30, 0x21, 0x30, 0x21, 0x30, 0x21, 0x30,
    0x21, 0x30, 0x21, 0x30, 0x21, 0x30, 0x21, 0x30, 0x21, 0x30, 0x21, 0x30, 0x21, 0x30, 0x7B, 0xFC,
    0x7B, 0xFB, 0x7B, 0xFB, 0x21, 0x30, 0x21, 0x30, 0x21, 0x30, 0x00, 0x2B, 0x63, 0x3A, 0x00, 0x0C,
    0x63, 0x3A, 0x08, 0x2A, 0x63, 0x3A, 0x08, 0x2A, 0x52, 0xB6, 0x08, 0x2A, 0x00, 0x00, 0x00, 0x0E,
    0x00, 0x0D, 0x9C, 0xBF, 0x00, 0x0B, 0x73, 0x9E, 0x00, 0x2B, 0x63, 0x3B, 0x00, 0x0D, 0x63, 0x3B,
    0x00, 0x0D, 0x63, 0x3B, 0x00, 0x2B, 0x63, 0x3B, 0x00, 0x0D, 0x63, 0x3B, 0x00, 0x0B, 0x63, 0x3B,
    0x21, 0x30, 0x21, 0x30, 0x7C, 0x1B, 0x7C, 0x1B, 0x7C, 0x1B, 0x21, 0x30, 0x21, 0x30, 0x7C, 0x1B,
    0x7C, 0x1B, 0x7C, 0x1B, 0x21, 0x30, 0x7C, 0x1B, 0x7C, 0x1B, 0x7C, 0x1B, 0x21, 0x30, 0x21, 0x30,
    0x7C, 0x1B, 0x7C, 0x1B, 0x7C, 0x1B, 0x21, 0x30, 0x21, 0x30, 0x21, 0x30, 0x21, 0x30, 0x7C, 0x1B,
    0x7C, 0x1B, 0x7C, 0x1B, 0x7C, 0x1B, 0x21, 0x30, 0x21, 0x50, 0x21, 0x30, 0x7C, 0x1B, 0x7C, 0x1B,
    0x7C, 0x1B, 0x7C, 0x1B, 0x21, 0x30, 0x21, 0x30, 0x21, 0x30, 0x7C, 0x1B, 0x7C, 0x1B, 0x7C, 0x1B,
    0x7C, 0x1B, 0x21, 0x30, 0x21, 0x30, 0x21, 0x30, 0x21, 0x30, 0x7C, 0x1B, 0x7C, 0x1B, 0x7C, 0x1B,
    0x7C, 0x1B, 0x7C, 0x1B, 0x7C, 0x1B, 0x7C, 0x1B, 0x7C, 0x1B, 0x7C, 0x1B, 0x21, 0x30, 0x21, 0x30,
    0x21, 0x30, 0x21, 0x30, 0x7C, 0x1B, 0x7C, 0x1B, 0x7C, 0x1B, 0x7C, 0x1B, 0x7C, 0x1B, 0x7C, 0x1B,
    0x7C, 0x1B, 0x7C, 0x1B, 0x7C, 0x1B, 0x7C, 0x1B, 0x7C, 0x1B, 0x7C, 0x1B, 0x7C, 0x1B, 0x7C, 0x1B,
    0x7C, 0x1B, 0x7C, 0x1B, 0x7C, 0x1B, 0x7C, 0x1B, 0x21, 0x30, 0x21, 0x30, 0x21, 0x30, 0x21, 0x30,
    0x7C, 0x1B, 0x7C, 0x1B, 0x7C, 0x1B, 0x7C, 0x1B, 0x7C, 0x1B, 0x7C, 0x1B, 0x7C, 0x1B, 0x7C, 0x1B,
    0x7C, 0x1B, 0x7C, 0x1B, 0x21, 0x30, 0x21, 0x50, 0x00, 0x2B, 0x63, 0x3B, 0x00, 0x0D, 0x63, 0x3B,
    0x00, 0x0C, 0x63, 0x3B, 0x21, 0x30, 0x21, 0x30, 0x21, 0x30, 0x7C, 0x1B, 0x7C, 0x1B, 0x7C, 0x1B,
    0x7C, 0x1B, 0x21, 0x30, 0x21, 0x30, 0x21, 0x30, 0x21, 0x50, 0x21, 0x30, 0x21, 0x30, 0x21, 0x30,
    0x21, 0x30, 0x21, 0x30, 0x21, 0x50, 0x21, 0x30, 0x21, 0x30, 0x7C, 0x1B, 0x7C, 0x1B, 0x7C, 0x1B,
    0x7C, 0x1B, 0x7C, 0x1B, 0x7C, 0x1B, 0x7C, 0x1B, 0x7C, 0x1B, 0x7C, 0x1B, 0x7C, 0x1B, 0x21, 0x30,
    0x21, 0x30, 0x21, 0x30, 0x7C, 0x1B, 0x7C, 0x1B, 0x7C, 0x1B, 0x7C, 0x1B, 0x7C, 0x1B, 0x7C, 0x1B,
    0x7C, 0x1B, 0x7C, 0x1B, 0x21, 0x30, 0x7C, 0x1B, 0x7C, 0x1B, 0x7C, 0x1B, 0x7C, 0x1B, 0x7C, 0x1B,
    0x7C, 0x1B, 0x7C, 0x1B, 0x7C, 0x1B, 0x21, 0x30, 0x21, 0x30, 0x63, 0x3B, 0x08, 0x2A, 0x63, 0x3B,
    0x08, 0x2A, 0x63, 0x3B, 0x21, 0x30, 0x21, 0x30, 0x21, 0x30, 0x21, 0x30, 0x21, 0x30, 0x21, 0x30,
    0x21, 0x50, 0x21, 0x30, 0x21, 0x50, 0x7C, 0x1B, 0x7C, 0x1B, 0x7C, 0x1B, 0x7C, 0x1B, 0x21, 0x30,
    0x21, 0x30, 0x21, 0x30, 0x21, 0x30, 0x7C, 0x1B, 0x7C, 0x1B, 0x7C, 0x1B, 0x7C, 0x1B, 0x21, 0x30,
    0x21, 0x30, 0x21, 0x30, 0x21, 0x30, 0x7C, 0x1B, 0x7C, 0x1B, 0x7C, 0x1B, 0x7C, 0x1B, 0x21, 0x30,
    0x21, 0x30, 0x21, 0x30, 0x7C, 0x1B, 0x7C, 0x1B, 0x7C, 0x1B, 0x7C, 0x1B, 0x21, 0x30, 0x21, 0x30,
    0x21, 0x30, 0x21, 0x30, 0x7C, 0x1B, 0x7C, 0x1B, 0x7C, 0x1B, 0x7C, 0x1B, 0x21, 0x30, 0x21, 0x30,
    0x21, 0x30, 0x7C, 0x1B, 0x7C, 0x1B, 0x7C, 0x1B, 0x7C, 0x1B, 0x21, 0x30, 0x7C, 0x1B, 0x7C, 0x1B,
    0x7C, 0x1B, 0x7C, 0x1B, 0x21, 0x30, 0x21, 0x30, 0x21, 0x30, 0x21, 0x30, 0x00, 0x0F, 0x63, 0x3B,
    0x00, 0x0D, 0x63, 0x3B, 0x00, 0x2B, 0x21, 0x30, 0x21, 0x30, 0x21, 0x30, 0x21, 0x30, 0x21, 0x30,
    0x21, 0x30, 0x21, 0x30, 0x21, 0x30, 0x21, 0x30, 0x08, 0x2A, 0x63, 0x3B, 0x08, 0x2A, 0x63, 0x3B,
    0x21, 0x30, 0x21, 0x30, 0x21, 0x50, 0x21, 0x30, 0x21, 0x30, 0x21, 0x30, 0x21, 0x30, 0x21, 0x30,
    0x21, 0x30, 0x7C, 0x1B, 0x7C, 0x1B, 0x7C, 0x1B, 0x7C, 0x1B, 0x21, 0x30, 0x21, 0x50, 0x21, 0x30,
    0x21, 0x50, 0x7C, 0x1B, 0x7C, 0x1B, 0x7C, 0x1B, 0x7C, 0x1B, 0x21, 0x30, 0x21, 0x30, 0x21, 0x30,
    0x21, 0x30, 0x7C, 0x1B, 0x7C, 0x1B, 0x7C, 0x1B, 0x7C, 0x1B, 0x21, 0x30, 0x21, 0x30, 0x21, 0x30,
    0x21, 0x30, 0x21, 0x30, 0x21, 0x30, 0x21, 0x30, 0x21, 0x30, 0x21, 0x30, 0x21, 0x30, 0x7C, 0x1B,
    0x7C, 0x1B, 0x7C, 0x1B, 0x7C, 0x1B, 0x21, 0x30, 0x21, 0x30, 0x63, 0x3B, 0x21, 0x30, 0x21, 0x30,
    0x21, 0x50, 0x21, 0x30, 0x21, 0x30, 0x21, 0x30, 0x21, 0x30, 0x21, 0x30, 0x21, 0x30, 0x7C, 0x1B,
    0x7C, 0x1B, 0x7C, 0x1B, 0x21, 0x30, 0x21, 0x30, 0x08, 0x2A, 0x63, 0x3B, 0x00, 0x0D, 0x63, 0x3B,
    0x00, 0x2B, 0x63, 0x3B, 0x08, 0x2A, 0x94, 0x9F, 0x08, 0x2A, 0x00, 0x00, 0x00, 0x2B, 0x00, 0x00,
    0xDE, 0xDF, 0x00, 0x0C, 0x94, 0x7F, 0x00, 0x0B, 0x00, 0x00, 0x00, 0x2B, 0x63, 0x3B, 0x00, 0x0D,
    0x63, 0x3B, 0x00, 0x2B, 0x63, 0x3B, 0x00, 0x2B, 0x63, 0x3B, 0x00, 0x0C, 0x63, 0x3B, 0x00, 0x2B,
    0x29, 0x70, 0x29, 0x50, 0x84, 0x3B, 0x84, 0x3B, 0x84, 0x3B, 0x29, 0x50, 0x29, 0x50, 0x84, 0x3B,
    0x84, 0x3B, 0x84, 0x3B, 0x29, 0x50, 0x84, 0x3B, 0x84, 0x3B, 0x84, 0x3B, 0x29, 0x50, 0x29, 0x50,
    0x84, 0x3B, 0x84, 0x3B, 0x84, 0x3B, 0x29, 0x70, 0x29, 0x70, 0x29, 0x50, 0x29, 0x50, 0x84, 0x3B,
    0x84, 0x3B, 0x84, 0x3B, 0x84, 0x3B, 0x29, 0x50, 0x29, 0x50, 0x29, 0x50, 0x84, 0x3B, 0x84, 0x3B,
    0x84, 0x3B, 0x84, 0x3B, 0x29, 0x50, 0x29, 0x50, 0x29, 0x50, 0x84, 0x3B, 0x84, 0x3B, 0x84, 0x3B,
    0x84, 0x3B, 0x29, 0x50, 0x29, 0x70, 0x29, 0x50, 0x84, 0x3B, 0x84, 0x3B, 0x84, 0x3B, 0x84, 0x3B,
    0x29, 0x50, 0x29, 0x70, 0x29, 0x50, 0x84, 0x3B, 0x84, 0x3B, 0x84, 0x3B, 0x84, 0x3B, 0x29, 0x50,
    0x29, 0x50, 0x29, 0x50, 0x84, 0x3B, 0x84, 0x3B, 0x84, 0x3B, 0x84, 0x3B, 0x29, 0x50, 0x29, 0x50,
    0x29, 0x50, 0x84, 0x3B, 0x84, 0x3B, 0x84, 0x3B, 0x84, 0x3B, 0x29, 0x50, 0x29, 0x50, 0x29, 0x50,
    0x29, 0x50, 0x84, 0x3B, 0x84, 0x3B, 0x84, 0x3B, 0x29, 0x70, 0x29, 0x50, 0x29, 0x50, 0x29, 0x50,
    0x84, 0x3B, 0x84, 0x3B, 0x84, 0x3B, 0x29, 0x50, 0x29, 0x50, 0x29, 0x50, 0x29, 0x50, 0x84, 0x3B,
    0x84, 0x3B, 0x84, 0x3B, 0x29, 0x50, 0x29, 0x50, 0x63, 0x3B, 0x00, 0x0C, 0x63, 0x3B, 0x00, 0x0D,
    0x63, 0x3B, 0x00, 0x2B, 0x63, 0x3B, 0x29, 0x50, 0x29, 0x50, 0x29, 0x50, 0x84, 0x3B, 0x84, 0x3B,
    0x84, 0x3B, 0x84, 0x3B, 0x84, 0x3B, 0x84, 0x3B, 0x29, 0x50, 0x29, 0x50, 0x29, 0x70, 0x29, 0x70,
    0x29, 0x50, 0x00, 0x0E, 0x29, 0x50, 0x29, 0x50, 0x84, 0x3B, 0x84, 0x3B, 0x84, 0x3B, 0x84, 0x3B,
    0x29, 0x50, 0x29, 0x50, 0x29, 0x50, 0x29, 0x50, 0x84, 0x3B, 0x84, 0x3B, 0x84, 0x3B, 0x29, 0x50,
    0x29, 0x50, 0x29, 0x50, 0x29, 0x70, 0x29, 0x50, 0x84, 0x3B, 0x84, 0x3B, 0x84, 0x3B, 0x84, 0x3B,
    0x29, 0x50, 0x29, 0x50, 0x29, 0x50, 0x29, 0x50, 0x29, 0x50, 0x84, 0x3B, 0x84, 0x3B, 0x84, 0x3B,
    0x29, 0x70, 0x29, 0x50, 0x29, 0x50, 0x29, 0x70, 0x29, 0x50, 0x08, 0x2A, 0x63, 0x3B, 0x08, 0x2A,
    0x63, 0x3B, 0x00, 0x2A, 0x63, 0x3B, 0x29, 0x50, 0x29, 0x50, 0x29, 0x50, 0x29, 0x50, 0x29, 0x50,
    0x29, 0x50, 0x29, 0x50, 0x29, 0x50, 0x84, 0x3B, 0x84, 0x3B, 0x84, 0x3B, 0x29, 0x50, 0x29, 0x50,
    0x29, 0x50, 0x29, 0x50, 0x29, 0x50, 0x84, 0x3B, 0x84, 0x3B, 0x84, 0x3B, 0x84, 0x3B, 0x29, 0x50,
    0x29, 0x70, 0x29, 0x50, 0x29, 0x50, 0x84, 0x3B, 0x84, 0x3B, 0x84, 0x3B, 0x84, 0x3B, 0x29, 0x50,
    0x29, 0x70, 0x29, 0x50, 0x84, 0x3B, 0x84, 0x3B, 0x84, 0x3B, 0x84, 0x3B, 0x29, 0x50, 0x29, 0x50,
    0x29, 0x50, 0x29, 0x50, 0x84, 0x3B, 0x84, 0x3B, 0x84, 0x3B, 0x84, 0x3B, 0x29, 0x50, 0x29, 0x50,
    0x29, 0x50, 0x84, 0x3B, 0x84, 0x3B, 0x84, 0x3B, 0x84, 0x3B, 0x84, 0x3B, 0x84, 0x3B, 0x84, 0x3B,
    0x84, 0x3B, 0x84, 0x3B, 0x84, 0x3B, 0x84, 0x3B, 0x29, 0x50, 0x29, 0x50, 0x63, 0x3B, 0x00, 0x0F,
    0x63, 0x3B, 0x00, 0x0D, 0x29, 0x50, 0x29, 0x50, 0x29, 0x50, 0x29, 0x50, 0x29, 0x50, 0x29, 0x50,
    0x29, 0x70, 0x29, 0x50, 0x29, 0x50, 0x29, 0x50, 0x29, 0x50, 0x08, 0x2A, 0x63, 0x3B, 0x08, 0x2A,
    0x29, 0x70, 0x29, 0x50, 0x29, 0x50, 0x29, 0x50, 0x29, 0x50, 0x29, 0x50, 0x29, 0x70, 0x29, 0x50,
    0x29, 0x50, 0x84, 0x3B, 0x84, 0x3B, 0x84, 0x3B, 0x29, 0x50, 0x29, 0x50, 0x29, 0x50, 0x29, 0x50,
    0x29, 0x50, 0x84, 0x3B, 0x84, 0x3B, 0x84, 0x3B, 0x84, 0x3B, 0x29, 0x50, 0x29, 0x50, 0x29, 0x50,
    0x29, 0x50, 0x84, 0x3B, 0x84, 0x3B, 0x84, 0x3B, 0x84, 0x3B, 0x29, 0x50, 0x29, 0x50, 0x29, 0x70,
    0x29, 0x50, 0x29, 0x50, 0x29, 0x50, 0x29, 0x50, 0x29, 0x50, 0x29, 0x70, 0x29, 0x50, 0x84, 0x3B,
    0x84, 0x3B, 0x84, 0x3B, 0x29, 0x50, 0x29, 0x70, 0x29, 0x50, 0x00, 0x0C, 0x63, 0x3B, 0x00, 0x2B,
    0x63, 0x3B, 0x29, 0x50, 0x29, 0x50, 0x84, 0x3B, 0x84, 0x3B, 0x84, 0x3B, 0x84, 0x3B, 0x84, 0x3B,
    0x84, 0x3B, 0x29, 0x50, 0x29, 0x50, 0x29, 0x50, 0x63, 0x3B, 0x00, 0x2A, 0x63, 0x3B, 0x00, 0x0D,
    0x63, 0x3B, 0x00, 0x2B, 0x63, 0x3B, 0x08, 0x2A, 0x52, 0xB6, 0x08, 0x2A, 0x00, 0x00, 0x00, 0x0C,
    0x00, 0x0C, 0x9C, 0xDF, 0x00, 0x0C, 0x73, 0xBF, 0x00, 0x2B, 0x6B, 0x3B, 0x00, 0x2B, 0x6B, 0x3B,
    0x00, 0x0C, 0x6B, 0x3B, 0x08, 0x2A, 0x6B, 0x3B, 0x00, 0x2B, 0x6B, 0x3B, 0x00, 0x0C, 0x6B, 0x3B,
    0x29, 0x70, 0x29, 0x70, 0x84, 0x5B, 0x84, 0x5B, 0x84, 0x5B, 0x29, 0x90, 0x29, 0x90, 0x8C, 0x5B,
    0x8C, 0x5B, 0x8C, 0x5B, 0x29, 0x70, 0x8C, 0x5B, 0x8C, 0x5B, 0x8C, 0x5B, 0x29, 0x90, 0x29, 0x70,
    0x8C, 0x5B, 0x84, 0x5B, 0x8C, 0x5B, 0x29, 0x70, 0x29, 0x90, 0x29, 0x90, 0x29, 0x70, 0x8C, 0x5B,
    0x84, 0x5B, 0x8C, 0x5B, 0x8C, 0x5B, 0x29, 0x70, 0x29, 0x70, 0x29, 0x90, 0x84, 0x5B, 0x8C, 0x5B,
    0x8C, 0x5B, 0x8C, 0x5B, 0x29, 0x90, 0x29, 0x90, 0x29, 0x70, 0x8C, 0x5B, 0x8C, 0x5B, 0x8C, 0x5B,
    0x8C, 0x5B, 0x29, 0x70, 0x29, 0x90, 0x29, 0x90, 0x84, 0x5B, 0x8C, 0x5B, 0x84, 0x5B, 0x29, 0x70,
    0x29, 0x90, 0x29, 0x90, 0x29, 0x90, 0x84, 0x5B, 0x8C, 0x5B, 0x8C, 0x5B, 0x8C, 0x5B, 0x29, 0x70,
    0x29, 0x90, 0x29, 0x70, 0x8C, 0x5B, 0x8C, 0x5B, 0x8C, 0x5B, 0x8C, 0x5B, 0x29, 0x90, 0x29, 0x90,
    0x29, 0x90, 0x29, 0x90, 0x8C, 0x5B, 0x8C, 0x5B, 0x8C, 0x5B, 0x29, 0x90, 0x29, 0x90, 0x29, 0x70,
    0x29, 0x90, 0x8C, 0x5B, 0x8C, 0x5B, 0x8C, 0x5B, 0x29, 0x70, 0x29, 0x70, 0x29, 0x70, 0x29, 0x90,
    0x8C, 0x5B, 0x84, 0x5B, 0x84, 0x5B, 0x29, 0x90, 0x29, 0x90, 0x29, 0x90, 0x29, 0x70, 0x29, 0x90,
    0x29, 0x70, 0x29, 0x70, 0x29, 0x90, 0x29, 0x90, 0x00, 0x2B, 0x6B, 0x3B, 0x00, 0x0B, 0x6B, 0x3B,
    0x00, 0x2B, 0x6B, 0x3B, 0x08, 0x2A, 0x6B, 0x3B, 0x29, 0x90, 0x29, 0x90, 0x29, 0x90, 0x8C, 0x5B,
    0x84, 0x5B, 0x8C, 0x5B, 0x84, 0x5B, 0x84, 0x5B, 0x84, 0x5B, 0x8C, 0x5B, 0x29, 0x70, 0x29, 0x90,
    0x29, 0x70, 0x29, 0x90, 0x29, 0x70, 0x29, 0x90, 0x84, 0x5B, 0x84, 0x5B, 0x8C, 0x5B, 0x29, 0x90,
    0x29, 0x90, 0x29, 0x90, 0x29, 0x70, 0x29, 0x90, 0x8C, 0x5B, 0x8C, 0x5B, 0x8C, 0x5B, 0x84, 0x5B,
    0x29, 0x90, 0x29, 0x90, 0x29, 0x90, 0x29, 0x70, 0x84, 0x5B, 0x8C, 0x5B, 0x8C, 0x5B, 0x84, 0x5B,
    0x29, 0x70, 0x29, 0x70, 0x29, 0x70, 0x29, 0x70, 0x29, 0x90, 0x84, 0x5B, 0x8C, 0x5B, 0x8C, 0x5B,
    0x29, 0x70, 0x29, 0x90, 0x29, 0x70, 0x29, 0x70, 0x00, 0x0C, 0x6B, 0x3B, 0x00, 0x2B, 0x6B, 0x3B,
    0x08, 0x2A, 0x6B, 0x3B, 0x00, 0x0C, 0x6B, 0x3B, 0x00, 0x0D, 0x6B, 0x3B, 0x00, 0x2B, 0x29, 0x90,
    0x29, 0x90, 0x29, 0x70, 0x8C, 0x5B, 0x84, 0x5B, 0x8C, 0x5B, 0x84, 0x5B, 0x29, 0x90, 0x29, 0x90,
    0x08, 0x2A, 0x29, 0x90, 0x29, 0x70, 0x8C, 0x5B, 0x84, 0x5B, 0x8C, 0x5B, 0x8C, 0x5B, 0x29, 0x70,
    0x29, 0x70, 0x29, 0x70, 0x29, 0x70, 0x84, 0x5B, 0x84, 0x5B, 0x8C, 0x5B, 0x8C, 0x5B, 0x29, 0x70,
    0x29, 0x90, 0x29, 0x70, 0x84, 0x5B, 0x8C, 0x5B, 0x8C, 0x5B, 0x8C, 0x5B, 0x29, 0x90, 0x29, 0x70,
    0x29, 0x90, 0x29, 0x70, 0x8C, 0x5B, 0x84, 0x5B, 0x8C, 0x5B, 0x84, 0x5B, 0x29, 0x90, 0x29, 0x90,
    0x29, 0x90, 0x8C, 0x5B, 0x84, 0x5B, 0x8C, 0x5B, 0x8C, 0x5B, 0x8C, 0x5B, 0x29, 0x90, 0x29, 0x90,
    0x84, 0x5B, 0x8C, 0x5B, 0x84, 0x5B, 0x84, 0x5B, 0x29, 0x90, 0x29, 0x90, 0x29, 0x90, 0x6B, 0x3B,
    0x00, 0x0D, 0x6B, 0x3B, 0x29, 0x90, 0x29, 0x90, 0x84, 0x5B, 0x84, 0x5B, 0x8C, 0x5B, 0x8C, 0x5B,
    0x8C, 0x5B, 0x8C, 0x5B, 0x8C, 0x5B, 0x29, 0x90, 0x29, 0x70, 0x6B, 0x3B, 0x08, 0x2A, 0x6B, 0x3B,
    0x00, 0x2B, 0x6B, 0x3B, 0x00, 0x0B, 0x6B, 0x3B, 0x00, 0x2B, 0x29, 0x90, 0x29, 0x70, 0x29, 0x70,
    0x84, 0x5B, 0x8C, 0x5B, 0x8C, 0x5B, 0x8C, 0x5B, 0x29, 0x90, 0x29, 0x90, 0x00, 0x0C, 0x29, 0x90,
    0x29, 0x70, 0x8C, 0x5B, 0x84, 0x5B, 0x84, 0x5B, 0x84, 0x5B, 0x29, 0x90, 0x29, 0x90, 0x29, 0x70,
    0x29, 0x70, 0x84, 0x5B, 0x84, 0x5B, 0x84, 0x5B, 0x8C, 0x5B, 0x29, 0x90, 0x29, 0x90, 0x6B, 0x3B,
    0x00, 0x0C, 0x6B, 0x3B, 0x00, 0x0C, 0x29, 0x90, 0x29, 0x70, 0x29, 0x90, 0x8C, 0x5B, 0x8C, 0x5B,
    0x84, 0x5B, 0x8C, 0x5B, 0x29, 0x70, 0x29, 0x90, 0x00, 0x2B, 0x6B, 0x3B, 0x00, 0x0C, 0x6B, 0x3B,
    0x00, 0x2B, 0x29, 0x90, 0x29, 0x70, 0x8C, 0x5B, 0x8C, 0x5B, 0x8C, 0x5B, 0x8C, 0x5B, 0x84, 0x5B,
    0x8C, 0x5B, 0x29, 0x90, 0x29, 0x70, 0x29, 0x70, 0x08, 0x2A, 0x6B, 0x3B, 0x00, 0x0C, 0x6B, 0x3B,
    0x00, 0x0D, 0x6B, 0x3B, 0x00, 0x2B, 0x94, 0xBF, 0x08, 0x2A, 0x00, 0x00, 0x00, 0x2B, 0x00, 0x00,
    0xE6, 0xFF, 0x00, 0x0D, 0x94, 0x9F, 0x00, 0x0C, 0x00, 0x00, 0x00, 0x2A, 0x6B, 0x5B, 0x00, 0x0C,
    0x6B, 0x5B, 0x00, 0x2B, 0x6B, 0x5B, 0x08, 0x2A, 0x6B, 0x5B, 0x00, 0x0B, 0x6B, 0x5B, 0x00, 0x2A,
    0x31, 0x90, 0x31, 0x90, 0x8C, 0x7B, 0x8C, 0x7B, 0x8C, 0x7B, 0x8C, 0x7B, 0x31, 0x90, 0x8C, 0x7B,
    0x8C, 0x7B, 0x8C, 0x7B, 0x31, 0x90, 0x31, 0x90, 0x8C, 0x7B, 0x8C, 0x7B, 0x31, 0x90, 0x31, 0x90,
    0x8C, 0x7B, 0x8C, 0x7B, 0x8C, 0x7B, 0x31, 0x90, 0x31, 0x90, 0x31, 0x90, 0x31, 0x90, 0x8C, 0x7B,
    0x8C, 0x7B, 0x8C, 0x7B, 0x8C, 0x7B, 0x31, 0x90, 0x31, 0x90, 0x31, 0x90, 0x8C, 0x7B, 0x8C, 0x7B,
    0x8C, 0x7B, 0x8C, 0x7B, 0x31, 0x90, 0x31, 0x90, 0x31, 0x90, 0x8C, 0x7B, 0x8C, 0x7B, 0x8C, 0x7B,
    0x8C, 0x7B, 0x31, 0x90, 0x31, 0x90, 0x31, 0x90, 0x8C, 0x7B, 0x8C, 0x7B, 0x8C, 0x7B, 0x8C, 0x7B,
    0x8C, 0x7B, 0x8C, 0x7B, 0x8C, 0x7B, 0x8C, 0x7B, 0x8C, 0x7B, 0x8C, 0x7B, 0x8C, 0x7B, 0x31, 0x90,
    0x31, 0x90, 0x31, 0x90, 0x8C, 0x7B, 0x8C, 0x7B, 0x8C, 0x7B, 0x8C, 0x7B, 0x31, 0x90, 0x31, 0x90,
    0x31, 0x90, 0x31, 0x90, 0x8C, 0x7B, 0x8C, 0x7B, 0x8C, 0x7B, 0x31, 0x90, 0x31, 0x90, 0x31, 0x90,
    0x31, 0x90, 0x8C, 0x7B, 0x8C, 0x7B, 0x8C, 0x7B, 0x31, 0x90, 0x31, 0x90, 0x31, 0x90, 0x31, 0x90,
    0x8C, 0x7B, 0x8C, 0x7B, 0x8C, 0x7B, 0x8C, 0x7B, 0x8C, 0x7B, 0x8C, 0x7B, 0x31, 0x90, 0x31, 0x90,
    0x31, 0x90, 0x31, 0x90, 0x31, 0x90, 0x00, 0x2B, 0x6B, 0x5B, 0x00, 0x0C, 0x6B, 0x5B, 0x00, 0x2B,
    0x6B, 0x5B, 0x08, 0x2A, 0x6B, 0x5B, 0x08, 0x2A, 0x6B, 0x5B, 0x31, 0x90, 0x31, 0x90, 0x31, 0x90,
    0x31, 0x90, 0x31, 0x90, 0x8C, 0x7B, 0x8C, 0x7B, 0x8C, 0x7B, 0x8C, 0x7B, 0x8C, 0x7B, 0x8C, 0x7B,
    0x31, 0x90, 0x31, 0x90, 0x31, 0x90, 0x31, 0x90, 0x8C, 0x7B, 0x8C, 0x7B, 0x8C, 0x7B, 0x31, 0x90,
    0x31, 0x90, 0x00, 0x0C, 0x31, 0x90, 0x31, 0x90, 0x8C, 0x7B, 0x8C, 0x7B, 0x8C, 0x7B, 0x8C, 0x7B,
    0x31, 0x90, 0x31, 0x90, 0x31, 0x90, 0x31, 0x90, 0x8C, 0x7B, 0x8C, 0x7B, 0x8C, 0x7B, 0x8C, 0x7B,
    0x31, 0x90, 0x31, 0x90, 0x6B, 0x5B, 0x31, 0x90, 0x31, 0x90, 0x8C, 0x7B, 0x8C, 0x7B, 0x8C, 0x7B,
    0x31, 0x90, 0x31, 0x90, 0x6B, 0x5B, 0x00, 0x0C, 0x6B, 0x5B, 0x00, 0x0B, 0x6B, 0x5B, 0x00, 0x2B,
    0x6B, 0x5B, 0x08, 0x2A, 0x6B, 0x5B, 0x00, 0x0D, 0x6B, 0x5B, 0x00, 0x0C, 0x31, 0x90, 0x31, 0x90,
    0x31, 0x90, 0x8C, 0x7B, 0x8C, 0x7B, 0x8C, 0x7B, 0x8C, 0x7B, 0x31, 0x90, 0x31, 0x90, 0x31, 0x90,
    0x6B, 0x5B, 0x31, 0x90, 0x31, 0x90, 0x8C, 0x7B, 0x8C, 0x7B, 0x8C, 0x7B, 0x8C, 0x7B, 0x31, 0x90,
    0x31, 0x90, 0x31, 0x90, 0x31, 0x90, 0x8C, 0x7B, 0x8C, 0x7B, 0x8C, 0x7B, 0x8C, 0x7B, 0x31, 0x90,
    0x31, 0x90, 0x31, 0x90, 0x8C, 0x7B, 0x8C, 0x7B, 0x8C, 0x7B, 0x8C, 0x7B, 0x31, 0x90, 0x31, 0x90,
    0x31, 0x90, 0x31, 0x90, 0x8C, 0x7B, 0x8C, 0x7B, 0x8C, 0x7B, 0x8C, 0x7B, 0x31, 0x90, 0x31, 0x90,
    0x31, 0x90, 0x8C, 0x7B, 0x8C, 0x7B, 0x8C, 0x7B, 0x8C, 0x7B, 0x31, 0x90, 0x31, 0x90, 0x31, 0x90,
    0x31, 0x90, 0x8C, 0x7B, 0x8C, 0x7B, 0x8C, 0x7B, 0x8C, 0x7B, 0x31, 0x90, 0x31, 0x90, 0x00, 0x0C,
    0x6B, 0x5B, 0x00, 0x0C, 0x31, 0x90, 0x31, 0x90, 0x8C, 0x7B, 0x8C, 0x7B, 0x8C, 0x7B, 0x8C, 0x7B,
    0x8C, 0x7B, 0x8C, 0x7B, 0x8C, 0x7B, 0x31, 0x90, 0x31, 0x90, 0x08, 0x2A, 0x6B, 0x5B, 0x00, 0x2B,
    0x6B, 0x5B, 0x00, 0x0C, 0x6B, 0x5B, 0x00, 0x2B, 0x31, 0x90, 0x31, 0x90, 0x31, 0x90, 0x8C, 0x7B,
    0x8C, 0x7B, 0x8C, 0x7B, 0x8C, 0x7B, 0x31, 0x90, 0x31, 0x90, 0x31, 0x90, 0x6B, 0x5B, 0x31, 0x90,
    0x31, 0x90, 0x8C, 0x7B, 0x8C, 0x7B, 0x8C, 0x7B, 0x8C, 0x7B, 0x31, 0x90, 0x31, 0x90, 0x31, 0x90,
    0x31, 0x90, 0x8C, 0x7B, 0x8C, 0x7B, 0x8C, 0x7B, 0x8C, 0x7B, 0x31, 0x90, 0x31, 0x90, 0x00, 0x0C,
    0x6B, 0x5B, 0x00, 0x0D, 0x31, 0x90, 0x31, 0x90, 0x31, 0x90, 0x8C, 0x7B, 0x8C, 0x7B, 0x8C, 0x7B,
    0x8C, 0x7B, 0x31, 0x90, 0x31, 0x90, 0x31, 0x90, 0x6B, 0x5B, 0x00, 0x0B, 0x6B, 0x5B, 0x00, 0x2A,
    0x6B, 0x5B, 0x31, 0x90, 0x31, 0x90, 0x8C, 0x7B, 0x8C, 0x7B, 0x8C, 0x7B, 0x8C, 0x7B, 0x8C, 0x7B,
    0x8C, 0x7B, 0x8C, 0x7B, 0x31, 0x90, 0x31, 0x90, 0x31, 0x90, 0x08, 0x2A, 0x6B, 0x5B, 0x00, 0x0D,
    0x6B, 0x5B, 0x00, 0x0C, 0x6B, 0x5B, 0x08, 0x2A, 0x5A, 0xB7, 0x00, 0x2B, 0x00, 0x00, 0x00, 0x0C,
    0x00, 0x0C, 0x9C, 0xFF, 0x00, 0x0D, 0x7B, 0xBF, 0x00, 0x2B, 0x6B, 0x5B, 0x00, 0x2A, 0x6B, 0x5B,
    0x00, 0x0E, 0x6B, 0x5B, 0x00, 0x2B, 0x6B, 0x5B, 0x08, 0x2A, 0x6B, 0x5B, 0x00, 0x2B, 0x6B, 0x5B,
    0x31, 0xB0, 0x31, 0xD0, 0x31, 0xD0, 0x94, 0x9B, 0x94, 0x9B, 0x94, 0x9B, 0x94, 0x9B, 0x94, 0x9B,
    0x94, 0x9B, 0x31, 0xB0, 0x31, 0xB0, 0x31, 0xB0, 0x94, 0x9B, 0x94, 0x9B, 0x94, 0x9B, 0x94, 0x9B,
    0x94, 0x9B, 0x94, 0x9B, 0x31, 0xD0, 0x31, 0xB0, 0x31, 0xB0, 0x31, 0xD0, 0x31, 0xD0, 0x94, 0x9B,
    0x94, 0x9B, 0x94, 0x9B, 0x94, 0x9B, 0x31, 0xB0, 0x31, 0xD0, 0x31, 0xD0, 0x94, 0x9B, 0x94, 0x9B,
    0x94, 0x9B, 0x94, 0x9B, 0x31, 0xD0, 0x31, 0xD0, 0x31, 0xB0, 0x94, 0x9B, 0x94, 0x9B, 0x94, 0x9B,
    0x94, 0x9B, 0x31, 0xD0, 0x31, 0xD0, 0x31, 0xD0, 0x94, 0x9B, 0x94, 0x9B, 0x94, 0x9B, 0x94, 0x9B,
    0x94, 0x9B, 0x94, 0x9B, 0x94, 0x9B, 0x94, 0x9B, 0x94, 0x9B, 0x94, 0x9B, 0x94, 0x9B, 0x31, 0xD0,
    0x31, 0xD0, 0x31, 0xD0, 0x94, 0x9B, 0x94, 0x9B, 0x94, 0x9B, 0x94, 0x9B, 0x31, 0xB0, 0x31, 0xD0,
    0x31, 0xD0, 0x31, 0xD0, 0x94, 0x9B, 0x94, 0x9B, 0x94, 0x9B, 0x31, 0xB0, 0x31, 0xB0, 0x31, 0xB0,
    0x31, 0xD0, 0x94, 0x9B, 0x94, 0x9B, 0x94, 0x9B, 0x31, 0xB0, 0x31, 0xD0, 0x31, 0xD0, 0x31, 0xD0,
    0x31, 0xB0, 0x94, 0x9B, 0x94, 0x9B, 0x94, 0x9B, 0x94, 0x9B, 0x94, 0x9B, 0x94, 0x9B, 0x94, 0x9B,
    0x94, 0x9B, 0x31, 0xD0, 0x31, 0xB0, 0x31, 0xB0, 0x00, 0x0C, 0x6B, 0x5B, 0x00, 0x0B, 0x6B, 0x5B,
    0x00, 0x2B, 0x6B, 0x5B, 0x08, 0x2A, 0x31, 0xD0, 0x31, 0xD0, 0x31, 0xB0, 0x31, 0xD0, 0x31, 0xD0,
    0x31, 0xD0, 0x31, 0xD0, 0x31, 0xD0, 0x31, 0xD0, 0x94, 0x9B, 0x94, 0x9B, 0x94, 0x9B, 0x94, 0x9B,
    0x31, 0xD0, 0x31, 0xB0, 0x31, 0xD0, 0x31, 0xD0, 0x94, 0x9B, 0x94, 0x9B, 0x94, 0x9B, 0x31, 0xD0,
    0x31, 0xB0, 0x6B, 0x5B, 0x31, 0xB0, 0x31, 0xD0, 0x94, 0x9B, 0x94, 0x9B, 0x94, 0x9B, 0x94, 0x9B,
    0x31, 0xB0, 0x31, 0xB0, 0x31, 0xB0, 0x31, 0xD0, 0x94, 0x9B, 0x94, 0x9B, 0x94, 0x9B, 0x94, 0x9B,
    0x31, 0xB0, 0x31, 0xB0, 0x00, 0x2B, 0x31, 0xB0, 0x31, 0xB0, 0x94, 0x9B, 0x94, 0x9B, 0x94, 0x9B,
    0x31, 0xB0, 0x31, 0xD0, 0x00, 0x0C, 0x6B, 0x5B, 0x00, 0x0D, 0x6B, 0x5B, 0x00, 0x0D, 0x6B, 0x5B,
    0x00, 0x2B, 0x6B, 0x5B, 0x08, 0x2A, 0x6B, 0x5B, 0x00, 0x0C, 0x31, 0xD0, 0x31, 0xB0, 0x31, 0xD0,
    0x94, 0x9B, 0x94, 0x9B, 0x94, 0x9B, 0x94, 0x9B, 0x31, 0xD0, 0x31, 0xD0, 0x31, 0xD0, 0x6B, 0x5B,
    0x08, 0x2A, 0x31, 0xD0, 0x31, 0xB0, 0x94, 0x9B, 0x94, 0x9B, 0x94, 0x9B, 0x94, 0x9B, 0x31, 0xD0,
    0x31, 0xB0, 0x31, 0xB0, 0x31, 0xB0, 0x94, 0x9B, 0x94, 0x9B, 0x94, 0x9B, 0x94, 0x9B, 0x31, 0xD0,
    0x31, 0xD0, 0x31, 0xD0, 0x94, 0x9B, 0x94, 0x9B, 0x94, 0x9B, 0x94, 0x9B, 0x31, 0xD0, 0x31, 0xB0,
    0x31, 0xD0, 0x31, 0xD0, 0x94, 0x9B, 0x94, 0x9B, 0x94, 0x9B, 0x94, 0x9B, 0x31, 0xB0, 0x31, 0xD0,
    0x31, 0xB0, 0x94, 0x9B, 0x94, 0x9B, 0x94, 0x9B, 0x94, 0x9B, 0x31, 0xB0, 0x31, 0xD0, 0x31, 0xB0,
    0x31, 0xB0, 0x94, 0x9B, 0x94, 0x9B, 0x94, 0x9B, 0x94, 0x9B, 0x31, 0xD0, 0x31, 0xB0, 0x6B, 0x5B,
    0x00, 0x0C, 0x6B, 0x5B, 0x31, 0xD0, 0x31, 0xB0, 0x94, 0x9B, 0x94, 0x9B, 0x94, 0x9B, 0x94, 0x9B,
    0x94, 0x9B, 0x94, 0x9B, 0x94, 0x9B, 0x31, 0xB0, 0x31, 0xB0, 0x6B, 0x5B, 0x08, 0x2A, 0x6B, 0x5B,
    0x00, 0x0C, 0x6B, 0x5B, 0x00, 0x0B, 0x31, 0xD0, 0x31, 0xB0, 0x31, 0xB0, 0x94, 0x9B, 0x94, 0x9B,
    0x94, 0x9B, 0x94, 0x9B, 0x31, 0xD0, 0x31, 0xB0, 0x31, 0xB0, 0x6B, 0x5B, 0x08, 0x2A, 0x31, 0xB0,
    0x31, 0xB0, 0x94, 0x9B, 0x94, 0x9B, 0x94, 0x9B, 0x94, 0x9B, 0x31, 0xB0, 0x31, 0xB0, 0x31, 0xB0,
    0x31, 0xD0, 0x94, 0x9B, 0x94, 0x9B, 0x94, 0x9B, 0x94, 0x9B, 0x31, 0xD0, 0x31, 0xD0, 0x6B, 0x5B,
    0x00, 0x0C, 0x31, 0xB0, 0x31, 0xB0, 0x31, 0xD0, 0x94, 0x9B, 0x94, 0x9B, 0x94, 0x9B, 0x94, 0x9B,
    0x31, 0xD0, 0x31, 0xD0, 0x31, 0xB0, 0x6B, 0x5B, 0x08, 0x2A, 0x6B, 0x5B, 0x31, 0xB0, 0x31, 0xB0,
    0x31, 0xD0, 0x31, 0xD0, 0x31, 0xB0, 0x31, 0xD0, 0x31, 0xB0, 0x31, 0xD0, 0x31, 0xB0, 0x94, 0x9B,
    0x94, 0x9B, 0x94, 0x9B, 0x94, 0x9B, 0x31, 0xB0, 0x31, 0xB0, 0x6B, 0x5B, 0x08, 0x2A, 0x6B, 0x5B,
    0x00, 0x0C, 0x6B, 0x5B, 0x00, 0x2B, 0x9C, 0xBF, 0x08, 0x2A, 0x00, 0x00, 0x00, 0x0C, 0x00, 0x00,
    0xE7, 0x1F, 0x00, 0x0C, 0x94, 0xBF, 0x00, 0x0C, 0x00, 0x00, 0x08, 0x2A, 0x6B, 0x5C, 0x00, 0x0D,
    0x6B, 0x5C, 0x00, 0x0E, 0x6B, 0x5C, 0x00, 0x2B, 0x6B, 0x5C, 0x00, 0x2B, 0x6B, 0x5C, 0x00, 0x2B,
    0x6B, 0x5C, 0x39, 0xD0, 0x39, 0xD0, 0x94, 0xBB, 0x94, 0xBB, 0x94, 0xBB, 0x94, 0xBB, 0x94, 0xBB,
    0x94, 0xBB, 0x39, 0xF0, 0x39, 0xF0, 0x39, 0xF0, 0x94, 0xBB, 0x94, 0xBB, 0x94, 0xBB, 0x94, 0xBB,
    0x94, 0xBB, 0x94, 0xBB, 0x39, 0xD0, 0x39, 0xF0, 0x6B, 0x5C, 0x39, 0xF0, 0x39, 0xF0, 0x94, 0xBB,
    0x94, 0xBB, 0x94, 0xBB, 0x94, 0xBB, 0x39, 0xD0, 0x39, 0xF0, 0x39, 0xF0, 0x94, 0xBB, 0x94, 0xBB,
    0x94, 0xBB, 0x94, 0xBB, 0x39, 0xF0, 0x39, 0xF0, 0x39, 0xF0, 0x94, 0xBB, 0x94, 0xBB, 0x94, 0xBB,
    0x94, 0xBB, 0x39, 0xD0, 0x39, 0xD0, 0x39, 0xF0, 0x94, 0xBB, 0x94, 0xBB, 0x94, 0xBB, 0x39, 0xF0,
    0x39, 0xF0, 0x39, 0xF0, 0x39, 0xD0, 0x39, 0xD0, 0x39, 0xF0, 0x39, 0xD0, 0x39, 0xD0, 0x39, 0xF0,
    0x39, 0xD0, 0x39, 0xF0, 0x94, 0xBB, 0x94, 0xBB, 0x94, 0xBB, 0x94, 0xBB, 0x39, 0xD0, 0x39, 0xD0,
    0x39, 0xF0, 0x39, 0xF0, 0x94, 0xBB, 0x94, 0xBB, 0x94, 0xBB, 0x39, 0xF0, 0x39, 0xD0, 0x39, 0xD0,
    0x39, 0xF0, 0x94, 0xBB, 0x94, 0xBB, 0x94, 0xBB, 0x39, 0xF0, 0x39, 0xF0, 0x6B, 0x5C, 0x39, 0xF0,
    0x39, 0xF0, 0x39, 0xD0, 0x39, 0xF0, 0x39, 0xF0, 0x94, 0xBB, 0x94, 0xBB, 0x94, 0xBB, 0x94, 0xBB,
    0x94, 0xBB, 0x94, 0xBB, 0x39, 0xD0, 0x39, 0xF0, 0x6B, 0x5C, 0x00, 0x2B, 0x6B, 0x5C, 0x00, 0x2B,
    0x6B, 0x5C, 0x00, 0x2B, 0x39, 0xF0, 0x39, 0xD0, 0x39, 0xD0, 0x39, 0xD0, 0x39, 0xF0, 0x39, 0xD0,
    0x39, 0xF0, 0x39, 0xF0, 0x39, 0xD0, 0x39, 0xF0, 0x39, 0xD0, 0x94, 0xBB, 0x94, 0xBB, 0x94, 0xBB,
    0x94, 0xBB, 0x39, 0xD0, 0x39, 0xF0, 0x39, 0xD0, 0x94, 0xBB, 0x94, 0xBB, 0x94, 0xBB, 0x39, 0xF0,
    0x39, 0xF0, 0x00, 0x0D, 0x39, 0xF0, 0x39, 0xF0, 0x94, 0xBB, 0x94, 0xBB, 0x94, 0xBB, 0x94, 0xBB,
    0x39, 0xD0, 0x39, 0xD0, 0x39, 0xF0, 0x39, 0xF0, 0x94, 0xBB, 0x94, 0xBB, 0x94, 0xBB, 0x94, 0xBB,
    0x39, 0xD0, 0x39, 0xF0, 0x6B, 0x5C, 0x39, 0xF0, 0x39, 0xD0, 0x94, 0xBB, 0x94, 0xBB, 0x94, 0xBB,
    0x39, 0xF0, 0x39, 0xD0, 0x6B, 0x5C, 0x00, 0x0C, 0x6B, 0x5C, 0x00, 0x0E, 0x6B, 0x5C, 0x00, 0x0D,
    0x6B, 0x5C, 0x08, 0x2A, 0x6B, 0x5C, 0x08, 0x2A, 0x39, 0xD0, 0x39, 0xD0, 0x39, 0xD0, 0x94, 0xBB,
    0x94, 0xBB, 0x94, 0xBB, 0x94, 0xBB, 0x39, 0xD0, 0x39, 0xF0, 0x39, 0xD0, 0x6B, 0x5C, 0x00, 0x2B,
    0x6B, 0x5C, 0x39, 0xF0, 0x39, 0xF0, 0x94, 0xBB, 0x94, 0xBB, 0x94, 0xBB, 0x94, 0xBB, 0x39, 0xD0,
    0x39, 0xF0, 0x39, 0xD0, 0x39, 0xF0, 0x94, 0xBB, 0x94, 0xBB, 0x94, 0xBB, 0x94, 0xBB, 0x39, 0xF0,
    0x39, 0xF0, 0x39, 0xD0, 0x94, 0xBB, 0x94, 0xBB, 0x94, 0xBB, 0x94, 0xBB, 0x39, 0xF0, 0x39, 0xD0,
    0x39, 0xF0, 0x39, 0xF0, 0x94, 0xBB, 0x94, 0xBB, 0x94, 0xBB, 0x94, 0xBB, 0x39, 0xF0, 0x39, 0xD0,
    0x39, 0xF0, 0x94, 0xBB, 0x94, 0xBB, 0x94, 0xBB, 0x94, 0xBB, 0x39, 0xD0, 0x39, 0xF0, 0x39, 0xD0,
    0x39, 0xD0, 0x94, 0xBB, 0x94, 0xBB, 0x94, 0xBB, 0x94, 0xBB, 0x39, 0xD0, 0x39, 0xF0, 0x00, 0x0C,
    0x6B, 0x5C, 0x00, 0x0C, 0x39, 0xF0, 0x39, 0xF0, 0x39, 0xD0, 0x39, 0xD0, 0x39, 0xD0, 0x39, 0xF0,
    0x39, 0xF0, 0x39, 0xF0, 0x39, 0xF0, 0x39, 0xF0, 0x39, 0xF0, 0x08, 0x2A, 0x6B, 0x5C, 0x08, 0x2A,
    0x6B, 0x5C, 0x00, 0x2B, 0x39, 0xD0, 0x39, 0xF0, 0x39, 0xD0, 0x94, 0xBB, 0x94, 0xBB, 0x94, 0xBB,
    0x94, 0xBB, 0x39, 0xF0, 0x39, 0xD0, 0x39, 0xF0, 0x6B, 0x5C, 0x00, 0x0C, 0x6B, 0x5C, 0x39, 0xF0,
    0x39, 0xF0, 0x94, 0xBB, 0x94, 0xBB, 0x94, 0xBB, 0x94, 0xBB, 0x39, 0xF0, 0x39, 0xF0, 0x39, 0xF0,
    0x39, 0xF0, 0x94, 0xBB, 0x94, 0xBB, 0x94, 0xBB, 0x94, 0xBB, 0x39, 0xD0, 0x39, 0xD0, 0x00, 0x0C,
    0x39, 0xF0, 0x39, 0xD0, 0x39, 0xF0, 0x94, 0xBB, 0x94, 0xBB, 0x94, 0xBB, 0x94, 0xBB, 0x39, 0xD0,
    0x39, 0xD0, 0x39, 0xD0, 0x6B, 0x5C, 0x00, 0x2B, 0x6B, 0x5C, 0x39, 0xD0, 0x39, 0xD0, 0x39, 0xF0,
    0x39, 0xF0, 0x39, 0xF0, 0x39, 0xD0, 0x39, 0xF0, 0x39, 0xD0, 0x39, 0xF0, 0x39, 0xF0, 0x94, 0xBB,
    0x94, 0xBB, 0x94, 0xBB, 0x94, 0xBB, 0x39, 0xF0, 0x39, 0xF0, 0x08, 0x2A, 0x6B, 0x5C, 0x08, 0x2A,
    0x6B, 0x5C, 0x00, 0x2A, 0x6B, 0x5C, 0x08, 0x2A, 0x5A, 0xD7, 0x08, 0x2A, 0x00, 0x00, 0x00, 0x2B,
    0x00, 0x0C, 0xA5, 0x1F, 0x00, 0x0C, 0x7B, 0xDF, 0x00, 0x0C, 0x6B, 0x5C, 0x00, 0x2B, 0x6B, 0x5C,
    0x00, 0x0F, 0x6B, 0x5C, 0x00, 0x0F, 0x6B, 0x5C, 0x00, 0x0C, 0x6B, 0x5C, 0x00, 0x0E, 0x6B, 0x5C,
    0x00, 0x0C, 0x3A, 0x10, 0x3A, 0x10, 0x9C, 0xDB, 0x9C, 0xDB, 0x9C, 0xDB, 0x9C, 0xDB, 0x9C, 0xDB,
    0x9C, 0xDB, 0x3A, 0x10, 0x3A, 0x10, 0x3A, 0x10, 0x9C, 0xDB, 0x9C, 0xDB, 0x9C, 0xDB, 0x9C, 0xDB,
    0x9C, 0xDB, 0x9C, 0xDB, 0x3A, 0x10, 0x3A, 0x10, 0x08, 0x2A, 0x3A, 0x10, 0x3A, 0x10, 0x9C, 0xDB,
    0x9C, 0xDB, 0x9C, 0xDB, 0x9C, 0xDB, 0x3A, 0x10, 0x3A, 0x10, 0x3A, 0x10, 0x9C, 0xDB, 0x9C, 0xDB,
    0x9C, 0xDB, 0x9C, 0xDB, 0x3A, 0x10, 0x3A, 0x10, 0x3A, 0x10, 0x9C, 0xDB, 0x9C, 0xDB, 0x9C, 0xDB,
    0x9C, 0xDB, 0x3A, 0x10, 0x3A, 0x10, 0x3A, 0x10, 0x9C, 0xDB, 0x9C, 0xDB, 0x9C, 0xDB, 0x3A, 0x10,
    0x3A, 0x10, 0x3A, 0x10, 0x3A, 0x10, 0x3A, 0x10, 0x3A, 0x10, 0x3A, 0x10, 0x3A, 0x10, 0x3A, 0x10,
    0x3A, 0x10, 0x3A, 0x10, 0x9C, 0xDB, 0x9C, 0xDB, 0x9C, 0xDB, 0x9C, 0xDB, 0x3A, 0x10, 0x3A, 0x10,
    0x3A, 0x10, 0x3A, 0x10, 0x9C, 0xDB, 0x9C, 0xDB, 0x9C, 0xDB, 0x3A, 0x10, 0x3A, 0x10, 0x3A, 0x10,
    0x3A, 0x10, 0x9C, 0xDB, 0x9C, 0xDB, 0x9C, 0xDB, 0x3A, 0x10, 0x3A, 0x10, 0x3A, 0x10, 0x3A, 0x10,
    0x3A, 0x10, 0x3A, 0x10, 0x3A, 0x10, 0x3A, 0x10, 0x3A, 0x10, 0x3A, 0x10, 0x3A, 0x10, 0x9C, 0xDB,
    0x9C, 0xDB, 0x9C, 0xDB, 0x3A, 0x10, 0x3A, 0x10, 0x08, 0x2A, 0x6B, 0x5C, 0x08, 0x2A, 0x6B, 0x5C,
    0x00, 0x2B, 0x6B, 0x5C, 0x3A, 0x10, 0x3A, 0x10, 0x9C, 0xDB, 0x9C, 0xDB, 0x9C, 0xDB, 0x3A, 0x10,
    0x3A, 0x10, 0x3A, 0x10, 0x3A, 0x10, 0x3A, 0x10, 0x3A, 0x10, 0x9C, 0xDB, 0x9C, 0xDB, 0x9C, 0xDB,
    0x9C, 0xDB, 0x3A, 0x10, 0x3A, 0x10, 0x3A, 0x10, 0x9C, 0xDB, 0x9C, 0xDB, 0x9C, 0xDB, 0x3A, 0x10,
    0x3A, 0x10, 0x3A, 0x10, 0x3A, 0x10, 0x3A, 0x10, 0x9C, 0xDB, 0x9C, 0xDB, 0x9C, 0xDB, 0x9C, 0xDB,
    0x3A, 0x10, 0x3A, 0x10, 0x3A, 0x10, 0x3A, 0x10, 0x9C, 0xDB, 0x9C, 0xDB, 0x9C, 0xDB, 0x9C, 0xDB,
    0x3A, 0x10, 0x3A, 0x10, 0x00, 0x0E, 0x3A, 0x10, 0x3A, 0x10, 0x9C, 0xDB, 0x9C, 0xDB, 0x9C, 0xDB,
    0x3A, 0x10, 0x3A, 0x10, 0x3A, 0x10, 0x3A, 0x10, 0x00, 0x0D, 0x6B, 0x5C, 0x00, 0x0F, 0x6B, 0x5C,
    0x00, 0x0E, 0x6B, 0x5C, 0x08, 0x2A, 0x3A, 0x10, 0x3A, 0x10, 0x3A, 0x10, 0x9C, 0xDB, 0x9C, 0xDB,
    0x9C, 0xDB, 0x9C, 0xDB, 0x3A, 0x10, 0x3A, 0x10, 0x3A, 0x10, 0x3A, 0x10, 0x3A, 0x10, 0x3A, 0x10,
    0x3A, 0x10, 0x3A, 0x10, 0x3A, 0x10, 0x9C, 0xDB, 0x9C, 0xDB, 0x9C, 0xDB, 0x9C, 0xDB, 0x3A, 0x10,
    0x3A, 0x10, 0x3A, 0x10, 0x42, 0x10, 0x9C, 0xDB, 0x9C, 0xDB, 0x9C, 0xDB, 0x3A, 0x10, 0x3A, 0x10,
    0x3A, 0x10, 0x3A, 0x10, 0x9C, 0xDB, 0x9C, 0xDB, 0x9C, 0xDB, 0x9C, 0xDB, 0x3A, 0x10, 0x3A, 0x10,
    0x3A, 0x10, 0x3A, 0x10, 0x9C, 0xDB, 0x9C, 0xDB, 0x9C, 0xDB, 0x3A, 0x10, 0x3A, 0x10, 0x3A, 0x10,
    0x3A, 0x10, 0x9C, 0xDB, 0x9C, 0xDB, 0x9C, 0xDB, 0x9C, 0xDB, 0x3A, 0x10, 0x3A, 0x10, 0x3A, 0x10,
    0x3A, 0x10, 0x9C, 0xDB, 0x9C, 0xDB, 0x9C, 0xDB, 0x9C, 0xDB, 0x3A, 0x10, 0x3A, 0x10, 0x6B, 0x5C,
    0x00, 0x0C, 0x6B, 0x5C, 0x00, 0x0D, 0x3A, 0x10, 0x3A, 0x10, 0x3A, 0x10, 0x3A, 0x10, 0x3A, 0x10,
    0x3A, 0x10, 0x3A, 0x10, 0x3A, 0x10, 0x3A, 0x10, 0x08, 0x2A, 0x6B, 0x5C, 0x08, 0x2A, 0x6B, 0x5C,
    0x08, 0x2A, 0x3A, 0x10, 0x3A, 0x10, 0x3A, 0x10, 0x9C, 0xDB, 0x9C, 0xDB, 0x9C, 0xDB, 0x9C, 0xDB,
    0x3A, 0x10, 0x3A, 0x10, 0x3A, 0x10, 0x3A, 0x10, 0x3A, 0x10, 0x3A, 0x10, 0x3A, 0x10, 0x3A, 0x10,
    0x3A, 0x10, 0x9C, 0xDB, 0x9C, 0xDB, 0x9C, 0xDB, 0x9C, 0xDB, 0x3A, 0x10, 0x3A, 0x10, 0x3A, 0x10,
    0x3A, 0x10, 0x9C, 0xDB, 0x9C, 0xDB, 0x9C, 0xDB, 0x3A, 0x10, 0x3A, 0x10, 0x3A, 0x10, 0x3A, 0x10,
    0x3A, 0x10, 0x3A, 0x10, 0x9C, 0xDB, 0x9C, 0xDB, 0x9C, 0xDB, 0x9C, 0xDB, 0x3A, 0x10, 0x3A, 0x10,
    0x3A, 0x10, 0x3A, 0x10, 0x3A, 0x10, 0x3A, 0x10, 0x3A, 0x10, 0x42, 0x10, 0x3A, 0x10, 0x9C, 0xDB,
    0x9C, 0xDB, 0x9C, 0xDB, 0x3A, 0x10, 0x3A, 0x10, 0x3A, 0x10, 0x3A, 0x10, 0x3A, 0x10, 0x9C, 0xDB,
    0x9C, 0xDB, 0x9C, 0xDB, 0x9C, 0xDB, 0x3A, 0x10, 0x3A, 0x10, 0x6B, 0x5C, 0x08, 0x2A, 0x6B, 0x5C,
    0x08, 0x2A, 0x6B, 0x5C, 0x08, 0x2A, 0x9C, 0xDF, 0x08, 0x2A, 0x00, 0x00, 0x08, 0x2A, 0x00, 0x00,
    0xEF, 0x5F, 0x00, 0x0C, 0x9C, 0xBF, 0x00, 0x0C, 0x00, 0x00, 0x00, 0x2A, 0x6B, 0x7C, 0x00, 0x2B,
    0x6B, 0x7C, 0x00, 0x0E, 0x6B, 0x7C, 0x00, 0x0E, 0x6B, 0x7C, 0x00, 0x0E, 0x6B, 0x7C, 0x00, 0x0E,
    0x6B, 0x7C, 0x42, 0x30, 0x42, 0x30, 0x9C, 0xFB, 0x9C, 0xFB, 0x9C, 0xFB, 0x9C, 0xFB, 0x9C, 0xFB,
    0x42, 0x30, 0x42, 0x30, 0x42, 0x30, 0x42, 0x30, 0x42, 0x30, 0x9C, 0xFB, 0x9C, 0xFB, 0x9C, 0xFB,
    0x9C, 0xFB, 0x9C, 0xFB, 0x42, 0x30, 0x42, 0x30, 0x6B, 0x7C, 0x42, 0x30, 0x42, 0x30, 0x9C, 0xFB,
    0x9C, 0xFB, 0x9C, 0xFB, 0x9C, 0xFB, 0x42, 0x30, 0x42, 0x30, 0x42, 0x30, 0x9C, 0xFB, 0x9C, 0xFB,
    0x9C, 0xFB, 0x9C, 0xFB, 0x42, 0x30, 0x42, 0x30, 0x42, 0x30, 0x9C, 0xFB, 0x9C, 0xFB, 0x9C, 0xFB,
    0x9C, 0xFB, 0x42, 0x30, 0x42, 0x30, 0x42, 0x30, 0x9C, 0xFB, 0x9C, 0xFB, 0x9C, 0xFB, 0x9C, 0xFB,
    0x42, 0x30, 0x42, 0x30, 0x42, 0x30, 0x42, 0x30, 0x42, 0x30, 0x9C, 0xFB, 0x42, 0x30, 0x42, 0x30,
    0x42, 0x30, 0x42, 0x30, 0x9C, 0xFB, 0x9C, 0xFB, 0x9C, 0xFB, 0x9C, 0xFB, 0x42, 0x30, 0x42, 0x30,
    0x42, 0x30, 0x42, 0x30, 0x9C, 0xFB, 0x9C, 0xFB, 0x9C, 0xFB, 0x42, 0x30, 0x42, 0x30, 0x42, 0x30,
    0x42, 0x30, 0x9C, 0xFB, 0x9C, 0xFB, 0x9C, 0xFB, 0x42, 0x30, 0x42, 0x30, 0x42, 0x30, 0x42, 0x30,
    0x9C, 0xFB, 0x9C, 0xFB, 0x9C, 0xFB, 0x42, 0x30, 0x42, 0x30, 0x42, 0x30, 0x42, 0x30, 0x9C, 0xFB,
    0x9C, 0xFB, 0x9C, 0xFB, 0x42, 0x30, 0x42, 0x30, 0x6B, 0x7C, 0x08, 0x2A, 0x6B, 0x7C, 0x08, 0x2A,
    0x6B, 0x7C, 0x00, 0x2B, 0x42, 0x30, 0x42, 0x30, 0x9C, 0xFB, 0x9C, 0xFB, 0x9C, 0xFB, 0x9C, 0xFB,
    0x42, 0x30, 0x42, 0x30, 0x42, 0x30, 0x42, 0x30, 0x42, 0x30, 0x9C, 0xFB, 0x9C, 0xFB, 0x9C, 0xFB,
    0x9C, 0xFB, 0x42, 0x30, 0x42, 0x30, 0x42, 0x30, 0x9C, 0xFB, 0x9C, 0xFB, 0x9C, 0xFB, 0x9C, 0xFB,
    0x42, 0x30, 0x42, 0x30, 0x42, 0x30, 0x42, 0x30, 0x9C, 0xFB, 0x9C, 0xFB, 0x9C, 0xFB, 0x42, 0x30,
    0x42, 0x30, 0x42, 0x30, 0x42, 0x30, 0x42, 0x30, 0x9C, 0xFB, 0x9C, 0xFB, 0x9C, 0xFB, 0x9C, 0xFB,
    0x42, 0x30, 0x42, 0x30, 0x6B, 0x7C, 0x42, 0x30, 0x42, 0x30, 0x9C, 0xFB, 0x9C, 0xFB, 0x9C, 0xFB,
    0x42, 0x30, 0x42, 0x30, 0x42, 0x30, 0x42, 0x30, 0x42, 0x30, 0x00, 0x0D, 0x6B, 0x7C, 0x00, 0x0F,
    0x6B, 0x7C, 0x00, 0x0D, 0x6B, 0x7C, 0x42, 0x30, 0x42, 0x30, 0x9C, 0xFB, 0x9C, 0xFB, 0x9C, 0xFB,
    0x9C, 0xFB, 0x9C, 0xFB, 0x42, 0x30, 0x42, 0x30, 0x42, 0x30, 0x42, 0x30, 0x42, 0x30, 0x42, 0x30,
    0x42, 0x30, 0x42, 0x30, 0x42, 0x30, 0x42, 0x30, 0x9C, 0xFB, 0x9C, 0xFB, 0x9C, 0xFB, 0x42, 0x30,
    0x42, 0x30, 0x42, 0x30, 0x42, 0x30, 0x9C, 0xFB, 0x9C, 0xFB, 0x9C, 0xFB, 0x42, 0x30, 0x42, 0x30,
    0x42, 0x30, 0x42, 0x30, 0x42, 0x30, 0x9C, 0xFB, 0x9C, 0xFB, 0x9C, 0xFB, 0x42, 0x30, 0x42, 0x30,
    0x42, 0x30, 0x42, 0x30, 0x9C, 0xFB, 0x9C, 0xFB, 0x9C, 0xFB, 0x42, 0x30, 0x42, 0x30, 0x42, 0x30,
    0x42, 0x30, 0x42, 0x30, 0x9C, 0xFB, 0x9C, 0xFB, 0x9C, 0xFB, 0x42, 0x30, 0x42, 0x30, 0x42, 0x30,
    0x42, 0x30, 0x9C, 0xFB, 0x9C, 0xFB, 0x9C, 0xFB, 0x9C, 0xFB, 0x42, 0x30, 0x42, 0x30, 0x00, 0x0C,
    0x6B, 0x7C, 0x00, 0x0C, 0x6B, 0x7C, 0x00, 0x0D, 0x6B, 0x7C, 0x00, 0x0F, 0x6B, 0x7C, 0x00, 0x0D,
    0x6B, 0x7C, 0x08, 0x2A, 0x6B, 0x7C, 0x00, 0x0C, 0x6B, 0x7C, 0x00, 0x2B, 0x6B, 0x7C, 0x08, 0x2A,
    0x6B, 0x7C, 0x42, 0x30, 0x42, 0x30, 0x9C, 0xFB, 0x9C, 0xFB, 0x9C, 0xFB, 0x9C, 0xFB, 0x9C, 0xFB,
    0x42, 0x30, 0x42, 0x30, 0x42, 0x30, 0x42, 0x30, 0x42, 0x30, 0x42, 0x30, 0x42, 0x30, 0x42, 0x30,
    0x42, 0x30, 0x42, 0x30, 0x9C, 0xFB, 0x9C, 0xFB, 0x9C, 0xFB, 0x42, 0x30, 0x42, 0x30, 0x42, 0x30,
    0x42, 0x30, 0x9C, 0xFB, 0x9C, 0xFB, 0x9C, 0xFB, 0x42, 0x30, 0x42, 0x30, 0x6B, 0x7C, 0x42, 0x30,
    0x42, 0x30, 0x9C, 0xFB, 0x9C, 0xFB, 0x9C, 0xFB, 0x9C, 0xFB, 0x9C, 0xFB, 0x42, 0x30, 0x42, 0x30,
    0x42, 0x30, 0x42, 0x30, 0x42, 0x30, 0x42, 0x30, 0x42, 0x30, 0x42, 0x30, 0x42, 0x30, 0x9C, 0xFB,
    0x9C, 0xFB, 0x9C, 0xFB, 0x9C, 0xFB, 0x42, 0x30, 0x42, 0x30, 0x42, 0x30, 0x42, 0x30, 0x9C, 0xFB,
    0x9C, 0xFB, 0x9C, 0xFB, 0x9C, 0xFB, 0x42, 0x30, 0x42, 0x30, 0x00, 0x0D, 0x6B, 0x7C, 0x08, 0x2A,
    0x6B, 0x7C, 0x00, 0x0C, 0x6B, 0x7C, 0x00, 0x2B, 0x5A, 0xD7, 0x08, 0x2A, 0x00, 0x00, 0x08, 0x2A,
    0x00, 0x0C, 0xA5, 0x1F, 0x00, 0x0D, 0x7B, 0xDF, 0x00, 0x2B, 0x6B, 0x7C, 0x08, 0x2A, 0x6B, 0x7C,
    0x00, 0x2B, 0x6B, 0x7C, 0x00, 0x0D, 0x6B, 0x7C, 0x00, 0x0D, 0x6B, 0x7C, 0x00, 0x0E, 0x6B, 0x7C,
    0x00, 0x0E, 0x4A, 0x50, 0x4A, 0x50, 0x4A, 0x50, 0xA5, 0x3B, 0xA5, 0x1B, 0xA5, 0x1B, 0xA5, 0x3B,
    0x4A, 0x50, 0x4A, 0x50, 0x00, 0x0D, 0x4A, 0x50, 0x4A, 0x50, 0xA5, 0x1B, 0xA5, 0x3B, 0xA5, 0x3B,
    0xA5, 0x1B, 0x4A, 0x50, 0x4A, 0x50, 0x4A, 0x50, 0x00, 0x0C, 0x4A, 0x50, 0x4A, 0x50, 0xA5, 0x3B,
    0xA5, 0x3B, 0xA5, 0x1B, 0xA5, 0x3B, 0x4A, 0x50, 0x4A, 0x50, 0x4A, 0x50, 0xA5, 0x1B, 0xA5, 0x1B,
    0xA5, 0x1B, 0xA5, 0x3B, 0x4A, 0x50, 0x4A, 0x50, 0x4A, 0x50, 0xA5, 0x1B, 0xA5, 0x1B, 0xA5, 0x3B,
    0xA5, 0x3B, 0x4A, 0x50, 0x4A, 0x50, 0x4A, 0x50, 0x4A, 0x50, 0xA5, 0x3B, 0xA5, 0x1B, 0xA5, 0x3B,
    0xA5, 0x3B, 0xA5, 0x1B, 0xA5, 0x1B, 0xA5, 0x3B, 0xA5, 0x3B, 0xA5, 0x1B, 0x4A, 0x50, 0x4A, 0x50,
    0x4A, 0x50, 0x4A, 0x50, 0xA5, 0x3B, 0xA5, 0x3B, 0xA5, 0x1B, 0xA5, 0x3B, 0x4A, 0x50, 0x4A, 0x50,
    0x4A, 0x50, 0x4A, 0x50, 0xA5, 0x3B, 0xA5, 0x1B, 0xA5, 0x3B, 0x4A, 0x50, 0x4A, 0x50, 0x4A, 0x50,
    0x4A, 0x50, 0xA5, 0x3B, 0xA5, 0x3B, 0xA5, 0x3B, 0x4A, 0x50, 0x4A, 0x50, 0x4A, 0x50, 0x4A, 0x50,
    0xA5, 0x3B, 0xA5, 0x3B, 0xA5, 0x1B, 0xA5, 0x1B, 0xA5, 0x1B, 0x4A, 0x50, 0xA5, 0x1B, 0xA5, 0x1B,
    0xA5, 0x1B, 0xA5, 0x1B, 0x4A, 0x50, 0x4A, 0x50, 0x08, 0x2A, 0x6B, 0x7C, 0x08, 0x2A, 0x6B, 0x7C,
    0x00, 0x2B, 0x6B, 0x7C, 0x4A, 0x50, 0x4A, 0x50, 0x4A, 0x50, 0xA5, 0x3B, 0xA5, 0x1B, 0xA5, 0x1B,
    0xA5, 0x3B, 0xA5, 0x3B, 0xA5, 0x3B, 0xA5, 0x1B, 0xA5, 0x1B, 0xA5, 0x1B, 0xA5, 0x3B, 0xA5, 0x3B,
    0x4A, 0x50, 0x4A, 0x50, 0x4A, 0x50, 0x4A, 0x50, 0x4A, 0x50, 0xA5, 0x1B, 0xA5, 0x1B, 0xA5, 0x3B,
    0xA5, 0x1B, 0xA5, 0x1B, 0xA5, 0x3B, 0xA5, 0x3B, 0xA5, 0x1B, 0xA5, 0x3B, 0xA5, 0x3B, 0x4A, 0x50,
    0x4A, 0x50, 0x6B, 0x7C, 0x4A, 0x50, 0x4A, 0x50, 0xA5, 0x1B, 0xA5, 0x1B, 0xA5, 0x3B, 0xA5, 0x1B,
    0x4A, 0x50, 0x4A, 0x50, 0x00, 0x0E, 0x4A, 0x50, 0x4A, 0x50, 0xA5, 0x3B, 0xA5, 0x1B, 0xA5, 0x1B,
    0xA5, 0x1B, 0xA5, 0x1B, 0xA5, 0x1B, 0x4A, 0x50, 0x4A, 0x50, 0x6B, 0x7C, 0x00, 0x0D, 0x6B, 0x7C,
    0x00, 0x0F, 0x6B, 0x7C, 0x4A, 0x50, 0x4A, 0x50, 0x4A, 0x50, 0xA5, 0x1B, 0xA5, 0x1B, 0xA5, 0x3B,
    0xA5, 0x1B, 0xA5, 0x1B, 0xA5, 0x3B, 0xA5, 0x3B, 0xA5, 0x3B, 0xA5, 0x1B, 0xA5, 0x3B, 0xA5, 0x1B,
    0x4A, 0x50, 0x4A, 0x50, 0x4A, 0x50, 0x4A, 0x50, 0xA5, 0x3B, 0xA5, 0x3B, 0xA5, 0x1B, 0xA5, 0x3B,
    0xA5, 0x1B, 0xA5, 0x1B, 0xA5, 0x1B, 0xA5, 0x1B, 0xA5, 0x3B, 0xA5, 0x1B, 0x4A, 0x50, 0x4A, 0x50,
    0x00, 0x2B, 0x4A, 0x50, 0x4A, 0x50, 0xA5, 0x1B, 0xA5, 0x1B, 0xA5, 0x3B, 0xA5, 0x1B, 0xA5, 0x3B,
    0xA5, 0x3B, 0xA5, 0x3B, 0xA5, 0x3B, 0xA5, 0x3B, 0xA5, 0x1B, 0x4A, 0x50, 0x4A, 0x50, 0x6B, 0x7C,
    0x4A, 0x50, 0x4A, 0x50, 0xA5, 0x1B, 0xA5, 0x1B, 0xA5, 0x1B, 0xA5, 0x1B, 0xA5, 0x1B, 0xA5, 0x1B,
    0xA5, 0x1B, 0xA5, 0x1B, 0xA5, 0x1B, 0xA5, 0x1B, 0x4A, 0x50, 0x4A, 0x50, 0x4A, 0x50, 0x6B, 0x7C,
    0x00, 0x2B, 0x6B, 0x7C, 0x00, 0x0C, 0x6B, 0x7C, 0x00, 0x0D, 0x6B, 0x7C, 0x00, 0x0F, 0x6B, 0x7C,
    0x00, 0x0D, 0x6B, 0x7C, 0x00, 0x0B, 0x6B, 0x7C, 0x00, 0x0E, 0x6B, 0x7C, 0x00, 0x0C, 0x6B, 0x7C,
    0x4A, 0x50, 0x4A, 0x50, 0x4A, 0x50, 0xA5, 0x1B, 0xA5, 0x1B, 0xA5, 0x3B, 0xA5, 0x3B, 0xA5, 0x1B,
    0xA5, 0x1B, 0xA5, 0x3B, 0xA5, 0x3B, 0xA5, 0x1B, 0xA5, 0x3B, 0xA5, 0x1B, 0x4A, 0x50, 0x4A, 0x50,
    0x4A, 0x50, 0x4A, 0x50, 0xA5, 0x3B, 0xA5, 0x1B, 0xA5, 0x3B, 0xA5, 0x1B, 0xA5, 0x3B, 0xA5, 0x3B,
    0xA5, 0x3B, 0xA5, 0x1B, 0xA5, 0x1B, 0xA5, 0x3B, 0x4A, 0x50, 0x4A, 0x50, 0x4A, 0x50, 0x4A, 0x50,
    0x4A, 0x50, 0xA5, 0x1B, 0xA5, 0x1B, 0xA5, 0x1B, 0xA5, 0x3B, 0xA5, 0x1B, 0xA5, 0x1B, 0xA5, 0x3B,
    0xA5, 0x1B, 0xA5, 0x1B, 0xA5, 0x3B, 0xA5, 0x3B, 0x4A, 0x50, 0x4A, 0x50, 0x4A, 0x50, 0x4A, 0x50,
    0xA5, 0x1B, 0xA5, 0x1B, 0xA5, 0x3B, 0xA5, 0x3B, 0xA5, 0x1B, 0xA5, 0x1B, 0xA5, 0x1B, 0xA5, 0x3B,
    0xA5, 0x3B, 0xA5, 0x1B, 0x4A, 0x50, 0x4A, 0x50, 0x4A, 0x50, 0x6B, 0x7C, 0x00, 0x0D, 0x6B, 0x7C,
    0x00, 0x0B, 0x6B, 0x7C, 0x00, 0x0E, 0x9C, 0xFF, 0x00, 0x0C, 0x00, 0x00, 0x08, 0x2A, 0x00, 0x00,
    0xEF, 0x7F, 0x00, 0x0D, 0x9C, 0xDF, 0x00, 0x0D, 0x00, 0x00, 0x08, 0x2A, 0x6B, 0x7C, 0x08, 0x2A,
    0x6B, 0x7C, 0x08, 0x2A, 0x6B, 0x7C, 0x00, 0x0C, 0x6B, 0x7C, 0x00, 0x0D, 0x6B, 0x7C, 0x00, 0x0C,
    0x6B, 0x7C, 0x00, 0x0C, 0x4A, 0x70, 0x4A, 0x70, 0xA5, 0x5B, 0xA5, 0x5B, 0xA5, 0x3B, 0xA5, 0x5B,
    0x4A, 0x70, 0x4A, 0x70, 0x6B, 0x7C, 0x4A, 0x70, 0x4A, 0x70, 0xA5, 0x3B, 0xA5, 0x5B, 0xA5, 0x5B,
    0xA5, 0x5B, 0x4A, 0x70, 0x4A, 0x70, 0x00, 0x0F, 0x6B, 0x7C, 0x4A, 0x70, 0x4A, 0x70, 0xA5, 0x5B,
    0xA5, 0x5B, 0xA5, 0x5B, 0xA5, 0x5B, 0x4A, 0x70, 0x4A, 0x70, 0x4A, 0x70, 0xA5, 0x3B, 0xA5, 0x3B,
    0xA5, 0x5B, 0xA5, 0x3B, 0x4A, 0x70, 0x4A, 0x70, 0x4A, 0x70, 0xA5, 0x5B, 0xA5, 0x3B, 0xA5, 0x3B,
    0xA5, 0x5B, 0x4A, 0x70, 0x4A, 0x70, 0x4A, 0x70, 0x4A, 0x70, 0x4A, 0x70, 0xA5, 0x3B, 0xA5, 0x5B,
    0xA5, 0x5B, 0xA5, 0x3B, 0xA5, 0x3B, 0xA5, 0x3B, 0xA5, 0x5B, 0xA5, 0x3B, 0xA5, 0x3B, 0x4A, 0x70,
    0x4A, 0x70, 0x4A, 0x70, 0xA5, 0x5B, 0xA5, 0x3B, 0xA5, 0x5B, 0xA5, 0x3B, 0x4A, 0x70, 0x4A, 0x70,
    0x4A, 0x70, 0x4A, 0x70, 0xA5, 0x5B, 0xA5, 0x3B, 0xA5, 0x5B, 0x4A, 0x70, 0x4A, 0x70, 0x4A, 0x70,
    0x4A, 0x70, 0xA5, 0x3B, 0xA5, 0x5B, 0xA5, 0x3B, 0x4A, 0x70, 0x4A, 0x70, 0x4A, 0x70, 0x4A, 0x70,
    0x4A, 0x70, 0xA5, 0x3B, 0xA5, 0x5B, 0xA5, 0x3B, 0xA5, 0x5B, 0xA5, 0x5B, 0xA5, 0x3B, 0xA5, 0x3B,
    0xA5, 0x5B, 0xA5, 0x3B, 0x4A, 0x70, 0x4A, 0x70, 0x6B, 0x7C, 0x00, 0x0C, 0x6B, 0x7C, 0x00, 0x2B,
    0x6B, 0x7C, 0x00, 0x0D, 0x6B, 0x7C, 0x4A, 0x70, 0x4A, 0x70, 0x4A, 0x70, 0xA5, 0x5B, 0xA5, 0x3B,
    0xA5, 0x3B, 0xA5, 0x5B, 0xA5, 0x3B, 0xA5, 0x5B, 0xA5, 0x3B, 0xA5, 0x3B, 0xA5, 0x3B, 0xA5, 0x3B,
    0x4A, 0x70, 0x4A, 0x70, 0x6B, 0x7C, 0x4A, 0x70, 0x4A, 0x70, 0x4A, 0x70, 0xA5, 0x5B, 0xA5, 0x5B,
    0xA5, 0x3B, 0xA5, 0x3B, 0xA5, 0x3B, 0xA5, 0x3B, 0xA5, 0x3B, 0xA5, 0x3B, 0x4A, 0x70, 0x4A, 0x70,
    0x4A, 0x70, 0x08, 0x2A, 0x4A, 0x70, 0x4A, 0x70, 0xA5, 0x3B, 0xA5, 0x3B, 0xA5, 0x3B, 0xA5, 0x3B,
    0x4A, 0x70, 0x4A, 0x70, 0x6B, 0x7C, 0x4A, 0x70, 0x4A, 0x70, 0x4A, 0x70, 0xA5, 0x3B, 0xA5, 0x5B,
    0xA5, 0x3B, 0xA5, 0x3B, 0xA5, 0x3B, 0x4A, 0x70, 0x4A, 0x70, 0x00, 0x0D, 0x6B, 0x7C, 0x00, 0x0D,
    0x6B, 0x7C, 0x00, 0x0F, 0x4A, 0x70, 0x4A, 0x70, 0xA5, 0x5B, 0xA5, 0x3B, 0xA5, 0x5B, 0xA5, 0x3B,
    0xA5, 0x3B, 0xA5, 0x5B, 0xA5, 0x3B, 0xA5, 0x3B, 0xA5, 0x3B, 0xA5, 0x3B, 0xA5, 0x3B, 0xA5, 0x3B,
    0x4A, 0x70, 0x4A, 0x70, 0x4A, 0x70, 0x4A, 0x70, 0x4A, 0x70, 0xA5, 0x5B, 0xA5, 0x5B, 0xA5, 0x3B,
    0xA5, 0x5B, 0xA5, 0x5B, 0xA5, 0x3B, 0xA5, 0x3B, 0xA5, 0x3B, 0x4A, 0x70, 0x4A, 0x70, 0x4A, 0x70,
    0x6B, 0x7C, 0x4A, 0x70, 0x4A, 0x70, 0x4A, 0x70, 0xA5, 0x3B, 0xA5, 0x3B, 0xA5, 0x3B, 0xA5, 0x5B,
    0xA5, 0x3B, 0xA5, 0x5B, 0xA5, 0x3B, 0xA5, 0x5B, 0x4A, 0x70, 0x4A, 0x70, 0x4A, 0x70, 0x08, 0x2A,
    0x4A, 0x70, 0x4A, 0x70, 0x4A, 0x70, 0xA5, 0x5B, 0xA5, 0x3B, 0xA5, 0x5B, 0xA5, 0x3B, 0xA5, 0x3B,
    0xA5, 0x3B, 0xA5, 0x3B, 0xA5, 0x3B, 0x4A, 0x70, 0x4A, 0x70, 0x4A, 0x70, 0x6B, 0x7C, 0x00, 0x0C,
    0x6B, 0x7C, 0x08, 0x2A, 0x6B, 0x7C, 0x00, 0x0D, 0x6B, 0x7C, 0x00, 0x0D, 0x6B, 0x7C, 0x00, 0x0F,
    0x6B, 0x7C, 0x00, 0x0C, 0x6B, 0x7C, 0x00, 0x0D, 0x6B, 0x7C, 0x00, 0x0F, 0x6B, 0x7C, 0x00, 0x0E,
    0x4A, 0x70, 0x4A, 0x70, 0xA5, 0x3B, 0xA5, 0x5B, 0xA5, 0x5B, 0xA5, 0x3B, 0xA5, 0x3B, 0xA5, 0x5B,
    0xA5, 0x3B, 0xA5, 0x3B, 0xA5, 0x5B, 0xA5, 0x5B, 0xA5, 0x3B, 0xA5, 0x3B, 0x4A, 0x70, 0x4A, 0x70,
    0x4A, 0x70, 0x4A, 0x70, 0x4A, 0x70, 0xA5, 0x3B, 0xA5, 0x5B, 0xA5, 0x5B, 0xA5, 0x5B, 0xA5, 0x5B,
    0xA5, 0x5B, 0xA5, 0x5B, 0xA5, 0x3B, 0x4A, 0x70, 0x4A, 0x70, 0x4A, 0x70, 0x4A, 0x70, 0x4A, 0x70,
    0xA5, 0x5B, 0xA5, 0x5B, 0xA5, 0x5B, 0xA5, 0x3B, 0xA5, 0x3B, 0xA5, 0x3B, 0xA5, 0x5B, 0xA5, 0x5B,
    0xA5, 0x5B, 0xA5, 0x5B, 0xA5, 0x3B, 0xA5, 0x5B, 0x4A, 0x70, 0x4A, 0x70, 0x4A, 0x70, 0x4A, 0x70,
    0xA5, 0x5B, 0xA5, 0x5B, 0xA5, 0x3B, 0xA5, 0x5B, 0xA5, 0x5B, 0xA5, 0x3B, 0xA5, 0x5B, 0xA5, 0x3B,
    0xA5, 0x3B, 0x4A, 0x70, 0x4A, 0x70, 0x4A, 0x70, 0x6B, 0x7C, 0x00, 0x0F, 0x6B, 0x7C, 0x00, 0x0C,
    0x6B, 0x7C, 0x00, 0x0D, 0x6B, 0x7C, 0x00, 0x0F, 0x5A, 0xF8, 0x00, 0x0E, 0x00, 0x00, 0x00, 0x0C,
    0x00, 0x0B, 0xAD, 0x3F, 0x00, 0x0D, 0x7B, 0xFF, 0x00, 0x0C, 0x73, 0x7C, 0x00, 0x2B, 0x73, 0x7C,
    0x08, 0x2A, 0x73, 0x7C, 0x08, 0x2A, 0x73, 0x7C, 0x00, 0x0C, 0x73, 0x7C, 0x00, 0x0D, 0x73, 0x7C,
    0x00, 0x2B, 0x73, 0x7C, 0x52, 0x8F, 0x52, 0x90, 0xAD, 0x7B, 0xAD, 0x7B, 0xAD, 0x7B, 0xAD, 0x7B,
    0x52, 0x90, 0x52, 0x8F, 0x00, 0x0C, 0x52, 0x90, 0x52, 0x90, 0x52, 0x90, 0xAD, 0x7B, 0xAD, 0x7B,
    0xAD, 0x7B, 0x52, 0x90, 0x52, 0x8F, 0x73, 0x7C, 0x00, 0x10, 0x52, 0x90, 0x52, 0x90, 0xAD, 0x7B,
    0xAD, 0x7B, 0xAD, 0x7B, 0xAD, 0x7B, 0x52, 0x90, 0x52, 0x90, 0x52, 0x90, 0xAD, 0x7B, 0xAD, 0x7B,
    0xAD, 0x7B, 0xAD, 0x7B, 0x52, 0x90, 0x52, 0x90, 0x52, 0x90, 0xAD, 0x7B, 0xAD, 0x7B, 0xAD, 0x7B,
    0xAD, 0x7B, 0x52, 0x8F, 0x52, 0x90, 0x73, 0x7C, 0x52, 0x90, 0x52, 0x90, 0x52, 0x90, 0xAD, 0x7B,
    0xAD, 0x7B, 0xAD, 0x7B, 0xAD, 0x7B, 0xAD, 0x7B, 0xAD, 0x7B, 0x52, 0x90, 0x52, 0x90, 0x52, 0x90,
    0x52, 0x90, 0x52, 0x8F, 0xAD, 0x7B, 0xAD, 0x7B, 0xAD, 0x7B, 0xAD, 0x7B, 0x52, 0x90, 0x52, 0x90,
    0x52, 0x90, 0x52, 0x90, 0xAD, 0x7B, 0xAD, 0x7B, 0xAD, 0x7B, 0x52, 0x90, 0x52, 0x8F, 0x52, 0x90,
    0x52, 0x90, 0xAD, 0x7B, 0xAD, 0x7B, 0xAD, 0x7B, 0x52, 0x90, 0x52, 0x90, 0x00, 0x2B, 0x52, 0x90,
    0x52, 0x90, 0x52, 0x8F, 0xAD, 0x7B, 0xAD, 0x7B, 0xAD, 0x7B, 0xAD, 0x7B, 0xAD, 0x7B, 0xAD, 0x7B,
    0x52, 0x90, 0x52, 0x90, 0x52, 0x90, 0x52, 0x90, 0x00, 0x10, 0x73, 0x7C, 0x00, 0x0C, 0x73, 0x7C,
    0x00, 0x0E, 0x73, 0x7C, 0x00, 0x0C, 0x73, 0x7C, 0x52, 0x8F, 0x52, 0x90, 0x52, 0x8F, 0x52, 0x90,
    0xAD, 0x7B, 0xAD, 0x7B, 0xAD, 0x7B, 0xAD, 0x7B, 0xAD, 0x7B, 0xAD, 0x7B, 0x52, 0x90, 0x52, 0x8F,
    0x52, 0x90, 0x52, 0x8F, 0x00, 0x2B, 0x73, 0x7C, 0x52, 0x90, 0x52, 0x90, 0x52, 0x90, 0xAD, 0x7B,
    0xAD, 0x7B, 0xAD, 0x7B, 0xAD, 0x7B, 0xAD, 0x7B, 0x52, 0x90, 0x52, 0x90, 0x52, 0x90, 0x52, 0x90,
    0x00, 0x0C, 0x73, 0x7C, 0x52, 0x90, 0x52, 0x90, 0xAD, 0x7B, 0xAD, 0x7B, 0xAD, 0x7B, 0xAD, 0x7B,
    0x52, 0x90, 0x52, 0x90, 0x00, 0x0D, 0x73, 0x7C, 0x52, 0x90, 0x52, 0x8F, 0x52, 0x90, 0xAD, 0x7B,
    0xAD, 0x7B, 0xAD, 0x7B, 0xAD, 0x7B, 0x52, 0x90, 0x52, 0x90, 0x73, 0x7C, 0x00, 0x0C, 0x73, 0x7C,
    0x00, 0x0C, 0x73, 0x7C, 0x52, 0x90, 0x52, 0x90, 0xAD, 0x7B, 0xAD, 0x7B, 0xAD, 0x7B, 0xAD, 0x7B,
    0xAD, 0x7B, 0xAD, 0x7B, 0xAD, 0x7B, 0xAD, 0x7B, 0xAD, 0x7B, 0xAD, 0x7B, 0xAD, 0x7B, 0xAD, 0x7B,
    0x52, 0x8F, 0x52, 0x90, 0x00, 0x2B, 0x52, 0x90, 0x52, 0x90, 0x52, 0x90, 0xAD, 0x7B, 0xAD, 0x7B,
    0xAD, 0x7B, 0xAD, 0x7B, 0xAD, 0x7B, 0xAD, 0x7B, 0x52, 0x90, 0x52, 0x90, 0x52, 0x90, 0x73, 0x7C,
    0x00, 0x2B, 0x73, 0x7C, 0x52, 0x90, 0x52, 0x90, 0x52, 0x8F, 0xAD, 0x7B, 0xAD, 0x7B, 0xAD, 0x7B,
    0xAD, 0x7B, 0xAD, 0x7B, 0xAD, 0x7B, 0x52, 0x90, 0x52, 0x8F, 0x52, 0x8F, 0x00, 0x0C, 0x73, 0x7C,
    0x00, 0x2B, 0x52, 0x90, 0x52, 0x8F, 0x52, 0x90, 0x52, 0x8F, 0xAD, 0x7B, 0xAD, 0x7B, 0xAD, 0x7B,
    0xAD, 0x7B, 0xAD, 0x7B, 0x52, 0x8F, 0x52, 0x90, 0x52, 0x90, 0x73, 0x7C, 0x00, 0x0D, 0x73, 0x7C,
    0x08, 0x2A, 0x73, 0x7C, 0x00, 0x2B, 0x73, 0x7C, 0x00, 0x0C, 0x73, 0x7C, 0x00, 0x0C, 0x73, 0x7C,
    0x00, 0x0D, 0x73, 0x7C, 0x00, 0x2B, 0x73, 0x7C, 0x00, 0x0E, 0x73, 0x7C, 0x00, 0x10, 0x73, 0x7C,
    0x52, 0x90, 0x52, 0x90, 0xAD, 0x7B, 0xAD, 0x7B, 0xAD, 0x7B, 0xAD, 0x7B, 0xAD, 0x7B, 0xAD, 0x7B,
    0xAD, 0x7B, 0xAD, 0x7B, 0xAD, 0x7B, 0xAD, 0x7B, 0xAD, 0x7B, 0xAD, 0x7B, 0x52, 0x90, 0x52, 0x90,
    0x00, 0x0E, 0x52, 0x8F, 0x52, 0x90, 0x52, 0x90, 0xAD, 0x7B, 0xAD, 0x7B, 0xAD, 0x7B, 0xAD, 0x7B,
    0xAD, 0x7B, 0xAD, 0x7B, 0x52, 0x90, 0x52, 0x90, 0x52, 0x90, 0x73, 0x7C, 0x52, 0x8F, 0x52, 0x8F,
    0xAD, 0x7B, 0xAD, 0x7B, 0xAD, 0x7B, 0xAD, 0x7B, 0xAD, 0x7B, 0xAD, 0x7B, 0xAD, 0x7B, 0xAD, 0x7B,
    0xAD, 0x7B, 0xAD, 0x7B, 0xAD, 0x7B, 0xAD, 0x7B, 0x52, 0x90, 0x52, 0x8F, 0x52, 0x90, 0x52, 0x90,
    0x52, 0x90, 0x52, 0x8F, 0xAD, 0x7B, 0xAD, 0x7B, 0xAD, 0x7B, 0xAD, 0x7B, 0xAD, 0x7B, 0xAD, 0x7B,
    0x52, 0x90, 0x52, 0x90, 0x52, 0x8F, 0x73, 0x7C, 0x00, 0x0C, 0x73, 0x7C, 0x00, 0x0D, 0x73, 0x7C,
    0x00, 0x2B, 0x73, 0x7C, 0x00, 0x0E, 0xA4, 0xFF, 0x00, 0x10, 0x00, 0x00, 0x00, 0x10, 0x00, 0x00,
    0xF7, 0x9F, 0x00, 0x2B, 0x9C, 0xFF, 0x00, 0x0C, 0x00, 0x00, 0x00, 0x0D, 0x73, 0x9D, 0x00, 0x2B,
    0x73, 0x9D, 0x08, 0x2A, 0x73, 0x9D, 0x08, 0x2A, 0x73, 0x9D, 0x00, 0x0C, 0x73, 0x9D, 0x00, 0x0C,
    0x73, 0x9D, 0x00, 0x2B, 0x52, 0xCF, 0x52, 0xAF, 0x52, 0xAF, 0x52, 0xAF, 0x52, 0xB0, 0x52, 0xAF,
    0x52, 0xB0, 0x52, 0xAF, 0x73, 0x9D, 0x08, 0x2A, 0x52, 0xAF, 0x52, 0xAF, 0x52, 0xCF, 0x52, 0xB0,
    0x52, 0xCF, 0x52, 0xB0, 0x52, 0xAF, 0x00, 0x0D, 0x73, 0x9D, 0x52, 0xAF, 0x52, 0xAF, 0x52, 0xCF,
    0x52, 0xAF, 0x52, 0xB0, 0x52, 0xAF, 0x52, 0xAF, 0x52, 0xAF, 0x52, 0xAF, 0x52, 0xCF, 0x52, 0xAF,
    0x52, 0xAF, 0x52, 0xAF, 0x52, 0xB0, 0x52, 0xAF, 0x52, 0xB0, 0x52, 0xAF, 0x52, 0xAF, 0x52, 0xCF,
    0x52, 0xB0, 0x52, 0xB0, 0x52, 0xCF, 0x00, 0x0C, 0x73, 0x9D, 0x52, 0xCF, 0x52, 0xCF, 0x52, 0xB0,
    0x52, 0xB0, 0x52, 0xB0, 0x52, 0xB0, 0x52, 0xAF, 0x52, 0xB0, 0x52, 0xCF, 0x52, 0xB0, 0x52, 0xAF,
    0x52, 0xCF, 0x52, 0xAF, 0x52, 0xAF, 0x52, 0xAF, 0x52, 0xAF, 0x52, 0xAF, 0x52, 0xAF, 0x52, 0xB0,
    0x52, 0xCF, 0x52, 0xAF, 0x52, 0xB0, 0x52, 0xB0, 0x52, 0xB0, 0x52, 0xCF, 0x52, 0xAF, 0x52, 0xB0,
    0x52, 0xAF, 0x52, 0xAF, 0x52, 0xAF, 0x52, 0xCF, 0x52, 0xCF, 0x52, 0xCF, 0x73, 0x9D, 0x00, 0x2B,
    0x52, 0xAF, 0x52, 0xCF, 0x52, 0xCF, 0x52, 0xAF, 0x52, 0xAF, 0x52, 0xCF, 0x52, 0xAF, 0x52, 0xCF,
    0x52, 0xAF, 0x52, 0xCF, 0x52, 0xAF, 0x00, 0x0F, 0x73, 0x9D, 0x00, 0x0E, 0x73, 0x9D, 0x00, 0x0E,
    0x73, 0x9D, 0x00, 0x0F, 0x73, 0x9D, 0x00, 0x0C, 0x73, 0x9D, 0x52, 0xAF, 0x52, 0xB0, 0x52, 0xAF,
    0x52, 0xCF, 0x52, 0xCF, 0x52, 0xAF, 0x52, 0xB0, 0x52, 0xAF, 0x52, 0xCF, 0x52, 0xAF, 0x52, 0xB0,
    0x52, 0xAF, 0x00, 0x0C, 0x73, 0x9D, 0x08, 0x2A, 0x73, 0x9D, 0x52, 0xCF, 0x52, 0xAF, 0x52, 0xAF,
    0x52, 0xAF, 0x52, 0xCF, 0x52, 0xB0, 0x52, 0xAF, 0x52, 0xB0, 0x52, 0xCF, 0x52, 0xAF, 0x00, 0x0C,
    0x73, 0x9D, 0x00, 0x0D, 0x52, 0xAF, 0x52, 0xAF, 0x52, 0xAF, 0x52, 0xAF, 0x52, 0xB0, 0x52, 0xAF,
    0x52, 0xB0, 0x52, 0xCF, 0x73, 0x9D, 0x00, 0x0C, 0x73, 0x9D, 0x52, 0xB0, 0x52, 0xAF, 0x52, 0xAF,
    0x52, 0xCF, 0x52, 0xB0, 0x52, 0xCF, 0x52, 0xAF, 0x52, 0xAF, 0x00, 0x2B, 0x73, 0x9D, 0x08, 0x2A,
    0x73, 0x9D, 0x08, 0x2A, 0x52, 0xB0, 0x52, 0xAF, 0x52, 0xAF, 0x52, 0xCF, 0x52, 0xB0, 0x52, 0xAF,
    0x52, 0xAF, 0x52, 0xCF, 0x52, 0xCF, 0x52, 0xAF, 0x52, 0xAF, 0x52, 0xB0, 0x52, 0xAF, 0x52, 0xAF,
    0x52, 0xB0, 0x52, 0xAF, 0x73, 0x9D, 0x00, 0x0C, 0x52, 0xAF, 0x52, 0xCF, 0x52, 0xAF, 0x52, 0xAF,
    0x52, 0xAF, 0x52, 0xB0, 0x52, 0xAF, 0x52, 0xB0, 0x52, 0xB0, 0x52, 0xAF, 0x73, 0x9D, 0x00, 0x0C,
    0x73, 0x9D, 0x08, 0x2A, 0x73, 0x9D, 0x52, 0xCF, 0x52, 0xAF, 0x52, 0xAF, 0x52, 0xB0, 0x52, 0xAF,
    0x52, 0xAF, 0x52, 0xCF, 0x52, 0xCF, 0x52, 0xAF, 0x52, 0xB0, 0x00, 0x0C, 0x73, 0x9D, 0x00, 0x0D,
    0x73, 0x9D, 0x00, 0x2B, 0x52, 0xAF, 0x52, 0xCF, 0x52, 0xCF, 0x52, 0xB0, 0x52, 0xB0, 0x52, 0xB0,
    0x52, 0xAF, 0x52, 0xAF, 0x52, 0xB0, 0x52, 0xCF, 0x73, 0x9D, 0x00, 0x0C, 0x73, 0x9D, 0x00, 0x0C,
    0x73, 0x9D, 0x08, 0x2A, 0x73, 0x9D, 0x00, 0x2B, 0x73, 0x9D, 0x08, 0x2A, 0x73, 0x9D, 0x08, 0x2A,
    0x73, 0x9D, 0x08, 0x2A, 0x73, 0x9D, 0x00, 0x2B, 0x73, 0x9D, 0x00, 0x0D, 0x73, 0x9D, 0x00, 0x0F,
    0x52, 0xAF, 0x52, 0xAF, 0x52, 0xB0, 0x52, 0xAF, 0x52, 0xCF, 0x52, 0xAF, 0x52, 0xCF, 0x52, 0xB0,
    0x52, 0xB0, 0x52, 0xCF, 0x52, 0xAF, 0x52, 0xB0, 0x52, 0xAF, 0x52, 0xAF, 0x52, 0xCF, 0x52, 0xB0,
    0x73, 0x9D, 0x00, 0x0E, 0x52, 0xAF, 0x52, 0xAF, 0x52, 0xCF, 0x52, 0xCF, 0x52, 0xAF, 0x52, 0xAF,
    0x52, 0xAF, 0x52, 0xCF, 0x52, 0xCF, 0x52, 0xCF, 0x73, 0x9D, 0x00, 0x2B, 0x52, 0xCF, 0x52, 0xAF,
    0x52, 0xAF, 0x52, 0xAF, 0x52, 0xB0, 0x52, 0xAF, 0x52, 0xCF, 0x52, 0xAF, 0x52, 0xB0, 0x52, 0xAF,
    0x52, 0xCF, 0x52, 0xAF, 0x52, 0xAF, 0x52, 0xAF, 0x52, 0xAF, 0x52, 0xCF, 0x73, 0x9D, 0x52, 0xB0,
    0x52, 0xAF, 0x52, 0xAF, 0x52, 0xAF, 0x52, 0xCF, 0x52, 0xAF, 0x52, 0xAF, 0x52, 0xCF, 0x52, 0xAF,
    0x52, 0xAF, 0x52, 0xAF, 0x73, 0x9D, 0x08, 0x2A, 0x73, 0x9D, 0x08, 0x2A, 0x73, 0x9D, 0x08, 0x2A,
    0x73, 0x9D, 0x00, 0x2B, 0x73, 0x9D, 0x00, 0x0D, 0x5A, 0xF8, 0x00, 0x0F, 0x00, 0x00, 0x00, 0x0E,
    0x08, 0x2A, 0xAD, 0x5F, 0x00, 0x0B, 0x84, 0x1F, 0x00, 0x0C, 0x73, 0x9D, 0x00, 0x0D, 0x73, 0x9D,
    0x08, 0x2A, 0x73, 0x9D, 0x08, 0x2A, 0x73, 0x9D, 0x08, 0x2A, 0x73, 0x9D, 0x00, 0x0D, 0x73, 0x9D,
    0x00, 0x0D, 0x73, 0x9D, 0x00, 0x2B, 0x5A, 0xEF, 0x5A, 0xEF, 0x5A, 0xCF, 0x5A, 0xCF, 0x5A, 0xEF,
    0x5A, 0xCF, 0x73, 0x9D, 0x08, 0x2A, 0x73, 0x9D, 0x08, 0x2A, 0x5A, 0xCF, 0x5A, 0xCF, 0x5A, 0xCF,
    0x5A, 0xCF, 0x5A, 0xEF, 0x08, 0x2A, 0x73, 0x9D, 0x00, 0x2B, 0x73, 0x9D, 0x5A, 0xEF, 0x5A, 0xCF,
    0x5A, 0xCF, 0x5A, 0xCF, 0x5A, 0xCF, 0x5A, 0xEF, 0x00, 0x0C, 0x5A, 0xEF, 0x5A, 0xCF, 0x5A, 0xEF,
    0x5A, 0xCF, 0x5A, 0xCF, 0x5A, 0xEF, 0x73, 0x9D, 0x5A, 0xCF, 0x5A, 0xCF, 0x5A, 0xEF, 0x5A, 0xCF,
    0x5A, 0xEF, 0x5A, 0xCF, 0x00, 0x0C, 0x73, 0x9D, 0x00, 0x2B, 0x73, 0x9D, 0x5A, 0xCF, 0x5A, 0xEF,
    0x5A, 0xCF, 0x5A, 0xEF, 0x5A, 0xEF, 0x5A, 0xEF, 0x5A, 0xEF, 0x5A, 0xCF, 0x08, 0x2A, 0x73, 0x9D,
    0x00, 0x0B, 0x5A, 0xEF, 0x5A, 0xCF, 0x5A, 0xCF, 0x5A, 0xCF, 0x5A, 0xEF, 0x5A, 0xEF, 0x73, 0x9D,
    0x08, 0x2A, 0x5A, 0xEF, 0x5A, 0xEF, 0x5A, 0xCF, 0x5A, 0xCF, 0x5A, 0xEF, 0x00, 0x0D, 0x73, 0x9D,
    0x5A, 0xCF, 0x5A, 0xCF, 0x5A, 0xCF, 0x5A, 0xEF, 0x5A, 0xCF, 0x73, 0x9D, 0x00, 0x2B, 0x73, 0x9D,
    0x08, 0x2A, 0x5A, 0xCF, 0x5A, 0xEF, 0x5A, 0xEF, 0x5A, 0xCF, 0x5A, 0xCF, 0x5A, 0xCF, 0x5A, 0xEF,
    0x5A, 0xEF, 0x73, 0x9D, 0x00, 0x2B, 0x73, 0x9D, 0x00, 0x0D, 0x73, 0x9D, 0x00, 0x0C, 0x73, 0x9D,
    0x00, 0x0D, 0x73, 0x9D, 0x00, 0x0C, 0x73, 0x9D, 0x00, 0x0C, 0x73, 0x9D, 0x00, 0x0C, 0x5A, 0xCF,
    0x5A, 0xEF, 0x5A, 0xCF, 0x5A, 0xCF, 0x5A, 0xEF, 0x5A, 0xEF, 0x5A, 0xCF, 0x5A, 0xEF, 0x73, 0x9D,
    0x00, 0x0C, 0x73, 0x9D, 0x00, 0x2B, 0x73, 0x9D, 0x08, 0x2A, 0x73, 0x9D, 0x5A, 0xCF, 0x5A, 0xEF,
    0x5A, 0xCF, 0x5A, 0xEF, 0x5A, 0xEF, 0x5A, 0xCF, 0x5A, 0xEF, 0x73, 0x9D, 0x00, 0x0B, 0x73, 0x9D,
    0x00, 0x0C, 0x73, 0x9D, 0x00, 0x0D, 0x5A, 0xCF, 0x5A, 0xEF, 0x5A, 0xCF, 0x5A, 0xEF, 0x5A, 0xCF,
    0x5A, 0xCF, 0x73, 0x9D, 0x00, 0x0D, 0x73, 0x9D, 0x00, 0x0D, 0x73, 0x9D, 0x5A, 0xCF, 0x5A, 0xCF,
    0x5A, 0xCF, 0x5A, 0xEF, 0x5A, 0xEF, 0x5A, 0xCF, 0x00, 0x2B, 0x73, 0x9D, 0x08, 0x2A, 0x73, 0x9D,
    0x08, 0x2A, 0x73, 0x9D, 0x08, 0x2A, 0x5A, 0xCF, 0x5A, 0xCF, 0x5A, 0xCF, 0x5A, 0xEF, 0x5A, 0xEF,
    0x5A, 0xEF, 0x5A, 0xCF, 0x5A, 0xCF, 0x5A, 0xCF, 0x5A, 0xEF, 0x5A, 0xEF, 0x5A, 0xEF, 0x5A, 0xCF,
    0x5A, 0xEF, 0x73, 0x9D, 0x00, 0x0C, 0x73, 0x9D, 0x00, 0x0C, 0x5A, 0xCF, 0x5A, 0xEF, 0x5A, 0xEF,
    0x5A, 0xCF, 0x5A, 0xEF, 0x5A, 0xCF, 0x5A, 0xEF, 0x5A, 0xEF, 0x73, 0x9D, 0x00, 0x0C, 0x73, 0x9D,
    0x00, 0x2B, 0x73, 0x9D, 0x08, 0x2A, 0x73, 0x9D, 0x5A, 0xCF, 0x5A, 0xCF, 0x5A, 0xCF, 0x5A, 0xCF,
    0x5A, 0xEF, 0x5A, 0xCF, 0x5A, 0xCF, 0x5A, 0xCF, 0x00, 0x0B, 0x73, 0x9D, 0x00, 0x0C, 0x73, 0x9D,
    0x00, 0x0D, 0x73, 0x9D, 0x08, 0x2A, 0x73, 0x9D, 0x5A, 0xCF, 0x5A, 0xCF, 0x5A, 0xCF, 0x5A, 0xCF,
    0x5A, 0xEF, 0x5A, 0xCF, 0x5A, 0xCF, 0x73, 0x9D, 0x00, 0x2B, 0x73, 0x9D, 0x00, 0x0C, 0x73, 0x9D,
    0x00, 0x2B, 0x73, 0x9D, 0x00, 0x2B, 0x73, 0x9D, 0x08, 0x2A, 0x73, 0x9D, 0x08, 0x2A, 0x73, 0x9D,
    0x08, 0x2A, 0x73, 0x9D, 0x08, 0x2A, 0x73, 0x9D, 0x08, 0x2A, 0x73, 0x9D, 0x00, 0x2B, 0x73, 0x9D,
    0x00, 0x0D, 0x5A, 0xCF, 0x5A, 0xEF, 0x5A, 0xEF, 0x5A, 0xEF, 0x5A, 0xEF, 0x5A, 0xEF, 0x5A, 0xCF,
    0x5A, 0xCF, 0x5A, 0xCF, 0x5A, 0xCF, 0x5A, 0xEF, 0x5A, 0xCF, 0x5A, 0xEF, 0x5A, 0xEF, 0x73, 0x9D,
    0x00, 0x0F, 0x73, 0x9D, 0x00, 0x0C, 0x5A, 0xCF, 0x5A, 0xCF, 0x5A, 0xCF, 0x5A, 0xEF, 0x5A, 0xCF,
    0x5A, 0xCF, 0x5A, 0xCF, 0x5A, 0xCF, 0x73, 0x9D, 0x00, 0x2B, 0x73, 0x9D, 0x08, 0x2A, 0x5A, 0xCF,
    0x5A, 0xCF, 0x5A, 0xEF, 0x5A, 0xCF, 0x5A, 0xEF, 0x5A, 0xEF, 0x5A, 0xCF, 0x5A, 0xEF, 0x5A, 0xCF,
    0x5A, 0xCF, 0x5A, 0xEF, 0x5A, 0xCF, 0x5A, 0xEF, 0x5A, 0xCF, 0x73, 0x9D, 0x00, 0x0D, 0x73, 0x9D,
    0x00, 0x0D, 0x5A, 0xEF, 0x5A, 0xCF, 0x5A, 0xEF, 0x5A, 0xEF, 0x5A, 0xCF, 0x5A, 0xEF, 0x5A, 0xCF,
    0x5A, 0xEF, 0x73, 0x9D, 0x08, 0x2A, 0x73, 0x9D, 0x08, 0x2A, 0x73, 0x9D, 0x08, 0x2A, 0x73, 0x9D,
    0x08, 0x2A, 0x73, 0x9D, 0x08, 0x2A, 0xA5, 0x1F, 0x00, 0x2B, 0x00, 0x00, 0x00, 0x0D, 0x00, 0x00,
    0xF7, 0xBF, 0x00, 0x0B, 0xA4, 0xFF, 0x00, 0x2B, 0x00, 0x00, 0x00, 0x0C, 0x73, 0x9D, 0x00, 0x0D,
    0x73, 0x9D, 0x08, 0x2A, 0x73, 0x9D, 0x08, 0x2A, 0x73, 0x9D, 0x00, 0x2B, 0x73, 0x9D, 0x00, 0x0C,
    0x73, 0x9D, 0x00, 0x0D, 0x73, 0x9D, 0x00, 0x2B, 0x73, 0x9D, 0x00, 0x2B, 0x73, 0x9D, 0x00, 0x0C,
    0x73, 0x9D, 0x00, 0x0C, 0x73, 0x9D, 0x08, 0x2A, 0x73, 0x9D, 0x08, 0x2A, 0x73, 0x9D, 0x08, 0x2A,
    0x73, 0x9D, 0x08, 0x2A, 0x73, 0x9D, 0x08, 0x2A, 0x73, 0x9D, 0x08, 0x2A, 0x73, 0x9D, 0x00, 0x0C,
    0x73, 0x9D, 0x00, 0x0D, 0x73, 0x9D, 0x00, 0x0D, 0x73, 0x9D, 0x00, 0x0C, 0x73, 0x9D, 0x00, 0x0C,
    0x73, 0x9D, 0x00, 0x2B, 0x73, 0x9D, 0x08, 0x2A, 0x73, 0x9D, 0x00, 0x2B, 0x73, 0x9D, 0x00, 0x0C,
    0x73, 0x9D, 0x08, 0x2A, 0x73, 0x9D, 0x00, 0x0C, 0x73, 0x9D, 0x00, 0x2B, 0x73, 0x9D, 0x00, 0x2B,
    0x73, 0x9D, 0x00, 0x0D, 0x73, 0x9D, 0x00, 0x2B, 0x73, 0x9D, 0x08, 0x2A, 0x73, 0x9D, 0x00, 0x0B,
    0x73, 0x9D, 0x00, 0x2B, 0x73, 0x9D, 0x00, 0x0C, 0x73, 0x9D, 0x00, 0x0D, 0x73, 0x9D, 0x08, 0x2A,
    0x73, 0x9D, 0x08, 0x2A, 0x73, 0x9D, 0x00, 0x2B, 0x73, 0x9D, 0x00, 0x0C, 0x73, 0x9D, 0x00, 0x0D,
    0x73, 0x9D, 0x00, 0x2B, 0x73, 0x9D, 0x00, 0x2B, 0x73, 0x9D, 0x00, 0x0C, 0x73, 0x9D, 0x00, 0x0C,
    0x73, 0x9D, 0x08, 0x2A, 0x73, 0x9D, 0x08, 0x2A, 0x73, 0x9D, 0x08, 0x2A, 0x73, 0x9D, 0x08, 0x2A,
    0x73, 0x9D, 0x08, 0x2A, 0x73, 0x9D, 0x08, 0x2A, 0x73, 0x9D, 0x00, 0x0C, 0x73, 0x9D, 0x00, 0x0D,
    0x73, 0x9D, 0x00, 0x0D, 0x73, 0x9D, 0x00, 0x0C, 0x73, 0x9D, 0x00, 0x0C, 0x73, 0x9D, 0x00, 0x2B,
    0x73, 0x9D, 0x08, 0x2A, 0x73, 0x9D, 0x00, 0x2B, 0x73, 0x9D, 0x00, 0x0C, 0x73, 0x9D, 0x08, 0x2A,
    0x73, 0x9D, 0x00, 0x0C, 0x73, 0x9D, 0x00, 0x2B, 0x73, 0x9D, 0x00, 0x2B, 0x73, 0x9D, 0x00, 0x0D,
    0x73, 0x9D, 0x00, 0x2B, 0x73, 0x9D, 0x08, 0x2A, 0x73, 0x9D, 0x00, 0x0B, 0x73, 0x9D, 0x00, 0x2B,
    0x73, 0x9D, 0x00, 0x0C, 0x73, 0x9D, 0x00, 0x0D, 0x73, 0x9D, 0x08, 0x2A, 0x73, 0x9D, 0x08, 0x2A,
    0x73, 0x9D, 0x00, 0x2B, 0x73, 0x9D, 0x00, 0x0C, 0x73, 0x9D, 0x00, 0x0D, 0x73, 0x9D, 0x00, 0x2B,
    0x73, 0x9D, 0x00, 0x2B, 0x73, 0x9D, 0x00, 0x0C, 0x73, 0x9D, 0x00, 0x0C, 0x73, 0x9D, 0x08, 0x2A,
    0x73, 0x9D, 0x08, 0x2A, 0x73, 0x9D, 0x08, 0x2A, 0x73, 0x9D, 0x08, 0x2A, 0x73, 0x9D, 0x08, 0x2A,
    0x73, 0x9D, 0x08, 0x2A, 0x73, 0x9D, 0x00, 0x0C, 0x73, 0x9D, 0x00, 0x0D, 0x73, 0x9D, 0x00, 0x0D,
    0x73, 0x9D, 0x00, 0x0C, 0x73, 0x9D, 0x00, 0x0C, 0x73, 0x9D, 0x00, 0x2B, 0x73, 0x9D, 0x08, 0x2A,
    0x73, 0x9D, 0x00, 0x2B, 0x73, 0x9D, 0x00, 0x0C, 0x73, 0x9D, 0x08, 0x2A, 0x73, 0x9D, 0x00, 0x0C,
    0x73, 0x9D, 0x00, 0x2B, 0x73, 0x9D, 0x00, 0x2B, 0x73, 0x9D, 0x00, 0x0D, 0x73, 0x9D, 0x00, 0x2B,
    0x73, 0x9D, 0x08, 0x2A, 0x73, 0x9D, 0x00, 0x0B, 0x73, 0x9D, 0x00, 0x2B, 0x73, 0x9D, 0x00, 0x0C,
    0x73, 0x9D, 0x00, 0x0D, 0x73, 0x9D, 0x08, 0x2A, 0x73, 0x9D, 0x08, 0x2A, 0x73, 0x9D, 0x00, 0x2B,
    0x73, 0x9D, 0x00, 0x0C, 0x73, 0x9D, 0x00, 0x0D, 0x73, 0x9D, 0x00, 0x2B, 0x73, 0x9D, 0x00, 0x2B,
    0x73, 0x9D, 0x00, 0x0C, 0x73, 0x9D, 0x00, 0x0C, 0x73, 0x9D, 0x08, 0x2A, 0x73, 0x9D, 0x08, 0x2A,
    0x73, 0x9D, 0x08, 0x2A, 0x73, 0x9D, 0x08, 0x2A, 0x73, 0x9D, 0x08, 0x2A, 0x73, 0x9D, 0x08, 0x2A,
    0x73, 0x9D, 0x00, 0x0C, 0x73, 0x9D, 0x00, 0x0D, 0x73, 0x9D, 0x00, 0x0D, 0x73, 0x9D, 0x00, 0x0C,
    0x73, 0x9D, 0x00, 0x0C, 0x73, 0x9D, 0x00, 0x2B, 0x73, 0x9D, 0x08, 0x2A, 0x73, 0x9D, 0x00, 0x2B,
    0x73, 0x9D, 0x00, 0x0C, 0x73, 0x9D, 0x08, 0x2A, 0x73, 0x9D, 0x00, 0x0C, 0x73, 0x9D, 0x00, 0x2B,
    0x73, 0x9D, 0x00, 0x2B, 0x73, 0x9D, 0x00, 0x0D, 0x73, 0x9D, 0x00, 0x2B, 0x73, 0x9D, 0x08, 0x2A,
    0x73, 0x9D, 0x00, 0x0B, 0x73, 0x9D, 0x00, 0x2B, 0x73, 0x9D, 0x00, 0x0C, 0x73, 0x9D, 0x00, 0x0D,
    0x73, 0x9D, 0x08, 0x2A, 0x73, 0x9D, 0x08, 0x2A, 0x73, 0x9D, 0x00, 0x2B, 0x73, 0x9D, 0x00, 0x0C,
    0x73, 0x9D, 0x00, 0x0D, 0x73, 0x9D, 0x00, 0x2B, 0x73, 0x9D, 0x00, 0x2B, 0x73, 0x9D, 0x00, 0x0C,
    0x73, 0x9D, 0x00, 0x0C, 0x73, 0x9D, 0x08, 0x2A, 0x73, 0x9D, 0x08, 0x2A, 0x73, 0x9D, 0x08, 0x2A,
    0x73, 0x9D, 0x08, 0x2A, 0x73, 0x9D, 0x08, 0x2A, 0x63, 0x18, 0x08, 0x2A, 0x00, 0x00, 0x00, 0x0C,
    0x00, 0x2B, 0xAD, 0x7F, 0x00, 0x0C, 0x84, 0x1F, 0x08, 0x2A, 0x73, 0x9D, 0x00, 0x0D, 0x73, 0x9D,
    0x00, 0x0D, 0x73, 0x9D, 0x00, 0x0C, 0x73, 0x9D, 0x08, 0x2A, 0x73, 0x9D, 0x08, 0x2A, 0x73, 0x9D,
    0x00, 0x0C, 0x73, 0x9D, 0x00, 0x0E, 0x73, 0x9D, 0x08, 0x2A, 0x73, 0x9D, 0x00, 0x2B, 0x73, 0x9D,
    0x00, 0x0E, 0x73, 0x9D, 0x00, 0x0C, 0x73, 0x9D, 0x00, 0x0B, 0x73, 0x9D, 0x00, 0x2B, 0x73, 0x9D,
    0x08, 0x2A, 0x73, 0x9D, 0x08, 0x2A, 0x73, 0x9D, 0x08, 0x2A, 0x73, 0x9D, 0x00, 0x2B, 0x73, 0x9D,
    0x00, 0x0C, 0x73, 0x9D, 0x00, 0x0D, 0x73, 0x9D, 0x00, 0x0D, 0x73, 0x9D, 0x00, 0x0C, 0x73, 0x9D,
    0x00, 0x0D, 0x73, 0x9D, 0x08, 0x2A, 0x73, 0x9D, 0x08, 0x2A, 0x73, 0x9D, 0x00, 0x0C, 0x73, 0x9D,
    0x08, 0x2A, 0x73, 0x9D, 0x08, 0x2A, 0x73, 0x9D, 0x00, 0x0C, 0x73, 0x9D, 0x00, 0x2B, 0x73, 0x9D,
    0x00, 0x0D, 0x73, 0x9D, 0x00, 0x0E, 0x73, 0x9D, 0x00, 0x2B, 0x73, 0x9D, 0x00, 0x2B, 0x73, 0x9D,
    0x00, 0x0C, 0x73, 0x9D, 0x08, 0x2A, 0x73, 0x9D, 0x00, 0x0D, 0x73, 0x9D, 0x00, 0x0D, 0x73, 0x9D,
    0x00, 0x0C, 0x73, 0x9D, 0x08, 0x2A, 0x73, 0x9D, 0x08, 0x2A, 0x73, 0x9D, 0x00, 0x0C, 0x73, 0x9D,
    0x00, 0x0E, 0x73, 0x9D, 0x08, 0x2A, 0x73, 0x9D, 0x00, 0x2B, 0x73, 0x9D, 0x00, 0x0E, 0x73, 0x9D,
    0x00, 0x0C, 0x73, 0x9D, 0x00, 0x0B, 0x73, 0x9D, 0x00, 0x2B, 0x73, 0x9D, 0x08, 0x2A, 0x73, 0x9D,
    0x08, 0x2A, 0x73, 0x9D, 0x08, 0x2A, 0x73, 0x9D, 0x00, 0x2B, 0x73, 0x9D, 0x00, 0x0C, 0x73, 0x9D,
    0x00, 0x0D, 0x73, 0x9D, 0x00, 0x0D, 0x73, 0x9D, 0x00, 0x0C, 0x73, 0x9D, 0x00, 0x0D, 0x73, 0x9D,
    0x08, 0x2A, 0x73, 0x9D, 0x08, 0x2A, 0x73, 0x9D, 0x00, 0x0C, 0x73, 0x9D, 0x08, 0x2A, 0x73, 0x9D,
    0x08, 0x2A, 0x73, 0x9D, 0x00, 0x0C, 0x73, 0x9D, 0x00, 0x2B, 0x73, 0x9D, 0x00, 0x0D, 0x73, 0x9D,
    0x00, 0x0E, 0x73, 0x9D, 0x00, 0x2B, 0x73, 0x9D, 0x00, 0x2B, 0x73, 0x9D, 0x00, 0x0C, 0x73, 0x9D,
    0x08, 0x2A, 0x73, 0x9D, 0x00, 0x0D, 0x73, 0x9D, 0x00, 0x0D, 0x73, 0x9D, 0x00, 0x0C, 0x73, 0x9D,
    0x08, 0x2A, 0x73, 0x9D, 0x08, 0x2A, 0x73, 0x9D, 0x00, 0x0C, 0x73, 0x9D, 0x00, 0x0E, 0x73, 0x9D,
    0x08, 0x2A, 0x73, 0x9D, 0x00, 0x2B, 0x73, 0x9D, 0x00, 0x0E, 0x73, 0x9D, 0x00, 0x0C, 0x73, 0x9D,
    0x00, 0x0B, 0x73, 0x9D, 0x00, 0x2B, 0x73, 0x9D, 0x08, 0x2A, 0x73, 0x9D, 0x08, 0x2A, 0x73, 0x9D,
    0x08, 0x2A, 0x73, 0x9D, 0x00, 0x2B, 0x73, 0x9D, 0x00, 0x0C, 0x73, 0x9D, 0x00, 0x0D, 0x73, 0x9D,
    0x00, 0x0D, 0x73, 0x9D, 0x00, 0x0C, 0x73, 0x9D, 0x00, 0x0D, 0x73, 0x9D, 0x08, 0x2A, 0x73, 0x9D,
    0x08, 0x2A, 0x73, 0x9D, 0x00, 0x0C, 0x73, 0x9D, 0x08, 0x2A, 0x73, 0x9D, 0x08, 0x2A, 0x73, 0x9D,
    0x00, 0x0C, 0x73, 0x9D, 0x00, 0x2B, 0x73, 0x9D, 0x00, 0x0D, 0x73, 0x9D, 0x00, 0x0E, 0x73, 0x9D,
    0x00, 0x2B, 0x73, 0x9D, 0x00, 0x2B, 0x73, 0x9D, 0x00, 0x0C, 0x73, 0x9D, 0x08, 0x2A, 0x73, 0x9D,
    0x00, 0x0D, 0x73, 0x9D, 0x00, 0x0D, 0x73, 0x9D, 0x00, 0x0C, 0x73, 0x9D, 0x08, 0x2A, 0x73, 0x9D,
    0x08, 0x2A, 0x73, 0x9D, 0x00, 0x0C, 0x73, 0x9D, 0x00, 0x0E, 0x73, 0x9D, 0x08, 0x2A, 0x73, 0x9D,
    0x00, 0x2B, 0x73, 0x9D, 0x00, 0x0E, 0x73, 0x9D, 0x00, 0x0C, 0x73, 0x9D, 0x00, 0x0B, 0x73, 0x9D,
    0x00, 0x2B, 0x73, 0x9D, 0x08, 0x2A, 0x73, 0x9D, 0x08, 0x2A, 0x73, 0x9D, 0x08, 0x2A, 0x73, 0x9D,
    0x00, 0x2B, 0x73, 0x9D, 0x00, 0x0C, 0x73, 0x9D, 0x00, 0x0D, 0x73, 0x9D, 0x00, 0x0D, 0x73, 0x9D,
    0x00, 0x0C, 0x73, 0x9D, 0x00, 0x0D, 0x73, 0x9D, 0x08, 0x2A, 0x73, 0x9D, 0x08, 0x2A, 0x73, 0x9D,
    0x00, 0x0C, 0x73, 0x9D, 0x08, 0x2A, 0x73, 0x9D, 0x08, 0x2A, 0x73, 0x9D, 0x00, 0x0C, 0x73, 0x9D,
    0x00, 0x2B, 0x73, 0x9D, 0x00, 0x0D, 0x73, 0x9D, 0x00, 0x0E, 0x73, 0x9D, 0x00, 0x2B, 0x73, 0x9D,
    0x00, 0x2B, 0x73, 0x9D, 0x00, 0x0C, 0x73, 0x9D, 0x08, 0x2A, 0x73, 0x9D, 0x00, 0x0D, 0x73, 0x9D,
    0x00, 0x0D, 0x73, 0x9D, 0x00, 0x0C, 0x73, 0x9D, 0x08, 0x2A, 0x73, 0x9D, 0x08, 0x2A, 0x73, 0x9D,
    0x00, 0x0C, 0x73, 0x9D, 0x00, 0x0E, 0x73, 0x9D, 0x08, 0x2A, 0x73, 0x9D, 0x00, 0x2B, 0x73, 0x9D,
    0x00, 0x0E, 0x73, 0x9D, 0x00, 0x0C, 0x73, 0x9D, 0x00, 0x0B, 0x73, 0x9D, 0x00, 0x2B, 0x73, 0x9D,
    0x08, 0x2A, 0x73, 0x9D, 0x08, 0x2A, 0xA5, 0x3F, 0x08, 0x2A, 0x00, 0x00, 0x00, 0x2B, 0x00, 0x00,
    0xFF, 0xDF, 0x00, 0x0C, 0xA5, 0x1F, 0x00, 0x2B, 0x00, 0x00, 0x00, 0x2A, 0x73, 0xBD, 0x00, 0x0D,
    0x73, 0xBD, 0x00, 0x0E, 0x73, 0xBD, 0x00, 0x0D, 0x73, 0xBD, 0x00, 0x2B, 0x73, 0xBD, 0x08, 0x2A,
    0x73, 0xBD, 0x00, 0x0D, 0x73, 0xBD, 0x00, 0x0D, 0x73, 0xBD, 0x08, 0x2A, 0x73, 0xBD, 0x00, 0x0C,
    0x73, 0xBD, 0x00, 0x0E, 0x73, 0xBD, 0x00, 0x0C, 0x73, 0xBD, 0x00, 0x0D, 0x73, 0xBD, 0x00, 0x0C,
    0x73, 0xBD, 0x00, 0x2B, 0x73, 0xBD, 0x08, 0x2A, 0x73, 0xBD, 0x08, 0x2A, 0x73, 0xBD, 0x08, 0x2A,
    0x73, 0xBD, 0x00, 0x0C, 0x73, 0xBD, 0x00, 0x0D, 0x73, 0xBD, 0x00, 0x0C, 0x73, 0xBD, 0x00, 0x0D,
    0x73, 0xBD, 0x00, 0x0C, 0x73, 0xBD, 0x08, 0x2A, 0x73, 0xBD, 0x00, 0x2A, 0x73, 0xBD, 0x00, 0x0D,
    0x73, 0xBD, 0x08, 0x2A, 0x73, 0xBD, 0x08, 0x2A, 0x73, 0xBD, 0x00, 0x2B, 0x73, 0xBD, 0x08, 0x2A,
    0x73, 0xBD, 0x00, 0x0D, 0x73, 0xBD, 0x00, 0x0E, 0x73, 0xBD, 0x00, 0x2B, 0x73, 0xBD, 0x00, 0x0C,
    0x73, 0xBD, 0x00, 0x2B, 0x73, 0xBD, 0x00, 0x2A, 0x73, 0xBD, 0x00, 0x0D, 0x73, 0xBD, 0x00, 0x0E,
    0x73, 0xBD, 0x00, 0x0D, 0x73, 0xBD, 0x00, 0x2B, 0x73, 0xBD, 0x08, 0x2A, 0x73, 0xBD, 0x00, 0x0D,
    0x73, 0xBD, 0x00, 0x0D, 0x73, 0xBD, 0x08, 0x2A, 0x73, 0xBD, 0x00, 0x0C, 0x73, 0xBD, 0x00, 0x0E,
    0x73, 0xBD, 0x00, 0x0C, 0x73, 0xBD, 0x00, 0x0D, 0x73, 0xBD, 0x00, 0x0C, 0x73, 0xBD, 0x00, 0x2B,
    0x73, 0xBD, 0x08, 0x2A, 0x73, 0xBD, 0x08, 0x2A, 0x73, 0xBD, 0x08, 0x2A, 0x73, 0xBD, 0x00, 0x0C,
    0x73, 0xBD, 0x00, 0x0D, 0x73, 0xBD, 0x00, 0x0C, 0x73, 0xBD, 0x00, 0x0D, 0x73, 0xBD, 0x00, 0x0C,
    0x73, 0xBD, 0x08, 0x2A, 0x73, 0xBD, 0x00, 0x2A, 0x73, 0xBD, 0x00, 0x0D, 0x73, 0xBD, 0x08, 0x2A,
    0x73, 0xBD, 0x08, 0x2A, 0x73, 0xBD, 0x00, 0x2B, 0x73, 0xBD, 0x08, 0x2A, 0x73, 0xBD, 0x00, 0x0D,
    0x73, 0xBD, 0x00, 0x0E, 0x73, 0xBD, 0x00, 0x2B, 0x73, 0xBD, 0x00, 0x0C, 0x73, 0xBD, 0x00, 0x2B,
    0x73, 0xBD, 0x00, 0x2A, 0x73, 0xBD, 0x00, 0x0D, 0x73, 0xBD, 0x00, 0x0E, 0x73, 0xBD, 0x00, 0x0D,
    0x73, 0xBD, 0x00, 0x2B, 0x73, 0xBD, 0x08, 0x2A, 0x73, 0xBD, 0x00, 0x0D, 0x73, 0xBD, 0x00, 0x0D,
    0x73, 0xBD, 0x08, 0x2A, 0x73, 0xBD, 0x00, 0x0C, 0x73, 0xBD, 0x00, 0x0E, 0x73, 0xBD, 0x00, 0x0C,
    0x73, 0xBD, 0x00, 0x0D, 0x73, 0xBD, 0x00, 0x0C, 0x73, 0xBD, 0x00, 0x2B, 0x73, 0xBD, 0x08, 0x2A,
    0x73, 0xBD, 0x08, 0x2A, 0x73, 0xBD, 0x08, 0x2A, 0x73, 0xBD, 0x00, 0x0C, 0x73, 0xBD, 0x00, 0x0D,
    0x73, 0xBD, 0x00, 0x0C, 0x73, 0xBD, 0x00, 0x0D, 0x73, 0xBD, 0x00, 0x0C, 0x73, 0xBD, 0x08, 0x2A,
    0x73, 0xBD, 0x00, 0x2A, 0x73, 0xBD, 0x00, 0x0D, 0x73, 0xBD, 0x08, 0x2A, 0x73, 0xBD, 0x08, 0x2A,
    0x73, 0xBD, 0x00, 0x2B, 0x73, 0xBD, 0x08, 0x2A, 0x73, 0xBD, 0x00, 0x0D, 0x73, 0xBD, 0x00, 0x0E,
    0x73, 0xBD, 0x00, 0x2B, 0x73, 0xBD, 0x00, 0x0C, 0x73, 0xBD, 0x00, 0x2B, 0x73, 0xBD, 0x00, 0x2A,
    0x73, 0xBD, 0x00, 0x0D, 0x73, 0xBD, 0x00, 0x0E, 0x73, 0xBD, 0x00, 0x0D, 0x73, 0xBD, 0x00, 0x2B,
    0x73, 0xBD, 0x08, 0x2A, 0x73, 0xBD, 0x00, 0x0D, 0x73, 0xBD, 0x00, 0x0D, 0x73, 0xBD, 0x08, 0x2A,
    0x73, 0xBD, 0x00, 0x0C, 0x73, 0xBD, 0x00, 0x0E, 0x73, 0xBD, 0x00, 0x0C, 0x73, 0xBD, 0x00, 0x0D,
    0x73, 0xBD, 0x00, 0x0C, 0x73, 0xBD, 0x00, 0x2B, 0x73, 0xBD, 0x08, 0x2A, 0x73, 0xBD, 0x08, 0x2A,
    0x73, 0xBD, 0x08, 0x2A, 0x73, 0xBD, 0x00, 0x0C, 0x73, 0xBD, 0x00, 0x0D, 0x73, 0xBD, 0x00, 0x0C,
    0x73, 0xBD, 0x00, 0x0D, 0x73, 0xBD, 0x00, 0x0C, 0x73, 0xBD, 0x08, 0x2A, 0x73, 0xBD, 0x00, 0x2A,
    0x73, 0xBD, 0x00, 0x0D, 0x73, 0xBD, 0x08, 0x2A, 0x73, 0xBD, 0x08, 0x2A, 0x73, 0xBD, 0x00, 0x2B,
    0x73, 0xBD, 0x08, 0x2A, 0x73, 0xBD, 0x00, 0x0D, 0x73, 0xBD, 0x00, 0x0E, 0x73, 0xBD, 0x00, 0x2B,
    0x73, 0xBD, 0x00, 0x0C, 0x73, 0xBD, 0x00, 0x2B, 0x73, 0xBD, 0x00, 0x2A, 0x73, 0xBD, 0x00, 0x0D,
    0x73, 0xBD, 0x00, 0x0E, 0x73, 0xBD, 0x00, 0x0D, 0x73, 0xBD, 0x00, 0x2B, 0x73, 0xBD, 0x08, 0x2A,
    0x73, 0xBD, 0x00, 0x0D, 0x73, 0xBD, 0x00, 0x0D, 0x73, 0xBD, 0x08, 0x2A, 0x73, 0xBD, 0x00, 0x0C,
    0x73, 0xBD, 0x00, 0x0E, 0x73, 0xBD, 0x00, 0x0C, 0x73, 0xBD, 0x00, 0x0D, 0x73, 0xBD, 0x00, 0x0C,
    0x73, 0xBD, 0x00, 0x2B, 0x73, 0xBD, 0x08, 0x2A, 0x63, 0x19, 0x08, 0x2A, 0x00, 0x00, 0x08, 0x2A,
    0x00, 0x2B, 0xB5, 0x7F, 0x00, 0x0C, 0x84, 0x3F, 0x08, 0x2A, 0x73, 0xBE, 0x08, 0x2A, 0x73, 0xBE,
    0x00, 0x0C, 0x73, 0xBE, 0x00, 0x0E, 0x73, 0xBE, 0x00, 0x0F, 0x73, 0xBE, 0x00, 0x0B, 0x73, 0xBE,
    0x08, 0x2A, 0x73, 0xBE, 0x00, 0x0E, 0x73, 0xBE, 0x00, 0x0B, 0x73, 0xBE, 0x08, 0x2A, 0x73, 0xBE,
    0x00, 0x0D, 0x73, 0xBE, 0x00, 0x0D, 0x73, 0xBE, 0x00, 0x0C, 0x73, 0xBE, 0x00, 0x0D, 0x73, 0xBE,
    0x00, 0x0D, 0x73, 0xBE, 0x00, 0x2B, 0x73, 0xBE, 0x08, 0x2A, 0x73, 0xBE, 0x08, 0x2A, 0x73, 0xBE,
    0x00, 0x2B, 0x73, 0xBE, 0x00, 0x0D, 0x73, 0xBE, 0x00, 0x0C, 0x73, 0xBE, 0x00, 0x0C, 0x73, 0xBE,
    0x00, 0x0D, 0x73, 0xBE, 0x08, 0x2A, 0x73, 0xBE, 0x08, 0x2A, 0x73, 0xBE, 0x00, 0x0D, 0x73, 0xBE,
    0x00, 0x0D, 0x73, 0xBE, 0x08, 0x2A, 0x73, 0xBE, 0x08, 0x2A, 0x73, 0xBE, 0x00, 0x2B, 0x73, 0xBE,
    0x08, 0x2A, 0x73, 0xBE, 0x00, 0x0C, 0x73, 0xBE, 0x00, 0x0B, 0x73, 0xBE, 0x00, 0x2B, 0x73, 0xBE,
    0x00, 0x0C, 0x73, 0xBE, 0x08, 0x2A, 0x73, 0xBE, 0x08, 0x2A, 0x73, 0xBE, 0x00, 0x0C, 0x73, 0xBE,
    0x00, 0x0E, 0x73, 0xBE, 0x00, 0x0F, 0x73, 0xBE, 0x00, 0x0B, 0x73, 0xBE, 0x08, 0x2A, 0x73, 0xBE,
    0x00, 0x0E, 0x73, 0xBE, 0x00, 0x0B, 0x73, 0xBE, 0x08, 0x2A, 0x73, 0xBE, 0x00, 0x0D, 0x73, 0xBE,
    0x00, 0x0D, 0x73, 0xBE, 0x00, 0x0C, 0x73, 0xBE, 0x00, 0x0D, 0x73, 0xBE, 0x00, 0x0D, 0x73, 0xBE,
    0x00, 0x2B, 0x73, 0xBE, 0x08, 0x2A, 0x73, 0xBE, 0x08, 0x2A, 0x73, 0xBE, 0x00, 0x2B, 0x73, 0xBE,
    0x00, 0x0D, 0x73, 0xBE, 0x00, 0x0C, 0x73, 0xBE, 0x00, 0x0C, 0x73, 0xBE, 0x00, 0x0D, 0x73, 0xBE,
    0x08, 0x2A, 0x73, 0xBE, 0x08, 0x2A, 0x73, 0xBE, 0x00, 0x0D, 0x73, 0xBE, 0x00, 0x0D, 0x73, 0xBE,
    0x08, 0x2A, 0x73, 0xBE, 0x08, 0x2A, 0x73, 0xBE, 0x00, 0x2B, 0x73, 0xBE, 0x08, 0x2A, 0x73, 0xBE,
    0x00, 0x0C, 0x73, 0xBE, 0x00, 0x0B, 0x73, 0xBE, 0x00, 0x2B, 0x73, 0xBE, 0x00, 0x0C, 0x73, 0xBE,
    0x08, 0x2A, 0x73, 0xBE, 0x08, 0x2A, 0x73, 0xBE, 0x00, 0x0C, 0x73, 0xBE, 0x00, 0x0E, 0x73, 0xBE,
    0x00, 0x0F, 0x73, 0xBE, 0x00, 0x0B, 0x73, 0xBE, 0x08, 0x2A, 0x73, 0xBE, 0x00, 0x0E, 0x73, 0xBE,
    0x00, 0x0B, 0x73, 0xBE, 0x08, 0x2A, 0x73, 0xBE, 0x00, 0x0D, 0x73, 0xBE, 0x00, 0x0D, 0x73, 0xBE,
    0x00, 0x0C, 0x73, 0xBE, 0x00, 0x0D, 0x73, 0xBE, 0x00, 0x0D, 0x73, 0xBE, 0x00, 0x2B, 0x73, 0xBE,
    0x08, 0x2A, 0x73, 0xBE, 0x08, 0x2A, 0x73, 0xBE, 0x00, 0x2B, 0x73, 0xBE, 0x00, 0x0D, 0x73, 0xBE,
    0x00, 0x0C, 0x73, 0xBE, 0x00, 0x0C, 0x73, 0xBE, 0x00, 0x0D, 0x73, 0xBE, 0x08, 0x2A, 0x73, 0xBE,
    0x08, 0x2A, 0x73, 0xBE, 0x00, 0x0D, 0x73, 0xBE, 0x00, 0x0D, 0x73, 0xBE, 0x08, 0x2A, 0x73, 0xBE,
    0x08, 0x2A, 0x73, 0xBE, 0x00, 0x2B, 0x73, 0xBE, 0x08, 0x2A, 0x73, 0xBE, 0x00, 0x0C, 0x73, 0xBE,
    0x00, 0x0B, 0x73, 0xBE, 0x00, 0x2B, 0x73, 0xBE, 0x00, 0x0C, 0x73, 0xBE, 0x08, 0x2A, 0x73, 0xBE,
    0x08, 0x2A, 0x73, 0xBE, 0x00, 0x0C, 0x73, 0xBE, 0x00, 0x0E, 0x73, 0xBE, 0x00, 0x0F, 0x73, 0xBE,
    0x00, 0x0B, 0x73, 0xBE, 0x08, 0x2A, 0x73, 0xBE, 0x00, 0x0E, 0x73, 0xBE, 0x00, 0x0B, 0x73, 0xBE,
    0x08, 0x2A, 0x73, 0xBE, 0x00, 0x0D, 0x73, 0xBE, 0x00, 0x0D, 0x73, 0xBE, 0x00, 0x0C, 0x73, 0xBE,
    0x00, 0x0D, 0x73, 0xBE, 0x00, 0x0D, 0x73, 0xBE, 0x00, 0x2B, 0x73, 0xBE, 0x08, 0x2A, 0x73, 0xBE,
    0x08, 0x2A, 0x73, 0xBE, 0x00, 0x2B, 0x73, 0xBE, 0x00, 0x0D, 0x73, 0xBE, 0x00, 0x0C, 0x73, 0xBE,
    0x00, 0x0C, 0x73, 0xBE, 0x00, 0x0D, 0x73, 0xBE, 0x08, 0x2A, 0x73, 0xBE, 0x08, 0x2A, 0x73, 0xBE,
    0x00, 0x0D, 0x73, 0xBE, 0x00, 0x0D, 0x73, 0xBE, 0x08, 0x2A, 0x73, 0xBE, 0x08, 0x2A, 0x73, 0xBE,
    0x00, 0x2B, 0x73, 0xBE, 0x08, 0x2A, 0x73, 0xBE, 0x00, 0x0C, 0x73, 0xBE, 0x00, 0x0B, 0x73, 0xBE,
    0x00, 0x2B, 0x73, 0xBE, 0x00, 0x0C, 0x73, 0xBE, 0x08, 0x2A, 0x73, 0xBE, 0x08, 0x2A, 0x73, 0xBE,
    0x00, 0x0C, 0x73, 0xBE, 0x00, 0x0E, 0x73, 0xBE, 0x00, 0x0F, 0x73, 0xBE, 0x00, 0x0B, 0x73, 0xBE,
    0x08, 0x2A, 0x73, 0xBE, 0x00, 0x0E, 0x73, 0xBE, 0x00, 0x0B, 0x73, 0xBE, 0x08, 0x2A, 0x73, 0xBE,
    0x00, 0x0D, 0x73, 0xBE, 0x00, 0x0D, 0x73, 0xBE, 0x00, 0x0C, 0x73, 0xBE, 0x00, 0x0D, 0x73, 0xBE,
    0x00, 0x0D, 0x73, 0xBE, 0x00, 0x2B, 0xAD, 0x5F, 0x08, 0x2A, 0x00, 0x00, 0x08, 0x2A, 0x00, 0x00,
    0xFF, 0xFF, 0x00, 0x2B, 0xA5, 0x3F, 0x00, 0x0B, 0x00, 0x00, 0x08, 0x2A, 0x73, 0xBE, 0x08, 0x2A,
    0x73, 0xBE, 0x00, 0x2B, 0x73, 0xBE, 0x00, 0x0D, 0x73, 0xBE, 0x00, 0x0E, 0x73, 0xBE, 0x08, 0x2A,
    0x73, 0xBE, 0x00, 0x2A, 0x73, 0xBE, 0x00, 0x0D, 0x73, 0xBE, 0x00, 0x2B, 0x73, 0xBE, 0x08, 0x2A,
    0x73, 0xBE, 0x00, 0x0C, 0x73, 0xBE, 0x00, 0x2B, 0x73, 0xBE, 0x00, 0x2B, 0x73, 0xBE, 0x00, 0x0C,
    0x73, 0xBE, 0x00, 0x0B, 0x73, 0xBE, 0x00, 0x2B, 0x73, 0xBE, 0x08, 0x2A, 0x73, 0xBE, 0x08, 0x2A,
    0x73, 0xBE, 0x00, 0x0D, 0x73, 0xBE, 0x00, 0x0D, 0x73, 0xBE, 0x00, 0x2B, 0x73, 0xBE, 0x00, 0x0D,
    0x73, 0xBE, 0x00, 0x0C, 0x73, 0xBE, 0x08, 0x2A, 0x73, 0xBE, 0x00, 0x2B, 0x73, 0xBE, 0x00, 0x0F,
    0x73, 0xBE, 0x00, 0x0D, 0x73, 0xBE, 0x00, 0x2A, 0x73, 0xBE, 0x00, 0x0C, 0x73, 0xBE, 0x00, 0x2A,
    0x73, 0xBE, 0x08, 0x2A, 0x73, 0xBE, 0x08, 0x2A, 0x73, 0xBE, 0x08, 0x2A, 0x73, 0xBE, 0x00, 0x2B,
    0x73, 0xBE, 0x00, 0x0B, 0x73, 0xBE, 0x08, 0x2A, 0x73, 0xBE, 0x08, 0x2A, 0x73, 0xBE, 0x00, 0x2B,
    0x73, 0xBE, 0x00, 0x0D, 0x73, 0xBE, 0x00, 0x0E, 0x73, 0xBE, 0x08, 0x2A, 0x73, 0xBE, 0x00, 0x2A,
    0x73, 0xBE, 0x00, 0x0D, 0x73, 0xBE, 0x00, 0x2B, 0x73, 0xBE, 0x08, 0x2A, 0x73, 0xBE, 0x00, 0x0C,
    0x73, 0xBE, 0x00, 0x2B, 0x73, 0xBE, 0x00, 0x2B, 0x73, 0xBE, 0x00, 0x0C, 0x73, 0xBE, 0x00, 0x0B,
    0x73, 0xBE, 0x00, 0x2B, 0x73, 0xBE, 0x08, 0x2A, 0x73, 0xBE, 0x08, 0x2A, 0x73, 0xBE, 0x00, 0x0D,
    0x73, 0xBE, 0x00, 0x0D, 0x73, 0xBE, 0x00, 0x2B, 0x73, 0xBE, 0x00, 0x0D, 0x73, 0xBE, 0x00, 0x0C,
    0x73, 0xBE, 0x08, 0x2A, 0x73, 0xBE, 0x00, 0x2B, 0x73, 0xBE, 0x00, 0x0F, 0x73, 0xBE, 0x00, 0x0D,
    0x73, 0xBE, 0x00, 0x2A, 0x73, 0xBE, 0x00, 0x0C, 0x73, 0xBE, 0x00, 0x2A, 0x73, 0xBE, 0x08, 0x2A,
    0x73, 0xBE, 0x08, 0x2A, 0x73, 0xBE, 0x08, 0x2A, 0x73, 0xBE, 0x00, 0x2B, 0x73, 0xBE, 0x00, 0x0B,
    0x73, 0xBE, 0x08, 0x2A, 0x73, 0xBE, 0x08, 0x2A, 0x73, 0xBE, 0x00, 0x2B, 0x73, 0xBE, 0x00, 0x0D,
    0x73, 0xBE, 0x00, 0x0E, 0x73, 0xBE, 0x08, 0x2A, 0x73, 0xBE, 0x00, 0x2A, 0x73, 0xBE, 0x00, 0x0D,
    0x73, 0xBE, 0x00, 0x2B, 0x73, 0xBE, 0x08, 0x2A, 0x73, 0xBE, 0x00, 0x0C, 0x73, 0xBE, 0x00, 0x2B,
    0x73, 0xBE, 0x00, 0x2B, 0x73, 0xBE, 0x00, 0x0C, 0x73, 0xBE, 0x00, 0x0B, 0x73, 0xBE, 0x00, 0x2B,
    0x73, 0xBE, 0x08, 0x2A, 0x73, 0xBE, 0x08, 0x2A, 0x73, 0xBE, 0x00, 0x0D, 0x73, 0xBE, 0x00, 0x0D,
    0x73, 0xBE, 0x00, 0x2B, 0x73, 0xBE, 0x00, 0x0D, 0x73, 0xBE, 0x00, 0x0C, 0x73, 0xBE, 0x08, 0x2A,
    0x73, 0xBE, 0x00, 0x2B, 0x73, 0xBE, 0x00, 0x0F, 0x73, 0xBE, 0x00, 0x0D, 0x73, 0xBE, 0x00, 0x2A,
    0x73, 0xBE, 0x00, 0x0C, 0x73, 0xBE, 0x00, 0x2A, 0x73, 0xBE, 0x08, 0x2A, 0x73, 0xBE, 0x08, 0x2A,
    0x73, 0xBE, 0x08, 0x2A, 0x73, 0xBE, 0x00, 0x2B, 0x73, 0xBE, 0x00, 0x0B, 0x73, 0xBE, 0x08, 0x2A,
    0x73, 0xBE, 0x08, 0x2A, 0x73, 0xBE, 0x00, 0x2B, 0x73, 0xBE, 0x00, 0x0D, 0x73, 0xBE, 0x00, 0x0E,
    0x73, 0xBE, 0x08, 0x2A, 0x73, 0xBE, 0x00, 0x2A, 0x73, 0xBE, 0x00, 0x0D, 0x73, 0xBE, 0x00, 0x2B,
    0x73, 0xBE, 0x08, 0x2A, 0x73, 0xBE, 0x00, 0x0C, 0x73, 0xBE, 0x00, 0x2B, 0x73, 0xBE, 0x00, 0x2B,
    0x73, 0xBE, 0x00, 0x0C, 0x73, 0xBE, 0x00, 0x0B, 0x73, 0xBE, 0x00, 0x2B, 0x73, 0xBE, 0x08, 0x2A,
    0x73, 0xBE, 0x08, 0x2A, 0x73, 0xBE, 0x00, 0x0D, 0x73, 0xBE, 0x00, 0x0D, 0x73, 0xBE, 0x00, 0x2B,
    0x73, 0xBE, 0x00, 0x0D, 0x73, 0xBE, 0x00, 0x0C, 0x73, 0xBE, 0x08, 0x2A, 0x73, 0xBE, 0x00, 0x2B,
    0x73, 0xBE, 0x00, 0x0F, 0x73, 0xBE, 0x00, 0x0D, 0x73, 0xBE, 0x00, 0x2A, 0x73, 0xBE, 0x00, 0x0C,
    0x73, 0xBE, 0x00, 0x2A, 0x73, 0xBE, 0x08, 0x2A, 0x73, 0xBE, 0x08, 0x2A, 0x73, 0xBE, 0x08, 0x2A,
    0x73, 0xBE, 0x00, 0x2B, 0x73, 0xBE, 0x00, 0x0B, 0x73, 0xBE, 0x08, 0x2A, 0x73, 0xBE, 0x08, 0x2A,
    0x73, 0xBE, 0x00, 0x2B, 0x73, 0xBE, 0x00, 0x0D, 0x73, 0xBE, 0x00, 0x0E, 0x73, 0xBE, 0x08, 0x2A,
    0x73, 0xBE, 0x00, 0x2A, 0x73, 0xBE, 0x00, 0x0D, 0x73, 0xBE, 0x00, 0x2B, 0x73, 0xBE, 0x08, 0x2A,
    0x73, 0xBE, 0x00, 0x0C, 0x73, 0xBE, 0x00, 0x2B, 0x73, 0xBE, 0x00, 0x2B, 0x73, 0xBE, 0x00, 0x0C,
    0x73, 0xBE, 0x00, 0x0B, 0x73, 0xBE, 0x00, 0x2B, 0x63, 0x19, 0x08, 0x2A, 0x00, 0x00, 0x08, 0x2A,
    0x08, 0x2A, 0xB5, 0x9F, 0x00, 0x0C, 0x8C, 0x3F, 0x00, 0x0C, 0x7B, 0xBE, 0x00, 0x2A, 0x7B, 0xBE,
    0x08, 0x2A, 0x7B, 0xBE, 0x08, 0x2A, 0x7B, 0xBE, 0x00, 0x0B, 0x7B, 0xBE, 0x00, 0x0C, 0x7B, 0xBE,
    0x08, 0x2A, 0x7B, 0xBE, 0x08, 0x2A, 0x7B, 0xBE, 0x00, 0x0D, 0x7B, 0xBE, 0x08, 0x2A, 0x7B, 0xBE,
    0x00, 0x2B, 0x7B, 0xBE, 0x00, 0x0D, 0x7B, 0xBE, 0x00, 0x2B, 0x7B, 0xBE, 0x08, 0x2A, 0x7B, 0xBE,
    0x00, 0x2A, 0x7B, 0xBE, 0x08, 0x2A, 0x7B, 0xBE, 0x00, 0x0C, 0x7B, 0xBE, 0x00, 0x2B, 0x7B, 0xBE,
    0x00, 0x2B, 0x7B, 0xBE, 0x00, 0x0D, 0x7B, 0xBE, 0x00, 0x0C, 0x7B, 0xBE, 0x00, 0x2B, 0x7B, 0xBE,
    0x00, 0x0C, 0x7B, 0xBE, 0x00, 0x2B, 0x7B, 0xBE, 0x00, 0x2B, 0x7B, 0xBE, 0x00, 0x0D, 0x7B, 0xBE,
    0x00, 0x0F, 0x7B, 0xBE, 0x00, 0x0D, 0x7B, 0xBE, 0x00, 0x0D, 0x7B, 0xBE, 0x00, 0x0D, 0x7B, 0xBE,
    0x00, 0x2B, 0x7B, 0xBE, 0x08, 0x2A, 0x7B, 0xBE, 0x08, 0x2A, 0x7B, 0xBE, 0x08, 0x2A, 0x7B, 0xBE,
    0x00, 0x0C, 0x7B, 0xBE, 0x00, 0x0C, 0x7B, 0xBE, 0x00, 0x2A, 0x7B, 0xBE, 0x08, 0x2A, 0x7B, 0xBE,
    0x08, 0x2A, 0x7B, 0xBE, 0x00, 0x0B, 0x7B, 0xBE, 0x00, 0x0C, 0x7B, 0xBE, 0x08, 0x2A, 0x7B, 0xBE,
    0x08, 0x2A, 0x7B, 0xBE, 0x00, 0x0D, 0x7B, 0xBE, 0x08, 0x2A, 0x7B, 0xBE, 0x00, 0x2B, 0x7B, 0xBE,
    0x00, 0x0D, 0x7B, 0xBE, 0x00, 0x2B, 0x7B, 0xBE, 0x08, 0x2A, 0x7B, 0xBE, 0x00, 0x2A, 0x7B, 0xBE,
    0x08, 0x2A, 0x7B, 0xBE, 0x00, 0x0C, 0x7B, 0xBE, 0x00, 0x2B, 0x7B, 0xBE, 0x00, 0x2B, 0x7B, 0xBE,
    0x00, 0x0D, 0x7B, 0xBE, 0x00, 0x0C, 0x7B, 0xBE, 0x00, 0x2B, 0x7B, 0xBE, 0x00, 0x0C, 0x7B, 0xBE,
    0x00, 0x2B, 0x7B, 0xBE, 0x00, 0x2B, 0x7B, 0xBE, 0x00, 0x0D, 0x7B, 0xBE, 0x00, 0x0F, 0x7B, 0xBE,
    0x00, 0x0D, 0x7B, 0xBE, 0x00, 0x0D, 0x7B, 0xBE, 0x00, 0x0D, 0x7B, 0xBE, 0x00, 0x2B, 0x7B, 0xBE,
    0x08, 0x2A, 0x7B, 0xBE, 0x08, 0x2A, 0x7B, 0xBE, 0x08, 0x2A, 0x7B, 0xBE, 0x00, 0x0C, 0x7B, 0xBE,
    0x00, 0x0C, 0x7B, 0xBE, 0x00, 0x2A, 0x7B, 0xBE, 0x08, 0x2A, 0x7B, 0xBE, 0x08, 0x2A, 0x7B, 0xBE,
    0x00, 0x0B, 0x7B, 0xBE, 0x00, 0x0C, 0x7B, 0xBE, 0x08, 0x2A, 0x7B, 0xBE, 0x08, 0x2A, 0x7B, 0xBE,
    0x00, 0x0D, 0x7B, 0xBE, 0x08, 0x2A, 0x7B, 0xBE, 0x00, 0x2B, 0x7B, 0xBE, 0x00, 0x0D, 0x7B, 0xBE,
    0x00, 0x2B, 0x7B, 0xBE, 0x08, 0x2A, 0x7B, 0xBE, 0x00, 0x2A, 0x7B, 0xBE, 0x08, 0x2A, 0x7B, 0xBE,
    0x00, 0x0C, 0x7B, 0xBE, 0x00, 0x2B, 0x7B, 0xBE, 0x00, 0x2B, 0x7B, 0xBE, 0x00, 0x0D, 0x7B, 0xBE,
    0x00, 0x0C, 0x7B, 0xBE, 0x00, 0x2B, 0x7B, 0xBE, 0x00, 0x0C, 0x7B, 0xBE, 0x00, 0x2B, 0x7B, 0xBE,
    0x00, 0x2B, 0x7B, 0xBE, 0x00, 0x0D, 0x7B, 0xBE, 0x00, 0x0F, 0x7B, 0xBE, 0x00, 0x0D, 0x7B, 0xBE,
    0x00, 0x0D, 0x7B, 0xBE, 0x00, 0x0D, 0x7B, 0xBE, 0x00, 0x2B, 0x7B, 0xBE, 0x08, 0x2A, 0x7B, 0xBE,
    0x08, 0x2A, 0x7B, 0xBE, 0x08, 0x2A, 0x7B, 0xBE, 0x00, 0x0C, 0x7B, 0xBE, 0x00, 0x0C, 0x7B, 0xBE,
    0x00, 0x2A, 0x7B, 0xBE, 0x08, 0x2A, 0x7B, 0xBE, 0x08, 0x2A, 0x7B, 0xBE, 0x00, 0x0B, 0x7B, 0xBE,
    0x00, 0x0C, 0x7B, 0xBE, 0x08, 0x2A, 0x7B, 0xBE, 0x08, 0x2A, 0x7B, 0xBE, 0x00, 0x0D, 0x7B, 0xBE,
    0x08, 0x2A, 0x7B, 0xBE, 0x00, 0x2B, 0x7B, 0xBE, 0x00, 0x0D, 0x7B, 0xBE, 0x00, 0x2B, 0x7B, 0xBE,
    0x08, 0x2A, 0x7B, 0xBE, 0x00, 0x2A, 0x7B, 0xBE, 0x08, 0x2A, 0x7B, 0xBE, 0x00, 0x0C, 0x7B, 0xBE,
    0x00, 0x2B, 0x7B, 0xBE, 0x00, 0x2B, 0x7B, 0xBE, 0x00, 0x0D, 0x7B, 0xBE, 0x00, 0x0C, 0x7B, 0xBE,
    0x00, 0x2B, 0x7B, 0xBE, 0x00, 0x0C, 0x7B, 0xBE, 0x00, 0x2B, 0x7B, 0xBE, 0x00, 0x2B, 0x7B, 0xBE,
    0x00, 0x0D, 0x7B, 0xBE, 0x00, 0x0F, 0x7B, 0xBE, 0x00, 0x0D, 0x7B, 0xBE, 0x00, 0x0D, 0x7B, 0xBE,
    0x00, 0x0D, 0x7B, 0xBE, 0x00, 0x2B, 0x7B, 0xBE, 0x08, 0x2A, 0x7B, 0xBE, 0x08, 0x2A, 0x7B, 0xBE,
    0x08, 0x2A, 0x7B, 0xBE, 0x00, 0x0C, 0x7B, 0xBE, 0x00, 0x0C, 0x7B, 0xBE, 0x00, 0x2A, 0x7B, 0xBE,
    0x08, 0x2A, 0x7B, 0xBE, 0x08, 0x2A, 0x7B, 0xBE, 0x00, 0x0B, 0x7B, 0xBE, 0x00, 0x0C, 0x7B, 0xBE,
    0x08, 0x2A, 0x7B, 0xBE, 0x08, 0x2A, 0x7B, 0xBE, 0x00, 0x0D, 0x7B, 0xBE, 0x08, 0x2A, 0x7B, 0xBE,
    0x00, 0x2B, 0x7B, 0xBE, 0x00, 0x0D, 0x7B, 0xBE, 0x00, 0x2B, 0x7B, 0xBE, 0x08, 0x2A, 0x7B, 0xBE,
    0x00, 0x2A, 0x7B, 0xBE, 0x08, 0x2A, 0xAD, 0x5F, 0x00, 0x0C, 0x00, 0x00, 0x00, 0x2B, 0x00, 0x00,
    0xFF, 0xFF, 0x00, 0x2A, 0xAD, 0x3F, 0x00, 0x0C, 0x00, 0x00, 0x00, 0x0C, 0x7B, 0xDE, 0x00, 0x0B,
    0x7B, 0xDE, 0x08, 0x2A, 0x7B, 0xDE, 0x08, 0x2A, 0x7B, 0xDE, 0x00, 0x2B, 0x7B, 0xDE, 0x00, 0x0C,
    0x7B, 0xDE, 0x00, 0x2B, 0x7B, 0xDE, 0x00, 0x0B, 0x7B, 0xDE, 0x00, 0x0B, 0x7B, 0xDE, 0x08, 0x2A,
    0x7B, 0xDE, 0x00, 0x0C, 0x7B, 0xDE, 0x00, 0x0D, 0x7B, 0xDE, 0x00, 0x2B, 0x7B, 0xDE, 0x00, 0x2B,
    0x7B, 0xDE, 0x08, 0x2A, 0x7B, 0xDE, 0x00, 0x2B, 0x7B, 0xDE, 0x00, 0x0D, 0x7B, 0xDE, 0x00, 0x0B,
    0x7B, 0xDE, 0x00, 0x0B, 0x7B, 0xDE, 0x00, 0x0C, 0x7B, 0xDE, 0x00, 0x0B, 0x7B, 0xDE, 0x00, 0x2B,
    0x7B, 0xDE, 0x00, 0x0C, 0x7B, 0xDE, 0x00, 0x2B, 0x7B, 0xDE, 0x00, 0x0C, 0x7B, 0xDE, 0x00, 0x0D,
    0x7B, 0xDE, 0x00, 0x0E, 0x7B, 0xDE, 0x00, 0x0D, 0x7B, 0xDE, 0x00, 0x0E, 0x7B, 0xDE, 0x00, 0x0E,
    0x7B, 0xDE, 0x00, 0x0C, 0x7B, 0xDE, 0x00, 0x2B, 0x7B, 0xDE, 0x00, 0x2B, 0x7B, 0xDE, 0x00, 0x2A,
    0x7B, 0xDE, 0x00, 0x0C, 0x7B, 0xDE, 0x00, 0x0C, 0x7B, 0xDE, 0x00, 0x0B, 0x7B, 0xDE, 0x08, 0x2A,
    0x7B, 0xDE, 0x08, 0x2A, 0x7B, 0xDE, 0x00, 0x2B, 0x7B, 0xDE, 0x00, 0x0C, 0x7B, 0xDE, 0x00, 0x2B,
    0x7B, 0xDE, 0x00, 0x0B, 0x7B, 0xDE, 0x00, 0x0B, 0x7B, 0xDE, 0x08, 0x2A, 0x7B, 0xDE, 0x00, 0x0C,
    0x7B, 0xDE, 0x00, 0x0D, 0x7B, 0xDE, 0x00, 0x2B, 0x7B, 0xDE, 0x00, 0x2B, 0x7B, 0xDE, 0x08, 0x2A,
    0x7B, 0xDE, 0x00, 0x2B, 0x7B, 0xDE, 0x00, 0x0D, 0x7B, 0xDE, 0x00, 0x0B, 0x7B, 0xDE, 0x00, 0x0B,
    0x7B, 0xDE, 0x00, 0x0C, 0x7B, 0xDE, 0x00, 0x0B, 0x7B, 0xDE, 0x00, 0x2B, 0x7B, 0xDE, 0x00, 0x0C,
    0x7B, 0xDE, 0x00, 0x2B, 0x7B, 0xDE, 0x00, 0x0C, 0x7B, 0xDE, 0x00, 0x0D, 0x7B, 0xDE, 0x00, 0x0E,
    0x7B, 0xDE, 0x00, 0x0D, 0x7B, 0xDE, 0x00, 0x0E, 0x7B, 0xDE, 0x00, 0x0E, 0x7B, 0xDE, 0x00, 0x0C,
    0x7B, 0xDE, 0x00, 0x2B, 0x7B, 0xDE, 0x00, 0x2B, 0x7B, 0xDE, 0x00, 0x2A, 0x7B, 0xDE, 0x00, 0x0C,
    0x7B, 0xDE, 0x00, 0x0C, 0x7B, 0xDE, 0x00, 0x0B, 0x7B, 0xDE, 0x08, 0x2A, 0x7B, 0xDE, 0x08, 0x2A,
    0x7B, 0xDE, 0x00, 0x2B, 0x7B, 0xDE, 0x00, 0x0C, 0x7B, 0xDE, 0x00, 0x2B, 0x7B, 0xDE, 0x00, 0x0B,
    0x7B, 0xDE, 0x00, 0x0B, 0x7B, 0xDE, 0x08, 0x2A, 0x7B, 0xDE, 0x00, 0x0C, 0x7B, 0xDE, 0x00, 0x0D,
    0x7B, 0xDE, 0x00, 0x2B, 0x7B, 0xDE, 0x00, 0x2B, 0x7B, 0xDE, 0x08, 0x2A, 0x7B, 0xDE, 0x00, 0x2B,
    0x7B, 0xDE, 0x00, 0x0D, 0x7B, 0xDE, 0x00, 0x0B, 0x7B, 0xDE, 0x00, 0x0B, 0x7B, 0xDE, 0x00, 0x0C,
    0x7B, 0xDE, 0x00, 0x0B, 0x7B, 0xDE, 0x00, 0x2B, 0x7B, 0xDE, 0x00, 0x0C, 0x7B, 0xDE, 0x00, 0x2B,
    0x7B, 0xDE, 0x00, 0x0C, 0x7B, 0xDE, 0x00, 0x0D, 0x7B, 0xDE, 0x00, 0x0E, 0x7B, 0xDE, 0x00, 0x0D,
    0x7B, 0xDE, 0x00, 0x0E, 0x7B, 0xDE, 0x00, 0x0E, 0x7B, 0xDE, 0x00, 0x0C, 0x7B, 0xDE, 0x00, 0x2B,
    0x7B, 0xDE, 0x00, 0x2B, 0x7B, 0xDE, 0x00, 0x2A, 0x7B, 0xDE, 0x00, 0x0C, 0x7B, 0xDE, 0x00, 0x0C,
    0x7B, 0xDE, 0x00, 0x0B, 0x7B, 0xDE, 0x08, 0x2A, 0x7B, 0xDE, 0x08, 0x2A, 0x7B, 0xDE, 0x00, 0x2B,
    0x7B, 0xDE, 0x00, 0x0C, 0x7B, 0xDE, 0x00, 0x2B, 0x7B, 0xDE, 0x00, 0x0B, 0x7B, 0xDE, 0x00, 0x0B,
    0x7B, 0xDE, 0x08, 0x2A, 0x7B, 0xDE, 0x00, 0x0C, 0x7B, 0xDE, 0x00, 0x0D, 0x7B, 0xDE, 0x00, 0x2B,
    0x7B, 0xDE, 0x00, 0x2B, 0x7B, 0xDE, 0x08, 0x2A, 0x7B, 0xDE, 0x00, 0x2B, 0x7B, 0xDE, 0x00, 0x0D,
    0x7B, 0xDE, 0x00, 0x0B, 0x7B, 0xDE, 0x00, 0x0B, 0x7B, 0xDE, 0x00, 0x0C, 0x7B, 0xDE, 0x00, 0x0B,
    0x7B, 0xDE, 0x00, 0x2B, 0x7B, 0xDE, 0x00, 0x0C, 0x7B, 0xDE, 0x00, 0x2B, 0x7B, 0xDE, 0x00, 0x0C,
    0x7B, 0xDE, 0x00, 0x0D, 0x7B, 0xDE, 0x00, 0x0E, 0x7B, 0xDE, 0x00, 0x0D, 0x7B, 0xDE, 0x00, 0x0E,
    0x7B, 0xDE, 0x00, 0x0E, 0x7B, 0xDE, 0x00, 0x0C, 0x7B, 0xDE, 0x00, 0x2B, 0x7B, 0xDE, 0x00, 0x2B,
    0x7B, 0xDE, 0x00, 0x2A, 0x7B, 0xDE, 0x00, 0x0C, 0x7B, 0xDE, 0x00, 0x0C, 0x7B, 0xDE, 0x00, 0x0B,
    0x7B, 0xDE, 0x08, 0x2A, 0x7B, 0xDE, 0x08, 0x2A, 0x7B, 0xDE, 0x00, 0x2B, 0x7B, 0xDE, 0x00, 0x0C,
    0x7B, 0xDE, 0x00, 0x2B, 0x7B, 0xDE, 0x00, 0x0B, 0x7B, 0xDE, 0x00, 0x0B, 0x7B, 0xDE, 0x08, 0x2A,
    0x7B, 0xDE, 0x00, 0x0C, 0x7B, 0xDE, 0x00, 0x0D, 0x7B, 0xDE, 0x00, 0x2B, 0x7B, 0xDE, 0x00, 0x2B,
    0x7B, 0xDE, 0x08, 0x2A, 0x7B, 0xDE, 0x00, 0x2B, 0x63, 0x39, 0x00, 0x0D, 0x00, 0x00, 0x00, 0x0B,
    0x00, 0x2B, 0xB5, 0xBF, 0x00, 0x2B, 0xF7, 0x9F, 0x00, 0x0B, 0x39, 0xCE, 0x00, 0x0D, 0x7B, 0xDE,
    0x00, 0x0D, 0x7B, 0xDE, 0x08, 0x2A, 0x7B, 0xDE, 0x08, 0x2A, 0x7B, 0xDE, 0x00, 0x0C, 0x7B, 0xDE,
    0x00, 0x0E, 0x7B, 0xDE, 0x00, 0x0D, 0x7B, 0xDE, 0x00, 0x0C, 0x7B, 0xDE, 0x00, 0x2B, 0x7B, 0xDE,
    0x08, 0x2A, 0x7B, 0xDE, 0x00, 0x0D, 0x7B, 0xDE, 0x00, 0x0D, 0x7B, 0xDE, 0x00, 0x0C, 0x7B, 0xDE,
    0x00, 0x0C, 0x7B, 0xDE, 0x00, 0x2A, 0x7B, 0xDE, 0x00, 0x0C, 0x7B, 0xDE, 0x00, 0x0D, 0x7B, 0xDE,
    0x00, 0x0B, 0x7B, 0xDE, 0x08, 0x2A, 0x7B, 0xDE, 0x08, 0x2A, 0x7B, 0xDE, 0x00, 0x2B, 0x7B, 0xDE,
    0x00, 0x2B, 0x7B, 0xDE, 0x00, 0x2B, 0x7B, 0xDE, 0x00, 0x0C, 0x7B, 0xDE, 0x08, 0x2A, 0x7B, 0xDE,
    0x00, 0x2B, 0x7B, 0xDE, 0x00, 0x0C, 0x7B, 0xDE, 0x00, 0x0C, 0x7B, 0xDE, 0x00, 0x0E, 0x7B, 0xDE,
    0x00, 0x0D, 0x7B, 0xDE, 0x00, 0x0D, 0x7B, 0xDE, 0x00, 0x0C, 0x7B, 0xDE, 0x00, 0x2B, 0x7B, 0xDE,
    0x00, 0x2B, 0x7B, 0xDE, 0x00, 0x0B, 0x7B, 0xDE, 0x00, 0x0D, 0x7B, 0xDE, 0x00, 0x0D, 0x7B, 0xDE,
    0x08, 0x2A, 0x7B, 0xDE, 0x08, 0x2A, 0x7B, 0xDE, 0x00, 0x0C, 0x7B, 0xDE, 0x00, 0x0E, 0x7B, 0xDE,
    0x00, 0x0D, 0x7B, 0xDE, 0x00, 0x0C, 0x7B, 0xDE, 0x00, 0x2B, 0x7B, 0xDE, 0x08, 0x2A, 0x7B, 0xDE,
    0x00, 0x0D, 0x7B, 0xDE, 0x00, 0x0D, 0x7B, 0xDE, 0x00, 0x0C, 0x7B, 0xDE, 0x00, 0x0C, 0x7B, 0xDE,
    0x00, 0x2A, 0x7B, 0xDE, 0x00, 0x0C, 0x7B, 0xDE, 0x00, 0x0D, 0x7B, 0xDE, 0x00, 0x0B, 0x7B, 0xDE,
    0x08, 0x2A, 0x7B, 0xDE, 0x08, 0x2A, 0x7B, 0xDE, 0x00, 0x2B, 0x7B, 0xDE, 0x00, 0x2B, 0x7B, 0xDE,
    0x00, 0x2B, 0x7B, 0xDE, 0x00, 0x0C, 0x7B, 0xDE, 0x08, 0x2A, 0x7B, 0xDE, 0x00, 0x2B, 0x7B, 0xDE,
    0x00, 0x0C, 0x7B, 0xDE, 0x00, 0x0C, 0x7B, 0xDE, 0x00, 0x0E, 0x7B, 0xDE, 0x00, 0x0D, 0x7B, 0xDE,
    0x00, 0x0D, 0x7B, 0xDE, 0x00, 0x0C, 0x7B, 0xDE, 0x00, 0x2B, 0x7B, 0xDE, 0x00, 0x2B, 0x7B, 0xDE,
    0x00, 0x0B, 0x7B, 0xDE, 0x00, 0x0D, 0x7B, 0xDE, 0x00, 0x0D, 0x7B, 0xDE, 0x08, 0x2A, 0x7B, 0xDE,
    0x08, 0x2A, 0x7B, 0xDE, 0x00, 0x0C, 0x7B, 0xDE, 0x00, 0x0E, 0x7B, 0xDE, 0x00, 0x0D, 0x7B, 0xDE,
    0x00, 0x0C, 0x7B, 0xDE, 0x00, 0x2B, 0x7B, 0xDE, 0x08, 0x2A, 0x7B, 0xDE, 0x00, 0x0D, 0x7B, 0xDE,
    0x00, 0x0D, 0x7B, 0xDE, 0x00, 0x0C, 0x7B, 0xDE, 0x00, 0x0C, 0x7B, 0xDE, 0x00, 0x2A, 0x7B, 0xDE,
    0x00, 0x0C, 0x7B, 0xDE, 0x00, 0x0D, 0x7B, 0xDE, 0x00, 0x0B, 0x7B, 0xDE, 0x08, 0x2A, 0x7B, 0xDE,
    0x08, 0x2A, 0x7B, 0xDE, 0x00, 0x2B, 0x7B, 0xDE, 0x00, 0x2B, 0x7B, 0xDE, 0x00, 0x2B, 0x7B, 0xDE,
    0x00, 0x0C, 0x7B, 0xDE, 0x08, 0x2A, 0x7B, 0xDE, 0x00, 0x2B, 0x7B, 0xDE, 0x00, 0x0C, 0x7B, 0xDE,
    0x00, 0x0C, 0x7B, 0xDE, 0x00, 0x0E, 0x7B, 0xDE, 0x00, 0x0D, 0x7B, 0xDE, 0x00, 0x0D, 0x7B, 0xDE,
    0x00, 0x0C, 0x7B, 0xDE, 0x00, 0x2B, 0x7B, 0xDE, 0x00, 0x2B, 0x7B, 0xDE, 0x00, 0x0B, 0x7B, 0xDE,
    0x00, 0x0D, 0x7B, 0xDE, 0x00, 0x0D, 0x7B, 0xDE, 0x08, 0x2A, 0x7B, 0xDE, 0x08, 0x2A, 0x7B, 0xDE,
    0x00, 0x0C, 0x7B, 0xDE, 0x00, 0x0E, 0x7B, 0xDE, 0x00, 0x0D, 0x7B, 0xDE, 0x00, 0x0C, 0x7B, 0xDE,
    0x00, 0x2B, 0x7B, 0xDE, 0x08, 0x2A, 0x7B, 0xDE, 0x00, 0x0D, 0x7B, 0xDE, 0x00, 0x0D, 0x7B, 0xDE,
    0x00, 0x0C, 0x7B, 0xDE, 0x00, 0x0C, 0x7B, 0xDE, 0x00, 0x2A, 0x7B, 0xDE, 0x00, 0x0C, 0x7B, 0xDE,
    0x00, 0x0D, 0x7B, 0xDE, 0x00, 0x0B, 0x7B, 0xDE, 0x08, 0x2A, 0x7B, 0xDE, 0x08, 0x2A, 0x7B, 0xDE,
    0x00, 0x2B, 0x7B, 0xDE, 0x00, 0x2B, 0x7B, 0xDE, 0x00, 0x2B, 0x7B, 0xDE, 0x00, 0x0C, 0x7B, 0xDE,
    0x08, 0x2A, 0x7B, 0xDE, 0x00, 0x2B, 0x7B, 0xDE, 0x00, 0x0C, 0x7B, 0xDE, 0x00, 0x0C, 0x7B, 0xDE,
    0x00, 0x0E, 0x7B, 0xDE, 0x00, 0x0D, 0x7B, 0xDE, 0x00, 0x0D, 0x7B, 0xDE, 0x00, 0x0C, 0x7B, 0xDE,
    0x00, 0x2B, 0x7B, 0xDE, 0x00, 0x2B, 0x7B, 0xDE, 0x00, 0x0B, 0x7B, 0xDE, 0x00, 0x0D, 0x7B, 0xDE,
    0x00, 0x0D, 0x7B, 0xDE, 0x08, 0x2A, 0x7B, 0xDE, 0x08, 0x2A, 0x7B, 0xDE, 0x00, 0x0C, 0x7B, 0xDE,
    0x00, 0x0E, 0x7B, 0xDE, 0x00, 0x0D, 0x7B, 0xDE, 0x00, 0x0C, 0x7B, 0xDE, 0x00, 0x2B, 0x7B, 0xDE,
    0x08, 0x2A, 0x7B, 0xDE, 0x00, 0x0D, 0x7B, 0xDE, 0x00, 0x0D, 0x7B, 0xDE, 0x00, 0x0C, 0x7B, 0xDE,
    0x00, 0x0C, 0x7B, 0xDE, 0x00, 0x2A, 0xD6, 0x9F, 0x00, 0x0C, 0x00, 0x00, 0x00, 0x0D, 0x00, 0x00,
    0xFF, 0xFF, 0x00, 0x2B, 0xAD, 0x5F, 0x08, 0x2A, 0x18, 0xE7, 0x00, 0x2B, 0x39, 0xCE, 0x00, 0x0E,
    0x7B, 0xDE, 0x00, 0x0D, 0x7B, 0xDE, 0x00, 0x2B, 0x7B, 0xDE, 0x00, 0x2B, 0x7B, 0xDE, 0x00, 0x0E,
    0x7B, 0xDE, 0x00, 0x0E, 0x7B, 0xDE, 0x00, 0x0E, 0x7B, 0xDE, 0x00, 0x0C, 0x7B, 0xDE, 0x00, 0x2A,
    0x7B, 0xDE, 0x08, 0x2A, 0x7B, 0xDE, 0x00, 0x0C, 0x7B, 0xDE, 0x00, 0x0D, 0x7B, 0xDE, 0x00, 0x0D,
    0x7B, 0xDE, 0x00, 0x0C, 0x7B, 0xDE, 0x00, 0x2B, 0x7B, 0xDE, 0x00, 0x2B, 0x7B, 0xDE, 0x00, 0x0B,
    0x7B, 0xDE, 0x00, 0x2B, 0x7B, 0xDE, 0x08, 0x2A, 0x7B, 0xDE, 0x00, 0x2A, 0x7B, 0xDE, 0x08, 0x2A,
    0x7B, 0xDE, 0x08, 0x2A, 0x7B, 0xDE, 0x00, 0x0C, 0x7B, 0xDE, 0x00, 0x0D, 0x7B, 0xDE, 0x00, 0x2B,
    0x7B, 0xDE, 0x08, 0x2A, 0x7B, 0xDE, 0x00, 0x2B, 0x7B, 0xDE, 0x00, 0x2B, 0x7B, 0xDE, 0x00, 0x0C,
    0x7B, 0xDE, 0x00, 0x2B, 0x7B, 0xDE, 0x00, 0x0C, 0x7B, 0xDE, 0x00, 0x0B, 0x7B, 0xDE, 0x00, 0x2B,
    0x7B, 0xDE, 0x08, 0x2A, 0x7B, 0xDE, 0x00, 0x2B, 0x7B, 0xDE, 0x00, 0x0E, 0x7B, 0xDE, 0x00, 0x0D,
    0x7B, 0xDE, 0x00, 0x2B, 0x7B, 0xDE, 0x00, 0x2B, 0x7B, 0xDE, 0x00, 0x0E, 0x7B, 0xDE, 0x00, 0x0E,
    0x7B, 0xDE, 0x00, 0x0E, 0x7B, 0xDE, 0x00, 0x0C, 0x7B, 0xDE, 0x00, 0x2A, 0x7B, 0xDE, 0x08, 0x2A,
    0x7B, 0xDE, 0x00, 0x0C, 0x7B, 0xDE, 0x00, 0x0D, 0x7B, 0xDE, 0x00, 0x0D, 0x7B, 0xDE, 0x00, 0x0C,
    0x7B, 0xDE, 0x00, 0x2B, 0x7B, 0xDE, 0x00, 0x2B, 0x7B, 0xDE, 0x00, 0x0B, 0x7B, 0xDE, 0x00, 0x2B,
    0x7B, 0xDE, 0x08, 0x2A, 0x7B, 0xDE, 0x00, 0x2A, 0x7B, 0xDE, 0x08, 0x2A, 0x7B, 0xDE, 0x08, 0x2A,
    0x7B, 0xDE, 0x00, 0x0C, 0x7B, 0xDE, 0x00, 0x0D, 0x7B, 0xDE, 0x00, 0x2B, 0x7B, 0xDE, 0x08, 0x2A,
    0x7B, 0xDE, 0x00, 0x2B, 0x7B, 0xDE, 0x00, 0x2B, 0x7B, 0xDE, 0x00, 0x0C, 0x7B, 0xDE, 0x00, 0x2B,
    0x7B, 0xDE, 0x00, 0x0C, 0x7B, 0xDE, 0x00, 0x0B, 0x7B, 0xDE, 0x00, 0x2B, 0x7B, 0xDE, 0x08, 0x2A,
    0x7B, 0xDE, 0x00, 0x2B, 0x7B, 0xDE, 0x00, 0x0E, 0x7B, 0xDE, 0x00, 0x0D, 0x7B, 0xDE, 0x00, 0x2B,
    0x7B, 0xDE, 0x00, 0x2B, 0x7B, 0xDE, 0x00, 0x0E, 0x7B, 0xDE, 0x00, 0x0E, 0x7B, 0xDE, 0x00, 0x0E,
    0x7B, 0xDE, 0x00, 0x0C, 0x7B, 0xDE, 0x00, 0x2A, 0x7B, 0xDE, 0x08, 0x2A, 0x7B, 0xDE, 0x00, 0x0C,
    0x7B, 0xDE, 0x00, 0x0D, 0x7B, 0xDE, 0x00, 0x0D, 0x7B, 0xDE, 0x00, 0x0C, 0x7B, 0xDE, 0x00, 0x2B,
    0x7B, 0xDE, 0x00, 0x2B, 0x7B, 0xDE, 0x00, 0x0B, 0x7B, 0xDE, 0x00, 0x2B, 0x7B, 0xDE, 0x08, 0x2A,
    0x7B, 0xDE, 0x00, 0x2A, 0x7B, 0xDE, 0x08, 0x2A, 0x7B, 0xDE, 0x08, 0x2A, 0x7B, 0xDE, 0x00, 0x0C,
    0x7B, 0xDE, 0x00, 0x0D, 0x7B, 0xDE, 0x00, 0x2B, 0x7B, 0xDE, 0x08, 0x2A, 0x7B, 0xDE, 0x00, 0x2B,
    0x7B, 0xDE, 0x00, 0x2B, 0x7B, 0xDE, 0x00, 0x0C, 0x7B, 0xDE, 0x00, 0x2B, 0x7B, 0xDE, 0x00, 0x0C,
    0x7B, 0xDE, 0x00, 0x0B, 0x7B, 0xDE, 0x00, 0x2B, 0x7B, 0xDE, 0x08, 0x2A, 0x7B, 0xDE, 0x00, 0x2B,
    0x7B, 0xDE, 0x00, 0x0E, 0x7B, 0xDE, 0x00, 0x0D, 0x7B, 0xDE, 0x00, 0x2B, 0x7B, 0xDE, 0x00, 0x2B,
    0x7B, 0xDE, 0x00, 0x0E, 0x7B, 0xDE, 0x00, 0x0E, 0x7B, 0xDE, 0x00, 0x0E, 0x7B, 0xDE, 0x00, 0x0C,
    0x7B, 0xDE, 0x00, 0x2A, 0x7B, 0xDE, 0x08, 0x2A, 0x7B, 0xDE, 0x00, 0x0C, 0x7B, 0xDE, 0x00, 0x0D,
    0x7B, 0xDE, 0x00, 0x0D, 0x7B, 0xDE, 0x00, 0x0C, 0x7B, 0xDE, 0x00, 0x2B, 0x7B, 0xDE, 0x00, 0x2B,
    0x7B, 0xDE, 0x00, 0x0B, 0x7B, 0xDE, 0x00, 0x2B, 0x7B, 0xDE, 0x08, 0x2A, 0x7B, 0xDE, 0x00, 0x2A,
    0x7B, 0xDE, 0x08, 0x2A, 0x7B, 0xDE, 0x08, 0x2A, 0x7B, 0xDE, 0x00, 0x0C, 0x7B, 0xDE, 0x00, 0x0D,
    0x7B, 0xDE, 0x00, 0x2B, 0x7B, 0xDE, 0x08, 0x2A, 0x7B, 0xDE, 0x00, 0x2B, 0x7B, 0xDE, 0x00, 0x2B,
    0x7B, 0xDE, 0x00, 0x0C, 0x7B, 0xDE, 0x00, 0x2B, 0x7B, 0xDE, 0x00, 0x0C, 0x7B, 0xDE, 0x00, 0x0B,
    0x7B, 0xDE, 0x00, 0x2B, 0x7B, 0xDE, 0x08, 0x2A, 0x7B, 0xDE, 0x00, 0x2B, 0x7B, 0xDE, 0x00, 0x0E,
    0x7B, 0xDE, 0x00, 0x0D, 0x7B, 0xDE, 0x00, 0x2B, 0x7B, 0xDE, 0x00, 0x2B, 0x7B, 0xDE, 0x00, 0x0E,
    0x7B, 0xDE, 0x00, 0x0E, 0x7B, 0xDE, 0x00, 0x0E, 0x7B, 0xDE, 0x00, 0x0C, 0x7B, 0xDE, 0x00, 0x2A,
    0x7B, 0xDE, 0x08, 0x2A, 0x7B, 0xDE, 0x00, 0x0C, 0x7B, 0xDE, 0x00, 0x0D, 0x7B, 0xDE, 0x00, 0x0D,
    0x7B, 0xDE, 0x00, 0x0C, 0xEF, 0x5F, 0x00, 0x2B, 0x00, 0x00, 0x00, 0x2B, 0x00, 0x00, 0x00, 0x0B,
    0x00, 0x0C, 0xBD, 0xBF, 0x00, 0x2B, 0x7B, 0xDE, 0x08, 0x2A, 0x18, 0xE7, 0x00, 0x2B, 0xB5, 0x9F,
    0x00, 0x0D, 0xB5, 0x9F, 0x00, 0x0D, 0xB5, 0x9F, 0x00, 0x0B, 0xB5, 0x9F, 0x00, 0x0C, 0xB5, 0x9F,
    0x00, 0x0C, 0xB5, 0x9F, 0x00, 0x0D, 0xB5, 0x9F, 0x00, 0x0E, 0xB5, 0x9F, 0x00, 0x0D, 0xB5, 0x9F,
    0x00, 0x2B, 0xB5, 0x9F, 0x08, 0x2A, 0xB5, 0x9F, 0x00, 0x2B, 0xB5, 0x9F, 0x00, 0x0B, 0xB5, 0x9F,
    0x00, 0x0C, 0xB5, 0x9F, 0x00, 0x0C, 0xB5, 0x9F, 0x00, 0x2B, 0xB5, 0x9F, 0x08, 0x2A, 0xB5, 0x9F,
    0x00, 0x2B, 0xB5, 0x9F, 0x00, 0x0C, 0xB5, 0x9F, 0x00, 0x2B, 0xB5, 0x9F, 0x00, 0x0C, 0xB5, 0x9F,
    0x08, 0x2A, 0xB5, 0x9F, 0x08, 0x2A, 0xB5, 0x9F, 0x00, 0x0D, 0xB5, 0x9F, 0x00, 0x0C, 0xB5, 0x9F,
    0x08, 0x2A, 0xB5, 0x9F, 0x08, 0x2A, 0xB5, 0x9F, 0x00, 0x2B, 0xB5, 0x9F, 0x00, 0x2B, 0xB5, 0x9F,
    0x00, 0x2A, 0xB5, 0x9F, 0x08, 0x2A, 0xB5, 0x9F, 0x00, 0x2B, 0xB5, 0x9F, 0x00, 0x0C, 0xB5, 0x9F,
    0x00, 0x2B, 0xB5, 0x9F, 0x08, 0x2A, 0xB5, 0x9F, 0x00, 0x2B, 0xB5, 0x9F, 0x00, 0x0D, 0xB5, 0x9F,
    0x00, 0x0D, 0xB5, 0x9F, 0x00, 0x0B, 0xB5, 0x9F, 0x00, 0x0C, 0xB5, 0x9F, 0x00, 0x0C, 0xB5, 0x9F,
    0x00, 0x0D, 0xB5, 0x9F, 0x00, 0x0E, 0xB5, 0x9F, 0x00, 0x0D, 0xB5, 0x9F, 0x00, 0x2B, 0xB5, 0x9F,
    0x08, 0x2A, 0xB5, 0x9F, 0x00, 0x2B, 0xB5, 0x9F, 0x00, 0x0B, 0xB5, 0x9F, 0x00, 0x0C, 0xB5, 0x9F,
    0x00, 0x0C, 0xB5, 0x9F, 0x00, 0x2B, 0xB5, 0x9F, 0x08, 0x2A, 0xB5, 0x9F, 0x00, 0x2B, 0xB5, 0x9F,
    0x00, 0x0C, 0xB5, 0x9F, 0x00, 0x2B, 0xB5, 0x9F, 0x00, 0x0C, 0xB5, 0x9F, 0x08, 0x2A, 0xB5, 0x9F,
    0x08, 0x2A, 0xB5, 0x9F, 0x00, 0x0D, 0xB5, 0x9F, 0x00, 0x0C, 0xB5, 0x9F, 0x08, 0x2A, 0xB5, 0x9F,
    0x08, 0x2A, 0xB5, 0x9F, 0x00, 0x2B, 0xB5, 0x9F, 0x00, 0x2B, 0xB5, 0x9F, 0x00, 0x2A, 0xB5, 0x9F,
    0x08, 0x2A, 0xB5, 0x9F, 0x00, 0x2B, 0xB5, 0x9F, 0x00, 0x0C, 0xB5, 0x9F, 0x00, 0x2B, 0xB5, 0x9F,
    0x08, 0x2A, 0xB5, 0x9F, 0x00, 0x2B, 0xB5, 0x9F, 0x00, 0x0D, 0xB5, 0x9F, 0x00, 0x0D, 0xB5, 0x9F,
    0x00, 0x0B, 0xB5, 0x9F, 0x00, 0x0C, 0xB5, 0x9F, 0x00, 0x0C, 0xB5, 0x9F, 0x00, 0x0D, 0xB5, 0x9F,
    0x00, 0x0E, 0xB5, 0x9F, 0x00, 0x0D, 0xB5, 0x9F, 0x00, 0x2B, 0xB5, 0x9F, 0x08, 0x2A, 0xB5, 0x9F,
    0x00, 0x2B, 0xB5, 0x9F, 0x00, 0x0B, 0xB5, 0x9F, 0x00, 0x0C, 0xB5, 0x9F, 0x00, 0x0C, 0xB5, 0x9F,
    0x00, 0x2B, 0xB5, 0x9F, 0x08, 0x2A, 0xB5, 0x9F, 0x00, 0x2B, 0xB5, 0x9F, 0x00, 0x0C, 0xB5, 0x9F,
    0x00, 0x2B, 0xB5, 0x9F, 0x00, 0x0C, 0xB5, 0x9F, 0x08, 0x2A, 0xB5, 0x9F, 0x08, 0x2A, 0xB5, 0x9F,
    0x00, 0x0D, 0xB5, 0x9F, 0x00, 0x0C, 0xB5, 0x9F, 0x08, 0x2A, 0xB5, 0x9F, 0x08, 0x2A, 0xB5, 0x9F,
    0x00, 0x2B, 0xB5, 0x9F, 0x00, 0x2B, 0xB5, 0x9F, 0x00, 0x2A, 0xB5, 0x9F, 0x08, 0x2A, 0xB5, 0x9F,
    0x00, 0x2B, 0xB5, 0x9F, 0x00, 0x0C, 0xB5, 0x9F, 0x00, 0x2B, 0xB5, 0x9F, 0x08, 0x2A, 0xB5, 0x9F,
    0x00, 0x2B, 0xB5, 0x9F, 0x00, 0x0D, 0xB5, 0x9F, 0x00, 0x0D, 0xB5, 0x9F, 0x00, 0x0B, 0xB5, 0x9F,
    0x00, 0x0C, 0xB5, 0x9F, 0x00, 0x0C, 0xB5, 0x9F, 0x00, 0x0D, 0xB5, 0x9F, 0x00, 0x0E, 0xB5, 0x9F,
    0x00, 0x0D, 0xB5, 0x9F, 0x00, 0x2B, 0xB5, 0x9F, 0x08, 0x2A, 0xB5, 0x9F, 0x00, 0x2B, 0xB5, 0x9F,
    0x00, 0x0B, 0xB5, 0x9F, 0x00, 0x0C, 0xB5, 0x9F, 0x00, 0x0C, 0xB5, 0x9F, 0x00, 0x2B, 0xB5, 0x9F,
    0x08, 0x2A, 0xB5, 0x9F, 0x00, 0x2B, 0xB5, 0x9F, 0x00, 0x0C, 0xB5, 0x9F, 0x00, 0x2B, 0xB5, 0x9F,
    0x00, 0x0C, 0xB5, 0x9F, 0x08, 0x2A, 0xB5, 0x9F, 0x08, 0x2A, 0xB5, 0x9F, 0x00, 0x0D, 0xB5, 0x9F,
    0x00, 0x0C, 0xB5, 0x9F, 0x08, 0x2A, 0xB5, 0x9F, 0x08, 0x2A, 0xB5, 0x9F, 0x00, 0x2B, 0xB5, 0x9F,
    0x00, 0x2B, 0xB5, 0x9F, 0x00, 0x2A, 0xB5, 0x9F, 0x08, 0x2A, 0xB5, 0x9F, 0x00, 0x2B, 0xB5, 0x9F,
    0x00, 0x0C, 0xB5, 0x9F, 0x00, 0x2B, 0xB5, 0x9F, 0x08, 0x2A, 0xB5, 0x9F, 0x00, 0x2B, 0xB5, 0x9F,
    0x00, 0x0D, 0xB5, 0x9F, 0x00, 0x0D, 0xB5, 0x9F, 0x00, 0x0B, 0xB5, 0x9F, 0x00, 0x0C, 0xB5, 0x9F,
    0x00, 0x0C, 0xB5, 0x9F, 0x00, 0x0D, 0xB5, 0x9F, 0x00, 0x0E, 0xB5, 0x9F, 0x00, 0x0D, 0xB5, 0x9F,
    0x00, 0x2B, 0xB5, 0x9F, 0x08, 0x2A, 0xB5, 0x9F, 0x00, 0x2B, 0xB5, 0x9F, 0x00, 0x0B, 0xB5, 0x9F,
    0x00, 0x0C, 0xDE, 0xBF, 0x00, 0x0C, 0x7B, 0xDF, 0x00, 0x2B, 0x00, 0x00, 0x08, 0x2A, 0x00, 0x00,
    0xFF, 0xFF, 0x00, 0x0D, 0x4A, 0x73, 0x00, 0x2B, 0x00, 0x00, 0x08, 0x2A, 0x00, 0x00, 0x00, 0x2B,
    0x6B, 0x5A, 0x00, 0x0C, 0x6B, 0x5A, 0x00, 0x0D, 0x6B, 0x5A, 0x00, 0x0B, 0x6B, 0x5A, 0x00, 0x0C,
    0x6B, 0x5A, 0x00, 0x2B, 0x6B, 0x5A, 0x00, 0x0C, 0x6B, 0x5A, 0x00, 0x0D, 0x6B, 0x5A, 0x00, 0x0D,
    0x6B, 0x5A, 0x00, 0x2B, 0x6B, 0x5A, 0x00, 0x2A, 0x6B, 0x5A, 0x00, 0x0C, 0x6B, 0x5A, 0x00, 0x2A,
    0x6B, 0x5A, 0x00, 0x2B, 0x6B, 0x5A, 0x00, 0x2B, 0x6B, 0x5A, 0x00, 0x2B, 0x6B, 0x5A, 0x08, 0x2A,
    0x6B, 0x5A, 0x00, 0x0C, 0x6B, 0x5A, 0x00, 0x0C, 0x6B, 0x5A, 0x00, 0x0C, 0x6B, 0x5A, 0x00, 0x0C,
    0x6B, 0x5A, 0x08, 0x2A, 0x6B, 0x5A, 0x00, 0x2A, 0x6B, 0x5A, 0x00, 0x0D, 0x6B, 0x5A, 0x08, 0x2A,
    0x6B, 0x5A, 0x08, 0x2A, 0x6B, 0x5A, 0x00, 0x2B, 0x6B, 0x5A, 0x00, 0x0C, 0x6B, 0x5A, 0x00, 0x2B,
    0x6B, 0x5A, 0x08, 0x2A, 0x6B, 0x5A, 0x08, 0x2A, 0x6B, 0x5A, 0x00, 0x0C, 0x6B, 0x5A, 0x00, 0x0D,
    0x6B, 0x5A, 0x00, 0x2B, 0x6B, 0x5A, 0x08, 0x2A, 0x6B, 0x5A, 0x00, 0x2B, 0x6B, 0x5A, 0x00, 0x0C,
    0x6B, 0x5A, 0x00, 0x0D, 0x6B, 0x5A, 0x00, 0x0B, 0x6B, 0x5A, 0x00, 0x0C, 0x6B, 0x5A, 0x00, 0x2B,
    0x6B, 0x5A, 0x00, 0x0C, 0x6B, 0x5A, 0x00, 0x0D, 0x6B, 0x5A, 0x00, 0x0D, 0x6B, 0x5A, 0x00, 0x2B,
    0x6B, 0x5A, 0x00, 0x2A, 0x6B, 0x5A, 0x00, 0x0C, 0x6B, 0x5A, 0x00, 0x2A, 0x6B, 0x5A, 0x00, 0x2B,
    0x6B, 0x5A, 0x00, 0x2B, 0x6B, 0x5A, 0x00, 0x2B, 0x6B, 0x5A, 0x08, 0x2A, 0x6B, 0x5A, 0x00, 0x0C,
    0x6B, 0x5A, 0x00, 0x0C, 0x6B, 0x5A, 0x00, 0x0C, 0x6B, 0x5A, 0x00, 0x0C, 0x6B, 0x5A, 0x08, 0x2A,
    0x6B, 0x5A, 0x00, 0x2A, 0x6B, 0x5A, 0x00, 0x0D, 0x6B, 0x5A, 0x08, 0x2A, 0x6B, 0x5A, 0x08, 0x2A,
    0x6B, 0x5A, 0x00, 0x2B, 0x6B, 0x5A, 0x00, 0x0C, 0x6B, 0x5A, 0x00, 0x2B, 0x6B, 0x5A, 0x08, 0x2A,
    0x6B, 0x5A, 0x08, 0x2A, 0x6B, 0x5A, 0x00, 0x0C, 0x6B, 0x5A, 0x00, 0x0D, 0x6B, 0x5A, 0x00, 0x2B,
    0x6B, 0x5A, 0x08, 0x2A, 0x6B, 0x5A, 0x00, 0x2B, 0x6B, 0x5A, 0x00, 0x0C, 0x6B, 0x5A, 0x00, 0x0D,
    0x6B, 0x5A, 0x00, 0x0B, 0x6B, 0x5A, 0x00, 0x0C, 0x6B, 0x5A, 0x00, 0x2B, 0x6B, 0x5A, 0x00, 0x0C,
    0x6B, 0x5A, 0x00, 0x0D, 0x6B, 0x5A, 0x00, 0x0D, 0x6B, 0x5A, 0x00, 0x2B, 0x6B, 0x5A, 0x00, 0x2A,
    0x6B, 0x5A, 0x00, 0x0C, 0x6B, 0x5A, 0x00, 0x2A, 0x6B, 0x5A, 0x00, 0x2B, 0x6B, 0x5A, 0x00, 0x2B,
    0x6B, 0x5A, 0x00, 0x2B, 0x6B, 0x5A, 0x08, 0x2A, 0x6B, 0x5A, 0x00, 0x0C, 0x6B, 0x5A, 0x00, 0x0C,
    0x6B, 0x5A, 0x00, 0x0C, 0x6B, 0x5A, 0x00, 0x0C, 0x6B, 0x5A, 0x08, 0x2A, 0x6B, 0x5A, 0x00, 0x2A,
    0x6B, 0x5A, 0x00, 0x0D, 0x6B, 0x5A, 0x08, 0x2A, 0x6B, 0x5A, 0x08, 0x2A, 0x6B, 0x5A, 0x00, 0x2B,
    0x6B, 0x5A, 0x00, 0x0C, 0x6B, 0x5A, 0x00, 0x2B, 0x6B, 0x5A, 0x08, 0x2A, 0x6B, 0x5A, 0x08, 0x2A,
    0x6B, 0x5A, 0x00, 0x0C, 0x6B, 0x5A, 0x00, 0x0D, 0x6B, 0x5A, 0x00, 0x2B, 0x6B, 0x5A, 0x08, 0x2A,
    0x6B, 0x5A, 0x00, 0x2B, 0x6B, 0x5A, 0x00, 0x0C, 0x6B, 0x5A, 0x00, 0x0D, 0x6B, 0x5A, 0x00, 0x0B,
    0x6B, 0x5A, 0x00, 0x0C, 0x6B, 0x5A, 0x00, 0x2B, 0x6B, 0x5A, 0x00, 0x0C, 0x6B, 0x5A, 0x00, 0x0D,
    0x6B, 0x5A, 0x00, 0x0D, 0x6B, 0x5A, 0x00, 0x2B, 0x6B, 0x5A, 0x00, 0x2A, 0x6B, 0x5A, 0x00, 0x0C,
    0x6B, 0x5A, 0x00, 0x2A, 0x6B, 0x5A, 0x00, 0x2B, 0x6B, 0x5A, 0x00, 0x2B, 0x6B, 0x5A, 0x00, 0x2B,
    0x6B, 0x5A, 0x08, 0x2A, 0x6B, 0x5A, 0x00, 0x0C, 0x6B, 0x5A, 0x00, 0x0C, 0x6B, 0x5A, 0x00, 0x0C,
    0x6B, 0x5A, 0x00, 0x0C, 0x6B, 0x5A, 0x08, 0x2A, 0x6B, 0x5A, 0x00, 0x2A, 0x6B, 0x5A, 0x00, 0x0D,
    0x6B, 0x5A, 0x08, 0x2A, 0x6B, 0x5A, 0x08, 0x2A, 0x6B, 0x5A, 0x00, 0x2B, 0x6B, 0x5A, 0x00, 0x0C,
    0x6B, 0x5A, 0x00, 0x2B, 0x6B, 0x5A, 0x08, 0x2A, 0x6B, 0x5A, 0x08, 0x2A, 0x6B, 0x5A, 0x00, 0x0C,
    0x6B, 0x5A, 0x00, 0x0D, 0x6B, 0x5A, 0x00, 0x2B, 0x6B, 0x5A, 0x08, 0x2A, 0x6B, 0x5A, 0x00, 0x2B,
    0x6B, 0x5A, 0x00, 0x0C, 0x6B, 0x5A, 0x00, 0x0D, 0x6B, 0x5A, 0x00, 0x0B, 0x6B, 0x5A, 0x00, 0x0C,
    0x6B, 0x5A, 0x00, 0x2B, 0x6B, 0x5A, 0x00, 0x0C, 0x6B, 0x5A, 0x00, 0x0D, 0x6B, 0x5A, 0x00, 0x0D,
    0x6B, 0x5A, 0x00, 0x2B, 0x6B, 0x5A, 0x00, 0x2A, 0x6B, 0x5A, 0x00, 0x0C, 0x6B, 0x5A, 0x00, 0x2A,
    0x6B, 0x5A, 0x00, 0x2B, 0x00, 0x00, 0x00, 0x2B, 0x00, 0x00, 0x00, 0x2B, 0x00, 0x00, 0x08, 0x2A,
    0x00, 0x0D, 0x7B, 0xDE, 0x00, 0x0D, 0x00, 0x00, 0x00, 0x2B, 0x00, 0x00, 0x00, 0x2B, 0x00, 0x00,
    0x00, 0x2B, 0x00, 0x00, 0x00, 0x0C, 0x00, 0x00, 0x00, 0x0C, 0x00, 0x00, 0x00, 0x2B, 0x00, 0x00,
    0x00, 0x0B, 0x00, 0x00, 0x00, 0x2B, 0x00, 0x00, 0x00, 0x0B, 0x00, 0x00, 0x00, 0x0C, 0x00, 0x00,
    0x00, 0x0C, 0x00, 0x00, 0x00, 0x0C, 0x00, 0x00, 0x00, 0x0C, 0x00, 0x00, 0x00, 0x0C, 0x00, 0x00,
    0x08, 0x2A, 0x00, 0x00, 0x00, 0x2B, 0x00, 0x00, 0x00, 0x0C, 0x00, 0x00, 0x00, 0x2B, 0x00, 0x00,
    0x08, 0x2A, 0x00, 0x00, 0x00, 0x0C, 0x00, 0x00, 0x00, 0x0C, 0x00, 0x00, 0x00, 0x0C, 0x00, 0x00,
    0x00, 0x0C, 0x00, 0x00, 0x00, 0x2B, 0x00, 0x00, 0x00, 0x2B, 0x00, 0x00, 0x00, 0x0C, 0x00, 0x00,
    0x08, 0x2A, 0x00, 0x00, 0x08, 0x2A, 0x00, 0x00, 0x00, 0x0C, 0x00, 0x00, 0x00, 0x0C, 0x00, 0x00,
    0x00, 0x0C, 0x00, 0x00, 0x08, 0x2A, 0x00, 0x00, 0x00, 0x2B, 0x00, 0x00, 0x00, 0x0D, 0x00, 0x00,
    0x00, 0x0D, 0x00, 0x00, 0x00, 0x2B, 0x00, 0x00, 0x00, 0x2B, 0x00, 0x00, 0x00, 0x2B, 0x00, 0x00,
    0x00, 0x0C, 0x00, 0x00, 0x00, 0x0C, 0x00, 0x00, 0x00, 0x2B, 0x00, 0x00, 0x00, 0x0B, 0x00, 0x00,
    0x00, 0x2B, 0x00, 0x00, 0x00, 0x0B, 0x00, 0x00, 0x00, 0x0C, 0x00, 0x00, 0x00, 0x0C, 0x00, 0x00,
    0x00, 0x0C, 0x00, 0x00, 0x00, 0x0C, 0x00, 0x00, 0x00, 0x0C, 0x00, 0x00, 0x08, 0x2A, 0x00, 0x00,
    0x00, 0x2B, 0x00, 0x00, 0x00, 0x0C, 0x00, 0x00, 0x00, 0x2B, 0x00, 0x00, 0x08, 0x2A, 0x00, 0x00,
    0x00, 0x0C, 0x00, 0x00, 0x00, 0x0C, 0x00, 0x00, 0x00, 0x0C, 0x00, 0x00, 0x00, 0x0C, 0x00, 0x00,
    0x00, 0x2B, 0x00, 0x00, 0x00, 0x2B, 0x00, 0x00, 0x00, 0x0C, 0x00, 0x00, 0x08, 0x2A, 0x00, 0x00,
    0x08, 0x2A, 0x00, 0x00, 0x00, 0x0C, 0x00, 0x00, 0x00, 0x0C, 0x00, 0x00, 0x00, 0x0C, 0x00, 0x00,
    0x08, 0x2A, 0x00, 0x00, 0x00, 0x2B, 0x00, 0x00, 0x00, 0x0D, 0x00, 0x00, 0x00, 0x0D, 0x00, 0x00,
    0x00, 0x2B, 0x00, 0x00, 0x00, 0x2B, 0x00, 0x00, 0x00, 0x2B, 0x00, 0x00, 0x00, 0x0C, 0x00, 0x00,
    0x00, 0x0C, 0x00, 0x00, 0x00, 0x2B, 0x00, 0x00, 0x00, 0x0B, 0x00, 0x00, 0x00, 0x2B, 0x00, 0x00,
    0x00, 0x0B, 0x00, 0x00, 0x00, 0x0C, 0x00, 0x00, 0x00, 0x0C, 0x00, 0x00, 0x00, 0x0C, 0x00, 0x00,
    0x00, 0x0C, 0x00, 0x00, 0x00, 0x0C, 0x00, 0x00, 0x08, 0x2A, 0x00, 0x00, 0x00, 0x2B, 0x00, 0x00,
    0x00, 0x0C, 0x00, 0x00, 0x00, 0x2B, 0x00, 0x00, 0x08, 0x2A, 0x00, 0x00, 0x00, 0x0C, 0x00, 0x00,
    0x00, 0x0C, 0x00, 0x00, 0x00, 0x0C, 0x00, 0x00, 0x00, 0x0C, 0x00, 0x00, 0x00, 0x2B, 0x00, 0x00,
    0x00, 0x2B, 0x00, 0x00, 0x00, 0x0C, 0x00, 0x00, 0x08, 0x2A, 0x00, 0x00, 0x08, 0x2A, 0x00, 0x00,
    0x00, 0x0C, 0x00, 0x00, 0x00, 0x0C, 0x00, 0x00, 0x00, 0x0C, 0x00, 0x00, 0x08, 0x2A, 0x00, 0x00,
    0x00, 0x2B, 0x00, 0x00, 0x00, 0x0D, 0x00, 0x00, 0x00, 0x0D, 0x00, 0x00, 0x00, 0x2B, 0x00, 0x00,
    0x00, 0x2B, 0x00, 0x00, 0x00, 0x2B, 0x00, 0x00, 0x00, 0x0C, 0x00, 0x00, 0x00, 0x0C, 0x00, 0x00,
    0x00, 0x2B, 0x00, 0x00, 0x00, 0x0B, 0x00, 0x00, 0x00, 0x2B, 0x00, 0x00, 0x00, 0x0B, 0x00, 0x00,
    0x00, 0x0C, 0x00, 0x00, 0x00, 0x0C, 0x00, 0x00, 0x00, 0x0C, 0x00, 0x00, 0x00, 0x0C, 0x00, 0x00,
    0x00, 0x0C, 0x00, 0x00, 0x08, 0x2A, 0x00, 0x00, 0x00, 0x2B, 0x00, 0x00, 0x00, 0x0C, 0x00, 0x00,
    0x00, 0x2B, 0x00, 0x00, 0x08, 0x2A, 0x00, 0x00, 0x00, 0x0C, 0x00, 0x00, 0x00, 0x0C, 0x00, 0x00,
    0x00, 0x0C, 0x00, 0x00, 0x00, 0x0C, 0x00, 0x00, 0x00, 0x2B, 0x00, 0x00, 0x00, 0x2B, 0x00, 0x00,
    0x00, 0x0C, 0x00, 0x00, 0x08, 0x2A, 0x00, 0x00, 0x08, 0x2A, 0x00, 0x00, 0x00, 0x0C, 0x00, 0x00,
    0x00, 0x0C, 0x00, 0x00, 0x00, 0x0C, 0x00, 0x00, 0x08, 0x2A, 0x00, 0x00, 0x00, 0x2B, 0x00, 0x00,
    0x00, 0x0D, 0x00, 0x00, 0x00, 0x0D, 0x00, 0x00, 0x00, 0x2B, 0x00, 0x00, 0x00, 0x2B, 0x00, 0x00,
    0x00, 0x2B, 0x00, 0x00, 0x00, 0x0C, 0x00, 0x00, 0x00, 0x0C, 0x00, 0x00, 0x00, 0x2B, 0x00, 0x00,
    0x00, 0x0B, 0x00, 0x00, 0x00, 0x2B, 0x00, 0x00, 0x00, 0x0B, 0x00, 0x00, 0x00, 0x0C, 0x00, 0x00,
    0x00, 0x0C, 0x00, 0x00, 0x00, 0x0C, 0x00, 0x00, 0x00, 0x0C, 0x00, 0x00, 0x00, 0x0C, 0x00, 0x00,
    0x08, 0x2A, 0x00, 0x00, 0x00, 0x2B, 0x00, 0x00, 0x00, 0x0C, 0x00, 0x00, 0x00, 0x2B, 0x00, 0x00,
    0xBD, 0xDE, 0x00, 0x0D, 0x00, 0x00, 0x00, 0x0C, 0x00, 0x00, 0x00, 0x2B, 0x00, 0x00, 0x00, 0x2B,
    0x00, 0x00, 0x00, 0x2B, 0x00, 0x00, 0x00, 0x0C, 0x00, 0x00, 0x00, 0x0B, 0x00, 0x00, 0x00, 0x2B,
    0x00, 0x00, 0x00, 0x0C, 0x00, 0x00, 0x00, 0x2B, 0x00, 0x00, 0x00, 0x2B, 0x00, 0x00, 0x00, 0x2B,
    0x00, 0x00, 0x00, 0x0C, 0x00, 0x00, 0x00, 0x0C, 0x00, 0x00, 0x00, 0x0E, 0x00, 0x00, 0x00, 0x0D,
    0x00, 0x00, 0x00, 0x2B, 0x00, 0x00, 0x00, 0x0C, 0x00, 0x00, 0x00, 0x0D, 0x00, 0x00, 0x00, 0x2A,
    0x00, 0x00, 0x08, 0x2A, 0x00, 0x00, 0x00, 0x0C, 0x00, 0x00, 0x00, 0x0C, 0x00, 0x00, 0x00, 0x0C,
    0x00, 0x00, 0x00, 0x0C, 0x00, 0x00, 0x00, 0x0C, 0x00, 0x00, 0x00, 0x0C, 0x00, 0x00, 0x00, 0x0C,
    0x00, 0x00, 0x08, 0x2A, 0x00, 0x00, 0x00, 0x0C, 0x00, 0x00, 0x00, 0x0C, 0x00, 0x00, 0x00, 0x0D,
    0x00, 0x00, 0x00, 0x0C, 0x00, 0x00, 0x08, 0x2A, 0x00, 0x00, 0x00, 0x0B, 0x00, 0x00, 0x00, 0x0D,
    0x00, 0x00, 0x00, 0x0C, 0x00, 0x00, 0x00, 0x2B, 0x00, 0x00, 0x00, 0x2B, 0x00, 0x00, 0x00, 0x2B,
    0x00, 0x00, 0x00, 0x0C, 0x00, 0x00, 0x00, 0x0B, 0x00, 0x00, 0x00, 0x2B, 0x00, 0x00, 0x00, 0x0C,
    0x00, 0x00, 0x00, 0x2B, 0x00, 0x00, 0x00, 0x2B, 0x00, 0x00, 0x00, 0x2B, 0x00, 0x00, 0x00, 0x0C,
    0x00, 0x00, 0x00, 0x0C, 0x00, 0x00, 0x00, 0x0E, 0x00, 0x00, 0x00, 0x0D, 0x00, 0x00, 0x00, 0x2B,
    0x00, 0x00, 0x00, 0x0C, 0x00, 0x00, 0x00, 0x0D, 0x00, 0x00, 0x00, 0x2A, 0x00, 0x00, 0x08, 0x2A,
    0x00, 0x00, 0x00, 0x0C, 0x00, 0x00, 0x00, 0x0C, 0x00, 0x00, 0x00, 0x0C, 0x00, 0x00, 0x00, 0x0C,
    0x00, 0x00, 0x00, 0x0C, 0x00, 0x00, 0x00, 0x0C, 0x00, 0x00, 0x00, 0x0C, 0x00, 0x00, 0x08, 0x2A,
    0x00, 0x00, 0x00, 0x0C, 0x00, 0x00, 0x00, 0x0C, 0x00, 0x00, 0x00, 0x0D, 0x00, 0x00, 0x00, 0x0C,
    0x00, 0x00, 0x08, 0x2A, 0x00, 0x00, 0x00, 0x0B, 0x00, 0x00, 0x00, 0x0D, 0x00, 0x00, 0x00, 0x0C,
    0x00, 0x00, 0x00, 0x2B, 0x00, 0x00, 0x00, 0x2B, 0x00, 0x00, 0x00, 0x2B, 0x00, 0x00, 0x00, 0x0C,
    0x00, 0x00, 0x00, 0x0B, 0x00, 0x00, 0x00, 0x2B, 0x00, 0x00, 0x00, 0x0C, 0x00, 0x00, 0x00, 0x2B,
    0x00, 0x00, 0x00, 0x2B, 0x00, 0x00, 0x00, 0x2B, 0x00, 0x00, 0x00, 0x0C, 0x00, 0x00, 0x00, 0x0C,
    0x00, 0x00, 0x00, 0x0E, 0x00, 0x00, 0x00, 0x0D, 0x00, 0x00, 0x00, 0x2B, 0x00, 0x00, 0x00, 0x0C,
    0x00, 0x00, 0x00, 0x0D, 0x00, 0x00, 0x00, 0x2A, 0x00, 0x00, 0x08, 0x2A, 0x00, 0x00, 0x00, 0x0C,
    0x00, 0x00, 0x00, 0x0C, 0x00, 0x00, 0x00, 0x0C, 0x00, 0x00, 0x00, 0x0C, 0x00, 0x00, 0x00, 0x0C,
    0x00, 0x00, 0x00, 0x0C, 0x00, 0x00, 0x00, 0x0C, 0x00, 0x00, 0x08, 0x2A, 0x00, 0x00, 0x00, 0x0C,
    0x00, 0x00, 0x00, 0x0C, 0x00, 0x00, 0x00, 0x0D, 0x00, 0x00, 0x00, 0x0C, 0x00, 0x00, 0x08, 0x2A,
    0x00, 0x00, 0x00, 0x0B, 0x00, 0x00, 0x00, 0x0D, 0x00, 0x00, 0x00, 0x0C, 0x00, 0x00, 0x00, 0x2B,
    0x00, 0x00, 0x00, 0x2B, 0x00, 0x00, 0x00, 0x2B, 0x00, 0x00, 0x00, 0x0C, 0x00, 0x00, 0x00, 0x0B,
    0x00, 0x00, 0x00, 0x2B, 0x00, 0x00, 0x00, 0x0C, 0x00, 0x00, 0x00, 0x2B, 0x00, 0x00, 0x00, 0x2B,
    0x00, 0x00, 0x00, 0x2B, 0x00, 0x00, 0x00, 0x0C, 0x00, 0x00, 0x00, 0x0C, 0x00, 0x00, 0x00, 0x0E,
    0x00, 0x00, 0x00, 0x0D, 0x00, 0x00, 0x00, 0x2B, 0x00, 0x00, 0x00, 0x0C, 0x00, 0x00, 0x00, 0x0D,
    0x00, 0x00, 0x00, 0x2A, 0x00, 0x00, 0x08, 0x2A, 0x00, 0x00, 0x00, 0x0C, 0x00, 0x00, 0x00, 0x0C,
    0x00, 0x00, 0x00, 0x0C, 0x00, 0x00, 0x00, 0x0C, 0x00, 0x00, 0x00, 0x0C, 0x00, 0x00, 0x00, 0x0C,
    0x00, 0x00, 0x00, 0x0C, 0x00, 0x00, 0x08, 0x2A, 0x00, 0x00, 0x00, 0x0C, 0x00, 0x00, 0x00, 0x0C,
    0x00, 0x00, 0x00, 0x0D, 0x00, 0x00, 0x00, 0x0C, 0x00, 0x00, 0x08, 0x2A, 0x00, 0x00, 0x00, 0x0B,
    0x00, 0x00, 0x00, 0x0D, 0x00, 0x00, 0x00, 0x0C, 0x00, 0x00, 0x00, 0x2B, 0x00, 0x00, 0x00, 0x2B,
    0x00, 0x00, 0x00, 0x2B, 0x00, 0x00, 0x00, 0x0C, 0x00, 0x00, 0x00, 0x0B, 0x00, 0x00, 0x00, 0x2B,
    0x00, 0x00, 0x00, 0x0C, 0x00, 0x00, 0x00, 0x2B, 0x00, 0x00, 0x00, 0x2B, 0x00, 0x00, 0x00, 0x2B,
    0x00, 0x00, 0x00, 0x0C, 0x00, 0x00, 0x00, 0x0C, 0x00, 0x00, 0x00, 0x0E, 0x00, 0x00, 0x00, 0x0D,
    0x00, 0x00, 0x00, 0x2B, 0x00, 0x00, 0x00, 0x0C, 0x00, 0x00, 0x00, 0x0D, 0x00, 0x00, 0x00, 0x2A,
    0x00, 0x2B, 0x00, 0x00, 0x00, 0x2B, 0x00, 0x00, 0x00, 0x2B, 0x00, 0x00, 0x00, 0x2B, 0x00, 0x00,
    0x08, 0x2A, 0x00, 0x00, 0x08, 0x2A, 0x00, 0x00, 0x00, 0x0B, 0x00, 0x00, 0x00, 0x0B, 0x00, 0x00,
    0x00, 0x0C, 0x00, 0x00, 0x00, 0x0D, 0x00, 0x00, 0x00, 0x2B, 0x00, 0x00, 0x08, 0x2A, 0x00, 0x00,
    0x00, 0x0B, 0x00, 0x00, 0x00, 0x0C, 0x00, 0x00, 0x00, 0x0D, 0x00, 0x00, 0x00, 0x0E, 0x00, 0x00,
    0x00, 0x0C, 0x00, 0x00, 0x00, 0x0B, 0x00, 0x00, 0x00, 0x0D, 0x00, 0x00, 0x00, 0x0D, 0x00, 0x00,
    0x08, 0x2A, 0x00, 0x00, 0x08, 0x2A, 0x00, 0x00, 0x00, 0x0C, 0x00, 0x00, 0x00, 0x0C, 0x00, 0x00,
    0x00, 0x0C, 0x00, 0x00, 0x00, 0x0C, 0x00, 0x00, 0x00, 0x0C, 0x00, 0x00, 0x00, 0x0D, 0x00, 0x00,
    0x00, 0x0C, 0x00, 0x00, 0x00, 0x0C, 0x00, 0x00, 0x00, 0x0C, 0x00, 0x00, 0x00, 0x0C, 0x00, 0x00,
    0x00, 0x0E, 0x00, 0x00, 0x00, 0x0C, 0x00, 0x00, 0x00, 0x2B, 0x00, 0x00, 0x00, 0x2B, 0x00, 0x00,
    0x00, 0x2B, 0x00, 0x00, 0x00, 0x2B, 0x00, 0x00, 0x00, 0x2B, 0x00, 0x00, 0x08, 0x2A, 0x00, 0x00,
    0x08, 0x2A, 0x00, 0x00, 0x00, 0x0B, 0x00, 0x00, 0x00, 0x0B, 0x00, 0x00, 0x00, 0x0C, 0x00, 0x00,
    0x00, 0x0D, 0x00, 0x00, 0x00, 0x2B, 0x00, 0x00, 0x08, 0x2A, 0x00, 0x00, 0x00, 0x0B, 0x00, 0x00,
    0x00, 0x0C, 0x00, 0x00, 0x00, 0x0D, 0x00, 0x00, 0x00, 0x0E, 0x00, 0x00, 0x00, 0x0C, 0x00, 0x00,
    0x00, 0x0B, 0x00, 0x00, 0x00, 0x0D, 0x00, 0x00, 0x00, 0x0D, 0x00, 0x00, 0x08, 0x2A, 0x00, 0x00,
    0x08, 0x2A, 0x00, 0x00, 0x00, 0x0C, 0x00, 0x00, 0x00, 0x0C, 0x00, 0x00, 0x00, 0x0C, 0x00, 0x00,
    0x00, 0x0C, 0x00, 0x00, 0x00, 0x0C, 0x00, 0x00, 0x00, 0x0D, 0x00, 0x00, 0x00, 0x0C, 0x00, 0x00,
    0x00, 0x0C, 0x00, 0x00, 0x00, 0x0C, 0x00, 0x00, 0x00, 0x0C, 0x00, 0x00, 0x00, 0x0E, 0x00, 0x00,
    0x00, 0x0C, 0x00, 0x00, 0x00, 0x2B, 0x00, 0x00, 0x00, 0x2B, 0x00, 0x00, 0x00, 0x2B, 0x00, 0x00,
    0x00, 0x2B, 0x00, 0x00, 0x00, 0x2B, 0x00, 0x00, 0x08, 0x2A, 0x00, 0x00, 0x08, 0x2A, 0x00, 0x00,
    0x00, 0x0B, 0x00, 0x00, 0x00, 0x0B, 0x00, 0x00, 0x00, 0x0C, 0x00, 0x00, 0x00, 0x0D, 0x00, 0x00,
    0x00, 0x2B, 0x00, 0x00, 0x08, 0x2A, 0x00, 0x00, 0x00, 0x0B, 0x00, 0x00, 0x00, 0x0C, 0x00, 0x00,
    0x00, 0x0D, 0x00, 0x00, 0x00, 0x0E, 0x00, 0x00, 0x00, 0x0C, 0x00, 0x00, 0x00, 0x0B, 0x00, 0x00,
    0x00, 0x0D, 0x00, 0x00, 0x00, 0x0D, 0x00, 0x00, 0x08, 0x2A, 0x00, 0x00, 0x08, 0x2A, 0x00, 0x00,
    0x00, 0x0C, 0x00, 0x00, 0x00, 0x0C, 0x00, 0x00, 0x00, 0x0C, 0x00, 0x00, 0x00, 0x0C, 0x00, 0x00,
    0x00, 0x0C, 0x00, 0x00, 0x00, 0x0D, 0x00, 0x00, 0x00, 0x0C, 0x00, 0x00, 0x00, 0x0C, 0x00, 0x00,
    0x00, 0x0C, 0x00, 0x00, 0x00, 0x0C, 0x00, 0x00, 0x00, 0x0E, 0x00, 0x00, 0x00, 0x0C, 0x00, 0x00,
    0x00, 0x2B, 0x00, 0x00, 0x00, 0x2B, 0x00, 0x00, 0x00, 0x2B, 0x00, 0x00, 0x00, 0x2B, 0x00, 0x00,
    0x00, 0x2B, 0x00, 0x00, 0x08, 0x2A, 0x00, 0x00, 0x08, 0x2A, 0x00, 0x00, 0x00, 0x0B, 0x00, 0x00,
    0x00, 0x0B, 0x00, 0x00, 0x00, 0x0C, 0x00, 0x00, 0x00, 0x0D, 0x00, 0x00, 0x00, 0x2B, 0x00, 0x00,
    0x08, 0x2A, 0x00, 0x00, 0x00, 0x0B, 0x00, 0x00, 0x00, 0x0C, 0x00, 0x00, 0x00, 0x0D, 0x00, 0x00,
    0x00, 0x0E, 0x00, 0x00, 0x00, 0x0C, 0x00, 0x00, 0x00, 0x0B, 0x00, 0x00, 0x00, 0x0D, 0x00, 0x00,
    0x00, 0x0D, 0x00, 0x00, 0x08, 0x2A, 0x00, 0x00, 0x08, 0x2A, 0x00, 0x00, 0x00, 0x0C, 0x00, 0x00,
    0x00, 0x0C, 0x00, 0x00, 0x00, 0x0C, 0x00, 0x00, 0x00, 0x0C, 0x00, 0x00, 0x00, 0x0C, 0x00, 0x00,
    0x00, 0x0D, 0x00, 0x00, 0x00, 0x0C, 0x00, 0x00, 0x00, 0x0C, 0x00, 0x00, 0x00, 0x0C, 0x00, 0x00,
    0x00, 0x0C, 0x00, 0x00, 0x00, 0x0E, 0x00, 0x00, 0x00, 0x0C, 0x00, 0x00, 0x00, 0x2B, 0x00, 0x00,
    0x00, 0x2B, 0x00, 0x00, 0x00, 0x2B, 0x00, 0x00, 0x00, 0x2B, 0x00, 0x00, 0x00, 0x2B, 0x00, 0x00,
    0x08, 0x2A, 0x00, 0x00, 0x08, 0x2A, 0x00, 0x00, 0x00, 0x0B, 0x00, 0x00, 0x00, 0x0B, 0x00, 0x00,
    0x00, 0x0C, 0x00, 0x00, 0x00, 0x0D, 0x00, 0x00, 0x00, 0x2B, 0x00, 0x00, 0x08, 0x2A, 0x00, 0x00,
    0x00, 0x0B, 0x00, 0x00, 0x00, 0x0C, 0x00, 0x00, 0x00, 0x0D, 0x00, 0x00, 0x00, 0x0E, 0x00, 0x00,
    0x00, 0x0C, 0x00, 0x00, 0x00, 0x0B, 0x00, 0x00, 0x00, 0x0D, 0x00, 0x00, 0x00, 0x0D, 0x00, 0x00
};
