// Generated from: easy1.png
// Format: RGB565_BE
// Original size: 242x35 = 16940 bytes

const uint16_t easy1_width = 242;
const uint16_t easy1_height = 35;

const uint8_t easy1_data[] PROGMEM = {
    0x00, 0x5F, 0x00, 0x5F, 0x00, 0x5F, 0x00, 0x5F, 0x00, 0x5F, 0x00, 0x5F, 0x00, 0x5F, 0x00, 0x5F,
    0x00, 0x5F, 0x00, 0x5F, 0x00, 0x5F, 0x00, 0x5F, 0x00, 0x5F, 0x00, 0x5F, 0x00, 0x5F, 0x00, 0x5F,
    0x00, 0x5F, 0x00, 0x5F, 0x00, 0x5F, 0x00, 0x5F, 0x00, 0x5F, 0x00, 0x5F, 0x00, 0x5F, 0x00, 0x5F,
    0x00, 0x5F, 0x00, 0x5F, 0x00, 0x5F, 0x00, 0x5F, 0x00, 0x5F, 0x00, 0x5F, 0x00, 0x5F, 0x00, 0x5F,
    0x00, 0x5F, 0x00, 0x5F, 0x00, 0x5F, 0x00, 0x5F, 0x00, 0x5F, 0x00, 0x5F, 0x00, 0x5F, 0x00, 0x5F,
    0x00, 0x5F, 0x00, 0x5F, 0x00, 0x5F, 0x00, 0x5F, 0x00, 0x5F, 0x00, 0x5F, 0x00, 0x5F, 0x00, 0x5F,
    0x00, 0x5F, 0x00, 0x5F, 0x00, 0x5F, 0x00, 0x5F, 0x00, 0x5F, 0x00, 0x5F, 0x00, 0x5F, 0x00, 0x5F,
    0x00, 0x5F, 0x00, 0x5F, 0x00, 0x5F, 0x00, 0x5F, 0x00, 0x5F, 0x00, 0x5F, 0x00, 0x5F, 0x00, 0x5F,
    0x00, 0x5F, 0x00, 0x5F, 0x00, 0x5F, 0x00, 0x5F, 0x00, 0x5F, 0x00, 0x5F, 0x00, 0x5F, 0x00, 0x5F,
    0x00, 0x5F, 0x00, 0x5F, 0x00, 0x5F, 0x00, 0x5F, 0x00, 0x5F, 0x00, 0x5F, 0x00, 0x5F, 0x00, 0x5F,
    0x00, 0x5F, 0x00, 0x5F, 0x00, 0x5F, 0x00, 0x5F, 0x00, 0x5F, 0x00, 0x5F, 0x00, 0x5F, 0x00, 0x5F,
    0x00, 0x5F, 0x00, 0x5F, 0x00, 0x5F, 0x00, 0x5F, 0x00, 0x5F, 0x00, 0x5F, 0x00, 0x5F, 0x00, 0x5F,
    0x00, 0x5F, 0x00, 0x5F, 0x00, 0x5F, 0x00, 0x5F, 0x00, 0x5F, 0x00, 0x5F, 0x00, 0x5F, 0x00, 0x5F,
    0x00, 0x5F, 0x00, 0x5F, 0x00, 0x5F, 0x00, 0x5F, 0x00, 0x5F, 0x00, 0x5F, 0x00, 0x5F, 0x00, 0x5F,
    0x00, 0x5F, 0x00, 0x5F, 0x00, 0x5F, 0x00, 0x5F, 0x00, 0x5F, 0x00, 0x5F, 0x00, 0x5F, 0x00, 0x5F,
    0x00, 0x5F, 0x00, 0x5F, 0x00, 0x5F, 0x00, 0x5F, 0x00, 0x5F, 0x00, 0x5F, 0x00, 0x5F, 0x00, 0x5F,
    0x00, 0x5F, 0x00, 0x5F, 0x00, 0x5F, 0x00, 0x5F, 0x00, 0x5F, 0x00, 0x5F, 0x00, 0x5F, 0x00, 0x5F,
    0x00, 0x5F, 0x00, 0x5F, 0x00, 0x5F, 0x00, 0x5F, 0x00, 0x5F, 0x00, 0x5F, 0x00, 0x5F, 0x00, 0x5F,
    0x00, 0x5F, 0x00, 0x5F, 0x00, 0x5F, 0x00, 0x5F, 0x00, 0x5F, 0x00, 0x5F, 0x00, 0x5F, 0x00, 0x5F,
    0x00, 0x5F, 0x00, 0x5F, 0x00, 0x5F, 0x00, 0x5F, 0x00, 0x5F, 0x00, 0x5F, 0x00, 0x5F, 0x00, 0x5F,
    0x00, 0x5F, 0x00, 0x5F, 0x00, 0x5F, 0x00, 0x5F, 0x00, 0x5F, 0x00, 0x5F, 0x00, 0x5F, 0x00, 0x5F,
    0x00, 0x5F, 0x00, 0x5F, 0x00, 0x5F, 0x00, 0x5F, 0x00, 0x5F, 0x00, 0x5F, 0x00, 0x5F, 0x00, 0x5F,
    0x00, 0x5F, 0x00, 0x5F, 0x00, 0x5F, 0x00, 0x5F, 0x00, 0x5F, 0x00, 0x5F, 0x00, 0x5F, 0x00, 0x5F,
    0x00, 0x5F, 0x00, 0x5F, 0x00, 0x5F, 0x00, 0x5F, 0x00, 0x5F, 0x00, 0x5F, 0x00, 0x5F, 0x00, 0x5F,
    0x00, 0x5F, 0x00, 0x5F, 0x00, 0x5F, 0x00, 0x5F, 0x00, 0x5F, 0x00, 0x5F, 0x00, 0x5F, 0x00, 0x5F,
    0x00, 0x5F, 0x00, 0x5F, 0x00, 0x5F, 0x00, 0x5F, 0x00, 0x5F, 0x00, 0x5F, 0x00, 0x5F, 0x00, 0x5F,
    0x00, 0x5F, 0x00, 0x5F, 0x00, 0x5F, 0x00, 0x5F, 0x00, 0x5F, 0x00, 0x5F, 0x00, 0x5F, 0x00, 0x5F,
    0x00, 0x5F, 0x00, 0x5F, 0x00, 0x5F, 0x00, 0x5F, 0x00, 0x5F, 0x00, 0x5F, 0x00, 0x5F, 0x00, 0x5F,
    0x00, 0x5F, 0x00, 0x5F, 0x00, 0x5F, 0x00, 0x5F, 0x00, 0x5F, 0x00, 0x5F, 0x00, 0x5F, 0x00, 0x5F,
    0x00, 0x5F, 0x00, 0x5F, 0x00, 0x5F, 0x00, 0x5F, 0x00, 0x5F, 0x00, 0x5F, 0x00, 0x5F, 0x00, 0x5F,
    0x00, 0x5F, 0x00, 0x5F, 0x00, 0x5F, 0x00, 0x5F, 0x00, 0x5F, 0x00, 0x5F, 0x00, 0x5F, 0x00, 0x5F,
    0x00, 0x5F, 0x00, 0x5F, 0x00, 0x5F, 0x00, 0x5F, 0x00, 0x5F, 0x00, 0x5F, 0x00, 0x5F, 0x00, 0x5F,
    0x00, 0x5F, 0x00, 0x5F, 0x00, 0x5F, 0x00, 0x5F, 0x00, 0x5F, 0x00, 0x5F, 0x00, 0x5F, 0x00, 0x5F,
    0x00, 0x5F, 0x00, 0x5F, 0x00, 0x5F, 0x00, 0x5F, 0x00, 0x5F, 0x00, 0x5F, 0x00, 0x5F, 0x00, 0x5F,
    0x00, 0x5F, 0x00, 0x5F, 0x00, 0x5F, 0x00, 0x5F, 0x00, 0x5F, 0x00, 0x5F, 0x00, 0x5F, 0x00, 0x5F,
    0x00, 0x5F, 0x00, 0x5F, 0x00, 0x5F, 0x00, 0x5F, 0x00, 0x5F, 0x00, 0x5F, 0x00, 0x5F, 0x00, 0x5F,
    0x00, 0x5F, 0x00, 0x5F, 0x00, 0x5F, 0x00, 0x5F, 0x00, 0x5F, 0x00, 0x5F, 0x00, 0x5F, 0x00, 0x5F,
    0x00, 0x5F, 0x00, 0x5F, 0x00, 0x5F, 0x00, 0x5F, 0x00, 0x5F, 0x00, 0x5F, 0x00, 0x5F, 0x00, 0x5F,
    0x00, 0x5F, 0x00, 0x5F, 0x00, 0x5F, 0x00, 0x5F, 0x00, 0x5F, 0x00, 0x5F, 0x00, 0x5F, 0x00, 0x5F,
    0x00, 0x5F, 0x00, 0x5F, 0x00, 0x5F, 0x00, 0x5F, 0x00, 0x5F, 0x00, 0x5F, 0x00, 0x5F, 0x00, 0x5F,
    0x00, 0x5F, 0x00, 0x5F, 0x00, 0x5F, 0x00, 0x5F, 0x00, 0x5F, 0x00, 0x5F, 0x00, 0x5F, 0x00, 0x5F,
    0x00, 0x5F, 0x00, 0x5F, 0x00, 0x5F, 0x00, 0x5F, 0x00, 0x5F, 0x00, 0x5F, 0x00, 0x5F, 0x00, 0x5F,
    0x00, 0x5F, 0x00, 0x5F, 0x00, 0x5F, 0x00, 0x5F, 0x00, 0x5F, 0x00, 0x5F, 0x00, 0x5F, 0x00, 0x5F,
    0x00, 0x5F, 0x00, 0x5F, 0x00, 0x5F, 0x00, 0x5F, 0x00, 0x5F, 0x00, 0x5F, 0x00, 0x5F, 0x00, 0x5F,
    0x00, 0x5F, 0x00, 0x5F, 0x00, 0x5F, 0x00, 0x5F, 0x00, 0x5F, 0x00, 0x5F, 0x00, 0x5F, 0x00, 0x5F,
    0x00, 0x5F, 0x00, 0x5F, 0x00, 0x5F, 0x00, 0x5F, 0x00, 0x5F, 0x00, 0x5F, 0x00, 0x5F, 0x00, 0x5F,
    0x00, 0x5F, 0x00, 0x5F, 0x00, 0x5F, 0x00, 0x5F, 0x00, 0x5F, 0x00, 0x5F, 0x00, 0x5F, 0x00, 0x5F,
    0x00, 0x5F, 0x00, 0x5F, 0x00, 0x5F, 0x00, 0x5F, 0x00, 0x5F, 0x00, 0x5F, 0x00, 0x5F, 0x00, 0x5F,
    0x00, 0x5F, 0x00, 0x5F, 0x00, 0x5F, 0x00, 0x5F, 0x00, 0x5F, 0x00, 0x5F, 0x00, 0x5F, 0x00, 0x5F,
    0x00, 0x5F, 0x00, 0x5F, 0x00, 0x5F, 0x00, 0x5F, 0x00, 0x5F, 0x00, 0x5F, 0x00, 0x5F, 0x00, 0x5F,
    0x00, 0x5F, 0x00, 0x5F, 0x00, 0x5F, 0x00, 0x5F, 0x00, 0x5F, 0x00, 0x5F, 0x00, 0x5F, 0x00, 0x5F,
    0x00, 0x5F, 0x00, 0x5F, 0x00, 0x5F, 0x00, 0x5F, 0x00, 0x5F, 0x00, 0x5F, 0x00, 0x5F, 0x00, 0x5F,
    0x00, 0x5F, 0x00, 0x5F, 0x00, 0x5F, 0x00, 0x5F, 0x00, 0x5F, 0x00, 0x5F, 0x00, 0x5F, 0x00, 0x5F,
    0x00, 0x5F, 0x00, 0x5F, 0x00, 0x5F, 0x00, 0x5F, 0x00, 0x5F, 0x00, 0x5F, 0x00, 0x5F, 0x00, 0x5F,
    0x00, 0x5F, 0x00, 0x5F, 0x00, 0x5F, 0x00, 0x5F, 0x00, 0x5F, 0x00, 0x5F, 0x00, 0x5F, 0x00, 0x5F,
    0x00, 0x5F, 0x00, 0x5F, 0x00, 0x5F, 0x00, 0x5F, 0x00, 0x5F, 0x00, 0x5F, 0x00, 0x5F, 0x00, 0x5F,
    0x00, 0x5F, 0x00, 0x5F, 0x00, 0x5F, 0x00, 0x5F, 0x00, 0x5F, 0x00, 0x5F, 0x00, 0x5F, 0x00, 0x5F,
    0x00, 0x5F, 0x00, 0x5F, 0x00, 0x5F, 0x00, 0x5F, 0x00, 0x5F, 0x00, 0x5F, 0x00, 0x5F, 0x00, 0x5F,
    0x00, 0x5F, 0x00, 0x5F, 0x00, 0x5F, 0x00, 0x5F, 0x00, 0x5F, 0x00, 0x5F, 0x00, 0x5F, 0x00, 0x5F,
    0x00, 0x5F, 0x00, 0x5F, 0x00, 0x5F, 0x00, 0x5F, 0x00, 0x5F, 0x00, 0x5F, 0x00, 0x5F, 0x00, 0x5F,
    0x00, 0x5F, 0x00, 0x5F, 0x00, 0x5F, 0x00, 0x5F, 0x00, 0x5F, 0x00, 0x5F, 0x60, 0xCB, 0x71, 0x0D,
    0x71, 0x0D, 0x71, 0x0D, 0x71, 0x0D, 0x71, 0x0D, 0x71, 0x0D, 0x71, 0x0D, 0x71, 0x0D, 0x60, 0xAB,
    0x58, 0x6A, 0x50, 0x29, 0x00, 0x5F, 0x00, 0x5F, 0x00, 0x5F, 0x00, 0x5F, 0x00, 0x5F, 0x00, 0x5F,
    0x00, 0x5F, 0x00, 0x5F, 0x00, 0x5F, 0x00, 0x5F, 0x00, 0x5F, 0x00, 0x5F, 0x58, 0x6A, 0x58, 0x6A,
    0x58, 0x6A, 0x58, 0x6A, 0x00, 0x5F, 0x00, 0x5F, 0x00, 0x5F, 0x00, 0x5F, 0x00, 0x5F, 0x00, 0x5F,
    0x00, 0x5F, 0x00, 0x5F, 0x50, 0x49, 0x68, 0xEC, 0x89, 0xD1, 0x81, 0x6F, 0x68, 0xEC, 0x58, 0x6A,
    0x50, 0x49, 0x00, 0x5F, 0x00, 0x5F, 0x00, 0x5F, 0x00, 0x5F, 0x00, 0x5F, 0x50, 0x49, 0x68, 0xEC,
    0x89, 0xD1, 0x81, 0x6F, 0x68, 0xEC, 0x58, 0x6A, 0x50, 0x49, 0x00, 0x5F, 0x58, 0x6A, 0x58, 0x6A,
    0x58, 0x6A, 0x58, 0x4A, 0x00, 0x5F, 0x00, 0x5F, 0x00, 0x5F, 0x00, 0x5F, 0x00, 0x5F, 0x00, 0x5F,
    0x00, 0x5F, 0x00, 0x5F, 0x00, 0x5F, 0x00, 0x5F, 0x00, 0x5F, 0x00, 0x5F, 0x00, 0x5F, 0x00, 0x5F,
    0x00, 0x5F, 0x00, 0x5F, 0x00, 0x5F, 0x00, 0x5F, 0x00, 0x5F, 0x00, 0x5F, 0x00, 0x5F, 0x00, 0x5F,
    0x00, 0x5F, 0x00, 0x5F, 0x00, 0x5F, 0x00, 0x5F, 0x00, 0x5F, 0x00, 0x5F, 0x00, 0x5F, 0x00, 0x5F,
    0x00, 0x5F, 0x00, 0x5F, 0x00, 0x5F, 0x00, 0x5F, 0x00, 0x5F, 0x00, 0x5F, 0x00, 0x5F, 0x00, 0x5F,
    0x00, 0x5F, 0x00, 0x5F, 0x00, 0x5F, 0x50, 0x29, 0x68, 0xEC, 0x71, 0x0D, 0x71, 0x0D, 0x68, 0xEC,
    0x50, 0x29, 0x00, 0x5F, 0x00, 0x5F, 0x00, 0x5F, 0x00, 0x5F, 0x00, 0x5F, 0x00, 0x5F, 0x00, 0x5F,
    0x00, 0x5F, 0x00, 0x5F, 0x00, 0x5F, 0x00, 0x5F, 0x00, 0x5F, 0x00, 0x5F, 0x00, 0x5F, 0x00, 0x5F,
    0x00, 0x5F, 0x00, 0x5F, 0x00, 0x5F, 0x00, 0x5F, 0x00, 0x5F, 0x00, 0x5F, 0x00, 0x5F, 0x00, 0x5F,
    0x00, 0x5F, 0x00, 0x5F, 0x00, 0x5F, 0x00, 0x5F, 0x00, 0x5F, 0x00, 0x5F, 0x00, 0x5F, 0x00, 0x5F,
    0x00, 0x5F, 0x00, 0x5F, 0x00, 0x5F, 0x00, 0x5F, 0x00, 0x5F, 0x00, 0x5F, 0x00, 0x5F, 0x00, 0x5F,
    0x00, 0x5F, 0x00, 0x5F, 0x00, 0x5F, 0x00, 0x5F, 0x00, 0x5F, 0x00, 0x5F, 0x00, 0x5F, 0x00, 0x5F,
    0x00, 0x5F, 0x00, 0x5F, 0x00, 0x5F, 0x00, 0x5F, 0x00, 0x5F, 0x00, 0x5F, 0x00, 0x5F, 0x60, 0xCB,
    0x71, 0x0D, 0x71, 0x0D, 0x71, 0x0D, 0x71, 0x0D, 0x71, 0x0D, 0x71, 0x0D, 0x71, 0x0D, 0x71, 0x0D,
    0x71, 0x0D, 0x71, 0x0D, 0x71, 0x0D, 0x71, 0x0D, 0x71, 0x0D, 0x71, 0x0D, 0x68, 0xEC, 0x50, 0x49,
    0x00, 0x5F, 0x00, 0x5F, 0x00, 0x5F, 0x00, 0x5F, 0x00, 0x5F, 0x00, 0x5F, 0x00, 0x5F, 0x00, 0x5F,
    0x00, 0x5F, 0x00, 0x5F, 0x00, 0x5F, 0x00, 0x5F, 0x00, 0x5F, 0x00, 0x5F, 0x00, 0x5F, 0x00, 0x5F,
    0x00, 0x5F, 0x00, 0x5F, 0x00, 0x5F, 0x00, 0x5F, 0x00, 0x5F, 0x00, 0x5F, 0x00, 0x5F, 0x00, 0x5F,
    0x00, 0x5F, 0x00, 0x5F, 0x00, 0x5F, 0x00, 0x5F, 0x00, 0x5F, 0x00, 0x5F, 0x00, 0x5F, 0x00, 0x5F,
    0x00, 0x5F, 0x00, 0x5F, 0x00, 0x5F, 0x00, 0x5F, 0x00, 0x5F, 0x00, 0x5F, 0x00, 0x5F, 0x00, 0x5F,
    0x00, 0x5F, 0x00, 0x5F, 0x00, 0x5F, 0x00, 0x5F, 0x00, 0x5F, 0x00, 0x5F, 0x00, 0x5F, 0x00, 0x5F,
    0x00, 0x5F, 0x00, 0x5F, 0x00, 0x5F, 0x00, 0x5F, 0x00, 0x5F, 0x00, 0x5F, 0x00, 0x5F, 0x00, 0x5F,
    0x00, 0x5F, 0x00, 0x5F, 0x00, 0x5F, 0x00, 0x5F, 0x00, 0x5F, 0x00, 0x5F, 0x00, 0x5F, 0x60, 0xCB,
    0xEC, 0x1C, 0xF4, 0x5E, 0xF4, 0x5E, 0xF4, 0x7E, 0xF4, 0x7E, 0xF4, 0x7E, 0xF4, 0x9E, 0xF4, 0x9E,
    0xF4, 0xBD, 0xF4, 0x9D, 0xE3, 0xFC, 0xD3, 0x79, 0xA2, 0x74, 0x68, 0xEC, 0x50, 0x29, 0x00, 0x5F,
    0x00, 0x5F, 0x00, 0x5F, 0x00, 0x5F, 0x00, 0x5F, 0x00, 0x5F, 0x00, 0x5F, 0x00, 0x5F, 0x71, 0x2D,
    0xE4, 0x1B, 0xEC, 0x5C, 0xEB, 0xFC, 0xE3, 0xFB, 0x71, 0x2D, 0x00, 0x5F, 0x00, 0x5F, 0x00, 0x5F,
    0x00, 0x5F, 0x00, 0x5F, 0x60, 0xAB, 0xA2, 0x53, 0xDC, 0x1B, 0xF4, 0x5D, 0xF4, 0x5D, 0xF4, 0x7D,
    0xF4, 0x9D, 0xEC, 0x5C, 0xD3, 0xDA, 0x68, 0xEC, 0x00, 0x5F, 0x00, 0x5F, 0x60, 0xAB, 0xA2, 0x53,
    0xDC, 0x1B, 0xF4, 0x5D, 0xF4, 0x5D, 0xF4, 0x7D, 0xF4, 0x9D, 0xEC, 0x5C, 0xD3, 0xDA, 0x89, 0xB0,
    0xE4, 0x1B, 0xEC, 0x5C, 0xEB, 0xFC, 0xDB, 0xDB, 0x71, 0x2D, 0x00, 0x5F, 0x00, 0x5F, 0x00, 0x5F,
    0x00, 0x5F, 0x00, 0x5F, 0x00, 0x5F, 0x00, 0x5F, 0x00, 0x5F, 0x00, 0x5F, 0x00, 0x5F, 0x00, 0x5F,
    0x00, 0x5F, 0x00, 0x5F, 0x00, 0x5F, 0x00, 0x5F, 0x00, 0x5F, 0x00, 0x5F, 0x00, 0x5F, 0x00, 0x5F,
    0x00, 0x5F, 0x00, 0x5F, 0x00, 0x5F, 0x00, 0x5F, 0x00, 0x5F, 0x00, 0x5F, 0x00, 0x5F, 0x00, 0x5F,
    0x00, 0x5F, 0x00, 0x5F, 0x00, 0x5F, 0x00, 0x5F, 0x00, 0x5F, 0x00, 0x5F, 0x00, 0x5F, 0x00, 0x5F,
    0x00, 0x5F, 0x00, 0x5F, 0x00, 0x5F, 0x00, 0x5F, 0x00, 0x5F, 0x81, 0x8F, 0xF4, 0xBD, 0xF4, 0xBE,
    0xF4, 0x7E, 0xF4, 0x9E, 0x81, 0x8F, 0x00, 0x5F, 0x00, 0x5F, 0x00, 0x5F, 0x00, 0x5F, 0x00, 0x5F,
    0x00, 0x5F, 0x00, 0x5F, 0x00, 0x5F, 0x00, 0x5F, 0x00, 0x5F, 0x00, 0x5F, 0x00, 0x5F, 0x00, 0x5F,
    0x00, 0x5F, 0x00, 0x5F, 0x00, 0x5F, 0x00, 0x5F, 0x00, 0x5F, 0x00, 0x5F, 0x00, 0x5F, 0x00, 0x5F,
    0x00, 0x5F, 0x00, 0x5F, 0x00, 0x5F, 0x00, 0x5F, 0x00, 0x5F, 0x00, 0x5F, 0x00, 0x5F, 0x00, 0x5F,
    0x00, 0x5F, 0x00, 0x5F, 0x00, 0x5F, 0x00, 0x5F, 0x00, 0x5F, 0x00, 0x5F, 0x00, 0x5F, 0x00, 0x5F,
    0x00, 0x5F, 0x00, 0x5F, 0x00, 0x5F, 0x00, 0x5F, 0x00, 0x5F, 0x00, 0x5F, 0x00, 0x5F, 0x00, 0x5F,
    0x00, 0x5F, 0x00, 0x5F, 0x00, 0x5F, 0x00, 0x5F, 0x00, 0x5F, 0x00, 0x5F, 0x00, 0x5F, 0x00, 0x5F,
    0x60, 0xCB, 0xEC, 0x1C, 0xF4, 0x7E, 0xF4, 0x7E, 0xF4, 0x7E, 0xF4, 0x7D, 0xF4, 0x9E, 0xF4, 0xBD,
    0xF4, 0xBD, 0xF4, 0xBE, 0xF4, 0x7E, 0xF4, 0x9E, 0xF4, 0x9E, 0xF4, 0x9E, 0xF4, 0xBD, 0xF4, 0xBD,
    0xF4, 0xBE, 0xAA, 0xB5, 0x00, 0x5F, 0x00, 0x5F, 0x00, 0x5F, 0x00, 0x5F, 0x00, 0x5F, 0x00, 0x5F,
    0x00, 0x5F, 0x00, 0x5F, 0x00, 0x5F, 0x00, 0x5F, 0x00, 0x5F, 0x00, 0x5F, 0x00, 0x5F, 0x00, 0x5F,
    0x00, 0x5F, 0x00, 0x5F, 0x00, 0x5F, 0x00, 0x5F, 0x00, 0x5F, 0x00, 0x5F, 0x00, 0x5F, 0x00, 0x5F,
    0x00, 0x5F, 0x00, 0x5F, 0x00, 0x5F, 0x00, 0x5F, 0x00, 0x5F, 0x00, 0x5F, 0x00, 0x5F, 0x00, 0x5F,
    0x00, 0x5F, 0x00, 0x5F, 0x00, 0x5F, 0x00, 0x5F, 0x00, 0x5F, 0x00, 0x5F, 0x00, 0x5F, 0x00, 0x5F,
    0x00, 0x5F, 0x00, 0x5F, 0x00, 0x5F, 0x00, 0x5F, 0x00, 0x5F, 0x00, 0x5F, 0x00, 0x5F, 0x00, 0x5F,
    0x00, 0x5F, 0x00, 0x5F, 0x00, 0x5F, 0x00, 0x5F, 0x00, 0x5F, 0x00, 0x5F, 0x00, 0x5F, 0x00, 0x5F,
    0x00, 0x5F, 0x00, 0x5F, 0x00, 0x5F, 0x00, 0x5F, 0x00, 0x5F, 0x00, 0x5F, 0x00, 0x5F, 0x00, 0x5F,
    0x00, 0x5F, 0x71, 0x0D, 0xF4, 0x5E, 0xB9, 0xB6, 0xA9, 0x34, 0xA9, 0x74, 0xB1, 0xD5, 0xBA, 0x36,
    0xC2, 0xB8, 0xCB, 0x59, 0xDC, 0x1B, 0xDC, 0xDB, 0xDA, 0x9A, 0xE3, 0x9B, 0xF4, 0x7D, 0xF4, 0x9D,
    0xB2, 0xD5, 0x58, 0x6A, 0x00, 0x5F, 0x00, 0x5F, 0x00, 0x5F, 0x00, 0x5F, 0x00, 0x5F, 0x00, 0x5F,
    0x00, 0x5F, 0x92, 0x12, 0xF4, 0xBE, 0xE4, 0xBC, 0xDA, 0x9A, 0xFC, 0x9E, 0x92, 0x12, 0x00, 0x5F,
    0x00, 0x5F, 0x00, 0x5F, 0x00, 0x5F, 0x68, 0xEC, 0xE4, 0x1B, 0xEC, 0x5C, 0xE4, 0xBC, 0xC2, 0x37,
    0xCB, 0x19, 0xDC, 0x1A, 0xDC, 0xBA, 0xDD, 0x3B, 0xFC, 0xDE, 0x92, 0x11, 0x00, 0x5F, 0x68, 0xEC,
    0xE4, 0x1B, 0xEC, 0x5C, 0xE4, 0xBC, 0xCA, 0x58, 0xCB, 0x19, 0xDC, 0x1A, 0xDC, 0xDA, 0xDD, 0x3B,
    0xFC, 0xDE, 0xC3, 0x37, 0xF4, 0xBE, 0xE4, 0xBC, 0xDA, 0x9A, 0xF4, 0x7E, 0x92, 0x12, 0x00, 0x5F,
    0x00, 0x5F, 0x00, 0x5F, 0x00, 0x5F, 0x00, 0x5F, 0x00, 0x5F, 0x00, 0x5F, 0x00, 0x5F, 0x00, 0x5F,
    0x00, 0x5F, 0x00, 0x5F, 0x00, 0x5F, 0x00, 0x5F, 0x00, 0x5F, 0x00, 0x5F, 0x00, 0x5F, 0x00, 0x5F,
    0x00, 0x5F, 0x00, 0x5F, 0x00, 0x5F, 0x00, 0x5F, 0x00, 0x5F, 0x00, 0x5F, 0x00, 0x5F, 0x00, 0x5F,
    0x00, 0x5F, 0x00, 0x5F, 0x00, 0x5F, 0x00, 0x5F, 0x00, 0x5F, 0x00, 0x5F, 0x00, 0x5F, 0x00, 0x5F,
    0x00, 0x5F, 0x00, 0x5F, 0x00, 0x5F, 0x00, 0x5F, 0x00, 0x5F, 0x00, 0x5F, 0x00, 0x5F, 0x92, 0x12,
    0xF4, 0xBD, 0xD4, 0xBB, 0xB9, 0xF6, 0xF4, 0x5D, 0x92, 0x12, 0x00, 0x5F, 0x00, 0x5F, 0x00, 0x5F,
    0x00, 0x5F, 0x00, 0x5F, 0x00, 0x5F, 0x00, 0x5F, 0x00, 0x5F, 0x00, 0x5F, 0x00, 0x5F, 0x00, 0x5F,
    0x00, 0x5F, 0x00, 0x5F, 0x00, 0x5F, 0x00, 0x5F, 0x00, 0x5F, 0x00, 0x5F, 0x00, 0x5F, 0x00, 0x5F,
    0x00, 0x5F, 0x00, 0x5F, 0x00, 0x5F, 0x00, 0x5F, 0x00, 0x5F, 0x00, 0x5F, 0x00, 0x5F, 0x00, 0x5F,
    0x00, 0x5F, 0x00, 0x5F, 0x00, 0x5F, 0x00, 0x5F, 0x00, 0x5F, 0x00, 0x5F, 0x00, 0x5F, 0x00, 0x5F,
    0x00, 0x5F, 0x00, 0x5F, 0x00, 0x5F, 0x00, 0x5F, 0x00, 0x5F, 0x00, 0x5F, 0x00, 0x5F, 0x00, 0x5F,
    0x00, 0x5F, 0x00, 0x5F, 0x00, 0x5F, 0x00, 0x5F, 0x00, 0x5F, 0x00, 0x5F, 0x00, 0x5F, 0x00, 0x5F,
    0x00, 0x5F, 0x00, 0x5F, 0x71, 0x0D, 0xF4, 0x5E, 0xC1, 0xD7, 0xA9, 0x74, 0xB1, 0xD5, 0xBA, 0x36,
    0xC2, 0xB8, 0xCB, 0x59, 0xDC, 0x1B, 0xD4, 0xDB, 0xB9, 0xD6, 0xCA, 0xB8, 0xDB, 0x9A, 0xDC, 0x1A,
    0xDC, 0xBA, 0xDC, 0xFA, 0xEC, 0xFD, 0xC3, 0x78, 0x00, 0x5F, 0x00, 0x5F, 0x00, 0x5F, 0x00, 0x5F,
    0x00, 0x5F, 0x00, 0x5F, 0x00, 0x5F, 0x00, 0x5F, 0x00, 0x5F, 0x00, 0x5F, 0x00, 0x5F, 0x00, 0x5F,
    0x00, 0x5F, 0x00, 0x5F, 0x00, 0x5F, 0x00, 0x5F, 0x00, 0x5F, 0x00, 0x5F, 0x00, 0x5F, 0x00, 0x5F,
    0x00, 0x5F, 0x00, 0x5F, 0x00, 0x5F, 0x00, 0x5F, 0x00, 0x5F, 0x00, 0x5F, 0x00, 0x5F, 0x00, 0x5F,
    0x00, 0x5F, 0x00, 0x5F, 0x00, 0x5F, 0x00, 0x5F, 0x00, 0x5F, 0x00, 0x5F, 0x00, 0x5F, 0x00, 0x5F,
    0x00, 0x5F, 0x00, 0x5F, 0x00, 0x5F, 0x00, 0x5F, 0x00, 0x5F, 0x00, 0x5F, 0x00, 0x5F, 0x00, 0x5F,
    0x00, 0x5F, 0x00, 0x5F, 0x00, 0x5F, 0x00, 0x5F, 0x00, 0x5F, 0x00, 0x5F, 0x00, 0x5F, 0x00, 0x5F,
    0x00, 0x5F, 0x00, 0x5F, 0x00, 0x5F, 0x00, 0x5F, 0x00, 0x5F, 0x00, 0x5F, 0x00, 0x5F, 0x00, 0x5F,
    0x00, 0x5F, 0x00, 0x5F, 0x00, 0x5F, 0x71, 0x0D, 0xF4, 0x5E, 0xA1, 0x13, 0x80, 0x2F, 0x98, 0xB2,
    0xA9, 0x54, 0xB1, 0xB5, 0xBA, 0x36, 0xC2, 0xD8, 0xD3, 0xDB, 0xD4, 0xBB, 0xA9, 0xB5, 0xC2, 0xF7,
    0xD4, 0x19, 0xE4, 0xBB, 0xF4, 0xBE, 0xD3, 0xFA, 0x71, 0x2D, 0x00, 0x5F, 0x00, 0x5F, 0x00, 0x5F,
    0x00, 0x5F, 0x00, 0x5F, 0x00, 0x5F, 0x92, 0x12, 0xF4, 0x7D, 0xCC, 0xBA, 0xA9, 0x94, 0xF4, 0x7D,
    0x92, 0x12, 0x00, 0x5F, 0x00, 0x5F, 0x00, 0x5F, 0x50, 0x49, 0xCB, 0x38, 0xF3, 0xFD, 0xC3, 0x38,
    0xCC, 0x9A, 0xE3, 0x5B, 0xF4, 0x9D, 0xF4, 0xBD, 0xE4, 0xBB, 0xDD, 0x1B, 0xF4, 0xDE, 0x92, 0x31,
    0x50, 0x49, 0xCB, 0x58, 0xF4, 0x1D, 0xC3, 0x38, 0xCC, 0x9A, 0xE3, 0x5B, 0xF4, 0x9D, 0xF4, 0xBD,
    0xE4, 0xBB, 0xDD, 0x1B, 0xF4, 0xDE, 0xC3, 0x37, 0xF4, 0x7D, 0xCC, 0xBA, 0xA9, 0x94, 0xF4, 0x5D,
    0x92, 0x12, 0x00, 0x5F, 0x00, 0x5F, 0x00, 0x5F, 0x00, 0x5F, 0x00, 0x5F, 0x00, 0x5F, 0x00, 0x5F,
    0x00, 0x5F, 0x00, 0x5F, 0x00, 0x5F, 0x00, 0x5F, 0x00, 0x5F, 0x00, 0x5F, 0x00, 0x5F, 0x00, 0x5F,
    0x00, 0x5F, 0x00, 0x5F, 0x00, 0x5F, 0x00, 0x5F, 0x00, 0x5F, 0x00, 0x5F, 0x00, 0x5F, 0x00, 0x5F,
    0x00, 0x5F, 0x00, 0x5F, 0x00, 0x5F, 0x00, 0x5F, 0x00, 0x5F, 0x00, 0x5F, 0x00, 0x5F, 0x00, 0x5F,
    0x00, 0x5F, 0x00, 0x5F, 0x00, 0x5F, 0x00, 0x5F, 0x00, 0x5F, 0x00, 0x5F, 0x00, 0x5F, 0x00, 0x5F,
    0x00, 0x5F, 0x92, 0x12, 0xF4, 0x9D, 0xCC, 0xBA, 0xA9, 0x94, 0xF4, 0x5D, 0x92, 0x12, 0x00, 0x5F,
    0x00, 0x5F, 0x00, 0x5F, 0x58, 0x6A, 0x89, 0xD1, 0x91, 0xF2, 0x92, 0x12, 0x81, 0x8F, 0x50, 0x29,
    0x00, 0x5F, 0x00, 0x5F, 0x00, 0x5F, 0x00, 0x5F, 0x00, 0x5F, 0x00, 0x5F, 0x00, 0x5F, 0x00, 0x5F,
    0x00, 0x5F, 0x00, 0x5F, 0x00, 0x5F, 0x00, 0x5F, 0x00, 0x5F, 0x00, 0x5F, 0x00, 0x5F, 0x00, 0x5F,
    0x00, 0x5F, 0x00, 0x5F, 0x00, 0x5F, 0x00, 0x5F, 0x00, 0x5F, 0x00, 0x5F, 0x00, 0x5F, 0x00, 0x5F,
    0x00, 0x5F, 0x00, 0x5F, 0x00, 0x5F, 0x00, 0x5F, 0x00, 0x5F, 0x00, 0x5F, 0x00, 0x5F, 0x00, 0x5F,
    0x00, 0x5F, 0x00, 0x5F, 0x00, 0x5F, 0x00, 0x5F, 0x00, 0x5F, 0x00, 0x5F, 0x00, 0x5F, 0x00, 0x5F,
    0x00, 0x5F, 0x00, 0x5F, 0x00, 0x5F, 0x00, 0x5F, 0x71, 0x0D, 0xF4, 0x7E, 0xA1, 0x13, 0x80, 0x0F,
    0xA1, 0x13, 0xA9, 0x95, 0xBA, 0x36, 0xC2, 0xD8, 0xD3, 0xDA, 0xD4, 0xBB, 0xC2, 0x17, 0xDB, 0x5A,
    0xDC, 0x1A, 0xDC, 0xBA, 0xDD, 0x3A, 0xDD, 0x5A, 0xEC, 0xFD, 0xC3, 0x78, 0x00, 0x5F, 0x00, 0x5F,
    0x00, 0x5F, 0x00, 0x5F, 0x00, 0x5F, 0x00, 0x5F, 0x00, 0x5F, 0x00, 0x5F, 0x00, 0x5F, 0x00, 0x5F,
    0x00, 0x5F, 0x00, 0x5F, 0x00, 0x5F, 0x00, 0x5F, 0x00, 0x5F, 0x00, 0x5F, 0x00, 0x5F, 0x00, 0x5F,
    0x00, 0x5F, 0x00, 0x5F, 0x00, 0x5F, 0x00, 0x5F, 0x00, 0x5F, 0x00, 0x5F, 0x00, 0x5F, 0x00, 0x5F,
    0x00, 0x5F, 0x00, 0x5F, 0x00, 0x5F, 0x00, 0x5F, 0x00, 0x5F, 0x00, 0x5F, 0x00, 0x5F, 0x00, 0x5F,
    0x00, 0x5F, 0x00, 0x5F, 0x00, 0x5F, 0x00, 0x5F, 0x00, 0x5F, 0x00, 0x5F, 0x00, 0x5F, 0x00, 0x5F,
    0x00, 0x5F, 0x00, 0x5F, 0x00, 0x5F, 0x00, 0x5F, 0x00, 0x5F, 0x00, 0x5F, 0x00, 0x5F, 0x00, 0x5F,
    0x00, 0x5F, 0x00, 0x5F, 0x00, 0x5F, 0x00, 0x5F, 0x00, 0x5F, 0x00, 0x5F, 0x00, 0x5F, 0x00, 0x5F,
    0x00, 0x5F, 0x00, 0x5F, 0x00, 0x5F, 0x00, 0x5F, 0x00, 0x5F, 0x71, 0x0D, 0xF4, 0x5E, 0xA9, 0x74,
    0xA1, 0x13, 0xF4, 0x1D, 0xF4, 0x5D, 0xF4, 0x5D, 0xF4, 0x7D, 0xF4, 0x7D, 0xF4, 0x7D, 0xF4, 0xBD,
    0xF4, 0x5D, 0xEC, 0x7C, 0xDC, 0xFA, 0xCD, 0x59, 0xDD, 0x5A, 0xEC, 0xFD, 0xE4, 0x5B, 0x60, 0xCB,
    0x00, 0x5F, 0x00, 0x5F, 0x00, 0x5F, 0x00, 0x5F, 0x00, 0x5F, 0x91, 0xF2, 0xF4, 0x9E, 0xDC, 0x9B,
    0xDB, 0x3B, 0xF4, 0xBE, 0x92, 0x11, 0x00, 0x5F, 0x00, 0x5F, 0x00, 0x5F, 0x79, 0x4E, 0xF4, 0x5D,
    0xB1, 0x55, 0xA1, 0xB3, 0xEC, 0x9D, 0xEC, 0x5C, 0xB2, 0xD5, 0x9A, 0x32, 0xBB, 0x37, 0xDB, 0xFA,
    0xFC, 0xBE, 0x89, 0xD0, 0x79, 0x4E, 0xF4, 0x7D, 0xB1, 0x55, 0xA1, 0xB3, 0xEC, 0x9D, 0xEC, 0x5C,
    0xB2, 0xD5, 0x9A, 0x31, 0xBB, 0x37, 0xDB, 0xFA, 0xFC, 0xBE, 0xBA, 0xF6, 0xF4, 0x9E, 0xDC, 0x9B,
    0xDB, 0x3B, 0xF4, 0x9E, 0x92, 0x11, 0x00, 0x5F, 0x00, 0x5F, 0x00, 0x5F, 0x00, 0x5F, 0x00, 0x5F,
    0x00, 0x5F, 0x00, 0x5F, 0x00, 0x5F, 0x00, 0x5F, 0x00, 0x5F, 0x00, 0x5F, 0x00, 0x5F, 0x00, 0x5F,
    0x00, 0x5F, 0x00, 0x5F, 0x00, 0x5F, 0x00, 0x5F, 0x00, 0x5F, 0x00, 0x5F, 0x00, 0x5F, 0x00, 0x5F,
    0x00, 0x5F, 0x00, 0x5F, 0x00, 0x5F, 0x00, 0x5F, 0x00, 0x5F, 0x00, 0x5F, 0x00, 0x5F, 0x00, 0x5F,
    0x00, 0x5F, 0x00, 0x5F, 0x00, 0x5F, 0x00, 0x5F, 0x00, 0x5F, 0x00, 0x5F, 0x00, 0x5F, 0x00, 0x5F,
    0x00, 0x5F, 0x00, 0x5F, 0x00, 0x5F, 0x91, 0xF2, 0xF4, 0x7D, 0xCC, 0xBA, 0xBA, 0x56, 0xF4, 0x7D,
    0x92, 0x12, 0x00, 0x5F, 0x00, 0x5F, 0x00, 0x5F, 0x89, 0xB1, 0xFC, 0xBE, 0xF4, 0x5E, 0xF4, 0x9E,
    0xF4, 0x9E, 0x68, 0xEC, 0x00, 0x5F, 0x00, 0x5F, 0x00, 0x5F, 0x00, 0x5F, 0x00, 0x5F, 0x00, 0x5F,
    0x00, 0x5F, 0x00, 0x5F, 0x00, 0x5F, 0x00, 0x5F, 0x00, 0x5F, 0x00, 0x5F, 0x00, 0x5F, 0x00, 0x5F,
    0x00, 0x5F, 0x00, 0x5F, 0x00, 0x5F, 0x00, 0x5F, 0x00, 0x5F, 0x00, 0x5F, 0x00, 0x5F, 0x00, 0x5F,
    0x00, 0x5F, 0x00, 0x5F, 0x00, 0x5F, 0x00, 0x5F, 0x00, 0x5F, 0x00, 0x5F, 0x00, 0x5F, 0x00, 0x5F,
    0x00, 0x5F, 0x00, 0x5F, 0x00, 0x5F, 0x00, 0x5F, 0x00, 0x5F, 0x00, 0x5F, 0x00, 0x5F, 0x00, 0x5F,
    0x00, 0x5F, 0x00, 0x5F, 0x00, 0x5F, 0x00, 0x5F, 0x00, 0x5F, 0x00, 0x5F, 0x71, 0x0D, 0xF4, 0x7E,
    0xA9, 0x54, 0x98, 0xF3, 0xF4, 0x1D, 0xF4, 0x7D, 0xF4, 0x7D, 0xF4, 0x7D, 0xF4, 0x7D, 0xF4, 0x9D,
    0xF4, 0x7D, 0xF4, 0x9D, 0xF4, 0x9D, 0xF4, 0x9D, 0xF4, 0x9D, 0xF4, 0x9D, 0xF4, 0xBD, 0xAA, 0xB4,
    0x00, 0x5F, 0x00, 0x5F, 0x00, 0x5F, 0x00, 0x5F, 0x00, 0x5F, 0x00, 0x5F, 0x00, 0x5F, 0x00, 0x5F,
    0x00, 0x5F, 0x00, 0x5F, 0x00, 0x5F, 0x00, 0x5F, 0x00, 0x5F, 0x00, 0x5F, 0x00, 0x5F, 0x00, 0x5F,
    0x00, 0x5F, 0x00, 0x5F, 0x00, 0x5F, 0x00, 0x5F, 0x00, 0x5F, 0x00, 0x5F, 0x00, 0x5F, 0x00, 0x5F,
    0x00, 0x5F, 0x00, 0x5F, 0x00, 0x5F, 0x00, 0x5F, 0x00, 0x5F, 0x00, 0x5F, 0x00, 0x5F, 0x00, 0x5F,
    0x00, 0x5F, 0x00, 0x5F, 0x00, 0x5F, 0x00, 0x5F, 0x00, 0x5F, 0x00, 0x5F, 0x00, 0x5F, 0x00, 0x5F,
    0x00, 0x5F, 0x00, 0x5F, 0x00, 0x5F, 0x00, 0x5F, 0x00, 0x5F, 0x00, 0x5F, 0x00, 0x5F, 0x00, 0x5F,
    0x00, 0x5F, 0x00, 0x5F, 0x00, 0x5F, 0x00, 0x5F, 0x00, 0x5F, 0x00, 0x5F, 0x00, 0x5F, 0x00, 0x5F,
    0x00, 0x5F, 0x00, 0x5F, 0x00, 0x5F, 0x00, 0x5F, 0x00, 0x5F, 0x00, 0x5F, 0x00, 0x5F, 0x71, 0x0D,
    0xF4, 0x7E, 0xB1, 0xB5, 0xB1, 0xB5, 0xF4, 0x7E, 0x89, 0xB0, 0x71, 0x0D, 0x71, 0x0D, 0x71, 0x0D,
    0x68, 0xEC, 0x68, 0xEC, 0x91, 0xF1, 0xDC, 0x1A, 0xFC, 0xDE, 0xE4, 0xFB, 0xD5, 0x7A, 0xD5, 0x7A,
    0xEC, 0xFC, 0xCB, 0x98, 0x50, 0x49, 0x00, 0x5F, 0x00, 0x5F, 0x00, 0x5F, 0x00, 0x5F, 0x71, 0x0D,
    0xC3, 0x17, 0xC3, 0x78, 0xC3, 0x58, 0xC3, 0x57, 0x71, 0x0D, 0x00, 0x5F, 0x00, 0x5F, 0x00, 0x5F,
    0x91, 0xF2, 0xF4, 0x1D, 0xA1, 0x93, 0xB2, 0x15, 0xF4, 0xBE, 0x79, 0x4E, 0x00, 0x5F, 0x00, 0x5F,
    0x00, 0x5F, 0x50, 0x49, 0x68, 0xEC, 0x50, 0x49, 0x91, 0xF2, 0xF4, 0x1D, 0xA1, 0x93, 0xB2, 0x16,
    0xF4, 0xBE, 0x79, 0x4E, 0x00, 0x5F, 0x00, 0x5F, 0x00, 0x5F, 0x50, 0x49, 0x68, 0xEC, 0x71, 0x2D,
    0xC3, 0x17, 0xC3, 0x58, 0xC3, 0x58, 0xC3, 0x57, 0x71, 0x0D, 0x00, 0x5F, 0x00, 0x5F, 0x00, 0x5F,
    0x00, 0x5F, 0x00, 0x5F, 0x00, 0x5F, 0x00, 0x5F, 0x00, 0x5F, 0x00, 0x5F, 0x00, 0x5F, 0x00, 0x5F,
    0x00, 0x5F, 0x00, 0x5F, 0x00, 0x5F, 0x00, 0x5F, 0x00, 0x5F, 0x00, 0x5F, 0x00, 0x5F, 0x00, 0x5F,
    0x00, 0x5F, 0x00, 0x5F, 0x00, 0x5F, 0x00, 0x5F, 0x00, 0x5F, 0x00, 0x5F, 0x00, 0x5F, 0x00, 0x5F,
    0x00, 0x5F, 0x00, 0x5F, 0x00, 0x5F, 0x00, 0x5F, 0x00, 0x5F, 0x00, 0x5F, 0x00, 0x5F, 0x00, 0x5F,
    0x00, 0x5F, 0x00, 0x5F, 0x00, 0x5F, 0x00, 0x5F, 0x00, 0x5F, 0x91, 0xF2, 0xF4, 0x3D, 0xCC, 0xBA,
    0xD3, 0xD9, 0xF4, 0xBD, 0x92, 0x12, 0x00, 0x5F, 0x00, 0x5F, 0x00, 0x5F, 0x91, 0xF2, 0xF4, 0x1D,
    0xA9, 0xD5, 0xD3, 0x5A, 0xF4, 0xBD, 0x71, 0x0D, 0x00, 0x5F, 0x00, 0x5F, 0x00, 0x5F, 0x00, 0x5F,
    0x00, 0x5F, 0x00, 0x5F, 0x00, 0x5F, 0x00, 0x5F, 0x00, 0x5F, 0x00, 0x5F, 0x00, 0x5F, 0x00, 0x5F,
    0x00, 0x5F, 0x00, 0x5F, 0x00, 0x5F, 0x00, 0x5F, 0x00, 0x5F, 0x00, 0x5F, 0x00, 0x5F, 0x00, 0x5F,
    0x00, 0x5F, 0x00, 0x5F, 0x00, 0x5F, 0x00, 0x5F, 0x00, 0x5F, 0x00, 0x5F, 0x00, 0x5F, 0x00, 0x5F,
    0x00, 0x5F, 0x00, 0x5F, 0x00, 0x5F, 0x00, 0x5F, 0x00, 0x5F, 0x00, 0x5F, 0x00, 0x5F, 0x00, 0x5F,
    0x00, 0x5F, 0x00, 0x5F, 0x00, 0x5F, 0x00, 0x5F, 0x00, 0x5F, 0x00, 0x5F, 0x00, 0x5F, 0x00, 0x5F,
    0x71, 0x0D, 0xF4, 0x7E, 0xB1, 0xB5, 0xA9, 0x95, 0xF4, 0x7E, 0x89, 0xB0, 0x71, 0x0D, 0x71, 0x0D,
    0x71, 0x0D, 0x71, 0x0D, 0x71, 0x0D, 0x71, 0x0D, 0x71, 0x0D, 0x71, 0x0D, 0x71, 0x0D, 0x71, 0x0D,
    0x68, 0xEC, 0x50, 0x49, 0x00, 0x5F, 0x00, 0x5F, 0x00, 0x5F, 0x00, 0x5F, 0x00, 0x5F, 0x00, 0x5F,
    0x00, 0x5F, 0x00, 0x5F, 0x00, 0x5F, 0x00, 0x5F, 0x00, 0x5F, 0x00, 0x5F, 0x00, 0x5F, 0x00, 0x5F,
    0x00, 0x5F, 0x00, 0x5F, 0x00, 0x5F, 0x00, 0x5F, 0x00, 0x5F, 0x00, 0x5F, 0x00, 0x5F, 0x00, 0x5F,
    0x00, 0x5F, 0x00, 0x5F, 0x00, 0x5F, 0x00, 0x5F, 0x00, 0x5F, 0x00, 0x5F, 0x00, 0x5F, 0x00, 0x5F,
    0x00, 0x5F, 0x00, 0x5F, 0x00, 0x5F, 0x00, 0x5F, 0x00, 0x5F, 0x00, 0x5F, 0x00, 0x5F, 0x00, 0x5F,
    0x00, 0x5F, 0x00, 0x5F, 0x00, 0x5F, 0x00, 0x5F, 0x00, 0x5F, 0x00, 0x5F, 0x00, 0x5F, 0x00, 0x5F,
    0x00, 0x5F, 0x00, 0x5F, 0x00, 0x5F, 0x00, 0x5F, 0x00, 0x5F, 0x00, 0x5F, 0x00, 0x5F, 0x00, 0x5F,
    0x00, 0x5F, 0x00, 0x5F, 0x00, 0x5F, 0x00, 0x5F, 0x00, 0x5F, 0x00, 0x5F, 0x00, 0x5F, 0x00, 0x5F,
    0x00, 0x5F, 0x71, 0x0D, 0xF4, 0x7E, 0xB2, 0x15, 0xB2, 0x15, 0xF4, 0x7E, 0x71, 0x0D, 0x00, 0x5F,
    0x00, 0x5F, 0x00, 0x5F, 0x00, 0x5F, 0x00, 0x5F, 0x00, 0x5F, 0x58, 0x6A, 0x91, 0xF0, 0xEC, 0x9D,
    0xE5, 0x3B, 0xD5, 0x99, 0xDD, 0x7B, 0xF4, 0xBE, 0x89, 0xD0, 0x00, 0x5F, 0x00, 0x5F, 0x00, 0x5F,
    0x00, 0x5F, 0x00, 0x5F, 0x00, 0x5F, 0x00, 0x5F, 0x00, 0x5F, 0x00, 0x5F, 0x00, 0x5F, 0x00, 0x5F,
    0x00, 0x5F, 0x00, 0x5F, 0x91, 0xF2, 0xF4, 0x5D, 0xBA, 0xF6, 0xDC, 0x1A, 0xF4, 0xBE, 0x71, 0x0D,
    0x00, 0x5F, 0x00, 0x5F, 0x00, 0x5F, 0x00, 0x5F, 0x00, 0x5F, 0x00, 0x5F, 0x92, 0x12, 0xF4, 0x7D,
    0xBB, 0x17, 0xDC, 0x1A, 0xF4, 0xDE, 0x71, 0x0D, 0x00, 0x5F, 0x00, 0x5F, 0x00, 0x5F, 0x00, 0x5F,
    0x00, 0x5F, 0x00, 0x5F, 0x00, 0x5F, 0x00, 0x5F, 0x00, 0x5F, 0x00, 0x5F, 0x00, 0x5F, 0x00, 0x5F,
    0x00, 0x5F, 0x00, 0x5F, 0x00, 0x5F, 0x00, 0x5F, 0x00, 0x5F, 0x00, 0x5F, 0x00, 0x5F, 0x00, 0x5F,
    0x00, 0x5F, 0x00, 0x5F, 0x00, 0x5F, 0x00, 0x5F, 0x00, 0x5F, 0x00, 0x5F, 0x00, 0x5F, 0x00, 0x5F,
    0x00, 0x5F, 0x00, 0x5F, 0x00, 0x5F, 0x00, 0x5F, 0x00, 0x5F, 0x00, 0x5F, 0x00, 0x5F, 0x00, 0x5F,
    0x00, 0x5F, 0x00, 0x5F, 0x00, 0x5F, 0x00, 0x5F, 0x00, 0x5F, 0x00, 0x5F, 0x00, 0x5F, 0x00, 0x5F,
    0x00, 0x5F, 0x00, 0x5F, 0x00, 0x5F, 0x00, 0x5F, 0x00, 0x5F, 0x00, 0x5F, 0x00, 0x5F, 0x91, 0xF2,
    0xF4, 0x3D, 0xD5, 0x59, 0xD5, 0x7A, 0xF4, 0xBD, 0x92, 0x12, 0x00, 0x5F, 0x00, 0x5F, 0x00, 0x5F,
    0x91, 0xF2, 0xF3, 0xFD, 0x88, 0x70, 0xBA, 0x36, 0xF4, 0x9E, 0x71, 0x0D, 0x00, 0x5F, 0x00, 0x5F,
    0x00, 0x5F, 0x00, 0x5F, 0x00, 0x5F, 0x00, 0x5F, 0x00, 0x5F, 0x00, 0x5F, 0x00, 0x5F, 0x00, 0x5F,
    0x00, 0x5F, 0x00, 0x5F, 0x00, 0x5F, 0x00, 0x5F, 0x00, 0x5F, 0x00, 0x5F, 0x00, 0x5F, 0x00, 0x5F,
    0x00, 0x5F, 0x00, 0x5F, 0x00, 0x5F, 0x00, 0x5F, 0x00, 0x5F, 0x00, 0x5F, 0x00, 0x5F, 0x00, 0x5F,
    0x00, 0x5F, 0x00, 0x5F, 0x00, 0x5F, 0x00, 0x5F, 0x00, 0x5F, 0x00, 0x5F, 0x00, 0x5F, 0x00, 0x5F,
    0x00, 0x5F, 0x00, 0x5F, 0x00, 0x5F, 0x00, 0x5F, 0x00, 0x5F, 0x00, 0x5F, 0x00, 0x5F, 0x00, 0x5F,
    0x00, 0x5F, 0x00, 0x5F, 0x71, 0x0D, 0xF4, 0x7E, 0xB2, 0x15, 0xB2, 0x15, 0xF4, 0x7E, 0x71, 0x0D,
    0x00, 0x5F, 0x00, 0x5F, 0x00, 0x5F, 0x00, 0x5F, 0x00, 0x5F, 0x00, 0x5F, 0x00, 0x5F, 0x00, 0x5F,
    0x00, 0x5F, 0x00, 0x5F, 0x00, 0x5F, 0x00, 0x5F, 0x00, 0x5F, 0x00, 0x5F, 0x00, 0x5F, 0x00, 0x5F,
    0x00, 0x5F, 0x00, 0x5F, 0x00, 0x5F, 0x00, 0x5F, 0x00, 0x5F, 0x00, 0x5F, 0x00, 0x5F, 0x00, 0x5F,
    0x00, 0x5F, 0x00, 0x5F, 0x00, 0x5F, 0x00, 0x5F, 0x00, 0x5F, 0x00, 0x5F, 0x00, 0x5F, 0x00, 0x5F,
    0x00, 0x5F, 0x00, 0x5F, 0x00, 0x5F, 0x00, 0x5F, 0x00, 0x5F, 0x00, 0x5F, 0x00, 0x5F, 0x00, 0x5F,
    0x00, 0x5F, 0x00, 0x5F, 0x00, 0x5F, 0x00, 0x5F, 0x00, 0x5F, 0x00, 0x5F, 0x00, 0x5F, 0x00, 0x5F,
    0x00, 0x5F, 0x00, 0x5F, 0x00, 0x5F, 0x00, 0x5F, 0x00, 0x5F, 0x00, 0x5F, 0x00, 0x5F, 0x00, 0x5F,
    0x00, 0x5F, 0x00, 0x5F, 0x00, 0x5F, 0x00, 0x5F, 0x00, 0x5F, 0x00, 0x5F, 0x00, 0x5F, 0x00, 0x5F,
    0x00, 0x5F, 0x00, 0x5F, 0x00, 0x5F, 0x00, 0x5F, 0x00, 0x5F, 0x00, 0x5F, 0x00, 0x5F, 0x00, 0x5F,
    0x00, 0x5F, 0x00, 0x5F, 0x00, 0x5F, 0x71, 0x0D, 0xF4, 0x7E, 0xBA, 0x56, 0xBA, 0x76, 0xF4, 0x7D,
    0x71, 0x0D, 0x00, 0x5F, 0x00, 0x5F, 0x00, 0x5F, 0x00, 0x5F, 0x00, 0x5F, 0x00, 0x5F, 0x00, 0x5F,
    0x00, 0x5F, 0xA2, 0x73, 0xF4, 0xBD, 0xDD, 0x7A, 0xD5, 0x9A, 0xED, 0x1D, 0xDB, 0xFA, 0x50, 0x49,
    0x00, 0x5F, 0x00, 0x5F, 0x00, 0x5F, 0x00, 0x5F, 0x00, 0x5F, 0x00, 0x5F, 0x00, 0x5F, 0x00, 0x5F,
    0x00, 0x5F, 0x00, 0x5F, 0x00, 0x5F, 0x00, 0x5F, 0x92, 0x12, 0xF4, 0x7D, 0xCB, 0xD8, 0xDC, 0xDB,
    0xF4, 0xBE, 0x71, 0x0D, 0x00, 0x5F, 0x00, 0x5F, 0x00, 0x5F, 0x00, 0x5F, 0x00, 0x5F, 0x00, 0x5F,
    0x92, 0x12, 0xF4, 0x7D, 0xCB, 0xF8, 0xDC, 0xDB, 0xF4, 0xDE, 0x71, 0x0D, 0x00, 0x5F, 0x00, 0x5F,
    0x00, 0x5F, 0x00, 0x5F, 0x00, 0x5F, 0x00, 0x5F, 0x00, 0x5F, 0x00, 0x5F, 0x00, 0x5F, 0x00, 0x5F,
    0x00, 0x5F, 0x00, 0x5F, 0x00, 0x5F, 0x00, 0x5F, 0x00, 0x5F, 0x00, 0x5F, 0x00, 0x5F, 0x00, 0x5F,
    0x00, 0x5F, 0x00, 0x5F, 0x00, 0x5F, 0x00, 0x5F, 0x00, 0x5F, 0x00, 0x5F, 0x00, 0x5F, 0x00, 0x5F,
    0x00, 0x5F, 0x00, 0x5F, 0x00, 0x5F, 0x00, 0x5F, 0x00, 0x5F, 0x00, 0x5F, 0x00, 0x5F, 0x00, 0x5F,
    0x00, 0x5F, 0x00, 0x5F, 0x00, 0x5F, 0x00, 0x5F, 0x00, 0x5F, 0x00, 0x5F, 0x00, 0x5F, 0x00, 0x5F,
    0x00, 0x5F, 0x00, 0x5F, 0x00, 0x5F, 0x00, 0x5F, 0x00, 0x5F, 0x00, 0x5F, 0x00, 0x5F, 0x00, 0x5F,
    0x00, 0x5F, 0x92, 0x12, 0xF4, 0x9D, 0xD5, 0xBA, 0xD5, 0x9A, 0xF4, 0xDD, 0x92, 0x12, 0x00, 0x5F,
    0x00, 0x5F, 0x00, 0x5F, 0x91, 0xF2, 0xF4, 0x3D, 0xA1, 0x93, 0xB2, 0x15, 0xF4, 0xBD, 0x71, 0x0D,
    0x00, 0x5F, 0x00, 0x5F, 0x00, 0x5F, 0x00, 0x5F, 0x00, 0x5F, 0x00, 0x5F, 0x00, 0x5F, 0x00, 0x5F,
    0x00, 0x5F, 0x00, 0x5F, 0x00, 0x5F, 0x00, 0x5F, 0x00, 0x5F, 0x00, 0x5F, 0x00, 0x5F, 0x00, 0x5F,
    0x00, 0x5F, 0x00, 0x5F, 0x00, 0x5F, 0x00, 0x5F, 0x00, 0x5F, 0x00, 0x5F, 0x00, 0x5F, 0x00, 0x5F,
    0x00, 0x5F, 0x00, 0x5F, 0x00, 0x5F, 0x00, 0x5F, 0x00, 0x5F, 0x00, 0x5F, 0x00, 0x5F, 0x00, 0x5F,
    0x00, 0x5F, 0x00, 0x5F, 0x00, 0x5F, 0x00, 0x5F, 0x00, 0x5F, 0x00, 0x5F, 0x00, 0x5F, 0x00, 0x5F,
    0x00, 0x5F, 0x00, 0x5F, 0x00, 0x5F, 0x00, 0x5F, 0x71, 0x0D, 0xF4, 0x7D, 0xBA, 0x76, 0xBA, 0x77,
    0xF4, 0x7D, 0x71, 0x0D, 0x00, 0x5F, 0x00, 0x5F, 0x00, 0x5F, 0x00, 0x5F, 0x00, 0x5F, 0x00, 0x5F,
    0x00, 0x5F, 0x00, 0x5F, 0x00, 0x5F, 0x00, 0x5F, 0x00, 0x5F, 0x00, 0x5F, 0x00, 0x5F, 0x00, 0x5F,
    0x00, 0x5F, 0x00, 0x5F, 0x00, 0x5F, 0x00, 0x5F, 0x00, 0x5F, 0x00, 0x5F, 0x00, 0x5F, 0x00, 0x5F,
    0x00, 0x5F, 0x00, 0x5F, 0x00, 0x5F, 0x00, 0x5F, 0x00, 0x5F, 0x00, 0x5F, 0x00, 0x5F, 0x00, 0x5F,
    0x00, 0x5F, 0x00, 0x5F, 0x00, 0x5F, 0x00, 0x5F, 0x00, 0x5F, 0x00, 0x5F, 0x00, 0x5F, 0x00, 0x5F,
    0x00, 0x5F, 0x00, 0x5F, 0x00, 0x5F, 0x00, 0x5F, 0x00, 0x5F, 0x00, 0x5F, 0x00, 0x5F, 0x00, 0x5F,
    0x00, 0x5F, 0x00, 0x5F, 0x00, 0x5F, 0x00, 0x5F, 0x00, 0x5F, 0x00, 0x5F, 0x00, 0x5F, 0x00, 0x5F,
    0x00, 0x5F, 0x00, 0x5F, 0x00, 0x5F, 0x00, 0x5F, 0x00, 0x5F, 0x00, 0x5F, 0x00, 0x5F, 0x00, 0x5F,
    0x00, 0x5F, 0x00, 0x5F, 0x00, 0x5F, 0x00, 0x5F, 0x00, 0x5F, 0x00, 0x5F, 0x00, 0x5F, 0x00, 0x5F,
    0x00, 0x5F, 0x00, 0x5F, 0x00, 0x5F, 0x00, 0x5F, 0x00, 0x5F, 0x71, 0x0D, 0xF4, 0x7D, 0xC2, 0xB7,
    0xC2, 0xD8, 0xF4, 0x9E, 0x71, 0x0D, 0x00, 0x5F, 0x00, 0x5F, 0x00, 0x5F, 0x00, 0x5F, 0x00, 0x5F,
    0x00, 0x5F, 0x00, 0x5F, 0x00, 0x5F, 0x60, 0xAB, 0xEC, 0x5C, 0xE5, 0x1C, 0xD5, 0xBA, 0xE5, 0x7C,
    0xFC, 0xBE, 0x71, 0x0D, 0x00, 0x5F, 0x00, 0x5F, 0x00, 0x5F, 0x00, 0x5F, 0x58, 0x4A, 0x58, 0x6A,
    0x58, 0x6A, 0x58, 0x4A, 0x00, 0x5F, 0x50, 0x29, 0x58, 0x6A, 0x58, 0x6A, 0x9A, 0x32, 0xF4, 0x9D,
    0xD4, 0x7A, 0xDD, 0x3B, 0xF4, 0xBE, 0x79, 0x4E, 0x58, 0x6A, 0x58, 0x6A, 0x58, 0x6A, 0x58, 0x6A,
    0x58, 0x6A, 0x58, 0x6A, 0x9A, 0x52, 0xF4, 0x9D, 0xD4, 0x9A, 0xDD, 0x5A, 0xF4, 0xDE, 0x79, 0x4E,
    0x58, 0x6A, 0x58, 0x6A, 0x58, 0x6A, 0x50, 0x49, 0x00, 0x5F, 0x00, 0x5F, 0x58, 0x4A, 0x58, 0x6A,
    0x58, 0x6A, 0x58, 0x4A, 0x00, 0x5F, 0x00, 0x5F, 0x00, 0x5F, 0x00, 0x5F, 0x00, 0x5F, 0x00, 0x5F,
    0x00, 0x5F, 0x00, 0x5F, 0x50, 0x29, 0x60, 0xAB, 0x71, 0x0D, 0x71, 0x0D, 0x68, 0xEC, 0x58, 0x6A,
    0x50, 0x29, 0x00, 0x5F, 0x00, 0x5F, 0x00, 0x5F, 0x00, 0x5F, 0x00, 0x5F, 0x00, 0x5F, 0x00, 0x5F,
    0x50, 0x29, 0x58, 0x6A, 0x58, 0x6A, 0x58, 0x6A, 0x50, 0x29, 0x00, 0x5F, 0x00, 0x5F, 0x00, 0x5F,
    0x00, 0x5F, 0x00, 0x5F, 0x00, 0x5F, 0x50, 0x29, 0x58, 0x6A, 0x58, 0x6A, 0x58, 0x6A, 0x50, 0x29,
    0x00, 0x5F, 0x00, 0x5F, 0x00, 0x5F, 0x92, 0x12, 0xF4, 0xBD, 0xD5, 0xFA, 0xD5, 0xDA, 0xF4, 0xBD,
    0x92, 0x11, 0x50, 0x29, 0x58, 0x6A, 0x58, 0x6A, 0x9A, 0x32, 0xF4, 0x5D, 0xBA, 0xF6, 0xDC, 0x1A,
    0xF4, 0xBE, 0x71, 0x2D, 0x58, 0x6A, 0x58, 0x6A, 0x58, 0x6A, 0x50, 0x49, 0x50, 0x29, 0x68, 0xEC,
    0x71, 0x0D, 0x71, 0x0D, 0x68, 0xEC, 0x50, 0x29, 0x00, 0x5F, 0x00, 0x5F, 0x00, 0x5F, 0x00, 0x5F,
    0x00, 0x5F, 0x00, 0x5F, 0x00, 0x5F, 0x00, 0x5F, 0x58, 0x6A, 0x68, 0xEC, 0x71, 0x0D, 0x68, 0xEC,
    0x50, 0x49, 0x00, 0x5F, 0x00, 0x5F, 0x60, 0xCB, 0x71, 0x0D, 0x71, 0x0D, 0x68, 0xEC, 0x50, 0x29,
    0x00, 0x5F, 0x00, 0x5F, 0x00, 0x5F, 0x00, 0x5F, 0x00, 0x5F, 0x00, 0x5F, 0x00, 0x5F, 0x00, 0x5F,
    0x00, 0x5F, 0x00, 0x5F, 0x00, 0x5F, 0x00, 0x5F, 0x00, 0x5F, 0x00, 0x5F, 0x71, 0x0D, 0xF4, 0x7D,
    0xC2, 0xD7, 0xCA, 0xF8, 0xF4, 0x9E, 0x71, 0x0D, 0x00, 0x5F, 0x00, 0x5F, 0x00, 0x5F, 0x00, 0x5F,
    0x00, 0x5F, 0x00, 0x5F, 0x00, 0x5F, 0x00, 0x5F, 0x00, 0x5F, 0x00, 0x5F, 0x00, 0x5F, 0x00, 0x5F,
    0x00, 0x5F, 0x00, 0x5F, 0x00, 0x5F, 0x00, 0x5F, 0x00, 0x5F, 0x00, 0x5F, 0x00, 0x5F, 0x58, 0x6A,
    0x68, 0xEC, 0x71, 0x0D, 0x71, 0x0D, 0x71, 0x0D, 0x71, 0x0D, 0x58, 0x8A, 0x00, 0x5F, 0x00, 0x5F,
    0x00, 0x5F, 0x00, 0x5F, 0x00, 0x5F, 0x00, 0x5F, 0x00, 0x5F, 0x00, 0x5F, 0x00, 0x5F, 0x00, 0x5F,
    0x00, 0x5F, 0x50, 0x49, 0x58, 0x8A, 0x68, 0xEC, 0x71, 0x0D, 0x71, 0x0D, 0x68, 0xEC, 0x58, 0x6A,
    0x00, 0x5F, 0x00, 0x5F, 0x00, 0x5F, 0x00, 0x5F, 0x50, 0x29, 0x68, 0xEC, 0x71, 0x0D, 0x71, 0x0D,
    0x68, 0xEC, 0x50, 0x29, 0x00, 0x5F, 0x00, 0x5F, 0x00, 0x5F, 0x00, 0x5F, 0x00, 0x5F, 0x00, 0x5F,
    0x00, 0x5F, 0x00, 0x5F, 0x58, 0x6A, 0x68, 0xEC, 0x71, 0x0D, 0x68, 0xEC, 0x50, 0x49, 0x00, 0x5F,
    0x00, 0x5F, 0x00, 0x5F, 0x00, 0x5F, 0x00, 0x5F, 0x00, 0x5F, 0x00, 0x5F, 0x00, 0x5F, 0x71, 0x0D,
    0xF4, 0x9E, 0xCA, 0xF8, 0xCB, 0x18, 0xF4, 0x9E, 0x71, 0x0D, 0x00, 0x5F, 0x00, 0x5F, 0x00, 0x5F,
    0x00, 0x5F, 0x00, 0x5F, 0x00, 0x5F, 0x00, 0x5F, 0x00, 0x5F, 0x00, 0x5F, 0xA2, 0x73, 0xF4, 0xBD,
    0xD5, 0xBA, 0xD5, 0xBA, 0xF4, 0xDD, 0x9A, 0x52, 0x00, 0x5F, 0x00, 0x5F, 0x00, 0x5F, 0x71, 0x2D,
    0xDC, 0x1B, 0xEC, 0x7C, 0xEC, 0x7C, 0xE4, 0x3B, 0x71, 0x2D, 0xB2, 0xD6, 0xEC, 0x3C, 0xEC, 0x3C,
    0xF4, 0x7D, 0xF4, 0x9D, 0xD4, 0xDA, 0xD5, 0x7A, 0xF4, 0xDE, 0xE4, 0x5C, 0xE4, 0x5B, 0xE4, 0x5B,
    0xE4, 0x5B, 0xEC, 0x7C, 0xEC, 0x5C, 0xEC, 0x5C, 0xF4, 0x9D, 0xF4, 0xBD, 0xD4, 0xFA, 0xD5, 0x7A,
    0xF4, 0xDE, 0xE4, 0x5C, 0xE4, 0x5B, 0xE4, 0x3B, 0xE4, 0x5B, 0xD3, 0xB9, 0x58, 0x8A, 0x71, 0x2D,
    0xE4, 0x1B, 0xEC, 0x7C, 0xEC, 0x7C, 0xDC, 0x1B, 0x71, 0x2D, 0x00, 0x5F, 0x00, 0x5F, 0x00, 0x5F,
    0x00, 0x5F, 0x00, 0x5F, 0x50, 0x29, 0x79, 0x2E, 0xCB, 0x58, 0xEC, 0x3C, 0xEC, 0x7D, 0xEC, 0x7C,
    0xF4, 0x5D, 0xE4, 0x1C, 0xBA, 0xF6, 0x68, 0xEC, 0x50, 0x29, 0x00, 0x5F, 0x00, 0x5F, 0x00, 0x5F,
    0x00, 0x5F, 0x50, 0x29, 0xB2, 0xB6, 0xEB, 0xFC, 0xEB, 0xFC, 0xE3, 0xFC, 0x91, 0xF2, 0x00, 0x5F,
    0x00, 0x5F, 0x00, 0x5F, 0x00, 0x5F, 0x00, 0x5F, 0x00, 0x5F, 0x92, 0x11, 0xE4, 0x5C, 0xEC, 0x7C,
    0xEC, 0x5C, 0xB3, 0x16, 0x50, 0x29, 0x00, 0x5F, 0x00, 0x5F, 0x92, 0x12, 0xF4, 0xBD, 0xD5, 0xFA,
    0xD5, 0xDA, 0xF4, 0xBD, 0x92, 0x32, 0xB2, 0xD6, 0xEC, 0x1C, 0xEC, 0x1C, 0xF4, 0x7D, 0xF4, 0x7D,
    0xCB, 0xF8, 0xDC, 0xDB, 0xF4, 0xDE, 0xE4, 0x5C, 0xE4, 0x3B, 0xE4, 0x3B, 0xE4, 0x3B, 0xD3, 0xB9,
    0x81, 0x8F, 0xF4, 0x5D, 0xF4, 0x7E, 0xF4, 0x7E, 0xF4, 0x5D, 0x79, 0x4E, 0x00, 0x5F, 0x00, 0x5F,
    0x00, 0x5F, 0x00, 0x5F, 0x00, 0x5F, 0x00, 0x5F, 0x00, 0x5F, 0x50, 0x49, 0xC3, 0x57, 0xF4, 0xBE,
    0xF4, 0xDE, 0xFC, 0xDE, 0x9A, 0x73, 0x00, 0x5F, 0x60, 0xCB, 0xEC, 0x3C, 0xF4, 0x9E, 0xF4, 0xBD,
    0xF4, 0x7E, 0x81, 0x8F, 0x00, 0x5F, 0x00, 0x5F, 0x00, 0x5F, 0x00, 0x5F, 0x00, 0x5F, 0x00, 0x5F,
    0x00, 0x5F, 0x00, 0x5F, 0x00, 0x5F, 0x00, 0x5F, 0x00, 0x5F, 0x00, 0x5F, 0x00, 0x5F, 0x00, 0x5F,
    0x71, 0x0D, 0xF4, 0x9E, 0xCB, 0x38, 0xCB, 0x59, 0xF4, 0x9E, 0x71, 0x0D, 0x00, 0x5F, 0x00, 0x5F,
    0x00, 0x5F, 0x00, 0x5F, 0x00, 0x5F, 0x00, 0x5F, 0x00, 0x5F, 0x00, 0x5F, 0x00, 0x5F, 0x00, 0x5F,
    0x00, 0x5F, 0x00, 0x5F, 0x00, 0x5F, 0x00, 0x5F, 0x00, 0x5F, 0x00, 0x5F, 0x00, 0x5F, 0x50, 0x29,
    0x81, 0x6F, 0xDB, 0xBA, 0xF4, 0x5D, 0xEC, 0x5C, 0xEC, 0x7C, 0xEB, 0xFC, 0xEC, 0x5C, 0xEC, 0x5C,
    0xA2, 0x94, 0x60, 0xAB, 0x00, 0x5F, 0x00, 0x5F, 0x00, 0x5F, 0x00, 0x5F, 0x00, 0x5F, 0x00, 0x5F,
    0x00, 0x5F, 0x58, 0x8A, 0xA2, 0x33, 0xDB, 0xDB, 0xE3, 0xDB, 0xEC, 0x5C, 0xEC, 0x7C, 0xEB, 0xFC,
    0xF4, 0x5D, 0xDB, 0xFA, 0x91, 0xF1, 0x58, 0x6A, 0x00, 0x5F, 0x00, 0x5F, 0x79, 0x2E, 0xF4, 0x5D,
    0xF4, 0x7E, 0xF4, 0x7E, 0xF4, 0x7D, 0x79, 0x4E, 0x00, 0x5F, 0x00, 0x5F, 0x00, 0x5F, 0x00, 0x5F,
    0x00, 0x5F, 0x00, 0x5F, 0x00, 0x5F, 0x50, 0x49, 0xC3, 0x57, 0xF4, 0xBD, 0xF4, 0xBE, 0xFC, 0xBE,
    0x9A, 0x53, 0x00, 0x5F, 0x00, 0x5F, 0x00, 0x5F, 0x00, 0x5F, 0x00, 0x5F, 0x00, 0x5F, 0x00, 0x5F,
    0x00, 0x5F, 0x71, 0x0D, 0xF4, 0x9E, 0xCB, 0x59, 0xD3, 0x79, 0xF4, 0x9E, 0x71, 0x0D, 0x00, 0x5F,
    0x00, 0x5F, 0x00, 0x5F, 0x00, 0x5F, 0x00, 0x5F, 0x00, 0x5F, 0x00, 0x5F, 0x00, 0x5F, 0x00, 0x5F,
    0x71, 0x0D, 0xF4, 0xBD, 0xDD, 0x9B, 0xD5, 0xDA, 0xEC, 0xFD, 0xC3, 0x57, 0x00, 0x5F, 0x00, 0x5F,
    0x00, 0x5F, 0x92, 0x12, 0xFC, 0xDE, 0xE5, 0x9C, 0xE5, 0x7C, 0xF4, 0xDE, 0x9A, 0x52, 0xEC, 0x3C,
    0xF4, 0x7D, 0xE4, 0x5C, 0xE4, 0x9C, 0xDC, 0xDB, 0xD5, 0x3A, 0xCD, 0xBA, 0xDD, 0xBB, 0xDD, 0xBB,
    0xDD, 0xBB, 0xDD, 0xBB, 0xE5, 0x5C, 0xFC, 0xDF, 0xF4, 0x9D, 0xE4, 0x5C, 0xE4, 0x9C, 0xDC, 0xDB,
    0xD5, 0x3A, 0xCD, 0xBA, 0xDD, 0xBB, 0xDD, 0xBB, 0xDD, 0xBB, 0xDD, 0x9B, 0xE5, 0x5C, 0xF4, 0xBE,
    0x71, 0x0D, 0x92, 0x12, 0xFC, 0xDE, 0xE5, 0x9C, 0xE5, 0x7C, 0xF4, 0xDE, 0x92, 0x31, 0x00, 0x5F,
    0x00, 0x5F, 0x00, 0x5F, 0x00, 0x5F, 0x58, 0x8A, 0xB2, 0xB6, 0xF4, 0x1D, 0xEB, 0x3C, 0xCA, 0x78,
    0xC3, 0x38, 0xD4, 0xBA, 0xCA, 0xB8, 0xE4, 0x5B, 0xEC, 0xBD, 0xEC, 0x9D, 0xB2, 0xF6, 0x50, 0x49,
    0x00, 0x5F, 0x00, 0x5F, 0x00, 0x5F, 0x58, 0x6A, 0xEB, 0xFC, 0xEB, 0x3C, 0xC9, 0xF8, 0xF3, 0xBD,
    0xC3, 0x18, 0x00, 0x5F, 0x00, 0x5F, 0x00, 0x5F, 0x00, 0x5F, 0x00, 0x5F, 0x00, 0x5F, 0xC3, 0x78,
    0xF4, 0xFD, 0xE5, 0x3B, 0xED, 0x1D, 0xEC, 0x5C, 0x58, 0x6A, 0x00, 0x5F, 0x00, 0x5F, 0x92, 0x12,
    0xF4, 0xDD, 0xD5, 0xFA, 0xD5, 0xDA, 0xF4, 0xBD, 0x9A, 0x52, 0xEC, 0x1C, 0xF4, 0x3D, 0xE3, 0xDB,
    0xE3, 0xFB, 0xDC, 0x1A, 0xCC, 0x79, 0xD5, 0x5A, 0xD5, 0xBA, 0xDD, 0xBB, 0xDD, 0x7B, 0xDD, 0x5B,
    0xE5, 0x5B, 0xF4, 0xBE, 0x89, 0xB0, 0xF4, 0x5D, 0xEA, 0xFC, 0xA9, 0x34, 0xF3, 0xDD, 0xCB, 0x38,
    0x50, 0x29, 0x00, 0x5F, 0x00, 0x5F, 0x00, 0x5F, 0x00, 0x5F, 0x00, 0x5F, 0x00, 0x5F, 0x79, 0x4E,
    0xEC, 0x9D, 0xE5, 0x5B, 0xE5, 0x5C, 0xFC, 0xDE, 0x89, 0xD0, 0x00, 0x5F, 0x71, 0x0D, 0xF4, 0x9E,
    0xDB, 0x9B, 0xD4, 0xBB, 0xF4, 0x7E, 0x92, 0x12, 0x00, 0x5F, 0x00, 0x5F, 0x00, 0x5F, 0x00, 0x5F,
    0x00, 0x5F, 0x00, 0x5F, 0x00, 0x5F, 0x00, 0x5F, 0x00, 0x5F, 0x00, 0x5F, 0x00, 0x5F, 0x00, 0x5F,
    0x00, 0x5F, 0x00, 0x5F, 0x71, 0x0D, 0xF4, 0x9E, 0xD3, 0x79, 0xD3, 0x99, 0xF4, 0xBD, 0x89, 0xD0,
    0x71, 0x0D, 0x71, 0x0D, 0x71, 0x0D, 0x71, 0x0D, 0x71, 0x0D, 0x71, 0x0D, 0x71, 0x0D, 0x71, 0x0D,
    0x71, 0x0D, 0x71, 0x0D, 0x58, 0x8A, 0x00, 0x5F, 0x00, 0x5F, 0x00, 0x5F, 0x00, 0x5F, 0x00, 0x5F,
    0x58, 0x6A, 0xB2, 0x95, 0xF4, 0x1D, 0xEB, 0x3C, 0xBA, 0x36, 0xBB, 0x17, 0xD4, 0xDA, 0xBA, 0x77,
    0xDC, 0x1A, 0xE4, 0xFC, 0xEC, 0xDD, 0xE4, 0x5C, 0x71, 0x2D, 0x00, 0x5F, 0x00, 0x5F, 0x00, 0x5F,
    0x00, 0x5F, 0x00, 0x5F, 0x68, 0xCC, 0xE3, 0xBB, 0xF3, 0xFD, 0xD2, 0x59, 0xA9, 0xF5, 0xC3, 0x18,
    0xD4, 0xBA, 0xC2, 0x77, 0xDC, 0x1A, 0xE4, 0xDC, 0xF4, 0xBD, 0xD3, 0xD9, 0x58, 0x8A, 0x00, 0x5F,
    0x68, 0xEC, 0xF4, 0x5D, 0xEA, 0xFC, 0xA9, 0x34, 0xF3, 0xDD, 0xCB, 0x58, 0x50, 0x29, 0x00, 0x5F,
    0x00, 0x5F, 0x00, 0x5F, 0x00, 0x5F, 0x00, 0x5F, 0x00, 0x5F, 0x79, 0x4E, 0xF4, 0x9D, 0xDD, 0x3B,
    0xE5, 0x3C, 0xFC, 0xDE, 0x89, 0xD1, 0x00, 0x5F, 0x00, 0x5F, 0x00, 0x5F, 0x00, 0x5F, 0x00, 0x5F,
    0x00, 0x5F, 0x00, 0x5F, 0x00, 0x5F, 0x71, 0x0D, 0xF4, 0x9E, 0xD3, 0x99, 0xD3, 0xB9, 0xF4, 0xBD,
    0x71, 0x0D, 0x00, 0x5F, 0x00, 0x5F, 0x00, 0x5F, 0x00, 0x5F, 0x00, 0x5F, 0x00, 0x5F, 0x00, 0x5F,
    0x00, 0x5F, 0x00, 0x5F, 0x60, 0xAB, 0xEC, 0x7D, 0xE5, 0x7C, 0xD5, 0xDA, 0xE5, 0x3C, 0xDB, 0xFA,
    0x50, 0x49, 0x00, 0x5F, 0x00, 0x5F, 0x92, 0x12, 0xF4, 0xDD, 0xD5, 0xFA, 0xD5, 0xDA, 0xF4, 0xDD,
    0x9A, 0x32, 0xDB, 0xFA, 0xEC, 0x7D, 0xEC, 0x5C, 0xEC, 0x7C, 0xE4, 0xDC, 0xD5, 0x7A, 0xD5, 0xBA,
    0xEC, 0xFC, 0xEC, 0xBD, 0xEC, 0xBD, 0xEC, 0xBD, 0xF4, 0xBD, 0xFC, 0xDE, 0xF4, 0x9D, 0xEC, 0x5C,
    0xEC, 0x7C, 0xE4, 0xDC, 0xD5, 0x7A, 0xD5, 0xBA, 0xEC, 0xFC, 0xEC, 0xBD, 0xEC, 0x9D, 0xEC, 0x9D,
    0xF4, 0xBD, 0xF4, 0x9D, 0x68, 0xEC, 0x92, 0x12, 0xF4, 0xDD, 0xD5, 0xFA, 0xD5, 0xDA, 0xF4, 0xDD,
    0x92, 0x32, 0x00, 0x5F, 0x00, 0x5F, 0x00, 0x5F, 0x60, 0xAB, 0xDB, 0xBA, 0xEB, 0xDC, 0xB9, 0xB6,
    0x88, 0x70, 0xA0, 0xF3, 0xE3, 0x3B, 0xEC, 0xBD, 0xE4, 0x5C, 0xDD, 0x3B, 0xD5, 0x5A, 0xDD, 0x3B,
    0xF4, 0xBD, 0x9A, 0x53, 0x00, 0x5F, 0x00, 0x5F, 0x00, 0x5F, 0x58, 0x6A, 0xEC, 0x1C, 0xCA, 0x58,
    0x90, 0xD1, 0xEB, 0x3C, 0xC3, 0x17, 0x00, 0x5F, 0x00, 0x5F, 0x00, 0x5F, 0x00, 0x5F, 0x00, 0x5F,
    0x00, 0x5F, 0xC3, 0x78, 0xEC, 0xFC, 0xD5, 0x79, 0xE5, 0x3B, 0xEC, 0x5C, 0x58, 0x6A, 0x00, 0x5F,
    0x00, 0x5F, 0x92, 0x12, 0xF4, 0xDD, 0xD5, 0xFA, 0xD5, 0xDA, 0xF4, 0xDD, 0x9A, 0x32, 0xDB, 0xDA,
    0xF4, 0x7D, 0xEC, 0x3C, 0xEC, 0x5C, 0xE4, 0x7C, 0xD4, 0xD9, 0xD5, 0x7A, 0xEC, 0xFC, 0xEC, 0x9D,
    0xEC, 0x9D, 0xEC, 0x9D, 0xF4, 0xBD, 0xF4, 0x9D, 0x68, 0xEC, 0xBA, 0xD6, 0xF3, 0xFD, 0x90, 0xB1,
    0xC9, 0xF8, 0xF4, 0x5D, 0x68, 0xEC, 0x00, 0x5F, 0x00, 0x5F, 0x00, 0x5F, 0x00, 0x5F, 0x00, 0x5F,
    0x50, 0x29, 0xBB, 0x16, 0xEC, 0xDC, 0xD5, 0x9A, 0xED, 0x1D, 0xDC, 0x1B, 0x58, 0x6A, 0x00, 0x5F,
    0x71, 0x0D, 0xFC, 0x7E, 0xE3, 0x1B, 0xDC, 0x9B, 0xFC, 0xBE, 0x92, 0x11, 0x00, 0x5F, 0x00, 0x5F,
    0x00, 0x5F, 0x00, 0x5F, 0x00, 0x5F, 0x00, 0x5F, 0x00, 0x5F, 0x00, 0x5F, 0x00, 0x5F, 0x00, 0x5F,
    0x00, 0x5F, 0x00, 0x5F, 0x00, 0x5F, 0x00, 0x5F, 0x71, 0x0D, 0xF4, 0x9E, 0xD3, 0xB9, 0xD3, 0xD9,
    0xF4, 0x9D, 0xEC, 0x7C, 0xEC, 0x7C, 0xEC, 0x9C, 0xEC, 0x9C, 0xEC, 0xBC, 0xEC, 0x9C, 0xEC, 0x9C,
    0xEC, 0x9C, 0xEC, 0x9C, 0xEC, 0x9C, 0xF4, 0xBD, 0xD3, 0xD9, 0x50, 0x49, 0x00, 0x5F, 0x00, 0x5F,
    0x00, 0x5F, 0x50, 0x29, 0xB2, 0xB5, 0xF4, 0x3D, 0xB9, 0xD6, 0x90, 0xB1, 0xA9, 0x54, 0xDB, 0x1A,
    0xEC, 0x9D, 0xEC, 0x7C, 0xDD, 0x1B, 0xD5, 0x5A, 0xD5, 0x7A, 0xEC, 0xFD, 0xDC, 0x1A, 0x58, 0x6A,
    0x00, 0x5F, 0x00, 0x5F, 0x00, 0x5F, 0x50, 0x49, 0xCB, 0x18, 0xF3, 0x9D, 0xA1, 0x33, 0xA1, 0x13,
    0xE2, 0x9B, 0xEB, 0xFD, 0xEC, 0x9D, 0xEC, 0x7D, 0xEC, 0xFC, 0xDD, 0x5A, 0xDD, 0x5A, 0xF4, 0xDD,
    0xBB, 0x16, 0x50, 0x29, 0x50, 0x29, 0xBA, 0xD6, 0xF3, 0xFD, 0x90, 0xB1, 0xC9, 0xF8, 0xF4, 0x5D,
    0x68, 0xEC, 0x00, 0x5F, 0x00, 0x5F, 0x00, 0x5F, 0x00, 0x5F, 0x00, 0x5F, 0x50, 0x29, 0xBB, 0x16,
    0xEC, 0xBC, 0xD5, 0x7A, 0xED, 0x1D, 0xDC, 0x1B, 0x58, 0x6A, 0x00, 0x5F, 0x00, 0x5F, 0x00, 0x5F,
    0x00, 0x5F, 0x00, 0x5F, 0x00, 0x5F, 0x00, 0x5F, 0x00, 0x5F, 0x71, 0x0D, 0xF4, 0x9E, 0xD3, 0xBA,
    0xDB, 0xFA, 0xF4, 0xBD, 0x71, 0x0D, 0x00, 0x5F, 0x00, 0x5F, 0x00, 0x5F, 0x00, 0x5F, 0x00, 0x5F,
    0x00, 0x5F, 0x00, 0x5F, 0x00, 0x5F, 0x00, 0x5F, 0x58, 0x6A, 0xEC, 0x5C, 0xE5, 0x5C, 0xD5, 0xDA,
    0xE5, 0x7C, 0xEC, 0x5C, 0x58, 0x6A, 0x00, 0x5F, 0x00, 0x5F, 0x92, 0x11, 0xF4, 0xDE, 0xD5, 0xFA,
    0xD5, 0xDA, 0xF4, 0xDD, 0x92, 0x31, 0x60, 0xCB, 0x71, 0x0D, 0x71, 0x0D, 0xAA, 0xB4, 0xF4, 0xBD,
    0xD5, 0x7A, 0xDD, 0xBB, 0xFC, 0xDE, 0xA2, 0x94, 0x91, 0xF1, 0x91, 0xF1, 0x91, 0xF1, 0x91, 0xF1,
    0x71, 0x0D, 0x71, 0x0D, 0xAA, 0xB4, 0xF4, 0xBD, 0xD5, 0x7A, 0xDD, 0xBB, 0xFC, 0xBE, 0xA2, 0x74,
    0x91, 0xF1, 0x91, 0xF1, 0x91, 0xF1, 0x81, 0x6F, 0x50, 0x29, 0x92, 0x32, 0xF4, 0xDD, 0xD5, 0xFA,
    0xD5, 0xFA, 0xF4, 0xFD, 0x92, 0x32, 0x00, 0x5F, 0x00, 0x5F, 0x50, 0x49, 0xC3, 0x17, 0xF4, 0x1D,
    0xA9, 0xF5, 0xA9, 0xD4, 0xE3, 0x3B, 0xEC, 0x1C, 0xCB, 0x38, 0xAA, 0xB4, 0xDB, 0xFA, 0xF4, 0xBE,
    0xE5, 0x1C, 0xD5, 0x79, 0xDD, 0x3B, 0xEC, 0x7C, 0x60, 0xCB, 0x00, 0x5F, 0x00, 0x5F, 0x58, 0x6A,
    0xEC, 0x1C, 0xD2, 0xB9, 0x99, 0x72, 0xEB, 0x7C, 0xC3, 0x38, 0x00, 0x5F, 0x00, 0x5F, 0x00, 0x5F,
    0x00, 0x5F, 0x00, 0x5F, 0x00, 0x5F, 0xC3, 0x78, 0xEC, 0xFC, 0xCD, 0x79, 0xE5, 0x3C, 0xEC, 0x5C,
    0x58, 0x6A, 0x00, 0x5F, 0x00, 0x5F, 0x92, 0x11, 0xF4, 0xDE, 0xD5, 0xFA, 0xD5, 0xDA, 0xF4, 0xDD,
    0x92, 0x32, 0x60, 0xCB, 0x71, 0x0D, 0x71, 0x0D, 0xAA, 0x94, 0xF4, 0x9D, 0xD5, 0x1A, 0xDD, 0x9B,
    0xFC, 0xBE, 0xA2, 0x74, 0x91, 0xF1, 0x91, 0xF1, 0x91, 0xF1, 0x81, 0x6F, 0x50, 0x29, 0x79, 0x4E,
    0xFC, 0x9E, 0xCA, 0x38, 0xA1, 0x33, 0xF4, 0x1D, 0xB2, 0x95, 0x00, 0x5F, 0x00, 0x5F, 0x00, 0x5F,
    0x00, 0x5F, 0x00, 0x5F, 0x68, 0xCC, 0xEC, 0x9D, 0xDD, 0x3B, 0xDD, 0x7B, 0xF4, 0xDE, 0xA2, 0x73,
    0x00, 0x5F, 0x00, 0x5F, 0x58, 0x8A, 0xBA, 0xD6, 0xC3, 0x38, 0xC3, 0x78, 0xC3, 0x57, 0x71, 0x0D,
    0x00, 0x5F, 0x00, 0x5F, 0x00, 0x5F, 0x00, 0x5F, 0x00, 0x5F, 0x00, 0x5F, 0x00, 0x5F, 0x00, 0x5F,
    0x00, 0x5F, 0x00, 0x5F, 0x00, 0x5F, 0x00, 0x5F, 0x00, 0x5F, 0x00, 0x5F, 0x71, 0x0D, 0xF4, 0xBD,
    0xDB, 0xFA, 0xCB, 0xF9, 0xD4, 0x5A, 0xD4, 0x9A, 0xD4, 0xFA, 0xD5, 0x5A, 0xD5, 0xBA, 0xD5, 0xFA,
    0xD5, 0xDA, 0xD5, 0xDA, 0xD5, 0xDA, 0xD5, 0xDA, 0xD5, 0xBA, 0xE5, 0x7C, 0xEC, 0x5C, 0x58, 0x6A,
    0x00, 0x5F, 0x00, 0x5F, 0x00, 0x5F, 0x68, 0xEC, 0xF4, 0x5D, 0xD2, 0x99, 0xA1, 0x93, 0xEB, 0x9C,
    0xEC, 0x1C, 0xC3, 0x17, 0x9A, 0x53, 0xB2, 0xD5, 0xDC, 0x3B, 0xF4, 0xDD, 0xD5, 0x7A, 0xDD, 0x5A,
    0xF4, 0xDE, 0x91, 0xF1, 0x00, 0x5F, 0x00, 0x5F, 0x00, 0x5F, 0x79, 0x4E, 0xF4, 0x7E, 0xC2, 0x57,
    0xA9, 0xB4, 0xEB, 0xFC, 0xDB, 0xDB, 0x9A, 0x12, 0x79, 0x6E, 0xB2, 0xD5, 0xE4, 0x3B, 0xF4, 0xBD,
    0xDD, 0x5A, 0xDD, 0x3B, 0xF4, 0x9D, 0x68, 0xEC, 0x00, 0x5F, 0x79, 0x4E, 0xF4, 0x7E, 0xCA, 0x38,
    0xA1, 0x33, 0xF4, 0x1D, 0xB2, 0x95, 0x00, 0x5F, 0x00, 0x5F, 0x00, 0x5F, 0x00, 0x5F, 0x00, 0x5F,
    0x68, 0xCC, 0xEC, 0x7D, 0xDD, 0x3B, 0xDD, 0x5B, 0xF4, 0xBE, 0xA2, 0x53, 0x00, 0x5F, 0x00, 0x5F,
    0x00, 0x5F, 0x00, 0x5F, 0x00, 0x5F, 0x00, 0x5F, 0x00, 0x5F, 0x00, 0x5F, 0x00, 0x5F, 0x71, 0x0D,
    0xF4, 0xBD, 0xDB, 0xFA, 0xDC, 0x1A, 0xF4, 0xBD, 0x71, 0x0D, 0x00, 0x5F, 0x00, 0x5F, 0x00, 0x5F,
    0x00, 0x5F, 0x00, 0x5F, 0x00, 0x5F, 0x00, 0x5F, 0x00, 0x5F, 0x00, 0x5F, 0x58, 0x6A, 0xEC, 0x7C,
    0xE5, 0x7C, 0xD5, 0xDA, 0xE5, 0x7C, 0xEC, 0x5C, 0x58, 0x6A, 0x00, 0x5F, 0x00, 0x5F, 0x92, 0x11,
    0xF4, 0xDD, 0xD5, 0xFA, 0xD5, 0xDA, 0xF4, 0xDD, 0x92, 0x31, 0x00, 0x5F, 0x00, 0x5F, 0x00, 0x5F,
    0x92, 0x32, 0xF4, 0xDD, 0xCD, 0x7A, 0xDD, 0xBB, 0xF4, 0xDE, 0x71, 0x0D, 0x00, 0x5F, 0x00, 0x5F,
    0x00, 0x5F, 0x00, 0x5F, 0x00, 0x5F, 0x00, 0x5F, 0x92, 0x32, 0xF4, 0xBD, 0xCD, 0x7A, 0xDD, 0xBB,
    0xF4, 0xBE, 0x71, 0x0D, 0x00, 0x5F, 0x00, 0x5F, 0x00, 0x5F, 0x00, 0x5F, 0x00, 0x5F, 0x92, 0x32,
    0xF4, 0xDD, 0xD5, 0xFA, 0xD5, 0xDA, 0xF4, 0xDE, 0x92, 0x32, 0x00, 0x5F, 0x00, 0x5F, 0x79, 0x4E,
    0xF4, 0x9E, 0xD2, 0xF9, 0xA2, 0x14, 0xEB, 0xBC, 0xE3, 0xFB, 0x79, 0x4E, 0x50, 0x29, 0x00, 0x5F,
    0x50, 0x49, 0x89, 0xD0, 0xF4, 0xBD, 0xDD, 0x5B, 0xD5, 0x7A, 0xF4, 0xDD, 0xA2, 0x94, 0x00, 0x5F,
    0x00, 0x5F, 0x58, 0x6A, 0xEC, 0x1C, 0xDA, 0xFA, 0xA2, 0x13, 0xEB, 0xDC, 0xC3, 0x38, 0x00, 0x5F,
    0x00, 0x5F, 0x00, 0x5F, 0x00, 0x5F, 0x00, 0x5F, 0x00, 0x5F, 0xC3, 0x78, 0xEC, 0xFC, 0xCD, 0x79,
    0xE5, 0x5B, 0xEC, 0x5C, 0x58, 0x6A, 0x00, 0x5F, 0x00, 0x5F, 0x92, 0x12, 0xF4, 0xDD, 0xD5, 0xFA,
    0xD5, 0xDA, 0xF4, 0xBE, 0x92, 0x32, 0x00, 0x5F, 0x00, 0x5F, 0x00, 0x5F, 0x92, 0x12, 0xF4, 0xBD,
    0xD5, 0x5A, 0xDD, 0x9B, 0xF4, 0xBE, 0x71, 0x0D, 0x00, 0x5F, 0x00, 0x5F, 0x00, 0x5F, 0x00, 0x5F,
    0x00, 0x5F, 0x50, 0x49, 0xCB, 0x58, 0xEB, 0xFD, 0xA1, 0x93, 0xEB, 0x3C, 0xEC, 0x3C, 0x60, 0xAB,
    0x00, 0x5F, 0x00, 0x5F, 0x00, 0x5F, 0x00, 0x5F, 0xA2, 0x73, 0xEC, 0xBD, 0xD5, 0x7A, 0xE5, 0x3C,
    0xEC, 0x7C, 0x60, 0xAB, 0x00, 0x5F, 0x00, 0x5F, 0x00, 0x5F, 0x00, 0x5F, 0x00, 0x5F, 0x00, 0x5F,
    0x00, 0x5F, 0x00, 0x5F, 0x00, 0x5F, 0x00, 0x5F, 0x00, 0x5F, 0x00, 0x5F, 0x00, 0x5F, 0x00, 0x5F,
    0x00, 0x5F, 0x00, 0x5F, 0x00, 0x5F, 0x00, 0x5F, 0x00, 0x5F, 0x00, 0x5F, 0x00, 0x5F, 0x00, 0x5F,
    0x71, 0x0D, 0xF4, 0xBD, 0xDC, 0x1A, 0xCC, 0x39, 0xD4, 0x7A, 0xDC, 0xBB, 0xDD, 0x1B, 0xDD, 0x5B,
    0xDD, 0xBB, 0xD5, 0xBA, 0xD5, 0x9A, 0xDD, 0xBB, 0xDD, 0x9B, 0xDD, 0xBB, 0xDD, 0xBB, 0xED, 0x5C,
    0xEC, 0x5C, 0x58, 0x6A, 0x00, 0x5F, 0x00, 0x5F, 0x00, 0x5F, 0xAA, 0x94, 0xFC, 0x7E, 0xDB, 0x3B,
    0xE3, 0x9B, 0xF4, 0x9E, 0x81, 0x8F, 0x00, 0x5F, 0x00, 0x5F, 0x00, 0x5F, 0x60, 0xAB, 0xEC, 0x7C,
    0xE5, 0x1B, 0xCD, 0x79, 0xEC, 0xFD, 0xC3, 0x57, 0x00, 0x5F, 0x00, 0x5F, 0x00, 0x5F, 0xB2, 0xB6,
    0xF4, 0x1D, 0xAA, 0x34, 0xE3, 0x5B, 0xEC, 0x3C, 0x60, 0xAB, 0x00, 0x5F, 0x00, 0x5F, 0x00, 0x5F,
    0x60, 0xAB, 0xE4, 0x5C, 0xEC, 0xBD, 0xEC, 0xBC, 0xFC, 0xDE, 0x89, 0xD0, 0x00, 0x5F, 0x50, 0x49,
    0xCB, 0x58, 0xEB, 0xFD, 0xA1, 0x93, 0xEB, 0x3C, 0xEC, 0x3C, 0x60, 0xAB, 0x00, 0x5F, 0x00, 0x5F,
    0x00, 0x5F, 0x00, 0x5F, 0xA2, 0x73, 0xEC, 0x9C, 0xD5, 0x5A, 0xE5, 0x3C, 0xEC, 0x5C, 0x60, 0xAB,
    0x00, 0x5F, 0x00, 0x5F, 0x00, 0x5F, 0x00, 0x5F, 0x00, 0x5F, 0x00, 0x5F, 0x00, 0x5F, 0x00, 0x5F,
    0x00, 0x5F, 0x71, 0x0D, 0xF4, 0xBD, 0xDC, 0x1A, 0xDC, 0x3A, 0xF4, 0xBD, 0x71, 0x0D, 0x00, 0x5F,
    0x00, 0x5F, 0x00, 0x5F, 0x00, 0x5F, 0x00, 0x5F, 0x00, 0x5F, 0x00, 0x5F, 0x00, 0x5F, 0x00, 0x5F,
    0x58, 0x6A, 0xEC, 0x7C, 0xE5, 0x7C, 0xD5, 0xDA, 0xE5, 0x7C, 0xEC, 0x5C, 0x58, 0x6A, 0x00, 0x5F,
    0x00, 0x5F, 0x92, 0x11, 0xF4, 0xDD, 0xD5, 0xFA, 0xD5, 0xDA, 0xF4, 0xDD, 0x92, 0x31, 0x00, 0x5F,
    0x00, 0x5F, 0x00, 0x5F, 0x92, 0x32, 0xF4, 0xDD, 0xCD, 0x79, 0xD5, 0xBA, 0xF4, 0xBE, 0x71, 0x0D,
    0x00, 0x5F, 0x00, 0x5F, 0x00, 0x5F, 0x00, 0x5F, 0x00, 0x5F, 0x00, 0x5F, 0x92, 0x11, 0xF4, 0xBD,
    0xCD, 0x59, 0xD5, 0x9A, 0xF4, 0xBE, 0x71, 0x0D, 0x00, 0x5F, 0x00, 0x5F, 0x00, 0x5F, 0x00, 0x5F,
    0x00, 0x5F, 0x92, 0x32, 0xF4, 0xDD, 0xD5, 0xFA, 0xD5, 0xDA, 0xF4, 0xDE, 0x92, 0x32, 0x00, 0x5F,
    0x00, 0x5F, 0xB2, 0xB6, 0xF4, 0x3D, 0xB2, 0x95, 0xD3, 0x39, 0xF4, 0x7D, 0x79, 0x4E, 0x00, 0x5F,
    0x00, 0x5F, 0x00, 0x5F, 0x00, 0x5F, 0x50, 0x49, 0xCB, 0x98, 0xF4, 0x9D, 0xEC, 0x7C, 0xF4, 0xBD,
    0xCB, 0x99, 0x50, 0x49, 0x00, 0x5F, 0x58, 0x6A, 0xEC, 0x1C, 0xDB, 0x5B, 0xAA, 0x95, 0xEB, 0xFC,
    0xC3, 0x58, 0x00, 0x5F, 0x00, 0x5F, 0x00, 0x5F, 0x00, 0x5F, 0x00, 0x5F, 0x00, 0x5F, 0xC3, 0x78,
    0xEC, 0xFD, 0xCD, 0x79, 0xE5, 0x5C, 0xEC, 0x5C, 0x58, 0x6A, 0x00, 0x5F, 0x00, 0x5F, 0x92, 0x12,
    0xF4, 0xDD, 0xD5, 0xFA, 0xCD, 0xBA, 0xF4, 0xDD, 0x92, 0x32, 0x00, 0x5F, 0x00, 0x5F, 0x00, 0x5F,
    0x92, 0x12, 0xF4, 0xBD, 0xD5, 0x7A, 0xDD, 0xBB, 0xF4, 0xBE, 0x71, 0x0D, 0x00, 0x5F, 0x00, 0x5F,
    0x00, 0x5F, 0x00, 0x5F, 0x00, 0x5F, 0x00, 0x5F, 0x89, 0xAF, 0xFC, 0x9E, 0xCA, 0xB8, 0xC2, 0xB7,
    0xFC, 0x9E, 0x92, 0x12, 0x00, 0x5F, 0x00, 0x5F, 0x00, 0x5F, 0x58, 0x6A, 0xE4, 0x3C, 0xE5, 0x3B,
    0xD5, 0x7A, 0xF4, 0xDD, 0xB2, 0xF5, 0x00, 0x5F, 0x00, 0x5F, 0x00, 0x5F, 0x00, 0x5F, 0x00, 0x5F,
    0x00, 0x5F, 0x00, 0x5F, 0x00, 0x5F, 0x00, 0x5F, 0x00, 0x5F, 0x00, 0x5F, 0x00, 0x5F, 0x00, 0x5F,
    0x00, 0x5F, 0x00, 0x5F, 0x00, 0x5F, 0x00, 0x5F, 0x00, 0x5F, 0x00, 0x5F, 0x00, 0x5F, 0x00, 0x5F,
    0x00, 0x5F, 0x00, 0x5F, 0x71, 0x0D, 0xF4, 0xBD, 0xDC, 0x5A, 0xD4, 0x7A, 0xF4, 0xBD, 0xF4, 0x9D,
    0xF4, 0x9D, 0xF4, 0x9D, 0xF4, 0x9D, 0xF4, 0x9D, 0xF4, 0x9D, 0xF4, 0x9D, 0xF4, 0x9D, 0xF4, 0x9D,
    0xF4, 0x9D, 0xF4, 0x9E, 0xCB, 0x99, 0x50, 0x49, 0x00, 0x5F, 0x00, 0x5F, 0x00, 0x5F, 0x81, 0x8F,
    0xC3, 0x37, 0xC3, 0x38, 0xC3, 0x38, 0x91, 0xF1, 0x50, 0x29, 0x50, 0x29, 0x60, 0xCB, 0x71, 0x2D,
    0xA2, 0x94, 0xF4, 0x9D, 0xEC, 0xFC, 0xCD, 0x79, 0xEC, 0xFC, 0xC3, 0x78, 0x00, 0x5F, 0x00, 0x5F,
    0x00, 0x5F, 0xB2, 0xB5, 0xF4, 0x3D, 0xB2, 0xB5, 0xE3, 0x9B, 0xF4, 0x7D, 0x91, 0xF1, 0x58, 0x6A,
    0x00, 0x5F, 0x00, 0x5F, 0x00, 0x5F, 0x71, 0x2D, 0x92, 0x32, 0x92, 0x32, 0x91, 0xF1, 0x58, 0x8A,
    0x00, 0x5F, 0x00, 0x5F, 0x89, 0xAF, 0xFC, 0x9E, 0xCA, 0xB8, 0xC2, 0xB7, 0xF4, 0x9E, 0x92, 0x12,
    0x00, 0x5F, 0x00, 0x5F, 0x00, 0x5F, 0x58, 0x6A, 0xE4, 0x3B, 0xE5, 0x1B, 0xD5, 0x5A, 0xF4, 0xBD,
    0xB2, 0xD5, 0x00, 0x5F, 0x00, 0x5F, 0x00, 0x5F, 0x00, 0x5F, 0x00, 0x5F, 0x00, 0x5F, 0x00, 0x5F,
    0x00, 0x5F, 0x00, 0x5F, 0x00, 0x5F, 0x71, 0x0D, 0xF4, 0xBD, 0xDC, 0x3B, 0xDC, 0x5B, 0xF4, 0xBE,
    0x71, 0x0D, 0x00, 0x5F, 0x00, 0x5F, 0x00, 0x5F, 0x00, 0x5F, 0x00, 0x5F, 0x00, 0x5F, 0x00, 0x5F,
    0x00, 0x5F, 0x00, 0x5F, 0x60, 0xAB, 0xF4, 0x9D, 0xE5, 0x9B, 0xD5, 0xDA, 0xED, 0x3C, 0xD3, 0xB9,
    0x50, 0x29, 0x00, 0x5F, 0x00, 0x5F, 0x92, 0x11, 0xF4, 0xDD, 0xD5, 0xDA, 0xCD, 0xBA, 0xF4, 0xDE,
    0x92, 0x31, 0x00, 0x5F, 0x00, 0x5F, 0x00, 0x5F, 0x92, 0x32, 0xF4, 0xDD, 0xCD, 0x79, 0xD5, 0x9A,
    0xF4, 0xBE, 0x71, 0x0D, 0x00, 0x5F, 0x00, 0x5F, 0x00, 0x5F, 0x00, 0x5F, 0x00, 0x5F, 0x00, 0x5F,
    0x92, 0x11, 0xF4, 0xBD, 0xCD, 0x79, 0xD5, 0x9A, 0xF4, 0xBD, 0x71, 0x0D, 0x00, 0x5F, 0x00, 0x5F,
    0x00, 0x5F, 0x00, 0x5F, 0x00, 0x5F, 0x92, 0x32, 0xF4, 0xFD, 0xD5, 0xDA, 0xCD, 0xBA, 0xF4, 0xDE,
    0x92, 0x31, 0x00, 0x5F, 0x50, 0x29, 0xD3, 0x9A, 0xEB, 0xDC, 0xB2, 0xD5, 0xEC, 0x1C, 0xD3, 0x99,
    0x50, 0x49, 0x00, 0x5F, 0x00, 0x5F, 0x00, 0x5F, 0x00, 0x5F, 0x00, 0x5F, 0x58, 0x8A, 0x71, 0x0D,
    0x71, 0x0D, 0x71, 0x0D, 0x60, 0xCB, 0x00, 0x5F, 0x00, 0x5F, 0x58, 0x6A, 0xEC, 0x3C, 0xE3, 0x9B,
    0xB3, 0x16, 0xEC, 0x3C, 0xC3, 0x58, 0x00, 0x5F, 0x00, 0x5F, 0x00, 0x5F, 0x00, 0x5F, 0x00, 0x5F,
    0x00, 0x5F, 0xC3, 0x78, 0xEC, 0xFC, 0xCD, 0x79, 0xE5, 0x5C, 0xEC, 0x5C, 0x58, 0x6A, 0x00, 0x5F,
    0x00, 0x5F, 0x92, 0x11, 0xF4, 0xDD, 0xD5, 0xDA, 0xD5, 0xBA, 0xF4, 0xDD, 0x92, 0x32, 0x00, 0x5F,
    0x00, 0x5F, 0x00, 0x5F, 0x92, 0x11, 0xF4, 0xBD, 0xD5, 0x7A, 0xD5, 0xBB, 0xF4, 0xBE, 0x71, 0x0D,
    0x00, 0x5F, 0x00, 0x5F, 0x00, 0x5F, 0x00, 0x5F, 0x00, 0x5F, 0x00, 0x5F, 0x58, 0x6A, 0xDB, 0xDA,
    0xEC, 0x1C, 0xBA, 0xF6, 0xEC, 0x3C, 0xDB, 0xFA, 0x58, 0x6A, 0x00, 0x5F, 0x00, 0x5F, 0x89, 0xF1,
    0xF4, 0xBD, 0xD5, 0x7A, 0xE5, 0x5C, 0xF4, 0x9D, 0x68, 0xEC, 0x00, 0x5F, 0x00, 0x5F, 0x00, 0x5F,
    0x00, 0x5F, 0x00, 0x5F, 0x00, 0x5F, 0x00, 0x5F, 0x00, 0x5F, 0x00, 0x5F, 0x00, 0x5F, 0x00, 0x5F,
    0x00, 0x5F, 0x00, 0x5F, 0x00, 0x5F, 0x00, 0x5F, 0x00, 0x5F, 0x00, 0x5F, 0x00, 0x5F, 0x00, 0x5F,
    0x00, 0x5F, 0x00, 0x5F, 0x00, 0x5F, 0x00, 0x5F, 0x71, 0x0D, 0xF4, 0xBD, 0xDC, 0x7B, 0xDC, 0x9B,
    0xF4, 0xBE, 0x89, 0xD0, 0x71, 0x0D, 0x71, 0x0D, 0x71, 0x0D, 0x71, 0x0D, 0x71, 0x0D, 0x71, 0x0D,
    0x71, 0x0D, 0x71, 0x0D, 0x71, 0x0D, 0x71, 0x0D, 0x58, 0x8A, 0x00, 0x5F, 0x00, 0x5F, 0x00, 0x5F,
    0x00, 0x5F, 0x00, 0x5F, 0x00, 0x5F, 0x00, 0x5F, 0x58, 0x6A, 0x81, 0x8F, 0xBB, 0x37, 0xD3, 0xFA,
    0xF4, 0x9D, 0xEC, 0x9D, 0xEC, 0xDD, 0xE5, 0x1C, 0xD5, 0x7A, 0xCD, 0x99, 0xEC, 0xFC, 0xC3, 0x78,
    0x00, 0x5F, 0x00, 0x5F, 0x00, 0x5F, 0x68, 0xEC, 0xF4, 0x7D, 0xE3, 0xBB, 0xCB, 0x98, 0xEC, 0x5C,
    0xF4, 0x9D, 0xE4, 0x3B, 0xBB, 0x36, 0x89, 0xF1, 0x71, 0x0D, 0x58, 0x8A, 0x50, 0x29, 0x00, 0x5F,
    0x00, 0x5F, 0x00, 0x5F, 0x00, 0x5F, 0x00, 0x5F, 0x58, 0x6A, 0xDB, 0xDA, 0xEB, 0xFC, 0xBA, 0xF6,
    0xEC, 0x3C, 0xDB, 0xFA, 0x58, 0x6A, 0x00, 0x5F, 0x00, 0x5F, 0x89, 0xD0, 0xF4, 0x9D, 0xD5, 0x7A,
    0xE5, 0x3C, 0xF4, 0x9D, 0x68, 0xEC, 0x00, 0x5F, 0x00, 0x5F, 0x00, 0x5F, 0x00, 0x5F, 0x00, 0x5F,
    0x00, 0x5F, 0x00, 0x5F, 0x00, 0x5F, 0x00, 0x5F, 0x00, 0x5F, 0x71, 0x0D, 0xF4, 0xBD, 0xDC, 0x5A,
    0xDC, 0x7A, 0xF4, 0xBE, 0x71, 0x0D, 0x00, 0x5F, 0x00, 0x5F, 0x00, 0x5F, 0x00, 0x5F, 0x00, 0x5F,
    0x00, 0x5F, 0x00, 0x5F, 0x00, 0x5F, 0x00, 0x5F, 0x71, 0x2D, 0xF4, 0xBD, 0xDD, 0xBB, 0xD5, 0xDA,
    0xEC, 0xFD, 0xBB, 0x37, 0x00, 0x5F, 0x00, 0x5F, 0x00, 0x5F, 0x92, 0x12, 0xF4, 0xDD, 0xD5, 0xDA,
    0xD5, 0xDA, 0xF4, 0xDE, 0x92, 0x31, 0x00, 0x5F, 0x00, 0x5F, 0x00, 0x5F, 0x92, 0x32, 0xF4, 0xDD,
    0xCD, 0x59, 0xD5, 0x7A, 0xF4, 0xBE, 0x71, 0x0D, 0x00, 0x5F, 0x00, 0x5F, 0x00, 0x5F, 0x00, 0x5F,
    0x00, 0x5F, 0x00, 0x5F, 0x92, 0x32, 0xF4, 0xBD, 0xCD, 0x39, 0xD5, 0x5A, 0xF4, 0xBD, 0x71, 0x0D,
    0x00, 0x5F, 0x00, 0x5F, 0x00, 0x5F, 0x00, 0x5F, 0x00, 0x5F, 0x92, 0x32, 0xF4, 0xDD, 0xD5, 0xDA,
    0xD5, 0xDA, 0xF4, 0xDE, 0x92, 0x31, 0x00, 0x5F, 0x58, 0x8A, 0xEC, 0x3C, 0xE3, 0xBB, 0xC3, 0x58,
    0xF4, 0x7D, 0xA2, 0x74, 0x00, 0x5F, 0x00, 0x5F, 0x00, 0x5F, 0x00, 0x5F, 0x00, 0x5F, 0x00, 0x5F,
    0x00, 0x5F, 0x00, 0x5F, 0x00, 0x5F, 0x00, 0x5F, 0x00, 0x5F, 0x00, 0x5F, 0x00, 0x5F, 0x58, 0x6A,
    0xEC, 0x3C, 0xE3, 0xDB, 0xC3, 0x98, 0xEC, 0x7C, 0xC3, 0x58, 0x00, 0x5F, 0x00, 0x5F, 0x00, 0x5F,
    0x00, 0x5F, 0x00, 0x5F, 0x00, 0x5F, 0xC3, 0x78, 0xED, 0x1C, 0xD5, 0x9A, 0xE5, 0x5B, 0xEC, 0x5C,
    0x58, 0x6A, 0x00, 0x5F, 0x00, 0x5F, 0x92, 0x32, 0xF4, 0xDD, 0xD5, 0xDA, 0xD5, 0xDA, 0xF4, 0xDD,
    0x92, 0x32, 0x00, 0x5F, 0x00, 0x5F, 0x00, 0x5F, 0x92, 0x11, 0xF4, 0xBD, 0xCD, 0x7A, 0xD5, 0xBA,
    0xF4, 0xBE, 0x71, 0x0D, 0x00, 0x5F, 0x00, 0x5F, 0x00, 0x5F, 0x00, 0x5F, 0x00, 0x5F, 0x00, 0x5F,
    0x00, 0x5F, 0x92, 0x12, 0xFC, 0x9E, 0xD3, 0xB9, 0xDC, 0x3B, 0xFC, 0xBE, 0x79, 0x6E, 0x00, 0x5F,
    0x50, 0x49, 0xD3, 0xD9, 0xED, 0x1C, 0xD5, 0x9A, 0xF4, 0xDD, 0xC3, 0x57, 0x50, 0x29, 0x00, 0x5F,
    0x00, 0x5F, 0x00, 0x5F, 0x00, 0x5F, 0x00, 0x5F, 0x00, 0x5F, 0x00, 0x5F, 0x00, 0x5F, 0x00, 0x5F,
    0x00, 0x5F, 0x00, 0x5F, 0x00, 0x5F, 0x00, 0x5F, 0x00, 0x5F, 0x00, 0x5F, 0x00, 0x5F, 0x00, 0x5F,
    0x00, 0x5F, 0x00, 0x5F, 0x00, 0x5F, 0x00, 0x5F, 0x00, 0x5F, 0x00, 0x5F, 0x71, 0x0D, 0xF4, 0xBD,
    0xDC, 0x9A, 0xD4, 0xBA, 0xF4, 0xBE, 0x71, 0x0D, 0x00, 0x5F, 0x00, 0x5F, 0x00, 0x5F, 0x00, 0x5F,
    0x00, 0x5F, 0x00, 0x5F, 0x00, 0x5F, 0x00, 0x5F, 0x00, 0x5F, 0x00, 0x5F, 0x00, 0x5F, 0x00, 0x5F,
    0x00, 0x5F, 0x00, 0x5F, 0x00, 0x5F, 0x00, 0x5F, 0x60, 0xAB, 0xB2, 0xD5, 0xE4, 0x3C, 0xF4, 0x9D,
    0xEC, 0xBC, 0xE5, 0x3B, 0xDD, 0xBB, 0xD5, 0xBA, 0xD5, 0x7A, 0xDD, 0x5B, 0xD5, 0x9A, 0xD5, 0x9A,
    0xEC, 0xFC, 0xC3, 0x78, 0x00, 0x5F, 0x00, 0x5F, 0x00, 0x5F, 0x50, 0x29, 0xAA, 0x95, 0xF4, 0x9E,
    0xE4, 0x5C, 0xD4, 0x5A, 0xD4, 0xDA, 0xE5, 0x3C, 0xED, 0x1D, 0xF4, 0xDD, 0xF4, 0xBD, 0xE4, 0x5C,
    0xC3, 0x57, 0x79, 0x4E, 0x50, 0x49, 0x00, 0x5F, 0x00, 0x5F, 0x00, 0x5F, 0x00, 0x5F, 0x92, 0x12,
    0xFC, 0x9E, 0xD3, 0x99, 0xDC, 0x1B, 0xFC, 0xBE, 0x79, 0x6E, 0x00, 0x5F, 0x50, 0x49, 0xD3, 0xB9,
    0xEC, 0xFD, 0xD5, 0x7A, 0xF4, 0xDD, 0xC3, 0x57, 0x50, 0x29, 0x00, 0x5F, 0x00, 0x5F, 0x00, 0x5F,
    0x00, 0x5F, 0x00, 0x5F, 0x00, 0x5F, 0x00, 0x5F, 0x00, 0x5F, 0x00, 0x5F, 0x00, 0x5F, 0x71, 0x0D,
    0xF4, 0xBD, 0xDC, 0x7A, 0xD4, 0x9A, 0xF4, 0xBD, 0x71, 0x0D, 0x00, 0x5F, 0x00, 0x5F, 0x00, 0x5F,
    0x00, 0x5F, 0x00, 0x5F, 0x00, 0x5F, 0x00, 0x5F, 0x00, 0x5F, 0x50, 0x29, 0xBA, 0xF6, 0xF4, 0xDD,
    0xD5, 0xBA, 0xDD, 0xBB, 0xF4, 0xDE, 0x91, 0xF1, 0x00, 0x5F, 0x00, 0x5F, 0x00, 0x5F, 0x92, 0x11,
    0xF4, 0xDD, 0xD5, 0xDA, 0xCD, 0xB9, 0xF4, 0xDD, 0x92, 0x31, 0x00, 0x5F, 0x00, 0x5F, 0x00, 0x5F,
    0x92, 0x31, 0xF4, 0xDD, 0xC5, 0x38, 0xCD, 0x59, 0xF4, 0xBD, 0x71, 0x0D, 0x00, 0x5F, 0x00, 0x5F,
    0x00, 0x5F, 0x00, 0x5F, 0x00, 0x5F, 0x00, 0x5F, 0x92, 0x32, 0xF4, 0xBD, 0xC5, 0x18, 0xCD, 0x39,
    0xF4, 0xBD, 0x71, 0x0D, 0x00, 0x5F, 0x00, 0x5F, 0x00, 0x5F, 0x00, 0x5F, 0x00, 0x5F, 0x92, 0x31,
    0xF4, 0xDD, 0xD5, 0xDA, 0xCD, 0xB9, 0xF4, 0xDD, 0x92, 0x32, 0x00, 0x5F, 0x68, 0xCC, 0xF4, 0x7D,
    0xD3, 0xBA, 0xC3, 0xB8, 0xF4, 0x7D, 0x9A, 0x12, 0x00, 0x5F, 0x00, 0x5F, 0x00, 0x5F, 0x00, 0x5F,
    0x00, 0x5F, 0x00, 0x5F, 0x00, 0x5F, 0x00, 0x5F, 0x00, 0x5F, 0x00, 0x5F, 0x00, 0x5F, 0x00, 0x5F,
    0x00, 0x5F, 0x58, 0x6A, 0xEC, 0x3C, 0xE4, 0x1B, 0xC3, 0xF8, 0xEC, 0x7C, 0xC3, 0x58, 0x00, 0x5F,
    0x00, 0x5F, 0x00, 0x5F, 0x00, 0x5F, 0x00, 0x5F, 0x00, 0x5F, 0xC3, 0x78, 0xED, 0x1C, 0xD5, 0x9A,
    0xE5, 0x5C, 0xEC, 0x5C, 0x58, 0x6A, 0x00, 0x5F, 0x00, 0x5F, 0x92, 0x32, 0xF4, 0xDD, 0xD5, 0xDA,
    0xCD, 0xB9, 0xF4, 0xDD, 0x92, 0x32, 0x00, 0x5F, 0x00, 0x5F, 0x00, 0x5F, 0x92, 0x11, 0xF4, 0xBD,
    0xCD, 0x79, 0xD5, 0x9A, 0xF4, 0xBE, 0x71, 0x0D, 0x00, 0x5F, 0x00, 0x5F, 0x00, 0x5F, 0x00, 0x5F,
    0x00, 0x5F, 0x00, 0x5F, 0x00, 0x5F, 0x60, 0xAB, 0xEC, 0x5C, 0xEC, 0x7C, 0xD4, 0x5A, 0xEC, 0xBD,
    0xCB, 0x98, 0x50, 0x29, 0x79, 0x4E, 0xF4, 0xBE, 0xDD, 0x7B, 0xDD, 0x7B, 0xFC, 0xBE, 0x79, 0x4E,
    0x00, 0x5F, 0x00, 0x5F, 0x00, 0x5F, 0x00, 0x5F, 0x00, 0x5F, 0x00, 0x5F, 0x00, 0x5F, 0x00, 0x5F,
    0x00, 0x5F, 0x00, 0x5F, 0x00, 0x5F, 0x00, 0x5F, 0x00, 0x5F, 0x00, 0x5F, 0x00, 0x5F, 0x00, 0x5F,
    0x00, 0x5F, 0x00, 0x5F, 0x00, 0x5F, 0x00, 0x5F, 0x00, 0x5F, 0x00, 0x5F, 0x00, 0x5F, 0x00, 0x5F,
    0x71, 0x0D, 0xF4, 0xBD, 0xDC, 0x9A, 0xDC, 0xDA, 0xF4, 0xBD, 0x71, 0x0D, 0x00, 0x5F, 0x00, 0x5F,
    0x00, 0x5F, 0x00, 0x5F, 0x00, 0x5F, 0x00, 0x5F, 0x00, 0x5F, 0x00, 0x5F, 0x00, 0x5F, 0x00, 0x5F,
    0x00, 0x5F, 0x00, 0x5F, 0x00, 0x5F, 0x00, 0x5F, 0x00, 0x5F, 0x71, 0x2D, 0xE4, 0x1B, 0xF4, 0xBE,
    0xEC, 0x9C, 0xDC, 0xBA, 0xDD, 0x1B, 0xE5, 0x5B, 0xE5, 0x1C, 0xF4, 0xDD, 0xF4, 0x9D, 0xF4, 0xBE,
    0xED, 0x1D, 0xD5, 0x9A, 0xEC, 0xFC, 0xC3, 0x78, 0x00, 0x5F, 0x00, 0x5F, 0x00, 0x5F, 0x00, 0x5F,
    0x50, 0x49, 0x9A, 0x53, 0xEC, 0x5C, 0xF4, 0xBD, 0xEC, 0xDC, 0xE5, 0x5C, 0xDD, 0xBB, 0xD5, 0xBA,
    0xDD, 0x9B, 0xDD, 0x5B, 0xEC, 0xDD, 0xFC, 0xBE, 0xAA, 0xB5, 0x50, 0x29, 0x00, 0x5F, 0x00, 0x5F,
    0x00, 0x5F, 0x60, 0xAB, 0xEC, 0x3C, 0xEC, 0x5C, 0xD4, 0x5A, 0xF4, 0xBD, 0xCB, 0x98, 0x50, 0x29,
    0x79, 0x4E, 0xF4, 0xBD, 0xDD, 0x7B, 0xDD, 0x5B, 0xF4, 0xBE, 0x79, 0x4E, 0x00, 0x5F, 0x00, 0x5F,
    0x00, 0x5F, 0x00, 0x5F, 0x00, 0x5F, 0x00, 0x5F, 0x00, 0x5F, 0x00, 0x5F, 0x00, 0x5F, 0x00, 0x5F,
    0x00, 0x5F, 0x71, 0x0D, 0xF4, 0x9E, 0xD4, 0x7A, 0xD4, 0x9A, 0xF4, 0xBD, 0x71, 0x0D, 0x00, 0x5F,
    0x00, 0x5F, 0x00, 0x5F, 0x00, 0x5F, 0x00, 0x5F, 0x00, 0x5F, 0x00, 0x5F, 0x00, 0x5F, 0x71, 0x0D,
    0xF4, 0x9D, 0xE5, 0x5C, 0xD5, 0xDA, 0xE5, 0x7C, 0xF4, 0xBD, 0x68, 0xCC, 0x00, 0x5F, 0x00, 0x5F,
    0x00, 0x5F, 0x92, 0x32, 0xF4, 0xDD, 0xCD, 0x99, 0xCD, 0x79, 0xF4, 0xDD, 0x92, 0x12, 0x00, 0x5F,
    0x00, 0x5F, 0x00, 0x5F, 0x92, 0x32, 0xF4, 0xDD, 0xC5, 0x38, 0xCD, 0x39, 0xF4, 0xBD, 0x71, 0x0D,
    0x00, 0x5F, 0x00, 0x5F, 0x00, 0x5F, 0x00, 0x5F, 0x00, 0x5F, 0x00, 0x5F, 0x92, 0x11, 0xF4, 0xBD,
    0xC5, 0x38, 0xCD, 0x39, 0xF4, 0xBD, 0x71, 0x0D, 0x00, 0x5F, 0x00, 0x5F, 0x00, 0x5F, 0x00, 0x5F,
    0x00, 0x5F, 0x92, 0x32, 0xF4, 0xDD, 0xCD, 0x99, 0xCD, 0x79, 0xF4, 0xDD, 0x92, 0x12, 0x00, 0x5F,
    0x58, 0x6A, 0xEC, 0x3C, 0xE4, 0x1B, 0xC3, 0xF8, 0xEC, 0x7D, 0xBB, 0x37, 0x00, 0x5F, 0x00, 0x5F,
    0x00, 0x5F, 0x00, 0x5F, 0x00, 0x5F, 0x00, 0x5F, 0x58, 0x6A, 0xB2, 0xD5, 0xC3, 0x78, 0xC3, 0x78,
    0xBB, 0x16, 0x60, 0xCB, 0x00, 0x5F, 0x58, 0x6A, 0xEC, 0x3C, 0xE4, 0x5B, 0xCC, 0x39, 0xEC, 0xBC,
    0xC3, 0x78, 0x00, 0x5F, 0x00, 0x5F, 0x00, 0x5F, 0x00, 0x5F, 0x00, 0x5F, 0x50, 0x49, 0xDC, 0x1B,
    0xE5, 0x1C, 0xCD, 0x99, 0xE5, 0x7C, 0xEC, 0x5C, 0x58, 0x6A, 0x00, 0x5F, 0x00, 0x5F, 0x92, 0x32,
    0xF4, 0xDD, 0xCD, 0x99, 0xCD, 0x79, 0xF4, 0xDD, 0x92, 0x12, 0x00, 0x5F, 0x00, 0x5F, 0x00, 0x5F,
    0x92, 0x32, 0xF4, 0xBD, 0xCD, 0x79, 0xD5, 0x9A, 0xF4, 0xBE, 0x71, 0x0D, 0x00, 0x5F, 0x00, 0x5F,
    0x00, 0x5F, 0x00, 0x5F, 0x00, 0x5F, 0x00, 0x5F, 0x00, 0x5F, 0x00, 0x5F, 0xA2, 0x94, 0xF4, 0xBD,
    0xD4, 0xBA, 0xE5, 0x1B, 0xF4, 0xBD, 0x68, 0xEC, 0xBB, 0x16, 0xF4, 0xFD, 0xD5, 0x9A, 0xED, 0x1D,
    0xCB, 0xB9, 0x50, 0x49, 0x00, 0x5F, 0x00, 0x5F, 0x00, 0x5F, 0x00, 0x5F, 0x00, 0x5F, 0x00, 0x5F,
    0x00, 0x5F, 0x00, 0x5F, 0x00, 0x5F, 0x00, 0x5F, 0x00, 0x5F, 0x00, 0x5F, 0x00, 0x5F, 0x00, 0x5F,
    0x00, 0x5F, 0x00, 0x5F, 0x00, 0x5F, 0x00, 0x5F, 0x00, 0x5F, 0x00, 0x5F, 0x00, 0x5F, 0x00, 0x5F,
    0x00, 0x5F, 0x00, 0x5F, 0x71, 0x0D, 0xF4, 0xBD, 0xD4, 0xBA, 0xD4, 0xBA, 0xF4, 0xBD, 0x71, 0x0D,
    0x00, 0x5F, 0x00, 0x5F, 0x00, 0x5F, 0x00, 0x5F, 0x00, 0x5F, 0x00, 0x5F, 0x00, 0x5F, 0x00, 0x5F,
    0x00, 0x5F, 0x00, 0x5F, 0x00, 0x5F, 0x00, 0x5F, 0x00, 0x5F, 0x00, 0x5F, 0x50, 0x29, 0xCB, 0x78,
    0xF4, 0x7D, 0xDC, 0x5B, 0xDC, 0x9B, 0xEC, 0x9C, 0xF4, 0x9D, 0xE4, 0x5B, 0xC3, 0x78, 0x9A, 0x53,
    0x68, 0xEC, 0xCB, 0x98, 0xEC, 0xFC, 0xCD, 0x99, 0xED, 0x1D, 0xC3, 0x78, 0x00, 0x5F, 0x00, 0x5F,
    0x00, 0x5F, 0x00, 0x5F, 0x00, 0x5F, 0x00, 0x5F, 0x58, 0x8A, 0x89, 0xB0, 0xC3, 0x57, 0xEC, 0x5C,
    0xF4, 0xBD, 0xEC, 0xBD, 0xEC, 0xFD, 0xDD, 0x7B, 0xD5, 0xBA, 0xE5, 0x5B, 0xF4, 0x9D, 0x79, 0x4E,
    0x00, 0x5F, 0x00, 0x5F, 0x00, 0x5F, 0x00, 0x5F, 0xA2, 0x94, 0xF4, 0xBD, 0xD4, 0x9A, 0xE4, 0xFB,
    0xF4, 0xBD, 0x68, 0xEC, 0xBB, 0x16, 0xF4, 0xDD, 0xD5, 0x9A, 0xEC, 0xFD, 0xCB, 0xB9, 0x50, 0x49,
    0x00, 0x5F, 0x00, 0x5F, 0x00, 0x5F, 0x00, 0x5F, 0x00, 0x5F, 0x00, 0x5F, 0x00, 0x5F, 0x00, 0x5F,
    0x00, 0x5F, 0x00, 0x5F, 0x00, 0x5F, 0x71, 0x0D, 0xF4, 0x9E, 0xD4, 0x7A, 0xD4, 0x79, 0xF4, 0xBD,
    0x71, 0x0D, 0x00, 0x5F, 0x00, 0x5F, 0x00, 0x5F, 0x00, 0x5F, 0x00, 0x5F, 0x00, 0x5F, 0x00, 0x5F,
    0x58, 0x6A, 0xCB, 0x99, 0xEC, 0xFC, 0xD5, 0xDA, 0xD5, 0xBA, 0xF4, 0xFD, 0xCB, 0xB8, 0x50, 0x29,
    0x00, 0x5F, 0x00, 0x5F, 0x00, 0x5F, 0x92, 0x32, 0xF4, 0xDD, 0xCD, 0x79, 0xC5, 0x58, 0xF4, 0xDD,
    0x92, 0x12, 0x00, 0x5F, 0x00, 0x5F, 0x00, 0x5F, 0x92, 0x12, 0xF4, 0xBD, 0xC5, 0x38, 0xCD, 0x39,
    0xF4, 0xBD, 0x71, 0x0D, 0x00, 0x5F, 0x00, 0x5F, 0x00, 0x5F, 0x00, 0x5F, 0x00, 0x5F, 0x00, 0x5F,
    0x92, 0x11, 0xF4, 0xBD, 0xC5, 0x38, 0xCD, 0x19, 0xF4, 0x9D, 0x71, 0x0D, 0x00, 0x5F, 0x00, 0x5F,
    0x00, 0x5F, 0x00, 0x5F, 0x00, 0x5F, 0x92, 0x32, 0xF4, 0xDD, 0xCD, 0x79, 0xC5, 0x58, 0xF4, 0xBD,
    0x92, 0x12, 0x00, 0x5F, 0x50, 0x29, 0xD3, 0x99, 0xEC, 0x5C, 0xCC, 0x19, 0xE4, 0x7C, 0xE4, 0x3B,
    0x58, 0x6A, 0x00, 0x5F, 0x00, 0x5F, 0x00, 0x5F, 0x00, 0x5F, 0x00, 0x5F, 0x71, 0x0D, 0xFC, 0xBE,
    0xEC, 0xFD, 0xED, 0x1D, 0xFC, 0xBF, 0x91, 0xF1, 0x00, 0x5F, 0x58, 0x6A, 0xEC, 0x5C, 0xE4, 0x7B,
    0xD4, 0x7A, 0xEC, 0xBC, 0xC3, 0x78, 0x00, 0x5F, 0x00, 0x5F, 0x00, 0x5F, 0x00, 0x5F, 0x00, 0x5F,
    0x79, 0x4E, 0xF4, 0xBD, 0xDD, 0x7B, 0xCD, 0xB9, 0xE5, 0x7C, 0xEC, 0x5C, 0x58, 0x6A, 0x00, 0x5F,
    0x00, 0x5F, 0x92, 0x32, 0xF4, 0xDD, 0xCD, 0x79, 0xC5, 0x58, 0xF4, 0xDD, 0x92, 0x12, 0x00, 0x5F,
    0x00, 0x5F, 0x00, 0x5F, 0x92, 0x32, 0xF4, 0xBD, 0xCD, 0x39, 0xD5, 0x5A, 0xF4, 0xBE, 0x71, 0x0D,
    0x00, 0x5F, 0x00, 0x5F, 0x00, 0x5F, 0x00, 0x5F, 0x00, 0x5F, 0x00, 0x5F, 0x00, 0x5F, 0x00, 0x5F,
    0x68, 0xEC, 0xF4, 0x9D, 0xE4, 0xDC, 0xD5, 0x3A, 0xF4, 0xDD, 0xCB, 0x78, 0xF4, 0x9D, 0xE5, 0x7C,
    0xDD, 0x9B, 0xFC, 0xDE, 0x81, 0xB0, 0x00, 0x5F, 0x00, 0x5F, 0x00, 0x5F, 0x00, 0x5F, 0x00, 0x5F,
    0x00, 0x5F, 0x00, 0x5F, 0x00, 0x5F, 0x00, 0x5F, 0x00, 0x5F, 0x00, 0x5F, 0x00, 0x5F, 0x00, 0x5F,
    0x00, 0x5F, 0x00, 0x5F, 0x00, 0x5F, 0x00, 0x5F, 0x00, 0x5F, 0x00, 0x5F, 0x00, 0x5F, 0x00, 0x5F,
    0x00, 0x5F, 0x00, 0x5F, 0x00, 0x5F, 0x00, 0x5F, 0x71, 0x0D, 0xF4, 0xBD, 0xD4, 0xBA, 0xD4, 0xB9,
    0xF4, 0xBD, 0x71, 0x0D, 0x00, 0x5F, 0x00, 0x5F, 0x00, 0x5F, 0x00, 0x5F, 0x00, 0x5F, 0x00, 0x5F,
    0x00, 0x5F, 0x00, 0x5F, 0x00, 0x5F, 0x00, 0x5F, 0x00, 0x5F, 0x00, 0x5F, 0x00, 0x5F, 0x00, 0x5F,
    0x60, 0xAB, 0xEC, 0x5C, 0xDC, 0x5B, 0xD4, 0x7A, 0xEC, 0x9C, 0xD3, 0xB9, 0x71, 0x2D, 0x58, 0x4A,
    0x00, 0x5F, 0x00, 0x5F, 0x50, 0x29, 0xCB, 0x99, 0xEC, 0xFC, 0xCD, 0xB9, 0xED, 0x1D, 0xC3, 0x78,
    0x00, 0x5F, 0x00, 0x5F, 0x50, 0x29, 0x81, 0x8F, 0x92, 0x12, 0x92, 0x12, 0x89, 0xD0, 0x50, 0x49,
    0x50, 0x29, 0x58, 0x6A, 0x68, 0xEC, 0x79, 0x6E, 0xCB, 0x78, 0xF4, 0xDE, 0xE5, 0x7B, 0xD5, 0xBA,
    0xED, 0x1D, 0xBB, 0x36, 0x00, 0x5F, 0x00, 0x5F, 0x00, 0x5F, 0x00, 0x5F, 0x68, 0xEC, 0xF4, 0x9D,
    0xE4, 0xDC, 0xD5, 0x3A, 0xF4, 0xDD, 0xCB, 0x78, 0xF4, 0x9D, 0xE5, 0x5C, 0xDD, 0x9B, 0xFC, 0xBE,
    0x89, 0xAF, 0x00, 0x5F, 0x00, 0x5F, 0x00, 0x5F, 0x00, 0x5F, 0x00, 0x5F, 0x00, 0x5F, 0x00, 0x5F,
    0x00, 0x5F, 0x00, 0x5F, 0x00, 0x5F, 0x00, 0x5F, 0x00, 0x5F, 0x71, 0x0D, 0xF4, 0xBD, 0xD4, 0x7A,
    0xCC, 0x79, 0xF4, 0x9E, 0x71, 0x0D, 0x00, 0x5F, 0x00, 0x5F, 0x00, 0x5F, 0x00, 0x5F, 0x00, 0x5F,
    0x00, 0x5F, 0x60, 0xAB, 0xBB, 0x16, 0xEC, 0xBD, 0xD5, 0x9A, 0xD5, 0xDA, 0xE5, 0x5C, 0xF4, 0xBD,
    0x71, 0x0D, 0x00, 0x5F, 0x00, 0x5F, 0x00, 0x5F, 0x00, 0x5F, 0x92, 0x32, 0xF4, 0xDD, 0xC5, 0x58,
    0xC5, 0x58, 0xF4, 0xBD, 0x92, 0x12, 0x00, 0x5F, 0x00, 0x5F, 0x00, 0x5F, 0x92, 0x32, 0xF4, 0xDD,
    0xC5, 0x38, 0xCD, 0x19, 0xF4, 0xBD, 0x71, 0x0D, 0x00, 0x5F, 0x00, 0x5F, 0x00, 0x5F, 0x00, 0x5F,
    0x00, 0x5F, 0x00, 0x5F, 0x92, 0x11, 0xF4, 0xBD, 0xC5, 0x38, 0xCD, 0x19, 0xF4, 0x9D, 0x71, 0x0D,
    0x00, 0x5F, 0x00, 0x5F, 0x00, 0x5F, 0x00, 0x5F, 0x00, 0x5F, 0x92, 0x32, 0xF4, 0xDD, 0xC5, 0x58,
    0xC5, 0x58, 0xF4, 0xBD, 0x92, 0x11, 0x00, 0x5F, 0x00, 0x5F, 0xA2, 0x73, 0xF4, 0x7D, 0xD4, 0x5A,
    0xDC, 0x9B, 0xF4, 0xBE, 0x89, 0xD1, 0x00, 0x5F, 0x00, 0x5F, 0x00, 0x5F, 0x00, 0x5F, 0x00, 0x5F,
    0xA2, 0x94, 0xF4, 0xFD, 0xD5, 0xBA, 0xDD, 0xBB, 0xF4, 0x9D, 0x68, 0xEC, 0x00, 0x5F, 0x58, 0x6A,
    0xEC, 0x5C, 0xE4, 0x9C, 0xD4, 0x9A, 0xEC, 0xDC, 0xD3, 0xB9, 0x50, 0x29, 0x00, 0x5F, 0x00, 0x5F,
    0x00, 0x5F, 0x50, 0x49, 0xCB, 0xB9, 0xEC, 0xFC, 0xD5, 0xDA, 0xD5, 0xDA, 0xE5, 0x7C, 0xEC, 0x5C,
    0x58, 0x6A, 0x00, 0x5F, 0x00, 0x5F, 0x92, 0x32, 0xF4, 0xDD, 0xC5, 0x58, 0xC5, 0x58, 0xF4, 0xBD,
    0x92, 0x12, 0x00, 0x5F, 0x00, 0x5F, 0x00, 0x5F, 0x92, 0x32, 0xF4, 0xBD, 0xC5, 0x38, 0xCD, 0x39,
    0xF4, 0xBD, 0x68, 0xEC, 0x00, 0x5F, 0x00, 0x5F, 0x00, 0x5F, 0x00, 0x5F, 0x50, 0x29, 0x00, 0x5F,
    0x00, 0x5F, 0x00, 0x5F, 0x50, 0x29, 0xBB, 0x16, 0xF4, 0xBD, 0xD5, 0x5A, 0xED, 0x5C, 0xFC, 0xBE,
    0xF4, 0xDD, 0xD5, 0xBA, 0xED, 0x3D, 0xDC, 0x1B, 0x58, 0x6A, 0x00, 0x5F, 0x00, 0x5F, 0x00, 0x5F,
    0x00, 0x5F, 0x00, 0x5F, 0x00, 0x5F, 0x00, 0x5F, 0x00, 0x5F, 0x00, 0x5F, 0x00, 0x5F, 0x00, 0x5F,
    0x00, 0x5F, 0x00, 0x5F, 0x00, 0x5F, 0x00, 0x5F, 0x00, 0x5F, 0x00, 0x5F, 0x00, 0x5F, 0x00, 0x5F,
    0x00, 0x5F, 0x00, 0x5F, 0x00, 0x5F, 0x00, 0x5F, 0x00, 0x5F, 0x00, 0x5F, 0x71, 0x0D, 0xF4, 0xBD,
    0xD4, 0xBA, 0xCC, 0x99, 0xF4, 0xBD, 0x71, 0x0D, 0x00, 0x5F, 0x00, 0x5F, 0x00, 0x5F, 0x00, 0x5F,
    0x00, 0x5F, 0x00, 0x5F, 0x00, 0x5F, 0x00, 0x5F, 0x00, 0x5F, 0x00, 0x5F, 0x00, 0x5F, 0x00, 0x5F,
    0x00, 0x5F, 0x00, 0x5F, 0x89, 0xB0, 0xF4, 0x7D, 0xD4, 0x5A, 0xDC, 0xBB, 0xF4, 0x9D, 0x71, 0x0D,
    0x00, 0x5F, 0x00, 0x5F, 0x00, 0x5F, 0x00, 0x5F, 0x81, 0x8F, 0xF4, 0x9E, 0xE5, 0x5C, 0xD5, 0xDA,
    0xED, 0x1D, 0xC3, 0x78, 0x00, 0x5F, 0x00, 0x5F, 0x60, 0xCB, 0xF4, 0x9D, 0xFC, 0xBE, 0xF4, 0xBD,
    0xFC, 0xBE, 0x89, 0xD0, 0x00, 0x5F, 0x00, 0x5F, 0x00, 0x5F, 0x00, 0x5F, 0x50, 0x49, 0xBB, 0x16,
    0xF4, 0xFD, 0xD5, 0xDA, 0xE5, 0x7C, 0xE4, 0x3B, 0x58, 0x4A, 0x00, 0x5F, 0x00, 0x5F, 0x00, 0x5F,
    0x50, 0x29, 0xBB, 0x16, 0xF4, 0xBD, 0xD5, 0x5A, 0xED, 0x3C, 0xFC, 0xBE, 0xF4, 0xDD, 0xD5, 0xBA,
    0xED, 0x3D, 0xDC, 0x1B, 0x58, 0x6A, 0x00, 0x5F, 0x00, 0x5F, 0x00, 0x5F, 0x00, 0x5F, 0x00, 0x5F,
    0x00, 0x5F, 0x00, 0x5F, 0x00, 0x5F, 0x00, 0x5F, 0x00, 0x5F, 0x00, 0x5F, 0x00, 0x5F, 0x71, 0x0D,
    0xF4, 0x9E, 0xD4, 0x99, 0xCC, 0x99, 0xF4, 0xBE, 0xAA, 0x94, 0x92, 0x12, 0x92, 0x12, 0x92, 0x12,
    0x92, 0x12, 0x9A, 0x53, 0xC3, 0x37, 0xEC, 0x5C, 0xF4, 0xBD, 0xDD, 0x7B, 0xD5, 0xDA, 0xDD, 0xBB,
    0xF4, 0xBD, 0x92, 0x32, 0x00, 0x5F, 0x00, 0x5F, 0x00, 0x5F, 0x00, 0x5F, 0x00, 0x5F, 0x92, 0x32,
    0xF4, 0xDD, 0xC5, 0x58, 0xC5, 0x58, 0xF4, 0xDD, 0x92, 0x12, 0x00, 0x5F, 0x00, 0x5F, 0x00, 0x5F,
    0x92, 0x12, 0xF4, 0xDD, 0xC5, 0x58, 0xCD, 0x39, 0xF4, 0xBD, 0x71, 0x0D, 0x00, 0x5F, 0x00, 0x5F,
    0x00, 0x5F, 0x00, 0x5F, 0x00, 0x5F, 0x00, 0x5F, 0x92, 0x12, 0xF4, 0xBD, 0xC5, 0x38, 0xCD, 0x19,
    0xF4, 0x9D, 0x71, 0x0D, 0x00, 0x5F, 0x00, 0x5F, 0x00, 0x5F, 0x00, 0x5F, 0x00, 0x5F, 0x92, 0x32,
    0xF4, 0xBE, 0xC5, 0x58, 0xC5, 0x58, 0xF4, 0xBD, 0x92, 0x11, 0x00, 0x5F, 0x00, 0x5F, 0x60, 0xAB,
    0xEC, 0x5C, 0xE4, 0x9B, 0xD4, 0xBA, 0xEC, 0xBC, 0xE4, 0x3B, 0x81, 0xAF, 0x58, 0x6A, 0x50, 0x29,
    0x68, 0xCC, 0x9A, 0x32, 0xEC, 0x9D, 0xDD, 0x7B, 0xD5, 0xDA, 0xED, 0x3D, 0xD3, 0xD9, 0x50, 0x29,
    0x00, 0x5F, 0x50, 0x29, 0xCB, 0x79, 0xEC, 0xBC, 0xD4, 0xBA, 0xE4, 0xFB, 0xF4, 0x9D, 0x71, 0x0D,
    0x00, 0x5F, 0x50, 0x29, 0x68, 0xEC, 0xBB, 0x16, 0xF4, 0xBD, 0xDD, 0x7B, 0xD5, 0xBA, 0xD5, 0xDA,
    0xE5, 0x7C, 0xEC, 0x7C, 0x58, 0x6A, 0x00, 0x5F, 0x00, 0x5F, 0x92, 0x32, 0xF4, 0xDD, 0xC5, 0x58,
    0xC5, 0x58, 0xF4, 0xDD, 0x92, 0x12, 0x00, 0x5F, 0x00, 0x5F, 0x00, 0x5F, 0x89, 0xAF, 0xF4, 0xBD,
    0xC5, 0x38, 0xCD, 0x39, 0xF4, 0xBD, 0xA2, 0x73, 0x58, 0x8A, 0x58, 0x6A, 0x60, 0xCB, 0x92, 0x11,
    0xCB, 0xB8, 0x71, 0x2D, 0x00, 0x5F, 0x00, 0x5F, 0x00, 0x5F, 0x79, 0x4E, 0xFC, 0xBE, 0xE5, 0x5B,
    0xD5, 0xBA, 0xF4, 0xFD, 0xE5, 0x3C, 0xD5, 0xBA, 0xF4, 0xDE, 0x92, 0x32, 0x00, 0x5F, 0x00, 0x5F,
    0x00, 0x5F, 0x00, 0x5F, 0x00, 0x5F, 0x00, 0x5F, 0x50, 0x49, 0xAA, 0xB5, 0xC3, 0x78, 0xC3, 0x78,
    0xBB, 0x16, 0x60, 0xCB, 0x00, 0x5F, 0x00, 0x5F, 0x00, 0x5F, 0x00, 0x5F, 0x00, 0x5F, 0x00, 0x5F,
    0x00, 0x5F, 0x00, 0x5F, 0x00, 0x5F, 0x00, 0x5F, 0x00, 0x5F, 0x00, 0x5F, 0x00, 0x5F, 0x00, 0x5F,
    0x71, 0x0D, 0xF4, 0xBD, 0xD4, 0xB9, 0xCC, 0xB9, 0xFC, 0xBE, 0xAA, 0x94, 0x92, 0x12, 0x92, 0x12,
    0x92, 0x12, 0x92, 0x12, 0x92, 0x32, 0x92, 0x32, 0x92, 0x32, 0x92, 0x11, 0x92, 0x11, 0x92, 0x11,
    0x92, 0x11, 0x89, 0xD0, 0x58, 0x6A, 0x00, 0x5F, 0x79, 0x6F, 0xF4, 0x9D, 0xD4, 0x7A, 0xD4, 0xBA,
    0xF4, 0xBD, 0x9A, 0x12, 0x58, 0x8A, 0x60, 0xAB, 0x79, 0x6E, 0xAA, 0x94, 0xF4, 0x9D, 0xED, 0x1C,
    0xD5, 0xDA, 0xD5, 0xDA, 0xED, 0x1D, 0xC3, 0x78, 0x00, 0x5F, 0x00, 0x5F, 0x50, 0x49, 0xDB, 0xFA,
    0xEC, 0xBC, 0xD4, 0xBA, 0xEC, 0xBD, 0xE4, 0x1B, 0x79, 0x6E, 0x58, 0x6A, 0x50, 0x29, 0x58, 0x6A,
    0x68, 0xEC, 0xD3, 0xD9, 0xED, 0x1D, 0xD5, 0xDA, 0xF5, 0x1D, 0xCB, 0x98, 0x50, 0x29, 0x00, 0x5F,
    0x00, 0x5F, 0x00, 0x5F, 0x00, 0x5F, 0x79, 0x4E, 0xF4, 0xBE, 0xDD, 0x3B, 0xD5, 0x9A, 0xF4, 0xFD,
    0xE5, 0x3C, 0xD5, 0x9A, 0xF4, 0xDE, 0x92, 0x32, 0x00, 0x5F, 0x00, 0x5F, 0x00, 0x5F, 0x00, 0x5F,
    0x00, 0x5F, 0x00, 0x5F, 0x00, 0x5F, 0x00, 0x5F, 0x00, 0x5F, 0x00, 0x5F, 0x00, 0x5F, 0x00, 0x5F,
    0x00, 0x5F, 0x71, 0x0D, 0xF4, 0x9E, 0xD4, 0x99, 0xCC, 0x98, 0xE4, 0x9B, 0xE4, 0x7B, 0xE4, 0x9B,
    0xDC, 0x9B, 0xDC, 0x9B, 0xE4, 0xBB, 0xE4, 0xBB, 0xE4, 0xDC, 0xDD, 0x3B, 0xD5, 0x7A, 0xCD, 0xB9,
    0xD5, 0x9A, 0xEC, 0xBC, 0xBB, 0x36, 0x50, 0x49, 0x00, 0x5F, 0x00, 0x5F, 0x00, 0x5F, 0x00, 0x5F,
    0x00, 0x5F, 0x92, 0x32, 0xF4, 0xDD, 0xC5, 0x58, 0xC5, 0x58, 0xF4, 0xDD, 0x92, 0x11, 0x00, 0x5F,
    0x00, 0x5F, 0x00, 0x5F, 0x92, 0x11, 0xF4, 0xDD, 0xC5, 0x58, 0xCD, 0x39, 0xF4, 0xBE, 0x71, 0x0D,
    0x00, 0x5F, 0x00, 0x5F, 0x00, 0x5F, 0x00, 0x5F, 0x00, 0x5F, 0x00, 0x5F, 0x92, 0x12, 0xF4, 0xBD,
    0xC5, 0x38, 0xCD, 0x19, 0xF4, 0xBD, 0x71, 0x0D, 0x00, 0x5F, 0x00, 0x5F, 0x00, 0x5F, 0x00, 0x5F,
    0x00, 0x5F, 0x92, 0x32, 0xF4, 0xBE, 0xC5, 0x58, 0xC5, 0x38, 0xF4, 0xBD, 0x92, 0x11, 0x00, 0x5F,
    0x00, 0x5F, 0x00, 0x5F, 0xA2, 0x53, 0xF4, 0x9D, 0xDC, 0xDB, 0xD4, 0xFA, 0xEC, 0xDC, 0xF4, 0xBD,
    0xE4, 0x3C, 0xD3, 0xD9, 0xEC, 0x7D, 0xF4, 0xBE, 0xE5, 0x3C, 0xD5, 0xDA, 0xDD, 0x9B, 0xF4, 0xDE,
    0x81, 0x8F, 0x00, 0x5F, 0x00, 0x5F, 0x00, 0x5F, 0x81, 0x6F, 0xF4, 0x9D, 0xDC, 0xDB, 0xD5, 0x1A,
    0xEC, 0xDC, 0xEC, 0x5C, 0xC3, 0x78, 0xCB, 0xB9, 0xEC, 0x7C, 0xE4, 0xDC, 0xE5, 0x3C, 0xF4, 0xFD,
    0xED, 0x3D, 0xD5, 0xDA, 0xE5, 0x7C, 0xEC, 0x7C, 0x58, 0x6A, 0x00, 0x5F, 0x00, 0x5F, 0x92, 0x32,
    0xF4, 0xDD, 0xC5, 0x58, 0xC5, 0x58, 0xF4, 0xDD, 0x92, 0x12, 0x00, 0x5F, 0x00, 0x5F, 0x00, 0x5F,
    0x58, 0x6A, 0xDC, 0x3A, 0xD5, 0x1A, 0xC5, 0x17, 0xDD, 0x1A, 0xF4, 0xBD, 0xE4, 0x5B, 0xE4, 0x5B,
    0xF4, 0xBD, 0xF4, 0xDE, 0xFC, 0xDE, 0x92, 0x32, 0x00, 0x5F, 0x00, 0x5F, 0x00, 0x5F, 0x50, 0x49,
    0xCB, 0x98, 0xF4, 0xFD, 0xCD, 0xDA, 0xCD, 0xB9, 0xCD, 0xB9, 0xE5, 0x5C, 0xEC, 0x7C, 0x60, 0xAB,
    0x00, 0x5F, 0x00, 0x5F, 0x00, 0x5F, 0x00, 0x5F, 0x00, 0x5F, 0x00, 0x5F, 0x68, 0xEC, 0xFC, 0xBE,
    0xED, 0x1D, 0xED, 0x1D, 0xFC, 0xDE, 0x92, 0x11, 0x00, 0x5F, 0x00, 0x5F, 0x00, 0x5F, 0x00, 0x5F,
    0x00, 0x5F, 0x00, 0x5F, 0x00, 0x5F, 0x00, 0x5F, 0x00, 0x5F, 0x00, 0x5F, 0x00, 0x5F, 0x00, 0x5F,
    0x00, 0x5F, 0x00, 0x5F, 0x71, 0x0D, 0xF4, 0xBD, 0xD4, 0xB9, 0xCC, 0xB9, 0xE4, 0xBC, 0xE4, 0x9B,
    0xDC, 0x9B, 0xDC, 0x9B, 0xE4, 0xBB, 0xE4, 0xBC, 0xE4, 0xBC, 0xE4, 0xBB, 0xE4, 0xDC, 0xE4, 0xBB,
    0xE4, 0xBB, 0xE4, 0xBC, 0xE4, 0xBC, 0xFC, 0xBE, 0x89, 0xD0, 0x00, 0x5F, 0x58, 0x8A, 0xEC, 0x5C,
    0xE4, 0xBB, 0xCC, 0xD9, 0xE4, 0xDC, 0xF4, 0x9D, 0xE4, 0x5C, 0xEC, 0x5C, 0xEC, 0x9D, 0xE4, 0xBC,
    0xDD, 0x5B, 0xDD, 0x9B, 0xDD, 0x9B, 0xD5, 0xDA, 0xED, 0x1D, 0xCB, 0x99, 0x50, 0x29, 0x00, 0x5F,
    0x00, 0x5F, 0x91, 0xF1, 0xF4, 0xBE, 0xDC, 0xDB, 0xDD, 0x1B, 0xEC, 0xBC, 0xF4, 0x9D, 0xE4, 0x3B,
    0xCB, 0xB9, 0xE4, 0x3B, 0xEC, 0x9D, 0xE4, 0xFC, 0xD5, 0xBA, 0xDD, 0x9B, 0xF4, 0xDE, 0x81, 0xAF,
    0x00, 0x5F, 0x00, 0x5F, 0x00, 0x5F, 0x00, 0x5F, 0x00, 0x5F, 0x50, 0x49, 0xCB, 0x98, 0xF4, 0xDD,
    0xCD, 0xDA, 0xCD, 0xB9, 0xCD, 0xB9, 0xE5, 0x5C, 0xEC, 0x7C, 0x60, 0xAB, 0x00, 0x5F, 0x00, 0x5F,
    0x00, 0x5F, 0x00, 0x5F, 0x00, 0x5F, 0x00, 0x5F, 0x00, 0x5F, 0x00, 0x5F, 0x00, 0x5F, 0x00, 0x5F,
    0x00, 0x5F, 0x00, 0x5F, 0x00, 0x5F, 0x71, 0x0D, 0xF4, 0x9E, 0xD4, 0x9A, 0xC4, 0x98, 0xC4, 0xB8,
    0xC4, 0xD8, 0xC4, 0xF8, 0xC5, 0x18, 0xC5, 0x37, 0xC5, 0x58, 0xC5, 0x58, 0xC5, 0x78, 0xCD, 0x99,
    0xCD, 0x79, 0xE5, 0x3B, 0xF4, 0xBD, 0xBB, 0x36, 0x58, 0x6A, 0x00, 0x5F, 0x00, 0x5F, 0x00, 0x5F,
    0x00, 0x5F, 0x00, 0x5F, 0x00, 0x5F, 0x92, 0x32, 0xF4, 0xDE, 0xC5, 0x58, 0xC5, 0x58, 0xF4, 0xDD,
    0x92, 0x11, 0x00, 0x5F, 0x00, 0x5F, 0x00, 0x5F, 0x92, 0x32, 0xF4, 0xDD, 0xC5, 0x78, 0xCD, 0x39,
    0xF4, 0xBE, 0x71, 0x0D, 0x00, 0x5F, 0x00, 0x5F, 0x00, 0x5F, 0x00, 0x5F, 0x00, 0x5F, 0x00, 0x5F,
    0x92, 0x11, 0xF4, 0xBD, 0xC5, 0x58, 0xCD, 0x19, 0xF4, 0xBD, 0x71, 0x0D, 0x00, 0x5F, 0x00, 0x5F,
    0x00, 0x5F, 0x00, 0x5F, 0x00, 0x5F, 0x92, 0x32, 0xF4, 0xBE, 0xC5, 0x58, 0xC5, 0x38, 0xF4, 0xBD,
    0x92, 0x11, 0x00, 0x5F, 0x00, 0x5F, 0x00, 0x5F, 0x50, 0x49, 0xB2, 0xF6, 0xF4, 0x9D, 0xDC, 0xFB,
    0xCD, 0x59, 0xD5, 0x7A, 0xDD, 0x5B, 0xDD, 0x3B, 0xDD, 0x7B, 0xD5, 0x9A, 0xD5, 0x9A, 0xE5, 0x7B,
    0xF4, 0xBD, 0xBB, 0x36, 0x50, 0x49, 0x00, 0x5F, 0x00, 0x5F, 0x00, 0x5F, 0x50, 0x49, 0xCB, 0x78,
    0xF4, 0xDD, 0xDD, 0x1B, 0xD5, 0x3A, 0xDD, 0x5B, 0xDD, 0x3B, 0xDD, 0x3B, 0xDD, 0x7B, 0xDD, 0x5B,
    0xF4, 0xDE, 0xFC, 0xBE, 0xED, 0x1D, 0xD5, 0xDA, 0xE5, 0x7C, 0xEC, 0x7C, 0x58, 0x6A, 0x00, 0x5F,
    0x00, 0x5F, 0x92, 0x32, 0xF4, 0xDE, 0xC5, 0x58, 0xC5, 0x58, 0xF4, 0xDD, 0x92, 0x12, 0x00, 0x5F,
    0x00, 0x5F, 0x00, 0x5F, 0x00, 0x5F, 0x79, 0x6E, 0xEC, 0x7C, 0xDC, 0xFB, 0xCD, 0x39, 0xCD, 0x59,
    0xCD, 0x59, 0xD5, 0x79, 0xD5, 0x7A, 0xD5, 0x7A, 0xF4, 0xDD, 0x92, 0x32, 0x00, 0x5F, 0x00, 0x5F,
    0x00, 0x5F, 0x00, 0x5F, 0x89, 0xAF, 0xFC, 0xBE, 0xD5, 0x7A, 0xCD, 0xB9, 0xCD, 0x9A, 0xF4, 0xDD,
    0xAA, 0xB4, 0x00, 0x5F, 0x00, 0x5F, 0x00, 0x5F, 0x00, 0x5F, 0x00, 0x5F, 0x00, 0x5F, 0x00, 0x5F,
    0x71, 0x0D, 0xF4, 0xBE, 0xDD, 0xDB, 0xD5, 0xDA, 0xF4, 0xDD, 0x92, 0x32, 0x00, 0x5F, 0x00, 0x5F,
    0x00, 0x5F, 0x00, 0x5F, 0x00, 0x5F, 0x00, 0x5F, 0x00, 0x5F, 0x00, 0x5F, 0x00, 0x5F, 0x00, 0x5F,
    0x00, 0x5F, 0x00, 0x5F, 0x00, 0x5F, 0x00, 0x5F, 0x71, 0x0D, 0xF4, 0xBD, 0xD4, 0xD9, 0xC4, 0xD8,
    0xC4, 0xD8, 0xC5, 0x18, 0xC5, 0x18, 0xC5, 0x37, 0xC5, 0x37, 0xC5, 0x58, 0xC5, 0x58, 0xC5, 0x78,
    0xCD, 0x99, 0xCD, 0x99, 0xCD, 0x99, 0xCD, 0xB9, 0xD5, 0xBA, 0xF4, 0xDD, 0x92, 0x32, 0x00, 0x5F,
    0x50, 0x29, 0xBA, 0xF6, 0xF4, 0xBD, 0xE4, 0xDB, 0xD5, 0x19, 0xD5, 0x3A, 0xD5, 0x7A, 0xD5, 0x7A,
    0xD5, 0x99, 0xD5, 0x9A, 0xDD, 0x5B, 0xF4, 0xBD, 0xF4, 0xFD, 0xD5, 0xDA, 0xE5, 0x7C, 0xEC, 0x7C,
    0x60, 0xAB, 0x00, 0x5F, 0x00, 0x5F, 0x58, 0x6A, 0xD3, 0xB9, 0xF4, 0xBD, 0xDD, 0x1B, 0xD5, 0x5A,
    0xD5, 0x7A, 0xDD, 0x5B, 0xDD, 0x3A, 0xDD, 0x5B, 0xD5, 0x9A, 0xD5, 0x9A, 0xDD, 0x5B, 0xEC, 0xBD,
    0xC3, 0x57, 0x50, 0x49, 0x00, 0x5F, 0x00, 0x5F, 0x00, 0x5F, 0x00, 0x5F, 0x00, 0x5F, 0x00, 0x5F,
    0x89, 0xAF, 0xFC, 0xBE, 0xD5, 0x7A, 0xCD, 0xB9, 0xD5, 0xBA, 0xF4, 0xDD, 0xAA, 0xB4, 0x00, 0x5F,
    0x00, 0x5F, 0x00, 0x5F, 0x00, 0x5F, 0x00, 0x5F, 0x00, 0x5F, 0x00, 0x5F, 0x00, 0x5F, 0x00, 0x5F,
    0x00, 0x5F, 0x00, 0x5F, 0x00, 0x5F, 0x00, 0x5F, 0x00, 0x5F, 0x71, 0x0D, 0xF4, 0xBE, 0xDC, 0x9B,
    0xDC, 0x9B, 0xD4, 0xBA, 0xD4, 0xBA, 0xD4, 0xDA, 0xD4, 0xFA, 0xDD, 0x1A, 0xDD, 0x1A, 0xDD, 0x1A,
    0xDC, 0xFA, 0xE4, 0xFC, 0xEC, 0x9C, 0xDC, 0x1A, 0x89, 0xF1, 0x50, 0x49, 0x00, 0x5F, 0x00, 0x5F,
    0x00, 0x5F, 0x00, 0x5F, 0x00, 0x5F, 0x00, 0x5F, 0x00, 0x5F, 0x92, 0x11, 0xFC, 0xDE, 0xE4, 0xDC,
    0xE4, 0xBB, 0xFC, 0xBE, 0x92, 0x11, 0x00, 0x5F, 0x00, 0x5F, 0x00, 0x5F, 0x92, 0x11, 0xFC, 0xDE,
    0xE4, 0xDC, 0xE4, 0xDC, 0xF4, 0xBE, 0x68, 0xEC, 0x00, 0x5F, 0x00, 0x5F, 0x00, 0x5F, 0x00, 0x5F,
    0x00, 0x5F, 0x00, 0x5F, 0x91, 0xF1, 0xFC, 0xDE, 0xE4, 0xBB, 0xE4, 0xBC, 0xF4, 0xBE, 0x68, 0xEC,
    0x00, 0x5F, 0x00, 0x5F, 0x00, 0x5F, 0x00, 0x5F, 0x00, 0x5F, 0x92, 0x11, 0xFC, 0xDE, 0xE4, 0xBB,
    0xE4, 0xBB, 0xFC, 0xBE, 0x91, 0xF1, 0x00, 0x5F, 0x00, 0x5F, 0x00, 0x5F, 0x00, 0x5F, 0x50, 0x29,
    0x92, 0x31, 0xEC, 0x7C, 0xEC, 0xDD, 0xE5, 0x1C, 0xDD, 0x5B, 0xDD, 0x7B, 0xE5, 0x5B, 0xED, 0x1D,
    0xF4, 0xDD, 0xEC, 0x9C, 0xB2, 0xD5, 0x58, 0x6A, 0x00, 0x5F, 0x00, 0x5F, 0x00, 0x5F, 0x00, 0x5F,
    0x00, 0x5F, 0x60, 0xCB, 0xDB, 0xFA, 0xFC, 0xDE, 0xF4, 0xDE, 0xEC, 0xFC, 0xDD, 0x3B, 0xDD, 0x1B,
    0xEC, 0xDD, 0xF4, 0xBE, 0xBB, 0x16, 0xCB, 0x98, 0xF4, 0xBE, 0xE4, 0xDC, 0xF4, 0xDD, 0xE4, 0x5C,
    0x58, 0x6A, 0x00, 0x5F, 0x00, 0x5F, 0x92, 0x11, 0xFC, 0xDE, 0xE4, 0xDC, 0xE4, 0xBB, 0xFC, 0xBE,
    0x92, 0x11, 0x00, 0x5F, 0x00, 0x5F, 0x00, 0x5F, 0x00, 0x5F, 0x50, 0x29, 0x9A, 0x32, 0xF4, 0x9D,
    0xF4, 0xDE, 0xEC, 0xFD, 0xE4, 0xFB, 0xDD, 0x3A, 0xE5, 0x1C, 0xEC, 0xDD, 0xF4, 0xBE, 0x81, 0xAF,
    0x00, 0x5F, 0x00, 0x5F, 0x00, 0x5F, 0x00, 0x5F, 0x58, 0x6A, 0xDC, 0x1B, 0xEC, 0xFC, 0xCD, 0xB9,
    0xDD, 0x5B, 0xF4, 0xBD, 0x68, 0xEC, 0x00, 0x5F, 0x00, 0x5F, 0x00, 0x5F, 0x00, 0x5F, 0x00, 0x5F,
    0x00, 0x5F, 0x00, 0x5F, 0x68, 0xEC, 0xF4, 0xBE, 0xEC, 0xDC, 0xE4, 0xDC, 0xFC, 0xDE, 0x92, 0x11,
    0x00, 0x5F, 0x00, 0x5F, 0x00, 0x5F, 0x00, 0x5F, 0x00, 0x5F, 0x00, 0x5F, 0x00, 0x5F, 0x00, 0x5F,
    0x00, 0x5F, 0x00, 0x5F, 0x00, 0x5F, 0x00, 0x5F, 0x00, 0x5F, 0x00, 0x5F, 0x71, 0x0D, 0xF4, 0xBE,
    0xDC, 0xBB, 0xDC, 0xDA, 0xD4, 0xDA, 0xD4, 0xDA, 0xD4, 0xFA, 0xD4, 0xFA, 0xDD, 0x1A, 0xDD, 0x1A,
    0xD4, 0xFA, 0xD4, 0xFA, 0xDD, 0x1A, 0xDD, 0x3B, 0xDD, 0x1B, 0xDD, 0x3B, 0xE5, 0x3B, 0xFC, 0xDE,
    0x92, 0x32, 0x00, 0x5F, 0x00, 0x5F, 0x58, 0x8A, 0xAA, 0xD5, 0xEC, 0x9D, 0xF4, 0xDD, 0xEC, 0xDC,
    0xDD, 0x1B, 0xDD, 0x1A, 0xDC, 0xDB, 0xEC, 0xBD, 0xE4, 0x5B, 0xB2, 0xD5, 0xF4, 0xBD, 0xEC, 0xDC,
    0xEC, 0xDC, 0xFC, 0xDE, 0xB2, 0xD5, 0x50, 0x29, 0x00, 0x5F, 0x00, 0x5F, 0x58, 0x8A, 0xB2, 0xF6,
    0xF4, 0x9D, 0xEC, 0xBD, 0xE4, 0xFC, 0xDD, 0x3B, 0xDD, 0x3A, 0xDD, 0x3B, 0xE5, 0x1C, 0xF4, 0xBD,
    0xF4, 0x9D, 0xA2, 0x73, 0x58, 0x6A, 0x00, 0x5F, 0x00, 0x5F, 0x00, 0x5F, 0x00, 0x5F, 0x00, 0x5F,
    0x00, 0x5F, 0x00, 0x5F, 0x58, 0x6A, 0xDC, 0x1B, 0xEC, 0xFC, 0xCD, 0xB9, 0xDD, 0x5B, 0xF4, 0xBD,
    0x68, 0xEC, 0x00, 0x5F, 0x00, 0x5F, 0x00, 0x5F, 0x00, 0x5F, 0x00, 0x5F, 0x00, 0x5F, 0x00, 0x5F,
    0x00, 0x5F, 0x00, 0x5F, 0x00, 0x5F, 0x00, 0x5F, 0x00, 0x5F, 0x00, 0x5F, 0x00, 0x5F, 0x58, 0x8A,
    0xBA, 0xF6, 0xC3, 0x58, 0xC3, 0x58, 0xC3, 0x78, 0xC3, 0x78, 0xC3, 0x78, 0xC3, 0x78, 0xC3, 0x58,
    0xC3, 0x78, 0xC3, 0x78, 0xC3, 0x78, 0xB2, 0xF6, 0x71, 0x4D, 0x58, 0x6A, 0x00, 0x5F, 0x00, 0x5F,
    0x00, 0x5F, 0x00, 0x5F, 0x00, 0x5F, 0x00, 0x5F, 0x00, 0x5F, 0x00, 0x5F, 0x00, 0x5F, 0x60, 0xAB,
    0x92, 0x11, 0x92, 0x31, 0x92, 0x31, 0x92, 0x11, 0x60, 0xAB, 0x00, 0x5F, 0x00, 0x5F, 0x00, 0x5F,
    0x60, 0xAB, 0x92, 0x11, 0x92, 0x32, 0x92, 0x32, 0x89, 0xD0, 0x50, 0x49, 0x00, 0x5F, 0x00, 0x5F,
    0x00, 0x5F, 0x00, 0x5F, 0x00, 0x5F, 0x00, 0x5F, 0x60, 0xAB, 0x91, 0xF1, 0x92, 0x32, 0x92, 0x32,
    0x89, 0xD0, 0x50, 0x49, 0x00, 0x5F, 0x00, 0x5F, 0x00, 0x5F, 0x00, 0x5F, 0x00, 0x5F, 0x60, 0xAB,
    0x92, 0x11, 0x92, 0x11, 0x92, 0x11, 0x91, 0xF1, 0x60, 0xAB, 0x00, 0x5F, 0x00, 0x5F, 0x00, 0x5F,
    0x00, 0x5F, 0x00, 0x5F, 0x00, 0x5F, 0x60, 0xAB, 0x9A, 0x73, 0xC3, 0x78, 0xCB, 0xD9, 0xCB, 0xB8,
    0xCB, 0xD9, 0xC3, 0x57, 0x9A, 0x52, 0x60, 0xAB, 0x50, 0x29, 0x00, 0x5F, 0x00, 0x5F, 0x00, 0x5F,
    0x00, 0x5F, 0x00, 0x5F, 0x00, 0x5F, 0x00, 0x5F, 0x58, 0x6A, 0x81, 0x8F, 0xA2, 0x93, 0xBB, 0x37,
    0xC3, 0x58, 0xC3, 0x58, 0xB2, 0xD5, 0x71, 0x0D, 0x50, 0x49, 0x71, 0x0D, 0x92, 0x32, 0x92, 0x32,
    0x92, 0x32, 0x81, 0x6F, 0x50, 0x29, 0x00, 0x5F, 0x00, 0x5F, 0x60, 0xAB, 0x92, 0x11, 0x92, 0x31,
    0x92, 0x31, 0x92, 0x11, 0x60, 0xAB, 0x00, 0x5F, 0x00, 0x5F, 0x00, 0x5F, 0x00, 0x5F, 0x00, 0x5F,
    0x50, 0x29, 0x68, 0xCC, 0x92, 0x31, 0xAA, 0xD5, 0xC3, 0x78, 0xC3, 0x78, 0xC3, 0x78, 0xB2, 0xD5,
    0x71, 0x2D, 0x50, 0x49, 0x00, 0x5F, 0x50, 0x29, 0x50, 0x29, 0x00, 0x5F, 0x50, 0x49, 0xD3, 0xB9,
    0xEC, 0xDC, 0xCD, 0x99, 0xEC, 0xDC, 0xBB, 0x37, 0x50, 0x29, 0x00, 0x5F, 0x00, 0x5F, 0x00, 0x5F,
    0x00, 0x5F, 0x00, 0x5F, 0x00, 0x5F, 0x00, 0x5F, 0x50, 0x49, 0x89, 0xD0, 0x92, 0x32, 0x92, 0x32,
    0x92, 0x11, 0x60, 0xAB, 0x00, 0x5F, 0x00, 0x5F, 0x00, 0x5F, 0x00, 0x5F, 0x00, 0x5F, 0x00, 0x5F,
    0x00, 0x5F, 0x00, 0x5F, 0x00, 0x5F, 0x00, 0x5F, 0x00, 0x5F, 0x00, 0x5F, 0x00, 0x5F, 0x00, 0x5F,
    0x58, 0x8A, 0xBA, 0xF6, 0xC3, 0x78, 0xC3, 0x78, 0xC3, 0x78, 0xC3, 0x78, 0xC3, 0x78, 0xC3, 0x78,
    0xC3, 0x78, 0xC3, 0x78, 0xC3, 0x78, 0xC3, 0x78, 0xC3, 0x78, 0xC3, 0x78, 0xC3, 0x78, 0xC3, 0x78,
    0xC3, 0x78, 0xC3, 0x57, 0x71, 0x0D, 0x00, 0x5F, 0x00, 0x5F, 0x00, 0x5F, 0x00, 0x5F, 0x60, 0xAB,
    0x92, 0x31, 0xB3, 0x16, 0xC3, 0x57, 0xC3, 0x58, 0xC3, 0x37, 0x9A, 0x53, 0x58, 0x8A, 0x50, 0x29,
    0x89, 0xB0, 0x92, 0x32, 0x92, 0x32, 0x92, 0x31, 0x79, 0x4E, 0x00, 0x5F, 0x00, 0x5F, 0x00, 0x5F,
    0x00, 0x5F, 0x50, 0x29, 0x68, 0xEC, 0x9A, 0x53, 0xC3, 0x57, 0xC3, 0x58, 0xC3, 0x78, 0xC3, 0x78,
    0xC3, 0x57, 0x9A, 0x52, 0x68, 0xEC, 0x50, 0x29, 0x00, 0x5F, 0x00, 0x5F, 0x00, 0x5F, 0x00, 0x5F,
    0x00, 0x5F, 0x50, 0x29, 0x50, 0x29, 0x00, 0x5F, 0x50, 0x49, 0xD3, 0xB9, 0xEC, 0xDC, 0xCD, 0x99,
    0xEC, 0xDC, 0xBB, 0x37, 0x50, 0x29, 0x00, 0x5F, 0x00, 0x5F, 0x00, 0x5F, 0x00, 0x5F, 0x00, 0x5F,
    0x00, 0x5F, 0x00, 0x5F, 0x00, 0x5F, 0x00, 0x5F, 0x00, 0x5F, 0x00, 0x5F, 0x00, 0x5F, 0x00, 0x5F,
    0x00, 0x5F, 0x00, 0x5F, 0x00, 0x5F, 0x00, 0x5F, 0x00, 0x5F, 0x00, 0x5F, 0x00, 0x5F, 0x00, 0x5F,
    0x00, 0x5F, 0x00, 0x5F, 0x00, 0x5F, 0x00, 0x5F, 0x00, 0x5F, 0x00, 0x5F, 0x00, 0x5F, 0x00, 0x5F,
    0x00, 0x5F, 0x00, 0x5F, 0x00, 0x5F, 0x00, 0x5F, 0x00, 0x5F, 0x00, 0x5F, 0x00, 0x5F, 0x00, 0x5F,
    0x00, 0x5F, 0x00, 0x5F, 0x00, 0x5F, 0x00, 0x5F, 0x00, 0x5F, 0x00, 0x5F, 0x00, 0x5F, 0x00, 0x5F,
    0x00, 0x5F, 0x00, 0x5F, 0x00, 0x5F, 0x00, 0x5F, 0x00, 0x5F, 0x00, 0x5F, 0x00, 0x5F, 0x00, 0x5F,
    0x00, 0x5F, 0x00, 0x5F, 0x00, 0x5F, 0x00, 0x5F, 0x00, 0x5F, 0x00, 0x5F, 0x00, 0x5F, 0x00, 0x5F,
    0x00, 0x5F, 0x00, 0x5F, 0x00, 0x5F, 0x00, 0x5F, 0x00, 0x5F, 0x00, 0x5F, 0x00, 0x5F, 0x00, 0x5F,
    0x00, 0x5F, 0x00, 0x5F, 0x00, 0x5F, 0x00, 0x5F, 0x00, 0x5F, 0x00, 0x5F, 0x00, 0x5F, 0x00, 0x5F,
    0x00, 0x5F, 0x00, 0x5F, 0x00, 0x5F, 0x00, 0x5F, 0x00, 0x5F, 0x00, 0x5F, 0x00, 0x5F, 0x00, 0x5F,
    0x00, 0x5F, 0x00, 0x5F, 0x00, 0x5F, 0x00, 0x5F, 0x00, 0x5F, 0x00, 0x5F, 0x00, 0x5F, 0x00, 0x5F,
    0x00, 0x5F, 0x00, 0x5F, 0x00, 0x5F, 0x00, 0x5F, 0x00, 0x5F, 0x00, 0x5F, 0x00, 0x5F, 0x00, 0x5F,
    0x00, 0x5F, 0x00, 0x5F, 0x00, 0x5F, 0x00, 0x5F, 0x00, 0x5F, 0x00, 0x5F, 0x00, 0x5F, 0x00, 0x5F,
    0x00, 0x5F, 0x00, 0x5F, 0x00, 0x5F, 0x00, 0x5F, 0x00, 0x5F, 0x00, 0x5F, 0x00, 0x5F, 0x00, 0x5F,
    0x00, 0x5F, 0x00, 0x5F, 0x00, 0x5F, 0x00, 0x5F, 0x00, 0x5F, 0x00, 0x5F, 0x00, 0x5F, 0x00, 0x5F,
    0x00, 0x5F, 0x00, 0x5F, 0x00, 0x5F, 0x00, 0x5F, 0x00, 0x5F, 0x00, 0x5F, 0x00, 0x5F, 0x00, 0x5F,
    0x00, 0x5F, 0x00, 0x5F, 0x00, 0x5F, 0x00, 0x5F, 0x58, 0x8A, 0xC3, 0x78, 0xC3, 0x37, 0x9A, 0x32,
    0xAA, 0xB5, 0xF4, 0xBD, 0xD5, 0x3A, 0xD5, 0x5A, 0xF4, 0xBD, 0x79, 0x4E, 0x00, 0x5F, 0x00, 0x5F,
    0x00, 0x5F, 0x00, 0x5F, 0x00, 0x5F, 0x00, 0x5F, 0x00, 0x5F, 0x00, 0x5F, 0x00, 0x5F, 0x00, 0x5F,
    0x00, 0x5F, 0x00, 0x5F, 0x00, 0x5F, 0x00, 0x5F, 0x00, 0x5F, 0x00, 0x5F, 0x00, 0x5F, 0x00, 0x5F,
    0x00, 0x5F, 0x00, 0x5F, 0x00, 0x5F, 0x00, 0x5F, 0x00, 0x5F, 0x00, 0x5F, 0x00, 0x5F, 0x00, 0x5F,
    0x00, 0x5F, 0x00, 0x5F, 0x00, 0x5F, 0x00, 0x5F, 0x00, 0x5F, 0x00, 0x5F, 0x00, 0x5F, 0x00, 0x5F,
    0x00, 0x5F, 0x00, 0x5F, 0x00, 0x5F, 0x00, 0x5F, 0x00, 0x5F, 0x00, 0x5F, 0x00, 0x5F, 0x00, 0x5F,
    0x00, 0x5F, 0x00, 0x5F, 0x00, 0x5F, 0x00, 0x5F, 0x00, 0x5F, 0x00, 0x5F, 0x00, 0x5F, 0x00, 0x5F,
    0x00, 0x5F, 0x00, 0x5F, 0x00, 0x5F, 0x00, 0x5F, 0x00, 0x5F, 0x00, 0x5F, 0x00, 0x5F, 0x00, 0x5F,
    0x00, 0x5F, 0x00, 0x5F, 0x00, 0x5F, 0x00, 0x5F, 0x00, 0x5F, 0x00, 0x5F, 0x00, 0x5F, 0x00, 0x5F,
    0x00, 0x5F, 0x00, 0x5F, 0x00, 0x5F, 0x00, 0x5F, 0x00, 0x5F, 0x00, 0x5F, 0x00, 0x5F, 0x00, 0x5F,
    0x00, 0x5F, 0x00, 0x5F, 0x00, 0x5F, 0x00, 0x5F, 0x00, 0x5F, 0x00, 0x5F, 0x00, 0x5F, 0x00, 0x5F,
    0x00, 0x5F, 0x00, 0x5F, 0x58, 0x8A, 0xC3, 0x58, 0xC3, 0x37, 0x9A, 0x32, 0xAA, 0xB5, 0xF4, 0xBD,
    0xD5, 0x3A, 0xD5, 0x5A, 0xF4, 0xBD, 0x79, 0x4E, 0x00, 0x5F, 0x00, 0x5F, 0x00, 0x5F, 0x00, 0x5F,
    0x00, 0x5F, 0x00, 0x5F, 0x00, 0x5F, 0x00, 0x5F, 0x00, 0x5F, 0x00, 0x5F, 0x00, 0x5F, 0x00, 0x5F,
    0x00, 0x5F, 0x00, 0x5F, 0x00, 0x5F, 0x00, 0x5F, 0x00, 0x5F, 0x00, 0x5F, 0x00, 0x5F, 0x00, 0x5F,
    0x00, 0x5F, 0x00, 0x5F, 0x00, 0x5F, 0x00, 0x5F, 0x00, 0x5F, 0x00, 0x5F, 0x00, 0x5F, 0x00, 0x5F,
    0x00, 0x5F, 0x00, 0x5F, 0x00, 0x5F, 0x00, 0x5F, 0x00, 0x5F, 0x00, 0x5F, 0x00, 0x5F, 0x00, 0x5F,
    0x00, 0x5F, 0x00, 0x5F, 0x00, 0x5F, 0x00, 0x5F, 0x00, 0x5F, 0x00, 0x5F, 0x00, 0x5F, 0x00, 0x5F,
    0x00, 0x5F, 0x00, 0x5F, 0x00, 0x5F, 0x00, 0x5F, 0x00, 0x5F, 0x00, 0x5F, 0x00, 0x5F, 0x00, 0x5F,
    0x00, 0x5F, 0x00, 0x5F, 0x00, 0x5F, 0x00, 0x5F, 0x00, 0x5F, 0x00, 0x5F, 0x00, 0x5F, 0x00, 0x5F,
    0x00, 0x5F, 0x00, 0x5F, 0x00, 0x5F, 0x00, 0x5F, 0x00, 0x5F, 0x00, 0x5F, 0x00, 0x5F, 0x00, 0x5F,
    0x00, 0x5F, 0x00, 0x5F, 0x00, 0x5F, 0x00, 0x5F, 0x00, 0x5F, 0x00, 0x5F, 0x00, 0x5F, 0x00, 0x5F,
    0x00, 0x5F, 0x00, 0x5F, 0x00, 0x5F, 0x00, 0x5F, 0x00, 0x5F, 0x00, 0x5F, 0x00, 0x5F, 0x00, 0x5F,
    0x00, 0x5F, 0x00, 0x5F, 0x00, 0x5F, 0x00, 0x5F, 0x00, 0x5F, 0x00, 0x5F, 0x00, 0x5F, 0x00, 0x5F,
    0x00, 0x5F, 0x00, 0x5F, 0x00, 0x5F, 0x00, 0x5F, 0x00, 0x5F, 0x00, 0x5F, 0x00, 0x5F, 0x00, 0x5F,
    0x00, 0x5F, 0x00, 0x5F, 0x00, 0x5F, 0x00, 0x5F, 0x00, 0x5F, 0x00, 0x5F, 0x00, 0x5F, 0x00, 0x5F,
    0x00, 0x5F, 0x00, 0x5F, 0x00, 0x5F, 0x00, 0x5F, 0x00, 0x5F, 0x00, 0x5F, 0x00, 0x5F, 0x00, 0x5F,
    0x00, 0x5F, 0x00, 0x5F, 0x00, 0x5F, 0x00, 0x5F, 0x00, 0x5F, 0x00, 0x5F, 0x00, 0x5F, 0x00, 0x5F,
    0x00, 0x5F, 0x00, 0x5F, 0x00, 0x5F, 0x00, 0x5F, 0x00, 0x5F, 0x00, 0x5F, 0x00, 0x5F, 0x00, 0x5F,
    0x00, 0x5F, 0x00, 0x5F, 0x00, 0x5F, 0x00, 0x5F, 0x00, 0x5F, 0x00, 0x5F, 0x71, 0x0D, 0xF4, 0xBE,
    0xEC, 0x9C, 0xE4, 0x7B, 0xE4, 0x9B, 0xD4, 0xF9, 0xC5, 0x58, 0xEC, 0xFC, 0xBB, 0x57, 0x50, 0x29,
    0x00, 0x5F, 0x00, 0x5F, 0x00, 0x5F, 0x00, 0x5F, 0x00, 0x5F, 0x00, 0x5F, 0x00, 0x5F, 0x00, 0x5F,
    0x00, 0x5F, 0x00, 0x5F, 0x00, 0x5F, 0x00, 0x5F, 0x00, 0x5F, 0x00, 0x5F, 0x00, 0x5F, 0x00, 0x5F,
    0x00, 0x5F, 0x00, 0x5F, 0x00, 0x5F, 0x00, 0x5F, 0x00, 0x5F, 0x00, 0x5F, 0x00, 0x5F, 0x00, 0x5F,
    0x00, 0x5F, 0x00, 0x5F, 0x00, 0x5F, 0x00, 0x5F, 0x00, 0x5F, 0x00, 0x5F, 0x00, 0x5F, 0x00, 0x5F,
    0x00, 0x5F, 0x00, 0x5F, 0x00, 0x5F, 0x00, 0x5F, 0x00, 0x5F, 0x00, 0x5F, 0x00, 0x5F, 0x00, 0x5F,
    0x00, 0x5F, 0x00, 0x5F, 0x00, 0x5F, 0x00, 0x5F, 0x00, 0x5F, 0x00, 0x5F, 0x00, 0x5F, 0x00, 0x5F,
    0x00, 0x5F, 0x00, 0x5F, 0x00, 0x5F, 0x00, 0x5F, 0x00, 0x5F, 0x00, 0x5F, 0x00, 0x5F, 0x00, 0x5F,
    0x00, 0x5F, 0x00, 0x5F, 0x00, 0x5F, 0x00, 0x5F, 0x00, 0x5F, 0x00, 0x5F, 0x00, 0x5F, 0x00, 0x5F,
    0x00, 0x5F, 0x00, 0x5F, 0x00, 0x5F, 0x00, 0x5F, 0x00, 0x5F, 0x00, 0x5F, 0x00, 0x5F, 0x00, 0x5F,
    0x00, 0x5F, 0x00, 0x5F, 0x00, 0x5F, 0x00, 0x5F, 0x00, 0x5F, 0x00, 0x5F, 0x00, 0x5F, 0x00, 0x5F,
    0x00, 0x5F, 0x00, 0x5F, 0x00, 0x5F, 0x00, 0x5F, 0x71, 0x0D, 0xF4, 0xBE, 0xEC, 0x9C, 0xE4, 0x7B,
    0xE4, 0x9B, 0xD4, 0xF9, 0xC5, 0x58, 0xEC, 0xFD, 0xBB, 0x57, 0x50, 0x29, 0x00, 0x5F, 0x00, 0x5F,
    0x00, 0x5F, 0x00, 0x5F, 0x00, 0x5F, 0x00, 0x5F, 0x00, 0x5F, 0x00, 0x5F, 0x00, 0x5F, 0x00, 0x5F,
    0x00, 0x5F, 0x00, 0x5F, 0x00, 0x5F, 0x00, 0x5F, 0x00, 0x5F, 0x00, 0x5F, 0x00, 0x5F, 0x00, 0x5F,
    0x00, 0x5F, 0x00, 0x5F, 0x00, 0x5F, 0x00, 0x5F, 0x00, 0x5F, 0x00, 0x5F, 0x00, 0x5F, 0x00, 0x5F,
    0x00, 0x5F, 0x00, 0x5F, 0x00, 0x5F, 0x00, 0x5F, 0x00, 0x5F, 0x00, 0x5F, 0x00, 0x5F, 0x00, 0x5F,
    0x00, 0x5F, 0x00, 0x5F, 0x00, 0x5F, 0x00, 0x5F, 0x00, 0x5F, 0x00, 0x5F, 0x00, 0x5F, 0x00, 0x5F,
    0x00, 0x5F, 0x00, 0x5F, 0x00, 0x5F, 0x00, 0x5F, 0x00, 0x5F, 0x00, 0x5F, 0x00, 0x5F, 0x00, 0x5F,
    0x00, 0x5F, 0x00, 0x5F, 0x00, 0x5F, 0x00, 0x5F, 0x00, 0x5F, 0x00, 0x5F, 0x00, 0x5F, 0x00, 0x5F,
    0x00, 0x5F, 0x00, 0x5F, 0x00, 0x5F, 0x00, 0x5F, 0x00, 0x5F, 0x00, 0x5F, 0x00, 0x5F, 0x00, 0x5F,
    0x00, 0x5F, 0x00, 0x5F, 0x00, 0x5F, 0x00, 0x5F, 0x00, 0x5F, 0x00, 0x5F, 0x00, 0x5F, 0x00, 0x5F,
    0x00, 0x5F, 0x00, 0x5F, 0x00, 0x5F, 0x00, 0x5F, 0x00, 0x5F, 0x00, 0x5F, 0x00, 0x5F, 0x00, 0x5F,
    0x00, 0x5F, 0x00, 0x5F, 0x00, 0x5F, 0x00, 0x5F, 0x00, 0x5F, 0x00, 0x5F, 0x00, 0x5F, 0x00, 0x5F,
    0x00, 0x5F, 0x00, 0x5F, 0x00, 0x5F, 0x00, 0x5F, 0x00, 0x5F, 0x00, 0x5F, 0x00, 0x5F, 0x00, 0x5F,
    0x00, 0x5F, 0x00, 0x5F, 0x00, 0x5F, 0x00, 0x5F, 0x00, 0x5F, 0x00, 0x5F, 0x00, 0x5F, 0x00, 0x5F,
    0x00, 0x5F, 0x00, 0x5F, 0x00, 0x5F, 0x00, 0x5F, 0x00, 0x5F, 0x00, 0x5F, 0x00, 0x5F, 0x00, 0x5F,
    0x00, 0x5F, 0x00, 0x5F, 0x00, 0x5F, 0x00, 0x5F, 0x00, 0x5F, 0x00, 0x5F, 0x00, 0x5F, 0x00, 0x5F,
    0x00, 0x5F, 0x00, 0x5F, 0x00, 0x5F, 0x00, 0x5F, 0x00, 0x5F, 0x00, 0x5F, 0x00, 0x5F, 0x00, 0x5F,
    0x00, 0x5F, 0x00, 0x5F, 0x00, 0x5F, 0x00, 0x5F, 0x00, 0x5F, 0x00, 0x5F, 0x00, 0x5F, 0x00, 0x5F,
    0x71, 0x0D, 0xF4, 0x9E, 0xD4, 0xBA, 0xC4, 0xD8, 0xC4, 0xF8, 0xCD, 0x19, 0xE4, 0xDC, 0xEC, 0x7C,
    0x69, 0x0C, 0x00, 0x5F, 0x00, 0x5F, 0x00, 0x5F, 0x00, 0x5F, 0x00, 0x5F, 0x00, 0x5F, 0x00, 0x5F,
    0x00, 0x5F, 0x00, 0x5F, 0x00, 0x5F, 0x00, 0x5F, 0x00, 0x5F, 0x00, 0x5F, 0x00, 0x5F, 0x00, 0x5F,
    0x00, 0x5F, 0x00, 0x5F, 0x00, 0x5F, 0x00, 0x5F, 0x00, 0x5F, 0x00, 0x5F, 0x00, 0x5F, 0x00, 0x5F,
    0x00, 0x5F, 0x00, 0x5F, 0x00, 0x5F, 0x00, 0x5F, 0x00, 0x5F, 0x00, 0x5F, 0x00, 0x5F, 0x00, 0x5F,
    0x00, 0x5F, 0x00, 0x5F, 0x00, 0x5F, 0x00, 0x5F, 0x00, 0x5F, 0x00, 0x5F, 0x00, 0x5F, 0x00, 0x5F,
    0x00, 0x5F, 0x00, 0x5F, 0x00, 0x5F, 0x00, 0x5F, 0x00, 0x5F, 0x00, 0x5F, 0x00, 0x5F, 0x00, 0x5F,
    0x00, 0x5F, 0x00, 0x5F, 0x00, 0x5F, 0x00, 0x5F, 0x00, 0x5F, 0x00, 0x5F, 0x00, 0x5F, 0x00, 0x5F,
    0x00, 0x5F, 0x00, 0x5F, 0x00, 0x5F, 0x00, 0x5F, 0x00, 0x5F, 0x00, 0x5F, 0x00, 0x5F, 0x00, 0x5F,
    0x00, 0x5F, 0x00, 0x5F, 0x00, 0x5F, 0x00, 0x5F, 0x00, 0x5F, 0x00, 0x5F, 0x00, 0x5F, 0x00, 0x5F,
    0x00, 0x5F, 0x00, 0x5F, 0x00, 0x5F, 0x00, 0x5F, 0x00, 0x5F, 0x00, 0x5F, 0x00, 0x5F, 0x00, 0x5F,
    0x00, 0x5F, 0x00, 0x5F, 0x00, 0x5F, 0x00, 0x5F, 0x00, 0x5F, 0x00, 0x5F, 0x71, 0x0D, 0xF4, 0x9E,
    0xD4, 0xBA, 0xC4, 0xD8, 0xC4, 0xF8, 0xCD, 0x39, 0xE4, 0xDC, 0xEC, 0x7C, 0x69, 0x0C, 0x00, 0x5F,
    0x00, 0x5F, 0x00, 0x5F, 0x00, 0x5F, 0x00, 0x5F, 0x00, 0x5F, 0x00, 0x5F, 0x00, 0x5F, 0x00, 0x5F,
    0x00, 0x5F, 0x00, 0x5F, 0x00, 0x5F, 0x00, 0x5F, 0x00, 0x5F, 0x00, 0x5F, 0x00, 0x5F, 0x00, 0x5F,
    0x00, 0x5F, 0x00, 0x5F, 0x00, 0x5F, 0x00, 0x5F, 0x00, 0x5F, 0x00, 0x5F, 0x00, 0x5F, 0x00, 0x5F,
    0x00, 0x5F, 0x00, 0x5F, 0x00, 0x5F, 0x00, 0x5F, 0x00, 0x5F, 0x00, 0x5F, 0x00, 0x5F, 0x00, 0x5F,
    0x00, 0x5F, 0x00, 0x5F, 0x00, 0x5F, 0x00, 0x5F, 0x00, 0x5F, 0x00, 0x5F, 0x00, 0x5F, 0x00, 0x5F,
    0x00, 0x5F, 0x00, 0x5F, 0x00, 0x5F, 0x00, 0x5F, 0x00, 0x5F, 0x00, 0x5F, 0x00, 0x5F, 0x00, 0x5F,
    0x00, 0x5F, 0x00, 0x5F, 0x00, 0x5F, 0x00, 0x5F, 0x00, 0x5F, 0x00, 0x5F, 0x00, 0x5F, 0x00, 0x5F,
    0x00, 0x5F, 0x00, 0x5F, 0x00, 0x5F, 0x00, 0x5F, 0x00, 0x5F, 0x00, 0x5F, 0x00, 0x5F, 0x00, 0x5F,
    0x00, 0x5F, 0x00, 0x5F, 0x00, 0x5F, 0x00, 0x5F, 0x00, 0x5F, 0x00, 0x5F, 0x00, 0x5F, 0x00, 0x5F,
    0x00, 0x5F, 0x00, 0x5F, 0x00, 0x5F, 0x00, 0x5F, 0x00, 0x5F, 0x00, 0x5F, 0x00, 0x5F, 0x00, 0x5F,
    0x00, 0x5F, 0x00, 0x5F, 0x00, 0x5F, 0x00, 0x5F, 0x00, 0x5F, 0x00, 0x5F, 0x00, 0x5F, 0x00, 0x5F,
    0x00, 0x5F, 0x00, 0x5F, 0x00, 0x5F, 0x00, 0x5F, 0x00, 0x5F, 0x00, 0x5F, 0x00, 0x5F, 0x00, 0x5F,
    0x00, 0x5F, 0x00, 0x5F, 0x00, 0x5F, 0x00, 0x5F, 0x00, 0x5F, 0x00, 0x5F, 0x00, 0x5F, 0x00, 0x5F,
    0x00, 0x5F, 0x00, 0x5F, 0x00, 0x5F, 0x00, 0x5F, 0x00, 0x5F, 0x00, 0x5F, 0x00, 0x5F, 0x00, 0x5F,
    0x00, 0x5F, 0x00, 0x5F, 0x00, 0x5F, 0x00, 0x5F, 0x00, 0x5F, 0x00, 0x5F, 0x00, 0x5F, 0x00, 0x5F,
    0x00, 0x5F, 0x00, 0x5F, 0x00, 0x5F, 0x00, 0x5F, 0x00, 0x5F, 0x00, 0x5F, 0x00, 0x5F, 0x00, 0x5F,
    0x00, 0x5F, 0x00, 0x5F, 0x00, 0x5F, 0x00, 0x5F, 0x00, 0x5F, 0x00, 0x5F, 0x00, 0x5F, 0x00, 0x5F,
    0x00, 0x5F, 0x00, 0x5F, 0x58, 0x8A, 0xDB, 0xFA, 0xF4, 0xBD, 0xEC, 0xBC, 0xE4, 0x9C, 0xF4, 0x9D,
    0xE4, 0x3B, 0x79, 0x6E, 0x00, 0x5F, 0x00, 0x5F, 0x00, 0x5F, 0x00, 0x5F, 0x00, 0x5F, 0x00, 0x5F,
    0x00, 0x5F, 0x00, 0x5F, 0x00, 0x5F, 0x00, 0x5F, 0x00, 0x5F, 0x00, 0x5F, 0x00, 0x5F, 0x00, 0x5F,
    0x00, 0x5F, 0x00, 0x5F, 0x00, 0x5F, 0x00, 0x5F, 0x00, 0x5F, 0x00, 0x5F, 0x00, 0x5F, 0x00, 0x5F,
    0x00, 0x5F, 0x00, 0x5F, 0x00, 0x5F, 0x00, 0x5F, 0x00, 0x5F, 0x00, 0x5F, 0x00, 0x5F, 0x00, 0x5F,
    0x00, 0x5F, 0x00, 0x5F, 0x00, 0x5F, 0x00, 0x5F, 0x00, 0x5F, 0x00, 0x5F, 0x00, 0x5F, 0x00, 0x5F,
    0x00, 0x5F, 0x00, 0x5F, 0x00, 0x5F, 0x00, 0x5F, 0x00, 0x5F, 0x00, 0x5F, 0x00, 0x5F, 0x00, 0x5F,
    0x00, 0x5F, 0x00, 0x5F, 0x00, 0x5F, 0x00, 0x5F, 0x00, 0x5F, 0x00, 0x5F, 0x00, 0x5F, 0x00, 0x5F,
    0x00, 0x5F, 0x00, 0x5F, 0x00, 0x5F, 0x00, 0x5F, 0x00, 0x5F, 0x00, 0x5F, 0x00, 0x5F, 0x00, 0x5F,
    0x00, 0x5F, 0x00, 0x5F, 0x00, 0x5F, 0x00, 0x5F, 0x00, 0x5F, 0x00, 0x5F, 0x00, 0x5F, 0x00, 0x5F,
    0x00, 0x5F, 0x00, 0x5F, 0x00, 0x5F, 0x00, 0x5F, 0x00, 0x5F, 0x00, 0x5F, 0x00, 0x5F, 0x00, 0x5F,
    0x00, 0x5F, 0x00, 0x5F, 0x00, 0x5F, 0x00, 0x5F, 0x00, 0x5F, 0x00, 0x5F, 0x00, 0x5F, 0x00, 0x5F,
    0x58, 0x8A, 0xDB, 0xFA, 0xF4, 0xBD, 0xEC, 0x9D, 0xE4, 0x9C, 0xF4, 0x9D, 0xE4, 0x3B, 0x79, 0x6E,
    0x00, 0x5F, 0x00, 0x5F, 0x00, 0x5F, 0x00, 0x5F, 0x00, 0x5F, 0x00, 0x5F, 0x00, 0x5F, 0x00, 0x5F,
    0x00, 0x5F, 0x00, 0x5F, 0x00, 0x5F, 0x00, 0x5F, 0x00, 0x5F, 0x00, 0x5F, 0x00, 0x5F, 0x00, 0x5F,
    0x00, 0x5F, 0x00, 0x5F, 0x00, 0x5F, 0x00, 0x5F, 0x00, 0x5F, 0x00, 0x5F, 0x00, 0x5F, 0x00, 0x5F,
    0x00, 0x5F, 0x00, 0x5F, 0x00, 0x5F, 0x00, 0x5F, 0x00, 0x5F, 0x00, 0x5F, 0x00, 0x5F, 0x00, 0x5F,
    0x00, 0x5F, 0x00, 0x5F, 0x00, 0x5F, 0x00, 0x5F, 0x00, 0x5F, 0x00, 0x5F, 0x00, 0x5F, 0x00, 0x5F,
    0x00, 0x5F, 0x00, 0x5F, 0x00, 0x5F, 0x00, 0x5F, 0x00, 0x5F, 0x00, 0x5F, 0x00, 0x5F, 0x00, 0x5F,
    0x00, 0x5F, 0x00, 0x5F, 0x00, 0x5F, 0x00, 0x5F, 0x00, 0x5F, 0x00, 0x5F, 0x00, 0x5F, 0x00, 0x5F,
    0x00, 0x5F, 0x00, 0x5F, 0x00, 0x5F, 0x00, 0x5F, 0x00, 0x5F, 0x00, 0x5F, 0x00, 0x5F, 0x00, 0x5F,
    0x00, 0x5F, 0x00, 0x5F, 0x00, 0x5F, 0x00, 0x5F, 0x00, 0x5F, 0x00, 0x5F, 0x00, 0x5F, 0x00, 0x5F,
    0x00, 0x5F, 0x00, 0x5F, 0x00, 0x5F, 0x00, 0x5F, 0x00, 0x5F, 0x00, 0x5F, 0x00, 0x5F, 0x00, 0x5F,
    0x00, 0x5F, 0x00, 0x5F, 0x00, 0x5F, 0x00, 0x5F, 0x00, 0x5F, 0x00, 0x5F, 0x00, 0x5F, 0x00, 0x5F,
    0x00, 0x5F, 0x00, 0x5F, 0x00, 0x5F, 0x00, 0x5F, 0x00, 0x5F, 0x00, 0x5F, 0x00, 0x5F, 0x00, 0x5F,
    0x00, 0x5F, 0x00, 0x5F, 0x00, 0x5F, 0x00, 0x5F, 0x00, 0x5F, 0x00, 0x5F, 0x00, 0x5F, 0x00, 0x5F,
    0x00, 0x5F, 0x00, 0x5F, 0x00, 0x5F, 0x00, 0x5F, 0x00, 0x5F, 0x00, 0x5F, 0x00, 0x5F, 0x00, 0x5F,
    0x00, 0x5F, 0x00, 0x5F, 0x00, 0x5F, 0x00, 0x5F, 0x00, 0x5F, 0x00, 0x5F, 0x00, 0x5F, 0x00, 0x5F,
    0x00, 0x5F, 0x00, 0x5F, 0x00, 0x5F, 0x00, 0x5F, 0x00, 0x5F, 0x00, 0x5F, 0x00, 0x5F, 0x00, 0x5F,
    0x00, 0x5F, 0x00, 0x5F, 0x00, 0x5F, 0x00, 0x5F, 0x00, 0x5F, 0x00, 0x5F, 0x00, 0x5F, 0x00, 0x5F,
    0x00, 0x5F, 0x00, 0x5F, 0x00, 0x5F, 0x00, 0x5F, 0x00, 0x5F, 0x58, 0x8A, 0x71, 0x2D, 0x89, 0xF1,
    0x92, 0x11, 0x79, 0x4E, 0x58, 0x8A, 0x00, 0x5F, 0x00, 0x5F, 0x00, 0x5F, 0x00, 0x5F, 0x00, 0x5F,
    0x00, 0x5F, 0x00, 0x5F, 0x00, 0x5F, 0x00, 0x5F, 0x00, 0x5F, 0x00, 0x5F, 0x00, 0x5F, 0x00, 0x5F,
    0x00, 0x5F, 0x00, 0x5F, 0x00, 0x5F, 0x00, 0x5F, 0x00, 0x5F, 0x00, 0x5F, 0x00, 0x5F, 0x00, 0x5F,
    0x00, 0x5F, 0x00, 0x5F, 0x00, 0x5F, 0x00, 0x5F, 0x00, 0x5F, 0x00, 0x5F, 0x00, 0x5F, 0x00, 0x5F,
    0x00, 0x5F, 0x00, 0x5F, 0x00, 0x5F, 0x00, 0x5F, 0x00, 0x5F, 0x00, 0x5F, 0x00, 0x5F, 0x00, 0x5F,
    0x00, 0x5F, 0x00, 0x5F, 0x00, 0x5F, 0x00, 0x5F, 0x00, 0x5F, 0x00, 0x5F, 0x00, 0x5F, 0x00, 0x5F,
    0x00, 0x5F, 0x00, 0x5F, 0x00, 0x5F, 0x00, 0x5F, 0x00, 0x5F, 0x00, 0x5F, 0x00, 0x5F, 0x00, 0x5F,
    0x00, 0x5F, 0x00, 0x5F, 0x00, 0x5F, 0x00, 0x5F, 0x00, 0x5F, 0x00, 0x5F, 0x00, 0x5F, 0x00, 0x5F,
    0x00, 0x5F, 0x00, 0x5F, 0x00, 0x5F, 0x00, 0x5F, 0x00, 0x5F, 0x00, 0x5F, 0x00, 0x5F, 0x00, 0x5F,
    0x00, 0x5F, 0x00, 0x5F, 0x00, 0x5F, 0x00, 0x5F, 0x00, 0x5F, 0x00, 0x5F, 0x00, 0x5F, 0x00, 0x5F,
    0x00, 0x5F, 0x00, 0x5F, 0x00, 0x5F, 0x00, 0x5F, 0x00, 0x5F, 0x00, 0x5F, 0x00, 0x5F, 0x00, 0x5F,
    0x00, 0x5F, 0x00, 0x5F, 0x00, 0x5F, 0x58, 0x8A, 0x71, 0x2D, 0x89, 0xF1, 0x92, 0x11, 0x79, 0x4E,
    0x58, 0x8A, 0x00, 0x5F, 0x00, 0x5F, 0x00, 0x5F, 0x00, 0x5F, 0x00, 0x5F, 0x00, 0x5F, 0x00, 0x5F,
    0x00, 0x5F, 0x00, 0x5F, 0x00, 0x5F, 0x00, 0x5F, 0x00, 0x5F, 0x00, 0x5F, 0x00, 0x5F, 0x00, 0x5F,
    0x00, 0x5F, 0x00, 0x5F, 0x00, 0x5F, 0x00, 0x5F, 0x00, 0x5F, 0x00, 0x5F, 0x00, 0x5F, 0x00, 0x5F,
    0x00, 0x5F, 0x00, 0x5F, 0x00, 0x5F, 0x00, 0x5F, 0x00, 0x5F, 0x00, 0x5F, 0x00, 0x5F, 0x00, 0x5F,
    0x00, 0x5F, 0x00, 0x5F, 0x00, 0x5F, 0x00, 0x5F, 0x00, 0x5F, 0x00, 0x5F, 0x00, 0x5F, 0x00, 0x5F,
    0x00, 0x5F, 0x00, 0x5F, 0x00, 0x5F, 0x00, 0x5F, 0x00, 0x5F, 0x00, 0x5F, 0x00, 0x5F, 0x00, 0x5F,
    0x00, 0x5F, 0x00, 0x5F, 0x00, 0x5F, 0x00, 0x5F, 0x00, 0x5F, 0x00, 0x5F, 0x00, 0x5F, 0x00, 0x5F,
    0x00, 0x5F, 0x00, 0x5F, 0x00, 0x5F, 0x00, 0x5F, 0x00, 0x5F, 0x00, 0x5F, 0x00, 0x5F, 0x00, 0x5F,
    0x00, 0x5F, 0x00, 0x5F, 0x00, 0x5F, 0x00, 0x5F, 0x00, 0x5F, 0x00, 0x5F, 0x00, 0x5F, 0x00, 0x5F,
    0x00, 0x5F, 0x00, 0x5F, 0x00, 0x5F, 0x00, 0x5F, 0x00, 0x5F, 0x00, 0x5F, 0x00, 0x5F, 0x00, 0x5F,
    0x00, 0x5F, 0x00, 0x5F, 0x00, 0x5F, 0x00, 0x5F, 0x00, 0x5F, 0x00, 0x5F, 0x00, 0x5F, 0x00, 0x5F,
    0x00, 0x5F, 0x00, 0x5F, 0x00, 0x5F, 0x00, 0x5F, 0x00, 0x5F, 0x00, 0x5F, 0x00, 0x5F, 0x00, 0x5F,
    0x00, 0x5F, 0x00, 0x5F, 0x00, 0x5F, 0x00, 0x5F, 0x00, 0x5F, 0x00, 0x5F, 0x00, 0x5F, 0x00, 0x5F,
    0x00, 0x5F, 0x00, 0x5F, 0x00, 0x5F, 0x00, 0x5F, 0x00, 0x5F, 0x00, 0x5F, 0x00, 0x5F, 0x00, 0x5F,
    0x00, 0x5F, 0x00, 0x5F, 0x00, 0x5F, 0x00, 0x5F, 0x00, 0x5F, 0x00, 0x5F, 0x00, 0x5F, 0x00, 0x5F,
    0x00, 0x5F, 0x00, 0x5F, 0x00, 0x5F, 0x00, 0x5F, 0x00, 0x5F, 0x00, 0x5F, 0x00, 0x5F, 0x00, 0x5F,
    0x00, 0x5F, 0x00, 0x5F, 0x00, 0x5F, 0x00, 0x5F, 0x00, 0x5F, 0x00, 0x5F, 0x00, 0x5F, 0x00, 0x5F,
    0x00, 0x5F, 0x00, 0x5F, 0x00, 0x5F, 0x00, 0x5F, 0x00, 0x5F, 0x00, 0x5F, 0x00, 0x5F, 0x00, 0x5F,
    0x00, 0x5F, 0x00, 0x5F, 0x00, 0x5F, 0x00, 0x5F, 0x00, 0x5F, 0x00, 0x5F, 0x00, 0x5F, 0x00, 0x5F,
    0x00, 0x5F, 0x00, 0x5F, 0x00, 0x5F, 0x00, 0x5F, 0x00, 0x5F, 0x00, 0x5F, 0x00, 0x5F, 0x00, 0x5F,
    0x00, 0x5F, 0x00, 0x5F, 0x00, 0x5F, 0x00, 0x5F, 0x00, 0x5F, 0x00, 0x5F, 0x00, 0x5F, 0x00, 0x5F,
    0x00, 0x5F, 0x00, 0x5F, 0x00, 0x5F, 0x00, 0x5F, 0x00, 0x5F, 0x00, 0x5F, 0x00, 0x5F, 0x00, 0x5F,
    0x00, 0x5F, 0x00, 0x5F, 0x00, 0x5F, 0x00, 0x5F, 0x00, 0x5F, 0x00, 0x5F, 0x00, 0x5F, 0x00, 0x5F,
    0x00, 0x5F, 0x00, 0x5F, 0x00, 0x5F, 0x00, 0x5F, 0x00, 0x5F, 0x00, 0x5F, 0x00, 0x5F, 0x00, 0x5F,
    0x00, 0x5F, 0x00, 0x5F, 0x00, 0x5F, 0x00, 0x5F, 0x00, 0x5F, 0x00, 0x5F, 0x00, 0x5F, 0x00, 0x5F,
    0x00, 0x5F, 0x00, 0x5F, 0x00, 0x5F, 0x00, 0x5F, 0x00, 0x5F, 0x00, 0x5F, 0x00, 0x5F, 0x00, 0x5F,
    0x00, 0x5F, 0x00, 0x5F, 0x00, 0x5F, 0x00, 0x5F, 0x00, 0x5F, 0x00, 0x5F, 0x00, 0x5F, 0x00, 0x5F,
    0x00, 0x5F, 0x00, 0x5F, 0x00, 0x5F, 0x00, 0x5F, 0x00, 0x5F, 0x00, 0x5F, 0x00, 0x5F, 0x00, 0x5F,
    0x00, 0x5F, 0x00, 0x5F, 0x00, 0x5F, 0x00, 0x5F, 0x00, 0x5F, 0x00, 0x5F, 0x00, 0x5F, 0x00, 0x5F,
    0x00, 0x5F, 0x00, 0x5F, 0x00, 0x5F, 0x00, 0x5F, 0x00, 0x5F, 0x00, 0x5F, 0x00, 0x5F, 0x00, 0x5F,
    0x00, 0x5F, 0x00, 0x5F, 0x00, 0x5F, 0x00, 0x5F, 0x00, 0x5F, 0x00, 0x5F, 0x00, 0x5F, 0x00, 0x5F,
    0x00, 0x5F, 0x00, 0x5F, 0x00, 0x5F, 0x00, 0x5F, 0x00, 0x5F, 0x00, 0x5F, 0x00, 0x5F, 0x00, 0x5F,
    0x00, 0x5F, 0x00, 0x5F, 0x00, 0x5F, 0x00, 0x5F, 0x00, 0x5F, 0x00, 0x5F, 0x00, 0x5F, 0x00, 0x5F,
    0x00, 0x5F, 0x00, 0x5F, 0x00, 0x5F, 0x00, 0x5F, 0x00, 0x5F, 0x00, 0x5F, 0x00, 0x5F, 0x00, 0x5F,
    0x00, 0x5F, 0x00, 0x5F, 0x00, 0x5F, 0x00, 0x5F, 0x00, 0x5F, 0x00, 0x5F, 0x00, 0x5F, 0x00, 0x5F,
    0x00, 0x5F, 0x00, 0x5F, 0x00, 0x5F, 0x00, 0x5F, 0x00, 0x5F, 0x00, 0x5F, 0x00, 0x5F, 0x00, 0x5F,
    0x00, 0x5F, 0x00, 0x5F, 0x00, 0x5F, 0x00, 0x5F, 0x00, 0x5F, 0x00, 0x5F, 0x00, 0x5F, 0x00, 0x5F,
    0x00, 0x5F, 0x00, 0x5F, 0x00, 0x5F, 0x00, 0x5F, 0x00, 0x5F, 0x00, 0x5F, 0x00, 0x5F, 0x00, 0x5F,
    0x00, 0x5F, 0x00, 0x5F, 0x00, 0x5F, 0x00, 0x5F, 0x00, 0x5F, 0x00, 0x5F, 0x00, 0x5F, 0x00, 0x5F,
    0x00, 0x5F, 0x00, 0x5F, 0x00, 0x5F, 0x00, 0x5F, 0x00, 0x5F, 0x00, 0x5F, 0x00, 0x5F, 0x00, 0x5F,
    0x00, 0x5F, 0x00, 0x5F, 0x00, 0x5F, 0x00, 0x5F, 0x00, 0x5F, 0x00, 0x5F, 0x00, 0x5F, 0x00, 0x5F,
    0x00, 0x5F, 0x00, 0x5F, 0x00, 0x5F, 0x00, 0x5F, 0x00, 0x5F, 0x00, 0x5F, 0x00, 0x5F, 0x00, 0x5F,
    0x00, 0x5F, 0x00, 0x5F, 0x00, 0x5F, 0x00, 0x5F, 0x00, 0x5F, 0x00, 0x5F, 0x00, 0x5F, 0x00, 0x5F,
    0x00, 0x5F, 0x00, 0x5F, 0x00, 0x5F, 0x00, 0x5F, 0x00, 0x5F, 0x00, 0x5F, 0x00, 0x5F, 0x00, 0x5F,
    0x00, 0x5F, 0x00, 0x5F, 0x00, 0x5F, 0x00, 0x5F, 0x00, 0x5F, 0x00, 0x5F, 0x00, 0x5F, 0x00, 0x5F,
    0x00, 0x5F, 0x00, 0x5F, 0x00, 0x5F, 0x00, 0x5F, 0x00, 0x5F, 0x00, 0x5F, 0x00, 0x5F, 0x00, 0x5F,
    0x00, 0x5F, 0x00, 0x5F, 0x00, 0x5F, 0x00, 0x5F, 0x00, 0x5F, 0x00, 0x5F, 0x00, 0x5F, 0x00, 0x5F,
    0x00, 0x5F, 0x00, 0x5F, 0x00, 0x5F, 0x00, 0x5F, 0x00, 0x5F, 0x00, 0x5F, 0x00, 0x5F, 0x00, 0x5F,
    0x00, 0x5F, 0x00, 0x5F, 0x00, 0x5F, 0x00, 0x5F, 0x00, 0x5F, 0x00, 0x5F, 0x00, 0x5F, 0x00, 0x5F,
    0x00, 0x5F, 0x00, 0x5F, 0x00, 0x5F, 0x00, 0x5F, 0x00, 0x5F, 0x00, 0x5F, 0x00, 0x5F, 0x00, 0x5F,
    0x00, 0x5F, 0x00, 0x5F, 0x00, 0x5F, 0x00, 0x5F, 0x00, 0x5F, 0x00, 0x5F, 0x00, 0x5F, 0x00, 0x5F,
    0x00, 0x5F, 0x00, 0x5F, 0x00, 0x5F, 0x00, 0x5F, 0x00, 0x5F, 0x00, 0x5F, 0x00, 0x5F, 0x00, 0x5F,
    0x00, 0x5F, 0x00, 0x5F, 0x00, 0x5F, 0x00, 0x5F, 0x00, 0x5F, 0x00, 0x5F, 0x00, 0x5F, 0x00, 0x5F,
    0x00, 0x5F, 0x00, 0x5F, 0x00, 0x5F, 0x00, 0x5F, 0x00, 0x5F, 0x00, 0x5F, 0x00, 0x5F, 0x00, 0x5F,
    0x00, 0x5F, 0x00, 0x5F, 0x00, 0x5F, 0x00, 0x5F, 0x00, 0x5F, 0x00, 0x5F, 0x00, 0x5F, 0x00, 0x5F,
    0x00, 0x5F, 0x00, 0x5F, 0x00, 0x5F, 0x00, 0x5F, 0x00, 0x5F, 0x00, 0x5F, 0x00, 0x5F, 0x00, 0x5F,
    0x00, 0x5F, 0x00, 0x5F, 0x00, 0x5F, 0x00, 0x5F, 0x00, 0x5F, 0x00, 0x5F, 0x00, 0x5F, 0x00, 0x5F,
    0x00, 0x5F, 0x00, 0x5F, 0x00, 0x5F, 0x00, 0x5F, 0x00, 0x5F, 0x00, 0x5F, 0x00, 0x5F, 0x00, 0x5F,
    0x00, 0x5F, 0x00, 0x5F, 0x00, 0x5F, 0x00, 0x5F, 0x00, 0x5F, 0x00, 0x5F, 0x00, 0x5F, 0x00, 0x5F,
    0x00, 0x5F, 0x00, 0x5F, 0x00, 0x5F, 0x00, 0x5F, 0x00, 0x5F, 0x00, 0x5F, 0x00, 0x5F, 0x00, 0x5F,
    0x00, 0x5F, 0x00, 0x5F, 0x00, 0x5F, 0x00, 0x5F, 0x00, 0x5F, 0x00, 0x5F, 0x00, 0x5F, 0x00, 0x5F,
    0x00, 0x5F, 0x00, 0x5F, 0x00, 0x5F, 0x00, 0x5F, 0x00, 0x5F, 0x00, 0x5F, 0x00, 0x5F, 0x00, 0x5F,
    0x00, 0x5F, 0x00, 0x5F, 0x00, 0x5F, 0x00, 0x5F, 0x00, 0x5F, 0x00, 0x5F
};
