// Generated from: infoeasy.png
// Format: RGB565_BE
// Original size: 320x240 = 153600 bytes

const uint16_t infoeasy_width = 320;
const uint16_t infoeasy_height = 240;

const uint8_t infoeasy_data[] PROGMEM = {
    0xFF, 0xFF, 0x08, 0x2A, 0xFF, 0xFF, 0x08, 0x2A, 0xFF, 0xFF, 0x00, 0x2B, 0xFF, 0xFF, 0x08, 0x2A,
    0xFF, 0xFF, 0x08, 0x2A, 0xFF, 0xFF, 0x00, 0x0C, 0xFF, 0xFF, 0x00, 0x0D, 0xFF, 0xFF, 0x08, 0x2A,
    0xFF, 0xFF, 0x00, 0x2A, 0xFF, 0xFF, 0x08, 0x2A, 0xFF, 0xFF, 0x08, 0x2A, 0xFF, 0xFF, 0x08, 0x2A,
    0xFF, 0xFF, 0x08, 0x2A, 0xFF, 0xFF, 0x00, 0x0C, 0xFF, 0xFF, 0x00, 0x0B, 0xFF, 0xFF, 0x00, 0x0B,
    0xFF, 0xFF, 0x08, 0x2A, 0xFF, 0xFF, 0x00, 0x0D, 0xFF, 0xFF, 0x00, 0x0E, 0xFF, 0xFF, 0x00, 0x0E,
    0xFF, 0xFF, 0x08, 0x2A, 0xFF, 0xFF, 0x08, 0x2A, 0xFF, 0xFF, 0x00, 0x0C, 0xFF, 0xFF, 0x08, 0x2A,
    0xFF, 0xFF, 0x08, 0x2A, 0xFF, 0xFF, 0x08, 0x2A, 0xFF, 0xFF, 0x00, 0x2B, 0xFF, 0xFF, 0x00, 0x0C,
    0xFF, 0xFF, 0x00, 0x2B, 0xFF, 0xFF, 0x08, 0x2A, 0xFF, 0xFF, 0x00, 0x2B, 0xFF, 0xFF, 0x00, 0x2B,
    0xFF, 0xFF, 0x00, 0x0C, 0xFF, 0xFF, 0x00, 0x2A, 0xFF, 0xFF, 0x00, 0x2B, 0xFF, 0xFF, 0x08, 0x2A,
    0xFF, 0xFF, 0x08, 0x2A, 0xFF, 0xFF, 0x00, 0x2B, 0xFF, 0xFF, 0x08, 0x2A, 0xFF, 0xFF, 0x08, 0x2A,
    0xFF, 0xFF, 0x00, 0x0C, 0xFF, 0xFF, 0x00, 0x0D, 0xFF, 0xFF, 0x08, 0x2A, 0xFF, 0xFF, 0x00, 0x2A,
    0xFF, 0xFF, 0x08, 0x2A, 0xFF, 0xFF, 0x08, 0x2A, 0xFF, 0xFF, 0x08, 0x2A, 0xFF, 0xFF, 0x08, 0x2A,
    0xFF, 0xFF, 0x00, 0x0C, 0xFF, 0xFF, 0x00, 0x0B, 0xFF, 0xFF, 0x00, 0x0B, 0xFF, 0xFF, 0x08, 0x2A,
    0xFF, 0xFF, 0x00, 0x0D, 0xFF, 0xFF, 0x00, 0x0E, 0xFF, 0xFF, 0x00, 0x0E, 0xFF, 0xFF, 0x08, 0x2A,
    0xFF, 0xFF, 0x08, 0x2A, 0xFF, 0xFF, 0x00, 0x0C, 0xFF, 0xFF, 0x08, 0x2A, 0xFF, 0xFF, 0x08, 0x2A,
    0xFF, 0xFF, 0x08, 0x2A, 0xFF, 0xFF, 0x00, 0x2B, 0xFF, 0xFF, 0x00, 0x0C, 0xFF, 0xFF, 0x00, 0x2B,
    0xFF, 0xFF, 0x08, 0x2A, 0xFF, 0xFF, 0x00, 0x2B, 0xFF, 0xFF, 0x00, 0x2B, 0xFF, 0xFF, 0x00, 0x0C,
    0xFF, 0xFF, 0x00, 0x2A, 0xFF, 0xFF, 0x00, 0x2B, 0xFF, 0xFF, 0x08, 0x2A, 0xFF, 0xFF, 0x08, 0x2A,
    0xFF, 0xFF, 0x00, 0x2B, 0xFF, 0xFF, 0x08, 0x2A, 0xFF, 0xFF, 0x08, 0x2A, 0xFF, 0xFF, 0x00, 0x0C,
    0xFF, 0xFF, 0x00, 0x0D, 0xFF, 0xFF, 0x08, 0x2A, 0xFF, 0xFF, 0x00, 0x2A, 0xFF, 0xFF, 0x08, 0x2A,
    0xFF, 0xFF, 0x08, 0x2A, 0xFF, 0xFF, 0x08, 0x2A, 0xFF, 0xFF, 0x08, 0x2A, 0xFF, 0xFF, 0x00, 0x0C,
    0xFF, 0xFF, 0x00, 0x0B, 0xFF, 0xFF, 0x00, 0x0B, 0xFF, 0xFF, 0x08, 0x2A, 0xFF, 0xFF, 0x00, 0x0D,
    0xFF, 0xFF, 0x00, 0x0E, 0xFF, 0xFF, 0x00, 0x0E, 0xFF, 0xFF, 0x08, 0x2A, 0xFF, 0xFF, 0x08, 0x2A,
    0xFF, 0xFF, 0x00, 0x0C, 0xFF, 0xFF, 0x08, 0x2A, 0xFF, 0xFF, 0x08, 0x2A, 0xFF, 0xFF, 0x08, 0x2A,
    0xFF, 0xFF, 0x00, 0x2B, 0xFF, 0xFF, 0x00, 0x0C, 0xFF, 0xFF, 0x00, 0x2B, 0xFF, 0xFF, 0x08, 0x2A,
    0xFF, 0xFF, 0x00, 0x2B, 0xFF, 0xFF, 0x00, 0x2B, 0xFF, 0xFF, 0x00, 0x0C, 0xFF, 0xFF, 0x00, 0x2A,
    0xFF, 0xFF, 0x00, 0x2B, 0xFF, 0xFF, 0x08, 0x2A, 0xFF, 0xFF, 0x08, 0x2A, 0xFF, 0xFF, 0x00, 0x2B,
    0xFF, 0xFF, 0x08, 0x2A, 0xFF, 0xFF, 0x08, 0x2A, 0xFF, 0xFF, 0x00, 0x0C, 0xFF, 0xFF, 0x00, 0x0D,
    0xFF, 0xFF, 0x08, 0x2A, 0xFF, 0xFF, 0x00, 0x2A, 0xFF, 0xFF, 0x08, 0x2A, 0xFF, 0xFF, 0x08, 0x2A,
    0xFF, 0xFF, 0x08, 0x2A, 0xFF, 0xFF, 0x08, 0x2A, 0xFF, 0xFF, 0x00, 0x0C, 0xFF, 0xFF, 0x00, 0x0B,
    0xFF, 0xFF, 0x00, 0x0B, 0xFF, 0xFF, 0x08, 0x2A, 0xFF, 0xFF, 0x00, 0x0D, 0xFF, 0xFF, 0x00, 0x0E,
    0xFF, 0xFF, 0x00, 0x0E, 0xFF, 0xFF, 0x08, 0x2A, 0xFF, 0xFF, 0x08, 0x2A, 0xFF, 0xFF, 0x00, 0x0C,
    0xFF, 0xFF, 0x08, 0x2A, 0xFF, 0xFF, 0x08, 0x2A, 0xFF, 0xFF, 0x08, 0x2A, 0xFF, 0xFF, 0x00, 0x2B,
    0xFF, 0xFF, 0x00, 0x0C, 0xFF, 0xFF, 0x00, 0x2B, 0xFF, 0xFF, 0x08, 0x2A, 0xFF, 0xFF, 0x00, 0x2B,
    0xFF, 0xFF, 0x00, 0x2B, 0xFF, 0xFF, 0x00, 0x0C, 0xFF, 0xFF, 0x00, 0x2A, 0xFF, 0xFF, 0x00, 0x2B,
    0xFF, 0xFF, 0x08, 0x2A, 0xFF, 0xFF, 0x08, 0x2A, 0xFF, 0xFF, 0x00, 0x2B, 0xFF, 0xFF, 0x08, 0x2A,
    0xFF, 0xFF, 0x08, 0x2A, 0xFF, 0xFF, 0x00, 0x0C, 0xFF, 0xFF, 0x00, 0x0D, 0xFF, 0xFF, 0x08, 0x2A,
    0xFF, 0xFF, 0x00, 0x2A, 0xFF, 0xFF, 0x08, 0x2A, 0xFF, 0xFF, 0x08, 0x2A, 0xFF, 0xFF, 0x08, 0x2A,
    0xFF, 0xFF, 0x08, 0x2A, 0xFF, 0xFF, 0x00, 0x0C, 0xFF, 0xFF, 0x00, 0x0B, 0xFF, 0xFF, 0x00, 0x0B,
    0xFF, 0xFF, 0x08, 0x2A, 0xFF, 0xFF, 0x00, 0x0D, 0xFF, 0xFF, 0x00, 0x0E, 0xC6, 0x3F, 0x00, 0x0E,
    0x00, 0x0C, 0xFF, 0xDF, 0x08, 0x2A, 0xCE, 0x7F, 0x00, 0x0C, 0xC6, 0x1F, 0x00, 0x0C, 0xBD, 0xFF,
    0x00, 0x2B, 0xBD, 0xFF, 0x08, 0x2A, 0xBD, 0xFF, 0x00, 0x0D, 0xBD, 0xFF, 0x00, 0x2B, 0xBD, 0xFF,
    0x08, 0x2A, 0xBD, 0xFF, 0x00, 0x0D, 0xBD, 0xFF, 0x00, 0x2B, 0xBD, 0xFF, 0x08, 0x2A, 0xBD, 0xFF,
    0x08, 0x2A, 0xBD, 0xFF, 0x08, 0x2A, 0xBD, 0xFF, 0x00, 0x2B, 0xBD, 0xFF, 0x00, 0x0B, 0xBD, 0xFF,
    0x08, 0x2A, 0xBD, 0xFF, 0x08, 0x2A, 0xBD, 0xFF, 0x00, 0x2B, 0xBD, 0xFF, 0x00, 0x0D, 0xBD, 0xFF,
    0x00, 0x0E, 0xBD, 0xFF, 0x08, 0x2A, 0xBD, 0xFF, 0x00, 0x2B, 0xBD, 0xFF, 0x00, 0x0D, 0xBD, 0xFF,
    0x08, 0x2A, 0xBD, 0xFF, 0x08, 0x2A, 0xBD, 0xFF, 0x08, 0x2A, 0xBD, 0xFF, 0x08, 0x2A, 0xBD, 0xFF,
    0x08, 0x2A, 0xBD, 0xFF, 0x08, 0x2A, 0xBD, 0xFF, 0x08, 0x2A, 0xBD, 0xFF, 0x08, 0x2A, 0xBD, 0xFF,
    0x00, 0x0C, 0xBD, 0xFF, 0x00, 0x2B, 0xBD, 0xFF, 0x00, 0x0C, 0xBD, 0xFF, 0x00, 0x0C, 0xBD, 0xFF,
    0x08, 0x2A, 0xBD, 0xFF, 0x00, 0x0C, 0xBD, 0xFF, 0x00, 0x0C, 0xBD, 0xFF, 0x00, 0x2B, 0xBD, 0xFF,
    0x08, 0x2A, 0xBD, 0xFF, 0x00, 0x0D, 0xBD, 0xFF, 0x00, 0x2B, 0xBD, 0xFF, 0x08, 0x2A, 0xBD, 0xFF,
    0x00, 0x0D, 0xBD, 0xFF, 0x00, 0x2B, 0xBD, 0xFF, 0x08, 0x2A, 0xBD, 0xFF, 0x08, 0x2A, 0xBD, 0xFF,
    0x08, 0x2A, 0xBD, 0xFF, 0x00, 0x2B, 0xBD, 0xFF, 0x00, 0x0B, 0xBD, 0xFF, 0x08, 0x2A, 0xBD, 0xFF,
    0x08, 0x2A, 0xBD, 0xFF, 0x00, 0x2B, 0xBD, 0xFF, 0x00, 0x0D, 0xBD, 0xFF, 0x00, 0x0E, 0xBD, 0xFF,
    0x08, 0x2A, 0xBD, 0xFF, 0x00, 0x2B, 0xBD, 0xFF, 0x00, 0x0D, 0xBD, 0xFF, 0x08, 0x2A, 0xBD, 0xFF,
    0x08, 0x2A, 0xBD, 0xFF, 0x08, 0x2A, 0xBD, 0xFF, 0x08, 0x2A, 0xBD, 0xFF, 0x08, 0x2A, 0xBD, 0xFF,
    0x08, 0x2A, 0xBD, 0xFF, 0x08, 0x2A, 0xBD, 0xFF, 0x08, 0x2A, 0xBD, 0xFF, 0x00, 0x0C, 0xBD, 0xFF,
    0x00, 0x2B, 0xBD, 0xFF, 0x00, 0x0C, 0xBD, 0xFF, 0x00, 0x0C, 0xBD, 0xFF, 0x08, 0x2A, 0xBD, 0xFF,
    0x00, 0x0C, 0xBD, 0xFF, 0x00, 0x0C, 0xBD, 0xFF, 0x00, 0x2B, 0xBD, 0xFF, 0x08, 0x2A, 0xBD, 0xFF,
    0x00, 0x0D, 0xBD, 0xFF, 0x00, 0x2B, 0xBD, 0xFF, 0x08, 0x2A, 0xBD, 0xFF, 0x00, 0x0D, 0xBD, 0xFF,
    0x00, 0x2B, 0xBD, 0xFF, 0x08, 0x2A, 0xBD, 0xFF, 0x08, 0x2A, 0xBD, 0xFF, 0x08, 0x2A, 0xBD, 0xFF,
    0x00, 0x2B, 0xBD, 0xFF, 0x00, 0x0B, 0xBD, 0xFF, 0x08, 0x2A, 0xBD, 0xFF, 0x08, 0x2A, 0xBD, 0xFF,
    0x00, 0x2B, 0xBD, 0xFF, 0x00, 0x0D, 0xBD, 0xFF, 0x00, 0x0E, 0xBD, 0xFF, 0x08, 0x2A, 0xBD, 0xFF,
    0x00, 0x2B, 0xBD, 0xFF, 0x00, 0x0D, 0xBD, 0xFF, 0x08, 0x2A, 0xBD, 0xFF, 0x08, 0x2A, 0xBD, 0xFF,
    0x08, 0x2A, 0xBD, 0xFF, 0x08, 0x2A, 0xBD, 0xFF, 0x08, 0x2A, 0xBD, 0xFF, 0x08, 0x2A, 0xBD, 0xFF,
    0x08, 0x2A, 0xBD, 0xFF, 0x08, 0x2A, 0xBD, 0xFF, 0x00, 0x0C, 0xBD, 0xFF, 0x00, 0x2B, 0xBD, 0xFF,
    0x00, 0x0C, 0xBD, 0xFF, 0x00, 0x0C, 0xBD, 0xFF, 0x08, 0x2A, 0xBD, 0xFF, 0x00, 0x0C, 0xBD, 0xFF,
    0x00, 0x0C, 0xBD, 0xFF, 0x00, 0x2B, 0xBD, 0xFF, 0x08, 0x2A, 0xBD, 0xFF, 0x00, 0x0D, 0xBD, 0xFF,
    0x00, 0x2B, 0xBD, 0xFF, 0x08, 0x2A, 0xBD, 0xFF, 0x00, 0x0D, 0xBD, 0xFF, 0x00, 0x2B, 0xBD, 0xFF,
    0x08, 0x2A, 0xBD, 0xFF, 0x08, 0x2A, 0xBD, 0xFF, 0x08, 0x2A, 0xBD, 0xFF, 0x00, 0x2B, 0xBD, 0xFF,
    0x00, 0x0B, 0xBD, 0xFF, 0x08, 0x2A, 0xBD, 0xFF, 0x08, 0x2A, 0xBD, 0xFF, 0x00, 0x2B, 0xBD, 0xFF,
    0x00, 0x0D, 0xBD, 0xFF, 0x00, 0x0E, 0xBD, 0xFF, 0x08, 0x2A, 0xBD, 0xFF, 0x00, 0x2B, 0xBD, 0xFF,
    0x00, 0x0D, 0xBD, 0xFF, 0x08, 0x2A, 0xBD, 0xFF, 0x08, 0x2A, 0xBD, 0xFF, 0x08, 0x2A, 0xBD, 0xFF,
    0x08, 0x2A, 0xBD, 0xFF, 0x08, 0x2A, 0xBD, 0xFF, 0x08, 0x2A, 0xBD, 0xFF, 0x08, 0x2A, 0xBD, 0xFF,
    0x08, 0x2A, 0xBD, 0xFF, 0x00, 0x0C, 0xBD, 0xFF, 0x00, 0x2B, 0xBD, 0xFF, 0x00, 0x0C, 0xBD, 0xFF,
    0x00, 0x0C, 0xBD, 0xFF, 0x08, 0x2A, 0xBD, 0xFF, 0x00, 0x0C, 0xBD, 0xFF, 0x00, 0x0C, 0xBD, 0xFF,
    0x00, 0x2B, 0xBD, 0xFF, 0x08, 0x2A, 0xBD, 0xFF, 0x00, 0x0D, 0xBD, 0xFF, 0x00, 0x2B, 0xBD, 0xFF,
    0x08, 0x2A, 0xBD, 0xFF, 0x00, 0x0D, 0xBD, 0xFF, 0x00, 0x2B, 0xBD, 0xFF, 0x08, 0x2A, 0xBD, 0xFF,
    0x08, 0x2A, 0xBD, 0xFF, 0x08, 0x2A, 0xBD, 0xFF, 0x00, 0x2B, 0xBD, 0xFF, 0x00, 0x0B, 0xBD, 0xFF,
    0x08, 0x2A, 0xBD, 0xFF, 0x08, 0x2A, 0xBD, 0xDF, 0x00, 0x2B, 0x7B, 0xFF, 0x00, 0x0D, 0x00, 0x00,
    0xFF, 0xFF, 0x00, 0x0B, 0xFF, 0xDF, 0x00, 0x2B, 0xDE, 0xFF, 0x00, 0x0D, 0xB5, 0x7F, 0x00, 0x0D,
    0xB5, 0x7F, 0x00, 0x2B, 0xB5, 0x7F, 0x00, 0x0C, 0xB5, 0x7F, 0x00, 0x0C, 0xB5, 0x7F, 0x08, 0x2A,
    0xB5, 0x7F, 0x00, 0x0D, 0xB5, 0x7F, 0x00, 0x0E, 0xB5, 0x7F, 0x00, 0x0C, 0xB5, 0x7F, 0x08, 0x2A,
    0xB5, 0x7F, 0x08, 0x2A, 0xB5, 0x7F, 0x08, 0x2A, 0xB5, 0x7F, 0x00, 0x2B, 0xB5, 0x7F, 0x00, 0x0C,
    0xB5, 0x7F, 0x08, 0x2A, 0xB5, 0x7F, 0x08, 0x2A, 0xB5, 0x7F, 0x08, 0x2A, 0xB5, 0x7F, 0x00, 0x0E,
    0xB5, 0x7F, 0x00, 0x0D, 0xB5, 0x7F, 0x08, 0x2A, 0xB5, 0x7F, 0x00, 0x0D, 0xB5, 0x7F, 0x00, 0x0E,
    0xB5, 0x7F, 0x08, 0x2A, 0xB5, 0x7F, 0x00, 0x2B, 0xB5, 0x7F, 0x00, 0x0C, 0xB5, 0x7F, 0x08, 0x2A,
    0xB5, 0x7F, 0x08, 0x2A, 0xB5, 0x7F, 0x08, 0x2A, 0xB5, 0x7F, 0x08, 0x2A, 0xB5, 0x7F, 0x08, 0x2A,
    0xB5, 0x7F, 0x00, 0x0B, 0xB5, 0x7F, 0x00, 0x2B, 0xB5, 0x7F, 0x00, 0x0D, 0xB5, 0x7F, 0x00, 0x0B,
    0xB5, 0x7F, 0x00, 0x2B, 0xB5, 0x7F, 0x00, 0x0D, 0xB5, 0x7F, 0x00, 0x0D, 0xB5, 0x7F, 0x00, 0x2B,
    0xB5, 0x7F, 0x00, 0x0C, 0xB5, 0x7F, 0x00, 0x0C, 0xB5, 0x7F, 0x08, 0x2A, 0xB5, 0x7F, 0x00, 0x0D,
    0xB5, 0x7F, 0x00, 0x0E, 0xB5, 0x7F, 0x00, 0x0C, 0xB5, 0x7F, 0x08, 0x2A, 0xB5, 0x7F, 0x08, 0x2A,
    0xB5, 0x7F, 0x08, 0x2A, 0xB5, 0x7F, 0x00, 0x2B, 0xB5, 0x7F, 0x00, 0x0C, 0xB5, 0x7F, 0x08, 0x2A,
    0xB5, 0x7F, 0x08, 0x2A, 0xB5, 0x7F, 0x08, 0x2A, 0xB5, 0x7F, 0x00, 0x0E, 0xB5, 0x7F, 0x00, 0x0D,
    0xB5, 0x7F, 0x08, 0x2A, 0xB5, 0x7F, 0x00, 0x0D, 0xB5, 0x7F, 0x00, 0x0E, 0xB5, 0x7F, 0x08, 0x2A,
    0xB5, 0x7F, 0x00, 0x2B, 0xB5, 0x7F, 0x00, 0x0C, 0xB5, 0x7F, 0x08, 0x2A, 0xB5, 0x7F, 0x08, 0x2A,
    0xB5, 0x7F, 0x08, 0x2A, 0xB5, 0x7F, 0x08, 0x2A, 0xB5, 0x7F, 0x08, 0x2A, 0xB5, 0x7F, 0x00, 0x0B,
    0xB5, 0x7F, 0x00, 0x2B, 0xB5, 0x7F, 0x00, 0x0D, 0xB5, 0x7F, 0x00, 0x0B, 0xB5, 0x7F, 0x00, 0x2B,
    0xB5, 0x7F, 0x00, 0x0D, 0xB5, 0x7F, 0x00, 0x0D, 0xB5, 0x7F, 0x00, 0x2B, 0xB5, 0x7F, 0x00, 0x0C,
    0xB5, 0x7F, 0x00, 0x0C, 0xB5, 0x7F, 0x08, 0x2A, 0xB5, 0x7F, 0x00, 0x0D, 0xB5, 0x7F, 0x00, 0x0E,
    0xB5, 0x7F, 0x00, 0x0C, 0xB5, 0x7F, 0x08, 0x2A, 0xB5, 0x7F, 0x08, 0x2A, 0xB5, 0x7F, 0x08, 0x2A,
    0xB5, 0x7F, 0x00, 0x2B, 0xB5, 0x7F, 0x00, 0x0C, 0xB5, 0x7F, 0x08, 0x2A, 0xB5, 0x7F, 0x08, 0x2A,
    0xB5, 0x7F, 0x08, 0x2A, 0xB5, 0x7F, 0x00, 0x0E, 0xB5, 0x7F, 0x00, 0x0D, 0xB5, 0x7F, 0x08, 0x2A,
    0xB5, 0x7F, 0x00, 0x0D, 0xB5, 0x7F, 0x00, 0x0E, 0xB5, 0x7F, 0x08, 0x2A, 0xB5, 0x7F, 0x00, 0x2B,
    0xB5, 0x7F, 0x00, 0x0C, 0xB5, 0x7F, 0x08, 0x2A, 0xB5, 0x7F, 0x08, 0x2A, 0xB5, 0x7F, 0x08, 0x2A,
    0xB5, 0x7F, 0x08, 0x2A, 0xB5, 0x7F, 0x08, 0x2A, 0xB5, 0x7F, 0x00, 0x0B, 0xB5, 0x7F, 0x00, 0x2B,
    0xB5, 0x7F, 0x00, 0x0D, 0xB5, 0x7F, 0x00, 0x0B, 0xB5, 0x7F, 0x00, 0x2B, 0xB5, 0x7F, 0x00, 0x0D,
    0xB5, 0x7F, 0x00, 0x0D, 0xB5, 0x7F, 0x00, 0x2B, 0xB5, 0x7F, 0x00, 0x0C, 0xB5, 0x7F, 0x00, 0x0C,
    0xB5, 0x7F, 0x08, 0x2A, 0xB5, 0x7F, 0x00, 0x0D, 0xB5, 0x7F, 0x00, 0x0E, 0xB5, 0x7F, 0x00, 0x0C,
    0xB5, 0x7F, 0x08, 0x2A, 0xB5, 0x7F, 0x08, 0x2A, 0xB5, 0x7F, 0x08, 0x2A, 0xB5, 0x7F, 0x00, 0x2B,
    0xB5, 0x7F, 0x00, 0x0C, 0xB5, 0x7F, 0x08, 0x2A, 0xB5, 0x7F, 0x08, 0x2A, 0xB5, 0x7F, 0x08, 0x2A,
    0xB5, 0x7F, 0x00, 0x0E, 0xB5, 0x7F, 0x00, 0x0D, 0xB5, 0x7F, 0x08, 0x2A, 0xB5, 0x7F, 0x00, 0x0D,
    0xB5, 0x7F, 0x00, 0x0E, 0xB5, 0x7F, 0x08, 0x2A, 0xB5, 0x7F, 0x00, 0x2B, 0xB5, 0x7F, 0x00, 0x0C,
    0xB5, 0x7F, 0x08, 0x2A, 0xB5, 0x7F, 0x08, 0x2A, 0xB5, 0x7F, 0x08, 0x2A, 0xB5, 0x7F, 0x08, 0x2A,
    0xB5, 0x7F, 0x08, 0x2A, 0xB5, 0x7F, 0x00, 0x0B, 0xB5, 0x7F, 0x00, 0x2B, 0xB5, 0x7F, 0x00, 0x0D,
    0xB5, 0x7F, 0x00, 0x0B, 0xB5, 0x7F, 0x00, 0x2B, 0xB5, 0x7F, 0x00, 0x0D, 0xB5, 0x7F, 0x00, 0x0D,
    0xB5, 0x7F, 0x00, 0x2B, 0xB5, 0x7F, 0x00, 0x0C, 0xB5, 0x7F, 0x00, 0x0C, 0xB5, 0x7F, 0x08, 0x2A,
    0xB5, 0x7F, 0x00, 0x0D, 0xB5, 0x7F, 0x00, 0x0E, 0xB5, 0x7F, 0x00, 0x0C, 0xB5, 0x7F, 0x08, 0x2A,
    0xB5, 0x7F, 0x08, 0x2A, 0xB5, 0x7F, 0x08, 0x2A, 0xB5, 0x7F, 0x00, 0x2B, 0xB5, 0x7F, 0x00, 0x0C,
    0xB5, 0x7F, 0x08, 0x2A, 0xAD, 0x7F, 0x08, 0x2A, 0x52, 0x94, 0x08, 0x2A, 0x00, 0x00, 0x00, 0x0E,
    0x00, 0x0D, 0xCE, 0x3F, 0x00, 0x0B, 0xF7, 0x7F, 0x00, 0x2B, 0x6B, 0x5B, 0x00, 0x0D, 0x8C, 0x7F,
    0x00, 0x0D, 0x8C, 0x7F, 0x00, 0x2B, 0x8C, 0x7F, 0x00, 0x0D, 0x8C, 0x7F, 0x00, 0x0B, 0x8C, 0x7F,
    0x00, 0x2B, 0x8C, 0x7F, 0x00, 0x0E, 0x8C, 0x7F, 0x00, 0x0F, 0x8C, 0x7F, 0x00, 0x0D, 0x8C, 0x7F,
    0x00, 0x2B, 0x8C, 0x7F, 0x08, 0x2A, 0x8C, 0x7F, 0x08, 0x2A, 0x8C, 0x7F, 0x00, 0x0D, 0x8C, 0x7F,
    0x00, 0x2B, 0x8C, 0x7F, 0x08, 0x2A, 0x8C, 0x7F, 0x08, 0x2A, 0x8C, 0x7F, 0x00, 0x2B, 0x8C, 0x7F,
    0x00, 0x0D, 0x8C, 0x7F, 0x00, 0x0C, 0x8C, 0x7F, 0x00, 0x2B, 0x8C, 0x7F, 0x00, 0x10, 0x8C, 0x7F,
    0x00, 0x0E, 0x8C, 0x7F, 0x08, 0x2A, 0x8C, 0x7F, 0x00, 0x0E, 0x8C, 0x7F, 0x00, 0x0B, 0x8C, 0x7F,
    0x08, 0x2A, 0x8C, 0x7F, 0x00, 0x0C, 0x8C, 0x7F, 0x08, 0x2A, 0x8C, 0x7F, 0x00, 0x2B, 0x8C, 0x7F,
    0x00, 0x2B, 0x8C, 0x7F, 0x08, 0x2A, 0x8C, 0x7F, 0x00, 0x0C, 0x8C, 0x7F, 0x00, 0x0D, 0x8C, 0x7F,
    0x00, 0x0B, 0x8C, 0x7F, 0x00, 0x2B, 0x8C, 0x7F, 0x00, 0x0D, 0x8C, 0x7F, 0x00, 0x0D, 0x8C, 0x7F,
    0x00, 0x2B, 0x8C, 0x7F, 0x00, 0x0D, 0x8C, 0x7F, 0x00, 0x0B, 0x8C, 0x7F, 0x00, 0x2B, 0x8C, 0x7F,
    0x00, 0x0E, 0x8C, 0x7F, 0x00, 0x0F, 0x8C, 0x7F, 0x00, 0x0D, 0x8C, 0x7F, 0x00, 0x2B, 0x8C, 0x7F,
    0x08, 0x2A, 0x8C, 0x7F, 0x08, 0x2A, 0x8C, 0x7F, 0x00, 0x0D, 0x8C, 0x7F, 0x00, 0x2B, 0x8C, 0x7F,
    0x08, 0x2A, 0x8C, 0x7F, 0x08, 0x2A, 0x8C, 0x7F, 0x00, 0x2B, 0x8C, 0x7F, 0x00, 0x0D, 0x8C, 0x7F,
    0x00, 0x0C, 0x8C, 0x7F, 0x00, 0x2B, 0x8C, 0x7F, 0x00, 0x10, 0x8C, 0x7F, 0x00, 0x0E, 0x8C, 0x7F,
    0x08, 0x2A, 0x8C, 0x7F, 0x00, 0x0E, 0x8C, 0x7F, 0x00, 0x0B, 0x8C, 0x7F, 0x08, 0x2A, 0x8C, 0x7F,
    0x00, 0x0C, 0x8C, 0x7F, 0x08, 0x2A, 0x8C, 0x7F, 0x00, 0x2B, 0x8C, 0x7F, 0x00, 0x2B, 0x8C, 0x7F,
    0x08, 0x2A, 0x8C, 0x7F, 0x00, 0x0C, 0x8C, 0x7F, 0x00, 0x0D, 0x8C, 0x7F, 0x00, 0x0B, 0x8C, 0x7F,
    0x00, 0x2B, 0x8C, 0x7F, 0x00, 0x0D, 0x8C, 0x7F, 0x00, 0x0D, 0x8C, 0x7F, 0x00, 0x2B, 0x8C, 0x7F,
    0x00, 0x0D, 0x8C, 0x7F, 0x00, 0x0B, 0x8C, 0x7F, 0x00, 0x2B, 0x8C, 0x7F, 0x00, 0x0E, 0x8C, 0x7F,
    0x00, 0x0F, 0x8C, 0x7F, 0x00, 0x0D, 0x8C, 0x7F, 0x00, 0x2B, 0x8C, 0x7F, 0x08, 0x2A, 0x8C, 0x7F,
    0x08, 0x2A, 0x8C, 0x7F, 0x00, 0x0D, 0x8C, 0x7F, 0x00, 0x2B, 0x8C, 0x7F, 0x08, 0x2A, 0x8C, 0x7F,
    0x08, 0x2A, 0x8C, 0x7F, 0x00, 0x2B, 0x8C, 0x7F, 0x00, 0x0D, 0x8C, 0x7F, 0x00, 0x0C, 0x8C, 0x7F,
    0x00, 0x2B, 0x8C, 0x7F, 0x00, 0x10, 0x8C, 0x7F, 0x00, 0x0E, 0x8C, 0x7F, 0x08, 0x2A, 0x8C, 0x7F,
    0x00, 0x0E, 0x8C, 0x7F, 0x00, 0x0B, 0x8C, 0x7F, 0x08, 0x2A, 0x8C, 0x7F, 0x00, 0x0C, 0x8C, 0x7F,
    0x08, 0x2A, 0x8C, 0x7F, 0x00, 0x2B, 0x8C, 0x7F, 0x00, 0x2B, 0x8C, 0x7F, 0x08, 0x2A, 0x8C, 0x7F,
    0x00, 0x0C, 0x8C, 0x7F, 0x00, 0x0D, 0x8C, 0x7F, 0x00, 0x0B, 0x8C, 0x7F, 0x00, 0x2B, 0x8C, 0x7F,
    0x00, 0x0D, 0x8C, 0x7F, 0x00, 0x0D, 0x8C, 0x7F, 0x00, 0x2B, 0x8C, 0x7F, 0x00, 0x0D, 0x8C, 0x7F,
    0x00, 0x0B, 0x8C, 0x7F, 0x00, 0x2B, 0x8C, 0x7F, 0x00, 0x0E, 0x8C, 0x7F, 0x00, 0x0F, 0x8C, 0x7F,
    0x00, 0x0D, 0x8C, 0x7F, 0x00, 0x2B, 0x8C, 0x7F, 0x08, 0x2A, 0x8C, 0x7F, 0x08, 0x2A, 0x8C, 0x7F,
    0x00, 0x0D, 0x8C, 0x7F, 0x00, 0x2B, 0x8C, 0x7F, 0x08, 0x2A, 0x8C, 0x7F, 0x08, 0x2A, 0x8C, 0x7F,
    0x00, 0x2B, 0x8C, 0x7F, 0x00, 0x0D, 0x8C, 0x7F, 0x00, 0x0C, 0x8C, 0x7F, 0x00, 0x2B, 0x8C, 0x7F,
    0x00, 0x10, 0x8C, 0x7F, 0x00, 0x0E, 0x8C, 0x7F, 0x08, 0x2A, 0x8C, 0x7F, 0x00, 0x0E, 0x8C, 0x7F,
    0x00, 0x0B, 0x8C, 0x7F, 0x08, 0x2A, 0x8C, 0x7F, 0x00, 0x0C, 0x8C, 0x7F, 0x08, 0x2A, 0x8C, 0x7F,
    0x00, 0x2B, 0x8C, 0x7F, 0x00, 0x2B, 0x8C, 0x7F, 0x08, 0x2A, 0x8C, 0x7F, 0x00, 0x0C, 0x8C, 0x7F,
    0x00, 0x0D, 0x8C, 0x7F, 0x00, 0x0B, 0x8C, 0x7F, 0x00, 0x2B, 0x8C, 0x7F, 0x00, 0x0D, 0x8C, 0x7F,
    0x00, 0x0D, 0x8C, 0x7F, 0x00, 0x2B, 0x8C, 0x7F, 0x00, 0x0D, 0x8C, 0x7F, 0x00, 0x0B, 0x8C, 0x7F,
    0x00, 0x2B, 0x8C, 0x7F, 0x00, 0x0E, 0x8C, 0x7F, 0x00, 0x0F, 0x8C, 0x7F, 0x00, 0x0D, 0x8C, 0x7F,
    0x00, 0x2B, 0x8C, 0x7F, 0x08, 0x2A, 0x8C, 0x7F, 0x08, 0x2A, 0x8C, 0x7F, 0x00, 0x0D, 0x8C, 0x7F,
    0x00, 0x2B, 0xFF, 0xBF, 0x08, 0x2A, 0x7B, 0xDF, 0x08, 0x2A, 0x00, 0x00, 0x00, 0x2B, 0x00, 0x00,
    0xFF, 0xFF, 0x00, 0x0C, 0xDE, 0xDF, 0x00, 0x0B, 0x7B, 0xDF, 0x00, 0x2B, 0x00, 0x00, 0x00, 0x0D,
    0x00, 0x00, 0x00, 0x2B, 0x00, 0x00, 0x00, 0x2B, 0x00, 0x00, 0x00, 0x0C, 0x00, 0x00, 0x00, 0x2B,
    0x00, 0x00, 0x00, 0x0C, 0x00, 0x00, 0x00, 0x0F, 0x00, 0x00, 0x00, 0x0F, 0x00, 0x00, 0x00, 0x0D,
    0x00, 0x00, 0x08, 0x2A, 0x00, 0x00, 0x08, 0x2A, 0x00, 0x00, 0x00, 0x2A, 0x00, 0x00, 0x00, 0x0D,
    0x00, 0x00, 0x00, 0x2B, 0x00, 0x00, 0x08, 0x2A, 0x00, 0x00, 0x08, 0x2A, 0x00, 0x00, 0x00, 0x0C,
    0x00, 0x00, 0x00, 0x0D, 0x00, 0x00, 0x00, 0x2B, 0x00, 0x00, 0x00, 0x0D, 0x00, 0x00, 0x00, 0x10,
    0x00, 0x00, 0x00, 0x0C, 0x00, 0x00, 0x00, 0x0B, 0x00, 0x00, 0x00, 0x0E, 0x00, 0x00, 0x00, 0x2B,
    0x00, 0x00, 0x00, 0x0D, 0x00, 0x00, 0x00, 0x0E, 0x00, 0x00, 0x00, 0x2B, 0x00, 0x00, 0x00, 0x0C,
    0x00, 0x00, 0x00, 0x2B, 0x00, 0x00, 0x08, 0x2A, 0x00, 0x00, 0x00, 0x0C, 0x00, 0x00, 0x00, 0x0C,
    0x00, 0x00, 0x00, 0x0B, 0x00, 0x00, 0x00, 0x2B, 0x00, 0x00, 0x00, 0x0D, 0x00, 0x00, 0x00, 0x2B,
    0x00, 0x00, 0x00, 0x2B, 0x00, 0x00, 0x00, 0x0C, 0x00, 0x00, 0x00, 0x2B, 0x00, 0x00, 0x00, 0x0C,
    0x00, 0x00, 0x00, 0x0F, 0x00, 0x00, 0x00, 0x0F, 0x00, 0x00, 0x00, 0x0D, 0x00, 0x00, 0x08, 0x2A,
    0x00, 0x00, 0x08, 0x2A, 0x00, 0x00, 0x00, 0x2A, 0x00, 0x00, 0x00, 0x0D, 0x00, 0x00, 0x00, 0x2B,
    0x00, 0x00, 0x08, 0x2A, 0x00, 0x00, 0x08, 0x2A, 0x00, 0x00, 0x00, 0x0C, 0x00, 0x00, 0x00, 0x0D,
    0x00, 0x00, 0x00, 0x2B, 0x00, 0x00, 0x00, 0x0D, 0x00, 0x00, 0x00, 0x10, 0x00, 0x00, 0x00, 0x0C,
    0x00, 0x00, 0x00, 0x0B, 0x00, 0x00, 0x00, 0x0E, 0x00, 0x00, 0x00, 0x2B, 0x00, 0x00, 0x00, 0x0D,
    0x00, 0x00, 0x00, 0x0E, 0x00, 0x00, 0x00, 0x2B, 0x00, 0x00, 0x00, 0x0C, 0x00, 0x00, 0x00, 0x2B,
    0x00, 0x00, 0x08, 0x2A, 0x00, 0x00, 0x00, 0x0C, 0x00, 0x00, 0x00, 0x0C, 0x00, 0x00, 0x00, 0x0B,
    0x00, 0x00, 0x00, 0x2B, 0x00, 0x00, 0x00, 0x0D, 0x00, 0x00, 0x00, 0x2B, 0x00, 0x00, 0x00, 0x2B,
    0x00, 0x00, 0x00, 0x0C, 0x00, 0x00, 0x00, 0x2B, 0x00, 0x00, 0x00, 0x0C, 0x00, 0x00, 0x00, 0x0F,
    0x00, 0x00, 0x00, 0x0F, 0x00, 0x00, 0x00, 0x0D, 0x00, 0x00, 0x08, 0x2A, 0x00, 0x00, 0x08, 0x2A,
    0x00, 0x00, 0x00, 0x2A, 0x00, 0x00, 0x00, 0x0D, 0x00, 0x00, 0x00, 0x2B, 0x00, 0x00, 0x08, 0x2A,
    0x00, 0x00, 0x08, 0x2A, 0x00, 0x00, 0x00, 0x0C, 0x00, 0x00, 0x00, 0x0D, 0x00, 0x00, 0x00, 0x2B,
    0x00, 0x00, 0x00, 0x0D, 0x00, 0x00, 0x00, 0x10, 0x00, 0x00, 0x00, 0x0C, 0x00, 0x00, 0x00, 0x0B,
    0x00, 0x00, 0x00, 0x0E, 0x00, 0x00, 0x00, 0x2B, 0x00, 0x00, 0x00, 0x0D, 0x00, 0x00, 0x00, 0x0E,
    0x00, 0x00, 0x00, 0x2B, 0x00, 0x00, 0x00, 0x0C, 0x00, 0x00, 0x00, 0x2B, 0x00, 0x00, 0x08, 0x2A,
    0x00, 0x00, 0x00, 0x0C, 0x00, 0x00, 0x00, 0x0C, 0x00, 0x00, 0x00, 0x0B, 0x00, 0x00, 0x00, 0x2B,
    0x00, 0x00, 0x00, 0x0D, 0x00, 0x00, 0x00, 0x2B, 0x00, 0x00, 0x00, 0x2B, 0x00, 0x00, 0x00, 0x0C,
    0x00, 0x00, 0x00, 0x2B, 0x00, 0x00, 0x00, 0x0C, 0x00, 0x00, 0x00, 0x0F, 0x00, 0x00, 0x00, 0x0F,
    0x00, 0x00, 0x00, 0x0D, 0x00, 0x00, 0x08, 0x2A, 0x00, 0x00, 0x08, 0x2A, 0x00, 0x00, 0x00, 0x2A,
    0x00, 0x00, 0x00, 0x0D, 0x00, 0x00, 0x00, 0x2B, 0x00, 0x00, 0x08, 0x2A, 0x00, 0x00, 0x08, 0x2A,
    0x00, 0x00, 0x00, 0x0C, 0x00, 0x00, 0x00, 0x0D, 0x00, 0x00, 0x00, 0x2B, 0x00, 0x00, 0x00, 0x0D,
    0x00, 0x00, 0x00, 0x10, 0x00, 0x00, 0x00, 0x0C, 0x00, 0x00, 0x00, 0x0B, 0x00, 0x00, 0x00, 0x0E,
    0x00, 0x00, 0x00, 0x2B, 0x00, 0x00, 0x00, 0x0D, 0x00, 0x00, 0x00, 0x0E, 0x00, 0x00, 0x00, 0x2B,
    0x00, 0x00, 0x00, 0x0C, 0x00, 0x00, 0x00, 0x2B, 0x00, 0x00, 0x08, 0x2A, 0x00, 0x00, 0x00, 0x0C,
    0x00, 0x00, 0x00, 0x0C, 0x00, 0x00, 0x00, 0x0B, 0x00, 0x00, 0x00, 0x2B, 0x00, 0x00, 0x00, 0x0D,
    0x00, 0x00, 0x00, 0x2B, 0x00, 0x00, 0x00, 0x2B, 0x00, 0x00, 0x00, 0x0C, 0x00, 0x00, 0x00, 0x2B,
    0x00, 0x00, 0x00, 0x0C, 0x00, 0x00, 0x00, 0x0F, 0x00, 0x00, 0x00, 0x0F, 0x00, 0x00, 0x00, 0x0D,
    0x00, 0x00, 0x08, 0x2A, 0x00, 0x00, 0x08, 0x2A, 0x00, 0x00, 0x00, 0x2A, 0x00, 0x00, 0x00, 0x0D,
    0x00, 0x00, 0x00, 0x2B, 0x18, 0xE7, 0x08, 0x2A, 0x00, 0x00, 0x08, 0x2A, 0x00, 0x00, 0x00, 0x0C,
    0x00, 0x0C, 0xBD, 0xBF, 0x00, 0x0C, 0x6B, 0x5A, 0x00, 0x2B, 0x00, 0x00, 0x00, 0x2B, 0x7B, 0xDF,
    0x00, 0x0C, 0x7B, 0xDF, 0x08, 0x2A, 0x7B, 0xDF, 0x00, 0x2B, 0x7B, 0xDF, 0x00, 0x0C, 0x7B, 0xDF,
    0x00, 0x2B, 0x7B, 0xDF, 0x00, 0x0D, 0x7B, 0xDF, 0x00, 0x0E, 0x7B, 0xDF, 0x00, 0x0D, 0x7B, 0xDF,
    0x00, 0x0C, 0x7B, 0xDF, 0x00, 0x2B, 0x7B, 0xDF, 0x08, 0x2A, 0x7B, 0xDF, 0x00, 0x0C, 0x7B, 0xDF,
    0x00, 0x0D, 0x7B, 0xDF, 0x00, 0x2B, 0x7B, 0xDF, 0x08, 0x2A, 0x7B, 0xDF, 0x00, 0x2B, 0x7B, 0xDF,
    0x00, 0x0B, 0x7B, 0xDF, 0x00, 0x2B, 0x7B, 0xDF, 0x08, 0x2A, 0x7B, 0xDF, 0x00, 0x0D, 0x7B, 0xDF,
    0x00, 0x0E, 0x7B, 0xDF, 0x08, 0x2A, 0x7B, 0xDF, 0x00, 0x0C, 0x7B, 0xDF, 0x00, 0x0C, 0x7B, 0xDF,
    0x00, 0x0C, 0x7B, 0xDF, 0x00, 0x0F, 0x7B, 0xDF, 0x00, 0x0C, 0x7B, 0xDF, 0x00, 0x2B, 0x7B, 0xDF,
    0x00, 0x0C, 0x7B, 0xDF, 0x00, 0x2B, 0x7B, 0xDF, 0x00, 0x2B, 0x7B, 0xDF, 0x08, 0x2C, 0x7B, 0xDF,
    0x00, 0x2D, 0x7B, 0xDF, 0x08, 0x2B, 0x7B, 0xDF, 0x08, 0x2B, 0x7B, 0xDF, 0x08, 0x2C, 0x7B, 0xDF,
    0x08, 0x2A, 0x7B, 0xDF, 0x00, 0x2B, 0x7B, 0xDF, 0x00, 0x0C, 0x7B, 0xDF, 0x00, 0x2B, 0x7B, 0xDF,
    0x00, 0x0D, 0x7B, 0xDF, 0x00, 0x0E, 0x7B, 0xDF, 0x00, 0x0D, 0x7B, 0xDF, 0x00, 0x0C, 0x7B, 0xDF,
    0x00, 0x2B, 0x7B, 0xDF, 0x08, 0x2A, 0x7B, 0xDF, 0x00, 0x0C, 0x7B, 0xDF, 0x00, 0x0D, 0x7B, 0xDF,
    0x00, 0x2B, 0x7B, 0xDF, 0x08, 0x2A, 0x7B, 0xDF, 0x00, 0x2B, 0x7B, 0xDF, 0x00, 0x0B, 0x7B, 0xDF,
    0x00, 0x2B, 0x7B, 0xDF, 0x08, 0x2A, 0x7B, 0xDF, 0x00, 0x0D, 0x7B, 0xDF, 0x00, 0x0E, 0x7B, 0xDF,
    0x08, 0x2A, 0x7B, 0xDF, 0x00, 0x0C, 0x7B, 0xDF, 0x00, 0x0C, 0x7B, 0xDF, 0x00, 0x0C, 0x7B, 0xDF,
    0x00, 0x0F, 0x7B, 0xDF, 0x00, 0x0C, 0x7B, 0xDF, 0x00, 0x2B, 0x7B, 0xDF, 0x00, 0x0C, 0x7B, 0xDF,
    0x00, 0x2B, 0x7B, 0xDF, 0x00, 0x2B, 0x7B, 0xDF, 0x00, 0x0C, 0x7B, 0xDF, 0x00, 0x0C, 0x7B, 0xDF,
    0x00, 0x2B, 0x7B, 0xDF, 0x00, 0x2B, 0x7B, 0xDF, 0x00, 0x0C, 0x7B, 0xDF, 0x08, 0x2A, 0x7B, 0xDF,
    0x00, 0x2B, 0x7B, 0xDF, 0x00, 0x0C, 0x7B, 0xDF, 0x00, 0x2B, 0x7B, 0xDF, 0x00, 0x0D, 0x7B, 0xDF,
    0x00, 0x0E, 0x7B, 0xDF, 0x00, 0x0D, 0x7B, 0xDF, 0x00, 0x0C, 0x7B, 0xDF, 0x00, 0x2B, 0x7B, 0xDF,
    0x08, 0x2A, 0x7B, 0xDF, 0x00, 0x0C, 0x7B, 0xDF, 0x00, 0x0D, 0x7B, 0xDF, 0x00, 0x2B, 0x7B, 0xDF,
    0x08, 0x2A, 0x7B, 0xDF, 0x00, 0x2B, 0x7B, 0xDF, 0x00, 0x0B, 0x7B, 0xDF, 0x00, 0x2B, 0x7B, 0xDF,
    0x08, 0x2A, 0x7B, 0xDF, 0x00, 0x0D, 0x7B, 0xDF, 0x00, 0x0E, 0x7B, 0xDF, 0x08, 0x2A, 0x7B, 0xDF,
    0x00, 0x0C, 0x7B, 0xDF, 0x00, 0x0C, 0x7B, 0xDF, 0x00, 0x0C, 0x7B, 0xDF, 0x00, 0x0F, 0x7B, 0xDF,
    0x00, 0x0C, 0x7B, 0xDF, 0x00, 0x2B, 0x7B, 0xDF, 0x00, 0x0C, 0x7B, 0xDF, 0x00, 0x2B, 0x7B, 0xDF,
    0x00, 0x2B, 0x7B, 0xDF, 0x00, 0x0C, 0x7B, 0xDF, 0x00, 0x0C, 0x7B, 0xDF, 0x00, 0x2B, 0x7B, 0xDF,
    0x00, 0x2B, 0x7B, 0xDF, 0x00, 0x0C, 0x7B, 0xDF, 0x08, 0x2A, 0x7B, 0xDF, 0x00, 0x2B, 0x7B, 0xDF,
    0x00, 0x0C, 0x7B, 0xDF, 0x00, 0x2B, 0x7B, 0xDF, 0x00, 0x0D, 0x7B, 0xDF, 0x00, 0x0E, 0x7B, 0xDF,
    0x00, 0x0D, 0x7B, 0xDF, 0x00, 0x0C, 0x7B, 0xDF, 0x00, 0x2B, 0x7B, 0xDF, 0x08, 0x2A, 0x7B, 0xDF,
    0x00, 0x0C, 0x7B, 0xDF, 0x00, 0x0D, 0x7B, 0xDF, 0x00, 0x2B, 0x7B, 0xDF, 0x08, 0x2A, 0x7B, 0xDF,
    0x00, 0x2B, 0x7B, 0xDF, 0x00, 0x0B, 0x7B, 0xDF, 0x00, 0x2B, 0x7B, 0xDF, 0x08, 0x2A, 0x7B, 0xDF,
    0x00, 0x0D, 0x7B, 0xDF, 0x00, 0x0E, 0x7B, 0xDF, 0x08, 0x2A, 0x7B, 0xDF, 0x00, 0x0C, 0x7B, 0xDF,
    0x00, 0x0C, 0x7B, 0xDF, 0x00, 0x0C, 0x7B, 0xDF, 0x00, 0x0F, 0x7B, 0xDF, 0x00, 0x0C, 0x7B, 0xDF,
    0x00, 0x2B, 0x7B, 0xDF, 0x00, 0x0C, 0x7B, 0xDF, 0x00, 0x2B, 0x7B, 0xDF, 0x00, 0x2B, 0x7B, 0xDF,
    0x00, 0x0C, 0x7B, 0xDF, 0x00, 0x0C, 0x7B, 0xDF, 0x00, 0x2B, 0x7B, 0xDF, 0x00, 0x2B, 0x7B, 0xDF,
    0x00, 0x0C, 0x7B, 0xDF, 0x08, 0x2A, 0x7B, 0xDF, 0x00, 0x2B, 0x7B, 0xDF, 0x00, 0x0C, 0x7B, 0xDF,
    0x00, 0x2B, 0x7B, 0xDF, 0x00, 0x0D, 0x7B, 0xDF, 0x00, 0x0E, 0x7B, 0xDF, 0x00, 0x0D, 0x7B, 0xDF,
    0x00, 0x0C, 0x7B, 0xDF, 0x00, 0x2B, 0x7B, 0xDF, 0x08, 0x2A, 0x7B, 0xDF, 0x00, 0x0C, 0x7B, 0xDF,
    0x00, 0x0D, 0x39, 0xCE, 0x00, 0x2B, 0x18, 0xE7, 0x08, 0x2A, 0x00, 0x00, 0x00, 0x2B, 0x00, 0x00,
    0xFF, 0xFF, 0x00, 0x0D, 0xAD, 0x5F, 0x00, 0x0C, 0x00, 0x00, 0x00, 0x2A, 0x7B, 0xDE, 0x00, 0x0C,
    0x7B, 0xDE, 0x00, 0x2B, 0x73, 0xBE, 0x08, 0x2A, 0x73, 0xBE, 0x00, 0x0B, 0x73, 0xBE, 0x00, 0x2A,
    0x73, 0xBE, 0x00, 0x2A, 0x73, 0xBE, 0x00, 0x0C, 0x73, 0xBE, 0x00, 0x0C, 0x73, 0xBE, 0x00, 0x0C,
    0x73, 0xBE, 0x00, 0x0B, 0x73, 0xBE, 0x00, 0x2B, 0x73, 0xBE, 0x08, 0x2A, 0x73, 0xBE, 0x00, 0x0D,
    0x73, 0xBE, 0x00, 0x0C, 0x73, 0xBE, 0x08, 0x2A, 0x73, 0xBE, 0x00, 0x2B, 0x73, 0xBE, 0x00, 0x0C,
    0x73, 0xBE, 0x00, 0x2B, 0x73, 0xBE, 0x08, 0x2A, 0x73, 0xBE, 0x08, 0x2A, 0x73, 0xBE, 0x00, 0x0D,
    0x73, 0xBE, 0x00, 0x2B, 0x73, 0xBE, 0x08, 0x2A, 0x73, 0xBE, 0x00, 0x2B, 0x73, 0xBE, 0x00, 0x2B,
    0x73, 0xBE, 0x00, 0x0C, 0x73, 0xBE, 0x00, 0x0D, 0x73, 0xBE, 0x08, 0x2A, 0x73, 0xBE, 0x00, 0x0C,
    0x73, 0xBE, 0x00, 0x0D, 0x73, 0xBE, 0x00, 0x0C, 0x73, 0xBE, 0x08, 0x2C, 0x73, 0xBE, 0x00, 0x2D,
    0x73, 0xBE, 0x00, 0x2C, 0x73, 0xBE, 0x08, 0x2B, 0x73, 0xBE, 0x08, 0x2C, 0x73, 0xBE, 0x08, 0x2B,
    0x73, 0xBE, 0x08, 0x2A, 0x73, 0xBE, 0x08, 0x2B, 0x73, 0xBE, 0x08, 0x2B, 0x73, 0xBE, 0x08, 0x2B,
    0x73, 0xBE, 0x00, 0x2C, 0x73, 0xBE, 0x00, 0x2C, 0x73, 0xBE, 0x00, 0x0C, 0x73, 0xBE, 0x00, 0x0B,
    0x73, 0xBE, 0x00, 0x2B, 0x73, 0xBE, 0x08, 0x2A, 0x73, 0xBE, 0x00, 0x0D, 0x73, 0xBE, 0x00, 0x0C,
    0x73, 0xBE, 0x08, 0x2A, 0x73, 0xBE, 0x00, 0x2B, 0x73, 0xBE, 0x00, 0x0C, 0x73, 0xBE, 0x00, 0x2B,
    0x73, 0xBE, 0x08, 0x2A, 0x73, 0xBE, 0x08, 0x2A, 0x73, 0xBE, 0x00, 0x0D, 0x73, 0xBE, 0x00, 0x2B,
    0x73, 0xBE, 0x08, 0x2A, 0x73, 0xBE, 0x00, 0x2B, 0x73, 0xBE, 0x00, 0x2B, 0x73, 0xBE, 0x00, 0x0C,
    0x73, 0xBE, 0x00, 0x0D, 0x73, 0xBE, 0x08, 0x2A, 0x73, 0xBE, 0x00, 0x0C, 0x73, 0xBE, 0x00, 0x0D,
    0x73, 0xBE, 0x00, 0x0C, 0x73, 0xBE, 0x00, 0x0C, 0x73, 0xBE, 0x00, 0x0D, 0x73, 0xBE, 0x00, 0x2C,
    0x73, 0xBE, 0x00, 0x2A, 0x73, 0xBE, 0x00, 0x0C, 0x73, 0xBE, 0x00, 0x2B, 0x73, 0xBE, 0x08, 0x2A,
    0x73, 0xBE, 0x00, 0x0B, 0x73, 0xBE, 0x00, 0x2A, 0x73, 0xBE, 0x00, 0x2A, 0x73, 0xBE, 0x00, 0x0C,
    0x73, 0xBE, 0x00, 0x0C, 0x73, 0xBE, 0x00, 0x0C, 0x73, 0xBE, 0x00, 0x0B, 0x73, 0xBE, 0x00, 0x2B,
    0x73, 0xBE, 0x08, 0x2A, 0x73, 0xBE, 0x00, 0x0D, 0x73, 0xBE, 0x00, 0x0C, 0x73, 0xBE, 0x08, 0x2A,
    0x73, 0xBE, 0x00, 0x2B, 0x73, 0xBE, 0x00, 0x0C, 0x73, 0xBE, 0x00, 0x2B, 0x73, 0xBE, 0x08, 0x2A,
    0x73, 0xBE, 0x08, 0x2A, 0x73, 0xBE, 0x00, 0x0D, 0x73, 0xBE, 0x00, 0x2B, 0x73, 0xBE, 0x08, 0x2A,
    0x73, 0xBE, 0x00, 0x2B, 0x73, 0xBE, 0x00, 0x2B, 0x73, 0xBE, 0x00, 0x0C, 0x73, 0xBE, 0x00, 0x0D,
    0x73, 0xBE, 0x08, 0x2A, 0x73, 0xBE, 0x00, 0x0C, 0x73, 0xBE, 0x00, 0x0D, 0x73, 0xBE, 0x00, 0x0C,
    0x73, 0xBE, 0x00, 0x0C, 0x73, 0xBE, 0x00, 0x0D, 0x73, 0xBE, 0x00, 0x0C, 0x73, 0xBE, 0x00, 0x2A,
    0x73, 0xBE, 0x00, 0x0C, 0x73, 0xBE, 0x00, 0x2B, 0x73, 0xBE, 0x08, 0x2A, 0x73, 0xBE, 0x00, 0x0B,
    0x73, 0xBE, 0x00, 0x2A, 0x73, 0xBE, 0x00, 0x2A, 0x73, 0xBE, 0x00, 0x0C, 0x73, 0xBE, 0x00, 0x0C,
    0x73, 0xBE, 0x00, 0x0C, 0x73, 0xBE, 0x00, 0x0B, 0x73, 0xBE, 0x00, 0x2B, 0x73, 0xBE, 0x08, 0x2A,
    0x73, 0xBE, 0x00, 0x0D, 0x73, 0xBE, 0x00, 0x0C, 0x73, 0xBE, 0x08, 0x2A, 0x73, 0xBE, 0x00, 0x2B,
    0x73, 0xBE, 0x00, 0x0C, 0x73, 0xBE, 0x00, 0x2B, 0x73, 0xBE, 0x08, 0x2A, 0x73, 0xBE, 0x08, 0x2A,
    0x73, 0xBE, 0x00, 0x0D, 0x73, 0xBE, 0x00, 0x2B, 0x73, 0xBE, 0x08, 0x2A, 0x73, 0xBE, 0x00, 0x2B,
    0x73, 0xBE, 0x00, 0x2B, 0x73, 0xBE, 0x00, 0x0C, 0x73, 0xBE, 0x00, 0x0D, 0x73, 0xBE, 0x08, 0x2A,
    0x73, 0xBE, 0x00, 0x0C, 0x73, 0xBE, 0x00, 0x0D, 0x73, 0xBE, 0x00, 0x0C, 0x73, 0xBE, 0x00, 0x0C,
    0x73, 0xBE, 0x00, 0x0D, 0x73, 0xBE, 0x00, 0x0C, 0x73, 0xBE, 0x00, 0x2A, 0x73, 0xBE, 0x00, 0x0C,
    0x73, 0xBE, 0x00, 0x2B, 0x73, 0xBE, 0x08, 0x2A, 0x73, 0xBE, 0x00, 0x0B, 0x73, 0xBE, 0x00, 0x2A,
    0x73, 0xBE, 0x00, 0x2A, 0x73, 0xBE, 0x00, 0x0C, 0x73, 0xBE, 0x00, 0x0C, 0x73, 0xBE, 0x00, 0x0C,
    0x73, 0xBE, 0x00, 0x0B, 0x73, 0xBE, 0x00, 0x2B, 0x73, 0xBE, 0x08, 0x2A, 0x73, 0xBE, 0x00, 0x0D,
    0x7B, 0xDE, 0x00, 0x0C, 0x39, 0xCE, 0x08, 0x2A, 0x00, 0x00, 0x00, 0x2B, 0x00, 0x00, 0x00, 0x0C,
    0x00, 0x0C, 0xB5, 0xBF, 0x00, 0x0D, 0x8C, 0x5F, 0x00, 0x2B, 0x7B, 0xDE, 0x00, 0x2A, 0x7B, 0xDE,
    0x00, 0x0E, 0x7B, 0xDE, 0x00, 0x2B, 0x73, 0xBE, 0x08, 0x2A, 0x73, 0xBE, 0x00, 0x2B, 0x73, 0xBE,
    0x08, 0x2A, 0x73, 0xBE, 0x08, 0x2A, 0x73, 0xBE, 0x00, 0x0B, 0x73, 0xBE, 0x00, 0x0C, 0x73, 0xBE,
    0x00, 0x0D, 0x73, 0xBE, 0x00, 0x0D, 0x73, 0xBE, 0x00, 0x2B, 0x73, 0xBE, 0x08, 0x2A, 0x73, 0xBE,
    0x00, 0x0C, 0x73, 0xBE, 0x00, 0x2B, 0x73, 0xBE, 0x08, 0x2A, 0x73, 0xBE, 0x00, 0x0C, 0x73, 0xBE,
    0x00, 0x0B, 0x73, 0xBE, 0x00, 0x2B, 0x73, 0xBE, 0x08, 0x2A, 0x73, 0xBE, 0x00, 0x2B, 0x73, 0xBE,
    0x00, 0x0E, 0x73, 0xBE, 0x00, 0x2B, 0x73, 0xBE, 0x08, 0x2A, 0x73, 0xBE, 0x08, 0x2A, 0x73, 0xBE,
    0x08, 0x2A, 0x73, 0xBE, 0x00, 0x0C, 0x73, 0xBE, 0x00, 0x0C, 0x73, 0xBE, 0x00, 0x2B, 0x73, 0xBE,
    0x00, 0x0C, 0x73, 0xBE, 0x00, 0x0D, 0x73, 0xBE, 0x00, 0x2D, 0x73, 0xBE, 0x00, 0x2C, 0x73, 0xBE,
    0x00, 0x2D, 0x73, 0xBE, 0x08, 0x2B, 0x73, 0xBE, 0x08, 0x2B, 0x73, 0xBE, 0x00, 0x2E, 0x73, 0xBE,
    0x00, 0x2B, 0x73, 0xBE, 0x08, 0x2A, 0x73, 0xBE, 0x08, 0x2B, 0x73, 0xBE, 0x08, 0x2A, 0x73, 0xBE,
    0x08, 0x2A, 0x73, 0xBE, 0x08, 0x2C, 0x73, 0xBE, 0x00, 0x0C, 0x73, 0xBE, 0x00, 0x0D, 0x73, 0xBE,
    0x00, 0x0D, 0x73, 0xBE, 0x00, 0x2B, 0x73, 0xBE, 0x08, 0x2A, 0x73, 0xBE, 0x00, 0x0C, 0x73, 0xBE,
    0x00, 0x2B, 0x73, 0xBE, 0x08, 0x2A, 0x73, 0xBE, 0x00, 0x0C, 0x73, 0xBE, 0x00, 0x0B, 0x73, 0xBE,
    0x00, 0x2B, 0x73, 0xBE, 0x08, 0x2A, 0x73, 0xBE, 0x00, 0x2B, 0x73, 0xBE, 0x00, 0x0E, 0x73, 0xBE,
    0x00, 0x2B, 0x73, 0xBE, 0x08, 0x2A, 0x73, 0xBE, 0x08, 0x2A, 0x73, 0xBE, 0x08, 0x2A, 0x73, 0xBE,
    0x00, 0x0C, 0x73, 0xBE, 0x00, 0x0C, 0x73, 0xBE, 0x00, 0x2B, 0x73, 0xBE, 0x00, 0x0C, 0x73, 0xBE,
    0x00, 0x0D, 0x73, 0xBE, 0x00, 0x0D, 0x73, 0xBE, 0x00, 0x0C, 0x73, 0xBE, 0x00, 0x0D, 0x73, 0xBE,
    0x00, 0x2B, 0x73, 0xBE, 0x00, 0x2A, 0x73, 0xBE, 0x00, 0x0E, 0x73, 0xBE, 0x00, 0x2B, 0x73, 0xBE,
    0x08, 0x2A, 0x73, 0xBE, 0x00, 0x2B, 0x73, 0xBE, 0x08, 0x2A, 0x73, 0xBE, 0x08, 0x2A, 0x73, 0xBE,
    0x00, 0x0B, 0x73, 0xBE, 0x00, 0x0C, 0x73, 0xBE, 0x00, 0x0D, 0x73, 0xBE, 0x00, 0x0D, 0x73, 0xBE,
    0x00, 0x2B, 0x73, 0xBE, 0x08, 0x2A, 0x73, 0xBE, 0x00, 0x0C, 0x73, 0xBE, 0x00, 0x2B, 0x73, 0xBE,
    0x08, 0x2A, 0x73, 0xBE, 0x00, 0x0C, 0x73, 0xBE, 0x00, 0x0B, 0x73, 0xBE, 0x00, 0x2B, 0x73, 0xBE,
    0x08, 0x2A, 0x73, 0xBE, 0x00, 0x2B, 0x73, 0xBE, 0x00, 0x0E, 0x73, 0xBE, 0x00, 0x2B, 0x73, 0xBE,
    0x08, 0x2A, 0x73, 0xBE, 0x08, 0x2A, 0x73, 0xBE, 0x08, 0x2A, 0x73, 0xBE, 0x00, 0x0C, 0x73, 0xBE,
    0x00, 0x0C, 0x73, 0xBE, 0x00, 0x2B, 0x73, 0xBE, 0x00, 0x0C, 0x73, 0xBE, 0x00, 0x0D, 0x73, 0xBE,
    0x00, 0x0D, 0x73, 0xBE, 0x00, 0x0C, 0x73, 0xBE, 0x00, 0x0D, 0x73, 0xBE, 0x00, 0x2B, 0x73, 0xBE,
    0x00, 0x2A, 0x73, 0xBE, 0x00, 0x0E, 0x73, 0xBE, 0x00, 0x2B, 0x73, 0xBE, 0x08, 0x2A, 0x73, 0xBE,
    0x00, 0x2B, 0x73, 0xBE, 0x08, 0x2A, 0x73, 0xBE, 0x08, 0x2A, 0x73, 0xBE, 0x00, 0x0B, 0x73, 0xBE,
    0x00, 0x0C, 0x73, 0xBE, 0x00, 0x0D, 0x73, 0xBE, 0x00, 0x0D, 0x73, 0xBE, 0x00, 0x2B, 0x73, 0xBE,
    0x08, 0x2A, 0x73, 0xBE, 0x00, 0x0C, 0x73, 0xBE, 0x00, 0x2B, 0x73, 0xBE, 0x08, 0x2A, 0x73, 0xBE,
    0x00, 0x0C, 0x73, 0xBE, 0x00, 0x0B, 0x73, 0xBE, 0x00, 0x2B, 0x73, 0xBE, 0x08, 0x2A, 0x73, 0xBE,
    0x00, 0x2B, 0x73, 0xBE, 0x00, 0x0E, 0x73, 0xBE, 0x00, 0x2B, 0x73, 0xBE, 0x08, 0x2A, 0x73, 0xBE,
    0x08, 0x2A, 0x73, 0xBE, 0x08, 0x2A, 0x73, 0xBE, 0x00, 0x0C, 0x73, 0xBE, 0x00, 0x0C, 0x73, 0xBE,
    0x00, 0x2B, 0x73, 0xBE, 0x00, 0x0C, 0x73, 0xBE, 0x00, 0x0D, 0x73, 0xBE, 0x00, 0x0D, 0x73, 0xBE,
    0x00, 0x0C, 0x73, 0xBE, 0x00, 0x0D, 0x73, 0xBE, 0x00, 0x2B, 0x73, 0xBE, 0x00, 0x2A, 0x73, 0xBE,
    0x00, 0x0E, 0x73, 0xBE, 0x00, 0x2B, 0x73, 0xBE, 0x08, 0x2A, 0x73, 0xBE, 0x00, 0x2B, 0x73, 0xBE,
    0x08, 0x2A, 0x73, 0xBE, 0x08, 0x2A, 0x73, 0xBE, 0x00, 0x0B, 0x73, 0xBE, 0x00, 0x0C, 0x73, 0xBE,
    0x00, 0x0D, 0x73, 0xBE, 0x00, 0x0D, 0x73, 0xBE, 0x00, 0x2B, 0x73, 0xBE, 0x08, 0x2A, 0x7B, 0xDE,
    0x00, 0x0C, 0x7B, 0xDE, 0x00, 0x2B, 0xAD, 0x7F, 0x08, 0x2A, 0x00, 0x00, 0x00, 0x0C, 0x00, 0x00,
    0xFF, 0xFF, 0x00, 0x0C, 0xA5, 0x3F, 0x00, 0x0C, 0x00, 0x00, 0x08, 0x2A, 0x7B, 0xBE, 0x00, 0x0D,
    0x7B, 0xBE, 0x00, 0x0E, 0x73, 0xBD, 0x00, 0x2B, 0x73, 0xBD, 0x00, 0x2B, 0x73, 0xBD, 0x00, 0x2B,
    0x73, 0xBD, 0x08, 0x2A, 0x73, 0xBD, 0x08, 0x2A, 0x73, 0xBD, 0x00, 0x0C, 0x73, 0xBD, 0x00, 0x0C,
    0x73, 0xBD, 0x00, 0x0E, 0x73, 0xBD, 0x00, 0x0D, 0x73, 0xBD, 0x08, 0x2A, 0x73, 0xBD, 0x08, 0x2A,
    0x73, 0xBD, 0x00, 0x2A, 0x73, 0xBD, 0x08, 0x2A, 0x73, 0xBD, 0x08, 0x2A, 0x73, 0xBD, 0x00, 0x2B,
    0x73, 0xBD, 0x00, 0x2B, 0x73, 0xBD, 0x00, 0x2B, 0x73, 0xBD, 0x08, 0x2A, 0x73, 0xBD, 0x00, 0x0C,
    0x73, 0xBD, 0x00, 0x0E, 0x73, 0xBD, 0x00, 0x0C, 0x73, 0xBD, 0x08, 0x2A, 0x73, 0xBD, 0x08, 0x2A,
    0x73, 0xBD, 0x08, 0x2A, 0x73, 0xBD, 0x00, 0x0D, 0x73, 0xBD, 0x00, 0x0C, 0x73, 0xBD, 0x00, 0x2B,
    0x73, 0xBD, 0x00, 0x2B, 0x73, 0xBD, 0x00, 0x0D, 0x73, 0xBD, 0x08, 0x2C, 0x73, 0xBD, 0x08, 0x2C,
    0x73, 0xBD, 0x00, 0x2D, 0x73, 0xBD, 0x08, 0x2A, 0x73, 0xBD, 0x00, 0x2D, 0x73, 0xBD, 0x00, 0x0E,
    0x73, 0xBD, 0x00, 0x2B, 0x73, 0xBD, 0x00, 0x2B, 0x73, 0xBD, 0x00, 0x2B, 0x73, 0xBD, 0x08, 0x2A,
    0x73, 0xBD, 0x08, 0x2A, 0x73, 0xBD, 0x00, 0x0C, 0x73, 0xBD, 0x00, 0x0C, 0x73, 0xBD, 0x00, 0x0E,
    0x73, 0xBD, 0x00, 0x0D, 0x73, 0xBD, 0x08, 0x2A, 0x73, 0xBD, 0x08, 0x2A, 0x73, 0xBD, 0x00, 0x2A,
    0x73, 0xBD, 0x08, 0x2A, 0x73, 0xBD, 0x08, 0x2A, 0x73, 0xBD, 0x00, 0x2B, 0x73, 0xBD, 0x00, 0x2B,
    0x73, 0xBD, 0x00, 0x2B, 0x73, 0xBD, 0x08, 0x2A, 0x73, 0xBD, 0x00, 0x0C, 0x73, 0xBD, 0x00, 0x0E,
    0x73, 0xBD, 0x00, 0x0C, 0x73, 0xBD, 0x08, 0x2A, 0x73, 0xBD, 0x08, 0x2A, 0x73, 0xBD, 0x08, 0x2A,
    0x73, 0xBD, 0x00, 0x0D, 0x73, 0xBD, 0x00, 0x0C, 0x73, 0xBD, 0x00, 0x2B, 0x73, 0xBD, 0x00, 0x2B,
    0x73, 0xBD, 0x00, 0x0D, 0x73, 0xBD, 0x00, 0x0C, 0x73, 0xBD, 0x00, 0x0C, 0x73, 0xBD, 0x00, 0x0C,
    0x73, 0xBD, 0x08, 0x2A, 0x73, 0xBD, 0x00, 0x0D, 0x73, 0xBD, 0x00, 0x0E, 0x73, 0xBD, 0x00, 0x2B,
    0x73, 0xBD, 0x00, 0x2B, 0x73, 0xBD, 0x00, 0x2B, 0x73, 0xBD, 0x08, 0x2A, 0x73, 0xBD, 0x08, 0x2A,
    0x73, 0xBD, 0x00, 0x0C, 0x73, 0xBD, 0x00, 0x0C, 0x73, 0xBD, 0x00, 0x0E, 0x73, 0xBD, 0x00, 0x0D,
    0x73, 0xBD, 0x08, 0x2A, 0x73, 0xBD, 0x08, 0x2A, 0x73, 0xBD, 0x00, 0x2A, 0x73, 0xBD, 0x08, 0x2A,
    0x73, 0xBD, 0x08, 0x2A, 0x73, 0xBD, 0x00, 0x2B, 0x73, 0xBD, 0x00, 0x2B, 0x73, 0xBD, 0x00, 0x2B,
    0x73, 0xBD, 0x08, 0x2A, 0x73, 0xBD, 0x00, 0x0C, 0x73, 0xBD, 0x00, 0x0E, 0x73, 0xBD, 0x00, 0x0C,
    0x73, 0xBD, 0x08, 0x2A, 0x73, 0xBD, 0x08, 0x2A, 0x73, 0xBD, 0x08, 0x2A, 0x73, 0xBD, 0x00, 0x0D,
    0x73, 0xBD, 0x00, 0x0C, 0x73, 0xBD, 0x00, 0x2B, 0x73, 0xBD, 0x00, 0x2B, 0x73, 0xBD, 0x00, 0x0D,
    0x73, 0xBD, 0x00, 0x0C, 0x73, 0xBD, 0x00, 0x0C, 0x73, 0xBD, 0x00, 0x0C, 0x73, 0xBD, 0x08, 0x2A,
    0x73, 0xBD, 0x00, 0x0D, 0x73, 0xBD, 0x00, 0x0E, 0x73, 0xBD, 0x00, 0x2B, 0x73, 0xBD, 0x00, 0x2B,
    0x73, 0xBD, 0x00, 0x2B, 0x73, 0xBD, 0x08, 0x2A, 0x73, 0xBD, 0x08, 0x2A, 0x73, 0xBD, 0x00, 0x0C,
    0x73, 0xBD, 0x00, 0x0C, 0x73, 0xBD, 0x00, 0x0E, 0x73, 0xBD, 0x00, 0x0D, 0x73, 0xBD, 0x08, 0x2A,
    0x73, 0xBD, 0x08, 0x2A, 0x73, 0xBD, 0x00, 0x2A, 0x73, 0xBD, 0x08, 0x2A, 0x73, 0xBD, 0x08, 0x2A,
    0x73, 0xBD, 0x00, 0x2B, 0x73, 0xBD, 0x00, 0x2B, 0x73, 0xBD, 0x00, 0x2B, 0x73, 0xBD, 0x08, 0x2A,
    0x73, 0xBD, 0x00, 0x0C, 0x73, 0xBD, 0x00, 0x0E, 0x73, 0xBD, 0x00, 0x0C, 0x73, 0xBD, 0x08, 0x2A,
    0x73, 0xBD, 0x08, 0x2A, 0x73, 0xBD, 0x08, 0x2A, 0x73, 0xBD, 0x00, 0x0D, 0x73, 0xBD, 0x00, 0x0C,
    0x73, 0xBD, 0x00, 0x2B, 0x73, 0xBD, 0x00, 0x2B, 0x73, 0xBD, 0x00, 0x0D, 0x73, 0xBD, 0x00, 0x0C,
    0x73, 0xBD, 0x00, 0x0C, 0x73, 0xBD, 0x00, 0x0C, 0x73, 0xBD, 0x08, 0x2A, 0x73, 0xBD, 0x00, 0x0D,
    0x73, 0xBD, 0x00, 0x0E, 0x73, 0xBD, 0x00, 0x2B, 0x73, 0xBD, 0x00, 0x2B, 0x73, 0xBD, 0x00, 0x2B,
    0x73, 0xBD, 0x08, 0x2A, 0x73, 0xBD, 0x08, 0x2A, 0x73, 0xBD, 0x00, 0x0C, 0x73, 0xBD, 0x00, 0x0C,
    0x73, 0xBD, 0x00, 0x0E, 0x73, 0xBD, 0x00, 0x0D, 0x73, 0xBD, 0x08, 0x2A, 0x73, 0xBD, 0x08, 0x2A,
    0x7B, 0xBE, 0x00, 0x2A, 0x7B, 0xBE, 0x08, 0x2A, 0x63, 0x39, 0x08, 0x2A, 0x00, 0x00, 0x00, 0x2B,
    0x00, 0x0C, 0xB5, 0x9F, 0x00, 0x0C, 0x84, 0x3F, 0x00, 0x0C, 0x73, 0xBE, 0x00, 0x2B, 0x73, 0xBE,
    0x00, 0x0F, 0x73, 0xBE, 0x00, 0x0F, 0x73, 0x9D, 0x00, 0x0C, 0x73, 0x9D, 0x00, 0x0E, 0x73, 0x9D,
    0x00, 0x0C, 0x73, 0x9D, 0x00, 0x2B, 0x73, 0x9D, 0x00, 0x0C, 0x73, 0x9D, 0x00, 0x0C, 0x73, 0x9D,
    0x00, 0x0D, 0x73, 0x9D, 0x00, 0x0F, 0x73, 0x9D, 0x00, 0x0E, 0x73, 0x9D, 0x08, 0x2A, 0x73, 0x9D,
    0x08, 0x2A, 0x73, 0x9D, 0x08, 0x2A, 0x73, 0x9D, 0x08, 0x2A, 0x73, 0x9D, 0x08, 0x2A, 0x73, 0x9D,
    0x08, 0x2A, 0x73, 0x9D, 0x00, 0x2B, 0x73, 0x9D, 0x08, 0x2A, 0x73, 0x9D, 0x08, 0x2A, 0x73, 0x9D,
    0x00, 0x0D, 0x73, 0x9D, 0x00, 0x0F, 0x73, 0x9D, 0x00, 0x0D, 0x73, 0x9D, 0x00, 0x2B, 0x73, 0x9D,
    0x08, 0x2A, 0x73, 0x9D, 0x00, 0x2B, 0x73, 0x9D, 0x00, 0x0C, 0x73, 0x9D, 0x00, 0x0C, 0x73, 0x9D,
    0x00, 0x2B, 0x73, 0x9D, 0x00, 0x2B, 0x73, 0x9D, 0x00, 0x0C, 0x73, 0x9D, 0x00, 0x0C, 0x73, 0x9D,
    0x00, 0x0C, 0x73, 0x9D, 0x00, 0x0C, 0x73, 0x9D, 0x00, 0x2B, 0x73, 0x9D, 0x00, 0x0F, 0x73, 0x9D,
    0x00, 0x0F, 0x73, 0x9D, 0x00, 0x0C, 0x73, 0x9D, 0x00, 0x0E, 0x73, 0x9D, 0x00, 0x0C, 0x73, 0x9D,
    0x00, 0x2B, 0x73, 0x9D, 0x00, 0x0C, 0x73, 0x9D, 0x00, 0x0C, 0x73, 0x9D, 0x00, 0x0D, 0x73, 0x9D,
    0x00, 0x0F, 0x73, 0x9D, 0x00, 0x0E, 0x73, 0x9D, 0x08, 0x2A, 0x73, 0x9D, 0x08, 0x2A, 0x73, 0x9D,
    0x08, 0x2A, 0x73, 0x9D, 0x08, 0x2A, 0x73, 0x9D, 0x08, 0x2A, 0x73, 0x9D, 0x08, 0x2A, 0x73, 0x9D,
    0x00, 0x2B, 0x73, 0x9D, 0x08, 0x2A, 0x73, 0x9D, 0x08, 0x2A, 0x73, 0x9D, 0x00, 0x0D, 0x73, 0x9D,
    0x00, 0x0F, 0x73, 0x9D, 0x00, 0x0D, 0x73, 0x9D, 0x00, 0x2B, 0x73, 0x9D, 0x08, 0x2A, 0x73, 0x9D,
    0x00, 0x2B, 0x73, 0x9D, 0x00, 0x0C, 0x73, 0x9D, 0x00, 0x0C, 0x73, 0x9D, 0x00, 0x2B, 0x73, 0x9D,
    0x00, 0x2B, 0x73, 0x9D, 0x00, 0x0C, 0x73, 0x9D, 0x00, 0x0C, 0x73, 0x9D, 0x00, 0x0C, 0x73, 0x9D,
    0x00, 0x0C, 0x73, 0x9D, 0x00, 0x2B, 0x73, 0x9D, 0x00, 0x0F, 0x73, 0x9D, 0x00, 0x0F, 0x73, 0x9D,
    0x00, 0x0C, 0x73, 0x9D, 0x00, 0x0E, 0x73, 0x9D, 0x00, 0x0C, 0x73, 0x9D, 0x00, 0x2B, 0x73, 0x9D,
    0x00, 0x0C, 0x73, 0x9D, 0x00, 0x0C, 0x73, 0x9D, 0x00, 0x0D, 0x73, 0x9D, 0x00, 0x0F, 0x73, 0x9D,
    0x00, 0x0E, 0x73, 0x9D, 0x08, 0x2A, 0x73, 0x9D, 0x08, 0x2A, 0x73, 0x9D, 0x08, 0x2A, 0x73, 0x9D,
    0x08, 0x2A, 0x73, 0x9D, 0x08, 0x2A, 0x73, 0x9D, 0x08, 0x2A, 0x73, 0x9D, 0x00, 0x2B, 0x73, 0x9D,
    0x08, 0x2A, 0x73, 0x9D, 0x08, 0x2A, 0x73, 0x9D, 0x00, 0x0D, 0x73, 0x9D, 0x00, 0x0F, 0x73, 0x9D,
    0x00, 0x0D, 0x73, 0x9D, 0x00, 0x2B, 0x73, 0x9D, 0x08, 0x2A, 0x73, 0x9D, 0x00, 0x2B, 0x73, 0x9D,
    0x00, 0x0C, 0x73, 0x9D, 0x00, 0x0C, 0x73, 0x9D, 0x00, 0x2B, 0x73, 0x9D, 0x00, 0x2B, 0x73, 0x9D,
    0x00, 0x0C, 0x73, 0x9D, 0x00, 0x0C, 0x73, 0x9D, 0x00, 0x0C, 0x73, 0x9D, 0x00, 0x0C, 0x73, 0x9D,
    0x00, 0x2B, 0x73, 0x9D, 0x00, 0x0F, 0x73, 0x9D, 0x00, 0x0F, 0x73, 0x9D, 0x00, 0x0C, 0x73, 0x9D,
    0x00, 0x0E, 0x73, 0x9D, 0x00, 0x0C, 0x73, 0x9D, 0x00, 0x2B, 0x73, 0x9D, 0x00, 0x0C, 0x73, 0x9D,
    0x00, 0x0C, 0x73, 0x9D, 0x00, 0x0D, 0x73, 0x9D, 0x00, 0x0F, 0x73, 0x9D, 0x00, 0x0E, 0x73, 0x9D,
    0x08, 0x2A, 0x73, 0x9D, 0x08, 0x2A, 0x73, 0x9D, 0x08, 0x2A, 0x73, 0x9D, 0x08, 0x2A, 0x73, 0x9D,
    0x08, 0x2A, 0x73, 0x9D, 0x08, 0x2A, 0x73, 0x9D, 0x00, 0x2B, 0x73, 0x9D, 0x08, 0x2A, 0x73, 0x9D,
    0x08, 0x2A, 0x73, 0x9D, 0x00, 0x0D, 0x73, 0x9D, 0x00, 0x0F, 0x73, 0x9D, 0x00, 0x0D, 0x73, 0x9D,
    0x00, 0x2B, 0x73, 0x9D, 0x08, 0x2A, 0x73, 0x9D, 0x00, 0x2B, 0x73, 0x9D, 0x00, 0x0C, 0x73, 0x9D,
    0x00, 0x0C, 0x73, 0x9D, 0x00, 0x2B, 0x73, 0x9D, 0x00, 0x2B, 0x73, 0x9D, 0x00, 0x0C, 0x73, 0x9D,
    0x00, 0x0C, 0x73, 0x9D, 0x00, 0x0C, 0x73, 0x9D, 0x00, 0x0C, 0x73, 0x9D, 0x00, 0x2B, 0x73, 0x9D,
    0x00, 0x0F, 0x73, 0x9D, 0x00, 0x0F, 0x73, 0x9D, 0x00, 0x0C, 0x73, 0x9D, 0x00, 0x0E, 0x73, 0x9D,
    0x00, 0x0C, 0x73, 0x9D, 0x00, 0x2B, 0x73, 0x9D, 0x00, 0x0C, 0x73, 0x9D, 0x00, 0x0C, 0x73, 0x9D,
    0x00, 0x0D, 0x73, 0x9D, 0x00, 0x0F, 0x73, 0x9D, 0x00, 0x0E, 0x73, 0x9D, 0x08, 0x2A, 0x73, 0xBE,
    0x08, 0x2A, 0x73, 0xBE, 0x08, 0x2A, 0xAD, 0x5F, 0x08, 0x2A, 0x00, 0x00, 0x08, 0x2A, 0x00, 0x00,
    0xFF, 0xDF, 0x00, 0x0C, 0xA5, 0x1F, 0x00, 0x0C, 0x00, 0x00, 0x00, 0x2A, 0x73, 0xBE, 0x00, 0x2B,
    0x73, 0xBE, 0x00, 0x0E, 0x73, 0x9D, 0x00, 0x0E, 0x73, 0x9D, 0x00, 0x0E, 0x73, 0x9D, 0x00, 0x0E,
    0x73, 0x9D, 0x00, 0x11, 0x73, 0x9D, 0x00, 0x0D, 0x73, 0x9D, 0x00, 0x0C, 0x73, 0x9D, 0x00, 0x0C,
    0x73, 0x9D, 0x00, 0x0D, 0x73, 0x9D, 0x00, 0x0F, 0x73, 0x9D, 0x00, 0x0D, 0x73, 0x9D, 0x08, 0x2A,
    0x73, 0x9D, 0x00, 0x0C, 0x73, 0x9D, 0x00, 0x2B, 0x73, 0x9D, 0x08, 0x2A, 0x73, 0x9D, 0x08, 0x2A,
    0x73, 0x9D, 0x08, 0x2A, 0x73, 0x9D, 0x00, 0x2B, 0x73, 0x9D, 0x08, 0x2A, 0x6B, 0x7C, 0x08, 0x2B,
    0x6B, 0x7C, 0x00, 0x2E, 0x73, 0x7D, 0x00, 0x0F, 0x6B, 0x7C, 0x00, 0x2E, 0x73, 0x9D, 0x08, 0x2A,
    0x73, 0x9D, 0x08, 0x2A, 0x73, 0x9D, 0x00, 0x2B, 0x73, 0x9D, 0x00, 0x0B, 0x73, 0x9D, 0x00, 0x2B,
    0x73, 0x9D, 0x08, 0x2A, 0x73, 0x9D, 0x00, 0x2B, 0x73, 0x9D, 0x00, 0x0B, 0x73, 0x9D, 0x00, 0x0C,
    0x73, 0x9D, 0x00, 0x0C, 0x73, 0x9D, 0x00, 0x2A, 0x73, 0x9D, 0x00, 0x2B, 0x73, 0x9D, 0x00, 0x0E,
    0x73, 0x9D, 0x00, 0x0E, 0x73, 0x9D, 0x00, 0x0E, 0x73, 0x9D, 0x00, 0x0E, 0x73, 0x9D, 0x00, 0x0E,
    0x73, 0x9D, 0x00, 0x0D, 0x73, 0x9D, 0x00, 0x0C, 0x73, 0x9D, 0x00, 0x0C, 0x73, 0x9D, 0x00, 0x2D,
    0x6B, 0x7C, 0x00, 0x2F, 0x73, 0x9D, 0x00, 0x0D, 0x73, 0x9D, 0x08, 0x2A, 0x73, 0x9D, 0x00, 0x0C,
    0x73, 0x9D, 0x00, 0x2B, 0x73, 0x9D, 0x08, 0x2A, 0x73, 0x9D, 0x08, 0x2A, 0x73, 0x9D, 0x08, 0x2A,
    0x73, 0x9D, 0x00, 0x2B, 0x73, 0x9D, 0x08, 0x2A, 0x73, 0x9D, 0x00, 0x2B, 0x73, 0x7D, 0x00, 0x2E,
    0x73, 0x9D, 0x00, 0x0F, 0x73, 0x9D, 0x00, 0x0E, 0x73, 0x9D, 0x08, 0x2A, 0x73, 0x9D, 0x08, 0x2A,
    0x73, 0x9D, 0x00, 0x2B, 0x73, 0x9D, 0x00, 0x0B, 0x73, 0x9D, 0x00, 0x2B, 0x73, 0x9D, 0x08, 0x2A,
    0x73, 0x9D, 0x00, 0x2B, 0x73, 0x9D, 0x00, 0x0B, 0x73, 0x9D, 0x00, 0x0C, 0x73, 0x9D, 0x00, 0x0C,
    0x73, 0x9D, 0x00, 0x2A, 0x73, 0x9D, 0x00, 0x2B, 0x73, 0x9D, 0x00, 0x0E, 0x73, 0x9D, 0x00, 0x0E,
    0x73, 0x9D, 0x00, 0x0E, 0x73, 0x9D, 0x00, 0x2E, 0x6B, 0x7C, 0x08, 0x2E, 0x6B, 0x7C, 0x00, 0x2D,
    0x73, 0x7D, 0x00, 0x2C, 0x6B, 0x7C, 0x00, 0x0C, 0x73, 0x9D, 0x00, 0x0D, 0x73, 0x9D, 0x00, 0x0F,
    0x6B, 0x7C, 0x00, 0x0D, 0x73, 0x9D, 0x08, 0x2A, 0x73, 0x9D, 0x00, 0x0C, 0x73, 0x9D, 0x00, 0x2B,
    0x73, 0x9D, 0x08, 0x2A, 0x73, 0x9D, 0x08, 0x2A, 0x6B, 0x7C, 0x08, 0x2A, 0x73, 0x9D, 0x00, 0x2B,
    0x73, 0x9D, 0x08, 0x2A, 0x73, 0x9D, 0x00, 0x2A, 0x73, 0x9D, 0x00, 0x0E, 0x73, 0x9D, 0x00, 0x0F,
    0x73, 0x9D, 0x00, 0x0E, 0x73, 0x9D, 0x08, 0x2A, 0x73, 0x9D, 0x08, 0x2A, 0x73, 0x9D, 0x00, 0x2B,
    0x73, 0x9D, 0x00, 0x0B, 0x73, 0x9D, 0x00, 0x2B, 0x73, 0x9D, 0x08, 0x2A, 0x73, 0x9D, 0x00, 0x2B,
    0x73, 0x9D, 0x00, 0x0B, 0x73, 0x9D, 0x00, 0x0C, 0x73, 0x9D, 0x00, 0x0C, 0x73, 0x9D, 0x00, 0x2A,
    0x73, 0x9D, 0x00, 0x2B, 0x73, 0x9D, 0x00, 0x0E, 0x73, 0x9D, 0x00, 0x0E, 0x73, 0x9D, 0x00, 0x0E,
    0x73, 0x9D, 0x00, 0x0E, 0x73, 0x9D, 0x00, 0x0E, 0x73, 0x9D, 0x00, 0x0D, 0x73, 0x9D, 0x00, 0x0C,
    0x6B, 0x7C, 0x08, 0x2C, 0x73, 0x9D, 0x00, 0x0D, 0x73, 0x9D, 0x00, 0x0F, 0x73, 0x9D, 0x00, 0x0D,
    0x73, 0x9D, 0x08, 0x2A, 0x73, 0x9D, 0x00, 0x0C, 0x73, 0x9D, 0x00, 0x2B, 0x73, 0x9D, 0x08, 0x2A,
    0x73, 0x9D, 0x08, 0x2A, 0x73, 0x9D, 0x08, 0x2A, 0x73, 0x9D, 0x00, 0x2B, 0x73, 0x9D, 0x08, 0x2A,
    0x73, 0x9D, 0x00, 0x2A, 0x73, 0x9D, 0x00, 0x0E, 0x73, 0x9D, 0x00, 0x0F, 0x73, 0x9D, 0x00, 0x0E,
    0x73, 0x9D, 0x08, 0x2A, 0x73, 0x9D, 0x08, 0x2A, 0x73, 0x9D, 0x00, 0x2B, 0x73, 0x9D, 0x00, 0x0B,
    0x73, 0x9D, 0x00, 0x2B, 0x73, 0x9D, 0x08, 0x2A, 0x73, 0x9D, 0x00, 0x2B, 0x73, 0x9D, 0x00, 0x0B,
    0x73, 0x9D, 0x00, 0x0C, 0x73, 0x9D, 0x00, 0x0C, 0x73, 0x9D, 0x00, 0x2A, 0x73, 0x9D, 0x00, 0x2B,
    0x73, 0x9D, 0x00, 0x0E, 0x73, 0x9D, 0x00, 0x0E, 0x73, 0x9D, 0x00, 0x0E, 0x73, 0x9D, 0x00, 0x0E,
    0x73, 0x9D, 0x00, 0x0E, 0x73, 0x9D, 0x00, 0x11, 0x73, 0x9D, 0x00, 0x0C, 0x73, 0x9D, 0x00, 0x0C,
    0x73, 0x9D, 0x00, 0x0D, 0x73, 0x9D, 0x00, 0x0F, 0x73, 0x9D, 0x00, 0x0D, 0x73, 0x9D, 0x08, 0x2A,
    0x73, 0xBE, 0x00, 0x0C, 0x73, 0xBE, 0x00, 0x2B, 0x63, 0x19, 0x08, 0x2A, 0x00, 0x00, 0x08, 0x2A,
    0x00, 0x0C, 0xAD, 0x7F, 0x00, 0x0D, 0x84, 0x1F, 0x00, 0x2B, 0x73, 0xBD, 0x08, 0x2A, 0x73, 0xBD,
    0x00, 0x2B, 0x73, 0xBD, 0x00, 0x0D, 0x73, 0x9D, 0x00, 0x0D, 0x73, 0x9D, 0x08, 0x38, 0x73, 0x9D,
    0x08, 0x38, 0x73, 0x9D, 0x00, 0x0E, 0x73, 0x9D, 0x00, 0x0A, 0x73, 0x9D, 0x00, 0x2B, 0x73, 0x9D,
    0x00, 0x0C, 0x73, 0x9D, 0x00, 0x0D, 0x73, 0x9D, 0x00, 0x0F, 0x73, 0x9D, 0x00, 0x0D, 0x73, 0x9D,
    0x00, 0x0B, 0x73, 0x9D, 0x00, 0x0E, 0x73, 0x9D, 0x00, 0x0C, 0x73, 0x9D, 0x08, 0x2A, 0x73, 0x9D,
    0x08, 0x2A, 0x73, 0x9D, 0x00, 0x2B, 0x73, 0x9D, 0x00, 0x2B, 0x6B, 0x5C, 0x08, 0x6E, 0x31, 0x73,
    0x21, 0x10, 0x63, 0x38, 0x63, 0x35, 0x52, 0x77, 0x4A, 0x54, 0x7B, 0xDB, 0x18, 0xCE, 0x73, 0x9D,
    0x08, 0x2A, 0x73, 0x9D, 0x08, 0x2A, 0x73, 0x9D, 0x00, 0x2B, 0x73, 0x9D, 0x00, 0x2B, 0x73, 0x9D,
    0x08, 0x2A, 0x73, 0x9D, 0x00, 0x2B, 0x73, 0x9D, 0x00, 0x0C, 0x73, 0x9D, 0x00, 0x0C, 0x73, 0x9D,
    0x00, 0x0D, 0x73, 0x9D, 0x00, 0x2B, 0x73, 0x9D, 0x08, 0x2A, 0x73, 0x9D, 0x00, 0x2B, 0x73, 0x9D,
    0x00, 0x0D, 0x73, 0x9D, 0x00, 0x0D, 0x73, 0x9D, 0x00, 0x0E, 0x73, 0x9D, 0x00, 0x0E, 0x73, 0x9D,
    0x00, 0x0E, 0x73, 0x9D, 0x00, 0x0E, 0x73, 0x9D, 0x00, 0x2B, 0x73, 0x9D, 0x00, 0x0C, 0x52, 0x99,
    0x10, 0xAF, 0x39, 0xF4, 0x10, 0x70, 0x73, 0x9D, 0x00, 0x0D, 0x73, 0x9D, 0x00, 0x0B, 0x73, 0x9D,
    0x00, 0x0E, 0x73, 0x9D, 0x00, 0x0C, 0x73, 0x9D, 0x08, 0x2A, 0x73, 0x9D, 0x08, 0x2A, 0x73, 0x9D,
    0x00, 0x2B, 0x73, 0x9D, 0x00, 0x2B, 0x6B, 0x5C, 0x29, 0x6E, 0x5A, 0xB8, 0x52, 0x94, 0x83, 0xFB,
    0x21, 0x0F, 0x73, 0x9D, 0x00, 0x0E, 0x73, 0x9D, 0x00, 0x0C, 0x73, 0x9D, 0x08, 0x2A, 0x73, 0x9D,
    0x08, 0x2A, 0x73, 0x9D, 0x00, 0x2B, 0x73, 0x9D, 0x00, 0x2B, 0x73, 0x9D, 0x08, 0x2A, 0x73, 0x9D,
    0x00, 0x2B, 0x73, 0x9D, 0x00, 0x0C, 0x73, 0x9D, 0x00, 0x0C, 0x73, 0x9D, 0x00, 0x0D, 0x73, 0x9D,
    0x00, 0x2B, 0x73, 0x9D, 0x08, 0x2A, 0x73, 0x9D, 0x00, 0x2B, 0x73, 0x9D, 0x00, 0x0D, 0x73, 0x9D,
    0x00, 0x0D, 0x73, 0x9D, 0x00, 0x2E, 0x42, 0x17, 0x08, 0x4F, 0x29, 0x73, 0x21, 0x11, 0x63, 0x38,
    0x63, 0x35, 0x52, 0x77, 0x42, 0x13, 0x73, 0xBB, 0x08, 0x4D, 0x73, 0x9D, 0x00, 0x2D, 0x63, 0x39,
    0x42, 0x13, 0x6B, 0x3B, 0x00, 0x0D, 0x73, 0x9D, 0x00, 0x0B, 0x73, 0x9D, 0x00, 0x0E, 0x73, 0x9D,
    0x00, 0x0C, 0x73, 0x9D, 0x08, 0x2B, 0x31, 0xB4, 0x10, 0x8D, 0x73, 0x9D, 0x00, 0x2B, 0x73, 0x9D,
    0x00, 0x2B, 0x73, 0x9D, 0x08, 0x2A, 0x73, 0x9D, 0x08, 0x2A, 0x73, 0x7D, 0x00, 0x0C, 0x73, 0x9D,
    0x00, 0x0E, 0x73, 0x9D, 0x00, 0x0C, 0x73, 0x9D, 0x08, 0x2A, 0x73, 0x9D, 0x08, 0x2A, 0x73, 0x9D,
    0x00, 0x2B, 0x73, 0x9D, 0x00, 0x2B, 0x73, 0x9D, 0x08, 0x2A, 0x73, 0x9D, 0x00, 0x2B, 0x73, 0x9D,
    0x00, 0x0C, 0x73, 0x9D, 0x00, 0x0C, 0x73, 0x9D, 0x00, 0x0D, 0x73, 0x9D, 0x00, 0x2B, 0x73, 0x9D,
    0x08, 0x2A, 0x73, 0x9D, 0x00, 0x2B, 0x73, 0x9D, 0x00, 0x0D, 0x73, 0x9D, 0x00, 0x0D, 0x73, 0x9D,
    0x00, 0x0E, 0x73, 0x9D, 0x00, 0x0E, 0x73, 0x9D, 0x00, 0x0E, 0x73, 0x9D, 0x00, 0x0E, 0x6B, 0x5C,
    0x10, 0x8E, 0x52, 0x98, 0x00, 0x0C, 0x73, 0x9D, 0x00, 0x0D, 0x73, 0x9D, 0x00, 0x0F, 0x73, 0x9D,
    0x00, 0x0D, 0x73, 0x9D, 0x00, 0x0B, 0x73, 0x9D, 0x00, 0x0E, 0x73, 0x9D, 0x00, 0x0C, 0x73, 0x9D,
    0x08, 0x2A, 0x73, 0x9D, 0x08, 0x2A, 0x73, 0x9D, 0x00, 0x2B, 0x73, 0x9D, 0x00, 0x2B, 0x73, 0x9D,
    0x08, 0x2A, 0x73, 0x9D, 0x08, 0x2A, 0x73, 0x9D, 0x00, 0x0C, 0x73, 0x9D, 0x00, 0x0E, 0x73, 0x9D,
    0x00, 0x0C, 0x73, 0x9D, 0x08, 0x2A, 0x73, 0x9D, 0x08, 0x2A, 0x73, 0x9D, 0x00, 0x2B, 0x73, 0x9D,
    0x00, 0x2B, 0x73, 0x9D, 0x08, 0x2A, 0x73, 0x9D, 0x00, 0x2B, 0x73, 0x9D, 0x00, 0x0C, 0x73, 0x9D,
    0x00, 0x0C, 0x73, 0x9D, 0x00, 0x0D, 0x73, 0x9D, 0x00, 0x2B, 0x73, 0x9D, 0x08, 0x2A, 0x73, 0x9D,
    0x00, 0x2B, 0x73, 0x9D, 0x00, 0x0D, 0x73, 0x9D, 0x00, 0x0D, 0x73, 0x9D, 0x00, 0x0E, 0x73, 0x9D,
    0x08, 0x38, 0x73, 0x9D, 0x08, 0x38, 0x73, 0x9D, 0x00, 0x0E, 0x73, 0x9D, 0x00, 0x0A, 0x73, 0x9D,
    0x00, 0x0C, 0x73, 0x9D, 0x00, 0x0D, 0x73, 0x9D, 0x00, 0x0F, 0x73, 0x9D, 0x00, 0x0D, 0x73, 0xBD,
    0x00, 0x0B, 0x73, 0xBD, 0x00, 0x0E, 0xAD, 0x3F, 0x00, 0x0C, 0x00, 0x00, 0x08, 0x2A, 0x00, 0x00,
    0xFF, 0xBF, 0x00, 0x0D, 0xA5, 0x1F, 0x00, 0x0D, 0x00, 0x00, 0x08, 0x2A, 0x73, 0x9D, 0x08, 0x2A,
    0x73, 0x9D, 0x08, 0x2A, 0x73, 0x9D, 0x08, 0x39, 0x73, 0x9D, 0x08, 0x37, 0x73, 0x9D, 0x08, 0x35,
    0x73, 0x9D, 0x08, 0x33, 0x73, 0x9D, 0x00, 0x0C, 0x73, 0x9D, 0x00, 0x08, 0x73, 0x9D, 0x08, 0x2A,
    0x73, 0x9D, 0x00, 0x0D, 0x73, 0x9D, 0x00, 0x0D, 0x73, 0x9D, 0x00, 0x0F, 0x73, 0x9D, 0x00, 0x0C,
    0x73, 0x9D, 0x00, 0x0D, 0x73, 0x9D, 0x00, 0x0F, 0x73, 0x9D, 0x00, 0x0E, 0x73, 0x9D, 0x00, 0x0C,
    0x73, 0x9D, 0x00, 0x2B, 0x73, 0x9D, 0x00, 0x0D, 0x73, 0x9D, 0x08, 0x2B, 0x21, 0x32, 0x08, 0x70,
    0x18, 0xF2, 0x18, 0xCD, 0x7B, 0xDA, 0x31, 0xB1, 0x8C, 0x7C, 0x8C, 0x5A, 0x8C, 0x5B, 0x29, 0x4F,
    0x6B, 0x7C, 0x08, 0x2A, 0x73, 0x9D, 0x00, 0x0B, 0x73, 0x9D, 0x08, 0x2A, 0x73, 0x9D, 0x08, 0x2A,
    0x73, 0x9D, 0x00, 0x2B, 0x73, 0x9D, 0x00, 0x0D, 0x73, 0x9D, 0x00, 0x0C, 0x73, 0x9D, 0x00, 0x0D,
    0x73, 0x9D, 0x00, 0x0D, 0x73, 0x9D, 0x08, 0x2A, 0x73, 0x9D, 0x08, 0x2A, 0x73, 0x9D, 0x08, 0x2A,
    0x73, 0x9D, 0x00, 0x0C, 0x73, 0x9D, 0x00, 0x0D, 0x73, 0x9D, 0x00, 0x0C, 0x73, 0x9D, 0x00, 0x0C,
    0x73, 0x9D, 0x00, 0x0E, 0x73, 0x9D, 0x00, 0x0C, 0x73, 0x9D, 0x08, 0x2A, 0x73, 0x7C, 0x08, 0x6E,
    0x08, 0x70, 0x00, 0x30, 0x63, 0x1A, 0x00, 0x0F, 0x73, 0x9D, 0x00, 0x0C, 0x73, 0x9D, 0x00, 0x0D,
    0x73, 0x9D, 0x00, 0x0F, 0x73, 0x9D, 0x00, 0x0E, 0x73, 0x9D, 0x00, 0x0C, 0x73, 0x9D, 0x00, 0x2B,
    0x73, 0x9D, 0x00, 0x0D, 0x73, 0x9D, 0x08, 0x4B, 0x94, 0xFA, 0x6B, 0x57, 0x84, 0x3C, 0x6B, 0x36,
    0x7B, 0xDB, 0x08, 0x4C, 0x73, 0xBA, 0x08, 0x6F, 0x73, 0x9D, 0x00, 0x2B, 0x73, 0x9D, 0x08, 0x2A,
    0x73, 0x9D, 0x00, 0x0B, 0x73, 0x9D, 0x08, 0x2A, 0x73, 0x9D, 0x08, 0x2A, 0x73, 0x9D, 0x00, 0x2B,
    0x73, 0x9D, 0x00, 0x0D, 0x73, 0x9D, 0x00, 0x0C, 0x73, 0x9D, 0x00, 0x0D, 0x73, 0x9D, 0x00, 0x0D,
    0x73, 0x9D, 0x08, 0x2A, 0x73, 0x9D, 0x08, 0x2A, 0x73, 0x9D, 0x08, 0x2A, 0x73, 0x9D, 0x00, 0x0C,
    0x73, 0x9D, 0x00, 0x0D, 0x6B, 0x5C, 0x10, 0xAF, 0x10, 0xB1, 0x08, 0x70, 0x41, 0xF7, 0x18, 0xD0,
    0x7B, 0xDA, 0x31, 0x91, 0x94, 0x9C, 0x9C, 0xFC, 0x7B, 0xDA, 0x08, 0x2D, 0x6B, 0x5C, 0x21, 0x10,
    0x7C, 0x18, 0x08, 0x4F, 0x73, 0x9D, 0x00, 0x0C, 0x73, 0x9D, 0x00, 0x0D, 0x73, 0x9D, 0x00, 0x0F,
    0x73, 0x9D, 0x00, 0x0E, 0x63, 0x3B, 0x10, 0x6F, 0x42, 0x17, 0x00, 0x2B, 0x73, 0x9D, 0x00, 0x0D,
    0x73, 0x9D, 0x08, 0x2A, 0x73, 0x9D, 0x08, 0x2A, 0x63, 0x1A, 0x39, 0xCF, 0x73, 0x7C, 0x00, 0x0B,
    0x73, 0x9D, 0x00, 0x0E, 0x73, 0x9D, 0x00, 0x2B, 0x73, 0x9D, 0x08, 0x2A, 0x73, 0x9D, 0x00, 0x0B,
    0x73, 0x9D, 0x08, 0x4B, 0x73, 0xBA, 0x10, 0x6B, 0x73, 0x9D, 0x00, 0x2B, 0x73, 0x9D, 0x00, 0x0D,
    0x73, 0x9D, 0x00, 0x0C, 0x73, 0x9D, 0x00, 0x0D, 0x73, 0x9D, 0x00, 0x0D, 0x73, 0x9D, 0x08, 0x2A,
    0x73, 0x9D, 0x08, 0x2A, 0x73, 0x9D, 0x08, 0x2A, 0x73, 0x9D, 0x00, 0x0C, 0x73, 0x9D, 0x00, 0x0D,
    0x73, 0x9D, 0x00, 0x0C, 0x73, 0x9D, 0x00, 0x0C, 0x73, 0x9D, 0x00, 0x0E, 0x73, 0x9D, 0x08, 0x2C,
    0x18, 0xF2, 0x08, 0x2D, 0x73, 0x9D, 0x00, 0x0D, 0x73, 0x9D, 0x00, 0x0D, 0x73, 0x9D, 0x00, 0x0F,
    0x73, 0x9D, 0x00, 0x0C, 0x73, 0x9D, 0x00, 0x0D, 0x73, 0x9D, 0x00, 0x0F, 0x73, 0x9D, 0x00, 0x0E,
    0x73, 0x9D, 0x00, 0x0C, 0x73, 0x9D, 0x00, 0x2B, 0x73, 0x9D, 0x00, 0x0D, 0x73, 0x9D, 0x08, 0x2A,
    0x73, 0x9D, 0x08, 0x2A, 0x73, 0x9D, 0x08, 0x2A, 0x73, 0x9D, 0x00, 0x0B, 0x73, 0x9D, 0x00, 0x0E,
    0x73, 0x9D, 0x00, 0x2B, 0x73, 0x9D, 0x08, 0x2A, 0x73, 0x9D, 0x00, 0x0B, 0x73, 0x9D, 0x08, 0x2A,
    0x73, 0x9D, 0x08, 0x2A, 0x73, 0x9D, 0x00, 0x2B, 0x73, 0x9D, 0x00, 0x0D, 0x73, 0x9D, 0x00, 0x0C,
    0x73, 0x9D, 0x00, 0x0D, 0x73, 0x9D, 0x00, 0x0D, 0x73, 0x9D, 0x08, 0x2A, 0x73, 0x9D, 0x08, 0x2A,
    0x73, 0x9D, 0x08, 0x2A, 0x73, 0x9D, 0x00, 0x0C, 0x73, 0x9D, 0x08, 0x39, 0x73, 0x9D, 0x08, 0x37,
    0x73, 0x9D, 0x08, 0x35, 0x73, 0x9D, 0x08, 0x33, 0x73, 0x9D, 0x00, 0x0C, 0x73, 0x9D, 0x00, 0x08,
    0x73, 0x9D, 0x00, 0x0D, 0x73, 0x9D, 0x00, 0x0D, 0x73, 0x9D, 0x00, 0x0F, 0x73, 0x9D, 0x00, 0x0C,
    0x73, 0x9D, 0x00, 0x0D, 0x73, 0x9D, 0x00, 0x0F, 0x63, 0x18, 0x00, 0x0E, 0x00, 0x00, 0x00, 0x0C,
    0x00, 0x0B, 0xAD, 0x5F, 0x00, 0x0D, 0x84, 0x1F, 0x00, 0x0C, 0x73, 0x9D, 0x00, 0x2B, 0x73, 0x9D,
    0x08, 0x2A, 0x73, 0x9D, 0x08, 0x36, 0x73, 0x7C, 0x08, 0x39, 0x73, 0x7C, 0x08, 0x35, 0x73, 0x7C,
    0x08, 0x34, 0x73, 0x7C, 0x00, 0x10, 0x73, 0x7C, 0x00, 0x09, 0x73, 0x7C, 0x00, 0x03, 0x73, 0x7C,
    0x00, 0x2B, 0x73, 0x7C, 0x00, 0x0C, 0x73, 0x7C, 0x00, 0x0C, 0x73, 0x7C, 0x00, 0x0D, 0x73, 0x7C,
    0x00, 0x2B, 0x73, 0x7C, 0x00, 0x0E, 0x73, 0x7C, 0x00, 0x10, 0x73, 0x7C, 0x00, 0x10, 0x73, 0x7C,
    0x00, 0x0C, 0x73, 0x7C, 0x00, 0x0E, 0x73, 0x7C, 0x00, 0x0C, 0x63, 0x1A, 0x29, 0x31, 0x31, 0x93,
    0x21, 0x0F, 0x6B, 0x5C, 0x08, 0x2A, 0x6B, 0x5C, 0x08, 0x2D, 0x63, 0x38, 0x94, 0xBB, 0x73, 0xB9,
    0x10, 0x6C, 0x73, 0x7C, 0x00, 0x0B, 0x73, 0x7C, 0x00, 0x2B, 0x73, 0x7C, 0x08, 0x2A, 0x73, 0x7C,
    0x08, 0x2A, 0x73, 0x7C, 0x00, 0x0C, 0x73, 0x7C, 0x00, 0x0C, 0x73, 0x7C, 0x00, 0x0B, 0x73, 0x7C,
    0x00, 0x0D, 0x73, 0x7C, 0x00, 0x0C, 0x73, 0x7C, 0x00, 0x2B, 0x73, 0x7C, 0x08, 0x2A, 0x73, 0x7C,
    0x08, 0x2A, 0x73, 0x7C, 0x00, 0x0C, 0x73, 0x7C, 0x00, 0x0D, 0x73, 0x7C, 0x00, 0x2B, 0x73, 0x7C,
    0x00, 0x0C, 0x73, 0x7C, 0x00, 0x0D, 0x73, 0x7C, 0x08, 0x2A, 0x73, 0x7C, 0x00, 0x2B, 0x42, 0x36,
    0x31, 0x92, 0x31, 0xB3, 0x10, 0x6D, 0x73, 0x7C, 0x00, 0x0D, 0x73, 0x7C, 0x00, 0x2B, 0x73, 0x7C,
    0x00, 0x0E, 0x73, 0x7C, 0x00, 0x10, 0x73, 0x7C, 0x00, 0x10, 0x73, 0x7C, 0x00, 0x0C, 0x73, 0x7C,
    0x00, 0x0E, 0x73, 0x7C, 0x00, 0x0C, 0x5A, 0xFA, 0xA5, 0x1B, 0x7B, 0xDB, 0x08, 0x2A, 0x6B, 0x5B,
    0x08, 0x4A, 0x63, 0x1A, 0xA5, 0x1C, 0x7B, 0xDC, 0x00, 0x0E, 0x73, 0x7C, 0x00, 0x2B, 0x73, 0x7C,
    0x00, 0x0B, 0x73, 0x7C, 0x00, 0x2B, 0x73, 0x7C, 0x08, 0x2A, 0x73, 0x7C, 0x08, 0x2A, 0x73, 0x7C,
    0x00, 0x0C, 0x73, 0x7C, 0x00, 0x0C, 0x73, 0x7C, 0x00, 0x0B, 0x73, 0x7C, 0x00, 0x0D, 0x73, 0x7C,
    0x00, 0x0C, 0x73, 0x7C, 0x00, 0x2B, 0x73, 0x7C, 0x08, 0x2A, 0x73, 0x7C, 0x08, 0x2A, 0x73, 0x7C,
    0x00, 0x0C, 0x73, 0x7C, 0x00, 0x2D, 0x39, 0xD4, 0x31, 0x92, 0x39, 0xD4, 0x08, 0x2C, 0x6B, 0x7C,
    0x00, 0x2D, 0x6B, 0x5C, 0x20, 0xED, 0x7B, 0xD9, 0x84, 0x39, 0x6B, 0x5A, 0x00, 0x0C, 0x5A, 0xB9,
    0x20, 0xEF, 0x6B, 0x7C, 0x00, 0x0D, 0x73, 0x7C, 0x00, 0x2B, 0x73, 0x7C, 0x00, 0x0E, 0x73, 0x7C,
    0x00, 0x10, 0x73, 0x7C, 0x08, 0x50, 0x31, 0xB3, 0x18, 0xAF, 0x6B, 0x7C, 0x00, 0x0E, 0x73, 0x7C,
    0x00, 0x0C, 0x73, 0x7C, 0x00, 0x2B, 0x73, 0x7C, 0x10, 0x6C, 0xAD, 0x7D, 0x29, 0x2D, 0x73, 0x7C,
    0x00, 0x0D, 0x73, 0x7C, 0x00, 0x0E, 0x73, 0x7C, 0x00, 0x2B, 0x73, 0x7C, 0x00, 0x0B, 0x73, 0x7C,
    0x00, 0x2B, 0x63, 0x1A, 0xA5, 0x1B, 0x7B, 0xDC, 0x08, 0x2A, 0x73, 0x7C, 0x00, 0x0C, 0x73, 0x7C,
    0x00, 0x0C, 0x73, 0x7C, 0x00, 0x0B, 0x73, 0x7C, 0x00, 0x0D, 0x73, 0x7C, 0x00, 0x0C, 0x73, 0x7C,
    0x00, 0x2B, 0x73, 0x7C, 0x08, 0x2A, 0x73, 0x7C, 0x08, 0x2A, 0x73, 0x7C, 0x00, 0x0C, 0x73, 0x7C,
    0x00, 0x0D, 0x73, 0x7C, 0x00, 0x2B, 0x73, 0x7C, 0x00, 0x0C, 0x73, 0x7C, 0x00, 0x0D, 0x63, 0x1A,
    0x21, 0x31, 0x52, 0x98, 0x00, 0x2B, 0x73, 0x7C, 0x00, 0x0C, 0x73, 0x7C, 0x00, 0x0C, 0x73, 0x7C,
    0x00, 0x0D, 0x73, 0x7C, 0x00, 0x2B, 0x73, 0x7C, 0x00, 0x0E, 0x73, 0x7C, 0x00, 0x10, 0x73, 0x7C,
    0x00, 0x10, 0x73, 0x7C, 0x00, 0x0C, 0x73, 0x7C, 0x00, 0x0E, 0x73, 0x7C, 0x00, 0x0C, 0x73, 0x7C,
    0x00, 0x2B, 0x73, 0x7C, 0x08, 0x2A, 0x73, 0x7C, 0x08, 0x2A, 0x73, 0x7C, 0x00, 0x0D, 0x73, 0x7C,
    0x00, 0x0E, 0x73, 0x7C, 0x00, 0x2B, 0x73, 0x7C, 0x00, 0x0B, 0x73, 0x7C, 0x00, 0x2B, 0x73, 0x7C,
    0x08, 0x2A, 0x73, 0x7C, 0x08, 0x2A, 0x73, 0x7C, 0x00, 0x0C, 0x73, 0x7C, 0x00, 0x0C, 0x73, 0x7C,
    0x00, 0x0B, 0x73, 0x7C, 0x00, 0x0D, 0x73, 0x7C, 0x00, 0x0C, 0x73, 0x7C, 0x00, 0x2B, 0x73, 0x7C,
    0x08, 0x2A, 0x73, 0x7C, 0x08, 0x2A, 0x73, 0x7C, 0x08, 0x36, 0x73, 0x7C, 0x08, 0x39, 0x73, 0x7C,
    0x08, 0x35, 0x73, 0x7C, 0x08, 0x34, 0x73, 0x7C, 0x00, 0x10, 0x73, 0x7C, 0x00, 0x09, 0x73, 0x7C,
    0x00, 0x03, 0x73, 0x7C, 0x00, 0x0C, 0x73, 0x7C, 0x00, 0x0C, 0x73, 0x7C, 0x00, 0x0D, 0x73, 0x9D,
    0x00, 0x2B, 0x73, 0x9D, 0x00, 0x0E, 0xA5, 0x1F, 0x00, 0x10, 0x00, 0x00, 0x00, 0x10, 0x00, 0x00,
    0xF7, 0x9F, 0x00, 0x2B, 0x9C, 0xFF, 0x00, 0x0C, 0x00, 0x00, 0x00, 0x0D, 0x73, 0x9D, 0x00, 0x2B,
    0x73, 0x9D, 0x08, 0x2A, 0x6B, 0x7C, 0x08, 0x38, 0x6B, 0x7C, 0x08, 0x39, 0x6B, 0x7C, 0x08, 0x34,
    0x6B, 0x7C, 0x08, 0x32, 0x6B, 0x7C, 0x00, 0x0D, 0x6B, 0x7C, 0x00, 0x04, 0x6B, 0x7C, 0x00, 0x00,
    0x6B, 0x7C, 0x00, 0x2B, 0x6B, 0x7C, 0x08, 0x2A, 0x6B, 0x7C, 0x08, 0x2A, 0x6B, 0x7C, 0x08, 0x2A,
    0x6B, 0x7C, 0x00, 0x2B, 0x6B, 0x7C, 0x00, 0x0D, 0x6B, 0x7C, 0x00, 0x0F, 0x6B, 0x7C, 0x00, 0x0E,
    0x6B, 0x7C, 0x00, 0x0E, 0x6B, 0x7C, 0x00, 0x0F, 0x6B, 0x7C, 0x08, 0x4D, 0x42, 0x34, 0x52, 0xB5,
    0x52, 0x96, 0x08, 0x2A, 0x6B, 0x7C, 0x08, 0x2A, 0x6B, 0x7C, 0x18, 0xB0, 0xA5, 0x1C, 0x8C, 0x7A,
    0x73, 0x7B, 0x00, 0x2B, 0x62, 0xFA, 0x08, 0x2C, 0x6B, 0x7C, 0x08, 0x4A, 0x73, 0xBC, 0x10, 0x8B,
    0x6B, 0x7C, 0x00, 0x2B, 0x6B, 0x5C, 0x08, 0x4C, 0x73, 0xBB, 0x10, 0x6B, 0x6B, 0x7C, 0x00, 0x2B,
    0x6B, 0x7C, 0x00, 0x0C, 0x6B, 0x5C, 0x08, 0x2D, 0x63, 0x1A, 0x20, 0xED, 0x6B, 0x7C, 0x08, 0x2A,
    0x6B, 0x7C, 0x08, 0x2A, 0x6B, 0x5C, 0x08, 0x2D, 0x63, 0x1A, 0x18, 0xEF, 0x6B, 0x7C, 0x08, 0x2B,
    0x6B, 0x7C, 0x00, 0x0C, 0x6B, 0x7C, 0x00, 0x0C, 0x6B, 0x7C, 0x08, 0x2A, 0x6B, 0x7C, 0x20, 0xEF,
    0x4A, 0x94, 0x52, 0xB4, 0x63, 0x19, 0x08, 0x2A, 0x6B, 0x7C, 0x08, 0x2A, 0x6B, 0x7C, 0x00, 0x2B,
    0x6B, 0x7C, 0x00, 0x0D, 0x6B, 0x7C, 0x00, 0x0F, 0x63, 0x3B, 0x21, 0x10, 0x6B, 0x7C, 0x00, 0x0E,
    0x6B, 0x7C, 0x08, 0x2F, 0x63, 0x1A, 0x21, 0x0F, 0x8C, 0x78, 0x31, 0x70, 0x6B, 0x5B, 0x10, 0x6B,
    0x63, 0x3B, 0x21, 0x0E, 0xB5, 0xBC, 0x31, 0x72, 0x6B, 0x7C, 0x08, 0x4F, 0x6B, 0x7C, 0x00, 0x2B,
    0x6B, 0x7C, 0x00, 0x0C, 0x6B, 0x7C, 0x08, 0x2A, 0x6B, 0x7C, 0x08, 0x2A, 0x6B, 0x7C, 0x08, 0x2B,
    0x63, 0x3B, 0x21, 0x0E, 0x6B, 0x7C, 0x08, 0x2A, 0x6B, 0x7C, 0x00, 0x2B, 0x6B, 0x7C, 0x08, 0x2D,
    0x6B, 0x3B, 0x00, 0x0D, 0x6B, 0x7C, 0x18, 0xED, 0x6B, 0x7C, 0x08, 0x2A, 0x6B, 0x7C, 0x08, 0x2A,
    0x6B, 0x7C, 0x00, 0x0C, 0x6B, 0x5C, 0x29, 0x30, 0x4A, 0x54, 0x39, 0xF2, 0x63, 0x1A, 0x00, 0x0C,
    0x6B, 0x7C, 0x00, 0x0C, 0x6B, 0x5C, 0x63, 0x15, 0xAD, 0x7C, 0x41, 0xF1, 0x6B, 0x7C, 0x08, 0x4B,
    0x6B, 0x5B, 0x08, 0x2A, 0x6B, 0x7C, 0x08, 0x2A, 0x63, 0x3B, 0x10, 0x8D, 0x73, 0x9C, 0x00, 0x2D,
    0x6B, 0x5C, 0x20, 0xF1, 0x62, 0xF9, 0x39, 0xD2, 0x5A, 0xD8, 0x00, 0x2E, 0x73, 0x7B, 0x18, 0xF0,
    0x6B, 0x5C, 0x00, 0x0C, 0x6B, 0x5C, 0x08, 0x4D, 0x6B, 0x5A, 0xAD, 0x7A, 0x73, 0xBB, 0x10, 0x6B,
    0x6B, 0x5B, 0x00, 0x0F, 0x6B, 0x7C, 0x00, 0x0E, 0x6B, 0x7C, 0x00, 0x2B, 0x6B, 0x7C, 0x08, 0x2C,
    0x63, 0x3B, 0x21, 0x0D, 0xB5, 0xBC, 0x31, 0x6E, 0x6B, 0x7C, 0x08, 0x4C, 0x6B, 0x7C, 0x00, 0x2B,
    0x6B, 0x7C, 0x08, 0x2A, 0x63, 0x3B, 0x21, 0x0E, 0x6B, 0x7C, 0x00, 0x0C, 0x6B, 0x7C, 0x00, 0x0D,
    0x6B, 0x7C, 0x00, 0x2B, 0x6B, 0x7C, 0x08, 0x2A, 0x6B, 0x7C, 0x08, 0x2A, 0x6B, 0x7C, 0x00, 0x0C,
    0x6B, 0x5C, 0x08, 0x2D, 0x6B, 0x7C, 0x08, 0x6C, 0x6B, 0x7C, 0x00, 0x0C, 0x6B, 0x7C, 0x08, 0x4D,
    0x42, 0x34, 0x29, 0x2F, 0x6B, 0x5C, 0x18, 0xCD, 0x73, 0x7B, 0x08, 0x4B, 0x6B, 0x7C, 0x08, 0x2A,
    0x6B, 0x7C, 0x08, 0x2A, 0x63, 0x3B, 0x08, 0x6C, 0x73, 0xBB, 0x08, 0x4E, 0x6B, 0x7C, 0x00, 0x0F,
    0x6B, 0x7C, 0x00, 0x0E, 0x62, 0xFA, 0x00, 0x2E, 0x6B, 0x7C, 0x10, 0xB0, 0x6B, 0x7B, 0x08, 0x4C,
    0x6B, 0x7C, 0x00, 0x0C, 0x6B, 0x7C, 0x08, 0x2A, 0x63, 0x3B, 0x10, 0x8C, 0x73, 0x9C, 0x00, 0x0F,
    0x6B, 0x5C, 0x20, 0xF0, 0x6B, 0x7C, 0x00, 0x2B, 0x6B, 0x5C, 0x08, 0x4D, 0x73, 0xBB, 0x10, 0x6B,
    0x6B, 0x7C, 0x08, 0x2A, 0x6B, 0x7C, 0x00, 0x2B, 0x6B, 0x7C, 0x00, 0x2B, 0x6B, 0x7C, 0x08, 0x2A,
    0x6B, 0x7C, 0x00, 0x2B, 0x6B, 0x7C, 0x00, 0x0C, 0x6B, 0x7C, 0x00, 0x0D, 0x6B, 0x7C, 0x00, 0x2B,
    0x6B, 0x7C, 0x08, 0x2A, 0x6B, 0x7C, 0x08, 0x2A, 0x6B, 0x7C, 0x08, 0x38, 0x6B, 0x7C, 0x08, 0x39,
    0x6B, 0x7C, 0x08, 0x34, 0x6B, 0x7C, 0x08, 0x32, 0x6B, 0x7C, 0x00, 0x0D, 0x6B, 0x7C, 0x00, 0x04,
    0x6B, 0x7C, 0x00, 0x00, 0x6B, 0x7C, 0x08, 0x2A, 0x6B, 0x7C, 0x08, 0x2A, 0x6B, 0x7C, 0x08, 0x2A,
    0x73, 0x9D, 0x00, 0x2B, 0x73, 0x9D, 0x00, 0x0D, 0x62, 0xF8, 0x00, 0x0F, 0x00, 0x00, 0x00, 0x0E,
    0x08, 0x2A, 0xAD, 0x5F, 0x00, 0x0B, 0x83, 0xFF, 0x00, 0x0C, 0x73, 0x9D, 0x00, 0x0D, 0x73, 0x9D,
    0x08, 0x2A, 0x73, 0x9D, 0x08, 0x33, 0x6B, 0x7C, 0x08, 0x3A, 0x6B, 0x7C, 0x08, 0x38, 0x6B, 0x7C,
    0x08, 0x31, 0x6B, 0x7C, 0x08, 0x0F, 0x6B, 0x7C, 0x00, 0x07, 0x6B, 0x7C, 0x00, 0x00, 0x6B, 0x7C,
    0x00, 0x00, 0x6B, 0x7C, 0x08, 0x2A, 0x6B, 0x7C, 0x08, 0x2A, 0x6B, 0x7C, 0x08, 0x2A, 0x6B, 0x7C,
    0x08, 0x2A, 0x6B, 0x7C, 0x08, 0x2A, 0x6B, 0x7C, 0x00, 0x2B, 0x6B, 0x7C, 0x00, 0x0D, 0x6B, 0x7C,
    0x00, 0x0C, 0x6B, 0x7C, 0x00, 0x0D, 0x6B, 0x7C, 0x00, 0x0C, 0x63, 0x1A, 0x42, 0x33, 0x6B, 0x97,
    0x52, 0x93, 0x6B, 0x5C, 0x08, 0x2A, 0x6B, 0x7C, 0x00, 0x2B, 0x73, 0x9B, 0x8C, 0x99, 0xAD, 0x7D,
    0x18, 0xAD, 0x63, 0x3B, 0x21, 0x10, 0x52, 0xB8, 0x42, 0x11, 0xA5, 0x1D, 0x9C, 0xFB, 0x73, 0xBA,
    0x00, 0x2B, 0x63, 0x1A, 0x18, 0xCE, 0x39, 0xD4, 0xA5, 0x1B, 0x9C, 0xFC, 0x4A, 0x72, 0x6B, 0x7B,
    0x00, 0x0B, 0x6B, 0x5C, 0x10, 0xAE, 0x39, 0xF5, 0x29, 0x52, 0xAD, 0x5D, 0x8C, 0x59, 0x73, 0xBA,
    0x08, 0x2A, 0x6B, 0x5C, 0x10, 0xAD, 0x39, 0xF5, 0x29, 0x52, 0xAD, 0x5D, 0x8C, 0x59, 0x73, 0xBA,
    0x08, 0x2B, 0x6B, 0x7C, 0x00, 0x0C, 0x6B, 0x7C, 0x00, 0x2B, 0x6B, 0x7C, 0x00, 0x2B, 0x5A, 0xB7,
    0x6B, 0x56, 0x73, 0xB7, 0x21, 0x0D, 0x6B, 0x7C, 0x08, 0x2A, 0x6B, 0x7C, 0x08, 0x2A, 0x6B, 0x7C,
    0x08, 0x2A, 0x6B, 0x7C, 0x08, 0x4C, 0x4A, 0x77, 0x29, 0x51, 0xAD, 0x7D, 0x8C, 0x79, 0x7B, 0xDA,
    0x10, 0x6E, 0x5A, 0xF8, 0x52, 0x94, 0x7B, 0xF8, 0xBE, 0x1C, 0xA5, 0x3B, 0x84, 0x38, 0x73, 0xB8,
    0x4A, 0x73, 0x84, 0x18, 0xA5, 0x19, 0x9C, 0xDA, 0x7B, 0xF8, 0x84, 0x1B, 0x08, 0x2C, 0x6B, 0x7C,
    0x00, 0x0C, 0x6B, 0x7C, 0x00, 0x2B, 0x6B, 0x7C, 0x08, 0x2A, 0x6B, 0x7C, 0x08, 0x6C, 0x4A, 0x56,
    0x29, 0x51, 0xAD, 0x7D, 0x8C, 0x79, 0x7B, 0xDA, 0x10, 0x6B, 0x6B, 0x7C, 0x08, 0x2C, 0x39, 0xF4,
    0x10, 0x8E, 0x84, 0x1C, 0x84, 0x39, 0xA5, 0x3C, 0x42, 0x11, 0x6B, 0x7C, 0x08, 0x2A, 0x6B, 0x7C,
    0x08, 0x2A, 0x6B, 0x7C, 0x00, 0x2D, 0x52, 0x96, 0x63, 0x16, 0x5A, 0xF6, 0x10, 0x8D, 0x6B, 0x5B,
    0x10, 0x6D, 0x6B, 0x7C, 0x18, 0xCD, 0x94, 0xBB, 0x84, 0x38, 0x7B, 0xDC, 0x08, 0x2A, 0x6B, 0x98,
    0x6B, 0x75, 0x6B, 0x5B, 0x08, 0x2A, 0x52, 0x78, 0x00, 0x2E, 0x31, 0xD3, 0x84, 0x77, 0x73, 0x9A,
    0x63, 0x16, 0x9C, 0xDC, 0x39, 0xD2, 0x5A, 0xD5, 0x39, 0xD1, 0x84, 0x1A, 0x9C, 0xD9, 0xA5, 0x3B,
    0x7B, 0xF7, 0x6B, 0x7B, 0x18, 0xAE, 0x63, 0x16, 0x73, 0x96, 0xA5, 0x19, 0x8C, 0x58, 0x8C, 0x7A,
    0x52, 0xB3, 0x6B, 0x5C, 0x00, 0x0F, 0x6B, 0x7C, 0x00, 0x0C, 0x6B, 0x7C, 0x00, 0x0C, 0x5A, 0xD8,
    0x4A, 0x73, 0x84, 0x18, 0xA5, 0x19, 0x9C, 0xDA, 0x7B, 0xF7, 0x84, 0x1B, 0x08, 0x2B, 0x6B, 0x7C,
    0x08, 0x6B, 0x4A, 0x56, 0x29, 0x51, 0xAD, 0x7D, 0x8C, 0x79, 0x7B, 0xDA, 0x10, 0x6D, 0x6B, 0x7C,
    0x00, 0x0D, 0x6B, 0x7C, 0x08, 0x2A, 0x6B, 0x7C, 0x08, 0x2A, 0x6B, 0x7C, 0x08, 0x2A, 0x5A, 0xFA,
    0x18, 0xF0, 0x39, 0xD4, 0x8C, 0x7A, 0x9C, 0xFC, 0x5A, 0xD4, 0x6B, 0x5B, 0x00, 0x0C, 0x63, 0x1A,
    0x4A, 0x73, 0x63, 0x17, 0x5A, 0xD3, 0xA5, 0x5B, 0x9C, 0xF9, 0x9C, 0xFC, 0x20, 0xED, 0x6B, 0x7C,
    0x08, 0x2A, 0x52, 0xB8, 0x21, 0x0F, 0x31, 0xB3, 0x9D, 0x1B, 0x9C, 0xFC, 0x42, 0x12, 0x6B, 0x5C,
    0x00, 0x0D, 0x63, 0x3B, 0x21, 0x10, 0x52, 0x97, 0x18, 0xF0, 0xA5, 0x3D, 0x9C, 0xDB, 0x8C, 0x5B,
    0x31, 0x90, 0x6B, 0x7C, 0x00, 0x0C, 0x52, 0x78, 0x00, 0x2E, 0x31, 0xD3, 0x84, 0x78, 0x73, 0x9A,
    0x63, 0x17, 0x9C, 0xDC, 0x39, 0xD2, 0x63, 0x1A, 0x18, 0xCF, 0x39, 0xD4, 0xA5, 0x1B, 0x9C, 0xFC,
    0x4A, 0x72, 0x6B, 0x7B, 0x00, 0x2B, 0x6B, 0x7C, 0x00, 0x2B, 0x6B, 0x7C, 0x08, 0x2A, 0x6B, 0x7C,
    0x08, 0x2A, 0x6B, 0x7C, 0x00, 0x0B, 0x6B, 0x7C, 0x00, 0x0C, 0x6B, 0x7C, 0x00, 0x0D, 0x6B, 0x7C,
    0x08, 0x2A, 0x6B, 0x7C, 0x08, 0x2A, 0x6B, 0x7C, 0x08, 0x33, 0x6B, 0x7C, 0x08, 0x3A, 0x6B, 0x7C,
    0x08, 0x38, 0x6B, 0x7C, 0x08, 0x31, 0x6B, 0x7C, 0x08, 0x0F, 0x6B, 0x7C, 0x00, 0x07, 0x6B, 0x7C,
    0x00, 0x00, 0x6B, 0x7C, 0x00, 0x00, 0x6B, 0x7C, 0x08, 0x2A, 0x6B, 0x7C, 0x08, 0x2A, 0x73, 0x9D,
    0x08, 0x2A, 0x73, 0x9D, 0x08, 0x2A, 0xA5, 0x1F, 0x00, 0x2B, 0x00, 0x00, 0x00, 0x0D, 0x00, 0x00,
    0xF7, 0x7F, 0x00, 0x0B, 0x9C, 0xDF, 0x00, 0x2B, 0x00, 0x00, 0x00, 0x0C, 0x73, 0x7C, 0x00, 0x0D,
    0x73, 0x7C, 0x08, 0x31, 0x6B, 0x7C, 0x08, 0x34, 0x6B, 0x7C, 0x08, 0x37, 0x6B, 0x7C, 0x08, 0x32,
    0x6B, 0x7C, 0x08, 0x2D, 0x6B, 0x7C, 0x00, 0x0A, 0x6B, 0x7C, 0x00, 0x00, 0x6B, 0x7C, 0x00, 0x00,
    0x6B, 0x7C, 0x00, 0x0C, 0x6B, 0x7C, 0x08, 0x2A, 0x6B, 0x7C, 0x08, 0x2A, 0x6B, 0x7C, 0x08, 0x2A,
    0x6B, 0x7C, 0x08, 0x2A, 0x6B, 0x7C, 0x08, 0x2A, 0x6B, 0x7C, 0x08, 0x2A, 0x6B, 0x7C, 0x00, 0x0C,
    0x6B, 0x7C, 0x00, 0x0D, 0x6B, 0x7C, 0x00, 0x0D, 0x6B, 0x7C, 0x08, 0x4C, 0x63, 0x16, 0x84, 0x58,
    0x8C, 0x59, 0x39, 0xF1, 0x7B, 0xD9, 0x4A, 0x51, 0x7B, 0xDA, 0x7B, 0xF7, 0xBD, 0xFD, 0x6B, 0x76,
    0x6B, 0x5B, 0x08, 0x4B, 0x52, 0xB5, 0x5A, 0xF4, 0xBD, 0xDC, 0x73, 0xB6, 0x84, 0x1B, 0x21, 0x0E,
    0x63, 0x1A, 0x29, 0x51, 0x5A, 0xF6, 0x39, 0xD1, 0x73, 0xBB, 0x6B, 0x75, 0xA5, 0x1B, 0x52, 0x93,
    0x6B, 0x5B, 0x10, 0x8D, 0x4A, 0x54, 0x52, 0x94, 0x6B, 0x7A, 0x31, 0x71, 0x9C, 0xFB, 0x7B, 0xF8,
    0x6B, 0x7B, 0x10, 0x8C, 0x4A, 0x54, 0x52, 0x94, 0x6B, 0x7A, 0x31, 0x70, 0x9C, 0xFB, 0x7B, 0xF8,
    0x6B, 0x7B, 0x00, 0x2B, 0x6B, 0x7C, 0x00, 0x2B, 0x6B, 0x7C, 0x00, 0x0C, 0x6B, 0x5C, 0x29, 0x50,
    0x7B, 0xF7, 0x8C, 0x98, 0x73, 0xBB, 0x08, 0x2A, 0x6B, 0x7C, 0x08, 0x2A, 0x6B, 0x7C, 0x08, 0x2A,
    0x6B, 0x7C, 0x08, 0x4A, 0x52, 0x96, 0x52, 0xB4, 0x6B, 0x79, 0x29, 0x4F, 0x94, 0x9B, 0x9C, 0xFB,
    0x84, 0x1B, 0x10, 0x8E, 0x63, 0x39, 0x41, 0xF1, 0xBD, 0xFC, 0x39, 0xD1, 0x63, 0x39, 0x21, 0x0E,
    0x63, 0x19, 0x39, 0xD0, 0xB5, 0xBB, 0x42, 0x11, 0x6B, 0x7A, 0x18, 0xCE, 0x6B, 0x5C, 0x08, 0x2A,
    0x6B, 0x7C, 0x00, 0x0C, 0x6B, 0x7C, 0x00, 0x2B, 0x6B, 0x7C, 0x08, 0x4B, 0x4A, 0x76, 0x5A, 0xD5,
    0x73, 0x99, 0x29, 0x6F, 0x94, 0xBB, 0x9C, 0xDA, 0x84, 0x1A, 0x08, 0x4C, 0x62, 0xFA, 0x42, 0x33,
    0x73, 0xB8, 0xB5, 0x9A, 0x94, 0xBB, 0x4A, 0x53, 0x6B, 0x3A, 0x08, 0x2A, 0x6B, 0x7C, 0x08, 0x2A,
    0x6B, 0x7C, 0x00, 0x2B, 0x6B, 0x5B, 0x39, 0xD2, 0x73, 0xB7, 0x7B, 0xF7, 0x8C, 0x59, 0x6B, 0x55,
    0x8C, 0x79, 0x94, 0x98, 0x9C, 0xFB, 0xA5, 0x3B, 0x8C, 0x7B, 0x08, 0x2C, 0x6B, 0x5B, 0x5A, 0xF3,
    0x94, 0x99, 0x10, 0x6B, 0x63, 0x1A, 0x21, 0x30, 0x31, 0xB3, 0x18, 0xCE, 0x8C, 0x5B, 0xAD, 0x5C,
    0x84, 0x1A, 0x29, 0x2E, 0x5A, 0xB8, 0x5A, 0xD4, 0x8C, 0x99, 0x8C, 0x58, 0x73, 0x99, 0x42, 0x12,
    0xA5, 0x5B, 0x73, 0xB6, 0x63, 0x3A, 0x20, 0xEE, 0x6B, 0x79, 0xAD, 0x7A, 0x7B, 0xFA, 0x29, 0x2E,
    0x73, 0x9B, 0x00, 0x2B, 0x6B, 0x7C, 0x00, 0x0C, 0x6B, 0x7C, 0x08, 0x2A, 0x6B, 0x7C, 0x08, 0x4D,
    0x63, 0x39, 0x39, 0xD0, 0xB5, 0xBB, 0x42, 0x11, 0x6B, 0x7A, 0x18, 0xCF, 0x6B, 0x5C, 0x08, 0x4C,
    0x4A, 0x76, 0x5A, 0xD5, 0x73, 0x99, 0x29, 0x6F, 0x94, 0xBB, 0x9C, 0xDA, 0x84, 0x1A, 0x08, 0x4D,
    0x6B, 0x7C, 0x00, 0x0D, 0x6B, 0x7C, 0x08, 0x2A, 0x6B, 0x7C, 0x08, 0x2A, 0x63, 0x3B, 0x31, 0x91,
    0x5A, 0xF5, 0x42, 0x32, 0x73, 0xBB, 0x6B, 0x96, 0x9C, 0xDA, 0x4A, 0x73, 0x63, 0x3B, 0x08, 0x6C,
    0x6B, 0x56, 0x8C, 0x58, 0x9D, 0x1B, 0x39, 0xD1, 0x73, 0xBA, 0x9C, 0xFA, 0x8C, 0x7A, 0x08, 0x4B,
    0x5A, 0xFA, 0x31, 0xB1, 0x5A, 0xF6, 0x31, 0x6F, 0x7B, 0xBB, 0x84, 0x37, 0x94, 0xBA, 0x21, 0x2E,
    0x6B, 0x5C, 0x08, 0x4D, 0x4A, 0x55, 0x52, 0xD5, 0x73, 0xB8, 0x31, 0x90, 0x84, 0x1B, 0x7B, 0xF8,
    0x94, 0x9B, 0x10, 0x6D, 0x63, 0x1A, 0x21, 0x30, 0x31, 0xB3, 0x18, 0xCE, 0x8C, 0x5B, 0xAD, 0x5C,
    0x84, 0x1A, 0x29, 0x30, 0x52, 0xB8, 0x29, 0x50, 0x5A, 0xF6, 0x39, 0xD1, 0x73, 0xBB, 0x6B, 0x75,
    0xA5, 0x1B, 0x52, 0x93, 0x6B, 0x5B, 0x00, 0x0D, 0x6B, 0x7C, 0x00, 0x2B, 0x6B, 0x7C, 0x08, 0x2A,
    0x6B, 0x7C, 0x00, 0x0B, 0x6B, 0x7C, 0x00, 0x2B, 0x6B, 0x7C, 0x00, 0x0C, 0x6B, 0x7C, 0x00, 0x0D,
    0x6B, 0x7C, 0x08, 0x2A, 0x6B, 0x7C, 0x08, 0x31, 0x6B, 0x7C, 0x08, 0x34, 0x6B, 0x7C, 0x08, 0x37,
    0x6B, 0x7C, 0x08, 0x32, 0x6B, 0x7C, 0x08, 0x2D, 0x6B, 0x7C, 0x00, 0x0A, 0x6B, 0x7C, 0x00, 0x00,
    0x6B, 0x7C, 0x00, 0x00, 0x6B, 0x7C, 0x08, 0x2A, 0x6B, 0x7C, 0x08, 0x2A, 0x6B, 0x7C, 0x08, 0x2A,
    0x73, 0x7C, 0x08, 0x2A, 0x73, 0x7C, 0x08, 0x2A, 0x5A, 0xF8, 0x08, 0x2A, 0x00, 0x00, 0x00, 0x0C,
    0x00, 0x2B, 0xA5, 0x3F, 0x00, 0x0C, 0x7B, 0xFF, 0x08, 0x2A, 0x6B, 0x7C, 0x00, 0x0D, 0x6B, 0x7C,
    0x00, 0x0D, 0x6B, 0x7C, 0x08, 0x32, 0x6B, 0x5C, 0x08, 0x33, 0x6B, 0x5C, 0x08, 0x31, 0x6B, 0x5C,
    0x00, 0x0E, 0x6B, 0x5C, 0x00, 0x0A, 0x6B, 0x5C, 0x00, 0x04, 0x6B, 0x5C, 0x00, 0x00, 0x6B, 0x5C,
    0x00, 0x00, 0x6B, 0x5C, 0x00, 0x0C, 0x6B, 0x5C, 0x00, 0x0B, 0x6B, 0x5C, 0x00, 0x2B, 0x6B, 0x5C,
    0x08, 0x2A, 0x6B, 0x5C, 0x08, 0x2A, 0x6B, 0x5C, 0x08, 0x2A, 0x6B, 0x5C, 0x00, 0x2B, 0x6B, 0x5C,
    0x00, 0x0C, 0x6B, 0x5C, 0x00, 0x0D, 0x6B, 0x5C, 0x00, 0x0D, 0x6B, 0x3B, 0x63, 0x55, 0x9C, 0xD9,
    0x8C, 0x78, 0x94, 0xDB, 0x5A, 0xF4, 0x63, 0x16, 0x73, 0x95, 0x94, 0xBB, 0x6B, 0x55, 0x6B, 0x5A,
    0x08, 0x2A, 0x5A, 0xF9, 0x5A, 0xD4, 0x8C, 0x99, 0x4A, 0x52, 0x6B, 0x5B, 0x00, 0x2B, 0x6B, 0x5B,
    0x18, 0xCF, 0x5A, 0xF5, 0x52, 0x94, 0x63, 0x18, 0x4A, 0x51, 0x84, 0x3A, 0xBD, 0xFD, 0xA5, 0x3C,
    0x10, 0x8D, 0x52, 0xB8, 0x52, 0xB4, 0x6B, 0x57, 0x21, 0x10, 0x6B, 0x3A, 0x18, 0xAF, 0x73, 0x7A,
    0x10, 0x6D, 0x52, 0xB8, 0x52, 0xB4, 0x6B, 0x57, 0x21, 0x0E, 0x6B, 0x3A, 0x18, 0xAE, 0x73, 0x7A,
    0x10, 0x6F, 0x6B, 0x5C, 0x08, 0x2A, 0x6B, 0x5C, 0x00, 0x2B, 0x6B, 0x5C, 0x00, 0x0E, 0x6B, 0x79,
    0x94, 0xB9, 0xA5, 0x1A, 0x29, 0x2E, 0x6B, 0x5C, 0x00, 0x2B, 0x6B, 0x5C, 0x08, 0x2A, 0x6B, 0x5C,
    0x08, 0x2A, 0x52, 0x97, 0x52, 0xB4, 0x6B, 0x57, 0x39, 0xD0, 0x7B, 0xFA, 0x6B, 0x55, 0xBD, 0xFD,
    0x94, 0xDA, 0x6B, 0x5B, 0x00, 0x0D, 0x73, 0xBB, 0xB5, 0x9A, 0x7B, 0xDB, 0x00, 0x0D, 0x6B, 0x5B,
    0x08, 0x2A, 0x73, 0xBB, 0xB5, 0x9A, 0x6B, 0x59, 0x00, 0x0C, 0x6B, 0x5C, 0x08, 0x2A, 0x6B, 0x5C,
    0x08, 0x2A, 0x6B, 0x5C, 0x00, 0x0C, 0x6B, 0x5C, 0x00, 0x2B, 0x52, 0x97, 0x52, 0xB4, 0x6B, 0x57,
    0x08, 0x4F, 0x6B, 0x5C, 0x10, 0x8C, 0x94, 0xBB, 0xA5, 0x3B, 0x6B, 0x5A, 0x08, 0x6D, 0x63, 0x36,
    0x8C, 0x78, 0x73, 0xB9, 0x08, 0x6E, 0x6B, 0x5B, 0x00, 0x0D, 0x6B, 0x5C, 0x00, 0x0C, 0x6B, 0x5C,
    0x08, 0x2A, 0x6B, 0x5C, 0x08, 0x2B, 0x6B, 0x58, 0x84, 0x58, 0x8C, 0x59, 0x29, 0x51, 0x73, 0xBB,
    0x29, 0x2E, 0x6B, 0x57, 0xB5, 0xDC, 0x84, 0x1B, 0x08, 0x4E, 0x6B, 0x5C, 0x08, 0x2C, 0x94, 0x9A,
    0x9C, 0xD8, 0x6B, 0x7B, 0x10, 0x8D, 0x42, 0x34, 0x39, 0xF1, 0x63, 0x1A, 0x18, 0xAC, 0x9C, 0xDA,
    0x84, 0x38, 0x6B, 0x5B, 0x08, 0x6C, 0x84, 0x18, 0x84, 0x17, 0x73, 0x9B, 0x00, 0x0D, 0x63, 0x3B,
    0x42, 0x32, 0x9C, 0xFB, 0x10, 0x6D, 0x6B, 0x5C, 0x29, 0x30, 0xBD, 0xFC, 0x29, 0x2E, 0x6B, 0x5B,
    0x08, 0x2A, 0x6B, 0x5C, 0x00, 0x0C, 0x6B, 0x5C, 0x08, 0x2A, 0x6B, 0x5C, 0x08, 0x2A, 0x6B, 0x5C,
    0x00, 0x0C, 0x73, 0xBB, 0xB5, 0x9A, 0x6B, 0x59, 0x00, 0x0D, 0x6B, 0x5C, 0x00, 0x0E, 0x52, 0x97,
    0x52, 0xB4, 0x6B, 0x57, 0x08, 0x4B, 0x6B, 0x5C, 0x10, 0x6D, 0x94, 0xBB, 0xA5, 0x3B, 0x6B, 0x5A,
    0x00, 0x0D, 0x6B, 0x5C, 0x00, 0x0D, 0x6B, 0x5C, 0x00, 0x0C, 0x6B, 0x5C, 0x18, 0xCD, 0x5A, 0xF5,
    0x52, 0x93, 0x63, 0x1A, 0x00, 0x0C, 0x6B, 0x3A, 0x42, 0x33, 0x7B, 0xDB, 0x08, 0x4B, 0x6B, 0x5B,
    0x73, 0x96, 0x94, 0xBA, 0x18, 0xF0, 0x6B, 0x5C, 0x08, 0x2C, 0x63, 0x16, 0x94, 0x98, 0x6B, 0x5B,
    0x08, 0x4C, 0x5A, 0xD8, 0x18, 0xCD, 0x62, 0xF9, 0x39, 0xF0, 0x84, 0x3A, 0xB5, 0xBC, 0x84, 0x1B,
    0x00, 0x2B, 0x5A, 0xF9, 0x4A, 0x53, 0x6B, 0x77, 0x18, 0xCF, 0x6B, 0x5C, 0x00, 0x2D, 0x84, 0x1A,
    0x94, 0xB9, 0x63, 0x3A, 0x10, 0x8F, 0x42, 0x34, 0x39, 0xF1, 0x63, 0x1A, 0x18, 0xAB, 0x9C, 0xDA,
    0x84, 0x38, 0x6B, 0x5B, 0x18, 0xCD, 0x5A, 0xF5, 0x52, 0x93, 0x63, 0x18, 0x4A, 0x52, 0x84, 0x3A,
    0xBD, 0xFD, 0xA5, 0x3C, 0x10, 0x8E, 0x6B, 0x5C, 0x00, 0x0E, 0x6B, 0x5C, 0x00, 0x2B, 0x6B, 0x5C,
    0x00, 0x2B, 0x6B, 0x5C, 0x00, 0x0C, 0x6B, 0x5C, 0x08, 0x2A, 0x6B, 0x5C, 0x00, 0x0D, 0x6B, 0x5C,
    0x00, 0x0D, 0x6B, 0x5C, 0x00, 0x0C, 0x6B, 0x5C, 0x08, 0x32, 0x6B, 0x5C, 0x08, 0x33, 0x6B, 0x5C,
    0x08, 0x31, 0x6B, 0x5C, 0x00, 0x0E, 0x6B, 0x5C, 0x00, 0x0A, 0x6B, 0x5C, 0x00, 0x04, 0x6B, 0x5C,
    0x00, 0x00, 0x6B, 0x5C, 0x00, 0x00, 0x6B, 0x5C, 0x00, 0x0B, 0x6B, 0x5C, 0x00, 0x2B, 0x6B, 0x7C,
    0x08, 0x2A, 0x6B, 0x7C, 0x08, 0x2A, 0x9C, 0xFF, 0x08, 0x2A, 0x00, 0x00, 0x00, 0x2B, 0x00, 0x00,
    0xEF, 0x5F, 0x00, 0x0C, 0x9C, 0xDF, 0x00, 0x2B, 0x00, 0x00, 0x00, 0x2A, 0x6B, 0x7C, 0x00, 0x0D,
    0x6B, 0x7C, 0x08, 0x37, 0x6B, 0x5C, 0x08, 0x32, 0x6B, 0x5C, 0x08, 0x30, 0x6B, 0x5C, 0x00, 0x0D,
    0x6B, 0x5C, 0x00, 0x0D, 0x6B, 0x5C, 0x00, 0x08, 0x6B, 0x5C, 0x00, 0x00, 0x6B, 0x5C, 0x00, 0x00,
    0x6B, 0x5C, 0x00, 0x00, 0x6B, 0x5C, 0x00, 0x0C, 0x6B, 0x5C, 0x00, 0x0D, 0x6B, 0x5C, 0x00, 0x0C,
    0x6B, 0x5C, 0x00, 0x2B, 0x6B, 0x5C, 0x08, 0x2A, 0x6B, 0x5C, 0x08, 0x2A, 0x6B, 0x5C, 0x08, 0x2A,
    0x6B, 0x5C, 0x00, 0x0C, 0x6B, 0x5C, 0x00, 0x0D, 0x6B, 0x5C, 0x08, 0x4D, 0x84, 0x39, 0xA5, 0x3A,
    0x8C, 0x9A, 0x08, 0x2C, 0x63, 0x1A, 0x08, 0x2B, 0x63, 0x3B, 0x08, 0x2B, 0x63, 0x1B, 0x00, 0x0D,
    0x6B, 0x5C, 0x10, 0x6B, 0x73, 0x97, 0x5A, 0xD3, 0x6B, 0x5B, 0x00, 0x2B, 0x6B, 0x5C, 0x08, 0x2B,
    0x5A, 0xD7, 0x73, 0xB7, 0x73, 0x97, 0x6B, 0x75, 0x94, 0xBA, 0x73, 0x95, 0x9C, 0xFC, 0x63, 0x15,
    0x6B, 0x5A, 0x08, 0x4C, 0x63, 0x17, 0x63, 0x35, 0x9C, 0xFA, 0x8C, 0x78, 0x94, 0x9A, 0x42, 0x13,
    0x6B, 0x3B, 0x08, 0x2E, 0x63, 0x17, 0x63, 0x35, 0x9C, 0xFA, 0x8C, 0x77, 0x94, 0x9A, 0x42, 0x13,
    0x6B, 0x3B, 0x00, 0x0D, 0x6B, 0x5C, 0x08, 0x2A, 0x6B, 0x5C, 0x00, 0x0C, 0x6B, 0x5B, 0x39, 0xD2,
    0xA5, 0x1A, 0xA5, 0x5A, 0x73, 0xBB, 0x00, 0x0D, 0x6B, 0x5C, 0x00, 0x0C, 0x6B, 0x5C, 0x00, 0x2B,
    0x6B, 0x5B, 0x29, 0x4F, 0x73, 0xB7, 0x63, 0x14, 0x8C, 0x7A, 0x73, 0xB5, 0x8C, 0x9A, 0x7B, 0xD6,
    0x84, 0x3A, 0x18, 0xCF, 0x6B, 0x5C, 0x29, 0x2F, 0xBD, 0xFC, 0x29, 0x50, 0x6B, 0x5C, 0x00, 0x0C,
    0x6B, 0x5C, 0x29, 0x4E, 0xBD, 0xFC, 0x29, 0x4E, 0x6B, 0x5C, 0x00, 0x0D, 0x6B, 0x5C, 0x08, 0x2A,
    0x6B, 0x5C, 0x08, 0x2A, 0x6B, 0x5C, 0x00, 0x2B, 0x6B, 0x5B, 0x29, 0x4F, 0x73, 0x96, 0x39, 0xD2,
    0x6B, 0x5B, 0x00, 0x0E, 0x6B, 0x3B, 0x5A, 0xD3, 0xAD, 0x7B, 0x42, 0x12, 0x63, 0x1A, 0x63, 0x35,
    0x7B, 0xD8, 0x08, 0x2B, 0x6B, 0x5C, 0x00, 0x0D, 0x6B, 0x5C, 0x00, 0x0E, 0x6B, 0x5C, 0x00, 0x0D,
    0x6B, 0x5C, 0x00, 0x2B, 0x6B, 0x5B, 0x52, 0x93, 0x94, 0xB9, 0x84, 0x17, 0x6B, 0x5B, 0x00, 0x0D,
    0x6B, 0x5B, 0x29, 0x2D, 0xAD, 0x7B, 0x73, 0xB6, 0x63, 0x1A, 0x00, 0x0E, 0x6B, 0x5B, 0x73, 0xB6,
    0xB5, 0xBC, 0x10, 0x6E, 0x63, 0x3A, 0x42, 0x33, 0x6B, 0x56, 0x4A, 0x52, 0x84, 0x3A, 0xAD, 0x7B,
    0x94, 0xBC, 0x08, 0x2A, 0x6B, 0x5B, 0x7C, 0x17, 0x84, 0x1A, 0x00, 0x0C, 0x6B, 0x5C, 0x00, 0x0D,
    0x7B, 0xFA, 0x8C, 0x78, 0x6B, 0x5B, 0x00, 0x0D, 0x73, 0xBB, 0xB5, 0x9A, 0x7B, 0xBB, 0x08, 0x2A,
    0x6B, 0x5C, 0x00, 0x2A, 0x6B, 0x5C, 0x00, 0x0D, 0x6B, 0x5C, 0x08, 0x2A, 0x6B, 0x5C, 0x08, 0x2A,
    0x6B, 0x5C, 0x29, 0x4E, 0xBD, 0xFC, 0x29, 0x4E, 0x6B, 0x5C, 0x00, 0x0D, 0x6B, 0x5B, 0x29, 0x51,
    0x73, 0x96, 0x39, 0xF1, 0x6B, 0x5B, 0x00, 0x0C, 0x6B, 0x3B, 0x5A, 0xD3, 0xAD, 0x7B, 0x42, 0x11,
    0x6B, 0x5B, 0x00, 0x0D, 0x6B, 0x5C, 0x00, 0x0E, 0x6B, 0x5C, 0x00, 0x0D, 0x5A, 0xD7, 0x73, 0x96,
    0x6B, 0x58, 0x08, 0x2A, 0x6B, 0x5C, 0x00, 0x0D, 0x6B, 0x5B, 0x00, 0x2D, 0x6B, 0x5B, 0x10, 0x6B,
    0x8C, 0x99, 0x4A, 0x72, 0x6B, 0x5B, 0x00, 0x0E, 0x6B, 0x5B, 0x4A, 0x52, 0x9C, 0xFA, 0x10, 0x6E,
    0x63, 0x3B, 0x29, 0x50, 0x6B, 0x77, 0x8C, 0x77, 0xA5, 0x3B, 0x7B, 0xD6, 0xBD, 0xFD, 0x4A, 0x31,
    0x6B, 0x5B, 0x10, 0x6B, 0x63, 0x36, 0x39, 0xD1, 0x6B, 0x5B, 0x00, 0x0D, 0x6B, 0x5B, 0x4A, 0x73,
    0x94, 0xBA, 0x10, 0x6E, 0x63, 0x3A, 0x42, 0x33, 0x6B, 0x56, 0x4A, 0x51, 0x84, 0x3A, 0xAD, 0x7B,
    0x94, 0xBC, 0x08, 0x2D, 0x5A, 0xD7, 0x73, 0xB7, 0x73, 0x97, 0x6B, 0x74, 0x94, 0xBA, 0x73, 0x95,
    0x9C, 0xFC, 0x63, 0x34, 0x6B, 0x5A, 0x00, 0x0D, 0x6B, 0x5C, 0x00, 0x0E, 0x6B, 0x5C, 0x00, 0x2B,
    0x6B, 0x5C, 0x00, 0x0C, 0x6B, 0x5C, 0x00, 0x2B, 0x6B, 0x5C, 0x00, 0x2A, 0x6B, 0x5C, 0x00, 0x0D,
    0x6B, 0x5C, 0x00, 0x0E, 0x6B, 0x5C, 0x08, 0x37, 0x6B, 0x5C, 0x08, 0x32, 0x6B, 0x5C, 0x08, 0x30,
    0x6B, 0x5C, 0x00, 0x0D, 0x6B, 0x5C, 0x00, 0x0D, 0x6B, 0x5C, 0x00, 0x08, 0x6B, 0x5C, 0x00, 0x00,
    0x6B, 0x5C, 0x00, 0x00, 0x6B, 0x5C, 0x00, 0x00, 0x6B, 0x5C, 0x00, 0x0D, 0x6B, 0x5C, 0x00, 0x0C,
    0x6B, 0x7C, 0x00, 0x2B, 0x6B, 0x7C, 0x08, 0x2A, 0x5A, 0xD8, 0x08, 0x2A, 0x00, 0x00, 0x08, 0x2A,
    0x00, 0x2B, 0xA5, 0x1F, 0x00, 0x0C, 0x7B, 0xDF, 0x08, 0x2A, 0x6B, 0x7C, 0x08, 0x2A, 0x6B, 0x7C,
    0x00, 0x13, 0x6B, 0x7C, 0x00, 0x34, 0x6B, 0x5B, 0x08, 0x31, 0x6B, 0x5B, 0x08, 0x2C, 0x6B, 0x5B,
    0x00, 0x0E, 0x6B, 0x5B, 0x00, 0x0B, 0x6B, 0x5B, 0x00, 0x02, 0x6B, 0x5B, 0x00, 0x00, 0x6B, 0x5B,
    0x00, 0x00, 0x6B, 0x5B, 0x00, 0x0D, 0x6B, 0x5B, 0x00, 0x0C, 0x6B, 0x5B, 0x00, 0x0D, 0x6B, 0x5B,
    0x00, 0x0D, 0x6B, 0x5B, 0x00, 0x2B, 0x6B, 0x5B, 0x08, 0x2A, 0x6B, 0x5B, 0x08, 0x2A, 0x6B, 0x5B,
    0x00, 0x2B, 0x6B, 0x5B, 0x00, 0x0D, 0x6B, 0x5B, 0x00, 0x0C, 0x6B, 0x5B, 0x7B, 0xF7, 0xAD, 0x7A,
    0x6B, 0x75, 0x63, 0x3B, 0x08, 0x2A, 0x6B, 0x5B, 0x08, 0x2A, 0x6B, 0x5B, 0x00, 0x0D, 0x6B, 0x5B,
    0x00, 0x0D, 0x63, 0x1A, 0x6B, 0x75, 0x84, 0x1A, 0x08, 0x2A, 0x6B, 0x5B, 0x00, 0x2B, 0x6B, 0x5B,
    0x29, 0x4F, 0x7B, 0xF7, 0x5A, 0xD3, 0x63, 0x3B, 0x08, 0x2C, 0x5A, 0xF9, 0x39, 0xB0, 0x73, 0x99,
    0x10, 0x8D, 0x63, 0x1A, 0x20, 0xED, 0x6B, 0x5A, 0x20, 0xED, 0x6B, 0x58, 0x84, 0x17, 0xB5, 0xBC,
    0x39, 0xF3, 0x63, 0x1A, 0x18, 0xF0, 0x6B, 0x5A, 0x20, 0xEE, 0x6B, 0x58, 0x84, 0x17, 0xB5, 0xBC,
    0x39, 0xF2, 0x6B, 0x5B, 0x00, 0x0B, 0x6B, 0x5B, 0x08, 0x2A, 0x6B, 0x5B, 0x00, 0x0D, 0x73, 0xBA,
    0xAD, 0x5A, 0xAD, 0x9B, 0x29, 0x2F, 0x6B, 0x5B, 0x00, 0x0D, 0x6B, 0x5B, 0x00, 0x0D, 0x6B, 0x5B,
    0x00, 0x2B, 0x5A, 0xF8, 0x7B, 0xF7, 0x84, 0x1A, 0x08, 0x2A, 0x62, 0xFA, 0x08, 0x4C, 0x73, 0xBA,
    0x42, 0x12, 0x6B, 0x5B, 0x00, 0x0C, 0x73, 0xBB, 0xAD, 0x5A, 0x73, 0x9A, 0x00, 0x0D, 0x6B, 0x5B,
    0x08, 0x2A, 0x73, 0xBB, 0xB5, 0x9A, 0x73, 0xBB, 0x00, 0x0D, 0x6B, 0x5B, 0x00, 0x0D, 0x6B, 0x5B,
    0x08, 0x2A, 0x6B, 0x5B, 0x08, 0x2A, 0x6B, 0x5B, 0x00, 0x2B, 0x5A, 0xF8, 0x7B, 0xF7, 0x84, 0x1A,
    0x00, 0x0C, 0x6B, 0x5B, 0x08, 0x2C, 0x94, 0xBB, 0xA5, 0x3A, 0x7B, 0xBB, 0x10, 0x6D, 0x7B, 0xD7,
    0x4A, 0x51, 0x6B, 0x5B, 0x08, 0x2A, 0x6B, 0x5B, 0x00, 0x0C, 0x6B, 0x5B, 0x00, 0x0E, 0x6B, 0x5B,
    0x00, 0x0F, 0x6B, 0x5B, 0x00, 0x0B, 0x7B, 0xF9, 0x9D, 0x1A, 0x94, 0xBA, 0x10, 0x6F, 0x6B, 0x5B,
    0x00, 0x0B, 0x6B, 0x3B, 0x73, 0xB5, 0x9C, 0xDA, 0x29, 0x70, 0x6B, 0x3B, 0x00, 0x0D, 0x9C, 0xFB,
    0xA5, 0x19, 0x6B, 0x5B, 0x10, 0x8F, 0x63, 0x36, 0x73, 0xB6, 0x9D, 0x1B, 0x7B, 0xD6, 0x84, 0x19,
    0x20, 0xED, 0x6B, 0x5B, 0x10, 0x6B, 0x94, 0xBA, 0x4A, 0x31, 0x6B, 0x5B, 0x00, 0x0D, 0x6B, 0x5B,
    0x4A, 0x52, 0xA5, 0x3B, 0x10, 0x8D, 0x6B, 0x5B, 0x29, 0x30, 0xBD, 0xFC, 0x29, 0x4E, 0x6B, 0x5B,
    0x08, 0x2A, 0x6B, 0x5B, 0x00, 0x0D, 0x6B, 0x5B, 0x00, 0x0D, 0x6B, 0x5B, 0x08, 0x2A, 0x6B, 0x5B,
    0x08, 0x2A, 0x73, 0xBB, 0xB5, 0x9A, 0x73, 0xBB, 0x08, 0x2A, 0x6B, 0x5B, 0x00, 0x0C, 0x5A, 0xF8,
    0x7B, 0xF7, 0x84, 0x1A, 0x00, 0x2B, 0x6B, 0x5B, 0x08, 0x2C, 0x94, 0xBB, 0xA5, 0x3A, 0x7B, 0xBB,
    0x08, 0x2A, 0x6B, 0x5B, 0x00, 0x0C, 0x6B, 0x5B, 0x00, 0x0E, 0x6B, 0x5B, 0x29, 0x51, 0x7B, 0xF7,
    0x5A, 0xD3, 0x6B, 0x5B, 0x08, 0x2A, 0x63, 0x3B, 0x52, 0x94, 0x84, 0x1A, 0x18, 0xCE, 0x6B, 0x5B,
    0x84, 0x37, 0x7B, 0xFA, 0x00, 0x0D, 0x6B, 0x5B, 0x00, 0x0D, 0x7B, 0xFA, 0x94, 0xB9, 0x62, 0xF9,
    0x29, 0x51, 0x7C, 0x17, 0x6B, 0x55, 0x7B, 0xDB, 0x18, 0xAD, 0x62, 0xF9, 0x94, 0xB9, 0x73, 0xBA,
    0x08, 0x2A, 0x63, 0x1A, 0x63, 0x15, 0x7B, 0xDA, 0x00, 0x0D, 0x6B, 0x5B, 0x00, 0x0C, 0x84, 0x1A,
    0x84, 0x38, 0x6B, 0x5B, 0x10, 0x8F, 0x63, 0x36, 0x73, 0xB6, 0x9D, 0x1B, 0x7B, 0xD6, 0x84, 0x19,
    0x18, 0xEF, 0x6B, 0x3B, 0x29, 0x50, 0x7B, 0xF7, 0x5A, 0xD3, 0x63, 0x3B, 0x08, 0x2B, 0x5A, 0xF9,
    0x39, 0xB0, 0x73, 0x99, 0x10, 0x8C, 0x6B, 0x5B, 0x00, 0x0C, 0x6B, 0x5B, 0x00, 0x0B, 0x6B, 0x5B,
    0x00, 0x2B, 0x6B, 0x5B, 0x00, 0x0C, 0x6B, 0x5B, 0x08, 0x2A, 0x6B, 0x5B, 0x08, 0x2A, 0x6B, 0x5B,
    0x00, 0x0C, 0x6B, 0x5B, 0x00, 0x13, 0x6B, 0x5B, 0x00, 0x34, 0x6B, 0x5B, 0x08, 0x31, 0x6B, 0x5B,
    0x08, 0x2C, 0x6B, 0x5B, 0x00, 0x0E, 0x6B, 0x5B, 0x00, 0x0B, 0x6B, 0x5B, 0x00, 0x02, 0x6B, 0x5B,
    0x00, 0x00, 0x6B, 0x5B, 0x00, 0x00, 0x6B, 0x5B, 0x00, 0x0C, 0x6B, 0x5B, 0x00, 0x0D, 0x6B, 0x7C,
    0x00, 0x0D, 0x6B, 0x7C, 0x00, 0x2B, 0x9C, 0xDF, 0x08, 0x2A, 0x00, 0x00, 0x08, 0x2A, 0x00, 0x00,
    0xEF, 0x3F, 0x00, 0x2B, 0x94, 0xBF, 0x00, 0x0B, 0x00, 0x00, 0x08, 0x2A, 0x6B, 0x5C, 0x08, 0x2A,
    0x6B, 0x5C, 0x00, 0x0D, 0x6B, 0x5B, 0x00, 0x12, 0x6B, 0x5B, 0x08, 0x2D, 0x6B, 0x5B, 0x00, 0x0A,
    0x6B, 0x5B, 0x00, 0x0D, 0x6B, 0x5B, 0x00, 0x06, 0x6B, 0x5B, 0x00, 0x00, 0x6B, 0x5B, 0x00, 0x00,
    0x6B, 0x5B, 0x00, 0x0C, 0x6B, 0x5B, 0x00, 0x2B, 0x6B, 0x5B, 0x00, 0x2B, 0x6B, 0x5B, 0x00, 0x0C,
    0x6B, 0x5B, 0x00, 0x0B, 0x6B, 0x5B, 0x00, 0x2B, 0x6B, 0x5B, 0x08, 0x2A, 0x6B, 0x5B, 0x08, 0x2A,
    0x6B, 0x5B, 0x00, 0x0D, 0x6B, 0x5B, 0x00, 0x0D, 0x6B, 0x5B, 0x10, 0x6C, 0x7B, 0xF8, 0xAD, 0x9B,
    0x8C, 0x9A, 0x08, 0x2C, 0x6B, 0x5B, 0x08, 0x2A, 0x6B, 0x5B, 0x00, 0x2B, 0x6B, 0x5B, 0x00, 0x0F,
    0x6B, 0x5B, 0x08, 0x6D, 0x94, 0xB9, 0x4A, 0x71, 0x6B, 0x5B, 0x00, 0x0C, 0x6B, 0x5B, 0x00, 0x2A,
    0x6B, 0x3A, 0x7B, 0xF6, 0x9C, 0xFA, 0x39, 0xCF, 0x6B, 0x7B, 0x31, 0x8F, 0x73, 0x96, 0x8C, 0x78,
    0x6B, 0x5B, 0x21, 0x0F, 0x8C, 0x79, 0x63, 0x13, 0x6B, 0x5B, 0x10, 0x6B, 0x6B, 0x38, 0x84, 0x38,
    0x84, 0x3A, 0x21, 0x10, 0x8C, 0x79, 0x63, 0x15, 0x6B, 0x5B, 0x10, 0x6B, 0x6B, 0x38, 0x84, 0x38,
    0x8C, 0x5A, 0x00, 0x0D, 0x6B, 0x5B, 0x00, 0x2B, 0x6B, 0x5B, 0x08, 0x2A, 0x6B, 0x3B, 0x39, 0xD1,
    0xA5, 0x3A, 0xAD, 0x7A, 0x7B, 0xFA, 0x29, 0x4E, 0x63, 0x19, 0x21, 0x2F, 0x63, 0x18, 0x21, 0x2F,
    0x63, 0x19, 0x10, 0x8C, 0x8C, 0x59, 0x94, 0x98, 0x7B, 0xFB, 0x18, 0xAC, 0x6B, 0x38, 0x6B, 0x76,
    0x9C, 0xFB, 0x10, 0x8E, 0x6B, 0x5B, 0x29, 0x4E, 0xB5, 0x9B, 0x29, 0x50, 0x6B, 0x5B, 0x00, 0x0C,
    0x6B, 0x5B, 0x29, 0x2E, 0xB5, 0xBB, 0x4A, 0x72, 0x6B, 0x5A, 0x29, 0x52, 0x6B, 0x7B, 0x00, 0x0D,
    0x6B, 0x5B, 0x00, 0x2A, 0x6B, 0x5B, 0x00, 0x0C, 0x6B, 0x5B, 0x10, 0x8C, 0x8C, 0x59, 0x94, 0x98,
    0x7B, 0xFB, 0x18, 0xCC, 0x6B, 0x58, 0x7B, 0xD6, 0x9C, 0xFB, 0x18, 0xAD, 0x63, 0x3A, 0x84, 0x37,
    0x84, 0x3B, 0x08, 0x2A, 0x6B, 0x5B, 0x08, 0x2A, 0x6B, 0x5B, 0x00, 0x2B, 0x6B, 0x5B, 0x00, 0x0D,
    0x6B, 0x5B, 0x00, 0x0E, 0x63, 0x3B, 0x52, 0x93, 0x9D, 0x1A, 0x84, 0x37, 0x6B, 0x5B, 0x00, 0x0D,
    0x6B, 0x5B, 0x00, 0x2B, 0x6B, 0x59, 0x94, 0xB9, 0x7B, 0xD8, 0x08, 0x4D, 0x63, 0x3B, 0x6B, 0x54,
    0x94, 0x99, 0x10, 0x8C, 0x6B, 0x59, 0x84, 0x37, 0x8C, 0x5A, 0x52, 0x92, 0x84, 0x1B, 0x29, 0x2F,
    0x5A, 0xD8, 0x08, 0x4B, 0x63, 0x1A, 0x73, 0x95, 0x7B, 0xFA, 0x00, 0x0D, 0x6B, 0x5B, 0x00, 0x0D,
    0x63, 0x17, 0x6B, 0x76, 0x62, 0xF9, 0x00, 0x0D, 0x73, 0xBB, 0xAD, 0x9A, 0x84, 0x1A, 0x18, 0xAC,
    0x73, 0x9A, 0x20, 0xEE, 0x6B, 0x3B, 0x00, 0x0F, 0x6B, 0x5B, 0x00, 0x0D, 0x6B, 0x5B, 0x00, 0x2A,
    0x6B, 0x5B, 0x29, 0x2F, 0xB5, 0xBB, 0x4A, 0x72, 0x6B, 0x5A, 0x29, 0x4E, 0x6B, 0x7B, 0x10, 0x8C,
    0x8C, 0x59, 0x94, 0x98, 0x7B, 0xFB, 0x18, 0xCD, 0x6B, 0x58, 0x7B, 0xD7, 0x9C, 0xFB, 0x18, 0xAC,
    0x6B, 0x5B, 0x08, 0x2A, 0x6B, 0x5B, 0x00, 0x2B, 0x6B, 0x5B, 0x00, 0x0D, 0x6B, 0x3A, 0x73, 0xB6,
    0x9C, 0xFA, 0x29, 0x4E, 0x6B, 0x5B, 0x29, 0x6F, 0x7B, 0xD7, 0x8C, 0x78, 0x6B, 0x5B, 0x10, 0x6C,
    0x7C, 0x18, 0x4A, 0x31, 0x6B, 0x3B, 0x00, 0x0C, 0x6B, 0x3B, 0x39, 0xF1, 0x7B, 0xD7, 0x10, 0x8D,
    0x73, 0xB9, 0x94, 0xD9, 0x84, 0x1A, 0x10, 0xAD, 0x7B, 0xFB, 0x63, 0x34, 0x84, 0x38, 0x4A, 0x51,
    0x6B, 0x3B, 0x10, 0x6B, 0x84, 0x59, 0x42, 0x32, 0x6B, 0x5B, 0x00, 0x0D, 0x6B, 0x3B, 0x39, 0xD1,
    0x9D, 0x1B, 0x10, 0x6E, 0x6B, 0x59, 0x84, 0x37, 0x8C, 0x5A, 0x52, 0x92, 0x84, 0x1B, 0x29, 0x2F,
    0x5A, 0xD8, 0x08, 0x50, 0x6B, 0x3A, 0x7B, 0xF7, 0x9C, 0xFA, 0x39, 0xD0, 0x6B, 0x7B, 0x31, 0x90,
    0x73, 0x96, 0x8C, 0x78, 0x6B, 0x5B, 0x08, 0x2A, 0x6B, 0x5B, 0x08, 0x2A, 0x6B, 0x5B, 0x08, 0x2A,
    0x6B, 0x5B, 0x00, 0x2B, 0x6B, 0x5B, 0x00, 0x0B, 0x6B, 0x5B, 0x08, 0x2A, 0x6B, 0x5B, 0x08, 0x2A,
    0x6B, 0x5B, 0x00, 0x2B, 0x6B, 0x5B, 0x00, 0x0D, 0x6B, 0x5B, 0x00, 0x12, 0x6B, 0x5B, 0x08, 0x2D,
    0x6B, 0x5B, 0x00, 0x0A, 0x6B, 0x5B, 0x00, 0x0D, 0x6B, 0x5B, 0x00, 0x06, 0x6B, 0x5B, 0x00, 0x00,
    0x6B, 0x5B, 0x00, 0x00, 0x6B, 0x5B, 0x00, 0x2B, 0x6B, 0x5B, 0x00, 0x2B, 0x6B, 0x5B, 0x00, 0x0C,
    0x6B, 0x5C, 0x00, 0x0B, 0x6B, 0x5C, 0x00, 0x2B, 0x5A, 0xD7, 0x08, 0x2A, 0x00, 0x00, 0x08, 0x2A,
    0x08, 0x2A, 0xA4, 0xFF, 0x00, 0x0C, 0x7B, 0xDF, 0x00, 0x0C, 0x6B, 0x5C, 0x00, 0x2A, 0x6B, 0x5C,
    0x08, 0x2A, 0x6B, 0x5C, 0x00, 0x0C, 0x6B, 0x3B, 0x00, 0x0C, 0x6B, 0x3B, 0x00, 0x09, 0x6B, 0x3B,
    0x00, 0x08, 0x6B, 0x3B, 0x00, 0x07, 0x6B, 0x3B, 0x00, 0x00, 0x6B, 0x3B, 0x00, 0x00, 0x6B, 0x3B,
    0x00, 0x00, 0x6B, 0x3B, 0x00, 0x0D, 0x6B, 0x3B, 0x00, 0x2B, 0x6B, 0x3B, 0x08, 0x2A, 0x6B, 0x3B,
    0x00, 0x2A, 0x6B, 0x3B, 0x08, 0x2A, 0x6B, 0x3B, 0x00, 0x0C, 0x6B, 0x3B, 0x00, 0x2B, 0x6B, 0x3B,
    0x00, 0x2B, 0x6B, 0x3B, 0x00, 0x0D, 0x6B, 0x3B, 0x00, 0x0C, 0x63, 0x1A, 0x73, 0x95, 0xAD, 0x5A,
    0x6B, 0x75, 0x63, 0x3B, 0x00, 0x2B, 0x6B, 0x3B, 0x00, 0x2B, 0x6B, 0x3B, 0x00, 0x0D, 0x6B, 0x3B,
    0x00, 0x0F, 0x6B, 0x3A, 0x8C, 0x58, 0x84, 0x3B, 0x00, 0x0D, 0x6B, 0x3B, 0x00, 0x0D, 0x6B, 0x3B,
    0x00, 0x2B, 0x7B, 0xDA, 0x8C, 0x98, 0xB5, 0xDC, 0x94, 0xB8, 0x9C, 0xDA, 0x84, 0x37, 0x73, 0x9A,
    0x00, 0x0C, 0x63, 0x3A, 0x5A, 0xF4, 0xA5, 0x5A, 0x94, 0xB8, 0xA5, 0x3B, 0x8C, 0x78, 0x94, 0xBA,
    0x20, 0xEC, 0x63, 0x3A, 0x5A, 0xF4, 0xA5, 0x5A, 0x94, 0xB8, 0xA5, 0x3B, 0x8C, 0x78, 0x94, 0xBA,
    0x20, 0xED, 0x6B, 0x3B, 0x00, 0x0D, 0x6B, 0x3B, 0x08, 0x2A, 0x6B, 0x3B, 0x00, 0x2B, 0x63, 0x38,
    0x84, 0x17, 0xA5, 0x1A, 0x9C, 0xD8, 0xA5, 0x3B, 0x84, 0x16, 0x8C, 0x99, 0x6B, 0x55, 0x73, 0x97,
    0x31, 0x90, 0x63, 0x3B, 0x39, 0xF1, 0xA5, 0x1B, 0xAD, 0x9A, 0xA5, 0x5B, 0x94, 0x98, 0x94, 0xBA,
    0x31, 0xB1, 0x63, 0x3B, 0x00, 0x0C, 0x73, 0x9A, 0xA5, 0x59, 0x73, 0x9A, 0x00, 0x0C, 0x6B, 0x3B,
    0x00, 0x2B, 0x6B, 0x5A, 0x84, 0x36, 0xAD, 0x5B, 0x6B, 0x76, 0x73, 0xB7, 0x39, 0xD3, 0x63, 0x3B,
    0x00, 0x0D, 0x6B, 0x3B, 0x00, 0x0D, 0x6B, 0x3B, 0x00, 0x0D, 0x63, 0x3B, 0x39, 0xF0, 0xA5, 0x1B,
    0xAD, 0x9A, 0xAD, 0x7B, 0x94, 0xB8, 0x94, 0xBA, 0x31, 0x8F, 0x63, 0x3B, 0x10, 0x6C, 0x9C, 0xFA,
    0x4A, 0x52, 0x6B, 0x3B, 0x00, 0x2A, 0x6B, 0x3B, 0x08, 0x2A, 0x6B, 0x3B, 0x08, 0x2A, 0x6B, 0x3B,
    0x00, 0x0B, 0x6B, 0x3B, 0x08, 0x2C, 0x6B, 0x77, 0x94, 0xB9, 0x94, 0xBA, 0x10, 0x6B, 0x6B, 0x3B,
    0x00, 0x0D, 0x6B, 0x3B, 0x08, 0x4B, 0x73, 0xB8, 0x84, 0x37, 0x6B, 0x79, 0x00, 0x2D, 0x7C, 0x19,
    0x84, 0x37, 0x6B, 0x3A, 0x18, 0xAC, 0x8C, 0x79, 0x9C, 0xF9, 0xAD, 0x7B, 0x94, 0xD8, 0x9C, 0xDA,
    0x9D, 0x1A, 0x7B, 0xFA, 0x10, 0x8C, 0x84, 0x39, 0x42, 0x31, 0x6B, 0x3B, 0x00, 0x0D, 0x63, 0x3B,
    0x42, 0x12, 0x7B, 0xD7, 0x10, 0x8D, 0x6B, 0x3B, 0x10, 0x6D, 0x9D, 0x1B, 0xA5, 0x39, 0x7B, 0xD7,
    0x6B, 0x76, 0x63, 0x38, 0x00, 0x2D, 0x6B, 0x3B, 0x00, 0x0F, 0x6B, 0x3B, 0x00, 0x0D, 0x6B, 0x3B,
    0x00, 0x0D, 0x6B, 0x5A, 0x84, 0x37, 0xAD, 0x5B, 0x73, 0x75, 0x73, 0xB7, 0x39, 0xF1, 0x63, 0x3B,
    0x39, 0xF0, 0xA5, 0x1B, 0xAD, 0x9A, 0xAD, 0x7B, 0x94, 0xB8, 0x94, 0xBA, 0x31, 0x90, 0x63, 0x3B,
    0x00, 0x2A, 0x6B, 0x3B, 0x08, 0x2A, 0x6B, 0x3B, 0x08, 0x2A, 0x6B, 0x3B, 0x00, 0x0B, 0x73, 0x9A,
    0x94, 0x98, 0xB5, 0xDC, 0x9C, 0xF9, 0x9C, 0xFA, 0x94, 0xB8, 0x73, 0x9A, 0x00, 0x0D, 0x63, 0x1A,
    0x73, 0xB6, 0x7B, 0xDA, 0x00, 0x2B, 0x6B, 0x3B, 0x00, 0x0D, 0x73, 0xB9, 0x6B, 0x75, 0x5A, 0xF9,
    0x21, 0x0D, 0x94, 0xDA, 0x9C, 0xF9, 0xAD, 0x7B, 0xA5, 0x59, 0x94, 0xB9, 0x9C, 0xFA, 0x7B, 0xFA,
    0x08, 0x2B, 0x63, 0x3A, 0x7B, 0xF7, 0x7B, 0xFA, 0x00, 0x0D, 0x6B, 0x3B, 0x00, 0x0C, 0x7B, 0xDA,
    0x84, 0x37, 0x63, 0x3A, 0x18, 0xAE, 0x8C, 0x79, 0x9C, 0xF9, 0xAD, 0x7B, 0x94, 0xD8, 0x9C, 0xDA,
    0x9D, 0x1A, 0x7B, 0xFA, 0x00, 0x2F, 0x7B, 0xDA, 0x8C, 0x98, 0xB5, 0xDC, 0x94, 0xB8, 0x9C, 0xDA,
    0x84, 0x38, 0x73, 0x9A, 0x00, 0x2B, 0x6B, 0x3B, 0x08, 0x2A, 0x6B, 0x3B, 0x08, 0x2A, 0x6B, 0x3B,
    0x08, 0x2A, 0x6B, 0x3B, 0x00, 0x0C, 0x6B, 0x3B, 0x00, 0x0C, 0x6B, 0x3B, 0x00, 0x2A, 0x6B, 0x3B,
    0x08, 0x2A, 0x6B, 0x3B, 0x08, 0x2A, 0x6B, 0x3B, 0x00, 0x0C, 0x6B, 0x3B, 0x00, 0x0C, 0x6B, 0x3B,
    0x00, 0x09, 0x6B, 0x3B, 0x00, 0x08, 0x6B, 0x3B, 0x00, 0x07, 0x6B, 0x3B, 0x00, 0x00, 0x6B, 0x3B,
    0x00, 0x00, 0x6B, 0x3B, 0x00, 0x00, 0x6B, 0x3B, 0x00, 0x2B, 0x6B, 0x3B, 0x08, 0x2A, 0x6B, 0x5C,
    0x00, 0x2A, 0x6B, 0x5C, 0x08, 0x2A, 0x9C, 0xDF, 0x00, 0x0C, 0x00, 0x00, 0x00, 0x2B, 0x00, 0x00,
    0xE7, 0x1F, 0x00, 0x2A, 0x94, 0x9F, 0x00, 0x0C, 0x00, 0x00, 0x00, 0x0C, 0x6B, 0x5B, 0x00, 0x0B,
    0x6B, 0x5B, 0x00, 0x09, 0x63, 0x3B, 0x00, 0x09, 0x63, 0x3B, 0x00, 0x07, 0x63, 0x3B, 0x00, 0x04,
    0x63, 0x3B, 0x00, 0x02, 0x63, 0x3B, 0x00, 0x00, 0x63, 0x3B, 0x00, 0x00, 0x63, 0x3B, 0x00, 0x00,
    0x63, 0x3B, 0x00, 0x0C, 0x63, 0x3B, 0x00, 0x0D, 0x63, 0x3B, 0x00, 0x2B, 0x63, 0x3B, 0x00, 0x2B,
    0x63, 0x3B, 0x08, 0x2A, 0x63, 0x3B, 0x00, 0x2B, 0x63, 0x3B, 0x00, 0x0D, 0x63, 0x3B, 0x00, 0x0B,
    0x63, 0x3B, 0x00, 0x0B, 0x63, 0x3B, 0x00, 0x0C, 0x63, 0x3B, 0x08, 0x2B, 0x6B, 0x5A, 0x21, 0x2E,
    0x6B, 0x7A, 0x00, 0x0C, 0x63, 0x3B, 0x00, 0x2B, 0x63, 0x3B, 0x00, 0x0C, 0x63, 0x3B, 0x00, 0x0D,
    0x63, 0x3B, 0x00, 0x2E, 0x73, 0x7A, 0x10, 0x8E, 0x63, 0x3B, 0x00, 0x0E, 0x63, 0x3B, 0x00, 0x0E,
    0x63, 0x3B, 0x00, 0x0C, 0x6B, 0x5A, 0x29, 0x2E, 0x73, 0x7A, 0x29, 0x2E, 0x63, 0x3A, 0x00, 0x2B,
    0x63, 0x3B, 0x00, 0x0C, 0x63, 0x3B, 0x21, 0x0F, 0x73, 0x9A, 0x29, 0x4F, 0x6B, 0x7A, 0x10, 0x8B,
    0x63, 0x3B, 0x08, 0x2A, 0x63, 0x3B, 0x21, 0x0E, 0x73, 0x9A, 0x29, 0x4F, 0x6B, 0x7A, 0x10, 0x8C,
    0x63, 0x3B, 0x00, 0x0B, 0x63, 0x3B, 0x00, 0x0B, 0x63, 0x3B, 0x08, 0x2A, 0x63, 0x3B, 0x08, 0x2D,
    0x63, 0x3A, 0x10, 0x6E, 0x6B, 0x5A, 0x10, 0x6C, 0x6B, 0x5A, 0x10, 0x6C, 0x63, 0x19, 0x10, 0x8C,
    0x63, 0x3B, 0x00, 0x2B, 0x63, 0x3B, 0x10, 0x8E, 0x73, 0x9A, 0x29, 0x4F, 0x6B, 0x7A, 0x10, 0x8D,
    0x63, 0x3B, 0x00, 0x0C, 0x63, 0x3B, 0x08, 0x4C, 0x73, 0x9A, 0x08, 0x4B, 0x63, 0x3B, 0x00, 0x0C,
    0x63, 0x3B, 0x00, 0x2B, 0x6B, 0x5A, 0x29, 0x4F, 0x6B, 0x59, 0x29, 0x30, 0x63, 0x19, 0x00, 0x0E,
    0x63, 0x3B, 0x00, 0x0D, 0x63, 0x3B, 0x00, 0x0E, 0x63, 0x3B, 0x00, 0x0E, 0x63, 0x3B, 0x10, 0x8D,
    0x73, 0x9A, 0x29, 0x4F, 0x6B, 0x7A, 0x10, 0x6C, 0x63, 0x3B, 0x00, 0x2A, 0x63, 0x3B, 0x21, 0x0E,
    0x6B, 0x5A, 0x00, 0x0C, 0x63, 0x3B, 0x00, 0x0B, 0x63, 0x3B, 0x08, 0x2A, 0x63, 0x3B, 0x08, 0x2A,
    0x63, 0x3B, 0x00, 0x2B, 0x63, 0x3B, 0x18, 0xAE, 0x6B, 0x5A, 0x20, 0xEE, 0x63, 0x3B, 0x00, 0x0B,
    0x63, 0x3B, 0x00, 0x0B, 0x63, 0x3B, 0x18, 0xAC, 0x73, 0x9B, 0x10, 0x8D, 0x63, 0x3A, 0x18, 0xCF,
    0x6B, 0x7A, 0x08, 0x2B, 0x7B, 0xF9, 0x8C, 0x78, 0x73, 0x9A, 0x10, 0x6B, 0x63, 0x3A, 0x29, 0x4E,
    0x9C, 0xFA, 0x9C, 0xF9, 0x5A, 0xF8, 0x20, 0xEE, 0x63, 0x3A, 0x00, 0x0B, 0x63, 0x3B, 0x00, 0x0C,
    0x6B, 0x5A, 0x21, 0x0E, 0x63, 0x1A, 0x00, 0x2B, 0x63, 0x3B, 0x18, 0xAD, 0x73, 0x9A, 0x29, 0x4E,
    0x6B, 0x59, 0x10, 0x8E, 0x63, 0x3B, 0x00, 0x0D, 0x63, 0x3B, 0x00, 0x0E, 0x63, 0x3B, 0x00, 0x0D,
    0x63, 0x3B, 0x00, 0x0E, 0x6B, 0x5A, 0x29, 0x50, 0x6B, 0x59, 0x29, 0x2F, 0x63, 0x19, 0x00, 0x2B,
    0x63, 0x3B, 0x10, 0x8C, 0x73, 0x9A, 0x29, 0x4E, 0x6B, 0x7A, 0x10, 0x6D, 0x63, 0x3B, 0x00, 0x0C,
    0x63, 0x3B, 0x00, 0x0B, 0x63, 0x3B, 0x08, 0x2A, 0x63, 0x3B, 0x08, 0x2A, 0x63, 0x3B, 0x00, 0x2B,
    0x6B, 0x7A, 0x4A, 0x72, 0x84, 0x3A, 0x4A, 0x52, 0x73, 0x7A, 0x00, 0x0B, 0x63, 0x3B, 0x08, 0x2C,
    0x6B, 0x5A, 0x10, 0x8C, 0x63, 0x3B, 0x00, 0x0C, 0x63, 0x3B, 0x10, 0x8F, 0x63, 0x19, 0x08, 0x2B,
    0x63, 0x3B, 0x18, 0xCD, 0x73, 0x9A, 0x29, 0x4E, 0x6B, 0x7A, 0x10, 0x8C, 0x6B, 0x5A, 0x18, 0xCF,
    0x63, 0x1A, 0x08, 0x2B, 0x6B, 0x7A, 0x10, 0x8D, 0x63, 0x3B, 0x00, 0x0C, 0x63, 0x3B, 0x10, 0x8D,
    0x6B, 0x7A, 0x08, 0x2B, 0x7B, 0xF9, 0x8C, 0x78, 0x73, 0x9A, 0x10, 0x6C, 0x63, 0x3A, 0x29, 0x4F,
    0x9C, 0xFA, 0x9C, 0xF9, 0x62, 0xF9, 0x00, 0x0E, 0x6B, 0x5A, 0x29, 0x2F, 0x73, 0x7A, 0x21, 0x31,
    0x63, 0x3A, 0x00, 0x0E, 0x63, 0x3B, 0x00, 0x0C, 0x63, 0x3B, 0x00, 0x2B, 0x63, 0x3B, 0x00, 0x2B,
    0x63, 0x3B, 0x00, 0x2A, 0x63, 0x3B, 0x00, 0x0C, 0x63, 0x3B, 0x00, 0x0C, 0x63, 0x3B, 0x00, 0x0B,
    0x63, 0x3B, 0x08, 0x2A, 0x63, 0x3B, 0x00, 0x09, 0x63, 0x3B, 0x00, 0x09, 0x63, 0x3B, 0x00, 0x07,
    0x63, 0x3B, 0x00, 0x04, 0x63, 0x3B, 0x00, 0x02, 0x63, 0x3B, 0x00, 0x00, 0x63, 0x3B, 0x00, 0x00,
    0x63, 0x3B, 0x00, 0x00, 0x63, 0x3B, 0x00, 0x0D, 0x63, 0x3B, 0x00, 0x2B, 0x63, 0x3B, 0x00, 0x2B,
    0x6B, 0x5B, 0x08, 0x2A, 0x6B, 0x5B, 0x00, 0x2B, 0x5A, 0xD7, 0x00, 0x0D, 0x00, 0x00, 0x00, 0x0B,
    0x00, 0x2B, 0x9C, 0xFF, 0x00, 0x2B, 0x73, 0xBF, 0x00, 0x0B, 0x6B, 0x5B, 0x00, 0x0D, 0x6B, 0x5B,
    0x00, 0x0D, 0x6B, 0x5B, 0x00, 0x07, 0x63, 0x3B, 0x00, 0x05, 0x63, 0x3B, 0x00, 0x00, 0x63, 0x3B,
    0x00, 0x00, 0x63, 0x3B, 0x00, 0x00, 0x63, 0x3B, 0x00, 0x00, 0x63, 0x3B, 0x00, 0x00, 0x63, 0x3B,
    0x08, 0x2A, 0x63, 0x3B, 0x00, 0x0D, 0x63, 0x3B, 0x00, 0x0D, 0x63, 0x3B, 0x00, 0x0C, 0x63, 0x3B,
    0x00, 0x0C, 0x63, 0x3B, 0x00, 0x2A, 0x63, 0x3B, 0x00, 0x0C, 0x63, 0x3B, 0x00, 0x0D, 0x63, 0x3B,
    0x00, 0x0B, 0x63, 0x3B, 0x08, 0x2A, 0x63, 0x3B, 0x08, 0x2A, 0x63, 0x3B, 0x00, 0x2B, 0x63, 0x3B,
    0x00, 0x2B, 0x63, 0x3B, 0x00, 0x2B, 0x63, 0x3B, 0x00, 0x0C, 0x63, 0x3B, 0x08, 0x2A, 0x63, 0x3B,
    0x00, 0x2B, 0x63, 0x3B, 0x00, 0x0C, 0x63, 0x3B, 0x00, 0x0C, 0x63, 0x3B, 0x00, 0x0E, 0x63, 0x3B,
    0x00, 0x0D, 0x63, 0x3B, 0x00, 0x0D, 0x63, 0x3B, 0x00, 0x0C, 0x63, 0x3B, 0x00, 0x2B, 0x63, 0x3B,
    0x00, 0x2B, 0x63, 0x3B, 0x00, 0x0B, 0x63, 0x3B, 0x00, 0x0D, 0x63, 0x3B, 0x00, 0x0D, 0x63, 0x3B,
    0x08, 0x2A, 0x63, 0x3B, 0x08, 0x2A, 0x63, 0x3B, 0x00, 0x0C, 0x63, 0x3B, 0x00, 0x0E, 0x63, 0x3B,
    0x00, 0x0D, 0x63, 0x3B, 0x00, 0x0C, 0x63, 0x3B, 0x00, 0x2B, 0x63, 0x3B, 0x08, 0x2A, 0x63, 0x3B,
    0x00, 0x0D, 0x63, 0x3B, 0x00, 0x0D, 0x63, 0x3B, 0x00, 0x0C, 0x63, 0x3B, 0x00, 0x0C, 0x63, 0x3B,
    0x00, 0x2A, 0x63, 0x3B, 0x00, 0x0C, 0x63, 0x3B, 0x00, 0x0D, 0x63, 0x3B, 0x00, 0x0B, 0x63, 0x3B,
    0x08, 0x2A, 0x63, 0x3B, 0x08, 0x2A, 0x63, 0x3B, 0x00, 0x2B, 0x63, 0x3B, 0x00, 0x2B, 0x63, 0x3B,
    0x00, 0x2B, 0x63, 0x3B, 0x00, 0x0C, 0x63, 0x3B, 0x08, 0x2A, 0x63, 0x3B, 0x00, 0x2B, 0x63, 0x3B,
    0x00, 0x0C, 0x63, 0x3B, 0x00, 0x0C, 0x63, 0x3B, 0x00, 0x0E, 0x63, 0x3B, 0x00, 0x0D, 0x63, 0x3B,
    0x00, 0x0D, 0x63, 0x3B, 0x00, 0x0C, 0x63, 0x3B, 0x00, 0x2B, 0x63, 0x3B, 0x00, 0x2B, 0x63, 0x3B,
    0x00, 0x0B, 0x63, 0x3B, 0x00, 0x0D, 0x63, 0x3B, 0x00, 0x0D, 0x63, 0x3B, 0x08, 0x2A, 0x63, 0x3B,
    0x08, 0x2A, 0x63, 0x3B, 0x00, 0x0C, 0x63, 0x3B, 0x00, 0x0E, 0x63, 0x3B, 0x00, 0x0D, 0x63, 0x3B,
    0x00, 0x0C, 0x63, 0x3B, 0x00, 0x2B, 0x63, 0x3B, 0x08, 0x2A, 0x63, 0x3B, 0x00, 0x0D, 0x63, 0x3B,
    0x00, 0x0D, 0x63, 0x1A, 0x39, 0xB1, 0x84, 0x18, 0x7B, 0xD6, 0x8C, 0x5A, 0x5A, 0xD3, 0x73, 0xB7,
    0x6B, 0x76, 0x6B, 0x57, 0x08, 0x4D, 0x63, 0x3B, 0x00, 0x0B, 0x63, 0x3B, 0x08, 0x2A, 0x63, 0x3B,
    0x08, 0x2A, 0x63, 0x3B, 0x00, 0x2B, 0x63, 0x3B, 0x00, 0x2B, 0x63, 0x3B, 0x00, 0x2B, 0x63, 0x3B,
    0x00, 0x0C, 0x63, 0x3B, 0x08, 0x2A, 0x63, 0x3B, 0x00, 0x2B, 0x63, 0x3B, 0x00, 0x0C, 0x63, 0x3B,
    0x00, 0x0C, 0x63, 0x3B, 0x00, 0x0E, 0x63, 0x3B, 0x00, 0x0D, 0x63, 0x3B, 0x00, 0x0D, 0x63, 0x3B,
    0x00, 0x0C, 0x63, 0x3B, 0x00, 0x2B, 0x63, 0x3B, 0x00, 0x2B, 0x63, 0x3B, 0x00, 0x0B, 0x63, 0x3B,
    0x00, 0x0D, 0x63, 0x3B, 0x00, 0x0D, 0x63, 0x3B, 0x08, 0x2A, 0x63, 0x3B, 0x08, 0x2A, 0x63, 0x3B,
    0x00, 0x0C, 0x63, 0x3B, 0x00, 0x0E, 0x63, 0x3B, 0x00, 0x0D, 0x63, 0x3B, 0x00, 0x0C, 0x63, 0x3B,
    0x00, 0x2B, 0x63, 0x3B, 0x08, 0x2A, 0x63, 0x3B, 0x00, 0x0D, 0x63, 0x3B, 0x00, 0x0D, 0x63, 0x3B,
    0x00, 0x0C, 0x63, 0x3B, 0x00, 0x0C, 0x63, 0x3B, 0x00, 0x2A, 0x63, 0x3B, 0x00, 0x0C, 0x63, 0x3B,
    0x00, 0x0D, 0x63, 0x3B, 0x00, 0x0B, 0x63, 0x3B, 0x08, 0x2A, 0x63, 0x3B, 0x08, 0x2A, 0x63, 0x3B,
    0x00, 0x2B, 0x63, 0x1A, 0x39, 0xB0, 0x84, 0x18, 0x7B, 0xD6, 0x8C, 0x5A, 0x5A, 0xD3, 0x73, 0xB7,
    0x6B, 0x76, 0x6B, 0x57, 0x08, 0x4C, 0x63, 0x3B, 0x00, 0x0C, 0x63, 0x3B, 0x00, 0x0C, 0x63, 0x3B,
    0x00, 0x0E, 0x63, 0x3B, 0x00, 0x0D, 0x63, 0x3B, 0x00, 0x0D, 0x63, 0x3B, 0x00, 0x0C, 0x63, 0x3B,
    0x00, 0x2B, 0x63, 0x3B, 0x00, 0x2B, 0x63, 0x3B, 0x00, 0x0B, 0x63, 0x3B, 0x00, 0x0D, 0x63, 0x3B,
    0x00, 0x0D, 0x63, 0x3B, 0x08, 0x2A, 0x63, 0x3B, 0x00, 0x07, 0x63, 0x3B, 0x00, 0x05, 0x63, 0x3B,
    0x00, 0x00, 0x63, 0x3B, 0x00, 0x00, 0x63, 0x3B, 0x00, 0x00, 0x63, 0x3B, 0x00, 0x00, 0x63, 0x3B,
    0x00, 0x00, 0x63, 0x3B, 0x00, 0x0D, 0x63, 0x3B, 0x00, 0x0D, 0x63, 0x3B, 0x00, 0x0C, 0x6B, 0x5B,
    0x00, 0x0C, 0x6B, 0x5B, 0x00, 0x2A, 0x94, 0xBF, 0x00, 0x0C, 0x00, 0x00, 0x00, 0x0D, 0x00, 0x00,
    0xDE, 0xFF, 0x00, 0x2B, 0x94, 0x9F, 0x08, 0x2A, 0x00, 0x00, 0x00, 0x2B, 0x6B, 0x3B, 0x00, 0x0E,
    0x6B, 0x3B, 0x00, 0x0D, 0x63, 0x3A, 0x00, 0x03, 0x63, 0x3A, 0x00, 0x00, 0x63, 0x3A, 0x00, 0x00,
    0x63, 0x3A, 0x00, 0x00, 0x63, 0x3A, 0x00, 0x00, 0x63, 0x3A, 0x00, 0x00, 0x63, 0x3A, 0x00, 0x00,
    0x63, 0x3A, 0x08, 0x2A, 0x63, 0x3A, 0x00, 0x0C, 0x63, 0x3A, 0x00, 0x0D, 0x63, 0x3A, 0x00, 0x0D,
    0x63, 0x3A, 0x00, 0x0C, 0x63, 0x3A, 0x00, 0x2B, 0x63, 0x3A, 0x00, 0x2B, 0x63, 0x3A, 0x00, 0x0B,
    0x63, 0x3A, 0x00, 0x2B, 0x63, 0x3A, 0x08, 0x2A, 0x63, 0x3A, 0x00, 0x2A, 0x63, 0x3A, 0x08, 0x2A,
    0x63, 0x3A, 0x08, 0x2A, 0x63, 0x3A, 0x00, 0x0C, 0x63, 0x3A, 0x00, 0x0D, 0x63, 0x3A, 0x00, 0x2B,
    0x63, 0x3A, 0x08, 0x2A, 0x63, 0x3A, 0x00, 0x2B, 0x63, 0x3A, 0x00, 0x2B, 0x63, 0x3A, 0x00, 0x0C,
    0x63, 0x3A, 0x00, 0x2B, 0x63, 0x3A, 0x00, 0x0C, 0x63, 0x3A, 0x00, 0x0B, 0x63, 0x3A, 0x00, 0x2B,
    0x63, 0x3A, 0x08, 0x2A, 0x63, 0x3A, 0x00, 0x2B, 0x63, 0x3A, 0x00, 0x0E, 0x63, 0x3A, 0x00, 0x0D,
    0x63, 0x3A, 0x00, 0x2B, 0x63, 0x3A, 0x00, 0x2B, 0x63, 0x3A, 0x00, 0x0E, 0x63, 0x3A, 0x00, 0x0E,
    0x63, 0x3A, 0x00, 0x0E, 0x63, 0x3A, 0x00, 0x0C, 0x63, 0x3A, 0x00, 0x2A, 0x63, 0x3A, 0x08, 0x2A,
    0x63, 0x3A, 0x00, 0x0C, 0x63, 0x3A, 0x00, 0x0D, 0x63, 0x3A, 0x00, 0x0D, 0x63, 0x3A, 0x00, 0x0C,
    0x63, 0x3A, 0x00, 0x2B, 0x63, 0x3A, 0x00, 0x2B, 0x63, 0x3A, 0x00, 0x0B, 0x63, 0x3A, 0x00, 0x2B,
    0x63, 0x3A, 0x08, 0x2A, 0x63, 0x3A, 0x00, 0x2A, 0x63, 0x3A, 0x08, 0x2A, 0x63, 0x3A, 0x08, 0x2A,
    0x63, 0x3A, 0x00, 0x0C, 0x63, 0x3A, 0x00, 0x0D, 0x63, 0x3A, 0x00, 0x2B, 0x63, 0x3A, 0x08, 0x2A,
    0x63, 0x3A, 0x00, 0x2B, 0x63, 0x3A, 0x00, 0x2B, 0x63, 0x3A, 0x00, 0x0C, 0x63, 0x3A, 0x00, 0x2B,
    0x63, 0x3A, 0x00, 0x0C, 0x63, 0x3A, 0x00, 0x0B, 0x63, 0x3A, 0x00, 0x2B, 0x63, 0x3A, 0x08, 0x2A,
    0x63, 0x3A, 0x00, 0x2B, 0x63, 0x3A, 0x00, 0x0E, 0x63, 0x3A, 0x00, 0x0D, 0x63, 0x3A, 0x00, 0x2B,
    0x63, 0x3A, 0x00, 0x2B, 0x63, 0x3A, 0x00, 0x0E, 0x63, 0x3A, 0x00, 0x0E, 0x63, 0x3A, 0x00, 0x0E,
    0x63, 0x3A, 0x00, 0x0C, 0x63, 0x3A, 0x00, 0x2A, 0x63, 0x3A, 0x08, 0x2A, 0x63, 0x3A, 0x00, 0x0C,
    0x63, 0x3A, 0x00, 0x0D, 0x62, 0xFA, 0x21, 0x0F, 0x7B, 0xDA, 0x52, 0x73, 0x84, 0x1A, 0x42, 0x31,
    0x6B, 0x39, 0x08, 0x4C, 0x63, 0x3A, 0x00, 0x0B, 0x63, 0x3A, 0x00, 0x2B, 0x63, 0x3A, 0x08, 0x2A,
    0x63, 0x3A, 0x00, 0x2A, 0x63, 0x3A, 0x08, 0x2A, 0x63, 0x3A, 0x08, 0x2A, 0x63, 0x3A, 0x00, 0x0C,
    0x63, 0x3A, 0x00, 0x0D, 0x63, 0x3A, 0x00, 0x2B, 0x63, 0x3A, 0x08, 0x2A, 0x63, 0x3A, 0x00, 0x2B,
    0x63, 0x3A, 0x00, 0x2B, 0x63, 0x3A, 0x00, 0x0C, 0x63, 0x3A, 0x00, 0x2B, 0x63, 0x3A, 0x00, 0x0C,
    0x63, 0x3A, 0x00, 0x0B, 0x63, 0x3A, 0x00, 0x2B, 0x63, 0x3A, 0x08, 0x2A, 0x63, 0x3A, 0x00, 0x2B,
    0x63, 0x3A, 0x00, 0x0E, 0x63, 0x3A, 0x00, 0x0D, 0x63, 0x3A, 0x00, 0x2B, 0x63, 0x3A, 0x00, 0x2B,
    0x63, 0x3A, 0x00, 0x0E, 0x63, 0x3A, 0x00, 0x0E, 0x63, 0x3A, 0x00, 0x0E, 0x63, 0x3A, 0x00, 0x0C,
    0x63, 0x3A, 0x00, 0x2A, 0x63, 0x3A, 0x08, 0x2A, 0x63, 0x3A, 0x00, 0x0C, 0x63, 0x3A, 0x00, 0x0D,
    0x63, 0x3A, 0x00, 0x0D, 0x63, 0x3A, 0x00, 0x0C, 0x63, 0x3A, 0x00, 0x2B, 0x63, 0x3A, 0x00, 0x2B,
    0x63, 0x3A, 0x00, 0x0B, 0x63, 0x3A, 0x00, 0x2B, 0x63, 0x3A, 0x08, 0x2A, 0x63, 0x3A, 0x00, 0x2A,
    0x63, 0x3A, 0x08, 0x2A, 0x62, 0xFA, 0x21, 0x0D, 0x7B, 0xDA, 0x52, 0x72, 0x84, 0x1A, 0x42, 0x32,
    0x6B, 0x39, 0x08, 0x4C, 0x63, 0x3A, 0x08, 0x2A, 0x63, 0x3A, 0x00, 0x2B, 0x63, 0x3A, 0x00, 0x2B,
    0x63, 0x3A, 0x00, 0x0C, 0x63, 0x3A, 0x00, 0x2B, 0x63, 0x3A, 0x00, 0x0C, 0x63, 0x3A, 0x00, 0x0B,
    0x63, 0x3A, 0x00, 0x2B, 0x63, 0x3A, 0x08, 0x2A, 0x63, 0x3A, 0x00, 0x2B, 0x63, 0x3A, 0x00, 0x0E,
    0x63, 0x3A, 0x00, 0x0D, 0x63, 0x3A, 0x00, 0x2B, 0x63, 0x3A, 0x00, 0x03, 0x63, 0x3A, 0x00, 0x00,
    0x63, 0x3A, 0x00, 0x00, 0x63, 0x3A, 0x00, 0x00, 0x63, 0x3A, 0x00, 0x00, 0x63, 0x3A, 0x00, 0x00,
    0x63, 0x3A, 0x00, 0x00, 0x63, 0x3A, 0x00, 0x0C, 0x63, 0x3A, 0x00, 0x0D, 0x63, 0x3A, 0x00, 0x0D,
    0x6B, 0x3B, 0x00, 0x0C, 0x6B, 0x3B, 0x00, 0x2B, 0x52, 0xB7, 0x00, 0x2B, 0x00, 0x00, 0x00, 0x0B,
    0x00, 0x0C, 0x9C, 0xDF, 0x00, 0x2B, 0x73, 0x9E, 0x08, 0x2A, 0x63, 0x3B, 0x00, 0x2B, 0x63, 0x3B,
    0x00, 0x0D, 0x63, 0x3B, 0x00, 0x0D, 0x63, 0x1A, 0x00, 0x00, 0x63, 0x1A, 0x00, 0x00, 0x63, 0x1A,
    0x00, 0x00, 0x63, 0x1A, 0x00, 0x00, 0x63, 0x1A, 0x00, 0x00, 0x63, 0x1A, 0x00, 0x00, 0x63, 0x1A,
    0x00, 0x2B, 0x63, 0x1A, 0x08, 0x2A, 0x63, 0x1A, 0x00, 0x2B, 0x63, 0x1A, 0x00, 0x0B, 0x63, 0x1A,
    0x00, 0x0C, 0x63, 0x1A, 0x00, 0x0C, 0x63, 0x1A, 0x00, 0x2B, 0x63, 0x1A, 0x08, 0x2A, 0x63, 0x1A,
    0x00, 0x2B, 0x63, 0x1A, 0x00, 0x0C, 0x63, 0x1A, 0x00, 0x2B, 0x63, 0x1A, 0x00, 0x0C, 0x63, 0x1A,
    0x08, 0x2A, 0x63, 0x1A, 0x08, 0x2A, 0x63, 0x1A, 0x00, 0x0D, 0x63, 0x1A, 0x00, 0x0C, 0x63, 0x1A,
    0x08, 0x2A, 0x63, 0x1A, 0x08, 0x2A, 0x63, 0x1A, 0x00, 0x2B, 0x63, 0x1A, 0x00, 0x2B, 0x63, 0x1A,
    0x00, 0x2A, 0x63, 0x1A, 0x08, 0x2A, 0x63, 0x1A, 0x00, 0x2B, 0x63, 0x1A, 0x00, 0x0C, 0x63, 0x1A,
    0x00, 0x2B, 0x63, 0x1A, 0x08, 0x2A, 0x63, 0x1A, 0x00, 0x2B, 0x63, 0x1A, 0x00, 0x0D, 0x63, 0x1A,
    0x00, 0x0D, 0x63, 0x1A, 0x00, 0x0B, 0x63, 0x1A, 0x00, 0x0C, 0x63, 0x1A, 0x00, 0x0C, 0x63, 0x1A,
    0x00, 0x0D, 0x63, 0x1A, 0x00, 0x0E, 0x63, 0x1A, 0x00, 0x0D, 0x63, 0x1A, 0x00, 0x2B, 0x63, 0x1A,
    0x08, 0x2A, 0x63, 0x1A, 0x00, 0x2B, 0x63, 0x1A, 0x00, 0x0B, 0x63, 0x1A, 0x00, 0x0C, 0x63, 0x1A,
    0x00, 0x0C, 0x63, 0x1A, 0x00, 0x2B, 0x63, 0x1A, 0x08, 0x2A, 0x63, 0x1A, 0x00, 0x2B, 0x63, 0x1A,
    0x00, 0x0C, 0x63, 0x1A, 0x00, 0x2B, 0x63, 0x1A, 0x00, 0x0C, 0x63, 0x1A, 0x08, 0x2A, 0x63, 0x1A,
    0x08, 0x2A, 0x63, 0x1A, 0x00, 0x0D, 0x63, 0x1A, 0x00, 0x0C, 0x63, 0x1A, 0x08, 0x2A, 0x63, 0x1A,
    0x08, 0x2A, 0x63, 0x1A, 0x00, 0x2B, 0x63, 0x1A, 0x00, 0x2B, 0x63, 0x1A, 0x00, 0x2A, 0x63, 0x1A,
    0x08, 0x2A, 0x63, 0x1A, 0x00, 0x2B, 0x63, 0x1A, 0x00, 0x0C, 0x63, 0x1A, 0x00, 0x2B, 0x63, 0x1A,
    0x08, 0x2A, 0x63, 0x1A, 0x00, 0x2B, 0x63, 0x1A, 0x00, 0x0D, 0x63, 0x1A, 0x00, 0x0D, 0x63, 0x1A,
    0x00, 0x0B, 0x63, 0x1A, 0x00, 0x0C, 0x63, 0x1A, 0x00, 0x0C, 0x63, 0x1A, 0x00, 0x0D, 0x63, 0x1A,
    0x00, 0x0E, 0x63, 0x1A, 0x00, 0x0D, 0x63, 0x1A, 0x00, 0x2B, 0x63, 0x1A, 0x08, 0x2A, 0x63, 0x1A,
    0x00, 0x2B, 0x63, 0x1A, 0x00, 0x0B, 0x63, 0x1A, 0x00, 0x0C, 0x63, 0x1A, 0x00, 0x0C, 0x63, 0x1A,
    0x00, 0x2B, 0x63, 0x1A, 0x08, 0x2A, 0x63, 0x1A, 0x00, 0x2B, 0x63, 0x1A, 0x00, 0x0C, 0x63, 0x1A,
    0x00, 0x2B, 0x63, 0x1A, 0x00, 0x0C, 0x63, 0x1A, 0x08, 0x2A, 0x63, 0x1A, 0x08, 0x2A, 0x63, 0x1A,
    0x00, 0x0D, 0x63, 0x1A, 0x00, 0x0C, 0x63, 0x1A, 0x08, 0x2A, 0x63, 0x1A, 0x08, 0x2A, 0x63, 0x1A,
    0x00, 0x2B, 0x63, 0x1A, 0x00, 0x2B, 0x63, 0x1A, 0x00, 0x2A, 0x63, 0x1A, 0x08, 0x2A, 0x63, 0x1A,
    0x00, 0x2B, 0x63, 0x1A, 0x00, 0x0C, 0x63, 0x1A, 0x00, 0x2B, 0x63, 0x1A, 0x08, 0x2A, 0x63, 0x1A,
    0x00, 0x2B, 0x63, 0x1A, 0x00, 0x0D, 0x63, 0x1A, 0x00, 0x0D, 0x63, 0x1A, 0x00, 0x0B, 0x63, 0x1A,
    0x00, 0x0C, 0x63, 0x1A, 0x00, 0x0C, 0x63, 0x1A, 0x00, 0x0D, 0x63, 0x1A, 0x00, 0x0E, 0x63, 0x1A,
    0x00, 0x0D, 0x63, 0x1A, 0x00, 0x2B, 0x63, 0x1A, 0x08, 0x2A, 0x63, 0x1A, 0x00, 0x2B, 0x63, 0x1A,
    0x00, 0x0B, 0x63, 0x1A, 0x00, 0x0C, 0x63, 0x1A, 0x00, 0x0C, 0x63, 0x1A, 0x00, 0x2B, 0x63, 0x1A,
    0x08, 0x2A, 0x63, 0x1A, 0x00, 0x2B, 0x63, 0x1A, 0x00, 0x0C, 0x63, 0x1A, 0x00, 0x2B, 0x63, 0x1A,
    0x00, 0x0C, 0x63, 0x1A, 0x08, 0x2A, 0x63, 0x1A, 0x08, 0x2A, 0x63, 0x1A, 0x00, 0x0D, 0x63, 0x1A,
    0x00, 0x0C, 0x63, 0x1A, 0x08, 0x2A, 0x63, 0x1A, 0x08, 0x2A, 0x63, 0x1A, 0x00, 0x2B, 0x63, 0x1A,
    0x00, 0x2B, 0x63, 0x1A, 0x00, 0x2A, 0x63, 0x1A, 0x08, 0x2A, 0x63, 0x1A, 0x00, 0x2B, 0x63, 0x1A,
    0x00, 0x0C, 0x63, 0x1A, 0x00, 0x2B, 0x63, 0x1A, 0x08, 0x2A, 0x63, 0x1A, 0x00, 0x2B, 0x63, 0x1A,
    0x00, 0x0D, 0x63, 0x1A, 0x00, 0x0D, 0x63, 0x1A, 0x00, 0x0B, 0x63, 0x1A, 0x00, 0x00, 0x63, 0x1A,
    0x00, 0x00, 0x63, 0x1A, 0x00, 0x00, 0x63, 0x1A, 0x00, 0x00, 0x63, 0x1A, 0x00, 0x00, 0x63, 0x1A,
    0x00, 0x00, 0x63, 0x1A, 0x08, 0x2A, 0x63, 0x1A, 0x00, 0x2B, 0x63, 0x1A, 0x00, 0x0B, 0x63, 0x3B,
    0x00, 0x0C, 0x63, 0x3B, 0x00, 0x0C, 0x94, 0x9F, 0x00, 0x2B, 0x00, 0x00, 0x08, 0x2A, 0x00, 0x00,
    0xDE, 0xDF, 0x00, 0x0D, 0x8C, 0x7F, 0x00, 0x2B, 0x00, 0x00, 0x08, 0x2A, 0x63, 0x3B, 0x00, 0x2B,
    0x63, 0x3B, 0x00, 0x0C, 0x63, 0x1A, 0x00, 0x0D, 0x63, 0x1A, 0x00, 0x00, 0x63, 0x1A, 0x00, 0x00,
    0x63, 0x1A, 0x00, 0x00, 0x63, 0x1A, 0x00, 0x00, 0x63, 0x1A, 0x00, 0x0D, 0x63, 0x1A, 0x00, 0x0D,
    0x63, 0x1A, 0x00, 0x2B, 0x63, 0x1A, 0x00, 0x2A, 0x63, 0x1A, 0x00, 0x0C, 0x63, 0x1A, 0x00, 0x2A,
    0x63, 0x1A, 0x00, 0x2B, 0x63, 0x1A, 0x00, 0x2B, 0x63, 0x1A, 0x00, 0x2B, 0x63, 0x1A, 0x08, 0x2A,
    0x63, 0x1A, 0x00, 0x0C, 0x63, 0x1A, 0x00, 0x0C, 0x63, 0x1A, 0x00, 0x0C, 0x63, 0x1A, 0x00, 0x0C,
    0x63, 0x1A, 0x08, 0x2A, 0x63, 0x1A, 0x00, 0x2A, 0x63, 0x1A, 0x00, 0x0D, 0x63, 0x1A, 0x08, 0x2A,
    0x63, 0x1A, 0x08, 0x2A, 0x63, 0x1A, 0x00, 0x2B, 0x63, 0x1A, 0x00, 0x0C, 0x63, 0x1A, 0x00, 0x2B,
    0x63, 0x1A, 0x08, 0x2A, 0x63, 0x1A, 0x08, 0x2A, 0x63, 0x1A, 0x00, 0x0C, 0x63, 0x1A, 0x00, 0x0D,
    0x63, 0x1A, 0x00, 0x2B, 0x63, 0x1A, 0x08, 0x2A, 0x63, 0x1A, 0x00, 0x2B, 0x63, 0x1A, 0x00, 0x0C,
    0x63, 0x1A, 0x00, 0x0D, 0x63, 0x1A, 0x00, 0x0B, 0x63, 0x1A, 0x00, 0x0C, 0x63, 0x1A, 0x00, 0x2B,
    0x63, 0x1A, 0x00, 0x0C, 0x63, 0x1A, 0x00, 0x0D, 0x63, 0x1A, 0x00, 0x0D, 0x63, 0x1A, 0x00, 0x2B,
    0x63, 0x1A, 0x00, 0x2A, 0x63, 0x1A, 0x00, 0x0C, 0x63, 0x1A, 0x00, 0x2A, 0x63, 0x1A, 0x00, 0x2B,
    0x63, 0x1A, 0x00, 0x2B, 0x63, 0x1A, 0x00, 0x2B, 0x63, 0x1A, 0x08, 0x2A, 0x63, 0x1A, 0x00, 0x0C,
    0x63, 0x1A, 0x00, 0x0C, 0x63, 0x1A, 0x00, 0x0C, 0x63, 0x1A, 0x00, 0x0C, 0x63, 0x1A, 0x08, 0x2A,
    0x63, 0x1A, 0x00, 0x2A, 0x63, 0x1A, 0x00, 0x0D, 0x63, 0x1A, 0x08, 0x2A, 0x63, 0x1A, 0x08, 0x2A,
    0x63, 0x1A, 0x00, 0x2B, 0x63, 0x1A, 0x00, 0x0C, 0x63, 0x1A, 0x00, 0x2B, 0x63, 0x1A, 0x08, 0x2A,
    0x63, 0x1A, 0x08, 0x2A, 0x63, 0x1A, 0x00, 0x0C, 0x63, 0x1A, 0x00, 0x0D, 0x63, 0x1A, 0x00, 0x2B,
    0x63, 0x1A, 0x08, 0x2A, 0x63, 0x1A, 0x00, 0x2B, 0x63, 0x1A, 0x00, 0x0C, 0x63, 0x1A, 0x00, 0x0D,
    0x63, 0x1A, 0x00, 0x0B, 0x63, 0x1A, 0x00, 0x0C, 0x63, 0x1A, 0x00, 0x2B, 0x63, 0x1A, 0x00, 0x0C,
    0x63, 0x1A, 0x00, 0x0D, 0x63, 0x1A, 0x00, 0x0D, 0x63, 0x1A, 0x00, 0x2B, 0x63, 0x1A, 0x00, 0x2A,
    0x63, 0x1A, 0x00, 0x0C, 0x63, 0x1A, 0x00, 0x2A, 0x63, 0x1A, 0x00, 0x2B, 0x63, 0x1A, 0x00, 0x2B,
    0x63, 0x1A, 0x00, 0x2B, 0x63, 0x1A, 0x08, 0x2A, 0x63, 0x1A, 0x00, 0x0C, 0x63, 0x1A, 0x00, 0x0C,
    0x63, 0x1A, 0x00, 0x0C, 0x63, 0x1A, 0x00, 0x0C, 0x63, 0x1A, 0x08, 0x2A, 0x63, 0x1A, 0x00, 0x2A,
    0x63, 0x1A, 0x00, 0x0D, 0x63, 0x1A, 0x08, 0x2A, 0x63, 0x1A, 0x08, 0x2A, 0x63, 0x1A, 0x00, 0x2B,
    0x63, 0x1A, 0x00, 0x0C, 0x63, 0x1A, 0x00, 0x2B, 0x63, 0x1A, 0x08, 0x2A, 0x63, 0x1A, 0x08, 0x2A,
    0x63, 0x1A, 0x00, 0x0C, 0x63, 0x1A, 0x00, 0x0D, 0x63, 0x1A, 0x00, 0x2B, 0x63, 0x1A, 0x08, 0x2A,
    0x63, 0x1A, 0x00, 0x2B, 0x63, 0x1A, 0x00, 0x0C, 0x63, 0x1A, 0x00, 0x0D, 0x63, 0x1A, 0x00, 0x0B,
    0x63, 0x1A, 0x00, 0x0C, 0x63, 0x1A, 0x00, 0x2B, 0x63, 0x1A, 0x00, 0x0C, 0x63, 0x1A, 0x00, 0x0D,
    0x63, 0x1A, 0x00, 0x0D, 0x63, 0x1A, 0x00, 0x2B, 0x63, 0x1A, 0x00, 0x2A, 0x63, 0x1A, 0x00, 0x0C,
    0x63, 0x1A, 0x00, 0x2A, 0x63, 0x1A, 0x00, 0x2B, 0x63, 0x1A, 0x00, 0x2B, 0x63, 0x1A, 0x00, 0x2B,
    0x63, 0x1A, 0x08, 0x2A, 0x63, 0x1A, 0x00, 0x0C, 0x63, 0x1A, 0x00, 0x0C, 0x63, 0x1A, 0x00, 0x0C,
    0x63, 0x1A, 0x00, 0x0C, 0x63, 0x1A, 0x08, 0x2A, 0x63, 0x1A, 0x00, 0x2A, 0x63, 0x1A, 0x00, 0x0D,
    0x63, 0x1A, 0x08, 0x2A, 0x63, 0x1A, 0x08, 0x2A, 0x63, 0x1A, 0x00, 0x2B, 0x63, 0x1A, 0x00, 0x0C,
    0x63, 0x1A, 0x00, 0x2B, 0x63, 0x1A, 0x08, 0x2A, 0x63, 0x1A, 0x08, 0x2A, 0x63, 0x1A, 0x00, 0x0C,
    0x63, 0x1A, 0x00, 0x0D, 0x63, 0x1A, 0x00, 0x2B, 0x63, 0x1A, 0x08, 0x2A, 0x63, 0x1A, 0x00, 0x2B,
    0x63, 0x1A, 0x00, 0x0C, 0x63, 0x1A, 0x00, 0x0D, 0x63, 0x1A, 0x00, 0x0B, 0x63, 0x1A, 0x00, 0x00,
    0x63, 0x1A, 0x00, 0x00, 0x63, 0x1A, 0x00, 0x00, 0x63, 0x1A, 0x00, 0x00, 0x63, 0x1A, 0x00, 0x0D,
    0x63, 0x1A, 0x00, 0x2B, 0x63, 0x1A, 0x00, 0x2A, 0x63, 0x1A, 0x00, 0x0C, 0x63, 0x1A, 0x00, 0x2A,
    0x63, 0x3B, 0x00, 0x2B, 0x63, 0x3B, 0x00, 0x2B, 0x52, 0xB6, 0x00, 0x2B, 0x00, 0x00, 0x08, 0x2A,
    0x00, 0x0D, 0x94, 0xBF, 0x00, 0x0D, 0x73, 0x9E, 0x00, 0x2B, 0x63, 0x3A, 0x00, 0x2B, 0x63, 0x3A,
    0x00, 0x2B, 0x63, 0x3A, 0x00, 0x0C, 0x63, 0x1A, 0x00, 0x0C, 0x63, 0x1A, 0x00, 0x2B, 0x63, 0x1A,
    0x00, 0x00, 0x63, 0x1A, 0x00, 0x2B, 0x63, 0x1A, 0x00, 0x0B, 0x63, 0x1A, 0x00, 0x0C, 0x63, 0x1A,
    0x00, 0x0C, 0x63, 0x1A, 0x00, 0x0C, 0x63, 0x1A, 0x00, 0x0C, 0x63, 0x1A, 0x00, 0x0C, 0x63, 0x1A,
    0x08, 0x2A, 0x63, 0x1A, 0x00, 0x2B, 0x63, 0x1A, 0x00, 0x0C, 0x63, 0x1A, 0x00, 0x2B, 0x63, 0x1A,
    0x08, 0x2A, 0x63, 0x1A, 0x00, 0x0C, 0x63, 0x1A, 0x00, 0x0C, 0x63, 0x1A, 0x00, 0x0C, 0x63, 0x1A,
    0x00, 0x0C, 0x63, 0x1A, 0x00, 0x2B, 0x63, 0x1A, 0x00, 0x2B, 0x63, 0x1A, 0x00, 0x0C, 0x63, 0x1A,
    0x08, 0x2A, 0x63, 0x1A, 0x08, 0x2A, 0x63, 0x1A, 0x00, 0x0C, 0x63, 0x1A, 0x00, 0x0C, 0x63, 0x1A,
    0x00, 0x0C, 0x63, 0x1A, 0x08, 0x2A, 0x63, 0x1A, 0x00, 0x2B, 0x63, 0x1A, 0x00, 0x0D, 0x63, 0x1A,
    0x00, 0x0D, 0x63, 0x1A, 0x00, 0x2B, 0x63, 0x1A, 0x00, 0x2B, 0x63, 0x1A, 0x00, 0x2B, 0x63, 0x1A,
    0x00, 0x0C, 0x63, 0x1A, 0x00, 0x0C, 0x63, 0x1A, 0x00, 0x2B, 0x63, 0x1A, 0x00, 0x0B, 0x63, 0x1A,
    0x00, 0x2B, 0x63, 0x1A, 0x00, 0x0B, 0x63, 0x1A, 0x00, 0x0C, 0x63, 0x1A, 0x00, 0x0C, 0x63, 0x1A,
    0x00, 0x0C, 0x63, 0x1A, 0x00, 0x0C, 0x63, 0x1A, 0x00, 0x0C, 0x63, 0x1A, 0x08, 0x2A, 0x63, 0x1A,
    0x00, 0x2B, 0x63, 0x1A, 0x00, 0x0C, 0x63, 0x1A, 0x00, 0x2B, 0x63, 0x1A, 0x08, 0x2A, 0x63, 0x1A,
    0x00, 0x0C, 0x63, 0x1A, 0x00, 0x0C, 0x63, 0x1A, 0x00, 0x0C, 0x63, 0x1A, 0x00, 0x0C, 0x63, 0x1A,
    0x00, 0x2B, 0x63, 0x1A, 0x00, 0x2B, 0x63, 0x1A, 0x00, 0x0C, 0x63, 0x1A, 0x08, 0x2A, 0x63, 0x1A,
    0x08, 0x2A, 0x63, 0x1A, 0x00, 0x0C, 0x63, 0x1A, 0x00, 0x0C, 0x63, 0x1A, 0x00, 0x0C, 0x63, 0x1A,
    0x08, 0x2A, 0x63, 0x1A, 0x00, 0x2B, 0x63, 0x1A, 0x00, 0x0D, 0x63, 0x1A, 0x00, 0x0D, 0x63, 0x1A,
    0x00, 0x2B, 0x63, 0x1A, 0x00, 0x2B, 0x63, 0x1A, 0x00, 0x2B, 0x63, 0x1A, 0x00, 0x0C, 0x63, 0x1A,
    0x00, 0x0C, 0x63, 0x1A, 0x00, 0x2B, 0x63, 0x1A, 0x00, 0x0B, 0x63, 0x1A, 0x00, 0x2B, 0x63, 0x1A,
    0x00, 0x0B, 0x63, 0x1A, 0x00, 0x0C, 0x63, 0x1A, 0x00, 0x0C, 0x63, 0x1A, 0x00, 0x0C, 0x63, 0x1A,
    0x00, 0x0C, 0x63, 0x1A, 0x00, 0x0C, 0x63, 0x1A, 0x08, 0x2A, 0x63, 0x1A, 0x00, 0x2B, 0x63, 0x1A,
    0x00, 0x0C, 0x63, 0x1A, 0x00, 0x2B, 0x63, 0x1A, 0x08, 0x2A, 0x63, 0x1A, 0x00, 0x0C, 0x63, 0x1A,
    0x00, 0x0C, 0x63, 0x1A, 0x00, 0x0C, 0x63, 0x1A, 0x00, 0x0C, 0x63, 0x1A, 0x00, 0x2B, 0x63, 0x1A,
    0x00, 0x2B, 0x63, 0x1A, 0x00, 0x0C, 0x63, 0x1A, 0x08, 0x2A, 0x63, 0x1A, 0x08, 0x2A, 0x63, 0x1A,
    0x00, 0x0C, 0x63, 0x1A, 0x00, 0x0C, 0x63, 0x1A, 0x00, 0x0C, 0x63, 0x1A, 0x08, 0x2A, 0x63, 0x1A,
    0x00, 0x2B, 0x63, 0x1A, 0x00, 0x0D, 0x63, 0x1A, 0x00, 0x0D, 0x63, 0x1A, 0x00, 0x2B, 0x63, 0x1A,
    0x00, 0x2B, 0x63, 0x1A, 0x00, 0x2B, 0x63, 0x1A, 0x00, 0x0C, 0x63, 0x1A, 0x00, 0x0C, 0x63, 0x1A,
    0x00, 0x2B, 0x63, 0x1A, 0x00, 0x0B, 0x63, 0x1A, 0x00, 0x2B, 0x63, 0x1A, 0x00, 0x0B, 0x63, 0x1A,
    0x00, 0x0C, 0x63, 0x1A, 0x00, 0x0C, 0x63, 0x1A, 0x00, 0x0C, 0x63, 0x1A, 0x00, 0x0C, 0x63, 0x1A,
    0x00, 0x0C, 0x63, 0x1A, 0x08, 0x2A, 0x63, 0x1A, 0x00, 0x2B, 0x63, 0x1A, 0x00, 0x0C, 0x63, 0x1A,
    0x00, 0x2B, 0x63, 0x1A, 0x08, 0x2A, 0x63, 0x1A, 0x00, 0x0C, 0x63, 0x1A, 0x00, 0x0C, 0x63, 0x1A,
    0x00, 0x0C, 0x63, 0x1A, 0x00, 0x0C, 0x63, 0x1A, 0x00, 0x2B, 0x63, 0x1A, 0x00, 0x2B, 0x63, 0x1A,
    0x00, 0x0C, 0x63, 0x1A, 0x08, 0x2A, 0x63, 0x1A, 0x08, 0x2A, 0x63, 0x1A, 0x00, 0x0C, 0x63, 0x1A,
    0x00, 0x0C, 0x63, 0x1A, 0x00, 0x0C, 0x63, 0x1A, 0x08, 0x2A, 0x63, 0x1A, 0x00, 0x2B, 0x63, 0x1A,
    0x00, 0x0D, 0x63, 0x1A, 0x00, 0x0D, 0x63, 0x1A, 0x00, 0x2B, 0x63, 0x1A, 0x00, 0x2B, 0x63, 0x1A,
    0x00, 0x2B, 0x63, 0x1A, 0x00, 0x0C, 0x63, 0x1A, 0x00, 0x0C, 0x63, 0x1A, 0x00, 0x2B, 0x63, 0x1A,
    0x00, 0x0B, 0x63, 0x1A, 0x00, 0x00, 0x63, 0x1A, 0x00, 0x0B, 0x63, 0x1A, 0x00, 0x0C, 0x63, 0x1A,
    0x00, 0x0C, 0x63, 0x1A, 0x00, 0x0C, 0x63, 0x1A, 0x00, 0x0C, 0x63, 0x1A, 0x00, 0x0C, 0x63, 0x3A,
    0x08, 0x2A, 0x63, 0x3A, 0x00, 0x2B, 0x94, 0x7F, 0x00, 0x0C, 0x00, 0x00, 0x00, 0x2B, 0x00, 0x00,
    0xD6, 0xBF, 0x00, 0x0D, 0x8C, 0x5F, 0x00, 0x0C, 0x00, 0x00, 0x00, 0x2B, 0x63, 0x1A, 0x00, 0x2B,
    0x63, 0x1A, 0x00, 0x2B, 0x62, 0xFA, 0x00, 0x0C, 0x62, 0xFA, 0x00, 0x0B, 0x62, 0xFA, 0x00, 0x2B,
    0x62, 0xFA, 0x00, 0x0C, 0x62, 0xFA, 0x00, 0x2B, 0x62, 0xFA, 0x00, 0x2B, 0x62, 0xFA, 0x00, 0x2B,
    0x62, 0xFA, 0x00, 0x0C, 0x62, 0xFA, 0x00, 0x0C, 0x62, 0xFA, 0x00, 0x0E, 0x62, 0xFA, 0x00, 0x0D,
    0x62, 0xFA, 0x00, 0x2B, 0x62, 0xFA, 0x00, 0x0C, 0x62, 0xFA, 0x00, 0x0D, 0x62, 0xFA, 0x00, 0x2A,
    0x62, 0xFA, 0x08, 0x2A, 0x62, 0xFA, 0x00, 0x0C, 0x62, 0xFA, 0x00, 0x0C, 0x62, 0xFA, 0x00, 0x0C,
    0x62, 0xFA, 0x00, 0x0C, 0x62, 0xFA, 0x00, 0x0C, 0x62, 0xFA, 0x00, 0x0C, 0x62, 0xFA, 0x00, 0x0C,
    0x62, 0xFA, 0x08, 0x2A, 0x62, 0xFA, 0x00, 0x0C, 0x62, 0xFA, 0x00, 0x0C, 0x62, 0xFA, 0x00, 0x0D,
    0x62, 0xFA, 0x00, 0x0C, 0x62, 0xFA, 0x08, 0x2A, 0x62, 0xFA, 0x00, 0x0B, 0x62, 0xFA, 0x00, 0x0D,
    0x62, 0xFA, 0x00, 0x0C, 0x62, 0xFA, 0x00, 0x2B, 0x62, 0xFA, 0x00, 0x2B, 0x62, 0xFA, 0x00, 0x2B,
    0x62, 0xFA, 0x00, 0x0C, 0x62, 0xFA, 0x00, 0x0B, 0x62, 0xFA, 0x00, 0x2B, 0x62, 0xFA, 0x00, 0x0C,
    0x62, 0xFA, 0x00, 0x2B, 0x62, 0xFA, 0x00, 0x2B, 0x62, 0xFA, 0x00, 0x2B, 0x62, 0xFA, 0x00, 0x0C,
    0x62, 0xFA, 0x00, 0x0C, 0x62, 0xFA, 0x00, 0x0E, 0x62, 0xFA, 0x00, 0x0D, 0x62, 0xFA, 0x00, 0x2B,
    0x62, 0xFA, 0x00, 0x0C, 0x62, 0xFA, 0x00, 0x0D, 0x62, 0xFA, 0x00, 0x2A, 0x62, 0xFA, 0x08, 0x2A,
    0x62, 0xFA, 0x00, 0x0C, 0x62, 0xFA, 0x00, 0x0C, 0x62, 0xFA, 0x00, 0x0C, 0x62, 0xFA, 0x00, 0x0C,
    0x62, 0xFA, 0x00, 0x0C, 0x62, 0xFA, 0x00, 0x0C, 0x62, 0xFA, 0x00, 0x0C, 0x62, 0xFA, 0x08, 0x2A,
    0x62, 0xFA, 0x00, 0x0C, 0x62, 0xFA, 0x00, 0x0C, 0x62, 0xFA, 0x00, 0x0D, 0x62, 0xFA, 0x00, 0x0C,
    0x62, 0xFA, 0x08, 0x2A, 0x62, 0xFA, 0x00, 0x0B, 0x62, 0xFA, 0x00, 0x0D, 0x62, 0xFA, 0x00, 0x0C,
    0x62, 0xFA, 0x00, 0x2B, 0x62, 0xFA, 0x00, 0x2B, 0x62, 0xFA, 0x00, 0x2B, 0x62, 0xFA, 0x00, 0x0C,
    0x62, 0xFA, 0x00, 0x0B, 0x62, 0xFA, 0x00, 0x2B, 0x62, 0xFA, 0x00, 0x0C, 0x62, 0xFA, 0x00, 0x2B,
    0x62, 0xFA, 0x00, 0x2B, 0x62, 0xFA, 0x00, 0x2B, 0x62, 0xFA, 0x00, 0x0C, 0x62, 0xFA, 0x00, 0x0C,
    0x62, 0xFA, 0x00, 0x0E, 0x62, 0xFA, 0x00, 0x0D, 0x62, 0xFA, 0x00, 0x2B, 0x62, 0xFA, 0x00, 0x0C,
    0x62, 0xFA, 0x00, 0x0D, 0x62, 0xFA, 0x00, 0x2A, 0x62, 0xFA, 0x08, 0x2A, 0x62, 0xFA, 0x00, 0x0C,
    0x62, 0xFA, 0x00, 0x0C, 0x62, 0xFA, 0x00, 0x0C, 0x62, 0xFA, 0x00, 0x0C, 0x62, 0xFA, 0x00, 0x0C,
    0x62, 0xFA, 0x00, 0x0C, 0x62, 0xFA, 0x00, 0x0C, 0x62, 0xFA, 0x08, 0x2A, 0x62, 0xFA, 0x00, 0x0C,
    0x62, 0xFA, 0x00, 0x0C, 0x62, 0xFA, 0x00, 0x0D, 0x62, 0xFA, 0x00, 0x0C, 0x62, 0xFA, 0x08, 0x2A,
    0x62, 0xFA, 0x00, 0x0B, 0x62, 0xFA, 0x00, 0x0D, 0x62, 0xFA, 0x00, 0x0C, 0x62, 0xFA, 0x00, 0x2B,
    0x62, 0xFA, 0x00, 0x2B, 0x62, 0xFA, 0x00, 0x2B, 0x62, 0xFA, 0x00, 0x0C, 0x62, 0xFA, 0x00, 0x0B,
    0x62, 0xFA, 0x00, 0x2B, 0x62, 0xFA, 0x00, 0x0C, 0x62, 0xFA, 0x00, 0x2B, 0x62, 0xFA, 0x00, 0x2B,
    0x62, 0xFA, 0x00, 0x2B, 0x62, 0xFA, 0x00, 0x0C, 0x62, 0xFA, 0x00, 0x0C, 0x62, 0xFA, 0x00, 0x0E,
    0x62, 0xFA, 0x00, 0x0D, 0x62, 0xFA, 0x00, 0x2B, 0x62, 0xFA, 0x00, 0x0C, 0x62, 0xFA, 0x00, 0x0D,
    0x62, 0xFA, 0x00, 0x2A, 0x62, 0xFA, 0x08, 0x2A, 0x62, 0xFA, 0x00, 0x0C, 0x62, 0xFA, 0x00, 0x0C,
    0x62, 0xFA, 0x00, 0x0C, 0x62, 0xFA, 0x00, 0x0C, 0x62, 0xFA, 0x00, 0x0C, 0x62, 0xFA, 0x00, 0x0C,
    0x62, 0xFA, 0x00, 0x0C, 0x62, 0xFA, 0x08, 0x2A, 0x62, 0xFA, 0x00, 0x0C, 0x62, 0xFA, 0x00, 0x0C,
    0x62, 0xFA, 0x00, 0x0D, 0x62, 0xFA, 0x00, 0x0C, 0x62, 0xFA, 0x08, 0x2A, 0x62, 0xFA, 0x00, 0x0B,
    0x62, 0xFA, 0x00, 0x0D, 0x62, 0xFA, 0x00, 0x0C, 0x62, 0xFA, 0x00, 0x2B, 0x62, 0xFA, 0x00, 0x2B,
    0x62, 0xFA, 0x00, 0x2B, 0x62, 0xFA, 0x00, 0x0C, 0x62, 0xFA, 0x00, 0x0B, 0x62, 0xFA, 0x00, 0x2B,
    0x62, 0xFA, 0x00, 0x0C, 0x62, 0xFA, 0x00, 0x2B, 0x62, 0xFA, 0x00, 0x2B, 0x62, 0xFA, 0x00, 0x2B,
    0x62, 0xFA, 0x00, 0x0C, 0x62, 0xFA, 0x00, 0x0C, 0x62, 0xFA, 0x00, 0x0E, 0x62, 0xFA, 0x00, 0x0D,
    0x63, 0x1A, 0x00, 0x2B, 0x63, 0x1A, 0x00, 0x0C, 0x52, 0x96, 0x00, 0x0D, 0x00, 0x00, 0x00, 0x2A,
    0x00, 0x2B, 0x94, 0x9F, 0x00, 0x2B, 0x73, 0x7E, 0x00, 0x2B, 0x63, 0x1A, 0x00, 0x2B, 0x63, 0x1A,
    0x08, 0x2A, 0x63, 0x1A, 0x08, 0x2A, 0x62, 0xFA, 0x00, 0x0B, 0x62, 0xFA, 0x00, 0x0B, 0x62, 0xFA,
    0x00, 0x0C, 0x62, 0xFA, 0x00, 0x0D, 0x62, 0xFA, 0x00, 0x2B, 0x62, 0xFA, 0x08, 0x2A, 0x62, 0xFA,
    0x00, 0x0B, 0x62, 0xFA, 0x00, 0x0C, 0x62, 0xFA, 0x00, 0x0D, 0x62, 0xFA, 0x00, 0x0E, 0x62, 0xFA,
    0x00, 0x0C, 0x62, 0xFA, 0x00, 0x0B, 0x62, 0xFA, 0x00, 0x0D, 0x62, 0xFA, 0x00, 0x0D, 0x62, 0xFA,
    0x08, 0x2A, 0x62, 0xFA, 0x08, 0x2A, 0x62, 0xFA, 0x00, 0x0C, 0x62, 0xFA, 0x00, 0x0C, 0x62, 0xFA,
    0x00, 0x0C, 0x62, 0xFA, 0x00, 0x0C, 0x62, 0xFA, 0x00, 0x0C, 0x62, 0xFA, 0x00, 0x0D, 0x62, 0xFA,
    0x00, 0x0C, 0x62, 0xFA, 0x00, 0x0C, 0x62, 0xFA, 0x00, 0x0C, 0x62, 0xFA, 0x00, 0x0C, 0x62, 0xFA,
    0x00, 0x0E, 0x62, 0xFA, 0x00, 0x0C, 0x62, 0xFA, 0x00, 0x2B, 0x62, 0xFA, 0x00, 0x2B, 0x62, 0xFA,
    0x00, 0x2B, 0x62, 0xFA, 0x00, 0x2B, 0x62, 0xFA, 0x00, 0x2B, 0x62, 0xFA, 0x08, 0x2A, 0x62, 0xFA,
    0x08, 0x2A, 0x62, 0xFA, 0x00, 0x0B, 0x62, 0xFA, 0x00, 0x0B, 0x62, 0xFA, 0x00, 0x0C, 0x62, 0xFA,
    0x00, 0x0D, 0x62, 0xFA, 0x00, 0x2B, 0x62, 0xFA, 0x08, 0x2A, 0x62, 0xFA, 0x00, 0x0B, 0x62, 0xFA,
    0x00, 0x0C, 0x62, 0xFA, 0x00, 0x0D, 0x62, 0xFA, 0x00, 0x0E, 0x62, 0xFA, 0x00, 0x0C, 0x62, 0xFA,
    0x00, 0x0B, 0x62, 0xFA, 0x00, 0x0D, 0x62, 0xFA, 0x00, 0x0D, 0x62, 0xFA, 0x08, 0x2A, 0x62, 0xFA,
    0x08, 0x2A, 0x62, 0xFA, 0x00, 0x0C, 0x62, 0xFA, 0x00, 0x0C, 0x62, 0xFA, 0x00, 0x0C, 0x62, 0xFA,
    0x00, 0x0C, 0x62, 0xFA, 0x00, 0x0C, 0x62, 0xFA, 0x00, 0x0D, 0x62, 0xFA, 0x00, 0x0C, 0x62, 0xFA,
    0x00, 0x0C, 0x62, 0xFA, 0x00, 0x0C, 0x62, 0xFA, 0x00, 0x0C, 0x62, 0xFA, 0x00, 0x0E, 0x62, 0xFA,
    0x00, 0x0C, 0x62, 0xFA, 0x00, 0x2B, 0x62, 0xFA, 0x00, 0x2B, 0x62, 0xFA, 0x00, 0x2B, 0x62, 0xFA,
    0x00, 0x2B, 0x62, 0xFA, 0x00, 0x2B, 0x62, 0xFA, 0x08, 0x2A, 0x62, 0xFA, 0x08, 0x2A, 0x62, 0xFA,
    0x00, 0x0B, 0x62, 0xFA, 0x00, 0x0B, 0x62, 0xFA, 0x00, 0x0C, 0x62, 0xFA, 0x00, 0x0D, 0x62, 0xFA,
    0x00, 0x2B, 0x62, 0xFA, 0x08, 0x2A, 0x62, 0xFA, 0x00, 0x0B, 0x62, 0xFA, 0x00, 0x0C, 0x62, 0xFA,
    0x00, 0x0D, 0x62, 0xFA, 0x00, 0x0E, 0x62, 0xFA, 0x00, 0x0C, 0x62, 0xFA, 0x00, 0x0B, 0x62, 0xFA,
    0x00, 0x0D, 0x62, 0xFA, 0x00, 0x0D, 0x62, 0xFA, 0x08, 0x2A, 0x62, 0xFA, 0x08, 0x2A, 0x62, 0xFA,
    0x00, 0x0C, 0x62, 0xFA, 0x00, 0x0C, 0x62, 0xFA, 0x00, 0x0C, 0x62, 0xFA, 0x00, 0x0C, 0x62, 0xFA,
    0x00, 0x0C, 0x62, 0xFA, 0x00, 0x0D, 0x62, 0xFA, 0x00, 0x0C, 0x62, 0xFA, 0x00, 0x0C, 0x62, 0xFA,
    0x00, 0x0C, 0x62, 0xFA, 0x00, 0x0C, 0x62, 0xFA, 0x00, 0x0E, 0x62, 0xFA, 0x00, 0x0C, 0x62, 0xFA,
    0x00, 0x2B, 0x62, 0xFA, 0x00, 0x2B, 0x62, 0xFA, 0x00, 0x2B, 0x62, 0xFA, 0x00, 0x2B, 0x62, 0xFA,
    0x00, 0x2B, 0x62, 0xFA, 0x08, 0x2A, 0x62, 0xFA, 0x08, 0x2A, 0x62, 0xFA, 0x00, 0x0B, 0x62, 0xFA,
    0x00, 0x0B, 0x62, 0xFA, 0x00, 0x0C, 0x62, 0xFA, 0x00, 0x0D, 0x62, 0xFA, 0x00, 0x2B, 0x62, 0xFA,
    0x08, 0x2A, 0x62, 0xFA, 0x00, 0x0B, 0x62, 0xFA, 0x00, 0x0C, 0x62, 0xFA, 0x00, 0x0D, 0x62, 0xFA,
    0x00, 0x0E, 0x62, 0xFA, 0x00, 0x0C, 0x62, 0xFA, 0x00, 0x0B, 0x62, 0xFA, 0x00, 0x0D, 0x62, 0xFA,
    0x00, 0x0D, 0x62, 0xFA, 0x08, 0x2A, 0x62, 0xFA, 0x08, 0x2A, 0x62, 0xFA, 0x00, 0x0C, 0x62, 0xFA,
    0x00, 0x0C, 0x62, 0xFA, 0x00, 0x0C, 0x62, 0xFA, 0x00, 0x0C, 0x62, 0xFA, 0x00, 0x0C, 0x62, 0xFA,
    0x00, 0x0D, 0x62, 0xFA, 0x00, 0x0C, 0x62, 0xFA, 0x00, 0x0C, 0x62, 0xFA, 0x00, 0x0C, 0x62, 0xFA,
    0x00, 0x0C, 0x62, 0xFA, 0x00, 0x0E, 0x62, 0xFA, 0x00, 0x0C, 0x62, 0xFA, 0x00, 0x2B, 0x62, 0xFA,
    0x00, 0x2B, 0x62, 0xFA, 0x00, 0x2B, 0x62, 0xFA, 0x00, 0x2B, 0x62, 0xFA, 0x00, 0x2B, 0x62, 0xFA,
    0x08, 0x2A, 0x62, 0xFA, 0x08, 0x2A, 0x62, 0xFA, 0x00, 0x0B, 0x62, 0xFA, 0x00, 0x0B, 0x62, 0xFA,
    0x00, 0x0C, 0x62, 0xFA, 0x00, 0x0D, 0x62, 0xFA, 0x00, 0x2B, 0x62, 0xFA, 0x08, 0x2A, 0x62, 0xFA,
    0x00, 0x0B, 0x62, 0xFA, 0x00, 0x0C, 0x62, 0xFA, 0x00, 0x0D, 0x62, 0xFA, 0x00, 0x0E, 0x63, 0x1A,
    0x00, 0x0C, 0x63, 0x1A, 0x00, 0x0B, 0x8C, 0x7F, 0x00, 0x0D, 0x00, 0x00, 0x00, 0x0D, 0x00, 0x00,
    0xD6, 0x9F, 0x08, 0x2A, 0x8C, 0x3F, 0x00, 0x2B, 0x00, 0x00, 0x00, 0x2B, 0x63, 0x1A, 0x00, 0x2B,
    0x63, 0x1A, 0x08, 0x2A, 0x5A, 0xF9, 0x00, 0x2B, 0x5A, 0xF9, 0x00, 0x2B, 0x5A, 0xF9, 0x00, 0x2B,
    0x5A, 0xF9, 0x00, 0x0D, 0x5A, 0xF9, 0x00, 0x0D, 0x5A, 0xF9, 0x00, 0x0C, 0x5A, 0xF9, 0x00, 0x2A,
    0x5A, 0xF9, 0x00, 0x2B, 0x5A, 0xF9, 0x00, 0x2B, 0x5A, 0xF9, 0x00, 0x0B, 0x5A, 0xF9, 0x00, 0x0C,
    0x5A, 0xF9, 0x00, 0x2B, 0x5A, 0xF9, 0x00, 0x0C, 0x5A, 0xF9, 0x00, 0x0E, 0x5A, 0xF9, 0x00, 0x0C,
    0x5A, 0xF9, 0x08, 0x2A, 0x5A, 0xF9, 0x00, 0x2B, 0x5A, 0xF9, 0x00, 0x0C, 0x5A, 0xF9, 0x00, 0x2B,
    0x5A, 0xF9, 0x00, 0x0B, 0x5A, 0xF9, 0x00, 0x2B, 0x5A, 0xF9, 0x00, 0x0C, 0x5A, 0xF9, 0x00, 0x0D,
    0x5A, 0xF9, 0x00, 0x0C, 0x5A, 0xF9, 0x00, 0x0C, 0x5A, 0xF9, 0x00, 0x0C, 0x5A, 0xF9, 0x00, 0x0D,
    0x5A, 0xF9, 0x00, 0x0E, 0x5A, 0xF9, 0x00, 0x2B, 0x5A, 0xF9, 0x00, 0x2B, 0x5A, 0xF9, 0x08, 0x2A,
    0x5A, 0xF9, 0x00, 0x2B, 0x5A, 0xF9, 0x00, 0x2B, 0x5A, 0xF9, 0x00, 0x2B, 0x5A, 0xF9, 0x08, 0x2A,
    0x5A, 0xF9, 0x00, 0x2B, 0x5A, 0xF9, 0x00, 0x2B, 0x5A, 0xF9, 0x00, 0x2B, 0x5A, 0xF9, 0x00, 0x0D,
    0x5A, 0xF9, 0x00, 0x0D, 0x5A, 0xF9, 0x00, 0x0C, 0x5A, 0xF9, 0x00, 0x2A, 0x5A, 0xF9, 0x00, 0x2B,
    0x5A, 0xF9, 0x00, 0x2B, 0x5A, 0xF9, 0x00, 0x0B, 0x5A, 0xF9, 0x00, 0x0C, 0x5A, 0xF9, 0x00, 0x2B,
    0x5A, 0xF9, 0x00, 0x0C, 0x5A, 0xF9, 0x00, 0x0E, 0x5A, 0xF9, 0x00, 0x0C, 0x5A, 0xF9, 0x08, 0x2A,
    0x5A, 0xF9, 0x00, 0x2B, 0x5A, 0xF9, 0x00, 0x0C, 0x5A, 0xF9, 0x00, 0x2B, 0x5A, 0xF9, 0x00, 0x0B,
    0x5A, 0xF9, 0x00, 0x2B, 0x5A, 0xF9, 0x00, 0x0C, 0x5A, 0xF9, 0x00, 0x0D, 0x5A, 0xF9, 0x00, 0x0C,
    0x5A, 0xF9, 0x00, 0x0C, 0x5A, 0xF9, 0x00, 0x0C, 0x5A, 0xF9, 0x00, 0x0D, 0x5A, 0xF9, 0x00, 0x0E,
    0x5A, 0xF9, 0x00, 0x2B, 0x5A, 0xF9, 0x00, 0x2B, 0x5A, 0xF9, 0x08, 0x2A, 0x5A, 0xF9, 0x00, 0x2B,
    0x5A, 0xF9, 0x00, 0x2B, 0x5A, 0xF9, 0x00, 0x2B, 0x5A, 0xF9, 0x08, 0x2A, 0x5A, 0xF9, 0x00, 0x2B,
    0x5A, 0xF9, 0x00, 0x2B, 0x5A, 0xF9, 0x00, 0x2B, 0x5A, 0xF9, 0x00, 0x0D, 0x5A, 0xF9, 0x00, 0x0D,
    0x5A, 0xF9, 0x00, 0x0C, 0x5A, 0xF9, 0x00, 0x2A, 0x5A, 0xF9, 0x00, 0x2B, 0x5A, 0xF9, 0x00, 0x2B,
    0x5A, 0xF9, 0x00, 0x0B, 0x5A, 0xF9, 0x00, 0x0C, 0x5A, 0xF9, 0x00, 0x2B, 0x5A, 0xF9, 0x00, 0x0C,
    0x5A, 0xF9, 0x00, 0x0E, 0x5A, 0xF9, 0x00, 0x0C, 0x5A, 0xF9, 0x08, 0x2A, 0x5A, 0xF9, 0x00, 0x2B,
    0x5A, 0xF9, 0x00, 0x0C, 0x5A, 0xF9, 0x00, 0x2B, 0x5A, 0xF9, 0x00, 0x0B, 0x5A, 0xF9, 0x00, 0x2B,
    0x5A, 0xF9, 0x00, 0x0C, 0x5A, 0xF9, 0x00, 0x0D, 0x5A, 0xF9, 0x00, 0x0C, 0x5A, 0xF9, 0x00, 0x0C,
    0x5A, 0xF9, 0x00, 0x0C, 0x5A, 0xF9, 0x00, 0x0D, 0x5A, 0xF9, 0x00, 0x0E, 0x5A, 0xF9, 0x00, 0x2B,
    0x5A, 0xF9, 0x00, 0x2B, 0x5A, 0xF9, 0x08, 0x2A, 0x5A, 0xF9, 0x00, 0x2B, 0x5A, 0xF9, 0x00, 0x2B,
    0x5A, 0xF9, 0x00, 0x2B, 0x5A, 0xF9, 0x08, 0x2A, 0x5A, 0xF9, 0x00, 0x2B, 0x5A, 0xF9, 0x00, 0x2B,
    0x5A, 0xF9, 0x00, 0x2B, 0x5A, 0xF9, 0x00, 0x0D, 0x5A, 0xF9, 0x00, 0x0D, 0x5A, 0xF9, 0x00, 0x0C,
    0x5A, 0xF9, 0x00, 0x2A, 0x5A, 0xF9, 0x00, 0x2B, 0x5A, 0xF9, 0x00, 0x2B, 0x5A, 0xF9, 0x00, 0x0B,
    0x5A, 0xF9, 0x00, 0x0C, 0x5A, 0xF9, 0x00, 0x2B, 0x5A, 0xF9, 0x00, 0x0C, 0x5A, 0xF9, 0x00, 0x0E,
    0x5A, 0xF9, 0x00, 0x0C, 0x5A, 0xF9, 0x08, 0x2A, 0x5A, 0xF9, 0x00, 0x2B, 0x5A, 0xF9, 0x00, 0x0C,
    0x5A, 0xF9, 0x00, 0x2B, 0x5A, 0xF9, 0x00, 0x0B, 0x5A, 0xF9, 0x00, 0x2B, 0x5A, 0xF9, 0x00, 0x0C,
    0x5A, 0xF9, 0x00, 0x0D, 0x5A, 0xF9, 0x00, 0x0C, 0x5A, 0xF9, 0x00, 0x0C, 0x5A, 0xF9, 0x00, 0x0C,
    0x5A, 0xF9, 0x00, 0x0D, 0x5A, 0xF9, 0x00, 0x0E, 0x5A, 0xF9, 0x00, 0x2B, 0x5A, 0xF9, 0x00, 0x2B,
    0x5A, 0xF9, 0x08, 0x2A, 0x5A, 0xF9, 0x00, 0x2B, 0x5A, 0xF9, 0x00, 0x2B, 0x5A, 0xF9, 0x00, 0x2B,
    0x5A, 0xF9, 0x08, 0x2A, 0x5A, 0xF9, 0x00, 0x2B, 0x5A, 0xF9, 0x00, 0x2B, 0x5A, 0xF9, 0x00, 0x2B,
    0x5A, 0xF9, 0x00, 0x0D, 0x5A, 0xF9, 0x00, 0x0D, 0x5A, 0xF9, 0x00, 0x0C, 0x5A, 0xF9, 0x00, 0x2A,
    0x5A, 0xF9, 0x00, 0x2B, 0x5A, 0xF9, 0x00, 0x2B, 0x5A, 0xF9, 0x00, 0x0B, 0x5A, 0xF9, 0x00, 0x0C,
    0x63, 0x1A, 0x00, 0x2B, 0x63, 0x1A, 0x00, 0x0C, 0x52, 0x96, 0x00, 0x0E, 0x00, 0x00, 0x00, 0x0C,
    0x00, 0x2B, 0x94, 0x7F, 0x00, 0x0B, 0x6B, 0x5D, 0x00, 0x2B, 0x62, 0xFA, 0x00, 0x0C, 0x62, 0xFA,
    0x00, 0x0B, 0x62, 0xFA, 0x08, 0x2A, 0x5A, 0xF9, 0x00, 0x2B, 0x5A, 0xF9, 0x08, 0x2A, 0x5A, 0xF9,
    0x00, 0x0C, 0x5A, 0xF9, 0x00, 0x0D, 0x5A, 0xF9, 0x00, 0x0D, 0x5A, 0xF9, 0x00, 0x0C, 0x5A, 0xF9,
    0x00, 0x2A, 0x5A, 0xF9, 0x08, 0x2A, 0x5A, 0xF9, 0x08, 0x2A, 0x5A, 0xF9, 0x08, 0x2A, 0x5A, 0xF9,
    0x08, 0x2A, 0x5A, 0xF9, 0x00, 0x2B, 0x5A, 0xF9, 0x00, 0x0C, 0x5A, 0xF9, 0x00, 0x0E, 0x5A, 0xF9,
    0x00, 0x2B, 0x5A, 0xF9, 0x08, 0x2A, 0x5A, 0xF9, 0x00, 0x0B, 0x5A, 0xF9, 0x00, 0x2B, 0x5A, 0xF9,
    0x00, 0x2B, 0x5A, 0xF9, 0x08, 0x2A, 0x5A, 0xF9, 0x00, 0x2B, 0x5A, 0xF9, 0x00, 0x0C, 0x5A, 0xF9,
    0x00, 0x0C, 0x5A, 0xF9, 0x00, 0x0C, 0x5A, 0xF9, 0x00, 0x0C, 0x5A, 0xF9, 0x00, 0x0B, 0x5A, 0xF9,
    0x00, 0x0D, 0x5A, 0xF9, 0x00, 0x0D, 0x5A, 0xF9, 0x00, 0x2B, 0x5A, 0xF9, 0x00, 0x2B, 0x5A, 0xF9,
    0x00, 0x0B, 0x5A, 0xF9, 0x00, 0x2B, 0x5A, 0xF9, 0x00, 0x0C, 0x5A, 0xF9, 0x00, 0x0B, 0x5A, 0xF9,
    0x08, 0x2A, 0x5A, 0xF9, 0x00, 0x2B, 0x5A, 0xF9, 0x08, 0x2A, 0x5A, 0xF9, 0x00, 0x0C, 0x5A, 0xF9,
    0x00, 0x0D, 0x5A, 0xF9, 0x00, 0x0D, 0x5A, 0xF9, 0x00, 0x0C, 0x5A, 0xF9, 0x00, 0x2A, 0x5A, 0xF9,
    0x08, 0x2A, 0x5A, 0xF9, 0x08, 0x2A, 0x5A, 0xF9, 0x08, 0x2A, 0x5A, 0xF9, 0x08, 0x2A, 0x5A, 0xF9,
    0x00, 0x2B, 0x5A, 0xF9, 0x00, 0x0C, 0x5A, 0xF9, 0x00, 0x0E, 0x5A, 0xF9, 0x00, 0x2B, 0x5A, 0xF9,
    0x08, 0x2A, 0x5A, 0xF9, 0x00, 0x0B, 0x5A, 0xF9, 0x00, 0x2B, 0x5A, 0xF9, 0x00, 0x2B, 0x5A, 0xF9,
    0x08, 0x2A, 0x5A, 0xF9, 0x00, 0x2B, 0x5A, 0xF9, 0x00, 0x0C, 0x5A, 0xF9, 0x00, 0x0C, 0x5A, 0xF9,
    0x00, 0x0C, 0x5A, 0xF9, 0x00, 0x0C, 0x5A, 0xF9, 0x00, 0x0B, 0x5A, 0xF9, 0x00, 0x0D, 0x5A, 0xF9,
    0x00, 0x0D, 0x5A, 0xF9, 0x00, 0x2B, 0x5A, 0xF9, 0x00, 0x2B, 0x5A, 0xF9, 0x00, 0x0B, 0x5A, 0xF9,
    0x00, 0x2B, 0x5A, 0xF9, 0x00, 0x0C, 0x5A, 0xF9, 0x00, 0x0B, 0x5A, 0xF9, 0x08, 0x2A, 0x5A, 0xF9,
    0x00, 0x2B, 0x5A, 0xF9, 0x08, 0x2A, 0x5A, 0xF9, 0x00, 0x0C, 0x5A, 0xF9, 0x00, 0x0D, 0x5A, 0xF9,
    0x00, 0x0D, 0x5A, 0xF9, 0x00, 0x0C, 0x5A, 0xF9, 0x00, 0x2A, 0x5A, 0xF9, 0x08, 0x2A, 0x5A, 0xF9,
    0x08, 0x2A, 0x5A, 0xF9, 0x08, 0x2A, 0x5A, 0xF9, 0x08, 0x2A, 0x5A, 0xF9, 0x00, 0x2B, 0x5A, 0xF9,
    0x00, 0x0C, 0x5A, 0xF9, 0x00, 0x0E, 0x5A, 0xF9, 0x00, 0x2B, 0x5A, 0xF9, 0x08, 0x2A, 0x5A, 0xF9,
    0x00, 0x0B, 0x5A, 0xF9, 0x00, 0x2B, 0x5A, 0xF9, 0x00, 0x2B, 0x5A, 0xF9, 0x08, 0x2A, 0x5A, 0xF9,
    0x00, 0x2B, 0x5A, 0xF9, 0x00, 0x0C, 0x5A, 0xF9, 0x00, 0x0C, 0x5A, 0xF9, 0x00, 0x0C, 0x5A, 0xF9,
    0x00, 0x0C, 0x5A, 0xF9, 0x00, 0x0B, 0x5A, 0xF9, 0x00, 0x0D, 0x5A, 0xF9, 0x00, 0x0D, 0x5A, 0xF9,
    0x00, 0x2B, 0x5A, 0xF9, 0x00, 0x2B, 0x5A, 0xF9, 0x00, 0x0B, 0x5A, 0xF9, 0x00, 0x2B, 0x5A, 0xF9,
    0x00, 0x0C, 0x5A, 0xF9, 0x00, 0x0B, 0x5A, 0xF9, 0x08, 0x2A, 0x5A, 0xF9, 0x00, 0x2B, 0x5A, 0xF9,
    0x08, 0x2A, 0x5A, 0xF9, 0x00, 0x0C, 0x5A, 0xF9, 0x00, 0x0D, 0x5A, 0xF9, 0x00, 0x0D, 0x5A, 0xF9,
    0x00, 0x0C, 0x5A, 0xF9, 0x00, 0x2A, 0x5A, 0xF9, 0x08, 0x2A, 0x5A, 0xF9, 0x08, 0x2A, 0x5A, 0xF9,
    0x08, 0x2A, 0x5A, 0xF9, 0x08, 0x2A, 0x5A, 0xF9, 0x00, 0x2B, 0x5A, 0xF9, 0x00, 0x0C, 0x5A, 0xF9,
    0x00, 0x0E, 0x5A, 0xF9, 0x00, 0x2B, 0x5A, 0xF9, 0x08, 0x2A, 0x5A, 0xF9, 0x00, 0x0B, 0x5A, 0xF9,
    0x00, 0x2B, 0x5A, 0xF9, 0x00, 0x2B, 0x5A, 0xF9, 0x08, 0x2A, 0x5A, 0xF9, 0x00, 0x2B, 0x5A, 0xF9,
    0x00, 0x0C, 0x5A, 0xF9, 0x00, 0x0C, 0x5A, 0xF9, 0x00, 0x0C, 0x5A, 0xF9, 0x00, 0x0C, 0x5A, 0xF9,
    0x00, 0x0B, 0x5A, 0xF9, 0x00, 0x0D, 0x5A, 0xF9, 0x00, 0x0D, 0x5A, 0xF9, 0x00, 0x2B, 0x5A, 0xF9,
    0x00, 0x2B, 0x5A, 0xF9, 0x00, 0x0B, 0x5A, 0xF9, 0x00, 0x2B, 0x5A, 0xF9, 0x00, 0x0C, 0x5A, 0xF9,
    0x00, 0x0B, 0x5A, 0xF9, 0x08, 0x2A, 0x5A, 0xF9, 0x00, 0x2B, 0x5A, 0xF9, 0x08, 0x2A, 0x5A, 0xF9,
    0x00, 0x0C, 0x5A, 0xF9, 0x00, 0x0D, 0x5A, 0xF9, 0x00, 0x0D, 0x5A, 0xF9, 0x00, 0x0C, 0x5A, 0xF9,
    0x00, 0x2A, 0x5A, 0xF9, 0x08, 0x2A, 0x5A, 0xF9, 0x08, 0x2A, 0x5A, 0xF9, 0x08, 0x2A, 0x62, 0xFA,
    0x08, 0x2A, 0x62, 0xFA, 0x00, 0x2B, 0x8C, 0x5F, 0x00, 0x0C, 0x00, 0x00, 0x00, 0x0E, 0x00, 0x00,
    0xCE, 0x5F, 0x00, 0x0C, 0x84, 0x1F, 0x00, 0x0C, 0x00, 0x00, 0x00, 0x0C, 0x62, 0xFA, 0x00, 0x0E,
    0x62, 0xFA, 0x00, 0x0B, 0x5A, 0xD9, 0x00, 0x2B, 0x5A, 0xD9, 0x00, 0x2B, 0x5A, 0xD9, 0x00, 0x2B,
    0x5A, 0xD9, 0x00, 0x0D, 0x5A, 0xD9, 0x00, 0x0D, 0x5A, 0xD9, 0x00, 0x0D, 0x5A, 0xD9, 0x08, 0x2A,
    0x5A, 0xD9, 0x00, 0x2A, 0x5A, 0xD9, 0x08, 0x2A, 0x5A, 0xD9, 0x08, 0x2A, 0x5A, 0xD9, 0x08, 0x2A,
    0x5A, 0xD9, 0x08, 0x2A, 0x5A, 0xD9, 0x00, 0x2B, 0x5A, 0xD9, 0x00, 0x0D, 0x5A, 0xD9, 0x00, 0x0E,
    0x5A, 0xD9, 0x08, 0x2A, 0x5A, 0xD9, 0x08, 0x2A, 0x5A, 0xD9, 0x00, 0x2B, 0x5A, 0xD9, 0x08, 0x2A,
    0x5A, 0xD9, 0x00, 0x2B, 0x5A, 0xD9, 0x08, 0x2A, 0x5A, 0xD9, 0x00, 0x2B, 0x5A, 0xD9, 0x00, 0x2B,
    0x5A, 0xD9, 0x00, 0x2B, 0x5A, 0xD9, 0x00, 0x0B, 0x5A, 0xD9, 0x00, 0x2B, 0x5A, 0xD9, 0x08, 0x2A,
    0x5A, 0xD9, 0x00, 0x0C, 0x5A, 0xD9, 0x00, 0x0C, 0x5A, 0xD9, 0x00, 0x0C, 0x5A, 0xD9, 0x00, 0x0C,
    0x5A, 0xD9, 0x00, 0x0C, 0x5A, 0xD9, 0x00, 0x0C, 0x5A, 0xD9, 0x00, 0x0E, 0x5A, 0xD9, 0x00, 0x0B,
    0x5A, 0xD9, 0x00, 0x2B, 0x5A, 0xD9, 0x00, 0x2B, 0x5A, 0xD9, 0x00, 0x2B, 0x5A, 0xD9, 0x00, 0x0D,
    0x5A, 0xD9, 0x00, 0x0D, 0x5A, 0xD9, 0x00, 0x0D, 0x5A, 0xD9, 0x08, 0x2A, 0x5A, 0xD9, 0x00, 0x2A,
    0x5A, 0xD9, 0x08, 0x2A, 0x5A, 0xD9, 0x08, 0x2A, 0x5A, 0xD9, 0x08, 0x2A, 0x5A, 0xD9, 0x08, 0x2A,
    0x5A, 0xD9, 0x00, 0x2B, 0x5A, 0xD9, 0x00, 0x0D, 0x5A, 0xD9, 0x00, 0x0E, 0x5A, 0xD9, 0x08, 0x2A,
    0x5A, 0xD9, 0x08, 0x2A, 0x5A, 0xD9, 0x00, 0x2B, 0x5A, 0xD9, 0x08, 0x2A, 0x5A, 0xD9, 0x00, 0x2B,
    0x5A, 0xD9, 0x08, 0x2A, 0x5A, 0xD9, 0x00, 0x2B, 0x5A, 0xD9, 0x00, 0x2B, 0x5A, 0xD9, 0x00, 0x2B,
    0x5A, 0xD9, 0x00, 0x0B, 0x5A, 0xD9, 0x00, 0x2B, 0x5A, 0xD9, 0x08, 0x2A, 0x5A, 0xD9, 0x00, 0x0C,
    0x5A, 0xD9, 0x00, 0x0C, 0x5A, 0xD9, 0x00, 0x0C, 0x5A, 0xD9, 0x00, 0x0C, 0x5A, 0xD9, 0x00, 0x0C,
    0x5A, 0xD9, 0x00, 0x0C, 0x5A, 0xD9, 0x00, 0x0E, 0x5A, 0xD9, 0x00, 0x0B, 0x5A, 0xD9, 0x00, 0x2B,
    0x5A, 0xD9, 0x00, 0x2B, 0x5A, 0xD9, 0x00, 0x2B, 0x5A, 0xD9, 0x00, 0x0D, 0x5A, 0xD9, 0x00, 0x0D,
    0x5A, 0xD9, 0x00, 0x0D, 0x5A, 0xD9, 0x08, 0x2A, 0x5A, 0xD9, 0x00, 0x2A, 0x5A, 0xD9, 0x08, 0x2A,
    0x5A, 0xD9, 0x08, 0x2A, 0x5A, 0xD9, 0x08, 0x2A, 0x5A, 0xD9, 0x08, 0x2A, 0x5A, 0xD9, 0x00, 0x2B,
    0x5A, 0xD9, 0x00, 0x0D, 0x5A, 0xD9, 0x00, 0x0E, 0x5A, 0xD9, 0x08, 0x2A, 0x5A, 0xD9, 0x08, 0x2A,
    0x5A, 0xD9, 0x00, 0x2B, 0x5A, 0xD9, 0x08, 0x2A, 0x5A, 0xD9, 0x00, 0x2B, 0x5A, 0xD9, 0x08, 0x2A,
    0x5A, 0xD9, 0x00, 0x2B, 0x5A, 0xD9, 0x00, 0x2B, 0x5A, 0xD9, 0x00, 0x2B, 0x5A, 0xD9, 0x00, 0x0B,
    0x5A, 0xD9, 0x00, 0x2B, 0x5A, 0xD9, 0x08, 0x2A, 0x5A, 0xD9, 0x00, 0x0C, 0x5A, 0xD9, 0x00, 0x0C,
    0x5A, 0xD9, 0x00, 0x0C, 0x5A, 0xD9, 0x00, 0x0C, 0x5A, 0xD9, 0x00, 0x0C, 0x5A, 0xD9, 0x00, 0x0C,
    0x5A, 0xD9, 0x00, 0x0E, 0x5A, 0xD9, 0x00, 0x0B, 0x5A, 0xD9, 0x00, 0x2B, 0x5A, 0xD9, 0x00, 0x2B,
    0x5A, 0xD9, 0x00, 0x2B, 0x5A, 0xD9, 0x00, 0x0D, 0x5A, 0xD9, 0x00, 0x0D, 0x5A, 0xD9, 0x00, 0x0D,
    0x5A, 0xD9, 0x08, 0x2A, 0x5A, 0xD9, 0x00, 0x2A, 0x5A, 0xD9, 0x08, 0x2A, 0x5A, 0xD9, 0x08, 0x2A,
    0x5A, 0xD9, 0x08, 0x2A, 0x5A, 0xD9, 0x08, 0x2A, 0x5A, 0xD9, 0x00, 0x2B, 0x5A, 0xD9, 0x00, 0x0D,
    0x5A, 0xD9, 0x00, 0x0E, 0x5A, 0xD9, 0x08, 0x2A, 0x5A, 0xD9, 0x08, 0x2A, 0x5A, 0xD9, 0x00, 0x2B,
    0x5A, 0xD9, 0x08, 0x2A, 0x5A, 0xD9, 0x00, 0x2B, 0x5A, 0xD9, 0x08, 0x2A, 0x5A, 0xD9, 0x00, 0x2B,
    0x5A, 0xD9, 0x00, 0x2B, 0x5A, 0xD9, 0x00, 0x2B, 0x5A, 0xD9, 0x00, 0x0B, 0x5A, 0xD9, 0x00, 0x2B,
    0x5A, 0xD9, 0x08, 0x2A, 0x5A, 0xD9, 0x00, 0x0C, 0x5A, 0xD9, 0x00, 0x0C, 0x5A, 0xD9, 0x00, 0x0C,
    0x5A, 0xD9, 0x00, 0x0C, 0x5A, 0xD9, 0x00, 0x0C, 0x5A, 0xD9, 0x00, 0x0C, 0x5A, 0xD9, 0x00, 0x0E,
    0x5A, 0xD9, 0x00, 0x0B, 0x5A, 0xD9, 0x00, 0x2B, 0x5A, 0xD9, 0x00, 0x2B, 0x5A, 0xD9, 0x00, 0x2B,
    0x5A, 0xD9, 0x00, 0x0D, 0x5A, 0xD9, 0x00, 0x0D, 0x5A, 0xD9, 0x00, 0x0D, 0x5A, 0xD9, 0x08, 0x2A,
    0x5A, 0xD9, 0x00, 0x2A, 0x5A, 0xD9, 0x08, 0x2A, 0x5A, 0xD9, 0x08, 0x2A, 0x5A, 0xD9, 0x08, 0x2A,
    0x62, 0xFA, 0x08, 0x2A, 0x62, 0xFA, 0x00, 0x2B, 0x52, 0x75, 0x00, 0x0D, 0x00, 0x00, 0x00, 0x0E,
    0x00, 0x0C, 0x8C, 0x5F, 0x00, 0x0D, 0x6B, 0x5D, 0x00, 0x0D, 0x5A, 0xF9, 0x00, 0x0C, 0x5A, 0xF9,
    0x00, 0x0E, 0x5A, 0xF9, 0x00, 0x0C, 0x5A, 0xD9, 0x00, 0x0C, 0x5A, 0xD9, 0x00, 0x2B, 0x5A, 0xD9,
    0x00, 0x0C, 0x5A, 0xD9, 0x00, 0x0D, 0x5A, 0xD9, 0x00, 0x0D, 0x5A, 0xD9, 0x00, 0x0C, 0x5A, 0xD9,
    0x08, 0x2A, 0x5A, 0xD9, 0x00, 0x2A, 0x5A, 0xD9, 0x00, 0x2B, 0x5A, 0xD9, 0x00, 0x2B, 0x5A, 0xD9,
    0x08, 0x2A, 0x5A, 0xD9, 0x08, 0x2A, 0x5A, 0xD9, 0x08, 0x2A, 0x5A, 0xD9, 0x00, 0x0D, 0x5A, 0xD9,
    0x00, 0x0D, 0x5A, 0xD9, 0x08, 0x2A, 0x5A, 0xD9, 0x00, 0x2B, 0x5A, 0xD9, 0x08, 0x2A, 0x5A, 0xD9,
    0x08, 0x2A, 0x5A, 0xD9, 0x08, 0x2A, 0x5A, 0xD9, 0x08, 0x2A, 0x5A, 0xD9, 0x00, 0x2B, 0x5A, 0xD9,
    0x08, 0x2A, 0x5A, 0xD9, 0x08, 0x2A, 0x5A, 0xD9, 0x00, 0x2B, 0x5A, 0xD9, 0x08, 0x2A, 0x5A, 0xD9,
    0x08, 0x2A, 0x5A, 0xD9, 0x00, 0x2B, 0x5A, 0xD9, 0x00, 0x0B, 0x5A, 0xD9, 0x00, 0x0C, 0x5A, 0xD9,
    0x00, 0x0D, 0x5A, 0xD9, 0x00, 0x0D, 0x5A, 0xD9, 0x00, 0x0C, 0x5A, 0xD9, 0x00, 0x0E, 0x5A, 0xD9,
    0x00, 0x0C, 0x5A, 0xD9, 0x00, 0x0C, 0x5A, 0xD9, 0x00, 0x2B, 0x5A, 0xD9, 0x00, 0x0C, 0x5A, 0xD9,
    0x00, 0x0D, 0x5A, 0xD9, 0x00, 0x0D, 0x5A, 0xD9, 0x00, 0x0C, 0x5A, 0xD9, 0x08, 0x2A, 0x5A, 0xD9,
    0x00, 0x2A, 0x5A, 0xD9, 0x00, 0x2B, 0x5A, 0xD9, 0x00, 0x2B, 0x5A, 0xD9, 0x08, 0x2A, 0x5A, 0xD9,
    0x08, 0x2A, 0x5A, 0xD9, 0x08, 0x2A, 0x5A, 0xD9, 0x00, 0x0D, 0x5A, 0xD9, 0x00, 0x0D, 0x5A, 0xD9,
    0x08, 0x2A, 0x5A, 0xD9, 0x00, 0x2B, 0x5A, 0xD9, 0x08, 0x2A, 0x5A, 0xD9, 0x08, 0x2A, 0x5A, 0xD9,
    0x08, 0x2A, 0x5A, 0xD9, 0x08, 0x2A, 0x5A, 0xD9, 0x00, 0x2B, 0x5A, 0xD9, 0x08, 0x2A, 0x5A, 0xD9,
    0x08, 0x2A, 0x5A, 0xD9, 0x00, 0x2B, 0x5A, 0xD9, 0x08, 0x2A, 0x5A, 0xD9, 0x08, 0x2A, 0x5A, 0xD9,
    0x00, 0x2B, 0x5A, 0xD9, 0x00, 0x0B, 0x5A, 0xD9, 0x00, 0x0C, 0x5A, 0xD9, 0x00, 0x0D, 0x5A, 0xD9,
    0x00, 0x0D, 0x5A, 0xD9, 0x00, 0x0C, 0x5A, 0xD9, 0x00, 0x0E, 0x5A, 0xD9, 0x00, 0x0C, 0x5A, 0xD9,
    0x00, 0x0C, 0x5A, 0xD9, 0x00, 0x2B, 0x5A, 0xD9, 0x00, 0x0C, 0x5A, 0xD9, 0x00, 0x0D, 0x5A, 0xD9,
    0x00, 0x0D, 0x5A, 0xD9, 0x00, 0x0C, 0x5A, 0xD9, 0x08, 0x2A, 0x5A, 0xD9, 0x00, 0x2A, 0x5A, 0xD9,
    0x00, 0x2B, 0x5A, 0xD9, 0x00, 0x2B, 0x5A, 0xD9, 0x08, 0x2A, 0x5A, 0xD9, 0x08, 0x2A, 0x5A, 0xD9,
    0x08, 0x2A, 0x5A, 0xD9, 0x00, 0x0D, 0x5A, 0xD9, 0x00, 0x0D, 0x5A, 0xD9, 0x08, 0x2A, 0x5A, 0xD9,
    0x00, 0x2B, 0x5A, 0xD9, 0x08, 0x2A, 0x5A, 0xD9, 0x08, 0x2A, 0x5A, 0xD9, 0x08, 0x2A, 0x5A, 0xD9,
    0x08, 0x2A, 0x5A, 0xD9, 0x00, 0x2B, 0x5A, 0xD9, 0x08, 0x2A, 0x5A, 0xD9, 0x08, 0x2A, 0x5A, 0xD9,
    0x00, 0x2B, 0x5A, 0xD9, 0x08, 0x2A, 0x5A, 0xD9, 0x08, 0x2A, 0x5A, 0xD9, 0x00, 0x2B, 0x5A, 0xD9,
    0x00, 0x0B, 0x5A, 0xD9, 0x00, 0x0C, 0x5A, 0xD9, 0x00, 0x0D, 0x5A, 0xD9, 0x00, 0x0D, 0x5A, 0xD9,
    0x00, 0x0C, 0x5A, 0xD9, 0x00, 0x0E, 0x5A, 0xD9, 0x00, 0x0C, 0x5A, 0xD9, 0x00, 0x0C, 0x5A, 0xD9,
    0x00, 0x2B, 0x5A, 0xD9, 0x00, 0x0C, 0x5A, 0xD9, 0x00, 0x0D, 0x5A, 0xD9, 0x00, 0x0D, 0x5A, 0xD9,
    0x00, 0x0C, 0x5A, 0xD9, 0x08, 0x2A, 0x5A, 0xD9, 0x00, 0x2A, 0x5A, 0xD9, 0x00, 0x2B, 0x5A, 0xD9,
    0x00, 0x2B, 0x5A, 0xD9, 0x08, 0x2A, 0x5A, 0xD9, 0x08, 0x2A, 0x5A, 0xD9, 0x08, 0x2A, 0x5A, 0xD9,
    0x00, 0x0D, 0x5A, 0xD9, 0x00, 0x0D, 0x5A, 0xD9, 0x08, 0x2A, 0x5A, 0xD9, 0x00, 0x2B, 0x5A, 0xD9,
    0x08, 0x2A, 0x5A, 0xD9, 0x08, 0x2A, 0x5A, 0xD9, 0x08, 0x2A, 0x5A, 0xD9, 0x08, 0x2A, 0x5A, 0xD9,
    0x00, 0x2B, 0x5A, 0xD9, 0x08, 0x2A, 0x5A, 0xD9, 0x08, 0x2A, 0x5A, 0xD9, 0x00, 0x2B, 0x5A, 0xD9,
    0x08, 0x2A, 0x5A, 0xD9, 0x08, 0x2A, 0x5A, 0xD9, 0x00, 0x2B, 0x5A, 0xD9, 0x00, 0x0B, 0x5A, 0xD9,
    0x00, 0x0C, 0x5A, 0xD9, 0x00, 0x0D, 0x5A, 0xD9, 0x00, 0x0D, 0x5A, 0xD9, 0x00, 0x0C, 0x5A, 0xD9,
    0x00, 0x0E, 0x5A, 0xD9, 0x00, 0x0C, 0x5A, 0xD9, 0x00, 0x0C, 0x5A, 0xD9, 0x00, 0x2B, 0x5A, 0xD9,
    0x00, 0x0C, 0x5A, 0xD9, 0x00, 0x0D, 0x5A, 0xD9, 0x00, 0x0D, 0x5A, 0xD9, 0x00, 0x0C, 0x5A, 0xD9,
    0x08, 0x2A, 0x5A, 0xD9, 0x00, 0x2A, 0x5A, 0xD9, 0x00, 0x2B, 0x5A, 0xD9, 0x00, 0x2B, 0x5A, 0xF9,
    0x08, 0x2A, 0x5A, 0xF9, 0x08, 0x2A, 0x8C, 0x3F, 0x08, 0x2A, 0x00, 0x00, 0x00, 0x0D, 0x00, 0x00,
    0xCE, 0x3F, 0x00, 0x0C, 0x84, 0x1F, 0x00, 0x0D, 0x00, 0x00, 0x00, 0x0C, 0x5A, 0xF9, 0x00, 0x0D,
    0x5A, 0xF9, 0x00, 0x0E, 0x5A, 0xD9, 0x00, 0x0C, 0x5A, 0xD9, 0x00, 0x0C, 0x5A, 0xD9, 0x00, 0x2B,
    0x5A, 0xD9, 0x00, 0x2B, 0x5A, 0xD9, 0x00, 0x0D, 0x5A, 0xD9, 0x00, 0x0E, 0x5A, 0xD9, 0x00, 0x0C,
    0x5A, 0xD9, 0x00, 0x0B, 0x5A, 0xD9, 0x00, 0x2B, 0x5A, 0xD9, 0x00, 0x0C, 0x5A, 0xD9, 0x00, 0x2B,
    0x5A, 0xD9, 0x08, 0x2A, 0x5A, 0xD9, 0x08, 0x2A, 0x5A, 0xD9, 0x08, 0x2A, 0x5A, 0xD9, 0x00, 0x0D,
    0x5A, 0xD9, 0x00, 0x0D, 0x5A, 0xD9, 0x00, 0x0C, 0x5A, 0xD9, 0x00, 0x0C, 0x5A, 0xD9, 0x08, 0x2A,
    0x5A, 0xD9, 0x08, 0x2A, 0x5A, 0xD9, 0x08, 0x2A, 0x5A, 0xD9, 0x08, 0x2A, 0x5A, 0xD9, 0x00, 0x2B,
    0x5A, 0xD9, 0x08, 0x2A, 0x5A, 0xD9, 0x08, 0x2A, 0x5A, 0xD9, 0x00, 0x2B, 0x5A, 0xD9, 0x08, 0x2A,
    0x5A, 0xD9, 0x00, 0x2B, 0x5A, 0xD9, 0x00, 0x2B, 0x5A, 0xD9, 0x00, 0x0C, 0x5A, 0xD9, 0x00, 0x0C,
    0x5A, 0xD9, 0x00, 0x0D, 0x5A, 0xD9, 0x00, 0x0C, 0x5A, 0xD9, 0x00, 0x0D, 0x5A, 0xD9, 0x00, 0x0E,
    0x5A, 0xD9, 0x00, 0x0C, 0x5A, 0xD9, 0x00, 0x0C, 0x5A, 0xD9, 0x00, 0x2B, 0x5A, 0xD9, 0x00, 0x2B,
    0x5A, 0xD9, 0x00, 0x0D, 0x5A, 0xD9, 0x00, 0x0E, 0x5A, 0xD9, 0x00, 0x0C, 0x5A, 0xD9, 0x00, 0x0B,
    0x5A, 0xD9, 0x00, 0x2B, 0x5A, 0xD9, 0x00, 0x0C, 0x5A, 0xD9, 0x00, 0x2B, 0x5A, 0xD9, 0x08, 0x2A,
    0x5A, 0xD9, 0x08, 0x2A, 0x5A, 0xD9, 0x08, 0x2A, 0x5A, 0xD9, 0x00, 0x0D, 0x5A, 0xD9, 0x00, 0x0D,
    0x5A, 0xD9, 0x00, 0x0C, 0x5A, 0xD9, 0x00, 0x0C, 0x5A, 0xD9, 0x08, 0x2A, 0x5A, 0xD9, 0x08, 0x2A,
    0x5A, 0xD9, 0x08, 0x2A, 0x5A, 0xD9, 0x08, 0x2A, 0x5A, 0xD9, 0x00, 0x2B, 0x5A, 0xD9, 0x08, 0x2A,
    0x5A, 0xD9, 0x08, 0x2A, 0x5A, 0xD9, 0x00, 0x2B, 0x5A, 0xD9, 0x08, 0x2A, 0x5A, 0xD9, 0x00, 0x2B,
    0x5A, 0xD9, 0x00, 0x2B, 0x5A, 0xD9, 0x00, 0x0C, 0x5A, 0xD9, 0x00, 0x0C, 0x5A, 0xD9, 0x00, 0x0D,
    0x5A, 0xD9, 0x00, 0x0C, 0x5A, 0xD9, 0x00, 0x0D, 0x5A, 0xD9, 0x00, 0x0E, 0x5A, 0xD9, 0x00, 0x0C,
    0x5A, 0xD9, 0x00, 0x0C, 0x5A, 0xD9, 0x00, 0x2B, 0x5A, 0xD9, 0x00, 0x2B, 0x5A, 0xD9, 0x00, 0x0D,
    0x5A, 0xD9, 0x00, 0x0E, 0x5A, 0xD9, 0x00, 0x0C, 0x5A, 0xD9, 0x00, 0x0B, 0x5A, 0xD9, 0x00, 0x2B,
    0x5A, 0xD9, 0x00, 0x0C, 0x5A, 0xD9, 0x00, 0x2B, 0x5A, 0xD9, 0x08, 0x2A, 0x5A, 0xD9, 0x08, 0x2A,
    0x5A, 0xD9, 0x08, 0x2A, 0x5A, 0xD9, 0x00, 0x0D, 0x5A, 0xD9, 0x00, 0x0D, 0x5A, 0xD9, 0x00, 0x0C,
    0x5A, 0xD9, 0x00, 0x0C, 0x5A, 0xD9, 0x08, 0x2A, 0x5A, 0xD9, 0x08, 0x2A, 0x5A, 0xD9, 0x08, 0x2A,
    0x5A, 0xD9, 0x08, 0x2A, 0x5A, 0xD9, 0x00, 0x2B, 0x5A, 0xD9, 0x08, 0x2A, 0x5A, 0xD9, 0x08, 0x2A,
    0x5A, 0xD9, 0x00, 0x2B, 0x5A, 0xD9, 0x08, 0x2A, 0x5A, 0xD9, 0x00, 0x2B, 0x5A, 0xD9, 0x00, 0x2B,
    0x5A, 0xD9, 0x00, 0x0C, 0x5A, 0xD9, 0x00, 0x0C, 0x5A, 0xD9, 0x00, 0x0D, 0x5A, 0xD9, 0x00, 0x0C,
    0x5A, 0xD9, 0x00, 0x0D, 0x5A, 0xD9, 0x00, 0x0E, 0x5A, 0xD9, 0x00, 0x0C, 0x5A, 0xD9, 0x00, 0x0C,
    0x5A, 0xD9, 0x00, 0x2B, 0x5A, 0xD9, 0x00, 0x2B, 0x5A, 0xD9, 0x00, 0x0D, 0x5A, 0xD9, 0x00, 0x0E,
    0x5A, 0xD9, 0x00, 0x0C, 0x5A, 0xD9, 0x00, 0x0B, 0x5A, 0xD9, 0x00, 0x2B, 0x5A, 0xD9, 0x00, 0x0C,
    0x5A, 0xD9, 0x00, 0x2B, 0x5A, 0xD9, 0x08, 0x2A, 0x5A, 0xD9, 0x08, 0x2A, 0x5A, 0xD9, 0x08, 0x2A,
    0x5A, 0xD9, 0x00, 0x0D, 0x5A, 0xD9, 0x00, 0x0D, 0x5A, 0xD9, 0x00, 0x0C, 0x5A, 0xD9, 0x00, 0x0C,
    0x5A, 0xD9, 0x08, 0x2A, 0x5A, 0xD9, 0x08, 0x2A, 0x5A, 0xD9, 0x08, 0x2A, 0x5A, 0xD9, 0x08, 0x2A,
    0x5A, 0xD9, 0x00, 0x2B, 0x5A, 0xD9, 0x08, 0x2A, 0x5A, 0xD9, 0x08, 0x2A, 0x5A, 0xD9, 0x00, 0x2B,
    0x5A, 0xD9, 0x08, 0x2A, 0x5A, 0xD9, 0x00, 0x2B, 0x5A, 0xD9, 0x00, 0x2B, 0x5A, 0xD9, 0x00, 0x0C,
    0x5A, 0xD9, 0x00, 0x0C, 0x5A, 0xD9, 0x00, 0x0D, 0x5A, 0xD9, 0x00, 0x0C, 0x5A, 0xD9, 0x00, 0x0D,
    0x5A, 0xD9, 0x00, 0x0E, 0x5A, 0xD9, 0x00, 0x0C, 0x5A, 0xD9, 0x00, 0x0C, 0x5A, 0xD9, 0x00, 0x2B,
    0x5A, 0xD9, 0x00, 0x2B, 0x5A, 0xD9, 0x00, 0x0D, 0x5A, 0xD9, 0x00, 0x0E, 0x5A, 0xD9, 0x00, 0x0C,
    0x5A, 0xD9, 0x00, 0x0B, 0x5A, 0xD9, 0x00, 0x2B, 0x5A, 0xD9, 0x00, 0x0C, 0x5A, 0xD9, 0x00, 0x2B,
    0x5A, 0xF9, 0x08, 0x2A, 0x5A, 0xF9, 0x08, 0x2A, 0x4A, 0x75, 0x08, 0x2A, 0x00, 0x00, 0x00, 0x0D,
    0x00, 0x0B, 0x8C, 0x5F, 0x00, 0x0C, 0x6B, 0x3C, 0x00, 0x0C, 0x5A, 0xD9, 0x00, 0x0C, 0x5A, 0xD9,
    0x00, 0x0C, 0x5A, 0xD9, 0x00, 0x0C, 0x5A, 0xD8, 0x00, 0x2B, 0x5A, 0xD8, 0x00, 0x0C, 0x5A, 0xD8,
    0x00, 0x0B, 0x5A, 0xD8, 0x00, 0x2B, 0x5A, 0xD8, 0x00, 0x0D, 0x5A, 0xD8, 0x00, 0x0E, 0x5A, 0xD8,
    0x00, 0x0D, 0x5A, 0xD8, 0x00, 0x0C, 0x5A, 0xD8, 0x00, 0x0C, 0x5A, 0xD8, 0x00, 0x0E, 0x5A, 0xD8,
    0x00, 0x0C, 0x5A, 0xD8, 0x00, 0x0B, 0x5A, 0xD8, 0x08, 0x2A, 0x5A, 0xD8, 0x08, 0x2A, 0x5A, 0xD8,
    0x00, 0x0D, 0x5A, 0xD8, 0x00, 0x0C, 0x5A, 0xD8, 0x00, 0x0D, 0x5A, 0xD8, 0x00, 0x2B, 0x5A, 0xD8,
    0x08, 0x2A, 0x5A, 0xD8, 0x08, 0x2A, 0x5A, 0xD8, 0x08, 0x2A, 0x5A, 0xD8, 0x08, 0x2A, 0x5A, 0xD8,
    0x00, 0x2B, 0x5A, 0xD8, 0x08, 0x2A, 0x5A, 0xD8, 0x08, 0x2A, 0x5A, 0xD8, 0x00, 0x2B, 0x5A, 0xD8,
    0x00, 0x0B, 0x5A, 0xD8, 0x00, 0x0C, 0x5A, 0xD8, 0x00, 0x2B, 0x5A, 0xD8, 0x00, 0x0B, 0x5A, 0xD8,
    0x00, 0x0C, 0x5A, 0xD8, 0x00, 0x0C, 0x5A, 0xD8, 0x00, 0x0C, 0x5A, 0xD8, 0x00, 0x0C, 0x5A, 0xD8,
    0x00, 0x0C, 0x5A, 0xD8, 0x00, 0x2B, 0x5A, 0xD8, 0x00, 0x0C, 0x5A, 0xD8, 0x00, 0x0B, 0x5A, 0xD8,
    0x00, 0x2B, 0x5A, 0xD8, 0x00, 0x0D, 0x5A, 0xD8, 0x00, 0x0E, 0x5A, 0xD8, 0x00, 0x0D, 0x5A, 0xD8,
    0x00, 0x0C, 0x5A, 0xD8, 0x00, 0x0C, 0x5A, 0xD8, 0x00, 0x0E, 0x5A, 0xD8, 0x00, 0x0C, 0x5A, 0xD8,
    0x00, 0x0B, 0x5A, 0xD8, 0x08, 0x2A, 0x5A, 0xD8, 0x08, 0x2A, 0x5A, 0xD8, 0x00, 0x0D, 0x5A, 0xD8,
    0x00, 0x0C, 0x5A, 0xD8, 0x00, 0x0D, 0x5A, 0xD8, 0x00, 0x2B, 0x5A, 0xD8, 0x08, 0x2A, 0x5A, 0xD8,
    0x08, 0x2A, 0x5A, 0xD8, 0x08, 0x2A, 0x5A, 0xD8, 0x08, 0x2A, 0x5A, 0xD8, 0x00, 0x2B, 0x5A, 0xD8,
    0x08, 0x2A, 0x5A, 0xD8, 0x08, 0x2A, 0x5A, 0xD8, 0x00, 0x2B, 0x5A, 0xD8, 0x00, 0x0B, 0x5A, 0xD8,
    0x00, 0x0C, 0x5A, 0xD8, 0x00, 0x2B, 0x5A, 0xD8, 0x00, 0x0B, 0x5A, 0xD8, 0x00, 0x0C, 0x5A, 0xD8,
    0x00, 0x0C, 0x5A, 0xD8, 0x00, 0x0C, 0x5A, 0xD8, 0x00, 0x0C, 0x5A, 0xD8, 0x00, 0x0C, 0x5A, 0xD8,
    0x00, 0x2B, 0x5A, 0xD8, 0x00, 0x0C, 0x5A, 0xD8, 0x00, 0x0B, 0x5A, 0xD8, 0x00, 0x2B, 0x5A, 0xD8,
    0x00, 0x0D, 0x5A, 0xD8, 0x00, 0x0E, 0x5A, 0xD8, 0x00, 0x0D, 0x5A, 0xD8, 0x00, 0x0C, 0x5A, 0xD8,
    0x00, 0x0C, 0x5A, 0xD8, 0x00, 0x0E, 0x5A, 0xD8, 0x00, 0x0C, 0x5A, 0xD8, 0x00, 0x0B, 0x5A, 0xD8,
    0x08, 0x2A, 0x5A, 0xD8, 0x08, 0x2A, 0x5A, 0xD8, 0x00, 0x0D, 0x5A, 0xD8, 0x00, 0x0C, 0x5A, 0xD8,
    0x00, 0x0D, 0x5A, 0xD8, 0x00, 0x2B, 0x5A, 0xD8, 0x08, 0x2A, 0x5A, 0xD8, 0x08, 0x2A, 0x5A, 0xD8,
    0x08, 0x2A, 0x5A, 0xD8, 0x08, 0x2A, 0x5A, 0xD8, 0x00, 0x2B, 0x5A, 0xD8, 0x08, 0x2A, 0x5A, 0xD8,
    0x08, 0x2A, 0x5A, 0xD8, 0x00, 0x2B, 0x5A, 0xD8, 0x00, 0x0B, 0x5A, 0xD8, 0x00, 0x0C, 0x5A, 0xD8,
    0x00, 0x2B, 0x5A, 0xD8, 0x00, 0x0B, 0x5A, 0xD8, 0x00, 0x0C, 0x5A, 0xD8, 0x00, 0x0C, 0x5A, 0xD8,
    0x00, 0x0C, 0x5A, 0xD8, 0x00, 0x0C, 0x5A, 0xD8, 0x00, 0x0C, 0x5A, 0xD8, 0x00, 0x2B, 0x5A, 0xD8,
    0x00, 0x0C, 0x5A, 0xD8, 0x00, 0x0B, 0x5A, 0xD8, 0x00, 0x2B, 0x5A, 0xD8, 0x00, 0x0D, 0x5A, 0xD8,
    0x00, 0x0E, 0x5A, 0xD8, 0x00, 0x0D, 0x5A, 0xD8, 0x00, 0x0C, 0x5A, 0xD8, 0x00, 0x0C, 0x5A, 0xD8,
    0x00, 0x0E, 0x5A, 0xD8, 0x00, 0x0C, 0x5A, 0xD8, 0x00, 0x0B, 0x5A, 0xD8, 0x08, 0x2A, 0x5A, 0xD8,
    0x08, 0x2A, 0x5A, 0xD8, 0x00, 0x0D, 0x5A, 0xD8, 0x00, 0x0C, 0x5A, 0xD8, 0x00, 0x0D, 0x5A, 0xD8,
    0x00, 0x2B, 0x5A, 0xD8, 0x08, 0x2A, 0x5A, 0xD8, 0x08, 0x2A, 0x5A, 0xD8, 0x08, 0x2A, 0x5A, 0xD8,
    0x08, 0x2A, 0x5A, 0xD8, 0x00, 0x2B, 0x5A, 0xD8, 0x08, 0x2A, 0x5A, 0xD8, 0x08, 0x2A, 0x5A, 0xD8,
    0x00, 0x2B, 0x5A, 0xD8, 0x00, 0x0B, 0x5A, 0xD8, 0x00, 0x0C, 0x5A, 0xD8, 0x00, 0x2B, 0x5A, 0xD8,
    0x00, 0x0B, 0x5A, 0xD8, 0x00, 0x0C, 0x5A, 0xD8, 0x00, 0x0C, 0x5A, 0xD8, 0x00, 0x0C, 0x5A, 0xD8,
    0x00, 0x0C, 0x5A, 0xD8, 0x00, 0x0C, 0x5A, 0xD8, 0x00, 0x2B, 0x5A, 0xD8, 0x00, 0x0C, 0x5A, 0xD8,
    0x00, 0x0B, 0x5A, 0xD8, 0x00, 0x2B, 0x5A, 0xD8, 0x00, 0x0D, 0x5A, 0xD8, 0x00, 0x0E, 0x5A, 0xD8,
    0x00, 0x0D, 0x5A, 0xD8, 0x00, 0x0C, 0x5A, 0xD8, 0x00, 0x0C, 0x5A, 0xD8, 0x00, 0x0E, 0x5A, 0xD9,
    0x00, 0x0C, 0x5A, 0xD9, 0x00, 0x0B, 0x84, 0x1F, 0x08, 0x2A, 0x00, 0x00, 0x08, 0x2A, 0x00, 0x00,
    0xC6, 0x1F, 0x00, 0x2B, 0x83, 0xFF, 0x00, 0x2B, 0x00, 0x00, 0x00, 0x0C, 0x5A, 0xD9, 0x00, 0x0C,
    0x5A, 0xD9, 0x00, 0x0C, 0x5A, 0xB8, 0x00, 0x2B, 0x5A, 0xB8, 0x08, 0x2A, 0x5A, 0xB8, 0x00, 0x0B,
    0x5A, 0xB8, 0x00, 0x0C, 0x5A, 0xB8, 0x00, 0x0C, 0x5A, 0xB8, 0x00, 0x0C, 0x5A, 0xB8, 0x00, 0x0D,
    0x5A, 0xB8, 0x00, 0x0E, 0x5A, 0xB8, 0x00, 0x0C, 0x5A, 0xB8, 0x00, 0x0E, 0x5A, 0xB8, 0x00, 0x0F,
    0x5A, 0xB8, 0x00, 0x0F, 0x5A, 0xB8, 0x00, 0x0D, 0x5A, 0xB8, 0x08, 0x2A, 0x5A, 0xB8, 0x08, 0x2A,
    0x5A, 0xB8, 0x00, 0x0C, 0x5A, 0xB8, 0x00, 0x0C, 0x5A, 0xB8, 0x00, 0x0E, 0x5A, 0xB8, 0x00, 0x2B,
    0x5A, 0xB8, 0x08, 0x2A, 0x5A, 0xB8, 0x08, 0x2A, 0x5A, 0xB8, 0x08, 0x2A, 0x5A, 0xB8, 0x00, 0x2A,
    0x5A, 0xB8, 0x00, 0x0C, 0x5A, 0xB8, 0x08, 0x2A, 0x5A, 0xB8, 0x08, 0x2A, 0x5A, 0xB8, 0x00, 0x2B,
    0x5A, 0xB8, 0x00, 0x0C, 0x5A, 0xB8, 0x00, 0x0C, 0x5A, 0xB8, 0x00, 0x2B, 0x5A, 0xB8, 0x00, 0x2B,
    0x5A, 0xB8, 0x00, 0x2B, 0x5A, 0xB8, 0x00, 0x0C, 0x5A, 0xB8, 0x00, 0x0C, 0x5A, 0xB8, 0x00, 0x0C,
    0x5A, 0xB8, 0x00, 0x2B, 0x5A, 0xB8, 0x08, 0x2A, 0x5A, 0xB8, 0x00, 0x0B, 0x5A, 0xB8, 0x00, 0x0C,
    0x5A, 0xB8, 0x00, 0x0C, 0x5A, 0xB8, 0x00, 0x0C, 0x5A, 0xB8, 0x00, 0x0D, 0x5A, 0xB8, 0x00, 0x0E,
    0x5A, 0xB8, 0x00, 0x0C, 0x5A, 0xB8, 0x00, 0x0E, 0x5A, 0xB8, 0x00, 0x0F, 0x5A, 0xB8, 0x00, 0x0F,
    0x5A, 0xB8, 0x00, 0x0D, 0x5A, 0xB8, 0x08, 0x2A, 0x5A, 0xB8, 0x08, 0x2A, 0x5A, 0xB8, 0x00, 0x0C,
    0x5A, 0xB8, 0x00, 0x0C, 0x5A, 0xB8, 0x00, 0x0E, 0x5A, 0xB8, 0x00, 0x2B, 0x5A, 0xB8, 0x08, 0x2A,
    0x5A, 0xB8, 0x08, 0x2A, 0x5A, 0xB8, 0x08, 0x2A, 0x5A, 0xB8, 0x00, 0x2A, 0x5A, 0xB8, 0x00, 0x0C,
    0x5A, 0xB8, 0x08, 0x2A, 0x5A, 0xB8, 0x08, 0x2A, 0x5A, 0xB8, 0x00, 0x2B, 0x5A, 0xB8, 0x00, 0x0C,
    0x5A, 0xB8, 0x00, 0x0C, 0x5A, 0xB8, 0x00, 0x2B, 0x5A, 0xB8, 0x00, 0x2B, 0x5A, 0xB8, 0x00, 0x2B,
    0x5A, 0xB8, 0x00, 0x0C, 0x5A, 0xB8, 0x00, 0x0C, 0x5A, 0xB8, 0x00, 0x0C, 0x5A, 0xB8, 0x00, 0x2B,
    0x5A, 0xB8, 0x08, 0x2A, 0x5A, 0xB8, 0x00, 0x0B, 0x5A, 0xB8, 0x00, 0x0C, 0x5A, 0xB8, 0x00, 0x0C,
    0x5A, 0xB8, 0x00, 0x0C, 0x5A, 0xB8, 0x00, 0x0D, 0x5A, 0xB8, 0x00, 0x0E, 0x5A, 0xB8, 0x00, 0x0C,
    0x5A, 0xB8, 0x00, 0x0E, 0x5A, 0xB8, 0x00, 0x0F, 0x5A, 0xB8, 0x00, 0x0F, 0x5A, 0xB8, 0x00, 0x0D,
    0x5A, 0xB8, 0x08, 0x2A, 0x5A, 0xB8, 0x08, 0x2A, 0x5A, 0xB8, 0x00, 0x0C, 0x5A, 0xB8, 0x00, 0x0C,
    0x5A, 0xB8, 0x00, 0x0E, 0x5A, 0xB8, 0x00, 0x2B, 0x5A, 0xB8, 0x08, 0x2A, 0x5A, 0xB8, 0x08, 0x2A,
    0x5A, 0xB8, 0x08, 0x2A, 0x5A, 0xB8, 0x00, 0x2A, 0x5A, 0xB8, 0x00, 0x0C, 0x5A, 0xB8, 0x08, 0x2A,
    0x5A, 0xB8, 0x08, 0x2A, 0x5A, 0xB8, 0x00, 0x2B, 0x5A, 0xB8, 0x00, 0x0C, 0x5A, 0xB8, 0x00, 0x0C,
    0x5A, 0xB8, 0x00, 0x2B, 0x5A, 0xB8, 0x00, 0x2B, 0x5A, 0xB8, 0x00, 0x2B, 0x5A, 0xB8, 0x00, 0x0C,
    0x5A, 0xB8, 0x00, 0x0C, 0x5A, 0xB8, 0x00, 0x0C, 0x5A, 0xB8, 0x00, 0x2B, 0x5A, 0xB8, 0x08, 0x2A,
    0x5A, 0xB8, 0x00, 0x0B, 0x5A, 0xB8, 0x00, 0x0C, 0x5A, 0xB8, 0x00, 0x0C, 0x5A, 0xB8, 0x00, 0x0C,
    0x5A, 0xB8, 0x00, 0x0D, 0x5A, 0xB8, 0x00, 0x0E, 0x5A, 0xB8, 0x00, 0x0C, 0x5A, 0xB8, 0x00, 0x0E,
    0x5A, 0xB8, 0x00, 0x0F, 0x5A, 0xB8, 0x00, 0x0F, 0x5A, 0xB8, 0x00, 0x0D, 0x5A, 0xB8, 0x08, 0x2A,
    0x5A, 0xB8, 0x08, 0x2A, 0x5A, 0xB8, 0x00, 0x0C, 0x5A, 0xB8, 0x00, 0x0C, 0x5A, 0xB8, 0x00, 0x0E,
    0x5A, 0xB8, 0x00, 0x2B, 0x5A, 0xB8, 0x08, 0x2A, 0x5A, 0xB8, 0x08, 0x2A, 0x5A, 0xB8, 0x08, 0x2A,
    0x5A, 0xB8, 0x00, 0x2A, 0x5A, 0xB8, 0x00, 0x0C, 0x5A, 0xB8, 0x08, 0x2A, 0x5A, 0xB8, 0x08, 0x2A,
    0x5A, 0xB8, 0x00, 0x2B, 0x5A, 0xB8, 0x00, 0x0C, 0x5A, 0xB8, 0x00, 0x0C, 0x5A, 0xB8, 0x00, 0x2B,
    0x5A, 0xB8, 0x00, 0x2B, 0x5A, 0xB8, 0x00, 0x2B, 0x5A, 0xB8, 0x00, 0x0C, 0x5A, 0xB8, 0x00, 0x0C,
    0x5A, 0xB8, 0x00, 0x0C, 0x5A, 0xB8, 0x00, 0x2B, 0x5A, 0xB8, 0x08, 0x2A, 0x5A, 0xB8, 0x00, 0x0B,
    0x5A, 0xB8, 0x00, 0x0C, 0x5A, 0xB8, 0x00, 0x0C, 0x5A, 0xB8, 0x00, 0x0C, 0x5A, 0xB8, 0x00, 0x0D,
    0x5A, 0xB8, 0x00, 0x0E, 0x5A, 0xB8, 0x00, 0x0C, 0x5A, 0xB8, 0x00, 0x0E, 0x5A, 0xB8, 0x00, 0x0F,
    0x5A, 0xD9, 0x00, 0x0F, 0x5A, 0xD9, 0x00, 0x0D, 0x4A, 0x55, 0x08, 0x2A, 0x00, 0x00, 0x08, 0x2A,
    0x00, 0x2A, 0x8C, 0x3F, 0x08, 0x2A, 0x63, 0x3C, 0x00, 0x2B, 0x5A, 0xD9, 0x00, 0x0C, 0x5A, 0xD9,
    0x00, 0x0C, 0x5A, 0xD9, 0x00, 0x2B, 0x5A, 0xB8, 0x08, 0x2A, 0x5A, 0xB8, 0x08, 0x2A, 0x5A, 0xB8,
    0x00, 0x2B, 0x5A, 0xB8, 0x00, 0x0C, 0x5A, 0xB8, 0x00, 0x2B, 0x5A, 0xB8, 0x00, 0x2B, 0x5A, 0xB8,
    0x00, 0x0C, 0x5A, 0xB8, 0x00, 0x0D, 0x5A, 0xB8, 0x00, 0x0C, 0x5A, 0xB8, 0x00, 0x0E, 0x5A, 0xB8,
    0x00, 0x0F, 0x5A, 0xB8, 0x00, 0x0F, 0x5A, 0xB8, 0x00, 0x0C, 0x5A, 0xB8, 0x08, 0x2A, 0x5A, 0xB8,
    0x00, 0x2B, 0x5A, 0xB8, 0x08, 0x2A, 0x5A, 0xB8, 0x00, 0x0D, 0x5A, 0xB8, 0x00, 0x0D, 0x5A, 0xB8,
    0x00, 0x0C, 0x5A, 0xB8, 0x00, 0x2B, 0x5A, 0xB8, 0x00, 0x2B, 0x5A, 0xB8, 0x08, 0x2A, 0x5A, 0xB8,
    0x00, 0x2B, 0x5A, 0xB8, 0x00, 0x0C, 0x5A, 0xB8, 0x08, 0x2A, 0x5A, 0xB8, 0x08, 0x2A, 0x5A, 0xB8,
    0x00, 0x2A, 0x5A, 0xB8, 0x00, 0x0B, 0x5A, 0xB8, 0x00, 0x2B, 0x5A, 0xB8, 0x00, 0x2A, 0x5A, 0xB8,
    0x08, 0x2A, 0x5A, 0xB8, 0x00, 0x2B, 0x5A, 0xB8, 0x00, 0x0C, 0x5A, 0xB8, 0x00, 0x0C, 0x5A, 0xB8,
    0x00, 0x2B, 0x5A, 0xB8, 0x08, 0x2A, 0x5A, 0xB8, 0x08, 0x2A, 0x5A, 0xB8, 0x00, 0x2B, 0x5A, 0xB8,
    0x00, 0x0C, 0x5A, 0xB8, 0x00, 0x2B, 0x5A, 0xB8, 0x00, 0x2B, 0x5A, 0xB8, 0x00, 0x0C, 0x5A, 0xB8,
    0x00, 0x0D, 0x5A, 0xB8, 0x00, 0x0C, 0x5A, 0xB8, 0x00, 0x0E, 0x5A, 0xB8, 0x00, 0x0F, 0x5A, 0xB8,
    0x00, 0x0F, 0x5A, 0xB8, 0x00, 0x0C, 0x5A, 0xB8, 0x08, 0x2A, 0x5A, 0xB8, 0x00, 0x2B, 0x5A, 0xB8,
    0x08, 0x2A, 0x5A, 0xB8, 0x00, 0x0D, 0x5A, 0xB8, 0x00, 0x0D, 0x5A, 0xB8, 0x00, 0x0C, 0x5A, 0xB8,
    0x00, 0x2B, 0x5A, 0xB8, 0x00, 0x2B, 0x5A, 0xB8, 0x08, 0x2A, 0x5A, 0xB8, 0x00, 0x2B, 0x5A, 0xB8,
    0x00, 0x0C, 0x5A, 0xB8, 0x08, 0x2A, 0x5A, 0xB8, 0x08, 0x2A, 0x5A, 0xB8, 0x00, 0x2A, 0x5A, 0xB8,
    0x00, 0x0B, 0x5A, 0xB8, 0x00, 0x2B, 0x5A, 0xB8, 0x00, 0x2A, 0x5A, 0xB8, 0x08, 0x2A, 0x5A, 0xB8,
    0x00, 0x2B, 0x5A, 0xB8, 0x00, 0x0C, 0x5A, 0xB8, 0x00, 0x0C, 0x5A, 0xB8, 0x00, 0x2B, 0x5A, 0xB8,
    0x08, 0x2A, 0x5A, 0xB8, 0x08, 0x2A, 0x5A, 0xB8, 0x00, 0x2B, 0x5A, 0xB8, 0x00, 0x0C, 0x5A, 0xB8,
    0x00, 0x2B, 0x5A, 0xB8, 0x00, 0x2B, 0x5A, 0xB8, 0x00, 0x0C, 0x5A, 0xB8, 0x00, 0x0D, 0x5A, 0xB8,
    0x00, 0x0C, 0x5A, 0xB8, 0x00, 0x0E, 0x5A, 0xB8, 0x00, 0x0F, 0x5A, 0xB8, 0x00, 0x0F, 0x5A, 0xB8,
    0x00, 0x0C, 0x5A, 0xB8, 0x08, 0x2A, 0x5A, 0xB8, 0x00, 0x2B, 0x5A, 0xB8, 0x08, 0x2A, 0x5A, 0xB8,
    0x00, 0x0D, 0x5A, 0xB8, 0x00, 0x0D, 0x5A, 0xB8, 0x00, 0x0C, 0x5A, 0xB8, 0x00, 0x2B, 0x5A, 0xB8,
    0x00, 0x2B, 0x5A, 0xB8, 0x08, 0x2A, 0x5A, 0xB8, 0x00, 0x2B, 0x5A, 0xB8, 0x00, 0x0C, 0x5A, 0xB8,
    0x08, 0x2A, 0x5A, 0xB8, 0x08, 0x2A, 0x5A, 0xB8, 0x00, 0x2A, 0x5A, 0xB8, 0x00, 0x0B, 0x5A, 0xB8,
    0x00, 0x2B, 0x5A, 0xB8, 0x00, 0x2A, 0x5A, 0xB8, 0x08, 0x2A, 0x5A, 0xB8, 0x00, 0x2B, 0x5A, 0xB8,
    0x00, 0x0C, 0x5A, 0xB8, 0x00, 0x0C, 0x5A, 0xB8, 0x00, 0x2B, 0x5A, 0xB8, 0x08, 0x2A, 0x5A, 0xB8,
    0x08, 0x2A, 0x5A, 0xB8, 0x00, 0x2B, 0x5A, 0xB8, 0x00, 0x0C, 0x5A, 0xB8, 0x00, 0x2B, 0x5A, 0xB8,
    0x00, 0x2B, 0x5A, 0xB8, 0x00, 0x0C, 0x5A, 0xB8, 0x00, 0x0D, 0x5A, 0xB8, 0x00, 0x0C, 0x5A, 0xB8,
    0x00, 0x0E, 0x5A, 0xB8, 0x00, 0x0F, 0x5A, 0xB8, 0x00, 0x0F, 0x5A, 0xB8, 0x00, 0x0C, 0x5A, 0xB8,
    0x08, 0x2A, 0x5A, 0xB8, 0x00, 0x2B, 0x5A, 0xB8, 0x08, 0x2A, 0x5A, 0xB8, 0x00, 0x0D, 0x5A, 0xB8,
    0x00, 0x0D, 0x5A, 0xB8, 0x00, 0x0C, 0x5A, 0xB8, 0x00, 0x2B, 0x5A, 0xB8, 0x00, 0x2B, 0x5A, 0xB8,
    0x08, 0x2A, 0x5A, 0xB8, 0x00, 0x2B, 0x5A, 0xB8, 0x00, 0x0C, 0x5A, 0xB8, 0x08, 0x2A, 0x5A, 0xB8,
    0x08, 0x2A, 0x5A, 0xB8, 0x00, 0x2A, 0x5A, 0xB8, 0x00, 0x0B, 0x5A, 0xB8, 0x00, 0x2B, 0x5A, 0xB8,
    0x00, 0x2A, 0x5A, 0xB8, 0x08, 0x2A, 0x5A, 0xB8, 0x00, 0x2B, 0x5A, 0xB8, 0x00, 0x0C, 0x5A, 0xB8,
    0x00, 0x0C, 0x5A, 0xB8, 0x00, 0x2B, 0x5A, 0xB8, 0x08, 0x2A, 0x5A, 0xB8, 0x08, 0x2A, 0x5A, 0xB8,
    0x00, 0x2B, 0x5A, 0xB8, 0x00, 0x0C, 0x5A, 0xB8, 0x00, 0x2B, 0x5A, 0xB8, 0x00, 0x2B, 0x5A, 0xB8,
    0x00, 0x0C, 0x5A, 0xB8, 0x00, 0x0D, 0x5A, 0xB8, 0x00, 0x0C, 0x5A, 0xB8, 0x00, 0x0E, 0x5A, 0xD9,
    0x00, 0x0F, 0x5A, 0xD9, 0x00, 0x0F, 0x83, 0xFF, 0x00, 0x0C, 0x00, 0x00, 0x08, 0x2A, 0x00, 0x00,
    0xC5, 0xFF, 0x00, 0x2B, 0x7B, 0xDF, 0x08, 0x2A, 0x00, 0x00, 0x00, 0x2B, 0x5A, 0xD8, 0x00, 0x0D,
    0x5A, 0xD8, 0x00, 0x0C, 0x52, 0xB8, 0x00, 0x2B, 0x52, 0xB8, 0x00, 0x2B, 0x52, 0xB8, 0x08, 0x2A,
    0x52, 0xB8, 0x00, 0x2B, 0x52, 0xB8, 0x00, 0x0C, 0x52, 0xB8, 0x08, 0x2A, 0x52, 0xB8, 0x08, 0x2A,
    0x52, 0xB8, 0x00, 0x2B, 0x52, 0xB8, 0x00, 0x2B, 0x52, 0xB8, 0x00, 0x2B, 0x52, 0xB8, 0x00, 0x2B,
    0x52, 0xB8, 0x00, 0x0D, 0x52, 0xB8, 0x00, 0x0D, 0x52, 0xB8, 0x00, 0x0B, 0x52, 0xB8, 0x00, 0x2B,
    0x52, 0xB8, 0x00, 0x0B, 0x52, 0xB8, 0x08, 0x2A, 0x52, 0xB8, 0x00, 0x0D, 0x52, 0xB8, 0x00, 0x0D,
    0x52, 0xB8, 0x00, 0x0D, 0x52, 0xB8, 0x00, 0x0D, 0x52, 0xB8, 0x00, 0x0D, 0x52, 0xB8, 0x08, 0x2A,
    0x52, 0xB8, 0x00, 0x0C, 0x52, 0xB8, 0x00, 0x0C, 0x52, 0xB8, 0x08, 0x2A, 0x52, 0xB8, 0x08, 0x2A,
    0x52, 0xB8, 0x08, 0x2A, 0x52, 0xB8, 0x00, 0x2B, 0x52, 0xB8, 0x08, 0x2A, 0x52, 0xB8, 0x00, 0x2B,
    0x52, 0xB8, 0x08, 0x2A, 0x52, 0xB8, 0x00, 0x2B, 0x52, 0xB8, 0x00, 0x0D, 0x52, 0xB8, 0x00, 0x0C,
    0x52, 0xB8, 0x00, 0x2B, 0x52, 0xB8, 0x00, 0x2B, 0x52, 0xB8, 0x08, 0x2A, 0x52, 0xB8, 0x00, 0x2B,
    0x52, 0xB8, 0x00, 0x0C, 0x52, 0xB8, 0x08, 0x2A, 0x52, 0xB8, 0x08, 0x2A, 0x52, 0xB8, 0x00, 0x2B,
    0x52, 0xB8, 0x00, 0x2B, 0x52, 0xB8, 0x00, 0x2B, 0x52, 0xB8, 0x00, 0x2B, 0x52, 0xB8, 0x00, 0x0D,
    0x52, 0xB8, 0x00, 0x0D, 0x52, 0xB8, 0x00, 0x0B, 0x52, 0xB8, 0x00, 0x2B, 0x52, 0xB8, 0x00, 0x0B,
    0x52, 0xB8, 0x08, 0x2A, 0x52, 0xB8, 0x00, 0x0D, 0x52, 0xB8, 0x00, 0x0D, 0x52, 0xB8, 0x00, 0x0D,
    0x52, 0xB8, 0x00, 0x0D, 0x52, 0xB8, 0x00, 0x0D, 0x52, 0xB8, 0x08, 0x2A, 0x52, 0xB8, 0x00, 0x0C,
    0x52, 0xB8, 0x00, 0x0C, 0x52, 0xB8, 0x08, 0x2A, 0x52, 0xB8, 0x08, 0x2A, 0x52, 0xB8, 0x08, 0x2A,
    0x52, 0xB8, 0x00, 0x2B, 0x52, 0xB8, 0x08, 0x2A, 0x52, 0xB8, 0x00, 0x2B, 0x52, 0xB8, 0x08, 0x2A,
    0x52, 0xB8, 0x00, 0x2B, 0x52, 0xB8, 0x00, 0x0D, 0x52, 0xB8, 0x00, 0x0C, 0x52, 0xB8, 0x00, 0x2B,
    0x52, 0xB8, 0x00, 0x2B, 0x52, 0xB8, 0x08, 0x2A, 0x52, 0xB8, 0x00, 0x2B, 0x52, 0xB8, 0x00, 0x0C,
    0x52, 0xB8, 0x08, 0x2A, 0x52, 0xB8, 0x08, 0x2A, 0x52, 0xB8, 0x00, 0x2B, 0x52, 0xB8, 0x00, 0x2B,
    0x52, 0xB8, 0x00, 0x2B, 0x52, 0xB8, 0x00, 0x2B, 0x52, 0xB8, 0x00, 0x0D, 0x52, 0xB8, 0x00, 0x0D,
    0x52, 0xB8, 0x00, 0x0B, 0x52, 0xB8, 0x00, 0x2B, 0x52, 0xB8, 0x00, 0x0B, 0x52, 0xB8, 0x08, 0x2A,
    0x52, 0xB8, 0x00, 0x0D, 0x52, 0xB8, 0x00, 0x0D, 0x52, 0xB8, 0x00, 0x0D, 0x52, 0xB8, 0x00, 0x0D,
    0x52, 0xB8, 0x00, 0x0D, 0x52, 0xB8, 0x08, 0x2A, 0x52, 0xB8, 0x00, 0x0C, 0x52, 0xB8, 0x00, 0x0C,
    0x52, 0xB8, 0x08, 0x2A, 0x52, 0xB8, 0x08, 0x2A, 0x52, 0xB8, 0x08, 0x2A, 0x52, 0xB8, 0x00, 0x2B,
    0x52, 0xB8, 0x08, 0x2A, 0x52, 0xB8, 0x00, 0x2B, 0x52, 0xB8, 0x08, 0x2A, 0x52, 0xB8, 0x00, 0x2B,
    0x52, 0xB8, 0x00, 0x0D, 0x52, 0xB8, 0x00, 0x0C, 0x52, 0xB8, 0x00, 0x2B, 0x52, 0xB8, 0x00, 0x2B,
    0x52, 0xB8, 0x08, 0x2A, 0x52, 0xB8, 0x00, 0x2B, 0x52, 0xB8, 0x00, 0x0C, 0x52, 0xB8, 0x08, 0x2A,
    0x52, 0xB8, 0x08, 0x2A, 0x52, 0xB8, 0x00, 0x2B, 0x52, 0xB8, 0x00, 0x2B, 0x52, 0xB8, 0x00, 0x2B,
    0x52, 0xB8, 0x00, 0x2B, 0x52, 0xB8, 0x00, 0x0D, 0x52, 0xB8, 0x00, 0x0D, 0x52, 0xB8, 0x00, 0x0B,
    0x52, 0xB8, 0x00, 0x2B, 0x52, 0xB8, 0x00, 0x0B, 0x52, 0xB8, 0x08, 0x2A, 0x52, 0xB8, 0x00, 0x0D,
    0x52, 0xB8, 0x00, 0x0D, 0x52, 0xB8, 0x00, 0x0D, 0x52, 0xB8, 0x00, 0x0D, 0x52, 0xB8, 0x00, 0x0D,
    0x52, 0xB8, 0x08, 0x2A, 0x52, 0xB8, 0x00, 0x0C, 0x52, 0xB8, 0x00, 0x0C, 0x52, 0xB8, 0x08, 0x2A,
    0x52, 0xB8, 0x08, 0x2A, 0x52, 0xB8, 0x08, 0x2A, 0x52, 0xB8, 0x00, 0x2B, 0x52, 0xB8, 0x08, 0x2A,
    0x52, 0xB8, 0x00, 0x2B, 0x52, 0xB8, 0x08, 0x2A, 0x52, 0xB8, 0x00, 0x2B, 0x52, 0xB8, 0x00, 0x0D,
    0x52, 0xB8, 0x00, 0x0C, 0x52, 0xB8, 0x00, 0x2B, 0x52, 0xB8, 0x00, 0x2B, 0x52, 0xB8, 0x08, 0x2A,
    0x52, 0xB8, 0x00, 0x2B, 0x52, 0xB8, 0x00, 0x0C, 0x52, 0xB8, 0x08, 0x2A, 0x52, 0xB8, 0x08, 0x2A,
    0x52, 0xB8, 0x00, 0x2B, 0x52, 0xB8, 0x00, 0x2B, 0x52, 0xB8, 0x00, 0x2B, 0x52, 0xB8, 0x00, 0x2B,
    0x5A, 0xD8, 0x00, 0x0D, 0x5A, 0xD8, 0x00, 0x0D, 0x4A, 0x54, 0x00, 0x0B, 0x00, 0x00, 0x00, 0x2B,
    0x00, 0x2B, 0x84, 0x1F, 0x00, 0x2B, 0x63, 0x1B, 0x08, 0x2A, 0x5A, 0xB8, 0x00, 0x2B, 0x5A, 0xB8,
    0x00, 0x0D, 0x5A, 0xB8, 0x00, 0x0D, 0x52, 0xB8, 0x00, 0x0D, 0x52, 0xB8, 0x00, 0x0C, 0x52, 0xB8,
    0x08, 0x2A, 0x52, 0xB8, 0x00, 0x2B, 0x52, 0xB8, 0x00, 0x0C, 0x52, 0xB8, 0x00, 0x2B, 0x52, 0xB8,
    0x08, 0x2A, 0x52, 0xB8, 0x08, 0x2A, 0x52, 0xB8, 0x08, 0x2A, 0x52, 0xB8, 0x08, 0x2A, 0x52, 0xB8,
    0x08, 0x2A, 0x52, 0xB8, 0x00, 0x2B, 0x52, 0xB8, 0x00, 0x2B, 0x52, 0xB8, 0x00, 0x2B, 0x52, 0xB8,
    0x00, 0x0C, 0x52, 0xB8, 0x00, 0x0B, 0x52, 0xB8, 0x08, 0x2A, 0x52, 0xB8, 0x00, 0x0C, 0x52, 0xB8,
    0x00, 0x0D, 0x52, 0xB8, 0x00, 0x0E, 0x52, 0xB8, 0x00, 0x0F, 0x52, 0xB8, 0x00, 0x0C, 0x52, 0xB8,
    0x08, 0x2A, 0x52, 0xB8, 0x00, 0x0D, 0x52, 0xB8, 0x00, 0x0D, 0x52, 0xB8, 0x08, 0x2A, 0x52, 0xB8,
    0x00, 0x2B, 0x52, 0xB8, 0x00, 0x2B, 0x52, 0xB8, 0x08, 0x2A, 0x52, 0xB8, 0x00, 0x2B, 0x52, 0xB8,
    0x00, 0x2B, 0x52, 0xB8, 0x08, 0x2A, 0x52, 0xB8, 0x00, 0x2B, 0x52, 0xB8, 0x00, 0x0D, 0x52, 0xB8,
    0x00, 0x0D, 0x52, 0xB8, 0x00, 0x0D, 0x52, 0xB8, 0x00, 0x0C, 0x52, 0xB8, 0x08, 0x2A, 0x52, 0xB8,
    0x00, 0x2B, 0x52, 0xB8, 0x00, 0x0C, 0x52, 0xB8, 0x00, 0x2B, 0x52, 0xB8, 0x08, 0x2A, 0x52, 0xB8,
    0x08, 0x2A, 0x52, 0xB8, 0x08, 0x2A, 0x52, 0xB8, 0x08, 0x2A, 0x52, 0xB8, 0x08, 0x2A, 0x52, 0xB8,
    0x00, 0x2B, 0x52, 0xB8, 0x00, 0x2B, 0x52, 0xB8, 0x00, 0x2B, 0x52, 0xB8, 0x00, 0x0C, 0x52, 0xB8,
    0x00, 0x0B, 0x52, 0xB8, 0x08, 0x2A, 0x52, 0xB8, 0x00, 0x0C, 0x52, 0xB8, 0x00, 0x0D, 0x52, 0xB8,
    0x00, 0x0E, 0x52, 0xB8, 0x00, 0x0F, 0x52, 0xB8, 0x00, 0x0C, 0x52, 0xB8, 0x08, 0x2A, 0x52, 0xB8,
    0x00, 0x0D, 0x52, 0xB8, 0x00, 0x0D, 0x52, 0xB8, 0x08, 0x2A, 0x52, 0xB8, 0x00, 0x2B, 0x52, 0xB8,
    0x00, 0x2B, 0x52, 0xB8, 0x08, 0x2A, 0x52, 0xB8, 0x00, 0x2B, 0x52, 0xB8, 0x00, 0x2B, 0x52, 0xB8,
    0x08, 0x2A, 0x52, 0xB8, 0x00, 0x2B, 0x52, 0xB8, 0x00, 0x0D, 0x52, 0xB8, 0x00, 0x0D, 0x52, 0xB8,
    0x00, 0x0D, 0x52, 0xB8, 0x00, 0x0C, 0x52, 0xB8, 0x08, 0x2A, 0x52, 0xB8, 0x00, 0x2B, 0x52, 0xB8,
    0x00, 0x0C, 0x52, 0xB8, 0x00, 0x2B, 0x52, 0xB8, 0x08, 0x2A, 0x52, 0xB8, 0x08, 0x2A, 0x52, 0xB8,
    0x08, 0x2A, 0x52, 0xB8, 0x08, 0x2A, 0x52, 0xB8, 0x08, 0x2A, 0x52, 0xB8, 0x00, 0x2B, 0x52, 0xB8,
    0x00, 0x2B, 0x52, 0xB8, 0x00, 0x2B, 0x52, 0xB8, 0x00, 0x0C, 0x52, 0xB8, 0x00, 0x0B, 0x52, 0xB8,
    0x08, 0x2A, 0x52, 0xB8, 0x00, 0x0C, 0x52, 0xB8, 0x00, 0x0D, 0x52, 0xB8, 0x00, 0x0E, 0x52, 0xB8,
    0x00, 0x0F, 0x52, 0xB8, 0x00, 0x0C, 0x52, 0xB8, 0x08, 0x2A, 0x52, 0xB8, 0x00, 0x0D, 0x52, 0xB8,
    0x00, 0x0D, 0x52, 0xB8, 0x08, 0x2A, 0x52, 0xB8, 0x00, 0x2B, 0x52, 0xB8, 0x00, 0x2B, 0x52, 0xB8,
    0x08, 0x2A, 0x52, 0xB8, 0x00, 0x2B, 0x52, 0xB8, 0x00, 0x2B, 0x52, 0xB8, 0x08, 0x2A, 0x52, 0xB8,
    0x00, 0x2B, 0x52, 0xB8, 0x00, 0x0D, 0x52, 0xB8, 0x00, 0x0D, 0x52, 0xB8, 0x00, 0x0D, 0x52, 0xB8,
    0x00, 0x0C, 0x52, 0xB8, 0x08, 0x2A, 0x52, 0xB8, 0x00, 0x2B, 0x52, 0xB8, 0x00, 0x0C, 0x52, 0xB8,
    0x00, 0x2B, 0x52, 0xB8, 0x08, 0x2A, 0x52, 0xB8, 0x08, 0x2A, 0x52, 0xB8, 0x08, 0x2A, 0x52, 0xB8,
    0x08, 0x2A, 0x52, 0xB8, 0x08, 0x2A, 0x52, 0xB8, 0x00, 0x2B, 0x52, 0xB8, 0x00, 0x2B, 0x52, 0xB8,
    0x00, 0x2B, 0x52, 0xB8, 0x00, 0x0C, 0x52, 0xB8, 0x00, 0x0B, 0x52, 0xB8, 0x08, 0x2A, 0x52, 0xB8,
    0x00, 0x0C, 0x52, 0xB8, 0x00, 0x0D, 0x52, 0xB8, 0x00, 0x0E, 0x52, 0xB8, 0x00, 0x0F, 0x52, 0xB8,
    0x00, 0x0C, 0x52, 0xB8, 0x08, 0x2A, 0x52, 0xB8, 0x00, 0x0D, 0x52, 0xB8, 0x00, 0x0D, 0x52, 0xB8,
    0x08, 0x2A, 0x52, 0xB8, 0x00, 0x2B, 0x52, 0xB8, 0x00, 0x2B, 0x52, 0xB8, 0x08, 0x2A, 0x52, 0xB8,
    0x00, 0x2B, 0x52, 0xB8, 0x00, 0x2B, 0x52, 0xB8, 0x08, 0x2A, 0x52, 0xB8, 0x00, 0x2B, 0x52, 0xB8,
    0x00, 0x0D, 0x52, 0xB8, 0x00, 0x0D, 0x52, 0xB8, 0x00, 0x0D, 0x52, 0xB8, 0x00, 0x0C, 0x52, 0xB8,
    0x08, 0x2A, 0x52, 0xB8, 0x00, 0x2B, 0x52, 0xB8, 0x00, 0x0C, 0x52, 0xB8, 0x00, 0x2B, 0x52, 0xB8,
    0x08, 0x2A, 0x52, 0xB8, 0x08, 0x2A, 0x52, 0xB8, 0x08, 0x2A, 0x52, 0xB8, 0x08, 0x2A, 0x5A, 0xB8,
    0x08, 0x2A, 0x5A, 0xB8, 0x00, 0x2B, 0x7B, 0xFF, 0x00, 0x2B, 0x00, 0x00, 0x00, 0x2B, 0x00, 0x00,
    0xBD, 0xDF, 0x00, 0x2B, 0x7B, 0xDF, 0x00, 0x0C, 0x00, 0x00, 0x08, 0x2A, 0x5A, 0xB8, 0x08, 0x2A,
    0x5A, 0xB8, 0x00, 0x0C, 0x52, 0x97, 0x00, 0x0D, 0x52, 0x97, 0x00, 0x0F, 0x52, 0x97, 0x00, 0x0C,
    0x52, 0x97, 0x08, 0x2A, 0x52, 0x97, 0x00, 0x2B, 0x52, 0x97, 0x00, 0x0C, 0x52, 0x97, 0x00, 0x0C,
    0x52, 0x97, 0x00, 0x0C, 0x52, 0x97, 0x08, 0x2A, 0x52, 0x97, 0x08, 0x2A, 0x52, 0x97, 0x08, 0x2A,
    0x52, 0x97, 0x08, 0x2A, 0x52, 0x97, 0x08, 0x2A, 0x52, 0x97, 0x08, 0x2A, 0x52, 0x97, 0x08, 0x2A,
    0x52, 0x97, 0x00, 0x0D, 0x52, 0x97, 0x00, 0x0C, 0x52, 0x97, 0x08, 0x2A, 0x52, 0x97, 0x00, 0x2A,
    0x52, 0x97, 0x00, 0x0C, 0x52, 0x97, 0x00, 0x0D, 0x52, 0x97, 0x00, 0x0E, 0x52, 0x97, 0x00, 0x0B,
    0x52, 0x97, 0x00, 0x2B, 0x52, 0x97, 0x00, 0x0F, 0x52, 0x97, 0x00, 0x0C, 0x52, 0x97, 0x00, 0x0B,
    0x52, 0x97, 0x00, 0x0C, 0x52, 0x97, 0x00, 0x2B, 0x52, 0x97, 0x00, 0x2B, 0x52, 0x97, 0x00, 0x2B,
    0x52, 0x97, 0x00, 0x0C, 0x52, 0x97, 0x08, 0x2A, 0x52, 0x97, 0x08, 0x2A, 0x52, 0x97, 0x00, 0x0C,
    0x52, 0x97, 0x00, 0x0D, 0x52, 0x97, 0x00, 0x0F, 0x52, 0x97, 0x00, 0x0C, 0x52, 0x97, 0x08, 0x2A,
    0x52, 0x97, 0x00, 0x2B, 0x52, 0x97, 0x00, 0x0C, 0x52, 0x97, 0x00, 0x0C, 0x52, 0x97, 0x00, 0x0C,
    0x52, 0x97, 0x08, 0x2A, 0x52, 0x97, 0x08, 0x2A, 0x52, 0x97, 0x08, 0x2A, 0x52, 0x97, 0x08, 0x2A,
    0x52, 0x97, 0x08, 0x2A, 0x52, 0x97, 0x08, 0x2A, 0x52, 0x97, 0x08, 0x2A, 0x52, 0x97, 0x00, 0x0D,
    0x52, 0x97, 0x00, 0x0C, 0x52, 0x97, 0x08, 0x2A, 0x52, 0x97, 0x00, 0x2A, 0x52, 0x97, 0x00, 0x0C,
    0x52, 0x97, 0x00, 0x0D, 0x52, 0x97, 0x00, 0x0E, 0x52, 0x97, 0x00, 0x0B, 0x52, 0x97, 0x00, 0x2B,
    0x52, 0x97, 0x00, 0x0F, 0x52, 0x97, 0x00, 0x0C, 0x52, 0x97, 0x00, 0x0B, 0x52, 0x97, 0x00, 0x0C,
    0x52, 0x97, 0x00, 0x2B, 0x52, 0x97, 0x00, 0x2B, 0x52, 0x97, 0x00, 0x2B, 0x52, 0x97, 0x00, 0x0C,
    0x52, 0x97, 0x08, 0x2A, 0x52, 0x97, 0x08, 0x2A, 0x52, 0x97, 0x00, 0x0C, 0x52, 0x97, 0x00, 0x0D,
    0x52, 0x97, 0x00, 0x0F, 0x52, 0x97, 0x00, 0x0C, 0x52, 0x97, 0x08, 0x2A, 0x52, 0x97, 0x00, 0x2B,
    0x52, 0x97, 0x00, 0x0C, 0x52, 0x97, 0x00, 0x0C, 0x52, 0x97, 0x00, 0x0C, 0x52, 0x97, 0x08, 0x2A,
    0x52, 0x97, 0x08, 0x2A, 0x52, 0x97, 0x08, 0x2A, 0x52, 0x97, 0x08, 0x2A, 0x52, 0x97, 0x08, 0x2A,
    0x52, 0x97, 0x08, 0x2A, 0x52, 0x97, 0x08, 0x2A, 0x52, 0x97, 0x00, 0x0D, 0x52, 0x97, 0x00, 0x0C,
    0x52, 0x97, 0x08, 0x2A, 0x52, 0x97, 0x00, 0x2A, 0x52, 0x97, 0x00, 0x0C, 0x52, 0x97, 0x00, 0x0D,
    0x52, 0x97, 0x00, 0x0E, 0x52, 0x97, 0x00, 0x0B, 0x52, 0x97, 0x00, 0x2B, 0x52, 0x97, 0x00, 0x0F,
    0x52, 0x97, 0x00, 0x0C, 0x52, 0x97, 0x00, 0x0B, 0x52, 0x97, 0x00, 0x0C, 0x52, 0x97, 0x00, 0x2B,
    0x52, 0x97, 0x00, 0x2B, 0x52, 0x97, 0x00, 0x2B, 0x52, 0x97, 0x00, 0x0C, 0x52, 0x97, 0x08, 0x2A,
    0x52, 0x97, 0x08, 0x2A, 0x52, 0x97, 0x00, 0x0C, 0x52, 0x97, 0x00, 0x0D, 0x52, 0x97, 0x00, 0x0F,
    0x52, 0x97, 0x00, 0x0C, 0x52, 0x97, 0x08, 0x2A, 0x52, 0x97, 0x00, 0x2B, 0x52, 0x97, 0x00, 0x0C,
    0x52, 0x97, 0x00, 0x0C, 0x52, 0x97, 0x00, 0x0C, 0x52, 0x97, 0x08, 0x2A, 0x52, 0x97, 0x08, 0x2A,
    0x52, 0x97, 0x08, 0x2A, 0x52, 0x97, 0x08, 0x2A, 0x52, 0x97, 0x08, 0x2A, 0x52, 0x97, 0x08, 0x2A,
    0x52, 0x97, 0x08, 0x2A, 0x52, 0x97, 0x00, 0x0D, 0x52, 0x97, 0x00, 0x0C, 0x52, 0x97, 0x08, 0x2A,
    0x52, 0x97, 0x00, 0x2A, 0x52, 0x97, 0x00, 0x0C, 0x52, 0x97, 0x00, 0x0D, 0x52, 0x97, 0x00, 0x0E,
    0x52, 0x97, 0x00, 0x0B, 0x52, 0x97, 0x00, 0x2B, 0x52, 0x97, 0x00, 0x0F, 0x52, 0x97, 0x00, 0x0C,
    0x52, 0x97, 0x00, 0x0B, 0x52, 0x97, 0x00, 0x0C, 0x52, 0x97, 0x00, 0x2B, 0x52, 0x97, 0x00, 0x2B,
    0x52, 0x97, 0x00, 0x2B, 0x52, 0x97, 0x00, 0x0C, 0x52, 0x97, 0x08, 0x2A, 0x52, 0x97, 0x08, 0x2A,
    0x52, 0x97, 0x00, 0x0C, 0x52, 0x97, 0x00, 0x0D, 0x52, 0x97, 0x00, 0x0F, 0x52, 0x97, 0x00, 0x0C,
    0x52, 0x97, 0x08, 0x2A, 0x52, 0x97, 0x00, 0x2B, 0x52, 0x97, 0x00, 0x0C, 0x52, 0x97, 0x00, 0x0C,
    0x52, 0x97, 0x00, 0x0C, 0x52, 0x97, 0x08, 0x2A, 0x52, 0x97, 0x08, 0x2A, 0x52, 0x97, 0x08, 0x2A,
    0x5A, 0xB8, 0x08, 0x2A, 0x5A, 0xB8, 0x08, 0x2A, 0x4A, 0x54, 0x08, 0x2A, 0x00, 0x00, 0x08, 0x2A,
    0x00, 0x0C, 0x83, 0xFF, 0x00, 0x0C, 0x63, 0x1B, 0x00, 0x0C, 0x52, 0xB8, 0x00, 0x2B, 0x52, 0xB8,
    0x00, 0x0C, 0x52, 0xB8, 0x00, 0x0C, 0x52, 0x97, 0x00, 0x0D, 0x52, 0x97, 0x00, 0x0E, 0x52, 0x97,
    0x00, 0x2B, 0x52, 0x97, 0x08, 0x2A, 0x52, 0x97, 0x00, 0x0B, 0x52, 0x97, 0x00, 0x0D, 0x52, 0x97,
    0x00, 0x0C, 0x52, 0x97, 0x00, 0x0C, 0x52, 0x97, 0x00, 0x0C, 0x52, 0x97, 0x00, 0x0C, 0x52, 0x97,
    0x00, 0x2B, 0x52, 0x97, 0x08, 0x2A, 0x52, 0x97, 0x08, 0x2A, 0x52, 0x97, 0x00, 0x2B, 0x52, 0x97,
    0x00, 0x2B, 0x52, 0x97, 0x00, 0x0E, 0x52, 0x97, 0x00, 0x0D, 0x52, 0x97, 0x00, 0x2B, 0x52, 0x97,
    0x08, 0x2A, 0x52, 0x97, 0x08, 0x2A, 0x52, 0x97, 0x00, 0x0B, 0x52, 0x97, 0x00, 0x0D, 0x52, 0x97,
    0x00, 0x2B, 0x52, 0x97, 0x00, 0x0C, 0x52, 0x97, 0x00, 0x0F, 0x52, 0x97, 0x00, 0x0C, 0x52, 0x97,
    0x00, 0x0D, 0x52, 0x97, 0x00, 0x0C, 0x52, 0x97, 0x00, 0x0B, 0x52, 0x97, 0x00, 0x0C, 0x52, 0x97,
    0x00, 0x0C, 0x52, 0x97, 0x00, 0x0C, 0x52, 0x97, 0x00, 0x2B, 0x52, 0x97, 0x00, 0x0C, 0x52, 0x97,
    0x00, 0x0C, 0x52, 0x97, 0x00, 0x0D, 0x52, 0x97, 0x00, 0x0E, 0x52, 0x97, 0x00, 0x2B, 0x52, 0x97,
    0x08, 0x2A, 0x52, 0x97, 0x00, 0x0B, 0x52, 0x97, 0x00, 0x0D, 0x52, 0x97, 0x00, 0x0C, 0x52, 0x97,
    0x00, 0x0C, 0x52, 0x97, 0x00, 0x0C, 0x52, 0x97, 0x00, 0x0C, 0x52, 0x97, 0x00, 0x2B, 0x52, 0x97,
    0x08, 0x2A, 0x52, 0x97, 0x08, 0x2A, 0x52, 0x97, 0x00, 0x2B, 0x52, 0x97, 0x00, 0x2B, 0x52, 0x97,
    0x00, 0x0E, 0x52, 0x97, 0x00, 0x0D, 0x52, 0x97, 0x00, 0x2B, 0x52, 0x97, 0x08, 0x2A, 0x52, 0x97,
    0x08, 0x2A, 0x52, 0x97, 0x00, 0x0B, 0x52, 0x97, 0x00, 0x0D, 0x52, 0x97, 0x00, 0x2B, 0x52, 0x97,
    0x00, 0x0C, 0x52, 0x97, 0x00, 0x0F, 0x52, 0x97, 0x00, 0x0C, 0x52, 0x97, 0x00, 0x0D, 0x52, 0x97,
    0x00, 0x0C, 0x52, 0x97, 0x00, 0x0B, 0x52, 0x97, 0x00, 0x0C, 0x52, 0x97, 0x00, 0x0C, 0x52, 0x97,
    0x00, 0x0C, 0x52, 0x97, 0x00, 0x2B, 0x52, 0x97, 0x00, 0x0C, 0x52, 0x97, 0x00, 0x0C, 0x52, 0x97,
    0x00, 0x0D, 0x52, 0x97, 0x00, 0x0E, 0x52, 0x97, 0x00, 0x2B, 0x52, 0x97, 0x08, 0x2A, 0x52, 0x97,
    0x00, 0x0B, 0x52, 0x97, 0x00, 0x0D, 0x52, 0x97, 0x00, 0x0C, 0x52, 0x97, 0x00, 0x0C, 0x52, 0x97,
    0x00, 0x0C, 0x52, 0x97, 0x00, 0x0C, 0x52, 0x97, 0x00, 0x2B, 0x52, 0x97, 0x08, 0x2A, 0x52, 0x97,
    0x08, 0x2A, 0x52, 0x97, 0x00, 0x2B, 0x52, 0x97, 0x00, 0x2B, 0x52, 0x97, 0x00, 0x0E, 0x52, 0x97,
    0x00, 0x0D, 0x52, 0x97, 0x00, 0x2B, 0x52, 0x97, 0x08, 0x2A, 0x52, 0x97, 0x08, 0x2A, 0x52, 0x97,
    0x00, 0x0B, 0x52, 0x97, 0x00, 0x0D, 0x52, 0x97, 0x00, 0x2B, 0x52, 0x97, 0x00, 0x0C, 0x52, 0x97,
    0x00, 0x0F, 0x52, 0x97, 0x00, 0x0C, 0x52, 0x97, 0x00, 0x0D, 0x52, 0x97, 0x00, 0x0C, 0x52, 0x97,
    0x00, 0x0B, 0x52, 0x97, 0x00, 0x0C, 0x52, 0x97, 0x00, 0x0C, 0x52, 0x97, 0x00, 0x0C, 0x52, 0x97,
    0x00, 0x2B, 0x52, 0x97, 0x00, 0x0C, 0x52, 0x97, 0x00, 0x0C, 0x52, 0x97, 0x00, 0x0D, 0x52, 0x97,
    0x00, 0x0E, 0x52, 0x97, 0x00, 0x2B, 0x52, 0x97, 0x08, 0x2A, 0x52, 0x97, 0x00, 0x0B, 0x52, 0x97,
    0x00, 0x0D, 0x52, 0x97, 0x00, 0x0C, 0x52, 0x97, 0x00, 0x0C, 0x52, 0x97, 0x00, 0x0C, 0x52, 0x97,
    0x00, 0x0C, 0x52, 0x97, 0x00, 0x2B, 0x52, 0x97, 0x08, 0x2A, 0x52, 0x97, 0x08, 0x2A, 0x52, 0x97,
    0x00, 0x2B, 0x52, 0x97, 0x00, 0x2B, 0x52, 0x97, 0x00, 0x0E, 0x52, 0x97, 0x00, 0x0D, 0x52, 0x97,
    0x00, 0x2B, 0x52, 0x97, 0x08, 0x2A, 0x52, 0x97, 0x08, 0x2A, 0x52, 0x97, 0x00, 0x0B, 0x52, 0x97,
    0x00, 0x0D, 0x52, 0x97, 0x00, 0x2B, 0x52, 0x97, 0x00, 0x0C, 0x52, 0x97, 0x00, 0x0F, 0x52, 0x97,
    0x00, 0x0C, 0x52, 0x97, 0x00, 0x0D, 0x52, 0x97, 0x00, 0x0C, 0x52, 0x97, 0x00, 0x0B, 0x52, 0x97,
    0x00, 0x0C, 0x52, 0x97, 0x00, 0x0C, 0x52, 0x97, 0x00, 0x0C, 0x52, 0x97, 0x00, 0x2B, 0x52, 0x97,
    0x00, 0x0C, 0x52, 0x97, 0x00, 0x0C, 0x52, 0x97, 0x00, 0x0D, 0x52, 0x97, 0x00, 0x0E, 0x52, 0x97,
    0x00, 0x2B, 0x52, 0x97, 0x08, 0x2A, 0x52, 0x97, 0x00, 0x0B, 0x52, 0x97, 0x00, 0x0D, 0x52, 0x97,
    0x00, 0x0C, 0x52, 0x97, 0x00, 0x0C, 0x52, 0x97, 0x00, 0x0C, 0x52, 0x97, 0x00, 0x0C, 0x52, 0xB8,
    0x00, 0x2B, 0x52, 0xB8, 0x08, 0x2A, 0x7B, 0xDF, 0x08, 0x2A, 0x00, 0x00, 0x00, 0x2B, 0x00, 0x00,
    0xBD, 0xBF, 0x00, 0x0C, 0x7B, 0xBF, 0x00, 0x0D, 0x00, 0x00, 0x00, 0x0D, 0x52, 0xB8, 0x00, 0x0C,
    0x52, 0xB8, 0x00, 0x2B, 0x52, 0x97, 0x00, 0x0B, 0x52, 0x97, 0x00, 0x0E, 0x52, 0x97, 0x00, 0x0D,
    0x52, 0x97, 0x00, 0x2B, 0x52, 0x97, 0x00, 0x2A, 0x52, 0x97, 0x00, 0x2B, 0x52, 0x97, 0x00, 0x2B,
    0x52, 0x97, 0x00, 0x2B, 0x52, 0x97, 0x00, 0x0C, 0x52, 0x97, 0x00, 0x0C, 0x52, 0x97, 0x00, 0x0D,
    0x52, 0x97, 0x00, 0x2B, 0x52, 0x97, 0x08, 0x2A, 0x52, 0x97, 0x00, 0x0C, 0x52, 0x97, 0x00, 0x2B,
    0x52, 0x97, 0x00, 0x0D, 0x52, 0x97, 0x00, 0x0F, 0x52, 0x97, 0x00, 0x0E, 0x52, 0x97, 0x00, 0x0C,
    0x52, 0x97, 0x08, 0x2A, 0x52, 0x97, 0x08, 0x2A, 0x52, 0x97, 0x00, 0x2B, 0x52, 0x97, 0x00, 0x2B,
    0x52, 0x97, 0x08, 0x2A, 0x52, 0x97, 0x00, 0x0C, 0x52, 0x97, 0x00, 0x0E, 0x52, 0x97, 0x00, 0x0B,
    0x52, 0x97, 0x00, 0x0C, 0x52, 0x97, 0x00, 0x0C, 0x52, 0x97, 0x00, 0x0C, 0x52, 0x97, 0x00, 0x0C,
    0x52, 0x97, 0x00, 0x0D, 0x52, 0x97, 0x00, 0x0D, 0x52, 0x97, 0x00, 0x0C, 0x52, 0x97, 0x00, 0x2B,
    0x52, 0x97, 0x00, 0x0B, 0x52, 0x97, 0x00, 0x0E, 0x52, 0x97, 0x00, 0x0D, 0x52, 0x97, 0x00, 0x2B,
    0x52, 0x97, 0x00, 0x2A, 0x52, 0x97, 0x00, 0x2B, 0x52, 0x97, 0x00, 0x2B, 0x52, 0x97, 0x00, 0x2B,
    0x52, 0x97, 0x00, 0x0C, 0x52, 0x97, 0x00, 0x0C, 0x52, 0x97, 0x00, 0x0D, 0x52, 0x97, 0x00, 0x2B,
    0x52, 0x97, 0x08, 0x2A, 0x52, 0x97, 0x00, 0x0C, 0x52, 0x97, 0x00, 0x2B, 0x52, 0x97, 0x00, 0x0D,
    0x52, 0x97, 0x00, 0x0F, 0x52, 0x97, 0x00, 0x0E, 0x52, 0x97, 0x00, 0x0C, 0x52, 0x97, 0x08, 0x2A,
    0x52, 0x97, 0x08, 0x2A, 0x52, 0x97, 0x00, 0x2B, 0x52, 0x97, 0x00, 0x2B, 0x52, 0x97, 0x08, 0x2A,
    0x52, 0x97, 0x00, 0x0C, 0x52, 0x97, 0x00, 0x0E, 0x52, 0x97, 0x00, 0x0B, 0x52, 0x97, 0x00, 0x0C,
    0x52, 0x97, 0x00, 0x0C, 0x52, 0x97, 0x00, 0x0C, 0x52, 0x97, 0x00, 0x0C, 0x52, 0x97, 0x00, 0x0D,
    0x52, 0x97, 0x00, 0x0D, 0x52, 0x97, 0x00, 0x0C, 0x52, 0x97, 0x00, 0x2B, 0x52, 0x97, 0x00, 0x0B,
    0x52, 0x97, 0x00, 0x0E, 0x52, 0x97, 0x00, 0x0D, 0x52, 0x97, 0x00, 0x2B, 0x52, 0x97, 0x00, 0x2A,
    0x52, 0x97, 0x00, 0x2B, 0x52, 0x97, 0x00, 0x2B, 0x52, 0x97, 0x00, 0x2B, 0x52, 0x97, 0x00, 0x0C,
    0x52, 0x97, 0x00, 0x0C, 0x52, 0x97, 0x00, 0x0D, 0x52, 0x97, 0x00, 0x2B, 0x52, 0x97, 0x08, 0x2A,
    0x52, 0x97, 0x00, 0x0C, 0x52, 0x97, 0x00, 0x2B, 0x52, 0x97, 0x00, 0x0D, 0x52, 0x97, 0x00, 0x0F,
    0x52, 0x97, 0x00, 0x0E, 0x52, 0x97, 0x00, 0x0C, 0x52, 0x97, 0x08, 0x2A, 0x52, 0x97, 0x08, 0x2A,
    0x52, 0x97, 0x00, 0x2B, 0x52, 0x97, 0x00, 0x2B, 0x52, 0x97, 0x08, 0x2A, 0x52, 0x97, 0x00, 0x0C,
    0x52, 0x97, 0x00, 0x0E, 0x52, 0x97, 0x00, 0x0B, 0x52, 0x97, 0x00, 0x0C, 0x52, 0x97, 0x00, 0x0C,
    0x52, 0x97, 0x00, 0x0C, 0x52, 0x97, 0x00, 0x0C, 0x52, 0x97, 0x00, 0x0D, 0x52, 0x97, 0x00, 0x0D,
    0x52, 0x97, 0x00, 0x0C, 0x52, 0x97, 0x00, 0x2B, 0x52, 0x97, 0x00, 0x0B, 0x52, 0x97, 0x00, 0x0E,
    0x52, 0x97, 0x00, 0x0D, 0x52, 0x97, 0x00, 0x2B, 0x52, 0x97, 0x00, 0x2A, 0x52, 0x97, 0x00, 0x2B,
    0x52, 0x97, 0x00, 0x2B, 0x52, 0x97, 0x00, 0x2B, 0x52, 0x97, 0x00, 0x0C, 0x52, 0x97, 0x00, 0x0C,
    0x52, 0x97, 0x00, 0x0D, 0x52, 0x97, 0x00, 0x2B, 0x52, 0x97, 0x08, 0x2A, 0x52, 0x97, 0x00, 0x0C,
    0x52, 0x97, 0x00, 0x2B, 0x52, 0x97, 0x00, 0x0D, 0x52, 0x97, 0x00, 0x0F, 0x52, 0x97, 0x00, 0x0E,
    0x52, 0x97, 0x00, 0x0C, 0x52, 0x97, 0x08, 0x2A, 0x52, 0x97, 0x08, 0x2A, 0x52, 0x97, 0x00, 0x2B,
    0x52, 0x97, 0x00, 0x2B, 0x52, 0x97, 0x08, 0x2A, 0x52, 0x97, 0x00, 0x0C, 0x52, 0x97, 0x00, 0x0E,
    0x52, 0x97, 0x00, 0x0B, 0x52, 0x97, 0x00, 0x0C, 0x52, 0x97, 0x00, 0x0C, 0x52, 0x97, 0x00, 0x0C,
    0x52, 0x97, 0x00, 0x0C, 0x52, 0x97, 0x00, 0x0D, 0x52, 0x97, 0x00, 0x0D, 0x52, 0x97, 0x00, 0x0C,
    0x52, 0x97, 0x00, 0x2B, 0x52, 0x97, 0x00, 0x0B, 0x52, 0x97, 0x00, 0x0E, 0x52, 0x97, 0x00, 0x0D,
    0x52, 0x97, 0x00, 0x2B, 0x52, 0x97, 0x00, 0x2A, 0x52, 0x97, 0x00, 0x2B, 0x52, 0x97, 0x00, 0x2B,
    0x52, 0x97, 0x00, 0x2B, 0x52, 0x97, 0x00, 0x0C, 0x52, 0x97, 0x00, 0x0C, 0x52, 0x97, 0x00, 0x0D,
    0x52, 0xB8, 0x00, 0x2B, 0x52, 0xB8, 0x08, 0x2A, 0x4A, 0x34, 0x00, 0x0C, 0x00, 0x00, 0x00, 0x2B,
    0x00, 0x0C, 0x7B, 0xFF, 0x00, 0x0C, 0x62, 0xFB, 0x00, 0x0C, 0x52, 0x98, 0x00, 0x0C, 0x52, 0x98,
    0x00, 0x2B, 0x52, 0x98, 0x08, 0x2A, 0x52, 0x97, 0x00, 0x2B, 0x52, 0x97, 0x00, 0x0D, 0x52, 0x97,
    0x00, 0x0C, 0x52, 0x97, 0x00, 0x2B, 0x52, 0x97, 0x00, 0x2B, 0x52, 0x97, 0x08, 0x2A, 0x52, 0x97,
    0x08, 0x2A, 0x52, 0x97, 0x08, 0x2A, 0x52, 0x97, 0x00, 0x0C, 0x52, 0x97, 0x00, 0x0C, 0x52, 0x97,
    0x00, 0x0D, 0x52, 0x97, 0x00, 0x2B, 0x52, 0x97, 0x00, 0x2B, 0x52, 0x97, 0x00, 0x0C, 0x52, 0x97,
    0x00, 0x2B, 0x52, 0x97, 0x00, 0x0C, 0x52, 0x97, 0x00, 0x0D, 0x52, 0x97, 0x00, 0x0F, 0x52, 0x97,
    0x00, 0x0C, 0x52, 0x97, 0x00, 0x2B, 0x52, 0x97, 0x00, 0x2B, 0x52, 0x97, 0x00, 0x2B, 0x52, 0x97,
    0x08, 0x2A, 0x52, 0x97, 0x08, 0x2A, 0x52, 0x97, 0x00, 0x0D, 0x52, 0x97, 0x00, 0x0C, 0x52, 0x97,
    0x08, 0x2A, 0x52, 0x97, 0x00, 0x2B, 0x52, 0x97, 0x00, 0x0C, 0x52, 0x97, 0x00, 0x0C, 0x52, 0x97,
    0x00, 0x0C, 0x52, 0x97, 0x00, 0x0C, 0x52, 0x97, 0x00, 0x0C, 0x52, 0x97, 0x00, 0x2B, 0x52, 0x97,
    0x08, 0x2A, 0x52, 0x97, 0x00, 0x2B, 0x52, 0x97, 0x00, 0x0D, 0x52, 0x97, 0x00, 0x0C, 0x52, 0x97,
    0x00, 0x2B, 0x52, 0x97, 0x00, 0x2B, 0x52, 0x97, 0x08, 0x2A, 0x52, 0x97, 0x08, 0x2A, 0x52, 0x97,
    0x08, 0x2A, 0x52, 0x97, 0x00, 0x0C, 0x52, 0x97, 0x00, 0x0C, 0x52, 0x97, 0x00, 0x0D, 0x52, 0x97,
    0x00, 0x2B, 0x52, 0x97, 0x00, 0x2B, 0x52, 0x97, 0x00, 0x0C, 0x52, 0x97, 0x00, 0x2B, 0x52, 0x97,
    0x00, 0x0C, 0x52, 0x97, 0x00, 0x0D, 0x52, 0x97, 0x00, 0x0F, 0x52, 0x97, 0x00, 0x0C, 0x52, 0x97,
    0x00, 0x2B, 0x52, 0x97, 0x00, 0x2B, 0x52, 0x97, 0x00, 0x2B, 0x52, 0x97, 0x08, 0x2A, 0x52, 0x97,
    0x08, 0x2A, 0x52, 0x97, 0x00, 0x0D, 0x52, 0x97, 0x00, 0x0C, 0x52, 0x97, 0x08, 0x2A, 0x52, 0x97,
    0x00, 0x2B, 0x52, 0x97, 0x00, 0x0C, 0x52, 0x97, 0x00, 0x0C, 0x52, 0x97, 0x00, 0x0C, 0x52, 0x97,
    0x00, 0x0C, 0x52, 0x97, 0x00, 0x0C, 0x52, 0x97, 0x00, 0x2B, 0x52, 0x97, 0x08, 0x2A, 0x52, 0x97,
    0x00, 0x2B, 0x52, 0x97, 0x00, 0x0D, 0x52, 0x97, 0x00, 0x0C, 0x52, 0x97, 0x00, 0x2B, 0x52, 0x97,
    0x00, 0x2B, 0x52, 0x97, 0x08, 0x2A, 0x52, 0x97, 0x08, 0x2A, 0x52, 0x97, 0x08, 0x2A, 0x52, 0x97,
    0x00, 0x0C, 0x52, 0x97, 0x00, 0x0C, 0x52, 0x97, 0x00, 0x0D, 0x52, 0x97, 0x00, 0x2B, 0x52, 0x97,
    0x00, 0x2B, 0x52, 0x97, 0x00, 0x0C, 0x52, 0x97, 0x00, 0x2B, 0x52, 0x97, 0x00, 0x0C, 0x52, 0x97,
    0x00, 0x0D, 0x52, 0x97, 0x00, 0x0F, 0x52, 0x97, 0x00, 0x0C, 0x52, 0x97, 0x00, 0x2B, 0x52, 0x97,
    0x00, 0x2B, 0x52, 0x97, 0x00, 0x2B, 0x52, 0x97, 0x08, 0x2A, 0x52, 0x97, 0x08, 0x2A, 0x52, 0x97,
    0x00, 0x0D, 0x52, 0x97, 0x00, 0x0C, 0x52, 0x97, 0x08, 0x2A, 0x52, 0x97, 0x00, 0x2B, 0x52, 0x97,
    0x00, 0x0C, 0x52, 0x97, 0x00, 0x0C, 0x52, 0x97, 0x00, 0x0C, 0x52, 0x97, 0x00, 0x0C, 0x52, 0x97,
    0x00, 0x0C, 0x52, 0x97, 0x00, 0x2B, 0x52, 0x97, 0x08, 0x2A, 0x52, 0x97, 0x00, 0x2B, 0x52, 0x97,
    0x00, 0x0D, 0x52, 0x97, 0x00, 0x0C, 0x52, 0x97, 0x00, 0x2B, 0x52, 0x97, 0x00, 0x2B, 0x52, 0x97,
    0x08, 0x2A, 0x52, 0x97, 0x08, 0x2A, 0x52, 0x97, 0x08, 0x2A, 0x52, 0x97, 0x00, 0x0C, 0x52, 0x97,
    0x00, 0x0C, 0x52, 0x97, 0x00, 0x0D, 0x52, 0x97, 0x00, 0x2B, 0x52, 0x97, 0x00, 0x2B, 0x52, 0x97,
    0x00, 0x0C, 0x52, 0x97, 0x00, 0x2B, 0x52, 0x97, 0x00, 0x0C, 0x52, 0x97, 0x00, 0x0D, 0x52, 0x97,
    0x00, 0x0F, 0x52, 0x97, 0x00, 0x0C, 0x52, 0x97, 0x00, 0x2B, 0x52, 0x97, 0x00, 0x2B, 0x52, 0x97,
    0x00, 0x2B, 0x52, 0x97, 0x08, 0x2A, 0x52, 0x97, 0x08, 0x2A, 0x52, 0x97, 0x00, 0x0D, 0x52, 0x97,
    0x00, 0x0C, 0x52, 0x97, 0x08, 0x2A, 0x52, 0x97, 0x00, 0x2B, 0x52, 0x97, 0x00, 0x0C, 0x52, 0x97,
    0x00, 0x0C, 0x52, 0x97, 0x00, 0x0C, 0x52, 0x97, 0x00, 0x0C, 0x52, 0x97, 0x00, 0x0C, 0x52, 0x97,
    0x00, 0x2B, 0x52, 0x97, 0x08, 0x2A, 0x52, 0x97, 0x00, 0x2B, 0x52, 0x97, 0x00, 0x0D, 0x52, 0x97,
    0x00, 0x0C, 0x52, 0x97, 0x00, 0x2B, 0x52, 0x97, 0x00, 0x2B, 0x52, 0x97, 0x08, 0x2A, 0x52, 0x97,
    0x08, 0x2A, 0x52, 0x97, 0x08, 0x2A, 0x52, 0x97, 0x00, 0x0C, 0x52, 0x97, 0x00, 0x0C, 0x52, 0x98,
    0x00, 0x0D, 0x52, 0x98, 0x00, 0x2B, 0x7B, 0xBF, 0x00, 0x2B, 0x00, 0x00, 0x00, 0x0C, 0x00, 0x00,
    0xB5, 0x9F, 0x00, 0x2B, 0x73, 0x9F, 0x08, 0x2A, 0x00, 0x00, 0x00, 0x2A, 0x52, 0x97, 0x00, 0x2B,
    0x52, 0x97, 0x08, 0x2A, 0x52, 0x77, 0x08, 0x2A, 0x52, 0x77, 0x00, 0x2B, 0x52, 0x77, 0x00, 0x0C,
    0x52, 0x77, 0x00, 0x2B, 0x52, 0x77, 0x00, 0x0C, 0x52, 0x77, 0x00, 0x2B, 0x52, 0x77, 0x08, 0x2A,
    0x52, 0x77, 0x08, 0x2A, 0x52, 0x77, 0x08, 0x2A, 0x52, 0x77, 0x08, 0x2A, 0x52, 0x77, 0x00, 0x0C,
    0x52, 0x77, 0x00, 0x0D, 0x52, 0x77, 0x00, 0x2B, 0x52, 0x77, 0x00, 0x2B, 0x52, 0x77, 0x08, 0x2A,
    0x52, 0x77, 0x08, 0x2A, 0x52, 0x77, 0x08, 0x2A, 0x52, 0x77, 0x00, 0x0D, 0x52, 0x77, 0x00, 0x0E,
    0x52, 0x77, 0x00, 0x0C, 0x52, 0x77, 0x00, 0x0C, 0x52, 0x77, 0x00, 0x2B, 0x52, 0x77, 0x00, 0x0C,
    0x52, 0x77, 0x08, 0x2A, 0x52, 0x77, 0x00, 0x0C, 0x52, 0x77, 0x00, 0x0D, 0x52, 0x77, 0x00, 0x2B,
    0x52, 0x77, 0x08, 0x2A, 0x52, 0x77, 0x00, 0x2B, 0x52, 0x77, 0x00, 0x2B, 0x52, 0x77, 0x00, 0x2B,
    0x52, 0x77, 0x08, 0x2A, 0x52, 0x77, 0x00, 0x2A, 0x52, 0x77, 0x00, 0x2B, 0x52, 0x77, 0x08, 0x2A,
    0x52, 0x77, 0x08, 0x2A, 0x52, 0x77, 0x00, 0x2B, 0x52, 0x77, 0x00, 0x0C, 0x52, 0x77, 0x00, 0x2B,
    0x52, 0x77, 0x00, 0x0C, 0x52, 0x77, 0x00, 0x2B, 0x52, 0x77, 0x08, 0x2A, 0x52, 0x77, 0x08, 0x2A,
    0x52, 0x77, 0x08, 0x2A, 0x52, 0x77, 0x08, 0x2A, 0x52, 0x77, 0x00, 0x0C, 0x52, 0x77, 0x00, 0x0D,
    0x52, 0x77, 0x00, 0x2B, 0x52, 0x77, 0x00, 0x2B, 0x52, 0x77, 0x08, 0x2A, 0x52, 0x77, 0x08, 0x2A,
    0x52, 0x77, 0x08, 0x2A, 0x52, 0x77, 0x00, 0x0D, 0x52, 0x77, 0x00, 0x0E, 0x52, 0x77, 0x00, 0x0C,
    0x52, 0x77, 0x00, 0x0C, 0x52, 0x77, 0x00, 0x2B, 0x52, 0x77, 0x00, 0x0C, 0x52, 0x77, 0x08, 0x2A,
    0x52, 0x77, 0x00, 0x0C, 0x52, 0x77, 0x00, 0x0D, 0x52, 0x77, 0x00, 0x2B, 0x52, 0x77, 0x08, 0x2A,
    0x52, 0x77, 0x00, 0x2B, 0x52, 0x77, 0x00, 0x2B, 0x52, 0x77, 0x00, 0x2B, 0x52, 0x77, 0x08, 0x2A,
    0x52, 0x77, 0x00, 0x2A, 0x52, 0x77, 0x00, 0x2B, 0x52, 0x77, 0x08, 0x2A, 0x52, 0x77, 0x08, 0x2A,
    0x52, 0x77, 0x00, 0x2B, 0x52, 0x77, 0x00, 0x0C, 0x52, 0x77, 0x00, 0x2B, 0x52, 0x77, 0x00, 0x0C,
    0x52, 0x77, 0x00, 0x2B, 0x52, 0x77, 0x08, 0x2A, 0x52, 0x77, 0x08, 0x2A, 0x52, 0x77, 0x08, 0x2A,
    0x52, 0x77, 0x08, 0x2A, 0x52, 0x77, 0x00, 0x0C, 0x52, 0x77, 0x00, 0x0D, 0x52, 0x77, 0x00, 0x2B,
    0x52, 0x77, 0x00, 0x2B, 0x52, 0x77, 0x08, 0x2A, 0x52, 0x77, 0x08, 0x2A, 0x52, 0x77, 0x08, 0x2A,
    0x52, 0x77, 0x00, 0x0D, 0x52, 0x77, 0x00, 0x0E, 0x52, 0x77, 0x00, 0x0C, 0x52, 0x77, 0x00, 0x0C,
    0x52, 0x77, 0x00, 0x2B, 0x52, 0x77, 0x00, 0x0C, 0x52, 0x77, 0x08, 0x2A, 0x52, 0x77, 0x00, 0x0C,
    0x52, 0x77, 0x00, 0x0D, 0x52, 0x77, 0x00, 0x2B, 0x52, 0x77, 0x08, 0x2A, 0x52, 0x77, 0x00, 0x2B,
    0x52, 0x77, 0x00, 0x2B, 0x52, 0x77, 0x00, 0x2B, 0x52, 0x77, 0x08, 0x2A, 0x52, 0x77, 0x00, 0x2A,
    0x52, 0x77, 0x00, 0x2B, 0x52, 0x77, 0x08, 0x2A, 0x52, 0x77, 0x08, 0x2A, 0x52, 0x77, 0x00, 0x2B,
    0x52, 0x77, 0x00, 0x0C, 0x52, 0x77, 0x00, 0x2B, 0x52, 0x77, 0x00, 0x0C, 0x52, 0x77, 0x00, 0x2B,
    0x52, 0x77, 0x08, 0x2A, 0x52, 0x77, 0x08, 0x2A, 0x52, 0x77, 0x08, 0x2A, 0x52, 0x77, 0x08, 0x2A,
    0x52, 0x77, 0x00, 0x0C, 0x52, 0x77, 0x00, 0x0D, 0x52, 0x77, 0x00, 0x2B, 0x52, 0x77, 0x00, 0x2B,
    0x52, 0x77, 0x08, 0x2A, 0x52, 0x77, 0x08, 0x2A, 0x52, 0x77, 0x08, 0x2A, 0x52, 0x77, 0x00, 0x0D,
    0x52, 0x77, 0x00, 0x0E, 0x52, 0x77, 0x00, 0x0C, 0x52, 0x77, 0x00, 0x0C, 0x52, 0x77, 0x00, 0x2B,
    0x52, 0x77, 0x00, 0x0C, 0x52, 0x77, 0x08, 0x2A, 0x52, 0x77, 0x00, 0x0C, 0x52, 0x77, 0x00, 0x0D,
    0x52, 0x77, 0x00, 0x2B, 0x52, 0x77, 0x08, 0x2A, 0x52, 0x77, 0x00, 0x2B, 0x52, 0x77, 0x00, 0x2B,
    0x52, 0x77, 0x00, 0x2B, 0x52, 0x77, 0x08, 0x2A, 0x52, 0x77, 0x00, 0x2A, 0x52, 0x77, 0x00, 0x2B,
    0x52, 0x77, 0x08, 0x2A, 0x52, 0x77, 0x08, 0x2A, 0x52, 0x77, 0x00, 0x2B, 0x52, 0x77, 0x00, 0x0C,
    0x52, 0x77, 0x00, 0x2B, 0x52, 0x77, 0x00, 0x0C, 0x52, 0x77, 0x00, 0x2B, 0x52, 0x77, 0x08, 0x2A,
    0x52, 0x77, 0x08, 0x2A, 0x52, 0x77, 0x08, 0x2A, 0x52, 0x77, 0x08, 0x2A, 0x52, 0x77, 0x00, 0x0C,
    0x52, 0x97, 0x00, 0x0D, 0x52, 0x97, 0x00, 0x2B, 0x42, 0x34, 0x00, 0x2B, 0x00, 0x00, 0x08, 0x2A,
    0x00, 0x2B, 0x7B, 0xDF, 0x00, 0x2A, 0x5A, 0xFA, 0x08, 0x2A, 0x52, 0x97, 0x08, 0x2A, 0x52, 0x97,
    0x00, 0x2B, 0x52, 0x97, 0x08, 0x2A, 0x52, 0x77, 0x08, 0x2A, 0x52, 0x77, 0x00, 0x0C, 0x52, 0x77,
    0x00, 0x2B, 0x52, 0x77, 0x00, 0x2B, 0x52, 0x77, 0x00, 0x0C, 0x52, 0x77, 0x00, 0x0C, 0x52, 0x77,
    0x00, 0x0C, 0x52, 0x77, 0x08, 0x2A, 0x52, 0x77, 0x08, 0x2A, 0x52, 0x77, 0x08, 0x2A, 0x52, 0x77,
    0x00, 0x2B, 0x52, 0x77, 0x00, 0x2B, 0x52, 0x77, 0x00, 0x2B, 0x52, 0x77, 0x08, 0x2A, 0x52, 0x77,
    0x08, 0x2A, 0x52, 0x77, 0x08, 0x2A, 0x52, 0x77, 0x08, 0x2A, 0x52, 0x77, 0x00, 0x0B, 0x52, 0x77,
    0x00, 0x0D, 0x52, 0x77, 0x00, 0x0D, 0x52, 0x77, 0x00, 0x0C, 0x52, 0x77, 0x00, 0x0C, 0x52, 0x77,
    0x00, 0x0C, 0x52, 0x77, 0x00, 0x2B, 0x52, 0x77, 0x00, 0x0E, 0x52, 0x77, 0x00, 0x0C, 0x52, 0x77,
    0x00, 0x2B, 0x52, 0x77, 0x08, 0x2A, 0x52, 0x77, 0x00, 0x2B, 0x52, 0x77, 0x00, 0x2B, 0x52, 0x77,
    0x00, 0x2A, 0x52, 0x77, 0x08, 0x2A, 0x52, 0x77, 0x08, 0x2A, 0x52, 0x77, 0x00, 0x2B, 0x52, 0x77,
    0x08, 0x2A, 0x52, 0x77, 0x08, 0x2A, 0x52, 0x77, 0x00, 0x0C, 0x52, 0x77, 0x00, 0x2B, 0x52, 0x77,
    0x00, 0x2B, 0x52, 0x77, 0x00, 0x0C, 0x52, 0x77, 0x00, 0x0C, 0x52, 0x77, 0x00, 0x0C, 0x52, 0x77,
    0x08, 0x2A, 0x52, 0x77, 0x08, 0x2A, 0x52, 0x77, 0x08, 0x2A, 0x52, 0x77, 0x00, 0x2B, 0x52, 0x77,
    0x00, 0x2B, 0x52, 0x77, 0x00, 0x2B, 0x52, 0x77, 0x08, 0x2A, 0x52, 0x77, 0x08, 0x2A, 0x52, 0x77,
    0x08, 0x2A, 0x52, 0x77, 0x08, 0x2A, 0x52, 0x77, 0x00, 0x0B, 0x52, 0x77, 0x00, 0x0D, 0x52, 0x77,
    0x00, 0x0D, 0x52, 0x77, 0x00, 0x0C, 0x52, 0x77, 0x00, 0x0C, 0x52, 0x77, 0x00, 0x0C, 0x52, 0x77,
    0x00, 0x2B, 0x52, 0x77, 0x00, 0x0E, 0x52, 0x77, 0x00, 0x0C, 0x52, 0x77, 0x00, 0x2B, 0x52, 0x77,
    0x08, 0x2A, 0x52, 0x77, 0x00, 0x2B, 0x52, 0x77, 0x00, 0x2B, 0x52, 0x77, 0x00, 0x2A, 0x52, 0x77,
    0x08, 0x2A, 0x52, 0x77, 0x08, 0x2A, 0x52, 0x77, 0x00, 0x2B, 0x52, 0x77, 0x08, 0x2A, 0x52, 0x77,
    0x08, 0x2A, 0x52, 0x77, 0x00, 0x0C, 0x52, 0x77, 0x00, 0x2B, 0x52, 0x77, 0x00, 0x2B, 0x52, 0x77,
    0x00, 0x0C, 0x52, 0x77, 0x00, 0x0C, 0x52, 0x77, 0x00, 0x0C, 0x52, 0x77, 0x08, 0x2A, 0x52, 0x77,
    0x08, 0x2A, 0x52, 0x77, 0x08, 0x2A, 0x52, 0x77, 0x00, 0x2B, 0x52, 0x77, 0x00, 0x2B, 0x52, 0x77,
    0x00, 0x2B, 0x52, 0x77, 0x08, 0x2A, 0x52, 0x77, 0x08, 0x2A, 0x52, 0x77, 0x08, 0x2A, 0x52, 0x77,
    0x08, 0x2A, 0x52, 0x77, 0x00, 0x0B, 0x52, 0x77, 0x00, 0x0D, 0x52, 0x77, 0x00, 0x0D, 0x52, 0x77,
    0x00, 0x0C, 0x52, 0x77, 0x00, 0x0C, 0x52, 0x77, 0x00, 0x0C, 0x52, 0x77, 0x00, 0x2B, 0x52, 0x77,
    0x00, 0x0E, 0x52, 0x77, 0x00, 0x0C, 0x52, 0x77, 0x00, 0x2B, 0x52, 0x77, 0x08, 0x2A, 0x52, 0x77,
    0x00, 0x2B, 0x52, 0x77, 0x00, 0x2B, 0x52, 0x77, 0x00, 0x2A, 0x52, 0x77, 0x08, 0x2A, 0x52, 0x77,
    0x08, 0x2A, 0x52, 0x77, 0x00, 0x2B, 0x52, 0x77, 0x08, 0x2A, 0x52, 0x77, 0x08, 0x2A, 0x52, 0x77,
    0x00, 0x0C, 0x52, 0x77, 0x00, 0x2B, 0x52, 0x77, 0x00, 0x2B, 0x52, 0x77, 0x00, 0x0C, 0x52, 0x77,
    0x00, 0x0C, 0x52, 0x77, 0x00, 0x0C, 0x52, 0x77, 0x08, 0x2A, 0x52, 0x77, 0x08, 0x2A, 0x52, 0x77,
    0x08, 0x2A, 0x52, 0x77, 0x00, 0x2B, 0x52, 0x77, 0x00, 0x2B, 0x52, 0x77, 0x00, 0x2B, 0x52, 0x77,
    0x08, 0x2A, 0x52, 0x77, 0x08, 0x2A, 0x52, 0x77, 0x08, 0x2A, 0x52, 0x77, 0x08, 0x2A, 0x52, 0x77,
    0x00, 0x0B, 0x52, 0x77, 0x00, 0x0D, 0x52, 0x77, 0x00, 0x0D, 0x52, 0x77, 0x00, 0x0C, 0x52, 0x77,
    0x00, 0x0C, 0x52, 0x77, 0x00, 0x0C, 0x52, 0x77, 0x00, 0x2B, 0x52, 0x77, 0x00, 0x0E, 0x52, 0x77,
    0x00, 0x0C, 0x52, 0x77, 0x00, 0x2B, 0x52, 0x77, 0x08, 0x2A, 0x52, 0x77, 0x00, 0x2B, 0x52, 0x77,
    0x00, 0x2B, 0x52, 0x77, 0x00, 0x2A, 0x52, 0x77, 0x08, 0x2A, 0x52, 0x77, 0x08, 0x2A, 0x52, 0x77,
    0x00, 0x2B, 0x52, 0x77, 0x08, 0x2A, 0x52, 0x77, 0x08, 0x2A, 0x52, 0x77, 0x00, 0x0C, 0x52, 0x77,
    0x00, 0x2B, 0x52, 0x77, 0x00, 0x2B, 0x52, 0x77, 0x00, 0x0C, 0x52, 0x77, 0x00, 0x0C, 0x52, 0x77,
    0x00, 0x0C, 0x52, 0x77, 0x08, 0x2A, 0x52, 0x77, 0x08, 0x2A, 0x52, 0x77, 0x08, 0x2A, 0x52, 0x97,
    0x00, 0x2B, 0x52, 0x97, 0x00, 0x2B, 0x73, 0xBF, 0x00, 0x2B, 0x00, 0x00, 0x08, 0x2A, 0x00, 0x00,
    0xB5, 0x7F, 0x00, 0x2B, 0x73, 0x7F, 0x00, 0x2B, 0x00, 0x00, 0x08, 0x2A, 0x52, 0x97, 0x00, 0x2B,
    0x52, 0x97, 0x00, 0x0D, 0x4A, 0x76, 0x08, 0x2A, 0x4A, 0x76, 0x08, 0x2A, 0x4A, 0x76, 0x00, 0x2B,
    0x4A, 0x76, 0x08, 0x2A, 0x4A, 0x76, 0x00, 0x2B, 0x4A, 0x76, 0x00, 0x0C, 0x4A, 0x76, 0x00, 0x0E,
    0x4A, 0x76, 0x00, 0x0C, 0x4A, 0x76, 0x08, 0x2A, 0x4A, 0x76, 0x08, 0x2A, 0x4A, 0x76, 0x08, 0x2A,
    0x4A, 0x76, 0x08, 0x2A, 0x4A, 0x76, 0x08, 0x2A, 0x4A, 0x76, 0x00, 0x2B, 0x4A, 0x76, 0x08, 0x2A,
    0x4A, 0x76, 0x08, 0x2A, 0x4A, 0x76, 0x08, 0x2A, 0x4A, 0x76, 0x08, 0x2A, 0x4A, 0x76, 0x00, 0x2B,
    0x4A, 0x76, 0x00, 0x0D, 0x4A, 0x76, 0x00, 0x0C, 0x4A, 0x76, 0x00, 0x2B, 0x4A, 0x76, 0x00, 0x0C,
    0x4A, 0x76, 0x00, 0x0B, 0x4A, 0x76, 0x00, 0x0E, 0x4A, 0x76, 0x00, 0x0E, 0x4A, 0x76, 0x00, 0x0D,
    0x4A, 0x76, 0x00, 0x2B, 0x4A, 0x76, 0x00, 0x2A, 0x4A, 0x76, 0x08, 0x2A, 0x4A, 0x76, 0x00, 0x2B,
    0x4A, 0x76, 0x00, 0x2B, 0x4A, 0x76, 0x08, 0x2A, 0x4A, 0x76, 0x00, 0x2B, 0x4A, 0x76, 0x00, 0x0D,
    0x4A, 0x76, 0x08, 0x2A, 0x4A, 0x76, 0x08, 0x2A, 0x4A, 0x76, 0x00, 0x2B, 0x4A, 0x76, 0x08, 0x2A,
    0x4A, 0x76, 0x00, 0x2B, 0x4A, 0x76, 0x00, 0x0C, 0x4A, 0x76, 0x00, 0x0E, 0x4A, 0x76, 0x00, 0x0C,
    0x4A, 0x76, 0x08, 0x2A, 0x4A, 0x76, 0x08, 0x2A, 0x4A, 0x76, 0x08, 0x2A, 0x4A, 0x76, 0x08, 0x2A,
    0x4A, 0x76, 0x08, 0x2A, 0x4A, 0x76, 0x00, 0x2B, 0x4A, 0x76, 0x08, 0x2A, 0x4A, 0x76, 0x08, 0x2A,
    0x4A, 0x76, 0x08, 0x2A, 0x4A, 0x76, 0x08, 0x2A, 0x4A, 0x76, 0x00, 0x2B, 0x4A, 0x76, 0x00, 0x0D,
    0x4A, 0x76, 0x00, 0x0C, 0x4A, 0x76, 0x00, 0x2B, 0x4A, 0x76, 0x00, 0x0C, 0x4A, 0x76, 0x00, 0x0B,
    0x4A, 0x76, 0x00, 0x0E, 0x4A, 0x76, 0x00, 0x0E, 0x4A, 0x76, 0x00, 0x0D, 0x4A, 0x76, 0x00, 0x2B,
    0x4A, 0x76, 0x00, 0x2A, 0x4A, 0x76, 0x08, 0x2A, 0x4A, 0x76, 0x00, 0x2B, 0x4A, 0x76, 0x00, 0x2B,
    0x4A, 0x76, 0x08, 0x2A, 0x4A, 0x76, 0x00, 0x2B, 0x4A, 0x76, 0x00, 0x0D, 0x4A, 0x76, 0x08, 0x2A,
    0x4A, 0x76, 0x08, 0x2A, 0x4A, 0x76, 0x00, 0x2B, 0x4A, 0x76, 0x08, 0x2A, 0x4A, 0x76, 0x00, 0x2B,
    0x4A, 0x76, 0x00, 0x0C, 0x4A, 0x76, 0x00, 0x0E, 0x4A, 0x76, 0x00, 0x0C, 0x4A, 0x76, 0x08, 0x2A,
    0x4A, 0x76, 0x08, 0x2A, 0x4A, 0x76, 0x08, 0x2A, 0x4A, 0x76, 0x08, 0x2A, 0x4A, 0x76, 0x08, 0x2A,
    0x4A, 0x76, 0x00, 0x2B, 0x4A, 0x76, 0x08, 0x2A, 0x4A, 0x76, 0x08, 0x2A, 0x4A, 0x76, 0x08, 0x2A,
    0x4A, 0x76, 0x08, 0x2A, 0x4A, 0x76, 0x00, 0x2B, 0x4A, 0x76, 0x00, 0x0D, 0x4A, 0x76, 0x00, 0x0C,
    0x4A, 0x76, 0x00, 0x2B, 0x4A, 0x76, 0x00, 0x0C, 0x4A, 0x76, 0x00, 0x0B, 0x4A, 0x76, 0x00, 0x0E,
    0x4A, 0x76, 0x00, 0x0E, 0x4A, 0x76, 0x00, 0x0D, 0x4A, 0x76, 0x00, 0x2B, 0x4A, 0x76, 0x00, 0x2A,
    0x4A, 0x76, 0x08, 0x2A, 0x4A, 0x76, 0x00, 0x2B, 0x4A, 0x76, 0x00, 0x2B, 0x4A, 0x76, 0x08, 0x2A,
    0x4A, 0x76, 0x00, 0x2B, 0x4A, 0x76, 0x00, 0x0D, 0x4A, 0x76, 0x08, 0x2A, 0x4A, 0x76, 0x08, 0x2A,
    0x4A, 0x76, 0x00, 0x2B, 0x4A, 0x76, 0x08, 0x2A, 0x4A, 0x76, 0x00, 0x2B, 0x4A, 0x76, 0x00, 0x0C,
    0x4A, 0x76, 0x00, 0x0E, 0x4A, 0x76, 0x00, 0x0C, 0x4A, 0x76, 0x08, 0x2A, 0x4A, 0x76, 0x08, 0x2A,
    0x4A, 0x76, 0x08, 0x2A, 0x4A, 0x76, 0x08, 0x2A, 0x4A, 0x76, 0x08, 0x2A, 0x4A, 0x76, 0x00, 0x2B,
    0x4A, 0x76, 0x08, 0x2A, 0x4A, 0x76, 0x08, 0x2A, 0x4A, 0x76, 0x08, 0x2A, 0x4A, 0x76, 0x08, 0x2A,
    0x4A, 0x76, 0x00, 0x2B, 0x4A, 0x76, 0x00, 0x0D, 0x4A, 0x76, 0x00, 0x0C, 0x4A, 0x76, 0x00, 0x2B,
    0x4A, 0x76, 0x00, 0x0C, 0x4A, 0x76, 0x00, 0x0B, 0x4A, 0x76, 0x00, 0x0E, 0x4A, 0x76, 0x00, 0x0E,
    0x4A, 0x76, 0x00, 0x0D, 0x4A, 0x76, 0x00, 0x2B, 0x4A, 0x76, 0x00, 0x2A, 0x4A, 0x76, 0x08, 0x2A,
    0x4A, 0x76, 0x00, 0x2B, 0x4A, 0x76, 0x00, 0x2B, 0x4A, 0x76, 0x08, 0x2A, 0x4A, 0x76, 0x00, 0x2B,
    0x4A, 0x76, 0x00, 0x0D, 0x4A, 0x76, 0x08, 0x2A, 0x4A, 0x76, 0x08, 0x2A, 0x4A, 0x76, 0x00, 0x2B,
    0x4A, 0x76, 0x08, 0x2A, 0x4A, 0x76, 0x00, 0x2B, 0x4A, 0x76, 0x00, 0x0C, 0x4A, 0x76, 0x00, 0x0E,
    0x4A, 0x76, 0x00, 0x0C, 0x4A, 0x76, 0x08, 0x2A, 0x4A, 0x76, 0x08, 0x2A, 0x4A, 0x76, 0x08, 0x2A,
    0x52, 0x97, 0x08, 0x2A, 0x52, 0x97, 0x08, 0x2A, 0x42, 0x13, 0x00, 0x2B, 0x00, 0x00, 0x08, 0x2A,
    0x08, 0x2A, 0x7B, 0xBF, 0x00, 0x0C, 0x5A, 0xDA, 0x00, 0x0C, 0x52, 0x77, 0x00, 0x2A, 0x52, 0x77,
    0x00, 0x0D, 0x52, 0x77, 0x00, 0x0D, 0x4A, 0x76, 0x08, 0x2A, 0x4A, 0x76, 0x00, 0x2B, 0x4A, 0x76,
    0x00, 0x2B, 0x4A, 0x76, 0x00, 0x2B, 0x4A, 0x76, 0x00, 0x0C, 0x4A, 0x76, 0x00, 0x0E, 0x4A, 0x76,
    0x00, 0x0F, 0x4A, 0x76, 0x00, 0x0C, 0x4A, 0x76, 0x08, 0x2A, 0x4A, 0x76, 0x08, 0x2A, 0x4A, 0x76,
    0x08, 0x2A, 0x4A, 0x76, 0x08, 0x2A, 0x4A, 0x76, 0x00, 0x2B, 0x4A, 0x76, 0x00, 0x0B, 0x4A, 0x76,
    0x00, 0x2B, 0x4A, 0x76, 0x00, 0x2B, 0x4A, 0x76, 0x00, 0x2B, 0x4A, 0x76, 0x08, 0x2A, 0x4A, 0x76,
    0x00, 0x2B, 0x4A, 0x76, 0x00, 0x0C, 0x4A, 0x76, 0x00, 0x2B, 0x4A, 0x76, 0x08, 0x2A, 0x4A, 0x76,
    0x00, 0x0B, 0x4A, 0x76, 0x00, 0x0C, 0x4A, 0x76, 0x00, 0x0F, 0x4A, 0x76, 0x00, 0x0E, 0x4A, 0x76,
    0x00, 0x0D, 0x4A, 0x76, 0x00, 0x0B, 0x4A, 0x76, 0x08, 0x2A, 0x4A, 0x76, 0x08, 0x2A, 0x4A, 0x76,
    0x00, 0x0C, 0x4A, 0x76, 0x00, 0x0C, 0x4A, 0x76, 0x00, 0x2A, 0x4A, 0x76, 0x00, 0x0D, 0x4A, 0x76,
    0x00, 0x0D, 0x4A, 0x76, 0x08, 0x2A, 0x4A, 0x76, 0x00, 0x2B, 0x4A, 0x76, 0x00, 0x2B, 0x4A, 0x76,
    0x00, 0x2B, 0x4A, 0x76, 0x00, 0x0C, 0x4A, 0x76, 0x00, 0x0E, 0x4A, 0x76, 0x00, 0x0F, 0x4A, 0x76,
    0x00, 0x0C, 0x4A, 0x76, 0x08, 0x2A, 0x4A, 0x76, 0x08, 0x2A, 0x4A, 0x76, 0x08, 0x2A, 0x4A, 0x76,
    0x08, 0x2A, 0x4A, 0x76, 0x00, 0x2B, 0x4A, 0x76, 0x00, 0x0B, 0x4A, 0x76, 0x00, 0x2B, 0x4A, 0x76,
    0x00, 0x2B, 0x4A, 0x76, 0x00, 0x2B, 0x4A, 0x76, 0x08, 0x2A, 0x4A, 0x76, 0x00, 0x2B, 0x4A, 0x76,
    0x00, 0x0C, 0x4A, 0x76, 0x00, 0x2B, 0x4A, 0x76, 0x08, 0x2A, 0x4A, 0x76, 0x00, 0x0B, 0x4A, 0x76,
    0x00, 0x0C, 0x4A, 0x76, 0x00, 0x0F, 0x4A, 0x76, 0x00, 0x0E, 0x4A, 0x76, 0x00, 0x0D, 0x4A, 0x76,
    0x00, 0x0B, 0x4A, 0x76, 0x08, 0x2A, 0x4A, 0x76, 0x08, 0x2A, 0x4A, 0x76, 0x00, 0x0C, 0x4A, 0x76,
    0x00, 0x0C, 0x4A, 0x76, 0x00, 0x2A, 0x4A, 0x76, 0x00, 0x0D, 0x4A, 0x76, 0x00, 0x0D, 0x4A, 0x76,
    0x08, 0x2A, 0x4A, 0x76, 0x00, 0x2B, 0x4A, 0x76, 0x00, 0x2B, 0x4A, 0x76, 0x00, 0x2B, 0x4A, 0x76,
    0x00, 0x0C, 0x4A, 0x76, 0x00, 0x0E, 0x4A, 0x76, 0x00, 0x0F, 0x4A, 0x76, 0x00, 0x0C, 0x4A, 0x76,
    0x08, 0x2A, 0x4A, 0x76, 0x08, 0x2A, 0x4A, 0x76, 0x08, 0x2A, 0x4A, 0x76, 0x08, 0x2A, 0x4A, 0x76,
    0x00, 0x2B, 0x4A, 0x76, 0x00, 0x0B, 0x4A, 0x76, 0x00, 0x2B, 0x4A, 0x76, 0x00, 0x2B, 0x4A, 0x76,
    0x00, 0x2B, 0x4A, 0x76, 0x08, 0x2A, 0x4A, 0x76, 0x00, 0x2B, 0x4A, 0x76, 0x00, 0x0C, 0x4A, 0x76,
    0x00, 0x2B, 0x4A, 0x76, 0x08, 0x2A, 0x4A, 0x76, 0x00, 0x0B, 0x4A, 0x76, 0x00, 0x0C, 0x4A, 0x76,
    0x00, 0x0F, 0x4A, 0x76, 0x00, 0x0E, 0x4A, 0x76, 0x00, 0x0D, 0x4A, 0x76, 0x00, 0x0B, 0x4A, 0x76,
    0x08, 0x2A, 0x4A, 0x76, 0x08, 0x2A, 0x4A, 0x76, 0x00, 0x0C, 0x4A, 0x76, 0x00, 0x0C, 0x4A, 0x76,
    0x00, 0x2A, 0x4A, 0x76, 0x00, 0x0D, 0x4A, 0x76, 0x00, 0x0D, 0x4A, 0x76, 0x08, 0x2A, 0x4A, 0x76,
    0x00, 0x2B, 0x4A, 0x76, 0x00, 0x2B, 0x4A, 0x76, 0x00, 0x2B, 0x4A, 0x76, 0x00, 0x0C, 0x4A, 0x76,
    0x00, 0x0E, 0x4A, 0x76, 0x00, 0x0F, 0x4A, 0x76, 0x00, 0x0C, 0x4A, 0x76, 0x08, 0x2A, 0x4A, 0x76,
    0x08, 0x2A, 0x4A, 0x76, 0x08, 0x2A, 0x4A, 0x76, 0x08, 0x2A, 0x4A, 0x76, 0x00, 0x2B, 0x4A, 0x76,
    0x00, 0x0B, 0x4A, 0x76, 0x00, 0x2B, 0x4A, 0x76, 0x00, 0x2B, 0x4A, 0x76, 0x00, 0x2B, 0x4A, 0x76,
    0x08, 0x2A, 0x4A, 0x76, 0x00, 0x2B, 0x4A, 0x76, 0x00, 0x0C, 0x4A, 0x76, 0x00, 0x2B, 0x4A, 0x76,
    0x08, 0x2A, 0x4A, 0x76, 0x00, 0x0B, 0x4A, 0x76, 0x00, 0x0C, 0x4A, 0x76, 0x00, 0x0F, 0x4A, 0x76,
    0x00, 0x0E, 0x4A, 0x76, 0x00, 0x0D, 0x4A, 0x76, 0x00, 0x0B, 0x4A, 0x76, 0x08, 0x2A, 0x4A, 0x76,
    0x08, 0x2A, 0x4A, 0x76, 0x00, 0x0C, 0x4A, 0x76, 0x00, 0x0C, 0x4A, 0x76, 0x00, 0x2A, 0x4A, 0x76,
    0x00, 0x0D, 0x4A, 0x76, 0x00, 0x0D, 0x4A, 0x76, 0x08, 0x2A, 0x4A, 0x76, 0x00, 0x2B, 0x4A, 0x76,
    0x00, 0x2B, 0x4A, 0x76, 0x00, 0x2B, 0x4A, 0x76, 0x00, 0x0C, 0x4A, 0x76, 0x00, 0x0E, 0x4A, 0x76,
    0x00, 0x0F, 0x4A, 0x76, 0x00, 0x0C, 0x4A, 0x76, 0x08, 0x2A, 0x4A, 0x76, 0x08, 0x2A, 0x52, 0x77,
    0x08, 0x2A, 0x52, 0x77, 0x08, 0x2A, 0x73, 0x9F, 0x00, 0x2B, 0x00, 0x00, 0x00, 0x0B, 0x00, 0x00,
    0xAD, 0x3F, 0x00, 0x0C, 0x6B, 0x7F, 0x00, 0x0C, 0x00, 0x00, 0x00, 0x0C, 0x52, 0x77, 0x00, 0x0B,
    0x52, 0x77, 0x00, 0x0D, 0x4A, 0x56, 0x00, 0x2B, 0x4A, 0x56, 0x00, 0x2B, 0x4A, 0x56, 0x00, 0x2B,
    0x4A, 0x56, 0x00, 0x2B, 0x4A, 0x56, 0x00, 0x0C, 0x4A, 0x56, 0x00, 0x0D, 0x4A, 0x56, 0x00, 0x0E,
    0x4A, 0x56, 0x00, 0x0E, 0x4A, 0x56, 0x00, 0x0C, 0x4A, 0x56, 0x08, 0x2A, 0x4A, 0x56, 0x00, 0x2A,
    0x4A, 0x56, 0x00, 0x2B, 0x4A, 0x56, 0x08, 0x2A, 0x4A, 0x56, 0x00, 0x0D, 0x4A, 0x56, 0x00, 0x0D,
    0x4A, 0x56, 0x00, 0x0C, 0x4A, 0x56, 0x00, 0x0B, 0x4A, 0x56, 0x00, 0x2B, 0x4A, 0x56, 0x08, 0x2A,
    0x4A, 0x56, 0x08, 0x2A, 0x4A, 0x56, 0x00, 0x0C, 0x4A, 0x56, 0x08, 0x2A, 0x4A, 0x56, 0x08, 0x2A,
    0x4A, 0x56, 0x00, 0x2B, 0x4A, 0x56, 0x00, 0x0D, 0x4A, 0x56, 0x00, 0x0E, 0x4A, 0x56, 0x00, 0x0E,
    0x4A, 0x56, 0x00, 0x0D, 0x4A, 0x56, 0x00, 0x0C, 0x4A, 0x56, 0x00, 0x2B, 0x4A, 0x56, 0x00, 0x0C,
    0x4A, 0x56, 0x00, 0x0C, 0x4A, 0x56, 0x00, 0x0C, 0x4A, 0x56, 0x00, 0x0B, 0x4A, 0x56, 0x00, 0x0D,
    0x4A, 0x56, 0x00, 0x2B, 0x4A, 0x56, 0x00, 0x2B, 0x4A, 0x56, 0x00, 0x2B, 0x4A, 0x56, 0x00, 0x2B,
    0x4A, 0x56, 0x00, 0x0C, 0x4A, 0x56, 0x00, 0x0D, 0x4A, 0x56, 0x00, 0x0E, 0x4A, 0x56, 0x00, 0x0E,
    0x4A, 0x56, 0x00, 0x0C, 0x4A, 0x56, 0x08, 0x2A, 0x4A, 0x56, 0x00, 0x2A, 0x4A, 0x56, 0x00, 0x2B,
    0x4A, 0x56, 0x08, 0x2A, 0x4A, 0x56, 0x00, 0x0D, 0x4A, 0x56, 0x00, 0x0D, 0x4A, 0x56, 0x00, 0x0C,
    0x4A, 0x56, 0x00, 0x0B, 0x4A, 0x56, 0x00, 0x2B, 0x4A, 0x56, 0x08, 0x2A, 0x4A, 0x56, 0x08, 0x2A,
    0x4A, 0x56, 0x00, 0x0C, 0x4A, 0x56, 0x08, 0x2A, 0x4A, 0x56, 0x08, 0x2A, 0x4A, 0x56, 0x00, 0x2B,
    0x4A, 0x56, 0x00, 0x0D, 0x4A, 0x56, 0x00, 0x0E, 0x4A, 0x56, 0x00, 0x0E, 0x4A, 0x56, 0x00, 0x0D,
    0x4A, 0x56, 0x00, 0x0C, 0x4A, 0x56, 0x00, 0x2B, 0x4A, 0x56, 0x00, 0x0C, 0x4A, 0x56, 0x00, 0x0C,
    0x4A, 0x56, 0x00, 0x0C, 0x4A, 0x56, 0x00, 0x0B, 0x4A, 0x56, 0x00, 0x0D, 0x4A, 0x56, 0x00, 0x2B,
    0x4A, 0x56, 0x00, 0x2B, 0x4A, 0x56, 0x00, 0x2B, 0x4A, 0x56, 0x00, 0x2B, 0x4A, 0x56, 0x00, 0x0C,
    0x4A, 0x56, 0x00, 0x0D, 0x4A, 0x56, 0x00, 0x0E, 0x4A, 0x56, 0x00, 0x0E, 0x4A, 0x56, 0x00, 0x0C,
    0x4A, 0x56, 0x08, 0x2A, 0x4A, 0x56, 0x00, 0x2A, 0x4A, 0x56, 0x00, 0x2B, 0x4A, 0x56, 0x08, 0x2A,
    0x4A, 0x56, 0x00, 0x0D, 0x4A, 0x56, 0x00, 0x0D, 0x4A, 0x56, 0x00, 0x0C, 0x4A, 0x56, 0x00, 0x0B,
    0x4A, 0x56, 0x00, 0x2B, 0x4A, 0x56, 0x08, 0x2A, 0x4A, 0x56, 0x08, 0x2A, 0x4A, 0x56, 0x00, 0x0C,
    0x4A, 0x56, 0x08, 0x2A, 0x4A, 0x56, 0x08, 0x2A, 0x4A, 0x56, 0x00, 0x2B, 0x4A, 0x56, 0x00, 0x0D,
    0x4A, 0x56, 0x00, 0x0E, 0x4A, 0x56, 0x00, 0x0E, 0x4A, 0x56, 0x00, 0x0D, 0x4A, 0x56, 0x00, 0x0C,
    0x4A, 0x56, 0x00, 0x2B, 0x4A, 0x56, 0x00, 0x0C, 0x4A, 0x56, 0x00, 0x0C, 0x4A, 0x56, 0x00, 0x0C,
    0x4A, 0x56, 0x00, 0x0B, 0x4A, 0x56, 0x00, 0x0D, 0x4A, 0x56, 0x00, 0x2B, 0x4A, 0x56, 0x00, 0x2B,
    0x4A, 0x56, 0x00, 0x2B, 0x4A, 0x56, 0x00, 0x2B, 0x4A, 0x56, 0x00, 0x0C, 0x4A, 0x56, 0x00, 0x0D,
    0x4A, 0x56, 0x00, 0x0E, 0x4A, 0x56, 0x00, 0x0E, 0x4A, 0x56, 0x00, 0x0C, 0x4A, 0x56, 0x08, 0x2A,
    0x4A, 0x56, 0x00, 0x2A, 0x4A, 0x56, 0x00, 0x2B, 0x4A, 0x56, 0x08, 0x2A, 0x4A, 0x56, 0x00, 0x0D,
    0x4A, 0x56, 0x00, 0x0D, 0x4A, 0x56, 0x00, 0x0C, 0x4A, 0x56, 0x00, 0x0B, 0x4A, 0x56, 0x00, 0x2B,
    0x4A, 0x56, 0x08, 0x2A, 0x4A, 0x56, 0x08, 0x2A, 0x4A, 0x56, 0x00, 0x0C, 0x4A, 0x56, 0x08, 0x2A,
    0x4A, 0x56, 0x08, 0x2A, 0x4A, 0x56, 0x00, 0x2B, 0x4A, 0x56, 0x00, 0x0D, 0x4A, 0x56, 0x00, 0x0E,
    0x4A, 0x56, 0x00, 0x0E, 0x4A, 0x56, 0x00, 0x0D, 0x4A, 0x56, 0x00, 0x0C, 0x4A, 0x56, 0x00, 0x2B,
    0x4A, 0x56, 0x00, 0x0C, 0x4A, 0x56, 0x00, 0x0C, 0x4A, 0x56, 0x00, 0x0C, 0x4A, 0x56, 0x00, 0x0B,
    0x4A, 0x56, 0x00, 0x0D, 0x4A, 0x56, 0x00, 0x2B, 0x4A, 0x56, 0x00, 0x2B, 0x4A, 0x56, 0x00, 0x2B,
    0x4A, 0x56, 0x00, 0x2B, 0x4A, 0x56, 0x00, 0x0C, 0x4A, 0x56, 0x00, 0x0D, 0x4A, 0x56, 0x00, 0x0E,
    0x4A, 0x56, 0x00, 0x0E, 0x4A, 0x56, 0x00, 0x0C, 0x4A, 0x56, 0x08, 0x2A, 0x4A, 0x56, 0x00, 0x2A,
    0x52, 0x77, 0x00, 0x2B, 0x52, 0x77, 0x08, 0x2A, 0x42, 0x13, 0x00, 0x0D, 0x00, 0x00, 0x00, 0x0D,
    0x00, 0x0B, 0x73, 0x9F, 0x00, 0x0C, 0x5A, 0xBA, 0x00, 0x0C, 0x4A, 0x76, 0x00, 0x0C, 0x4A, 0x76,
    0x00, 0x2B, 0x4A, 0x76, 0x00, 0x2B, 0x4A, 0x56, 0x00, 0x2B, 0x4A, 0x56, 0x00, 0x0C, 0x4A, 0x56,
    0x00, 0x2B, 0x4A, 0x56, 0x00, 0x0C, 0x4A, 0x56, 0x00, 0x0D, 0x4A, 0x56, 0x00, 0x0D, 0x4A, 0x56,
    0x00, 0x0D, 0x4A, 0x56, 0x00, 0x0C, 0x4A, 0x56, 0x00, 0x2B, 0x4A, 0x56, 0x08, 0x2A, 0x4A, 0x56,
    0x00, 0x0D, 0x4A, 0x56, 0x00, 0x2B, 0x4A, 0x56, 0x00, 0x0C, 0x4A, 0x56, 0x00, 0x0D, 0x4A, 0x56,
    0x00, 0x0E, 0x4A, 0x56, 0x00, 0x0C, 0x4A, 0x56, 0x00, 0x0B, 0x4A, 0x56, 0x00, 0x0D, 0x4A, 0x56,
    0x08, 0x2A, 0x4A, 0x56, 0x08, 0x2A, 0x4A, 0x56, 0x00, 0x0C, 0x4A, 0x56, 0x08, 0x2A, 0x4A, 0x56,
    0x08, 0x2A, 0x4A, 0x56, 0x00, 0x2B, 0x4A, 0x56, 0x00, 0x0C, 0x4A, 0x56, 0x00, 0x0E, 0x4A, 0x56,
    0x00, 0x0E, 0x4A, 0x56, 0x00, 0x0D, 0x4A, 0x56, 0x00, 0x0C, 0x4A, 0x56, 0x00, 0x0B, 0x4A, 0x56,
    0x00, 0x0C, 0x4A, 0x56, 0x00, 0x0C, 0x4A, 0x56, 0x00, 0x0C, 0x4A, 0x56, 0x00, 0x2B, 0x4A, 0x56,
    0x00, 0x2B, 0x4A, 0x56, 0x00, 0x2B, 0x4A, 0x56, 0x00, 0x0C, 0x4A, 0x56, 0x00, 0x2B, 0x4A, 0x56,
    0x00, 0x0C, 0x4A, 0x56, 0x00, 0x0D, 0x4A, 0x56, 0x00, 0x0D, 0x4A, 0x56, 0x00, 0x0D, 0x4A, 0x56,
    0x00, 0x0C, 0x4A, 0x56, 0x00, 0x2B, 0x4A, 0x56, 0x08, 0x2A, 0x4A, 0x56, 0x00, 0x0D, 0x4A, 0x56,
    0x00, 0x2B, 0x4A, 0x56, 0x00, 0x0C, 0x4A, 0x56, 0x00, 0x0D, 0x4A, 0x56, 0x00, 0x0E, 0x4A, 0x56,
    0x00, 0x0C, 0x4A, 0x56, 0x00, 0x0B, 0x4A, 0x56, 0x00, 0x0D, 0x4A, 0x56, 0x08, 0x2A, 0x4A, 0x56,
    0x08, 0x2A, 0x4A, 0x56, 0x00, 0x0C, 0x4A, 0x56, 0x08, 0x2A, 0x4A, 0x56, 0x08, 0x2A, 0x4A, 0x56,
    0x00, 0x2B, 0x4A, 0x56, 0x00, 0x0C, 0x4A, 0x56, 0x00, 0x0E, 0x4A, 0x56, 0x00, 0x0E, 0x4A, 0x56,
    0x00, 0x0D, 0x4A, 0x56, 0x00, 0x0C, 0x4A, 0x56, 0x00, 0x0B, 0x4A, 0x56, 0x00, 0x0C, 0x4A, 0x56,
    0x00, 0x0C, 0x4A, 0x56, 0x00, 0x0C, 0x4A, 0x56, 0x00, 0x2B, 0x4A, 0x56, 0x00, 0x2B, 0x4A, 0x56,
    0x00, 0x2B, 0x4A, 0x56, 0x00, 0x0C, 0x4A, 0x56, 0x00, 0x2B, 0x4A, 0x56, 0x00, 0x0C, 0x4A, 0x56,
    0x00, 0x0D, 0x4A, 0x56, 0x00, 0x0D, 0x4A, 0x56, 0x00, 0x0D, 0x4A, 0x56, 0x00, 0x0C, 0x4A, 0x56,
    0x00, 0x2B, 0x4A, 0x56, 0x08, 0x2A, 0x4A, 0x56, 0x00, 0x0D, 0x4A, 0x56, 0x00, 0x2B, 0x4A, 0x56,
    0x00, 0x0C, 0x4A, 0x56, 0x00, 0x0D, 0x4A, 0x56, 0x00, 0x0E, 0x4A, 0x56, 0x00, 0x0C, 0x4A, 0x56,
    0x00, 0x0B, 0x4A, 0x56, 0x00, 0x0D, 0x4A, 0x56, 0x08, 0x2A, 0x4A, 0x56, 0x08, 0x2A, 0x4A, 0x56,
    0x00, 0x0C, 0x4A, 0x56, 0x08, 0x2A, 0x4A, 0x56, 0x08, 0x2A, 0x4A, 0x56, 0x00, 0x2B, 0x4A, 0x56,
    0x00, 0x0C, 0x4A, 0x56, 0x00, 0x0E, 0x4A, 0x56, 0x00, 0x0E, 0x4A, 0x56, 0x00, 0x0D, 0x4A, 0x56,
    0x00, 0x0C, 0x4A, 0x56, 0x00, 0x0B, 0x4A, 0x56, 0x00, 0x0C, 0x4A, 0x56, 0x00, 0x0C, 0x4A, 0x56,
    0x00, 0x0C, 0x4A, 0x56, 0x00, 0x2B, 0x4A, 0x56, 0x00, 0x2B, 0x4A, 0x56, 0x00, 0x2B, 0x4A, 0x56,
    0x00, 0x0C, 0x4A, 0x56, 0x00, 0x2B, 0x4A, 0x56, 0x00, 0x0C, 0x4A, 0x56, 0x00, 0x0D, 0x4A, 0x56,
    0x00, 0x0D, 0x4A, 0x56, 0x00, 0x0D, 0x4A, 0x56, 0x00, 0x0C, 0x4A, 0x56, 0x00, 0x2B, 0x4A, 0x56,
    0x08, 0x2A, 0x4A, 0x56, 0x00, 0x0D, 0x4A, 0x56, 0x00, 0x2B, 0x4A, 0x56, 0x00, 0x0C, 0x4A, 0x56,
    0x00, 0x0D, 0x4A, 0x56, 0x00, 0x0E, 0x4A, 0x56, 0x00, 0x0C, 0x4A, 0x56, 0x00, 0x0B, 0x4A, 0x56,
    0x00, 0x0D, 0x4A, 0x56, 0x08, 0x2A, 0x4A, 0x56, 0x08, 0x2A, 0x4A, 0x56, 0x00, 0x0C, 0x4A, 0x56,
    0x08, 0x2A, 0x4A, 0x56, 0x08, 0x2A, 0x4A, 0x56, 0x00, 0x2B, 0x4A, 0x56, 0x00, 0x0C, 0x4A, 0x56,
    0x00, 0x0E, 0x4A, 0x56, 0x00, 0x0E, 0x4A, 0x56, 0x00, 0x0D, 0x4A, 0x56, 0x00, 0x0C, 0x4A, 0x56,
    0x00, 0x0B, 0x4A, 0x56, 0x00, 0x0C, 0x4A, 0x56, 0x00, 0x0C, 0x4A, 0x56, 0x00, 0x0C, 0x4A, 0x56,
    0x00, 0x2B, 0x4A, 0x56, 0x00, 0x2B, 0x4A, 0x56, 0x00, 0x2B, 0x4A, 0x56, 0x00, 0x0C, 0x4A, 0x56,
    0x00, 0x2B, 0x4A, 0x56, 0x00, 0x0C, 0x4A, 0x56, 0x00, 0x0D, 0x4A, 0x56, 0x00, 0x0D, 0x4A, 0x56,
    0x00, 0x0D, 0x4A, 0x56, 0x00, 0x0C, 0x4A, 0x56, 0x00, 0x2B, 0x4A, 0x56, 0x08, 0x2A, 0x4A, 0x76,
    0x00, 0x0D, 0x4A, 0x76, 0x00, 0x2B, 0x73, 0x7F, 0x00, 0x0C, 0x00, 0x00, 0x00, 0x0D, 0x00, 0x00,
    0xA5, 0x1F, 0x00, 0x0B, 0x6B, 0x5F, 0x00, 0x0B, 0x00, 0x00, 0x00, 0x0D, 0x4A, 0x76, 0x00, 0x0D,
    0x4A, 0x76, 0x00, 0x2B, 0x4A, 0x56, 0x08, 0x2A, 0x4A, 0x56, 0x00, 0x2B, 0x4A, 0x56, 0x00, 0x0B,
    0x4A, 0x56, 0x00, 0x2B, 0x4A, 0x56, 0x00, 0x0C, 0x4A, 0x56, 0x00, 0x0D, 0x4A, 0x56, 0x00, 0x0D,
    0x4A, 0x56, 0x00, 0x0C, 0x4A, 0x56, 0x00, 0x2B, 0x4A, 0x56, 0x08, 0x2A, 0x4A, 0x56, 0x00, 0x0C,
    0x4A, 0x56, 0x00, 0x0F, 0x4A, 0x56, 0x00, 0x2B, 0x4A, 0x56, 0x08, 0x2A, 0x4A, 0x56, 0x00, 0x0E,
    0x4A, 0x56, 0x00, 0x0E, 0x4A, 0x56, 0x00, 0x0C, 0x4A, 0x56, 0x00, 0x0C, 0x4A, 0x56, 0x00, 0x0D,
    0x4A, 0x56, 0x08, 0x2A, 0x4A, 0x56, 0x08, 0x2A, 0x4A, 0x56, 0x00, 0x0C, 0x4A, 0x56, 0x08, 0x2A,
    0x4A, 0x56, 0x00, 0x2B, 0x4A, 0x56, 0x00, 0x2B, 0x4A, 0x56, 0x00, 0x0C, 0x4A, 0x56, 0x00, 0x0E,
    0x4A, 0x56, 0x00, 0x0E, 0x4A, 0x56, 0x00, 0x0C, 0x4A, 0x56, 0x00, 0x0B, 0x4A, 0x56, 0x00, 0x0B,
    0x4A, 0x56, 0x00, 0x0B, 0x4A, 0x56, 0x00, 0x0D, 0x4A, 0x56, 0x00, 0x0D, 0x4A, 0x56, 0x00, 0x2B,
    0x4A, 0x56, 0x08, 0x2A, 0x4A, 0x56, 0x00, 0x2B, 0x4A, 0x56, 0x00, 0x0B, 0x4A, 0x56, 0x00, 0x2B,
    0x4A, 0x56, 0x00, 0x0C, 0x4A, 0x56, 0x00, 0x0D, 0x4A, 0x56, 0x00, 0x0D, 0x4A, 0x56, 0x00, 0x0C,
    0x4A, 0x56, 0x00, 0x2B, 0x4A, 0x56, 0x08, 0x2A, 0x4A, 0x56, 0x00, 0x0C, 0x4A, 0x56, 0x00, 0x0F,
    0x4A, 0x56, 0x00, 0x2B, 0x4A, 0x56, 0x08, 0x2A, 0x4A, 0x56, 0x00, 0x0E, 0x4A, 0x56, 0x00, 0x0E,
    0x4A, 0x56, 0x00, 0x0C, 0x4A, 0x56, 0x00, 0x0C, 0x4A, 0x56, 0x00, 0x0D, 0x4A, 0x56, 0x08, 0x2A,
    0x4A, 0x56, 0x08, 0x2A, 0x4A, 0x56, 0x00, 0x0C, 0x4A, 0x56, 0x08, 0x2A, 0x4A, 0x56, 0x00, 0x2B,
    0x4A, 0x56, 0x00, 0x2B, 0x4A, 0x56, 0x00, 0x0C, 0x4A, 0x56, 0x00, 0x0E, 0x4A, 0x56, 0x00, 0x0E,
    0x4A, 0x56, 0x00, 0x0C, 0x4A, 0x56, 0x00, 0x0B, 0x4A, 0x56, 0x00, 0x0B, 0x4A, 0x56, 0x00, 0x0B,
    0x4A, 0x56, 0x00, 0x0D, 0x4A, 0x56, 0x00, 0x0D, 0x4A, 0x56, 0x00, 0x2B, 0x4A, 0x56, 0x08, 0x2A,
    0x4A, 0x56, 0x00, 0x2B, 0x4A, 0x56, 0x00, 0x0B, 0x4A, 0x56, 0x00, 0x2B, 0x4A, 0x56, 0x00, 0x0C,
    0x4A, 0x56, 0x00, 0x0D, 0x4A, 0x56, 0x00, 0x0D, 0x4A, 0x56, 0x00, 0x0C, 0x4A, 0x56, 0x00, 0x2B,
    0x4A, 0x56, 0x08, 0x2A, 0x4A, 0x56, 0x00, 0x0C, 0x4A, 0x56, 0x00, 0x0F, 0x4A, 0x56, 0x00, 0x2B,
    0x4A, 0x56, 0x08, 0x2A, 0x4A, 0x56, 0x00, 0x0E, 0x4A, 0x56, 0x00, 0x0E, 0x4A, 0x56, 0x00, 0x0C,
    0x4A, 0x56, 0x00, 0x0C, 0x4A, 0x56, 0x00, 0x0D, 0x4A, 0x56, 0x08, 0x2A, 0x4A, 0x56, 0x08, 0x2A,
    0x4A, 0x56, 0x00, 0x0C, 0x4A, 0x56, 0x08, 0x2A, 0x4A, 0x56, 0x00, 0x2B, 0x4A, 0x56, 0x00, 0x2B,
    0x4A, 0x56, 0x00, 0x0C, 0x4A, 0x56, 0x00, 0x0E, 0x4A, 0x56, 0x00, 0x0E, 0x4A, 0x56, 0x00, 0x0C,
    0x4A, 0x56, 0x00, 0x0B, 0x4A, 0x56, 0x00, 0x0B, 0x4A, 0x56, 0x00, 0x0B, 0x4A, 0x56, 0x00, 0x0D,
    0x4A, 0x56, 0x00, 0x0D, 0x4A, 0x56, 0x00, 0x2B, 0x4A, 0x56, 0x08, 0x2A, 0x4A, 0x56, 0x00, 0x2B,
    0x4A, 0x56, 0x00, 0x0B, 0x4A, 0x56, 0x00, 0x2B, 0x4A, 0x56, 0x00, 0x0C, 0x4A, 0x56, 0x00, 0x0D,
    0x4A, 0x56, 0x00, 0x0D, 0x4A, 0x56, 0x00, 0x0C, 0x4A, 0x56, 0x00, 0x2B, 0x4A, 0x56, 0x08, 0x2A,
    0x4A, 0x56, 0x00, 0x0C, 0x4A, 0x56, 0x00, 0x0F, 0x4A, 0x56, 0x00, 0x2B, 0x4A, 0x56, 0x08, 0x2A,
    0x4A, 0x56, 0x00, 0x0E, 0x4A, 0x56, 0x00, 0x0E, 0x4A, 0x56, 0x00, 0x0C, 0x4A, 0x56, 0x00, 0x0C,
    0x4A, 0x56, 0x00, 0x0D, 0x4A, 0x56, 0x08, 0x2A, 0x4A, 0x56, 0x08, 0x2A, 0x4A, 0x56, 0x00, 0x0C,
    0x4A, 0x56, 0x08, 0x2A, 0x4A, 0x56, 0x00, 0x2B, 0x4A, 0x56, 0x00, 0x2B, 0x4A, 0x56, 0x00, 0x0C,
    0x4A, 0x56, 0x00, 0x0E, 0x4A, 0x56, 0x00, 0x0E, 0x4A, 0x56, 0x00, 0x0C, 0x4A, 0x56, 0x00, 0x0B,
    0x4A, 0x56, 0x00, 0x0B, 0x4A, 0x56, 0x00, 0x0B, 0x4A, 0x56, 0x00, 0x0D, 0x4A, 0x56, 0x00, 0x0D,
    0x4A, 0x56, 0x00, 0x2B, 0x4A, 0x56, 0x08, 0x2A, 0x4A, 0x56, 0x00, 0x2B, 0x4A, 0x56, 0x00, 0x0B,
    0x4A, 0x56, 0x00, 0x2B, 0x4A, 0x56, 0x00, 0x0C, 0x4A, 0x56, 0x00, 0x0D, 0x4A, 0x56, 0x00, 0x0D,
    0x4A, 0x56, 0x00, 0x0C, 0x4A, 0x56, 0x00, 0x2B, 0x4A, 0x56, 0x08, 0x2A, 0x4A, 0x56, 0x00, 0x0C,
    0x4A, 0x76, 0x00, 0x0F, 0x4A, 0x76, 0x00, 0x2B, 0x42, 0x13, 0x08, 0x2A, 0x00, 0x00, 0x00, 0x0E,
    0x00, 0x2B, 0x73, 0x9F, 0x00, 0x2A, 0x52, 0xB9, 0x00, 0x2B, 0x4A, 0x56, 0x00, 0x0E, 0x4A, 0x56,
    0x00, 0x0C, 0x4A, 0x56, 0x08, 0x2A, 0x4A, 0x55, 0x08, 0x2A, 0x4A, 0x55, 0x00, 0x2B, 0x4A, 0x55,
    0x00, 0x2B, 0x4A, 0x55, 0x00, 0x0C, 0x4A, 0x55, 0x00, 0x0C, 0x4A, 0x55, 0x00, 0x0C, 0x4A, 0x55,
    0x00, 0x0C, 0x4A, 0x55, 0x00, 0x2B, 0x4A, 0x55, 0x08, 0x2A, 0x4A, 0x55, 0x08, 0x2A, 0x4A, 0x55,
    0x00, 0x0E, 0x4A, 0x55, 0x00, 0x0E, 0x4A, 0x55, 0x00, 0x0C, 0x4A, 0x55, 0x08, 0x2A, 0x4A, 0x55,
    0x00, 0x0E, 0x4A, 0x55, 0x00, 0x0D, 0x4A, 0x55, 0x00, 0x0B, 0x4A, 0x55, 0x00, 0x0D, 0x4A, 0x55,
    0x00, 0x2B, 0x4A, 0x55, 0x08, 0x2A, 0x4A, 0x55, 0x00, 0x2B, 0x4A, 0x55, 0x00, 0x0B, 0x4A, 0x55,
    0x08, 0x2A, 0x4A, 0x55, 0x00, 0x2B, 0x4A, 0x55, 0x00, 0x2B, 0x4A, 0x55, 0x00, 0x0C, 0x4A, 0x55,
    0x00, 0x0E, 0x4A, 0x55, 0x00, 0x0D, 0x4A, 0x55, 0x00, 0x0C, 0x4A, 0x55, 0x00, 0x2B, 0x4A, 0x55,
    0x00, 0x2A, 0x4A, 0x55, 0x00, 0x2B, 0x4A, 0x55, 0x00, 0x0E, 0x4A, 0x55, 0x00, 0x0C, 0x4A, 0x55,
    0x08, 0x2A, 0x4A, 0x55, 0x08, 0x2A, 0x4A, 0x55, 0x00, 0x2B, 0x4A, 0x55, 0x00, 0x2B, 0x4A, 0x55,
    0x00, 0x0C, 0x4A, 0x55, 0x00, 0x0C, 0x4A, 0x55, 0x00, 0x0C, 0x4A, 0x55, 0x00, 0x0C, 0x4A, 0x55,
    0x00, 0x2B, 0x4A, 0x55, 0x08, 0x2A, 0x4A, 0x55, 0x08, 0x2A, 0x4A, 0x55, 0x00, 0x0E, 0x4A, 0x55,
    0x00, 0x0E, 0x4A, 0x55, 0x00, 0x0C, 0x4A, 0x55, 0x08, 0x2A, 0x4A, 0x55, 0x00, 0x0E, 0x4A, 0x55,
    0x00, 0x0D, 0x4A, 0x55, 0x00, 0x0B, 0x4A, 0x55, 0x00, 0x0D, 0x4A, 0x55, 0x00, 0x2B, 0x4A, 0x55,
    0x08, 0x2A, 0x4A, 0x55, 0x00, 0x2B, 0x4A, 0x55, 0x00, 0x0B, 0x4A, 0x55, 0x08, 0x2A, 0x4A, 0x55,
    0x00, 0x2B, 0x4A, 0x55, 0x00, 0x2B, 0x4A, 0x55, 0x00, 0x0C, 0x4A, 0x55, 0x00, 0x0E, 0x4A, 0x55,
    0x00, 0x0D, 0x4A, 0x55, 0x00, 0x0C, 0x4A, 0x55, 0x00, 0x2B, 0x4A, 0x55, 0x00, 0x2A, 0x4A, 0x55,
    0x00, 0x2B, 0x4A, 0x55, 0x00, 0x0E, 0x4A, 0x55, 0x00, 0x0C, 0x4A, 0x55, 0x08, 0x2A, 0x4A, 0x55,
    0x08, 0x2A, 0x4A, 0x55, 0x00, 0x2B, 0x4A, 0x55, 0x00, 0x2B, 0x4A, 0x55, 0x00, 0x0C, 0x4A, 0x55,
    0x00, 0x0C, 0x4A, 0x55, 0x00, 0x0C, 0x4A, 0x55, 0x00, 0x0C, 0x4A, 0x55, 0x00, 0x2B, 0x4A, 0x55,
    0x08, 0x2A, 0x4A, 0x55, 0x08, 0x2A, 0x4A, 0x55, 0x00, 0x0E, 0x4A, 0x55, 0x00, 0x0E, 0x4A, 0x55,
    0x00, 0x0C, 0x4A, 0x55, 0x08, 0x2A, 0x4A, 0x55, 0x00, 0x0E, 0x4A, 0x55, 0x00, 0x0D, 0x4A, 0x55,
    0x00, 0x0B, 0x4A, 0x55, 0x00, 0x0D, 0x4A, 0x55, 0x00, 0x2B, 0x4A, 0x55, 0x08, 0x2A, 0x4A, 0x55,
    0x00, 0x2B, 0x4A, 0x55, 0x00, 0x0B, 0x4A, 0x55, 0x08, 0x2A, 0x4A, 0x55, 0x00, 0x2B, 0x4A, 0x55,
    0x00, 0x2B, 0x4A, 0x55, 0x00, 0x0C, 0x4A, 0x55, 0x00, 0x0E, 0x4A, 0x55, 0x00, 0x0D, 0x4A, 0x55,
    0x00, 0x0C, 0x4A, 0x55, 0x00, 0x2B, 0x4A, 0x55, 0x00, 0x2A, 0x4A, 0x55, 0x00, 0x2B, 0x4A, 0x55,
    0x00, 0x0E, 0x4A, 0x55, 0x00, 0x0C, 0x4A, 0x55, 0x08, 0x2A, 0x4A, 0x55, 0x08, 0x2A, 0x4A, 0x55,
    0x00, 0x2B, 0x4A, 0x55, 0x00, 0x2B, 0x4A, 0x55, 0x00, 0x0C, 0x4A, 0x55, 0x00, 0x0C, 0x4A, 0x55,
    0x00, 0x0C, 0x4A, 0x55, 0x00, 0x0C, 0x4A, 0x55, 0x00, 0x2B, 0x4A, 0x55, 0x08, 0x2A, 0x4A, 0x55,
    0x08, 0x2A, 0x4A, 0x55, 0x00, 0x0E, 0x4A, 0x55, 0x00, 0x0E, 0x4A, 0x55, 0x00, 0x0C, 0x4A, 0x55,
    0x08, 0x2A, 0x4A, 0x55, 0x00, 0x0E, 0x4A, 0x55, 0x00, 0x0D, 0x4A, 0x55, 0x00, 0x0B, 0x4A, 0x55,
    0x00, 0x0D, 0x4A, 0x55, 0x00, 0x2B, 0x4A, 0x55, 0x08, 0x2A, 0x4A, 0x55, 0x00, 0x2B, 0x4A, 0x55,
    0x00, 0x0B, 0x4A, 0x55, 0x08, 0x2A, 0x4A, 0x55, 0x00, 0x2B, 0x4A, 0x55, 0x00, 0x2B, 0x4A, 0x55,
    0x00, 0x0C, 0x4A, 0x55, 0x00, 0x0E, 0x4A, 0x55, 0x00, 0x0D, 0x4A, 0x55, 0x00, 0x0C, 0x4A, 0x55,
    0x00, 0x2B, 0x4A, 0x55, 0x00, 0x2A, 0x4A, 0x55, 0x00, 0x2B, 0x4A, 0x55, 0x00, 0x0E, 0x4A, 0x55,
    0x00, 0x0C, 0x4A, 0x55, 0x08, 0x2A, 0x4A, 0x55, 0x08, 0x2A, 0x4A, 0x55, 0x00, 0x2B, 0x4A, 0x55,
    0x00, 0x2B, 0x4A, 0x55, 0x00, 0x0C, 0x4A, 0x55, 0x00, 0x0C, 0x4A, 0x55, 0x00, 0x0C, 0x4A, 0x55,
    0x00, 0x0C, 0x4A, 0x55, 0x00, 0x2B, 0x4A, 0x55, 0x08, 0x2A, 0x4A, 0x55, 0x08, 0x2A, 0x4A, 0x56,
    0x00, 0x0E, 0x4A, 0x56, 0x00, 0x0E, 0x6B, 0x5F, 0x00, 0x0C, 0x00, 0x00, 0x08, 0x2A, 0x00, 0x00,
    0xA4, 0xFF, 0x08, 0x2A, 0x6B, 0x3F, 0x08, 0x2A, 0x00, 0x00, 0x00, 0x2B, 0x4A, 0x56, 0x00, 0x0F,
    0x4A, 0x56, 0x00, 0x0C, 0x4A, 0x35, 0x08, 0x2A, 0x4A, 0x35, 0x08, 0x2A, 0x4A, 0x35, 0x00, 0x2B,
    0x4A, 0x35, 0x00, 0x0C, 0x4A, 0x35, 0x00, 0x0C, 0x4A, 0x35, 0x00, 0x0C, 0x4A, 0x35, 0x00, 0x2B,
    0x4A, 0x35, 0x00, 0x2B, 0x4A, 0x35, 0x00, 0x0C, 0x4A, 0x35, 0x08, 0x2A, 0x4A, 0x35, 0x00, 0x2B,
    0x4A, 0x35, 0x00, 0x0E, 0x4A, 0x35, 0x00, 0x0D, 0x4A, 0x35, 0x00, 0x0D, 0x4A, 0x35, 0x08, 0x2A,
    0x4A, 0x35, 0x00, 0x0E, 0x4A, 0x35, 0x00, 0x0E, 0x4A, 0x35, 0x00, 0x2A, 0x4A, 0x35, 0x00, 0x0D,
    0x4A, 0x35, 0x08, 0x2A, 0x4A, 0x35, 0x08, 0x2A, 0x4A, 0x35, 0x00, 0x0B, 0x4A, 0x35, 0x08, 0x2A,
    0x4A, 0x35, 0x08, 0x2A, 0x4A, 0x35, 0x00, 0x2A, 0x4A, 0x35, 0x08, 0x2A, 0x4A, 0x35, 0x00, 0x0C,
    0x4A, 0x35, 0x00, 0x0D, 0x4A, 0x35, 0x00, 0x0D, 0x4A, 0x35, 0x00, 0x2B, 0x4A, 0x35, 0x08, 0x2A,
    0x4A, 0x35, 0x08, 0x2A, 0x4A, 0x35, 0x00, 0x2B, 0x4A, 0x35, 0x00, 0x0F, 0x4A, 0x35, 0x00, 0x0C,
    0x4A, 0x35, 0x08, 0x2A, 0x4A, 0x35, 0x08, 0x2A, 0x4A, 0x35, 0x00, 0x2B, 0x4A, 0x35, 0x00, 0x0C,
    0x4A, 0x35, 0x00, 0x0C, 0x4A, 0x35, 0x00, 0x0C, 0x4A, 0x35, 0x00, 0x2B, 0x4A, 0x35, 0x00, 0x2B,
    0x4A, 0x35, 0x00, 0x0C, 0x4A, 0x35, 0x08, 0x2A, 0x4A, 0x35, 0x00, 0x2B, 0x4A, 0x35, 0x00, 0x0E,
    0x4A, 0x35, 0x00, 0x0D, 0x4A, 0x35, 0x00, 0x0D, 0x4A, 0x35, 0x08, 0x2A, 0x4A, 0x35, 0x00, 0x0E,
    0x4A, 0x35, 0x00, 0x0E, 0x4A, 0x35, 0x00, 0x2A, 0x4A, 0x35, 0x00, 0x0D, 0x4A, 0x35, 0x08, 0x2A,
    0x4A, 0x35, 0x08, 0x2A, 0x4A, 0x35, 0x00, 0x0B, 0x4A, 0x35, 0x08, 0x2A, 0x4A, 0x35, 0x08, 0x2A,
    0x4A, 0x35, 0x00, 0x2A, 0x4A, 0x35, 0x08, 0x2A, 0x4A, 0x35, 0x00, 0x0C, 0x4A, 0x35, 0x00, 0x0D,
    0x4A, 0x35, 0x00, 0x0D, 0x4A, 0x35, 0x00, 0x2B, 0x4A, 0x35, 0x08, 0x2A, 0x4A, 0x35, 0x08, 0x2A,
    0x4A, 0x35, 0x00, 0x2B, 0x4A, 0x35, 0x00, 0x0F, 0x4A, 0x35, 0x00, 0x0C, 0x4A, 0x35, 0x08, 0x2A,
    0x4A, 0x35, 0x08, 0x2A, 0x4A, 0x35, 0x00, 0x2B, 0x4A, 0x35, 0x00, 0x0C, 0x4A, 0x35, 0x00, 0x0C,
    0x4A, 0x35, 0x00, 0x0C, 0x4A, 0x35, 0x00, 0x2B, 0x4A, 0x35, 0x00, 0x2B, 0x4A, 0x35, 0x00, 0x0C,
    0x4A, 0x35, 0x08, 0x2A, 0x4A, 0x35, 0x00, 0x2B, 0x4A, 0x35, 0x00, 0x0E, 0x4A, 0x35, 0x00, 0x0D,
    0x4A, 0x35, 0x00, 0x0D, 0x4A, 0x35, 0x08, 0x2A, 0x4A, 0x35, 0x00, 0x0E, 0x4A, 0x35, 0x00, 0x0E,
    0x4A, 0x35, 0x00, 0x2A, 0x4A, 0x35, 0x00, 0x0D, 0x4A, 0x35, 0x08, 0x2A, 0x4A, 0x35, 0x08, 0x2A,
    0x4A, 0x35, 0x00, 0x0B, 0x4A, 0x35, 0x08, 0x2A, 0x4A, 0x35, 0x08, 0x2A, 0x4A, 0x35, 0x00, 0x2A,
    0x4A, 0x35, 0x08, 0x2A, 0x4A, 0x35, 0x00, 0x0C, 0x4A, 0x35, 0x00, 0x0D, 0x4A, 0x35, 0x00, 0x0D,
    0x4A, 0x35, 0x00, 0x2B, 0x4A, 0x35, 0x08, 0x2A, 0x4A, 0x35, 0x08, 0x2A, 0x4A, 0x35, 0x00, 0x2B,
    0x4A, 0x35, 0x00, 0x0F, 0x4A, 0x35, 0x00, 0x0C, 0x4A, 0x35, 0x08, 0x2A, 0x4A, 0x35, 0x08, 0x2A,
    0x4A, 0x35, 0x00, 0x2B, 0x4A, 0x35, 0x00, 0x0C, 0x4A, 0x35, 0x00, 0x0C, 0x4A, 0x35, 0x00, 0x0C,
    0x4A, 0x35, 0x00, 0x2B, 0x4A, 0x35, 0x00, 0x2B, 0x4A, 0x35, 0x00, 0x0C, 0x4A, 0x35, 0x08, 0x2A,
    0x4A, 0x35, 0x00, 0x2B, 0x4A, 0x35, 0x00, 0x0E, 0x4A, 0x35, 0x00, 0x0D, 0x4A, 0x35, 0x00, 0x0D,
    0x4A, 0x35, 0x08, 0x2A, 0x4A, 0x35, 0x00, 0x0E, 0x4A, 0x35, 0x00, 0x0E, 0x4A, 0x35, 0x00, 0x2A,
    0x4A, 0x35, 0x00, 0x0D, 0x4A, 0x35, 0x08, 0x2A, 0x4A, 0x35, 0x08, 0x2A, 0x4A, 0x35, 0x00, 0x0B,
    0x4A, 0x35, 0x08, 0x2A, 0x4A, 0x35, 0x08, 0x2A, 0x4A, 0x35, 0x00, 0x2A, 0x4A, 0x35, 0x08, 0x2A,
    0x4A, 0x35, 0x00, 0x0C, 0x4A, 0x35, 0x00, 0x0D, 0x4A, 0x35, 0x00, 0x0D, 0x4A, 0x35, 0x00, 0x2B,
    0x4A, 0x35, 0x08, 0x2A, 0x4A, 0x35, 0x08, 0x2A, 0x4A, 0x35, 0x00, 0x2B, 0x4A, 0x35, 0x00, 0x0F,
    0x4A, 0x35, 0x00, 0x0C, 0x4A, 0x35, 0x08, 0x2A, 0x4A, 0x35, 0x08, 0x2A, 0x4A, 0x35, 0x00, 0x2B,
    0x4A, 0x35, 0x00, 0x0C, 0x4A, 0x35, 0x00, 0x0C, 0x4A, 0x35, 0x00, 0x0C, 0x4A, 0x35, 0x00, 0x2B,
    0x4A, 0x35, 0x00, 0x2B, 0x4A, 0x35, 0x00, 0x0C, 0x4A, 0x35, 0x08, 0x2A, 0x4A, 0x35, 0x00, 0x2B,
    0x4A, 0x56, 0x00, 0x0E, 0x4A, 0x56, 0x00, 0x0D, 0x41, 0xF2, 0x00, 0x0D, 0x00, 0x00, 0x08, 0x2A,
    0x00, 0x0B, 0x73, 0x7F, 0x08, 0x2A, 0x52, 0x99, 0x08, 0x2A, 0x4A, 0x56, 0x00, 0x0D, 0x4A, 0x56,
    0x00, 0x10, 0x4A, 0x56, 0x00, 0x0D, 0x4A, 0x35, 0x08, 0x2A, 0x4A, 0x35, 0x08, 0x2A, 0x4A, 0x35,
    0x00, 0x0C, 0x4A, 0x35, 0x00, 0x0C, 0x4A, 0x35, 0x00, 0x0C, 0x4A, 0x35, 0x00, 0x0C, 0x4A, 0x35,
    0x00, 0x0B, 0x4A, 0x35, 0x00, 0x0C, 0x4A, 0x35, 0x00, 0x0D, 0x4A, 0x35, 0x08, 0x2A, 0x4A, 0x35,
    0x00, 0x2B, 0x4A, 0x35, 0x00, 0x0C, 0x4A, 0x35, 0x00, 0x0D, 0x4A, 0x35, 0x00, 0x0D, 0x4A, 0x35,
    0x08, 0x2A, 0x4A, 0x35, 0x00, 0x0E, 0x4A, 0x35, 0x00, 0x0E, 0x4A, 0x35, 0x00, 0x0C, 0x4A, 0x35,
    0x00, 0x0D, 0x4A, 0x35, 0x08, 0x2A, 0x4A, 0x35, 0x08, 0x2A, 0x4A, 0x35, 0x00, 0x0C, 0x4A, 0x35,
    0x08, 0x2A, 0x4A, 0x35, 0x08, 0x2A, 0x4A, 0x35, 0x08, 0x2A, 0x4A, 0x35, 0x08, 0x2A, 0x4A, 0x35,
    0x00, 0x0C, 0x4A, 0x35, 0x00, 0x0C, 0x4A, 0x35, 0x00, 0x0B, 0x4A, 0x35, 0x00, 0x0B, 0x4A, 0x35,
    0x08, 0x2A, 0x4A, 0x35, 0x08, 0x2A, 0x4A, 0x35, 0x00, 0x0D, 0x4A, 0x35, 0x00, 0x10, 0x4A, 0x35,
    0x00, 0x0D, 0x4A, 0x35, 0x08, 0x2A, 0x4A, 0x35, 0x08, 0x2A, 0x4A, 0x35, 0x00, 0x0C, 0x4A, 0x35,
    0x00, 0x0C, 0x4A, 0x35, 0x00, 0x0C, 0x4A, 0x35, 0x00, 0x0C, 0x4A, 0x35, 0x00, 0x0B, 0x4A, 0x35,
    0x00, 0x0C, 0x4A, 0x35, 0x00, 0x0D, 0x4A, 0x35, 0x08, 0x2A, 0x4A, 0x35, 0x00, 0x2B, 0x4A, 0x35,
    0x00, 0x0C, 0x4A, 0x35, 0x00, 0x0D, 0x4A, 0x35, 0x00, 0x0D, 0x4A, 0x35, 0x08, 0x2A, 0x4A, 0x35,
    0x00, 0x0E, 0x4A, 0x35, 0x00, 0x0E, 0x4A, 0x35, 0x00, 0x0C, 0x4A, 0x35, 0x00, 0x0D, 0x4A, 0x35,
    0x08, 0x2A, 0x4A, 0x35, 0x08, 0x2A, 0x4A, 0x35, 0x00, 0x0C, 0x4A, 0x35, 0x08, 0x2A, 0x4A, 0x35,
    0x08, 0x2A, 0x4A, 0x35, 0x08, 0x2A, 0x4A, 0x35, 0x08, 0x2A, 0x4A, 0x35, 0x00, 0x0C, 0x4A, 0x35,
    0x00, 0x0C, 0x4A, 0x35, 0x00, 0x0B, 0x4A, 0x35, 0x00, 0x0B, 0x4A, 0x35, 0x08, 0x2A, 0x4A, 0x35,
    0x08, 0x2A, 0x4A, 0x35, 0x00, 0x0D, 0x4A, 0x35, 0x00, 0x10, 0x4A, 0x35, 0x00, 0x0D, 0x4A, 0x35,
    0x08, 0x2A, 0x4A, 0x35, 0x08, 0x2A, 0x4A, 0x35, 0x00, 0x0C, 0x4A, 0x35, 0x00, 0x0C, 0x4A, 0x35,
    0x00, 0x0C, 0x4A, 0x35, 0x00, 0x0C, 0x4A, 0x35, 0x00, 0x0B, 0x4A, 0x35, 0x00, 0x0C, 0x4A, 0x35,
    0x00, 0x0D, 0x4A, 0x35, 0x08, 0x2A, 0x4A, 0x35, 0x00, 0x2B, 0x4A, 0x35, 0x00, 0x0C, 0x4A, 0x35,
    0x00, 0x0D, 0x4A, 0x35, 0x00, 0x0D, 0x4A, 0x35, 0x08, 0x2A, 0x4A, 0x35, 0x00, 0x0E, 0x4A, 0x35,
    0x00, 0x0E, 0x4A, 0x35, 0x00, 0x0C, 0x4A, 0x35, 0x00, 0x0D, 0x4A, 0x35, 0x08, 0x2A, 0x4A, 0x35,
    0x08, 0x2A, 0x4A, 0x35, 0x00, 0x0C, 0x4A, 0x35, 0x08, 0x2A, 0x4A, 0x35, 0x08, 0x2A, 0x4A, 0x35,
    0x08, 0x2A, 0x4A, 0x35, 0x08, 0x2A, 0x4A, 0x35, 0x00, 0x0C, 0x4A, 0x35, 0x00, 0x0C, 0x4A, 0x35,
    0x00, 0x0B, 0x4A, 0x35, 0x00, 0x0B, 0x4A, 0x35, 0x08, 0x2A, 0x4A, 0x35, 0x08, 0x2A, 0x4A, 0x35,
    0x00, 0x0D, 0x4A, 0x35, 0x00, 0x10, 0x4A, 0x35, 0x00, 0x0D, 0x4A, 0x35, 0x08, 0x2A, 0x4A, 0x35,
    0x08, 0x2A, 0x4A, 0x35, 0x00, 0x0C, 0x4A, 0x35, 0x00, 0x0C, 0x4A, 0x35, 0x00, 0x0C, 0x4A, 0x35,
    0x00, 0x0C, 0x4A, 0x35, 0x00, 0x0B, 0x4A, 0x35, 0x00, 0x0C, 0x4A, 0x35, 0x00, 0x0D, 0x4A, 0x35,
    0x08, 0x2A, 0x4A, 0x35, 0x00, 0x2B, 0x4A, 0x35, 0x00, 0x0C, 0x4A, 0x35, 0x00, 0x0D, 0x4A, 0x35,
    0x00, 0x0D, 0x4A, 0x35, 0x08, 0x2A, 0x4A, 0x35, 0x00, 0x0E, 0x4A, 0x35, 0x00, 0x0E, 0x4A, 0x35,
    0x00, 0x0C, 0x4A, 0x35, 0x00, 0x0D, 0x4A, 0x35, 0x08, 0x2A, 0x4A, 0x35, 0x08, 0x2A, 0x4A, 0x35,
    0x00, 0x0C, 0x4A, 0x35, 0x08, 0x2A, 0x4A, 0x35, 0x08, 0x2A, 0x4A, 0x35, 0x08, 0x2A, 0x4A, 0x35,
    0x08, 0x2A, 0x4A, 0x35, 0x00, 0x0C, 0x4A, 0x35, 0x00, 0x0C, 0x4A, 0x35, 0x00, 0x0B, 0x4A, 0x35,
    0x00, 0x0B, 0x4A, 0x35, 0x08, 0x2A, 0x4A, 0x35, 0x08, 0x2A, 0x4A, 0x35, 0x00, 0x0D, 0x4A, 0x35,
    0x00, 0x10, 0x4A, 0x35, 0x00, 0x0D, 0x4A, 0x35, 0x08, 0x2A, 0x4A, 0x35, 0x08, 0x2A, 0x4A, 0x35,
    0x00, 0x0C, 0x4A, 0x35, 0x00, 0x0C, 0x4A, 0x35, 0x00, 0x0C, 0x4A, 0x35, 0x00, 0x0C, 0x4A, 0x35,
    0x00, 0x0B, 0x4A, 0x35, 0x00, 0x0C, 0x4A, 0x35, 0x00, 0x0D, 0x4A, 0x35, 0x08, 0x2A, 0x4A, 0x56,
    0x00, 0x2B, 0x4A, 0x56, 0x00, 0x0C, 0x6B, 0x5F, 0x00, 0x0D, 0x00, 0x00, 0x00, 0x0D, 0x00, 0x00,
    0x9C, 0xDF, 0x00, 0x0D, 0x63, 0x3E, 0x00, 0x2B, 0x00, 0x00, 0x08, 0x2A, 0x4A, 0x55, 0x00, 0x0E,
    0x4A, 0x55, 0x00, 0x0F, 0x42, 0x35, 0x00, 0x0C, 0x42, 0x35, 0x08, 0x2A, 0x42, 0x35, 0x00, 0x0C,
    0x42, 0x35, 0x00, 0x0D, 0x42, 0x35, 0x00, 0x2B, 0x42, 0x35, 0x00, 0x0D, 0x42, 0x35, 0x00, 0x0D,
    0x42, 0x35, 0x00, 0x0C, 0x42, 0x35, 0x00, 0x0D, 0x42, 0x35, 0x00, 0x0B, 0x42, 0x35, 0x08, 0x2A,
    0x42, 0x35, 0x08, 0x2A, 0x42, 0x35, 0x00, 0x2B, 0x42, 0x35, 0x00, 0x0C, 0x42, 0x35, 0x00, 0x0C,
    0x42, 0x35, 0x00, 0x0D, 0x42, 0x35, 0x00, 0x0D, 0x42, 0x35, 0x00, 0x0F, 0x42, 0x35, 0x00, 0x0D,
    0x42, 0x35, 0x00, 0x0D, 0x42, 0x35, 0x08, 0x2A, 0x42, 0x35, 0x08, 0x2A, 0x42, 0x35, 0x00, 0x2B,
    0x42, 0x35, 0x08, 0x2A, 0x42, 0x35, 0x08, 0x2A, 0x42, 0x35, 0x08, 0x2A, 0x42, 0x35, 0x00, 0x2B,
    0x42, 0x35, 0x00, 0x0C, 0x42, 0x35, 0x00, 0x2B, 0x42, 0x35, 0x00, 0x0C, 0x42, 0x35, 0x00, 0x0D,
    0x42, 0x35, 0x00, 0x2B, 0x42, 0x35, 0x08, 0x2A, 0x42, 0x35, 0x00, 0x0E, 0x42, 0x35, 0x00, 0x0F,
    0x42, 0x35, 0x00, 0x0C, 0x42, 0x35, 0x08, 0x2A, 0x42, 0x35, 0x00, 0x0C, 0x42, 0x35, 0x00, 0x0D,
    0x42, 0x35, 0x00, 0x2B, 0x42, 0x35, 0x00, 0x0D, 0x42, 0x35, 0x00, 0x0D, 0x42, 0x35, 0x00, 0x0C,
    0x42, 0x35, 0x00, 0x0D, 0x42, 0x35, 0x00, 0x0B, 0x42, 0x35, 0x08, 0x2A, 0x42, 0x35, 0x08, 0x2A,
    0x42, 0x35, 0x00, 0x2B, 0x42, 0x35, 0x00, 0x0C, 0x42, 0x35, 0x00, 0x0C, 0x42, 0x35, 0x00, 0x0D,
    0x42, 0x35, 0x00, 0x0D, 0x42, 0x35, 0x00, 0x0F, 0x42, 0x35, 0x00, 0x0D, 0x42, 0x35, 0x00, 0x0D,
    0x42, 0x35, 0x08, 0x2A, 0x42, 0x35, 0x08, 0x2A, 0x42, 0x35, 0x00, 0x2B, 0x42, 0x35, 0x08, 0x2A,
    0x42, 0x35, 0x08, 0x2A, 0x42, 0x35, 0x08, 0x2A, 0x42, 0x35, 0x00, 0x2B, 0x42, 0x35, 0x00, 0x0C,
    0x42, 0x35, 0x00, 0x2B, 0x42, 0x35, 0x00, 0x0C, 0x42, 0x35, 0x00, 0x0D, 0x42, 0x35, 0x00, 0x2B,
    0x42, 0x35, 0x08, 0x2A, 0x42, 0x35, 0x00, 0x0E, 0x42, 0x35, 0x00, 0x0F, 0x42, 0x35, 0x00, 0x0C,
    0x42, 0x35, 0x08, 0x2A, 0x42, 0x35, 0x00, 0x0C, 0x42, 0x35, 0x00, 0x0D, 0x42, 0x35, 0x00, 0x2B,
    0x42, 0x35, 0x00, 0x0D, 0x42, 0x35, 0x00, 0x0D, 0x42, 0x35, 0x00, 0x0C, 0x42, 0x35, 0x00, 0x0D,
    0x42, 0x35, 0x00, 0x0B, 0x42, 0x35, 0x08, 0x2A, 0x42, 0x35, 0x08, 0x2A, 0x42, 0x35, 0x00, 0x2B,
    0x42, 0x35, 0x00, 0x0C, 0x42, 0x35, 0x00, 0x0C, 0x42, 0x35, 0x00, 0x0D, 0x42, 0x35, 0x00, 0x0D,
    0x42, 0x35, 0x00, 0x0F, 0x42, 0x35, 0x00, 0x0D, 0x42, 0x35, 0x00, 0x0D, 0x42, 0x35, 0x08, 0x2A,
    0x42, 0x35, 0x08, 0x2A, 0x42, 0x35, 0x00, 0x2B, 0x42, 0x35, 0x08, 0x2A, 0x42, 0x35, 0x08, 0x2A,
    0x42, 0x35, 0x08, 0x2A, 0x42, 0x35, 0x00, 0x2B, 0x42, 0x35, 0x00, 0x0C, 0x42, 0x35, 0x00, 0x2B,
    0x42, 0x35, 0x00, 0x0C, 0x42, 0x35, 0x00, 0x0D, 0x42, 0x35, 0x00, 0x2B, 0x42, 0x35, 0x08, 0x2A,
    0x42, 0x35, 0x00, 0x0E, 0x42, 0x35, 0x00, 0x0F, 0x42, 0x35, 0x00, 0x0C, 0x42, 0x35, 0x08, 0x2A,
    0x42, 0x35, 0x00, 0x0C, 0x42, 0x35, 0x00, 0x0D, 0x42, 0x35, 0x00, 0x2B, 0x42, 0x35, 0x00, 0x0D,
    0x42, 0x35, 0x00, 0x0D, 0x42, 0x35, 0x00, 0x0C, 0x42, 0x35, 0x00, 0x0D, 0x42, 0x35, 0x00, 0x0B,
    0x42, 0x35, 0x08, 0x2A, 0x42, 0x35, 0x08, 0x2A, 0x42, 0x35, 0x00, 0x2B, 0x42, 0x35, 0x00, 0x0C,
    0x42, 0x35, 0x00, 0x0C, 0x42, 0x35, 0x00, 0x0D, 0x42, 0x35, 0x00, 0x0D, 0x42, 0x35, 0x00, 0x0F,
    0x42, 0x35, 0x00, 0x0D, 0x42, 0x35, 0x00, 0x0D, 0x42, 0x35, 0x08, 0x2A, 0x42, 0x35, 0x08, 0x2A,
    0x42, 0x35, 0x00, 0x2B, 0x42, 0x35, 0x08, 0x2A, 0x42, 0x35, 0x08, 0x2A, 0x42, 0x35, 0x08, 0x2A,
    0x42, 0x35, 0x00, 0x2B, 0x42, 0x35, 0x00, 0x0C, 0x42, 0x35, 0x00, 0x2B, 0x42, 0x35, 0x00, 0x0C,
    0x42, 0x35, 0x00, 0x0D, 0x42, 0x35, 0x00, 0x2B, 0x42, 0x35, 0x08, 0x2A, 0x42, 0x35, 0x00, 0x0E,
    0x42, 0x35, 0x00, 0x0F, 0x42, 0x35, 0x00, 0x0C, 0x42, 0x35, 0x08, 0x2A, 0x42, 0x35, 0x00, 0x0C,
    0x42, 0x35, 0x00, 0x0D, 0x42, 0x35, 0x00, 0x2B, 0x42, 0x35, 0x00, 0x0D, 0x42, 0x35, 0x00, 0x0D,
    0x42, 0x35, 0x00, 0x0C, 0x42, 0x35, 0x00, 0x0D, 0x42, 0x35, 0x00, 0x0B, 0x42, 0x35, 0x08, 0x2A,
    0x4A, 0x55, 0x08, 0x2A, 0x4A, 0x55, 0x00, 0x2B, 0x39, 0xF2, 0x00, 0x0C, 0x00, 0x00, 0x00, 0x0C,
    0x00, 0x0D, 0x6B, 0x5F, 0x00, 0x0E, 0x52, 0x98, 0x00, 0x2B, 0x4A, 0x35, 0x00, 0x2B, 0x4A, 0x35,
    0x00, 0x0C, 0x4A, 0x35, 0x00, 0x0E, 0x42, 0x35, 0x00, 0x0C, 0x42, 0x35, 0x08, 0x2A, 0x42, 0x35,
    0x00, 0x0D, 0x42, 0x35, 0x00, 0x0D, 0x42, 0x35, 0x00, 0x2B, 0x42, 0x35, 0x00, 0x0E, 0x42, 0x35,
    0x00, 0x0C, 0x42, 0x35, 0x00, 0x2B, 0x42, 0x35, 0x00, 0x2B, 0x42, 0x35, 0x08, 0x2A, 0x42, 0x35,
    0x08, 0x2A, 0x42, 0x35, 0x08, 0x2A, 0x42, 0x35, 0x00, 0x2B, 0x42, 0x35, 0x00, 0x0C, 0x42, 0x35,
    0x00, 0x0C, 0x42, 0x35, 0x00, 0x0C, 0x42, 0x35, 0x00, 0x0D, 0x42, 0x35, 0x00, 0x0E, 0x42, 0x35,
    0x00, 0x0D, 0x42, 0x35, 0x00, 0x0D, 0x42, 0x35, 0x08, 0x2A, 0x42, 0x35, 0x00, 0x2B, 0x42, 0x35,
    0x00, 0x2B, 0x42, 0x35, 0x08, 0x2A, 0x42, 0x35, 0x00, 0x2B, 0x42, 0x35, 0x00, 0x2B, 0x42, 0x35,
    0x00, 0x0D, 0x42, 0x35, 0x00, 0x0D, 0x42, 0x35, 0x00, 0x0C, 0x42, 0x35, 0x00, 0x0D, 0x42, 0x35,
    0x00, 0x0E, 0x42, 0x35, 0x00, 0x2B, 0x42, 0x35, 0x00, 0x2B, 0x42, 0x35, 0x00, 0x0C, 0x42, 0x35,
    0x00, 0x0E, 0x42, 0x35, 0x00, 0x0C, 0x42, 0x35, 0x08, 0x2A, 0x42, 0x35, 0x00, 0x0D, 0x42, 0x35,
    0x00, 0x0D, 0x42, 0x35, 0x00, 0x2B, 0x42, 0x35, 0x00, 0x0E, 0x42, 0x35, 0x00, 0x0C, 0x42, 0x35,
    0x00, 0x2B, 0x42, 0x35, 0x00, 0x2B, 0x42, 0x35, 0x08, 0x2A, 0x42, 0x35, 0x08, 0x2A, 0x42, 0x35,
    0x08, 0x2A, 0x42, 0x35, 0x00, 0x2B, 0x42, 0x35, 0x00, 0x0C, 0x42, 0x35, 0x00, 0x0C, 0x42, 0x35,
    0x00, 0x0C, 0x42, 0x35, 0x00, 0x0D, 0x42, 0x35, 0x00, 0x0E, 0x42, 0x35, 0x00, 0x0D, 0x42, 0x35,
    0x00, 0x0D, 0x42, 0x35, 0x08, 0x2A, 0x42, 0x35, 0x00, 0x2B, 0x42, 0x35, 0x00, 0x2B, 0x42, 0x35,
    0x08, 0x2A, 0x42, 0x35, 0x00, 0x2B, 0x42, 0x35, 0x00, 0x2B, 0x42, 0x35, 0x00, 0x0D, 0x42, 0x35,
    0x00, 0x0D, 0x42, 0x35, 0x00, 0x0C, 0x42, 0x35, 0x00, 0x0D, 0x42, 0x35, 0x00, 0x0E, 0x42, 0x35,
    0x00, 0x2B, 0x42, 0x35, 0x00, 0x2B, 0x42, 0x35, 0x00, 0x0C, 0x42, 0x35, 0x00, 0x0E, 0x42, 0x35,
    0x00, 0x0C, 0x42, 0x35, 0x08, 0x2A, 0x42, 0x35, 0x00, 0x0D, 0x42, 0x35, 0x00, 0x0D, 0x42, 0x35,
    0x00, 0x2B, 0x42, 0x35, 0x00, 0x0E, 0x42, 0x35, 0x00, 0x0C, 0x42, 0x35, 0x00, 0x2B, 0x42, 0x35,
    0x00, 0x2B, 0x42, 0x35, 0x08, 0x2A, 0x42, 0x35, 0x08, 0x2A, 0x42, 0x35, 0x08, 0x2A, 0x42, 0x35,
    0x00, 0x2B, 0x42, 0x35, 0x00, 0x0C, 0x42, 0x35, 0x00, 0x0C, 0x42, 0x35, 0x00, 0x0C, 0x42, 0x35,
    0x00, 0x0D, 0x42, 0x35, 0x00, 0x0E, 0x42, 0x35, 0x00, 0x0D, 0x42, 0x35, 0x00, 0x0D, 0x42, 0x35,
    0x08, 0x2A, 0x42, 0x35, 0x00, 0x2B, 0x42, 0x35, 0x00, 0x2B, 0x42, 0x35, 0x08, 0x2A, 0x42, 0x35,
    0x00, 0x2B, 0x42, 0x35, 0x00, 0x2B, 0x42, 0x35, 0x00, 0x0D, 0x42, 0x35, 0x00, 0x0D, 0x42, 0x35,
    0x00, 0x0C, 0x42, 0x35, 0x00, 0x0D, 0x42, 0x35, 0x00, 0x0E, 0x42, 0x35, 0x00, 0x2B, 0x42, 0x35,
    0x00, 0x2B, 0x42, 0x35, 0x00, 0x0C, 0x42, 0x35, 0x00, 0x0E, 0x42, 0x35, 0x00, 0x0C, 0x42, 0x35,
    0x08, 0x2A, 0x42, 0x35, 0x00, 0x0D, 0x42, 0x35, 0x00, 0x0D, 0x42, 0x35, 0x00, 0x2B, 0x42, 0x35,
    0x00, 0x0E, 0x42, 0x35, 0x00, 0x0C, 0x42, 0x35, 0x00, 0x2B, 0x42, 0x35, 0x00, 0x2B, 0x42, 0x35,
    0x08, 0x2A, 0x42, 0x35, 0x08, 0x2A, 0x42, 0x35, 0x08, 0x2A, 0x42, 0x35, 0x00, 0x2B, 0x42, 0x35,
    0x00, 0x0C, 0x42, 0x35, 0x00, 0x0C, 0x42, 0x35, 0x00, 0x0C, 0x42, 0x35, 0x00, 0x0D, 0x42, 0x35,
    0x00, 0x0E, 0x42, 0x35, 0x00, 0x0D, 0x42, 0x35, 0x00, 0x0D, 0x42, 0x35, 0x08, 0x2A, 0x42, 0x35,
    0x00, 0x2B, 0x42, 0x35, 0x00, 0x2B, 0x42, 0x35, 0x08, 0x2A, 0x42, 0x35, 0x00, 0x2B, 0x42, 0x35,
    0x00, 0x2B, 0x42, 0x35, 0x00, 0x0D, 0x42, 0x35, 0x00, 0x0D, 0x42, 0x35, 0x00, 0x0C, 0x42, 0x35,
    0x00, 0x0D, 0x42, 0x35, 0x00, 0x0E, 0x42, 0x35, 0x00, 0x2B, 0x42, 0x35, 0x00, 0x2B, 0x42, 0x35,
    0x00, 0x0C, 0x42, 0x35, 0x00, 0x0E, 0x42, 0x35, 0x00, 0x0C, 0x42, 0x35, 0x08, 0x2A, 0x42, 0x35,
    0x00, 0x0D, 0x42, 0x35, 0x00, 0x0D, 0x42, 0x35, 0x00, 0x2B, 0x42, 0x35, 0x00, 0x0E, 0x42, 0x35,
    0x00, 0x0C, 0x42, 0x35, 0x00, 0x2B, 0x42, 0x35, 0x00, 0x2B, 0x42, 0x35, 0x08, 0x2A, 0x4A, 0x35,
    0x08, 0x2A, 0x4A, 0x35, 0x08, 0x2A, 0x6B, 0x3F, 0x00, 0x2B, 0x00, 0x00, 0x00, 0x0C, 0x00, 0x00,
    0x9C, 0xBF, 0x00, 0x0D, 0x63, 0x1E, 0x00, 0x0E, 0x00, 0x00, 0x00, 0x2B, 0x4A, 0x35, 0x08, 0x2A,
    0x4A, 0x35, 0x00, 0x2B, 0x42, 0x15, 0x00, 0x0E, 0x42, 0x15, 0x00, 0x0C, 0x42, 0x15, 0x08, 0x2A,
    0x42, 0x15, 0x00, 0x0D, 0x42, 0x15, 0x00, 0x0C, 0x42, 0x15, 0x00, 0x0D, 0x42, 0x15, 0x00, 0x0E,
    0x42, 0x15, 0x00, 0x0B, 0x42, 0x15, 0x08, 0x2A, 0x42, 0x15, 0x08, 0x2A, 0x42, 0x15, 0x00, 0x2B,
    0x42, 0x15, 0x08, 0x2A, 0x42, 0x15, 0x00, 0x2B, 0x42, 0x15, 0x00, 0x2B, 0x42, 0x15, 0x00, 0x2B,
    0x42, 0x15, 0x00, 0x0B, 0x42, 0x15, 0x00, 0x2B, 0x42, 0x15, 0x00, 0x2B, 0x42, 0x15, 0x00, 0x0B,
    0x42, 0x15, 0x00, 0x0D, 0x42, 0x15, 0x00, 0x0C, 0x42, 0x15, 0x08, 0x2A, 0x42, 0x15, 0x00, 0x0C,
    0x42, 0x15, 0x00, 0x2B, 0x42, 0x15, 0x08, 0x2A, 0x42, 0x15, 0x00, 0x2B, 0x42, 0x15, 0x00, 0x0D,
    0x42, 0x15, 0x00, 0x0F, 0x42, 0x15, 0x00, 0x0D, 0x42, 0x15, 0x00, 0x0D, 0x42, 0x15, 0x00, 0x0D,
    0x42, 0x15, 0x00, 0x0E, 0x42, 0x15, 0x00, 0x2B, 0x42, 0x15, 0x08, 0x2A, 0x42, 0x15, 0x00, 0x2B,
    0x42, 0x15, 0x00, 0x0E, 0x42, 0x15, 0x00, 0x0C, 0x42, 0x15, 0x08, 0x2A, 0x42, 0x15, 0x00, 0x0D,
    0x42, 0x15, 0x00, 0x0C, 0x42, 0x15, 0x00, 0x0D, 0x42, 0x15, 0x00, 0x0E, 0x42, 0x15, 0x00, 0x0B,
    0x42, 0x15, 0x08, 0x2A, 0x42, 0x15, 0x08, 0x2A, 0x42, 0x15, 0x00, 0x2B, 0x42, 0x15, 0x08, 0x2A,
    0x42, 0x15, 0x00, 0x2B, 0x42, 0x15, 0x00, 0x2B, 0x42, 0x15, 0x00, 0x2B, 0x42, 0x15, 0x00, 0x0B,
    0x42, 0x15, 0x00, 0x2B, 0x42, 0x15, 0x00, 0x2B, 0x42, 0x15, 0x00, 0x0B, 0x42, 0x15, 0x00, 0x0D,
    0x42, 0x15, 0x00, 0x0C, 0x42, 0x15, 0x08, 0x2A, 0x42, 0x15, 0x00, 0x0C, 0x42, 0x15, 0x00, 0x2B,
    0x42, 0x15, 0x08, 0x2A, 0x42, 0x15, 0x00, 0x2B, 0x42, 0x15, 0x00, 0x0D, 0x42, 0x15, 0x00, 0x0F,
    0x42, 0x15, 0x00, 0x0D, 0x42, 0x15, 0x00, 0x0D, 0x42, 0x15, 0x00, 0x0D, 0x42, 0x15, 0x00, 0x0E,
    0x42, 0x15, 0x00, 0x2B, 0x42, 0x15, 0x08, 0x2A, 0x42, 0x15, 0x00, 0x2B, 0x42, 0x15, 0x00, 0x0E,
    0x42, 0x15, 0x00, 0x0C, 0x42, 0x15, 0x08, 0x2A, 0x42, 0x15, 0x00, 0x0D, 0x42, 0x15, 0x00, 0x0C,
    0x42, 0x15, 0x00, 0x0D, 0x42, 0x15, 0x00, 0x0E, 0x42, 0x15, 0x00, 0x0B, 0x42, 0x15, 0x08, 0x2A,
    0x42, 0x15, 0x08, 0x2A, 0x42, 0x15, 0x00, 0x2B, 0x42, 0x15, 0x08, 0x2A, 0x42, 0x15, 0x00, 0x2B,
    0x42, 0x15, 0x00, 0x2B, 0x42, 0x15, 0x00, 0x2B, 0x42, 0x15, 0x00, 0x0B, 0x42, 0x15, 0x00, 0x2B,
    0x42, 0x15, 0x00, 0x2B, 0x42, 0x15, 0x00, 0x0B, 0x42, 0x15, 0x00, 0x0D, 0x42, 0x15, 0x00, 0x0C,
    0x42, 0x15, 0x08, 0x2A, 0x42, 0x15, 0x00, 0x0C, 0x42, 0x15, 0x00, 0x2B, 0x42, 0x15, 0x08, 0x2A,
    0x42, 0x15, 0x00, 0x2B, 0x42, 0x15, 0x00, 0x0D, 0x42, 0x15, 0x00, 0x0F, 0x42, 0x15, 0x00, 0x0D,
    0x42, 0x15, 0x00, 0x0D, 0x42, 0x15, 0x00, 0x0D, 0x42, 0x15, 0x00, 0x0E, 0x42, 0x15, 0x00, 0x2B,
    0x42, 0x15, 0x08, 0x2A, 0x42, 0x15, 0x00, 0x2B, 0x42, 0x15, 0x00, 0x0E, 0x42, 0x15, 0x00, 0x0C,
    0x42, 0x15, 0x08, 0x2A, 0x42, 0x15, 0x00, 0x0D, 0x42, 0x15, 0x00, 0x0C, 0x42, 0x15, 0x00, 0x0D,
    0x42, 0x15, 0x00, 0x0E, 0x42, 0x15, 0x00, 0x0B, 0x42, 0x15, 0x08, 0x2A, 0x42, 0x15, 0x08, 0x2A,
    0x42, 0x15, 0x00, 0x2B, 0x42, 0x15, 0x08, 0x2A, 0x42, 0x15, 0x00, 0x2B, 0x42, 0x15, 0x00, 0x2B,
    0x42, 0x15, 0x00, 0x2B, 0x42, 0x15, 0x00, 0x0B, 0x42, 0x15, 0x00, 0x2B, 0x42, 0x15, 0x00, 0x2B,
    0x42, 0x15, 0x00, 0x0B, 0x42, 0x15, 0x00, 0x0D, 0x42, 0x15, 0x00, 0x0C, 0x42, 0x15, 0x08, 0x2A,
    0x42, 0x15, 0x00, 0x0C, 0x42, 0x15, 0x00, 0x2B, 0x42, 0x15, 0x08, 0x2A, 0x42, 0x15, 0x00, 0x2B,
    0x42, 0x15, 0x00, 0x0D, 0x42, 0x15, 0x00, 0x0F, 0x42, 0x15, 0x00, 0x0D, 0x42, 0x15, 0x00, 0x0D,
    0x42, 0x15, 0x00, 0x0D, 0x42, 0x15, 0x00, 0x0E, 0x42, 0x15, 0x00, 0x2B, 0x42, 0x15, 0x08, 0x2A,
    0x42, 0x15, 0x00, 0x2B, 0x42, 0x15, 0x00, 0x0E, 0x42, 0x15, 0x00, 0x0C, 0x42, 0x15, 0x08, 0x2A,
    0x42, 0x15, 0x00, 0x0D, 0x42, 0x15, 0x00, 0x0C, 0x42, 0x15, 0x00, 0x0D, 0x42, 0x15, 0x00, 0x0E,
    0x42, 0x15, 0x00, 0x0B, 0x42, 0x15, 0x08, 0x2A, 0x42, 0x15, 0x08, 0x2A, 0x42, 0x15, 0x00, 0x2B,
    0x4A, 0x35, 0x08, 0x2A, 0x4A, 0x35, 0x00, 0x2B, 0x39, 0xD2, 0x00, 0x2B, 0x00, 0x00, 0x00, 0x2B,
    0x00, 0x0C, 0x6B, 0x3F, 0x00, 0x0D, 0x52, 0x78, 0x00, 0x0E, 0x42, 0x35, 0x00, 0x2B, 0x42, 0x35,
    0x08, 0x2A, 0x42, 0x35, 0x00, 0x2B, 0x42, 0x14, 0x00, 0x0E, 0x42, 0x14, 0x00, 0x2B, 0x42, 0x14,
    0x08, 0x2A, 0x42, 0x14, 0x00, 0x0C, 0x42, 0x14, 0x08, 0x2A, 0x42, 0x14, 0x00, 0x0D, 0x42, 0x14,
    0x00, 0x0D, 0x42, 0x14, 0x00, 0x0C, 0x42, 0x14, 0x08, 0x2A, 0x42, 0x14, 0x00, 0x2B, 0x42, 0x14,
    0x00, 0x0C, 0x42, 0x14, 0x00, 0x0D, 0x42, 0x14, 0x00, 0x0C, 0x42, 0x14, 0x08, 0x2A, 0x42, 0x14,
    0x00, 0x2B, 0x42, 0x14, 0x00, 0x2B, 0x42, 0x14, 0x08, 0x2A, 0x42, 0x14, 0x08, 0x2A, 0x42, 0x14,
    0x00, 0x2B, 0x42, 0x14, 0x00, 0x0C, 0x42, 0x14, 0x00, 0x0C, 0x42, 0x14, 0x00, 0x0C, 0x42, 0x14,
    0x00, 0x0E, 0x42, 0x14, 0x00, 0x2B, 0x42, 0x14, 0x08, 0x2A, 0x42, 0x14, 0x00, 0x0B, 0x42, 0x14,
    0x00, 0x0E, 0x42, 0x14, 0x00, 0x0E, 0x42, 0x14, 0x00, 0x0D, 0x42, 0x14, 0x00, 0x0C, 0x42, 0x14,
    0x00, 0x0D, 0x42, 0x14, 0x00, 0x0E, 0x42, 0x14, 0x00, 0x2B, 0x42, 0x14, 0x08, 0x2A, 0x42, 0x14,
    0x00, 0x2B, 0x42, 0x14, 0x00, 0x0E, 0x42, 0x14, 0x00, 0x2B, 0x42, 0x14, 0x08, 0x2A, 0x42, 0x14,
    0x00, 0x0C, 0x42, 0x14, 0x08, 0x2A, 0x42, 0x14, 0x00, 0x0D, 0x42, 0x14, 0x00, 0x0D, 0x42, 0x14,
    0x00, 0x0C, 0x42, 0x14, 0x08, 0x2A, 0x42, 0x14, 0x00, 0x2B, 0x42, 0x14, 0x00, 0x0C, 0x42, 0x14,
    0x00, 0x0D, 0x42, 0x14, 0x00, 0x0C, 0x42, 0x14, 0x08, 0x2A, 0x42, 0x14, 0x00, 0x2B, 0x42, 0x14,
    0x00, 0x2B, 0x42, 0x14, 0x08, 0x2A, 0x42, 0x14, 0x08, 0x2A, 0x42, 0x14, 0x00, 0x2B, 0x42, 0x14,
    0x00, 0x0C, 0x42, 0x14, 0x00, 0x0C, 0x42, 0x14, 0x00, 0x0C, 0x42, 0x14, 0x00, 0x0E, 0x42, 0x14,
    0x00, 0x2B, 0x42, 0x14, 0x08, 0x2A, 0x42, 0x14, 0x00, 0x0B, 0x42, 0x14, 0x00, 0x0E, 0x42, 0x14,
    0x00, 0x0E, 0x42, 0x14, 0x00, 0x0D, 0x42, 0x14, 0x00, 0x0C, 0x42, 0x14, 0x00, 0x0D, 0x42, 0x14,
    0x00, 0x0E, 0x42, 0x14, 0x00, 0x2B, 0x42, 0x14, 0x08, 0x2A, 0x42, 0x14, 0x00, 0x2B, 0x42, 0x14,
    0x00, 0x0E, 0x42, 0x14, 0x00, 0x2B, 0x42, 0x14, 0x08, 0x2A, 0x42, 0x14, 0x00, 0x0C, 0x42, 0x14,
    0x08, 0x2A, 0x42, 0x14, 0x00, 0x0D, 0x42, 0x14, 0x00, 0x0D, 0x42, 0x14, 0x00, 0x0C, 0x42, 0x14,
    0x08, 0x2A, 0x42, 0x14, 0x00, 0x2B, 0x42, 0x14, 0x00, 0x0C, 0x42, 0x14, 0x00, 0x0D, 0x42, 0x14,
    0x00, 0x0C, 0x42, 0x14, 0x08, 0x2A, 0x42, 0x14, 0x00, 0x2B, 0x42, 0x14, 0x00, 0x2B, 0x42, 0x14,
    0x08, 0x2A, 0x42, 0x14, 0x08, 0x2A, 0x42, 0x14, 0x00, 0x2B, 0x42, 0x14, 0x00, 0x0C, 0x42, 0x14,
    0x00, 0x0C, 0x42, 0x14, 0x00, 0x0C, 0x42, 0x14, 0x00, 0x0E, 0x42, 0x14, 0x00, 0x2B, 0x42, 0x14,
    0x08, 0x2A, 0x42, 0x14, 0x00, 0x0B, 0x42, 0x14, 0x00, 0x0E, 0x42, 0x14, 0x00, 0x0E, 0x42, 0x14,
    0x00, 0x0D, 0x42, 0x14, 0x00, 0x0C, 0x42, 0x14, 0x00, 0x0D, 0x42, 0x14, 0x00, 0x0E, 0x42, 0x14,
    0x00, 0x2B, 0x42, 0x14, 0x08, 0x2A, 0x42, 0x14, 0x00, 0x2B, 0x42, 0x14, 0x00, 0x0E, 0x42, 0x14,
    0x00, 0x2B, 0x42, 0x14, 0x08, 0x2A, 0x42, 0x14, 0x00, 0x0C, 0x42, 0x14, 0x08, 0x2A, 0x42, 0x14,
    0x00, 0x0D, 0x42, 0x14, 0x00, 0x0D, 0x42, 0x14, 0x00, 0x0C, 0x42, 0x14, 0x08, 0x2A, 0x42, 0x14,
    0x00, 0x2B, 0x42, 0x14, 0x00, 0x0C, 0x42, 0x14, 0x00, 0x0D, 0x42, 0x14, 0x00, 0x0C, 0x42, 0x14,
    0x08, 0x2A, 0x42, 0x14, 0x00, 0x2B, 0x42, 0x14, 0x00, 0x2B, 0x42, 0x14, 0x08, 0x2A, 0x42, 0x14,
    0x08, 0x2A, 0x42, 0x14, 0x00, 0x2B, 0x42, 0x14, 0x00, 0x0C, 0x42, 0x14, 0x00, 0x0C, 0x42, 0x14,
    0x00, 0x0C, 0x42, 0x14, 0x00, 0x0E, 0x42, 0x14, 0x00, 0x2B, 0x42, 0x14, 0x08, 0x2A, 0x42, 0x14,
    0x00, 0x0B, 0x42, 0x14, 0x00, 0x0E, 0x42, 0x14, 0x00, 0x0E, 0x42, 0x14, 0x00, 0x0D, 0x42, 0x14,
    0x00, 0x0C, 0x42, 0x14, 0x00, 0x0D, 0x42, 0x14, 0x00, 0x0E, 0x42, 0x14, 0x00, 0x2B, 0x42, 0x14,
    0x08, 0x2A, 0x42, 0x14, 0x00, 0x2B, 0x42, 0x14, 0x00, 0x0E, 0x42, 0x14, 0x00, 0x2B, 0x42, 0x14,
    0x08, 0x2A, 0x42, 0x14, 0x00, 0x0C, 0x42, 0x14, 0x08, 0x2A, 0x42, 0x14, 0x00, 0x0D, 0x42, 0x14,
    0x00, 0x0D, 0x42, 0x14, 0x00, 0x0C, 0x42, 0x14, 0x08, 0x2A, 0x42, 0x14, 0x00, 0x2B, 0x42, 0x35,
    0x00, 0x0C, 0x42, 0x35, 0x00, 0x0D, 0x63, 0x1E, 0x00, 0x0C, 0x00, 0x00, 0x08, 0x2A, 0x00, 0x00,
    0x94, 0x9F, 0x00, 0x2B, 0x62, 0xFD, 0x00, 0x0D, 0x00, 0x00, 0x00, 0x0D, 0x42, 0x35, 0x00, 0x0C,
    0x42, 0x35, 0x08, 0x2A, 0x42, 0x14, 0x00, 0x2B, 0x42, 0x14, 0x00, 0x0C, 0x42, 0x14, 0x08, 0x2A,
    0x42, 0x14, 0x08, 0x2A, 0x42, 0x14, 0x08, 0x2A, 0x42, 0x14, 0x00, 0x2B, 0x42, 0x14, 0x00, 0x0D,
    0x42, 0x14, 0x00, 0x0E, 0x42, 0x14, 0x00, 0x0C, 0x42, 0x14, 0x08, 0x2A, 0x42, 0x14, 0x00, 0x2B,
    0x42, 0x14, 0x00, 0x0D, 0x42, 0x14, 0x00, 0x0F, 0x42, 0x14, 0x00, 0x2B, 0x42, 0x14, 0x00, 0x2B,
    0x42, 0x14, 0x00, 0x0C, 0x42, 0x14, 0x00, 0x2B, 0x42, 0x14, 0x08, 0x2A, 0x42, 0x14, 0x00, 0x2B,
    0x42, 0x14, 0x00, 0x2B, 0x42, 0x14, 0x00, 0x0C, 0x42, 0x14, 0x00, 0x0C, 0x42, 0x14, 0x00, 0x0F,
    0x42, 0x14, 0x00, 0x0E, 0x42, 0x14, 0x00, 0x2B, 0x42, 0x14, 0x08, 0x2A, 0x42, 0x14, 0x00, 0x2B,
    0x42, 0x14, 0x00, 0x0C, 0x42, 0x14, 0x00, 0x0B, 0x42, 0x14, 0x00, 0x0C, 0x42, 0x14, 0x00, 0x2B,
    0x42, 0x14, 0x00, 0x0D, 0x42, 0x14, 0x00, 0x0D, 0x42, 0x14, 0x00, 0x0C, 0x42, 0x14, 0x08, 0x2A,
    0x42, 0x14, 0x00, 0x2B, 0x42, 0x14, 0x00, 0x0C, 0x42, 0x14, 0x08, 0x2A, 0x42, 0x14, 0x08, 0x2A,
    0x42, 0x14, 0x08, 0x2A, 0x42, 0x14, 0x00, 0x2B, 0x42, 0x14, 0x00, 0x0D, 0x42, 0x14, 0x00, 0x0E,
    0x42, 0x14, 0x00, 0x0C, 0x42, 0x14, 0x08, 0x2A, 0x42, 0x14, 0x00, 0x2B, 0x42, 0x14, 0x00, 0x0D,
    0x42, 0x14, 0x00, 0x0F, 0x42, 0x14, 0x00, 0x2B, 0x42, 0x14, 0x00, 0x2B, 0x42, 0x14, 0x00, 0x0C,
    0x42, 0x14, 0x00, 0x2B, 0x42, 0x14, 0x08, 0x2A, 0x42, 0x14, 0x00, 0x2B, 0x42, 0x14, 0x00, 0x2B,
    0x42, 0x14, 0x00, 0x0C, 0x42, 0x14, 0x00, 0x0C, 0x42, 0x14, 0x00, 0x0F, 0x42, 0x14, 0x00, 0x0E,
    0x42, 0x14, 0x00, 0x2B, 0x42, 0x14, 0x08, 0x2A, 0x42, 0x14, 0x00, 0x2B, 0x42, 0x14, 0x00, 0x0C,
    0x42, 0x14, 0x00, 0x0B, 0x42, 0x14, 0x00, 0x0C, 0x42, 0x14, 0x00, 0x2B, 0x42, 0x14, 0x00, 0x0D,
    0x42, 0x14, 0x00, 0x0D, 0x42, 0x14, 0x00, 0x0C, 0x42, 0x14, 0x08, 0x2A, 0x42, 0x14, 0x00, 0x2B,
    0x42, 0x14, 0x00, 0x0C, 0x42, 0x14, 0x08, 0x2A, 0x42, 0x14, 0x08, 0x2A, 0x42, 0x14, 0x08, 0x2A,
    0x42, 0x14, 0x00, 0x2B, 0x42, 0x14, 0x00, 0x0D, 0x42, 0x14, 0x00, 0x0E, 0x42, 0x14, 0x00, 0x0C,
    0x42, 0x14, 0x08, 0x2A, 0x42, 0x14, 0x00, 0x2B, 0x42, 0x14, 0x00, 0x0D, 0x42, 0x14, 0x00, 0x0F,
    0x42, 0x14, 0x00, 0x2B, 0x42, 0x14, 0x00, 0x2B, 0x42, 0x14, 0x00, 0x0C, 0x42, 0x14, 0x00, 0x2B,
    0x42, 0x14, 0x08, 0x2A, 0x42, 0x14, 0x00, 0x2B, 0x42, 0x14, 0x00, 0x2B, 0x42, 0x14, 0x00, 0x0C,
    0x42, 0x14, 0x00, 0x0C, 0x42, 0x14, 0x00, 0x0F, 0x42, 0x14, 0x00, 0x0E, 0x42, 0x14, 0x00, 0x2B,
    0x42, 0x14, 0x08, 0x2A, 0x42, 0x14, 0x00, 0x2B, 0x42, 0x14, 0x00, 0x0C, 0x42, 0x14, 0x00, 0x0B,
    0x42, 0x14, 0x00, 0x0C, 0x42, 0x14, 0x00, 0x2B, 0x42, 0x14, 0x00, 0x0D, 0x42, 0x14, 0x00, 0x0D,
    0x42, 0x14, 0x00, 0x0C, 0x42, 0x14, 0x08, 0x2A, 0x42, 0x14, 0x00, 0x2B, 0x42, 0x14, 0x00, 0x0C,
    0x42, 0x14, 0x08, 0x2A, 0x42, 0x14, 0x08, 0x2A, 0x42, 0x14, 0x08, 0x2A, 0x42, 0x14, 0x00, 0x2B,
    0x42, 0x14, 0x00, 0x0D, 0x42, 0x14, 0x00, 0x0E, 0x42, 0x14, 0x00, 0x0C, 0x42, 0x14, 0x08, 0x2A,
    0x42, 0x14, 0x00, 0x2B, 0x42, 0x14, 0x00, 0x0D, 0x42, 0x14, 0x00, 0x0F, 0x42, 0x14, 0x00, 0x2B,
    0x42, 0x14, 0x00, 0x2B, 0x42, 0x14, 0x00, 0x0C, 0x42, 0x14, 0x00, 0x2B, 0x42, 0x14, 0x08, 0x2A,
    0x42, 0x14, 0x00, 0x2B, 0x42, 0x14, 0x00, 0x2B, 0x42, 0x14, 0x00, 0x0C, 0x42, 0x14, 0x00, 0x0C,
    0x42, 0x14, 0x00, 0x0F, 0x42, 0x14, 0x00, 0x0E, 0x42, 0x14, 0x00, 0x2B, 0x42, 0x14, 0x08, 0x2A,
    0x42, 0x14, 0x00, 0x2B, 0x42, 0x14, 0x00, 0x0C, 0x42, 0x14, 0x00, 0x0B, 0x42, 0x14, 0x00, 0x0C,
    0x42, 0x14, 0x00, 0x2B, 0x42, 0x14, 0x00, 0x0D, 0x42, 0x14, 0x00, 0x0D, 0x42, 0x14, 0x00, 0x0C,
    0x42, 0x14, 0x08, 0x2A, 0x42, 0x14, 0x00, 0x2B, 0x42, 0x14, 0x00, 0x0C, 0x42, 0x14, 0x08, 0x2A,
    0x42, 0x14, 0x08, 0x2A, 0x42, 0x14, 0x08, 0x2A, 0x42, 0x14, 0x00, 0x2B, 0x42, 0x14, 0x00, 0x0D,
    0x42, 0x14, 0x00, 0x0E, 0x42, 0x14, 0x00, 0x0C, 0x42, 0x14, 0x08, 0x2A, 0x42, 0x14, 0x00, 0x2B,
    0x42, 0x35, 0x00, 0x0D, 0x42, 0x35, 0x00, 0x0F, 0x39, 0xD1, 0x00, 0x2B, 0x00, 0x00, 0x00, 0x2B,
    0x00, 0x0B, 0x63, 0x3F, 0x00, 0x2B, 0x4A, 0x77, 0x00, 0x0C, 0x42, 0x15, 0x00, 0x0D, 0x42, 0x15,
    0x00, 0x0C, 0x42, 0x15, 0x08, 0x2A, 0x41, 0xF4, 0x08, 0x2A, 0x41, 0xF4, 0x00, 0x0B, 0x41, 0xF4,
    0x08, 0x2A, 0x41, 0xF4, 0x08, 0x2A, 0x41, 0xF4, 0x00, 0x2B, 0x41, 0xF4, 0x00, 0x0C, 0x41, 0xF4,
    0x00, 0x0D, 0x41, 0xF4, 0x00, 0x0D, 0x41, 0xF4, 0x00, 0x0C, 0x41, 0xF4, 0x08, 0x2A, 0x41, 0xF4,
    0x08, 0x2A, 0x41, 0xF4, 0x00, 0x0F, 0x41, 0xF4, 0x00, 0x0E, 0x41, 0xF4, 0x08, 0x2A, 0x41, 0xF4,
    0x00, 0x2B, 0x41, 0xF4, 0x00, 0x0C, 0x41, 0xF4, 0x00, 0x2B, 0x41, 0xF4, 0x08, 0x2A, 0x41, 0xF4,
    0x00, 0x0C, 0x41, 0xF4, 0x08, 0x2A, 0x41, 0xF4, 0x00, 0x0B, 0x41, 0xF4, 0x00, 0x0D, 0x41, 0xF4,
    0x00, 0x0F, 0x41, 0xF4, 0x00, 0x0C, 0x41, 0xF4, 0x08, 0x2A, 0x41, 0xF4, 0x08, 0x2A, 0x41, 0xF4,
    0x00, 0x2B, 0x41, 0xF4, 0x08, 0x2A, 0x41, 0xF4, 0x00, 0x2B, 0x41, 0xF4, 0x00, 0x0B, 0x41, 0xF4,
    0x00, 0x2B, 0x41, 0xF4, 0x00, 0x0C, 0x41, 0xF4, 0x00, 0x0D, 0x41, 0xF4, 0x00, 0x0C, 0x41, 0xF4,
    0x08, 0x2A, 0x41, 0xF4, 0x08, 0x2A, 0x41, 0xF4, 0x00, 0x0B, 0x41, 0xF4, 0x08, 0x2A, 0x41, 0xF4,
    0x08, 0x2A, 0x41, 0xF4, 0x00, 0x2B, 0x41, 0xF4, 0x00, 0x0C, 0x41, 0xF4, 0x00, 0x0D, 0x41, 0xF4,
    0x00, 0x0D, 0x41, 0xF4, 0x00, 0x0C, 0x41, 0xF4, 0x08, 0x2A, 0x41, 0xF4, 0x08, 0x2A, 0x41, 0xF4,
    0x00, 0x0F, 0x41, 0xF4, 0x00, 0x0E, 0x41, 0xF4, 0x08, 0x2A, 0x41, 0xF4, 0x00, 0x2B, 0x41, 0xF4,
    0x00, 0x0C, 0x41, 0xF4, 0x00, 0x2B, 0x41, 0xF4, 0x08, 0x2A, 0x41, 0xF4, 0x00, 0x0C, 0x41, 0xF4,
    0x08, 0x2A, 0x41, 0xF4, 0x00, 0x0B, 0x41, 0xF4, 0x00, 0x0D, 0x41, 0xF4, 0x00, 0x0F, 0x41, 0xF4,
    0x00, 0x0C, 0x41, 0xF4, 0x08, 0x2A, 0x41, 0xF4, 0x08, 0x2A, 0x41, 0xF4, 0x00, 0x2B, 0x41, 0xF4,
    0x08, 0x2A, 0x41, 0xF4, 0x00, 0x2B, 0x41, 0xF4, 0x00, 0x0B, 0x41, 0xF4, 0x00, 0x2B, 0x41, 0xF4,
    0x00, 0x0C, 0x41, 0xF4, 0x00, 0x0D, 0x41, 0xF4, 0x00, 0x0C, 0x41, 0xF4, 0x08, 0x2A, 0x41, 0xF4,
    0x08, 0x2A, 0x41, 0xF4, 0x00, 0x0B, 0x41, 0xF4, 0x08, 0x2A, 0x41, 0xF4, 0x08, 0x2A, 0x41, 0xF4,
    0x00, 0x2B, 0x41, 0xF4, 0x00, 0x0C, 0x41, 0xF4, 0x00, 0x0D, 0x41, 0xF4, 0x00, 0x0D, 0x41, 0xF4,
    0x00, 0x0C, 0x41, 0xF4, 0x08, 0x2A, 0x41, 0xF4, 0x08, 0x2A, 0x41, 0xF4, 0x00, 0x0F, 0x41, 0xF4,
    0x00, 0x0E, 0x41, 0xF4, 0x08, 0x2A, 0x41, 0xF4, 0x00, 0x2B, 0x41, 0xF4, 0x00, 0x0C, 0x41, 0xF4,
    0x00, 0x2B, 0x41, 0xF4, 0x08, 0x2A, 0x41, 0xF4, 0x00, 0x0C, 0x41, 0xF4, 0x08, 0x2A, 0x41, 0xF4,
    0x00, 0x0B, 0x41, 0xF4, 0x00, 0x0D, 0x41, 0xF4, 0x00, 0x0F, 0x41, 0xF4, 0x00, 0x0C, 0x41, 0xF4,
    0x08, 0x2A, 0x41, 0xF4, 0x08, 0x2A, 0x41, 0xF4, 0x00, 0x2B, 0x41, 0xF4, 0x08, 0x2A, 0x41, 0xF4,
    0x00, 0x2B, 0x41, 0xF4, 0x00, 0x0B, 0x41, 0xF4, 0x00, 0x2B, 0x41, 0xF4, 0x00, 0x0C, 0x41, 0xF4,
    0x00, 0x0D, 0x41, 0xF4, 0x00, 0x0C, 0x41, 0xF4, 0x08, 0x2A, 0x41, 0xF4, 0x08, 0x2A, 0x41, 0xF4,
    0x00, 0x0B, 0x41, 0xF4, 0x08, 0x2A, 0x41, 0xF4, 0x08, 0x2A, 0x41, 0xF4, 0x00, 0x2B, 0x41, 0xF4,
    0x00, 0x0C, 0x41, 0xF4, 0x00, 0x0D, 0x41, 0xF4, 0x00, 0x0D, 0x41, 0xF4, 0x00, 0x0C, 0x41, 0xF4,
    0x08, 0x2A, 0x41, 0xF4, 0x08, 0x2A, 0x41, 0xF4, 0x00, 0x0F, 0x41, 0xF4, 0x00, 0x0E, 0x41, 0xF4,
    0x08, 0x2A, 0x41, 0xF4, 0x00, 0x2B, 0x41, 0xF4, 0x00, 0x0C, 0x41, 0xF4, 0x00, 0x2B, 0x41, 0xF4,
    0x08, 0x2A, 0x41, 0xF4, 0x00, 0x0C, 0x41, 0xF4, 0x08, 0x2A, 0x41, 0xF4, 0x00, 0x0B, 0x41, 0xF4,
    0x00, 0x0D, 0x41, 0xF4, 0x00, 0x0F, 0x41, 0xF4, 0x00, 0x0C, 0x41, 0xF4, 0x08, 0x2A, 0x41, 0xF4,
    0x08, 0x2A, 0x41, 0xF4, 0x00, 0x2B, 0x41, 0xF4, 0x08, 0x2A, 0x41, 0xF4, 0x00, 0x2B, 0x41, 0xF4,
    0x00, 0x0B, 0x41, 0xF4, 0x00, 0x2B, 0x41, 0xF4, 0x00, 0x0C, 0x41, 0xF4, 0x00, 0x0D, 0x41, 0xF4,
    0x00, 0x0C, 0x41, 0xF4, 0x08, 0x2A, 0x41, 0xF4, 0x08, 0x2A, 0x41, 0xF4, 0x00, 0x0B, 0x41, 0xF4,
    0x08, 0x2A, 0x41, 0xF4, 0x08, 0x2A, 0x41, 0xF4, 0x00, 0x2B, 0x41, 0xF4, 0x00, 0x0C, 0x41, 0xF4,
    0x00, 0x0D, 0x41, 0xF4, 0x00, 0x0D, 0x41, 0xF4, 0x00, 0x0C, 0x41, 0xF4, 0x08, 0x2A, 0x42, 0x15,
    0x08, 0x2A, 0x42, 0x15, 0x00, 0x0F, 0x63, 0x1E, 0x00, 0x0E, 0x00, 0x00, 0x08, 0x2A, 0x00, 0x00,
    0x94, 0x7F, 0x00, 0x0C, 0x5A, 0xFD, 0x00, 0x2B, 0x00, 0x00, 0x00, 0x2B, 0x42, 0x14, 0x00, 0x0E,
    0x42, 0x14, 0x00, 0x2B, 0x41, 0xF4, 0x08, 0x2A, 0x41, 0xF4, 0x08, 0x2A, 0x41, 0xF4, 0x00, 0x2B,
    0x41, 0xF4, 0x08, 0x2A, 0x41, 0xF4, 0x08, 0x2A, 0x41, 0xF4, 0x00, 0x0C, 0x41, 0xF4, 0x00, 0x2B,
    0x41, 0xF4, 0x00, 0x0C, 0x41, 0xF4, 0x00, 0x0D, 0x41, 0xF4, 0x00, 0x0C, 0x41, 0xF4, 0x08, 0x2A,
    0x41, 0xF4, 0x00, 0x2B, 0x41, 0xF4, 0x00, 0x0D, 0x41, 0xF4, 0x00, 0x0C, 0x41, 0xF4, 0x08, 0x2A,
    0x41, 0xF4, 0x00, 0x2B, 0x41, 0xF4, 0x00, 0x0C, 0x41, 0xF4, 0x00, 0x2B, 0x41, 0xF4, 0x00, 0x2B,
    0x41, 0xF4, 0x00, 0x2B, 0x41, 0xF4, 0x08, 0x2A, 0x41, 0xF4, 0x00, 0x2B, 0x41, 0xF4, 0x00, 0x0D,
    0x41, 0xF4, 0x00, 0x2B, 0x41, 0xF4, 0x08, 0x2A, 0x41, 0xF4, 0x08, 0x2A, 0x41, 0xF4, 0x08, 0x2A,
    0x41, 0xF4, 0x00, 0x2B, 0x41, 0xF4, 0x08, 0x2A, 0x41, 0xF4, 0x00, 0x2A, 0x41, 0xF4, 0x00, 0x0C,
    0x41, 0xF4, 0x00, 0x2B, 0x41, 0xF4, 0x00, 0x2B, 0x41, 0xF4, 0x00, 0x0E, 0x41, 0xF4, 0x00, 0x2B,
    0x41, 0xF4, 0x08, 0x2A, 0x41, 0xF4, 0x08, 0x2A, 0x41, 0xF4, 0x00, 0x2B, 0x41, 0xF4, 0x08, 0x2A,
    0x41, 0xF4, 0x08, 0x2A, 0x41, 0xF4, 0x00, 0x0C, 0x41, 0xF4, 0x00, 0x2B, 0x41, 0xF4, 0x00, 0x0C,
    0x41, 0xF4, 0x00, 0x0D, 0x41, 0xF4, 0x00, 0x0C, 0x41, 0xF4, 0x08, 0x2A, 0x41, 0xF4, 0x00, 0x2B,
    0x41, 0xF4, 0x00, 0x0D, 0x41, 0xF4, 0x00, 0x0C, 0x41, 0xF4, 0x08, 0x2A, 0x41, 0xF4, 0x00, 0x2B,
    0x41, 0xF4, 0x00, 0x0C, 0x41, 0xF4, 0x00, 0x2B, 0x41, 0xF4, 0x00, 0x2B, 0x41, 0xF4, 0x00, 0x2B,
    0x41, 0xF4, 0x08, 0x2A, 0x41, 0xF4, 0x00, 0x2B, 0x41, 0xF4, 0x00, 0x0D, 0x41, 0xF4, 0x00, 0x2B,
    0x41, 0xF4, 0x08, 0x2A, 0x41, 0xF4, 0x08, 0x2A, 0x41, 0xF4, 0x08, 0x2A, 0x41, 0xF4, 0x00, 0x2B,
    0x41, 0xF4, 0x08, 0x2A, 0x41, 0xF4, 0x00, 0x2A, 0x41, 0xF4, 0x00, 0x0C, 0x41, 0xF4, 0x00, 0x2B,
    0x41, 0xF4, 0x00, 0x2B, 0x41, 0xF4, 0x00, 0x0E, 0x41, 0xF4, 0x00, 0x2B, 0x41, 0xF4, 0x08, 0x2A,
    0x41, 0xF4, 0x08, 0x2A, 0x41, 0xF4, 0x00, 0x2B, 0x41, 0xF4, 0x08, 0x2A, 0x41, 0xF4, 0x08, 0x2A,
    0x41, 0xF4, 0x00, 0x0C, 0x41, 0xF4, 0x00, 0x2B, 0x41, 0xF4, 0x00, 0x0C, 0x41, 0xF4, 0x00, 0x0D,
    0x41, 0xF4, 0x00, 0x0C, 0x41, 0xF4, 0x08, 0x2A, 0x41, 0xF4, 0x00, 0x2B, 0x41, 0xF4, 0x00, 0x0D,
    0x41, 0xF4, 0x00, 0x0C, 0x41, 0xF4, 0x08, 0x2A, 0x41, 0xF4, 0x00, 0x2B, 0x41, 0xF4, 0x00, 0x0C,
    0x41, 0xF4, 0x00, 0x2B, 0x41, 0xF4, 0x00, 0x2B, 0x41, 0xF4, 0x00, 0x2B, 0x41, 0xF4, 0x08, 0x2A,
    0x41, 0xF4, 0x00, 0x2B, 0x41, 0xF4, 0x00, 0x0D, 0x41, 0xF4, 0x00, 0x2B, 0x41, 0xF4, 0x08, 0x2A,
    0x41, 0xF4, 0x08, 0x2A, 0x41, 0xF4, 0x08, 0x2A, 0x41, 0xF4, 0x00, 0x2B, 0x41, 0xF4, 0x08, 0x2A,
    0x41, 0xF4, 0x00, 0x2A, 0x41, 0xF4, 0x00, 0x0C, 0x41, 0xF4, 0x00, 0x2B, 0x41, 0xF4, 0x00, 0x2B,
    0x41, 0xF4, 0x00, 0x0E, 0x41, 0xF4, 0x00, 0x2B, 0x41, 0xF4, 0x08, 0x2A, 0x41, 0xF4, 0x08, 0x2A,
    0x41, 0xF4, 0x00, 0x2B, 0x41, 0xF4, 0x08, 0x2A, 0x41, 0xF4, 0x08, 0x2A, 0x41, 0xF4, 0x00, 0x0C,
    0x41, 0xF4, 0x00, 0x2B, 0x41, 0xF4, 0x00, 0x0C, 0x41, 0xF4, 0x00, 0x0D, 0x41, 0xF4, 0x00, 0x0C,
    0x41, 0xF4, 0x08, 0x2A, 0x41, 0xF4, 0x00, 0x2B, 0x41, 0xF4, 0x00, 0x0D, 0x41, 0xF4, 0x00, 0x0C,
    0x41, 0xF4, 0x08, 0x2A, 0x41, 0xF4, 0x00, 0x2B, 0x41, 0xF4, 0x00, 0x0C, 0x41, 0xF4, 0x00, 0x2B,
    0x41, 0xF4, 0x00, 0x2B, 0x41, 0xF4, 0x00, 0x2B, 0x41, 0xF4, 0x08, 0x2A, 0x41, 0xF4, 0x00, 0x2B,
    0x41, 0xF4, 0x00, 0x0D, 0x41, 0xF4, 0x00, 0x2B, 0x41, 0xF4, 0x08, 0x2A, 0x41, 0xF4, 0x08, 0x2A,
    0x41, 0xF4, 0x08, 0x2A, 0x41, 0xF4, 0x00, 0x2B, 0x41, 0xF4, 0x08, 0x2A, 0x41, 0xF4, 0x00, 0x2A,
    0x41, 0xF4, 0x00, 0x0C, 0x41, 0xF4, 0x00, 0x2B, 0x41, 0xF4, 0x00, 0x2B, 0x41, 0xF4, 0x00, 0x0E,
    0x41, 0xF4, 0x00, 0x2B, 0x41, 0xF4, 0x08, 0x2A, 0x41, 0xF4, 0x08, 0x2A, 0x41, 0xF4, 0x00, 0x2B,
    0x41, 0xF4, 0x08, 0x2A, 0x41, 0xF4, 0x08, 0x2A, 0x41, 0xF4, 0x00, 0x0C, 0x41, 0xF4, 0x00, 0x2B,
    0x41, 0xF4, 0x00, 0x0C, 0x41, 0xF4, 0x00, 0x0D, 0x41, 0xF4, 0x00, 0x0C, 0x41, 0xF4, 0x08, 0x2A,
    0x42, 0x14, 0x00, 0x2B, 0x42, 0x14, 0x00, 0x0D, 0x39, 0xB1, 0x00, 0x0C, 0x00, 0x00, 0x08, 0x2A,
    0x00, 0x2B, 0x63, 0x1F, 0x00, 0x0C, 0x4A, 0x57, 0x00, 0x0C, 0x42, 0x14, 0x00, 0x0C, 0x42, 0x14,
    0x00, 0x0D, 0x42, 0x14, 0x00, 0x2A, 0x41, 0xF4, 0x08, 0x2A, 0x41, 0xF4, 0x08, 0x2A, 0x41, 0xF4,
    0x08, 0x2A, 0x41, 0xF4, 0x08, 0x2A, 0x41, 0xF4, 0x00, 0x2B, 0x41, 0xF4, 0x00, 0x2B, 0x41, 0xF4,
    0x08, 0x2A, 0x41, 0xF4, 0x00, 0x0C, 0x41, 0xF4, 0x00, 0x0D, 0x41, 0xF4, 0x00, 0x0C, 0x41, 0xF4,
    0x08, 0x2A, 0x41, 0xF4, 0x08, 0x2A, 0x41, 0xF4, 0x00, 0x0C, 0x41, 0xF4, 0x00, 0x2B, 0x41, 0xF4,
    0x08, 0x2A, 0x41, 0xF4, 0x00, 0x2B, 0x41, 0xF4, 0x00, 0x0C, 0x41, 0xF4, 0x08, 0x2A, 0x41, 0xF4,
    0x08, 0x2A, 0x41, 0xF4, 0x08, 0x2A, 0x41, 0xF4, 0x08, 0x2A, 0x41, 0xF4, 0x08, 0x2A, 0x41, 0xF4,
    0x08, 0x2A, 0x41, 0xF4, 0x08, 0x2A, 0x41, 0xF4, 0x08, 0x2A, 0x41, 0xF4, 0x08, 0x2A, 0x41, 0xF4,
    0x00, 0x0B, 0x41, 0xF4, 0x00, 0x0C, 0x41, 0xF4, 0x08, 0x2A, 0x41, 0xF4, 0x00, 0x2B, 0x41, 0xF4,
    0x00, 0x0C, 0x41, 0xF4, 0x00, 0x0C, 0x41, 0xF4, 0x00, 0x0C, 0x41, 0xF4, 0x00, 0x0D, 0x41, 0xF4,
    0x00, 0x2A, 0x41, 0xF4, 0x08, 0x2A, 0x41, 0xF4, 0x08, 0x2A, 0x41, 0xF4, 0x08, 0x2A, 0x41, 0xF4,
    0x08, 0x2A, 0x41, 0xF4, 0x00, 0x2B, 0x41, 0xF4, 0x00, 0x2B, 0x41, 0xF4, 0x08, 0x2A, 0x41, 0xF4,
    0x00, 0x0C, 0x41, 0xF4, 0x00, 0x0D, 0x41, 0xF4, 0x00, 0x0C, 0x41, 0xF4, 0x08, 0x2A, 0x41, 0xF4,
    0x08, 0x2A, 0x41, 0xF4, 0x00, 0x0C, 0x41, 0xF4, 0x00, 0x2B, 0x41, 0xF4, 0x08, 0x2A, 0x41, 0xF4,
    0x00, 0x2B, 0x41, 0xF4, 0x00, 0x0C, 0x41, 0xF4, 0x08, 0x2A, 0x41, 0xF4, 0x08, 0x2A, 0x41, 0xF4,
    0x08, 0x2A, 0x41, 0xF4, 0x08, 0x2A, 0x41, 0xF4, 0x08, 0x2A, 0x41, 0xF4, 0x08, 0x2A, 0x41, 0xF4,
    0x08, 0x2A, 0x41, 0xF4, 0x08, 0x2A, 0x41, 0xF4, 0x08, 0x2A, 0x41, 0xF4, 0x00, 0x0B, 0x41, 0xF4,
    0x00, 0x0C, 0x41, 0xF4, 0x08, 0x2A, 0x41, 0xF4, 0x00, 0x2B, 0x41, 0xF4, 0x00, 0x0C, 0x41, 0xF4,
    0x00, 0x0C, 0x41, 0xF4, 0x00, 0x0C, 0x41, 0xF4, 0x00, 0x0D, 0x41, 0xF4, 0x00, 0x2A, 0x41, 0xF4,
    0x08, 0x2A, 0x41, 0xF4, 0x08, 0x2A, 0x41, 0xF4, 0x08, 0x2A, 0x41, 0xF4, 0x08, 0x2A, 0x41, 0xF4,
    0x00, 0x2B, 0x41, 0xF4, 0x00, 0x2B, 0x41, 0xF4, 0x08, 0x2A, 0x41, 0xF4, 0x00, 0x0C, 0x41, 0xF4,
    0x00, 0x0D, 0x41, 0xF4, 0x00, 0x0C, 0x41, 0xF4, 0x08, 0x2A, 0x41, 0xF4, 0x08, 0x2A, 0x41, 0xF4,
    0x00, 0x0C, 0x41, 0xF4, 0x00, 0x2B, 0x41, 0xF4, 0x08, 0x2A, 0x41, 0xF4, 0x00, 0x2B, 0x41, 0xF4,
    0x00, 0x0C, 0x41, 0xF4, 0x08, 0x2A, 0x41, 0xF4, 0x08, 0x2A, 0x41, 0xF4, 0x08, 0x2A, 0x41, 0xF4,
    0x08, 0x2A, 0x41, 0xF4, 0x08, 0x2A, 0x41, 0xF4, 0x08, 0x2A, 0x41, 0xF4, 0x08, 0x2A, 0x41, 0xF4,
    0x08, 0x2A, 0x41, 0xF4, 0x08, 0x2A, 0x41, 0xF4, 0x00, 0x0B, 0x41, 0xF4, 0x00, 0x0C, 0x41, 0xF4,
    0x08, 0x2A, 0x41, 0xF4, 0x00, 0x2B, 0x41, 0xF4, 0x00, 0x0C, 0x41, 0xF4, 0x00, 0x0C, 0x41, 0xF4,
    0x00, 0x0C, 0x41, 0xF4, 0x00, 0x0D, 0x41, 0xF4, 0x00, 0x2A, 0x41, 0xF4, 0x08, 0x2A, 0x41, 0xF4,
    0x08, 0x2A, 0x41, 0xF4, 0x08, 0x2A, 0x41, 0xF4, 0x08, 0x2A, 0x41, 0xF4, 0x00, 0x2B, 0x41, 0xF4,
    0x00, 0x2B, 0x41, 0xF4, 0x08, 0x2A, 0x41, 0xF4, 0x00, 0x0C, 0x41, 0xF4, 0x00, 0x0D, 0x41, 0xF4,
    0x00, 0x0C, 0x41, 0xF4, 0x08, 0x2A, 0x41, 0xF4, 0x08, 0x2A, 0x41, 0xF4, 0x00, 0x0C, 0x41, 0xF4,
    0x00, 0x2B, 0x41, 0xF4, 0x08, 0x2A, 0x41, 0xF4, 0x00, 0x2B, 0x41, 0xF4, 0x00, 0x0C, 0x41, 0xF4,
    0x08, 0x2A, 0x41, 0xF4, 0x08, 0x2A, 0x41, 0xF4, 0x08, 0x2A, 0x41, 0xF4, 0x08, 0x2A, 0x41, 0xF4,
    0x08, 0x2A, 0x41, 0xF4, 0x08, 0x2A, 0x41, 0xF4, 0x08, 0x2A, 0x41, 0xF4, 0x08, 0x2A, 0x41, 0xF4,
    0x08, 0x2A, 0x41, 0xF4, 0x00, 0x0B, 0x41, 0xF4, 0x00, 0x0C, 0x41, 0xF4, 0x08, 0x2A, 0x41, 0xF4,
    0x00, 0x2B, 0x41, 0xF4, 0x00, 0x0C, 0x41, 0xF4, 0x00, 0x0C, 0x41, 0xF4, 0x00, 0x0C, 0x41, 0xF4,
    0x00, 0x0D, 0x41, 0xF4, 0x00, 0x2A, 0x41, 0xF4, 0x08, 0x2A, 0x41, 0xF4, 0x08, 0x2A, 0x41, 0xF4,
    0x08, 0x2A, 0x41, 0xF4, 0x08, 0x2A, 0x41, 0xF4, 0x00, 0x2B, 0x41, 0xF4, 0x00, 0x2B, 0x41, 0xF4,
    0x08, 0x2A, 0x41, 0xF4, 0x00, 0x0C, 0x41, 0xF4, 0x00, 0x0D, 0x41, 0xF4, 0x00, 0x0C, 0x42, 0x14,
    0x08, 0x2A, 0x42, 0x14, 0x08, 0x2A, 0x62, 0xFD, 0x00, 0x0C, 0x00, 0x00, 0x00, 0x2B, 0x00, 0x00,
    0x8C, 0x3F, 0x00, 0x0B, 0x5A, 0xDC, 0x00, 0x0C, 0x00, 0x00, 0x00, 0x0C, 0x41, 0xF4, 0x00, 0x0C,
    0x41, 0xF4, 0x00, 0x0C, 0x39, 0xF3, 0x00, 0x2B, 0x39, 0xF3, 0x08, 0x2A, 0x39, 0xF3, 0x08, 0x2A,
    0x39, 0xF3, 0x08, 0x2A, 0x39, 0xF3, 0x08, 0x2A, 0x39, 0xF3, 0x08, 0x2A, 0x39, 0xF3, 0x08, 0x2A,
    0x39, 0xF3, 0x08, 0x2A, 0x39, 0xF3, 0x00, 0x0C, 0x39, 0xF3, 0x00, 0x0D, 0x39, 0xF3, 0x00, 0x2B,
    0x39, 0xF3, 0x00, 0x2B, 0x39, 0xF3, 0x08, 0x2A, 0x39, 0xF3, 0x00, 0x0D, 0x39, 0xF3, 0x00, 0x2B,
    0x39, 0xF3, 0x08, 0x2A, 0x39, 0xF3, 0x00, 0x2B, 0x39, 0xF3, 0x00, 0x0D, 0x39, 0xF3, 0x08, 0x2A,
    0x39, 0xF3, 0x08, 0x2A, 0x39, 0xF3, 0x08, 0x2A, 0x39, 0xF3, 0x08, 0x2A, 0x39, 0xF3, 0x08, 0x2A,
    0x39, 0xF3, 0x08, 0x2A, 0x39, 0xF3, 0x08, 0x2A, 0x39, 0xF3, 0x00, 0x2B, 0x39, 0xF3, 0x08, 0x2A,
    0x39, 0xF3, 0x00, 0x0D, 0x39, 0xF3, 0x00, 0x0C, 0x39, 0xF3, 0x08, 0x2A, 0x39, 0xF3, 0x00, 0x0B,
    0x39, 0xF3, 0x00, 0x0C, 0x39, 0xF3, 0x00, 0x0C, 0x39, 0xF3, 0x00, 0x0C, 0x39, 0xF3, 0x00, 0x0C,
    0x39, 0xF3, 0x00, 0x2B, 0x39, 0xF3, 0x08, 0x2A, 0x39, 0xF3, 0x08, 0x2A, 0x39, 0xF3, 0x08, 0x2A,
    0x39, 0xF3, 0x08, 0x2A, 0x39, 0xF3, 0x08, 0x2A, 0x39, 0xF3, 0x08, 0x2A, 0x39, 0xF3, 0x08, 0x2A,
    0x39, 0xF3, 0x00, 0x0C, 0x39, 0xF3, 0x00, 0x0D, 0x39, 0xF3, 0x00, 0x2B, 0x39, 0xF3, 0x00, 0x2B,
    0x39, 0xF3, 0x08, 0x2A, 0x39, 0xF3, 0x00, 0x0D, 0x39, 0xF3, 0x00, 0x2B, 0x39, 0xF3, 0x08, 0x2A,
    0x39, 0xF3, 0x00, 0x2B, 0x39, 0xF3, 0x00, 0x0D, 0x39, 0xF3, 0x08, 0x2A, 0x39, 0xF3, 0x08, 0x2A,
    0x39, 0xF3, 0x08, 0x2A, 0x39, 0xF3, 0x08, 0x2A, 0x39, 0xF3, 0x08, 0x2A, 0x39, 0xF3, 0x08, 0x2A,
    0x39, 0xF3, 0x08, 0x2A, 0x39, 0xF3, 0x00, 0x2B, 0x39, 0xF3, 0x08, 0x2A, 0x39, 0xF3, 0x00, 0x0D,
    0x39, 0xF3, 0x00, 0x0C, 0x39, 0xF3, 0x08, 0x2A, 0x39, 0xF3, 0x00, 0x0B, 0x39, 0xF3, 0x00, 0x0C,
    0x39, 0xF3, 0x00, 0x0C, 0x39, 0xF3, 0x00, 0x0C, 0x39, 0xF3, 0x00, 0x0C, 0x39, 0xF3, 0x00, 0x2B,
    0x39, 0xF3, 0x08, 0x2A, 0x39, 0xF3, 0x08, 0x2A, 0x39, 0xF3, 0x08, 0x2A, 0x39, 0xF3, 0x08, 0x2A,
    0x39, 0xF3, 0x08, 0x2A, 0x39, 0xF3, 0x08, 0x2A, 0x39, 0xF3, 0x08, 0x2A, 0x39, 0xF3, 0x00, 0x0C,
    0x39, 0xF3, 0x00, 0x0D, 0x39, 0xF3, 0x00, 0x2B, 0x39, 0xF3, 0x00, 0x2B, 0x39, 0xF3, 0x08, 0x2A,
    0x39, 0xF3, 0x00, 0x0D, 0x39, 0xF3, 0x00, 0x2B, 0x39, 0xF3, 0x08, 0x2A, 0x39, 0xF3, 0x00, 0x2B,
    0x39, 0xF3, 0x00, 0x0D, 0x39, 0xF3, 0x08, 0x2A, 0x39, 0xF3, 0x08, 0x2A, 0x39, 0xF3, 0x08, 0x2A,
    0x39, 0xF3, 0x08, 0x2A, 0x39, 0xF3, 0x08, 0x2A, 0x39, 0xF3, 0x08, 0x2A, 0x39, 0xF3, 0x08, 0x2A,
    0x39, 0xF3, 0x00, 0x2B, 0x39, 0xF3, 0x08, 0x2A, 0x39, 0xF3, 0x00, 0x0D, 0x39, 0xF3, 0x00, 0x0C,
    0x39, 0xF3, 0x08, 0x2A, 0x39, 0xF3, 0x00, 0x0B, 0x39, 0xF3, 0x00, 0x0C, 0x39, 0xF3, 0x00, 0x0C,
    0x39, 0xF3, 0x00, 0x0C, 0x39, 0xF3, 0x00, 0x0C, 0x39, 0xF3, 0x00, 0x2B, 0x39, 0xF3, 0x08, 0x2A,
    0x39, 0xF3, 0x08, 0x2A, 0x39, 0xF3, 0x08, 0x2A, 0x39, 0xF3, 0x08, 0x2A, 0x39, 0xF3, 0x08, 0x2A,
    0x39, 0xF3, 0x08, 0x2A, 0x39, 0xF3, 0x08, 0x2A, 0x39, 0xF3, 0x00, 0x0C, 0x39, 0xF3, 0x00, 0x0D,
    0x39, 0xF3, 0x00, 0x2B, 0x39, 0xF3, 0x00, 0x2B, 0x39, 0xF3, 0x08, 0x2A, 0x39, 0xF3, 0x00, 0x0D,
    0x39, 0xF3, 0x00, 0x2B, 0x39, 0xF3, 0x08, 0x2A, 0x39, 0xF3, 0x00, 0x2B, 0x39, 0xF3, 0x00, 0x0D,
    0x39, 0xF3, 0x08, 0x2A, 0x39, 0xF3, 0x08, 0x2A, 0x39, 0xF3, 0x08, 0x2A, 0x39, 0xF3, 0x08, 0x2A,
    0x39, 0xF3, 0x08, 0x2A, 0x39, 0xF3, 0x08, 0x2A, 0x39, 0xF3, 0x08, 0x2A, 0x39, 0xF3, 0x00, 0x2B,
    0x39, 0xF3, 0x08, 0x2A, 0x39, 0xF3, 0x00, 0x0D, 0x39, 0xF3, 0x00, 0x0C, 0x39, 0xF3, 0x08, 0x2A,
    0x39, 0xF3, 0x00, 0x0B, 0x39, 0xF3, 0x00, 0x0C, 0x39, 0xF3, 0x00, 0x0C, 0x39, 0xF3, 0x00, 0x0C,
    0x39, 0xF3, 0x00, 0x0C, 0x39, 0xF3, 0x00, 0x2B, 0x39, 0xF3, 0x08, 0x2A, 0x39, 0xF3, 0x08, 0x2A,
    0x39, 0xF3, 0x08, 0x2A, 0x39, 0xF3, 0x08, 0x2A, 0x39, 0xF3, 0x08, 0x2A, 0x39, 0xF3, 0x08, 0x2A,
    0x39, 0xF3, 0x08, 0x2A, 0x39, 0xF3, 0x00, 0x0C, 0x39, 0xF3, 0x00, 0x0D, 0x39, 0xF3, 0x00, 0x2B,
    0x41, 0xF4, 0x00, 0x2B, 0x41, 0xF4, 0x08, 0x2A, 0x31, 0xB1, 0x00, 0x0D, 0x00, 0x00, 0x00, 0x2B,
    0x00, 0x2B, 0x62, 0xFE, 0x00, 0x0B, 0x4A, 0x37, 0x00, 0x2B, 0x41, 0xF4, 0x00, 0x2B, 0x41, 0xF4,
    0x00, 0x0C, 0x41, 0xF4, 0x00, 0x0C, 0x39, 0xD3, 0x00, 0x2B, 0x39, 0xD3, 0x00, 0x0C, 0x39, 0xD3,
    0x00, 0x0C, 0x39, 0xD3, 0x00, 0x2A, 0x39, 0xD3, 0x08, 0x2A, 0x39, 0xD3, 0x00, 0x2B, 0x39, 0xD3,
    0x08, 0x2A, 0x39, 0xD3, 0x08, 0x2A, 0x39, 0xD3, 0x00, 0x0C, 0x39, 0xD3, 0x00, 0x2B, 0x39, 0xD3,
    0x00, 0x2B, 0x39, 0xD3, 0x00, 0x2B, 0x39, 0xD3, 0x00, 0x2B, 0x39, 0xD3, 0x00, 0x0E, 0x39, 0xD3,
    0x00, 0x2B, 0x39, 0xD3, 0x08, 0x2A, 0x39, 0xD3, 0x00, 0x0D, 0x39, 0xD3, 0x00, 0x0D, 0x39, 0xD3,
    0x00, 0x2B, 0x39, 0xD3, 0x08, 0x2A, 0x39, 0xD3, 0x08, 0x2A, 0x39, 0xD3, 0x00, 0x2B, 0x39, 0xD3,
    0x00, 0x2B, 0x39, 0xD3, 0x08, 0x2A, 0x39, 0xD3, 0x00, 0x0C, 0x39, 0xD3, 0x08, 0x2A, 0x39, 0xD3,
    0x00, 0x2B, 0x39, 0xD3, 0x00, 0x0D, 0x39, 0xD3, 0x00, 0x0C, 0x39, 0xD3, 0x00, 0x2B, 0x39, 0xD3,
    0x00, 0x0B, 0x39, 0xD3, 0x00, 0x2B, 0x39, 0xD3, 0x00, 0x2B, 0x39, 0xD3, 0x00, 0x0C, 0x39, 0xD3,
    0x00, 0x0C, 0x39, 0xD3, 0x00, 0x2B, 0x39, 0xD3, 0x00, 0x0C, 0x39, 0xD3, 0x00, 0x0C, 0x39, 0xD3,
    0x00, 0x2A, 0x39, 0xD3, 0x08, 0x2A, 0x39, 0xD3, 0x00, 0x2B, 0x39, 0xD3, 0x08, 0x2A, 0x39, 0xD3,
    0x08, 0x2A, 0x39, 0xD3, 0x00, 0x0C, 0x39, 0xD3, 0x00, 0x2B, 0x39, 0xD3, 0x00, 0x2B, 0x39, 0xD3,
    0x00, 0x2B, 0x39, 0xD3, 0x00, 0x2B, 0x39, 0xD3, 0x00, 0x0E, 0x39, 0xD3, 0x00, 0x2B, 0x39, 0xD3,
    0x08, 0x2A, 0x39, 0xD3, 0x00, 0x0D, 0x39, 0xD3, 0x00, 0x0D, 0x39, 0xD3, 0x00, 0x2B, 0x39, 0xD3,
    0x08, 0x2A, 0x39, 0xD3, 0x08, 0x2A, 0x39, 0xD3, 0x00, 0x2B, 0x39, 0xD3, 0x00, 0x2B, 0x39, 0xD3,
    0x08, 0x2A, 0x39, 0xD3, 0x00, 0x0C, 0x39, 0xD3, 0x08, 0x2A, 0x39, 0xD3, 0x00, 0x2B, 0x39, 0xD3,
    0x00, 0x0D, 0x39, 0xD3, 0x00, 0x0C, 0x39, 0xD3, 0x00, 0x2B, 0x39, 0xD3, 0x00, 0x0B, 0x39, 0xD3,
    0x00, 0x2B, 0x39, 0xD3, 0x00, 0x2B, 0x39, 0xD3, 0x00, 0x0C, 0x39, 0xD3, 0x00, 0x0C, 0x39, 0xD3,
    0x00, 0x2B, 0x39, 0xD3, 0x00, 0x0C, 0x39, 0xD3, 0x00, 0x0C, 0x39, 0xD3, 0x00, 0x2A, 0x39, 0xD3,
    0x08, 0x2A, 0x39, 0xD3, 0x00, 0x2B, 0x39, 0xD3, 0x08, 0x2A, 0x39, 0xD3, 0x08, 0x2A, 0x39, 0xD3,
    0x00, 0x0C, 0x39, 0xD3, 0x00, 0x2B, 0x39, 0xD3, 0x00, 0x2B, 0x39, 0xD3, 0x00, 0x2B, 0x39, 0xD3,
    0x00, 0x2B, 0x39, 0xD3, 0x00, 0x0E, 0x39, 0xD3, 0x00, 0x2B, 0x39, 0xD3, 0x08, 0x2A, 0x39, 0xD3,
    0x00, 0x0D, 0x39, 0xD3, 0x00, 0x0D, 0x39, 0xD3, 0x00, 0x2B, 0x39, 0xD3, 0x08, 0x2A, 0x39, 0xD3,
    0x08, 0x2A, 0x39, 0xD3, 0x00, 0x2B, 0x39, 0xD3, 0x00, 0x2B, 0x39, 0xD3, 0x08, 0x2A, 0x39, 0xD3,
    0x00, 0x0C, 0x39, 0xD3, 0x08, 0x2A, 0x39, 0xD3, 0x00, 0x2B, 0x39, 0xD3, 0x00, 0x0D, 0x39, 0xD3,
    0x00, 0x0C, 0x39, 0xD3, 0x00, 0x2B, 0x39, 0xD3, 0x00, 0x0B, 0x39, 0xD3, 0x00, 0x2B, 0x39, 0xD3,
    0x00, 0x2B, 0x39, 0xD3, 0x00, 0x0C, 0x39, 0xD3, 0x00, 0x0C, 0x39, 0xD3, 0x00, 0x2B, 0x39, 0xD3,
    0x00, 0x0C, 0x39, 0xD3, 0x00, 0x0C, 0x39, 0xD3, 0x00, 0x2A, 0x39, 0xD3, 0x08, 0x2A, 0x39, 0xD3,
    0x00, 0x2B, 0x39, 0xD3, 0x08, 0x2A, 0x39, 0xD3, 0x08, 0x2A, 0x39, 0xD3, 0x00, 0x0C, 0x39, 0xD3,
    0x00, 0x2B, 0x39, 0xD3, 0x00, 0x2B, 0x39, 0xD3, 0x00, 0x2B, 0x39, 0xD3, 0x00, 0x2B, 0x39, 0xD3,
    0x00, 0x0E, 0x39, 0xD3, 0x00, 0x2B, 0x39, 0xD3, 0x08, 0x2A, 0x39, 0xD3, 0x00, 0x0D, 0x39, 0xD3,
    0x00, 0x0D, 0x39, 0xD3, 0x00, 0x2B, 0x39, 0xD3, 0x08, 0x2A, 0x39, 0xD3, 0x08, 0x2A, 0x39, 0xD3,
    0x00, 0x2B, 0x39, 0xD3, 0x00, 0x2B, 0x39, 0xD3, 0x08, 0x2A, 0x39, 0xD3, 0x00, 0x0C, 0x39, 0xD3,
    0x08, 0x2A, 0x39, 0xD3, 0x00, 0x2B, 0x39, 0xD3, 0x00, 0x0D, 0x39, 0xD3, 0x00, 0x0C, 0x39, 0xD3,
    0x00, 0x2B, 0x39, 0xD3, 0x00, 0x0B, 0x39, 0xD3, 0x00, 0x2B, 0x39, 0xD3, 0x00, 0x2B, 0x39, 0xD3,
    0x00, 0x0C, 0x39, 0xD3, 0x00, 0x0C, 0x39, 0xD3, 0x00, 0x2B, 0x39, 0xD3, 0x00, 0x0C, 0x39, 0xD3,
    0x00, 0x0C, 0x39, 0xD3, 0x00, 0x2A, 0x39, 0xD3, 0x08, 0x2A, 0x39, 0xD3, 0x00, 0x2B, 0x39, 0xD3,
    0x08, 0x2A, 0x39, 0xD3, 0x08, 0x2A, 0x39, 0xD3, 0x00, 0x0C, 0x39, 0xD3, 0x00, 0x2B, 0x41, 0xF4,
    0x00, 0x2B, 0x41, 0xF4, 0x00, 0x2B, 0x5A, 0xDD, 0x00, 0x2B, 0x00, 0x00, 0x00, 0x0E, 0x00, 0x00,
    0x84, 0x1F, 0x08, 0x2A, 0x5A, 0xBC, 0x00, 0x2B, 0x00, 0x00, 0x08, 0x2A, 0x39, 0xF4, 0x00, 0x2B,
    0x39, 0xF4, 0x00, 0x0C, 0x39, 0xD3, 0x08, 0x2A, 0x39, 0xD3, 0x00, 0x0C, 0x39, 0xD3, 0x00, 0x0E,
    0x39, 0xD3, 0x00, 0x0D, 0x39, 0xD3, 0x00, 0x2B, 0x39, 0xD3, 0x00, 0x0B, 0x39, 0xD3, 0x00, 0x0D,
    0x39, 0xD3, 0x08, 0x2A, 0x39, 0xD3, 0x08, 0x2A, 0x39, 0xD3, 0x00, 0x2A, 0x39, 0xD3, 0x08, 0x2A,
    0x39, 0xD3, 0x08, 0x2A, 0x39, 0xD3, 0x08, 0x2A, 0x39, 0xD3, 0x00, 0x0C, 0x39, 0xD3, 0x00, 0x0D,
    0x39, 0xD3, 0x00, 0x2B, 0x39, 0xD3, 0x00, 0x2B, 0x39, 0xD3, 0x00, 0x0F, 0x39, 0xD3, 0x00, 0x0D,
    0x39, 0xD3, 0x00, 0x0D, 0x39, 0xD3, 0x08, 0x2A, 0x39, 0xD3, 0x00, 0x2B, 0x39, 0xD3, 0x00, 0x0C,
    0x39, 0xD3, 0x00, 0x2B, 0x39, 0xD3, 0x00, 0x0C, 0x39, 0xD3, 0x00, 0x2B, 0x39, 0xD3, 0x08, 0x2A,
    0x39, 0xD3, 0x00, 0x2B, 0x39, 0xD3, 0x00, 0x0C, 0x39, 0xD3, 0x00, 0x2B, 0x39, 0xD3, 0x08, 0x2A,
    0x39, 0xD3, 0x00, 0x2B, 0x39, 0xD3, 0x08, 0x2A, 0x39, 0xD3, 0x00, 0x2B, 0x39, 0xD3, 0x00, 0x0C,
    0x39, 0xD3, 0x08, 0x2A, 0x39, 0xD3, 0x00, 0x0C, 0x39, 0xD3, 0x00, 0x0E, 0x39, 0xD3, 0x00, 0x0D,
    0x39, 0xD3, 0x00, 0x2B, 0x39, 0xD3, 0x00, 0x0B, 0x39, 0xD3, 0x00, 0x0D, 0x39, 0xD3, 0x08, 0x2A,
    0x39, 0xD3, 0x08, 0x2A, 0x39, 0xD3, 0x00, 0x2A, 0x39, 0xD3, 0x08, 0x2A, 0x39, 0xD3, 0x08, 0x2A,
    0x39, 0xD3, 0x08, 0x2A, 0x39, 0xD3, 0x00, 0x0C, 0x39, 0xD3, 0x00, 0x0D, 0x39, 0xD3, 0x00, 0x2B,
    0x39, 0xD3, 0x00, 0x2B, 0x39, 0xD3, 0x00, 0x0F, 0x39, 0xD3, 0x00, 0x0D, 0x39, 0xD3, 0x00, 0x0D,
    0x39, 0xD3, 0x08, 0x2A, 0x39, 0xD3, 0x00, 0x2B, 0x39, 0xD3, 0x00, 0x0C, 0x39, 0xD3, 0x00, 0x2B,
    0x39, 0xD3, 0x00, 0x0C, 0x39, 0xD3, 0x00, 0x2B, 0x39, 0xD3, 0x08, 0x2A, 0x39, 0xD3, 0x00, 0x2B,
    0x39, 0xD3, 0x00, 0x0C, 0x39, 0xD3, 0x00, 0x2B, 0x39, 0xD3, 0x08, 0x2A, 0x39, 0xD3, 0x00, 0x2B,
    0x39, 0xD3, 0x08, 0x2A, 0x39, 0xD3, 0x00, 0x2B, 0x39, 0xD3, 0x00, 0x0C, 0x39, 0xD3, 0x08, 0x2A,
    0x39, 0xD3, 0x00, 0x0C, 0x39, 0xD3, 0x00, 0x0E, 0x39, 0xD3, 0x00, 0x0D, 0x39, 0xD3, 0x00, 0x2B,
    0x39, 0xD3, 0x00, 0x0B, 0x39, 0xD3, 0x00, 0x0D, 0x39, 0xD3, 0x08, 0x2A, 0x39, 0xD3, 0x08, 0x2A,
    0x39, 0xD3, 0x00, 0x2A, 0x39, 0xD3, 0x08, 0x2A, 0x39, 0xD3, 0x08, 0x2A, 0x39, 0xD3, 0x08, 0x2A,
    0x39, 0xD3, 0x00, 0x0C, 0x39, 0xD3, 0x00, 0x0D, 0x39, 0xD3, 0x00, 0x2B, 0x39, 0xD3, 0x00, 0x2B,
    0x39, 0xD3, 0x00, 0x0F, 0x39, 0xD3, 0x00, 0x0D, 0x39, 0xD3, 0x00, 0x0D, 0x39, 0xD3, 0x08, 0x2A,
    0x39, 0xD3, 0x00, 0x2B, 0x39, 0xD3, 0x00, 0x0C, 0x39, 0xD3, 0x00, 0x2B, 0x39, 0xD3, 0x00, 0x0C,
    0x39, 0xD3, 0x00, 0x2B, 0x39, 0xD3, 0x08, 0x2A, 0x39, 0xD3, 0x00, 0x2B, 0x39, 0xD3, 0x00, 0x0C,
    0x39, 0xD3, 0x00, 0x2B, 0x39, 0xD3, 0x08, 0x2A, 0x39, 0xD3, 0x00, 0x2B, 0x39, 0xD3, 0x08, 0x2A,
    0x39, 0xD3, 0x00, 0x2B, 0x39, 0xD3, 0x00, 0x0C, 0x39, 0xD3, 0x08, 0x2A, 0x39, 0xD3, 0x00, 0x0C,
    0x39, 0xD3, 0x00, 0x0E, 0x39, 0xD3, 0x00, 0x0D, 0x39, 0xD3, 0x00, 0x2B, 0x39, 0xD3, 0x00, 0x0B,
    0x39, 0xD3, 0x00, 0x0D, 0x39, 0xD3, 0x08, 0x2A, 0x39, 0xD3, 0x08, 0x2A, 0x39, 0xD3, 0x00, 0x2A,
    0x39, 0xD3, 0x08, 0x2A, 0x39, 0xD3, 0x08, 0x2A, 0x39, 0xD3, 0x08, 0x2A, 0x39, 0xD3, 0x00, 0x0C,
    0x39, 0xD3, 0x00, 0x0D, 0x39, 0xD3, 0x00, 0x2B, 0x39, 0xD3, 0x00, 0x2B, 0x39, 0xD3, 0x00, 0x0F,
    0x39, 0xD3, 0x00, 0x0D, 0x39, 0xD3, 0x00, 0x0D, 0x39, 0xD3, 0x08, 0x2A, 0x39, 0xD3, 0x00, 0x2B,
    0x39, 0xD3, 0x00, 0x0C, 0x39, 0xD3, 0x00, 0x2B, 0x39, 0xD3, 0x00, 0x0C, 0x39, 0xD3, 0x00, 0x2B,
    0x39, 0xD3, 0x08, 0x2A, 0x39, 0xD3, 0x00, 0x2B, 0x39, 0xD3, 0x00, 0x0C, 0x39, 0xD3, 0x00, 0x2B,
    0x39, 0xD3, 0x08, 0x2A, 0x39, 0xD3, 0x00, 0x2B, 0x39, 0xD3, 0x08, 0x2A, 0x39, 0xD3, 0x00, 0x2B,
    0x39, 0xD3, 0x00, 0x0C, 0x39, 0xD3, 0x08, 0x2A, 0x39, 0xD3, 0x00, 0x0C, 0x39, 0xD3, 0x00, 0x0E,
    0x39, 0xD3, 0x00, 0x0D, 0x39, 0xD3, 0x00, 0x2B, 0x39, 0xD3, 0x00, 0x0B, 0x39, 0xD3, 0x00, 0x0D,
    0x39, 0xD3, 0x08, 0x2A, 0x39, 0xD3, 0x08, 0x2A, 0x39, 0xD3, 0x00, 0x2A, 0x39, 0xD3, 0x08, 0x2A,
    0x39, 0xF4, 0x08, 0x2A, 0x39, 0xF4, 0x08, 0x2A, 0x31, 0x90, 0x00, 0x0C, 0x00, 0x00, 0x00, 0x0D,
    0x00, 0x2B, 0x5A, 0xDE, 0x08, 0x2A, 0x42, 0x36, 0x08, 0x2A, 0x39, 0xF4, 0x08, 0x2A, 0x39, 0xF4,
    0x00, 0x0D, 0x39, 0xF4, 0x00, 0x0C, 0x39, 0xD3, 0x08, 0x2A, 0x39, 0xD3, 0x00, 0x0D, 0x39, 0xD3,
    0x00, 0x0E, 0x39, 0xD3, 0x00, 0x0E, 0x39, 0xD3, 0x00, 0x0D, 0x39, 0xD3, 0x00, 0x0F, 0x39, 0xD3,
    0x00, 0x0E, 0x39, 0xD3, 0x00, 0x2B, 0x39, 0xD3, 0x00, 0x2B, 0x39, 0xD3, 0x08, 0x2A, 0x39, 0xD3,
    0x08, 0x2A, 0x39, 0xD3, 0x08, 0x2A, 0x39, 0xD3, 0x08, 0x2A, 0x39, 0xD3, 0x00, 0x2B, 0x39, 0xD3,
    0x00, 0x0C, 0x39, 0xD3, 0x00, 0x2B, 0x39, 0xD3, 0x00, 0x0C, 0x39, 0xD3, 0x00, 0x0D, 0x39, 0xD3,
    0x00, 0x0F, 0x39, 0xD3, 0x00, 0x0D, 0x39, 0xD3, 0x00, 0x0B, 0x39, 0xD3, 0x00, 0x0D, 0x39, 0xD3,
    0x00, 0x0C, 0x39, 0xD3, 0x00, 0x0C, 0x39, 0xD3, 0x00, 0x0D, 0x39, 0xD3, 0x08, 0x2A, 0x39, 0xD3,
    0x08, 0x2A, 0x39, 0xD3, 0x00, 0x0C, 0x39, 0xD3, 0x00, 0x2B, 0x39, 0xD3, 0x00, 0x2B, 0x39, 0xD3,
    0x08, 0x2A, 0x39, 0xD3, 0x08, 0x2A, 0x39, 0xD3, 0x08, 0x2A, 0x39, 0xD3, 0x00, 0x0D, 0x39, 0xD3,
    0x00, 0x0C, 0x39, 0xD3, 0x08, 0x2A, 0x39, 0xD3, 0x00, 0x0D, 0x39, 0xD3, 0x00, 0x0E, 0x39, 0xD3,
    0x00, 0x0E, 0x39, 0xD3, 0x00, 0x0D, 0x39, 0xD3, 0x00, 0x0F, 0x39, 0xD3, 0x00, 0x0E, 0x39, 0xD3,
    0x00, 0x2B, 0x39, 0xD3, 0x00, 0x2B, 0x39, 0xD3, 0x08, 0x2A, 0x39, 0xD3, 0x08, 0x2A, 0x39, 0xD3,
    0x08, 0x2A, 0x39, 0xD3, 0x08, 0x2A, 0x39, 0xD3, 0x00, 0x2B, 0x39, 0xD3, 0x00, 0x0C, 0x39, 0xD3,
    0x00, 0x2B, 0x39, 0xD3, 0x00, 0x0C, 0x39, 0xD3, 0x00, 0x0D, 0x39, 0xD3, 0x00, 0x0F, 0x39, 0xD3,
    0x00, 0x0D, 0x39, 0xD3, 0x00, 0x0B, 0x39, 0xD3, 0x00, 0x0D, 0x39, 0xD3, 0x00, 0x0C, 0x39, 0xD3,
    0x00, 0x0C, 0x39, 0xD3, 0x00, 0x0D, 0x39, 0xD3, 0x08, 0x2A, 0x39, 0xD3, 0x08, 0x2A, 0x39, 0xD3,
    0x00, 0x0C, 0x39, 0xD3, 0x00, 0x2B, 0x39, 0xD3, 0x00, 0x2B, 0x39, 0xD3, 0x08, 0x2A, 0x39, 0xD3,
    0x08, 0x2A, 0x39, 0xD3, 0x08, 0x2A, 0x39, 0xD3, 0x00, 0x0D, 0x39, 0xD3, 0x00, 0x0C, 0x39, 0xD3,
    0x08, 0x2A, 0x39, 0xD3, 0x00, 0x0D, 0x39, 0xD3, 0x00, 0x0E, 0x39, 0xD3, 0x00, 0x0E, 0x39, 0xD3,
    0x00, 0x0D, 0x39, 0xD3, 0x00, 0x0F, 0x39, 0xD3, 0x00, 0x0E, 0x39, 0xD3, 0x00, 0x2B, 0x39, 0xD3,
    0x00, 0x2B, 0x39, 0xD3, 0x08, 0x2A, 0x39, 0xD3, 0x08, 0x2A, 0x39, 0xD3, 0x08, 0x2A, 0x39, 0xD3,
    0x08, 0x2A, 0x39, 0xD3, 0x00, 0x2B, 0x39, 0xD3, 0x00, 0x0C, 0x39, 0xD3, 0x00, 0x2B, 0x39, 0xD3,
    0x00, 0x0C, 0x39, 0xD3, 0x00, 0x0D, 0x39, 0xD3, 0x00, 0x0F, 0x39, 0xD3, 0x00, 0x0D, 0x39, 0xD3,
    0x00, 0x0B, 0x39, 0xD3, 0x00, 0x0D, 0x39, 0xD3, 0x00, 0x0C, 0x39, 0xD3, 0x00, 0x0C, 0x39, 0xD3,
    0x00, 0x0D, 0x39, 0xD3, 0x08, 0x2A, 0x39, 0xD3, 0x08, 0x2A, 0x39, 0xD3, 0x00, 0x0C, 0x39, 0xD3,
    0x00, 0x2B, 0x39, 0xD3, 0x00, 0x2B, 0x39, 0xD3, 0x08, 0x2A, 0x39, 0xD3, 0x08, 0x2A, 0x39, 0xD3,
    0x08, 0x2A, 0x39, 0xD3, 0x00, 0x0D, 0x39, 0xD3, 0x00, 0x0C, 0x39, 0xD3, 0x08, 0x2A, 0x39, 0xD3,
    0x00, 0x0D, 0x39, 0xD3, 0x00, 0x0E, 0x39, 0xD3, 0x00, 0x0E, 0x39, 0xD3, 0x00, 0x0D, 0x39, 0xD3,
    0x00, 0x0F, 0x39, 0xD3, 0x00, 0x0E, 0x39, 0xD3, 0x00, 0x2B, 0x39, 0xD3, 0x00, 0x2B, 0x39, 0xD3,
    0x08, 0x2A, 0x39, 0xD3, 0x08, 0x2A, 0x39, 0xD3, 0x08, 0x2A, 0x39, 0xD3, 0x08, 0x2A, 0x39, 0xD3,
    0x00, 0x2B, 0x39, 0xD3, 0x00, 0x0C, 0x39, 0xD3, 0x00, 0x2B, 0x39, 0xD3, 0x00, 0x0C, 0x39, 0xD3,
    0x00, 0x0D, 0x39, 0xD3, 0x00, 0x0F, 0x39, 0xD3, 0x00, 0x0D, 0x39, 0xD3, 0x00, 0x0B, 0x39, 0xD3,
    0x00, 0x0D, 0x39, 0xD3, 0x00, 0x0C, 0x39, 0xD3, 0x00, 0x0C, 0x39, 0xD3, 0x00, 0x0D, 0x39, 0xD3,
    0x08, 0x2A, 0x39, 0xD3, 0x08, 0x2A, 0x39, 0xD3, 0x00, 0x0C, 0x39, 0xD3, 0x00, 0x2B, 0x39, 0xD3,
    0x00, 0x2B, 0x39, 0xD3, 0x08, 0x2A, 0x39, 0xD3, 0x08, 0x2A, 0x39, 0xD3, 0x08, 0x2A, 0x39, 0xD3,
    0x00, 0x0D, 0x39, 0xD3, 0x00, 0x0C, 0x39, 0xD3, 0x08, 0x2A, 0x39, 0xD3, 0x00, 0x0D, 0x39, 0xD3,
    0x00, 0x0E, 0x39, 0xD3, 0x00, 0x0E, 0x39, 0xD3, 0x00, 0x0D, 0x39, 0xD3, 0x00, 0x0F, 0x39, 0xD3,
    0x00, 0x0E, 0x39, 0xD3, 0x00, 0x2B, 0x39, 0xD3, 0x00, 0x2B, 0x39, 0xD3, 0x08, 0x2A, 0x39, 0xF4,
    0x08, 0x2A, 0x39, 0xF4, 0x08, 0x2A, 0x5A, 0xBC, 0x08, 0x2A, 0x00, 0x00, 0x00, 0x2B, 0x00, 0x00,
    0x83, 0xFF, 0x00, 0x0B, 0x52, 0x9B, 0x00, 0x2B, 0x00, 0x00, 0x08, 0x2A, 0x39, 0xD3, 0x00, 0x0B,
    0x39, 0xD3, 0x00, 0x0E, 0x39, 0xD3, 0x00, 0x2B, 0x39, 0xD3, 0x08, 0x2A, 0x39, 0xD3, 0x00, 0x0C,
    0x39, 0xD3, 0x00, 0x0E, 0x39, 0xD3, 0x00, 0x0F, 0x39, 0xD3, 0x00, 0x0E, 0x39, 0xD3, 0x00, 0x10,
    0x39, 0xD3, 0x00, 0x0E, 0x39, 0xD3, 0x00, 0x2B, 0x39, 0xD3, 0x00, 0x0C, 0x39, 0xD3, 0x00, 0x2B,
    0x39, 0xD3, 0x08, 0x2A, 0x39, 0xD3, 0x00, 0x2B, 0x39, 0xD3, 0x00, 0x2B, 0x39, 0xD3, 0x08, 0x2A,
    0x39, 0xD3, 0x00, 0x0C, 0x39, 0xD3, 0x00, 0x2B, 0x39, 0xD3, 0x08, 0x2A, 0x39, 0xD3, 0x00, 0x0D,
    0x39, 0xD3, 0x00, 0x10, 0x39, 0xD3, 0x00, 0x0E, 0x39, 0xD3, 0x00, 0x0D, 0x39, 0xD3, 0x00, 0x0C,
    0x39, 0xD3, 0x08, 0x2A, 0x39, 0xD3, 0x00, 0x0D, 0x39, 0xD3, 0x00, 0x0C, 0x39, 0xD3, 0x08, 0x2A,
    0x39, 0xD3, 0x00, 0x2B, 0x39, 0xD3, 0x00, 0x0C, 0x39, 0xD3, 0x00, 0x2B, 0x39, 0xD3, 0x00, 0x0B,
    0x39, 0xD3, 0x00, 0x2B, 0x39, 0xD3, 0x08, 0x2A, 0x39, 0xD3, 0x00, 0x0B, 0x39, 0xD3, 0x00, 0x0E,
    0x39, 0xD3, 0x00, 0x2B, 0x39, 0xD3, 0x08, 0x2A, 0x39, 0xD3, 0x00, 0x0C, 0x39, 0xD3, 0x00, 0x0E,
    0x39, 0xD3, 0x00, 0x0F, 0x39, 0xD3, 0x00, 0x0E, 0x39, 0xD3, 0x00, 0x10, 0x39, 0xD3, 0x00, 0x0E,
    0x39, 0xD3, 0x00, 0x2B, 0x39, 0xD3, 0x00, 0x0C, 0x39, 0xD3, 0x00, 0x2B, 0x39, 0xD3, 0x08, 0x2A,
    0x39, 0xD3, 0x00, 0x2B, 0x39, 0xD3, 0x00, 0x2B, 0x39, 0xD3, 0x08, 0x2A, 0x39, 0xD3, 0x00, 0x0C,
    0x39, 0xD3, 0x00, 0x2B, 0x39, 0xD3, 0x08, 0x2A, 0x39, 0xD3, 0x00, 0x0D, 0x39, 0xD3, 0x00, 0x10,
    0x39, 0xD3, 0x00, 0x0E, 0x39, 0xD3, 0x00, 0x0D, 0x39, 0xD3, 0x00, 0x0C, 0x39, 0xD3, 0x08, 0x2A,
    0x39, 0xD3, 0x00, 0x0D, 0x39, 0xD3, 0x00, 0x0C, 0x39, 0xD3, 0x08, 0x2A, 0x39, 0xD3, 0x00, 0x2B,
    0x39, 0xD3, 0x00, 0x0C, 0x39, 0xD3, 0x00, 0x2B, 0x39, 0xD3, 0x00, 0x0B, 0x39, 0xD3, 0x00, 0x2B,
    0x39, 0xD3, 0x08, 0x2A, 0x39, 0xD3, 0x00, 0x0B, 0x39, 0xD3, 0x00, 0x0E, 0x39, 0xD3, 0x00, 0x2B,
    0x39, 0xD3, 0x08, 0x2A, 0x39, 0xD3, 0x00, 0x0C, 0x39, 0xD3, 0x00, 0x0E, 0x39, 0xD3, 0x00, 0x0F,
    0x39, 0xD3, 0x00, 0x0E, 0x39, 0xD3, 0x00, 0x10, 0x39, 0xD3, 0x00, 0x0E, 0x39, 0xD3, 0x00, 0x2B,
    0x39, 0xD3, 0x00, 0x0C, 0x39, 0xD3, 0x00, 0x2B, 0x39, 0xD3, 0x08, 0x2A, 0x39, 0xD3, 0x00, 0x2B,
    0x39, 0xD3, 0x00, 0x2B, 0x39, 0xD3, 0x08, 0x2A, 0x39, 0xD3, 0x00, 0x0C, 0x39, 0xD3, 0x00, 0x2B,
    0x39, 0xD3, 0x08, 0x2A, 0x39, 0xD3, 0x00, 0x0D, 0x39, 0xD3, 0x00, 0x10, 0x39, 0xD3, 0x00, 0x0E,
    0x39, 0xD3, 0x00, 0x0D, 0x39, 0xD3, 0x00, 0x0C, 0x39, 0xD3, 0x08, 0x2A, 0x39, 0xD3, 0x00, 0x0D,
    0x39, 0xD3, 0x00, 0x0C, 0x39, 0xD3, 0x08, 0x2A, 0x39, 0xD3, 0x00, 0x2B, 0x39, 0xD3, 0x00, 0x0C,
    0x39, 0xD3, 0x00, 0x2B, 0x39, 0xD3, 0x00, 0x0B, 0x39, 0xD3, 0x00, 0x2B, 0x39, 0xD3, 0x08, 0x2A,
    0x39, 0xD3, 0x00, 0x0B, 0x39, 0xD3, 0x00, 0x0E, 0x39, 0xD3, 0x00, 0x2B, 0x39, 0xD3, 0x08, 0x2A,
    0x39, 0xD3, 0x00, 0x0C, 0x39, 0xD3, 0x00, 0x0E, 0x39, 0xD3, 0x00, 0x0F, 0x39, 0xD3, 0x00, 0x0E,
    0x39, 0xD3, 0x00, 0x10, 0x39, 0xD3, 0x00, 0x0E, 0x39, 0xD3, 0x00, 0x2B, 0x39, 0xD3, 0x00, 0x0C,
    0x39, 0xD3, 0x00, 0x2B, 0x39, 0xD3, 0x08, 0x2A, 0x39, 0xD3, 0x00, 0x2B, 0x39, 0xD3, 0x00, 0x2B,
    0x39, 0xD3, 0x08, 0x2A, 0x39, 0xD3, 0x00, 0x0C, 0x39, 0xD3, 0x00, 0x2B, 0x39, 0xD3, 0x08, 0x2A,
    0x39, 0xD3, 0x00, 0x0D, 0x39, 0xD3, 0x00, 0x10, 0x39, 0xD3, 0x00, 0x0E, 0x39, 0xD3, 0x00, 0x0D,
    0x39, 0xD3, 0x00, 0x0C, 0x39, 0xD3, 0x08, 0x2A, 0x39, 0xD3, 0x00, 0x0D, 0x39, 0xD3, 0x00, 0x0C,
    0x39, 0xD3, 0x08, 0x2A, 0x39, 0xD3, 0x00, 0x2B, 0x39, 0xD3, 0x00, 0x0C, 0x39, 0xD3, 0x00, 0x2B,
    0x39, 0xD3, 0x00, 0x0B, 0x39, 0xD3, 0x00, 0x2B, 0x39, 0xD3, 0x08, 0x2A, 0x39, 0xD3, 0x00, 0x0B,
    0x39, 0xD3, 0x00, 0x0E, 0x39, 0xD3, 0x00, 0x2B, 0x39, 0xD3, 0x08, 0x2A, 0x39, 0xD3, 0x00, 0x0C,
    0x39, 0xD3, 0x00, 0x0E, 0x39, 0xD3, 0x00, 0x0F, 0x39, 0xD3, 0x00, 0x0E, 0x39, 0xD3, 0x00, 0x10,
    0x39, 0xD3, 0x00, 0x0E, 0x39, 0xD3, 0x00, 0x2B, 0x39, 0xD3, 0x00, 0x0C, 0x39, 0xD3, 0x00, 0x2B,
    0x39, 0xD3, 0x08, 0x2A, 0x39, 0xD3, 0x00, 0x2B, 0x31, 0x90, 0x00, 0x2B, 0x00, 0x00, 0x08, 0x2A,
    0x00, 0x2B, 0x5A, 0xBD, 0x00, 0x0C, 0x42, 0x16, 0x00, 0x0B, 0x39, 0xD3, 0x08, 0x2A, 0x39, 0xD3,
    0x00, 0x0C, 0x39, 0xD3, 0x00, 0x0C, 0x39, 0xB3, 0x08, 0x2A, 0x39, 0xB3, 0x08, 0x2A, 0x39, 0xB3,
    0x00, 0x2B, 0x39, 0xB3, 0x00, 0x0D, 0x39, 0xB3, 0x00, 0x0E, 0x39, 0xB3, 0x00, 0x0E, 0x39, 0xB3,
    0x00, 0x0E, 0x39, 0xB3, 0x00, 0x0E, 0x39, 0xB3, 0x00, 0x0B, 0x39, 0xB3, 0x00, 0x0D, 0x39, 0xB3,
    0x00, 0x2B, 0x39, 0xB3, 0x00, 0x0B, 0x39, 0xB3, 0x00, 0x0D, 0x39, 0xB3, 0x00, 0x2B, 0x39, 0xB3,
    0x08, 0x2A, 0x39, 0xB3, 0x00, 0x0C, 0x39, 0xB3, 0x00, 0x2B, 0x39, 0xB3, 0x08, 0x2A, 0x39, 0xB3,
    0x00, 0x0E, 0x39, 0xB3, 0x00, 0x0F, 0x39, 0xB3, 0x00, 0x0E, 0x39, 0xB3, 0x00, 0x0D, 0x39, 0xB3,
    0x08, 0x2A, 0x39, 0xB3, 0x00, 0x2B, 0x39, 0xB3, 0x00, 0x0E, 0x39, 0xB3, 0x00, 0x0C, 0x39, 0xB3,
    0x00, 0x2B, 0x39, 0xB3, 0x00, 0x0C, 0x39, 0xB3, 0x00, 0x2B, 0x39, 0xB3, 0x00, 0x2B, 0x39, 0xB3,
    0x00, 0x0C, 0x39, 0xB3, 0x00, 0x0B, 0x39, 0xB3, 0x08, 0x2A, 0x39, 0xB3, 0x00, 0x0C, 0x39, 0xB3,
    0x00, 0x0C, 0x39, 0xB3, 0x08, 0x2A, 0x39, 0xB3, 0x08, 0x2A, 0x39, 0xB3, 0x00, 0x2B, 0x39, 0xB3,
    0x00, 0x0D, 0x39, 0xB3, 0x00, 0x0E, 0x39, 0xB3, 0x00, 0x0E, 0x39, 0xB3, 0x00, 0x0E, 0x39, 0xB3,
    0x00, 0x0E, 0x39, 0xB3, 0x00, 0x0B, 0x39, 0xB3, 0x00, 0x0D, 0x39, 0xB3, 0x00, 0x2B, 0x39, 0xB3,
    0x00, 0x0B, 0x39, 0xB3, 0x00, 0x0D, 0x39, 0xB3, 0x00, 0x2B, 0x39, 0xB3, 0x08, 0x2A, 0x39, 0xB3,
    0x00, 0x0C, 0x39, 0xB3, 0x00, 0x2B, 0x39, 0xB3, 0x08, 0x2A, 0x39, 0xB3, 0x00, 0x0E, 0x39, 0xB3,
    0x00, 0x0F, 0x39, 0xB3, 0x00, 0x0E, 0x39, 0xB3, 0x00, 0x0D, 0x39, 0xB3, 0x08, 0x2A, 0x39, 0xB3,
    0x00, 0x2B, 0x39, 0xB3, 0x00, 0x0E, 0x39, 0xB3, 0x00, 0x0C, 0x39, 0xB3, 0x00, 0x2B, 0x39, 0xB3,
    0x00, 0x0C, 0x39, 0xB3, 0x00, 0x2B, 0x39, 0xB3, 0x00, 0x2B, 0x39, 0xB3, 0x00, 0x0C, 0x39, 0xB3,
    0x00, 0x0B, 0x39, 0xB3, 0x08, 0x2A, 0x39, 0xB3, 0x00, 0x0C, 0x39, 0xB3, 0x00, 0x0C, 0x39, 0xB3,
    0x08, 0x2A, 0x39, 0xB3, 0x08, 0x2A, 0x39, 0xB3, 0x00, 0x2B, 0x39, 0xB3, 0x00, 0x0D, 0x39, 0xB3,
    0x00, 0x0E, 0x39, 0xB3, 0x00, 0x0E, 0x39, 0xB3, 0x00, 0x0E, 0x39, 0xB3, 0x00, 0x0E, 0x39, 0xB3,
    0x00, 0x0B, 0x39, 0xB3, 0x00, 0x0D, 0x39, 0xB3, 0x00, 0x2B, 0x39, 0xB3, 0x00, 0x0B, 0x39, 0xB3,
    0x00, 0x0D, 0x39, 0xB3, 0x00, 0x2B, 0x39, 0xB3, 0x08, 0x2A, 0x39, 0xB3, 0x00, 0x0C, 0x39, 0xB3,
    0x00, 0x2B, 0x39, 0xB3, 0x08, 0x2A, 0x39, 0xB3, 0x00, 0x0E, 0x39, 0xB3, 0x00, 0x0F, 0x39, 0xB3,
    0x00, 0x0E, 0x39, 0xB3, 0x00, 0x0D, 0x39, 0xB3, 0x08, 0x2A, 0x39, 0xB3, 0x00, 0x2B, 0x39, 0xB3,
    0x00, 0x0E, 0x39, 0xB3, 0x00, 0x0C, 0x39, 0xB3, 0x00, 0x2B, 0x39, 0xB3, 0x00, 0x0C, 0x39, 0xB3,
    0x00, 0x2B, 0x39, 0xB3, 0x00, 0x2B, 0x39, 0xB3, 0x00, 0x0C, 0x39, 0xB3, 0x00, 0x0B, 0x39, 0xB3,
    0x08, 0x2A, 0x39, 0xB3, 0x00, 0x0C, 0x39, 0xB3, 0x00, 0x0C, 0x39, 0xB3, 0x08, 0x2A, 0x39, 0xB3,
    0x08, 0x2A, 0x39, 0xB3, 0x00, 0x2B, 0x39, 0xB3, 0x00, 0x0D, 0x39, 0xB3, 0x00, 0x0E, 0x39, 0xB3,
    0x00, 0x0E, 0x39, 0xB3, 0x00, 0x0E, 0x39, 0xB3, 0x00, 0x0E, 0x39, 0xB3, 0x00, 0x0B, 0x39, 0xB3,
    0x00, 0x0D, 0x39, 0xB3, 0x00, 0x2B, 0x39, 0xB3, 0x00, 0x0B, 0x39, 0xB3, 0x00, 0x0D, 0x39, 0xB3,
    0x00, 0x2B, 0x39, 0xB3, 0x08, 0x2A, 0x39, 0xB3, 0x00, 0x0C, 0x39, 0xB3, 0x00, 0x2B, 0x39, 0xB3,
    0x08, 0x2A, 0x39, 0xB3, 0x00, 0x0E, 0x39, 0xB3, 0x00, 0x0F, 0x39, 0xB3, 0x00, 0x0E, 0x39, 0xB3,
    0x00, 0x0D, 0x39, 0xB3, 0x08, 0x2A, 0x39, 0xB3, 0x00, 0x2B, 0x39, 0xB3, 0x00, 0x0E, 0x39, 0xB3,
    0x00, 0x0C, 0x39, 0xB3, 0x00, 0x2B, 0x39, 0xB3, 0x00, 0x0C, 0x39, 0xB3, 0x00, 0x2B, 0x39, 0xB3,
    0x00, 0x2B, 0x39, 0xB3, 0x00, 0x0C, 0x39, 0xB3, 0x00, 0x0B, 0x39, 0xB3, 0x08, 0x2A, 0x39, 0xB3,
    0x00, 0x0C, 0x39, 0xB3, 0x00, 0x0C, 0x39, 0xB3, 0x08, 0x2A, 0x39, 0xB3, 0x08, 0x2A, 0x39, 0xB3,
    0x00, 0x2B, 0x39, 0xB3, 0x00, 0x0D, 0x39, 0xB3, 0x00, 0x0E, 0x39, 0xB3, 0x00, 0x0E, 0x39, 0xB3,
    0x00, 0x0E, 0x39, 0xB3, 0x00, 0x0E, 0x39, 0xB3, 0x00, 0x0B, 0x39, 0xB3, 0x00, 0x0D, 0x39, 0xD3,
    0x00, 0x2B, 0x39, 0xD3, 0x00, 0x0B, 0x52, 0x9C, 0x00, 0x0D, 0x00, 0x00, 0x00, 0x2B, 0x00, 0x00,
    0x7B, 0xDF, 0x00, 0x2B, 0x52, 0x7B, 0x00, 0x0B, 0x00, 0x00, 0x00, 0x2B, 0x39, 0xD3, 0x08, 0x2A,
    0x39, 0xD3, 0x08, 0x2A, 0x39, 0xB2, 0x00, 0x0C, 0x39, 0xB2, 0x00, 0x2B, 0x39, 0xB2, 0x08, 0x2A,
    0x39, 0xB2, 0x08, 0x2A, 0x39, 0xB2, 0x00, 0x0C, 0x39, 0xB2, 0x00, 0x0C, 0x39, 0xB2, 0x00, 0x0C,
    0x39, 0xB2, 0x00, 0x0D, 0x39, 0xB2, 0x00, 0x0D, 0x39, 0xB2, 0x00, 0x0C, 0x39, 0xB2, 0x00, 0x0E,
    0x39, 0xB2, 0x00, 0x0C, 0x39, 0xB2, 0x00, 0x0D, 0x39, 0xB2, 0x00, 0x0D, 0x39, 0xB2, 0x00, 0x2B,
    0x39, 0xB2, 0x08, 0x2A, 0x39, 0xB2, 0x00, 0x0C, 0x39, 0xB2, 0x00, 0x2B, 0x39, 0xB2, 0x08, 0x2A,
    0x39, 0xB2, 0x00, 0x0C, 0x39, 0xB2, 0x00, 0x0D, 0x39, 0xB2, 0x00, 0x0D, 0x39, 0xB2, 0x00, 0x0D,
    0x39, 0xB2, 0x08, 0x2A, 0x39, 0xB2, 0x00, 0x0C, 0x39, 0xB2, 0x00, 0x0E, 0x39, 0xB2, 0x00, 0x0C,
    0x39, 0xB2, 0x00, 0x0C, 0x39, 0xB2, 0x00, 0x0B, 0x39, 0xB2, 0x08, 0x2A, 0x39, 0xB2, 0x00, 0x2B,
    0x39, 0xB2, 0x00, 0x0B, 0x39, 0xB2, 0x00, 0x2B, 0x39, 0xB2, 0x08, 0x2A, 0x39, 0xB2, 0x08, 0x2A,
    0x39, 0xB2, 0x00, 0x0C, 0x39, 0xB2, 0x00, 0x2B, 0x39, 0xB2, 0x08, 0x2A, 0x39, 0xB2, 0x08, 0x2A,
    0x39, 0xB2, 0x00, 0x0C, 0x39, 0xB2, 0x00, 0x0C, 0x39, 0xB2, 0x00, 0x0C, 0x39, 0xB2, 0x00, 0x0D,
    0x39, 0xB2, 0x00, 0x0D, 0x39, 0xB2, 0x00, 0x0C, 0x39, 0xB2, 0x00, 0x0E, 0x39, 0xB2, 0x00, 0x0C,
    0x39, 0xB2, 0x00, 0x0D, 0x39, 0xB2, 0x00, 0x0D, 0x39, 0xB2, 0x00, 0x2B, 0x39, 0xB2, 0x08, 0x2A,
    0x39, 0xB2, 0x00, 0x0C, 0x39, 0xB2, 0x00, 0x2B, 0x39, 0xB2, 0x08, 0x2A, 0x39, 0xB2, 0x00, 0x0C,
    0x39, 0xB2, 0x00, 0x0D, 0x39, 0xB2, 0x00, 0x0D, 0x39, 0xB2, 0x00, 0x0D, 0x39, 0xB2, 0x08, 0x2A,
    0x39, 0xB2, 0x00, 0x0C, 0x39, 0xB2, 0x00, 0x0E, 0x39, 0xB2, 0x00, 0x0C, 0x39, 0xB2, 0x00, 0x0C,
    0x39, 0xB2, 0x00, 0x0B, 0x39, 0xB2, 0x08, 0x2A, 0x39, 0xB2, 0x00, 0x2B, 0x39, 0xB2, 0x00, 0x0B,
    0x39, 0xB2, 0x00, 0x2B, 0x39, 0xB2, 0x08, 0x2A, 0x39, 0xB2, 0x08, 0x2A, 0x39, 0xB2, 0x00, 0x0C,
    0x39, 0xB2, 0x00, 0x2B, 0x39, 0xB2, 0x08, 0x2A, 0x39, 0xB2, 0x08, 0x2A, 0x39, 0xB2, 0x00, 0x0C,
    0x39, 0xB2, 0x00, 0x0C, 0x39, 0xB2, 0x00, 0x0C, 0x39, 0xB2, 0x00, 0x0D, 0x39, 0xB2, 0x00, 0x0D,
    0x39, 0xB2, 0x00, 0x0C, 0x39, 0xB2, 0x00, 0x0E, 0x39, 0xB2, 0x00, 0x0C, 0x39, 0xB2, 0x00, 0x0D,
    0x39, 0xB2, 0x00, 0x0D, 0x39, 0xB2, 0x00, 0x2B, 0x39, 0xB2, 0x08, 0x2A, 0x39, 0xB2, 0x00, 0x0C,
    0x39, 0xB2, 0x00, 0x2B, 0x39, 0xB2, 0x08, 0x2A, 0x39, 0xB2, 0x00, 0x0C, 0x39, 0xB2, 0x00, 0x0D,
    0x39, 0xB2, 0x00, 0x0D, 0x39, 0xB2, 0x00, 0x0D, 0x39, 0xB2, 0x08, 0x2A, 0x39, 0xB2, 0x00, 0x0C,
    0x39, 0xB2, 0x00, 0x0E, 0x39, 0xB2, 0x00, 0x0C, 0x39, 0xB2, 0x00, 0x0C, 0x39, 0xB2, 0x00, 0x0B,
    0x39, 0xB2, 0x08, 0x2A, 0x39, 0xB2, 0x00, 0x2B, 0x39, 0xB2, 0x00, 0x0B, 0x39, 0xB2, 0x00, 0x2B,
    0x39, 0xB2, 0x08, 0x2A, 0x39, 0xB2, 0x08, 0x2A, 0x39, 0xB2, 0x00, 0x0C, 0x39, 0xB2, 0x00, 0x2B,
    0x39, 0xB2, 0x08, 0x2A, 0x39, 0xB2, 0x08, 0x2A, 0x39, 0xB2, 0x00, 0x0C, 0x39, 0xB2, 0x00, 0x0C,
    0x39, 0xB2, 0x00, 0x0C, 0x39, 0xB2, 0x00, 0x0D, 0x39, 0xB2, 0x00, 0x0D, 0x39, 0xB2, 0x00, 0x0C,
    0x39, 0xB2, 0x00, 0x0E, 0x39, 0xB2, 0x00, 0x0C, 0x39, 0xB2, 0x00, 0x0D, 0x39, 0xB2, 0x00, 0x0D,
    0x39, 0xB2, 0x00, 0x2B, 0x39, 0xB2, 0x08, 0x2A, 0x39, 0xB2, 0x00, 0x0C, 0x39, 0xB2, 0x00, 0x2B,
    0x39, 0xB2, 0x08, 0x2A, 0x39, 0xB2, 0x00, 0x0C, 0x39, 0xB2, 0x00, 0x0D, 0x39, 0xB2, 0x00, 0x0D,
    0x39, 0xB2, 0x00, 0x0D, 0x39, 0xB2, 0x08, 0x2A, 0x39, 0xB2, 0x00, 0x0C, 0x39, 0xB2, 0x00, 0x0E,
    0x39, 0xB2, 0x00, 0x0C, 0x39, 0xB2, 0x00, 0x0C, 0x39, 0xB2, 0x00, 0x0B, 0x39, 0xB2, 0x08, 0x2A,
    0x39, 0xB2, 0x00, 0x2B, 0x39, 0xB2, 0x00, 0x0B, 0x39, 0xB2, 0x00, 0x2B, 0x39, 0xB2, 0x08, 0x2A,
    0x39, 0xB2, 0x08, 0x2A, 0x39, 0xB2, 0x00, 0x0C, 0x39, 0xB2, 0x00, 0x2B, 0x39, 0xB2, 0x08, 0x2A,
    0x39, 0xB2, 0x08, 0x2A, 0x39, 0xB2, 0x00, 0x0C, 0x39, 0xB2, 0x00, 0x0C, 0x39, 0xB2, 0x00, 0x0C,
    0x39, 0xB2, 0x00, 0x0D, 0x39, 0xB2, 0x00, 0x0D, 0x39, 0xB2, 0x00, 0x0C, 0x39, 0xB2, 0x00, 0x0E,
    0x39, 0xD3, 0x00, 0x0C, 0x39, 0xD3, 0x00, 0x0D, 0x31, 0x90, 0x00, 0x0D, 0x00, 0x00, 0x00, 0x2B,
    0x08, 0x2A, 0x52, 0xBC, 0x08, 0x2A, 0x41, 0xF5, 0x00, 0x2B, 0x39, 0xD3, 0x08, 0x2A, 0x39, 0xD3,
    0x08, 0x2A, 0x39, 0xD3, 0x08, 0x2A, 0x39, 0xB2, 0x00, 0x0D, 0x39, 0xB2, 0x00, 0x2B, 0x39, 0xB2,
    0x08, 0x2A, 0x39, 0xB2, 0x08, 0x2A, 0x39, 0xB2, 0x00, 0x2B, 0x39, 0xB2, 0x00, 0x2B, 0x39, 0xB2,
    0x00, 0x2B, 0x39, 0xB2, 0x00, 0x0C, 0x39, 0xB2, 0x00, 0x0D, 0x39, 0xB2, 0x00, 0x0C, 0x39, 0xB2,
    0x00, 0x0D, 0x39, 0xB2, 0x00, 0x0D, 0x39, 0xB2, 0x00, 0x0E, 0x39, 0xB2, 0x00, 0x0E, 0x39, 0xB2,
    0x08, 0x2A, 0x39, 0xB2, 0x08, 0x2A, 0x39, 0xB2, 0x00, 0x0C, 0x39, 0xB2, 0x00, 0x2B, 0x39, 0xB2,
    0x08, 0x2A, 0x39, 0xB2, 0x00, 0x2B, 0x39, 0xB2, 0x00, 0x0C, 0x39, 0xB2, 0x00, 0x0D, 0x39, 0xB2,
    0x00, 0x0C, 0x39, 0xB2, 0x08, 0x2A, 0x39, 0xB2, 0x00, 0x0D, 0x39, 0xB2, 0x00, 0x0C, 0x39, 0xB2,
    0x00, 0x0C, 0x39, 0xB2, 0x00, 0x2B, 0x39, 0xB2, 0x08, 0x2A, 0x39, 0xB2, 0x08, 0x2A, 0x39, 0xB2,
    0x08, 0x2A, 0x39, 0xB2, 0x00, 0x2B, 0x39, 0xB2, 0x08, 0x2A, 0x39, 0xB2, 0x08, 0x2A, 0x39, 0xB2,
    0x08, 0x2A, 0x39, 0xB2, 0x00, 0x0D, 0x39, 0xB2, 0x00, 0x2B, 0x39, 0xB2, 0x08, 0x2A, 0x39, 0xB2,
    0x08, 0x2A, 0x39, 0xB2, 0x00, 0x2B, 0x39, 0xB2, 0x00, 0x2B, 0x39, 0xB2, 0x00, 0x2B, 0x39, 0xB2,
    0x00, 0x0C, 0x39, 0xB2, 0x00, 0x0D, 0x39, 0xB2, 0x00, 0x0C, 0x39, 0xB2, 0x00, 0x0D, 0x39, 0xB2,
    0x00, 0x0D, 0x39, 0xB2, 0x00, 0x0E, 0x39, 0xB2, 0x00, 0x0E, 0x39, 0xB2, 0x08, 0x2A, 0x39, 0xB2,
    0x08, 0x2A, 0x39, 0xB2, 0x00, 0x0C, 0x39, 0xB2, 0x00, 0x2B, 0x39, 0xB2, 0x08, 0x2A, 0x39, 0xB2,
    0x00, 0x2B, 0x39, 0xB2, 0x00, 0x0C, 0x39, 0xB2, 0x00, 0x0D, 0x39, 0xB2, 0x00, 0x0C, 0x39, 0xB2,
    0x08, 0x2A, 0x39, 0xB2, 0x00, 0x0D, 0x39, 0xB2, 0x00, 0x0C, 0x39, 0xB2, 0x00, 0x0C, 0x39, 0xB2,
    0x00, 0x2B, 0x39, 0xB2, 0x08, 0x2A, 0x39, 0xB2, 0x08, 0x2A, 0x39, 0xB2, 0x08, 0x2A, 0x39, 0xB2,
    0x00, 0x2B, 0x39, 0xB2, 0x08, 0x2A, 0x39, 0xB2, 0x08, 0x2A, 0x39, 0xB2, 0x08, 0x2A, 0x39, 0xB2,
    0x00, 0x0D, 0x39, 0xB2, 0x00, 0x2B, 0x39, 0xB2, 0x08, 0x2A, 0x39, 0xB2, 0x08, 0x2A, 0x39, 0xB2,
    0x00, 0x2B, 0x39, 0xB2, 0x00, 0x2B, 0x39, 0xB2, 0x00, 0x2B, 0x39, 0xB2, 0x00, 0x0C, 0x39, 0xB2,
    0x00, 0x0D, 0x39, 0xB2, 0x00, 0x0C, 0x39, 0xB2, 0x00, 0x0D, 0x39, 0xB2, 0x00, 0x0D, 0x39, 0xB2,
    0x00, 0x0E, 0x39, 0xB2, 0x00, 0x0E, 0x39, 0xB2, 0x08, 0x2A, 0x39, 0xB2, 0x08, 0x2A, 0x39, 0xB2,
    0x00, 0x0C, 0x39, 0xB2, 0x00, 0x2B, 0x39, 0xB2, 0x08, 0x2A, 0x39, 0xB2, 0x00, 0x2B, 0x39, 0xB2,
    0x00, 0x0C, 0x39, 0xB2, 0x00, 0x0D, 0x39, 0xB2, 0x00, 0x0C, 0x39, 0xB2, 0x08, 0x2A, 0x39, 0xB2,
    0x00, 0x0D, 0x39, 0xB2, 0x00, 0x0C, 0x39, 0xB2, 0x00, 0x0C, 0x39, 0xB2, 0x00, 0x2B, 0x39, 0xB2,
    0x08, 0x2A, 0x39, 0xB2, 0x08, 0x2A, 0x39, 0xB2, 0x08, 0x2A, 0x39, 0xB2, 0x00, 0x2B, 0x39, 0xB2,
    0x08, 0x2A, 0x39, 0xB2, 0x08, 0x2A, 0x39, 0xB2, 0x08, 0x2A, 0x39, 0xB2, 0x00, 0x0D, 0x39, 0xB2,
    0x00, 0x2B, 0x39, 0xB2, 0x08, 0x2A, 0x39, 0xB2, 0x08, 0x2A, 0x39, 0xB2, 0x00, 0x2B, 0x39, 0xB2,
    0x00, 0x2B, 0x39, 0xB2, 0x00, 0x2B, 0x39, 0xB2, 0x00, 0x0C, 0x39, 0xB2, 0x00, 0x0D, 0x39, 0xB2,
    0x00, 0x0C, 0x39, 0xB2, 0x00, 0x0D, 0x39, 0xB2, 0x00, 0x0D, 0x39, 0xB2, 0x00, 0x0E, 0x39, 0xB2,
    0x00, 0x0E, 0x39, 0xB2, 0x08, 0x2A, 0x39, 0xB2, 0x08, 0x2A, 0x39, 0xB2, 0x00, 0x0C, 0x39, 0xB2,
    0x00, 0x2B, 0x39, 0xB2, 0x08, 0x2A, 0x39, 0xB2, 0x00, 0x2B, 0x39, 0xB2, 0x00, 0x0C, 0x39, 0xB2,
    0x00, 0x0D, 0x39, 0xB2, 0x00, 0x0C, 0x39, 0xB2, 0x08, 0x2A, 0x39, 0xB2, 0x00, 0x0D, 0x39, 0xB2,
    0x00, 0x0C, 0x39, 0xB2, 0x00, 0x0C, 0x39, 0xB2, 0x00, 0x2B, 0x39, 0xB2, 0x08, 0x2A, 0x39, 0xB2,
    0x08, 0x2A, 0x39, 0xB2, 0x08, 0x2A, 0x39, 0xB2, 0x00, 0x2B, 0x39, 0xB2, 0x08, 0x2A, 0x39, 0xB2,
    0x08, 0x2A, 0x39, 0xB2, 0x08, 0x2A, 0x39, 0xB2, 0x00, 0x0D, 0x39, 0xB2, 0x00, 0x2B, 0x39, 0xB2,
    0x08, 0x2A, 0x39, 0xB2, 0x08, 0x2A, 0x39, 0xB2, 0x00, 0x2B, 0x39, 0xB2, 0x00, 0x2B, 0x39, 0xB2,
    0x00, 0x2B, 0x39, 0xB2, 0x00, 0x0C, 0x39, 0xB2, 0x00, 0x0D, 0x39, 0xB2, 0x00, 0x0C, 0x39, 0xD3,
    0x00, 0x0D, 0x39, 0xD3, 0x00, 0x0D, 0x52, 0x9B, 0x00, 0x0E, 0x00, 0x00, 0x00, 0x0E, 0x00, 0x00,
    0x7B, 0xBF, 0x08, 0x2A, 0x4A, 0x7A, 0x08, 0x2A, 0x00, 0x00, 0x00, 0x2B, 0x39, 0xB3, 0x08, 0x2A,
    0x39, 0xB3, 0x08, 0x2A, 0x31, 0xB2, 0x00, 0x0C, 0x31, 0xB2, 0x00, 0x0D, 0x31, 0xB2, 0x08, 0x2A,
    0x31, 0xB2, 0x00, 0x2A, 0x31, 0xB2, 0x08, 0x2A, 0x31, 0xB2, 0x08, 0x2A, 0x31, 0xB2, 0x08, 0x2A,
    0x31, 0xB2, 0x08, 0x2A, 0x31, 0xB2, 0x00, 0x0C, 0x31, 0xB2, 0x00, 0x0B, 0x31, 0xB2, 0x00, 0x0B,
    0x31, 0xB2, 0x08, 0x2A, 0x31, 0xB2, 0x00, 0x0D, 0x31, 0xB2, 0x00, 0x0E, 0x31, 0xB2, 0x00, 0x0E,
    0x31, 0xB2, 0x08, 0x2A, 0x31, 0xB2, 0x08, 0x2A, 0x31, 0xB2, 0x00, 0x0C, 0x31, 0xB2, 0x08, 0x2A,
    0x31, 0xB2, 0x08, 0x2A, 0x31, 0xB2, 0x08, 0x2A, 0x31, 0xB2, 0x00, 0x2B, 0x31, 0xB2, 0x00, 0x0C,
    0x31, 0xB2, 0x00, 0x2B, 0x31, 0xB2, 0x08, 0x2A, 0x31, 0xB2, 0x00, 0x2B, 0x31, 0xB2, 0x00, 0x2B,
    0x31, 0xB2, 0x00, 0x0C, 0x31, 0xB2, 0x00, 0x2A, 0x31, 0xB2, 0x00, 0x2B, 0x31, 0xB2, 0x08, 0x2A,
    0x31, 0xB2, 0x08, 0x2A, 0x31, 0xB2, 0x00, 0x2B, 0x31, 0xB2, 0x08, 0x2A, 0x31, 0xB2, 0x08, 0x2A,
    0x31, 0xB2, 0x00, 0x0C, 0x31, 0xB2, 0x00, 0x0D, 0x31, 0xB2, 0x08, 0x2A, 0x31, 0xB2, 0x00, 0x2A,
    0x31, 0xB2, 0x08, 0x2A, 0x31, 0xB2, 0x08, 0x2A, 0x31, 0xB2, 0x08, 0x2A, 0x31, 0xB2, 0x08, 0x2A,
    0x31, 0xB2, 0x00, 0x0C, 0x31, 0xB2, 0x00, 0x0B, 0x31, 0xB2, 0x00, 0x0B, 0x31, 0xB2, 0x08, 0x2A,
    0x31, 0xB2, 0x00, 0x0D, 0x31, 0xB2, 0x00, 0x0E, 0x31, 0xB2, 0x00, 0x0E, 0x31, 0xB2, 0x08, 0x2A,
    0x31, 0xB2, 0x08, 0x2A, 0x31, 0xB2, 0x00, 0x0C, 0x31, 0xB2, 0x08, 0x2A, 0x31, 0xB2, 0x08, 0x2A,
    0x31, 0xB2, 0x08, 0x2A, 0x31, 0xB2, 0x00, 0x2B, 0x31, 0xB2, 0x00, 0x0C, 0x31, 0xB2, 0x00, 0x2B,
    0x31, 0xB2, 0x08, 0x2A, 0x31, 0xB2, 0x00, 0x2B, 0x31, 0xB2, 0x00, 0x2B, 0x31, 0xB2, 0x00, 0x0C,
    0x31, 0xB2, 0x00, 0x2A, 0x31, 0xB2, 0x00, 0x2B, 0x31, 0xB2, 0x08, 0x2A, 0x31, 0xB2, 0x08, 0x2A,
    0x31, 0xB2, 0x00, 0x2B, 0x31, 0xB2, 0x08, 0x2A, 0x31, 0xB2, 0x08, 0x2A, 0x31, 0xB2, 0x00, 0x0C,
    0x31, 0xB2, 0x00, 0x0D, 0x31, 0xB2, 0x08, 0x2A, 0x31, 0xB2, 0x00, 0x2A, 0x31, 0xB2, 0x08, 0x2A,
    0x31, 0xB2, 0x08, 0x2A, 0x31, 0xB2, 0x08, 0x2A, 0x31, 0xB2, 0x08, 0x2A, 0x31, 0xB2, 0x00, 0x0C,
    0x31, 0xB2, 0x00, 0x0B, 0x31, 0xB2, 0x00, 0x0B, 0x31, 0xB2, 0x08, 0x2A, 0x31, 0xB2, 0x00, 0x0D,
    0x31, 0xB2, 0x00, 0x0E, 0x31, 0xB2, 0x00, 0x0E, 0x31, 0xB2, 0x08, 0x2A, 0x31, 0xB2, 0x08, 0x2A,
    0x31, 0xB2, 0x00, 0x0C, 0x31, 0xB2, 0x08, 0x2A, 0x31, 0xB2, 0x08, 0x2A, 0x31, 0xB2, 0x08, 0x2A,
    0x31, 0xB2, 0x00, 0x2B, 0x31, 0xB2, 0x00, 0x0C, 0x31, 0xB2, 0x00, 0x2B, 0x31, 0xB2, 0x08, 0x2A,
    0x31, 0xB2, 0x00, 0x2B, 0x31, 0xB2, 0x00, 0x2B, 0x31, 0xB2, 0x00, 0x0C, 0x31, 0xB2, 0x00, 0x2A,
    0x31, 0xB2, 0x00, 0x2B, 0x31, 0xB2, 0x08, 0x2A, 0x31, 0xB2, 0x08, 0x2A, 0x31, 0xB2, 0x00, 0x2B,
    0x31, 0xB2, 0x08, 0x2A, 0x31, 0xB2, 0x08, 0x2A, 0x31, 0xB2, 0x00, 0x0C, 0x31, 0xB2, 0x00, 0x0D,
    0x31, 0xB2, 0x08, 0x2A, 0x31, 0xB2, 0x00, 0x2A, 0x31, 0xB2, 0x08, 0x2A, 0x31, 0xB2, 0x08, 0x2A,
    0x31, 0xB2, 0x08, 0x2A, 0x31, 0xB2, 0x08, 0x2A, 0x31, 0xB2, 0x00, 0x0C, 0x31, 0xB2, 0x00, 0x0B,
    0x31, 0xB2, 0x00, 0x0B, 0x31, 0xB2, 0x08, 0x2A, 0x31, 0xB2, 0x00, 0x0D, 0x31, 0xB2, 0x00, 0x0E,
    0x31, 0xB2, 0x00, 0x0E, 0x31, 0xB2, 0x08, 0x2A, 0x31, 0xB2, 0x08, 0x2A, 0x31, 0xB2, 0x00, 0x0C,
    0x31, 0xB2, 0x08, 0x2A, 0x31, 0xB2, 0x08, 0x2A, 0x31, 0xB2, 0x08, 0x2A, 0x31, 0xB2, 0x00, 0x2B,
    0x31, 0xB2, 0x00, 0x0C, 0x31, 0xB2, 0x00, 0x2B, 0x31, 0xB2, 0x08, 0x2A, 0x31, 0xB2, 0x00, 0x2B,
    0x31, 0xB2, 0x00, 0x2B, 0x31, 0xB2, 0x00, 0x0C, 0x31, 0xB2, 0x00, 0x2A, 0x31, 0xB2, 0x00, 0x2B,
    0x31, 0xB2, 0x08, 0x2A, 0x31, 0xB2, 0x08, 0x2A, 0x31, 0xB2, 0x00, 0x2B, 0x31, 0xB2, 0x08, 0x2A,
    0x31, 0xB2, 0x08, 0x2A, 0x31, 0xB2, 0x00, 0x0C, 0x31, 0xB2, 0x00, 0x0D, 0x31, 0xB2, 0x08, 0x2A,
    0x31, 0xB2, 0x00, 0x2A, 0x31, 0xB2, 0x08, 0x2A, 0x31, 0xB2, 0x08, 0x2A, 0x31, 0xB2, 0x08, 0x2A,
    0x31, 0xB2, 0x08, 0x2A, 0x31, 0xB2, 0x00, 0x0C, 0x31, 0xB2, 0x00, 0x0B, 0x31, 0xB2, 0x00, 0x0B,
    0x39, 0xB3, 0x08, 0x2A, 0x39, 0xB3, 0x00, 0x0D, 0x31, 0x70, 0x00, 0x0E, 0x00, 0x00, 0x00, 0x0E,
    0x00, 0x0C, 0x52, 0x9C, 0x08, 0x2A, 0x39, 0xF5, 0x00, 0x0C, 0x39, 0xB2, 0x00, 0x0C, 0x39, 0xB2,
    0x00, 0x2B, 0x39, 0xB2, 0x08, 0x2A, 0x31, 0x92, 0x00, 0x0D, 0x31, 0x92, 0x00, 0x2B, 0x31, 0x92,
    0x08, 0x2A, 0x31, 0x92, 0x00, 0x0D, 0x31, 0x92, 0x00, 0x2B, 0x31, 0x92, 0x08, 0x2A, 0x31, 0x92,
    0x08, 0x2A, 0x31, 0x92, 0x08, 0x2A, 0x31, 0x92, 0x00, 0x2B, 0x31, 0x92, 0x00, 0x0B, 0x31, 0x92,
    0x08, 0x2A, 0x31, 0x92, 0x08, 0x2A, 0x31, 0x92, 0x00, 0x2B, 0x31, 0x92, 0x00, 0x0D, 0x31, 0x92,
    0x00, 0x0E, 0x31, 0x92, 0x08, 0x2A, 0x31, 0x92, 0x00, 0x2B, 0x31, 0x92, 0x00, 0x0D, 0x31, 0x92,
    0x08, 0x2A, 0x31, 0x92, 0x08, 0x2A, 0x31, 0x92, 0x08, 0x2A, 0x31, 0x92, 0x08, 0x2A, 0x31, 0x92,
    0x08, 0x2A, 0x31, 0x92, 0x08, 0x2A, 0x31, 0x92, 0x08, 0x2A, 0x31, 0x92, 0x08, 0x2A, 0x31, 0x92,
    0x00, 0x0C, 0x31, 0x92, 0x00, 0x2B, 0x31, 0x92, 0x00, 0x0C, 0x31, 0x92, 0x00, 0x0C, 0x31, 0x92,
    0x08, 0x2A, 0x31, 0x92, 0x00, 0x0C, 0x31, 0x92, 0x00, 0x0C, 0x31, 0x92, 0x00, 0x2B, 0x31, 0x92,
    0x08, 0x2A, 0x31, 0x92, 0x00, 0x0D, 0x31, 0x92, 0x00, 0x2B, 0x31, 0x92, 0x08, 0x2A, 0x31, 0x92,
    0x00, 0x0D, 0x31, 0x92, 0x00, 0x2B, 0x31, 0x92, 0x08, 0x2A, 0x31, 0x92, 0x08, 0x2A, 0x31, 0x92,
    0x08, 0x2A, 0x31, 0x92, 0x00, 0x2B, 0x31, 0x92, 0x00, 0x0B, 0x31, 0x92, 0x08, 0x2A, 0x31, 0x92,
    0x08, 0x2A, 0x31, 0x92, 0x00, 0x2B, 0x31, 0x92, 0x00, 0x0D, 0x31, 0x92, 0x00, 0x0E, 0x31, 0x92,
    0x08, 0x2A, 0x31, 0x92, 0x00, 0x2B, 0x31, 0x92, 0x00, 0x0D, 0x31, 0x92, 0x08, 0x2A, 0x31, 0x92,
    0x08, 0x2A, 0x31, 0x92, 0x08, 0x2A, 0x31, 0x92, 0x08, 0x2A, 0x31, 0x92, 0x08, 0x2A, 0x31, 0x92,
    0x08, 0x2A, 0x31, 0x92, 0x08, 0x2A, 0x31, 0x92, 0x08, 0x2A, 0x31, 0x92, 0x00, 0x0C, 0x31, 0x92,
    0x00, 0x2B, 0x31, 0x92, 0x00, 0x0C, 0x31, 0x92, 0x00, 0x0C, 0x31, 0x92, 0x08, 0x2A, 0x31, 0x92,
    0x00, 0x0C, 0x31, 0x92, 0x00, 0x0C, 0x31, 0x92, 0x00, 0x2B, 0x31, 0x92, 0x08, 0x2A, 0x31, 0x92,
    0x00, 0x0D, 0x31, 0x92, 0x00, 0x2B, 0x31, 0x92, 0x08, 0x2A, 0x31, 0x92, 0x00, 0x0D, 0x31, 0x92,
    0x00, 0x2B, 0x31, 0x92, 0x08, 0x2A, 0x31, 0x92, 0x08, 0x2A, 0x31, 0x92, 0x08, 0x2A, 0x31, 0x92,
    0x00, 0x2B, 0x31, 0x92, 0x00, 0x0B, 0x31, 0x92, 0x08, 0x2A, 0x31, 0x92, 0x08, 0x2A, 0x31, 0x92,
    0x00, 0x2B, 0x31, 0x92, 0x00, 0x0D, 0x31, 0x92, 0x00, 0x0E, 0x31, 0x92, 0x08, 0x2A, 0x31, 0x92,
    0x00, 0x2B, 0x31, 0x92, 0x00, 0x0D, 0x31, 0x92, 0x08, 0x2A, 0x31, 0x92, 0x08, 0x2A, 0x31, 0x92,
    0x08, 0x2A, 0x31, 0x92, 0x08, 0x2A, 0x31, 0x92, 0x08, 0x2A, 0x31, 0x92, 0x08, 0x2A, 0x31, 0x92,
    0x08, 0x2A, 0x31, 0x92, 0x08, 0x2A, 0x31, 0x92, 0x00, 0x0C, 0x31, 0x92, 0x00, 0x2B, 0x31, 0x92,
    0x00, 0x0C, 0x31, 0x92, 0x00, 0x0C, 0x31, 0x92, 0x08, 0x2A, 0x31, 0x92, 0x00, 0x0C, 0x31, 0x92,
    0x00, 0x0C, 0x31, 0x92, 0x00, 0x2B, 0x31, 0x92, 0x08, 0x2A, 0x31, 0x92, 0x00, 0x0D, 0x31, 0x92,
    0x00, 0x2B, 0x31, 0x92, 0x08, 0x2A, 0x31, 0x92, 0x00, 0x0D, 0x31, 0x92, 0x00, 0x2B, 0x31, 0x92,
    0x08, 0x2A, 0x31, 0x92, 0x08, 0x2A, 0x31, 0x92, 0x08, 0x2A, 0x31, 0x92, 0x00, 0x2B, 0x31, 0x92,
    0x00, 0x0B, 0x31, 0x92, 0x08, 0x2A, 0x31, 0x92, 0x08, 0x2A, 0x31, 0x92, 0x00, 0x2B, 0x31, 0x92,
    0x00, 0x0D, 0x31, 0x92, 0x00, 0x0E, 0x31, 0x92, 0x08, 0x2A, 0x31, 0x92, 0x00, 0x2B, 0x31, 0x92,
    0x00, 0x0D, 0x31, 0x92, 0x08, 0x2A, 0x31, 0x92, 0x08, 0x2A, 0x31, 0x92, 0x08, 0x2A, 0x31, 0x92,
    0x08, 0x2A, 0x31, 0x92, 0x08, 0x2A, 0x31, 0x92, 0x08, 0x2A, 0x31, 0x92, 0x08, 0x2A, 0x31, 0x92,
    0x08, 0x2A, 0x31, 0x92, 0x00, 0x0C, 0x31, 0x92, 0x00, 0x2B, 0x31, 0x92, 0x00, 0x0C, 0x31, 0x92,
    0x00, 0x0C, 0x31, 0x92, 0x08, 0x2A, 0x31, 0x92, 0x00, 0x0C, 0x31, 0x92, 0x00, 0x0C, 0x31, 0x92,
    0x00, 0x2B, 0x31, 0x92, 0x08, 0x2A, 0x31, 0x92, 0x00, 0x0D, 0x31, 0x92, 0x00, 0x2B, 0x31, 0x92,
    0x08, 0x2A, 0x31, 0x92, 0x00, 0x0D, 0x31, 0x92, 0x00, 0x2B, 0x31, 0x92, 0x08, 0x2A, 0x31, 0x92,
    0x08, 0x2A, 0x31, 0x92, 0x08, 0x2A, 0x31, 0x92, 0x00, 0x2B, 0x31, 0x92, 0x00, 0x0B, 0x39, 0xB2,
    0x08, 0x2A, 0x39, 0xB2, 0x08, 0x2A, 0x52, 0x7B, 0x00, 0x2B, 0x00, 0x00, 0x00, 0x0D, 0x00, 0x00,
    0x73, 0x9F, 0x00, 0x0B, 0x4A, 0x5A, 0x00, 0x2B, 0x00, 0x00, 0x00, 0x0D, 0x31, 0xB2, 0x00, 0x0D,
    0x31, 0xB2, 0x00, 0x2B, 0x31, 0x92, 0x00, 0x0C, 0x31, 0x92, 0x00, 0x0C, 0x31, 0x92, 0x08, 0x2A,
    0x31, 0x92, 0x00, 0x0D, 0x31, 0x92, 0x00, 0x0E, 0x31, 0x92, 0x00, 0x0C, 0x31, 0x92, 0x08, 0x2A,
    0x31, 0x92, 0x08, 0x2A, 0x31, 0x92, 0x08, 0x2A, 0x31, 0x92, 0x00, 0x2B, 0x31, 0x92, 0x00, 0x0C,
    0x31, 0x92, 0x08, 0x2A, 0x31, 0x92, 0x08, 0x2A, 0x31, 0x92, 0x08, 0x2A, 0x31, 0x92, 0x00, 0x0E,
    0x31, 0x92, 0x00, 0x0D, 0x31, 0x92, 0x08, 0x2A, 0x31, 0x92, 0x00, 0x0D, 0x31, 0x92, 0x00, 0x0E,
    0x31, 0x92, 0x08, 0x2A, 0x31, 0x92, 0x00, 0x2B, 0x31, 0x92, 0x00, 0x0C, 0x31, 0x92, 0x08, 0x2A,
    0x31, 0x92, 0x08, 0x2A, 0x31, 0x92, 0x08, 0x2A, 0x31, 0x92, 0x08, 0x2A, 0x31, 0x92, 0x08, 0x2A,
    0x31, 0x92, 0x00, 0x0B, 0x31, 0x92, 0x00, 0x2B, 0x31, 0x92, 0x00, 0x0D, 0x31, 0x92, 0x00, 0x0B,
    0x31, 0x92, 0x00, 0x2B, 0x31, 0x92, 0x00, 0x0D, 0x31, 0x92, 0x00, 0x0D, 0x31, 0x92, 0x00, 0x2B,
    0x31, 0x92, 0x00, 0x0C, 0x31, 0x92, 0x00, 0x0C, 0x31, 0x92, 0x08, 0x2A, 0x31, 0x92, 0x00, 0x0D,
    0x31, 0x92, 0x00, 0x0E, 0x31, 0x92, 0x00, 0x0C, 0x31, 0x92, 0x08, 0x2A, 0x31, 0x92, 0x08, 0x2A,
    0x31, 0x92, 0x08, 0x2A, 0x31, 0x92, 0x00, 0x2B, 0x31, 0x92, 0x00, 0x0C, 0x31, 0x92, 0x08, 0x2A,
    0x31, 0x92, 0x08, 0x2A, 0x31, 0x92, 0x08, 0x2A, 0x31, 0x92, 0x00, 0x0E, 0x31, 0x92, 0x00, 0x0D,
    0x31, 0x92, 0x08, 0x2A, 0x31, 0x92, 0x00, 0x0D, 0x31, 0x92, 0x00, 0x0E, 0x31, 0x92, 0x08, 0x2A,
    0x31, 0x92, 0x00, 0x2B, 0x31, 0x92, 0x00, 0x0C, 0x31, 0x92, 0x08, 0x2A, 0x31, 0x92, 0x08, 0x2A,
    0x31, 0x92, 0x08, 0x2A, 0x31, 0x92, 0x08, 0x2A, 0x31, 0x92, 0x08, 0x2A, 0x31, 0x92, 0x00, 0x0B,
    0x31, 0x92, 0x00, 0x2B, 0x31, 0x92, 0x00, 0x0D, 0x31, 0x92, 0x00, 0x0B, 0x31, 0x92, 0x00, 0x2B,
    0x31, 0x92, 0x00, 0x0D, 0x31, 0x92, 0x00, 0x0D, 0x31, 0x92, 0x00, 0x2B, 0x31, 0x92, 0x00, 0x0C,
    0x31, 0x92, 0x00, 0x0C, 0x31, 0x92, 0x08, 0x2A, 0x31, 0x92, 0x00, 0x0D, 0x31, 0x92, 0x00, 0x0E,
    0x31, 0x92, 0x00, 0x0C, 0x31, 0x92, 0x08, 0x2A, 0x31, 0x92, 0x08, 0x2A, 0x31, 0x92, 0x08, 0x2A,
    0x31, 0x92, 0x00, 0x2B, 0x31, 0x92, 0x00, 0x0C, 0x31, 0x92, 0x08, 0x2A, 0x31, 0x92, 0x08, 0x2A,
    0x31, 0x92, 0x08, 0x2A, 0x31, 0x92, 0x00, 0x0E, 0x31, 0x92, 0x00, 0x0D, 0x31, 0x92, 0x08, 0x2A,
    0x31, 0x92, 0x00, 0x0D, 0x31, 0x92, 0x00, 0x0E, 0x31, 0x92, 0x08, 0x2A, 0x31, 0x92, 0x00, 0x2B,
    0x31, 0x92, 0x00, 0x0C, 0x31, 0x92, 0x08, 0x2A, 0x31, 0x92, 0x08, 0x2A, 0x31, 0x92, 0x08, 0x2A,
    0x31, 0x92, 0x08, 0x2A, 0x31, 0x92, 0x08, 0x2A, 0x31, 0x92, 0x00, 0x0B, 0x31, 0x92, 0x00, 0x2B,
    0x31, 0x92, 0x00, 0x0D, 0x31, 0x92, 0x00, 0x0B, 0x31, 0x92, 0x00, 0x2B, 0x31, 0x92, 0x00, 0x0D,
    0x31, 0x92, 0x00, 0x0D, 0x31, 0x92, 0x00, 0x2B, 0x31, 0x92, 0x00, 0x0C, 0x31, 0x92, 0x00, 0x0C,
    0x31, 0x92, 0x08, 0x2A, 0x31, 0x92, 0x00, 0x0D, 0x31, 0x92, 0x00, 0x0E, 0x31, 0x92, 0x00, 0x0C,
    0x31, 0x92, 0x08, 0x2A, 0x31, 0x92, 0x08, 0x2A, 0x31, 0x92, 0x08, 0x2A, 0x31, 0x92, 0x00, 0x2B,
    0x31, 0x92, 0x00, 0x0C, 0x31, 0x92, 0x08, 0x2A, 0x31, 0x92, 0x08, 0x2A, 0x31, 0x92, 0x08, 0x2A,
    0x31, 0x92, 0x00, 0x0E, 0x31, 0x92, 0x00, 0x0D, 0x31, 0x92, 0x08, 0x2A, 0x31, 0x92, 0x00, 0x0D,
    0x31, 0x92, 0x00, 0x0E, 0x31, 0x92, 0x08, 0x2A, 0x31, 0x92, 0x00, 0x2B, 0x31, 0x92, 0x00, 0x0C,
    0x31, 0x92, 0x08, 0x2A, 0x31, 0x92, 0x08, 0x2A, 0x31, 0x92, 0x08, 0x2A, 0x31, 0x92, 0x08, 0x2A,
    0x31, 0x92, 0x08, 0x2A, 0x31, 0x92, 0x00, 0x0B, 0x31, 0x92, 0x00, 0x2B, 0x31, 0x92, 0x00, 0x0D,
    0x31, 0x92, 0x00, 0x0B, 0x31, 0x92, 0x00, 0x2B, 0x31, 0x92, 0x00, 0x0D, 0x31, 0x92, 0x00, 0x0D,
    0x31, 0x92, 0x00, 0x2B, 0x31, 0x92, 0x00, 0x0C, 0x31, 0x92, 0x00, 0x0C, 0x31, 0x92, 0x08, 0x2A,
    0x31, 0x92, 0x00, 0x0D, 0x31, 0x92, 0x00, 0x0E, 0x31, 0x92, 0x00, 0x0C, 0x31, 0x92, 0x08, 0x2A,
    0x31, 0x92, 0x08, 0x2A, 0x31, 0x92, 0x08, 0x2A, 0x31, 0x92, 0x00, 0x2B, 0x31, 0x92, 0x00, 0x0C,
    0x31, 0xB2, 0x08, 0x2A, 0x31, 0xB2, 0x08, 0x2A, 0x29, 0x6F, 0x08, 0x2A, 0x00, 0x00, 0x00, 0x0E,
    0x00, 0x0D, 0x52, 0x7B, 0x00, 0x0B, 0x39, 0xD5, 0x00, 0x2B, 0x31, 0xB2, 0x00, 0x0D, 0x31, 0xB2,
    0x00, 0x0D, 0x31, 0xB2, 0x00, 0x2B, 0x31, 0x91, 0x00, 0x0D, 0x31, 0x91, 0x00, 0x0B, 0x31, 0x91,
    0x00, 0x2B, 0x31, 0x91, 0x00, 0x0E, 0x31, 0x91, 0x00, 0x0F, 0x31, 0x91, 0x00, 0x0D, 0x31, 0x91,
    0x00, 0x2B, 0x31, 0x91, 0x08, 0x2A, 0x31, 0x91, 0x08, 0x2A, 0x31, 0x91, 0x00, 0x0D, 0x31, 0x91,
    0x00, 0x2B, 0x31, 0x91, 0x08, 0x2A, 0x31, 0x91, 0x08, 0x2A, 0x31, 0x91, 0x00, 0x2B, 0x31, 0x91,
    0x00, 0x0D, 0x31, 0x91, 0x00, 0x0C, 0x31, 0x91, 0x00, 0x2B, 0x31, 0x91, 0x00, 0x10, 0x31, 0x91,
    0x00, 0x0E, 0x31, 0x91, 0x08, 0x2A, 0x31, 0x91, 0x00, 0x0E, 0x31, 0x91, 0x00, 0x0B, 0x31, 0x91,
    0x08, 0x2A, 0x31, 0x91, 0x00, 0x0C, 0x31, 0x91, 0x08, 0x2A, 0x31, 0x91, 0x00, 0x2B, 0x31, 0x91,
    0x00, 0x2B, 0x31, 0x91, 0x08, 0x2A, 0x31, 0x91, 0x00, 0x0C, 0x31, 0x91, 0x00, 0x0D, 0x31, 0x91,
    0x00, 0x0B, 0x31, 0x91, 0x00, 0x2B, 0x31, 0x91, 0x00, 0x0D, 0x31, 0x91, 0x00, 0x0D, 0x31, 0x91,
    0x00, 0x2B, 0x31, 0x91, 0x00, 0x0D, 0x31, 0x91, 0x00, 0x0B, 0x31, 0x91, 0x00, 0x2B, 0x31, 0x91,
    0x00, 0x0E, 0x31, 0x91, 0x00, 0x0F, 0x31, 0x91, 0x00, 0x0D, 0x31, 0x91, 0x00, 0x2B, 0x31, 0x91,
    0x08, 0x2A, 0x31, 0x91, 0x08, 0x2A, 0x31, 0x91, 0x00, 0x0D, 0x31, 0x91, 0x00, 0x2B, 0x31, 0x91,
    0x08, 0x2A, 0x31, 0x91, 0x08, 0x2A, 0x31, 0x91, 0x00, 0x2B, 0x31, 0x91, 0x00, 0x0D, 0x31, 0x91,
    0x00, 0x0C, 0x31, 0x91, 0x00, 0x2B, 0x31, 0x91, 0x00, 0x10, 0x31, 0x91, 0x00, 0x0E, 0x31, 0x91,
    0x08, 0x2A, 0x31, 0x91, 0x00, 0x0E, 0x31, 0x91, 0x00, 0x0B, 0x31, 0x91, 0x08, 0x2A, 0x31, 0x91,
    0x00, 0x0C, 0x31, 0x91, 0x08, 0x2A, 0x31, 0x91, 0x00, 0x2B, 0x31, 0x91, 0x00, 0x2B, 0x31, 0x91,
    0x08, 0x2A, 0x31, 0x91, 0x00, 0x0C, 0x31, 0x91, 0x00, 0x0D, 0x31, 0x91, 0x00, 0x0B, 0x31, 0x91,
    0x00, 0x2B, 0x31, 0x91, 0x00, 0x0D, 0x31, 0x91, 0x00, 0x0D, 0x31, 0x91, 0x00, 0x2B, 0x31, 0x91,
    0x00, 0x0D, 0x31, 0x91, 0x00, 0x0B, 0x31, 0x91, 0x00, 0x2B, 0x31, 0x91, 0x00, 0x0E, 0x31, 0x91,
    0x00, 0x0F, 0x31, 0x91, 0x00, 0x0D, 0x31, 0x91, 0x00, 0x2B, 0x31, 0x91, 0x08, 0x2A, 0x31, 0x91,
    0x08, 0x2A, 0x31, 0x91, 0x00, 0x0D, 0x31, 0x91, 0x00, 0x2B, 0x31, 0x91, 0x08, 0x2A, 0x31, 0x91,
    0x08, 0x2A, 0x31, 0x91, 0x00, 0x2B, 0x31, 0x91, 0x00, 0x0D, 0x31, 0x91, 0x00, 0x0C, 0x31, 0x91,
    0x00, 0x2B, 0x31, 0x91, 0x00, 0x10, 0x31, 0x91, 0x00, 0x0E, 0x31, 0x91, 0x08, 0x2A, 0x31, 0x91,
    0x00, 0x0E, 0x31, 0x91, 0x00, 0x0B, 0x31, 0x91, 0x08, 0x2A, 0x31, 0x91, 0x00, 0x0C, 0x31, 0x91,
    0x08, 0x2A, 0x31, 0x91, 0x00, 0x2B, 0x31, 0x91, 0x00, 0x2B, 0x31, 0x91, 0x08, 0x2A, 0x31, 0x91,
    0x00, 0x0C, 0x31, 0x91, 0x00, 0x0D, 0x31, 0x91, 0x00, 0x0B, 0x31, 0x91, 0x00, 0x2B, 0x31, 0x91,
    0x00, 0x0D, 0x31, 0x91, 0x00, 0x0D, 0x31, 0x91, 0x00, 0x2B, 0x31, 0x91, 0x00, 0x0D, 0x31, 0x91,
    0x00, 0x0B, 0x31, 0x91, 0x00, 0x2B, 0x31, 0x91, 0x00, 0x0E, 0x31, 0x91, 0x00, 0x0F, 0x31, 0x91,
    0x00, 0x0D, 0x31, 0x91, 0x00, 0x2B, 0x31, 0x91, 0x08, 0x2A, 0x31, 0x91, 0x08, 0x2A, 0x31, 0x91,
    0x00, 0x0D, 0x31, 0x91, 0x00, 0x2B, 0x31, 0x91, 0x08, 0x2A, 0x31, 0x91, 0x08, 0x2A, 0x31, 0x91,
    0x00, 0x2B, 0x31, 0x91, 0x00, 0x0D, 0x31, 0x91, 0x00, 0x0C, 0x31, 0x91, 0x00, 0x2B, 0x31, 0x91,
    0x00, 0x10, 0x31, 0x91, 0x00, 0x0E, 0x31, 0x91, 0x08, 0x2A, 0x31, 0x91, 0x00, 0x0E, 0x31, 0x91,
    0x00, 0x0B, 0x31, 0x91, 0x08, 0x2A, 0x31, 0x91, 0x00, 0x0C, 0x31, 0x91, 0x08, 0x2A, 0x31, 0x91,
    0x00, 0x2B, 0x31, 0x91, 0x00, 0x2B, 0x31, 0x91, 0x08, 0x2A, 0x31, 0x91, 0x00, 0x0C, 0x31, 0x91,
    0x00, 0x0D, 0x31, 0x91, 0x00, 0x0B, 0x31, 0x91, 0x00, 0x2B, 0x31, 0x91, 0x00, 0x0D, 0x31, 0x91,
    0x00, 0x0D, 0x31, 0x91, 0x00, 0x2B, 0x31, 0x91, 0x00, 0x0D, 0x31, 0x91, 0x00, 0x0B, 0x31, 0x91,
    0x00, 0x2B, 0x31, 0x91, 0x00, 0x0E, 0x31, 0x91, 0x00, 0x0F, 0x31, 0x91, 0x00, 0x0D, 0x31, 0x91,
    0x00, 0x2B, 0x31, 0x91, 0x08, 0x2A, 0x31, 0x91, 0x08, 0x2A, 0x31, 0x91, 0x00, 0x0D, 0x31, 0xB2,
    0x00, 0x2B, 0x31, 0xB2, 0x08, 0x2A, 0x4A, 0x5A, 0x08, 0x2A, 0x00, 0x00, 0x00, 0x2B, 0x00, 0x00,
    0x73, 0x7F, 0x00, 0x0C, 0x4A, 0x39, 0x00, 0x0B, 0x00, 0x00, 0x00, 0x2B, 0x31, 0x92, 0x00, 0x0D,
    0x31, 0x92, 0x00, 0x2B, 0x31, 0x91, 0x00, 0x2B, 0x31, 0x91, 0x00, 0x0C, 0x31, 0x91, 0x00, 0x2B,
    0x31, 0x91, 0x00, 0x0C, 0x31, 0x91, 0x00, 0x0F, 0x31, 0x91, 0x00, 0x0F, 0x31, 0x91, 0x00, 0x0D,
    0x31, 0x91, 0x08, 0x2A, 0x31, 0x91, 0x08, 0x2A, 0x31, 0x91, 0x00, 0x2A, 0x31, 0x91, 0x00, 0x0D,
    0x31, 0x91, 0x00, 0x2B, 0x31, 0x91, 0x08, 0x2A, 0x31, 0x91, 0x08, 0x2A, 0x31, 0x91, 0x00, 0x0C,
    0x31, 0x91, 0x00, 0x0D, 0x31, 0x91, 0x00, 0x2B, 0x31, 0x91, 0x00, 0x0D, 0x31, 0x91, 0x00, 0x10,
    0x31, 0x91, 0x00, 0x0C, 0x31, 0x91, 0x00, 0x0B, 0x31, 0x91, 0x00, 0x0E, 0x31, 0x91, 0x00, 0x2B,
    0x31, 0x91, 0x00, 0x0D, 0x31, 0x91, 0x00, 0x0E, 0x31, 0x91, 0x00, 0x2B, 0x31, 0x91, 0x00, 0x0C,
    0x31, 0x91, 0x00, 0x2B, 0x31, 0x91, 0x08, 0x2A, 0x31, 0x91, 0x00, 0x0C, 0x31, 0x91, 0x00, 0x0C,
    0x31, 0x91, 0x00, 0x0B, 0x31, 0x91, 0x00, 0x2B, 0x31, 0x91, 0x00, 0x0D, 0x31, 0x91, 0x00, 0x2B,
    0x31, 0x91, 0x00, 0x2B, 0x31, 0x91, 0x00, 0x0C, 0x31, 0x91, 0x00, 0x2B, 0x31, 0x91, 0x00, 0x0C,
    0x31, 0x91, 0x00, 0x0F, 0x31, 0x91, 0x00, 0x0F, 0x31, 0x91, 0x00, 0x0D, 0x31, 0x91, 0x08, 0x2A,
    0x31, 0x91, 0x08, 0x2A, 0x31, 0x91, 0x00, 0x2A, 0x31, 0x91, 0x00, 0x0D, 0x31, 0x91, 0x00, 0x2B,
    0x31, 0x91, 0x08, 0x2A, 0x31, 0x91, 0x08, 0x2A, 0x31, 0x91, 0x00, 0x0C, 0x31, 0x91, 0x00, 0x0D,
    0x31, 0x91, 0x00, 0x2B, 0x31, 0x91, 0x00, 0x0D, 0x31, 0x91, 0x00, 0x10, 0x31, 0x91, 0x00, 0x0C,
    0x31, 0x91, 0x00, 0x0B, 0x31, 0x91, 0x00, 0x0E, 0x31, 0x91, 0x00, 0x2B, 0x31, 0x91, 0x00, 0x0D,
    0x31, 0x91, 0x00, 0x0E, 0x31, 0x91, 0x00, 0x2B, 0x31, 0x91, 0x00, 0x0C, 0x31, 0x91, 0x00, 0x2B,
    0x31, 0x91, 0x08, 0x2A, 0x31, 0x91, 0x00, 0x0C, 0x31, 0x91, 0x00, 0x0C, 0x31, 0x91, 0x00, 0x0B,
    0x31, 0x91, 0x00, 0x2B, 0x31, 0x91, 0x00, 0x0D, 0x31, 0x91, 0x00, 0x2B, 0x31, 0x91, 0x00, 0x2B,
    0x31, 0x91, 0x00, 0x0C, 0x31, 0x91, 0x00, 0x2B, 0x31, 0x91, 0x00, 0x0C, 0x31, 0x91, 0x00, 0x0F,
    0x31, 0x91, 0x00, 0x0F, 0x31, 0x91, 0x00, 0x0D, 0x31, 0x91, 0x08, 0x2A, 0x31, 0x91, 0x08, 0x2A,
    0x31, 0x91, 0x00, 0x2A, 0x31, 0x91, 0x00, 0x0D, 0x31, 0x91, 0x00, 0x2B, 0x31, 0x91, 0x08, 0x2A,
    0x31, 0x91, 0x08, 0x2A, 0x31, 0x91, 0x00, 0x0C, 0x31, 0x91, 0x00, 0x0D, 0x31, 0x91, 0x00, 0x2B,
    0x31, 0x91, 0x00, 0x0D, 0x31, 0x91, 0x00, 0x10, 0x31, 0x91, 0x00, 0x0C, 0x31, 0x91, 0x29, 0x2D,
    0x42, 0x31, 0x21, 0x0F, 0x42, 0x12, 0x29, 0x4E, 0x39, 0xD1, 0x21, 0x2F, 0x4A, 0x53, 0x29, 0x70,
    0x42, 0x13, 0x00, 0x2B, 0x31, 0x91, 0x00, 0x0C, 0x31, 0x91, 0x00, 0x2B, 0x31, 0x91, 0x08, 0x2A,
    0x31, 0x91, 0x00, 0x0C, 0x31, 0x91, 0x00, 0x0C, 0x31, 0x91, 0x00, 0x0B, 0x31, 0x91, 0x00, 0x2B,
    0x31, 0x91, 0x00, 0x0D, 0x31, 0x91, 0x00, 0x2B, 0x31, 0x91, 0x08, 0x2B, 0x41, 0xF2, 0x29, 0x2F,
    0x42, 0x12, 0x00, 0x2B, 0x31, 0x91, 0x00, 0x0C, 0x31, 0x91, 0x00, 0x0F, 0x31, 0x91, 0x00, 0x0F,
    0x31, 0x91, 0x08, 0x4E, 0x42, 0x11, 0x29, 0x2D, 0x39, 0xD1, 0x18, 0xCC, 0x42, 0x32, 0x29, 0x6E,
    0x39, 0xF1, 0x10, 0xAE, 0x31, 0x91, 0x00, 0x2B, 0x31, 0x91, 0x08, 0x2A, 0x31, 0x91, 0x08, 0x2A,
    0x31, 0x91, 0x00, 0x0C, 0x31, 0x91, 0x00, 0x0D, 0x31, 0x91, 0x00, 0x2B, 0x31, 0x91, 0x00, 0x0D,
    0x31, 0x91, 0x00, 0x10, 0x31, 0x91, 0x00, 0x0C, 0x31, 0x91, 0x00, 0x0B, 0x31, 0x91, 0x00, 0x0E,
    0x31, 0x91, 0x00, 0x2B, 0x31, 0x91, 0x00, 0x0D, 0x31, 0x91, 0x00, 0x0E, 0x31, 0xB1, 0x20, 0xEC,
    0x39, 0xF1, 0x08, 0x4C, 0x31, 0x91, 0x00, 0x2B, 0x31, 0x91, 0x08, 0x2A, 0x31, 0x91, 0x00, 0x0C,
    0x31, 0x91, 0x00, 0x0C, 0x31, 0x91, 0x08, 0x4C, 0x42, 0x11, 0x18, 0xCC, 0x31, 0xB1, 0x00, 0x0D,
    0x31, 0x91, 0x00, 0x2B, 0x31, 0x91, 0x00, 0x2B, 0x31, 0x91, 0x00, 0x0C, 0x31, 0x91, 0x00, 0x2B,
    0x31, 0x91, 0x00, 0x0C, 0x31, 0x91, 0x00, 0x0F, 0x31, 0x91, 0x00, 0x0F, 0x31, 0x91, 0x00, 0x0D,
    0x31, 0x91, 0x08, 0x2A, 0x31, 0x91, 0x08, 0x2A, 0x31, 0x91, 0x00, 0x2A, 0x31, 0x91, 0x00, 0x0D,
    0x31, 0x92, 0x00, 0x2B, 0x31, 0x92, 0x08, 0x2A, 0x29, 0x4F, 0x08, 0x2A, 0x00, 0x00, 0x00, 0x0C,
    0x00, 0x0C, 0x4A, 0x5B, 0x00, 0x0C, 0x39, 0xD4, 0x00, 0x2B, 0x31, 0x92, 0x00, 0x2B, 0x31, 0x92,
    0x00, 0x0C, 0x31, 0x92, 0x08, 0x2A, 0x31, 0x71, 0x00, 0x2B, 0x31, 0x71, 0x00, 0x0C, 0x31, 0x71,
    0x00, 0x2B, 0x31, 0x71, 0x08, 0x4D, 0x39, 0xF0, 0x21, 0x0F, 0x39, 0xB1, 0x08, 0x2D, 0x31, 0x71,
    0x00, 0x0C, 0x31, 0x71, 0x00, 0x2B, 0x31, 0x71, 0x08, 0x2A, 0x39, 0xD2, 0x31, 0x6F, 0x52, 0x93,
    0x21, 0x2F, 0x31, 0x71, 0x00, 0x2B, 0x31, 0x71, 0x08, 0x2A, 0x31, 0x71, 0x00, 0x2B, 0x31, 0x71,
    0x00, 0x0B, 0x31, 0x71, 0x00, 0x2B, 0x31, 0x71, 0x08, 0x2A, 0x31, 0x71, 0x00, 0x0D, 0x31, 0x71,
    0x00, 0x0E, 0x31, 0x71, 0x08, 0x2A, 0x31, 0x71, 0x00, 0x0C, 0x31, 0x71, 0x00, 0x0C, 0x31, 0x71,
    0x00, 0x0C, 0x31, 0x71, 0x00, 0x0F, 0x31, 0x71, 0x00, 0x0C, 0x31, 0x71, 0x00, 0x2B, 0x31, 0x71,
    0x00, 0x0C, 0x31, 0x71, 0x00, 0x2B, 0x31, 0x71, 0x00, 0x2B, 0x31, 0x71, 0x00, 0x0C, 0x31, 0x71,
    0x00, 0x0C, 0x31, 0x71, 0x00, 0x2B, 0x31, 0x71, 0x00, 0x2B, 0x31, 0x71, 0x00, 0x0C, 0x31, 0x71,
    0x08, 0x2A, 0x31, 0x71, 0x00, 0x2B, 0x31, 0x71, 0x00, 0x0C, 0x31, 0x71, 0x00, 0x2B, 0x31, 0x71,
    0x00, 0x0D, 0x31, 0x71, 0x00, 0x0E, 0x31, 0x71, 0x00, 0x0D, 0x31, 0x71, 0x00, 0x0C, 0x31, 0x71,
    0x00, 0x2B, 0x31, 0x71, 0x08, 0x2A, 0x31, 0x71, 0x00, 0x0C, 0x31, 0x71, 0x00, 0x0D, 0x31, 0x71,
    0x00, 0x2B, 0x31, 0x71, 0x08, 0x2A, 0x31, 0x71, 0x00, 0x2B, 0x31, 0x71, 0x00, 0x0B, 0x31, 0x71,
    0x00, 0x2B, 0x31, 0x71, 0x08, 0x2A, 0x31, 0x71, 0x00, 0x0D, 0x31, 0x71, 0x00, 0x0E, 0x31, 0x71,
    0x08, 0x2A, 0x31, 0x71, 0x00, 0x0C, 0x31, 0x71, 0x00, 0x0C, 0x31, 0x71, 0x00, 0x0C, 0x31, 0x71,
    0x00, 0x0F, 0x31, 0x71, 0x00, 0x0C, 0x31, 0x71, 0x00, 0x2B, 0x31, 0x71, 0x00, 0x0C, 0x31, 0x71,
    0x00, 0x2B, 0x31, 0x71, 0x00, 0x2B, 0x31, 0x71, 0x00, 0x0C, 0x31, 0x71, 0x00, 0x0C, 0x31, 0x71,
    0x00, 0x2B, 0x31, 0x71, 0x00, 0x2B, 0x31, 0x71, 0x00, 0x0C, 0x31, 0x71, 0x08, 0x2A, 0x31, 0x71,
    0x00, 0x2B, 0x31, 0x71, 0x00, 0x0C, 0x31, 0x71, 0x00, 0x2B, 0x31, 0x71, 0x00, 0x0D, 0x31, 0x71,
    0x00, 0x0E, 0x31, 0x71, 0x00, 0x0D, 0x31, 0x71, 0x00, 0x0C, 0x31, 0x71, 0x00, 0x2B, 0x31, 0x71,
    0x08, 0x2A, 0x31, 0x71, 0x00, 0x0C, 0x31, 0x71, 0x00, 0x0D, 0x31, 0x71, 0x00, 0x2B, 0x31, 0x71,
    0x08, 0x2A, 0x31, 0x71, 0x00, 0x2B, 0x31, 0x71, 0x00, 0x0B, 0x31, 0x71, 0x00, 0x2B, 0x31, 0x71,
    0x08, 0x2A, 0x31, 0x71, 0x00, 0x0D, 0x31, 0x71, 0x00, 0x0E, 0x31, 0x91, 0x18, 0xED, 0x18, 0xF0,
    0x18, 0xF1, 0x39, 0xD3, 0x63, 0x55, 0x9D, 0x39, 0x52, 0x95, 0x84, 0x39, 0xA5, 0x1B, 0xAD, 0x7B,
    0x7B, 0xB4, 0x31, 0x91, 0x00, 0x2B, 0x31, 0x71, 0x00, 0x0C, 0x31, 0x71, 0x00, 0x2B, 0x31, 0x71,
    0x00, 0x2B, 0x31, 0x71, 0x00, 0x0C, 0x31, 0x71, 0x00, 0x0C, 0x31, 0x71, 0x00, 0x2B, 0x31, 0x71,
    0x00, 0x2B, 0x31, 0x71, 0x00, 0x0C, 0x31, 0x71, 0x08, 0x2A, 0x31, 0x91, 0x5A, 0xD4, 0xA5, 0x1B,
    0x73, 0xB5, 0x31, 0xB1, 0x00, 0x2B, 0x31, 0x71, 0x00, 0x0D, 0x31, 0x71, 0x00, 0x0E, 0x31, 0x71,
    0x08, 0x2D, 0x31, 0xB1, 0x18, 0xF0, 0x08, 0x70, 0x18, 0xF1, 0x39, 0xD3, 0x63, 0x55, 0x9D, 0x38,
    0x52, 0x95, 0x7B, 0xF7, 0x73, 0x96, 0x5A, 0xF3, 0x10, 0x6C, 0x31, 0x71, 0x08, 0x2A, 0x31, 0x71,
    0x00, 0x2B, 0x31, 0x71, 0x00, 0x0B, 0x31, 0x71, 0x00, 0x2B, 0x31, 0x71, 0x08, 0x2A, 0x31, 0x71,
    0x00, 0x0D, 0x31, 0x71, 0x00, 0x0E, 0x31, 0x71, 0x08, 0x2A, 0x31, 0x71, 0x00, 0x0C, 0x31, 0x71,
    0x00, 0x0C, 0x31, 0x71, 0x00, 0x0C, 0x31, 0x71, 0x00, 0x0F, 0x31, 0x91, 0x31, 0xAF, 0x8C, 0xB7,
    0x42, 0x34, 0x52, 0x94, 0x00, 0x0C, 0x31, 0x71, 0x08, 0x2B, 0x31, 0x91, 0x00, 0x2B, 0x31, 0x71,
    0x00, 0x0C, 0x31, 0x71, 0x08, 0x2C, 0x4A, 0x72, 0x8C, 0x76, 0x4A, 0x75, 0x31, 0xB0, 0x31, 0x71,
    0x00, 0x0C, 0x31, 0x71, 0x08, 0x2A, 0x31, 0x71, 0x00, 0x2B, 0x31, 0x71, 0x00, 0x0C, 0x31, 0x71,
    0x00, 0x2B, 0x31, 0x71, 0x00, 0x0D, 0x31, 0x71, 0x00, 0x0E, 0x31, 0x71, 0x00, 0x0D, 0x31, 0x71,
    0x00, 0x0C, 0x31, 0x71, 0x00, 0x2B, 0x31, 0x71, 0x08, 0x2A, 0x31, 0x71, 0x00, 0x0C, 0x31, 0x92,
    0x00, 0x0D, 0x31, 0x92, 0x00, 0x2B, 0x4A, 0x3A, 0x08, 0x2A, 0x00, 0x00, 0x00, 0x2B, 0x00, 0x00,
    0x6B, 0x5F, 0x00, 0x0D, 0x42, 0x38, 0x00, 0x0C, 0x00, 0x00, 0x00, 0x2A, 0x31, 0x91, 0x00, 0x0C,
    0x31, 0x91, 0x00, 0x2B, 0x31, 0x71, 0x08, 0x2A, 0x31, 0x71, 0x00, 0x0B, 0x31, 0x71, 0x00, 0x2A,
    0x31, 0x71, 0x08, 0x2B, 0x31, 0xB1, 0x21, 0x10, 0x10, 0x90, 0x08, 0x6F, 0x31, 0x71, 0x00, 0x0C,
    0x31, 0x71, 0x00, 0x0B, 0x31, 0x71, 0x00, 0x2B, 0x31, 0x91, 0x6B, 0x74, 0xAD, 0x7B, 0xAD, 0x7B,
    0x84, 0x16, 0x08, 0x4D, 0x31, 0x71, 0x08, 0x2A, 0x31, 0x71, 0x00, 0x2B, 0x31, 0x71, 0x00, 0x0C,
    0x31, 0x71, 0x00, 0x2B, 0x31, 0x71, 0x08, 0x2A, 0x31, 0x71, 0x08, 0x2A, 0x31, 0x71, 0x00, 0x0D,
    0x31, 0x71, 0x00, 0x2B, 0x31, 0x71, 0x08, 0x2A, 0x31, 0x71, 0x00, 0x2B, 0x31, 0x71, 0x00, 0x2B,
    0x31, 0x71, 0x00, 0x0C, 0x31, 0x71, 0x00, 0x0D, 0x31, 0x71, 0x08, 0x2A, 0x31, 0x71, 0x00, 0x0C,
    0x31, 0x71, 0x00, 0x0D, 0x31, 0x71, 0x00, 0x0C, 0x31, 0x71, 0x00, 0x0C, 0x31, 0x71, 0x00, 0x0D,
    0x31, 0x71, 0x00, 0x0C, 0x31, 0x71, 0x00, 0x2A, 0x31, 0x71, 0x00, 0x0C, 0x31, 0x71, 0x00, 0x2B,
    0x31, 0x71, 0x08, 0x2A, 0x31, 0x71, 0x00, 0x0B, 0x31, 0x71, 0x00, 0x2A, 0x31, 0x71, 0x00, 0x2A,
    0x31, 0x71, 0x00, 0x0C, 0x31, 0x71, 0x00, 0x0C, 0x31, 0x71, 0x00, 0x0C, 0x31, 0x71, 0x00, 0x0B,
    0x31, 0x71, 0x00, 0x2B, 0x31, 0x71, 0x08, 0x2A, 0x31, 0x71, 0x00, 0x0D, 0x31, 0x71, 0x00, 0x0C,
    0x31, 0x71, 0x08, 0x2A, 0x31, 0x71, 0x00, 0x2B, 0x31, 0x71, 0x00, 0x0C, 0x31, 0x71, 0x08, 0x2B,
    0x31, 0x71, 0x08, 0x2A, 0x31, 0x71, 0x08, 0x2A, 0x31, 0x71, 0x00, 0x0D, 0x31, 0x71, 0x00, 0x2B,
    0x31, 0x71, 0x08, 0x2A, 0x31, 0x71, 0x00, 0x2B, 0x31, 0x71, 0x00, 0x2B, 0x31, 0x71, 0x00, 0x0C,
    0x31, 0x71, 0x00, 0x0D, 0x31, 0x71, 0x08, 0x2A, 0x31, 0x71, 0x00, 0x0C, 0x31, 0x71, 0x00, 0x0D,
    0x31, 0x71, 0x00, 0x0C, 0x31, 0x71, 0x00, 0x0C, 0x31, 0x71, 0x00, 0x0D, 0x31, 0x71, 0x00, 0x0C,
    0x31, 0x71, 0x00, 0x2A, 0x31, 0x71, 0x00, 0x0C, 0x31, 0x71, 0x00, 0x2B, 0x31, 0x71, 0x08, 0x2A,
    0x31, 0x71, 0x00, 0x0B, 0x31, 0x71, 0x00, 0x2A, 0x31, 0x71, 0x00, 0x2A, 0x31, 0x71, 0x00, 0x0C,
    0x31, 0x71, 0x00, 0x0C, 0x31, 0x71, 0x00, 0x0C, 0x31, 0x71, 0x00, 0x0B, 0x31, 0x71, 0x00, 0x2B,
    0x31, 0x71, 0x08, 0x2A, 0x31, 0x71, 0x00, 0x0D, 0x31, 0x71, 0x00, 0x0C, 0x31, 0x71, 0x08, 0x2A,
    0x31, 0x71, 0x00, 0x2B, 0x31, 0x71, 0x00, 0x0C, 0x31, 0x71, 0x00, 0x2B, 0x31, 0x71, 0x08, 0x2A,
    0x31, 0x71, 0x08, 0x2A, 0x31, 0x71, 0x00, 0x0D, 0x31, 0x71, 0x08, 0x2B, 0x42, 0x11, 0x21, 0x11,
    0x10, 0x90, 0x08, 0x6F, 0x39, 0xF2, 0x8C, 0x97, 0x7B, 0xF7, 0x9C, 0xDA, 0x9C, 0xD9, 0x94, 0xD8,
    0x7B, 0xF5, 0x10, 0x6B, 0x31, 0x71, 0x00, 0x0C, 0x31, 0x71, 0x00, 0x0D, 0x31, 0x71, 0x00, 0x0C,
    0x31, 0x71, 0x00, 0x0C, 0x31, 0x71, 0x00, 0x0D, 0x31, 0x71, 0x00, 0x0C, 0x31, 0x71, 0x00, 0x2A,
    0x31, 0x71, 0x00, 0x0C, 0x31, 0x71, 0x00, 0x2B, 0x31, 0x71, 0x08, 0x4A, 0x8C, 0x38, 0xB5, 0xBC,
    0x84, 0x36, 0x10, 0x6B, 0x31, 0x71, 0x00, 0x2A, 0x31, 0x71, 0x00, 0x0C, 0x31, 0x71, 0x00, 0x0C,
    0x31, 0x71, 0x31, 0x8F, 0x21, 0x31, 0x18, 0xD1, 0x18, 0xF0, 0x10, 0x8F, 0x39, 0xF2, 0x8C, 0x76,
    0x84, 0x19, 0xAD, 0x7B, 0xB5, 0xBC, 0xA5, 0x3A, 0x73, 0x94, 0x08, 0x2A, 0x31, 0x71, 0x00, 0x2B,
    0x31, 0x71, 0x00, 0x0C, 0x31, 0x71, 0x00, 0x2B, 0x31, 0x71, 0x08, 0x2A, 0x31, 0x71, 0x08, 0x2A,
    0x31, 0x71, 0x00, 0x0D, 0x31, 0x71, 0x00, 0x2B, 0x31, 0x71, 0x08, 0x2A, 0x31, 0x71, 0x00, 0x2B,
    0x31, 0x71, 0x00, 0x2B, 0x31, 0x71, 0x00, 0x0C, 0x31, 0x71, 0x00, 0x2D, 0x4A, 0x51, 0x9D, 0x18,
    0x84, 0x3A, 0x4A, 0x73, 0x31, 0x71, 0x10, 0x6D, 0x39, 0xF1, 0x31, 0x90, 0x52, 0x93, 0x08, 0x2C,
    0x31, 0x71, 0x00, 0x0D, 0x31, 0x71, 0x39, 0xCF, 0x9D, 0x38, 0x84, 0x39, 0x6B, 0x35, 0x08, 0x2C,
    0x31, 0x71, 0x00, 0x2B, 0x31, 0x71, 0x08, 0x2A, 0x31, 0x71, 0x00, 0x0B, 0x31, 0x71, 0x00, 0x2A,
    0x31, 0x71, 0x00, 0x2A, 0x31, 0x71, 0x00, 0x0C, 0x31, 0x71, 0x00, 0x0C, 0x31, 0x71, 0x00, 0x0C,
    0x31, 0x71, 0x00, 0x0B, 0x31, 0x71, 0x00, 0x2B, 0x31, 0x71, 0x08, 0x2A, 0x31, 0x71, 0x00, 0x0D,
    0x31, 0x91, 0x00, 0x0C, 0x31, 0x91, 0x08, 0x2A, 0x29, 0x4F, 0x00, 0x2B, 0x00, 0x00, 0x00, 0x0C,
    0x00, 0x0C, 0x4A, 0x5A, 0x00, 0x0D, 0x39, 0xB4, 0x00, 0x2B, 0x31, 0x91, 0x00, 0x2A, 0x31, 0x91,
    0x00, 0x0E, 0x31, 0x91, 0x00, 0x2B, 0x31, 0x71, 0x08, 0x2A, 0x31, 0x71, 0x00, 0x2B, 0x31, 0x71,
    0x08, 0x2A, 0x31, 0x71, 0x31, 0x8E, 0x29, 0x51, 0x18, 0xF1, 0x18, 0xF1, 0x18, 0xCE, 0x31, 0x71,
    0x00, 0x0D, 0x31, 0x71, 0x00, 0x0D, 0x31, 0x71, 0x29, 0x4D, 0x9C, 0xD8, 0xC6, 0x1F, 0xC6, 0x1F,
    0x7B, 0xF6, 0x31, 0x71, 0x00, 0x2B, 0x31, 0x71, 0x08, 0x2A, 0x31, 0x71, 0x00, 0x0C, 0x31, 0x71,
    0x00, 0x0B, 0x31, 0x71, 0x00, 0x2B, 0x31, 0x71, 0x08, 0x2A, 0x31, 0x71, 0x00, 0x2B, 0x31, 0x71,
    0x00, 0x0E, 0x31, 0x71, 0x00, 0x2B, 0x31, 0x71, 0x08, 0x2A, 0x31, 0x71, 0x08, 0x2A, 0x31, 0x71,
    0x08, 0x2A, 0x31, 0x71, 0x00, 0x0C, 0x31, 0x71, 0x00, 0x0C, 0x31, 0x71, 0x00, 0x2B, 0x31, 0x71,
    0x00, 0x0C, 0x31, 0x71, 0x00, 0x0D, 0x31, 0x71, 0x00, 0x0D, 0x31, 0x71, 0x00, 0x0C, 0x31, 0x71,
    0x00, 0x0D, 0x31, 0x71, 0x00, 0x2B, 0x31, 0x71, 0x00, 0x2A, 0x31, 0x71, 0x00, 0x0E, 0x31, 0x71,
    0x00, 0x2B, 0x31, 0x71, 0x08, 0x2A, 0x31, 0x71, 0x00, 0x2B, 0x31, 0x71, 0x08, 0x2A, 0x31, 0x71,
    0x08, 0x2A, 0x31, 0x71, 0x00, 0x0B, 0x31, 0x71, 0x00, 0x0C, 0x31, 0x71, 0x00, 0x0D, 0x31, 0x71,
    0x00, 0x0D, 0x31, 0x71, 0x00, 0x2B, 0x31, 0x71, 0x08, 0x2A, 0x31, 0x71, 0x00, 0x0C, 0x31, 0x71,
    0x00, 0x2B, 0x31, 0x71, 0x08, 0x2A, 0x31, 0x71, 0x00, 0x0C, 0x31, 0x71, 0x10, 0x6C, 0x39, 0xF1,
    0x31, 0x8F, 0x52, 0x93, 0x08, 0x2A, 0x31, 0x71, 0x00, 0x2B, 0x31, 0x71, 0x00, 0x0E, 0x31, 0x71,
    0x00, 0x2B, 0x31, 0x71, 0x08, 0x2A, 0x31, 0x71, 0x08, 0x2A, 0x31, 0x71, 0x08, 0x2A, 0x31, 0x71,
    0x00, 0x0C, 0x31, 0x71, 0x00, 0x0C, 0x31, 0x71, 0x00, 0x2B, 0x31, 0x71, 0x00, 0x0C, 0x31, 0x71,
    0x00, 0x0D, 0x31, 0x71, 0x00, 0x0D, 0x31, 0x71, 0x00, 0x0C, 0x31, 0x71, 0x00, 0x0D, 0x31, 0x71,
    0x00, 0x2B, 0x31, 0x71, 0x00, 0x2A, 0x31, 0x71, 0x00, 0x0E, 0x31, 0x71, 0x00, 0x2B, 0x31, 0x71,
    0x08, 0x2A, 0x31, 0x71, 0x00, 0x2B, 0x31, 0x71, 0x08, 0x2A, 0x31, 0x71, 0x08, 0x2A, 0x31, 0x71,
    0x00, 0x0B, 0x31, 0x71, 0x00, 0x0C, 0x31, 0x71, 0x00, 0x0D, 0x31, 0x71, 0x00, 0x0D, 0x31, 0x71,
    0x00, 0x2B, 0x31, 0x71, 0x08, 0x2A, 0x31, 0x71, 0x00, 0x0C, 0x31, 0x71, 0x00, 0x2B, 0x31, 0x71,
    0x08, 0x2A, 0x31, 0x71, 0x00, 0x0C, 0x31, 0x71, 0x00, 0x0B, 0x31, 0x71, 0x00, 0x2B, 0x31, 0x71,
    0x08, 0x2A, 0x31, 0x71, 0x00, 0x2B, 0x31, 0x71, 0x00, 0x0E, 0x31, 0x71, 0x39, 0xEE, 0x39, 0xF2,
    0x39, 0xF2, 0x4A, 0x31, 0x18, 0xAB, 0x42, 0x11, 0x18, 0xEB, 0x39, 0xF1, 0x21, 0x0D, 0x41, 0xF1,
    0x20, 0xED, 0x31, 0x71, 0x00, 0x2B, 0x31, 0x71, 0x00, 0x0C, 0x31, 0x71, 0x00, 0x0D, 0x31, 0x71,
    0x00, 0x0D, 0x31, 0x71, 0x00, 0x0C, 0x31, 0x71, 0x00, 0x0D, 0x31, 0x71, 0x00, 0x2B, 0x31, 0x71,
    0x00, 0x2A, 0x31, 0x71, 0x00, 0x0E, 0x31, 0x71, 0x00, 0x2B, 0x31, 0x91, 0x7B, 0xF6, 0xBD, 0xFD,
    0x7B, 0xF6, 0x31, 0x91, 0x08, 0x2A, 0x31, 0x71, 0x08, 0x2A, 0x31, 0x71, 0x00, 0x0B, 0x31, 0x71,
    0x08, 0x2C, 0x4A, 0x71, 0x39, 0xF2, 0x42, 0x12, 0x29, 0x4E, 0x39, 0xD1, 0x18, 0xCC, 0x41, 0xF1,
    0x29, 0x2D, 0x63, 0x14, 0x84, 0x37, 0xBD, 0xFD, 0xA5, 0x19, 0x42, 0x12, 0x08, 0x2A, 0x31, 0x71,
    0x00, 0x0C, 0x31, 0x71, 0x00, 0x0B, 0x31, 0x71, 0x00, 0x2B, 0x31, 0x71, 0x08, 0x2A, 0x31, 0x71,
    0x00, 0x2B, 0x31, 0x71, 0x00, 0x0E, 0x31, 0x71, 0x00, 0x2B, 0x31, 0x71, 0x08, 0x2A, 0x31, 0x71,
    0x08, 0x2A, 0x31, 0x71, 0x08, 0x2A, 0x31, 0x71, 0x00, 0x0C, 0x31, 0x71, 0x20, 0xED, 0x52, 0xB3,
    0x39, 0xAF, 0x42, 0x11, 0x00, 0x0C, 0x31, 0x71, 0x08, 0x6F, 0x39, 0xF3, 0x6B, 0x95, 0x31, 0x91,
    0x00, 0x0C, 0x31, 0x71, 0x00, 0x0D, 0x41, 0xF1, 0x39, 0xCF, 0x52, 0x93, 0x21, 0x0C, 0x31, 0x71,
    0x00, 0x0E, 0x31, 0x71, 0x00, 0x2B, 0x31, 0x71, 0x08, 0x2A, 0x31, 0x71, 0x00, 0x2B, 0x31, 0x71,
    0x08, 0x2A, 0x31, 0x71, 0x08, 0x2A, 0x31, 0x71, 0x00, 0x0B, 0x31, 0x71, 0x00, 0x0C, 0x31, 0x71,
    0x00, 0x0D, 0x31, 0x71, 0x00, 0x0D, 0x31, 0x71, 0x00, 0x2B, 0x31, 0x71, 0x08, 0x2A, 0x31, 0x91,
    0x00, 0x0C, 0x31, 0x91, 0x00, 0x2B, 0x42, 0x39, 0x08, 0x2A, 0x00, 0x00, 0x00, 0x0C, 0x00, 0x00,
    0x6B, 0x3F, 0x00, 0x0C, 0x42, 0x18, 0x00, 0x0C, 0x00, 0x00, 0x08, 0x2A, 0x31, 0x71, 0x00, 0x0D,
    0x31, 0x71, 0x00, 0x0E, 0x29, 0x71, 0x00, 0x2B, 0x29, 0x71, 0x00, 0x2B, 0x29, 0x71, 0x00, 0x2B,
    0x29, 0x71, 0x08, 0x2A, 0x4A, 0x71, 0x39, 0xF2, 0x31, 0x93, 0x31, 0xD3, 0x42, 0x12, 0x10, 0x6D,
    0x29, 0x71, 0x00, 0x0E, 0x29, 0x71, 0x00, 0x2D, 0x63, 0x34, 0xBD, 0xDC, 0xC6, 0x3F, 0xC6, 0x3F,
    0x8C, 0x58, 0x08, 0x4B, 0x29, 0x71, 0x08, 0x2A, 0x29, 0x71, 0x08, 0x2A, 0x29, 0x71, 0x00, 0x2B,
    0x29, 0x71, 0x00, 0x2B, 0x29, 0x71, 0x00, 0x2B, 0x29, 0x71, 0x08, 0x2A, 0x29, 0x71, 0x00, 0x0C,
    0x29, 0x71, 0x00, 0x0E, 0x29, 0x71, 0x00, 0x0C, 0x29, 0x71, 0x08, 0x2A, 0x29, 0x71, 0x08, 0x2A,
    0x29, 0x71, 0x08, 0x2A, 0x29, 0x71, 0x00, 0x0D, 0x29, 0x71, 0x00, 0x0C, 0x29, 0x71, 0x00, 0x2B,
    0x29, 0x71, 0x00, 0x2B, 0x29, 0x71, 0x00, 0x0D, 0x29, 0x71, 0x00, 0x0C, 0x29, 0x71, 0x00, 0x0C,
    0x29, 0x71, 0x00, 0x0C, 0x29, 0x71, 0x08, 0x2A, 0x29, 0x71, 0x00, 0x0D, 0x29, 0x71, 0x00, 0x0E,
    0x29, 0x71, 0x00, 0x2B, 0x29, 0x71, 0x00, 0x2B, 0x29, 0x71, 0x00, 0x2B, 0x29, 0x71, 0x08, 0x2A,
    0x29, 0x71, 0x08, 0x2A, 0x29, 0x71, 0x00, 0x0C, 0x29, 0x71, 0x00, 0x0C, 0x29, 0x71, 0x00, 0x0E,
    0x29, 0x71, 0x00, 0x0D, 0x29, 0x71, 0x08, 0x2A, 0x29, 0x71, 0x08, 0x2A, 0x29, 0x71, 0x00, 0x2A,
    0x29, 0x71, 0x08, 0x2A, 0x29, 0x71, 0x08, 0x2A, 0x29, 0x71, 0x00, 0x2B, 0x31, 0x71, 0x08, 0x6F,
    0x39, 0xF3, 0x6B, 0x94, 0x31, 0x91, 0x08, 0x2A, 0x29, 0x71, 0x00, 0x0C, 0x29, 0x71, 0x00, 0x0E,
    0x29, 0x71, 0x00, 0x0C, 0x29, 0x71, 0x08, 0x2A, 0x29, 0x71, 0x08, 0x2A, 0x29, 0x71, 0x08, 0x2A,
    0x29, 0x71, 0x00, 0x0D, 0x29, 0x71, 0x00, 0x0C, 0x29, 0x71, 0x00, 0x2B, 0x29, 0x71, 0x00, 0x2B,
    0x29, 0x71, 0x00, 0x0D, 0x29, 0x71, 0x00, 0x0C, 0x29, 0x71, 0x00, 0x0C, 0x29, 0x71, 0x00, 0x0C,
    0x29, 0x71, 0x08, 0x2A, 0x29, 0x71, 0x00, 0x0D, 0x29, 0x71, 0x00, 0x0E, 0x29, 0x71, 0x00, 0x2B,
    0x29, 0x71, 0x00, 0x2B, 0x29, 0x71, 0x00, 0x2B, 0x29, 0x71, 0x08, 0x2A, 0x29, 0x71, 0x08, 0x2A,
    0x29, 0x71, 0x00, 0x0C, 0x29, 0x71, 0x00, 0x0C, 0x29, 0x71, 0x00, 0x0E, 0x29, 0x71, 0x00, 0x0D,
    0x29, 0x71, 0x08, 0x2A, 0x29, 0x71, 0x08, 0x2A, 0x29, 0x71, 0x00, 0x2A, 0x29, 0x71, 0x08, 0x2A,
    0x29, 0x71, 0x08, 0x2A, 0x29, 0x71, 0x00, 0x2B, 0x29, 0x71, 0x00, 0x2B, 0x29, 0x71, 0x00, 0x2B,
    0x29, 0x71, 0x08, 0x2A, 0x29, 0x71, 0x00, 0x0C, 0x29, 0x71, 0x00, 0x2E, 0x4A, 0x51, 0x52, 0xB4,
    0x5A, 0xF4, 0x20, 0xED, 0x29, 0x71, 0x08, 0x2A, 0x29, 0x71, 0x08, 0x2A, 0x29, 0x71, 0x00, 0x0D,
    0x29, 0x71, 0x00, 0x0C, 0x29, 0x71, 0x00, 0x2B, 0x29, 0x71, 0x00, 0x2B, 0x29, 0x71, 0x00, 0x0D,
    0x31, 0x71, 0x00, 0x0C, 0x29, 0x71, 0x00, 0x0C, 0x29, 0x71, 0x00, 0x0C, 0x29, 0x71, 0x08, 0x2A,
    0x29, 0x71, 0x00, 0x0D, 0x29, 0x71, 0x00, 0x2E, 0x29, 0x71, 0x08, 0x2B, 0x8C, 0x57, 0xC6, 0x1D,
    0x8C, 0x56, 0x08, 0x2B, 0x29, 0x71, 0x08, 0x2A, 0x29, 0x71, 0x08, 0x2A, 0x29, 0x71, 0x00, 0x0C,
    0x31, 0x71, 0x31, 0xAF, 0x4A, 0x94, 0x4A, 0x92, 0x31, 0x91, 0x00, 0x0D, 0x29, 0x71, 0x08, 0x2A,
    0x29, 0x71, 0x08, 0x2A, 0x5A, 0xD2, 0xB5, 0xBC, 0xBD, 0xFD, 0x39, 0xCF, 0x29, 0x71, 0x08, 0x2A,
    0x29, 0x71, 0x00, 0x2B, 0x29, 0x71, 0x00, 0x2B, 0x31, 0x71, 0x00, 0x2B, 0x29, 0x71, 0x08, 0x2A,
    0x29, 0x71, 0x00, 0x0C, 0x29, 0x71, 0x00, 0x0E, 0x29, 0x71, 0x00, 0x0C, 0x29, 0x71, 0x08, 0x2A,
    0x29, 0x71, 0x08, 0x2A, 0x29, 0x71, 0x08, 0x2A, 0x29, 0x71, 0x00, 0x0D, 0x29, 0x71, 0x00, 0x0C,
    0x29, 0x71, 0x00, 0x2B, 0x29, 0x71, 0x10, 0x6C, 0x39, 0xD2, 0x31, 0xB3, 0x8C, 0x58, 0x08, 0x4C,
    0x29, 0x71, 0x00, 0x0C, 0x29, 0x71, 0x00, 0x0C, 0x29, 0x71, 0x08, 0x2A, 0x29, 0x71, 0x00, 0x0D,
    0x29, 0x71, 0x00, 0x0E, 0x29, 0x71, 0x00, 0x2B, 0x29, 0x71, 0x08, 0x2B, 0x29, 0x71, 0x00, 0x2B,
    0x29, 0x71, 0x08, 0x2A, 0x29, 0x71, 0x08, 0x2A, 0x29, 0x71, 0x00, 0x0C, 0x29, 0x71, 0x00, 0x0C,
    0x29, 0x71, 0x00, 0x2E, 0x29, 0x71, 0x00, 0x0D, 0x29, 0x71, 0x08, 0x2A, 0x29, 0x71, 0x08, 0x2A,
    0x31, 0x71, 0x00, 0x2A, 0x31, 0x71, 0x08, 0x2A, 0x29, 0x2E, 0x08, 0x2A, 0x00, 0x00, 0x00, 0x2B,
    0x00, 0x0C, 0x4A, 0x3A, 0x00, 0x0C, 0x31, 0xB3, 0x00, 0x0C, 0x31, 0x71, 0x00, 0x2B, 0x31, 0x71,
    0x00, 0x0F, 0x31, 0x71, 0x00, 0x0F, 0x29, 0x50, 0x00, 0x0C, 0x29, 0x50, 0x00, 0x0E, 0x29, 0x50,
    0x00, 0x0C, 0x29, 0x70, 0x31, 0xAF, 0x4A, 0x73, 0x4A, 0x74, 0x52, 0x94, 0x52, 0xD4, 0x42, 0x11,
    0x00, 0x0D, 0x29, 0x50, 0x00, 0x0F, 0x31, 0xB0, 0x7B, 0xF7, 0xC6, 0x1E, 0xC6, 0x3E, 0xC6, 0x3E,
    0x7B, 0xF5, 0x31, 0x90, 0x08, 0x2A, 0x29, 0x50, 0x08, 0x2A, 0x29, 0x50, 0x08, 0x2A, 0x29, 0x50,
    0x08, 0x2A, 0x29, 0x50, 0x00, 0x2B, 0x29, 0x50, 0x08, 0x2A, 0x29, 0x50, 0x08, 0x2A, 0x29, 0x50,
    0x00, 0x0D, 0x29, 0x50, 0x00, 0x0F, 0x29, 0x50, 0x00, 0x0D, 0x29, 0x50, 0x00, 0x2B, 0x29, 0x50,
    0x08, 0x2A, 0x29, 0x50, 0x00, 0x2B, 0x29, 0x50, 0x00, 0x0C, 0x29, 0x50, 0x00, 0x0C, 0x29, 0x70,
    0x00, 0x2B, 0x29, 0x50, 0x00, 0x2B, 0x29, 0x50, 0x00, 0x0C, 0x29, 0x50, 0x00, 0x0C, 0x29, 0x50,
    0x00, 0x0C, 0x29, 0x50, 0x00, 0x0C, 0x29, 0x50, 0x00, 0x2B, 0x29, 0x50, 0x00, 0x0F, 0x29, 0x50,
    0x00, 0x0F, 0x29, 0x70, 0x00, 0x0C, 0x29, 0x50, 0x00, 0x0E, 0x29, 0x50, 0x00, 0x0C, 0x29, 0x50,
    0x00, 0x2B, 0x29, 0x50, 0x00, 0x0C, 0x29, 0x70, 0x00, 0x0C, 0x29, 0x50, 0x00, 0x0D, 0x29, 0x50,
    0x00, 0x0F, 0x29, 0x50, 0x00, 0x0E, 0x29, 0x50, 0x08, 0x2A, 0x29, 0x50, 0x08, 0x2A, 0x29, 0x70,
    0x08, 0x2A, 0x29, 0x50, 0x08, 0x2A, 0x29, 0x50, 0x08, 0x2A, 0x29, 0x50, 0x10, 0x6B, 0x39, 0xD2,
    0x31, 0xB3, 0x8C, 0x58, 0x08, 0x4A, 0x29, 0x50, 0x08, 0x2A, 0x29, 0x50, 0x00, 0x0D, 0x29, 0x50,
    0x00, 0x0F, 0x29, 0x50, 0x00, 0x0D, 0x29, 0x50, 0x00, 0x2B, 0x29, 0x50, 0x08, 0x2A, 0x29, 0x50,
    0x00, 0x2B, 0x29, 0x50, 0x00, 0x0C, 0x29, 0x50, 0x00, 0x0C, 0x29, 0x50, 0x00, 0x2B, 0x29, 0x50,
    0x00, 0x2B, 0x29, 0x50, 0x00, 0x0C, 0x29, 0x50, 0x00, 0x0C, 0x29, 0x50, 0x00, 0x0C, 0x29, 0x50,
    0x00, 0x0C, 0x29, 0x50, 0x00, 0x2B, 0x29, 0x50, 0x00, 0x0F, 0x29, 0x50, 0x00, 0x0F, 0x29, 0x50,
    0x00, 0x0C, 0x29, 0x50, 0x00, 0x0E, 0x29, 0x50, 0x00, 0x0C, 0x29, 0x50, 0x00, 0x2B, 0x29, 0x50,
    0x00, 0x0C, 0x29, 0x50, 0x00, 0x0C, 0x29, 0x50, 0x00, 0x0D, 0x29, 0x50, 0x00, 0x0F, 0x29, 0x50,
    0x00, 0x0E, 0x29, 0x50, 0x08, 0x2A, 0x29, 0x50, 0x08, 0x2A, 0x29, 0x50, 0x08, 0x2A, 0x29, 0x50,
    0x08, 0x2A, 0x29, 0x50, 0x08, 0x2A, 0x29, 0x50, 0x08, 0x2A, 0x29, 0x50, 0x00, 0x2B, 0x29, 0x50,
    0x08, 0x2A, 0x29, 0x50, 0x08, 0x2A, 0x29, 0x50, 0x00, 0x0D, 0x29, 0x70, 0x39, 0xF1, 0x6B, 0x55,
    0x73, 0x96, 0x42, 0x12, 0x00, 0x2B, 0x29, 0x50, 0x08, 0x2A, 0x29, 0x50, 0x00, 0x2B, 0x29, 0x50,
    0x00, 0x0C, 0x29, 0x50, 0x08, 0x2C, 0x39, 0xF0, 0x21, 0x0D, 0x31, 0x90, 0x08, 0x2B, 0x39, 0xD1,
    0x31, 0xB0, 0x63, 0x35, 0x29, 0x2E, 0x31, 0x70, 0x00, 0x0C, 0x29, 0x50, 0x00, 0x0C, 0x29, 0x50,
    0x08, 0x2B, 0x31, 0x91, 0x21, 0x10, 0x63, 0x13, 0x4A, 0x73, 0x41, 0xF1, 0x84, 0x16, 0xC6, 0x3D,
    0x7C, 0x17, 0x31, 0x70, 0x00, 0x0C, 0x29, 0x50, 0x00, 0x2B, 0x29, 0x50, 0x00, 0x0C, 0x29, 0x50,
    0x08, 0x2C, 0x4A, 0x72, 0x63, 0x15, 0x63, 0x14, 0x08, 0x6F, 0x29, 0x50, 0x00, 0x0E, 0x29, 0x50,
    0x08, 0x2A, 0x29, 0x50, 0x20, 0xEC, 0xAD, 0x7B, 0xBD, 0xDB, 0x6B, 0x55, 0x08, 0x2A, 0x29, 0x50,
    0x08, 0x2A, 0x31, 0x90, 0x10, 0x6B, 0x31, 0xB1, 0x42, 0x50, 0x4A, 0x32, 0x18, 0xAC, 0x29, 0x70,
    0x08, 0x2A, 0x29, 0x50, 0x00, 0x0D, 0x29, 0x50, 0x08, 0x2F, 0x31, 0x90, 0x18, 0xCF, 0x5A, 0xF4,
    0x31, 0x90, 0x42, 0x32, 0x08, 0x4A, 0x29, 0x50, 0x00, 0x2B, 0x29, 0x50, 0x18, 0xED, 0x52, 0xB2,
    0x31, 0x8F, 0x39, 0xF1, 0x21, 0x2D, 0x42, 0x31, 0x63, 0x33, 0x8C, 0x58, 0x8C, 0x96, 0x52, 0x92,
    0x31, 0x6F, 0x4A, 0x72, 0x08, 0x2C, 0x39, 0xF1, 0x39, 0xCF, 0x52, 0x73, 0x18, 0xAC, 0x29, 0x50,
    0x00, 0x0F, 0x29, 0x50, 0x08, 0x4F, 0x31, 0x70, 0x18, 0xCE, 0x5A, 0xF4, 0x29, 0x50, 0x39, 0xD1,
    0x08, 0x2C, 0x29, 0x50, 0x00, 0x2B, 0x31, 0x70, 0x21, 0x0D, 0x39, 0xD0, 0x10, 0x6D, 0x29, 0x70,
    0x18, 0xAE, 0x4A, 0x73, 0x4A, 0x74, 0x42, 0x32, 0x08, 0x4E, 0x29, 0x50, 0x08, 0x2A, 0x31, 0x71,
    0x08, 0x2A, 0x31, 0x71, 0x08, 0x2A, 0x42, 0x18, 0x08, 0x2A, 0x00, 0x00, 0x08, 0x2A, 0x00, 0x00,
    0x63, 0x1F, 0x00, 0x0C, 0x41, 0xF7, 0x00, 0x0C, 0x00, 0x00, 0x00, 0x2A, 0x29, 0x71, 0x00, 0x2B,
    0x29, 0x71, 0x00, 0x0E, 0x29, 0x50, 0x00, 0x0E, 0x29, 0x50, 0x00, 0x0E, 0x29, 0x50, 0x00, 0x0E,
    0x29, 0x50, 0x00, 0x2E, 0x4A, 0x51, 0x5A, 0xF4, 0x5B, 0x15, 0x63, 0x15, 0x73, 0xD6, 0x5A, 0xD2,
    0x29, 0x70, 0x00, 0x0D, 0x29, 0x50, 0x29, 0x31, 0xB5, 0x9B, 0xAD, 0x59, 0xBD, 0xDC, 0xC6, 0x3E,
    0x84, 0x35, 0x10, 0x6C, 0x29, 0x50, 0x00, 0x2B, 0x29, 0x50, 0x10, 0x6A, 0x29, 0x70, 0x18, 0xCD,
    0x5A, 0xF4, 0x29, 0x4E, 0x39, 0xD1, 0x08, 0x2B, 0x29, 0x50, 0x08, 0x2A, 0x31, 0x70, 0x21, 0x2D,
    0x39, 0xD0, 0x08, 0x2E, 0x29, 0x50, 0x00, 0x0F, 0x29, 0x50, 0x00, 0x0E, 0x31, 0x91, 0x31, 0x8E,
    0x4A, 0x53, 0x08, 0x6A, 0x29, 0x50, 0x00, 0x2B, 0x31, 0x90, 0x10, 0x6C, 0x31, 0xB1, 0x42, 0x51,
    0x4A, 0x32, 0x18, 0xAC, 0x29, 0x50, 0x00, 0x2B, 0x29, 0x50, 0x08, 0x2C, 0x39, 0xF0, 0x21, 0x2E,
    0x31, 0x90, 0x08, 0x2D, 0x29, 0x50, 0x10, 0xAD, 0x39, 0xB1, 0x10, 0x6C, 0x29, 0x50, 0x08, 0x4F,
    0x4A, 0x33, 0x4A, 0x53, 0x52, 0x93, 0x18, 0xCF, 0x29, 0x50, 0x00, 0x0E, 0x29, 0x50, 0x00, 0x0E,
    0x31, 0x90, 0x10, 0x6E, 0x31, 0xB1, 0x42, 0x51, 0x4A, 0x32, 0x18, 0xAD, 0x29, 0x50, 0x00, 0x0D,
    0x29, 0x50, 0x00, 0x2F, 0x39, 0xD0, 0x21, 0x0E, 0x31, 0x70, 0x08, 0x2A, 0x39, 0xD1, 0x31, 0xB0,
    0x63, 0x14, 0x29, 0x2E, 0x31, 0x70, 0x08, 0x2A, 0x31, 0x70, 0x21, 0x2C, 0x42, 0x11, 0x63, 0x33,
    0x8C, 0x58, 0x8C, 0x96, 0x52, 0x92, 0x31, 0x8E, 0x4A, 0x72, 0x08, 0x4B, 0x29, 0x50, 0x00, 0x0E,
    0x29, 0x50, 0x00, 0x0F, 0x29, 0x50, 0x00, 0x0E, 0x29, 0x50, 0x08, 0x2A, 0x29, 0x50, 0x08, 0x2A,
    0x29, 0x50, 0x00, 0x2B, 0x29, 0x50, 0x00, 0x0B, 0x29, 0x50, 0x00, 0x2B, 0x29, 0x50, 0x08, 0x2A,
    0x29, 0x50, 0x00, 0x2B, 0x29, 0x50, 0x00, 0x0B, 0x29, 0x50, 0x00, 0x0C, 0x29, 0x50, 0x00, 0x0C,
    0x29, 0x50, 0x00, 0x2A, 0x29, 0x50, 0x00, 0x2B, 0x29, 0x50, 0x00, 0x0E, 0x29, 0x50, 0x00, 0x0E,
    0x29, 0x50, 0x00, 0x0E, 0x29, 0x50, 0x00, 0x0E, 0x29, 0x50, 0x00, 0x0E, 0x29, 0x50, 0x00, 0x0D,
    0x29, 0x50, 0x00, 0x0C, 0x29, 0x50, 0x00, 0x0C, 0x29, 0x50, 0x00, 0x0D, 0x29, 0x50, 0x00, 0x0F,
    0x29, 0x50, 0x00, 0x0D, 0x29, 0x50, 0x08, 0x2A, 0x29, 0x50, 0x00, 0x0C, 0x29, 0x50, 0x00, 0x2B,
    0x29, 0x50, 0x08, 0x2A, 0x29, 0x50, 0x08, 0x2A, 0x29, 0x50, 0x08, 0x2A, 0x29, 0x50, 0x00, 0x2B,
    0x29, 0x50, 0x08, 0x2A, 0x29, 0x50, 0x00, 0x2A, 0x29, 0x50, 0x08, 0x2E, 0x4A, 0x72, 0x7B, 0xF7,
    0x84, 0x38, 0x39, 0xF2, 0x4A, 0x52, 0x41, 0xEE, 0x5A, 0xD2, 0x31, 0xAE, 0x4A, 0x72, 0x31, 0x6E,
    0x31, 0x91, 0x00, 0x0B, 0x31, 0x90, 0x39, 0xF1, 0x31, 0xD2, 0x29, 0x4F, 0x31, 0xB1, 0x9C, 0xFA,
    0xAD, 0x5A, 0xB5, 0xBC, 0xAD, 0x5A, 0x73, 0x94, 0x39, 0xF1, 0x00, 0x0C, 0x29, 0x50, 0x00, 0x2A,
    0x39, 0xD1, 0x5A, 0xF3, 0x94, 0xD9, 0xB5, 0xBB, 0xB5, 0xD9, 0x94, 0x95, 0xA5, 0x59, 0xCE, 0x5D,
    0x8C, 0x78, 0x08, 0x4E, 0x29, 0x50, 0x00, 0x0E, 0x29, 0x50, 0x00, 0x0D, 0x29, 0x50, 0x00, 0x0C,
    0x29, 0x50, 0x31, 0xB0, 0x6B, 0x96, 0x6B, 0x55, 0x31, 0x91, 0x00, 0x0F, 0x29, 0x50, 0x00, 0x0D,
    0x29, 0x50, 0x08, 0x2A, 0x63, 0x14, 0xBD, 0xFC, 0xB5, 0x9A, 0x4A, 0x30, 0x29, 0x50, 0x08, 0x2A,
    0x31, 0x90, 0x21, 0x0E, 0x39, 0xD2, 0x39, 0xD2, 0xBD, 0xFD, 0xAD, 0x7B, 0x94, 0xB9, 0x41, 0xEF,
    0x31, 0x70, 0x00, 0x2A, 0x29, 0x50, 0x08, 0x4E, 0x39, 0xF1, 0x31, 0x92, 0x31, 0xD2, 0xB5, 0xDD,
    0xB5, 0xBC, 0xA5, 0x3A, 0x7B, 0xF7, 0x18, 0xCB, 0x29, 0x50, 0x08, 0x2B, 0x63, 0x34, 0xC6, 0x3B,
    0xC6, 0x3C, 0x5A, 0xD2, 0x5A, 0xF2, 0x63, 0x33, 0x84, 0x57, 0xAD, 0x9B, 0xBD, 0xFA, 0x9D, 0x19,
    0x9C, 0xF8, 0x84, 0x16, 0x39, 0xF1, 0x4A, 0x72, 0xC6, 0x3B, 0xC6, 0x3C, 0x6B, 0x55, 0x00, 0x2B,
    0x29, 0x50, 0x10, 0x8F, 0x31, 0xB1, 0x31, 0xB2, 0x39, 0xD2, 0xBD, 0xFD, 0xB5, 0x9B, 0x8C, 0x78,
    0x5A, 0xB3, 0x08, 0x4E, 0x29, 0x50, 0x10, 0x8E, 0x42, 0x32, 0x31, 0xB2, 0x31, 0xB1, 0x20, 0xEF,
    0xA5, 0x3A, 0xAD, 0x5A, 0xB5, 0xDC, 0xA5, 0x3A, 0x7B, 0xF6, 0x18, 0xEE, 0x29, 0x50, 0x08, 0x2A,
    0x29, 0x71, 0x00, 0x0C, 0x29, 0x71, 0x00, 0x2B, 0x21, 0x2E, 0x08, 0x2A, 0x00, 0x00, 0x08, 0x2A,
    0x00, 0x0C, 0x42, 0x19, 0x00, 0x0D, 0x31, 0x93, 0x00, 0x2B, 0x29, 0x51, 0x08, 0x2A, 0x29, 0x51,
    0x00, 0x2B, 0x29, 0x51, 0x00, 0x0D, 0x29, 0x50, 0x00, 0x0D, 0x29, 0x50, 0x00, 0x0E, 0x29, 0x50,
    0x00, 0x0E, 0x29, 0x50, 0x31, 0x91, 0x6B, 0x56, 0x6B, 0x76, 0x5A, 0xF4, 0x8C, 0x58, 0x84, 0x35,
    0x29, 0x4E, 0x29, 0x50, 0x08, 0x2D, 0x6B, 0x75, 0xBE, 0x1C, 0x8C, 0x75, 0x9C, 0xF8, 0xC6, 0x1D,
    0x7B, 0xF4, 0x29, 0x70, 0x00, 0x0E, 0x29, 0x50, 0x10, 0x8D, 0x31, 0xB1, 0x31, 0xB2, 0x39, 0xD2,
    0xBD, 0xFD, 0xB5, 0x9B, 0x8C, 0x78, 0x52, 0xB3, 0x08, 0x4B, 0x29, 0x50, 0x21, 0x0C, 0x42, 0x12,
    0x31, 0x91, 0x31, 0x70, 0x00, 0x0C, 0x29, 0x50, 0x00, 0x0E, 0x29, 0x50, 0x52, 0x92, 0xAD, 0x7A,
    0x94, 0x96, 0x42, 0x11, 0x08, 0x2A, 0x31, 0x90, 0x21, 0x0F, 0x39, 0xD2, 0x31, 0xB2, 0xB5, 0xBC,
    0xAD, 0x7A, 0x94, 0xB9, 0x39, 0xF0, 0x29, 0x50, 0x00, 0x0C, 0x31, 0x90, 0x39, 0xF1, 0x31, 0xD2,
    0x29, 0x71, 0x31, 0xB1, 0x39, 0xD2, 0x3A, 0x12, 0x39, 0xD2, 0x84, 0x16, 0x31, 0x8E, 0x84, 0x15,
    0xA5, 0x39, 0xB5, 0xDC, 0xAD, 0x9B, 0x94, 0x77, 0x20, 0xF0, 0x29, 0x50, 0x00, 0x0E, 0x31, 0x90,
    0x21, 0x10, 0x39, 0xD2, 0x31, 0xB2, 0xB5, 0xBC, 0xAD, 0x7A, 0x94, 0xB9, 0x39, 0xF0, 0x29, 0x50,
    0x00, 0x0D, 0x31, 0x90, 0x39, 0xF1, 0x31, 0xD2, 0x29, 0x50, 0x31, 0xB1, 0x9C, 0xFA, 0xAD, 0x5A,
    0xB5, 0xBC, 0xAD, 0x5A, 0x73, 0x94, 0x39, 0xD1, 0x18, 0xAB, 0x5A, 0xF2, 0x63, 0x33, 0x84, 0x57,
    0xAD, 0x9B, 0xBD, 0xFA, 0x9D, 0x19, 0x9C, 0xF8, 0x84, 0x15, 0x39, 0xD0, 0x08, 0x2A, 0x29, 0x50,
    0x00, 0x0C, 0x29, 0x50, 0x00, 0x0E, 0x29, 0x50, 0x00, 0x0C, 0x29, 0x50, 0x08, 0x2A, 0x29, 0x50,
    0x08, 0x2A, 0x29, 0x50, 0x00, 0x2B, 0x29, 0x50, 0x00, 0x2B, 0x29, 0x50, 0x08, 0x2A, 0x29, 0x50,
    0x00, 0x2B, 0x29, 0x50, 0x00, 0x0C, 0x29, 0x50, 0x00, 0x0C, 0x29, 0x50, 0x00, 0x0D, 0x29, 0x50,
    0x00, 0x2B, 0x29, 0x50, 0x08, 0x2A, 0x29, 0x50, 0x00, 0x2B, 0x29, 0x50, 0x00, 0x0D, 0x29, 0x50,
    0x00, 0x0D, 0x29, 0x50, 0x00, 0x0E, 0x29, 0x50, 0x00, 0x0E, 0x29, 0x50, 0x00, 0x0E, 0x29, 0x50,
    0x00, 0x0E, 0x29, 0x50, 0x00, 0x2B, 0x29, 0x50, 0x00, 0x0C, 0x29, 0x50, 0x00, 0x0D, 0x29, 0x50,
    0x00, 0x0F, 0x29, 0x50, 0x00, 0x0D, 0x29, 0x50, 0x00, 0x0B, 0x29, 0x50, 0x00, 0x0E, 0x29, 0x50,
    0x00, 0x0C, 0x29, 0x50, 0x08, 0x2A, 0x29, 0x50, 0x08, 0x2A, 0x29, 0x50, 0x00, 0x2B, 0x29, 0x50,
    0x00, 0x2B, 0x29, 0x50, 0x08, 0x2A, 0x29, 0x50, 0x08, 0x2A, 0x29, 0x50, 0x39, 0xD0, 0x8C, 0x78,
    0x9C, 0xF9, 0xA5, 0x5A, 0xBD, 0xFB, 0xC6, 0x3B, 0xC6, 0x3B, 0xC6, 0x3C, 0xBE, 0x1C, 0xA5, 0x37,
    0x31, 0x6E, 0x29, 0x50, 0x18, 0xCC, 0x52, 0xB3, 0x52, 0xD5, 0x63, 0x35, 0x84, 0x36, 0x8C, 0x77,
    0x39, 0xEF, 0x63, 0x34, 0xA5, 0x18, 0xB5, 0xBB, 0x5A, 0xD2, 0x31, 0x70, 0x00, 0x2B, 0x31, 0x91,
    0x63, 0x34, 0x9C, 0xF9, 0x84, 0x16, 0x5A, 0xF3, 0x42, 0x30, 0x94, 0xB7, 0xC6, 0x3C, 0xCE, 0x7D,
    0x84, 0x14, 0x29, 0x50, 0x00, 0x0E, 0x29, 0x50, 0x00, 0x0E, 0x29, 0x50, 0x00, 0x0E, 0x29, 0x50,
    0x08, 0x2B, 0x4A, 0x52, 0x7C, 0x17, 0x7B, 0xF7, 0x29, 0x70, 0x4A, 0x32, 0x31, 0xB1, 0x52, 0x92,
    0x31, 0xB0, 0x5A, 0xF3, 0x94, 0xD6, 0xCE, 0x7D, 0x9C, 0xF9, 0x39, 0xD1, 0x00, 0x0C, 0x31, 0x90,
    0x42, 0x10, 0x5A, 0xD5, 0x63, 0x14, 0x63, 0x14, 0x5A, 0xF2, 0x94, 0xD7, 0xBD, 0xFC, 0x9C, 0xF8,
    0x39, 0xCE, 0x29, 0x50, 0x08, 0x2A, 0x42, 0x10, 0x5A, 0xD3, 0x63, 0x55, 0x52, 0xB3, 0x52, 0x92,
    0x4A, 0x51, 0x9C, 0xF8, 0xBD, 0xDC, 0x7B, 0xF4, 0x08, 0x4A, 0x29, 0x50, 0x52, 0xB1, 0xD6, 0xBD,
    0xCE, 0x9D, 0x6B, 0x75, 0x18, 0xAB, 0x39, 0xD1, 0x84, 0x37, 0xBD, 0xFB, 0x8C, 0x55, 0x39, 0xD1,
    0x21, 0x0E, 0x39, 0xD1, 0x08, 0x2D, 0x6B, 0x54, 0xD6, 0xBD, 0xCE, 0x9D, 0x52, 0xB1, 0x29, 0x50,
    0x10, 0x8B, 0x4A, 0x72, 0x5A, 0xD4, 0x63, 0x35, 0x52, 0x93, 0x73, 0x95, 0x8C, 0x97, 0xBD, 0xFC,
    0x9C, 0xD7, 0x52, 0x92, 0x00, 0x0E, 0x39, 0xB0, 0x4A, 0x73, 0x52, 0xD5, 0x63, 0x35, 0x84, 0x37,
    0x84, 0x15, 0x52, 0xB2, 0x52, 0x92, 0xA5, 0x38, 0xB5, 0xBB, 0x6B, 0x53, 0x08, 0x4D, 0x29, 0x51,
    0x00, 0x0B, 0x29, 0x51, 0x00, 0x0E, 0x41, 0xF8, 0x00, 0x0C, 0x00, 0x00, 0x08, 0x2A, 0x00, 0x00,
    0x62, 0xDF, 0x00, 0x0D, 0x39, 0xD7, 0x00, 0x0D, 0x00, 0x00, 0x08, 0x2A, 0x29, 0x50, 0x08, 0x2A,
    0x29, 0x50, 0x08, 0x2A, 0x29, 0x50, 0x00, 0x0C, 0x29, 0x50, 0x00, 0x0D, 0x29, 0x50, 0x00, 0x0C,
    0x29, 0x50, 0x08, 0x2C, 0x4A, 0x52, 0x73, 0xB7, 0x7B, 0xF7, 0x39, 0xD0, 0x8C, 0x77, 0xA5, 0x18,
    0x5A, 0xD3, 0x00, 0x2D, 0x31, 0x90, 0x8C, 0x54, 0xC6, 0x3C, 0x52, 0xB4, 0xAD, 0x5A, 0xC6, 0x5E,
    0x8C, 0x78, 0x08, 0x2D, 0x29, 0x50, 0x10, 0x6F, 0x4A, 0x72, 0x5A, 0xD4, 0x63, 0x35, 0x52, 0x92,
    0x73, 0x95, 0x8C, 0x96, 0xBD, 0xFC, 0x9C, 0xD7, 0x52, 0x92, 0x08, 0x2A, 0x31, 0xB0, 0x42, 0x31,
    0x5A, 0xD5, 0x39, 0xD0, 0x29, 0x50, 0x00, 0x0B, 0x29, 0x50, 0x10, 0xAF, 0x94, 0x96, 0xBD, 0xDC,
    0x73, 0xB4, 0x10, 0x6A, 0x31, 0x70, 0x42, 0x10, 0x5A, 0xD4, 0x4A, 0x72, 0x4A, 0x52, 0x39, 0xAE,
    0x84, 0x15, 0xBD, 0xFC, 0x9C, 0xD7, 0x29, 0x4F, 0x29, 0x50, 0x18, 0xCD, 0x4A, 0x72, 0x42, 0x34,
    0x4A, 0x74, 0x4A, 0x53, 0x42, 0x32, 0x4A, 0x50, 0x84, 0x37, 0xC6, 0x1A, 0xA5, 0x38, 0x94, 0xB6,
    0x73, 0xB3, 0x63, 0x14, 0xAD, 0x7B, 0xBD, 0xFD, 0x6B, 0x35, 0x08, 0x2C, 0x31, 0x70, 0x42, 0x11,
    0x5A, 0xD4, 0x4A, 0x73, 0x4A, 0x52, 0x31, 0xAF, 0x84, 0x15, 0xBD, 0xFC, 0x9C, 0xD7, 0x29, 0x4F,
    0x29, 0x50, 0x18, 0xCE, 0x52, 0xB3, 0x52, 0xD5, 0x63, 0x35, 0x84, 0x36, 0x8C, 0x77, 0x39, 0xF0,
    0x63, 0x34, 0xA5, 0x18, 0xB5, 0xBB, 0x5A, 0xD2, 0x31, 0x70, 0x18, 0xAD, 0x39, 0xD1, 0x84, 0x37,
    0xBD, 0xFB, 0x8C, 0x55, 0x39, 0xD0, 0x21, 0x0C, 0x39, 0xD0, 0x08, 0x2A, 0x29, 0x50, 0x08, 0x2A,
    0x29, 0x50, 0x00, 0x0B, 0x29, 0x50, 0x00, 0x0E, 0x29, 0x50, 0x00, 0x2B, 0x29, 0x50, 0x08, 0x2A,
    0x29, 0x50, 0x00, 0x0B, 0x29, 0x50, 0x08, 0x2A, 0x29, 0x50, 0x08, 0x2A, 0x29, 0x50, 0x00, 0x2B,
    0x29, 0x50, 0x00, 0x0D, 0x29, 0x50, 0x00, 0x0C, 0x29, 0x50, 0x00, 0x0D, 0x29, 0x50, 0x00, 0x0D,
    0x29, 0x50, 0x08, 0x2A, 0x29, 0x50, 0x08, 0x2A, 0x29, 0x50, 0x08, 0x2A, 0x29, 0x50, 0x00, 0x0C,
    0x29, 0x50, 0x00, 0x0D, 0x29, 0x50, 0x00, 0x0C, 0x29, 0x50, 0x00, 0x0C, 0x29, 0x50, 0x00, 0x0E,
    0x29, 0x50, 0x00, 0x0C, 0x29, 0x50, 0x08, 0x2A, 0x29, 0x50, 0x00, 0x0D, 0x29, 0x50, 0x00, 0x0D,
    0x29, 0x50, 0x00, 0x0F, 0x29, 0x50, 0x00, 0x0C, 0x29, 0x50, 0x00, 0x0D, 0x29, 0x50, 0x00, 0x0F,
    0x29, 0x50, 0x00, 0x0E, 0x29, 0x50, 0x00, 0x0C, 0x29, 0x50, 0x00, 0x2B, 0x29, 0x50, 0x00, 0x0D,
    0x29, 0x50, 0x08, 0x2A, 0x29, 0x50, 0x08, 0x2A, 0x29, 0x50, 0x08, 0x2A, 0x52, 0x93, 0x94, 0xD9,
    0xA5, 0x3A, 0x9C, 0xF9, 0xAD, 0x79, 0xAD, 0x79, 0xAD, 0x7A, 0xAD, 0x59, 0xA5, 0x38, 0x94, 0xB6,
    0x52, 0xB1, 0x08, 0x2A, 0x39, 0xD0, 0x63, 0x13, 0x73, 0xB7, 0x8C, 0x57, 0x84, 0x16, 0x18, 0xAE,
    0x29, 0x50, 0x10, 0xAD, 0xA5, 0x19, 0xC6, 0x3E, 0x84, 0x36, 0x08, 0x4D, 0x29, 0x50, 0x39, 0xAF,
    0x94, 0xB9, 0x94, 0xB8, 0x4A, 0x32, 0x08, 0x2A, 0x29, 0x50, 0x29, 0x2E, 0xAD, 0x9A, 0xCE, 0x5D,
    0x8C, 0x55, 0x10, 0x6C, 0x29, 0x50, 0x00, 0x0C, 0x29, 0x50, 0x00, 0x0E, 0x29, 0x50, 0x00, 0x0C,
    0x29, 0x50, 0x39, 0xD0, 0x8C, 0x78, 0x94, 0xB9, 0x9D, 0x19, 0xAD, 0x7A, 0xBE, 0x1B, 0xC6, 0x3B,
    0xC6, 0x5C, 0xBE, 0x1B, 0xC6, 0x3C, 0xA5, 0x18, 0x52, 0xB3, 0x00, 0x0F, 0x29, 0x50, 0x39, 0xD0,
    0x6B, 0x74, 0x6B, 0x75, 0x52, 0x91, 0x08, 0x2B, 0x29, 0x50, 0x20, 0xEE, 0x9C, 0xF9, 0xC6, 0x1D,
    0x94, 0xB8, 0x10, 0x6A, 0x29, 0x50, 0x42, 0x2E, 0x73, 0xD6, 0x7B, 0xD5, 0x4A, 0x51, 0x08, 0x2E,
    0x29, 0x50, 0x31, 0x8E, 0x6B, 0x55, 0x4A, 0x6F, 0x31, 0x70, 0x00, 0x0B, 0x6B, 0x54, 0xD6, 0xBD,
    0xCE, 0x9D, 0x5A, 0xD1, 0x29, 0x50, 0x10, 0x8C, 0x94, 0xB8, 0xC6, 0x5C, 0x8C, 0x75, 0x10, 0x6C,
    0x29, 0x50, 0x00, 0x0D, 0x29, 0x50, 0x52, 0xB3, 0xD6, 0xBD, 0xCE, 0x9D, 0x6B, 0x74, 0x08, 0x2A,
    0x4A, 0x71, 0x6B, 0x54, 0x6B, 0x95, 0x39, 0xEF, 0x29, 0x50, 0x00, 0x2D, 0x39, 0xF1, 0x94, 0xB8,
    0xC6, 0x1D, 0x8C, 0x57, 0x31, 0x90, 0x18, 0xEE, 0x63, 0x34, 0x73, 0xB7, 0x8C, 0x57, 0x7B, 0xD4,
    0x39, 0xB0, 0x00, 0x0D, 0x39, 0xB0, 0x9C, 0xF8, 0xC6, 0x3E, 0x7B, 0xF6, 0x29, 0x70, 0x00, 0x0C,
    0x29, 0x50, 0x00, 0x0D, 0x29, 0x50, 0x00, 0x0F, 0x21, 0x0E, 0x00, 0x0E, 0x00, 0x00, 0x00, 0x0C,
    0x00, 0x0B, 0x41, 0xF8, 0x00, 0x0D, 0x31, 0x72, 0x00, 0x0C, 0x29, 0x50, 0x00, 0x2B, 0x29, 0x50,
    0x08, 0x2A, 0x29, 0x50, 0x08, 0x2A, 0x29, 0x30, 0x00, 0x0C, 0x29, 0x30, 0x00, 0x0D, 0x29, 0x30,
    0x00, 0x2B, 0x29, 0x30, 0x39, 0xB0, 0x84, 0x17, 0x84, 0x37, 0x42, 0x31, 0x6B, 0x73, 0xB5, 0xBA,
    0x84, 0x15, 0x29, 0x70, 0x42, 0x2F, 0xAD, 0x78, 0x94, 0xD6, 0x42, 0x11, 0xA5, 0x5A, 0xCE, 0x7E,
    0x84, 0x16, 0x29, 0x70, 0x00, 0x2E, 0x4A, 0x51, 0x6B, 0x54, 0x6B, 0x95, 0x39, 0xF1, 0x29, 0x50,
    0x00, 0x2C, 0x39, 0xD1, 0x94, 0xB8, 0xC6, 0x1D, 0x8C, 0x57, 0x31, 0x90, 0x08, 0x2B, 0x4A, 0x51,
    0x73, 0x95, 0x7B, 0xF5, 0x20, 0xEC, 0x29, 0x30, 0x00, 0x0D, 0x5A, 0xB3, 0xB5, 0xBB, 0xAD, 0x5A,
    0x29, 0x6D, 0x29, 0x30, 0x31, 0xAF, 0x6B, 0x74, 0x6B, 0x54, 0x4A, 0x71, 0x18, 0xCB, 0x39, 0xD0,
    0x29, 0x4D, 0xAD, 0x5A, 0xBD, 0xFC, 0x6B, 0x54, 0x08, 0x2C, 0x39, 0xB0, 0x52, 0xB2, 0x5A, 0xD5,
    0x63, 0x13, 0x39, 0xF1, 0x08, 0x2D, 0x31, 0x90, 0x8C, 0x77, 0xD6, 0xBD, 0xAD, 0x79, 0x52, 0x92,
    0x08, 0x4A, 0x29, 0x50, 0x7B, 0xF7, 0xC6, 0x3E, 0x7B, 0xF6, 0x29, 0x70, 0x31, 0xAE, 0x6B, 0x74,
    0x6B, 0x54, 0x4A, 0x71, 0x18, 0xCE, 0x39, 0xD0, 0x29, 0x4D, 0xAD, 0x5A, 0xBD, 0xFC, 0x6B, 0x54,
    0x08, 0x2C, 0x39, 0xD0, 0x63, 0x13, 0x73, 0xB7, 0x8C, 0x57, 0x84, 0x16, 0x18, 0xAC, 0x29, 0x30,
    0x10, 0xAF, 0xA5, 0x19, 0xC6, 0x3E, 0x84, 0x36, 0x08, 0x50, 0x29, 0x30, 0x10, 0x8D, 0x94, 0xB8,
    0xC6, 0x5C, 0x8C, 0x75, 0x10, 0x6D, 0x29, 0x30, 0x00, 0x2B, 0x29, 0x30, 0x08, 0x2A, 0x29, 0x30,
    0x08, 0x2A, 0x29, 0x30, 0x00, 0x0D, 0x29, 0x30, 0x00, 0x0E, 0x29, 0x30, 0x00, 0x2B, 0x29, 0x30,
    0x00, 0x0B, 0x29, 0x30, 0x00, 0x2B, 0x29, 0x30, 0x08, 0x2A, 0x29, 0x30, 0x08, 0x2A, 0x29, 0x30,
    0x00, 0x0C, 0x29, 0x30, 0x00, 0x0C, 0x29, 0x30, 0x00, 0x0B, 0x29, 0x30, 0x00, 0x0D, 0x29, 0x30,
    0x00, 0x0C, 0x29, 0x30, 0x00, 0x2B, 0x29, 0x30, 0x08, 0x2A, 0x29, 0x30, 0x08, 0x2A, 0x29, 0x30,
    0x00, 0x0C, 0x29, 0x30, 0x00, 0x0D, 0x29, 0x30, 0x00, 0x2B, 0x29, 0x30, 0x00, 0x0C, 0x29, 0x30,
    0x00, 0x0D, 0x29, 0x30, 0x08, 0x2A, 0x29, 0x30, 0x00, 0x2B, 0x29, 0x30, 0x00, 0x0C, 0x29, 0x30,
    0x00, 0x0C, 0x29, 0x30, 0x00, 0x0D, 0x29, 0x30, 0x00, 0x2B, 0x29, 0x30, 0x00, 0x0E, 0x29, 0x30,
    0x00, 0x10, 0x29, 0x30, 0x00, 0x10, 0x29, 0x30, 0x00, 0x0C, 0x29, 0x30, 0x00, 0x0E, 0x29, 0x30,
    0x00, 0x0C, 0x29, 0x30, 0x00, 0x2B, 0x29, 0x30, 0x08, 0x2A, 0x29, 0x50, 0x4A, 0x70, 0x9C, 0xF9,
    0xA5, 0x39, 0x52, 0x92, 0x18, 0xCF, 0x42, 0x30, 0x31, 0x8D, 0x42, 0x30, 0x29, 0x6D, 0x4A, 0x30,
    0x10, 0x8B, 0x29, 0x30, 0x18, 0xAB, 0x73, 0x94, 0x8C, 0x78, 0x94, 0xB8, 0x31, 0x6F, 0x29, 0x30,
    0x00, 0x0C, 0x39, 0xB0, 0xA5, 0x19, 0xC6, 0x3D, 0x7C, 0x17, 0x29, 0x50, 0x08, 0x2D, 0x6B, 0x53,
    0x9C, 0xF8, 0x8C, 0x57, 0x10, 0x6A, 0x29, 0x30, 0x08, 0x2A, 0x31, 0x70, 0x7B, 0xF4, 0xC6, 0x3B,
    0x84, 0x14, 0x31, 0x70, 0x00, 0x2B, 0x29, 0x30, 0x00, 0x0C, 0x29, 0x30, 0x00, 0x0D, 0x29, 0x30,
    0x08, 0x2B, 0x5A, 0xD2, 0x94, 0xB8, 0x9C, 0xF9, 0x94, 0x97, 0x9D, 0x18, 0xA5, 0x17, 0xA5, 0x58,
    0xA5, 0x18, 0xA5, 0x38, 0x94, 0xB6, 0x63, 0x12, 0x10, 0x6F, 0x29, 0x30, 0x08, 0x50, 0x5A, 0xD2,
    0x7B, 0xF6, 0x63, 0x33, 0x08, 0x4D, 0x29, 0x30, 0x00, 0x0E, 0x29, 0x30, 0x52, 0xB2, 0xC6, 0x3C,
    0xA5, 0x18, 0x39, 0xD1, 0x08, 0x2A, 0x42, 0x11, 0x7B, 0xF5, 0x9C, 0xF8, 0x84, 0x56, 0x6B, 0x74,
    0x31, 0x91, 0x31, 0x90, 0x08, 0x6B, 0x29, 0x50, 0x00, 0x0B, 0x29, 0x50, 0x5A, 0xF1, 0xCE, 0x7C,
    0xCE, 0x9D, 0x6B, 0x74, 0x08, 0x2A, 0x31, 0x90, 0x94, 0xD8, 0xCE, 0x7C, 0x84, 0x35, 0x29, 0x50,
    0x00, 0x0B, 0x29, 0x30, 0x08, 0x2D, 0x6B, 0x74, 0xCE, 0x7C, 0xCE, 0x9D, 0x5A, 0xD2, 0x29, 0x70,
    0x4A, 0x70, 0x7B, 0xF6, 0x5A, 0xD1, 0x29, 0x50, 0x00, 0x0C, 0x29, 0x30, 0x00, 0x0D, 0x6B, 0x54,
    0xC6, 0x3C, 0xA5, 0x38, 0x18, 0xEE, 0x31, 0xB0, 0x6B, 0x74, 0x8C, 0x78, 0x8C, 0x97, 0x4A, 0x52,
    0x00, 0x2B, 0x29, 0x30, 0x18, 0xCD, 0xA5, 0x39, 0xC6, 0x3D, 0x8C, 0x78, 0x08, 0x2D, 0x29, 0x50,
    0x00, 0x2B, 0x29, 0x50, 0x00, 0x0E, 0x39, 0xD7, 0x00, 0x10, 0x00, 0x00, 0x00, 0x10, 0x00, 0x00,
    0x5A, 0xBF, 0x00, 0x2B, 0x39, 0xB6, 0x00, 0x0C, 0x00, 0x00, 0x00, 0x0D, 0x29, 0x50, 0x00, 0x2B,
    0x29, 0x50, 0x08, 0x2A, 0x29, 0x2F, 0x08, 0x2A, 0x29, 0x2F, 0x00, 0x0C, 0x29, 0x2F, 0x00, 0x0C,
    0x29, 0x2F, 0x08, 0x2B, 0x5A, 0xB2, 0x8C, 0x57, 0x8C, 0x98, 0x29, 0x4F, 0x5A, 0xB2, 0xAD, 0x78,
    0xA5, 0x37, 0x39, 0xAE, 0x7B, 0xD3, 0xBD, 0xDA, 0x84, 0x14, 0x29, 0x6C, 0xAD, 0x5A, 0xCE, 0x7E,
    0x8C, 0x78, 0x08, 0x2B, 0x29, 0x4F, 0x4A, 0x72, 0x7B, 0xF6, 0x5A, 0xD3, 0x29, 0x4F, 0x00, 0x0E,
    0x29, 0x2F, 0x00, 0x0E, 0x6B, 0x54, 0xC6, 0x3C, 0xA5, 0x38, 0x18, 0xEE, 0x29, 0x2F, 0x18, 0xAD,
    0x73, 0xB4, 0x9C, 0xF9, 0x63, 0x13, 0x08, 0x2A, 0x29, 0x50, 0x84, 0x57, 0xC6, 0x3C, 0x73, 0xB4,
    0x29, 0x4F, 0x08, 0x2B, 0x5A, 0xD2, 0x7B, 0xF6, 0x84, 0x36, 0x7B, 0xF5, 0x94, 0xD7, 0x9C, 0xF7,
    0xA5, 0x59, 0xAD, 0x79, 0xBD, 0xFC, 0x7B, 0xF4, 0x29, 0x4F, 0x18, 0xAB, 0x63, 0x13, 0x6B, 0x56,
    0x5A, 0xF4, 0x08, 0x2C, 0x29, 0x2F, 0x10, 0x6E, 0x9C, 0xF8, 0xD6, 0x9D, 0x8C, 0x75, 0x08, 0x2A,
    0x29, 0x2F, 0x08, 0x2A, 0x8C, 0x58, 0xC6, 0x3D, 0x8C, 0x56, 0x10, 0x8D, 0x5A, 0xD2, 0x7B, 0xF6,
    0x84, 0x36, 0x7B, 0xF6, 0x94, 0xD7, 0x9C, 0xF7, 0xA5, 0x59, 0xAD, 0x79, 0xBD, 0xFC, 0x7B, 0xF4,
    0x29, 0x4F, 0x18, 0xAB, 0x73, 0x94, 0x8C, 0x78, 0x94, 0xB8, 0x31, 0x8E, 0x29, 0x2F, 0x00, 0x2B,
    0x39, 0xB0, 0xA5, 0x19, 0xC6, 0x3D, 0x7B, 0xF7, 0x29, 0x4F, 0x00, 0x0E, 0x31, 0x90, 0x94, 0xD8,
    0xCE, 0x7C, 0x84, 0x36, 0x29, 0x4F, 0x00, 0x0C, 0x29, 0x2F, 0x00, 0x0C, 0x29, 0x2F, 0x08, 0x2A,
    0x29, 0x2F, 0x08, 0x2A, 0x29, 0x2F, 0x00, 0x0F, 0x29, 0x2F, 0x00, 0x0E, 0x29, 0x2F, 0x00, 0x2B,
    0x29, 0x2F, 0x00, 0x0C, 0x29, 0x2F, 0x08, 0x2A, 0x29, 0x2F, 0x08, 0x2A, 0x29, 0x2F, 0x00, 0x2B,
    0x29, 0x2F, 0x00, 0x2B, 0x29, 0x2F, 0x08, 0x2A, 0x29, 0x2F, 0x00, 0x2B, 0x29, 0x2F, 0x00, 0x0C,
    0x29, 0x2F, 0x00, 0x0D, 0x29, 0x2F, 0x00, 0x2B, 0x29, 0x2F, 0x08, 0x2A, 0x29, 0x2F, 0x08, 0x2A,
    0x29, 0x2F, 0x00, 0x0C, 0x29, 0x2F, 0x00, 0x0C, 0x29, 0x2F, 0x00, 0x2B, 0x29, 0x2F, 0x00, 0x0C,
    0x29, 0x2F, 0x00, 0x0C, 0x29, 0x2F, 0x08, 0x2A, 0x29, 0x2F, 0x00, 0x2B, 0x29, 0x2F, 0x08, 0x2A,
    0x29, 0x2F, 0x08, 0x2A, 0x29, 0x2F, 0x08, 0x2A, 0x29, 0x2F, 0x00, 0x2B, 0x29, 0x2F, 0x00, 0x0D,
    0x29, 0x2F, 0x00, 0x0F, 0x29, 0x2F, 0x00, 0x0E, 0x29, 0x2F, 0x00, 0x0E, 0x29, 0x2F, 0x00, 0x0F,
    0x29, 0x2F, 0x00, 0x0C, 0x29, 0x2F, 0x00, 0x0C, 0x29, 0x2F, 0x08, 0x2A, 0x5A, 0xF2, 0xA5, 0x39,
    0xAD, 0x59, 0x29, 0x51, 0x29, 0x2F, 0x00, 0x0E, 0x29, 0x2F, 0x00, 0x2B, 0x29, 0x2F, 0x00, 0x0C,
    0x29, 0x2F, 0x08, 0x2A, 0x31, 0xB0, 0x73, 0xB4, 0x9C, 0xF9, 0x73, 0xB5, 0x31, 0x6F, 0x00, 0x2B,
    0x29, 0x2F, 0x18, 0xCB, 0xAD, 0x59, 0xCE, 0x7E, 0x8C, 0x57, 0x08, 0x6C, 0x29, 0x4F, 0x6B, 0x53,
    0xA5, 0x39, 0x73, 0xB4, 0x29, 0x4F, 0x08, 0x2A, 0x29, 0x2F, 0x08, 0x2A, 0x73, 0xB3, 0xBD, 0xFA,
    0x8C, 0x55, 0x08, 0x4C, 0x29, 0x2F, 0x00, 0x2B, 0x29, 0x2F, 0x00, 0x0C, 0x29, 0x2F, 0x00, 0x0C,
    0x29, 0x2F, 0x4A, 0x70, 0x9C, 0xF9, 0x8C, 0x77, 0x39, 0xD1, 0x18, 0xCB, 0x39, 0xF0, 0x21, 0x0C,
    0x42, 0x10, 0x21, 0x0C, 0x31, 0xB0, 0x00, 0x2B, 0x29, 0x2F, 0x00, 0x0D, 0x29, 0x4F, 0x5A, 0xF3,
    0x8C, 0x57, 0x42, 0x32, 0x29, 0x2F, 0x00, 0x0E, 0x29, 0x2F, 0x00, 0x0F, 0x52, 0x92, 0xBD, 0xFB,
    0xBD, 0xFC, 0x31, 0x8F, 0x29, 0x2F, 0x08, 0x4A, 0x52, 0x92, 0x6B, 0x74, 0xAD, 0x59, 0xB5, 0xD9,
    0xB5, 0xB9, 0xA5, 0x19, 0x84, 0x15, 0x29, 0x4E, 0x29, 0x2F, 0x08, 0x2C, 0x6B, 0x73, 0xCE, 0x9C,
    0xCE, 0x9D, 0x5A, 0xB1, 0x29, 0x2F, 0x10, 0x8C, 0x9D, 0x18, 0xCE, 0x7C, 0x94, 0x97, 0x08, 0x4A,
    0x29, 0x2F, 0x00, 0x2B, 0x29, 0x2F, 0x5A, 0xF2, 0xCE, 0x9C, 0xCE, 0x9D, 0x6B, 0x54, 0x08, 0x4B,
    0x63, 0x33, 0x8C, 0x57, 0x5A, 0xD3, 0x08, 0x2A, 0x29, 0x2F, 0x00, 0x0C, 0x29, 0x2F, 0x39, 0xD0,
    0xBD, 0xFC, 0xBD, 0xFC, 0x4A, 0x52, 0x18, 0xAD, 0x7B, 0xD5, 0x9C, 0xF9, 0x84, 0x16, 0x10, 0x8B,
    0x29, 0x2F, 0x00, 0x2B, 0x39, 0xB0, 0xA5, 0x39, 0xCE, 0x7E, 0x84, 0x16, 0x29, 0x6F, 0x08, 0x2A,
    0x29, 0x50, 0x00, 0x2B, 0x29, 0x50, 0x00, 0x0D, 0x21, 0x0D, 0x00, 0x0F, 0x00, 0x00, 0x00, 0x0E,
    0x08, 0x2A, 0x39, 0xD8, 0x00, 0x0B, 0x29, 0x72, 0x00, 0x0C, 0x29, 0x30, 0x00, 0x0D, 0x29, 0x30,
    0x08, 0x2A, 0x29, 0x30, 0x08, 0x2A, 0x29, 0x2F, 0x08, 0x2A, 0x29, 0x2F, 0x00, 0x0D, 0x29, 0x2F,
    0x00, 0x0D, 0x29, 0x2F, 0x4A, 0x50, 0x94, 0x98, 0x94, 0xB8, 0x42, 0x11, 0x18, 0xAC, 0x9C, 0xF7,
    0xC6, 0x3B, 0x73, 0xB3, 0x94, 0xB5, 0xB5, 0x98, 0x39, 0xCE, 0x31, 0x90, 0xA5, 0x59, 0xCE, 0x7E,
    0x84, 0x16, 0x29, 0x2F, 0x08, 0x4A, 0x63, 0x33, 0x8C, 0x57, 0x5A, 0xD3, 0x00, 0x2D, 0x29, 0x2F,
    0x00, 0x0C, 0x29, 0x2F, 0x39, 0xD0, 0xBD, 0xFC, 0xBD, 0xFC, 0x4A, 0x52, 0x00, 0x0C, 0x29, 0x4F,
    0x42, 0x10, 0xAD, 0x5A, 0x8C, 0x55, 0x31, 0x90, 0x39, 0xEF, 0xBD, 0xFB, 0xB5, 0x9B, 0x4A, 0x52,
    0x00, 0x0C, 0x29, 0x4F, 0x5A, 0xF2, 0x8C, 0x57, 0x73, 0x94, 0x42, 0x31, 0x42, 0x0E, 0x52, 0x91,
    0x39, 0xAF, 0x52, 0x91, 0x39, 0xAE, 0x42, 0x31, 0x08, 0x4A, 0x31, 0x90, 0x63, 0x33, 0x73, 0xB7,
    0x52, 0xB3, 0x29, 0x4F, 0x00, 0x0C, 0x31, 0x90, 0x9C, 0xF8, 0xD6, 0xBD, 0x84, 0x35, 0x29, 0x2F,
    0x08, 0x2A, 0x29, 0x2F, 0x84, 0x15, 0xBD, 0xFC, 0x7C, 0x14, 0x31, 0x6F, 0x5A, 0xF2, 0x8C, 0x57,
    0x73, 0x94, 0x42, 0x31, 0x42, 0x0F, 0x52, 0x91, 0x39, 0xAF, 0x52, 0x91, 0x39, 0xAE, 0x42, 0x31,
    0x08, 0x4A, 0x31, 0xB0, 0x73, 0xB4, 0x9C, 0xF9, 0x73, 0xB5, 0x31, 0x6F, 0x08, 0x2A, 0x29, 0x2F,
    0x18, 0xCC, 0xAD, 0x59, 0xCE, 0x7E, 0x8C, 0x57, 0x08, 0x6D, 0x29, 0x2F, 0x10, 0x8D, 0x9D, 0x18,
    0xCE, 0x7C, 0x94, 0x96, 0x08, 0x4C, 0x29, 0x2F, 0x00, 0x0C, 0x29, 0x2F, 0x00, 0x0C, 0x29, 0x2F,
    0x08, 0x2A, 0x29, 0x2F, 0x00, 0x2B, 0x29, 0x2F, 0x00, 0x0F, 0x29, 0x2F, 0x00, 0x0C, 0x29, 0x2F,
    0x00, 0x0C, 0x29, 0x2F, 0x00, 0x2B, 0x29, 0x2F, 0x08, 0x2A, 0x29, 0x2F, 0x00, 0x2B, 0x29, 0x2F,
    0x00, 0x2B, 0x29, 0x2F, 0x08, 0x2A, 0x29, 0x2F, 0x08, 0x2A, 0x29, 0x2F, 0x00, 0x0B, 0x29, 0x2F,
    0x00, 0x0C, 0x29, 0x2F, 0x00, 0x0D, 0x29, 0x2F, 0x08, 0x2A, 0x29, 0x2F, 0x08, 0x2A, 0x29, 0x2F,
    0x08, 0x2A, 0x29, 0x2F, 0x00, 0x0D, 0x29, 0x2F, 0x00, 0x0D, 0x29, 0x2F, 0x00, 0x2B, 0x29, 0x2F,
    0x00, 0x0C, 0x29, 0x2F, 0x00, 0x2B, 0x29, 0x2F, 0x00, 0x2B, 0x29, 0x2F, 0x08, 0x2A, 0x29, 0x2F,
    0x08, 0x2A, 0x29, 0x2F, 0x08, 0x2A, 0x29, 0x2F, 0x08, 0x2A, 0x29, 0x2F, 0x08, 0x2A, 0x29, 0x2F,
    0x00, 0x2B, 0x29, 0x2F, 0x00, 0x0D, 0x29, 0x2F, 0x00, 0x0C, 0x29, 0x2F, 0x00, 0x0D, 0x29, 0x2F,
    0x00, 0x0C, 0x29, 0x2F, 0x00, 0x0C, 0x29, 0x2F, 0x00, 0x0C, 0x29, 0x2F, 0x4A, 0x50, 0xAD, 0x7A,
    0xAD, 0x79, 0x4A, 0x32, 0x00, 0x0F, 0x29, 0x2F, 0x00, 0x0C, 0x29, 0x2F, 0x00, 0x0C, 0x29, 0x2F,
    0x00, 0x2B, 0x29, 0x2F, 0x10, 0x8B, 0x84, 0x16, 0xA5, 0x5A, 0x84, 0x16, 0x08, 0x2B, 0x29, 0x2F,
    0x08, 0x2A, 0x31, 0xB0, 0xA5, 0x59, 0xCE, 0x7D, 0x84, 0x15, 0x29, 0x6F, 0x08, 0x2C, 0x63, 0x13,
    0xAD, 0x7A, 0x94, 0x97, 0x10, 0x6B, 0x29, 0x2F, 0x08, 0x2A, 0x29, 0x2F, 0x7B, 0xF4, 0xC6, 0x3B,
    0x84, 0x17, 0x29, 0x2F, 0x00, 0x0D, 0x29, 0x2F, 0x00, 0x2B, 0x29, 0x2F, 0x00, 0x0C, 0x29, 0x2F,
    0x08, 0x2B, 0x5A, 0xD3, 0xA5, 0x19, 0x94, 0xB7, 0x10, 0x8B, 0x29, 0x2F, 0x08, 0x2A, 0x29, 0x2F,
    0x08, 0x2A, 0x29, 0x2F, 0x08, 0x2A, 0x29, 0x2F, 0x08, 0x2A, 0x29, 0x2F, 0x08, 0x4B, 0x63, 0x14,
    0x94, 0xD9, 0x6B, 0x75, 0x08, 0x2C, 0x29, 0x2F, 0x00, 0x0D, 0x29, 0x2F, 0x52, 0xB2, 0xCE, 0x5D,
    0xAD, 0x7A, 0x39, 0xF1, 0x00, 0x0C, 0x29, 0x70, 0x10, 0xAB, 0x29, 0x70, 0x18, 0xCC, 0x4A, 0x32,
    0x5A, 0xD2, 0x9C, 0xD6, 0xCE, 0x5C, 0x94, 0x98, 0x10, 0x6D, 0x29, 0x2F, 0x5A, 0xD2, 0xD6, 0x9C,
    0xCE, 0x9C, 0x6B, 0x54, 0x00, 0x2B, 0x31, 0x90, 0x9C, 0xF8, 0xCE, 0x9C, 0x84, 0x33, 0x31, 0x6F,
    0x08, 0x2A, 0x29, 0x2F, 0x08, 0x2B, 0x6B, 0x74, 0xD6, 0x9C, 0xCE, 0x9C, 0x5A, 0xB3, 0x29, 0x4F,
    0x52, 0x91, 0x94, 0xD9, 0x63, 0x12, 0x29, 0x2F, 0x08, 0x2A, 0x29, 0x2F, 0x08, 0x2D, 0x6B, 0x54,
    0xCE, 0x5D, 0xB5, 0x9B, 0x21, 0x0D, 0x31, 0x70, 0x7B, 0xF6, 0xA5, 0x5A, 0x73, 0xB5, 0x29, 0x2F,
    0x00, 0x2B, 0x29, 0x2F, 0x18, 0xAB, 0xAD, 0x7A, 0xCE, 0x7D, 0x8C, 0x56, 0x10, 0x6A, 0x29, 0x30,
    0x08, 0x2A, 0x29, 0x30, 0x08, 0x2A, 0x39, 0xD7, 0x00, 0x2B, 0x00, 0x00, 0x00, 0x0D, 0x00, 0x00,
    0x5A, 0x9F, 0x00, 0x0B, 0x39, 0xB6, 0x00, 0x2B, 0x00, 0x00, 0x00, 0x0C, 0x29, 0x30, 0x00, 0x0D,
    0x29, 0x30, 0x08, 0x2A, 0x21, 0x2F, 0x08, 0x2A, 0x21, 0x2F, 0x00, 0x2B, 0x21, 0x2F, 0x00, 0x0C,
    0x21, 0x2F, 0x08, 0x2D, 0x52, 0xB2, 0x9C, 0xD9, 0x9C, 0xF8, 0x29, 0x4E, 0x29, 0x2F, 0x6B, 0x74,
    0xCE, 0x9D, 0xA5, 0x37, 0xBD, 0xFA, 0x9C, 0xD8, 0x31, 0x70, 0x10, 0x8B, 0xAD, 0x7A, 0xCE, 0x7E,
    0x8C, 0x78, 0x08, 0x2A, 0x29, 0x4F, 0x52, 0x91, 0x94, 0xD9, 0x63, 0x12, 0x29, 0x2F, 0x00, 0x0C,
    0x21, 0x2F, 0x08, 0x2D, 0x6B, 0x34, 0xCE, 0x5D, 0xB5, 0x9A, 0x21, 0x0E, 0x21, 0x2F, 0x00, 0x0C,
    0x31, 0x70, 0x8C, 0x77, 0xBE, 0x1B, 0x4A, 0x6F, 0x84, 0x34, 0xCE, 0x5C, 0x84, 0x36, 0x08, 0x4C,
    0x21, 0x2F, 0x08, 0x2A, 0x63, 0x14, 0x94, 0xD9, 0x8C, 0x57, 0x10, 0x8C, 0x21, 0x2F, 0x08, 0x2B,
    0x29, 0x2F, 0x18, 0xCF, 0x4A, 0x51, 0x29, 0x4E, 0x29, 0x2F, 0x10, 0x8B, 0x6B, 0x75, 0x84, 0x18,
    0x63, 0x34, 0x08, 0x2B, 0x21, 0x2F, 0x21, 0x0E, 0xA5, 0x59, 0xD6, 0xBD, 0x8C, 0x77, 0x08, 0x4B,
    0x21, 0x2F, 0x10, 0x6A, 0x84, 0x54, 0xBE, 0x1C, 0x8C, 0x57, 0x08, 0x4C, 0x63, 0x14, 0x94, 0xD9,
    0x8C, 0x57, 0x10, 0x8C, 0x21, 0x2F, 0x08, 0x2B, 0x29, 0x2F, 0x18, 0xCD, 0x4A, 0x51, 0x29, 0x4F,
    0x29, 0x2F, 0x10, 0x8B, 0x84, 0x16, 0xA5, 0x5A, 0x84, 0x16, 0x08, 0x2A, 0x21, 0x2F, 0x08, 0x2A,
    0x31, 0x90, 0xA5, 0x59, 0xCE, 0x7D, 0x84, 0x15, 0x29, 0x4F, 0x00, 0x0C, 0x31, 0x90, 0x9C, 0xF8,
    0xCE, 0x9C, 0x84, 0x34, 0x29, 0x6F, 0x00, 0x0C, 0x21, 0x2F, 0x00, 0x0C, 0x21, 0x2F, 0x00, 0x2B,
    0x21, 0x2F, 0x08, 0x2A, 0x21, 0x2F, 0x00, 0x2B, 0x21, 0x2F, 0x00, 0x0C, 0x21, 0x2F, 0x08, 0x2A,
    0x21, 0x2F, 0x00, 0x0C, 0x21, 0x2F, 0x00, 0x2B, 0x21, 0x2F, 0x00, 0x2B, 0x21, 0x2F, 0x00, 0x0D,
    0x21, 0x2F, 0x00, 0x2B, 0x21, 0x2F, 0x08, 0x2A, 0x21, 0x2F, 0x00, 0x0B, 0x21, 0x2F, 0x00, 0x2B,
    0x21, 0x2F, 0x00, 0x0C, 0x21, 0x2F, 0x00, 0x0D, 0x21, 0x2F, 0x08, 0x2A, 0x21, 0x2F, 0x08, 0x2A,
    0x21, 0x2F, 0x00, 0x2B, 0x21, 0x2F, 0x00, 0x0C, 0x21, 0x2F, 0x00, 0x0D, 0x21, 0x2F, 0x00, 0x2B,
    0x21, 0x2F, 0x00, 0x2B, 0x21, 0x2F, 0x00, 0x0C, 0x21, 0x2F, 0x00, 0x0C, 0x21, 0x2F, 0x08, 0x2A,
    0x21, 0x2F, 0x08, 0x2A, 0x21, 0x2F, 0x08, 0x2A, 0x21, 0x2F, 0x08, 0x2A, 0x21, 0x2F, 0x08, 0x2A,
    0x21, 0x2F, 0x08, 0x2A, 0x21, 0x2F, 0x00, 0x0C, 0x21, 0x2F, 0x00, 0x0D, 0x21, 0x2F, 0x00, 0x0D,
    0x21, 0x2F, 0x00, 0x0C, 0x21, 0x2F, 0x00, 0x0C, 0x21, 0x2F, 0x08, 0x2B, 0x5A, 0xD3, 0xAD, 0x79,
    0xAD, 0x58, 0x31, 0x6F, 0x29, 0x2F, 0x08, 0x2C, 0x29, 0x2F, 0x08, 0x4A, 0x29, 0x2F, 0x08, 0x2C,
    0x29, 0x2F, 0x00, 0x2B, 0x31, 0x70, 0x84, 0x36, 0xAD, 0x9B, 0x7B, 0xD6, 0x29, 0x2F, 0x00, 0x2B,
    0x21, 0x2F, 0x18, 0xCB, 0xAD, 0x59, 0xC6, 0x3C, 0x8C, 0x77, 0x08, 0x2B, 0x21, 0x2F, 0x29, 0x4F,
    0x9C, 0xD6, 0xA5, 0x38, 0x52, 0x92, 0x08, 0x2A, 0x29, 0x2F, 0x21, 0x0C, 0xAD, 0x9A, 0xCE, 0x9D,
    0x8C, 0x77, 0x08, 0x2C, 0x21, 0x2F, 0x00, 0x0D, 0x21, 0x2F, 0x00, 0x2B, 0x21, 0x2F, 0x00, 0x2B,
    0x29, 0x2F, 0x42, 0x31, 0xA5, 0x18, 0x8C, 0x75, 0x31, 0x70, 0x08, 0x2A, 0x21, 0x2F, 0x08, 0x2A,
    0x21, 0x2F, 0x08, 0x2A, 0x21, 0x2F, 0x08, 0x2A, 0x21, 0x2F, 0x08, 0x2A, 0x21, 0x2F, 0x31, 0x8E,
    0x9C, 0xF9, 0x94, 0x98, 0x42, 0x11, 0x08, 0x2D, 0x29, 0x2F, 0x18, 0xCE, 0x9C, 0xF8, 0xCE, 0x7D,
    0x8C, 0x75, 0x08, 0x4C, 0x29, 0x2F, 0x52, 0x92, 0x94, 0xB8, 0x52, 0xB1, 0x29, 0x2F, 0x08, 0x2B,
    0x29, 0x4F, 0x52, 0x71, 0xC6, 0x3C, 0xB5, 0x9A, 0x4A, 0x51, 0x08, 0x2C, 0x6B, 0x54, 0xC6, 0x3B,
    0xC6, 0x5B, 0x52, 0xB2, 0x21, 0x2F, 0x10, 0xAE, 0xA5, 0x59, 0xD6, 0xBD, 0x94, 0xB6, 0x10, 0x6A,
    0x29, 0x2F, 0x08, 0x4C, 0x31, 0x8F, 0x5A, 0xD1, 0xC6, 0x3B, 0xC6, 0x5B, 0x6B, 0x54, 0x00, 0x2D,
    0x4A, 0x52, 0x9C, 0xD9, 0x94, 0xD8, 0x29, 0x4D, 0x29, 0x2F, 0x08, 0x2B, 0x39, 0xB0, 0x94, 0xB7,
    0xCE, 0x7D, 0x8C, 0x55, 0x29, 0x50, 0x10, 0x8C, 0x8C, 0x77, 0xAD, 0x9B, 0x84, 0x36, 0x08, 0x2C,
    0x21, 0x2F, 0x00, 0x0C, 0x31, 0xB0, 0xA5, 0x38, 0xC6, 0x3C, 0x84, 0x15, 0x29, 0x2F, 0x08, 0x2A,
    0x29, 0x30, 0x08, 0x2A, 0x29, 0x30, 0x08, 0x2A, 0x21, 0x0D, 0x08, 0x2A, 0x00, 0x00, 0x00, 0x0C,
    0x00, 0x2B, 0x39, 0xB7, 0x00, 0x0C, 0x29, 0x52, 0x08, 0x2A, 0x29, 0x2F, 0x00, 0x0D, 0x29, 0x2F,
    0x00, 0x0D, 0x29, 0x2F, 0x00, 0x0C, 0x21, 0x0F, 0x08, 0x2A, 0x21, 0x0F, 0x08, 0x2A, 0x21, 0x0F,
    0x00, 0x0C, 0x21, 0x2F, 0x42, 0x12, 0x9C, 0xF8, 0x9C, 0xD7, 0x42, 0x11, 0x00, 0x2B, 0x4A, 0x51,
    0xC6, 0x3B, 0xD6, 0xBD, 0xCE, 0x9C, 0x6B, 0x54, 0x08, 0x2B, 0x31, 0x70, 0xAD, 0x5A, 0xCE, 0x7E,
    0x84, 0x16, 0x29, 0x2F, 0x08, 0x2A, 0x4A, 0x52, 0x9C, 0xD9, 0x94, 0xD8, 0x29, 0x4E, 0x21, 0x2F,
    0x08, 0x2C, 0x39, 0xB0, 0x94, 0xB7, 0xCE, 0x7D, 0x8C, 0x55, 0x29, 0x4F, 0x00, 0x0C, 0x21, 0x0F,
    0x08, 0x2D, 0x6B, 0x54, 0xC6, 0x5C, 0x9C, 0xD7, 0xB5, 0xB9, 0xBD, 0xFB, 0x42, 0x10, 0x29, 0x2F,
    0x08, 0x2A, 0x21, 0x0F, 0x31, 0x8E, 0x9C, 0xF9, 0x9C, 0xF9, 0x4A, 0x31, 0x08, 0x2B, 0x21, 0x2F,
    0x08, 0x4D, 0x73, 0x94, 0xBD, 0xFB, 0x84, 0x34, 0x08, 0x4C, 0x29, 0x4F, 0x6B, 0x75, 0x8C, 0x78,
    0x63, 0x14, 0x29, 0x2F, 0x08, 0x2A, 0x31, 0x90, 0xA5, 0x38, 0xD6, 0xBD, 0x84, 0x14, 0x29, 0x2F,
    0x00, 0x0C, 0x29, 0x2F, 0x84, 0x15, 0xCE, 0x7E, 0x84, 0x16, 0x29, 0x2F, 0x31, 0x90, 0x9C, 0xF9,
    0x9C, 0xF9, 0x4A, 0x31, 0x08, 0x2A, 0x21, 0x2F, 0x08, 0x4B, 0x73, 0x94, 0xBD, 0xFB, 0x84, 0x34,
    0x08, 0x4C, 0x29, 0x6F, 0x84, 0x37, 0xAD, 0x9B, 0x7B, 0xD5, 0x29, 0x2F, 0x08, 0x2A, 0x21, 0x0F,
    0x18, 0xCB, 0xAD, 0x59, 0xC6, 0x3C, 0x8C, 0x77, 0x08, 0x2B, 0x21, 0x0F, 0x10, 0xAD, 0xA5, 0x59,
    0xD6, 0xBD, 0x94, 0xB6, 0x10, 0x6D, 0x29, 0x2F, 0x08, 0x4D, 0x31, 0x6F, 0x00, 0x0D, 0x21, 0x0F,
    0x08, 0x2A, 0x21, 0x0F, 0x08, 0x2A, 0x21, 0x0F, 0x00, 0x0C, 0x21, 0x0F, 0x08, 0x2A, 0x21, 0x0F,
    0x08, 0x2A, 0x21, 0x0F, 0x00, 0x0C, 0x21, 0x0F, 0x00, 0x2B, 0x21, 0x0F, 0x00, 0x0D, 0x21, 0x0F,
    0x00, 0x0E, 0x21, 0x0F, 0x00, 0x2B, 0x21, 0x0F, 0x00, 0x2B, 0x21, 0x0F, 0x00, 0x0C, 0x21, 0x0F,
    0x08, 0x2A, 0x21, 0x0F, 0x00, 0x0D, 0x21, 0x0F, 0x00, 0x0D, 0x21, 0x0F, 0x00, 0x0C, 0x21, 0x0F,
    0x08, 0x2A, 0x21, 0x0F, 0x08, 0x2A, 0x21, 0x0F, 0x00, 0x0C, 0x21, 0x0F, 0x00, 0x0E, 0x21, 0x0F,
    0x08, 0x2A, 0x21, 0x0F, 0x00, 0x2B, 0x21, 0x0F, 0x00, 0x0E, 0x21, 0x0F, 0x00, 0x0C, 0x21, 0x0F,
    0x00, 0x0B, 0x21, 0x0F, 0x00, 0x2B, 0x21, 0x0F, 0x08, 0x2A, 0x21, 0x0F, 0x08, 0x2A, 0x21, 0x0F,
    0x08, 0x2A, 0x21, 0x0F, 0x00, 0x2B, 0x21, 0x0F, 0x00, 0x0C, 0x21, 0x0F, 0x00, 0x0D, 0x21, 0x0F,
    0x00, 0x0D, 0x21, 0x0F, 0x00, 0x0C, 0x21, 0x0F, 0x00, 0x0D, 0x21, 0x2F, 0x4A, 0x51, 0xB5, 0xBB,
    0xBD, 0xFB, 0x94, 0xB8, 0x84, 0x56, 0x8C, 0x76, 0x84, 0x35, 0x8C, 0x97, 0x84, 0x36, 0x8C, 0x77,
    0x7B, 0xF6, 0x39, 0xD1, 0x10, 0x8B, 0x8C, 0x98, 0xB5, 0xBB, 0x84, 0x36, 0x08, 0x2E, 0x21, 0x0F,
    0x00, 0x2B, 0x31, 0x90, 0x9C, 0xF6, 0xC6, 0x5C, 0x84, 0x14, 0x29, 0x2F, 0x08, 0x2A, 0x29, 0x4F,
    0x73, 0x95, 0xBD, 0xFB, 0xA5, 0x39, 0x73, 0x95, 0x62, 0xF2, 0x94, 0xD7, 0xCE, 0x9D, 0xCE, 0x9D,
    0x84, 0x36, 0x29, 0x2F, 0x00, 0x0C, 0x21, 0x0F, 0x00, 0x0E, 0x21, 0x0F, 0x08, 0x2A, 0x21, 0x0F,
    0x08, 0x2B, 0x5A, 0xD3, 0xAD, 0x7A, 0x9C, 0xD8, 0x10, 0x8D, 0x21, 0x0F, 0x00, 0x0B, 0x21, 0x0F,
    0x00, 0x2B, 0x21, 0x0F, 0x08, 0x2A, 0x21, 0x0F, 0x08, 0x2A, 0x21, 0x0F, 0x08, 0x2A, 0x29, 0x4F,
    0x63, 0x33, 0xAD, 0x9A, 0x9C, 0xF8, 0x73, 0x94, 0x5A, 0xD3, 0x8C, 0x97, 0xCE, 0x5C, 0xA5, 0x37,
    0x41, 0xEF, 0x21, 0x0F, 0x00, 0x0D, 0x52, 0x72, 0xAD, 0x7A, 0xAD, 0x9A, 0x6B, 0x52, 0x52, 0x92,
    0x4A, 0x71, 0x94, 0xB7, 0xCE, 0x5C, 0x94, 0x95, 0x18, 0xCC, 0x21, 0x2F, 0x5A, 0xD2, 0xD6, 0x9D,
    0xCE, 0x9D, 0x6B, 0x54, 0x00, 0x0D, 0x29, 0x4F, 0x84, 0x17, 0xD6, 0xBD, 0xC6, 0x1B, 0x7B, 0xF5,
    0x63, 0x11, 0x73, 0xB3, 0x5A, 0xF3, 0x6B, 0x54, 0xD6, 0x9D, 0xCE, 0x9D, 0x52, 0xB3, 0x21, 0x0F,
    0x08, 0x4D, 0x73, 0x95, 0xAD, 0x9A, 0xA5, 0x39, 0x63, 0x32, 0x6B, 0x74, 0x84, 0x35, 0xCE, 0x5C,
    0xA5, 0x17, 0x52, 0x91, 0x00, 0x0E, 0x29, 0x6F, 0x8C, 0x77, 0xB5, 0xBB, 0x7B, 0xF5, 0x29, 0x2F,
    0x00, 0x0E, 0x21, 0x0F, 0x18, 0xAD, 0x9D, 0x17, 0xC6, 0x5C, 0x8C, 0x54, 0x08, 0x2B, 0x29, 0x2F,
    0x08, 0x2A, 0x29, 0x2F, 0x08, 0x2A, 0x39, 0xB6, 0x08, 0x2A, 0x00, 0x00, 0x00, 0x2B, 0x00, 0x00,
    0x52, 0x7F, 0x00, 0x0C, 0x31, 0x95, 0x00, 0x2B, 0x00, 0x00, 0x00, 0x2A, 0x21, 0x2F, 0x00, 0x0D,
    0x21, 0x2F, 0x00, 0x0E, 0x21, 0x0F, 0x00, 0x0D, 0x21, 0x0F, 0x00, 0x2B, 0x21, 0x0F, 0x08, 0x2A,
    0x21, 0x0F, 0x08, 0x2D, 0x52, 0xB3, 0xA5, 0x3A, 0xA5, 0x39, 0x29, 0x4D, 0x21, 0x0F, 0x10, 0x8D,
    0xA5, 0x18, 0xD6, 0xBD, 0xBD, 0xFB, 0x29, 0x2F, 0x21, 0x0F, 0x10, 0x8E, 0xAD, 0x7A, 0xCE, 0x9D,
    0x8C, 0x77, 0x08, 0x2B, 0x21, 0x0F, 0x08, 0x4A, 0x73, 0x95, 0xAD, 0x9A, 0xA5, 0x39, 0x63, 0x32,
    0x6B, 0x54, 0x84, 0x36, 0xCE, 0x5C, 0xA5, 0x17, 0x52, 0x91, 0x00, 0x0C, 0x21, 0x0F, 0x00, 0x0D,
    0x21, 0x0F, 0x21, 0x0E, 0xAD, 0x79, 0xCE, 0x7C, 0xCE, 0x7C, 0x8C, 0x76, 0x31, 0x8F, 0x00, 0x0D,
    0x21, 0x0F, 0x08, 0x2A, 0x29, 0x2F, 0x63, 0x33, 0xAD, 0x9A, 0x9C, 0xF8, 0x73, 0x94, 0x5A, 0xF1,
    0x7B, 0xD5, 0xB5, 0xBA, 0xAD, 0x78, 0x4A, 0x51, 0x21, 0x0F, 0x10, 0x6C, 0x7B, 0xD6, 0x94, 0xB9,
    0x73, 0x95, 0x08, 0x4B, 0x21, 0x0F, 0x18, 0xAC, 0xAD, 0x79, 0xCE, 0x7C, 0x8C, 0x54, 0x10, 0x6E,
    0x21, 0x0F, 0x08, 0x2D, 0x8C, 0x77, 0xCE, 0x7D, 0x8C, 0x56, 0x08, 0x2A, 0x29, 0x2F, 0x63, 0x34,
    0xAD, 0x9A, 0x9C, 0xF8, 0x73, 0x94, 0x5A, 0xF1, 0x7B, 0xD5, 0xB5, 0xBA, 0xAD, 0x78, 0x4A, 0x51,
    0x21, 0x0F, 0x10, 0x6D, 0x8C, 0x98, 0xB5, 0xBB, 0x84, 0x36, 0x08, 0x2C, 0x21, 0x0F, 0x00, 0x2B,
    0x31, 0x70, 0x9C, 0xF6, 0xC6, 0x5C, 0x84, 0x13, 0x21, 0x0F, 0x08, 0x2A, 0x29, 0x4F, 0x84, 0x16,
    0xD6, 0xBD, 0xC6, 0x1B, 0x7B, 0xD5, 0x5A, 0xF2, 0x73, 0x93, 0x5A, 0xF4, 0x21, 0x0F, 0x00, 0x0C,
    0x21, 0x0F, 0x08, 0x2A, 0x21, 0x0F, 0x00, 0x2A, 0x21, 0x0F, 0x00, 0x0D, 0x21, 0x0F, 0x08, 0x2A,
    0x21, 0x0F, 0x08, 0x2A, 0x21, 0x0F, 0x00, 0x2B, 0x21, 0x0F, 0x08, 0x2A, 0x21, 0x0F, 0x00, 0x0D,
    0x21, 0x0F, 0x00, 0x0E, 0x21, 0x0F, 0x00, 0x2B, 0x21, 0x0F, 0x00, 0x0C, 0x21, 0x0F, 0x00, 0x2B,
    0x21, 0x0F, 0x00, 0x2A, 0x21, 0x0F, 0x00, 0x0D, 0x21, 0x0F, 0x00, 0x0E, 0x21, 0x0F, 0x00, 0x0D,
    0x21, 0x0F, 0x00, 0x2B, 0x21, 0x0F, 0x08, 0x2A, 0x21, 0x0F, 0x00, 0x0D, 0x21, 0x0F, 0x00, 0x0D,
    0x21, 0x0F, 0x08, 0x2A, 0x21, 0x0F, 0x00, 0x0C, 0x21, 0x0F, 0x00, 0x0E, 0x21, 0x0F, 0x00, 0x0C,
    0x21, 0x0F, 0x00, 0x0D, 0x21, 0x0F, 0x00, 0x0C, 0x21, 0x0F, 0x00, 0x2B, 0x21, 0x0F, 0x08, 0x2A,
    0x21, 0x0F, 0x08, 0x2A, 0x21, 0x0F, 0x08, 0x2A, 0x21, 0x0F, 0x00, 0x0C, 0x21, 0x0F, 0x00, 0x0D,
    0x21, 0x0F, 0x00, 0x0C, 0x21, 0x0F, 0x00, 0x0D, 0x21, 0x0F, 0x00, 0x2C, 0x5A, 0xF3, 0xBD, 0xDB,
    0xC6, 0x3C, 0xCE, 0x9D, 0xD6, 0xDD, 0xCE, 0x9C, 0xD6, 0xBD, 0xD6, 0xBD, 0xD6, 0x9D, 0xCE, 0x9D,
    0xC6, 0x3C, 0x31, 0x6F, 0x31, 0x8F, 0x84, 0x35, 0xAD, 0x9A, 0x7B, 0xD5, 0x29, 0x2F, 0x00, 0x0E,
    0x21, 0x0F, 0x21, 0x0C, 0x9C, 0xD6, 0xB5, 0xBA, 0x84, 0x34, 0x10, 0x6B, 0x21, 0x0F, 0x00, 0x2A,
    0x39, 0xB0, 0x73, 0x95, 0xB5, 0xDA, 0xC6, 0x5C, 0xBD, 0xFA, 0xAD, 0x79, 0xAD, 0x59, 0xC6, 0x3C,
    0x8C, 0x57, 0x08, 0x2A, 0x21, 0x0F, 0x00, 0x0D, 0x21, 0x0F, 0x00, 0x0D, 0x21, 0x0F, 0x08, 0x2A,
    0x21, 0x0F, 0x4A, 0x51, 0xAD, 0x5A, 0x94, 0x98, 0x31, 0x6F, 0x00, 0x0C, 0x21, 0x0F, 0x00, 0x0D,
    0x21, 0x0F, 0x00, 0x0C, 0x21, 0x0F, 0x00, 0x2B, 0x21, 0x0F, 0x08, 0x2A, 0x21, 0x0F, 0x08, 0x2A,
    0x31, 0x8F, 0x62, 0xF2, 0xAD, 0x99, 0xC6, 0x3B, 0xBD, 0xFA, 0xB5, 0x98, 0x94, 0xB6, 0x4A, 0x50,
    0x29, 0x2F, 0x00, 0x0D, 0x21, 0x0F, 0x10, 0x6D, 0x63, 0x33, 0xA5, 0x38, 0xC6, 0x3B, 0xB5, 0xDA,
    0xB5, 0xB9, 0xAD, 0x58, 0x8C, 0x75, 0x39, 0xAD, 0x21, 0x0F, 0x08, 0x2A, 0x6B, 0x33, 0xC6, 0x5C,
    0xC6, 0x5C, 0x52, 0xB1, 0x21, 0x0F, 0x00, 0x0D, 0x39, 0xB0, 0x73, 0xB5, 0xB5, 0xDB, 0xC6, 0x5C,
    0xC6, 0x3B, 0xBE, 0x1B, 0x84, 0x36, 0x5A, 0xD1, 0xCE, 0x5C, 0xC6, 0x5C, 0x63, 0x34, 0x00, 0x0D,
    0x21, 0x0F, 0x18, 0xCF, 0x6B, 0x74, 0xAD, 0x79, 0xC6, 0x3B, 0xBD, 0xF9, 0xB5, 0xB8, 0x94, 0x95,
    0x5A, 0xD1, 0x08, 0x4E, 0x21, 0x0F, 0x18, 0xCE, 0x8C, 0x76, 0xAD, 0x7A, 0x84, 0x16, 0x08, 0x2C,
    0x21, 0x0F, 0x00, 0x0E, 0x39, 0xD0, 0x94, 0xB6, 0xB5, 0xDA, 0x7B, 0xF4, 0x29, 0x4F, 0x00, 0x0C,
    0x21, 0x2F, 0x00, 0x2B, 0x21, 0x2F, 0x08, 0x2A, 0x20, 0xED, 0x08, 0x2A, 0x00, 0x00, 0x08, 0x2A,
    0x00, 0x2B, 0x39, 0xB7, 0x00, 0x0C, 0x29, 0x31, 0x08, 0x2A, 0x21, 0x0F, 0x08, 0x2A, 0x21, 0x0F,
    0x00, 0x0C, 0x21, 0x0F, 0x00, 0x0E, 0x21, 0x0F, 0x00, 0x0F, 0x21, 0x0F, 0x00, 0x0B, 0x21, 0x0F,
    0x08, 0x2A, 0x21, 0x0F, 0x42, 0x32, 0xA5, 0x39, 0x9D, 0x19, 0x41, 0xF1, 0x08, 0x2A, 0x21, 0x0F,
    0x5A, 0xD3, 0xC6, 0x5B, 0x84, 0x16, 0x21, 0x0F, 0x00, 0x0C, 0x31, 0x6F, 0x9D, 0x19, 0xC6, 0x3C,
    0x7B, 0xF6, 0x21, 0x0F, 0x00, 0x2B, 0x21, 0x0F, 0x18, 0xCB, 0x6B, 0x74, 0xAD, 0x79, 0xC6, 0x3B,
    0xBD, 0xF9, 0xB5, 0xB8, 0x94, 0x95, 0x5A, 0xD1, 0x08, 0x4C, 0x21, 0x0F, 0x00, 0x0C, 0x21, 0x0F,
    0x00, 0x0D, 0x21, 0x0F, 0x63, 0x32, 0xBD, 0xD9, 0xAD, 0x57, 0x5A, 0xF1, 0x08, 0x2D, 0x21, 0x0F,
    0x00, 0x0D, 0x21, 0x0F, 0x08, 0x2A, 0x31, 0x8F, 0x62, 0xF2, 0xAD, 0x79, 0xC6, 0x3B, 0xBD, 0xFA,
    0xB5, 0xB8, 0xA5, 0x17, 0x63, 0x11, 0x29, 0x4F, 0x00, 0x0B, 0x31, 0x8F, 0x73, 0xB4, 0x94, 0xB8,
    0x63, 0x34, 0x21, 0x0F, 0x08, 0x2A, 0x39, 0xCF, 0x94, 0xD5, 0xBD, 0xFA, 0x7B, 0xF3, 0x29, 0x4F,
    0x00, 0x0E, 0x21, 0x0F, 0x7B, 0xF7, 0xC6, 0x1C, 0x7B, 0xD6, 0x21, 0x0F, 0x08, 0x2A, 0x31, 0x8F,
    0x5A, 0xF4, 0xAD, 0x79, 0xC6, 0x3B, 0xBD, 0xFA, 0xB5, 0xB8, 0xA5, 0x17, 0x63, 0x12, 0x29, 0x4F,
    0x00, 0x0D, 0x31, 0x8F, 0x84, 0x35, 0xAD, 0x9A, 0x7B, 0xD5, 0x21, 0x0F, 0x00, 0x0D, 0x21, 0x0F,
    0x21, 0x0C, 0x9C, 0xD6, 0xB5, 0xBA, 0x84, 0x34, 0x10, 0x6A, 0x21, 0x0F, 0x00, 0x2B, 0x31, 0xB0,
    0x73, 0xB5, 0xB5, 0xDA, 0xC6, 0x5C, 0xC6, 0x3B, 0xBE, 0x1B, 0x84, 0x16, 0x08, 0x2D, 0x21, 0x0F,
    0x08, 0x2A, 0x21, 0x0F, 0x08, 0x2A, 0x21, 0x0F, 0x00, 0x0D, 0x21, 0x0F, 0x00, 0x0D, 0x21, 0x0F,
    0x08, 0x2A, 0x21, 0x0F, 0x08, 0x2A, 0x21, 0x0F, 0x00, 0x2B, 0x21, 0x0F, 0x08, 0x2A, 0x21, 0x0F,
    0x00, 0x0C, 0x21, 0x0F, 0x00, 0x0B, 0x21, 0x0F, 0x00, 0x2B, 0x21, 0x0F, 0x00, 0x0C, 0x21, 0x0F,
    0x08, 0x2A, 0x21, 0x0F, 0x08, 0x2A, 0x21, 0x0F, 0x00, 0x0C, 0x21, 0x0F, 0x00, 0x0E, 0x21, 0x0F,
    0x00, 0x0F, 0x21, 0x0F, 0x00, 0x0B, 0x21, 0x0F, 0x08, 0x2A, 0x21, 0x0F, 0x00, 0x0E, 0x21, 0x0F,
    0x00, 0x0B, 0x21, 0x0F, 0x08, 0x2A, 0x21, 0x0F, 0x00, 0x0D, 0x21, 0x0F, 0x00, 0x0D, 0x21, 0x0F,
    0x00, 0x0C, 0x21, 0x0F, 0x00, 0x0D, 0x21, 0x0F, 0x00, 0x0D, 0x21, 0x0F, 0x00, 0x2B, 0x21, 0x0F,
    0x08, 0x2A, 0x21, 0x0F, 0x08, 0x2A, 0x21, 0x0F, 0x00, 0x2B, 0x21, 0x0F, 0x00, 0x0D, 0x21, 0x0F,
    0x00, 0x0C, 0x21, 0x0F, 0x00, 0x0C, 0x21, 0x0F, 0x00, 0x0D, 0x21, 0x0F, 0x21, 0x2D, 0x6B, 0x52,
    0x5A, 0xF0, 0x63, 0x34, 0x5A, 0xD3, 0x6B, 0x54, 0x5A, 0xB3, 0x73, 0x73, 0x63, 0x31, 0x6B, 0x34,
    0x52, 0xB1, 0x31, 0x90, 0x08, 0x4B, 0x42, 0x10, 0x31, 0x6D, 0x39, 0xB0, 0x08, 0x2C, 0x21, 0x0F,
    0x00, 0x0B, 0x29, 0x4F, 0x39, 0xEE, 0x52, 0x91, 0x29, 0x4E, 0x21, 0x0F, 0x08, 0x2A, 0x21, 0x0F,
    0x08, 0x2A, 0x29, 0x2F, 0x21, 0x2F, 0x42, 0x31, 0x29, 0x71, 0x39, 0xD0, 0x31, 0xB0, 0x52, 0xB1,
    0x20, 0xED, 0x21, 0x0F, 0x08, 0x2A, 0x21, 0x0F, 0x00, 0x0E, 0x21, 0x0F, 0x00, 0x0B, 0x21, 0x0F,
    0x08, 0x2A, 0x31, 0x6F, 0x39, 0xCF, 0x4A, 0x50, 0x08, 0x2D, 0x21, 0x0F, 0x00, 0x0C, 0x21, 0x0F,
    0x00, 0x0D, 0x21, 0x0F, 0x00, 0x0D, 0x21, 0x0F, 0x00, 0x2B, 0x21, 0x0F, 0x08, 0x2A, 0x21, 0x0F,
    0x08, 0x2A, 0x21, 0x0F, 0x21, 0x0E, 0x4A, 0x31, 0x39, 0xB0, 0x4A, 0x51, 0x20, 0xED, 0x21, 0x0F,
    0x00, 0x0C, 0x21, 0x0F, 0x00, 0x0D, 0x21, 0x0F, 0x08, 0x2B, 0x39, 0xB0, 0x31, 0x6D, 0x4A, 0x31,
    0x39, 0xB0, 0x4A, 0x31, 0x10, 0x8D, 0x21, 0x0F, 0x08, 0x2A, 0x21, 0x0F, 0x18, 0xAC, 0x52, 0x91,
    0x41, 0xEE, 0x31, 0x90, 0x08, 0x2A, 0x21, 0x0F, 0x00, 0x0C, 0x21, 0x0F, 0x21, 0x2D, 0x4A, 0x51,
    0x31, 0x6E, 0x4A, 0x31, 0x18, 0xCD, 0x31, 0x90, 0x42, 0x0E, 0x52, 0x91, 0x18, 0xCC, 0x21, 0x0F,
    0x00, 0x0C, 0x21, 0x0F, 0x08, 0x2F, 0x39, 0xD0, 0x31, 0x91, 0x4A, 0x51, 0x39, 0xAF, 0x39, 0xAF,
    0x08, 0x2A, 0x21, 0x0F, 0x00, 0x0E, 0x29, 0x2F, 0x29, 0x6E, 0x42, 0x31, 0x20, 0xEC, 0x21, 0x0F,
    0x00, 0x0D, 0x21, 0x0F, 0x10, 0x6D, 0x52, 0x70, 0x42, 0x0F, 0x41, 0xF0, 0x00, 0x2D, 0x21, 0x0F,
    0x00, 0x0D, 0x21, 0x0F, 0x00, 0x2B, 0x31, 0x96, 0x08, 0x2A, 0x00, 0x00, 0x08, 0x2A, 0x00, 0x00,
    0x4A, 0x5F, 0x00, 0x2B, 0x31, 0x75, 0x00, 0x0B, 0x00, 0x00, 0x08, 0x2A, 0x21, 0x0F, 0x08, 0x2A,
    0x21, 0x0F, 0x00, 0x2B, 0x20, 0xEE, 0x00, 0x0D, 0x20, 0xEE, 0x00, 0x0E, 0x20, 0xEE, 0x08, 0x2A,
    0x20, 0xEE, 0x00, 0x2A, 0x31, 0x6F, 0x39, 0xD0, 0x4A, 0x50, 0x10, 0x6C, 0x20, 0xEE, 0x08, 0x2A,
    0x29, 0x4F, 0x42, 0x0F, 0x42, 0x10, 0x00, 0x2B, 0x20, 0xEE, 0x08, 0x4B, 0x41, 0xF1, 0x29, 0x70,
    0x39, 0xB0, 0x08, 0x2B, 0x20, 0xEE, 0x00, 0x2B, 0x20, 0xEE, 0x08, 0x4A, 0x39, 0xD0, 0x31, 0x8E,
    0x4A, 0x51, 0x39, 0xB0, 0x39, 0xAF, 0x08, 0x2D, 0x20, 0xEE, 0x00, 0x2B, 0x20, 0xEE, 0x00, 0x0D,
    0x20, 0xEE, 0x00, 0x0C, 0x29, 0x4F, 0x39, 0xAE, 0x4A, 0x31, 0x10, 0xAC, 0x20, 0xEE, 0x00, 0x0F,
    0x20, 0xEE, 0x00, 0x0D, 0x20, 0xEE, 0x00, 0x2A, 0x21, 0x0F, 0x21, 0x0E, 0x4A, 0x31, 0x39, 0xCE,
    0x4A, 0x51, 0x29, 0x4C, 0x21, 0x2E, 0x08, 0x2A, 0x20, 0xEE, 0x08, 0x4B, 0x39, 0xF0, 0x29, 0x4E,
    0x31, 0x90, 0x08, 0x2B, 0x20, 0xEE, 0x08, 0x4A, 0x4A, 0x70, 0x42, 0x0E, 0x4A, 0x50, 0x08, 0x2B,
    0x20, 0xEE, 0x00, 0x2D, 0x39, 0xB0, 0x29, 0x71, 0x39, 0xB0, 0x08, 0x2A, 0x20, 0xEE, 0x00, 0x2A,
    0x21, 0x0F, 0x21, 0x0F, 0x4A, 0x31, 0x39, 0xCE, 0x4A, 0x51, 0x29, 0x4D, 0x21, 0x2E, 0x00, 0x0C,
    0x20, 0xEE, 0x08, 0x4B, 0x42, 0x10, 0x31, 0x6E, 0x39, 0xB0, 0x00, 0x2C, 0x20, 0xEE, 0x00, 0x0B,
    0x29, 0x2F, 0x39, 0xEE, 0x52, 0x91, 0x29, 0x4D, 0x21, 0x0E, 0x08, 0x2A, 0x20, 0xEE, 0x00, 0x0D,
    0x21, 0x0F, 0x21, 0x2E, 0x4A, 0x51, 0x31, 0x6E, 0x42, 0x31, 0x18, 0xCE, 0x20, 0xEE, 0x00, 0x0C,
    0x20, 0xEE, 0x08, 0x2A, 0x20, 0xEE, 0x00, 0x2B, 0x20, 0xEE, 0x00, 0x0F, 0x20, 0xEE, 0x00, 0x0D,
    0x20, 0xEE, 0x00, 0x2A, 0x20, 0xEE, 0x00, 0x0C, 0x20, 0xEE, 0x00, 0x2A, 0x20, 0xEE, 0x08, 0x2A,
    0x20, 0xEE, 0x08, 0x2A, 0x20, 0xEE, 0x08, 0x2A, 0x20, 0xEE, 0x00, 0x2B, 0x20, 0xEE, 0x00, 0x0B,
    0x20, 0xEE, 0x08, 0x2A, 0x20, 0xEE, 0x08, 0x2A, 0x20, 0xEE, 0x00, 0x2B, 0x20, 0xEE, 0x00, 0x0D,
    0x20, 0xEE, 0x00, 0x0E, 0x20, 0xEE, 0x08, 0x2A, 0x20, 0xEE, 0x00, 0x2A, 0x20, 0xEE, 0x00, 0x0D,
    0x20, 0xEE, 0x00, 0x2B, 0x20, 0xEE, 0x08, 0x2A, 0x20, 0xEE, 0x00, 0x0C, 0x20, 0xEE, 0x00, 0x2B,
    0x20, 0xEE, 0x00, 0x2B, 0x20, 0xEE, 0x00, 0x0C, 0x20, 0xEE, 0x00, 0x0B, 0x20, 0xEE, 0x00, 0x2B,
    0x20, 0xEE, 0x08, 0x2A, 0x20, 0xEE, 0x08, 0x2A, 0x20, 0xEE, 0x00, 0x0D, 0x20, 0xEE, 0x00, 0x0D,
    0x20, 0xEE, 0x00, 0x2B, 0x20, 0xEE, 0x00, 0x0D, 0x20, 0xEE, 0x00, 0x0C, 0x20, 0xEE, 0x08, 0x2A,
    0x21, 0x0E, 0x00, 0x2B, 0x21, 0x0E, 0x00, 0x0F, 0x20, 0xEE, 0x08, 0x2D, 0x21, 0x0E, 0x00, 0x2A,
    0x21, 0x0E, 0x00, 0x0C, 0x20, 0xEE, 0x00, 0x2A, 0x20, 0xEE, 0x08, 0x2A, 0x20, 0xEE, 0x08, 0x2A,
    0x20, 0xEE, 0x08, 0x2A, 0x20, 0xEE, 0x00, 0x2B, 0x20, 0xEE, 0x00, 0x0B, 0x20, 0xEE, 0x08, 0x2A,
    0x20, 0xEE, 0x08, 0x2A, 0x20, 0xEE, 0x00, 0x2B, 0x20, 0xEE, 0x00, 0x0D, 0x20, 0xEE, 0x00, 0x0E,
    0x20, 0xEE, 0x08, 0x2A, 0x20, 0xEE, 0x00, 0x2A, 0x20, 0xEE, 0x00, 0x0D, 0x20, 0xEE, 0x00, 0x2B,
    0x20, 0xEE, 0x08, 0x2A, 0x20, 0xEE, 0x00, 0x0C, 0x20, 0xEE, 0x00, 0x2B, 0x20, 0xEE, 0x00, 0x2B,
    0x20, 0xEE, 0x00, 0x0C, 0x20, 0xEE, 0x00, 0x0B, 0x20, 0xEE, 0x00, 0x2B, 0x20, 0xEE, 0x08, 0x2A,
    0x20, 0xEE, 0x08, 0x2A, 0x20, 0xEE, 0x00, 0x0D, 0x20, 0xEE, 0x00, 0x0D, 0x20, 0xEE, 0x00, 0x2B,
    0x20, 0xEE, 0x00, 0x0D, 0x20, 0xEE, 0x00, 0x0C, 0x20, 0xEE, 0x08, 0x2A, 0x20, 0xEE, 0x00, 0x2B,
    0x20, 0xEE, 0x00, 0x0F, 0x20, 0xEE, 0x00, 0x0D, 0x20, 0xEE, 0x00, 0x2A, 0x20, 0xEE, 0x00, 0x0C,
    0x20, 0xEE, 0x00, 0x2A, 0x20, 0xEE, 0x08, 0x2A, 0x20, 0xEE, 0x08, 0x2A, 0x20, 0xEE, 0x08, 0x2A,
    0x20, 0xEE, 0x00, 0x2B, 0x20, 0xEE, 0x00, 0x0B, 0x20, 0xEE, 0x08, 0x2A, 0x20, 0xEE, 0x08, 0x2A,
    0x20, 0xEE, 0x00, 0x2B, 0x20, 0xEE, 0x00, 0x0D, 0x20, 0xEE, 0x00, 0x0E, 0x20, 0xEE, 0x08, 0x2A,
    0x20, 0xEE, 0x00, 0x2A, 0x20, 0xEE, 0x00, 0x0D, 0x20, 0xEE, 0x00, 0x2B, 0x20, 0xEE, 0x08, 0x2A,
    0x20, 0xEE, 0x00, 0x0C, 0x20, 0xEE, 0x00, 0x2B, 0x20, 0xEE, 0x00, 0x2B, 0x20, 0xEE, 0x00, 0x0C,
    0x21, 0x0F, 0x00, 0x0B, 0x21, 0x0F, 0x00, 0x2B, 0x18, 0xEC, 0x08, 0x2A, 0x00, 0x00, 0x08, 0x2A,
    0x08, 0x2A, 0x31, 0x96, 0x00, 0x0C, 0x29, 0x31, 0x00, 0x0C, 0x21, 0x0F, 0x00, 0x2A, 0x21, 0x0F,
    0x08, 0x2A, 0x21, 0x0F, 0x08, 0x2A, 0x20, 0xEE, 0x00, 0x0B, 0x20, 0xEE, 0x00, 0x0C, 0x20, 0xEE,
    0x08, 0x2A, 0x20, 0xEE, 0x08, 0x2A, 0x20, 0xEE, 0x00, 0x0D, 0x20, 0xEE, 0x08, 0x2A, 0x20, 0xEE,
    0x00, 0x2B, 0x20, 0xEE, 0x00, 0x0D, 0x20, 0xEE, 0x00, 0x2B, 0x20, 0xEE, 0x08, 0x2A, 0x20, 0xEE,
    0x00, 0x2A, 0x20, 0xEE, 0x08, 0x2A, 0x20, 0xEE, 0x00, 0x0C, 0x20, 0xEE, 0x00, 0x2B, 0x20, 0xEE,
    0x00, 0x2B, 0x20, 0xEE, 0x00, 0x0D, 0x20, 0xEE, 0x00, 0x0C, 0x20, 0xEE, 0x00, 0x2B, 0x20, 0xEE,
    0x00, 0x0C, 0x20, 0xEE, 0x00, 0x2B, 0x20, 0xEE, 0x00, 0x2B, 0x20, 0xEE, 0x00, 0x0D, 0x20, 0xEE,
    0x00, 0x0F, 0x20, 0xEE, 0x00, 0x0D, 0x20, 0xEE, 0x00, 0x0D, 0x20, 0xEE, 0x00, 0x0D, 0x20, 0xEE,
    0x00, 0x2B, 0x20, 0xEE, 0x08, 0x2A, 0x20, 0xEE, 0x08, 0x2A, 0x20, 0xEE, 0x08, 0x2A, 0x20, 0xEE,
    0x00, 0x0C, 0x20, 0xEE, 0x00, 0x0C, 0x20, 0xEE, 0x00, 0x2A, 0x20, 0xEE, 0x08, 0x2A, 0x20, 0xEE,
    0x08, 0x2A, 0x20, 0xEE, 0x00, 0x0B, 0x20, 0xEE, 0x00, 0x0C, 0x20, 0xEE, 0x08, 0x2A, 0x20, 0xEE,
    0x08, 0x2A, 0x20, 0xEE, 0x00, 0x0D, 0x20, 0xEE, 0x08, 0x2A, 0x20, 0xEE, 0x00, 0x2B, 0x20, 0xEE,
    0x00, 0x0D, 0x20, 0xEE, 0x00, 0x2B, 0x20, 0xEE, 0x08, 0x2A, 0x20, 0xEE, 0x00, 0x2A, 0x20, 0xEE,
    0x08, 0x2A, 0x20, 0xEE, 0x00, 0x0C, 0x20, 0xEE, 0x00, 0x2B, 0x20, 0xEE, 0x00, 0x2B, 0x20, 0xEE,
    0x00, 0x0D, 0x20, 0xEE, 0x00, 0x0C, 0x20, 0xEE, 0x00, 0x2B, 0x20, 0xEE, 0x00, 0x0C, 0x20, 0xEE,
    0x00, 0x2B, 0x20, 0xEE, 0x00, 0x2B, 0x20, 0xEE, 0x00, 0x0D, 0x20, 0xEE, 0x00, 0x0F, 0x20, 0xEE,
    0x00, 0x0D, 0x20, 0xEE, 0x00, 0x0D, 0x20, 0xEE, 0x00, 0x0D, 0x20, 0xEE, 0x00, 0x2B, 0x20, 0xEE,
    0x08, 0x2A, 0x20, 0xEE, 0x08, 0x2A, 0x20, 0xEE, 0x08, 0x2A, 0x20, 0xEE, 0x00, 0x0C, 0x20, 0xEE,
    0x00, 0x0C, 0x20, 0xEE, 0x00, 0x2A, 0x20, 0xEE, 0x08, 0x2A, 0x20, 0xEE, 0x08, 0x2A, 0x20, 0xEE,
    0x00, 0x0B, 0x20, 0xEE, 0x00, 0x0C, 0x20, 0xEE, 0x08, 0x2A, 0x20, 0xEE, 0x08, 0x2A, 0x20, 0xEE,
    0x00, 0x0D, 0x20, 0xEE, 0x08, 0x2A, 0x20, 0xEE, 0x00, 0x2B, 0x20, 0xEE, 0x00, 0x0D, 0x20, 0xEE,
    0x00, 0x2B, 0x20, 0xEE, 0x08, 0x2A, 0x20, 0xEE, 0x00, 0x2A, 0x20, 0xEE, 0x08, 0x2A, 0x20, 0xEE,
    0x00, 0x0C, 0x20, 0xEE, 0x00, 0x2B, 0x20, 0xEE, 0x00, 0x2B, 0x20, 0xEE, 0x00, 0x0D, 0x20, 0xEE,
    0x00, 0x0C, 0x20, 0xEE, 0x00, 0x2B, 0x20, 0xEE, 0x00, 0x0C, 0x20, 0xEE, 0x00, 0x2B, 0x20, 0xEE,
    0x00, 0x2B, 0x20, 0xEE, 0x00, 0x0D, 0x20, 0xEE, 0x00, 0x0F, 0x20, 0xEE, 0x00, 0x0D, 0x20, 0xEE,
    0x00, 0x0D, 0x20, 0xEE, 0x00, 0x0D, 0x20, 0xEE, 0x00, 0x2B, 0x20, 0xEE, 0x08, 0x2A, 0x20, 0xEE,
    0x08, 0x2A, 0x20, 0xEE, 0x08, 0x2A, 0x20, 0xEE, 0x00, 0x0C, 0x20, 0xEE, 0x00, 0x0C, 0x20, 0xEE,
    0x00, 0x2A, 0x20, 0xEE, 0x08, 0x2A, 0x20, 0xEE, 0x08, 0x2A, 0x20, 0xEE, 0x00, 0x0B, 0x20, 0xEE,
    0x00, 0x0C, 0x20, 0xEE, 0x08, 0x2A, 0x20, 0xEE, 0x08, 0x2A, 0x20, 0xEE, 0x00, 0x0D, 0x20, 0xEE,
    0x08, 0x2A, 0x20, 0xEE, 0x00, 0x2B, 0x20, 0xEE, 0x00, 0x0D, 0x20, 0xEE, 0x00, 0x2B, 0x20, 0xEE,
    0x08, 0x2A, 0x20, 0xEE, 0x00, 0x2A, 0x20, 0xEE, 0x08, 0x2A, 0x20, 0xEE, 0x00, 0x0C, 0x20, 0xEE,
    0x00, 0x2B, 0x20, 0xEE, 0x00, 0x2B, 0x20, 0xEE, 0x00, 0x0D, 0x20, 0xEE, 0x00, 0x0C, 0x20, 0xEE,
    0x00, 0x2B, 0x20, 0xEE, 0x00, 0x0C, 0x20, 0xEE, 0x00, 0x2B, 0x20, 0xEE, 0x00, 0x2B, 0x20, 0xEE,
    0x00, 0x0D, 0x20, 0xEE, 0x00, 0x0F, 0x20, 0xEE, 0x00, 0x0D, 0x20, 0xEE, 0x00, 0x0D, 0x20, 0xEE,
    0x00, 0x0D, 0x20, 0xEE, 0x00, 0x2B, 0x20, 0xEE, 0x08, 0x2A, 0x20, 0xEE, 0x08, 0x2A, 0x20, 0xEE,
    0x08, 0x2A, 0x20, 0xEE, 0x00, 0x0C, 0x20, 0xEE, 0x00, 0x0C, 0x20, 0xEE, 0x00, 0x2A, 0x20, 0xEE,
    0x08, 0x2A, 0x20, 0xEE, 0x08, 0x2A, 0x20, 0xEE, 0x00, 0x0B, 0x20, 0xEE, 0x00, 0x0C, 0x20, 0xEE,
    0x08, 0x2A, 0x20, 0xEE, 0x08, 0x2A, 0x20, 0xEE, 0x00, 0x0D, 0x20, 0xEE, 0x08, 0x2A, 0x20, 0xEE,
    0x00, 0x2B, 0x20, 0xEE, 0x00, 0x0D, 0x20, 0xEE, 0x00, 0x2B, 0x20, 0xEE, 0x08, 0x2A, 0x21, 0x0F,
    0x00, 0x2A, 0x21, 0x0F, 0x08, 0x2A, 0x31, 0x75, 0x00, 0x0C, 0x00, 0x00, 0x00, 0x2B, 0x00, 0x00,
    0x4A, 0x3F, 0x00, 0x2A, 0x31, 0x74, 0x00, 0x0C, 0x00, 0x00, 0x00, 0x0C, 0x21, 0x0F, 0x00, 0x0B,
    0x21, 0x0F, 0x08, 0x2A, 0x20, 0xEE, 0x08, 0x2A, 0x20, 0xEE, 0x00, 0x2B, 0x20, 0xEE, 0x00, 0x0C,
    0x20, 0xEE, 0x00, 0x2B, 0x20, 0xEE, 0x00, 0x0B, 0x20, 0xEE, 0x00, 0x0B, 0x20, 0xEE, 0x08, 0x2A,
    0x20, 0xEE, 0x00, 0x0C, 0x20, 0xEE, 0x00, 0x0D, 0x20, 0xEE, 0x00, 0x2B, 0x20, 0xEE, 0x00, 0x2B,
    0x20, 0xEE, 0x08, 0x2A, 0x20, 0xEE, 0x00, 0x2B, 0x20, 0xEE, 0x00, 0x0D, 0x20, 0xEE, 0x00, 0x0B,
    0x20, 0xEE, 0x00, 0x0B, 0x20, 0xEE, 0x00, 0x0C, 0x20, 0xEE, 0x00, 0x0B, 0x20, 0xEE, 0x00, 0x2B,
    0x20, 0xEE, 0x00, 0x0C, 0x20, 0xEE, 0x00, 0x2B, 0x20, 0xEE, 0x00, 0x0C, 0x20, 0xEE, 0x00, 0x0D,
    0x20, 0xEE, 0x00, 0x0E, 0x20, 0xEE, 0x00, 0x0D, 0x20, 0xEE, 0x00, 0x0E, 0x20, 0xEE, 0x00, 0x0E,
    0x20, 0xEE, 0x00, 0x0C, 0x20, 0xEE, 0x00, 0x2B, 0x20, 0xEE, 0x00, 0x2B, 0x20, 0xEE, 0x00, 0x2A,
    0x20, 0xEE, 0x00, 0x0C, 0x20, 0xEE, 0x00, 0x0C, 0x20, 0xEE, 0x00, 0x0B, 0x20, 0xEE, 0x08, 0x2A,
    0x20, 0xEE, 0x08, 0x2A, 0x20, 0xEE, 0x00, 0x2B, 0x20, 0xEE, 0x00, 0x0C, 0x20, 0xEE, 0x00, 0x2B,
    0x20, 0xEE, 0x00, 0x0B, 0x20, 0xEE, 0x00, 0x0B, 0x20, 0xEE, 0x08, 0x2A, 0x20, 0xEE, 0x00, 0x0C,
    0x20, 0xEE, 0x00, 0x0D, 0x20, 0xEE, 0x00, 0x2B, 0x20, 0xEE, 0x00, 0x2B, 0x20, 0xEE, 0x08, 0x2A,
    0x20, 0xEE, 0x00, 0x2B, 0x20, 0xEE, 0x00, 0x0D, 0x20, 0xEE, 0x00, 0x0B, 0x20, 0xEE, 0x00, 0x0B,
    0x20, 0xEE, 0x00, 0x0C, 0x20, 0xEE, 0x00, 0x0B, 0x20, 0xEE, 0x00, 0x2B, 0x20, 0xEE, 0x00, 0x0C,
    0x20, 0xEE, 0x00, 0x2B, 0x20, 0xEE, 0x00, 0x0C, 0x20, 0xEE, 0x00, 0x0D, 0x20, 0xEE, 0x00, 0x0E,
    0x20, 0xEE, 0x00, 0x0D, 0x20, 0xEE, 0x00, 0x0E, 0x20, 0xEE, 0x00, 0x0E, 0x20, 0xEE, 0x00, 0x0C,
    0x20, 0xEE, 0x00, 0x2B, 0x20, 0xEE, 0x00, 0x2B, 0x20, 0xEE, 0x00, 0x2A, 0x20, 0xEE, 0x00, 0x0C,
    0x20, 0xEE, 0x00, 0x0C, 0x20, 0xEE, 0x00, 0x0B, 0x20, 0xEE, 0x08, 0x2A, 0x20, 0xEE, 0x08, 0x2A,
    0x20, 0xEE, 0x00, 0x2B, 0x20, 0xEE, 0x00, 0x0C, 0x20, 0xEE, 0x00, 0x2B, 0x20, 0xEE, 0x00, 0x0B,
    0x20, 0xEE, 0x00, 0x0B, 0x20, 0xEE, 0x08, 0x2A, 0x20, 0xEE, 0x00, 0x0C, 0x20, 0xEE, 0x00, 0x0D,
    0x20, 0xEE, 0x00, 0x2B, 0x20, 0xEE, 0x00, 0x2B, 0x20, 0xEE, 0x08, 0x2A, 0x20, 0xEE, 0x00, 0x2B,
    0x20, 0xEE, 0x00, 0x0D, 0x20, 0xEE, 0x00, 0x0B, 0x20, 0xEE, 0x00, 0x0B, 0x20, 0xEE, 0x00, 0x0C,
    0x20, 0xEE, 0x00, 0x0B, 0x20, 0xEE, 0x00, 0x2B, 0x20, 0xEE, 0x00, 0x0C, 0x20, 0xEE, 0x00, 0x2B,
    0x20, 0xEE, 0x00, 0x0C, 0x20, 0xEE, 0x00, 0x0D, 0x20, 0xEE, 0x00, 0x0E, 0x20, 0xEE, 0x00, 0x0D,
    0x20, 0xEE, 0x00, 0x0E, 0x20, 0xEE, 0x00, 0x0E, 0x20, 0xEE, 0x00, 0x0C, 0x20, 0xEE, 0x00, 0x2B,
    0x20, 0xEE, 0x00, 0x2B, 0x20, 0xEE, 0x00, 0x2A, 0x20, 0xEE, 0x00, 0x0C, 0x20, 0xEE, 0x00, 0x0C,
    0x20, 0xEE, 0x00, 0x0B, 0x20, 0xEE, 0x08, 0x2A, 0x20, 0xEE, 0x08, 0x2A, 0x20, 0xEE, 0x00, 0x2B,
    0x20, 0xEE, 0x00, 0x0C, 0x20, 0xEE, 0x00, 0x2B, 0x20, 0xEE, 0x00, 0x0B, 0x20, 0xEE, 0x00, 0x0B,
    0x20, 0xEE, 0x08, 0x2A, 0x20, 0xEE, 0x00, 0x0C, 0x20, 0xEE, 0x00, 0x0D, 0x20, 0xEE, 0x00, 0x2B,
    0x20, 0xEE, 0x00, 0x2B, 0x20, 0xEE, 0x08, 0x2A, 0x20, 0xEE, 0x00, 0x2B, 0x20, 0xEE, 0x00, 0x0D,
    0x20, 0xEE, 0x00, 0x0B, 0x20, 0xEE, 0x00, 0x0B, 0x20, 0xEE, 0x00, 0x0C, 0x20, 0xEE, 0x00, 0x0B,
    0x20, 0xEE, 0x00, 0x2B, 0x20, 0xEE, 0x00, 0x0C, 0x20, 0xEE, 0x00, 0x2B, 0x20, 0xEE, 0x00, 0x0C,
    0x20, 0xEE, 0x00, 0x0D, 0x20, 0xEE, 0x00, 0x0E, 0x20, 0xEE, 0x00, 0x0D, 0x20, 0xEE, 0x00, 0x0E,
    0x20, 0xEE, 0x00, 0x0E, 0x20, 0xEE, 0x00, 0x0C, 0x20, 0xEE, 0x00, 0x2B, 0x20, 0xEE, 0x00, 0x2B,
    0x20, 0xEE, 0x00, 0x2A, 0x20, 0xEE, 0x00, 0x0C, 0x20, 0xEE, 0x00, 0x0C, 0x20, 0xEE, 0x00, 0x0B,
    0x20, 0xEE, 0x08, 0x2A, 0x20, 0xEE, 0x08, 0x2A, 0x20, 0xEE, 0x00, 0x2B, 0x20, 0xEE, 0x00, 0x0C,
    0x20, 0xEE, 0x00, 0x2B, 0x20, 0xEE, 0x00, 0x0B, 0x20, 0xEE, 0x00, 0x0B, 0x20, 0xEE, 0x08, 0x2A,
    0x20, 0xEE, 0x00, 0x0C, 0x20, 0xEE, 0x00, 0x0D, 0x20, 0xEE, 0x00, 0x2B, 0x20, 0xEE, 0x00, 0x2B,
    0x21, 0x0F, 0x08, 0x2A, 0x21, 0x0F, 0x00, 0x2B, 0x18, 0xCC, 0x00, 0x0D, 0x00, 0x00, 0x00, 0x0B,
    0x00, 0x2B, 0x31, 0x76, 0x00, 0x2B, 0x21, 0x10, 0x00, 0x0B, 0x20, 0xEE, 0x00, 0x0D, 0x20, 0xEE,
    0x00, 0x0D, 0x20, 0xEE, 0x08, 0x2A, 0x20, 0xEE, 0x08, 0x2A, 0x20, 0xEE, 0x00, 0x0C, 0x20, 0xEE,
    0x00, 0x0E, 0x20, 0xEE, 0x00, 0x0D, 0x20, 0xEE, 0x00, 0x0C, 0x20, 0xEE, 0x00, 0x2B, 0x20, 0xEE,
    0x08, 0x2A, 0x20, 0xEE, 0x00, 0x0D, 0x20, 0xEE, 0x00, 0x0D, 0x20, 0xEE, 0x00, 0x0C, 0x20, 0xEE,
    0x00, 0x0C, 0x20, 0xEE, 0x00, 0x2A, 0x20, 0xEE, 0x00, 0x0C, 0x20, 0xEE, 0x00, 0x0D, 0x20, 0xEE,
    0x00, 0x0B, 0x20, 0xEE, 0x08, 0x2A, 0x20, 0xEE, 0x08, 0x2A, 0x20, 0xEE, 0x00, 0x2B, 0x20, 0xEE,
    0x00, 0x2B, 0x20, 0xEE, 0x00, 0x2B, 0x20, 0xEE, 0x00, 0x0C, 0x20, 0xEE, 0x08, 0x2A, 0x20, 0xEE,
    0x00, 0x2B, 0x20, 0xEE, 0x00, 0x0C, 0x20, 0xEE, 0x00, 0x0C, 0x20, 0xEE, 0x00, 0x0E, 0x20, 0xEE,
    0x00, 0x0D, 0x20, 0xEE, 0x00, 0x0D, 0x20, 0xEE, 0x00, 0x0C, 0x20, 0xEE, 0x00, 0x2B, 0x20, 0xEE,
    0x00, 0x2B, 0x20, 0xEE, 0x00, 0x0B, 0x20, 0xEE, 0x00, 0x0D, 0x20, 0xEE, 0x00, 0x0D, 0x20, 0xEE,
    0x08, 0x2A, 0x20, 0xEE, 0x08, 0x2A, 0x20, 0xEE, 0x00, 0x0C, 0x20, 0xEE, 0x00, 0x0E, 0x20, 0xEE,
    0x00, 0x0D, 0x20, 0xEE, 0x00, 0x0C, 0x20, 0xEE, 0x00, 0x2B, 0x20, 0xEE, 0x08, 0x2A, 0x20, 0xEE,
    0x00, 0x0D, 0x20, 0xEE, 0x00, 0x0D, 0x20, 0xEE, 0x00, 0x0C, 0x20, 0xEE, 0x00, 0x0C, 0x20, 0xEE,
    0x00, 0x2A, 0x20, 0xEE, 0x00, 0x0C, 0x20, 0xEE, 0x00, 0x0D, 0x20, 0xEE, 0x00, 0x0B, 0x20, 0xEE,
    0x08, 0x2A, 0x20, 0xEE, 0x08, 0x2A, 0x20, 0xEE, 0x00, 0x2B, 0x20, 0xEE, 0x00, 0x2B, 0x20, 0xEE,
    0x00, 0x2B, 0x20, 0xEE, 0x00, 0x0C, 0x20, 0xEE, 0x08, 0x2A, 0x20, 0xEE, 0x00, 0x2B, 0x20, 0xEE,
    0x00, 0x0C, 0x20, 0xEE, 0x00, 0x0C, 0x20, 0xEE, 0x00, 0x0E, 0x20, 0xEE, 0x00, 0x0D, 0x20, 0xEE,
    0x00, 0x0D, 0x20, 0xEE, 0x00, 0x0C, 0x20, 0xEE, 0x00, 0x2B, 0x20, 0xEE, 0x00, 0x2B, 0x20, 0xEE,
    0x00, 0x0B, 0x20, 0xEE, 0x00, 0x0D, 0x20, 0xEE, 0x00, 0x0D, 0x20, 0xEE, 0x08, 0x2A, 0x20, 0xEE,
    0x08, 0x2A, 0x20, 0xEE, 0x00, 0x0C, 0x20, 0xEE, 0x00, 0x0E, 0x20, 0xEE, 0x00, 0x0D, 0x20, 0xEE,
    0x00, 0x0C, 0x20, 0xEE, 0x00, 0x2B, 0x20, 0xEE, 0x08, 0x2A, 0x20, 0xEE, 0x00, 0x0D, 0x20, 0xEE,
    0x00, 0x0D, 0x20, 0xEE, 0x00, 0x0C, 0x20, 0xEE, 0x00, 0x0C, 0x20, 0xEE, 0x00, 0x2A, 0x20, 0xEE,
    0x00, 0x0C, 0x20, 0xEE, 0x00, 0x0D, 0x20, 0xEE, 0x00, 0x0B, 0x20, 0xEE, 0x08, 0x2A, 0x20, 0xEE,
    0x08, 0x2A, 0x20, 0xEE, 0x00, 0x2B, 0x20, 0xEE, 0x00, 0x2B, 0x20, 0xEE, 0x00, 0x2B, 0x20, 0xEE,
    0x00, 0x0C, 0x20, 0xEE, 0x08, 0x2A, 0x20, 0xEE, 0x00, 0x2B, 0x20, 0xEE, 0x00, 0x0C, 0x20, 0xEE,
    0x00, 0x0C, 0x20, 0xEE, 0x00, 0x0E, 0x20, 0xEE, 0x00, 0x0D, 0x20, 0xEE, 0x00, 0x0D, 0x20, 0xEE,
    0x00, 0x0C, 0x20, 0xEE, 0x00, 0x2B, 0x20, 0xEE, 0x00, 0x2B, 0x20, 0xEE, 0x00, 0x0B, 0x20, 0xEE,
    0x00, 0x0D, 0x20, 0xEE, 0x00, 0x0D, 0x20, 0xEE, 0x08, 0x2A, 0x20, 0xEE, 0x08, 0x2A, 0x20, 0xEE,
    0x00, 0x0C, 0x20, 0xEE, 0x00, 0x0E, 0x20, 0xEE, 0x00, 0x0D, 0x20, 0xEE, 0x00, 0x0C, 0x20, 0xEE,
    0x00, 0x2B, 0x20, 0xEE, 0x08, 0x2A, 0x20, 0xEE, 0x00, 0x0D, 0x20, 0xEE, 0x00, 0x0D, 0x20, 0xEE,
    0x00, 0x0C, 0x20, 0xEE, 0x00, 0x0C, 0x20, 0xEE, 0x00, 0x2A, 0x20, 0xEE, 0x00, 0x0C, 0x20, 0xEE,
    0x00, 0x0D, 0x20, 0xEE, 0x00, 0x0B, 0x20, 0xEE, 0x08, 0x2A, 0x20, 0xEE, 0x08, 0x2A, 0x20, 0xEE,
    0x00, 0x2B, 0x20, 0xEE, 0x00, 0x2B, 0x20, 0xEE, 0x00, 0x2B, 0x20, 0xEE, 0x00, 0x0C, 0x20, 0xEE,
    0x08, 0x2A, 0x20, 0xEE, 0x00, 0x2B, 0x20, 0xEE, 0x00, 0x0C, 0x20, 0xEE, 0x00, 0x0C, 0x20, 0xEE,
    0x00, 0x0E, 0x20, 0xEE, 0x00, 0x0D, 0x20, 0xEE, 0x00, 0x0D, 0x20, 0xEE, 0x00, 0x0C, 0x20, 0xEE,
    0x00, 0x2B, 0x20, 0xEE, 0x00, 0x2B, 0x20, 0xEE, 0x00, 0x0B, 0x20, 0xEE, 0x00, 0x0D, 0x20, 0xEE,
    0x00, 0x0D, 0x20, 0xEE, 0x08, 0x2A, 0x20, 0xEE, 0x08, 0x2A, 0x20, 0xEE, 0x00, 0x0C, 0x20, 0xEE,
    0x00, 0x0E, 0x20, 0xEE, 0x00, 0x0D, 0x20, 0xEE, 0x00, 0x0C, 0x20, 0xEE, 0x00, 0x2B, 0x20, 0xEE,
    0x08, 0x2A, 0x20, 0xEE, 0x00, 0x0D, 0x20, 0xEE, 0x00, 0x0D, 0x20, 0xEE, 0x00, 0x0C, 0x20, 0xEE,
    0x00, 0x0C, 0x20, 0xEE, 0x00, 0x2A, 0x31, 0x75, 0x00, 0x0C, 0x00, 0x00, 0x00, 0x0D, 0x00, 0x00,
    0x42, 0x1F, 0x00, 0x2B, 0x29, 0x54, 0x08, 0x2A, 0x00, 0x00, 0x00, 0x2B, 0x20, 0xEE, 0x00, 0x0E,
    0x20, 0xEE, 0x00, 0x0D, 0x18, 0xCE, 0x00, 0x2B, 0x18, 0xCE, 0x00, 0x2B, 0x18, 0xCE, 0x00, 0x0E,
    0x18, 0xCE, 0x00, 0x0E, 0x18, 0xCE, 0x00, 0x0E, 0x18, 0xCE, 0x00, 0x0C, 0x18, 0xCE, 0x00, 0x2A,
    0x18, 0xCE, 0x08, 0x2A, 0x18, 0xCE, 0x00, 0x0C, 0x18, 0xCE, 0x00, 0x0D, 0x18, 0xCE, 0x00, 0x0D,
    0x18, 0xCE, 0x00, 0x0C, 0x18, 0xCE, 0x00, 0x2B, 0x18, 0xCE, 0x00, 0x2B, 0x18, 0xCE, 0x00, 0x0B,
    0x18, 0xCE, 0x00, 0x2B, 0x18, 0xCE, 0x08, 0x2A, 0x18, 0xCE, 0x00, 0x2A, 0x18, 0xCE, 0x08, 0x2A,
    0x18, 0xCE, 0x08, 0x2A, 0x18, 0xCE, 0x00, 0x0C, 0x18, 0xCE, 0x00, 0x0D, 0x18, 0xCE, 0x00, 0x2B,
    0x18, 0xCE, 0x08, 0x2A, 0x18, 0xCE, 0x00, 0x2B, 0x18, 0xCE, 0x00, 0x2B, 0x18, 0xCE, 0x00, 0x0C,
    0x18, 0xCE, 0x00, 0x2B, 0x18, 0xCE, 0x00, 0x0C, 0x18, 0xCE, 0x00, 0x0B, 0x18, 0xCE, 0x00, 0x2B,
    0x18, 0xCE, 0x08, 0x2A, 0x18, 0xCE, 0x00, 0x2B, 0x18, 0xCE, 0x00, 0x0E, 0x18, 0xCE, 0x00, 0x0D,
    0x18, 0xCE, 0x00, 0x2B, 0x18, 0xCE, 0x00, 0x2B, 0x18, 0xCE, 0x00, 0x0E, 0x18, 0xCE, 0x00, 0x0E,
    0x18, 0xCE, 0x00, 0x0E, 0x18, 0xCE, 0x00, 0x0C, 0x18, 0xCE, 0x00, 0x2A, 0x18, 0xCE, 0x08, 0x2A,
    0x18, 0xCE, 0x00, 0x0C, 0x18, 0xCE, 0x00, 0x0D, 0x18, 0xCE, 0x00, 0x0D, 0x18, 0xCE, 0x00, 0x0C,
    0x18, 0xCE, 0x00, 0x2B, 0x18, 0xCE, 0x00, 0x2B, 0x18, 0xCE, 0x00, 0x0B, 0x18, 0xCE, 0x00, 0x2B,
    0x18, 0xCE, 0x08, 0x2A, 0x18, 0xCE, 0x00, 0x2A, 0x18, 0xCE, 0x08, 0x2A, 0x18, 0xCE, 0x08, 0x2A,
    0x18, 0xCE, 0x00, 0x0C, 0x18, 0xCE, 0x00, 0x0D, 0x18, 0xCE, 0x00, 0x2B, 0x18, 0xCE, 0x08, 0x2A,
    0x18, 0xCE, 0x00, 0x2B, 0x18, 0xCE, 0x00, 0x2B, 0x18, 0xCE, 0x00, 0x0C, 0x18, 0xCE, 0x00, 0x2B,
    0x18, 0xCE, 0x00, 0x0C, 0x18, 0xCE, 0x00, 0x0B, 0x18, 0xCE, 0x00, 0x2B, 0x18, 0xCE, 0x08, 0x2A,
    0x18, 0xCE, 0x00, 0x2B, 0x18, 0xCE, 0x00, 0x0E, 0x18, 0xCE, 0x00, 0x0D, 0x18, 0xCE, 0x00, 0x2B,
    0x18, 0xCE, 0x00, 0x2B, 0x18, 0xCE, 0x00, 0x0E, 0x18, 0xCE, 0x00, 0x0E, 0x18, 0xCE, 0x00, 0x0E,
    0x18, 0xCE, 0x00, 0x0C, 0x18, 0xCE, 0x00, 0x2A, 0x18, 0xCE, 0x08, 0x2A, 0x18, 0xCE, 0x00, 0x0C,
    0x18, 0xCE, 0x00, 0x0D, 0x18, 0xCE, 0x00, 0x0D, 0x18, 0xCE, 0x00, 0x0C, 0x18, 0xCE, 0x00, 0x2B,
    0x18, 0xCE, 0x00, 0x2B, 0x18, 0xCE, 0x00, 0x0B, 0x18, 0xCE, 0x00, 0x2B, 0x18, 0xCE, 0x08, 0x2A,
    0x18, 0xCE, 0x00, 0x2A, 0x18, 0xCE, 0x08, 0x2A, 0x18, 0xCE, 0x08, 0x2A, 0x18, 0xCE, 0x00, 0x0C,
    0x18, 0xCE, 0x00, 0x0D, 0x18, 0xCE, 0x00, 0x2B, 0x18, 0xCE, 0x08, 0x2A, 0x18, 0xCE, 0x00, 0x2B,
    0x18, 0xCE, 0x00, 0x2B, 0x18, 0xCE, 0x00, 0x0C, 0x18, 0xCE, 0x00, 0x2B, 0x18, 0xCE, 0x00, 0x0C,
    0x18, 0xCE, 0x00, 0x0B, 0x18, 0xCE, 0x00, 0x2B, 0x18, 0xCE, 0x08, 0x2A, 0x18, 0xCE, 0x00, 0x2B,
    0x18, 0xCE, 0x00, 0x0E, 0x18, 0xCE, 0x00, 0x0D, 0x18, 0xCE, 0x00, 0x2B, 0x18, 0xCE, 0x00, 0x2B,
    0x18, 0xCE, 0x00, 0x0E, 0x18, 0xCE, 0x00, 0x0E, 0x18, 0xCE, 0x00, 0x0E, 0x18, 0xCE, 0x00, 0x0C,
    0x18, 0xCE, 0x00, 0x2A, 0x18, 0xCE, 0x08, 0x2A, 0x18, 0xCE, 0x00, 0x0C, 0x18, 0xCE, 0x00, 0x0D,
    0x18, 0xCE, 0x00, 0x0D, 0x18, 0xCE, 0x00, 0x0C, 0x18, 0xCE, 0x00, 0x2B, 0x18, 0xCE, 0x00, 0x2B,
    0x18, 0xCE, 0x00, 0x0B, 0x18, 0xCE, 0x00, 0x2B, 0x18, 0xCE, 0x08, 0x2A, 0x18, 0xCE, 0x00, 0x2A,
    0x18, 0xCE, 0x08, 0x2A, 0x18, 0xCE, 0x08, 0x2A, 0x18, 0xCE, 0x00, 0x0C, 0x18, 0xCE, 0x00, 0x0D,
    0x18, 0xCE, 0x00, 0x2B, 0x18, 0xCE, 0x08, 0x2A, 0x18, 0xCE, 0x00, 0x2B, 0x18, 0xCE, 0x00, 0x2B,
    0x18, 0xCE, 0x00, 0x0C, 0x18, 0xCE, 0x00, 0x2B, 0x18, 0xCE, 0x00, 0x0C, 0x18, 0xCE, 0x00, 0x0B,
    0x18, 0xCE, 0x00, 0x2B, 0x18, 0xCE, 0x08, 0x2A, 0x18, 0xCE, 0x00, 0x2B, 0x18, 0xCE, 0x00, 0x0E,
    0x18, 0xCE, 0x00, 0x0D, 0x18, 0xCE, 0x00, 0x2B, 0x18, 0xCE, 0x00, 0x2B, 0x18, 0xCE, 0x00, 0x0E,
    0x18, 0xCE, 0x00, 0x0E, 0x18, 0xCE, 0x00, 0x0E, 0x18, 0xCE, 0x00, 0x0C, 0x18, 0xCE, 0x00, 0x2A,
    0x18, 0xCE, 0x08, 0x2A, 0x18, 0xCE, 0x00, 0x0C, 0x18, 0xCE, 0x00, 0x0D, 0x18, 0xCE, 0x00, 0x0D,
    0x20, 0xEE, 0x00, 0x0C, 0x20, 0xEE, 0x00, 0x2B, 0x18, 0xCC, 0x00, 0x2B, 0x00, 0x00, 0x00, 0x0B,
    0x00, 0x0C, 0x31, 0x55, 0x00, 0x2B, 0x21, 0x10, 0x08, 0x2A, 0x20, 0xEE, 0x00, 0x2B, 0x20, 0xEE,
    0x00, 0x0D, 0x20, 0xEE, 0x00, 0x0D, 0x18, 0xCD, 0x00, 0x0B, 0x18, 0xCD, 0x00, 0x0C, 0x18, 0xCD,
    0x00, 0x0C, 0x18, 0xCD, 0x00, 0x0D, 0x18, 0xCD, 0x00, 0x0E, 0x18, 0xCD, 0x00, 0x0D, 0x18, 0xCD,
    0x00, 0x2B, 0x18, 0xCD, 0x08, 0x2A, 0x18, 0xCD, 0x00, 0x2B, 0x18, 0xCD, 0x00, 0x0B, 0x18, 0xCD,
    0x00, 0x0C, 0x18, 0xCD, 0x00, 0x0C, 0x18, 0xCD, 0x00, 0x2B, 0x18, 0xCD, 0x08, 0x2A, 0x18, 0xCD,
    0x00, 0x2B, 0x18, 0xCD, 0x00, 0x0C, 0x18, 0xCD, 0x00, 0x2B, 0x18, 0xCD, 0x00, 0x0C, 0x18, 0xCD,
    0x08, 0x2A, 0x18, 0xCD, 0x08, 0x2A, 0x18, 0xCD, 0x00, 0x0D, 0x18, 0xCD, 0x00, 0x0C, 0x18, 0xCD,
    0x08, 0x2A, 0x18, 0xCD, 0x08, 0x2A, 0x18, 0xCD, 0x00, 0x2B, 0x18, 0xCD, 0x00, 0x2B, 0x18, 0xCD,
    0x00, 0x2A, 0x18, 0xCD, 0x08, 0x2A, 0x18, 0xCD, 0x00, 0x2B, 0x18, 0xCD, 0x00, 0x0C, 0x18, 0xCD,
    0x00, 0x2B, 0x18, 0xCD, 0x08, 0x2A, 0x18, 0xCD, 0x00, 0x2B, 0x18, 0xCD, 0x00, 0x0D, 0x18, 0xCD,
    0x00, 0x0D, 0x18, 0xCD, 0x00, 0x0B, 0x18, 0xCD, 0x00, 0x0C, 0x18, 0xCD, 0x00, 0x0C, 0x18, 0xCD,
    0x00, 0x0D, 0x18, 0xCD, 0x00, 0x0E, 0x18, 0xCD, 0x00, 0x0D, 0x18, 0xCD, 0x00, 0x2B, 0x18, 0xCD,
    0x08, 0x2A, 0x18, 0xCD, 0x00, 0x2B, 0x18, 0xCD, 0x00, 0x0B, 0x18, 0xCD, 0x00, 0x0C, 0x18, 0xCD,
    0x00, 0x0C, 0x18, 0xCD, 0x00, 0x2B, 0x18, 0xCD, 0x08, 0x2A, 0x18, 0xCD, 0x00, 0x2B, 0x18, 0xCD,
    0x00, 0x0C, 0x18, 0xCD, 0x00, 0x2B, 0x18, 0xCD, 0x00, 0x0C, 0x18, 0xCD, 0x08, 0x2A, 0x18, 0xCD,
    0x08, 0x2A, 0x18, 0xCD, 0x00, 0x0D, 0x18, 0xCD, 0x00, 0x0C, 0x18, 0xCD, 0x08, 0x2A, 0x18, 0xCD,
    0x08, 0x2A, 0x18, 0xCD, 0x00, 0x2B, 0x18, 0xCD, 0x00, 0x2B, 0x18, 0xCD, 0x00, 0x2A, 0x18, 0xCD,
    0x08, 0x2A, 0x18, 0xCD, 0x00, 0x2B, 0x18, 0xCD, 0x00, 0x0C, 0x18, 0xCD, 0x00, 0x2B, 0x18, 0xCD,
    0x08, 0x2A, 0x18, 0xCD, 0x00, 0x2B, 0x18, 0xCD, 0x00, 0x0D, 0x18, 0xCD, 0x00, 0x0D, 0x18, 0xCD,
    0x00, 0x0B, 0x18, 0xCD, 0x00, 0x0C, 0x18, 0xCD, 0x00, 0x0C, 0x18, 0xCD, 0x00, 0x0D, 0x18, 0xCD,
    0x00, 0x0E, 0x18, 0xCD, 0x00, 0x0D, 0x18, 0xCD, 0x00, 0x2B, 0x18, 0xCD, 0x08, 0x2A, 0x18, 0xCD,
    0x00, 0x2B, 0x18, 0xCD, 0x00, 0x0B, 0x18, 0xCD, 0x00, 0x0C, 0x18, 0xCD, 0x00, 0x0C, 0x18, 0xCD,
    0x00, 0x2B, 0x18, 0xCD, 0x08, 0x2A, 0x18, 0xCD, 0x00, 0x2B, 0x18, 0xCD, 0x00, 0x0C, 0x18, 0xCD,
    0x00, 0x2B, 0x18, 0xCD, 0x00, 0x0C, 0x18, 0xCD, 0x08, 0x2A, 0x18, 0xCD, 0x08, 0x2A, 0x18, 0xCD,
    0x00, 0x0D, 0x18, 0xCD, 0x00, 0x0C, 0x18, 0xCD, 0x08, 0x2A, 0x18, 0xCD, 0x08, 0x2A, 0x18, 0xCD,
    0x00, 0x2B, 0x18, 0xCD, 0x00, 0x2B, 0x18, 0xCD, 0x00, 0x2A, 0x18, 0xCD, 0x08, 0x2A, 0x18, 0xCD,
    0x00, 0x2B, 0x18, 0xCD, 0x00, 0x0C, 0x18, 0xCD, 0x00, 0x2B, 0x18, 0xCD, 0x08, 0x2A, 0x18, 0xCD,
    0x00, 0x2B, 0x18, 0xCD, 0x00, 0x0D, 0x18, 0xCD, 0x00, 0x0D, 0x18, 0xCD, 0x00, 0x0B, 0x18, 0xCD,
    0x00, 0x0C, 0x18, 0xCD, 0x00, 0x0C, 0x18, 0xCD, 0x00, 0x0D, 0x18, 0xCD, 0x00, 0x0E, 0x18, 0xCD,
    0x00, 0x0D, 0x18, 0xCD, 0x00, 0x2B, 0x18, 0xCD, 0x08, 0x2A, 0x18, 0xCD, 0x00, 0x2B, 0x18, 0xCD,
    0x00, 0x0B, 0x18, 0xCD, 0x00, 0x0C, 0x18, 0xCD, 0x00, 0x0C, 0x18, 0xCD, 0x00, 0x2B, 0x18, 0xCD,
    0x08, 0x2A, 0x18, 0xCD, 0x00, 0x2B, 0x18, 0xCD, 0x00, 0x0C, 0x18, 0xCD, 0x00, 0x2B, 0x18, 0xCD,
    0x00, 0x0C, 0x18, 0xCD, 0x08, 0x2A, 0x18, 0xCD, 0x08, 0x2A, 0x18, 0xCD, 0x00, 0x0D, 0x18, 0xCD,
    0x00, 0x0C, 0x18, 0xCD, 0x08, 0x2A, 0x18, 0xCD, 0x08, 0x2A, 0x18, 0xCD, 0x00, 0x2B, 0x18, 0xCD,
    0x00, 0x2B, 0x18, 0xCD, 0x00, 0x2A, 0x18, 0xCD, 0x08, 0x2A, 0x18, 0xCD, 0x00, 0x2B, 0x18, 0xCD,
    0x00, 0x0C, 0x18, 0xCD, 0x00, 0x2B, 0x18, 0xCD, 0x08, 0x2A, 0x18, 0xCD, 0x00, 0x2B, 0x18, 0xCD,
    0x00, 0x0D, 0x18, 0xCD, 0x00, 0x0D, 0x18, 0xCD, 0x00, 0x0B, 0x18, 0xCD, 0x00, 0x0C, 0x18, 0xCD,
    0x00, 0x0C, 0x18, 0xCD, 0x00, 0x0D, 0x18, 0xCD, 0x00, 0x0E, 0x18, 0xCD, 0x00, 0x0D, 0x18, 0xCD,
    0x00, 0x2B, 0x18, 0xCD, 0x08, 0x2A, 0x18, 0xCD, 0x00, 0x2B, 0x18, 0xCD, 0x00, 0x0B, 0x20, 0xEE,
    0x00, 0x0C, 0x20, 0xEE, 0x00, 0x0C, 0x29, 0x54, 0x00, 0x2B, 0x00, 0x00, 0x08, 0x2A, 0x00, 0x00,
    0x41, 0xFE, 0x00, 0x0D, 0x29, 0x33, 0x00, 0x2B, 0x00, 0x00, 0x08, 0x2A, 0x18, 0xEE, 0x00, 0x2B,
    0x18, 0xEE, 0x00, 0x0C, 0x20, 0xED, 0x08, 0x4D, 0x18, 0xCD, 0x00, 0x0B, 0x18, 0xCD, 0x00, 0x0C,
    0x18, 0xCD, 0x00, 0x2B, 0x18, 0xCD, 0x00, 0x0C, 0x18, 0xCD, 0x00, 0x0D, 0x18, 0xCD, 0x00, 0x0D,
    0x18, 0xCD, 0x00, 0x2B, 0x18, 0xCD, 0x00, 0x2A, 0x18, 0xCD, 0x00, 0x0C, 0x18, 0xCD, 0x00, 0x2A,
    0x20, 0xED, 0x08, 0x4B, 0x18, 0xCD, 0x00, 0x2B, 0x18, 0xCD, 0x00, 0x2B, 0x18, 0xCD, 0x08, 0x2A,
    0x18, 0xCD, 0x00, 0x0C, 0x18, 0xCD, 0x00, 0x0C, 0x18, 0xCD, 0x00, 0x0C, 0x18, 0xCD, 0x00, 0x0C,
    0x18, 0xCD, 0x08, 0x2A, 0x18, 0xCD, 0x00, 0x2A, 0x18, 0xCD, 0x00, 0x0D, 0x18, 0xCD, 0x08, 0x2A,
    0x18, 0xCD, 0x08, 0x2A, 0x18, 0xCD, 0x00, 0x2B, 0x18, 0xCD, 0x00, 0x0C, 0x18, 0xCD, 0x00, 0x2B,
    0x18, 0xCD, 0x08, 0x2A, 0x18, 0xCD, 0x08, 0x2A, 0x18, 0xCD, 0x00, 0x0C, 0x18, 0xCD, 0x00, 0x0D,
    0x20, 0xED, 0x08, 0x4B, 0x18, 0xCD, 0x08, 0x2A, 0x18, 0xCD, 0x00, 0x2B, 0x18, 0xCD, 0x00, 0x0C,
    0x18, 0xCD, 0x00, 0x0D, 0x18, 0xCD, 0x00, 0x0B, 0x18, 0xCD, 0x00, 0x0C, 0x18, 0xCD, 0x00, 0x2B,
    0x18, 0xCD, 0x00, 0x0C, 0x18, 0xCD, 0x00, 0x0D, 0x18, 0xCD, 0x00, 0x0D, 0x18, 0xCD, 0x00, 0x2B,
    0x18, 0xCD, 0x00, 0x2A, 0x18, 0xCD, 0x00, 0x0C, 0x18, 0xCD, 0x00, 0x2A, 0x18, 0xCD, 0x00, 0x2B,
    0x18, 0xCD, 0x00, 0x2B, 0x18, 0xCD, 0x00, 0x2B, 0x20, 0xED, 0x08, 0x4A, 0x18, 0xCD, 0x00, 0x0C,
    0x18, 0xCD, 0x00, 0x0C, 0x18, 0xCD, 0x00, 0x0C, 0x18, 0xCD, 0x00, 0x0C, 0x18, 0xCD, 0x08, 0x2A,
    0x18, 0xCD, 0x00, 0x2A, 0x18, 0xCD, 0x00, 0x0D, 0x18, 0xCD, 0x08, 0x2A, 0x18, 0xCD, 0x08, 0x4A,
    0x20, 0xED, 0x08, 0x2B, 0x18, 0xCD, 0x00, 0x0C, 0x18, 0xCD, 0x00, 0x2B, 0x18, 0xCD, 0x08, 0x2A,
    0x18, 0xCD, 0x08, 0x2A, 0x18, 0xCD, 0x00, 0x0C, 0x18, 0xCD, 0x00, 0x0D, 0x18, 0xCD, 0x00, 0x2B,
    0x18, 0xCD, 0x08, 0x2A, 0x18, 0xCD, 0x00, 0x2B, 0x18, 0xCD, 0x00, 0x0C, 0x18, 0xCD, 0x00, 0x0D,
    0x18, 0xCD, 0x00, 0x0B, 0x18, 0xCD, 0x00, 0x0C, 0x18, 0xCD, 0x00, 0x2B, 0x18, 0xCD, 0x00, 0x0C,
    0x18, 0xCD, 0x00, 0x0D, 0x18, 0xCD, 0x00, 0x0D, 0x18, 0xCD, 0x00, 0x2B, 0x18, 0xCD, 0x00, 0x2A,
    0x18, 0xCD, 0x00, 0x0C, 0x18, 0xCD, 0x00, 0x2A, 0x18, 0xCD, 0x00, 0x2B, 0x18, 0xCD, 0x00, 0x2B,
    0x18, 0xCD, 0x00, 0x2B, 0x18, 0xCD, 0x08, 0x2A, 0x18, 0xCD, 0x00, 0x0C, 0x18, 0xCD, 0x00, 0x0C,
    0x18, 0xCD, 0x00, 0x0C, 0x18, 0xCD, 0x00, 0x0C, 0x18, 0xCD, 0x08, 0x2A, 0x18, 0xCD, 0x00, 0x2A,
    0x18, 0xCD, 0x00, 0x0D, 0x18, 0xCD, 0x08, 0x2A, 0x18, 0xCD, 0x08, 0x2A, 0x18, 0xCD, 0x00, 0x2B,
    0x18, 0xCD, 0x00, 0x0C, 0x18, 0xCD, 0x00, 0x2B, 0x18, 0xCD, 0x08, 0x2A, 0x18, 0xCD, 0x08, 0x2A,
    0x18, 0xCD, 0x00, 0x0C, 0x18, 0xCD, 0x00, 0x0D, 0x18, 0xCD, 0x00, 0x2B, 0x18, 0xCD, 0x08, 0x2A,
    0x18, 0xCD, 0x00, 0x2B, 0x18, 0xCD, 0x00, 0x0C, 0x18, 0xCD, 0x00, 0x0D, 0x18, 0xCD, 0x00, 0x0B,
    0x18, 0xCD, 0x00, 0x0C, 0x18, 0xCD, 0x00, 0x2B, 0x18, 0xCD, 0x00, 0x0C, 0x18, 0xCD, 0x00, 0x0D,
    0x18, 0xCD, 0x00, 0x0D, 0x18, 0xCD, 0x08, 0x4B, 0x21, 0x0D, 0x00, 0x2A, 0x18, 0xCD, 0x00, 0x0C,
    0x18, 0xCD, 0x08, 0x2B, 0x18, 0xCD, 0x08, 0x2B, 0x18, 0xCD, 0x08, 0x2B, 0x20, 0xED, 0x08, 0x4B,
    0x18, 0xCD, 0x08, 0x2A, 0x18, 0xCD, 0x00, 0x0C, 0x18, 0xCD, 0x00, 0x0C, 0x18, 0xCD, 0x08, 0x2C,
    0x18, 0xCD, 0x00, 0x0C, 0x18, 0xCD, 0x08, 0x2A, 0x18, 0xCD, 0x08, 0x2A, 0x20, 0xED, 0x00, 0x2D,
    0x20, 0xED, 0x08, 0x4A, 0x18, 0xCD, 0x08, 0x2A, 0x18, 0xCD, 0x00, 0x2B, 0x18, 0xCD, 0x00, 0x0C,
    0x18, 0xCD, 0x00, 0x2B, 0x18, 0xCD, 0x08, 0x2A, 0x18, 0xCD, 0x08, 0x2A, 0x18, 0xCD, 0x00, 0x0C,
    0x18, 0xCD, 0x00, 0x0D, 0x18, 0xCD, 0x00, 0x2B, 0x18, 0xCD, 0x08, 0x2A, 0x18, 0xCD, 0x00, 0x2B,
    0x18, 0xCD, 0x00, 0x0C, 0x18, 0xCD, 0x00, 0x0D, 0x18, 0xCD, 0x00, 0x0B, 0x18, 0xCD, 0x00, 0x0C,
    0x18, 0xCD, 0x00, 0x2B, 0x18, 0xCD, 0x00, 0x0C, 0x18, 0xCD, 0x00, 0x0D, 0x18, 0xCD, 0x00, 0x0D,
    0x18, 0xCD, 0x00, 0x2B, 0x18, 0xCD, 0x00, 0x2A, 0x18, 0xCD, 0x00, 0x0C, 0x18, 0xCD, 0x00, 0x2A,
    0x18, 0xEE, 0x00, 0x2B, 0x18, 0xEE, 0x00, 0x2B, 0x18, 0xAC, 0x00, 0x2B, 0x00, 0x00, 0x08, 0x2A,
    0x00, 0x0D, 0x29, 0x55, 0x00, 0x0D, 0x20, 0xEF, 0x00, 0x2B, 0x18, 0xCE, 0x00, 0x2B, 0x18, 0xCE,
    0x00, 0x2B, 0x20, 0xEE, 0x29, 0x4D, 0x39, 0xCE, 0x08, 0x2C, 0x18, 0xCD, 0x00, 0x2B, 0x18, 0xCD,
    0x00, 0x0B, 0x18, 0xCD, 0x00, 0x2B, 0x18, 0xCD, 0x00, 0x0B, 0x18, 0xCD, 0x00, 0x0C, 0x18, 0xCD,
    0x00, 0x0C, 0x18, 0xCD, 0x00, 0x0C, 0x18, 0xCD, 0x00, 0x0C, 0x18, 0xCD, 0x00, 0x0C, 0x18, 0xCD,
    0x21, 0x0D, 0x6B, 0x72, 0x21, 0x0D, 0x18, 0xCD, 0x00, 0x0C, 0x18, 0xCD, 0x00, 0x2B, 0x18, 0xCD,
    0x08, 0x2A, 0x18, 0xCD, 0x00, 0x0C, 0x18, 0xCD, 0x00, 0x0C, 0x18, 0xCD, 0x00, 0x0C, 0x18, 0xCD,
    0x00, 0x0C, 0x18, 0xCD, 0x00, 0x2B, 0x18, 0xCD, 0x00, 0x2B, 0x18, 0xCD, 0x00, 0x0C, 0x18, 0xCD,
    0x08, 0x2A, 0x18, 0xCD, 0x08, 0x2A, 0x18, 0xCD, 0x08, 0x6C, 0x18, 0xCD, 0x00, 0x0C, 0x18, 0xCD,
    0x00, 0x0C, 0x18, 0xCD, 0x08, 0x2A, 0x18, 0xCD, 0x00, 0x2B, 0x18, 0xCD, 0x00, 0x0D, 0x18, 0xCD,
    0x21, 0x0F, 0x6B, 0x72, 0x21, 0x0D, 0x18, 0xCD, 0x00, 0x2B, 0x18, 0xCD, 0x00, 0x2B, 0x18, 0xCD,
    0x00, 0x0C, 0x18, 0xCD, 0x00, 0x0C, 0x18, 0xCD, 0x00, 0x2B, 0x18, 0xCD, 0x00, 0x0B, 0x18, 0xCD,
    0x00, 0x2B, 0x18, 0xCD, 0x00, 0x0B, 0x18, 0xCD, 0x00, 0x0C, 0x18, 0xCD, 0x00, 0x0C, 0x18, 0xCD,
    0x00, 0x0C, 0x18, 0xCD, 0x00, 0x0C, 0x18, 0xCD, 0x00, 0x0C, 0x18, 0xCD, 0x08, 0x2A, 0x20, 0xED,
    0x08, 0x2B, 0x18, 0xCD, 0x00, 0x0C, 0x18, 0xCD, 0x21, 0x0E, 0x6B, 0x72, 0x21, 0x0C, 0x18, 0xCD,
    0x00, 0x0C, 0x18, 0xCD, 0x00, 0x0C, 0x18, 0xCD, 0x00, 0x0C, 0x18, 0xCD, 0x00, 0x0C, 0x18, 0xCD,
    0x00, 0x2B, 0x18, 0xCD, 0x00, 0x2B, 0x18, 0xCD, 0x00, 0x0C, 0x18, 0xCD, 0x08, 0x2A, 0x29, 0x6F,
    0x63, 0x51, 0x31, 0x8E, 0x00, 0x0C, 0x18, 0xCD, 0x00, 0x0C, 0x18, 0xCD, 0x00, 0x0C, 0x18, 0xCD,
    0x08, 0x2A, 0x18, 0xCD, 0x00, 0x2B, 0x18, 0xCD, 0x00, 0x0D, 0x18, 0xCD, 0x00, 0x0D, 0x18, 0xCD,
    0x00, 0x2B, 0x18, 0xCD, 0x00, 0x2B, 0x18, 0xCD, 0x00, 0x2B, 0x18, 0xCD, 0x00, 0x0C, 0x18, 0xCD,
    0x00, 0x0C, 0x18, 0xCD, 0x00, 0x2B, 0x18, 0xCD, 0x00, 0x0B, 0x18, 0xCD, 0x00, 0x2B, 0x18, 0xCD,
    0x00, 0x0B, 0x18, 0xCD, 0x00, 0x0C, 0x18, 0xCD, 0x00, 0x0C, 0x18, 0xCD, 0x00, 0x0C, 0x18, 0xCD,
    0x00, 0x0C, 0x18, 0xCD, 0x00, 0x0C, 0x18, 0xCD, 0x08, 0x2A, 0x18, 0xCD, 0x00, 0x2B, 0x18, 0xCD,
    0x00, 0x0C, 0x18, 0xCD, 0x00, 0x2B, 0x18, 0xCD, 0x08, 0x2A, 0x18, 0xCD, 0x00, 0x0C, 0x18, 0xCD,
    0x00, 0x0C, 0x18, 0xCD, 0x00, 0x0C, 0x18, 0xCD, 0x00, 0x0C, 0x18, 0xCD, 0x00, 0x2B, 0x18, 0xCD,
    0x00, 0x2B, 0x18, 0xCD, 0x00, 0x0C, 0x18, 0xCD, 0x08, 0x2A, 0x18, 0xCD, 0x08, 0x2A, 0x18, 0xCD,
    0x00, 0x0C, 0x18, 0xCD, 0x00, 0x0C, 0x18, 0xCD, 0x00, 0x0C, 0x18, 0xCD, 0x08, 0x2A, 0x18, 0xCD,
    0x00, 0x2B, 0x18, 0xCD, 0x00, 0x0D, 0x18, 0xCD, 0x00, 0x0D, 0x18, 0xCD, 0x00, 0x2B, 0x18, 0xCD,
    0x00, 0x2B, 0x18, 0xCD, 0x00, 0x2B, 0x18, 0xCD, 0x00, 0x0C, 0x18, 0xCD, 0x00, 0x0C, 0x18, 0xCD,
    0x00, 0x2B, 0x18, 0xCD, 0x00, 0x0B, 0x18, 0xCD, 0x00, 0x2B, 0x18, 0xCD, 0x00, 0x0B, 0x18, 0xCD,
    0x00, 0x0C, 0x18, 0xCD, 0x10, 0x6D, 0x31, 0xAE, 0x29, 0x4D, 0x20, 0xED, 0x00, 0x0C, 0x18, 0xCD,
    0x08, 0x2C, 0x4A, 0x71, 0x73, 0xB5, 0x5A, 0xF3, 0x08, 0x2B, 0x21, 0x0E, 0x63, 0x51, 0x52, 0x91,
    0x08, 0x2B, 0x18, 0xCD, 0x08, 0x2A, 0x18, 0xCD, 0x00, 0x0C, 0x18, 0xCD, 0x52, 0x73, 0x5A, 0xF3,
    0x08, 0x2C, 0x18, 0xCD, 0x00, 0x0C, 0x18, 0xCD, 0x08, 0x2B, 0x5A, 0xD4, 0x52, 0x92, 0x21, 0x2E,
    0x63, 0x51, 0x52, 0x91, 0x08, 0x2A, 0x18, 0xCD, 0x08, 0x2A, 0x18, 0xCD, 0x00, 0x0C, 0x18, 0xCD,
    0x00, 0x0C, 0x18, 0xCD, 0x00, 0x0C, 0x18, 0xCD, 0x08, 0x2A, 0x18, 0xCD, 0x00, 0x2B, 0x18, 0xCD,
    0x00, 0x0D, 0x18, 0xCD, 0x00, 0x0D, 0x18, 0xCD, 0x00, 0x2B, 0x18, 0xCD, 0x00, 0x2B, 0x18, 0xCD,
    0x00, 0x2B, 0x18, 0xCD, 0x00, 0x0C, 0x18, 0xCD, 0x00, 0x0C, 0x18, 0xCD, 0x00, 0x2B, 0x18, 0xCD,
    0x00, 0x0B, 0x18, 0xCD, 0x00, 0x2B, 0x18, 0xCD, 0x00, 0x0B, 0x18, 0xCD, 0x00, 0x0C, 0x18, 0xCD,
    0x00, 0x0C, 0x18, 0xCD, 0x00, 0x0C, 0x18, 0xCD, 0x00, 0x0C, 0x18, 0xCD, 0x00, 0x0C, 0x18, 0xCE,
    0x08, 0x2A, 0x18, 0xCE, 0x00, 0x2B, 0x29, 0x34, 0x00, 0x0C, 0x00, 0x00, 0x00, 0x2B, 0x00, 0x00,
    0x39, 0xBD, 0x00, 0x0D, 0x29, 0x33, 0x00, 0x0C, 0x00, 0x00, 0x00, 0x2B, 0x18, 0xCD, 0x00, 0x2B,
    0x18, 0xCD, 0x10, 0x6B, 0x39, 0xF0, 0x29, 0x50, 0x18, 0xCD, 0x00, 0x0B, 0x18, 0xAD, 0x00, 0x2B,
    0x18, 0xAD, 0x00, 0x0C, 0x18, 0xAD, 0x00, 0x2B, 0x18, 0xAD, 0x00, 0x2B, 0x18, 0xAD, 0x00, 0x2B,
    0x18, 0xAD, 0x00, 0x0C, 0x18, 0xAD, 0x00, 0x0C, 0x18, 0xAD, 0x00, 0x0E, 0x18, 0xAD, 0x08, 0x4D,
    0x31, 0xAF, 0x8C, 0x77, 0x39, 0xAF, 0x00, 0x0C, 0x18, 0xAD, 0x00, 0x0D, 0x18, 0xAD, 0x00, 0x2A,
    0x18, 0xAD, 0x08, 0x2A, 0x18, 0xAD, 0x00, 0x0C, 0x18, 0xAD, 0x00, 0x0C, 0x18, 0xAD, 0x00, 0x0C,
    0x18, 0xAD, 0x00, 0x0C, 0x18, 0xAD, 0x00, 0x0C, 0x18, 0xAD, 0x00, 0x0C, 0x18, 0xAD, 0x00, 0x0C,
    0x18, 0xAD, 0x08, 0x2A, 0x18, 0xAD, 0x18, 0xAC, 0x42, 0x0F, 0x20, 0xEE, 0x18, 0xAD, 0x00, 0x0D,
    0x18, 0xAD, 0x00, 0x0C, 0x18, 0xAD, 0x08, 0x2A, 0x18, 0xAD, 0x00, 0x0B, 0x18, 0xAD, 0x08, 0x4D,
    0x31, 0xB0, 0xAD, 0x5A, 0x39, 0xD0, 0x00, 0x2B, 0x18, 0xAD, 0x00, 0x2B, 0x18, 0xAD, 0x00, 0x2B,
    0x18, 0xAD, 0x00, 0x0C, 0x18, 0xAD, 0x00, 0x0B, 0x18, 0xAD, 0x00, 0x2B, 0x18, 0xAD, 0x00, 0x0C,
    0x18, 0xAD, 0x00, 0x2B, 0x18, 0xAD, 0x00, 0x2B, 0x18, 0xAD, 0x00, 0x2B, 0x18, 0xAD, 0x00, 0x0C,
    0x18, 0xAD, 0x00, 0x0C, 0x18, 0xAD, 0x00, 0x0E, 0x18, 0xAD, 0x00, 0x0D, 0x29, 0x2D, 0x39, 0xCE,
    0x31, 0x6E, 0x00, 0x0C, 0x18, 0xAD, 0x08, 0x4D, 0x31, 0xAF, 0x8C, 0x77, 0x39, 0xAF, 0x08, 0x2A,
    0x18, 0xAD, 0x00, 0x0C, 0x18, 0xAD, 0x00, 0x0C, 0x18, 0xAD, 0x00, 0x0C, 0x18, 0xAD, 0x00, 0x0C,
    0x18, 0xAD, 0x00, 0x0C, 0x18, 0xAD, 0x00, 0x0C, 0x18, 0xAD, 0x00, 0x0C, 0x20, 0xED, 0x31, 0x8F,
    0xAD, 0x5A, 0x29, 0x4F, 0x18, 0xAD, 0x00, 0x0C, 0x18, 0xAD, 0x00, 0x0D, 0x18, 0xAD, 0x00, 0x0C,
    0x18, 0xAD, 0x08, 0x2A, 0x18, 0xAD, 0x00, 0x0B, 0x18, 0xAD, 0x00, 0x0D, 0x18, 0xAD, 0x00, 0x0C,
    0x18, 0xAD, 0x00, 0x2B, 0x18, 0xAD, 0x00, 0x2B, 0x18, 0xAD, 0x00, 0x2B, 0x18, 0xAD, 0x00, 0x0C,
    0x18, 0xAD, 0x00, 0x0B, 0x18, 0xAD, 0x00, 0x2B, 0x18, 0xAD, 0x00, 0x0C, 0x18, 0xAD, 0x00, 0x2B,
    0x18, 0xAD, 0x00, 0x2B, 0x18, 0xAD, 0x00, 0x2B, 0x18, 0xAD, 0x00, 0x0C, 0x18, 0xAD, 0x00, 0x0C,
    0x18, 0xAD, 0x00, 0x0E, 0x18, 0xAD, 0x00, 0x0D, 0x18, 0xAD, 0x00, 0x2B, 0x18, 0xAD, 0x00, 0x0C,
    0x18, 0xAD, 0x00, 0x0D, 0x18, 0xAD, 0x00, 0x2A, 0x18, 0xAD, 0x08, 0x2A, 0x18, 0xAD, 0x00, 0x0C,
    0x18, 0xAD, 0x00, 0x0C, 0x18, 0xAD, 0x00, 0x0C, 0x18, 0xAD, 0x00, 0x0C, 0x18, 0xAD, 0x00, 0x0C,
    0x18, 0xAD, 0x00, 0x0C, 0x18, 0xAD, 0x00, 0x0C, 0x18, 0xAD, 0x08, 0x2A, 0x18, 0xAD, 0x00, 0x0C,
    0x18, 0xAD, 0x00, 0x0C, 0x18, 0xAD, 0x00, 0x0D, 0x18, 0xAD, 0x00, 0x0C, 0x18, 0xAD, 0x08, 0x2A,
    0x18, 0xAD, 0x00, 0x0B, 0x18, 0xAD, 0x00, 0x0D, 0x18, 0xAD, 0x00, 0x0C, 0x18, 0xAD, 0x00, 0x2B,
    0x18, 0xAD, 0x00, 0x2B, 0x18, 0xAD, 0x00, 0x2B, 0x18, 0xAD, 0x00, 0x0C, 0x18, 0xAD, 0x00, 0x0B,
    0x18, 0xAD, 0x00, 0x2B, 0x18, 0xAD, 0x00, 0x0C, 0x18, 0xAD, 0x00, 0x2B, 0x18, 0xAD, 0x00, 0x2B,
    0x18, 0xAD, 0x00, 0x2B, 0x29, 0x2E, 0x39, 0xD1, 0x31, 0xB2, 0x10, 0x6D, 0x18, 0xAD, 0x00, 0x0E,
    0x21, 0x0D, 0x84, 0x37, 0xBD, 0xDC, 0x73, 0xB4, 0x20, 0xED, 0x18, 0xCD, 0x94, 0x97, 0x63, 0x35,
    0x18, 0xCD, 0x00, 0x2A, 0x18, 0xAD, 0x08, 0x2A, 0x18, 0xAD, 0x08, 0x2C, 0x84, 0x16, 0x7B, 0xB5,
    0x18, 0xCD, 0x00, 0x0C, 0x18, 0xAD, 0x00, 0x0C, 0x18, 0xCD, 0x7B, 0xD6, 0x7B, 0xF5, 0x18, 0xCD,
    0xAD, 0x5A, 0x7B, 0xD7, 0x18, 0xCD, 0x08, 0x2A, 0x18, 0xAD, 0x00, 0x0C, 0x18, 0xAD, 0x00, 0x0C,
    0x18, 0xAD, 0x00, 0x0D, 0x18, 0xAD, 0x00, 0x0C, 0x18, 0xAD, 0x08, 0x2A, 0x18, 0xAD, 0x00, 0x0B,
    0x18, 0xAD, 0x00, 0x0D, 0x18, 0xAD, 0x00, 0x0C, 0x18, 0xAD, 0x00, 0x2B, 0x18, 0xAD, 0x00, 0x2B,
    0x18, 0xAD, 0x00, 0x2B, 0x18, 0xAD, 0x00, 0x0C, 0x18, 0xAD, 0x00, 0x0B, 0x18, 0xAD, 0x00, 0x2B,
    0x18, 0xAD, 0x00, 0x0C, 0x18, 0xAD, 0x00, 0x2B, 0x18, 0xAD, 0x00, 0x2B, 0x18, 0xAD, 0x00, 0x2B,
    0x18, 0xAD, 0x00, 0x0C, 0x18, 0xAD, 0x00, 0x0C, 0x18, 0xAD, 0x00, 0x0E, 0x18, 0xAD, 0x00, 0x0D,
    0x18, 0xCD, 0x00, 0x2B, 0x18, 0xCD, 0x00, 0x0C, 0x18, 0xAB, 0x00, 0x0D, 0x00, 0x00, 0x00, 0x2A,
    0x00, 0x2B, 0x29, 0x34, 0x00, 0x2B, 0x18, 0xEF, 0x00, 0x2B, 0x18, 0xCD, 0x00, 0x2B, 0x18, 0xCD,
    0x08, 0x2A, 0x29, 0x2D, 0x5A, 0xD2, 0x63, 0x13, 0x08, 0x2B, 0x18, 0xCD, 0x08, 0x2B, 0x18, 0xAD,
    0x00, 0x0C, 0x18, 0xAD, 0x00, 0x0D, 0x18, 0xAD, 0x08, 0x4B, 0x18, 0xCD, 0x08, 0x2A, 0x18, 0xAD,
    0x00, 0x0B, 0x18, 0xAD, 0x08, 0x4C, 0x18, 0xCD, 0x00, 0x0D, 0x18, 0xAD, 0x08, 0x2E, 0x18, 0xAD,
    0x18, 0xCC, 0x29, 0x4D, 0x08, 0x2C, 0x18, 0xAD, 0x08, 0x4D, 0x20, 0xED, 0x08, 0x4D, 0x18, 0xCD,
    0x08, 0x2A, 0x18, 0xCD, 0x08, 0x2A, 0x18, 0xAD, 0x00, 0x2C, 0x18, 0xCD, 0x08, 0x2C, 0x18, 0xAD,
    0x00, 0x0C, 0x18, 0xAD, 0x00, 0x0C, 0x18, 0xCD, 0x08, 0x4C, 0x18, 0xCD, 0x08, 0x2D, 0x18, 0xCD,
    0x00, 0x0C, 0x18, 0xAD, 0x08, 0x2C, 0x29, 0x4E, 0x31, 0xB2, 0x39, 0xD0, 0x08, 0x2C, 0x18, 0xAD,
    0x00, 0x0E, 0x18, 0xAD, 0x08, 0x2C, 0x18, 0xCD, 0x08, 0x2B, 0x18, 0xAD, 0x00, 0x2B, 0x18, 0xCD,
    0x5A, 0xF1, 0xB5, 0xD9, 0x31, 0x6E, 0x18, 0xAD, 0x00, 0x2B, 0x18, 0xAD, 0x08, 0x2A, 0x18, 0xAD,
    0x08, 0x4A, 0x18, 0xCD, 0x08, 0x2B, 0x18, 0xAD, 0x00, 0x0B, 0x18, 0xAD, 0x08, 0x4C, 0x18, 0xCD,
    0x00, 0x0D, 0x18, 0xAD, 0x08, 0x4B, 0x18, 0xCD, 0x08, 0x2A, 0x18, 0xAD, 0x00, 0x0B, 0x18, 0xAD,
    0x08, 0x4C, 0x18, 0xCD, 0x00, 0x0D, 0x18, 0xAD, 0x08, 0x2E, 0x18, 0xCD, 0x18, 0xED, 0x31, 0xB2,
    0x29, 0x4F, 0x18, 0xCD, 0x00, 0x2D, 0x18, 0xAD, 0x18, 0xCD, 0x29, 0x4D, 0x08, 0x4A, 0x18, 0xAD,
    0x08, 0x2A, 0x18, 0xAD, 0x08, 0x4C, 0x18, 0xCD, 0x08, 0x2C, 0x18, 0xAD, 0x00, 0x0C, 0x18, 0xAD,
    0x00, 0x0C, 0x18, 0xCD, 0x08, 0x4C, 0x18, 0xCD, 0x00, 0x2D, 0x18, 0xAD, 0x08, 0x4C, 0x63, 0x11,
    0xB5, 0xD9, 0x39, 0xF0, 0x00, 0x0C, 0x18, 0xAD, 0x00, 0x0C, 0x18, 0xAD, 0x00, 0x0E, 0x18, 0xAD,
    0x00, 0x0C, 0x18, 0xAD, 0x00, 0x2B, 0x18, 0xAD, 0x00, 0x2B, 0x18, 0xAD, 0x00, 0x2B, 0x18, 0xAD,
    0x00, 0x2B, 0x18, 0xAD, 0x00, 0x2B, 0x18, 0xAD, 0x08, 0x2A, 0x18, 0xAD, 0x08, 0x2A, 0x18, 0xAD,
    0x00, 0x0B, 0x18, 0xAD, 0x00, 0x0B, 0x18, 0xAD, 0x00, 0x0C, 0x18, 0xAD, 0x00, 0x0D, 0x18, 0xAD,
    0x00, 0x2B, 0x18, 0xAD, 0x08, 0x2A, 0x18, 0xAD, 0x00, 0x0B, 0x18, 0xAD, 0x00, 0x0C, 0x18, 0xAD,
    0x00, 0x0D, 0x18, 0xAD, 0x00, 0x0E, 0x18, 0xAD, 0x00, 0x0C, 0x18, 0xAD, 0x00, 0x0B, 0x18, 0xAD,
    0x00, 0x0D, 0x18, 0xAD, 0x00, 0x0D, 0x18, 0xAD, 0x08, 0x2A, 0x18, 0xAD, 0x08, 0x2A, 0x18, 0xAD,
    0x00, 0x0C, 0x18, 0xAD, 0x00, 0x0C, 0x18, 0xAD, 0x00, 0x0C, 0x18, 0xAD, 0x00, 0x0C, 0x18, 0xAD,
    0x00, 0x0C, 0x18, 0xAD, 0x00, 0x0D, 0x18, 0xAD, 0x00, 0x0C, 0x18, 0xAD, 0x00, 0x0C, 0x18, 0xAD,
    0x00, 0x0C, 0x18, 0xAD, 0x00, 0x0C, 0x18, 0xAD, 0x00, 0x0E, 0x18, 0xAD, 0x00, 0x0C, 0x18, 0xAD,
    0x00, 0x2B, 0x18, 0xAD, 0x00, 0x2B, 0x18, 0xAD, 0x00, 0x2B, 0x18, 0xAD, 0x00, 0x2B, 0x18, 0xAD,
    0x00, 0x2B, 0x18, 0xAD, 0x08, 0x2A, 0x18, 0xAD, 0x08, 0x2A, 0x18, 0xAD, 0x00, 0x0B, 0x18, 0xAD,
    0x00, 0x0B, 0x18, 0xAD, 0x00, 0x0C, 0x18, 0xAD, 0x00, 0x0D, 0x18, 0xAD, 0x00, 0x2B, 0x18, 0xAD,
    0x08, 0x2A, 0x18, 0xAD, 0x21, 0x2D, 0x52, 0x92, 0x5A, 0xD4, 0x41, 0xF0, 0x08, 0x2D, 0x18, 0xAD,
    0x39, 0xD0, 0xAD, 0x7A, 0xA5, 0x17, 0x7B, 0xD4, 0x08, 0x4C, 0x20, 0xED, 0x18, 0xCE, 0x21, 0x0D,
    0x00, 0x0D, 0x18, 0xAD, 0x08, 0x2A, 0x18, 0xCD, 0x08, 0x2A, 0x18, 0xCD, 0x7B, 0xF6, 0x7B, 0xF5,
    0x08, 0x2C, 0x18, 0xAD, 0x08, 0x2C, 0x18, 0xCD, 0x08, 0x4C, 0x84, 0x16, 0x7B, 0xD4, 0x39, 0xEE,
    0xB5, 0xD9, 0x84, 0x36, 0x08, 0x2C, 0x18, 0xAD, 0x00, 0x0C, 0x18, 0xCD, 0x08, 0x4C, 0x18, 0xAD,
    0x00, 0x0C, 0x18, 0xAD, 0x00, 0x0E, 0x18, 0xAD, 0x00, 0x0C, 0x18, 0xAD, 0x00, 0x2B, 0x18, 0xAD,
    0x00, 0x2B, 0x18, 0xAD, 0x00, 0x2B, 0x18, 0xAD, 0x00, 0x2B, 0x18, 0xAD, 0x00, 0x2B, 0x18, 0xAD,
    0x08, 0x2A, 0x18, 0xAD, 0x08, 0x2A, 0x18, 0xAD, 0x00, 0x0B, 0x18, 0xAD, 0x00, 0x0B, 0x18, 0xAD,
    0x00, 0x0C, 0x18, 0xAD, 0x00, 0x0D, 0x18, 0xAD, 0x00, 0x2B, 0x18, 0xAD, 0x08, 0x2A, 0x18, 0xAD,
    0x00, 0x0B, 0x18, 0xAD, 0x00, 0x0C, 0x18, 0xAD, 0x00, 0x0D, 0x18, 0xAD, 0x00, 0x0E, 0x18, 0xCD,
    0x00, 0x0C, 0x18, 0xCD, 0x00, 0x0B, 0x29, 0x13, 0x00, 0x0D, 0x00, 0x00, 0x00, 0x0D, 0x00, 0x00,
    0x39, 0x9D, 0x08, 0x2A, 0x21, 0x12, 0x00, 0x2B, 0x00, 0x00, 0x00, 0x2B, 0x18, 0xAD, 0x00, 0x2B,
    0x18, 0xAD, 0x18, 0xCB, 0x73, 0x93, 0x73, 0x93, 0x52, 0xB0, 0x73, 0xB4, 0x7B, 0xD4, 0x31, 0x8F,
    0x18, 0xAD, 0x00, 0x0D, 0x18, 0xCD, 0x29, 0x4E, 0x6B, 0x94, 0x5A, 0xD5, 0x62, 0xF4, 0x10, 0xAC,
    0x18, 0xAD, 0x08, 0x4B, 0x31, 0x6E, 0x31, 0x8D, 0x31, 0x6E, 0x39, 0xD1, 0x63, 0x34, 0x10, 0x8C,
    0x5A, 0xD0, 0x7B, 0xD3, 0x31, 0x8E, 0x08, 0x4C, 0x31, 0x6E, 0x39, 0xEF, 0x73, 0xB4, 0x5A, 0xD5,
    0x7B, 0xF7, 0x52, 0x91, 0x18, 0xCD, 0x08, 0x4B, 0x31, 0x8E, 0x6B, 0x73, 0x63, 0x15, 0x52, 0xB3,
    0x21, 0x0D, 0x00, 0x0B, 0x18, 0xCD, 0x29, 0x4D, 0x39, 0xCE, 0x39, 0xF0, 0x5A, 0xD4, 0x73, 0x76,
    0x41, 0xF0, 0x08, 0x4C, 0x42, 0x0F, 0x52, 0x91, 0x84, 0x17, 0x8C, 0x97, 0x84, 0x16, 0x39, 0xB1,
    0x18, 0xAD, 0x10, 0x8E, 0x39, 0xCE, 0x6B, 0x73, 0x63, 0x15, 0x52, 0xB3, 0x21, 0x2D, 0x08, 0x4A,
    0x73, 0x92, 0xB5, 0x98, 0x41, 0xEF, 0x00, 0x2B, 0x18, 0xAD, 0x00, 0x2B, 0x18, 0xAD, 0x08, 0x2A,
    0x20, 0xED, 0x29, 0x4D, 0x29, 0x2D, 0x00, 0x2B, 0x18, 0xAD, 0x21, 0x2E, 0x7B, 0xD5, 0x42, 0x11,
    0x20, 0xED, 0x29, 0x4E, 0x6B, 0x94, 0x5A, 0xD5, 0x62, 0xF4, 0x10, 0xAC, 0x18, 0xAD, 0x08, 0x4B,
    0x31, 0x6E, 0x31, 0x8D, 0x31, 0x6E, 0x39, 0xD1, 0x63, 0x34, 0x39, 0xEF, 0x52, 0xB1, 0x84, 0x17,
    0x94, 0xB7, 0x7B, 0xF6, 0x42, 0x10, 0x08, 0x4E, 0x5A, 0xD0, 0x73, 0xD3, 0x31, 0x8E, 0x08, 0x2A,
    0x20, 0xED, 0x21, 0x2D, 0x5A, 0xF2, 0x52, 0xB4, 0x52, 0xB3, 0x18, 0xED, 0x18, 0xAD, 0x00, 0x0B,
    0x21, 0x0D, 0x31, 0x8E, 0x73, 0xB4, 0x5A, 0xD4, 0x62, 0xF4, 0x10, 0xAE, 0x18, 0xCD, 0x6B, 0x72,
    0xB5, 0x98, 0x31, 0x8F, 0x18, 0xAD, 0x00, 0x0C, 0x18, 0xAD, 0x00, 0x0D, 0x18, 0xAD, 0x00, 0x0E,
    0x18, 0xAD, 0x00, 0x2B, 0x18, 0xAD, 0x00, 0x2B, 0x18, 0xAD, 0x08, 0x2A, 0x18, 0xAD, 0x00, 0x2B,
    0x18, 0xAD, 0x00, 0x2B, 0x18, 0xAD, 0x00, 0x2B, 0x18, 0xAD, 0x08, 0x2A, 0x18, 0xAD, 0x00, 0x2B,
    0x18, 0xAD, 0x00, 0x2B, 0x18, 0xAD, 0x00, 0x2B, 0x18, 0xAD, 0x00, 0x0D, 0x18, 0xAD, 0x00, 0x0D,
    0x18, 0xAD, 0x00, 0x0C, 0x18, 0xAD, 0x00, 0x2A, 0x18, 0xAD, 0x00, 0x2B, 0x18, 0xAD, 0x00, 0x2B,
    0x18, 0xAD, 0x00, 0x0B, 0x18, 0xAD, 0x00, 0x0C, 0x18, 0xAD, 0x00, 0x2B, 0x18, 0xAD, 0x00, 0x0C,
    0x18, 0xAD, 0x00, 0x0E, 0x18, 0xAD, 0x00, 0x0C, 0x18, 0xAD, 0x08, 0x2A, 0x18, 0xAD, 0x00, 0x2B,
    0x18, 0xAD, 0x00, 0x0C, 0x18, 0xAD, 0x00, 0x2B, 0x18, 0xAD, 0x00, 0x0B, 0x18, 0xAD, 0x00, 0x2B,
    0x18, 0xAD, 0x00, 0x0C, 0x18, 0xAD, 0x00, 0x0D, 0x18, 0xAD, 0x00, 0x0C, 0x18, 0xAD, 0x00, 0x0C,
    0x18, 0xAD, 0x00, 0x0C, 0x18, 0xAD, 0x00, 0x0D, 0x18, 0xAD, 0x00, 0x0E, 0x18, 0xAD, 0x00, 0x2B,
    0x18, 0xAD, 0x00, 0x2B, 0x18, 0xAD, 0x08, 0x2A, 0x18, 0xAD, 0x00, 0x2B, 0x18, 0xAD, 0x00, 0x2B,
    0x18, 0xAD, 0x00, 0x2B, 0x18, 0xAD, 0x08, 0x2A, 0x18, 0xAD, 0x00, 0x2B, 0x18, 0xAD, 0x00, 0x2B,
    0x18, 0xAD, 0x00, 0x2B, 0x18, 0xAD, 0x00, 0x0D, 0x18, 0xAD, 0x00, 0x0D, 0x18, 0xAD, 0x00, 0x0C,
    0x18, 0xAD, 0x00, 0x2A, 0x31, 0xAE, 0x63, 0x32, 0x6B, 0x54, 0x6B, 0x52, 0x29, 0x2D, 0x08, 0x2B,
    0x6B, 0x73, 0xB5, 0xDB, 0x9C, 0xF7, 0x7B, 0xD5, 0x18, 0xCD, 0x29, 0x2D, 0x7B, 0xF3, 0x5A, 0xB3,
    0x18, 0xCD, 0x08, 0x4C, 0x39, 0xCF, 0x6B, 0x52, 0x84, 0x13, 0x6B, 0x73, 0x8C, 0x76, 0x7B, 0xD5,
    0x18, 0xED, 0x31, 0x8E, 0x6B, 0x73, 0x7B, 0xF3, 0x73, 0xB4, 0x8C, 0x56, 0x84, 0x15, 0x39, 0xAE,
    0xB5, 0x98, 0x7B, 0xF5, 0x18, 0xCD, 0x00, 0x2C, 0x21, 0x0D, 0x31, 0xAF, 0x73, 0xB4, 0x52, 0xB4,
    0x41, 0xF0, 0x08, 0x2D, 0x18, 0xAD, 0x00, 0x0E, 0x18, 0xAD, 0x00, 0x2B, 0x18, 0xAD, 0x00, 0x2B,
    0x18, 0xAD, 0x08, 0x2A, 0x18, 0xAD, 0x00, 0x2B, 0x18, 0xAD, 0x00, 0x2B, 0x18, 0xAD, 0x00, 0x2B,
    0x18, 0xAD, 0x08, 0x2A, 0x18, 0xAD, 0x00, 0x2B, 0x18, 0xAD, 0x00, 0x2B, 0x18, 0xAD, 0x00, 0x2B,
    0x18, 0xAD, 0x00, 0x0D, 0x18, 0xAD, 0x00, 0x0D, 0x18, 0xAD, 0x00, 0x0C, 0x18, 0xAD, 0x00, 0x2A,
    0x18, 0xAD, 0x00, 0x2B, 0x18, 0xAD, 0x00, 0x2B, 0x18, 0xAD, 0x00, 0x0B, 0x18, 0xAD, 0x00, 0x0C,
    0x18, 0xAD, 0x00, 0x2B, 0x18, 0xAD, 0x00, 0x0C, 0x10, 0x8B, 0x00, 0x0E, 0x00, 0x00, 0x00, 0x0C,
    0x00, 0x2B, 0x21, 0x13, 0x00, 0x0B, 0x18, 0xCF, 0x00, 0x2B, 0x18, 0xAD, 0x00, 0x0C, 0x18, 0xAD,
    0x00, 0x0B, 0x29, 0x2D, 0x7B, 0xF4, 0x9D, 0x17, 0x94, 0x96, 0x5A, 0xD2, 0x94, 0xB7, 0x9C, 0xD9,
    0x18, 0xCD, 0x18, 0xAC, 0x21, 0x2F, 0x31, 0xB2, 0x73, 0x96, 0x6B, 0x55, 0xA5, 0x3A, 0x73, 0x94,
    0x08, 0x4B, 0x20, 0xED, 0x39, 0xD0, 0x31, 0x91, 0x9C, 0xD9, 0x8C, 0x78, 0x4A, 0x71, 0x21, 0x0D,
    0x73, 0xB3, 0xB5, 0x98, 0x31, 0xAE, 0x18, 0xCD, 0x21, 0x2E, 0x21, 0x2F, 0x52, 0x94, 0x84, 0x17,
    0xB5, 0xBC, 0x6B, 0x54, 0x08, 0x4A, 0x29, 0x6E, 0x31, 0xB1, 0x7B, 0xD6, 0x63, 0x14, 0xA5, 0x3A,
    0x6B, 0x54, 0x18, 0xCD, 0x10, 0x6B, 0x39, 0xF0, 0x31, 0xB2, 0x84, 0x17, 0x4A, 0x52, 0x8C, 0x78,
    0x8C, 0x57, 0x29, 0x2D, 0x31, 0xAE, 0x5A, 0xB1, 0x94, 0xD7, 0x73, 0x92, 0x5A, 0xB1, 0x39, 0xCF,
    0x08, 0x4D, 0x31, 0x8F, 0x31, 0x91, 0x73, 0x95, 0x73, 0x96, 0xB5, 0x9B, 0x63, 0x33, 0x18, 0xCC,
    0x73, 0xB3, 0xB5, 0xB9, 0x31, 0xAE, 0x18, 0xAC, 0x00, 0x0C, 0x18, 0xAC, 0x00, 0x0B, 0x18, 0xAC,
    0x18, 0xCC, 0x39, 0xF0, 0x18, 0xCD, 0x18, 0xAC, 0x08, 0x2A, 0x73, 0xB5, 0x9D, 0x19, 0x39, 0xCF,
    0x29, 0x2F, 0x31, 0xB2, 0x73, 0x96, 0x6B, 0x54, 0x9C, 0xFA, 0x63, 0x13, 0x08, 0x2B, 0x20, 0xED,
    0x39, 0xD0, 0x31, 0x91, 0x9C, 0xD9, 0x8C, 0x78, 0x52, 0x71, 0x42, 0x0E, 0x52, 0x90, 0x94, 0xD7,
    0x6B, 0x51, 0x62, 0xF2, 0x29, 0x6F, 0x18, 0xCC, 0x73, 0xB4, 0xB5, 0x98, 0x31, 0xAE, 0x18, 0xAC,
    0x29, 0x2D, 0x31, 0xB1, 0x73, 0xB6, 0x7B, 0xD6, 0xA5, 0x3A, 0x83, 0xF6, 0x08, 0x6B, 0x18, 0xAC,
    0x29, 0x6E, 0x31, 0xB1, 0x6B, 0x75, 0x7B, 0xD6, 0xAD, 0x9B, 0x6B, 0x54, 0x08, 0x4C, 0x7B, 0xD3,
    0xB5, 0xB9, 0x42, 0x0F, 0x00, 0x0C, 0x18, 0xAC, 0x00, 0x0B, 0x18, 0xAC, 0x00, 0x0D, 0x18, 0xAC,
    0x00, 0x0D, 0x18, 0xAC, 0x00, 0x2B, 0x18, 0xAC, 0x00, 0x2B, 0x18, 0xAC, 0x00, 0x0B, 0x18, 0xAC,
    0x00, 0x2B, 0x18, 0xAC, 0x00, 0x0C, 0x18, 0xAC, 0x00, 0x0B, 0x18, 0xAC, 0x08, 0x2A, 0x18, 0xAC,
    0x00, 0x2B, 0x18, 0xAC, 0x08, 0x2A, 0x18, 0xAC, 0x00, 0x0C, 0x18, 0xAC, 0x00, 0x0D, 0x18, 0xAC,
    0x00, 0x0D, 0x18, 0xAC, 0x00, 0x0C, 0x18, 0xAC, 0x00, 0x2A, 0x18, 0xAC, 0x08, 0x2A, 0x18, 0xAC,
    0x08, 0x2A, 0x18, 0xAC, 0x08, 0x2A, 0x18, 0xAC, 0x08, 0x2A, 0x18, 0xAC, 0x00, 0x2B, 0x18, 0xAC,
    0x00, 0x0C, 0x18, 0xAC, 0x00, 0x0E, 0x18, 0xAC, 0x00, 0x2B, 0x18, 0xAC, 0x08, 0x2A, 0x18, 0xAC,
    0x00, 0x0B, 0x18, 0xAC, 0x00, 0x2B, 0x18, 0xAC, 0x00, 0x2B, 0x18, 0xAC, 0x08, 0x2A, 0x18, 0xAC,
    0x00, 0x2B, 0x18, 0xAC, 0x00, 0x0C, 0x18, 0xAC, 0x00, 0x0C, 0x18, 0xAC, 0x00, 0x0C, 0x18, 0xAC,
    0x00, 0x0C, 0x18, 0xAC, 0x00, 0x0B, 0x18, 0xAC, 0x00, 0x0D, 0x18, 0xAC, 0x00, 0x0D, 0x18, 0xAC,
    0x00, 0x2B, 0x18, 0xAC, 0x00, 0x2B, 0x18, 0xAC, 0x00, 0x0B, 0x18, 0xAC, 0x00, 0x2B, 0x18, 0xAC,
    0x00, 0x0C, 0x18, 0xAC, 0x00, 0x0B, 0x18, 0xAC, 0x08, 0x2A, 0x18, 0xAC, 0x00, 0x2B, 0x18, 0xAC,
    0x08, 0x2A, 0x18, 0xAC, 0x00, 0x0C, 0x18, 0xAC, 0x00, 0x0D, 0x18, 0xAC, 0x00, 0x0D, 0x18, 0xAC,
    0x00, 0x0C, 0x18, 0xAC, 0x29, 0x2D, 0x73, 0x94, 0x5A, 0xD1, 0x8C, 0x77, 0x42, 0x2F, 0x29, 0x4D,
    0xA5, 0x39, 0x94, 0xB7, 0x84, 0x35, 0x7B, 0xD3, 0x08, 0x2B, 0x39, 0xEF, 0xB5, 0x98, 0x84, 0x14,
    0x00, 0x2E, 0x31, 0x8E, 0x7C, 0x14, 0x8C, 0x75, 0x6B, 0x52, 0x8C, 0x76, 0xBD, 0xFB, 0x84, 0x36,
    0x29, 0x4D, 0x84, 0x14, 0x8C, 0x75, 0x73, 0x94, 0x8C, 0x56, 0xBD, 0xFB, 0x7C, 0x16, 0x41, 0xEF,
    0xB5, 0xB9, 0x84, 0x14, 0x08, 0x2C, 0x20, 0xED, 0x31, 0xB0, 0x31, 0x91, 0x5A, 0xD4, 0x84, 0x37,
    0x94, 0xB9, 0x31, 0x8E, 0x00, 0x0D, 0x18, 0xAC, 0x00, 0x0D, 0x18, 0xAC, 0x00, 0x2B, 0x18, 0xAC,
    0x00, 0x2B, 0x18, 0xAC, 0x00, 0x0B, 0x18, 0xAC, 0x00, 0x2B, 0x18, 0xAC, 0x00, 0x0C, 0x18, 0xAC,
    0x00, 0x0B, 0x18, 0xAC, 0x08, 0x2A, 0x18, 0xAC, 0x00, 0x2B, 0x18, 0xAC, 0x08, 0x2A, 0x18, 0xAC,
    0x00, 0x0C, 0x18, 0xAC, 0x00, 0x0D, 0x18, 0xAC, 0x00, 0x0D, 0x18, 0xAC, 0x00, 0x0C, 0x18, 0xAC,
    0x00, 0x2A, 0x18, 0xAC, 0x08, 0x2A, 0x18, 0xAC, 0x08, 0x2A, 0x18, 0xAC, 0x08, 0x2A, 0x18, 0xAD,
    0x08, 0x2A, 0x18, 0xAD, 0x00, 0x2B, 0x20, 0xF3, 0x00, 0x0C, 0x00, 0x00, 0x00, 0x0E, 0x00, 0x00,
    0x31, 0x7C, 0x00, 0x0C, 0x20, 0xF2, 0x00, 0x0C, 0x00, 0x00, 0x00, 0x0C, 0x18, 0xAD, 0x00, 0x0E,
    0x18, 0xAD, 0x18, 0xAC, 0x84, 0x55, 0x9D, 0x18, 0x31, 0x8F, 0x08, 0x4B, 0x63, 0x32, 0xB5, 0xBA,
    0x39, 0xEF, 0x18, 0xAE, 0x5A, 0xF2, 0x5A, 0xF3, 0x18, 0xED, 0x08, 0x2D, 0x6B, 0x54, 0xA5, 0x18,
    0x41, 0xEF, 0x18, 0xAB, 0x5A, 0xF2, 0x7B, 0xD6, 0x63, 0x12, 0x10, 0x6B, 0x18, 0xAC, 0x08, 0x4A,
    0x7B, 0xF4, 0xB5, 0xB8, 0x39, 0xCF, 0x00, 0x2B, 0x18, 0xAC, 0x08, 0x2D, 0x4A, 0x50, 0xA5, 0x39,
    0x7B, 0xF6, 0x18, 0xAB, 0x21, 0x0D, 0x5A, 0xD2, 0x63, 0x13, 0x10, 0x6B, 0x18, 0xAC, 0x63, 0x13,
    0xA5, 0x18, 0x31, 0xAE, 0x21, 0x0D, 0x5A, 0xD2, 0x73, 0xB5, 0x20, 0xED, 0x18, 0xAC, 0x52, 0xB2,
    0xA5, 0x38, 0x31, 0x6E, 0x18, 0xAC, 0x31, 0x6E, 0x9C, 0xD6, 0x31, 0x8E, 0x18, 0xAC, 0x08, 0x2A,
    0x18, 0xCC, 0x21, 0x0D, 0x39, 0xAF, 0x41, 0xF0, 0x6B, 0x74, 0xB5, 0x9B, 0x7B, 0xF4, 0x08, 0x4C,
    0x7B, 0xF4, 0xB5, 0xB9, 0x39, 0xCF, 0x00, 0x0C, 0x10, 0x8C, 0x00, 0x0E, 0x10, 0x8C, 0x00, 0x0B,
    0x18, 0xCC, 0x42, 0x30, 0x6B, 0x74, 0x10, 0xAC, 0x31, 0x8F, 0xAD, 0x5A, 0x73, 0x94, 0x18, 0xCE,
    0x5A, 0xD2, 0x7C, 0x16, 0x8C, 0x76, 0x7B, 0xF6, 0x9C, 0xF9, 0x94, 0x96, 0x29, 0x4D, 0x18, 0xAB,
    0x5A, 0xF2, 0x7B, 0xD6, 0x63, 0x12, 0x10, 0x6B, 0x18, 0xAC, 0x08, 0x2A, 0x39, 0xCE, 0x94, 0xD6,
    0x39, 0xCF, 0x08, 0x2B, 0x18, 0xAC, 0x08, 0x2D, 0x7B, 0xF4, 0xB5, 0xB9, 0x39, 0xCF, 0x18, 0xAB,
    0x5A, 0xF2, 0x5A, 0xF3, 0x18, 0xED, 0x08, 0x4B, 0x42, 0x30, 0x52, 0x70, 0x21, 0x0D, 0x08, 0x4B,
    0x31, 0x6D, 0x29, 0x6D, 0x4A, 0x50, 0x6B, 0x53, 0xB5, 0xBB, 0x7B, 0xD4, 0x18, 0xCC, 0x73, 0xD3,
    0xB5, 0xB9, 0x31, 0x6E, 0x10, 0x8C, 0x00, 0x2B, 0x10, 0x8C, 0x08, 0x2A, 0x10, 0x8C, 0x00, 0x0C,
    0x10, 0x8C, 0x00, 0x0C, 0x10, 0x8C, 0x00, 0x0C, 0x10, 0x8C, 0x00, 0x0C, 0x10, 0x8C, 0x00, 0x0C,
    0x10, 0x8C, 0x00, 0x0C, 0x10, 0x8C, 0x00, 0x0E, 0x10, 0x8C, 0x00, 0x0B, 0x10, 0x8C, 0x00, 0x2B,
    0x10, 0x8C, 0x00, 0x2B, 0x10, 0x8C, 0x00, 0x2B, 0x10, 0x8C, 0x00, 0x0D, 0x10, 0x8C, 0x00, 0x0D,
    0x10, 0x8C, 0x00, 0x0D, 0x10, 0x8C, 0x08, 0x2A, 0x10, 0x8C, 0x00, 0x2A, 0x10, 0x8C, 0x08, 0x2A,
    0x10, 0x8C, 0x08, 0x2A, 0x10, 0x8C, 0x08, 0x2A, 0x10, 0x8C, 0x08, 0x2A, 0x10, 0x8C, 0x00, 0x2B,
    0x10, 0x8C, 0x00, 0x0D, 0x10, 0x8C, 0x00, 0x0E, 0x10, 0x8C, 0x08, 0x2A, 0x10, 0x8C, 0x08, 0x2A,
    0x10, 0x8C, 0x00, 0x2B, 0x10, 0x8C, 0x08, 0x2A, 0x10, 0x8C, 0x00, 0x2B, 0x10, 0x8C, 0x08, 0x2A,
    0x10, 0x8C, 0x00, 0x2B, 0x10, 0x8C, 0x00, 0x2B, 0x10, 0x8C, 0x00, 0x2B, 0x10, 0x8C, 0x00, 0x0B,
    0x10, 0x8C, 0x00, 0x2B, 0x10, 0x8C, 0x08, 0x2A, 0x10, 0x8C, 0x00, 0x0C, 0x10, 0x8C, 0x00, 0x0C,
    0x10, 0x8C, 0x00, 0x0C, 0x10, 0x8C, 0x00, 0x0C, 0x10, 0x8C, 0x00, 0x0C, 0x10, 0x8C, 0x00, 0x0C,
    0x10, 0x8C, 0x00, 0x0E, 0x10, 0x8C, 0x00, 0x0B, 0x10, 0x8C, 0x00, 0x2B, 0x10, 0x8C, 0x00, 0x2B,
    0x10, 0x8C, 0x00, 0x2B, 0x10, 0x8C, 0x00, 0x0D, 0x10, 0x8C, 0x00, 0x0D, 0x10, 0x8C, 0x00, 0x0D,
    0x10, 0x8C, 0x08, 0x2A, 0x31, 0x8E, 0x7B, 0xF4, 0x52, 0x91, 0x7C, 0x15, 0x7B, 0xF3, 0x4A, 0x6F,
    0xBD, 0xFA, 0x62, 0xF1, 0x84, 0x15, 0x7B, 0xF5, 0x18, 0xAC, 0x31, 0xAE, 0xB5, 0xB9, 0x84, 0x16,
    0x18, 0xAC, 0x52, 0x91, 0x94, 0xB6, 0x31, 0xAE, 0x18, 0xAC, 0x29, 0x4C, 0xA5, 0x38, 0x7B, 0xF5,
    0x5A, 0xD1, 0x94, 0x96, 0x41, 0xEF, 0x08, 0x2B, 0x39, 0xAE, 0xA5, 0x38, 0x84, 0x16, 0x39, 0xAE,
    0xB5, 0xB9, 0x84, 0x15, 0x18, 0xAC, 0x39, 0xCE, 0x63, 0x54, 0x6B, 0x74, 0x8C, 0x56, 0x84, 0x16,
    0xB5, 0x9B, 0x5A, 0xB1, 0x18, 0xAC, 0x00, 0x0C, 0x10, 0x8C, 0x00, 0x0C, 0x10, 0x8C, 0x00, 0x0C,
    0x10, 0x8C, 0x00, 0x0C, 0x10, 0x8C, 0x00, 0x0C, 0x10, 0x8C, 0x00, 0x0C, 0x10, 0x8C, 0x00, 0x0E,
    0x10, 0x8C, 0x00, 0x0B, 0x10, 0x8C, 0x00, 0x2B, 0x10, 0x8C, 0x00, 0x2B, 0x10, 0x8C, 0x00, 0x2B,
    0x10, 0x8C, 0x00, 0x0D, 0x10, 0x8C, 0x00, 0x0D, 0x10, 0x8C, 0x00, 0x0D, 0x10, 0x8C, 0x08, 0x2A,
    0x10, 0x8C, 0x00, 0x2A, 0x10, 0x8C, 0x08, 0x2A, 0x10, 0x8C, 0x08, 0x2A, 0x10, 0x8C, 0x08, 0x2A,
    0x18, 0xAD, 0x08, 0x2A, 0x18, 0xAD, 0x00, 0x2B, 0x10, 0x8B, 0x00, 0x0D, 0x00, 0x00, 0x00, 0x0E,
    0x00, 0x0C, 0x20, 0xF3, 0x00, 0x0D, 0x18, 0xAE, 0x00, 0x0D, 0x18, 0xAC, 0x00, 0x0C, 0x18, 0xAC,
    0x00, 0x0E, 0x21, 0x0D, 0x8C, 0x97, 0x84, 0x36, 0x08, 0x2C, 0x10, 0x8C, 0x5A, 0xD0, 0x94, 0xB4,
    0x31, 0x8F, 0x31, 0xAE, 0x7B, 0xD4, 0x5A, 0xD1, 0x08, 0x2D, 0x10, 0x8C, 0x42, 0x10, 0xB5, 0x9A,
    0x4A, 0x50, 0x29, 0x2D, 0x6B, 0x93, 0x73, 0x93, 0x08, 0x6B, 0x10, 0x8C, 0x00, 0x2B, 0x18, 0xAC,
    0x7B, 0xF4, 0xBE, 0x1A, 0x31, 0x6E, 0x10, 0x8C, 0x08, 0x4A, 0x52, 0x91, 0x9C, 0xF6, 0x7B, 0xF5,
    0x10, 0x8E, 0x10, 0x8C, 0x29, 0x4D, 0x7B, 0xD4, 0x52, 0xB1, 0x18, 0xAC, 0x08, 0x2A, 0x4A, 0x50,
    0xB5, 0x9A, 0x52, 0x91, 0x18, 0xCB, 0x73, 0x93, 0x6B, 0x73, 0x18, 0xAC, 0x08, 0x2B, 0x5A, 0xF2,
    0xAD, 0x9A, 0x39, 0xCF, 0x08, 0x2A, 0x39, 0xCE, 0xAD, 0x59, 0x39, 0xCF, 0x08, 0x2A, 0x10, 0x8C,
    0x18, 0xAB, 0x5A, 0xD1, 0x84, 0x15, 0x84, 0x34, 0x73, 0xB4, 0x94, 0xB7, 0x7B, 0xD5, 0x18, 0xCC,
    0x7B, 0xF5, 0xBE, 0x1A, 0x29, 0x6F, 0x10, 0x8C, 0x00, 0x0C, 0x10, 0x8C, 0x00, 0x0E, 0x10, 0x8C,
    0x08, 0x2C, 0x31, 0xAE, 0x8C, 0x76, 0x5A, 0xF0, 0x63, 0x12, 0xA5, 0x38, 0x29, 0x6F, 0x31, 0xAE,
    0x7B, 0xF4, 0x73, 0x93, 0x5A, 0xD1, 0x5A, 0xF1, 0x5A, 0xD1, 0x63, 0x12, 0x18, 0xCC, 0x21, 0x2D,
    0x6B, 0x93, 0x73, 0x93, 0x08, 0x6B, 0x10, 0x8C, 0x00, 0x2B, 0x10, 0x8C, 0x31, 0x8D, 0xAD, 0x79,
    0x31, 0x6E, 0x10, 0x8C, 0x08, 0x2A, 0x18, 0xAC, 0x7B, 0xF5, 0xBE, 0x1A, 0x29, 0x70, 0x31, 0xAE,
    0x7B, 0xD4, 0x5A, 0xD1, 0x08, 0x4B, 0x10, 0x8C, 0x10, 0x8B, 0x39, 0xCF, 0x18, 0xAB, 0x21, 0x0D,
    0x52, 0xB0, 0x84, 0x35, 0x84, 0x13, 0x7B, 0xF4, 0x94, 0xB6, 0x84, 0x15, 0x10, 0x6B, 0x84, 0x15,
    0xBE, 0x1A, 0x39, 0xCF, 0x00, 0x2B, 0x10, 0x8C, 0x08, 0x2A, 0x10, 0x8C, 0x08, 0x2A, 0x10, 0x8C,
    0x00, 0x2B, 0x10, 0x8C, 0x00, 0x0B, 0x10, 0x8C, 0x00, 0x0C, 0x10, 0x8C, 0x00, 0x0D, 0x10, 0x8C,
    0x00, 0x0D, 0x10, 0x8C, 0x00, 0x0C, 0x10, 0x8C, 0x00, 0x0E, 0x10, 0x8C, 0x00, 0x0C, 0x10, 0x8C,
    0x00, 0x0C, 0x10, 0x8C, 0x00, 0x2B, 0x10, 0x8C, 0x00, 0x0C, 0x10, 0x8C, 0x00, 0x0D, 0x10, 0x8C,
    0x00, 0x0D, 0x10, 0x8C, 0x00, 0x0C, 0x10, 0x8C, 0x08, 0x2A, 0x10, 0x8C, 0x00, 0x2A, 0x10, 0x8C,
    0x00, 0x2B, 0x10, 0x8C, 0x00, 0x2B, 0x10, 0x8C, 0x08, 0x2A, 0x10, 0x8C, 0x08, 0x2A, 0x10, 0x8C,
    0x08, 0x2A, 0x10, 0x8C, 0x00, 0x0D, 0x10, 0x8C, 0x00, 0x0D, 0x10, 0x8C, 0x08, 0x2A, 0x10, 0x8C,
    0x00, 0x2B, 0x10, 0x8C, 0x08, 0x2A, 0x10, 0x8C, 0x08, 0x2A, 0x10, 0x8C, 0x08, 0x2A, 0x10, 0x8C,
    0x08, 0x2A, 0x10, 0x8C, 0x00, 0x2B, 0x10, 0x8C, 0x08, 0x2A, 0x10, 0x8C, 0x08, 0x2A, 0x10, 0x8C,
    0x00, 0x2B, 0x10, 0x8C, 0x08, 0x2A, 0x10, 0x8C, 0x08, 0x2A, 0x10, 0x8C, 0x00, 0x2B, 0x10, 0x8C,
    0x00, 0x0B, 0x10, 0x8C, 0x00, 0x0C, 0x10, 0x8C, 0x00, 0x0D, 0x10, 0x8C, 0x00, 0x0D, 0x10, 0x8C,
    0x00, 0x0C, 0x10, 0x8C, 0x00, 0x0E, 0x10, 0x8C, 0x00, 0x0C, 0x10, 0x8C, 0x00, 0x0C, 0x10, 0x8C,
    0x00, 0x2B, 0x10, 0x8C, 0x00, 0x0C, 0x10, 0x8C, 0x00, 0x0D, 0x10, 0x8C, 0x00, 0x0D, 0x10, 0x8C,
    0x00, 0x0C, 0x10, 0x8C, 0x21, 0x2D, 0x8C, 0x77, 0x42, 0x30, 0x52, 0xB1, 0xB5, 0xB9, 0x8C, 0x74,
    0x8C, 0x74, 0x31, 0x6E, 0x7C, 0x15, 0x84, 0x16, 0x08, 0x4A, 0x39, 0xCF, 0xBE, 0x1A, 0x8C, 0x56,
    0x08, 0x4D, 0x6B, 0x73, 0x94, 0xB7, 0x29, 0x2D, 0x08, 0x2A, 0x20, 0xED, 0x94, 0xB5, 0x7B, 0xD2,
    0x6B, 0x53, 0x94, 0xD7, 0x18, 0xCB, 0x10, 0x8C, 0x10, 0x8B, 0x94, 0xB5, 0x73, 0xB2, 0x39, 0xEF,
    0xBE, 0x1A, 0x8C, 0x56, 0x08, 0x4B, 0x5A, 0xD0, 0x73, 0xD4, 0x5A, 0xD1, 0x5A, 0xF0, 0x5A, 0xF1,
    0x5A, 0xF1, 0x4A, 0x30, 0x08, 0x2A, 0x10, 0x8C, 0x00, 0x2B, 0x10, 0x8C, 0x00, 0x0B, 0x10, 0x8C,
    0x00, 0x0C, 0x10, 0x8C, 0x00, 0x0D, 0x10, 0x8C, 0x00, 0x0D, 0x10, 0x8C, 0x00, 0x0C, 0x10, 0x8C,
    0x00, 0x0E, 0x10, 0x8C, 0x00, 0x0C, 0x10, 0x8C, 0x00, 0x0C, 0x10, 0x8C, 0x00, 0x2B, 0x10, 0x8C,
    0x00, 0x0C, 0x10, 0x8C, 0x00, 0x0D, 0x10, 0x8C, 0x00, 0x0D, 0x10, 0x8C, 0x00, 0x0C, 0x10, 0x8C,
    0x08, 0x2A, 0x10, 0x8C, 0x00, 0x2A, 0x10, 0x8C, 0x00, 0x2B, 0x10, 0x8C, 0x00, 0x2B, 0x18, 0xAC,
    0x08, 0x2A, 0x18, 0xAC, 0x08, 0x2A, 0x20, 0xF2, 0x08, 0x2A, 0x00, 0x00, 0x00, 0x0D, 0x00, 0x00,
    0x31, 0x5B, 0x00, 0x0C, 0x20, 0xD1, 0x00, 0x0D, 0x00, 0x00, 0x00, 0x0C, 0x10, 0x8C, 0x00, 0x0D,
    0x10, 0x8C, 0x10, 0x8E, 0x9C, 0xF8, 0x84, 0x16, 0x10, 0x8C, 0x08, 0x2C, 0x5A, 0xF1, 0xB5, 0x99,
    0x39, 0xCF, 0x10, 0x8C, 0x73, 0xD3, 0x84, 0x35, 0x31, 0x6E, 0x10, 0x6E, 0x73, 0x93, 0xAD, 0x5A,
    0x31, 0x8E, 0x18, 0xAC, 0x7B, 0xF4, 0x73, 0xB3, 0x10, 0x8C, 0x00, 0x0C, 0x10, 0x8C, 0x08, 0x2B,
    0x84, 0x36, 0xC6, 0x3B, 0x39, 0xAF, 0x08, 0x4A, 0x52, 0x90, 0x9C, 0xF7, 0x84, 0x15, 0x10, 0xAE,
    0x18, 0xAC, 0x08, 0x2D, 0x20, 0xED, 0x73, 0xB3, 0x84, 0x55, 0x21, 0x0E, 0x18, 0xCC, 0x6B, 0x53,
    0xAD, 0x7A, 0x29, 0x4D, 0x21, 0x0C, 0x7B, 0xF4, 0x7B, 0xB3, 0x08, 0x2A, 0x10, 0x8C, 0x52, 0xB1,
    0xBD, 0xFC, 0x31, 0x8D, 0x10, 0x8C, 0x29, 0x4D, 0xB5, 0xB9, 0x39, 0xEF, 0x18, 0xAC, 0x29, 0x2C,
    0x39, 0xAE, 0x8C, 0x55, 0x6B, 0x52, 0x10, 0x8C, 0x39, 0xEF, 0x9C, 0xF8, 0x84, 0x36, 0x08, 0x4C,
    0x84, 0x36, 0xC6, 0x3B, 0x39, 0xAF, 0x00, 0x0C, 0x10, 0x8C, 0x00, 0x0D, 0x10, 0x8C, 0x00, 0x0E,
    0x10, 0x8C, 0x08, 0x4C, 0x73, 0x92, 0xA5, 0x58, 0xAD, 0x79, 0x73, 0xB4, 0x10, 0x8C, 0x10, 0x8C,
    0x73, 0xD3, 0x7B, 0xF4, 0x29, 0x6E, 0x10, 0x8E, 0x6B, 0x33, 0x8C, 0x78, 0x29, 0x6E, 0x18, 0xAC,
    0x7B, 0xF4, 0x73, 0xB3, 0x10, 0x8C, 0x00, 0x0C, 0x10, 0x8C, 0x00, 0x2B, 0x31, 0xAE, 0xB5, 0x99,
    0x42, 0x30, 0x08, 0x4A, 0x31, 0x8D, 0x10, 0x6B, 0x84, 0x36, 0xC6, 0x3B, 0x39, 0xAF, 0x10, 0xAD,
    0x7B, 0xF4, 0x7B, 0xF4, 0x29, 0x4E, 0x10, 0x6C, 0x6B, 0x53, 0xB5, 0x9B, 0x42, 0x10, 0x29, 0x4C,
    0x8C, 0x55, 0x63, 0x31, 0x20, 0xEC, 0x31, 0x8E, 0x9C, 0xF8, 0x7B, 0xF6, 0x18, 0xAC, 0x84, 0x15,
    0xC6, 0x3B, 0x31, 0x6D, 0x10, 0x8C, 0x00, 0x2B, 0x10, 0x8C, 0x08, 0x2A, 0x10, 0x8C, 0x00, 0x2B,
    0x10, 0x8C, 0x00, 0x2B, 0x10, 0x8C, 0x00, 0x0C, 0x10, 0x8C, 0x00, 0x0C, 0x10, 0x8C, 0x00, 0x0D,
    0x10, 0x8C, 0x00, 0x0C, 0x10, 0x8C, 0x00, 0x0D, 0x10, 0x8C, 0x00, 0x0E, 0x10, 0x8C, 0x00, 0x0C,
    0x10, 0x8C, 0x00, 0x0C, 0x10, 0x8C, 0x00, 0x2B, 0x10, 0x8C, 0x00, 0x2B, 0x10, 0x8C, 0x00, 0x0D,
    0x10, 0x8C, 0x00, 0x0E, 0x10, 0x8C, 0x00, 0x0C, 0x10, 0x8C, 0x00, 0x0B, 0x10, 0x8C, 0x00, 0x2B,
    0x10, 0x8C, 0x00, 0x0C, 0x10, 0x8C, 0x00, 0x2B, 0x10, 0x8C, 0x08, 0x2A, 0x10, 0x8C, 0x08, 0x2A,
    0x10, 0x8C, 0x08, 0x2A, 0x10, 0x8C, 0x00, 0x0D, 0x10, 0x8C, 0x00, 0x0D, 0x10, 0x8C, 0x00, 0x0C,
    0x10, 0x8C, 0x00, 0x0C, 0x10, 0x8C, 0x08, 0x2A, 0x10, 0x8C, 0x08, 0x2A, 0x10, 0x8C, 0x08, 0x2A,
    0x10, 0x8C, 0x08, 0x2A, 0x10, 0x8C, 0x00, 0x2B, 0x10, 0x8C, 0x08, 0x2A, 0x10, 0x8C, 0x08, 0x2A,
    0x10, 0x8C, 0x00, 0x2B, 0x10, 0x8C, 0x08, 0x2A, 0x10, 0x8C, 0x00, 0x2B, 0x10, 0x8C, 0x00, 0x2B,
    0x10, 0x8C, 0x00, 0x0C, 0x10, 0x8C, 0x00, 0x0C, 0x10, 0x8C, 0x00, 0x0D, 0x10, 0x8C, 0x00, 0x0C,
    0x10, 0x8C, 0x00, 0x0D, 0x10, 0x8C, 0x00, 0x0E, 0x10, 0x8C, 0x00, 0x0C, 0x10, 0x8C, 0x00, 0x0C,
    0x10, 0x8C, 0x00, 0x2B, 0x10, 0x8C, 0x00, 0x2B, 0x10, 0x8C, 0x00, 0x0D, 0x10, 0x8C, 0x00, 0x0E,
    0x10, 0x8C, 0x00, 0x0C, 0x31, 0x6E, 0x94, 0xB8, 0x52, 0x91, 0x21, 0x2D, 0xB5, 0x99, 0xC6, 0x1A,
    0x7B, 0xF4, 0x08, 0x4B, 0x84, 0x15, 0x73, 0xB1, 0x10, 0x8C, 0x31, 0x6D, 0xC6, 0x3B, 0x84, 0x15,
    0x10, 0x8C, 0x4A, 0x52, 0xB5, 0x9A, 0x52, 0xB2, 0x18, 0xCC, 0x31, 0xAF, 0xAD, 0x79, 0x7B, 0xF5,
    0x52, 0x91, 0xB5, 0x9A, 0x5A, 0xF2, 0x10, 0x6B, 0x41, 0xEF, 0xAD, 0x79, 0x84, 0x15, 0x31, 0x8E,
    0xC6, 0x3B, 0x84, 0x15, 0x10, 0x8C, 0x39, 0xEE, 0x84, 0x55, 0x4A, 0x6F, 0x20, 0xEC, 0x29, 0x6E,
    0x94, 0x97, 0x5A, 0xB2, 0x10, 0x8C, 0x00, 0x2B, 0x10, 0x8C, 0x00, 0x2B, 0x10, 0x8C, 0x00, 0x0C,
    0x10, 0x8C, 0x00, 0x0C, 0x10, 0x8C, 0x00, 0x0D, 0x10, 0x8C, 0x00, 0x0C, 0x10, 0x8C, 0x00, 0x0D,
    0x10, 0x8C, 0x00, 0x0E, 0x10, 0x8C, 0x00, 0x0C, 0x10, 0x8C, 0x00, 0x0C, 0x10, 0x8C, 0x00, 0x2B,
    0x10, 0x8C, 0x00, 0x2B, 0x10, 0x8C, 0x00, 0x0D, 0x10, 0x8C, 0x00, 0x0E, 0x10, 0x8C, 0x00, 0x0C,
    0x10, 0x8C, 0x00, 0x0B, 0x10, 0x8C, 0x00, 0x2B, 0x10, 0x8C, 0x00, 0x0C, 0x10, 0x8C, 0x00, 0x2B,
    0x10, 0x8C, 0x08, 0x2A, 0x10, 0x8C, 0x08, 0x2A, 0x10, 0x8A, 0x08, 0x2A, 0x00, 0x00, 0x00, 0x0D,
    0x00, 0x0B, 0x20, 0xD2, 0x00, 0x0C, 0x18, 0xAE, 0x00, 0x0C, 0x10, 0x8C, 0x00, 0x0C, 0x10, 0x8C,
    0x00, 0x0C, 0x20, 0xED, 0x94, 0xB7, 0x84, 0x15, 0x08, 0x2B, 0x10, 0x8C, 0x52, 0x91, 0xAD, 0x78,
    0x31, 0x6E, 0x10, 0x8C, 0x39, 0xCE, 0x9C, 0xF7, 0xA5, 0x18, 0x84, 0x14, 0xA5, 0x17, 0x5A, 0xD2,
    0x08, 0x2D, 0x21, 0x0C, 0x7C, 0x14, 0x7B, 0xD4, 0x08, 0x2C, 0x10, 0x8C, 0x00, 0x0E, 0x10, 0x8C,
    0x7B, 0xF5, 0xBD, 0xDA, 0x29, 0x6E, 0x31, 0x8E, 0x94, 0x96, 0xB5, 0xBA, 0x8C, 0x76, 0x7B, 0xF3,
    0x7B, 0xF4, 0x73, 0x94, 0x10, 0x8C, 0x42, 0x0F, 0x9C, 0xF8, 0xA5, 0x38, 0x84, 0x14, 0xA5, 0x17,
    0x52, 0xB1, 0x18, 0xAC, 0x18, 0xAB, 0x84, 0x14, 0x73, 0xB4, 0x10, 0x8C, 0x08, 0x2A, 0x5A, 0xD1,
    0xAD, 0x79, 0x39, 0xCE, 0x08, 0x2A, 0x21, 0x0D, 0x94, 0xB7, 0xA5, 0x38, 0x8C, 0x56, 0x8C, 0x55,
    0x29, 0x4D, 0x7B, 0xF4, 0x94, 0xD7, 0x8C, 0x56, 0x94, 0xD6, 0xA5, 0x38, 0x84, 0x16, 0x18, 0xEC,
    0x7B, 0xF5, 0xBD, 0xDA, 0x29, 0x6F, 0x10, 0x8C, 0x00, 0x0C, 0x10, 0x8C, 0x00, 0x0C, 0x10, 0x8C,
    0x00, 0x0C, 0x10, 0x8C, 0x29, 0x6E, 0xB5, 0xBA, 0x9C, 0xF7, 0x39, 0xCE, 0x00, 0x0B, 0x10, 0x8C,
    0x39, 0xCE, 0x9C, 0xF7, 0xA5, 0x18, 0x84, 0x34, 0xA5, 0x38, 0x73, 0x94, 0x08, 0x4D, 0x21, 0x0C,
    0x7C, 0x14, 0x7B, 0xD4, 0x08, 0x2C, 0x10, 0x8C, 0x00, 0x0E, 0x10, 0x8C, 0x18, 0xAE, 0x9C, 0xD7,
    0xA5, 0x18, 0x8C, 0x76, 0x84, 0x35, 0x21, 0x0D, 0x7B, 0xF5, 0xBD, 0xDA, 0x29, 0x6F, 0x10, 0x8C,
    0x4A, 0x70, 0xA5, 0x58, 0xAD, 0x79, 0x8C, 0x54, 0xAD, 0x58, 0x7B, 0xF5, 0x10, 0x8B, 0x29, 0x4D,
    0x7B, 0xD3, 0x9C, 0xD7, 0x84, 0x35, 0x9C, 0xD6, 0xA5, 0x38, 0x84, 0x36, 0x10, 0x8C, 0x84, 0x15,
    0xBD, 0xDA, 0x39, 0xAF, 0x08, 0x2A, 0x10, 0x8C, 0x00, 0x2B, 0x10, 0x8C, 0x00, 0x0B, 0x10, 0x8C,
    0x00, 0x0C, 0x10, 0x8C, 0x00, 0x2B, 0x10, 0x8C, 0x00, 0x0B, 0x10, 0x8C, 0x00, 0x0C, 0x10, 0x8C,
    0x00, 0x0C, 0x10, 0x8C, 0x00, 0x0C, 0x10, 0x8C, 0x00, 0x0C, 0x10, 0x8C, 0x00, 0x0C, 0x10, 0x8C,
    0x00, 0x2B, 0x10, 0x8C, 0x00, 0x0C, 0x10, 0x8C, 0x00, 0x0B, 0x10, 0x8C, 0x00, 0x2B, 0x10, 0x8C,
    0x00, 0x0D, 0x10, 0x8C, 0x00, 0x0E, 0x10, 0x8C, 0x00, 0x0D, 0x10, 0x8C, 0x00, 0x0C, 0x10, 0x8C,
    0x00, 0x0C, 0x10, 0x8C, 0x00, 0x0E, 0x10, 0x8C, 0x00, 0x0C, 0x10, 0x8C, 0x00, 0x0B, 0x10, 0x8C,
    0x08, 0x2A, 0x10, 0x8C, 0x08, 0x2A, 0x10, 0x8C, 0x00, 0x0D, 0x10, 0x8C, 0x00, 0x0C, 0x10, 0x8C,
    0x00, 0x0D, 0x10, 0x8C, 0x00, 0x2B, 0x10, 0x8C, 0x08, 0x2A, 0x10, 0x8C, 0x08, 0x2A, 0x10, 0x8C,
    0x08, 0x2A, 0x10, 0x8C, 0x08, 0x2A, 0x10, 0x8C, 0x00, 0x2B, 0x10, 0x8C, 0x08, 0x2A, 0x10, 0x8C,
    0x08, 0x2A, 0x10, 0x8C, 0x00, 0x2B, 0x10, 0x8C, 0x00, 0x0B, 0x10, 0x8C, 0x00, 0x0C, 0x10, 0x8C,
    0x00, 0x2B, 0x10, 0x8C, 0x00, 0x0B, 0x10, 0x8C, 0x00, 0x0C, 0x10, 0x8C, 0x00, 0x0C, 0x10, 0x8C,
    0x00, 0x0C, 0x10, 0x8C, 0x00, 0x0C, 0x10, 0x8C, 0x00, 0x0C, 0x10, 0x8C, 0x00, 0x2B, 0x10, 0x8C,
    0x00, 0x0C, 0x10, 0x8C, 0x00, 0x0B, 0x10, 0x8C, 0x00, 0x2B, 0x10, 0x8C, 0x00, 0x0D, 0x10, 0x8C,
    0x00, 0x0E, 0x10, 0x8C, 0x21, 0x0F, 0x94, 0xB8, 0x4A, 0x51, 0x18, 0xAC, 0x7B, 0xF5, 0xB5, 0xB9,
    0x39, 0xD1, 0x10, 0x8C, 0x73, 0xB2, 0x73, 0xB2, 0x10, 0x6B, 0x39, 0xAF, 0xBD, 0xDA, 0x84, 0x15,
    0x08, 0x2A, 0x18, 0xCD, 0x73, 0xB5, 0xB5, 0xB9, 0x8C, 0x76, 0xA5, 0x17, 0xB5, 0x99, 0x7B, 0xF4,
    0x10, 0x8C, 0x7B, 0xD4, 0xB5, 0xB9, 0x94, 0x96, 0x9D, 0x17, 0xB5, 0xB9, 0x7B, 0xD4, 0x39, 0xAF,
    0xBD, 0xDA, 0x84, 0x15, 0x08, 0x2B, 0x20, 0xEC, 0x63, 0x32, 0xA5, 0x38, 0x8C, 0x76, 0x94, 0x95,
    0x9C, 0xF7, 0x39, 0xAE, 0x08, 0x2B, 0x10, 0x8C, 0x00, 0x0C, 0x10, 0x8C, 0x00, 0x2B, 0x10, 0x8C,
    0x00, 0x0B, 0x10, 0x8C, 0x00, 0x0C, 0x10, 0x8C, 0x00, 0x0C, 0x10, 0x8C, 0x00, 0x0C, 0x10, 0x8C,
    0x00, 0x0C, 0x10, 0x8C, 0x00, 0x0C, 0x10, 0x8C, 0x00, 0x2B, 0x10, 0x8C, 0x00, 0x0C, 0x10, 0x8C,
    0x00, 0x0B, 0x10, 0x8C, 0x00, 0x2B, 0x10, 0x8C, 0x00, 0x0D, 0x10, 0x8C, 0x00, 0x0E, 0x10, 0x8C,
    0x00, 0x0D, 0x10, 0x8C, 0x00, 0x0C, 0x10, 0x8C, 0x00, 0x0C, 0x10, 0x8C, 0x00, 0x0E, 0x10, 0x8C,
    0x00, 0x0C, 0x10, 0x8C, 0x00, 0x0B, 0x18, 0xD1, 0x08, 0x2A, 0x00, 0x00, 0x08, 0x2A, 0x00, 0x00,
    0x29, 0x3A, 0x00, 0x2B, 0x18, 0xB1, 0x00, 0x2B, 0x00, 0x00, 0x00, 0x0C, 0x10, 0x8C, 0x00, 0x0C,
    0x10, 0x8C, 0x08, 0x4C, 0x39, 0xAE, 0x21, 0x0D, 0x10, 0x8B, 0x08, 0x2A, 0x29, 0x4D, 0x39, 0xCE,
    0x21, 0x0C, 0x00, 0x0C, 0x10, 0x8B, 0x18, 0xCD, 0x39, 0xAF, 0x29, 0x6F, 0x39, 0xCE, 0x10, 0x6D,
    0x10, 0x6B, 0x08, 0x2E, 0x31, 0x6E, 0x20, 0xEE, 0x10, 0x8B, 0x00, 0x0E, 0x10, 0x6B, 0x00, 0x2F,
    0x31, 0x8D, 0x31, 0x90, 0x18, 0xCC, 0x10, 0xAE, 0x52, 0x91, 0x52, 0x91, 0x5A, 0xF2, 0x52, 0xB1,
    0x62, 0xF1, 0x52, 0x8F, 0x18, 0xAC, 0x08, 0x2C, 0x29, 0x2D, 0x29, 0x71, 0x39, 0xAF, 0x31, 0x8E,
    0x18, 0xCC, 0x08, 0x2A, 0x10, 0x8C, 0x29, 0x2C, 0x29, 0x4D, 0x08, 0x2A, 0x10, 0x6B, 0x21, 0x0C,
    0x42, 0x0E, 0x10, 0x6C, 0x10, 0x6B, 0x08, 0x2A, 0x21, 0x0D, 0x31, 0x8E, 0x39, 0xCF, 0x29, 0x4E,
    0x10, 0x8C, 0x18, 0xCD, 0x39, 0xAE, 0x29, 0x6F, 0x31, 0xAE, 0x31, 0x6D, 0x42, 0x0E, 0x08, 0x6B,
    0x31, 0x8D, 0x31, 0xAE, 0x18, 0xCC, 0x00, 0x0C, 0x10, 0x6B, 0x00, 0x0C, 0x10, 0x6B, 0x00, 0x0C,
    0x10, 0x6B, 0x00, 0x2B, 0x10, 0x8C, 0x29, 0x4D, 0x31, 0x8E, 0x08, 0x4C, 0x10, 0x6B, 0x00, 0x0C,
    0x10, 0x8B, 0x18, 0xCD, 0x39, 0xAF, 0x29, 0x6F, 0x39, 0xEE, 0x18, 0xAE, 0x10, 0x6B, 0x08, 0x2E,
    0x31, 0x6E, 0x20, 0xEE, 0x10, 0x8B, 0x00, 0x0E, 0x10, 0x6B, 0x00, 0x0F, 0x10, 0x6B, 0x18, 0xD0,
    0x39, 0xCE, 0x31, 0x8F, 0x31, 0x8E, 0x08, 0x4A, 0x31, 0x8D, 0x31, 0xAD, 0x18, 0xCC, 0x00, 0x0C,
    0x10, 0x8C, 0x29, 0x4F, 0x5A, 0xD2, 0x52, 0xB4, 0x52, 0x90, 0x18, 0xCC, 0x10, 0x6B, 0x08, 0x2A,
    0x21, 0x0D, 0x31, 0x6D, 0x39, 0xAF, 0x29, 0x6D, 0x39, 0xAD, 0x39, 0xCD, 0x18, 0xAC, 0x29, 0x2E,
    0x39, 0xCE, 0x10, 0x6A, 0x10, 0x6B, 0x08, 0x2A, 0x10, 0x6B, 0x00, 0x2B, 0x10, 0x6B, 0x00, 0x0C,
    0x10, 0x6B, 0x00, 0x0C, 0x10, 0x6B, 0x00, 0x2B, 0x10, 0x6B, 0x00, 0x2B, 0x10, 0x6B, 0x00, 0x2B,
    0x10, 0x6B, 0x00, 0x0C, 0x10, 0x6B, 0x00, 0x0C, 0x10, 0x6B, 0x00, 0x0C, 0x10, 0x6B, 0x00, 0x2B,
    0x10, 0x6B, 0x08, 0x2A, 0x10, 0x6B, 0x00, 0x0B, 0x10, 0x6B, 0x00, 0x0C, 0x10, 0x6B, 0x00, 0x0C,
    0x10, 0x6B, 0x00, 0x0C, 0x10, 0x6B, 0x00, 0x0D, 0x10, 0x6B, 0x00, 0x0E, 0x10, 0x6B, 0x00, 0x0C,
    0x10, 0x6B, 0x00, 0x0E, 0x10, 0x6B, 0x00, 0x0F, 0x10, 0x6B, 0x00, 0x0F, 0x10, 0x6B, 0x00, 0x0D,
    0x10, 0x6B, 0x08, 0x2A, 0x10, 0x6B, 0x08, 0x2A, 0x10, 0x6B, 0x00, 0x0C, 0x10, 0x6B, 0x00, 0x0C,
    0x10, 0x6B, 0x00, 0x0E, 0x10, 0x6B, 0x00, 0x2B, 0x10, 0x6B, 0x08, 0x2A, 0x10, 0x6B, 0x08, 0x2A,
    0x10, 0x6B, 0x08, 0x2A, 0x10, 0x6B, 0x00, 0x2A, 0x10, 0x6B, 0x00, 0x0C, 0x10, 0x6B, 0x08, 0x2A,
    0x10, 0x6B, 0x08, 0x2A, 0x10, 0x6B, 0x00, 0x2B, 0x10, 0x6B, 0x00, 0x0C, 0x10, 0x6B, 0x00, 0x0C,
    0x10, 0x6B, 0x00, 0x2B, 0x10, 0x6B, 0x00, 0x2B, 0x10, 0x6B, 0x00, 0x2B, 0x10, 0x6B, 0x00, 0x0C,
    0x10, 0x6B, 0x00, 0x0C, 0x10, 0x6B, 0x00, 0x0C, 0x10, 0x6B, 0x00, 0x2B, 0x10, 0x6B, 0x08, 0x2A,
    0x10, 0x6B, 0x00, 0x0B, 0x10, 0x6B, 0x00, 0x0C, 0x10, 0x6B, 0x00, 0x0C, 0x10, 0x6B, 0x00, 0x0C,
    0x10, 0x6B, 0x00, 0x0D, 0x18, 0xCC, 0x29, 0x70, 0x21, 0x0D, 0x00, 0x2C, 0x29, 0x2D, 0x31, 0xAF,
    0x18, 0xCC, 0x08, 0x2F, 0x39, 0xAD, 0x29, 0x6F, 0x10, 0x8B, 0x10, 0x8D, 0x39, 0xCE, 0x21, 0x0C,
    0x10, 0x8B, 0x08, 0x2A, 0x20, 0xEC, 0x31, 0x6E, 0x39, 0xCE, 0x31, 0x6F, 0x39, 0xEE, 0x31, 0x6F,
    0x10, 0x8B, 0x18, 0xAC, 0x39, 0xAE, 0x31, 0x8D, 0x39, 0xCE, 0x31, 0xAD, 0x39, 0xAD, 0x18, 0xAB,
    0x39, 0xCE, 0x21, 0x0C, 0x10, 0x8B, 0x00, 0x0C, 0x18, 0xAC, 0x29, 0x4D, 0x39, 0xAF, 0x31, 0x6E,
    0x31, 0x8E, 0x08, 0x4B, 0x10, 0x6B, 0x00, 0x0C, 0x10, 0x6B, 0x00, 0x0C, 0x10, 0x6B, 0x00, 0x2B,
    0x10, 0x6B, 0x00, 0x2B, 0x10, 0x6B, 0x00, 0x2B, 0x10, 0x6B, 0x00, 0x0C, 0x10, 0x6B, 0x00, 0x0C,
    0x10, 0x6B, 0x00, 0x0C, 0x10, 0x6B, 0x00, 0x2B, 0x10, 0x6B, 0x08, 0x2A, 0x10, 0x6B, 0x00, 0x0B,
    0x10, 0x6B, 0x00, 0x0C, 0x10, 0x6B, 0x00, 0x0C, 0x10, 0x6B, 0x00, 0x0C, 0x10, 0x6B, 0x00, 0x0D,
    0x10, 0x6B, 0x00, 0x0E, 0x10, 0x6B, 0x00, 0x0C, 0x10, 0x6B, 0x00, 0x0E, 0x10, 0x6B, 0x00, 0x0F,
    0x10, 0x8C, 0x00, 0x0F, 0x10, 0x8C, 0x00, 0x0D, 0x10, 0x6A, 0x08, 0x2A, 0x00, 0x00, 0x08, 0x2A,
    0x00, 0x2A, 0x18, 0xD2, 0x08, 0x2A, 0x10, 0x8D, 0x00, 0x2B, 0x10, 0x8C, 0x00, 0x0C, 0x10, 0x8C,
    0x00, 0x0C, 0x10, 0x8C, 0x00, 0x2B, 0x10, 0x6B, 0x08, 0x2A, 0x10, 0x6B, 0x08, 0x2A, 0x10, 0x6B,
    0x00, 0x2B, 0x10, 0x6B, 0x00, 0x0C, 0x10, 0x6B, 0x00, 0x2B, 0x10, 0x6B, 0x00, 0x2B, 0x10, 0x6B,
    0x00, 0x0C, 0x10, 0x6B, 0x00, 0x0D, 0x10, 0x6B, 0x00, 0x0C, 0x10, 0x6B, 0x00, 0x0E, 0x10, 0x6B,
    0x00, 0x0F, 0x10, 0x6B, 0x00, 0x0F, 0x10, 0x6B, 0x00, 0x0C, 0x10, 0x6B, 0x08, 0x2A, 0x10, 0x6B,
    0x08, 0x2B, 0x10, 0x6B, 0x08, 0x2A, 0x10, 0x6B, 0x00, 0x0D, 0x10, 0x6B, 0x00, 0x0D, 0x10, 0x6B,
    0x00, 0x0C, 0x10, 0x6B, 0x00, 0x2B, 0x10, 0x6B, 0x08, 0x4B, 0x10, 0x6B, 0x08, 0x4A, 0x10, 0xAB,
    0x08, 0x2B, 0x10, 0x6B, 0x00, 0x0C, 0x10, 0x6B, 0x08, 0x2A, 0x10, 0x6B, 0x08, 0x2A, 0x10, 0x6B,
    0x00, 0x2A, 0x10, 0x6B, 0x00, 0x0B, 0x10, 0x6B, 0x00, 0x2B, 0x10, 0x6B, 0x00, 0x2A, 0x10, 0x6B,
    0x08, 0x2A, 0x10, 0x6B, 0x00, 0x2B, 0x10, 0x6B, 0x00, 0x0C, 0x10, 0x6B, 0x00, 0x0C, 0x10, 0x6B,
    0x00, 0x2B, 0x10, 0x6B, 0x08, 0x2A, 0x10, 0x6B, 0x08, 0x2A, 0x10, 0x6B, 0x00, 0x2B, 0x10, 0x6B,
    0x00, 0x0C, 0x10, 0x6B, 0x00, 0x2B, 0x10, 0x6B, 0x00, 0x2B, 0x10, 0x6B, 0x00, 0x0C, 0x10, 0x8B,
    0x08, 0x4D, 0x10, 0x8B, 0x00, 0x0C, 0x10, 0x6B, 0x00, 0x0E, 0x10, 0x6B, 0x00, 0x0F, 0x10, 0x6B,
    0x00, 0x0F, 0x10, 0x6B, 0x00, 0x0C, 0x10, 0x6B, 0x08, 0x2A, 0x10, 0x6B, 0x00, 0x2B, 0x10, 0x6B,
    0x08, 0x2A, 0x10, 0x6B, 0x00, 0x0D, 0x10, 0x6B, 0x00, 0x0D, 0x10, 0x6B, 0x00, 0x0C, 0x10, 0x6B,
    0x00, 0x2B, 0x10, 0x6B, 0x00, 0x2B, 0x10, 0x6B, 0x08, 0x2A, 0x10, 0x6B, 0x00, 0x2B, 0x10, 0x6B,
    0x00, 0x0C, 0x10, 0x6B, 0x08, 0x2A, 0x10, 0x6B, 0x08, 0x2A, 0x10, 0x6B, 0x00, 0x2A, 0x10, 0x6B,
    0x00, 0x0B, 0x10, 0x6B, 0x00, 0x2B, 0x10, 0x6B, 0x00, 0x2A, 0x10, 0x6B, 0x08, 0x2A, 0x10, 0x6B,
    0x00, 0x2B, 0x10, 0x6B, 0x00, 0x0C, 0x10, 0x6B, 0x00, 0x0C, 0x10, 0x6B, 0x00, 0x2B, 0x10, 0x6B,
    0x08, 0x2A, 0x10, 0x6B, 0x08, 0x2A, 0x10, 0x6B, 0x00, 0x2B, 0x10, 0x6B, 0x00, 0x0C, 0x10, 0x6B,
    0x00, 0x2B, 0x10, 0x6B, 0x00, 0x2B, 0x10, 0x6B, 0x00, 0x0C, 0x10, 0x6B, 0x00, 0x0D, 0x10, 0x6B,
    0x00, 0x0C, 0x10, 0x6B, 0x00, 0x0E, 0x10, 0x6B, 0x00, 0x0F, 0x10, 0x6B, 0x00, 0x0F, 0x10, 0x6B,
    0x00, 0x0C, 0x10, 0x6B, 0x08, 0x2A, 0x10, 0x6B, 0x00, 0x2B, 0x10, 0x6B, 0x08, 0x2A, 0x10, 0x6B,
    0x00, 0x0D, 0x10, 0x6B, 0x00, 0x0D, 0x10, 0x6B, 0x00, 0x0C, 0x10, 0x6B, 0x00, 0x2B, 0x10, 0x6B,
    0x00, 0x2B, 0x10, 0x6B, 0x08, 0x2A, 0x10, 0x6B, 0x00, 0x2B, 0x10, 0x6B, 0x00, 0x0C, 0x10, 0x6B,
    0x08, 0x2A, 0x10, 0x6B, 0x08, 0x2A, 0x10, 0x6B, 0x00, 0x2A, 0x10, 0x6B, 0x00, 0x0B, 0x10, 0x6B,
    0x00, 0x2B, 0x10, 0x6B, 0x00, 0x2A, 0x10, 0x6B, 0x08, 0x2A, 0x10, 0x6B, 0x00, 0x2B, 0x10, 0x6B,
    0x00, 0x0C, 0x10, 0x6B, 0x00, 0x0C, 0x10, 0x6B, 0x00, 0x2B, 0x10, 0x6B, 0x08, 0x2A, 0x10, 0x6B,
    0x08, 0x2A, 0x10, 0x6B, 0x00, 0x2B, 0x10, 0x6B, 0x00, 0x0C, 0x10, 0x6B, 0x00, 0x2B, 0x10, 0x6B,
    0x00, 0x2B, 0x10, 0x6B, 0x00, 0x0C, 0x10, 0x6B, 0x00, 0x0D, 0x10, 0x6B, 0x00, 0x0C, 0x10, 0x6B,
    0x00, 0x0E, 0x10, 0x6B, 0x00, 0x0F, 0x10, 0x6B, 0x00, 0x0F, 0x10, 0x6B, 0x00, 0x0C, 0x10, 0x6B,
    0x08, 0x2A, 0x10, 0x6B, 0x00, 0x2B, 0x10, 0x6B, 0x08, 0x2A, 0x10, 0x6B, 0x00, 0x0D, 0x10, 0x6B,
    0x00, 0x0D, 0x10, 0x6B, 0x00, 0x0C, 0x10, 0x6B, 0x00, 0x2B, 0x10, 0x6B, 0x00, 0x2B, 0x10, 0x6B,
    0x08, 0x2A, 0x10, 0x6B, 0x00, 0x2B, 0x10, 0x6B, 0x00, 0x0C, 0x10, 0x6B, 0x08, 0x2A, 0x10, 0x6B,
    0x08, 0x2A, 0x10, 0x6B, 0x00, 0x2A, 0x10, 0x6B, 0x00, 0x0B, 0x10, 0x6B, 0x00, 0x2B, 0x10, 0x6B,
    0x00, 0x2A, 0x10, 0x6B, 0x08, 0x2A, 0x10, 0x6B, 0x00, 0x2B, 0x10, 0x6B, 0x00, 0x0C, 0x10, 0x6B,
    0x00, 0x0C, 0x10, 0x6B, 0x00, 0x2B, 0x10, 0x6B, 0x08, 0x2A, 0x10, 0x6B, 0x08, 0x2A, 0x10, 0x6B,
    0x00, 0x2B, 0x10, 0x6B, 0x00, 0x0C, 0x10, 0x6B, 0x00, 0x2B, 0x10, 0x6B, 0x00, 0x2B, 0x10, 0x6B,
    0x00, 0x0C, 0x10, 0x6B, 0x00, 0x0D, 0x10, 0x6B, 0x00, 0x0C, 0x10, 0x6B, 0x00, 0x0E, 0x10, 0x8C,
    0x00, 0x0F, 0x10, 0x8C, 0x00, 0x0F, 0x18, 0xB1, 0x00, 0x0C, 0x00, 0x00, 0x08, 0x2A, 0x00, 0x00,
    0x29, 0x19, 0x00, 0x2B, 0x18, 0xB0, 0x08, 0x2A, 0x00, 0x00, 0x00, 0x2B, 0x10, 0x6C, 0x00, 0x0D,
    0x10, 0x6C, 0x00, 0x0C, 0x10, 0x6B, 0x00, 0x2B, 0x10, 0x6B, 0x00, 0x2B, 0x10, 0x6B, 0x08, 0x2A,
    0x10, 0x6B, 0x00, 0x2B, 0x10, 0x6B, 0x00, 0x0C, 0x10, 0x6B, 0x08, 0x2A, 0x10, 0x6B, 0x08, 0x2A,
    0x10, 0x6B, 0x00, 0x2B, 0x10, 0x6B, 0x00, 0x2B, 0x10, 0x6B, 0x00, 0x2B, 0x10, 0x6B, 0x00, 0x2B,
    0x10, 0x6B, 0x00, 0x0D, 0x10, 0x6B, 0x00, 0x0D, 0x10, 0x6B, 0x00, 0x0B, 0x10, 0x6B, 0x00, 0x2B,
    0x10, 0x6B, 0x00, 0x0B, 0x10, 0x6B, 0x08, 0x2A, 0x10, 0x6B, 0x00, 0x0D, 0x10, 0x6B, 0x00, 0x0D,
    0x10, 0x6B, 0x00, 0x0D, 0x10, 0x6B, 0x18, 0xEF, 0x73, 0x74, 0x21, 0x2E, 0x29, 0x4E, 0x63, 0x51,
    0x29, 0x4D, 0x00, 0x0C, 0x10, 0x6B, 0x00, 0x0C, 0x10, 0x6B, 0x08, 0x2A, 0x10, 0x6B, 0x08, 0x2A,
    0x10, 0x6B, 0x08, 0x2A, 0x10, 0x6B, 0x00, 0x2B, 0x10, 0x6B, 0x08, 0x2A, 0x10, 0x6B, 0x00, 0x2B,
    0x10, 0x6B, 0x08, 0x2A, 0x10, 0x6B, 0x00, 0x2B, 0x10, 0x6B, 0x00, 0x0D, 0x10, 0x6B, 0x00, 0x0C,
    0x10, 0x6B, 0x00, 0x2B, 0x10, 0x6B, 0x00, 0x2B, 0x10, 0x6B, 0x08, 0x2A, 0x10, 0x6B, 0x00, 0x2B,
    0x10, 0x6B, 0x00, 0x0C, 0x10, 0x6B, 0x08, 0x2A, 0x10, 0x6B, 0x08, 0x2A, 0x10, 0x8B, 0x21, 0x0E,
    0x6B, 0x51, 0x21, 0x0D, 0x10, 0x6B, 0x00, 0x2B, 0x10, 0x6B, 0x00, 0x2B, 0x10, 0x6B, 0x00, 0x0D,
    0x10, 0x6B, 0x00, 0x0D, 0x10, 0x6B, 0x00, 0x0B, 0x10, 0x6B, 0x00, 0x2B, 0x10, 0x6B, 0x00, 0x0B,
    0x10, 0x6B, 0x08, 0x2A, 0x10, 0x6B, 0x00, 0x0D, 0x10, 0x6B, 0x00, 0x0D, 0x10, 0x6B, 0x00, 0x0D,
    0x10, 0x6B, 0x00, 0x0D, 0x10, 0x6B, 0x00, 0x0D, 0x10, 0x6B, 0x08, 0x2A, 0x10, 0x6B, 0x00, 0x0C,
    0x10, 0x6B, 0x00, 0x0C, 0x10, 0x6B, 0x08, 0x2A, 0x10, 0x6B, 0x08, 0x2A, 0x10, 0x6B, 0x08, 0x2A,
    0x10, 0x6B, 0x00, 0x2B, 0x10, 0x6B, 0x08, 0x2A, 0x10, 0x6B, 0x00, 0x2B, 0x10, 0x6B, 0x08, 0x2A,
    0x10, 0x6B, 0x00, 0x2B, 0x10, 0x6B, 0x00, 0x0D, 0x10, 0x6B, 0x00, 0x0C, 0x10, 0x6B, 0x00, 0x2B,
    0x10, 0x6B, 0x00, 0x2B, 0x10, 0x6B, 0x08, 0x2A, 0x10, 0x6B, 0x00, 0x2B, 0x10, 0x6B, 0x00, 0x0C,
    0x10, 0x6B, 0x08, 0x2A, 0x10, 0x6B, 0x08, 0x2A, 0x10, 0x6B, 0x00, 0x2B, 0x10, 0x6B, 0x00, 0x2B,
    0x10, 0x6B, 0x00, 0x2B, 0x10, 0x6B, 0x00, 0x2B, 0x10, 0x6B, 0x00, 0x0D, 0x10, 0x6B, 0x00, 0x0D,
    0x10, 0x6B, 0x00, 0x0B, 0x10, 0x6B, 0x00, 0x2B, 0x10, 0x6B, 0x00, 0x0B, 0x10, 0x6B, 0x08, 0x2A,
    0x10, 0x6B, 0x00, 0x0D, 0x10, 0x6B, 0x00, 0x0D, 0x10, 0x6B, 0x00, 0x0D, 0x10, 0x6B, 0x00, 0x0D,
    0x10, 0x6B, 0x00, 0x0D, 0x10, 0x6B, 0x08, 0x2A, 0x10, 0x6B, 0x00, 0x0C, 0x10, 0x6B, 0x00, 0x0C,
    0x10, 0x6B, 0x08, 0x2A, 0x10, 0x6B, 0x08, 0x2A, 0x10, 0x6B, 0x08, 0x2A, 0x10, 0x6B, 0x00, 0x2B,
    0x10, 0x6B, 0x08, 0x2A, 0x10, 0x6B, 0x00, 0x2B, 0x10, 0x6B, 0x08, 0x2A, 0x10, 0x6B, 0x00, 0x2B,
    0x10, 0x6B, 0x00, 0x0D, 0x10, 0x6B, 0x00, 0x0C, 0x10, 0x6B, 0x00, 0x2B, 0x10, 0x6B, 0x00, 0x2B,
    0x10, 0x6B, 0x08, 0x2A, 0x10, 0x6B, 0x00, 0x2B, 0x10, 0x6B, 0x00, 0x0C, 0x10, 0x6B, 0x08, 0x2A,
    0x10, 0x6B, 0x08, 0x2A, 0x10, 0x6B, 0x00, 0x2B, 0x10, 0x6B, 0x00, 0x2B, 0x10, 0x6B, 0x00, 0x2B,
    0x10, 0x6B, 0x00, 0x2B, 0x10, 0x6B, 0x00, 0x0D, 0x10, 0x6B, 0x00, 0x0D, 0x10, 0x6B, 0x00, 0x0B,
    0x10, 0x6B, 0x00, 0x2B, 0x10, 0x6B, 0x00, 0x0B, 0x10, 0x6B, 0x08, 0x2A, 0x10, 0x6B, 0x00, 0x0D,
    0x10, 0x6B, 0x00, 0x0D, 0x10, 0x6B, 0x00, 0x0D, 0x10, 0x6B, 0x00, 0x0D, 0x10, 0x6B, 0x00, 0x0D,
    0x10, 0x6B, 0x08, 0x2A, 0x10, 0x6B, 0x00, 0x0C, 0x10, 0x6B, 0x00, 0x0C, 0x10, 0x6B, 0x08, 0x2A,
    0x10, 0x6B, 0x08, 0x2A, 0x10, 0x6B, 0x08, 0x2A, 0x10, 0x6B, 0x00, 0x2B, 0x10, 0x6B, 0x08, 0x2A,
    0x10, 0x6B, 0x00, 0x2B, 0x10, 0x6B, 0x08, 0x2A, 0x10, 0x6B, 0x00, 0x2B, 0x10, 0x6B, 0x00, 0x0D,
    0x10, 0x6B, 0x00, 0x0C, 0x10, 0x6B, 0x00, 0x2B, 0x10, 0x6B, 0x00, 0x2B, 0x10, 0x6B, 0x08, 0x2A,
    0x10, 0x6B, 0x00, 0x2B, 0x10, 0x6B, 0x00, 0x0C, 0x10, 0x6B, 0x08, 0x2A, 0x10, 0x6B, 0x08, 0x2A,
    0x10, 0x6B, 0x00, 0x2B, 0x10, 0x6B, 0x00, 0x2B, 0x10, 0x6B, 0x00, 0x2B, 0x10, 0x6B, 0x00, 0x2B,
    0x10, 0x6C, 0x00, 0x0D, 0x10, 0x6C, 0x00, 0x0D, 0x10, 0x6A, 0x00, 0x0B, 0x00, 0x00, 0x00, 0x2B,
    0x00, 0x2B, 0x18, 0xB1, 0x00, 0x2B, 0x10, 0x6D, 0x08, 0x2A, 0x10, 0x6B, 0x00, 0x2B, 0x10, 0x6B,
    0x00, 0x0D, 0x10, 0x6B, 0x00, 0x0D, 0x10, 0x6B, 0x00, 0x0D, 0x10, 0x6B, 0x00, 0x0C, 0x10, 0x6B,
    0x08, 0x2A, 0x10, 0x6B, 0x00, 0x2B, 0x10, 0x6B, 0x00, 0x0C, 0x10, 0x6B, 0x00, 0x2B, 0x10, 0x6B,
    0x08, 0x2A, 0x10, 0x6B, 0x08, 0x2A, 0x10, 0x6B, 0x08, 0x2A, 0x10, 0x6B, 0x08, 0x2A, 0x10, 0x6B,
    0x08, 0x2A, 0x10, 0x6B, 0x00, 0x2B, 0x10, 0x6B, 0x00, 0x2B, 0x10, 0x6B, 0x00, 0x2B, 0x10, 0x6B,
    0x00, 0x0C, 0x10, 0x6B, 0x00, 0x0B, 0x10, 0x6B, 0x08, 0x2A, 0x10, 0x6B, 0x00, 0x0C, 0x10, 0x6B,
    0x00, 0x0D, 0x10, 0x6B, 0x00, 0x0E, 0x31, 0x8E, 0x9D, 0x19, 0x39, 0xCE, 0x29, 0x6F, 0x8C, 0x77,
    0x29, 0x2D, 0x10, 0x6B, 0x00, 0x0D, 0x10, 0x6B, 0x00, 0x0D, 0x10, 0x6B, 0x08, 0x2A, 0x10, 0x6B,
    0x00, 0x2B, 0x10, 0x6B, 0x00, 0x2B, 0x10, 0x6B, 0x08, 0x2A, 0x10, 0x6B, 0x00, 0x2B, 0x10, 0x6B,
    0x00, 0x2B, 0x10, 0x6B, 0x08, 0x2A, 0x10, 0x6B, 0x00, 0x2B, 0x10, 0x6B, 0x00, 0x0D, 0x10, 0x6B,
    0x00, 0x0D, 0x10, 0x6B, 0x00, 0x0D, 0x10, 0x6B, 0x00, 0x0C, 0x10, 0x6B, 0x08, 0x2A, 0x10, 0x6B,
    0x00, 0x2B, 0x10, 0x6B, 0x00, 0x0C, 0x10, 0x6B, 0x00, 0x2B, 0x10, 0x6B, 0x08, 0x4B, 0x31, 0x8F,
    0xAD, 0x5A, 0x31, 0x8E, 0x08, 0x2A, 0x10, 0x6B, 0x08, 0x2A, 0x10, 0x6B, 0x08, 0x2A, 0x10, 0x6B,
    0x00, 0x2B, 0x10, 0x6B, 0x00, 0x2B, 0x10, 0x6B, 0x00, 0x2B, 0x10, 0x6B, 0x00, 0x0C, 0x10, 0x6B,
    0x00, 0x0B, 0x10, 0x6B, 0x08, 0x2A, 0x10, 0x6B, 0x00, 0x0C, 0x10, 0x6B, 0x00, 0x0D, 0x10, 0x6B,
    0x00, 0x0E, 0x10, 0x6B, 0x00, 0x0F, 0x10, 0x6B, 0x00, 0x0C, 0x10, 0x6B, 0x08, 0x2A, 0x10, 0x6B,
    0x00, 0x0D, 0x10, 0x6B, 0x00, 0x0D, 0x10, 0x6B, 0x08, 0x2A, 0x10, 0x6B, 0x00, 0x2B, 0x10, 0x6B,
    0x00, 0x2B, 0x10, 0x6B, 0x08, 0x2A, 0x10, 0x6B, 0x00, 0x2B, 0x10, 0x6B, 0x00, 0x2B, 0x10, 0x6B,
    0x08, 0x2A, 0x10, 0x6B, 0x00, 0x2B, 0x10, 0x6B, 0x00, 0x0D, 0x10, 0x6B, 0x00, 0x0D, 0x10, 0x6B,
    0x00, 0x0D, 0x10, 0x6B, 0x00, 0x0C, 0x10, 0x6B, 0x08, 0x2A, 0x10, 0x6B, 0x00, 0x2B, 0x10, 0x6B,
    0x00, 0x0C, 0x10, 0x6B, 0x00, 0x2B, 0x10, 0x6B, 0x08, 0x2A, 0x10, 0x6B, 0x08, 0x2A, 0x10, 0x6B,
    0x08, 0x2A, 0x10, 0x6B, 0x08, 0x2A, 0x10, 0x6B, 0x08, 0x2A, 0x10, 0x6B, 0x00, 0x2B, 0x10, 0x6B,
    0x00, 0x2B, 0x10, 0x6B, 0x00, 0x2B, 0x10, 0x6B, 0x00, 0x0C, 0x10, 0x6B, 0x00, 0x0B, 0x10, 0x6B,
    0x08, 0x2A, 0x10, 0x6B, 0x00, 0x0C, 0x10, 0x6B, 0x00, 0x0D, 0x10, 0x6B, 0x00, 0x0E, 0x10, 0x6B,
    0x00, 0x0F, 0x10, 0x6B, 0x00, 0x0C, 0x10, 0x6B, 0x08, 0x2A, 0x10, 0x6B, 0x00, 0x0D, 0x10, 0x6B,
    0x00, 0x0D, 0x10, 0x6B, 0x08, 0x2A, 0x10, 0x6B, 0x00, 0x2B, 0x10, 0x6B, 0x00, 0x2B, 0x10, 0x6B,
    0x08, 0x2A, 0x10, 0x6B, 0x00, 0x2B, 0x10, 0x6B, 0x00, 0x2B, 0x10, 0x6B, 0x08, 0x2A, 0x10, 0x6B,
    0x00, 0x2B, 0x10, 0x6B, 0x00, 0x0D, 0x10, 0x6B, 0x00, 0x0D, 0x10, 0x6B, 0x00, 0x0D, 0x10, 0x6B,
    0x00, 0x0C, 0x10, 0x6B, 0x08, 0x2A, 0x10, 0x6B, 0x00, 0x2B, 0x10, 0x6B, 0x00, 0x0C, 0x10, 0x6B,
    0x00, 0x2B, 0x10, 0x6B, 0x08, 0x2A, 0x10, 0x6B, 0x08, 0x2A, 0x10, 0x6B, 0x08, 0x2A, 0x10, 0x6B,
    0x08, 0x2A, 0x10, 0x6B, 0x08, 0x2A, 0x10, 0x6B, 0x00, 0x2B, 0x10, 0x6B, 0x00, 0x2B, 0x10, 0x6B,
    0x00, 0x2B, 0x10, 0x6B, 0x00, 0x0C, 0x10, 0x6B, 0x00, 0x0B, 0x10, 0x6B, 0x08, 0x2A, 0x10, 0x6B,
    0x00, 0x0C, 0x10, 0x6B, 0x00, 0x0D, 0x10, 0x6B, 0x00, 0x0E, 0x10, 0x6B, 0x00, 0x0F, 0x10, 0x6B,
    0x00, 0x0C, 0x10, 0x6B, 0x08, 0x2A, 0x10, 0x6B, 0x00, 0x0D, 0x10, 0x6B, 0x00, 0x0D, 0x10, 0x6B,
    0x08, 0x2A, 0x10, 0x6B, 0x00, 0x2B, 0x10, 0x6B, 0x00, 0x2B, 0x10, 0x6B, 0x08, 0x2A, 0x10, 0x6B,
    0x00, 0x2B, 0x10, 0x6B, 0x00, 0x2B, 0x10, 0x6B, 0x08, 0x2A, 0x10, 0x6B, 0x00, 0x2B, 0x10, 0x6B,
    0x00, 0x0D, 0x10, 0x6B, 0x00, 0x0D, 0x10, 0x6B, 0x00, 0x0D, 0x10, 0x6B, 0x00, 0x0C, 0x10, 0x6B,
    0x08, 0x2A, 0x10, 0x6B, 0x00, 0x2B, 0x10, 0x6B, 0x00, 0x0C, 0x10, 0x6B, 0x00, 0x2B, 0x10, 0x6B,
    0x08, 0x2A, 0x10, 0x6B, 0x08, 0x2A, 0x10, 0x6B, 0x08, 0x2A, 0x10, 0x6B, 0x08, 0x2A, 0x10, 0x6B,
    0x08, 0x2A, 0x10, 0x6B, 0x00, 0x2B, 0x18, 0xB0, 0x00, 0x2B, 0x00, 0x00, 0x00, 0x2B, 0x00, 0x00,
    0x20, 0xD8, 0x00, 0x2B, 0x10, 0x90, 0x00, 0x0C, 0x00, 0x00, 0x08, 0x2A, 0x10, 0x6B, 0x08, 0x2A,
    0x10, 0x6B, 0x00, 0x0C, 0x08, 0x4B, 0x00, 0x0D, 0x08, 0x4B, 0x00, 0x0F, 0x08, 0x4B, 0x00, 0x0C,
    0x08, 0x4B, 0x08, 0x2A, 0x08, 0x4B, 0x00, 0x2B, 0x08, 0x4B, 0x00, 0x0C, 0x08, 0x4B, 0x00, 0x0C,
    0x08, 0x4B, 0x00, 0x0C, 0x08, 0x4B, 0x08, 0x2A, 0x08, 0x4B, 0x08, 0x2A, 0x08, 0x4B, 0x08, 0x2A,
    0x08, 0x4B, 0x08, 0x2A, 0x08, 0x4B, 0x08, 0x2A, 0x08, 0x4B, 0x08, 0x2A, 0x08, 0x4B, 0x08, 0x2A,
    0x08, 0x4B, 0x00, 0x0D, 0x08, 0x4B, 0x00, 0x0C, 0x08, 0x4B, 0x08, 0x2A, 0x08, 0x4B, 0x00, 0x2A,
    0x10, 0x6B, 0x08, 0x2C, 0x10, 0x6B, 0x29, 0x70, 0x9C, 0xF8, 0x31, 0x90, 0x20, 0xEC, 0x18, 0xCC,
    0x10, 0x6B, 0x00, 0x2B, 0x08, 0x4B, 0x08, 0x2F, 0x10, 0x8B, 0x08, 0x2C, 0x10, 0x6B, 0x00, 0x0B,
    0x08, 0x4B, 0x00, 0x0C, 0x10, 0x6B, 0x08, 0x4B, 0x10, 0x6B, 0x08, 0x2B, 0x10, 0x8B, 0x08, 0x2B,
    0x08, 0x4B, 0x08, 0x2C, 0x10, 0x8B, 0x08, 0x2A, 0x10, 0x6B, 0x08, 0x2A, 0x08, 0x4B, 0x00, 0x0C,
    0x10, 0x8B, 0x08, 0x4D, 0x10, 0x6B, 0x00, 0x2F, 0x10, 0x6B, 0x00, 0x0C, 0x08, 0x4B, 0x08, 0x2A,
    0x08, 0x4B, 0x08, 0x4B, 0x10, 0x8B, 0x08, 0x2C, 0x10, 0x6B, 0x00, 0x0C, 0x10, 0x6B, 0x5A, 0xF1,
    0xB5, 0xD9, 0x31, 0x6E, 0x08, 0x4B, 0x08, 0x2A, 0x08, 0x4B, 0x08, 0x2A, 0x08, 0x4B, 0x08, 0x2A,
    0x08, 0x4B, 0x08, 0x2A, 0x08, 0x4B, 0x08, 0x2A, 0x08, 0x4B, 0x08, 0x2A, 0x08, 0x4B, 0x00, 0x0D,
    0x08, 0x4B, 0x00, 0x0C, 0x08, 0x4B, 0x08, 0x2A, 0x08, 0x4B, 0x00, 0x2A, 0x08, 0x4B, 0x00, 0x0C,
    0x08, 0x4B, 0x00, 0x0D, 0x08, 0x4B, 0x00, 0x0E, 0x08, 0x4B, 0x00, 0x0B, 0x08, 0x4B, 0x00, 0x2B,
    0x08, 0x4B, 0x00, 0x0F, 0x08, 0x4B, 0x00, 0x0C, 0x08, 0x4B, 0x00, 0x0B, 0x08, 0x4B, 0x00, 0x0C,
    0x08, 0x4B, 0x00, 0x2B, 0x08, 0x4B, 0x00, 0x2B, 0x08, 0x4B, 0x00, 0x2B, 0x08, 0x4B, 0x00, 0x0C,
    0x08, 0x4B, 0x08, 0x2A, 0x08, 0x4B, 0x08, 0x2A, 0x08, 0x4B, 0x00, 0x0C, 0x08, 0x4B, 0x00, 0x0D,
    0x08, 0x4B, 0x00, 0x0F, 0x08, 0x4B, 0x00, 0x0C, 0x08, 0x4B, 0x08, 0x2A, 0x08, 0x4B, 0x00, 0x2B,
    0x08, 0x4B, 0x00, 0x0C, 0x08, 0x4B, 0x00, 0x0C, 0x08, 0x4B, 0x00, 0x0C, 0x08, 0x4B, 0x08, 0x2A,
    0x08, 0x4B, 0x08, 0x2A, 0x08, 0x4B, 0x08, 0x2A, 0x08, 0x4B, 0x08, 0x2A, 0x08, 0x4B, 0x08, 0x2A,
    0x08, 0x4B, 0x08, 0x2A, 0x08, 0x4B, 0x08, 0x2A, 0x08, 0x4B, 0x00, 0x0D, 0x08, 0x4B, 0x00, 0x0C,
    0x08, 0x4B, 0x08, 0x2A, 0x08, 0x4B, 0x00, 0x2A, 0x08, 0x4B, 0x00, 0x0C, 0x08, 0x4B, 0x00, 0x0D,
    0x08, 0x4B, 0x00, 0x0E, 0x08, 0x4B, 0x00, 0x0B, 0x08, 0x4B, 0x00, 0x2B, 0x08, 0x4B, 0x00, 0x0F,
    0x08, 0x4B, 0x00, 0x0C, 0x08, 0x4B, 0x00, 0x0B, 0x08, 0x4B, 0x00, 0x0C, 0x08, 0x4B, 0x00, 0x2B,
    0x08, 0x4B, 0x00, 0x2B, 0x08, 0x4B, 0x00, 0x2B, 0x08, 0x4B, 0x00, 0x0C, 0x08, 0x4B, 0x08, 0x2A,
    0x08, 0x4B, 0x08, 0x2A, 0x08, 0x4B, 0x00, 0x0C, 0x08, 0x4B, 0x00, 0x0D, 0x08, 0x4B, 0x00, 0x0F,
    0x08, 0x4B, 0x00, 0x0C, 0x08, 0x4B, 0x08, 0x2A, 0x08, 0x4B, 0x00, 0x2B, 0x08, 0x4B, 0x00, 0x0C,
    0x08, 0x4B, 0x00, 0x0C, 0x08, 0x4B, 0x00, 0x0C, 0x08, 0x4B, 0x08, 0x2A, 0x08, 0x4B, 0x08, 0x2A,
    0x08, 0x4B, 0x08, 0x2A, 0x08, 0x4B, 0x08, 0x2A, 0x08, 0x4B, 0x08, 0x2A, 0x08, 0x4B, 0x08, 0x2A,
    0x08, 0x4B, 0x08, 0x2A, 0x08, 0x4B, 0x00, 0x0D, 0x08, 0x4B, 0x00, 0x0C, 0x08, 0x4B, 0x08, 0x2A,
    0x08, 0x4B, 0x00, 0x2A, 0x08, 0x4B, 0x00, 0x0C, 0x08, 0x4B, 0x00, 0x0D, 0x08, 0x4B, 0x00, 0x0E,
    0x08, 0x4B, 0x00, 0x0B, 0x08, 0x4B, 0x00, 0x2B, 0x08, 0x4B, 0x00, 0x0F, 0x08, 0x4B, 0x00, 0x0C,
    0x08, 0x4B, 0x00, 0x0B, 0x08, 0x4B, 0x00, 0x0C, 0x08, 0x4B, 0x00, 0x2B, 0x08, 0x4B, 0x00, 0x2B,
    0x08, 0x4B, 0x00, 0x2B, 0x08, 0x4B, 0x00, 0x0C, 0x08, 0x4B, 0x08, 0x2A, 0x08, 0x4B, 0x08, 0x2A,
    0x08, 0x4B, 0x00, 0x0C, 0x08, 0x4B, 0x00, 0x0D, 0x08, 0x4B, 0x00, 0x0F, 0x08, 0x4B, 0x00, 0x0C,
    0x08, 0x4B, 0x08, 0x2A, 0x08, 0x4B, 0x00, 0x2B, 0x08, 0x4B, 0x00, 0x0C, 0x08, 0x4B, 0x00, 0x0C,
    0x08, 0x4B, 0x00, 0x0C, 0x08, 0x4B, 0x08, 0x2A, 0x08, 0x4B, 0x08, 0x2A, 0x08, 0x4B, 0x08, 0x2A,
    0x10, 0x6B, 0x08, 0x2A, 0x10, 0x6B, 0x08, 0x2A, 0x08, 0x49, 0x08, 0x2A, 0x00, 0x00, 0x08, 0x2A,
    0x00, 0x0C, 0x18, 0x91, 0x00, 0x0C, 0x10, 0x6C, 0x00, 0x0C, 0x10, 0x6B, 0x00, 0x2B, 0x10, 0x6B,
    0x00, 0x0C, 0x10, 0x6B, 0x00, 0x0C, 0x08, 0x4B, 0x00, 0x0D, 0x08, 0x4B, 0x00, 0x0E, 0x08, 0x4B,
    0x00, 0x2B, 0x08, 0x4B, 0x08, 0x2A, 0x08, 0x4B, 0x00, 0x0B, 0x08, 0x4B, 0x00, 0x0D, 0x08, 0x4B,
    0x00, 0x0C, 0x08, 0x4B, 0x00, 0x0C, 0x08, 0x4B, 0x00, 0x0C, 0x08, 0x4B, 0x00, 0x0C, 0x08, 0x4B,
    0x00, 0x2B, 0x08, 0x4B, 0x08, 0x2A, 0x08, 0x4B, 0x08, 0x2A, 0x08, 0x4B, 0x00, 0x2B, 0x08, 0x4B,
    0x00, 0x2B, 0x08, 0x4B, 0x00, 0x0E, 0x08, 0x4B, 0x00, 0x0D, 0x08, 0x4B, 0x00, 0x2B, 0x18, 0xCB,
    0x52, 0x90, 0x7B, 0xF3, 0x7B, 0xF4, 0x6B, 0x52, 0xA5, 0x59, 0x31, 0xAE, 0x52, 0x90, 0x7B, 0xD3,
    0x21, 0x2D, 0x08, 0x4B, 0x10, 0x8C, 0x31, 0xAE, 0x6B, 0x74, 0x5A, 0xF4, 0x52, 0xB4, 0x18, 0xCC,
    0x00, 0x0D, 0x18, 0xAB, 0x31, 0x8E, 0x6B, 0x93, 0x4A, 0x73, 0x52, 0x92, 0x73, 0x95, 0x41, 0xEF,
    0x08, 0x4C, 0x29, 0x4D, 0x6B, 0x73, 0x5A, 0xF4, 0x52, 0xB3, 0x18, 0xCC, 0x00, 0x0C, 0x10, 0x6B,
    0x29, 0x4D, 0x31, 0xAE, 0x39, 0xF0, 0x52, 0xB3, 0x73, 0x77, 0x39, 0xAF, 0x08, 0x2B, 0x08, 0x4B,
    0x10, 0x8A, 0x31, 0xAE, 0x6B, 0x73, 0x5A, 0xF4, 0x52, 0xB4, 0x18, 0xCC, 0x08, 0x4C, 0x6B, 0x71,
    0xB5, 0x98, 0x39, 0xCE, 0x00, 0x0C, 0x08, 0x4B, 0x00, 0x0C, 0x08, 0x4B, 0x00, 0x2B, 0x08, 0x4B,
    0x08, 0x2A, 0x08, 0x4B, 0x08, 0x2A, 0x08, 0x4B, 0x00, 0x2B, 0x08, 0x4B, 0x00, 0x2B, 0x08, 0x4B,
    0x00, 0x0E, 0x08, 0x4B, 0x00, 0x0D, 0x08, 0x4B, 0x00, 0x2B, 0x08, 0x4B, 0x08, 0x2A, 0x08, 0x4B,
    0x08, 0x2A, 0x08, 0x4B, 0x00, 0x0B, 0x08, 0x4B, 0x00, 0x0D, 0x08, 0x4B, 0x00, 0x2B, 0x08, 0x4B,
    0x00, 0x0C, 0x08, 0x4B, 0x00, 0x0F, 0x08, 0x4B, 0x00, 0x0C, 0x08, 0x4B, 0x00, 0x0D, 0x08, 0x4B,
    0x00, 0x0C, 0x08, 0x4B, 0x00, 0x0B, 0x08, 0x4B, 0x00, 0x0C, 0x08, 0x4B, 0x00, 0x0C, 0x08, 0x4B,
    0x00, 0x0C, 0x08, 0x4B, 0x00, 0x2B, 0x08, 0x4B, 0x00, 0x0C, 0x08, 0x4B, 0x00, 0x0C, 0x08, 0x4B,
    0x00, 0x0D, 0x08, 0x4B, 0x00, 0x0E, 0x08, 0x4B, 0x00, 0x2B, 0x08, 0x4B, 0x08, 0x2A, 0x08, 0x4B,
    0x00, 0x0B, 0x08, 0x4B, 0x00, 0x0D, 0x08, 0x4B, 0x00, 0x0C, 0x08, 0x4B, 0x00, 0x0C, 0x08, 0x4B,
    0x00, 0x0C, 0x08, 0x4B, 0x00, 0x0C, 0x08, 0x4B, 0x00, 0x2B, 0x08, 0x4B, 0x08, 0x2A, 0x08, 0x4B,
    0x08, 0x2A, 0x08, 0x4B, 0x00, 0x2B, 0x08, 0x4B, 0x00, 0x2B, 0x08, 0x4B, 0x00, 0x0E, 0x08, 0x4B,
    0x00, 0x0D, 0x08, 0x4B, 0x00, 0x2B, 0x08, 0x4B, 0x08, 0x2A, 0x08, 0x4B, 0x08, 0x2A, 0x08, 0x4B,
    0x00, 0x0B, 0x08, 0x4B, 0x00, 0x0D, 0x08, 0x4B, 0x00, 0x2B, 0x08, 0x4B, 0x00, 0x0C, 0x08, 0x4B,
    0x00, 0x0F, 0x08, 0x4B, 0x00, 0x0C, 0x08, 0x4B, 0x00, 0x0D, 0x08, 0x4B, 0x00, 0x0C, 0x08, 0x4B,
    0x00, 0x0B, 0x08, 0x4B, 0x00, 0x0C, 0x08, 0x4B, 0x00, 0x0C, 0x08, 0x4B, 0x00, 0x0C, 0x08, 0x4B,
    0x00, 0x2B, 0x08, 0x4B, 0x00, 0x0C, 0x08, 0x4B, 0x00, 0x0C, 0x08, 0x4B, 0x00, 0x0D, 0x08, 0x4B,
    0x00, 0x0E, 0x08, 0x4B, 0x00, 0x2B, 0x08, 0x4B, 0x08, 0x2A, 0x08, 0x4B, 0x00, 0x0B, 0x08, 0x4B,
    0x00, 0x0D, 0x08, 0x4B, 0x00, 0x0C, 0x08, 0x4B, 0x00, 0x0C, 0x08, 0x4B, 0x00, 0x0C, 0x08, 0x4B,
    0x00, 0x0C, 0x08, 0x4B, 0x00, 0x2B, 0x08, 0x4B, 0x08, 0x2A, 0x08, 0x4B, 0x08, 0x2A, 0x08, 0x4B,
    0x00, 0x2B, 0x08, 0x4B, 0x00, 0x2B, 0x08, 0x4B, 0x00, 0x0E, 0x08, 0x4B, 0x00, 0x0D, 0x08, 0x4B,
    0x00, 0x2B, 0x08, 0x4B, 0x08, 0x2A, 0x08, 0x4B, 0x08, 0x2A, 0x08, 0x4B, 0x00, 0x0B, 0x08, 0x4B,
    0x00, 0x0D, 0x08, 0x4B, 0x00, 0x2B, 0x08, 0x4B, 0x00, 0x0C, 0x08, 0x4B, 0x00, 0x0F, 0x08, 0x4B,
    0x00, 0x0C, 0x08, 0x4B, 0x00, 0x0D, 0x08, 0x4B, 0x00, 0x0C, 0x08, 0x4B, 0x00, 0x0B, 0x08, 0x4B,
    0x00, 0x0C, 0x08, 0x4B, 0x00, 0x0C, 0x08, 0x4B, 0x00, 0x0C, 0x08, 0x4B, 0x00, 0x2B, 0x08, 0x4B,
    0x00, 0x0C, 0x08, 0x4B, 0x00, 0x0C, 0x08, 0x4B, 0x00, 0x0D, 0x08, 0x4B, 0x00, 0x0E, 0x08, 0x4B,
    0x00, 0x2B, 0x08, 0x4B, 0x08, 0x2A, 0x08, 0x4B, 0x00, 0x0B, 0x08, 0x4B, 0x00, 0x0D, 0x08, 0x4B,
    0x00, 0x0C, 0x08, 0x4B, 0x00, 0x0C, 0x08, 0x4B, 0x00, 0x0C, 0x08, 0x4B, 0x00, 0x0C, 0x10, 0x6B,
    0x00, 0x2B, 0x10, 0x6B, 0x08, 0x2A, 0x10, 0x90, 0x08, 0x2A, 0x00, 0x00, 0x00, 0x2B, 0x00, 0x00,
    0x20, 0xB8, 0x00, 0x0C, 0x10, 0x6F, 0x00, 0x0D, 0x00, 0x00, 0x00, 0x0D, 0x08, 0x4B, 0x00, 0x0C,
    0x08, 0x4B, 0x00, 0x2B, 0x08, 0x4A, 0x00, 0x0B, 0x08, 0x4A, 0x00, 0x0E, 0x08, 0x4A, 0x00, 0x0D,
    0x08, 0x4A, 0x00, 0x2B, 0x08, 0x4A, 0x00, 0x2A, 0x08, 0x4A, 0x00, 0x2B, 0x08, 0x4A, 0x00, 0x2B,
    0x08, 0x4A, 0x00, 0x2B, 0x08, 0x4A, 0x00, 0x0C, 0x08, 0x4A, 0x00, 0x0C, 0x08, 0x4A, 0x00, 0x0D,
    0x08, 0x4A, 0x00, 0x2B, 0x08, 0x4A, 0x08, 0x2A, 0x08, 0x4A, 0x00, 0x0C, 0x08, 0x4A, 0x00, 0x2B,
    0x08, 0x4A, 0x00, 0x0D, 0x08, 0x4A, 0x00, 0x0F, 0x08, 0x4A, 0x00, 0x0E, 0x10, 0x6B, 0x5A, 0xF1,
    0x9C, 0xF7, 0x84, 0x15, 0x6B, 0x73, 0xAD, 0x59, 0xBD, 0xFC, 0x31, 0xAE, 0x73, 0xB3, 0xB5, 0x98,
    0x39, 0xCE, 0x08, 0x4A, 0x29, 0x6E, 0x31, 0x91, 0x73, 0x75, 0x73, 0x97, 0xB5, 0x9B, 0x63, 0x33,
    0x10, 0x6B, 0x29, 0x4F, 0x31, 0xB1, 0x5A, 0xD3, 0x8C, 0x78, 0xA5, 0x1A, 0x52, 0xB1, 0x29, 0x4E,
    0x29, 0x4D, 0x31, 0xB2, 0x73, 0xB5, 0x63, 0x15, 0xA5, 0x3A, 0x6B, 0x54, 0x10, 0x6B, 0x10, 0x6B,
    0x39, 0xD0, 0x31, 0xB2, 0x7B, 0xF6, 0x4A, 0x53, 0x8C, 0x77, 0x8C, 0x57, 0x18, 0xCC, 0x08, 0x4B,
    0x29, 0x6E, 0x31, 0x91, 0x73, 0x75, 0x73, 0x95, 0xB5, 0x9B, 0x63, 0x33, 0x10, 0x8B, 0x73, 0xB3,
    0xB5, 0xB8, 0x31, 0xAF, 0x08, 0x4A, 0x00, 0x0C, 0x08, 0x4A, 0x00, 0x0D, 0x08, 0x4A, 0x00, 0x2B,
    0x08, 0x4A, 0x08, 0x2A, 0x08, 0x4A, 0x00, 0x0C, 0x08, 0x4A, 0x00, 0x2B, 0x08, 0x4A, 0x00, 0x0D,
    0x08, 0x4A, 0x00, 0x0F, 0x08, 0x4A, 0x00, 0x0E, 0x08, 0x4A, 0x00, 0x0C, 0x08, 0x4A, 0x08, 0x2A,
    0x08, 0x4A, 0x08, 0x2A, 0x08, 0x4A, 0x00, 0x2B, 0x08, 0x4A, 0x00, 0x2B, 0x08, 0x4A, 0x08, 0x2A,
    0x08, 0x4A, 0x00, 0x0C, 0x08, 0x4A, 0x00, 0x0E, 0x08, 0x4A, 0x00, 0x0B, 0x08, 0x4A, 0x00, 0x0C,
    0x08, 0x4A, 0x00, 0x0C, 0x08, 0x4A, 0x00, 0x0C, 0x08, 0x4A, 0x00, 0x0C, 0x08, 0x4A, 0x00, 0x0D,
    0x08, 0x4A, 0x00, 0x0D, 0x08, 0x4A, 0x00, 0x0C, 0x08, 0x4A, 0x00, 0x2B, 0x08, 0x4A, 0x00, 0x0B,
    0x08, 0x4A, 0x00, 0x0E, 0x08, 0x4A, 0x00, 0x0D, 0x08, 0x4A, 0x00, 0x2B, 0x08, 0x4A, 0x00, 0x2A,
    0x08, 0x4A, 0x00, 0x2B, 0x08, 0x4A, 0x00, 0x2B, 0x08, 0x4A, 0x00, 0x2B, 0x08, 0x4A, 0x00, 0x0C,
    0x08, 0x4A, 0x00, 0x0C, 0x08, 0x4A, 0x00, 0x0D, 0x08, 0x4A, 0x00, 0x2B, 0x08, 0x4A, 0x08, 0x2A,
    0x08, 0x4A, 0x00, 0x0C, 0x08, 0x4A, 0x00, 0x2B, 0x08, 0x4A, 0x00, 0x0D, 0x08, 0x4A, 0x00, 0x0F,
    0x08, 0x4A, 0x00, 0x0E, 0x08, 0x4A, 0x00, 0x0C, 0x08, 0x4A, 0x08, 0x2A, 0x08, 0x4A, 0x08, 0x2A,
    0x08, 0x4A, 0x00, 0x2B, 0x08, 0x4A, 0x00, 0x2B, 0x08, 0x4A, 0x08, 0x2A, 0x08, 0x4A, 0x00, 0x0C,
    0x08, 0x4A, 0x00, 0x0E, 0x08, 0x4A, 0x00, 0x0B, 0x08, 0x4A, 0x00, 0x0C, 0x08, 0x4A, 0x00, 0x0C,
    0x08, 0x4A, 0x00, 0x0C, 0x08, 0x4A, 0x00, 0x0C, 0x08, 0x4A, 0x00, 0x0D, 0x08, 0x4A, 0x00, 0x0D,
    0x08, 0x4A, 0x00, 0x0C, 0x08, 0x4A, 0x00, 0x2B, 0x08, 0x4A, 0x00, 0x0B, 0x08, 0x4A, 0x00, 0x0E,
    0x08, 0x4A, 0x00, 0x0D, 0x08, 0x4A, 0x00, 0x2B, 0x08, 0x4A, 0x00, 0x2A, 0x08, 0x4A, 0x00, 0x2B,
    0x08, 0x4A, 0x00, 0x2B, 0x08, 0x4A, 0x00, 0x2B, 0x08, 0x4A, 0x00, 0x0C, 0x08, 0x4A, 0x00, 0x0C,
    0x08, 0x4A, 0x00, 0x0D, 0x08, 0x4A, 0x00, 0x2B, 0x08, 0x4A, 0x08, 0x2A, 0x08, 0x4A, 0x00, 0x0C,
    0x08, 0x4A, 0x00, 0x2B, 0x08, 0x4A, 0x00, 0x0D, 0x08, 0x4A, 0x00, 0x0F, 0x08, 0x4A, 0x00, 0x0E,
    0x08, 0x4A, 0x00, 0x0C, 0x08, 0x4A, 0x08, 0x2A, 0x08, 0x4A, 0x08, 0x2A, 0x08, 0x4A, 0x00, 0x2B,
    0x08, 0x4A, 0x00, 0x2B, 0x08, 0x4A, 0x08, 0x2A, 0x08, 0x4A, 0x00, 0x0C, 0x08, 0x4A, 0x00, 0x0E,
    0x08, 0x4A, 0x00, 0x0B, 0x08, 0x4A, 0x00, 0x0C, 0x08, 0x4A, 0x00, 0x0C, 0x08, 0x4A, 0x00, 0x0C,
    0x08, 0x4A, 0x00, 0x0C, 0x08, 0x4A, 0x00, 0x0D, 0x08, 0x4A, 0x00, 0x0D, 0x08, 0x4A, 0x00, 0x0C,
    0x08, 0x4A, 0x00, 0x2B, 0x08, 0x4A, 0x00, 0x0B, 0x08, 0x4A, 0x00, 0x0E, 0x08, 0x4A, 0x00, 0x0D,
    0x08, 0x4A, 0x00, 0x2B, 0x08, 0x4A, 0x00, 0x2A, 0x08, 0x4A, 0x00, 0x2B, 0x08, 0x4A, 0x00, 0x2B,
    0x08, 0x4A, 0x00, 0x2B, 0x08, 0x4A, 0x00, 0x0C, 0x08, 0x4A, 0x00, 0x0C, 0x08, 0x4A, 0x00, 0x0D,
    0x08, 0x4B, 0x00, 0x2B, 0x08, 0x4B, 0x08, 0x2A, 0x08, 0x49, 0x00, 0x0C, 0x00, 0x00, 0x00, 0x2B,
    0x00, 0x0C, 0x10, 0x70, 0x00, 0x0C, 0x08, 0x4C, 0x00, 0x0C, 0x08, 0x4B, 0x00, 0x0C, 0x08, 0x4B,
    0x00, 0x2B, 0x08, 0x4B, 0x08, 0x2A, 0x08, 0x4A, 0x00, 0x2B, 0x08, 0x4A, 0x00, 0x0D, 0x08, 0x4A,
    0x00, 0x0C, 0x08, 0x4A, 0x00, 0x2B, 0x08, 0x4A, 0x00, 0x2B, 0x08, 0x4A, 0x08, 0x2A, 0x08, 0x4A,
    0x08, 0x2A, 0x08, 0x4A, 0x08, 0x2A, 0x08, 0x4A, 0x00, 0x0C, 0x08, 0x4A, 0x00, 0x0C, 0x08, 0x4A,
    0x00, 0x0D, 0x08, 0x4A, 0x00, 0x2B, 0x08, 0x4A, 0x00, 0x2B, 0x08, 0x4A, 0x00, 0x0C, 0x08, 0x4A,
    0x00, 0x2B, 0x08, 0x4A, 0x00, 0x0C, 0x08, 0x4A, 0x00, 0x0D, 0x08, 0x4A, 0x18, 0xEF, 0x8C, 0x55,
    0x7B, 0xD5, 0x10, 0x6B, 0x08, 0x6B, 0x6B, 0x52, 0xB5, 0xDA, 0x39, 0xCE, 0x73, 0xD3, 0xB5, 0xB8,
    0x31, 0x6E, 0x10, 0x6A, 0x21, 0x2C, 0x31, 0x6D, 0x41, 0xF1, 0x6B, 0x53, 0xB5, 0x9B, 0x7B, 0xD4,
    0x10, 0x6B, 0x4A, 0x70, 0x6B, 0x54, 0x18, 0xAB, 0x52, 0x92, 0xB5, 0x9B, 0x31, 0x8F, 0x18, 0xCB,
    0x5A, 0xD2, 0x63, 0x13, 0x10, 0x6C, 0x08, 0x4A, 0x63, 0x14, 0xA5, 0x18, 0x31, 0xAE, 0x18, 0xCB,
    0x5A, 0xD2, 0x73, 0xB5, 0x20, 0xED, 0x08, 0x4A, 0x52, 0xB3, 0xA5, 0x38, 0x31, 0x6F, 0x10, 0x6A,
    0x21, 0x2D, 0x31, 0x6D, 0x42, 0x0F, 0x6B, 0x53, 0xB5, 0x9B, 0x7B, 0xD4, 0x10, 0x6A, 0x7B, 0xD3,
    0xB5, 0xB8, 0x31, 0x8E, 0x00, 0x0C, 0x08, 0x4A, 0x00, 0x0C, 0x08, 0x4A, 0x00, 0x0D, 0x08, 0x4A,
    0x00, 0x2B, 0x08, 0x4A, 0x00, 0x2B, 0x08, 0x4A, 0x00, 0x0C, 0x08, 0x4A, 0x00, 0x2B, 0x08, 0x4A,
    0x00, 0x0C, 0x08, 0x4A, 0x00, 0x0D, 0x08, 0x4A, 0x00, 0x0F, 0x08, 0x4A, 0x00, 0x0C, 0x08, 0x4A,
    0x00, 0x2B, 0x08, 0x4A, 0x00, 0x2B, 0x08, 0x4A, 0x00, 0x2B, 0x08, 0x4A, 0x08, 0x2A, 0x08, 0x4A,
    0x08, 0x2A, 0x08, 0x4A, 0x00, 0x0D, 0x08, 0x4A, 0x00, 0x0C, 0x08, 0x4A, 0x08, 0x2A, 0x08, 0x4A,
    0x00, 0x2B, 0x08, 0x4A, 0x00, 0x0C, 0x08, 0x4A, 0x00, 0x0C, 0x08, 0x4A, 0x00, 0x0C, 0x08, 0x4A,
    0x00, 0x0C, 0x08, 0x4A, 0x00, 0x0C, 0x08, 0x4A, 0x00, 0x2B, 0x08, 0x4A, 0x08, 0x2A, 0x08, 0x4A,
    0x00, 0x2B, 0x08, 0x4A, 0x00, 0x0D, 0x08, 0x4A, 0x00, 0x0C, 0x08, 0x4A, 0x00, 0x2B, 0x08, 0x4A,
    0x00, 0x2B, 0x08, 0x4A, 0x08, 0x2A, 0x08, 0x4A, 0x08, 0x2A, 0x08, 0x4A, 0x08, 0x2A, 0x08, 0x4A,
    0x00, 0x0C, 0x08, 0x4A, 0x00, 0x0C, 0x08, 0x4A, 0x00, 0x0D, 0x08, 0x4A, 0x00, 0x2B, 0x08, 0x4A,
    0x00, 0x2B, 0x08, 0x4A, 0x00, 0x0C, 0x08, 0x4A, 0x00, 0x2B, 0x08, 0x4A, 0x00, 0x0C, 0x08, 0x4A,
    0x00, 0x0D, 0x08, 0x4A, 0x00, 0x0F, 0x08, 0x4A, 0x00, 0x0C, 0x08, 0x4A, 0x00, 0x2B, 0x08, 0x4A,
    0x00, 0x2B, 0x08, 0x4A, 0x00, 0x2B, 0x08, 0x4A, 0x08, 0x2A, 0x08, 0x4A, 0x08, 0x2A, 0x08, 0x4A,
    0x00, 0x0D, 0x08, 0x4A, 0x00, 0x0C, 0x08, 0x4A, 0x08, 0x2A, 0x08, 0x4A, 0x00, 0x2B, 0x08, 0x4A,
    0x00, 0x0C, 0x08, 0x4A, 0x00, 0x0C, 0x08, 0x4A, 0x00, 0x0C, 0x08, 0x4A, 0x00, 0x0C, 0x08, 0x4A,
    0x00, 0x0C, 0x08, 0x4A, 0x00, 0x2B, 0x08, 0x4A, 0x08, 0x2A, 0x08, 0x4A, 0x00, 0x2B, 0x08, 0x4A,
    0x00, 0x0D, 0x08, 0x4A, 0x00, 0x0C, 0x08, 0x4A, 0x00, 0x2B, 0x08, 0x4A, 0x00, 0x2B, 0x08, 0x4A,
    0x08, 0x2A, 0x08, 0x4A, 0x08, 0x2A, 0x08, 0x4A, 0x08, 0x2A, 0x08, 0x4A, 0x00, 0x0C, 0x08, 0x4A,
    0x00, 0x0C, 0x08, 0x4A, 0x00, 0x0D, 0x08, 0x4A, 0x00, 0x2B, 0x08, 0x4A, 0x00, 0x2B, 0x08, 0x4A,
    0x00, 0x0C, 0x08, 0x4A, 0x00, 0x2B, 0x08, 0x4A, 0x00, 0x0C, 0x08, 0x4A, 0x00, 0x0D, 0x08, 0x4A,
    0x00, 0x0F, 0x08, 0x4A, 0x00, 0x0C, 0x08, 0x4A, 0x00, 0x2B, 0x08, 0x4A, 0x00, 0x2B, 0x08, 0x4A,
    0x00, 0x2B, 0x08, 0x4A, 0x08, 0x2A, 0x08, 0x4A, 0x08, 0x2A, 0x08, 0x4A, 0x00, 0x0D, 0x08, 0x4A,
    0x00, 0x0C, 0x08, 0x4A, 0x08, 0x2A, 0x08, 0x4A, 0x00, 0x2B, 0x08, 0x4A, 0x00, 0x0C, 0x08, 0x4A,
    0x00, 0x0C, 0x08, 0x4A, 0x00, 0x0C, 0x08, 0x4A, 0x00, 0x0C, 0x08, 0x4A, 0x00, 0x0C, 0x08, 0x4A,
    0x00, 0x2B, 0x08, 0x4A, 0x08, 0x2A, 0x08, 0x4A, 0x00, 0x2B, 0x08, 0x4A, 0x00, 0x0D, 0x08, 0x4A,
    0x00, 0x0C, 0x08, 0x4A, 0x00, 0x2B, 0x08, 0x4A, 0x00, 0x2B, 0x08, 0x4A, 0x08, 0x2A, 0x08, 0x4A,
    0x08, 0x2A, 0x08, 0x4A, 0x08, 0x2A, 0x08, 0x4A, 0x00, 0x0C, 0x08, 0x4A, 0x00, 0x0C, 0x08, 0x4B,
    0x00, 0x0D, 0x08, 0x4B, 0x00, 0x2B, 0x10, 0x6F, 0x00, 0x2B, 0x00, 0x00, 0x00, 0x0C, 0x00, 0x00,
    0x18, 0x97, 0x00, 0x2B, 0x10, 0x6F, 0x08, 0x2A, 0x00, 0x00, 0x00, 0x2A, 0x08, 0x4A, 0x00, 0x2B,
    0x08, 0x4A, 0x08, 0x2A, 0x08, 0x2A, 0x08, 0x2A, 0x08, 0x2A, 0x00, 0x2B, 0x08, 0x2A, 0x00, 0x0C,
    0x08, 0x2A, 0x00, 0x2B, 0x08, 0x2A, 0x00, 0x0C, 0x08, 0x2A, 0x00, 0x2B, 0x08, 0x2A, 0x08, 0x2A,
    0x08, 0x2A, 0x08, 0x2A, 0x08, 0x2A, 0x08, 0x2A, 0x08, 0x2A, 0x08, 0x2A, 0x08, 0x2A, 0x00, 0x0C,
    0x08, 0x2A, 0x00, 0x0D, 0x08, 0x2A, 0x00, 0x2B, 0x08, 0x2A, 0x00, 0x2B, 0x08, 0x2A, 0x08, 0x2A,
    0x08, 0x2A, 0x08, 0x2A, 0x08, 0x2A, 0x08, 0x2A, 0x08, 0x2A, 0x00, 0x0D, 0x29, 0x4D, 0xA5, 0x38,
    0x63, 0x12, 0x00, 0x2C, 0x08, 0x4A, 0x5A, 0xD1, 0x94, 0xB4, 0x31, 0xAE, 0x7C, 0x14, 0xBE, 0x1A,
    0x31, 0x8E, 0x18, 0xAB, 0x52, 0xB0, 0x84, 0x15, 0x84, 0x13, 0x73, 0xB4, 0x94, 0xB6, 0x7B, 0xD5,
    0x10, 0x6A, 0x4A, 0x6F, 0x94, 0xD7, 0x8C, 0x54, 0xA5, 0x18, 0x94, 0xB7, 0x20, 0xEC, 0x29, 0x4D,
    0x7B, 0xD4, 0x52, 0xB0, 0x08, 0x4A, 0x00, 0x2A, 0x42, 0x0F, 0xB5, 0x9A, 0x4A, 0x50, 0x18, 0xCB,
    0x73, 0x93, 0x6B, 0x73, 0x10, 0x6A, 0x08, 0x2B, 0x5A, 0xB1, 0xAD, 0x9A, 0x31, 0x8E, 0x18, 0xAC,
    0x52, 0xB0, 0x84, 0x15, 0x84, 0x13, 0x73, 0xB4, 0x94, 0xB6, 0x7B, 0xD5, 0x10, 0x8A, 0x7B, 0xF4,
    0xBE, 0x1A, 0x31, 0x6E, 0x08, 0x2A, 0x08, 0x2A, 0x08, 0x2A, 0x00, 0x0C, 0x08, 0x2A, 0x00, 0x0D,
    0x08, 0x2A, 0x00, 0x2B, 0x08, 0x2A, 0x00, 0x2B, 0x08, 0x2A, 0x08, 0x2A, 0x08, 0x2A, 0x08, 0x2A,
    0x08, 0x2A, 0x08, 0x2A, 0x08, 0x2A, 0x00, 0x0D, 0x08, 0x2A, 0x00, 0x0E, 0x08, 0x2A, 0x00, 0x0C,
    0x08, 0x2A, 0x00, 0x0C, 0x08, 0x2A, 0x00, 0x2B, 0x08, 0x2A, 0x00, 0x0C, 0x08, 0x2A, 0x08, 0x2A,
    0x08, 0x2A, 0x00, 0x0C, 0x08, 0x2A, 0x00, 0x0D, 0x08, 0x2A, 0x00, 0x2B, 0x08, 0x2A, 0x08, 0x2A,
    0x08, 0x2A, 0x00, 0x2B, 0x08, 0x2A, 0x00, 0x2B, 0x08, 0x2A, 0x00, 0x2B, 0x08, 0x2A, 0x08, 0x2A,
    0x08, 0x2A, 0x00, 0x2A, 0x08, 0x2A, 0x00, 0x2B, 0x08, 0x2A, 0x08, 0x2A, 0x08, 0x2A, 0x08, 0x2A,
    0x08, 0x2A, 0x00, 0x2B, 0x08, 0x2A, 0x00, 0x0C, 0x08, 0x2A, 0x00, 0x2B, 0x08, 0x2A, 0x00, 0x0C,
    0x08, 0x2A, 0x00, 0x2B, 0x08, 0x2A, 0x08, 0x2A, 0x08, 0x2A, 0x08, 0x2A, 0x08, 0x2A, 0x08, 0x2A,
    0x08, 0x2A, 0x08, 0x2A, 0x08, 0x2A, 0x00, 0x0C, 0x08, 0x2A, 0x00, 0x0D, 0x08, 0x2A, 0x00, 0x2B,
    0x08, 0x2A, 0x00, 0x2B, 0x08, 0x2A, 0x08, 0x2A, 0x08, 0x2A, 0x08, 0x2A, 0x08, 0x2A, 0x08, 0x2A,
    0x08, 0x2A, 0x00, 0x0D, 0x08, 0x2A, 0x00, 0x0E, 0x08, 0x2A, 0x00, 0x0C, 0x08, 0x2A, 0x00, 0x0C,
    0x08, 0x2A, 0x00, 0x2B, 0x08, 0x2A, 0x00, 0x0C, 0x08, 0x2A, 0x08, 0x2A, 0x08, 0x2A, 0x00, 0x0C,
    0x08, 0x2A, 0x00, 0x0D, 0x08, 0x2A, 0x00, 0x2B, 0x08, 0x2A, 0x08, 0x2A, 0x08, 0x2A, 0x00, 0x2B,
    0x08, 0x2A, 0x00, 0x2B, 0x08, 0x2A, 0x00, 0x2B, 0x08, 0x2A, 0x08, 0x2A, 0x08, 0x2A, 0x00, 0x2A,
    0x08, 0x2A, 0x00, 0x2B, 0x08, 0x2A, 0x08, 0x2A, 0x08, 0x2A, 0x08, 0x2A, 0x08, 0x2A, 0x00, 0x2B,
    0x08, 0x2A, 0x00, 0x0C, 0x08, 0x2A, 0x00, 0x2B, 0x08, 0x2A, 0x00, 0x0C, 0x08, 0x2A, 0x00, 0x2B,
    0x08, 0x2A, 0x08, 0x2A, 0x08, 0x2A, 0x08, 0x2A, 0x08, 0x2A, 0x08, 0x2A, 0x08, 0x2A, 0x08, 0x2A,
    0x08, 0x2A, 0x00, 0x0C, 0x08, 0x2A, 0x00, 0x0D, 0x08, 0x2A, 0x00, 0x2B, 0x08, 0x2A, 0x00, 0x2B,
    0x08, 0x2A, 0x08, 0x2A, 0x08, 0x2A, 0x08, 0x2A, 0x08, 0x2A, 0x08, 0x2A, 0x08, 0x2A, 0x00, 0x0D,
    0x08, 0x2A, 0x00, 0x0E, 0x08, 0x2A, 0x00, 0x0C, 0x08, 0x2A, 0x00, 0x0C, 0x08, 0x2A, 0x00, 0x2B,
    0x08, 0x2A, 0x00, 0x0C, 0x08, 0x2A, 0x08, 0x2A, 0x08, 0x2A, 0x00, 0x0C, 0x08, 0x2A, 0x00, 0x0D,
    0x08, 0x2A, 0x00, 0x2B, 0x08, 0x2A, 0x08, 0x2A, 0x08, 0x2A, 0x00, 0x2B, 0x08, 0x2A, 0x00, 0x2B,
    0x08, 0x2A, 0x00, 0x2B, 0x08, 0x2A, 0x08, 0x2A, 0x08, 0x2A, 0x00, 0x2A, 0x08, 0x2A, 0x00, 0x2B,
    0x08, 0x2A, 0x08, 0x2A, 0x08, 0x2A, 0x08, 0x2A, 0x08, 0x2A, 0x00, 0x2B, 0x08, 0x2A, 0x00, 0x0C,
    0x08, 0x2A, 0x00, 0x2B, 0x08, 0x2A, 0x00, 0x0C, 0x08, 0x2A, 0x00, 0x2B, 0x08, 0x2A, 0x08, 0x2A,
    0x08, 0x2A, 0x08, 0x2A, 0x08, 0x2A, 0x08, 0x2A, 0x08, 0x2A, 0x08, 0x2A, 0x08, 0x2A, 0x00, 0x0C,
    0x08, 0x4A, 0x00, 0x0D, 0x08, 0x4A, 0x00, 0x2B, 0x08, 0x29, 0x00, 0x2B, 0x00, 0x00, 0x08, 0x2A,
    0x00, 0x2B, 0x10, 0x6F, 0x00, 0x2A, 0x08, 0x4C, 0x08, 0x2A, 0x08, 0x4A, 0x08, 0x2A, 0x08, 0x4A,
    0x00, 0x2B, 0x08, 0x4A, 0x08, 0x2A, 0x08, 0x2A, 0x08, 0x2A, 0x08, 0x2A, 0x00, 0x0C, 0x08, 0x2A,
    0x00, 0x2B, 0x08, 0x2A, 0x00, 0x2B, 0x08, 0x2A, 0x00, 0x0C, 0x08, 0x2A, 0x00, 0x0C, 0x08, 0x2A,
    0x00, 0x0C, 0x08, 0x2A, 0x08, 0x2A, 0x08, 0x2A, 0x08, 0x2A, 0x08, 0x2A, 0x08, 0x2A, 0x08, 0x2A,
    0x00, 0x2B, 0x08, 0x2A, 0x00, 0x2B, 0x08, 0x2A, 0x00, 0x2B, 0x08, 0x2A, 0x08, 0x2A, 0x08, 0x2A,
    0x08, 0x2A, 0x08, 0x2A, 0x08, 0x2A, 0x08, 0x2A, 0x08, 0x2A, 0x08, 0x2A, 0x10, 0x8C, 0x94, 0xB7,
    0x9C, 0xD8, 0x21, 0x2C, 0x10, 0x8E, 0x7B, 0xD3, 0xB5, 0xBA, 0x31, 0xAD, 0x84, 0x16, 0xC6, 0x3B,
    0x29, 0x6F, 0x29, 0x4C, 0x8C, 0x55, 0x6B, 0x51, 0x10, 0x8F, 0x31, 0xAD, 0x9C, 0xF8, 0x84, 0x15,
    0x18, 0xAB, 0x73, 0xB3, 0x84, 0x55, 0x7B, 0xD4, 0x63, 0x12, 0x31, 0xAD, 0x08, 0x4B, 0x18, 0xAB,
    0x73, 0xB3, 0x84, 0x34, 0x21, 0x2C, 0x10, 0x8A, 0x6B, 0x53, 0xAD, 0x5A, 0x29, 0x4E, 0x18, 0xCB,
    0x7B, 0xF4, 0x73, 0xB3, 0x08, 0x2A, 0x08, 0x2A, 0x52, 0xB2, 0xBD, 0xDB, 0x31, 0x8E, 0x29, 0x4C,
    0x8C, 0x55, 0x6B, 0x51, 0x10, 0x8C, 0x31, 0xAD, 0x9C, 0xF8, 0x84, 0x15, 0x08, 0x4C, 0x84, 0x15,
    0xC6, 0x3B, 0x31, 0x6D, 0x08, 0x2A, 0x08, 0x2A, 0x08, 0x2A, 0x08, 0x2A, 0x00, 0x2B, 0x08, 0x2A,
    0x00, 0x2B, 0x08, 0x2A, 0x00, 0x2B, 0x08, 0x2A, 0x08, 0x2A, 0x08, 0x2A, 0x08, 0x2A, 0x08, 0x2A,
    0x08, 0x2A, 0x08, 0x2A, 0x08, 0x2A, 0x08, 0x2A, 0x00, 0x0B, 0x08, 0x2A, 0x00, 0x0D, 0x08, 0x2A,
    0x00, 0x0D, 0x08, 0x2A, 0x00, 0x0C, 0x08, 0x2A, 0x00, 0x0C, 0x08, 0x2A, 0x00, 0x0C, 0x08, 0x2A,
    0x00, 0x2B, 0x08, 0x2A, 0x00, 0x0E, 0x08, 0x2A, 0x00, 0x0C, 0x08, 0x2A, 0x00, 0x2B, 0x08, 0x2A,
    0x08, 0x2A, 0x08, 0x2A, 0x00, 0x2B, 0x08, 0x2A, 0x00, 0x2B, 0x08, 0x2A, 0x00, 0x2A, 0x08, 0x2A,
    0x08, 0x2A, 0x08, 0x2A, 0x08, 0x2A, 0x08, 0x2A, 0x00, 0x2B, 0x08, 0x2A, 0x08, 0x2A, 0x08, 0x2A,
    0x08, 0x2A, 0x08, 0x2A, 0x00, 0x0C, 0x08, 0x2A, 0x00, 0x2B, 0x08, 0x2A, 0x00, 0x2B, 0x08, 0x2A,
    0x00, 0x0C, 0x08, 0x2A, 0x00, 0x0C, 0x08, 0x2A, 0x00, 0x0C, 0x08, 0x2A, 0x08, 0x2A, 0x08, 0x2A,
    0x08, 0x2A, 0x08, 0x2A, 0x08, 0x2A, 0x08, 0x2A, 0x00, 0x2B, 0x08, 0x2A, 0x00, 0x2B, 0x08, 0x2A,
    0x00, 0x2B, 0x08, 0x2A, 0x08, 0x2A, 0x08, 0x2A, 0x08, 0x2A, 0x08, 0x2A, 0x08, 0x2A, 0x08, 0x2A,
    0x08, 0x2A, 0x08, 0x2A, 0x00, 0x0B, 0x08, 0x2A, 0x00, 0x0D, 0x08, 0x2A, 0x00, 0x0D, 0x08, 0x2A,
    0x00, 0x0C, 0x08, 0x2A, 0x00, 0x0C, 0x08, 0x2A, 0x00, 0x0C, 0x08, 0x2A, 0x00, 0x2B, 0x08, 0x2A,
    0x00, 0x0E, 0x08, 0x2A, 0x00, 0x0C, 0x08, 0x2A, 0x00, 0x2B, 0x08, 0x2A, 0x08, 0x2A, 0x08, 0x2A,
    0x00, 0x2B, 0x08, 0x2A, 0x00, 0x2B, 0x08, 0x2A, 0x00, 0x2A, 0x08, 0x2A, 0x08, 0x2A, 0x08, 0x2A,
    0x08, 0x2A, 0x08, 0x2A, 0x00, 0x2B, 0x08, 0x2A, 0x08, 0x2A, 0x08, 0x2A, 0x08, 0x2A, 0x08, 0x2A,
    0x00, 0x0C, 0x08, 0x2A, 0x00, 0x2B, 0x08, 0x2A, 0x00, 0x2B, 0x08, 0x2A, 0x00, 0x0C, 0x08, 0x2A,
    0x00, 0x0C, 0x08, 0x2A, 0x00, 0x0C, 0x08, 0x2A, 0x08, 0x2A, 0x08, 0x2A, 0x08, 0x2A, 0x08, 0x2A,
    0x08, 0x2A, 0x08, 0x2A, 0x00, 0x2B, 0x08, 0x2A, 0x00, 0x2B, 0x08, 0x2A, 0x00, 0x2B, 0x08, 0x2A,
    0x08, 0x2A, 0x08, 0x2A, 0x08, 0x2A, 0x08, 0x2A, 0x08, 0x2A, 0x08, 0x2A, 0x08, 0x2A, 0x08, 0x2A,
    0x00, 0x0B, 0x08, 0x2A, 0x00, 0x0D, 0x08, 0x2A, 0x00, 0x0D, 0x08, 0x2A, 0x00, 0x0C, 0x08, 0x2A,
    0x00, 0x0C, 0x08, 0x2A, 0x00, 0x0C, 0x08, 0x2A, 0x00, 0x2B, 0x08, 0x2A, 0x00, 0x0E, 0x08, 0x2A,
    0x00, 0x0C, 0x08, 0x2A, 0x00, 0x2B, 0x08, 0x2A, 0x08, 0x2A, 0x08, 0x2A, 0x00, 0x2B, 0x08, 0x2A,
    0x00, 0x2B, 0x08, 0x2A, 0x00, 0x2A, 0x08, 0x2A, 0x08, 0x2A, 0x08, 0x2A, 0x08, 0x2A, 0x08, 0x2A,
    0x00, 0x2B, 0x08, 0x2A, 0x08, 0x2A, 0x08, 0x2A, 0x08, 0x2A, 0x08, 0x2A, 0x00, 0x0C, 0x08, 0x2A,
    0x00, 0x2B, 0x08, 0x2A, 0x00, 0x2B, 0x08, 0x2A, 0x00, 0x0C, 0x08, 0x2A, 0x00, 0x0C, 0x08, 0x2A,
    0x00, 0x0C, 0x08, 0x2A, 0x08, 0x2A, 0x08, 0x2A, 0x08, 0x2A, 0x08, 0x2A, 0x08, 0x2A, 0x08, 0x4A,
    0x00, 0x2B, 0x08, 0x4A, 0x00, 0x2B, 0x10, 0x4F, 0x00, 0x2B, 0x00, 0x00, 0x08, 0x2A, 0x00, 0x00,
    0x10, 0x76, 0x00, 0x2B, 0x08, 0x4E, 0x00, 0x2B, 0x00, 0x00, 0x08, 0x2A, 0x08, 0x2A, 0x00, 0x2B,
    0x08, 0x2A, 0x00, 0x0D, 0x08, 0x2A, 0x08, 0x2A, 0x08, 0x2A, 0x08, 0x2A, 0x08, 0x2A, 0x00, 0x2B,
    0x08, 0x2A, 0x08, 0x2A, 0x08, 0x2A, 0x00, 0x2B, 0x08, 0x2A, 0x00, 0x0C, 0x08, 0x2A, 0x00, 0x0E,
    0x08, 0x2A, 0x00, 0x0C, 0x08, 0x2A, 0x08, 0x2A, 0x08, 0x2A, 0x08, 0x2A, 0x08, 0x2A, 0x08, 0x2A,
    0x08, 0x2A, 0x08, 0x2A, 0x08, 0x2A, 0x08, 0x2A, 0x08, 0x2A, 0x00, 0x2B, 0x08, 0x2A, 0x08, 0x2A,
    0x08, 0x2A, 0x08, 0x2A, 0x08, 0x2A, 0x08, 0x2A, 0x08, 0x2A, 0x08, 0x2A, 0x08, 0x2A, 0x39, 0xCF,
    0xAD, 0x78, 0x9D, 0x18, 0x8C, 0x96, 0xAD, 0x59, 0xAD, 0x58, 0x31, 0x8E, 0x7B, 0xF4, 0xBD, 0xDA,
    0x31, 0x6D, 0x20, 0xED, 0x7B, 0xD3, 0x94, 0xD8, 0x84, 0x35, 0x94, 0xD6, 0xA5, 0x38, 0x84, 0x16,
    0x20, 0xEB, 0x73, 0x93, 0xAD, 0x99, 0xA5, 0x18, 0x84, 0x54, 0x94, 0x96, 0x63, 0x12, 0x08, 0x6B,
    0x39, 0xCE, 0x9C, 0xF7, 0xA5, 0x18, 0x84, 0x13, 0xA5, 0x17, 0x52, 0xB1, 0x08, 0x4A, 0x18, 0xAE,
    0x7C, 0x14, 0x73, 0xB4, 0x08, 0x2A, 0x08, 0x2A, 0x52, 0xB0, 0xAD, 0x79, 0x31, 0x8D, 0x20, 0xEB,
    0x7B, 0xD3, 0x94, 0xD7, 0x84, 0x35, 0x94, 0xD6, 0xA5, 0x38, 0x84, 0x16, 0x10, 0x8A, 0x7B, 0xF5,
    0xBD, 0xDA, 0x31, 0x6D, 0x08, 0x2A, 0x08, 0x2A, 0x08, 0x2A, 0x08, 0x2A, 0x08, 0x2A, 0x08, 0x2A,
    0x08, 0x2A, 0x08, 0x2A, 0x08, 0x2A, 0x00, 0x2B, 0x08, 0x2A, 0x08, 0x2A, 0x08, 0x2A, 0x08, 0x2A,
    0x08, 0x2A, 0x08, 0x2A, 0x08, 0x2A, 0x08, 0x2A, 0x08, 0x2A, 0x00, 0x2B, 0x08, 0x2A, 0x00, 0x0D,
    0x08, 0x2A, 0x00, 0x0C, 0x08, 0x2A, 0x00, 0x2B, 0x08, 0x2A, 0x00, 0x0C, 0x08, 0x2A, 0x00, 0x0B,
    0x08, 0x2A, 0x00, 0x0E, 0x08, 0x2A, 0x00, 0x0E, 0x08, 0x2A, 0x00, 0x0D, 0x08, 0x2A, 0x00, 0x2B,
    0x08, 0x2A, 0x00, 0x2A, 0x08, 0x2A, 0x08, 0x2A, 0x08, 0x2A, 0x00, 0x2B, 0x08, 0x2A, 0x00, 0x2B,
    0x08, 0x2A, 0x08, 0x2A, 0x08, 0x2A, 0x00, 0x2B, 0x08, 0x2A, 0x00, 0x0D, 0x08, 0x2A, 0x08, 0x2A,
    0x08, 0x2A, 0x08, 0x2A, 0x08, 0x2A, 0x00, 0x2B, 0x08, 0x2A, 0x08, 0x2A, 0x08, 0x2A, 0x00, 0x2B,
    0x08, 0x2A, 0x00, 0x0C, 0x08, 0x2A, 0x00, 0x0E, 0x08, 0x2A, 0x00, 0x0C, 0x08, 0x2A, 0x08, 0x2A,
    0x08, 0x2A, 0x08, 0x2A, 0x08, 0x2A, 0x08, 0x2A, 0x08, 0x2A, 0x08, 0x2A, 0x08, 0x2A, 0x08, 0x2A,
    0x08, 0x2A, 0x00, 0x2B, 0x08, 0x2A, 0x08, 0x2A, 0x08, 0x2A, 0x08, 0x2A, 0x08, 0x2A, 0x08, 0x2A,
    0x08, 0x2A, 0x08, 0x2A, 0x08, 0x2A, 0x00, 0x2B, 0x08, 0x2A, 0x00, 0x0D, 0x08, 0x2A, 0x00, 0x0C,
    0x08, 0x2A, 0x00, 0x2B, 0x08, 0x2A, 0x00, 0x0C, 0x08, 0x2A, 0x00, 0x0B, 0x08, 0x2A, 0x00, 0x0E,
    0x08, 0x2A, 0x00, 0x0E, 0x08, 0x2A, 0x00, 0x0D, 0x08, 0x2A, 0x00, 0x2B, 0x08, 0x2A, 0x00, 0x2A,
    0x08, 0x2A, 0x08, 0x2A, 0x08, 0x2A, 0x00, 0x2B, 0x08, 0x2A, 0x00, 0x2B, 0x08, 0x2A, 0x08, 0x2A,
    0x08, 0x2A, 0x00, 0x2B, 0x08, 0x2A, 0x00, 0x0D, 0x08, 0x2A, 0x08, 0x2A, 0x08, 0x2A, 0x08, 0x2A,
    0x08, 0x2A, 0x00, 0x2B, 0x08, 0x2A, 0x08, 0x2A, 0x08, 0x2A, 0x00, 0x2B, 0x08, 0x2A, 0x00, 0x0C,
    0x08, 0x2A, 0x00, 0x0E, 0x08, 0x2A, 0x00, 0x0C, 0x08, 0x2A, 0x08, 0x2A, 0x08, 0x2A, 0x08, 0x2A,
    0x08, 0x2A, 0x08, 0x2A, 0x08, 0x2A, 0x08, 0x2A, 0x08, 0x2A, 0x08, 0x2A, 0x08, 0x2A, 0x00, 0x2B,
    0x08, 0x2A, 0x08, 0x2A, 0x08, 0x2A, 0x08, 0x2A, 0x08, 0x2A, 0x08, 0x2A, 0x08, 0x2A, 0x08, 0x2A,
    0x08, 0x2A, 0x00, 0x2B, 0x08, 0x2A, 0x00, 0x0D, 0x08, 0x2A, 0x00, 0x0C, 0x08, 0x2A, 0x00, 0x2B,
    0x08, 0x2A, 0x00, 0x0C, 0x08, 0x2A, 0x00, 0x0B, 0x08, 0x2A, 0x00, 0x0E, 0x08, 0x2A, 0x00, 0x0E,
    0x08, 0x2A, 0x00, 0x0D, 0x08, 0x2A, 0x00, 0x2B, 0x08, 0x2A, 0x00, 0x2A, 0x08, 0x2A, 0x08, 0x2A,
    0x08, 0x2A, 0x00, 0x2B, 0x08, 0x2A, 0x00, 0x2B, 0x08, 0x2A, 0x08, 0x2A, 0x08, 0x2A, 0x00, 0x2B,
    0x08, 0x2A, 0x00, 0x0D, 0x08, 0x2A, 0x08, 0x2A, 0x08, 0x2A, 0x08, 0x2A, 0x08, 0x2A, 0x00, 0x2B,
    0x08, 0x2A, 0x08, 0x2A, 0x08, 0x2A, 0x00, 0x2B, 0x08, 0x2A, 0x00, 0x0C, 0x08, 0x2A, 0x00, 0x0E,
    0x08, 0x2A, 0x00, 0x0C, 0x08, 0x2A, 0x08, 0x2A, 0x08, 0x2A, 0x08, 0x2A, 0x08, 0x2A, 0x08, 0x2A,
    0x08, 0x2A, 0x08, 0x2A, 0x08, 0x2A, 0x08, 0x2A, 0x08, 0x28, 0x00, 0x2B, 0x00, 0x00, 0x08, 0x2A,
    0x08, 0x2A, 0x08, 0x4F, 0x00, 0x0C, 0x08, 0x2B, 0x00, 0x0C, 0x08, 0x2A, 0x00, 0x2A, 0x08, 0x2A,
    0x00, 0x0D, 0x08, 0x2A, 0x00, 0x0D, 0x08, 0x2A, 0x08, 0x2A, 0x08, 0x2A, 0x00, 0x2B, 0x08, 0x2A,
    0x00, 0x2B, 0x08, 0x2A, 0x00, 0x2B, 0x08, 0x2A, 0x00, 0x0C, 0x08, 0x2A, 0x00, 0x0E, 0x08, 0x2A,
    0x00, 0x0F, 0x08, 0x2A, 0x00, 0x0C, 0x08, 0x2A, 0x08, 0x2A, 0x08, 0x2A, 0x08, 0x2A, 0x08, 0x2A,
    0x08, 0x2A, 0x08, 0x2A, 0x08, 0x2A, 0x08, 0x2A, 0x00, 0x2B, 0x08, 0x2A, 0x00, 0x0B, 0x08, 0x2A,
    0x00, 0x2B, 0x08, 0x2A, 0x00, 0x2B, 0x08, 0x2A, 0x00, 0x2B, 0x08, 0x2A, 0x08, 0x2A, 0x08, 0x4A,
    0x21, 0x2D, 0x31, 0x8D, 0x31, 0x8F, 0x39, 0xAD, 0x39, 0xCE, 0x18, 0xCB, 0x29, 0x4C, 0x39, 0xAD,
    0x10, 0x6C, 0x08, 0x2A, 0x18, 0xCD, 0x31, 0x6D, 0x29, 0x71, 0x31, 0x6D, 0x29, 0x6F, 0x39, 0xCD,
    0x31, 0x6F, 0x9C, 0xF7, 0x63, 0x12, 0x18, 0xEB, 0x21, 0x0C, 0x6B, 0x71, 0x84, 0x53, 0x20, 0xEB,
    0x08, 0x2C, 0x20, 0xEC, 0x29, 0x6F, 0x31, 0x6D, 0x31, 0x8D, 0x10, 0x8A, 0x00, 0x0D, 0x08, 0x4A,
    0x21, 0x2F, 0x21, 0x0C, 0x08, 0x2A, 0x08, 0x2A, 0x21, 0x0C, 0x41, 0xED, 0x10, 0x8B, 0x08, 0x2A,
    0x18, 0xCC, 0x31, 0x6D, 0x29, 0x6F, 0x31, 0x6D, 0x29, 0x6F, 0x39, 0xCD, 0x08, 0x4F, 0x29, 0x4C,
    0x31, 0x8F, 0x10, 0x8A, 0x08, 0x2A, 0x08, 0x2A, 0x08, 0x2A, 0x08, 0x2A, 0x08, 0x2A, 0x08, 0x2A,
    0x08, 0x2A, 0x08, 0x2A, 0x00, 0x2B, 0x08, 0x2A, 0x00, 0x0B, 0x08, 0x2A, 0x00, 0x2B, 0x08, 0x2A,
    0x00, 0x2B, 0x08, 0x2A, 0x00, 0x2B, 0x08, 0x2A, 0x08, 0x2A, 0x08, 0x2A, 0x00, 0x2B, 0x08, 0x2A,
    0x00, 0x0C, 0x08, 0x2A, 0x00, 0x2B, 0x08, 0x2A, 0x08, 0x2A, 0x08, 0x2A, 0x00, 0x0B, 0x08, 0x2A,
    0x00, 0x0C, 0x08, 0x2A, 0x00, 0x0F, 0x08, 0x2A, 0x00, 0x0E, 0x08, 0x2A, 0x00, 0x0D, 0x08, 0x2A,
    0x00, 0x0B, 0x08, 0x2A, 0x08, 0x2A, 0x08, 0x2A, 0x08, 0x2A, 0x08, 0x2A, 0x00, 0x0C, 0x08, 0x2A,
    0x00, 0x0C, 0x08, 0x2A, 0x00, 0x2A, 0x08, 0x2A, 0x00, 0x0D, 0x08, 0x2A, 0x00, 0x0D, 0x08, 0x2A,
    0x08, 0x2A, 0x08, 0x2A, 0x00, 0x2B, 0x08, 0x2A, 0x00, 0x2B, 0x08, 0x2A, 0x00, 0x2B, 0x08, 0x2A,
    0x00, 0x0C, 0x08, 0x2A, 0x00, 0x0E, 0x08, 0x2A, 0x00, 0x0F, 0x08, 0x2A, 0x00, 0x0C, 0x08, 0x2A,
    0x08, 0x2A, 0x08, 0x2A, 0x08, 0x2A, 0x08, 0x2A, 0x08, 0x2A, 0x08, 0x2A, 0x08, 0x2A, 0x08, 0x2A,
    0x00, 0x2B, 0x08, 0x2A, 0x00, 0x0B, 0x08, 0x2A, 0x00, 0x2B, 0x08, 0x2A, 0x00, 0x2B, 0x08, 0x2A,
    0x00, 0x2B, 0x08, 0x2A, 0x08, 0x2A, 0x08, 0x2A, 0x00, 0x2B, 0x08, 0x2A, 0x00, 0x0C, 0x08, 0x2A,
    0x00, 0x2B, 0x08, 0x2A, 0x08, 0x2A, 0x08, 0x2A, 0x00, 0x0B, 0x08, 0x2A, 0x00, 0x0C, 0x08, 0x2A,
    0x00, 0x0F, 0x08, 0x2A, 0x00, 0x0E, 0x08, 0x2A, 0x00, 0x0D, 0x08, 0x2A, 0x00, 0x0B, 0x08, 0x2A,
    0x08, 0x2A, 0x08, 0x2A, 0x08, 0x2A, 0x08, 0x2A, 0x00, 0x0C, 0x08, 0x2A, 0x00, 0x0C, 0x08, 0x2A,
    0x00, 0x2A, 0x08, 0x2A, 0x00, 0x0D, 0x08, 0x2A, 0x00, 0x0D, 0x08, 0x2A, 0x08, 0x2A, 0x08, 0x2A,
    0x00, 0x2B, 0x08, 0x2A, 0x00, 0x2B, 0x08, 0x2A, 0x00, 0x2B, 0x08, 0x2A, 0x00, 0x0C, 0x08, 0x2A,
    0x00, 0x0E, 0x08, 0x2A, 0x00, 0x0F, 0x08, 0x2A, 0x00, 0x0C, 0x08, 0x2A, 0x08, 0x2A, 0x08, 0x2A,
    0x08, 0x2A, 0x08, 0x2A, 0x08, 0x2A, 0x08, 0x2A, 0x08, 0x2A, 0x08, 0x2A, 0x00, 0x2B, 0x08, 0x2A,
    0x00, 0x0B, 0x08, 0x2A, 0x00, 0x2B, 0x08, 0x2A, 0x00, 0x2B, 0x08, 0x2A, 0x00, 0x2B, 0x08, 0x2A,
    0x08, 0x2A, 0x08, 0x2A, 0x00, 0x2B, 0x08, 0x2A, 0x00, 0x0C, 0x08, 0x2A, 0x00, 0x2B, 0x08, 0x2A,
    0x08, 0x2A, 0x08, 0x2A, 0x00, 0x0B, 0x08, 0x2A, 0x00, 0x0C, 0x08, 0x2A, 0x00, 0x0F, 0x08, 0x2A,
    0x00, 0x0E, 0x08, 0x2A, 0x00, 0x0D, 0x08, 0x2A, 0x00, 0x0B, 0x08, 0x2A, 0x08, 0x2A, 0x08, 0x2A,
    0x08, 0x2A, 0x08, 0x2A, 0x00, 0x0C, 0x08, 0x2A, 0x00, 0x0C, 0x08, 0x2A, 0x00, 0x2A, 0x08, 0x2A,
    0x00, 0x0D, 0x08, 0x2A, 0x00, 0x0D, 0x08, 0x2A, 0x08, 0x2A, 0x08, 0x2A, 0x00, 0x2B, 0x08, 0x2A,
    0x00, 0x2B, 0x08, 0x2A, 0x00, 0x2B, 0x08, 0x2A, 0x00, 0x0C, 0x08, 0x2A, 0x00, 0x0E, 0x08, 0x2A,
    0x00, 0x0F, 0x08, 0x2A, 0x00, 0x0C, 0x08, 0x2A, 0x08, 0x2A, 0x08, 0x2A, 0x08, 0x2A, 0x08, 0x2A,
    0x08, 0x2A, 0x08, 0x2A, 0x08, 0x2A, 0x08, 0x4E, 0x00, 0x2B, 0x00, 0x00, 0x00, 0x0B, 0x00, 0x00,
    0x10, 0x55, 0x00, 0x0C, 0x08, 0x2E, 0x00, 0x0C, 0x00, 0x00, 0x00, 0x0C, 0x08, 0x2A, 0x00, 0x0B,
    0x08, 0x2A, 0x00, 0x0D, 0x08, 0x2A, 0x00, 0x2B, 0x08, 0x2A, 0x00, 0x2B, 0x08, 0x2A, 0x00, 0x2B,
    0x08, 0x2A, 0x00, 0x2B, 0x08, 0x2A, 0x00, 0x0C, 0x08, 0x2A, 0x00, 0x0D, 0x08, 0x2A, 0x00, 0x0E,
    0x08, 0x2A, 0x00, 0x0E, 0x08, 0x2A, 0x00, 0x0C, 0x08, 0x2A, 0x08, 0x2A, 0x08, 0x2A, 0x00, 0x2A,
    0x08, 0x2A, 0x00, 0x2B, 0x08, 0x2A, 0x08, 0x2A, 0x08, 0x2A, 0x00, 0x0D, 0x08, 0x2A, 0x00, 0x0D,
    0x08, 0x2A, 0x00, 0x0C, 0x08, 0x2A, 0x00, 0x0B, 0x08, 0x2A, 0x00, 0x2B, 0x08, 0x2A, 0x08, 0x2A,
    0x08, 0x2A, 0x08, 0x2A, 0x08, 0x2A, 0x00, 0x0C, 0x08, 0x2A, 0x08, 0x2A, 0x08, 0x2A, 0x08, 0x2A,
    0x08, 0x2A, 0x00, 0x2B, 0x08, 0x2A, 0x00, 0x0D, 0x08, 0x2A, 0x00, 0x0E, 0x08, 0x2A, 0x00, 0x0E,
    0x18, 0xCB, 0x7B, 0xD5, 0x94, 0xB7, 0x73, 0x94, 0x7B, 0xD4, 0x8C, 0x75, 0x6B, 0x72, 0x08, 0x4C,
    0x08, 0x2A, 0x00, 0x0C, 0x08, 0x2A, 0x00, 0x0C, 0x08, 0x2A, 0x00, 0x0B, 0x08, 0x2A, 0x00, 0x0D,
    0x08, 0x2A, 0x00, 0x2B, 0x08, 0x2A, 0x00, 0x2B, 0x08, 0x2A, 0x00, 0x2B, 0x08, 0x2A, 0x00, 0x2B,
    0x08, 0x2A, 0x00, 0x0C, 0x08, 0x2A, 0x00, 0x0D, 0x08, 0x2A, 0x00, 0x0E, 0x08, 0x2A, 0x00, 0x0E,
    0x08, 0x2A, 0x00, 0x0C, 0x08, 0x2A, 0x08, 0x2A, 0x08, 0x2A, 0x00, 0x2A, 0x08, 0x2A, 0x00, 0x2B,
    0x08, 0x2A, 0x08, 0x2A, 0x08, 0x2A, 0x00, 0x0D, 0x08, 0x2A, 0x00, 0x0D, 0x08, 0x2A, 0x00, 0x0C,
    0x08, 0x2A, 0x00, 0x0B, 0x08, 0x2A, 0x00, 0x2B, 0x08, 0x2A, 0x08, 0x2A, 0x08, 0x2A, 0x08, 0x2A,
    0x08, 0x2A, 0x00, 0x0C, 0x08, 0x2A, 0x08, 0x2A, 0x08, 0x2A, 0x08, 0x2A, 0x08, 0x2A, 0x00, 0x2B,
    0x08, 0x2A, 0x00, 0x0D, 0x08, 0x2A, 0x00, 0x0E, 0x08, 0x2A, 0x00, 0x0E, 0x08, 0x2A, 0x00, 0x0D,
    0x08, 0x2A, 0x00, 0x0C, 0x08, 0x2A, 0x00, 0x2B, 0x08, 0x2A, 0x00, 0x0C, 0x08, 0x2A, 0x00, 0x0C,
    0x08, 0x2A, 0x00, 0x0C, 0x08, 0x2A, 0x00, 0x0B, 0x08, 0x2A, 0x00, 0x0D, 0x08, 0x2A, 0x00, 0x2B,
    0x08, 0x2A, 0x00, 0x2B, 0x08, 0x2A, 0x00, 0x2B, 0x08, 0x2A, 0x00, 0x2B, 0x08, 0x2A, 0x00, 0x0C,
    0x08, 0x2A, 0x00, 0x0D, 0x08, 0x2A, 0x00, 0x0E, 0x08, 0x2A, 0x00, 0x0E, 0x08, 0x2A, 0x00, 0x0C,
    0x08, 0x2A, 0x08, 0x2A, 0x08, 0x2A, 0x00, 0x2A, 0x08, 0x2A, 0x00, 0x2B, 0x08, 0x2A, 0x08, 0x2A,
    0x08, 0x2A, 0x00, 0x0D, 0x08, 0x2A, 0x00, 0x0D, 0x08, 0x2A, 0x00, 0x0C, 0x08, 0x2A, 0x00, 0x0B,
    0x08, 0x2A, 0x00, 0x2B, 0x08, 0x2A, 0x08, 0x2A, 0x08, 0x2A, 0x08, 0x2A, 0x08, 0x2A, 0x00, 0x0C,
    0x08, 0x2A, 0x08, 0x2A, 0x08, 0x2A, 0x08, 0x2A, 0x08, 0x2A, 0x00, 0x2B, 0x08, 0x2A, 0x00, 0x0D,
    0x08, 0x2A, 0x00, 0x0E, 0x08, 0x2A, 0x00, 0x0E, 0x08, 0x2A, 0x00, 0x0D, 0x08, 0x2A, 0x00, 0x0C,
    0x08, 0x2A, 0x00, 0x2B, 0x08, 0x2A, 0x00, 0x0C, 0x08, 0x2A, 0x00, 0x0C, 0x08, 0x2A, 0x00, 0x0C,
    0x08, 0x2A, 0x00, 0x0B, 0x08, 0x2A, 0x00, 0x0D, 0x08, 0x2A, 0x00, 0x2B, 0x08, 0x2A, 0x00, 0x2B,
    0x08, 0x2A, 0x00, 0x2B, 0x08, 0x2A, 0x00, 0x2B, 0x08, 0x2A, 0x00, 0x0C, 0x08, 0x2A, 0x00, 0x0D,
    0x08, 0x2A, 0x00, 0x0E, 0x08, 0x2A, 0x00, 0x0E, 0x08, 0x2A, 0x00, 0x0C, 0x08, 0x2A, 0x08, 0x2A,
    0x08, 0x2A, 0x00, 0x2A, 0x08, 0x2A, 0x00, 0x2B, 0x08, 0x2A, 0x08, 0x2A, 0x08, 0x2A, 0x00, 0x0D,
    0x08, 0x2A, 0x00, 0x0D, 0x08, 0x2A, 0x00, 0x0C, 0x08, 0x2A, 0x00, 0x0B, 0x08, 0x2A, 0x00, 0x2B,
    0x08, 0x2A, 0x08, 0x2A, 0x08, 0x2A, 0x08, 0x2A, 0x08, 0x2A, 0x00, 0x0C, 0x08, 0x2A, 0x08, 0x2A,
    0x08, 0x2A, 0x08, 0x2A, 0x08, 0x2A, 0x00, 0x2B, 0x08, 0x2A, 0x00, 0x0D, 0x08, 0x2A, 0x00, 0x0E,
    0x08, 0x2A, 0x00, 0x0E, 0x08, 0x2A, 0x00, 0x0D, 0x08, 0x2A, 0x00, 0x0C, 0x08, 0x2A, 0x00, 0x2B,
    0x08, 0x2A, 0x00, 0x0C, 0x08, 0x2A, 0x00, 0x0C, 0x08, 0x2A, 0x00, 0x0C, 0x08, 0x2A, 0x00, 0x0B,
    0x08, 0x2A, 0x00, 0x0D, 0x08, 0x2A, 0x00, 0x2B, 0x08, 0x2A, 0x00, 0x2B, 0x08, 0x2A, 0x00, 0x2B,
    0x08, 0x2A, 0x00, 0x2B, 0x08, 0x2A, 0x00, 0x0C, 0x08, 0x2A, 0x00, 0x0D, 0x08, 0x2A, 0x00, 0x0E,
    0x08, 0x2A, 0x00, 0x0E, 0x08, 0x2A, 0x00, 0x0C, 0x08, 0x2A, 0x08, 0x2A, 0x08, 0x2A, 0x00, 0x2A,
    0x08, 0x2A, 0x00, 0x2B, 0x08, 0x2A, 0x08, 0x2A, 0x00, 0x28, 0x00, 0x0D, 0x00, 0x00, 0x00, 0x0D,
    0x00, 0x0B, 0x08, 0x2F, 0x00, 0x0C, 0x08, 0x2B, 0x00, 0x0C, 0x08, 0x2A, 0x00, 0x0C, 0x08, 0x2A,
    0x00, 0x2B, 0x08, 0x2A, 0x00, 0x2B, 0x08, 0x2A, 0x00, 0x2B, 0x08, 0x2A, 0x00, 0x0C, 0x08, 0x2A,
    0x00, 0x2B, 0x08, 0x2A, 0x00, 0x0C, 0x08, 0x2A, 0x00, 0x0D, 0x08, 0x2A, 0x00, 0x0D, 0x08, 0x2A,
    0x00, 0x0D, 0x08, 0x2A, 0x00, 0x0C, 0x08, 0x2A, 0x00, 0x2B, 0x08, 0x2A, 0x08, 0x2A, 0x08, 0x2A,
    0x00, 0x0D, 0x08, 0x2A, 0x00, 0x2B, 0x08, 0x2A, 0x00, 0x0C, 0x08, 0x2A, 0x00, 0x0D, 0x08, 0x2A,
    0x00, 0x0E, 0x08, 0x2A, 0x00, 0x0C, 0x08, 0x2A, 0x00, 0x0B, 0x08, 0x2A, 0x00, 0x0D, 0x08, 0x2A,
    0x08, 0x2A, 0x08, 0x2A, 0x08, 0x2A, 0x08, 0x2A, 0x00, 0x0C, 0x08, 0x2A, 0x08, 0x2A, 0x08, 0x2A,
    0x08, 0x2A, 0x08, 0x2A, 0x00, 0x2B, 0x08, 0x2A, 0x00, 0x0C, 0x08, 0x2A, 0x00, 0x0E, 0x08, 0x2A,
    0x00, 0x0E, 0x08, 0x4A, 0x10, 0x8D, 0x10, 0x8B, 0x18, 0xAC, 0x18, 0xAB, 0x08, 0x4C, 0x08, 0x2A,
    0x00, 0x0C, 0x08, 0x2A, 0x00, 0x0C, 0x08, 0x2A, 0x00, 0x0C, 0x08, 0x2A, 0x00, 0x2B, 0x08, 0x2A,
    0x00, 0x2B, 0x08, 0x2A, 0x00, 0x2B, 0x08, 0x2A, 0x00, 0x0C, 0x08, 0x2A, 0x00, 0x2B, 0x08, 0x2A,
    0x00, 0x0C, 0x08, 0x2A, 0x00, 0x0D, 0x08, 0x2A, 0x00, 0x0D, 0x08, 0x2A, 0x00, 0x0D, 0x08, 0x2A,
    0x00, 0x0C, 0x08, 0x2A, 0x00, 0x2B, 0x08, 0x2A, 0x08, 0x2A, 0x08, 0x2A, 0x00, 0x0D, 0x08, 0x2A,
    0x00, 0x2B, 0x08, 0x2A, 0x00, 0x0C, 0x08, 0x2A, 0x00, 0x0D, 0x08, 0x2A, 0x00, 0x0E, 0x08, 0x2A,
    0x00, 0x0C, 0x08, 0x2A, 0x00, 0x0B, 0x08, 0x2A, 0x00, 0x0D, 0x08, 0x2A, 0x08, 0x2A, 0x08, 0x2A,
    0x08, 0x2A, 0x08, 0x2A, 0x00, 0x0C, 0x08, 0x2A, 0x08, 0x2A, 0x08, 0x2A, 0x08, 0x2A, 0x08, 0x2A,
    0x00, 0x2B, 0x08, 0x2A, 0x00, 0x0C, 0x08, 0x2A, 0x00, 0x0E, 0x08, 0x2A, 0x00, 0x0E, 0x08, 0x2A,
    0x00, 0x0D, 0x08, 0x2A, 0x00, 0x0C, 0x08, 0x2A, 0x00, 0x0B, 0x08, 0x2A, 0x00, 0x0C, 0x08, 0x2A,
    0x00, 0x0C, 0x08, 0x2A, 0x00, 0x0C, 0x08, 0x2A, 0x00, 0x2B, 0x08, 0x2A, 0x00, 0x2B, 0x08, 0x2A,
    0x00, 0x2B, 0x08, 0x2A, 0x00, 0x0C, 0x08, 0x2A, 0x00, 0x2B, 0x08, 0x2A, 0x00, 0x0C, 0x08, 0x2A,
    0x00, 0x0D, 0x08, 0x2A, 0x00, 0x0D, 0x08, 0x2A, 0x00, 0x0D, 0x08, 0x2A, 0x00, 0x0C, 0x08, 0x2A,
    0x00, 0x2B, 0x08, 0x2A, 0x08, 0x2A, 0x08, 0x2A, 0x00, 0x0D, 0x08, 0x2A, 0x00, 0x2B, 0x08, 0x2A,
    0x00, 0x0C, 0x08, 0x2A, 0x00, 0x0D, 0x08, 0x2A, 0x00, 0x0E, 0x08, 0x2A, 0x00, 0x0C, 0x08, 0x2A,
    0x00, 0x0B, 0x08, 0x2A, 0x00, 0x0D, 0x08, 0x2A, 0x08, 0x2A, 0x08, 0x2A, 0x08, 0x2A, 0x08, 0x2A,
    0x00, 0x0C, 0x08, 0x2A, 0x08, 0x2A, 0x08, 0x2A, 0x08, 0x2A, 0x08, 0x2A, 0x00, 0x2B, 0x08, 0x2A,
    0x00, 0x0C, 0x08, 0x2A, 0x00, 0x0E, 0x08, 0x2A, 0x00, 0x0E, 0x08, 0x2A, 0x00, 0x0D, 0x08, 0x2A,
    0x00, 0x0C, 0x08, 0x2A, 0x00, 0x0B, 0x08, 0x2A, 0x00, 0x0C, 0x08, 0x2A, 0x00, 0x0C, 0x08, 0x2A,
    0x00, 0x0C, 0x08, 0x2A, 0x00, 0x2B, 0x08, 0x2A, 0x00, 0x2B, 0x08, 0x2A, 0x00, 0x2B, 0x08, 0x2A,
    0x00, 0x0C, 0x08, 0x2A, 0x00, 0x2B, 0x08, 0x2A, 0x00, 0x0C, 0x08, 0x2A, 0x00, 0x0D, 0x08, 0x2A,
    0x00, 0x0D, 0x08, 0x2A, 0x00, 0x0D, 0x08, 0x2A, 0x00, 0x0C, 0x08, 0x2A, 0x00, 0x2B, 0x08, 0x2A,
    0x08, 0x2A, 0x08, 0x2A, 0x00, 0x0D, 0x08, 0x2A, 0x00, 0x2B, 0x08, 0x2A, 0x00, 0x0C, 0x08, 0x2A,
    0x00, 0x0D, 0x08, 0x2A, 0x00, 0x0E, 0x08, 0x2A, 0x00, 0x0C, 0x08, 0x2A, 0x00, 0x0B, 0x08, 0x2A,
    0x00, 0x0D, 0x08, 0x2A, 0x08, 0x2A, 0x08, 0x2A, 0x08, 0x2A, 0x08, 0x2A, 0x00, 0x0C, 0x08, 0x2A,
    0x08, 0x2A, 0x08, 0x2A, 0x08, 0x2A, 0x08, 0x2A, 0x00, 0x2B, 0x08, 0x2A, 0x00, 0x0C, 0x08, 0x2A,
    0x00, 0x0E, 0x08, 0x2A, 0x00, 0x0E, 0x08, 0x2A, 0x00, 0x0D, 0x08, 0x2A, 0x00, 0x0C, 0x08, 0x2A,
    0x00, 0x0B, 0x08, 0x2A, 0x00, 0x0C, 0x08, 0x2A, 0x00, 0x0C, 0x08, 0x2A, 0x00, 0x0C, 0x08, 0x2A,
    0x00, 0x2B, 0x08, 0x2A, 0x00, 0x2B, 0x08, 0x2A, 0x00, 0x2B, 0x08, 0x2A, 0x00, 0x0C, 0x08, 0x2A,
    0x00, 0x2B, 0x08, 0x2A, 0x00, 0x0C, 0x08, 0x2A, 0x00, 0x0D, 0x08, 0x2A, 0x00, 0x0D, 0x08, 0x2A,
    0x00, 0x0D, 0x08, 0x2A, 0x00, 0x0C, 0x08, 0x2A, 0x00, 0x2B, 0x08, 0x2A, 0x08, 0x2A, 0x08, 0x2A,
    0x00, 0x0D, 0x08, 0x2A, 0x00, 0x2B, 0x08, 0x2E, 0x00, 0x0C, 0x00, 0x00, 0x00, 0x0D, 0x00, 0x00,
    0x10, 0x55, 0x00, 0x0B, 0x08, 0x2E, 0x00, 0x0B, 0x00, 0x00, 0x00, 0x0D, 0x08, 0x2A, 0x00, 0x0D,
    0x08, 0x2A, 0x00, 0x2B, 0x08, 0x2A, 0x08, 0x2A, 0x08, 0x2A, 0x00, 0x2B, 0x08, 0x2A, 0x00, 0x0B,
    0x08, 0x2A, 0x00, 0x2B, 0x08, 0x2A, 0x00, 0x0C, 0x08, 0x2A, 0x00, 0x0D, 0x08, 0x2A, 0x00, 0x0D,
    0x08, 0x2A, 0x00, 0x0C, 0x08, 0x2A, 0x00, 0x2B, 0x08, 0x2A, 0x08, 0x2A, 0x08, 0x2A, 0x00, 0x0C,
    0x08, 0x2A, 0x00, 0x0F, 0x08, 0x2A, 0x00, 0x2B, 0x08, 0x2A, 0x08, 0x2A, 0x08, 0x2A, 0x00, 0x0E,
    0x08, 0x2A, 0x00, 0x0E, 0x08, 0x2A, 0x00, 0x0C, 0x08, 0x2A, 0x00, 0x0C, 0x08, 0x2A, 0x00, 0x0D,
    0x08, 0x2A, 0x08, 0x2A, 0x08, 0x2A, 0x08, 0x2A, 0x08, 0x2A, 0x00, 0x0C, 0x08, 0x2A, 0x08, 0x2A,
    0x08, 0x2A, 0x00, 0x2B, 0x08, 0x2A, 0x00, 0x2B, 0x08, 0x2A, 0x00, 0x0C, 0x08, 0x2A, 0x00, 0x0E,
    0x08, 0x2A, 0x00, 0x0E, 0x08, 0x2A, 0x00, 0x0C, 0x08, 0x2A, 0x00, 0x0B, 0x08, 0x2A, 0x00, 0x0B,
    0x08, 0x2A, 0x00, 0x0B, 0x08, 0x2A, 0x00, 0x0D, 0x08, 0x2A, 0x00, 0x0D, 0x08, 0x2A, 0x00, 0x2B,
    0x08, 0x2A, 0x08, 0x2A, 0x08, 0x2A, 0x00, 0x2B, 0x08, 0x2A, 0x00, 0x0B, 0x08, 0x2A, 0x00, 0x2B,
    0x08, 0x2A, 0x00, 0x0C, 0x08, 0x2A, 0x00, 0x0D, 0x08, 0x2A, 0x00, 0x0D, 0x08, 0x2A, 0x00, 0x0C,
    0x08, 0x2A, 0x00, 0x2B, 0x08, 0x2A, 0x08, 0x2A, 0x08, 0x2A, 0x00, 0x0C, 0x08, 0x2A, 0x00, 0x0F,
    0x08, 0x2A, 0x00, 0x2B, 0x08, 0x2A, 0x08, 0x2A, 0x08, 0x2A, 0x00, 0x0E, 0x08, 0x2A, 0x00, 0x0E,
    0x08, 0x2A, 0x00, 0x0C, 0x08, 0x2A, 0x00, 0x0C, 0x08, 0x2A, 0x00, 0x0D, 0x08, 0x2A, 0x08, 0x2A,
    0x08, 0x2A, 0x08, 0x2A, 0x08, 0x2A, 0x00, 0x0C, 0x08, 0x2A, 0x08, 0x2A, 0x08, 0x2A, 0x00, 0x2B,
    0x08, 0x2A, 0x00, 0x2B, 0x08, 0x2A, 0x00, 0x0C, 0x08, 0x2A, 0x00, 0x0E, 0x08, 0x2A, 0x00, 0x0E,
    0x08, 0x2A, 0x00, 0x0C, 0x08, 0x2A, 0x00, 0x0B, 0x08, 0x2A, 0x00, 0x0B, 0x08, 0x2A, 0x00, 0x0B,
    0x08, 0x2A, 0x00, 0x0D, 0x08, 0x2A, 0x00, 0x0D, 0x08, 0x2A, 0x00, 0x2B, 0x08, 0x2A, 0x08, 0x2A,
    0x08, 0x2A, 0x00, 0x2B, 0x08, 0x2A, 0x00, 0x0B, 0x08, 0x2A, 0x00, 0x2B, 0x08, 0x2A, 0x00, 0x0C,
    0x08, 0x2A, 0x00, 0x0D, 0x08, 0x2A, 0x00, 0x0D, 0x08, 0x2A, 0x00, 0x0C, 0x08, 0x2A, 0x00, 0x2B,
    0x08, 0x2A, 0x08, 0x2A, 0x08, 0x2A, 0x00, 0x0C, 0x08, 0x2A, 0x00, 0x0F, 0x08, 0x2A, 0x00, 0x2B,
    0x08, 0x2A, 0x08, 0x2A, 0x08, 0x2A, 0x00, 0x0E, 0x08, 0x2A, 0x00, 0x0E, 0x08, 0x2A, 0x00, 0x0C,
    0x08, 0x2A, 0x00, 0x0C, 0x08, 0x2A, 0x00, 0x0D, 0x08, 0x2A, 0x08, 0x2A, 0x08, 0x2A, 0x08, 0x2A,
    0x08, 0x2A, 0x00, 0x0C, 0x08, 0x2A, 0x08, 0x2A, 0x08, 0x2A, 0x00, 0x2B, 0x08, 0x2A, 0x00, 0x2B,
    0x08, 0x2A, 0x00, 0x0C, 0x08, 0x2A, 0x00, 0x0E, 0x08, 0x2A, 0x00, 0x0E, 0x08, 0x2A, 0x00, 0x0C,
    0x08, 0x2A, 0x00, 0x0B, 0x08, 0x2A, 0x00, 0x0B, 0x08, 0x2A, 0x00, 0x0B, 0x08, 0x2A, 0x00, 0x0D,
    0x08, 0x2A, 0x00, 0x0D, 0x08, 0x2A, 0x00, 0x2B, 0x08, 0x2A, 0x08, 0x2A, 0x08, 0x2A, 0x00, 0x2B,
    0x08, 0x2A, 0x00, 0x0B, 0x08, 0x2A, 0x00, 0x2B, 0x08, 0x2A, 0x00, 0x0C, 0x08, 0x2A, 0x00, 0x0D,
    0x08, 0x2A, 0x00, 0x0D, 0x08, 0x2A, 0x00, 0x0C, 0x08, 0x2A, 0x00, 0x2B, 0x08, 0x2A, 0x08, 0x2A,
    0x08, 0x2A, 0x00, 0x0C, 0x08, 0x2A, 0x00, 0x0F, 0x08, 0x2A, 0x00, 0x2B, 0x08, 0x2A, 0x08, 0x2A,
    0x08, 0x2A, 0x00, 0x0E, 0x08, 0x2A, 0x00, 0x0E, 0x08, 0x2A, 0x00, 0x0C, 0x08, 0x2A, 0x00, 0x0C,
    0x08, 0x2A, 0x00, 0x0D, 0x08, 0x2A, 0x08, 0x2A, 0x08, 0x2A, 0x08, 0x2A, 0x08, 0x2A, 0x00, 0x0C,
    0x08, 0x2A, 0x08, 0x2A, 0x08, 0x2A, 0x00, 0x2B, 0x08, 0x2A, 0x00, 0x2B, 0x08, 0x2A, 0x00, 0x0C,
    0x08, 0x2A, 0x00, 0x0E, 0x08, 0x2A, 0x00, 0x0E, 0x08, 0x2A, 0x00, 0x0C, 0x08, 0x2A, 0x00, 0x0B,
    0x08, 0x2A, 0x00, 0x0B, 0x08, 0x2A, 0x00, 0x0B, 0x08, 0x2A, 0x00, 0x0D, 0x08, 0x2A, 0x00, 0x0D,
    0x08, 0x2A, 0x00, 0x2B, 0x08, 0x2A, 0x08, 0x2A, 0x08, 0x2A, 0x00, 0x2B, 0x08, 0x2A, 0x00, 0x0B,
    0x08, 0x2A, 0x00, 0x2B, 0x08, 0x2A, 0x00, 0x0C, 0x08, 0x2A, 0x00, 0x0D, 0x08, 0x2A, 0x00, 0x0D,
    0x08, 0x2A, 0x00, 0x0C, 0x08, 0x2A, 0x00, 0x2B, 0x08, 0x2A, 0x08, 0x2A, 0x08, 0x2A, 0x00, 0x0C,
    0x08, 0x2A, 0x00, 0x0F, 0x08, 0x2A, 0x00, 0x2B, 0x00, 0x28, 0x08, 0x2A, 0x00, 0x00, 0x00, 0x0E,
    0x00, 0x2B, 0x08, 0x4F, 0x00, 0x2A, 0x08, 0x2B, 0x00, 0x2B, 0x08, 0x2A, 0x00, 0x0E, 0x08, 0x2A,
    0x00, 0x0C, 0x08, 0x2A, 0x08, 0x2A, 0x08, 0x2A, 0x08, 0x2A, 0x08, 0x2A, 0x00, 0x2B, 0x08, 0x2A,
    0x00, 0x2B, 0x08, 0x2A, 0x00, 0x0C, 0x08, 0x2A, 0x00, 0x0C, 0x08, 0x2A, 0x00, 0x0C, 0x08, 0x2A,
    0x00, 0x0C, 0x08, 0x2A, 0x00, 0x2B, 0x08, 0x2A, 0x08, 0x2A, 0x08, 0x2A, 0x08, 0x2A, 0x08, 0x2A,
    0x00, 0x0E, 0x08, 0x2A, 0x00, 0x0E, 0x08, 0x2A, 0x00, 0x0C, 0x08, 0x2A, 0x08, 0x2A, 0x08, 0x2A,
    0x00, 0x0E, 0x08, 0x2A, 0x00, 0x0D, 0x08, 0x2A, 0x00, 0x0B, 0x08, 0x2A, 0x00, 0x0D, 0x08, 0x2A,
    0x00, 0x2B, 0x08, 0x2A, 0x08, 0x2A, 0x08, 0x2A, 0x00, 0x2B, 0x08, 0x2A, 0x00, 0x0B, 0x08, 0x2A,
    0x08, 0x2A, 0x08, 0x2A, 0x00, 0x2B, 0x08, 0x2A, 0x00, 0x2B, 0x08, 0x2A, 0x00, 0x0C, 0x08, 0x2A,
    0x00, 0x0E, 0x08, 0x2A, 0x00, 0x0D, 0x08, 0x2A, 0x00, 0x0C, 0x08, 0x2A, 0x00, 0x2B, 0x08, 0x2A,
    0x00, 0x2A, 0x08, 0x2A, 0x00, 0x2B, 0x08, 0x2A, 0x00, 0x0E, 0x08, 0x2A, 0x00, 0x0C, 0x08, 0x2A,
    0x08, 0x2A, 0x08, 0x2A, 0x08, 0x2A, 0x08, 0x2A, 0x00, 0x2B, 0x08, 0x2A, 0x00, 0x2B, 0x08, 0x2A,
    0x00, 0x0C, 0x08, 0x2A, 0x00, 0x0C, 0x08, 0x2A, 0x00, 0x0C, 0x08, 0x2A, 0x00, 0x0C, 0x08, 0x2A,
    0x00, 0x2B, 0x08, 0x2A, 0x08, 0x2A, 0x08, 0x2A, 0x08, 0x2A, 0x08, 0x2A, 0x00, 0x0E, 0x08, 0x2A,
    0x00, 0x0E, 0x08, 0x2A, 0x00, 0x0C, 0x08, 0x2A, 0x08, 0x2A, 0x08, 0x2A, 0x00, 0x0E, 0x08, 0x2A,
    0x00, 0x0D, 0x08, 0x2A, 0x00, 0x0B, 0x08, 0x2A, 0x00, 0x0D, 0x08, 0x2A, 0x00, 0x2B, 0x08, 0x2A,
    0x08, 0x2A, 0x08, 0x2A, 0x00, 0x2B, 0x08, 0x2A, 0x00, 0x0B, 0x08, 0x2A, 0x08, 0x2A, 0x08, 0x2A,
    0x00, 0x2B, 0x08, 0x2A, 0x00, 0x2B, 0x08, 0x2A, 0x00, 0x0C, 0x08, 0x2A, 0x00, 0x0E, 0x08, 0x2A,
    0x00, 0x0D, 0x08, 0x2A, 0x00, 0x0C, 0x08, 0x2A, 0x00, 0x2B, 0x08, 0x2A, 0x00, 0x2A, 0x08, 0x2A,
    0x00, 0x2B, 0x08, 0x2A, 0x00, 0x0E, 0x08, 0x2A, 0x00, 0x0C, 0x08, 0x2A, 0x08, 0x2A, 0x08, 0x2A,
    0x08, 0x2A, 0x08, 0x2A, 0x00, 0x2B, 0x08, 0x2A, 0x00, 0x2B, 0x08, 0x2A, 0x00, 0x0C, 0x08, 0x2A,
    0x00, 0x0C, 0x08, 0x2A, 0x00, 0x0C, 0x08, 0x2A, 0x00, 0x0C, 0x08, 0x2A, 0x00, 0x2B, 0x08, 0x2A,
    0x08, 0x2A, 0x08, 0x2A, 0x08, 0x2A, 0x08, 0x2A, 0x00, 0x0E, 0x08, 0x2A, 0x00, 0x0E, 0x08, 0x2A,
    0x00, 0x0C, 0x08, 0x2A, 0x08, 0x2A, 0x08, 0x2A, 0x00, 0x0E, 0x08, 0x2A, 0x00, 0x0D, 0x08, 0x2A,
    0x00, 0x0B, 0x08, 0x2A, 0x00, 0x0D, 0x08, 0x2A, 0x00, 0x2B, 0x08, 0x2A, 0x08, 0x2A, 0x08, 0x2A,
    0x00, 0x2B, 0x08, 0x2A, 0x00, 0x0B, 0x08, 0x2A, 0x08, 0x2A, 0x08, 0x2A, 0x00, 0x2B, 0x08, 0x2A,
    0x00, 0x2B, 0x08, 0x2A, 0x00, 0x0C, 0x08, 0x2A, 0x00, 0x0E, 0x08, 0x2A, 0x00, 0x0D, 0x08, 0x2A,
    0x00, 0x0C, 0x08, 0x2A, 0x00, 0x2B, 0x08, 0x2A, 0x00, 0x2A, 0x08, 0x2A, 0x00, 0x2B, 0x08, 0x2A,
    0x00, 0x0E, 0x08, 0x2A, 0x00, 0x0C, 0x08, 0x2A, 0x08, 0x2A, 0x08, 0x2A, 0x08, 0x2A, 0x08, 0x2A,
    0x00, 0x2B, 0x08, 0x2A, 0x00, 0x2B, 0x08, 0x2A, 0x00, 0x0C, 0x08, 0x2A, 0x00, 0x0C, 0x08, 0x2A,
    0x00, 0x0C, 0x08, 0x2A, 0x00, 0x0C, 0x08, 0x2A, 0x00, 0x2B, 0x08, 0x2A, 0x08, 0x2A, 0x08, 0x2A,
    0x08, 0x2A, 0x08, 0x2A, 0x00, 0x0E, 0x08, 0x2A, 0x00, 0x0E, 0x08, 0x2A, 0x00, 0x0C, 0x08, 0x2A,
    0x08, 0x2A, 0x08, 0x2A, 0x00, 0x0E, 0x08, 0x2A, 0x00, 0x0D, 0x08, 0x2A, 0x00, 0x0B, 0x08, 0x2A,
    0x00, 0x0D, 0x08, 0x2A, 0x00, 0x2B, 0x08, 0x2A, 0x08, 0x2A, 0x08, 0x2A, 0x00, 0x2B, 0x08, 0x2A,
    0x00, 0x0B, 0x08, 0x2A, 0x08, 0x2A, 0x08, 0x2A, 0x00, 0x2B, 0x08, 0x2A, 0x00, 0x2B, 0x08, 0x2A,
    0x00, 0x0C, 0x08, 0x2A, 0x00, 0x0E, 0x08, 0x2A, 0x00, 0x0D, 0x08, 0x2A, 0x00, 0x0C, 0x08, 0x2A,
    0x00, 0x2B, 0x08, 0x2A, 0x00, 0x2A, 0x08, 0x2A, 0x00, 0x2B, 0x08, 0x2A, 0x00, 0x0E, 0x08, 0x2A,
    0x00, 0x0C, 0x08, 0x2A, 0x08, 0x2A, 0x08, 0x2A, 0x08, 0x2A, 0x08, 0x2A, 0x00, 0x2B, 0x08, 0x2A,
    0x00, 0x2B, 0x08, 0x2A, 0x00, 0x0C, 0x08, 0x2A, 0x00, 0x0C, 0x08, 0x2A, 0x00, 0x0C, 0x08, 0x2A,
    0x00, 0x0C, 0x08, 0x2A, 0x00, 0x2B, 0x08, 0x2A, 0x08, 0x2A, 0x08, 0x2A, 0x08, 0x2A, 0x08, 0x2A,
    0x00, 0x0E, 0x08, 0x2A, 0x00, 0x0E, 0x08, 0x4E, 0x00, 0x0C, 0x00, 0x00, 0x08, 0x2A, 0x00, 0x00,
    0x10, 0x76, 0x08, 0x2A, 0x08, 0x4E, 0x08, 0x2A, 0x00, 0x00, 0x00, 0x2B, 0x08, 0x2A, 0x00, 0x0F,
    0x08, 0x2A, 0x00, 0x0C, 0x08, 0x2A, 0x08, 0x2A, 0x08, 0x2A, 0x08, 0x2A, 0x08, 0x2A, 0x00, 0x2B,
    0x08, 0x2A, 0x00, 0x0C, 0x08, 0x2A, 0x00, 0x0C, 0x08, 0x2A, 0x00, 0x0C, 0x08, 0x2A, 0x00, 0x2B,
    0x08, 0x2A, 0x00, 0x2B, 0x08, 0x2A, 0x00, 0x0C, 0x08, 0x2A, 0x08, 0x2A, 0x08, 0x2A, 0x00, 0x2B,
    0x08, 0x2A, 0x00, 0x0E, 0x08, 0x2A, 0x00, 0x0D, 0x08, 0x2A, 0x00, 0x0D, 0x08, 0x2A, 0x08, 0x2A,
    0x08, 0x2A, 0x00, 0x0E, 0x08, 0x2A, 0x00, 0x0E, 0x08, 0x2A, 0x00, 0x2A, 0x08, 0x2A, 0x00, 0x0D,
    0x08, 0x2A, 0x08, 0x2A, 0x08, 0x2A, 0x08, 0x2A, 0x08, 0x2A, 0x00, 0x0B, 0x08, 0x2A, 0x08, 0x2A,
    0x08, 0x2A, 0x08, 0x2A, 0x08, 0x2A, 0x00, 0x2A, 0x08, 0x2A, 0x08, 0x2A, 0x08, 0x2A, 0x00, 0x0C,
    0x08, 0x2A, 0x00, 0x0D, 0x08, 0x2A, 0x00, 0x0D, 0x08, 0x2A, 0x00, 0x2B, 0x08, 0x2A, 0x08, 0x2A,
    0x08, 0x2A, 0x08, 0x2A, 0x08, 0x2A, 0x00, 0x2B, 0x08, 0x2A, 0x00, 0x0F, 0x08, 0x2A, 0x00, 0x0C,
    0x08, 0x2A, 0x08, 0x2A, 0x08, 0x2A, 0x08, 0x2A, 0x08, 0x2A, 0x00, 0x2B, 0x08, 0x2A, 0x00, 0x0C,
    0x08, 0x2A, 0x00, 0x0C, 0x08, 0x2A, 0x00, 0x0C, 0x08, 0x2A, 0x00, 0x2B, 0x08, 0x2A, 0x00, 0x2B,
    0x08, 0x2A, 0x00, 0x0C, 0x08, 0x2A, 0x08, 0x2A, 0x08, 0x2A, 0x00, 0x2B, 0x08, 0x2A, 0x00, 0x0E,
    0x08, 0x2A, 0x00, 0x0D, 0x08, 0x2A, 0x00, 0x0D, 0x08, 0x2A, 0x08, 0x2A, 0x08, 0x2A, 0x00, 0x0E,
    0x08, 0x2A, 0x00, 0x0E, 0x08, 0x2A, 0x00, 0x2A, 0x08, 0x2A, 0x00, 0x0D, 0x08, 0x2A, 0x08, 0x2A,
    0x08, 0x2A, 0x08, 0x2A, 0x08, 0x2A, 0x00, 0x0B, 0x08, 0x2A, 0x08, 0x2A, 0x08, 0x2A, 0x08, 0x2A,
    0x08, 0x2A, 0x00, 0x2A, 0x08, 0x2A, 0x08, 0x2A, 0x08, 0x2A, 0x00, 0x0C, 0x08, 0x2A, 0x00, 0x0D,
    0x08, 0x2A, 0x00, 0x0D, 0x08, 0x2A, 0x00, 0x2B, 0x08, 0x2A, 0x08, 0x2A, 0x08, 0x2A, 0x08, 0x2A,
    0x08, 0x2A, 0x00, 0x2B, 0x08, 0x2A, 0x00, 0x0F, 0x08, 0x2A, 0x00, 0x0C, 0x08, 0x2A, 0x08, 0x2A,
    0x08, 0x2A, 0x08, 0x2A, 0x08, 0x2A, 0x00, 0x2B, 0x08, 0x2A, 0x00, 0x0C, 0x08, 0x2A, 0x00, 0x0C,
    0x08, 0x2A, 0x00, 0x0C, 0x08, 0x2A, 0x00, 0x2B, 0x08, 0x2A, 0x00, 0x2B, 0x08, 0x2A, 0x00, 0x0C,
    0x08, 0x2A, 0x08, 0x2A, 0x08, 0x2A, 0x00, 0x2B, 0x08, 0x2A, 0x00, 0x0E, 0x08, 0x2A, 0x00, 0x0D,
    0x08, 0x2A, 0x00, 0x0D, 0x08, 0x2A, 0x08, 0x2A, 0x08, 0x2A, 0x00, 0x0E, 0x08, 0x2A, 0x00, 0x0E,
    0x08, 0x2A, 0x00, 0x2A, 0x08, 0x2A, 0x00, 0x0D, 0x08, 0x2A, 0x08, 0x2A, 0x08, 0x2A, 0x08, 0x2A,
    0x08, 0x2A, 0x00, 0x0B, 0x08, 0x2A, 0x08, 0x2A, 0x08, 0x2A, 0x08, 0x2A, 0x08, 0x2A, 0x00, 0x2A,
    0x08, 0x2A, 0x08, 0x2A, 0x08, 0x2A, 0x00, 0x0C, 0x08, 0x2A, 0x00, 0x0D, 0x08, 0x2A, 0x00, 0x0D,
    0x08, 0x2A, 0x00, 0x2B, 0x08, 0x2A, 0x08, 0x2A, 0x08, 0x2A, 0x08, 0x2A, 0x08, 0x2A, 0x00, 0x2B,
    0x08, 0x2A, 0x00, 0x0F, 0x08, 0x2A, 0x00, 0x0C, 0x08, 0x2A, 0x08, 0x2A, 0x08, 0x2A, 0x08, 0x2A,
    0x08, 0x2A, 0x00, 0x2B, 0x08, 0x2A, 0x00, 0x0C, 0x08, 0x2A, 0x00, 0x0C, 0x08, 0x2A, 0x00, 0x0C,
    0x08, 0x2A, 0x00, 0x2B, 0x08, 0x2A, 0x00, 0x2B, 0x08, 0x2A, 0x00, 0x0C, 0x08, 0x2A, 0x08, 0x2A,
    0x08, 0x2A, 0x00, 0x2B, 0x08, 0x2A, 0x00, 0x0E, 0x08, 0x2A, 0x00, 0x0D, 0x08, 0x2A, 0x00, 0x0D,
    0x08, 0x2A, 0x08, 0x2A, 0x08, 0x2A, 0x00, 0x0E, 0x08, 0x2A, 0x00, 0x0E, 0x08, 0x2A, 0x00, 0x2A,
    0x08, 0x2A, 0x00, 0x0D, 0x08, 0x2A, 0x08, 0x2A, 0x08, 0x2A, 0x08, 0x2A, 0x08, 0x2A, 0x00, 0x0B,
    0x08, 0x2A, 0x08, 0x2A, 0x08, 0x2A, 0x08, 0x2A, 0x08, 0x2A, 0x00, 0x2A, 0x08, 0x2A, 0x08, 0x2A,
    0x08, 0x2A, 0x00, 0x0C, 0x08, 0x2A, 0x00, 0x0D, 0x08, 0x2A, 0x00, 0x0D, 0x08, 0x2A, 0x00, 0x2B,
    0x08, 0x2A, 0x08, 0x2A, 0x08, 0x2A, 0x08, 0x2A, 0x08, 0x2A, 0x00, 0x2B, 0x08, 0x2A, 0x00, 0x0F,
    0x08, 0x2A, 0x00, 0x0C, 0x08, 0x2A, 0x08, 0x2A, 0x08, 0x2A, 0x08, 0x2A, 0x08, 0x2A, 0x00, 0x2B,
    0x08, 0x2A, 0x00, 0x0C, 0x08, 0x2A, 0x00, 0x0C, 0x08, 0x2A, 0x00, 0x0C, 0x08, 0x2A, 0x00, 0x2B,
    0x08, 0x2A, 0x00, 0x2B, 0x08, 0x2A, 0x00, 0x0C, 0x08, 0x2A, 0x08, 0x2A, 0x08, 0x2A, 0x00, 0x2B,
    0x08, 0x2A, 0x00, 0x0E, 0x08, 0x2A, 0x00, 0x0D, 0x08, 0x28, 0x00, 0x0D, 0x00, 0x00, 0x08, 0x2A,
    0x00, 0x0B, 0x10, 0x6F, 0x08, 0x2A, 0x08, 0x4C, 0x08, 0x2A, 0x08, 0x4A, 0x00, 0x0D, 0x08, 0x4A,
    0x00, 0x10, 0x08, 0x4A, 0x00, 0x0D, 0x08, 0x4A, 0x08, 0x2A, 0x08, 0x4A, 0x08, 0x2A, 0x08, 0x4A,
    0x00, 0x0C, 0x08, 0x4A, 0x00, 0x0C, 0x08, 0x4A, 0x00, 0x0C, 0x08, 0x4A, 0x00, 0x0C, 0x08, 0x4A,
    0x00, 0x0B, 0x08, 0x4A, 0x00, 0x0C, 0x08, 0x4A, 0x00, 0x0D, 0x08, 0x4A, 0x08, 0x2A, 0x08, 0x4A,
    0x00, 0x2B, 0x08, 0x4A, 0x00, 0x0C, 0x08, 0x4A, 0x00, 0x0D, 0x08, 0x4A, 0x00, 0x0D, 0x08, 0x4A,
    0x08, 0x2A, 0x08, 0x4A, 0x00, 0x0E, 0x08, 0x4A, 0x00, 0x0E, 0x08, 0x4A, 0x00, 0x0C, 0x08, 0x4A,
    0x00, 0x0D, 0x42, 0x4E, 0x52, 0xAA, 0x52, 0xAA, 0x52, 0xAA, 0x52, 0xAA, 0x52, 0xAA, 0x52, 0xAA,
    0x52, 0xAA, 0x52, 0xAA, 0x52, 0xAA, 0x52, 0xAA, 0x52, 0xAA, 0x52, 0xAA, 0x52, 0xAA, 0x52, 0xAA,
    0x52, 0xAA, 0x52, 0xAA, 0x52, 0xAA, 0x52, 0xAA, 0x52, 0xAA, 0x52, 0xAA, 0x52, 0xAA, 0x52, 0xAA,
    0x52, 0xAA, 0x52, 0xAA, 0x52, 0xAA, 0x52, 0xAA, 0x52, 0xAA, 0x52, 0xAA, 0x52, 0xAA, 0x52, 0xAA,
    0x52, 0xAA, 0x52, 0xAA, 0x52, 0xAA, 0x52, 0xAA, 0x52, 0xAA, 0x52, 0xAA, 0x52, 0xAA, 0x42, 0x4D,
    0x00, 0x0C, 0x08, 0x4A, 0x00, 0x0C, 0x08, 0x4A, 0x00, 0x0C, 0x08, 0x4A, 0x00, 0x0B, 0x08, 0x4A,
    0x00, 0x0C, 0x08, 0x4A, 0x00, 0x0D, 0x08, 0x4A, 0x08, 0x2A, 0x08, 0x4A, 0x00, 0x2B, 0x08, 0x4A,
    0x00, 0x0C, 0x08, 0x4A, 0x00, 0x0D, 0x08, 0x4A, 0x00, 0x0D, 0x08, 0x4A, 0x08, 0x2A, 0x08, 0x4A,
    0x00, 0x0E, 0x08, 0x4A, 0x00, 0x0E, 0x08, 0x4A, 0x00, 0x0C, 0x08, 0x4A, 0x00, 0x0D, 0x08, 0x4A,
    0x08, 0x2A, 0x08, 0x4A, 0x08, 0x2A, 0x08, 0x4A, 0x00, 0x0C, 0x08, 0x4A, 0x08, 0x2A, 0x08, 0x4A,
    0x08, 0x2A, 0x08, 0x4A, 0x08, 0x2A, 0x08, 0x4A, 0x08, 0x2A, 0x08, 0x4A, 0x00, 0x0C, 0x08, 0x4A,
    0x00, 0x0C, 0x08, 0x4A, 0x00, 0x0B, 0x08, 0x4A, 0x00, 0x0B, 0x08, 0x4A, 0x08, 0x2A, 0x08, 0x4A,
    0x08, 0x2A, 0x08, 0x4A, 0x00, 0x0D, 0x08, 0x4A, 0x00, 0x10, 0x08, 0x4A, 0x00, 0x0D, 0x08, 0x4A,
    0x08, 0x2A, 0x08, 0x4A, 0x08, 0x2A, 0x08, 0x4A, 0x00, 0x0C, 0x08, 0x4A, 0x00, 0x0C, 0x08, 0x4A,
    0x00, 0x0C, 0x08, 0x4A, 0x00, 0x0C, 0x08, 0x4A, 0x00, 0x0B, 0x08, 0x4A, 0x00, 0x0C, 0x08, 0x4A,
    0x00, 0x0D, 0x08, 0x4A, 0x08, 0x2A, 0x08, 0x4A, 0x00, 0x2B, 0x08, 0x4A, 0x00, 0x0C, 0x08, 0x4A,
    0x00, 0x0D, 0x08, 0x4A, 0x00, 0x0D, 0x08, 0x4A, 0x08, 0x2A, 0x08, 0x4A, 0x00, 0x0E, 0x08, 0x4A,
    0x00, 0x0E, 0x08, 0x4A, 0x00, 0x0C, 0x08, 0x4A, 0x00, 0x0D, 0x08, 0x4A, 0x08, 0x2A, 0x08, 0x4A,
    0x08, 0x2A, 0x08, 0x4A, 0x00, 0x0C, 0x08, 0x4A, 0x08, 0x2A, 0x08, 0x4A, 0x08, 0x2A, 0x08, 0x4A,
    0x08, 0x2A, 0x08, 0x4A, 0x08, 0x2A, 0x08, 0x4A, 0x00, 0x0C, 0x08, 0x4A, 0x00, 0x0C, 0x08, 0x4A,
    0x00, 0x0B, 0x08, 0x4A, 0x00, 0x0B, 0x08, 0x4A, 0x08, 0x2A, 0x08, 0x4A, 0x08, 0x2A, 0x08, 0x4A,
    0x00, 0x0D, 0x08, 0x4A, 0x00, 0x10, 0x08, 0x4A, 0x00, 0x0D, 0x08, 0x4A, 0x08, 0x2A, 0x08, 0x4A,
    0x08, 0x2A, 0x08, 0x4A, 0x00, 0x0C, 0x08, 0x4A, 0x00, 0x0C, 0x08, 0x4A, 0x00, 0x0C, 0x08, 0x4A,
    0x00, 0x0C, 0x08, 0x4A, 0x00, 0x0B, 0x42, 0x4E, 0x52, 0xAA, 0x52, 0xAA, 0x52, 0xAA, 0x52, 0xAA,
    0x52, 0xAA, 0x52, 0xAA, 0x52, 0xAA, 0x52, 0xAA, 0x52, 0xAA, 0x52, 0xAA, 0x52, 0xAA, 0x52, 0xAA,
    0x52, 0xAA, 0x52, 0xAA, 0x52, 0xAA, 0x52, 0xAA, 0x52, 0xAA, 0x52, 0xAA, 0x52, 0xAA, 0x52, 0xAA,
    0x52, 0xAA, 0x52, 0xAA, 0x52, 0xAA, 0x52, 0xAA, 0x52, 0xAA, 0x52, 0xAA, 0x52, 0xAA, 0x52, 0xAA,
    0x52, 0xAA, 0x52, 0xAA, 0x52, 0xAA, 0x52, 0xAA, 0x52, 0xAA, 0x52, 0xAA, 0x52, 0xAA, 0x52, 0xAA,
    0x52, 0xAA, 0x42, 0x4D, 0x00, 0x0C, 0x08, 0x4A, 0x00, 0x0C, 0x08, 0x4A, 0x00, 0x0B, 0x08, 0x4A,
    0x00, 0x0B, 0x08, 0x4A, 0x08, 0x2A, 0x08, 0x4A, 0x08, 0x2A, 0x08, 0x4A, 0x00, 0x0D, 0x08, 0x4A,
    0x00, 0x10, 0x08, 0x4A, 0x00, 0x0D, 0x08, 0x4A, 0x08, 0x2A, 0x08, 0x4A, 0x08, 0x2A, 0x08, 0x4A,
    0x00, 0x0C, 0x08, 0x4A, 0x00, 0x0C, 0x08, 0x4A, 0x00, 0x0C, 0x08, 0x4A, 0x00, 0x0C, 0x08, 0x4A,
    0x00, 0x0B, 0x08, 0x4A, 0x00, 0x0C, 0x08, 0x4A, 0x00, 0x0D, 0x08, 0x4A, 0x08, 0x2A, 0x08, 0x4A,
    0x00, 0x2B, 0x08, 0x4A, 0x00, 0x0C, 0x10, 0x4F, 0x00, 0x0D, 0x00, 0x00, 0x00, 0x0D, 0x00, 0x00,
    0x18, 0x97, 0x00, 0x0D, 0x10, 0x6F, 0x00, 0x2B, 0x00, 0x00, 0x08, 0x2A, 0x08, 0x4A, 0x00, 0x0E,
    0x08, 0x4A, 0x00, 0x0F, 0x08, 0x4A, 0x00, 0x0C, 0x08, 0x4A, 0x08, 0x2A, 0x08, 0x4A, 0x00, 0x0C,
    0x08, 0x4A, 0x00, 0x0D, 0x08, 0x4A, 0x00, 0x2B, 0x08, 0x4A, 0x00, 0x0D, 0x08, 0x4A, 0x00, 0x0D,
    0x08, 0x4A, 0x00, 0x0C, 0x08, 0x4A, 0x00, 0x0D, 0x08, 0x4A, 0x00, 0x0B, 0x08, 0x4A, 0x08, 0x2A,
    0x08, 0x4A, 0x08, 0x2A, 0x08, 0x4A, 0x00, 0x2B, 0x08, 0x4A, 0x00, 0x0C, 0x08, 0x4A, 0x00, 0x0C,
    0x08, 0x4A, 0x00, 0x0D, 0x08, 0x4A, 0x00, 0x0D, 0x08, 0x4A, 0x00, 0x0F, 0x08, 0x4A, 0x00, 0x0D,
    0x08, 0x4A, 0x52, 0xAA, 0x63, 0x0C, 0x00, 0x00, 0x00, 0x00, 0x00, 0x00, 0x00, 0x00, 0x00, 0x00,
    0x00, 0x00, 0x00, 0x00, 0x00, 0x00, 0x00, 0x00, 0x00, 0x00, 0x00, 0x00, 0x00, 0x00, 0x00, 0x00,
    0x00, 0x00, 0x00, 0x00, 0x00, 0x00, 0x00, 0x00, 0x00, 0x00, 0x00, 0x00, 0x00, 0x00, 0x00, 0x00,
    0x00, 0x00, 0x00, 0x00, 0x00, 0x00, 0x00, 0x00, 0x00, 0x00, 0x00, 0x00, 0x00, 0x00, 0x00, 0x00,
    0x00, 0x00, 0x00, 0x00, 0x00, 0x00, 0x00, 0x00, 0x00, 0x00, 0x08, 0x41, 0x6B, 0x4D, 0x52, 0xAA,
    0x08, 0x4A, 0x00, 0x2B, 0x08, 0x4A, 0x00, 0x0D, 0x08, 0x4A, 0x00, 0x0D, 0x08, 0x4A, 0x00, 0x0C,
    0x08, 0x4A, 0x00, 0x0D, 0x08, 0x4A, 0x00, 0x0B, 0x08, 0x4A, 0x08, 0x2A, 0x08, 0x4A, 0x08, 0x2A,
    0x08, 0x4A, 0x00, 0x2B, 0x08, 0x4A, 0x00, 0x0C, 0x08, 0x4A, 0x00, 0x0C, 0x08, 0x4A, 0x00, 0x0D,
    0x08, 0x4A, 0x00, 0x0D, 0x08, 0x4A, 0x00, 0x0F, 0x08, 0x4A, 0x00, 0x0D, 0x08, 0x4A, 0x00, 0x0D,
    0x08, 0x4A, 0x08, 0x2A, 0x08, 0x4A, 0x08, 0x2A, 0x08, 0x4A, 0x00, 0x2B, 0x08, 0x4A, 0x08, 0x2A,
    0x08, 0x4A, 0x08, 0x2A, 0x08, 0x4A, 0x08, 0x2A, 0x08, 0x4A, 0x00, 0x2B, 0x08, 0x4A, 0x00, 0x0C,
    0x08, 0x4A, 0x00, 0x2B, 0x08, 0x4A, 0x00, 0x0C, 0x08, 0x4A, 0x00, 0x0D, 0x08, 0x4A, 0x00, 0x2B,
    0x08, 0x4A, 0x08, 0x2A, 0x08, 0x4A, 0x00, 0x0E, 0x08, 0x4A, 0x00, 0x0F, 0x08, 0x4A, 0x00, 0x0C,
    0x08, 0x4A, 0x08, 0x2A, 0x08, 0x4A, 0x00, 0x0C, 0x08, 0x4A, 0x00, 0x0D, 0x08, 0x4A, 0x00, 0x2B,
    0x08, 0x4A, 0x00, 0x0D, 0x08, 0x4A, 0x00, 0x0D, 0x08, 0x4A, 0x00, 0x0C, 0x08, 0x4A, 0x00, 0x0D,
    0x08, 0x4A, 0x00, 0x0B, 0x08, 0x4A, 0x08, 0x2A, 0x08, 0x4A, 0x08, 0x2A, 0x08, 0x4A, 0x00, 0x2B,
    0x08, 0x4A, 0x00, 0x0C, 0x08, 0x4A, 0x00, 0x0C, 0x08, 0x4A, 0x00, 0x0D, 0x08, 0x4A, 0x00, 0x0D,
    0x08, 0x4A, 0x00, 0x0F, 0x08, 0x4A, 0x00, 0x0D, 0x08, 0x4A, 0x00, 0x0D, 0x08, 0x4A, 0x08, 0x2A,
    0x08, 0x4A, 0x08, 0x2A, 0x08, 0x4A, 0x00, 0x2B, 0x08, 0x4A, 0x08, 0x2A, 0x08, 0x4A, 0x08, 0x2A,
    0x08, 0x4A, 0x08, 0x2A, 0x08, 0x4A, 0x00, 0x2B, 0x08, 0x4A, 0x00, 0x0C, 0x08, 0x4A, 0x00, 0x2B,
    0x08, 0x4A, 0x00, 0x0C, 0x08, 0x4A, 0x00, 0x0D, 0x08, 0x4A, 0x00, 0x2B, 0x08, 0x4A, 0x08, 0x2A,
    0x08, 0x4A, 0x00, 0x0E, 0x08, 0x4A, 0x00, 0x0F, 0x08, 0x4A, 0x00, 0x0C, 0x08, 0x4A, 0x08, 0x2A,
    0x08, 0x4A, 0x00, 0x0C, 0x08, 0x4A, 0x00, 0x0D, 0x08, 0x4A, 0x00, 0x2B, 0x08, 0x4A, 0x00, 0x0D,
    0x08, 0x4A, 0x00, 0x0D, 0x08, 0x4A, 0x52, 0xAA, 0x63, 0x0C, 0x00, 0x00, 0x00, 0x00, 0x00, 0x00,
    0x00, 0x00, 0x00, 0x00, 0x00, 0x00, 0x00, 0x00, 0x00, 0x00, 0x00, 0x00, 0x00, 0x00, 0x00, 0x00,
    0x00, 0x00, 0x00, 0x00, 0x00, 0x00, 0x00, 0x00, 0x00, 0x00, 0x00, 0x00, 0x00, 0x00, 0x00, 0x00,
    0x00, 0x00, 0x00, 0x00, 0x00, 0x00, 0x00, 0x00, 0x00, 0x00, 0x00, 0x00, 0x00, 0x00, 0x00, 0x00,
    0x00, 0x00, 0x00, 0x00, 0x00, 0x00, 0x00, 0x00, 0x00, 0x00, 0x00, 0x00, 0x00, 0x00, 0x08, 0x41,
    0x6B, 0x4D, 0x52, 0xAA, 0x08, 0x4A, 0x00, 0x0C, 0x08, 0x4A, 0x00, 0x2B, 0x08, 0x4A, 0x00, 0x0C,
    0x08, 0x4A, 0x00, 0x0D, 0x08, 0x4A, 0x00, 0x2B, 0x08, 0x4A, 0x08, 0x2A, 0x08, 0x4A, 0x00, 0x0E,
    0x08, 0x4A, 0x00, 0x0F, 0x08, 0x4A, 0x00, 0x0C, 0x08, 0x4A, 0x08, 0x2A, 0x08, 0x4A, 0x00, 0x0C,
    0x08, 0x4A, 0x00, 0x0D, 0x08, 0x4A, 0x00, 0x2B, 0x08, 0x4A, 0x00, 0x0D, 0x08, 0x4A, 0x00, 0x0D,
    0x08, 0x4A, 0x00, 0x0C, 0x08, 0x4A, 0x00, 0x0D, 0x08, 0x4A, 0x00, 0x0B, 0x08, 0x4A, 0x08, 0x2A,
    0x08, 0x4A, 0x08, 0x2A, 0x08, 0x4A, 0x00, 0x2B, 0x08, 0x29, 0x00, 0x0C, 0x00, 0x00, 0x00, 0x0C,
    0x00, 0x0D, 0x10, 0x70, 0x00, 0x0E, 0x08, 0x4C, 0x00, 0x2B, 0x08, 0x4B, 0x00, 0x2B, 0x08, 0x4B,
    0x00, 0x0C, 0x08, 0x4B, 0x00, 0x0E, 0x08, 0x4B, 0x00, 0x0C, 0x08, 0x4B, 0x08, 0x2A, 0x08, 0x4B,
    0x00, 0x0D, 0x08, 0x4B, 0x00, 0x0D, 0x08, 0x4B, 0x00, 0x2B, 0x08, 0x4B, 0x00, 0x0E, 0x08, 0x4B,
    0x00, 0x0C, 0x08, 0x4B, 0x00, 0x2B, 0x08, 0x4B, 0x00, 0x2B, 0x08, 0x4B, 0x08, 0x2A, 0x08, 0x4B,
    0x08, 0x2A, 0x08, 0x4B, 0x08, 0x2A, 0x08, 0x4B, 0x00, 0x2B, 0x08, 0x4B, 0x00, 0x0C, 0x08, 0x4B,
    0x00, 0x0C, 0x08, 0x4B, 0x00, 0x0C, 0x08, 0x4B, 0x00, 0x0D, 0x08, 0x4B, 0x00, 0x0E, 0x08, 0x4B,
    0x00, 0x0D, 0x52, 0xAA, 0x00, 0x00, 0x84, 0x10, 0x73, 0xAE, 0x84, 0x10, 0x8C, 0x71, 0x9C, 0xD3,
    0xA5, 0x34, 0xAD, 0x55, 0xB5, 0xB6, 0xB5, 0xB6, 0xBD, 0xF7, 0xBD, 0xD7, 0x00, 0x00, 0x84, 0x10,
    0x73, 0xAE, 0x84, 0x10, 0x8C, 0x71, 0x9C, 0xD3, 0xA5, 0x34, 0xAD, 0x55, 0xB5, 0xB6, 0xB5, 0xB6,
    0xBD, 0xF7, 0xBD, 0xD7, 0x00, 0x00, 0x84, 0x10, 0x73, 0xAE, 0x84, 0x10, 0x8C, 0x71, 0x9C, 0xD3,
    0xA5, 0x34, 0xAD, 0x55, 0xB5, 0xB6, 0xB5, 0xB6, 0xBD, 0xF7, 0xBD, 0xD7, 0x08, 0x41, 0x52, 0xAA,
    0x00, 0x0D, 0x08, 0x4B, 0x00, 0x2B, 0x08, 0x4B, 0x00, 0x0E, 0x08, 0x4B, 0x00, 0x0C, 0x08, 0x4B,
    0x00, 0x2B, 0x08, 0x4B, 0x00, 0x2B, 0x08, 0x4B, 0x08, 0x2A, 0x08, 0x4B, 0x08, 0x2A, 0x08, 0x4B,
    0x08, 0x2A, 0x08, 0x4B, 0x00, 0x2B, 0x08, 0x4B, 0x00, 0x0C, 0x08, 0x4B, 0x00, 0x0C, 0x08, 0x4B,
    0x00, 0x0C, 0x08, 0x4B, 0x00, 0x0D, 0x08, 0x4B, 0x00, 0x0E, 0x08, 0x4B, 0x00, 0x0D, 0x08, 0x4B,
    0x00, 0x0D, 0x08, 0x4B, 0x08, 0x2A, 0x08, 0x4B, 0x00, 0x2B, 0x08, 0x4B, 0x00, 0x2B, 0x08, 0x4B,
    0x08, 0x2A, 0x08, 0x4B, 0x00, 0x2B, 0x08, 0x4B, 0x00, 0x2B, 0x08, 0x4B, 0x00, 0x0D, 0x08, 0x4B,
    0x00, 0x0D, 0x08, 0x4B, 0x00, 0x0C, 0x08, 0x4B, 0x00, 0x0D, 0x08, 0x4B, 0x00, 0x0E, 0x08, 0x4B,
    0x00, 0x2B, 0x08, 0x4B, 0x00, 0x2B, 0x08, 0x4B, 0x00, 0x0C, 0x08, 0x4B, 0x00, 0x0E, 0x08, 0x4B,
    0x00, 0x0C, 0x08, 0x4B, 0x08, 0x2A, 0x08, 0x4B, 0x00, 0x0D, 0x08, 0x4B, 0x00, 0x0D, 0x08, 0x4B,
    0x00, 0x2B, 0x08, 0x4B, 0x00, 0x0E, 0x08, 0x4B, 0x00, 0x0C, 0x08, 0x4B, 0x00, 0x2B, 0x08, 0x4B,
    0x00, 0x2B, 0x08, 0x4B, 0x08, 0x2A, 0x08, 0x4B, 0x08, 0x2A, 0x08, 0x4B, 0x08, 0x2A, 0x08, 0x4B,
    0x00, 0x2B, 0x08, 0x4B, 0x00, 0x0C, 0x08, 0x4B, 0x00, 0x0C, 0x08, 0x4B, 0x00, 0x0C, 0x08, 0x4B,
    0x00, 0x0D, 0x08, 0x4B, 0x00, 0x0E, 0x08, 0x4B, 0x00, 0x0D, 0x08, 0x4B, 0x00, 0x0D, 0x08, 0x4B,
    0x08, 0x2A, 0x08, 0x4B, 0x00, 0x2B, 0x08, 0x4B, 0x00, 0x2B, 0x08, 0x4B, 0x08, 0x2A, 0x08, 0x4B,
    0x00, 0x2B, 0x08, 0x4B, 0x00, 0x2B, 0x08, 0x4B, 0x00, 0x0D, 0x08, 0x4B, 0x00, 0x0D, 0x08, 0x4B,
    0x00, 0x0C, 0x08, 0x4B, 0x00, 0x0D, 0x08, 0x4B, 0x00, 0x0E, 0x08, 0x4B, 0x00, 0x2B, 0x08, 0x4B,
    0x00, 0x2B, 0x08, 0x4B, 0x00, 0x0C, 0x08, 0x4B, 0x00, 0x0E, 0x08, 0x4B, 0x00, 0x0C, 0x08, 0x4B,
    0x08, 0x2A, 0x08, 0x4B, 0x00, 0x0D, 0x08, 0x4B, 0x00, 0x0D, 0x08, 0x4B, 0x00, 0x2B, 0x08, 0x4B,
    0x00, 0x0E, 0x08, 0x4B, 0x00, 0x0C, 0x52, 0xAA, 0x00, 0x00, 0x84, 0x10, 0x73, 0xAE, 0x84, 0x10,
    0x8C, 0x71, 0x9C, 0xD3, 0xA5, 0x34, 0xAD, 0x55, 0xB5, 0xB6, 0xB5, 0xB6, 0xBD, 0xF7, 0xBD, 0xD7,
    0x00, 0x00, 0x84, 0x10, 0x73, 0xAE, 0x84, 0x10, 0x8C, 0x71, 0x9C, 0xD3, 0xA5, 0x34, 0xAD, 0x55,
    0xB5, 0xB6, 0xB5, 0xB6, 0xBD, 0xF7, 0xBD, 0xD7, 0x00, 0x00, 0x84, 0x10, 0x73, 0xAE, 0x84, 0x10,
    0x8C, 0x71, 0x9C, 0xD3, 0xA5, 0x34, 0xAD, 0x55, 0xB5, 0xB6, 0xB5, 0xB6, 0xBD, 0xF7, 0xBD, 0xD7,
    0x08, 0x41, 0x52, 0xAA, 0x00, 0x0D, 0x08, 0x4B, 0x00, 0x0D, 0x08, 0x4B, 0x00, 0x0C, 0x08, 0x4B,
    0x00, 0x0D, 0x08, 0x4B, 0x00, 0x0E, 0x08, 0x4B, 0x00, 0x2B, 0x08, 0x4B, 0x00, 0x2B, 0x08, 0x4B,
    0x00, 0x0C, 0x08, 0x4B, 0x00, 0x0E, 0x08, 0x4B, 0x00, 0x0C, 0x08, 0x4B, 0x08, 0x2A, 0x08, 0x4B,
    0x00, 0x0D, 0x08, 0x4B, 0x00, 0x0D, 0x08, 0x4B, 0x00, 0x2B, 0x08, 0x4B, 0x00, 0x0E, 0x08, 0x4B,
    0x00, 0x0C, 0x08, 0x4B, 0x00, 0x2B, 0x08, 0x4B, 0x00, 0x2B, 0x08, 0x4B, 0x08, 0x2A, 0x08, 0x4B,
    0x08, 0x2A, 0x08, 0x4B, 0x08, 0x2A, 0x10, 0x6F, 0x00, 0x2B, 0x00, 0x00, 0x00, 0x0C, 0x00, 0x00,
    0x20, 0xB8, 0x00, 0x0D, 0x10, 0x6F, 0x00, 0x0E, 0x00, 0x00, 0x00, 0x2B, 0x08, 0x4B, 0x08, 0x2A,
    0x08, 0x4B, 0x00, 0x2B, 0x08, 0x4B, 0x00, 0x0E, 0x08, 0x4B, 0x00, 0x0C, 0x08, 0x4B, 0x08, 0x2A,
    0x08, 0x4B, 0x00, 0x0D, 0x08, 0x4B, 0x00, 0x0C, 0x08, 0x4B, 0x00, 0x0D, 0x08, 0x4B, 0x00, 0x0E,
    0x08, 0x4B, 0x00, 0x0B, 0x08, 0x4B, 0x08, 0x2A, 0x08, 0x4B, 0x08, 0x2A, 0x08, 0x4B, 0x00, 0x2B,
    0x08, 0x4B, 0x08, 0x2A, 0x08, 0x4B, 0x00, 0x2B, 0x08, 0x4B, 0x00, 0x2B, 0x08, 0x4B, 0x00, 0x2B,
    0x08, 0x4B, 0x00, 0x0B, 0x08, 0x4B, 0x00, 0x2B, 0x08, 0x4B, 0x00, 0x2B, 0x08, 0x4B, 0x00, 0x0B,
    0x08, 0x4B, 0x52, 0xAA, 0x00, 0x00, 0x84, 0x10, 0x7B, 0xEF, 0x84, 0x30, 0x94, 0x92, 0x94, 0x92,
    0x84, 0x10, 0x84, 0x30, 0xA5, 0x14, 0xBD, 0xF7, 0xC6, 0x38, 0xBD, 0xF7, 0x00, 0x00, 0x84, 0x10,
    0x7B, 0xEF, 0x84, 0x30, 0x94, 0x92, 0x94, 0x92, 0x84, 0x10, 0x84, 0x30, 0xA5, 0x14, 0xBD, 0xF7,
    0xC6, 0x38, 0xBD, 0xF7, 0x00, 0x00, 0x84, 0x10, 0x7B, 0xEF, 0x84, 0x30, 0x94, 0x92, 0x94, 0x92,
    0x84, 0x10, 0x84, 0x30, 0xA5, 0x14, 0xBD, 0xF7, 0xC6, 0x38, 0xBD, 0xF7, 0x00, 0x00, 0x52, 0xAA,
    0x08, 0x4B, 0x00, 0x0C, 0x08, 0x4B, 0x00, 0x0D, 0x08, 0x4B, 0x00, 0x0E, 0x08, 0x4B, 0x00, 0x0B,
    0x08, 0x4B, 0x08, 0x2A, 0x08, 0x4B, 0x08, 0x2A, 0x08, 0x4B, 0x00, 0x2B, 0x08, 0x4B, 0x08, 0x2A,
    0x08, 0x4B, 0x00, 0x2B, 0x08, 0x4B, 0x00, 0x2B, 0x08, 0x4B, 0x00, 0x2B, 0x08, 0x4B, 0x00, 0x0B,
    0x08, 0x4B, 0x00, 0x2B, 0x08, 0x4B, 0x00, 0x2B, 0x08, 0x4B, 0x00, 0x0B, 0x08, 0x4B, 0x00, 0x0D,
    0x08, 0x4B, 0x00, 0x0C, 0x08, 0x4B, 0x08, 0x2A, 0x08, 0x4B, 0x00, 0x0C, 0x08, 0x4B, 0x00, 0x2B,
    0x08, 0x4B, 0x08, 0x2A, 0x08, 0x4B, 0x00, 0x2B, 0x08, 0x4B, 0x00, 0x0D, 0x08, 0x4B, 0x00, 0x0F,
    0x08, 0x4B, 0x00, 0x0D, 0x08, 0x4B, 0x00, 0x0D, 0x08, 0x4B, 0x00, 0x0D, 0x08, 0x4B, 0x00, 0x0E,
    0x08, 0x4B, 0x00, 0x2B, 0x08, 0x4B, 0x08, 0x2A, 0x08, 0x4B, 0x00, 0x2B, 0x08, 0x4B, 0x00, 0x0E,
    0x08, 0x4B, 0x00, 0x0C, 0x08, 0x4B, 0x08, 0x2A, 0x08, 0x4B, 0x00, 0x0D, 0x08, 0x4B, 0x00, 0x0C,
    0x08, 0x4B, 0x00, 0x0D, 0x08, 0x4B, 0x00, 0x0E, 0x08, 0x4B, 0x00, 0x0B, 0x08, 0x4B, 0x08, 0x2A,
    0x08, 0x4B, 0x08, 0x2A, 0x08, 0x4B, 0x00, 0x2B, 0x08, 0x4B, 0x08, 0x2A, 0x08, 0x4B, 0x00, 0x2B,
    0x08, 0x4B, 0x00, 0x2B, 0x08, 0x4B, 0x00, 0x2B, 0x08, 0x4B, 0x00, 0x0B, 0x08, 0x4B, 0x00, 0x2B,
    0x08, 0x4B, 0x00, 0x2B, 0x08, 0x4B, 0x00, 0x0B, 0x08, 0x4B, 0x00, 0x0D, 0x08, 0x4B, 0x00, 0x0C,
    0x08, 0x4B, 0x08, 0x2A, 0x08, 0x4B, 0x00, 0x0C, 0x08, 0x4B, 0x00, 0x2B, 0x08, 0x4B, 0x08, 0x2A,
    0x08, 0x4B, 0x00, 0x2B, 0x08, 0x4B, 0x00, 0x0D, 0x08, 0x4B, 0x00, 0x0F, 0x08, 0x4B, 0x00, 0x0D,
    0x08, 0x4B, 0x00, 0x0D, 0x08, 0x4B, 0x00, 0x0D, 0x08, 0x4B, 0x00, 0x0E, 0x08, 0x4B, 0x00, 0x2B,
    0x08, 0x4B, 0x08, 0x2A, 0x08, 0x4B, 0x00, 0x2B, 0x08, 0x4B, 0x00, 0x0E, 0x08, 0x4B, 0x00, 0x0C,
    0x08, 0x4B, 0x08, 0x2A, 0x08, 0x4B, 0x00, 0x0D, 0x08, 0x4B, 0x00, 0x0C, 0x08, 0x4B, 0x00, 0x0D,
    0x08, 0x4B, 0x00, 0x0E, 0x08, 0x4B, 0x52, 0xAA, 0x00, 0x00, 0x84, 0x10, 0x7B, 0xEF, 0x84, 0x30,
    0x94, 0x92, 0x94, 0x92, 0x84, 0x10, 0x84, 0x30, 0xA5, 0x14, 0xBD, 0xF7, 0xC6, 0x38, 0xBD, 0xF7,
    0x00, 0x00, 0x84, 0x10, 0x7B, 0xEF, 0x84, 0x30, 0x94, 0x92, 0x94, 0x92, 0x84, 0x10, 0x84, 0x30,
    0xA5, 0x14, 0xBD, 0xF7, 0xC6, 0x38, 0xBD, 0xF7, 0x00, 0x00, 0x84, 0x10, 0x7B, 0xEF, 0x84, 0x30,
    0x94, 0x92, 0x94, 0x92, 0x84, 0x10, 0x84, 0x30, 0xA5, 0x14, 0xBD, 0xF7, 0xC6, 0x38, 0xBD, 0xF7,
    0x00, 0x00, 0x52, 0xAA, 0x08, 0x4B, 0x00, 0x0F, 0x08, 0x4B, 0x00, 0x0D, 0x08, 0x4B, 0x00, 0x0D,
    0x08, 0x4B, 0x00, 0x0D, 0x08, 0x4B, 0x00, 0x0E, 0x08, 0x4B, 0x00, 0x2B, 0x08, 0x4B, 0x08, 0x2A,
    0x08, 0x4B, 0x00, 0x2B, 0x08, 0x4B, 0x00, 0x0E, 0x08, 0x4B, 0x00, 0x0C, 0x08, 0x4B, 0x08, 0x2A,
    0x08, 0x4B, 0x00, 0x0D, 0x08, 0x4B, 0x00, 0x0C, 0x08, 0x4B, 0x00, 0x0D, 0x08, 0x4B, 0x00, 0x0E,
    0x08, 0x4B, 0x00, 0x0B, 0x08, 0x4B, 0x08, 0x2A, 0x08, 0x4B, 0x08, 0x2A, 0x08, 0x4B, 0x00, 0x2B,
    0x08, 0x4B, 0x08, 0x2A, 0x08, 0x4B, 0x00, 0x2B, 0x08, 0x49, 0x00, 0x2B, 0x00, 0x00, 0x00, 0x2B,
    0x00, 0x0C, 0x18, 0x91, 0x00, 0x0D, 0x10, 0x6C, 0x00, 0x0E, 0x10, 0x6B, 0x00, 0x2B, 0x10, 0x6B,
    0x08, 0x2A, 0x10, 0x6B, 0x00, 0x2B, 0x10, 0x6B, 0x00, 0x0E, 0x10, 0x6B, 0x00, 0x2B, 0x10, 0x6B,
    0x08, 0x2A, 0x10, 0x6B, 0x00, 0x0C, 0x10, 0x6B, 0x08, 0x2A, 0x10, 0x6B, 0x00, 0x0D, 0x10, 0x6B,
    0x00, 0x0D, 0x10, 0x6B, 0x00, 0x0C, 0x10, 0x6B, 0x08, 0x2A, 0x10, 0x6B, 0x00, 0x2B, 0x10, 0x6B,
    0x00, 0x0C, 0x10, 0x6B, 0x00, 0x0D, 0x10, 0x6B, 0x00, 0x0C, 0x10, 0x6B, 0x08, 0x2A, 0x10, 0x6B,
    0x00, 0x2B, 0x10, 0x6B, 0x00, 0x2B, 0x10, 0x6B, 0x08, 0x2A, 0x10, 0x6B, 0x08, 0x2A, 0x10, 0x6B,
    0x00, 0x2B, 0x52, 0xAA, 0x00, 0x00, 0x73, 0xAE, 0x73, 0x8E, 0x7B, 0xCF, 0x7B, 0xEF, 0x63, 0x2C,
    0x4A, 0x49, 0x39, 0xE7, 0x4A, 0x69, 0x8C, 0x51, 0xBD, 0xF7, 0xB5, 0xB6, 0x00, 0x00, 0x73, 0xAE,
    0x73, 0x8E, 0x7B, 0xCF, 0x7B, 0xEF, 0x63, 0x2C, 0x4A, 0x49, 0x39, 0xE7, 0x4A, 0x69, 0x8C, 0x51,
    0xBD, 0xF7, 0xB5, 0xB6, 0x00, 0x00, 0x73, 0xAE, 0x73, 0x8E, 0x7B, 0xCF, 0x7B, 0xEF, 0x63, 0x2C,
    0x4A, 0x49, 0x39, 0xE7, 0x4A, 0x69, 0x8C, 0x51, 0xBD, 0xF7, 0xB5, 0xB6, 0x00, 0x00, 0x52, 0xAA,
    0x00, 0x0C, 0x10, 0x6B, 0x08, 0x2A, 0x10, 0x6B, 0x00, 0x0D, 0x10, 0x6B, 0x00, 0x0D, 0x10, 0x6B,
    0x00, 0x0C, 0x10, 0x6B, 0x08, 0x2A, 0x10, 0x6B, 0x00, 0x2B, 0x10, 0x6B, 0x00, 0x0C, 0x10, 0x6B,
    0x00, 0x0D, 0x10, 0x6B, 0x00, 0x0C, 0x10, 0x6B, 0x08, 0x2A, 0x10, 0x6B, 0x00, 0x2B, 0x10, 0x6B,
    0x00, 0x2B, 0x10, 0x6B, 0x08, 0x2A, 0x10, 0x6B, 0x08, 0x2A, 0x10, 0x6B, 0x00, 0x2B, 0x10, 0x6B,
    0x00, 0x0C, 0x10, 0x6B, 0x00, 0x0C, 0x10, 0x6B, 0x00, 0x0C, 0x10, 0x6B, 0x00, 0x0E, 0x10, 0x6B,
    0x00, 0x2B, 0x10, 0x6B, 0x08, 0x2A, 0x10, 0x6B, 0x00, 0x0B, 0x10, 0x6B, 0x00, 0x0E, 0x10, 0x6B,
    0x00, 0x0E, 0x10, 0x6B, 0x00, 0x0D, 0x10, 0x6B, 0x00, 0x0C, 0x10, 0x6B, 0x00, 0x0D, 0x10, 0x6B,
    0x00, 0x0E, 0x10, 0x6B, 0x00, 0x2B, 0x10, 0x6B, 0x08, 0x2A, 0x10, 0x6B, 0x00, 0x2B, 0x10, 0x6B,
    0x00, 0x0E, 0x10, 0x6B, 0x00, 0x2B, 0x10, 0x6B, 0x08, 0x2A, 0x10, 0x6B, 0x00, 0x0C, 0x10, 0x6B,
    0x08, 0x2A, 0x10, 0x6B, 0x00, 0x0D, 0x10, 0x6B, 0x00, 0x0D, 0x10, 0x6B, 0x00, 0x0C, 0x10, 0x6B,
    0x08, 0x2A, 0x10, 0x6B, 0x00, 0x2B, 0x10, 0x6B, 0x00, 0x0C, 0x10, 0x6B, 0x00, 0x0D, 0x10, 0x6B,
    0x00, 0x0C, 0x10, 0x6B, 0x08, 0x2A, 0x10, 0x6B, 0x00, 0x2B, 0x10, 0x6B, 0x00, 0x2B, 0x10, 0x6B,
    0x08, 0x2A, 0x10, 0x6B, 0x08, 0x2A, 0x10, 0x6B, 0x00, 0x2B, 0x10, 0x6B, 0x00, 0x0C, 0x10, 0x6B,
    0x00, 0x0C, 0x10, 0x6B, 0x00, 0x0C, 0x10, 0x6B, 0x00, 0x0E, 0x10, 0x6B, 0x00, 0x2B, 0x10, 0x6B,
    0x08, 0x2A, 0x10, 0x6B, 0x00, 0x0B, 0x10, 0x6B, 0x00, 0x0E, 0x10, 0x6B, 0x00, 0x0E, 0x10, 0x6B,
    0x00, 0x0D, 0x10, 0x6B, 0x00, 0x0C, 0x10, 0x6B, 0x00, 0x0D, 0x10, 0x6B, 0x00, 0x0E, 0x10, 0x6B,
    0x00, 0x2B, 0x10, 0x6B, 0x08, 0x2A, 0x10, 0x6B, 0x00, 0x2B, 0x10, 0x6B, 0x00, 0x0E, 0x10, 0x6B,
    0x00, 0x2B, 0x10, 0x6B, 0x08, 0x2A, 0x10, 0x6B, 0x00, 0x0C, 0x10, 0x6B, 0x08, 0x2A, 0x10, 0x6B,
    0x00, 0x0D, 0x10, 0x6B, 0x00, 0x0D, 0x52, 0xAA, 0x00, 0x00, 0x73, 0xAE, 0x73, 0x8E, 0x7B, 0xCF,
    0x7B, 0xEF, 0x63, 0x2C, 0x4A, 0x49, 0x39, 0xE7, 0x4A, 0x69, 0x8C, 0x51, 0xBD, 0xF7, 0xB5, 0xB6,
    0x00, 0x00, 0x73, 0xAE, 0x73, 0x8E, 0x7B, 0xCF, 0x7B, 0xEF, 0x63, 0x2C, 0x4A, 0x49, 0x39, 0xE7,
    0x4A, 0x69, 0x8C, 0x51, 0xBD, 0xF7, 0xB5, 0xB6, 0x00, 0x00, 0x73, 0xAE, 0x73, 0x8E, 0x7B, 0xCF,
    0x7B, 0xEF, 0x63, 0x2C, 0x4A, 0x49, 0x39, 0xE7, 0x4A, 0x69, 0x8C, 0x51, 0xBD, 0xF7, 0xB5, 0xB6,
    0x00, 0x00, 0x52, 0xAA, 0x00, 0x0E, 0x10, 0x6B, 0x00, 0x0E, 0x10, 0x6B, 0x00, 0x0D, 0x10, 0x6B,
    0x00, 0x0C, 0x10, 0x6B, 0x00, 0x0D, 0x10, 0x6B, 0x00, 0x0E, 0x10, 0x6B, 0x00, 0x2B, 0x10, 0x6B,
    0x08, 0x2A, 0x10, 0x6B, 0x00, 0x2B, 0x10, 0x6B, 0x00, 0x0E, 0x10, 0x6B, 0x00, 0x2B, 0x10, 0x6B,
    0x08, 0x2A, 0x10, 0x6B, 0x00, 0x0C, 0x10, 0x6B, 0x08, 0x2A, 0x10, 0x6B, 0x00, 0x0D, 0x10, 0x6B,
    0x00, 0x0D, 0x10, 0x6B, 0x00, 0x0C, 0x10, 0x6B, 0x08, 0x2A, 0x10, 0x6B, 0x00, 0x2B, 0x10, 0x6B,
    0x00, 0x0C, 0x10, 0x6B, 0x00, 0x0D, 0x10, 0x90, 0x00, 0x0C, 0x00, 0x00, 0x08, 0x2A, 0x00, 0x00,
    0x20, 0xD8, 0x00, 0x2B, 0x10, 0x90, 0x00, 0x0D, 0x00, 0x00, 0x00, 0x0D, 0x10, 0x6B, 0x00, 0x0C,
    0x10, 0x6B, 0x08, 0x2A, 0x10, 0x6B, 0x00, 0x2B, 0x10, 0x6B, 0x00, 0x0C, 0x10, 0x6B, 0x08, 0x2A,
    0x10, 0x6B, 0x08, 0x2A, 0x10, 0x6B, 0x08, 0x2A, 0x10, 0x6B, 0x00, 0x2B, 0x10, 0x6B, 0x00, 0x0D,
    0x10, 0x6B, 0x00, 0x0E, 0x10, 0x6B, 0x00, 0x0C, 0x10, 0x6B, 0x08, 0x2A, 0x10, 0x6B, 0x00, 0x2B,
    0x10, 0x6B, 0x00, 0x0D, 0x10, 0x6B, 0x00, 0x0F, 0x10, 0x6B, 0x00, 0x2B, 0x10, 0x6B, 0x00, 0x2B,
    0x10, 0x6B, 0x00, 0x0C, 0x10, 0x6B, 0x00, 0x2B, 0x10, 0x6B, 0x08, 0x2A, 0x10, 0x6B, 0x00, 0x2B,
    0x10, 0x6B, 0x52, 0xAA, 0x00, 0x00, 0x6B, 0x6D, 0x63, 0x2C, 0x84, 0x10, 0x8C, 0x51, 0x73, 0x8E,
    0x4A, 0x49, 0x29, 0x65, 0x29, 0x45, 0x4A, 0x69, 0xA5, 0x14, 0xB5, 0xB6, 0x00, 0x00, 0x6B, 0x6D,
    0x63, 0x2C, 0x84, 0x10, 0x8C, 0x51, 0x73, 0x8E, 0x4A, 0x49, 0x29, 0x65, 0x29, 0x45, 0x4A, 0x69,
    0xA5, 0x14, 0xB5, 0xB6, 0x00, 0x00, 0x6B, 0x6D, 0x63, 0x2C, 0x84, 0x10, 0x8C, 0x51, 0x73, 0x8E,
    0x4A, 0x49, 0x29, 0x65, 0x29, 0x45, 0x4A, 0x69, 0xA5, 0x14, 0xB5, 0xB6, 0x00, 0x00, 0x52, 0xAA,
    0x10, 0x6B, 0x08, 0x2A, 0x10, 0x6B, 0x00, 0x2B, 0x10, 0x6B, 0x00, 0x0D, 0x10, 0x6B, 0x00, 0x0E,
    0x10, 0x6B, 0x00, 0x0C, 0x10, 0x6B, 0x08, 0x2A, 0x10, 0x6B, 0x00, 0x2B, 0x10, 0x6B, 0x00, 0x0D,
    0x10, 0x6B, 0x00, 0x0F, 0x10, 0x6B, 0x00, 0x2B, 0x10, 0x6B, 0x00, 0x2B, 0x10, 0x6B, 0x00, 0x0C,
    0x10, 0x6B, 0x00, 0x2B, 0x10, 0x6B, 0x08, 0x2A, 0x10, 0x6B, 0x00, 0x2B, 0x10, 0x6B, 0x00, 0x2B,
    0x10, 0x6B, 0x00, 0x0C, 0x10, 0x6B, 0x00, 0x0C, 0x10, 0x6B, 0x00, 0x0F, 0x10, 0x6B, 0x00, 0x0E,
    0x10, 0x6B, 0x00, 0x2B, 0x10, 0x6B, 0x08, 0x2A, 0x10, 0x6B, 0x00, 0x2B, 0x10, 0x6B, 0x00, 0x0C,
    0x10, 0x6B, 0x00, 0x0B, 0x10, 0x6B, 0x00, 0x0C, 0x10, 0x6B, 0x00, 0x2B, 0x10, 0x6B, 0x00, 0x0D,
    0x10, 0x6B, 0x00, 0x0D, 0x10, 0x6B, 0x00, 0x0C, 0x10, 0x6B, 0x08, 0x2A, 0x10, 0x6B, 0x00, 0x2B,
    0x10, 0x6B, 0x00, 0x0C, 0x10, 0x6B, 0x08, 0x2A, 0x10, 0x6B, 0x08, 0x2A, 0x10, 0x6B, 0x08, 0x2A,
    0x10, 0x6B, 0x00, 0x2B, 0x10, 0x6B, 0x00, 0x0D, 0x10, 0x6B, 0x00, 0x0E, 0x10, 0x6B, 0x00, 0x0C,
    0x10, 0x6B, 0x08, 0x2A, 0x10, 0x6B, 0x00, 0x2B, 0x10, 0x6B, 0x00, 0x0D, 0x10, 0x6B, 0x00, 0x0F,
    0x10, 0x6B, 0x00, 0x2B, 0x10, 0x6B, 0x00, 0x2B, 0x10, 0x6B, 0x00, 0x0C, 0x10, 0x6B, 0x00, 0x2B,
    0x10, 0x6B, 0x08, 0x2A, 0x10, 0x6B, 0x00, 0x2B, 0x10, 0x6B, 0x00, 0x2B, 0x10, 0x6B, 0x00, 0x0C,
    0x10, 0x6B, 0x00, 0x0C, 0x10, 0x6B, 0x00, 0x0F, 0x10, 0x6B, 0x00, 0x0E, 0x10, 0x6B, 0x00, 0x2B,
    0x10, 0x6B, 0x08, 0x2A, 0x10, 0x6B, 0x00, 0x2B, 0x10, 0x6B, 0x00, 0x0C, 0x10, 0x6B, 0x00, 0x0B,
    0x10, 0x6B, 0x00, 0x0C, 0x10, 0x6B, 0x00, 0x2B, 0x10, 0x6B, 0x00, 0x0D, 0x10, 0x6B, 0x00, 0x0D,
    0x10, 0x6B, 0x00, 0x0C, 0x10, 0x6B, 0x08, 0x2A, 0x10, 0x6B, 0x00, 0x2B, 0x10, 0x6B, 0x00, 0x0C,
    0x10, 0x6B, 0x08, 0x2A, 0x10, 0x6B, 0x08, 0x2A, 0x10, 0x6B, 0x08, 0x2A, 0x10, 0x6B, 0x00, 0x2B,
    0x10, 0x6B, 0x00, 0x0D, 0x10, 0x6B, 0x52, 0xAA, 0x00, 0x00, 0x6B, 0x6D, 0x63, 0x2C, 0x84, 0x10,
    0x8C, 0x51, 0x73, 0x8E, 0x4A, 0x49, 0x29, 0x65, 0x29, 0x45, 0x4A, 0x69, 0xA5, 0x14, 0xB5, 0xB6,
    0x00, 0x00, 0x6B, 0x6D, 0x63, 0x2C, 0x84, 0x10, 0x8C, 0x51, 0x73, 0x8E, 0x4A, 0x49, 0x29, 0x65,
    0x29, 0x45, 0x4A, 0x69, 0xA5, 0x14, 0xB5, 0xB6, 0x00, 0x00, 0x6B, 0x6D, 0x63, 0x2C, 0x84, 0x10,
    0x8C, 0x51, 0x73, 0x8E, 0x4A, 0x49, 0x29, 0x65, 0x29, 0x45, 0x4A, 0x69, 0xA5, 0x14, 0xB5, 0xB6,
    0x00, 0x00, 0x52, 0xAA, 0x10, 0x6B, 0x00, 0x0C, 0x10, 0x6B, 0x00, 0x0B, 0x10, 0x6B, 0x00, 0x0C,
    0x10, 0x6B, 0x00, 0x2B, 0x10, 0x6B, 0x00, 0x0D, 0x10, 0x6B, 0x00, 0x0D, 0x10, 0x6B, 0x00, 0x0C,
    0x10, 0x6B, 0x08, 0x2A, 0x10, 0x6B, 0x00, 0x2B, 0x10, 0x6B, 0x00, 0x0C, 0x10, 0x6B, 0x08, 0x2A,
    0x10, 0x6B, 0x08, 0x2A, 0x10, 0x6B, 0x08, 0x2A, 0x10, 0x6B, 0x00, 0x2B, 0x10, 0x6B, 0x00, 0x0D,
    0x10, 0x6B, 0x00, 0x0E, 0x10, 0x6B, 0x00, 0x0C, 0x10, 0x6B, 0x08, 0x2A, 0x10, 0x6B, 0x00, 0x2B,
    0x10, 0x6B, 0x00, 0x0D, 0x10, 0x6B, 0x00, 0x0F, 0x08, 0x49, 0x00, 0x2B, 0x00, 0x00, 0x00, 0x2B,
    0x00, 0x0B, 0x18, 0xB1, 0x00, 0x2B, 0x10, 0x6D, 0x00, 0x0C, 0x10, 0x6B, 0x00, 0x0D, 0x10, 0x6B,
    0x00, 0x0C, 0x10, 0x6B, 0x08, 0x2A, 0x10, 0x6B, 0x08, 0x2A, 0x10, 0x6B, 0x00, 0x0B, 0x10, 0x6B,
    0x08, 0x2A, 0x10, 0x6B, 0x08, 0x2A, 0x10, 0x6B, 0x00, 0x2B, 0x10, 0x6B, 0x00, 0x0C, 0x10, 0x6B,
    0x00, 0x0D, 0x10, 0x6B, 0x00, 0x0D, 0x10, 0x6B, 0x00, 0x0C, 0x10, 0x6B, 0x08, 0x2A, 0x10, 0x6B,
    0x08, 0x2A, 0x10, 0x6B, 0x00, 0x0F, 0x10, 0x6B, 0x00, 0x0E, 0x10, 0x6B, 0x08, 0x2A, 0x10, 0x6B,
    0x00, 0x2B, 0x10, 0x6B, 0x00, 0x0C, 0x10, 0x6B, 0x00, 0x2B, 0x10, 0x6B, 0x08, 0x2A, 0x10, 0x6B,
    0x00, 0x0C, 0x52, 0xAA, 0x00, 0x00, 0x63, 0x0C, 0x5A, 0xCB, 0x9C, 0xF3, 0xAD, 0x55, 0x9C, 0xD3,
    0x5A, 0xCB, 0x18, 0xC3, 0x29, 0x65, 0x39, 0xE7, 0x84, 0x30, 0xAD, 0x55, 0x00, 0x00, 0x63, 0x0C,
    0x5A, 0xCB, 0x9C, 0xF3, 0xAD, 0x55, 0x9C, 0xD3, 0x5A, 0xCB, 0x18, 0xC3, 0x29, 0x65, 0x39, 0xE7,
    0x84, 0x30, 0xAD, 0x55, 0x00, 0x00, 0x63, 0x0C, 0x5A, 0xCB, 0x9C, 0xF3, 0xAD, 0x55, 0x9C, 0xD3,
    0x5A, 0xCB, 0x18, 0xC3, 0x29, 0x65, 0x39, 0xE7, 0x84, 0x30, 0xAD, 0x55, 0x00, 0x00, 0x52, 0xAA,
    0x08, 0x2A, 0x10, 0x6B, 0x00, 0x2B, 0x10, 0x6B, 0x00, 0x0C, 0x10, 0x6B, 0x00, 0x0D, 0x10, 0x6B,
    0x00, 0x0D, 0x10, 0x6B, 0x00, 0x0C, 0x10, 0x6B, 0x08, 0x2A, 0x10, 0x6B, 0x08, 0x2A, 0x10, 0x6B,
    0x00, 0x0F, 0x10, 0x6B, 0x00, 0x0E, 0x10, 0x6B, 0x08, 0x2A, 0x10, 0x6B, 0x00, 0x2B, 0x10, 0x6B,
    0x00, 0x0C, 0x10, 0x6B, 0x00, 0x2B, 0x10, 0x6B, 0x08, 0x2A, 0x10, 0x6B, 0x00, 0x0C, 0x10, 0x6B,
    0x08, 0x2A, 0x10, 0x6B, 0x00, 0x0B, 0x10, 0x6B, 0x00, 0x0D, 0x10, 0x6B, 0x00, 0x0F, 0x10, 0x6B,
    0x00, 0x0C, 0x10, 0x6B, 0x08, 0x2A, 0x10, 0x6B, 0x08, 0x2A, 0x10, 0x6B, 0x00, 0x2B, 0x10, 0x6B,
    0x08, 0x2A, 0x10, 0x6B, 0x00, 0x2B, 0x10, 0x6B, 0x00, 0x0B, 0x10, 0x6B, 0x00, 0x2B, 0x10, 0x6B,
    0x00, 0x0C, 0x10, 0x6B, 0x00, 0x0D, 0x10, 0x6B, 0x00, 0x0C, 0x10, 0x6B, 0x08, 0x2A, 0x10, 0x6B,
    0x08, 0x2A, 0x10, 0x6B, 0x00, 0x0B, 0x10, 0x6B, 0x08, 0x2A, 0x10, 0x6B, 0x08, 0x2A, 0x10, 0x6B,
    0x00, 0x2B, 0x10, 0x6B, 0x00, 0x0C, 0x10, 0x6B, 0x00, 0x0D, 0x10, 0x6B, 0x00, 0x0D, 0x10, 0x6B,
    0x00, 0x0C, 0x10, 0x6B, 0x08, 0x2A, 0x10, 0x6B, 0x08, 0x2A, 0x10, 0x6B, 0x00, 0x0F, 0x10, 0x6B,
    0x00, 0x0E, 0x10, 0x6B, 0x08, 0x2A, 0x10, 0x6B, 0x00, 0x2B, 0x10, 0x6B, 0x00, 0x0C, 0x10, 0x6B,
    0x00, 0x2B, 0x10, 0x6B, 0x08, 0x2A, 0x10, 0x6B, 0x00, 0x0C, 0x10, 0x6B, 0x08, 0x2A, 0x10, 0x6B,
    0x00, 0x0B, 0x10, 0x6B, 0x00, 0x0D, 0x10, 0x6B, 0x00, 0x0F, 0x10, 0x6B, 0x00, 0x0C, 0x10, 0x6B,
    0x08, 0x2A, 0x10, 0x6B, 0x08, 0x2A, 0x10, 0x6B, 0x00, 0x2B, 0x10, 0x6B, 0x08, 0x2A, 0x10, 0x6B,
    0x00, 0x2B, 0x10, 0x6B, 0x00, 0x0B, 0x10, 0x6B, 0x00, 0x2B, 0x10, 0x6B, 0x00, 0x0C, 0x10, 0x6B,
    0x00, 0x0D, 0x10, 0x6B, 0x00, 0x0C, 0x10, 0x6B, 0x08, 0x2A, 0x10, 0x6B, 0x08, 0x2A, 0x10, 0x6B,
    0x00, 0x0B, 0x10, 0x6B, 0x08, 0x2A, 0x10, 0x6B, 0x08, 0x2A, 0x10, 0x6B, 0x00, 0x2B, 0x10, 0x6B,
    0x00, 0x0C, 0x10, 0x6B, 0x00, 0x0D, 0x52, 0xAA, 0x00, 0x00, 0x63, 0x0C, 0x5A, 0xCB, 0x9C, 0xF3,
    0xAD, 0x55, 0x9C, 0xD3, 0x5A, 0xCB, 0x18, 0xC3, 0x29, 0x65, 0x39, 0xE7, 0x84, 0x30, 0xAD, 0x55,
    0x00, 0x00, 0x63, 0x0C, 0x5A, 0xCB, 0x9C, 0xF3, 0xAD, 0x55, 0x9C, 0xD3, 0x5A, 0xCB, 0x18, 0xC3,
    0x29, 0x65, 0x39, 0xE7, 0x84, 0x30, 0xAD, 0x55, 0x00, 0x00, 0x63, 0x0C, 0x5A, 0xCB, 0x9C, 0xF3,
    0xAD, 0x55, 0x9C, 0xD3, 0x5A, 0xCB, 0x18, 0xC3, 0x29, 0x65, 0x39, 0xE7, 0x84, 0x30, 0xAD, 0x55,
    0x00, 0x00, 0x52, 0xAA, 0x00, 0x2B, 0x10, 0x6B, 0x08, 0x2A, 0x10, 0x6B, 0x00, 0x2B, 0x10, 0x6B,
    0x00, 0x0B, 0x10, 0x6B, 0x00, 0x2B, 0x10, 0x6B, 0x00, 0x0C, 0x10, 0x6B, 0x00, 0x0D, 0x10, 0x6B,
    0x00, 0x0C, 0x10, 0x6B, 0x08, 0x2A, 0x10, 0x6B, 0x08, 0x2A, 0x10, 0x6B, 0x00, 0x0B, 0x10, 0x6B,
    0x08, 0x2A, 0x10, 0x6B, 0x08, 0x2A, 0x10, 0x6B, 0x00, 0x2B, 0x10, 0x6B, 0x00, 0x0C, 0x10, 0x6B,
    0x00, 0x0D, 0x10, 0x6B, 0x00, 0x0D, 0x10, 0x6B, 0x00, 0x0C, 0x10, 0x6B, 0x08, 0x2A, 0x10, 0x6B,
    0x08, 0x2A, 0x10, 0x6B, 0x00, 0x0F, 0x18, 0xB0, 0x00, 0x0E, 0x00, 0x00, 0x08, 0x2A, 0x00, 0x00,
    0x29, 0x19, 0x00, 0x0C, 0x18, 0xB0, 0x00, 0x2B, 0x00, 0x00, 0x00, 0x2B, 0x10, 0x6B, 0x00, 0x0E,
    0x10, 0x6B, 0x00, 0x2B, 0x10, 0x6B, 0x08, 0x2A, 0x10, 0x6B, 0x08, 0x2A, 0x10, 0x6B, 0x00, 0x2B,
    0x10, 0x6B, 0x08, 0x2A, 0x10, 0x6B, 0x08, 0x2A, 0x10, 0x6B, 0x00, 0x0C, 0x10, 0x6B, 0x00, 0x2B,
    0x10, 0x6B, 0x00, 0x0C, 0x10, 0x6B, 0x00, 0x0D, 0x10, 0x6B, 0x00, 0x0C, 0x10, 0x6B, 0x08, 0x2A,
    0x10, 0x6B, 0x00, 0x2B, 0x10, 0x6B, 0x00, 0x0D, 0x10, 0x6B, 0x00, 0x0C, 0x10, 0x6B, 0x08, 0x2A,
    0x10, 0x6B, 0x00, 0x2B, 0x10, 0x6B, 0x00, 0x0C, 0x10, 0x6B, 0x00, 0x2B, 0x10, 0x6B, 0x00, 0x2B,
    0x10, 0x6B, 0x52, 0xAA, 0x00, 0x00, 0x5A, 0xEB, 0x5A, 0xCB, 0xAD, 0x55, 0xBD, 0xF7, 0xCE, 0x79,
    0xB5, 0x96, 0x5A, 0xCB, 0x4A, 0x49, 0x4A, 0x49, 0x84, 0x10, 0xA5, 0x34, 0x00, 0x00, 0x5A, 0xEB,
    0x5A, 0xCB, 0xAD, 0x55, 0xBD, 0xF7, 0xCE, 0x79, 0xB5, 0x96, 0x5A, 0xCB, 0x4A, 0x49, 0x4A, 0x49,
    0x84, 0x10, 0xA5, 0x34, 0x00, 0x00, 0x5A, 0xEB, 0x5A, 0xCB, 0xAD, 0x55, 0xBD, 0xF7, 0xCE, 0x79,
    0xB5, 0x96, 0x5A, 0xCB, 0x4A, 0x49, 0x4A, 0x49, 0x84, 0x10, 0xA5, 0x34, 0x00, 0x00, 0x52, 0xAA,
    0x10, 0x6B, 0x08, 0x2A, 0x10, 0x6B, 0x00, 0x0C, 0x10, 0x6B, 0x00, 0x2B, 0x10, 0x6B, 0x00, 0x0C,
    0x10, 0x6B, 0x00, 0x0D, 0x10, 0x6B, 0x00, 0x0C, 0x10, 0x6B, 0x08, 0x2A, 0x10, 0x6B, 0x00, 0x2B,
    0x10, 0x6B, 0x00, 0x0D, 0x10, 0x6B, 0x00, 0x0C, 0x10, 0x6B, 0x08, 0x2A, 0x10, 0x6B, 0x00, 0x2B,
    0x10, 0x6B, 0x00, 0x0C, 0x10, 0x6B, 0x00, 0x2B, 0x10, 0x6B, 0x00, 0x2B, 0x10, 0x6B, 0x00, 0x2B,
    0x10, 0x6B, 0x08, 0x2A, 0x10, 0x6B, 0x00, 0x2B, 0x10, 0x6B, 0x00, 0x0D, 0x10, 0x6B, 0x00, 0x2B,
    0x10, 0x6B, 0x08, 0x2A, 0x10, 0x6B, 0x08, 0x2A, 0x10, 0x6B, 0x08, 0x2A, 0x10, 0x6B, 0x00, 0x2B,
    0x10, 0x6B, 0x08, 0x2A, 0x10, 0x6B, 0x00, 0x2A, 0x10, 0x6B, 0x00, 0x0C, 0x10, 0x6B, 0x00, 0x2B,
    0x10, 0x6B, 0x00, 0x2B, 0x10, 0x6B, 0x00, 0x0E, 0x10, 0x6B, 0x00, 0x2B, 0x10, 0x6B, 0x08, 0x2A,
    0x10, 0x6B, 0x08, 0x2A, 0x10, 0x6B, 0x00, 0x2B, 0x10, 0x6B, 0x08, 0x2A, 0x10, 0x6B, 0x08, 0x2A,
    0x10, 0x6B, 0x00, 0x0C, 0x10, 0x6B, 0x00, 0x2B, 0x10, 0x6B, 0x00, 0x0C, 0x10, 0x6B, 0x00, 0x0D,
    0x10, 0x6B, 0x00, 0x0C, 0x10, 0x6B, 0x08, 0x2A, 0x10, 0x6B, 0x00, 0x2B, 0x10, 0x6B, 0x00, 0x0D,
    0x10, 0x6B, 0x00, 0x0C, 0x10, 0x6B, 0x08, 0x2A, 0x10, 0x6B, 0x00, 0x2B, 0x10, 0x6B, 0x00, 0x0C,
    0x10, 0x6B, 0x00, 0x2B, 0x10, 0x6B, 0x00, 0x2B, 0x10, 0x6B, 0x00, 0x2B, 0x10, 0x6B, 0x08, 0x2A,
    0x10, 0x6B, 0x00, 0x2B, 0x10, 0x6B, 0x00, 0x0D, 0x10, 0x6B, 0x00, 0x2B, 0x10, 0x6B, 0x08, 0x2A,
    0x10, 0x6B, 0x08, 0x2A, 0x10, 0x6B, 0x08, 0x2A, 0x10, 0x6B, 0x00, 0x2B, 0x10, 0x6B, 0x08, 0x2A,
    0x10, 0x6B, 0x00, 0x2A, 0x10, 0x6B, 0x00, 0x0C, 0x10, 0x6B, 0x00, 0x2B, 0x10, 0x6B, 0x00, 0x2B,
    0x10, 0x6B, 0x00, 0x0E, 0x10, 0x6B, 0x00, 0x2B, 0x10, 0x6B, 0x08, 0x2A, 0x10, 0x6B, 0x08, 0x2A,
    0x10, 0x6B, 0x00, 0x2B, 0x10, 0x6B, 0x08, 0x2A, 0x10, 0x6B, 0x08, 0x2A, 0x10, 0x6B, 0x00, 0x0C,
    0x10, 0x6B, 0x00, 0x2B, 0x10, 0x6B, 0x52, 0xAA, 0x00, 0x00, 0x5A, 0xEB, 0x5A, 0xCB, 0xAD, 0x55,
    0xBD, 0xF7, 0xCE, 0x79, 0xB5, 0x96, 0x5A, 0xCB, 0x4A, 0x49, 0x4A, 0x49, 0x84, 0x10, 0xA5, 0x34,
    0x00, 0x00, 0x5A, 0xEB, 0x5A, 0xCB, 0xAD, 0x55, 0xBD, 0xF7, 0xCE, 0x79, 0xB5, 0x96, 0x5A, 0xCB,
    0x4A, 0x49, 0x4A, 0x49, 0x84, 0x10, 0xA5, 0x34, 0x00, 0x00, 0x5A, 0xEB, 0x5A, 0xCB, 0xAD, 0x55,
    0xBD, 0xF7, 0xCE, 0x79, 0xB5, 0x96, 0x5A, 0xCB, 0x4A, 0x49, 0x4A, 0x49, 0x84, 0x10, 0xA5, 0x34,
    0x00, 0x00, 0x52, 0xAA, 0x10, 0x6B, 0x00, 0x2B, 0x10, 0x6B, 0x08, 0x2A, 0x10, 0x6B, 0x00, 0x2A,
    0x10, 0x6B, 0x00, 0x0C, 0x10, 0x6B, 0x00, 0x2B, 0x10, 0x6B, 0x00, 0x2B, 0x10, 0x6B, 0x00, 0x0E,
    0x10, 0x6B, 0x00, 0x2B, 0x10, 0x6B, 0x08, 0x2A, 0x10, 0x6B, 0x08, 0x2A, 0x10, 0x6B, 0x00, 0x2B,
    0x10, 0x6B, 0x08, 0x2A, 0x10, 0x6B, 0x08, 0x2A, 0x10, 0x6B, 0x00, 0x0C, 0x10, 0x6B, 0x00, 0x2B,
    0x10, 0x6B, 0x00, 0x0C, 0x10, 0x6B, 0x00, 0x0D, 0x10, 0x6B, 0x00, 0x0C, 0x10, 0x6B, 0x08, 0x2A,
    0x10, 0x6B, 0x00, 0x2B, 0x10, 0x6B, 0x00, 0x0D, 0x10, 0x6A, 0x00, 0x0C, 0x00, 0x00, 0x08, 0x2A,
    0x00, 0x2B, 0x18, 0xD2, 0x00, 0x0C, 0x10, 0x8D, 0x00, 0x0C, 0x10, 0x8C, 0x00, 0x0C, 0x10, 0x8C,
    0x00, 0x0D, 0x10, 0x8C, 0x00, 0x2A, 0x10, 0x8C, 0x08, 0x2A, 0x10, 0x8C, 0x08, 0x2A, 0x10, 0x8C,
    0x08, 0x2A, 0x10, 0x8C, 0x08, 0x2A, 0x10, 0x8C, 0x00, 0x2B, 0x10, 0x8C, 0x00, 0x2B, 0x10, 0x8C,
    0x08, 0x2A, 0x10, 0x8C, 0x00, 0x0C, 0x10, 0x8C, 0x00, 0x0D, 0x10, 0x8C, 0x00, 0x0C, 0x10, 0x8C,
    0x08, 0x2A, 0x10, 0x8C, 0x08, 0x2A, 0x10, 0x8C, 0x00, 0x0C, 0x10, 0x8C, 0x00, 0x2B, 0x10, 0x8C,
    0x08, 0x2A, 0x10, 0x8C, 0x00, 0x2B, 0x10, 0x8C, 0x00, 0x0C, 0x10, 0x8C, 0x08, 0x2A, 0x10, 0x8C,
    0x08, 0x2A, 0x52, 0xAA, 0x00, 0x00, 0x52, 0x8A, 0x4A, 0x69, 0xA5, 0x14, 0xD6, 0x9A, 0xE7, 0x1C,
    0xCE, 0x79, 0x9C, 0xD3, 0x73, 0x8E, 0x63, 0x2C, 0x94, 0x92, 0x9C, 0xD3, 0x00, 0x00, 0x52, 0x8A,
    0x4A, 0x69, 0xA5, 0x14, 0xD6, 0x9A, 0xE7, 0x1C, 0xCE, 0x79, 0x9C, 0xD3, 0x73, 0x8E, 0x63, 0x2C,
    0x94, 0x92, 0x9C, 0xD3, 0x00, 0x00, 0x52, 0x8A, 0x4A, 0x69, 0xA5, 0x14, 0xD6, 0x9A, 0xE7, 0x1C,
    0xCE, 0x79, 0x9C, 0xD3, 0x73, 0x8E, 0x63, 0x2C, 0x94, 0x92, 0x9C, 0xD3, 0x00, 0x00, 0x52, 0xAA,
    0x08, 0x2A, 0x10, 0x8C, 0x00, 0x2B, 0x10, 0x8C, 0x00, 0x2B, 0x10, 0x8C, 0x08, 0x2A, 0x10, 0x8C,
    0x00, 0x0C, 0x10, 0x8C, 0x00, 0x0D, 0x10, 0x8C, 0x00, 0x0C, 0x10, 0x8C, 0x08, 0x2A, 0x10, 0x8C,
    0x08, 0x2A, 0x10, 0x8C, 0x00, 0x0C, 0x10, 0x8C, 0x00, 0x2B, 0x10, 0x8C, 0x08, 0x2A, 0x10, 0x8C,
    0x00, 0x2B, 0x10, 0x8C, 0x00, 0x0C, 0x10, 0x8C, 0x08, 0x2A, 0x10, 0x8C, 0x08, 0x2A, 0x10, 0x8C,
    0x08, 0x2A, 0x10, 0x8C, 0x08, 0x2A, 0x10, 0x8C, 0x08, 0x2A, 0x10, 0x8C, 0x08, 0x2A, 0x10, 0x8C,
    0x08, 0x2A, 0x10, 0x8C, 0x08, 0x2A, 0x10, 0x8C, 0x08, 0x2A, 0x10, 0x8C, 0x00, 0x0B, 0x10, 0x8C,
    0x00, 0x0C, 0x10, 0x8C, 0x08, 0x2A, 0x10, 0x8C, 0x00, 0x2B, 0x10, 0x8C, 0x00, 0x0C, 0x10, 0x8C,
    0x00, 0x0C, 0x10, 0x8C, 0x00, 0x0C, 0x10, 0x8C, 0x00, 0x0D, 0x10, 0x8C, 0x00, 0x2A, 0x10, 0x8C,
    0x08, 0x2A, 0x10, 0x8C, 0x08, 0x2A, 0x10, 0x8C, 0x08, 0x2A, 0x10, 0x8C, 0x08, 0x2A, 0x10, 0x8C,
    0x00, 0x2B, 0x10, 0x8C, 0x00, 0x2B, 0x10, 0x8C, 0x08, 0x2A, 0x10, 0x8C, 0x00, 0x0C, 0x10, 0x8C,
    0x00, 0x0D, 0x10, 0x8C, 0x00, 0x0C, 0x10, 0x8C, 0x08, 0x2A, 0x10, 0x8C, 0x08, 0x2A, 0x10, 0x8C,
    0x00, 0x0C, 0x10, 0x8C, 0x00, 0x2B, 0x10, 0x8C, 0x08, 0x2A, 0x10, 0x8C, 0x00, 0x2B, 0x10, 0x8C,
    0x00, 0x0C, 0x10, 0x8C, 0x08, 0x2A, 0x10, 0x8C, 0x08, 0x2A, 0x10, 0x8C, 0x08, 0x2A, 0x10, 0x8C,
    0x08, 0x2A, 0x10, 0x8C, 0x08, 0x2A, 0x10, 0x8C, 0x08, 0x2A, 0x10, 0x8C, 0x08, 0x2A, 0x10, 0x8C,
    0x08, 0x2A, 0x10, 0x8C, 0x08, 0x2A, 0x10, 0x8C, 0x00, 0x0B, 0x10, 0x8C, 0x00, 0x0C, 0x10, 0x8C,
    0x08, 0x2A, 0x10, 0x8C, 0x00, 0x2B, 0x10, 0x8C, 0x00, 0x0C, 0x10, 0x8C, 0x00, 0x0C, 0x10, 0x8C,
    0x00, 0x0C, 0x10, 0x8C, 0x00, 0x0D, 0x10, 0x8C, 0x00, 0x2A, 0x10, 0x8C, 0x08, 0x2A, 0x10, 0x8C,
    0x08, 0x2A, 0x10, 0x8C, 0x08, 0x2A, 0x10, 0x8C, 0x08, 0x2A, 0x10, 0x8C, 0x00, 0x2B, 0x10, 0x8C,
    0x00, 0x2B, 0x10, 0x8C, 0x08, 0x2A, 0x52, 0xAA, 0x00, 0x00, 0x52, 0x8A, 0x4A, 0x69, 0xA5, 0x14,
    0xD6, 0x9A, 0xE7, 0x1C, 0xCE, 0x79, 0x9C, 0xD3, 0x73, 0x8E, 0x63, 0x2C, 0x94, 0x92, 0x9C, 0xD3,
    0x00, 0x00, 0x52, 0x8A, 0x4A, 0x69, 0xA5, 0x14, 0xD6, 0x9A, 0xE7, 0x1C, 0xCE, 0x79, 0x9C, 0xD3,
    0x73, 0x8E, 0x63, 0x2C, 0x94, 0x92, 0x9C, 0xD3, 0x00, 0x00, 0x52, 0x8A, 0x4A, 0x69, 0xA5, 0x14,
    0xD6, 0x9A, 0xE7, 0x1C, 0xCE, 0x79, 0x9C, 0xD3, 0x73, 0x8E, 0x63, 0x2C, 0x94, 0x92, 0x9C, 0xD3,
    0x00, 0x00, 0x52, 0xAA, 0x00, 0x0B, 0x10, 0x8C, 0x00, 0x0C, 0x10, 0x8C, 0x08, 0x2A, 0x10, 0x8C,
    0x00, 0x2B, 0x10, 0x8C, 0x00, 0x0C, 0x10, 0x8C, 0x00, 0x0C, 0x10, 0x8C, 0x00, 0x0C, 0x10, 0x8C,
    0x00, 0x0D, 0x10, 0x8C, 0x00, 0x2A, 0x10, 0x8C, 0x08, 0x2A, 0x10, 0x8C, 0x08, 0x2A, 0x10, 0x8C,
    0x08, 0x2A, 0x10, 0x8C, 0x08, 0x2A, 0x10, 0x8C, 0x00, 0x2B, 0x10, 0x8C, 0x00, 0x2B, 0x10, 0x8C,
    0x08, 0x2A, 0x10, 0x8C, 0x00, 0x0C, 0x10, 0x8C, 0x00, 0x0D, 0x10, 0x8C, 0x00, 0x0C, 0x10, 0x8C,
    0x08, 0x2A, 0x10, 0x8C, 0x08, 0x2A, 0x18, 0xB1, 0x00, 0x0C, 0x00, 0x00, 0x00, 0x2B, 0x00, 0x00,
    0x29, 0x3A, 0x00, 0x0B, 0x18, 0xB1, 0x00, 0x0C, 0x00, 0x00, 0x00, 0x0C, 0x10, 0x8C, 0x00, 0x0C,
    0x10, 0x8C, 0x00, 0x0C, 0x10, 0x8C, 0x00, 0x2B, 0x10, 0x8C, 0x08, 0x2A, 0x10, 0x8C, 0x08, 0x2A,
    0x10, 0x8C, 0x08, 0x2A, 0x10, 0x8C, 0x08, 0x2A, 0x10, 0x8C, 0x08, 0x2A, 0x10, 0x8C, 0x08, 0x2A,
    0x10, 0x8C, 0x08, 0x2A, 0x10, 0x8C, 0x00, 0x0C, 0x10, 0x8C, 0x00, 0x0D, 0x10, 0x8C, 0x00, 0x2B,
    0x10, 0x8C, 0x00, 0x2B, 0x10, 0x8C, 0x08, 0x2A, 0x10, 0x8C, 0x00, 0x0D, 0x10, 0x8C, 0x00, 0x2B,
    0x10, 0x8C, 0x08, 0x2A, 0x10, 0x8C, 0x00, 0x2B, 0x10, 0x8C, 0x00, 0x0D, 0x10, 0x8C, 0x08, 0x2A,
    0x10, 0x8C, 0x52, 0xAA, 0x00, 0x00, 0x4A, 0x69, 0x42, 0x08, 0x6B, 0x6D, 0xBD, 0xF7, 0xD6, 0x9A,
    0xBD, 0xF7, 0xAD, 0x55, 0x8C, 0x51, 0x7B, 0xEF, 0x94, 0x92, 0x8C, 0x71, 0x00, 0x00, 0x4A, 0x69,
    0x42, 0x08, 0x6B, 0x6D, 0xBD, 0xF7, 0xD6, 0x9A, 0xBD, 0xF7, 0xAD, 0x55, 0x8C, 0x51, 0x7B, 0xEF,
    0x94, 0x92, 0x8C, 0x71, 0x00, 0x00, 0x4A, 0x69, 0x42, 0x08, 0x6B, 0x6D, 0xBD, 0xF7, 0xD6, 0x9A,
    0xBD, 0xF7, 0xAD, 0x55, 0x8C, 0x51, 0x7B, 0xEF, 0x94, 0x92, 0x8C, 0x71, 0x00, 0x00, 0x52, 0xAA,
    0x10, 0x8C, 0x08, 0x2A, 0x10, 0x8C, 0x08, 0x2A, 0x10, 0x8C, 0x08, 0x2A, 0x10, 0x8C, 0x08, 0x2A,
    0x10, 0x8C, 0x00, 0x0C, 0x10, 0x8C, 0x00, 0x0D, 0x10, 0x8C, 0x00, 0x2B, 0x10, 0x8C, 0x00, 0x2B,
    0x10, 0x8C, 0x08, 0x2A, 0x10, 0x8C, 0x00, 0x0D, 0x10, 0x8C, 0x00, 0x2B, 0x10, 0x8C, 0x08, 0x2A,
    0x10, 0x8C, 0x00, 0x2B, 0x10, 0x8C, 0x00, 0x0D, 0x10, 0x8C, 0x08, 0x2A, 0x10, 0x8C, 0x08, 0x2A,
    0x10, 0x8C, 0x08, 0x2A, 0x10, 0x8C, 0x08, 0x2A, 0x10, 0x8C, 0x08, 0x2A, 0x10, 0x8C, 0x08, 0x2A,
    0x10, 0x8C, 0x08, 0x2A, 0x10, 0x8C, 0x00, 0x2B, 0x10, 0x8C, 0x08, 0x2A, 0x10, 0x8C, 0x00, 0x0D,
    0x10, 0x8C, 0x00, 0x0C, 0x10, 0x8C, 0x08, 0x2A, 0x10, 0x8C, 0x00, 0x0B, 0x10, 0x8C, 0x00, 0x0C,
    0x10, 0x8C, 0x00, 0x0C, 0x10, 0x8C, 0x00, 0x0C, 0x10, 0x8C, 0x00, 0x0C, 0x10, 0x8C, 0x00, 0x2B,
    0x10, 0x8C, 0x08, 0x2A, 0x10, 0x8C, 0x08, 0x2A, 0x10, 0x8C, 0x08, 0x2A, 0x10, 0x8C, 0x08, 0x2A,
    0x10, 0x8C, 0x08, 0x2A, 0x10, 0x8C, 0x08, 0x2A, 0x10, 0x8C, 0x08, 0x2A, 0x10, 0x8C, 0x00, 0x0C,
    0x10, 0x8C, 0x00, 0x0D, 0x10, 0x8C, 0x00, 0x2B, 0x10, 0x8C, 0x00, 0x2B, 0x10, 0x8C, 0x08, 0x2A,
    0x10, 0x8C, 0x00, 0x0D, 0x10, 0x8C, 0x00, 0x2B, 0x10, 0x8C, 0x08, 0x2A, 0x10, 0x8C, 0x00, 0x2B,
    0x10, 0x8C, 0x00, 0x0D, 0x10, 0x8C, 0x08, 0x2A, 0x10, 0x8C, 0x08, 0x2A, 0x10, 0x8C, 0x08, 0x2A,
    0x10, 0x8C, 0x08, 0x2A, 0x10, 0x8C, 0x08, 0x2A, 0x10, 0x8C, 0x08, 0x2A, 0x10, 0x8C, 0x08, 0x2A,
    0x10, 0x8C, 0x00, 0x2B, 0x10, 0x8C, 0x08, 0x2A, 0x10, 0x8C, 0x00, 0x0D, 0x10, 0x8C, 0x00, 0x0C,
    0x10, 0x8C, 0x08, 0x2A, 0x10, 0x8C, 0x00, 0x0B, 0x10, 0x8C, 0x00, 0x0C, 0x10, 0x8C, 0x00, 0x0C,
    0x10, 0x8C, 0x00, 0x0C, 0x10, 0x8C, 0x00, 0x0C, 0x10, 0x8C, 0x00, 0x2B, 0x10, 0x8C, 0x08, 0x2A,
    0x10, 0x8C, 0x08, 0x2A, 0x10, 0x8C, 0x08, 0x2A, 0x10, 0x8C, 0x08, 0x2A, 0x10, 0x8C, 0x08, 0x2A,
    0x10, 0x8C, 0x08, 0x2A, 0x10, 0x8C, 0x52, 0xAA, 0x00, 0x00, 0x4A, 0x69, 0x42, 0x08, 0x6B, 0x6D,
    0xBD, 0xF7, 0xD6, 0x9A, 0xBD, 0xF7, 0xAD, 0x55, 0x8C, 0x51, 0x7B, 0xEF, 0x94, 0x92, 0x8C, 0x71,
    0x00, 0x00, 0x4A, 0x69, 0x42, 0x08, 0x6B, 0x6D, 0xBD, 0xF7, 0xD6, 0x9A, 0xBD, 0xF7, 0xAD, 0x55,
    0x8C, 0x51, 0x7B, 0xEF, 0x94, 0x92, 0x8C, 0x71, 0x00, 0x00, 0x4A, 0x69, 0x42, 0x08, 0x6B, 0x6D,
    0xBD, 0xF7, 0xD6, 0x9A, 0xBD, 0xF7, 0xAD, 0x55, 0x8C, 0x51, 0x7B, 0xEF, 0x94, 0x92, 0x8C, 0x71,
    0x00, 0x00, 0x52, 0xAA, 0x10, 0x8C, 0x00, 0x0D, 0x10, 0x8C, 0x00, 0x0C, 0x10, 0x8C, 0x08, 0x2A,
    0x10, 0x8C, 0x00, 0x0B, 0x10, 0x8C, 0x00, 0x0C, 0x10, 0x8C, 0x00, 0x0C, 0x10, 0x8C, 0x00, 0x0C,
    0x10, 0x8C, 0x00, 0x0C, 0x10, 0x8C, 0x00, 0x2B, 0x10, 0x8C, 0x08, 0x2A, 0x10, 0x8C, 0x08, 0x2A,
    0x10, 0x8C, 0x08, 0x2A, 0x10, 0x8C, 0x08, 0x2A, 0x10, 0x8C, 0x08, 0x2A, 0x10, 0x8C, 0x08, 0x2A,
    0x10, 0x8C, 0x08, 0x2A, 0x10, 0x8C, 0x00, 0x0C, 0x10, 0x8C, 0x00, 0x0D, 0x10, 0x8C, 0x00, 0x2B,
    0x10, 0x8C, 0x00, 0x2B, 0x10, 0x8C, 0x08, 0x2A, 0x10, 0x6A, 0x00, 0x0D, 0x00, 0x00, 0x00, 0x2B,
    0x00, 0x2B, 0x20, 0xD2, 0x00, 0x0B, 0x18, 0xAE, 0x00, 0x2B, 0x10, 0x8C, 0x00, 0x2B, 0x10, 0x8C,
    0x00, 0x0C, 0x10, 0x8C, 0x00, 0x0C, 0x10, 0x8C, 0x00, 0x2B, 0x10, 0x8C, 0x00, 0x0C, 0x10, 0x8C,
    0x00, 0x0C, 0x10, 0x8C, 0x00, 0x2A, 0x10, 0x8C, 0x08, 0x2A, 0x10, 0x8C, 0x00, 0x2B, 0x10, 0x8C,
    0x08, 0x2A, 0x10, 0x8C, 0x08, 0x2A, 0x10, 0x8C, 0x00, 0x0C, 0x10, 0x8C, 0x00, 0x2B, 0x10, 0x8C,
    0x00, 0x2B, 0x10, 0x8C, 0x00, 0x2B, 0x10, 0x8C, 0x00, 0x2B, 0x10, 0x8C, 0x00, 0x0E, 0x10, 0x8C,
    0x00, 0x2B, 0x10, 0x8C, 0x08, 0x2A, 0x10, 0x8C, 0x00, 0x0D, 0x10, 0x8C, 0x00, 0x0D, 0x10, 0x8C,
    0x00, 0x2B, 0x52, 0xAA, 0x00, 0x00, 0x42, 0x08, 0x39, 0xE7, 0x42, 0x28, 0x6B, 0x6D, 0xA5, 0x14,
    0xAD, 0x55, 0x9C, 0xF3, 0x84, 0x10, 0x7B, 0xCF, 0x84, 0x30, 0x84, 0x10, 0x00, 0x00, 0x42, 0x08,
    0x39, 0xE7, 0x42, 0x28, 0x6B, 0x6D, 0xA5, 0x14, 0xAD, 0x55, 0x9C, 0xF3, 0x84, 0x10, 0x7B, 0xCF,
    0x84, 0x30, 0x84, 0x10, 0x00, 0x00, 0x42, 0x08, 0x39, 0xE7, 0x42, 0x28, 0x6B, 0x6D, 0xA5, 0x14,
    0xAD, 0x55, 0x9C, 0xF3, 0x84, 0x10, 0x7B, 0xCF, 0x84, 0x30, 0x84, 0x10, 0x00, 0x00, 0x52, 0xAA,
    0x00, 0x2A, 0x10, 0x8C, 0x08, 0x2A, 0x10, 0x8C, 0x00, 0x2B, 0x10, 0x8C, 0x08, 0x2A, 0x10, 0x8C,
    0x08, 0x2A, 0x10, 0x8C, 0x00, 0x0C, 0x10, 0x8C, 0x00, 0x2B, 0x10, 0x8C, 0x00, 0x2B, 0x10, 0x8C,
    0x00, 0x2B, 0x10, 0x8C, 0x00, 0x2B, 0x10, 0x8C, 0x00, 0x0E, 0x10, 0x8C, 0x00, 0x2B, 0x10, 0x8C,
    0x08, 0x2A, 0x10, 0x8C, 0x00, 0x0D, 0x10, 0x8C, 0x00, 0x0D, 0x10, 0x8C, 0x00, 0x2B, 0x10, 0x8C,
    0x08, 0x2A, 0x10, 0x8C, 0x08, 0x2A, 0x10, 0x8C, 0x00, 0x2B, 0x10, 0x8C, 0x00, 0x2B, 0x10, 0x8C,
    0x08, 0x2A, 0x10, 0x8C, 0x00, 0x0C, 0x10, 0x8C, 0x08, 0x2A, 0x10, 0x8C, 0x00, 0x2B, 0x10, 0x8C,
    0x00, 0x0D, 0x10, 0x8C, 0x00, 0x0C, 0x10, 0x8C, 0x00, 0x2B, 0x10, 0x8C, 0x00, 0x0B, 0x10, 0x8C,
    0x00, 0x2B, 0x10, 0x8C, 0x00, 0x2B, 0x10, 0x8C, 0x00, 0x0C, 0x10, 0x8C, 0x00, 0x0C, 0x10, 0x8C,
    0x00, 0x2B, 0x10, 0x8C, 0x00, 0x0C, 0x10, 0x8C, 0x00, 0x0C, 0x10, 0x8C, 0x00, 0x2A, 0x10, 0x8C,
    0x08, 0x2A, 0x10, 0x8C, 0x00, 0x2B, 0x10, 0x8C, 0x08, 0x2A, 0x10, 0x8C, 0x08, 0x2A, 0x10, 0x8C,
    0x00, 0x0C, 0x10, 0x8C, 0x00, 0x2B, 0x10, 0x8C, 0x00, 0x2B, 0x10, 0x8C, 0x00, 0x2B, 0x10, 0x8C,
    0x00, 0x2B, 0x10, 0x8C, 0x00, 0x0E, 0x10, 0x8C, 0x00, 0x2B, 0x10, 0x8C, 0x08, 0x2A, 0x10, 0x8C,
    0x00, 0x0D, 0x10, 0x8C, 0x00, 0x0D, 0x10, 0x8C, 0x00, 0x2B, 0x10, 0x8C, 0x08, 0x2A, 0x10, 0x8C,
    0x08, 0x2A, 0x10, 0x8C, 0x00, 0x2B, 0x10, 0x8C, 0x00, 0x2B, 0x10, 0x8C, 0x08, 0x2A, 0x10, 0x8C,
    0x00, 0x0C, 0x10, 0x8C, 0x08, 0x2A, 0x10, 0x8C, 0x00, 0x2B, 0x10, 0x8C, 0x00, 0x0D, 0x10, 0x8C,
    0x00, 0x0C, 0x10, 0x8C, 0x00, 0x2B, 0x10, 0x8C, 0x00, 0x0B, 0x10, 0x8C, 0x00, 0x2B, 0x10, 0x8C,
    0x00, 0x2B, 0x10, 0x8C, 0x00, 0x0C, 0x10, 0x8C, 0x00, 0x0C, 0x10, 0x8C, 0x00, 0x2B, 0x10, 0x8C,
    0x00, 0x0C, 0x10, 0x8C, 0x00, 0x0C, 0x10, 0x8C, 0x00, 0x2A, 0x10, 0x8C, 0x08, 0x2A, 0x10, 0x8C,
    0x00, 0x2B, 0x10, 0x8C, 0x08, 0x2A, 0x52, 0xAA, 0x00, 0x00, 0x42, 0x08, 0x39, 0xE7, 0x42, 0x28,
    0x6B, 0x6D, 0xA5, 0x14, 0xAD, 0x55, 0x9C, 0xF3, 0x84, 0x10, 0x7B, 0xCF, 0x84, 0x30, 0x84, 0x10,
    0x00, 0x00, 0x42, 0x08, 0x39, 0xE7, 0x42, 0x28, 0x6B, 0x6D, 0xA5, 0x14, 0xAD, 0x55, 0x9C, 0xF3,
    0x84, 0x10, 0x7B, 0xCF, 0x84, 0x30, 0x84, 0x10, 0x00, 0x00, 0x42, 0x08, 0x39, 0xE7, 0x42, 0x28,
    0x6B, 0x6D, 0xA5, 0x14, 0xAD, 0x55, 0x9C, 0xF3, 0x84, 0x10, 0x7B, 0xCF, 0x84, 0x30, 0x84, 0x10,
    0x00, 0x00, 0x52, 0xAA, 0x00, 0x2B, 0x10, 0x8C, 0x00, 0x0D, 0x10, 0x8C, 0x00, 0x0C, 0x10, 0x8C,
    0x00, 0x2B, 0x10, 0x8C, 0x00, 0x0B, 0x10, 0x8C, 0x00, 0x2B, 0x10, 0x8C, 0x00, 0x2B, 0x10, 0x8C,
    0x00, 0x0C, 0x10, 0x8C, 0x00, 0x0C, 0x10, 0x8C, 0x00, 0x2B, 0x10, 0x8C, 0x00, 0x0C, 0x10, 0x8C,
    0x00, 0x0C, 0x10, 0x8C, 0x00, 0x2A, 0x10, 0x8C, 0x08, 0x2A, 0x10, 0x8C, 0x00, 0x2B, 0x10, 0x8C,
    0x08, 0x2A, 0x10, 0x8C, 0x08, 0x2A, 0x10, 0x8C, 0x00, 0x0C, 0x10, 0x8C, 0x00, 0x2B, 0x10, 0x8C,
    0x00, 0x2B, 0x10, 0x8C, 0x00, 0x2B, 0x18, 0xD1, 0x00, 0x2B, 0x00, 0x00, 0x00, 0x0E, 0x00, 0x00,
    0x31, 0x5B, 0x08, 0x2A, 0x20, 0xD1, 0x00, 0x2B, 0x00, 0x00, 0x08, 0x2A, 0x10, 0x8C, 0x00, 0x2B,
    0x10, 0x8C, 0x00, 0x0C, 0x10, 0x8C, 0x08, 0x2A, 0x10, 0x8C, 0x00, 0x0C, 0x10, 0x8C, 0x00, 0x0E,
    0x10, 0x8C, 0x00, 0x0D, 0x10, 0x8C, 0x00, 0x2B, 0x10, 0x8C, 0x00, 0x0B, 0x10, 0x8C, 0x00, 0x0D,
    0x10, 0x8C, 0x08, 0x2A, 0x10, 0x8C, 0x08, 0x2A, 0x10, 0x8C, 0x00, 0x2A, 0x10, 0x8C, 0x08, 0x2A,
    0x10, 0x8C, 0x08, 0x2A, 0x10, 0x8C, 0x08, 0x2A, 0x10, 0x8C, 0x00, 0x0C, 0x10, 0x8C, 0x00, 0x0D,
    0x10, 0x8C, 0x00, 0x2B, 0x10, 0x8C, 0x00, 0x2B, 0x10, 0x8C, 0x00, 0x0F, 0x10, 0x8C, 0x00, 0x0D,
    0x10, 0x8C, 0x52, 0xAA, 0x00, 0x00, 0x39, 0xE7, 0x31, 0xA6, 0x39, 0xE7, 0x42, 0x08, 0x4A, 0x69,
    0x5A, 0xCB, 0x5A, 0xCB, 0x63, 0x2C, 0x73, 0x8E, 0x7B, 0xEF, 0x73, 0xAE, 0x00, 0x00, 0x39, 0xE7,
    0x31, 0xA6, 0x39, 0xE7, 0x42, 0x08, 0x4A, 0x69, 0x5A, 0xCB, 0x5A, 0xCB, 0x63, 0x2C, 0x73, 0x8E,
    0x7B, 0xEF, 0x73, 0xAE, 0x00, 0x00, 0x39, 0xE7, 0x31, 0xA6, 0x39, 0xE7, 0x42, 0x08, 0x4A, 0x69,
    0x5A, 0xCB, 0x5A, 0xCB, 0x63, 0x2C, 0x73, 0x8E, 0x7B, 0xEF, 0x73, 0xAE, 0x00, 0x00, 0x52, 0xAA,
    0x10, 0x8C, 0x00, 0x2B, 0x10, 0x8C, 0x00, 0x0B, 0x10, 0x8C, 0x00, 0x0D, 0x10, 0x8C, 0x08, 0x2A,
    0x10, 0x8C, 0x08, 0x2A, 0x10, 0x8C, 0x00, 0x2A, 0x10, 0x8C, 0x08, 0x2A, 0x10, 0x8C, 0x08, 0x2A,
    0x10, 0x8C, 0x08, 0x2A, 0x10, 0x8C, 0x00, 0x0C, 0x10, 0x8C, 0x00, 0x0D, 0x10, 0x8C, 0x00, 0x2B,
    0x10, 0x8C, 0x00, 0x2B, 0x10, 0x8C, 0x00, 0x0F, 0x10, 0x8C, 0x00, 0x0D, 0x10, 0x8C, 0x00, 0x0D,
    0x10, 0x8C, 0x08, 0x2A, 0x10, 0x8C, 0x00, 0x2B, 0x10, 0x8C, 0x00, 0x0C, 0x10, 0x8C, 0x00, 0x2B,
    0x10, 0x8C, 0x00, 0x0C, 0x10, 0x8C, 0x00, 0x2B, 0x10, 0x8C, 0x08, 0x2A, 0x10, 0x8C, 0x00, 0x2B,
    0x10, 0x8C, 0x00, 0x0C, 0x10, 0x8C, 0x00, 0x2B, 0x10, 0x8C, 0x08, 0x2A, 0x10, 0x8C, 0x00, 0x2B,
    0x10, 0x8C, 0x08, 0x2A, 0x10, 0x8C, 0x00, 0x2B, 0x10, 0x8C, 0x00, 0x0C, 0x10, 0x8C, 0x08, 0x2A,
    0x10, 0x8C, 0x00, 0x0C, 0x10, 0x8C, 0x00, 0x0E, 0x10, 0x8C, 0x00, 0x0D, 0x10, 0x8C, 0x00, 0x2B,
    0x10, 0x8C, 0x00, 0x0B, 0x10, 0x8C, 0x00, 0x0D, 0x10, 0x8C, 0x08, 0x2A, 0x10, 0x8C, 0x08, 0x2A,
    0x10, 0x8C, 0x00, 0x2A, 0x10, 0x8C, 0x08, 0x2A, 0x10, 0x8C, 0x08, 0x2A, 0x10, 0x8C, 0x08, 0x2A,
    0x10, 0x8C, 0x00, 0x0C, 0x10, 0x8C, 0x00, 0x0D, 0x10, 0x8C, 0x00, 0x2B, 0x10, 0x8C, 0x00, 0x2B,
    0x10, 0x8C, 0x00, 0x0F, 0x10, 0x8C, 0x00, 0x0D, 0x10, 0x8C, 0x00, 0x0D, 0x10, 0x8C, 0x08, 0x2A,
    0x10, 0x8C, 0x00, 0x2B, 0x10, 0x8C, 0x00, 0x0C, 0x10, 0x8C, 0x00, 0x2B, 0x10, 0x8C, 0x00, 0x0C,
    0x10, 0x8C, 0x00, 0x2B, 0x10, 0x8C, 0x08, 0x2A, 0x10, 0x8C, 0x00, 0x2B, 0x10, 0x8C, 0x00, 0x0C,
    0x10, 0x8C, 0x00, 0x2B, 0x10, 0x8C, 0x08, 0x2A, 0x10, 0x8C, 0x00, 0x2B, 0x10, 0x8C, 0x08, 0x2A,
    0x10, 0x8C, 0x00, 0x2B, 0x10, 0x8C, 0x00, 0x0C, 0x10, 0x8C, 0x08, 0x2A, 0x10, 0x8C, 0x00, 0x0C,
    0x10, 0x8C, 0x00, 0x0E, 0x10, 0x8C, 0x00, 0x0D, 0x10, 0x8C, 0x00, 0x2B, 0x10, 0x8C, 0x00, 0x0B,
    0x10, 0x8C, 0x00, 0x0D, 0x10, 0x8C, 0x52, 0xAA, 0x00, 0x00, 0x39, 0xE7, 0x31, 0xA6, 0x39, 0xE7,
    0x42, 0x08, 0x4A, 0x69, 0x5A, 0xCB, 0x5A, 0xCB, 0x63, 0x2C, 0x73, 0x8E, 0x7B, 0xEF, 0x73, 0xAE,
    0x00, 0x00, 0x39, 0xE7, 0x31, 0xA6, 0x39, 0xE7, 0x42, 0x08, 0x4A, 0x69, 0x5A, 0xCB, 0x5A, 0xCB,
    0x63, 0x2C, 0x73, 0x8E, 0x7B, 0xEF, 0x73, 0xAE, 0x00, 0x00, 0x39, 0xE7, 0x31, 0xA6, 0x39, 0xE7,
    0x42, 0x08, 0x4A, 0x69, 0x5A, 0xCB, 0x5A, 0xCB, 0x63, 0x2C, 0x73, 0x8E, 0x7B, 0xEF, 0x73, 0xAE,
    0x00, 0x00, 0x52, 0xAA, 0x10, 0x8C, 0x00, 0x2B, 0x10, 0x8C, 0x00, 0x0C, 0x10, 0x8C, 0x00, 0x2B,
    0x10, 0x8C, 0x08, 0x2A, 0x10, 0x8C, 0x00, 0x2B, 0x10, 0x8C, 0x08, 0x2A, 0x10, 0x8C, 0x00, 0x2B,
    0x10, 0x8C, 0x00, 0x0C, 0x10, 0x8C, 0x08, 0x2A, 0x10, 0x8C, 0x00, 0x0C, 0x10, 0x8C, 0x00, 0x0E,
    0x10, 0x8C, 0x00, 0x0D, 0x10, 0x8C, 0x00, 0x2B, 0x10, 0x8C, 0x00, 0x0B, 0x10, 0x8C, 0x00, 0x0D,
    0x10, 0x8C, 0x08, 0x2A, 0x10, 0x8C, 0x08, 0x2A, 0x10, 0x8C, 0x00, 0x2A, 0x10, 0x8C, 0x08, 0x2A,
    0x10, 0x8C, 0x08, 0x2A, 0x10, 0x8C, 0x08, 0x2A, 0x10, 0x8A, 0x00, 0x0C, 0x00, 0x00, 0x00, 0x0D,
    0x00, 0x2B, 0x20, 0xF3, 0x08, 0x2A, 0x18, 0xAE, 0x08, 0x2A, 0x18, 0xAC, 0x08, 0x2A, 0x18, 0xAC,
    0x00, 0x0D, 0x18, 0xAC, 0x00, 0x0C, 0x18, 0xAC, 0x08, 0x2A, 0x18, 0xAC, 0x00, 0x0D, 0x18, 0xAC,
    0x00, 0x0E, 0x18, 0xAC, 0x00, 0x0E, 0x18, 0xAC, 0x00, 0x0D, 0x18, 0xAC, 0x00, 0x0F, 0x18, 0xAC,
    0x00, 0x0E, 0x18, 0xAC, 0x00, 0x2B, 0x18, 0xAC, 0x00, 0x2B, 0x18, 0xAC, 0x08, 0x2A, 0x18, 0xAC,
    0x08, 0x2A, 0x18, 0xAC, 0x08, 0x2A, 0x18, 0xAC, 0x08, 0x2A, 0x18, 0xAC, 0x00, 0x2B, 0x18, 0xAC,
    0x00, 0x0C, 0x18, 0xAC, 0x00, 0x2B, 0x18, 0xAC, 0x00, 0x0C, 0x18, 0xAC, 0x00, 0x0D, 0x18, 0xAC,
    0x00, 0x0F, 0x52, 0xAA, 0x00, 0x00, 0x42, 0x28, 0x39, 0xE7, 0x42, 0x08, 0x4A, 0x69, 0x52, 0x8A,
    0x5A, 0xEB, 0x63, 0x0C, 0x6B, 0x6D, 0x73, 0xAE, 0x84, 0x10, 0x84, 0x10, 0x00, 0x00, 0x42, 0x28,
    0x39, 0xE7, 0x42, 0x08, 0x4A, 0x69, 0x52, 0x8A, 0x5A, 0xEB, 0x63, 0x0C, 0x6B, 0x6D, 0x73, 0xAE,
    0x84, 0x10, 0x84, 0x10, 0x00, 0x00, 0x42, 0x28, 0x39, 0xE7, 0x42, 0x08, 0x4A, 0x69, 0x52, 0x8A,
    0x5A, 0xEB, 0x63, 0x0C, 0x6B, 0x6D, 0x73, 0xAE, 0x84, 0x10, 0x84, 0x10, 0x00, 0x00, 0x52, 0xAA,
    0x00, 0x0E, 0x18, 0xAC, 0x00, 0x0D, 0x18, 0xAC, 0x00, 0x0F, 0x18, 0xAC, 0x00, 0x0E, 0x18, 0xAC,
    0x00, 0x2B, 0x18, 0xAC, 0x00, 0x2B, 0x18, 0xAC, 0x08, 0x2A, 0x18, 0xAC, 0x08, 0x2A, 0x18, 0xAC,
    0x08, 0x2A, 0x18, 0xAC, 0x08, 0x2A, 0x18, 0xAC, 0x00, 0x2B, 0x18, 0xAC, 0x00, 0x0C, 0x18, 0xAC,
    0x00, 0x2B, 0x18, 0xAC, 0x00, 0x0C, 0x18, 0xAC, 0x00, 0x0D, 0x18, 0xAC, 0x00, 0x0F, 0x18, 0xAC,
    0x00, 0x0D, 0x18, 0xAC, 0x00, 0x0B, 0x18, 0xAC, 0x00, 0x0D, 0x18, 0xAC, 0x00, 0x0C, 0x18, 0xAC,
    0x00, 0x0C, 0x18, 0xAC, 0x00, 0x0D, 0x18, 0xAC, 0x08, 0x2A, 0x18, 0xAC, 0x08, 0x2A, 0x18, 0xAC,
    0x00, 0x0C, 0x18, 0xAC, 0x00, 0x2B, 0x18, 0xAC, 0x00, 0x2B, 0x18, 0xAC, 0x08, 0x2A, 0x18, 0xAC,
    0x08, 0x2A, 0x18, 0xAC, 0x08, 0x2A, 0x18, 0xAC, 0x00, 0x0D, 0x18, 0xAC, 0x00, 0x0C, 0x18, 0xAC,
    0x08, 0x2A, 0x18, 0xAC, 0x00, 0x0D, 0x18, 0xAC, 0x00, 0x0E, 0x18, 0xAC, 0x00, 0x0E, 0x18, 0xAC,
    0x00, 0x0D, 0x18, 0xAC, 0x00, 0x0F, 0x18, 0xAC, 0x00, 0x0E, 0x18, 0xAC, 0x00, 0x2B, 0x18, 0xAC,
    0x00, 0x2B, 0x18, 0xAC, 0x08, 0x2A, 0x18, 0xAC, 0x08, 0x2A, 0x18, 0xAC, 0x08, 0x2A, 0x18, 0xAC,
    0x08, 0x2A, 0x18, 0xAC, 0x00, 0x2B, 0x18, 0xAC, 0x00, 0x0C, 0x18, 0xAC, 0x00, 0x2B, 0x18, 0xAC,
    0x00, 0x0C, 0x18, 0xAC, 0x00, 0x0D, 0x18, 0xAC, 0x00, 0x0F, 0x18, 0xAC, 0x00, 0x0D, 0x18, 0xAC,
    0x00, 0x0B, 0x18, 0xAC, 0x00, 0x0D, 0x18, 0xAC, 0x00, 0x0C, 0x18, 0xAC, 0x00, 0x0C, 0x18, 0xAC,
    0x00, 0x0D, 0x18, 0xAC, 0x08, 0x2A, 0x18, 0xAC, 0x08, 0x2A, 0x18, 0xAC, 0x00, 0x0C, 0x18, 0xAC,
    0x00, 0x2B, 0x18, 0xAC, 0x00, 0x2B, 0x18, 0xAC, 0x08, 0x2A, 0x18, 0xAC, 0x08, 0x2A, 0x18, 0xAC,
    0x08, 0x2A, 0x18, 0xAC, 0x00, 0x0D, 0x18, 0xAC, 0x00, 0x0C, 0x18, 0xAC, 0x08, 0x2A, 0x18, 0xAC,
    0x00, 0x0D, 0x18, 0xAC, 0x00, 0x0E, 0x18, 0xAC, 0x00, 0x0E, 0x18, 0xAC, 0x00, 0x0D, 0x18, 0xAC,
    0x00, 0x0F, 0x18, 0xAC, 0x00, 0x0E, 0x52, 0xAA, 0x00, 0x00, 0x42, 0x28, 0x39, 0xE7, 0x42, 0x08,
    0x4A, 0x69, 0x52, 0x8A, 0x5A, 0xEB, 0x63, 0x0C, 0x6B, 0x6D, 0x73, 0xAE, 0x84, 0x10, 0x84, 0x10,
    0x00, 0x00, 0x42, 0x28, 0x39, 0xE7, 0x42, 0x08, 0x4A, 0x69, 0x52, 0x8A, 0x5A, 0xEB, 0x63, 0x0C,
    0x6B, 0x6D, 0x73, 0xAE, 0x84, 0x10, 0x84, 0x10, 0x00, 0x00, 0x42, 0x28, 0x39, 0xE7, 0x42, 0x08,
    0x4A, 0x69, 0x52, 0x8A, 0x5A, 0xEB, 0x63, 0x0C, 0x6B, 0x6D, 0x73, 0xAE, 0x84, 0x10, 0x84, 0x10,
    0x00, 0x00, 0x52, 0xAA, 0x08, 0x2A, 0x18, 0xAC, 0x00, 0x0C, 0x18, 0xAC, 0x00, 0x2B, 0x18, 0xAC,
    0x00, 0x2B, 0x18, 0xAC, 0x08, 0x2A, 0x18, 0xAC, 0x08, 0x2A, 0x18, 0xAC, 0x08, 0x2A, 0x18, 0xAC,
    0x00, 0x0D, 0x18, 0xAC, 0x00, 0x0C, 0x18, 0xAC, 0x08, 0x2A, 0x18, 0xAC, 0x00, 0x0D, 0x18, 0xAC,
    0x00, 0x0E, 0x18, 0xAC, 0x00, 0x0E, 0x18, 0xAC, 0x00, 0x0D, 0x18, 0xAC, 0x00, 0x0F, 0x18, 0xAC,
    0x00, 0x0E, 0x18, 0xAC, 0x00, 0x2B, 0x18, 0xAC, 0x00, 0x2B, 0x18, 0xAC, 0x08, 0x2A, 0x18, 0xAC,
    0x08, 0x2A, 0x18, 0xAC, 0x08, 0x2A, 0x20, 0xF2, 0x08, 0x2A, 0x00, 0x00, 0x00, 0x2B, 0x00, 0x00,
    0x31, 0x7B, 0x00, 0x0B, 0x20, 0xF2, 0x00, 0x2B, 0x00, 0x00, 0x08, 0x2A, 0x18, 0xAD, 0x00, 0x0B,
    0x18, 0xAD, 0x00, 0x0E, 0x18, 0xAD, 0x00, 0x2B, 0x18, 0xAD, 0x08, 0x2A, 0x18, 0xAD, 0x00, 0x0C,
    0x18, 0xAD, 0x00, 0x0E, 0x18, 0xAD, 0x00, 0x0F, 0x18, 0xAD, 0x00, 0x0E, 0x18, 0xAD, 0x00, 0x10,
    0x18, 0xAD, 0x00, 0x0E, 0x18, 0xAD, 0x00, 0x2B, 0x18, 0xAD, 0x00, 0x0C, 0x18, 0xAD, 0x00, 0x2B,
    0x18, 0xAD, 0x08, 0x2A, 0x18, 0xAD, 0x00, 0x2B, 0x18, 0xAD, 0x00, 0x2B, 0x18, 0xAD, 0x08, 0x2A,
    0x18, 0xAD, 0x00, 0x0C, 0x18, 0xAD, 0x00, 0x2B, 0x18, 0xAD, 0x08, 0x2A, 0x18, 0xAD, 0x00, 0x0D,
    0x18, 0xAD, 0x52, 0xAA, 0x00, 0x00, 0x00, 0x00, 0x00, 0x00, 0x00, 0x00, 0x00, 0x00, 0x00, 0x00,
    0x00, 0x00, 0x00, 0x00, 0x00, 0x00, 0x00, 0x00, 0x00, 0x00, 0x00, 0x00, 0x00, 0x00, 0x00, 0x00,
    0x00, 0x00, 0x00, 0x00, 0x00, 0x00, 0x00, 0x00, 0x00, 0x00, 0x00, 0x00, 0x00, 0x00, 0x00, 0x00,
    0x00, 0x00, 0x00, 0x00, 0x00, 0x00, 0x00, 0x00, 0x00, 0x00, 0x00, 0x00, 0x00, 0x00, 0x00, 0x00,
    0x00, 0x00, 0x00, 0x00, 0x00, 0x00, 0x00, 0x00, 0x00, 0x00, 0x00, 0x00, 0x00, 0x00, 0x52, 0xAA,
    0x18, 0xAD, 0x00, 0x0F, 0x18, 0xAD, 0x00, 0x0E, 0x18, 0xAD, 0x00, 0x10, 0x18, 0xAD, 0x00, 0x0E,
    0x18, 0xAD, 0x00, 0x2B, 0x18, 0xAD, 0x00, 0x0C, 0x18, 0xAD, 0x00, 0x2B, 0x18, 0xAD, 0x08, 0x2A,
    0x18, 0xAD, 0x00, 0x2B, 0x18, 0xAD, 0x00, 0x2B, 0x18, 0xAD, 0x08, 0x2A, 0x18, 0xAD, 0x00, 0x0C,
    0x18, 0xAD, 0x00, 0x2B, 0x18, 0xAD, 0x08, 0x2A, 0x18, 0xAD, 0x00, 0x0D, 0x18, 0xAD, 0x00, 0x10,
    0x18, 0xAD, 0x00, 0x0E, 0x18, 0xAD, 0x00, 0x0D, 0x18, 0xAD, 0x00, 0x0C, 0x18, 0xAD, 0x08, 0x2A,
    0x18, 0xAD, 0x00, 0x0D, 0x18, 0xAD, 0x00, 0x0C, 0x18, 0xAD, 0x08, 0x2A, 0x18, 0xAD, 0x00, 0x2B,
    0x18, 0xAD, 0x00, 0x0C, 0x18, 0xAD, 0x00, 0x2B, 0x18, 0xAD, 0x00, 0x0B, 0x18, 0xAD, 0x00, 0x2B,
    0x18, 0xAD, 0x08, 0x2A, 0x18, 0xAD, 0x00, 0x0B, 0x18, 0xAD, 0x00, 0x0E, 0x18, 0xAD, 0x00, 0x2B,
    0x18, 0xAD, 0x08, 0x2A, 0x18, 0xAD, 0x00, 0x0C, 0x18, 0xAD, 0x00, 0x0E, 0x18, 0xAD, 0x00, 0x0F,
    0x18, 0xAD, 0x00, 0x0E, 0x18, 0xAD, 0x00, 0x10, 0x18, 0xAD, 0x00, 0x0E, 0x18, 0xAD, 0x00, 0x2B,
    0x18, 0xAD, 0x00, 0x0C, 0x18, 0xAD, 0x00, 0x2B, 0x18, 0xAD, 0x08, 0x2A, 0x18, 0xAD, 0x00, 0x2B,
    0x18, 0xAD, 0x00, 0x2B, 0x18, 0xAD, 0x08, 0x2A, 0x18, 0xAD, 0x00, 0x0C, 0x18, 0xAD, 0x00, 0x2B,
    0x18, 0xAD, 0x08, 0x2A, 0x18, 0xAD, 0x00, 0x0D, 0x18, 0xAD, 0x00, 0x10, 0x18, 0xAD, 0x00, 0x0E,
    0x18, 0xAD, 0x00, 0x0D, 0x18, 0xAD, 0x00, 0x0C, 0x18, 0xAD, 0x08, 0x2A, 0x18, 0xAD, 0x00, 0x0D,
    0x18, 0xAD, 0x00, 0x0C, 0x18, 0xAD, 0x08, 0x2A, 0x18, 0xAD, 0x00, 0x2B, 0x18, 0xAD, 0x00, 0x0C,
    0x18, 0xAD, 0x00, 0x2B, 0x18, 0xAD, 0x00, 0x0B, 0x18, 0xAD, 0x00, 0x2B, 0x18, 0xAD, 0x08, 0x2A,
    0x18, 0xAD, 0x00, 0x0B, 0x18, 0xAD, 0x00, 0x0E, 0x18, 0xAD, 0x00, 0x2B, 0x18, 0xAD, 0x08, 0x2A,
    0x18, 0xAD, 0x00, 0x0C, 0x18, 0xAD, 0x00, 0x0E, 0x18, 0xAD, 0x00, 0x0F, 0x18, 0xAD, 0x00, 0x0E,
    0x18, 0xAD, 0x00, 0x10, 0x18, 0xAD, 0x52, 0xAA, 0x00, 0x00, 0x00, 0x00, 0x00, 0x00, 0x00, 0x00,
    0x00, 0x00, 0x00, 0x00, 0x00, 0x00, 0x00, 0x00, 0x00, 0x00, 0x00, 0x00, 0x00, 0x00, 0x00, 0x00,
    0x00, 0x00, 0x00, 0x00, 0x00, 0x00, 0x00, 0x00, 0x00, 0x00, 0x00, 0x00, 0x00, 0x00, 0x00, 0x00,
    0x00, 0x00, 0x00, 0x00, 0x00, 0x00, 0x00, 0x00, 0x00, 0x00, 0x00, 0x00, 0x00, 0x00, 0x00, 0x00,
    0x00, 0x00, 0x00, 0x00, 0x00, 0x00, 0x00, 0x00, 0x00, 0x00, 0x00, 0x00, 0x00, 0x00, 0x00, 0x00,
    0x00, 0x00, 0x52, 0xAA, 0x18, 0xAD, 0x00, 0x2B, 0x18, 0xAD, 0x00, 0x0C, 0x18, 0xAD, 0x00, 0x2B,
    0x18, 0xAD, 0x00, 0x0B, 0x18, 0xAD, 0x00, 0x2B, 0x18, 0xAD, 0x08, 0x2A, 0x18, 0xAD, 0x00, 0x0B,
    0x18, 0xAD, 0x00, 0x0E, 0x18, 0xAD, 0x00, 0x2B, 0x18, 0xAD, 0x08, 0x2A, 0x18, 0xAD, 0x00, 0x0C,
    0x18, 0xAD, 0x00, 0x0E, 0x18, 0xAD, 0x00, 0x0F, 0x18, 0xAD, 0x00, 0x0E, 0x18, 0xAD, 0x00, 0x10,
    0x18, 0xAD, 0x00, 0x0E, 0x18, 0xAD, 0x00, 0x2B, 0x18, 0xAD, 0x00, 0x0C, 0x18, 0xAD, 0x00, 0x2B,
    0x18, 0xAD, 0x08, 0x2A, 0x18, 0xAD, 0x00, 0x2B, 0x10, 0x8A, 0x00, 0x2B, 0x00, 0x00, 0x08, 0x2A,
    0x00, 0x2B, 0x21, 0x13, 0x00, 0x0C, 0x18, 0xCF, 0x00, 0x0B, 0x18, 0xAD, 0x08, 0x2A, 0x18, 0xAD,
    0x00, 0x0C, 0x18, 0xAD, 0x00, 0x0C, 0x18, 0xAD, 0x08, 0x2A, 0x18, 0xAD, 0x08, 0x2A, 0x18, 0xAD,
    0x00, 0x2B, 0x18, 0xAD, 0x00, 0x0D, 0x18, 0xAD, 0x00, 0x0E, 0x18, 0xAD, 0x00, 0x0E, 0x18, 0xAD,
    0x00, 0x0E, 0x18, 0xAD, 0x00, 0x0E, 0x18, 0xAD, 0x00, 0x0B, 0x18, 0xAD, 0x00, 0x0D, 0x18, 0xAD,
    0x00, 0x2B, 0x18, 0xAD, 0x00, 0x0B, 0x18, 0xAD, 0x00, 0x0D, 0x18, 0xAD, 0x00, 0x2B, 0x18, 0xAD,
    0x08, 0x2A, 0x18, 0xAD, 0x00, 0x0C, 0x18, 0xAD, 0x00, 0x2B, 0x18, 0xAD, 0x08, 0x2A, 0x18, 0xAD,
    0x00, 0x0E, 0x52, 0xAA, 0x00, 0x00, 0x84, 0x10, 0x73, 0xAE, 0x84, 0x10, 0x8C, 0x71, 0x9C, 0xD3,
    0xA5, 0x34, 0xAD, 0x55, 0xB5, 0xB6, 0xB5, 0xB6, 0xBD, 0xF7, 0xBD, 0xD7, 0x00, 0x00, 0x84, 0x10,
    0x73, 0xAE, 0x84, 0x10, 0x8C, 0x71, 0x9C, 0xD3, 0xA5, 0x34, 0xAD, 0x55, 0xB5, 0xB6, 0xB5, 0xB6,
    0xBD, 0xF7, 0xBD, 0xD7, 0x00, 0x00, 0x84, 0x10, 0x73, 0xAE, 0x84, 0x10, 0x8C, 0x71, 0x9C, 0xD3,
    0xA5, 0x34, 0xAD, 0x55, 0xB5, 0xB6, 0xB5, 0xB6, 0xBD, 0xF7, 0xBD, 0xD7, 0x00, 0x00, 0x52, 0xAA,
    0x00, 0x0D, 0x18, 0xAD, 0x00, 0x0E, 0x18, 0xAD, 0x00, 0x0E, 0x18, 0xAD, 0x00, 0x0E, 0x18, 0xAD,
    0x00, 0x0E, 0x18, 0xAD, 0x00, 0x0B, 0x18, 0xAD, 0x00, 0x0D, 0x18, 0xAD, 0x00, 0x2B, 0x18, 0xAD,
    0x00, 0x0B, 0x18, 0xAD, 0x00, 0x0D, 0x18, 0xAD, 0x00, 0x2B, 0x18, 0xAD, 0x08, 0x2A, 0x18, 0xAD,
    0x00, 0x0C, 0x18, 0xAD, 0x00, 0x2B, 0x18, 0xAD, 0x08, 0x2A, 0x18, 0xAD, 0x00, 0x0E, 0x18, 0xAD,
    0x00, 0x0F, 0x18, 0xAD, 0x00, 0x0E, 0x18, 0xAD, 0x00, 0x0D, 0x18, 0xAD, 0x08, 0x2A, 0x18, 0xAD,
    0x00, 0x2B, 0x18, 0xAD, 0x00, 0x0E, 0x18, 0xAD, 0x00, 0x0C, 0x18, 0xAD, 0x00, 0x2B, 0x18, 0xAD,
    0x00, 0x0C, 0x18, 0xAD, 0x00, 0x2B, 0x18, 0xAD, 0x00, 0x2B, 0x18, 0xAD, 0x00, 0x0C, 0x18, 0xAD,
    0x00, 0x0B, 0x18, 0xAD, 0x08, 0x2A, 0x18, 0xAD, 0x00, 0x0C, 0x18, 0xAD, 0x00, 0x0C, 0x18, 0xAD,
    0x08, 0x2A, 0x18, 0xAD, 0x08, 0x2A, 0x18, 0xAD, 0x00, 0x2B, 0x18, 0xAD, 0x00, 0x0D, 0x18, 0xAD,
    0x00, 0x0E, 0x18, 0xAD, 0x00, 0x0E, 0x18, 0xAD, 0x00, 0x0E, 0x18, 0xAD, 0x00, 0x0E, 0x18, 0xAD,
    0x00, 0x0B, 0x18, 0xAD, 0x00, 0x0D, 0x18, 0xAD, 0x00, 0x2B, 0x18, 0xAD, 0x00, 0x0B, 0x18, 0xAD,
    0x00, 0x0D, 0x18, 0xAD, 0x00, 0x2B, 0x18, 0xAD, 0x08, 0x2A, 0x18, 0xAD, 0x00, 0x0C, 0x18, 0xAD,
    0x00, 0x2B, 0x18, 0xAD, 0x08, 0x2A, 0x18, 0xAD, 0x00, 0x0E, 0x18, 0xAD, 0x00, 0x0F, 0x18, 0xAD,
    0x00, 0x0E, 0x18, 0xAD, 0x00, 0x0D, 0x18, 0xAD, 0x08, 0x2A, 0x18, 0xAD, 0x00, 0x2B, 0x18, 0xAD,
    0x00, 0x0E, 0x18, 0xAD, 0x00, 0x0C, 0x18, 0xAD, 0x00, 0x2B, 0x18, 0xAD, 0x00, 0x0C, 0x18, 0xAD,
    0x00, 0x2B, 0x18, 0xAD, 0x00, 0x2B, 0x18, 0xAD, 0x00, 0x0C, 0x18, 0xAD, 0x00, 0x0B, 0x18, 0xAD,
    0x08, 0x2A, 0x18, 0xAD, 0x00, 0x0C, 0x18, 0xAD, 0x00, 0x0C, 0x18, 0xAD, 0x08, 0x2A, 0x18, 0xAD,
    0x08, 0x2A, 0x18, 0xAD, 0x00, 0x2B, 0x18, 0xAD, 0x00, 0x0D, 0x18, 0xAD, 0x00, 0x0E, 0x18, 0xAD,
    0x00, 0x0E, 0x18, 0xAD, 0x00, 0x0E, 0x52, 0xAA, 0x00, 0x00, 0x84, 0x10, 0x73, 0xAE, 0x84, 0x10,
    0x8C, 0x71, 0x9C, 0xD3, 0xA5, 0x34, 0xAD, 0x55, 0xB5, 0xB6, 0xB5, 0xB6, 0xBD, 0xF7, 0xBD, 0xD7,
    0x00, 0x00, 0x84, 0x10, 0x73, 0xAE, 0x84, 0x10, 0x8C, 0x71, 0x9C, 0xD3, 0xA5, 0x34, 0xAD, 0x55,
    0xB5, 0xB6, 0xB5, 0xB6, 0xBD, 0xF7, 0xBD, 0xD7, 0x00, 0x00, 0x84, 0x10, 0x73, 0xAE, 0x84, 0x10,
    0x8C, 0x71, 0x9C, 0xD3, 0xA5, 0x34, 0xAD, 0x55, 0xB5, 0xB6, 0xB5, 0xB6, 0xBD, 0xF7, 0xBD, 0xD7,
    0x00, 0x00, 0x52, 0xAA, 0x00, 0x2B, 0x18, 0xAD, 0x00, 0x0C, 0x18, 0xAD, 0x00, 0x2B, 0x18, 0xAD,
    0x00, 0x2B, 0x18, 0xAD, 0x00, 0x0C, 0x18, 0xAD, 0x00, 0x0B, 0x18, 0xAD, 0x08, 0x2A, 0x18, 0xAD,
    0x00, 0x0C, 0x18, 0xAD, 0x00, 0x0C, 0x18, 0xAD, 0x08, 0x2A, 0x18, 0xAD, 0x08, 0x2A, 0x18, 0xAD,
    0x00, 0x2B, 0x18, 0xAD, 0x00, 0x0D, 0x18, 0xAD, 0x00, 0x0E, 0x18, 0xAD, 0x00, 0x0E, 0x18, 0xAD,
    0x00, 0x0E, 0x18, 0xAD, 0x00, 0x0E, 0x18, 0xAD, 0x00, 0x0B, 0x18, 0xAD, 0x00, 0x0D, 0x18, 0xAD,
    0x00, 0x2B, 0x18, 0xAD, 0x00, 0x0B, 0x20, 0xF3, 0x00, 0x0D, 0x00, 0x00, 0x00, 0x2B, 0x00, 0x00,
    0x39, 0x9C, 0x00, 0x2B, 0x21, 0x12, 0x00, 0x0B, 0x00, 0x00, 0x00, 0x2B, 0x18, 0xAD, 0x08, 0x2A,
    0x18, 0xAD, 0x08, 0x2A, 0x18, 0xAD, 0x00, 0x0C, 0x18, 0xAD, 0x00, 0x2B, 0x18, 0xAD, 0x08, 0x2A,
    0x18, 0xAD, 0x08, 0x2A, 0x18, 0xAD, 0x00, 0x0C, 0x18, 0xAD, 0x00, 0x0C, 0x18, 0xAD, 0x00, 0x0C,
    0x18, 0xAD, 0x00, 0x0D, 0x18, 0xAD, 0x00, 0x0D, 0x18, 0xAD, 0x00, 0x0C, 0x18, 0xAD, 0x00, 0x0E,
    0x18, 0xAD, 0x00, 0x0C, 0x18, 0xAD, 0x00, 0x0D, 0x18, 0xAD, 0x00, 0x0D, 0x18, 0xAD, 0x00, 0x2B,
    0x18, 0xAD, 0x08, 0x2A, 0x18, 0xAD, 0x00, 0x0C, 0x18, 0xAD, 0x00, 0x2B, 0x18, 0xAD, 0x08, 0x2A,
    0x18, 0xAD, 0x52, 0xAA, 0x00, 0x00, 0x84, 0x10, 0x7B, 0xEF, 0x84, 0x30, 0x94, 0x92, 0x94, 0x92,
    0x84, 0x10, 0x84, 0x30, 0xA5, 0x14, 0xBD, 0xF7, 0xC6, 0x38, 0xBD, 0xF7, 0x00, 0x00, 0x84, 0x10,
    0x7B, 0xEF, 0x84, 0x30, 0x94, 0x92, 0x94, 0x92, 0x84, 0x10, 0x84, 0x30, 0xA5, 0x14, 0xBD, 0xF7,
    0xC6, 0x38, 0xBD, 0xF7, 0x00, 0x00, 0x84, 0x10, 0x7B, 0xEF, 0x84, 0x30, 0x94, 0x92, 0x94, 0x92,
    0x84, 0x10, 0x84, 0x30, 0xA5, 0x14, 0xBD, 0xF7, 0xC6, 0x38, 0xBD, 0xF7, 0x00, 0x00, 0x52, 0xAA,
    0x18, 0xAD, 0x00, 0x0C, 0x18, 0xAD, 0x00, 0x0C, 0x18, 0xAD, 0x00, 0x0C, 0x18, 0xAD, 0x00, 0x0D,
    0x18, 0xAD, 0x00, 0x0D, 0x18, 0xAD, 0x00, 0x0C, 0x18, 0xAD, 0x00, 0x0E, 0x18, 0xAD, 0x00, 0x0C,
    0x18, 0xAD, 0x00, 0x0D, 0x18, 0xAD, 0x00, 0x0D, 0x18, 0xAD, 0x00, 0x2B, 0x18, 0xAD, 0x08, 0x2A,
    0x18, 0xAD, 0x00, 0x0C, 0x18, 0xAD, 0x00, 0x2B, 0x18, 0xAD, 0x08, 0x2A, 0x18, 0xAD, 0x00, 0x0C,
    0x18, 0xAD, 0x00, 0x0D, 0x18, 0xAD, 0x00, 0x0D, 0x18, 0xAD, 0x00, 0x0D, 0x18, 0xAD, 0x08, 0x2A,
    0x18, 0xAD, 0x00, 0x0C, 0x18, 0xAD, 0x00, 0x0E, 0x18, 0xAD, 0x00, 0x0C, 0x18, 0xAD, 0x00, 0x0C,
    0x18, 0xAD, 0x00, 0x0B, 0x18, 0xAD, 0x08, 0x2A, 0x18, 0xAD, 0x00, 0x2B, 0x18, 0xAD, 0x00, 0x0B,
    0x18, 0xAD, 0x00, 0x2B, 0x18, 0xAD, 0x08, 0x2A, 0x18, 0xAD, 0x08, 0x2A, 0x18, 0xAD, 0x00, 0x0C,
    0x18, 0xAD, 0x00, 0x2B, 0x18, 0xAD, 0x08, 0x2A, 0x18, 0xAD, 0x08, 0x2A, 0x18, 0xAD, 0x00, 0x0C,
    0x18, 0xAD, 0x00, 0x0C, 0x18, 0xAD, 0x00, 0x0C, 0x18, 0xAD, 0x00, 0x0D, 0x18, 0xAD, 0x00, 0x0D,
    0x18, 0xAD, 0x00, 0x0C, 0x18, 0xAD, 0x00, 0x0E, 0x18, 0xAD, 0x00, 0x0C, 0x18, 0xAD, 0x00, 0x0D,
    0x18, 0xAD, 0x00, 0x0D, 0x18, 0xAD, 0x00, 0x2B, 0x18, 0xAD, 0x08, 0x2A, 0x18, 0xAD, 0x00, 0x0C,
    0x18, 0xAD, 0x00, 0x2B, 0x18, 0xAD, 0x08, 0x2A, 0x18, 0xAD, 0x00, 0x0C, 0x18, 0xAD, 0x00, 0x0D,
    0x18, 0xAD, 0x00, 0x0D, 0x18, 0xAD, 0x00, 0x0D, 0x18, 0xAD, 0x08, 0x2A, 0x18, 0xAD, 0x00, 0x0C,
    0x18, 0xAD, 0x00, 0x0E, 0x18, 0xAD, 0x00, 0x0C, 0x18, 0xAD, 0x00, 0x0C, 0x18, 0xAD, 0x00, 0x0B,
    0x18, 0xAD, 0x08, 0x2A, 0x18, 0xAD, 0x00, 0x2B, 0x18, 0xAD, 0x00, 0x0B, 0x18, 0xAD, 0x00, 0x2B,
    0x18, 0xAD, 0x08, 0x2A, 0x18, 0xAD, 0x08, 0x2A, 0x18, 0xAD, 0x00, 0x0C, 0x18, 0xAD, 0x00, 0x2B,
    0x18, 0xAD, 0x08, 0x2A, 0x18, 0xAD, 0x08, 0x2A, 0x18, 0xAD, 0x00, 0x0C, 0x18, 0xAD, 0x00, 0x0C,
    0x18, 0xAD, 0x00, 0x0C, 0x18, 0xAD, 0x52, 0xAA, 0x00, 0x00, 0x84, 0x10, 0x7B, 0xEF, 0x84, 0x30,
    0x94, 0x92, 0x94, 0x92, 0x84, 0x10, 0x84, 0x30, 0xA5, 0x14, 0xBD, 0xF7, 0xC6, 0x38, 0xBD, 0xF7,
    0x00, 0x00, 0x84, 0x10, 0x7B, 0xEF, 0x84, 0x30, 0x94, 0x92, 0x94, 0x92, 0x84, 0x10, 0x84, 0x30,
    0xA5, 0x14, 0xBD, 0xF7, 0xC6, 0x38, 0xBD, 0xF7, 0x00, 0x00, 0x84, 0x10, 0x7B, 0xEF, 0x84, 0x30,
    0x94, 0x92, 0x94, 0x92, 0x84, 0x10, 0x84, 0x30, 0xA5, 0x14, 0xBD, 0xF7, 0xC6, 0x38, 0xBD, 0xF7,
    0x00, 0x00, 0x52, 0xAA, 0x18, 0xAD, 0x00, 0x0C, 0x18, 0xAD, 0x00, 0x0B, 0x18, 0xAD, 0x08, 0x2A,
    0x18, 0xAD, 0x00, 0x2B, 0x18, 0xAD, 0x00, 0x0B, 0x18, 0xAD, 0x00, 0x2B, 0x18, 0xAD, 0x08, 0x2A,
    0x18, 0xAD, 0x08, 0x2A, 0x18, 0xAD, 0x00, 0x0C, 0x18, 0xAD, 0x00, 0x2B, 0x18, 0xAD, 0x08, 0x2A,
    0x18, 0xAD, 0x08, 0x2A, 0x18, 0xAD, 0x00, 0x0C, 0x18, 0xAD, 0x00, 0x0C, 0x18, 0xAD, 0x00, 0x0C,
    0x18, 0xAD, 0x00, 0x0D, 0x18, 0xAD, 0x00, 0x0D, 0x18, 0xAD, 0x00, 0x0C, 0x18, 0xAD, 0x00, 0x0E,
    0x18, 0xAD, 0x00, 0x0C, 0x18, 0xAD, 0x00, 0x0D, 0x10, 0x8B, 0x00, 0x0D, 0x00, 0x00, 0x00, 0x2B,
    0x08, 0x2A, 0x29, 0x34, 0x08, 0x2A, 0x18, 0xCF, 0x00, 0x2B, 0x18, 0xCD, 0x08, 0x2A, 0x18, 0xCD,
    0x08, 0x2A, 0x18, 0xCD, 0x08, 0x2A, 0x18, 0xCD, 0x00, 0x0D, 0x18, 0xCD, 0x00, 0x2B, 0x18, 0xCD,
    0x08, 0x2A, 0x18, 0xCD, 0x08, 0x2A, 0x18, 0xCD, 0x00, 0x2B, 0x18, 0xCD, 0x00, 0x2B, 0x18, 0xCD,
    0x00, 0x2B, 0x18, 0xCD, 0x00, 0x0C, 0x18, 0xCD, 0x00, 0x0D, 0x18, 0xCD, 0x00, 0x0C, 0x18, 0xCD,
    0x00, 0x0D, 0x18, 0xCD, 0x00, 0x0D, 0x18, 0xCD, 0x00, 0x0E, 0x18, 0xCD, 0x00, 0x0E, 0x18, 0xCD,
    0x08, 0x2A, 0x18, 0xCD, 0x08, 0x2A, 0x18, 0xCD, 0x00, 0x0C, 0x18, 0xCD, 0x00, 0x2B, 0x18, 0xCD,
    0x08, 0x2A, 0x52, 0xAA, 0x00, 0x00, 0x73, 0xAE, 0x73, 0x8E, 0x7B, 0xCF, 0x7B, 0xEF, 0x63, 0x2C,
    0x4A, 0x49, 0x39, 0xE7, 0x4A, 0x69, 0x8C, 0x51, 0xBD, 0xF7, 0xB5, 0xB6, 0x00, 0x00, 0x73, 0xAE,
    0x73, 0x8E, 0x7B, 0xCF, 0x7B, 0xEF, 0x63, 0x2C, 0x4A, 0x49, 0x39, 0xE7, 0x4A, 0x69, 0x8C, 0x51,
    0xBD, 0xF7, 0xB5, 0xB6, 0x00, 0x00, 0x73, 0xAE, 0x73, 0x8E, 0x7B, 0xCF, 0x7B, 0xEF, 0x63, 0x2C,
    0x4A, 0x49, 0x39, 0xE7, 0x4A, 0x69, 0x8C, 0x51, 0xBD, 0xF7, 0xB5, 0xB6, 0x00, 0x00, 0x52, 0xAA,
    0x08, 0x2A, 0x18, 0xCD, 0x00, 0x2B, 0x18, 0xCD, 0x00, 0x2B, 0x18, 0xCD, 0x00, 0x2B, 0x18, 0xCD,
    0x00, 0x0C, 0x18, 0xCD, 0x00, 0x0D, 0x18, 0xCD, 0x00, 0x0C, 0x18, 0xCD, 0x00, 0x0D, 0x18, 0xCD,
    0x00, 0x0D, 0x18, 0xCD, 0x00, 0x0E, 0x18, 0xCD, 0x00, 0x0E, 0x18, 0xCD, 0x08, 0x2A, 0x18, 0xCD,
    0x08, 0x2A, 0x18, 0xCD, 0x00, 0x0C, 0x18, 0xCD, 0x00, 0x2B, 0x18, 0xCD, 0x08, 0x2A, 0x18, 0xCD,
    0x00, 0x2B, 0x18, 0xCD, 0x00, 0x0C, 0x18, 0xCD, 0x00, 0x0D, 0x18, 0xCD, 0x00, 0x0C, 0x18, 0xCD,
    0x08, 0x2A, 0x18, 0xCD, 0x00, 0x0D, 0x18, 0xCD, 0x00, 0x0C, 0x18, 0xCD, 0x00, 0x0C, 0x18, 0xCD,
    0x00, 0x2B, 0x18, 0xCD, 0x08, 0x2A, 0x18, 0xCD, 0x08, 0x2A, 0x18, 0xCD, 0x08, 0x2A, 0x18, 0xCD,
    0x00, 0x2B, 0x18, 0xCD, 0x08, 0x2A, 0x18, 0xCD, 0x08, 0x2A, 0x18, 0xCD, 0x08, 0x2A, 0x18, 0xCD,
    0x00, 0x0D, 0x18, 0xCD, 0x00, 0x2B, 0x18, 0xCD, 0x08, 0x2A, 0x18, 0xCD, 0x08, 0x2A, 0x18, 0xCD,
    0x00, 0x2B, 0x18, 0xCD, 0x00, 0x2B, 0x18, 0xCD, 0x00, 0x2B, 0x18, 0xCD, 0x00, 0x0C, 0x18, 0xCD,
    0x00, 0x0D, 0x18, 0xCD, 0x00, 0x0C, 0x18, 0xCD, 0x00, 0x0D, 0x18, 0xCD, 0x00, 0x0D, 0x18, 0xCD,
    0x00, 0x0E, 0x18, 0xCD, 0x00, 0x0E, 0x18, 0xCD, 0x08, 0x2A, 0x18, 0xCD, 0x08, 0x2A, 0x18, 0xCD,
    0x00, 0x0C, 0x18, 0xCD, 0x00, 0x2B, 0x18, 0xCD, 0x08, 0x2A, 0x18, 0xCD, 0x00, 0x2B, 0x18, 0xCD,
    0x00, 0x0C, 0x18, 0xCD, 0x00, 0x0D, 0x18, 0xCD, 0x00, 0x0C, 0x18, 0xCD, 0x08, 0x2A, 0x18, 0xCD,
    0x00, 0x0D, 0x18, 0xCD, 0x00, 0x0C, 0x18, 0xCD, 0x00, 0x0C, 0x18, 0xCD, 0x00, 0x2B, 0x18, 0xCD,
    0x08, 0x2A, 0x18, 0xCD, 0x08, 0x2A, 0x18, 0xCD, 0x08, 0x2A, 0x18, 0xCD, 0x00, 0x2B, 0x18, 0xCD,
    0x08, 0x2A, 0x18, 0xCD, 0x08, 0x2A, 0x18, 0xCD, 0x08, 0x2A, 0x18, 0xCD, 0x00, 0x0D, 0x18, 0xCD,
    0x00, 0x2B, 0x18, 0xCD, 0x08, 0x2A, 0x18, 0xCD, 0x08, 0x2A, 0x18, 0xCD, 0x00, 0x2B, 0x18, 0xCD,
    0x00, 0x2B, 0x18, 0xCD, 0x00, 0x2B, 0x52, 0xAA, 0x00, 0x00, 0x73, 0xAE, 0x73, 0x8E, 0x7B, 0xCF,
    0x7B, 0xEF, 0x63, 0x2C, 0x4A, 0x49, 0x39, 0xE7, 0x4A, 0x69, 0x8C, 0x51, 0xBD, 0xF7, 0xB5, 0xB6,
    0x00, 0x00, 0x73, 0xAE, 0x73, 0x8E, 0x7B, 0xCF, 0x7B, 0xEF, 0x63, 0x2C, 0x4A, 0x49, 0x39, 0xE7,
    0x4A, 0x69, 0x8C, 0x51, 0xBD, 0xF7, 0xB5, 0xB6, 0x00, 0x00, 0x73, 0xAE, 0x73, 0x8E, 0x7B, 0xCF,
    0x7B, 0xEF, 0x63, 0x2C, 0x4A, 0x49, 0x39, 0xE7, 0x4A, 0x69, 0x8C, 0x51, 0xBD, 0xF7, 0xB5, 0xB6,
    0x00, 0x00, 0x52, 0xAA, 0x00, 0x0C, 0x18, 0xCD, 0x00, 0x2B, 0x18, 0xCD, 0x08, 0x2A, 0x18, 0xCD,
    0x08, 0x2A, 0x18, 0xCD, 0x08, 0x2A, 0x18, 0xCD, 0x00, 0x2B, 0x18, 0xCD, 0x08, 0x2A, 0x18, 0xCD,
    0x08, 0x2A, 0x18, 0xCD, 0x08, 0x2A, 0x18, 0xCD, 0x00, 0x0D, 0x18, 0xCD, 0x00, 0x2B, 0x18, 0xCD,
    0x08, 0x2A, 0x18, 0xCD, 0x08, 0x2A, 0x18, 0xCD, 0x00, 0x2B, 0x18, 0xCD, 0x00, 0x2B, 0x18, 0xCD,
    0x00, 0x2B, 0x18, 0xCD, 0x00, 0x0C, 0x18, 0xCD, 0x00, 0x0D, 0x18, 0xCD, 0x00, 0x0C, 0x18, 0xCD,
    0x00, 0x0D, 0x18, 0xCD, 0x00, 0x0D, 0x29, 0x13, 0x00, 0x0E, 0x00, 0x00, 0x00, 0x0E, 0x00, 0x00,
    0x39, 0xBD, 0x08, 0x2A, 0x29, 0x13, 0x08, 0x2A, 0x00, 0x00, 0x00, 0x2B, 0x18, 0xCD, 0x08, 0x2A,
    0x18, 0xCD, 0x08, 0x2A, 0x18, 0xCD, 0x00, 0x0C, 0x18, 0xCD, 0x00, 0x0D, 0x18, 0xCD, 0x08, 0x2A,
    0x18, 0xCD, 0x00, 0x2A, 0x18, 0xCD, 0x08, 0x2A, 0x18, 0xCD, 0x08, 0x2A, 0x18, 0xCD, 0x08, 0x2A,
    0x18, 0xCD, 0x08, 0x2A, 0x18, 0xCD, 0x00, 0x0C, 0x18, 0xCD, 0x00, 0x0B, 0x18, 0xCD, 0x00, 0x0B,
    0x18, 0xCD, 0x08, 0x2A, 0x18, 0xCD, 0x00, 0x0D, 0x18, 0xCD, 0x00, 0x0E, 0x18, 0xCD, 0x00, 0x0E,
    0x18, 0xCD, 0x08, 0x2A, 0x18, 0xCD, 0x08, 0x2A, 0x18, 0xCD, 0x00, 0x0C, 0x18, 0xCD, 0x08, 0x2A,
    0x18, 0xCD, 0x52, 0xAA, 0x00, 0x00, 0x6B, 0x6D, 0x63, 0x2C, 0x84, 0x10, 0x8C, 0x51, 0x73, 0x8E,
    0x4A, 0x49, 0x29, 0x65, 0x29, 0x45, 0x4A, 0x69, 0xA5, 0x14, 0xB5, 0xB6, 0x00, 0x00, 0x6B, 0x6D,
    0x63, 0x2C, 0x84, 0x10, 0x8C, 0x51, 0x73, 0x8E, 0x4A, 0x49, 0x29, 0x65, 0x29, 0x45, 0x4A, 0x69,
    0xA5, 0x14, 0xB5, 0xB6, 0x00, 0x00, 0x6B, 0x6D, 0x63, 0x2C, 0x84, 0x10, 0x8C, 0x51, 0x73, 0x8E,
    0x4A, 0x49, 0x29, 0x65, 0x29, 0x45, 0x4A, 0x69, 0xA5, 0x14, 0xB5, 0xB6, 0x00, 0x00, 0x52, 0xAA,
    0x18, 0xCD, 0x08, 0x2A, 0x18, 0xCD, 0x08, 0x2A, 0x18, 0xCD, 0x08, 0x2A, 0x18, 0xCD, 0x08, 0x2A,
    0x18, 0xCD, 0x00, 0x0C, 0x18, 0xCD, 0x00, 0x0B, 0x18, 0xCD, 0x00, 0x0B, 0x18, 0xCD, 0x08, 0x2A,
    0x18, 0xCD, 0x00, 0x0D, 0x18, 0xCD, 0x00, 0x0E, 0x18, 0xCD, 0x00, 0x0E, 0x18, 0xCD, 0x08, 0x2A,
    0x18, 0xCD, 0x08, 0x2A, 0x18, 0xCD, 0x00, 0x0C, 0x18, 0xCD, 0x08, 0x2A, 0x18, 0xCD, 0x08, 0x2A,
    0x18, 0xCD, 0x08, 0x2A, 0x18, 0xCD, 0x00, 0x2B, 0x18, 0xCD, 0x00, 0x0C, 0x18, 0xCD, 0x00, 0x2B,
    0x18, 0xCD, 0x08, 0x2A, 0x18, 0xCD, 0x00, 0x2B, 0x18, 0xCD, 0x00, 0x2B, 0x18, 0xCD, 0x00, 0x0C,
    0x18, 0xCD, 0x00, 0x2A, 0x18, 0xCD, 0x00, 0x2B, 0x18, 0xCD, 0x08, 0x2A, 0x18, 0xCD, 0x08, 0x2A,
    0x18, 0xCD, 0x00, 0x2B, 0x18, 0xCD, 0x08, 0x2A, 0x18, 0xCD, 0x08, 0x2A, 0x18, 0xCD, 0x00, 0x0C,
    0x18, 0xCD, 0x00, 0x0D, 0x18, 0xCD, 0x08, 0x2A, 0x18, 0xCD, 0x00, 0x2A, 0x18, 0xCD, 0x08, 0x2A,
    0x18, 0xCD, 0x08, 0x2A, 0x18, 0xCD, 0x08, 0x2A, 0x18, 0xCD, 0x08, 0x2A, 0x18, 0xCD, 0x00, 0x0C,
    0x18, 0xCD, 0x00, 0x0B, 0x18, 0xCD, 0x00, 0x0B, 0x18, 0xCD, 0x08, 0x2A, 0x18, 0xCD, 0x00, 0x0D,
    0x18, 0xCD, 0x00, 0x0E, 0x18, 0xCD, 0x00, 0x0E, 0x18, 0xCD, 0x08, 0x2A, 0x18, 0xCD, 0x08, 0x2A,
    0x18, 0xCD, 0x00, 0x0C, 0x18, 0xCD, 0x08, 0x2A, 0x18, 0xCD, 0x08, 0x2A, 0x18, 0xCD, 0x08, 0x2A,
    0x18, 0xCD, 0x00, 0x2B, 0x18, 0xCD, 0x00, 0x0C, 0x18, 0xCD, 0x00, 0x2B, 0x18, 0xCD, 0x08, 0x2A,
    0x18, 0xCD, 0x00, 0x2B, 0x18, 0xCD, 0x00, 0x2B, 0x18, 0xCD, 0x00, 0x0C, 0x18, 0xCD, 0x00, 0x2A,
    0x18, 0xCD, 0x00, 0x2B, 0x18, 0xCD, 0x08, 0x2A, 0x18, 0xCD, 0x08, 0x2A, 0x18, 0xCD, 0x00, 0x2B,
    0x18, 0xCD, 0x08, 0x2A, 0x18, 0xCD, 0x08, 0x2A, 0x18, 0xCD, 0x00, 0x0C, 0x18, 0xCD, 0x00, 0x0D,
    0x18, 0xCD, 0x08, 0x2A, 0x18, 0xCD, 0x00, 0x2A, 0x18, 0xCD, 0x08, 0x2A, 0x18, 0xCD, 0x08, 0x2A,
    0x18, 0xCD, 0x08, 0x2A, 0x18, 0xCD, 0x52, 0xAA, 0x00, 0x00, 0x6B, 0x6D, 0x63, 0x2C, 0x84, 0x10,
    0x8C, 0x51, 0x73, 0x8E, 0x4A, 0x49, 0x29, 0x65, 0x29, 0x45, 0x4A, 0x69, 0xA5, 0x14, 0xB5, 0xB6,
    0x00, 0x00, 0x6B, 0x6D, 0x63, 0x2C, 0x84, 0x10, 0x8C, 0x51, 0x73, 0x8E, 0x4A, 0x49, 0x29, 0x65,
    0x29, 0x45, 0x4A, 0x69, 0xA5, 0x14, 0xB5, 0xB6, 0x00, 0x00, 0x6B, 0x6D, 0x63, 0x2C, 0x84, 0x10,
    0x8C, 0x51, 0x73, 0x8E, 0x4A, 0x49, 0x29, 0x65, 0x29, 0x45, 0x4A, 0x69, 0xA5, 0x14, 0xB5, 0xB6,
    0x00, 0x00, 0x52, 0xAA, 0x18, 0xCD, 0x00, 0x0C, 0x18, 0xCD, 0x00, 0x2A, 0x18, 0xCD, 0x00, 0x2B,
    0x18, 0xCD, 0x08, 0x2A, 0x18, 0xCD, 0x08, 0x2A, 0x18, 0xCD, 0x00, 0x2B, 0x18, 0xCD, 0x08, 0x2A,
    0x18, 0xCD, 0x08, 0x2A, 0x18, 0xCD, 0x00, 0x0C, 0x18, 0xCD, 0x00, 0x0D, 0x18, 0xCD, 0x08, 0x2A,
    0x18, 0xCD, 0x00, 0x2A, 0x18, 0xCD, 0x08, 0x2A, 0x18, 0xCD, 0x08, 0x2A, 0x18, 0xCD, 0x08, 0x2A,
    0x18, 0xCD, 0x08, 0x2A, 0x18, 0xCD, 0x00, 0x0C, 0x18, 0xCD, 0x00, 0x0B, 0x18, 0xCD, 0x00, 0x0B,
    0x18, 0xCD, 0x08, 0x2A, 0x18, 0xCD, 0x00, 0x0D, 0x18, 0xAB, 0x00, 0x0E, 0x00, 0x00, 0x00, 0x0E,
    0x00, 0x0C, 0x29, 0x34, 0x08, 0x2A, 0x20, 0xEF, 0x00, 0x0C, 0x18, 0xCD, 0x00, 0x0C, 0x18, 0xCD,
    0x00, 0x2B, 0x18, 0xCD, 0x08, 0x2A, 0x18, 0xCD, 0x00, 0x0D, 0x18, 0xCD, 0x00, 0x2B, 0x18, 0xCD,
    0x08, 0x2A, 0x18, 0xCD, 0x00, 0x0D, 0x18, 0xCD, 0x00, 0x2B, 0x18, 0xCD, 0x08, 0x2A, 0x18, 0xCD,
    0x08, 0x2A, 0x18, 0xCD, 0x08, 0x2A, 0x18, 0xCD, 0x00, 0x2B, 0x18, 0xCD, 0x00, 0x0B, 0x18, 0xCD,
    0x08, 0x2A, 0x18, 0xCD, 0x08, 0x2A, 0x18, 0xCD, 0x00, 0x2B, 0x18, 0xCD, 0x00, 0x0D, 0x18, 0xCD,
    0x00, 0x0E, 0x18, 0xCD, 0x08, 0x2A, 0x18, 0xCD, 0x00, 0x2B, 0x18, 0xCD, 0x00, 0x0D, 0x18, 0xCD,
    0x08, 0x2A, 0x52, 0xAA, 0x00, 0x00, 0x63, 0x0C, 0x5A, 0xCB, 0x9C, 0xF3, 0xAD, 0x55, 0x9C, 0xD3,
    0x5A, 0xCB, 0x18, 0xC3, 0x29, 0x65, 0x39, 0xE7, 0x84, 0x30, 0xAD, 0x55, 0x00, 0x00, 0x63, 0x0C,
    0x5A, 0xCB, 0x9C, 0xF3, 0xAD, 0x55, 0x9C, 0xD3, 0x5A, 0xCB, 0x18, 0xC3, 0x29, 0x65, 0x39, 0xE7,
    0x84, 0x30, 0xAD, 0x55, 0x00, 0x00, 0x63, 0x0C, 0x5A, 0xCB, 0x9C, 0xF3, 0xAD, 0x55, 0x9C, 0xD3,
    0x5A, 0xCB, 0x18, 0xC3, 0x29, 0x65, 0x39, 0xE7, 0x84, 0x30, 0xAD, 0x55, 0x00, 0x00, 0x52, 0xAA,
    0x00, 0x0D, 0x18, 0xCD, 0x00, 0x2B, 0x18, 0xCD, 0x08, 0x2A, 0x18, 0xCD, 0x08, 0x2A, 0x18, 0xCD,
    0x08, 0x2A, 0x18, 0xCD, 0x00, 0x2B, 0x18, 0xCD, 0x00, 0x0B, 0x18, 0xCD, 0x08, 0x2A, 0x18, 0xCD,
    0x08, 0x2A, 0x18, 0xCD, 0x00, 0x2B, 0x18, 0xCD, 0x00, 0x0D, 0x18, 0xCD, 0x00, 0x0E, 0x18, 0xCD,
    0x08, 0x2A, 0x18, 0xCD, 0x00, 0x2B, 0x18, 0xCD, 0x00, 0x0D, 0x18, 0xCD, 0x08, 0x2A, 0x18, 0xCD,
    0x08, 0x2A, 0x18, 0xCD, 0x08, 0x2A, 0x18, 0xCD, 0x08, 0x2A, 0x18, 0xCD, 0x08, 0x2A, 0x18, 0xCD,
    0x08, 0x2A, 0x18, 0xCD, 0x08, 0x2A, 0x18, 0xCD, 0x08, 0x2A, 0x18, 0xCD, 0x00, 0x0C, 0x18, 0xCD,
    0x00, 0x2B, 0x18, 0xCD, 0x00, 0x0C, 0x18, 0xCD, 0x00, 0x0C, 0x18, 0xCD, 0x08, 0x2A, 0x18, 0xCD,
    0x00, 0x0C, 0x18, 0xCD, 0x00, 0x0C, 0x18, 0xCD, 0x00, 0x2B, 0x18, 0xCD, 0x08, 0x2A, 0x18, 0xCD,
    0x00, 0x0D, 0x18, 0xCD, 0x00, 0x2B, 0x18, 0xCD, 0x08, 0x2A, 0x18, 0xCD, 0x00, 0x0D, 0x18, 0xCD,
    0x00, 0x2B, 0x18, 0xCD, 0x08, 0x2A, 0x18, 0xCD, 0x08, 0x2A, 0x18, 0xCD, 0x08, 0x2A, 0x18, 0xCD,
    0x00, 0x2B, 0x18, 0xCD, 0x00, 0x0B, 0x18, 0xCD, 0x08, 0x2A, 0x18, 0xCD, 0x08, 0x2A, 0x18, 0xCD,
    0x00, 0x2B, 0x18, 0xCD, 0x00, 0x0D, 0x18, 0xCD, 0x00, 0x0E, 0x18, 0xCD, 0x08, 0x2A, 0x18, 0xCD,
    0x00, 0x2B, 0x18, 0xCD, 0x00, 0x0D, 0x18, 0xCD, 0x08, 0x2A, 0x18, 0xCD, 0x08, 0x2A, 0x18, 0xCD,
    0x08, 0x2A, 0x18, 0xCD, 0x08, 0x2A, 0x18, 0xCD, 0x08, 0x2A, 0x18, 0xCD, 0x08, 0x2A, 0x18, 0xCD,
    0x08, 0x2A, 0x18, 0xCD, 0x08, 0x2A, 0x18, 0xCD, 0x00, 0x0C, 0x18, 0xCD, 0x00, 0x2B, 0x18, 0xCD,
    0x00, 0x0C, 0x18, 0xCD, 0x00, 0x0C, 0x18, 0xCD, 0x08, 0x2A, 0x18, 0xCD, 0x00, 0x0C, 0x18, 0xCD,
    0x00, 0x0C, 0x18, 0xCD, 0x00, 0x2B, 0x18, 0xCD, 0x08, 0x2A, 0x18, 0xCD, 0x00, 0x0D, 0x18, 0xCD,
    0x00, 0x2B, 0x18, 0xCD, 0x08, 0x2A, 0x18, 0xCD, 0x00, 0x0D, 0x18, 0xCD, 0x00, 0x2B, 0x18, 0xCD,
    0x08, 0x2A, 0x18, 0xCD, 0x08, 0x2A, 0x52, 0xAA, 0x00, 0x00, 0x63, 0x0C, 0x5A, 0xCB, 0x9C, 0xF3,
    0xAD, 0x55, 0x9C, 0xD3, 0x5A, 0xCB, 0x18, 0xC3, 0x29, 0x65, 0x39, 0xE7, 0x84, 0x30, 0xAD, 0x55,
    0x00, 0x00, 0x63, 0x0C, 0x5A, 0xCB, 0x9C, 0xF3, 0xAD, 0x55, 0x9C, 0xD3, 0x5A, 0xCB, 0x18, 0xC3,
    0x29, 0x65, 0x39, 0xE7, 0x84, 0x30, 0xAD, 0x55, 0x00, 0x00, 0x63, 0x0C, 0x5A, 0xCB, 0x9C, 0xF3,
    0xAD, 0x55, 0x9C, 0xD3, 0x5A, 0xCB, 0x18, 0xC3, 0x29, 0x65, 0x39, 0xE7, 0x84, 0x30, 0xAD, 0x55,
    0x00, 0x00, 0x52, 0xAA, 0x00, 0x0C, 0x18, 0xCD, 0x00, 0x2B, 0x18, 0xCD, 0x00, 0x0C, 0x18, 0xCD,
    0x00, 0x0C, 0x18, 0xCD, 0x08, 0x2A, 0x18, 0xCD, 0x00, 0x0C, 0x18, 0xCD, 0x00, 0x0C, 0x18, 0xCD,
    0x00, 0x2B, 0x18, 0xCD, 0x08, 0x2A, 0x18, 0xCD, 0x00, 0x0D, 0x18, 0xCD, 0x00, 0x2B, 0x18, 0xCD,
    0x08, 0x2A, 0x18, 0xCD, 0x00, 0x0D, 0x18, 0xCD, 0x00, 0x2B, 0x18, 0xCD, 0x08, 0x2A, 0x18, 0xCD,
    0x08, 0x2A, 0x18, 0xCD, 0x08, 0x2A, 0x18, 0xCD, 0x00, 0x2B, 0x18, 0xCD, 0x00, 0x0B, 0x18, 0xCD,
    0x08, 0x2A, 0x18, 0xCD, 0x08, 0x2A, 0x29, 0x33, 0x00, 0x2B, 0x00, 0x00, 0x00, 0x0D, 0x00, 0x00,
    0x41, 0xDE, 0x00, 0x0B, 0x29, 0x33, 0x00, 0x2B, 0x00, 0x00, 0x00, 0x0D, 0x18, 0xCE, 0x00, 0x0D,
    0x18, 0xCE, 0x00, 0x2B, 0x18, 0xCE, 0x00, 0x0C, 0x18, 0xCE, 0x00, 0x0C, 0x18, 0xCE, 0x08, 0x2A,
    0x18, 0xCE, 0x00, 0x0D, 0x18, 0xCE, 0x00, 0x0E, 0x18, 0xCE, 0x00, 0x0C, 0x18, 0xCE, 0x08, 0x2A,
    0x18, 0xCE, 0x08, 0x2A, 0x18, 0xCE, 0x08, 0x2A, 0x18, 0xCE, 0x00, 0x2B, 0x18, 0xCE, 0x00, 0x0C,
    0x18, 0xCE, 0x08, 0x2A, 0x18, 0xCE, 0x08, 0x2A, 0x18, 0xCE, 0x08, 0x2A, 0x18, 0xCE, 0x00, 0x0E,
    0x18, 0xCE, 0x00, 0x0D, 0x18, 0xCE, 0x08, 0x2A, 0x18, 0xCE, 0x00, 0x0D, 0x18, 0xCE, 0x00, 0x0E,
    0x18, 0xCE, 0x52, 0xAA, 0x00, 0x00, 0x5A, 0xEB, 0x5A, 0xCB, 0xAD, 0x55, 0xBD, 0xF7, 0xCE, 0x79,
    0xB5, 0x96, 0x5A, 0xCB, 0x4A, 0x49, 0x4A, 0x49, 0x84, 0x10, 0xA5, 0x34, 0x00, 0x00, 0x5A, 0xEB,
    0x5A, 0xCB, 0xAD, 0x55, 0xBD, 0xF7, 0xCE, 0x79, 0xB5, 0x96, 0x5A, 0xCB, 0x4A, 0x49, 0x4A, 0x49,
    0x84, 0x10, 0xA5, 0x34, 0x00, 0x00, 0x5A, 0xEB, 0x5A, 0xCB, 0xAD, 0x55, 0xBD, 0xF7, 0xCE, 0x79,
    0xB5, 0x96, 0x5A, 0xCB, 0x4A, 0x49, 0x4A, 0x49, 0x84, 0x10, 0xA5, 0x34, 0x00, 0x00, 0x52, 0xAA,
    0x18, 0xCE, 0x00, 0x0E, 0x18, 0xCE, 0x00, 0x0C, 0x18, 0xCE, 0x08, 0x2A, 0x18, 0xCE, 0x08, 0x2A,
    0x18, 0xCE, 0x08, 0x2A, 0x18, 0xCE, 0x00, 0x2B, 0x18, 0xCE, 0x00, 0x0C, 0x18, 0xCE, 0x08, 0x2A,
    0x18, 0xCE, 0x08, 0x2A, 0x18, 0xCE, 0x08, 0x2A, 0x18, 0xCE, 0x00, 0x0E, 0x18, 0xCE, 0x00, 0x0D,
    0x18, 0xCE, 0x08, 0x2A, 0x18, 0xCE, 0x00, 0x0D, 0x18, 0xCE, 0x00, 0x0E, 0x18, 0xCE, 0x08, 0x2A,
    0x18, 0xCE, 0x00, 0x2B, 0x18, 0xCE, 0x00, 0x0C, 0x18, 0xCE, 0x08, 0x2A, 0x18, 0xCE, 0x08, 0x2A,
    0x18, 0xCE, 0x08, 0x2A, 0x18, 0xCE, 0x08, 0x2A, 0x18, 0xCE, 0x08, 0x2A, 0x18, 0xCE, 0x00, 0x0B,
    0x18, 0xCE, 0x00, 0x2B, 0x18, 0xCE, 0x00, 0x0D, 0x18, 0xCE, 0x00, 0x0B, 0x18, 0xCE, 0x00, 0x2B,
    0x18, 0xCE, 0x00, 0x0D, 0x18, 0xCE, 0x00, 0x0D, 0x18, 0xCE, 0x00, 0x2B, 0x18, 0xCE, 0x00, 0x0C,
    0x18, 0xCE, 0x00, 0x0C, 0x18, 0xCE, 0x08, 0x2A, 0x18, 0xCE, 0x00, 0x0D, 0x18, 0xCE, 0x00, 0x0E,
    0x18, 0xCE, 0x00, 0x0C, 0x18, 0xCE, 0x08, 0x2A, 0x18, 0xCE, 0x08, 0x2A, 0x18, 0xCE, 0x08, 0x2A,
    0x18, 0xCE, 0x00, 0x2B, 0x18, 0xCE, 0x00, 0x0C, 0x18, 0xCE, 0x08, 0x2A, 0x18, 0xCE, 0x08, 0x2A,
    0x18, 0xCE, 0x08, 0x2A, 0x18, 0xCE, 0x00, 0x0E, 0x18, 0xCE, 0x00, 0x0D, 0x18, 0xCE, 0x08, 0x2A,
    0x18, 0xCE, 0x00, 0x0D, 0x18, 0xCE, 0x00, 0x0E, 0x18, 0xCE, 0x08, 0x2A, 0x18, 0xCE, 0x00, 0x2B,
    0x18, 0xCE, 0x00, 0x0C, 0x18, 0xCE, 0x08, 0x2A, 0x18, 0xCE, 0x08, 0x2A, 0x18, 0xCE, 0x08, 0x2A,
    0x18, 0xCE, 0x08, 0x2A, 0x18, 0xCE, 0x08, 0x2A, 0x18, 0xCE, 0x00, 0x0B, 0x18, 0xCE, 0x00, 0x2B,
    0x18, 0xCE, 0x00, 0x0D, 0x18, 0xCE, 0x00, 0x0B, 0x18, 0xCE, 0x00, 0x2B, 0x18, 0xCE, 0x00, 0x0D,
    0x18, 0xCE, 0x00, 0x0D, 0x18, 0xCE, 0x00, 0x2B, 0x18, 0xCE, 0x00, 0x0C, 0x18, 0xCE, 0x00, 0x0C,
    0x18, 0xCE, 0x08, 0x2A, 0x18, 0xCE, 0x00, 0x0D, 0x18, 0xCE, 0x00, 0x0E, 0x18, 0xCE, 0x00, 0x0C,
    0x18, 0xCE, 0x08, 0x2A, 0x18, 0xCE, 0x52, 0xAA, 0x00, 0x00, 0x5A, 0xEB, 0x5A, 0xCB, 0xAD, 0x55,
    0xBD, 0xF7, 0xCE, 0x79, 0xB5, 0x96, 0x5A, 0xCB, 0x4A, 0x49, 0x4A, 0x49, 0x84, 0x10, 0xA5, 0x34,
    0x00, 0x00, 0x5A, 0xEB, 0x5A, 0xCB, 0xAD, 0x55, 0xBD, 0xF7, 0xCE, 0x79, 0xB5, 0x96, 0x5A, 0xCB,
    0x4A, 0x49, 0x4A, 0x49, 0x84, 0x10, 0xA5, 0x34, 0x00, 0x00, 0x5A, 0xEB, 0x5A, 0xCB, 0xAD, 0x55,
    0xBD, 0xF7, 0xCE, 0x79, 0xB5, 0x96, 0x5A, 0xCB, 0x4A, 0x49, 0x4A, 0x49, 0x84, 0x10, 0xA5, 0x34,
    0x00, 0x00, 0x52, 0xAA, 0x18, 0xCE, 0x00, 0x0B, 0x18, 0xCE, 0x00, 0x2B, 0x18, 0xCE, 0x00, 0x0D,
    0x18, 0xCE, 0x00, 0x0B, 0x18, 0xCE, 0x00, 0x2B, 0x18, 0xCE, 0x00, 0x0D, 0x18, 0xCE, 0x00, 0x0D,
    0x18, 0xCE, 0x00, 0x2B, 0x18, 0xCE, 0x00, 0x0C, 0x18, 0xCE, 0x00, 0x0C, 0x18, 0xCE, 0x08, 0x2A,
    0x18, 0xCE, 0x00, 0x0D, 0x18, 0xCE, 0x00, 0x0E, 0x18, 0xCE, 0x00, 0x0C, 0x18, 0xCE, 0x08, 0x2A,
    0x18, 0xCE, 0x08, 0x2A, 0x18, 0xCE, 0x08, 0x2A, 0x18, 0xCE, 0x00, 0x2B, 0x18, 0xCE, 0x00, 0x0C,
    0x18, 0xCE, 0x08, 0x2A, 0x18, 0xCE, 0x08, 0x2A, 0x18, 0xAB, 0x08, 0x2A, 0x00, 0x00, 0x00, 0x0E,
    0x00, 0x0D, 0x31, 0x55, 0x00, 0x0B, 0x20, 0xF0, 0x00, 0x2B, 0x20, 0xEE, 0x00, 0x0D, 0x20, 0xEE,
    0x00, 0x0D, 0x20, 0xEE, 0x00, 0x2B, 0x20, 0xEE, 0x00, 0x0D, 0x20, 0xEE, 0x00, 0x0B, 0x20, 0xEE,
    0x00, 0x2B, 0x20, 0xEE, 0x00, 0x0E, 0x20, 0xEE, 0x00, 0x0F, 0x20, 0xEE, 0x00, 0x0D, 0x20, 0xEE,
    0x00, 0x2B, 0x20, 0xEE, 0x08, 0x2A, 0x20, 0xEE, 0x08, 0x2A, 0x20, 0xEE, 0x00, 0x0D, 0x20, 0xEE,
    0x00, 0x2B, 0x20, 0xEE, 0x08, 0x2A, 0x20, 0xEE, 0x08, 0x2A, 0x20, 0xEE, 0x00, 0x2B, 0x20, 0xEE,
    0x00, 0x0D, 0x20, 0xEE, 0x00, 0x0C, 0x20, 0xEE, 0x00, 0x2B, 0x20, 0xEE, 0x00, 0x10, 0x20, 0xEE,
    0x00, 0x0E, 0x52, 0xAA, 0x00, 0x00, 0x52, 0x8A, 0x4A, 0x69, 0xA5, 0x14, 0xD6, 0x9A, 0xE7, 0x1C,
    0xCE, 0x79, 0x9C, 0xD3, 0x73, 0x8E, 0x63, 0x2C, 0x94, 0x92, 0x9C, 0xD3, 0x00, 0x00, 0x52, 0x8A,
    0x4A, 0x69, 0xA5, 0x14, 0xD6, 0x9A, 0xE7, 0x1C, 0xCE, 0x79, 0x9C, 0xD3, 0x73, 0x8E, 0x63, 0x2C,
    0x94, 0x92, 0x9C, 0xD3, 0x00, 0x00, 0x52, 0x8A, 0x4A, 0x69, 0xA5, 0x14, 0xD6, 0x9A, 0xE7, 0x1C,
    0xCE, 0x79, 0x9C, 0xD3, 0x73, 0x8E, 0x63, 0x2C, 0x94, 0x92, 0x9C, 0xD3, 0x00, 0x00, 0x52, 0xAA,
    0x00, 0x0E, 0x20, 0xEE, 0x00, 0x0F, 0x20, 0xEE, 0x00, 0x0D, 0x20, 0xEE, 0x00, 0x2B, 0x20, 0xEE,
    0x08, 0x2A, 0x20, 0xEE, 0x08, 0x2A, 0x20, 0xEE, 0x00, 0x0D, 0x20, 0xEE, 0x00, 0x2B, 0x20, 0xEE,
    0x08, 0x2A, 0x20, 0xEE, 0x08, 0x2A, 0x20, 0xEE, 0x00, 0x2B, 0x20, 0xEE, 0x00, 0x0D, 0x20, 0xEE,
    0x00, 0x0C, 0x20, 0xEE, 0x00, 0x2B, 0x20, 0xEE, 0x00, 0x10, 0x20, 0xEE, 0x00, 0x0E, 0x20, 0xEE,
    0x08, 0x2A, 0x20, 0xEE, 0x00, 0x0E, 0x20, 0xEE, 0x00, 0x0B, 0x20, 0xEE, 0x08, 0x2A, 0x20, 0xEE,
    0x00, 0x0C, 0x20, 0xEE, 0x08, 0x2A, 0x20, 0xEE, 0x00, 0x2B, 0x20, 0xEE, 0x00, 0x2B, 0x20, 0xEE,
    0x08, 0x2A, 0x20, 0xEE, 0x00, 0x0C, 0x20, 0xEE, 0x00, 0x0D, 0x20, 0xEE, 0x00, 0x0B, 0x20, 0xEE,
    0x00, 0x2B, 0x20, 0xEE, 0x00, 0x0D, 0x20, 0xEE, 0x00, 0x0D, 0x20, 0xEE, 0x00, 0x2B, 0x20, 0xEE,
    0x00, 0x0D, 0x20, 0xEE, 0x00, 0x0B, 0x20, 0xEE, 0x00, 0x2B, 0x20, 0xEE, 0x00, 0x0E, 0x20, 0xEE,
    0x00, 0x0F, 0x20, 0xEE, 0x00, 0x0D, 0x20, 0xEE, 0x00, 0x2B, 0x20, 0xEE, 0x08, 0x2A, 0x20, 0xEE,
    0x08, 0x2A, 0x20, 0xEE, 0x00, 0x0D, 0x20, 0xEE, 0x00, 0x2B, 0x20, 0xEE, 0x08, 0x2A, 0x20, 0xEE,
    0x08, 0x2A, 0x20, 0xEE, 0x00, 0x2B, 0x20, 0xEE, 0x00, 0x0D, 0x20, 0xEE, 0x00, 0x0C, 0x20, 0xEE,
    0x00, 0x2B, 0x20, 0xEE, 0x00, 0x10, 0x20, 0xEE, 0x00, 0x0E, 0x20, 0xEE, 0x08, 0x2A, 0x20, 0xEE,
    0x00, 0x0E, 0x20, 0xEE, 0x00, 0x0B, 0x20, 0xEE, 0x08, 0x2A, 0x20, 0xEE, 0x00, 0x0C, 0x20, 0xEE,
    0x08, 0x2A, 0x20, 0xEE, 0x00, 0x2B, 0x20, 0xEE, 0x00, 0x2B, 0x20, 0xEE, 0x08, 0x2A, 0x20, 0xEE,
    0x00, 0x0C, 0x20, 0xEE, 0x00, 0x0D, 0x20, 0xEE, 0x00, 0x0B, 0x20, 0xEE, 0x00, 0x2B, 0x20, 0xEE,
    0x00, 0x0D, 0x20, 0xEE, 0x00, 0x0D, 0x20, 0xEE, 0x00, 0x2B, 0x20, 0xEE, 0x00, 0x0D, 0x20, 0xEE,
    0x00, 0x0B, 0x20, 0xEE, 0x00, 0x2B, 0x20, 0xEE, 0x00, 0x0E, 0x20, 0xEE, 0x00, 0x0F, 0x20, 0xEE,
    0x00, 0x0D, 0x20, 0xEE, 0x00, 0x2B, 0x52, 0xAA, 0x00, 0x00, 0x52, 0x8A, 0x4A, 0x69, 0xA5, 0x14,
    0xD6, 0x9A, 0xE7, 0x1C, 0xCE, 0x79, 0x9C, 0xD3, 0x73, 0x8E, 0x63, 0x2C, 0x94, 0x92, 0x9C, 0xD3,
    0x00, 0x00, 0x52, 0x8A, 0x4A, 0x69, 0xA5, 0x14, 0xD6, 0x9A, 0xE7, 0x1C, 0xCE, 0x79, 0x9C, 0xD3,
    0x73, 0x8E, 0x63, 0x2C, 0x94, 0x92, 0x9C, 0xD3, 0x00, 0x00, 0x52, 0x8A, 0x4A, 0x69, 0xA5, 0x14,
    0xD6, 0x9A, 0xE7, 0x1C, 0xCE, 0x79, 0x9C, 0xD3, 0x73, 0x8E, 0x63, 0x2C, 0x94, 0x92, 0x9C, 0xD3,
    0x00, 0x00, 0x52, 0xAA, 0x00, 0x2B, 0x20, 0xEE, 0x08, 0x2A, 0x20, 0xEE, 0x00, 0x0C, 0x20, 0xEE,
    0x00, 0x0D, 0x20, 0xEE, 0x00, 0x0B, 0x20, 0xEE, 0x00, 0x2B, 0x20, 0xEE, 0x00, 0x0D, 0x20, 0xEE,
    0x00, 0x0D, 0x20, 0xEE, 0x00, 0x2B, 0x20, 0xEE, 0x00, 0x0D, 0x20, 0xEE, 0x00, 0x0B, 0x20, 0xEE,
    0x00, 0x2B, 0x20, 0xEE, 0x00, 0x0E, 0x20, 0xEE, 0x00, 0x0F, 0x20, 0xEE, 0x00, 0x0D, 0x20, 0xEE,
    0x00, 0x2B, 0x20, 0xEE, 0x08, 0x2A, 0x20, 0xEE, 0x08, 0x2A, 0x20, 0xEE, 0x00, 0x0D, 0x20, 0xEE,
    0x00, 0x2B, 0x20, 0xEE, 0x08, 0x2A, 0x29, 0x54, 0x08, 0x2A, 0x00, 0x00, 0x00, 0x2B, 0x00, 0x00,
    0x41, 0xFF, 0x00, 0x0C, 0x29, 0x54, 0x00, 0x0B, 0x00, 0x00, 0x00, 0x2B, 0x20, 0xEE, 0x00, 0x0D,
    0x20, 0xEE, 0x00, 0x2B, 0x20, 0xEE, 0x00, 0x2B, 0x20, 0xEE, 0x00, 0x0C, 0x20, 0xEE, 0x00, 0x2B,
    0x20, 0xEE, 0x00, 0x0C, 0x20, 0xEE, 0x00, 0x0F, 0x20, 0xEE, 0x00, 0x0F, 0x20, 0xEE, 0x00, 0x0D,
    0x20, 0xEE, 0x08, 0x2A, 0x20, 0xEE, 0x08, 0x2A, 0x20, 0xEE, 0x00, 0x2A, 0x20, 0xEE, 0x00, 0x0D,
    0x20, 0xEE, 0x00, 0x2B, 0x20, 0xEE, 0x08, 0x2A, 0x20, 0xEE, 0x08, 0x2A, 0x20, 0xEE, 0x00, 0x0C,
    0x20, 0xEE, 0x00, 0x0D, 0x20, 0xEE, 0x00, 0x2B, 0x20, 0xEE, 0x00, 0x0D, 0x20, 0xEE, 0x00, 0x10,
    0x20, 0xEE, 0x52, 0xAA, 0x00, 0x00, 0x4A, 0x69, 0x42, 0x08, 0x6B, 0x6D, 0xBD, 0xF7, 0xD6, 0x9A,
    0xBD, 0xF7, 0xAD, 0x55, 0x8C, 0x51, 0x7B, 0xEF, 0x94, 0x92, 0x8C, 0x71, 0x00, 0x00, 0x4A, 0x69,
    0x42, 0x08, 0x6B, 0x6D, 0xBD, 0xF7, 0xD6, 0x9A, 0xBD, 0xF7, 0xAD, 0x55, 0x8C, 0x51, 0x7B, 0xEF,
    0x94, 0x92, 0x8C, 0x71, 0x00, 0x00, 0x4A, 0x69, 0x42, 0x08, 0x6B, 0x6D, 0xBD, 0xF7, 0xD6, 0x9A,
    0xBD, 0xF7, 0xAD, 0x55, 0x8C, 0x51, 0x7B, 0xEF, 0x94, 0x92, 0x8C, 0x71, 0x00, 0x00, 0x52, 0xAA,
    0x20, 0xEE, 0x00, 0x0F, 0x20, 0xEE, 0x00, 0x0F, 0x20, 0xEE, 0x00, 0x0D, 0x20, 0xEE, 0x08, 0x2A,
    0x20, 0xEE, 0x08, 0x2A, 0x20, 0xEE, 0x00, 0x2A, 0x20, 0xEE, 0x00, 0x0D, 0x20, 0xEE, 0x00, 0x2B,
    0x20, 0xEE, 0x08, 0x2A, 0x20, 0xEE, 0x08, 0x2A, 0x20, 0xEE, 0x00, 0x0C, 0x20, 0xEE, 0x00, 0x0D,
    0x20, 0xEE, 0x00, 0x2B, 0x20, 0xEE, 0x00, 0x0D, 0x20, 0xEE, 0x00, 0x10, 0x20, 0xEE, 0x00, 0x0C,
    0x20, 0xEE, 0x00, 0x0B, 0x20, 0xEE, 0x00, 0x0E, 0x20, 0xEE, 0x00, 0x2B, 0x20, 0xEE, 0x00, 0x0D,
    0x20, 0xEE, 0x00, 0x0E, 0x20, 0xEE, 0x00, 0x2B, 0x20, 0xEE, 0x00, 0x0C, 0x20, 0xEE, 0x00, 0x2B,
    0x20, 0xEE, 0x08, 0x2A, 0x20, 0xEE, 0x00, 0x0C, 0x20, 0xEE, 0x00, 0x0C, 0x20, 0xEE, 0x00, 0x0B,
    0x20, 0xEE, 0x00, 0x2B, 0x20, 0xEE, 0x00, 0x0D, 0x20, 0xEE, 0x00, 0x2B, 0x20, 0xEE, 0x00, 0x2B,
    0x20, 0xEE, 0x00, 0x0C, 0x20, 0xEE, 0x00, 0x2B, 0x20, 0xEE, 0x00, 0x0C, 0x20, 0xEE, 0x00, 0x0F,
    0x20, 0xEE, 0x00, 0x0F, 0x20, 0xEE, 0x00, 0x0D, 0x20, 0xEE, 0x08, 0x2A, 0x20, 0xEE, 0x08, 0x2A,
    0x20, 0xEE, 0x00, 0x2A, 0x20, 0xEE, 0x00, 0x0D, 0x20, 0xEE, 0x00, 0x2B, 0x20, 0xEE, 0x08, 0x2A,
    0x20, 0xEE, 0x08, 0x2A, 0x20, 0xEE, 0x00, 0x0C, 0x20, 0xEE, 0x00, 0x0D, 0x20, 0xEE, 0x00, 0x2B,
    0x20, 0xEE, 0x00, 0x0D, 0x20, 0xEE, 0x00, 0x10, 0x20, 0xEE, 0x00, 0x0C, 0x20, 0xEE, 0x00, 0x0B,
    0x20, 0xEE, 0x00, 0x0E, 0x20, 0xEE, 0x00, 0x2B, 0x20, 0xEE, 0x00, 0x0D, 0x20, 0xEE, 0x00, 0x0E,
    0x20, 0xEE, 0x00, 0x2B, 0x20, 0xEE, 0x00, 0x0C, 0x20, 0xEE, 0x00, 0x2B, 0x20, 0xEE, 0x08, 0x2A,
    0x20, 0xEE, 0x00, 0x0C, 0x20, 0xEE, 0x00, 0x0C, 0x20, 0xEE, 0x00, 0x0B, 0x20, 0xEE, 0x00, 0x2B,
    0x20, 0xEE, 0x00, 0x0D, 0x20, 0xEE, 0x00, 0x2B, 0x20, 0xEE, 0x00, 0x2B, 0x20, 0xEE, 0x00, 0x0C,
    0x20, 0xEE, 0x00, 0x2B, 0x20, 0xEE, 0x00, 0x0C, 0x20, 0xEE, 0x00, 0x0F, 0x20, 0xEE, 0x00, 0x0F,
    0x20, 0xEE, 0x00, 0x0D, 0x20, 0xEE, 0x52, 0xAA, 0x00, 0x00, 0x4A, 0x69, 0x42, 0x08, 0x6B, 0x6D,
    0xBD, 0xF7, 0xD6, 0x9A, 0xBD, 0xF7, 0xAD, 0x55, 0x8C, 0x51, 0x7B, 0xEF, 0x94, 0x92, 0x8C, 0x71,
    0x00, 0x00, 0x4A, 0x69, 0x42, 0x08, 0x6B, 0x6D, 0xBD, 0xF7, 0xD6, 0x9A, 0xBD, 0xF7, 0xAD, 0x55,
    0x8C, 0x51, 0x7B, 0xEF, 0x94, 0x92, 0x8C, 0x71, 0x00, 0x00, 0x4A, 0x69, 0x42, 0x08, 0x6B, 0x6D,
    0xBD, 0xF7, 0xD6, 0x9A, 0xBD, 0xF7, 0xAD, 0x55, 0x8C, 0x51, 0x7B, 0xEF, 0x94, 0x92, 0x8C, 0x71,
    0x00, 0x00, 0x52, 0xAA, 0x20, 0xEE, 0x00, 0x2B, 0x20, 0xEE, 0x08, 0x2A, 0x20, 0xEE, 0x00, 0x0C,
    0x20, 0xEE, 0x00, 0x0C, 0x20, 0xEE, 0x00, 0x0B, 0x20, 0xEE, 0x00, 0x2B, 0x20, 0xEE, 0x00, 0x0D,
    0x20, 0xEE, 0x00, 0x2B, 0x20, 0xEE, 0x00, 0x2B, 0x20, 0xEE, 0x00, 0x0C, 0x20, 0xEE, 0x00, 0x2B,
    0x20, 0xEE, 0x00, 0x0C, 0x20, 0xEE, 0x00, 0x0F, 0x20, 0xEE, 0x00, 0x0F, 0x20, 0xEE, 0x00, 0x0D,
    0x20, 0xEE, 0x08, 0x2A, 0x20, 0xEE, 0x08, 0x2A, 0x20, 0xEE, 0x00, 0x2A, 0x20, 0xEE, 0x00, 0x0D,
    0x20, 0xEE, 0x00, 0x2B, 0x20, 0xEE, 0x08, 0x2A, 0x18, 0xCC, 0x08, 0x2A, 0x00, 0x00, 0x00, 0x0C,
    0x00, 0x0C, 0x31, 0x75, 0x00, 0x0C, 0x21, 0x10, 0x00, 0x2B, 0x20, 0xEE, 0x00, 0x2B, 0x20, 0xEE,
    0x00, 0x0C, 0x20, 0xEE, 0x08, 0x2A, 0x20, 0xEE, 0x00, 0x2B, 0x20, 0xEE, 0x00, 0x0C, 0x20, 0xEE,
    0x00, 0x2B, 0x20, 0xEE, 0x00, 0x0D, 0x20, 0xEE, 0x00, 0x0E, 0x20, 0xEE, 0x00, 0x0D, 0x20, 0xEE,
    0x00, 0x0C, 0x20, 0xEE, 0x00, 0x2B, 0x20, 0xEE, 0x08, 0x2A, 0x20, 0xEE, 0x00, 0x0C, 0x20, 0xEE,
    0x00, 0x0D, 0x20, 0xEE, 0x00, 0x2B, 0x20, 0xEE, 0x08, 0x2A, 0x20, 0xEE, 0x00, 0x2B, 0x20, 0xEE,
    0x00, 0x0B, 0x20, 0xEE, 0x00, 0x2B, 0x20, 0xEE, 0x08, 0x2A, 0x20, 0xEE, 0x00, 0x0D, 0x20, 0xEE,
    0x00, 0x0E, 0x52, 0xAA, 0x00, 0x00, 0x42, 0x08, 0x39, 0xE7, 0x42, 0x28, 0x6B, 0x6D, 0xA5, 0x14,
    0xAD, 0x55, 0x9C, 0xF3, 0x84, 0x10, 0x7B, 0xCF, 0x84, 0x30, 0x84, 0x10, 0x00, 0x00, 0x42, 0x08,
    0x39, 0xE7, 0x42, 0x28, 0x6B, 0x6D, 0xA5, 0x14, 0xAD, 0x55, 0x9C, 0xF3, 0x84, 0x10, 0x7B, 0xCF,
    0x84, 0x30, 0x84, 0x10, 0x00, 0x00, 0x42, 0x08, 0x39, 0xE7, 0x42, 0x28, 0x6B, 0x6D, 0xA5, 0x14,
    0xAD, 0x55, 0x9C, 0xF3, 0x84, 0x10, 0x7B, 0xCF, 0x84, 0x30, 0x84, 0x10, 0x00, 0x00, 0x52, 0xAA,
    0x00, 0x0D, 0x20, 0xEE, 0x00, 0x0E, 0x20, 0xEE, 0x00, 0x0D, 0x20, 0xEE, 0x00, 0x0C, 0x20, 0xEE,
    0x00, 0x2B, 0x20, 0xEE, 0x08, 0x2A, 0x20, 0xEE, 0x00, 0x0C, 0x20, 0xEE, 0x00, 0x0D, 0x20, 0xEE,
    0x00, 0x2B, 0x20, 0xEE, 0x08, 0x2A, 0x20, 0xEE, 0x00, 0x2B, 0x20, 0xEE, 0x00, 0x0B, 0x20, 0xEE,
    0x00, 0x2B, 0x20, 0xEE, 0x08, 0x2A, 0x20, 0xEE, 0x00, 0x0D, 0x20, 0xEE, 0x00, 0x0E, 0x20, 0xEE,
    0x08, 0x2A, 0x20, 0xEE, 0x00, 0x0C, 0x20, 0xEE, 0x00, 0x0C, 0x20, 0xEE, 0x00, 0x0C, 0x20, 0xEE,
    0x00, 0x0F, 0x20, 0xEE, 0x00, 0x0C, 0x20, 0xEE, 0x00, 0x2B, 0x20, 0xEE, 0x00, 0x0C, 0x20, 0xEE,
    0x00, 0x2B, 0x20, 0xEE, 0x00, 0x2B, 0x20, 0xEE, 0x00, 0x0C, 0x20, 0xEE, 0x00, 0x0C, 0x20, 0xEE,
    0x00, 0x2B, 0x20, 0xEE, 0x00, 0x2B, 0x20, 0xEE, 0x00, 0x0C, 0x20, 0xEE, 0x08, 0x2A, 0x20, 0xEE,
    0x00, 0x2B, 0x20, 0xEE, 0x00, 0x0C, 0x20, 0xEE, 0x00, 0x2B, 0x20, 0xEE, 0x00, 0x0D, 0x20, 0xEE,
    0x00, 0x0E, 0x20, 0xEE, 0x00, 0x0D, 0x20, 0xEE, 0x00, 0x0C, 0x20, 0xEE, 0x00, 0x2B, 0x20, 0xEE,
    0x08, 0x2A, 0x20, 0xEE, 0x00, 0x0C, 0x20, 0xEE, 0x00, 0x0D, 0x20, 0xEE, 0x00, 0x2B, 0x20, 0xEE,
    0x08, 0x2A, 0x20, 0xEE, 0x00, 0x2B, 0x20, 0xEE, 0x00, 0x0B, 0x20, 0xEE, 0x00, 0x2B, 0x20, 0xEE,
    0x08, 0x2A, 0x20, 0xEE, 0x00, 0x0D, 0x20, 0xEE, 0x00, 0x0E, 0x20, 0xEE, 0x08, 0x2A, 0x20, 0xEE,
    0x00, 0x0C, 0x20, 0xEE, 0x00, 0x0C, 0x20, 0xEE, 0x00, 0x0C, 0x20, 0xEE, 0x00, 0x0F, 0x20, 0xEE,
    0x00, 0x0C, 0x20, 0xEE, 0x00, 0x2B, 0x20, 0xEE, 0x00, 0x0C, 0x20, 0xEE, 0x00, 0x2B, 0x20, 0xEE,
    0x00, 0x2B, 0x20, 0xEE, 0x00, 0x0C, 0x20, 0xEE, 0x00, 0x0C, 0x20, 0xEE, 0x00, 0x2B, 0x20, 0xEE,
    0x00, 0x2B, 0x20, 0xEE, 0x00, 0x0C, 0x20, 0xEE, 0x08, 0x2A, 0x20, 0xEE, 0x00, 0x2B, 0x20, 0xEE,
    0x00, 0x0C, 0x20, 0xEE, 0x00, 0x2B, 0x20, 0xEE, 0x00, 0x0D, 0x20, 0xEE, 0x00, 0x0E, 0x20, 0xEE,
    0x00, 0x0D, 0x20, 0xEE, 0x00, 0x0C, 0x52, 0xAA, 0x00, 0x00, 0x42, 0x08, 0x39, 0xE7, 0x42, 0x28,
    0x6B, 0x6D, 0xA5, 0x14, 0xAD, 0x55, 0x9C, 0xF3, 0x84, 0x10, 0x7B, 0xCF, 0x84, 0x30, 0x84, 0x10,
    0x00, 0x00, 0x42, 0x08, 0x39, 0xE7, 0x42, 0x28, 0x6B, 0x6D, 0xA5, 0x14, 0xAD, 0x55, 0x9C, 0xF3,
    0x84, 0x10, 0x7B, 0xCF, 0x84, 0x30, 0x84, 0x10, 0x00, 0x00, 0x42, 0x08, 0x39, 0xE7, 0x42, 0x28,
    0x6B, 0x6D, 0xA5, 0x14, 0xAD, 0x55, 0x9C, 0xF3, 0x84, 0x10, 0x7B, 0xCF, 0x84, 0x30, 0x84, 0x10,
    0x00, 0x00, 0x52, 0xAA, 0x00, 0x0C, 0x20, 0xEE, 0x00, 0x2B, 0x20, 0xEE, 0x00, 0x2B, 0x20, 0xEE,
    0x00, 0x0C, 0x20, 0xEE, 0x00, 0x0C, 0x20, 0xEE, 0x00, 0x2B, 0x20, 0xEE, 0x00, 0x2B, 0x20, 0xEE,
    0x00, 0x0C, 0x20, 0xEE, 0x08, 0x2A, 0x20, 0xEE, 0x00, 0x2B, 0x20, 0xEE, 0x00, 0x0C, 0x20, 0xEE,
    0x00, 0x2B, 0x20, 0xEE, 0x00, 0x0D, 0x20, 0xEE, 0x00, 0x0E, 0x20, 0xEE, 0x00, 0x0D, 0x20, 0xEE,
    0x00, 0x0C, 0x20, 0xEE, 0x00, 0x2B, 0x20, 0xEE, 0x08, 0x2A, 0x20, 0xEE, 0x00, 0x0C, 0x20, 0xEE,
    0x00, 0x0D, 0x20, 0xEE, 0x00, 0x2B, 0x31, 0x55, 0x08, 0x2A, 0x00, 0x00, 0x00, 0x2B, 0x00, 0x00,
    0x4A, 0x1F, 0x00, 0x0D, 0x31, 0x54, 0x00, 0x0C, 0x00, 0x00, 0x00, 0x2A, 0x20, 0xEE, 0x00, 0x0C,
    0x20, 0xEE, 0x00, 0x2B, 0x20, 0xEE, 0x08, 0x2A, 0x20, 0xEE, 0x00, 0x0B, 0x20, 0xEE, 0x00, 0x2A,
    0x20, 0xEE, 0x00, 0x2A, 0x20, 0xEE, 0x00, 0x0C, 0x20, 0xEE, 0x00, 0x0C, 0x20, 0xEE, 0x00, 0x0C,
    0x20, 0xEE, 0x00, 0x0B, 0x20, 0xEE, 0x00, 0x2B, 0x20, 0xEE, 0x08, 0x2A, 0x20, 0xEE, 0x00, 0x0D,
    0x20, 0xEE, 0x00, 0x0C, 0x20, 0xEE, 0x08, 0x2A, 0x20, 0xEE, 0x00, 0x2B, 0x20, 0xEE, 0x00, 0x0C,
    0x20, 0xEE, 0x00, 0x2B, 0x20, 0xEE, 0x08, 0x2A, 0x20, 0xEE, 0x08, 0x2A, 0x20, 0xEE, 0x00, 0x0D,
    0x20, 0xEE, 0x52, 0xAA, 0x00, 0x00, 0x39, 0xE7, 0x31, 0xA6, 0x39, 0xE7, 0x42, 0x08, 0x4A, 0x69,
    0x5A, 0xCB, 0x5A, 0xCB, 0x63, 0x2C, 0x73, 0x8E, 0x7B, 0xEF, 0x73, 0xAE, 0x00, 0x00, 0x39, 0xE7,
    0x31, 0xA6, 0x39, 0xE7, 0x42, 0x08, 0x4A, 0x69, 0x5A, 0xCB, 0x5A, 0xCB, 0x63, 0x2C, 0x73, 0x8E,
    0x7B, 0xEF, 0x73, 0xAE, 0x00, 0x00, 0x39, 0xE7, 0x31, 0xA6, 0x39, 0xE7, 0x42, 0x08, 0x4A, 0x69,
    0x5A, 0xCB, 0x5A, 0xCB, 0x63, 0x2C, 0x73, 0x8E, 0x7B, 0xEF, 0x73, 0xAE, 0x00, 0x00, 0x52, 0xAA,
    0x20, 0xEE, 0x00, 0x0C, 0x20, 0xEE, 0x00, 0x0C, 0x20, 0xEE, 0x00, 0x0C, 0x20, 0xEE, 0x00, 0x0B,
    0x20, 0xEE, 0x00, 0x2B, 0x20, 0xEE, 0x08, 0x2A, 0x20, 0xEE, 0x00, 0x0D, 0x20, 0xEE, 0x00, 0x0C,
    0x20, 0xEE, 0x08, 0x2A, 0x20, 0xEE, 0x00, 0x2B, 0x20, 0xEE, 0x00, 0x0C, 0x20, 0xEE, 0x00, 0x2B,
    0x20, 0xEE, 0x08, 0x2A, 0x20, 0xEE, 0x08, 0x2A, 0x20, 0xEE, 0x00, 0x0D, 0x20, 0xEE, 0x00, 0x2B,
    0x20, 0xEE, 0x08, 0x2A, 0x20, 0xEE, 0x00, 0x2B, 0x20, 0xEE, 0x00, 0x2B, 0x20, 0xEE, 0x00, 0x0C,
    0x20, 0xEE, 0x00, 0x0D, 0x20, 0xEE, 0x08, 0x2A, 0x20, 0xEE, 0x00, 0x0C, 0x20, 0xEE, 0x00, 0x0D,
    0x20, 0xEE, 0x00, 0x0C, 0x20, 0xEE, 0x00, 0x0C, 0x20, 0xEE, 0x00, 0x0D, 0x20, 0xEE, 0x00, 0x0C,
    0x20, 0xEE, 0x00, 0x2A, 0x20, 0xEE, 0x00, 0x0C, 0x20, 0xEE, 0x00, 0x2B, 0x20, 0xEE, 0x08, 0x2A,
    0x20, 0xEE, 0x00, 0x0B, 0x20, 0xEE, 0x00, 0x2A, 0x20, 0xEE, 0x00, 0x2A, 0x20, 0xEE, 0x00, 0x0C,
    0x20, 0xEE, 0x00, 0x0C, 0x20, 0xEE, 0x00, 0x0C, 0x20, 0xEE, 0x00, 0x0B, 0x20, 0xEE, 0x00, 0x2B,
    0x20, 0xEE, 0x08, 0x2A, 0x20, 0xEE, 0x00, 0x0D, 0x20, 0xEE, 0x00, 0x0C, 0x20, 0xEE, 0x08, 0x2A,
    0x20, 0xEE, 0x00, 0x2B, 0x20, 0xEE, 0x00, 0x0C, 0x20, 0xEE, 0x00, 0x2B, 0x20, 0xEE, 0x08, 0x2A,
    0x20, 0xEE, 0x08, 0x2A, 0x20, 0xEE, 0x00, 0x0D, 0x20, 0xEE, 0x00, 0x2B, 0x20, 0xEE, 0x08, 0x2A,
    0x20, 0xEE, 0x00, 0x2B, 0x20, 0xEE, 0x00, 0x2B, 0x20, 0xEE, 0x00, 0x0C, 0x20, 0xEE, 0x00, 0x0D,
    0x20, 0xEE, 0x08, 0x2A, 0x20, 0xEE, 0x00, 0x0C, 0x20, 0xEE, 0x00, 0x0D, 0x20, 0xEE, 0x00, 0x0C,
    0x20, 0xEE, 0x00, 0x0C, 0x20, 0xEE, 0x00, 0x0D, 0x20, 0xEE, 0x00, 0x0C, 0x20, 0xEE, 0x00, 0x2A,
    0x20, 0xEE, 0x00, 0x0C, 0x20, 0xEE, 0x00, 0x2B, 0x20, 0xEE, 0x08, 0x2A, 0x20, 0xEE, 0x00, 0x0B,
    0x20, 0xEE, 0x00, 0x2A, 0x20, 0xEE, 0x00, 0x2A, 0x20, 0xEE, 0x00, 0x0C, 0x20, 0xEE, 0x00, 0x0C,
    0x20, 0xEE, 0x00, 0x0C, 0x20, 0xEE, 0x52, 0xAA, 0x00, 0x00, 0x39, 0xE7, 0x31, 0xA6, 0x39, 0xE7,
    0x42, 0x08, 0x4A, 0x69, 0x5A, 0xCB, 0x5A, 0xCB, 0x63, 0x2C, 0x73, 0x8E, 0x7B, 0xEF, 0x73, 0xAE,
    0x00, 0x00, 0x39, 0xE7, 0x31, 0xA6, 0x39, 0xE7, 0x42, 0x08, 0x4A, 0x69, 0x5A, 0xCB, 0x5A, 0xCB,
    0x63, 0x2C, 0x73, 0x8E, 0x7B, 0xEF, 0x73, 0xAE, 0x00, 0x00, 0x39, 0xE7, 0x31, 0xA6, 0x39, 0xE7,
    0x42, 0x08, 0x4A, 0x69, 0x5A, 0xCB, 0x5A, 0xCB, 0x63, 0x2C, 0x73, 0x8E, 0x7B, 0xEF, 0x73, 0xAE,
    0x00, 0x00, 0x52, 0xAA, 0x20, 0xEE, 0x00, 0x0D, 0x20, 0xEE, 0x00, 0x0C, 0x20, 0xEE, 0x00, 0x0C,
    0x20, 0xEE, 0x00, 0x0D, 0x20, 0xEE, 0x00, 0x0C, 0x20, 0xEE, 0x00, 0x2A, 0x20, 0xEE, 0x00, 0x0C,
    0x20, 0xEE, 0x00, 0x2B, 0x20, 0xEE, 0x08, 0x2A, 0x20, 0xEE, 0x00, 0x0B, 0x20, 0xEE, 0x00, 0x2A,
    0x20, 0xEE, 0x00, 0x2A, 0x20, 0xEE, 0x00, 0x0C, 0x20, 0xEE, 0x00, 0x0C, 0x20, 0xEE, 0x00, 0x0C,
    0x20, 0xEE, 0x00, 0x0B, 0x20, 0xEE, 0x00, 0x2B, 0x20, 0xEE, 0x08, 0x2A, 0x20, 0xEE, 0x00, 0x0D,
    0x20, 0xEE, 0x00, 0x0C, 0x20, 0xEE, 0x08, 0x2A, 0x18, 0xCC, 0x00, 0x2B, 0x00, 0x00, 0x00, 0x0C,
    0x00, 0x0C, 0x31, 0x96, 0x00, 0x0D, 0x29, 0x31, 0x00, 0x2B, 0x21, 0x0F, 0x00, 0x2A, 0x21, 0x0F,
    0x00, 0x0E, 0x21, 0x0F, 0x00, 0x2B, 0x21, 0x0F, 0x08, 0x2A, 0x21, 0x0F, 0x00, 0x2B, 0x21, 0x0F,
    0x08, 0x2A, 0x21, 0x0F, 0x08, 0x2A, 0x21, 0x0F, 0x00, 0x0B, 0x21, 0x0F, 0x00, 0x0C, 0x21, 0x0F,
    0x00, 0x0D, 0x21, 0x0F, 0x00, 0x0D, 0x21, 0x0F, 0x00, 0x2B, 0x21, 0x0F, 0x08, 0x2A, 0x21, 0x0F,
    0x00, 0x0C, 0x21, 0x0F, 0x00, 0x2B, 0x21, 0x0F, 0x08, 0x2A, 0x21, 0x0F, 0x00, 0x0C, 0x21, 0x0F,
    0x00, 0x0B, 0x21, 0x0F, 0x00, 0x2B, 0x21, 0x0F, 0x08, 0x2A, 0x21, 0x0F, 0x00, 0x2B, 0x21, 0x0F,
    0x00, 0x0E, 0x52, 0xAA, 0x00, 0x00, 0x42, 0x28, 0x39, 0xE7, 0x42, 0x08, 0x4A, 0x69, 0x52, 0x8A,
    0x5A, 0xEB, 0x63, 0x0C, 0x6B, 0x6D, 0x73, 0xAE, 0x84, 0x10, 0x84, 0x10, 0x00, 0x00, 0x42, 0x28,
    0x39, 0xE7, 0x42, 0x08, 0x4A, 0x69, 0x52, 0x8A, 0x5A, 0xEB, 0x63, 0x0C, 0x6B, 0x6D, 0x73, 0xAE,
    0x84, 0x10, 0x84, 0x10, 0x00, 0x00, 0x42, 0x28, 0x39, 0xE7, 0x42, 0x08, 0x4A, 0x69, 0x52, 0x8A,
    0x5A, 0xEB, 0x63, 0x0C, 0x6B, 0x6D, 0x73, 0xAE, 0x84, 0x10, 0x84, 0x10, 0x00, 0x00, 0x52, 0xAA,
    0x08, 0x2A, 0x21, 0x0F, 0x00, 0x0B, 0x21, 0x0F, 0x00, 0x0C, 0x21, 0x0F, 0x00, 0x0D, 0x21, 0x0F,
    0x00, 0x0D, 0x21, 0x0F, 0x00, 0x2B, 0x21, 0x0F, 0x08, 0x2A, 0x21, 0x0F, 0x00, 0x0C, 0x21, 0x0F,
    0x00, 0x2B, 0x21, 0x0F, 0x08, 0x2A, 0x21, 0x0F, 0x00, 0x0C, 0x21, 0x0F, 0x00, 0x0B, 0x21, 0x0F,
    0x00, 0x2B, 0x21, 0x0F, 0x08, 0x2A, 0x21, 0x0F, 0x00, 0x2B, 0x21, 0x0F, 0x00, 0x0E, 0x21, 0x0F,
    0x00, 0x2B, 0x21, 0x0F, 0x08, 0x2A, 0x21, 0x0F, 0x08, 0x2A, 0x21, 0x0F, 0x08, 0x2A, 0x21, 0x0F,
    0x00, 0x0C, 0x21, 0x0F, 0x00, 0x0C, 0x21, 0x0F, 0x00, 0x2B, 0x21, 0x0F, 0x00, 0x0C, 0x21, 0x0F,
    0x00, 0x0D, 0x21, 0x0F, 0x00, 0x0D, 0x21, 0x0F, 0x00, 0x0C, 0x21, 0x0F, 0x00, 0x0D, 0x21, 0x0F,
    0x00, 0x2B, 0x21, 0x0F, 0x00, 0x2A, 0x21, 0x0F, 0x00, 0x0E, 0x21, 0x0F, 0x00, 0x2B, 0x21, 0x0F,
    0x08, 0x2A, 0x21, 0x0F, 0x00, 0x2B, 0x21, 0x0F, 0x08, 0x2A, 0x21, 0x0F, 0x08, 0x2A, 0x21, 0x0F,
    0x00, 0x0B, 0x21, 0x0F, 0x00, 0x0C, 0x21, 0x0F, 0x00, 0x0D, 0x21, 0x0F, 0x00, 0x0D, 0x21, 0x0F,
    0x00, 0x2B, 0x21, 0x0F, 0x08, 0x2A, 0x21, 0x0F, 0x00, 0x0C, 0x21, 0x0F, 0x00, 0x2B, 0x21, 0x0F,
    0x08, 0x2A, 0x21, 0x0F, 0x00, 0x0C, 0x21, 0x0F, 0x00, 0x0B, 0x21, 0x0F, 0x00, 0x2B, 0x21, 0x0F,
    0x08, 0x2A, 0x21, 0x0F, 0x00, 0x2B, 0x21, 0x0F, 0x00, 0x0E, 0x21, 0x0F, 0x00, 0x2B, 0x21, 0x0F,
    0x08, 0x2A, 0x21, 0x0F, 0x08, 0x2A, 0x21, 0x0F, 0x08, 0x2A, 0x21, 0x0F, 0x00, 0x0C, 0x21, 0x0F,
    0x00, 0x0C, 0x21, 0x0F, 0x00, 0x2B, 0x21, 0x0F, 0x00, 0x0C, 0x21, 0x0F, 0x00, 0x0D, 0x21, 0x0F,
    0x00, 0x0D, 0x21, 0x0F, 0x00, 0x0C, 0x21, 0x0F, 0x00, 0x0D, 0x21, 0x0F, 0x00, 0x2B, 0x21, 0x0F,
    0x00, 0x2A, 0x21, 0x0F, 0x00, 0x0E, 0x21, 0x0F, 0x00, 0x2B, 0x21, 0x0F, 0x08, 0x2A, 0x21, 0x0F,
    0x00, 0x2B, 0x21, 0x0F, 0x08, 0x2A, 0x21, 0x0F, 0x08, 0x2A, 0x21, 0x0F, 0x00, 0x0B, 0x21, 0x0F,
    0x00, 0x0C, 0x21, 0x0F, 0x00, 0x0D, 0x52, 0xAA, 0x00, 0x00, 0x42, 0x28, 0x39, 0xE7, 0x42, 0x08,
    0x4A, 0x69, 0x52, 0x8A, 0x5A, 0xEB, 0x63, 0x0C, 0x6B, 0x6D, 0x73, 0xAE, 0x84, 0x10, 0x84, 0x10,
    0x00, 0x00, 0x42, 0x28, 0x39, 0xE7, 0x42, 0x08, 0x4A, 0x69, 0x52, 0x8A, 0x5A, 0xEB, 0x63, 0x0C,
    0x6B, 0x6D, 0x73, 0xAE, 0x84, 0x10, 0x84, 0x10, 0x00, 0x00, 0x42, 0x28, 0x39, 0xE7, 0x42, 0x08,
    0x4A, 0x69, 0x52, 0x8A, 0x5A, 0xEB, 0x63, 0x0C, 0x6B, 0x6D, 0x73, 0xAE, 0x84, 0x10, 0x84, 0x10,
    0x00, 0x00, 0x52, 0xAA, 0x00, 0x0C, 0x21, 0x0F, 0x00, 0x0D, 0x21, 0x0F, 0x00, 0x0D, 0x21, 0x0F,
    0x00, 0x0C, 0x21, 0x0F, 0x00, 0x0D, 0x21, 0x0F, 0x00, 0x2B, 0x21, 0x0F, 0x00, 0x2A, 0x21, 0x0F,
    0x00, 0x0E, 0x21, 0x0F, 0x00, 0x2B, 0x21, 0x0F, 0x08, 0x2A, 0x21, 0x0F, 0x00, 0x2B, 0x21, 0x0F,
    0x08, 0x2A, 0x21, 0x0F, 0x08, 0x2A, 0x21, 0x0F, 0x00, 0x0B, 0x21, 0x0F, 0x00, 0x0C, 0x21, 0x0F,
    0x00, 0x0D, 0x21, 0x0F, 0x00, 0x0D, 0x21, 0x0F, 0x00, 0x2B, 0x21, 0x0F, 0x08, 0x2A, 0x21, 0x0F,
    0x00, 0x0C, 0x21, 0x0F, 0x00, 0x2B, 0x31, 0x75, 0x08, 0x2A, 0x00, 0x00, 0x00, 0x0C, 0x00, 0x00,
    0x4A, 0x3F, 0x00, 0x0C, 0x31, 0x75, 0x00, 0x0C, 0x00, 0x00, 0x08, 0x2A, 0x21, 0x0F, 0x00, 0x0D,
    0x21, 0x0F, 0x00, 0x0E, 0x21, 0x0F, 0x00, 0x2B, 0x21, 0x0F, 0x00, 0x2B, 0x21, 0x0F, 0x00, 0x2B,
    0x21, 0x0F, 0x08, 0x2A, 0x21, 0x0F, 0x08, 0x2A, 0x21, 0x0F, 0x00, 0x0C, 0x21, 0x0F, 0x00, 0x0C,
    0x21, 0x0F, 0x00, 0x0E, 0x21, 0x0F, 0x00, 0x0D, 0x21, 0x0F, 0x08, 0x2A, 0x21, 0x0F, 0x08, 0x2A,
    0x21, 0x0F, 0x00, 0x2A, 0x21, 0x0F, 0x08, 0x2A, 0x21, 0x0F, 0x08, 0x2A, 0x21, 0x0F, 0x00, 0x2B,
    0x21, 0x0F, 0x00, 0x2B, 0x21, 0x0F, 0x00, 0x2B, 0x21, 0x0F, 0x08, 0x2A, 0x21, 0x0F, 0x00, 0x0C,
    0x21, 0x0F, 0x52, 0xAA, 0x00, 0x00, 0x00, 0x00, 0x00, 0x00, 0x00, 0x00, 0x00, 0x00, 0x00, 0x00,
    0x00, 0x00, 0x00, 0x00, 0x00, 0x00, 0x00, 0x00, 0x00, 0x00, 0x00, 0x00, 0x00, 0x00, 0x00, 0x00,
    0x00, 0x00, 0x00, 0x00, 0x00, 0x00, 0x00, 0x00, 0x00, 0x00, 0x00, 0x00, 0x00, 0x00, 0x00, 0x00,
    0x00, 0x00, 0x00, 0x00, 0x00, 0x00, 0x00, 0x00, 0x00, 0x00, 0x00, 0x00, 0x00, 0x00, 0x00, 0x00,
    0x00, 0x00, 0x00, 0x00, 0x00, 0x00, 0x00, 0x00, 0x00, 0x00, 0x00, 0x00, 0x00, 0x00, 0x52, 0xAA,
    0x21, 0x0F, 0x08, 0x2A, 0x21, 0x0F, 0x00, 0x0C, 0x21, 0x0F, 0x00, 0x0C, 0x21, 0x0F, 0x00, 0x0E,
    0x21, 0x0F, 0x00, 0x0D, 0x21, 0x0F, 0x08, 0x2A, 0x21, 0x0F, 0x08, 0x2A, 0x21, 0x0F, 0x00, 0x2A,
    0x21, 0x0F, 0x08, 0x2A, 0x21, 0x0F, 0x08, 0x2A, 0x21, 0x0F, 0x00, 0x2B, 0x21, 0x0F, 0x00, 0x2B,
    0x21, 0x0F, 0x00, 0x2B, 0x21, 0x0F, 0x08, 0x2A, 0x21, 0x0F, 0x00, 0x0C, 0x21, 0x0F, 0x00, 0x0E,
    0x21, 0x0F, 0x00, 0x0C, 0x21, 0x0F, 0x08, 0x2A, 0x21, 0x0F, 0x08, 0x2A, 0x21, 0x0F, 0x08, 0x2A,
    0x21, 0x0F, 0x00, 0x0D, 0x21, 0x0F, 0x00, 0x0C, 0x21, 0x0F, 0x00, 0x2B, 0x21, 0x0F, 0x00, 0x2B,
    0x21, 0x0F, 0x00, 0x0D, 0x21, 0x0F, 0x00, 0x0C, 0x21, 0x0F, 0x00, 0x0C, 0x21, 0x0F, 0x00, 0x0C,
    0x21, 0x0F, 0x08, 0x2A, 0x21, 0x0F, 0x00, 0x0D, 0x21, 0x0F, 0x00, 0x0E, 0x21, 0x0F, 0x00, 0x2B,
    0x21, 0x0F, 0x00, 0x2B, 0x21, 0x0F, 0x00, 0x2B, 0x21, 0x0F, 0x08, 0x2A, 0x21, 0x0F, 0x08, 0x2A,
    0x21, 0x0F, 0x00, 0x0C, 0x21, 0x0F, 0x00, 0x0C, 0x21, 0x0F, 0x00, 0x0E, 0x21, 0x0F, 0x00, 0x0D,
    0x21, 0x0F, 0x08, 0x2A, 0x21, 0x0F, 0x08, 0x2A, 0x21, 0x0F, 0x00, 0x2A, 0x21, 0x0F, 0x08, 0x2A,
    0x21, 0x0F, 0x08, 0x2A, 0x21, 0x0F, 0x00, 0x2B, 0x21, 0x0F, 0x00, 0x2B, 0x21, 0x0F, 0x00, 0x2B,
    0x21, 0x0F, 0x08, 0x2A, 0x21, 0x0F, 0x00, 0x0C, 0x21, 0x0F, 0x00, 0x0E, 0x21, 0x0F, 0x00, 0x0C,
    0x21, 0x0F, 0x08, 0x2A, 0x21, 0x0F, 0x08, 0x2A, 0x21, 0x0F, 0x08, 0x2A, 0x21, 0x0F, 0x00, 0x0D,
    0x21, 0x0F, 0x00, 0x0C, 0x21, 0x0F, 0x00, 0x2B, 0x21, 0x0F, 0x00, 0x2B, 0x21, 0x0F, 0x00, 0x0D,
    0x21, 0x0F, 0x00, 0x0C, 0x21, 0x0F, 0x00, 0x0C, 0x21, 0x0F, 0x00, 0x0C, 0x21, 0x0F, 0x08, 0x2A,
    0x21, 0x0F, 0x00, 0x0D, 0x21, 0x0F, 0x00, 0x0E, 0x21, 0x0F, 0x00, 0x2B, 0x21, 0x0F, 0x00, 0x2B,
    0x21, 0x0F, 0x00, 0x2B, 0x21, 0x0F, 0x08, 0x2A, 0x21, 0x0F, 0x08, 0x2A, 0x21, 0x0F, 0x00, 0x0C,
    0x21, 0x0F, 0x00, 0x0C, 0x21, 0x0F, 0x52, 0xAA, 0x00, 0x00, 0x00, 0x00, 0x00, 0x00, 0x00, 0x00,
    0x00, 0x00, 0x00, 0x00, 0x00, 0x00, 0x00, 0x00, 0x00, 0x00, 0x00, 0x00, 0x00, 0x00, 0x00, 0x00,
    0x00, 0x00, 0x00, 0x00, 0x00, 0x00, 0x00, 0x00, 0x00, 0x00, 0x00, 0x00, 0x00, 0x00, 0x00, 0x00,
    0x00, 0x00, 0x00, 0x00, 0x00, 0x00, 0x00, 0x00, 0x00, 0x00, 0x00, 0x00, 0x00, 0x00, 0x00, 0x00,
    0x00, 0x00, 0x00, 0x00, 0x00, 0x00, 0x00, 0x00, 0x00, 0x00, 0x00, 0x00, 0x00, 0x00, 0x00, 0x00,
    0x00, 0x00, 0x52, 0xAA, 0x21, 0x0F, 0x00, 0x2B, 0x21, 0x0F, 0x00, 0x0D, 0x21, 0x0F, 0x00, 0x0C,
    0x21, 0x0F, 0x00, 0x0C, 0x21, 0x0F, 0x00, 0x0C, 0x21, 0x0F, 0x08, 0x2A, 0x21, 0x0F, 0x00, 0x0D,
    0x21, 0x0F, 0x00, 0x0E, 0x21, 0x0F, 0x00, 0x2B, 0x21, 0x0F, 0x00, 0x2B, 0x21, 0x0F, 0x00, 0x2B,
    0x21, 0x0F, 0x08, 0x2A, 0x21, 0x0F, 0x08, 0x2A, 0x21, 0x0F, 0x00, 0x0C, 0x21, 0x0F, 0x00, 0x0C,
    0x21, 0x0F, 0x00, 0x0E, 0x21, 0x0F, 0x00, 0x0D, 0x21, 0x0F, 0x08, 0x2A, 0x21, 0x0F, 0x08, 0x2A,
    0x21, 0x0F, 0x00, 0x2A, 0x21, 0x0F, 0x08, 0x2A, 0x18, 0xCC, 0x08, 0x2A, 0x00, 0x00, 0x00, 0x2B,
    0x00, 0x0C, 0x39, 0xB7, 0x00, 0x0C, 0x29, 0x31, 0x00, 0x0C, 0x21, 0x0F, 0x00, 0x2B, 0x21, 0x0F,
    0x00, 0x0F, 0x21, 0x0F, 0x00, 0x0F, 0x21, 0x0F, 0x00, 0x0C, 0x21, 0x0F, 0x00, 0x0E, 0x21, 0x0F,
    0x00, 0x0C, 0x21, 0x0F, 0x00, 0x2B, 0x21, 0x0F, 0x00, 0x0C, 0x21, 0x0F, 0x00, 0x0C, 0x21, 0x0F,
    0x00, 0x0D, 0x21, 0x0F, 0x00, 0x0F, 0x21, 0x0F, 0x00, 0x0E, 0x21, 0x0F, 0x08, 0x2A, 0x21, 0x0F,
    0x08, 0x2A, 0x21, 0x0F, 0x08, 0x2A, 0x21, 0x0F, 0x08, 0x2A, 0x21, 0x0F, 0x08, 0x2A, 0x21, 0x0F,
    0x08, 0x2A, 0x21, 0x0F, 0x00, 0x2B, 0x21, 0x0F, 0x08, 0x2A, 0x21, 0x0F, 0x08, 0x2A, 0x21, 0x0F,
    0x00, 0x0D, 0x52, 0xAA, 0x00, 0x00, 0x84, 0x10, 0x73, 0xAE, 0x84, 0x10, 0x8C, 0x71, 0x9C, 0xD3,
    0xA5, 0x34, 0xAD, 0x55, 0xB5, 0xB6, 0xB5, 0xB6, 0xBD, 0xF7, 0xBD, 0xD7, 0x00, 0x00, 0x84, 0x10,
    0x73, 0xAE, 0x84, 0x10, 0x8C, 0x71, 0x9C, 0xD3, 0xA5, 0x34, 0xAD, 0x55, 0xB5, 0xB6, 0xB5, 0xB6,
    0xBD, 0xF7, 0xBD, 0xD7, 0x00, 0x00, 0x84, 0x10, 0x73, 0xAE, 0x84, 0x10, 0x8C, 0x71, 0x9C, 0xD3,
    0xA5, 0x34, 0xAD, 0x55, 0xB5, 0xB6, 0xB5, 0xB6, 0xBD, 0xF7, 0xBD, 0xD7, 0x00, 0x00, 0x52, 0xAA,
    0x00, 0x2B, 0x21, 0x0F, 0x00, 0x0C, 0x21, 0x0F, 0x00, 0x0C, 0x21, 0x0F, 0x00, 0x0D, 0x21, 0x0F,
    0x00, 0x0F, 0x21, 0x0F, 0x00, 0x0E, 0x21, 0x0F, 0x08, 0x2A, 0x21, 0x0F, 0x08, 0x2A, 0x21, 0x0F,
    0x08, 0x2A, 0x21, 0x0F, 0x08, 0x2A, 0x21, 0x0F, 0x08, 0x2A, 0x21, 0x0F, 0x08, 0x2A, 0x21, 0x0F,
    0x00, 0x2B, 0x21, 0x0F, 0x08, 0x2A, 0x21, 0x0F, 0x08, 0x2A, 0x21, 0x0F, 0x00, 0x0D, 0x21, 0x0F,
    0x00, 0x0F, 0x21, 0x0F, 0x00, 0x0D, 0x21, 0x0F, 0x00, 0x2B, 0x21, 0x0F, 0x08, 0x2A, 0x21, 0x0F,
    0x00, 0x2B, 0x21, 0x0F, 0x00, 0x0C, 0x21, 0x0F, 0x00, 0x0C, 0x21, 0x0F, 0x00, 0x2B, 0x21, 0x0F,
    0x00, 0x2B, 0x21, 0x0F, 0x00, 0x0C, 0x21, 0x0F, 0x00, 0x0C, 0x21, 0x0F, 0x00, 0x0C, 0x21, 0x0F,
    0x00, 0x0C, 0x21, 0x0F, 0x00, 0x2B, 0x21, 0x0F, 0x00, 0x0F, 0x21, 0x0F, 0x00, 0x0F, 0x21, 0x0F,
    0x00, 0x0C, 0x21, 0x0F, 0x00, 0x0E, 0x21, 0x0F, 0x00, 0x0C, 0x21, 0x0F, 0x00, 0x2B, 0x21, 0x0F,
    0x00, 0x0C, 0x21, 0x0F, 0x00, 0x0C, 0x21, 0x0F, 0x00, 0x0D, 0x21, 0x0F, 0x00, 0x0F, 0x21, 0x0F,
    0x00, 0x0E, 0x21, 0x0F, 0x08, 0x2A, 0x21, 0x0F, 0x08, 0x2A, 0x21, 0x0F, 0x08, 0x2A, 0x21, 0x0F,
    0x08, 0x2A, 0x21, 0x0F, 0x08, 0x2A, 0x21, 0x0F, 0x08, 0x2A, 0x21, 0x0F, 0x00, 0x2B, 0x21, 0x0F,
    0x08, 0x2A, 0x21, 0x0F, 0x08, 0x2A, 0x21, 0x0F, 0x00, 0x0D, 0x21, 0x0F, 0x00, 0x0F, 0x21, 0x0F,
    0x00, 0x0D, 0x21, 0x0F, 0x00, 0x2B, 0x21, 0x0F, 0x08, 0x2A, 0x21, 0x0F, 0x00, 0x2B, 0x21, 0x0F,
    0x00, 0x0C, 0x21, 0x0F, 0x00, 0x0C, 0x21, 0x0F, 0x00, 0x2B, 0x21, 0x0F, 0x00, 0x2B, 0x21, 0x0F,
    0x00, 0x0C, 0x21, 0x0F, 0x00, 0x0C, 0x21, 0x0F, 0x00, 0x0C, 0x21, 0x0F, 0x00, 0x0C, 0x21, 0x0F,
    0x00, 0x2B, 0x21, 0x0F, 0x00, 0x0F, 0x21, 0x0F, 0x00, 0x0F, 0x21, 0x0F, 0x00, 0x0C, 0x21, 0x0F,
    0x00, 0x0E, 0x21, 0x0F, 0x00, 0x0C, 0x21, 0x0F, 0x00, 0x2B, 0x21, 0x0F, 0x00, 0x0C, 0x21, 0x0F,
    0x00, 0x0C, 0x21, 0x0F, 0x00, 0x0D, 0x52, 0xAA, 0x00, 0x00, 0x84, 0x10, 0x73, 0xAE, 0x84, 0x10,
    0x8C, 0x71, 0x9C, 0xD3, 0xA5, 0x34, 0xAD, 0x55, 0xB5, 0xB6, 0xB5, 0xB6, 0xBD, 0xF7, 0xBD, 0xD7,
    0x00, 0x00, 0x84, 0x10, 0x73, 0xAE, 0x84, 0x10, 0x8C, 0x71, 0x9C, 0xD3, 0xA5, 0x34, 0xAD, 0x55,
    0xB5, 0xB6, 0xB5, 0xB6, 0xBD, 0xF7, 0xBD, 0xD7, 0x00, 0x00, 0x84, 0x10, 0x73, 0xAE, 0x84, 0x10,
    0x8C, 0x71, 0x9C, 0xD3, 0xA5, 0x34, 0xAD, 0x55, 0xB5, 0xB6, 0xB5, 0xB6, 0xBD, 0xF7, 0xBD, 0xD7,
    0x00, 0x00, 0x52, 0xAA, 0x00, 0x2B, 0x21, 0x0F, 0x00, 0x2B, 0x21, 0x0F, 0x00, 0x0C, 0x21, 0x0F,
    0x00, 0x0C, 0x21, 0x0F, 0x00, 0x0C, 0x21, 0x0F, 0x00, 0x0C, 0x21, 0x0F, 0x00, 0x2B, 0x21, 0x0F,
    0x00, 0x0F, 0x21, 0x0F, 0x00, 0x0F, 0x21, 0x0F, 0x00, 0x0C, 0x21, 0x0F, 0x00, 0x0E, 0x21, 0x0F,
    0x00, 0x0C, 0x21, 0x0F, 0x00, 0x2B, 0x21, 0x0F, 0x00, 0x0C, 0x21, 0x0F, 0x00, 0x0C, 0x21, 0x0F,
    0x00, 0x0D, 0x21, 0x0F, 0x00, 0x0F, 0x21, 0x0F, 0x00, 0x0E, 0x21, 0x0F, 0x08, 0x2A, 0x21, 0x0F,
    0x08, 0x2A, 0x21, 0x0F, 0x08, 0x2A, 0x31, 0x96, 0x08, 0x2A, 0x00, 0x00, 0x08, 0x2A, 0x00, 0x00,
    0x52, 0x7F, 0x00, 0x0C, 0x31, 0x95, 0x00, 0x0C, 0x00, 0x00, 0x00, 0x2A, 0x21, 0x2F, 0x00, 0x2B,
    0x21, 0x2F, 0x00, 0x0E, 0x21, 0x2F, 0x00, 0x0E, 0x21, 0x2F, 0x00, 0x0E, 0x21, 0x2F, 0x00, 0x0E,
    0x21, 0x2F, 0x00, 0x0E, 0x21, 0x2F, 0x00, 0x0D, 0x21, 0x2F, 0x00, 0x0C, 0x21, 0x2F, 0x00, 0x0C,
    0x21, 0x2F, 0x00, 0x0D, 0x21, 0x2F, 0x00, 0x0F, 0x21, 0x2F, 0x00, 0x0D, 0x21, 0x2F, 0x08, 0x2A,
    0x21, 0x2F, 0x00, 0x0C, 0x21, 0x2F, 0x00, 0x2B, 0x21, 0x2F, 0x08, 0x2A, 0x21, 0x2F, 0x08, 0x2A,
    0x21, 0x2F, 0x08, 0x2A, 0x21, 0x2F, 0x00, 0x2B, 0x21, 0x2F, 0x08, 0x2A, 0x21, 0x2F, 0x00, 0x2A,
    0x21, 0x2F, 0x52, 0xAA, 0x00, 0x00, 0x84, 0x10, 0x7B, 0xEF, 0x84, 0x30, 0x94, 0x92, 0x94, 0x92,
    0x84, 0x10, 0x84, 0x30, 0xA5, 0x14, 0xBD, 0xF7, 0xC6, 0x38, 0xBD, 0xF7, 0x00, 0x00, 0x84, 0x10,
    0x7B, 0xEF, 0x84, 0x30, 0x94, 0x92, 0x94, 0x92, 0x84, 0x10, 0x84, 0x30, 0xA5, 0x14, 0xBD, 0xF7,
    0xC6, 0x38, 0xBD, 0xF7, 0x00, 0x00, 0x84, 0x10, 0x7B, 0xEF, 0x84, 0x30, 0x94, 0x92, 0x94, 0x92,
    0x84, 0x10, 0x84, 0x30, 0xA5, 0x14, 0xBD, 0xF7, 0xC6, 0x38, 0xBD, 0xF7, 0x00, 0x00, 0x52, 0xAA,
    0x21, 0x2F, 0x00, 0x0D, 0x21, 0x2F, 0x00, 0x0C, 0x21, 0x2F, 0x00, 0x0C, 0x21, 0x2F, 0x00, 0x0D,
    0x21, 0x2F, 0x00, 0x0F, 0x21, 0x2F, 0x00, 0x0D, 0x21, 0x2F, 0x08, 0x2A, 0x21, 0x2F, 0x00, 0x0C,
    0x21, 0x2F, 0x00, 0x2B, 0x21, 0x2F, 0x08, 0x2A, 0x21, 0x2F, 0x08, 0x2A, 0x21, 0x2F, 0x08, 0x2A,
    0x21, 0x2F, 0x00, 0x2B, 0x21, 0x2F, 0x08, 0x2A, 0x21, 0x2F, 0x00, 0x2A, 0x21, 0x2F, 0x00, 0x0E,
    0x21, 0x2F, 0x00, 0x0F, 0x21, 0x2F, 0x00, 0x0E, 0x21, 0x2F, 0x08, 0x2A, 0x21, 0x2F, 0x08, 0x2A,
    0x21, 0x2F, 0x00, 0x2B, 0x21, 0x2F, 0x00, 0x0B, 0x21, 0x2F, 0x00, 0x2B, 0x21, 0x2F, 0x08, 0x2A,
    0x21, 0x2F, 0x00, 0x2B, 0x21, 0x2F, 0x00, 0x0B, 0x21, 0x2F, 0x00, 0x0C, 0x21, 0x2F, 0x00, 0x0C,
    0x21, 0x2F, 0x00, 0x2A, 0x21, 0x2F, 0x00, 0x2B, 0x21, 0x2F, 0x00, 0x0E, 0x21, 0x2F, 0x00, 0x0E,
    0x21, 0x2F, 0x00, 0x0E, 0x21, 0x2F, 0x00, 0x0E, 0x21, 0x2F, 0x00, 0x0E, 0x21, 0x2F, 0x00, 0x0D,
    0x21, 0x2F, 0x00, 0x0C, 0x21, 0x2F, 0x00, 0x0C, 0x21, 0x2F, 0x00, 0x0D, 0x21, 0x2F, 0x00, 0x0F,
    0x21, 0x2F, 0x00, 0x0D, 0x21, 0x2F, 0x08, 0x2A, 0x21, 0x2F, 0x00, 0x0C, 0x21, 0x2F, 0x00, 0x2B,
    0x21, 0x2F, 0x08, 0x2A, 0x21, 0x2F, 0x08, 0x2A, 0x21, 0x2F, 0x08, 0x2A, 0x21, 0x2F, 0x00, 0x2B,
    0x21, 0x2F, 0x08, 0x2A, 0x21, 0x2F, 0x00, 0x2A, 0x21, 0x2F, 0x00, 0x0E, 0x21, 0x2F, 0x00, 0x0F,
    0x21, 0x2F, 0x00, 0x0E, 0x21, 0x2F, 0x08, 0x2A, 0x21, 0x2F, 0x08, 0x2A, 0x21, 0x2F, 0x00, 0x2B,
    0x21, 0x2F, 0x00, 0x0B, 0x21, 0x2F, 0x00, 0x2B, 0x21, 0x2F, 0x08, 0x2A, 0x21, 0x2F, 0x00, 0x2B,
    0x21, 0x2F, 0x00, 0x0B, 0x21, 0x2F, 0x00, 0x0C, 0x21, 0x2F, 0x00, 0x0C, 0x21, 0x2F, 0x00, 0x2A,
    0x21, 0x2F, 0x00, 0x2B, 0x21, 0x2F, 0x00, 0x0E, 0x21, 0x2F, 0x00, 0x0E, 0x21, 0x2F, 0x00, 0x0E,
    0x21, 0x2F, 0x00, 0x0E, 0x21, 0x2F, 0x00, 0x0E, 0x21, 0x2F, 0x00, 0x0D, 0x21, 0x2F, 0x00, 0x0C,
    0x21, 0x2F, 0x00, 0x0C, 0x21, 0x2F, 0x52, 0xAA, 0x00, 0x00, 0x84, 0x10, 0x7B, 0xEF, 0x84, 0x30,
    0x94, 0x92, 0x94, 0x92, 0x84, 0x10, 0x84, 0x30, 0xA5, 0x14, 0xBD, 0xF7, 0xC6, 0x38, 0xBD, 0xF7,
    0x00, 0x00, 0x84, 0x10, 0x7B, 0xEF, 0x84, 0x30, 0x94, 0x92, 0x94, 0x92, 0x84, 0x10, 0x84, 0x30,
    0xA5, 0x14, 0xBD, 0xF7, 0xC6, 0x38, 0xBD, 0xF7, 0x00, 0x00, 0x84, 0x10, 0x7B, 0xEF, 0x84, 0x30,
    0x94, 0x92, 0x94, 0x92, 0x84, 0x10, 0x84, 0x30, 0xA5, 0x14, 0xBD, 0xF7, 0xC6, 0x38, 0xBD, 0xF7,
    0x00, 0x00, 0x52, 0xAA, 0x21, 0x2F, 0x08, 0x2A, 0x21, 0x2F, 0x00, 0x2B, 0x21, 0x2F, 0x00, 0x0B,
    0x21, 0x2F, 0x00, 0x0C, 0x21, 0x2F, 0x00, 0x0C, 0x21, 0x2F, 0x00, 0x2A, 0x21, 0x2F, 0x00, 0x2B,
    0x21, 0x2F, 0x00, 0x0E, 0x21, 0x2F, 0x00, 0x0E, 0x21, 0x2F, 0x00, 0x0E, 0x21, 0x2F, 0x00, 0x0E,
    0x21, 0x2F, 0x00, 0x0E, 0x21, 0x2F, 0x00, 0x0D, 0x21, 0x2F, 0x00, 0x0C, 0x21, 0x2F, 0x00, 0x0C,
    0x21, 0x2F, 0x00, 0x0D, 0x21, 0x2F, 0x00, 0x0F, 0x21, 0x2F, 0x00, 0x0D, 0x21, 0x2F, 0x08, 0x2A,
    0x21, 0x2F, 0x00, 0x0C, 0x21, 0x2F, 0x00, 0x2B, 0x20, 0xED, 0x08, 0x2A, 0x00, 0x00, 0x08, 0x2A,
    0x00, 0x0C, 0x39, 0xB7, 0x00, 0x0D, 0x29, 0x51, 0x00, 0x2B, 0x29, 0x2F, 0x08, 0x2A, 0x29, 0x2F,
    0x00, 0x2B, 0x29, 0x2F, 0x00, 0x0D, 0x29, 0x2F, 0x00, 0x0D, 0x29, 0x2F, 0x00, 0x0E, 0x29, 0x2F,
    0x00, 0x0E, 0x29, 0x2F, 0x00, 0x0E, 0x29, 0x2F, 0x00, 0x0E, 0x29, 0x2F, 0x00, 0x2B, 0x29, 0x2F,
    0x00, 0x0C, 0x29, 0x2F, 0x00, 0x0D, 0x29, 0x2F, 0x00, 0x0F, 0x29, 0x2F, 0x00, 0x0D, 0x29, 0x2F,
    0x00, 0x0B, 0x29, 0x2F, 0x00, 0x0E, 0x29, 0x2F, 0x00, 0x0C, 0x29, 0x2F, 0x08, 0x2A, 0x29, 0x2F,
    0x08, 0x2A, 0x29, 0x2F, 0x00, 0x2B, 0x29, 0x2F, 0x00, 0x2B, 0x29, 0x2F, 0x08, 0x2A, 0x29, 0x2F,
    0x08, 0x2A, 0x52, 0xAA, 0x00, 0x00, 0x73, 0xAE, 0x73, 0x8E, 0x7B, 0xCF, 0x7B, 0xEF, 0x63, 0x2C,
    0x4A, 0x49, 0x39, 0xE7, 0x4A, 0x69, 0x8C, 0x51, 0xBD, 0xF7, 0xB5, 0xB6, 0x00, 0x00, 0x73, 0xAE,
    0x73, 0x8E, 0x7B, 0xCF, 0x7B, 0xEF, 0x63, 0x2C, 0x4A, 0x49, 0x39, 0xE7, 0x4A, 0x69, 0x8C, 0x51,
    0xBD, 0xF7, 0xB5, 0xB6, 0x00, 0x00, 0x73, 0xAE, 0x73, 0x8E, 0x7B, 0xCF, 0x7B, 0xEF, 0x63, 0x2C,
    0x4A, 0x49, 0x39, 0xE7, 0x4A, 0x69, 0x8C, 0x51, 0xBD, 0xF7, 0xB5, 0xB6, 0x00, 0x00, 0x52, 0xAA,
    0x00, 0x0E, 0x29, 0x2F, 0x00, 0x0E, 0x29, 0x2F, 0x00, 0x2B, 0x29, 0x2F, 0x00, 0x0C, 0x29, 0x2F,
    0x00, 0x0D, 0x29, 0x2F, 0x00, 0x0F, 0x29, 0x2F, 0x00, 0x0D, 0x29, 0x2F, 0x00, 0x0B, 0x29, 0x2F,
    0x00, 0x0E, 0x29, 0x2F, 0x00, 0x0C, 0x29, 0x2F, 0x08, 0x2A, 0x29, 0x2F, 0x08, 0x2A, 0x29, 0x2F,
    0x00, 0x2B, 0x29, 0x2F, 0x00, 0x2B, 0x29, 0x2F, 0x08, 0x2A, 0x29, 0x2F, 0x08, 0x2A, 0x29, 0x2F,
    0x00, 0x0C, 0x29, 0x2F, 0x00, 0x0E, 0x29, 0x2F, 0x00, 0x0C, 0x29, 0x2F, 0x08, 0x2A, 0x29, 0x2F,
    0x08, 0x2A, 0x29, 0x2F, 0x00, 0x2B, 0x29, 0x2F, 0x00, 0x2B, 0x29, 0x2F, 0x08, 0x2A, 0x29, 0x2F,
    0x00, 0x2B, 0x29, 0x2F, 0x00, 0x0C, 0x29, 0x2F, 0x00, 0x0C, 0x29, 0x2F, 0x00, 0x0D, 0x29, 0x2F,
    0x00, 0x2B, 0x29, 0x2F, 0x08, 0x2A, 0x29, 0x2F, 0x00, 0x2B, 0x29, 0x2F, 0x00, 0x0D, 0x29, 0x2F,
    0x00, 0x0D, 0x29, 0x2F, 0x00, 0x0E, 0x29, 0x2F, 0x00, 0x0E, 0x29, 0x2F, 0x00, 0x0E, 0x29, 0x2F,
    0x00, 0x0E, 0x29, 0x2F, 0x00, 0x2B, 0x29, 0x2F, 0x00, 0x0C, 0x29, 0x2F, 0x00, 0x0D, 0x29, 0x2F,
    0x00, 0x0F, 0x29, 0x2F, 0x00, 0x0D, 0x29, 0x2F, 0x00, 0x0B, 0x29, 0x2F, 0x00, 0x0E, 0x29, 0x2F,
    0x00, 0x0C, 0x29, 0x2F, 0x08, 0x2A, 0x29, 0x2F, 0x08, 0x2A, 0x29, 0x2F, 0x00, 0x2B, 0x29, 0x2F,
    0x00, 0x2B, 0x29, 0x2F, 0x08, 0x2A, 0x29, 0x2F, 0x08, 0x2A, 0x29, 0x2F, 0x00, 0x0C, 0x29, 0x2F,
    0x00, 0x0E, 0x29, 0x2F, 0x00, 0x0C, 0x29, 0x2F, 0x08, 0x2A, 0x29, 0x2F, 0x08, 0x2A, 0x29, 0x2F,
    0x00, 0x2B, 0x29, 0x2F, 0x00, 0x2B, 0x29, 0x2F, 0x08, 0x2A, 0x29, 0x2F, 0x00, 0x2B, 0x29, 0x2F,
    0x00, 0x0C, 0x29, 0x2F, 0x00, 0x0C, 0x29, 0x2F, 0x00, 0x0D, 0x29, 0x2F, 0x00, 0x2B, 0x29, 0x2F,
    0x08, 0x2A, 0x29, 0x2F, 0x00, 0x2B, 0x29, 0x2F, 0x00, 0x0D, 0x29, 0x2F, 0x00, 0x0D, 0x29, 0x2F,
    0x00, 0x0E, 0x29, 0x2F, 0x00, 0x0E, 0x29, 0x2F, 0x00, 0x0E, 0x29, 0x2F, 0x00, 0x0E, 0x29, 0x2F,
    0x00, 0x2B, 0x29, 0x2F, 0x00, 0x0C, 0x52, 0xAA, 0x00, 0x00, 0x73, 0xAE, 0x73, 0x8E, 0x7B, 0xCF,
    0x7B, 0xEF, 0x63, 0x2C, 0x4A, 0x49, 0x39, 0xE7, 0x4A, 0x69, 0x8C, 0x51, 0xBD, 0xF7, 0xB5, 0xB6,
    0x00, 0x00, 0x73, 0xAE, 0x73, 0x8E, 0x7B, 0xCF, 0x7B, 0xEF, 0x63, 0x2C, 0x4A, 0x49, 0x39, 0xE7,
    0x4A, 0x69, 0x8C, 0x51, 0xBD, 0xF7, 0xB5, 0xB6, 0x00, 0x00, 0x73, 0xAE, 0x73, 0x8E, 0x7B, 0xCF,
    0x7B, 0xEF, 0x63, 0x2C, 0x4A, 0x49, 0x39, 0xE7, 0x4A, 0x69, 0x8C, 0x51, 0xBD, 0xF7, 0xB5, 0xB6,
    0x00, 0x00, 0x52, 0xAA, 0x08, 0x2A, 0x29, 0x2F, 0x00, 0x2B, 0x29, 0x2F, 0x00, 0x0C, 0x29, 0x2F,
    0x00, 0x0C, 0x29, 0x2F, 0x00, 0x0D, 0x29, 0x2F, 0x00, 0x2B, 0x29, 0x2F, 0x08, 0x2A, 0x29, 0x2F,
    0x00, 0x2B, 0x29, 0x2F, 0x00, 0x0D, 0x29, 0x2F, 0x00, 0x0D, 0x29, 0x2F, 0x00, 0x0E, 0x29, 0x2F,
    0x00, 0x0E, 0x29, 0x2F, 0x00, 0x0E, 0x29, 0x2F, 0x00, 0x0E, 0x29, 0x2F, 0x00, 0x2B, 0x29, 0x2F,
    0x00, 0x0C, 0x29, 0x2F, 0x00, 0x0D, 0x29, 0x2F, 0x00, 0x0F, 0x29, 0x2F, 0x00, 0x0D, 0x29, 0x2F,
    0x00, 0x0B, 0x29, 0x2F, 0x00, 0x0E, 0x39, 0xB6, 0x00, 0x0C, 0x00, 0x00, 0x08, 0x2A, 0x00, 0x00,
    0x5A, 0x9F, 0x00, 0x0D, 0x39, 0xB6, 0x00, 0x0D, 0x00, 0x00, 0x08, 0x2A, 0x29, 0x2F, 0x08, 0x2A,
    0x29, 0x2F, 0x08, 0x2A, 0x29, 0x2F, 0x00, 0x0C, 0x29, 0x2F, 0x00, 0x0D, 0x29, 0x2F, 0x00, 0x0C,
    0x29, 0x2F, 0x00, 0x0C, 0x29, 0x2F, 0x00, 0x0E, 0x29, 0x2F, 0x00, 0x0C, 0x29, 0x2F, 0x08, 0x2A,
    0x29, 0x2F, 0x00, 0x0D, 0x29, 0x2F, 0x00, 0x0D, 0x29, 0x2F, 0x00, 0x0F, 0x29, 0x2F, 0x00, 0x0C,
    0x29, 0x2F, 0x00, 0x0D, 0x29, 0x2F, 0x00, 0x0F, 0x29, 0x2F, 0x00, 0x0E, 0x29, 0x2F, 0x00, 0x0C,
    0x29, 0x2F, 0x00, 0x2B, 0x29, 0x2F, 0x00, 0x0D, 0x29, 0x2F, 0x08, 0x2A, 0x29, 0x2F, 0x08, 0x2A,
    0x29, 0x2F, 0x52, 0xAA, 0x00, 0x00, 0x6B, 0x6D, 0x63, 0x2C, 0x84, 0x10, 0x8C, 0x51, 0x73, 0x8E,
    0x4A, 0x49, 0x29, 0x65, 0x29, 0x45, 0x4A, 0x69, 0xA5, 0x14, 0xB5, 0xB6, 0x00, 0x00, 0x6B, 0x6D,
    0x63, 0x2C, 0x84, 0x10, 0x8C, 0x51, 0x73, 0x8E, 0x4A, 0x49, 0x29, 0x65, 0x29, 0x45, 0x4A, 0x69,
    0xA5, 0x14, 0xB5, 0xB6, 0x00, 0x00, 0x6B, 0x6D, 0x63, 0x2C, 0x84, 0x10, 0x8C, 0x51, 0x73, 0x8E,
    0x4A, 0x49, 0x29, 0x65, 0x29, 0x45, 0x4A, 0x69, 0xA5, 0x14, 0xB5, 0xB6, 0x00, 0x00, 0x52, 0xAA,
    0x29, 0x2F, 0x00, 0x0E, 0x29, 0x2F, 0x00, 0x0C, 0x29, 0x2F, 0x08, 0x2A, 0x29, 0x2F, 0x00, 0x0D,
    0x29, 0x2F, 0x00, 0x0D, 0x29, 0x2F, 0x00, 0x0F, 0x29, 0x2F, 0x00, 0x0C, 0x29, 0x2F, 0x00, 0x0D,
    0x29, 0x2F, 0x00, 0x0F, 0x29, 0x2F, 0x00, 0x0E, 0x29, 0x2F, 0x00, 0x0C, 0x29, 0x2F, 0x00, 0x2B,
    0x29, 0x2F, 0x00, 0x0D, 0x29, 0x2F, 0x08, 0x2A, 0x29, 0x2F, 0x08, 0x2A, 0x29, 0x2F, 0x08, 0x2A,
    0x29, 0x2F, 0x00, 0x0B, 0x29, 0x2F, 0x00, 0x0E, 0x29, 0x2F, 0x00, 0x2B, 0x29, 0x2F, 0x08, 0x2A,
    0x29, 0x2F, 0x00, 0x0B, 0x29, 0x2F, 0x08, 0x2A, 0x29, 0x2F, 0x08, 0x2A, 0x29, 0x2F, 0x00, 0x2B,
    0x29, 0x2F, 0x00, 0x0D, 0x29, 0x2F, 0x00, 0x0C, 0x29, 0x2F, 0x00, 0x0D, 0x29, 0x2F, 0x00, 0x0D,
    0x29, 0x2F, 0x08, 0x2A, 0x29, 0x2F, 0x08, 0x2A, 0x29, 0x2F, 0x08, 0x2A, 0x29, 0x2F, 0x00, 0x0C,
    0x29, 0x2F, 0x00, 0x0D, 0x29, 0x2F, 0x00, 0x0C, 0x29, 0x2F, 0x00, 0x0C, 0x29, 0x2F, 0x00, 0x0E,
    0x29, 0x2F, 0x00, 0x0C, 0x29, 0x2F, 0x08, 0x2A, 0x29, 0x2F, 0x00, 0x0D, 0x29, 0x2F, 0x00, 0x0D,
    0x29, 0x2F, 0x00, 0x0F, 0x29, 0x2F, 0x00, 0x0C, 0x29, 0x2F, 0x00, 0x0D, 0x29, 0x2F, 0x00, 0x0F,
    0x29, 0x2F, 0x00, 0x0E, 0x29, 0x2F, 0x00, 0x0C, 0x29, 0x2F, 0x00, 0x2B, 0x29, 0x2F, 0x00, 0x0D,
    0x29, 0x2F, 0x08, 0x2A, 0x29, 0x2F, 0x08, 0x2A, 0x29, 0x2F, 0x08, 0x2A, 0x29, 0x2F, 0x00, 0x0B,
    0x29, 0x2F, 0x00, 0x0E, 0x29, 0x2F, 0x00, 0x2B, 0x29, 0x2F, 0x08, 0x2A, 0x29, 0x2F, 0x00, 0x0B,
    0x29, 0x2F, 0x08, 0x2A, 0x29, 0x2F, 0x08, 0x2A, 0x29, 0x2F, 0x00, 0x2B, 0x29, 0x2F, 0x00, 0x0D,
    0x29, 0x2F, 0x00, 0x0C, 0x29, 0x2F, 0x00, 0x0D, 0x29, 0x2F, 0x00, 0x0D, 0x29, 0x2F, 0x08, 0x2A,
    0x29, 0x2F, 0x08, 0x2A, 0x29, 0x2F, 0x08, 0x2A, 0x29, 0x2F, 0x00, 0x0C, 0x29, 0x2F, 0x00, 0x0D,
    0x29, 0x2F, 0x00, 0x0C, 0x29, 0x2F, 0x00, 0x0C, 0x29, 0x2F, 0x00, 0x0E, 0x29, 0x2F, 0x00, 0x0C,
    0x29, 0x2F, 0x08, 0x2A, 0x29, 0x2F, 0x52, 0xAA, 0x00, 0x00, 0x6B, 0x6D, 0x63, 0x2C, 0x84, 0x10,
    0x8C, 0x51, 0x73, 0x8E, 0x4A, 0x49, 0x29, 0x65, 0x29, 0x45, 0x4A, 0x69, 0xA5, 0x14, 0xB5, 0xB6,
    0x00, 0x00, 0x6B, 0x6D, 0x63, 0x2C, 0x84, 0x10, 0x8C, 0x51, 0x73, 0x8E, 0x4A, 0x49, 0x29, 0x65,
    0x29, 0x45, 0x4A, 0x69, 0xA5, 0x14, 0xB5, 0xB6, 0x00, 0x00, 0x6B, 0x6D, 0x63, 0x2C, 0x84, 0x10,
    0x8C, 0x51, 0x73, 0x8E, 0x4A, 0x49, 0x29, 0x65, 0x29, 0x45, 0x4A, 0x69, 0xA5, 0x14, 0xB5, 0xB6,
    0x00, 0x00, 0x52, 0xAA, 0x29, 0x2F, 0x00, 0x2B, 0x29, 0x2F, 0x00, 0x0D, 0x29, 0x2F, 0x00, 0x0C,
    0x29, 0x2F, 0x00, 0x0D, 0x29, 0x2F, 0x00, 0x0D, 0x29, 0x2F, 0x08, 0x2A, 0x29, 0x2F, 0x08, 0x2A,
    0x29, 0x2F, 0x08, 0x2A, 0x29, 0x2F, 0x00, 0x0C, 0x29, 0x2F, 0x00, 0x0D, 0x29, 0x2F, 0x00, 0x0C,
    0x29, 0x2F, 0x00, 0x0C, 0x29, 0x2F, 0x00, 0x0E, 0x29, 0x2F, 0x00, 0x0C, 0x29, 0x2F, 0x08, 0x2A,
    0x29, 0x2F, 0x00, 0x0D, 0x29, 0x2F, 0x00, 0x0D, 0x29, 0x2F, 0x00, 0x0F, 0x29, 0x2F, 0x00, 0x0C,
    0x29, 0x2F, 0x00, 0x0D, 0x29, 0x2F, 0x00, 0x0F, 0x21, 0x0D, 0x00, 0x0E, 0x00, 0x00, 0x00, 0x0C,
    0x00, 0x0B, 0x39, 0xD8, 0x00, 0x0D, 0x29, 0x72, 0x00, 0x0C, 0x29, 0x30, 0x00, 0x2B, 0x29, 0x30,
    0x08, 0x2A, 0x29, 0x30, 0x08, 0x2A, 0x29, 0x30, 0x00, 0x0C, 0x29, 0x30, 0x00, 0x0D, 0x29, 0x30,
    0x00, 0x2B, 0x29, 0x30, 0x00, 0x0C, 0x29, 0x30, 0x00, 0x0D, 0x29, 0x30, 0x08, 0x2A, 0x29, 0x30,
    0x00, 0x2B, 0x29, 0x30, 0x00, 0x0C, 0x29, 0x30, 0x00, 0x0C, 0x29, 0x30, 0x00, 0x0D, 0x29, 0x30,
    0x00, 0x2B, 0x29, 0x30, 0x00, 0x0E, 0x29, 0x30, 0x00, 0x10, 0x29, 0x30, 0x00, 0x10, 0x29, 0x30,
    0x00, 0x0C, 0x29, 0x30, 0x00, 0x0E, 0x29, 0x30, 0x00, 0x0C, 0x29, 0x30, 0x00, 0x2B, 0x29, 0x30,
    0x08, 0x2A, 0x52, 0xAA, 0x00, 0x00, 0x63, 0x0C, 0x5A, 0xCB, 0x9C, 0xF3, 0xAD, 0x55, 0x9C, 0xD3,
    0x5A, 0xCB, 0x18, 0xC3, 0x29, 0x65, 0x39, 0xE7, 0x84, 0x30, 0xAD, 0x55, 0x00, 0x00, 0x63, 0x0C,
    0x5A, 0xCB, 0x9C, 0xF3, 0xAD, 0x55, 0x9C, 0xD3, 0x5A, 0xCB, 0x18, 0xC3, 0x29, 0x65, 0x39, 0xE7,
    0x84, 0x30, 0xAD, 0x55, 0x00, 0x00, 0x63, 0x0C, 0x5A, 0xCB, 0x9C, 0xF3, 0xAD, 0x55, 0x9C, 0xD3,
    0x5A, 0xCB, 0x18, 0xC3, 0x29, 0x65, 0x39, 0xE7, 0x84, 0x30, 0xAD, 0x55, 0x00, 0x00, 0x52, 0xAA,
    0x00, 0x0C, 0x29, 0x30, 0x00, 0x0D, 0x29, 0x30, 0x08, 0x2A, 0x29, 0x30, 0x00, 0x2B, 0x29, 0x30,
    0x00, 0x0C, 0x29, 0x30, 0x00, 0x0C, 0x29, 0x30, 0x00, 0x0D, 0x29, 0x30, 0x00, 0x2B, 0x29, 0x30,
    0x00, 0x0E, 0x29, 0x30, 0x00, 0x10, 0x29, 0x30, 0x00, 0x10, 0x29, 0x30, 0x00, 0x0C, 0x29, 0x30,
    0x00, 0x0E, 0x29, 0x30, 0x00, 0x0C, 0x29, 0x30, 0x00, 0x2B, 0x29, 0x30, 0x08, 0x2A, 0x29, 0x30,
    0x08, 0x2A, 0x29, 0x30, 0x00, 0x0D, 0x29, 0x30, 0x00, 0x0E, 0x29, 0x30, 0x00, 0x2B, 0x29, 0x30,
    0x00, 0x0B, 0x29, 0x30, 0x00, 0x2B, 0x29, 0x30, 0x08, 0x2A, 0x29, 0x30, 0x08, 0x2A, 0x29, 0x30,
    0x00, 0x0C, 0x29, 0x30, 0x00, 0x0C, 0x29, 0x30, 0x00, 0x0B, 0x29, 0x30, 0x00, 0x0D, 0x29, 0x30,
    0x00, 0x0C, 0x29, 0x30, 0x00, 0x2B, 0x29, 0x30, 0x08, 0x2A, 0x29, 0x30, 0x08, 0x2A, 0x29, 0x30,
    0x00, 0x0C, 0x29, 0x30, 0x00, 0x0D, 0x29, 0x30, 0x00, 0x2B, 0x29, 0x30, 0x00, 0x0C, 0x29, 0x30,
    0x00, 0x0D, 0x29, 0x30, 0x08, 0x2A, 0x29, 0x30, 0x00, 0x2B, 0x29, 0x30, 0x00, 0x0C, 0x29, 0x30,
    0x00, 0x0C, 0x29, 0x30, 0x00, 0x0D, 0x29, 0x30, 0x00, 0x2B, 0x29, 0x30, 0x00, 0x0E, 0x29, 0x30,
    0x00, 0x10, 0x29, 0x30, 0x00, 0x10, 0x29, 0x30, 0x00, 0x0C, 0x29, 0x30, 0x00, 0x0E, 0x29, 0x30,
    0x00, 0x0C, 0x29, 0x30, 0x00, 0x2B, 0x29, 0x30, 0x08, 0x2A, 0x29, 0x30, 0x08, 0x2A, 0x29, 0x30,
    0x00, 0x0D, 0x29, 0x30, 0x00, 0x0E, 0x29, 0x30, 0x00, 0x2B, 0x29, 0x30, 0x00, 0x0B, 0x29, 0x30,
    0x00, 0x2B, 0x29, 0x30, 0x08, 0x2A, 0x29, 0x30, 0x08, 0x2A, 0x29, 0x30, 0x00, 0x0C, 0x29, 0x30,
    0x00, 0x0C, 0x29, 0x30, 0x00, 0x0B, 0x29, 0x30, 0x00, 0x0D, 0x29, 0x30, 0x00, 0x0C, 0x29, 0x30,
    0x00, 0x2B, 0x29, 0x30, 0x08, 0x2A, 0x29, 0x30, 0x08, 0x2A, 0x29, 0x30, 0x00, 0x0C, 0x29, 0x30,
    0x00, 0x0D, 0x29, 0x30, 0x00, 0x2B, 0x29, 0x30, 0x00, 0x0C, 0x29, 0x30, 0x00, 0x0D, 0x29, 0x30,
    0x08, 0x2A, 0x29, 0x30, 0x00, 0x2B, 0x52, 0xAA, 0x00, 0x00, 0x63, 0x0C, 0x5A, 0xCB, 0x9C, 0xF3,
    0xAD, 0x55, 0x9C, 0xD3, 0x5A, 0xCB, 0x18, 0xC3, 0x29, 0x65, 0x39, 0xE7, 0x84, 0x30, 0xAD, 0x55,
    0x00, 0x00, 0x63, 0x0C, 0x5A, 0xCB, 0x9C, 0xF3, 0xAD, 0x55, 0x9C, 0xD3, 0x5A, 0xCB, 0x18, 0xC3,
    0x29, 0x65, 0x39, 0xE7, 0x84, 0x30, 0xAD, 0x55, 0x00, 0x00, 0x63, 0x0C, 0x5A, 0xCB, 0x9C, 0xF3,
    0xAD, 0x55, 0x9C, 0xD3, 0x5A, 0xCB, 0x18, 0xC3, 0x29, 0x65, 0x39, 0xE7, 0x84, 0x30, 0xAD, 0x55,
    0x00, 0x00, 0x52, 0xAA, 0x08, 0x2A, 0x29, 0x30, 0x00, 0x0C, 0x29, 0x30, 0x00, 0x0C, 0x29, 0x30,
    0x00, 0x0B, 0x29, 0x30, 0x00, 0x0D, 0x29, 0x30, 0x00, 0x0C, 0x29, 0x30, 0x00, 0x2B, 0x29, 0x30,
    0x08, 0x2A, 0x29, 0x30, 0x08, 0x2A, 0x29, 0x30, 0x00, 0x0C, 0x29, 0x30, 0x00, 0x0D, 0x29, 0x30,
    0x00, 0x2B, 0x29, 0x30, 0x00, 0x0C, 0x29, 0x30, 0x00, 0x0D, 0x29, 0x30, 0x08, 0x2A, 0x29, 0x30,
    0x00, 0x2B, 0x29, 0x30, 0x00, 0x0C, 0x29, 0x30, 0x00, 0x0C, 0x29, 0x30, 0x00, 0x0D, 0x29, 0x30,
    0x00, 0x2B, 0x29, 0x30, 0x00, 0x0E, 0x39, 0xD7, 0x00, 0x10, 0x00, 0x00, 0x00, 0x10, 0x00, 0x00,
    0x5A, 0xBF, 0x00, 0x2B, 0x39, 0xB6, 0x00, 0x0C, 0x00, 0x00, 0x00, 0x0D, 0x29, 0x50, 0x00, 0x2B,
    0x29, 0x50, 0x08, 0x2A, 0x29, 0x50, 0x08, 0x2A, 0x29, 0x50, 0x00, 0x0C, 0x29, 0x50, 0x00, 0x0C,
    0x29, 0x50, 0x00, 0x2B, 0x29, 0x50, 0x00, 0x0C, 0x29, 0x50, 0x00, 0x0C, 0x29, 0x50, 0x08, 0x2A,
    0x29, 0x50, 0x00, 0x2B, 0x29, 0x50, 0x08, 0x2A, 0x29, 0x50, 0x08, 0x2A, 0x29, 0x50, 0x08, 0x2A,
    0x29, 0x50, 0x00, 0x2B, 0x29, 0x50, 0x00, 0x0D, 0x29, 0x50, 0x00, 0x0F, 0x29, 0x50, 0x00, 0x0E,
    0x29, 0x50, 0x00, 0x0E, 0x29, 0x50, 0x00, 0x0F, 0x29, 0x50, 0x00, 0x0C, 0x29, 0x50, 0x00, 0x0C,
    0x29, 0x50, 0x52, 0xAA, 0x00, 0x00, 0x5A, 0xEB, 0x5A, 0xCB, 0xAD, 0x55, 0xBD, 0xF7, 0xCE, 0x79,
    0xB5, 0x96, 0x5A, 0xCB, 0x4A, 0x49, 0x4A, 0x49, 0x84, 0x10, 0xA5, 0x34, 0x00, 0x00, 0x5A, 0xEB,
    0x5A, 0xCB, 0xAD, 0x55, 0xBD, 0xF7, 0xCE, 0x79, 0xB5, 0x96, 0x5A, 0xCB, 0x4A, 0x49, 0x4A, 0x49,
    0x84, 0x10, 0xA5, 0x34, 0x00, 0x00, 0x5A, 0xEB, 0x5A, 0xCB, 0xAD, 0x55, 0xBD, 0xF7, 0xCE, 0x79,
    0xB5, 0x96, 0x5A, 0xCB, 0x4A, 0x49, 0x4A, 0x49, 0x84, 0x10, 0xA5, 0x34, 0x00, 0x00, 0x52, 0xAA,
    0x29, 0x50, 0x00, 0x0C, 0x29, 0x50, 0x00, 0x0C, 0x29, 0x50, 0x08, 0x2A, 0x29, 0x50, 0x00, 0x2B,
    0x29, 0x50, 0x08, 0x2A, 0x29, 0x50, 0x08, 0x2A, 0x29, 0x50, 0x08, 0x2A, 0x29, 0x50, 0x00, 0x2B,
    0x29, 0x50, 0x00, 0x0D, 0x29, 0x50, 0x00, 0x0F, 0x29, 0x50, 0x00, 0x0E, 0x29, 0x50, 0x00, 0x0E,
    0x29, 0x50, 0x00, 0x0F, 0x29, 0x50, 0x00, 0x0C, 0x29, 0x50, 0x00, 0x0C, 0x29, 0x50, 0x08, 0x2A,
    0x29, 0x50, 0x08, 0x2A, 0x29, 0x50, 0x00, 0x0F, 0x29, 0x50, 0x00, 0x0E, 0x29, 0x50, 0x00, 0x2B,
    0x29, 0x50, 0x00, 0x0C, 0x29, 0x50, 0x08, 0x2A, 0x29, 0x50, 0x08, 0x2A, 0x29, 0x50, 0x00, 0x2B,
    0x29, 0x50, 0x00, 0x2B, 0x29, 0x50, 0x08, 0x2A, 0x29, 0x50, 0x00, 0x2B, 0x29, 0x50, 0x00, 0x0C,
    0x29, 0x50, 0x00, 0x0D, 0x29, 0x50, 0x00, 0x2B, 0x29, 0x50, 0x08, 0x2A, 0x29, 0x50, 0x08, 0x2A,
    0x29, 0x50, 0x00, 0x0C, 0x29, 0x50, 0x00, 0x0C, 0x29, 0x50, 0x00, 0x2B, 0x29, 0x50, 0x00, 0x0C,
    0x29, 0x50, 0x00, 0x0C, 0x29, 0x50, 0x08, 0x2A, 0x29, 0x50, 0x00, 0x2B, 0x29, 0x50, 0x08, 0x2A,
    0x29, 0x50, 0x08, 0x2A, 0x29, 0x50, 0x08, 0x2A, 0x29, 0x50, 0x00, 0x2B, 0x29, 0x50, 0x00, 0x0D,
    0x29, 0x50, 0x00, 0x0F, 0x29, 0x50, 0x00, 0x0E, 0x29, 0x50, 0x00, 0x0E, 0x29, 0x50, 0x00, 0x0F,
    0x29, 0x50, 0x00, 0x0C, 0x29, 0x50, 0x00, 0x0C, 0x29, 0x50, 0x08, 0x2A, 0x29, 0x50, 0x08, 0x2A,
    0x29, 0x50, 0x00, 0x0F, 0x29, 0x50, 0x00, 0x0E, 0x29, 0x50, 0x00, 0x2B, 0x29, 0x50, 0x00, 0x0C,
    0x29, 0x50, 0x08, 0x2A, 0x29, 0x50, 0x08, 0x2A, 0x29, 0x50, 0x00, 0x2B, 0x29, 0x50, 0x00, 0x2B,
    0x29, 0x50, 0x08, 0x2A, 0x29, 0x50, 0x00, 0x2B, 0x29, 0x50, 0x00, 0x0C, 0x29, 0x50, 0x00, 0x0D,
    0x29, 0x50, 0x00, 0x2B, 0x29, 0x50, 0x08, 0x2A, 0x29, 0x50, 0x08, 0x2A, 0x29, 0x50, 0x00, 0x0C,
    0x29, 0x50, 0x00, 0x0C, 0x29, 0x50, 0x00, 0x2B, 0x29, 0x50, 0x00, 0x0C, 0x29, 0x50, 0x00, 0x0C,
    0x29, 0x50, 0x08, 0x2A, 0x29, 0x50, 0x52, 0xAA, 0x00, 0x00, 0x5A, 0xEB, 0x5A, 0xCB, 0xAD, 0x55,
    0xBD, 0xF7, 0xCE, 0x79, 0xB5, 0x96, 0x5A, 0xCB, 0x4A, 0x49, 0x4A, 0x49, 0x84, 0x10, 0xA5, 0x34,
    0x00, 0x00, 0x5A, 0xEB, 0x5A, 0xCB, 0xAD, 0x55, 0xBD, 0xF7, 0xCE, 0x79, 0xB5, 0x96, 0x5A, 0xCB,
    0x4A, 0x49, 0x4A, 0x49, 0x84, 0x10, 0xA5, 0x34, 0x00, 0x00, 0x5A, 0xEB, 0x5A, 0xCB, 0xAD, 0x55,
    0xBD, 0xF7, 0xCE, 0x79, 0xB5, 0x96, 0x5A, 0xCB, 0x4A, 0x49, 0x4A, 0x49, 0x84, 0x10, 0xA5, 0x34,
    0x00, 0x00, 0x52, 0xAA, 0x29, 0x50, 0x00, 0x2B, 0x29, 0x50, 0x00, 0x2B, 0x29, 0x50, 0x08, 0x2A,
    0x29, 0x50, 0x00, 0x2B, 0x29, 0x50, 0x00, 0x0C, 0x29, 0x50, 0x00, 0x0D, 0x29, 0x50, 0x00, 0x2B,
    0x29, 0x50, 0x08, 0x2A, 0x29, 0x50, 0x08, 0x2A, 0x29, 0x50, 0x00, 0x0C, 0x29, 0x50, 0x00, 0x0C,
    0x29, 0x50, 0x00, 0x2B, 0x29, 0x50, 0x00, 0x0C, 0x29, 0x50, 0x00, 0x0C, 0x29, 0x50, 0x08, 0x2A,
    0x29, 0x50, 0x00, 0x2B, 0x29, 0x50, 0x08, 0x2A, 0x29, 0x50, 0x08, 0x2A, 0x29, 0x50, 0x08, 0x2A,
    0x29, 0x50, 0x00, 0x2B, 0x29, 0x50, 0x00, 0x0D, 0x21, 0x0D, 0x00, 0x0F, 0x00, 0x00, 0x00, 0x0E,
    0x08, 0x2A, 0x41, 0xF8, 0x00, 0x0B, 0x31, 0x72, 0x00, 0x0C, 0x29, 0x50, 0x00, 0x0D, 0x29, 0x50,
    0x08, 0x2A, 0x29, 0x50, 0x08, 0x2A, 0x29, 0x50, 0x08, 0x2A, 0x29, 0x50, 0x00, 0x0D, 0x29, 0x50,
    0x00, 0x0D, 0x29, 0x50, 0x00, 0x2B, 0x29, 0x50, 0x00, 0x0C, 0x29, 0x50, 0x00, 0x2B, 0x29, 0x50,
    0x00, 0x2B, 0x29, 0x50, 0x08, 0x2A, 0x29, 0x50, 0x08, 0x2A, 0x29, 0x50, 0x08, 0x2A, 0x29, 0x50,
    0x08, 0x2A, 0x29, 0x50, 0x08, 0x2A, 0x29, 0x50, 0x00, 0x2B, 0x29, 0x50, 0x00, 0x0D, 0x29, 0x50,
    0x00, 0x0C, 0x29, 0x50, 0x00, 0x0D, 0x29, 0x50, 0x00, 0x0C, 0x29, 0x50, 0x00, 0x0C, 0x29, 0x50,
    0x00, 0x0C, 0x52, 0xAA, 0x00, 0x00, 0x52, 0x8A, 0x4A, 0x69, 0xA5, 0x14, 0xD6, 0x9A, 0xE7, 0x1C,
    0xCE, 0x79, 0x9C, 0xD3, 0x73, 0x8E, 0x63, 0x2C, 0x94, 0x92, 0x9C, 0xD3, 0x00, 0x00, 0x52, 0x8A,
    0x4A, 0x69, 0xA5, 0x14, 0xD6, 0x9A, 0xE7, 0x1C, 0xCE, 0x79, 0x9C, 0xD3, 0x73, 0x8E, 0x63, 0x2C,
    0x94, 0x92, 0x9C, 0xD3, 0x00, 0x00, 0x52, 0x8A, 0x4A, 0x69, 0xA5, 0x14, 0xD6, 0x9A, 0xE7, 0x1C,
    0xCE, 0x79, 0x9C, 0xD3, 0x73, 0x8E, 0x63, 0x2C, 0x94, 0x92, 0x9C, 0xD3, 0x00, 0x00, 0x52, 0xAA,
    0x00, 0x2B, 0x29, 0x50, 0x00, 0x0C, 0x29, 0x50, 0x00, 0x2B, 0x29, 0x50, 0x00, 0x2B, 0x29, 0x50,
    0x08, 0x2A, 0x29, 0x50, 0x08, 0x2A, 0x29, 0x50, 0x08, 0x2A, 0x29, 0x50, 0x08, 0x2A, 0x29, 0x50,
    0x08, 0x2A, 0x29, 0x50, 0x00, 0x2B, 0x29, 0x50, 0x00, 0x0D, 0x29, 0x50, 0x00, 0x0C, 0x29, 0x50,
    0x00, 0x0D, 0x29, 0x50, 0x00, 0x0C, 0x29, 0x50, 0x00, 0x0C, 0x29, 0x50, 0x00, 0x0C, 0x29, 0x50,
    0x08, 0x2A, 0x29, 0x50, 0x00, 0x2B, 0x29, 0x50, 0x00, 0x0F, 0x29, 0x50, 0x00, 0x0C, 0x29, 0x50,
    0x00, 0x0C, 0x29, 0x50, 0x00, 0x2B, 0x29, 0x50, 0x08, 0x2A, 0x29, 0x50, 0x00, 0x2B, 0x29, 0x50,
    0x00, 0x2B, 0x29, 0x50, 0x08, 0x2A, 0x29, 0x50, 0x08, 0x2A, 0x29, 0x50, 0x00, 0x0B, 0x29, 0x50,
    0x00, 0x0C, 0x29, 0x50, 0x00, 0x0D, 0x29, 0x50, 0x08, 0x2A, 0x29, 0x50, 0x08, 0x2A, 0x29, 0x50,
    0x08, 0x2A, 0x29, 0x50, 0x00, 0x0D, 0x29, 0x50, 0x00, 0x0D, 0x29, 0x50, 0x00, 0x2B, 0x29, 0x50,
    0x00, 0x0C, 0x29, 0x50, 0x00, 0x2B, 0x29, 0x50, 0x00, 0x2B, 0x29, 0x50, 0x08, 0x2A, 0x29, 0x50,
    0x08, 0x2A, 0x29, 0x50, 0x08, 0x2A, 0x29, 0x50, 0x08, 0x2A, 0x29, 0x50, 0x08, 0x2A, 0x29, 0x50,
    0x00, 0x2B, 0x29, 0x50, 0x00, 0x0D, 0x29, 0x50, 0x00, 0x0C, 0x29, 0x50, 0x00, 0x0D, 0x29, 0x50,
    0x00, 0x0C, 0x29, 0x50, 0x00, 0x0C, 0x29, 0x50, 0x00, 0x0C, 0x29, 0x50, 0x08, 0x2A, 0x29, 0x50,
    0x00, 0x2B, 0x29, 0x50, 0x00, 0x0F, 0x29, 0x50, 0x00, 0x0C, 0x29, 0x50, 0x00, 0x0C, 0x29, 0x50,
    0x00, 0x2B, 0x29, 0x50, 0x08, 0x2A, 0x29, 0x50, 0x00, 0x2B, 0x29, 0x50, 0x00, 0x2B, 0x29, 0x50,
    0x08, 0x2A, 0x29, 0x50, 0x08, 0x2A, 0x29, 0x50, 0x00, 0x0B, 0x29, 0x50, 0x00, 0x0C, 0x29, 0x50,
    0x00, 0x0D, 0x29, 0x50, 0x08, 0x2A, 0x29, 0x50, 0x08, 0x2A, 0x29, 0x50, 0x08, 0x2A, 0x29, 0x50,
    0x00, 0x0D, 0x29, 0x50, 0x00, 0x0D, 0x29, 0x50, 0x00, 0x2B, 0x29, 0x50, 0x00, 0x0C, 0x29, 0x50,
    0x00, 0x2B, 0x29, 0x50, 0x00, 0x2B, 0x52, 0xAA, 0x00, 0x00, 0x52, 0x8A, 0x4A, 0x69, 0xA5, 0x14,
    0xD6, 0x9A, 0xE7, 0x1C, 0xCE, 0x79, 0x9C, 0xD3, 0x73, 0x8E, 0x63, 0x2C, 0x94, 0x92, 0x9C, 0xD3,
    0x00, 0x00, 0x52, 0x8A, 0x4A, 0x69, 0xA5, 0x14, 0xD6, 0x9A, 0xE7, 0x1C, 0xCE, 0x79, 0x9C, 0xD3,
    0x73, 0x8E, 0x63, 0x2C, 0x94, 0x92, 0x9C, 0xD3, 0x00, 0x00, 0x52, 0x8A, 0x4A, 0x69, 0xA5, 0x14,
    0xD6, 0x9A, 0xE7, 0x1C, 0xCE, 0x79, 0x9C, 0xD3, 0x73, 0x8E, 0x63, 0x2C, 0x94, 0x92, 0x9C, 0xD3,
    0x00, 0x00, 0x52, 0xAA, 0x00, 0x2B, 0x29, 0x50, 0x00, 0x2B, 0x29, 0x50, 0x08, 0x2A, 0x29, 0x50,
    0x08, 0x2A, 0x29, 0x50, 0x00, 0x0B, 0x29, 0x50, 0x00, 0x0C, 0x29, 0x50, 0x00, 0x0D, 0x29, 0x50,
    0x08, 0x2A, 0x29, 0x50, 0x08, 0x2A, 0x29, 0x50, 0x08, 0x2A, 0x29, 0x50, 0x00, 0x0D, 0x29, 0x50,
    0x00, 0x0D, 0x29, 0x50, 0x00, 0x2B, 0x29, 0x50, 0x00, 0x0C, 0x29, 0x50, 0x00, 0x2B, 0x29, 0x50,
    0x00, 0x2B, 0x29, 0x50, 0x08, 0x2A, 0x29, 0x50, 0x08, 0x2A, 0x29, 0x50, 0x08, 0x2A, 0x29, 0x50,
    0x08, 0x2A, 0x29, 0x50, 0x08, 0x2A, 0x39, 0xD7, 0x00, 0x2B, 0x00, 0x00, 0x00, 0x0D, 0x00, 0x00,
    0x62, 0xDF, 0x00, 0x0B, 0x39, 0xD7, 0x00, 0x2B, 0x00, 0x00, 0x00, 0x0C, 0x29, 0x50, 0x00, 0x0D,
    0x29, 0x50, 0x08, 0x2A, 0x29, 0x50, 0x08, 0x2A, 0x29, 0x50, 0x00, 0x2B, 0x29, 0x50, 0x00, 0x0C,
    0x29, 0x50, 0x00, 0x0D, 0x29, 0x50, 0x00, 0x2B, 0x29, 0x50, 0x00, 0x2B, 0x29, 0x50, 0x00, 0x0C,
    0x29, 0x50, 0x00, 0x0C, 0x29, 0x50, 0x08, 0x2A, 0x29, 0x50, 0x08, 0x2A, 0x29, 0x50, 0x08, 0x2A,
    0x29, 0x50, 0x08, 0x2A, 0x29, 0x50, 0x08, 0x2A, 0x29, 0x50, 0x08, 0x2A, 0x29, 0x50, 0x00, 0x0C,
    0x29, 0x50, 0x00, 0x0D, 0x29, 0x50, 0x00, 0x0D, 0x29, 0x50, 0x00, 0x0C, 0x29, 0x50, 0x00, 0x0C,
    0x29, 0x50, 0x52, 0xAA, 0x00, 0x00, 0x4A, 0x69, 0x42, 0x08, 0x6B, 0x6D, 0xBD, 0xF7, 0xD6, 0x9A,
    0xBD, 0xF7, 0xAD, 0x55, 0x8C, 0x51, 0x7B, 0xEF, 0x94, 0x92, 0x8C, 0x71, 0x00, 0x00, 0x4A, 0x69,
    0x42, 0x08, 0x6B, 0x6D, 0xBD, 0xF7, 0xD6, 0x9A, 0xBD, 0xF7, 0xAD, 0x55, 0x8C, 0x51, 0x7B, 0xEF,
    0x94, 0x92, 0x8C, 0x71, 0x00, 0x00, 0x4A, 0x69, 0x42, 0x08, 0x6B, 0x6D, 0xBD, 0xF7, 0xD6, 0x9A,
    0xBD, 0xF7, 0xAD, 0x55, 0x8C, 0x51, 0x7B, 0xEF, 0x94, 0x92, 0x8C, 0x71, 0x00, 0x00, 0x52, 0xAA,
    0x29, 0x50, 0x00, 0x2B, 0x29, 0x50, 0x00, 0x2B, 0x29, 0x50, 0x00, 0x0C, 0x29, 0x50, 0x00, 0x0C,
    0x29, 0x50, 0x08, 0x2A, 0x29, 0x50, 0x08, 0x2A, 0x29, 0x50, 0x08, 0x2A, 0x29, 0x50, 0x08, 0x2A,
    0x29, 0x50, 0x08, 0x2A, 0x29, 0x50, 0x08, 0x2A, 0x29, 0x50, 0x00, 0x0C, 0x29, 0x50, 0x00, 0x0D,
    0x29, 0x50, 0x00, 0x0D, 0x29, 0x50, 0x00, 0x0C, 0x29, 0x50, 0x00, 0x0C, 0x29, 0x50, 0x00, 0x2B,
    0x29, 0x50, 0x08, 0x2A, 0x29, 0x50, 0x00, 0x2B, 0x29, 0x50, 0x00, 0x0C, 0x29, 0x50, 0x08, 0x2A,
    0x29, 0x50, 0x00, 0x0C, 0x29, 0x50, 0x00, 0x2B, 0x29, 0x50, 0x00, 0x2B, 0x29, 0x50, 0x00, 0x0D,
    0x29, 0x50, 0x00, 0x2B, 0x29, 0x50, 0x08, 0x2A, 0x29, 0x50, 0x00, 0x0B, 0x29, 0x50, 0x00, 0x2B,
    0x29, 0x50, 0x00, 0x0C, 0x29, 0x50, 0x00, 0x0D, 0x29, 0x50, 0x08, 0x2A, 0x29, 0x50, 0x08, 0x2A,
    0x29, 0x50, 0x00, 0x2B, 0x29, 0x50, 0x00, 0x0C, 0x29, 0x50, 0x00, 0x0D, 0x29, 0x50, 0x00, 0x2B,
    0x29, 0x50, 0x00, 0x2B, 0x29, 0x50, 0x00, 0x0C, 0x29, 0x50, 0x00, 0x0C, 0x29, 0x50, 0x08, 0x2A,
    0x29, 0x50, 0x08, 0x2A, 0x29, 0x50, 0x08, 0x2A, 0x29, 0x50, 0x08, 0x2A, 0x29, 0x50, 0x08, 0x2A,
    0x29, 0x50, 0x08, 0x2A, 0x29, 0x50, 0x00, 0x0C, 0x29, 0x50, 0x00, 0x0D, 0x29, 0x50, 0x00, 0x0D,
    0x29, 0x50, 0x00, 0x0C, 0x29, 0x50, 0x00, 0x0C, 0x29, 0x50, 0x00, 0x2B, 0x29, 0x50, 0x08, 0x2A,
    0x29, 0x50, 0x00, 0x2B, 0x29, 0x50, 0x00, 0x0C, 0x29, 0x50, 0x08, 0x2A, 0x29, 0x50, 0x00, 0x0C,
    0x29, 0x50, 0x00, 0x2B, 0x29, 0x50, 0x00, 0x2B, 0x29, 0x50, 0x00, 0x0D, 0x29, 0x50, 0x00, 0x2B,
    0x29, 0x50, 0x08, 0x2A, 0x29, 0x50, 0x00, 0x0B, 0x29, 0x50, 0x00, 0x2B, 0x29, 0x50, 0x00, 0x0C,
    0x29, 0x50, 0x00, 0x0D, 0x29, 0x50, 0x08, 0x2A, 0x29, 0x50, 0x08, 0x2A, 0x29, 0x50, 0x00, 0x2B,
    0x29, 0x50, 0x00, 0x0C, 0x29, 0x50, 0x00, 0x0D, 0x29, 0x50, 0x00, 0x2B, 0x29, 0x50, 0x00, 0x2B,
    0x29, 0x50, 0x00, 0x0C, 0x29, 0x50, 0x52, 0xAA, 0x00, 0x00, 0x4A, 0x69, 0x42, 0x08, 0x6B, 0x6D,
    0xBD, 0xF7, 0xD6, 0x9A, 0xBD, 0xF7, 0xAD, 0x55, 0x8C, 0x51, 0x7B, 0xEF, 0x94, 0x92, 0x8C, 0x71,
    0x00, 0x00, 0x4A, 0x69, 0x42, 0x08, 0x6B, 0x6D, 0xBD, 0xF7, 0xD6, 0x9A, 0xBD, 0xF7, 0xAD, 0x55,
    0x8C, 0x51, 0x7B, 0xEF, 0x94, 0x92, 0x8C, 0x71, 0x00, 0x00, 0x4A, 0x69, 0x42, 0x08, 0x6B, 0x6D,
    0xBD, 0xF7, 0xD6, 0x9A, 0xBD, 0xF7, 0xAD, 0x55, 0x8C, 0x51, 0x7B, 0xEF, 0x94, 0x92, 0x8C, 0x71,
    0x00, 0x00, 0x52, 0xAA, 0x29, 0x50, 0x00, 0x0D, 0x29, 0x50, 0x00, 0x2B, 0x29, 0x50, 0x08, 0x2A,
    0x29, 0x50, 0x00, 0x0B, 0x29, 0x50, 0x00, 0x2B, 0x29, 0x50, 0x00, 0x0C, 0x29, 0x50, 0x00, 0x0D,
    0x29, 0x50, 0x08, 0x2A, 0x29, 0x50, 0x08, 0x2A, 0x29, 0x50, 0x00, 0x2B, 0x29, 0x50, 0x00, 0x0C,
    0x29, 0x50, 0x00, 0x0D, 0x29, 0x50, 0x00, 0x2B, 0x29, 0x50, 0x00, 0x2B, 0x29, 0x50, 0x00, 0x0C,
    0x29, 0x50, 0x00, 0x0C, 0x29, 0x50, 0x08, 0x2A, 0x29, 0x50, 0x08, 0x2A, 0x29, 0x50, 0x08, 0x2A,
    0x29, 0x50, 0x08, 0x2A, 0x29, 0x50, 0x08, 0x2A, 0x21, 0x0E, 0x08, 0x2A, 0x00, 0x00, 0x00, 0x0C,
    0x00, 0x2B, 0x42, 0x19, 0x00, 0x0C, 0x31, 0x93, 0x08, 0x2A, 0x29, 0x50, 0x00, 0x0D, 0x29, 0x50,
    0x00, 0x0D, 0x29, 0x50, 0x00, 0x0C, 0x29, 0x50, 0x08, 0x2A, 0x29, 0x50, 0x08, 0x2A, 0x29, 0x50,
    0x00, 0x0C, 0x29, 0x50, 0x00, 0x0E, 0x29, 0x50, 0x08, 0x2A, 0x29, 0x50, 0x00, 0x2B, 0x29, 0x50,
    0x00, 0x0E, 0x29, 0x50, 0x00, 0x0C, 0x29, 0x50, 0x00, 0x0B, 0x29, 0x50, 0x00, 0x2B, 0x29, 0x50,
    0x08, 0x2A, 0x29, 0x50, 0x08, 0x2A, 0x29, 0x50, 0x08, 0x2A, 0x29, 0x50, 0x00, 0x2B, 0x29, 0x50,
    0x00, 0x0C, 0x29, 0x50, 0x00, 0x0D, 0x29, 0x50, 0x00, 0x0D, 0x29, 0x50, 0x00, 0x0C, 0x29, 0x50,
    0x00, 0x0D, 0x52, 0xAA, 0x00, 0x00, 0x42, 0x08, 0x39, 0xE7, 0x42, 0x28, 0x6B, 0x6D, 0xA5, 0x14,
    0xAD, 0x55, 0x9C, 0xF3, 0x84, 0x10, 0x7B, 0xCF, 0x84, 0x30, 0x84, 0x10, 0x00, 0x00, 0x42, 0x08,
    0x39, 0xE7, 0x42, 0x28, 0x6B, 0x6D, 0xA5, 0x14, 0xAD, 0x55, 0x9C, 0xF3, 0x84, 0x10, 0x7B, 0xCF,
    0x84, 0x30, 0x84, 0x10, 0x00, 0x00, 0x42, 0x08, 0x39, 0xE7, 0x42, 0x28, 0x6B, 0x6D, 0xA5, 0x14,
    0xAD, 0x55, 0x9C, 0xF3, 0x84, 0x10, 0x7B, 0xCF, 0x84, 0x30, 0x84, 0x10, 0x00, 0x00, 0x52, 0xAA,
    0x00, 0x0E, 0x29, 0x50, 0x08, 0x2A, 0x29, 0x50, 0x00, 0x2B, 0x29, 0x50, 0x00, 0x0E, 0x29, 0x50,
    0x00, 0x0C, 0x29, 0x50, 0x00, 0x0B, 0x29, 0x50, 0x00, 0x2B, 0x29, 0x50, 0x08, 0x2A, 0x29, 0x50,
    0x08, 0x2A, 0x29, 0x50, 0x08, 0x2A, 0x29, 0x50, 0x00, 0x2B, 0x29, 0x50, 0x00, 0x0C, 0x29, 0x50,
    0x00, 0x0D, 0x29, 0x50, 0x00, 0x0D, 0x29, 0x50, 0x00, 0x0C, 0x29, 0x50, 0x00, 0x0D, 0x29, 0x50,
    0x08, 0x2A, 0x29, 0x50, 0x08, 0x2A, 0x29, 0x50, 0x00, 0x0C, 0x29, 0x50, 0x08, 0x2A, 0x29, 0x50,
    0x08, 0x2A, 0x29, 0x50, 0x00, 0x0C, 0x29, 0x50, 0x00, 0x2B, 0x29, 0x50, 0x00, 0x0D, 0x29, 0x50,
    0x00, 0x0E, 0x29, 0x50, 0x00, 0x2B, 0x29, 0x50, 0x00, 0x2B, 0x29, 0x50, 0x00, 0x0C, 0x29, 0x50,
    0x08, 0x2A, 0x29, 0x50, 0x00, 0x0D, 0x29, 0x50, 0x00, 0x0D, 0x29, 0x50, 0x00, 0x0C, 0x29, 0x50,
    0x08, 0x2A, 0x29, 0x50, 0x08, 0x2A, 0x29, 0x50, 0x00, 0x0C, 0x29, 0x50, 0x00, 0x0E, 0x29, 0x50,
    0x08, 0x2A, 0x29, 0x50, 0x00, 0x2B, 0x29, 0x50, 0x00, 0x0E, 0x29, 0x50, 0x00, 0x0C, 0x29, 0x50,
    0x00, 0x0B, 0x29, 0x50, 0x00, 0x2B, 0x29, 0x50, 0x08, 0x2A, 0x29, 0x50, 0x08, 0x2A, 0x29, 0x50,
    0x08, 0x2A, 0x29, 0x50, 0x00, 0x2B, 0x29, 0x50, 0x00, 0x0C, 0x29, 0x50, 0x00, 0x0D, 0x29, 0x50,
    0x00, 0x0D, 0x29, 0x50, 0x00, 0x0C, 0x29, 0x50, 0x00, 0x0D, 0x29, 0x50, 0x08, 0x2A, 0x29, 0x50,
    0x08, 0x2A, 0x29, 0x50, 0x00, 0x0C, 0x29, 0x50, 0x08, 0x2A, 0x29, 0x50, 0x08, 0x2A, 0x29, 0x50,
    0x00, 0x0C, 0x29, 0x50, 0x00, 0x2B, 0x29, 0x50, 0x00, 0x0D, 0x29, 0x50, 0x00, 0x0E, 0x29, 0x50,
    0x00, 0x2B, 0x29, 0x50, 0x00, 0x2B, 0x29, 0x50, 0x00, 0x0C, 0x29, 0x50, 0x08, 0x2A, 0x29, 0x50,
    0x00, 0x0D, 0x29, 0x50, 0x00, 0x0D, 0x29, 0x50, 0x00, 0x0C, 0x29, 0x50, 0x08, 0x2A, 0x29, 0x50,
    0x08, 0x2A, 0x29, 0x50, 0x00, 0x0C, 0x29, 0x50, 0x00, 0x0E, 0x29, 0x50, 0x08, 0x2A, 0x29, 0x50,
    0x00, 0x2B, 0x29, 0x50, 0x00, 0x0E, 0x52, 0xAA, 0x00, 0x00, 0x42, 0x08, 0x39, 0xE7, 0x42, 0x28,
    0x6B, 0x6D, 0xA5, 0x14, 0xAD, 0x55, 0x9C, 0xF3, 0x84, 0x10, 0x7B, 0xCF, 0x84, 0x30, 0x84, 0x10,
    0x00, 0x00, 0x42, 0x08, 0x39, 0xE7, 0x42, 0x28, 0x6B, 0x6D, 0xA5, 0x14, 0xAD, 0x55, 0x9C, 0xF3,
    0x84, 0x10, 0x7B, 0xCF, 0x84, 0x30, 0x84, 0x10, 0x00, 0x00, 0x42, 0x08, 0x39, 0xE7, 0x42, 0x28,
    0x6B, 0x6D, 0xA5, 0x14, 0xAD, 0x55, 0x9C, 0xF3, 0x84, 0x10, 0x7B, 0xCF, 0x84, 0x30, 0x84, 0x10,
    0x00, 0x00, 0x52, 0xAA, 0x00, 0x0D, 0x29, 0x50, 0x00, 0x0E, 0x29, 0x50, 0x00, 0x2B, 0x29, 0x50,
    0x00, 0x2B, 0x29, 0x50, 0x00, 0x0C, 0x29, 0x50, 0x08, 0x2A, 0x29, 0x50, 0x00, 0x0D, 0x29, 0x50,
    0x00, 0x0D, 0x29, 0x50, 0x00, 0x0C, 0x29, 0x50, 0x08, 0x2A, 0x29, 0x50, 0x08, 0x2A, 0x29, 0x50,
    0x00, 0x0C, 0x29, 0x50, 0x00, 0x0E, 0x29, 0x50, 0x08, 0x2A, 0x29, 0x50, 0x00, 0x2B, 0x29, 0x50,
    0x00, 0x0E, 0x29, 0x50, 0x00, 0x0C, 0x29, 0x50, 0x00, 0x0B, 0x29, 0x50, 0x00, 0x2B, 0x29, 0x50,
    0x08, 0x2A, 0x29, 0x50, 0x08, 0x2A, 0x41, 0xF8, 0x08, 0x2A, 0x00, 0x00, 0x00, 0x2B, 0x00, 0x00,
    0x62, 0xFF, 0x00, 0x0C, 0x41, 0xF7, 0x00, 0x2B, 0x00, 0x00, 0x00, 0x2A, 0x29, 0x71, 0x00, 0x0D,
    0x29, 0x71, 0x00, 0x0E, 0x29, 0x71, 0x00, 0x0D, 0x29, 0x71, 0x00, 0x2B, 0x29, 0x71, 0x08, 0x2A,
    0x29, 0x71, 0x00, 0x0D, 0x29, 0x71, 0x00, 0x0D, 0x29, 0x71, 0x08, 0x2A, 0x29, 0x71, 0x00, 0x0C,
    0x29, 0x71, 0x00, 0x0E, 0x29, 0x71, 0x00, 0x0C, 0x29, 0x71, 0x00, 0x0D, 0x29, 0x71, 0x00, 0x0C,
    0x29, 0x71, 0x00, 0x2B, 0x29, 0x71, 0x08, 0x2A, 0x29, 0x71, 0x08, 0x2A, 0x29, 0x71, 0x08, 0x2A,
    0x29, 0x71, 0x00, 0x0C, 0x29, 0x71, 0x00, 0x0D, 0x29, 0x71, 0x00, 0x0C, 0x29, 0x71, 0x00, 0x0D,
    0x29, 0x71, 0x52, 0xAA, 0x00, 0x00, 0x39, 0xE7, 0x31, 0xA6, 0x39, 0xE7, 0x42, 0x08, 0x4A, 0x69,
    0x5A, 0xCB, 0x5A, 0xCB, 0x63, 0x2C, 0x73, 0x8E, 0x7B, 0xEF, 0x73, 0xAE, 0x00, 0x00, 0x39, 0xE7,
    0x31, 0xA6, 0x39, 0xE7, 0x42, 0x08, 0x4A, 0x69, 0x5A, 0xCB, 0x5A, 0xCB, 0x63, 0x2C, 0x73, 0x8E,
    0x7B, 0xEF, 0x73, 0xAE, 0x00, 0x00, 0x39, 0xE7, 0x31, 0xA6, 0x39, 0xE7, 0x42, 0x08, 0x4A, 0x69,
    0x5A, 0xCB, 0x5A, 0xCB, 0x63, 0x2C, 0x73, 0x8E, 0x7B, 0xEF, 0x73, 0xAE, 0x00, 0x00, 0x52, 0xAA,
    0x29, 0x71, 0x00, 0x0D, 0x29, 0x71, 0x08, 0x2A, 0x29, 0x71, 0x00, 0x0C, 0x29, 0x71, 0x00, 0x0E,
    0x29, 0x71, 0x00, 0x0C, 0x29, 0x71, 0x00, 0x0D, 0x29, 0x71, 0x00, 0x0C, 0x29, 0x71, 0x00, 0x2B,
    0x29, 0x71, 0x08, 0x2A, 0x29, 0x71, 0x08, 0x2A, 0x29, 0x71, 0x08, 0x2A, 0x29, 0x71, 0x00, 0x0C,
    0x29, 0x71, 0x00, 0x0D, 0x29, 0x71, 0x00, 0x0C, 0x29, 0x71, 0x00, 0x0D, 0x29, 0x71, 0x00, 0x0C,
    0x29, 0x71, 0x08, 0x2A, 0x29, 0x71, 0x00, 0x2A, 0x29, 0x71, 0x00, 0x0D, 0x29, 0x71, 0x08, 0x2A,
    0x29, 0x71, 0x08, 0x2A, 0x29, 0x71, 0x00, 0x2B, 0x29, 0x71, 0x08, 0x2A, 0x29, 0x71, 0x00, 0x0D,
    0x29, 0x71, 0x00, 0x0E, 0x29, 0x71, 0x00, 0x2B, 0x29, 0x71, 0x00, 0x0C, 0x29, 0x71, 0x00, 0x2B,
    0x29, 0x71, 0x00, 0x2A, 0x29, 0x71, 0x00, 0x0D, 0x29, 0x71, 0x00, 0x0E, 0x29, 0x71, 0x00, 0x0D,
    0x29, 0x71, 0x00, 0x2B, 0x29, 0x71, 0x08, 0x2A, 0x29, 0x71, 0x00, 0x0D, 0x29, 0x71, 0x00, 0x0D,
    0x29, 0x71, 0x08, 0x2A, 0x29, 0x71, 0x00, 0x0C, 0x29, 0x71, 0x00, 0x0E, 0x29, 0x71, 0x00, 0x0C,
    0x29, 0x71, 0x00, 0x0D, 0x29, 0x71, 0x00, 0x0C, 0x29, 0x71, 0x00, 0x2B, 0x29, 0x71, 0x08, 0x2A,
    0x29, 0x71, 0x08, 0x2A, 0x29, 0x71, 0x08, 0x2A, 0x29, 0x71, 0x00, 0x0C, 0x29, 0x71, 0x00, 0x0D,
    0x29, 0x71, 0x00, 0x0C, 0x29, 0x71, 0x00, 0x0D, 0x29, 0x71, 0x00, 0x0C, 0x29, 0x71, 0x08, 0x2A,
    0x29, 0x71, 0x00, 0x2A, 0x29, 0x71, 0x00, 0x0D, 0x29, 0x71, 0x08, 0x2A, 0x29, 0x71, 0x08, 0x2A,
    0x29, 0x71, 0x00, 0x2B, 0x29, 0x71, 0x08, 0x2A, 0x29, 0x71, 0x00, 0x0D, 0x29, 0x71, 0x00, 0x0E,
    0x29, 0x71, 0x00, 0x2B, 0x29, 0x71, 0x00, 0x0C, 0x29, 0x71, 0x00, 0x2B, 0x29, 0x71, 0x00, 0x2A,
    0x29, 0x71, 0x00, 0x0D, 0x29, 0x71, 0x00, 0x0E, 0x29, 0x71, 0x00, 0x0D, 0x29, 0x71, 0x00, 0x2B,
    0x29, 0x71, 0x08, 0x2A, 0x29, 0x71, 0x00, 0x0D, 0x29, 0x71, 0x00, 0x0D, 0x29, 0x71, 0x08, 0x2A,
    0x29, 0x71, 0x00, 0x0C, 0x29, 0x71, 0x52, 0xAA, 0x00, 0x00, 0x39, 0xE7, 0x31, 0xA6, 0x39, 0xE7,
    0x42, 0x08, 0x4A, 0x69, 0x5A, 0xCB, 0x5A, 0xCB, 0x63, 0x2C, 0x73, 0x8E, 0x7B, 0xEF, 0x73, 0xAE,
    0x00, 0x00, 0x39, 0xE7, 0x31, 0xA6, 0x39, 0xE7, 0x42, 0x08, 0x4A, 0x69, 0x5A, 0xCB, 0x5A, 0xCB,
    0x63, 0x2C, 0x73, 0x8E, 0x7B, 0xEF, 0x73, 0xAE, 0x00, 0x00, 0x39, 0xE7, 0x31, 0xA6, 0x39, 0xE7,
    0x42, 0x08, 0x4A, 0x69, 0x5A, 0xCB, 0x5A, 0xCB, 0x63, 0x2C, 0x73, 0x8E, 0x7B, 0xEF, 0x73, 0xAE,
    0x00, 0x00, 0x52, 0xAA, 0x29, 0x71, 0x00, 0x0D, 0x29, 0x71, 0x00, 0x0E, 0x29, 0x71, 0x00, 0x2B,
    0x29, 0x71, 0x00, 0x0C, 0x29, 0x71, 0x00, 0x2B, 0x29, 0x71, 0x00, 0x2A, 0x29, 0x71, 0x00, 0x0D,
    0x29, 0x71, 0x00, 0x0E, 0x29, 0x71, 0x00, 0x0D, 0x29, 0x71, 0x00, 0x2B, 0x29, 0x71, 0x08, 0x2A,
    0x29, 0x71, 0x00, 0x0D, 0x29, 0x71, 0x00, 0x0D, 0x29, 0x71, 0x08, 0x2A, 0x29, 0x71, 0x00, 0x0C,
    0x29, 0x71, 0x00, 0x0E, 0x29, 0x71, 0x00, 0x0C, 0x29, 0x71, 0x00, 0x0D, 0x29, 0x71, 0x00, 0x0C,
    0x29, 0x71, 0x00, 0x2B, 0x29, 0x71, 0x08, 0x2A, 0x21, 0x2E, 0x08, 0x2A, 0x00, 0x00, 0x08, 0x2A,
    0x00, 0x2B, 0x4A, 0x19, 0x00, 0x0C, 0x31, 0x93, 0x08, 0x2A, 0x31, 0x71, 0x08, 0x2A, 0x31, 0x71,
    0x00, 0x0C, 0x31, 0x71, 0x00, 0x0E, 0x31, 0x71, 0x00, 0x0F, 0x42, 0x6E, 0x52, 0xAA, 0x52, 0xAA,
    0x52, 0xAA, 0x52, 0xAA, 0x52, 0xAA, 0x52, 0xAA, 0x52, 0xAA, 0x52, 0xAA, 0x52, 0xAA, 0x52, 0xAA,
    0x52, 0xAA, 0x52, 0xAA, 0x52, 0xAA, 0x52, 0xAA, 0x52, 0xAA, 0x52, 0xAA, 0x52, 0xAA, 0x52, 0xAA,
    0x52, 0xAA, 0x52, 0xAA, 0x52, 0xAA, 0x52, 0xAA, 0x52, 0xAA, 0x52, 0xAA, 0x52, 0xAA, 0x52, 0xAA,
    0x52, 0xAA, 0x52, 0xAA, 0x52, 0xAA, 0x52, 0xAA, 0x52, 0xAA, 0x52, 0xAA, 0x52, 0xAA, 0x52, 0xAA,
    0x52, 0xAA, 0x94, 0x92, 0x00, 0x00, 0x42, 0x28, 0x39, 0xE7, 0x42, 0x08, 0x4A, 0x69, 0x52, 0x8A,
    0x5A, 0xEB, 0x63, 0x0C, 0x6B, 0x6D, 0x73, 0xAE, 0x84, 0x10, 0x84, 0x10, 0x00, 0x00, 0x42, 0x28,
    0x39, 0xE7, 0x42, 0x08, 0x4A, 0x69, 0x52, 0x8A, 0x5A, 0xEB, 0x63, 0x0C, 0x6B, 0x6D, 0x73, 0xAE,
    0x84, 0x10, 0x84, 0x10, 0x00, 0x00, 0x42, 0x28, 0x39, 0xE7, 0x42, 0x08, 0x4A, 0x69, 0x52, 0x8A,
    0x5A, 0xEB, 0x63, 0x0C, 0x6B, 0x6D, 0x73, 0xAE, 0x84, 0x10, 0x84, 0x10, 0x00, 0x00, 0x9C, 0xF3,
    0x52, 0xAA, 0x52, 0xAA, 0x52, 0xAA, 0x52, 0xAA, 0x52, 0xAA, 0x52, 0xAA, 0x52, 0xAA, 0x52, 0xAA,
    0x52, 0xAA, 0x52, 0xAA, 0x52, 0xAA, 0x52, 0xAA, 0x52, 0xAA, 0x52, 0xAA, 0x52, 0xAA, 0x52, 0xAA,
    0x52, 0xAA, 0x52, 0xAA, 0x52, 0xAA, 0x52, 0xAA, 0x52, 0xAA, 0x52, 0xAA, 0x52, 0xAA, 0x52, 0xAA,
    0x52, 0xAA, 0x52, 0xAA, 0x52, 0xAA, 0x52, 0xAA, 0x52, 0xAA, 0x52, 0xAA, 0x52, 0xAA, 0x52, 0xAA,
    0x52, 0xAA, 0x52, 0xAA, 0x52, 0xAA, 0x42, 0x4D, 0x00, 0x0D, 0x31, 0x71, 0x00, 0x0D, 0x31, 0x71,
    0x08, 0x2A, 0x31, 0x71, 0x08, 0x2A, 0x31, 0x71, 0x00, 0x2B, 0x31, 0x71, 0x08, 0x2A, 0x31, 0x71,
    0x00, 0x0C, 0x31, 0x71, 0x00, 0x0B, 0x31, 0x71, 0x00, 0x2B, 0x31, 0x71, 0x00, 0x0C, 0x31, 0x71,
    0x08, 0x2A, 0x31, 0x71, 0x08, 0x2A, 0x31, 0x71, 0x00, 0x0C, 0x31, 0x71, 0x00, 0x0E, 0x31, 0x71,
    0x00, 0x0F, 0x31, 0x71, 0x00, 0x0B, 0x31, 0x71, 0x08, 0x2A, 0x31, 0x71, 0x00, 0x0E, 0x31, 0x71,
    0x00, 0x0B, 0x31, 0x71, 0x08, 0x2A, 0x31, 0x71, 0x00, 0x0D, 0x31, 0x71, 0x00, 0x0D, 0x31, 0x71,
    0x00, 0x0C, 0x31, 0x71, 0x00, 0x0D, 0x31, 0x71, 0x00, 0x0D, 0x31, 0x71, 0x00, 0x2B, 0x31, 0x71,
    0x08, 0x2A, 0x31, 0x71, 0x08, 0x2A, 0x31, 0x71, 0x00, 0x2B, 0x31, 0x71, 0x00, 0x0D, 0x31, 0x71,
    0x00, 0x0C, 0x31, 0x71, 0x00, 0x0C, 0x31, 0x71, 0x00, 0x0D, 0x31, 0x71, 0x08, 0x2A, 0x31, 0x71,
    0x08, 0x2A, 0x31, 0x71, 0x00, 0x0D, 0x31, 0x71, 0x00, 0x0D, 0x31, 0x71, 0x08, 0x2A, 0x42, 0x6E,
    0x52, 0xAA, 0x52, 0xAA, 0x52, 0xAA, 0x52, 0xAA, 0x52, 0xAA, 0x52, 0xAA, 0x52, 0xAA, 0x52, 0xAA,
    0x52, 0xAA, 0x52, 0xAA, 0x52, 0xAA, 0x52, 0xAA, 0x52, 0xAA, 0x52, 0xAA, 0x52, 0xAA, 0x52, 0xAA,
    0x52, 0xAA, 0x52, 0xAA, 0x52, 0xAA, 0x52, 0xAA, 0x52, 0xAA, 0x52, 0xAA, 0x52, 0xAA, 0x52, 0xAA,
    0x52, 0xAA, 0x52, 0xAA, 0x52, 0xAA, 0x52, 0xAA, 0x52, 0xAA, 0x52, 0xAA, 0x52, 0xAA, 0x52, 0xAA,
    0x52, 0xAA, 0x52, 0xAA, 0x52, 0xAA, 0x94, 0x92, 0x00, 0x00, 0x42, 0x28, 0x39, 0xE7, 0x42, 0x08,
    0x4A, 0x69, 0x52, 0x8A, 0x5A, 0xEB, 0x63, 0x0C, 0x6B, 0x6D, 0x73, 0xAE, 0x84, 0x10, 0x84, 0x10,
    0x00, 0x00, 0x42, 0x28, 0x39, 0xE7, 0x42, 0x08, 0x4A, 0x69, 0x52, 0x8A, 0x5A, 0xEB, 0x63, 0x0C,
    0x6B, 0x6D, 0x73, 0xAE, 0x84, 0x10, 0x84, 0x10, 0x00, 0x00, 0x42, 0x28, 0x39, 0xE7, 0x42, 0x08,
    0x4A, 0x69, 0x52, 0x8A, 0x5A, 0xEB, 0x63, 0x0C, 0x6B, 0x6D, 0x73, 0xAE, 0x84, 0x10, 0x84, 0x10,
    0x00, 0x00, 0x9C, 0xF3, 0x52, 0xAA, 0x52, 0xAA, 0x52, 0xAA, 0x52, 0xAA, 0x52, 0xAA, 0x52, 0xAA,
    0x52, 0xAA, 0x52, 0xAA, 0x52, 0xAA, 0x52, 0xAA, 0x52, 0xAA, 0x52, 0xAA, 0x52, 0xAA, 0x52, 0xAA,
    0x52, 0xAA, 0x52, 0xAA, 0x52, 0xAA, 0x52, 0xAA, 0x52, 0xAA, 0x52, 0xAA, 0x52, 0xAA, 0x52, 0xAA,
    0x52, 0xAA, 0x52, 0xAA, 0x52, 0xAA, 0x52, 0xAA, 0x52, 0xAA, 0x52, 0xAA, 0x52, 0xAA, 0x52, 0xAA,
    0x52, 0xAA, 0x52, 0xAA, 0x52, 0xAA, 0x52, 0xAA, 0x52, 0xAA, 0x42, 0x4D, 0x00, 0x0D, 0x31, 0x71,
    0x00, 0x0D, 0x31, 0x71, 0x00, 0x2B, 0x42, 0x18, 0x08, 0x2A, 0x00, 0x00, 0x08, 0x2A, 0x00, 0x00,
    0x6B, 0x1F, 0x00, 0x2B, 0x42, 0x18, 0x00, 0x0B, 0x00, 0x00, 0x08, 0x2A, 0x31, 0x71, 0x08, 0x2A,
    0x31, 0x71, 0x00, 0x2B, 0x31, 0x71, 0x00, 0x0D, 0x31, 0x71, 0x52, 0xAA, 0x63, 0x0C, 0x00, 0x00,
    0x00, 0x00, 0x00, 0x00, 0x00, 0x00, 0x00, 0x00, 0x00, 0x00, 0x00, 0x00, 0x00, 0x00, 0x00, 0x00,
    0x00, 0x00, 0x00, 0x00, 0x00, 0x00, 0x00, 0x00, 0x00, 0x00, 0x00, 0x00, 0x00, 0x00, 0x00, 0x00,
    0x00, 0x00, 0x00, 0x00, 0x00, 0x00, 0x00, 0x00, 0x00, 0x00, 0x00, 0x00, 0x00, 0x00, 0x00, 0x00,
    0x00, 0x00, 0x00, 0x00, 0x00, 0x00, 0x00, 0x00, 0x00, 0x00, 0x00, 0x00, 0x00, 0x00, 0x00, 0x00,
    0x00, 0x00, 0x00, 0x00, 0x00, 0x00, 0x00, 0x00, 0x00, 0x00, 0x00, 0x00, 0x00, 0x00, 0x00, 0x00,
    0x00, 0x00, 0x00, 0x00, 0x00, 0x00, 0x00, 0x00, 0x00, 0x00, 0x00, 0x00, 0x00, 0x00, 0x00, 0x00,
    0x00, 0x00, 0x00, 0x00, 0x00, 0x00, 0x00, 0x00, 0x00, 0x00, 0x00, 0x00, 0x00, 0x00, 0x00, 0x00,
    0x00, 0x00, 0x00, 0x00, 0x00, 0x00, 0x00, 0x00, 0x00, 0x00, 0x00, 0x00, 0x00, 0x00, 0x00, 0x00,
    0x00, 0x00, 0x00, 0x00, 0x00, 0x00, 0x00, 0x00, 0x00, 0x00, 0x00, 0x00, 0x00, 0x20, 0x00, 0x00,
    0x00, 0x00, 0x00, 0x00, 0x00, 0x00, 0x00, 0x00, 0x00, 0x00, 0x00, 0x00, 0x00, 0x00, 0x00, 0x00,
    0x00, 0x00, 0x00, 0x00, 0x00, 0x00, 0x00, 0x00, 0x00, 0x00, 0x00, 0x00, 0x00, 0x00, 0x00, 0x00,
    0x00, 0x00, 0x00, 0x00, 0x00, 0x00, 0x00, 0x00, 0x00, 0x00, 0x00, 0x00, 0x00, 0x00, 0x00, 0x00,
    0x00, 0x00, 0x00, 0x00, 0x00, 0x00, 0x00, 0x00, 0x00, 0x00, 0x00, 0x00, 0x00, 0x00, 0x00, 0x00,
    0x00, 0x00, 0x08, 0x41, 0x6B, 0x4D, 0x52, 0xAA, 0x31, 0x71, 0x00, 0x0F, 0x31, 0x71, 0x00, 0x0D,
    0x31, 0x71, 0x00, 0x2A, 0x31, 0x71, 0x00, 0x0C, 0x31, 0x71, 0x00, 0x2A, 0x31, 0x71, 0x08, 0x2A,
    0x31, 0x71, 0x08, 0x2A, 0x31, 0x71, 0x08, 0x2A, 0x31, 0x71, 0x00, 0x2B, 0x31, 0x71, 0x00, 0x0B,
    0x31, 0x71, 0x08, 0x2A, 0x31, 0x71, 0x08, 0x2A, 0x31, 0x71, 0x00, 0x2B, 0x31, 0x71, 0x00, 0x0D,
    0x31, 0x71, 0x00, 0x0E, 0x31, 0x71, 0x08, 0x2A, 0x31, 0x71, 0x00, 0x2A, 0x31, 0x71, 0x00, 0x0D,
    0x31, 0x71, 0x00, 0x2B, 0x31, 0x71, 0x08, 0x2A, 0x31, 0x71, 0x00, 0x0C, 0x31, 0x71, 0x00, 0x2B,
    0x31, 0x71, 0x00, 0x2B, 0x31, 0x71, 0x00, 0x0C, 0x31, 0x71, 0x00, 0x0B, 0x31, 0x71, 0x00, 0x2B,
    0x31, 0x71, 0x08, 0x2A, 0x31, 0x71, 0x08, 0x2A, 0x31, 0x71, 0x00, 0x0D, 0x31, 0x71, 0x00, 0x0D,
    0x31, 0x71, 0x00, 0x2B, 0x31, 0x71, 0x00, 0x0D, 0x31, 0x71, 0x00, 0x0C, 0x31, 0x71, 0x08, 0x2A,
    0x31, 0x71, 0x00, 0x2B, 0x31, 0x71, 0x00, 0x0F, 0x31, 0x71, 0x00, 0x0D, 0x31, 0x71, 0x52, 0xAA,
    0x63, 0x0C, 0x00, 0x00, 0x00, 0x00, 0x00, 0x00, 0x00, 0x00, 0x00, 0x00, 0x00, 0x00, 0x00, 0x00,
    0x00, 0x00, 0x00, 0x00, 0x00, 0x00, 0x00, 0x00, 0x00, 0x00, 0x00, 0x00, 0x00, 0x00, 0x00, 0x00,
    0x00, 0x00, 0x00, 0x00, 0x00, 0x00, 0x00, 0x00, 0x00, 0x00, 0x00, 0x00, 0x00, 0x00, 0x00, 0x00,
    0x00, 0x00, 0x00, 0x00, 0x00, 0x00, 0x00, 0x00, 0x00, 0x00, 0x00, 0x00, 0x00, 0x00, 0x00, 0x00,
    0x00, 0x00, 0x00, 0x00, 0x00, 0x00, 0x00, 0x00, 0x00, 0x00, 0x00, 0x00, 0x00, 0x00, 0x00, 0x00,
    0x00, 0x00, 0x00, 0x00, 0x00, 0x00, 0x00, 0x00, 0x00, 0x00, 0x00, 0x00, 0x00, 0x00, 0x00, 0x00,
    0x00, 0x00, 0x00, 0x00, 0x00, 0x00, 0x00, 0x00, 0x00, 0x00, 0x00, 0x00, 0x00, 0x00, 0x00, 0x00,
    0x00, 0x00, 0x00, 0x00, 0x00, 0x00, 0x00, 0x00, 0x00, 0x00, 0x00, 0x00, 0x00, 0x00, 0x00, 0x00,
    0x00, 0x00, 0x00, 0x00, 0x00, 0x00, 0x00, 0x00, 0x00, 0x00, 0x00, 0x00, 0x00, 0x00, 0x00, 0x00,
    0x00, 0x20, 0x00, 0x00, 0x00, 0x00, 0x00, 0x00, 0x00, 0x00, 0x00, 0x00, 0x00, 0x00, 0x00, 0x00,
    0x00, 0x00, 0x00, 0x00, 0x00, 0x00, 0x00, 0x00, 0x00, 0x00, 0x00, 0x00, 0x00, 0x00, 0x00, 0x00,
    0x00, 0x00, 0x00, 0x00, 0x00, 0x00, 0x00, 0x00, 0x00, 0x00, 0x00, 0x00, 0x00, 0x00, 0x00, 0x00,
    0x00, 0x00, 0x00, 0x00, 0x00, 0x00, 0x00, 0x00, 0x00, 0x00, 0x00, 0x00, 0x00, 0x00, 0x00, 0x00,
    0x00, 0x00, 0x00, 0x00, 0x00, 0x00, 0x08, 0x41, 0x6B, 0x4D, 0x52, 0xAA, 0x31, 0x71, 0x00, 0x0C,
    0x31, 0x71, 0x00, 0x0B, 0x31, 0x71, 0x00, 0x2B, 0x29, 0x2E, 0x08, 0x2A, 0x00, 0x00, 0x08, 0x2A,
    0x08, 0x2A, 0x4A, 0x3A, 0x00, 0x0C, 0x39, 0xB3, 0x00, 0x0C, 0x31, 0x71, 0x00, 0x2A, 0x31, 0x71,
    0x08, 0x2A, 0x31, 0x71, 0x08, 0x2A, 0x31, 0x71, 0x00, 0x0B, 0x52, 0xAA, 0x00, 0x00, 0x84, 0x10,
    0x73, 0xAE, 0x84, 0x10, 0x8C, 0x71, 0x9C, 0xD3, 0xA5, 0x34, 0xAD, 0x55, 0xB5, 0xB6, 0xB5, 0xB6,
    0xBD, 0xF7, 0xBD, 0xD7, 0x00, 0x00, 0x84, 0x10, 0x73, 0xAE, 0x84, 0x10, 0x8C, 0x71, 0x9C, 0xD3,
    0xA5, 0x34, 0xAD, 0x55, 0xB5, 0xB6, 0xB5, 0xB6, 0xBD, 0xF7, 0xBD, 0xD7, 0x00, 0x00, 0x84, 0x10,
    0x73, 0xAE, 0x84, 0x10, 0x8C, 0x71, 0x9C, 0xD3, 0xA5, 0x34, 0xAD, 0x55, 0xB5, 0xB6, 0xB5, 0xB6,
    0xBD, 0xF7, 0xBD, 0xD7, 0x00, 0x00, 0x84, 0x10, 0x73, 0xAE, 0x84, 0x10, 0x8C, 0x71, 0x9C, 0xD3,
    0xA5, 0x34, 0xAD, 0x55, 0xB5, 0xB6, 0xB5, 0xB6, 0xBD, 0xF7, 0xBD, 0xD7, 0x00, 0x00, 0x84, 0x10,
    0x73, 0xAE, 0x84, 0x10, 0x8C, 0x71, 0x9C, 0xD3, 0xA5, 0x34, 0xAD, 0x55, 0xB5, 0xB6, 0xB5, 0xB6,
    0xBD, 0xF7, 0xBD, 0xD7, 0x00, 0x00, 0x84, 0x10, 0x73, 0xAE, 0x84, 0x10, 0x8C, 0x71, 0x9C, 0xD3,
    0xA5, 0x34, 0xAD, 0x55, 0xB5, 0xB6, 0xB5, 0xB6, 0xBD, 0xF7, 0xBD, 0xD7, 0x00, 0x00, 0x84, 0x10,
    0x73, 0xAE, 0x84, 0x10, 0x8C, 0x71, 0x9C, 0xD3, 0xA5, 0x34, 0xAD, 0x55, 0xB5, 0xB6, 0xB5, 0xB6,
    0xBD, 0xF7, 0xBD, 0xD7, 0x00, 0x00, 0x84, 0x10, 0x73, 0xAE, 0x84, 0x10, 0x8C, 0x71, 0x9C, 0xD3,
    0xA5, 0x34, 0xAD, 0x55, 0xB5, 0xB6, 0xB5, 0xB6, 0xBD, 0xF7, 0xBD, 0xD7, 0x00, 0x00, 0x84, 0x10,
    0x73, 0xAE, 0x84, 0x10, 0x8C, 0x71, 0x9C, 0xD3, 0xA5, 0x34, 0xAD, 0x55, 0xB5, 0xB6, 0xB5, 0xB6,
    0xBD, 0xF7, 0xBD, 0xD7, 0x08, 0x41, 0x52, 0xAA, 0x00, 0x0D, 0x31, 0x71, 0x00, 0x0F, 0x31, 0x71,
    0x00, 0x0D, 0x31, 0x71, 0x00, 0x0D, 0x31, 0x71, 0x00, 0x0D, 0x31, 0x71, 0x00, 0x2B, 0x31, 0x71,
    0x08, 0x2A, 0x31, 0x71, 0x08, 0x2A, 0x31, 0x71, 0x08, 0x2A, 0x31, 0x71, 0x00, 0x0C, 0x31, 0x71,
    0x00, 0x0C, 0x31, 0x71, 0x00, 0x2A, 0x31, 0x71, 0x08, 0x2A, 0x31, 0x71, 0x08, 0x2A, 0x31, 0x71,
    0x00, 0x0B, 0x31, 0x71, 0x00, 0x0C, 0x31, 0x71, 0x08, 0x2A, 0x31, 0x71, 0x08, 0x2A, 0x31, 0x71,
    0x00, 0x0D, 0x31, 0x71, 0x08, 0x2A, 0x31, 0x71, 0x00, 0x2B, 0x31, 0x71, 0x00, 0x0D, 0x31, 0x71,
    0x00, 0x2B, 0x31, 0x71, 0x08, 0x2A, 0x31, 0x71, 0x00, 0x2A, 0x31, 0x71, 0x08, 0x2A, 0x31, 0x71,
    0x00, 0x0C, 0x31, 0x71, 0x00, 0x2B, 0x31, 0x71, 0x00, 0x2B, 0x31, 0x71, 0x00, 0x0D, 0x31, 0x71,
    0x00, 0x0C, 0x31, 0x71, 0x00, 0x2B, 0x31, 0x71, 0x00, 0x0C, 0x31, 0x71, 0x00, 0x2B, 0x31, 0x71,
    0x00, 0x2B, 0x31, 0x71, 0x00, 0x0D, 0x31, 0x71, 0x00, 0x0F, 0x31, 0x71, 0x00, 0x0D, 0x52, 0xAA,
    0x00, 0x00, 0x84, 0x10, 0x73, 0xAE, 0x84, 0x10, 0x8C, 0x71, 0x9C, 0xD3, 0xA5, 0x34, 0xAD, 0x55,
    0xB5, 0xB6, 0xB5, 0xB6, 0xBD, 0xF7, 0xBD, 0xD7, 0x00, 0x00, 0x84, 0x10, 0x73, 0xAE, 0x84, 0x10,
    0x8C, 0x71, 0x9C, 0xD3, 0xA5, 0x34, 0xAD, 0x55, 0xB5, 0xB6, 0xB5, 0xB6, 0xBD, 0xF7, 0xBD, 0xD7,
    0x00, 0x00, 0x84, 0x10, 0x73, 0xAE, 0x84, 0x10, 0x8C, 0x71, 0x9C, 0xD3, 0xA5, 0x34, 0xAD, 0x55,
    0xB5, 0xB6, 0xB5, 0xB6, 0xBD, 0xF7, 0xBD, 0xD7, 0x00, 0x00, 0x84, 0x10, 0x73, 0xAE, 0x84, 0x10,
    0x8C, 0x71, 0x9C, 0xD3, 0xA5, 0x34, 0xAD, 0x55, 0xB5, 0xB6, 0xB5, 0xB6, 0xBD, 0xF7, 0xBD, 0xD7,
    0x00, 0x00, 0x84, 0x10, 0x73, 0xAE, 0x84, 0x10, 0x8C, 0x71, 0x9C, 0xD3, 0xA5, 0x34, 0xAD, 0x55,
    0xB5, 0xB6, 0xB5, 0xB6, 0xBD, 0xF7, 0xBD, 0xD7, 0x00, 0x00, 0x84, 0x10, 0x73, 0xAE, 0x84, 0x10,
    0x8C, 0x71, 0x9C, 0xD3, 0xA5, 0x34, 0xAD, 0x55, 0xB5, 0xB6, 0xB5, 0xB6, 0xBD, 0xF7, 0xBD, 0xD7,
    0x00, 0x00, 0x84, 0x10, 0x73, 0xAE, 0x84, 0x10, 0x8C, 0x71, 0x9C, 0xD3, 0xA5, 0x34, 0xAD, 0x55,
    0xB5, 0xB6, 0xB5, 0xB6, 0xBD, 0xF7, 0xBD, 0xD7, 0x00, 0x00, 0x84, 0x10, 0x73, 0xAE, 0x84, 0x10,
    0x8C, 0x71, 0x9C, 0xD3, 0xA5, 0x34, 0xAD, 0x55, 0xB5, 0xB6, 0xB5, 0xB6, 0xBD, 0xF7, 0xBD, 0xD7,
    0x00, 0x00, 0x84, 0x10, 0x73, 0xAE, 0x84, 0x10, 0x8C, 0x71, 0x9C, 0xD3, 0xA5, 0x34, 0xAD, 0x55,
    0xB5, 0xB6, 0xB5, 0xB6, 0xBD, 0xF7, 0xBD, 0xD7, 0x08, 0x41, 0x52, 0xAA, 0x08, 0x2A, 0x31, 0x71,
    0x00, 0x2A, 0x31, 0x71, 0x08, 0x2A, 0x42, 0x19, 0x00, 0x0C, 0x00, 0x00, 0x00, 0x2B, 0x00, 0x00,
    0x6B, 0x3F, 0x00, 0x2A, 0x42, 0x18, 0x00, 0x0C, 0x00, 0x00, 0x00, 0x0C, 0x31, 0x91, 0x00, 0x0B,
    0x31, 0x91, 0x08, 0x2A, 0x31, 0x91, 0x08, 0x2A, 0x31, 0x91, 0x52, 0xAA, 0x00, 0x00, 0x84, 0x10,
    0x7B, 0xEF, 0x84, 0x30, 0x94, 0x92, 0x94, 0x92, 0x84, 0x10, 0x84, 0x30, 0xA5, 0x14, 0xBD, 0xF7,
    0xC6, 0x38, 0xBD, 0xF7, 0x00, 0x00, 0x84, 0x10, 0x7B, 0xEF, 0x84, 0x30, 0x94, 0x92, 0x94, 0x92,
    0x84, 0x10, 0x84, 0x30, 0xA5, 0x14, 0xBD, 0xF7, 0xC6, 0x38, 0xBD, 0xF7, 0x00, 0x00, 0x84, 0x10,
    0x7B, 0xEF, 0x84, 0x30, 0x94, 0x92, 0x94, 0x92, 0x84, 0x10, 0x84, 0x30, 0xA5, 0x14, 0xBD, 0xF7,
    0xC6, 0x38, 0xBD, 0xF7, 0x00, 0x00, 0x84, 0x10, 0x7B, 0xEF, 0x84, 0x30, 0x94, 0x92, 0x94, 0x92,
    0x84, 0x10, 0x84, 0x30, 0xA5, 0x14, 0xBD, 0xF7, 0xC6, 0x38, 0xBD, 0xF7, 0x00, 0x00, 0x84, 0x10,
    0x7B, 0xEF, 0x84, 0x30, 0x94, 0x92, 0x94, 0x92, 0x84, 0x10, 0x84, 0x30, 0xA5, 0x14, 0xBD, 0xF7,
    0xC6, 0x38, 0xBD, 0xF7, 0x00, 0x00, 0x84, 0x10, 0x6D, 0x0D, 0x7C, 0xCF, 0x94, 0x92, 0x94, 0x92,
    0x84, 0x10, 0x84, 0x30, 0xA5, 0x14, 0xBD, 0xF7, 0xC6, 0x38, 0xBD, 0xF7, 0x00, 0x00, 0x84, 0x10,
    0x7B, 0xEF, 0x84, 0x30, 0x94, 0x92, 0x94, 0x92, 0x84, 0x10, 0x84, 0x30, 0xA5, 0x14, 0xBD, 0xF7,
    0xC6, 0x38, 0xBD, 0xF7, 0x00, 0x00, 0x84, 0x10, 0x7B, 0xEF, 0x84, 0x30, 0x94, 0x92, 0x94, 0x92,
    0x84, 0x10, 0x84, 0x30, 0xA5, 0x14, 0xBD, 0xF7, 0xC6, 0x38, 0xBD, 0xF7, 0x00, 0x00, 0x84, 0x10,
    0x7B, 0xEF, 0x84, 0x30, 0x94, 0x92, 0x94, 0x92, 0x84, 0x10, 0x84, 0x30, 0xA5, 0x14, 0xBD, 0xF7,
    0xC6, 0x38, 0xBD, 0xF7, 0x00, 0x00, 0x52, 0xAA, 0x31, 0x91, 0x00, 0x0D, 0x31, 0x91, 0x00, 0x0E,
    0x31, 0x91, 0x00, 0x0D, 0x31, 0x91, 0x00, 0x0E, 0x31, 0x91, 0x00, 0x0E, 0x31, 0x91, 0x00, 0x0C,
    0x31, 0x91, 0x00, 0x2B, 0x31, 0x91, 0x00, 0x2B, 0x31, 0x91, 0x00, 0x2A, 0x31, 0x91, 0x00, 0x0C,
    0x31, 0x91, 0x00, 0x0C, 0x31, 0x91, 0x00, 0x0B, 0x31, 0x91, 0x08, 0x2A, 0x31, 0x91, 0x08, 0x2A,
    0x31, 0x91, 0x00, 0x2B, 0x31, 0x91, 0x00, 0x0C, 0x31, 0x91, 0x00, 0x2B, 0x31, 0x91, 0x00, 0x0B,
    0x31, 0x91, 0x00, 0x0B, 0x31, 0x91, 0x08, 0x2A, 0x31, 0x91, 0x00, 0x0C, 0x31, 0x91, 0x00, 0x0D,
    0x31, 0x91, 0x00, 0x2B, 0x31, 0x91, 0x00, 0x2B, 0x31, 0x91, 0x08, 0x2A, 0x31, 0x91, 0x00, 0x2B,
    0x31, 0x91, 0x00, 0x0D, 0x31, 0x91, 0x00, 0x0B, 0x31, 0x91, 0x00, 0x0B, 0x31, 0x91, 0x00, 0x0C,
    0x31, 0x91, 0x00, 0x0B, 0x31, 0x91, 0x00, 0x2B, 0x31, 0x91, 0x00, 0x0C, 0x31, 0x91, 0x00, 0x2B,
    0x31, 0x91, 0x00, 0x0C, 0x31, 0x91, 0x00, 0x0D, 0x31, 0x91, 0x00, 0x0E, 0x31, 0x91, 0x52, 0xAA,
    0x00, 0x00, 0x84, 0x10, 0x7B, 0xEF, 0x84, 0x30, 0x94, 0x92, 0x94, 0x92, 0x84, 0x10, 0x84, 0x30,
    0xA5, 0x14, 0xBD, 0xF7, 0xC6, 0x38, 0xBD, 0xF7, 0x00, 0x00, 0x84, 0x10, 0x7B, 0xEF, 0x84, 0x30,
    0x94, 0x92, 0x94, 0x92, 0x84, 0x10, 0x84, 0x30, 0xA5, 0x14, 0xBD, 0xF7, 0xC6, 0x38, 0xBD, 0xF7,
    0x00, 0x00, 0x84, 0x10, 0x7B, 0xEF, 0x84, 0x30, 0x94, 0x92, 0x94, 0x92, 0x84, 0x10, 0x84, 0x30,
    0xA5, 0x14, 0xBD, 0xF7, 0xC6, 0x38, 0xBD, 0xF7, 0x00, 0x00, 0x84, 0x10, 0x7B, 0xEF, 0x84, 0x30,
    0x94, 0x92, 0x94, 0x92, 0x84, 0x10, 0x84, 0x30, 0xA5, 0x14, 0xBD, 0xF7, 0xC6, 0x38, 0xBD, 0xF7,
    0x00, 0x00, 0x84, 0x10, 0x7B, 0xEF, 0x84, 0x30, 0x94, 0x92, 0x94, 0x92, 0x84, 0x10, 0x84, 0x30,
    0xA5, 0x14, 0xBD, 0xF7, 0xC6, 0x38, 0xBD, 0xF7, 0x00, 0x00, 0x84, 0x10, 0x7B, 0xEF, 0x84, 0x30,
    0x94, 0x92, 0x94, 0x92, 0x84, 0x10, 0x84, 0x30, 0xA5, 0x14, 0xBD, 0xF7, 0xC6, 0x38, 0xBD, 0xF7,
    0x00, 0x00, 0x84, 0x10, 0x7B, 0xEF, 0x84, 0x30, 0x94, 0x92, 0x94, 0x92, 0x84, 0x10, 0x84, 0x30,
    0xA5, 0x14, 0xBD, 0xF7, 0xC6, 0x38, 0xBD, 0xF7, 0x00, 0x00, 0x84, 0x10, 0x7B, 0xEF, 0x84, 0x30,
    0x94, 0x92, 0x94, 0x92, 0x84, 0x10, 0x84, 0x30, 0xA5, 0x14, 0xBD, 0xF7, 0xC6, 0x38, 0xBD, 0xF7,
    0x00, 0x00, 0x84, 0x10, 0x7B, 0xEF, 0x84, 0x30, 0x94, 0x92, 0x94, 0x92, 0x84, 0x10, 0x84, 0x30,
    0xA5, 0x14, 0xBD, 0xF7, 0xC6, 0x38, 0xBD, 0xF7, 0x00, 0x00, 0x52, 0xAA, 0x31, 0x91, 0x00, 0x2B,
    0x31, 0x91, 0x08, 0x2A, 0x31, 0x91, 0x00, 0x2B, 0x29, 0x4E, 0x00, 0x0D, 0x00, 0x00, 0x00, 0x0B,
    0x00, 0x2B, 0x4A, 0x5A, 0x00, 0x2B, 0x39, 0xB4, 0x00, 0x0B, 0x31, 0x91, 0x00, 0x0D, 0x31, 0x91,
    0x00, 0x0D, 0x31, 0x91, 0x08, 0x2A, 0x31, 0x91, 0x08, 0x2A, 0x52, 0xAA, 0x00, 0x00, 0x73, 0xAE,
    0x73, 0x8E, 0x7B, 0xCF, 0x7B, 0xEF, 0x63, 0x2C, 0x4A, 0x49, 0x39, 0xE7, 0x4A, 0x69, 0x8C, 0x51,
    0xBD, 0xF7, 0xB5, 0xB6, 0x00, 0x00, 0x73, 0xAE, 0x73, 0x8E, 0x7B, 0xCF, 0x7B, 0xEF, 0x63, 0x2C,
    0x4A, 0x49, 0x39, 0xE7, 0x4A, 0x69, 0x8C, 0x51, 0xBD, 0xF7, 0xB5, 0xB6, 0x00, 0x00, 0x73, 0xAE,
    0x73, 0x8E, 0x7B, 0xCF, 0x7B, 0xEF, 0x63, 0x2C, 0x4A, 0x49, 0x39, 0xE7, 0x4A, 0x69, 0x8C, 0x51,
    0xBD, 0xF7, 0xB5, 0xB6, 0x00, 0x00, 0x73, 0xAE, 0x73, 0x8E, 0x7B, 0xCF, 0x7B, 0xEF, 0x63, 0x0E,
    0x39, 0xEE, 0x31, 0xAA, 0x4A, 0x49, 0x8C, 0x51, 0xBD, 0xF7, 0xB5, 0xB6, 0x00, 0x00, 0x73, 0xAE,
    0x73, 0x8E, 0x7B, 0xCF, 0x7B, 0xEF, 0x73, 0x0B, 0x71, 0xE7, 0x51, 0xA6, 0x4A, 0x49, 0x8C, 0x51,
    0xBD, 0xF7, 0xB5, 0xB6, 0x00, 0x00, 0x73, 0xAE, 0x56, 0x4A, 0x47, 0x88, 0x65, 0xCC, 0x63, 0xAC,
    0x4A, 0x49, 0x39, 0xE7, 0x4A, 0x69, 0x8C, 0x51, 0xBD, 0xF7, 0xB5, 0xB6, 0x00, 0x00, 0x73, 0xAE,
    0x73, 0x8E, 0x7B, 0xCF, 0x7B, 0xEF, 0x63, 0x2C, 0x4A, 0x49, 0x39, 0xE7, 0x4A, 0x69, 0x8C, 0x51,
    0xBD, 0xF7, 0xB5, 0xB6, 0x00, 0x00, 0x73, 0xAE, 0x73, 0x8E, 0x7B, 0xCF, 0x7B, 0xEF, 0x63, 0x2C,
    0x4A, 0x49, 0x39, 0xE7, 0x4A, 0x69, 0x8C, 0x51, 0xBD, 0xF7, 0xB5, 0xB6, 0x00, 0x00, 0x73, 0xAE,
    0x73, 0x8E, 0x7B, 0xCF, 0x7B, 0xEF, 0x63, 0x2C, 0x4A, 0x49, 0x39, 0xE7, 0x4A, 0x69, 0x8C, 0x51,
    0xBD, 0xF7, 0xB5, 0xB6, 0x00, 0x00, 0x52, 0xAA, 0x08, 0x2A, 0x31, 0x91, 0x00, 0x2B, 0x31, 0x91,
    0x00, 0x0C, 0x31, 0x91, 0x00, 0x0C, 0x31, 0x91, 0x00, 0x0E, 0x31, 0x91, 0x00, 0x0D, 0x31, 0x91,
    0x00, 0x0D, 0x31, 0x91, 0x00, 0x0C, 0x31, 0x91, 0x00, 0x2B, 0x31, 0x91, 0x00, 0x2B, 0x31, 0x91,
    0x00, 0x0B, 0x31, 0x91, 0x00, 0x0D, 0x31, 0x91, 0x00, 0x0D, 0x31, 0x91, 0x08, 0x2A, 0x31, 0x91,
    0x08, 0x2A, 0x31, 0x91, 0x00, 0x0C, 0x31, 0x91, 0x00, 0x0E, 0x31, 0x91, 0x00, 0x0D, 0x31, 0x91,
    0x00, 0x0C, 0x31, 0x91, 0x00, 0x2B, 0x31, 0x91, 0x08, 0x2A, 0x31, 0x91, 0x00, 0x0D, 0x31, 0x91,
    0x00, 0x0D, 0x31, 0x91, 0x00, 0x0C, 0x31, 0x91, 0x00, 0x0C, 0x31, 0x91, 0x00, 0x2A, 0x31, 0x91,
    0x00, 0x0C, 0x31, 0x91, 0x00, 0x0D, 0x31, 0x91, 0x00, 0x0B, 0x31, 0x91, 0x08, 0x2A, 0x31, 0x91,
    0x08, 0x2A, 0x31, 0x91, 0x00, 0x2B, 0x31, 0x91, 0x00, 0x2B, 0x31, 0x91, 0x00, 0x2B, 0x31, 0x91,
    0x00, 0x0C, 0x31, 0x91, 0x08, 0x2A, 0x31, 0x91, 0x00, 0x2B, 0x31, 0x91, 0x00, 0x0C, 0x52, 0xAA,
    0x00, 0x00, 0x73, 0xAE, 0x73, 0x8E, 0x7B, 0xCF, 0x7B, 0xEF, 0x63, 0x2C, 0x4A, 0x49, 0x39, 0xE7,
    0x4A, 0x69, 0x8C, 0x51, 0xBD, 0xF7, 0xB5, 0xB6, 0x00, 0x00, 0x73, 0xAE, 0x73, 0x8E, 0x7B, 0xCF,
    0x7B, 0xEF, 0x63, 0x2C, 0x4A, 0x49, 0x39, 0xE7, 0x4A, 0x69, 0x8C, 0x51, 0xBD, 0xF7, 0xB5, 0xB6,
    0x00, 0x00, 0x73, 0xAE, 0x73, 0x8E, 0x7B, 0xCF, 0x7B, 0xEF, 0x63, 0x2C, 0x4A, 0x49, 0x39, 0xE7,
    0x4A, 0x69, 0x8C, 0x51, 0xBD, 0xF7, 0xB5, 0xB6, 0x00, 0x00, 0x73, 0xAE, 0x73, 0x8E, 0x7B, 0xCF,
    0x7B, 0xEF, 0x63, 0x2C, 0x4A, 0x49, 0x39, 0xE7, 0x4A, 0x69, 0x8C, 0x51, 0xBD, 0xF7, 0xB5, 0xB6,
    0x00, 0x00, 0x73, 0xAE, 0x73, 0x8E, 0x7B, 0xCF, 0x7B, 0xEF, 0x63, 0x2C, 0x4A, 0x49, 0x39, 0xE7,
    0x4A, 0x69, 0x8C, 0x51, 0xBD, 0xF7, 0xB5, 0xB6, 0x00, 0x00, 0x73, 0xAE, 0x73, 0x8E, 0x7B, 0xCF,
    0x7B, 0xEF, 0x63, 0x2C, 0x4A, 0x49, 0x39, 0xE7, 0x4A, 0x69, 0x8C, 0x51, 0xBD, 0xF7, 0xB5, 0xB6,
    0x00, 0x00, 0x73, 0xAE, 0x73, 0x8E, 0x7B, 0xCF, 0x7B, 0xEF, 0x63, 0x2C, 0x4A, 0x49, 0x39, 0xE7,
    0x4A, 0x69, 0x8C, 0x51, 0xBD, 0xF7, 0xB5, 0xB6, 0x00, 0x00, 0x73, 0xAE, 0x73, 0x8E, 0x7B, 0xCF,
    0x7B, 0xEF, 0x63, 0x2C, 0x4A, 0x49, 0x39, 0xE7, 0x4A, 0x69, 0x8C, 0x51, 0xBD, 0xF7, 0xB5, 0xB6,
    0x00, 0x00, 0x73, 0xAE, 0x73, 0x8E, 0x7B, 0xCF, 0x7B, 0xEF, 0x63, 0x2C, 0x4A, 0x49, 0x39, 0xE7,
    0x4A, 0x69, 0x8C, 0x51, 0xBD, 0xF7, 0xB5, 0xB6, 0x00, 0x00, 0x52, 0xAA, 0x00, 0x0C, 0x31, 0x91,
    0x00, 0x0C, 0x31, 0x91, 0x00, 0x2A, 0x4A, 0x39, 0x00, 0x0C, 0x00, 0x00, 0x00, 0x0D, 0x00, 0x00,
    0x73, 0x5F, 0x00, 0x2B, 0x4A, 0x39, 0x08, 0x2A, 0x00, 0x00, 0x00, 0x2B, 0x31, 0x92, 0x00, 0x0E,
    0x31, 0x92, 0x00, 0x0D, 0x31, 0x92, 0x00, 0x2B, 0x31, 0x92, 0x52, 0xAA, 0x00, 0x00, 0x6B, 0x6D,
    0x63, 0x2C, 0x84, 0x10, 0x8C, 0x51, 0x73, 0x8E, 0x4A, 0x49, 0x29, 0x65, 0x29, 0x45, 0x4A, 0x69,
    0xA5, 0x14, 0xB5, 0xB6, 0x00, 0x00, 0x6B, 0x6D, 0x63, 0x2C, 0x84, 0x10, 0x8C, 0x51, 0x73, 0x8E,
    0x4A, 0x49, 0x29, 0x65, 0x29, 0x45, 0x4A, 0x69, 0xA5, 0x14, 0xB5, 0xB6, 0x00, 0x00, 0x6B, 0x6D,
    0x63, 0x2C, 0x84, 0x10, 0x8C, 0x51, 0x73, 0x8E, 0x4A, 0x49, 0x29, 0x65, 0x29, 0x45, 0x4A, 0x69,
    0xA5, 0x14, 0xB5, 0xB6, 0x00, 0x00, 0x6B, 0x6D, 0x63, 0x2C, 0x84, 0x10, 0x7B, 0xB4, 0x63, 0x1B,
    0x42, 0x9B, 0x08, 0xFA, 0x08, 0x70, 0x4A, 0x49, 0xA5, 0x14, 0xB5, 0xB6, 0x00, 0x00, 0x6B, 0x6D,
    0x63, 0x2C, 0x84, 0x10, 0xB3, 0xAD, 0xEB, 0x0A, 0xF1, 0xE7, 0xD8, 0x22, 0x78, 0x62, 0x4A, 0x49,
    0xA5, 0x14, 0xB5, 0xB6, 0x00, 0x00, 0x6B, 0x6D, 0x4E, 0x29, 0x47, 0xE8, 0x47, 0xE8, 0x4F, 0x29,
    0x44, 0x48, 0x29, 0xC5, 0x29, 0x45, 0x4A, 0x69, 0xA5, 0x14, 0xB5, 0xB6, 0x00, 0x00, 0x6B, 0x6D,
    0x63, 0x2C, 0x84, 0x10, 0x8C, 0x51, 0x73, 0x8E, 0x4A, 0x49, 0x29, 0x65, 0x29, 0x45, 0x4A, 0x69,
    0xA5, 0x14, 0xB5, 0xB6, 0x00, 0x00, 0x6B, 0x6D, 0x63, 0x2C, 0x84, 0x10, 0x8C, 0x51, 0x73, 0x8E,
    0x4A, 0x49, 0x29, 0x65, 0x29, 0x45, 0x4A, 0x69, 0xA5, 0x14, 0xB5, 0xB6, 0x00, 0x00, 0x6B, 0x6D,
    0x63, 0x2C, 0x84, 0x10, 0x8C, 0x51, 0x73, 0x8E, 0x4A, 0x49, 0x29, 0x65, 0x29, 0x45, 0x4A, 0x69,
    0xA5, 0x14, 0xB5, 0xB6, 0x00, 0x00, 0x52, 0xAA, 0x31, 0x92, 0x00, 0x2B, 0x31, 0x92, 0x08, 0x2A,
    0x31, 0x92, 0x00, 0x2B, 0x31, 0x92, 0x00, 0x2B, 0x31, 0x92, 0x00, 0x0C, 0x31, 0x92, 0x00, 0x2B,
    0x31, 0x92, 0x00, 0x0C, 0x31, 0x92, 0x00, 0x0B, 0x31, 0x92, 0x00, 0x2B, 0x31, 0x92, 0x08, 0x2A,
    0x31, 0x92, 0x00, 0x2B, 0x31, 0x92, 0x00, 0x0E, 0x31, 0x92, 0x00, 0x0D, 0x31, 0x92, 0x00, 0x2B,
    0x31, 0x92, 0x00, 0x2B, 0x31, 0x92, 0x00, 0x0E, 0x31, 0x92, 0x00, 0x0E, 0x31, 0x92, 0x00, 0x0E,
    0x31, 0x92, 0x00, 0x0C, 0x31, 0x92, 0x00, 0x2A, 0x31, 0x92, 0x08, 0x2A, 0x31, 0x92, 0x00, 0x0C,
    0x31, 0x92, 0x00, 0x0D, 0x31, 0x92, 0x00, 0x0D, 0x31, 0x92, 0x00, 0x0C, 0x31, 0x92, 0x00, 0x2B,
    0x31, 0x92, 0x00, 0x2B, 0x31, 0x92, 0x00, 0x0B, 0x31, 0x92, 0x00, 0x2B, 0x31, 0x92, 0x08, 0x2A,
    0x31, 0x92, 0x00, 0x2A, 0x31, 0x92, 0x08, 0x2A, 0x31, 0x92, 0x08, 0x2A, 0x31, 0x92, 0x00, 0x0C,
    0x31, 0x92, 0x00, 0x0D, 0x31, 0x92, 0x00, 0x2B, 0x31, 0x92, 0x08, 0x2A, 0x31, 0x92, 0x52, 0xAA,
    0x00, 0x00, 0x6B, 0x6D, 0x63, 0x2C, 0x84, 0x10, 0x8C, 0x51, 0x73, 0x8E, 0x4A, 0x49, 0x29, 0x65,
    0x29, 0x45, 0x4A, 0x69, 0xA5, 0x14, 0xB5, 0xB6, 0x00, 0x00, 0x6B, 0x6D, 0x63, 0x2C, 0x84, 0x10,
    0x8C, 0x51, 0x73, 0x8E, 0x4A, 0x49, 0x29, 0x65, 0x29, 0x45, 0x4A, 0x69, 0xA5, 0x14, 0xB5, 0xB6,
    0x00, 0x00, 0x6B, 0x6D, 0x63, 0x2C, 0x84, 0x10, 0x8C, 0x51, 0x73, 0x8E, 0x4A, 0x49, 0x29, 0x65,
    0x29, 0x45, 0x4A, 0x69, 0xA5, 0x14, 0xB5, 0xB6, 0x00, 0x00, 0x6B, 0x6D, 0x63, 0x2C, 0x84, 0x10,
    0x8C, 0x51, 0x73, 0x8E, 0x4A, 0x49, 0x29, 0x65, 0x29, 0x45, 0x4A, 0x69, 0xA5, 0x14, 0xB5, 0xB6,
    0x00, 0x00, 0x6B, 0x6D, 0x63, 0x2C, 0x84, 0x10, 0x8C, 0x51, 0x73, 0x8E, 0x4A, 0x49, 0x29, 0x65,
    0x29, 0x45, 0x4A, 0x69, 0xA5, 0x14, 0xB5, 0xB6, 0x00, 0x00, 0x6B, 0x6D, 0x63, 0x2C, 0x84, 0x10,
    0x8C, 0x51, 0x73, 0x8E, 0x4A, 0x49, 0x29, 0x65, 0x29, 0x45, 0x4A, 0x69, 0xA5, 0x14, 0xB5, 0xB6,
    0x00, 0x00, 0x6B, 0x6D, 0x63, 0x2C, 0x84, 0x10, 0x8C, 0x51, 0x73, 0x8E, 0x4A, 0x49, 0x29, 0x65,
    0x29, 0x45, 0x4A, 0x69, 0xA5, 0x14, 0xB5, 0xB6, 0x00, 0x00, 0x6B, 0x6D, 0x63, 0x2C, 0x84, 0x10,
    0x8C, 0x51, 0x73, 0x8E, 0x4A, 0x49, 0x29, 0x65, 0x29, 0x45, 0x4A, 0x69, 0xA5, 0x14, 0xB5, 0xB6,
    0x00, 0x00, 0x6B, 0x6D, 0x63, 0x2C, 0x84, 0x10, 0x8C, 0x51, 0x73, 0x8E, 0x4A, 0x49, 0x29, 0x65,
    0x29, 0x45, 0x4A, 0x69, 0xA5, 0x14, 0xB5, 0xB6, 0x00, 0x00, 0x52, 0xAA, 0x31, 0x92, 0x00, 0x0D,
    0x31, 0x92, 0x00, 0x0C, 0x31, 0x92, 0x00, 0x2B, 0x29, 0x4F, 0x00, 0x2B, 0x00, 0x00, 0x00, 0x0B,
    0x00, 0x0C, 0x52, 0x7B, 0x00, 0x2B, 0x39, 0xD4, 0x08, 0x2A, 0x31, 0x92, 0x00, 0x2B, 0x31, 0x92,
    0x00, 0x0D, 0x31, 0x92, 0x00, 0x0D, 0x31, 0x92, 0x00, 0x0B, 0x52, 0xAA, 0x00, 0x00, 0x63, 0x0C,
    0x5A, 0xCB, 0x9C, 0xF3, 0xAD, 0x55, 0x9C, 0xD3, 0x5A, 0xCB, 0x18, 0xC3, 0x29, 0x65, 0x39, 0xE7,
    0x84, 0x30, 0xAD, 0x55, 0x00, 0x00, 0x63, 0x0C, 0x5A, 0xCB, 0x9C, 0xF3, 0xAD, 0x55, 0x9C, 0xD3,
    0x5A, 0xCB, 0x18, 0xC3, 0x29, 0x65, 0x39, 0xE7, 0x84, 0x30, 0xAD, 0x55, 0x00, 0x00, 0x63, 0x0C,
    0x5A, 0xCB, 0x9C, 0xF3, 0xAD, 0x55, 0x9C, 0xD3, 0x5A, 0xCB, 0x18, 0xC3, 0x29, 0x65, 0x39, 0xE7,
    0x84, 0x30, 0xAD, 0x55, 0x00, 0x00, 0x63, 0x0C, 0x5A, 0xCB, 0x8C, 0x54, 0x63, 0x1B, 0x86, 0xD4,
    0x47, 0xA9, 0x3F, 0x89, 0x2D, 0x4D, 0x35, 0x49, 0x5E, 0x8B, 0x6E, 0xED, 0x2C, 0xE5, 0x4E, 0x09,
    0x4D, 0xE9, 0x66, 0x8B, 0x86, 0x08, 0x87, 0x2D, 0x86, 0x8B, 0x85, 0x26, 0x6C, 0xE5, 0x4D, 0x46,
    0x5E, 0x8B, 0x6E, 0xED, 0x2C, 0xE5, 0x4E, 0x09, 0x47, 0x28, 0x47, 0xE8, 0x47, 0xE8, 0x47, 0xE8,
    0x47, 0xC8, 0x36, 0x06, 0x33, 0x06, 0x3A, 0x07, 0x84, 0x30, 0xAD, 0x55, 0x00, 0x00, 0x63, 0x0C,
    0x5A, 0xCB, 0x9C, 0xF3, 0xAD, 0x55, 0x9C, 0xD3, 0x5A, 0xCB, 0x18, 0xC3, 0x29, 0x65, 0x39, 0xE7,
    0x84, 0x30, 0xAD, 0x55, 0x00, 0x00, 0x63, 0x0C, 0x5A, 0xCB, 0x9C, 0xF3, 0xAD, 0x55, 0x9C, 0xD3,
    0x5A, 0xCB, 0x18, 0xC3, 0x29, 0x65, 0x39, 0xE7, 0x84, 0x30, 0xAD, 0x55, 0x00, 0x00, 0x63, 0x0C,
    0x5A, 0xCB, 0x9C, 0xF3, 0xAD, 0x55, 0x9C, 0xD3, 0x5A, 0xCB, 0x18, 0xC3, 0x29, 0x65, 0x39, 0xE7,
    0x84, 0x30, 0xAD, 0x55, 0x00, 0x00, 0x52, 0xAA, 0x00, 0x0C, 0x31, 0x92, 0x08, 0x2A, 0x31, 0x92,
    0x08, 0x2A, 0x31, 0x92, 0x00, 0x2B, 0x31, 0x92, 0x00, 0x2B, 0x31, 0x92, 0x00, 0x2A, 0x31, 0x92,
    0x08, 0x2A, 0x31, 0x92, 0x00, 0x2B, 0x31, 0x92, 0x00, 0x0C, 0x31, 0x92, 0x00, 0x2B, 0x31, 0x92,
    0x08, 0x2A, 0x31, 0x92, 0x00, 0x2B, 0x31, 0x92, 0x00, 0x0D, 0x31, 0x92, 0x00, 0x0D, 0x31, 0x92,
    0x00, 0x0B, 0x31, 0x92, 0x00, 0x0C, 0x31, 0x92, 0x00, 0x0C, 0x31, 0x92, 0x00, 0x0D, 0x31, 0x92,
    0x00, 0x0E, 0x31, 0x92, 0x00, 0x0D, 0x31, 0x92, 0x00, 0x2B, 0x31, 0x92, 0x08, 0x2A, 0x31, 0x92,
    0x00, 0x2B, 0x31, 0x92, 0x00, 0x0B, 0x31, 0x92, 0x00, 0x0C, 0x31, 0x92, 0x00, 0x0C, 0x31, 0x92,
    0x00, 0x2B, 0x31, 0x92, 0x08, 0x2A, 0x31, 0x92, 0x00, 0x2B, 0x31, 0x92, 0x00, 0x0C, 0x31, 0x92,
    0x00, 0x2B, 0x31, 0x92, 0x00, 0x0C, 0x31, 0x92, 0x08, 0x2A, 0x31, 0x92, 0x08, 0x2A, 0x31, 0x92,
    0x00, 0x0D, 0x31, 0x92, 0x00, 0x0C, 0x31, 0x92, 0x08, 0x2A, 0x31, 0x92, 0x08, 0x2A, 0x52, 0xAA,
    0x00, 0x00, 0x63, 0x0C, 0x5A, 0xCB, 0x9C, 0xF3, 0xAD, 0x55, 0x9C, 0xD3, 0x5A, 0xCB, 0x18, 0xC3,
    0x29, 0x65, 0x39, 0xE7, 0x84, 0x30, 0xAD, 0x55, 0x00, 0x00, 0x63, 0x0C, 0x5A, 0xCB, 0x9C, 0xF3,
    0xAD, 0x55, 0x9C, 0xD3, 0x5A, 0xCB, 0x18, 0xC3, 0x29, 0x65, 0x39, 0xE7, 0x84, 0x30, 0xAD, 0x55,
    0x00, 0x00, 0x63, 0x0C, 0x5A, 0xCB, 0x9C, 0xF3, 0xAD, 0x55, 0x9C, 0xD3, 0x5A, 0xCB, 0x18, 0xC3,
    0x29, 0x65, 0x39, 0xE7, 0x84, 0x30, 0xAD, 0x55, 0x00, 0x00, 0x63, 0x0C, 0x5A, 0xCB, 0x9C, 0xF3,
    0xAD, 0x55, 0x9C, 0xD3, 0x5A, 0xCB, 0x18, 0xC3, 0x29, 0x65, 0x39, 0xE7, 0x84, 0x30, 0xAD, 0x55,
    0x00, 0x00, 0x63, 0x0C, 0x5A, 0xCB, 0x9C, 0xF3, 0xAD, 0x55, 0x9C, 0xD3, 0x5A, 0xCB, 0x18, 0xC3,
    0x29, 0x65, 0x39, 0xE7, 0x84, 0x30, 0xAD, 0x55, 0x00, 0x00, 0x63, 0x0C, 0x5A, 0xCB, 0x9C, 0xF3,
    0xAD, 0x55, 0x9C, 0xD3, 0x5A, 0xCB, 0x18, 0xC3, 0x29, 0x65, 0x39, 0xE7, 0x84, 0x30, 0xAD, 0x55,
    0x00, 0x00, 0x63, 0x0C, 0x5A, 0xCB, 0x9C, 0xF3, 0xAD, 0x55, 0x9C, 0xD3, 0x5A, 0xCB, 0x18, 0xC3,
    0x29, 0x65, 0x39, 0xE7, 0x84, 0x30, 0xAD, 0x55, 0x00, 0x00, 0x63, 0x0C, 0x5A, 0xCB, 0x9C, 0xF3,
    0xAD, 0x55, 0x9C, 0xD3, 0x5A, 0xCB, 0x18, 0xC3, 0x29, 0x65, 0x39, 0xE7, 0x84, 0x30, 0xAD, 0x55,
    0x00, 0x00, 0x63, 0x0C, 0x5A, 0xCB, 0x9C, 0xF3, 0xAD, 0x55, 0x9C, 0xD3, 0x5A, 0xCB, 0x18, 0xC3,
    0x29, 0x65, 0x39, 0xE7, 0x84, 0x30, 0xAD, 0x55, 0x00, 0x00, 0x52, 0xAA, 0x00, 0x0B, 0x31, 0x92,
    0x00, 0x0C, 0x31, 0x92, 0x00, 0x0C, 0x4A, 0x5A, 0x00, 0x2B, 0x00, 0x00, 0x08, 0x2A, 0x00, 0x00,
    0x73, 0x7F, 0x00, 0x0D, 0x4A, 0x59, 0x00, 0x2B, 0x00, 0x00, 0x08, 0x2A, 0x31, 0xB2, 0x00, 0x2B,
    0x31, 0xB2, 0x00, 0x0C, 0x31, 0xB2, 0x00, 0x0D, 0x31, 0xB2, 0x52, 0xAA, 0x00, 0x00, 0x5A, 0xEB,
    0x5A, 0xCB, 0xAD, 0x55, 0xBD, 0xF7, 0xCE, 0x79, 0xB5, 0x96, 0x5A, 0xCB, 0x4A, 0x49, 0x4A, 0x49,
    0x84, 0x10, 0xA5, 0x34, 0x00, 0x00, 0x5A, 0xEB, 0x5A, 0xCB, 0xAD, 0x55, 0xBD, 0xF7, 0xCE, 0x79,
    0xB5, 0x96, 0x5A, 0xCB, 0x4A, 0x49, 0x4A, 0x49, 0x84, 0x10, 0xA5, 0x34, 0x00, 0x00, 0x5A, 0xEB,
    0x5A, 0xCB, 0xAD, 0x55, 0xBD, 0xF7, 0xCE, 0x79, 0xB5, 0x96, 0x5A, 0xCB, 0x4A, 0x49, 0x4A, 0x49,
    0x84, 0x10, 0xA5, 0x34, 0x00, 0x00, 0x5A, 0xEB, 0x5A, 0xCB, 0x73, 0xB6, 0x39, 0xDE, 0x5E, 0xAF,
    0x47, 0xE8, 0x47, 0xE8, 0x47, 0xE8, 0x47, 0xE8, 0x47, 0xE8, 0x47, 0xE8, 0x47, 0xE8, 0x47, 0xE8,
    0x47, 0xE8, 0x47, 0xE8, 0x47, 0xE8, 0x47, 0xE8, 0x47, 0xE8, 0x47, 0xE8, 0x47, 0xE8, 0x47, 0xE8,
    0x47, 0xE8, 0x47, 0xE8, 0x47, 0xE8, 0x47, 0xE8, 0x47, 0xE8, 0x47, 0xE8, 0x47, 0xE8, 0x47, 0xE8,
    0x47, 0xE8, 0x47, 0xE8, 0x47, 0x48, 0x44, 0x08, 0x84, 0x10, 0xA5, 0x34, 0x00, 0x00, 0x5A, 0xEB,
    0x5A, 0xCB, 0xAD, 0x55, 0xBD, 0xF7, 0xCE, 0x79, 0xB5, 0x96, 0x5A, 0xCB, 0x4A, 0x49, 0x4A, 0x49,
    0x84, 0x10, 0xA5, 0x34, 0x00, 0x00, 0x5A, 0xEB, 0x5A, 0xCB, 0xAD, 0x55, 0xBD, 0xF7, 0xCE, 0x79,
    0xB5, 0x96, 0x5A, 0xCB, 0x4A, 0x49, 0x4A, 0x49, 0x84, 0x10, 0xA5, 0x34, 0x00, 0x00, 0x5A, 0xEB,
    0x5A, 0xCB, 0xAD, 0x55, 0xBD, 0xF7, 0xCE, 0x79, 0xB5, 0x96, 0x5A, 0xCB, 0x4A, 0x49, 0x4A, 0x49,
    0x84, 0x10, 0xA5, 0x34, 0x00, 0x00, 0x52, 0xAA, 0x31, 0xB2, 0x08, 0x2A, 0x31, 0xB2, 0x08, 0x2A,
    0x31, 0xB2, 0x00, 0x2B, 0x31, 0xB2, 0x00, 0x0C, 0x31, 0xB2, 0x00, 0x2B, 0x31, 0xB2, 0x08, 0x2A,
    0x31, 0xB2, 0x08, 0x2A, 0x31, 0xB2, 0x00, 0x0C, 0x31, 0xB2, 0x00, 0x0D, 0x31, 0xB2, 0x00, 0x2B,
    0x31, 0xB2, 0x08, 0x2A, 0x31, 0xB2, 0x00, 0x2B, 0x31, 0xB2, 0x00, 0x0C, 0x31, 0xB2, 0x00, 0x0D,
    0x31, 0xB2, 0x00, 0x0B, 0x31, 0xB2, 0x00, 0x0C, 0x31, 0xB2, 0x00, 0x2B, 0x31, 0xB2, 0x00, 0x0C,
    0x31, 0xB2, 0x00, 0x0D, 0x31, 0xB2, 0x00, 0x0D, 0x31, 0xB2, 0x00, 0x2B, 0x31, 0xB2, 0x00, 0x2A,
    0x31, 0xB2, 0x00, 0x0C, 0x31, 0xB2, 0x00, 0x2A, 0x31, 0xB2, 0x00, 0x2B, 0x31, 0xB2, 0x00, 0x2B,
    0x31, 0xB2, 0x00, 0x2B, 0x31, 0xB2, 0x08, 0x2A, 0x31, 0xB2, 0x00, 0x0C, 0x31, 0xB2, 0x00, 0x0C,
    0x31, 0xB2, 0x00, 0x0C, 0x31, 0xB2, 0x00, 0x0C, 0x31, 0xB2, 0x08, 0x2A, 0x31, 0xB2, 0x00, 0x2A,
    0x31, 0xB2, 0x00, 0x0D, 0x31, 0xB2, 0x08, 0x2A, 0x31, 0xB2, 0x08, 0x2A, 0x31, 0xB2, 0x52, 0xAA,
    0x00, 0x00, 0x5A, 0xEB, 0x5A, 0xCB, 0xAD, 0x55, 0xBD, 0xF7, 0xCE, 0x79, 0xB5, 0x96, 0x5A, 0xCB,
    0x4A, 0x49, 0x4A, 0x49, 0x84, 0x10, 0xA5, 0x34, 0x00, 0x00, 0x5A, 0xEB, 0x5A, 0xCB, 0xAD, 0x55,
    0xBD, 0xF7, 0xCE, 0x79, 0xB5, 0x96, 0x5A, 0xCB, 0x4A, 0x49, 0x4A, 0x49, 0x84, 0x10, 0xA5, 0x34,
    0x00, 0x00, 0x5A, 0xEB, 0x5A, 0xCB, 0xAD, 0x55, 0xBD, 0xF7, 0xCE, 0x79, 0xB5, 0x96, 0x5A, 0xCB,
    0x4A, 0x49, 0x4A, 0x49, 0x84, 0x10, 0xA5, 0x34, 0x00, 0x00, 0x5A, 0xEB, 0x5A, 0xCB, 0xAD, 0x55,
    0xBD, 0xF7, 0xCE, 0x79, 0xB5, 0x96, 0x5A, 0xCB, 0x4A, 0x49, 0x4A, 0x49, 0x84, 0x10, 0xA5, 0x34,
    0x00, 0x00, 0x5A, 0xEB, 0x5A, 0xCB, 0xAD, 0x55, 0xBD, 0xF7, 0xCE, 0x79, 0xB5, 0x96, 0x5A, 0xCB,
    0x4A, 0x49, 0x4A, 0x49, 0x84, 0x10, 0xA5, 0x34, 0x00, 0x00, 0x5A, 0xEB, 0x5A, 0xCB, 0xAD, 0x55,
    0xBD, 0xF7, 0xCE, 0x79, 0xB5, 0x96, 0x5A, 0xCB, 0x4A, 0x49, 0x4A, 0x49, 0x84, 0x10, 0xA5, 0x34,
    0x00, 0x00, 0x5A, 0xEB, 0x5A, 0xCB, 0xAD, 0x55, 0xBD, 0xF7, 0xCE, 0x79, 0xB5, 0x96, 0x5A, 0xCB,
    0x4A, 0x49, 0x4A, 0x49, 0x84, 0x10, 0xA5, 0x34, 0x00, 0x00, 0x5A, 0xEB, 0x5A, 0xCB, 0xAD, 0x55,
    0xBD, 0xF7, 0xCE, 0x79, 0xB5, 0x96, 0x5A, 0xCB, 0x4A, 0x49, 0x4A, 0x49, 0x84, 0x10, 0xA5, 0x34,
    0x00, 0x00, 0x5A, 0xEB, 0x5A, 0xCB, 0xAD, 0x55, 0xBD, 0xF7, 0xCE, 0x79, 0xB5, 0x96, 0x5A, 0xCB,
    0x4A, 0x49, 0x4A, 0x49, 0x84, 0x10, 0xA5, 0x34, 0x00, 0x00, 0x52, 0xAA, 0x31, 0xB2, 0x00, 0x2A,
    0x31, 0xB2, 0x00, 0x2B, 0x31, 0xB2, 0x00, 0x2B, 0x29, 0x4F, 0x00, 0x2B, 0x00, 0x00, 0x08, 0x2A,
    0x00, 0x0D, 0x52, 0x7B, 0x00, 0x0D, 0x39, 0xF5, 0x00, 0x2B, 0x39, 0xB2, 0x00, 0x2B, 0x39, 0xB2,
    0x00, 0x2B, 0x39, 0xB2, 0x00, 0x0C, 0x39, 0xB2, 0x00, 0x0C, 0x52, 0xAA, 0x00, 0x00, 0x52, 0x8A,
    0x4A, 0x69, 0xA5, 0x14, 0xD6, 0x9A, 0xE7, 0x1C, 0xCE, 0x79, 0x9C, 0xD3, 0x73, 0x8E, 0x63, 0x2C,
    0x94, 0x92, 0x9C, 0xD3, 0x00, 0x00, 0x52, 0x8A, 0x4A, 0x69, 0xA5, 0x14, 0xD6, 0x9A, 0xE7, 0x1C,
    0xCE, 0x79, 0x9C, 0xD3, 0x73, 0x8E, 0x63, 0x2C, 0x94, 0x92, 0x9C, 0xD3, 0x00, 0x00, 0x52, 0x8A,
    0x4A, 0x69, 0xA5, 0x14, 0xD6, 0x9A, 0xE7, 0x1C, 0xCE, 0x79, 0x9C, 0xD3, 0x73, 0x8E, 0x63, 0x2C,
    0x94, 0x92, 0x9C, 0xD3, 0x00, 0x00, 0x52, 0x8A, 0x4A, 0x69, 0x73, 0xB4, 0x00, 0x3D, 0x35, 0x30,
    0x47, 0xE8, 0x3F, 0x69, 0x47, 0xE8, 0x3E, 0x8A, 0x6D, 0xED, 0x75, 0xEE, 0x1B, 0x03, 0x4C, 0x89,
    0x4C, 0x89, 0x7D, 0x4C, 0xA3, 0x24, 0xAB, 0x65, 0xAB, 0x45, 0x93, 0x04, 0x73, 0x04, 0x5C, 0x29,
    0x75, 0xCE, 0x75, 0xEE, 0x1B, 0x03, 0x4C, 0x89, 0x46, 0xA8, 0x47, 0xE8, 0x47, 0xE8, 0x47, 0xE8,
    0x4F, 0xE9, 0x5E, 0xEB, 0x64, 0xAC, 0x63, 0x4C, 0x94, 0x92, 0x9C, 0xD3, 0x00, 0x00, 0x52, 0x8A,
    0x4A, 0x69, 0xA5, 0x14, 0xD6, 0x9A, 0xE7, 0x1C, 0xCE, 0x79, 0x9C, 0xD3, 0x73, 0x8E, 0x63, 0x2C,
    0x94, 0x92, 0x9C, 0xD3, 0x00, 0x00, 0x52, 0x8A, 0x4A, 0x69, 0xA5, 0x14, 0xD6, 0x9A, 0xE7, 0x1C,
    0xCE, 0x79, 0x9C, 0xD3, 0x73, 0x8E, 0x63, 0x2C, 0x94, 0x92, 0x9C, 0xD3, 0x00, 0x00, 0x52, 0x8A,
    0x4A, 0x69, 0xA5, 0x14, 0xD6, 0x9A, 0xE7, 0x1C, 0xCE, 0x79, 0x9C, 0xD3, 0x73, 0x8E, 0x63, 0x2C,
    0x94, 0x92, 0x9C, 0xD3, 0x00, 0x00, 0x52, 0xAA, 0x00, 0x0C, 0x39, 0xB2, 0x08, 0x2A, 0x39, 0xB2,
    0x08, 0x2A, 0x39, 0xB2, 0x00, 0x0C, 0x39, 0xB2, 0x00, 0x0C, 0x39, 0xB2, 0x00, 0x0C, 0x39, 0xB2,
    0x08, 0x2A, 0x39, 0xB2, 0x00, 0x2B, 0x39, 0xB2, 0x00, 0x0D, 0x39, 0xB2, 0x00, 0x0D, 0x39, 0xB2,
    0x00, 0x2B, 0x39, 0xB2, 0x00, 0x2B, 0x39, 0xB2, 0x00, 0x2B, 0x39, 0xB2, 0x00, 0x0C, 0x39, 0xB2,
    0x00, 0x0C, 0x39, 0xB2, 0x00, 0x2B, 0x39, 0xB2, 0x00, 0x0B, 0x39, 0xB2, 0x00, 0x2B, 0x39, 0xB2,
    0x00, 0x0B, 0x39, 0xB2, 0x00, 0x0C, 0x39, 0xB2, 0x00, 0x0C, 0x39, 0xB2, 0x00, 0x0C, 0x39, 0xB2,
    0x00, 0x0C, 0x39, 0xB2, 0x00, 0x0C, 0x39, 0xB2, 0x08, 0x2A, 0x39, 0xB2, 0x00, 0x2B, 0x39, 0xB2,
    0x00, 0x0C, 0x39, 0xB2, 0x00, 0x2B, 0x39, 0xB2, 0x08, 0x2A, 0x39, 0xB2, 0x00, 0x0C, 0x39, 0xB2,
    0x00, 0x0C, 0x39, 0xB2, 0x00, 0x0C, 0x39, 0xB2, 0x00, 0x0C, 0x39, 0xB2, 0x00, 0x2B, 0x39, 0xB2,
    0x00, 0x2B, 0x39, 0xB2, 0x00, 0x0C, 0x39, 0xB2, 0x08, 0x2A, 0x39, 0xB2, 0x08, 0x2A, 0x52, 0xAA,
    0x00, 0x00, 0x52, 0x8A, 0x4A, 0x69, 0xA5, 0x14, 0xD6, 0x9A, 0xE7, 0x1C, 0xCE, 0x79, 0x9C, 0xD3,
    0x73, 0x8E, 0x63, 0x2C, 0x94, 0x92, 0x9C, 0xD3, 0x00, 0x00, 0x52, 0x8A, 0x4A, 0x69, 0xA5, 0x14,
    0xD6, 0x9A, 0xE7, 0x1C, 0xCE, 0x79, 0x9C, 0xD3, 0x73, 0x8E, 0x63, 0x2C, 0x94, 0x92, 0x9C, 0xD3,
    0x00, 0x00, 0x52, 0x8A, 0x4A, 0x69, 0xA5, 0x14, 0xD6, 0x9A, 0xE7, 0x1C, 0xCE, 0x79, 0x9C, 0xD3,
    0x73, 0x8E, 0x63, 0x2C, 0x94, 0x92, 0x9C, 0xD3, 0x00, 0x00, 0x52, 0x8A, 0x4A, 0x69, 0xA5, 0x14,
    0xD6, 0x9A, 0xE7, 0x1C, 0xCE, 0x79, 0x9C, 0xD3, 0x73, 0x8E, 0x63, 0x2C, 0x94, 0x92, 0x9C, 0xD3,
    0x00, 0x00, 0x52, 0x8A, 0x4A, 0x69, 0xA5, 0x14, 0xD6, 0x9A, 0xE7, 0x1C, 0xCE, 0x79, 0x9C, 0xD3,
    0x73, 0x8E, 0x63, 0x2C, 0x94, 0x92, 0x9C, 0xD3, 0x00, 0x00, 0x52, 0x8A, 0x4A, 0x69, 0xA5, 0x14,
    0xD6, 0x9A, 0xE7, 0x1C, 0xCE, 0x79, 0x9C, 0xD3, 0x73, 0x8E, 0x63, 0x2C, 0x94, 0x92, 0x9C, 0xD3,
    0x00, 0x00, 0x52, 0x8A, 0x4A, 0x69, 0xA5, 0x14, 0xD6, 0x9A, 0xE7, 0x1C, 0xCE, 0x79, 0x9C, 0xD3,
    0x73, 0x8E, 0x63, 0x2C, 0x94, 0x92, 0x9C, 0xD3, 0x00, 0x00, 0x52, 0x8A, 0x4A, 0x69, 0xA5, 0x14,
    0xD6, 0x9A, 0xE7, 0x1C, 0xCE, 0x79, 0x9C, 0xD3, 0x73, 0x8E, 0x63, 0x2C, 0x94, 0x92, 0x9C, 0xD3,
    0x00, 0x00, 0x52, 0x8A, 0x4A, 0x69, 0xA5, 0x14, 0xD6, 0x9A, 0xE7, 0x1C, 0xCE, 0x79, 0x9C, 0xD3,
    0x73, 0x8E, 0x63, 0x2C, 0x94, 0x92, 0x9C, 0xD3, 0x00, 0x00, 0x52, 0xAA, 0x00, 0x0C, 0x39, 0xB2,
    0x08, 0x2A, 0x39, 0xB2, 0x00, 0x2B, 0x52, 0x7A, 0x00, 0x0C, 0x00, 0x00, 0x00, 0x2B, 0x00, 0x00,
    0x7B, 0xBF, 0x00, 0x0D, 0x4A, 0x5A, 0x00, 0x0C, 0x00, 0x00, 0x00, 0x2B, 0x39, 0xB2, 0x00, 0x2B,
    0x39, 0xB2, 0x00, 0x2B, 0x39, 0xB2, 0x00, 0x0C, 0x39, 0xB2, 0x52, 0xAA, 0x00, 0x00, 0x4A, 0x69,
    0x42, 0x08, 0x6B, 0x6D, 0xBD, 0xF7, 0xD6, 0x9A, 0xBD, 0xF7, 0xAD, 0x55, 0x8C, 0x51, 0x7B, 0xEF,
    0x94, 0x92, 0x8C, 0x71, 0x00, 0x00, 0x4A, 0x69, 0x42, 0x08, 0x6B, 0x6D, 0xBD, 0xF7, 0xD6, 0x9A,
    0xBD, 0xF7, 0xAD, 0x55, 0x8C, 0x51, 0x7B, 0xEF, 0x94, 0x92, 0x8C, 0x71, 0x00, 0x00, 0x4A, 0x69,
    0x42, 0x08, 0x6B, 0x6D, 0xBD, 0xF7, 0xD6, 0x9A, 0xBD, 0xF7, 0xAD, 0x55, 0x8C, 0x51, 0x7B, 0xEF,
    0x94, 0x92, 0x8C, 0x71, 0x00, 0x00, 0x4A, 0x69, 0x42, 0x08, 0x6B, 0x6D, 0x31, 0xB7, 0x2C, 0xEE,
    0x47, 0xE8, 0x2D, 0x8B, 0x3E, 0xE9, 0x47, 0xE8, 0x66, 0x8C, 0x8C, 0x91, 0x00, 0x00, 0x4A, 0x69,
    0x42, 0x08, 0x6B, 0x6D, 0xB1, 0xA8, 0xB0, 0x01, 0xB0, 0x01, 0x90, 0x22, 0x79, 0x09, 0x7B, 0x6E,
    0x94, 0x92, 0x8C, 0x71, 0x00, 0x00, 0x4A, 0x69, 0x45, 0xA8, 0x47, 0xE8, 0x47, 0xE8, 0x67, 0x8C,
    0x9E, 0x93, 0xA5, 0x54, 0x8C, 0x51, 0x7B, 0xEF, 0x94, 0x92, 0x8C, 0x71, 0x00, 0x00, 0x4A, 0x69,
    0x42, 0x08, 0x6B, 0x6D, 0xBD, 0xF7, 0xD6, 0x9A, 0xBD, 0xF7, 0xAD, 0x55, 0x8C, 0x51, 0x7B, 0xEF,
    0x94, 0x92, 0x8C, 0x71, 0x00, 0x00, 0x4A, 0x69, 0x42, 0x08, 0x6B, 0x6D, 0xBD, 0xF7, 0xD6, 0x9A,
    0xBD, 0xF7, 0xAD, 0x55, 0x8C, 0x51, 0x7B, 0xEF, 0x94, 0x92, 0x8C, 0x71, 0x00, 0x00, 0x4A, 0x69,
    0x42, 0x08, 0x6B, 0x6D, 0xBD, 0xF7, 0xD6, 0x9A, 0xBD, 0xF7, 0xAD, 0x55, 0x8C, 0x51, 0x7B, 0xEF,
    0x94, 0x92, 0x8C, 0x71, 0x00, 0x00, 0x52, 0xAA, 0x39, 0xB2, 0x00, 0x0C, 0x39, 0xB2, 0x08, 0x2A,
    0x39, 0xB2, 0x00, 0x0C, 0x39, 0xB2, 0x00, 0x0C, 0x39, 0xB2, 0x00, 0x0D, 0x39, 0xB2, 0x00, 0x0C,
    0x39, 0xB2, 0x08, 0x2A, 0x39, 0xB2, 0x00, 0x0B, 0x39, 0xB2, 0x00, 0x0D, 0x39, 0xB2, 0x00, 0x0C,
    0x39, 0xB2, 0x00, 0x2B, 0x39, 0xB2, 0x00, 0x2B, 0x39, 0xB2, 0x00, 0x2B, 0x39, 0xB2, 0x00, 0x0C,
    0x39, 0xB2, 0x00, 0x0B, 0x39, 0xB2, 0x00, 0x2B, 0x39, 0xB2, 0x00, 0x0C, 0x39, 0xB2, 0x00, 0x2B,
    0x39, 0xB2, 0x00, 0x2B, 0x39, 0xB2, 0x00, 0x2B, 0x39, 0xB2, 0x00, 0x0C, 0x39, 0xB2, 0x00, 0x0C,
    0x39, 0xB2, 0x00, 0x0E, 0x39, 0xB2, 0x00, 0x0D, 0x39, 0xB2, 0x00, 0x2B, 0x39, 0xB2, 0x00, 0x0C,
    0x39, 0xB2, 0x00, 0x0D, 0x39, 0xB2, 0x00, 0x2A, 0x39, 0xB2, 0x08, 0x2A, 0x39, 0xB2, 0x00, 0x0C,
    0x39, 0xB2, 0x00, 0x0C, 0x39, 0xB2, 0x00, 0x0C, 0x39, 0xB2, 0x00, 0x0C, 0x39, 0xB2, 0x00, 0x0C,
    0x39, 0xB2, 0x00, 0x0C, 0x39, 0xB2, 0x00, 0x0C, 0x39, 0xB2, 0x08, 0x2A, 0x39, 0xB2, 0x52, 0xAA,
    0x00, 0x00, 0x4A, 0x69, 0x42, 0x08, 0x6B, 0x6D, 0xBD, 0xF7, 0xD6, 0x9A, 0xBD, 0xF7, 0xAD, 0x55,
    0x8C, 0x51, 0x7B, 0xEF, 0x94, 0x92, 0x8C, 0x71, 0x00, 0x00, 0x4A, 0x69, 0x42, 0x08, 0x6B, 0x6D,
    0xBD, 0xF7, 0xD6, 0x9A, 0xBD, 0xF7, 0xAD, 0x55, 0x8C, 0x51, 0x7B, 0xEF, 0x94, 0x92, 0x8C, 0x71,
    0x00, 0x00, 0x4A, 0x69, 0x42, 0x08, 0x6B, 0x6D, 0xBD, 0xF7, 0xD6, 0x9A, 0xBD, 0xF7, 0xAD, 0x55,
    0x8C, 0x51, 0x7B, 0xEF, 0x94, 0x92, 0x8C, 0x71, 0x00, 0x00, 0x4A, 0x69, 0x42, 0x08, 0x6B, 0x6D,
    0xBD, 0xF7, 0xD6, 0x9A, 0xBD, 0xF7, 0xAD, 0x55, 0x8C, 0x51, 0x7B, 0xEF, 0x94, 0x92, 0x8C, 0x71,
    0x00, 0x00, 0x4A, 0x69, 0x42, 0x08, 0x6B, 0x6D, 0xBD, 0xF7, 0xD6, 0x9A, 0xBD, 0xF7, 0xAD, 0x55,
    0x8C, 0x51, 0x7B, 0xEF, 0x94, 0x92, 0x8C, 0x71, 0x00, 0x00, 0x4A, 0x69, 0x42, 0x08, 0x6B, 0x6D,
    0xBD, 0xF7, 0xD6, 0x9A, 0xBD, 0xF7, 0xAD, 0x55, 0x8C, 0x51, 0x7B, 0xEF, 0x94, 0x92, 0x8C, 0x71,
    0x00, 0x00, 0x4A, 0x69, 0x42, 0x08, 0x6B, 0x6D, 0xBD, 0xF7, 0xD6, 0x9A, 0xBD, 0xF7, 0xAD, 0x55,
    0x8C, 0x51, 0x7B, 0xEF, 0x94, 0x92, 0x8C, 0x71, 0x00, 0x00, 0x4A, 0x69, 0x42, 0x08, 0x6B, 0x6D,
    0xBD, 0xF7, 0xD6, 0x9A, 0xBD, 0xF7, 0xAD, 0x55, 0x8C, 0x51, 0x7B, 0xEF, 0x94, 0x92, 0x8C, 0x71,
    0x00, 0x00, 0x4A, 0x69, 0x42, 0x08, 0x6B, 0x6D, 0xBD, 0xF7, 0xD6, 0x9A, 0xBD, 0xF7, 0xAD, 0x55,
    0x8C, 0x51, 0x7B, 0xEF, 0x94, 0x92, 0x8C, 0x71, 0x00, 0x00, 0x52, 0xAA, 0x39, 0xB2, 0x00, 0x0D,
    0x39, 0xB2, 0x00, 0x2B, 0x39, 0xB2, 0x00, 0x0C, 0x31, 0x6F, 0x00, 0x0D, 0x00, 0x00, 0x00, 0x2A,
    0x00, 0x2B, 0x52, 0x9C, 0x00, 0x2B, 0x41, 0xF5, 0x00, 0x2B, 0x39, 0xB3, 0x00, 0x2B, 0x39, 0xB3,
    0x08, 0x2A, 0x39, 0xB3, 0x08, 0x2A, 0x39, 0xB3, 0x00, 0x0B, 0x52, 0xAA, 0x00, 0x00, 0x42, 0x08,
    0x39, 0xE7, 0x42, 0x28, 0x6B, 0x6D, 0xA5, 0x14, 0xAD, 0x55, 0x9C, 0xF3, 0x84, 0x10, 0x7B, 0xCF,
    0x84, 0x30, 0x84, 0x10, 0x00, 0x00, 0x42, 0x08, 0x39, 0xE7, 0x42, 0x28, 0x6B, 0x6D, 0xA5, 0x14,
    0xAD, 0x55, 0x9C, 0xF3, 0x84, 0x10, 0x7B, 0xCF, 0x84, 0x30, 0x84, 0x10, 0x00, 0x00, 0x42, 0x08,
    0x39, 0xE7, 0x42, 0x28, 0x6B, 0x6D, 0xA5, 0x14, 0xAD, 0x55, 0x9C, 0xF3, 0x84, 0x10, 0x7B, 0xCF,
    0x84, 0x30, 0x84, 0x10, 0x00, 0x00, 0x42, 0x08, 0x39, 0xE7, 0x42, 0x28, 0x6B, 0x4D, 0x45, 0xCB,
    0x47, 0xE8, 0x45, 0xCC, 0x5C, 0x8E, 0x4F, 0x69, 0x47, 0xE8, 0x5E, 0x4B, 0x00, 0x60, 0x42, 0x08,
    0x39, 0xE7, 0x42, 0x28, 0x6B, 0x4D, 0x8A, 0x29, 0x89, 0xC8, 0x82, 0x2C, 0x7B, 0x4E, 0x7B, 0xCF,
    0x84, 0x30, 0x84, 0x10, 0x00, 0x00, 0x42, 0x08, 0x3D, 0x67, 0x46, 0x88, 0x5D, 0x0B, 0x9D, 0x33,
    0xAD, 0x55, 0x9C, 0xF3, 0x84, 0x10, 0x7B, 0xCF, 0x84, 0x30, 0x84, 0x10, 0x00, 0x00, 0x42, 0x08,
    0x39, 0xE7, 0x42, 0x28, 0x6B, 0x6D, 0xA5, 0x14, 0xAD, 0x55, 0x9C, 0xF3, 0x84, 0x10, 0x7B, 0xCF,
    0x84, 0x30, 0x84, 0x10, 0x00, 0x00, 0x42, 0x08, 0x39, 0xE7, 0x42, 0x28, 0x6B, 0x6D, 0xA5, 0x14,
    0xAD, 0x55, 0x9C, 0xF3, 0x84, 0x10, 0x7B, 0xCF, 0x84, 0x30, 0x84, 0x10, 0x00, 0x00, 0x42, 0x08,
    0x39, 0xE7, 0x42, 0x28, 0x6B, 0x6D, 0xA5, 0x14, 0xAD, 0x55, 0x9C, 0xF3, 0x84, 0x10, 0x7B, 0xCF,
    0x84, 0x30, 0x84, 0x10, 0x00, 0x00, 0x52, 0xAA, 0x00, 0x0D, 0x39, 0xB3, 0x00, 0x0C, 0x39, 0xB3,
    0x00, 0x0C, 0x39, 0xB3, 0x00, 0x0C, 0x39, 0xB3, 0x00, 0x0C, 0x39, 0xB3, 0x00, 0x0E, 0x39, 0xB3,
    0x00, 0x0C, 0x39, 0xB3, 0x00, 0x2B, 0x39, 0xB3, 0x00, 0x2B, 0x39, 0xB3, 0x00, 0x2B, 0x39, 0xB3,
    0x00, 0x2B, 0x39, 0xB3, 0x00, 0x2B, 0x39, 0xB3, 0x08, 0x2A, 0x39, 0xB3, 0x08, 0x2A, 0x39, 0xB3,
    0x00, 0x0B, 0x39, 0xB3, 0x00, 0x0B, 0x39, 0xB3, 0x00, 0x0C, 0x39, 0xB3, 0x00, 0x0D, 0x39, 0xB3,
    0x00, 0x2B, 0x39, 0xB3, 0x08, 0x2A, 0x39, 0xB3, 0x00, 0x0B, 0x39, 0xB3, 0x00, 0x0C, 0x39, 0xB3,
    0x00, 0x0D, 0x39, 0xB3, 0x00, 0x0E, 0x39, 0xB3, 0x00, 0x0C, 0x39, 0xB3, 0x00, 0x0B, 0x39, 0xB3,
    0x00, 0x0D, 0x39, 0xB3, 0x00, 0x0D, 0x39, 0xB3, 0x08, 0x2A, 0x39, 0xB3, 0x08, 0x2A, 0x39, 0xB3,
    0x00, 0x0C, 0x39, 0xB3, 0x00, 0x0C, 0x39, 0xB3, 0x00, 0x0C, 0x39, 0xB3, 0x00, 0x0C, 0x39, 0xB3,
    0x00, 0x0C, 0x39, 0xB3, 0x00, 0x0D, 0x39, 0xB3, 0x00, 0x0C, 0x39, 0xB3, 0x00, 0x0C, 0x52, 0xAA,
    0x00, 0x00, 0x42, 0x08, 0x39, 0xE7, 0x42, 0x28, 0x6B, 0x6D, 0xA5, 0x14, 0xAD, 0x55, 0x9C, 0xF3,
    0x84, 0x10, 0x7B, 0xCF, 0x84, 0x30, 0x84, 0x10, 0x00, 0x00, 0x42, 0x08, 0x39, 0xE7, 0x42, 0x28,
    0x6B, 0x6D, 0xA5, 0x14, 0xAD, 0x55, 0x9C, 0xF3, 0x84, 0x10, 0x7B, 0xCF, 0x84, 0x30, 0x84, 0x10,
    0x00, 0x00, 0x42, 0x08, 0x39, 0xE7, 0x42, 0x28, 0x6B, 0x6D, 0xA5, 0x14, 0xAD, 0x55, 0x9C, 0xF3,
    0x84, 0x10, 0x7B, 0xCF, 0x84, 0x30, 0x84, 0x10, 0x00, 0x00, 0x42, 0x08, 0x39, 0xE7, 0x42, 0x28,
    0x6B, 0x6D, 0xA5, 0x14, 0xAD, 0x55, 0x9C, 0xF3, 0x84, 0x10, 0x7B, 0xCF, 0x84, 0x30, 0x84, 0x10,
    0x00, 0x00, 0x42, 0x08, 0x39, 0xE7, 0x42, 0x28, 0x6B, 0x6D, 0xA5, 0x14, 0xAD, 0x55, 0x9C, 0xF3,
    0x84, 0x10, 0x7B, 0xCF, 0x84, 0x30, 0x84, 0x10, 0x00, 0x00, 0x42, 0x08, 0x39, 0xE7, 0x42, 0x28,
    0x6B, 0x6D, 0xA5, 0x14, 0xAD, 0x55, 0x9C, 0xF3, 0x84, 0x10, 0x7B, 0xCF, 0x84, 0x30, 0x84, 0x10,
    0x00, 0x00, 0x42, 0x08, 0x39, 0xE7, 0x42, 0x28, 0x6B, 0x6D, 0xA5, 0x14, 0xAD, 0x55, 0x9C, 0xF3,
    0x84, 0x10, 0x7B, 0xCF, 0x84, 0x30, 0x84, 0x10, 0x00, 0x00, 0x42, 0x08, 0x39, 0xE7, 0x42, 0x28,
    0x6B, 0x6D, 0xA5, 0x14, 0xAD, 0x55, 0x9C, 0xF3, 0x84, 0x10, 0x7B, 0xCF, 0x84, 0x30, 0x84, 0x10,
    0x00, 0x00, 0x42, 0x08, 0x39, 0xE7, 0x42, 0x28, 0x6B, 0x6D, 0xA5, 0x14, 0xAD, 0x55, 0x9C, 0xF3,
    0x84, 0x10, 0x7B, 0xCF, 0x84, 0x30, 0x84, 0x10, 0x00, 0x00, 0x52, 0xAA, 0x00, 0x0E, 0x39, 0xB3,
    0x00, 0x0C, 0x39, 0xB3, 0x00, 0x0B, 0x52, 0x7B, 0x00, 0x0D, 0x00, 0x00, 0x00, 0x0D, 0x00, 0x00,
    0x7B, 0xDF, 0x08, 0x2A, 0x52, 0x7A, 0x00, 0x2B, 0x00, 0x00, 0x00, 0x2B, 0x39, 0xD3, 0x00, 0x2B,
    0x39, 0xD3, 0x08, 0x2A, 0x39, 0xD3, 0x00, 0x2B, 0x39, 0xD3, 0x52, 0xAA, 0x00, 0x00, 0x39, 0xE7,
    0x31, 0xA6, 0x39, 0xE7, 0x42, 0x08, 0x4A, 0x69, 0x5A, 0xCB, 0x5A, 0xCB, 0x63, 0x2C, 0x73, 0x8E,
    0x7B, 0xEF, 0x73, 0xAE, 0x00, 0x00, 0x39, 0xE7, 0x31, 0xA6, 0x39, 0xE7, 0x42, 0x08, 0x4A, 0x69,
    0x5A, 0xCB, 0x5A, 0xCB, 0x63, 0x2C, 0x73, 0x8E, 0x7B, 0xEF, 0x73, 0xAE, 0x00, 0x00, 0x39, 0xE7,
    0x31, 0xA6, 0x39, 0xE7, 0x42, 0x08, 0x4A, 0x69, 0x5A, 0xCB, 0x5A, 0xCB, 0x63, 0x2C, 0x73, 0x8E,
    0x7B, 0xEF, 0x73, 0xAE, 0x00, 0x00, 0x39, 0xE7, 0x31, 0xA6, 0x39, 0xE7, 0x42, 0x08, 0x45, 0xC8,
    0x47, 0xE8, 0x4D, 0xE9, 0x63, 0x2C, 0x64, 0xAC, 0x4F, 0x69, 0x47, 0xE8, 0x24, 0xA4, 0x3A, 0x47,
    0x31, 0xA6, 0x39, 0xE7, 0x42, 0x08, 0x4A, 0x69, 0x5A, 0xCB, 0x5A, 0xCB, 0x63, 0x2C, 0x73, 0x8E,
    0x7B, 0xEF, 0x73, 0xAE, 0x00, 0x00, 0x39, 0xE7, 0x32, 0x46, 0x3A, 0x27, 0x42, 0x08, 0x4A, 0x69,
    0x5A, 0xCB, 0x5A, 0xCB, 0x63, 0x2C, 0x73, 0x8E, 0x7B, 0xEF, 0x73, 0xAE, 0x00, 0x00, 0x39, 0xE7,
    0x31, 0xA6, 0x39, 0xE7, 0x42, 0x08, 0x4A, 0x69, 0x5A, 0xCB, 0x5A, 0xCB, 0x63, 0x2C, 0x73, 0x8E,
    0x7B, 0xEF, 0x73, 0xAE, 0x00, 0x00, 0x39, 0xE7, 0x31, 0xA6, 0x39, 0xE7, 0x42, 0x08, 0x4A, 0x69,
    0x5A, 0xCB, 0x5A, 0xCB, 0x63, 0x2C, 0x73, 0x8E, 0x7B, 0xEF, 0x73, 0xAE, 0x00, 0x00, 0x39, 0xE7,
    0x31, 0xA6, 0x39, 0xE7, 0x42, 0x08, 0x4A, 0x69, 0x5A, 0xCB, 0x5A, 0xCB, 0x63, 0x2C, 0x73, 0x8E,
    0x7B, 0xEF, 0x73, 0xAE, 0x00, 0x00, 0x52, 0xAA, 0x39, 0xD3, 0x00, 0x0D, 0x39, 0xD3, 0x00, 0x0C,
    0x39, 0xD3, 0x00, 0x0C, 0x39, 0xD3, 0x00, 0x0C, 0x39, 0xD3, 0x00, 0x0D, 0x39, 0xD3, 0x00, 0x0E,
    0x39, 0xD3, 0x00, 0x2B, 0x39, 0xD3, 0x00, 0x2B, 0x39, 0xD3, 0x08, 0x2A, 0x39, 0xD3, 0x00, 0x2B,
    0x39, 0xD3, 0x00, 0x2B, 0x39, 0xD3, 0x00, 0x2B, 0x39, 0xD3, 0x08, 0x2A, 0x39, 0xD3, 0x00, 0x2B,
    0x39, 0xD3, 0x00, 0x2B, 0x39, 0xD3, 0x00, 0x2B, 0x39, 0xD3, 0x00, 0x0D, 0x39, 0xD3, 0x00, 0x0D,
    0x39, 0xD3, 0x00, 0x0C, 0x39, 0xD3, 0x00, 0x2A, 0x39, 0xD3, 0x00, 0x2B, 0x39, 0xD3, 0x00, 0x2B,
    0x39, 0xD3, 0x00, 0x0B, 0x39, 0xD3, 0x00, 0x0C, 0x39, 0xD3, 0x00, 0x2B, 0x39, 0xD3, 0x00, 0x0C,
    0x39, 0xD3, 0x00, 0x0E, 0x39, 0xD3, 0x00, 0x0C, 0x39, 0xD3, 0x08, 0x2A, 0x39, 0xD3, 0x00, 0x2B,
    0x39, 0xD3, 0x00, 0x0C, 0x39, 0xD3, 0x00, 0x2B, 0x39, 0xD3, 0x00, 0x0B, 0x39, 0xD3, 0x00, 0x2B,
    0x39, 0xD3, 0x00, 0x0C, 0x39, 0xD3, 0x00, 0x0D, 0x39, 0xD3, 0x00, 0x0C, 0x39, 0xD3, 0x52, 0xAA,
    0x00, 0x00, 0x39, 0xE7, 0x31, 0xA6, 0x39, 0xE7, 0x42, 0x08, 0x4A, 0x69, 0x5A, 0xCB, 0x5A, 0xCB,
    0x63, 0x2C, 0x73, 0x8E, 0x7B, 0xEF, 0x73, 0xAE, 0x00, 0x00, 0x39, 0xE7, 0x31, 0xA6, 0x39, 0xE7,
    0x42, 0x08, 0x4A, 0x69, 0x5A, 0xCB, 0x5A, 0xCB, 0x63, 0x2C, 0x73, 0x8E, 0x7B, 0xEF, 0x73, 0xAE,
    0x00, 0x00, 0x39, 0xE7, 0x31, 0xA6, 0x39, 0xE7, 0x42, 0x08, 0x4A, 0x69, 0x5A, 0xCB, 0x5A, 0xCB,
    0x63, 0x2C, 0x73, 0x8E, 0x7B, 0xEF, 0x73, 0xAE, 0x00, 0x00, 0x39, 0xE7, 0x31, 0xA6, 0x39, 0xE7,
    0x42, 0x08, 0x4A, 0x69, 0x5A, 0xCB, 0x5A, 0xCB, 0x63, 0x2C, 0x73, 0x8E, 0x7B, 0xEF, 0x73, 0xAE,
    0x00, 0x00, 0x39, 0xE7, 0x31, 0xA6, 0x39, 0xE7, 0x42, 0x08, 0x4A, 0x69, 0x5A, 0xCB, 0x5A, 0xCB,
    0x63, 0x2C, 0x73, 0x8E, 0x7B, 0xEF, 0x73, 0xAE, 0x00, 0x00, 0x39, 0xE7, 0x31, 0xA6, 0x39, 0xE7,
    0x42, 0x08, 0x4A, 0x69, 0x5A, 0xCB, 0x5A, 0xCB, 0x63, 0x2C, 0x73, 0x8E, 0x7B, 0xEF, 0x73, 0xAE,
    0x00, 0x00, 0x39, 0xE7, 0x31, 0xA6, 0x39, 0xE7, 0x42, 0x08, 0x4A, 0x69, 0x5A, 0xCB, 0x5A, 0xCB,
    0x63, 0x2C, 0x73, 0x8E, 0x7B, 0xEF, 0x73, 0xAE, 0x00, 0x00, 0x39, 0xE7, 0x31, 0xA6, 0x39, 0xE7,
    0x42, 0x08, 0x4A, 0x69, 0x5A, 0xCB, 0x5A, 0xCB, 0x63, 0x2C, 0x73, 0x8E, 0x7B, 0xEF, 0x73, 0xAE,
    0x00, 0x00, 0x39, 0xE7, 0x31, 0xA6, 0x39, 0xE7, 0x42, 0x08, 0x4A, 0x69, 0x5A, 0xCB, 0x5A, 0xCB,
    0x63, 0x2C, 0x73, 0x8E, 0x7B, 0xEF, 0x73, 0xAE, 0x00, 0x00, 0x52, 0xAA, 0x39, 0xD3, 0x00, 0x0C,
    0x39, 0xD3, 0x00, 0x2B, 0x39, 0xD3, 0x00, 0x0C, 0x31, 0x70, 0x00, 0x0E, 0x00, 0x00, 0x00, 0x0C,
    0x00, 0x2B, 0x5A, 0xBD, 0x00, 0x0B, 0x42, 0x16, 0x00, 0x2B, 0x39, 0xD3, 0x00, 0x0C, 0x39, 0xD3,
    0x00, 0x0B, 0x39, 0xD3, 0x08, 0x2A, 0x39, 0xD3, 0x00, 0x2B, 0x52, 0xAA, 0x00, 0x00, 0x42, 0x28,
    0x39, 0xE7, 0x42, 0x08, 0x4A, 0x69, 0x52, 0x8A, 0x5A, 0xEB, 0x63, 0x0C, 0x6B, 0x6D, 0x73, 0xAE,
    0x84, 0x10, 0x84, 0x10, 0x00, 0x00, 0x42, 0x28, 0x39, 0xE7, 0x42, 0x08, 0x4A, 0x69, 0x52, 0x8A,
    0x5A, 0xEB, 0x63, 0x0C, 0x6B, 0x6D, 0x73, 0xAE, 0x84, 0x10, 0x84, 0x10, 0x00, 0x00, 0x42, 0x28,
    0x39, 0xE7, 0x42, 0x08, 0x4A, 0x69, 0x52, 0x8A, 0x5A, 0xEB, 0x63, 0x0C, 0x6B, 0x6D, 0x73, 0xAE,
    0x84, 0x10, 0x84, 0x10, 0x00, 0x00, 0x42, 0x28, 0x39, 0xE7, 0x42, 0x08, 0x4A, 0x69, 0x45, 0xE8,
    0x47, 0xE8, 0x4E, 0x09, 0x6B, 0x6D, 0x73, 0xAE, 0x6D, 0x0D, 0x4F, 0x69, 0x3F, 0xE7, 0x45, 0x88,
    0x3A, 0x27, 0x42, 0x08, 0x4A, 0x69, 0x52, 0x8A, 0x5A, 0xEB, 0x63, 0x0C, 0x6B, 0x6D, 0x73, 0xAE,
    0x84, 0x10, 0x84, 0x10, 0x00, 0x00, 0x42, 0x28, 0x39, 0xE7, 0x42, 0x08, 0x4A, 0x69, 0x52, 0x8A,
    0x5A, 0xEB, 0x63, 0x0C, 0x6B, 0x6D, 0x73, 0xAE, 0x84, 0x10, 0x84, 0x10, 0x00, 0x00, 0x42, 0x28,
    0x39, 0xE7, 0x42, 0x08, 0x4A, 0x69, 0x52, 0x8A, 0x5A, 0xEB, 0x63, 0x0C, 0x6B, 0x6D, 0x73, 0xAE,
    0x84, 0x10, 0x84, 0x10, 0x00, 0x00, 0x42, 0x28, 0x39, 0xE7, 0x42, 0x08, 0x4A, 0x69, 0x52, 0x8A,
    0x5A, 0xEB, 0x63, 0x0C, 0x6B, 0x6D, 0x73, 0xAE, 0x84, 0x10, 0x84, 0x10, 0x00, 0x00, 0x42, 0x28,
    0x39, 0xE7, 0x42, 0x08, 0x4A, 0x69, 0x52, 0x8A, 0x5A, 0xEB, 0x63, 0x0C, 0x6B, 0x6D, 0x73, 0xAE,
    0x84, 0x10, 0x84, 0x10, 0x00, 0x00, 0x52, 0xAA, 0x00, 0x0C, 0x39, 0xD3, 0x00, 0x0C, 0x39, 0xD3,
    0x00, 0x0C, 0x39, 0xD3, 0x00, 0x0C, 0x39, 0xD3, 0x00, 0x0B, 0x39, 0xD3, 0x00, 0x0D, 0x39, 0xD3,
    0x00, 0x0D, 0x39, 0xD3, 0x00, 0x2B, 0x39, 0xD3, 0x00, 0x2B, 0x39, 0xD3, 0x00, 0x0B, 0x39, 0xD3,
    0x00, 0x2B, 0x39, 0xD3, 0x00, 0x0C, 0x39, 0xD3, 0x00, 0x0B, 0x39, 0xD3, 0x08, 0x2A, 0x39, 0xD3,
    0x00, 0x2B, 0x39, 0xD3, 0x08, 0x2A, 0x39, 0xD3, 0x00, 0x0C, 0x39, 0xD3, 0x00, 0x0D, 0x39, 0xD3,
    0x00, 0x0D, 0x39, 0xD3, 0x00, 0x0C, 0x39, 0xD3, 0x00, 0x2A, 0x39, 0xD3, 0x08, 0x2A, 0x39, 0xD3,
    0x08, 0x2A, 0x39, 0xD3, 0x08, 0x2A, 0x39, 0xD3, 0x08, 0x2A, 0x39, 0xD3, 0x00, 0x2B, 0x39, 0xD3,
    0x00, 0x0C, 0x39, 0xD3, 0x00, 0x0E, 0x39, 0xD3, 0x00, 0x2B, 0x39, 0xD3, 0x08, 0x2A, 0x39, 0xD3,
    0x00, 0x0B, 0x39, 0xD3, 0x00, 0x2B, 0x39, 0xD3, 0x00, 0x2B, 0x39, 0xD3, 0x08, 0x2A, 0x39, 0xD3,
    0x00, 0x2B, 0x39, 0xD3, 0x00, 0x0C, 0x39, 0xD3, 0x00, 0x0C, 0x39, 0xD3, 0x00, 0x0C, 0x52, 0xAA,
    0x00, 0x00, 0x42, 0x28, 0x39, 0xE7, 0x42, 0x08, 0x4A, 0x69, 0x52, 0x8A, 0x5A, 0xEB, 0x63, 0x0C,
    0x6B, 0x6D, 0x73, 0xAE, 0x84, 0x10, 0x84, 0x10, 0x00, 0x00, 0x42, 0x28, 0x39, 0xE7, 0x42, 0x08,
    0x4A, 0x69, 0x52, 0x8A, 0x5A, 0xEB, 0x63, 0x0C, 0x6B, 0x6D, 0x73, 0xAE, 0x84, 0x10, 0x84, 0x10,
    0x00, 0x00, 0x42, 0x28, 0x39, 0xE7, 0x42, 0x08, 0x4A, 0x69, 0x52, 0x8A, 0x5A, 0xEB, 0x63, 0x0C,
    0x6B, 0x6D, 0x73, 0xAE, 0x84, 0x10, 0x84, 0x10, 0x00, 0x00, 0x42, 0x28, 0x39, 0xE7, 0x42, 0x08,
    0x4A, 0x69, 0x52, 0x8A, 0x5A, 0xEB, 0x63, 0x0C, 0x6B, 0x6D, 0x73, 0xAE, 0x84, 0x10, 0x84, 0x10,
    0x00, 0x00, 0x42, 0x28, 0x39, 0xE7, 0x42, 0x08, 0x4A, 0x69, 0x52, 0x8A, 0x5A, 0xEB, 0x63, 0x0C,
    0x6B, 0x6D, 0x73, 0xAE, 0x84, 0x10, 0x84, 0x10, 0x00, 0x00, 0x42, 0x28, 0x39, 0xE7, 0x42, 0x08,
    0x4A, 0x69, 0x52, 0x8A, 0x5A, 0xEB, 0x63, 0x0C, 0x6B, 0x6D, 0x73, 0xAE, 0x84, 0x10, 0x84, 0x10,
    0x00, 0x00, 0x42, 0x28, 0x39, 0xE7, 0x42, 0x08, 0x4A, 0x69, 0x52, 0x8A, 0x5A, 0xEB, 0x63, 0x0C,
    0x6B, 0x6D, 0x73, 0xAE, 0x84, 0x10, 0x84, 0x10, 0x00, 0x00, 0x42, 0x28, 0x39, 0xE7, 0x42, 0x08,
    0x4A, 0x69, 0x52, 0x8A, 0x5A, 0xEB, 0x63, 0x0C, 0x6B, 0x6D, 0x73, 0xAE, 0x84, 0x10, 0x84, 0x10,
    0x00, 0x00, 0x42, 0x28, 0x39, 0xE7, 0x42, 0x08, 0x4A, 0x69, 0x52, 0x8A, 0x5A, 0xEB, 0x63, 0x0C,
    0x6B, 0x6D, 0x73, 0xAE, 0x84, 0x10, 0x84, 0x10, 0x00, 0x00, 0x52, 0xAA, 0x08, 0x2A, 0x39, 0xD3,
    0x08, 0x2A, 0x39, 0xD3, 0x00, 0x2B, 0x52, 0x9B, 0x00, 0x0C, 0x00, 0x00, 0x00, 0x0E, 0x00, 0x00,
    0x83, 0xFF, 0x00, 0x0C, 0x52, 0x9B, 0x00, 0x0C, 0x00, 0x00, 0x00, 0x0C, 0x39, 0xD3, 0x00, 0x0E,
    0x39, 0xD3, 0x00, 0x0B, 0x39, 0xD3, 0x00, 0x2B, 0x39, 0xD3, 0x52, 0xAA, 0x00, 0x00, 0x00, 0x00,
    0x00, 0x00, 0x00, 0x00, 0x00, 0x00, 0x00, 0x00, 0x00, 0x00, 0x00, 0x00, 0x00, 0x00, 0x00, 0x00,
    0x00, 0x00, 0x00, 0x00, 0x00, 0x00, 0x00, 0x00, 0x00, 0x00, 0x00, 0x00, 0x00, 0x00, 0x00, 0x00,
    0x00, 0x00, 0x00, 0x00, 0x00, 0x00, 0x00, 0x00, 0x00, 0x00, 0x00, 0x00, 0x00, 0x00, 0x00, 0x00,
    0x00, 0x00, 0x00, 0x00, 0x00, 0x00, 0x00, 0x00, 0x00, 0x00, 0x00, 0x00, 0x00, 0x00, 0x00, 0x00,
    0x00, 0x00, 0x00, 0x00, 0x00, 0x00, 0x00, 0x00, 0x00, 0x00, 0x00, 0x00, 0x00, 0x00, 0x2C, 0xE5,
    0x47, 0xE8, 0x2C, 0xE5, 0x00, 0x00, 0x00, 0x00, 0x00, 0x00, 0x12, 0x02, 0x36, 0xE6, 0x3F, 0xC7,
    0x1B, 0x63, 0x00, 0x00, 0x00, 0x00, 0x00, 0x00, 0x00, 0x00, 0x00, 0x00, 0x00, 0x00, 0x00, 0x00,
    0x00, 0x00, 0x00, 0x00, 0x00, 0x00, 0x00, 0x00, 0x00, 0x00, 0x00, 0x00, 0x00, 0x00, 0x00, 0x00,
    0x00, 0x00, 0x00, 0x00, 0x00, 0x00, 0x00, 0x00, 0x00, 0x00, 0x00, 0x00, 0x00, 0x00, 0x00, 0x00,
    0x00, 0x00, 0x00, 0x00, 0x00, 0x00, 0x00, 0x00, 0x00, 0x00, 0x00, 0x00, 0x00, 0x00, 0x00, 0x00,
    0x00, 0x00, 0x00, 0x00, 0x00, 0x00, 0x00, 0x00, 0x00, 0x00, 0x00, 0x00, 0x00, 0x00, 0x00, 0x00,
    0x00, 0x00, 0x00, 0x00, 0x00, 0x00, 0x00, 0x00, 0x00, 0x00, 0x00, 0x00, 0x00, 0x00, 0x00, 0x00,
    0x00, 0x00, 0x00, 0x00, 0x00, 0x00, 0x00, 0x00, 0x00, 0x00, 0x00, 0x00, 0x00, 0x00, 0x00, 0x00,
    0x00, 0x00, 0x00, 0x00, 0x00, 0x00, 0x52, 0xAA, 0x39, 0xD3, 0x00, 0x2B, 0x39, 0xD3, 0x00, 0x2B,
    0x39, 0xD3, 0x00, 0x0B, 0x39, 0xD3, 0x00, 0x2B, 0x39, 0xD3, 0x08, 0x2A, 0x39, 0xD3, 0x00, 0x0C,
    0x39, 0xD3, 0x00, 0x0C, 0x39, 0xD3, 0x00, 0x0C, 0x39, 0xD3, 0x00, 0x0C, 0x39, 0xD3, 0x00, 0x0C,
    0x39, 0xD3, 0x00, 0x0C, 0x39, 0xD3, 0x00, 0x0E, 0x39, 0xD3, 0x00, 0x0B, 0x39, 0xD3, 0x00, 0x2B,
    0x39, 0xD3, 0x00, 0x2B, 0x39, 0xD3, 0x00, 0x2B, 0x39, 0xD3, 0x00, 0x0D, 0x39, 0xD3, 0x00, 0x0D,
    0x39, 0xD3, 0x00, 0x0D, 0x39, 0xD3, 0x08, 0x2A, 0x39, 0xD3, 0x00, 0x2A, 0x39, 0xD3, 0x08, 0x2A,
    0x39, 0xD3, 0x08, 0x2A, 0x39, 0xD3, 0x08, 0x2A, 0x39, 0xD3, 0x08, 0x2A, 0x39, 0xD3, 0x00, 0x2B,
    0x39, 0xD3, 0x00, 0x0D, 0x39, 0xD3, 0x00, 0x0E, 0x39, 0xD3, 0x08, 0x2A, 0x39, 0xD3, 0x08, 0x2A,
    0x39, 0xD3, 0x00, 0x2B, 0x39, 0xD3, 0x08, 0x2A, 0x39, 0xD3, 0x00, 0x2B, 0x39, 0xD3, 0x08, 0x2A,
    0x39, 0xD3, 0x00, 0x2B, 0x39, 0xD3, 0x00, 0x2B, 0x39, 0xD3, 0x00, 0x2B, 0x39, 0xD3, 0x52, 0xAA,
    0x00, 0x00, 0x00, 0x00, 0x00, 0x00, 0x00, 0x00, 0x00, 0x00, 0x00, 0x00, 0x00, 0x00, 0x00, 0x00,
    0x00, 0x00, 0x00, 0x00, 0x00, 0x00, 0x00, 0x00, 0x00, 0x00, 0x00, 0x00, 0x00, 0x00, 0x00, 0x00,
    0x00, 0x00, 0x00, 0x00, 0x00, 0x00, 0x00, 0x00, 0x00, 0x00, 0x00, 0x00, 0x00, 0x00, 0x00, 0x00,
    0x00, 0x00, 0x00, 0x00, 0x00, 0x00, 0x00, 0x00, 0x00, 0x00, 0x00, 0x00, 0x00, 0x00, 0x00, 0x00,
    0x00, 0x00, 0x00, 0x00, 0x00, 0x00, 0x00, 0x00, 0x00, 0x00, 0x00, 0x00, 0x00, 0x00, 0x00, 0x00,
    0x00, 0x00, 0x00, 0x00, 0x00, 0x00, 0x00, 0x00, 0x00, 0x00, 0x00, 0x00, 0x00, 0x00, 0x00, 0x00,
    0x00, 0x00, 0x00, 0x00, 0x00, 0x00, 0x00, 0x00, 0x00, 0x00, 0x00, 0x00, 0x00, 0x00, 0x00, 0x00,
    0x00, 0x00, 0x00, 0x00, 0x00, 0x00, 0x00, 0x00, 0x00, 0x00, 0x00, 0x00, 0x00, 0x00, 0x00, 0x00,
    0x00, 0x00, 0x00, 0x00, 0x00, 0x00, 0x00, 0x00, 0x00, 0x00, 0x00, 0x00, 0x00, 0x00, 0x00, 0x00,
    0x00, 0x00, 0x00, 0x00, 0x00, 0x00, 0x00, 0x00, 0x00, 0x00, 0x00, 0x00, 0x00, 0x00, 0x00, 0x00,
    0x00, 0x00, 0x00, 0x00, 0x00, 0x00, 0x00, 0x00, 0x00, 0x00, 0x00, 0x00, 0x00, 0x00, 0x00, 0x00,
    0x00, 0x00, 0x00, 0x00, 0x00, 0x00, 0x00, 0x00, 0x00, 0x00, 0x00, 0x00, 0x00, 0x00, 0x00, 0x00,
    0x00, 0x00, 0x00, 0x00, 0x00, 0x00, 0x00, 0x00, 0x00, 0x00, 0x00, 0x00, 0x00, 0x00, 0x00, 0x00,
    0x00, 0x00, 0x00, 0x00, 0x00, 0x00, 0x00, 0x00, 0x00, 0x00, 0x52, 0xAA, 0x39, 0xD3, 0x08, 0x2A,
    0x39, 0xD3, 0x08, 0x2A, 0x39, 0xD3, 0x00, 0x2B, 0x31, 0x90, 0x00, 0x0D, 0x00, 0x00, 0x00, 0x0E,
    0x00, 0x0C, 0x5A, 0xDD, 0x00, 0x0D, 0x42, 0x16, 0x00, 0x0D, 0x39, 0xD3, 0x00, 0x0C, 0x39, 0xD3,
    0x00, 0x0E, 0x39, 0xD3, 0x00, 0x0C, 0x39, 0xD3, 0x00, 0x0C, 0x52, 0xAA, 0x00, 0x00, 0x84, 0x10,
    0x73, 0xAE, 0x84, 0x10, 0x8C, 0x71, 0x9C, 0xD3, 0xA5, 0x34, 0xAD, 0x55, 0xB5, 0xB6, 0xB5, 0xB6,
    0xBD, 0xF7, 0xBD, 0xD7, 0x00, 0x00, 0x84, 0x10, 0x73, 0xAE, 0x84, 0x10, 0x8C, 0x71, 0x9C, 0xD3,
    0xA5, 0x34, 0xAD, 0x55, 0xB5, 0xB6, 0xB5, 0xB6, 0xBD, 0xF7, 0xBD, 0xD7, 0x00, 0x00, 0x84, 0x10,
    0x73, 0xAE, 0x84, 0x10, 0x8C, 0x71, 0x9C, 0xD3, 0xA5, 0x34, 0xAD, 0x55, 0xB5, 0xB6, 0xB5, 0xB6,
    0xBD, 0xF7, 0xBD, 0xD7, 0x00, 0x00, 0x84, 0x10, 0x73, 0xAE, 0x84, 0x10, 0x8C, 0x71, 0x66, 0xCC,
    0x47, 0xE8, 0x6E, 0xED, 0xB5, 0xB6, 0xB5, 0xB6, 0xBD, 0xF7, 0xBD, 0xD7, 0x12, 0xA2, 0x47, 0xC8,
    0x47, 0xC8, 0x65, 0xAC, 0x8C, 0x71, 0x9C, 0xD3, 0xA5, 0x34, 0xAD, 0x55, 0xB5, 0xB6, 0xB5, 0xB6,
    0xBD, 0xF7, 0xBD, 0xD7, 0x00, 0x00, 0x84, 0x10, 0x73, 0xAE, 0x84, 0x10, 0x8C, 0x71, 0x9C, 0xD3,
    0xA5, 0x34, 0xAD, 0x55, 0xB5, 0xB6, 0xB5, 0xB6, 0xBD, 0xF7, 0xBD, 0xD7, 0x00, 0x00, 0x84, 0x10,
    0x73, 0xAE, 0x84, 0x10, 0x8C, 0x71, 0x9C, 0xD3, 0xA5, 0x34, 0xAD, 0x55, 0xB5, 0xB6, 0xB5, 0xB6,
    0xBD, 0xF7, 0xBD, 0xD7, 0x00, 0x00, 0x84, 0x10, 0x73, 0xAE, 0x84, 0x10, 0x8C, 0x71, 0x9C, 0xD3,
    0xA5, 0x34, 0xAD, 0x55, 0xB5, 0xB6, 0xB5, 0xB6, 0xBD, 0xF7, 0xBD, 0xD7, 0x00, 0x00, 0x84, 0x10,
    0x73, 0xAE, 0x84, 0x10, 0x8C, 0x71, 0x9C, 0xD3, 0xA5, 0x34, 0xAD, 0x55, 0xB5, 0xB6, 0xB5, 0xB6,
    0xBD, 0xF7, 0xBD, 0xD7, 0x00, 0x00, 0x52, 0xAA, 0x00, 0x2B, 0x39, 0xD3, 0x08, 0x2A, 0x39, 0xD3,
    0x08, 0x2A, 0x39, 0xD3, 0x00, 0x2B, 0x39, 0xD3, 0x08, 0x2A, 0x39, 0xD3, 0x08, 0x2A, 0x39, 0xD3,
    0x00, 0x2B, 0x39, 0xD3, 0x00, 0x0B, 0x39, 0xD3, 0x00, 0x0C, 0x39, 0xD3, 0x00, 0x0D, 0x39, 0xD3,
    0x00, 0x0D, 0x39, 0xD3, 0x00, 0x0C, 0x39, 0xD3, 0x00, 0x0E, 0x39, 0xD3, 0x00, 0x0C, 0x39, 0xD3,
    0x00, 0x0C, 0x39, 0xD3, 0x00, 0x2B, 0x39, 0xD3, 0x00, 0x0C, 0x39, 0xD3, 0x00, 0x0D, 0x39, 0xD3,
    0x00, 0x0D, 0x39, 0xD3, 0x00, 0x0C, 0x39, 0xD3, 0x08, 0x2A, 0x39, 0xD3, 0x00, 0x2A, 0x39, 0xD3,
    0x00, 0x2B, 0x39, 0xD3, 0x00, 0x2B, 0x39, 0xD3, 0x08, 0x2A, 0x39, 0xD3, 0x08, 0x2A, 0x39, 0xD3,
    0x08, 0x2A, 0x39, 0xD3, 0x00, 0x0D, 0x39, 0xD3, 0x00, 0x0D, 0x39, 0xD3, 0x08, 0x2A, 0x39, 0xD3,
    0x00, 0x2B, 0x39, 0xD3, 0x08, 0x2A, 0x39, 0xD3, 0x08, 0x2A, 0x39, 0xD3, 0x08, 0x2A, 0x39, 0xD3,
    0x08, 0x2A, 0x39, 0xD3, 0x00, 0x2B, 0x39, 0xD3, 0x08, 0x2A, 0x39, 0xD3, 0x08, 0x2A, 0x52, 0xAA,
    0x00, 0x00, 0x84, 0x10, 0x73, 0xAE, 0x84, 0x10, 0x8C, 0x71, 0x9C, 0xD3, 0xA5, 0x34, 0xAD, 0x55,
    0xB5, 0xB6, 0xB5, 0xB6, 0xBD, 0xF7, 0xBD, 0xD7, 0x00, 0x00, 0x84, 0x10, 0x73, 0xAE, 0x84, 0x10,
    0x8C, 0x71, 0x9C, 0xD3, 0xA5, 0x34, 0xAD, 0x55, 0xB5, 0xB6, 0xB5, 0xB6, 0xBD, 0xF7, 0xBD, 0xD7,
    0x00, 0x00, 0x84, 0x10, 0x73, 0xAE, 0x84, 0x10, 0x8C, 0x71, 0x9C, 0xD3, 0xA5, 0x34, 0xAD, 0x55,
    0xB5, 0xB6, 0xB5, 0xB6, 0xBD, 0xF7, 0xBD, 0xD7, 0x00, 0x00, 0x84, 0x10, 0x73, 0xAE, 0x84, 0x10,
    0x8C, 0x71, 0x9C, 0xD3, 0xA5, 0x34, 0xAD, 0x55, 0xB5, 0xB6, 0xB5, 0xB6, 0xBD, 0xF7, 0xBD, 0xD7,
    0x00, 0x00, 0x84, 0x10, 0x73, 0xAE, 0x84, 0x10, 0x8C, 0x71, 0x9C, 0xD3, 0xA5, 0x34, 0xAD, 0x55,
    0xB5, 0xB6, 0xB5, 0xB6, 0xBD, 0xF7, 0xBD, 0xD7, 0x00, 0x00, 0x84, 0x10, 0x73, 0xAE, 0x84, 0x10,
    0x8C, 0x71, 0x9C, 0xD3, 0xA5, 0x34, 0xAD, 0x55, 0xB5, 0xB6, 0xB5, 0xB6, 0xBD, 0xF7, 0xBD, 0xD7,
    0x00, 0x00, 0x84, 0x10, 0x73, 0xAE, 0x84, 0x10, 0x8C, 0x71, 0x9C, 0xD3, 0xA5, 0x34, 0xAD, 0x55,
    0xB5, 0xB6, 0xB5, 0xB6, 0xBD, 0xF7, 0xBD, 0xD7, 0x00, 0x00, 0x84, 0x10, 0x73, 0xAE, 0x84, 0x10,
    0x8C, 0x71, 0x9C, 0xD3, 0xA5, 0x34, 0xAD, 0x55, 0xB5, 0xB6, 0xB5, 0xB6, 0xBD, 0xF7, 0xBD, 0xD7,
    0x00, 0x00, 0x84, 0x10, 0x73, 0xAE, 0x84, 0x10, 0x8C, 0x71, 0x9C, 0xD3, 0xA5, 0x34, 0xAD, 0x55,
    0xB5, 0xB6, 0xB5, 0xB6, 0xBD, 0xF7, 0xBD, 0xD7, 0x00, 0x00, 0x52, 0xAA, 0x00, 0x2B, 0x39, 0xD3,
    0x08, 0x2A, 0x39, 0xD3, 0x08, 0x2A, 0x5A, 0xBC, 0x08, 0x2A, 0x00, 0x00, 0x00, 0x0D, 0x00, 0x00,
    0x84, 0x1F, 0x00, 0x0C, 0x5A, 0x9B, 0x00, 0x0D, 0x00, 0x00, 0x00, 0x0C, 0x39, 0xF3, 0x00, 0x0D,
    0x39, 0xF3, 0x00, 0x0E, 0x39, 0xF3, 0x00, 0x0C, 0x39, 0xF3, 0x52, 0xAA, 0x00, 0x00, 0x84, 0x10,
    0x7B, 0xEF, 0x84, 0x30, 0x94, 0x92, 0x94, 0x92, 0x84, 0x10, 0x84, 0x30, 0xA5, 0x14, 0xBD, 0xF7,
    0xC6, 0x38, 0xBD, 0xF7, 0x00, 0x00, 0x84, 0x10, 0x7B, 0xEF, 0x84, 0x30, 0x94, 0x92, 0x94, 0x92,
    0x84, 0x10, 0x84, 0x30, 0xA5, 0x14, 0xBD, 0xF7, 0xC6, 0x38, 0xBD, 0xF7, 0x00, 0x00, 0x84, 0x10,
    0x7B, 0xEF, 0x84, 0x30, 0x94, 0x92, 0x94, 0x92, 0x84, 0x10, 0x84, 0x30, 0xA5, 0x14, 0xBD, 0xF7,
    0xC6, 0x38, 0xBD, 0xF7, 0x00, 0x00, 0x84, 0x10, 0x7B, 0xEF, 0x84, 0x30, 0x94, 0x92, 0x5E, 0xAB,
    0x47, 0xE8, 0x5E, 0x8B, 0xA5, 0x14, 0xBD, 0xF7, 0xC6, 0x38, 0xBD, 0xF7, 0x00, 0x00, 0x65, 0xAC,
    0x47, 0xC8, 0x47, 0xC8, 0x6D, 0xED, 0x8C, 0x91, 0x84, 0x10, 0x84, 0x30, 0xA5, 0x14, 0xBD, 0xF7,
    0xC6, 0x38, 0xBD, 0xF7, 0x00, 0x00, 0x84, 0x10, 0x7B, 0xEF, 0x84, 0x30, 0x94, 0x92, 0x94, 0x92,
    0x84, 0x10, 0x84, 0x30, 0xA5, 0x14, 0xBD, 0xF7, 0xC6, 0x38, 0xBD, 0xF7, 0x00, 0x00, 0x84, 0x10,
    0x7B, 0xEF, 0x84, 0x30, 0x94, 0x92, 0x94, 0x92, 0x84, 0x10, 0x84, 0x30, 0xA5, 0x14, 0xBD, 0xF7,
    0xC6, 0x38, 0xBD, 0xF7, 0x00, 0x00, 0x84, 0x10, 0x7B, 0xEF, 0x84, 0x30, 0x94, 0x92, 0x94, 0x92,
    0x84, 0x10, 0x84, 0x30, 0xA5, 0x14, 0xBD, 0xF7, 0xC6, 0x38, 0xBD, 0xF7, 0x00, 0x00, 0x84, 0x10,
    0x7B, 0xEF, 0x84, 0x30, 0x94, 0x92, 0x94, 0x92, 0x84, 0x10, 0x84, 0x30, 0xA5, 0x14, 0xBD, 0xF7,
    0xC6, 0x38, 0xBD, 0xF7, 0x00, 0x00, 0x52, 0xAA, 0x39, 0xF3, 0x00, 0x2B, 0x39, 0xF3, 0x08, 0x2A,
    0x39, 0xF3, 0x08, 0x2A, 0x39, 0xF3, 0x00, 0x2B, 0x39, 0xF3, 0x08, 0x2A, 0x39, 0xF3, 0x00, 0x2B,
    0x39, 0xF3, 0x00, 0x2B, 0x39, 0xF3, 0x00, 0x0C, 0x39, 0xF3, 0x00, 0x0C, 0x39, 0xF3, 0x00, 0x0D,
    0x39, 0xF3, 0x00, 0x0C, 0x39, 0xF3, 0x00, 0x0D, 0x39, 0xF3, 0x00, 0x0E, 0x39, 0xF3, 0x00, 0x0C,
    0x39, 0xF3, 0x00, 0x0C, 0x39, 0xF3, 0x00, 0x2B, 0x39, 0xF3, 0x00, 0x2B, 0x39, 0xF3, 0x00, 0x0D,
    0x39, 0xF3, 0x00, 0x0E, 0x39, 0xF3, 0x00, 0x0C, 0x39, 0xF3, 0x00, 0x0B, 0x39, 0xF3, 0x00, 0x2B,
    0x39, 0xF3, 0x00, 0x0C, 0x39, 0xF3, 0x00, 0x2B, 0x39, 0xF3, 0x08, 0x2A, 0x39, 0xF3, 0x08, 0x2A,
    0x39, 0xF3, 0x08, 0x2A, 0x39, 0xF3, 0x00, 0x0D, 0x39, 0xF3, 0x00, 0x0D, 0x39, 0xF3, 0x00, 0x0C,
    0x39, 0xF3, 0x00, 0x0C, 0x39, 0xF3, 0x08, 0x2A, 0x39, 0xF3, 0x08, 0x2A, 0x39, 0xF3, 0x08, 0x2A,
    0x39, 0xF3, 0x08, 0x2A, 0x39, 0xF3, 0x00, 0x2B, 0x39, 0xF3, 0x08, 0x2A, 0x39, 0xF3, 0x52, 0xAA,
    0x00, 0x00, 0x84, 0x10, 0x7B, 0xEF, 0x84, 0x30, 0x94, 0x92, 0x94, 0x92, 0x84, 0x10, 0x84, 0x30,
    0xA5, 0x14, 0xBD, 0xF7, 0xC6, 0x38, 0xBD, 0xF7, 0x00, 0x00, 0x84, 0x10, 0x7B, 0xEF, 0x84, 0x30,
    0x94, 0x92, 0x94, 0x92, 0x84, 0x10, 0x84, 0x30, 0xA5, 0x14, 0xBD, 0xF7, 0xC6, 0x38, 0xBD, 0xF7,
    0x00, 0x00, 0x84, 0x10, 0x7B, 0xEF, 0x84, 0x30, 0x94, 0x92, 0x94, 0x92, 0x84, 0x10, 0x84, 0x30,
    0xA5, 0x14, 0xBD, 0xF7, 0xC6, 0x38, 0xBD, 0xF7, 0x00, 0x00, 0x84, 0x10, 0x7B, 0xEF, 0x84, 0x30,
    0x94, 0x92, 0x94, 0x92, 0x84, 0x10, 0x84, 0x30, 0xA5, 0x14, 0xBD, 0xF7, 0xC6, 0x38, 0xBD, 0xF7,
    0x00, 0x00, 0x84, 0x10, 0x7B, 0xEF, 0x84, 0x30, 0x94, 0x92, 0x94, 0x92, 0x84, 0x10, 0x84, 0x30,
    0xA5, 0x14, 0xBD, 0xF7, 0xC6, 0x38, 0xBD, 0xF7, 0x00, 0x00, 0x84, 0x10, 0x7B, 0xEF, 0x84, 0x30,
    0x94, 0x92, 0x94, 0x92, 0x84, 0x10, 0x84, 0x30, 0xA5, 0x14, 0xBD, 0xF7, 0xC6, 0x38, 0xBD, 0xF7,
    0x00, 0x00, 0x84, 0x10, 0x7B, 0xEF, 0x84, 0x30, 0x94, 0x92, 0x94, 0x92, 0x84, 0x10, 0x84, 0x30,
    0xA5, 0x14, 0xBD, 0xF7, 0xC6, 0x38, 0xBD, 0xF7, 0x00, 0x00, 0x84, 0x10, 0x7B, 0xEF, 0x84, 0x30,
    0x94, 0x92, 0x94, 0x92, 0x84, 0x10, 0x84, 0x30, 0xA5, 0x14, 0xBD, 0xF7, 0xC6, 0x38, 0xBD, 0xF7,
    0x00, 0x00, 0x84, 0x10, 0x7B, 0xEF, 0x84, 0x30, 0x94, 0x92, 0x94, 0x92, 0x84, 0x10, 0x84, 0x30,
    0xA5, 0x14, 0xBD, 0xF7, 0xC6, 0x38, 0xBD, 0xF7, 0x00, 0x00, 0x52, 0xAA, 0x39, 0xF3, 0x00, 0x2B,
    0x39, 0xF3, 0x08, 0x2A, 0x39, 0xF3, 0x08, 0x2A, 0x31, 0x90, 0x08, 0x2A, 0x00, 0x00, 0x00, 0x0D,
    0x00, 0x0B, 0x62, 0xDE, 0x00, 0x0C, 0x4A, 0x36, 0x00, 0x0C, 0x41, 0xF4, 0x00, 0x0C, 0x41, 0xF4,
    0x00, 0x0C, 0x41, 0xF4, 0x00, 0x0C, 0x41, 0xF4, 0x00, 0x2B, 0x52, 0xAA, 0x00, 0x00, 0x73, 0xAE,
    0x73, 0x8E, 0x7B, 0xCF, 0x7B, 0xEF, 0x63, 0x2C, 0x4A, 0x49, 0x39, 0xE7, 0x4A, 0x69, 0x8C, 0x51,
    0xBD, 0xF7, 0xB5, 0xB6, 0x00, 0x00, 0x73, 0xAE, 0x73, 0x8E, 0x7B, 0xCF, 0x7B, 0xEF, 0x63, 0x2C,
    0x4A, 0x49, 0x39, 0xE7, 0x4A, 0x69, 0x8C, 0x51, 0xBD, 0xF7, 0xB5, 0xB6, 0x00, 0x00, 0x73, 0xAE,
    0x73, 0x8E, 0x7B, 0xCF, 0x7B, 0xEF, 0x63, 0x2C, 0x4A, 0x49, 0x39, 0xE7, 0x4A, 0x69, 0x8C, 0x51,
    0xBD, 0xF7, 0xB5, 0xB6, 0x00, 0x00, 0x73, 0xAE, 0x73, 0x8E, 0x7B, 0xCF, 0x7B, 0xEF, 0x56, 0x09,
    0x47, 0xE8, 0x4D, 0x87, 0x4A, 0x49, 0x8C, 0x51, 0xBD, 0xF7, 0xB5, 0xB6, 0x00, 0x00, 0x73, 0xAE,
    0x5D, 0x6B, 0x47, 0xC8, 0x47, 0xC8, 0x5D, 0x0A, 0x72, 0x07, 0x51, 0xA6, 0x4A, 0x49, 0x8C, 0x51,
    0xBD, 0xF7, 0xB5, 0xB6, 0x00, 0x00, 0x73, 0xAE, 0x73, 0x8E, 0x7B, 0xCF, 0x7B, 0xEF, 0x63, 0x2C,
    0x4A, 0x49, 0x39, 0xE7, 0x4A, 0x69, 0x8C, 0x51, 0xBD, 0xF7, 0xB5, 0xB6, 0x00, 0x00, 0x73, 0xAE,
    0x73, 0x8E, 0x7B, 0xCF, 0x7B, 0xEF, 0x63, 0x2C, 0x4A, 0x49, 0x39, 0xE7, 0x4A, 0x69, 0x8C, 0x51,
    0xBD, 0xF7, 0xB5, 0xB6, 0x00, 0x00, 0x73, 0xAE, 0x73, 0x8E, 0x7B, 0xCF, 0x7B, 0xEF, 0x63, 0x2C,
    0x4A, 0x49, 0x39, 0xE7, 0x4A, 0x69, 0x8C, 0x51, 0xBD, 0xF7, 0xB5, 0xB6, 0x00, 0x00, 0x73, 0xAE,
    0x73, 0x8E, 0x7B, 0xCF, 0x7B, 0xEF, 0x63, 0x2C, 0x4A, 0x49, 0x39, 0xE7, 0x4A, 0x69, 0x8C, 0x51,
    0xBD, 0xF7, 0xB5, 0xB6, 0x00, 0x00, 0x52, 0xAA, 0x08, 0x2A, 0x41, 0xF4, 0x00, 0x2B, 0x41, 0xF4,
    0x08, 0x2A, 0x41, 0xF4, 0x08, 0x2A, 0x41, 0xF4, 0x00, 0x2B, 0x41, 0xF4, 0x00, 0x0B, 0x41, 0xF4,
    0x00, 0x0C, 0x41, 0xF4, 0x00, 0x2B, 0x41, 0xF4, 0x00, 0x0B, 0x41, 0xF4, 0x00, 0x0C, 0x41, 0xF4,
    0x00, 0x0C, 0x41, 0xF4, 0x00, 0x0C, 0x41, 0xF4, 0x00, 0x0C, 0x41, 0xF4, 0x00, 0x0C, 0x41, 0xF4,
    0x00, 0x2B, 0x41, 0xF4, 0x00, 0x0C, 0x41, 0xF4, 0x00, 0x0B, 0x41, 0xF4, 0x00, 0x2B, 0x41, 0xF4,
    0x00, 0x0D, 0x41, 0xF4, 0x00, 0x0E, 0x41, 0xF4, 0x00, 0x0D, 0x41, 0xF4, 0x00, 0x0C, 0x41, 0xF4,
    0x00, 0x0C, 0x41, 0xF4, 0x00, 0x0E, 0x41, 0xF4, 0x00, 0x0C, 0x41, 0xF4, 0x00, 0x0B, 0x41, 0xF4,
    0x08, 0x2A, 0x41, 0xF4, 0x08, 0x2A, 0x41, 0xF4, 0x00, 0x0D, 0x41, 0xF4, 0x00, 0x0C, 0x41, 0xF4,
    0x00, 0x0D, 0x41, 0xF4, 0x00, 0x2B, 0x41, 0xF4, 0x08, 0x2A, 0x41, 0xF4, 0x08, 0x2A, 0x41, 0xF4,
    0x08, 0x2A, 0x41, 0xF4, 0x08, 0x2A, 0x41, 0xF4, 0x00, 0x2B, 0x41, 0xF4, 0x08, 0x2A, 0x52, 0xAA,
    0x00, 0x00, 0x73, 0xAE, 0x73, 0x8E, 0x7B, 0xCF, 0x7B, 0xEF, 0x63, 0x2C, 0x4A, 0x49, 0x39, 0xE7,
    0x4A, 0x69, 0x8C, 0x51, 0xBD, 0xF7, 0xB5, 0xB6, 0x00, 0x00, 0x73, 0xAE, 0x73, 0x8E, 0x7B, 0xCF,
    0x7B, 0xEF, 0x63, 0x2C, 0x4A, 0x49, 0x39, 0xE7, 0x4A, 0x69, 0x8C, 0x51, 0xBD, 0xF7, 0xB5, 0xB6,
    0x00, 0x00, 0x73, 0xAE, 0x73, 0x8E, 0x7B, 0xCF, 0x7B, 0xEF, 0x63, 0x2C, 0x4A, 0x49, 0x39, 0xE7,
    0x4A, 0x69, 0x8C, 0x51, 0xBD, 0xF7, 0xB5, 0xB6, 0x00, 0x00, 0x73, 0xAE, 0x73, 0x8E, 0x7B, 0xCF,
    0x7B, 0xEF, 0x63, 0x2C, 0x4A, 0x49, 0x39, 0xE7, 0x4A, 0x69, 0x8C, 0x51, 0xBD, 0xF7, 0xB5, 0xB6,
    0x00, 0x00, 0x73, 0xAE, 0x73, 0x8E, 0x7B, 0xCF, 0x7B, 0xEF, 0x73, 0x0B, 0x71, 0xE7, 0x51, 0xA6,
    0x4A, 0x49, 0x8C, 0x51, 0xBD, 0xF7, 0xB5, 0xB6, 0x00, 0x00, 0x73, 0xAE, 0x73, 0x8E, 0x7B, 0xCF,
    0x7B, 0xEF, 0x63, 0x2C, 0x4A, 0x49, 0x39, 0xE7, 0x4A, 0x69, 0x8C, 0x51, 0xBD, 0xF7, 0xB5, 0xB6,
    0x00, 0x00, 0x73, 0xAE, 0x73, 0x8E, 0x7B, 0xCF, 0x7B, 0xEF, 0x63, 0x2C, 0x4A, 0x49, 0x39, 0xE7,
    0x4A, 0x69, 0x8C, 0x51, 0xBD, 0xF7, 0xB5, 0xB6, 0x00, 0x00, 0x73, 0xAE, 0x73, 0x8E, 0x7B, 0xCF,
    0x7B, 0xEF, 0x63, 0x2C, 0x4A, 0x49, 0x39, 0xE7, 0x4A, 0x69, 0x8C, 0x51, 0xBD, 0xF7, 0xB5, 0xB6,
    0x00, 0x00, 0x73, 0xAE, 0x73, 0x8E, 0x7B, 0xCF, 0x7B, 0xEF, 0x63, 0x2C, 0x4A, 0x49, 0x39, 0xE7,
    0x4A, 0x69, 0x8C, 0x51, 0xBD, 0xF7, 0xB5, 0xB6, 0x00, 0x00, 0x52, 0xAA, 0x00, 0x0E, 0x41, 0xF4,
    0x00, 0x0C, 0x41, 0xF4, 0x00, 0x0B, 0x5A, 0xBC, 0x08, 0x2A, 0x00, 0x00, 0x08, 0x2A, 0x00, 0x00,
    0x8C, 0x3F, 0x00, 0x2B, 0x5A, 0xBC, 0x00, 0x2B, 0x00, 0x00, 0x00, 0x0C, 0x41, 0xF4, 0x00, 0x0C,
    0x41, 0xF4, 0x00, 0x0C, 0x41, 0xF4, 0x00, 0x2B, 0x41, 0xF4, 0x52, 0xAA, 0x00, 0x00, 0x6B, 0x6D,
    0x63, 0x2C, 0x84, 0x10, 0x8C, 0x51, 0x73, 0x8E, 0x4A, 0x49, 0x29, 0x65, 0x29, 0x45, 0x4A, 0x69,
    0xA5, 0x14, 0xB5, 0xB6, 0x00, 0x00, 0x6B, 0x6D, 0x63, 0x2C, 0x84, 0x10, 0x8C, 0x51, 0x73, 0x8E,
    0x4A, 0x49, 0x29, 0x65, 0x29, 0x45, 0x4A, 0x69, 0xA5, 0x14, 0xB5, 0xB6, 0x00, 0x00, 0x6B, 0x6D,
    0x63, 0x2C, 0x84, 0x10, 0x8C, 0x51, 0x73, 0x8E, 0x4A, 0x49, 0x29, 0x65, 0x29, 0x45, 0x4A, 0x69,
    0xA5, 0x14, 0xB5, 0xB6, 0x00, 0x00, 0x6B, 0x6D, 0x63, 0x2C, 0x84, 0x10, 0xB3, 0xAD, 0x86, 0x08,
    0x47, 0xE8, 0x7D, 0x05, 0x78, 0x62, 0x4A, 0x49, 0xA5, 0x14, 0xB5, 0xB6, 0x00, 0x00, 0x6B, 0x6D,
    0x63, 0x4C, 0x65, 0xAC, 0x47, 0xC8, 0x4F, 0xA8, 0xAC, 0x67, 0xD8, 0x22, 0x78, 0x62, 0x4A, 0x49,
    0xA5, 0x14, 0xB5, 0xB6, 0x00, 0x00, 0x6B, 0x6D, 0x63, 0x2C, 0x84, 0x10, 0x8C, 0x51, 0x73, 0x8E,
    0x4A, 0x49, 0x29, 0x65, 0x29, 0x45, 0x4A, 0x69, 0xA5, 0x14, 0xB5, 0xB6, 0x00, 0x00, 0x6B, 0x6D,
    0x63, 0x2C, 0x84, 0x10, 0x8C, 0x51, 0x73, 0x8E, 0x4A, 0x49, 0x29, 0x65, 0x29, 0x45, 0x4A, 0x69,
    0xA5, 0x14, 0xB5, 0xB6, 0x00, 0x00, 0x6B, 0x6D, 0x63, 0x2C, 0x84, 0x10, 0x8C, 0x51, 0x73, 0x8E,
    0x4A, 0x49, 0x29, 0x65, 0x29, 0x45, 0x4A, 0x69, 0xA5, 0x14, 0xB5, 0xB6, 0x00, 0x00, 0x6B, 0x6D,
    0x63, 0x2C, 0x84, 0x10, 0x8C, 0x51, 0x73, 0x8E, 0x4A, 0x49, 0x29, 0x65, 0x29, 0x45, 0x4A, 0x69,
    0xA5, 0x14, 0xB5, 0xB6, 0x00, 0x00, 0x52, 0xAA, 0x41, 0xF4, 0x00, 0x2A, 0x41, 0xF4, 0x00, 0x0C,
    0x41, 0xF4, 0x08, 0x2A, 0x41, 0xF4, 0x08, 0x2A, 0x41, 0xF4, 0x00, 0x2B, 0x41, 0xF4, 0x00, 0x0C,
    0x41, 0xF4, 0x00, 0x0C, 0x41, 0xF4, 0x00, 0x2B, 0x41, 0xF4, 0x00, 0x2B, 0x41, 0xF4, 0x00, 0x2B,
    0x41, 0xF4, 0x00, 0x0C, 0x41, 0xF4, 0x00, 0x0C, 0x41, 0xF4, 0x00, 0x0C, 0x41, 0xF4, 0x00, 0x2B,
    0x41, 0xF4, 0x08, 0x2A, 0x41, 0xF4, 0x00, 0x0B, 0x41, 0xF4, 0x00, 0x0C, 0x41, 0xF4, 0x00, 0x0C,
    0x41, 0xF4, 0x00, 0x0C, 0x41, 0xF4, 0x00, 0x0D, 0x41, 0xF4, 0x00, 0x0E, 0x41, 0xF4, 0x00, 0x0C,
    0x41, 0xF4, 0x00, 0x0E, 0x41, 0xF4, 0x00, 0x0F, 0x41, 0xF4, 0x00, 0x0F, 0x41, 0xF4, 0x00, 0x0D,
    0x41, 0xF4, 0x08, 0x2A, 0x41, 0xF4, 0x08, 0x2A, 0x41, 0xF4, 0x00, 0x0C, 0x41, 0xF4, 0x00, 0x0C,
    0x41, 0xF4, 0x00, 0x0E, 0x41, 0xF4, 0x00, 0x2B, 0x41, 0xF4, 0x08, 0x2A, 0x41, 0xF4, 0x08, 0x2A,
    0x41, 0xF4, 0x08, 0x2A, 0x41, 0xF4, 0x00, 0x2A, 0x41, 0xF4, 0x00, 0x0C, 0x41, 0xF4, 0x52, 0xAA,
    0x00, 0x00, 0x6B, 0x6D, 0x63, 0x2C, 0x84, 0x10, 0x8C, 0x51, 0x73, 0x8E, 0x4A, 0x49, 0x29, 0x65,
    0x29, 0x45, 0x4A, 0x69, 0xA5, 0x14, 0xB5, 0xB6, 0x00, 0x00, 0x6B, 0x6D, 0x63, 0x2C, 0x84, 0x10,
    0x8C, 0x51, 0x73, 0x8E, 0x4A, 0x49, 0x29, 0x65, 0x29, 0x45, 0x4A, 0x69, 0xA5, 0x14, 0xB5, 0xB6,
    0x00, 0x00, 0x6B, 0x6D, 0x63, 0x2C, 0x84, 0x10, 0x8C, 0x51, 0x73, 0x8E, 0x4A, 0x49, 0x29, 0x65,
    0x29, 0x45, 0x4A, 0x69, 0xA5, 0x14, 0xB5, 0xB6, 0x00, 0x00, 0x6B, 0x6D, 0x63, 0x2C, 0x84, 0x10,
    0x8C, 0x51, 0x73, 0x8E, 0x4A, 0x49, 0x29, 0x65, 0x29, 0x45, 0x4A, 0x69, 0xA5, 0x14, 0xB5, 0xB6,
    0x00, 0x00, 0x6B, 0x6D, 0x63, 0x2C, 0x84, 0x10, 0xB3, 0xAD, 0xEB, 0x0A, 0xF1, 0xE7, 0xD8, 0x22,
    0x78, 0x62, 0x4A, 0x49, 0xA5, 0x14, 0xB5, 0xB6, 0x00, 0x00, 0x6B, 0x6D, 0x63, 0x2C, 0x84, 0x10,
    0x8C, 0x51, 0x73, 0x8E, 0x4A, 0x49, 0x29, 0x65, 0x29, 0x45, 0x4A, 0x69, 0xA5, 0x14, 0xB5, 0xB6,
    0x00, 0x00, 0x6B, 0x6D, 0x63, 0x2C, 0x84, 0x10, 0x8C, 0x51, 0x73, 0x8E, 0x4A, 0x49, 0x29, 0x65,
    0x29, 0x45, 0x4A, 0x69, 0xA5, 0x14, 0xB5, 0xB6, 0x00, 0x00, 0x6B, 0x6D, 0x63, 0x2C, 0x84, 0x10,
    0x8C, 0x51, 0x73, 0x8E, 0x4A, 0x49, 0x29, 0x65, 0x29, 0x45, 0x4A, 0x69, 0xA5, 0x14, 0xB5, 0xB6,
    0x00, 0x00, 0x6B, 0x6D, 0x63, 0x2C, 0x84, 0x10, 0x8C, 0x51, 0x73, 0x8E, 0x4A, 0x49, 0x29, 0x65,
    0x29, 0x45, 0x4A, 0x69, 0xA5, 0x14, 0xB5, 0xB6, 0x00, 0x00, 0x52, 0xAA, 0x41, 0xF4, 0x00, 0x0F,
    0x41, 0xF4, 0x00, 0x0F, 0x41, 0xF4, 0x00, 0x0D, 0x31, 0xB1, 0x08, 0x2A, 0x00, 0x00, 0x08, 0x2A,
    0x00, 0x2A, 0x62, 0xFE, 0x08, 0x2A, 0x4A, 0x37, 0x00, 0x2B, 0x41, 0xF4, 0x00, 0x0C, 0x41, 0xF4,
    0x00, 0x0C, 0x41, 0xF4, 0x00, 0x2B, 0x41, 0xF4, 0x08, 0x2A, 0x52, 0xAA, 0x00, 0x00, 0x63, 0x0C,
    0x5A, 0xCB, 0x9C, 0xF3, 0xAD, 0x55, 0x9C, 0xD3, 0x5A, 0xCB, 0x18, 0xC3, 0x29, 0x65, 0x39, 0xE7,
    0x84, 0x30, 0xAD, 0x55, 0x00, 0x00, 0x63, 0x0C, 0x5A, 0xCB, 0x9C, 0xF3, 0xAD, 0x55, 0x9C, 0xD3,
    0x5A, 0xCB, 0x18, 0xC3, 0x29, 0x65, 0x39, 0xE7, 0x84, 0x30, 0xAD, 0x55, 0x00, 0x00, 0x63, 0x0C,
    0x5A, 0xCB, 0x9C, 0xF3, 0xAD, 0x55, 0x9C, 0xD3, 0x5A, 0xCB, 0x18, 0xC3, 0x29, 0x65, 0x39, 0xE7,
    0x84, 0x30, 0xAD, 0x55, 0x00, 0x00, 0x63, 0x0C, 0x5A, 0xCB, 0xA4, 0x50, 0xF3, 0x0A, 0x87, 0x2D,
    0x47, 0xE8, 0x85, 0x26, 0xB0, 0x01, 0x61, 0x05, 0x84, 0x30, 0xAD, 0x55, 0x00, 0x00, 0x63, 0x0C,
    0x5A, 0xCB, 0xA4, 0x50, 0xAD, 0x09, 0x4F, 0xE8, 0x57, 0x88, 0xBA, 0x85, 0xB0, 0x01, 0x61, 0x05,
    0x84, 0x30, 0xAD, 0x55, 0x00, 0x00, 0x63, 0x0C, 0x5A, 0xCB, 0x9C, 0xF3, 0xAD, 0x55, 0x9C, 0xD3,
    0x5A, 0xCB, 0x18, 0xC3, 0x29, 0x65, 0x39, 0xE7, 0x84, 0x30, 0xAD, 0x55, 0x00, 0x00, 0x63, 0x0C,
    0x5A, 0xCB, 0x9C, 0xF3, 0xAD, 0x55, 0x9C, 0xD3, 0x5A, 0xCB, 0x18, 0xC3, 0x29, 0x65, 0x39, 0xE7,
    0x84, 0x30, 0xAD, 0x55, 0x00, 0x00, 0x63, 0x0C, 0x5A, 0xCB, 0x9C, 0xF3, 0xAD, 0x55, 0x9C, 0xD3,
    0x5A, 0xCB, 0x18, 0xC3, 0x29, 0x65, 0x39, 0xE7, 0x84, 0x30, 0xAD, 0x55, 0x00, 0x00, 0x63, 0x0C,
    0x5A, 0xCB, 0x9C, 0xF3, 0xAD, 0x55, 0x9C, 0xD3, 0x5A, 0xCB, 0x18, 0xC3, 0x29, 0x65, 0x39, 0xE7,
    0x84, 0x30, 0xAD, 0x55, 0x00, 0x00, 0x52, 0xAA, 0x08, 0x2A, 0x41, 0xF4, 0x00, 0x2B, 0x41, 0xF4,
    0x00, 0x0C, 0x41, 0xF4, 0x08, 0x2A, 0x41, 0xF4, 0x08, 0x2A, 0x41, 0xF4, 0x00, 0x2A, 0x41, 0xF4,
    0x00, 0x0B, 0x41, 0xF4, 0x00, 0x2B, 0x41, 0xF4, 0x00, 0x2A, 0x41, 0xF4, 0x08, 0x2A, 0x41, 0xF4,
    0x00, 0x2B, 0x41, 0xF4, 0x00, 0x0C, 0x41, 0xF4, 0x00, 0x0C, 0x41, 0xF4, 0x00, 0x2B, 0x41, 0xF4,
    0x08, 0x2A, 0x41, 0xF4, 0x08, 0x2A, 0x41, 0xF4, 0x00, 0x2B, 0x41, 0xF4, 0x00, 0x0C, 0x41, 0xF4,
    0x00, 0x2B, 0x41, 0xF4, 0x00, 0x2B, 0x41, 0xF4, 0x00, 0x0C, 0x41, 0xF4, 0x00, 0x0D, 0x41, 0xF4,
    0x00, 0x0C, 0x41, 0xF4, 0x00, 0x0E, 0x41, 0xF4, 0x00, 0x0F, 0x41, 0xF4, 0x00, 0x0F, 0x41, 0xF4,
    0x00, 0x0C, 0x41, 0xF4, 0x08, 0x2A, 0x41, 0xF4, 0x00, 0x2B, 0x41, 0xF4, 0x08, 0x2A, 0x41, 0xF4,
    0x00, 0x0D, 0x41, 0xF4, 0x00, 0x0D, 0x41, 0xF4, 0x00, 0x0C, 0x41, 0xF4, 0x00, 0x2B, 0x41, 0xF4,
    0x00, 0x2B, 0x41, 0xF4, 0x08, 0x2A, 0x41, 0xF4, 0x00, 0x2B, 0x41, 0xF4, 0x00, 0x0C, 0x52, 0xAA,
    0x00, 0x00, 0x63, 0x0C, 0x5A, 0xCB, 0x9C, 0xF3, 0xAD, 0x55, 0x9C, 0xD3, 0x5A, 0xCB, 0x18, 0xC3,
    0x29, 0x65, 0x39, 0xE7, 0x84, 0x30, 0xAD, 0x55, 0x00, 0x00, 0x63, 0x0C, 0x5A, 0xCB, 0x9C, 0xF3,
    0xAD, 0x55, 0x9C, 0xD3, 0x5A, 0xCB, 0x18, 0xC3, 0x29, 0x65, 0x39, 0xE7, 0x84, 0x30, 0xAD, 0x55,
    0x00, 0x00, 0x63, 0x0C, 0x5A, 0xCB, 0x9C, 0xF3, 0xAD, 0x55, 0x9C, 0xD3, 0x5A, 0xCB, 0x18, 0xC3,
    0x29, 0x65, 0x39, 0xE7, 0x84, 0x30, 0xAD, 0x55, 0x00, 0x00, 0x63, 0x0C, 0x5A, 0xCB, 0x9C, 0xF3,
    0xAD, 0x55, 0x9C, 0xD3, 0x5A, 0xCB, 0x18, 0xC3, 0x29, 0x65, 0x39, 0xE7, 0x84, 0x30, 0xAD, 0x55,
    0x00, 0x00, 0x63, 0x0C, 0x5A, 0xCB, 0xA4, 0x50, 0xF3, 0x0A, 0xFD, 0xF7, 0xF4, 0x30, 0xE8, 0xA3,
    0xB0, 0x01, 0x61, 0x05, 0x84, 0x30, 0xAD, 0x55, 0x00, 0x00, 0x63, 0x0C, 0x5A, 0xCB, 0x9C, 0xF3,
    0xAD, 0x55, 0x9C, 0xD3, 0x5A, 0xCB, 0x18, 0xC3, 0x29, 0x65, 0x39, 0xE7, 0x84, 0x30, 0xAD, 0x55,
    0x00, 0x00, 0x63, 0x0C, 0x5A, 0xCB, 0x9C, 0xF3, 0xAD, 0x55, 0x9C, 0xD3, 0x5A, 0xCB, 0x18, 0xC3,
    0x29, 0x65, 0x39, 0xE7, 0x84, 0x30, 0xAD, 0x55, 0x00, 0x00, 0x63, 0x0C, 0x5A, 0xCB, 0x9C, 0xF3,
    0xAD, 0x55, 0x9C, 0xD3, 0x5A, 0xCB, 0x18, 0xC3, 0x29, 0x65, 0x39, 0xE7, 0x84, 0x30, 0xAD, 0x55,
    0x00, 0x00, 0x63, 0x0C, 0x5A, 0xCB, 0x9C, 0xF3, 0xAD, 0x55, 0x9C, 0xD3, 0x5A, 0xCB, 0x18, 0xC3,
    0x29, 0x65, 0x39, 0xE7, 0x84, 0x30, 0xAD, 0x55, 0x00, 0x00, 0x52, 0xAA, 0x00, 0x0E, 0x41, 0xF4,
    0x00, 0x0F, 0x41, 0xF4, 0x00, 0x0F, 0x5A, 0xDD, 0x00, 0x0C, 0x00, 0x00, 0x08, 0x2A, 0x00, 0x00,
    0x94, 0x5F, 0x00, 0x2B, 0x5A, 0xDC, 0x08, 0x2A, 0x00, 0x00, 0x00, 0x2B, 0x42, 0x14, 0x00, 0x0D,
    0x42, 0x14, 0x00, 0x0C, 0x42, 0x14, 0x00, 0x2B, 0x42, 0x14, 0x52, 0xAA, 0x00, 0x00, 0x5A, 0xEB,
    0x5A, 0xCB, 0xAD, 0x55, 0xBD, 0xF7, 0xCE, 0x79, 0xB5, 0x96, 0x5A, 0xCB, 0x4A, 0x49, 0x4A, 0x49,
    0x84, 0x10, 0xA5, 0x34, 0x00, 0x00, 0x5A, 0xEB, 0x5A, 0xCB, 0xAD, 0x55, 0xBD, 0xF7, 0xCE, 0x79,
    0xB5, 0x96, 0x5A, 0xCB, 0x4A, 0x49, 0x4A, 0x49, 0x84, 0x10, 0xA5, 0x34, 0x00, 0x00, 0x5A, 0xEB,
    0x5A, 0xCB, 0xAD, 0x55, 0xBD, 0xF7, 0xCE, 0x79, 0xB5, 0x96, 0x5A, 0xCB, 0x4A, 0x49, 0x4A, 0x49,
    0x84, 0x10, 0xA5, 0x34, 0x00, 0x00, 0x5A, 0xEB, 0x5A, 0xCB, 0xB3, 0xAE, 0xF1, 0xC7, 0x86, 0x8B,
    0x47, 0xE8, 0x85, 0x26, 0xB0, 0x01, 0x70, 0xC5, 0x84, 0x10, 0xA5, 0x34, 0x00, 0x00, 0x5A, 0xEB,
    0x5A, 0xCB, 0xB3, 0xAE, 0xF1, 0xE7, 0x96, 0x2B, 0x47, 0xE8, 0x56, 0xE7, 0x92, 0x03, 0x70, 0xC5,
    0x84, 0x10, 0xA5, 0x34, 0x00, 0x00, 0x5A, 0xEB, 0x5A, 0xCB, 0xAD, 0x55, 0xBD, 0xF7, 0xCE, 0x79,
    0xB5, 0x96, 0x5A, 0xCB, 0x4A, 0x49, 0x4A, 0x49, 0x84, 0x10, 0xA5, 0x34, 0x00, 0x00, 0x5A, 0xEB,
    0x5A, 0xCB, 0xAD, 0x55, 0xBD, 0xF7, 0xCE, 0x79, 0xB5, 0x96, 0x5A, 0xCB, 0x4A, 0x49, 0x4A, 0x49,
    0x84, 0x10, 0xA5, 0x34, 0x00, 0x00, 0x5A, 0xEB, 0x5A, 0xCB, 0xAD, 0x55, 0xBD, 0xF7, 0xCE, 0x79,
    0xB5, 0x96, 0x5A, 0xCB, 0x4A, 0x49, 0x4A, 0x49, 0x84, 0x10, 0xA5, 0x34, 0x00, 0x00, 0x5A, 0xEB,
    0x5A, 0xCB, 0xAD, 0x55, 0xBD, 0xF7, 0xCE, 0x79, 0xB5, 0x96, 0x5A, 0xCB, 0x4A, 0x49, 0x4A, 0x49,
    0x84, 0x10, 0xA5, 0x34, 0x00, 0x00, 0x52, 0xAA, 0x42, 0x14, 0x08, 0x2A, 0x42, 0x14, 0x00, 0x0C,
    0x42, 0x14, 0x00, 0x0C, 0x42, 0x14, 0x08, 0x2A, 0x42, 0x14, 0x08, 0x2A, 0x42, 0x14, 0x08, 0x2A,
    0x42, 0x14, 0x00, 0x2B, 0x42, 0x14, 0x08, 0x2A, 0x42, 0x14, 0x00, 0x2B, 0x42, 0x14, 0x08, 0x2A,
    0x42, 0x14, 0x00, 0x2B, 0x42, 0x14, 0x00, 0x0D, 0x42, 0x14, 0x00, 0x0C, 0x42, 0x14, 0x00, 0x2B,
    0x42, 0x14, 0x00, 0x2B, 0x42, 0x14, 0x08, 0x2A, 0x42, 0x14, 0x00, 0x2B, 0x42, 0x14, 0x00, 0x0C,
    0x42, 0x14, 0x08, 0x2A, 0x42, 0x14, 0x08, 0x2A, 0x42, 0x14, 0x00, 0x2B, 0x42, 0x14, 0x00, 0x2B,
    0x42, 0x14, 0x00, 0x2B, 0x42, 0x14, 0x00, 0x2B, 0x42, 0x14, 0x00, 0x0D, 0x42, 0x14, 0x00, 0x0D,
    0x42, 0x14, 0x00, 0x0B, 0x42, 0x14, 0x00, 0x2B, 0x42, 0x14, 0x00, 0x0B, 0x42, 0x14, 0x08, 0x2A,
    0x42, 0x14, 0x00, 0x0D, 0x42, 0x14, 0x00, 0x0D, 0x42, 0x14, 0x00, 0x0D, 0x42, 0x14, 0x00, 0x0D,
    0x42, 0x14, 0x00, 0x0D, 0x42, 0x14, 0x08, 0x2A, 0x42, 0x14, 0x00, 0x0C, 0x42, 0x14, 0x52, 0xAA,
    0x00, 0x00, 0x5A, 0xEB, 0x5A, 0xCB, 0xAD, 0x55, 0xBD, 0xF7, 0xCE, 0x79, 0xB5, 0x96, 0x5A, 0xCB,
    0x4A, 0x49, 0x4A, 0x49, 0x84, 0x10, 0xA5, 0x34, 0x00, 0x00, 0x5A, 0xEB, 0x5A, 0xCB, 0xAD, 0x55,
    0xBD, 0xF7, 0xCE, 0x79, 0xB5, 0x96, 0x5A, 0xCB, 0x4A, 0x49, 0x4A, 0x49, 0x84, 0x10, 0xA5, 0x34,
    0x00, 0x00, 0x5A, 0xEB, 0x5A, 0xCB, 0xAD, 0x55, 0xBD, 0xF7, 0xCE, 0x79, 0xB5, 0x96, 0x5A, 0xCB,
    0x4A, 0x49, 0x4A, 0x49, 0x84, 0x10, 0xA5, 0x34, 0x00, 0x00, 0x5A, 0xEB, 0x5A, 0xCB, 0xAD, 0x55,
    0xBD, 0xF7, 0xCE, 0x79, 0xB5, 0x96, 0x5A, 0xCB, 0x4A, 0x49, 0x4A, 0x49, 0x84, 0x10, 0xA5, 0x34,
    0x00, 0x00, 0x5A, 0xEB, 0x5A, 0xCB, 0xB3, 0xAE, 0xF1, 0xC7, 0xF4, 0x30, 0xF3, 0x2C, 0xE8, 0x63,
    0xB0, 0x01, 0x70, 0xC5, 0x84, 0x10, 0xA5, 0x34, 0x00, 0x00, 0x5A, 0xEB, 0x5A, 0xCB, 0xAD, 0x55,
    0xBD, 0xF7, 0xCE, 0x79, 0xB5, 0x96, 0x5A, 0xCB, 0x4A, 0x49, 0x4A, 0x49, 0x84, 0x10, 0xA5, 0x34,
    0x00, 0x00, 0x5A, 0xEB, 0x5A, 0xCB, 0xAD, 0x55, 0xBD, 0xF7, 0xCE, 0x79, 0xB5, 0x96, 0x5A, 0xCB,
    0x4A, 0x49, 0x4A, 0x49, 0x84, 0x10, 0xA5, 0x34, 0x00, 0x00, 0x5A, 0xEB, 0x5A, 0xCB, 0xAD, 0x55,
    0xBD, 0xF7, 0xCE, 0x79, 0xB5, 0x96, 0x5A, 0xCB, 0x4A, 0x49, 0x4A, 0x49, 0x84, 0x10, 0xA5, 0x34,
    0x00, 0x00, 0x5A, 0xEB, 0x5A, 0xCB, 0xAD, 0x55, 0xBD, 0xF7, 0xCE, 0x79, 0xB5, 0x96, 0x5A, 0xCB,
    0x4A, 0x49, 0x4A, 0x49, 0x84, 0x10, 0xA5, 0x34, 0x00, 0x00, 0x52, 0xAA, 0x42, 0x14, 0x00, 0x2B,
    0x42, 0x14, 0x00, 0x0D, 0x42, 0x14, 0x00, 0x0D, 0x39, 0xB1, 0x00, 0x0B, 0x00, 0x00, 0x00, 0x2B,
    0x00, 0x2B, 0x63, 0x1F, 0x00, 0x2B, 0x4A, 0x57, 0x08, 0x2A, 0x42, 0x14, 0x00, 0x2B, 0x42, 0x14,
    0x00, 0x0D, 0x42, 0x14, 0x00, 0x0D, 0x42, 0x14, 0x00, 0x0D, 0x52, 0xAA, 0x00, 0x00, 0x52, 0x8A,
    0x4A, 0x69, 0xA5, 0x14, 0xD6, 0x9A, 0xE7, 0x1C, 0xCE, 0x79, 0x9C, 0xD3, 0x73, 0x8E, 0x63, 0x2C,
    0x94, 0x92, 0x9C, 0xD3, 0x00, 0x00, 0x52, 0x8A, 0x4A, 0x69, 0xA5, 0x14, 0xD6, 0x9A, 0xE7, 0x1C,
    0xCE, 0x79, 0x9C, 0xD3, 0x73, 0x8E, 0x63, 0x2C, 0x94, 0x92, 0x9C, 0xD3, 0x00, 0x00, 0x52, 0x8A,
    0x4A, 0x69, 0xA5, 0x14, 0xD6, 0x9A, 0xE7, 0x1C, 0xCE, 0x79, 0x9C, 0xD3, 0x73, 0x8E, 0x63, 0x2C,
    0x94, 0x92, 0x9C, 0xD3, 0x00, 0x00, 0x52, 0x8A, 0x4A, 0x69, 0xA3, 0xAF, 0xD8, 0x22, 0x85, 0x26,
    0x47, 0xE8, 0x74, 0xE5, 0x90, 0x22, 0x71, 0xCA, 0x94, 0x92, 0x9C, 0xD3, 0x00, 0x00, 0x52, 0x8A,
    0x4A, 0x69, 0xA3, 0xAF, 0xD8, 0x22, 0xE1, 0x04, 0x84, 0xC6, 0x47, 0xE7, 0x4E, 0xE7, 0x63, 0x6A,
    0x94, 0x92, 0x9C, 0xD3, 0x00, 0x00, 0x52, 0x8A, 0x4A, 0x69, 0xA5, 0x14, 0xD6, 0x9A, 0xE7, 0x1C,
    0xCE, 0x79, 0x9C, 0xD3, 0x73, 0x8E, 0x63, 0x2C, 0x94, 0x92, 0x9C, 0xD3, 0x00, 0x00, 0x52, 0x8A,
    0x4A, 0x69, 0xA5, 0x14, 0xD6, 0x9A, 0xE7, 0x1C, 0xCE, 0x79, 0x9C, 0xD3, 0x73, 0x8E, 0x63, 0x2C,
    0x94, 0x92, 0x9C, 0xD3, 0x00, 0x00, 0x52, 0x8A, 0x4A, 0x69, 0xA5, 0x14, 0xD6, 0x9A, 0xE7, 0x1C,
    0xCE, 0x79, 0x9C, 0xD3, 0x73, 0x8E, 0x63, 0x2C, 0x94, 0x92, 0x9C, 0xD3, 0x00, 0x00, 0x52, 0x8A,
    0x4A, 0x69, 0xA5, 0x14, 0xD6, 0x9A, 0xE7, 0x1C, 0xCE, 0x79, 0x9C, 0xD3, 0x73, 0x8E, 0x63, 0x2C,
    0x94, 0x92, 0x9C, 0xD3, 0x00, 0x00, 0x52, 0xAA, 0x00, 0x0C, 0x42, 0x14, 0x08, 0x2A, 0x42, 0x14,
    0x00, 0x0D, 0x42, 0x14, 0x00, 0x0D, 0x42, 0x14, 0x08, 0x2A, 0x42, 0x14, 0x00, 0x2B, 0x42, 0x14,
    0x00, 0x2B, 0x42, 0x14, 0x08, 0x2A, 0x42, 0x14, 0x00, 0x2B, 0x42, 0x14, 0x00, 0x2B, 0x42, 0x14,
    0x08, 0x2A, 0x42, 0x14, 0x00, 0x2B, 0x42, 0x14, 0x00, 0x0D, 0x42, 0x14, 0x00, 0x0D, 0x42, 0x14,
    0x00, 0x0D, 0x42, 0x14, 0x00, 0x0C, 0x42, 0x14, 0x08, 0x2A, 0x42, 0x14, 0x00, 0x2B, 0x42, 0x14,
    0x00, 0x0C, 0x42, 0x14, 0x00, 0x2B, 0x42, 0x14, 0x08, 0x2A, 0x42, 0x14, 0x08, 0x2A, 0x42, 0x14,
    0x08, 0x2A, 0x42, 0x14, 0x08, 0x2A, 0x42, 0x14, 0x08, 0x2A, 0x42, 0x14, 0x00, 0x2B, 0x42, 0x14,
    0x00, 0x2B, 0x42, 0x14, 0x00, 0x2B, 0x42, 0x14, 0x00, 0x0C, 0x42, 0x14, 0x00, 0x0B, 0x42, 0x14,
    0x08, 0x2A, 0x42, 0x14, 0x00, 0x0C, 0x42, 0x14, 0x00, 0x0D, 0x42, 0x14, 0x00, 0x0E, 0x42, 0x14,
    0x00, 0x0F, 0x42, 0x14, 0x00, 0x0C, 0x42, 0x14, 0x08, 0x2A, 0x42, 0x14, 0x00, 0x0D, 0x52, 0xAA,
    0x00, 0x00, 0x52, 0x8A, 0x4A, 0x69, 0xA5, 0x14, 0xD6, 0x9A, 0xE7, 0x1C, 0xCE, 0x79, 0x9C, 0xD3,
    0x73, 0x8E, 0x63, 0x2C, 0x94, 0x92, 0x9C, 0xD3, 0x00, 0x00, 0x52, 0x8A, 0x4A, 0x69, 0xA5, 0x14,
    0xD6, 0x9A, 0xE7, 0x1C, 0xCE, 0x79, 0x9C, 0xD3, 0x73, 0x8E, 0x63, 0x2C, 0x94, 0x92, 0x9C, 0xD3,
    0x00, 0x00, 0x52, 0x8A, 0x4A, 0x69, 0xA5, 0x14, 0xD6, 0x9A, 0xE7, 0x1C, 0xCE, 0x79, 0x9C, 0xD3,
    0x73, 0x8E, 0x63, 0x2C, 0x94, 0x92, 0x9C, 0xD3, 0x00, 0x00, 0x52, 0x8A, 0x4A, 0x69, 0xA5, 0x14,
    0xD6, 0x9A, 0xE7, 0x1C, 0xCE, 0x79, 0x9C, 0xD3, 0x73, 0x8E, 0x63, 0x2C, 0x94, 0x92, 0x9C, 0xD3,
    0x00, 0x00, 0x52, 0x8A, 0x4A, 0x69, 0xA3, 0xAF, 0xD8, 0x22, 0xE8, 0xA3, 0xE8, 0x63, 0xC8, 0x01,
    0x90, 0x22, 0x71, 0xCA, 0x94, 0x92, 0x9C, 0xD3, 0x00, 0x00, 0x52, 0x8A, 0x4A, 0x69, 0xA5, 0x14,
    0xD6, 0x9A, 0xE7, 0x1C, 0xCE, 0x79, 0x9C, 0xD3, 0x73, 0x8E, 0x63, 0x2C, 0x94, 0x92, 0x9C, 0xD3,
    0x00, 0x00, 0x52, 0x8A, 0x4A, 0x69, 0xA5, 0x14, 0xD6, 0x9A, 0xE7, 0x1C, 0xCE, 0x79, 0x9C, 0xD3,
    0x73, 0x8E, 0x63, 0x2C, 0x94, 0x92, 0x9C, 0xD3, 0x00, 0x00, 0x52, 0x8A, 0x4A, 0x69, 0xA5, 0x14,
    0xD6, 0x9A, 0xE7, 0x1C, 0xCE, 0x79, 0x9C, 0xD3, 0x73, 0x8E, 0x63, 0x2C, 0x94, 0x92, 0x9C, 0xD3,
    0x00, 0x00, 0x52, 0x8A, 0x4A, 0x69, 0xA5, 0x14, 0xD6, 0x9A, 0xE7, 0x1C, 0xCE, 0x79, 0x9C, 0xD3,
    0x73, 0x8E, 0x63, 0x2C, 0x94, 0x92, 0x9C, 0xD3, 0x00, 0x00, 0x52, 0xAA, 0x08, 0x2A, 0x42, 0x14,
    0x08, 0x2A, 0x42, 0x14, 0x00, 0x2B, 0x62, 0xFE, 0x00, 0x2B, 0x00, 0x00, 0x00, 0x2B, 0x00, 0x00,
    0x94, 0x9F, 0x00, 0x2B, 0x62, 0xFD, 0x00, 0x0C, 0x00, 0x00, 0x08, 0x2A, 0x42, 0x15, 0x08, 0x2A,
    0x42, 0x15, 0x00, 0x0C, 0x42, 0x15, 0x00, 0x0D, 0x42, 0x15, 0x52, 0xAA, 0x00, 0x00, 0x4A, 0x69,
    0x42, 0x08, 0x6B, 0x6D, 0xBD, 0xF7, 0xD6, 0x9A, 0xBD, 0xF7, 0xAD, 0x55, 0x8C, 0x51, 0x7B, 0xEF,
    0x94, 0x92, 0x8C, 0x71, 0x00, 0x00, 0x4A, 0x69, 0x42, 0x08, 0x6B, 0x6D, 0xBD, 0xF7, 0xD6, 0x9A,
    0xBD, 0xF7, 0xAD, 0x55, 0x8C, 0x51, 0x7B, 0xEF, 0x94, 0x92, 0x8C, 0x71, 0x00, 0x00, 0x4A, 0x69,
    0x42, 0x08, 0x6B, 0x6D, 0xBD, 0xF7, 0xD6, 0x9A, 0xBD, 0xF7, 0xAD, 0x55, 0x8C, 0x51, 0x7B, 0xEF,
    0x94, 0x92, 0x8C, 0x71, 0x00, 0x00, 0x4A, 0x69, 0x42, 0x08, 0x6B, 0x6D, 0xB1, 0xA8, 0x6C, 0xE5,
    0x47, 0xE8, 0x65, 0x05, 0x79, 0x09, 0x7B, 0x6E, 0x94, 0x92, 0x8C, 0x71, 0x00, 0x00, 0x4A, 0x69,
    0x42, 0x08, 0x6B, 0x6D, 0xB1, 0xA8, 0xB0, 0x01, 0xA8, 0x61, 0x64, 0xA5, 0x47, 0xE8, 0x4F, 0x48,
    0x7D, 0x6F, 0x8C, 0x71, 0x00, 0x00, 0x4A, 0x69, 0x42, 0x08, 0x6B, 0x6D, 0xBD, 0xF7, 0xD6, 0x9A,
    0xBD, 0xF7, 0xAD, 0x55, 0x8C, 0x51, 0x7B, 0xEF, 0x94, 0x92, 0x8C, 0x71, 0x00, 0x00, 0x4A, 0x69,
    0x42, 0x08, 0x6B, 0x6D, 0xBD, 0xF7, 0xD6, 0x9A, 0xBD, 0xF7, 0xAD, 0x55, 0x8C, 0x51, 0x7B, 0xEF,
    0x94, 0x92, 0x8C, 0x71, 0x00, 0x00, 0x4A, 0x69, 0x42, 0x08, 0x6B, 0x6D, 0xBD, 0xF7, 0xD6, 0x9A,
    0xBD, 0xF7, 0xAD, 0x55, 0x8C, 0x51, 0x7B, 0xEF, 0x94, 0x92, 0x8C, 0x71, 0x00, 0x00, 0x4A, 0x69,
    0x42, 0x08, 0x6B, 0x6D, 0xBD, 0xF7, 0xD6, 0x9A, 0xBD, 0xF7, 0xAD, 0x55, 0x8C, 0x51, 0x7B, 0xEF,
    0x94, 0x92, 0x8C, 0x71, 0x00, 0x00, 0x52, 0xAA, 0x42, 0x15, 0x00, 0x0B, 0x42, 0x15, 0x00, 0x2B,
    0x42, 0x15, 0x00, 0x0F, 0x42, 0x15, 0x00, 0x0C, 0x42, 0x15, 0x00, 0x0B, 0x42, 0x15, 0x00, 0x0C,
    0x42, 0x15, 0x00, 0x2B, 0x42, 0x15, 0x00, 0x2B, 0x42, 0x15, 0x00, 0x2B, 0x42, 0x15, 0x00, 0x0C,
    0x42, 0x15, 0x08, 0x2A, 0x42, 0x15, 0x08, 0x2A, 0x42, 0x15, 0x00, 0x0C, 0x42, 0x15, 0x00, 0x0D,
    0x42, 0x15, 0x00, 0x0F, 0x42, 0x15, 0x00, 0x0C, 0x42, 0x15, 0x08, 0x2A, 0x42, 0x15, 0x00, 0x2B,
    0x42, 0x15, 0x00, 0x0C, 0x42, 0x15, 0x00, 0x0C, 0x42, 0x15, 0x00, 0x0C, 0x42, 0x15, 0x08, 0x2A,
    0x42, 0x15, 0x08, 0x2A, 0x42, 0x15, 0x08, 0x2A, 0x42, 0x15, 0x08, 0x2A, 0x42, 0x15, 0x08, 0x2A,
    0x42, 0x15, 0x08, 0x2A, 0x42, 0x15, 0x08, 0x2A, 0x42, 0x15, 0x00, 0x0D, 0x42, 0x15, 0x00, 0x0C,
    0x42, 0x15, 0x08, 0x2A, 0x42, 0x15, 0x00, 0x2A, 0x42, 0x15, 0x00, 0x0C, 0x42, 0x15, 0x00, 0x0D,
    0x42, 0x15, 0x00, 0x0E, 0x42, 0x15, 0x00, 0x0B, 0x42, 0x15, 0x00, 0x2B, 0x42, 0x15, 0x52, 0xAA,
    0x00, 0x00, 0x4A, 0x69, 0x42, 0x08, 0x6B, 0x6D, 0xBD, 0xF7, 0xD6, 0x9A, 0xBD, 0xF7, 0xAD, 0x55,
    0x8C, 0x51, 0x7B, 0xEF, 0x94, 0x92, 0x8C, 0x71, 0x00, 0x00, 0x4A, 0x69, 0x42, 0x08, 0x6B, 0x6D,
    0xBD, 0xF7, 0xD6, 0x9A, 0xBD, 0xF7, 0xAD, 0x55, 0x8C, 0x51, 0x7B, 0xEF, 0x94, 0x92, 0x8C, 0x71,
    0x00, 0x00, 0x4A, 0x69, 0x42, 0x08, 0x6B, 0x6D, 0xBD, 0xF7, 0xD6, 0x9A, 0xBD, 0xF7, 0xAD, 0x55,
    0x8C, 0x51, 0x7B, 0xEF, 0x94, 0x92, 0x8C, 0x71, 0x00, 0x00, 0x4A, 0x69, 0x42, 0x08, 0x6B, 0x6D,
    0xBD, 0xF7, 0xD6, 0x9A, 0xBD, 0xF7, 0xAD, 0x55, 0x8C, 0x51, 0x7B, 0xEF, 0x94, 0x92, 0x8C, 0x71,
    0x00, 0x00, 0x4A, 0x69, 0x42, 0x08, 0x6B, 0x6D, 0xB1, 0xA8, 0xB0, 0x01, 0xB0, 0x01, 0x90, 0x22,
    0x79, 0x09, 0x7B, 0x6E, 0x94, 0x92, 0x8C, 0x71, 0x00, 0x00, 0x4A, 0x69, 0x42, 0x08, 0x6B, 0x6D,
    0xBD, 0xF7, 0xD6, 0x9A, 0xBD, 0xF7, 0xAD, 0x55, 0x8C, 0x51, 0x7B, 0xEF, 0x94, 0x92, 0x8C, 0x71,
    0x00, 0x00, 0x4A, 0x69, 0x42, 0x08, 0x6B, 0x6D, 0xBD, 0xF7, 0xD6, 0x9A, 0xBD, 0xF7, 0xAD, 0x55,
    0x8C, 0x51, 0x7B, 0xEF, 0x94, 0x92, 0x8C, 0x71, 0x00, 0x00, 0x4A, 0x69, 0x42, 0x08, 0x6B, 0x6D,
    0xBD, 0xF7, 0xD6, 0x9A, 0xBD, 0xF7, 0xAD, 0x55, 0x8C, 0x51, 0x7B, 0xEF, 0x94, 0x92, 0x8C, 0x71,
    0x00, 0x00, 0x4A, 0x69, 0x42, 0x08, 0x6B, 0x6D, 0xBD, 0xF7, 0xD6, 0x9A, 0xBD, 0xF7, 0xAD, 0x55,
    0x8C, 0x51, 0x7B, 0xEF, 0x94, 0x92, 0x8C, 0x71, 0x00, 0x00, 0x52, 0xAA, 0x42, 0x15, 0x08, 0x2A,
    0x42, 0x15, 0x08, 0x2A, 0x42, 0x15, 0x08, 0x2A, 0x39, 0xD1, 0x08, 0x2A, 0x00, 0x00, 0x08, 0x2A,
    0x00, 0x0C, 0x6B, 0x3F, 0x00, 0x0C, 0x4A, 0x78, 0x00, 0x0C, 0x42, 0x35, 0x00, 0x2B, 0x42, 0x35,
    0x00, 0x0C, 0x42, 0x35, 0x00, 0x0C, 0x42, 0x35, 0x00, 0x0D, 0x52, 0xAA, 0x00, 0x00, 0x42, 0x08,
    0x39, 0xE7, 0x42, 0x28, 0x6B, 0x6D, 0xA5, 0x14, 0xAD, 0x55, 0x9C, 0xF3, 0x84, 0x10, 0x7B, 0xCF,
    0x84, 0x30, 0x84, 0x10, 0x00, 0x00, 0x42, 0x08, 0x39, 0xE7, 0x42, 0x28, 0x6B, 0x6D, 0xA5, 0x14,
    0xAD, 0x55, 0x9C, 0xF3, 0x84, 0x10, 0x7B, 0xCF, 0x84, 0x30, 0x84, 0x10, 0x00, 0x00, 0x42, 0x08,
    0x39, 0xE7, 0x42, 0x28, 0x6B, 0x6D, 0xA5, 0x14, 0xAD, 0x55, 0x9C, 0xF3, 0x84, 0x10, 0x7B, 0xCF,
    0x84, 0x30, 0x84, 0x10, 0x00, 0x00, 0x42, 0x08, 0x39, 0xE7, 0x42, 0x28, 0x6B, 0x4D, 0x5D, 0xC8,
    0x47, 0xE8, 0x5D, 0xC9, 0x7B, 0x4E, 0x7B, 0xCF, 0x84, 0x30, 0x84, 0x10, 0x00, 0x00, 0x42, 0x08,
    0x39, 0xE7, 0x42, 0x28, 0x6B, 0x4D, 0x8A, 0x29, 0x89, 0xC8, 0x7A, 0x6B, 0x5E, 0x0A, 0x47, 0xE8,
    0x4F, 0x69, 0x74, 0xEE, 0x00, 0x00, 0x42, 0x08, 0x39, 0xE7, 0x42, 0x28, 0x6B, 0x6D, 0xA5, 0x14,
    0xAD, 0x55, 0x9C, 0xF3, 0x84, 0x10, 0x7B, 0xCF, 0x84, 0x30, 0x84, 0x10, 0x00, 0x00, 0x42, 0x08,
    0x39, 0xE7, 0x42, 0x28, 0x6B, 0x6D, 0xA5, 0x14, 0xAD, 0x55, 0x9C, 0xF3, 0x84, 0x10, 0x7B, 0xCF,
    0x84, 0x30, 0x84, 0x10, 0x00, 0x00, 0x42, 0x08, 0x39, 0xE7, 0x42, 0x28, 0x6B, 0x6D, 0xA5, 0x14,
    0xAD, 0x55, 0x9C, 0xF3, 0x84, 0x10, 0x7B, 0xCF, 0x84, 0x30, 0x84, 0x10, 0x00, 0x00, 0x42, 0x08,
    0x39, 0xE7, 0x42, 0x28, 0x6B, 0x6D, 0xA5, 0x14, 0xAD, 0x55, 0x9C, 0xF3, 0x84, 0x10, 0x7B, 0xCF,
    0x84, 0x30, 0x84, 0x10, 0x00, 0x00, 0x52, 0xAA, 0x00, 0x0D, 0x42, 0x35, 0x00, 0x2B, 0x42, 0x35,
    0x00, 0x0C, 0x42, 0x35, 0x00, 0x0F, 0x42, 0x35, 0x00, 0x0C, 0x42, 0x35, 0x00, 0x0D, 0x42, 0x35,
    0x00, 0x0C, 0x42, 0x35, 0x00, 0x0B, 0x42, 0x35, 0x00, 0x0C, 0x42, 0x35, 0x00, 0x0C, 0x42, 0x35,
    0x00, 0x0C, 0x42, 0x35, 0x00, 0x2B, 0x42, 0x35, 0x00, 0x0C, 0x42, 0x35, 0x00, 0x0C, 0x42, 0x35,
    0x00, 0x0D, 0x42, 0x35, 0x00, 0x0E, 0x42, 0x35, 0x00, 0x2B, 0x42, 0x35, 0x08, 0x2A, 0x42, 0x35,
    0x00, 0x0B, 0x42, 0x35, 0x00, 0x0D, 0x42, 0x35, 0x00, 0x0C, 0x42, 0x35, 0x00, 0x0C, 0x42, 0x35,
    0x00, 0x0C, 0x42, 0x35, 0x00, 0x0C, 0x42, 0x35, 0x00, 0x2B, 0x42, 0x35, 0x08, 0x2A, 0x42, 0x35,
    0x08, 0x2A, 0x42, 0x35, 0x00, 0x2B, 0x42, 0x35, 0x00, 0x2B, 0x42, 0x35, 0x00, 0x0E, 0x42, 0x35,
    0x00, 0x0D, 0x42, 0x35, 0x00, 0x2B, 0x42, 0x35, 0x08, 0x2A, 0x42, 0x35, 0x08, 0x2A, 0x42, 0x35,
    0x00, 0x0B, 0x42, 0x35, 0x00, 0x0D, 0x42, 0x35, 0x00, 0x2B, 0x42, 0x35, 0x00, 0x0C, 0x52, 0xAA,
    0x00, 0x00, 0x42, 0x08, 0x39, 0xE7, 0x42, 0x28, 0x6B, 0x6D, 0xA5, 0x14, 0xAD, 0x55, 0x9C, 0xF3,
    0x84, 0x10, 0x7B, 0xCF, 0x84, 0x30, 0x84, 0x10, 0x00, 0x00, 0x42, 0x08, 0x39, 0xE7, 0x42, 0x28,
    0x6B, 0x6D, 0xA5, 0x14, 0xAD, 0x55, 0x9C, 0xF3, 0x84, 0x10, 0x7B, 0xCF, 0x84, 0x30, 0x84, 0x10,
    0x00, 0x00, 0x42, 0x08, 0x39, 0xE7, 0x42, 0x28, 0x6B, 0x6D, 0xA5, 0x14, 0xAD, 0x55, 0x9C, 0xF3,
    0x84, 0x10, 0x7B, 0xCF, 0x84, 0x30, 0x84, 0x10, 0x00, 0x00, 0x42, 0x08, 0x39, 0xE7, 0x42, 0x28,
    0x6B, 0x6D, 0xA5, 0x14, 0xAD, 0x55, 0x9C, 0xF3, 0x84, 0x10, 0x7B, 0xCF, 0x84, 0x30, 0x84, 0x10,
    0x00, 0x00, 0x42, 0x08, 0x39, 0xE7, 0x42, 0x28, 0x6B, 0x4D, 0x8A, 0x29, 0x89, 0xC8, 0x82, 0x2C,
    0x7B, 0x4E, 0x7B, 0xCF, 0x84, 0x30, 0x84, 0x10, 0x00, 0x00, 0x42, 0x08, 0x39, 0xE7, 0x42, 0x28,
    0x6B, 0x6D, 0xA5, 0x14, 0xAD, 0x55, 0x9C, 0xF3, 0x84, 0x10, 0x7B, 0xCF, 0x84, 0x30, 0x84, 0x10,
    0x00, 0x00, 0x42, 0x08, 0x39, 0xE7, 0x42, 0x28, 0x6B, 0x6D, 0xA5, 0x14, 0xAD, 0x55, 0x9C, 0xF3,
    0x84, 0x10, 0x7B, 0xCF, 0x84, 0x30, 0x84, 0x10, 0x00, 0x00, 0x42, 0x08, 0x39, 0xE7, 0x42, 0x28,
    0x6B, 0x6D, 0xA5, 0x14, 0xAD, 0x55, 0x9C, 0xF3, 0x84, 0x10, 0x7B, 0xCF, 0x84, 0x30, 0x84, 0x10,
    0x00, 0x00, 0x42, 0x08, 0x39, 0xE7, 0x42, 0x28, 0x6B, 0x6D, 0xA5, 0x14, 0xAD, 0x55, 0x9C, 0xF3,
    0x84, 0x10, 0x7B, 0xCF, 0x84, 0x30, 0x84, 0x10, 0x00, 0x00, 0x52, 0xAA, 0x00, 0x0C, 0x42, 0x35,
    0x00, 0x2B, 0x42, 0x35, 0x08, 0x2A, 0x63, 0x1E, 0x08, 0x2A, 0x00, 0x00, 0x00, 0x2B, 0x00, 0x00,
    0x9C, 0xBF, 0x00, 0x0C, 0x63, 0x1D, 0x00, 0x0D, 0x00, 0x00, 0x00, 0x0D, 0x42, 0x35, 0x00, 0x0C,
    0x42, 0x35, 0x00, 0x2B, 0x42, 0x35, 0x00, 0x0B, 0x42, 0x35, 0x52, 0xAA, 0x00, 0x00, 0x39, 0xE7,
    0x31, 0xA6, 0x39, 0xE7, 0x42, 0x08, 0x4A, 0x69, 0x5A, 0xCB, 0x5A, 0xCB, 0x63, 0x2C, 0x73, 0x8E,
    0x7B, 0xEF, 0x73, 0xAE, 0x00, 0x00, 0x39, 0xE7, 0x31, 0xA6, 0x39, 0xE7, 0x42, 0x08, 0x4A, 0x69,
    0x5A, 0xCB, 0x5A, 0xCB, 0x63, 0x2C, 0x73, 0x8E, 0x7B, 0xEF, 0x73, 0xAE, 0x00, 0x00, 0x39, 0xE7,
    0x31, 0xA6, 0x39, 0xE7, 0x42, 0x08, 0x4A, 0x69, 0x5A, 0xCB, 0x5A, 0xCB, 0x63, 0x2C, 0x73, 0x8E,
    0x7B, 0xEF, 0x73, 0xAE, 0x00, 0x00, 0x39, 0xE7, 0x31, 0xA6, 0x39, 0xE7, 0x42, 0x08, 0x45, 0xC8,
    0x47, 0xE8, 0x4D, 0xE9, 0x63, 0x2C, 0x73, 0x8E, 0x7B, 0xEF, 0x73, 0xAE, 0x00, 0x00, 0x39, 0xE7,
    0x31, 0xA6, 0x39, 0xE7, 0x42, 0x08, 0x4A, 0x69, 0x5A, 0xCB, 0x5A, 0xCB, 0x63, 0x6C, 0x56, 0x2A,
    0x47, 0xE8, 0x4F, 0x09, 0x09, 0x01, 0x39, 0xE7, 0x31, 0xA6, 0x3A, 0x27, 0x42, 0xA8, 0x4A, 0x69,
    0x5A, 0xCB, 0x5A, 0xCB, 0x63, 0x2C, 0x73, 0x8E, 0x7B, 0xEF, 0x73, 0xAE, 0x00, 0x00, 0x39, 0xE7,
    0x31, 0xA6, 0x39, 0xE7, 0x42, 0x08, 0x4A, 0x69, 0x5A, 0xCB, 0x5A, 0xCB, 0x63, 0x2C, 0x73, 0x8E,
    0x7B, 0xEF, 0x73, 0xAE, 0x00, 0x00, 0x39, 0xE7, 0x31, 0xA6, 0x39, 0xE7, 0x42, 0x08, 0x4A, 0x69,
    0x5A, 0xCB, 0x5A, 0xCB, 0x63, 0x2C, 0x73, 0x8E, 0x7B, 0xEF, 0x73, 0xAE, 0x00, 0x00, 0x39, 0xE7,
    0x31, 0xA6, 0x39, 0xE7, 0x42, 0x08, 0x4A, 0x69, 0x5A, 0xCB, 0x5A, 0xCB, 0x63, 0x2C, 0x73, 0x8E,
    0x7B, 0xEF, 0x73, 0xAE, 0x00, 0x00, 0x52, 0xAA, 0x42, 0x35, 0x00, 0x2B, 0x42, 0x35, 0x08, 0x2A,
    0x42, 0x35, 0x00, 0x0C, 0x42, 0x35, 0x00, 0x0E, 0x42, 0x35, 0x00, 0x0B, 0x42, 0x35, 0x00, 0x0C,
    0x42, 0x35, 0x00, 0x0C, 0x42, 0x35, 0x00, 0x0C, 0x42, 0x35, 0x00, 0x0C, 0x42, 0x35, 0x00, 0x0D,
    0x42, 0x35, 0x00, 0x0D, 0x42, 0x35, 0x00, 0x0C, 0x42, 0x35, 0x00, 0x2B, 0x42, 0x35, 0x00, 0x0B,
    0x42, 0x35, 0x00, 0x0E, 0x42, 0x35, 0x00, 0x0D, 0x42, 0x35, 0x00, 0x2B, 0x42, 0x35, 0x00, 0x2A,
    0x42, 0x35, 0x00, 0x2B, 0x42, 0x35, 0x00, 0x2B, 0x42, 0x35, 0x00, 0x2B, 0x42, 0x35, 0x00, 0x0C,
    0x42, 0x35, 0x00, 0x0C, 0x42, 0x35, 0x00, 0x0D, 0x42, 0x35, 0x00, 0x2B, 0x42, 0x35, 0x08, 0x2A,
    0x42, 0x35, 0x00, 0x0C, 0x42, 0x35, 0x00, 0x2B, 0x42, 0x35, 0x00, 0x0D, 0x42, 0x35, 0x00, 0x0F,
    0x42, 0x35, 0x00, 0x0E, 0x42, 0x35, 0x00, 0x0C, 0x42, 0x35, 0x08, 0x2A, 0x42, 0x35, 0x08, 0x2A,
    0x42, 0x35, 0x00, 0x2B, 0x42, 0x35, 0x00, 0x2B, 0x42, 0x35, 0x08, 0x2A, 0x42, 0x35, 0x52, 0xAA,
    0x00, 0x00, 0x39, 0xE7, 0x31, 0xA6, 0x39, 0xE7, 0x42, 0x08, 0x4A, 0x69, 0x5A, 0xCB, 0x5A, 0xCB,
    0x63, 0x2C, 0x73, 0x8E, 0x7B, 0xEF, 0x73, 0xAE, 0x00, 0x00, 0x39, 0xE7, 0x31, 0xA6, 0x39, 0xE7,
    0x42, 0x08, 0x4A, 0x69, 0x5A, 0xCB, 0x5A, 0xCB, 0x63, 0x2C, 0x73, 0x8E, 0x7B, 0xEF, 0x73, 0xAE,
    0x00, 0x00, 0x39, 0xE7, 0x31, 0xA6, 0x39, 0xE7, 0x42, 0x08, 0x4A, 0x69, 0x5A, 0xCB, 0x5A, 0xCB,
    0x63, 0x2C, 0x73, 0x8E, 0x7B, 0xEF, 0x73, 0xAE, 0x00, 0x00, 0x39, 0xE7, 0x31, 0xA6, 0x39, 0xE7,
    0x42, 0x08, 0x4A, 0x69, 0x5A, 0xCB, 0x5A, 0xCB, 0x63, 0x2C, 0x73, 0x8E, 0x7B, 0xEF, 0x73, 0xAE,
    0x00, 0x00, 0x39, 0xE7, 0x31, 0xA6, 0x39, 0xE7, 0x42, 0x08, 0x4A, 0x69, 0x5A, 0xCB, 0x5A, 0xCB,
    0x63, 0x2C, 0x73, 0x8E, 0x7B, 0xEF, 0x73, 0xAE, 0x00, 0x00, 0x39, 0xE7, 0x31, 0xA6, 0x39, 0xE7,
    0x42, 0x08, 0x4A, 0x69, 0x5A, 0xCB, 0x5A, 0xCB, 0x63, 0x2C, 0x73, 0x8E, 0x7B, 0xEF, 0x73, 0xAE,
    0x00, 0x00, 0x39, 0xE7, 0x31, 0xA6, 0x39, 0xE7, 0x42, 0x08, 0x4A, 0x69, 0x5A, 0xCB, 0x5A, 0xCB,
    0x63, 0x2C, 0x73, 0x8E, 0x7B, 0xEF, 0x73, 0xAE, 0x00, 0x00, 0x39, 0xE7, 0x31, 0xA6, 0x39, 0xE7,
    0x42, 0x08, 0x4A, 0x69, 0x5A, 0xCB, 0x5A, 0xCB, 0x63, 0x2C, 0x73, 0x8E, 0x7B, 0xEF, 0x73, 0xAE,
    0x00, 0x00, 0x39, 0xE7, 0x31, 0xA6, 0x39, 0xE7, 0x42, 0x08, 0x4A, 0x69, 0x5A, 0xCB, 0x5A, 0xCB,
    0x63, 0x2C, 0x73, 0x8E, 0x7B, 0xEF, 0x73, 0xAE, 0x00, 0x00, 0x52, 0xAA, 0x42, 0x35, 0x00, 0x0D,
    0x42, 0x35, 0x00, 0x2B, 0x42, 0x35, 0x08, 0x2A, 0x39, 0xD2, 0x00, 0x0C, 0x00, 0x00, 0x00, 0x2B,
    0x00, 0x0C, 0x6B, 0x5F, 0x00, 0x0C, 0x52, 0x78, 0x00, 0x0C, 0x4A, 0x35, 0x00, 0x0C, 0x4A, 0x35,
    0x00, 0x2B, 0x4A, 0x35, 0x08, 0x2A, 0x4A, 0x35, 0x00, 0x2B, 0x52, 0xAA, 0x00, 0x00, 0x42, 0x28,
    0x39, 0xE7, 0x42, 0x08, 0x4A, 0x69, 0x52, 0x8A, 0x5A, 0xEB, 0x63, 0x0C, 0x6B, 0x6D, 0x73, 0xAE,
    0x84, 0x10, 0x84, 0x10, 0x00, 0x00, 0x42, 0x28, 0x39, 0xE7, 0x42, 0x08, 0x4A, 0x69, 0x52, 0x8A,
    0x5A, 0xEB, 0x63, 0x0C, 0x6B, 0x6D, 0x73, 0xAE, 0x84, 0x10, 0x84, 0x10, 0x00, 0x00, 0x42, 0x28,
    0x39, 0xE7, 0x42, 0x08, 0x4A, 0x69, 0x52, 0x8A, 0x5A, 0xEB, 0x63, 0x0C, 0x6B, 0x6D, 0x73, 0xAE,
    0x84, 0x10, 0x84, 0x10, 0x00, 0x00, 0x42, 0x28, 0x39, 0xE7, 0x42, 0x08, 0x4A, 0x69, 0x45, 0xE8,
    0x47, 0xE8, 0x4E, 0x09, 0x6B, 0x6D, 0x73, 0xAE, 0x84, 0x10, 0x84, 0x10, 0x00, 0x00, 0x42, 0x28,
    0x39, 0xE7, 0x42, 0x08, 0x4A, 0x69, 0x52, 0x8A, 0x5A, 0xEB, 0x63, 0x0C, 0x6B, 0x6D, 0x73, 0xEE,
    0x56, 0xCA, 0x47, 0xE8, 0x2D, 0xE5, 0x42, 0xE8, 0x3A, 0xA7, 0x45, 0xA8, 0x45, 0x88, 0x52, 0x8A,
    0x5A, 0xEB, 0x63, 0x0C, 0x6B, 0x6D, 0x73, 0xAE, 0x84, 0x10, 0x84, 0x10, 0x00, 0x00, 0x42, 0x28,
    0x39, 0xE7, 0x42, 0x08, 0x4A, 0x69, 0x52, 0x8A, 0x5A, 0xEB, 0x63, 0x0C, 0x6B, 0x6D, 0x73, 0xAE,
    0x84, 0x10, 0x84, 0x10, 0x00, 0x00, 0x42, 0x28, 0x39, 0xE7, 0x42, 0x08, 0x4A, 0x69, 0x52, 0x8A,
    0x5A, 0xEB, 0x63, 0x0C, 0x6B, 0x6D, 0x73, 0xAE, 0x84, 0x10, 0x84, 0x10, 0x00, 0x00, 0x42, 0x28,
    0x39, 0xE7, 0x42, 0x08, 0x4A, 0x69, 0x52, 0x8A, 0x5A, 0xEB, 0x63, 0x0C, 0x6B, 0x6D, 0x73, 0xAE,
    0x84, 0x10, 0x84, 0x10, 0x00, 0x00, 0x52, 0xAA, 0x00, 0x2B, 0x4A, 0x35, 0x08, 0x2A, 0x4A, 0x35,
    0x08, 0x2A, 0x4A, 0x35, 0x00, 0x0D, 0x4A, 0x35, 0x00, 0x0C, 0x4A, 0x35, 0x08, 0x2A, 0x4A, 0x35,
    0x00, 0x2B, 0x4A, 0x35, 0x00, 0x0C, 0x4A, 0x35, 0x00, 0x0C, 0x4A, 0x35, 0x00, 0x0C, 0x4A, 0x35,
    0x00, 0x0C, 0x4A, 0x35, 0x00, 0x0C, 0x4A, 0x35, 0x00, 0x2B, 0x4A, 0x35, 0x08, 0x2A, 0x4A, 0x35,
    0x00, 0x2B, 0x4A, 0x35, 0x00, 0x0D, 0x4A, 0x35, 0x00, 0x0C, 0x4A, 0x35, 0x00, 0x2B, 0x4A, 0x35,
    0x00, 0x2B, 0x4A, 0x35, 0x08, 0x2A, 0x4A, 0x35, 0x08, 0x2A, 0x4A, 0x35, 0x08, 0x2A, 0x4A, 0x35,
    0x00, 0x0C, 0x4A, 0x35, 0x00, 0x0C, 0x4A, 0x35, 0x00, 0x0D, 0x4A, 0x35, 0x00, 0x2B, 0x4A, 0x35,
    0x00, 0x2B, 0x4A, 0x35, 0x00, 0x0C, 0x4A, 0x35, 0x00, 0x2B, 0x4A, 0x35, 0x00, 0x0C, 0x4A, 0x35,
    0x00, 0x0D, 0x4A, 0x35, 0x00, 0x0F, 0x4A, 0x35, 0x00, 0x0C, 0x4A, 0x35, 0x00, 0x2B, 0x4A, 0x35,
    0x00, 0x2B, 0x4A, 0x35, 0x00, 0x2B, 0x4A, 0x35, 0x08, 0x2A, 0x4A, 0x35, 0x08, 0x2A, 0x52, 0xAA,
    0x00, 0x00, 0x42, 0x28, 0x39, 0xE7, 0x42, 0x08, 0x4A, 0x69, 0x52, 0x8A, 0x5A, 0xEB, 0x63, 0x0C,
    0x6B, 0x6D, 0x73, 0xAE, 0x84, 0x10, 0x84, 0x10, 0x00, 0x00, 0x42, 0x28, 0x39, 0xE7, 0x42, 0x08,
    0x4A, 0x69, 0x52, 0x8A, 0x5A, 0xEB, 0x63, 0x0C, 0x6B, 0x6D, 0x73, 0xAE, 0x84, 0x10, 0x84, 0x10,
    0x00, 0x00, 0x42, 0x28, 0x39, 0xE7, 0x42, 0x08, 0x4A, 0x69, 0x52, 0x8A, 0x5A, 0xEB, 0x63, 0x0C,
    0x6B, 0x6D, 0x73, 0xAE, 0x84, 0x10, 0x84, 0x10, 0x00, 0x00, 0x42, 0x28, 0x39, 0xE7, 0x42, 0x08,
    0x4A, 0x69, 0x52, 0x8A, 0x5A, 0xEB, 0x63, 0x0C, 0x6B, 0x6D, 0x73, 0xAE, 0x84, 0x10, 0x84, 0x10,
    0x00, 0x00, 0x42, 0x28, 0x39, 0xE7, 0x42, 0x08, 0x4A, 0x69, 0x52, 0x8A, 0x5A, 0xEB, 0x63, 0x0C,
    0x6B, 0x6D, 0x73, 0xAE, 0x84, 0x10, 0x84, 0x10, 0x00, 0x00, 0x42, 0x28, 0x39, 0xE7, 0x42, 0x08,
    0x4A, 0x69, 0x52, 0x8A, 0x5A, 0xEB, 0x63, 0x0C, 0x6B, 0x6D, 0x73, 0xAE, 0x84, 0x10, 0x84, 0x10,
    0x00, 0x00, 0x42, 0x28, 0x39, 0xE7, 0x42, 0x08, 0x4A, 0x69, 0x52, 0x8A, 0x5A, 0xEB, 0x63, 0x0C,
    0x6B, 0x6D, 0x73, 0xAE, 0x84, 0x10, 0x84, 0x10, 0x00, 0x00, 0x42, 0x28, 0x39, 0xE7, 0x42, 0x08,
    0x4A, 0x69, 0x52, 0x8A, 0x5A, 0xEB, 0x63, 0x0C, 0x6B, 0x6D, 0x73, 0xAE, 0x84, 0x10, 0x84, 0x10,
    0x00, 0x00, 0x42, 0x28, 0x39, 0xE7, 0x42, 0x08, 0x4A, 0x69, 0x52, 0x8A, 0x5A, 0xEB, 0x63, 0x0C,
    0x6B, 0x6D, 0x73, 0xAE, 0x84, 0x10, 0x84, 0x10, 0x00, 0x00, 0x52, 0xAA, 0x00, 0x0C, 0x4A, 0x35,
    0x00, 0x0D, 0x4A, 0x35, 0x00, 0x2B, 0x63, 0x3E, 0x00, 0x2B, 0x00, 0x00, 0x00, 0x0C, 0x00, 0x00,
    0x9C, 0xDF, 0x00, 0x2B, 0x63, 0x1E, 0x08, 0x2A, 0x00, 0x00, 0x00, 0x2A, 0x4A, 0x35, 0x00, 0x2B,
    0x4A, 0x35, 0x08, 0x2A, 0x4A, 0x35, 0x08, 0x2A, 0x4A, 0x35, 0x52, 0xAA, 0x00, 0x00, 0x00, 0x00,
    0x00, 0x00, 0x00, 0x00, 0x00, 0x00, 0x00, 0x00, 0x00, 0x00, 0x00, 0x00, 0x00, 0x00, 0x00, 0x00,
    0x00, 0x00, 0x00, 0x00, 0x00, 0x00, 0x00, 0x00, 0x00, 0x00, 0x00, 0x00, 0x00, 0x00, 0x00, 0x00,
    0x00, 0x00, 0x00, 0x00, 0x00, 0x00, 0x00, 0x00, 0x00, 0x00, 0x00, 0x00, 0x00, 0x00, 0x00, 0x00,
    0x00, 0x00, 0x00, 0x00, 0x00, 0x00, 0x00, 0x00, 0x00, 0x00, 0x00, 0x00, 0x00, 0x00, 0x00, 0x00,
    0x00, 0x00, 0x00, 0x00, 0x00, 0x00, 0x00, 0x00, 0x00, 0x00, 0x00, 0x00, 0x00, 0x00, 0x2C, 0xE5,
    0x47, 0xE8, 0x2C, 0xE5, 0x00, 0x00, 0x00, 0x00, 0x00, 0x00, 0x00, 0x00, 0x00, 0x00, 0x00, 0x00,
    0x00, 0x00, 0x00, 0x00, 0x00, 0x00, 0x00, 0x00, 0x00, 0x00, 0x00, 0x00, 0x00, 0x00, 0x00, 0x00,
    0x09, 0x01, 0x2D, 0xE5, 0x47, 0xE8, 0x36, 0x26, 0x36, 0x26, 0x47, 0xE8, 0x36, 0x46, 0x00, 0x60,
    0x00, 0x00, 0x00, 0x00, 0x00, 0x00, 0x00, 0x00, 0x00, 0x00, 0x00, 0x00, 0x00, 0x00, 0x00, 0x00,
    0x00, 0x00, 0x00, 0x00, 0x00, 0x00, 0x00, 0x00, 0x00, 0x00, 0x00, 0x00, 0x00, 0x00, 0x00, 0x00,
    0x00, 0x00, 0x00, 0x00, 0x00, 0x00, 0x00, 0x00, 0x00, 0x00, 0x00, 0x00, 0x00, 0x00, 0x00, 0x00,
    0x00, 0x00, 0x00, 0x00, 0x00, 0x00, 0x00, 0x00, 0x00, 0x00, 0x00, 0x00, 0x00, 0x00, 0x00, 0x00,
    0x00, 0x00, 0x00, 0x00, 0x00, 0x00, 0x00, 0x00, 0x00, 0x00, 0x00, 0x00, 0x00, 0x00, 0x00, 0x00,
    0x00, 0x00, 0x00, 0x00, 0x00, 0x00, 0x52, 0xAA, 0x4A, 0x35, 0x00, 0x0C, 0x4A, 0x35, 0x08, 0x2A,
    0x4A, 0x35, 0x00, 0x0C, 0x4A, 0x35, 0x00, 0x0D, 0x4A, 0x35, 0x00, 0x2B, 0x4A, 0x35, 0x08, 0x2A,
    0x4A, 0x35, 0x00, 0x2B, 0x4A, 0x35, 0x00, 0x2B, 0x4A, 0x35, 0x00, 0x2B, 0x4A, 0x35, 0x08, 0x2A,
    0x4A, 0x35, 0x00, 0x2A, 0x4A, 0x35, 0x00, 0x2B, 0x4A, 0x35, 0x08, 0x2A, 0x4A, 0x35, 0x08, 0x2A,
    0x4A, 0x35, 0x00, 0x2B, 0x4A, 0x35, 0x00, 0x0C, 0x4A, 0x35, 0x00, 0x2B, 0x4A, 0x35, 0x00, 0x0C,
    0x4A, 0x35, 0x00, 0x2B, 0x4A, 0x35, 0x08, 0x2A, 0x4A, 0x35, 0x08, 0x2A, 0x4A, 0x35, 0x08, 0x2A,
    0x4A, 0x35, 0x08, 0x2A, 0x4A, 0x35, 0x00, 0x0C, 0x4A, 0x35, 0x00, 0x0D, 0x4A, 0x35, 0x00, 0x2B,
    0x4A, 0x35, 0x00, 0x2B, 0x4A, 0x35, 0x08, 0x2A, 0x4A, 0x35, 0x08, 0x2A, 0x4A, 0x35, 0x08, 0x2A,
    0x4A, 0x35, 0x00, 0x0D, 0x4A, 0x35, 0x00, 0x0E, 0x4A, 0x35, 0x00, 0x0C, 0x4A, 0x35, 0x00, 0x0C,
    0x4A, 0x35, 0x00, 0x2B, 0x4A, 0x35, 0x00, 0x0C, 0x4A, 0x35, 0x08, 0x2A, 0x4A, 0x35, 0x52, 0xAA,
    0x00, 0x00, 0x00, 0x00, 0x00, 0x00, 0x00, 0x00, 0x00, 0x00, 0x00, 0x00, 0x00, 0x00, 0x00, 0x00,
    0x00, 0x00, 0x00, 0x00, 0x00, 0x00, 0x00, 0x00, 0x00, 0x00, 0x00, 0x00, 0x00, 0x00, 0x00, 0x00,
    0x00, 0x00, 0x00, 0x00, 0x00, 0x00, 0x00, 0x00, 0x00, 0x00, 0x00, 0x00, 0x00, 0x00, 0x00, 0x00,
    0x00, 0x00, 0x00, 0x00, 0x00, 0x00, 0x00, 0x00, 0x00, 0x00, 0x00, 0x00, 0x00, 0x00, 0x00, 0x00,
    0x00, 0x00, 0x00, 0x00, 0x00, 0x00, 0x00, 0x00, 0x00, 0x00, 0x00, 0x00, 0x00, 0x00, 0x00, 0x00,
    0x00, 0x00, 0x00, 0x00, 0x00, 0x00, 0x00, 0x00, 0x00, 0x00, 0x00, 0x00, 0x00, 0x00, 0x00, 0x00,
    0x00, 0x00, 0x00, 0x00, 0x00, 0x00, 0x00, 0x00, 0x00, 0x00, 0x00, 0x00, 0x00, 0x00, 0x00, 0x00,
    0x00, 0x00, 0x00, 0x00, 0x00, 0x00, 0x00, 0x00, 0x00, 0x00, 0x00, 0x00, 0x00, 0x00, 0x00, 0x00,
    0x00, 0x00, 0x00, 0x00, 0x00, 0x00, 0x00, 0x00, 0x00, 0x00, 0x00, 0x00, 0x00, 0x00, 0x00, 0x00,
    0x00, 0x00, 0x00, 0x00, 0x00, 0x00, 0x00, 0x00, 0x00, 0x00, 0x00, 0x00, 0x00, 0x00, 0x00, 0x00,
    0x00, 0x00, 0x00, 0x00, 0x00, 0x00, 0x00, 0x00, 0x00, 0x00, 0x00, 0x00, 0x00, 0x00, 0x00, 0x00,
    0x00, 0x00, 0x00, 0x00, 0x00, 0x00, 0x00, 0x00, 0x00, 0x00, 0x00, 0x00, 0x00, 0x00, 0x00, 0x00,
    0x00, 0x00, 0x00, 0x00, 0x00, 0x00, 0x00, 0x00, 0x00, 0x00, 0x00, 0x00, 0x00, 0x00, 0x00, 0x00,
    0x00, 0x00, 0x00, 0x00, 0x00, 0x00, 0x00, 0x00, 0x00, 0x00, 0x52, 0xAA, 0x4A, 0x35, 0x00, 0x0C,
    0x4A, 0x35, 0x00, 0x0D, 0x4A, 0x35, 0x00, 0x2B, 0x39, 0xD2, 0x00, 0x2B, 0x00, 0x00, 0x08, 0x2A,
    0x00, 0x2B, 0x6B, 0x7F, 0x00, 0x2A, 0x52, 0x98, 0x08, 0x2A, 0x4A, 0x55, 0x08, 0x2A, 0x4A, 0x55,
    0x00, 0x2B, 0x4A, 0x55, 0x08, 0x2A, 0x4A, 0x55, 0x08, 0x2A, 0x52, 0xAA, 0x00, 0x00, 0x84, 0x10,
    0x73, 0xAE, 0x84, 0x10, 0x8C, 0x71, 0x9C, 0xD3, 0xA5, 0x34, 0xAD, 0x55, 0xB5, 0xB6, 0xB5, 0xB6,
    0xBD, 0xF7, 0xBD, 0xD7, 0x00, 0x00, 0x84, 0x10, 0x73, 0xAE, 0x84, 0x10, 0x8C, 0x71, 0x9C, 0xD3,
    0xA5, 0x34, 0xAD, 0x55, 0xB5, 0xB6, 0xB5, 0xB6, 0xBD, 0xF7, 0xBD, 0xD7, 0x00, 0x00, 0x84, 0x10,
    0x73, 0xAE, 0x84, 0x10, 0x8C, 0x71, 0x9C, 0xD3, 0xA5, 0x34, 0xAD, 0x55, 0xB5, 0xB6, 0xB5, 0xB6,
    0xBD, 0xF7, 0xBD, 0xD7, 0x00, 0x00, 0x84, 0x10, 0x64, 0xEC, 0x5E, 0x6B, 0x5E, 0x8B, 0x4F, 0x89,
    0x47, 0xE8, 0x4F, 0x89, 0x6F, 0x0D, 0x77, 0x0E, 0xAE, 0x35, 0xBD, 0xD7, 0x00, 0x00, 0x84, 0x10,
    0x73, 0xAE, 0x84, 0x10, 0x8C, 0x71, 0x9C, 0xD3, 0xA5, 0x34, 0xAD, 0x55, 0xB5, 0xB6, 0xB5, 0xB6,
    0xBD, 0xF7, 0xAE, 0x15, 0x36, 0x26, 0x47, 0xE8, 0x47, 0xE8, 0x47, 0xE8, 0x47, 0xA8, 0x8D, 0x51,
    0xA5, 0x34, 0xAD, 0x55, 0xB5, 0xB6, 0xB5, 0xB6, 0xBD, 0xF7, 0xBD, 0xD7, 0x00, 0x00, 0x84, 0x10,
    0x73, 0xAE, 0x84, 0x10, 0x8C, 0x71, 0x9C, 0xD3, 0xA5, 0x34, 0xAD, 0x55, 0xB5, 0xB6, 0xB5, 0xB6,
    0xBD, 0xF7, 0xBD, 0xD7, 0x00, 0x00, 0x84, 0x10, 0x73, 0xAE, 0x84, 0x10, 0x8C, 0x71, 0x9C, 0xD3,
    0xA5, 0x34, 0xAD, 0x55, 0xB5, 0xB6, 0xB5, 0xB6, 0xBD, 0xF7, 0xBD, 0xD7, 0x00, 0x00, 0x84, 0x10,
    0x73, 0xAE, 0x84, 0x10, 0x8C, 0x71, 0x9C, 0xD3, 0xA5, 0x34, 0xAD, 0x55, 0xB5, 0xB6, 0xB5, 0xB6,
    0xBD, 0xF7, 0xBD, 0xD7, 0x00, 0x00, 0x52, 0xAA, 0x00, 0x0C, 0x4A, 0x55, 0x00, 0x0C, 0x4A, 0x55,
    0x00, 0x2B, 0x4A, 0x55, 0x00, 0x0E, 0x4A, 0x55, 0x00, 0x0C, 0x4A, 0x55, 0x00, 0x2B, 0x4A, 0x55,
    0x08, 0x2A, 0x4A, 0x55, 0x00, 0x2B, 0x4A, 0x55, 0x00, 0x2B, 0x4A, 0x55, 0x00, 0x2A, 0x4A, 0x55,
    0x08, 0x2A, 0x4A, 0x55, 0x08, 0x2A, 0x4A, 0x55, 0x00, 0x2B, 0x4A, 0x55, 0x08, 0x2A, 0x4A, 0x55,
    0x08, 0x2A, 0x4A, 0x55, 0x00, 0x0C, 0x4A, 0x55, 0x00, 0x2B, 0x4A, 0x55, 0x00, 0x2B, 0x4A, 0x55,
    0x00, 0x0C, 0x4A, 0x55, 0x00, 0x0C, 0x4A, 0x55, 0x00, 0x0C, 0x4A, 0x55, 0x08, 0x2A, 0x4A, 0x55,
    0x08, 0x2A, 0x4A, 0x55, 0x08, 0x2A, 0x4A, 0x55, 0x00, 0x2B, 0x4A, 0x55, 0x00, 0x2B, 0x4A, 0x55,
    0x00, 0x2B, 0x4A, 0x55, 0x08, 0x2A, 0x4A, 0x55, 0x08, 0x2A, 0x4A, 0x55, 0x08, 0x2A, 0x4A, 0x55,
    0x08, 0x2A, 0x4A, 0x55, 0x00, 0x0B, 0x4A, 0x55, 0x00, 0x0D, 0x4A, 0x55, 0x00, 0x0D, 0x4A, 0x55,
    0x00, 0x0C, 0x4A, 0x55, 0x00, 0x0C, 0x4A, 0x55, 0x00, 0x0C, 0x4A, 0x55, 0x00, 0x2B, 0x52, 0xAA,
    0x00, 0x00, 0x84, 0x10, 0x73, 0xAE, 0x84, 0x10, 0x8C, 0x71, 0x9C, 0xD3, 0xA5, 0x34, 0xAD, 0x55,
    0xB5, 0xB6, 0xB5, 0xB6, 0xBD, 0xF7, 0xBD, 0xD7, 0x00, 0x00, 0x84, 0x10, 0x73, 0xAE, 0x84, 0x10,
    0x8C, 0x71, 0x9C, 0xD3, 0xA5, 0x34, 0xAD, 0x55, 0xB5, 0xB6, 0xB5, 0xB6, 0xBD, 0xF7, 0xBD, 0xD7,
    0x00, 0x00, 0x84, 0x10, 0x73, 0xAE, 0x84, 0x10, 0x8C, 0x71, 0x9C, 0xD3, 0xA5, 0x34, 0xAD, 0x55,
    0xB5, 0xB6, 0xB5, 0xB6, 0xBD, 0xF7, 0xBD, 0xD7, 0x00, 0x00, 0x84, 0x10, 0x73, 0xAE, 0x84, 0x10,
    0x8C, 0x71, 0x9C, 0xD3, 0xA5, 0x34, 0xAD, 0x55, 0xB5, 0xB6, 0xB5, 0xB6, 0xBD, 0xF7, 0xBD, 0xD7,
    0x00, 0x00, 0x84, 0x10, 0x73, 0xAE, 0x84, 0x10, 0x8C, 0x71, 0x9C, 0xD3, 0xA5, 0x34, 0xAD, 0x55,
    0xB5, 0xB6, 0xB5, 0xB6, 0xBD, 0xF7, 0xBD, 0xD7, 0x00, 0x00, 0x84, 0x10, 0x73, 0xAE, 0x84, 0x10,
    0x8C, 0x71, 0x9C, 0xD3, 0xA5, 0x34, 0xAD, 0x55, 0xB5, 0xB6, 0xB5, 0xB6, 0xBD, 0xF7, 0xBD, 0xD7,
    0x00, 0x00, 0x84, 0x10, 0x73, 0xAE, 0x84, 0x10, 0x8C, 0x71, 0x9C, 0xD3, 0xA5, 0x34, 0xAD, 0x55,
    0xB5, 0xB6, 0xB5, 0xB6, 0xBD, 0xF7, 0xBD, 0xD7, 0x00, 0x00, 0x84, 0x10, 0x73, 0xAE, 0x84, 0x10,
    0x8C, 0x71, 0x9C, 0xD3, 0xA5, 0x34, 0xAD, 0x55, 0xB5, 0xB6, 0xB5, 0xB6, 0xBD, 0xF7, 0xBD, 0xD7,
    0x00, 0x00, 0x84, 0x10, 0x73, 0xAE, 0x84, 0x10, 0x8C, 0x71, 0x9C, 0xD3, 0xA5, 0x34, 0xAD, 0x55,
    0xB5, 0xB6, 0xB5, 0xB6, 0xBD, 0xF7, 0xBD, 0xD7, 0x00, 0x00, 0x52, 0xAA, 0x08, 0x2A, 0x4A, 0x55,
    0x00, 0x2B, 0x4A, 0x55, 0x00, 0x2B, 0x6B, 0x3F, 0x00, 0x2B, 0x00, 0x00, 0x08, 0x2A, 0x00, 0x00,
    0xA4, 0xFF, 0x00, 0x2B, 0x6B, 0x3E, 0x00, 0x2B, 0x00, 0x00, 0x08, 0x2A, 0x4A, 0x56, 0x00, 0x2B,
    0x4A, 0x56, 0x00, 0x0D, 0x4A, 0x56, 0x08, 0x2A, 0x4A, 0x56, 0x52, 0xAA, 0x00, 0x00, 0x84, 0x10,
    0x7B, 0xEF, 0x84, 0x30, 0x94, 0x92, 0x94, 0x92, 0x84, 0x10, 0x84, 0x30, 0xA5, 0x14, 0xBD, 0xF7,
    0xC6, 0x38, 0xBD, 0xF7, 0x00, 0x00, 0x84, 0x10, 0x7B, 0xEF, 0x84, 0x30, 0x94, 0x92, 0x94, 0x92,
    0x84, 0x10, 0x84, 0x30, 0xA5, 0x14, 0xBD, 0xF7, 0xC6, 0x38, 0xBD, 0xF7, 0x00, 0x00, 0x84, 0x10,
    0x7B, 0xEF, 0x84, 0x30, 0x94, 0x92, 0x94, 0x92, 0x84, 0x10, 0x84, 0x30, 0xA5, 0x14, 0xBD, 0xF7,
    0xC6, 0x38, 0xBD, 0xF7, 0x00, 0x00, 0x84, 0x10, 0x74, 0x8E, 0x47, 0x88, 0x47, 0xE8, 0x47, 0xE8,
    0x47, 0xE8, 0x47, 0xE8, 0x47, 0xE8, 0x67, 0x6C, 0xBE, 0x57, 0xBD, 0xF7, 0x00, 0x00, 0x84, 0x10,
    0x7B, 0xEF, 0x84, 0x30, 0x94, 0x92, 0x94, 0x92, 0x84, 0x10, 0x84, 0x30, 0xA5, 0x14, 0xBD, 0xF7,
    0xC6, 0x38, 0xA6, 0x54, 0x36, 0x26, 0x47, 0xE8, 0x47, 0xE8, 0x47, 0xE8, 0x47, 0xE8, 0x75, 0xCE,
    0x84, 0x10, 0x84, 0x30, 0xA5, 0x14, 0xBD, 0xF7, 0xC6, 0x38, 0xBD, 0xF7, 0x00, 0x00, 0x84, 0x10,
    0x7B, 0xEF, 0x84, 0x30, 0x94, 0x92, 0x94, 0x92, 0x84, 0x10, 0x84, 0x30, 0xA5, 0x14, 0xBD, 0xF7,
    0xC6, 0x38, 0xBD, 0xF7, 0x00, 0x00, 0x84, 0x10, 0x7B, 0xEF, 0x84, 0x30, 0x94, 0x92, 0x94, 0x92,
    0x84, 0x10, 0x84, 0x30, 0xA5, 0x14, 0xBD, 0xF7, 0xC6, 0x38, 0xBD, 0xF7, 0x00, 0x00, 0x84, 0x10,
    0x7B, 0xEF, 0x84, 0x30, 0x94, 0x92, 0x94, 0x92, 0x84, 0x10, 0x84, 0x30, 0xA5, 0x14, 0xBD, 0xF7,
    0xC6, 0x38, 0xBD, 0xF7, 0x00, 0x00, 0x52, 0xAA, 0x4A, 0x56, 0x00, 0x0C, 0x4A, 0x56, 0x00, 0x0B,
    0x4A, 0x56, 0x00, 0x0E, 0x4A, 0x56, 0x00, 0x0E, 0x4A, 0x56, 0x00, 0x0D, 0x4A, 0x56, 0x00, 0x2B,
    0x4A, 0x56, 0x00, 0x2A, 0x4A, 0x56, 0x08, 0x2A, 0x4A, 0x56, 0x00, 0x2B, 0x4A, 0x56, 0x00, 0x2B,
    0x4A, 0x56, 0x08, 0x2A, 0x4A, 0x56, 0x00, 0x2B, 0x4A, 0x56, 0x00, 0x0D, 0x4A, 0x56, 0x08, 0x2A,
    0x4A, 0x56, 0x08, 0x2A, 0x4A, 0x56, 0x00, 0x2B, 0x4A, 0x56, 0x08, 0x2A, 0x4A, 0x56, 0x00, 0x2B,
    0x4A, 0x56, 0x00, 0x0C, 0x4A, 0x56, 0x00, 0x0E, 0x4A, 0x56, 0x00, 0x0C, 0x4A, 0x56, 0x08, 0x2A,
    0x4A, 0x56, 0x08, 0x2A, 0x4A, 0x56, 0x08, 0x2A, 0x4A, 0x56, 0x08, 0x2A, 0x4A, 0x56, 0x08, 0x2A,
    0x4A, 0x56, 0x00, 0x2B, 0x4A, 0x56, 0x08, 0x2A, 0x4A, 0x56, 0x08, 0x2A, 0x4A, 0x56, 0x08, 0x2A,
    0x4A, 0x56, 0x08, 0x2A, 0x4A, 0x56, 0x00, 0x2B, 0x4A, 0x56, 0x00, 0x0D, 0x4A, 0x56, 0x00, 0x0C,
    0x4A, 0x56, 0x00, 0x2B, 0x4A, 0x56, 0x00, 0x0C, 0x4A, 0x56, 0x00, 0x0B, 0x4A, 0x56, 0x52, 0xAA,
    0x00, 0x00, 0x84, 0x10, 0x7B, 0xEF, 0x84, 0x30, 0x94, 0x92, 0x94, 0x92, 0x84, 0x10, 0x84, 0x30,
    0xA5, 0x14, 0xBD, 0xF7, 0xC6, 0x38, 0xBD, 0xF7, 0x00, 0x00, 0x84, 0x10, 0x7B, 0xEF, 0x84, 0x30,
    0x94, 0x92, 0x94, 0x92, 0x84, 0x10, 0x84, 0x30, 0xA5, 0x14, 0xBD, 0xF7, 0xC6, 0x38, 0xBD, 0xF7,
    0x00, 0x00, 0x84, 0x10, 0x7B, 0xEF, 0x84, 0x30, 0x94, 0x92, 0x94, 0x92, 0x84, 0x10, 0x84, 0x30,
    0xA5, 0x14, 0xBD, 0xF7, 0xC6, 0x38, 0xBD, 0xF7, 0x00, 0x00, 0x84, 0x10, 0x7B, 0xEF, 0x84, 0x30,
    0x94, 0x92, 0x94, 0x92, 0x84, 0x10, 0x84, 0x30, 0xA5, 0x14, 0xBD, 0xF7, 0xC6, 0x38, 0xBD, 0xF7,
    0x00, 0x00, 0x84, 0x10, 0x7B, 0xEF, 0x84, 0x30, 0x94, 0x92, 0x94, 0x92, 0x84, 0x10, 0x84, 0x30,
    0xA5, 0x14, 0xBD, 0xF7, 0xC6, 0x38, 0xBD, 0xF7, 0x00, 0x00, 0x84, 0x10, 0x7B, 0xEF, 0x84, 0x30,
    0x94, 0x92, 0x94, 0x92, 0x84, 0x10, 0x84, 0x30, 0xA5, 0x14, 0xBD, 0xF7, 0xC6, 0x38, 0xBD, 0xF7,
    0x00, 0x00, 0x84, 0x10, 0x7B, 0xEF, 0x84, 0x30, 0x94, 0x92, 0x94, 0x92, 0x84, 0x10, 0x84, 0x30,
    0xA5, 0x14, 0xBD, 0xF7, 0xC6, 0x38, 0xBD, 0xF7, 0x00, 0x00, 0x84, 0x10, 0x7B, 0xEF, 0x84, 0x30,
    0x94, 0x92, 0x94, 0x92, 0x84, 0x10, 0x84, 0x30, 0xA5, 0x14, 0xBD, 0xF7, 0xC6, 0x38, 0xBD, 0xF7,
    0x00, 0x00, 0x84, 0x10, 0x7B, 0xEF, 0x84, 0x30, 0x94, 0x92, 0x94, 0x92, 0x84, 0x10, 0x84, 0x30,
    0xA5, 0x14, 0xBD, 0xF7, 0xC6, 0x38, 0xBD, 0xF7, 0x00, 0x00, 0x52, 0xAA, 0x4A, 0x56, 0x08, 0x2A,
    0x4A, 0x56, 0x08, 0x2A, 0x4A, 0x56, 0x08, 0x2A, 0x39, 0xF2, 0x00, 0x2B, 0x00, 0x00, 0x08, 0x2A,
    0x08, 0x2A, 0x73, 0x7F, 0x00, 0x0C, 0x52, 0xB9, 0x00, 0x0C, 0x4A, 0x56, 0x00, 0x2A, 0x4A, 0x56,
    0x00, 0x0D, 0x4A, 0x56, 0x00, 0x0D, 0x4A, 0x56, 0x08, 0x2A, 0x52, 0xAA, 0x00, 0x00, 0x73, 0xAE,
    0x73, 0x8E, 0x7B, 0xCF, 0x7B, 0xEF, 0x63, 0x2C, 0x4A, 0x49, 0x39, 0xE7, 0x4A, 0x69, 0x8C, 0x51,
    0xBD, 0xF7, 0xB5, 0xB6, 0x00, 0x00, 0x73, 0xAE, 0x73, 0x8E, 0x7B, 0xCF, 0x7B, 0xEF, 0x63, 0x2C,
    0x4A, 0x49, 0x39, 0xE7, 0x4A, 0x69, 0x8C, 0x51, 0xBD, 0xF7, 0xB5, 0xB6, 0x00, 0x00, 0x73, 0xAE,
    0x73, 0x8E, 0x7B, 0xCF, 0x7B, 0xEF, 0x63, 0x2C, 0x4A, 0x49, 0x39, 0xE7, 0x4A, 0x69, 0x8C, 0x51,
    0xBD, 0xF7, 0xB5, 0xB6, 0x00, 0x00, 0x73, 0xAE, 0x73, 0x8E, 0x5D, 0xCB, 0x47, 0xE8, 0x47, 0xE8,
    0x47, 0xE8, 0x47, 0xE8, 0x47, 0xC8, 0x6D, 0x8D, 0xBD, 0xF7, 0xB5, 0xB6, 0x00, 0x00, 0x73, 0xAE,
    0x73, 0x8E, 0x7B, 0xCF, 0x7B, 0xEF, 0x63, 0x2C, 0x4A, 0x49, 0x39, 0xE7, 0x4A, 0x69, 0x8C, 0x51,
    0xA6, 0x74, 0x57, 0xAA, 0x47, 0xE8, 0x47, 0xE8, 0x47, 0xE8, 0x47, 0xE8, 0x47, 0xE8, 0x4E, 0x09,
    0x4A, 0x49, 0x39, 0xE7, 0x4A, 0x69, 0x8C, 0x51, 0xBD, 0xF7, 0xB5, 0xB6, 0x00, 0x00, 0x73, 0xAE,
    0x73, 0x8E, 0x7B, 0xCF, 0x7B, 0xEF, 0x63, 0x2C, 0x4A, 0x49, 0x39, 0xE7, 0x4A, 0x69, 0x8C, 0x51,
    0xBD, 0xF7, 0xB5, 0xB6, 0x00, 0x00, 0x73, 0xAE, 0x73, 0x8E, 0x7B, 0xCF, 0x7B, 0xEF, 0x63, 0x2C,
    0x4A, 0x49, 0x39, 0xE7, 0x4A, 0x69, 0x8C, 0x51, 0xBD, 0xF7, 0xB5, 0xB6, 0x00, 0x00, 0x73, 0xAE,
    0x73, 0x8E, 0x7B, 0xCF, 0x7B, 0xEF, 0x63, 0x2C, 0x4A, 0x49, 0x39, 0xE7, 0x4A, 0x69, 0x8C, 0x51,
    0xBD, 0xF7, 0xB5, 0xB6, 0x00, 0x00, 0x52, 0xAA, 0x08, 0x2A, 0x4A, 0x56, 0x00, 0x0B, 0x4A, 0x56,
    0x00, 0x0C, 0x4A, 0x56, 0x00, 0x0F, 0x4A, 0x56, 0x00, 0x0E, 0x4A, 0x56, 0x00, 0x0D, 0x4A, 0x56,
    0x00, 0x0B, 0x4A, 0x56, 0x08, 0x2A, 0x4A, 0x56, 0x08, 0x2A, 0x4A, 0x56, 0x00, 0x0C, 0x4A, 0x56,
    0x00, 0x0C, 0x4A, 0x56, 0x00, 0x2A, 0x4A, 0x56, 0x00, 0x0D, 0x4A, 0x56, 0x00, 0x0D, 0x4A, 0x56,
    0x08, 0x2A, 0x4A, 0x56, 0x00, 0x2B, 0x4A, 0x56, 0x00, 0x2B, 0x4A, 0x56, 0x00, 0x2B, 0x4A, 0x56,
    0x00, 0x0C, 0x4A, 0x56, 0x00, 0x0E, 0x4A, 0x56, 0x00, 0x0F, 0x4A, 0x56, 0x00, 0x0C, 0x4A, 0x56,
    0x08, 0x2A, 0x4A, 0x56, 0x08, 0x2A, 0x4A, 0x56, 0x08, 0x2A, 0x4A, 0x56, 0x08, 0x2A, 0x4A, 0x56,
    0x00, 0x2B, 0x4A, 0x56, 0x00, 0x0B, 0x4A, 0x56, 0x00, 0x2B, 0x4A, 0x56, 0x00, 0x2B, 0x4A, 0x56,
    0x00, 0x2B, 0x4A, 0x56, 0x08, 0x2A, 0x4A, 0x56, 0x00, 0x2B, 0x4A, 0x56, 0x00, 0x0C, 0x4A, 0x56,
    0x00, 0x2B, 0x4A, 0x56, 0x08, 0x2A, 0x4A, 0x56, 0x00, 0x0B, 0x4A, 0x56, 0x00, 0x0C, 0x52, 0xAA,
    0x00, 0x00, 0x73, 0xAE, 0x73, 0x8E, 0x7B, 0xCF, 0x7B, 0xEF, 0x63, 0x2C, 0x4A, 0x49, 0x39, 0xE7,
    0x4A, 0x69, 0x8C, 0x51, 0xBD, 0xF7, 0xB5, 0xB6, 0x00, 0x00, 0x73, 0xAE, 0x73, 0x8E, 0x7B, 0xCF,
    0x7B, 0xEF, 0x63, 0x2C, 0x4A, 0x49, 0x39, 0xE7, 0x4A, 0x69, 0x8C, 0x51, 0xBD, 0xF7, 0xB5, 0xB6,
    0x00, 0x00, 0x73, 0xAE, 0x73, 0x8E, 0x7B, 0xCF, 0x7B, 0xEF, 0x63, 0x2C, 0x4A, 0x49, 0x39, 0xE7,
    0x4A, 0x69, 0x8C, 0x51, 0xBD, 0xF7, 0xB5, 0xB6, 0x00, 0x00, 0x73, 0xAE, 0x73, 0x8E, 0x7B, 0xCF,
    0x7B, 0xEF, 0x63, 0x2C, 0x4A, 0x49, 0x39, 0xE7, 0x4A, 0x69, 0x8C, 0x51, 0xBD, 0xF7, 0xB5, 0xB6,
    0x00, 0x00, 0x73, 0xAE, 0x73, 0x8E, 0x7B, 0xCF, 0x7B, 0xEF, 0x63, 0x2C, 0x4A, 0x49, 0x39, 0xE7,
    0x4A, 0x69, 0x8C, 0x51, 0xBD, 0xF7, 0xB5, 0xB6, 0x00, 0x00, 0x73, 0xAE, 0x73, 0x8E, 0x7B, 0xCF,
    0x7B, 0xEF, 0x63, 0x2C, 0x4A, 0x49, 0x39, 0xE7, 0x4A, 0x69, 0x8C, 0x51, 0xBD, 0xF7, 0xB5, 0xB6,
    0x00, 0x00, 0x73, 0xAE, 0x73, 0x8E, 0x7B, 0xCF, 0x7B, 0xEF, 0x63, 0x2C, 0x4A, 0x49, 0x39, 0xE7,
    0x4A, 0x69, 0x8C, 0x51, 0xBD, 0xF7, 0xB5, 0xB6, 0x00, 0x00, 0x73, 0xAE, 0x73, 0x8E, 0x7B, 0xCF,
    0x7B, 0xEF, 0x63, 0x2C, 0x4A, 0x49, 0x39, 0xE7, 0x4A, 0x69, 0x8C, 0x51, 0xBD, 0xF7, 0xB5, 0xB6,
    0x00, 0x00, 0x73, 0xAE, 0x73, 0x8E, 0x7B, 0xCF, 0x7B, 0xEF, 0x63, 0x2C, 0x4A, 0x49, 0x39, 0xE7,
    0x4A, 0x69, 0x8C, 0x51, 0xBD, 0xF7, 0xB5, 0xB6, 0x00, 0x00, 0x52, 0xAA, 0x08, 0x2A, 0x4A, 0x56,
    0x08, 0x2A, 0x4A, 0x56, 0x08, 0x2A, 0x6B, 0x5F, 0x00, 0x2B, 0x00, 0x00, 0x00, 0x0B, 0x00, 0x00,
    0xA5, 0x1F, 0x00, 0x0C, 0x6B, 0x5F, 0x00, 0x0C, 0x00, 0x00, 0x00, 0x0C, 0x4A, 0x56, 0x00, 0x0B,
    0x4A, 0x56, 0x00, 0x0D, 0x4A, 0x56, 0x00, 0x2B, 0x4A, 0x56, 0x52, 0xAA, 0x00, 0x00, 0x6B, 0x6D,
    0x63, 0x2C, 0x84, 0x10, 0x8C, 0x51, 0x73, 0x8E, 0x4A, 0x49, 0x29, 0x65, 0x29, 0x45, 0x4A, 0x69,
    0xA5, 0x14, 0xB5, 0xB6, 0x00, 0x00, 0x6B, 0x6D, 0x63, 0x2C, 0x84, 0x10, 0x8C, 0x51, 0x73, 0x8E,
    0x4A, 0x49, 0x29, 0x65, 0x29, 0x45, 0x4A, 0x69, 0xA5, 0x14, 0xB5, 0xB6, 0x00, 0x00, 0x6B, 0x6D,
    0x63, 0x2C, 0x84, 0x10, 0x8C, 0x51, 0x73, 0x8E, 0x4A, 0x49, 0x29, 0x65, 0x29, 0x45, 0x4A, 0x69,
    0xA5, 0x14, 0xB5, 0xB6, 0x00, 0x00, 0x6B, 0x6D, 0x63, 0x2C, 0x7C, 0x6F, 0x4F, 0x49, 0x47, 0xE8,
    0x47, 0xE8, 0x47, 0xE8, 0x3E, 0x07, 0x4A, 0xA9, 0xA5, 0x14, 0xB5, 0xB6, 0x00, 0x00, 0x6B, 0x6D,
    0x63, 0x2C, 0x84, 0x10, 0x8C, 0x51, 0x73, 0x8E, 0x4A, 0x49, 0x29, 0x65, 0x29, 0x45, 0x4A, 0x69,
    0x95, 0x72, 0x7E, 0xAF, 0x35, 0xE6, 0x47, 0xA8, 0x47, 0xE8, 0x47, 0xE8, 0x47, 0xE8, 0x4F, 0x09,
    0x4A, 0x89, 0x29, 0x65, 0x29, 0x45, 0x4A, 0x69, 0xA5, 0x14, 0xB5, 0xB6, 0x00, 0x00, 0x6B, 0x6D,
    0x63, 0x2C, 0x84, 0x10, 0x8C, 0x51, 0x73, 0x8E, 0x4A, 0x49, 0x29, 0x65, 0x29, 0x45, 0x4A, 0x69,
    0xA5, 0x14, 0xB5, 0xB6, 0x00, 0x00, 0x6B, 0x6D, 0x63, 0x2C, 0x84, 0x10, 0x8C, 0x51, 0x73, 0x8E,
    0x4A, 0x49, 0x29, 0x65, 0x29, 0x45, 0x4A, 0x69, 0xA5, 0x14, 0xB5, 0xB6, 0x00, 0x00, 0x6B, 0x6D,
    0x63, 0x2C, 0x84, 0x10, 0x8C, 0x51, 0x73, 0x8E, 0x4A, 0x49, 0x29, 0x65, 0x29, 0x45, 0x4A, 0x69,
    0xA5, 0x14, 0xB5, 0xB6, 0x00, 0x00, 0x52, 0xAA, 0x4A, 0x56, 0x08, 0x2A, 0x4A, 0x56, 0x00, 0x2B,
    0x4A, 0x56, 0x00, 0x0D, 0x4A, 0x56, 0x00, 0x0E, 0x4A, 0x56, 0x00, 0x0E, 0x4A, 0x56, 0x00, 0x0D,
    0x4A, 0x56, 0x00, 0x0C, 0x4A, 0x56, 0x00, 0x2B, 0x4A, 0x56, 0x00, 0x0C, 0x4A, 0x56, 0x00, 0x0C,
    0x4A, 0x56, 0x00, 0x0C, 0x4A, 0x56, 0x00, 0x0B, 0x4A, 0x56, 0x00, 0x0D, 0x4A, 0x56, 0x00, 0x2B,
    0x4A, 0x56, 0x00, 0x2B, 0x4A, 0x56, 0x00, 0x2B, 0x4A, 0x56, 0x00, 0x2B, 0x4A, 0x56, 0x00, 0x0C,
    0x4A, 0x56, 0x00, 0x0D, 0x4A, 0x56, 0x00, 0x0E, 0x4A, 0x56, 0x00, 0x0E, 0x4A, 0x56, 0x00, 0x0C,
    0x4A, 0x56, 0x08, 0x2A, 0x4A, 0x56, 0x00, 0x2A, 0x4A, 0x56, 0x00, 0x2B, 0x4A, 0x56, 0x08, 0x2A,
    0x4A, 0x56, 0x00, 0x0D, 0x4A, 0x56, 0x00, 0x0D, 0x4A, 0x56, 0x00, 0x0C, 0x4A, 0x56, 0x00, 0x0B,
    0x4A, 0x56, 0x00, 0x2B, 0x4A, 0x56, 0x08, 0x2A, 0x4A, 0x56, 0x08, 0x2A, 0x4A, 0x56, 0x00, 0x0C,
    0x4A, 0x56, 0x08, 0x2A, 0x4A, 0x56, 0x08, 0x2A, 0x4A, 0x56, 0x00, 0x2B, 0x4A, 0x56, 0x52, 0xAA,
    0x00, 0x00, 0x6B, 0x6D, 0x63, 0x2C, 0x84, 0x10, 0x8C, 0x51, 0x73, 0x8E, 0x4A, 0x49, 0x29, 0x65,
    0x29, 0x45, 0x4A, 0x69, 0xA5, 0x14, 0xB5, 0xB6, 0x00, 0x00, 0x6B, 0x6D, 0x63, 0x2C, 0x84, 0x10,
    0x8C, 0x51, 0x73, 0x8E, 0x4A, 0x49, 0x29, 0x65, 0x29, 0x45, 0x4A, 0x69, 0xA5, 0x14, 0xB5, 0xB6,
    0x00, 0x00, 0x6B, 0x6D, 0x63, 0x2C, 0x84, 0x10, 0x8C, 0x51, 0x73, 0x8E, 0x4A, 0x49, 0x29, 0x65,
    0x29, 0x45, 0x4A, 0x69, 0xA5, 0x14, 0xB5, 0xB6, 0x00, 0x00, 0x6B, 0x6D, 0x63, 0x2C, 0x84, 0x10,
    0x8C, 0x51, 0x73, 0x8E, 0x4A, 0x49, 0x29, 0x65, 0x29, 0x45, 0x4A, 0x69, 0xA5, 0x14, 0xB5, 0xB6,
    0x00, 0x00, 0x6B, 0x6D, 0x63, 0x2C, 0x84, 0x10, 0x8C, 0x51, 0x73, 0x8E, 0x4A, 0x49, 0x29, 0x65,
    0x29, 0x45, 0x4A, 0x69, 0xA5, 0x14, 0xB5, 0xB6, 0x00, 0x00, 0x6B, 0x6D, 0x63, 0x2C, 0x84, 0x10,
    0x8C, 0x51, 0x73, 0x8E, 0x4A, 0x49, 0x29, 0x65, 0x29, 0x45, 0x4A, 0x69, 0xA5, 0x14, 0xB5, 0xB6,
    0x00, 0x00, 0x6B, 0x6D, 0x63, 0x2C, 0x84, 0x10, 0x8C, 0x51, 0x73, 0x8E, 0x4A, 0x49, 0x29, 0x65,
    0x29, 0x45, 0x4A, 0x69, 0xA5, 0x14, 0xB5, 0xB6, 0x00, 0x00, 0x6B, 0x6D, 0x63, 0x2C, 0x84, 0x10,
    0x8C, 0x51, 0x73, 0x8E, 0x4A, 0x49, 0x29, 0x65, 0x29, 0x45, 0x4A, 0x69, 0xA5, 0x14, 0xB5, 0xB6,
    0x00, 0x00, 0x6B, 0x6D, 0x63, 0x2C, 0x84, 0x10, 0x8C, 0x51, 0x73, 0x8E, 0x4A, 0x49, 0x29, 0x65,
    0x29, 0x45, 0x4A, 0x69, 0xA5, 0x14, 0xB5, 0xB6, 0x00, 0x00, 0x52, 0xAA, 0x4A, 0x56, 0x00, 0x2A,
    0x4A, 0x56, 0x00, 0x2B, 0x4A, 0x56, 0x08, 0x2A, 0x41, 0xF2, 0x00, 0x0D, 0x00, 0x00, 0x00, 0x0D,
    0x00, 0x0B, 0x73, 0x9F, 0x00, 0x0C, 0x5A, 0xB9, 0x00, 0x0C, 0x4A, 0x76, 0x00, 0x0C, 0x4A, 0x76,
    0x00, 0x2B, 0x4A, 0x76, 0x00, 0x2B, 0x4A, 0x76, 0x00, 0x2B, 0x52, 0xAA, 0x00, 0x00, 0x63, 0x0C,
    0x5A, 0xCB, 0x9C, 0xF3, 0xAD, 0x55, 0x9C, 0xD3, 0x5A, 0xCB, 0x18, 0xC3, 0x29, 0x65, 0x39, 0xE7,
    0x84, 0x30, 0xAD, 0x55, 0x00, 0x00, 0x63, 0x0C, 0x5A, 0xCB, 0x9C, 0xF3, 0xAD, 0x55, 0x9C, 0xD3,
    0x5A, 0xCB, 0x18, 0xC3, 0x29, 0x65, 0x39, 0xE7, 0x84, 0x30, 0xAD, 0x55, 0x00, 0x00, 0x63, 0x0C,
    0x5A, 0xCB, 0x9C, 0xF3, 0xAD, 0x55, 0x9C, 0xD3, 0x5A, 0xCB, 0x18, 0xC3, 0x29, 0x65, 0x39, 0xE7,
    0x84, 0x30, 0xAD, 0x55, 0x00, 0x00, 0x63, 0x0C, 0x5A, 0xCB, 0x9C, 0xF3, 0x86, 0x30, 0x47, 0xE8,
    0x47, 0xE8, 0x3F, 0x87, 0x33, 0x06, 0x39, 0xE7, 0x84, 0x30, 0xAD, 0x55, 0x00, 0x00, 0x63, 0x0C,
    0x5A, 0xCB, 0x9C, 0xF3, 0xAD, 0x55, 0x9C, 0xD3, 0x5A, 0xCB, 0x18, 0xC3, 0x29, 0x65, 0x39, 0xE7,
    0x84, 0x30, 0xAD, 0x55, 0x00, 0x40, 0x5B, 0xEB, 0x4C, 0xE9, 0x5F, 0x0B, 0x4F, 0xA9, 0x47, 0xA8,
    0x53, 0xAA, 0x18, 0xC3, 0x29, 0x65, 0x39, 0xE7, 0x84, 0x30, 0xAD, 0x55, 0x00, 0x00, 0x63, 0x0C,
    0x5A, 0xCB, 0x9C, 0xF3, 0xAD, 0x55, 0x9C, 0xD3, 0x5A, 0xCB, 0x18, 0xC3, 0x29, 0x65, 0x39, 0xE7,
    0x84, 0x30, 0xAD, 0x55, 0x00, 0x00, 0x63, 0x0C, 0x5A, 0xCB, 0x9C, 0xF3, 0xAD, 0x55, 0x9C, 0xD3,
    0x5A, 0xCB, 0x18, 0xC3, 0x29, 0x65, 0x39, 0xE7, 0x84, 0x30, 0xAD, 0x55, 0x00, 0x00, 0x63, 0x0C,
    0x5A, 0xCB, 0x9C, 0xF3, 0xAD, 0x55, 0x9C, 0xD3, 0x5A, 0xCB, 0x18, 0xC3, 0x29, 0x65, 0x39, 0xE7,
    0x84, 0x30, 0xAD, 0x55, 0x00, 0x00, 0x52, 0xAA, 0x08, 0x2A, 0x4A, 0x76, 0x08, 0x2A, 0x4A, 0x76,
    0x00, 0x2B, 0x4A, 0x76, 0x00, 0x0C, 0x4A, 0x76, 0x00, 0x0E, 0x4A, 0x76, 0x00, 0x0E, 0x4A, 0x76,
    0x00, 0x0D, 0x4A, 0x76, 0x00, 0x0C, 0x4A, 0x76, 0x00, 0x0B, 0x4A, 0x76, 0x00, 0x0C, 0x4A, 0x76,
    0x00, 0x0C, 0x4A, 0x76, 0x00, 0x0C, 0x4A, 0x76, 0x00, 0x2B, 0x4A, 0x76, 0x00, 0x2B, 0x4A, 0x76,
    0x00, 0x2B, 0x4A, 0x76, 0x00, 0x0C, 0x4A, 0x76, 0x00, 0x2B, 0x4A, 0x76, 0x00, 0x0C, 0x4A, 0x76,
    0x00, 0x0D, 0x4A, 0x76, 0x00, 0x0D, 0x4A, 0x76, 0x00, 0x0D, 0x4A, 0x76, 0x00, 0x0C, 0x4A, 0x76,
    0x00, 0x2B, 0x4A, 0x76, 0x08, 0x2A, 0x4A, 0x76, 0x00, 0x0D, 0x4A, 0x76, 0x00, 0x2B, 0x4A, 0x76,
    0x00, 0x0C, 0x4A, 0x76, 0x00, 0x0D, 0x4A, 0x76, 0x00, 0x0E, 0x4A, 0x76, 0x00, 0x0C, 0x4A, 0x76,
    0x00, 0x0B, 0x4A, 0x76, 0x00, 0x0D, 0x4A, 0x76, 0x08, 0x2A, 0x4A, 0x76, 0x08, 0x2A, 0x4A, 0x76,
    0x00, 0x0C, 0x4A, 0x76, 0x08, 0x2A, 0x4A, 0x76, 0x08, 0x2A, 0x4A, 0x76, 0x00, 0x2B, 0x52, 0xAA,
    0x00, 0x00, 0x63, 0x0C, 0x5A, 0xCB, 0x9C, 0xF3, 0xAD, 0x55, 0x9C, 0xD3, 0x5A, 0xCB, 0x18, 0xC3,
    0x29, 0x65, 0x39, 0xE7, 0x84, 0x30, 0xAD, 0x55, 0x00, 0x00, 0x63, 0x0C, 0x5A, 0xCB, 0x9C, 0xF3,
    0xAD, 0x55, 0x9C, 0xD3, 0x5A, 0xCB, 0x18, 0xC3, 0x29, 0x65, 0x39, 0xE7, 0x84, 0x30, 0xAD, 0x55,
    0x00, 0x00, 0x63, 0x0C, 0x5A, 0xCB, 0x9C, 0xF3, 0xAD, 0x55, 0x9C, 0xD3, 0x5A, 0xCB, 0x18, 0xC3,
    0x29, 0x65, 0x39, 0xE7, 0x84, 0x30, 0xAD, 0x55, 0x00, 0x00, 0x63, 0x0C, 0x5A, 0xCB, 0x9C, 0xF3,
    0xAD, 0x55, 0x9C, 0xD3, 0x5A, 0xCB, 0x18, 0xC3, 0x29, 0x65, 0x39, 0xE7, 0x84, 0x30, 0xAD, 0x55,
    0x00, 0x00, 0x63, 0x0C, 0x5A, 0xCB, 0x9C, 0xF3, 0xAD, 0x55, 0x9C, 0xD3, 0x5A, 0xCB, 0x18, 0xC3,
    0x29, 0x65, 0x39, 0xE7, 0x84, 0x30, 0xAD, 0x55, 0x00, 0x00, 0x63, 0x0C, 0x5A, 0xCB, 0x9C, 0xF3,
    0xAD, 0x55, 0x9C, 0xD3, 0x5A, 0xCB, 0x18, 0xC3, 0x29, 0x65, 0x39, 0xE7, 0x84, 0x30, 0xAD, 0x55,
    0x00, 0x00, 0x63, 0x0C, 0x5A, 0xCB, 0x9C, 0xF3, 0xAD, 0x55, 0x9C, 0xD3, 0x5A, 0xCB, 0x18, 0xC3,
    0x29, 0x65, 0x39, 0xE7, 0x84, 0x30, 0xAD, 0x55, 0x00, 0x00, 0x63, 0x0C, 0x5A, 0xCB, 0x9C, 0xF3,
    0xAD, 0x55, 0x9C, 0xD3, 0x5A, 0xCB, 0x18, 0xC3, 0x29, 0x65, 0x39, 0xE7, 0x84, 0x30, 0xAD, 0x55,
    0x00, 0x00, 0x63, 0x0C, 0x5A, 0xCB, 0x9C, 0xF3, 0xAD, 0x55, 0x9C, 0xD3, 0x5A, 0xCB, 0x18, 0xC3,
    0x29, 0x65, 0x39, 0xE7, 0x84, 0x30, 0xAD, 0x55, 0x00, 0x00, 0x52, 0xAA, 0x08, 0x2A, 0x4A, 0x76,
    0x00, 0x0D, 0x4A, 0x76, 0x00, 0x2B, 0x73, 0x7F, 0x00, 0x0C, 0x00, 0x00, 0x00, 0x0D, 0x00, 0x00,
    0xAD, 0x3F, 0x00, 0x0B, 0x6B, 0x5F, 0x00, 0x0B, 0x00, 0x00, 0x00, 0x0D, 0x4A, 0x76, 0x00, 0x0D,
    0x4A, 0x76, 0x00, 0x2B, 0x4A, 0x76, 0x08, 0x2A, 0x4A, 0x76, 0x52, 0xAA, 0x00, 0x00, 0x5A, 0xEB,
    0x5A, 0xCB, 0xAD, 0x55, 0xBD, 0xF7, 0xCE, 0x79, 0xB5, 0x96, 0x5A, 0xCB, 0x4A, 0x49, 0x4A, 0x49,
    0x84, 0x10, 0xA5, 0x34, 0x00, 0x00, 0x5A, 0xEB, 0x5A, 0xCB, 0xAD, 0x55, 0xBD, 0xF7, 0xCE, 0x79,
    0xB5, 0x96, 0x5A, 0xCB, 0x4A, 0x49, 0x4A, 0x49, 0x84, 0x10, 0xA5, 0x34, 0x00, 0x00, 0x5A, 0xEB,
    0x5A, 0xCB, 0xAD, 0x55, 0xBD, 0xF7, 0xCE, 0x79, 0xB5, 0x96, 0x5A, 0xCB, 0x4A, 0x49, 0x4A, 0x49,
    0x84, 0x10, 0xA5, 0x34, 0x00, 0x00, 0x5A, 0xEB, 0x5A, 0xCB, 0xAD, 0x55, 0xB6, 0x16, 0x6F, 0x8D,
    0x47, 0xE8, 0x4E, 0x29, 0x4A, 0x69, 0x4A, 0x49, 0x84, 0x10, 0xA5, 0x34, 0x00, 0x00, 0x5A, 0xEB,
    0x5A, 0xCB, 0xAD, 0x55, 0xBD, 0xF7, 0xCE, 0x79, 0xB5, 0x96, 0x5A, 0xCB, 0x4A, 0x49, 0x4A, 0x49,
    0x84, 0x10, 0xA5, 0x34, 0x00, 0x00, 0x5A, 0xEB, 0x5A, 0xCB, 0xA5, 0x54, 0xAE, 0x35, 0x9E, 0xF3,
    0xA5, 0xD4, 0x5A, 0xCB, 0x4A, 0x49, 0x4A, 0x49, 0x84, 0x10, 0xA5, 0x34, 0x00, 0x00, 0x5A, 0xEB,
    0x5A, 0xCB, 0xAD, 0x55, 0xBD, 0xF7, 0xCE, 0x79, 0xB5, 0x96, 0x5A, 0xCB, 0x4A, 0x49, 0x4A, 0x49,
    0x84, 0x10, 0xA5, 0x34, 0x00, 0x00, 0x5A, 0xEB, 0x5A, 0xCB, 0xAD, 0x55, 0xBD, 0xF7, 0xCE, 0x79,
    0xB5, 0x96, 0x5A, 0xCB, 0x4A, 0x49, 0x4A, 0x49, 0x84, 0x10, 0xA5, 0x34, 0x00, 0x00, 0x5A, 0xEB,
    0x5A, 0xCB, 0xAD, 0x55, 0xBD, 0xF7, 0xCE, 0x79, 0xB5, 0x96, 0x5A, 0xCB, 0x4A, 0x49, 0x4A, 0x49,
    0x84, 0x10, 0xA5, 0x34, 0x00, 0x00, 0x52, 0xAA, 0x4A, 0x76, 0x08, 0x2A, 0x4A, 0x76, 0x00, 0x2B,
    0x4A, 0x76, 0x00, 0x2B, 0x4A, 0x76, 0x00, 0x0C, 0x4A, 0x76, 0x00, 0x0E, 0x4A, 0x76, 0x00, 0x0E,
    0x4A, 0x76, 0x00, 0x0C, 0x4A, 0x76, 0x00, 0x0B, 0x4A, 0x76, 0x00, 0x0B, 0x4A, 0x76, 0x00, 0x0B,
    0x4A, 0x76, 0x00, 0x0D, 0x4A, 0x76, 0x00, 0x0D, 0x4A, 0x76, 0x00, 0x2B, 0x4A, 0x76, 0x08, 0x2A,
    0x4A, 0x76, 0x00, 0x2B, 0x4A, 0x76, 0x00, 0x0B, 0x4A, 0x76, 0x00, 0x2B, 0x4A, 0x76, 0x00, 0x0C,
    0x4A, 0x76, 0x00, 0x0D, 0x4A, 0x76, 0x00, 0x0D, 0x4A, 0x76, 0x00, 0x0C, 0x4A, 0x76, 0x00, 0x2B,
    0x4A, 0x76, 0x08, 0x2A, 0x4A, 0x76, 0x00, 0x0C, 0x4A, 0x76, 0x00, 0x0F, 0x4A, 0x76, 0x00, 0x2B,
    0x4A, 0x76, 0x08, 0x2A, 0x4A, 0x76, 0x00, 0x0E, 0x4A, 0x76, 0x00, 0x0E, 0x4A, 0x76, 0x00, 0x0C,
    0x4A, 0x76, 0x00, 0x0C, 0x4A, 0x76, 0x00, 0x0D, 0x4A, 0x76, 0x08, 0x2A, 0x4A, 0x76, 0x08, 0x2A,
    0x4A, 0x76, 0x00, 0x0C, 0x4A, 0x76, 0x08, 0x2A, 0x4A, 0x76, 0x00, 0x2B, 0x4A, 0x76, 0x52, 0xAA,
    0x00, 0x00, 0x5A, 0xEB, 0x5A, 0xCB, 0xAD, 0x55, 0xBD, 0xF7, 0xCE, 0x79, 0xB5, 0x96, 0x5A, 0xCB,
    0x4A, 0x49, 0x4A, 0x49, 0x84, 0x10, 0xA5, 0x34, 0x00, 0x00, 0x5A, 0xEB, 0x5A, 0xCB, 0xAD, 0x55,
    0xBD, 0xF7, 0xCE, 0x79, 0xB5, 0x96, 0x5A, 0xCB, 0x4A, 0x49, 0x4A, 0x49, 0x84, 0x10, 0xA5, 0x34,
    0x00, 0x00, 0x5A, 0xEB, 0x5A, 0xCB, 0xAD, 0x55, 0xBD, 0xF7, 0xCE, 0x79, 0xB5, 0x96, 0x5A, 0xCB,
    0x4A, 0x49, 0x4A, 0x49, 0x84, 0x10, 0xA5, 0x34, 0x00, 0x00, 0x5A, 0xEB, 0x5A, 0xCB, 0xAD, 0x55,
    0xBD, 0xF7, 0xCE, 0x79, 0xB5, 0x96, 0x5A, 0xCB, 0x4A, 0x49, 0x4A, 0x49, 0x84, 0x10, 0xA5, 0x34,
    0x00, 0x00, 0x5A, 0xEB, 0x5A, 0xCB, 0xAD, 0x55, 0xBD, 0xF7, 0xCE, 0x79, 0xB5, 0x96, 0x5A, 0xCB,
    0x4A, 0x49, 0x4A, 0x49, 0x84, 0x10, 0xA5, 0x34, 0x00, 0x00, 0x5A, 0xEB, 0x5A, 0xCB, 0xAD, 0x55,
    0xBD, 0xF7, 0xCE, 0x79, 0xB5, 0x96, 0x5A, 0xCB, 0x4A, 0x49, 0x4A, 0x49, 0x84, 0x10, 0xA5, 0x34,
    0x00, 0x00, 0x5A, 0xEB, 0x5A, 0xCB, 0xAD, 0x55, 0xBD, 0xF7, 0xCE, 0x79, 0xB5, 0x96, 0x5A, 0xCB,
    0x4A, 0x49, 0x4A, 0x49, 0x84, 0x10, 0xA5, 0x34, 0x00, 0x00, 0x5A, 0xEB, 0x5A, 0xCB, 0xAD, 0x55,
    0xBD, 0xF7, 0xCE, 0x79, 0xB5, 0x96, 0x5A, 0xCB, 0x4A, 0x49, 0x4A, 0x49, 0x84, 0x10, 0xA5, 0x34,
    0x00, 0x00, 0x5A, 0xEB, 0x5A, 0xCB, 0xAD, 0x55, 0xBD, 0xF7, 0xCE, 0x79, 0xB5, 0x96, 0x5A, 0xCB,
    0x4A, 0x49, 0x4A, 0x49, 0x84, 0x10, 0xA5, 0x34, 0x00, 0x00, 0x52, 0xAA, 0x4A, 0x76, 0x00, 0x0C,
    0x4A, 0x76, 0x00, 0x0F, 0x4A, 0x76, 0x00, 0x2B, 0x42, 0x13, 0x08, 0x2A, 0x00, 0x00, 0x00, 0x0E,
    0x00, 0x2B, 0x7B, 0xBF, 0x00, 0x2A, 0x5A, 0xDA, 0x00, 0x2B, 0x52, 0x77, 0x00, 0x0E, 0x52, 0x77,
    0x00, 0x0C, 0x52, 0x77, 0x08, 0x2A, 0x52, 0x77, 0x08, 0x2A, 0x52, 0xAA, 0x00, 0x00, 0x52, 0x8A,
    0x4A, 0x69, 0xA5, 0x14, 0xD6, 0x9A, 0xE7, 0x1C, 0xCE, 0x79, 0x9C, 0xD3, 0x73, 0x8E, 0x63, 0x2C,
    0x94, 0x92, 0x9C, 0xD3, 0x00, 0x00, 0x52, 0x8A, 0x4A, 0x69, 0xA5, 0x14, 0xD6, 0x9A, 0xE7, 0x1C,
    0xCE, 0x79, 0x9C, 0xD3, 0x73, 0x8E, 0x63, 0x2C, 0x94, 0x92, 0x9C, 0xD3, 0x00, 0x00, 0x52, 0x8A,
    0x4A, 0x69, 0xA5, 0x14, 0xD6, 0x9A, 0xE7, 0x1C, 0xCE, 0x79, 0x9C, 0xD3, 0x73, 0x8E, 0x63, 0x2C,
    0x94, 0x92, 0x9C, 0xD3, 0x00, 0x00, 0x52, 0x8A, 0x4A, 0x69, 0xA5, 0x14, 0xD6, 0x9A, 0xBF, 0x57,
    0x57, 0xCA, 0x85, 0x90, 0x73, 0x8E, 0x63, 0x2C, 0x94, 0x92, 0x9C, 0xD3, 0x00, 0x00, 0x52, 0x8A,
    0x4A, 0x69, 0xA5, 0x14, 0xD6, 0x9A, 0xE7, 0x1C, 0xCE, 0x79, 0x9C, 0xD3, 0x73, 0x8E, 0x63, 0x2C,
    0x94, 0x92, 0x9C, 0xD3, 0x00, 0x00, 0x52, 0x8A, 0x4A, 0x69, 0xA5, 0x14, 0xD6, 0x9A, 0xE7, 0x1C,
    0xCE, 0x79, 0x9C, 0xD3, 0x73, 0x8E, 0x63, 0x2C, 0x94, 0x92, 0x9C, 0xD3, 0x00, 0x00, 0x52, 0x8A,
    0x4A, 0x69, 0xA5, 0x14, 0xD6, 0x9A, 0xE7, 0x1C, 0xCE, 0x79, 0x9C, 0xD3, 0x73, 0x8E, 0x63, 0x2C,
    0x94, 0x92, 0x9C, 0xD3, 0x00, 0x00, 0x52, 0x8A, 0x4A, 0x69, 0xA5, 0x14, 0xD6, 0x9A, 0xE7, 0x1C,
    0xCE, 0x79, 0x9C, 0xD3, 0x73, 0x8E, 0x63, 0x2C, 0x94, 0x92, 0x9C, 0xD3, 0x00, 0x00, 0x52, 0x8A,
    0x4A, 0x69, 0xA5, 0x14, 0xD6, 0x9A, 0xE7, 0x1C, 0xCE, 0x79, 0x9C, 0xD3, 0x73, 0x8E, 0x63, 0x2C,
    0x94, 0x92, 0x9C, 0xD3, 0x00, 0x00, 0x52, 0xAA, 0x00, 0x0B, 0x52, 0x77, 0x08, 0x2A, 0x52, 0x77,
    0x00, 0x2B, 0x52, 0x77, 0x00, 0x2B, 0x52, 0x77, 0x00, 0x0C, 0x52, 0x77, 0x00, 0x0E, 0x52, 0x77,
    0x00, 0x0D, 0x52, 0x77, 0x00, 0x0C, 0x52, 0x77, 0x00, 0x2B, 0x52, 0x77, 0x00, 0x2A, 0x52, 0x77,
    0x00, 0x2B, 0x52, 0x77, 0x00, 0x0E, 0x52, 0x77, 0x00, 0x0C, 0x52, 0x77, 0x08, 0x2A, 0x52, 0x77,
    0x08, 0x2A, 0x52, 0x77, 0x00, 0x2B, 0x52, 0x77, 0x00, 0x2B, 0x52, 0x77, 0x00, 0x0C, 0x52, 0x77,
    0x00, 0x0C, 0x52, 0x77, 0x00, 0x0C, 0x52, 0x77, 0x00, 0x0C, 0x52, 0x77, 0x00, 0x2B, 0x52, 0x77,
    0x08, 0x2A, 0x52, 0x77, 0x08, 0x2A, 0x52, 0x77, 0x00, 0x0E, 0x52, 0x77, 0x00, 0x0E, 0x52, 0x77,
    0x00, 0x0C, 0x52, 0x77, 0x08, 0x2A, 0x52, 0x77, 0x00, 0x0E, 0x52, 0x77, 0x00, 0x0D, 0x52, 0x77,
    0x00, 0x0B, 0x52, 0x77, 0x00, 0x0D, 0x52, 0x77, 0x00, 0x2B, 0x52, 0x77, 0x08, 0x2A, 0x52, 0x77,
    0x00, 0x2B, 0x52, 0x77, 0x00, 0x0B, 0x52, 0x77, 0x08, 0x2A, 0x52, 0x77, 0x00, 0x2B, 0x52, 0xAA,
    0x00, 0x00, 0x52, 0x8A, 0x4A, 0x69, 0xA5, 0x14, 0xD6, 0x9A, 0xE7, 0x1C, 0xCE, 0x79, 0x9C, 0xD3,
    0x73, 0x8E, 0x63, 0x2C, 0x94, 0x92, 0x9C, 0xD3, 0x00, 0x00, 0x52, 0x8A, 0x4A, 0x69, 0xA5, 0x14,
    0xD6, 0x9A, 0xE7, 0x1C, 0xCE, 0x79, 0x9C, 0xD3, 0x73, 0x8E, 0x63, 0x2C, 0x94, 0x92, 0x9C, 0xD3,
    0x00, 0x00, 0x52, 0x8A, 0x4A, 0x69, 0xA5, 0x14, 0xD6, 0x9A, 0xE7, 0x1C, 0xCE, 0x79, 0x9C, 0xD3,
    0x73, 0x8E, 0x63, 0x2C, 0x94, 0x92, 0x9C, 0xD3, 0x00, 0x00, 0x52, 0x8A, 0x4A, 0x69, 0xA5, 0x14,
    0xD6, 0x9A, 0xE7, 0x1C, 0xCE, 0x79, 0x9C, 0xD3, 0x73, 0x8E, 0x63, 0x2C, 0x94, 0x92, 0x9C, 0xD3,
    0x00, 0x00, 0x52, 0x8A, 0x4A, 0x69, 0xA5, 0x14, 0xD6, 0x9A, 0xE7, 0x1C, 0xCE, 0x79, 0x9C, 0xD3,
    0x73, 0x8E, 0x63, 0x2C, 0x94, 0x92, 0x9C, 0xD3, 0x00, 0x00, 0x52, 0x8A, 0x4A, 0x69, 0xA5, 0x14,
    0xD6, 0x9A, 0xE7, 0x1C, 0xCE, 0x79, 0x9C, 0xD3, 0x73, 0x8E, 0x63, 0x2C, 0x94, 0x92, 0x9C, 0xD3,
    0x00, 0x00, 0x52, 0x8A, 0x4A, 0x69, 0xA5, 0x14, 0xD6, 0x9A, 0xE7, 0x1C, 0xCE, 0x79, 0x9C, 0xD3,
    0x73, 0x8E, 0x63, 0x2C, 0x94, 0x92, 0x9C, 0xD3, 0x00, 0x00, 0x52, 0x8A, 0x4A, 0x69, 0xA5, 0x14,
    0xD6, 0x9A, 0xE7, 0x1C, 0xCE, 0x79, 0x9C, 0xD3, 0x73, 0x8E, 0x63, 0x2C, 0x94, 0x92, 0x9C, 0xD3,
    0x00, 0x00, 0x52, 0x8A, 0x4A, 0x69, 0xA5, 0x14, 0xD6, 0x9A, 0xE7, 0x1C, 0xCE, 0x79, 0x9C, 0xD3,
    0x73, 0x8E, 0x63, 0x2C, 0x94, 0x92, 0x9C, 0xD3, 0x00, 0x00, 0x52, 0xAA, 0x08, 0x2A, 0x52, 0x77,
    0x00, 0x0E, 0x52, 0x77, 0x00, 0x0E, 0x73, 0x9F, 0x00, 0x0C, 0x00, 0x00, 0x08, 0x2A, 0x00, 0x00,
    0xAD, 0x5F, 0x08, 0x2A, 0x73, 0x7F, 0x08, 0x2A, 0x00, 0x00, 0x00, 0x2B, 0x52, 0x77, 0x00, 0x0F,
    0x52, 0x77, 0x00, 0x0C, 0x52, 0x77, 0x08, 0x2A, 0x52, 0x77, 0x52, 0xAA, 0x00, 0x00, 0x4A, 0x69,
    0x42, 0x08, 0x6B, 0x6D, 0xBD, 0xF7, 0xD6, 0x9A, 0xBD, 0xF7, 0xAD, 0x55, 0x8C, 0x51, 0x7B, 0xEF,
    0x94, 0x92, 0x8C, 0x71, 0x00, 0x00, 0x4A, 0x69, 0x42, 0x08, 0x6B, 0x6D, 0xBD, 0xF7, 0xD6, 0x9A,
    0xBD, 0xF7, 0xAD, 0x55, 0x8C, 0x51, 0x7B, 0xEF, 0x94, 0x92, 0x8C, 0x71, 0x00, 0x00, 0x4A, 0x69,
    0x42, 0x08, 0x6B, 0x6D, 0xBD, 0xF7, 0xD6, 0x9A, 0xBD, 0xF7, 0xAD, 0x55, 0x8C, 0x51, 0x7B, 0xEF,
    0x94, 0x92, 0x8C, 0x71, 0x00, 0x00, 0x4A, 0x69, 0x42, 0x08, 0x6B, 0x6D, 0xBD, 0xF7, 0xCE, 0x99,
    0x9E, 0x73, 0xA5, 0x54, 0x8C, 0x51, 0x7B, 0xEF, 0x94, 0x92, 0x8C, 0x71, 0x00, 0x00, 0x4A, 0x69,
    0x42, 0x08, 0x6B, 0x6D, 0xBD, 0xF7, 0xD6, 0x9A, 0xBD, 0xF7, 0xAD, 0x55, 0x8C, 0x51, 0x7B, 0xEF,
    0x94, 0x92, 0x8C, 0x71, 0x00, 0x00, 0x4A, 0x69, 0x42, 0x08, 0x6B, 0x6D, 0xBD, 0xF7, 0xD6, 0x9A,
    0xBD, 0xF7, 0xAD, 0x55, 0x8C, 0x51, 0x7B, 0xEF, 0x94, 0x92, 0x8C, 0x71, 0x00, 0x00, 0x4A, 0x69,
    0x42, 0x08, 0x6B, 0x6D, 0xBD, 0xF7, 0xD6, 0x9A, 0xBD, 0xF7, 0xAD, 0x55, 0x8C, 0x51, 0x7B, 0xEF,
    0x94, 0x92, 0x8C, 0x71, 0x00, 0x00, 0x4A, 0x69, 0x42, 0x08, 0x6B, 0x6D, 0xBD, 0xF7, 0xD6, 0x9A,
    0xBD, 0xF7, 0xAD, 0x55, 0x8C, 0x51, 0x7B, 0xEF, 0x94, 0x92, 0x8C, 0x71, 0x00, 0x00, 0x4A, 0x69,
    0x42, 0x08, 0x6B, 0x6D, 0xBD, 0xF7, 0xD6, 0x9A, 0xBD, 0xF7, 0xAD, 0x55, 0x8C, 0x51, 0x7B, 0xEF,
    0x94, 0x92, 0x8C, 0x71, 0x00, 0x00, 0x52, 0xAA, 0x52, 0x77, 0x08, 0x2A, 0x52, 0x77, 0x08, 0x2A,
    0x52, 0x77, 0x00, 0x2A, 0x52, 0x77, 0x08, 0x2A, 0x52, 0x77, 0x00, 0x0C, 0x52, 0x77, 0x00, 0x0D,
    0x52, 0x77, 0x00, 0x0D, 0x52, 0x77, 0x00, 0x2B, 0x52, 0x77, 0x08, 0x2A, 0x52, 0x77, 0x08, 0x2A,
    0x52, 0x77, 0x00, 0x2B, 0x52, 0x77, 0x00, 0x0F, 0x52, 0x77, 0x00, 0x0C, 0x52, 0x77, 0x08, 0x2A,
    0x52, 0x77, 0x08, 0x2A, 0x52, 0x77, 0x00, 0x2B, 0x52, 0x77, 0x00, 0x0C, 0x52, 0x77, 0x00, 0x0C,
    0x52, 0x77, 0x00, 0x0C, 0x52, 0x77, 0x00, 0x2B, 0x52, 0x77, 0x00, 0x2B, 0x52, 0x77, 0x00, 0x0C,
    0x52, 0x77, 0x08, 0x2A, 0x52, 0x77, 0x00, 0x2B, 0x52, 0x77, 0x00, 0x0E, 0x52, 0x77, 0x00, 0x0D,
    0x52, 0x77, 0x00, 0x0D, 0x52, 0x77, 0x08, 0x2A, 0x52, 0x77, 0x00, 0x0E, 0x52, 0x77, 0x00, 0x0E,
    0x52, 0x77, 0x00, 0x2A, 0x52, 0x77, 0x00, 0x0D, 0x52, 0x77, 0x08, 0x2A, 0x52, 0x77, 0x08, 0x2A,
    0x52, 0x77, 0x00, 0x0B, 0x52, 0x77, 0x08, 0x2A, 0x52, 0x77, 0x08, 0x2A, 0x52, 0x77, 0x52, 0xAA,
    0x00, 0x00, 0x4A, 0x69, 0x42, 0x08, 0x6B, 0x6D, 0xBD, 0xF7, 0xD6, 0x9A, 0xBD, 0xF7, 0xAD, 0x55,
    0x8C, 0x51, 0x7B, 0xEF, 0x94, 0x92, 0x8C, 0x71, 0x00, 0x00, 0x4A, 0x69, 0x42, 0x08, 0x6B, 0x6D,
    0xBD, 0xF7, 0xD6, 0x9A, 0xBD, 0xF7, 0xAD, 0x55, 0x8C, 0x51, 0x7B, 0xEF, 0x94, 0x92, 0x8C, 0x71,
    0x00, 0x00, 0x4A, 0x69, 0x42, 0x08, 0x6B, 0x6D, 0xBD, 0xF7, 0xD6, 0x9A, 0xBD, 0xF7, 0xAD, 0x55,
    0x8C, 0x51, 0x7B, 0xEF, 0x94, 0x92, 0x8C, 0x71, 0x00, 0x00, 0x4A, 0x69, 0x42, 0x08, 0x6B, 0x6D,
    0xBD, 0xF7, 0xD6, 0x9A, 0xBD, 0xF7, 0xAD, 0x55, 0x8C, 0x51, 0x7B, 0xEF, 0x94, 0x92, 0x8C, 0x71,
    0x00, 0x00, 0x4A, 0x69, 0x42, 0x08, 0x6B, 0x6D, 0xBD, 0xF7, 0xD6, 0x9A, 0xBD, 0xF7, 0xAD, 0x55,
    0x8C, 0x51, 0x7B, 0xEF, 0x94, 0x92, 0x8C, 0x71, 0x00, 0x00, 0x4A, 0x69, 0x42, 0x08, 0x6B, 0x6D,
    0xBD, 0xF7, 0xD6, 0x9A, 0xBD, 0xF7, 0xAD, 0x55, 0x8C, 0x51, 0x7B, 0xEF, 0x94, 0x92, 0x8C, 0x71,
    0x00, 0x00, 0x4A, 0x69, 0x42, 0x08, 0x6B, 0x6D, 0xBD, 0xF7, 0xD6, 0x9A, 0xBD, 0xF7, 0xAD, 0x55,
    0x8C, 0x51, 0x7B, 0xEF, 0x94, 0x92, 0x8C, 0x71, 0x00, 0x00, 0x4A, 0x69, 0x42, 0x08, 0x6B, 0x6D,
    0xBD, 0xF7, 0xD6, 0x9A, 0xBD, 0xF7, 0xAD, 0x55, 0x8C, 0x51, 0x7B, 0xEF, 0x94, 0x92, 0x8C, 0x71,
    0x00, 0x00, 0x4A, 0x69, 0x42, 0x08, 0x6B, 0x6D, 0xBD, 0xF7, 0xD6, 0x9A, 0xBD, 0xF7, 0xAD, 0x55,
    0x8C, 0x51, 0x7B, 0xEF, 0x94, 0x92, 0x8C, 0x71, 0x00, 0x00, 0x52, 0xAA, 0x52, 0x77, 0x00, 0x2B,
    0x52, 0x77, 0x00, 0x0E, 0x52, 0x77, 0x00, 0x0D, 0x42, 0x13, 0x00, 0x0D, 0x00, 0x00, 0x08, 0x2A,
    0x00, 0x0B, 0x7B, 0xDF, 0x08, 0x2A, 0x5A, 0xDA, 0x08, 0x2A, 0x52, 0x97, 0x00, 0x0D, 0x52, 0x97,
    0x00, 0x10, 0x52, 0x97, 0x00, 0x0D, 0x52, 0x97, 0x08, 0x2A, 0x52, 0xAA, 0x00, 0x00, 0x42, 0x08,
    0x39, 0xE7, 0x42, 0x28, 0x6B, 0x6D, 0xA5, 0x14, 0xAD, 0x55, 0x9C, 0xF3, 0x84, 0x10, 0x7B, 0xCF,
    0x84, 0x30, 0x84, 0x10, 0x00, 0x00, 0x42, 0x08, 0x39, 0xE7, 0x42, 0x28, 0x6B, 0x6D, 0xA5, 0x14,
    0xAD, 0x55, 0x9C, 0xF3, 0x84, 0x10, 0x7B, 0xCF, 0x84, 0x30, 0x84, 0x10, 0x00, 0x00, 0x42, 0x08,
    0x39, 0xE7, 0x42, 0x28, 0x6B, 0x6D, 0xA5, 0x14, 0xAD, 0x55, 0x9C, 0xF3, 0x84, 0x10, 0x7B, 0xCF,
    0x84, 0x30, 0x84, 0x10, 0x00, 0x00, 0x42, 0x08, 0x39, 0xE7, 0x42, 0x28, 0x6B, 0x6D, 0xA5, 0x14,
    0xAD, 0x55, 0x9C, 0xF3, 0x84, 0x10, 0x7B, 0xCF, 0x84, 0x30, 0x84, 0x10, 0x00, 0x00, 0x42, 0x08,
    0x39, 0xE7, 0x42, 0x28, 0x6B, 0x6D, 0xA5, 0x14, 0xAD, 0x55, 0x9C, 0xF3, 0x84, 0x10, 0x7B, 0xCF,
    0x84, 0x30, 0x84, 0x10, 0x00, 0x00, 0x42, 0x08, 0x39, 0xE7, 0x42, 0x28, 0x6B, 0x6D, 0xA5, 0x14,
    0xAD, 0x55, 0x9C, 0xF3, 0x84, 0x10, 0x7B, 0xCF, 0x84, 0x30, 0x84, 0x10, 0x00, 0x00, 0x42, 0x08,
    0x39, 0xE7, 0x42, 0x28, 0x6B, 0x6D, 0xA5, 0x14, 0xAD, 0x55, 0x9C, 0xF3, 0x84, 0x10, 0x7B, 0xCF,
    0x84, 0x30, 0x84, 0x10, 0x00, 0x00, 0x42, 0x08, 0x39, 0xE7, 0x42, 0x28, 0x6B, 0x6D, 0xA5, 0x14,
    0xAD, 0x55, 0x9C, 0xF3, 0x84, 0x10, 0x7B, 0xCF, 0x84, 0x30, 0x84, 0x10, 0x00, 0x00, 0x42, 0x08,
    0x39, 0xE7, 0x42, 0x28, 0x6B, 0x6D, 0xA5, 0x14, 0xAD, 0x55, 0x9C, 0xF3, 0x84, 0x10, 0x7B, 0xCF,
    0x84, 0x30, 0x84, 0x10, 0x00, 0x00, 0x52, 0xAA, 0x00, 0x0C, 0x52, 0x97, 0x08, 0x2A, 0x52, 0x97,
    0x08, 0x2A, 0x52, 0x97, 0x08, 0x2A, 0x52, 0x97, 0x08, 0x2A, 0x52, 0x97, 0x00, 0x0C, 0x52, 0x97,
    0x00, 0x0C, 0x52, 0x97, 0x00, 0x0B, 0x52, 0x97, 0x00, 0x0B, 0x52, 0x97, 0x08, 0x2A, 0x52, 0x97,
    0x08, 0x2A, 0x52, 0x97, 0x00, 0x0D, 0x52, 0x97, 0x00, 0x10, 0x52, 0x97, 0x00, 0x0D, 0x52, 0x97,
    0x08, 0x2A, 0x52, 0x97, 0x08, 0x2A, 0x52, 0x97, 0x00, 0x0C, 0x52, 0x97, 0x00, 0x0C, 0x52, 0x97,
    0x00, 0x0C, 0x52, 0x97, 0x00, 0x0C, 0x52, 0x97, 0x00, 0x0B, 0x52, 0x97, 0x00, 0x0C, 0x52, 0x97,
    0x00, 0x0D, 0x52, 0x97, 0x08, 0x2A, 0x52, 0x97, 0x00, 0x2B, 0x52, 0x97, 0x00, 0x0C, 0x52, 0x97,
    0x00, 0x0D, 0x52, 0x97, 0x00, 0x0D, 0x52, 0x97, 0x08, 0x2A, 0x52, 0x97, 0x00, 0x0E, 0x52, 0x97,
    0x00, 0x0E, 0x52, 0x97, 0x00, 0x0C, 0x52, 0x97, 0x00, 0x0D, 0x52, 0x97, 0x08, 0x2A, 0x52, 0x97,
    0x08, 0x2A, 0x52, 0x97, 0x00, 0x0C, 0x52, 0x97, 0x08, 0x2A, 0x52, 0x97, 0x08, 0x2A, 0x52, 0xAA,
    0x00, 0x00, 0x42, 0x08, 0x39, 0xE7, 0x42, 0x28, 0x6B, 0x6D, 0xA5, 0x14, 0xAD, 0x55, 0x9C, 0xF3,
    0x84, 0x10, 0x7B, 0xCF, 0x84, 0x30, 0x84, 0x10, 0x00, 0x00, 0x42, 0x08, 0x39, 0xE7, 0x42, 0x28,
    0x6B, 0x6D, 0xA5, 0x14, 0xAD, 0x55, 0x9C, 0xF3, 0x84, 0x10, 0x7B, 0xCF, 0x84, 0x30, 0x84, 0x10,
    0x00, 0x00, 0x42, 0x08, 0x39, 0xE7, 0x42, 0x28, 0x6B, 0x6D, 0xA5, 0x14, 0xAD, 0x55, 0x9C, 0xF3,
    0x84, 0x10, 0x7B, 0xCF, 0x84, 0x30, 0x84, 0x10, 0x00, 0x00, 0x42, 0x08, 0x39, 0xE7, 0x42, 0x28,
    0x6B, 0x6D, 0xA5, 0x14, 0xAD, 0x55, 0x9C, 0xF3, 0x84, 0x10, 0x7B, 0xCF, 0x84, 0x30, 0x84, 0x10,
    0x00, 0x00, 0x42, 0x08, 0x39, 0xE7, 0x42, 0x28, 0x6B, 0x6D, 0xA5, 0x14, 0xAD, 0x55, 0x9C, 0xF3,
    0x84, 0x10, 0x7B, 0xCF, 0x84, 0x30, 0x84, 0x10, 0x00, 0x00, 0x42, 0x08, 0x39, 0xE7, 0x42, 0x28,
    0x6B, 0x6D, 0xA5, 0x14, 0xAD, 0x55, 0x9C, 0xF3, 0x84, 0x10, 0x7B, 0xCF, 0x84, 0x30, 0x84, 0x10,
    0x00, 0x00, 0x42, 0x08, 0x39, 0xE7, 0x42, 0x28, 0x6B, 0x6D, 0xA5, 0x14, 0xAD, 0x55, 0x9C, 0xF3,
    0x84, 0x10, 0x7B, 0xCF, 0x84, 0x30, 0x84, 0x10, 0x00, 0x00, 0x42, 0x08, 0x39, 0xE7, 0x42, 0x28,
    0x6B, 0x6D, 0xA5, 0x14, 0xAD, 0x55, 0x9C, 0xF3, 0x84, 0x10, 0x7B, 0xCF, 0x84, 0x30, 0x84, 0x10,
    0x00, 0x00, 0x42, 0x08, 0x39, 0xE7, 0x42, 0x28, 0x6B, 0x6D, 0xA5, 0x14, 0xAD, 0x55, 0x9C, 0xF3,
    0x84, 0x10, 0x7B, 0xCF, 0x84, 0x30, 0x84, 0x10, 0x00, 0x00, 0x52, 0xAA, 0x08, 0x2A, 0x52, 0x97,
    0x00, 0x2B, 0x52, 0x97, 0x00, 0x0C, 0x73, 0x9F, 0x00, 0x0D, 0x00, 0x00, 0x00, 0x0D, 0x00, 0x00,
    0xB5, 0x7F, 0x00, 0x0D, 0x73, 0x9F, 0x00, 0x2B, 0x00, 0x00, 0x08, 0x2A, 0x52, 0x97, 0x00, 0x0E,
    0x52, 0x97, 0x00, 0x0F, 0x52, 0x97, 0x00, 0x0C, 0x52, 0x97, 0x52, 0xAA, 0x00, 0x00, 0x39, 0xE7,
    0x31, 0xA6, 0x39, 0xE7, 0x42, 0x08, 0x4A, 0x69, 0x5A, 0xCB, 0x5A, 0xCB, 0x63, 0x2C, 0x73, 0x8E,
    0x7B, 0xEF, 0x73, 0xAE, 0x00, 0x00, 0x39, 0xE7, 0x31, 0xA6, 0x39, 0xE7, 0x42, 0x08, 0x4A, 0x69,
    0x5A, 0xCB, 0x5A, 0xCB, 0x63, 0x2C, 0x73, 0x8E, 0x7B, 0xEF, 0x73, 0xAE, 0x00, 0x00, 0x39, 0xE7,
    0x31, 0xA6, 0x39, 0xE7, 0x42, 0x08, 0x4A, 0x69, 0x5A, 0xCB, 0x5A, 0xCB, 0x63, 0x2C, 0x73, 0x8E,
    0x7B, 0xEF, 0x73, 0xAE, 0x00, 0x00, 0x39, 0xE7, 0x31, 0xA6, 0x39, 0xE7, 0x42, 0x08, 0x4A, 0x69,
    0x5A, 0xCB, 0x5A, 0xCB, 0x63, 0x2C, 0x73, 0x8E, 0x7B, 0xEF, 0x73, 0xAE, 0x00, 0x00, 0x39, 0xE7,
    0x31, 0xA6, 0x39, 0xE7, 0x42, 0x08, 0x4A, 0x69, 0x5A, 0xCB, 0x5A, 0xCB, 0x63, 0x2C, 0x73, 0x8E,
    0x7B, 0xEF, 0x73, 0xAE, 0x00, 0x00, 0x39, 0xE7, 0x31, 0xA6, 0x39, 0xE7, 0x42, 0x08, 0x4A, 0x69,
    0x5A, 0xCB, 0x5A, 0xCB, 0x63, 0x2C, 0x73, 0x8E, 0x7B, 0xEF, 0x73, 0xAE, 0x00, 0x00, 0x39, 0xE7,
    0x31, 0xA6, 0x39, 0xE7, 0x42, 0x08, 0x4A, 0x69, 0x5A, 0xCB, 0x5A, 0xCB, 0x63, 0x2C, 0x73, 0x8E,
    0x7B, 0xEF, 0x73, 0xAE, 0x00, 0x00, 0x39, 0xE7, 0x31, 0xA6, 0x39, 0xE7, 0x42, 0x08, 0x4A, 0x69,
    0x5A, 0xCB, 0x5A, 0xCB, 0x63, 0x2C, 0x73, 0x8E, 0x7B, 0xEF, 0x73, 0xAE, 0x00, 0x00, 0x39, 0xE7,
    0x31, 0xA6, 0x39, 0xE7, 0x42, 0x08, 0x4A, 0x69, 0x5A, 0xCB, 0x5A, 0xCB, 0x63, 0x2C, 0x73, 0x8E,
    0x7B, 0xEF, 0x73, 0xAE, 0x00, 0x00, 0x52, 0xAA, 0x52, 0x97, 0x00, 0x2B, 0x52, 0x97, 0x08, 0x2A,
    0x52, 0x97, 0x08, 0x2A, 0x52, 0x97, 0x08, 0x2A, 0x52, 0x97, 0x00, 0x2B, 0x52, 0x97, 0x00, 0x0C,
    0x52, 0x97, 0x00, 0x2B, 0x52, 0x97, 0x00, 0x0C, 0x52, 0x97, 0x00, 0x0D, 0x52, 0x97, 0x00, 0x2B,
    0x52, 0x97, 0x08, 0x2A, 0x52, 0x97, 0x00, 0x0E, 0x52, 0x97, 0x00, 0x0F, 0x52, 0x97, 0x00, 0x0C,
    0x52, 0x97, 0x08, 0x2A, 0x52, 0x97, 0x00, 0x0C, 0x52, 0x97, 0x00, 0x0D, 0x52, 0x97, 0x00, 0x2B,
    0x52, 0x97, 0x00, 0x0D, 0x52, 0x97, 0x00, 0x0D, 0x52, 0x97, 0x00, 0x0C, 0x52, 0x97, 0x00, 0x0D,
    0x52, 0x97, 0x00, 0x0B, 0x52, 0x97, 0x08, 0x2A, 0x52, 0x97, 0x08, 0x2A, 0x52, 0x97, 0x00, 0x2B,
    0x52, 0x97, 0x00, 0x0C, 0x52, 0x97, 0x00, 0x0C, 0x52, 0x97, 0x00, 0x0D, 0x52, 0x97, 0x00, 0x0D,
    0x52, 0x97, 0x00, 0x0F, 0x52, 0x97, 0x00, 0x0D, 0x52, 0x97, 0x00, 0x0D, 0x52, 0x97, 0x08, 0x2A,
    0x52, 0x97, 0x08, 0x2A, 0x52, 0x97, 0x00, 0x2B, 0x52, 0x97, 0x08, 0x2A, 0x52, 0x97, 0x52, 0xAA,
    0x00, 0x00, 0x39, 0xE7, 0x31, 0xA6, 0x39, 0xE7, 0x42, 0x08, 0x4A, 0x69, 0x5A, 0xCB, 0x5A, 0xCB,
    0x63, 0x2C, 0x73, 0x8E, 0x7B, 0xEF, 0x73, 0xAE, 0x00, 0x00, 0x39, 0xE7, 0x31, 0xA6, 0x39, 0xE7,
    0x42, 0x08, 0x4A, 0x69, 0x5A, 0xCB, 0x5A, 0xCB, 0x63, 0x2C, 0x73, 0x8E, 0x7B, 0xEF, 0x73, 0xAE,
    0x00, 0x00, 0x39, 0xE7, 0x31, 0xA6, 0x39, 0xE7, 0x42, 0x08, 0x4A, 0x69, 0x5A, 0xCB, 0x5A, 0xCB,
    0x63, 0x2C, 0x73, 0x8E, 0x7B, 0xEF, 0x73, 0xAE, 0x00, 0x00, 0x39, 0xE7, 0x31, 0xA6, 0x39, 0xE7,
    0x42, 0x08, 0x4A, 0x69, 0x5A, 0xCB, 0x5A, 0xCB, 0x63, 0x2C, 0x73, 0x8E, 0x7B, 0xEF, 0x73, 0xAE,
    0x00, 0x00, 0x39, 0xE7, 0x31, 0xA6, 0x39, 0xE7, 0x42, 0x08, 0x4A, 0x69, 0x5A, 0xCB, 0x5A, 0xCB,
    0x63, 0x2C, 0x73, 0x8E, 0x7B, 0xEF, 0x73, 0xAE, 0x00, 0x00, 0x39, 0xE7, 0x31, 0xA6, 0x39, 0xE7,
    0x42, 0x08, 0x4A, 0x69, 0x5A, 0xCB, 0x5A, 0xCB, 0x63, 0x2C, 0x73, 0x8E, 0x7B, 0xEF, 0x73, 0xAE,
    0x00, 0x00, 0x39, 0xE7, 0x31, 0xA6, 0x39, 0xE7, 0x42, 0x08, 0x4A, 0x69, 0x5A, 0xCB, 0x5A, 0xCB,
    0x63, 0x2C, 0x73, 0x8E, 0x7B, 0xEF, 0x73, 0xAE, 0x00, 0x00, 0x39, 0xE7, 0x31, 0xA6, 0x39, 0xE7,
    0x42, 0x08, 0x4A, 0x69, 0x5A, 0xCB, 0x5A, 0xCB, 0x63, 0x2C, 0x73, 0x8E, 0x7B, 0xEF, 0x73, 0xAE,
    0x00, 0x00, 0x39, 0xE7, 0x31, 0xA6, 0x39, 0xE7, 0x42, 0x08, 0x4A, 0x69, 0x5A, 0xCB, 0x5A, 0xCB,
    0x63, 0x2C, 0x73, 0x8E, 0x7B, 0xEF, 0x73, 0xAE, 0x00, 0x00, 0x52, 0xAA, 0x52, 0x97, 0x08, 0x2A,
    0x52, 0x97, 0x08, 0x2A, 0x52, 0x97, 0x00, 0x2B, 0x42, 0x33, 0x00, 0x0C, 0x00, 0x00, 0x00, 0x0C,
    0x00, 0x0D, 0x7B, 0xDF, 0x00, 0x0E, 0x5A, 0xFA, 0x00, 0x2B, 0x52, 0x97, 0x00, 0x2B, 0x52, 0x97,
    0x00, 0x0C, 0x52, 0x97, 0x00, 0x0E, 0x52, 0x97, 0x00, 0x0C, 0x52, 0xAA, 0x08, 0x41, 0x42, 0x28,
    0x39, 0xE7, 0x42, 0x08, 0x4A, 0x69, 0x52, 0x8A, 0x5A, 0xEB, 0x63, 0x0C, 0x6B, 0x6D, 0x73, 0xAE,
    0x84, 0x10, 0x84, 0x10, 0x00, 0x00, 0x42, 0x28, 0x39, 0xE7, 0x42, 0x08, 0x4A, 0x69, 0x52, 0x8A,
    0x5A, 0xEB, 0x63, 0x0C, 0x6B, 0x6D, 0x73, 0xAE, 0x84, 0x10, 0x84, 0x10, 0x00, 0x00, 0x42, 0x28,
    0x39, 0xE7, 0x42, 0x08, 0x4A, 0x69, 0x52, 0x8A, 0x5A, 0xEB, 0x63, 0x0C, 0x6B, 0x6D, 0x73, 0xAE,
    0x84, 0x10, 0x84, 0x10, 0x00, 0x00, 0x42, 0x28, 0x39, 0xE7, 0x42, 0x08, 0x4A, 0x69, 0x52, 0x8A,
    0x5A, 0xEB, 0x63, 0x0C, 0x6B, 0x6D, 0x73, 0xAE, 0x84, 0x10, 0x84, 0x10, 0x00, 0x00, 0x42, 0x28,
    0x39, 0xE7, 0x42, 0x08, 0x4A, 0x69, 0x52, 0x8A, 0x5A, 0xEB, 0x63, 0x0C, 0x6B, 0x6D, 0x73, 0xAE,
    0x84, 0x10, 0x84, 0x10, 0x00, 0x00, 0x42, 0x28, 0x39, 0xE7, 0x42, 0x08, 0x4A, 0x69, 0x52, 0x8A,
    0x5A, 0xEB, 0x63, 0x0C, 0x6B, 0x6D, 0x73, 0xAE, 0x84, 0x10, 0x84, 0x10, 0x00, 0x00, 0x42, 0x28,
    0x39, 0xE7, 0x42, 0x08, 0x4A, 0x69, 0x52, 0x8A, 0x5A, 0xEB, 0x63, 0x0C, 0x6B, 0x6D, 0x73, 0xAE,
    0x84, 0x10, 0x84, 0x10, 0x00, 0x00, 0x42, 0x28, 0x39, 0xE7, 0x42, 0x08, 0x4A, 0x69, 0x52, 0x8A,
    0x5A, 0xEB, 0x63, 0x0C, 0x6B, 0x6D, 0x73, 0xAE, 0x84, 0x10, 0x84, 0x10, 0x00, 0x00, 0x42, 0x28,
    0x39, 0xE7, 0x42, 0x08, 0x4A, 0x69, 0x52, 0x8A, 0x5A, 0xEB, 0x63, 0x0C, 0x6B, 0x6D, 0x73, 0xAE,
    0x84, 0x10, 0x84, 0x10, 0x00, 0x00, 0x52, 0xAA, 0x00, 0x2B, 0x52, 0x97, 0x00, 0x2B, 0x52, 0x97,
    0x08, 0x2A, 0x52, 0x97, 0x00, 0x2B, 0x52, 0x97, 0x00, 0x2B, 0x52, 0x97, 0x00, 0x0D, 0x52, 0x97,
    0x00, 0x0D, 0x52, 0x97, 0x00, 0x0C, 0x52, 0x97, 0x00, 0x0D, 0x52, 0x97, 0x00, 0x0E, 0x52, 0x97,
    0x00, 0x2B, 0x52, 0x97, 0x00, 0x2B, 0x52, 0x97, 0x00, 0x0C, 0x52, 0x97, 0x00, 0x0E, 0x52, 0x97,
    0x00, 0x0C, 0x52, 0x97, 0x08, 0x2A, 0x52, 0x97, 0x00, 0x0D, 0x52, 0x97, 0x00, 0x0D, 0x52, 0x97,
    0x00, 0x2B, 0x52, 0x97, 0x00, 0x0E, 0x52, 0x97, 0x00, 0x0C, 0x52, 0x97, 0x00, 0x2B, 0x52, 0x97,
    0x00, 0x2B, 0x52, 0x97, 0x08, 0x2A, 0x52, 0x97, 0x08, 0x2A, 0x52, 0x97, 0x08, 0x2A, 0x52, 0x97,
    0x00, 0x2B, 0x52, 0x97, 0x00, 0x0C, 0x52, 0x97, 0x00, 0x0C, 0x52, 0x97, 0x00, 0x0C, 0x52, 0x97,
    0x00, 0x0D, 0x52, 0x97, 0x00, 0x0E, 0x52, 0x97, 0x00, 0x0D, 0x52, 0x97, 0x00, 0x0D, 0x52, 0x97,
    0x08, 0x2A, 0x52, 0x97, 0x00, 0x2B, 0x52, 0x97, 0x00, 0x2B, 0x52, 0x97, 0x08, 0x2A, 0x52, 0xAA,
    0x08, 0x41, 0x42, 0x28, 0x39, 0xE7, 0x42, 0x08, 0x4A, 0x69, 0x52, 0x8A, 0x5A, 0xEB, 0x63, 0x0C,
    0x6B, 0x6D, 0x73, 0xAE, 0x84, 0x10, 0x84, 0x10, 0x00, 0x00, 0x42, 0x28, 0x39, 0xE7, 0x42, 0x08,
    0x4A, 0x69, 0x52, 0x8A, 0x5A, 0xEB, 0x63, 0x0C, 0x6B, 0x6D, 0x73, 0xAE, 0x84, 0x10, 0x84, 0x10,
    0x00, 0x00, 0x42, 0x28, 0x39, 0xE7, 0x42, 0x08, 0x4A, 0x69, 0x52, 0x8A, 0x5A, 0xEB, 0x63, 0x0C,
    0x6B, 0x6D, 0x73, 0xAE, 0x84, 0x10, 0x84, 0x10, 0x00, 0x00, 0x42, 0x28, 0x39, 0xE7, 0x42, 0x08,
    0x4A, 0x69, 0x52, 0x8A, 0x5A, 0xEB, 0x63, 0x0C, 0x6B, 0x6D, 0x73, 0xAE, 0x84, 0x10, 0x84, 0x10,
    0x00, 0x00, 0x42, 0x28, 0x39, 0xE7, 0x42, 0x08, 0x4A, 0x69, 0x52, 0x8A, 0x5A, 0xEB, 0x63, 0x0C,
    0x6B, 0x6D, 0x73, 0xAE, 0x84, 0x10, 0x84, 0x10, 0x00, 0x00, 0x42, 0x28, 0x39, 0xE7, 0x42, 0x08,
    0x4A, 0x69, 0x52, 0x8A, 0x5A, 0xEB, 0x63, 0x0C, 0x6B, 0x6D, 0x73, 0xAE, 0x84, 0x10, 0x84, 0x10,
    0x00, 0x00, 0x42, 0x28, 0x39, 0xE7, 0x42, 0x08, 0x4A, 0x69, 0x52, 0x8A, 0x5A, 0xEB, 0x63, 0x0C,
    0x6B, 0x6D, 0x73, 0xAE, 0x84, 0x10, 0x84, 0x10, 0x00, 0x00, 0x42, 0x28, 0x39, 0xE7, 0x42, 0x08,
    0x4A, 0x69, 0x52, 0x8A, 0x5A, 0xEB, 0x63, 0x0C, 0x6B, 0x6D, 0x73, 0xAE, 0x84, 0x10, 0x84, 0x10,
    0x00, 0x00, 0x42, 0x28, 0x39, 0xE7, 0x42, 0x08, 0x4A, 0x69, 0x52, 0x8A, 0x5A, 0xEB, 0x63, 0x0C,
    0x6B, 0x6D, 0x73, 0xAE, 0x84, 0x10, 0x84, 0x10, 0x00, 0x00, 0x52, 0xAA, 0x08, 0x2A, 0x52, 0x97,
    0x08, 0x2A, 0x52, 0x97, 0x08, 0x2A, 0x7B, 0xBF, 0x00, 0x2B, 0x00, 0x00, 0x00, 0x0C, 0x00, 0x00,
    0xB5, 0x9F, 0x00, 0x0D, 0x73, 0xBF, 0x00, 0x0E, 0x00, 0x00, 0x00, 0x2B, 0x52, 0x97, 0x08, 0x2A,
    0x52, 0x97, 0x00, 0x2B, 0x52, 0x97, 0x00, 0x0E, 0x52, 0x97, 0x52, 0xAA, 0x6B, 0x4D, 0x08, 0x41,
    0x00, 0x00, 0x00, 0x00, 0x00, 0x00, 0x00, 0x00, 0x00, 0x00, 0x00, 0x00, 0x00, 0x00, 0x00, 0x00,
    0x00, 0x00, 0x00, 0x00, 0x00, 0x00, 0x00, 0x00, 0x00, 0x00, 0x00, 0x00, 0x00, 0x00, 0x00, 0x00,
    0x00, 0x00, 0x00, 0x00, 0x00, 0x00, 0x00, 0x00, 0x00, 0x00, 0x00, 0x00, 0x00, 0x00, 0x00, 0x00,
    0x00, 0x00, 0x00, 0x00, 0x00, 0x00, 0x00, 0x00, 0x00, 0x00, 0x00, 0x00, 0x00, 0x00, 0x00, 0x00,
    0x00, 0x00, 0x00, 0x00, 0x00, 0x20, 0x00, 0x00, 0x00, 0x00, 0x00, 0x00, 0x00, 0x00, 0x00, 0x00,
    0x00, 0x00, 0x00, 0x00, 0x00, 0x00, 0x00, 0x00, 0x00, 0x00, 0x00, 0x00, 0x00, 0x00, 0x00, 0x00,
    0x00, 0x00, 0x00, 0x00, 0x00, 0x00, 0x00, 0x00, 0x00, 0x00, 0x00, 0x00, 0x00, 0x00, 0x00, 0x00,
    0x00, 0x00, 0x00, 0x00, 0x00, 0x00, 0x00, 0x00, 0x00, 0x00, 0x00, 0x00, 0x00, 0x00, 0x00, 0x00,
    0x00, 0x00, 0x00, 0x00, 0x00, 0x00, 0x00, 0x00, 0x00, 0x00, 0x00, 0x00, 0x00, 0x00, 0x00, 0x00,
    0x00, 0x00, 0x00, 0x00, 0x00, 0x00, 0x00, 0x00, 0x00, 0x00, 0x00, 0x00, 0x00, 0x00, 0x00, 0x00,
    0x00, 0x00, 0x00, 0x00, 0x00, 0x00, 0x00, 0x00, 0x00, 0x00, 0x00, 0x00, 0x00, 0x00, 0x00, 0x00,
    0x00, 0x00, 0x00, 0x00, 0x00, 0x00, 0x00, 0x00, 0x00, 0x00, 0x00, 0x00, 0x00, 0x00, 0x00, 0x00,
    0x00, 0x00, 0x00, 0x00, 0x00, 0x00, 0x00, 0x00, 0x00, 0x00, 0x00, 0x00, 0x00, 0x00, 0x00, 0x00,
    0x00, 0x00, 0x00, 0x00, 0x63, 0x0C, 0x52, 0xAA, 0x52, 0x97, 0x00, 0x0C, 0x52, 0x97, 0x00, 0x2B,
    0x52, 0x97, 0x08, 0x2A, 0x52, 0x97, 0x00, 0x2B, 0x52, 0x97, 0x00, 0x0D, 0x52, 0x97, 0x00, 0x0F,
    0x52, 0x97, 0x00, 0x0D, 0x52, 0x97, 0x00, 0x0D, 0x52, 0x97, 0x00, 0x0D, 0x52, 0x97, 0x00, 0x0E,
    0x52, 0x97, 0x00, 0x2B, 0x52, 0x97, 0x08, 0x2A, 0x52, 0x97, 0x00, 0x2B, 0x52, 0x97, 0x00, 0x0E,
    0x52, 0x97, 0x00, 0x0C, 0x52, 0x97, 0x08, 0x2A, 0x52, 0x97, 0x00, 0x0D, 0x52, 0x97, 0x00, 0x0C,
    0x52, 0x97, 0x00, 0x0D, 0x52, 0x97, 0x00, 0x0E, 0x52, 0x97, 0x00, 0x0B, 0x52, 0x97, 0x08, 0x2A,
    0x52, 0x97, 0x08, 0x2A, 0x52, 0x97, 0x00, 0x2B, 0x52, 0x97, 0x08, 0x2A, 0x52, 0x97, 0x00, 0x2B,
    0x52, 0x97, 0x00, 0x2B, 0x52, 0x97, 0x00, 0x2B, 0x52, 0x97, 0x00, 0x0B, 0x52, 0x97, 0x00, 0x2B,
    0x52, 0x97, 0x00, 0x2B, 0x52, 0x97, 0x00, 0x0B, 0x52, 0x97, 0x00, 0x0D, 0x52, 0x97, 0x00, 0x0C,
    0x52, 0x97, 0x08, 0x2A, 0x52, 0x97, 0x00, 0x0C, 0x52, 0x97, 0x00, 0x2B, 0x52, 0x97, 0x52, 0xAA,
    0x6B, 0x4D, 0x08, 0x41, 0x00, 0x00, 0x00, 0x00, 0x00, 0x00, 0x00, 0x00, 0x00, 0x00, 0x00, 0x00,
    0x00, 0x00, 0x00, 0x00, 0x00, 0x00, 0x00, 0x00, 0x00, 0x00, 0x00, 0x00, 0x00, 0x00, 0x00, 0x00,
    0x00, 0x00, 0x00, 0x00, 0x00, 0x00, 0x00, 0x00, 0x00, 0x00, 0x00, 0x00, 0x00, 0x00, 0x00, 0x00,
    0x00, 0x00, 0x00, 0x00, 0x00, 0x00, 0x00, 0x00, 0x00, 0x00, 0x00, 0x00, 0x00, 0x00, 0x00, 0x00,
    0x00, 0x00, 0x00, 0x00, 0x00, 0x00, 0x00, 0x00, 0x00, 0x20, 0x00, 0x00, 0x00, 0x00, 0x00, 0x00,
    0x00, 0x00, 0x00, 0x00, 0x00, 0x00, 0x00, 0x00, 0x00, 0x00, 0x00, 0x00, 0x00, 0x00, 0x00, 0x00,
    0x00, 0x00, 0x00, 0x00, 0x00, 0x00, 0x00, 0x00, 0x00, 0x00, 0x00, 0x00, 0x00, 0x00, 0x00, 0x00,
    0x00, 0x00, 0x00, 0x00, 0x00, 0x00, 0x00, 0x00, 0x00, 0x00, 0x00, 0x00, 0x00, 0x00, 0x00, 0x00,
    0x00, 0x00, 0x00, 0x00, 0x00, 0x00, 0x00, 0x00, 0x00, 0x00, 0x00, 0x00, 0x00, 0x00, 0x00, 0x00,
    0x00, 0x00, 0x00, 0x00, 0x00, 0x00, 0x00, 0x00, 0x00, 0x00, 0x00, 0x00, 0x00, 0x00, 0x00, 0x00,
    0x00, 0x00, 0x00, 0x00, 0x00, 0x00, 0x00, 0x00, 0x00, 0x00, 0x00, 0x00, 0x00, 0x00, 0x00, 0x00,
    0x00, 0x00, 0x00, 0x00, 0x00, 0x00, 0x00, 0x00, 0x00, 0x00, 0x00, 0x00, 0x00, 0x00, 0x00, 0x00,
    0x00, 0x00, 0x00, 0x00, 0x00, 0x00, 0x00, 0x00, 0x00, 0x00, 0x00, 0x00, 0x00, 0x00, 0x00, 0x00,
    0x00, 0x00, 0x00, 0x00, 0x00, 0x00, 0x00, 0x00, 0x63, 0x0C, 0x52, 0xAA, 0x52, 0x97, 0x00, 0x2B,
    0x52, 0x97, 0x08, 0x2A, 0x52, 0x97, 0x00, 0x2B, 0x42, 0x34, 0x00, 0x2B, 0x00, 0x00, 0x00, 0x2B,
    0x00, 0x0C, 0x83, 0xFF, 0x00, 0x0D, 0x62, 0xFB, 0x00, 0x0E, 0x52, 0xB8, 0x00, 0x2B, 0x52, 0xB8,
    0x08, 0x2A, 0x52, 0xB8, 0x00, 0x2B, 0x52, 0xB8, 0x00, 0x0E, 0x42, 0x4D, 0x52, 0xAA, 0x52, 0xAA,
    0x52, 0xAA, 0x52, 0xAA, 0x52, 0xAA, 0x52, 0xAA, 0x52, 0xAA, 0x52, 0xAA, 0x52, 0xAA, 0x52, 0xAA,
    0x52, 0xAA, 0x52, 0xAA, 0x52, 0xAA, 0x52, 0xAA, 0x52, 0xAA, 0x52, 0xAA, 0x52, 0xAA, 0x52, 0xAA,
    0x52, 0xAA, 0x52, 0xAA, 0x52, 0xAA, 0x52, 0xAA, 0x52, 0xAA, 0x52, 0xAA, 0x52, 0xAA, 0x52, 0xAA,
    0x52, 0xAA, 0x52, 0xAA, 0x52, 0xAA, 0x52, 0xAA, 0x52, 0xAA, 0x52, 0xAA, 0x52, 0xAA, 0x52, 0xAA,
    0x52, 0xAA, 0x9C, 0xD3, 0x00, 0x00, 0x84, 0x10, 0x73, 0xAE, 0x84, 0x10, 0x8C, 0x71, 0x9C, 0xD3,
    0xA5, 0x34, 0xAD, 0x55, 0xB5, 0xB6, 0xB5, 0xB6, 0xBD, 0xF7, 0xBD, 0xD7, 0x00, 0x00, 0x84, 0x10,
    0x73, 0xAE, 0x84, 0x10, 0x8C, 0x71, 0x9C, 0xD3, 0xA5, 0x34, 0xAD, 0x55, 0xB5, 0xB6, 0xB5, 0xB6,
    0xBD, 0xF7, 0xBD, 0xD7, 0x00, 0x00, 0x84, 0x10, 0x73, 0xAE, 0x84, 0x10, 0x8C, 0x71, 0x9C, 0xD3,
    0xA5, 0x34, 0xAD, 0x55, 0xB5, 0xB6, 0xB5, 0xB6, 0xBD, 0xF7, 0xBD, 0xD7, 0x00, 0x00, 0x94, 0x92,
    0x52, 0xAA, 0x52, 0xAA, 0x52, 0xAA, 0x52, 0xAA, 0x52, 0xAA, 0x52, 0xAA, 0x52, 0xAA, 0x52, 0xAA,
    0x52, 0xAA, 0x52, 0xAA, 0x52, 0xAA, 0x52, 0xAA, 0x52, 0xAA, 0x52, 0xAA, 0x52, 0xAA, 0x52, 0xAA,
    0x52, 0xAA, 0x52, 0xAA, 0x52, 0xAA, 0x52, 0xAA, 0x52, 0xAA, 0x52, 0xAA, 0x52, 0xAA, 0x52, 0xAA,
    0x52, 0xAA, 0x52, 0xAA, 0x52, 0xAA, 0x52, 0xAA, 0x52, 0xAA, 0x52, 0xAA, 0x52, 0xAA, 0x52, 0xAA,
    0x52, 0xAA, 0x52, 0xAA, 0x52, 0xAA, 0x42, 0x4D, 0x00, 0x0C, 0x52, 0xB8, 0x00, 0x0E, 0x52, 0xB8,
    0x00, 0x2B, 0x52, 0xB8, 0x08, 0x2A, 0x52, 0xB8, 0x00, 0x0B, 0x52, 0xB8, 0x00, 0x0E, 0x52, 0xB8,
    0x00, 0x0E, 0x52, 0xB8, 0x00, 0x0D, 0x52, 0xB8, 0x00, 0x0C, 0x52, 0xB8, 0x00, 0x0D, 0x52, 0xB8,
    0x00, 0x0E, 0x52, 0xB8, 0x00, 0x2B, 0x52, 0xB8, 0x08, 0x2A, 0x52, 0xB8, 0x00, 0x2B, 0x52, 0xB8,
    0x00, 0x0E, 0x52, 0xB8, 0x00, 0x2B, 0x52, 0xB8, 0x08, 0x2A, 0x52, 0xB8, 0x00, 0x0C, 0x52, 0xB8,
    0x08, 0x2A, 0x52, 0xB8, 0x00, 0x0D, 0x52, 0xB8, 0x00, 0x0D, 0x52, 0xB8, 0x00, 0x0C, 0x52, 0xB8,
    0x08, 0x2A, 0x52, 0xB8, 0x00, 0x2B, 0x52, 0xB8, 0x00, 0x0C, 0x52, 0xB8, 0x00, 0x0D, 0x52, 0xB8,
    0x00, 0x0C, 0x52, 0xB8, 0x08, 0x2A, 0x52, 0xB8, 0x00, 0x2B, 0x52, 0xB8, 0x00, 0x2B, 0x52, 0xB8,
    0x08, 0x2A, 0x52, 0xB8, 0x08, 0x2A, 0x52, 0xB8, 0x00, 0x2B, 0x52, 0xB8, 0x00, 0x0C, 0x52, 0xB8,
    0x00, 0x0C, 0x52, 0xB8, 0x00, 0x0C, 0x52, 0xB8, 0x00, 0x0E, 0x52, 0xB8, 0x00, 0x2B, 0x42, 0x4D,
    0x52, 0xAA, 0x52, 0xAA, 0x52, 0xAA, 0x52, 0xAA, 0x52, 0xAA, 0x52, 0xAA, 0x52, 0xAA, 0x52, 0xAA,
    0x52, 0xAA, 0x52, 0xAA, 0x52, 0xAA, 0x52, 0xAA, 0x52, 0xAA, 0x52, 0xAA, 0x52, 0xAA, 0x52, 0xAA,
    0x52, 0xAA, 0x52, 0xAA, 0x52, 0xAA, 0x52, 0xAA, 0x52, 0xAA, 0x52, 0xAA, 0x52, 0xAA, 0x52, 0xAA,
    0x52, 0xAA, 0x52, 0xAA, 0x52, 0xAA, 0x52, 0xAA, 0x52, 0xAA, 0x52, 0xAA, 0x52, 0xAA, 0x52, 0xAA,
    0x52, 0xAA, 0x52, 0xAA, 0x52, 0xAA, 0x9C, 0xD3, 0x00, 0x00, 0x84, 0x10, 0x73, 0xAE, 0x84, 0x10,
    0x8C, 0x71, 0x9C, 0xD3, 0xA5, 0x34, 0xAD, 0x55, 0xB5, 0xB6, 0xB5, 0xB6, 0xBD, 0xF7, 0xBD, 0xD7,
    0x00, 0x00, 0x84, 0x10, 0x73, 0xAE, 0x84, 0x10, 0x8C, 0x71, 0x9C, 0xD3, 0xA5, 0x34, 0xAD, 0x55,
    0xB5, 0xB6, 0xB5, 0xB6, 0xBD, 0xF7, 0xBD, 0xD7, 0x00, 0x00, 0x84, 0x10, 0x73, 0xAE, 0x84, 0x10,
    0x8C, 0x71, 0x9C, 0xD3, 0xA5, 0x34, 0xAD, 0x55, 0xB5, 0xB6, 0xB5, 0xB6, 0xBD, 0xF7, 0xBD, 0xD7,
    0x00, 0x00, 0x94, 0x92, 0x52, 0xAA, 0x52, 0xAA, 0x52, 0xAA, 0x52, 0xAA, 0x52, 0xAA, 0x52, 0xAA,
    0x52, 0xAA, 0x52, 0xAA, 0x52, 0xAA, 0x52, 0xAA, 0x52, 0xAA, 0x52, 0xAA, 0x52, 0xAA, 0x52, 0xAA,
    0x52, 0xAA, 0x52, 0xAA, 0x52, 0xAA, 0x52, 0xAA, 0x52, 0xAA, 0x52, 0xAA, 0x52, 0xAA, 0x52, 0xAA,
    0x52, 0xAA, 0x52, 0xAA, 0x52, 0xAA, 0x52, 0xAA, 0x52, 0xAA, 0x52, 0xAA, 0x52, 0xAA, 0x52, 0xAA,
    0x52, 0xAA, 0x52, 0xAA, 0x52, 0xAA, 0x52, 0xAA, 0x52, 0xAA, 0x42, 0x4D, 0x00, 0x2B, 0x52, 0xB8,
    0x00, 0x0C, 0x52, 0xB8, 0x00, 0x0D, 0x7B, 0xDF, 0x00, 0x0C, 0x00, 0x00, 0x08, 0x2A, 0x00, 0x00,
    0xBD, 0xBF, 0x00, 0x2B, 0x7B, 0xBF, 0x00, 0x0D, 0x00, 0x00, 0x00, 0x0D, 0x52, 0xB8, 0x00, 0x0C,
    0x52, 0xB8, 0x08, 0x2A, 0x52, 0xB8, 0x00, 0x2B, 0x52, 0xB8, 0x00, 0x0C, 0x52, 0xB8, 0x08, 0x2A,
    0x52, 0xB8, 0x08, 0x2A, 0x52, 0xB8, 0x08, 0x2A, 0x52, 0xB8, 0x00, 0x2B, 0x52, 0xB8, 0x00, 0x0D,
    0x52, 0xB8, 0x00, 0x0E, 0x52, 0xB8, 0x00, 0x0C, 0x52, 0xB8, 0x08, 0x2A, 0x52, 0xB8, 0x00, 0x2B,
    0x52, 0xB8, 0x00, 0x0D, 0x52, 0xB8, 0x00, 0x0F, 0x52, 0xB8, 0x00, 0x2B, 0x52, 0xB8, 0x00, 0x2B,
    0x52, 0xB8, 0x00, 0x0C, 0x52, 0xB8, 0x00, 0x2B, 0x52, 0xB8, 0x08, 0x2A, 0x52, 0xB8, 0x00, 0x2B,
    0x52, 0xB8, 0x52, 0xAA, 0x00, 0x00, 0x84, 0x10, 0x7B, 0xEF, 0x84, 0x30, 0x94, 0x92, 0x94, 0x92,
    0x84, 0x10, 0x84, 0x30, 0xA5, 0x14, 0xBD, 0xF7, 0xC6, 0x38, 0xBD, 0xF7, 0x00, 0x00, 0x84, 0x10,
    0x7B, 0xEF, 0x84, 0x30, 0x94, 0x92, 0x94, 0x92, 0x84, 0x10, 0x84, 0x30, 0xA5, 0x14, 0xBD, 0xF7,
    0xC6, 0x38, 0xBD, 0xF7, 0x00, 0x00, 0x84, 0x10, 0x7B, 0xEF, 0x84, 0x30, 0x94, 0x92, 0x94, 0x92,
    0x84, 0x10, 0x84, 0x30, 0xA5, 0x14, 0xBD, 0xF7, 0xC6, 0x38, 0xBD, 0xF7, 0x00, 0x00, 0x52, 0xAA,
    0x52, 0xB8, 0x08, 0x2A, 0x52, 0xB8, 0x00, 0x2B, 0x52, 0xB8, 0x00, 0x0D, 0x52, 0xB8, 0x00, 0x0E,
    0x52, 0xB8, 0x00, 0x0C, 0x52, 0xB8, 0x08, 0x2A, 0x52, 0xB8, 0x00, 0x2B, 0x52, 0xB8, 0x00, 0x0D,
    0x52, 0xB8, 0x00, 0x0F, 0x52, 0xB8, 0x00, 0x2B, 0x52, 0xB8, 0x00, 0x2B, 0x52, 0xB8, 0x00, 0x0C,
    0x52, 0xB8, 0x00, 0x2B, 0x52, 0xB8, 0x08, 0x2A, 0x52, 0xB8, 0x00, 0x2B, 0x52, 0xB8, 0x00, 0x2B,
    0x52, 0xB8, 0x00, 0x0C, 0x52, 0xB8, 0x00, 0x0C, 0x52, 0xB8, 0x00, 0x0F, 0x52, 0xB8, 0x00, 0x0E,
    0x52, 0xB8, 0x00, 0x2B, 0x52, 0xB8, 0x08, 0x2A, 0x52, 0xB8, 0x00, 0x2B, 0x52, 0xB8, 0x00, 0x0C,
    0x52, 0xB8, 0x00, 0x0B, 0x52, 0xB8, 0x00, 0x0C, 0x52, 0xB8, 0x00, 0x2B, 0x52, 0xB8, 0x00, 0x0D,
    0x52, 0xB8, 0x00, 0x0D, 0x52, 0xB8, 0x00, 0x0C, 0x52, 0xB8, 0x08, 0x2A, 0x52, 0xB8, 0x00, 0x2B,
    0x52, 0xB8, 0x00, 0x0C, 0x52, 0xB8, 0x08, 0x2A, 0x52, 0xB8, 0x08, 0x2A, 0x52, 0xB8, 0x08, 0x2A,
    0x52, 0xB8, 0x00, 0x2B, 0x52, 0xB8, 0x00, 0x0D, 0x52, 0xB8, 0x00, 0x0E, 0x52, 0xB8, 0x00, 0x0C,
    0x52, 0xB8, 0x08, 0x2A, 0x52, 0xB8, 0x00, 0x2B, 0x52, 0xB8, 0x00, 0x0D, 0x52, 0xB8, 0x00, 0x0F,
    0x52, 0xB8, 0x00, 0x2B, 0x52, 0xB8, 0x00, 0x2B, 0x52, 0xB8, 0x00, 0x0C, 0x52, 0xB8, 0x00, 0x2B,
    0x52, 0xB8, 0x08, 0x2A, 0x52, 0xB8, 0x00, 0x2B, 0x52, 0xB8, 0x00, 0x2B, 0x52, 0xB8, 0x00, 0x0C,
    0x52, 0xB8, 0x00, 0x0C, 0x52, 0xB8, 0x00, 0x0F, 0x52, 0xB8, 0x00, 0x0E, 0x52, 0xB8, 0x00, 0x2B,
    0x52, 0xB8, 0x08, 0x2A, 0x52, 0xB8, 0x00, 0x2B, 0x52, 0xB8, 0x00, 0x0C, 0x52, 0xB8, 0x00, 0x0B,
    0x52, 0xB8, 0x00, 0x0C, 0x52, 0xB8, 0x00, 0x2B, 0x52, 0xB8, 0x00, 0x0D, 0x52, 0xB8, 0x00, 0x0D,
    0x52, 0xB8, 0x00, 0x0C, 0x52, 0xB8, 0x08, 0x2A, 0x52, 0xB8, 0x00, 0x2B, 0x52, 0xB8, 0x00, 0x0C,
    0x52, 0xB8, 0x08, 0x2A, 0x52, 0xB8, 0x08, 0x2A, 0x52, 0xB8, 0x08, 0x2A, 0x52, 0xB8, 0x00, 0x2B,
    0x52, 0xB8, 0x00, 0x0D, 0x52, 0xB8, 0x52, 0xAA, 0x00, 0x00, 0x84, 0x10, 0x7B, 0xEF, 0x84, 0x30,
    0x94, 0x92, 0x94, 0x92, 0x84, 0x10, 0x84, 0x30, 0xA5, 0x14, 0xBD, 0xF7, 0xC6, 0x38, 0xBD, 0xF7,
    0x00, 0x00, 0x84, 0x10, 0x7B, 0xEF, 0x84, 0x30, 0x94, 0x92, 0x94, 0x92, 0x84, 0x10, 0x84, 0x30,
    0xA5, 0x14, 0xBD, 0xF7, 0xC6, 0x38, 0xBD, 0xF7, 0x00, 0x00, 0x84, 0x10, 0x7B, 0xEF, 0x84, 0x30,
    0x94, 0x92, 0x94, 0x92, 0x84, 0x10, 0x84, 0x30, 0xA5, 0x14, 0xBD, 0xF7, 0xC6, 0x38, 0xBD, 0xF7,
    0x00, 0x00, 0x52, 0xAA, 0x52, 0xB8, 0x00, 0x0C, 0x52, 0xB8, 0x00, 0x0B, 0x52, 0xB8, 0x00, 0x0C,
    0x52, 0xB8, 0x00, 0x2B, 0x52, 0xB8, 0x00, 0x0D, 0x52, 0xB8, 0x00, 0x0D, 0x52, 0xB8, 0x00, 0x0C,
    0x52, 0xB8, 0x08, 0x2A, 0x52, 0xB8, 0x00, 0x2B, 0x52, 0xB8, 0x00, 0x0C, 0x52, 0xB8, 0x08, 0x2A,
    0x52, 0xB8, 0x08, 0x2A, 0x52, 0xB8, 0x08, 0x2A, 0x52, 0xB8, 0x00, 0x2B, 0x52, 0xB8, 0x00, 0x0D,
    0x52, 0xB8, 0x00, 0x0E, 0x52, 0xB8, 0x00, 0x0C, 0x52, 0xB8, 0x08, 0x2A, 0x52, 0xB8, 0x00, 0x2B,
    0x52, 0xB8, 0x00, 0x0D, 0x52, 0xB8, 0x00, 0x0F, 0x4A, 0x34, 0x00, 0x2B, 0x00, 0x00, 0x00, 0x2B,
    0x00, 0x0B, 0x84, 0x1F, 0x00, 0x2B, 0x63, 0x1B, 0x00, 0x0C, 0x5A, 0xB8, 0x00, 0x0D, 0x5A, 0xB8,
    0x00, 0x0C, 0x5A, 0xB8, 0x08, 0x2A, 0x5A, 0xB8, 0x08, 0x2A, 0x5A, 0xB8, 0x00, 0x0B, 0x5A, 0xB8,
    0x08, 0x2A, 0x5A, 0xB8, 0x08, 0x2A, 0x5A, 0xB8, 0x00, 0x2B, 0x5A, 0xB8, 0x00, 0x0C, 0x5A, 0xB8,
    0x00, 0x0D, 0x5A, 0xB8, 0x00, 0x0D, 0x5A, 0xB8, 0x00, 0x0C, 0x5A, 0xB8, 0x08, 0x2A, 0x5A, 0xB8,
    0x08, 0x2A, 0x5A, 0xB8, 0x00, 0x0F, 0x5A, 0xB8, 0x00, 0x0E, 0x5A, 0xB8, 0x08, 0x2A, 0x5A, 0xB8,
    0x00, 0x2B, 0x5A, 0xB8, 0x00, 0x0C, 0x5A, 0xB8, 0x00, 0x2B, 0x5A, 0xB8, 0x08, 0x2A, 0x5A, 0xB8,
    0x00, 0x0C, 0x52, 0xAA, 0x00, 0x00, 0x73, 0xAE, 0x73, 0x8E, 0x7B, 0xCF, 0x7B, 0xEF, 0x63, 0x2C,
    0x4A, 0x49, 0x39, 0xE7, 0x4A, 0x69, 0x8C, 0x51, 0xBD, 0xF7, 0xB5, 0xB6, 0x00, 0x00, 0x73, 0xAE,
    0x73, 0x8E, 0x7B, 0xCF, 0x7B, 0xEF, 0x63, 0x2C, 0x4A, 0x49, 0x39, 0xE7, 0x4A, 0x69, 0x8C, 0x51,
    0xBD, 0xF7, 0xB5, 0xB6, 0x00, 0x00, 0x73, 0xAE, 0x73, 0x8E, 0x7B, 0xCF, 0x7B, 0xEF, 0x63, 0x2C,
    0x4A, 0x49, 0x39, 0xE7, 0x4A, 0x69, 0x8C, 0x51, 0xBD, 0xF7, 0xB5, 0xB6, 0x00, 0x00, 0x52, 0xAA,
    0x08, 0x2A, 0x5A, 0xB8, 0x00, 0x2B, 0x5A, 0xB8, 0x00, 0x0C, 0x5A, 0xB8, 0x00, 0x0D, 0x5A, 0xB8,
    0x00, 0x0D, 0x5A, 0xB8, 0x00, 0x0C, 0x5A, 0xB8, 0x08, 0x2A, 0x5A, 0xB8, 0x08, 0x2A, 0x5A, 0xB8,
    0x00, 0x0F, 0x5A, 0xB8, 0x00, 0x0E, 0x5A, 0xB8, 0x08, 0x2A, 0x5A, 0xB8, 0x00, 0x2B, 0x5A, 0xB8,
    0x00, 0x0C, 0x5A, 0xB8, 0x00, 0x2B, 0x5A, 0xB8, 0x08, 0x2A, 0x5A, 0xB8, 0x00, 0x0C, 0x5A, 0xB8,
    0x08, 0x2A, 0x5A, 0xB8, 0x00, 0x0B, 0x5A, 0xB8, 0x00, 0x0D, 0x5A, 0xB8, 0x00, 0x0F, 0x5A, 0xB8,
    0x00, 0x0C, 0x5A, 0xB8, 0x08, 0x2A, 0x5A, 0xB8, 0x08, 0x2A, 0x5A, 0xB8, 0x00, 0x2B, 0x5A, 0xB8,
    0x08, 0x2A, 0x5A, 0xB8, 0x00, 0x2B, 0x5A, 0xB8, 0x00, 0x0B, 0x5A, 0xB8, 0x00, 0x2B, 0x5A, 0xB8,
    0x00, 0x0C, 0x5A, 0xB8, 0x00, 0x0D, 0x5A, 0xB8, 0x00, 0x0C, 0x5A, 0xB8, 0x08, 0x2A, 0x5A, 0xB8,
    0x08, 0x2A, 0x5A, 0xB8, 0x00, 0x0B, 0x5A, 0xB8, 0x08, 0x2A, 0x5A, 0xB8, 0x08, 0x2A, 0x5A, 0xB8,
    0x00, 0x2B, 0x5A, 0xB8, 0x00, 0x0C, 0x5A, 0xB8, 0x00, 0x0D, 0x5A, 0xB8, 0x00, 0x0D, 0x5A, 0xB8,
    0x00, 0x0C, 0x5A, 0xB8, 0x08, 0x2A, 0x5A, 0xB8, 0x08, 0x2A, 0x5A, 0xB8, 0x00, 0x0F, 0x5A, 0xB8,
    0x00, 0x0E, 0x5A, 0xB8, 0x08, 0x2A, 0x5A, 0xB8, 0x00, 0x2B, 0x5A, 0xB8, 0x00, 0x0C, 0x5A, 0xB8,
    0x00, 0x2B, 0x5A, 0xB8, 0x08, 0x2A, 0x5A, 0xB8, 0x00, 0x0C, 0x5A, 0xB8, 0x08, 0x2A, 0x5A, 0xB8,
    0x00, 0x0B, 0x5A, 0xB8, 0x00, 0x0D, 0x5A, 0xB8, 0x00, 0x0F, 0x5A, 0xB8, 0x00, 0x0C, 0x5A, 0xB8,
    0x08, 0x2A, 0x5A, 0xB8, 0x08, 0x2A, 0x5A, 0xB8, 0x00, 0x2B, 0x5A, 0xB8, 0x08, 0x2A, 0x5A, 0xB8,
    0x00, 0x2B, 0x5A, 0xB8, 0x00, 0x0B, 0x5A, 0xB8, 0x00, 0x2B, 0x5A, 0xB8, 0x00, 0x0C, 0x5A, 0xB8,
    0x00, 0x0D, 0x5A, 0xB8, 0x00, 0x0C, 0x5A, 0xB8, 0x08, 0x2A, 0x5A, 0xB8, 0x08, 0x2A, 0x5A, 0xB8,
    0x00, 0x0B, 0x5A, 0xB8, 0x08, 0x2A, 0x5A, 0xB8, 0x08, 0x2A, 0x5A, 0xB8, 0x00, 0x2B, 0x5A, 0xB8,
    0x00, 0x0C, 0x5A, 0xB8, 0x00, 0x0D, 0x52, 0xAA, 0x00, 0x00, 0x73, 0xAE, 0x73, 0x8E, 0x7B, 0xCF,
    0x7B, 0xEF, 0x63, 0x2C, 0x4A, 0x49, 0x39, 0xE7, 0x4A, 0x69, 0x8C, 0x51, 0xBD, 0xF7, 0xB5, 0xB6,
    0x00, 0x00, 0x73, 0xAE, 0x73, 0x8E, 0x7B, 0xCF, 0x7B, 0xEF, 0x63, 0x2C, 0x4A, 0x49, 0x39, 0xE7,
    0x4A, 0x69, 0x8C, 0x51, 0xBD, 0xF7, 0xB5, 0xB6, 0x00, 0x00, 0x73, 0xAE, 0x73, 0x8E, 0x7B, 0xCF,
    0x7B, 0xEF, 0x63, 0x2C, 0x4A, 0x49, 0x39, 0xE7, 0x4A, 0x69, 0x8C, 0x51, 0xBD, 0xF7, 0xB5, 0xB6,
    0x00, 0x00, 0x52, 0xAA, 0x00, 0x2B, 0x5A, 0xB8, 0x08, 0x2A, 0x5A, 0xB8, 0x00, 0x2B, 0x5A, 0xB8,
    0x00, 0x0B, 0x5A, 0xB8, 0x00, 0x2B, 0x5A, 0xB8, 0x00, 0x0C, 0x5A, 0xB8, 0x00, 0x0D, 0x5A, 0xB8,
    0x00, 0x0C, 0x5A, 0xB8, 0x08, 0x2A, 0x5A, 0xB8, 0x08, 0x2A, 0x5A, 0xB8, 0x00, 0x0B, 0x5A, 0xB8,
    0x08, 0x2A, 0x5A, 0xB8, 0x08, 0x2A, 0x5A, 0xB8, 0x00, 0x2B, 0x5A, 0xB8, 0x00, 0x0C, 0x5A, 0xB8,
    0x00, 0x0D, 0x5A, 0xB8, 0x00, 0x0D, 0x5A, 0xB8, 0x00, 0x0C, 0x5A, 0xB8, 0x08, 0x2A, 0x5A, 0xB8,
    0x08, 0x2A, 0x5A, 0xB8, 0x00, 0x0F, 0x7B, 0xDF, 0x00, 0x0E, 0x00, 0x00, 0x08, 0x2A, 0x00, 0x00,
    0xBD, 0xDF, 0x00, 0x0C, 0x7B, 0xDF, 0x00, 0x2B, 0x00, 0x00, 0x00, 0x2B, 0x5A, 0xB8, 0x00, 0x0E,
    0x5A, 0xB8, 0x00, 0x2B, 0x5A, 0xB8, 0x08, 0x2A, 0x5A, 0xB8, 0x08, 0x2A, 0x5A, 0xB8, 0x00, 0x2B,
    0x5A, 0xB8, 0x08, 0x2A, 0x5A, 0xB8, 0x08, 0x2A, 0x5A, 0xB8, 0x00, 0x0C, 0x5A, 0xB8, 0x00, 0x2B,
    0x5A, 0xB8, 0x00, 0x0C, 0x5A, 0xB8, 0x00, 0x0D, 0x5A, 0xB8, 0x00, 0x0C, 0x5A, 0xB8, 0x08, 0x2A,
    0x5A, 0xB8, 0x00, 0x2B, 0x5A, 0xB8, 0x00, 0x0D, 0x5A, 0xB8, 0x00, 0x0C, 0x5A, 0xB8, 0x08, 0x2A,
    0x5A, 0xB8, 0x00, 0x2B, 0x5A, 0xB8, 0x00, 0x0C, 0x5A, 0xB8, 0x00, 0x2B, 0x5A, 0xB8, 0x00, 0x2B,
    0x5A, 0xB8, 0x52, 0xAA, 0x00, 0x00, 0x6B, 0x6D, 0x63, 0x2C, 0x84, 0x10, 0x8C, 0x51, 0x73, 0x8E,
    0x4A, 0x49, 0x29, 0x65, 0x29, 0x45, 0x4A, 0x69, 0xA5, 0x14, 0xB5, 0xB6, 0x00, 0x00, 0x6B, 0x6D,
    0x63, 0x2C, 0x84, 0x10, 0x8C, 0x51, 0x73, 0x8E, 0x4A, 0x49, 0x29, 0x65, 0x29, 0x45, 0x4A, 0x69,
    0xA5, 0x14, 0xB5, 0xB6, 0x00, 0x00, 0x6B, 0x6D, 0x63, 0x2C, 0x84, 0x10, 0x8C, 0x51, 0x73, 0x8E,
    0x4A, 0x49, 0x29, 0x65, 0x29, 0x45, 0x4A, 0x69, 0xA5, 0x14, 0xB5, 0xB6, 0x00, 0x00, 0x52, 0xAA,
    0x5A, 0xB8, 0x08, 0x2A, 0x5A, 0xB8, 0x00, 0x0C, 0x5A, 0xB8, 0x00, 0x2B, 0x5A, 0xB8, 0x00, 0x0C,
    0x5A, 0xB8, 0x00, 0x0D, 0x5A, 0xB8, 0x00, 0x0C, 0x5A, 0xB8, 0x08, 0x2A, 0x5A, 0xB8, 0x00, 0x2B,
    0x5A, 0xB8, 0x00, 0x0D, 0x5A, 0xB8, 0x00, 0x0C, 0x5A, 0xB8, 0x08, 0x2A, 0x5A, 0xB8, 0x00, 0x2B,
    0x5A, 0xB8, 0x00, 0x0C, 0x5A, 0xB8, 0x00, 0x2B, 0x5A, 0xB8, 0x00, 0x2B, 0x5A, 0xB8, 0x00, 0x2B,
    0x5A, 0xB8, 0x08, 0x2A, 0x5A, 0xB8, 0x00, 0x2B, 0x5A, 0xB8, 0x00, 0x0D, 0x5A, 0xB8, 0x00, 0x2B,
    0x5A, 0xB8, 0x08, 0x2A, 0x5A, 0xB8, 0x08, 0x2A, 0x5A, 0xB8, 0x08, 0x2A, 0x5A, 0xB8, 0x00, 0x2B,
    0x5A, 0xB8, 0x08, 0x2A, 0x5A, 0xB8, 0x00, 0x2A, 0x5A, 0xB8, 0x00, 0x0C, 0x5A, 0xB8, 0x00, 0x2B,
    0x5A, 0xB8, 0x00, 0x2B, 0x5A, 0xB8, 0x00, 0x0E, 0x5A, 0xB8, 0x00, 0x2B, 0x5A, 0xB8, 0x08, 0x2A,
    0x5A, 0xB8, 0x08, 0x2A, 0x5A, 0xB8, 0x00, 0x2B, 0x5A, 0xB8, 0x08, 0x2A, 0x5A, 0xB8, 0x08, 0x2A,
    0x5A, 0xB8, 0x00, 0x0C, 0x5A, 0xB8, 0x00, 0x2B, 0x5A, 0xB8, 0x00, 0x0C, 0x5A, 0xB8, 0x00, 0x0D,
    0x5A, 0xB8, 0x00, 0x0C, 0x5A, 0xB8, 0x08, 0x2A, 0x5A, 0xB8, 0x00, 0x2B, 0x5A, 0xB8, 0x00, 0x0D,
    0x5A, 0xB8, 0x00, 0x0C, 0x5A, 0xB8, 0x08, 0x2A, 0x5A, 0xB8, 0x00, 0x2B, 0x5A, 0xB8, 0x00, 0x0C,
    0x5A, 0xB8, 0x00, 0x2B, 0x5A, 0xB8, 0x00, 0x2B, 0x5A, 0xB8, 0x00, 0x2B, 0x5A, 0xB8, 0x08, 0x2A,
    0x5A, 0xB8, 0x00, 0x2B, 0x5A, 0xB8, 0x00, 0x0D, 0x5A, 0xB8, 0x00, 0x2B, 0x5A, 0xB8, 0x08, 0x2A,
    0x5A, 0xB8, 0x08, 0x2A, 0x5A, 0xB8, 0x08, 0x2A, 0x5A, 0xB8, 0x00, 0x2B, 0x5A, 0xB8, 0x08, 0x2A,
    0x5A, 0xB8, 0x00, 0x2A, 0x5A, 0xB8, 0x00, 0x0C, 0x5A, 0xB8, 0x00, 0x2B, 0x5A, 0xB8, 0x00, 0x2B,
    0x5A, 0xB8, 0x00, 0x0E, 0x5A, 0xB8, 0x00, 0x2B, 0x5A, 0xB8, 0x08, 0x2A, 0x5A, 0xB8, 0x08, 0x2A,
    0x5A, 0xB8, 0x00, 0x2B, 0x5A, 0xB8, 0x08, 0x2A, 0x5A, 0xB8, 0x08, 0x2A, 0x5A, 0xB8, 0x00, 0x0C,
    0x5A, 0xB8, 0x00, 0x2B, 0x5A, 0xB8, 0x52, 0xAA, 0x00, 0x00, 0x6B, 0x6D, 0x63, 0x2C, 0x84, 0x10,
    0x8C, 0x51, 0x73, 0x8E, 0x4A, 0x49, 0x29, 0x65, 0x29, 0x45, 0x4A, 0x69, 0xA5, 0x14, 0xB5, 0xB6,
    0x00, 0x00, 0x6B, 0x6D, 0x63, 0x2C, 0x84, 0x10, 0x8C, 0x51, 0x73, 0x8E, 0x4A, 0x49, 0x29, 0x65,
    0x29, 0x45, 0x4A, 0x69, 0xA5, 0x14, 0xB5, 0xB6, 0x00, 0x00, 0x6B, 0x6D, 0x63, 0x2C, 0x84, 0x10,
    0x8C, 0x51, 0x73, 0x8E, 0x4A, 0x49, 0x29, 0x65, 0x29, 0x45, 0x4A, 0x69, 0xA5, 0x14, 0xB5, 0xB6,
    0x00, 0x00, 0x52, 0xAA, 0x5A, 0xB8, 0x00, 0x2B, 0x5A, 0xB8, 0x08, 0x2A, 0x5A, 0xB8, 0x00, 0x2A,
    0x5A, 0xB8, 0x00, 0x0C, 0x5A, 0xB8, 0x00, 0x2B, 0x5A, 0xB8, 0x00, 0x2B, 0x5A, 0xB8, 0x00, 0x0E,
    0x5A, 0xB8, 0x00, 0x2B, 0x5A, 0xB8, 0x08, 0x2A, 0x5A, 0xB8, 0x08, 0x2A, 0x5A, 0xB8, 0x00, 0x2B,
    0x5A, 0xB8, 0x08, 0x2A, 0x5A, 0xB8, 0x08, 0x2A, 0x5A, 0xB8, 0x00, 0x0C, 0x5A, 0xB8, 0x00, 0x2B,
    0x5A, 0xB8, 0x00, 0x0C, 0x5A, 0xB8, 0x00, 0x0D, 0x5A, 0xB8, 0x00, 0x0C, 0x5A, 0xB8, 0x08, 0x2A,
    0x5A, 0xB8, 0x00, 0x2B, 0x5A, 0xB8, 0x00, 0x0D, 0x4A, 0x54, 0x00, 0x0C, 0x00, 0x00, 0x08, 0x2A,
    0x00, 0x2B, 0x84, 0x3F, 0x00, 0x0C, 0x63, 0x3C, 0x00, 0x0C, 0x5A, 0xD8, 0x00, 0x0C, 0x5A, 0xD8,
    0x00, 0x0D, 0x5A, 0xD8, 0x00, 0x2A, 0x5A, 0xD8, 0x08, 0x2A, 0x5A, 0xD8, 0x08, 0x2A, 0x5A, 0xD8,
    0x08, 0x2A, 0x5A, 0xD8, 0x08, 0x2A, 0x5A, 0xD8, 0x00, 0x2B, 0x5A, 0xD8, 0x00, 0x2B, 0x5A, 0xD8,
    0x08, 0x2A, 0x5A, 0xD8, 0x00, 0x0C, 0x5A, 0xD8, 0x00, 0x0D, 0x5A, 0xD8, 0x00, 0x0C, 0x5A, 0xD8,
    0x08, 0x2A, 0x5A, 0xD8, 0x08, 0x2A, 0x5A, 0xD8, 0x00, 0x0C, 0x5A, 0xD8, 0x00, 0x2B, 0x5A, 0xD8,
    0x08, 0x2A, 0x5A, 0xD8, 0x00, 0x2B, 0x5A, 0xD8, 0x00, 0x0C, 0x5A, 0xD8, 0x08, 0x2A, 0x5A, 0xD8,
    0x08, 0x2A, 0x52, 0xAA, 0x00, 0x00, 0x63, 0x0C, 0x5A, 0xCB, 0x9C, 0xF3, 0xAD, 0x55, 0x9C, 0xD3,
    0x5A, 0xCB, 0x18, 0xC3, 0x29, 0x65, 0x39, 0xE7, 0x84, 0x30, 0xAD, 0x55, 0x00, 0x00, 0x63, 0x0C,
    0x5A, 0xCB, 0x9C, 0xF3, 0xAD, 0x55, 0x9C, 0xD3, 0x5A, 0xCB, 0x18, 0xC3, 0x29, 0x65, 0x39, 0xE7,
    0x84, 0x30, 0xAD, 0x55, 0x00, 0x00, 0x63, 0x0C, 0x5A, 0xCB, 0x9C, 0xF3, 0xAD, 0x55, 0x9C, 0xD3,
    0x5A, 0xCB, 0x18, 0xC3, 0x29, 0x65, 0x39, 0xE7, 0x84, 0x30, 0xAD, 0x55, 0x00, 0x00, 0x52, 0xAA,
    0x08, 0x2A, 0x5A, 0xD8, 0x00, 0x2B, 0x5A, 0xD8, 0x00, 0x2B, 0x5A, 0xD8, 0x08, 0x2A, 0x5A, 0xD8,
    0x00, 0x0C, 0x5A, 0xD8, 0x00, 0x0D, 0x5A, 0xD8, 0x00, 0x0C, 0x5A, 0xD8, 0x08, 0x2A, 0x5A, 0xD8,
    0x08, 0x2A, 0x5A, 0xD8, 0x00, 0x0C, 0x5A, 0xD8, 0x00, 0x2B, 0x5A, 0xD8, 0x08, 0x2A, 0x5A, 0xD8,
    0x00, 0x2B, 0x5A, 0xD8, 0x00, 0x0C, 0x5A, 0xD8, 0x08, 0x2A, 0x5A, 0xD8, 0x08, 0x2A, 0x5A, 0xD8,
    0x08, 0x2A, 0x5A, 0xD8, 0x08, 0x2A, 0x5A, 0xD8, 0x08, 0x2A, 0x5A, 0xD8, 0x08, 0x2A, 0x5A, 0xD8,
    0x08, 0x2A, 0x5A, 0xD8, 0x08, 0x2A, 0x5A, 0xD8, 0x08, 0x2A, 0x5A, 0xD8, 0x00, 0x0B, 0x5A, 0xD8,
    0x00, 0x0C, 0x5A, 0xD8, 0x08, 0x2A, 0x5A, 0xD8, 0x00, 0x2B, 0x5A, 0xD8, 0x00, 0x0C, 0x5A, 0xD8,
    0x00, 0x0C, 0x5A, 0xD8, 0x00, 0x0C, 0x5A, 0xD8, 0x00, 0x0D, 0x5A, 0xD8, 0x00, 0x2A, 0x5A, 0xD8,
    0x08, 0x2A, 0x5A, 0xD8, 0x08, 0x2A, 0x5A, 0xD8, 0x08, 0x2A, 0x5A, 0xD8, 0x08, 0x2A, 0x5A, 0xD8,
    0x00, 0x2B, 0x5A, 0xD8, 0x00, 0x2B, 0x5A, 0xD8, 0x08, 0x2A, 0x5A, 0xD8, 0x00, 0x0C, 0x5A, 0xD8,
    0x00, 0x0D, 0x5A, 0xD8, 0x00, 0x0C, 0x5A, 0xD8, 0x08, 0x2A, 0x5A, 0xD8, 0x08, 0x2A, 0x5A, 0xD8,
    0x00, 0x0C, 0x5A, 0xD8, 0x00, 0x2B, 0x5A, 0xD8, 0x08, 0x2A, 0x5A, 0xD8, 0x00, 0x2B, 0x5A, 0xD8,
    0x00, 0x0C, 0x5A, 0xD8, 0x08, 0x2A, 0x5A, 0xD8, 0x08, 0x2A, 0x5A, 0xD8, 0x08, 0x2A, 0x5A, 0xD8,
    0x08, 0x2A, 0x5A, 0xD8, 0x08, 0x2A, 0x5A, 0xD8, 0x08, 0x2A, 0x5A, 0xD8, 0x08, 0x2A, 0x5A, 0xD8,
    0x08, 0x2A, 0x5A, 0xD8, 0x08, 0x2A, 0x5A, 0xD8, 0x00, 0x0B, 0x5A, 0xD8, 0x00, 0x0C, 0x5A, 0xD8,
    0x08, 0x2A, 0x5A, 0xD8, 0x00, 0x2B, 0x5A, 0xD8, 0x00, 0x0C, 0x5A, 0xD8, 0x00, 0x0C, 0x5A, 0xD8,
    0x00, 0x0C, 0x5A, 0xD8, 0x00, 0x0D, 0x5A, 0xD8, 0x00, 0x2A, 0x5A, 0xD8, 0x08, 0x2A, 0x5A, 0xD8,
    0x08, 0x2A, 0x5A, 0xD8, 0x08, 0x2A, 0x5A, 0xD8, 0x08, 0x2A, 0x5A, 0xD8, 0x00, 0x2B, 0x5A, 0xD8,
    0x00, 0x2B, 0x5A, 0xD8, 0x08, 0x2A, 0x52, 0xAA, 0x00, 0x00, 0x63, 0x0C, 0x5A, 0xCB, 0x9C, 0xF3,
    0xAD, 0x55, 0x9C, 0xD3, 0x5A, 0xCB, 0x18, 0xC3, 0x29, 0x65, 0x39, 0xE7, 0x84, 0x30, 0xAD, 0x55,
    0x00, 0x00, 0x63, 0x0C, 0x5A, 0xCB, 0x9C, 0xF3, 0xAD, 0x55, 0x9C, 0xD3, 0x5A, 0xCB, 0x18, 0xC3,
    0x29, 0x65, 0x39, 0xE7, 0x84, 0x30, 0xAD, 0x55, 0x00, 0x00, 0x63, 0x0C, 0x5A, 0xCB, 0x9C, 0xF3,
    0xAD, 0x55, 0x9C, 0xD3, 0x5A, 0xCB, 0x18, 0xC3, 0x29, 0x65, 0x39, 0xE7, 0x84, 0x30, 0xAD, 0x55,
    0x00, 0x00, 0x52, 0xAA, 0x00, 0x0B, 0x5A, 0xD8, 0x00, 0x0C, 0x5A, 0xD8, 0x08, 0x2A, 0x5A, 0xD8,
    0x00, 0x2B, 0x5A, 0xD8, 0x00, 0x0C, 0x5A, 0xD8, 0x00, 0x0C, 0x5A, 0xD8, 0x00, 0x0C, 0x5A, 0xD8,
    0x00, 0x0D, 0x5A, 0xD8, 0x00, 0x2A, 0x5A, 0xD8, 0x08, 0x2A, 0x5A, 0xD8, 0x08, 0x2A, 0x5A, 0xD8,
    0x08, 0x2A, 0x5A, 0xD8, 0x08, 0x2A, 0x5A, 0xD8, 0x00, 0x2B, 0x5A, 0xD8, 0x00, 0x2B, 0x5A, 0xD8,
    0x08, 0x2A, 0x5A, 0xD8, 0x00, 0x0C, 0x5A, 0xD8, 0x00, 0x0D, 0x5A, 0xD8, 0x00, 0x0C, 0x5A, 0xD8,
    0x08, 0x2A, 0x5A, 0xD8, 0x08, 0x2A, 0x83, 0xFF, 0x00, 0x0C, 0x00, 0x00, 0x00, 0x2B, 0x00, 0x00,
    0xC5, 0xFF, 0x00, 0x0B, 0x7B, 0xFF, 0x00, 0x0C, 0x00, 0x00, 0x00, 0x0C, 0x5A, 0xD9, 0x00, 0x0C,
    0x5A, 0xD9, 0x00, 0x0C, 0x5A, 0xD9, 0x00, 0x2B, 0x5A, 0xD9, 0x08, 0x2A, 0x5A, 0xD9, 0x08, 0x2A,
    0x5A, 0xD9, 0x08, 0x2A, 0x5A, 0xD9, 0x08, 0x2A, 0x5A, 0xD9, 0x08, 0x2A, 0x5A, 0xD9, 0x08, 0x2A,
    0x5A, 0xD9, 0x08, 0x2A, 0x5A, 0xD9, 0x00, 0x0C, 0x5A, 0xD9, 0x00, 0x0D, 0x5A, 0xD9, 0x00, 0x2B,
    0x5A, 0xD9, 0x00, 0x2B, 0x5A, 0xD9, 0x08, 0x2A, 0x5A, 0xD9, 0x00, 0x0D, 0x5A, 0xD9, 0x00, 0x2B,
    0x5A, 0xD9, 0x08, 0x2A, 0x5A, 0xD9, 0x00, 0x2B, 0x5A, 0xD9, 0x00, 0x0D, 0x5A, 0xD9, 0x08, 0x2A,
    0x5A, 0xD9, 0x52, 0xAA, 0x00, 0x00, 0x5A, 0xEB, 0x5A, 0xCB, 0xAD, 0x55, 0xBD, 0xF7, 0xCE, 0x79,
    0xB5, 0x96, 0x5A, 0xCB, 0x4A, 0x49, 0x4A, 0x49, 0x84, 0x10, 0xA5, 0x34, 0x00, 0x00, 0x5A, 0xEB,
    0x5A, 0xCB, 0xAD, 0x55, 0xBD, 0xF7, 0xCE, 0x79, 0xB5, 0x96, 0x5A, 0xCB, 0x4A, 0x49, 0x4A, 0x49,
    0x84, 0x10, 0xA5, 0x34, 0x00, 0x00, 0x5A, 0xEB, 0x5A, 0xCB, 0xAD, 0x55, 0xBD, 0xF7, 0xCE, 0x79,
    0xB5, 0x96, 0x5A, 0xCB, 0x4A, 0x49, 0x4A, 0x49, 0x84, 0x10, 0xA5, 0x34, 0x00, 0x00, 0x52, 0xAA,
    0x5A, 0xD9, 0x08, 0x2A, 0x5A, 0xD9, 0x08, 0x2A, 0x5A, 0xD9, 0x08, 0x2A, 0x5A, 0xD9, 0x08, 0x2A,
    0x5A, 0xD9, 0x00, 0x0C, 0x5A, 0xD9, 0x00, 0x0D, 0x5A, 0xD9, 0x00, 0x2B, 0x5A, 0xD9, 0x00, 0x2B,
    0x5A, 0xD9, 0x08, 0x2A, 0x5A, 0xD9, 0x00, 0x0D, 0x5A, 0xD9, 0x00, 0x2B, 0x5A, 0xD9, 0x08, 0x2A,
    0x5A, 0xD9, 0x00, 0x2B, 0x5A, 0xD9, 0x00, 0x0D, 0x5A, 0xD9, 0x08, 0x2A, 0x5A, 0xD9, 0x08, 0x2A,
    0x5A, 0xD9, 0x08, 0x2A, 0x5A, 0xD9, 0x08, 0x2A, 0x5A, 0xD9, 0x08, 0x2A, 0x5A, 0xD9, 0x08, 0x2A,
    0x5A, 0xD9, 0x08, 0x2A, 0x5A, 0xD9, 0x00, 0x2B, 0x5A, 0xD9, 0x08, 0x2A, 0x5A, 0xD9, 0x00, 0x0D,
    0x5A, 0xD9, 0x00, 0x0C, 0x5A, 0xD9, 0x08, 0x2A, 0x5A, 0xD9, 0x00, 0x0B, 0x5A, 0xD9, 0x00, 0x0C,
    0x5A, 0xD9, 0x00, 0x0C, 0x5A, 0xD9, 0x00, 0x0C, 0x5A, 0xD9, 0x00, 0x0C, 0x5A, 0xD9, 0x00, 0x2B,
    0x5A, 0xD9, 0x08, 0x2A, 0x5A, 0xD9, 0x08, 0x2A, 0x5A, 0xD9, 0x08, 0x2A, 0x5A, 0xD9, 0x08, 0x2A,
    0x5A, 0xD9, 0x08, 0x2A, 0x5A, 0xD9, 0x08, 0x2A, 0x5A, 0xD9, 0x08, 0x2A, 0x5A, 0xD9, 0x00, 0x0C,
    0x5A, 0xD9, 0x00, 0x0D, 0x5A, 0xD9, 0x00, 0x2B, 0x5A, 0xD9, 0x00, 0x2B, 0x5A, 0xD9, 0x08, 0x2A,
    0x5A, 0xD9, 0x00, 0x0D, 0x5A, 0xD9, 0x00, 0x2B, 0x5A, 0xD9, 0x08, 0x2A, 0x5A, 0xD9, 0x00, 0x2B,
    0x5A, 0xD9, 0x00, 0x0D, 0x5A, 0xD9, 0x08, 0x2A, 0x5A, 0xD9, 0x08, 0x2A, 0x5A, 0xD9, 0x08, 0x2A,
    0x5A, 0xD9, 0x08, 0x2A, 0x5A, 0xD9, 0x08, 0x2A, 0x5A, 0xD9, 0x08, 0x2A, 0x5A, 0xD9, 0x08, 0x2A,
    0x5A, 0xD9, 0x00, 0x2B, 0x5A, 0xD9, 0x08, 0x2A, 0x5A, 0xD9, 0x00, 0x0D, 0x5A, 0xD9, 0x00, 0x0C,
    0x5A, 0xD9, 0x08, 0x2A, 0x5A, 0xD9, 0x00, 0x0B, 0x5A, 0xD9, 0x00, 0x0C, 0x5A, 0xD9, 0x00, 0x0C,
    0x5A, 0xD9, 0x00, 0x0C, 0x5A, 0xD9, 0x00, 0x0C, 0x5A, 0xD9, 0x00, 0x2B, 0x5A, 0xD9, 0x08, 0x2A,
    0x5A, 0xD9, 0x08, 0x2A, 0x5A, 0xD9, 0x08, 0x2A, 0x5A, 0xD9, 0x08, 0x2A, 0x5A, 0xD9, 0x08, 0x2A,
    0x5A, 0xD9, 0x08, 0x2A, 0x5A, 0xD9, 0x52, 0xAA, 0x00, 0x00, 0x5A, 0xEB, 0x5A, 0xCB, 0xAD, 0x55,
    0xBD, 0xF7, 0xCE, 0x79, 0xB5, 0x96, 0x5A, 0xCB, 0x4A, 0x49, 0x4A, 0x49, 0x84, 0x10, 0xA5, 0x34,
    0x00, 0x00, 0x5A, 0xEB, 0x5A, 0xCB, 0xAD, 0x55, 0xBD, 0xF7, 0xCE, 0x79, 0xB5, 0x96, 0x5A, 0xCB,
    0x4A, 0x49, 0x4A, 0x49, 0x84, 0x10, 0xA5, 0x34, 0x00, 0x00, 0x5A, 0xEB, 0x5A, 0xCB, 0xAD, 0x55,
    0xBD, 0xF7, 0xCE, 0x79, 0xB5, 0x96, 0x5A, 0xCB, 0x4A, 0x49, 0x4A, 0x49, 0x84, 0x10, 0xA5, 0x34,
    0x00, 0x00, 0x52, 0xAA, 0x5A, 0xD9, 0x00, 0x0D, 0x5A, 0xD9, 0x00, 0x0C, 0x5A, 0xD9, 0x08, 0x2A,
    0x5A, 0xD9, 0x00, 0x0B, 0x5A, 0xD9, 0x00, 0x0C, 0x5A, 0xD9, 0x00, 0x0C, 0x5A, 0xD9, 0x00, 0x0C,
    0x5A, 0xD9, 0x00, 0x0C, 0x5A, 0xD9, 0x00, 0x2B, 0x5A, 0xD9, 0x08, 0x2A, 0x5A, 0xD9, 0x08, 0x2A,
    0x5A, 0xD9, 0x08, 0x2A, 0x5A, 0xD9, 0x08, 0x2A, 0x5A, 0xD9, 0x08, 0x2A, 0x5A, 0xD9, 0x08, 0x2A,
    0x5A, 0xD9, 0x08, 0x2A, 0x5A, 0xD9, 0x00, 0x0C, 0x5A, 0xD9, 0x00, 0x0D, 0x5A, 0xD9, 0x00, 0x2B,
    0x5A, 0xD9, 0x00, 0x2B, 0x5A, 0xD9, 0x08, 0x2A, 0x4A, 0x55, 0x00, 0x0D, 0x00, 0x00, 0x00, 0x2B,
    0x00, 0x2B, 0x8C, 0x3F, 0x00, 0x0B, 0x6B, 0x3C, 0x00, 0x2B, 0x5A, 0xD9, 0x00, 0x2B, 0x5A, 0xD9,
    0x00, 0x0C, 0x5A, 0xD9, 0x00, 0x0C, 0x5A, 0xD9, 0x00, 0x2B, 0x5A, 0xD9, 0x00, 0x0C, 0x5A, 0xD9,
    0x00, 0x0C, 0x5A, 0xD9, 0x00, 0x2A, 0x5A, 0xD9, 0x08, 0x2A, 0x5A, 0xD9, 0x00, 0x2B, 0x5A, 0xD9,
    0x08, 0x2A, 0x5A, 0xD9, 0x08, 0x2A, 0x5A, 0xD9, 0x00, 0x0C, 0x5A, 0xD9, 0x00, 0x2B, 0x5A, 0xD9,
    0x00, 0x2B, 0x5A, 0xD9, 0x00, 0x2B, 0x5A, 0xD9, 0x00, 0x2B, 0x5A, 0xD9, 0x00, 0x0E, 0x5A, 0xD9,
    0x00, 0x2B, 0x5A, 0xD9, 0x08, 0x2A, 0x5A, 0xD9, 0x00, 0x0D, 0x5A, 0xD9, 0x00, 0x0D, 0x5A, 0xD9,
    0x00, 0x2B, 0x52, 0xAA, 0x00, 0x00, 0x52, 0x8A, 0x4A, 0x69, 0xA5, 0x14, 0xD6, 0x9A, 0xE7, 0x1C,
    0xCE, 0x79, 0x9C, 0xD3, 0x73, 0x8E, 0x63, 0x2C, 0x94, 0x92, 0x9C, 0xD3, 0x00, 0x00, 0x52, 0x8A,
    0x4A, 0x69, 0xA5, 0x14, 0xD6, 0x9A, 0xE7, 0x1C, 0xCE, 0x79, 0x9C, 0xD3, 0x73, 0x8E, 0x63, 0x2C,
    0x94, 0x92, 0x9C, 0xD3, 0x00, 0x00, 0x52, 0x8A, 0x4A, 0x69, 0xA5, 0x14, 0xD6, 0x9A, 0xE7, 0x1C,
    0xCE, 0x79, 0x9C, 0xD3, 0x73, 0x8E, 0x63, 0x2C, 0x94, 0x92, 0x9C, 0xD3, 0x00, 0x00, 0x52, 0xAA,
    0x00, 0x2A, 0x5A, 0xD9, 0x08, 0x2A, 0x5A, 0xD9, 0x00, 0x2B, 0x5A, 0xD9, 0x08, 0x2A, 0x5A, 0xD9,
    0x08, 0x2A, 0x5A, 0xD9, 0x00, 0x0C, 0x5A, 0xD9, 0x00, 0x2B, 0x5A, 0xD9, 0x00, 0x2B, 0x5A, 0xD9,
    0x00, 0x2B, 0x5A, 0xD9, 0x00, 0x2B, 0x5A, 0xD9, 0x00, 0x0E, 0x5A, 0xD9, 0x00, 0x2B, 0x5A, 0xD9,
    0x08, 0x2A, 0x5A, 0xD9, 0x00, 0x0D, 0x5A, 0xD9, 0x00, 0x0D, 0x5A, 0xD9, 0x00, 0x2B, 0x5A, 0xD9,
    0x08, 0x2A, 0x5A, 0xD9, 0x08, 0x2A, 0x5A, 0xD9, 0x00, 0x2B, 0x5A, 0xD9, 0x00, 0x2B, 0x5A, 0xD9,
    0x08, 0x2A, 0x5A, 0xD9, 0x00, 0x0C, 0x5A, 0xD9, 0x08, 0x2A, 0x5A, 0xD9, 0x00, 0x2B, 0x5A, 0xD9,
    0x00, 0x0D, 0x5A, 0xD9, 0x00, 0x0C, 0x5A, 0xD9, 0x00, 0x2B, 0x5A, 0xD9, 0x00, 0x0B, 0x5A, 0xD9,
    0x00, 0x2B, 0x5A, 0xD9, 0x00, 0x2B, 0x5A, 0xD9, 0x00, 0x0C, 0x5A, 0xD9, 0x00, 0x0C, 0x5A, 0xD9,
    0x00, 0x2B, 0x5A, 0xD9, 0x00, 0x0C, 0x5A, 0xD9, 0x00, 0x0C, 0x5A, 0xD9, 0x00, 0x2A, 0x5A, 0xD9,
    0x08, 0x2A, 0x5A, 0xD9, 0x00, 0x2B, 0x5A, 0xD9, 0x08, 0x2A, 0x5A, 0xD9, 0x08, 0x2A, 0x5A, 0xD9,
    0x00, 0x0C, 0x5A, 0xD9, 0x00, 0x2B, 0x5A, 0xD9, 0x00, 0x2B, 0x5A, 0xD9, 0x00, 0x2B, 0x5A, 0xD9,
    0x00, 0x2B, 0x5A, 0xD9, 0x00, 0x0E, 0x5A, 0xD9, 0x00, 0x2B, 0x5A, 0xD9, 0x08, 0x2A, 0x5A, 0xD9,
    0x00, 0x0D, 0x5A, 0xD9, 0x00, 0x0D, 0x5A, 0xD9, 0x00, 0x2B, 0x5A, 0xD9, 0x08, 0x2A, 0x5A, 0xD9,
    0x08, 0x2A, 0x5A, 0xD9, 0x00, 0x2B, 0x5A, 0xD9, 0x00, 0x2B, 0x5A, 0xD9, 0x08, 0x2A, 0x5A, 0xD9,
    0x00, 0x0C, 0x5A, 0xD9, 0x08, 0x2A, 0x5A, 0xD9, 0x00, 0x2B, 0x5A, 0xD9, 0x00, 0x0D, 0x5A, 0xD9,
    0x00, 0x0C, 0x5A, 0xD9, 0x00, 0x2B, 0x5A, 0xD9, 0x00, 0x0B, 0x5A, 0xD9, 0x00, 0x2B, 0x5A, 0xD9,
    0x00, 0x2B, 0x5A, 0xD9, 0x00, 0x0C, 0x5A, 0xD9, 0x00, 0x0C, 0x5A, 0xD9, 0x00, 0x2B, 0x5A, 0xD9,
    0x00, 0x0C, 0x5A, 0xD9, 0x00, 0x0C, 0x5A, 0xD9, 0x00, 0x2A, 0x5A, 0xD9, 0x08, 0x2A, 0x5A, 0xD9,
    0x00, 0x2B, 0x5A, 0xD9, 0x08, 0x2A, 0x52, 0xAA, 0x00, 0x00, 0x52, 0x8A, 0x4A, 0x69, 0xA5, 0x14,
    0xD6, 0x9A, 0xE7, 0x1C, 0xCE, 0x79, 0x9C, 0xD3, 0x73, 0x8E, 0x63, 0x2C, 0x94, 0x92, 0x9C, 0xD3,
    0x00, 0x00, 0x52, 0x8A, 0x4A, 0x69, 0xA5, 0x14, 0xD6, 0x9A, 0xE7, 0x1C, 0xCE, 0x79, 0x9C, 0xD3,
    0x73, 0x8E, 0x63, 0x2C, 0x94, 0x92, 0x9C, 0xD3, 0x00, 0x00, 0x52, 0x8A, 0x4A, 0x69, 0xA5, 0x14,
    0xD6, 0x9A, 0xE7, 0x1C, 0xCE, 0x79, 0x9C, 0xD3, 0x73, 0x8E, 0x63, 0x2C, 0x94, 0x92, 0x9C, 0xD3,
    0x00, 0x00, 0x52, 0xAA, 0x00, 0x2B, 0x5A, 0xD9, 0x00, 0x0D, 0x5A, 0xD9, 0x00, 0x0C, 0x5A, 0xD9,
    0x00, 0x2B, 0x5A, 0xD9, 0x00, 0x0B, 0x5A, 0xD9, 0x00, 0x2B, 0x5A, 0xD9, 0x00, 0x2B, 0x5A, 0xD9,
    0x00, 0x0C, 0x5A, 0xD9, 0x00, 0x0C, 0x5A, 0xD9, 0x00, 0x2B, 0x5A, 0xD9, 0x00, 0x0C, 0x5A, 0xD9,
    0x00, 0x0C, 0x5A, 0xD9, 0x00, 0x2A, 0x5A, 0xD9, 0x08, 0x2A, 0x5A, 0xD9, 0x00, 0x2B, 0x5A, 0xD9,
    0x08, 0x2A, 0x5A, 0xD9, 0x08, 0x2A, 0x5A, 0xD9, 0x00, 0x0C, 0x5A, 0xD9, 0x00, 0x2B, 0x5A, 0xD9,
    0x00, 0x2B, 0x5A, 0xD9, 0x00, 0x2B, 0x84, 0x1F, 0x00, 0x2B, 0x00, 0x00, 0x00, 0x0E, 0x00, 0x00,
    0xC6, 0x1F, 0x08, 0x2A, 0x83, 0xFF, 0x00, 0x2B, 0x00, 0x00, 0x08, 0x2A, 0x5A, 0xD9, 0x00, 0x2B,
    0x5A, 0xD9, 0x00, 0x0C, 0x5A, 0xD9, 0x08, 0x2A, 0x5A, 0xD9, 0x00, 0x0C, 0x5A, 0xD9, 0x00, 0x0E,
    0x5A, 0xD9, 0x00, 0x0D, 0x5A, 0xD9, 0x00, 0x2B, 0x5A, 0xD9, 0x00, 0x0B, 0x5A, 0xD9, 0x00, 0x0D,
    0x5A, 0xD9, 0x08, 0x2A, 0x5A, 0xD9, 0x08, 0x2A, 0x5A, 0xD9, 0x00, 0x2A, 0x5A, 0xD9, 0x08, 0x2A,
    0x5A, 0xD9, 0x08, 0x2A, 0x5A, 0xD9, 0x08, 0x2A, 0x5A, 0xD9, 0x00, 0x0C, 0x5A, 0xD9, 0x00, 0x0D,
    0x5A, 0xD9, 0x00, 0x2B, 0x5A, 0xD9, 0x00, 0x2B, 0x5A, 0xD9, 0x00, 0x0F, 0x5A, 0xD9, 0x00, 0x0D,
    0x5A, 0xD9, 0x52, 0xAA, 0x00, 0x00, 0x4A, 0x69, 0x42, 0x08, 0x6B, 0x6D, 0xBD, 0xF7, 0xD6, 0x9A,
    0xBD, 0xF7, 0xAD, 0x55, 0x8C, 0x51, 0x7B, 0xEF, 0x94, 0x92, 0x8C, 0x71, 0x00, 0x00, 0x4A, 0x69,
    0x42, 0x08, 0x6B, 0x6D, 0xBD, 0xF7, 0xD6, 0x9A, 0xBD, 0xF7, 0xAD, 0x55, 0x8C, 0x51, 0x7B, 0xEF,
    0x94, 0x92, 0x8C, 0x71, 0x00, 0x00, 0x4A, 0x69, 0x42, 0x08, 0x6B, 0x6D, 0xBD, 0xF7, 0xD6, 0x9A,
    0xBD, 0xF7, 0xAD, 0x55, 0x8C, 0x51, 0x7B, 0xEF, 0x94, 0x92, 0x8C, 0x71, 0x00, 0x00, 0x52, 0xAA,
    0x5A, 0xD9, 0x00, 0x2B, 0x5A, 0xD9, 0x00, 0x0B, 0x5A, 0xD9, 0x00, 0x0D, 0x5A, 0xD9, 0x08, 0x2A,
    0x5A, 0xD9, 0x08, 0x2A, 0x5A, 0xD9, 0x00, 0x2A, 0x5A, 0xD9, 0x08, 0x2A, 0x5A, 0xD9, 0x08, 0x2A,
    0x5A, 0xD9, 0x08, 0x2A, 0x5A, 0xD9, 0x00, 0x0C, 0x5A, 0xD9, 0x00, 0x0D, 0x5A, 0xD9, 0x00, 0x2B,
    0x5A, 0xD9, 0x00, 0x2B, 0x5A, 0xD9, 0x00, 0x0F, 0x5A, 0xD9, 0x00, 0x0D, 0x5A, 0xD9, 0x00, 0x0D,
    0x5A, 0xD9, 0x08, 0x2A, 0x5A, 0xD9, 0x00, 0x2B, 0x5A, 0xD9, 0x00, 0x0C, 0x5A, 0xD9, 0x00, 0x2B,
    0x5A, 0xD9, 0x00, 0x0C, 0x5A, 0xD9, 0x00, 0x2B, 0x5A, 0xD9, 0x08, 0x2A, 0x5A, 0xD9, 0x00, 0x2B,
    0x5A, 0xD9, 0x00, 0x0C, 0x5A, 0xD9, 0x00, 0x2B, 0x5A, 0xD9, 0x08, 0x2A, 0x5A, 0xD9, 0x00, 0x2B,
    0x5A, 0xD9, 0x08, 0x2A, 0x5A, 0xD9, 0x00, 0x2B, 0x5A, 0xD9, 0x00, 0x0C, 0x5A, 0xD9, 0x08, 0x2A,
    0x5A, 0xD9, 0x00, 0x0C, 0x5A, 0xD9, 0x00, 0x0E, 0x5A, 0xD9, 0x00, 0x0D, 0x5A, 0xD9, 0x00, 0x2B,
    0x5A, 0xD9, 0x00, 0x0B, 0x5A, 0xD9, 0x00, 0x0D, 0x5A, 0xD9, 0x08, 0x2A, 0x5A, 0xD9, 0x08, 0x2A,
    0x5A, 0xD9, 0x00, 0x2A, 0x5A, 0xD9, 0x08, 0x2A, 0x5A, 0xD9, 0x08, 0x2A, 0x5A, 0xD9, 0x08, 0x2A,
    0x5A, 0xD9, 0x00, 0x0C, 0x5A, 0xD9, 0x00, 0x0D, 0x5A, 0xD9, 0x00, 0x2B, 0x5A, 0xD9, 0x00, 0x2B,
    0x5A, 0xD9, 0x00, 0x0F, 0x5A, 0xD9, 0x00, 0x0D, 0x5A, 0xD9, 0x00, 0x0D, 0x5A, 0xD9, 0x08, 0x2A,
    0x5A, 0xD9, 0x00, 0x2B, 0x5A, 0xD9, 0x00, 0x0C, 0x5A, 0xD9, 0x00, 0x2B, 0x5A, 0xD9, 0x00, 0x0C,
    0x5A, 0xD9, 0x00, 0x2B, 0x5A, 0xD9, 0x08, 0x2A, 0x5A, 0xD9, 0x00, 0x2B, 0x5A, 0xD9, 0x00, 0x0C,
    0x5A, 0xD9, 0x00, 0x2B, 0x5A, 0xD9, 0x08, 0x2A, 0x5A, 0xD9, 0x00, 0x2B, 0x5A, 0xD9, 0x08, 0x2A,
    0x5A, 0xD9, 0x00, 0x2B, 0x5A, 0xD9, 0x00, 0x0C, 0x5A, 0xD9, 0x08, 0x2A, 0x5A, 0xD9, 0x00, 0x0C,
    0x5A, 0xD9, 0x00, 0x0E, 0x5A, 0xD9, 0x00, 0x0D, 0x5A, 0xD9, 0x00, 0x2B, 0x5A, 0xD9, 0x00, 0x0B,
    0x5A, 0xD9, 0x00, 0x0D, 0x5A, 0xD9, 0x52, 0xAA, 0x00, 0x00, 0x4A, 0x69, 0x42, 0x08, 0x6B, 0x6D,
    0xBD, 0xF7, 0xD6, 0x9A, 0xBD, 0xF7, 0xAD, 0x55, 0x8C, 0x51, 0x7B, 0xEF, 0x94, 0x92, 0x8C, 0x71,
    0x00, 0x00, 0x4A, 0x69, 0x42, 0x08, 0x6B, 0x6D, 0xBD, 0xF7, 0xD6, 0x9A, 0xBD, 0xF7, 0xAD, 0x55,
    0x8C, 0x51, 0x7B, 0xEF, 0x94, 0x92, 0x8C, 0x71, 0x00, 0x00, 0x4A, 0x69, 0x42, 0x08, 0x6B, 0x6D,
    0xBD, 0xF7, 0xD6, 0x9A, 0xBD, 0xF7, 0xAD, 0x55, 0x8C, 0x51, 0x7B, 0xEF, 0x94, 0x92, 0x8C, 0x71,
    0x00, 0x00, 0x52, 0xAA, 0x5A, 0xD9, 0x00, 0x2B, 0x5A, 0xD9, 0x00, 0x0C, 0x5A, 0xD9, 0x00, 0x2B,
    0x5A, 0xD9, 0x08, 0x2A, 0x5A, 0xD9, 0x00, 0x2B, 0x5A, 0xD9, 0x08, 0x2A, 0x5A, 0xD9, 0x00, 0x2B,
    0x5A, 0xD9, 0x00, 0x0C, 0x5A, 0xD9, 0x08, 0x2A, 0x5A, 0xD9, 0x00, 0x0C, 0x5A, 0xD9, 0x00, 0x0E,
    0x5A, 0xD9, 0x00, 0x0D, 0x5A, 0xD9, 0x00, 0x2B, 0x5A, 0xD9, 0x00, 0x0B, 0x5A, 0xD9, 0x00, 0x0D,
    0x5A, 0xD9, 0x08, 0x2A, 0x5A, 0xD9, 0x08, 0x2A, 0x5A, 0xD9, 0x00, 0x2A, 0x5A, 0xD9, 0x08, 0x2A,
    0x5A, 0xD9, 0x08, 0x2A, 0x5A, 0xD9, 0x08, 0x2A, 0x4A, 0x75, 0x00, 0x0C, 0x00, 0x00, 0x00, 0x0D,
    0x00, 0x2B, 0x8C, 0x5F, 0x08, 0x2A, 0x6B, 0x5D, 0x08, 0x2A, 0x5A, 0xF9, 0x08, 0x2A, 0x5A, 0xF9,
    0x00, 0x0D, 0x5A, 0xF9, 0x00, 0x0C, 0x5A, 0xF9, 0x08, 0x2A, 0x5A, 0xF9, 0x00, 0x0D, 0x5A, 0xF9,
    0x00, 0x0E, 0x5A, 0xF9, 0x00, 0x0E, 0x5A, 0xF9, 0x00, 0x0D, 0x5A, 0xF9, 0x00, 0x0F, 0x5A, 0xF9,
    0x00, 0x0E, 0x5A, 0xF9, 0x00, 0x2B, 0x5A, 0xF9, 0x00, 0x2B, 0x5A, 0xF9, 0x08, 0x2A, 0x5A, 0xF9,
    0x08, 0x2A, 0x5A, 0xF9, 0x08, 0x2A, 0x5A, 0xF9, 0x08, 0x2A, 0x5A, 0xF9, 0x00, 0x2B, 0x5A, 0xF9,
    0x00, 0x0C, 0x5A, 0xF9, 0x00, 0x2B, 0x5A, 0xF9, 0x00, 0x0C, 0x5A, 0xF9, 0x00, 0x0D, 0x5A, 0xF9,
    0x00, 0x0F, 0x52, 0xAA, 0x00, 0x00, 0x42, 0x08, 0x39, 0xE7, 0x42, 0x28, 0x6B, 0x6D, 0xA5, 0x14,
    0xAD, 0x55, 0x9C, 0xF3, 0x84, 0x10, 0x7B, 0xCF, 0x84, 0x30, 0x84, 0x10, 0x00, 0x00, 0x42, 0x08,
    0x39, 0xE7, 0x42, 0x28, 0x6B, 0x6D, 0xA5, 0x14, 0xAD, 0x55, 0x9C, 0xF3, 0x84, 0x10, 0x7B, 0xCF,
    0x84, 0x30, 0x84, 0x10, 0x00, 0x00, 0x42, 0x08, 0x39, 0xE7, 0x42, 0x28, 0x6B, 0x6D, 0xA5, 0x14,
    0xAD, 0x55, 0x9C, 0xF3, 0x84, 0x10, 0x7B, 0xCF, 0x84, 0x30, 0x84, 0x10, 0x00, 0x00, 0x52, 0xAA,
    0x00, 0x0E, 0x5A, 0xF9, 0x00, 0x0D, 0x5A, 0xF9, 0x00, 0x0F, 0x5A, 0xF9, 0x00, 0x0E, 0x5A, 0xF9,
    0x00, 0x2B, 0x5A, 0xF9, 0x00, 0x2B, 0x5A, 0xF9, 0x08, 0x2A, 0x5A, 0xF9, 0x08, 0x2A, 0x5A, 0xF9,
    0x08, 0x2A, 0x5A, 0xF9, 0x08, 0x2A, 0x5A, 0xF9, 0x00, 0x2B, 0x5A, 0xF9, 0x00, 0x0C, 0x5A, 0xF9,
    0x00, 0x2B, 0x5A, 0xF9, 0x00, 0x0C, 0x5A, 0xF9, 0x00, 0x0D, 0x5A, 0xF9, 0x00, 0x0F, 0x5A, 0xF9,
    0x00, 0x0D, 0x5A, 0xF9, 0x00, 0x0B, 0x5A, 0xF9, 0x00, 0x0D, 0x5A, 0xF9, 0x00, 0x0C, 0x5A, 0xF9,
    0x00, 0x0C, 0x5A, 0xF9, 0x00, 0x0D, 0x5A, 0xF9, 0x08, 0x2A, 0x5A, 0xF9, 0x08, 0x2A, 0x5A, 0xF9,
    0x00, 0x0C, 0x5A, 0xF9, 0x00, 0x2B, 0x5A, 0xF9, 0x00, 0x2B, 0x5A, 0xF9, 0x08, 0x2A, 0x5A, 0xF9,
    0x08, 0x2A, 0x5A, 0xF9, 0x08, 0x2A, 0x5A, 0xF9, 0x00, 0x0D, 0x5A, 0xF9, 0x00, 0x0C, 0x5A, 0xF9,
    0x08, 0x2A, 0x5A, 0xF9, 0x00, 0x0D, 0x5A, 0xF9, 0x00, 0x0E, 0x5A, 0xF9, 0x00, 0x0E, 0x5A, 0xF9,
    0x00, 0x0D, 0x5A, 0xF9, 0x00, 0x0F, 0x5A, 0xF9, 0x00, 0x0E, 0x5A, 0xF9, 0x00, 0x2B, 0x5A, 0xF9,
    0x00, 0x2B, 0x5A, 0xF9, 0x08, 0x2A, 0x5A, 0xF9, 0x08, 0x2A, 0x5A, 0xF9, 0x08, 0x2A, 0x5A, 0xF9,
    0x08, 0x2A, 0x5A, 0xF9, 0x00, 0x2B, 0x5A, 0xF9, 0x00, 0x0C, 0x5A, 0xF9, 0x00, 0x2B, 0x5A, 0xF9,
    0x00, 0x0C, 0x5A, 0xF9, 0x00, 0x0D, 0x5A, 0xF9, 0x00, 0x0F, 0x5A, 0xF9, 0x00, 0x0D, 0x5A, 0xF9,
    0x00, 0x0B, 0x5A, 0xF9, 0x00, 0x0D, 0x5A, 0xF9, 0x00, 0x0C, 0x5A, 0xF9, 0x00, 0x0C, 0x5A, 0xF9,
    0x00, 0x0D, 0x5A, 0xF9, 0x08, 0x2A, 0x5A, 0xF9, 0x08, 0x2A, 0x5A, 0xF9, 0x00, 0x0C, 0x5A, 0xF9,
    0x00, 0x2B, 0x5A, 0xF9, 0x00, 0x2B, 0x5A, 0xF9, 0x08, 0x2A, 0x5A, 0xF9, 0x08, 0x2A, 0x5A, 0xF9,
    0x08, 0x2A, 0x5A, 0xF9, 0x00, 0x0D, 0x5A, 0xF9, 0x00, 0x0C, 0x5A, 0xF9, 0x08, 0x2A, 0x5A, 0xF9,
    0x00, 0x0D, 0x5A, 0xF9, 0x00, 0x0E, 0x5A, 0xF9, 0x00, 0x0E, 0x5A, 0xF9, 0x00, 0x0D, 0x5A, 0xF9,
    0x00, 0x0F, 0x5A, 0xF9, 0x00, 0x0E, 0x52, 0xAA, 0x00, 0x00, 0x42, 0x08, 0x39, 0xE7, 0x42, 0x28,
    0x6B, 0x6D, 0xA5, 0x14, 0xAD, 0x55, 0x9C, 0xF3, 0x84, 0x10, 0x7B, 0xCF, 0x84, 0x30, 0x84, 0x10,
    0x00, 0x00, 0x42, 0x08, 0x39, 0xE7, 0x42, 0x28, 0x6B, 0x6D, 0xA5, 0x14, 0xAD, 0x55, 0x9C, 0xF3,
    0x84, 0x10, 0x7B, 0xCF, 0x84, 0x30, 0x84, 0x10, 0x00, 0x00, 0x42, 0x08, 0x39, 0xE7, 0x42, 0x28,
    0x6B, 0x6D, 0xA5, 0x14, 0xAD, 0x55, 0x9C, 0xF3, 0x84, 0x10, 0x7B, 0xCF, 0x84, 0x30, 0x84, 0x10,
    0x00, 0x00, 0x52, 0xAA, 0x08, 0x2A, 0x5A, 0xF9, 0x00, 0x0C, 0x5A, 0xF9, 0x00, 0x2B, 0x5A, 0xF9,
    0x00, 0x2B, 0x5A, 0xF9, 0x08, 0x2A, 0x5A, 0xF9, 0x08, 0x2A, 0x5A, 0xF9, 0x08, 0x2A, 0x5A, 0xF9,
    0x00, 0x0D, 0x5A, 0xF9, 0x00, 0x0C, 0x5A, 0xF9, 0x08, 0x2A, 0x5A, 0xF9, 0x00, 0x0D, 0x5A, 0xF9,
    0x00, 0x0E, 0x5A, 0xF9, 0x00, 0x0E, 0x5A, 0xF9, 0x00, 0x0D, 0x5A, 0xF9, 0x00, 0x0F, 0x5A, 0xF9,
    0x00, 0x0E, 0x5A, 0xF9, 0x00, 0x2B, 0x5A, 0xF9, 0x00, 0x2B, 0x5A, 0xF9, 0x08, 0x2A, 0x5A, 0xF9,
    0x08, 0x2A, 0x5A, 0xF9, 0x08, 0x2A, 0x84, 0x3F, 0x08, 0x2A, 0x00, 0x00, 0x00, 0x2B, 0x00, 0x00,
    0xCE, 0x3F, 0x00, 0x0B, 0x84, 0x1F, 0x00, 0x2B, 0x00, 0x00, 0x08, 0x2A, 0x5A, 0xF9, 0x00, 0x0B,
    0x5A, 0xF9, 0x00, 0x0E, 0x5A, 0xF9, 0x00, 0x2B, 0x5A, 0xF9, 0x08, 0x2A, 0x5A, 0xF9, 0x00, 0x0C,
    0x5A, 0xF9, 0x00, 0x0E, 0x5A, 0xF9, 0x00, 0x0F, 0x5A, 0xF9, 0x00, 0x0E, 0x5A, 0xF9, 0x00, 0x10,
    0x5A, 0xF9, 0x00, 0x0E, 0x5A, 0xF9, 0x00, 0x2B, 0x5A, 0xF9, 0x00, 0x0C, 0x5A, 0xF9, 0x00, 0x2B,
    0x5A, 0xF9, 0x08, 0x2A, 0x5A, 0xF9, 0x00, 0x2B, 0x5A, 0xF9, 0x00, 0x2B, 0x5A, 0xF9, 0x08, 0x2A,
    0x5A, 0xF9, 0x00, 0x0C, 0x5A, 0xF9, 0x00, 0x2B, 0x5A, 0xF9, 0x08, 0x2A, 0x5A, 0xF9, 0x00, 0x0D,
    0x5A, 0xF9, 0x52, 0xAA, 0x00, 0x00, 0x39, 0xE7, 0x31, 0xA6, 0x39, 0xE7, 0x42, 0x08, 0x4A, 0x69,
    0x5A, 0xCB, 0x5A, 0xCB, 0x63, 0x2C, 0x73, 0x8E, 0x7B, 0xEF, 0x73, 0xAE, 0x00, 0x00, 0x39, 0xE7,
    0x31, 0xA6, 0x39, 0xE7, 0x42, 0x08, 0x4A, 0x69, 0x5A, 0xCB, 0x5A, 0xCB, 0x63, 0x2C, 0x73, 0x8E,
    0x7B, 0xEF, 0x73, 0xAE, 0x00, 0x00, 0x39, 0xE7, 0x31, 0xA6, 0x39, 0xE7, 0x42, 0x08, 0x4A, 0x69,
    0x5A, 0xCB, 0x5A, 0xCB, 0x63, 0x2C, 0x73, 0x8E, 0x7B, 0xEF, 0x73, 0xAE, 0x00, 0x00, 0x52, 0xAA,
    0x5A, 0xF9, 0x00, 0x0F, 0x5A, 0xF9, 0x00, 0x0E, 0x5A, 0xF9, 0x00, 0x10, 0x5A, 0xF9, 0x00, 0x0E,
    0x5A, 0xF9, 0x00, 0x2B, 0x5A, 0xF9, 0x00, 0x0C, 0x5A, 0xF9, 0x00, 0x2B, 0x5A, 0xF9, 0x08, 0x2A,
    0x5A, 0xF9, 0x00, 0x2B, 0x5A, 0xF9, 0x00, 0x2B, 0x5A, 0xF9, 0x08, 0x2A, 0x5A, 0xF9, 0x00, 0x0C,
    0x5A, 0xF9, 0x00, 0x2B, 0x5A, 0xF9, 0x08, 0x2A, 0x5A, 0xF9, 0x00, 0x0D, 0x5A, 0xF9, 0x00, 0x10,
    0x5A, 0xF9, 0x00, 0x0E, 0x5A, 0xF9, 0x00, 0x0D, 0x5A, 0xF9, 0x00, 0x0C, 0x5A, 0xF9, 0x08, 0x2A,
    0x5A, 0xF9, 0x00, 0x0D, 0x5A, 0xF9, 0x00, 0x0C, 0x5A, 0xF9, 0x08, 0x2A, 0x5A, 0xF9, 0x00, 0x2B,
    0x5A, 0xF9, 0x00, 0x0C, 0x5A, 0xF9, 0x00, 0x2B, 0x5A, 0xF9, 0x00, 0x0B, 0x5A, 0xF9, 0x00, 0x2B,
    0x5A, 0xF9, 0x08, 0x2A, 0x5A, 0xF9, 0x00, 0x0B, 0x5A, 0xF9, 0x00, 0x0E, 0x5A, 0xF9, 0x00, 0x2B,
    0x5A, 0xF9, 0x08, 0x2A, 0x5A, 0xF9, 0x00, 0x0C, 0x5A, 0xF9, 0x00, 0x0E, 0x5A, 0xF9, 0x00, 0x0F,
    0x5A, 0xF9, 0x00, 0x0E, 0x5A, 0xF9, 0x00, 0x10, 0x5A, 0xF9, 0x00, 0x0E, 0x5A, 0xF9, 0x00, 0x2B,
    0x5A, 0xF9, 0x00, 0x0C, 0x5A, 0xF9, 0x00, 0x2B, 0x5A, 0xF9, 0x08, 0x2A, 0x5A, 0xF9, 0x00, 0x2B,
    0x5A, 0xF9, 0x00, 0x2B, 0x5A, 0xF9, 0x08, 0x2A, 0x5A, 0xF9, 0x00, 0x0C, 0x5A, 0xF9, 0x00, 0x2B,
    0x5A, 0xF9, 0x08, 0x2A, 0x5A, 0xF9, 0x00, 0x0D, 0x5A, 0xF9, 0x00, 0x10, 0x5A, 0xF9, 0x00, 0x0E,
    0x5A, 0xF9, 0x00, 0x0D, 0x5A, 0xF9, 0x00, 0x0C, 0x5A, 0xF9, 0x08, 0x2A, 0x5A, 0xF9, 0x00, 0x0D,
    0x5A, 0xF9, 0x00, 0x0C, 0x5A, 0xF9, 0x08, 0x2A, 0x5A, 0xF9, 0x00, 0x2B, 0x5A, 0xF9, 0x00, 0x0C,
    0x5A, 0xF9, 0x00, 0x2B, 0x5A, 0xF9, 0x00, 0x0B, 0x5A, 0xF9, 0x00, 0x2B, 0x5A, 0xF9, 0x08, 0x2A,
    0x5A, 0xF9, 0x00, 0x0B, 0x5A, 0xF9, 0x00, 0x0E, 0x5A, 0xF9, 0x00, 0x2B, 0x5A, 0xF9, 0x08, 0x2A,
    0x5A, 0xF9, 0x00, 0x0C, 0x5A, 0xF9, 0x00, 0x0E, 0x5A, 0xF9, 0x00, 0x0F, 0x5A, 0xF9, 0x00, 0x0E,
    0x5A, 0xF9, 0x00, 0x10, 0x5A, 0xF9, 0x52, 0xAA, 0x00, 0x00, 0x39, 0xE7, 0x31, 0xA6, 0x39, 0xE7,
    0x42, 0x08, 0x4A, 0x69, 0x5A, 0xCB, 0x5A, 0xCB, 0x63, 0x2C, 0x73, 0x8E, 0x7B, 0xEF, 0x73, 0xAE,
    0x00, 0x00, 0x39, 0xE7, 0x31, 0xA6, 0x39, 0xE7, 0x42, 0x08, 0x4A, 0x69, 0x5A, 0xCB, 0x5A, 0xCB,
    0x63, 0x2C, 0x73, 0x8E, 0x7B, 0xEF, 0x73, 0xAE, 0x00, 0x00, 0x39, 0xE7, 0x31, 0xA6, 0x39, 0xE7,
    0x42, 0x08, 0x4A, 0x69, 0x5A, 0xCB, 0x5A, 0xCB, 0x63, 0x2C, 0x73, 0x8E, 0x7B, 0xEF, 0x73, 0xAE,
    0x00, 0x00, 0x52, 0xAA, 0x5A, 0xF9, 0x00, 0x2B, 0x5A, 0xF9, 0x00, 0x0C, 0x5A, 0xF9, 0x00, 0x2B,
    0x5A, 0xF9, 0x00, 0x0B, 0x5A, 0xF9, 0x00, 0x2B, 0x5A, 0xF9, 0x08, 0x2A, 0x5A, 0xF9, 0x00, 0x0B,
    0x5A, 0xF9, 0x00, 0x0E, 0x5A, 0xF9, 0x00, 0x2B, 0x5A, 0xF9, 0x08, 0x2A, 0x5A, 0xF9, 0x00, 0x0C,
    0x5A, 0xF9, 0x00, 0x0E, 0x5A, 0xF9, 0x00, 0x0F, 0x5A, 0xF9, 0x00, 0x0E, 0x5A, 0xF9, 0x00, 0x10,
    0x5A, 0xF9, 0x00, 0x0E, 0x5A, 0xF9, 0x00, 0x2B, 0x5A, 0xF9, 0x00, 0x0C, 0x5A, 0xF9, 0x00, 0x2B,
    0x5A, 0xF9, 0x08, 0x2A, 0x5A, 0xF9, 0x00, 0x2B, 0x52, 0x75, 0x00, 0x2B, 0x00, 0x00, 0x08, 0x2A,
    0x00, 0x2B, 0x94, 0x7F, 0x00, 0x0C, 0x6B, 0x5D, 0x00, 0x0B, 0x62, 0xFA, 0x08, 0x2A, 0x62, 0xFA,
    0x00, 0x0C, 0x62, 0xFA, 0x00, 0x0C, 0x62, 0xFA, 0x08, 0x2A, 0x62, 0xFA, 0x08, 0x2A, 0x62, 0xFA,
    0x00, 0x2B, 0x62, 0xFA, 0x00, 0x0D, 0x62, 0xFA, 0x00, 0x0E, 0x62, 0xFA, 0x00, 0x0E, 0x62, 0xFA,
    0x00, 0x0E, 0x62, 0xFA, 0x00, 0x0E, 0x62, 0xFA, 0x00, 0x0B, 0x62, 0xFA, 0x00, 0x0D, 0x62, 0xFA,
    0x00, 0x2B, 0x62, 0xFA, 0x00, 0x0B, 0x62, 0xFA, 0x00, 0x0D, 0x62, 0xFA, 0x00, 0x2B, 0x62, 0xFA,
    0x08, 0x2A, 0x62, 0xFA, 0x00, 0x0C, 0x62, 0xFA, 0x00, 0x2B, 0x62, 0xFA, 0x08, 0x2A, 0x62, 0xFA,
    0x00, 0x0E, 0x52, 0xAA, 0x00, 0x00, 0x42, 0x28, 0x39, 0xE7, 0x42, 0x08, 0x4A, 0x69, 0x52, 0x8A,
    0x5A, 0xEB, 0x63, 0x0C, 0x6B, 0x6D, 0x73, 0xAE, 0x84, 0x10, 0x84, 0x10, 0x00, 0x00, 0x42, 0x28,
    0x39, 0xE7, 0x42, 0x08, 0x4A, 0x69, 0x52, 0x8A, 0x5A, 0xEB, 0x63, 0x0C, 0x6B, 0x6D, 0x73, 0xAE,
    0x84, 0x10, 0x84, 0x10, 0x00, 0x00, 0x42, 0x28, 0x39, 0xE7, 0x42, 0x08, 0x4A, 0x69, 0x52, 0x8A,
    0x5A, 0xEB, 0x63, 0x0C, 0x6B, 0x6D, 0x73, 0xAE, 0x84, 0x10, 0x84, 0x10, 0x00, 0x00, 0x52, 0xAA,
    0x00, 0x0D, 0x62, 0xFA, 0x00, 0x0E, 0x62, 0xFA, 0x00, 0x0E, 0x62, 0xFA, 0x00, 0x0E, 0x62, 0xFA,
    0x00, 0x0E, 0x62, 0xFA, 0x00, 0x0B, 0x62, 0xFA, 0x00, 0x0D, 0x62, 0xFA, 0x00, 0x2B, 0x62, 0xFA,
    0x00, 0x0B, 0x62, 0xFA, 0x00, 0x0D, 0x62, 0xFA, 0x00, 0x2B, 0x62, 0xFA, 0x08, 0x2A, 0x62, 0xFA,
    0x00, 0x0C, 0x62, 0xFA, 0x00, 0x2B, 0x62, 0xFA, 0x08, 0x2A, 0x62, 0xFA, 0x00, 0x0E, 0x62, 0xFA,
    0x00, 0x0F, 0x62, 0xFA, 0x00, 0x0E, 0x62, 0xFA, 0x00, 0x0D, 0x62, 0xFA, 0x08, 0x2A, 0x62, 0xFA,
    0x00, 0x2B, 0x62, 0xFA, 0x00, 0x0E, 0x62, 0xFA, 0x00, 0x0C, 0x62, 0xFA, 0x00, 0x2B, 0x62, 0xFA,
    0x00, 0x0C, 0x62, 0xFA, 0x00, 0x2B, 0x62, 0xFA, 0x00, 0x2B, 0x62, 0xFA, 0x00, 0x0C, 0x62, 0xFA,
    0x00, 0x0B, 0x62, 0xFA, 0x08, 0x2A, 0x62, 0xFA, 0x00, 0x0C, 0x62, 0xFA, 0x00, 0x0C, 0x62, 0xFA,
    0x08, 0x2A, 0x62, 0xFA, 0x08, 0x2A, 0x62, 0xFA, 0x00, 0x2B, 0x62, 0xFA, 0x00, 0x0D, 0x62, 0xFA,
    0x00, 0x0E, 0x62, 0xFA, 0x00, 0x0E, 0x62, 0xFA, 0x00, 0x0E, 0x62, 0xFA, 0x00, 0x0E, 0x62, 0xFA,
    0x00, 0x0B, 0x62, 0xFA, 0x00, 0x0D, 0x62, 0xFA, 0x00, 0x2B, 0x62, 0xFA, 0x00, 0x0B, 0x62, 0xFA,
    0x00, 0x0D, 0x62, 0xFA, 0x00, 0x2B, 0x62, 0xFA, 0x08, 0x2A, 0x62, 0xFA, 0x00, 0x0C, 0x62, 0xFA,
    0x00, 0x2B, 0x62, 0xFA, 0x08, 0x2A, 0x62, 0xFA, 0x00, 0x0E, 0x62, 0xFA, 0x00, 0x0F, 0x62, 0xFA,
    0x00, 0x0E, 0x62, 0xFA, 0x00, 0x0D, 0x62, 0xFA, 0x08, 0x2A, 0x62, 0xFA, 0x00, 0x2B, 0x62, 0xFA,
    0x00, 0x0E, 0x62, 0xFA, 0x00, 0x0C, 0x62, 0xFA, 0x00, 0x2B, 0x62, 0xFA, 0x00, 0x0C, 0x62, 0xFA,
    0x00, 0x2B, 0x62, 0xFA, 0x00, 0x2B, 0x62, 0xFA, 0x00, 0x0C, 0x62, 0xFA, 0x00, 0x0B, 0x62, 0xFA,
    0x08, 0x2A, 0x62, 0xFA, 0x00, 0x0C, 0x62, 0xFA, 0x00, 0x0C, 0x62, 0xFA, 0x08, 0x2A, 0x62, 0xFA,
    0x08, 0x2A, 0x62, 0xFA, 0x00, 0x2B, 0x62, 0xFA, 0x00, 0x0D, 0x62, 0xFA, 0x00, 0x0E, 0x62, 0xFA,
    0x00, 0x0E, 0x62, 0xFA, 0x00, 0x0E, 0x52, 0xAA, 0x00, 0x00, 0x42, 0x28, 0x39, 0xE7, 0x42, 0x08,
    0x4A, 0x69, 0x52, 0x8A, 0x5A, 0xEB, 0x63, 0x0C, 0x6B, 0x6D, 0x73, 0xAE, 0x84, 0x10, 0x84, 0x10,
    0x00, 0x00, 0x42, 0x28, 0x39, 0xE7, 0x42, 0x08, 0x4A, 0x69, 0x52, 0x8A, 0x5A, 0xEB, 0x63, 0x0C,
    0x6B, 0x6D, 0x73, 0xAE, 0x84, 0x10, 0x84, 0x10, 0x00, 0x00, 0x42, 0x28, 0x39, 0xE7, 0x42, 0x08,
    0x4A, 0x69, 0x52, 0x8A, 0x5A, 0xEB, 0x63, 0x0C, 0x6B, 0x6D, 0x73, 0xAE, 0x84, 0x10, 0x84, 0x10,
    0x00, 0x00, 0x52, 0xAA, 0x00, 0x2B, 0x62, 0xFA, 0x00, 0x0C, 0x62, 0xFA, 0x00, 0x2B, 0x62, 0xFA,
    0x00, 0x2B, 0x62, 0xFA, 0x00, 0x0C, 0x62, 0xFA, 0x00, 0x0B, 0x62, 0xFA, 0x08, 0x2A, 0x62, 0xFA,
    0x00, 0x0C, 0x62, 0xFA, 0x00, 0x0C, 0x62, 0xFA, 0x08, 0x2A, 0x62, 0xFA, 0x08, 0x2A, 0x62, 0xFA,
    0x00, 0x2B, 0x62, 0xFA, 0x00, 0x0D, 0x62, 0xFA, 0x00, 0x0E, 0x62, 0xFA, 0x00, 0x0E, 0x62, 0xFA,
    0x00, 0x0E, 0x62, 0xFA, 0x00, 0x0E, 0x62, 0xFA, 0x00, 0x0B, 0x62, 0xFA, 0x00, 0x0D, 0x62, 0xFA,
    0x00, 0x2B, 0x62, 0xFA, 0x00, 0x0B, 0x8C, 0x3F, 0x00, 0x0D, 0x00, 0x00, 0x00, 0x2B, 0x00, 0x00,
    0xD6, 0x7F, 0x00, 0x2B, 0x84, 0x3F, 0x00, 0x0B, 0x00, 0x00, 0x00, 0x2B, 0x62, 0xFA, 0x08, 0x2A,
    0x62, 0xFA, 0x08, 0x2A, 0x62, 0xFA, 0x00, 0x0C, 0x62, 0xFA, 0x00, 0x2B, 0x62, 0xFA, 0x08, 0x2A,
    0x62, 0xFA, 0x08, 0x2A, 0x62, 0xFA, 0x00, 0x0C, 0x62, 0xFA, 0x00, 0x0C, 0x62, 0xFA, 0x00, 0x0C,
    0x62, 0xFA, 0x00, 0x0D, 0x62, 0xFA, 0x00, 0x0D, 0x62, 0xFA, 0x00, 0x0C, 0x62, 0xFA, 0x00, 0x0E,
    0x62, 0xFA, 0x00, 0x0C, 0x62, 0xFA, 0x00, 0x0D, 0x62, 0xFA, 0x00, 0x0D, 0x62, 0xFA, 0x00, 0x2B,
    0x62, 0xFA, 0x08, 0x2A, 0x62, 0xFA, 0x00, 0x0C, 0x62, 0xFA, 0x00, 0x2B, 0x62, 0xFA, 0x08, 0x2A,
    0x62, 0xFA, 0x52, 0xAA, 0x00, 0x00, 0x00, 0x00, 0x00, 0x00, 0x00, 0x00, 0x00, 0x00, 0x00, 0x00,
    0x00, 0x00, 0x00, 0x00, 0x00, 0x00, 0x00, 0x00, 0x00, 0x00, 0x00, 0x00, 0x00, 0x00, 0x00, 0x00,
    0x00, 0x00, 0x00, 0x00, 0x00, 0x00, 0x00, 0x00, 0x00, 0x00, 0x00, 0x00, 0x00, 0x00, 0x00, 0x00,
    0x00, 0x00, 0x00, 0x00, 0x00, 0x00, 0x00, 0x00, 0x00, 0x00, 0x00, 0x00, 0x00, 0x00, 0x00, 0x00,
    0x00, 0x00, 0x00, 0x00, 0x00, 0x00, 0x00, 0x00, 0x00, 0x00, 0x00, 0x00, 0x00, 0x00, 0x52, 0xAA,
    0x62, 0xFA, 0x00, 0x0C, 0x62, 0xFA, 0x00, 0x0C, 0x62, 0xFA, 0x00, 0x0C, 0x62, 0xFA, 0x00, 0x0D,
    0x62, 0xFA, 0x00, 0x0D, 0x62, 0xFA, 0x00, 0x0C, 0x62, 0xFA, 0x00, 0x0E, 0x62, 0xFA, 0x00, 0x0C,
    0x62, 0xFA, 0x00, 0x0D, 0x62, 0xFA, 0x00, 0x0D, 0x62, 0xFA, 0x00, 0x2B, 0x62, 0xFA, 0x08, 0x2A,
    0x62, 0xFA, 0x00, 0x0C, 0x62, 0xFA, 0x00, 0x2B, 0x62, 0xFA, 0x08, 0x2A, 0x62, 0xFA, 0x00, 0x0C,
    0x62, 0xFA, 0x00, 0x0D, 0x62, 0xFA, 0x00, 0x0D, 0x62, 0xFA, 0x00, 0x0D, 0x62, 0xFA, 0x08, 0x2A,
    0x62, 0xFA, 0x00, 0x0C, 0x62, 0xFA, 0x00, 0x0E, 0x62, 0xFA, 0x00, 0x0C, 0x62, 0xFA, 0x00, 0x0C,
    0x62, 0xFA, 0x00, 0x0B, 0x62, 0xFA, 0x08, 0x2A, 0x62, 0xFA, 0x00, 0x2B, 0x62, 0xFA, 0x00, 0x0B,
    0x62, 0xFA, 0x00, 0x2B, 0x62, 0xFA, 0x08, 0x2A, 0x62, 0xFA, 0x08, 0x2A, 0x62, 0xFA, 0x00, 0x0C,
    0x62, 0xFA, 0x00, 0x2B, 0x62, 0xFA, 0x08, 0x2A, 0x62, 0xFA, 0x08, 0x2A, 0x62, 0xFA, 0x00, 0x0C,
    0x62, 0xFA, 0x00, 0x0C, 0x62, 0xFA, 0x00, 0x0C, 0x62, 0xFA, 0x00, 0x0D, 0x62, 0xFA, 0x00, 0x0D,
    0x62, 0xFA, 0x00, 0x0C, 0x62, 0xFA, 0x00, 0x0E, 0x62, 0xFA, 0x00, 0x0C, 0x62, 0xFA, 0x00, 0x0D,
    0x62, 0xFA, 0x00, 0x0D, 0x62, 0xFA, 0x00, 0x2B, 0x62, 0xFA, 0x08, 0x2A, 0x62, 0xFA, 0x00, 0x0C,
    0x62, 0xFA, 0x00, 0x2B, 0x62, 0xFA, 0x08, 0x2A, 0x62, 0xFA, 0x00, 0x0C, 0x62, 0xFA, 0x00, 0x0D,
    0x62, 0xFA, 0x00, 0x0D, 0x62, 0xFA, 0x00, 0x0D, 0x62, 0xFA, 0x08, 0x2A, 0x62, 0xFA, 0x00, 0x0C,
    0x62, 0xFA, 0x00, 0x0E, 0x62, 0xFA, 0x00, 0x0C, 0x62, 0xFA, 0x00, 0x0C, 0x62, 0xFA, 0x00, 0x0B,
    0x62, 0xFA, 0x08, 0x2A, 0x62, 0xFA, 0x00, 0x2B, 0x62, 0xFA, 0x00, 0x0B, 0x62, 0xFA, 0x00, 0x2B,
    0x62, 0xFA, 0x08, 0x2A, 0x62, 0xFA, 0x08, 0x2A, 0x62, 0xFA, 0x00, 0x0C, 0x62, 0xFA, 0x00, 0x2B,
    0x62, 0xFA, 0x08, 0x2A, 0x62, 0xFA, 0x08, 0x2A, 0x62, 0xFA, 0x00, 0x0C, 0x62, 0xFA, 0x00, 0x0C,
    0x62, 0xFA, 0x00, 0x0C, 0x62, 0xFA, 0x52, 0xAA, 0x00, 0x00, 0x00, 0x00, 0x00, 0x00, 0x00, 0x00,
    0x00, 0x00, 0x00, 0x00, 0x00, 0x00, 0x00, 0x00, 0x00, 0x00, 0x00, 0x00, 0x00, 0x00, 0x00, 0x00,
    0x00, 0x00, 0x00, 0x00, 0x00, 0x00, 0x00, 0x00, 0x00, 0x00, 0x00, 0x00, 0x00, 0x00, 0x00, 0x00,
    0x00, 0x00, 0x00, 0x00, 0x00, 0x00, 0x00, 0x00, 0x00, 0x00, 0x00, 0x00, 0x00, 0x00, 0x00, 0x00,
    0x00, 0x00, 0x00, 0x00, 0x00, 0x00, 0x00, 0x00, 0x00, 0x00, 0x00, 0x00, 0x00, 0x00, 0x00, 0x00,
    0x00, 0x00, 0x52, 0xAA, 0x62, 0xFA, 0x00, 0x0C, 0x62, 0xFA, 0x00, 0x0B, 0x62, 0xFA, 0x08, 0x2A,
    0x62, 0xFA, 0x00, 0x2B, 0x62, 0xFA, 0x00, 0x0B, 0x62, 0xFA, 0x00, 0x2B, 0x62, 0xFA, 0x08, 0x2A,
    0x62, 0xFA, 0x08, 0x2A, 0x62, 0xFA, 0x00, 0x0C, 0x62, 0xFA, 0x00, 0x2B, 0x62, 0xFA, 0x08, 0x2A,
    0x62, 0xFA, 0x08, 0x2A, 0x62, 0xFA, 0x00, 0x0C, 0x62, 0xFA, 0x00, 0x0C, 0x62, 0xFA, 0x00, 0x0C,
    0x62, 0xFA, 0x00, 0x0D, 0x62, 0xFA, 0x00, 0x0D, 0x62, 0xFA, 0x00, 0x0C, 0x62, 0xFA, 0x00, 0x0E,
    0x62, 0xFA, 0x00, 0x0C, 0x62, 0xFA, 0x00, 0x0D, 0x52, 0x96, 0x00, 0x0D, 0x00, 0x00, 0x00, 0x2B,
    0x08, 0x2A, 0x94, 0x9F, 0x08, 0x2A, 0x6B, 0x7D, 0x00, 0x2B, 0x63, 0x1A, 0x08, 0x2A, 0x63, 0x1A,
    0x08, 0x2A, 0x63, 0x1A, 0x08, 0x2A, 0x63, 0x1A, 0x00, 0x0D, 0x63, 0x1A, 0x00, 0x2B, 0x63, 0x1A,
    0x08, 0x2A, 0x63, 0x1A, 0x08, 0x2A, 0x63, 0x1A, 0x00, 0x2B, 0x63, 0x1A, 0x00, 0x2B, 0x63, 0x1A,
    0x00, 0x2B, 0x63, 0x1A, 0x00, 0x0C, 0x63, 0x1A, 0x00, 0x0D, 0x63, 0x1A, 0x00, 0x0C, 0x63, 0x1A,
    0x00, 0x0D, 0x63, 0x1A, 0x00, 0x0D, 0x63, 0x1A, 0x00, 0x0E, 0x63, 0x1A, 0x00, 0x0E, 0x63, 0x1A,
    0x08, 0x2A, 0x63, 0x1A, 0x08, 0x2A, 0x63, 0x1A, 0x00, 0x0C, 0x63, 0x1A, 0x00, 0x2B, 0x63, 0x1A,
    0x08, 0x2A, 0x52, 0xAA, 0x00, 0x00, 0x84, 0x10, 0x73, 0xAE, 0x84, 0x10, 0x8C, 0x71, 0x9C, 0xD3,
    0xA5, 0x34, 0xAD, 0x55, 0xB5, 0xB6, 0xB5, 0xB6, 0xBD, 0xF7, 0xBD, 0xD7, 0x00, 0x00, 0x84, 0x10,
    0x73, 0xAE, 0x84, 0x10, 0x8C, 0x71, 0x9C, 0xD3, 0xA5, 0x34, 0xAD, 0x55, 0xB5, 0xB6, 0xB5, 0xB6,
    0xBD, 0xF7, 0xBD, 0xD7, 0x00, 0x00, 0x84, 0x10, 0x73, 0xAE, 0x84, 0x10, 0x8C, 0x71, 0x9C, 0xD3,
    0xA5, 0x34, 0xAD, 0x55, 0xB5, 0xB6, 0xB5, 0xB6, 0xBD, 0xF7, 0xBD, 0xD7, 0x00, 0x00, 0x52, 0xAA,
    0x08, 0x2A, 0x63, 0x1A, 0x00, 0x2B, 0x63, 0x1A, 0x00, 0x2B, 0x63, 0x1A, 0x00, 0x2B, 0x63, 0x1A,
    0x00, 0x0C, 0x63, 0x1A, 0x00, 0x0D, 0x63, 0x1A, 0x00, 0x0C, 0x63, 0x1A, 0x00, 0x0D, 0x63, 0x1A,
    0x00, 0x0D, 0x63, 0x1A, 0x00, 0x0E, 0x63, 0x1A, 0x00, 0x0E, 0x63, 0x1A, 0x08, 0x2A, 0x63, 0x1A,
    0x08, 0x2A, 0x63, 0x1A, 0x00, 0x0C, 0x63, 0x1A, 0x00, 0x2B, 0x63, 0x1A, 0x08, 0x2A, 0x63, 0x1A,
    0x00, 0x2B, 0x63, 0x1A, 0x00, 0x0C, 0x63, 0x1A, 0x00, 0x0D, 0x63, 0x1A, 0x00, 0x0C, 0x63, 0x1A,
    0x08, 0x2A, 0x63, 0x1A, 0x00, 0x0D, 0x63, 0x1A, 0x00, 0x0C, 0x63, 0x1A, 0x00, 0x0C, 0x63, 0x1A,
    0x00, 0x2B, 0x63, 0x1A, 0x08, 0x2A, 0x63, 0x1A, 0x08, 0x2A, 0x63, 0x1A, 0x08, 0x2A, 0x63, 0x1A,
    0x00, 0x2B, 0x63, 0x1A, 0x08, 0x2A, 0x63, 0x1A, 0x08, 0x2A, 0x63, 0x1A, 0x08, 0x2A, 0x63, 0x1A,
    0x00, 0x0D, 0x63, 0x1A, 0x00, 0x2B, 0x63, 0x1A, 0x08, 0x2A, 0x63, 0x1A, 0x08, 0x2A, 0x63, 0x1A,
    0x00, 0x2B, 0x63, 0x1A, 0x00, 0x2B, 0x63, 0x1A, 0x00, 0x2B, 0x63, 0x1A, 0x00, 0x0C, 0x63, 0x1A,
    0x00, 0x0D, 0x63, 0x1A, 0x00, 0x0C, 0x63, 0x1A, 0x00, 0x0D, 0x63, 0x1A, 0x00, 0x0D, 0x63, 0x1A,
    0x00, 0x0E, 0x63, 0x1A, 0x00, 0x0E, 0x63, 0x1A, 0x08, 0x2A, 0x63, 0x1A, 0x08, 0x2A, 0x63, 0x1A,
    0x00, 0x0C, 0x63, 0x1A, 0x00, 0x2B, 0x63, 0x1A, 0x08, 0x2A, 0x63, 0x1A, 0x00, 0x2B, 0x63, 0x1A,
    0x00, 0x0C, 0x63, 0x1A, 0x00, 0x0D, 0x63, 0x1A, 0x00, 0x0C, 0x63, 0x1A, 0x08, 0x2A, 0x63, 0x1A,
    0x00, 0x0D, 0x63, 0x1A, 0x00, 0x0C, 0x63, 0x1A, 0x00, 0x0C, 0x63, 0x1A, 0x00, 0x2B, 0x63, 0x1A,
    0x08, 0x2A, 0x63, 0x1A, 0x08, 0x2A, 0x63, 0x1A, 0x08, 0x2A, 0x63, 0x1A, 0x00, 0x2B, 0x63, 0x1A,
    0x08, 0x2A, 0x63, 0x1A, 0x08, 0x2A, 0x63, 0x1A, 0x08, 0x2A, 0x63, 0x1A, 0x00, 0x0D, 0x63, 0x1A,
    0x00, 0x2B, 0x63, 0x1A, 0x08, 0x2A, 0x63, 0x1A, 0x08, 0x2A, 0x63, 0x1A, 0x00, 0x2B, 0x63, 0x1A,
    0x00, 0x2B, 0x63, 0x1A, 0x00, 0x2B, 0x52, 0xAA, 0x00, 0x00, 0x84, 0x10, 0x73, 0xAE, 0x84, 0x10,
    0x8C, 0x71, 0x9C, 0xD3, 0xA5, 0x34, 0xAD, 0x55, 0xB5, 0xB6, 0xB5, 0xB6, 0xBD, 0xF7, 0xBD, 0xD7,
    0x00, 0x00, 0x84, 0x10, 0x73, 0xAE, 0x84, 0x10, 0x8C, 0x71, 0x9C, 0xD3, 0xA5, 0x34, 0xAD, 0x55,
    0xB5, 0xB6, 0xB5, 0xB6, 0xBD, 0xF7, 0xBD, 0xD7, 0x00, 0x00, 0x84, 0x10, 0x73, 0xAE, 0x84, 0x10,
    0x8C, 0x71, 0x9C, 0xD3, 0xA5, 0x34, 0xAD, 0x55, 0xB5, 0xB6, 0xB5, 0xB6, 0xBD, 0xF7, 0xBD, 0xD7,
    0x00, 0x00, 0x52, 0xAA, 0x00, 0x0C, 0x63, 0x1A, 0x00, 0x2B, 0x63, 0x1A, 0x08, 0x2A, 0x63, 0x1A,
    0x08, 0x2A, 0x63, 0x1A, 0x08, 0x2A, 0x63, 0x1A, 0x00, 0x2B, 0x63, 0x1A, 0x08, 0x2A, 0x63, 0x1A,
    0x08, 0x2A, 0x63, 0x1A, 0x08, 0x2A, 0x63, 0x1A, 0x00, 0x0D, 0x63, 0x1A, 0x00, 0x2B, 0x63, 0x1A,
    0x08, 0x2A, 0x63, 0x1A, 0x08, 0x2A, 0x63, 0x1A, 0x00, 0x2B, 0x63, 0x1A, 0x00, 0x2B, 0x63, 0x1A,
    0x00, 0x2B, 0x63, 0x1A, 0x00, 0x0C, 0x63, 0x1A, 0x00, 0x0D, 0x63, 0x1A, 0x00, 0x0C, 0x63, 0x1A,
    0x00, 0x0D, 0x63, 0x1A, 0x00, 0x0D, 0x8C, 0x5F, 0x00, 0x0E, 0x00, 0x00, 0x00, 0x0E, 0x00, 0x00,
    0xD6, 0x9F, 0x08, 0x2A, 0x8C, 0x5F, 0x08, 0x2A, 0x00, 0x00, 0x00, 0x2B, 0x63, 0x1A, 0x08, 0x2A,
    0x63, 0x1A, 0x08, 0x2A, 0x63, 0x1A, 0x00, 0x0C, 0x63, 0x1A, 0x00, 0x0D, 0x63, 0x1A, 0x08, 0x2A,
    0x63, 0x1A, 0x00, 0x2A, 0x63, 0x1A, 0x08, 0x2A, 0x63, 0x1A, 0x08, 0x2A, 0x63, 0x1A, 0x08, 0x2A,
    0x63, 0x1A, 0x08, 0x2A, 0x63, 0x1A, 0x00, 0x0C, 0x63, 0x1A, 0x00, 0x0B, 0x63, 0x1A, 0x00, 0x0B,
    0x63, 0x1A, 0x08, 0x2A, 0x63, 0x1A, 0x00, 0x0D, 0x63, 0x1A, 0x00, 0x0E, 0x63, 0x1A, 0x00, 0x0E,
    0x63, 0x1A, 0x08, 0x2A, 0x63, 0x1A, 0x08, 0x2A, 0x63, 0x1A, 0x00, 0x0C, 0x63, 0x1A, 0x08, 0x2A,
    0x63, 0x1A, 0x52, 0xAA, 0x00, 0x00, 0x84, 0x10, 0x7B, 0xEF, 0x84, 0x30, 0x94, 0x92, 0x94, 0x92,
    0x84, 0x10, 0x84, 0x30, 0xA5, 0x14, 0xBD, 0xF7, 0xC6, 0x38, 0xBD, 0xF7, 0x00, 0x00, 0x84, 0x10,
    0x7B, 0xEF, 0x84, 0x30, 0x94, 0x92, 0x94, 0x92, 0x84, 0x10, 0x84, 0x30, 0xA5, 0x14, 0xBD, 0xF7,
    0xC6, 0x38, 0xBD, 0xF7, 0x00, 0x00, 0x84, 0x10, 0x7B, 0xEF, 0x84, 0x30, 0x94, 0x92, 0x94, 0x92,
    0x84, 0x10, 0x84, 0x30, 0xA5, 0x14, 0xBD, 0xF7, 0xC6, 0x38, 0xBD, 0xF7, 0x00, 0x00, 0x52, 0xAA,
    0x63, 0x1A, 0x08, 0x2A, 0x63, 0x1A, 0x08, 0x2A, 0x63, 0x1A, 0x08, 0x2A, 0x63, 0x1A, 0x08, 0x2A,
    0x63, 0x1A, 0x00, 0x0C, 0x63, 0x1A, 0x00, 0x0B, 0x63, 0x1A, 0x00, 0x0B, 0x63, 0x1A, 0x08, 0x2A,
    0x63, 0x1A, 0x00, 0x0D, 0x63, 0x1A, 0x00, 0x0E, 0x63, 0x1A, 0x00, 0x0E, 0x63, 0x1A, 0x08, 0x2A,
    0x63, 0x1A, 0x08, 0x2A, 0x63, 0x1A, 0x00, 0x0C, 0x63, 0x1A, 0x08, 0x2A, 0x63, 0x1A, 0x08, 0x2A,
    0x63, 0x1A, 0x08, 0x2A, 0x63, 0x1A, 0x00, 0x2B, 0x63, 0x1A, 0x00, 0x0C, 0x63, 0x1A, 0x00, 0x2B,
    0x63, 0x1A, 0x08, 0x2A, 0x63, 0x1A, 0x00, 0x2B, 0x63, 0x1A, 0x00, 0x2B, 0x63, 0x1A, 0x00, 0x0C,
    0x63, 0x1A, 0x00, 0x2A, 0x63, 0x1A, 0x00, 0x2B, 0x63, 0x1A, 0x08, 0x2A, 0x63, 0x1A, 0x08, 0x2A,
    0x63, 0x1A, 0x00, 0x2B, 0x63, 0x1A, 0x08, 0x2A, 0x63, 0x1A, 0x08, 0x2A, 0x63, 0x1A, 0x00, 0x0C,
    0x63, 0x1A, 0x00, 0x0D, 0x63, 0x1A, 0x08, 0x2A, 0x63, 0x1A, 0x00, 0x2A, 0x63, 0x1A, 0x08, 0x2A,
    0x63, 0x1A, 0x08, 0x2A, 0x63, 0x1A, 0x08, 0x2A, 0x63, 0x1A, 0x08, 0x2A, 0x63, 0x1A, 0x00, 0x0C,
    0x63, 0x1A, 0x00, 0x0B, 0x63, 0x1A, 0x00, 0x0B, 0x63, 0x1A, 0x08, 0x2A, 0x63, 0x1A, 0x00, 0x0D,
    0x63, 0x1A, 0x00, 0x0E, 0x63, 0x1A, 0x00, 0x0E, 0x63, 0x1A, 0x08, 0x2A, 0x63, 0x1A, 0x08, 0x2A,
    0x63, 0x1A, 0x00, 0x0C, 0x63, 0x1A, 0x08, 0x2A, 0x63, 0x1A, 0x08, 0x2A, 0x63, 0x1A, 0x08, 0x2A,
    0x63, 0x1A, 0x00, 0x2B, 0x63, 0x1A, 0x00, 0x0C, 0x63, 0x1A, 0x00, 0x2B, 0x63, 0x1A, 0x08, 0x2A,
    0x63, 0x1A, 0x00, 0x2B, 0x63, 0x1A, 0x00, 0x2B, 0x63, 0x1A, 0x00, 0x0C, 0x63, 0x1A, 0x00, 0x2A,
    0x63, 0x1A, 0x00, 0x2B, 0x63, 0x1A, 0x08, 0x2A, 0x63, 0x1A, 0x08, 0x2A, 0x63, 0x1A, 0x00, 0x2B,
    0x63, 0x1A, 0x08, 0x2A, 0x63, 0x1A, 0x08, 0x2A, 0x63, 0x1A, 0x00, 0x0C, 0x63, 0x1A, 0x00, 0x0D,
    0x63, 0x1A, 0x08, 0x2A, 0x63, 0x1A, 0x00, 0x2A, 0x63, 0x1A, 0x08, 0x2A, 0x63, 0x1A, 0x08, 0x2A,
    0x63, 0x1A, 0x08, 0x2A, 0x63, 0x1A, 0x52, 0xAA, 0x00, 0x00, 0x84, 0x10, 0x7B, 0xEF, 0x84, 0x30,
    0x94, 0x92, 0x94, 0x92, 0x84, 0x10, 0x84, 0x30, 0xA5, 0x14, 0xBD, 0xF7, 0xC6, 0x38, 0xBD, 0xF7,
    0x00, 0x00, 0x84, 0x10, 0x7B, 0xEF, 0x84, 0x30, 0x94, 0x92, 0x94, 0x92, 0x84, 0x10, 0x84, 0x30,
    0xA5, 0x14, 0xBD, 0xF7, 0xC6, 0x38, 0xBD, 0xF7, 0x00, 0x00, 0x84, 0x10, 0x7B, 0xEF, 0x84, 0x30,
    0x94, 0x92, 0x94, 0x92, 0x84, 0x10, 0x84, 0x30, 0xA5, 0x14, 0xBD, 0xF7, 0xC6, 0x38, 0xBD, 0xF7,
    0x00, 0x00, 0x52, 0xAA, 0x63, 0x1A, 0x00, 0x0C, 0x63, 0x1A, 0x00, 0x2A, 0x63, 0x1A, 0x00, 0x2B,
    0x63, 0x1A, 0x08, 0x2A, 0x63, 0x1A, 0x08, 0x2A, 0x63, 0x1A, 0x00, 0x2B, 0x63, 0x1A, 0x08, 0x2A,
    0x63, 0x1A, 0x08, 0x2A, 0x63, 0x1A, 0x00, 0x0C, 0x63, 0x1A, 0x00, 0x0D, 0x63, 0x1A, 0x08, 0x2A,
    0x63, 0x1A, 0x00, 0x2A, 0x63, 0x1A, 0x08, 0x2A, 0x63, 0x1A, 0x08, 0x2A, 0x63, 0x1A, 0x08, 0x2A,
    0x63, 0x1A, 0x08, 0x2A, 0x63, 0x1A, 0x00, 0x0C, 0x63, 0x1A, 0x00, 0x0B, 0x63, 0x1A, 0x00, 0x0B,
    0x63, 0x1A, 0x08, 0x2A, 0x63, 0x1A, 0x00, 0x0D, 0x52, 0x96, 0x00, 0x0E, 0x00, 0x00, 0x00, 0x0E,
    0x00, 0x0C, 0x94, 0xBF, 0x08, 0x2A, 0x73, 0x9E, 0x00, 0x0C, 0x63, 0x1A, 0x00, 0x0C, 0x63, 0x1A,
    0x00, 0x2B, 0x63, 0x1A, 0x08, 0x2A, 0x63, 0x1A, 0x00, 0x0D, 0x63, 0x1A, 0x00, 0x2B, 0x63, 0x1A,
    0x08, 0x2A, 0x63, 0x1A, 0x00, 0x0D, 0x63, 0x1A, 0x00, 0x2B, 0x63, 0x1A, 0x08, 0x2A, 0x63, 0x1A,
    0x08, 0x2A, 0x63, 0x1A, 0x08, 0x2A, 0x63, 0x1A, 0x00, 0x2B, 0x63, 0x1A, 0x00, 0x0B, 0x63, 0x1A,
    0x08, 0x2A, 0x63, 0x1A, 0x08, 0x2A, 0x63, 0x1A, 0x00, 0x2B, 0x63, 0x1A, 0x00, 0x0D, 0x63, 0x1A,
    0x00, 0x0E, 0x63, 0x1A, 0x08, 0x2A, 0x63, 0x1A, 0x00, 0x2B, 0x63, 0x1A, 0x00, 0x0D, 0x63, 0x1A,
    0x08, 0x2A, 0x52, 0xAA, 0x00, 0x00, 0x73, 0xAE, 0x73, 0x8E, 0x7B, 0xCF, 0x7B, 0xEF, 0x63, 0x2C,
    0x4A, 0x49, 0x39, 0xE7, 0x4A, 0x69, 0x8C, 0x51, 0xBD, 0xF7, 0xB5, 0xB6, 0x00, 0x00, 0x73, 0xAE,
    0x73, 0x8E, 0x7B, 0xCF, 0x7B, 0xEF, 0x63, 0x2C, 0x4A, 0x49, 0x39, 0xE7, 0x4A, 0x69, 0x8C, 0x51,
    0xBD, 0xF7, 0xB5, 0xB6, 0x00, 0x00, 0x73, 0xAE, 0x73, 0x8E, 0x7B, 0xCF, 0x7B, 0xEF, 0x63, 0x2C,
    0x4A, 0x49, 0x39, 0xE7, 0x4A, 0x69, 0x8C, 0x51, 0xBD, 0xF7, 0xB5, 0xB6, 0x00, 0x00, 0x52, 0xAA,
    0x00, 0x0D, 0x63, 0x1A, 0x00, 0x2B, 0x63, 0x1A, 0x08, 0x2A, 0x63, 0x1A, 0x08, 0x2A, 0x63, 0x1A,
    0x08, 0x2A, 0x63, 0x1A, 0x00, 0x2B, 0x63, 0x1A, 0x00, 0x0B, 0x63, 0x1A, 0x08, 0x2A, 0x63, 0x1A,
    0x08, 0x2A, 0x63, 0x1A, 0x00, 0x2B, 0x63, 0x1A, 0x00, 0x0D, 0x63, 0x1A, 0x00, 0x0E, 0x63, 0x1A,
    0x08, 0x2A, 0x63, 0x1A, 0x00, 0x2B, 0x63, 0x1A, 0x00, 0x0D, 0x63, 0x1A, 0x08, 0x2A, 0x63, 0x1A,
    0x08, 0x2A, 0x63, 0x1A, 0x08, 0x2A, 0x63, 0x1A, 0x08, 0x2A, 0x63, 0x1A, 0x08, 0x2A, 0x63, 0x1A,
    0x08, 0x2A, 0x63, 0x1A, 0x08, 0x2A, 0x63, 0x1A, 0x08, 0x2A, 0x63, 0x1A, 0x00, 0x0C, 0x63, 0x1A,
    0x00, 0x2B, 0x63, 0x1A, 0x00, 0x0C, 0x63, 0x1A, 0x00, 0x0C, 0x63, 0x1A, 0x08, 0x2A, 0x63, 0x1A,
    0x00, 0x0C, 0x63, 0x1A, 0x00, 0x0C, 0x63, 0x1A, 0x00, 0x2B, 0x63, 0x1A, 0x08, 0x2A, 0x63, 0x1A,
    0x00, 0x0D, 0x63, 0x1A, 0x00, 0x2B, 0x63, 0x1A, 0x08, 0x2A, 0x63, 0x1A, 0x00, 0x0D, 0x63, 0x1A,
    0x00, 0x2B, 0x63, 0x1A, 0x08, 0x2A, 0x63, 0x1A, 0x08, 0x2A, 0x63, 0x1A, 0x08, 0x2A, 0x63, 0x1A,
    0x00, 0x2B, 0x63, 0x1A, 0x00, 0x0B, 0x63, 0x1A, 0x08, 0x2A, 0x63, 0x1A, 0x08, 0x2A, 0x63, 0x1A,
    0x00, 0x2B, 0x63, 0x1A, 0x00, 0x0D, 0x63, 0x1A, 0x00, 0x0E, 0x63, 0x1A, 0x08, 0x2A, 0x63, 0x1A,
    0x00, 0x2B, 0x63, 0x1A, 0x00, 0x0D, 0x63, 0x1A, 0x08, 0x2A, 0x63, 0x1A, 0x08, 0x2A, 0x63, 0x1A,
    0x08, 0x2A, 0x63, 0x1A, 0x08, 0x2A, 0x63, 0x1A, 0x08, 0x2A, 0x63, 0x1A, 0x08, 0x2A, 0x63, 0x1A,
    0x08, 0x2A, 0x63, 0x1A, 0x08, 0x2A, 0x63, 0x1A, 0x00, 0x0C, 0x63, 0x1A, 0x00, 0x2B, 0x63, 0x1A,
    0x00, 0x0C, 0x63, 0x1A, 0x00, 0x0C, 0x63, 0x1A, 0x08, 0x2A, 0x63, 0x1A, 0x00, 0x0C, 0x63, 0x1A,
    0x00, 0x0C, 0x63, 0x1A, 0x00, 0x2B, 0x63, 0x1A, 0x08, 0x2A, 0x63, 0x1A, 0x00, 0x0D, 0x63, 0x1A,
    0x00, 0x2B, 0x63, 0x1A, 0x08, 0x2A, 0x63, 0x1A, 0x00, 0x0D, 0x63, 0x1A, 0x00, 0x2B, 0x63, 0x1A,
    0x08, 0x2A, 0x63, 0x1A, 0x08, 0x2A, 0x52, 0xAA, 0x00, 0x00, 0x73, 0xAE, 0x73, 0x8E, 0x7B, 0xCF,
    0x7B, 0xEF, 0x63, 0x2C, 0x4A, 0x49, 0x39, 0xE7, 0x4A, 0x69, 0x8C, 0x51, 0xBD, 0xF7, 0xB5, 0xB6,
    0x00, 0x00, 0x73, 0xAE, 0x73, 0x8E, 0x7B, 0xCF, 0x7B, 0xEF, 0x63, 0x2C, 0x4A, 0x49, 0x39, 0xE7,
    0x4A, 0x69, 0x8C, 0x51, 0xBD, 0xF7, 0xB5, 0xB6, 0x00, 0x00, 0x73, 0xAE, 0x73, 0x8E, 0x7B, 0xCF,
    0x7B, 0xEF, 0x63, 0x2C, 0x4A, 0x49, 0x39, 0xE7, 0x4A, 0x69, 0x8C, 0x51, 0xBD, 0xF7, 0xB5, 0xB6,
    0x00, 0x00, 0x52, 0xAA, 0x00, 0x0C, 0x63, 0x1A, 0x00, 0x2B, 0x63, 0x1A, 0x00, 0x0C, 0x63, 0x1A,
    0x00, 0x0C, 0x63, 0x1A, 0x08, 0x2A, 0x63, 0x1A, 0x00, 0x0C, 0x63, 0x1A, 0x00, 0x0C, 0x63, 0x1A,
    0x00, 0x2B, 0x63, 0x1A, 0x08, 0x2A, 0x63, 0x1A, 0x00, 0x0D, 0x63, 0x1A, 0x00, 0x2B, 0x63, 0x1A,
    0x08, 0x2A, 0x63, 0x1A, 0x00, 0x0D, 0x63, 0x1A, 0x00, 0x2B, 0x63, 0x1A, 0x08, 0x2A, 0x63, 0x1A,
    0x08, 0x2A, 0x63, 0x1A, 0x08, 0x2A, 0x63, 0x1A, 0x00, 0x2B, 0x63, 0x1A, 0x00, 0x0B, 0x63, 0x1A,
    0x08, 0x2A, 0x63, 0x1A, 0x08, 0x2A, 0x8C, 0x7F, 0x00, 0x2B, 0x00, 0x00, 0x00, 0x0D, 0x00, 0x00,
    0xDE, 0xBF, 0x00, 0x0B, 0x8C, 0x5F, 0x00, 0x2B, 0x00, 0x00, 0x00, 0x0D, 0x63, 0x3A, 0x00, 0x0D,
    0x63, 0x3A, 0x00, 0x2B, 0x63, 0x3A, 0x00, 0x0C, 0x63, 0x3A, 0x00, 0x0C, 0x63, 0x3A, 0x08, 0x2A,
    0x63, 0x3A, 0x00, 0x0D, 0x63, 0x3A, 0x00, 0x0E, 0x63, 0x3A, 0x00, 0x0C, 0x63, 0x3A, 0x08, 0x2A,
    0x63, 0x3A, 0x08, 0x2A, 0x63, 0x3A, 0x08, 0x2A, 0x63, 0x3A, 0x00, 0x2B, 0x63, 0x3A, 0x00, 0x0C,
    0x63, 0x3A, 0x08, 0x2A, 0x63, 0x3A, 0x08, 0x2A, 0x63, 0x3A, 0x08, 0x2A, 0x63, 0x3A, 0x00, 0x0E,
    0x63, 0x3A, 0x00, 0x0D, 0x63, 0x3A, 0x08, 0x2A, 0x63, 0x3A, 0x00, 0x0D, 0x63, 0x3A, 0x00, 0x0E,
    0x63, 0x3A, 0x52, 0xAA, 0x00, 0x00, 0x6B, 0x6D, 0x63, 0x2C, 0x84, 0x10, 0x8C, 0x51, 0x73, 0x8E,
    0x4A, 0x49, 0x29, 0x65, 0x29, 0x45, 0x4A, 0x69, 0xA5, 0x14, 0xB5, 0xB6, 0x00, 0x00, 0x6B, 0x6D,
    0x63, 0x2C, 0x84, 0x10, 0x8C, 0x51, 0x73, 0x8E, 0x4A, 0x49, 0x29, 0x65, 0x29, 0x45, 0x4A, 0x69,
    0xA5, 0x14, 0xB5, 0xB6, 0x00, 0x00, 0x6B, 0x6D, 0x63, 0x2C, 0x84, 0x10, 0x8C, 0x51, 0x73, 0x8E,
    0x4A, 0x49, 0x29, 0x65, 0x29, 0x45, 0x4A, 0x69, 0xA5, 0x14, 0xB5, 0xB6, 0x00, 0x00, 0x52, 0xAA,
    0x63, 0x3A, 0x00, 0x0E, 0x63, 0x3A, 0x00, 0x0C, 0x63, 0x3A, 0x08, 0x2A, 0x63, 0x3A, 0x08, 0x2A,
    0x63, 0x3A, 0x08, 0x2A, 0x63, 0x3A, 0x00, 0x2B, 0x63, 0x3A, 0x00, 0x0C, 0x63, 0x3A, 0x08, 0x2A,
    0x63, 0x3A, 0x08, 0x2A, 0x63, 0x3A, 0x08, 0x2A, 0x63, 0x3A, 0x00, 0x0E, 0x63, 0x3A, 0x00, 0x0D,
    0x63, 0x3A, 0x08, 0x2A, 0x63, 0x3A, 0x00, 0x0D, 0x63, 0x3A, 0x00, 0x0E, 0x63, 0x3A, 0x08, 0x2A,
    0x63, 0x3A, 0x00, 0x2B, 0x63, 0x3A, 0x00, 0x0C, 0x63, 0x3A, 0x08, 0x2A, 0x63, 0x3A, 0x08, 0x2A,
    0x63, 0x3A, 0x08, 0x2A, 0x63, 0x3A, 0x08, 0x2A, 0x63, 0x3A, 0x08, 0x2A, 0x63, 0x3A, 0x00, 0x0B,
    0x63, 0x3A, 0x00, 0x2B, 0x63, 0x3A, 0x00, 0x0D, 0x63, 0x3A, 0x00, 0x0B, 0x63, 0x3A, 0x00, 0x2B,
    0x63, 0x3A, 0x00, 0x0D, 0x63, 0x3A, 0x00, 0x0D, 0x63, 0x3A, 0x00, 0x2B, 0x63, 0x3A, 0x00, 0x0C,
    0x63, 0x3A, 0x00, 0x0C, 0x63, 0x3A, 0x08, 0x2A, 0x63, 0x3A, 0x00, 0x0D, 0x63, 0x3A, 0x00, 0x0E,
    0x63, 0x3A, 0x00, 0x0C, 0x63, 0x3A, 0x08, 0x2A, 0x63, 0x3A, 0x08, 0x2A, 0x63, 0x3A, 0x08, 0x2A,
    0x63, 0x3A, 0x00, 0x2B, 0x63, 0x3A, 0x00, 0x0C, 0x63, 0x3A, 0x08, 0x2A, 0x63, 0x3A, 0x08, 0x2A,
    0x63, 0x3A, 0x08, 0x2A, 0x63, 0x3A, 0x00, 0x0E, 0x63, 0x3A, 0x00, 0x0D, 0x63, 0x3A, 0x08, 0x2A,
    0x63, 0x3A, 0x00, 0x0D, 0x63, 0x3A, 0x00, 0x0E, 0x63, 0x3A, 0x08, 0x2A, 0x63, 0x3A, 0x00, 0x2B,
    0x63, 0x3A, 0x00, 0x0C, 0x63, 0x3A, 0x08, 0x2A, 0x63, 0x3A, 0x08, 0x2A, 0x63, 0x3A, 0x08, 0x2A,
    0x63, 0x3A, 0x08, 0x2A, 0x63, 0x3A, 0x08, 0x2A, 0x63, 0x3A, 0x00, 0x0B, 0x63, 0x3A, 0x00, 0x2B,
    0x63, 0x3A, 0x00, 0x0D, 0x63, 0x3A, 0x00, 0x0B, 0x63, 0x3A, 0x00, 0x2B, 0x63, 0x3A, 0x00, 0x0D,
    0x63, 0x3A, 0x00, 0x0D, 0x63, 0x3A, 0x00, 0x2B, 0x63, 0x3A, 0x00, 0x0C, 0x63, 0x3A, 0x00, 0x0C,
    0x63, 0x3A, 0x08, 0x2A, 0x63, 0x3A, 0x00, 0x0D, 0x63, 0x3A, 0x00, 0x0E, 0x63, 0x3A, 0x00, 0x0C,
    0x63, 0x3A, 0x08, 0x2A, 0x63, 0x3A, 0x52, 0xAA, 0x00, 0x00, 0x6B, 0x6D, 0x63, 0x2C, 0x84, 0x10,
    0x8C, 0x51, 0x73, 0x8E, 0x4A, 0x49, 0x29, 0x65, 0x29, 0x45, 0x4A, 0x69, 0xA5, 0x14, 0xB5, 0xB6,
    0x00, 0x00, 0x6B, 0x6D, 0x63, 0x2C, 0x84, 0x10, 0x8C, 0x51, 0x73, 0x8E, 0x4A, 0x49, 0x29, 0x65,
    0x29, 0x45, 0x4A, 0x69, 0xA5, 0x14, 0xB5, 0xB6, 0x00, 0x00, 0x6B, 0x6D, 0x63, 0x2C, 0x84, 0x10,
    0x8C, 0x51, 0x73, 0x8E, 0x4A, 0x49, 0x29, 0x65, 0x29, 0x45, 0x4A, 0x69, 0xA5, 0x14, 0xB5, 0xB6,
    0x00, 0x00, 0x52, 0xAA, 0x63, 0x3A, 0x00, 0x0B, 0x63, 0x3A, 0x00, 0x2B, 0x63, 0x3A, 0x00, 0x0D,
    0x63, 0x3A, 0x00, 0x0B, 0x63, 0x3A, 0x00, 0x2B, 0x63, 0x3A, 0x00, 0x0D, 0x63, 0x3A, 0x00, 0x0D,
    0x63, 0x3A, 0x00, 0x2B, 0x63, 0x3A, 0x00, 0x0C, 0x63, 0x3A, 0x00, 0x0C, 0x63, 0x3A, 0x08, 0x2A,
    0x63, 0x3A, 0x00, 0x0D, 0x63, 0x3A, 0x00, 0x0E, 0x63, 0x3A, 0x00, 0x0C, 0x63, 0x3A, 0x08, 0x2A,
    0x63, 0x3A, 0x08, 0x2A, 0x63, 0x3A, 0x08, 0x2A, 0x63, 0x3A, 0x00, 0x2B, 0x63, 0x3A, 0x00, 0x0C,
    0x63, 0x3A, 0x08, 0x2A, 0x63, 0x3A, 0x08, 0x2A, 0x52, 0xB6, 0x08, 0x2A, 0x00, 0x00, 0x00, 0x0E,
    0x00, 0x0D, 0x9C, 0xBF, 0x00, 0x0B, 0x73, 0x9E, 0x00, 0x2B, 0x63, 0x3B, 0x00, 0x0D, 0x63, 0x3B,
    0x00, 0x0D, 0x63, 0x3B, 0x00, 0x2B, 0x63, 0x3B, 0x00, 0x0D, 0x63, 0x3B, 0x00, 0x0B, 0x63, 0x3B,
    0x00, 0x2B, 0x63, 0x3B, 0x00, 0x0E, 0x63, 0x3B, 0x00, 0x0F, 0x63, 0x3B, 0x00, 0x0D, 0x63, 0x3B,
    0x00, 0x2B, 0x63, 0x3B, 0x08, 0x2A, 0x63, 0x3B, 0x08, 0x2A, 0x63, 0x3B, 0x00, 0x0D, 0x63, 0x3B,
    0x00, 0x2B, 0x63, 0x3B, 0x08, 0x2A, 0x63, 0x3B, 0x08, 0x2A, 0x63, 0x3B, 0x00, 0x2B, 0x63, 0x3B,
    0x00, 0x0D, 0x63, 0x3B, 0x00, 0x0C, 0x63, 0x3B, 0x00, 0x2B, 0x63, 0x3B, 0x00, 0x10, 0x63, 0x3B,
    0x00, 0x0E, 0x52, 0xAA, 0x00, 0x00, 0x63, 0x0C, 0x5A, 0xCB, 0x9C, 0xF3, 0xAD, 0x55, 0x9C, 0xD3,
    0x5A, 0xCB, 0x18, 0xC3, 0x29, 0x65, 0x39, 0xE7, 0x84, 0x30, 0xAD, 0x55, 0x00, 0x00, 0x63, 0x0C,
    0x5A, 0xCB, 0x9C, 0xF3, 0xAD, 0x55, 0x9C, 0xD3, 0x5A, 0xCB, 0x18, 0xC3, 0x29, 0x65, 0x39, 0xE7,
    0x84, 0x30, 0xAD, 0x55, 0x00, 0x00, 0x63, 0x0C, 0x5A, 0xCB, 0x9C, 0xF3, 0xAD, 0x55, 0x9C, 0xD3,
    0x5A, 0xCB, 0x18, 0xC3, 0x29, 0x65, 0x39, 0xE7, 0x84, 0x30, 0xAD, 0x55, 0x00, 0x00, 0x52, 0xAA,
    0x00, 0x0E, 0x63, 0x3B, 0x00, 0x0F, 0x63, 0x3B, 0x00, 0x0D, 0x63, 0x3B, 0x00, 0x2B, 0x63, 0x3B,
    0x08, 0x2A, 0x63, 0x3B, 0x08, 0x2A, 0x63, 0x3B, 0x00, 0x0D, 0x63, 0x3B, 0x00, 0x2B, 0x63, 0x3B,
    0x08, 0x2A, 0x63, 0x3B, 0x08, 0x2A, 0x63, 0x3B, 0x00, 0x2B, 0x63, 0x3B, 0x00, 0x0D, 0x63, 0x3B,
    0x00, 0x0C, 0x63, 0x3B, 0x00, 0x2B, 0x63, 0x3B, 0x00, 0x10, 0x63, 0x3B, 0x00, 0x0E, 0x63, 0x3B,
    0x08, 0x2A, 0x63, 0x3B, 0x00, 0x0E, 0x63, 0x3B, 0x00, 0x0B, 0x63, 0x3B, 0x08, 0x2A, 0x63, 0x3B,
    0x00, 0x0C, 0x63, 0x3B, 0x08, 0x2A, 0x63, 0x3B, 0x00, 0x2B, 0x63, 0x3B, 0x00, 0x2B, 0x63, 0x3B,
    0x08, 0x2A, 0x63, 0x3B, 0x00, 0x0C, 0x63, 0x3B, 0x00, 0x0D, 0x63, 0x3B, 0x00, 0x0B, 0x63, 0x3B,
    0x00, 0x2B, 0x63, 0x3B, 0x00, 0x0D, 0x63, 0x3B, 0x00, 0x0D, 0x63, 0x3B, 0x00, 0x2B, 0x63, 0x3B,
    0x00, 0x0D, 0x63, 0x3B, 0x00, 0x0B, 0x63, 0x3B, 0x00, 0x2B, 0x63, 0x3B, 0x00, 0x0E, 0x63, 0x3B,
    0x00, 0x0F, 0x63, 0x3B, 0x00, 0x0D, 0x63, 0x3B, 0x00, 0x2B, 0x63, 0x3B, 0x08, 0x2A, 0x63, 0x3B,
    0x08, 0x2A, 0x63, 0x3B, 0x00, 0x0D, 0x63, 0x3B, 0x00, 0x2B, 0x63, 0x3B, 0x08, 0x2A, 0x63, 0x3B,
    0x08, 0x2A, 0x63, 0x3B, 0x00, 0x2B, 0x63, 0x3B, 0x00, 0x0D, 0x63, 0x3B, 0x00, 0x0C, 0x63, 0x3B,
    0x00, 0x2B, 0x63, 0x3B, 0x00, 0x10, 0x63, 0x3B, 0x00, 0x0E, 0x63, 0x3B, 0x08, 0x2A, 0x63, 0x3B,
    0x00, 0x0E, 0x63, 0x3B, 0x00, 0x0B, 0x63, 0x3B, 0x08, 0x2A, 0x63, 0x3B, 0x00, 0x0C, 0x63, 0x3B,
    0x08, 0x2A, 0x63, 0x3B, 0x00, 0x2B, 0x63, 0x3B, 0x00, 0x2B, 0x63, 0x3B, 0x08, 0x2A, 0x63, 0x3B,
    0x00, 0x0C, 0x63, 0x3B, 0x00, 0x0D, 0x63, 0x3B, 0x00, 0x0B, 0x63, 0x3B, 0x00, 0x2B, 0x63, 0x3B,
    0x00, 0x0D, 0x63, 0x3B, 0x00, 0x0D, 0x63, 0x3B, 0x00, 0x2B, 0x63, 0x3B, 0x00, 0x0D, 0x63, 0x3B,
    0x00, 0x0B, 0x63, 0x3B, 0x00, 0x2B, 0x63, 0x3B, 0x00, 0x0E, 0x63, 0x3B, 0x00, 0x0F, 0x63, 0x3B,
    0x00, 0x0D, 0x63, 0x3B, 0x00, 0x2B, 0x52, 0xAA, 0x00, 0x00, 0x63, 0x0C, 0x5A, 0xCB, 0x9C, 0xF3,
    0xAD, 0x55, 0x9C, 0xD3, 0x5A, 0xCB, 0x18, 0xC3, 0x29, 0x65, 0x39, 0xE7, 0x84, 0x30, 0xAD, 0x55,
    0x00, 0x00, 0x63, 0x0C, 0x5A, 0xCB, 0x9C, 0xF3, 0xAD, 0x55, 0x9C, 0xD3, 0x5A, 0xCB, 0x18, 0xC3,
    0x29, 0x65, 0x39, 0xE7, 0x84, 0x30, 0xAD, 0x55, 0x00, 0x00, 0x63, 0x0C, 0x5A, 0xCB, 0x9C, 0xF3,
    0xAD, 0x55, 0x9C, 0xD3, 0x5A, 0xCB, 0x18, 0xC3, 0x29, 0x65, 0x39, 0xE7, 0x84, 0x30, 0xAD, 0x55,
    0x00, 0x00, 0x52, 0xAA, 0x00, 0x2B, 0x63, 0x3B, 0x08, 0x2A, 0x63, 0x3B, 0x00, 0x0C, 0x63, 0x3B,
    0x00, 0x0D, 0x63, 0x3B, 0x00, 0x0B, 0x63, 0x3B, 0x00, 0x2B, 0x63, 0x3B, 0x00, 0x0D, 0x63, 0x3B,
    0x00, 0x0D, 0x63, 0x3B, 0x00, 0x2B, 0x63, 0x3B, 0x00, 0x0D, 0x63, 0x3B, 0x00, 0x0B, 0x63, 0x3B,
    0x00, 0x2B, 0x63, 0x3B, 0x00, 0x0E, 0x63, 0x3B, 0x00, 0x0F, 0x63, 0x3B, 0x00, 0x0D, 0x63, 0x3B,
    0x00, 0x2B, 0x63, 0x3B, 0x08, 0x2A, 0x63, 0x3B, 0x08, 0x2A, 0x63, 0x3B, 0x00, 0x0D, 0x63, 0x3B,
    0x00, 0x2B, 0x63, 0x3B, 0x08, 0x2A, 0x94, 0x9F, 0x08, 0x2A, 0x00, 0x00, 0x00, 0x2B, 0x00, 0x00,
    0xDE, 0xDF, 0x00, 0x0C, 0x94, 0x7F, 0x00, 0x0B, 0x00, 0x00, 0x00, 0x2B, 0x63, 0x3B, 0x00, 0x0D,
    0x63, 0x3B, 0x00, 0x2B, 0x63, 0x3B, 0x00, 0x2B, 0x63, 0x3B, 0x00, 0x0C, 0x63, 0x3B, 0x00, 0x2B,
    0x63, 0x3B, 0x00, 0x0C, 0x63, 0x3B, 0x00, 0x0F, 0x63, 0x3B, 0x00, 0x0F, 0x63, 0x3B, 0x00, 0x0D,
    0x63, 0x3B, 0x08, 0x2A, 0x63, 0x3B, 0x08, 0x2A, 0x63, 0x3B, 0x00, 0x2A, 0x63, 0x3B, 0x00, 0x0D,
    0x63, 0x3B, 0x00, 0x2B, 0x63, 0x3B, 0x08, 0x2A, 0x63, 0x3B, 0x08, 0x2A, 0x63, 0x3B, 0x00, 0x0C,
    0x63, 0x3B, 0x00, 0x0D, 0x63, 0x3B, 0x00, 0x2B, 0x63, 0x3B, 0x00, 0x0D, 0x63, 0x3B, 0x00, 0x10,
    0x63, 0x3B, 0x52, 0xAA, 0x00, 0x00, 0x5A, 0xEB, 0x5A, 0xCB, 0xAD, 0x55, 0xBD, 0xF7, 0xCE, 0x79,
    0xB5, 0x96, 0x5A, 0xCB, 0x4A, 0x49, 0x4A, 0x49, 0x84, 0x10, 0xA5, 0x34, 0x00, 0x00, 0x5A, 0xEB,
    0x5A, 0xCB, 0xAD, 0x55, 0xBD, 0xF7, 0xCE, 0x79, 0xB5, 0x96, 0x5A, 0xCB, 0x4A, 0x49, 0x4A, 0x49,
    0x84, 0x10, 0xA5, 0x34, 0x00, 0x00, 0x5A, 0xEB, 0x5A, 0xCB, 0xAD, 0x55, 0xBD, 0xF7, 0xCE, 0x79,
    0xB5, 0x96, 0x5A, 0xCB, 0x4A, 0x49, 0x4A, 0x49, 0x84, 0x10, 0xA5, 0x34, 0x00, 0x00, 0x52, 0xAA,
    0x63, 0x3B, 0x00, 0x0F, 0x63, 0x3B, 0x00, 0x0F, 0x63, 0x3B, 0x00, 0x0D, 0x63, 0x3B, 0x08, 0x2A,
    0x63, 0x3B, 0x08, 0x2A, 0x63, 0x3B, 0x00, 0x2A, 0x63, 0x3B, 0x00, 0x0D, 0x63, 0x3B, 0x00, 0x2B,
    0x63, 0x3B, 0x08, 0x2A, 0x63, 0x3B, 0x08, 0x2A, 0x63, 0x3B, 0x00, 0x0C, 0x63, 0x3B, 0x00, 0x0D,
    0x63, 0x3B, 0x00, 0x2B, 0x63, 0x3B, 0x00, 0x0D, 0x63, 0x3B, 0x00, 0x10, 0x63, 0x3B, 0x00, 0x0C,
    0x63, 0x3B, 0x00, 0x0B, 0x63, 0x3B, 0x00, 0x0E, 0x63, 0x3B, 0x00, 0x2B, 0x63, 0x3B, 0x00, 0x0D,
    0x63, 0x3B, 0x00, 0x0E, 0x63, 0x3B, 0x00, 0x2B, 0x63, 0x3B, 0x00, 0x0C, 0x63, 0x3B, 0x00, 0x2B,
    0x63, 0x3B, 0x08, 0x2A, 0x63, 0x3B, 0x00, 0x0C, 0x63, 0x3B, 0x00, 0x0C, 0x63, 0x3B, 0x00, 0x0B,
    0x63, 0x3B, 0x00, 0x2B, 0x63, 0x3B, 0x00, 0x0D, 0x63, 0x3B, 0x00, 0x2B, 0x63, 0x3B, 0x00, 0x2B,
    0x63, 0x3B, 0x00, 0x0C, 0x63, 0x3B, 0x00, 0x2B, 0x63, 0x3B, 0x00, 0x0C, 0x63, 0x3B, 0x00, 0x0F,
    0x63, 0x3B, 0x00, 0x0F, 0x63, 0x3B, 0x00, 0x0D, 0x63, 0x3B, 0x08, 0x2A, 0x63, 0x3B, 0x08, 0x2A,
    0x63, 0x3B, 0x00, 0x2A, 0x63, 0x3B, 0x00, 0x0D, 0x63, 0x3B, 0x00, 0x2B, 0x63, 0x3B, 0x08, 0x2A,
    0x63, 0x3B, 0x08, 0x2A, 0x63, 0x3B, 0x00, 0x0C, 0x63, 0x3B, 0x00, 0x0D, 0x63, 0x3B, 0x00, 0x2B,
    0x63, 0x3B, 0x00, 0x0D, 0x63, 0x3B, 0x00, 0x10, 0x63, 0x3B, 0x00, 0x0C, 0x63, 0x3B, 0x00, 0x0B,
    0x63, 0x3B, 0x00, 0x0E, 0x63, 0x3B, 0x00, 0x2B, 0x63, 0x3B, 0x00, 0x0D, 0x63, 0x3B, 0x00, 0x0E,
    0x63, 0x3B, 0x00, 0x2B, 0x63, 0x3B, 0x00, 0x0C, 0x63, 0x3B, 0x00, 0x2B, 0x63, 0x3B, 0x08, 0x2A,
    0x63, 0x3B, 0x00, 0x0C, 0x63, 0x3B, 0x00, 0x0C, 0x63, 0x3B, 0x00, 0x0B, 0x63, 0x3B, 0x00, 0x2B,
    0x63, 0x3B, 0x00, 0x0D, 0x63, 0x3B, 0x00, 0x2B, 0x63, 0x3B, 0x00, 0x2B, 0x63, 0x3B, 0x00, 0x0C,
    0x63, 0x3B, 0x00, 0x2B, 0x63, 0x3B, 0x00, 0x0C, 0x63, 0x3B, 0x00, 0x0F, 0x63, 0x3B, 0x00, 0x0F,
    0x63, 0x3B, 0x00, 0x0D, 0x63, 0x3B, 0x52, 0xAA, 0x00, 0x00, 0x5A, 0xEB, 0x5A, 0xCB, 0xAD, 0x55,
    0xBD, 0xF7, 0xCE, 0x79, 0xB5, 0x96, 0x5A, 0xCB, 0x4A, 0x49, 0x4A, 0x49, 0x84, 0x10, 0xA5, 0x34,
    0x00, 0x00, 0x5A, 0xEB, 0x5A, 0xCB, 0xAD, 0x55, 0xBD, 0xF7, 0xCE, 0x79, 0xB5, 0x96, 0x5A, 0xCB,
    0x4A, 0x49, 0x4A, 0x49, 0x84, 0x10, 0xA5, 0x34, 0x00, 0x00, 0x5A, 0xEB, 0x5A, 0xCB, 0xAD, 0x55,
    0xBD, 0xF7, 0xCE, 0x79, 0xB5, 0x96, 0x5A, 0xCB, 0x4A, 0x49, 0x4A, 0x49, 0x84, 0x10, 0xA5, 0x34,
    0x00, 0x00, 0x52, 0xAA, 0x63, 0x3B, 0x00, 0x2B, 0x63, 0x3B, 0x08, 0x2A, 0x63, 0x3B, 0x00, 0x0C,
    0x63, 0x3B, 0x00, 0x0C, 0x63, 0x3B, 0x00, 0x0B, 0x63, 0x3B, 0x00, 0x2B, 0x63, 0x3B, 0x00, 0x0D,
    0x63, 0x3B, 0x00, 0x2B, 0x63, 0x3B, 0x00, 0x2B, 0x63, 0x3B, 0x00, 0x0C, 0x63, 0x3B, 0x00, 0x2B,
    0x63, 0x3B, 0x00, 0x0C, 0x63, 0x3B, 0x00, 0x0F, 0x63, 0x3B, 0x00, 0x0F, 0x63, 0x3B, 0x00, 0x0D,
    0x63, 0x3B, 0x08, 0x2A, 0x63, 0x3B, 0x08, 0x2A, 0x63, 0x3B, 0x00, 0x2A, 0x63, 0x3B, 0x00, 0x0D,
    0x63, 0x3B, 0x00, 0x2B, 0x63, 0x3B, 0x08, 0x2A, 0x52, 0xB6, 0x08, 0x2A, 0x00, 0x00, 0x00, 0x0C,
    0x00, 0x0C, 0x9C, 0xDF, 0x00, 0x0C, 0x73, 0xBF, 0x00, 0x2B, 0x6B, 0x3B, 0x00, 0x2B, 0x6B, 0x3B,
    0x00, 0x0C, 0x6B, 0x3B, 0x08, 0x2A, 0x6B, 0x3B, 0x00, 0x2B, 0x6B, 0x3B, 0x00, 0x0C, 0x6B, 0x3B,
    0x00, 0x2B, 0x6B, 0x3B, 0x00, 0x0D, 0x6B, 0x3B, 0x00, 0x0E, 0x6B, 0x3B, 0x00, 0x0D, 0x6B, 0x3B,
    0x00, 0x0C, 0x6B, 0x3B, 0x00, 0x2B, 0x6B, 0x3B, 0x08, 0x2A, 0x6B, 0x3B, 0x00, 0x0C, 0x6B, 0x3B,
    0x00, 0x0D, 0x6B, 0x3B, 0x00, 0x2B, 0x6B, 0x3B, 0x08, 0x2A, 0x6B, 0x3B, 0x00, 0x2B, 0x6B, 0x3B,
    0x00, 0x0B, 0x6B, 0x3B, 0x00, 0x2B, 0x6B, 0x3B, 0x08, 0x2A, 0x6B, 0x3B, 0x00, 0x0D, 0x6B, 0x3B,
    0x00, 0x0E, 0x52, 0xAA, 0x00, 0x00, 0x52, 0x8A, 0x4A, 0x69, 0xA5, 0x14, 0xD6, 0x9A, 0xE7, 0x1C,
    0xCE, 0x79, 0x9C, 0xD3, 0x73, 0x8E, 0x63, 0x2C, 0x94, 0x92, 0x9C, 0xD3, 0x00, 0x00, 0x52, 0x8A,
    0x4A, 0x69, 0xA5, 0x14, 0xD6, 0x9A, 0xE7, 0x1C, 0xCE, 0x79, 0x9C, 0xD3, 0x73, 0x8E, 0x63, 0x2C,
    0x94, 0x92, 0x9C, 0xD3, 0x00, 0x00, 0x52, 0x8A, 0x4A, 0x69, 0xA5, 0x14, 0xD6, 0x9A, 0xE7, 0x1C,
    0xCE, 0x79, 0x9C, 0xD3, 0x73, 0x8E, 0x63, 0x2C, 0x94, 0x92, 0x9C, 0xD3, 0x00, 0x00, 0x52, 0xAA,
    0x00, 0x0D, 0x6B, 0x3B, 0x00, 0x0E, 0x6B, 0x3B, 0x00, 0x0D, 0x6B, 0x3B, 0x00, 0x0C, 0x6B, 0x3B,
    0x00, 0x2B, 0x6B, 0x3B, 0x08, 0x2A, 0x6B, 0x3B, 0x00, 0x0C, 0x6B, 0x3B, 0x00, 0x0D, 0x6B, 0x3B,
    0x00, 0x2B, 0x6B, 0x3B, 0x08, 0x2A, 0x6B, 0x3B, 0x00, 0x2B, 0x6B, 0x3B, 0x00, 0x0B, 0x6B, 0x3B,
    0x00, 0x2B, 0x6B, 0x3B, 0x08, 0x2A, 0x6B, 0x3B, 0x00, 0x0D, 0x6B, 0x3B, 0x00, 0x0E, 0x6B, 0x3B,
    0x08, 0x2A, 0x6B, 0x3B, 0x00, 0x0C, 0x6B, 0x3B, 0x00, 0x0C, 0x6B, 0x3B, 0x00, 0x0C, 0x6B, 0x3B,
    0x00, 0x0F, 0x6B, 0x3B, 0x00, 0x0C, 0x6B, 0x3B, 0x00, 0x2B, 0x6B, 0x3B, 0x00, 0x0C, 0x6B, 0x3B,
    0x00, 0x2B, 0x6B, 0x3B, 0x00, 0x2B, 0x6B, 0x3B, 0x00, 0x0C, 0x6B, 0x3B, 0x00, 0x0C, 0x6B, 0x3B,
    0x00, 0x2B, 0x6B, 0x3B, 0x00, 0x2B, 0x6B, 0x3B, 0x00, 0x0C, 0x6B, 0x3B, 0x08, 0x2A, 0x6B, 0x3B,
    0x00, 0x2B, 0x6B, 0x3B, 0x00, 0x0C, 0x6B, 0x3B, 0x00, 0x2B, 0x6B, 0x3B, 0x00, 0x0D, 0x6B, 0x3B,
    0x00, 0x0E, 0x6B, 0x3B, 0x00, 0x0D, 0x6B, 0x3B, 0x00, 0x0C, 0x6B, 0x3B, 0x00, 0x2B, 0x6B, 0x3B,
    0x08, 0x2A, 0x6B, 0x3B, 0x00, 0x0C, 0x6B, 0x3B, 0x00, 0x0D, 0x6B, 0x3B, 0x00, 0x2B, 0x6B, 0x3B,
    0x08, 0x2A, 0x6B, 0x3B, 0x00, 0x2B, 0x6B, 0x3B, 0x00, 0x0B, 0x6B, 0x3B, 0x00, 0x2B, 0x6B, 0x3B,
    0x08, 0x2A, 0x6B, 0x3B, 0x00, 0x0D, 0x6B, 0x3B, 0x00, 0x0E, 0x6B, 0x3B, 0x08, 0x2A, 0x6B, 0x3B,
    0x00, 0x0C, 0x6B, 0x3B, 0x00, 0x0C, 0x6B, 0x3B, 0x00, 0x0C, 0x6B, 0x3B, 0x00, 0x0F, 0x6B, 0x3B,
    0x00, 0x0C, 0x6B, 0x3B, 0x00, 0x2B, 0x6B, 0x3B, 0x00, 0x0C, 0x6B, 0x3B, 0x00, 0x2B, 0x6B, 0x3B,
    0x00, 0x2B, 0x6B, 0x3B, 0x00, 0x0C, 0x6B, 0x3B, 0x00, 0x0C, 0x6B, 0x3B, 0x00, 0x2B, 0x6B, 0x3B,
    0x00, 0x2B, 0x6B, 0x3B, 0x00, 0x0C, 0x6B, 0x3B, 0x08, 0x2A, 0x6B, 0x3B, 0x00, 0x2B, 0x6B, 0x3B,
    0x00, 0x0C, 0x6B, 0x3B, 0x00, 0x2B, 0x6B, 0x3B, 0x00, 0x0D, 0x6B, 0x3B, 0x00, 0x0E, 0x6B, 0x3B,
    0x00, 0x0D, 0x6B, 0x3B, 0x00, 0x0C, 0x52, 0xAA, 0x00, 0x00, 0x52, 0x8A, 0x4A, 0x69, 0xA5, 0x14,
    0xD6, 0x9A, 0xE7, 0x1C, 0xCE, 0x79, 0x9C, 0xD3, 0x73, 0x8E, 0x63, 0x2C, 0x94, 0x92, 0x9C, 0xD3,
    0x00, 0x00, 0x52, 0x8A, 0x4A, 0x69, 0xA5, 0x14, 0xD6, 0x9A, 0xE7, 0x1C, 0xCE, 0x79, 0x9C, 0xD3,
    0x73, 0x8E, 0x63, 0x2C, 0x94, 0x92, 0x9C, 0xD3, 0x00, 0x00, 0x52, 0x8A, 0x4A, 0x69, 0xA5, 0x14,
    0xD6, 0x9A, 0xE7, 0x1C, 0xCE, 0x79, 0x9C, 0xD3, 0x73, 0x8E, 0x63, 0x2C, 0x94, 0x92, 0x9C, 0xD3,
    0x00, 0x00, 0x52, 0xAA, 0x00, 0x0C, 0x6B, 0x3B, 0x00, 0x2B, 0x6B, 0x3B, 0x00, 0x2B, 0x6B, 0x3B,
    0x00, 0x0C, 0x6B, 0x3B, 0x00, 0x0C, 0x6B, 0x3B, 0x00, 0x2B, 0x6B, 0x3B, 0x00, 0x2B, 0x6B, 0x3B,
    0x00, 0x0C, 0x6B, 0x3B, 0x08, 0x2A, 0x6B, 0x3B, 0x00, 0x2B, 0x6B, 0x3B, 0x00, 0x0C, 0x6B, 0x3B,
    0x00, 0x2B, 0x6B, 0x3B, 0x00, 0x0D, 0x6B, 0x3B, 0x00, 0x0E, 0x6B, 0x3B, 0x00, 0x0D, 0x6B, 0x3B,
    0x00, 0x0C, 0x6B, 0x3B, 0x00, 0x2B, 0x6B, 0x3B, 0x08, 0x2A, 0x6B, 0x3B, 0x00, 0x0C, 0x6B, 0x3B,
    0x00, 0x0D, 0x6B, 0x3B, 0x00, 0x2B, 0x94, 0xBF, 0x08, 0x2A, 0x00, 0x00, 0x00, 0x2B, 0x00, 0x00,
    0xE6, 0xFF, 0x00, 0x0D, 0x94, 0x9F, 0x00, 0x0C, 0x00, 0x00, 0x00, 0x2A, 0x6B, 0x5B, 0x00, 0x0C,
    0x6B, 0x5B, 0x00, 0x2B, 0x6B, 0x5B, 0x08, 0x2A, 0x6B, 0x5B, 0x00, 0x0B, 0x6B, 0x5B, 0x00, 0x2A,
    0x6B, 0x5B, 0x00, 0x2A, 0x6B, 0x5B, 0x00, 0x0C, 0x6B, 0x5B, 0x00, 0x0C, 0x6B, 0x5B, 0x00, 0x0C,
    0x6B, 0x5B, 0x00, 0x0B, 0x6B, 0x5B, 0x00, 0x2B, 0x6B, 0x5B, 0x08, 0x2A, 0x6B, 0x5B, 0x00, 0x0D,
    0x6B, 0x5B, 0x00, 0x0C, 0x6B, 0x5B, 0x08, 0x2A, 0x6B, 0x5B, 0x00, 0x2B, 0x6B, 0x5B, 0x00, 0x0C,
    0x6B, 0x5B, 0x00, 0x2B, 0x6B, 0x5B, 0x08, 0x2A, 0x6B, 0x5B, 0x08, 0x2A, 0x6B, 0x5B, 0x00, 0x0D,
    0x6B, 0x5B, 0x52, 0xAA, 0x00, 0x00, 0x4A, 0x69, 0x42, 0x08, 0x6B, 0x6D, 0xBD, 0xF7, 0xD6, 0x9A,
    0xBD, 0xF7, 0xAD, 0x55, 0x8C, 0x51, 0x7B, 0xEF, 0x94, 0x92, 0x8C, 0x71, 0x00, 0x00, 0x4A, 0x69,
    0x42, 0x08, 0x6B, 0x6D, 0xBD, 0xF7, 0xD6, 0x9A, 0xBD, 0xF7, 0xAD, 0x55, 0x8C, 0x51, 0x7B, 0xEF,
    0x94, 0x92, 0x8C, 0x71, 0x00, 0x00, 0x4A, 0x69, 0x42, 0x08, 0x6B, 0x6D, 0xBD, 0xF7, 0xD6, 0x9A,
    0xBD, 0xF7, 0xAD, 0x55, 0x8C, 0x51, 0x7B, 0xEF, 0x94, 0x92, 0x8C, 0x71, 0x00, 0x00, 0x52, 0xAA,
    0x6B, 0x5B, 0x00, 0x0C, 0x6B, 0x5B, 0x00, 0x0C, 0x6B, 0x5B, 0x00, 0x0C, 0x6B, 0x5B, 0x00, 0x0B,
    0x6B, 0x5B, 0x00, 0x2B, 0x6B, 0x5B, 0x08, 0x2A, 0x6B, 0x5B, 0x00, 0x0D, 0x6B, 0x5B, 0x00, 0x0C,
    0x6B, 0x5B, 0x08, 0x2A, 0x6B, 0x5B, 0x00, 0x2B, 0x6B, 0x5B, 0x00, 0x0C, 0x6B, 0x5B, 0x00, 0x2B,
    0x6B, 0x5B, 0x08, 0x2A, 0x6B, 0x5B, 0x08, 0x2A, 0x6B, 0x5B, 0x00, 0x0D, 0x6B, 0x5B, 0x00, 0x2B,
    0x6B, 0x5B, 0x08, 0x2A, 0x6B, 0x5B, 0x00, 0x2B, 0x6B, 0x5B, 0x00, 0x2B, 0x6B, 0x5B, 0x00, 0x0C,
    0x6B, 0x5B, 0x00, 0x0D, 0x6B, 0x5B, 0x08, 0x2A, 0x6B, 0x5B, 0x00, 0x0C, 0x6B, 0x5B, 0x00, 0x0D,
    0x6B, 0x5B, 0x00, 0x0C, 0x6B, 0x5B, 0x00, 0x0C, 0x6B, 0x5B, 0x00, 0x0D, 0x6B, 0x5B, 0x00, 0x0C,
    0x6B, 0x5B, 0x00, 0x2A, 0x6B, 0x5B, 0x00, 0x0C, 0x6B, 0x5B, 0x00, 0x2B, 0x6B, 0x5B, 0x08, 0x2A,
    0x6B, 0x5B, 0x00, 0x0B, 0x6B, 0x5B, 0x00, 0x2A, 0x6B, 0x5B, 0x00, 0x2A, 0x6B, 0x5B, 0x00, 0x0C,
    0x6B, 0x5B, 0x00, 0x0C, 0x6B, 0x5B, 0x00, 0x0C, 0x6B, 0x5B, 0x00, 0x0B, 0x6B, 0x5B, 0x00, 0x2B,
    0x6B, 0x5B, 0x08, 0x2A, 0x6B, 0x5B, 0x00, 0x0D, 0x6B, 0x5B, 0x00, 0x0C, 0x6B, 0x5B, 0x08, 0x2A,
    0x6B, 0x5B, 0x00, 0x2B, 0x6B, 0x5B, 0x00, 0x0C, 0x6B, 0x5B, 0x00, 0x2B, 0x6B, 0x5B, 0x08, 0x2A,
    0x6B, 0x5B, 0x08, 0x2A, 0x6B, 0x5B, 0x00, 0x0D, 0x6B, 0x5B, 0x00, 0x2B, 0x6B, 0x5B, 0x08, 0x2A,
    0x6B, 0x5B, 0x00, 0x2B, 0x6B, 0x5B, 0x00, 0x2B, 0x6B, 0x5B, 0x00, 0x0C, 0x6B, 0x5B, 0x00, 0x0D,
    0x6B, 0x5B, 0x08, 0x2A, 0x6B, 0x5B, 0x00, 0x0C, 0x6B, 0x5B, 0x00, 0x0D, 0x6B, 0x5B, 0x00, 0x0C,
    0x6B, 0x5B, 0x00, 0x0C, 0x6B, 0x5B, 0x00, 0x0D, 0x6B, 0x5B, 0x00, 0x0C, 0x6B, 0x5B, 0x00, 0x2A,
    0x6B, 0x5B, 0x00, 0x0C, 0x6B, 0x5B, 0x00, 0x2B, 0x6B, 0x5B, 0x08, 0x2A, 0x6B, 0x5B, 0x00, 0x0B,
    0x6B, 0x5B, 0x00, 0x2A, 0x6B, 0x5B, 0x00, 0x2A, 0x6B, 0x5B, 0x00, 0x0C, 0x6B, 0x5B, 0x00, 0x0C,
    0x6B, 0x5B, 0x00, 0x0C, 0x6B, 0x5B, 0x52, 0xAA, 0x00, 0x00, 0x4A, 0x69, 0x42, 0x08, 0x6B, 0x6D,
    0xBD, 0xF7, 0xD6, 0x9A, 0xBD, 0xF7, 0xAD, 0x55, 0x8C, 0x51, 0x7B, 0xEF, 0x94, 0x92, 0x8C, 0x71,
    0x00, 0x00, 0x4A, 0x69, 0x42, 0x08, 0x6B, 0x6D, 0xBD, 0xF7, 0xD6, 0x9A, 0xBD, 0xF7, 0xAD, 0x55,
    0x8C, 0x51, 0x7B, 0xEF, 0x94, 0x92, 0x8C, 0x71, 0x00, 0x00, 0x4A, 0x69, 0x42, 0x08, 0x6B, 0x6D,
    0xBD, 0xF7, 0xD6, 0x9A, 0xBD, 0xF7, 0xAD, 0x55, 0x8C, 0x51, 0x7B, 0xEF, 0x94, 0x92, 0x8C, 0x71,
    0x00, 0x00, 0x52, 0xAA, 0x6B, 0x5B, 0x00, 0x0D, 0x6B, 0x5B, 0x00, 0x0C, 0x6B, 0x5B, 0x00, 0x0C,
    0x6B, 0x5B, 0x00, 0x0D, 0x6B, 0x5B, 0x00, 0x0C, 0x6B, 0x5B, 0x00, 0x2A, 0x6B, 0x5B, 0x00, 0x0C,
    0x6B, 0x5B, 0x00, 0x2B, 0x6B, 0x5B, 0x08, 0x2A, 0x6B, 0x5B, 0x00, 0x0B, 0x6B, 0x5B, 0x00, 0x2A,
    0x6B, 0x5B, 0x00, 0x2A, 0x6B, 0x5B, 0x00, 0x0C, 0x6B, 0x5B, 0x00, 0x0C, 0x6B, 0x5B, 0x00, 0x0C,
    0x6B, 0x5B, 0x00, 0x0B, 0x6B, 0x5B, 0x00, 0x2B, 0x6B, 0x5B, 0x08, 0x2A, 0x6B, 0x5B, 0x00, 0x0D,
    0x6B, 0x5B, 0x00, 0x0C, 0x6B, 0x5B, 0x08, 0x2A, 0x5A, 0xB7, 0x00, 0x2B, 0x00, 0x00, 0x00, 0x0C,
    0x00, 0x0C, 0x9C, 0xFF, 0x00, 0x0D, 0x7B, 0xBF, 0x00, 0x2B, 0x6B, 0x5B, 0x00, 0x2A, 0x6B, 0x5B,
    0x00, 0x0E, 0x6B, 0x5B, 0x00, 0x2B, 0x6B, 0x5B, 0x08, 0x2A, 0x6B, 0x5B, 0x00, 0x2B, 0x6B, 0x5B,
    0x08, 0x2A, 0x6B, 0x5B, 0x08, 0x2A, 0x6B, 0x5B, 0x00, 0x0B, 0x6B, 0x5B, 0x00, 0x0C, 0x6B, 0x5B,
    0x00, 0x0D, 0x6B, 0x5B, 0x00, 0x0D, 0x6B, 0x5B, 0x00, 0x2B, 0x6B, 0x5B, 0x08, 0x2A, 0x6B, 0x5B,
    0x00, 0x0C, 0x6B, 0x5B, 0x00, 0x2B, 0x6B, 0x5B, 0x08, 0x2A, 0x6B, 0x5B, 0x00, 0x0C, 0x6B, 0x5B,
    0x00, 0x0B, 0x6B, 0x5B, 0x00, 0x2B, 0x6B, 0x5B, 0x08, 0x2A, 0x6B, 0x5B, 0x00, 0x2B, 0x6B, 0x5B,
    0x00, 0x0E, 0x52, 0xAA, 0x00, 0x00, 0x42, 0x08, 0x39, 0xE7, 0x42, 0x28, 0x6B, 0x6D, 0xA5, 0x14,
    0xAD, 0x55, 0x9C, 0xF3, 0x84, 0x10, 0x7B, 0xCF, 0x84, 0x30, 0x84, 0x10, 0x00, 0x00, 0x42, 0x08,
    0x39, 0xE7, 0x42, 0x28, 0x6B, 0x6D, 0xA5, 0x14, 0xAD, 0x55, 0x9C, 0xF3, 0x84, 0x10, 0x7B, 0xCF,
    0x84, 0x30, 0x84, 0x10, 0x00, 0x00, 0x42, 0x08, 0x39, 0xE7, 0x42, 0x28, 0x6B, 0x6D, 0xA5, 0x14,
    0xAD, 0x55, 0x9C, 0xF3, 0x84, 0x10, 0x7B, 0xCF, 0x84, 0x30, 0x84, 0x10, 0x00, 0x00, 0x52, 0xAA,
    0x08, 0x2A, 0x6B, 0x5B, 0x00, 0x0B, 0x6B, 0x5B, 0x00, 0x0C, 0x6B, 0x5B, 0x00, 0x0D, 0x6B, 0x5B,
    0x00, 0x0D, 0x6B, 0x5B, 0x00, 0x2B, 0x6B, 0x5B, 0x08, 0x2A, 0x6B, 0x5B, 0x00, 0x0C, 0x6B, 0x5B,
    0x00, 0x2B, 0x6B, 0x5B, 0x08, 0x2A, 0x6B, 0x5B, 0x00, 0x0C, 0x6B, 0x5B, 0x00, 0x0B, 0x6B, 0x5B,
    0x00, 0x2B, 0x6B, 0x5B, 0x08, 0x2A, 0x6B, 0x5B, 0x00, 0x2B, 0x6B, 0x5B, 0x00, 0x0E, 0x6B, 0x5B,
    0x00, 0x2B, 0x6B, 0x5B, 0x08, 0x2A, 0x6B, 0x5B, 0x08, 0x2A, 0x6B, 0x5B, 0x08, 0x2A, 0x6B, 0x5B,
    0x00, 0x0C, 0x6B, 0x5B, 0x00, 0x0C, 0x6B, 0x5B, 0x00, 0x2B, 0x6B, 0x5B, 0x00, 0x0C, 0x6B, 0x5B,
    0x00, 0x0D, 0x6B, 0x5B, 0x00, 0x0D, 0x6B, 0x5B, 0x00, 0x0C, 0x6B, 0x5B, 0x00, 0x0D, 0x6B, 0x5B,
    0x00, 0x2B, 0x6B, 0x5B, 0x00, 0x2A, 0x6B, 0x5B, 0x00, 0x0E, 0x6B, 0x5B, 0x00, 0x2B, 0x6B, 0x5B,
    0x08, 0x2A, 0x6B, 0x5B, 0x00, 0x2B, 0x6B, 0x5B, 0x08, 0x2A, 0x6B, 0x5B, 0x08, 0x2A, 0x6B, 0x5B,
    0x00, 0x0B, 0x6B, 0x5B, 0x00, 0x0C, 0x6B, 0x5B, 0x00, 0x0D, 0x6B, 0x5B, 0x00, 0x0D, 0x6B, 0x5B,
    0x00, 0x2B, 0x6B, 0x5B, 0x08, 0x2A, 0x6B, 0x5B, 0x00, 0x0C, 0x6B, 0x5B, 0x00, 0x2B, 0x6B, 0x5B,
    0x08, 0x2A, 0x6B, 0x5B, 0x00, 0x0C, 0x6B, 0x5B, 0x00, 0x0B, 0x6B, 0x5B, 0x00, 0x2B, 0x6B, 0x5B,
    0x08, 0x2A, 0x6B, 0x5B, 0x00, 0x2B, 0x6B, 0x5B, 0x00, 0x0E, 0x6B, 0x5B, 0x00, 0x2B, 0x6B, 0x5B,
    0x08, 0x2A, 0x6B, 0x5B, 0x08, 0x2A, 0x6B, 0x5B, 0x08, 0x2A, 0x6B, 0x5B, 0x00, 0x0C, 0x6B, 0x5B,
    0x00, 0x0C, 0x6B, 0x5B, 0x00, 0x2B, 0x6B, 0x5B, 0x00, 0x0C, 0x6B, 0x5B, 0x00, 0x0D, 0x6B, 0x5B,
    0x00, 0x0D, 0x6B, 0x5B, 0x00, 0x0C, 0x6B, 0x5B, 0x00, 0x0D, 0x6B, 0x5B, 0x00, 0x2B, 0x6B, 0x5B,
    0x00, 0x2A, 0x6B, 0x5B, 0x00, 0x0E, 0x6B, 0x5B, 0x00, 0x2B, 0x6B, 0x5B, 0x08, 0x2A, 0x6B, 0x5B,
    0x00, 0x2B, 0x6B, 0x5B, 0x08, 0x2A, 0x6B, 0x5B, 0x08, 0x2A, 0x6B, 0x5B, 0x00, 0x0B, 0x6B, 0x5B,
    0x00, 0x0C, 0x6B, 0x5B, 0x00, 0x0D, 0x52, 0xAA, 0x00, 0x00, 0x42, 0x08, 0x39, 0xE7, 0x42, 0x28,
    0x6B, 0x6D, 0xA5, 0x14, 0xAD, 0x55, 0x9C, 0xF3, 0x84, 0x10, 0x7B, 0xCF, 0x84, 0x30, 0x84, 0x10,
    0x00, 0x00, 0x42, 0x08, 0x39, 0xE7, 0x42, 0x28, 0x6B, 0x6D, 0xA5, 0x14, 0xAD, 0x55, 0x9C, 0xF3,
    0x84, 0x10, 0x7B, 0xCF, 0x84, 0x30, 0x84, 0x10, 0x00, 0x00, 0x42, 0x08, 0x39, 0xE7, 0x42, 0x28,
    0x6B, 0x6D, 0xA5, 0x14, 0xAD, 0x55, 0x9C, 0xF3, 0x84, 0x10, 0x7B, 0xCF, 0x84, 0x30, 0x84, 0x10,
    0x00, 0x00, 0x52, 0xAA, 0x00, 0x0C, 0x6B, 0x5B, 0x00, 0x0D, 0x6B, 0x5B, 0x00, 0x0D, 0x6B, 0x5B,
    0x00, 0x0C, 0x6B, 0x5B, 0x00, 0x0D, 0x6B, 0x5B, 0x00, 0x2B, 0x6B, 0x5B, 0x00, 0x2A, 0x6B, 0x5B,
    0x00, 0x0E, 0x6B, 0x5B, 0x00, 0x2B, 0x6B, 0x5B, 0x08, 0x2A, 0x6B, 0x5B, 0x00, 0x2B, 0x6B, 0x5B,
    0x08, 0x2A, 0x6B, 0x5B, 0x08, 0x2A, 0x6B, 0x5B, 0x00, 0x0B, 0x6B, 0x5B, 0x00, 0x0C, 0x6B, 0x5B,
    0x00, 0x0D, 0x6B, 0x5B, 0x00, 0x0D, 0x6B, 0x5B, 0x00, 0x2B, 0x6B, 0x5B, 0x08, 0x2A, 0x6B, 0x5B,
    0x00, 0x0C, 0x6B, 0x5B, 0x00, 0x2B, 0x9C, 0xBF, 0x08, 0x2A, 0x00, 0x00, 0x00, 0x0C, 0x00, 0x00,
    0xE7, 0x1F, 0x00, 0x0C, 0x94, 0xBF, 0x00, 0x0C, 0x00, 0x00, 0x08, 0x2A, 0x6B, 0x5C, 0x00, 0x0D,
    0x6B, 0x5C, 0x00, 0x0E, 0x6B, 0x5C, 0x00, 0x2B, 0x6B, 0x5C, 0x00, 0x2B, 0x6B, 0x5C, 0x00, 0x2B,
    0x6B, 0x5C, 0x08, 0x2A, 0x6B, 0x5C, 0x08, 0x2A, 0x6B, 0x5C, 0x00, 0x0C, 0x6B, 0x5C, 0x00, 0x0C,
    0x6B, 0x5C, 0x00, 0x0E, 0x6B, 0x5C, 0x00, 0x0D, 0x6B, 0x5C, 0x08, 0x2A, 0x6B, 0x5C, 0x08, 0x2A,
    0x6B, 0x5C, 0x00, 0x2A, 0x6B, 0x5C, 0x08, 0x2A, 0x6B, 0x5C, 0x08, 0x2A, 0x6B, 0x5C, 0x00, 0x2B,
    0x6B, 0x5C, 0x00, 0x2B, 0x6B, 0x5C, 0x00, 0x2B, 0x6B, 0x5C, 0x08, 0x2A, 0x6B, 0x5C, 0x00, 0x0C,
    0x6B, 0x5C, 0x52, 0xAA, 0x00, 0x00, 0x39, 0xE7, 0x31, 0xA6, 0x39, 0xE7, 0x42, 0x08, 0x4A, 0x69,
    0x5A, 0xCB, 0x5A, 0xCB, 0x63, 0x2C, 0x73, 0x8E, 0x7B, 0xEF, 0x73, 0xAE, 0x00, 0x00, 0x39, 0xE7,
    0x31, 0xA6, 0x39, 0xE7, 0x42, 0x08, 0x4A, 0x69, 0x5A, 0xCB, 0x5A, 0xCB, 0x63, 0x2C, 0x73, 0x8E,
    0x7B, 0xEF, 0x73, 0xAE, 0x00, 0x00, 0x39, 0xE7, 0x31, 0xA6, 0x39, 0xE7, 0x42, 0x08, 0x4A, 0x69,
    0x5A, 0xCB, 0x5A, 0xCB, 0x63, 0x2C, 0x73, 0x8E, 0x7B, 0xEF, 0x73, 0xAE, 0x00, 0x00, 0x52, 0xAA,
    0x6B, 0x5C, 0x08, 0x2A, 0x6B, 0x5C, 0x00, 0x0C, 0x6B, 0x5C, 0x00, 0x0C, 0x6B, 0x5C, 0x00, 0x0E,
    0x6B, 0x5C, 0x00, 0x0D, 0x6B, 0x5C, 0x08, 0x2A, 0x6B, 0x5C, 0x08, 0x2A, 0x6B, 0x5C, 0x00, 0x2A,
    0x6B, 0x5C, 0x08, 0x2A, 0x6B, 0x5C, 0x08, 0x2A, 0x6B, 0x5C, 0x00, 0x2B, 0x6B, 0x5C, 0x00, 0x2B,
    0x6B, 0x5C, 0x00, 0x2B, 0x6B, 0x5C, 0x08, 0x2A, 0x6B, 0x5C, 0x00, 0x0C, 0x6B, 0x5C, 0x00, 0x0E,
    0x6B, 0x5C, 0x00, 0x0C, 0x6B, 0x5C, 0x08, 0x2A, 0x6B, 0x5C, 0x08, 0x2A, 0x6B, 0x5C, 0x08, 0x2A,
    0x6B, 0x5C, 0x00, 0x0D, 0x6B, 0x5C, 0x00, 0x0C, 0x6B, 0x5C, 0x00, 0x2B, 0x6B, 0x5C, 0x00, 0x2B,
    0x6B, 0x5C, 0x00, 0x0D, 0x6B, 0x5C, 0x00, 0x0C, 0x6B, 0x5C, 0x00, 0x0C, 0x6B, 0x5C, 0x00, 0x0C,
    0x6B, 0x5C, 0x08, 0x2A, 0x6B, 0x5C, 0x00, 0x0D, 0x6B, 0x5C, 0x00, 0x0E, 0x6B, 0x5C, 0x00, 0x2B,
    0x6B, 0x5C, 0x00, 0x2B, 0x6B, 0x5C, 0x00, 0x2B, 0x6B, 0x5C, 0x08, 0x2A, 0x6B, 0x5C, 0x08, 0x2A,
    0x6B, 0x5C, 0x00, 0x0C, 0x6B, 0x5C, 0x00, 0x0C, 0x6B, 0x5C, 0x00, 0x0E, 0x6B, 0x5C, 0x00, 0x0D,
    0x6B, 0x5C, 0x08, 0x2A, 0x6B, 0x5C, 0x08, 0x2A, 0x6B, 0x5C, 0x00, 0x2A, 0x6B, 0x5C, 0x08, 0x2A,
    0x6B, 0x5C, 0x08, 0x2A, 0x6B, 0x5C, 0x00, 0x2B, 0x6B, 0x5C, 0x00, 0x2B, 0x6B, 0x5C, 0x00, 0x2B,
    0x6B, 0x5C, 0x08, 0x2A, 0x6B, 0x5C, 0x00, 0x0C, 0x6B, 0x5C, 0x00, 0x0E, 0x6B, 0x5C, 0x00, 0x0C,
    0x6B, 0x5C, 0x08, 0x2A, 0x6B, 0x5C, 0x08, 0x2A, 0x6B, 0x5C, 0x08, 0x2A, 0x6B, 0x5C, 0x00, 0x0D,
    0x6B, 0x5C, 0x00, 0x0C, 0x6B, 0x5C, 0x00, 0x2B, 0x6B, 0x5C, 0x00, 0x2B, 0x6B, 0x5C, 0x00, 0x0D,
    0x6B, 0x5C, 0x00, 0x0C, 0x6B, 0x5C, 0x00, 0x0C, 0x6B, 0x5C, 0x00, 0x0C, 0x6B, 0x5C, 0x08, 0x2A,
    0x6B, 0x5C, 0x00, 0x0D, 0x6B, 0x5C, 0x00, 0x0E, 0x6B, 0x5C, 0x00, 0x2B, 0x6B, 0x5C, 0x00, 0x2B,
    0x6B, 0x5C, 0x00, 0x2B, 0x6B, 0x5C, 0x08, 0x2A, 0x6B, 0x5C, 0x08, 0x2A, 0x6B, 0x5C, 0x00, 0x0C,
    0x6B, 0x5C, 0x00, 0x0C, 0x6B, 0x5C, 0x52, 0xAA, 0x00, 0x00, 0x39, 0xE7, 0x31, 0xA6, 0x39, 0xE7,
    0x42, 0x08, 0x4A, 0x69, 0x5A, 0xCB, 0x5A, 0xCB, 0x63, 0x2C, 0x73, 0x8E, 0x7B, 0xEF, 0x73, 0xAE,
    0x00, 0x00, 0x39, 0xE7, 0x31, 0xA6, 0x39, 0xE7, 0x42, 0x08, 0x4A, 0x69, 0x5A, 0xCB, 0x5A, 0xCB,
    0x63, 0x2C, 0x73, 0x8E, 0x7B, 0xEF, 0x73, 0xAE, 0x00, 0x00, 0x39, 0xE7, 0x31, 0xA6, 0x39, 0xE7,
    0x42, 0x08, 0x4A, 0x69, 0x5A, 0xCB, 0x5A, 0xCB, 0x63, 0x2C, 0x73, 0x8E, 0x7B, 0xEF, 0x73, 0xAE,
    0x00, 0x00, 0x52, 0xAA, 0x6B, 0x5C, 0x00, 0x2B, 0x6B, 0x5C, 0x00, 0x0D, 0x6B, 0x5C, 0x00, 0x0C,
    0x6B, 0x5C, 0x00, 0x0C, 0x6B, 0x5C, 0x00, 0x0C, 0x6B, 0x5C, 0x08, 0x2A, 0x6B, 0x5C, 0x00, 0x0D,
    0x6B, 0x5C, 0x00, 0x0E, 0x6B, 0x5C, 0x00, 0x2B, 0x6B, 0x5C, 0x00, 0x2B, 0x6B, 0x5C, 0x00, 0x2B,
    0x6B, 0x5C, 0x08, 0x2A, 0x6B, 0x5C, 0x08, 0x2A, 0x6B, 0x5C, 0x00, 0x0C, 0x6B, 0x5C, 0x00, 0x0C,
    0x6B, 0x5C, 0x00, 0x0E, 0x6B, 0x5C, 0x00, 0x0D, 0x6B, 0x5C, 0x08, 0x2A, 0x6B, 0x5C, 0x08, 0x2A,
    0x6B, 0x5C, 0x00, 0x2A, 0x6B, 0x5C, 0x08, 0x2A, 0x5A, 0xD7, 0x08, 0x2A, 0x00, 0x00, 0x00, 0x2B,
    0x00, 0x0C, 0xA5, 0x1F, 0x00, 0x0C, 0x7B, 0xDF, 0x00, 0x0C, 0x6B, 0x5C, 0x00, 0x2B, 0x6B, 0x5C,
    0x00, 0x0F, 0x6B, 0x5C, 0x00, 0x0F, 0x6B, 0x5C, 0x00, 0x0C, 0x6B, 0x5C, 0x00, 0x0E, 0x6B, 0x5C,
    0x00, 0x0C, 0x6B, 0x5C, 0x00, 0x2B, 0x6B, 0x5C, 0x00, 0x0C, 0x6B, 0x5C, 0x00, 0x0C, 0x6B, 0x5C,
    0x00, 0x0D, 0x6B, 0x5C, 0x00, 0x0F, 0x6B, 0x5C, 0x00, 0x0E, 0x6B, 0x5C, 0x08, 0x2A, 0x6B, 0x5C,
    0x08, 0x2A, 0x6B, 0x5C, 0x08, 0x2A, 0x6B, 0x5C, 0x08, 0x2A, 0x6B, 0x5C, 0x08, 0x2A, 0x6B, 0x5C,
    0x08, 0x2A, 0x6B, 0x5C, 0x00, 0x2B, 0x6B, 0x5C, 0x08, 0x2A, 0x6B, 0x5C, 0x08, 0x2A, 0x6B, 0x5C,
    0x00, 0x0D, 0x52, 0xAA, 0x00, 0x00, 0x42, 0x28, 0x39, 0xE7, 0x42, 0x08, 0x4A, 0x69, 0x52, 0x8A,
    0x5A, 0xEB, 0x63, 0x0C, 0x6B, 0x6D, 0x73, 0xAE, 0x84, 0x10, 0x84, 0x10, 0x00, 0x00, 0x42, 0x28,
    0x39, 0xE7, 0x42, 0x08, 0x4A, 0x69, 0x52, 0x8A, 0x5A, 0xEB, 0x63, 0x0C, 0x6B, 0x6D, 0x73, 0xAE,
    0x84, 0x10, 0x84, 0x10, 0x00, 0x00, 0x42, 0x28, 0x39, 0xE7, 0x42, 0x08, 0x4A, 0x69, 0x52, 0x8A,
    0x5A, 0xEB, 0x63, 0x0C, 0x6B, 0x6D, 0x73, 0xAE, 0x84, 0x10, 0x84, 0x10, 0x00, 0x00, 0x52, 0xAA,
    0x00, 0x2B, 0x6B, 0x5C, 0x00, 0x0C, 0x6B, 0x5C, 0x00, 0x0C, 0x6B, 0x5C, 0x00, 0x0D, 0x6B, 0x5C,
    0x00, 0x0F, 0x6B, 0x5C, 0x00, 0x0E, 0x6B, 0x5C, 0x08, 0x2A, 0x6B, 0x5C, 0x08, 0x2A, 0x6B, 0x5C,
    0x08, 0x2A, 0x6B, 0x5C, 0x08, 0x2A, 0x6B, 0x5C, 0x08, 0x2A, 0x6B, 0x5C, 0x08, 0x2A, 0x6B, 0x5C,
    0x00, 0x2B, 0x6B, 0x5C, 0x08, 0x2A, 0x6B, 0x5C, 0x08, 0x2A, 0x6B, 0x5C, 0x00, 0x0D, 0x6B, 0x5C,
    0x00, 0x0F, 0x6B, 0x5C, 0x00, 0x0D, 0x6B, 0x5C, 0x00, 0x2B, 0x6B, 0x5C, 0x08, 0x2A, 0x6B, 0x5C,
    0x00, 0x2B, 0x6B, 0x5C, 0x00, 0x0C, 0x6B, 0x5C, 0x00, 0x0C, 0x6B, 0x5C, 0x00, 0x2B, 0x6B, 0x5C,
    0x00, 0x2B, 0x6B, 0x5C, 0x00, 0x0C, 0x6B, 0x5C, 0x00, 0x0C, 0x6B, 0x5C, 0x00, 0x0C, 0x6B, 0x5C,
    0x00, 0x0C, 0x6B, 0x5C, 0x00, 0x2B, 0x6B, 0x5C, 0x00, 0x0F, 0x6B, 0x5C, 0x00, 0x0F, 0x6B, 0x5C,
    0x00, 0x0C, 0x6B, 0x5C, 0x00, 0x0E, 0x6B, 0x5C, 0x00, 0x0C, 0x6B, 0x5C, 0x00, 0x2B, 0x6B, 0x5C,
    0x00, 0x0C, 0x6B, 0x5C, 0x00, 0x0C, 0x6B, 0x5C, 0x00, 0x0D, 0x6B, 0x5C, 0x00, 0x0F, 0x6B, 0x5C,
    0x00, 0x0E, 0x6B, 0x5C, 0x08, 0x2A, 0x6B, 0x5C, 0x08, 0x2A, 0x6B, 0x5C, 0x08, 0x2A, 0x6B, 0x5C,
    0x08, 0x2A, 0x6B, 0x5C, 0x08, 0x2A, 0x6B, 0x5C, 0x08, 0x2A, 0x6B, 0x5C, 0x00, 0x2B, 0x6B, 0x5C,
    0x08, 0x2A, 0x6B, 0x5C, 0x08, 0x2A, 0x6B, 0x5C, 0x00, 0x0D, 0x6B, 0x5C, 0x00, 0x0F, 0x6B, 0x5C,
    0x00, 0x0D, 0x6B, 0x5C, 0x00, 0x2B, 0x6B, 0x5C, 0x08, 0x2A, 0x6B, 0x5C, 0x00, 0x2B, 0x6B, 0x5C,
    0x00, 0x0C, 0x6B, 0x5C, 0x00, 0x0C, 0x6B, 0x5C, 0x00, 0x2B, 0x6B, 0x5C, 0x00, 0x2B, 0x6B, 0x5C,
    0x00, 0x0C, 0x6B, 0x5C, 0x00, 0x0C, 0x6B, 0x5C, 0x00, 0x0C, 0x6B, 0x5C, 0x00, 0x0C, 0x6B, 0x5C,
    0x00, 0x2B, 0x6B, 0x5C, 0x00, 0x0F, 0x6B, 0x5C, 0x00, 0x0F, 0x6B, 0x5C, 0x00, 0x0C, 0x6B, 0x5C,
    0x00, 0x0E, 0x6B, 0x5C, 0x00, 0x0C, 0x6B, 0x5C, 0x00, 0x2B, 0x6B, 0x5C, 0x00, 0x0C, 0x6B, 0x5C,
    0x00, 0x0C, 0x6B, 0x5C, 0x00, 0x0D, 0x52, 0xAA, 0x00, 0x00, 0x42, 0x28, 0x39, 0xE7, 0x42, 0x08,
    0x4A, 0x69, 0x52, 0x8A, 0x5A, 0xEB, 0x63, 0x0C, 0x6B, 0x6D, 0x73, 0xAE, 0x84, 0x10, 0x84, 0x10,
    0x00, 0x00, 0x42, 0x28, 0x39, 0xE7, 0x42, 0x08, 0x4A, 0x69, 0x52, 0x8A, 0x5A, 0xEB, 0x63, 0x0C,
    0x6B, 0x6D, 0x73, 0xAE, 0x84, 0x10, 0x84, 0x10, 0x00, 0x00, 0x42, 0x28, 0x39, 0xE7, 0x42, 0x08,
    0x4A, 0x69, 0x52, 0x8A, 0x5A, 0xEB, 0x63, 0x0C, 0x6B, 0x6D, 0x73, 0xAE, 0x84, 0x10, 0x84, 0x10,
    0x00, 0x00, 0x52, 0xAA, 0x00, 0x2B, 0x6B, 0x5C, 0x00, 0x2B, 0x6B, 0x5C, 0x00, 0x0C, 0x6B, 0x5C,
    0x00, 0x0C, 0x6B, 0x5C, 0x00, 0x0C, 0x6B, 0x5C, 0x00, 0x0C, 0x6B, 0x5C, 0x00, 0x2B, 0x6B, 0x5C,
    0x00, 0x0F, 0x6B, 0x5C, 0x00, 0x0F, 0x6B, 0x5C, 0x00, 0x0C, 0x6B, 0x5C, 0x00, 0x0E, 0x6B, 0x5C,
    0x00, 0x0C, 0x6B, 0x5C, 0x00, 0x2B, 0x6B, 0x5C, 0x00, 0x0C, 0x6B, 0x5C, 0x00, 0x0C, 0x6B, 0x5C,
    0x00, 0x0D, 0x6B, 0x5C, 0x00, 0x0F, 0x6B, 0x5C, 0x00, 0x0E, 0x6B, 0x5C, 0x08, 0x2A, 0x6B, 0x5C,
    0x08, 0x2A, 0x6B, 0x5C, 0x08, 0x2A, 0x9C, 0xDF, 0x08, 0x2A, 0x00, 0x00, 0x08, 0x2A, 0x00, 0x00,
    0xEF, 0x5F, 0x00, 0x0C, 0x9C, 0xBF, 0x00, 0x0C, 0x00, 0x00, 0x00, 0x2A, 0x6B, 0x7C, 0x00, 0x2B,
    0x6B, 0x7C, 0x00, 0x0E, 0x6B, 0x7C, 0x00, 0x0E, 0x6B, 0x7C, 0x00, 0x0E, 0x6B, 0x7C, 0x00, 0x0E,
    0x6B, 0x7C, 0x00, 0x0E, 0x6B, 0x7C, 0x00, 0x0D, 0x6B, 0x7C, 0x00, 0x0C, 0x6B, 0x7C, 0x00, 0x0C,
    0x6B, 0x7C, 0x00, 0x0D, 0x6B, 0x7C, 0x00, 0x0F, 0x6B, 0x7C, 0x00, 0x0D, 0x6B, 0x7C, 0x08, 0x2A,
    0x6B, 0x7C, 0x00, 0x0C, 0x6B, 0x7C, 0x00, 0x2B, 0x6B, 0x7C, 0x08, 0x2A, 0x6B, 0x7C, 0x08, 0x2A,
    0x6B, 0x7C, 0x08, 0x2A, 0x6B, 0x7C, 0x00, 0x2B, 0x6B, 0x7C, 0x08, 0x2A, 0x6B, 0x7C, 0x00, 0x2A,
    0x6B, 0x7C, 0x52, 0xAA, 0x00, 0x00, 0x00, 0x00, 0x00, 0x00, 0x00, 0x00, 0x00, 0x00, 0x00, 0x00,
    0x00, 0x00, 0x00, 0x00, 0x00, 0x00, 0x00, 0x00, 0x00, 0x00, 0x00, 0x00, 0x00, 0x00, 0x00, 0x00,
    0x00, 0x00, 0x00, 0x00, 0x00, 0x00, 0x00, 0x00, 0x00, 0x00, 0x00, 0x00, 0x00, 0x00, 0x00, 0x00,
    0x00, 0x00, 0x00, 0x00, 0x00, 0x00, 0x00, 0x00, 0x00, 0x00, 0x00, 0x00, 0x00, 0x00, 0x00, 0x00,
    0x00, 0x00, 0x00, 0x00, 0x00, 0x00, 0x00, 0x00, 0x00, 0x00, 0x00, 0x00, 0x00, 0x00, 0x52, 0xAA,
    0x6B, 0x7C, 0x00, 0x0D, 0x6B, 0x7C, 0x00, 0x0C, 0x6B, 0x7C, 0x00, 0x0C, 0x6B, 0x7C, 0x00, 0x0D,
    0x6B, 0x7C, 0x00, 0x0F, 0x6B, 0x7C, 0x00, 0x0D, 0x6B, 0x7C, 0x08, 0x2A, 0x6B, 0x7C, 0x00, 0x0C,
    0x6B, 0x7C, 0x00, 0x2B, 0x6B, 0x7C, 0x08, 0x2A, 0x6B, 0x7C, 0x08, 0x2A, 0x6B, 0x7C, 0x08, 0x2A,
    0x6B, 0x7C, 0x00, 0x2B, 0x6B, 0x7C, 0x08, 0x2A, 0x6B, 0x7C, 0x00, 0x2A, 0x6B, 0x7C, 0x00, 0x0E,
    0x6B, 0x7C, 0x00, 0x0F, 0x6B, 0x7C, 0x00, 0x0E, 0x6B, 0x7C, 0x08, 0x2A, 0x6B, 0x7C, 0x08, 0x2A,
    0x6B, 0x7C, 0x00, 0x2B, 0x6B, 0x7C, 0x00, 0x0B, 0x6B, 0x7C, 0x00, 0x2B, 0x6B, 0x7C, 0x08, 0x2A,
    0x6B, 0x7C, 0x00, 0x2B, 0x6B, 0x7C, 0x00, 0x0B, 0x6B, 0x7C, 0x00, 0x0C, 0x6B, 0x7C, 0x00, 0x0C,
    0x6B, 0x7C, 0x00, 0x2A, 0x6B, 0x7C, 0x00, 0x2B, 0x6B, 0x7C, 0x00, 0x0E, 0x6B, 0x7C, 0x00, 0x0E,
    0x6B, 0x7C, 0x00, 0x0E, 0x6B, 0x7C, 0x00, 0x0E, 0x6B, 0x7C, 0x00, 0x0E, 0x6B, 0x7C, 0x00, 0x0D,
    0x6B, 0x7C, 0x00, 0x0C, 0x6B, 0x7C, 0x00, 0x0C, 0x6B, 0x7C, 0x00, 0x0D, 0x6B, 0x7C, 0x00, 0x0F,
    0x6B, 0x7C, 0x00, 0x0D, 0x6B, 0x7C, 0x08, 0x2A, 0x6B, 0x7C, 0x00, 0x0C, 0x6B, 0x7C, 0x00, 0x2B,
    0x6B, 0x7C, 0x08, 0x2A, 0x6B, 0x7C, 0x08, 0x2A, 0x6B, 0x7C, 0x08, 0x2A, 0x6B, 0x7C, 0x00, 0x2B,
    0x6B, 0x7C, 0x08, 0x2A, 0x6B, 0x7C, 0x00, 0x2A, 0x6B, 0x7C, 0x00, 0x0E, 0x6B, 0x7C, 0x00, 0x0F,
    0x6B, 0x7C, 0x00, 0x0E, 0x6B, 0x7C, 0x08, 0x2A, 0x6B, 0x7C, 0x08, 0x2A, 0x6B, 0x7C, 0x00, 0x2B,
    0x6B, 0x7C, 0x00, 0x0B, 0x6B, 0x7C, 0x00, 0x2B, 0x6B, 0x7C, 0x08, 0x2A, 0x6B, 0x7C, 0x00, 0x2B,
    0x6B, 0x7C, 0x00, 0x0B, 0x6B, 0x7C, 0x00, 0x0C, 0x6B, 0x7C, 0x00, 0x0C, 0x6B, 0x7C, 0x00, 0x2A,
    0x6B, 0x7C, 0x00, 0x2B, 0x6B, 0x7C, 0x00, 0x0E, 0x6B, 0x7C, 0x00, 0x0E, 0x6B, 0x7C, 0x00, 0x0E,
    0x6B, 0x7C, 0x00, 0x0E, 0x6B, 0x7C, 0x00, 0x0E, 0x6B, 0x7C, 0x00, 0x0D, 0x6B, 0x7C, 0x00, 0x0C,
    0x6B, 0x7C, 0x00, 0x0C, 0x6B, 0x7C, 0x52, 0xAA, 0x00, 0x00, 0x00, 0x00, 0x00, 0x00, 0x00, 0x00,
    0x00, 0x00, 0x00, 0x00, 0x00, 0x00, 0x00, 0x00, 0x00, 0x00, 0x00, 0x00, 0x00, 0x00, 0x00, 0x00,
    0x00, 0x00, 0x00, 0x00, 0x00, 0x00, 0x00, 0x00, 0x00, 0x00, 0x00, 0x00, 0x00, 0x00, 0x00, 0x00,
    0x00, 0x00, 0x00, 0x00, 0x00, 0x00, 0x00, 0x00, 0x00, 0x00, 0x00, 0x00, 0x00, 0x00, 0x00, 0x00,
    0x00, 0x00, 0x00, 0x00, 0x00, 0x00, 0x00, 0x00, 0x00, 0x00, 0x00, 0x00, 0x00, 0x00, 0x00, 0x00,
    0x00, 0x00, 0x52, 0xAA, 0x6B, 0x7C, 0x08, 0x2A, 0x6B, 0x7C, 0x00, 0x2B, 0x6B, 0x7C, 0x00, 0x0B,
    0x6B, 0x7C, 0x00, 0x0C, 0x6B, 0x7C, 0x00, 0x0C, 0x6B, 0x7C, 0x00, 0x2A, 0x6B, 0x7C, 0x00, 0x2B,
    0x6B, 0x7C, 0x00, 0x0E, 0x6B, 0x7C, 0x00, 0x0E, 0x6B, 0x7C, 0x00, 0x0E, 0x6B, 0x7C, 0x00, 0x0E,
    0x6B, 0x7C, 0x00, 0x0E, 0x6B, 0x7C, 0x00, 0x0D, 0x6B, 0x7C, 0x00, 0x0C, 0x6B, 0x7C, 0x00, 0x0C,
    0x6B, 0x7C, 0x00, 0x0D, 0x6B, 0x7C, 0x00, 0x0F, 0x6B, 0x7C, 0x00, 0x0D, 0x6B, 0x7C, 0x08, 0x2A,
    0x6B, 0x7C, 0x00, 0x0C, 0x6B, 0x7C, 0x00, 0x2B, 0x5A, 0xD7, 0x08, 0x2A, 0x00, 0x00, 0x08, 0x2A,
    0x00, 0x0C, 0xA5, 0x1F, 0x00, 0x0D, 0x7B, 0xDF, 0x00, 0x2B, 0x6B, 0x7C, 0x08, 0x2A, 0x6B, 0x7C,
    0x00, 0x2B, 0x6B, 0x7C, 0x00, 0x0D, 0x6B, 0x7C, 0x00, 0x0D, 0x6B, 0x7C, 0x00, 0x0E, 0x6B, 0x7C,
    0x00, 0x0E, 0x6B, 0x7C, 0x00, 0x0E, 0x6B, 0x7C, 0x00, 0x0E, 0x6B, 0x7C, 0x00, 0x2B, 0x6B, 0x7C,
    0x00, 0x0C, 0x6B, 0x7C, 0x00, 0x0D, 0x6B, 0x7C, 0x00, 0x0F, 0x6B, 0x7C, 0x00, 0x0D, 0x6B, 0x7C,
    0x00, 0x0B, 0x6B, 0x7C, 0x00, 0x0E, 0x6B, 0x7C, 0x00, 0x0C, 0x6B, 0x7C, 0x08, 0x2A, 0x6B, 0x7C,
    0x08, 0x2A, 0x6B, 0x7C, 0x00, 0x2B, 0x6B, 0x7C, 0x00, 0x2B, 0x6B, 0x7C, 0x08, 0x2A, 0x6B, 0x7C,
    0x08, 0x2A, 0x52, 0xAA, 0x00, 0x00, 0x84, 0x10, 0x73, 0xAE, 0x84, 0x10, 0x8C, 0x71, 0x9C, 0xD3,
    0xA5, 0x34, 0xAD, 0x55, 0xB5, 0xB6, 0xB5, 0xB6, 0xBD, 0xF7, 0xBD, 0xD7, 0x00, 0x00, 0x84, 0x10,
    0x73, 0xAE, 0x84, 0x10, 0x8C, 0x71, 0x9C, 0xD3, 0xA5, 0x34, 0xAD, 0x55, 0xB5, 0xB6, 0xB5, 0xB6,
    0xBD, 0xF7, 0xBD, 0xD7, 0x00, 0x00, 0x84, 0x10, 0x73, 0xAE, 0x84, 0x10, 0x8C, 0x71, 0x9C, 0xD3,
    0xA5, 0x34, 0xAD, 0x55, 0xB5, 0xB6, 0xB5, 0xB6, 0xBD, 0xF7, 0xBD, 0xD7, 0x00, 0x00, 0x52, 0xAA,
    0x00, 0x0E, 0x6B, 0x7C, 0x00, 0x0E, 0x6B, 0x7C, 0x00, 0x2B, 0x6B, 0x7C, 0x00, 0x0C, 0x6B, 0x7C,
    0x00, 0x0D, 0x6B, 0x7C, 0x00, 0x0F, 0x6B, 0x7C, 0x00, 0x0D, 0x6B, 0x7C, 0x00, 0x0B, 0x6B, 0x7C,
    0x00, 0x0E, 0x6B, 0x7C, 0x00, 0x0C, 0x6B, 0x7C, 0x08, 0x2A, 0x6B, 0x7C, 0x08, 0x2A, 0x6B, 0x7C,
    0x00, 0x2B, 0x6B, 0x7C, 0x00, 0x2B, 0x6B, 0x7C, 0x08, 0x2A, 0x6B, 0x7C, 0x08, 0x2A, 0x6B, 0x7C,
    0x00, 0x0C, 0x6B, 0x7C, 0x00, 0x0E, 0x6B, 0x7C, 0x00, 0x0C, 0x6B, 0x7C, 0x08, 0x2A, 0x6B, 0x7C,
    0x08, 0x2A, 0x6B, 0x7C, 0x00, 0x2B, 0x6B, 0x7C, 0x00, 0x2B, 0x6B, 0x7C, 0x08, 0x2A, 0x6B, 0x7C,
    0x00, 0x2B, 0x6B, 0x7C, 0x00, 0x0C, 0x6B, 0x7C, 0x00, 0x0C, 0x6B, 0x7C, 0x00, 0x0D, 0x6B, 0x7C,
    0x00, 0x2B, 0x6B, 0x7C, 0x08, 0x2A, 0x6B, 0x7C, 0x00, 0x2B, 0x6B, 0x7C, 0x00, 0x0D, 0x6B, 0x7C,
    0x00, 0x0D, 0x6B, 0x7C, 0x00, 0x0E, 0x6B, 0x7C, 0x00, 0x0E, 0x6B, 0x7C, 0x00, 0x0E, 0x6B, 0x7C,
    0x00, 0x0E, 0x6B, 0x7C, 0x00, 0x2B, 0x6B, 0x7C, 0x00, 0x0C, 0x6B, 0x7C, 0x00, 0x0D, 0x6B, 0x7C,
    0x00, 0x0F, 0x6B, 0x7C, 0x00, 0x0D, 0x6B, 0x7C, 0x00, 0x0B, 0x6B, 0x7C, 0x00, 0x0E, 0x6B, 0x7C,
    0x00, 0x0C, 0x6B, 0x7C, 0x08, 0x2A, 0x6B, 0x7C, 0x08, 0x2A, 0x6B, 0x7C, 0x00, 0x2B, 0x6B, 0x7C,
    0x00, 0x2B, 0x6B, 0x7C, 0x08, 0x2A, 0x6B, 0x7C, 0x08, 0x2A, 0x6B, 0x7C, 0x00, 0x0C, 0x6B, 0x7C,
    0x00, 0x0E, 0x6B, 0x7C, 0x00, 0x0C, 0x6B, 0x7C, 0x08, 0x2A, 0x6B, 0x7C, 0x08, 0x2A, 0x6B, 0x7C,
    0x00, 0x2B, 0x6B, 0x7C, 0x00, 0x2B, 0x6B, 0x7C, 0x08, 0x2A, 0x6B, 0x7C, 0x00, 0x2B, 0x6B, 0x7C,
    0x00, 0x0C, 0x6B, 0x7C, 0x00, 0x0C, 0x6B, 0x7C, 0x00, 0x0D, 0x6B, 0x7C, 0x00, 0x2B, 0x6B, 0x7C,
    0x08, 0x2A, 0x6B, 0x7C, 0x00, 0x2B, 0x6B, 0x7C, 0x00, 0x0D, 0x6B, 0x7C, 0x00, 0x0D, 0x6B, 0x7C,
    0x00, 0x0E, 0x6B, 0x7C, 0x00, 0x0E, 0x6B, 0x7C, 0x00, 0x0E, 0x6B, 0x7C, 0x00, 0x0E, 0x6B, 0x7C,
    0x00, 0x2B, 0x6B, 0x7C, 0x00, 0x0C, 0x52, 0xAA, 0x00, 0x00, 0x84, 0x10, 0x73, 0xAE, 0x84, 0x10,
    0x8C, 0x71, 0x9C, 0xD3, 0xA5, 0x34, 0xAD, 0x55, 0xB5, 0xB6, 0xB5, 0xB6, 0xBD, 0xF7, 0xBD, 0xD7,
    0x00, 0x00, 0x84, 0x10, 0x73, 0xAE, 0x84, 0x10, 0x8C, 0x71, 0x9C, 0xD3, 0xA5, 0x34, 0xAD, 0x55,
    0xB5, 0xB6, 0xB5, 0xB6, 0xBD, 0xF7, 0xBD, 0xD7, 0x00, 0x00, 0x84, 0x10, 0x73, 0xAE, 0x84, 0x10,
    0x8C, 0x71, 0x9C, 0xD3, 0xA5, 0x34, 0xAD, 0x55, 0xB5, 0xB6, 0xB5, 0xB6, 0xBD, 0xF7, 0xBD, 0xD7,
    0x00, 0x00, 0x52, 0xAA, 0x08, 0x2A, 0x6B, 0x7C, 0x00, 0x2B, 0x6B, 0x7C, 0x00, 0x0C, 0x6B, 0x7C,
    0x00, 0x0C, 0x6B, 0x7C, 0x00, 0x0D, 0x6B, 0x7C, 0x00, 0x2B, 0x6B, 0x7C, 0x08, 0x2A, 0x6B, 0x7C,
    0x00, 0x2B, 0x6B, 0x7C, 0x00, 0x0D, 0x6B, 0x7C, 0x00, 0x0D, 0x6B, 0x7C, 0x00, 0x0E, 0x6B, 0x7C,
    0x00, 0x0E, 0x6B, 0x7C, 0x00, 0x0E, 0x6B, 0x7C, 0x00, 0x0E, 0x6B, 0x7C, 0x00, 0x2B, 0x6B, 0x7C,
    0x00, 0x0C, 0x6B, 0x7C, 0x00, 0x0D, 0x6B, 0x7C, 0x00, 0x0F, 0x6B, 0x7C, 0x00, 0x0D, 0x6B, 0x7C,
    0x00, 0x0B, 0x6B, 0x7C, 0x00, 0x0E, 0x9C, 0xFF, 0x00, 0x0C, 0x00, 0x00, 0x08, 0x2A, 0x00, 0x00,
    0xEF, 0x7F, 0x00, 0x0D, 0x9C, 0xDF, 0x00, 0x0D, 0x00, 0x00, 0x08, 0x2A, 0x6B, 0x7C, 0x08, 0x2A,
    0x6B, 0x7C, 0x08, 0x2A, 0x6B, 0x7C, 0x00, 0x0C, 0x6B, 0x7C, 0x00, 0x0D, 0x6B, 0x7C, 0x00, 0x0C,
    0x6B, 0x7C, 0x00, 0x0C, 0x6B, 0x7C, 0x00, 0x0E, 0x6B, 0x7C, 0x00, 0x0C, 0x6B, 0x7C, 0x08, 0x2A,
    0x6B, 0x7C, 0x00, 0x0D, 0x6B, 0x7C, 0x00, 0x0D, 0x6B, 0x7C, 0x00, 0x0F, 0x6B, 0x7C, 0x00, 0x0C,
    0x6B, 0x7C, 0x00, 0x0D, 0x6B, 0x7C, 0x00, 0x0F, 0x6B, 0x7C, 0x00, 0x0E, 0x6B, 0x7C, 0x00, 0x0C,
    0x6B, 0x7C, 0x00, 0x2B, 0x6B, 0x7C, 0x00, 0x0D, 0x6B, 0x7C, 0x08, 0x2A, 0x6B, 0x7C, 0x08, 0x2A,
    0x6B, 0x7C, 0x52, 0xAA, 0x00, 0x00, 0x84, 0x10, 0x7B, 0xEF, 0x84, 0x30, 0x94, 0x92, 0x94, 0x92,
    0x84, 0x10, 0x84, 0x30, 0xA5, 0x14, 0xBD, 0xF7, 0xC6, 0x38, 0xBD, 0xF7, 0x00, 0x00, 0x84, 0x10,
    0x7B, 0xEF, 0x84, 0x30, 0x94, 0x92, 0x94, 0x92, 0x84, 0x10, 0x84, 0x30, 0xA5, 0x14, 0xBD, 0xF7,
    0xC6, 0x38, 0xBD, 0xF7, 0x00, 0x00, 0x84, 0x10, 0x7B, 0xEF, 0x84, 0x30, 0x94, 0x92, 0x94, 0x92,
    0x84, 0x10, 0x84, 0x30, 0xA5, 0x14, 0xBD, 0xF7, 0xC6, 0x38, 0xBD, 0xF7, 0x00, 0x00, 0x52, 0xAA,
    0x6B, 0x7C, 0x00, 0x0E, 0x6B, 0x7C, 0x00, 0x0C, 0x6B, 0x7C, 0x08, 0x2A, 0x6B, 0x7C, 0x00, 0x0D,
    0x6B, 0x7C, 0x00, 0x0D, 0x6B, 0x7C, 0x00, 0x0F, 0x6B, 0x7C, 0x00, 0x0C, 0x6B, 0x7C, 0x00, 0x0D,
    0x6B, 0x7C, 0x00, 0x0F, 0x6B, 0x7C, 0x00, 0x0E, 0x6B, 0x7C, 0x00, 0x0C, 0x6B, 0x7C, 0x00, 0x2B,
    0x6B, 0x7C, 0x00, 0x0D, 0x6B, 0x7C, 0x08, 0x2A, 0x6B, 0x7C, 0x08, 0x2A, 0x6B, 0x7C, 0x08, 0x2A,
    0x6B, 0x7C, 0x00, 0x0B, 0x6B, 0x7C, 0x00, 0x0E, 0x6B, 0x7C, 0x00, 0x2B, 0x6B, 0x7C, 0x08, 0x2A,
    0x6B, 0x7C, 0x00, 0x0B, 0x6B, 0x7C, 0x08, 0x2A, 0x6B, 0x7C, 0x08, 0x2A, 0x6B, 0x7C, 0x00, 0x2B,
    0x6B, 0x7C, 0x00, 0x0D, 0x6B, 0x7C, 0x00, 0x0C, 0x6B, 0x7C, 0x00, 0x0D, 0x6B, 0x7C, 0x00, 0x0D,
    0x6B, 0x7C, 0x08, 0x2A, 0x6B, 0x7C, 0x08, 0x2A, 0x6B, 0x7C, 0x08, 0x2A, 0x6B, 0x7C, 0x00, 0x0C,
    0x6B, 0x7C, 0x00, 0x0D, 0x6B, 0x7C, 0x00, 0x0C, 0x6B, 0x7C, 0x00, 0x0C, 0x6B, 0x7C, 0x00, 0x0E,
    0x6B, 0x7C, 0x00, 0x0C, 0x6B, 0x7C, 0x08, 0x2A, 0x6B, 0x7C, 0x00, 0x0D, 0x6B, 0x7C, 0x00, 0x0D,
    0x6B, 0x7C, 0x00, 0x0F, 0x6B, 0x7C, 0x00, 0x0C, 0x6B, 0x7C, 0x00, 0x0D, 0x6B, 0x7C, 0x00, 0x0F,
    0x6B, 0x7C, 0x00, 0x0E, 0x6B, 0x7C, 0x00, 0x0C, 0x6B, 0x7C, 0x00, 0x2B, 0x6B, 0x7C, 0x00, 0x0D,
    0x6B, 0x7C, 0x08, 0x2A, 0x6B, 0x7C, 0x08, 0x2A, 0x6B, 0x7C, 0x08, 0x2A, 0x6B, 0x7C, 0x00, 0x0B,
    0x6B, 0x7C, 0x00, 0x0E, 0x6B, 0x7C, 0x00, 0x2B, 0x6B, 0x7C, 0x08, 0x2A, 0x6B, 0x7C, 0x00, 0x0B,
    0x6B, 0x7C, 0x08, 0x2A, 0x6B, 0x7C, 0x08, 0x2A, 0x6B, 0x7C, 0x00, 0x2B, 0x6B, 0x7C, 0x00, 0x0D,
    0x6B, 0x7C, 0x00, 0x0C, 0x6B, 0x7C, 0x00, 0x0D, 0x6B, 0x7C, 0x00, 0x0D, 0x6B, 0x7C, 0x08, 0x2A,
    0x6B, 0x7C, 0x08, 0x2A, 0x6B, 0x7C, 0x08, 0x2A, 0x6B, 0x7C, 0x00, 0x0C, 0x6B, 0x7C, 0x00, 0x0D,
    0x6B, 0x7C, 0x00, 0x0C, 0x6B, 0x7C, 0x00, 0x0C, 0x6B, 0x7C, 0x00, 0x0E, 0x6B, 0x7C, 0x00, 0x0C,
    0x6B, 0x7C, 0x08, 0x2A, 0x6B, 0x7C, 0x52, 0xAA, 0x00, 0x00, 0x84, 0x10, 0x7B, 0xEF, 0x84, 0x30,
    0x94, 0x92, 0x94, 0x92, 0x84, 0x10, 0x84, 0x30, 0xA5, 0x14, 0xBD, 0xF7, 0xC6, 0x38, 0xBD, 0xF7,
    0x00, 0x00, 0x84, 0x10, 0x7B, 0xEF, 0x84, 0x30, 0x94, 0x92, 0x94, 0x92, 0x84, 0x10, 0x84, 0x30,
    0xA5, 0x14, 0xBD, 0xF7, 0xC6, 0x38, 0xBD, 0xF7, 0x00, 0x00, 0x84, 0x10, 0x7B, 0xEF, 0x84, 0x30,
    0x94, 0x92, 0x94, 0x92, 0x84, 0x10, 0x84, 0x30, 0xA5, 0x14, 0xBD, 0xF7, 0xC6, 0x38, 0xBD, 0xF7,
    0x00, 0x00, 0x52, 0xAA, 0x6B, 0x7C, 0x00, 0x2B, 0x6B, 0x7C, 0x00, 0x0D, 0x6B, 0x7C, 0x00, 0x0C,
    0x6B, 0x7C, 0x00, 0x0D, 0x6B, 0x7C, 0x00, 0x0D, 0x6B, 0x7C, 0x08, 0x2A, 0x6B, 0x7C, 0x08, 0x2A,
    0x6B, 0x7C, 0x08, 0x2A, 0x6B, 0x7C, 0x00, 0x0C, 0x6B, 0x7C, 0x00, 0x0D, 0x6B, 0x7C, 0x00, 0x0C,
    0x6B, 0x7C, 0x00, 0x0C, 0x6B, 0x7C, 0x00, 0x0E, 0x6B, 0x7C, 0x00, 0x0C, 0x6B, 0x7C, 0x08, 0x2A,
    0x6B, 0x7C, 0x00, 0x0D, 0x6B, 0x7C, 0x00, 0x0D, 0x6B, 0x7C, 0x00, 0x0F, 0x6B, 0x7C, 0x00, 0x0C,
    0x6B, 0x7C, 0x00, 0x0D, 0x6B, 0x7C, 0x00, 0x0F, 0x5A, 0xF8, 0x00, 0x0E, 0x00, 0x00, 0x00, 0x0C,
    0x00, 0x0B, 0xAD, 0x3F, 0x00, 0x0D, 0x7B, 0xFF, 0x00, 0x0C, 0x73, 0x7C, 0x00, 0x2B, 0x73, 0x7C,
    0x08, 0x2A, 0x73, 0x7C, 0x08, 0x2A, 0x73, 0x7C, 0x00, 0x0C, 0x73, 0x7C, 0x00, 0x0D, 0x73, 0x7C,
    0x00, 0x2B, 0x73, 0x7C, 0x00, 0x0C, 0x73, 0x7C, 0x00, 0x0D, 0x73, 0x7C, 0x08, 0x2A, 0x73, 0x7C,
    0x00, 0x2B, 0x73, 0x7C, 0x00, 0x0C, 0x73, 0x7C, 0x00, 0x0C, 0x73, 0x7C, 0x00, 0x0D, 0x73, 0x7C,
    0x00, 0x2B, 0x73, 0x7C, 0x00, 0x0E, 0x73, 0x7C, 0x00, 0x10, 0x73, 0x7C, 0x00, 0x10, 0x73, 0x7C,
    0x00, 0x0C, 0x73, 0x7C, 0x00, 0x0E, 0x73, 0x7C, 0x00, 0x0C, 0x73, 0x7C, 0x00, 0x2B, 0x73, 0x7C,
    0x08, 0x2A, 0x52, 0xAA, 0x00, 0x00, 0x73, 0xAE, 0x73, 0x8E, 0x7B, 0xCF, 0x7B, 0xEF, 0x63, 0x2C,
    0x4A, 0x49, 0x39, 0xE7, 0x4A, 0x69, 0x8C, 0x51, 0xBD, 0xF7, 0xB5, 0xB6, 0x00, 0x00, 0x73, 0xAE,
    0x73, 0x8E, 0x7B, 0xCF, 0x7B, 0xEF, 0x63, 0x2C, 0x4A, 0x49, 0x39, 0xE7, 0x4A, 0x69, 0x8C, 0x51,
    0xBD, 0xF7, 0xB5, 0xB6, 0x00, 0x00, 0x73, 0xAE, 0x73, 0x8E, 0x7B, 0xCF, 0x7B, 0xEF, 0x63, 0x2C,
    0x4A, 0x49, 0x39, 0xE7, 0x4A, 0x69, 0x8C, 0x51, 0xBD, 0xF7, 0xB5, 0xB6, 0x00, 0x00, 0x52, 0xAA,
    0x00, 0x0C, 0x73, 0x7C, 0x00, 0x0D, 0x73, 0x7C, 0x08, 0x2A, 0x73, 0x7C, 0x00, 0x2B, 0x73, 0x7C,
    0x00, 0x0C, 0x73, 0x7C, 0x00, 0x0C, 0x73, 0x7C, 0x00, 0x0D, 0x73, 0x7C, 0x00, 0x2B, 0x73, 0x7C,
    0x00, 0x0E, 0x73, 0x7C, 0x00, 0x10, 0x73, 0x7C, 0x00, 0x10, 0x73, 0x7C, 0x00, 0x0C, 0x73, 0x7C,
    0x00, 0x0E, 0x73, 0x7C, 0x00, 0x0C, 0x73, 0x7C, 0x00, 0x2B, 0x73, 0x7C, 0x08, 0x2A, 0x73, 0x7C,
    0x08, 0x2A, 0x73, 0x7C, 0x00, 0x0D, 0x73, 0x7C, 0x00, 0x0E, 0x73, 0x7C, 0x00, 0x2B, 0x73, 0x7C,
    0x00, 0x0B, 0x73, 0x7C, 0x00, 0x2B, 0x73, 0x7C, 0x08, 0x2A, 0x73, 0x7C, 0x08, 0x2A, 0x73, 0x7C,
    0x00, 0x0C, 0x73, 0x7C, 0x00, 0x0C, 0x73, 0x7C, 0x00, 0x0B, 0x73, 0x7C, 0x00, 0x0D, 0x73, 0x7C,
    0x00, 0x0C, 0x73, 0x7C, 0x00, 0x2B, 0x73, 0x7C, 0x08, 0x2A, 0x73, 0x7C, 0x08, 0x2A, 0x73, 0x7C,
    0x00, 0x0C, 0x73, 0x7C, 0x00, 0x0D, 0x73, 0x7C, 0x00, 0x2B, 0x73, 0x7C, 0x00, 0x0C, 0x73, 0x7C,
    0x00, 0x0D, 0x73, 0x7C, 0x08, 0x2A, 0x73, 0x7C, 0x00, 0x2B, 0x73, 0x7C, 0x00, 0x0C, 0x73, 0x7C,
    0x00, 0x0C, 0x73, 0x7C, 0x00, 0x0D, 0x73, 0x7C, 0x00, 0x2B, 0x73, 0x7C, 0x00, 0x0E, 0x73, 0x7C,
    0x00, 0x10, 0x73, 0x7C, 0x00, 0x10, 0x73, 0x7C, 0x00, 0x0C, 0x73, 0x7C, 0x00, 0x0E, 0x73, 0x7C,
    0x00, 0x0C, 0x73, 0x7C, 0x00, 0x2B, 0x73, 0x7C, 0x08, 0x2A, 0x73, 0x7C, 0x08, 0x2A, 0x73, 0x7C,
    0x00, 0x0D, 0x73, 0x7C, 0x00, 0x0E, 0x73, 0x7C, 0x00, 0x2B, 0x73, 0x7C, 0x00, 0x0B, 0x73, 0x7C,
    0x00, 0x2B, 0x73, 0x7C, 0x08, 0x2A, 0x73, 0x7C, 0x08, 0x2A, 0x73, 0x7C, 0x00, 0x0C, 0x73, 0x7C,
    0x00, 0x0C, 0x73, 0x7C, 0x00, 0x0B, 0x73, 0x7C, 0x00, 0x0D, 0x73, 0x7C, 0x00, 0x0C, 0x73, 0x7C,
    0x00, 0x2B, 0x73, 0x7C, 0x08, 0x2A, 0x73, 0x7C, 0x08, 0x2A, 0x73, 0x7C, 0x00, 0x0C, 0x73, 0x7C,
    0x00, 0x0D, 0x73, 0x7C, 0x00, 0x2B, 0x73, 0x7C, 0x00, 0x0C, 0x73, 0x7C, 0x00, 0x0D, 0x73, 0x7C,
    0x08, 0x2A, 0x73, 0x7C, 0x00, 0x2B, 0x52, 0xAA, 0x00, 0x00, 0x73, 0xAE, 0x73, 0x8E, 0x7B, 0xCF,
    0x7B, 0xEF, 0x63, 0x2C, 0x4A, 0x49, 0x39, 0xE7, 0x4A, 0x69, 0x8C, 0x51, 0xBD, 0xF7, 0xB5, 0xB6,
    0x00, 0x00, 0x73, 0xAE, 0x73, 0x8E, 0x7B, 0xCF, 0x7B, 0xEF, 0x63, 0x2C, 0x4A, 0x49, 0x39, 0xE7,
    0x4A, 0x69, 0x8C, 0x51, 0xBD, 0xF7, 0xB5, 0xB6, 0x00, 0x00, 0x73, 0xAE, 0x73, 0x8E, 0x7B, 0xCF,
    0x7B, 0xEF, 0x63, 0x2C, 0x4A, 0x49, 0x39, 0xE7, 0x4A, 0x69, 0x8C, 0x51, 0xBD, 0xF7, 0xB5, 0xB6,
    0x00, 0x00, 0x52, 0xAA, 0x08, 0x2A, 0x73, 0x7C, 0x00, 0x0C, 0x73, 0x7C, 0x00, 0x0C, 0x73, 0x7C,
    0x00, 0x0B, 0x73, 0x7C, 0x00, 0x0D, 0x73, 0x7C, 0x00, 0x0C, 0x73, 0x7C, 0x00, 0x2B, 0x73, 0x7C,
    0x08, 0x2A, 0x73, 0x7C, 0x08, 0x2A, 0x73, 0x7C, 0x00, 0x0C, 0x73, 0x7C, 0x00, 0x0D, 0x73, 0x7C,
    0x00, 0x2B, 0x73, 0x7C, 0x00, 0x0C, 0x73, 0x7C, 0x00, 0x0D, 0x73, 0x7C, 0x08, 0x2A, 0x73, 0x7C,
    0x00, 0x2B, 0x73, 0x7C, 0x00, 0x0C, 0x73, 0x7C, 0x00, 0x0C, 0x73, 0x7C, 0x00, 0x0D, 0x73, 0x7C,
    0x00, 0x2B, 0x73, 0x7C, 0x00, 0x0E, 0xA4, 0xFF, 0x00, 0x10, 0x00, 0x00, 0x00, 0x10, 0x00, 0x00,
    0xF7, 0x9F, 0x00, 0x2B, 0x9C, 0xFF, 0x00, 0x0C, 0x00, 0x00, 0x00, 0x0D, 0x73, 0x9D, 0x00, 0x2B,
    0x73, 0x9D, 0x08, 0x2A, 0x73, 0x9D, 0x08, 0x2A, 0x73, 0x9D, 0x00, 0x0C, 0x73, 0x9D, 0x00, 0x0C,
    0x73, 0x9D, 0x00, 0x2B, 0x73, 0x9D, 0x00, 0x0C, 0x73, 0x9D, 0x00, 0x0C, 0x73, 0x9D, 0x08, 0x2A,
    0x73, 0x9D, 0x00, 0x2B, 0x73, 0x9D, 0x08, 0x2A, 0x73, 0x9D, 0x08, 0x2A, 0x73, 0x9D, 0x08, 0x2A,
    0x73, 0x9D, 0x00, 0x2B, 0x73, 0x9D, 0x00, 0x0D, 0x73, 0x9D, 0x00, 0x0F, 0x73, 0x9D, 0x00, 0x0E,
    0x73, 0x9D, 0x00, 0x0E, 0x73, 0x9D, 0x00, 0x0F, 0x73, 0x9D, 0x00, 0x0C, 0x73, 0x9D, 0x00, 0x0C,
    0x73, 0x9D, 0x52, 0xAA, 0x00, 0x00, 0x6B, 0x6D, 0x63, 0x2C, 0x84, 0x10, 0x8C, 0x51, 0x73, 0x8E,
    0x4A, 0x49, 0x29, 0x65, 0x29, 0x45, 0x4A, 0x69, 0xA5, 0x14, 0xB5, 0xB6, 0x00, 0x00, 0x6B, 0x6D,
    0x63, 0x2C, 0x84, 0x10, 0x8C, 0x51, 0x73, 0x8E, 0x4A, 0x49, 0x29, 0x65, 0x29, 0x45, 0x4A, 0x69,
    0xA5, 0x14, 0xB5, 0xB6, 0x00, 0x00, 0x6B, 0x6D, 0x63, 0x2C, 0x84, 0x10, 0x8C, 0x51, 0x73, 0x8E,
    0x4A, 0x49, 0x29, 0x65, 0x29, 0x45, 0x4A, 0x69, 0xA5, 0x14, 0xB5, 0xB6, 0x00, 0x00, 0x52, 0xAA,
    0x73, 0x9D, 0x00, 0x0C, 0x73, 0x9D, 0x00, 0x0C, 0x73, 0x9D, 0x08, 0x2A, 0x73, 0x9D, 0x00, 0x2B,
    0x73, 0x9D, 0x08, 0x2A, 0x73, 0x9D, 0x08, 0x2A, 0x73, 0x9D, 0x08, 0x2A, 0x73, 0x9D, 0x00, 0x2B,
    0x73, 0x9D, 0x00, 0x0D, 0x73, 0x9D, 0x00, 0x0F, 0x73, 0x9D, 0x00, 0x0E, 0x73, 0x9D, 0x00, 0x0E,
    0x73, 0x9D, 0x00, 0x0F, 0x73, 0x9D, 0x00, 0x0C, 0x73, 0x9D, 0x00, 0x0C, 0x73, 0x9D, 0x08, 0x2A,
    0x73, 0x9D, 0x08, 0x2A, 0x73, 0x9D, 0x00, 0x0F, 0x73, 0x9D, 0x00, 0x0E, 0x73, 0x9D, 0x00, 0x2B,
    0x73, 0x9D, 0x00, 0x0C, 0x73, 0x9D, 0x08, 0x2A, 0x73, 0x9D, 0x08, 0x2A, 0x73, 0x9D, 0x00, 0x2B,
    0x73, 0x9D, 0x00, 0x2B, 0x73, 0x9D, 0x08, 0x2A, 0x73, 0x9D, 0x00, 0x2B, 0x73, 0x9D, 0x00, 0x0C,
    0x73, 0x9D, 0x00, 0x0D, 0x73, 0x9D, 0x00, 0x2B, 0x73, 0x9D, 0x08, 0x2A, 0x73, 0x9D, 0x08, 0x2A,
    0x73, 0x9D, 0x00, 0x0C, 0x73, 0x9D, 0x00, 0x0C, 0x73, 0x9D, 0x00, 0x2B, 0x73, 0x9D, 0x00, 0x0C,
    0x73, 0x9D, 0x00, 0x0C, 0x73, 0x9D, 0x08, 0x2A, 0x73, 0x9D, 0x00, 0x2B, 0x73, 0x9D, 0x08, 0x2A,
    0x73, 0x9D, 0x08, 0x2A, 0x73, 0x9D, 0x08, 0x2A, 0x73, 0x9D, 0x00, 0x2B, 0x73, 0x9D, 0x00, 0x0D,
    0x73, 0x9D, 0x00, 0x0F, 0x73, 0x9D, 0x00, 0x0E, 0x73, 0x9D, 0x00, 0x0E, 0x73, 0x9D, 0x00, 0x0F,
    0x73, 0x9D, 0x00, 0x0C, 0x73, 0x9D, 0x00, 0x0C, 0x73, 0x9D, 0x08, 0x2A, 0x73, 0x9D, 0x08, 0x2A,
    0x73, 0x9D, 0x00, 0x0F, 0x73, 0x9D, 0x00, 0x0E, 0x73, 0x9D, 0x00, 0x2B, 0x73, 0x9D, 0x00, 0x0C,
    0x73, 0x9D, 0x08, 0x2A, 0x73, 0x9D, 0x08, 0x2A, 0x73, 0x9D, 0x00, 0x2B, 0x73, 0x9D, 0x00, 0x2B,
    0x73, 0x9D, 0x08, 0x2A, 0x73, 0x9D, 0x00, 0x2B, 0x73, 0x9D, 0x00, 0x0C, 0x73, 0x9D, 0x00, 0x0D,
    0x73, 0x9D, 0x00, 0x2B, 0x73, 0x9D, 0x08, 0x2A, 0x73, 0x9D, 0x08, 0x2A, 0x73, 0x9D, 0x00, 0x0C,
    0x73, 0x9D, 0x00, 0x0C, 0x73, 0x9D, 0x00, 0x2B, 0x73, 0x9D, 0x00, 0x0C, 0x73, 0x9D, 0x00, 0x0C,
    0x73, 0x9D, 0x08, 0x2A, 0x73, 0x9D, 0x52, 0xAA, 0x00, 0x00, 0x6B, 0x6D, 0x63, 0x2C, 0x84, 0x10,
    0x8C, 0x51, 0x73, 0x8E, 0x4A, 0x49, 0x29, 0x65, 0x29, 0x45, 0x4A, 0x69, 0xA5, 0x14, 0xB5, 0xB6,
    0x00, 0x00, 0x6B, 0x6D, 0x63, 0x2C, 0x84, 0x10, 0x8C, 0x51, 0x73, 0x8E, 0x4A, 0x49, 0x29, 0x65,
    0x29, 0x45, 0x4A, 0x69, 0xA5, 0x14, 0xB5, 0xB6, 0x00, 0x00, 0x6B, 0x6D, 0x63, 0x2C, 0x84, 0x10,
    0x8C, 0x51, 0x73, 0x8E, 0x4A, 0x49, 0x29, 0x65, 0x29, 0x45, 0x4A, 0x69, 0xA5, 0x14, 0xB5, 0xB6,
    0x00, 0x00, 0x52, 0xAA, 0x73, 0x9D, 0x00, 0x2B, 0x73, 0x9D, 0x00, 0x2B, 0x73, 0x9D, 0x08, 0x2A,
    0x73, 0x9D, 0x00, 0x2B, 0x73, 0x9D, 0x00, 0x0C, 0x73, 0x9D, 0x00, 0x0D, 0x73, 0x9D, 0x00, 0x2B,
    0x73, 0x9D, 0x08, 0x2A, 0x73, 0x9D, 0x08, 0x2A, 0x73, 0x9D, 0x00, 0x0C, 0x73, 0x9D, 0x00, 0x0C,
    0x73, 0x9D, 0x00, 0x2B, 0x73, 0x9D, 0x00, 0x0C, 0x73, 0x9D, 0x00, 0x0C, 0x73, 0x9D, 0x08, 0x2A,
    0x73, 0x9D, 0x00, 0x2B, 0x73, 0x9D, 0x08, 0x2A, 0x73, 0x9D, 0x08, 0x2A, 0x73, 0x9D, 0x08, 0x2A,
    0x73, 0x9D, 0x00, 0x2B, 0x73, 0x9D, 0x00, 0x0D, 0x5A, 0xF8, 0x00, 0x0F, 0x00, 0x00, 0x00, 0x0E,
    0x08, 0x2A, 0xAD, 0x5F, 0x00, 0x0B, 0x84, 0x1F, 0x00, 0x0C, 0x73, 0x9D, 0x00, 0x0D, 0x73, 0x9D,
    0x08, 0x2A, 0x73, 0x9D, 0x08, 0x2A, 0x73, 0x9D, 0x08, 0x2A, 0x73, 0x9D, 0x00, 0x0D, 0x73, 0x9D,
    0x00, 0x0D, 0x73, 0x9D, 0x00, 0x2B, 0x73, 0x9D, 0x00, 0x0C, 0x73, 0x9D, 0x00, 0x2B, 0x73, 0x9D,
    0x00, 0x2B, 0x73, 0x9D, 0x08, 0x2A, 0x73, 0x9D, 0x08, 0x2A, 0x73, 0x9D, 0x08, 0x2A, 0x73, 0x9D,
    0x08, 0x2A, 0x73, 0x9D, 0x08, 0x2A, 0x73, 0x9D, 0x00, 0x2B, 0x73, 0x9D, 0x00, 0x0D, 0x73, 0x9D,
    0x00, 0x0C, 0x73, 0x9D, 0x00, 0x0D, 0x73, 0x9D, 0x00, 0x0C, 0x73, 0x9D, 0x00, 0x0C, 0x73, 0x9D,
    0x00, 0x0C, 0x52, 0xAA, 0x00, 0x00, 0x63, 0x0C, 0x5A, 0xCB, 0x9C, 0xF3, 0xAD, 0x55, 0x9C, 0xD3,
    0x5A, 0xCB, 0x18, 0xC3, 0x29, 0x65, 0x39, 0xE7, 0x84, 0x30, 0xAD, 0x55, 0x00, 0x00, 0x63, 0x0C,
    0x5A, 0xCB, 0x9C, 0xF3, 0xAD, 0x55, 0x9C, 0xD3, 0x5A, 0xCB, 0x18, 0xC3, 0x29, 0x65, 0x39, 0xE7,
    0x84, 0x30, 0xAD, 0x55, 0x00, 0x00, 0x63, 0x0C, 0x5A, 0xCB, 0x9C, 0xF3, 0xAD, 0x55, 0x9C, 0xD3,
    0x5A, 0xCB, 0x18, 0xC3, 0x29, 0x65, 0x39, 0xE7, 0x84, 0x30, 0xAD, 0x55, 0x00, 0x00, 0x52, 0xAA,
    0x00, 0x2B, 0x73, 0x9D, 0x00, 0x0C, 0x73, 0x9D, 0x00, 0x2B, 0x73, 0x9D, 0x00, 0x2B, 0x73, 0x9D,
    0x08, 0x2A, 0x73, 0x9D, 0x08, 0x2A, 0x73, 0x9D, 0x08, 0x2A, 0x73, 0x9D, 0x08, 0x2A, 0x73, 0x9D,
    0x08, 0x2A, 0x73, 0x9D, 0x00, 0x2B, 0x73, 0x9D, 0x00, 0x0D, 0x73, 0x9D, 0x00, 0x0C, 0x73, 0x9D,
    0x00, 0x0D, 0x73, 0x9D, 0x00, 0x0C, 0x73, 0x9D, 0x00, 0x0C, 0x73, 0x9D, 0x00, 0x0C, 0x73, 0x9D,
    0x08, 0x2A, 0x73, 0x9D, 0x00, 0x2B, 0x73, 0x9D, 0x00, 0x0F, 0x73, 0x9D, 0x00, 0x0C, 0x73, 0x9D,
    0x00, 0x0C, 0x73, 0x9D, 0x00, 0x2B, 0x73, 0x9D, 0x08, 0x2A, 0x73, 0x9D, 0x00, 0x2B, 0x73, 0x9D,
    0x00, 0x2B, 0x73, 0x9D, 0x08, 0x2A, 0x73, 0x9D, 0x08, 0x2A, 0x73, 0x9D, 0x00, 0x0B, 0x73, 0x9D,
    0x00, 0x0C, 0x73, 0x9D, 0x00, 0x0D, 0x73, 0x9D, 0x08, 0x2A, 0x73, 0x9D, 0x08, 0x2A, 0x73, 0x9D,
    0x08, 0x2A, 0x73, 0x9D, 0x00, 0x0D, 0x73, 0x9D, 0x00, 0x0D, 0x73, 0x9D, 0x00, 0x2B, 0x73, 0x9D,
    0x00, 0x0C, 0x73, 0x9D, 0x00, 0x2B, 0x73, 0x9D, 0x00, 0x2B, 0x73, 0x9D, 0x08, 0x2A, 0x73, 0x9D,
    0x08, 0x2A, 0x73, 0x9D, 0x08, 0x2A, 0x73, 0x9D, 0x08, 0x2A, 0x73, 0x9D, 0x08, 0x2A, 0x73, 0x9D,
    0x00, 0x2B, 0x73, 0x9D, 0x00, 0x0D, 0x73, 0x9D, 0x00, 0x0C, 0x73, 0x9D, 0x00, 0x0D, 0x73, 0x9D,
    0x00, 0x0C, 0x73, 0x9D, 0x00, 0x0C, 0x73, 0x9D, 0x00, 0x0C, 0x73, 0x9D, 0x08, 0x2A, 0x73, 0x9D,
    0x00, 0x2B, 0x73, 0x9D, 0x00, 0x0F, 0x73, 0x9D, 0x00, 0x0C, 0x73, 0x9D, 0x00, 0x0C, 0x73, 0x9D,
    0x00, 0x2B, 0x73, 0x9D, 0x08, 0x2A, 0x73, 0x9D, 0x00, 0x2B, 0x73, 0x9D, 0x00, 0x2B, 0x73, 0x9D,
    0x08, 0x2A, 0x73, 0x9D, 0x08, 0x2A, 0x73, 0x9D, 0x00, 0x0B, 0x73, 0x9D, 0x00, 0x0C, 0x73, 0x9D,
    0x00, 0x0D, 0x73, 0x9D, 0x08, 0x2A, 0x73, 0x9D, 0x08, 0x2A, 0x73, 0x9D, 0x08, 0x2A, 0x73, 0x9D,
    0x00, 0x0D, 0x73, 0x9D, 0x00, 0x0D, 0x73, 0x9D, 0x00, 0x2B, 0x73, 0x9D, 0x00, 0x0C, 0x73, 0x9D,
    0x00, 0x2B, 0x73, 0x9D, 0x00, 0x2B, 0x52, 0xAA, 0x00, 0x00, 0x63, 0x0C, 0x5A, 0xCB, 0x9C, 0xF3,
    0xAD, 0x55, 0x9C, 0xD3, 0x5A, 0xCB, 0x18, 0xC3, 0x29, 0x65, 0x39, 0xE7, 0x84, 0x30, 0xAD, 0x55,
    0x00, 0x00, 0x63, 0x0C, 0x5A, 0xCB, 0x9C, 0xF3, 0xAD, 0x55, 0x9C, 0xD3, 0x5A, 0xCB, 0x18, 0xC3,
    0x29, 0x65, 0x39, 0xE7, 0x84, 0x30, 0xAD, 0x55, 0x00, 0x00, 0x63, 0x0C, 0x5A, 0xCB, 0x9C, 0xF3,
    0xAD, 0x55, 0x9C, 0xD3, 0x5A, 0xCB, 0x18, 0xC3, 0x29, 0x65, 0x39, 0xE7, 0x84, 0x30, 0xAD, 0x55,
    0x00, 0x00, 0x52, 0xAA, 0x00, 0x2B, 0x73, 0x9D, 0x00, 0x2B, 0x73, 0x9D, 0x08, 0x2A, 0x73, 0x9D,
    0x08, 0x2A, 0x73, 0x9D, 0x00, 0x0B, 0x73, 0x9D, 0x00, 0x0C, 0x73, 0x9D, 0x00, 0x0D, 0x73, 0x9D,
    0x08, 0x2A, 0x73, 0x9D, 0x08, 0x2A, 0x73, 0x9D, 0x08, 0x2A, 0x73, 0x9D, 0x00, 0x0D, 0x73, 0x9D,
    0x00, 0x0D, 0x73, 0x9D, 0x00, 0x2B, 0x73, 0x9D, 0x00, 0x0C, 0x73, 0x9D, 0x00, 0x2B, 0x73, 0x9D,
    0x00, 0x2B, 0x73, 0x9D, 0x08, 0x2A, 0x73, 0x9D, 0x08, 0x2A, 0x73, 0x9D, 0x08, 0x2A, 0x73, 0x9D,
    0x08, 0x2A, 0x73, 0x9D, 0x08, 0x2A, 0xA5, 0x1F, 0x00, 0x2B, 0x00, 0x00, 0x00, 0x0D, 0x00, 0x00,
    0xF7, 0xBF, 0x00, 0x0B, 0xA4, 0xFF, 0x00, 0x2B, 0x00, 0x00, 0x00, 0x0C, 0x73, 0x9D, 0x00, 0x0D,
    0x73, 0x9D, 0x08, 0x2A, 0x73, 0x9D, 0x08, 0x2A, 0x73, 0x9D, 0x00, 0x2B, 0x73, 0x9D, 0x00, 0x0C,
    0x73, 0x9D, 0x00, 0x0D, 0x73, 0x9D, 0x00, 0x2B, 0x73, 0x9D, 0x00, 0x2B, 0x73, 0x9D, 0x00, 0x0C,
    0x73, 0x9D, 0x00, 0x0C, 0x73, 0x9D, 0x08, 0x2A, 0x73, 0x9D, 0x08, 0x2A, 0x73, 0x9D, 0x08, 0x2A,
    0x73, 0x9D, 0x08, 0x2A, 0x73, 0x9D, 0x08, 0x2A, 0x73, 0x9D, 0x08, 0x2A, 0x73, 0x9D, 0x00, 0x0C,
    0x73, 0x9D, 0x00, 0x0D, 0x73, 0x9D, 0x00, 0x0D, 0x73, 0x9D, 0x00, 0x0C, 0x73, 0x9D, 0x00, 0x0C,
    0x73, 0x9D, 0x52, 0xAA, 0x00, 0x00, 0x5A, 0xEB, 0x5A, 0xCB, 0xAD, 0x55, 0xBD, 0xF7, 0xCE, 0x79,
    0xB5, 0x96, 0x5A, 0xCB, 0x4A, 0x49, 0x4A, 0x49, 0x84, 0x10, 0xA5, 0x34, 0x00, 0x00, 0x5A, 0xEB,
    0x5A, 0xCB, 0xAD, 0x55, 0xBD, 0xF7, 0xCE, 0x79, 0xB5, 0x96, 0x5A, 0xCB, 0x4A, 0x49, 0x4A, 0x49,
    0x84, 0x10, 0xA5, 0x34, 0x00, 0x00, 0x5A, 0xEB, 0x5A, 0xCB, 0xAD, 0x55, 0xBD, 0xF7, 0xCE, 0x79,
    0xB5, 0x96, 0x5A, 0xCB, 0x4A, 0x49, 0x4A, 0x49, 0x84, 0x10, 0xA5, 0x34, 0x00, 0x00, 0x52, 0xAA,
    0x73, 0x9D, 0x00, 0x2B, 0x73, 0x9D, 0x00, 0x2B, 0x73, 0x9D, 0x00, 0x0C, 0x73, 0x9D, 0x00, 0x0C,
    0x73, 0x9D, 0x08, 0x2A, 0x73, 0x9D, 0x08, 0x2A, 0x73, 0x9D, 0x08, 0x2A, 0x73, 0x9D, 0x08, 0x2A,
    0x73, 0x9D, 0x08, 0x2A, 0x73, 0x9D, 0x08, 0x2A, 0x73, 0x9D, 0x00, 0x0C, 0x73, 0x9D, 0x00, 0x0D,
    0x73, 0x9D, 0x00, 0x0D, 0x73, 0x9D, 0x00, 0x0C, 0x73, 0x9D, 0x00, 0x0C, 0x73, 0x9D, 0x00, 0x2B,
    0x73, 0x9D, 0x08, 0x2A, 0x73, 0x9D, 0x00, 0x2B, 0x73, 0x9D, 0x00, 0x0C, 0x73, 0x9D, 0x08, 0x2A,
    0x73, 0x9D, 0x00, 0x0C, 0x73, 0x9D, 0x00, 0x2B, 0x73, 0x9D, 0x00, 0x2B, 0x73, 0x9D, 0x00, 0x0D,
    0x73, 0x9D, 0x00, 0x2B, 0x73, 0x9D, 0x08, 0x2A, 0x73, 0x9D, 0x00, 0x0B, 0x73, 0x9D, 0x00, 0x2B,
    0x73, 0x9D, 0x00, 0x0C, 0x73, 0x9D, 0x00, 0x0D, 0x73, 0x9D, 0x08, 0x2A, 0x73, 0x9D, 0x08, 0x2A,
    0x73, 0x9D, 0x00, 0x2B, 0x73, 0x9D, 0x00, 0x0C, 0x73, 0x9D, 0x00, 0x0D, 0x73, 0x9D, 0x00, 0x2B,
    0x73, 0x9D, 0x00, 0x2B, 0x73, 0x9D, 0x00, 0x0C, 0x73, 0x9D, 0x00, 0x0C, 0x73, 0x9D, 0x08, 0x2A,
    0x73, 0x9D, 0x08, 0x2A, 0x73, 0x9D, 0x08, 0x2A, 0x73, 0x9D, 0x08, 0x2A, 0x73, 0x9D, 0x08, 0x2A,
    0x73, 0x9D, 0x08, 0x2A, 0x73, 0x9D, 0x00, 0x0C, 0x73, 0x9D, 0x00, 0x0D, 0x73, 0x9D, 0x00, 0x0D,
    0x73, 0x9D, 0x00, 0x0C, 0x73, 0x9D, 0x00, 0x0C, 0x73, 0x9D, 0x00, 0x2B, 0x73, 0x9D, 0x08, 0x2A,
    0x73, 0x9D, 0x00, 0x2B, 0x73, 0x9D, 0x00, 0x0C, 0x73, 0x9D, 0x08, 0x2A, 0x73, 0x9D, 0x00, 0x0C,
    0x73, 0x9D, 0x00, 0x2B, 0x73, 0x9D, 0x00, 0x2B, 0x73, 0x9D, 0x00, 0x0D, 0x73, 0x9D, 0x00, 0x2B,
    0x73, 0x9D, 0x08, 0x2A, 0x73, 0x9D, 0x00, 0x0B, 0x73, 0x9D, 0x00, 0x2B, 0x73, 0x9D, 0x00, 0x0C,
    0x73, 0x9D, 0x00, 0x0D, 0x73, 0x9D, 0x08, 0x2A, 0x73, 0x9D, 0x08, 0x2A, 0x73, 0x9D, 0x00, 0x2B,
    0x73, 0x9D, 0x00, 0x0C, 0x73, 0x9D, 0x00, 0x0D, 0x73, 0x9D, 0x00, 0x2B, 0x73, 0x9D, 0x00, 0x2B,
    0x73, 0x9D, 0x00, 0x0C, 0x73, 0x9D, 0x52, 0xAA, 0x00, 0x00, 0x5A, 0xEB, 0x5A, 0xCB, 0xAD, 0x55,
    0xBD, 0xF7, 0xCE, 0x79, 0xB5, 0x96, 0x5A, 0xCB, 0x4A, 0x49, 0x4A, 0x49, 0x84, 0x10, 0xA5, 0x34,
    0x00, 0x00, 0x5A, 0xEB, 0x5A, 0xCB, 0xAD, 0x55, 0xBD, 0xF7, 0xCE, 0x79, 0xB5, 0x96, 0x5A, 0xCB,
    0x4A, 0x49, 0x4A, 0x49, 0x84, 0x10, 0xA5, 0x34, 0x00, 0x00, 0x5A, 0xEB, 0x5A, 0xCB, 0xAD, 0x55,
    0xBD, 0xF7, 0xCE, 0x79, 0xB5, 0x96, 0x5A, 0xCB, 0x4A, 0x49, 0x4A, 0x49, 0x84, 0x10, 0xA5, 0x34,
    0x00, 0x00, 0x52, 0xAA, 0x73, 0x9D, 0x00, 0x0D, 0x73, 0x9D, 0x00, 0x2B, 0x73, 0x9D, 0x08, 0x2A,
    0x73, 0x9D, 0x00, 0x0B, 0x73, 0x9D, 0x00, 0x2B, 0x73, 0x9D, 0x00, 0x0C, 0x73, 0x9D, 0x00, 0x0D,
    0x73, 0x9D, 0x08, 0x2A, 0x73, 0x9D, 0x08, 0x2A, 0x73, 0x9D, 0x00, 0x2B, 0x73, 0x9D, 0x00, 0x0C,
    0x73, 0x9D, 0x00, 0x0D, 0x73, 0x9D, 0x00, 0x2B, 0x73, 0x9D, 0x00, 0x2B, 0x73, 0x9D, 0x00, 0x0C,
    0x73, 0x9D, 0x00, 0x0C, 0x73, 0x9D, 0x08, 0x2A, 0x73, 0x9D, 0x08, 0x2A, 0x73, 0x9D, 0x08, 0x2A,
    0x73, 0x9D, 0x08, 0x2A, 0x73, 0x9D, 0x08, 0x2A, 0x63, 0x18, 0x08, 0x2A, 0x00, 0x00, 0x00, 0x0C,
    0x00, 0x2B, 0xAD, 0x7F, 0x00, 0x0C, 0x84, 0x1F, 0x08, 0x2A, 0x73, 0x9D, 0x00, 0x0D, 0x73, 0x9D,
    0x00, 0x0D, 0x73, 0x9D, 0x00, 0x0C, 0x73, 0x9D, 0x08, 0x2A, 0x73, 0x9D, 0x08, 0x2A, 0x73, 0x9D,
    0x00, 0x0C, 0x73, 0x9D, 0x00, 0x0E, 0x73, 0x9D, 0x08, 0x2A, 0x73, 0x9D, 0x00, 0x2B, 0x73, 0x9D,
    0x00, 0x0E, 0x73, 0x9D, 0x00, 0x0C, 0x73, 0x9D, 0x00, 0x0B, 0x73, 0x9D, 0x00, 0x2B, 0x73, 0x9D,
    0x08, 0x2A, 0x73, 0x9D, 0x08, 0x2A, 0x73, 0x9D, 0x08, 0x2A, 0x73, 0x9D, 0x00, 0x2B, 0x73, 0x9D,
    0x00, 0x0C, 0x73, 0x9D, 0x00, 0x0D, 0x73, 0x9D, 0x00, 0x0D, 0x73, 0x9D, 0x00, 0x0C, 0x73, 0x9D,
    0x00, 0x0D, 0x52, 0xAA, 0x00, 0x00, 0x52, 0x8A, 0x4A, 0x69, 0xA5, 0x14, 0xD6, 0x9A, 0xE7, 0x1C,
    0xCE, 0x79, 0x9C, 0xD3, 0x73, 0x8E, 0x63, 0x2C, 0x94, 0x92, 0x9C, 0xD3, 0x00, 0x00, 0x52, 0x8A,
    0x4A, 0x69, 0xA5, 0x14, 0xD6, 0x9A, 0xE7, 0x1C, 0xCE, 0x79, 0x9C, 0xD3, 0x73, 0x8E, 0x63, 0x2C,
    0x94, 0x92, 0x9C, 0xD3, 0x00, 0x00, 0x52, 0x8A, 0x4A, 0x69, 0xA5, 0x14, 0xD6, 0x9A, 0xE7, 0x1C,
    0xCE, 0x79, 0x9C, 0xD3, 0x73, 0x8E, 0x63, 0x2C, 0x94, 0x92, 0x9C, 0xD3, 0x00, 0x00, 0x52, 0xAA,
    0x00, 0x0E, 0x73, 0x9D, 0x08, 0x2A, 0x73, 0x9D, 0x00, 0x2B, 0x73, 0x9D, 0x00, 0x0E, 0x73, 0x9D,
    0x00, 0x0C, 0x73, 0x9D, 0x00, 0x0B, 0x73, 0x9D, 0x00, 0x2B, 0x73, 0x9D, 0x08, 0x2A, 0x73, 0x9D,
    0x08, 0x2A, 0x73, 0x9D, 0x08, 0x2A, 0x73, 0x9D, 0x00, 0x2B, 0x73, 0x9D, 0x00, 0x0C, 0x73, 0x9D,
    0x00, 0x0D, 0x73, 0x9D, 0x00, 0x0D, 0x73, 0x9D, 0x00, 0x0C, 0x73, 0x9D, 0x00, 0x0D, 0x73, 0x9D,
    0x08, 0x2A, 0x73, 0x9D, 0x08, 0x2A, 0x73, 0x9D, 0x00, 0x0C, 0x73, 0x9D, 0x08, 0x2A, 0x73, 0x9D,
    0x08, 0x2A, 0x73, 0x9D, 0x00, 0x0C, 0x73, 0x9D, 0x00, 0x2B, 0x73, 0x9D, 0x00, 0x0D, 0x73, 0x9D,
    0x00, 0x0E, 0x73, 0x9D, 0x00, 0x2B, 0x73, 0x9D, 0x00, 0x2B, 0x73, 0x9D, 0x00, 0x0C, 0x73, 0x9D,
    0x08, 0x2A, 0x73, 0x9D, 0x00, 0x0D, 0x73, 0x9D, 0x00, 0x0D, 0x73, 0x9D, 0x00, 0x0C, 0x73, 0x9D,
    0x08, 0x2A, 0x73, 0x9D, 0x08, 0x2A, 0x73, 0x9D, 0x00, 0x0C, 0x73, 0x9D, 0x00, 0x0E, 0x73, 0x9D,
    0x08, 0x2A, 0x73, 0x9D, 0x00, 0x2B, 0x73, 0x9D, 0x00, 0x0E, 0x73, 0x9D, 0x00, 0x0C, 0x73, 0x9D,
    0x00, 0x0B, 0x73, 0x9D, 0x00, 0x2B, 0x73, 0x9D, 0x08, 0x2A, 0x73, 0x9D, 0x08, 0x2A, 0x73, 0x9D,
    0x08, 0x2A, 0x73, 0x9D, 0x00, 0x2B, 0x73, 0x9D, 0x00, 0x0C, 0x73, 0x9D, 0x00, 0x0D, 0x73, 0x9D,
    0x00, 0x0D, 0x73, 0x9D, 0x00, 0x0C, 0x73, 0x9D, 0x00, 0x0D, 0x73, 0x9D, 0x08, 0x2A, 0x73, 0x9D,
    0x08, 0x2A, 0x73, 0x9D, 0x00, 0x0C, 0x73, 0x9D, 0x08, 0x2A, 0x73, 0x9D, 0x08, 0x2A, 0x73, 0x9D,
    0x00, 0x0C, 0x73, 0x9D, 0x00, 0x2B, 0x73, 0x9D, 0x00, 0x0D, 0x73, 0x9D, 0x00, 0x0E, 0x73, 0x9D,
    0x00, 0x2B, 0x73, 0x9D, 0x00, 0x2B, 0x73, 0x9D, 0x00, 0x0C, 0x73, 0x9D, 0x08, 0x2A, 0x73, 0x9D,
    0x00, 0x0D, 0x73, 0x9D, 0x00, 0x0D, 0x73, 0x9D, 0x00, 0x0C, 0x73, 0x9D, 0x08, 0x2A, 0x73, 0x9D,
    0x08, 0x2A, 0x73, 0x9D, 0x00, 0x0C, 0x73, 0x9D, 0x00, 0x0E, 0x73, 0x9D, 0x08, 0x2A, 0x73, 0x9D,
    0x00, 0x2B, 0x73, 0x9D, 0x00, 0x0E, 0x52, 0xAA, 0x00, 0x00, 0x52, 0x8A, 0x4A, 0x69, 0xA5, 0x14,
    0xD6, 0x9A, 0xE7, 0x1C, 0xCE, 0x79, 0x9C, 0xD3, 0x73, 0x8E, 0x63, 0x2C, 0x94, 0x92, 0x9C, 0xD3,
    0x00, 0x00, 0x52, 0x8A, 0x4A, 0x69, 0xA5, 0x14, 0xD6, 0x9A, 0xE7, 0x1C, 0xCE, 0x79, 0x9C, 0xD3,
    0x73, 0x8E, 0x63, 0x2C, 0x94, 0x92, 0x9C, 0xD3, 0x00, 0x00, 0x52, 0x8A, 0x4A, 0x69, 0xA5, 0x14,
    0xD6, 0x9A, 0xE7, 0x1C, 0xCE, 0x79, 0x9C, 0xD3, 0x73, 0x8E, 0x63, 0x2C, 0x94, 0x92, 0x9C, 0xD3,
    0x00, 0x00, 0x52, 0xAA, 0x00, 0x0D, 0x73, 0x9D, 0x00, 0x0E, 0x73, 0x9D, 0x00, 0x2B, 0x73, 0x9D,
    0x00, 0x2B, 0x73, 0x9D, 0x00, 0x0C, 0x73, 0x9D, 0x08, 0x2A, 0x73, 0x9D, 0x00, 0x0D, 0x73, 0x9D,
    0x00, 0x0D, 0x73, 0x9D, 0x00, 0x0C, 0x73, 0x9D, 0x08, 0x2A, 0x73, 0x9D, 0x08, 0x2A, 0x73, 0x9D,
    0x00, 0x0C, 0x73, 0x9D, 0x00, 0x0E, 0x73, 0x9D, 0x08, 0x2A, 0x73, 0x9D, 0x00, 0x2B, 0x73, 0x9D,
    0x00, 0x0E, 0x73, 0x9D, 0x00, 0x0C, 0x73, 0x9D, 0x00, 0x0B, 0x73, 0x9D, 0x00, 0x2B, 0x73, 0x9D,
    0x08, 0x2A, 0x73, 0x9D, 0x08, 0x2A, 0xA5, 0x3F, 0x08, 0x2A, 0x00, 0x00, 0x00, 0x2B, 0x00, 0x00,
    0xFF, 0xDF, 0x00, 0x0C, 0xA5, 0x1F, 0x00, 0x2B, 0x00, 0x00, 0x00, 0x2A, 0x73, 0xBD, 0x00, 0x0D,
    0x73, 0xBD, 0x00, 0x0E, 0x73, 0xBD, 0x00, 0x0D, 0x73, 0xBD, 0x00, 0x2B, 0x73, 0xBD, 0x08, 0x2A,
    0x73, 0xBD, 0x00, 0x0D, 0x73, 0xBD, 0x00, 0x0D, 0x73, 0xBD, 0x08, 0x2A, 0x73, 0xBD, 0x00, 0x0C,
    0x73, 0xBD, 0x00, 0x0E, 0x73, 0xBD, 0x00, 0x0C, 0x73, 0xBD, 0x00, 0x0D, 0x73, 0xBD, 0x00, 0x0C,
    0x73, 0xBD, 0x00, 0x2B, 0x73, 0xBD, 0x08, 0x2A, 0x73, 0xBD, 0x08, 0x2A, 0x73, 0xBD, 0x08, 0x2A,
    0x73, 0xBD, 0x00, 0x0C, 0x73, 0xBD, 0x00, 0x0D, 0x73, 0xBD, 0x00, 0x0C, 0x73, 0xBD, 0x00, 0x0D,
    0x73, 0xBD, 0x52, 0xAA, 0x00, 0x00, 0x4A, 0x69, 0x42, 0x08, 0x6B, 0x6D, 0xBD, 0xF7, 0xD6, 0x9A,
    0xBD, 0xF7, 0xAD, 0x55, 0x8C, 0x51, 0x7B, 0xEF, 0x94, 0x92, 0x8C, 0x71, 0x00, 0x00, 0x4A, 0x69,
    0x42, 0x08, 0x6B, 0x6D, 0xBD, 0xF7, 0xD6, 0x9A, 0xBD, 0xF7, 0xAD, 0x55, 0x8C, 0x51, 0x7B, 0xEF,
    0x94, 0x92, 0x8C, 0x71, 0x00, 0x00, 0x4A, 0x69, 0x42, 0x08, 0x6B, 0x6D, 0xBD, 0xF7, 0xD6, 0x9A,
    0xBD, 0xF7, 0xAD, 0x55, 0x8C, 0x51, 0x7B, 0xEF, 0x94, 0x92, 0x8C, 0x71, 0x00, 0x00, 0x52, 0xAA,
    0x73, 0xBD, 0x00, 0x0D, 0x73, 0xBD, 0x08, 0x2A, 0x73, 0xBD, 0x00, 0x0C, 0x73, 0xBD, 0x00, 0x0E,
    0x73, 0xBD, 0x00, 0x0C, 0x73, 0xBD, 0x00, 0x0D, 0x73, 0xBD, 0x00, 0x0C, 0x73, 0xBD, 0x00, 0x2B,
    0x73, 0xBD, 0x08, 0x2A, 0x73, 0xBD, 0x08, 0x2A, 0x73, 0xBD, 0x08, 0x2A, 0x73, 0xBD, 0x00, 0x0C,
    0x73, 0xBD, 0x00, 0x0D, 0x73, 0xBD, 0x00, 0x0C, 0x73, 0xBD, 0x00, 0x0D, 0x73, 0xBD, 0x00, 0x0C,
    0x73, 0xBD, 0x08, 0x2A, 0x73, 0xBD, 0x00, 0x2A, 0x73, 0xBD, 0x00, 0x0D, 0x73, 0xBD, 0x08, 0x2A,
    0x73, 0xBD, 0x08, 0x2A, 0x73, 0xBD, 0x00, 0x2B, 0x73, 0xBD, 0x08, 0x2A, 0x73, 0xBD, 0x00, 0x0D,
    0x73, 0xBD, 0x00, 0x0E, 0x73, 0xBD, 0x00, 0x2B, 0x73, 0xBD, 0x00, 0x0C, 0x73, 0xBD, 0x00, 0x2B,
    0x73, 0xBD, 0x00, 0x2A, 0x73, 0xBD, 0x00, 0x0D, 0x73, 0xBD, 0x00, 0x0E, 0x73, 0xBD, 0x00, 0x0D,
    0x73, 0xBD, 0x00, 0x2B, 0x73, 0xBD, 0x08, 0x2A, 0x73, 0xBD, 0x00, 0x0D, 0x73, 0xBD, 0x00, 0x0D,
    0x73, 0xBD, 0x08, 0x2A, 0x73, 0xBD, 0x00, 0x0C, 0x73, 0xBD, 0x00, 0x0E, 0x73, 0xBD, 0x00, 0x0C,
    0x73, 0xBD, 0x00, 0x0D, 0x73, 0xBD, 0x00, 0x0C, 0x73, 0xBD, 0x00, 0x2B, 0x73, 0xBD, 0x08, 0x2A,
    0x73, 0xBD, 0x08, 0x2A, 0x73, 0xBD, 0x08, 0x2A, 0x73, 0xBD, 0x00, 0x0C, 0x73, 0xBD, 0x00, 0x0D,
    0x73, 0xBD, 0x00, 0x0C, 0x73, 0xBD, 0x00, 0x0D, 0x73, 0xBD, 0x00, 0x0C, 0x73, 0xBD, 0x08, 0x2A,
    0x73, 0xBD, 0x00, 0x2A, 0x73, 0xBD, 0x00, 0x0D, 0x73, 0xBD, 0x08, 0x2A, 0x73, 0xBD, 0x08, 0x2A,
    0x73, 0xBD, 0x00, 0x2B, 0x73, 0xBD, 0x08, 0x2A, 0x73, 0xBD, 0x00, 0x0D, 0x73, 0xBD, 0x00, 0x0E,
    0x73, 0xBD, 0x00, 0x2B, 0x73, 0xBD, 0x00, 0x0C, 0x73, 0xBD, 0x00, 0x2B, 0x73, 0xBD, 0x00, 0x2A,
    0x73, 0xBD, 0x00, 0x0D, 0x73, 0xBD, 0x00, 0x0E, 0x73, 0xBD, 0x00, 0x0D, 0x73, 0xBD, 0x00, 0x2B,
    0x73, 0xBD, 0x08, 0x2A, 0x73, 0xBD, 0x00, 0x0D, 0x73, 0xBD, 0x00, 0x0D, 0x73, 0xBD, 0x08, 0x2A,
    0x73, 0xBD, 0x00, 0x0C, 0x73, 0xBD, 0x52, 0xAA, 0x00, 0x00, 0x4A, 0x69, 0x42, 0x08, 0x6B, 0x6D,
    0xBD, 0xF7, 0xD6, 0x9A, 0xBD, 0xF7, 0xAD, 0x55, 0x8C, 0x51, 0x7B, 0xEF, 0x94, 0x92, 0x8C, 0x71,
    0x00, 0x00, 0x4A, 0x69, 0x42, 0x08, 0x6B, 0x6D, 0xBD, 0xF7, 0xD6, 0x9A, 0xBD, 0xF7, 0xAD, 0x55,
    0x8C, 0x51, 0x7B, 0xEF, 0x94, 0x92, 0x8C, 0x71, 0x00, 0x00, 0x4A, 0x69, 0x42, 0x08, 0x6B, 0x6D,
    0xBD, 0xF7, 0xD6, 0x9A, 0xBD, 0xF7, 0xAD, 0x55, 0x8C, 0x51, 0x7B, 0xEF, 0x94, 0x92, 0x8C, 0x71,
    0x00, 0x00, 0x52, 0xAA, 0x73, 0xBD, 0x00, 0x0D, 0x73, 0xBD, 0x00, 0x0E, 0x73, 0xBD, 0x00, 0x2B,
    0x73, 0xBD, 0x00, 0x0C, 0x73, 0xBD, 0x00, 0x2B, 0x73, 0xBD, 0x00, 0x2A, 0x73, 0xBD, 0x00, 0x0D,
    0x73, 0xBD, 0x00, 0x0E, 0x73, 0xBD, 0x00, 0x0D, 0x73, 0xBD, 0x00, 0x2B, 0x73, 0xBD, 0x08, 0x2A,
    0x73, 0xBD, 0x00, 0x0D, 0x73, 0xBD, 0x00, 0x0D, 0x73, 0xBD, 0x08, 0x2A, 0x73, 0xBD, 0x00, 0x0C,
    0x73, 0xBD, 0x00, 0x0E, 0x73, 0xBD, 0x00, 0x0C, 0x73, 0xBD, 0x00, 0x0D, 0x73, 0xBD, 0x00, 0x0C,
    0x73, 0xBD, 0x00, 0x2B, 0x73, 0xBD, 0x08, 0x2A, 0x63, 0x19, 0x08, 0x2A, 0x00, 0x00, 0x08, 0x2A,
    0x00, 0x2B, 0xB5, 0x7F, 0x00, 0x0C, 0x84, 0x3F, 0x08, 0x2A, 0x73, 0xBE, 0x08, 0x2A, 0x73, 0xBE,
    0x00, 0x0C, 0x73, 0xBE, 0x00, 0x0E, 0x73, 0xBE, 0x00, 0x0F, 0x73, 0xBE, 0x00, 0x0B, 0x73, 0xBE,
    0x08, 0x2A, 0x73, 0xBE, 0x00, 0x0E, 0x73, 0xBE, 0x00, 0x0B, 0x73, 0xBE, 0x08, 0x2A, 0x73, 0xBE,
    0x00, 0x0D, 0x73, 0xBE, 0x00, 0x0D, 0x73, 0xBE, 0x00, 0x0C, 0x73, 0xBE, 0x00, 0x0D, 0x73, 0xBE,
    0x00, 0x0D, 0x73, 0xBE, 0x00, 0x2B, 0x73, 0xBE, 0x08, 0x2A, 0x73, 0xBE, 0x08, 0x2A, 0x73, 0xBE,
    0x00, 0x2B, 0x73, 0xBE, 0x00, 0x0D, 0x73, 0xBE, 0x00, 0x0C, 0x73, 0xBE, 0x00, 0x0C, 0x73, 0xBE,
    0x00, 0x0D, 0x52, 0xAA, 0x00, 0x00, 0x42, 0x08, 0x39, 0xE7, 0x42, 0x28, 0x6B, 0x6D, 0xA5, 0x14,
    0xAD, 0x55, 0x9C, 0xF3, 0x84, 0x10, 0x7B, 0xCF, 0x84, 0x30, 0x84, 0x10, 0x00, 0x00, 0x42, 0x08,
    0x39, 0xE7, 0x42, 0x28, 0x6B, 0x6D, 0xA5, 0x14, 0xAD, 0x55, 0x9C, 0xF3, 0x84, 0x10, 0x7B, 0xCF,
    0x84, 0x30, 0x84, 0x10, 0x00, 0x00, 0x42, 0x08, 0x39, 0xE7, 0x42, 0x28, 0x6B, 0x6D, 0xA5, 0x14,
    0xAD, 0x55, 0x9C, 0xF3, 0x84, 0x10, 0x7B, 0xCF, 0x84, 0x30, 0x84, 0x10, 0x00, 0x00, 0x52, 0xAA,
    0x00, 0x0E, 0x73, 0xBE, 0x00, 0x0B, 0x73, 0xBE, 0x08, 0x2A, 0x73, 0xBE, 0x00, 0x0D, 0x73, 0xBE,
    0x00, 0x0D, 0x73, 0xBE, 0x00, 0x0C, 0x73, 0xBE, 0x00, 0x0D, 0x73, 0xBE, 0x00, 0x0D, 0x73, 0xBE,
    0x00, 0x2B, 0x73, 0xBE, 0x08, 0x2A, 0x73, 0xBE, 0x08, 0x2A, 0x73, 0xBE, 0x00, 0x2B, 0x73, 0xBE,
    0x00, 0x0D, 0x73, 0xBE, 0x00, 0x0C, 0x73, 0xBE, 0x00, 0x0C, 0x73, 0xBE, 0x00, 0x0D, 0x73, 0xBE,
    0x08, 0x2A, 0x73, 0xBE, 0x08, 0x2A, 0x73, 0xBE, 0x00, 0x0D, 0x73, 0xBE, 0x00, 0x0D, 0x73, 0xBE,
    0x08, 0x2A, 0x73, 0xBE, 0x08, 0x2A, 0x73, 0xBE, 0x00, 0x2B, 0x73, 0xBE, 0x08, 0x2A, 0x73, 0xBE,
    0x00, 0x0C, 0x73, 0xBE, 0x00, 0x0B, 0x73, 0xBE, 0x00, 0x2B, 0x73, 0xBE, 0x00, 0x0C, 0x73, 0xBE,
    0x08, 0x2A, 0x73, 0xBE, 0x08, 0x2A, 0x73, 0xBE, 0x00, 0x0C, 0x73, 0xBE, 0x00, 0x0E, 0x73, 0xBE,
    0x00, 0x0F, 0x73, 0xBE, 0x00, 0x0B, 0x73, 0xBE, 0x08, 0x2A, 0x73, 0xBE, 0x00, 0x0E, 0x73, 0xBE,
    0x00, 0x0B, 0x73, 0xBE, 0x08, 0x2A, 0x73, 0xBE, 0x00, 0x0D, 0x73, 0xBE, 0x00, 0x0D, 0x73, 0xBE,
    0x00, 0x0C, 0x73, 0xBE, 0x00, 0x0D, 0x73, 0xBE, 0x00, 0x0D, 0x73, 0xBE, 0x00, 0x2B, 0x73, 0xBE,
    0x08, 0x2A, 0x73, 0xBE, 0x08, 0x2A, 0x73, 0xBE, 0x00, 0x2B, 0x73, 0xBE, 0x00, 0x0D, 0x73, 0xBE,
    0x00, 0x0C, 0x73, 0xBE, 0x00, 0x0C, 0x73, 0xBE, 0x00, 0x0D, 0x73, 0xBE, 0x08, 0x2A, 0x73, 0xBE,
    0x08, 0x2A, 0x73, 0xBE, 0x00, 0x0D, 0x73, 0xBE, 0x00, 0x0D, 0x73, 0xBE, 0x08, 0x2A, 0x73, 0xBE,
    0x08, 0x2A, 0x73, 0xBE, 0x00, 0x2B, 0x73, 0xBE, 0x08, 0x2A, 0x73, 0xBE, 0x00, 0x0C, 0x73, 0xBE,
    0x00, 0x0B, 0x73, 0xBE, 0x00, 0x2B, 0x73, 0xBE, 0x00, 0x0C, 0x73, 0xBE, 0x08, 0x2A, 0x73, 0xBE,
    0x08, 0x2A, 0x73, 0xBE, 0x00, 0x0C, 0x73, 0xBE, 0x00, 0x0E, 0x73, 0xBE, 0x00, 0x0F, 0x73, 0xBE,
    0x00, 0x0B, 0x73, 0xBE, 0x08, 0x2A, 0x73, 0xBE, 0x00, 0x0E, 0x73, 0xBE, 0x00, 0x0B, 0x73, 0xBE,
    0x08, 0x2A, 0x73, 0xBE, 0x00, 0x0D, 0x52, 0xAA, 0x00, 0x00, 0x42, 0x08, 0x39, 0xE7, 0x42, 0x28,
    0x6B, 0x6D, 0xA5, 0x14, 0xAD, 0x55, 0x9C, 0xF3, 0x84, 0x10, 0x7B, 0xCF, 0x84, 0x30, 0x84, 0x10,
    0x00, 0x00, 0x42, 0x08, 0x39, 0xE7, 0x42, 0x28, 0x6B, 0x6D, 0xA5, 0x14, 0xAD, 0x55, 0x9C, 0xF3,
    0x84, 0x10, 0x7B, 0xCF, 0x84, 0x30, 0x84, 0x10, 0x00, 0x00, 0x42, 0x08, 0x39, 0xE7, 0x42, 0x28,
    0x6B, 0x6D, 0xA5, 0x14, 0xAD, 0x55, 0x9C, 0xF3, 0x84, 0x10, 0x7B, 0xCF, 0x84, 0x30, 0x84, 0x10,
    0x00, 0x00, 0x52, 0xAA, 0x08, 0x2A, 0x73, 0xBE, 0x00, 0x0C, 0x73, 0xBE, 0x00, 0x0B, 0x73, 0xBE,
    0x00, 0x2B, 0x73, 0xBE, 0x00, 0x0C, 0x73, 0xBE, 0x08, 0x2A, 0x73, 0xBE, 0x08, 0x2A, 0x73, 0xBE,
    0x00, 0x0C, 0x73, 0xBE, 0x00, 0x0E, 0x73, 0xBE, 0x00, 0x0F, 0x73, 0xBE, 0x00, 0x0B, 0x73, 0xBE,
    0x08, 0x2A, 0x73, 0xBE, 0x00, 0x0E, 0x73, 0xBE, 0x00, 0x0B, 0x73, 0xBE, 0x08, 0x2A, 0x73, 0xBE,
    0x00, 0x0D, 0x73, 0xBE, 0x00, 0x0D, 0x73, 0xBE, 0x00, 0x0C, 0x73, 0xBE, 0x00, 0x0D, 0x73, 0xBE,
    0x00, 0x0D, 0x73, 0xBE, 0x00, 0x2B, 0xAD, 0x5F, 0x08, 0x2A, 0x00, 0x00, 0x08, 0x2A, 0x00, 0x00,
    0xFF, 0xFF, 0x00, 0x2B, 0xA5, 0x3F, 0x00, 0x0B, 0x00, 0x00, 0x08, 0x2A, 0x73, 0xBE, 0x08, 0x2A,
    0x73, 0xBE, 0x00, 0x2B, 0x73, 0xBE, 0x00, 0x0D, 0x73, 0xBE, 0x00, 0x0E, 0x73, 0xBE, 0x08, 0x2A,
    0x73, 0xBE, 0x00, 0x2A, 0x73, 0xBE, 0x00, 0x0D, 0x73, 0xBE, 0x00, 0x2B, 0x73, 0xBE, 0x08, 0x2A,
    0x73, 0xBE, 0x00, 0x0C, 0x73, 0xBE, 0x00, 0x2B, 0x73, 0xBE, 0x00, 0x2B, 0x73, 0xBE, 0x00, 0x0C,
    0x73, 0xBE, 0x00, 0x0B, 0x73, 0xBE, 0x00, 0x2B, 0x73, 0xBE, 0x08, 0x2A, 0x73, 0xBE, 0x08, 0x2A,
    0x73, 0xBE, 0x00, 0x0D, 0x73, 0xBE, 0x00, 0x0D, 0x73, 0xBE, 0x00, 0x2B, 0x73, 0xBE, 0x00, 0x0D,
    0x73, 0xBE, 0x52, 0xAA, 0x00, 0x00, 0x39, 0xE7, 0x31, 0xA6, 0x39, 0xE7, 0x42, 0x08, 0x4A, 0x69,
    0x5A, 0xCB, 0x5A, 0xCB, 0x63, 0x2C, 0x73, 0x8E, 0x7B, 0xEF, 0x73, 0xAE, 0x00, 0x00, 0x39, 0xE7,
    0x31, 0xA6, 0x39, 0xE7, 0x42, 0x08, 0x4A, 0x69, 0x5A, 0xCB, 0x5A, 0xCB, 0x63, 0x2C, 0x73, 0x8E,
    0x7B, 0xEF, 0x73, 0xAE, 0x00, 0x00, 0x39, 0xE7, 0x31, 0xA6, 0x39, 0xE7, 0x42, 0x08, 0x4A, 0x69,
    0x5A, 0xCB, 0x5A, 0xCB, 0x63, 0x2C, 0x73, 0x8E, 0x7B, 0xEF, 0x73, 0xAE, 0x00, 0x00, 0x52, 0xAA,
    0x73, 0xBE, 0x00, 0x0D, 0x73, 0xBE, 0x00, 0x2B, 0x73, 0xBE, 0x08, 0x2A, 0x73, 0xBE, 0x00, 0x0C,
    0x73, 0xBE, 0x00, 0x2B, 0x73, 0xBE, 0x00, 0x2B, 0x73, 0xBE, 0x00, 0x0C, 0x73, 0xBE, 0x00, 0x0B,
    0x73, 0xBE, 0x00, 0x2B, 0x73, 0xBE, 0x08, 0x2A, 0x73, 0xBE, 0x08, 0x2A, 0x73, 0xBE, 0x00, 0x0D,
    0x73, 0xBE, 0x00, 0x0D, 0x73, 0xBE, 0x00, 0x2B, 0x73, 0xBE, 0x00, 0x0D, 0x73, 0xBE, 0x00, 0x0C,
    0x73, 0xBE, 0x08, 0x2A, 0x73, 0xBE, 0x00, 0x2B, 0x73, 0xBE, 0x00, 0x0F, 0x73, 0xBE, 0x00, 0x0D,
    0x73, 0xBE, 0x00, 0x2A, 0x73, 0xBE, 0x00, 0x0C, 0x73, 0xBE, 0x00, 0x2A, 0x73, 0xBE, 0x08, 0x2A,
    0x73, 0xBE, 0x08, 0x2A, 0x73, 0xBE, 0x08, 0x2A, 0x73, 0xBE, 0x00, 0x2B, 0x73, 0xBE, 0x00, 0x0B,
    0x73, 0xBE, 0x08, 0x2A, 0x73, 0xBE, 0x08, 0x2A, 0x73, 0xBE, 0x00, 0x2B, 0x73, 0xBE, 0x00, 0x0D,
    0x73, 0xBE, 0x00, 0x0E, 0x73, 0xBE, 0x08, 0x2A, 0x73, 0xBE, 0x00, 0x2A, 0x73, 0xBE, 0x00, 0x0D,
    0x73, 0xBE, 0x00, 0x2B, 0x73, 0xBE, 0x08, 0x2A, 0x73, 0xBE, 0x00, 0x0C, 0x73, 0xBE, 0x00, 0x2B,
    0x73, 0xBE, 0x00, 0x2B, 0x73, 0xBE, 0x00, 0x0C, 0x73, 0xBE, 0x00, 0x0B, 0x73, 0xBE, 0x00, 0x2B,
    0x73, 0xBE, 0x08, 0x2A, 0x73, 0xBE, 0x08, 0x2A, 0x73, 0xBE, 0x00, 0x0D, 0x73, 0xBE, 0x00, 0x0D,
    0x73, 0xBE, 0x00, 0x2B, 0x73, 0xBE, 0x00, 0x0D, 0x73, 0xBE, 0x00, 0x0C, 0x73, 0xBE, 0x08, 0x2A,
    0x73, 0xBE, 0x00, 0x2B, 0x73, 0xBE, 0x00, 0x0F, 0x73, 0xBE, 0x00, 0x0D, 0x73, 0xBE, 0x00, 0x2A,
    0x73, 0xBE, 0x00, 0x0C, 0x73, 0xBE, 0x00, 0x2A, 0x73, 0xBE, 0x08, 0x2A, 0x73, 0xBE, 0x08, 0x2A,
    0x73, 0xBE, 0x08, 0x2A, 0x73, 0xBE, 0x00, 0x2B, 0x73, 0xBE, 0x00, 0x0B, 0x73, 0xBE, 0x08, 0x2A,
    0x73, 0xBE, 0x08, 0x2A, 0x73, 0xBE, 0x00, 0x2B, 0x73, 0xBE, 0x00, 0x0D, 0x73, 0xBE, 0x00, 0x0E,
    0x73, 0xBE, 0x08, 0x2A, 0x73, 0xBE, 0x00, 0x2A, 0x73, 0xBE, 0x00, 0x0D, 0x73, 0xBE, 0x00, 0x2B,
    0x73, 0xBE, 0x08, 0x2A, 0x73, 0xBE, 0x52, 0xAA, 0x00, 0x00, 0x39, 0xE7, 0x31, 0xA6, 0x39, 0xE7,
    0x42, 0x08, 0x4A, 0x69, 0x5A, 0xCB, 0x5A, 0xCB, 0x63, 0x2C, 0x73, 0x8E, 0x7B, 0xEF, 0x73, 0xAE,
    0x00, 0x00, 0x39, 0xE7, 0x31, 0xA6, 0x39, 0xE7, 0x42, 0x08, 0x4A, 0x69, 0x5A, 0xCB, 0x5A, 0xCB,
    0x63, 0x2C, 0x73, 0x8E, 0x7B, 0xEF, 0x73, 0xAE, 0x00, 0x00, 0x39, 0xE7, 0x31, 0xA6, 0x39, 0xE7,
    0x42, 0x08, 0x4A, 0x69, 0x5A, 0xCB, 0x5A, 0xCB, 0x63, 0x2C, 0x73, 0x8E, 0x7B, 0xEF, 0x73, 0xAE,
    0x00, 0x00, 0x52, 0xAA, 0x73, 0xBE, 0x08, 0x2A, 0x73, 0xBE, 0x08, 0x2A, 0x73, 0xBE, 0x08, 0x2A,
    0x73, 0xBE, 0x00, 0x2B, 0x73, 0xBE, 0x00, 0x0B, 0x73, 0xBE, 0x08, 0x2A, 0x73, 0xBE, 0x08, 0x2A,
    0x73, 0xBE, 0x00, 0x2B, 0x73, 0xBE, 0x00, 0x0D, 0x73, 0xBE, 0x00, 0x0E, 0x73, 0xBE, 0x08, 0x2A,
    0x73, 0xBE, 0x00, 0x2A, 0x73, 0xBE, 0x00, 0x0D, 0x73, 0xBE, 0x00, 0x2B, 0x73, 0xBE, 0x08, 0x2A,
    0x73, 0xBE, 0x00, 0x0C, 0x73, 0xBE, 0x00, 0x2B, 0x73, 0xBE, 0x00, 0x2B, 0x73, 0xBE, 0x00, 0x0C,
    0x73, 0xBE, 0x00, 0x0B, 0x73, 0xBE, 0x00, 0x2B, 0x63, 0x19, 0x08, 0x2A, 0x00, 0x00, 0x08, 0x2A,
    0x08, 0x2A, 0xB5, 0x9F, 0x00, 0x0C, 0x8C, 0x3F, 0x00, 0x0C, 0x7B, 0xBE, 0x00, 0x2A, 0x7B, 0xBE,
    0x08, 0x2A, 0x7B, 0xBE, 0x08, 0x2A, 0x7B, 0xBE, 0x00, 0x0B, 0x7B, 0xBE, 0x00, 0x0C, 0x7B, 0xBE,
    0x08, 0x2A, 0x7B, 0xBE, 0x08, 0x2A, 0x7B, 0xBE, 0x00, 0x0D, 0x7B, 0xBE, 0x08, 0x2A, 0x7B, 0xBE,
    0x00, 0x2B, 0x7B, 0xBE, 0x00, 0x0D, 0x7B, 0xBE, 0x00, 0x2B, 0x7B, 0xBE, 0x08, 0x2A, 0x7B, 0xBE,
    0x00, 0x2A, 0x7B, 0xBE, 0x08, 0x2A, 0x7B, 0xBE, 0x00, 0x0C, 0x7B, 0xBE, 0x00, 0x2B, 0x7B, 0xBE,
    0x00, 0x2B, 0x7B, 0xBE, 0x00, 0x0D, 0x7B, 0xBE, 0x00, 0x0C, 0x7B, 0xBE, 0x00, 0x2B, 0x7B, 0xBE,
    0x00, 0x0C, 0x52, 0xAA, 0x08, 0x41, 0x42, 0x28, 0x39, 0xE7, 0x42, 0x08, 0x4A, 0x69, 0x52, 0x8A,
    0x5A, 0xEB, 0x63, 0x0C, 0x6B, 0x6D, 0x73, 0xAE, 0x84, 0x10, 0x84, 0x10, 0x00, 0x00, 0x42, 0x28,
    0x39, 0xE7, 0x42, 0x08, 0x4A, 0x69, 0x52, 0x8A, 0x5A, 0xEB, 0x63, 0x0C, 0x6B, 0x6D, 0x73, 0xAE,
    0x84, 0x10, 0x84, 0x10, 0x00, 0x00, 0x42, 0x28, 0x39, 0xE7, 0x42, 0x08, 0x4A, 0x69, 0x52, 0x8A,
    0x5A, 0xEB, 0x63, 0x0C, 0x6B, 0x6D, 0x73, 0xAE, 0x84, 0x10, 0x84, 0x10, 0x00, 0x00, 0x52, 0xAA,
    0x08, 0x2A, 0x7B, 0xBE, 0x00, 0x0D, 0x7B, 0xBE, 0x08, 0x2A, 0x7B, 0xBE, 0x00, 0x2B, 0x7B, 0xBE,
    0x00, 0x0D, 0x7B, 0xBE, 0x00, 0x2B, 0x7B, 0xBE, 0x08, 0x2A, 0x7B, 0xBE, 0x00, 0x2A, 0x7B, 0xBE,
    0x08, 0x2A, 0x7B, 0xBE, 0x00, 0x0C, 0x7B, 0xBE, 0x00, 0x2B, 0x7B, 0xBE, 0x00, 0x2B, 0x7B, 0xBE,
    0x00, 0x0D, 0x7B, 0xBE, 0x00, 0x0C, 0x7B, 0xBE, 0x00, 0x2B, 0x7B, 0xBE, 0x00, 0x0C, 0x7B, 0xBE,
    0x00, 0x2B, 0x7B, 0xBE, 0x00, 0x2B, 0x7B, 0xBE, 0x00, 0x0D, 0x7B, 0xBE, 0x00, 0x0F, 0x7B, 0xBE,
    0x00, 0x0D, 0x7B, 0xBE, 0x00, 0x0D, 0x7B, 0xBE, 0x00, 0x0D, 0x7B, 0xBE, 0x00, 0x2B, 0x7B, 0xBE,
    0x08, 0x2A, 0x7B, 0xBE, 0x08, 0x2A, 0x7B, 0xBE, 0x08, 0x2A, 0x7B, 0xBE, 0x00, 0x0C, 0x7B, 0xBE,
    0x00, 0x0C, 0x7B, 0xBE, 0x00, 0x2A, 0x7B, 0xBE, 0x08, 0x2A, 0x7B, 0xBE, 0x08, 0x2A, 0x7B, 0xBE,
    0x00, 0x0B, 0x7B, 0xBE, 0x00, 0x0C, 0x7B, 0xBE, 0x08, 0x2A, 0x7B, 0xBE, 0x08, 0x2A, 0x7B, 0xBE,
    0x00, 0x0D, 0x7B, 0xBE, 0x08, 0x2A, 0x7B, 0xBE, 0x00, 0x2B, 0x7B, 0xBE, 0x00, 0x0D, 0x7B, 0xBE,
    0x00, 0x2B, 0x7B, 0xBE, 0x08, 0x2A, 0x7B, 0xBE, 0x00, 0x2A, 0x7B, 0xBE, 0x08, 0x2A, 0x7B, 0xBE,
    0x00, 0x0C, 0x7B, 0xBE, 0x00, 0x2B, 0x7B, 0xBE, 0x00, 0x2B, 0x7B, 0xBE, 0x00, 0x0D, 0x7B, 0xBE,
    0x00, 0x0C, 0x7B, 0xBE, 0x00, 0x2B, 0x7B, 0xBE, 0x00, 0x0C, 0x7B, 0xBE, 0x00, 0x2B, 0x7B, 0xBE,
    0x00, 0x2B, 0x7B, 0xBE, 0x00, 0x0D, 0x7B, 0xBE, 0x00, 0x0F, 0x7B, 0xBE, 0x00, 0x0D, 0x7B, 0xBE,
    0x00, 0x0D, 0x7B, 0xBE, 0x00, 0x0D, 0x7B, 0xBE, 0x00, 0x2B, 0x7B, 0xBE, 0x08, 0x2A, 0x7B, 0xBE,
    0x08, 0x2A, 0x7B, 0xBE, 0x08, 0x2A, 0x7B, 0xBE, 0x00, 0x0C, 0x7B, 0xBE, 0x00, 0x0C, 0x7B, 0xBE,
    0x00, 0x2A, 0x7B, 0xBE, 0x08, 0x2A, 0x7B, 0xBE, 0x08, 0x2A, 0x7B, 0xBE, 0x00, 0x0B, 0x7B, 0xBE,
    0x00, 0x0C, 0x7B, 0xBE, 0x08, 0x2A, 0x7B, 0xBE, 0x08, 0x2A, 0x7B, 0xBE, 0x00, 0x0D, 0x7B, 0xBE,
    0x08, 0x2A, 0x7B, 0xBE, 0x00, 0x2B, 0x52, 0xAA, 0x08, 0x41, 0x42, 0x28, 0x39, 0xE7, 0x42, 0x08,
    0x4A, 0x69, 0x52, 0x8A, 0x5A, 0xEB, 0x63, 0x0C, 0x6B, 0x6D, 0x73, 0xAE, 0x84, 0x10, 0x84, 0x10,
    0x00, 0x00, 0x42, 0x28, 0x39, 0xE7, 0x42, 0x08, 0x4A, 0x69, 0x52, 0x8A, 0x5A, 0xEB, 0x63, 0x0C,
    0x6B, 0x6D, 0x73, 0xAE, 0x84, 0x10, 0x84, 0x10, 0x00, 0x00, 0x42, 0x28, 0x39, 0xE7, 0x42, 0x08,
    0x4A, 0x69, 0x52, 0x8A, 0x5A, 0xEB, 0x63, 0x0C, 0x6B, 0x6D, 0x73, 0xAE, 0x84, 0x10, 0x84, 0x10,
    0x00, 0x00, 0x52, 0xAA, 0x00, 0x2B, 0x7B, 0xBE, 0x08, 0x2A, 0x7B, 0xBE, 0x08, 0x2A, 0x7B, 0xBE,
    0x08, 0x2A, 0x7B, 0xBE, 0x00, 0x0C, 0x7B, 0xBE, 0x00, 0x0C, 0x7B, 0xBE, 0x00, 0x2A, 0x7B, 0xBE,
    0x08, 0x2A, 0x7B, 0xBE, 0x08, 0x2A, 0x7B, 0xBE, 0x00, 0x0B, 0x7B, 0xBE, 0x00, 0x0C, 0x7B, 0xBE,
    0x08, 0x2A, 0x7B, 0xBE, 0x08, 0x2A, 0x7B, 0xBE, 0x00, 0x0D, 0x7B, 0xBE, 0x08, 0x2A, 0x7B, 0xBE,
    0x00, 0x2B, 0x7B, 0xBE, 0x00, 0x0D, 0x7B, 0xBE, 0x00, 0x2B, 0x7B, 0xBE, 0x08, 0x2A, 0x7B, 0xBE,
    0x00, 0x2A, 0x7B, 0xBE, 0x08, 0x2A, 0xAD, 0x5F, 0x00, 0x0C, 0x00, 0x00, 0x00, 0x2B, 0x00, 0x00,
    0xFF, 0xFF, 0x00, 0x2A, 0xAD, 0x3F, 0x00, 0x0C, 0x00, 0x00, 0x00, 0x0C, 0x7B, 0xDE, 0x00, 0x0B,
    0x7B, 0xDE, 0x08, 0x2A, 0x7B, 0xDE, 0x08, 0x2A, 0x7B, 0xDE, 0x00, 0x2B, 0x7B, 0xDE, 0x00, 0x0C,
    0x7B, 0xDE, 0x00, 0x2B, 0x7B, 0xDE, 0x00, 0x0B, 0x7B, 0xDE, 0x00, 0x0B, 0x7B, 0xDE, 0x08, 0x2A,
    0x7B, 0xDE, 0x00, 0x0C, 0x7B, 0xDE, 0x00, 0x0D, 0x7B, 0xDE, 0x00, 0x2B, 0x7B, 0xDE, 0x00, 0x2B,
    0x7B, 0xDE, 0x08, 0x2A, 0x7B, 0xDE, 0x00, 0x2B, 0x7B, 0xDE, 0x00, 0x0D, 0x7B, 0xDE, 0x00, 0x0B,
    0x7B, 0xDE, 0x00, 0x0B, 0x7B, 0xDE, 0x00, 0x0C, 0x7B, 0xDE, 0x00, 0x0B, 0x7B, 0xDE, 0x00, 0x2B,
    0x7B, 0xDE, 0x52, 0xAA, 0x6B, 0x4D, 0x08, 0x41, 0x00, 0x00, 0x00, 0x00, 0x00, 0x00, 0x00, 0x00,
    0x00, 0x00, 0x00, 0x00, 0x00, 0x00, 0x00, 0x00, 0x00, 0x00, 0x00, 0x00, 0x00, 0x00, 0x00, 0x00,
    0x00, 0x00, 0x00, 0x00, 0x00, 0x00, 0x00, 0x00, 0x00, 0x00, 0x00, 0x00, 0x00, 0x00, 0x00, 0x00,
    0x00, 0x00, 0x00, 0x00, 0x00, 0x00, 0x00, 0x00, 0x00, 0x00, 0x00, 0x00, 0x00, 0x00, 0x00, 0x00,
    0x00, 0x00, 0x00, 0x00, 0x00, 0x00, 0x00, 0x00, 0x00, 0x00, 0x00, 0x00, 0x63, 0x0C, 0x52, 0xAA,
    0x7B, 0xDE, 0x00, 0x0B, 0x7B, 0xDE, 0x00, 0x0B, 0x7B, 0xDE, 0x08, 0x2A, 0x7B, 0xDE, 0x00, 0x0C,
    0x7B, 0xDE, 0x00, 0x0D, 0x7B, 0xDE, 0x00, 0x2B, 0x7B, 0xDE, 0x00, 0x2B, 0x7B, 0xDE, 0x08, 0x2A,
    0x7B, 0xDE, 0x00, 0x2B, 0x7B, 0xDE, 0x00, 0x0D, 0x7B, 0xDE, 0x00, 0x0B, 0x7B, 0xDE, 0x00, 0x0B,
    0x7B, 0xDE, 0x00, 0x0C, 0x7B, 0xDE, 0x00, 0x0B, 0x7B, 0xDE, 0x00, 0x2B, 0x7B, 0xDE, 0x00, 0x0C,
    0x7B, 0xDE, 0x00, 0x2B, 0x7B, 0xDE, 0x00, 0x0C, 0x7B, 0xDE, 0x00, 0x0D, 0x7B, 0xDE, 0x00, 0x0E,
    0x7B, 0xDE, 0x00, 0x0D, 0x7B, 0xDE, 0x00, 0x0E, 0x7B, 0xDE, 0x00, 0x0E, 0x7B, 0xDE, 0x00, 0x0C,
    0x7B, 0xDE, 0x00, 0x2B, 0x7B, 0xDE, 0x00, 0x2B, 0x7B, 0xDE, 0x00, 0x2A, 0x7B, 0xDE, 0x00, 0x0C,
    0x7B, 0xDE, 0x00, 0x0C, 0x7B, 0xDE, 0x00, 0x0B, 0x7B, 0xDE, 0x08, 0x2A, 0x7B, 0xDE, 0x08, 0x2A,
    0x7B, 0xDE, 0x00, 0x2B, 0x7B, 0xDE, 0x00, 0x0C, 0x7B, 0xDE, 0x00, 0x2B, 0x7B, 0xDE, 0x00, 0x0B,
    0x7B, 0xDE, 0x00, 0x0B, 0x7B, 0xDE, 0x08, 0x2A, 0x7B, 0xDE, 0x00, 0x0C, 0x7B, 0xDE, 0x00, 0x0D,
    0x7B, 0xDE, 0x00, 0x2B, 0x7B, 0xDE, 0x00, 0x2B, 0x7B, 0xDE, 0x08, 0x2A, 0x7B, 0xDE, 0x00, 0x2B,
    0x7B, 0xDE, 0x00, 0x0D, 0x7B, 0xDE, 0x00, 0x0B, 0x7B, 0xDE, 0x00, 0x0B, 0x7B, 0xDE, 0x00, 0x0C,
    0x7B, 0xDE, 0x00, 0x0B, 0x7B, 0xDE, 0x00, 0x2B, 0x7B, 0xDE, 0x00, 0x0C, 0x7B, 0xDE, 0x00, 0x2B,
    0x7B, 0xDE, 0x00, 0x0C, 0x7B, 0xDE, 0x00, 0x0D, 0x7B, 0xDE, 0x00, 0x0E, 0x7B, 0xDE, 0x00, 0x0D,
    0x7B, 0xDE, 0x00, 0x0E, 0x7B, 0xDE, 0x00, 0x0E, 0x7B, 0xDE, 0x00, 0x0C, 0x7B, 0xDE, 0x00, 0x2B,
    0x7B, 0xDE, 0x00, 0x2B, 0x7B, 0xDE, 0x00, 0x2A, 0x7B, 0xDE, 0x00, 0x0C, 0x7B, 0xDE, 0x00, 0x0C,
    0x7B, 0xDE, 0x00, 0x0B, 0x7B, 0xDE, 0x08, 0x2A, 0x7B, 0xDE, 0x08, 0x2A, 0x7B, 0xDE, 0x00, 0x2B,
    0x7B, 0xDE, 0x00, 0x0C, 0x7B, 0xDE, 0x00, 0x2B, 0x7B, 0xDE, 0x00, 0x0B, 0x7B, 0xDE, 0x00, 0x0B,
    0x7B, 0xDE, 0x08, 0x2A, 0x7B, 0xDE, 0x52, 0xAA, 0x6B, 0x4D, 0x08, 0x41, 0x00, 0x00, 0x00, 0x00,
    0x00, 0x00, 0x00, 0x00, 0x00, 0x00, 0x00, 0x00, 0x00, 0x00, 0x00, 0x00, 0x00, 0x00, 0x00, 0x00,
    0x00, 0x00, 0x00, 0x00, 0x00, 0x00, 0x00, 0x00, 0x00, 0x00, 0x00, 0x00, 0x00, 0x00, 0x00, 0x00,
    0x00, 0x00, 0x00, 0x00, 0x00, 0x00, 0x00, 0x00, 0x00, 0x00, 0x00, 0x00, 0x00, 0x00, 0x00, 0x00,
    0x00, 0x00, 0x00, 0x00, 0x00, 0x00, 0x00, 0x00, 0x00, 0x00, 0x00, 0x00, 0x00, 0x00, 0x00, 0x00,
    0x63, 0x0C, 0x52, 0xAA, 0x7B, 0xDE, 0x00, 0x0C, 0x7B, 0xDE, 0x00, 0x2B, 0x7B, 0xDE, 0x00, 0x2B,
    0x7B, 0xDE, 0x00, 0x2A, 0x7B, 0xDE, 0x00, 0x0C, 0x7B, 0xDE, 0x00, 0x0C, 0x7B, 0xDE, 0x00, 0x0B,
    0x7B, 0xDE, 0x08, 0x2A, 0x7B, 0xDE, 0x08, 0x2A, 0x7B, 0xDE, 0x00, 0x2B, 0x7B, 0xDE, 0x00, 0x0C,
    0x7B, 0xDE, 0x00, 0x2B, 0x7B, 0xDE, 0x00, 0x0B, 0x7B, 0xDE, 0x00, 0x0B, 0x7B, 0xDE, 0x08, 0x2A,
    0x7B, 0xDE, 0x00, 0x0C, 0x7B, 0xDE, 0x00, 0x0D, 0x7B, 0xDE, 0x00, 0x2B, 0x7B, 0xDE, 0x00, 0x2B,
    0x7B, 0xDE, 0x08, 0x2A, 0x7B, 0xDE, 0x00, 0x2B, 0x63, 0x39, 0x00, 0x0D, 0x00, 0x00, 0x00, 0x0B,
    0x00, 0x2B, 0xB5, 0xBF, 0x00, 0x2B, 0xF7, 0x9F, 0x00, 0x0B, 0x39, 0xCE, 0x00, 0x0D, 0x7B, 0xDE,
    0x00, 0x0D, 0x7B, 0xDE, 0x08, 0x2A, 0x7B, 0xDE, 0x08, 0x2A, 0x7B, 0xDE, 0x00, 0x0C, 0x7B, 0xDE,
    0x00, 0x0E, 0x7B, 0xDE, 0x00, 0x0D, 0x7B, 0xDE, 0x00, 0x0C, 0x7B, 0xDE, 0x00, 0x2B, 0x7B, 0xDE,
    0x08, 0x2A, 0x7B, 0xDE, 0x00, 0x0D, 0x7B, 0xDE, 0x00, 0x0D, 0x7B, 0xDE, 0x00, 0x0C, 0x7B, 0xDE,
    0x00, 0x0C, 0x7B, 0xDE, 0x00, 0x2A, 0x7B, 0xDE, 0x00, 0x0C, 0x7B, 0xDE, 0x00, 0x0D, 0x7B, 0xDE,
    0x00, 0x0B, 0x7B, 0xDE, 0x08, 0x2A, 0x7B, 0xDE, 0x08, 0x2A, 0x7B, 0xDE, 0x00, 0x2B, 0x7B, 0xDE,
    0x00, 0x2B, 0x42, 0x4D, 0x52, 0xAA, 0x52, 0xAA, 0x52, 0xAA, 0x52, 0xAA, 0x52, 0xAA, 0x52, 0xAA,
    0x52, 0xAA, 0x52, 0xAA, 0x52, 0xAA, 0x52, 0xAA, 0x52, 0xAA, 0x52, 0xAA, 0x52, 0xAA, 0x52, 0xAA,
    0x52, 0xAA, 0x52, 0xAA, 0x52, 0xAA, 0x52, 0xAA, 0x52, 0xAA, 0x52, 0xAA, 0x52, 0xAA, 0x52, 0xAA,
    0x52, 0xAA, 0x52, 0xAA, 0x52, 0xAA, 0x52, 0xAA, 0x52, 0xAA, 0x52, 0xAA, 0x52, 0xAA, 0x52, 0xAA,
    0x52, 0xAA, 0x52, 0xAA, 0x52, 0xAA, 0x52, 0xAA, 0x52, 0xAA, 0x52, 0xAA, 0x52, 0xAA, 0x42, 0x4D,
    0x00, 0x0D, 0x7B, 0xDE, 0x00, 0x0C, 0x7B, 0xDE, 0x00, 0x2B, 0x7B, 0xDE, 0x08, 0x2A, 0x7B, 0xDE,
    0x00, 0x0D, 0x7B, 0xDE, 0x00, 0x0D, 0x7B, 0xDE, 0x00, 0x0C, 0x7B, 0xDE, 0x00, 0x0C, 0x7B, 0xDE,
    0x00, 0x2A, 0x7B, 0xDE, 0x00, 0x0C, 0x7B, 0xDE, 0x00, 0x0D, 0x7B, 0xDE, 0x00, 0x0B, 0x7B, 0xDE,
    0x08, 0x2A, 0x7B, 0xDE, 0x08, 0x2A, 0x7B, 0xDE, 0x00, 0x2B, 0x7B, 0xDE, 0x00, 0x2B, 0x7B, 0xDE,
    0x00, 0x2B, 0x7B, 0xDE, 0x00, 0x0C, 0x7B, 0xDE, 0x08, 0x2A, 0x7B, 0xDE, 0x00, 0x2B, 0x7B, 0xDE,
    0x00, 0x0C, 0x7B, 0xDE, 0x00, 0x0C, 0x7B, 0xDE, 0x00, 0x0E, 0x7B, 0xDE, 0x00, 0x0D, 0x7B, 0xDE,
    0x00, 0x0D, 0x7B, 0xDE, 0x00, 0x0C, 0x7B, 0xDE, 0x00, 0x2B, 0x7B, 0xDE, 0x00, 0x2B, 0x7B, 0xDE,
    0x00, 0x0B, 0x7B, 0xDE, 0x00, 0x0D, 0x7B, 0xDE, 0x00, 0x0D, 0x7B, 0xDE, 0x08, 0x2A, 0x7B, 0xDE,
    0x08, 0x2A, 0x7B, 0xDE, 0x00, 0x0C, 0x7B, 0xDE, 0x00, 0x0E, 0x7B, 0xDE, 0x00, 0x0D, 0x7B, 0xDE,
    0x00, 0x0C, 0x7B, 0xDE, 0x00, 0x2B, 0x7B, 0xDE, 0x08, 0x2A, 0x7B, 0xDE, 0x00, 0x0D, 0x7B, 0xDE,
    0x00, 0x0D, 0x7B, 0xDE, 0x00, 0x0C, 0x7B, 0xDE, 0x00, 0x0C, 0x7B, 0xDE, 0x00, 0x2A, 0x7B, 0xDE,
    0x00, 0x0C, 0x7B, 0xDE, 0x00, 0x0D, 0x7B, 0xDE, 0x00, 0x0B, 0x7B, 0xDE, 0x08, 0x2A, 0x7B, 0xDE,
    0x08, 0x2A, 0x7B, 0xDE, 0x00, 0x2B, 0x7B, 0xDE, 0x00, 0x2B, 0x7B, 0xDE, 0x00, 0x2B, 0x7B, 0xDE,
    0x00, 0x0C, 0x7B, 0xDE, 0x08, 0x2A, 0x7B, 0xDE, 0x00, 0x2B, 0x7B, 0xDE, 0x00, 0x0C, 0x7B, 0xDE,
    0x00, 0x0C, 0x7B, 0xDE, 0x00, 0x0E, 0x7B, 0xDE, 0x00, 0x0D, 0x7B, 0xDE, 0x00, 0x0D, 0x7B, 0xDE,
    0x00, 0x0C, 0x7B, 0xDE, 0x00, 0x2B, 0x7B, 0xDE, 0x00, 0x2B, 0x7B, 0xDE, 0x00, 0x0B, 0x7B, 0xDE,
    0x00, 0x0D, 0x7B, 0xDE, 0x00, 0x0D, 0x7B, 0xDE, 0x08, 0x2A, 0x7B, 0xDE, 0x08, 0x2A, 0x7B, 0xDE,
    0x00, 0x0C, 0x7B, 0xDE, 0x00, 0x0E, 0x7B, 0xDE, 0x00, 0x0D, 0x7B, 0xDE, 0x00, 0x0C, 0x7B, 0xDE,
    0x00, 0x2B, 0x7B, 0xDE, 0x08, 0x2A, 0x42, 0x4D, 0x52, 0xAA, 0x52, 0xAA, 0x52, 0xAA, 0x52, 0xAA,
    0x52, 0xAA, 0x52, 0xAA, 0x52, 0xAA, 0x52, 0xAA, 0x52, 0xAA, 0x52, 0xAA, 0x52, 0xAA, 0x52, 0xAA,
    0x52, 0xAA, 0x52, 0xAA, 0x52, 0xAA, 0x52, 0xAA, 0x52, 0xAA, 0x52, 0xAA, 0x52, 0xAA, 0x52, 0xAA,
    0x52, 0xAA, 0x52, 0xAA, 0x52, 0xAA, 0x52, 0xAA, 0x52, 0xAA, 0x52, 0xAA, 0x52, 0xAA, 0x52, 0xAA,
    0x52, 0xAA, 0x52, 0xAA, 0x52, 0xAA, 0x52, 0xAA, 0x52, 0xAA, 0x52, 0xAA, 0x52, 0xAA, 0x52, 0xAA,
    0x52, 0xAA, 0x42, 0x4D, 0x00, 0x0D, 0x7B, 0xDE, 0x00, 0x0D, 0x7B, 0xDE, 0x00, 0x0C, 0x7B, 0xDE,
    0x00, 0x2B, 0x7B, 0xDE, 0x00, 0x2B, 0x7B, 0xDE, 0x00, 0x0B, 0x7B, 0xDE, 0x00, 0x0D, 0x7B, 0xDE,
    0x00, 0x0D, 0x7B, 0xDE, 0x08, 0x2A, 0x7B, 0xDE, 0x08, 0x2A, 0x7B, 0xDE, 0x00, 0x0C, 0x7B, 0xDE,
    0x00, 0x0E, 0x7B, 0xDE, 0x00, 0x0D, 0x7B, 0xDE, 0x00, 0x0C, 0x7B, 0xDE, 0x00, 0x2B, 0x7B, 0xDE,
    0x08, 0x2A, 0x7B, 0xDE, 0x00, 0x0D, 0x7B, 0xDE, 0x00, 0x0D, 0x7B, 0xDE, 0x00, 0x0C, 0x7B, 0xDE,
    0x00, 0x0C, 0x7B, 0xDE, 0x00, 0x2A, 0xD6, 0x9F, 0x00, 0x0C, 0x00, 0x00, 0x00, 0x0D, 0x00, 0x00,
    0xFF, 0xFF, 0x00, 0x2B, 0xAD, 0x5F, 0x08, 0x2A, 0x18, 0xE7, 0x00, 0x2B, 0x39, 0xCE, 0x00, 0x0E,
    0x7B, 0xDE, 0x00, 0x0D, 0x7B, 0xDE, 0x00, 0x2B, 0x7B, 0xDE, 0x00, 0x2B, 0x7B, 0xDE, 0x00, 0x0E,
    0x7B, 0xDE, 0x00, 0x0E, 0x7B, 0xDE, 0x00, 0x0E, 0x7B, 0xDE, 0x00, 0x0C, 0x7B, 0xDE, 0x00, 0x2A,
    0x7B, 0xDE, 0x08, 0x2A, 0x7B, 0xDE, 0x00, 0x0C, 0x7B, 0xDE, 0x00, 0x0D, 0x7B, 0xDE, 0x00, 0x0D,
    0x7B, 0xDE, 0x00, 0x0C, 0x7B, 0xDE, 0x00, 0x2B, 0x7B, 0xDE, 0x00, 0x2B, 0x7B, 0xDE, 0x00, 0x0B,
    0x7B, 0xDE, 0x00, 0x2B, 0x7B, 0xDE, 0x08, 0x2A, 0x7B, 0xDE, 0x00, 0x2A, 0x7B, 0xDE, 0x08, 0x2A,
    0x7B, 0xDE, 0x08, 0x2A, 0x7B, 0xDE, 0x00, 0x0C, 0x7B, 0xDE, 0x00, 0x0D, 0x7B, 0xDE, 0x00, 0x2B,
    0x7B, 0xDE, 0x08, 0x2A, 0x7B, 0xDE, 0x00, 0x2B, 0x7B, 0xDE, 0x00, 0x2B, 0x7B, 0xDE, 0x00, 0x0C,
    0x7B, 0xDE, 0x00, 0x2B, 0x7B, 0xDE, 0x00, 0x0C, 0x7B, 0xDE, 0x00, 0x0B, 0x7B, 0xDE, 0x00, 0x2B,
    0x7B, 0xDE, 0x08, 0x2A, 0x7B, 0xDE, 0x00, 0x2B, 0x7B, 0xDE, 0x00, 0x0E, 0x7B, 0xDE, 0x00, 0x0D,
    0x7B, 0xDE, 0x00, 0x2B, 0x7B, 0xDE, 0x00, 0x2B, 0x7B, 0xDE, 0x00, 0x0E, 0x7B, 0xDE, 0x00, 0x0E,
    0x7B, 0xDE, 0x00, 0x0E, 0x7B, 0xDE, 0x00, 0x0C, 0x7B, 0xDE, 0x00, 0x2A, 0x7B, 0xDE, 0x08, 0x2A,
    0x7B, 0xDE, 0x00, 0x0C, 0x7B, 0xDE, 0x00, 0x0D, 0x7B, 0xDE, 0x00, 0x0D, 0x7B, 0xDE, 0x00, 0x0C,
    0x7B, 0xDE, 0x00, 0x2B, 0x7B, 0xDE, 0x00, 0x2B, 0x7B, 0xDE, 0x00, 0x0B, 0x7B, 0xDE, 0x00, 0x2B,
    0x7B, 0xDE, 0x08, 0x2A, 0x7B, 0xDE, 0x00, 0x2A, 0x7B, 0xDE, 0x08, 0x2A, 0x7B, 0xDE, 0x08, 0x2A,
    0x7B, 0xDE, 0x00, 0x0C, 0x7B, 0xDE, 0x00, 0x0D, 0x7B, 0xDE, 0x00, 0x2B, 0x7B, 0xDE, 0x08, 0x2A,
    0x7B, 0xDE, 0x00, 0x2B, 0x7B, 0xDE, 0x00, 0x2B, 0x7B, 0xDE, 0x00, 0x0C, 0x7B, 0xDE, 0x00, 0x2B,
    0x7B, 0xDE, 0x00, 0x0C, 0x7B, 0xDE, 0x00, 0x0B, 0x7B, 0xDE, 0x00, 0x2B, 0x7B, 0xDE, 0x08, 0x2A,
    0x7B, 0xDE, 0x00, 0x2B, 0x7B, 0xDE, 0x00, 0x0E, 0x7B, 0xDE, 0x00, 0x0D, 0x7B, 0xDE, 0x00, 0x2B,
    0x7B, 0xDE, 0x00, 0x2B, 0x7B, 0xDE, 0x00, 0x0E, 0x7B, 0xDE, 0x00, 0x0E, 0x7B, 0xDE, 0x00, 0x0E,
    0x7B, 0xDE, 0x00, 0x0C, 0x7B, 0xDE, 0x00, 0x2A, 0x7B, 0xDE, 0x08, 0x2A, 0x7B, 0xDE, 0x00, 0x0C,
    0x7B, 0xDE, 0x00, 0x0D, 0x7B, 0xDE, 0x00, 0x0D, 0x7B, 0xDE, 0x00, 0x0C, 0x7B, 0xDE, 0x00, 0x2B,
    0x7B, 0xDE, 0x00, 0x2B, 0x7B, 0xDE, 0x00, 0x0B, 0x7B, 0xDE, 0x00, 0x2B, 0x7B, 0xDE, 0x08, 0x2A,
    0x7B, 0xDE, 0x00, 0x2A, 0x7B, 0xDE, 0x08, 0x2A, 0x7B, 0xDE, 0x08, 0x2A, 0x7B, 0xDE, 0x00, 0x0C,
    0x7B, 0xDE, 0x00, 0x0D, 0x7B, 0xDE, 0x00, 0x2B, 0x7B, 0xDE, 0x08, 0x2A, 0x7B, 0xDE, 0x00, 0x2B,
    0x7B, 0xDE, 0x00, 0x2B, 0x7B, 0xDE, 0x00, 0x0C, 0x7B, 0xDE, 0x00, 0x2B, 0x7B, 0xDE, 0x00, 0x0C,
    0x7B, 0xDE, 0x00, 0x0B, 0x7B, 0xDE, 0x00, 0x2B, 0x7B, 0xDE, 0x08, 0x2A, 0x7B, 0xDE, 0x00, 0x2B,
    0x7B, 0xDE, 0x00, 0x0E, 0x7B, 0xDE, 0x00, 0x0D, 0x7B, 0xDE, 0x00, 0x2B, 0x7B, 0xDE, 0x00, 0x2B,
    0x7B, 0xDE, 0x00, 0x0E, 0x7B, 0xDE, 0x00, 0x0E, 0x7B, 0xDE, 0x00, 0x0E, 0x7B, 0xDE, 0x00, 0x0C,
    0x7B, 0xDE, 0x00, 0x2A, 0x7B, 0xDE, 0x08, 0x2A, 0x7B, 0xDE, 0x00, 0x0C, 0x7B, 0xDE, 0x00, 0x0D,
    0x7B, 0xDE, 0x00, 0x0D, 0x7B, 0xDE, 0x00, 0x0C, 0x7B, 0xDE, 0x00, 0x2B, 0x7B, 0xDE, 0x00, 0x2B,
    0x7B, 0xDE, 0x00, 0x0B, 0x7B, 0xDE, 0x00, 0x2B, 0x7B, 0xDE, 0x08, 0x2A, 0x7B, 0xDE, 0x00, 0x2A,
    0x7B, 0xDE, 0x08, 0x2A, 0x7B, 0xDE, 0x08, 0x2A, 0x7B, 0xDE, 0x00, 0x0C, 0x7B, 0xDE, 0x00, 0x0D,
    0x7B, 0xDE, 0x00, 0x2B, 0x7B, 0xDE, 0x08, 0x2A, 0x7B, 0xDE, 0x00, 0x2B, 0x7B, 0xDE, 0x00, 0x2B,
    0x7B, 0xDE, 0x00, 0x0C, 0x7B, 0xDE, 0x00, 0x2B, 0x7B, 0xDE, 0x00, 0x0C, 0x7B, 0xDE, 0x00, 0x0B,
    0x7B, 0xDE, 0x00, 0x2B, 0x7B, 0xDE, 0x08, 0x2A, 0x7B, 0xDE, 0x00, 0x2B, 0x7B, 0xDE, 0x00, 0x0E,
    0x7B, 0xDE, 0x00, 0x0D, 0x7B, 0xDE, 0x00, 0x2B, 0x7B, 0xDE, 0x00, 0x2B, 0x7B, 0xDE, 0x00, 0x0E,
    0x7B, 0xDE, 0x00, 0x0E, 0x7B, 0xDE, 0x00, 0x0E, 0x7B, 0xDE, 0x00, 0x0C, 0x7B, 0xDE, 0x00, 0x2A,
    0x7B, 0xDE, 0x08, 0x2A, 0x7B, 0xDE, 0x00, 0x0C, 0x7B, 0xDE, 0x00, 0x0D, 0x7B, 0xDE, 0x00, 0x0D,
    0x7B, 0xDE, 0x00, 0x0C, 0xEF, 0x5F, 0x00, 0x2B, 0x00, 0x00, 0x00, 0x2B, 0x00, 0x00, 0x00, 0x0B,
    0x00, 0x0C, 0xBD, 0xBF, 0x00, 0x2B, 0x7B, 0xDE, 0x08, 0x2A, 0x18, 0xE7, 0x00, 0x2B, 0xB5, 0x9F,
    0x00, 0x0D, 0xB5, 0x9F, 0x00, 0x0D, 0xB5, 0x9F, 0x00, 0x0B, 0xB5, 0x9F, 0x00, 0x0C, 0xB5, 0x9F,
    0x00, 0x0C, 0xB5, 0x9F, 0x00, 0x0D, 0xB5, 0x9F, 0x00, 0x0E, 0xB5, 0x9F, 0x00, 0x0D, 0xB5, 0x9F,
    0x00, 0x2B, 0xB5, 0x9F, 0x08, 0x2A, 0xB5, 0x9F, 0x00, 0x2B, 0xB5, 0x9F, 0x00, 0x0B, 0xB5, 0x9F,
    0x00, 0x0C, 0xB5, 0x9F, 0x00, 0x0C, 0xB5, 0x9F, 0x00, 0x2B, 0xB5, 0x9F, 0x08, 0x2A, 0xB5, 0x9F,
    0x00, 0x2B, 0xB5, 0x9F, 0x00, 0x0C, 0xB5, 0x9F, 0x00, 0x2B, 0xB5, 0x9F, 0x00, 0x0C, 0xB5, 0x9F,
    0x08, 0x2A, 0xB5, 0x9F, 0x08, 0x2A, 0xB5, 0x9F, 0x00, 0x0D, 0xB5, 0x9F, 0x00, 0x0C, 0xB5, 0x9F,
    0x08, 0x2A, 0xB5, 0x9F, 0x08, 0x2A, 0xB5, 0x9F, 0x00, 0x2B, 0xB5, 0x9F, 0x00, 0x2B, 0xB5, 0x9F,
    0x00, 0x2A, 0xB5, 0x9F, 0x08, 0x2A, 0xB5, 0x9F, 0x00, 0x2B, 0xB5, 0x9F, 0x00, 0x0C, 0xB5, 0x9F,
    0x00, 0x2B, 0xB5, 0x9F, 0x08, 0x2A, 0xB5, 0x9F, 0x00, 0x2B, 0xB5, 0x9F, 0x00, 0x0D, 0xB5, 0x9F,
    0x00, 0x0D, 0xB5, 0x9F, 0x00, 0x0B, 0xB5, 0x9F, 0x00, 0x0C, 0xB5, 0x9F, 0x00, 0x0C, 0xB5, 0x9F,
    0x00, 0x0D, 0xB5, 0x9F, 0x00, 0x0E, 0xB5, 0x9F, 0x00, 0x0D, 0xB5, 0x9F, 0x00, 0x2B, 0xB5, 0x9F,
    0x08, 0x2A, 0xB5, 0x9F, 0x00, 0x2B, 0xB5, 0x9F, 0x00, 0x0B, 0xB5, 0x9F, 0x00, 0x0C, 0xB5, 0x9F,
    0x00, 0x0C, 0xB5, 0x9F, 0x00, 0x2B, 0xB5, 0x9F, 0x08, 0x2A, 0xB5, 0x9F, 0x00, 0x2B, 0xB5, 0x9F,
    0x00, 0x0C, 0xB5, 0x9F, 0x00, 0x2B, 0xB5, 0x9F, 0x00, 0x0C, 0xB5, 0x9F, 0x08, 0x2A, 0xB5, 0x9F,
    0x08, 0x2A, 0xB5, 0x9F, 0x00, 0x0D, 0xB5, 0x9F, 0x00, 0x0C, 0xB5, 0x9F, 0x08, 0x2A, 0xB5, 0x9F,
    0x08, 0x2A, 0xB5, 0x9F, 0x00, 0x2B, 0xB5, 0x9F, 0x00, 0x2B, 0xB5, 0x9F, 0x00, 0x2A, 0xB5, 0x9F,
    0x08, 0x2A, 0xB5, 0x9F, 0x00, 0x2B, 0xB5, 0x9F, 0x00, 0x0C, 0xB5, 0x9F, 0x00, 0x2B, 0xB5, 0x9F,
    0x08, 0x2A, 0xB5, 0x9F, 0x00, 0x2B, 0xB5, 0x9F, 0x00, 0x0D, 0xB5, 0x9F, 0x00, 0x0D, 0xB5, 0x9F,
    0x00, 0x0B, 0xB5, 0x9F, 0x00, 0x0C, 0xB5, 0x9F, 0x00, 0x0C, 0xB5, 0x9F, 0x00, 0x0D, 0xB5, 0x9F,
    0x00, 0x0E, 0xB5, 0x9F, 0x00, 0x0D, 0xB5, 0x9F, 0x00, 0x2B, 0xB5, 0x9F, 0x08, 0x2A, 0xB5, 0x9F,
    0x00, 0x2B, 0xB5, 0x9F, 0x00, 0x0B, 0xB5, 0x9F, 0x00, 0x0C, 0xB5, 0x9F, 0x00, 0x0C, 0xB5, 0x9F,
    0x00, 0x2B, 0xB5, 0x9F, 0x08, 0x2A, 0xB5, 0x9F, 0x00, 0x2B, 0xB5, 0x9F, 0x00, 0x0C, 0xB5, 0x9F,
    0x00, 0x2B, 0xB5, 0x9F, 0x00, 0x0C, 0xB5, 0x9F, 0x08, 0x2A, 0xB5, 0x9F, 0x08, 0x2A, 0xB5, 0x9F,
    0x00, 0x0D, 0xB5, 0x9F, 0x00, 0x0C, 0xB5, 0x9F, 0x08, 0x2A, 0xB5, 0x9F, 0x08, 0x2A, 0xB5, 0x9F,
    0x00, 0x2B, 0xB5, 0x9F, 0x00, 0x2B, 0xB5, 0x9F, 0x00, 0x2A, 0xB5, 0x9F, 0x08, 0x2A, 0xB5, 0x9F,
    0x00, 0x2B, 0xB5, 0x9F, 0x00, 0x0C, 0xB5, 0x9F, 0x00, 0x2B, 0xB5, 0x9F, 0x08, 0x2A, 0xB5, 0x9F,
    0x00, 0x2B, 0xB5, 0x9F, 0x00, 0x0D, 0xB5, 0x9F, 0x00, 0x0D, 0xB5, 0x9F, 0x00, 0x0B, 0xB5, 0x9F,
    0x00, 0x0C, 0xB5, 0x9F, 0x00, 0x0C, 0xB5, 0x9F, 0x00, 0x0D, 0xB5, 0x9F, 0x00, 0x0E, 0xB5, 0x9F,
    0x00, 0x0D, 0xB5, 0x9F, 0x00, 0x2B, 0xB5, 0x9F, 0x08, 0x2A, 0xB5, 0x9F, 0x00, 0x2B, 0xB5, 0x9F,
    0x00, 0x0B, 0xB5, 0x9F, 0x00, 0x0C, 0xB5, 0x9F, 0x00, 0x0C, 0xB5, 0x9F, 0x00, 0x2B, 0xB5, 0x9F,
    0x08, 0x2A, 0xB5, 0x9F, 0x00, 0x2B, 0xB5, 0x9F, 0x00, 0x0C, 0xB5, 0x9F, 0x00, 0x2B, 0xB5, 0x9F,
    0x00, 0x0C, 0xB5, 0x9F, 0x08, 0x2A, 0xB5, 0x9F, 0x08, 0x2A, 0xB5, 0x9F, 0x00, 0x0D, 0xB5, 0x9F,
    0x00, 0x0C, 0xB5, 0x9F, 0x08, 0x2A, 0xB5, 0x9F, 0x08, 0x2A, 0xB5, 0x9F, 0x00, 0x2B, 0xB5, 0x9F,
    0x00, 0x2B, 0xB5, 0x9F, 0x00, 0x2A, 0xB5, 0x9F, 0x08, 0x2A, 0xB5, 0x9F, 0x00, 0x2B, 0xB5, 0x9F,
    0x00, 0x0C, 0xB5, 0x9F, 0x00, 0x2B, 0xB5, 0x9F, 0x08, 0x2A, 0xB5, 0x9F, 0x00, 0x2B, 0xB5, 0x9F,
    0x00, 0x0D, 0xB5, 0x9F, 0x00, 0x0D, 0xB5, 0x9F, 0x00, 0x0B, 0xB5, 0x9F, 0x00, 0x0C, 0xB5, 0x9F,
    0x00, 0x0C, 0xB5, 0x9F, 0x00, 0x0D, 0xB5, 0x9F, 0x00, 0x0E, 0xB5, 0x9F, 0x00, 0x0D, 0xB5, 0x9F,
    0x00, 0x2B, 0xB5, 0x9F, 0x08, 0x2A, 0xB5, 0x9F, 0x00, 0x2B, 0xB5, 0x9F, 0x00, 0x0B, 0xB5, 0x9F,
    0x00, 0x0C, 0xDE, 0xBF, 0x00, 0x0C, 0x7B, 0xDF, 0x00, 0x2B, 0x00, 0x00, 0x08, 0x2A, 0x00, 0x00,
    0xFF, 0xFF, 0x00, 0x0D, 0x4A, 0x73, 0x00, 0x2B, 0x00, 0x00, 0x08, 0x2A, 0x00, 0x00, 0x00, 0x2B,
    0x6B, 0x5A, 0x00, 0x0C, 0x6B, 0x5A, 0x00, 0x0D, 0x6B, 0x5A, 0x00, 0x0B, 0x6B, 0x5A, 0x00, 0x0C,
    0x6B, 0x5A, 0x00, 0x2B, 0x6B, 0x5A, 0x00, 0x0C, 0x6B, 0x5A, 0x00, 0x0D, 0x6B, 0x5A, 0x00, 0x0D,
    0x6B, 0x5A, 0x00, 0x2B, 0x6B, 0x5A, 0x00, 0x2A, 0x6B, 0x5A, 0x00, 0x0C, 0x6B, 0x5A, 0x00, 0x2A,
    0x6B, 0x5A, 0x00, 0x2B, 0x6B, 0x5A, 0x00, 0x2B, 0x6B, 0x5A, 0x00, 0x2B, 0x6B, 0x5A, 0x08, 0x2A,
    0x6B, 0x5A, 0x00, 0x0C, 0x6B, 0x5A, 0x00, 0x0C, 0x6B, 0x5A, 0x00, 0x0C, 0x6B, 0x5A, 0x00, 0x0C,
    0x6B, 0x5A, 0x08, 0x2A, 0x6B, 0x5A, 0x00, 0x2A, 0x6B, 0x5A, 0x00, 0x0D, 0x6B, 0x5A, 0x08, 0x2A,
    0x6B, 0x5A, 0x08, 0x2A, 0x6B, 0x5A, 0x00, 0x2B, 0x6B, 0x5A, 0x00, 0x0C, 0x6B, 0x5A, 0x00, 0x2B,
    0x6B, 0x5A, 0x08, 0x2A, 0x6B, 0x5A, 0x08, 0x2A, 0x6B, 0x5A, 0x00, 0x0C, 0x6B, 0x5A, 0x00, 0x0D,
    0x6B, 0x5A, 0x00, 0x2B, 0x6B, 0x5A, 0x08, 0x2A, 0x6B, 0x5A, 0x00, 0x2B, 0x6B, 0x5A, 0x00, 0x0C,
    0x6B, 0x5A, 0x00, 0x0D, 0x6B, 0x5A, 0x00, 0x0B, 0x6B, 0x5A, 0x00, 0x0C, 0x6B, 0x5A, 0x00, 0x2B,
    0x6B, 0x5A, 0x00, 0x0C, 0x6B, 0x5A, 0x00, 0x0D, 0x6B, 0x5A, 0x00, 0x0D, 0x6B, 0x5A, 0x00, 0x2B,
    0x6B, 0x5A, 0x00, 0x2A, 0x6B, 0x5A, 0x00, 0x0C, 0x6B, 0x5A, 0x00, 0x2A, 0x6B, 0x5A, 0x00, 0x2B,
    0x6B, 0x5A, 0x00, 0x2B, 0x6B, 0x5A, 0x00, 0x2B, 0x6B, 0x5A, 0x08, 0x2A, 0x6B, 0x5A, 0x00, 0x0C,
    0x6B, 0x5A, 0x00, 0x0C, 0x6B, 0x5A, 0x00, 0x0C, 0x6B, 0x5A, 0x00, 0x0C, 0x6B, 0x5A, 0x08, 0x2A,
    0x6B, 0x5A, 0x00, 0x2A, 0x6B, 0x5A, 0x00, 0x0D, 0x6B, 0x5A, 0x08, 0x2A, 0x6B, 0x5A, 0x08, 0x2A,
    0x6B, 0x5A, 0x00, 0x2B, 0x6B, 0x5A, 0x00, 0x0C, 0x6B, 0x5A, 0x00, 0x2B, 0x6B, 0x5A, 0x08, 0x2A,
    0x6B, 0x5A, 0x08, 0x2A, 0x6B, 0x5A, 0x00, 0x0C, 0x6B, 0x5A, 0x00, 0x0D, 0x6B, 0x5A, 0x00, 0x2B,
    0x6B, 0x5A, 0x08, 0x2A, 0x6B, 0x5A, 0x00, 0x2B, 0x6B, 0x5A, 0x00, 0x0C, 0x6B, 0x5A, 0x00, 0x0D,
    0x6B, 0x5A, 0x00, 0x0B, 0x6B, 0x5A, 0x00, 0x0C, 0x6B, 0x5A, 0x00, 0x2B, 0x6B, 0x5A, 0x00, 0x0C,
    0x6B, 0x5A, 0x00, 0x0D, 0x6B, 0x5A, 0x00, 0x0D, 0x6B, 0x5A, 0x00, 0x2B, 0x6B, 0x5A, 0x00, 0x2A,
    0x6B, 0x5A, 0x00, 0x0C, 0x6B, 0x5A, 0x00, 0x2A, 0x6B, 0x5A, 0x00, 0x2B, 0x6B, 0x5A, 0x00, 0x2B,
    0x6B, 0x5A, 0x00, 0x2B, 0x6B, 0x5A, 0x08, 0x2A, 0x6B, 0x5A, 0x00, 0x0C, 0x6B, 0x5A, 0x00, 0x0C,
    0x6B, 0x5A, 0x00, 0x0C, 0x6B, 0x5A, 0x00, 0x0C, 0x6B, 0x5A, 0x08, 0x2A, 0x6B, 0x5A, 0x00, 0x2A,
    0x6B, 0x5A, 0x00, 0x0D, 0x6B, 0x5A, 0x08, 0x2A, 0x6B, 0x5A, 0x08, 0x2A, 0x6B, 0x5A, 0x00, 0x2B,
    0x6B, 0x5A, 0x00, 0x0C, 0x6B, 0x5A, 0x00, 0x2B, 0x6B, 0x5A, 0x08, 0x2A, 0x6B, 0x5A, 0x08, 0x2A,
    0x6B, 0x5A, 0x00, 0x0C, 0x6B, 0x5A, 0x00, 0x0D, 0x6B, 0x5A, 0x00, 0x2B, 0x6B, 0x5A, 0x08, 0x2A,
    0x6B, 0x5A, 0x00, 0x2B, 0x6B, 0x5A, 0x00, 0x0C, 0x6B, 0x5A, 0x00, 0x0D, 0x6B, 0x5A, 0x00, 0x0B,
    0x6B, 0x5A, 0x00, 0x0C, 0x6B, 0x5A, 0x00, 0x2B, 0x6B, 0x5A, 0x00, 0x0C, 0x6B, 0x5A, 0x00, 0x0D,
    0x6B, 0x5A, 0x00, 0x0D, 0x6B, 0x5A, 0x00, 0x2B, 0x6B, 0x5A, 0x00, 0x2A, 0x6B, 0x5A, 0x00, 0x0C,
    0x6B, 0x5A, 0x00, 0x2A, 0x6B, 0x5A, 0x00, 0x2B, 0x6B, 0x5A, 0x00, 0x2B, 0x6B, 0x5A, 0x00, 0x2B,
    0x6B, 0x5A, 0x08, 0x2A, 0x6B, 0x5A, 0x00, 0x0C, 0x6B, 0x5A, 0x00, 0x0C, 0x6B, 0x5A, 0x00, 0x0C,
    0x6B, 0x5A, 0x00, 0x0C, 0x6B, 0x5A, 0x08, 0x2A, 0x6B, 0x5A, 0x00, 0x2A, 0x6B, 0x5A, 0x00, 0x0D,
    0x6B, 0x5A, 0x08, 0x2A, 0x6B, 0x5A, 0x08, 0x2A, 0x6B, 0x5A, 0x00, 0x2B, 0x6B, 0x5A, 0x00, 0x0C,
    0x6B, 0x5A, 0x00, 0x2B, 0x6B, 0x5A, 0x08, 0x2A, 0x6B, 0x5A, 0x08, 0x2A, 0x6B, 0x5A, 0x00, 0x0C,
    0x6B, 0x5A, 0x00, 0x0D, 0x6B, 0x5A, 0x00, 0x2B, 0x6B, 0x5A, 0x08, 0x2A, 0x6B, 0x5A, 0x00, 0x2B,
    0x6B, 0x5A, 0x00, 0x0C, 0x6B, 0x5A, 0x00, 0x0D, 0x6B, 0x5A, 0x00, 0x0B, 0x6B, 0x5A, 0x00, 0x0C,
    0x6B, 0x5A, 0x00, 0x2B, 0x6B, 0x5A, 0x00, 0x0C, 0x6B, 0x5A, 0x00, 0x0D, 0x6B, 0x5A, 0x00, 0x0D,
    0x6B, 0x5A, 0x00, 0x2B, 0x6B, 0x5A, 0x00, 0x2A, 0x6B, 0x5A, 0x00, 0x0C, 0x6B, 0x5A, 0x00, 0x2A,
    0x6B, 0x5A, 0x00, 0x2B, 0x00, 0x00, 0x00, 0x2B, 0x00, 0x00, 0x00, 0x2B, 0x00, 0x00, 0x08, 0x2A,
    0x00, 0x0D, 0x7B, 0xDE, 0x00, 0x0D, 0x00, 0x00, 0x00, 0x2B, 0x00, 0x00, 0x00, 0x2B, 0x00, 0x00,
    0x00, 0x2B, 0x00, 0x00, 0x00, 0x0C, 0x00, 0x00, 0x00, 0x0C, 0x00, 0x00, 0x00, 0x2B, 0x00, 0x00,
    0x00, 0x0B, 0x00, 0x00, 0x00, 0x2B, 0x00, 0x00, 0x00, 0x0B, 0x00, 0x00, 0x00, 0x0C, 0x00, 0x00,
    0x00, 0x0C, 0x00, 0x00, 0x00, 0x0C, 0x00, 0x00, 0x00, 0x0C, 0x00, 0x00, 0x00, 0x0C, 0x00, 0x00,
    0x08, 0x2A, 0x00, 0x00, 0x00, 0x2B, 0x00, 0x00, 0x00, 0x0C, 0x00, 0x00, 0x00, 0x2B, 0x00, 0x00,
    0x08, 0x2A, 0x00, 0x00, 0x00, 0x0C, 0x00, 0x00, 0x00, 0x0C, 0x00, 0x00, 0x00, 0x0C, 0x00, 0x00,
    0x00, 0x0C, 0x00, 0x00, 0x00, 0x2B, 0x00, 0x00, 0x00, 0x2B, 0x00, 0x00, 0x00, 0x0C, 0x00, 0x00,
    0x08, 0x2A, 0x00, 0x00, 0x08, 0x2A, 0x00, 0x00, 0x00, 0x0C, 0x00, 0x00, 0x00, 0x0C, 0x00, 0x00,
    0x00, 0x0C, 0x00, 0x00, 0x08, 0x2A, 0x00, 0x00, 0x00, 0x2B, 0x00, 0x00, 0x00, 0x0D, 0x00, 0x00,
    0x00, 0x0D, 0x00, 0x00, 0x00, 0x2B, 0x00, 0x00, 0x00, 0x2B, 0x00, 0x00, 0x00, 0x2B, 0x00, 0x00,
    0x00, 0x0C, 0x00, 0x00, 0x00, 0x0C, 0x00, 0x00, 0x00, 0x2B, 0x00, 0x00, 0x00, 0x0B, 0x00, 0x00,
    0x00, 0x2B, 0x00, 0x00, 0x00, 0x0B, 0x00, 0x00, 0x00, 0x0C, 0x00, 0x00, 0x00, 0x0C, 0x00, 0x00,
    0x00, 0x0C, 0x00, 0x00, 0x00, 0x0C, 0x00, 0x00, 0x00, 0x0C, 0x00, 0x00, 0x08, 0x2A, 0x00, 0x00,
    0x00, 0x2B, 0x00, 0x00, 0x00, 0x0C, 0x00, 0x00, 0x00, 0x2B, 0x00, 0x00, 0x08, 0x2A, 0x00, 0x00,
    0x00, 0x0C, 0x00, 0x00, 0x00, 0x0C, 0x00, 0x00, 0x00, 0x0C, 0x00, 0x00, 0x00, 0x0C, 0x00, 0x00,
    0x00, 0x2B, 0x00, 0x00, 0x00, 0x2B, 0x00, 0x00, 0x00, 0x0C, 0x00, 0x00, 0x08, 0x2A, 0x00, 0x00,
    0x08, 0x2A, 0x00, 0x00, 0x00, 0x0C, 0x00, 0x00, 0x00, 0x0C, 0x00, 0x00, 0x00, 0x0C, 0x00, 0x00,
    0x08, 0x2A, 0x00, 0x00, 0x00, 0x2B, 0x00, 0x00, 0x00, 0x0D, 0x00, 0x00, 0x00, 0x0D, 0x00, 0x00,
    0x00, 0x2B, 0x00, 0x00, 0x00, 0x2B, 0x00, 0x00, 0x00, 0x2B, 0x00, 0x00, 0x00, 0x0C, 0x00, 0x00,
    0x00, 0x0C, 0x00, 0x00, 0x00, 0x2B, 0x00, 0x00, 0x00, 0x0B, 0x00, 0x00, 0x00, 0x2B, 0x00, 0x00,
    0x00, 0x0B, 0x00, 0x00, 0x00, 0x0C, 0x00, 0x00, 0x00, 0x0C, 0x00, 0x00, 0x00, 0x0C, 0x00, 0x00,
    0x00, 0x0C, 0x00, 0x00, 0x00, 0x0C, 0x00, 0x00, 0x08, 0x2A, 0x00, 0x00, 0x00, 0x2B, 0x00, 0x00,
    0x00, 0x0C, 0x00, 0x00, 0x00, 0x2B, 0x00, 0x00, 0x08, 0x2A, 0x00, 0x00, 0x00, 0x0C, 0x00, 0x00,
    0x00, 0x0C, 0x00, 0x00, 0x00, 0x0C, 0x00, 0x00, 0x00, 0x0C, 0x00, 0x00, 0x00, 0x2B, 0x00, 0x00,
    0x00, 0x2B, 0x00, 0x00, 0x00, 0x0C, 0x00, 0x00, 0x08, 0x2A, 0x00, 0x00, 0x08, 0x2A, 0x00, 0x00,
    0x00, 0x0C, 0x00, 0x00, 0x00, 0x0C, 0x00, 0x00, 0x00, 0x0C, 0x00, 0x00, 0x08, 0x2A, 0x00, 0x00,
    0x00, 0x2B, 0x00, 0x00, 0x00, 0x0D, 0x00, 0x00, 0x00, 0x0D, 0x00, 0x00, 0x00, 0x2B, 0x00, 0x00,
    0x00, 0x2B, 0x00, 0x00, 0x00, 0x2B, 0x00, 0x00, 0x00, 0x0C, 0x00, 0x00, 0x00, 0x0C, 0x00, 0x00,
    0x00, 0x2B, 0x00, 0x00, 0x00, 0x0B, 0x00, 0x00, 0x00, 0x2B, 0x00, 0x00, 0x00, 0x0B, 0x00, 0x00,
    0x00, 0x0C, 0x00, 0x00, 0x00, 0x0C, 0x00, 0x00, 0x00, 0x0C, 0x00, 0x00, 0x00, 0x0C, 0x00, 0x00,
    0x00, 0x0C, 0x00, 0x00, 0x08, 0x2A, 0x00, 0x00, 0x00, 0x2B, 0x00, 0x00, 0x00, 0x0C, 0x00, 0x00,
    0x00, 0x2B, 0x00, 0x00, 0x08, 0x2A, 0x00, 0x00, 0x00, 0x0C, 0x00, 0x00, 0x00, 0x0C, 0x00, 0x00,
    0x00, 0x0C, 0x00, 0x00, 0x00, 0x0C, 0x00, 0x00, 0x00, 0x2B, 0x00, 0x00, 0x00, 0x2B, 0x00, 0x00,
    0x00, 0x0C, 0x00, 0x00, 0x08, 0x2A, 0x00, 0x00, 0x08, 0x2A, 0x00, 0x00, 0x00, 0x0C, 0x00, 0x00,
    0x00, 0x0C, 0x00, 0x00, 0x00, 0x0C, 0x00, 0x00, 0x08, 0x2A, 0x00, 0x00, 0x00, 0x2B, 0x00, 0x00,
    0x00, 0x0D, 0x00, 0x00, 0x00, 0x0D, 0x00, 0x00, 0x00, 0x2B, 0x00, 0x00, 0x00, 0x2B, 0x00, 0x00,
    0x00, 0x2B, 0x00, 0x00, 0x00, 0x0C, 0x00, 0x00, 0x00, 0x0C, 0x00, 0x00, 0x00, 0x2B, 0x00, 0x00,
    0x00, 0x0B, 0x00, 0x00, 0x00, 0x2B, 0x00, 0x00, 0x00, 0x0B, 0x00, 0x00, 0x00, 0x0C, 0x00, 0x00,
    0x00, 0x0C, 0x00, 0x00, 0x00, 0x0C, 0x00, 0x00, 0x00, 0x0C, 0x00, 0x00, 0x00, 0x0C, 0x00, 0x00,
    0x08, 0x2A, 0x00, 0x00, 0x00, 0x2B, 0x00, 0x00, 0x00, 0x0C, 0x00, 0x00, 0x00, 0x2B, 0x00, 0x00,
    0xBD, 0xDE, 0x00, 0x0D, 0x00, 0x00, 0x00, 0x0C, 0x00, 0x00, 0x00, 0x2B, 0x00, 0x00, 0x00, 0x2B,
    0x00, 0x00, 0x00, 0x2B, 0x00, 0x00, 0x00, 0x0C, 0x00, 0x00, 0x00, 0x0B, 0x00, 0x00, 0x00, 0x2B,
    0x00, 0x00, 0x00, 0x0C, 0x00, 0x00, 0x00, 0x2B, 0x00, 0x00, 0x00, 0x2B, 0x00, 0x00, 0x00, 0x2B,
    0x00, 0x00, 0x00, 0x0C, 0x00, 0x00, 0x00, 0x0C, 0x00, 0x00, 0x00, 0x0E, 0x00, 0x00, 0x00, 0x0D,
    0x00, 0x00, 0x00, 0x2B, 0x00, 0x00, 0x00, 0x0C, 0x00, 0x00, 0x00, 0x0D, 0x00, 0x00, 0x00, 0x2A,
    0x00, 0x00, 0x08, 0x2A, 0x00, 0x00, 0x00, 0x0C, 0x00, 0x00, 0x00, 0x0C, 0x00, 0x00, 0x00, 0x0C,
    0x00, 0x00, 0x00, 0x0C, 0x00, 0x00, 0x00, 0x0C, 0x00, 0x00, 0x00, 0x0C, 0x00, 0x00, 0x00, 0x0C,
    0x00, 0x00, 0x08, 0x2A, 0x00, 0x00, 0x00, 0x0C, 0x00, 0x00, 0x00, 0x0C, 0x00, 0x00, 0x00, 0x0D,
    0x00, 0x00, 0x00, 0x0C, 0x00, 0x00, 0x08, 0x2A, 0x00, 0x00, 0x00, 0x0B, 0x00, 0x00, 0x00, 0x0D,
    0x00, 0x00, 0x00, 0x0C, 0x00, 0x00, 0x00, 0x2B, 0x00, 0x00, 0x00, 0x2B, 0x00, 0x00, 0x00, 0x2B,
    0x00, 0x00, 0x00, 0x0C, 0x00, 0x00, 0x00, 0x0B, 0x00, 0x00, 0x00, 0x2B, 0x00, 0x00, 0x00, 0x0C,
    0x00, 0x00, 0x00, 0x2B, 0x00, 0x00, 0x00, 0x2B, 0x00, 0x00, 0x00, 0x2B, 0x00, 0x00, 0x00, 0x0C,
    0x00, 0x00, 0x00, 0x0C, 0x00, 0x00, 0x00, 0x0E, 0x00, 0x00, 0x00, 0x0D, 0x00, 0x00, 0x00, 0x2B,
    0x00, 0x00, 0x00, 0x0C, 0x00, 0x00, 0x00, 0x0D, 0x00, 0x00, 0x00, 0x2A, 0x00, 0x00, 0x08, 0x2A,
    0x00, 0x00, 0x00, 0x0C, 0x00, 0x00, 0x00, 0x0C, 0x00, 0x00, 0x00, 0x0C, 0x00, 0x00, 0x00, 0x0C,
    0x00, 0x00, 0x00, 0x0C, 0x00, 0x00, 0x00, 0x0C, 0x00, 0x00, 0x00, 0x0C, 0x00, 0x00, 0x08, 0x2A,
    0x00, 0x00, 0x00, 0x0C, 0x00, 0x00, 0x00, 0x0C, 0x00, 0x00, 0x00, 0x0D, 0x00, 0x00, 0x00, 0x0C,
    0x00, 0x00, 0x08, 0x2A, 0x00, 0x00, 0x00, 0x0B, 0x00, 0x00, 0x00, 0x0D, 0x00, 0x00, 0x00, 0x0C,
    0x00, 0x00, 0x00, 0x2B, 0x00, 0x00, 0x00, 0x2B, 0x00, 0x00, 0x00, 0x2B, 0x00, 0x00, 0x00, 0x0C,
    0x00, 0x00, 0x00, 0x0B, 0x00, 0x00, 0x00, 0x2B, 0x00, 0x00, 0x00, 0x0C, 0x00, 0x00, 0x00, 0x2B,
    0x00, 0x00, 0x00, 0x2B, 0x00, 0x00, 0x00, 0x2B, 0x00, 0x00, 0x00, 0x0C, 0x00, 0x00, 0x00, 0x0C,
    0x00, 0x00, 0x00, 0x0E, 0x00, 0x00, 0x00, 0x0D, 0x00, 0x00, 0x00, 0x2B, 0x00, 0x00, 0x00, 0x0C,
    0x00, 0x00, 0x00, 0x0D, 0x00, 0x00, 0x00, 0x2A, 0x00, 0x00, 0x08, 0x2A, 0x00, 0x00, 0x00, 0x0C,
    0x00, 0x00, 0x00, 0x0C, 0x00, 0x00, 0x00, 0x0C, 0x00, 0x00, 0x00, 0x0C, 0x00, 0x00, 0x00, 0x0C,
    0x00, 0x00, 0x00, 0x0C, 0x00, 0x00, 0x00, 0x0C, 0x00, 0x00, 0x08, 0x2A, 0x00, 0x00, 0x00, 0x0C,
    0x00, 0x00, 0x00, 0x0C, 0x00, 0x00, 0x00, 0x0D, 0x00, 0x00, 0x00, 0x0C, 0x00, 0x00, 0x08, 0x2A,
    0x00, 0x00, 0x00, 0x0B, 0x00, 0x00, 0x00, 0x0D, 0x00, 0x00, 0x00, 0x0C, 0x00, 0x00, 0x00, 0x2B,
    0x00, 0x00, 0x00, 0x2B, 0x00, 0x00, 0x00, 0x2B, 0x00, 0x00, 0x00, 0x0C, 0x00, 0x00, 0x00, 0x0B,
    0x00, 0x00, 0x00, 0x2B, 0x00, 0x00, 0x00, 0x0C, 0x00, 0x00, 0x00, 0x2B, 0x00, 0x00, 0x00, 0x2B,
    0x00, 0x00, 0x00, 0x2B, 0x00, 0x00, 0x00, 0x0C, 0x00, 0x00, 0x00, 0x0C, 0x00, 0x00, 0x00, 0x0E,
    0x00, 0x00, 0x00, 0x0D, 0x00, 0x00, 0x00, 0x2B, 0x00, 0x00, 0x00, 0x0C, 0x00, 0x00, 0x00, 0x0D,
    0x00, 0x00, 0x00, 0x2A, 0x00, 0x00, 0x08, 0x2A, 0x00, 0x00, 0x00, 0x0C, 0x00, 0x00, 0x00, 0x0C,
    0x00, 0x00, 0x00, 0x0C, 0x00, 0x00, 0x00, 0x0C, 0x00, 0x00, 0x00, 0x0C, 0x00, 0x00, 0x00, 0x0C,
    0x00, 0x00, 0x00, 0x0C, 0x00, 0x00, 0x08, 0x2A, 0x00, 0x00, 0x00, 0x0C, 0x00, 0x00, 0x00, 0x0C,
    0x00, 0x00, 0x00, 0x0D, 0x00, 0x00, 0x00, 0x0C, 0x00, 0x00, 0x08, 0x2A, 0x00, 0x00, 0x00, 0x0B,
    0x00, 0x00, 0x00, 0x0D, 0x00, 0x00, 0x00, 0x0C, 0x00, 0x00, 0x00, 0x2B, 0x00, 0x00, 0x00, 0x2B,
    0x00, 0x00, 0x00, 0x2B, 0x00, 0x00, 0x00, 0x0C, 0x00, 0x00, 0x00, 0x0B, 0x00, 0x00, 0x00, 0x2B,
    0x00, 0x00, 0x00, 0x0C, 0x00, 0x00, 0x00, 0x2B, 0x00, 0x00, 0x00, 0x2B, 0x00, 0x00, 0x00, 0x2B,
    0x00, 0x00, 0x00, 0x0C, 0x00, 0x00, 0x00, 0x0C, 0x00, 0x00, 0x00, 0x0E, 0x00, 0x00, 0x00, 0x0D,
    0x00, 0x00, 0x00, 0x2B, 0x00, 0x00, 0x00, 0x0C, 0x00, 0x00, 0x00, 0x0D, 0x00, 0x00, 0x00, 0x2A,
    0x00, 0x2B, 0x00, 0x00, 0x00, 0x2B, 0x00, 0x00, 0x00, 0x2B, 0x00, 0x00, 0x00, 0x2B, 0x00, 0x00,
    0x08, 0x2A, 0x00, 0x00, 0x08, 0x2A, 0x00, 0x00, 0x00, 0x0B, 0x00, 0x00, 0x00, 0x0B, 0x00, 0x00,
    0x00, 0x0C, 0x00, 0x00, 0x00, 0x0D, 0x00, 0x00, 0x00, 0x2B, 0x00, 0x00, 0x08, 0x2A, 0x00, 0x00,
    0x00, 0x0B, 0x00, 0x00, 0x00, 0x0C, 0x00, 0x00, 0x00, 0x0D, 0x00, 0x00, 0x00, 0x0E, 0x00, 0x00,
    0x00, 0x0C, 0x00, 0x00, 0x00, 0x0B, 0x00, 0x00, 0x00, 0x0D, 0x00, 0x00, 0x00, 0x0D, 0x00, 0x00,
    0x08, 0x2A, 0x00, 0x00, 0x08, 0x2A, 0x00, 0x00, 0x00, 0x0C, 0x00, 0x00, 0x00, 0x0C, 0x00, 0x00,
    0x00, 0x0C, 0x00, 0x00, 0x00, 0x0C, 0x00, 0x00, 0x00, 0x0C, 0x00, 0x00, 0x00, 0x0D, 0x00, 0x00,
    0x00, 0x0C, 0x00, 0x00, 0x00, 0x0C, 0x00, 0x00, 0x00, 0x0C, 0x00, 0x00, 0x00, 0x0C, 0x00, 0x00,
    0x00, 0x0E, 0x00, 0x00, 0x00, 0x0C, 0x00, 0x00, 0x00, 0x2B, 0x00, 0x00, 0x00, 0x2B, 0x00, 0x00,
    0x00, 0x2B, 0x00, 0x00, 0x00, 0x2B, 0x00, 0x00, 0x00, 0x2B, 0x00, 0x00, 0x08, 0x2A, 0x00, 0x00,
    0x08, 0x2A, 0x00, 0x00, 0x00, 0x0B, 0x00, 0x00, 0x00, 0x0B, 0x00, 0x00, 0x00, 0x0C, 0x00, 0x00,
    0x00, 0x0D, 0x00, 0x00, 0x00, 0x2B, 0x00, 0x00, 0x08, 0x2A, 0x00, 0x00, 0x00, 0x0B, 0x00, 0x00,
    0x00, 0x0C, 0x00, 0x00, 0x00, 0x0D, 0x00, 0x00, 0x00, 0x0E, 0x00, 0x00, 0x00, 0x0C, 0x00, 0x00,
    0x00, 0x0B, 0x00, 0x00, 0x00, 0x0D, 0x00, 0x00, 0x00, 0x0D, 0x00, 0x00, 0x08, 0x2A, 0x00, 0x00,
    0x08, 0x2A, 0x00, 0x00, 0x00, 0x0C, 0x00, 0x00, 0x00, 0x0C, 0x00, 0x00, 0x00, 0x0C, 0x00, 0x00,
    0x00, 0x0C, 0x00, 0x00, 0x00, 0x0C, 0x00, 0x00, 0x00, 0x0D, 0x00, 0x00, 0x00, 0x0C, 0x00, 0x00,
    0x00, 0x0C, 0x00, 0x00, 0x00, 0x0C, 0x00, 0x00, 0x00, 0x0C, 0x00, 0x00, 0x00, 0x0E, 0x00, 0x00,
    0x00, 0x0C, 0x00, 0x00, 0x00, 0x2B, 0x00, 0x00, 0x00, 0x2B, 0x00, 0x00, 0x00, 0x2B, 0x00, 0x00,
    0x00, 0x2B, 0x00, 0x00, 0x00, 0x2B, 0x00, 0x00, 0x08, 0x2A, 0x00, 0x00, 0x08, 0x2A, 0x00, 0x00,
    0x00, 0x0B, 0x00, 0x00, 0x00, 0x0B, 0x00, 0x00, 0x00, 0x0C, 0x00, 0x00, 0x00, 0x0D, 0x00, 0x00,
    0x00, 0x2B, 0x00, 0x00, 0x08, 0x2A, 0x00, 0x00, 0x00, 0x0B, 0x00, 0x00, 0x00, 0x0C, 0x00, 0x00,
    0x00, 0x0D, 0x00, 0x00, 0x00, 0x0E, 0x00, 0x00, 0x00, 0x0C, 0x00, 0x00, 0x00, 0x0B, 0x00, 0x00,
    0x00, 0x0D, 0x00, 0x00, 0x00, 0x0D, 0x00, 0x00, 0x08, 0x2A, 0x00, 0x00, 0x08, 0x2A, 0x00, 0x00,
    0x00, 0x0C, 0x00, 0x00, 0x00, 0x0C, 0x00, 0x00, 0x00, 0x0C, 0x00, 0x00, 0x00, 0x0C, 0x00, 0x00,
    0x00, 0x0C, 0x00, 0x00, 0x00, 0x0D, 0x00, 0x00, 0x00, 0x0C, 0x00, 0x00, 0x00, 0x0C, 0x00, 0x00,
    0x00, 0x0C, 0x00, 0x00, 0x00, 0x0C, 0x00, 0x00, 0x00, 0x0E, 0x00, 0x00, 0x00, 0x0C, 0x00, 0x00,
    0x00, 0x2B, 0x00, 0x00, 0x00, 0x2B, 0x00, 0x00, 0x00, 0x2B, 0x00, 0x00, 0x00, 0x2B, 0x00, 0x00,
    0x00, 0x2B, 0x00, 0x00, 0x08, 0x2A, 0x00, 0x00, 0x08, 0x2A, 0x00, 0x00, 0x00, 0x0B, 0x00, 0x00,
    0x00, 0x0B, 0x00, 0x00, 0x00, 0x0C, 0x00, 0x00, 0x00, 0x0D, 0x00, 0x00, 0x00, 0x2B, 0x00, 0x00,
    0x08, 0x2A, 0x00, 0x00, 0x00, 0x0B, 0x00, 0x00, 0x00, 0x0C, 0x00, 0x00, 0x00, 0x0D, 0x00, 0x00,
    0x00, 0x0E, 0x00, 0x00, 0x00, 0x0C, 0x00, 0x00, 0x00, 0x0B, 0x00, 0x00, 0x00, 0x0D, 0x00, 0x00,
    0x00, 0x0D, 0x00, 0x00, 0x08, 0x2A, 0x00, 0x00, 0x08, 0x2A, 0x00, 0x00, 0x00, 0x0C, 0x00, 0x00,
    0x00, 0x0C, 0x00, 0x00, 0x00, 0x0C, 0x00, 0x00, 0x00, 0x0C, 0x00, 0x00, 0x00, 0x0C, 0x00, 0x00,
    0x00, 0x0D, 0x00, 0x00, 0x00, 0x0C, 0x00, 0x00, 0x00, 0x0C, 0x00, 0x00, 0x00, 0x0C, 0x00, 0x00,
    0x00, 0x0C, 0x00, 0x00, 0x00, 0x0E, 0x00, 0x00, 0x00, 0x0C, 0x00, 0x00, 0x00, 0x2B, 0x00, 0x00,
    0x00, 0x2B, 0x00, 0x00, 0x00, 0x2B, 0x00, 0x00, 0x00, 0x2B, 0x00, 0x00, 0x00, 0x2B, 0x00, 0x00,
    0x08, 0x2A, 0x00, 0x00, 0x08, 0x2A, 0x00, 0x00, 0x00, 0x0B, 0x00, 0x00, 0x00, 0x0B, 0x00, 0x00,
    0x00, 0x0C, 0x00, 0x00, 0x00, 0x0D, 0x00, 0x00, 0x00, 0x2B, 0x00, 0x00, 0x08, 0x2A, 0x00, 0x00,
    0x00, 0x0B, 0x00, 0x00, 0x00, 0x0C, 0x00, 0x00, 0x00, 0x0D, 0x00, 0x00, 0x00, 0x0E, 0x00, 0x00,
    0x00, 0x0C, 0x00, 0x00, 0x00, 0x0B, 0x00, 0x00, 0x00, 0x0D, 0x00, 0x00, 0x00, 0x0D, 0x00, 0x00
};
