// Generated from: veryhard1.png
// Format: RGB565_BE
// Original size: 308x35 = 21560 bytes

const uint16_t veryhard1_width = 308;
const uint16_t veryhard1_height = 35;

const uint8_t veryhard1_data[] PROGMEM = {
    0x00, 0x5F, 0x00, 0x5F, 0x00, 0x5F, 0x00, 0x5F, 0x00, 0x5F, 0x00, 0x5F, 0x00, 0x5F, 0x00, 0x5F,
    0x00, 0x5F, 0x00, 0x5F, 0x00, 0x5F, 0x00, 0x5F, 0x00, 0x5F, 0x00, 0x5F, 0x00, 0x5F, 0x00, 0x5F,
    0x00, 0x5F, 0x00, 0x5F, 0x00, 0x5F, 0x00, 0x5F, 0x00, 0x5F, 0x00, 0x5F, 0x00, 0x5F, 0x00, 0x5F,
    0x00, 0x5F, 0x00, 0x5F, 0x00, 0x5F, 0x00, 0x5F, 0x00, 0x5F, 0x00, 0x5F, 0x00, 0x5F, 0x00, 0x5F,
    0x00, 0x5F, 0x00, 0x5F, 0x00, 0x5F, 0x00, 0x5F, 0x00, 0x5F, 0x00, 0x5F, 0x00, 0x5F, 0x00, 0x5F,
    0x00, 0x5F, 0x00, 0x5F, 0x00, 0x5F, 0x00, 0x5F, 0x00, 0x5F, 0x00, 0x5F, 0x00, 0x5F, 0x00, 0x5F,
    0x00, 0x5F, 0x00, 0x5F, 0x00, 0x5F, 0x00, 0x5F, 0x00, 0x5F, 0x00, 0x5F, 0x00, 0x5F, 0x00, 0x5F,
    0x00, 0x5F, 0x00, 0x5F, 0x00, 0x5F, 0x00, 0x5F, 0x00, 0x5F, 0x00, 0x5F, 0x00, 0x5F, 0x00, 0x5F,
    0x00, 0x5F, 0x00, 0x5F, 0x00, 0x5F, 0x00, 0x5F, 0x00, 0x5F, 0x00, 0x5F, 0x00, 0x5F, 0x00, 0x5F,
    0x00, 0x5F, 0x00, 0x5F, 0x00, 0x5F, 0x00, 0x5F, 0x00, 0x5F, 0x00, 0x5F, 0x00, 0x5F, 0x00, 0x5F,
    0x00, 0x5F, 0x00, 0x5F, 0x00, 0x5F, 0x00, 0x5F, 0x00, 0x5F, 0x00, 0x5F, 0x00, 0x5F, 0x00, 0x5F,
    0x00, 0x5F, 0x00, 0x5F, 0x00, 0x5F, 0x00, 0x5F, 0x00, 0x5F, 0x00, 0x5F, 0x00, 0x5F, 0x00, 0x5F,
    0x00, 0x5F, 0x00, 0x5F, 0x00, 0x5F, 0x00, 0x5F, 0x00, 0x5F, 0x00, 0x5F, 0x00, 0x5F, 0x00, 0x5F,
    0x00, 0x5F, 0x00, 0x5F, 0x00, 0x5F, 0x00, 0x5F, 0x00, 0x5F, 0x00, 0x5F, 0x00, 0x5F, 0x00, 0x5F,
    0x00, 0x5F, 0x00, 0x5F, 0x00, 0x5F, 0x00, 0x5F, 0x00, 0x5F, 0x00, 0x5F, 0x00, 0x5F, 0x00, 0x5F,
    0x00, 0x5F, 0x00, 0x5F, 0x00, 0x5F, 0x00, 0x5F, 0x00, 0x5F, 0x00, 0x5F, 0x00, 0x5F, 0x00, 0x5F,
    0x00, 0x5F, 0x00, 0x5F, 0x00, 0x5F, 0x00, 0x5F, 0x00, 0x5F, 0x00, 0x5F, 0x00, 0x5F, 0x00, 0x5F,
    0x00, 0x5F, 0x00, 0x5F, 0x00, 0x5F, 0x00, 0x5F, 0x00, 0x5F, 0x00, 0x5F, 0x00, 0x5F, 0x00, 0x5F,
    0x00, 0x5F, 0x00, 0x5F, 0x00, 0x5F, 0x00, 0x5F, 0x00, 0x5F, 0x00, 0x5F, 0x00, 0x5F, 0x00, 0x5F,
    0x00, 0x5F, 0x00, 0x5F, 0x00, 0x5F, 0x00, 0x5F, 0x00, 0x5F, 0x00, 0x5F, 0x00, 0x5F, 0x00, 0x5F,
    0x00, 0x5F, 0x00, 0x5F, 0x00, 0x5F, 0x00, 0x5F, 0x00, 0x5F, 0x00, 0x5F, 0x00, 0x5F, 0x00, 0x5F,
    0x00, 0x5F, 0x00, 0x5F, 0x00, 0x5F, 0x00, 0x5F, 0x00, 0x5F, 0x00, 0x5F, 0x00, 0x5F, 0x00, 0x5F,
    0x00, 0x5F, 0x00, 0x5F, 0x00, 0x5F, 0x00, 0x5F, 0x00, 0x5F, 0x00, 0x5F, 0x00, 0x5F, 0x00, 0x5F,
    0x00, 0x5F, 0x00, 0x5F, 0x00, 0x5F, 0x00, 0x5F, 0x00, 0x5F, 0x00, 0x5F, 0x00, 0x5F, 0x00, 0x5F,
    0x00, 0x5F, 0x00, 0x5F, 0x00, 0x5F, 0x00, 0x5F, 0x00, 0x5F, 0x00, 0x5F, 0x00, 0x5F, 0x00, 0x5F,
    0x00, 0x5F, 0x00, 0x5F, 0x00, 0x5F, 0x00, 0x5F, 0x00, 0x5F, 0x00, 0x5F, 0x00, 0x5F, 0x00, 0x5F,
    0x00, 0x5F, 0x00, 0x5F, 0x00, 0x5F, 0x00, 0x5F, 0x00, 0x5F, 0x00, 0x5F, 0x00, 0x5F, 0x00, 0x5F,
    0x00, 0x5F, 0x00, 0x5F, 0x00, 0x5F, 0x00, 0x5F, 0x00, 0x5F, 0x00, 0x5F, 0x00, 0x5F, 0x00, 0x5F,
    0x00, 0x5F, 0x00, 0x5F, 0x00, 0x5F, 0x00, 0x5F, 0x00, 0x5F, 0x00, 0x5F, 0x00, 0x5F, 0x00, 0x5F,
    0x00, 0x5F, 0x00, 0x5F, 0x00, 0x5F, 0x00, 0x5F, 0x00, 0x5F, 0x00, 0x5F, 0x00, 0x5F, 0x00, 0x5F,
    0x00, 0x5F, 0x00, 0x5F, 0x00, 0x5F, 0x00, 0x5F, 0x00, 0x5F, 0x00, 0x5F, 0x00, 0x5F, 0x00, 0x5F,
    0x00, 0x5F, 0x00, 0x5F, 0x00, 0x5F, 0x00, 0x5F, 0x00, 0x5F, 0x00, 0x5F, 0x00, 0x5F, 0x00, 0x5F,
    0x00, 0x5F, 0x00, 0x5F, 0x00, 0x5F, 0x00, 0x5F, 0x00, 0x5F, 0x00, 0x5F, 0x00, 0x5F, 0x00, 0x5F,
    0x00, 0x5F, 0x00, 0x5F, 0x00, 0x5F, 0x00, 0x5F, 0x00, 0x5F, 0x00, 0x5F, 0x00, 0x5F, 0x00, 0x5F,
    0x00, 0x5F, 0x00, 0x5F, 0x00, 0x5F, 0x00, 0x5F, 0x00, 0x5F, 0x00, 0x5F, 0x00, 0x5F, 0x00, 0x5F,
    0x00, 0x5F, 0x00, 0x5F, 0x00, 0x5F, 0x00, 0x5F, 0x00, 0x5F, 0x00, 0x5F, 0x00, 0x5F, 0x00, 0x5F,
    0x00, 0x5F, 0x00, 0x5F, 0x00, 0x5F, 0x00, 0x5F, 0x00, 0x5F, 0x00, 0x5F, 0x00, 0x5F, 0x00, 0x5F,
    0x00, 0x5F, 0x00, 0x5F, 0x00, 0x5F, 0x00, 0x5F, 0x00, 0x5F, 0x00, 0x5F, 0x00, 0x5F, 0x00, 0x5F,
    0x00, 0x5F, 0x00, 0x5F, 0x00, 0x5F, 0x00, 0x5F, 0x00, 0x5F, 0x00, 0x5F, 0x00, 0x5F, 0x00, 0x5F,
    0x00, 0x5F, 0x00, 0x5F, 0x00, 0x5F, 0x00, 0x5F, 0x00, 0x5F, 0x00, 0x5F, 0x00, 0x5F, 0x00, 0x5F,
    0x00, 0x5F, 0x00, 0x5F, 0x00, 0x5F, 0x00, 0x5F, 0x00, 0x5F, 0x00, 0x5F, 0x00, 0x5F, 0x00, 0x5F,
    0x00, 0x5F, 0x00, 0x5F, 0x00, 0x5F, 0x00, 0x5F, 0x00, 0x5F, 0x00, 0x5F, 0x00, 0x5F, 0x00, 0x5F,
    0x00, 0x5F, 0x00, 0x5F, 0x00, 0x5F, 0x00, 0x5F, 0x00, 0x5F, 0x00, 0x5F, 0x00, 0x5F, 0x00, 0x5F,
    0x00, 0x5F, 0x00, 0x5F, 0x00, 0x5F, 0x00, 0x5F, 0x00, 0x5F, 0x00, 0x5F, 0x00, 0x5F, 0x00, 0x5F,
    0x00, 0x5F, 0x00, 0x5F, 0x00, 0x5F, 0x00, 0x5F, 0x00, 0x5F, 0x00, 0x5F, 0x00, 0x5F, 0x00, 0x5F,
    0x00, 0x5F, 0x00, 0x5F, 0x00, 0x5F, 0x00, 0x5F, 0x00, 0x5F, 0x00, 0x5F, 0x00, 0x5F, 0x00, 0x5F,
    0x00, 0x5F, 0x00, 0x5F, 0x00, 0x5F, 0x00, 0x5F, 0x00, 0x5F, 0x00, 0x5F, 0x00, 0x5F, 0x00, 0x5F,
    0x00, 0x5F, 0x00, 0x5F, 0x00, 0x5F, 0x00, 0x5F, 0x00, 0x5F, 0x00, 0x5F, 0x00, 0x5F, 0x00, 0x5F,
    0x00, 0x5F, 0x00, 0x5F, 0x00, 0x5F, 0x00, 0x5F, 0x00, 0x5F, 0x00, 0x5F, 0x00, 0x5F, 0x00, 0x5F,
    0x00, 0x5F, 0x00, 0x5F, 0x00, 0x5F, 0x00, 0x5F, 0x00, 0x5F, 0x00, 0x5F, 0x00, 0x5F, 0x00, 0x5F,
    0x00, 0x5F, 0x00, 0x5F, 0x00, 0x5F, 0x00, 0x5F, 0x00, 0x5F, 0x00, 0x5F, 0x00, 0x5F, 0x00, 0x5F,
    0x00, 0x5F, 0x00, 0x5F, 0x00, 0x5F, 0x00, 0x5F, 0x00, 0x5F, 0x00, 0x5F, 0x00, 0x5F, 0x00, 0x5F,
    0x00, 0x5F, 0x00, 0x5F, 0x00, 0x5F, 0x00, 0x5F, 0x00, 0x5F, 0x00, 0x5F, 0x00, 0x5F, 0x00, 0x5F,
    0x00, 0x5F, 0x00, 0x5F, 0x00, 0x5F, 0x00, 0x5F, 0x00, 0x5F, 0x00, 0x5F, 0x00, 0x5F, 0x00, 0x5F,
    0x00, 0x5F, 0x00, 0x5F, 0x00, 0x5F, 0x00, 0x5F, 0x00, 0x5F, 0x00, 0x5F, 0x00, 0x5F, 0x00, 0x5F,
    0x00, 0x5F, 0x00, 0x5F, 0x00, 0x5F, 0x00, 0x5F, 0x00, 0x5F, 0x00, 0x5F, 0x00, 0x5F, 0x00, 0x5F,
    0x00, 0x5F, 0x00, 0x5F, 0x00, 0x5F, 0x00, 0x5F, 0x00, 0x5F, 0x00, 0x5F, 0x00, 0x5F, 0x00, 0x5F,
    0x00, 0x5F, 0x00, 0x5F, 0x00, 0x5F, 0x00, 0x5F, 0x00, 0x5F, 0x00, 0x5F, 0x00, 0x5F, 0x00, 0x5F,
    0x00, 0x5F, 0x00, 0x5F, 0x00, 0x5F, 0x00, 0x5F, 0x00, 0x5F, 0x00, 0x5F, 0x00, 0x5F, 0x00, 0x5F,
    0x00, 0x5F, 0x00, 0x5F, 0x00, 0x5F, 0x00, 0x5F, 0x00, 0x5F, 0x00, 0x5F, 0x00, 0x5F, 0x00, 0x5F,
    0x00, 0x5F, 0x00, 0x5F, 0x00, 0x5F, 0x00, 0x5F, 0x00, 0x5F, 0x00, 0x5F, 0x00, 0x5F, 0x00, 0x5F,
    0x00, 0x5F, 0x00, 0x5F, 0x00, 0x5F, 0x00, 0x5F, 0x00, 0x5F, 0x00, 0x5F, 0x00, 0x5F, 0x00, 0x5F,
    0x00, 0x5F, 0x00, 0x5F, 0x00, 0x5F, 0x00, 0x5F, 0x00, 0x5F, 0x00, 0x5F, 0x00, 0x5F, 0x00, 0x5F,
    0x00, 0x5F, 0x00, 0x5F, 0x00, 0x5F, 0x00, 0x5F, 0x00, 0x5F, 0x00, 0x5F, 0x00, 0x5F, 0x00, 0x5F,
    0x00, 0x5F, 0x00, 0x5F, 0x00, 0x5F, 0x00, 0x5F, 0x00, 0x5F, 0x00, 0x5F, 0x00, 0x5F, 0x00, 0x5F,
    0x00, 0x5F, 0x00, 0x5F, 0x00, 0x5F, 0x00, 0x5F, 0x00, 0x5F, 0x00, 0x5F, 0x00, 0x5F, 0x00, 0x5F,
    0x00, 0x5F, 0x00, 0x5F, 0x00, 0x5F, 0x00, 0x5F, 0x00, 0x5F, 0x00, 0x5F, 0x00, 0x5F, 0x00, 0x5F,
    0x00, 0x5F, 0x00, 0x5F, 0x00, 0x5F, 0x00, 0x5F, 0x00, 0x5F, 0x00, 0x5F, 0x00, 0x5F, 0x00, 0x5F,
    0x00, 0x5F, 0x00, 0x5F, 0x00, 0x5F, 0x00, 0x5F, 0x00, 0x5F, 0x00, 0x5F, 0x00, 0x5F, 0x00, 0x5F,
    0x00, 0x5F, 0x00, 0x5F, 0x00, 0x5F, 0x00, 0x5F, 0x00, 0x5F, 0x00, 0x5F, 0x00, 0x5F, 0x00, 0x5F,
    0x00, 0x5F, 0x00, 0x5F, 0x00, 0x5F, 0x00, 0x5F, 0x00, 0x5F, 0x00, 0x5F, 0x00, 0x5F, 0x00, 0x5F,
    0x00, 0x5F, 0x00, 0x5F, 0x00, 0x5F, 0x00, 0x5F, 0x00, 0x5F, 0x00, 0x5F, 0x00, 0x5F, 0x00, 0x5F,
    0x00, 0x5F, 0x00, 0x5F, 0x00, 0x5F, 0x00, 0x5F, 0x00, 0x5F, 0x00, 0x5F, 0x00, 0x5F, 0x00, 0x5F,
    0x00, 0x5F, 0x00, 0x5F, 0x00, 0x5F, 0x00, 0x5F, 0x00, 0x5F, 0x00, 0x5F, 0x00, 0x5F, 0x00, 0x5F,
    0x00, 0x5F, 0x00, 0x5F, 0x00, 0x5F, 0x00, 0x5F, 0x00, 0x5F, 0x00, 0x5F, 0x00, 0x5F, 0x00, 0x5F,
    0x00, 0x5F, 0x00, 0x5F, 0x00, 0x5F, 0x00, 0x5F, 0x00, 0x5F, 0x00, 0x5F, 0x00, 0x5F, 0x00, 0x5F,
    0x00, 0x5F, 0x00, 0x5F, 0x00, 0x5F, 0x00, 0x5F, 0x00, 0x5F, 0x00, 0x5F, 0x00, 0x5F, 0x00, 0x5F,
    0x00, 0x5F, 0x50, 0x49, 0x68, 0xEC, 0x71, 0x0D, 0x71, 0x0D, 0x71, 0x0D, 0x71, 0x0D, 0x71, 0x0D,
    0x71, 0x0D, 0x71, 0x0D, 0x68, 0xEC, 0x58, 0x8A, 0x50, 0x49, 0x00, 0x5F, 0x00, 0x5F, 0x00, 0x5F,
    0x00, 0x5F, 0x00, 0x5F, 0x00, 0x5F, 0x00, 0x5F, 0x00, 0x5F, 0x00, 0x5F, 0x00, 0x5F, 0x00, 0x5F,
    0x00, 0x5F, 0x50, 0x29, 0x58, 0x6A, 0x58, 0x6A, 0x58, 0x6A, 0x50, 0x29, 0x00, 0x5F, 0x00, 0x5F,
    0x00, 0x5F, 0x00, 0x5F, 0x00, 0x5F, 0x00, 0x5F, 0x00, 0x5F, 0x50, 0x29, 0x60, 0xAB, 0x79, 0x4E,
    0x91, 0xD1, 0x71, 0x0D, 0x60, 0xAB, 0x58, 0x6A, 0x50, 0x29, 0x00, 0x5F, 0x00, 0x5F, 0x00, 0x5F,
    0x00, 0x5F, 0x50, 0x29, 0x60, 0xAB, 0x79, 0x6E, 0x91, 0xD1, 0x71, 0x0D, 0x60, 0xAB, 0x58, 0x6A,
    0x50, 0x29, 0x50, 0x29, 0x58, 0x6A, 0x58, 0x6A, 0x58, 0x6A, 0x50, 0x29, 0x00, 0x5F, 0x00, 0x5F,
    0x00, 0x5F, 0x00, 0x5F, 0x00, 0x5F, 0x00, 0x5F, 0x00, 0x5F, 0x00, 0x5F, 0x00, 0x5F, 0x00, 0x5F,
    0x00, 0x5F, 0x00, 0x5F, 0x00, 0x5F, 0x00, 0x5F, 0x00, 0x5F, 0x00, 0x5F, 0x00, 0x5F, 0x00, 0x5F,
    0x00, 0x5F, 0x00, 0x5F, 0x00, 0x5F, 0x00, 0x5F, 0x00, 0x5F, 0x00, 0x5F, 0x00, 0x5F, 0x00, 0x5F,
    0x00, 0x5F, 0x00, 0x5F, 0x00, 0x5F, 0x00, 0x5F, 0x00, 0x5F, 0x00, 0x5F, 0x00, 0x5F, 0x00, 0x5F,
    0x00, 0x5F, 0x00, 0x5F, 0x00, 0x5F, 0x00, 0x5F, 0x00, 0x5F, 0x00, 0x5F, 0x00, 0x5F, 0x58, 0x8A,
    0x71, 0x0D, 0x71, 0x0D, 0x71, 0x0D, 0x58, 0x8A, 0x00, 0x5F, 0x00, 0x5F, 0x00, 0x5F, 0x00, 0x5F,
    0x00, 0x5F, 0x00, 0x5F, 0x00, 0x5F, 0x00, 0x5F, 0x00, 0x5F, 0x00, 0x5F, 0x00, 0x5F, 0x00, 0x5F,
    0x00, 0x5F, 0x00, 0x5F, 0x00, 0x5F, 0x00, 0x5F, 0x00, 0x5F, 0x00, 0x5F, 0x00, 0x5F, 0x00, 0x5F,
    0x00, 0x5F, 0x00, 0x5F, 0x00, 0x5F, 0x00, 0x5F, 0x00, 0x5F, 0x00, 0x5F, 0x00, 0x5F, 0x00, 0x5F,
    0x00, 0x5F, 0x00, 0x5F, 0x00, 0x5F, 0x00, 0x5F, 0x00, 0x5F, 0x00, 0x5F, 0x00, 0x5F, 0x00, 0x5F,
    0x00, 0x5F, 0x00, 0x5F, 0x00, 0x5F, 0x00, 0x5F, 0x50, 0x49, 0x68, 0xEC, 0x71, 0x0D, 0x71, 0x0D,
    0x60, 0xCB, 0x00, 0x5F, 0x00, 0x5F, 0x00, 0x5F, 0x00, 0x5F, 0x00, 0x5F, 0x00, 0x5F, 0x00, 0x5F,
    0x00, 0x5F, 0x00, 0x5F, 0x00, 0x5F, 0x00, 0x5F, 0x00, 0x5F, 0x00, 0x5F, 0x50, 0x29, 0x60, 0xCB,
    0x71, 0x0D, 0x71, 0x0D, 0x68, 0xEC, 0x50, 0x49, 0x00, 0x5F, 0x00, 0x5F, 0x00, 0x5F, 0x00, 0x5F,
    0x00, 0x5F, 0x00, 0x5F, 0x00, 0x5F, 0x00, 0x5F, 0x00, 0x5F, 0x00, 0x5F, 0x00, 0x5F, 0x00, 0x5F,
    0x00, 0x5F, 0x00, 0x5F, 0x00, 0x5F, 0x00, 0x5F, 0x00, 0x5F, 0x00, 0x5F, 0x00, 0x5F, 0x00, 0x5F,
    0x00, 0x5F, 0x00, 0x5F, 0x00, 0x5F, 0x00, 0x5F, 0x00, 0x5F, 0x00, 0x5F, 0x00, 0x5F, 0x00, 0x5F,
    0x00, 0x5F, 0x00, 0x5F, 0x00, 0x5F, 0x00, 0x5F, 0x00, 0x5F, 0x00, 0x5F, 0x00, 0x5F, 0x00, 0x5F,
    0x00, 0x5F, 0x00, 0x5F, 0x00, 0x5F, 0x00, 0x5F, 0x00, 0x5F, 0x00, 0x5F, 0x00, 0x5F, 0x00, 0x5F,
    0x00, 0x5F, 0x00, 0x5F, 0x00, 0x5F, 0x00, 0x5F, 0x00, 0x5F, 0x00, 0x5F, 0x00, 0x5F, 0x00, 0x5F,
    0x00, 0x5F, 0x00, 0x5F, 0x00, 0x5F, 0x00, 0x5F, 0x00, 0x5F, 0x00, 0x5F, 0x00, 0x5F, 0x00, 0x5F,
    0x00, 0x5F, 0x00, 0x5F, 0x00, 0x5F, 0x50, 0x49, 0x68, 0xEC, 0x71, 0x0D, 0x71, 0x0D, 0x58, 0x8A,
    0x00, 0x5F, 0x00, 0x5F, 0x00, 0x5F, 0x00, 0x5F, 0x00, 0x5F, 0x00, 0x5F, 0x00, 0x5F, 0x00, 0x5F,
    0x00, 0x5F, 0x00, 0x5F, 0x50, 0x49, 0x68, 0xEC, 0x71, 0x0D, 0x71, 0x0D, 0x58, 0x8A, 0x00, 0x5F,
    0x00, 0x5F, 0x00, 0x5F, 0x00, 0x5F, 0x00, 0x5F, 0x00, 0x5F, 0x00, 0x5F, 0x00, 0x5F, 0x00, 0x5F,
    0x00, 0x5F, 0x00, 0x5F, 0x00, 0x5F, 0x00, 0x5F, 0x00, 0x5F, 0x00, 0x5F, 0x00, 0x5F, 0x00, 0x5F,
    0x00, 0x5F, 0x00, 0x5F, 0x00, 0x5F, 0x00, 0x5F, 0x00, 0x5F, 0x00, 0x5F, 0x00, 0x5F, 0x00, 0x5F,
    0x00, 0x5F, 0x00, 0x5F, 0x00, 0x5F, 0x00, 0x5F, 0x00, 0x5F, 0x00, 0x5F, 0x00, 0x5F, 0x00, 0x5F,
    0x00, 0x5F, 0x00, 0x5F, 0x00, 0x5F, 0x00, 0x5F, 0x00, 0x5F, 0x00, 0x5F, 0x00, 0x5F, 0x00, 0x5F,
    0x00, 0x5F, 0x00, 0x5F, 0x00, 0x5F, 0x00, 0x5F, 0x58, 0x8A, 0x71, 0x0D, 0x71, 0x0D, 0x68, 0xEC,
    0x50, 0x29, 0x00, 0x5F, 0x00, 0x5F, 0x00, 0x5F, 0x00, 0x5F, 0xAA, 0x74, 0xF4, 0x7E, 0xF4, 0x7E,
    0xF4, 0x7E, 0xF4, 0x7E, 0xF4, 0x7E, 0xF4, 0x7E, 0xF4, 0x9E, 0xF4, 0x9E, 0xF4, 0x9E, 0xEC, 0x5C,
    0xDB, 0xBB, 0xBA, 0xF7, 0x89, 0xAF, 0x58, 0x6A, 0x00, 0x5F, 0x00, 0x5F, 0x00, 0x5F, 0x00, 0x5F,
    0x00, 0x5F, 0x00, 0x5F, 0x00, 0x5F, 0x00, 0x5F, 0x50, 0x29, 0xB2, 0xF6, 0xEC, 0x5C, 0xEC, 0x5C,
    0xEB, 0xFC, 0xB2, 0xB6, 0x50, 0x29, 0x00, 0x5F, 0x00, 0x5F, 0x00, 0x5F, 0x00, 0x5F, 0x50, 0x49,
    0x79, 0x4E, 0xC3, 0x57, 0xEC, 0x3D, 0xF4, 0x5D, 0xF4, 0x7D, 0xF4, 0xBD, 0xEC, 0x7D, 0xE4, 0x5C,
    0xA2, 0x94, 0x50, 0x29, 0x00, 0x5F, 0x50, 0x49, 0x79, 0x4E, 0xC3, 0x57, 0xEC, 0x3D, 0xF4, 0x5D,
    0xF4, 0x7D, 0xF4, 0x9E, 0xEC, 0x7C, 0xE4, 0x3C, 0xAA, 0x94, 0xB2, 0xF6, 0xEC, 0x5C, 0xEC, 0x5C,
    0xEB, 0xFC, 0xB2, 0xB6, 0x50, 0x29, 0x00, 0x5F, 0x00, 0x5F, 0x00, 0x5F, 0x00, 0x5F, 0x00, 0x5F,
    0x00, 0x5F, 0x00, 0x5F, 0x00, 0x5F, 0x00, 0x5F, 0x00, 0x5F, 0x00, 0x5F, 0x00, 0x5F, 0x00, 0x5F,
    0x00, 0x5F, 0x00, 0x5F, 0x00, 0x5F, 0x00, 0x5F, 0x00, 0x5F, 0x00, 0x5F, 0x00, 0x5F, 0x00, 0x5F,
    0x00, 0x5F, 0x00, 0x5F, 0x00, 0x5F, 0x00, 0x5F, 0x00, 0x5F, 0x00, 0x5F, 0x00, 0x5F, 0x00, 0x5F,
    0x00, 0x5F, 0x00, 0x5F, 0x00, 0x5F, 0x00, 0x5F, 0x00, 0x5F, 0x00, 0x5F, 0x00, 0x5F, 0x00, 0x5F,
    0x00, 0x5F, 0x00, 0x5F, 0x50, 0x49, 0xD3, 0x99, 0xF4, 0xBE, 0xF4, 0xBD, 0xF4, 0x7E, 0xD3, 0x79,
    0x50, 0x49, 0x00, 0x5F, 0x00, 0x5F, 0x00, 0x5F, 0x00, 0x5F, 0x00, 0x5F, 0x00, 0x5F, 0x00, 0x5F,
    0x00, 0x5F, 0x00, 0x5F, 0x00, 0x5F, 0x00, 0x5F, 0x00, 0x5F, 0x00, 0x5F, 0x00, 0x5F, 0x00, 0x5F,
    0x00, 0x5F, 0x00, 0x5F, 0x00, 0x5F, 0x00, 0x5F, 0x00, 0x5F, 0x00, 0x5F, 0x00, 0x5F, 0x00, 0x5F,
    0x00, 0x5F, 0x00, 0x5F, 0x00, 0x5F, 0x00, 0x5F, 0x00, 0x5F, 0x00, 0x5F, 0x00, 0x5F, 0x00, 0x5F,
    0x00, 0x5F, 0x00, 0x5F, 0x00, 0x5F, 0x00, 0x5F, 0x00, 0x5F, 0x00, 0x5F, 0x00, 0x5F, 0x00, 0x5F,
    0x9A, 0x13, 0xFC, 0x9E, 0xF4, 0x7E, 0xF4, 0x7E, 0xE3, 0xDB, 0x60, 0xAB, 0x00, 0x5F, 0x00, 0x5F,
    0x00, 0x5F, 0x00, 0x5F, 0x00, 0x5F, 0x00, 0x5F, 0x00, 0x5F, 0x00, 0x5F, 0x00, 0x5F, 0x00, 0x5F,
    0x00, 0x5F, 0x00, 0x5F, 0x79, 0x4E, 0xEC, 0x9D, 0xF4, 0xBE, 0xF4, 0xDE, 0xFC, 0xDE, 0x9A, 0x73,
    0x00, 0x5F, 0x00, 0x5F, 0x00, 0x5F, 0x00, 0x5F, 0x00, 0x5F, 0x00, 0x5F, 0x00, 0x5F, 0x00, 0x5F,
    0x00, 0x5F, 0x00, 0x5F, 0x00, 0x5F, 0x00, 0x5F, 0x00, 0x5F, 0x00, 0x5F, 0x00, 0x5F, 0x00, 0x5F,
    0x00, 0x5F, 0x00, 0x5F, 0x00, 0x5F, 0x00, 0x5F, 0x00, 0x5F, 0x00, 0x5F, 0x00, 0x5F, 0x00, 0x5F,
    0x00, 0x5F, 0x00, 0x5F, 0x00, 0x5F, 0x00, 0x5F, 0x00, 0x5F, 0x00, 0x5F, 0x00, 0x5F, 0x00, 0x5F,
    0x00, 0x5F, 0x00, 0x5F, 0x00, 0x5F, 0x00, 0x5F, 0x00, 0x5F, 0x00, 0x5F, 0x00, 0x5F, 0x00, 0x5F,
    0x00, 0x5F, 0x00, 0x5F, 0x00, 0x5F, 0x00, 0x5F, 0x00, 0x5F, 0x00, 0x5F, 0x00, 0x5F, 0x00, 0x5F,
    0x00, 0x5F, 0x00, 0x5F, 0x00, 0x5F, 0x00, 0x5F, 0x00, 0x5F, 0x00, 0x5F, 0x00, 0x5F, 0x00, 0x5F,
    0x00, 0x5F, 0x00, 0x5F, 0x00, 0x5F, 0x00, 0x5F, 0x00, 0x5F, 0x00, 0x5F, 0x00, 0x5F, 0xAA, 0x74,
    0xF4, 0x7E, 0xF4, 0x5E, 0xF4, 0x7E, 0xD3, 0x79, 0x50, 0x49, 0x00, 0x5F, 0x00, 0x5F, 0x00, 0x5F,
    0x00, 0x5F, 0x00, 0x5F, 0x00, 0x5F, 0x00, 0x5F, 0x00, 0x5F, 0x00, 0x5F, 0xAA, 0xB5, 0xFC, 0xBE,
    0xF4, 0xBE, 0xFC, 0xBE, 0xD3, 0xB9, 0x50, 0x49, 0x00, 0x5F, 0x00, 0x5F, 0x00, 0x5F, 0x00, 0x5F,
    0x00, 0x5F, 0x00, 0x5F, 0x00, 0x5F, 0x00, 0x5F, 0x00, 0x5F, 0x00, 0x5F, 0x00, 0x5F, 0x00, 0x5F,
    0x00, 0x5F, 0x00, 0x5F, 0x00, 0x5F, 0x00, 0x5F, 0x00, 0x5F, 0x00, 0x5F, 0x00, 0x5F, 0x00, 0x5F,
    0x00, 0x5F, 0x00, 0x5F, 0x00, 0x5F, 0x00, 0x5F, 0x00, 0x5F, 0x00, 0x5F, 0x00, 0x5F, 0x00, 0x5F,
    0x00, 0x5F, 0x00, 0x5F, 0x00, 0x5F, 0x00, 0x5F, 0x00, 0x5F, 0x00, 0x5F, 0x00, 0x5F, 0x00, 0x5F,
    0x00, 0x5F, 0x00, 0x5F, 0x00, 0x5F, 0x00, 0x5F, 0x00, 0x5F, 0x00, 0x5F, 0x00, 0x5F, 0x50, 0x49,
    0xD3, 0x99, 0xF4, 0xBE, 0xF4, 0xBD, 0xF4, 0xBE, 0x81, 0x8F, 0x00, 0x5F, 0x00, 0x5F, 0x00, 0x5F,
    0x00, 0x5F, 0xC3, 0x17, 0xEB, 0x5C, 0xA0, 0xF3, 0xA9, 0x34, 0xA9, 0x74, 0xB1, 0xB6, 0xBA, 0x36,
    0xC2, 0x98, 0xCB, 0x59, 0xDC, 0x1B, 0xE4, 0xBC, 0xD2, 0x99, 0xEB, 0xDC, 0xF4, 0x9E, 0xDB, 0xFA,
    0x79, 0x6E, 0x50, 0x29, 0x00, 0x5F, 0x00, 0x5F, 0x00, 0x5F, 0x00, 0x5F, 0x00, 0x5F, 0x00, 0x5F,
    0x58, 0x6A, 0xEC, 0x3C, 0xEC, 0x7D, 0xE4, 0xBC, 0xEB, 0x5C, 0xEC, 0x1C, 0x58, 0x6A, 0x00, 0x5F,
    0x00, 0x5F, 0x00, 0x5F, 0x50, 0x29, 0xAA, 0x95, 0xF4, 0x9D, 0xE4, 0x9C, 0xD2, 0xB9, 0xD3, 0x39,
    0xD4, 0x19, 0xDC, 0xBA, 0xDD, 0x3A, 0xED, 0x1C, 0xE4, 0x5C, 0x58, 0x6A, 0x50, 0x29, 0xAA, 0x95,
    0xF4, 0x9D, 0xE4, 0x9C, 0xD2, 0x99, 0xD3, 0x39, 0xD3, 0xFA, 0xDC, 0xBA, 0xDD, 0x3A, 0xEC, 0xFC,
    0xEC, 0x5C, 0xEC, 0x3C, 0xEC, 0x7D, 0xE4, 0xBC, 0xEB, 0x5C, 0xEC, 0x1C, 0x58, 0x6A, 0x00, 0x5F,
    0x00, 0x5F, 0x00, 0x5F, 0x00, 0x5F, 0x00, 0x5F, 0x00, 0x5F, 0x00, 0x5F, 0x00, 0x5F, 0x00, 0x5F,
    0x00, 0x5F, 0x00, 0x5F, 0x00, 0x5F, 0x00, 0x5F, 0x00, 0x5F, 0x00, 0x5F, 0x00, 0x5F, 0x00, 0x5F,
    0x00, 0x5F, 0x00, 0x5F, 0x00, 0x5F, 0x00, 0x5F, 0x00, 0x5F, 0x00, 0x5F, 0x00, 0x5F, 0x00, 0x5F,
    0x00, 0x5F, 0x00, 0x5F, 0x00, 0x5F, 0x00, 0x5F, 0x00, 0x5F, 0x00, 0x5F, 0x00, 0x5F, 0x00, 0x5F,
    0x00, 0x5F, 0x00, 0x5F, 0x00, 0x5F, 0x00, 0x5F, 0x00, 0x5F, 0x00, 0x5F, 0x58, 0x6A, 0xEC, 0x3C,
    0xE4, 0x5C, 0xD4, 0xBA, 0xE2, 0xFB, 0xEC, 0x1C, 0x58, 0x6A, 0x00, 0x5F, 0x00, 0x5F, 0x00, 0x5F,
    0x00, 0x5F, 0x00, 0x5F, 0x00, 0x5F, 0x00, 0x5F, 0x00, 0x5F, 0x00, 0x5F, 0x00, 0x5F, 0x00, 0x5F,
    0x00, 0x5F, 0x00, 0x5F, 0x00, 0x5F, 0x00, 0x5F, 0x00, 0x5F, 0x00, 0x5F, 0x00, 0x5F, 0x00, 0x5F,
    0x00, 0x5F, 0x00, 0x5F, 0x00, 0x5F, 0x00, 0x5F, 0x00, 0x5F, 0x00, 0x5F, 0x00, 0x5F, 0x00, 0x5F,
    0x00, 0x5F, 0x00, 0x5F, 0x00, 0x5F, 0x00, 0x5F, 0x00, 0x5F, 0x00, 0x5F, 0x00, 0x5F, 0x00, 0x5F,
    0x00, 0x5F, 0x00, 0x5F, 0x00, 0x5F, 0x00, 0x5F, 0x89, 0xD1, 0xFC, 0x9E, 0xC9, 0xD8, 0xA9, 0x34,
    0xEB, 0xDC, 0x91, 0xF2, 0x00, 0x5F, 0x00, 0x5F, 0x00, 0x5F, 0x00, 0x5F, 0x00, 0x5F, 0x00, 0x5F,
    0x00, 0x5F, 0x00, 0x5F, 0x00, 0x5F, 0x00, 0x5F, 0x00, 0x5F, 0x50, 0x29, 0xC3, 0x57, 0xF4, 0xDD,
    0xDD, 0x7B, 0xE5, 0x5C, 0xFC, 0xDE, 0x89, 0xF1, 0x00, 0x5F, 0x00, 0x5F, 0x00, 0x5F, 0x00, 0x5F,
    0x00, 0x5F, 0x00, 0x5F, 0x00, 0x5F, 0x00, 0x5F, 0x00, 0x5F, 0x00, 0x5F, 0x00, 0x5F, 0x00, 0x5F,
    0x00, 0x5F, 0x00, 0x5F, 0x00, 0x5F, 0x00, 0x5F, 0x00, 0x5F, 0x00, 0x5F, 0x00, 0x5F, 0x00, 0x5F,
    0x00, 0x5F, 0x00, 0x5F, 0x00, 0x5F, 0x00, 0x5F, 0x00, 0x5F, 0x00, 0x5F, 0x00, 0x5F, 0x00, 0x5F,
    0x00, 0x5F, 0x00, 0x5F, 0x00, 0x5F, 0x00, 0x5F, 0x00, 0x5F, 0x00, 0x5F, 0x00, 0x5F, 0x00, 0x5F,
    0x00, 0x5F, 0x00, 0x5F, 0x00, 0x5F, 0x00, 0x5F, 0x00, 0x5F, 0x00, 0x5F, 0x00, 0x5F, 0x00, 0x5F,
    0x00, 0x5F, 0x00, 0x5F, 0x00, 0x5F, 0x00, 0x5F, 0x00, 0x5F, 0x00, 0x5F, 0x00, 0x5F, 0x00, 0x5F,
    0x00, 0x5F, 0x00, 0x5F, 0x00, 0x5F, 0x00, 0x5F, 0x00, 0x5F, 0x00, 0x5F, 0x00, 0x5F, 0x00, 0x5F,
    0x00, 0x5F, 0x00, 0x5F, 0x00, 0x5F, 0xC3, 0x18, 0xEB, 0x5C, 0xA1, 0x33, 0xDA, 0xBA, 0xEB, 0xFC,
    0x58, 0x6A, 0x00, 0x5F, 0x00, 0x5F, 0x00, 0x5F, 0x00, 0x5F, 0x00, 0x5F, 0x00, 0x5F, 0x00, 0x5F,
    0x00, 0x5F, 0x00, 0x5F, 0xC3, 0x78, 0xEC, 0xFD, 0xDD, 0x5A, 0xED, 0x3C, 0xEC, 0x5C, 0x58, 0x6A,
    0x00, 0x5F, 0x00, 0x5F, 0x00, 0x5F, 0x00, 0x5F, 0x00, 0x5F, 0x00, 0x5F, 0x00, 0x5F, 0x00, 0x5F,
    0x00, 0x5F, 0x00, 0x5F, 0x00, 0x5F, 0x00, 0x5F, 0x00, 0x5F, 0x00, 0x5F, 0x00, 0x5F, 0x00, 0x5F,
    0x00, 0x5F, 0x00, 0x5F, 0x00, 0x5F, 0x00, 0x5F, 0x00, 0x5F, 0x00, 0x5F, 0x00, 0x5F, 0x00, 0x5F,
    0x00, 0x5F, 0x00, 0x5F, 0x00, 0x5F, 0x00, 0x5F, 0x00, 0x5F, 0x00, 0x5F, 0x00, 0x5F, 0x00, 0x5F,
    0x00, 0x5F, 0x00, 0x5F, 0x00, 0x5F, 0x00, 0x5F, 0x00, 0x5F, 0x00, 0x5F, 0x00, 0x5F, 0x00, 0x5F,
    0x00, 0x5F, 0x00, 0x5F, 0x00, 0x5F, 0x58, 0x6A, 0xEC, 0x5C, 0xEC, 0xBC, 0xDC, 0xFA, 0xF4, 0xDE,
    0x92, 0x32, 0x00, 0x5F, 0x00, 0x5F, 0x00, 0x5F, 0x00, 0x5F, 0xC3, 0x17, 0xEB, 0x1C, 0x88, 0x50,
    0x88, 0x70, 0xA0, 0xF3, 0xA9, 0x54, 0xB1, 0xB5, 0xBA, 0x36, 0xC2, 0xB8, 0xD3, 0xDA, 0xD4, 0xBA,
    0xA1, 0x94, 0xC2, 0xF7, 0xDC, 0x1A, 0xEC, 0xBD, 0xF4, 0x9D, 0xA2, 0x94, 0x50, 0x49, 0x00, 0x5F,
    0x00, 0x5F, 0x00, 0x5F, 0x00, 0x5F, 0x00, 0x5F, 0x58, 0x6A, 0xEC, 0x1C, 0xDB, 0xFB, 0xCC, 0xB9,
    0xDA, 0xBA, 0xEC, 0x3C, 0x58, 0x6A, 0x00, 0x5F, 0x00, 0x5F, 0x00, 0x5F, 0x79, 0x4E, 0xF4, 0x7D,
    0xE3, 0xBC, 0xCC, 0x99, 0xD2, 0xD9, 0xEC, 0x7C, 0xF4, 0xBD, 0xEC, 0xBC, 0xDC, 0xDB, 0xED, 0x1C,
    0xEC, 0x7C, 0x58, 0x6A, 0x79, 0x4E, 0xF4, 0x7D, 0xE3, 0xBC, 0xCC, 0x99, 0xD2, 0xD9, 0xEC, 0x7C,
    0xF4, 0xBD, 0xEC, 0xBC, 0xDC, 0xDB, 0xED, 0x1D, 0xEC, 0x5C, 0xEC, 0x3C, 0xE3, 0xFB, 0xCC, 0xB9,
    0xDA, 0xBA, 0xEC, 0x1C, 0x58, 0x6A, 0x00, 0x5F, 0x00, 0x5F, 0x00, 0x5F, 0x00, 0x5F, 0x00, 0x5F,
    0x00, 0x5F, 0x00, 0x5F, 0x00, 0x5F, 0x00, 0x5F, 0x00, 0x5F, 0x00, 0x5F, 0x00, 0x5F, 0x00, 0x5F,
    0x00, 0x5F, 0x00, 0x5F, 0x00, 0x5F, 0x00, 0x5F, 0x00, 0x5F, 0x00, 0x5F, 0x00, 0x5F, 0x00, 0x5F,
    0x00, 0x5F, 0x00, 0x5F, 0x00, 0x5F, 0x00, 0x5F, 0x00, 0x5F, 0x00, 0x5F, 0x00, 0x5F, 0x00, 0x5F,
    0x00, 0x5F, 0x00, 0x5F, 0x00, 0x5F, 0x00, 0x5F, 0x00, 0x5F, 0x00, 0x5F, 0x00, 0x5F, 0x00, 0x5F,
    0x00, 0x5F, 0x00, 0x5F, 0x58, 0x6A, 0xEC, 0x1C, 0xE3, 0xFB, 0xCC, 0xB9, 0xDA, 0xBA, 0xEC, 0x1C,
    0x58, 0x6A, 0x00, 0x5F, 0x00, 0x5F, 0x00, 0x5F, 0x71, 0x2D, 0x92, 0x12, 0x92, 0x12, 0x92, 0x12,
    0x60, 0xAB, 0x00, 0x5F, 0x00, 0x5F, 0x00, 0x5F, 0x00, 0x5F, 0x00, 0x5F, 0x00, 0x5F, 0x00, 0x5F,
    0x00, 0x5F, 0x00, 0x5F, 0x00, 0x5F, 0x00, 0x5F, 0x00, 0x5F, 0x00, 0x5F, 0x00, 0x5F, 0x00, 0x5F,
    0x00, 0x5F, 0x00, 0x5F, 0x00, 0x5F, 0x00, 0x5F, 0x00, 0x5F, 0x00, 0x5F, 0x00, 0x5F, 0x00, 0x5F,
    0x00, 0x5F, 0x00, 0x5F, 0x00, 0x5F, 0x00, 0x5F, 0x00, 0x5F, 0x00, 0x5F, 0x00, 0x5F, 0x00, 0x5F,
    0x58, 0x8A, 0xEC, 0x1C, 0xEA, 0xFC, 0x88, 0x50, 0xCA, 0x38, 0xDB, 0x9A, 0x50, 0x49, 0x00, 0x5F,
    0x00, 0x5F, 0x00, 0x5F, 0x00, 0x5F, 0x00, 0x5F, 0x00, 0x5F, 0x00, 0x5F, 0x00, 0x5F, 0x00, 0x5F,
    0x00, 0x5F, 0x68, 0xCC, 0xF4, 0x9D, 0xE5, 0x3C, 0xD5, 0xBA, 0xED, 0x3C, 0xEC, 0x5C, 0x58, 0x8A,
    0x00, 0x5F, 0x00, 0x5F, 0x00, 0x5F, 0x00, 0x5F, 0x00, 0x5F, 0x00, 0x5F, 0x00, 0x5F, 0x00, 0x5F,
    0x00, 0x5F, 0x00, 0x5F, 0x00, 0x5F, 0x00, 0x5F, 0x00, 0x5F, 0x00, 0x5F, 0x00, 0x5F, 0x00, 0x5F,
    0x00, 0x5F, 0x00, 0x5F, 0x00, 0x5F, 0x00, 0x5F, 0x00, 0x5F, 0x00, 0x5F, 0x00, 0x5F, 0x00, 0x5F,
    0x00, 0x5F, 0x00, 0x5F, 0x00, 0x5F, 0x00, 0x5F, 0x00, 0x5F, 0x00, 0x5F, 0x00, 0x5F, 0x00, 0x5F,
    0x00, 0x5F, 0x00, 0x5F, 0x00, 0x5F, 0x00, 0x5F, 0x00, 0x5F, 0x00, 0x5F, 0x00, 0x5F, 0x00, 0x5F,
    0x00, 0x5F, 0x00, 0x5F, 0x00, 0x5F, 0x00, 0x5F, 0x00, 0x5F, 0x00, 0x5F, 0x00, 0x5F, 0x00, 0x5F,
    0x00, 0x5F, 0x00, 0x5F, 0x00, 0x5F, 0x00, 0x5F, 0x00, 0x5F, 0x00, 0x5F, 0x00, 0x5F, 0x00, 0x5F,
    0x00, 0x5F, 0x00, 0x5F, 0x00, 0x5F, 0x00, 0x5F, 0x00, 0x5F, 0x00, 0x5F, 0x00, 0x5F, 0xC3, 0x17,
    0xEB, 0x1C, 0x80, 0x2F, 0xC1, 0xD7, 0xEB, 0xFC, 0x58, 0x6A, 0x00, 0x5F, 0x00, 0x5F, 0x00, 0x5F,
    0x00, 0x5F, 0x00, 0x5F, 0x00, 0x5F, 0x00, 0x5F, 0x00, 0x5F, 0x00, 0x5F, 0xC3, 0x78, 0xEC, 0xFC,
    0xD5, 0x7A, 0xE5, 0x3B, 0xEC, 0x5C, 0x58, 0x6A, 0x00, 0x5F, 0x00, 0x5F, 0x00, 0x5F, 0x00, 0x5F,
    0x00, 0x5F, 0x00, 0x5F, 0x00, 0x5F, 0x00, 0x5F, 0x00, 0x5F, 0x00, 0x5F, 0x00, 0x5F, 0x00, 0x5F,
    0x00, 0x5F, 0x00, 0x5F, 0x00, 0x5F, 0x00, 0x5F, 0x00, 0x5F, 0x00, 0x5F, 0x00, 0x5F, 0x00, 0x5F,
    0x00, 0x5F, 0x00, 0x5F, 0x00, 0x5F, 0x00, 0x5F, 0x00, 0x5F, 0x00, 0x5F, 0x00, 0x5F, 0x00, 0x5F,
    0x00, 0x5F, 0x00, 0x5F, 0x00, 0x5F, 0x00, 0x5F, 0x00, 0x5F, 0x00, 0x5F, 0x00, 0x5F, 0x00, 0x5F,
    0x00, 0x5F, 0x00, 0x5F, 0x00, 0x5F, 0x00, 0x5F, 0x00, 0x5F, 0x00, 0x5F, 0x00, 0x5F, 0x58, 0x6A,
    0xEC, 0x5C, 0xE5, 0x3B, 0xD5, 0x5A, 0xF4, 0xDD, 0x92, 0x32, 0x00, 0x5F, 0x00, 0x5F, 0x00, 0x5F,
    0x00, 0x5F, 0xC3, 0x18, 0xEB, 0x5C, 0x88, 0xB1, 0xDA, 0xBA, 0xF4, 0x7E, 0xF4, 0x5D, 0xF4, 0x5D,
    0xF4, 0x5D, 0xF4, 0x7D, 0xF4, 0x7D, 0xF4, 0x9D, 0xEC, 0x1D, 0xE4, 0x3B, 0xD4, 0xDA, 0xD5, 0x5A,
    0xE5, 0x3C, 0xF4, 0xBD, 0xA2, 0x73, 0x50, 0x29, 0x00, 0x5F, 0x00, 0x5F, 0x00, 0x5F, 0x00, 0x5F,
    0x58, 0x6A, 0xEC, 0x1C, 0xEC, 0x1C, 0xDC, 0x9B, 0xEB, 0xBC, 0xEC, 0x3C, 0x58, 0x6A, 0x00, 0x5F,
    0x00, 0x5F, 0x50, 0x29, 0xCB, 0x58, 0xEB, 0x5C, 0xA1, 0xB3, 0xDC, 0xBB, 0xF4, 0xBD, 0xD3, 0xB9,
    0x92, 0x32, 0xB2, 0xD5, 0xC3, 0x78, 0xEC, 0x9D, 0xDB, 0xFA, 0x58, 0x6A, 0xCB, 0x38, 0xEB, 0x5C,
    0xA1, 0x93, 0xDC, 0xBB, 0xF4, 0x9E, 0xD3, 0xB9, 0x92, 0x11, 0xAA, 0xB5, 0xC3, 0x58, 0xEC, 0x9D,
    0xDC, 0x1B, 0xEC, 0x1C, 0xEC, 0x1C, 0xDC, 0x9B, 0xEB, 0xBC, 0xEC, 0x3C, 0x58, 0x6A, 0x00, 0x5F,
    0x00, 0x5F, 0x00, 0x5F, 0x00, 0x5F, 0x00, 0x5F, 0x00, 0x5F, 0x00, 0x5F, 0x00, 0x5F, 0x00, 0x5F,
    0x00, 0x5F, 0x00, 0x5F, 0x00, 0x5F, 0x00, 0x5F, 0x00, 0x5F, 0x00, 0x5F, 0x00, 0x5F, 0x00, 0x5F,
    0x00, 0x5F, 0x00, 0x5F, 0x00, 0x5F, 0x00, 0x5F, 0x00, 0x5F, 0x00, 0x5F, 0x00, 0x5F, 0x00, 0x5F,
    0x00, 0x5F, 0x00, 0x5F, 0x00, 0x5F, 0x00, 0x5F, 0x00, 0x5F, 0x00, 0x5F, 0x00, 0x5F, 0x00, 0x5F,
    0x00, 0x5F, 0x00, 0x5F, 0x00, 0x5F, 0x00, 0x5F, 0x00, 0x5F, 0x00, 0x5F, 0x58, 0x6A, 0xEC, 0x1C,
    0xDB, 0x9B, 0xCC, 0x99, 0xE3, 0x3B, 0xEC, 0x3C, 0x58, 0x6A, 0x00, 0x5F, 0x00, 0x5F, 0x58, 0x4A,
    0xE3, 0xDB, 0xFC, 0x9E, 0xF4, 0x9D, 0xFC, 0xDE, 0xBA, 0xD6, 0x00, 0x5F, 0x00, 0x5F, 0x00, 0x5F,
    0x00, 0x5F, 0x00, 0x5F, 0x00, 0x5F, 0x00, 0x5F, 0x00, 0x5F, 0x00, 0x5F, 0x00, 0x5F, 0x00, 0x5F,
    0x00, 0x5F, 0x00, 0x5F, 0x00, 0x5F, 0x00, 0x5F, 0x00, 0x5F, 0x00, 0x5F, 0x00, 0x5F, 0x00, 0x5F,
    0x00, 0x5F, 0x00, 0x5F, 0x00, 0x5F, 0x00, 0x5F, 0x00, 0x5F, 0x00, 0x5F, 0x00, 0x5F, 0x00, 0x5F,
    0x00, 0x5F, 0x00, 0x5F, 0x00, 0x5F, 0x00, 0x5F, 0x00, 0x5F, 0xA2, 0x74, 0xF4, 0x3D, 0xA1, 0x13,
    0xA1, 0x33, 0xEC, 0x1C, 0x79, 0x4E, 0x00, 0x5F, 0x00, 0x5F, 0x00, 0x5F, 0x00, 0x5F, 0x00, 0x5F,
    0x00, 0x5F, 0x00, 0x5F, 0x00, 0x5F, 0x00, 0x5F, 0x00, 0x5F, 0xA2, 0x73, 0xF4, 0xDE, 0xDD, 0x7B,
    0xDD, 0x9B, 0xF4, 0xDE, 0xA2, 0x94, 0x00, 0x5F, 0x00, 0x5F, 0x00, 0x5F, 0x00, 0x5F, 0x00, 0x5F,
    0x00, 0x5F, 0x00, 0x5F, 0x00, 0x5F, 0x00, 0x5F, 0x00, 0x5F, 0x00, 0x5F, 0x00, 0x5F, 0x00, 0x5F,
    0x00, 0x5F, 0x00, 0x5F, 0x00, 0x5F, 0x00, 0x5F, 0x00, 0x5F, 0x00, 0x5F, 0x00, 0x5F, 0x00, 0x5F,
    0x00, 0x5F, 0x00, 0x5F, 0x00, 0x5F, 0x00, 0x5F, 0x00, 0x5F, 0x00, 0x5F, 0x00, 0x5F, 0x00, 0x5F,
    0x00, 0x5F, 0x00, 0x5F, 0x00, 0x5F, 0x00, 0x5F, 0x00, 0x5F, 0x00, 0x5F, 0x00, 0x5F, 0x00, 0x5F,
    0x00, 0x5F, 0x00, 0x5F, 0x00, 0x5F, 0x00, 0x5F, 0x00, 0x5F, 0x00, 0x5F, 0x00, 0x5F, 0x00, 0x5F,
    0x00, 0x5F, 0x00, 0x5F, 0x00, 0x5F, 0x00, 0x5F, 0x00, 0x5F, 0x00, 0x5F, 0x00, 0x5F, 0x00, 0x5F,
    0x00, 0x5F, 0x00, 0x5F, 0x00, 0x5F, 0x00, 0x5F, 0x00, 0x5F, 0x00, 0x5F, 0x00, 0x5F, 0x00, 0x5F,
    0x00, 0x5F, 0x00, 0x5F, 0x00, 0x5F, 0xC3, 0x17, 0xEB, 0x3C, 0x88, 0x90, 0xCA, 0x18, 0xEB, 0xFC,
    0x58, 0x6A, 0x00, 0x5F, 0x00, 0x5F, 0x00, 0x5F, 0x00, 0x5F, 0x00, 0x5F, 0x00, 0x5F, 0x00, 0x5F,
    0x00, 0x5F, 0x00, 0x5F, 0xC3, 0x78, 0xEC, 0xFC, 0xD5, 0x7A, 0xE5, 0x3B, 0xEC, 0x5C, 0x58, 0x6A,
    0x00, 0x5F, 0x00, 0x5F, 0x00, 0x5F, 0x00, 0x5F, 0x00, 0x5F, 0x00, 0x5F, 0x00, 0x5F, 0x00, 0x5F,
    0x00, 0x5F, 0x00, 0x5F, 0x00, 0x5F, 0x00, 0x5F, 0x00, 0x5F, 0x00, 0x5F, 0x00, 0x5F, 0x00, 0x5F,
    0x00, 0x5F, 0x00, 0x5F, 0x00, 0x5F, 0x00, 0x5F, 0x00, 0x5F, 0x00, 0x5F, 0x00, 0x5F, 0x00, 0x5F,
    0x00, 0x5F, 0x00, 0x5F, 0x00, 0x5F, 0x00, 0x5F, 0x00, 0x5F, 0x00, 0x5F, 0x00, 0x5F, 0x00, 0x5F,
    0x00, 0x5F, 0x00, 0x5F, 0x00, 0x5F, 0x00, 0x5F, 0x00, 0x5F, 0x00, 0x5F, 0x00, 0x5F, 0x00, 0x5F,
    0x00, 0x5F, 0x00, 0x5F, 0x00, 0x5F, 0x58, 0x6A, 0xEC, 0x5C, 0xE5, 0x3B, 0xD5, 0x5A, 0xF4, 0xDD,
    0x92, 0x32, 0x00, 0x5F, 0x00, 0x5F, 0x00, 0x5F, 0x00, 0x5F, 0xC3, 0x18, 0xEB, 0x5C, 0x91, 0x11,
    0xEB, 0x5C, 0xD3, 0x79, 0x71, 0x0D, 0x71, 0x0D, 0x71, 0x0D, 0x71, 0x0D, 0x68, 0xCC, 0x79, 0x4E,
    0xBA, 0xF6, 0xF4, 0x9D, 0xEC, 0xBD, 0xDD, 0x5B, 0xD5, 0x7A, 0xDD, 0x5B, 0xF4, 0xBD, 0x79, 0x6E,
    0x00, 0x5F, 0x00, 0x5F, 0x00, 0x5F, 0x00, 0x5F, 0x50, 0x29, 0xA2, 0x54, 0xC3, 0x38, 0xC3, 0x78,
    0xC3, 0x58, 0xA2, 0x74, 0x50, 0x29, 0x00, 0x5F, 0x00, 0x5F, 0x58, 0x6A, 0xE4, 0x1C, 0xD2, 0x99,
    0x99, 0x72, 0xED, 0x1D, 0xCB, 0xB8, 0x00, 0x5F, 0x00, 0x5F, 0x00, 0x5F, 0x00, 0x5F, 0x60, 0xCB,
    0x60, 0xCB, 0x58, 0x6A, 0xE3, 0xFC, 0xD2, 0x99, 0x99, 0x72, 0xEC, 0xFD, 0xCB, 0x99, 0x50, 0x49,
    0x00, 0x5F, 0x00, 0x5F, 0x00, 0x5F, 0x60, 0xCB, 0x68, 0xCC, 0xA2, 0x54, 0xC3, 0x38, 0xC3, 0x58,
    0xC3, 0x58, 0xA2, 0x74, 0x50, 0x29, 0x00, 0x5F, 0x00, 0x5F, 0x00, 0x5F, 0x00, 0x5F, 0x00, 0x5F,
    0x00, 0x5F, 0x00, 0x5F, 0x00, 0x5F, 0x00, 0x5F, 0x00, 0x5F, 0x00, 0x5F, 0x00, 0x5F, 0x00, 0x5F,
    0x00, 0x5F, 0x00, 0x5F, 0x00, 0x5F, 0x00, 0x5F, 0x00, 0x5F, 0x00, 0x5F, 0x00, 0x5F, 0x00, 0x5F,
    0x00, 0x5F, 0x00, 0x5F, 0x00, 0x5F, 0x00, 0x5F, 0x00, 0x5F, 0x00, 0x5F, 0x00, 0x5F, 0x00, 0x5F,
    0x00, 0x5F, 0x00, 0x5F, 0x00, 0x5F, 0x00, 0x5F, 0x00, 0x5F, 0x00, 0x5F, 0x00, 0x5F, 0x00, 0x5F,
    0x00, 0x5F, 0x00, 0x5F, 0x58, 0x6A, 0xEB, 0xFC, 0xD2, 0xB9, 0xCC, 0x99, 0xE4, 0x3B, 0xEC, 0x5C,
    0x58, 0x6A, 0x00, 0x5F, 0x00, 0x5F, 0x58, 0x6A, 0xEB, 0xFC, 0xDA, 0xDB, 0xBB, 0x17, 0xEC, 0xBD,
    0xC3, 0x37, 0x00, 0x5F, 0x00, 0x5F, 0x00, 0x5F, 0x00, 0x5F, 0x00, 0x5F, 0x00, 0x5F, 0x00, 0x5F,
    0x00, 0x5F, 0x00, 0x5F, 0x00, 0x5F, 0x00, 0x5F, 0x00, 0x5F, 0x00, 0x5F, 0x00, 0x5F, 0x00, 0x5F,
    0x00, 0x5F, 0x00, 0x5F, 0x00, 0x5F, 0x00, 0x5F, 0x00, 0x5F, 0x00, 0x5F, 0x00, 0x5F, 0x00, 0x5F,
    0x00, 0x5F, 0x00, 0x5F, 0x00, 0x5F, 0x00, 0x5F, 0x00, 0x5F, 0x00, 0x5F, 0x00, 0x5F, 0x00, 0x5F,
    0x00, 0x5F, 0x68, 0xEC, 0xF4, 0x7D, 0xD2, 0x79, 0x91, 0x11, 0xE3, 0x3C, 0xC2, 0xF7, 0x50, 0x29,
    0x00, 0x5F, 0x00, 0x5F, 0x00, 0x5F, 0x00, 0x5F, 0x00, 0x5F, 0x00, 0x5F, 0x00, 0x5F, 0x00, 0x5F,
    0x58, 0x6A, 0xDC, 0x1B, 0xED, 0x1D, 0xD5, 0x9A, 0xE5, 0x5C, 0xF4, 0xBD, 0x68, 0xEC, 0x00, 0x5F,
    0x00, 0x5F, 0x00, 0x5F, 0x00, 0x5F, 0x00, 0x5F, 0x00, 0x5F, 0x00, 0x5F, 0x00, 0x5F, 0x00, 0x5F,
    0x00, 0x5F, 0x00, 0x5F, 0x00, 0x5F, 0x00, 0x5F, 0x00, 0x5F, 0x00, 0x5F, 0x00, 0x5F, 0x00, 0x5F,
    0x00, 0x5F, 0x00, 0x5F, 0x00, 0x5F, 0x00, 0x5F, 0x00, 0x5F, 0x00, 0x5F, 0x00, 0x5F, 0x00, 0x5F,
    0x00, 0x5F, 0x00, 0x5F, 0x00, 0x5F, 0x00, 0x5F, 0x00, 0x5F, 0x00, 0x5F, 0x00, 0x5F, 0x00, 0x5F,
    0x00, 0x5F, 0x00, 0x5F, 0x00, 0x5F, 0x00, 0x5F, 0x00, 0x5F, 0x00, 0x5F, 0x00, 0x5F, 0x00, 0x5F,
    0x00, 0x5F, 0x00, 0x5F, 0x00, 0x5F, 0x00, 0x5F, 0x00, 0x5F, 0x00, 0x5F, 0x00, 0x5F, 0x00, 0x5F,
    0x00, 0x5F, 0x00, 0x5F, 0x00, 0x5F, 0x00, 0x5F, 0x00, 0x5F, 0x00, 0x5F, 0x00, 0x5F, 0x00, 0x5F,
    0x00, 0x5F, 0x00, 0x5F, 0x00, 0x5F, 0x00, 0x5F, 0x00, 0x5F, 0x00, 0x5F, 0x00, 0x5F, 0xC3, 0x18,
    0xEB, 0x5C, 0x90, 0xF1, 0xD2, 0x79, 0xEB, 0xFC, 0x58, 0x6A, 0x00, 0x5F, 0x00, 0x5F, 0x00, 0x5F,
    0x00, 0x5F, 0x00, 0x5F, 0x00, 0x5F, 0x00, 0x5F, 0x00, 0x5F, 0x00, 0x5F, 0xC3, 0x78, 0xEC, 0xFC,
    0xD5, 0x7A, 0xE5, 0x5C, 0xEC, 0x5C, 0x58, 0x6A, 0x00, 0x5F, 0x00, 0x5F, 0x00, 0x5F, 0x00, 0x5F,
    0x00, 0x5F, 0x00, 0x5F, 0x00, 0x5F, 0x00, 0x5F, 0x00, 0x5F, 0x00, 0x5F, 0x00, 0x5F, 0x00, 0x5F,
    0x00, 0x5F, 0x00, 0x5F, 0x00, 0x5F, 0x00, 0x5F, 0x00, 0x5F, 0x00, 0x5F, 0x00, 0x5F, 0x00, 0x5F,
    0x00, 0x5F, 0x00, 0x5F, 0x00, 0x5F, 0x00, 0x5F, 0x00, 0x5F, 0x00, 0x5F, 0x00, 0x5F, 0x00, 0x5F,
    0x00, 0x5F, 0x00, 0x5F, 0x00, 0x5F, 0x00, 0x5F, 0x00, 0x5F, 0x00, 0x5F, 0x00, 0x5F, 0x00, 0x5F,
    0x00, 0x5F, 0x00, 0x5F, 0x00, 0x5F, 0x00, 0x5F, 0x00, 0x5F, 0x00, 0x5F, 0x00, 0x5F, 0x58, 0x6A,
    0xEC, 0x5C, 0xE5, 0x3B, 0xD5, 0x7A, 0xF4, 0xDD, 0x92, 0x32, 0x00, 0x5F, 0x00, 0x5F, 0x00, 0x5F,
    0x00, 0x5F, 0xC3, 0x38, 0xEB, 0x7C, 0x99, 0x72, 0xEB, 0x9C, 0xC3, 0x38, 0x00, 0x5F, 0x00, 0x5F,
    0x00, 0x5F, 0x00, 0x5F, 0x00, 0x5F, 0x00, 0x5F, 0x50, 0x29, 0x68, 0xEC, 0xC3, 0x78, 0xF4, 0xDD,
    0xD5, 0x5A, 0xD5, 0x9A, 0xEC, 0xFD, 0xD3, 0xFA, 0x58, 0x6A, 0x00, 0x5F, 0x00, 0x5F, 0x00, 0x5F,
    0x00, 0x5F, 0x00, 0x5F, 0x00, 0x5F, 0x00, 0x5F, 0x00, 0x5F, 0x00, 0x5F, 0x00, 0x5F, 0x00, 0x5F,
    0x00, 0x5F, 0x58, 0x6A, 0xEC, 0x3C, 0xE3, 0xBB, 0xCB, 0xF9, 0xED, 0x3C, 0xC3, 0x78, 0x00, 0x5F,
    0x00, 0x5F, 0x00, 0x5F, 0x00, 0x5F, 0x00, 0x5F, 0x00, 0x5F, 0x58, 0x6A, 0xEC, 0x3C, 0xE3, 0x9B,
    0xC3, 0xF8, 0xED, 0x1D, 0xC3, 0x78, 0x00, 0x5F, 0x00, 0x5F, 0x00, 0x5F, 0x00, 0x5F, 0x00, 0x5F,
    0x00, 0x5F, 0x00, 0x5F, 0x00, 0x5F, 0x00, 0x5F, 0x00, 0x5F, 0x00, 0x5F, 0x00, 0x5F, 0x00, 0x5F,
    0x00, 0x5F, 0x00, 0x5F, 0x00, 0x5F, 0x00, 0x5F, 0x00, 0x5F, 0x00, 0x5F, 0x00, 0x5F, 0x00, 0x5F,
    0x00, 0x5F, 0x00, 0x5F, 0x00, 0x5F, 0x00, 0x5F, 0x00, 0x5F, 0x00, 0x5F, 0x00, 0x5F, 0x00, 0x5F,
    0x00, 0x5F, 0x00, 0x5F, 0x00, 0x5F, 0x00, 0x5F, 0x00, 0x5F, 0x00, 0x5F, 0x00, 0x5F, 0x00, 0x5F,
    0x00, 0x5F, 0x00, 0x5F, 0x00, 0x5F, 0x00, 0x5F, 0x00, 0x5F, 0x00, 0x5F, 0x00, 0x5F, 0x00, 0x5F,
    0x00, 0x5F, 0x00, 0x5F, 0x00, 0x5F, 0x00, 0x5F, 0x00, 0x5F, 0x00, 0x5F, 0x58, 0x6A, 0xEB, 0xFC,
    0xD2, 0xB9, 0xCD, 0x59, 0xE5, 0x3C, 0xEC, 0x5C, 0x58, 0x6A, 0x00, 0x5F, 0x00, 0x5F, 0x58, 0x6A,
    0xEB, 0xFC, 0xC9, 0xF8, 0x99, 0x93, 0xEC, 0xBD, 0xC3, 0x58, 0x00, 0x5F, 0x00, 0x5F, 0x00, 0x5F,
    0x00, 0x5F, 0x00, 0x5F, 0x00, 0x5F, 0x00, 0x5F, 0x00, 0x5F, 0x00, 0x5F, 0x00, 0x5F, 0x00, 0x5F,
    0x00, 0x5F, 0x00, 0x5F, 0x00, 0x5F, 0x00, 0x5F, 0x00, 0x5F, 0x00, 0x5F, 0x00, 0x5F, 0x00, 0x5F,
    0x00, 0x5F, 0x00, 0x5F, 0x00, 0x5F, 0x00, 0x5F, 0x00, 0x5F, 0x00, 0x5F, 0x00, 0x5F, 0x00, 0x5F,
    0x00, 0x5F, 0x00, 0x5F, 0x00, 0x5F, 0x00, 0x5F, 0x00, 0x5F, 0x50, 0x29, 0xCB, 0x58, 0xEB, 0xFD,
    0xA1, 0x93, 0xCA, 0x78, 0xEC, 0x3D, 0x68, 0xCC, 0x00, 0x5F, 0x00, 0x5F, 0x00, 0x5F, 0x00, 0x5F,
    0x00, 0x5F, 0x00, 0x5F, 0x00, 0x5F, 0x00, 0x5F, 0x79, 0x6E, 0xFC, 0xDE, 0xDD, 0x7B, 0xD5, 0xBA,
    0xF4, 0xFD, 0xCB, 0x98, 0x50, 0x29, 0x00, 0x5F, 0x00, 0x5F, 0x00, 0x5F, 0x00, 0x5F, 0x00, 0x5F,
    0x00, 0x5F, 0x00, 0x5F, 0x00, 0x5F, 0x00, 0x5F, 0x00, 0x5F, 0x00, 0x5F, 0x00, 0x5F, 0x00, 0x5F,
    0x00, 0x5F, 0x00, 0x5F, 0x00, 0x5F, 0x00, 0x5F, 0x00, 0x5F, 0x00, 0x5F, 0x00, 0x5F, 0x00, 0x5F,
    0x00, 0x5F, 0x00, 0x5F, 0x00, 0x5F, 0x00, 0x5F, 0x00, 0x5F, 0x00, 0x5F, 0x00, 0x5F, 0x00, 0x5F,
    0x00, 0x5F, 0x00, 0x5F, 0x00, 0x5F, 0x00, 0x5F, 0x00, 0x5F, 0x00, 0x5F, 0x00, 0x5F, 0x00, 0x5F,
    0x00, 0x5F, 0x00, 0x5F, 0x00, 0x5F, 0x00, 0x5F, 0x00, 0x5F, 0x00, 0x5F, 0x00, 0x5F, 0x00, 0x5F,
    0x00, 0x5F, 0x00, 0x5F, 0x00, 0x5F, 0x00, 0x5F, 0x00, 0x5F, 0x00, 0x5F, 0x00, 0x5F, 0x00, 0x5F,
    0x00, 0x5F, 0x00, 0x5F, 0x00, 0x5F, 0x00, 0x5F, 0x00, 0x5F, 0x00, 0x5F, 0x00, 0x5F, 0x00, 0x5F,
    0x00, 0x5F, 0x00, 0x5F, 0x00, 0x5F, 0xC3, 0x18, 0xEB, 0x7C, 0x99, 0x72, 0xD2, 0xB9, 0xEC, 0x1C,
    0x58, 0x6A, 0x00, 0x5F, 0x00, 0x5F, 0x00, 0x5F, 0x00, 0x5F, 0x00, 0x5F, 0x00, 0x5F, 0x00, 0x5F,
    0x00, 0x5F, 0x00, 0x5F, 0xC3, 0x78, 0xED, 0x1D, 0xD5, 0x9A, 0xE5, 0x5C, 0xEC, 0x5C, 0x58, 0x6A,
    0x00, 0x5F, 0x00, 0x5F, 0x00, 0x5F, 0x00, 0x5F, 0x00, 0x5F, 0x00, 0x5F, 0x00, 0x5F, 0x00, 0x5F,
    0x00, 0x5F, 0x00, 0x5F, 0x00, 0x5F, 0x00, 0x5F, 0x00, 0x5F, 0x00, 0x5F, 0x00, 0x5F, 0x00, 0x5F,
    0x00, 0x5F, 0x00, 0x5F, 0x00, 0x5F, 0x00, 0x5F, 0x00, 0x5F, 0x00, 0x5F, 0x00, 0x5F, 0x00, 0x5F,
    0x00, 0x5F, 0x00, 0x5F, 0x00, 0x5F, 0x00, 0x5F, 0x00, 0x5F, 0x00, 0x5F, 0x00, 0x5F, 0x00, 0x5F,
    0x00, 0x5F, 0x00, 0x5F, 0x00, 0x5F, 0x00, 0x5F, 0x00, 0x5F, 0x00, 0x5F, 0x00, 0x5F, 0x00, 0x5F,
    0x00, 0x5F, 0x00, 0x5F, 0x00, 0x5F, 0x58, 0x6A, 0xEC, 0x5C, 0xE5, 0x3B, 0xD5, 0x7A, 0xF4, 0xBD,
    0x92, 0x32, 0x00, 0x5F, 0x00, 0x5F, 0x00, 0x5F, 0x00, 0x5F, 0xC3, 0x37, 0xEB, 0xBC, 0xA1, 0xD3,
    0xEB, 0xBC, 0xC3, 0x37, 0x00, 0x5F, 0x00, 0x5F, 0x00, 0x5F, 0x00, 0x5F, 0x00, 0x5F, 0x00, 0x5F,
    0x00, 0x5F, 0x00, 0x5F, 0x60, 0xAB, 0xEC, 0x5C, 0xE4, 0xFC, 0xD5, 0x9A, 0xDD, 0x7B, 0xFC, 0xBE,
    0x81, 0xB0, 0x00, 0x5F, 0x00, 0x5F, 0x00, 0x5F, 0x00, 0x5F, 0x00, 0x5F, 0x00, 0x5F, 0x00, 0x5F,
    0x00, 0x5F, 0x00, 0x5F, 0x00, 0x5F, 0x00, 0x5F, 0x00, 0x5F, 0x58, 0x6A, 0xEC, 0x3C, 0xE4, 0x3B,
    0xD4, 0xF9, 0xED, 0x3C, 0xC3, 0x78, 0x00, 0x5F, 0x00, 0x5F, 0x00, 0x5F, 0x00, 0x5F, 0x00, 0x5F,
    0x00, 0x5F, 0x58, 0x6A, 0xEC, 0x3C, 0xE4, 0x3B, 0xD4, 0xD9, 0xED, 0x1D, 0xC3, 0x78, 0x00, 0x5F,
    0x00, 0x5F, 0x00, 0x5F, 0x00, 0x5F, 0x00, 0x5F, 0x00, 0x5F, 0x00, 0x5F, 0x00, 0x5F, 0x00, 0x5F,
    0x00, 0x5F, 0x00, 0x5F, 0x00, 0x5F, 0x00, 0x5F, 0x00, 0x5F, 0x00, 0x5F, 0x00, 0x5F, 0x00, 0x5F,
    0x00, 0x5F, 0x00, 0x5F, 0x00, 0x5F, 0x00, 0x5F, 0x00, 0x5F, 0x00, 0x5F, 0x00, 0x5F, 0x00, 0x5F,
    0x00, 0x5F, 0x00, 0x5F, 0x00, 0x5F, 0x00, 0x5F, 0x00, 0x5F, 0x00, 0x5F, 0x00, 0x5F, 0x00, 0x5F,
    0x00, 0x5F, 0x00, 0x5F, 0x00, 0x5F, 0x00, 0x5F, 0x00, 0x5F, 0x00, 0x5F, 0x00, 0x5F, 0x00, 0x5F,
    0x00, 0x5F, 0x00, 0x5F, 0x00, 0x5F, 0x00, 0x5F, 0x00, 0x5F, 0x00, 0x5F, 0x00, 0x5F, 0x00, 0x5F,
    0x00, 0x5F, 0x00, 0x5F, 0x58, 0x6A, 0xEC, 0x1C, 0xE4, 0x3B, 0xCD, 0xB9, 0xE5, 0x5C, 0xEC, 0x5C,
    0x58, 0x6A, 0x00, 0x5F, 0x00, 0x5F, 0x58, 0x6A, 0xEC, 0x1C, 0xD2, 0xB9, 0x99, 0x72, 0xEC, 0xFC,
    0xC3, 0x78, 0x00, 0x5F, 0x00, 0x5F, 0x00, 0x5F, 0x00, 0x5F, 0x00, 0x5F, 0x00, 0x5F, 0x00, 0x5F,
    0x00, 0x5F, 0x00, 0x5F, 0x00, 0x5F, 0x00, 0x5F, 0x00, 0x5F, 0x00, 0x5F, 0x00, 0x5F, 0x00, 0x5F,
    0x00, 0x5F, 0x00, 0x5F, 0x00, 0x5F, 0x00, 0x5F, 0x00, 0x5F, 0x00, 0x5F, 0x00, 0x5F, 0x00, 0x5F,
    0x00, 0x5F, 0x00, 0x5F, 0x00, 0x5F, 0x00, 0x5F, 0x00, 0x5F, 0x00, 0x5F, 0x00, 0x5F, 0x00, 0x5F,
    0x00, 0x5F, 0x00, 0x5F, 0x79, 0x6E, 0xF4, 0x7E, 0xC2, 0x98, 0xAA, 0x35, 0xF4, 0x3D, 0xA2, 0x33,
    0x00, 0x5F, 0x00, 0x5F, 0x00, 0x5F, 0x00, 0x5F, 0x00, 0x5F, 0x00, 0x5F, 0x00, 0x5F, 0x50, 0x29,
    0xBB, 0x16, 0xF4, 0xFD, 0xDD, 0xBA, 0xDD, 0x7B, 0xF4, 0xBE, 0x79, 0x6E, 0x00, 0x5F, 0x00, 0x5F,
    0x00, 0x5F, 0x00, 0x5F, 0x00, 0x5F, 0x00, 0x5F, 0x00, 0x5F, 0x00, 0x5F, 0x00, 0x5F, 0x00, 0x5F,
    0x00, 0x5F, 0x00, 0x5F, 0x00, 0x5F, 0x00, 0x5F, 0x00, 0x5F, 0x00, 0x5F, 0x00, 0x5F, 0x00, 0x5F,
    0x00, 0x5F, 0x00, 0x5F, 0x00, 0x5F, 0x00, 0x5F, 0x00, 0x5F, 0x00, 0x5F, 0x00, 0x5F, 0x00, 0x5F,
    0x00, 0x5F, 0x00, 0x5F, 0x00, 0x5F, 0x00, 0x5F, 0x00, 0x5F, 0x00, 0x5F, 0x00, 0x5F, 0x00, 0x5F,
    0x00, 0x5F, 0x00, 0x5F, 0x00, 0x5F, 0x00, 0x5F, 0x00, 0x5F, 0x00, 0x5F, 0x00, 0x5F, 0x00, 0x5F,
    0x00, 0x5F, 0x00, 0x5F, 0x00, 0x5F, 0x00, 0x5F, 0x00, 0x5F, 0x00, 0x5F, 0x00, 0x5F, 0x00, 0x5F,
    0x00, 0x5F, 0x00, 0x5F, 0x00, 0x5F, 0x00, 0x5F, 0x00, 0x5F, 0x00, 0x5F, 0x00, 0x5F, 0x00, 0x5F,
    0x00, 0x5F, 0x00, 0x5F, 0x00, 0x5F, 0x00, 0x5F, 0x00, 0x5F, 0x00, 0x5F, 0x00, 0x5F, 0xC3, 0x38,
    0xEB, 0xBC, 0xA1, 0xD3, 0xDB, 0x1A, 0xEC, 0x1C, 0x58, 0x6A, 0x00, 0x5F, 0x00, 0x5F, 0x00, 0x5F,
    0x00, 0x5F, 0x00, 0x5F, 0x00, 0x5F, 0x00, 0x5F, 0x00, 0x5F, 0x00, 0x5F, 0xC3, 0x78, 0xED, 0x1D,
    0xD5, 0xBA, 0xE5, 0x5C, 0xEC, 0x5C, 0x58, 0x6A, 0x00, 0x5F, 0x00, 0x5F, 0x00, 0x5F, 0x00, 0x5F,
    0x00, 0x5F, 0x00, 0x5F, 0x00, 0x5F, 0x00, 0x5F, 0x00, 0x5F, 0x00, 0x5F, 0x00, 0x5F, 0x00, 0x5F,
    0x00, 0x5F, 0x00, 0x5F, 0x00, 0x5F, 0x00, 0x5F, 0x00, 0x5F, 0x00, 0x5F, 0x00, 0x5F, 0x00, 0x5F,
    0x00, 0x5F, 0x00, 0x5F, 0x00, 0x5F, 0x00, 0x5F, 0x00, 0x5F, 0x00, 0x5F, 0x00, 0x5F, 0x00, 0x5F,
    0x00, 0x5F, 0x00, 0x5F, 0x00, 0x5F, 0x00, 0x5F, 0x00, 0x5F, 0x00, 0x5F, 0x00, 0x5F, 0x00, 0x5F,
    0x00, 0x5F, 0x00, 0x5F, 0x00, 0x5F, 0x00, 0x5F, 0x00, 0x5F, 0x00, 0x5F, 0x00, 0x5F, 0x58, 0x6A,
    0xEC, 0x5C, 0xE5, 0x3B, 0xD5, 0x7A, 0xF4, 0xBD, 0x92, 0x11, 0x00, 0x5F, 0x00, 0x5F, 0x00, 0x5F,
    0x00, 0x5F, 0xC3, 0x37, 0xEB, 0xDC, 0xAA, 0x34, 0xEB, 0xDC, 0xC3, 0x38, 0x00, 0x5F, 0x00, 0x5F,
    0x00, 0x5F, 0x00, 0x5F, 0x00, 0x5F, 0x00, 0x5F, 0x00, 0x5F, 0x00, 0x5F, 0x00, 0x5F, 0x9A, 0x53,
    0xF4, 0xBE, 0xDD, 0x9B, 0xD5, 0xBA, 0xF5, 0x1D, 0xC3, 0x78, 0x50, 0x29, 0x00, 0x5F, 0x00, 0x5F,
    0x00, 0x5F, 0x50, 0x29, 0x58, 0x6A, 0x58, 0x6A, 0x58, 0x6A, 0x50, 0x29, 0x00, 0x5F, 0x58, 0x6A,
    0x58, 0x6A, 0x60, 0xAB, 0xEC, 0x5C, 0xE4, 0xBB, 0xD5, 0x5A, 0xED, 0x3C, 0xCB, 0x98, 0x58, 0x6A,
    0x58, 0x6A, 0x58, 0x6A, 0x58, 0x6A, 0x58, 0x6A, 0x58, 0x6A, 0x60, 0xAB, 0xEC, 0x5C, 0xE4, 0x9B,
    0xD5, 0x5A, 0xED, 0x1D, 0xCB, 0x98, 0x58, 0x6A, 0x58, 0x6A, 0x58, 0x6A, 0x58, 0x6A, 0x50, 0x29,
    0x00, 0x5F, 0x50, 0x29, 0x58, 0x6A, 0x58, 0x6A, 0x58, 0x6A, 0x50, 0x29, 0x00, 0x5F, 0x00, 0x5F,
    0x00, 0x5F, 0x00, 0x5F, 0x00, 0x5F, 0x00, 0x5F, 0x00, 0x5F, 0x00, 0x5F, 0x58, 0x6A, 0x68, 0xEC,
    0x71, 0x0D, 0x71, 0x0D, 0x60, 0xAB, 0x50, 0x49, 0x00, 0x5F, 0x00, 0x5F, 0x00, 0x5F, 0x00, 0x5F,
    0x00, 0x5F, 0x00, 0x5F, 0x00, 0x5F, 0x00, 0x5F, 0x58, 0x4A, 0x58, 0x6A, 0x58, 0x6A, 0x50, 0x49,
    0x00, 0x5F, 0x00, 0x5F, 0x00, 0x5F, 0x00, 0x5F, 0x00, 0x5F, 0x00, 0x5F, 0x00, 0x5F, 0x50, 0x49,
    0x58, 0x6A, 0x58, 0x6A, 0x58, 0x4A, 0x00, 0x5F, 0x00, 0x5F, 0x00, 0x5F, 0x58, 0x6A, 0xEC, 0x3C,
    0xE4, 0xDC, 0xD5, 0xFA, 0xE5, 0x7C, 0xEC, 0x5C, 0x58, 0x6A, 0x58, 0x4A, 0x58, 0x6A, 0x60, 0xAB,
    0xEC, 0x3C, 0xE3, 0xBB, 0xC3, 0xD8, 0xED, 0x1D, 0xCB, 0x78, 0x58, 0x6A, 0x58, 0x6A, 0x58, 0x6A,
    0x58, 0x6A, 0x50, 0x29, 0x58, 0x8A, 0x71, 0x0D, 0x71, 0x0D, 0x71, 0x0D, 0x58, 0x8A, 0x00, 0x5F,
    0x00, 0x5F, 0x00, 0x5F, 0x00, 0x5F, 0x00, 0x5F, 0x00, 0x5F, 0x00, 0x5F, 0x00, 0x5F, 0x50, 0x29,
    0x60, 0xAB, 0x71, 0x0D, 0x71, 0x0D, 0x60, 0xCB, 0x00, 0x5F, 0x00, 0x5F, 0x50, 0x49, 0x68, 0xEC,
    0x71, 0x0D, 0x71, 0x0D, 0x58, 0x8A, 0x00, 0x5F, 0x00, 0x5F, 0x00, 0x5F, 0x58, 0x6A, 0xDB, 0xDB,
    0xEB, 0xBC, 0xAA, 0x74, 0xE3, 0x9B, 0xDB, 0xFB, 0x58, 0x6A, 0x00, 0x5F, 0x00, 0x5F, 0x00, 0x5F,
    0x00, 0x5F, 0x00, 0x5F, 0x00, 0x5F, 0x60, 0xAB, 0xEC, 0x9D, 0xED, 0x5C, 0xD5, 0xDA, 0xED, 0x1C,
    0xDC, 0x1B, 0x58, 0x6A, 0x00, 0x5F, 0x00, 0x5F, 0x00, 0x5F, 0x00, 0x5F, 0x00, 0x5F, 0x00, 0x5F,
    0x00, 0x5F, 0x00, 0x5F, 0x58, 0x4A, 0x60, 0xAB, 0x71, 0x0D, 0x71, 0x0D, 0x60, 0xAB, 0x50, 0x29,
    0x00, 0x5F, 0x00, 0x5F, 0x00, 0x5F, 0x00, 0x5F, 0x00, 0x5F, 0x00, 0x5F, 0x00, 0x5F, 0x00, 0x5F,
    0x58, 0x4A, 0x58, 0x6A, 0x58, 0x6A, 0x50, 0x49, 0x00, 0x5F, 0x00, 0x5F, 0x00, 0x5F, 0x00, 0x5F,
    0x58, 0x6A, 0x60, 0xAB, 0x71, 0x0D, 0x68, 0xEC, 0x71, 0x0D, 0x71, 0x0D, 0x71, 0x0D, 0x58, 0x8A,
    0x00, 0x5F, 0x00, 0x5F, 0x00, 0x5F, 0x00, 0x5F, 0x00, 0x5F, 0x00, 0x5F, 0x00, 0x5F, 0x00, 0x5F,
    0x50, 0x29, 0x60, 0xAB, 0x71, 0x0D, 0x71, 0x0D, 0x60, 0xCB, 0x00, 0x5F, 0x00, 0x5F, 0x00, 0x5F,
    0x00, 0x5F, 0x00, 0x5F, 0x00, 0x5F, 0x00, 0x5F, 0x00, 0x5F, 0x00, 0x5F, 0x00, 0x5F, 0x00, 0x5F,
    0x00, 0x5F, 0x00, 0x5F, 0x00, 0x5F, 0xC3, 0x37, 0xEB, 0xDC, 0xAA, 0x54, 0xE3, 0x5B, 0xEC, 0x3C,
    0x58, 0x6A, 0x00, 0x5F, 0x00, 0x5F, 0x00, 0x5F, 0x00, 0x5F, 0x00, 0x5F, 0x00, 0x5F, 0x00, 0x5F,
    0x00, 0x5F, 0x00, 0x5F, 0xC3, 0x78, 0xED, 0x1D, 0xD5, 0xBA, 0xE5, 0x7C, 0xEC, 0x5C, 0x58, 0x6A,
    0x00, 0x5F, 0x00, 0x5F, 0x00, 0x5F, 0x00, 0x5F, 0x00, 0x5F, 0x50, 0x29, 0x60, 0xAB, 0x71, 0x0D,
    0x71, 0x0D, 0x71, 0x0D, 0x71, 0x0D, 0x68, 0xEC, 0x50, 0x49, 0x00, 0x5F, 0x00, 0x5F, 0x00, 0x5F,
    0x00, 0x5F, 0x00, 0x5F, 0x00, 0x5F, 0x00, 0x5F, 0x58, 0x6A, 0x58, 0x6A, 0x58, 0x6A, 0x50, 0x49,
    0x00, 0x5F, 0x00, 0x5F, 0x00, 0x5F, 0x00, 0x5F, 0x58, 0x6A, 0x60, 0xAB, 0x71, 0x0D, 0x58, 0x8A,
    0x00, 0x5F, 0x00, 0x5F, 0x00, 0x5F, 0x00, 0x5F, 0x00, 0x5F, 0x58, 0x8A, 0x79, 0x6E, 0x92, 0x11,
    0x92, 0x11, 0x71, 0x0D, 0x50, 0x49, 0x58, 0x6A, 0xEC, 0x5C, 0xE5, 0x5C, 0xD5, 0x9A, 0xF4, 0xDD,
    0x92, 0x11, 0x00, 0x5F, 0x00, 0x5F, 0x00, 0x5F, 0x00, 0x5F, 0xC3, 0x38, 0xEB, 0xDD, 0xB2, 0x95,
    0xEB, 0xFD, 0xC3, 0x38, 0x00, 0x5F, 0x00, 0x5F, 0x00, 0x5F, 0x00, 0x5F, 0x00, 0x5F, 0x00, 0x5F,
    0x00, 0x5F, 0x00, 0x5F, 0x00, 0x5F, 0x60, 0xAB, 0xEC, 0x5C, 0xE5, 0x5C, 0xD5, 0xDA, 0xE5, 0x5C,
    0xEC, 0x7C, 0x58, 0x8A, 0x00, 0x5F, 0x00, 0x5F, 0x50, 0x29, 0xBA, 0xF6, 0xEC, 0x5C, 0xEC, 0x7C,
    0xEC, 0x7C, 0xB3, 0x16, 0x71, 0x2D, 0xE4, 0x1B, 0xEC, 0x5C, 0xEC, 0x5C, 0xFC, 0xDE, 0xE4, 0xFB,
    0xCD, 0x79, 0xED, 0x5D, 0xF4, 0x9D, 0xE4, 0x3B, 0xE4, 0x3B, 0xE4, 0x3B, 0xEC, 0x7C, 0xEC, 0x5C,
    0xEC, 0x3C, 0xEC, 0x5C, 0xFC, 0xBE, 0xE4, 0xDB, 0xCD, 0x79, 0xED, 0x3D, 0xF4, 0x9D, 0xE4, 0x3B,
    0xE4, 0x3B, 0xE4, 0x3B, 0xE4, 0x3C, 0x92, 0x11, 0x50, 0x29, 0xBA, 0xF6, 0xEC, 0x5C, 0xEC, 0x7C,
    0xEC, 0x7C, 0xB2, 0xF6, 0x50, 0x29, 0x00, 0x5F, 0x00, 0x5F, 0x00, 0x5F, 0x00, 0x5F, 0x00, 0x5F,
    0x58, 0x6A, 0xA2, 0x53, 0xE3, 0xFB, 0xF4, 0x7D, 0xEC, 0x7C, 0xF4, 0x5D, 0xEC, 0x5C, 0xDB, 0xDA,
    0x91, 0xF1, 0x58, 0x6A, 0x00, 0x5F, 0x00, 0x5F, 0x00, 0x5F, 0x00, 0x5F, 0x00, 0x5F, 0x71, 0x0D,
    0xE3, 0xBB, 0xEB, 0xFC, 0xEB, 0xFC, 0xD3, 0x59, 0x58, 0x8A, 0x00, 0x5F, 0x00, 0x5F, 0x00, 0x5F,
    0x00, 0x5F, 0x00, 0x5F, 0x58, 0x8A, 0xD3, 0xB9, 0xEC, 0x5C, 0xEC, 0x5C, 0xE4, 0x1B, 0x71, 0x2D,
    0x00, 0x5F, 0x00, 0x5F, 0x58, 0x6A, 0xEC, 0x3C, 0xE5, 0x1B, 0xD5, 0xFA, 0xE5, 0x7C, 0xEC, 0x7C,
    0x79, 0x4E, 0xE3, 0xFB, 0xEC, 0x1C, 0xEC, 0x3C, 0xFC, 0xBE, 0xE4, 0x3B, 0xD4, 0xDA, 0xED, 0x3C,
    0xF4, 0x9D, 0xE4, 0x3B, 0xE4, 0x3B, 0xE4, 0x3B, 0xE4, 0x3C, 0x92, 0x32, 0xC3, 0x18, 0xFC, 0x9E,
    0xF4, 0x5E, 0xF4, 0x7E, 0xCB, 0x38, 0x50, 0x49, 0x00, 0x5F, 0x00, 0x5F, 0x00, 0x5F, 0x00, 0x5F,
    0x00, 0x5F, 0x00, 0x5F, 0x00, 0x5F, 0x79, 0x4E, 0xEC, 0x7D, 0xF4, 0xBD, 0xFC, 0xBE, 0xE4, 0x3B,
    0x58, 0x8A, 0x00, 0x5F, 0xAA, 0x94, 0xFC, 0xBE, 0xF4, 0xBD, 0xFC, 0x9E, 0xD3, 0x99, 0x50, 0x49,
    0x00, 0x5F, 0x00, 0x5F, 0x00, 0x5F, 0xA2, 0x53, 0xF4, 0x9E, 0xC3, 0x38, 0xCB, 0x79, 0xF4, 0x7D,
    0x79, 0x6E, 0x00, 0x5F, 0x00, 0x5F, 0x00, 0x5F, 0x00, 0x5F, 0x00, 0x5F, 0x00, 0x5F, 0x92, 0x11,
    0xFC, 0xDE, 0xDD, 0xBB, 0xDD, 0xBB, 0xF4, 0xDE, 0xA2, 0x73, 0x00, 0x5F, 0x00, 0x5F, 0x00, 0x5F,
    0x00, 0x5F, 0x00, 0x5F, 0x00, 0x5F, 0x50, 0x29, 0x68, 0xEC, 0xBA, 0xD6, 0xE4, 0x1C, 0xF4, 0x7D,
    0xEC, 0x7C, 0xF4, 0x3D, 0xEC, 0x5D, 0xD3, 0x99, 0x89, 0xD0, 0x58, 0x6A, 0x00, 0x5F, 0x00, 0x5F,
    0x00, 0x5F, 0x00, 0x5F, 0x00, 0x5F, 0x71, 0x0D, 0xE3, 0xBB, 0xEB, 0xFC, 0xEC, 0x1C, 0xD3, 0x79,
    0x58, 0x8A, 0x50, 0x29, 0x79, 0x4E, 0xBB, 0x17, 0xE4, 0x1B, 0xEC, 0x7D, 0xF4, 0xBD, 0xFC, 0x7E,
    0xFC, 0xBE, 0xF4, 0x5E, 0xF4, 0x7E, 0xCB, 0x38, 0x50, 0x49, 0x00, 0x5F, 0x00, 0x5F, 0x00, 0x5F,
    0x00, 0x5F, 0x00, 0x5F, 0x00, 0x5F, 0x00, 0x5F, 0x79, 0x4E, 0xEC, 0x7D, 0xF4, 0x9E, 0xFC, 0xBE,
    0xE4, 0x3B, 0x58, 0x8A, 0x00, 0x5F, 0x00, 0x5F, 0x00, 0x5F, 0x00, 0x5F, 0x00, 0x5F, 0x00, 0x5F,
    0x00, 0x5F, 0x00, 0x5F, 0x00, 0x5F, 0x00, 0x5F, 0x00, 0x5F, 0x00, 0x5F, 0x00, 0x5F, 0xC3, 0x38,
    0xEB, 0xFC, 0xB2, 0xB5, 0xE3, 0xBB, 0xEC, 0x3C, 0x58, 0x6A, 0x00, 0x5F, 0x00, 0x5F, 0x00, 0x5F,
    0x00, 0x5F, 0x00, 0x5F, 0x00, 0x5F, 0x00, 0x5F, 0x00, 0x5F, 0x00, 0x5F, 0xC3, 0x78, 0xED, 0x1D,
    0xD5, 0xBA, 0xE5, 0x7C, 0xEC, 0x5C, 0x58, 0x6A, 0x00, 0x5F, 0x00, 0x5F, 0x00, 0x5F, 0x00, 0x5F,
    0x58, 0x8A, 0xB2, 0xB5, 0xEC, 0x5D, 0xEC, 0x3C, 0xEC, 0x5C, 0xEC, 0x7C, 0xEB, 0xFC, 0xF4, 0x5D,
    0xCB, 0x79, 0x79, 0x6E, 0x50, 0x49, 0x00, 0x5F, 0x00, 0x5F, 0x00, 0x5F, 0x00, 0x5F, 0x71, 0x0D,
    0xE3, 0xDB, 0xEB, 0xFC, 0xEC, 0x1C, 0xD3, 0x79, 0x58, 0x8A, 0x50, 0x29, 0x79, 0x4E, 0xBB, 0x17,
    0xE4, 0x1B, 0xEC, 0x7D, 0xF4, 0xBD, 0xE4, 0x5C, 0x60, 0xCB, 0x00, 0x5F, 0x00, 0x5F, 0x50, 0x49,
    0x9A, 0x32, 0xEC, 0x5C, 0xF4, 0x9D, 0xEC, 0xBD, 0xEC, 0xBC, 0xEC, 0x9C, 0xDC, 0x1A, 0x9A, 0x52,
    0xEC, 0x7C, 0xE5, 0x5B, 0xD5, 0x9A, 0xF4, 0xDD, 0x92, 0x32, 0x00, 0x5F, 0x00, 0x5F, 0x00, 0x5F,
    0x00, 0x5F, 0xC3, 0x38, 0xEB, 0xFC, 0xB2, 0xF5, 0xEC, 0x1C, 0xC3, 0x38, 0x00, 0x5F, 0x00, 0x5F,
    0x00, 0x5F, 0x00, 0x5F, 0x00, 0x5F, 0x00, 0x5F, 0x00, 0x5F, 0x00, 0x5F, 0x00, 0x5F, 0x00, 0x5F,
    0xC3, 0x78, 0xED, 0x1D, 0xD5, 0xDA, 0xDD, 0x9B, 0xF4, 0xBD, 0x68, 0xEC, 0x00, 0x5F, 0x00, 0x5F,
    0x58, 0x6A, 0xEC, 0x5C, 0xED, 0x1D, 0xE5, 0x9C, 0xED, 0x5D, 0xEC, 0x7C, 0x9A, 0x32, 0xF4, 0xBE,
    0xE4, 0x5C, 0xE4, 0x9C, 0xE4, 0xDC, 0xD5, 0x3A, 0xCD, 0xBA, 0xD5, 0xDA, 0xDD, 0xBB, 0xDD, 0xBB,
    0xDD, 0x9B, 0xDD, 0x7B, 0xF4, 0xDE, 0xFC, 0xBE, 0xE4, 0x5C, 0xE4, 0x7C, 0xE4, 0xBC, 0xD5, 0x1A,
    0xCD, 0xB9, 0xD5, 0xDA, 0xDD, 0xBB, 0xDD, 0x9B, 0xDD, 0x9B, 0xDD, 0x7B, 0xEC, 0xFD, 0xC3, 0x78,
    0x58, 0x6A, 0xEC, 0x5C, 0xED, 0x1D, 0xE5, 0x9C, 0xED, 0x3D, 0xEC, 0x7C, 0x58, 0x6A, 0x00, 0x5F,
    0x00, 0x5F, 0x00, 0x5F, 0x50, 0x29, 0x81, 0x6F, 0xE3, 0xBB, 0xF3, 0xFD, 0xE2, 0xFB, 0xCB, 0x59,
    0xD4, 0xDA, 0xCA, 0x98, 0xDC, 0x3A, 0xEC, 0xDC, 0xF4, 0xBD, 0xDC, 0x3B, 0x79, 0x4E, 0x00, 0x5F,
    0x00, 0x5F, 0x00, 0x5F, 0x00, 0x5F, 0x91, 0xF2, 0xF4, 0x5E, 0xD2, 0x39, 0xDA, 0x7A, 0xFC, 0x7E,
    0x71, 0x0D, 0x00, 0x5F, 0x00, 0x5F, 0x00, 0x5F, 0x00, 0x5F, 0x00, 0x5F, 0x71, 0x0D, 0xFC, 0xBE,
    0xED, 0x1C, 0xE5, 0x1B, 0xFC, 0xBE, 0x92, 0x12, 0x00, 0x5F, 0x00, 0x5F, 0x58, 0x6A, 0xEC, 0x5C,
    0xE5, 0x3C, 0xD5, 0xFA, 0xE5, 0x7C, 0xEC, 0x7C, 0x9A, 0x32, 0xFC, 0x9E, 0xEB, 0xFC, 0xE4, 0x1B,
    0xE4, 0x3B, 0xD4, 0x79, 0xCD, 0x59, 0xD5, 0xDA, 0xDD, 0xBB, 0xDD, 0x7B, 0xDD, 0x5A, 0xDD, 0x7A,
    0xF5, 0x1D, 0xC3, 0x78, 0xBA, 0xD6, 0xFC, 0x7E, 0xB9, 0x76, 0xCA, 0x18, 0xF4, 0x7E, 0x79, 0x4E,
    0x00, 0x5F, 0x00, 0x5F, 0x00, 0x5F, 0x00, 0x5F, 0x00, 0x5F, 0x00, 0x5F, 0x50, 0x29, 0xCB, 0x78,
    0xE4, 0xDC, 0xDD, 0x5B, 0xF4, 0xFD, 0xDB, 0xFA, 0x58, 0x6A, 0x00, 0x5F, 0xC3, 0x37, 0xEC, 0x3D,
    0xD4, 0xBB, 0xEB, 0x9C, 0xEC, 0x5C, 0x58, 0x6A, 0x00, 0x5F, 0x00, 0x5F, 0x00, 0x5F, 0x60, 0xAB,
    0xEC, 0x5C, 0xE3, 0xFB, 0xC3, 0x97, 0xEC, 0x5C, 0xC3, 0x57, 0x50, 0x29, 0x00, 0x5F, 0x00, 0x5F,
    0x00, 0x5F, 0x00, 0x5F, 0x50, 0x49, 0xDB, 0xFA, 0xED, 0x1D, 0xD5, 0xDA, 0xED, 0x7C, 0xEC, 0x7D,
    0x60, 0xAB, 0x00, 0x5F, 0x00, 0x5F, 0x00, 0x5F, 0x00, 0x5F, 0x00, 0x5F, 0x50, 0x29, 0x9A, 0x13,
    0xF4, 0x3D, 0xEB, 0x5C, 0xD2, 0xB9, 0xD3, 0x5A, 0xD4, 0xBB, 0xCA, 0xB8, 0xDC, 0x3B, 0xEC, 0xBC,
    0xF4, 0xBD, 0xD3, 0xB9, 0x60, 0xCB, 0x00, 0x5F, 0x00, 0x5F, 0x00, 0x5F, 0x00, 0x5F, 0x91, 0xF2,
    0xFC, 0x5E, 0xCA, 0x18, 0xE2, 0xBB, 0xFC, 0x9E, 0x79, 0x4E, 0xBB, 0x16, 0xFC, 0x9E, 0xF4, 0x9D,
    0xE4, 0xFC, 0xDD, 0x5A, 0xE5, 0x5B, 0xFC, 0xBE, 0xFC, 0x7E, 0xB9, 0x96, 0xCA, 0x18, 0xF4, 0x7E,
    0x79, 0x4E, 0x00, 0x5F, 0x00, 0x5F, 0x00, 0x5F, 0x00, 0x5F, 0x00, 0x5F, 0x00, 0x5F, 0x50, 0x29,
    0xCB, 0x78, 0xE4, 0xBC, 0xDD, 0x3B, 0xF4, 0xFD, 0xDB, 0xFA, 0x58, 0x6A, 0x00, 0x5F, 0x00, 0x5F,
    0x00, 0x5F, 0x00, 0x5F, 0x00, 0x5F, 0x00, 0x5F, 0x00, 0x5F, 0x00, 0x5F, 0x00, 0x5F, 0x00, 0x5F,
    0x00, 0x5F, 0x00, 0x5F, 0x00, 0x5F, 0xC3, 0x38, 0xEC, 0x1C, 0xBB, 0x16, 0xE3, 0xDB, 0xEC, 0x5C,
    0x71, 0x2D, 0x71, 0x0D, 0x71, 0x0D, 0x71, 0x0D, 0x71, 0x0D, 0x71, 0x0D, 0x71, 0x0D, 0x71, 0x0D,
    0x71, 0x0D, 0x71, 0x0D, 0xD3, 0xB9, 0xED, 0x1D, 0xD5, 0xDA, 0xE5, 0x7C, 0xEC, 0x5C, 0x58, 0x6A,
    0x00, 0x5F, 0x00, 0x5F, 0x00, 0x5F, 0x79, 0x4E, 0xE3, 0xBB, 0xF3, 0xDD, 0xD2, 0x59, 0xA9, 0xD4,
    0xBB, 0x17, 0xD4, 0xBA, 0xBA, 0x76, 0xDC, 0x3A, 0xEC, 0xDC, 0xF4, 0xBD, 0xBB, 0x16, 0x50, 0x49,
    0x00, 0x5F, 0x00, 0x5F, 0x00, 0x5F, 0x91, 0xF2, 0xF4, 0x5E, 0xCA, 0x18, 0xE2, 0xBB, 0xF4, 0x7E,
    0x79, 0x2E, 0xBB, 0x16, 0xF4, 0x9E, 0xEC, 0x7D, 0xE4, 0xFC, 0xDD, 0x5A, 0xE5, 0x5B, 0xF4, 0xBE,
    0x71, 0x0D, 0x00, 0x5F, 0x58, 0x6A, 0xCB, 0x78, 0xF4, 0x9D, 0xE4, 0x9C, 0xD4, 0xDA, 0xD5, 0x7A,
    0xD5, 0xDA, 0xD5, 0xBA, 0xE5, 0x7C, 0xF4, 0xDE, 0xFC, 0xDE, 0xE5, 0x5B, 0xD5, 0xBA, 0xF4, 0xDD,
    0x92, 0x32, 0x00, 0x5F, 0x00, 0x5F, 0x00, 0x5F, 0x00, 0x5F, 0xC3, 0x38, 0xEC, 0x1C, 0xBB, 0x36,
    0xEC, 0x3C, 0xC3, 0x58, 0x00, 0x5F, 0x00, 0x5F, 0x00, 0x5F, 0x00, 0x5F, 0x00, 0x5F, 0x00, 0x5F,
    0x00, 0x5F, 0x00, 0x5F, 0x00, 0x5F, 0x00, 0x5F, 0xA2, 0x94, 0xF4, 0xDD, 0xD5, 0xDA, 0xDD, 0xDB,
    0xF4, 0xBD, 0x81, 0x8F, 0x00, 0x5F, 0x00, 0x5F, 0x58, 0x6A, 0xEC, 0x5C, 0xE5, 0x7C, 0xD5, 0xFA,
    0xE5, 0x9C, 0xEC, 0x7C, 0x91, 0xF1, 0xF4, 0xBD, 0xEC, 0x5C, 0xEC, 0x7C, 0xEC, 0xBD, 0xDD, 0x5B,
    0xD5, 0xDA, 0xE5, 0x7B, 0xEC, 0xBD, 0xEC, 0x9D, 0xEC, 0x9D, 0xEC, 0x9D, 0xFC, 0xBE, 0xFC, 0xBE,
    0xEC, 0x5C, 0xEC, 0x5C, 0xEC, 0x9D, 0xDD, 0x3B, 0xD5, 0xBA, 0xE5, 0x7B, 0xEC, 0xBD, 0xEC, 0x9D,
    0xEC, 0x9D, 0xEC, 0x9D, 0xFC, 0xBE, 0xBB, 0x16, 0x58, 0x6A, 0xEC, 0x5C, 0xE5, 0x7C, 0xD5, 0xFA,
    0xE5, 0x7C, 0xEC, 0x7C, 0x58, 0x6A, 0x00, 0x5F, 0x00, 0x5F, 0x50, 0x29, 0x9A, 0x12, 0xF4, 0x5D,
    0xDA, 0xBA, 0x98, 0xD2, 0x90, 0x71, 0xD2, 0xBA, 0xEC, 0xBD, 0xEC, 0x7C, 0xE5, 0x3B, 0xD5, 0x5A,
    0xD5, 0x5A, 0xED, 0x1C, 0xE4, 0x3B, 0x58, 0x8A, 0x00, 0x5F, 0x00, 0x5F, 0x00, 0x5F, 0x91, 0xF2,
    0xF4, 0x1D, 0x99, 0x12, 0xA9, 0x94, 0xF4, 0x5E, 0x71, 0x0D, 0x00, 0x5F, 0x00, 0x5F, 0x00, 0x5F,
    0x00, 0x5F, 0x00, 0x5F, 0x71, 0x0D, 0xF4, 0xBD, 0xDD, 0x5A, 0xD5, 0x5A, 0xF4, 0xBD, 0x92, 0x12,
    0x00, 0x5F, 0x00, 0x5F, 0x58, 0x6A, 0xEC, 0x5C, 0xE5, 0x7C, 0xD5, 0xFA, 0xE5, 0x7C, 0xEC, 0x7C,
    0x91, 0xF1, 0xF4, 0x9E, 0xEC, 0x5C, 0xEC, 0x5C, 0xEC, 0x7D, 0xDC, 0xDB, 0xD5, 0x9A, 0xE5, 0x7B,
    0xEC, 0xBD, 0xEC, 0x9D, 0xEC, 0x9D, 0xEC, 0x9D, 0xFC, 0xBE, 0xBA, 0xF6, 0x68, 0xEC, 0xF4, 0x5D,
    0xCA, 0x38, 0x90, 0xB1, 0xF3, 0xFD, 0xBA, 0xD6, 0x50, 0x29, 0x00, 0x5F, 0x00, 0x5F, 0x00, 0x5F,
    0x00, 0x5F, 0x00, 0x5F, 0x68, 0xEC, 0xEC, 0x7D, 0xDD, 0x3B, 0xDD, 0x5B, 0xFC, 0xBE, 0x89, 0xF1,
    0x00, 0x5F, 0x00, 0x5F, 0xC3, 0x17, 0xF4, 0x1D, 0xDC, 0x9B, 0xEC, 0x7C, 0xEC, 0x5C, 0x58, 0x6A,
    0x00, 0x5F, 0x00, 0x5F, 0x00, 0x5F, 0x50, 0x29, 0xBA, 0xF6, 0xF4, 0x7D, 0xCB, 0xF9, 0xDC, 0x7B,
    0xF4, 0x9D, 0x68, 0xEC, 0x00, 0x5F, 0x00, 0x5F, 0x00, 0x5F, 0x00, 0x5F, 0x79, 0x4E, 0xFC, 0xDE,
    0xE5, 0x9B, 0xD5, 0xDA, 0xF4, 0xFD, 0xBB, 0x16, 0x50, 0x29, 0x00, 0x5F, 0x00, 0x5F, 0x00, 0x5F,
    0x00, 0x5F, 0x00, 0x5F, 0x99, 0xF2, 0xF4, 0x3D, 0xD2, 0x59, 0x98, 0xD2, 0xC1, 0xB7, 0xEB, 0xDC,
    0xEC, 0x9D, 0xF4, 0x7D, 0xE4, 0xFC, 0xDD, 0x5A, 0xDD, 0x5A, 0xEC, 0xBD, 0xD3, 0xDA, 0x58, 0x6A,
    0x00, 0x5F, 0x00, 0x5F, 0x00, 0x5F, 0x91, 0xF2, 0xF4, 0x1D, 0x98, 0xD2, 0xA9, 0x34, 0xFC, 0x7E,
    0xDB, 0xBA, 0xF4, 0xBE, 0xE4, 0x3B, 0xD5, 0x5A, 0xDD, 0x5A, 0xDD, 0x3B, 0xE5, 0x1C, 0xFC, 0xBE,
    0xF4, 0x7D, 0xD2, 0x39, 0x90, 0xB2, 0xF3, 0xFD, 0xBA, 0xD6, 0x50, 0x29, 0x00, 0x5F, 0x00, 0x5F,
    0x00, 0x5F, 0x00, 0x5F, 0x00, 0x5F, 0x68, 0xEC, 0xEC, 0x7C, 0xDD, 0x3B, 0xDD, 0x5B, 0xFC, 0xBE,
    0x89, 0xF1, 0x00, 0x5F, 0x00, 0x5F, 0x00, 0x5F, 0x00, 0x5F, 0x00, 0x5F, 0x00, 0x5F, 0x00, 0x5F,
    0x00, 0x5F, 0x00, 0x5F, 0x00, 0x5F, 0x00, 0x5F, 0x00, 0x5F, 0x00, 0x5F, 0x00, 0x5F, 0xC3, 0x58,
    0xEC, 0x3C, 0xBB, 0x77, 0xDB, 0xFB, 0xF4, 0x7D, 0xEC, 0x5C, 0xEC, 0x7C, 0xEC, 0x7C, 0xEC, 0x9C,
    0xEC, 0x9C, 0xEC, 0x9C, 0xEC, 0x9C, 0xEC, 0x9C, 0xEC, 0x9D, 0xEC, 0x9D, 0xEC, 0xBD, 0xE5, 0x5C,
    0xD5, 0xDA, 0xE5, 0x7C, 0xEC, 0x5C, 0x58, 0x6A, 0x00, 0x5F, 0x00, 0x5F, 0x68, 0xEC, 0xEC, 0x1C,
    0xEB, 0x3C, 0x99, 0x12, 0x98, 0xF2, 0xC1, 0xD7, 0xE3, 0x7B, 0xEC, 0x9D, 0xE4, 0x3B, 0xDD, 0x3A,
    0xD5, 0x5A, 0xDD, 0x3B, 0xF4, 0xBE, 0x89, 0xF0, 0x00, 0x5F, 0x00, 0x5F, 0x00, 0x5F, 0x91, 0xF2,
    0xF4, 0x1D, 0x98, 0xF2, 0xA9, 0x34, 0xFC, 0x7E, 0xDB, 0xBA, 0xF4, 0xBD, 0xE4, 0x3B, 0xD5, 0x5A,
    0xDD, 0x5A, 0xDD, 0x3B, 0xE5, 0x1C, 0xFC, 0xBE, 0x71, 0x0D, 0x50, 0x29, 0xBA, 0xF6, 0xF4, 0x9D,
    0xDC, 0x5B, 0xD4, 0xBA, 0xDC, 0xFB, 0xEC, 0xDC, 0xF4, 0xDD, 0xEC, 0xFD, 0xE5, 0x7B, 0xE5, 0x5C,
    0xF4, 0xFD, 0xDD, 0x7B, 0xD5, 0xBA, 0xF4, 0xDD, 0x92, 0x32, 0x00, 0x5F, 0x00, 0x5F, 0x00, 0x5F,
    0x00, 0x5F, 0xC3, 0x38, 0xEC, 0x3C, 0xBB, 0x77, 0xEC, 0x5C, 0xC3, 0x58, 0x00, 0x5F, 0x00, 0x5F,
    0x00, 0x5F, 0x00, 0x5F, 0x00, 0x5F, 0x00, 0x5F, 0x00, 0x5F, 0x00, 0x5F, 0x00, 0x5F, 0x00, 0x5F,
    0x92, 0x32, 0xF4, 0xDD, 0xD5, 0xDA, 0xDD, 0xDB, 0xF4, 0xBD, 0x92, 0x12, 0x00, 0x5F, 0x00, 0x5F,
    0x58, 0x6A, 0xEC, 0x5C, 0xE5, 0x7C, 0xD5, 0xFA, 0xE5, 0x9C, 0xEC, 0x7C, 0x58, 0x8A, 0x68, 0xEC,
    0x71, 0x0D, 0x79, 0x4E, 0xEC, 0x7D, 0xE5, 0x3C, 0xD5, 0xD9, 0xED, 0x1C, 0xDB, 0xFA, 0x91, 0xF1,
    0x91, 0xF1, 0x91, 0xF1, 0x92, 0x11, 0x81, 0x6E, 0x71, 0x0D, 0x71, 0x2D, 0xEC, 0x7C, 0xE5, 0x3C,
    0xD5, 0xD9, 0xED, 0x1C, 0xDB, 0xFA, 0x91, 0xF1, 0x91, 0xF1, 0x91, 0xF1, 0x91, 0xD1, 0x60, 0xAB,
    0x58, 0x6A, 0xEC, 0x5C, 0xE5, 0x7C, 0xD5, 0xFA, 0xE5, 0x7C, 0xEC, 0x7C, 0x58, 0x6A, 0x00, 0x5F,
    0x00, 0x5F, 0x71, 0x2D, 0xF4, 0x5D, 0xDA, 0xDA, 0x99, 0x72, 0xCA, 0x78, 0xEB, 0xDC, 0xE3, 0xFB,
    0xB2, 0xF5, 0xBB, 0x37, 0xEC, 0x7C, 0xF4, 0xDD, 0xD5, 0x7A, 0xD5, 0x7A, 0xF4, 0xDD, 0xAA, 0xD5,
    0x00, 0x5F, 0x00, 0x5F, 0x00, 0x5F, 0x91, 0xF2, 0xF4, 0x3D, 0xA1, 0xB3, 0xB2, 0x15, 0xF4, 0x7E,
    0x71, 0x0D, 0x00, 0x5F, 0x00, 0x5F, 0x00, 0x5F, 0x00, 0x5F, 0x00, 0x5F, 0x71, 0x0D, 0xF4, 0xBE,
    0xD5, 0x5A, 0xD5, 0x7A, 0xF4, 0xBD, 0x92, 0x12, 0x00, 0x5F, 0x00, 0x5F, 0x58, 0x6A, 0xEC, 0x5C,
    0xE5, 0x7C, 0xD5, 0xFA, 0xE5, 0x7C, 0xEC, 0x7C, 0x58, 0x8A, 0x68, 0xEC, 0x71, 0x0D, 0x71, 0x2D,
    0xEC, 0x7C, 0xE5, 0x1B, 0xCD, 0xB9, 0xED, 0x1D, 0xDB, 0xFA, 0x91, 0xF1, 0x91, 0xF1, 0x91, 0xF1,
    0x91, 0xF1, 0x60, 0xAB, 0x50, 0x29, 0xCB, 0x38, 0xF3, 0xDD, 0x99, 0x12, 0xDA, 0x9A, 0xF4, 0x5D,
    0x68, 0xCC, 0x00, 0x5F, 0x00, 0x5F, 0x00, 0x5F, 0x00, 0x5F, 0x00, 0x5F, 0xB2, 0xD5, 0xEC, 0xBD,
    0xD5, 0x5A, 0xED, 0x1C, 0xEC, 0x5C, 0x58, 0x8A, 0x00, 0x5F, 0x00, 0x5F, 0x89, 0xB0, 0xC3, 0x38,
    0xC3, 0x78, 0xC3, 0x78, 0xA2, 0x74, 0x50, 0x29, 0x00, 0x5F, 0x00, 0x5F, 0x00, 0x5F, 0x00, 0x5F,
    0x79, 0x4E, 0xF4, 0x9E, 0xDC, 0x5B, 0xD4, 0x7A, 0xF4, 0xBD, 0xA2, 0x94, 0x00, 0x5F, 0x00, 0x5F,
    0x00, 0x5F, 0x50, 0x29, 0xBB, 0x16, 0xF4, 0xFD, 0xD5, 0xDA, 0xE5, 0x9B, 0xF4, 0xBE, 0x79, 0x4E,
    0x00, 0x5F, 0x00, 0x5F, 0x00, 0x5F, 0x00, 0x5F, 0x00, 0x5F, 0x71, 0x0D, 0xEC, 0x3D, 0xDA, 0xDA,
    0xA9, 0xB4, 0xEB, 0xDC, 0xEC, 0x3C, 0xB2, 0xB5, 0x79, 0x6E, 0xA2, 0x73, 0xE4, 0x3B, 0xF4, 0xBD,
    0xDD, 0x5A, 0xD5, 0x5A, 0xF4, 0xBD, 0x92, 0x11, 0x00, 0x5F, 0x00, 0x5F, 0x00, 0x5F, 0x91, 0xF2,
    0xF4, 0x3D, 0xA1, 0xB3, 0xB2, 0x15, 0xFC, 0xBE, 0xF4, 0x1D, 0xDD, 0x5A, 0xDD, 0x3A, 0xE4, 0xBC,
    0xF4, 0x9D, 0xE4, 0x3C, 0xD3, 0xD9, 0xDB, 0xFA, 0xD3, 0x79, 0xF3, 0xDD, 0x99, 0x32, 0xDA, 0x9A,
    0xF4, 0x5D, 0x68, 0xCC, 0x00, 0x5F, 0x00, 0x5F, 0x00, 0x5F, 0x00, 0x5F, 0x00, 0x5F, 0xB2, 0xD5,
    0xEC, 0xBD, 0xD5, 0x5A, 0xED, 0x1C, 0xEC, 0x5C, 0x58, 0x8A, 0x00, 0x5F, 0x00, 0x5F, 0x00, 0x5F,
    0x00, 0x5F, 0x00, 0x5F, 0x00, 0x5F, 0x00, 0x5F, 0x00, 0x5F, 0x00, 0x5F, 0x00, 0x5F, 0x00, 0x5F,
    0x00, 0x5F, 0x00, 0x5F, 0x00, 0x5F, 0xC3, 0x58, 0xEC, 0x5C, 0xC3, 0xB7, 0xC3, 0xF8, 0xD4, 0x3A,
    0xD4, 0x7A, 0xD4, 0xDA, 0xD5, 0x3A, 0xD5, 0xBA, 0xD5, 0xDA, 0xD5, 0xDA, 0xD5, 0xDA, 0xD5, 0xDA,
    0xD5, 0xDA, 0xD5, 0xDA, 0xD5, 0xBA, 0xD5, 0xBA, 0xD5, 0xDA, 0xE5, 0x7C, 0xEC, 0x5C, 0x58, 0x6A,
    0x00, 0x5F, 0x50, 0x29, 0xBA, 0xD6, 0xEB, 0xFD, 0xA1, 0xB3, 0xCA, 0x78, 0xF4, 0x5D, 0xDB, 0x9A,
    0xB2, 0x95, 0x9A, 0x53, 0xCB, 0x78, 0xF4, 0x9D, 0xE5, 0x3C, 0xD5, 0x79, 0xED, 0x1C, 0xDC, 0x1B,
    0x58, 0x6A, 0x00, 0x5F, 0x00, 0x5F, 0x91, 0xF2, 0xF4, 0x3D, 0xA1, 0xB3, 0xB2, 0x15, 0xFC, 0xBE,
    0xF4, 0x1D, 0xD5, 0x5A, 0xDD, 0x3A, 0xE4, 0xBC, 0xF4, 0x9D, 0xE4, 0x5C, 0xD3, 0xD9, 0xDB, 0xFA,
    0x60, 0xCB, 0x81, 0x6F, 0xF4, 0x9D, 0xDC, 0x7B, 0xD4, 0x9A, 0xE4, 0xBC, 0xEC, 0x5C, 0xAA, 0xB5,
    0x79, 0x6E, 0xB2, 0xD5, 0xEC, 0x7C, 0xE4, 0xFC, 0xD5, 0xBA, 0xD5, 0xDA, 0xD5, 0xDA, 0xF4, 0xDD,
    0x92, 0x32, 0x00, 0x5F, 0x00, 0x5F, 0x00, 0x5F, 0x00, 0x5F, 0xC3, 0x38, 0xEC, 0x3C, 0xC3, 0xB7,
    0xEC, 0x5C, 0xC3, 0x58, 0x00, 0x5F, 0x00, 0x5F, 0x00, 0x5F, 0x00, 0x5F, 0x00, 0x5F, 0x00, 0x5F,
    0x00, 0x5F, 0x00, 0x5F, 0x00, 0x5F, 0x00, 0x5F, 0x92, 0x31, 0xF4, 0xDD, 0xDD, 0xDB, 0xD5, 0xDA,
    0xF4, 0xDD, 0x92, 0x32, 0x00, 0x5F, 0x00, 0x5F, 0x58, 0x6A, 0xEC, 0x5C, 0xE5, 0x9C, 0xD5, 0xD9,
    0xE5, 0x9C, 0xEC, 0x7C, 0x58, 0x6A, 0x00, 0x5F, 0x00, 0x5F, 0x58, 0x6A, 0xEC, 0x5C, 0xE5, 0x3C,
    0xCD, 0xD9, 0xED, 0x1C, 0xC3, 0x78, 0x00, 0x5F, 0x00, 0x5F, 0x00, 0x5F, 0x00, 0x5F, 0x00, 0x5F,
    0x00, 0x5F, 0x58, 0x6A, 0xEC, 0x5C, 0xE5, 0x3B, 0xCD, 0xD9, 0xED, 0x1C, 0xC3, 0x78, 0x00, 0x5F,
    0x00, 0x5F, 0x00, 0x5F, 0x00, 0x5F, 0x00, 0x5F, 0x58, 0x6A, 0xEC, 0x5C, 0xE5, 0x7C, 0xD5, 0xD9,
    0xE5, 0x7C, 0xEC, 0x7C, 0x58, 0x6A, 0x00, 0x5F, 0x50, 0x29, 0xCB, 0x58, 0xF4, 0x1D, 0xAA, 0x34,
    0xCA, 0xD8, 0xF4, 0x7D, 0xB2, 0xB5, 0x58, 0x8A, 0x00, 0x5F, 0x50, 0x29, 0x60, 0xAB, 0xD3, 0xD9,
    0xEC, 0xFC, 0xD5, 0x7A, 0xE5, 0x5C, 0xEC, 0x9C, 0x58, 0x8A, 0x00, 0x5F, 0x00, 0x5F, 0x91, 0xF2,
    0xF4, 0x3D, 0xAA, 0x14, 0xBA, 0x76, 0xF4, 0x7E, 0x71, 0x0D, 0x00, 0x5F, 0x00, 0x5F, 0x00, 0x5F,
    0x00, 0x5F, 0x00, 0x5F, 0x71, 0x0D, 0xF4, 0xBE, 0xD5, 0x5A, 0xD5, 0x7A, 0xF4, 0xBD, 0x92, 0x12,
    0x00, 0x5F, 0x00, 0x5F, 0x58, 0x6A, 0xEC, 0x5C, 0xE5, 0x7C, 0xD5, 0xD9, 0xE5, 0x7C, 0xEC, 0x7C,
    0x58, 0x6A, 0x00, 0x5F, 0x00, 0x5F, 0x58, 0x6A, 0xEC, 0x5C, 0xE5, 0x3B, 0xCD, 0xB9, 0xED, 0x1D,
    0xC3, 0x78, 0x00, 0x5F, 0x00, 0x5F, 0x00, 0x5F, 0x00, 0x5F, 0x00, 0x5F, 0x00, 0x5F, 0x79, 0x4E,
    0xF4, 0x7E, 0xCA, 0x78, 0xA9, 0xF4, 0xF4, 0x5E, 0xA2, 0x53, 0x00, 0x5F, 0x00, 0x5F, 0x00, 0x5F,
    0x00, 0x5F, 0x60, 0xAB, 0xE4, 0x5C, 0xDD, 0x1B, 0xD5, 0x7A, 0xF4, 0xDE, 0xA2, 0x73, 0x00, 0x5F,
    0x00, 0x5F, 0x00, 0x5F, 0x00, 0x5F, 0x00, 0x5F, 0x00, 0x5F, 0x00, 0x5F, 0x00, 0x5F, 0x00, 0x5F,
    0x00, 0x5F, 0x00, 0x5F, 0x00, 0x5F, 0x00, 0x5F, 0x50, 0x49, 0xDB, 0xDA, 0xEC, 0x9C, 0xCC, 0x99,
    0xE4, 0xFC, 0xE4, 0x3C, 0x58, 0x6A, 0x00, 0x5F, 0x00, 0x5F, 0x60, 0xAB, 0xEC, 0x7D, 0xED, 0x7C,
    0xD5, 0xFA, 0xED, 0x1D, 0xD3, 0xB9, 0x50, 0x49, 0x00, 0x5F, 0x00, 0x5F, 0x00, 0x5F, 0x00, 0x5F,
    0x50, 0x49, 0xCB, 0x58, 0xEB, 0xDC, 0xAA, 0x34, 0xE3, 0x5B, 0xEC, 0x3C, 0x71, 0x0D, 0x00, 0x5F,
    0x00, 0x5F, 0x00, 0x5F, 0x58, 0x6A, 0xC3, 0x57, 0xE4, 0xBC, 0xD5, 0x79, 0xE5, 0x3B, 0xDC, 0x3B,
    0x58, 0x6A, 0x00, 0x5F, 0x00, 0x5F, 0x91, 0xF2, 0xF4, 0x3D, 0xAA, 0x55, 0xBA, 0xB6, 0xEB, 0xFC,
    0xDC, 0x3B, 0xE5, 0x1C, 0xF4, 0xBD, 0xC3, 0x37, 0x79, 0x4E, 0x58, 0x6A, 0x50, 0x29, 0x58, 0x6A,
    0x79, 0x4E, 0xF4, 0x9E, 0xCA, 0x78, 0xB1, 0xF5, 0xF4, 0x7E, 0xA2, 0x53, 0x00, 0x5F, 0x00, 0x5F,
    0x00, 0x5F, 0x00, 0x5F, 0x60, 0xAB, 0xE4, 0x5C, 0xDD, 0x1B, 0xD5, 0x7A, 0xF4, 0xDE, 0xA2, 0x73,
    0x00, 0x5F, 0x00, 0x5F, 0x00, 0x5F, 0x00, 0x5F, 0x00, 0x5F, 0x00, 0x5F, 0x00, 0x5F, 0x00, 0x5F,
    0x00, 0x5F, 0x00, 0x5F, 0x00, 0x5F, 0x00, 0x5F, 0x00, 0x5F, 0x00, 0x5F, 0x00, 0x5F, 0xC3, 0x58,
    0xEC, 0x5C, 0xC3, 0xF8, 0xCC, 0x39, 0xDC, 0x7A, 0xDC, 0xBB, 0xDC, 0xFB, 0xDD, 0x5A, 0xD5, 0x9A,
    0xD5, 0x9A, 0xD5, 0x9A, 0xDD, 0x9B, 0xDD, 0xBB, 0xDD, 0xBB, 0xDD, 0xBB, 0xDD, 0xBB, 0xD5, 0xDA,
    0xD5, 0xDA, 0xE5, 0x7C, 0xEC, 0x5C, 0x58, 0x6A, 0x00, 0x5F, 0x60, 0xCB, 0xF4, 0x5D, 0xEB, 0xDC,
    0xDB, 0x1A, 0xF4, 0x3D, 0xCB, 0x58, 0x58, 0x6A, 0x00, 0x5F, 0x00, 0x5F, 0x50, 0x29, 0xA2, 0x73,
    0xF4, 0xBD, 0xD5, 0x5A, 0xDD, 0x5A, 0xF4, 0xBD, 0x68, 0xEC, 0x00, 0x5F, 0x00, 0x5F, 0x91, 0xF2,
    0xF4, 0x3D, 0xB2, 0x55, 0xBA, 0xB6, 0xEB, 0xFC, 0xDC, 0x1B, 0xE5, 0x1C, 0xF4, 0xBD, 0xC3, 0x37,
    0x79, 0x4E, 0x58, 0x6A, 0x50, 0x29, 0x58, 0x6A, 0x50, 0x49, 0xD3, 0xB9, 0xEC, 0x7C, 0xD4, 0x79,
    0xDC, 0xBB, 0xF4, 0x9D, 0x71, 0x2D, 0x00, 0x5F, 0x00, 0x5F, 0x00, 0x5F, 0x71, 0x0D, 0xEC, 0x7C,
    0xE5, 0x5C, 0xD5, 0xDA, 0xD5, 0xBA, 0xF4, 0xDD, 0x92, 0x32, 0x00, 0x5F, 0x00, 0x5F, 0x00, 0x5F,
    0x00, 0x5F, 0xC3, 0x58, 0xEC, 0x5C, 0xC3, 0xD8, 0xEC, 0x7C, 0xC3, 0x58, 0x00, 0x5F, 0x00, 0x5F,
    0x00, 0x5F, 0x00, 0x5F, 0x00, 0x5F, 0x00, 0x5F, 0x00, 0x5F, 0x00, 0x5F, 0x00, 0x5F, 0x00, 0x5F,
    0x92, 0x31, 0xF4, 0xDD, 0xD5, 0xDA, 0xDD, 0xDB, 0xF4, 0xDD, 0x92, 0x12, 0x00, 0x5F, 0x00, 0x5F,
    0x58, 0x6A, 0xEC, 0x5C, 0xE5, 0x9C, 0xD5, 0xD9, 0xE5, 0x7C, 0xEC, 0x7C, 0x58, 0x6A, 0x00, 0x5F,
    0x00, 0x5F, 0x58, 0x6A, 0xEC, 0x5C, 0xE5, 0x3B, 0xCD, 0xB9, 0xED, 0x1C, 0xC3, 0x78, 0x00, 0x5F,
    0x00, 0x5F, 0x00, 0x5F, 0x00, 0x5F, 0x00, 0x5F, 0x00, 0x5F, 0x58, 0x6A, 0xEC, 0x5C, 0xDD, 0x3B,
    0xCD, 0xB9, 0xED, 0x1C, 0xC3, 0x78, 0x00, 0x5F, 0x00, 0x5F, 0x00, 0x5F, 0x00, 0x5F, 0x00, 0x5F,
    0x58, 0x6A, 0xEC, 0x5C, 0xE5, 0x9C, 0xD5, 0xD9, 0xE5, 0x7C, 0xEC, 0x5C, 0x58, 0x6A, 0x00, 0x5F,
    0x60, 0xCB, 0xF4, 0x7D, 0xDB, 0x3A, 0xB2, 0xB5, 0xEC, 0x1C, 0xCB, 0x78, 0x50, 0x49, 0x00, 0x5F,
    0x00, 0x5F, 0x00, 0x5F, 0x00, 0x5F, 0x79, 0x6E, 0xF4, 0x9D, 0xEC, 0x9C, 0xEC, 0x9C, 0xF4, 0xBE,
    0x79, 0x6E, 0x00, 0x5F, 0x00, 0x5F, 0x91, 0xF2, 0xF4, 0x5D, 0xB2, 0x95, 0xCA, 0xF8, 0xF4, 0x9E,
    0x71, 0x0D, 0x00, 0x5F, 0x00, 0x5F, 0x00, 0x5F, 0x00, 0x5F, 0x00, 0x5F, 0x71, 0x0D, 0xF4, 0xBE,
    0xD5, 0x5A, 0xD5, 0x7A, 0xF4, 0xBD, 0x92, 0x12, 0x00, 0x5F, 0x00, 0x5F, 0x58, 0x6A, 0xEC, 0x5C,
    0xE5, 0x9C, 0xD5, 0xD9, 0xE5, 0x7C, 0xEC, 0x7C, 0x58, 0x6A, 0x00, 0x5F, 0x00, 0x5F, 0x58, 0x6A,
    0xEC, 0x5C, 0xE5, 0x3C, 0xD5, 0xDA, 0xED, 0x1D, 0xC3, 0x78, 0x00, 0x5F, 0x00, 0x5F, 0x00, 0x5F,
    0x00, 0x5F, 0x00, 0x5F, 0x00, 0x5F, 0x50, 0x49, 0xDB, 0xBA, 0xEB, 0xDC, 0xAA, 0x14, 0xEB, 0xBC,
    0xE4, 0x1B, 0x58, 0x6A, 0x00, 0x5F, 0x00, 0x5F, 0x00, 0x5F, 0x92, 0x11, 0xF4, 0xBD, 0xD5, 0x5A,
    0xE5, 0x3C, 0xF4, 0x9D, 0x68, 0xCC, 0x00, 0x5F, 0x00, 0x5F, 0x00, 0x5F, 0x00, 0x5F, 0x00, 0x5F,
    0x00, 0x5F, 0x00, 0x5F, 0x00, 0x5F, 0x00, 0x5F, 0x00, 0x5F, 0x00, 0x5F, 0x00, 0x5F, 0x00, 0x5F,
    0x00, 0x5F, 0x89, 0xF1, 0xF4, 0xBD, 0xD4, 0xBA, 0xD5, 0x1A, 0xF4, 0xBD, 0x89, 0xAF, 0x00, 0x5F,
    0x00, 0x5F, 0x92, 0x12, 0xFC, 0xDE, 0xDD, 0xDB, 0xDD, 0xDB, 0xF4, 0xBE, 0x89, 0xF1, 0x00, 0x5F,
    0x00, 0x5F, 0x00, 0x5F, 0x00, 0x5F, 0x00, 0x5F, 0x68, 0xEC, 0xF4, 0x9E, 0xDB, 0x3A, 0xBA, 0xD6,
    0xF4, 0x7D, 0xCB, 0x78, 0x92, 0x12, 0x92, 0x11, 0x92, 0x32, 0x92, 0x32, 0x92, 0x32, 0xAA, 0xB4,
    0xF4, 0xBD, 0xDD, 0x5A, 0xD5, 0x7A, 0xF4, 0xBD, 0x81, 0xAF, 0x00, 0x5F, 0x00, 0x5F, 0x92, 0x12,
    0xF4, 0x5D, 0xBA, 0xF6, 0xBB, 0x36, 0xCB, 0xF8, 0xE4, 0xBC, 0xE4, 0x3B, 0x81, 0x8F, 0x50, 0x29,
    0x00, 0x5F, 0x00, 0x5F, 0x00, 0x5F, 0x00, 0x5F, 0x50, 0x49, 0xDB, 0xBA, 0xEB, 0xDC, 0xAA, 0x34,
    0xEB, 0xBC, 0xE4, 0x1B, 0x58, 0x6A, 0x00, 0x5F, 0x00, 0x5F, 0x00, 0x5F, 0x92, 0x12, 0xF4, 0xBD,
    0xD5, 0x5A, 0xE5, 0x3C, 0xF4, 0x9D, 0x68, 0xCC, 0x00, 0x5F, 0x00, 0x5F, 0x00, 0x5F, 0x00, 0x5F,
    0x00, 0x5F, 0x00, 0x5F, 0x00, 0x5F, 0x00, 0x5F, 0x00, 0x5F, 0x00, 0x5F, 0x00, 0x5F, 0x00, 0x5F,
    0x00, 0x5F, 0x00, 0x5F, 0x00, 0x5F, 0xC3, 0x58, 0xEC, 0x7C, 0xCC, 0x19, 0xDC, 0x7B, 0xF4, 0xBE,
    0xF4, 0x9D, 0xF4, 0x9D, 0xF4, 0x9D, 0xF4, 0x9E, 0xF4, 0x9D, 0xF4, 0x9E, 0xF4, 0x9E, 0xF4, 0x9D,
    0xF4, 0x9D, 0xF4, 0x9D, 0xF4, 0xBE, 0xED, 0x5C, 0xD5, 0xDA, 0xE5, 0x9C, 0xEC, 0x5C, 0x58, 0x6A,
    0x00, 0x5F, 0x58, 0x6A, 0xB2, 0xB5, 0xC3, 0x38, 0xC3, 0x38, 0xBA, 0xF6, 0x60, 0xCB, 0x50, 0x29,
    0x58, 0x6A, 0x68, 0xEC, 0x89, 0xD0, 0xD3, 0xB9, 0xFC, 0xBE, 0xDD, 0x7A, 0xD5, 0x5A, 0xF4, 0xBE,
    0x71, 0x0D, 0x00, 0x5F, 0x00, 0x5F, 0x92, 0x12, 0xF4, 0x5D, 0xBA, 0xF6, 0xBB, 0x36, 0xCB, 0xF8,
    0xE4, 0xBC, 0xE4, 0x3B, 0x81, 0x8F, 0x50, 0x29, 0x00, 0x5F, 0x00, 0x5F, 0x00, 0x5F, 0x00, 0x5F,
    0x68, 0xEC, 0xF4, 0x9E, 0xDC, 0x7B, 0xD4, 0x99, 0xEC, 0x9C, 0xC3, 0x58, 0x50, 0x29, 0x00, 0x5F,
    0x00, 0x5F, 0x00, 0x5F, 0x00, 0x5F, 0xA2, 0x73, 0xF4, 0xDE, 0xDD, 0xBB, 0xD5, 0xBA, 0xF4, 0xDD,
    0x92, 0x32, 0x00, 0x5F, 0x00, 0x5F, 0x00, 0x5F, 0x00, 0x5F, 0xC3, 0x58, 0xEC, 0x5C, 0xCC, 0x18,
    0xEC, 0x7C, 0xC3, 0x58, 0x00, 0x5F, 0x00, 0x5F, 0x00, 0x5F, 0x00, 0x5F, 0x00, 0x5F, 0x00, 0x5F,
    0x00, 0x5F, 0x00, 0x5F, 0x00, 0x5F, 0x00, 0x5F, 0xB2, 0xD5, 0xEC, 0xDD, 0xD5, 0xDA, 0xDD, 0xDB,
    0xF4, 0xBD, 0x79, 0x6E, 0x00, 0x5F, 0x00, 0x5F, 0x58, 0x6A, 0xEC, 0x5D, 0xE5, 0x9C, 0xD5, 0xD9,
    0xE5, 0x7B, 0xEC, 0x7C, 0x58, 0x6A, 0x00, 0x5F, 0x00, 0x5F, 0x58, 0x6A, 0xEC, 0x5C, 0xDD, 0x3B,
    0xCD, 0x98, 0xEC, 0xFC, 0xC3, 0x78, 0x00, 0x5F, 0x00, 0x5F, 0x00, 0x5F, 0x00, 0x5F, 0x00, 0x5F,
    0x00, 0x5F, 0x58, 0x6A, 0xEC, 0x5C, 0xDD, 0x3B, 0xCD, 0x98, 0xEC, 0xFC, 0xC3, 0x78, 0x00, 0x5F,
    0x00, 0x5F, 0x00, 0x5F, 0x00, 0x5F, 0x00, 0x5F, 0x58, 0x6A, 0xEC, 0x5D, 0xE5, 0x9C, 0xD5, 0xD9,
    0xE5, 0x7B, 0xEC, 0x5C, 0x58, 0x6A, 0x00, 0x5F, 0x81, 0x6E, 0xF4, 0x9D, 0xC3, 0x17, 0xCB, 0x79,
    0xF4, 0x9E, 0x81, 0x6F, 0x00, 0x5F, 0x00, 0x5F, 0x00, 0x5F, 0x00, 0x5F, 0x00, 0x5F, 0x50, 0x29,
    0x68, 0xEC, 0x71, 0x0D, 0x71, 0x0D, 0x68, 0xEC, 0x50, 0x49, 0x00, 0x5F, 0x00, 0x5F, 0x92, 0x12,
    0xF4, 0x5D, 0xBA, 0xF6, 0xCB, 0x79, 0xF4, 0x9E, 0x71, 0x0D, 0x00, 0x5F, 0x00, 0x5F, 0x00, 0x5F,
    0x00, 0x5F, 0x00, 0x5F, 0x71, 0x0D, 0xF4, 0xBE, 0xDD, 0x7A, 0xD5, 0x9A, 0xF4, 0xBD, 0x92, 0x11,
    0x00, 0x5F, 0x00, 0x5F, 0x58, 0x6A, 0xEC, 0x5D, 0xE5, 0x9C, 0xD5, 0xD9, 0xE5, 0x7C, 0xEC, 0x7C,
    0x58, 0x6A, 0x00, 0x5F, 0x00, 0x5F, 0x58, 0x6A, 0xEC, 0x5C, 0xE5, 0x5C, 0xD5, 0xD9, 0xED, 0x1C,
    0xC3, 0x78, 0x00, 0x5F, 0x00, 0x5F, 0x00, 0x5F, 0x00, 0x5F, 0x00, 0x5F, 0x00, 0x5F, 0x00, 0x5F,
    0x89, 0xD1, 0xFC, 0x9E, 0xD3, 0x39, 0xD3, 0x59, 0xFC, 0x9E, 0x89, 0xD0, 0x00, 0x5F, 0x00, 0x5F,
    0x58, 0x6A, 0xDB, 0xFA, 0xE5, 0x1C, 0xD5, 0x7A, 0xF4, 0xDD, 0xBA, 0xF6, 0x50, 0x29, 0x00, 0x5F,
    0x00, 0x5F, 0x00, 0x5F, 0x00, 0x5F, 0x00, 0x5F, 0x00, 0x5F, 0x00, 0x5F, 0x00, 0x5F, 0x00, 0x5F,
    0x00, 0x5F, 0x00, 0x5F, 0x00, 0x5F, 0x00, 0x5F, 0x00, 0x5F, 0x58, 0x8A, 0xEC, 0x5C, 0xE4, 0xDB,
    0xCD, 0x19, 0xEC, 0xDC, 0xCB, 0x98, 0x50, 0x29, 0x50, 0x49, 0xDB, 0xFA, 0xED, 0x1D, 0xD5, 0xFA,
    0xE5, 0x5C, 0xEC, 0x7C, 0x58, 0x8A, 0x00, 0x5F, 0x00, 0x5F, 0x00, 0x5F, 0x00, 0x5F, 0x00, 0x5F,
    0x89, 0xB0, 0xF4, 0x7E, 0xC3, 0x17, 0xC3, 0x37, 0xE4, 0x1C, 0xE4, 0x3B, 0xE4, 0x7B, 0xE4, 0xBC,
    0xE4, 0xDC, 0xE4, 0xDC, 0xE4, 0xDC, 0xE4, 0xDC, 0xE4, 0xDC, 0xD5, 0x7A, 0xD5, 0x9A, 0xEC, 0xDD,
    0xB2, 0xD5, 0x00, 0x5F, 0x00, 0x5F, 0x92, 0x12, 0xF4, 0x7D, 0xC3, 0x77, 0xC3, 0xF8, 0xDC, 0x9B,
    0xEC, 0x7D, 0x79, 0x6E, 0x00, 0x5F, 0x00, 0x5F, 0x00, 0x5F, 0x00, 0x5F, 0x00, 0x5F, 0x00, 0x5F,
    0x00, 0x5F, 0x89, 0xD0, 0xFC, 0x9E, 0xD3, 0x39, 0xD3, 0x59, 0xFC, 0xBE, 0x89, 0xD0, 0x00, 0x5F,
    0x00, 0x5F, 0x58, 0x6A, 0xDB, 0xFA, 0xE5, 0x1C, 0xD5, 0x7A, 0xF4, 0xDD, 0xBA, 0xF6, 0x50, 0x29,
    0x00, 0x5F, 0x00, 0x5F, 0x00, 0x5F, 0x00, 0x5F, 0x00, 0x5F, 0x00, 0x5F, 0x00, 0x5F, 0x00, 0x5F,
    0x00, 0x5F, 0x00, 0x5F, 0x00, 0x5F, 0x00, 0x5F, 0x00, 0x5F, 0x00, 0x5F, 0x00, 0x5F, 0xC3, 0x58,
    0xEC, 0x7C, 0xCC, 0x59, 0xE4, 0x9B, 0xEC, 0x7C, 0x71, 0x2D, 0x71, 0x0D, 0x71, 0x0D, 0x71, 0x0D,
    0x71, 0x0D, 0x71, 0x0D, 0x71, 0x0D, 0x71, 0x0D, 0x71, 0x0D, 0x71, 0x0D, 0xD3, 0xB9, 0xED, 0x1D,
    0xD5, 0xDA, 0xE5, 0x9C, 0xEC, 0x5C, 0x58, 0x6A, 0x00, 0x5F, 0x00, 0x5F, 0x00, 0x5F, 0x00, 0x5F,
    0x50, 0x29, 0x68, 0xCC, 0xA2, 0x73, 0xCB, 0x78, 0xE4, 0x5C, 0xF4, 0x9D, 0xEC, 0xBD, 0xEC, 0xFC,
    0xE5, 0x5B, 0xD5, 0x99, 0xD5, 0x7A, 0xF4, 0xBE, 0x71, 0x0D, 0x00, 0x5F, 0x00, 0x5F, 0x92, 0x12,
    0xF4, 0x7D, 0xC3, 0x77, 0xC3, 0xF8, 0xDC, 0x9B, 0xEC, 0x7D, 0x79, 0x6E, 0x00, 0x5F, 0x00, 0x5F,
    0x00, 0x5F, 0x00, 0x5F, 0x00, 0x5F, 0x00, 0x5F, 0x89, 0xB0, 0xF4, 0xBE, 0xD4, 0x9A, 0xD4, 0xBA,
    0xF4, 0xBD, 0x89, 0xD0, 0x00, 0x5F, 0x00, 0x5F, 0x00, 0x5F, 0x00, 0x5F, 0x00, 0x5F, 0x60, 0xAB,
    0xF4, 0x9D, 0xE5, 0x7C, 0xD5, 0xBA, 0xF4, 0xDD, 0x92, 0x32, 0x00, 0x5F, 0x00, 0x5F, 0x00, 0x5F,
    0x00, 0x5F, 0xC3, 0x58, 0xEC, 0x7C, 0xCC, 0x39, 0xEC, 0x9C, 0xC3, 0x58, 0x00, 0x5F, 0x00, 0x5F,
    0x00, 0x5F, 0x00, 0x5F, 0x00, 0x5F, 0x00, 0x5F, 0x00, 0x5F, 0x00, 0x5F, 0x00, 0x5F, 0x50, 0x29,
    0xCB, 0x98, 0xED, 0x1C, 0xD5, 0xFA, 0xDD, 0x9B, 0xF4, 0xBE, 0x68, 0xEC, 0x00, 0x5F, 0x00, 0x5F,
    0x58, 0x6A, 0xEC, 0x5D, 0xE5, 0x7C, 0xCD, 0xD9, 0xE5, 0x7C, 0xEC, 0x7C, 0x58, 0x6A, 0x00, 0x5F,
    0x00, 0x5F, 0x58, 0x6A, 0xEC, 0x5C, 0xDD, 0x1B, 0xC5, 0x58, 0xE4, 0xFC, 0xC3, 0x78, 0x00, 0x5F,
    0x00, 0x5F, 0x00, 0x5F, 0x00, 0x5F, 0x00, 0x5F, 0x00, 0x5F, 0x58, 0x6A, 0xEC, 0x5C, 0xDD, 0x1B,
    0xC5, 0x58, 0xE4, 0xFC, 0xC3, 0x78, 0x00, 0x5F, 0x00, 0x5F, 0x00, 0x5F, 0x00, 0x5F, 0x00, 0x5F,
    0x58, 0x6A, 0xEC, 0x5D, 0xE5, 0x7C, 0xCD, 0xD9, 0xE5, 0x7C, 0xEC, 0x7C, 0x58, 0x6A, 0x00, 0x5F,
    0xA2, 0x53, 0xF4, 0x5D, 0xC3, 0x77, 0xE3, 0xFB, 0xEC, 0x7D, 0x60, 0xAB, 0x00, 0x5F, 0x00, 0x5F,
    0x00, 0x5F, 0x00, 0x5F, 0x00, 0x5F, 0x00, 0x5F, 0x00, 0x5F, 0x00, 0x5F, 0x00, 0x5F, 0x00, 0x5F,
    0x00, 0x5F, 0x00, 0x5F, 0x00, 0x5F, 0x92, 0x12, 0xF4, 0x7D, 0xC3, 0x77, 0xD3, 0xBA, 0xF4, 0x9E,
    0x71, 0x0D, 0x00, 0x5F, 0x00, 0x5F, 0x00, 0x5F, 0x00, 0x5F, 0x00, 0x5F, 0x71, 0x0D, 0xF4, 0xBE,
    0xDD, 0x7A, 0xD5, 0x9A, 0xF4, 0xDD, 0x92, 0x32, 0x00, 0x5F, 0x00, 0x5F, 0x58, 0x6A, 0xEC, 0x5D,
    0xE5, 0x9C, 0xCD, 0xD9, 0xE5, 0x9C, 0xEC, 0x7C, 0x58, 0x6A, 0x00, 0x5F, 0x00, 0x5F, 0x58, 0x6A,
    0xEC, 0x5C, 0xE5, 0x5B, 0xCD, 0xD9, 0xED, 0x1C, 0xC3, 0x78, 0x00, 0x5F, 0x00, 0x5F, 0x00, 0x5F,
    0x00, 0x5F, 0x00, 0x5F, 0x00, 0x5F, 0x00, 0x5F, 0x58, 0x6A, 0xE4, 0x1B, 0xEB, 0xFC, 0xBB, 0x57,
    0xEC, 0x7D, 0xD3, 0x99, 0x50, 0x49, 0x00, 0x5F, 0x79, 0x6E, 0xF4, 0xBD, 0xDD, 0x7B, 0xDD, 0x5B,
    0xF4, 0xBE, 0x71, 0x0D, 0x00, 0x5F, 0x00, 0x5F, 0x00, 0x5F, 0x00, 0x5F, 0x00, 0x5F, 0x00, 0x5F,
    0x00, 0x5F, 0x00, 0x5F, 0x00, 0x5F, 0x00, 0x5F, 0x00, 0x5F, 0x00, 0x5F, 0x00, 0x5F, 0x00, 0x5F,
    0x00, 0x5F, 0x00, 0x5F, 0xB2, 0xD5, 0xF4, 0xBD, 0xCD, 0x39, 0xDD, 0x5B, 0xF4, 0x9D, 0x68, 0xEC,
    0x71, 0x0D, 0xF4, 0xBE, 0xE5, 0x9B, 0xD5, 0xDA, 0xF4, 0xDD, 0xB2, 0xD5, 0x00, 0x5F, 0x00, 0x5F,
    0x00, 0x5F, 0x00, 0x5F, 0x00, 0x5F, 0x00, 0x5F, 0xA2, 0x53, 0xF4, 0x5D, 0xC3, 0x77, 0xCB, 0x99,
    0xE4, 0x3B, 0xE4, 0x5B, 0xE4, 0x9B, 0xE4, 0xBC, 0xE4, 0xFC, 0xE4, 0xDC, 0xE4, 0xDC, 0xE4, 0xDC,
    0xE4, 0xDC, 0xE4, 0xDC, 0xE4, 0xDC, 0xF4, 0xBD, 0xC3, 0x57, 0x00, 0x5F, 0x00, 0x5F, 0x92, 0x12,
    0xF4, 0x9D, 0xCB, 0xF9, 0xD4, 0x5A, 0xEC, 0x9C, 0xA2, 0x73, 0x50, 0x29, 0x00, 0x5F, 0x00, 0x5F,
    0x00, 0x5F, 0x00, 0x5F, 0x00, 0x5F, 0x00, 0x5F, 0x00, 0x5F, 0x58, 0x6A, 0xE4, 0x3B, 0xEC, 0x1C,
    0xC3, 0x77, 0xEC, 0x7D, 0xD3, 0xB9, 0x50, 0x49, 0x00, 0x5F, 0x79, 0x6E, 0xF4, 0xBE, 0xDD, 0x9B,
    0xDD, 0x5B, 0xF4, 0xBE, 0x71, 0x0D, 0x00, 0x5F, 0x00, 0x5F, 0x00, 0x5F, 0x00, 0x5F, 0x00, 0x5F,
    0x00, 0x5F, 0x00, 0x5F, 0x00, 0x5F, 0x00, 0x5F, 0x00, 0x5F, 0x00, 0x5F, 0x00, 0x5F, 0x00, 0x5F,
    0x00, 0x5F, 0x00, 0x5F, 0x00, 0x5F, 0xC3, 0x58, 0xEC, 0x9C, 0xCC, 0x79, 0xE4, 0xBB, 0xEC, 0x5C,
    0x58, 0x6A, 0x00, 0x5F, 0x00, 0x5F, 0x00, 0x5F, 0x00, 0x5F, 0x00, 0x5F, 0x00, 0x5F, 0x00, 0x5F,
    0x00, 0x5F, 0x00, 0x5F, 0xC3, 0x78, 0xED, 0x1D, 0xD5, 0xDA, 0xE5, 0x7C, 0xEC, 0x5C, 0x58, 0x6A,
    0x00, 0x5F, 0x00, 0x5F, 0x50, 0x29, 0x89, 0xD0, 0xD3, 0x99, 0xF4, 0x9D, 0xF4, 0x9D, 0xE4, 0xBC,
    0xE5, 0x3C, 0xDD, 0xDB, 0xD5, 0xBA, 0xDD, 0x7A, 0xDD, 0x7B, 0xD5, 0xBA, 0xDD, 0x9A, 0xF4, 0xBE,
    0x71, 0x0D, 0x00, 0x5F, 0x00, 0x5F, 0x92, 0x12, 0xF4, 0x7D, 0xCB, 0xF9, 0xD4, 0x5A, 0xEC, 0x9C,
    0xA2, 0x73, 0x50, 0x29, 0x00, 0x5F, 0x00, 0x5F, 0x00, 0x5F, 0x00, 0x5F, 0x00, 0x5F, 0x00, 0x5F,
    0x92, 0x12, 0xF4, 0x9D, 0xD4, 0x9A, 0xDC, 0xDA, 0xF4, 0xBE, 0x71, 0x0D, 0x00, 0x5F, 0x00, 0x5F,
    0x00, 0x5F, 0x00, 0x5F, 0x00, 0x5F, 0x50, 0x29, 0xD3, 0xD9, 0xED, 0x3D, 0xD5, 0xBA, 0xF4, 0xDD,
    0x92, 0x32, 0x00, 0x5F, 0x00, 0x5F, 0x00, 0x5F, 0x00, 0x5F, 0xC3, 0x58, 0xEC, 0x7C, 0xCC, 0x39,
    0xEC, 0x9C, 0xC3, 0x58, 0x00, 0x5F, 0x00, 0x5F, 0x00, 0x5F, 0x00, 0x5F, 0x00, 0x5F, 0x00, 0x5F,
    0x00, 0x5F, 0x00, 0x5F, 0x00, 0x5F, 0x68, 0xEC, 0xF4, 0x9D, 0xE5, 0x7B, 0xD5, 0xDA, 0xED, 0x5C,
    0xE4, 0x5C, 0x58, 0x6A, 0x00, 0x5F, 0x00, 0x5F, 0x58, 0x6A, 0xEC, 0x7C, 0xE5, 0x7C, 0xCD, 0xB9,
    0xE5, 0x7B, 0xEC, 0x7C, 0x58, 0x6A, 0x00, 0x5F, 0x00, 0x5F, 0x58, 0x6A, 0xEC, 0x5C, 0xDD, 0x1B,
    0xC5, 0x37, 0xE4, 0xFC, 0xC3, 0x58, 0x00, 0x5F, 0x00, 0x5F, 0x00, 0x5F, 0x00, 0x5F, 0x00, 0x5F,
    0x00, 0x5F, 0x58, 0x6A, 0xEC, 0x5C, 0xDC, 0xFB, 0xC5, 0x37, 0xE4, 0xFC, 0xC3, 0x58, 0x00, 0x5F,
    0x00, 0x5F, 0x00, 0x5F, 0x00, 0x5F, 0x00, 0x5F, 0x58, 0x6A, 0xEC, 0x7C, 0xE5, 0x7C, 0xCD, 0xB9,
    0xE5, 0x7B, 0xEC, 0x7C, 0x58, 0x6A, 0x00, 0x5F, 0xBA, 0xF7, 0xEC, 0x5D, 0xC3, 0xB7, 0xE4, 0x3B,
    0xEC, 0x5C, 0x58, 0x6A, 0x00, 0x5F, 0x00, 0x5F, 0x00, 0x5F, 0x00, 0x5F, 0x00, 0x5F, 0x00, 0x5F,
    0x00, 0x5F, 0x00, 0x5F, 0x00, 0x5F, 0x00, 0x5F, 0x00, 0x5F, 0x00, 0x5F, 0x00, 0x5F, 0x92, 0x12,
    0xF4, 0x7D, 0xC3, 0xB8, 0xDC, 0x1A, 0xF4, 0x9E, 0x71, 0x0D, 0x00, 0x5F, 0x00, 0x5F, 0x00, 0x5F,
    0x00, 0x5F, 0x00, 0x5F, 0x71, 0x0D, 0xF4, 0xBE, 0xDD, 0x9B, 0xD5, 0x9A, 0xF4, 0xDD, 0x92, 0x32,
    0x00, 0x5F, 0x00, 0x5F, 0x58, 0x6A, 0xEC, 0x7C, 0xE5, 0x9C, 0xCD, 0xB9, 0xDD, 0x7B, 0xEC, 0x7C,
    0x58, 0x6A, 0x00, 0x5F, 0x00, 0x5F, 0x58, 0x6A, 0xEC, 0x5C, 0xE5, 0x5B, 0xCD, 0xB9, 0xED, 0x1C,
    0xC3, 0x78, 0x00, 0x5F, 0x00, 0x5F, 0x00, 0x5F, 0x00, 0x5F, 0x00, 0x5F, 0x00, 0x5F, 0x00, 0x5F,
    0x00, 0x5F, 0xA2, 0x53, 0xF4, 0x9E, 0xD3, 0xFA, 0xE4, 0x7B, 0xF4, 0xBE, 0x79, 0x4E, 0x50, 0x29,
    0xCB, 0x98, 0xEC, 0xFD, 0xD5, 0x9A, 0xEC, 0xFD, 0xCB, 0x98, 0x50, 0x49, 0x00, 0x5F, 0x00, 0x5F,
    0x00, 0x5F, 0x00, 0x5F, 0x00, 0x5F, 0x00, 0x5F, 0x00, 0x5F, 0x00, 0x5F, 0x00, 0x5F, 0x00, 0x5F,
    0x00, 0x5F, 0x00, 0x5F, 0x00, 0x5F, 0x00, 0x5F, 0x00, 0x5F, 0x00, 0x5F, 0x68, 0xEC, 0xF4, 0x9D,
    0xDC, 0xFB, 0xCD, 0x59, 0xF4, 0xDD, 0xB2, 0xF5, 0xB2, 0xF5, 0xF4, 0xDD, 0xD5, 0xBA, 0xE5, 0x7C,
    0xF4, 0x9D, 0x68, 0xEC, 0x00, 0x5F, 0x00, 0x5F, 0x00, 0x5F, 0x00, 0x5F, 0x00, 0x5F, 0x00, 0x5F,
    0xBA, 0xF7, 0xEC, 0x5D, 0xC3, 0xB7, 0xDC, 0x3B, 0xFC, 0xBE, 0xCB, 0x78, 0xBB, 0x17, 0xBB, 0x17,
    0xBB, 0x37, 0xBB, 0x37, 0xBB, 0x37, 0xBB, 0x37, 0xBB, 0x37, 0xBB, 0x37, 0xBB, 0x37, 0xBB, 0x17,
    0x79, 0x4E, 0x00, 0x5F, 0x00, 0x5F, 0x92, 0x12, 0xF4, 0x9D, 0xD4, 0x5A, 0xDC, 0xBB, 0xF4, 0xBD,
    0x71, 0x0D, 0x00, 0x5F, 0x00, 0x5F, 0x00, 0x5F, 0x00, 0x5F, 0x00, 0x5F, 0x00, 0x5F, 0x00, 0x5F,
    0x00, 0x5F, 0x00, 0x5F, 0xA2, 0x53, 0xF4, 0xBE, 0xD4, 0x1A, 0xE4, 0x9B, 0xFC, 0xBE, 0x79, 0x4E,
    0x50, 0x29, 0xCB, 0x98, 0xEC, 0xFC, 0xD5, 0x9A, 0xEC, 0xFD, 0xCB, 0x98, 0x50, 0x49, 0x00, 0x5F,
    0x00, 0x5F, 0x00, 0x5F, 0x00, 0x5F, 0x00, 0x5F, 0x00, 0x5F, 0x00, 0x5F, 0x00, 0x5F, 0x00, 0x5F,
    0x00, 0x5F, 0x00, 0x5F, 0x00, 0x5F, 0x00, 0x5F, 0x00, 0x5F, 0x00, 0x5F, 0x00, 0x5F, 0xC3, 0x58,
    0xEC, 0x9C, 0xCC, 0x79, 0xE4, 0xDB, 0xEC, 0x5C, 0x58, 0x6A, 0x00, 0x5F, 0x00, 0x5F, 0x00, 0x5F,
    0x00, 0x5F, 0x00, 0x5F, 0x00, 0x5F, 0x00, 0x5F, 0x00, 0x5F, 0x00, 0x5F, 0xC3, 0x78, 0xED, 0x1D,
    0xD5, 0xDA, 0xE5, 0x7C, 0xEC, 0x7C, 0x58, 0x6A, 0x00, 0x5F, 0x50, 0x49, 0xB2, 0xD5, 0xFC, 0x9E,
    0xEC, 0x7D, 0xE4, 0x7B, 0xDC, 0xBA, 0xDD, 0x1B, 0xE5, 0x3C, 0xEC, 0xDC, 0xF4, 0xBD, 0xF4, 0x9D,
    0xFC, 0xDE, 0xD5, 0x7A, 0xDD, 0x9B, 0xF4, 0xBE, 0x71, 0x0D, 0x00, 0x5F, 0x00, 0x5F, 0x92, 0x12,
    0xF4, 0x9D, 0xD4, 0x5A, 0xDC, 0xBB, 0xF4, 0xBD, 0x71, 0x0D, 0x00, 0x5F, 0x00, 0x5F, 0x00, 0x5F,
    0x00, 0x5F, 0x00, 0x5F, 0x00, 0x5F, 0x00, 0x5F, 0x92, 0x12, 0xF4, 0x9D, 0xD4, 0xB9, 0xD4, 0xDA,
    0xF4, 0xBD, 0x71, 0x0D, 0x00, 0x5F, 0x00, 0x5F, 0x00, 0x5F, 0x00, 0x5F, 0x00, 0x5F, 0x50, 0x29,
    0xCB, 0xB9, 0xED, 0x1C, 0xD5, 0xBA, 0xF4, 0xDD, 0x92, 0x32, 0x00, 0x5F, 0x00, 0x5F, 0x00, 0x5F,
    0x00, 0x5F, 0xC3, 0x58, 0xEC, 0x7C, 0xCC, 0x58, 0xEC, 0x9C, 0xC3, 0x58, 0x00, 0x5F, 0x00, 0x5F,
    0x00, 0x5F, 0x00, 0x5F, 0x00, 0x5F, 0x00, 0x5F, 0x00, 0x5F, 0x00, 0x5F, 0x50, 0x29, 0xBB, 0x16,
    0xF4, 0xDD, 0xD5, 0xBA, 0xD5, 0xBA, 0xF4, 0xFE, 0xBB, 0x36, 0x00, 0x5F, 0x00, 0x5F, 0x00, 0x5F,
    0x58, 0x6A, 0xEC, 0x5C, 0xE5, 0x7C, 0xCD, 0x98, 0xDD, 0x3B, 0xEC, 0x7C, 0x58, 0x6A, 0x00, 0x5F,
    0x00, 0x5F, 0x58, 0x6A, 0xEC, 0x5C, 0xDD, 0x1B, 0xC5, 0x37, 0xE4, 0xDC, 0xC3, 0x58, 0x00, 0x5F,
    0x00, 0x5F, 0x00, 0x5F, 0x00, 0x5F, 0x00, 0x5F, 0x00, 0x5F, 0x58, 0x6A, 0xEC, 0x5C, 0xDD, 0x1B,
    0xC5, 0x37, 0xE4, 0xDC, 0xC3, 0x58, 0x00, 0x5F, 0x00, 0x5F, 0x00, 0x5F, 0x00, 0x5F, 0x00, 0x5F,
    0x58, 0x6A, 0xEC, 0x5C, 0xE5, 0x7C, 0xCD, 0x98, 0xDD, 0x3B, 0xEC, 0x7C, 0x58, 0x6A, 0x00, 0x5F,
    0x9A, 0x32, 0xF4, 0x9D, 0xCB, 0xF9, 0xDC, 0x5B, 0xF4, 0x9D, 0x68, 0xEC, 0x00, 0x5F, 0x00, 0x5F,
    0x00, 0x5F, 0x00, 0x5F, 0x00, 0x5F, 0x00, 0x5F, 0x81, 0x8F, 0xC3, 0x77, 0xC3, 0x78, 0xC3, 0x78,
    0x92, 0x12, 0x50, 0x29, 0x00, 0x5F, 0x92, 0x12, 0xF4, 0x9D, 0xCB, 0xF9, 0xDC, 0x5B, 0xF4, 0xBD,
    0x71, 0x0D, 0x00, 0x5F, 0x00, 0x5F, 0x00, 0x5F, 0x00, 0x5F, 0x00, 0x5F, 0x89, 0xD0, 0xF4, 0xBE,
    0xD5, 0x9A, 0xD5, 0xBA, 0xF4, 0xDD, 0x92, 0x32, 0x00, 0x5F, 0x00, 0x5F, 0x58, 0x6A, 0xEC, 0x7C,
    0xE5, 0x9C, 0xCD, 0x98, 0xDD, 0x5B, 0xEC, 0x7C, 0x58, 0x6A, 0x00, 0x5F, 0x00, 0x5F, 0x58, 0x6A,
    0xEC, 0x5C, 0xDD, 0x3B, 0xCD, 0x98, 0xEC, 0xFC, 0xC3, 0x78, 0x00, 0x5F, 0x00, 0x5F, 0x00, 0x5F,
    0x00, 0x5F, 0x00, 0x5F, 0x00, 0x5F, 0x00, 0x5F, 0x00, 0x5F, 0x60, 0xAB, 0xEC, 0x5C, 0xE4, 0x7C,
    0xD4, 0x9A, 0xF4, 0xBD, 0xBB, 0x16, 0x68, 0xEC, 0xF4, 0x9D, 0xE5, 0x7B, 0xDD, 0x7B, 0xF4, 0xBE,
    0x79, 0x6E, 0x00, 0x5F, 0x00, 0x5F, 0x00, 0x5F, 0x00, 0x5F, 0x00, 0x5F, 0x00, 0x5F, 0x00, 0x5F,
    0x00, 0x5F, 0x00, 0x5F, 0x00, 0x5F, 0x00, 0x5F, 0x00, 0x5F, 0x00, 0x5F, 0x00, 0x5F, 0x00, 0x5F,
    0x00, 0x5F, 0x00, 0x5F, 0x50, 0x29, 0xCB, 0x78, 0xEC, 0xDC, 0xC5, 0x58, 0xE5, 0x3C, 0xF4, 0x9D,
    0xF4, 0x9D, 0xED, 0x5C, 0xD5, 0xDA, 0xEC, 0xFD, 0xCB, 0x98, 0x50, 0x29, 0x00, 0x5F, 0x00, 0x5F,
    0x00, 0x5F, 0x00, 0x5F, 0x00, 0x5F, 0x00, 0x5F, 0x9A, 0x12, 0xF4, 0x9D, 0xCB, 0xF9, 0xDC, 0x5A,
    0xF4, 0x9D, 0x71, 0x2D, 0x00, 0x5F, 0x00, 0x5F, 0x00, 0x5F, 0x00, 0x5F, 0x00, 0x5F, 0x00, 0x5F,
    0x50, 0x29, 0x58, 0x6A, 0x58, 0x6A, 0x58, 0x6A, 0x50, 0x29, 0x00, 0x5F, 0x00, 0x5F, 0x92, 0x12,
    0xF4, 0x9D, 0xD4, 0x9A, 0xDC, 0xDB, 0xF4, 0xBE, 0x71, 0x0D, 0x00, 0x5F, 0x00, 0x5F, 0x00, 0x5F,
    0x00, 0x5F, 0x00, 0x5F, 0x00, 0x5F, 0x00, 0x5F, 0x00, 0x5F, 0x00, 0x5F, 0x60, 0xAB, 0xEC, 0x7C,
    0xE4, 0x9C, 0xD4, 0xBA, 0xF4, 0xBD, 0xBB, 0x16, 0x68, 0xEC, 0xF4, 0x9D, 0xE5, 0x7B, 0xDD, 0x7B,
    0xF4, 0xBE, 0x79, 0x6E, 0x00, 0x5F, 0x00, 0x5F, 0x00, 0x5F, 0x00, 0x5F, 0x00, 0x5F, 0x00, 0x5F,
    0x00, 0x5F, 0x00, 0x5F, 0x00, 0x5F, 0x00, 0x5F, 0x00, 0x5F, 0x00, 0x5F, 0x00, 0x5F, 0x00, 0x5F,
    0x00, 0x5F, 0x00, 0x5F, 0x00, 0x5F, 0xC3, 0x58, 0xEC, 0xBC, 0xCC, 0x99, 0xDC, 0xBB, 0xEC, 0x5C,
    0x58, 0x6A, 0x00, 0x5F, 0x00, 0x5F, 0x00, 0x5F, 0x00, 0x5F, 0x00, 0x5F, 0x00, 0x5F, 0x00, 0x5F,
    0x00, 0x5F, 0x00, 0x5F, 0xC3, 0x78, 0xEC, 0xFC, 0xD5, 0xDA, 0xE5, 0x7C, 0xEC, 0x7C, 0x58, 0x6A,
    0x00, 0x5F, 0x79, 0x4E, 0xF4, 0x9E, 0xE4, 0x5C, 0xD4, 0x39, 0xE4, 0x9B, 0xF4, 0x9D, 0xEC, 0x7C,
    0xD3, 0xFA, 0xBB, 0x16, 0x81, 0x8F, 0x81, 0x6E, 0xF4, 0xBE, 0xDD, 0x9B, 0xDD, 0x9B, 0xF4, 0xBE,
    0x71, 0x0D, 0x00, 0x5F, 0x00, 0x5F, 0x92, 0x12, 0xF4, 0x9D, 0xD4, 0x9A, 0xDC, 0xDB, 0xF4, 0xBE,
    0x71, 0x0D, 0x00, 0x5F, 0x00, 0x5F, 0x00, 0x5F, 0x00, 0x5F, 0x00, 0x5F, 0x00, 0x5F, 0x00, 0x5F,
    0x89, 0xB0, 0xF4, 0xBD, 0xCC, 0xB9, 0xD4, 0xD9, 0xF4, 0x9D, 0x71, 0x0D, 0x00, 0x5F, 0x00, 0x5F,
    0x00, 0x5F, 0x00, 0x5F, 0x00, 0x5F, 0x58, 0x8A, 0xEC, 0x7C, 0xE5, 0x5C, 0xD5, 0xDA, 0xF4, 0xDD,
    0x92, 0x32, 0x00, 0x5F, 0x00, 0x5F, 0x00, 0x5F, 0x00, 0x5F, 0xC3, 0x58, 0xEC, 0x9C, 0xC4, 0x38,
    0xE4, 0x9C, 0xC3, 0x57, 0x00, 0x5F, 0x00, 0x5F, 0x00, 0x5F, 0x00, 0x5F, 0x00, 0x5F, 0x00, 0x5F,
    0x00, 0x5F, 0x00, 0x5F, 0x81, 0x8F, 0xF4, 0x9D, 0xDD, 0x9B, 0xD5, 0xDA, 0xE5, 0x7C, 0xFC, 0xDE,
    0x79, 0x6E, 0x00, 0x5F, 0x00, 0x5F, 0x00, 0x5F, 0x58, 0x6A, 0xEC, 0x5C, 0xDD, 0x5B, 0xC5, 0x58,
    0xDD, 0x3B, 0xEC, 0x7C, 0x58, 0x6A, 0x00, 0x5F, 0x00, 0x5F, 0x58, 0x6A, 0xEC, 0x5C, 0xDD, 0x1B,
    0xC5, 0x17, 0xE4, 0xFC, 0xC3, 0x58, 0x00, 0x5F, 0x00, 0x5F, 0x00, 0x5F, 0x00, 0x5F, 0x00, 0x5F,
    0x00, 0x5F, 0x58, 0x6A, 0xEC, 0x5C, 0xDD, 0x1B, 0xC5, 0x17, 0xE4, 0xFC, 0xC3, 0x58, 0x00, 0x5F,
    0x00, 0x5F, 0x00, 0x5F, 0x00, 0x5F, 0x00, 0x5F, 0x58, 0x6A, 0xEC, 0x5C, 0xDD, 0x5B, 0xC5, 0x58,
    0xDD, 0x3B, 0xEC, 0x7C, 0x58, 0x6A, 0x00, 0x5F, 0x79, 0x4E, 0xF4, 0x9E, 0xDC, 0x5A, 0xD4, 0x7A,
    0xF4, 0x9D, 0x92, 0x11, 0x00, 0x5F, 0x00, 0x5F, 0x00, 0x5F, 0x00, 0x5F, 0x00, 0x5F, 0x00, 0x5F,
    0xCB, 0xB8, 0xF4, 0xFE, 0xED, 0x3D, 0xF5, 0x1D, 0xE4, 0x5B, 0x58, 0x6A, 0x00, 0x5F, 0x92, 0x12,
    0xF4, 0x9D, 0xD4, 0x39, 0xDC, 0x9A, 0xF4, 0xBD, 0x71, 0x0D, 0x00, 0x5F, 0x00, 0x5F, 0x00, 0x5F,
    0x00, 0x5F, 0x50, 0x49, 0xCB, 0x99, 0xED, 0x1D, 0xD5, 0xBA, 0xD5, 0xDA, 0xF4, 0xDD, 0x92, 0x32,
    0x00, 0x5F, 0x00, 0x5F, 0x58, 0x6A, 0xEC, 0x7C, 0xDD, 0x7B, 0xC5, 0x58, 0xDD, 0x3B, 0xEC, 0x7C,
    0x58, 0x6A, 0x00, 0x5F, 0x00, 0x5F, 0x58, 0x6A, 0xEC, 0x5C, 0xDD, 0x1B, 0xC5, 0x58, 0xE4, 0xFC,
    0xC3, 0x78, 0x00, 0x5F, 0x00, 0x5F, 0x00, 0x5F, 0x00, 0x5F, 0x00, 0x5F, 0x00, 0x5F, 0x00, 0x5F,
    0x00, 0x5F, 0x50, 0x29, 0xBA, 0xF6, 0xF4, 0x9D, 0xD4, 0xDA, 0xE5, 0x1C, 0xF4, 0x9D, 0xCB, 0x78,
    0xF4, 0xDD, 0xD5, 0xBA, 0xED, 0x1C, 0xDB, 0xFA, 0x50, 0x49, 0x00, 0x5F, 0x00, 0x5F, 0x00, 0x5F,
    0x00, 0x5F, 0x00, 0x5F, 0x00, 0x5F, 0x00, 0x5F, 0x00, 0x5F, 0x00, 0x5F, 0x00, 0x5F, 0x00, 0x5F,
    0x00, 0x5F, 0x00, 0x5F, 0x00, 0x5F, 0x00, 0x5F, 0x00, 0x5F, 0x00, 0x5F, 0x00, 0x5F, 0x89, 0xB0,
    0xF4, 0xBE, 0xD5, 0x5A, 0xD5, 0x7A, 0xFC, 0xDE, 0xFC, 0xDE, 0xD5, 0x9A, 0xDD, 0xBB, 0xFC, 0xDE,
    0x89, 0xAF, 0x00, 0x5F, 0x00, 0x5F, 0x00, 0x5F, 0x00, 0x5F, 0x00, 0x5F, 0x00, 0x5F, 0x00, 0x5F,
    0x71, 0x2D, 0xF4, 0x9E, 0xDC, 0x5A, 0xD4, 0x7A, 0xF4, 0x9D, 0x9A, 0x53, 0x00, 0x5F, 0x00, 0x5F,
    0x00, 0x5F, 0x00, 0x5F, 0x00, 0x5F, 0x50, 0x29, 0x9A, 0x32, 0xE4, 0x5C, 0xEC, 0x7C, 0xE4, 0x5C,
    0x89, 0xD0, 0x00, 0x5F, 0x00, 0x5F, 0x92, 0x12, 0xF4, 0x9D, 0xD4, 0xBA, 0xDD, 0x1B, 0xF4, 0xBE,
    0x71, 0x0D, 0x00, 0x5F, 0x00, 0x5F, 0x00, 0x5F, 0x00, 0x5F, 0x00, 0x5F, 0x00, 0x5F, 0x00, 0x5F,
    0x00, 0x5F, 0x00, 0x5F, 0x50, 0x29, 0xBA, 0xF6, 0xF4, 0xBD, 0xD4, 0xDA, 0xE5, 0x1C, 0xF4, 0x9D,
    0xCB, 0x78, 0xF4, 0xDD, 0xD5, 0xBA, 0xED, 0x1C, 0xDB, 0xFA, 0x50, 0x49, 0x00, 0x5F, 0x00, 0x5F,
    0x00, 0x5F, 0x00, 0x5F, 0x00, 0x5F, 0x00, 0x5F, 0x00, 0x5F, 0x00, 0x5F, 0x00, 0x5F, 0x00, 0x5F,
    0x00, 0x5F, 0x00, 0x5F, 0x00, 0x5F, 0x00, 0x5F, 0x00, 0x5F, 0x00, 0x5F, 0x00, 0x5F, 0xC3, 0x58,
    0xEC, 0x9C, 0xC4, 0x78, 0xDC, 0xBB, 0xEC, 0x5C, 0x58, 0x6A, 0x00, 0x5F, 0x00, 0x5F, 0x00, 0x5F,
    0x00, 0x5F, 0x00, 0x5F, 0x00, 0x5F, 0x00, 0x5F, 0x00, 0x5F, 0x00, 0x5F, 0xC3, 0x78, 0xEC, 0xFC,
    0xD5, 0xDA, 0xE5, 0x7C, 0xEC, 0x7C, 0x58, 0x6A, 0x00, 0x5F, 0xAA, 0xB5, 0xEC, 0x7C, 0xCC, 0x19,
    0xDC, 0x9B, 0xF4, 0x9D, 0xA2, 0x53, 0x58, 0x8A, 0x50, 0x29, 0x00, 0x5F, 0x00, 0x5F, 0x79, 0x2E,
    0xF4, 0xBE, 0xDD, 0x9B, 0xDD, 0x9B, 0xF4, 0xBE, 0x71, 0x0D, 0x00, 0x5F, 0x00, 0x5F, 0x92, 0x12,
    0xF4, 0x9D, 0xD4, 0xBA, 0xDD, 0x1B, 0xF4, 0xBE, 0x71, 0x0D, 0x00, 0x5F, 0x00, 0x5F, 0x00, 0x5F,
    0x00, 0x5F, 0x00, 0x5F, 0x00, 0x5F, 0x00, 0x5F, 0x68, 0xEC, 0xF4, 0x9D, 0xCC, 0x99, 0xC4, 0x98,
    0xEC, 0x9C, 0x81, 0x8F, 0x00, 0x5F, 0x00, 0x5F, 0x00, 0x5F, 0x00, 0x5F, 0x00, 0x5F, 0x81, 0xAF,
    0xF4, 0x9D, 0xD5, 0x9A, 0xD5, 0xDA, 0xF4, 0xDD, 0x92, 0x32, 0x00, 0x5F, 0x00, 0x5F, 0x00, 0x5F,
    0x00, 0x5F, 0xC3, 0x58, 0xEC, 0x9C, 0xC4, 0x38, 0xE4, 0x9C, 0xC3, 0x58, 0x00, 0x5F, 0x00, 0x5F,
    0x00, 0x5F, 0x00, 0x5F, 0x00, 0x5F, 0x00, 0x5F, 0x50, 0x49, 0x81, 0x8F, 0xEC, 0x7C, 0xE5, 0x3C,
    0xD5, 0xFA, 0xD5, 0xBA, 0xF4, 0xFE, 0xBB, 0x56, 0x50, 0x29, 0x00, 0x5F, 0x00, 0x5F, 0x00, 0x5F,
    0x58, 0x6A, 0xEC, 0x5C, 0xDD, 0x5B, 0xC5, 0x58, 0xDD, 0x3B, 0xEC, 0x5C, 0x58, 0x6A, 0x00, 0x5F,
    0x00, 0x5F, 0x58, 0x6A, 0xEC, 0x5C, 0xDD, 0x1B, 0xBD, 0x17, 0xE4, 0xFC, 0xC3, 0x58, 0x00, 0x5F,
    0x00, 0x5F, 0x00, 0x5F, 0x00, 0x5F, 0x00, 0x5F, 0x00, 0x5F, 0x58, 0x6A, 0xEC, 0x5C, 0xDD, 0x1B,
    0xBD, 0x17, 0xE4, 0xFC, 0xC3, 0x58, 0x00, 0x5F, 0x00, 0x5F, 0x00, 0x5F, 0x00, 0x5F, 0x00, 0x5F,
    0x58, 0x6A, 0xEC, 0x5C, 0xDD, 0x5B, 0xC5, 0x58, 0xDD, 0x3B, 0xEC, 0x5C, 0x58, 0x6A, 0x00, 0x5F,
    0x58, 0x8A, 0xEC, 0x5C, 0xE4, 0x9B, 0xD4, 0x9A, 0xEC, 0xBC, 0xDB, 0xFA, 0x58, 0x6A, 0x00, 0x5F,
    0x00, 0x5F, 0x00, 0x5F, 0x00, 0x5F, 0x60, 0xAB, 0xEC, 0x9C, 0xE5, 0x9C, 0xD6, 0x1A, 0xED, 0x1C,
    0xBB, 0x37, 0x50, 0x29, 0x00, 0x5F, 0x92, 0x12, 0xF4, 0x9D, 0xD4, 0x7A, 0xDC, 0xBB, 0xF4, 0xBE,
    0x79, 0x4E, 0x00, 0x5F, 0x00, 0x5F, 0x00, 0x5F, 0x00, 0x5F, 0x81, 0x6F, 0xF4, 0xBD, 0xDD, 0x9B,
    0xD5, 0xDA, 0xD5, 0xDA, 0xF4, 0xDD, 0x92, 0x32, 0x00, 0x5F, 0x00, 0x5F, 0x58, 0x6A, 0xEC, 0x7C,
    0xDD, 0x5B, 0xC5, 0x58, 0xDD, 0x3B, 0xEC, 0x7C, 0x58, 0x6A, 0x00, 0x5F, 0x00, 0x5F, 0x58, 0x6A,
    0xEC, 0x5C, 0xDD, 0x1B, 0xC5, 0x37, 0xE4, 0xFC, 0xBB, 0x37, 0x00, 0x5F, 0x00, 0x5F, 0x00, 0x5F,
    0x00, 0x5F, 0x50, 0x29, 0x50, 0x29, 0x00, 0x5F, 0x00, 0x5F, 0x00, 0x5F, 0x68, 0xEC, 0xF4, 0x9D,
    0xE4, 0xFC, 0xD5, 0x5A, 0xF4, 0xDE, 0xFC, 0xBE, 0xE5, 0x5C, 0xDD, 0xBB, 0xF4, 0xDE, 0x91, 0xF1,
    0x00, 0x5F, 0x00, 0x5F, 0x00, 0x5F, 0x00, 0x5F, 0x00, 0x5F, 0x00, 0x5F, 0x00, 0x5F, 0x00, 0x5F,
    0x00, 0x5F, 0x00, 0x5F, 0x00, 0x5F, 0x00, 0x5F, 0x00, 0x5F, 0x00, 0x5F, 0x00, 0x5F, 0x00, 0x5F,
    0x00, 0x5F, 0x00, 0x5F, 0x00, 0x5F, 0x58, 0x6A, 0xDC, 0x1B, 0xE5, 0x1B, 0xCD, 0x78, 0xE5, 0x3C,
    0xE5, 0x3C, 0xCD, 0xB9, 0xE5, 0x3C, 0xDC, 0x1B, 0x58, 0x6A, 0x00, 0x5F, 0x00, 0x5F, 0x00, 0x5F,
    0x00, 0x5F, 0x00, 0x5F, 0x00, 0x5F, 0x00, 0x5F, 0x60, 0xAB, 0xEC, 0x7D, 0xE4, 0x9C, 0xD4, 0x9A,
    0xEC, 0xDC, 0xDB, 0xFA, 0x58, 0x6A, 0x00, 0x5F, 0x00, 0x5F, 0x00, 0x5F, 0x00, 0x5F, 0x60, 0xAB,
    0xEC, 0x7C, 0xED, 0x3C, 0xE5, 0x7C, 0xFC, 0xDE, 0xA2, 0x73, 0x00, 0x5F, 0x00, 0x5F, 0x92, 0x12,
    0xF4, 0xBD, 0xD4, 0xFA, 0xDD, 0x3B, 0xF4, 0xBE, 0x71, 0x0D, 0x00, 0x5F, 0x00, 0x5F, 0x00, 0x5F,
    0x00, 0x5F, 0x00, 0x5F, 0x00, 0x5F, 0x00, 0x5F, 0x00, 0x5F, 0x00, 0x5F, 0x00, 0x5F, 0x68, 0xEC,
    0xF4, 0x9D, 0xE4, 0xFC, 0xD5, 0x7A, 0xF4, 0xDE, 0xFC, 0xDE, 0xE5, 0x5C, 0xDD, 0xBB, 0xF4, 0xDE,
    0x91, 0xF1, 0x00, 0x5F, 0x00, 0x5F, 0x00, 0x5F, 0x00, 0x5F, 0x00, 0x5F, 0x00, 0x5F, 0x00, 0x5F,
    0x00, 0x5F, 0x00, 0x5F, 0x00, 0x5F, 0x00, 0x5F, 0x00, 0x5F, 0x00, 0x5F, 0x00, 0x5F, 0x00, 0x5F,
    0x00, 0x5F, 0x00, 0x5F, 0x00, 0x5F, 0xC3, 0x78, 0xE4, 0x9C, 0xC4, 0x78, 0xDC, 0xBB, 0xEC, 0x5C,
    0x58, 0x6A, 0x00, 0x5F, 0x00, 0x5F, 0x00, 0x5F, 0x00, 0x5F, 0x00, 0x5F, 0x00, 0x5F, 0x00, 0x5F,
    0x00, 0x5F, 0x00, 0x5F, 0xC3, 0x78, 0xED, 0x1C, 0xD5, 0xDA, 0xE5, 0x7C, 0xEC, 0x7C, 0x58, 0x6A,
    0x50, 0x49, 0xDB, 0xFB, 0xE4, 0x5C, 0xCC, 0x59, 0xEC, 0xBC, 0xC3, 0x58, 0x50, 0x29, 0x00, 0x5F,
    0x00, 0x5F, 0x00, 0x5F, 0x58, 0x6A, 0xCB, 0x98, 0xF4, 0xDD, 0xD5, 0xBA, 0xDD, 0xBB, 0xF4, 0xBE,
    0x71, 0x0D, 0x00, 0x5F, 0x00, 0x5F, 0x92, 0x12, 0xF4, 0xBD, 0xD4, 0xFA, 0xDD, 0x3B, 0xF4, 0xBE,
    0x71, 0x0D, 0x00, 0x5F, 0x00, 0x5F, 0x00, 0x5F, 0x00, 0x5F, 0x00, 0x5F, 0x00, 0x5F, 0x00, 0x5F,
    0x50, 0x29, 0xDB, 0xFA, 0xDC, 0xBB, 0xC4, 0xB8, 0xE4, 0xBB, 0xD3, 0xBA, 0x58, 0x6A, 0x00, 0x5F,
    0x00, 0x5F, 0x00, 0x5F, 0x50, 0x49, 0xCB, 0x99, 0xE4, 0xFB, 0xCD, 0xB9, 0xD5, 0xBA, 0xF4, 0xDD,
    0x92, 0x32, 0x00, 0x5F, 0x00, 0x5F, 0x00, 0x5F, 0x00, 0x5F, 0xC3, 0x58, 0xEC, 0x9C, 0xC4, 0x58,
    0xE4, 0x9C, 0xDB, 0xFA, 0x92, 0x12, 0x92, 0x12, 0x92, 0x12, 0x92, 0x12, 0x92, 0x32, 0xB2, 0xD5,
    0xD3, 0xB9, 0xF4, 0xBE, 0xE4, 0xFC, 0xD5, 0xDA, 0xD5, 0xDA, 0xED, 0x3C, 0xDC, 0x3B, 0x58, 0x8A,
    0x00, 0x5F, 0x00, 0x5F, 0x00, 0x5F, 0x00, 0x5F, 0x58, 0x6A, 0xEC, 0x5C, 0xDD, 0x5B, 0xC5, 0x58,
    0xDD, 0x3B, 0xEC, 0x5C, 0x58, 0x6A, 0x00, 0x5F, 0x00, 0x5F, 0x58, 0x6A, 0xEC, 0x5C, 0xDD, 0x1A,
    0xBD, 0x17, 0xE4, 0xFC, 0xC3, 0x58, 0x00, 0x5F, 0x00, 0x5F, 0x00, 0x5F, 0x00, 0x5F, 0x00, 0x5F,
    0x00, 0x5F, 0x58, 0x6A, 0xEC, 0x5C, 0xDD, 0x1A, 0xBD, 0x17, 0xE4, 0xFC, 0xC3, 0x58, 0x00, 0x5F,
    0x00, 0x5F, 0x00, 0x5F, 0x00, 0x5F, 0x00, 0x5F, 0x58, 0x6A, 0xEC, 0x7C, 0xDD, 0x5B, 0xC5, 0x58,
    0xDD, 0x3B, 0xEC, 0x5C, 0x58, 0x6A, 0x00, 0x5F, 0x00, 0x5F, 0xAA, 0xB4, 0xF4, 0xBD, 0xD4, 0xBA,
    0xDC, 0xFB, 0xF4, 0xBD, 0xB2, 0xD5, 0x68, 0xEC, 0x50, 0x29, 0x58, 0x6A, 0x79, 0x4E, 0xCB, 0x98,
    0xEC, 0xFC, 0xD5, 0xDA, 0xDD, 0xDB, 0xF4, 0xDD, 0x79, 0x6E, 0x00, 0x5F, 0x00, 0x5F, 0x79, 0x4E,
    0xF4, 0x9D, 0xDC, 0x9B, 0xD4, 0xBA, 0xEC, 0xBD, 0xBA, 0xF6, 0x50, 0x49, 0x00, 0x5F, 0x58, 0x6A,
    0x89, 0xD0, 0xE4, 0x5C, 0xED, 0x1C, 0xDD, 0xDB, 0xD5, 0xFA, 0xD5, 0xDA, 0xF4, 0xDD, 0x92, 0x32,
    0x00, 0x5F, 0x00, 0x5F, 0x58, 0x6A, 0xEC, 0x7C, 0xDD, 0x5B, 0xC5, 0x58, 0xDD, 0x3B, 0xEC, 0x7C,
    0x58, 0x6A, 0x00, 0x5F, 0x00, 0x5F, 0x50, 0x49, 0xDC, 0x1A, 0xDD, 0x1B, 0xC5, 0x37, 0xDC, 0xFB,
    0xE4, 0x3B, 0x71, 0x0D, 0x58, 0x6A, 0x58, 0x8A, 0x71, 0x2D, 0xBB, 0x36, 0xAA, 0xD5, 0x50, 0x29,
    0x00, 0x5F, 0x00, 0x5F, 0x50, 0x29, 0xCB, 0x78, 0xF4, 0xDD, 0xD5, 0x7A, 0xE5, 0x3C, 0xF4, 0xFD,
    0xD5, 0x9A, 0xED, 0x5C, 0xE4, 0x5C, 0x58, 0x6A, 0x00, 0x5F, 0x00, 0x5F, 0x00, 0x5F, 0x00, 0x5F,
    0x00, 0x5F, 0x00, 0x5F, 0x79, 0x6E, 0xC3, 0x57, 0xC3, 0x78, 0xC3, 0x78, 0x92, 0x12, 0x50, 0x29,
    0x00, 0x5F, 0x00, 0x5F, 0x00, 0x5F, 0x00, 0x5F, 0x00, 0x5F, 0x00, 0x5F, 0x00, 0x5F, 0x00, 0x5F,
    0x9A, 0x53, 0xF4, 0xBD, 0xCD, 0x79, 0xCD, 0x98, 0xCD, 0x98, 0xD5, 0xBA, 0xF4, 0xDD, 0xA2, 0x73,
    0x00, 0x5F, 0x00, 0x5F, 0x00, 0x5F, 0x00, 0x5F, 0x00, 0x5F, 0x00, 0x5F, 0x00, 0x5F, 0x00, 0x5F,
    0x50, 0x29, 0xBA, 0xF6, 0xF4, 0xBD, 0xD4, 0xBA, 0xD4, 0xFA, 0xF4, 0xBD, 0xDB, 0xFA, 0x89, 0xD0,
    0x58, 0x8A, 0x58, 0x6A, 0x79, 0x4E, 0xC3, 0x57, 0xF4, 0xDD, 0xD5, 0xBA, 0xDD, 0x9B, 0xEC, 0x9D,
    0x68, 0xEC, 0x00, 0x5F, 0x00, 0x5F, 0x92, 0x12, 0xF4, 0xBD, 0xD5, 0x19, 0xDD, 0x3B, 0xF4, 0xBE,
    0x71, 0x0D, 0x00, 0x5F, 0x00, 0x5F, 0x00, 0x5F, 0x00, 0x5F, 0x00, 0x5F, 0x00, 0x5F, 0x00, 0x5F,
    0x00, 0x5F, 0x00, 0x5F, 0x00, 0x5F, 0x50, 0x29, 0xCB, 0x98, 0xF4, 0xDD, 0xD5, 0x7A, 0xE5, 0x5C,
    0xF4, 0xFD, 0xD5, 0x9A, 0xED, 0x5C, 0xE4, 0x5C, 0x58, 0x6A, 0x00, 0x5F, 0x00, 0x5F, 0x00, 0x5F,
    0x00, 0x5F, 0x00, 0x5F, 0x00, 0x5F, 0x00, 0x5F, 0x00, 0x5F, 0x00, 0x5F, 0x00, 0x5F, 0x00, 0x5F,
    0x00, 0x5F, 0x00, 0x5F, 0x00, 0x5F, 0x00, 0x5F, 0x00, 0x5F, 0x00, 0x5F, 0x00, 0x5F, 0xC3, 0x78,
    0xEC, 0xBC, 0xC4, 0x98, 0xDC, 0xBA, 0xEC, 0x5C, 0x58, 0x6A, 0x00, 0x5F, 0x00, 0x5F, 0x00, 0x5F,
    0x00, 0x5F, 0x00, 0x5F, 0x00, 0x5F, 0x00, 0x5F, 0x00, 0x5F, 0x00, 0x5F, 0xC3, 0x78, 0xED, 0x1C,
    0xD5, 0xDA, 0xE5, 0x7C, 0xEC, 0x7C, 0x58, 0x6A, 0x50, 0x29, 0xD3, 0xDA, 0xE4, 0x7C, 0xD4, 0x99,
    0xE4, 0xBC, 0xDC, 0x1B, 0x68, 0xEC, 0x58, 0x6A, 0x68, 0xEC, 0x89, 0xD0, 0xD3, 0xD9, 0xF4, 0xDD,
    0xDD, 0x9B, 0xD5, 0xDA, 0xDD, 0xBB, 0xF4, 0xBE, 0x71, 0x0D, 0x00, 0x5F, 0x00, 0x5F, 0x92, 0x12,
    0xF4, 0xBD, 0xD5, 0x19, 0xDD, 0x3B, 0xF4, 0xBE, 0x71, 0x0D, 0x00, 0x5F, 0x00, 0x5F, 0x00, 0x5F,
    0x00, 0x5F, 0x00, 0x5F, 0x00, 0x5F, 0x00, 0x5F, 0x00, 0x5F, 0xA2, 0x73, 0xF4, 0xBD, 0xCC, 0xD9,
    0xD4, 0xF9, 0xF4, 0xBD, 0xBB, 0x37, 0x68, 0xEC, 0x58, 0x6A, 0x60, 0xAB, 0xAA, 0xB4, 0xEC, 0xBD,
    0xD5, 0x7A, 0xCD, 0xB9, 0xD5, 0xDA, 0xF4, 0xDD, 0x92, 0x31, 0x00, 0x5F, 0x00, 0x5F, 0x00, 0x5F,
    0x00, 0x5F, 0xC3, 0x58, 0xEC, 0x9C, 0xC4, 0x58, 0xD4, 0x9A, 0xE4, 0x7B, 0xDC, 0x7B, 0xE4, 0x7B,
    0xE4, 0x9B, 0xE4, 0xBB, 0xE4, 0xBB, 0xE4, 0xBB, 0xDD, 0x1B, 0xDD, 0x5B, 0xCD, 0x99, 0xD5, 0xBA,
    0xE5, 0x3B, 0xEC, 0x7C, 0x71, 0x2D, 0x00, 0x5F, 0x00, 0x5F, 0x00, 0x5F, 0x00, 0x5F, 0x00, 0x5F,
    0x58, 0x6A, 0xEC, 0x7C, 0xDD, 0x5B, 0xC5, 0x58, 0xDD, 0x1B, 0xEC, 0x7C, 0x58, 0x6A, 0x00, 0x5F,
    0x00, 0x5F, 0x58, 0x6A, 0xEC, 0x5C, 0xDD, 0x1B, 0xC5, 0x37, 0xE4, 0xFC, 0xC3, 0x58, 0x00, 0x5F,
    0x00, 0x5F, 0x00, 0x5F, 0x00, 0x5F, 0x00, 0x5F, 0x00, 0x5F, 0x58, 0x6A, 0xEC, 0x5C, 0xDD, 0x1B,
    0xC5, 0x37, 0xE4, 0xFC, 0xC3, 0x78, 0x00, 0x5F, 0x00, 0x5F, 0x00, 0x5F, 0x00, 0x5F, 0x00, 0x5F,
    0x58, 0x6A, 0xEC, 0x7C, 0xDD, 0x5B, 0xC5, 0x58, 0xDD, 0x1B, 0xEC, 0x7C, 0x58, 0x6A, 0x00, 0x5F,
    0x00, 0x5F, 0x60, 0xAB, 0xE4, 0x3B, 0xEC, 0xBC, 0xD5, 0x19, 0xDD, 0x3B, 0xF4, 0xDD, 0xEC, 0x9D,
    0xD3, 0xDA, 0xE4, 0x5B, 0xF4, 0xBE, 0xF4, 0xFD, 0xDD, 0xBB, 0xD5, 0xFA, 0xED, 0x3D, 0xD3, 0xF9,
    0x50, 0x49, 0x00, 0x5F, 0x00, 0x5F, 0x50, 0x49, 0xD3, 0xB9, 0xEC, 0xBC, 0xD4, 0xD9, 0xDC, 0xFB,
    0xF4, 0xBD, 0xD3, 0xD9, 0xC3, 0x78, 0xDC, 0x1B, 0xEC, 0xBD, 0xE5, 0x3C, 0xED, 0x3D, 0xF4, 0xFE,
    0xDD, 0xDB, 0xD5, 0xDA, 0xF4, 0xDD, 0x92, 0x32, 0x00, 0x5F, 0x00, 0x5F, 0x58, 0x6A, 0xEC, 0x7C,
    0xDD, 0x5B, 0xC5, 0x58, 0xDD, 0x3B, 0xEC, 0x7C, 0x58, 0x6A, 0x00, 0x5F, 0x00, 0x5F, 0x00, 0x5F,
    0x92, 0x31, 0xEC, 0x9D, 0xC5, 0x18, 0xCD, 0x38, 0xEC, 0xBC, 0xEC, 0x7D, 0xE4, 0x1B, 0xE4, 0x5C,
    0xF4, 0x9E, 0xFC, 0xBE, 0xEC, 0x3C, 0x58, 0x4A, 0x00, 0x5F, 0x00, 0x5F, 0x00, 0x5F, 0x79, 0x4E,
    0xFC, 0xBE, 0xDD, 0x3B, 0xCD, 0xB9, 0xCD, 0xB9, 0xD5, 0x9A, 0xF4, 0xDD, 0xA2, 0x93, 0x00, 0x5F,
    0x00, 0x5F, 0x00, 0x5F, 0x00, 0x5F, 0x00, 0x5F, 0x00, 0x5F, 0x00, 0x5F, 0xC3, 0x57, 0xF4, 0xFE,
    0xED, 0x1D, 0xF4, 0xFD, 0xE4, 0x5C, 0x58, 0x6A, 0x00, 0x5F, 0x00, 0x5F, 0x00, 0x5F, 0x00, 0x5F,
    0x00, 0x5F, 0x00, 0x5F, 0x00, 0x5F, 0x00, 0x5F, 0x68, 0xCC, 0xF4, 0x9D, 0xDD, 0x5B, 0xCD, 0x99,
    0xCD, 0x98, 0xDD, 0x7B, 0xF4, 0x9D, 0x68, 0xCC, 0x00, 0x5F, 0x00, 0x5F, 0x00, 0x5F, 0x00, 0x5F,
    0x00, 0x5F, 0x00, 0x5F, 0x00, 0x5F, 0x00, 0x5F, 0x00, 0x5F, 0x60, 0xCB, 0xE4, 0x3C, 0xEC, 0xBC,
    0xD5, 0x19, 0xDD, 0x3B, 0xEC, 0xFC, 0xEC, 0xBD, 0xE4, 0x5C, 0xE4, 0x5B, 0xF4, 0xBE, 0xF4, 0xDD,
    0xDD, 0x9B, 0xD5, 0xDA, 0xEC, 0xFC, 0xBB, 0x36, 0x50, 0x29, 0x00, 0x5F, 0x00, 0x5F, 0x92, 0x12,
    0xF4, 0xBD, 0xD5, 0x1A, 0xDD, 0x3A, 0xF4, 0xBE, 0x71, 0x0D, 0x00, 0x5F, 0x00, 0x5F, 0x00, 0x5F,
    0x00, 0x5F, 0x00, 0x5F, 0x00, 0x5F, 0x00, 0x5F, 0x00, 0x5F, 0x00, 0x5F, 0x00, 0x5F, 0x00, 0x5F,
    0x79, 0x4E, 0xFC, 0xBE, 0xDD, 0x5B, 0xCD, 0xB9, 0xCD, 0xB9, 0xD5, 0xBA, 0xF4, 0xDD, 0xA2, 0x93,
    0x00, 0x5F, 0x00, 0x5F, 0x00, 0x5F, 0x00, 0x5F, 0x00, 0x5F, 0x00, 0x5F, 0x00, 0x5F, 0x00, 0x5F,
    0x00, 0x5F, 0x00, 0x5F, 0x00, 0x5F, 0x00, 0x5F, 0x00, 0x5F, 0x00, 0x5F, 0x00, 0x5F, 0x00, 0x5F,
    0x00, 0x5F, 0x00, 0x5F, 0x00, 0x5F, 0xC3, 0x58, 0xEC, 0xBC, 0xC4, 0x98, 0xDC, 0xBA, 0xEC, 0x5C,
    0x58, 0x6A, 0x00, 0x5F, 0x00, 0x5F, 0x00, 0x5F, 0x00, 0x5F, 0x00, 0x5F, 0x00, 0x5F, 0x00, 0x5F,
    0x00, 0x5F, 0x00, 0x5F, 0xC3, 0x58, 0xEC, 0xFC, 0xD5, 0xDA, 0xE5, 0x7C, 0xEC, 0x5C, 0x58, 0x6A,
    0x00, 0x5F, 0xA2, 0x73, 0xF4, 0x9E, 0xD4, 0x9A, 0xD4, 0xDA, 0xEC, 0x9C, 0xEC, 0x5C, 0xE4, 0x3B,
    0xEC, 0x9D, 0xEC, 0x9C, 0xE4, 0xFC, 0xD5, 0x9A, 0xDD, 0x9B, 0xD5, 0xBA, 0xDD, 0xBB, 0xF4, 0xBE,
    0x71, 0x2D, 0x00, 0x5F, 0x00, 0x5F, 0x92, 0x12, 0xF4, 0xBD, 0xD5, 0x1A, 0xDD, 0x3A, 0xF4, 0xBE,
    0x71, 0x0D, 0x00, 0x5F, 0x00, 0x5F, 0x00, 0x5F, 0x00, 0x5F, 0x00, 0x5F, 0x00, 0x5F, 0x00, 0x5F,
    0x00, 0x5F, 0x58, 0x8A, 0xDC, 0x1B, 0xE4, 0xBC, 0xC4, 0xF8, 0xCC, 0xF9, 0xE4, 0xBC, 0xEC, 0x9C,
    0xE4, 0x3B, 0xEC, 0x7C, 0xEC, 0xDD, 0xDD, 0x7B, 0xDD, 0x5B, 0xD5, 0x9A, 0xD5, 0xBA, 0xF4, 0xDD,
    0x92, 0x31, 0x00, 0x5F, 0x00, 0x5F, 0x00, 0x5F, 0x00, 0x5F, 0xC3, 0x58, 0xEC, 0x9C, 0xC4, 0x78,
    0xC4, 0x98, 0xC4, 0xB8, 0xC4, 0xD8, 0xC4, 0xF8, 0xC5, 0x38, 0xC5, 0x58, 0xC5, 0x58, 0xC5, 0x78,
    0xCD, 0x98, 0xCD, 0x99, 0xDD, 0x7A, 0xEC, 0xFC, 0xE4, 0x5C, 0x79, 0x6E, 0x00, 0x5F, 0x00, 0x5F,
    0x00, 0x5F, 0x00, 0x5F, 0x00, 0x5F, 0x00, 0x5F, 0x58, 0x6A, 0xEC, 0x7C, 0xDD, 0x5B, 0xC5, 0x37,
    0xDD, 0x1B, 0xEC, 0x7C, 0x58, 0x6A, 0x00, 0x5F, 0x00, 0x5F, 0x58, 0x6A, 0xEC, 0x5C, 0xDD, 0x3B,
    0xC5, 0x37, 0xE4, 0xFC, 0xC3, 0x78, 0x00, 0x5F, 0x00, 0x5F, 0x00, 0x5F, 0x00, 0x5F, 0x00, 0x5F,
    0x00, 0x5F, 0x58, 0x6A, 0xEC, 0x5C, 0xDD, 0x3B, 0xC5, 0x37, 0xE4, 0xFC, 0xC3, 0x78, 0x00, 0x5F,
    0x00, 0x5F, 0x00, 0x5F, 0x00, 0x5F, 0x00, 0x5F, 0x58, 0x6A, 0xEC, 0x7C, 0xDD, 0x5B, 0xC5, 0x37,
    0xDD, 0x1B, 0xEC, 0x7C, 0x58, 0x6A, 0x00, 0x5F, 0x00, 0x5F, 0x00, 0x5F, 0x79, 0x4E, 0xE4, 0x3B,
    0xEC, 0xDC, 0xD5, 0x3A, 0xD5, 0x9A, 0xDD, 0x9B, 0xDD, 0x5B, 0xDD, 0x5B, 0xD5, 0xBA, 0xD5, 0xBA,
    0xDD, 0xBB, 0xED, 0x3C, 0xEC, 0x9D, 0x71, 0x4D, 0x00, 0x5F, 0x00, 0x5F, 0x00, 0x5F, 0x00, 0x5F,
    0x79, 0x4E, 0xF4, 0x9D, 0xE4, 0xDC, 0xD5, 0x1A, 0xD5, 0x3A, 0xDD, 0x3B, 0xDD, 0x3B, 0xDD, 0x7A,
    0xDD, 0x7B, 0xED, 0x1C, 0xFC, 0xBE, 0xFC, 0xDE, 0xDD, 0xBB, 0xD5, 0xDA, 0xF4, 0xDD, 0x92, 0x32,
    0x00, 0x5F, 0x00, 0x5F, 0x58, 0x6A, 0xEC, 0x7C, 0xDD, 0x5B, 0xC5, 0x37, 0xDD, 0x1B, 0xEC, 0x5C,
    0x58, 0x6A, 0x00, 0x5F, 0x00, 0x5F, 0x00, 0x5F, 0x50, 0x49, 0xC3, 0x77, 0xE4, 0xBC, 0xD5, 0x1A,
    0xCD, 0x19, 0xCD, 0x19, 0xD5, 0x59, 0xD5, 0x5A, 0xD5, 0x3A, 0xE5, 0x3C, 0xEC, 0x3C, 0x58, 0x4A,
    0x00, 0x5F, 0x00, 0x5F, 0x00, 0x5F, 0x50, 0x49, 0xDB, 0xFA, 0xEC, 0xDD, 0xCD, 0xB9, 0xCD, 0xB9,
    0xE5, 0x5B, 0xEC, 0x9D, 0x60, 0xAB, 0x00, 0x5F, 0x00, 0x5F, 0x00, 0x5F, 0x00, 0x5F, 0x00, 0x5F,
    0x00, 0x5F, 0x00, 0x5F, 0xC3, 0x78, 0xED, 0x3D, 0xD5, 0xD9, 0xE5, 0x7C, 0xEC, 0x5C, 0x58, 0x6A,
    0x00, 0x5F, 0x00, 0x5F, 0x00, 0x5F, 0x00, 0x5F, 0x00, 0x5F, 0x00, 0x5F, 0x00, 0x5F, 0x00, 0x5F,
    0x50, 0x29, 0xBB, 0x16, 0xEC, 0xDC, 0xCD, 0xB9, 0xCD, 0x99, 0xEC, 0xDD, 0xBB, 0x16, 0x50, 0x29,
    0x00, 0x5F, 0x00, 0x5F, 0x00, 0x5F, 0x00, 0x5F, 0x00, 0x5F, 0x00, 0x5F, 0x00, 0x5F, 0x00, 0x5F,
    0x00, 0x5F, 0x00, 0x5F, 0x79, 0x6E, 0xEC, 0x5C, 0xEC, 0xBC, 0xDD, 0x3B, 0xCD, 0x99, 0xCD, 0xB9,
    0xD5, 0x9A, 0xD5, 0x9A, 0xD5, 0x9A, 0xD5, 0xBA, 0xDD, 0xBB, 0xED, 0x1D, 0xE4, 0x5B, 0x68, 0xEC,
    0x00, 0x5F, 0x00, 0x5F, 0x00, 0x5F, 0x92, 0x12, 0xF4, 0xBD, 0xD5, 0x3A, 0xD5, 0x5A, 0xF4, 0xBE,
    0x71, 0x0D, 0x00, 0x5F, 0x00, 0x5F, 0x00, 0x5F, 0x00, 0x5F, 0x00, 0x5F, 0x00, 0x5F, 0x00, 0x5F,
    0x00, 0x5F, 0x00, 0x5F, 0x00, 0x5F, 0x00, 0x5F, 0x50, 0x49, 0xDB, 0xFA, 0xEC, 0xFC, 0xCD, 0xB9,
    0xCD, 0xB9, 0xE5, 0x7B, 0xEC, 0x9D, 0x60, 0xAB, 0x00, 0x5F, 0x00, 0x5F, 0x00, 0x5F, 0x00, 0x5F,
    0x00, 0x5F, 0x00, 0x5F, 0x00, 0x5F, 0x00, 0x5F, 0x00, 0x5F, 0x00, 0x5F, 0x00, 0x5F, 0x00, 0x5F,
    0x00, 0x5F, 0x00, 0x5F, 0x00, 0x5F, 0x00, 0x5F, 0x00, 0x5F, 0x00, 0x5F, 0x00, 0x5F, 0xC3, 0x58,
    0xEC, 0xBC, 0xC4, 0x98, 0xDC, 0xBA, 0xEC, 0x5C, 0x58, 0x6A, 0x00, 0x5F, 0x00, 0x5F, 0x00, 0x5F,
    0x00, 0x5F, 0x00, 0x5F, 0x00, 0x5F, 0x00, 0x5F, 0x00, 0x5F, 0x00, 0x5F, 0xC3, 0x58, 0xEC, 0xFC,
    0xD5, 0xFA, 0xE5, 0x7C, 0xEC, 0x5C, 0x58, 0x6A, 0x00, 0x5F, 0x68, 0xEC, 0xF4, 0x7D, 0xEC, 0xBD,
    0xD4, 0xDA, 0xD5, 0x1A, 0xD5, 0x3A, 0xD5, 0x7A, 0xD5, 0x7A, 0xCD, 0x99, 0xD5, 0x9A, 0xEC, 0xFC,
    0xFC, 0xDE, 0xE5, 0x7C, 0xD5, 0xDA, 0xEC, 0xDD, 0xAA, 0xB4, 0x00, 0x5F, 0x00, 0x5F, 0x92, 0x12,
    0xF4, 0xBD, 0xD5, 0x3A, 0xD5, 0x5A, 0xF4, 0xBE, 0x71, 0x0D, 0x00, 0x5F, 0x00, 0x5F, 0x00, 0x5F,
    0x00, 0x5F, 0x00, 0x5F, 0x00, 0x5F, 0x00, 0x5F, 0x00, 0x5F, 0x00, 0x5F, 0x79, 0x4E, 0xEC, 0x7C,
    0xEC, 0xBC, 0xD5, 0x19, 0xC5, 0x38, 0xCD, 0x39, 0xD5, 0x5A, 0xCD, 0x59, 0xCD, 0x59, 0xE5, 0x1B,
    0xFC, 0xDE, 0xDD, 0x5B, 0xD5, 0xBA, 0xF4, 0xDE, 0x92, 0x31, 0x00, 0x5F, 0x00, 0x5F, 0x00, 0x5F,
    0x00, 0x5F, 0xC3, 0x57, 0xF4, 0xBD, 0xDC, 0x9B, 0xDC, 0x9A, 0xD4, 0x9A, 0xD4, 0xBA, 0xD4, 0xDA,
    0xD4, 0xFA, 0xDD, 0x1A, 0xDD, 0x1A, 0xDD, 0x1A, 0xE5, 0x1B, 0xEC, 0xDC, 0xEC, 0x7C, 0xBB, 0x36,
    0x68, 0xCC, 0x00, 0x5F, 0x00, 0x5F, 0x00, 0x5F, 0x00, 0x5F, 0x00, 0x5F, 0x00, 0x5F, 0x00, 0x5F,
    0x58, 0x6A, 0xE4, 0x3C, 0xEC, 0xDD, 0xE4, 0xBB, 0xEC, 0xBD, 0xE4, 0x3C, 0x58, 0x6A, 0x00, 0x5F,
    0x00, 0x5F, 0x58, 0x6A, 0xE4, 0x3C, 0xEC, 0xBD, 0xE4, 0xDB, 0xF4, 0xDD, 0xC3, 0x57, 0x00, 0x5F,
    0x00, 0x5F, 0x00, 0x5F, 0x00, 0x5F, 0x00, 0x5F, 0x00, 0x5F, 0x58, 0x6A, 0xE4, 0x3C, 0xEC, 0xBD,
    0xE4, 0xDB, 0xF4, 0xBD, 0xC3, 0x57, 0x00, 0x5F, 0x00, 0x5F, 0x00, 0x5F, 0x00, 0x5F, 0x00, 0x5F,
    0x58, 0x6A, 0xE4, 0x3C, 0xEC, 0xDD, 0xE4, 0xBB, 0xEC, 0xBD, 0xE4, 0x3C, 0x58, 0x6A, 0x00, 0x5F,
    0x00, 0x5F, 0x00, 0x5F, 0x00, 0x5F, 0x68, 0xCC, 0xCB, 0xB9, 0xF4, 0xBD, 0xEC, 0xFD, 0xE5, 0x5C,
    0xDD, 0x9B, 0xDD, 0x7B, 0xE5, 0x3C, 0xED, 0x1D, 0xF4, 0xDD, 0xDC, 0x1A, 0x79, 0x6F, 0x00, 0x5F,
    0x00, 0x5F, 0x00, 0x5F, 0x00, 0x5F, 0x00, 0x5F, 0x50, 0x29, 0x9A, 0x53, 0xF4, 0x9D, 0xFC, 0xDF,
    0xF4, 0xDD, 0xE5, 0x1C, 0xDD, 0x3B, 0xE5, 0x1C, 0xF4, 0xBE, 0xE4, 0x5C, 0x9A, 0x53, 0xFC, 0xBE,
    0xEC, 0xDC, 0xE4, 0xDC, 0xFC, 0xDE, 0x92, 0x11, 0x00, 0x5F, 0x00, 0x5F, 0x58, 0x6A, 0xE4, 0x3C,
    0xEC, 0xDD, 0xE4, 0xDB, 0xEC, 0xBD, 0xE4, 0x3C, 0x58, 0x6A, 0x00, 0x5F, 0x00, 0x5F, 0x00, 0x5F,
    0x00, 0x5F, 0x60, 0xAB, 0xD3, 0xD9, 0xFC, 0xBE, 0xF4, 0xDD, 0xEC, 0xDC, 0xDD, 0x1B, 0xDD, 0x1B,
    0xEC, 0xDC, 0xF4, 0xBE, 0xD3, 0xDA, 0x50, 0x49, 0x00, 0x5F, 0x00, 0x5F, 0x00, 0x5F, 0x00, 0x5F,
    0x89, 0xF0, 0xFC, 0xBE, 0xD5, 0x7A, 0xCD, 0x99, 0xF4, 0xFD, 0xBB, 0x36, 0x50, 0x29, 0x00, 0x5F,
    0x00, 0x5F, 0x00, 0x5F, 0x00, 0x5F, 0x00, 0x5F, 0x00, 0x5F, 0x00, 0x5F, 0xC3, 0x57, 0xF4, 0xBE,
    0xE4, 0xDC, 0xF4, 0xDD, 0xE4, 0x5C, 0x58, 0x6A, 0x00, 0x5F, 0x00, 0x5F, 0x00, 0x5F, 0x00, 0x5F,
    0x00, 0x5F, 0x00, 0x5F, 0x00, 0x5F, 0x00, 0x5F, 0x00, 0x5F, 0x79, 0x4E, 0xF4, 0xBD, 0xE4, 0xDC,
    0xE4, 0xDC, 0xF4, 0xBD, 0x79, 0x4E, 0x00, 0x5F, 0x00, 0x5F, 0x00, 0x5F, 0x00, 0x5F, 0x00, 0x5F,
    0x00, 0x5F, 0x00, 0x5F, 0x00, 0x5F, 0x00, 0x5F, 0x00, 0x5F, 0x00, 0x5F, 0x00, 0x5F, 0x60, 0xCB,
    0xBB, 0x16, 0xEC, 0x9D, 0xEC, 0xBC, 0xDC, 0xFB, 0xDD, 0x3B, 0xDD, 0x3B, 0xDC, 0xFB, 0xEC, 0xDC,
    0xF4, 0xBD, 0xCB, 0xB9, 0x68, 0xCC, 0x00, 0x5F, 0x00, 0x5F, 0x00, 0x5F, 0x00, 0x5F, 0x92, 0x11,
    0xFC, 0xBE, 0xE4, 0xBC, 0xEC, 0xBC, 0xFC, 0xBE, 0x68, 0xEC, 0x00, 0x5F, 0x00, 0x5F, 0x00, 0x5F,
    0x00, 0x5F, 0x00, 0x5F, 0x00, 0x5F, 0x00, 0x5F, 0x00, 0x5F, 0x00, 0x5F, 0x00, 0x5F, 0x00, 0x5F,
    0x00, 0x5F, 0x89, 0xF0, 0xFC, 0xBE, 0xD5, 0x7A, 0xCD, 0xB9, 0xEC, 0xFD, 0xBB, 0x36, 0x50, 0x29,
    0x00, 0x5F, 0x00, 0x5F, 0x00, 0x5F, 0x00, 0x5F, 0x00, 0x5F, 0x00, 0x5F, 0x00, 0x5F, 0x00, 0x5F,
    0x00, 0x5F, 0x00, 0x5F, 0x00, 0x5F, 0x00, 0x5F, 0x00, 0x5F, 0x00, 0x5F, 0x00, 0x5F, 0x00, 0x5F,
    0x00, 0x5F, 0x00, 0x5F, 0x00, 0x5F, 0xC3, 0x37, 0xF4, 0xBD, 0xE4, 0x9B, 0xEC, 0x9D, 0xE4, 0x3B,
    0x58, 0x6A, 0x00, 0x5F, 0x00, 0x5F, 0x00, 0x5F, 0x00, 0x5F, 0x00, 0x5F, 0x00, 0x5F, 0x00, 0x5F,
    0x00, 0x5F, 0x00, 0x5F, 0xC3, 0x57, 0xF4, 0xBE, 0xE4, 0xDC, 0xEC, 0xDD, 0xE4, 0x5C, 0x58, 0x6A,
    0x00, 0x5F, 0x50, 0x29, 0x79, 0x6E, 0xD3, 0xFA, 0xF4, 0xBD, 0xF4, 0xDD, 0xE4, 0xFC, 0xDD, 0x1B,
    0xDD, 0x1B, 0xE4, 0xDC, 0xEC, 0xBD, 0xCB, 0x98, 0xD3, 0xD9, 0xF4, 0xDE, 0xE4, 0xDC, 0xF4, 0xDD,
    0xF4, 0x9D, 0x68, 0xEC, 0x00, 0x5F, 0x92, 0x11, 0xFC, 0xBE, 0xE4, 0xBC, 0xEC, 0xBC, 0xF4, 0xBE,
    0x68, 0xEC, 0x00, 0x5F, 0x00, 0x5F, 0x00, 0x5F, 0x00, 0x5F, 0x00, 0x5F, 0x00, 0x5F, 0x00, 0x5F,
    0x00, 0x5F, 0x00, 0x5F, 0x00, 0x5F, 0x71, 0x0D, 0xCB, 0x99, 0xFC, 0xBE, 0xEC, 0xDC, 0xDC, 0xFB,
    0xDD, 0x1A, 0xDC, 0xFA, 0xEC, 0xBC, 0xEC, 0x7C, 0xF4, 0x9E, 0xEC, 0xBD, 0xE4, 0xDC, 0xFC, 0xDE,
    0x92, 0x11, 0x00, 0x5F, 0x00, 0x5F, 0x00, 0x5F, 0x00, 0x5F, 0x89, 0xD0, 0xC3, 0x57, 0xC3, 0x58,
    0xC3, 0x58, 0xC3, 0x78, 0xC3, 0x78, 0xC3, 0x78, 0xC3, 0x58, 0xC3, 0x78, 0xC3, 0x78, 0xC3, 0x78,
    0xC3, 0x77, 0x92, 0x32, 0x60, 0xCB, 0x50, 0x29, 0x00, 0x5F, 0x00, 0x5F, 0x00, 0x5F, 0x00, 0x5F,
    0x00, 0x5F, 0x00, 0x5F, 0x00, 0x5F, 0x00, 0x5F, 0x50, 0x29, 0x81, 0x6F, 0x92, 0x31, 0x92, 0x31,
    0x92, 0x31, 0x81, 0x6F, 0x50, 0x29, 0x00, 0x5F, 0x00, 0x5F, 0x50, 0x29, 0x81, 0x6F, 0x92, 0x31,
    0x92, 0x31, 0x92, 0x31, 0x71, 0x0D, 0x00, 0x5F, 0x00, 0x5F, 0x00, 0x5F, 0x00, 0x5F, 0x00, 0x5F,
    0x00, 0x5F, 0x50, 0x29, 0x81, 0x6F, 0x92, 0x32, 0x92, 0x32, 0x92, 0x32, 0x71, 0x0D, 0x00, 0x5F,
    0x00, 0x5F, 0x00, 0x5F, 0x00, 0x5F, 0x00, 0x5F, 0x50, 0x29, 0x81, 0x6F, 0x92, 0x31, 0x92, 0x31,
    0x92, 0x32, 0x81, 0x6F, 0x50, 0x29, 0x00, 0x5F, 0x00, 0x5F, 0x00, 0x5F, 0x00, 0x5F, 0x00, 0x5F,
    0x50, 0x49, 0x79, 0x6E, 0xBB, 0x16, 0xCB, 0xD8, 0xCB, 0xD8, 0xCB, 0xD9, 0xCB, 0xB8, 0xAA, 0xD5,
    0x79, 0x8E, 0x50, 0x49, 0x00, 0x5F, 0x00, 0x5F, 0x00, 0x5F, 0x00, 0x5F, 0x00, 0x5F, 0x00, 0x5F,
    0x00, 0x5F, 0x50, 0x29, 0x68, 0xCC, 0x92, 0x32, 0xAA, 0xD5, 0xC3, 0x58, 0xC3, 0x78, 0xC3, 0x57,
    0x91, 0xF1, 0x58, 0x8A, 0x50, 0x49, 0x89, 0xD0, 0x92, 0x31, 0x92, 0x31, 0x92, 0x11, 0x60, 0xAB,
    0x00, 0x5F, 0x00, 0x5F, 0x50, 0x29, 0x81, 0x6F, 0x92, 0x31, 0x92, 0x31, 0x92, 0x32, 0x81, 0x6F,
    0x50, 0x29, 0x00, 0x5F, 0x00, 0x5F, 0x00, 0x5F, 0x00, 0x5F, 0x00, 0x5F, 0x58, 0x6A, 0x79, 0x6E,
    0xA2, 0x93, 0xBB, 0x37, 0xC3, 0x78, 0xC3, 0x78, 0xC3, 0x37, 0x91, 0xF1, 0x60, 0xAB, 0x00, 0x5F,
    0x00, 0x5F, 0x50, 0x49, 0x00, 0x5F, 0x00, 0x5F, 0x79, 0x6E, 0xFC, 0xBE, 0xD5, 0x5A, 0xD5, 0x7A,
    0xF4, 0xBD, 0x68, 0xEC, 0x00, 0x5F, 0x00, 0x5F, 0x00, 0x5F, 0x00, 0x5F, 0x00, 0x5F, 0x00, 0x5F,
    0x00, 0x5F, 0x00, 0x5F, 0x71, 0x0D, 0x92, 0x31, 0x92, 0x32, 0x92, 0x32, 0x81, 0x6F, 0x50, 0x29,
    0x00, 0x5F, 0x00, 0x5F, 0x00, 0x5F, 0x00, 0x5F, 0x00, 0x5F, 0x00, 0x5F, 0x00, 0x5F, 0x00, 0x5F,
    0x00, 0x5F, 0x50, 0x49, 0x89, 0xB0, 0x92, 0x32, 0x92, 0x32, 0x89, 0xB0, 0x50, 0x49, 0x00, 0x5F,
    0x00, 0x5F, 0x00, 0x5F, 0x00, 0x5F, 0x00, 0x5F, 0x00, 0x5F, 0x00, 0x5F, 0x00, 0x5F, 0x00, 0x5F,
    0x00, 0x5F, 0x00, 0x5F, 0x00, 0x5F, 0x00, 0x5F, 0x50, 0x29, 0x68, 0xEC, 0xAA, 0xB5, 0xC3, 0x57,
    0xC3, 0x78, 0xC3, 0x78, 0xC3, 0x57, 0xAA, 0xB5, 0x79, 0x4E, 0x50, 0x49, 0x00, 0x5F, 0x00, 0x5F,
    0x00, 0x5F, 0x00, 0x5F, 0x00, 0x5F, 0x60, 0xAB, 0x92, 0x11, 0x92, 0x32, 0x92, 0x32, 0x89, 0xD0,
    0x50, 0x49, 0x00, 0x5F, 0x00, 0x5F, 0x00, 0x5F, 0x00, 0x5F, 0x00, 0x5F, 0x00, 0x5F, 0x00, 0x5F,
    0x00, 0x5F, 0x00, 0x5F, 0x50, 0x49, 0x00, 0x5F, 0x00, 0x5F, 0x79, 0x6E, 0xF4, 0xBE, 0xD5, 0x5A,
    0xD5, 0x7A, 0xF4, 0xBD, 0x68, 0xEC, 0x00, 0x5F, 0x00, 0x5F, 0x00, 0x5F, 0x00, 0x5F, 0x00, 0x5F,
    0x00, 0x5F, 0x00, 0x5F, 0x00, 0x5F, 0x00, 0x5F, 0x00, 0x5F, 0x00, 0x5F, 0x00, 0x5F, 0x00, 0x5F,
    0x00, 0x5F, 0x00, 0x5F, 0x00, 0x5F, 0x00, 0x5F, 0x00, 0x5F, 0x00, 0x5F, 0x00, 0x5F, 0x71, 0x0D,
    0x92, 0x11, 0x92, 0x32, 0x92, 0x11, 0x81, 0x6F, 0x50, 0x29, 0x00, 0x5F, 0x00, 0x5F, 0x00, 0x5F,
    0x00, 0x5F, 0x00, 0x5F, 0x00, 0x5F, 0x00, 0x5F, 0x00, 0x5F, 0x00, 0x5F, 0x71, 0x0D, 0x92, 0x11,
    0x92, 0x32, 0x92, 0x31, 0x81, 0x6F, 0x50, 0x29, 0x00, 0x5F, 0x00, 0x5F, 0x00, 0x5F, 0x50, 0x49,
    0x79, 0x6E, 0xA2, 0xB3, 0xC3, 0x57, 0xC3, 0x58, 0xC3, 0x57, 0xBA, 0xF6, 0x79, 0x6E, 0x50, 0x29,
    0x68, 0xEC, 0x92, 0x31, 0x92, 0x31, 0x92, 0x31, 0x91, 0xF1, 0x58, 0x8A, 0x00, 0x5F, 0x60, 0xAB,
    0x92, 0x11, 0x92, 0x32, 0x92, 0x32, 0x89, 0xD0, 0x50, 0x49, 0x00, 0x5F, 0x00, 0x5F, 0x00, 0x5F,
    0x00, 0x5F, 0x00, 0x5F, 0x00, 0x5F, 0x00, 0x5F, 0x00, 0x5F, 0x00, 0x5F, 0x00, 0x5F, 0x00, 0x5F,
    0x50, 0x49, 0x81, 0xB0, 0xB3, 0x16, 0xC3, 0x58, 0xC3, 0x78, 0xC3, 0x57, 0x92, 0x11, 0x60, 0xAB,
    0x81, 0x6F, 0x92, 0x32, 0x92, 0x32, 0x92, 0x11, 0x60, 0xAB, 0x00, 0x5F, 0x00, 0x5F, 0x00, 0x5F,
    0x00, 0x5F, 0x00, 0x5F, 0x00, 0x5F, 0x00, 0x5F, 0x00, 0x5F, 0x00, 0x5F, 0x00, 0x5F, 0x00, 0x5F,
    0x00, 0x5F, 0x00, 0x5F, 0x00, 0x5F, 0x00, 0x5F, 0x00, 0x5F, 0x00, 0x5F, 0x00, 0x5F, 0x00, 0x5F,
    0x00, 0x5F, 0x00, 0x5F, 0x00, 0x5F, 0x00, 0x5F, 0x00, 0x5F, 0x00, 0x5F, 0x00, 0x5F, 0x00, 0x5F,
    0x00, 0x5F, 0x00, 0x5F, 0x00, 0x5F, 0x00, 0x5F, 0x00, 0x5F, 0x00, 0x5F, 0x00, 0x5F, 0x00, 0x5F,
    0x00, 0x5F, 0x00, 0x5F, 0x00, 0x5F, 0x00, 0x5F, 0x00, 0x5F, 0x00, 0x5F, 0x00, 0x5F, 0x00, 0x5F,
    0x00, 0x5F, 0x00, 0x5F, 0x00, 0x5F, 0x00, 0x5F, 0x00, 0x5F, 0x00, 0x5F, 0x00, 0x5F, 0x00, 0x5F,
    0x00, 0x5F, 0x00, 0x5F, 0x00, 0x5F, 0x00, 0x5F, 0x00, 0x5F, 0x00, 0x5F, 0x00, 0x5F, 0x00, 0x5F,
    0x00, 0x5F, 0x00, 0x5F, 0x00, 0x5F, 0x00, 0x5F, 0x00, 0x5F, 0x00, 0x5F, 0x00, 0x5F, 0x00, 0x5F,
    0x00, 0x5F, 0x00, 0x5F, 0x00, 0x5F, 0x00, 0x5F, 0x00, 0x5F, 0x00, 0x5F, 0x00, 0x5F, 0x00, 0x5F,
    0x00, 0x5F, 0x00, 0x5F, 0x00, 0x5F, 0x00, 0x5F, 0x00, 0x5F, 0x00, 0x5F, 0x00, 0x5F, 0x00, 0x5F,
    0x00, 0x5F, 0x00, 0x5F, 0x00, 0x5F, 0x00, 0x5F, 0x00, 0x5F, 0x00, 0x5F, 0x00, 0x5F, 0x00, 0x5F,
    0x00, 0x5F, 0x00, 0x5F, 0x00, 0x5F, 0x00, 0x5F, 0x00, 0x5F, 0x00, 0x5F, 0x00, 0x5F, 0x00, 0x5F,
    0x00, 0x5F, 0x00, 0x5F, 0x00, 0x5F, 0x00, 0x5F, 0x00, 0x5F, 0x00, 0x5F, 0x00, 0x5F, 0x00, 0x5F,
    0x00, 0x5F, 0x00, 0x5F, 0x00, 0x5F, 0x00, 0x5F, 0x00, 0x5F, 0x00, 0x5F, 0x00, 0x5F, 0x00, 0x5F,
    0x00, 0x5F, 0x00, 0x5F, 0x00, 0x5F, 0x00, 0x5F, 0x00, 0x5F, 0x00, 0x5F, 0x00, 0x5F, 0x00, 0x5F,
    0x00, 0x5F, 0x00, 0x5F, 0x00, 0x5F, 0x00, 0x5F, 0x91, 0xF1, 0xD3, 0xB9, 0xA2, 0x94, 0x9A, 0x32,
    0xDC, 0x1B, 0xE4, 0xDC, 0xC5, 0x58, 0xE4, 0xFC, 0xCB, 0x98, 0x50, 0x29, 0x00, 0x5F, 0x00, 0x5F,
    0x00, 0x5F, 0x00, 0x5F, 0x00, 0x5F, 0x00, 0x5F, 0x00, 0x5F, 0x00, 0x5F, 0x00, 0x5F, 0x00, 0x5F,
    0x00, 0x5F, 0x00, 0x5F, 0x00, 0x5F, 0x00, 0x5F, 0x00, 0x5F, 0x00, 0x5F, 0x00, 0x5F, 0x00, 0x5F,
    0x00, 0x5F, 0x00, 0x5F, 0x00, 0x5F, 0x00, 0x5F, 0x00, 0x5F, 0x00, 0x5F, 0x00, 0x5F, 0x00, 0x5F,
    0x00, 0x5F, 0x00, 0x5F, 0x00, 0x5F, 0x00, 0x5F, 0x00, 0x5F, 0x00, 0x5F, 0x00, 0x5F, 0x00, 0x5F,
    0x00, 0x5F, 0x00, 0x5F, 0x00, 0x5F, 0x00, 0x5F, 0x00, 0x5F, 0x00, 0x5F, 0x00, 0x5F, 0x00, 0x5F,
    0x00, 0x5F, 0x00, 0x5F, 0x00, 0x5F, 0x00, 0x5F, 0x00, 0x5F, 0x00, 0x5F, 0x00, 0x5F, 0x00, 0x5F,
    0x00, 0x5F, 0x00, 0x5F, 0x00, 0x5F, 0x00, 0x5F, 0x00, 0x5F, 0x00, 0x5F, 0x00, 0x5F, 0x00, 0x5F,
    0x00, 0x5F, 0x00, 0x5F, 0x00, 0x5F, 0x00, 0x5F, 0x00, 0x5F, 0x00, 0x5F, 0x00, 0x5F, 0x00, 0x5F,
    0x00, 0x5F, 0x00, 0x5F, 0x00, 0x5F, 0x00, 0x5F, 0x00, 0x5F, 0x91, 0xF1, 0xD3, 0xB9, 0xA2, 0x94,
    0x9A, 0x32, 0xDC, 0x1B, 0xE4, 0xDC, 0xC5, 0x58, 0xE4, 0xFC, 0xCB, 0x98, 0x50, 0x29, 0x00, 0x5F,
    0x00, 0x5F, 0x00, 0x5F, 0x00, 0x5F, 0x00, 0x5F, 0x00, 0x5F, 0x00, 0x5F, 0x00, 0x5F, 0x00, 0x5F,
    0x00, 0x5F, 0x00, 0x5F, 0x00, 0x5F, 0x00, 0x5F, 0x00, 0x5F, 0x00, 0x5F, 0x00, 0x5F, 0x00, 0x5F,
    0x00, 0x5F, 0x00, 0x5F, 0x00, 0x5F, 0x00, 0x5F, 0x00, 0x5F, 0x00, 0x5F, 0x00, 0x5F, 0x00, 0x5F,
    0x00, 0x5F, 0x00, 0x5F, 0x00, 0x5F, 0x00, 0x5F, 0x00, 0x5F, 0x00, 0x5F, 0x00, 0x5F, 0x00, 0x5F,
    0x00, 0x5F, 0x00, 0x5F, 0x00, 0x5F, 0x00, 0x5F, 0x00, 0x5F, 0x00, 0x5F, 0x00, 0x5F, 0x00, 0x5F,
    0x00, 0x5F, 0x00, 0x5F, 0x00, 0x5F, 0x00, 0x5F, 0x00, 0x5F, 0x00, 0x5F, 0x00, 0x5F, 0x00, 0x5F,
    0x00, 0x5F, 0x00, 0x5F, 0x00, 0x5F, 0x00, 0x5F, 0x00, 0x5F, 0x00, 0x5F, 0x00, 0x5F, 0x00, 0x5F,
    0x00, 0x5F, 0x00, 0x5F, 0x00, 0x5F, 0x00, 0x5F, 0x00, 0x5F, 0x00, 0x5F, 0x00, 0x5F, 0x00, 0x5F,
    0x00, 0x5F, 0x00, 0x5F, 0x00, 0x5F, 0x00, 0x5F, 0x00, 0x5F, 0x00, 0x5F, 0x00, 0x5F, 0x00, 0x5F,
    0x00, 0x5F, 0x00, 0x5F, 0x00, 0x5F, 0x00, 0x5F, 0x00, 0x5F, 0x00, 0x5F, 0x00, 0x5F, 0x00, 0x5F,
    0x00, 0x5F, 0x00, 0x5F, 0x00, 0x5F, 0x00, 0x5F, 0x00, 0x5F, 0x00, 0x5F, 0x00, 0x5F, 0x00, 0x5F,
    0x00, 0x5F, 0x00, 0x5F, 0x00, 0x5F, 0x00, 0x5F, 0x00, 0x5F, 0x00, 0x5F, 0x00, 0x5F, 0x00, 0x5F,
    0x00, 0x5F, 0x00, 0x5F, 0x00, 0x5F, 0x00, 0x5F, 0x00, 0x5F, 0x00, 0x5F, 0x00, 0x5F, 0x00, 0x5F,
    0x00, 0x5F, 0x00, 0x5F, 0x00, 0x5F, 0x00, 0x5F, 0x00, 0x5F, 0x00, 0x5F, 0x00, 0x5F, 0x00, 0x5F,
    0x00, 0x5F, 0x00, 0x5F, 0x00, 0x5F, 0x00, 0x5F, 0x00, 0x5F, 0x00, 0x5F, 0x00, 0x5F, 0x00, 0x5F,
    0x00, 0x5F, 0x00, 0x5F, 0x00, 0x5F, 0x00, 0x5F, 0x00, 0x5F, 0x00, 0x5F, 0x00, 0x5F, 0x00, 0x5F,
    0x00, 0x5F, 0x00, 0x5F, 0x00, 0x5F, 0x00, 0x5F, 0x00, 0x5F, 0x00, 0x5F, 0x00, 0x5F, 0x00, 0x5F,
    0x00, 0x5F, 0x00, 0x5F, 0x00, 0x5F, 0x00, 0x5F, 0x00, 0x5F, 0x00, 0x5F, 0x00, 0x5F, 0x00, 0x5F,
    0x00, 0x5F, 0x00, 0x5F, 0x00, 0x5F, 0x00, 0x5F, 0x00, 0x5F, 0x00, 0x5F, 0x00, 0x5F, 0x00, 0x5F,
    0x00, 0x5F, 0x00, 0x5F, 0x00, 0x5F, 0x00, 0x5F, 0x00, 0x5F, 0x00, 0x5F, 0x00, 0x5F, 0x00, 0x5F,
    0x00, 0x5F, 0x00, 0x5F, 0x00, 0x5F, 0x00, 0x5F, 0x00, 0x5F, 0x00, 0x5F, 0x00, 0x5F, 0x00, 0x5F,
    0x00, 0x5F, 0x00, 0x5F, 0x00, 0x5F, 0x00, 0x5F, 0x00, 0x5F, 0x00, 0x5F, 0x00, 0x5F, 0x00, 0x5F,
    0x00, 0x5F, 0x00, 0x5F, 0x00, 0x5F, 0x00, 0x5F, 0x00, 0x5F, 0x00, 0x5F, 0x00, 0x5F, 0x00, 0x5F,
    0x00, 0x5F, 0x00, 0x5F, 0x00, 0x5F, 0x00, 0x5F, 0x00, 0x5F, 0x00, 0x5F, 0x00, 0x5F, 0x00, 0x5F,
    0x00, 0x5F, 0x00, 0x5F, 0x00, 0x5F, 0x00, 0x5F, 0x00, 0x5F, 0x00, 0x5F, 0x00, 0x5F, 0x00, 0x5F,
    0x00, 0x5F, 0x00, 0x5F, 0x00, 0x5F, 0x00, 0x5F, 0x00, 0x5F, 0x00, 0x5F, 0x00, 0x5F, 0x00, 0x5F,
    0x00, 0x5F, 0x00, 0x5F, 0x00, 0x5F, 0x00, 0x5F, 0x00, 0x5F, 0x00, 0x5F, 0x00, 0x5F, 0x00, 0x5F,
    0xC3, 0x58, 0xF4, 0xDE, 0xE4, 0x7B, 0xE4, 0x9B, 0xDC, 0xBB, 0xC5, 0x18, 0xD5, 0x3A, 0xEC, 0xBD,
    0x71, 0x2D, 0x00, 0x5F, 0x00, 0x5F, 0x00, 0x5F, 0x00, 0x5F, 0x00, 0x5F, 0x00, 0x5F, 0x00, 0x5F,
    0x00, 0x5F, 0x00, 0x5F, 0x00, 0x5F, 0x00, 0x5F, 0x00, 0x5F, 0x00, 0x5F, 0x00, 0x5F, 0x00, 0x5F,
    0x00, 0x5F, 0x00, 0x5F, 0x00, 0x5F, 0x00, 0x5F, 0x00, 0x5F, 0x00, 0x5F, 0x00, 0x5F, 0x00, 0x5F,
    0x00, 0x5F, 0x00, 0x5F, 0x00, 0x5F, 0x00, 0x5F, 0x00, 0x5F, 0x00, 0x5F, 0x00, 0x5F, 0x00, 0x5F,
    0x00, 0x5F, 0x00, 0x5F, 0x00, 0x5F, 0x00, 0x5F, 0x00, 0x5F, 0x00, 0x5F, 0x00, 0x5F, 0x00, 0x5F,
    0x00, 0x5F, 0x00, 0x5F, 0x00, 0x5F, 0x00, 0x5F, 0x00, 0x5F, 0x00, 0x5F, 0x00, 0x5F, 0x00, 0x5F,
    0x00, 0x5F, 0x00, 0x5F, 0x00, 0x5F, 0x00, 0x5F, 0x00, 0x5F, 0x00, 0x5F, 0x00, 0x5F, 0x00, 0x5F,
    0x00, 0x5F, 0x00, 0x5F, 0x00, 0x5F, 0x00, 0x5F, 0x00, 0x5F, 0x00, 0x5F, 0x00, 0x5F, 0x00, 0x5F,
    0x00, 0x5F, 0x00, 0x5F, 0x00, 0x5F, 0x00, 0x5F, 0x00, 0x5F, 0x00, 0x5F, 0x00, 0x5F, 0x00, 0x5F,
    0x00, 0x5F, 0xC3, 0x58, 0xF4, 0xBE, 0xE4, 0x7B, 0xE4, 0x7B, 0xDC, 0xBB, 0xC5, 0x18, 0xD5, 0x3A,
    0xEC, 0x9D, 0x71, 0x2D, 0x00, 0x5F, 0x00, 0x5F, 0x00, 0x5F, 0x00, 0x5F, 0x00, 0x5F, 0x00, 0x5F,
    0x00, 0x5F, 0x00, 0x5F, 0x00, 0x5F, 0x00, 0x5F, 0x00, 0x5F, 0x00, 0x5F, 0x00, 0x5F, 0x00, 0x5F,
    0x00, 0x5F, 0x00, 0x5F, 0x00, 0x5F, 0x00, 0x5F, 0x00, 0x5F, 0x00, 0x5F, 0x00, 0x5F, 0x00, 0x5F,
    0x00, 0x5F, 0x00, 0x5F, 0x00, 0x5F, 0x00, 0x5F, 0x00, 0x5F, 0x00, 0x5F, 0x00, 0x5F, 0x00, 0x5F,
    0x00, 0x5F, 0x00, 0x5F, 0x00, 0x5F, 0x00, 0x5F, 0x00, 0x5F, 0x00, 0x5F, 0x00, 0x5F, 0x00, 0x5F,
    0x00, 0x5F, 0x00, 0x5F, 0x00, 0x5F, 0x00, 0x5F, 0x00, 0x5F, 0x00, 0x5F, 0x00, 0x5F, 0x00, 0x5F,
    0x00, 0x5F, 0x00, 0x5F, 0x00, 0x5F, 0x00, 0x5F, 0x00, 0x5F, 0x00, 0x5F, 0x00, 0x5F, 0x00, 0x5F,
    0x00, 0x5F, 0x00, 0x5F, 0x00, 0x5F, 0x00, 0x5F, 0x00, 0x5F, 0x00, 0x5F, 0x00, 0x5F, 0x00, 0x5F,
    0x00, 0x5F, 0x00, 0x5F, 0x00, 0x5F, 0x00, 0x5F, 0x00, 0x5F, 0x00, 0x5F, 0x00, 0x5F, 0x00, 0x5F,
    0x00, 0x5F, 0x00, 0x5F, 0x00, 0x5F, 0x00, 0x5F, 0x00, 0x5F, 0x00, 0x5F, 0x00, 0x5F, 0x00, 0x5F,
    0x00, 0x5F, 0x00, 0x5F, 0x00, 0x5F, 0x00, 0x5F, 0x00, 0x5F, 0x00, 0x5F, 0x00, 0x5F, 0x00, 0x5F,
    0x00, 0x5F, 0x00, 0x5F, 0x00, 0x5F, 0x00, 0x5F, 0x00, 0x5F, 0x00, 0x5F, 0x00, 0x5F, 0x00, 0x5F,
    0x00, 0x5F, 0x00, 0x5F, 0x00, 0x5F, 0x00, 0x5F, 0x00, 0x5F, 0x00, 0x5F, 0x00, 0x5F, 0x00, 0x5F,
    0x00, 0x5F, 0x00, 0x5F, 0x00, 0x5F, 0x00, 0x5F, 0x00, 0x5F, 0x00, 0x5F, 0x00, 0x5F, 0x00, 0x5F,
    0x00, 0x5F, 0x00, 0x5F, 0x00, 0x5F, 0x00, 0x5F, 0x00, 0x5F, 0x00, 0x5F, 0x00, 0x5F, 0x00, 0x5F,
    0x00, 0x5F, 0x00, 0x5F, 0x00, 0x5F, 0x00, 0x5F, 0x00, 0x5F, 0x00, 0x5F, 0x00, 0x5F, 0x00, 0x5F,
    0x00, 0x5F, 0x00, 0x5F, 0x00, 0x5F, 0x00, 0x5F, 0x00, 0x5F, 0x00, 0x5F, 0x00, 0x5F, 0x00, 0x5F,
    0x00, 0x5F, 0x00, 0x5F, 0x00, 0x5F, 0x00, 0x5F, 0x00, 0x5F, 0x00, 0x5F, 0x00, 0x5F, 0x00, 0x5F,
    0x00, 0x5F, 0x00, 0x5F, 0x00, 0x5F, 0x00, 0x5F, 0x00, 0x5F, 0x00, 0x5F, 0x00, 0x5F, 0x00, 0x5F,
    0x00, 0x5F, 0x00, 0x5F, 0x00, 0x5F, 0x00, 0x5F, 0x00, 0x5F, 0x00, 0x5F, 0x00, 0x5F, 0x00, 0x5F,
    0x00, 0x5F, 0x00, 0x5F, 0x00, 0x5F, 0x00, 0x5F, 0x00, 0x5F, 0x00, 0x5F, 0x00, 0x5F, 0x00, 0x5F,
    0x00, 0x5F, 0x00, 0x5F, 0x00, 0x5F, 0x00, 0x5F, 0x00, 0x5F, 0x00, 0x5F, 0x00, 0x5F, 0x00, 0x5F,
    0x00, 0x5F, 0x00, 0x5F, 0x00, 0x5F, 0x00, 0x5F, 0x00, 0x5F, 0x00, 0x5F, 0x00, 0x5F, 0x00, 0x5F,
    0x00, 0x5F, 0x00, 0x5F, 0x00, 0x5F, 0x00, 0x5F, 0x00, 0x5F, 0x00, 0x5F, 0x00, 0x5F, 0x00, 0x5F,
    0x00, 0x5F, 0x00, 0x5F, 0x00, 0x5F, 0x00, 0x5F, 0x00, 0x5F, 0x00, 0x5F, 0x00, 0x5F, 0x00, 0x5F,
    0x00, 0x5F, 0x00, 0x5F, 0x00, 0x5F, 0x00, 0x5F, 0x00, 0x5F, 0x00, 0x5F, 0x00, 0x5F, 0x00, 0x5F,
    0x00, 0x5F, 0x00, 0x5F, 0x00, 0x5F, 0x00, 0x5F, 0x00, 0x5F, 0x00, 0x5F, 0x00, 0x5F, 0x00, 0x5F,
    0x00, 0x5F, 0x00, 0x5F, 0x00, 0x5F, 0x00, 0x5F, 0xC3, 0x57, 0xEC, 0xBC, 0xCC, 0xD8, 0xC4, 0xD8,
    0xC5, 0x18, 0xD5, 0x1A, 0xF4, 0xBD, 0xB2, 0xF6, 0x50, 0x29, 0x00, 0x5F, 0x00, 0x5F, 0x00, 0x5F,
    0x00, 0x5F, 0x00, 0x5F, 0x00, 0x5F, 0x00, 0x5F, 0x00, 0x5F, 0x00, 0x5F, 0x00, 0x5F, 0x00, 0x5F,
    0x00, 0x5F, 0x00, 0x5F, 0x00, 0x5F, 0x00, 0x5F, 0x00, 0x5F, 0x00, 0x5F, 0x00, 0x5F, 0x00, 0x5F,
    0x00, 0x5F, 0x00, 0x5F, 0x00, 0x5F, 0x00, 0x5F, 0x00, 0x5F, 0x00, 0x5F, 0x00, 0x5F, 0x00, 0x5F,
    0x00, 0x5F, 0x00, 0x5F, 0x00, 0x5F, 0x00, 0x5F, 0x00, 0x5F, 0x00, 0x5F, 0x00, 0x5F, 0x00, 0x5F,
    0x00, 0x5F, 0x00, 0x5F, 0x00, 0x5F, 0x00, 0x5F, 0x00, 0x5F, 0x00, 0x5F, 0x00, 0x5F, 0x00, 0x5F,
    0x00, 0x5F, 0x00, 0x5F, 0x00, 0x5F, 0x00, 0x5F, 0x00, 0x5F, 0x00, 0x5F, 0x00, 0x5F, 0x00, 0x5F,
    0x00, 0x5F, 0x00, 0x5F, 0x00, 0x5F, 0x00, 0x5F, 0x00, 0x5F, 0x00, 0x5F, 0x00, 0x5F, 0x00, 0x5F,
    0x00, 0x5F, 0x00, 0x5F, 0x00, 0x5F, 0x00, 0x5F, 0x00, 0x5F, 0x00, 0x5F, 0x00, 0x5F, 0x00, 0x5F,
    0x00, 0x5F, 0x00, 0x5F, 0x00, 0x5F, 0x00, 0x5F, 0x00, 0x5F, 0xC3, 0x57, 0xEC, 0xBC, 0xCC, 0xB8,
    0xC4, 0xD8, 0xC4, 0xF8, 0xD5, 0x1A, 0xEC, 0xBD, 0xB2, 0xF6, 0x50, 0x29, 0x00, 0x5F, 0x00, 0x5F,
    0x00, 0x5F, 0x00, 0x5F, 0x00, 0x5F, 0x00, 0x5F, 0x00, 0x5F, 0x00, 0x5F, 0x00, 0x5F, 0x00, 0x5F,
    0x00, 0x5F, 0x00, 0x5F, 0x00, 0x5F, 0x00, 0x5F, 0x00, 0x5F, 0x00, 0x5F, 0x00, 0x5F, 0x00, 0x5F,
    0x00, 0x5F, 0x00, 0x5F, 0x00, 0x5F, 0x00, 0x5F, 0x00, 0x5F, 0x00, 0x5F, 0x00, 0x5F, 0x00, 0x5F,
    0x00, 0x5F, 0x00, 0x5F, 0x00, 0x5F, 0x00, 0x5F, 0x00, 0x5F, 0x00, 0x5F, 0x00, 0x5F, 0x00, 0x5F,
    0x00, 0x5F, 0x00, 0x5F, 0x00, 0x5F, 0x00, 0x5F, 0x00, 0x5F, 0x00, 0x5F, 0x00, 0x5F, 0x00, 0x5F,
    0x00, 0x5F, 0x00, 0x5F, 0x00, 0x5F, 0x00, 0x5F, 0x00, 0x5F, 0x00, 0x5F, 0x00, 0x5F, 0x00, 0x5F,
    0x00, 0x5F, 0x00, 0x5F, 0x00, 0x5F, 0x00, 0x5F, 0x00, 0x5F, 0x00, 0x5F, 0x00, 0x5F, 0x00, 0x5F,
    0x00, 0x5F, 0x00, 0x5F, 0x00, 0x5F, 0x00, 0x5F, 0x00, 0x5F, 0x00, 0x5F, 0x00, 0x5F, 0x00, 0x5F,
    0x00, 0x5F, 0x00, 0x5F, 0x00, 0x5F, 0x00, 0x5F, 0x00, 0x5F, 0x00, 0x5F, 0x00, 0x5F, 0x00, 0x5F,
    0x00, 0x5F, 0x00, 0x5F, 0x00, 0x5F, 0x00, 0x5F, 0x00, 0x5F, 0x00, 0x5F, 0x00, 0x5F, 0x00, 0x5F,
    0x00, 0x5F, 0x00, 0x5F, 0x00, 0x5F, 0x00, 0x5F, 0x00, 0x5F, 0x00, 0x5F, 0x00, 0x5F, 0x00, 0x5F,
    0x00, 0x5F, 0x00, 0x5F, 0x00, 0x5F, 0x00, 0x5F, 0x00, 0x5F, 0x00, 0x5F, 0x00, 0x5F, 0x00, 0x5F,
    0x00, 0x5F, 0x00, 0x5F, 0x00, 0x5F, 0x00, 0x5F, 0x00, 0x5F, 0x00, 0x5F, 0x00, 0x5F, 0x00, 0x5F,
    0x00, 0x5F, 0x00, 0x5F, 0x00, 0x5F, 0x00, 0x5F, 0x00, 0x5F, 0x00, 0x5F, 0x00, 0x5F, 0x00, 0x5F,
    0x00, 0x5F, 0x00, 0x5F, 0x00, 0x5F, 0x00, 0x5F, 0x00, 0x5F, 0x00, 0x5F, 0x00, 0x5F, 0x00, 0x5F,
    0x00, 0x5F, 0x00, 0x5F, 0x00, 0x5F, 0x00, 0x5F, 0x00, 0x5F, 0x00, 0x5F, 0x00, 0x5F, 0x00, 0x5F,
    0x00, 0x5F, 0x00, 0x5F, 0x00, 0x5F, 0x00, 0x5F, 0x00, 0x5F, 0x00, 0x5F, 0x00, 0x5F, 0x00, 0x5F,
    0x00, 0x5F, 0x00, 0x5F, 0x00, 0x5F, 0x00, 0x5F, 0x00, 0x5F, 0x00, 0x5F, 0x00, 0x5F, 0x00, 0x5F,
    0x00, 0x5F, 0x00, 0x5F, 0x00, 0x5F, 0x00, 0x5F, 0x00, 0x5F, 0x00, 0x5F, 0x00, 0x5F, 0x00, 0x5F,
    0x00, 0x5F, 0x00, 0x5F, 0x00, 0x5F, 0x00, 0x5F, 0x00, 0x5F, 0x00, 0x5F, 0x00, 0x5F, 0x00, 0x5F,
    0x00, 0x5F, 0x00, 0x5F, 0x00, 0x5F, 0x00, 0x5F, 0x00, 0x5F, 0x00, 0x5F, 0x00, 0x5F, 0x00, 0x5F,
    0x00, 0x5F, 0x00, 0x5F, 0x00, 0x5F, 0x00, 0x5F, 0x00, 0x5F, 0x00, 0x5F, 0x00, 0x5F, 0x00, 0x5F,
    0x00, 0x5F, 0x00, 0x5F, 0x00, 0x5F, 0x00, 0x5F, 0x00, 0x5F, 0x00, 0x5F, 0x00, 0x5F, 0x00, 0x5F,
    0x00, 0x5F, 0x00, 0x5F, 0x00, 0x5F, 0x00, 0x5F, 0x00, 0x5F, 0x00, 0x5F, 0x00, 0x5F, 0x00, 0x5F,
    0x00, 0x5F, 0x00, 0x5F, 0x00, 0x5F, 0x00, 0x5F, 0x00, 0x5F, 0x00, 0x5F, 0x00, 0x5F, 0x00, 0x5F,
    0x00, 0x5F, 0x00, 0x5F, 0x00, 0x5F, 0x00, 0x5F, 0x00, 0x5F, 0x00, 0x5F, 0x00, 0x5F, 0x00, 0x5F,
    0x00, 0x5F, 0x00, 0x5F, 0x00, 0x5F, 0x00, 0x5F, 0x00, 0x5F, 0x00, 0x5F, 0x00, 0x5F, 0x00, 0x5F,
    0x92, 0x11, 0xF4, 0xBD, 0xF4, 0xBD, 0xEC, 0xBC, 0xEC, 0xBD, 0xF4, 0x9D, 0xBB, 0x16, 0x58, 0x6A,
    0x00, 0x5F, 0x00, 0x5F, 0x00, 0x5F, 0x00, 0x5F, 0x00, 0x5F, 0x00, 0x5F, 0x00, 0x5F, 0x00, 0x5F,
    0x00, 0x5F, 0x00, 0x5F, 0x00, 0x5F, 0x00, 0x5F, 0x00, 0x5F, 0x00, 0x5F, 0x00, 0x5F, 0x00, 0x5F,
    0x00, 0x5F, 0x00, 0x5F, 0x00, 0x5F, 0x00, 0x5F, 0x00, 0x5F, 0x00, 0x5F, 0x00, 0x5F, 0x00, 0x5F,
    0x00, 0x5F, 0x00, 0x5F, 0x00, 0x5F, 0x00, 0x5F, 0x00, 0x5F, 0x00, 0x5F, 0x00, 0x5F, 0x00, 0x5F,
    0x00, 0x5F, 0x00, 0x5F, 0x00, 0x5F, 0x00, 0x5F, 0x00, 0x5F, 0x00, 0x5F, 0x00, 0x5F, 0x00, 0x5F,
    0x00, 0x5F, 0x00, 0x5F, 0x00, 0x5F, 0x00, 0x5F, 0x00, 0x5F, 0x00, 0x5F, 0x00, 0x5F, 0x00, 0x5F,
    0x00, 0x5F, 0x00, 0x5F, 0x00, 0x5F, 0x00, 0x5F, 0x00, 0x5F, 0x00, 0x5F, 0x00, 0x5F, 0x00, 0x5F,
    0x00, 0x5F, 0x00, 0x5F, 0x00, 0x5F, 0x00, 0x5F, 0x00, 0x5F, 0x00, 0x5F, 0x00, 0x5F, 0x00, 0x5F,
    0x00, 0x5F, 0x00, 0x5F, 0x00, 0x5F, 0x00, 0x5F, 0x00, 0x5F, 0x00, 0x5F, 0x00, 0x5F, 0x00, 0x5F,
    0x00, 0x5F, 0x92, 0x11, 0xF4, 0x9E, 0xF4, 0xBD, 0xEC, 0x9C, 0xEC, 0xBC, 0xF4, 0x9D, 0xBA, 0xF6,
    0x58, 0x6A, 0x00, 0x5F, 0x00, 0x5F, 0x00, 0x5F, 0x00, 0x5F, 0x00, 0x5F, 0x00, 0x5F, 0x00, 0x5F,
    0x00, 0x5F, 0x00, 0x5F, 0x00, 0x5F, 0x00, 0x5F, 0x00, 0x5F, 0x00, 0x5F, 0x00, 0x5F, 0x00, 0x5F,
    0x00, 0x5F, 0x00, 0x5F, 0x00, 0x5F, 0x00, 0x5F, 0x00, 0x5F, 0x00, 0x5F, 0x00, 0x5F, 0x00, 0x5F,
    0x00, 0x5F, 0x00, 0x5F, 0x00, 0x5F, 0x00, 0x5F, 0x00, 0x5F, 0x00, 0x5F, 0x00, 0x5F, 0x00, 0x5F,
    0x00, 0x5F, 0x00, 0x5F, 0x00, 0x5F, 0x00, 0x5F, 0x00, 0x5F, 0x00, 0x5F, 0x00, 0x5F, 0x00, 0x5F,
    0x00, 0x5F, 0x00, 0x5F, 0x00, 0x5F, 0x00, 0x5F, 0x00, 0x5F, 0x00, 0x5F, 0x00, 0x5F, 0x00, 0x5F,
    0x00, 0x5F, 0x00, 0x5F, 0x00, 0x5F, 0x00, 0x5F, 0x00, 0x5F, 0x00, 0x5F, 0x00, 0x5F, 0x00, 0x5F,
    0x00, 0x5F, 0x00, 0x5F, 0x00, 0x5F, 0x00, 0x5F, 0x00, 0x5F, 0x00, 0x5F, 0x00, 0x5F, 0x00, 0x5F,
    0x00, 0x5F, 0x00, 0x5F, 0x00, 0x5F, 0x00, 0x5F, 0x00, 0x5F, 0x00, 0x5F, 0x00, 0x5F, 0x00, 0x5F,
    0x00, 0x5F, 0x00, 0x5F, 0x00, 0x5F, 0x00, 0x5F, 0x00, 0x5F, 0x00, 0x5F, 0x00, 0x5F, 0x00, 0x5F,
    0x00, 0x5F, 0x00, 0x5F, 0x00, 0x5F, 0x00, 0x5F, 0x00, 0x5F, 0x00, 0x5F, 0x00, 0x5F, 0x00, 0x5F,
    0x00, 0x5F, 0x00, 0x5F, 0x00, 0x5F, 0x00, 0x5F, 0x00, 0x5F, 0x00, 0x5F, 0x00, 0x5F, 0x00, 0x5F,
    0x00, 0x5F, 0x00, 0x5F, 0x00, 0x5F, 0x00, 0x5F, 0x00, 0x5F, 0x00, 0x5F, 0x00, 0x5F, 0x00, 0x5F,
    0x00, 0x5F, 0x00, 0x5F, 0x00, 0x5F, 0x00, 0x5F, 0x00, 0x5F, 0x00, 0x5F, 0x00, 0x5F, 0x00, 0x5F,
    0x00, 0x5F, 0x00, 0x5F, 0x00, 0x5F, 0x00, 0x5F, 0x00, 0x5F, 0x00, 0x5F, 0x00, 0x5F, 0x00, 0x5F,
    0x00, 0x5F, 0x00, 0x5F, 0x00, 0x5F, 0x00, 0x5F, 0x00, 0x5F, 0x00, 0x5F, 0x00, 0x5F, 0x00, 0x5F,
    0x00, 0x5F, 0x00, 0x5F, 0x00, 0x5F, 0x00, 0x5F, 0x00, 0x5F, 0x00, 0x5F, 0x00, 0x5F, 0x00, 0x5F,
    0x00, 0x5F, 0x00, 0x5F, 0x00, 0x5F, 0x00, 0x5F, 0x00, 0x5F, 0x00, 0x5F, 0x00, 0x5F, 0x00, 0x5F,
    0x00, 0x5F, 0x00, 0x5F, 0x00, 0x5F, 0x00, 0x5F, 0x00, 0x5F, 0x00, 0x5F, 0x00, 0x5F, 0x00, 0x5F,
    0x00, 0x5F, 0x00, 0x5F, 0x00, 0x5F, 0x00, 0x5F, 0x00, 0x5F, 0x00, 0x5F, 0x00, 0x5F, 0x00, 0x5F,
    0x00, 0x5F, 0x00, 0x5F, 0x00, 0x5F, 0x00, 0x5F, 0x00, 0x5F, 0x00, 0x5F, 0x00, 0x5F, 0x00, 0x5F,
    0x00, 0x5F, 0x00, 0x5F, 0x00, 0x5F, 0x00, 0x5F, 0x00, 0x5F, 0x00, 0x5F, 0x00, 0x5F, 0x00, 0x5F,
    0x00, 0x5F, 0x00, 0x5F, 0x00, 0x5F, 0x00, 0x5F, 0x00, 0x5F, 0x00, 0x5F, 0x00, 0x5F, 0x00, 0x5F,
    0x00, 0x5F, 0x00, 0x5F, 0x00, 0x5F, 0x00, 0x5F, 0x00, 0x5F, 0x00, 0x5F, 0x00, 0x5F, 0x00, 0x5F,
    0x00, 0x5F, 0x00, 0x5F, 0x00, 0x5F, 0x00, 0x5F, 0x00, 0x5F, 0x00, 0x5F, 0x00, 0x5F, 0x00, 0x5F,
    0x00, 0x5F, 0x00, 0x5F, 0x00, 0x5F, 0x00, 0x5F, 0x00, 0x5F, 0x00, 0x5F, 0x00, 0x5F, 0x00, 0x5F,
    0x00, 0x5F, 0x00, 0x5F, 0x00, 0x5F, 0x00, 0x5F, 0x00, 0x5F, 0x00, 0x5F, 0x00, 0x5F, 0x00, 0x5F,
    0x00, 0x5F, 0x00, 0x5F, 0x00, 0x5F, 0x00, 0x5F, 0x50, 0x29, 0x68, 0xEC, 0x81, 0x8F, 0x92, 0x11,
    0x89, 0xD0, 0x68, 0xEC, 0x50, 0x49, 0x00, 0x5F, 0x00, 0x5F, 0x00, 0x5F, 0x00, 0x5F, 0x00, 0x5F,
    0x00, 0x5F, 0x00, 0x5F, 0x00, 0x5F, 0x00, 0x5F, 0x00, 0x5F, 0x00, 0x5F, 0x00, 0x5F, 0x00, 0x5F,
    0x00, 0x5F, 0x00, 0x5F, 0x00, 0x5F, 0x00, 0x5F, 0x00, 0x5F, 0x00, 0x5F, 0x00, 0x5F, 0x00, 0x5F,
    0x00, 0x5F, 0x00, 0x5F, 0x00, 0x5F, 0x00, 0x5F, 0x00, 0x5F, 0x00, 0x5F, 0x00, 0x5F, 0x00, 0x5F,
    0x00, 0x5F, 0x00, 0x5F, 0x00, 0x5F, 0x00, 0x5F, 0x00, 0x5F, 0x00, 0x5F, 0x00, 0x5F, 0x00, 0x5F,
    0x00, 0x5F, 0x00, 0x5F, 0x00, 0x5F, 0x00, 0x5F, 0x00, 0x5F, 0x00, 0x5F, 0x00, 0x5F, 0x00, 0x5F,
    0x00, 0x5F, 0x00, 0x5F, 0x00, 0x5F, 0x00, 0x5F, 0x00, 0x5F, 0x00, 0x5F, 0x00, 0x5F, 0x00, 0x5F,
    0x00, 0x5F, 0x00, 0x5F, 0x00, 0x5F, 0x00, 0x5F, 0x00, 0x5F, 0x00, 0x5F, 0x00, 0x5F, 0x00, 0x5F,
    0x00, 0x5F, 0x00, 0x5F, 0x00, 0x5F, 0x00, 0x5F, 0x00, 0x5F, 0x00, 0x5F, 0x00, 0x5F, 0x00, 0x5F,
    0x00, 0x5F, 0x00, 0x5F, 0x00, 0x5F, 0x00, 0x5F, 0x00, 0x5F, 0x50, 0x29, 0x68, 0xEC, 0x81, 0x8F,
    0x92, 0x12, 0x81, 0xAF, 0x68, 0xEC, 0x50, 0x49, 0x00, 0x5F, 0x00, 0x5F, 0x00, 0x5F, 0x00, 0x5F,
    0x00, 0x5F, 0x00, 0x5F, 0x00, 0x5F, 0x00, 0x5F, 0x00, 0x5F, 0x00, 0x5F, 0x00, 0x5F, 0x00, 0x5F,
    0x00, 0x5F, 0x00, 0x5F, 0x00, 0x5F, 0x00, 0x5F, 0x00, 0x5F, 0x00, 0x5F, 0x00, 0x5F, 0x00, 0x5F,
    0x00, 0x5F, 0x00, 0x5F, 0x00, 0x5F, 0x00, 0x5F, 0x00, 0x5F, 0x00, 0x5F, 0x00, 0x5F, 0x00, 0x5F,
    0x00, 0x5F, 0x00, 0x5F, 0x00, 0x5F, 0x00, 0x5F, 0x00, 0x5F, 0x00, 0x5F, 0x00, 0x5F, 0x00, 0x5F,
    0x00, 0x5F, 0x00, 0x5F, 0x00, 0x5F, 0x00, 0x5F, 0x00, 0x5F, 0x00, 0x5F, 0x00, 0x5F, 0x00, 0x5F,
    0x00, 0x5F, 0x00, 0x5F, 0x00, 0x5F, 0x00, 0x5F, 0x00, 0x5F, 0x00, 0x5F, 0x00, 0x5F, 0x00, 0x5F,
    0x00, 0x5F, 0x00, 0x5F, 0x00, 0x5F, 0x00, 0x5F, 0x00, 0x5F, 0x00, 0x5F, 0x00, 0x5F, 0x00, 0x5F,
    0x00, 0x5F, 0x00, 0x5F, 0x00, 0x5F, 0x00, 0x5F, 0x00, 0x5F, 0x00, 0x5F, 0x00, 0x5F, 0x00, 0x5F,
    0x00, 0x5F, 0x00, 0x5F, 0x00, 0x5F, 0x00, 0x5F, 0x00, 0x5F, 0x00, 0x5F, 0x00, 0x5F, 0x00, 0x5F,
    0x00, 0x5F, 0x00, 0x5F, 0x00, 0x5F, 0x00, 0x5F, 0x00, 0x5F, 0x00, 0x5F, 0x00, 0x5F, 0x00, 0x5F,
    0x00, 0x5F, 0x00, 0x5F, 0x00, 0x5F, 0x00, 0x5F, 0x00, 0x5F, 0x00, 0x5F, 0x00, 0x5F, 0x00, 0x5F,
    0x00, 0x5F, 0x00, 0x5F, 0x00, 0x5F, 0x00, 0x5F, 0x00, 0x5F, 0x00, 0x5F, 0x00, 0x5F, 0x00, 0x5F,
    0x00, 0x5F, 0x00, 0x5F, 0x00, 0x5F, 0x00, 0x5F, 0x00, 0x5F, 0x00, 0x5F, 0x00, 0x5F, 0x00, 0x5F,
    0x00, 0x5F, 0x00, 0x5F, 0x00, 0x5F, 0x00, 0x5F, 0x00, 0x5F, 0x00, 0x5F, 0x00, 0x5F, 0x00, 0x5F,
    0x00, 0x5F, 0x00, 0x5F, 0x00, 0x5F, 0x00, 0x5F, 0x00, 0x5F, 0x00, 0x5F, 0x00, 0x5F, 0x00, 0x5F,
    0x00, 0x5F, 0x00, 0x5F, 0x00, 0x5F, 0x00, 0x5F, 0x00, 0x5F, 0x00, 0x5F, 0x00, 0x5F, 0x00, 0x5F,
    0x00, 0x5F, 0x00, 0x5F, 0x00, 0x5F, 0x00, 0x5F, 0x00, 0x5F, 0x00, 0x5F, 0x00, 0x5F, 0x00, 0x5F,
    0x00, 0x5F, 0x00, 0x5F, 0x00, 0x5F, 0x00, 0x5F, 0x00, 0x5F, 0x00, 0x5F, 0x00, 0x5F, 0x00, 0x5F,
    0x00, 0x5F, 0x00, 0x5F, 0x00, 0x5F, 0x00, 0x5F, 0x00, 0x5F, 0x00, 0x5F, 0x00, 0x5F, 0x00, 0x5F,
    0x00, 0x5F, 0x00, 0x5F, 0x00, 0x5F, 0x00, 0x5F, 0x00, 0x5F, 0x00, 0x5F, 0x00, 0x5F, 0x00, 0x5F,
    0x00, 0x5F, 0x00, 0x5F, 0x00, 0x5F, 0x00, 0x5F, 0x00, 0x5F, 0x00, 0x5F, 0x00, 0x5F, 0x00, 0x5F,
    0x00, 0x5F, 0x00, 0x5F, 0x00, 0x5F, 0x00, 0x5F, 0x00, 0x5F, 0x00, 0x5F, 0x00, 0x5F, 0x00, 0x5F,
    0x00, 0x5F, 0x00, 0x5F, 0x00, 0x5F, 0x00, 0x5F, 0x00, 0x5F, 0x00, 0x5F, 0x00, 0x5F, 0x00, 0x5F,
    0x00, 0x5F, 0x00, 0x5F, 0x00, 0x5F, 0x00, 0x5F, 0x00, 0x5F, 0x00, 0x5F, 0x00, 0x5F, 0x00, 0x5F,
    0x00, 0x5F, 0x00, 0x5F, 0x00, 0x5F, 0x00, 0x5F, 0x00, 0x5F, 0x00, 0x5F, 0x00, 0x5F, 0x00, 0x5F,
    0x00, 0x5F, 0x00, 0x5F, 0x00, 0x5F, 0x00, 0x5F, 0x00, 0x5F, 0x00, 0x5F, 0x00, 0x5F, 0x00, 0x5F,
    0x00, 0x5F, 0x00, 0x5F, 0x00, 0x5F, 0x00, 0x5F, 0x00, 0x5F, 0x00, 0x5F, 0x00, 0x5F, 0x00, 0x5F,
    0x00, 0x5F, 0x00, 0x5F, 0x00, 0x5F, 0x00, 0x5F, 0x00, 0x5F, 0x00, 0x5F, 0x00, 0x5F, 0x00, 0x5F,
    0x00, 0x5F, 0x00, 0x5F, 0x00, 0x5F, 0x00, 0x5F, 0x00, 0x5F, 0x00, 0x5F, 0x00, 0x5F, 0x00, 0x5F,
    0x00, 0x5F, 0x00, 0x5F, 0x00, 0x5F, 0x00, 0x5F, 0x00, 0x5F, 0x00, 0x5F, 0x00, 0x5F, 0x00, 0x5F,
    0x00, 0x5F, 0x00, 0x5F, 0x00, 0x5F, 0x00, 0x5F, 0x00, 0x5F, 0x00, 0x5F, 0x00, 0x5F, 0x00, 0x5F,
    0x00, 0x5F, 0x00, 0x5F, 0x00, 0x5F, 0x00, 0x5F, 0x00, 0x5F, 0x00, 0x5F, 0x00, 0x5F, 0x00, 0x5F,
    0x00, 0x5F, 0x00, 0x5F, 0x00, 0x5F, 0x00, 0x5F, 0x00, 0x5F, 0x00, 0x5F, 0x00, 0x5F, 0x00, 0x5F,
    0x00, 0x5F, 0x00, 0x5F, 0x00, 0x5F, 0x00, 0x5F, 0x00, 0x5F, 0x00, 0x5F, 0x00, 0x5F, 0x00, 0x5F,
    0x00, 0x5F, 0x00, 0x5F, 0x00, 0x5F, 0x00, 0x5F, 0x00, 0x5F, 0x00, 0x5F, 0x00, 0x5F, 0x00, 0x5F,
    0x00, 0x5F, 0x00, 0x5F, 0x00, 0x5F, 0x00, 0x5F, 0x00, 0x5F, 0x00, 0x5F, 0x00, 0x5F, 0x00, 0x5F,
    0x00, 0x5F, 0x00, 0x5F, 0x00, 0x5F, 0x00, 0x5F, 0x00, 0x5F, 0x00, 0x5F, 0x00, 0x5F, 0x00, 0x5F,
    0x00, 0x5F, 0x00, 0x5F, 0x00, 0x5F, 0x00, 0x5F, 0x00, 0x5F, 0x00, 0x5F, 0x00, 0x5F, 0x00, 0x5F,
    0x00, 0x5F, 0x00, 0x5F, 0x00, 0x5F, 0x00, 0x5F, 0x00, 0x5F, 0x00, 0x5F, 0x00, 0x5F, 0x00, 0x5F,
    0x00, 0x5F, 0x00, 0x5F, 0x00, 0x5F, 0x00, 0x5F, 0x00, 0x5F, 0x00, 0x5F, 0x00, 0x5F, 0x00, 0x5F,
    0x00, 0x5F, 0x00, 0x5F, 0x00, 0x5F, 0x00, 0x5F, 0x00, 0x5F, 0x00, 0x5F, 0x00, 0x5F, 0x00, 0x5F,
    0x00, 0x5F, 0x00, 0x5F, 0x00, 0x5F, 0x00, 0x5F, 0x00, 0x5F, 0x00, 0x5F, 0x00, 0x5F, 0x00, 0x5F,
    0x00, 0x5F, 0x00, 0x5F, 0x00, 0x5F, 0x00, 0x5F, 0x00, 0x5F, 0x00, 0x5F, 0x00, 0x5F, 0x00, 0x5F,
    0x00, 0x5F, 0x00, 0x5F, 0x00, 0x5F, 0x00, 0x5F, 0x00, 0x5F, 0x00, 0x5F, 0x00, 0x5F, 0x00, 0x5F,
    0x00, 0x5F, 0x00, 0x5F, 0x00, 0x5F, 0x00, 0x5F, 0x00, 0x5F, 0x00, 0x5F, 0x00, 0x5F, 0x00, 0x5F,
    0x00, 0x5F, 0x00, 0x5F, 0x00, 0x5F, 0x00, 0x5F, 0x00, 0x5F, 0x00, 0x5F, 0x00, 0x5F, 0x00, 0x5F,
    0x00, 0x5F, 0x00, 0x5F, 0x00, 0x5F, 0x00, 0x5F, 0x00, 0x5F, 0x00, 0x5F, 0x00, 0x5F, 0x00, 0x5F,
    0x00, 0x5F, 0x00, 0x5F, 0x00, 0x5F, 0x00, 0x5F, 0x00, 0x5F, 0x00, 0x5F, 0x00, 0x5F, 0x00, 0x5F,
    0x00, 0x5F, 0x00, 0x5F, 0x00, 0x5F, 0x00, 0x5F, 0x00, 0x5F, 0x00, 0x5F, 0x00, 0x5F, 0x00, 0x5F,
    0x00, 0x5F, 0x00, 0x5F, 0x00, 0x5F, 0x00, 0x5F, 0x00, 0x5F, 0x00, 0x5F, 0x00, 0x5F, 0x00, 0x5F,
    0x00, 0x5F, 0x00, 0x5F, 0x00, 0x5F, 0x00, 0x5F, 0x00, 0x5F, 0x00, 0x5F, 0x00, 0x5F, 0x00, 0x5F,
    0x00, 0x5F, 0x00, 0x5F, 0x00, 0x5F, 0x00, 0x5F, 0x00, 0x5F, 0x00, 0x5F, 0x00, 0x5F, 0x00, 0x5F,
    0x00, 0x5F, 0x00, 0x5F, 0x00, 0x5F, 0x00, 0x5F, 0x00, 0x5F, 0x00, 0x5F, 0x00, 0x5F, 0x00, 0x5F,
    0x00, 0x5F, 0x00, 0x5F, 0x00, 0x5F, 0x00, 0x5F, 0x00, 0x5F, 0x00, 0x5F, 0x00, 0x5F, 0x00, 0x5F,
    0x00, 0x5F, 0x00, 0x5F, 0x00, 0x5F, 0x00, 0x5F, 0x00, 0x5F, 0x00, 0x5F, 0x00, 0x5F, 0x00, 0x5F,
    0x00, 0x5F, 0x00, 0x5F, 0x00, 0x5F, 0x00, 0x5F, 0x00, 0x5F, 0x00, 0x5F, 0x00, 0x5F, 0x00, 0x5F,
    0x00, 0x5F, 0x00, 0x5F, 0x00, 0x5F, 0x00, 0x5F, 0x00, 0x5F, 0x00, 0x5F, 0x00, 0x5F, 0x00, 0x5F,
    0x00, 0x5F, 0x00, 0x5F, 0x00, 0x5F, 0x00, 0x5F, 0x00, 0x5F, 0x00, 0x5F, 0x00, 0x5F, 0x00, 0x5F,
    0x00, 0x5F, 0x00, 0x5F, 0x00, 0x5F, 0x00, 0x5F, 0x00, 0x5F, 0x00, 0x5F, 0x00, 0x5F, 0x00, 0x5F,
    0x00, 0x5F, 0x00, 0x5F, 0x00, 0x5F, 0x00, 0x5F, 0x00, 0x5F, 0x00, 0x5F, 0x00, 0x5F, 0x00, 0x5F,
    0x00, 0x5F, 0x00, 0x5F, 0x00, 0x5F, 0x00, 0x5F, 0x00, 0x5F, 0x00, 0x5F, 0x00, 0x5F, 0x00, 0x5F,
    0x00, 0x5F, 0x00, 0x5F, 0x00, 0x5F, 0x00, 0x5F, 0x00, 0x5F, 0x00, 0x5F, 0x00, 0x5F, 0x00, 0x5F,
    0x00, 0x5F, 0x00, 0x5F, 0x00, 0x5F, 0x00, 0x5F, 0x00, 0x5F, 0x00, 0x5F, 0x00, 0x5F, 0x00, 0x5F,
    0x00, 0x5F, 0x00, 0x5F, 0x00, 0x5F, 0x00, 0x5F, 0x00, 0x5F, 0x00, 0x5F, 0x00, 0x5F, 0x00, 0x5F,
    0x00, 0x5F, 0x00, 0x5F, 0x00, 0x5F, 0x00, 0x5F, 0x00, 0x5F, 0x00, 0x5F, 0x00, 0x5F, 0x00, 0x5F,
    0x00, 0x5F, 0x00, 0x5F, 0x00, 0x5F, 0x00, 0x5F, 0x00, 0x5F, 0x00, 0x5F, 0x00, 0x5F, 0x00, 0x5F,
    0x00, 0x5F, 0x00, 0x5F, 0x00, 0x5F, 0x00, 0x5F, 0x00, 0x5F, 0x00, 0x5F, 0x00, 0x5F, 0x00, 0x5F,
    0x00, 0x5F, 0x00, 0x5F, 0x00, 0x5F, 0x00, 0x5F, 0x00, 0x5F, 0x00, 0x5F, 0x00, 0x5F, 0x00, 0x5F,
    0x00, 0x5F, 0x00, 0x5F, 0x00, 0x5F, 0x00, 0x5F, 0x00, 0x5F, 0x00, 0x5F, 0x00, 0x5F, 0x00, 0x5F,
    0x00, 0x5F, 0x00, 0x5F, 0x00, 0x5F, 0x00, 0x5F, 0x00, 0x5F, 0x00, 0x5F, 0x00, 0x5F, 0x00, 0x5F,
    0x00, 0x5F, 0x00, 0x5F, 0x00, 0x5F, 0x00, 0x5F, 0x00, 0x5F, 0x00, 0x5F, 0x00, 0x5F, 0x00, 0x5F,
    0x00, 0x5F, 0x00, 0x5F, 0x00, 0x5F, 0x00, 0x5F, 0x00, 0x5F, 0x00, 0x5F, 0x00, 0x5F, 0x00, 0x5F,
    0x00, 0x5F, 0x00, 0x5F, 0x00, 0x5F, 0x00, 0x5F, 0x00, 0x5F, 0x00, 0x5F, 0x00, 0x5F, 0x00, 0x5F,
    0x00, 0x5F, 0x00, 0x5F, 0x00, 0x5F, 0x00, 0x5F, 0x00, 0x5F, 0x00, 0x5F, 0x00, 0x5F, 0x00, 0x5F,
    0x00, 0x5F, 0x00, 0x5F, 0x00, 0x5F, 0x00, 0x5F, 0x00, 0x5F, 0x00, 0x5F, 0x00, 0x5F, 0x00, 0x5F,
    0x00, 0x5F, 0x00, 0x5F, 0x00, 0x5F, 0x00, 0x5F, 0x00, 0x5F, 0x00, 0x5F, 0x00, 0x5F, 0x00, 0x5F,
    0x00, 0x5F, 0x00, 0x5F, 0x00, 0x5F, 0x00, 0x5F, 0x00, 0x5F, 0x00, 0x5F, 0x00, 0x5F, 0x00, 0x5F,
    0x00, 0x5F, 0x00, 0x5F, 0x00, 0x5F, 0x00, 0x5F, 0x00, 0x5F, 0x00, 0x5F, 0x00, 0x5F, 0x00, 0x5F,
    0x00, 0x5F, 0x00, 0x5F, 0x00, 0x5F, 0x00, 0x5F, 0x00, 0x5F, 0x00, 0x5F, 0x00, 0x5F, 0x00, 0x5F,
    0x00, 0x5F, 0x00, 0x5F, 0x00, 0x5F, 0x00, 0x5F, 0x00, 0x5F, 0x00, 0x5F, 0x00, 0x5F, 0x00, 0x5F,
    0x00, 0x5F, 0x00, 0x5F, 0x00, 0x5F, 0x00, 0x5F, 0x00, 0x5F, 0x00, 0x5F, 0x00, 0x5F, 0x00, 0x5F,
    0x00, 0x5F, 0x00, 0x5F, 0x00, 0x5F, 0x00, 0x5F, 0x00, 0x5F, 0x00, 0x5F, 0x00, 0x5F, 0x00, 0x5F,
    0x00, 0x5F, 0x00, 0x5F, 0x00, 0x5F, 0x00, 0x5F, 0x00, 0x5F, 0x00, 0x5F, 0x00, 0x5F, 0x00, 0x5F,
    0x00, 0x5F, 0x00, 0x5F, 0x00, 0x5F, 0x00, 0x5F, 0x00, 0x5F, 0x00, 0x5F, 0x00, 0x5F, 0x00, 0x5F,
    0x00, 0x5F, 0x00, 0x5F, 0x00, 0x5F, 0x00, 0x5F, 0x00, 0x5F, 0x00, 0x5F, 0x00, 0x5F, 0x00, 0x5F,
    0x00, 0x5F, 0x00, 0x5F, 0x00, 0x5F, 0x00, 0x5F, 0x00, 0x5F, 0x00, 0x5F, 0x00, 0x5F, 0x00, 0x5F,
    0x00, 0x5F, 0x00, 0x5F, 0x00, 0x5F, 0x00, 0x5F, 0x00, 0x5F, 0x00, 0x5F, 0x00, 0x5F, 0x00, 0x5F,
    0x00, 0x5F, 0x00, 0x5F, 0x00, 0x5F, 0x00, 0x5F, 0x00, 0x5F, 0x00, 0x5F, 0x00, 0x5F, 0x00, 0x5F,
    0x00, 0x5F, 0x00, 0x5F, 0x00, 0x5F, 0x00, 0x5F
};
